Bulan,Store,Warna,Item,COGS,OH Qty,OD Qty,WIP Qty,HPP,Inventory Akhir,Inventory Awal
Jan-2026,MAMU BTP,BOMBER MAMU,BOMBER COKLAT L,119382,3,0,0,119382,358146,0
Feb-2026,MAMU BTP,BOMBER MAMU,BOMBER COKLAT L,119382,3,0,0,122463,367389,358146
Mar-2026,MAMU BTP,BOMBER MAMU,BOMBER COKLAT L,240818,0,0,0,119382,0,367389
Apr-2026,MAMU BTP,BOMBER MAMU,BOMBER COKLAT L,122377,13,0,0,122377,1590901,0
Mei-2026,MAMU BTP,BOMBER MAMU,BOMBER COKLAT L,0,13,0,0,122377,1590901,1590901
Jun-2026,MAMU BTP,BOMBER MAMU,BOMBER COKLAT L,122377,12,0,0,122377,1468524,1590901
Jul-2026,MAMU BTP,BOMBER MAMU,BOMBER COKLAT L,0,12,0,0,122377,1468524,1468524
Agu-2026,MAMU BTP,BOMBER MAMU,BOMBER COKLAT L,244754,10,0,0,122377,1223770,1468524
Sep-2026,MAMU BTP,BOMBER MAMU,BOMBER COKLAT L,122377,9,0,0,122377,1101393,1223770
Okt-2026,MAMU BTP,BOMBER MAMU,BOMBER COKLAT L,0,9,0,0,122377,1101393,1101393
Feb-2026,MAMU BTP,BOMBER MAMU,BOMBER COKLAT M,0,5,0,0,122463,612315,0
Mar-2026,MAMU BTP,BOMBER MAMU,BOMBER COKLAT M,0,5,0,0,122463,612315,612315
Apr-2026,MAMU BTP,BOMBER MAMU,BOMBER COKLAT M,122463,5,0,0,122377,611885,612315
Mei-2026,MAMU BTP,BOMBER MAMU,BOMBER COKLAT M,0,5,0,0,122377,611885,611885
Jun-2026,MAMU BTP,BOMBER MAMU,BOMBER COKLAT M,122446,4,0,0,122377,489508,611885
Jul-2026,MAMU BTP,BOMBER MAMU,BOMBER COKLAT M,0,4,0,0,122377,489508,489508
Agu-2026,MAMU BTP,BOMBER MAMU,BOMBER COKLAT M,122446,3,0,0,122377,367131,489508
Sep-2026,MAMU BTP,BOMBER MAMU,BOMBER COKLAT M,0,3,0,0,122377,367131,367131
Okt-2026,MAMU BTP,BOMBER MAMU,BOMBER COKLAT M,0,3,0,0,122377,367131,367131
Feb-2026,MAMU BTP,BOMBER MAMU,BOMBER COKLAT S,122463,9,0,0,122463,1102167,0
Mar-2026,MAMU BTP,BOMBER MAMU,BOMBER COKLAT S,0,6,0,0,122463,734778,1102167
Apr-2026,MAMU BTP,BOMBER MAMU,BOMBER COKLAT S,0,6,0,0,122463,734778,734778
Mei-2026,MAMU BTP,BOMBER MAMU,BOMBER COKLAT S,0,6,0,0,122463,734778,734778
Jun-2026,MAMU BTP,BOMBER MAMU,BOMBER COKLAT S,0,6,0,0,122463,734778,734778
Jul-2026,MAMU BTP,BOMBER MAMU,BOMBER COKLAT S,0,6,0,0,122463,734778,734778
Agu-2026,MAMU BTP,BOMBER MAMU,BOMBER COKLAT S,0,6,0,0,122463,734778,734778
Sep-2026,MAMU BTP,BOMBER MAMU,BOMBER COKLAT S,0,6,0,0,122463,734778,734778
Okt-2026,MAMU BTP,BOMBER MAMU,BOMBER COKLAT S,122463,5,0,0,122463,612315,734778
Feb-2026,MAMU BTP,BOMBER MAMU,BOMBER COKLAT XL,0,2,0,0,122463,244926,0
Mar-2026,MAMU BTP,BOMBER MAMU,BOMBER COKLAT XL,0,0,0,0,122463,0,244926
Apr-2026,MAMU BTP,BOMBER MAMU,BOMBER COKLAT XL,0,16,0,0,122377,1958032,0
Mei-2026,MAMU BTP,BOMBER MAMU,BOMBER COKLAT XL,0,15,0,0,122377,1835655,1958032
Jun-2026,MAMU BTP,BOMBER MAMU,BOMBER COKLAT XL,122377,14,0,0,122377,1713278,1835655
Jul-2026,MAMU BTP,BOMBER MAMU,BOMBER COKLAT XL,244754,13,0,0,122377,1590901,1713278
Agu-2026,MAMU BTP,BOMBER MAMU,BOMBER COKLAT XL,0,12,0,0,122377,1468524,1590901
Sep-2026,MAMU BTP,BOMBER MAMU,BOMBER COKLAT XL,0,12,0,0,122377,1468524,1468524
Okt-2026,MAMU BTP,BOMBER MAMU,BOMBER COKLAT XL,0,12,0,0,122377,1468524,1468524
Jan-2026,MAMU BTP,BOMBER MAMU,BOMBER HITAM L,232424,12,0,0,116212,1394544,0
Feb-2026,MAMU BTP,BOMBER MAMU,BOMBER HITAM L,697272,6,0,0,122463,734778,1394544
Mar-2026,MAMU BTP,BOMBER MAMU,BOMBER HITAM L,348636,3,0,0,122463,367389,734778
Apr-2026,MAMU BTP,BOMBER MAMU,BOMBER HITAM L,476592,19,0,0,122377,2325163,367389
Mei-2026,MAMU BTP,BOMBER MAMU,BOMBER HITAM L,244168,3,0,0,122377,367131,2325163
Jun-2026,MAMU BTP,BOMBER MAMU,BOMBER HITAM L,1834900,3,0,0,122377,367131,367131
Jul-2026,MAMU BTP,BOMBER MAMU,BOMBER HITAM L,611786,3,0,0,122377,367131,367131
Agu-2026,MAMU BTP,BOMBER MAMU,BOMBER HITAM L,244754,0,0,0,116212,0,367131
Feb-2026,MAMU BTP,BOMBER MAMU,BOMBER HITAM M,0,18,0,0,122463,2204334,0
Mar-2026,MAMU BTP,BOMBER MAMU,BOMBER HITAM M,612315,11,0,0,122463,1347093,2204334
Apr-2026,MAMU BTP,BOMBER MAMU,BOMBER HITAM M,0,11,0,0,122377,1346147,1347093
Mei-2026,MAMU BTP,BOMBER MAMU,BOMBER HITAM M,244926,9,0,0,122377,1101393,1346147
Jun-2026,MAMU BTP,BOMBER MAMU,BOMBER HITAM M,1224198,9,0,0,122377,1101393,1101393
Jul-2026,MAMU BTP,BOMBER MAMU,BOMBER HITAM M,612075,7,0,0,122377,856639,1101393
Agu-2026,MAMU BTP,BOMBER MAMU,BOMBER HITAM M,489617,3,1,0,122377,489508,856639
Sep-2026,MAMU BTP,BOMBER MAMU,BOMBER HITAM M,367173,0,0,0,116212,0,489508
Feb-2026,MAMU BTP,BOMBER MAMU,BOMBER HITAM S,0,10,0,0,122463,1224630,0
Mar-2026,MAMU BTP,BOMBER MAMU,BOMBER HITAM S,0,10,0,0,122463,1224630,1224630
Apr-2026,MAMU BTP,BOMBER MAMU,BOMBER HITAM S,122463,9,0,0,122463,1102167,1224630
Mei-2026,MAMU BTP,BOMBER MAMU,BOMBER HITAM S,0,9,0,0,122463,1102167,1102167
Jun-2026,MAMU BTP,BOMBER MAMU,BOMBER HITAM S,122463,8,0,0,122463,979704,1102167
Jul-2026,MAMU BTP,BOMBER MAMU,BOMBER HITAM S,122463,7,0,0,122463,857241,979704
Agu-2026,MAMU BTP,BOMBER MAMU,BOMBER HITAM S,122463,7,0,0,122463,857241,857241
Sep-2026,MAMU BTP,BOMBER MAMU,BOMBER HITAM S,244926,4,0,0,122463,489852,857241
Okt-2026,MAMU BTP,BOMBER MAMU,BOMBER HITAM S,0,4,0,0,122463,489852,489852
Feb-2026,MAMU BTP,BOMBER MAMU,BOMBER HITAM XL,0,2,0,0,122463,244926,0
Mar-2026,MAMU BTP,BOMBER MAMU,BOMBER HITAM XL,0,0,0,0,122463,0,244926
Apr-2026,MAMU BTP,BOMBER MAMU,BOMBER HITAM XL,0,20,0,0,122377,2447540,0
Mei-2026,MAMU BTP,BOMBER MAMU,BOMBER HITAM XL,0,20,0,0,122377,2447540,2447540
Jun-2026,MAMU BTP,BOMBER MAMU,BOMBER HITAM XL,1958032,4,0,0,122377,489508,2447540
Jul-2026,MAMU BTP,BOMBER MAMU,BOMBER HITAM XL,367131,8,0,0,122377,979016,489508
Agu-2026,MAMU BTP,BOMBER MAMU,BOMBER HITAM XL,122377,6,0,0,122377,734262,979016
Sep-2026,MAMU BTP,BOMBER MAMU,BOMBER HITAM XL,367131,5,0,0,122377,611885,734262
Okt-2026,MAMU BTP,BOMBER MAMU,BOMBER HITAM XL,0,5,0,0,122377,611885,611885
Jan-2026,MAMU BTP,BOMBER MAMU,BOMBER NAVY L,116212,15,0,0,116212,1743180,0
Feb-2026,MAMU BTP,BOMBER MAMU,BOMBER NAVY L,116212,14,0,0,116212,1626968,1743180
Mar-2026,MAMU BTP,BOMBER MAMU,BOMBER NAVY L,116212,10,0,0,116212,1162120,1626968
Apr-2026,MAMU BTP,BOMBER MAMU,BOMBER NAVY L,348636,7,0,0,116212,813484,1162120
Mei-2026,MAMU BTP,BOMBER MAMU,BOMBER NAVY L,348636,4,0,0,116212,464848,813484
Jun-2026,MAMU BTP,BOMBER MAMU,BOMBER NAVY L,0,4,0,0,116212,464848,464848
Jul-2026,MAMU BTP,BOMBER MAMU,BOMBER NAVY L,116212,3,0,0,116212,348636,464848
Agu-2026,MAMU BTP,BOMBER MAMU,BOMBER NAVY L,116212,2,0,0,116212,232424,348636
Sep-2026,MAMU BTP,BOMBER MAMU,BOMBER NAVY L,232424,0,0,0,116212,0,232424
Jan-2026,MAMU BTP,BOMBER MAMU,BOMBER NAVY M,232424,10,0,0,116212,1162120,0
Feb-2026,MAMU BTP,BOMBER MAMU,BOMBER NAVY M,232424,10,0,0,122463,1224630,1162120
Mar-2026,MAMU BTP,BOMBER MAMU,BOMBER NAVY M,116212,8,0,0,122463,979704,1224630
Apr-2026,MAMU BTP,BOMBER MAMU,BOMBER NAVY M,116212,7,0,0,122463,857241,979704
Mei-2026,MAMU BTP,BOMBER MAMU,BOMBER NAVY M,0,7,0,0,122463,857241,857241
Jun-2026,MAMU BTP,BOMBER MAMU,BOMBER NAVY M,0,7,0,0,122463,857241,857241
Jul-2026,MAMU BTP,BOMBER MAMU,BOMBER NAVY M,0,7,0,0,122463,857241,857241
Agu-2026,MAMU BTP,BOMBER MAMU,BOMBER NAVY M,116212,7,0,0,122463,857241,857241
Sep-2026,MAMU BTP,BOMBER MAMU,BOMBER NAVY M,0,6,0,0,122463,734778,857241
Okt-2026,MAMU BTP,BOMBER MAMU,BOMBER NAVY M,0,6,0,0,122463,734778,734778
Feb-2026,MAMU BTP,BOMBER MAMU,BOMBER NAVY S,0,10,0,0,122463,1224630,0
Mar-2026,MAMU BTP,BOMBER MAMU,BOMBER NAVY S,0,10,0,0,122463,1224630,1224630
Apr-2026,MAMU BTP,BOMBER MAMU,BOMBER NAVY S,0,10,0,0,122463,1224630,1224630
Mei-2026,MAMU BTP,BOMBER MAMU,BOMBER NAVY S,0,9,0,0,122463,1102167,1224630
Jun-2026,MAMU BTP,BOMBER MAMU,BOMBER NAVY S,0,9,0,0,122463,1102167,1102167
Jul-2026,MAMU BTP,BOMBER MAMU,BOMBER NAVY S,0,9,0,0,122463,1102167,1102167
Agu-2026,MAMU BTP,BOMBER MAMU,BOMBER NAVY S,0,9,0,0,122463,1102167,1102167
Sep-2026,MAMU BTP,BOMBER MAMU,BOMBER NAVY S,0,9,0,0,122463,1102167,1102167
Okt-2026,MAMU BTP,BOMBER MAMU,BOMBER NAVY S,0,9,0,0,122463,1102167,1102167
Jan-2026,MAMU BTP,BOMBER MAMU,BOMBER NAVY XL,232424,0,0,0,116212,0,0
Feb-2026,MAMU BTP,BOMBER MAMU,BOMBER NAVY XL,0,2,0,0,122463,244926,0
Mar-2026,MAMU BTP,BOMBER MAMU,BOMBER NAVY XL,0,0,0,0,122463,0,244926
Feb-2026,MAMU BTP,BOMBER MAMU,BOMBER OLIVE L,0,2,0,0,122463,244926,0
Mar-2026,MAMU BTP,BOMBER MAMU,BOMBER OLIVE L,0,0,0,0,122463,0,244926
Apr-2026,MAMU BTP,BOMBER MAMU,BOMBER OLIVE L,0,16,0,0,122377,1958032,0
Mei-2026,MAMU BTP,BOMBER MAMU,BOMBER OLIVE L,0,16,0,0,122377,1958032,1958032
Jun-2026,MAMU BTP,BOMBER MAMU,BOMBER OLIVE L,611885,11,0,0,122377,1346147,1958032
Jul-2026,MAMU BTP,BOMBER MAMU,BOMBER OLIVE L,367131,8,0,0,122377,979016,1346147
Agu-2026,MAMU BTP,BOMBER MAMU,BOMBER OLIVE L,0,8,0,0,122377,979016,979016
Sep-2026,MAMU BTP,BOMBER MAMU,BOMBER OLIVE L,122377,7,0,0,122377,856639,979016
Okt-2026,MAMU BTP,BOMBER MAMU,BOMBER OLIVE L,978280,7,0,0,122377,856639,856639
Feb-2026,MAMU BTP,BOMBER MAMU,BOMBER OLIVE M,0,10,0,0,122463,1224630,0
Mar-2026,MAMU BTP,BOMBER MAMU,BOMBER OLIVE M,0,10,0,0,122463,1224630,1224630
Apr-2026,MAMU BTP,BOMBER MAMU,BOMBER OLIVE M,122463,9,0,0,122429,1101861,1224630
Mei-2026,MAMU BTP,BOMBER MAMU,BOMBER OLIVE M,0,9,0,0,122429,1101861,1101861
Jun-2026,MAMU BTP,BOMBER MAMU,BOMBER OLIVE M,0,9,0,0,122429,1101861,1101861
Jul-2026,MAMU BTP,BOMBER MAMU,BOMBER OLIVE M,367389,6,0,0,122429,734574,1101861
Agu-2026,MAMU BTP,BOMBER MAMU,BOMBER OLIVE M,0,6,0,0,122429,734574,734574
Sep-2026,MAMU BTP,BOMBER MAMU,BOMBER OLIVE M,244926,4,0,0,122429,489716,734574
Okt-2026,MAMU BTP,BOMBER MAMU,BOMBER OLIVE M,122463,3,0,0,122429,367287,489716
Feb-2026,MAMU BTP,BOMBER MAMU,BOMBER OLIVE S,0,10,0,0,122463,1224630,0
Mar-2026,MAMU BTP,BOMBER MAMU,BOMBER OLIVE S,0,8,0,0,122463,979704,1224630
Apr-2026,MAMU BTP,BOMBER MAMU,BOMBER OLIVE S,0,8,0,0,122463,979704,979704
Mei-2026,MAMU BTP,BOMBER MAMU,BOMBER OLIVE S,0,8,0,0,122463,979704,979704
Jun-2026,MAMU BTP,BOMBER MAMU,BOMBER OLIVE S,0,8,0,0,122463,979704,979704
Jul-2026,MAMU BTP,BOMBER MAMU,BOMBER OLIVE S,122463,7,0,0,122463,857241,979704
Agu-2026,MAMU BTP,BOMBER MAMU,BOMBER OLIVE S,0,7,0,0,122463,857241,857241
Sep-2026,MAMU BTP,BOMBER MAMU,BOMBER OLIVE S,0,7,0,0,122463,857241,857241
Okt-2026,MAMU BTP,BOMBER MAMU,BOMBER OLIVE S,0,7,0,0,122463,857241,857241
Feb-2026,MAMU BTP,BOMBER MAMU,BOMBER OLIVE XL,0,2,0,0,122463,244926,0
Mar-2026,MAMU BTP,BOMBER MAMU,BOMBER OLIVE XL,0,0,0,0,122463,0,244926
Apr-2026,MAMU BTP,BOMBER MAMU,BOMBER OLIVE XL,122377,15,0,0,122377,1835655,0
Mei-2026,MAMU BTP,BOMBER MAMU,BOMBER OLIVE XL,122377,13,0,0,122377,1590901,1835655
Jun-2026,MAMU BTP,BOMBER MAMU,BOMBER OLIVE XL,0,13,0,0,122377,1590901,1590901
Jul-2026,MAMU BTP,BOMBER MAMU,BOMBER OLIVE XL,122377,13,0,0,122377,1590901,1590901
Agu-2026,MAMU BTP,BOMBER MAMU,BOMBER OLIVE XL,0,12,0,0,122377,1468524,1590901
Sep-2026,MAMU BTP,BOMBER MAMU,BOMBER OLIVE XL,0,12,0,0,122377,1468524,1468524
Okt-2026,MAMU BTP,BOMBER MAMU,BOMBER OLIVE XL,367131,9,0,0,122377,1101393,1468524
Mar-2026,MAMU GOWA,BOMBER MAMU,BOMBER COKLAT L,365335,0,5,0,122463,612315,0
Apr-2026,MAMU GOWA,BOMBER MAMU,BOMBER COKLAT L,0,9,0,0,122377,1101393,612315
Mei-2026,MAMU GOWA,BOMBER MAMU,BOMBER COKLAT L,0,9,0,0,122377,1101393,1101393
Jun-2026,MAMU GOWA,BOMBER MAMU,BOMBER COKLAT L,122377,8,0,0,122377,979016,1101393
Jul-2026,MAMU GOWA,BOMBER MAMU,BOMBER COKLAT L,0,8,0,0,122377,979016,979016
Agu-2026,MAMU GOWA,BOMBER MAMU,BOMBER COKLAT L,489508,7,0,0,122377,856639,979016
Sep-2026,MAMU GOWA,BOMBER MAMU,BOMBER COKLAT L,0,4,0,0,122377,489508,856639
Okt-2026,MAMU GOWA,BOMBER MAMU,BOMBER COKLAT L,0,3,0,0,122377,367131,489508
Mar-2026,MAMU GOWA,BOMBER MAMU,BOMBER COKLAT M,244926,2,0,0,122463,244926,0
Apr-2026,MAMU GOWA,BOMBER MAMU,BOMBER COKLAT M,0,7,0,0,122377,856639,244926
Mei-2026,MAMU GOWA,BOMBER MAMU,BOMBER COKLAT M,0,7,0,0,122377,856639,856639
Jun-2026,MAMU GOWA,BOMBER MAMU,BOMBER COKLAT M,0,7,0,0,122377,856639,856639
Jul-2026,MAMU GOWA,BOMBER MAMU,BOMBER COKLAT M,0,7,0,0,122377,856639,856639
Agu-2026,MAMU GOWA,BOMBER MAMU,BOMBER COKLAT M,0,7,0,0,122377,856639,856639
Sep-2026,MAMU GOWA,BOMBER MAMU,BOMBER COKLAT M,0,7,0,0,122377,856639,856639
Okt-2026,MAMU GOWA,BOMBER MAMU,BOMBER COKLAT M,0,7,0,0,122377,856639,856639
Mar-2026,MAMU GOWA,BOMBER MAMU,BOMBER COKLAT S,0,4,0,0,122463,489852,0
Apr-2026,MAMU GOWA,BOMBER MAMU,BOMBER COKLAT S,0,4,0,0,122463,489852,489852
Mei-2026,MAMU GOWA,BOMBER MAMU,BOMBER COKLAT S,0,4,0,0,122463,489852,489852
Jun-2026,MAMU GOWA,BOMBER MAMU,BOMBER COKLAT S,0,4,0,0,122463,489852,489852
Jul-2026,MAMU GOWA,BOMBER MAMU,BOMBER COKLAT S,0,4,0,0,122463,489852,489852
Agu-2026,MAMU GOWA,BOMBER MAMU,BOMBER COKLAT S,122463,3,0,0,122463,367389,489852
Sep-2026,MAMU GOWA,BOMBER MAMU,BOMBER COKLAT S,0,3,0,0,122463,367389,367389
Okt-2026,MAMU GOWA,BOMBER MAMU,BOMBER COKLAT S,0,3,0,0,122463,367389,367389
Mar-2026,MAMU GOWA,BOMBER MAMU,BOMBER COKLAT XL,244926,2,5,0,122463,857241,0
Apr-2026,MAMU GOWA,BOMBER MAMU,BOMBER COKLAT XL,0,2,0,0,122377,244754,857241
Mei-2026,MAMU GOWA,BOMBER MAMU,BOMBER COKLAT XL,0,2,0,0,122377,244754,244754
Jun-2026,MAMU GOWA,BOMBER MAMU,BOMBER COKLAT XL,0,2,0,0,122377,244754,244754
Jul-2026,MAMU GOWA,BOMBER MAMU,BOMBER COKLAT XL,0,2,0,0,122377,244754,244754
Agu-2026,MAMU GOWA,BOMBER MAMU,BOMBER COKLAT XL,122402,1,0,0,122377,122377,244754
Sep-2026,MAMU GOWA,BOMBER MAMU,BOMBER COKLAT XL,0,1,0,0,122377,122377,122377
Okt-2026,MAMU GOWA,BOMBER MAMU,BOMBER COKLAT XL,0,1,0,0,122377,122377,122377
Mar-2026,MAMU GOWA,BOMBER MAMU,BOMBER HITAM L,236592,0,5,0,122463,612315,0
Apr-2026,MAMU GOWA,BOMBER MAMU,BOMBER HITAM L,122377,14,0,0,122377,1713278,612315
Mei-2026,MAMU GOWA,BOMBER MAMU,BOMBER HITAM L,244754,13,0,0,122377,1590901,1713278
Jun-2026,MAMU GOWA,BOMBER MAMU,BOMBER HITAM L,122377,0,0,0,116212,0,1590901
Jul-2026,MAMU GOWA,BOMBER MAMU,BOMBER HITAM L,0,3,0,0,122377,367131,0
Agu-2026,MAMU GOWA,BOMBER MAMU,BOMBER HITAM L,122377,3,0,0,122377,367131,367131
Sep-2026,MAMU GOWA,BOMBER MAMU,BOMBER HITAM L,122377,1,0,0,122377,122377,367131
Okt-2026,MAMU GOWA,BOMBER MAMU,BOMBER HITAM L,0,1,0,0,122377,122377,122377
Mar-2026,MAMU GOWA,BOMBER MAMU,BOMBER HITAM M,244926,0,5,0,122463,612315,0
Apr-2026,MAMU GOWA,BOMBER MAMU,BOMBER HITAM M,122377,14,0,0,122377,1713278,612315
Mei-2026,MAMU GOWA,BOMBER MAMU,BOMBER HITAM M,122377,13,0,0,122377,1590901,1713278
Jun-2026,MAMU GOWA,BOMBER MAMU,BOMBER HITAM M,122377,12,0,0,122377,1468524,1590901
Jul-2026,MAMU GOWA,BOMBER MAMU,BOMBER HITAM M,367131,9,0,0,122377,1101393,1468524
Agu-2026,MAMU GOWA,BOMBER MAMU,BOMBER HITAM M,0,9,0,0,122377,1101393,1101393
Sep-2026,MAMU GOWA,BOMBER MAMU,BOMBER HITAM M,0,9,0,0,122377,1101393,1101393
Okt-2026,MAMU GOWA,BOMBER MAMU,BOMBER HITAM M,0,9,0,0,122377,1101393,1101393
Mar-2026,MAMU GOWA,BOMBER MAMU,BOMBER HITAM S,367389,2,0,0,122463,244926,0
Apr-2026,MAMU GOWA,BOMBER MAMU,BOMBER HITAM S,0,4,0,0,122463,489852,244926
Mei-2026,MAMU GOWA,BOMBER MAMU,BOMBER HITAM S,122463,2,0,0,122463,244926,489852
Jun-2026,MAMU GOWA,BOMBER MAMU,BOMBER HITAM S,122463,1,0,0,122463,122463,244926
Jul-2026,MAMU GOWA,BOMBER MAMU,BOMBER HITAM S,0,5,0,0,122463,612315,122463
Agu-2026,MAMU GOWA,BOMBER MAMU,BOMBER HITAM S,0,5,0,0,122463,612315,612315
Sep-2026,MAMU GOWA,BOMBER MAMU,BOMBER HITAM S,0,5,0,0,122463,612315,612315
Okt-2026,MAMU GOWA,BOMBER MAMU,BOMBER HITAM S,0,5,0,0,122463,612315,612315
Mar-2026,MAMU GOWA,BOMBER MAMU,BOMBER HITAM XL,367389,1,5,0,122463,734778,0
Apr-2026,MAMU GOWA,BOMBER MAMU,BOMBER HITAM XL,0,6,0,0,122377,734262,734778
Mei-2026,MAMU GOWA,BOMBER MAMU,BOMBER HITAM XL,0,6,0,0,122377,734262,734262
Jun-2026,MAMU GOWA,BOMBER MAMU,BOMBER HITAM XL,122391,5,0,0,122377,611885,734262
Jul-2026,MAMU GOWA,BOMBER MAMU,BOMBER HITAM XL,244779,4,0,0,122377,489508,611885
Agu-2026,MAMU GOWA,BOMBER MAMU,BOMBER HITAM XL,122382,9,0,0,122377,1101393,489508
Sep-2026,MAMU GOWA,BOMBER MAMU,BOMBER HITAM XL,0,8,0,0,122377,979016,1101393
Okt-2026,MAMU GOWA,BOMBER MAMU,BOMBER HITAM XL,0,8,0,0,122377,979016,979016
Mar-2026,MAMU GOWA,BOMBER MAMU,BOMBER NAVY L,348636,3,0,0,116212,348636,0
Apr-2026,MAMU GOWA,BOMBER MAMU,BOMBER NAVY L,116212,3,0,0,116212,348636,348636
Mei-2026,MAMU GOWA,BOMBER MAMU,BOMBER NAVY L,0,3,0,0,116212,348636,348636
Jun-2026,MAMU GOWA,BOMBER MAMU,BOMBER NAVY L,116212,2,0,0,116212,232424,348636
Jul-2026,MAMU GOWA,BOMBER MAMU,BOMBER NAVY L,116212,2,0,0,116212,232424,232424
Agu-2026,MAMU GOWA,BOMBER MAMU,BOMBER NAVY L,116212,0,0,0,116212,0,232424
Mar-2026,MAMU GOWA,BOMBER MAMU,BOMBER NAVY M,0,4,0,0,122463,489852,0
Apr-2026,MAMU GOWA,BOMBER MAMU,BOMBER NAVY M,0,3,0,0,122463,367389,489852
Mei-2026,MAMU GOWA,BOMBER MAMU,BOMBER NAVY M,0,3,0,0,122463,367389,367389
Jun-2026,MAMU GOWA,BOMBER MAMU,BOMBER NAVY M,0,3,0,0,122463,367389,367389
Jul-2026,MAMU GOWA,BOMBER MAMU,BOMBER NAVY M,0,3,0,0,122463,367389,367389
Agu-2026,MAMU GOWA,BOMBER MAMU,BOMBER NAVY M,244926,1,0,0,122463,122463,367389
Sep-2026,MAMU GOWA,BOMBER MAMU,BOMBER NAVY M,0,1,0,0,122463,122463,122463
Okt-2026,MAMU GOWA,BOMBER MAMU,BOMBER NAVY M,0,1,0,0,122463,122463,122463
Mar-2026,MAMU GOWA,BOMBER MAMU,BOMBER NAVY S,0,4,0,0,122463,489852,0
Apr-2026,MAMU GOWA,BOMBER MAMU,BOMBER NAVY S,0,5,0,0,122463,612315,489852
Mei-2026,MAMU GOWA,BOMBER MAMU,BOMBER NAVY S,0,5,0,0,122463,612315,612315
Jun-2026,MAMU GOWA,BOMBER MAMU,BOMBER NAVY S,0,5,0,0,122463,612315,612315
Jul-2026,MAMU GOWA,BOMBER MAMU,BOMBER NAVY S,0,5,0,0,122463,612315,612315
Agu-2026,MAMU GOWA,BOMBER MAMU,BOMBER NAVY S,0,5,0,0,122463,612315,612315
Sep-2026,MAMU GOWA,BOMBER MAMU,BOMBER NAVY S,0,5,0,0,122463,612315,612315
Okt-2026,MAMU GOWA,BOMBER MAMU,BOMBER NAVY S,122463,4,0,0,122463,489852,612315
Mar-2026,MAMU GOWA,BOMBER MAMU,BOMBER NAVY XL,122463,3,0,0,122463,367389,0
Apr-2026,MAMU GOWA,BOMBER MAMU,BOMBER NAVY XL,0,3,0,0,122463,367389,367389
Mei-2026,MAMU GOWA,BOMBER MAMU,BOMBER NAVY XL,0,3,0,0,122463,367389,367389
Jun-2026,MAMU GOWA,BOMBER MAMU,BOMBER NAVY XL,0,3,0,0,122463,367389,367389
Jul-2026,MAMU GOWA,BOMBER MAMU,BOMBER NAVY XL,0,3,0,0,122463,367389,367389
Agu-2026,MAMU GOWA,BOMBER MAMU,BOMBER NAVY XL,122463,2,0,0,122463,244926,367389
Sep-2026,MAMU GOWA,BOMBER MAMU,BOMBER NAVY XL,0,2,0,0,122463,244926,244926
Okt-2026,MAMU GOWA,BOMBER MAMU,BOMBER NAVY XL,0,2,0,0,122463,244926,244926
Mar-2026,MAMU GOWA,BOMBER MAMU,BOMBER OLIVE L,365541,1,5,0,122463,734778,0
Apr-2026,MAMU GOWA,BOMBER MAMU,BOMBER OLIVE L,0,6,0,0,122377,734262,734778
Mei-2026,MAMU GOWA,BOMBER MAMU,BOMBER OLIVE L,0,6,0,0,122377,734262,734262
Jun-2026,MAMU GOWA,BOMBER MAMU,BOMBER OLIVE L,122289,5,0,0,122377,611885,734262
Jul-2026,MAMU GOWA,BOMBER MAMU,BOMBER OLIVE L,0,5,0,0,122377,611885,611885
Agu-2026,MAMU GOWA,BOMBER MAMU,BOMBER OLIVE L,0,5,0,0,122377,611885,611885
Sep-2026,MAMU GOWA,BOMBER MAMU,BOMBER OLIVE L,0,5,0,0,122377,611885,611885
Okt-2026,MAMU GOWA,BOMBER MAMU,BOMBER OLIVE L,0,5,0,0,122377,611885,611885
Mar-2026,MAMU GOWA,BOMBER MAMU,BOMBER OLIVE M,244926,1,5,0,122463,734778,0
Apr-2026,MAMU GOWA,BOMBER MAMU,BOMBER OLIVE M,122435,3,0,0,122429,367287,734778
Mei-2026,MAMU GOWA,BOMBER MAMU,BOMBER OLIVE M,0,3,0,0,122429,367287,367287
Jun-2026,MAMU GOWA,BOMBER MAMU,BOMBER OLIVE M,0,3,0,0,122429,367287,367287
Jul-2026,MAMU GOWA,BOMBER MAMU,BOMBER OLIVE M,0,3,0,0,122429,367287,367287
Agu-2026,MAMU GOWA,BOMBER MAMU,BOMBER OLIVE M,0,3,0,0,122429,367287,367287
Sep-2026,MAMU GOWA,BOMBER MAMU,BOMBER OLIVE M,0,3,0,0,122429,367287,367287
Okt-2026,MAMU GOWA,BOMBER MAMU,BOMBER OLIVE M,0,3,0,0,122429,367287,367287
Mar-2026,MAMU GOWA,BOMBER MAMU,BOMBER OLIVE S,0,4,0,0,122463,489852,0
Apr-2026,MAMU GOWA,BOMBER MAMU,BOMBER OLIVE S,0,4,0,0,122463,489852,489852
Mei-2026,MAMU GOWA,BOMBER MAMU,BOMBER OLIVE S,0,4,0,0,122463,489852,489852
Jun-2026,MAMU GOWA,BOMBER MAMU,BOMBER OLIVE S,0,4,0,0,122463,489852,489852
Jul-2026,MAMU GOWA,BOMBER MAMU,BOMBER OLIVE S,0,4,0,0,122463,489852,489852
Agu-2026,MAMU GOWA,BOMBER MAMU,BOMBER OLIVE S,122463,3,0,0,122463,367389,489852
Sep-2026,MAMU GOWA,BOMBER MAMU,BOMBER OLIVE S,0,3,0,0,122463,367389,367389
Okt-2026,MAMU GOWA,BOMBER MAMU,BOMBER OLIVE S,122463,2,0,0,122463,244926,367389
Mar-2026,MAMU GOWA,BOMBER MAMU,BOMBER OLIVE XL,244926,2,0,0,122463,244926,0
Apr-2026,MAMU GOWA,BOMBER MAMU,BOMBER OLIVE XL,244798,6,0,0,122377,734262,244926
Mei-2026,MAMU GOWA,BOMBER MAMU,BOMBER OLIVE XL,0,6,0,0,122377,734262,734262
Jun-2026,MAMU GOWA,BOMBER MAMU,BOMBER OLIVE XL,0,6,0,0,122377,734262,734262
Jul-2026,MAMU GOWA,BOMBER MAMU,BOMBER OLIVE XL,0,6,0,0,122377,734262,734262
Agu-2026,MAMU GOWA,BOMBER MAMU,BOMBER OLIVE XL,0,6,0,0,122377,734262,734262
Sep-2026,MAMU GOWA,BOMBER MAMU,BOMBER OLIVE XL,0,6,0,0,122377,734262,734262
Okt-2026,MAMU GOWA,BOMBER MAMU,BOMBER OLIVE XL,0,6,0,0,122377,734262,734262
Jan-2026,MAMU KENDARI,BOMBER MAMU,BOMBER COKLAT L,0,4,0,0,119382,477528,0
Feb-2026,MAMU KENDARI,BOMBER MAMU,BOMBER COKLAT L,0,4,0,0,122463,489852,477528
Mar-2026,MAMU KENDARI,BOMBER MAMU,BOMBER COKLAT L,0,4,0,0,122463,489852,489852
Apr-2026,MAMU KENDARI,BOMBER MAMU,BOMBER COKLAT L,0,4,0,0,122377,489508,489852
Mei-2026,MAMU KENDARI,BOMBER MAMU,BOMBER COKLAT L,0,4,0,0,122377,489508,489508
Jun-2026,MAMU KENDARI,BOMBER MAMU,BOMBER COKLAT L,0,4,0,0,122377,489508,489508
Jul-2026,MAMU KENDARI,BOMBER MAMU,BOMBER COKLAT L,0,4,0,0,122377,489508,489508
Agu-2026,MAMU KENDARI,BOMBER MAMU,BOMBER COKLAT L,119382,3,0,0,122377,367131,489508
Sep-2026,MAMU KENDARI,BOMBER MAMU,BOMBER COKLAT L,0,3,0,0,122377,367131,367131
Okt-2026,MAMU KENDARI,BOMBER MAMU,BOMBER COKLAT L,0,3,0,0,122377,367131,367131
Jan-2026,MAMU KENDARI,BOMBER MAMU,BOMBER COKLAT M,0,2,0,0,119382,238764,0
Feb-2026,MAMU KENDARI,BOMBER MAMU,BOMBER COKLAT M,0,2,0,0,122463,244926,238764
Mar-2026,MAMU KENDARI,BOMBER MAMU,BOMBER COKLAT M,119382,1,0,0,122463,122463,244926
Apr-2026,MAMU KENDARI,BOMBER MAMU,BOMBER COKLAT M,0,1,0,0,122377,122377,122463
Mei-2026,MAMU KENDARI,BOMBER MAMU,BOMBER COKLAT M,0,1,0,0,122377,122377,122377
Jun-2026,MAMU KENDARI,BOMBER MAMU,BOMBER COKLAT M,0,1,0,0,122377,122377,122377
Jul-2026,MAMU KENDARI,BOMBER MAMU,BOMBER COKLAT M,119382,1,0,0,122377,122377,122377
Agu-2026,MAMU KENDARI,BOMBER MAMU,BOMBER COKLAT M,0,0,0,0,122377,0,122377
Mar-2026,MAMU KENDARI,BOMBER MAMU,BOMBER COKLAT S,0,1,0,0,122463,122463,0
Apr-2026,MAMU KENDARI,BOMBER MAMU,BOMBER COKLAT S,0,1,0,0,122463,122463,122463
Mei-2026,MAMU KENDARI,BOMBER MAMU,BOMBER COKLAT S,0,1,0,0,122463,122463,122463
Jun-2026,MAMU KENDARI,BOMBER MAMU,BOMBER COKLAT S,0,1,0,0,122463,122463,122463
Jul-2026,MAMU KENDARI,BOMBER MAMU,BOMBER COKLAT S,0,1,0,0,122463,122463,122463
Agu-2026,MAMU KENDARI,BOMBER MAMU,BOMBER COKLAT S,0,1,0,0,122463,122463,122463
Sep-2026,MAMU KENDARI,BOMBER MAMU,BOMBER COKLAT S,0,1,0,0,122463,122463,122463
Okt-2026,MAMU KENDARI,BOMBER MAMU,BOMBER COKLAT S,0,1,0,0,122463,122463,122463
Jan-2026,MAMU KENDARI,BOMBER MAMU,BOMBER COKLAT XL,0,1,0,0,119382,119382,0
Feb-2026,MAMU KENDARI,BOMBER MAMU,BOMBER COKLAT XL,0,1,0,0,122463,122463,119382
Mar-2026,MAMU KENDARI,BOMBER MAMU,BOMBER COKLAT XL,119382,0,0,0,119382,0,122463
Apr-2026,MAMU KENDARI,BOMBER MAMU,BOMBER COKLAT XL,0,1,0,0,122377,122377,0
Mei-2026,MAMU KENDARI,BOMBER MAMU,BOMBER COKLAT XL,0,1,0,0,122377,122377,122377
Jun-2026,MAMU KENDARI,BOMBER MAMU,BOMBER COKLAT XL,0,1,0,0,122377,122377,122377
Jul-2026,MAMU KENDARI,BOMBER MAMU,BOMBER COKLAT XL,0,1,0,0,122377,122377,122377
Agu-2026,MAMU KENDARI,BOMBER MAMU,BOMBER COKLAT XL,0,1,0,0,122377,122377,122377
Sep-2026,MAMU KENDARI,BOMBER MAMU,BOMBER COKLAT XL,0,1,0,0,122377,122377,122377
Okt-2026,MAMU KENDARI,BOMBER MAMU,BOMBER COKLAT XL,0,1,0,0,122377,122377,122377
Jan-2026,MAMU KENDARI,BOMBER MAMU,BOMBER HITAM L,0,10,0,0,116212,1162120,0
Feb-2026,MAMU KENDARI,BOMBER MAMU,BOMBER HITAM L,0,10,0,0,122463,1224630,1162120
Mar-2026,MAMU KENDARI,BOMBER MAMU,BOMBER HITAM L,0,10,0,0,122463,1224630,1224630
Apr-2026,MAMU KENDARI,BOMBER MAMU,BOMBER HITAM L,0,10,0,0,122377,1223770,1224630
Mei-2026,MAMU KENDARI,BOMBER MAMU,BOMBER HITAM L,0,10,0,0,122377,1223770,1223770
Jun-2026,MAMU KENDARI,BOMBER MAMU,BOMBER HITAM L,116212,9,0,0,122377,1101393,1223770
Jul-2026,MAMU KENDARI,BOMBER MAMU,BOMBER HITAM L,116212,8,0,0,122377,979016,1101393
Agu-2026,MAMU KENDARI,BOMBER MAMU,BOMBER HITAM L,0,8,0,0,122377,979016,979016
Sep-2026,MAMU KENDARI,BOMBER MAMU,BOMBER HITAM L,0,8,0,0,122377,979016,979016
Okt-2026,MAMU KENDARI,BOMBER MAMU,BOMBER HITAM L,0,8,0,0,122377,979016,979016
Jan-2026,MAMU KENDARI,BOMBER MAMU,BOMBER HITAM M,0,4,0,0,116212,464848,0
Feb-2026,MAMU KENDARI,BOMBER MAMU,BOMBER HITAM M,0,4,0,0,122463,489852,464848
Mar-2026,MAMU KENDARI,BOMBER MAMU,BOMBER HITAM M,0,4,0,0,122463,489852,489852
Apr-2026,MAMU KENDARI,BOMBER MAMU,BOMBER HITAM M,0,4,0,0,122377,489508,489852
Mei-2026,MAMU KENDARI,BOMBER MAMU,BOMBER HITAM M,0,4,0,0,122377,489508,489508
Jun-2026,MAMU KENDARI,BOMBER MAMU,BOMBER HITAM M,0,4,0,0,122377,489508,489508
Jul-2026,MAMU KENDARI,BOMBER MAMU,BOMBER HITAM M,0,4,0,0,122377,489508,489508
Agu-2026,MAMU KENDARI,BOMBER MAMU,BOMBER HITAM M,0,4,0,0,122377,489508,489508
Sep-2026,MAMU KENDARI,BOMBER MAMU,BOMBER HITAM M,232424,2,0,0,122377,244754,489508
Okt-2026,MAMU KENDARI,BOMBER MAMU,BOMBER HITAM M,0,2,0,0,122377,244754,244754
Jan-2026,MAMU KENDARI,BOMBER MAMU,BOMBER HITAM S,0,1,0,0,116212,116212,0
Feb-2026,MAMU KENDARI,BOMBER MAMU,BOMBER HITAM S,0,1,0,0,122463,122463,116212
Mar-2026,MAMU KENDARI,BOMBER MAMU,BOMBER HITAM S,0,1,0,0,122463,122463,122463
Apr-2026,MAMU KENDARI,BOMBER MAMU,BOMBER HITAM S,0,1,0,0,122463,122463,122463
Mei-2026,MAMU KENDARI,BOMBER MAMU,BOMBER HITAM S,116212,0,0,0,116212,0,122463
Jan-2026,MAMU KENDARI,BOMBER MAMU,BOMBER HITAM XL,0,3,0,0,116212,348636,0
Feb-2026,MAMU KENDARI,BOMBER MAMU,BOMBER HITAM XL,0,3,0,0,122463,367389,348636
Mar-2026,MAMU KENDARI,BOMBER MAMU,BOMBER HITAM XL,0,3,0,0,122463,367389,367389
Apr-2026,MAMU KENDARI,BOMBER MAMU,BOMBER HITAM XL,0,2,0,0,122377,244754,367389
Mei-2026,MAMU KENDARI,BOMBER MAMU,BOMBER HITAM XL,116212,1,0,0,122377,122377,244754
Jun-2026,MAMU KENDARI,BOMBER MAMU,BOMBER HITAM XL,0,1,0,0,122377,122377,122377
Jul-2026,MAMU KENDARI,BOMBER MAMU,BOMBER HITAM XL,0,1,0,0,122377,122377,122377
Agu-2026,MAMU KENDARI,BOMBER MAMU,BOMBER HITAM XL,0,1,0,0,122377,122377,122377
Sep-2026,MAMU KENDARI,BOMBER MAMU,BOMBER HITAM XL,116212,0,0,0,116212,0,122377
Jan-2026,MAMU KENDARI,BOMBER MAMU,BOMBER NAVY L,0,7,0,0,116212,813484,0
Feb-2026,MAMU KENDARI,BOMBER MAMU,BOMBER NAVY L,0,8,0,0,116212,929696,813484
Mar-2026,MAMU KENDARI,BOMBER MAMU,BOMBER NAVY L,0,8,0,0,116212,929696,929696
Apr-2026,MAMU KENDARI,BOMBER MAMU,BOMBER NAVY L,0,8,0,0,116212,929696,929696
Mei-2026,MAMU KENDARI,BOMBER MAMU,BOMBER NAVY L,0,8,0,0,116212,929696,929696
Jun-2026,MAMU KENDARI,BOMBER MAMU,BOMBER NAVY L,0,8,0,0,116212,929696,929696
Jul-2026,MAMU KENDARI,BOMBER MAMU,BOMBER NAVY L,0,8,0,0,116212,929696,929696
Agu-2026,MAMU KENDARI,BOMBER MAMU,BOMBER NAVY L,0,8,0,0,116212,929696,929696
Sep-2026,MAMU KENDARI,BOMBER MAMU,BOMBER NAVY L,0,8,0,0,116212,929696,929696
Okt-2026,MAMU KENDARI,BOMBER MAMU,BOMBER NAVY L,0,8,0,0,116212,929696,929696
Jan-2026,MAMU KENDARI,BOMBER MAMU,BOMBER NAVY M,0,5,0,0,116212,581060,0
Feb-2026,MAMU KENDARI,BOMBER MAMU,BOMBER NAVY M,0,4,0,0,122463,489852,581060
Mar-2026,MAMU KENDARI,BOMBER MAMU,BOMBER NAVY M,0,4,0,0,122463,489852,489852
Apr-2026,MAMU KENDARI,BOMBER MAMU,BOMBER NAVY M,0,4,0,0,122463,489852,489852
Mei-2026,MAMU KENDARI,BOMBER MAMU,BOMBER NAVY M,0,4,0,0,122463,489852,489852
Jun-2026,MAMU KENDARI,BOMBER MAMU,BOMBER NAVY M,0,4,0,0,122463,489852,489852
Jul-2026,MAMU KENDARI,BOMBER MAMU,BOMBER NAVY M,0,4,0,0,122463,489852,489852
Agu-2026,MAMU KENDARI,BOMBER MAMU,BOMBER NAVY M,0,4,0,0,122463,489852,489852
Sep-2026,MAMU KENDARI,BOMBER MAMU,BOMBER NAVY M,0,4,0,0,122463,489852,489852
Okt-2026,MAMU KENDARI,BOMBER MAMU,BOMBER NAVY M,0,4,0,0,122463,489852,489852
Jan-2026,MAMU KENDARI,BOMBER MAMU,BOMBER NAVY S,0,1,0,0,116212,116212,0
Feb-2026,MAMU KENDARI,BOMBER MAMU,BOMBER NAVY S,0,1,0,0,122463,122463,116212
Mar-2026,MAMU KENDARI,BOMBER MAMU,BOMBER NAVY S,0,3,0,0,122463,367389,122463
Apr-2026,MAMU KENDARI,BOMBER MAMU,BOMBER NAVY S,0,3,0,0,122463,367389,367389
Mei-2026,MAMU KENDARI,BOMBER MAMU,BOMBER NAVY S,0,3,0,0,122463,367389,367389
Jun-2026,MAMU KENDARI,BOMBER MAMU,BOMBER NAVY S,0,3,0,0,122463,367389,367389
Jul-2026,MAMU KENDARI,BOMBER MAMU,BOMBER NAVY S,0,3,0,0,122463,367389,367389
Agu-2026,MAMU KENDARI,BOMBER MAMU,BOMBER NAVY S,0,3,0,0,122463,367389,367389
Sep-2026,MAMU KENDARI,BOMBER MAMU,BOMBER NAVY S,0,3,0,0,122463,367389,367389
Okt-2026,MAMU KENDARI,BOMBER MAMU,BOMBER NAVY S,0,3,0,0,122463,367389,367389
Jan-2026,MAMU KENDARI,BOMBER MAMU,BOMBER NAVY XL,0,3,0,0,116212,348636,0
Feb-2026,MAMU KENDARI,BOMBER MAMU,BOMBER NAVY XL,0,3,0,0,122463,367389,348636
Mar-2026,MAMU KENDARI,BOMBER MAMU,BOMBER NAVY XL,0,3,0,0,122463,367389,367389
Apr-2026,MAMU KENDARI,BOMBER MAMU,BOMBER NAVY XL,0,3,0,0,122463,367389,367389
Mei-2026,MAMU KENDARI,BOMBER MAMU,BOMBER NAVY XL,0,3,0,0,122463,367389,367389
Jun-2026,MAMU KENDARI,BOMBER MAMU,BOMBER NAVY XL,0,3,0,0,122463,367389,367389
Jul-2026,MAMU KENDARI,BOMBER MAMU,BOMBER NAVY XL,116212,2,0,0,122463,244926,367389
Agu-2026,MAMU KENDARI,BOMBER MAMU,BOMBER NAVY XL,0,2,0,0,122463,244926,244926
Sep-2026,MAMU KENDARI,BOMBER MAMU,BOMBER NAVY XL,0,2,0,0,122463,244926,244926
Okt-2026,MAMU KENDARI,BOMBER MAMU,BOMBER NAVY XL,0,2,0,0,122463,244926,244926
Jan-2026,MAMU KENDARI,BOMBER MAMU,BOMBER OLIVE L,238764,1,0,0,119382,119382,0
Feb-2026,MAMU KENDARI,BOMBER MAMU,BOMBER OLIVE L,0,1,0,0,122463,122463,119382
Mar-2026,MAMU KENDARI,BOMBER MAMU,BOMBER OLIVE L,0,1,0,0,122463,122463,122463
Apr-2026,MAMU KENDARI,BOMBER MAMU,BOMBER OLIVE L,0,1,0,0,122377,122377,122463
Mei-2026,MAMU KENDARI,BOMBER MAMU,BOMBER OLIVE L,0,1,0,0,122377,122377,122377
Jun-2026,MAMU KENDARI,BOMBER MAMU,BOMBER OLIVE L,0,1,0,0,122377,122377,122377
Jul-2026,MAMU KENDARI,BOMBER MAMU,BOMBER OLIVE L,0,1,0,0,122377,122377,122377
Agu-2026,MAMU KENDARI,BOMBER MAMU,BOMBER OLIVE L,119382,0,0,0,119382,0,122377
Jan-2026,MAMU KENDARI,BOMBER MAMU,BOMBER OLIVE M,0,1,0,0,119382,119382,0
Feb-2026,MAMU KENDARI,BOMBER MAMU,BOMBER OLIVE M,0,1,0,0,122463,122463,119382
Mar-2026,MAMU KENDARI,BOMBER MAMU,BOMBER OLIVE M,0,1,0,0,122463,122463,122463
Apr-2026,MAMU KENDARI,BOMBER MAMU,BOMBER OLIVE M,0,1,0,0,122429,122429,122463
Mei-2026,MAMU KENDARI,BOMBER MAMU,BOMBER OLIVE M,0,1,0,0,122429,122429,122429
Jun-2026,MAMU KENDARI,BOMBER MAMU,BOMBER OLIVE M,0,1,0,0,122429,122429,122429
Jul-2026,MAMU KENDARI,BOMBER MAMU,BOMBER OLIVE M,0,1,0,0,122429,122429,122429
Agu-2026,MAMU KENDARI,BOMBER MAMU,BOMBER OLIVE M,0,1,0,0,122429,122429,122429
Sep-2026,MAMU KENDARI,BOMBER MAMU,BOMBER OLIVE M,119382,0,0,0,119382,0,122429
Jan-2026,MAMU MAKASSAR,BOMBER MAMU,BOMBER COKLAT L,119382,0,0,0,119382,0,0
Feb-2026,MAMU MAKASSAR,BOMBER MAMU,BOMBER COKLAT L,0,4,0,0,122463,489852,0
Mar-2026,MAMU MAKASSAR,BOMBER MAMU,BOMBER COKLAT L,122463,1,0,0,122463,122463,489852
Apr-2026,MAMU MAKASSAR,BOMBER MAMU,BOMBER COKLAT L,0,7,0,0,122377,856639,122463
Mei-2026,MAMU MAKASSAR,BOMBER MAMU,BOMBER COKLAT L,0,7,0,0,122377,856639,856639
Jun-2026,MAMU MAKASSAR,BOMBER MAMU,BOMBER COKLAT L,244778,5,0,0,122377,611885,856639
Jul-2026,MAMU MAKASSAR,BOMBER MAMU,BOMBER COKLAT L,0,5,0,0,122377,611885,611885
Agu-2026,MAMU MAKASSAR,BOMBER MAMU,BOMBER COKLAT L,122389,4,0,0,122377,489508,611885
Sep-2026,MAMU MAKASSAR,BOMBER MAMU,BOMBER COKLAT L,244778,1,0,0,122377,122377,489508
Okt-2026,MAMU MAKASSAR,BOMBER MAMU,BOMBER COKLAT L,0,1,0,0,122377,122377,122377
Jan-2026,MAMU MAKASSAR,BOMBER MAMU,BOMBER COKLAT M,119382,0,0,0,119382,0,0
Feb-2026,MAMU MAKASSAR,BOMBER MAMU,BOMBER COKLAT M,0,17,0,0,122463,2081871,0
Mar-2026,MAMU MAKASSAR,BOMBER MAMU,BOMBER COKLAT M,0,13,0,0,122463,1592019,2081871
Apr-2026,MAMU MAKASSAR,BOMBER MAMU,BOMBER COKLAT M,122463,10,0,0,122377,1223770,1592019
Mei-2026,MAMU MAKASSAR,BOMBER MAMU,BOMBER COKLAT M,122463,9,0,0,122377,1101393,1223770
Jun-2026,MAMU MAKASSAR,BOMBER MAMU,BOMBER COKLAT M,0,9,0,0,122377,1101393,1101393
Jul-2026,MAMU MAKASSAR,BOMBER MAMU,BOMBER COKLAT M,0,9,0,0,122377,1101393,1101393
Agu-2026,MAMU MAKASSAR,BOMBER MAMU,BOMBER COKLAT M,0,9,0,0,122377,1101393,1101393
Sep-2026,MAMU MAKASSAR,BOMBER MAMU,BOMBER COKLAT M,244926,8,0,0,122377,979016,1101393
Okt-2026,MAMU MAKASSAR,BOMBER MAMU,BOMBER COKLAT M,122463,6,0,0,122377,734262,979016
Feb-2026,MAMU MAKASSAR,BOMBER MAMU,BOMBER COKLAT S,0,5,0,0,122463,612315,0
Mar-2026,MAMU MAKASSAR,BOMBER MAMU,BOMBER COKLAT S,0,3,0,0,122463,367389,612315
Apr-2026,MAMU MAKASSAR,BOMBER MAMU,BOMBER COKLAT S,244926,2,0,0,122463,244926,367389
Mei-2026,MAMU MAKASSAR,BOMBER MAMU,BOMBER COKLAT S,0,1,0,0,122463,122463,244926
Jun-2026,MAMU MAKASSAR,BOMBER MAMU,BOMBER COKLAT S,0,1,0,0,122463,122463,122463
Jul-2026,MAMU MAKASSAR,BOMBER MAMU,BOMBER COKLAT S,0,1,0,0,122463,122463,122463
Agu-2026,MAMU MAKASSAR,BOMBER MAMU,BOMBER COKLAT S,0,1,0,0,122463,122463,122463
Sep-2026,MAMU MAKASSAR,BOMBER MAMU,BOMBER COKLAT S,0,1,0,0,122463,122463,122463
Okt-2026,MAMU MAKASSAR,BOMBER MAMU,BOMBER COKLAT S,0,1,0,0,122463,122463,122463
Feb-2026,MAMU MAKASSAR,BOMBER MAMU,BOMBER COKLAT XL,0,3,0,0,122463,367389,0
Mar-2026,MAMU MAKASSAR,BOMBER MAMU,BOMBER COKLAT XL,0,1,0,0,122463,122463,367389
Apr-2026,MAMU MAKASSAR,BOMBER MAMU,BOMBER COKLAT XL,244776,6,0,0,122377,734262,122463
Mei-2026,MAMU MAKASSAR,BOMBER MAMU,BOMBER COKLAT XL,0,6,0,0,122377,734262,734262
Jun-2026,MAMU MAKASSAR,BOMBER MAMU,BOMBER COKLAT XL,0,6,0,0,122377,734262,734262
Jul-2026,MAMU MAKASSAR,BOMBER MAMU,BOMBER COKLAT XL,0,6,0,0,122377,734262,734262
Agu-2026,MAMU MAKASSAR,BOMBER MAMU,BOMBER COKLAT XL,244776,5,0,0,122377,611885,734262
Sep-2026,MAMU MAKASSAR,BOMBER MAMU,BOMBER COKLAT XL,0,4,0,0,122377,489508,611885
Okt-2026,MAMU MAKASSAR,BOMBER MAMU,BOMBER COKLAT XL,0,4,0,0,122377,489508,489508
Jan-2026,MAMU MAKASSAR,BOMBER MAMU,BOMBER HITAM L,232424,5,0,0,116212,581060,0
Feb-2026,MAMU MAKASSAR,BOMBER MAMU,BOMBER HITAM L,348636,3,0,0,122463,367389,581060
Mar-2026,MAMU MAKASSAR,BOMBER MAMU,BOMBER HITAM L,118296,0,0,0,116212,0,367389
Apr-2026,MAMU MAKASSAR,BOMBER MAMU,BOMBER HITAM L,122377,10,0,0,122377,1223770,0
Mei-2026,MAMU MAKASSAR,BOMBER MAMU,BOMBER HITAM L,122377,8,0,0,122377,979016,1223770
Jun-2026,MAMU MAKASSAR,BOMBER MAMU,BOMBER HITAM L,244754,6,0,0,122377,734262,979016
Jul-2026,MAMU MAKASSAR,BOMBER MAMU,BOMBER HITAM L,367131,7,0,0,122377,856639,734262
Agu-2026,MAMU MAKASSAR,BOMBER MAMU,BOMBER HITAM L,489508,3,0,0,122377,367131,856639
Sep-2026,MAMU MAKASSAR,BOMBER MAMU,BOMBER HITAM L,244754,1,0,0,122377,122377,367131
Okt-2026,MAMU MAKASSAR,BOMBER MAMU,BOMBER HITAM L,0,0,0,0,122377,0,122377
Jan-2026,MAMU MAKASSAR,BOMBER MAMU,BOMBER HITAM M,116212,3,0,0,116212,348636,0
Feb-2026,MAMU MAKASSAR,BOMBER MAMU,BOMBER HITAM M,116212,4,0,0,122463,489852,348636
Mar-2026,MAMU MAKASSAR,BOMBER MAMU,BOMBER HITAM M,477352,0,0,0,116212,0,489852
Apr-2026,MAMU MAKASSAR,BOMBER MAMU,BOMBER HITAM M,122377,10,0,0,122377,1223770,0
Mei-2026,MAMU MAKASSAR,BOMBER MAMU,BOMBER HITAM M,244754,7,0,0,122377,856639,1223770
Jun-2026,MAMU MAKASSAR,BOMBER MAMU,BOMBER HITAM M,489508,3,0,0,122377,367131,856639
Jul-2026,MAMU MAKASSAR,BOMBER MAMU,BOMBER HITAM M,122377,15,0,0,122377,1835655,367131
Agu-2026,MAMU MAKASSAR,BOMBER MAMU,BOMBER HITAM M,244754,13,0,0,122377,1590901,1835655
Sep-2026,MAMU MAKASSAR,BOMBER MAMU,BOMBER HITAM M,122377,12,0,0,122377,1468524,1590901
Okt-2026,MAMU MAKASSAR,BOMBER MAMU,BOMBER HITAM M,122377,11,0,0,122377,1346147,1468524
Feb-2026,MAMU MAKASSAR,BOMBER MAMU,BOMBER HITAM S,0,7,0,0,122463,857241,0
Mar-2026,MAMU MAKASSAR,BOMBER MAMU,BOMBER HITAM S,0,7,0,0,122463,857241,857241
Apr-2026,MAMU MAKASSAR,BOMBER MAMU,BOMBER HITAM S,0,7,0,0,122463,857241,857241
Mei-2026,MAMU MAKASSAR,BOMBER MAMU,BOMBER HITAM S,244926,5,0,0,122463,612315,857241
Jun-2026,MAMU MAKASSAR,BOMBER MAMU,BOMBER HITAM S,204106,3,0,0,122463,367389,612315
Jul-2026,MAMU MAKASSAR,BOMBER MAMU,BOMBER HITAM S,115660,9,0,0,122463,1102167,367389
Agu-2026,MAMU MAKASSAR,BOMBER MAMU,BOMBER HITAM S,115660,7,0,0,122463,857241,1102167
Sep-2026,MAMU MAKASSAR,BOMBER MAMU,BOMBER HITAM S,115660,6,0,0,122463,734778,857241
Okt-2026,MAMU MAKASSAR,BOMBER MAMU,BOMBER HITAM S,0,6,0,0,122463,734778,734778
Jan-2026,MAMU MAKASSAR,BOMBER MAMU,BOMBER HITAM XL,232424,0,0,0,116212,0,0
Feb-2026,MAMU MAKASSAR,BOMBER MAMU,BOMBER HITAM XL,0,3,0,0,122463,367389,0
Mar-2026,MAMU MAKASSAR,BOMBER MAMU,BOMBER HITAM XL,122463,0,0,0,116212,0,367389
Apr-2026,MAMU MAKASSAR,BOMBER MAMU,BOMBER HITAM XL,734262,7,0,0,122377,856639,0
Mei-2026,MAMU MAKASSAR,BOMBER MAMU,BOMBER HITAM XL,122377,3,0,0,122377,367131,856639
Jun-2026,MAMU MAKASSAR,BOMBER MAMU,BOMBER HITAM XL,367131,0,0,0,116212,0,367131
Jul-2026,MAMU MAKASSAR,BOMBER MAMU,BOMBER HITAM XL,122377,11,0,0,122377,1346147,0
Agu-2026,MAMU MAKASSAR,BOMBER MAMU,BOMBER HITAM XL,122377,10,0,0,122377,1223770,1346147
Sep-2026,MAMU MAKASSAR,BOMBER MAMU,BOMBER HITAM XL,489508,6,0,0,122377,734262,1223770
Okt-2026,MAMU MAKASSAR,BOMBER MAMU,BOMBER HITAM XL,122377,4,0,0,122377,489508,734262
Jan-2026,MAMU MAKASSAR,BOMBER MAMU,BOMBER NAVY L,232424,14,0,0,116212,1626968,0
Feb-2026,MAMU MAKASSAR,BOMBER MAMU,BOMBER NAVY L,232424,12,0,0,116212,1394544,1626968
Mar-2026,MAMU MAKASSAR,BOMBER MAMU,BOMBER NAVY L,0,9,0,0,116212,1045908,1394544
Apr-2026,MAMU MAKASSAR,BOMBER MAMU,BOMBER NAVY L,116212,8,0,0,116212,929696,1045908
Mei-2026,MAMU MAKASSAR,BOMBER MAMU,BOMBER NAVY L,116212,7,0,0,116212,813484,929696
Jun-2026,MAMU MAKASSAR,BOMBER MAMU,BOMBER NAVY L,116212,6,0,0,116212,697272,813484
Jul-2026,MAMU MAKASSAR,BOMBER MAMU,BOMBER NAVY L,232424,5,0,0,116212,581060,697272
Agu-2026,MAMU MAKASSAR,BOMBER MAMU,BOMBER NAVY L,0,4,0,0,116212,464848,581060
Sep-2026,MAMU MAKASSAR,BOMBER MAMU,BOMBER NAVY L,0,4,0,0,116212,464848,464848
Okt-2026,MAMU MAKASSAR,BOMBER MAMU,BOMBER NAVY L,0,4,0,0,116212,464848,464848
Jan-2026,MAMU MAKASSAR,BOMBER MAMU,BOMBER NAVY M,232424,0,0,0,116212,0,0
Feb-2026,MAMU MAKASSAR,BOMBER MAMU,BOMBER NAVY M,0,20,0,0,122463,2449260,0
Mar-2026,MAMU MAKASSAR,BOMBER MAMU,BOMBER NAVY M,122463,16,0,0,122463,1959408,2449260
Apr-2026,MAMU MAKASSAR,BOMBER MAMU,BOMBER NAVY M,122463,12,0,0,122463,1469556,1959408
Mei-2026,MAMU MAKASSAR,BOMBER MAMU,BOMBER NAVY M,0,10,0,0,122463,1224630,1469556
Jun-2026,MAMU MAKASSAR,BOMBER MAMU,BOMBER NAVY M,0,10,0,0,122463,1224630,1224630
Jul-2026,MAMU MAKASSAR,BOMBER MAMU,BOMBER NAVY M,0,10,0,0,122463,1224630,1224630
Agu-2026,MAMU MAKASSAR,BOMBER MAMU,BOMBER NAVY M,0,10,0,0,122463,1224630,1224630
Sep-2026,MAMU MAKASSAR,BOMBER MAMU,BOMBER NAVY M,222660,8,0,0,122463,979704,1224630
Okt-2026,MAMU MAKASSAR,BOMBER MAMU,BOMBER NAVY M,111330,7,0,0,122463,857241,979704
Feb-2026,MAMU MAKASSAR,BOMBER MAMU,BOMBER NAVY S,0,7,0,0,122463,857241,0
Mar-2026,MAMU MAKASSAR,BOMBER MAMU,BOMBER NAVY S,0,7,0,0,122463,857241,857241
Apr-2026,MAMU MAKASSAR,BOMBER MAMU,BOMBER NAVY S,0,7,0,0,122463,857241,857241
Mei-2026,MAMU MAKASSAR,BOMBER MAMU,BOMBER NAVY S,0,7,0,0,122463,857241,857241
Jun-2026,MAMU MAKASSAR,BOMBER MAMU,BOMBER NAVY S,0,7,0,0,122463,857241,857241
Jul-2026,MAMU MAKASSAR,BOMBER MAMU,BOMBER NAVY S,0,13,0,0,122463,1592019,857241
Agu-2026,MAMU MAKASSAR,BOMBER MAMU,BOMBER NAVY S,367389,12,0,0,122463,1469556,1592019
Sep-2026,MAMU MAKASSAR,BOMBER MAMU,BOMBER NAVY S,122463,9,0,0,122463,1102167,1469556
Okt-2026,MAMU MAKASSAR,BOMBER MAMU,BOMBER NAVY S,0,9,0,0,122463,1102167,1102167
Jan-2026,MAMU MAKASSAR,BOMBER MAMU,BOMBER NAVY XL,116212,0,0,0,116212,0,0
Feb-2026,MAMU MAKASSAR,BOMBER MAMU,BOMBER NAVY XL,0,3,0,0,122463,367389,0
Mar-2026,MAMU MAKASSAR,BOMBER MAMU,BOMBER NAVY XL,122463,0,0,0,116212,0,367389
Jan-2026,MAMU MAKASSAR,BOMBER MAMU,BOMBER OLIVE L,0,4,0,0,119382,477528,0
Feb-2026,MAMU MAKASSAR,BOMBER MAMU,BOMBER OLIVE L,238764,5,0,0,122463,612315,477528
Mar-2026,MAMU MAKASSAR,BOMBER MAMU,BOMBER OLIVE L,121231,2,0,0,122463,244926,612315
Apr-2026,MAMU MAKASSAR,BOMBER MAMU,BOMBER OLIVE L,0,9,0,0,122377,1101393,244926
Mei-2026,MAMU MAKASSAR,BOMBER MAMU,BOMBER OLIVE L,244182,7,0,0,122377,856639,1101393
Jun-2026,MAMU MAKASSAR,BOMBER MAMU,BOMBER OLIVE L,0,7,0,0,122377,856639,856639
Jul-2026,MAMU MAKASSAR,BOMBER MAMU,BOMBER OLIVE L,122091,10,0,0,122377,1223770,856639
Agu-2026,MAMU MAKASSAR,BOMBER MAMU,BOMBER OLIVE L,0,10,0,0,122377,1223770,1223770
Sep-2026,MAMU MAKASSAR,BOMBER MAMU,BOMBER OLIVE L,122205,9,0,0,122377,1101393,1223770
Okt-2026,MAMU MAKASSAR,BOMBER MAMU,BOMBER OLIVE L,0,1,0,0,122377,122377,1101393
Jan-2026,MAMU MAKASSAR,BOMBER MAMU,BOMBER OLIVE M,0,1,0,0,119382,119382,0
Feb-2026,MAMU MAKASSAR,BOMBER MAMU,BOMBER OLIVE M,0,6,0,0,122463,734778,119382
Mar-2026,MAMU MAKASSAR,BOMBER MAMU,BOMBER OLIVE M,365850,3,0,0,122463,367389,734778
Apr-2026,MAMU MAKASSAR,BOMBER MAMU,BOMBER OLIVE M,0,4,0,0,122429,489716,367389
Mei-2026,MAMU MAKASSAR,BOMBER MAMU,BOMBER OLIVE M,366426,1,0,0,122429,122429,489716
Jun-2026,MAMU MAKASSAR,BOMBER MAMU,BOMBER OLIVE M,122142,0,0,0,119382,0,122429
Jul-2026,MAMU MAKASSAR,BOMBER MAMU,BOMBER OLIVE M,0,3,0,0,122429,367287,0
Agu-2026,MAMU MAKASSAR,BOMBER MAMU,BOMBER OLIVE M,244858,2,0,0,122429,244858,367287
Sep-2026,MAMU MAKASSAR,BOMBER MAMU,BOMBER OLIVE M,122429,0,0,0,119382,0,244858
Feb-2026,MAMU MAKASSAR,BOMBER MAMU,BOMBER OLIVE S,0,7,0,0,122463,857241,0
Mar-2026,MAMU MAKASSAR,BOMBER MAMU,BOMBER OLIVE S,122463,4,0,0,122463,489852,857241
Apr-2026,MAMU MAKASSAR,BOMBER MAMU,BOMBER OLIVE S,122463,3,0,0,122463,367389,489852
Mei-2026,MAMU MAKASSAR,BOMBER MAMU,BOMBER OLIVE S,0,3,0,0,122463,367389,367389
Jun-2026,MAMU MAKASSAR,BOMBER MAMU,BOMBER OLIVE S,0,3,0,0,122463,367389,367389
Jul-2026,MAMU MAKASSAR,BOMBER MAMU,BOMBER OLIVE S,0,3,0,0,122463,367389,367389
Agu-2026,MAMU MAKASSAR,BOMBER MAMU,BOMBER OLIVE S,244926,1,0,0,122463,122463,367389
Sep-2026,MAMU MAKASSAR,BOMBER MAMU,BOMBER OLIVE S,0,1,0,0,122463,122463,122463
Okt-2026,MAMU MAKASSAR,BOMBER MAMU,BOMBER OLIVE S,0,1,0,0,122463,122463,122463
Feb-2026,MAMU MAKASSAR,BOMBER MAMU,BOMBER OLIVE XL,0,3,0,0,122463,367389,0
Mar-2026,MAMU MAKASSAR,BOMBER MAMU,BOMBER OLIVE XL,0,1,0,0,122463,122463,367389
Apr-2026,MAMU MAKASSAR,BOMBER MAMU,BOMBER OLIVE XL,0,9,0,0,122377,1101393,122463
Mei-2026,MAMU MAKASSAR,BOMBER MAMU,BOMBER OLIVE XL,0,9,0,0,122377,1101393,1101393
Jun-2026,MAMU MAKASSAR,BOMBER MAMU,BOMBER OLIVE XL,0,9,0,0,122377,1101393,1101393
Jul-2026,MAMU MAKASSAR,BOMBER MAMU,BOMBER OLIVE XL,122385,12,0,0,122377,1468524,1101393
Agu-2026,MAMU MAKASSAR,BOMBER MAMU,BOMBER OLIVE XL,367155,9,0,0,122377,1101393,1468524
Sep-2026,MAMU MAKASSAR,BOMBER MAMU,BOMBER OLIVE XL,367155,5,0,0,122377,611885,1101393
Okt-2026,MAMU MAKASSAR,BOMBER MAMU,BOMBER OLIVE XL,0,5,0,0,122377,611885,611885
Apr-2026,MAMU PALOPO,BOMBER MAMU,BOMBER COKLAT L,0,1,0,0,122377,122377,0
Mei-2026,MAMU PALOPO,BOMBER MAMU,BOMBER COKLAT L,0,1,0,0,122377,122377,122377
Jun-2026,MAMU PALOPO,BOMBER MAMU,BOMBER COKLAT L,0,1,0,0,122377,122377,122377
Jul-2026,MAMU PALOPO,BOMBER MAMU,BOMBER COKLAT L,0,1,0,0,122377,122377,122377
Agu-2026,MAMU PALOPO,BOMBER MAMU,BOMBER COKLAT L,0,1,0,0,122377,122377,122377
Sep-2026,MAMU PALOPO,BOMBER MAMU,BOMBER COKLAT L,0,1,0,0,122377,122377,122377
Okt-2026,MAMU PALOPO,BOMBER MAMU,BOMBER COKLAT L,0,1,0,0,122377,122377,122377
Feb-2026,MAMU PALOPO,BOMBER MAMU,BOMBER COKLAT M,0,1,0,0,122463,122463,0
Mar-2026,MAMU PALOPO,BOMBER MAMU,BOMBER COKLAT M,0,1,0,0,122463,122463,122463
Apr-2026,MAMU PALOPO,BOMBER MAMU,BOMBER COKLAT M,122463,0,0,0,119382,0,122463
Feb-2026,MAMU PALOPO,BOMBER MAMU,BOMBER COKLAT S,0,2,0,0,122463,244926,0
Mar-2026,MAMU PALOPO,BOMBER MAMU,BOMBER COKLAT S,122463,1,0,0,122463,122463,244926
Apr-2026,MAMU PALOPO,BOMBER MAMU,BOMBER COKLAT S,0,1,0,0,122463,122463,122463
Mei-2026,MAMU PALOPO,BOMBER MAMU,BOMBER COKLAT S,0,1,0,0,122463,122463,122463
Jun-2026,MAMU PALOPO,BOMBER MAMU,BOMBER COKLAT S,0,1,0,0,122463,122463,122463
Jul-2026,MAMU PALOPO,BOMBER MAMU,BOMBER COKLAT S,0,1,0,0,122463,122463,122463
Agu-2026,MAMU PALOPO,BOMBER MAMU,BOMBER COKLAT S,0,1,0,0,122463,122463,122463
Sep-2026,MAMU PALOPO,BOMBER MAMU,BOMBER COKLAT S,0,1,0,0,122463,122463,122463
Okt-2026,MAMU PALOPO,BOMBER MAMU,BOMBER COKLAT S,0,1,0,0,122463,122463,122463
Apr-2026,MAMU PALOPO,BOMBER MAMU,BOMBER COKLAT XL,0,1,0,0,122377,122377,0
Mei-2026,MAMU PALOPO,BOMBER MAMU,BOMBER COKLAT XL,0,1,0,0,122377,122377,122377
Jun-2026,MAMU PALOPO,BOMBER MAMU,BOMBER COKLAT XL,0,1,0,0,122377,122377,122377
Jul-2026,MAMU PALOPO,BOMBER MAMU,BOMBER COKLAT XL,0,1,0,0,122377,122377,122377
Agu-2026,MAMU PALOPO,BOMBER MAMU,BOMBER COKLAT XL,0,1,0,0,122377,122377,122377
Sep-2026,MAMU PALOPO,BOMBER MAMU,BOMBER COKLAT XL,0,1,0,0,122377,122377,122377
Okt-2026,MAMU PALOPO,BOMBER MAMU,BOMBER COKLAT XL,0,1,0,0,122377,122377,122377
Jan-2026,MAMU PALOPO,BOMBER MAMU,BOMBER HITAM L,0,10,0,0,116212,1162120,0
Feb-2026,MAMU PALOPO,BOMBER MAMU,BOMBER HITAM L,232424,8,0,0,122463,979704,1162120
Mar-2026,MAMU PALOPO,BOMBER MAMU,BOMBER HITAM L,0,8,0,0,122463,979704,979704
Apr-2026,MAMU PALOPO,BOMBER MAMU,BOMBER HITAM L,0,10,0,0,122377,1223770,979704
Mei-2026,MAMU PALOPO,BOMBER MAMU,BOMBER HITAM L,0,10,0,0,122377,1223770,1223770
Jun-2026,MAMU PALOPO,BOMBER MAMU,BOMBER HITAM L,0,10,0,0,122377,1223770,1223770
Jul-2026,MAMU PALOPO,BOMBER MAMU,BOMBER HITAM L,117445,9,0,0,122377,1101393,1223770
Agu-2026,MAMU PALOPO,BOMBER MAMU,BOMBER HITAM L,117445,8,0,0,122377,979016,1101393
Sep-2026,MAMU PALOPO,BOMBER MAMU,BOMBER HITAM L,117445,7,0,0,122377,856639,979016
Okt-2026,MAMU PALOPO,BOMBER MAMU,BOMBER HITAM L,0,7,0,0,122377,856639,856639
Jan-2026,MAMU PALOPO,BOMBER MAMU,BOMBER HITAM M,0,4,0,0,116212,464848,0
Feb-2026,MAMU PALOPO,BOMBER MAMU,BOMBER HITAM M,232424,2,0,0,122463,244926,464848
Mar-2026,MAMU PALOPO,BOMBER MAMU,BOMBER HITAM M,116212,1,0,0,122463,122463,244926
Apr-2026,MAMU PALOPO,BOMBER MAMU,BOMBER HITAM M,116212,0,0,0,116212,0,122463
Agu-2026,MAMU PALOPO,BOMBER MAMU,BOMBER HITAM M,0,5,0,0,122377,611885,0
Sep-2026,MAMU PALOPO,BOMBER MAMU,BOMBER HITAM M,122377,4,0,0,122377,489508,611885
Okt-2026,MAMU PALOPO,BOMBER MAMU,BOMBER HITAM M,0,4,0,0,122377,489508,489508
Jan-2026,MAMU PALOPO,BOMBER MAMU,BOMBER HITAM S,0,2,0,0,116212,232424,0
Feb-2026,MAMU PALOPO,BOMBER MAMU,BOMBER HITAM S,0,2,0,0,122463,244926,232424
Mar-2026,MAMU PALOPO,BOMBER MAMU,BOMBER HITAM S,116212,1,0,0,122463,122463,244926
Apr-2026,MAMU PALOPO,BOMBER MAMU,BOMBER HITAM S,0,1,0,0,122463,122463,122463
Mei-2026,MAMU PALOPO,BOMBER MAMU,BOMBER HITAM S,0,1,0,0,122463,122463,122463
Jun-2026,MAMU PALOPO,BOMBER MAMU,BOMBER HITAM S,0,1,0,0,122463,122463,122463
Jul-2026,MAMU PALOPO,BOMBER MAMU,BOMBER HITAM S,0,1,0,0,122463,122463,122463
Agu-2026,MAMU PALOPO,BOMBER MAMU,BOMBER HITAM S,0,1,0,0,122463,122463,122463
Sep-2026,MAMU PALOPO,BOMBER MAMU,BOMBER HITAM S,0,1,0,0,122463,122463,122463
Okt-2026,MAMU PALOPO,BOMBER MAMU,BOMBER HITAM S,0,1,0,0,122463,122463,122463
Jan-2026,MAMU PALOPO,BOMBER MAMU,BOMBER HITAM XL,0,6,0,0,116212,697272,0
Feb-2026,MAMU PALOPO,BOMBER MAMU,BOMBER HITAM XL,0,6,0,0,122463,734778,697272
Mar-2026,MAMU PALOPO,BOMBER MAMU,BOMBER HITAM XL,0,6,0,0,122463,734778,734778
Apr-2026,MAMU PALOPO,BOMBER MAMU,BOMBER HITAM XL,0,6,0,0,122377,734262,734778
Mei-2026,MAMU PALOPO,BOMBER MAMU,BOMBER HITAM XL,232424,4,0,0,122377,489508,734262
Jun-2026,MAMU PALOPO,BOMBER MAMU,BOMBER HITAM XL,116212,3,0,0,122377,367131,489508
Jul-2026,MAMU PALOPO,BOMBER MAMU,BOMBER HITAM XL,0,3,0,0,122377,367131,367131
Agu-2026,MAMU PALOPO,BOMBER MAMU,BOMBER HITAM XL,0,5,0,0,122377,611885,367131
Sep-2026,MAMU PALOPO,BOMBER MAMU,BOMBER HITAM XL,237356,3,0,0,122377,367131,611885
Okt-2026,MAMU PALOPO,BOMBER MAMU,BOMBER HITAM XL,0,3,0,0,122377,367131,367131
Jan-2026,MAMU PALOPO,BOMBER MAMU,BOMBER NAVY L,0,7,0,0,116212,813484,0
Feb-2026,MAMU PALOPO,BOMBER MAMU,BOMBER NAVY L,0,7,0,0,116212,813484,813484
Mar-2026,MAMU PALOPO,BOMBER MAMU,BOMBER NAVY L,0,7,0,0,116212,813484,813484
Apr-2026,MAMU PALOPO,BOMBER MAMU,BOMBER NAVY L,0,7,0,0,116212,813484,813484
Mei-2026,MAMU PALOPO,BOMBER MAMU,BOMBER NAVY L,0,7,0,0,116212,813484,813484
Jun-2026,MAMU PALOPO,BOMBER MAMU,BOMBER NAVY L,116212,7,0,0,116212,813484,813484
Jul-2026,MAMU PALOPO,BOMBER MAMU,BOMBER NAVY L,0,7,0,0,116212,813484,813484
Agu-2026,MAMU PALOPO,BOMBER MAMU,BOMBER NAVY L,0,7,0,0,116212,813484,813484
Sep-2026,MAMU PALOPO,BOMBER MAMU,BOMBER NAVY L,0,7,0,0,116212,813484,813484
Okt-2026,MAMU PALOPO,BOMBER MAMU,BOMBER NAVY L,0,7,0,0,116212,813484,813484
Jan-2026,MAMU PALOPO,BOMBER MAMU,BOMBER NAVY M,0,2,0,0,116212,232424,0
Feb-2026,MAMU PALOPO,BOMBER MAMU,BOMBER NAVY M,0,2,0,0,122463,244926,232424
Mar-2026,MAMU PALOPO,BOMBER MAMU,BOMBER NAVY M,0,2,0,0,122463,244926,244926
Apr-2026,MAMU PALOPO,BOMBER MAMU,BOMBER NAVY M,0,2,0,0,122463,244926,244926
Mei-2026,MAMU PALOPO,BOMBER MAMU,BOMBER NAVY M,116212,1,0,0,122463,122463,244926
Jun-2026,MAMU PALOPO,BOMBER MAMU,BOMBER NAVY M,0,1,0,0,122463,122463,122463
Jul-2026,MAMU PALOPO,BOMBER MAMU,BOMBER NAVY M,116212,1,0,0,122463,122463,122463
Agu-2026,MAMU PALOPO,BOMBER MAMU,BOMBER NAVY M,0,0,0,0,122463,0,122463
Jan-2026,MAMU PALOPO,BOMBER MAMU,BOMBER NAVY S,0,3,0,0,116212,348636,0
Feb-2026,MAMU PALOPO,BOMBER MAMU,BOMBER NAVY S,0,3,0,0,122463,367389,348636
Mar-2026,MAMU PALOPO,BOMBER MAMU,BOMBER NAVY S,0,3,0,0,122463,367389,367389
Apr-2026,MAMU PALOPO,BOMBER MAMU,BOMBER NAVY S,0,3,0,0,122463,367389,367389
Mei-2026,MAMU PALOPO,BOMBER MAMU,BOMBER NAVY S,0,3,0,0,122463,367389,367389
Jun-2026,MAMU PALOPO,BOMBER MAMU,BOMBER NAVY S,0,3,0,0,122463,367389,367389
Jul-2026,MAMU PALOPO,BOMBER MAMU,BOMBER NAVY S,0,3,0,0,122463,367389,367389
Agu-2026,MAMU PALOPO,BOMBER MAMU,BOMBER NAVY S,0,3,0,0,122463,367389,367389
Sep-2026,MAMU PALOPO,BOMBER MAMU,BOMBER NAVY S,0,3,0,0,122463,367389,367389
Okt-2026,MAMU PALOPO,BOMBER MAMU,BOMBER NAVY S,0,3,0,0,122463,367389,367389
Jan-2026,MAMU PALOPO,BOMBER MAMU,BOMBER NAVY XL,0,5,0,0,116212,581060,0
Feb-2026,MAMU PALOPO,BOMBER MAMU,BOMBER NAVY XL,0,5,0,0,122463,612315,581060
Mar-2026,MAMU PALOPO,BOMBER MAMU,BOMBER NAVY XL,0,5,0,0,122463,612315,612315
Apr-2026,MAMU PALOPO,BOMBER MAMU,BOMBER NAVY XL,0,5,0,0,122463,612315,612315
Mei-2026,MAMU PALOPO,BOMBER MAMU,BOMBER NAVY XL,0,5,0,0,122463,612315,612315
Jun-2026,MAMU PALOPO,BOMBER MAMU,BOMBER NAVY XL,0,4,0,0,122463,489852,612315
Jul-2026,MAMU PALOPO,BOMBER MAMU,BOMBER NAVY XL,0,4,0,0,122463,489852,489852
Agu-2026,MAMU PALOPO,BOMBER MAMU,BOMBER NAVY XL,0,4,0,0,122463,489852,489852
Sep-2026,MAMU PALOPO,BOMBER MAMU,BOMBER NAVY XL,0,4,0,0,122463,489852,489852
Okt-2026,MAMU PALOPO,BOMBER MAMU,BOMBER NAVY XL,0,4,0,0,122463,489852,489852
Jan-2026,MAMU PALOPO,BOMBER MAMU,BOMBER OLIVE L,119382,8,0,0,119382,955056,0
Feb-2026,MAMU PALOPO,BOMBER MAMU,BOMBER OLIVE L,0,8,0,0,122463,979704,955056
Mar-2026,MAMU PALOPO,BOMBER MAMU,BOMBER OLIVE L,0,8,0,0,122463,979704,979704
Apr-2026,MAMU PALOPO,BOMBER MAMU,BOMBER OLIVE L,0,8,0,0,122377,979016,979704
Mei-2026,MAMU PALOPO,BOMBER MAMU,BOMBER OLIVE L,0,8,0,0,122377,979016,979016
Jun-2026,MAMU PALOPO,BOMBER MAMU,BOMBER OLIVE L,0,8,0,0,122377,979016,979016
Jul-2026,MAMU PALOPO,BOMBER MAMU,BOMBER OLIVE L,0,8,0,0,122377,979016,979016
Agu-2026,MAMU PALOPO,BOMBER MAMU,BOMBER OLIVE L,119382,8,0,0,122377,979016,979016
Sep-2026,MAMU PALOPO,BOMBER MAMU,BOMBER OLIVE L,0,7,0,0,122377,856639,979016
Okt-2026,MAMU PALOPO,BOMBER MAMU,BOMBER OLIVE L,0,7,0,0,122377,856639,856639
Jan-2026,MAMU PALOPO,BOMBER MAMU,BOMBER OLIVE M,0,1,0,0,119382,119382,0
Feb-2026,MAMU PALOPO,BOMBER MAMU,BOMBER OLIVE M,0,1,0,0,122463,122463,119382
Mar-2026,MAMU PALOPO,BOMBER MAMU,BOMBER OLIVE M,0,1,0,0,122463,122463,122463
Apr-2026,MAMU PALOPO,BOMBER MAMU,BOMBER OLIVE M,0,1,0,0,122429,122429,122463
Mei-2026,MAMU PALOPO,BOMBER MAMU,BOMBER OLIVE M,0,1,0,0,122429,122429,122429
Jun-2026,MAMU PALOPO,BOMBER MAMU,BOMBER OLIVE M,0,1,0,0,122429,122429,122429
Jul-2026,MAMU PALOPO,BOMBER MAMU,BOMBER OLIVE M,0,1,0,0,122429,122429,122429
Agu-2026,MAMU PALOPO,BOMBER MAMU,BOMBER OLIVE M,0,1,0,0,122429,122429,122429
Sep-2026,MAMU PALOPO,BOMBER MAMU,BOMBER OLIVE M,0,1,0,0,122429,122429,122429
Okt-2026,MAMU PALOPO,BOMBER MAMU,BOMBER OLIVE M,0,1,0,0,122429,122429,122429
Jan-2026,MAMU PALOPO,BOMBER MAMU,BOMBER OLIVE S,0,1,0,0,119382,119382,0
Feb-2026,MAMU PALOPO,BOMBER MAMU,BOMBER OLIVE S,0,1,0,0,122463,122463,119382
Mar-2026,MAMU PALOPO,BOMBER MAMU,BOMBER OLIVE S,0,1,0,0,122463,122463,122463
Apr-2026,MAMU PALOPO,BOMBER MAMU,BOMBER OLIVE S,0,1,0,0,122463,122463,122463
Mei-2026,MAMU PALOPO,BOMBER MAMU,BOMBER OLIVE S,119382,0,0,0,119382,0,122463
Jan-2026,MAMU PALOPO,BOMBER MAMU,BOMBER OLIVE XL,0,1,0,0,119382,119382,0
Feb-2026,MAMU PALOPO,BOMBER MAMU,BOMBER OLIVE XL,0,1,0,0,122463,122463,119382
Mar-2026,MAMU PALOPO,BOMBER MAMU,BOMBER OLIVE XL,0,1,0,0,122463,122463,122463
Apr-2026,MAMU PALOPO,BOMBER MAMU,BOMBER OLIVE XL,0,1,0,0,122377,122377,122463
Mei-2026,MAMU PALOPO,BOMBER MAMU,BOMBER OLIVE XL,119382,0,0,0,119382,0,122377
Apr-2026,MAMU TSM,BOMBER MAMU,BOMBER HITAM L,0,10,0,0,122377,1223770,0
Mei-2026,MAMU TSM,BOMBER MAMU,BOMBER HITAM L,0,10,0,0,122377,1223770,1223770
Jun-2026,MAMU TSM,BOMBER MAMU,BOMBER HITAM L,0,0,0,0,122377,0,1223770
Apr-2026,MAMU TSM,BOMBER MAMU,BOMBER HITAM M,0,10,0,0,122377,1223770,0
Mei-2026,MAMU TSM,BOMBER MAMU,BOMBER HITAM M,0,10,0,0,122377,1223770,1223770
Jun-2026,MAMU TSM,BOMBER MAMU,BOMBER HITAM M,0,0,0,0,122377,0,1223770
Apr-2026,MAMU TSM,BOMBER MAMU,BOMBER HITAM S,0,10,0,0,122463,1224630,0
Mei-2026,MAMU TSM,BOMBER MAMU,BOMBER HITAM S,0,10,0,0,122463,1224630,1224630
Jun-2026,MAMU TSM,BOMBER MAMU,BOMBER HITAM S,0,0,0,0,122463,0,1224630
Apr-2026,MAMU TSM,BOMBER MAMU,BOMBER HITAM XL,0,10,0,0,122377,1223770,0
Mei-2026,MAMU TSM,BOMBER MAMU,BOMBER HITAM XL,0,10,0,0,122377,1223770,1223770
Jun-2026,MAMU TSM,BOMBER MAMU,BOMBER HITAM XL,0,0,0,0,122377,0,1223770
Apr-2026,MAMU TSM,BOMBER MAMU,BOMBER NAVY S,0,6,0,0,122463,734778,0
Mei-2026,MAMU TSM,BOMBER MAMU,BOMBER NAVY S,0,6,0,0,122463,734778,734778
Jun-2026,MAMU TSM,BOMBER MAMU,BOMBER NAVY S,0,0,0,0,122463,0,734778
Apr-2026,MAMU TSM,BOMBER MAMU,BOMBER OLIVE L,0,4,0,0,122377,489508,0
Mei-2026,MAMU TSM,BOMBER MAMU,BOMBER OLIVE L,0,4,0,0,122377,489508,489508
Jun-2026,MAMU TSM,BOMBER MAMU,BOMBER OLIVE L,0,0,0,0,122377,0,489508
Apr-2026,MAMU TSM,BOMBER MAMU,BOMBER OLIVE M,0,3,0,0,122429,367287,0
Mei-2026,MAMU TSM,BOMBER MAMU,BOMBER OLIVE M,0,3,0,0,122429,367287,367287
Jun-2026,MAMU TSM,BOMBER MAMU,BOMBER OLIVE M,0,0,0,0,122429,0,367287
Apr-2026,MAMU TSM,BOMBER MAMU,BOMBER OLIVE XL,0,3,0,0,122377,367131,0
Mei-2026,MAMU TSM,BOMBER MAMU,BOMBER OLIVE XL,0,3,0,0,122377,367131,367131
Jun-2026,MAMU TSM,BOMBER MAMU,BOMBER OLIVE XL,0,0,0,0,122377,0,367131
Feb-2026,TIGALAPANKAOS BONE,BOMBER MAMU,BOMBER COKLAT M,0,2,0,0,122463,244926,0
Mar-2026,TIGALAPANKAOS BONE,BOMBER MAMU,BOMBER COKLAT M,0,2,0,0,122463,244926,244926
Apr-2026,TIGALAPANKAOS BONE,BOMBER MAMU,BOMBER COKLAT M,122463,1,0,0,122377,122377,244926
Mei-2026,TIGALAPANKAOS BONE,BOMBER MAMU,BOMBER COKLAT M,122463,0,0,0,119382,0,122377
Feb-2026,TIGALAPANKAOS BONE,BOMBER MAMU,BOMBER COKLAT S,0,2,0,0,122463,244926,0
Mar-2026,TIGALAPANKAOS BONE,BOMBER MAMU,BOMBER COKLAT S,0,2,0,0,122463,244926,244926
Apr-2026,TIGALAPANKAOS BONE,BOMBER MAMU,BOMBER COKLAT S,0,2,0,0,122463,244926,244926
Mei-2026,TIGALAPANKAOS BONE,BOMBER MAMU,BOMBER COKLAT S,0,2,0,0,122463,244926,244926
Jun-2026,TIGALAPANKAOS BONE,BOMBER MAMU,BOMBER COKLAT S,0,2,0,0,122463,244926,244926
Jul-2026,TIGALAPANKAOS BONE,BOMBER MAMU,BOMBER COKLAT S,0,2,0,0,122463,244926,244926
Agu-2026,TIGALAPANKAOS BONE,BOMBER MAMU,BOMBER COKLAT S,0,2,0,0,122463,244926,244926
Sep-2026,TIGALAPANKAOS BONE,BOMBER MAMU,BOMBER COKLAT S,0,2,0,0,122463,244926,244926
Okt-2026,TIGALAPANKAOS BONE,BOMBER MAMU,BOMBER COKLAT S,0,2,0,0,122463,244926,244926
Apr-2026,TIGALAPANKAOS BONE,BOMBER MAMU,BOMBER HITAM L,0,5,0,0,122377,611885,0
Mei-2026,TIGALAPANKAOS BONE,BOMBER MAMU,BOMBER HITAM L,0,5,0,0,122377,611885,611885
Jun-2026,TIGALAPANKAOS BONE,BOMBER MAMU,BOMBER HITAM L,0,5,0,0,122377,611885,611885
Jul-2026,TIGALAPANKAOS BONE,BOMBER MAMU,BOMBER HITAM L,0,5,0,0,122377,611885,611885
Agu-2026,TIGALAPANKAOS BONE,BOMBER MAMU,BOMBER HITAM L,0,5,0,0,122377,611885,611885
Sep-2026,TIGALAPANKAOS BONE,BOMBER MAMU,BOMBER HITAM L,122377,4,0,0,122377,489508,611885
Okt-2026,TIGALAPANKAOS BONE,BOMBER MAMU,BOMBER HITAM L,0,4,0,0,122377,489508,489508
Apr-2026,TIGALAPANKAOS BONE,BOMBER MAMU,BOMBER HITAM M,0,3,0,0,122377,367131,0
Mei-2026,TIGALAPANKAOS BONE,BOMBER MAMU,BOMBER HITAM M,0,3,0,0,122377,367131,367131
Jun-2026,TIGALAPANKAOS BONE,BOMBER MAMU,BOMBER HITAM M,0,3,0,0,122377,367131,367131
Jul-2026,TIGALAPANKAOS BONE,BOMBER MAMU,BOMBER HITAM M,0,3,0,0,122377,367131,367131
Agu-2026,TIGALAPANKAOS BONE,BOMBER MAMU,BOMBER HITAM M,122377,2,0,0,122377,244754,367131
Sep-2026,TIGALAPANKAOS BONE,BOMBER MAMU,BOMBER HITAM M,0,2,0,0,122377,244754,244754
Okt-2026,TIGALAPANKAOS BONE,BOMBER MAMU,BOMBER HITAM M,0,2,0,0,122377,244754,244754
Feb-2026,TIGALAPANKAOS BONE,BOMBER MAMU,BOMBER HITAM S,0,2,0,0,122463,244926,0
Mar-2026,TIGALAPANKAOS BONE,BOMBER MAMU,BOMBER HITAM S,0,2,0,0,122463,244926,244926
Apr-2026,TIGALAPANKAOS BONE,BOMBER MAMU,BOMBER HITAM S,0,3,0,0,122463,367389,244926
Mei-2026,TIGALAPANKAOS BONE,BOMBER MAMU,BOMBER HITAM S,0,3,0,0,122463,367389,367389
Jun-2026,TIGALAPANKAOS BONE,BOMBER MAMU,BOMBER HITAM S,0,3,0,0,122463,367389,367389
Jul-2026,TIGALAPANKAOS BONE,BOMBER MAMU,BOMBER HITAM S,0,3,0,0,122463,367389,367389
Agu-2026,TIGALAPANKAOS BONE,BOMBER MAMU,BOMBER HITAM S,0,3,0,0,122463,367389,367389
Sep-2026,TIGALAPANKAOS BONE,BOMBER MAMU,BOMBER HITAM S,0,3,0,0,122463,367389,367389
Okt-2026,TIGALAPANKAOS BONE,BOMBER MAMU,BOMBER HITAM S,0,3,0,0,122463,367389,367389
Apr-2026,TIGALAPANKAOS BONE,BOMBER MAMU,BOMBER HITAM XL,0,3,0,0,122377,367131,0
Mei-2026,TIGALAPANKAOS BONE,BOMBER MAMU,BOMBER HITAM XL,0,3,0,0,122377,367131,367131
Jun-2026,TIGALAPANKAOS BONE,BOMBER MAMU,BOMBER HITAM XL,122377,2,0,0,122377,244754,367131
Jul-2026,TIGALAPANKAOS BONE,BOMBER MAMU,BOMBER HITAM XL,0,2,0,0,122377,244754,244754
Agu-2026,TIGALAPANKAOS BONE,BOMBER MAMU,BOMBER HITAM XL,0,2,0,0,122377,244754,244754
Sep-2026,TIGALAPANKAOS BONE,BOMBER MAMU,BOMBER HITAM XL,0,2,0,0,122377,244754,244754
Okt-2026,TIGALAPANKAOS BONE,BOMBER MAMU,BOMBER HITAM XL,0,2,0,0,122377,244754,244754
Feb-2026,TIGALAPANKAOS BONE,BOMBER MAMU,BOMBER NAVY M,0,2,0,0,122463,244926,0
Mar-2026,TIGALAPANKAOS BONE,BOMBER MAMU,BOMBER NAVY M,0,2,0,0,122463,244926,244926
Apr-2026,TIGALAPANKAOS BONE,BOMBER MAMU,BOMBER NAVY M,0,2,0,0,122463,244926,244926
Mei-2026,TIGALAPANKAOS BONE,BOMBER MAMU,BOMBER NAVY M,0,2,0,0,122463,244926,244926
Jun-2026,TIGALAPANKAOS BONE,BOMBER MAMU,BOMBER NAVY M,0,2,0,0,122463,244926,244926
Jul-2026,TIGALAPANKAOS BONE,BOMBER MAMU,BOMBER NAVY M,0,2,0,0,122463,244926,244926
Agu-2026,TIGALAPANKAOS BONE,BOMBER MAMU,BOMBER NAVY M,122463,2,0,0,122463,244926,244926
Sep-2026,TIGALAPANKAOS BONE,BOMBER MAMU,BOMBER NAVY M,0,1,0,0,122463,122463,244926
Okt-2026,TIGALAPANKAOS BONE,BOMBER MAMU,BOMBER NAVY M,0,1,0,0,122463,122463,122463
Feb-2026,TIGALAPANKAOS BONE,BOMBER MAMU,BOMBER NAVY S,0,2,0,0,122463,244926,0
Mar-2026,TIGALAPANKAOS BONE,BOMBER MAMU,BOMBER NAVY S,122463,1,0,0,122463,122463,244926
Apr-2026,TIGALAPANKAOS BONE,BOMBER MAMU,BOMBER NAVY S,0,1,0,0,122463,122463,122463
Mei-2026,TIGALAPANKAOS BONE,BOMBER MAMU,BOMBER NAVY S,0,1,0,0,122463,122463,122463
Jun-2026,TIGALAPANKAOS BONE,BOMBER MAMU,BOMBER NAVY S,0,1,0,0,122463,122463,122463
Jul-2026,TIGALAPANKAOS BONE,BOMBER MAMU,BOMBER NAVY S,0,1,0,0,122463,122463,122463
Agu-2026,TIGALAPANKAOS BONE,BOMBER MAMU,BOMBER NAVY S,0,1,0,0,122463,122463,122463
Sep-2026,TIGALAPANKAOS BONE,BOMBER MAMU,BOMBER NAVY S,0,1,0,0,122463,122463,122463
Okt-2026,TIGALAPANKAOS BONE,BOMBER MAMU,BOMBER NAVY S,0,1,0,0,122463,122463,122463
Feb-2026,TIGALAPANKAOS BONE,BOMBER MAMU,BOMBER OLIVE M,0,2,0,0,122463,244926,0
Mar-2026,TIGALAPANKAOS BONE,BOMBER MAMU,BOMBER OLIVE M,0,2,0,0,122463,244926,244926
Apr-2026,TIGALAPANKAOS BONE,BOMBER MAMU,BOMBER OLIVE M,0,2,0,0,122429,244858,244926
Mei-2026,TIGALAPANKAOS BONE,BOMBER MAMU,BOMBER OLIVE M,122463,1,0,0,122429,122429,244858
Jun-2026,TIGALAPANKAOS BONE,BOMBER MAMU,BOMBER OLIVE M,0,1,0,0,122429,122429,122429
Jul-2026,TIGALAPANKAOS BONE,BOMBER MAMU,BOMBER OLIVE M,122463,1,0,0,122429,122429,122429
Agu-2026,TIGALAPANKAOS BONE,BOMBER MAMU,BOMBER OLIVE M,0,0,0,0,122429,0,122429
Feb-2026,TIGALAPANKAOS BONE,BOMBER MAMU,BOMBER OLIVE S,122463,2,0,0,122463,244926,0
Mar-2026,TIGALAPANKAOS BONE,BOMBER MAMU,BOMBER OLIVE S,0,1,0,0,122463,122463,244926
Apr-2026,TIGALAPANKAOS BONE,BOMBER MAMU,BOMBER OLIVE S,0,1,0,0,122463,122463,122463
Mei-2026,TIGALAPANKAOS BONE,BOMBER MAMU,BOMBER OLIVE S,0,1,0,0,122463,122463,122463
Jun-2026,TIGALAPANKAOS BONE,BOMBER MAMU,BOMBER OLIVE S,0,1,0,0,122463,122463,122463
Jul-2026,TIGALAPANKAOS BONE,BOMBER MAMU,BOMBER OLIVE S,0,1,0,0,122463,122463,122463
Agu-2026,TIGALAPANKAOS BONE,BOMBER MAMU,BOMBER OLIVE S,122463,0,0,0,119382,0,122463
Jun-2026,TIGALAPANKAOS MAKASSAR,BOMBER MAMU,BOMBER HITAM L,0,10,0,0,122377,1223770,0
Jul-2026,TIGALAPANKAOS MAKASSAR,BOMBER MAMU,BOMBER HITAM L,0,0,0,0,122377,0,1223770
Jun-2026,TIGALAPANKAOS MAKASSAR,BOMBER MAMU,BOMBER HITAM M,0,10,0,0,122377,1223770,0
Jul-2026,TIGALAPANKAOS MAKASSAR,BOMBER MAMU,BOMBER HITAM M,0,0,0,0,122377,0,1223770
Jun-2026,TIGALAPANKAOS MAKASSAR,BOMBER MAMU,BOMBER HITAM S,0,10,0,0,122463,1224630,0
Jul-2026,TIGALAPANKAOS MAKASSAR,BOMBER MAMU,BOMBER HITAM S,0,0,0,0,122463,0,1224630
Jun-2026,TIGALAPANKAOS MAKASSAR,BOMBER MAMU,BOMBER HITAM XL,0,10,0,0,122377,1223770,0
Jul-2026,TIGALAPANKAOS MAKASSAR,BOMBER MAMU,BOMBER HITAM XL,0,0,0,0,122377,0,1223770
Jun-2026,TIGALAPANKAOS MAKASSAR,BOMBER MAMU,BOMBER NAVY S,0,6,0,0,122463,734778,0
Jul-2026,TIGALAPANKAOS MAKASSAR,BOMBER MAMU,BOMBER NAVY S,0,0,0,0,122463,0,734778
Jun-2026,TIGALAPANKAOS MAKASSAR,BOMBER MAMU,BOMBER OLIVE L,0,4,0,0,122377,489508,0
Jul-2026,TIGALAPANKAOS MAKASSAR,BOMBER MAMU,BOMBER OLIVE L,0,0,0,0,122377,0,489508
Jun-2026,TIGALAPANKAOS MAKASSAR,BOMBER MAMU,BOMBER OLIVE M,0,3,0,0,122429,367287,0
Jul-2026,TIGALAPANKAOS MAKASSAR,BOMBER MAMU,BOMBER OLIVE M,0,0,0,0,122429,0,367287
Jun-2026,TIGALAPANKAOS MAKASSAR,BOMBER MAMU,BOMBER OLIVE XL,0,3,0,0,122377,367131,0
Jul-2026,TIGALAPANKAOS MAKASSAR,BOMBER MAMU,BOMBER OLIVE XL,0,0,0,0,122377,0,367131
Jan-2026,TIGALAPANKAOS MANADO,BOMBER MAMU,BOMBER HIJAU ARMY L,0,4,0,0,123000,492000,0
Feb-2026,TIGALAPANKAOS MANADO,BOMBER MAMU,BOMBER HIJAU ARMY L,0,4,0,0,123000,492000,492000
Mar-2026,TIGALAPANKAOS MANADO,BOMBER MAMU,BOMBER HIJAU ARMY L,0,4,0,0,123000,492000,492000
Apr-2026,TIGALAPANKAOS MANADO,BOMBER MAMU,BOMBER HIJAU ARMY L,0,4,0,0,123000,492000,492000
Mei-2026,TIGALAPANKAOS MANADO,BOMBER MAMU,BOMBER HIJAU ARMY L,0,4,0,0,123000,492000,492000
Jun-2026,TIGALAPANKAOS MANADO,BOMBER MAMU,BOMBER HIJAU ARMY L,0,4,0,0,123000,492000,492000
Jul-2026,TIGALAPANKAOS MANADO,BOMBER MAMU,BOMBER HIJAU ARMY L,0,0,0,0,123000,0,492000
Jan-2026,TIGALAPANKAOS MANADO,BOMBER MAMU,BOMBER HIJAU ARMY M,0,1,0,0,123000,123000,0
Feb-2026,TIGALAPANKAOS MANADO,BOMBER MAMU,BOMBER HIJAU ARMY M,0,1,0,0,123000,123000,123000
Mar-2026,TIGALAPANKAOS MANADO,BOMBER MAMU,BOMBER HIJAU ARMY M,0,1,0,0,123000,123000,123000
Apr-2026,TIGALAPANKAOS MANADO,BOMBER MAMU,BOMBER HIJAU ARMY M,0,1,0,0,123000,123000,123000
Mei-2026,TIGALAPANKAOS MANADO,BOMBER MAMU,BOMBER HIJAU ARMY M,0,1,0,0,123000,123000,123000
Jun-2026,TIGALAPANKAOS MANADO,BOMBER MAMU,BOMBER HIJAU ARMY M,123000,1,0,0,123000,123000,123000
Jul-2026,TIGALAPANKAOS MANADO,BOMBER MAMU,BOMBER HIJAU ARMY M,0,0,0,0,123000,0,123000
Jan-2026,TIGALAPANKAOS MANADO,BOMBER MAMU,BOMBER HIJAU ARMY XL,0,1,0,0,123000,123000,0
Feb-2026,TIGALAPANKAOS MANADO,BOMBER MAMU,BOMBER HIJAU ARMY XL,0,1,0,0,123000,123000,123000
Mar-2026,TIGALAPANKAOS MANADO,BOMBER MAMU,BOMBER HIJAU ARMY XL,0,1,0,0,123000,123000,123000
Apr-2026,TIGALAPANKAOS MANADO,BOMBER MAMU,BOMBER HIJAU ARMY XL,0,1,0,0,123000,123000,123000
Mei-2026,TIGALAPANKAOS MANADO,BOMBER MAMU,BOMBER HIJAU ARMY XL,0,1,0,0,123000,123000,123000
Jun-2026,TIGALAPANKAOS MANADO,BOMBER MAMU,BOMBER HIJAU ARMY XL,0,1,0,0,123000,123000,123000
Jul-2026,TIGALAPANKAOS MANADO,BOMBER MAMU,BOMBER HIJAU ARMY XL,0,0,0,0,123000,0,123000
Jan-2026,TIGALAPANKAOS MANADO,BOMBER MAMU,BOMBER HITAM L,0,4,0,0,116212,464848,0
Feb-2026,TIGALAPANKAOS MANADO,BOMBER MAMU,BOMBER HITAM L,0,4,0,0,122463,489852,464848
Mar-2026,TIGALAPANKAOS MANADO,BOMBER MAMU,BOMBER HITAM L,0,4,0,0,122463,489852,489852
Apr-2026,TIGALAPANKAOS MANADO,BOMBER MAMU,BOMBER HITAM L,116212,3,0,0,122377,367131,489852
Mei-2026,TIGALAPANKAOS MANADO,BOMBER MAMU,BOMBER HITAM L,116212,2,0,0,122377,244754,367131
Jun-2026,TIGALAPANKAOS MANADO,BOMBER MAMU,BOMBER HITAM L,232424,0,0,0,116212,0,244754
Jan-2026,TIGALAPANKAOS MANADO,BOMBER MAMU,BOMBER HITAM S,0,3,0,0,116212,348636,0
Feb-2026,TIGALAPANKAOS MANADO,BOMBER MAMU,BOMBER HITAM S,0,3,0,0,122463,367389,348636
Mar-2026,TIGALAPANKAOS MANADO,BOMBER MAMU,BOMBER HITAM S,0,3,0,0,122463,367389,367389
Apr-2026,TIGALAPANKAOS MANADO,BOMBER MAMU,BOMBER HITAM S,0,3,0,0,122463,367389,367389
Mei-2026,TIGALAPANKAOS MANADO,BOMBER MAMU,BOMBER HITAM S,0,3,0,0,122463,367389,367389
Jun-2026,TIGALAPANKAOS MANADO,BOMBER MAMU,BOMBER HITAM S,0,3,0,0,122463,367389,367389
Jul-2026,TIGALAPANKAOS MANADO,BOMBER MAMU,BOMBER HITAM S,0,3,0,0,122463,367389,367389
Agu-2026,TIGALAPANKAOS MANADO,BOMBER MAMU,BOMBER HITAM S,0,3,0,0,122463,367389,367389
Sep-2026,TIGALAPANKAOS MANADO,BOMBER MAMU,BOMBER HITAM S,0,3,0,0,122463,367389,367389
Okt-2026,TIGALAPANKAOS MANADO,BOMBER MAMU,BOMBER HITAM S,0,3,0,0,122463,367389,367389
Jan-2026,TIGALAPANKAOS MANADO,BOMBER MAMU,BOMBER NAVY L,0,9,0,0,116212,1045908,0
Feb-2026,TIGALAPANKAOS MANADO,BOMBER MAMU,BOMBER NAVY L,0,9,0,0,116212,1045908,1045908
Mar-2026,TIGALAPANKAOS MANADO,BOMBER MAMU,BOMBER NAVY L,0,9,0,0,116212,1045908,1045908
Apr-2026,TIGALAPANKAOS MANADO,BOMBER MAMU,BOMBER NAVY L,0,9,0,0,116212,1045908,1045908
Mei-2026,TIGALAPANKAOS MANADO,BOMBER MAMU,BOMBER NAVY L,0,9,0,0,116212,1045908,1045908
Jun-2026,TIGALAPANKAOS MANADO,BOMBER MAMU,BOMBER NAVY L,0,9,0,0,116212,1045908,1045908
Jul-2026,TIGALAPANKAOS MANADO,BOMBER MAMU,BOMBER NAVY L,116212,8,0,0,116212,929696,1045908
Agu-2026,TIGALAPANKAOS MANADO,BOMBER MAMU,BOMBER NAVY L,0,8,0,0,116212,929696,929696
Sep-2026,TIGALAPANKAOS MANADO,BOMBER MAMU,BOMBER NAVY L,0,8,0,0,116212,929696,929696
Okt-2026,TIGALAPANKAOS MANADO,BOMBER MAMU,BOMBER NAVY L,0,8,0,0,116212,929696,929696
Mar-2026,TIGALAPANKAOS MANADO,BOMBER MAMU,BOMBER NAVY M,0,1,0,0,122463,122463,0
Apr-2026,TIGALAPANKAOS MANADO,BOMBER MAMU,BOMBER NAVY M,0,1,0,0,122463,122463,122463
Mei-2026,TIGALAPANKAOS MANADO,BOMBER MAMU,BOMBER NAVY M,0,1,0,0,122463,122463,122463
Jun-2026,TIGALAPANKAOS MANADO,BOMBER MAMU,BOMBER NAVY M,0,1,0,0,122463,122463,122463
Jul-2026,TIGALAPANKAOS MANADO,BOMBER MAMU,BOMBER NAVY M,0,1,0,0,122463,122463,122463
Agu-2026,TIGALAPANKAOS MANADO,BOMBER MAMU,BOMBER NAVY M,0,1,0,0,122463,122463,122463
Sep-2026,TIGALAPANKAOS MANADO,BOMBER MAMU,BOMBER NAVY M,0,1,0,0,122463,122463,122463
Okt-2026,TIGALAPANKAOS MANADO,BOMBER MAMU,BOMBER NAVY M,0,1,0,0,122463,122463,122463
Mar-2026,TIGALAPANKAOS MANADO,BOMBER MAMU,BOMBER NAVY S,0,2,0,0,122463,244926,0
Apr-2026,TIGALAPANKAOS MANADO,BOMBER MAMU,BOMBER NAVY S,0,2,0,0,122463,244926,244926
Mei-2026,TIGALAPANKAOS MANADO,BOMBER MAMU,BOMBER NAVY S,0,2,0,0,122463,244926,244926
Jun-2026,TIGALAPANKAOS MANADO,BOMBER MAMU,BOMBER NAVY S,0,2,0,0,122463,244926,244926
Jul-2026,TIGALAPANKAOS MANADO,BOMBER MAMU,BOMBER NAVY S,0,2,0,0,122463,244926,244926
Agu-2026,TIGALAPANKAOS MANADO,BOMBER MAMU,BOMBER NAVY S,0,2,0,0,122463,244926,244926
Sep-2026,TIGALAPANKAOS MANADO,BOMBER MAMU,BOMBER NAVY S,0,2,0,0,122463,244926,244926
Okt-2026,TIGALAPANKAOS MANADO,BOMBER MAMU,BOMBER NAVY S,0,2,0,0,122463,244926,244926
Jan-2026,TIGALAPANKAOS MANADO,BOMBER MAMU,BOMBER OLIVE L,0,1,0,0,119382,119382,0
Feb-2026,TIGALAPANKAOS MANADO,BOMBER MAMU,BOMBER OLIVE L,0,1,0,0,122463,122463,119382
Mar-2026,TIGALAPANKAOS MANADO,BOMBER MAMU,BOMBER OLIVE L,0,1,0,0,122463,122463,122463
Apr-2026,TIGALAPANKAOS MANADO,BOMBER MAMU,BOMBER OLIVE L,0,1,0,0,122377,122377,122463
Mei-2026,TIGALAPANKAOS MANADO,BOMBER MAMU,BOMBER OLIVE L,0,1,0,0,122377,122377,122377
Jun-2026,TIGALAPANKAOS MANADO,BOMBER MAMU,BOMBER OLIVE L,119382,0,0,0,119382,0,122377
Jan-2026,TIGALAPANKAOS MANADO,BOMBER MAMU,BOMBER OLIVE M,0,1,0,0,119382,119382,0
Feb-2026,TIGALAPANKAOS MANADO,BOMBER MAMU,BOMBER OLIVE M,0,1,0,0,122463,122463,119382
Mar-2026,TIGALAPANKAOS MANADO,BOMBER MAMU,BOMBER OLIVE M,0,1,0,0,122463,122463,122463
Apr-2026,TIGALAPANKAOS MANADO,BOMBER MAMU,BOMBER OLIVE M,0,1,0,0,122429,122429,122463
Mei-2026,TIGALAPANKAOS MANADO,BOMBER MAMU,BOMBER OLIVE M,0,1,0,0,122429,122429,122429
Jun-2026,TIGALAPANKAOS MANADO,BOMBER MAMU,BOMBER OLIVE M,0,0,0,0,122429,0,122429
Jan-2026,TIGALAPANKAOS MANADO,BOMBER MAMU,BOMBER OLIVE XL,0,2,0,0,119382,238764,0
Feb-2026,TIGALAPANKAOS MANADO,BOMBER MAMU,BOMBER OLIVE XL,0,2,0,0,122463,244926,238764
Mar-2026,TIGALAPANKAOS MANADO,BOMBER MAMU,BOMBER OLIVE XL,0,2,0,0,122463,244926,244926
Apr-2026,TIGALAPANKAOS MANADO,BOMBER MAMU,BOMBER OLIVE XL,0,2,0,0,122377,244754,244926
Mei-2026,TIGALAPANKAOS MANADO,BOMBER MAMU,BOMBER OLIVE XL,0,2,0,0,122377,244754,244754
Jun-2026,TIGALAPANKAOS MANADO,BOMBER MAMU,BOMBER OLIVE XL,0,2,0,0,122377,244754,244754
Jul-2026,TIGALAPANKAOS MANADO,BOMBER MAMU,BOMBER OLIVE XL,0,2,0,0,122377,244754,244754
Agu-2026,TIGALAPANKAOS MANADO,BOMBER MAMU,BOMBER OLIVE XL,0,2,0,0,122377,244754,244754
Sep-2026,TIGALAPANKAOS MANADO,BOMBER MAMU,BOMBER OLIVE XL,0,2,0,0,122377,244754,244754
Okt-2026,TIGALAPANKAOS MANADO,BOMBER MAMU,BOMBER OLIVE XL,0,2,0,0,122377,244754,244754
Apr-2026,TIGALAPANKAOS PALU,BOMBER MAMU,BOMBER COKLAT L,0,2,0,0,122377,244754,0
Mei-2026,TIGALAPANKAOS PALU,BOMBER MAMU,BOMBER COKLAT L,0,2,0,0,122377,244754,244754
Jun-2026,TIGALAPANKAOS PALU,BOMBER MAMU,BOMBER COKLAT L,0,2,0,0,122377,244754,244754
Jul-2026,TIGALAPANKAOS PALU,BOMBER MAMU,BOMBER COKLAT L,0,2,0,0,122377,244754,244754
Agu-2026,TIGALAPANKAOS PALU,BOMBER MAMU,BOMBER COKLAT L,0,2,0,0,122377,244754,244754
Sep-2026,TIGALAPANKAOS PALU,BOMBER MAMU,BOMBER COKLAT L,122377,1,0,0,122377,122377,244754
Okt-2026,TIGALAPANKAOS PALU,BOMBER MAMU,BOMBER COKLAT L,0,1,0,0,122377,122377,122377
Feb-2026,TIGALAPANKAOS PALU,BOMBER MAMU,BOMBER COKLAT M,0,2,0,0,122463,244926,0
Mar-2026,TIGALAPANKAOS PALU,BOMBER MAMU,BOMBER COKLAT M,0,2,0,0,122463,244926,244926
Apr-2026,TIGALAPANKAOS PALU,BOMBER MAMU,BOMBER COKLAT M,0,2,0,0,122377,244754,244926
Mei-2026,TIGALAPANKAOS PALU,BOMBER MAMU,BOMBER COKLAT M,0,2,0,0,122377,244754,244754
Jun-2026,TIGALAPANKAOS PALU,BOMBER MAMU,BOMBER COKLAT M,0,2,0,0,122377,244754,244754
Jul-2026,TIGALAPANKAOS PALU,BOMBER MAMU,BOMBER COKLAT M,0,2,0,0,122377,244754,244754
Agu-2026,TIGALAPANKAOS PALU,BOMBER MAMU,BOMBER COKLAT M,0,2,0,0,122377,244754,244754
Sep-2026,TIGALAPANKAOS PALU,BOMBER MAMU,BOMBER COKLAT M,0,2,0,0,122377,244754,244754
Okt-2026,TIGALAPANKAOS PALU,BOMBER MAMU,BOMBER COKLAT M,0,2,0,0,122377,244754,244754
Feb-2026,TIGALAPANKAOS PALU,BOMBER MAMU,BOMBER COKLAT S,0,2,0,0,122463,244926,0
Mar-2026,TIGALAPANKAOS PALU,BOMBER MAMU,BOMBER COKLAT S,0,2,0,0,122463,244926,244926
Apr-2026,TIGALAPANKAOS PALU,BOMBER MAMU,BOMBER COKLAT S,0,2,0,0,122463,244926,244926
Mei-2026,TIGALAPANKAOS PALU,BOMBER MAMU,BOMBER COKLAT S,0,2,0,0,122463,244926,244926
Jun-2026,TIGALAPANKAOS PALU,BOMBER MAMU,BOMBER COKLAT S,0,2,0,0,122463,244926,244926
Jul-2026,TIGALAPANKAOS PALU,BOMBER MAMU,BOMBER COKLAT S,122463,1,0,0,122463,122463,244926
Agu-2026,TIGALAPANKAOS PALU,BOMBER MAMU,BOMBER COKLAT S,0,1,0,0,122463,122463,122463
Sep-2026,TIGALAPANKAOS PALU,BOMBER MAMU,BOMBER COKLAT S,0,1,0,0,122463,122463,122463
Okt-2026,TIGALAPANKAOS PALU,BOMBER MAMU,BOMBER COKLAT S,0,1,0,0,122463,122463,122463
Apr-2026,TIGALAPANKAOS PALU,BOMBER MAMU,BOMBER COKLAT XL,0,2,0,0,122377,244754,0
Mei-2026,TIGALAPANKAOS PALU,BOMBER MAMU,BOMBER COKLAT XL,0,2,0,0,122377,244754,244754
Jun-2026,TIGALAPANKAOS PALU,BOMBER MAMU,BOMBER COKLAT XL,0,2,0,0,122377,244754,244754
Jul-2026,TIGALAPANKAOS PALU,BOMBER MAMU,BOMBER COKLAT XL,0,2,0,0,122377,244754,244754
Agu-2026,TIGALAPANKAOS PALU,BOMBER MAMU,BOMBER COKLAT XL,0,2,0,0,122377,244754,244754
Sep-2026,TIGALAPANKAOS PALU,BOMBER MAMU,BOMBER COKLAT XL,0,2,0,0,122377,244754,244754
Okt-2026,TIGALAPANKAOS PALU,BOMBER MAMU,BOMBER COKLAT XL,0,2,0,0,122377,244754,244754
Jan-2026,TIGALAPANKAOS PALU,BOMBER MAMU,BOMBER HITAM L,116212,8,0,0,116212,929696,0
Feb-2026,TIGALAPANKAOS PALU,BOMBER MAMU,BOMBER HITAM L,0,8,0,0,122463,979704,929696
Mar-2026,TIGALAPANKAOS PALU,BOMBER MAMU,BOMBER HITAM L,116212,7,0,0,122463,857241,979704
Apr-2026,TIGALAPANKAOS PALU,BOMBER MAMU,BOMBER HITAM L,232424,5,0,0,122377,611885,857241
Mei-2026,TIGALAPANKAOS PALU,BOMBER MAMU,BOMBER HITAM L,0,5,0,0,122377,611885,611885
Jun-2026,TIGALAPANKAOS PALU,BOMBER MAMU,BOMBER HITAM L,116212,4,0,0,122377,489508,611885
Jul-2026,TIGALAPANKAOS PALU,BOMBER MAMU,BOMBER HITAM L,0,4,0,0,122377,489508,489508
Agu-2026,TIGALAPANKAOS PALU,BOMBER MAMU,BOMBER HITAM L,0,4,0,0,122377,489508,489508
Sep-2026,TIGALAPANKAOS PALU,BOMBER MAMU,BOMBER HITAM L,116212,3,0,0,122377,367131,489508
Okt-2026,TIGALAPANKAOS PALU,BOMBER MAMU,BOMBER HITAM L,0,3,0,0,122377,367131,367131
Apr-2026,TIGALAPANKAOS PALU,BOMBER MAMU,BOMBER HITAM M,0,3,0,0,122377,367131,0
Mei-2026,TIGALAPANKAOS PALU,BOMBER MAMU,BOMBER HITAM M,0,3,0,0,122377,367131,367131
Jun-2026,TIGALAPANKAOS PALU,BOMBER MAMU,BOMBER HITAM M,0,3,0,0,122377,367131,367131
Jul-2026,TIGALAPANKAOS PALU,BOMBER MAMU,BOMBER HITAM M,0,5,0,0,122377,611885,367131
Agu-2026,TIGALAPANKAOS PALU,BOMBER MAMU,BOMBER HITAM M,0,5,0,0,122377,611885,611885
Sep-2026,TIGALAPANKAOS PALU,BOMBER MAMU,BOMBER HITAM M,0,5,0,0,122377,611885,611885
Okt-2026,TIGALAPANKAOS PALU,BOMBER MAMU,BOMBER HITAM M,0,5,0,0,122377,611885,611885
Jan-2026,TIGALAPANKAOS PALU,BOMBER MAMU,BOMBER HITAM S,116212,0,0,0,116212,0,0
Feb-2026,TIGALAPANKAOS PALU,BOMBER MAMU,BOMBER HITAM S,0,2,0,0,122463,244926,0
Mar-2026,TIGALAPANKAOS PALU,BOMBER MAMU,BOMBER HITAM S,0,2,0,0,122463,244926,244926
Apr-2026,TIGALAPANKAOS PALU,BOMBER MAMU,BOMBER HITAM S,0,2,0,0,122463,244926,244926
Mei-2026,TIGALAPANKAOS PALU,BOMBER MAMU,BOMBER HITAM S,0,2,0,0,122463,244926,244926
Jun-2026,TIGALAPANKAOS PALU,BOMBER MAMU,BOMBER HITAM S,0,2,0,0,122463,244926,244926
Jul-2026,TIGALAPANKAOS PALU,BOMBER MAMU,BOMBER HITAM S,0,2,0,0,122463,244926,244926
Agu-2026,TIGALAPANKAOS PALU,BOMBER MAMU,BOMBER HITAM S,0,2,0,0,122463,244926,244926
Sep-2026,TIGALAPANKAOS PALU,BOMBER MAMU,BOMBER HITAM S,0,2,0,0,122463,244926,244926
Okt-2026,TIGALAPANKAOS PALU,BOMBER MAMU,BOMBER HITAM S,0,2,0,0,122463,244926,244926
Jan-2026,TIGALAPANKAOS PALU,BOMBER MAMU,BOMBER HITAM XL,0,2,0,0,116212,232424,0
Feb-2026,TIGALAPANKAOS PALU,BOMBER MAMU,BOMBER HITAM XL,0,2,0,0,122463,244926,232424
Mar-2026,TIGALAPANKAOS PALU,BOMBER MAMU,BOMBER HITAM XL,0,2,0,0,122463,244926,244926
Apr-2026,TIGALAPANKAOS PALU,BOMBER MAMU,BOMBER HITAM XL,116212,1,0,0,122377,122377,244926
Mei-2026,TIGALAPANKAOS PALU,BOMBER MAMU,BOMBER HITAM XL,0,1,0,0,122377,122377,122377
Jun-2026,TIGALAPANKAOS PALU,BOMBER MAMU,BOMBER HITAM XL,116212,0,0,0,116212,0,122377
Jul-2026,TIGALAPANKAOS PALU,BOMBER MAMU,BOMBER HITAM XL,0,5,0,0,122377,611885,0
Agu-2026,TIGALAPANKAOS PALU,BOMBER MAMU,BOMBER HITAM XL,0,5,0,0,122377,611885,611885
Sep-2026,TIGALAPANKAOS PALU,BOMBER MAMU,BOMBER HITAM XL,0,5,0,0,122377,611885,611885
Okt-2026,TIGALAPANKAOS PALU,BOMBER MAMU,BOMBER HITAM XL,0,5,0,0,122377,611885,611885
Jan-2026,TIGALAPANKAOS PALU,BOMBER MAMU,BOMBER NAVY L,0,1,0,0,116212,116212,0
Feb-2026,TIGALAPANKAOS PALU,BOMBER MAMU,BOMBER NAVY L,0,1,0,0,116212,116212,116212
Mar-2026,TIGALAPANKAOS PALU,BOMBER MAMU,BOMBER NAVY L,0,1,0,0,116212,116212,116212
Apr-2026,TIGALAPANKAOS PALU,BOMBER MAMU,BOMBER NAVY L,116212,0,0,0,116212,0,116212
Jan-2026,TIGALAPANKAOS PALU,BOMBER MAMU,BOMBER NAVY M,0,2,0,0,116212,232424,0
Feb-2026,TIGALAPANKAOS PALU,BOMBER MAMU,BOMBER NAVY M,0,2,0,0,122463,244926,232424
Mar-2026,TIGALAPANKAOS PALU,BOMBER MAMU,BOMBER NAVY M,116212,1,0,0,122463,122463,244926
Apr-2026,TIGALAPANKAOS PALU,BOMBER MAMU,BOMBER NAVY M,0,1,0,0,122463,122463,122463
Mei-2026,TIGALAPANKAOS PALU,BOMBER MAMU,BOMBER NAVY M,0,1,0,0,122463,122463,122463
Jun-2026,TIGALAPANKAOS PALU,BOMBER MAMU,BOMBER NAVY M,0,1,0,0,122463,122463,122463
Jul-2026,TIGALAPANKAOS PALU,BOMBER MAMU,BOMBER NAVY M,116212,2,0,0,122463,244926,122463
Agu-2026,TIGALAPANKAOS PALU,BOMBER MAMU,BOMBER NAVY M,0,2,0,0,122463,244926,244926
Sep-2026,TIGALAPANKAOS PALU,BOMBER MAMU,BOMBER NAVY M,0,2,0,0,122463,244926,244926
Okt-2026,TIGALAPANKAOS PALU,BOMBER MAMU,BOMBER NAVY M,0,2,0,0,122463,244926,244926
Feb-2026,TIGALAPANKAOS PALU,BOMBER MAMU,BOMBER NAVY S,0,2,0,0,122463,244926,0
Mar-2026,TIGALAPANKAOS PALU,BOMBER MAMU,BOMBER NAVY S,0,2,0,0,122463,244926,244926
Apr-2026,TIGALAPANKAOS PALU,BOMBER MAMU,BOMBER NAVY S,0,2,0,0,122463,244926,244926
Mei-2026,TIGALAPANKAOS PALU,BOMBER MAMU,BOMBER NAVY S,0,2,0,0,122463,244926,244926
Jun-2026,TIGALAPANKAOS PALU,BOMBER MAMU,BOMBER NAVY S,0,2,0,0,122463,244926,244926
Jul-2026,TIGALAPANKAOS PALU,BOMBER MAMU,BOMBER NAVY S,0,2,0,0,122463,244926,244926
Agu-2026,TIGALAPANKAOS PALU,BOMBER MAMU,BOMBER NAVY S,0,2,0,0,122463,244926,244926
Sep-2026,TIGALAPANKAOS PALU,BOMBER MAMU,BOMBER NAVY S,0,2,0,0,122463,244926,244926
Okt-2026,TIGALAPANKAOS PALU,BOMBER MAMU,BOMBER NAVY S,0,2,0,0,122463,244926,244926
Jan-2026,TIGALAPANKAOS PALU,BOMBER MAMU,BOMBER NAVY XL,116212,3,0,0,116212,348636,0
Feb-2026,TIGALAPANKAOS PALU,BOMBER MAMU,BOMBER NAVY XL,0,3,0,0,122463,367389,348636
Mar-2026,TIGALAPANKAOS PALU,BOMBER MAMU,BOMBER NAVY XL,0,3,0,0,122463,367389,367389
Apr-2026,TIGALAPANKAOS PALU,BOMBER MAMU,BOMBER NAVY XL,0,3,0,0,122463,367389,367389
Mei-2026,TIGALAPANKAOS PALU,BOMBER MAMU,BOMBER NAVY XL,0,3,0,0,122463,367389,367389
Jun-2026,TIGALAPANKAOS PALU,BOMBER MAMU,BOMBER NAVY XL,0,3,0,0,122463,367389,367389
Jul-2026,TIGALAPANKAOS PALU,BOMBER MAMU,BOMBER NAVY XL,0,3,0,0,122463,367389,367389
Agu-2026,TIGALAPANKAOS PALU,BOMBER MAMU,BOMBER NAVY XL,0,3,0,0,122463,367389,367389
Sep-2026,TIGALAPANKAOS PALU,BOMBER MAMU,BOMBER NAVY XL,116212,2,0,0,122463,244926,367389
Okt-2026,TIGALAPANKAOS PALU,BOMBER MAMU,BOMBER NAVY XL,0,2,0,0,122463,244926,244926
Apr-2026,TIGALAPANKAOS PALU,BOMBER MAMU,BOMBER OLIVE L,122377,1,0,0,122377,122377,0
Mei-2026,TIGALAPANKAOS PALU,BOMBER MAMU,BOMBER OLIVE L,122377,0,0,0,119382,0,122377
Feb-2026,TIGALAPANKAOS PALU,BOMBER MAMU,BOMBER OLIVE M,0,2,0,0,122463,244926,0
Mar-2026,TIGALAPANKAOS PALU,BOMBER MAMU,BOMBER OLIVE M,0,2,0,0,122463,244926,244926
Apr-2026,TIGALAPANKAOS PALU,BOMBER MAMU,BOMBER OLIVE M,0,2,0,0,122429,244858,244926
Mei-2026,TIGALAPANKAOS PALU,BOMBER MAMU,BOMBER OLIVE M,0,2,0,0,122429,244858,244858
Jun-2026,TIGALAPANKAOS PALU,BOMBER MAMU,BOMBER OLIVE M,122463,1,0,0,122429,122429,244858
Jul-2026,TIGALAPANKAOS PALU,BOMBER MAMU,BOMBER OLIVE M,0,1,0,0,122429,122429,122429
Agu-2026,TIGALAPANKAOS PALU,BOMBER MAMU,BOMBER OLIVE M,0,1,0,0,122429,122429,122429
Sep-2026,TIGALAPANKAOS PALU,BOMBER MAMU,BOMBER OLIVE M,0,1,0,0,122429,122429,122429
Okt-2026,TIGALAPANKAOS PALU,BOMBER MAMU,BOMBER OLIVE M,0,1,0,0,122429,122429,122429
Feb-2026,TIGALAPANKAOS PALU,BOMBER MAMU,BOMBER OLIVE S,0,2,0,0,122463,244926,0
Mar-2026,TIGALAPANKAOS PALU,BOMBER MAMU,BOMBER OLIVE S,0,2,0,0,122463,244926,244926
Apr-2026,TIGALAPANKAOS PALU,BOMBER MAMU,BOMBER OLIVE S,0,2,0,0,122463,244926,244926
Mei-2026,TIGALAPANKAOS PALU,BOMBER MAMU,BOMBER OLIVE S,0,2,0,0,122463,244926,244926
Jun-2026,TIGALAPANKAOS PALU,BOMBER MAMU,BOMBER OLIVE S,0,2,0,0,122463,244926,244926
Jul-2026,TIGALAPANKAOS PALU,BOMBER MAMU,BOMBER OLIVE S,0,2,0,0,122463,244926,244926
Agu-2026,TIGALAPANKAOS PALU,BOMBER MAMU,BOMBER OLIVE S,0,2,0,0,122463,244926,244926
Sep-2026,TIGALAPANKAOS PALU,BOMBER MAMU,BOMBER OLIVE S,0,2,0,0,122463,244926,244926
Okt-2026,TIGALAPANKAOS PALU,BOMBER MAMU,BOMBER OLIVE S,0,2,0,0,122463,244926,244926
Apr-2026,TIGALAPANKAOS PALU,BOMBER MAMU,BOMBER OLIVE XL,0,2,0,0,122377,244754,0
Mei-2026,TIGALAPANKAOS PALU,BOMBER MAMU,BOMBER OLIVE XL,0,2,0,0,122377,244754,244754
Jun-2026,TIGALAPANKAOS PALU,BOMBER MAMU,BOMBER OLIVE XL,0,2,0,0,122377,244754,244754
Jul-2026,TIGALAPANKAOS PALU,BOMBER MAMU,BOMBER OLIVE XL,122377,2,0,0,122377,244754,244754
Agu-2026,TIGALAPANKAOS PALU,BOMBER MAMU,BOMBER OLIVE XL,0,1,0,0,122377,122377,244754
Sep-2026,TIGALAPANKAOS PALU,BOMBER MAMU,BOMBER OLIVE XL,0,1,0,0,122377,122377,122377
Okt-2026,TIGALAPANKAOS PALU,BOMBER MAMU,BOMBER OLIVE XL,0,1,0,0,122377,122377,122377
Agu-2026,TIGALAPANKAOS POLMAN,BOMBER MAMU,BOMBER COKLAT L,0,1,0,0,122377,122377,0
Sep-2026,TIGALAPANKAOS POLMAN,BOMBER MAMU,BOMBER COKLAT L,0,1,0,0,122377,122377,122377
Okt-2026,TIGALAPANKAOS POLMAN,BOMBER MAMU,BOMBER COKLAT L,0,1,0,0,122377,122377,122377
Feb-2026,TIGALAPANKAOS POLMAN,BOMBER MAMU,BOMBER COKLAT M,0,1,1,0,122463,244926,0
Mar-2026,TIGALAPANKAOS POLMAN,BOMBER MAMU,BOMBER COKLAT M,0,1,0,0,122463,122463,244926
Apr-2026,TIGALAPANKAOS POLMAN,BOMBER MAMU,BOMBER COKLAT M,0,1,0,0,122377,122377,122463
Mei-2026,TIGALAPANKAOS POLMAN,BOMBER MAMU,BOMBER COKLAT M,0,1,0,0,122377,122377,122377
Jun-2026,TIGALAPANKAOS POLMAN,BOMBER MAMU,BOMBER COKLAT M,0,1,0,0,122377,122377,122377
Jul-2026,TIGALAPANKAOS POLMAN,BOMBER MAMU,BOMBER COKLAT M,0,1,0,0,122377,122377,122377
Agu-2026,TIGALAPANKAOS POLMAN,BOMBER MAMU,BOMBER COKLAT M,0,1,0,0,122377,122377,122377
Sep-2026,TIGALAPANKAOS POLMAN,BOMBER MAMU,BOMBER COKLAT M,0,1,0,0,122377,122377,122377
Okt-2026,TIGALAPANKAOS POLMAN,BOMBER MAMU,BOMBER COKLAT M,0,1,0,0,122377,122377,122377
Feb-2026,TIGALAPANKAOS POLMAN,BOMBER MAMU,BOMBER COKLAT S,0,2,2,0,122463,489852,0
Mar-2026,TIGALAPANKAOS POLMAN,BOMBER MAMU,BOMBER COKLAT S,0,2,0,0,122463,244926,489852
Apr-2026,TIGALAPANKAOS POLMAN,BOMBER MAMU,BOMBER COKLAT S,0,2,0,0,122463,244926,244926
Mei-2026,TIGALAPANKAOS POLMAN,BOMBER MAMU,BOMBER COKLAT S,0,2,0,0,122463,244926,244926
Jun-2026,TIGALAPANKAOS POLMAN,BOMBER MAMU,BOMBER COKLAT S,122463,1,0,0,122463,122463,244926
Jul-2026,TIGALAPANKAOS POLMAN,BOMBER MAMU,BOMBER COKLAT S,0,1,0,0,122463,122463,122463
Agu-2026,TIGALAPANKAOS POLMAN,BOMBER MAMU,BOMBER COKLAT S,0,1,0,0,122463,122463,122463
Sep-2026,TIGALAPANKAOS POLMAN,BOMBER MAMU,BOMBER COKLAT S,0,1,0,0,122463,122463,122463
Okt-2026,TIGALAPANKAOS POLMAN,BOMBER MAMU,BOMBER COKLAT S,0,1,0,0,122463,122463,122463
Mei-2026,TIGALAPANKAOS POLMAN,BOMBER MAMU,BOMBER HITAM L,1709176,14,0,0,122377,1713278,0
Jun-2026,TIGALAPANKAOS POLMAN,BOMBER MAMU,BOMBER HITAM L,0,0,0,0,122377,0,1713278
Feb-2026,TIGALAPANKAOS POLMAN,BOMBER MAMU,BOMBER HITAM S,0,2,2,0,122463,489852,0
Mar-2026,TIGALAPANKAOS POLMAN,BOMBER MAMU,BOMBER HITAM S,0,2,0,0,122463,244926,489852
Apr-2026,TIGALAPANKAOS POLMAN,BOMBER MAMU,BOMBER HITAM S,0,2,0,0,122463,244926,244926
Mei-2026,TIGALAPANKAOS POLMAN,BOMBER MAMU,BOMBER HITAM S,244926,1,0,0,122463,122463,244926
Jun-2026,TIGALAPANKAOS POLMAN,BOMBER MAMU,BOMBER HITAM S,0,0,0,0,122463,0,122463
Feb-2026,TIGALAPANKAOS POLMAN,BOMBER MAMU,BOMBER NAVY M,0,2,2,0,122463,489852,0
Mar-2026,TIGALAPANKAOS POLMAN,BOMBER MAMU,BOMBER NAVY M,0,2,0,0,122463,244926,489852
Apr-2026,TIGALAPANKAOS POLMAN,BOMBER MAMU,BOMBER NAVY M,0,2,0,0,122463,244926,244926
Mei-2026,TIGALAPANKAOS POLMAN,BOMBER MAMU,BOMBER NAVY M,122463,1,0,0,122463,122463,244926
Jun-2026,TIGALAPANKAOS POLMAN,BOMBER MAMU,BOMBER NAVY M,0,1,0,0,122463,122463,122463
Jul-2026,TIGALAPANKAOS POLMAN,BOMBER MAMU,BOMBER NAVY M,0,1,0,0,122463,122463,122463
Agu-2026,TIGALAPANKAOS POLMAN,BOMBER MAMU,BOMBER NAVY M,0,1,0,0,122463,122463,122463
Sep-2026,TIGALAPANKAOS POLMAN,BOMBER MAMU,BOMBER NAVY M,0,1,0,0,122463,122463,122463
Okt-2026,TIGALAPANKAOS POLMAN,BOMBER MAMU,BOMBER NAVY M,0,1,0,0,122463,122463,122463
Feb-2026,TIGALAPANKAOS POLMAN,BOMBER MAMU,BOMBER NAVY S,0,2,2,0,122463,489852,0
Mar-2026,TIGALAPANKAOS POLMAN,BOMBER MAMU,BOMBER NAVY S,0,2,0,0,122463,244926,489852
Apr-2026,TIGALAPANKAOS POLMAN,BOMBER MAMU,BOMBER NAVY S,0,2,0,0,122463,244926,244926
Mei-2026,TIGALAPANKAOS POLMAN,BOMBER MAMU,BOMBER NAVY S,0,2,0,0,122463,244926,244926
Jun-2026,TIGALAPANKAOS POLMAN,BOMBER MAMU,BOMBER NAVY S,0,2,0,0,122463,244926,244926
Jul-2026,TIGALAPANKAOS POLMAN,BOMBER MAMU,BOMBER NAVY S,0,2,0,0,122463,244926,244926
Agu-2026,TIGALAPANKAOS POLMAN,BOMBER MAMU,BOMBER NAVY S,0,2,0,0,122463,244926,244926
Sep-2026,TIGALAPANKAOS POLMAN,BOMBER MAMU,BOMBER NAVY S,0,2,0,0,122463,244926,244926
Okt-2026,TIGALAPANKAOS POLMAN,BOMBER MAMU,BOMBER NAVY S,0,2,0,0,122463,244926,244926
Feb-2026,TIGALAPANKAOS POLMAN,BOMBER MAMU,BOMBER OLIVE M,0,2,2,0,122463,489852,0
Mar-2026,TIGALAPANKAOS POLMAN,BOMBER MAMU,BOMBER OLIVE M,0,2,0,0,122463,244926,489852
Apr-2026,TIGALAPANKAOS POLMAN,BOMBER MAMU,BOMBER OLIVE M,0,2,0,0,122429,244858,244926
Mei-2026,TIGALAPANKAOS POLMAN,BOMBER MAMU,BOMBER OLIVE M,0,2,0,0,122429,244858,244858
Jun-2026,TIGALAPANKAOS POLMAN,BOMBER MAMU,BOMBER OLIVE M,0,2,0,0,122429,244858,244858
Jul-2026,TIGALAPANKAOS POLMAN,BOMBER MAMU,BOMBER OLIVE M,0,2,0,0,122429,244858,244858
Agu-2026,TIGALAPANKAOS POLMAN,BOMBER MAMU,BOMBER OLIVE M,122463,1,0,0,122429,122429,244858
Sep-2026,TIGALAPANKAOS POLMAN,BOMBER MAMU,BOMBER OLIVE M,0,1,0,0,122429,122429,122429
Okt-2026,TIGALAPANKAOS POLMAN,BOMBER MAMU,BOMBER OLIVE M,0,1,0,0,122429,122429,122429
Feb-2026,TIGALAPANKAOS POLMAN,BOMBER MAMU,BOMBER OLIVE S,0,2,2,0,122463,489852,0
Mar-2026,TIGALAPANKAOS POLMAN,BOMBER MAMU,BOMBER OLIVE S,0,2,0,0,122463,244926,489852
Apr-2026,TIGALAPANKAOS POLMAN,BOMBER MAMU,BOMBER OLIVE S,0,2,0,0,122463,244926,244926
Mei-2026,TIGALAPANKAOS POLMAN,BOMBER MAMU,BOMBER OLIVE S,0,2,0,0,122463,244926,244926
Jun-2026,TIGALAPANKAOS POLMAN,BOMBER MAMU,BOMBER OLIVE S,0,2,0,0,122463,244926,244926
Jul-2026,TIGALAPANKAOS POLMAN,BOMBER MAMU,BOMBER OLIVE S,0,2,0,0,122463,244926,244926
Agu-2026,TIGALAPANKAOS POLMAN,BOMBER MAMU,BOMBER OLIVE S,0,2,0,0,122463,244926,244926
Sep-2026,TIGALAPANKAOS POLMAN,BOMBER MAMU,BOMBER OLIVE S,0,2,0,0,122463,244926,244926
Okt-2026,TIGALAPANKAOS POLMAN,BOMBER MAMU,BOMBER OLIVE S,0,2,0,0,122463,244926,244926
Apr-2026,TIGALAPANKAOS SAMARINDA,BOMBER MAMU,BOMBER COKLAT L,0,0,1,0,122377,122377,0
Mei-2026,TIGALAPANKAOS SAMARINDA,BOMBER MAMU,BOMBER COKLAT L,0,1,0,0,122377,122377,122377
Jun-2026,TIGALAPANKAOS SAMARINDA,BOMBER MAMU,BOMBER COKLAT L,0,1,0,0,122377,122377,122377
Jul-2026,TIGALAPANKAOS SAMARINDA,BOMBER MAMU,BOMBER COKLAT L,0,1,0,0,122377,122377,122377
Agu-2026,TIGALAPANKAOS SAMARINDA,BOMBER MAMU,BOMBER COKLAT L,0,1,0,0,122377,122377,122377
Sep-2026,TIGALAPANKAOS SAMARINDA,BOMBER MAMU,BOMBER COKLAT L,122377,0,0,0,119382,0,122377
Feb-2026,TIGALAPANKAOS SAMARINDA,BOMBER MAMU,BOMBER COKLAT M,0,0,2,0,122463,244926,0
Mar-2026,TIGALAPANKAOS SAMARINDA,BOMBER MAMU,BOMBER COKLAT M,0,2,0,0,122463,244926,244926
Apr-2026,TIGALAPANKAOS SAMARINDA,BOMBER MAMU,BOMBER COKLAT M,0,2,2,0,122377,489508,244926
Mei-2026,TIGALAPANKAOS SAMARINDA,BOMBER MAMU,BOMBER COKLAT M,122463,3,0,0,122377,367131,489508
Jun-2026,TIGALAPANKAOS SAMARINDA,BOMBER MAMU,BOMBER COKLAT M,0,3,0,0,122377,367131,367131
Jul-2026,TIGALAPANKAOS SAMARINDA,BOMBER MAMU,BOMBER COKLAT M,122463,2,0,0,122377,244754,367131
Agu-2026,TIGALAPANKAOS SAMARINDA,BOMBER MAMU,BOMBER COKLAT M,0,2,0,0,122377,244754,244754
Sep-2026,TIGALAPANKAOS SAMARINDA,BOMBER MAMU,BOMBER COKLAT M,0,2,0,0,122377,244754,244754
Okt-2026,TIGALAPANKAOS SAMARINDA,BOMBER MAMU,BOMBER COKLAT M,0,2,0,0,122377,244754,244754
Feb-2026,TIGALAPANKAOS SAMARINDA,BOMBER MAMU,BOMBER COKLAT S,0,0,2,0,122463,244926,0
Mar-2026,TIGALAPANKAOS SAMARINDA,BOMBER MAMU,BOMBER COKLAT S,0,2,0,0,122463,244926,244926
Apr-2026,TIGALAPANKAOS SAMARINDA,BOMBER MAMU,BOMBER COKLAT S,0,2,0,0,122463,244926,244926
Mei-2026,TIGALAPANKAOS SAMARINDA,BOMBER MAMU,BOMBER COKLAT S,0,2,0,0,122463,244926,244926
Jun-2026,TIGALAPANKAOS SAMARINDA,BOMBER MAMU,BOMBER COKLAT S,0,2,0,0,122463,244926,244926
Jul-2026,TIGALAPANKAOS SAMARINDA,BOMBER MAMU,BOMBER COKLAT S,122463,1,0,0,122463,122463,244926
Agu-2026,TIGALAPANKAOS SAMARINDA,BOMBER MAMU,BOMBER COKLAT S,0,1,0,0,122463,122463,122463
Sep-2026,TIGALAPANKAOS SAMARINDA,BOMBER MAMU,BOMBER COKLAT S,0,1,0,0,122463,122463,122463
Okt-2026,TIGALAPANKAOS SAMARINDA,BOMBER MAMU,BOMBER COKLAT S,0,1,0,0,122463,122463,122463
Apr-2026,TIGALAPANKAOS SAMARINDA,BOMBER MAMU,BOMBER COKLAT XL,0,0,3,0,122377,367131,0
Mei-2026,TIGALAPANKAOS SAMARINDA,BOMBER MAMU,BOMBER COKLAT XL,0,3,0,0,122377,367131,367131
Jun-2026,TIGALAPANKAOS SAMARINDA,BOMBER MAMU,BOMBER COKLAT XL,0,3,0,0,122377,367131,367131
Jul-2026,TIGALAPANKAOS SAMARINDA,BOMBER MAMU,BOMBER COKLAT XL,0,3,0,0,122377,367131,367131
Agu-2026,TIGALAPANKAOS SAMARINDA,BOMBER MAMU,BOMBER COKLAT XL,0,3,0,0,122377,367131,367131
Sep-2026,TIGALAPANKAOS SAMARINDA,BOMBER MAMU,BOMBER COKLAT XL,122377,3,0,0,122377,367131,367131
Okt-2026,TIGALAPANKAOS SAMARINDA,BOMBER MAMU,BOMBER COKLAT XL,0,2,0,0,122377,244754,367131
Jan-2026,TIGALAPANKAOS SAMARINDA,BOMBER MAMU,BOMBER HITAM L,0,9,0,0,116212,1045908,0
Feb-2026,TIGALAPANKAOS SAMARINDA,BOMBER MAMU,BOMBER HITAM L,0,9,0,0,122463,1102167,1045908
Mar-2026,TIGALAPANKAOS SAMARINDA,BOMBER MAMU,BOMBER HITAM L,0,9,0,0,122463,1102167,1102167
Apr-2026,TIGALAPANKAOS SAMARINDA,BOMBER MAMU,BOMBER HITAM L,0,9,0,0,122377,1101393,1102167
Mei-2026,TIGALAPANKAOS SAMARINDA,BOMBER MAMU,BOMBER HITAM L,0,9,0,0,122377,1101393,1101393
Jun-2026,TIGALAPANKAOS SAMARINDA,BOMBER MAMU,BOMBER HITAM L,0,9,0,0,122377,1101393,1101393
Jul-2026,TIGALAPANKAOS SAMARINDA,BOMBER MAMU,BOMBER HITAM L,0,9,0,0,122377,1101393,1101393
Agu-2026,TIGALAPANKAOS SAMARINDA,BOMBER MAMU,BOMBER HITAM L,116212,8,0,0,122377,979016,1101393
Sep-2026,TIGALAPANKAOS SAMARINDA,BOMBER MAMU,BOMBER HITAM L,0,8,0,0,122377,979016,979016
Okt-2026,TIGALAPANKAOS SAMARINDA,BOMBER MAMU,BOMBER HITAM L,0,8,0,0,122377,979016,979016
Jan-2026,TIGALAPANKAOS SAMARINDA,BOMBER MAMU,BOMBER HITAM M,0,2,0,0,116212,232424,0
Feb-2026,TIGALAPANKAOS SAMARINDA,BOMBER MAMU,BOMBER HITAM M,0,2,0,0,122463,244926,232424
Mar-2026,TIGALAPANKAOS SAMARINDA,BOMBER MAMU,BOMBER HITAM M,0,2,0,0,122463,244926,244926
Apr-2026,TIGALAPANKAOS SAMARINDA,BOMBER MAMU,BOMBER HITAM M,116212,1,3,0,122377,489508,244926
Mei-2026,TIGALAPANKAOS SAMARINDA,BOMBER MAMU,BOMBER HITAM M,0,4,0,0,122377,489508,489508
Jun-2026,TIGALAPANKAOS SAMARINDA,BOMBER MAMU,BOMBER HITAM M,0,4,0,0,122377,489508,489508
Jul-2026,TIGALAPANKAOS SAMARINDA,BOMBER MAMU,BOMBER HITAM M,0,4,0,0,122377,489508,489508
Agu-2026,TIGALAPANKAOS SAMARINDA,BOMBER MAMU,BOMBER HITAM M,120836,4,0,0,122377,489508,489508
Sep-2026,TIGALAPANKAOS SAMARINDA,BOMBER MAMU,BOMBER HITAM M,0,3,0,0,122377,367131,489508
Okt-2026,TIGALAPANKAOS SAMARINDA,BOMBER MAMU,BOMBER HITAM M,0,3,0,0,122377,367131,367131
Jan-2026,TIGALAPANKAOS SAMARINDA,BOMBER MAMU,BOMBER HITAM S,0,2,0,0,116212,232424,0
Feb-2026,TIGALAPANKAOS SAMARINDA,BOMBER MAMU,BOMBER HITAM S,0,2,0,0,122463,244926,232424
Mar-2026,TIGALAPANKAOS SAMARINDA,BOMBER MAMU,BOMBER HITAM S,0,2,0,0,122463,244926,244926
Apr-2026,TIGALAPANKAOS SAMARINDA,BOMBER MAMU,BOMBER HITAM S,0,2,0,0,122463,244926,244926
Mei-2026,TIGALAPANKAOS SAMARINDA,BOMBER MAMU,BOMBER HITAM S,0,2,0,0,122463,244926,244926
Jun-2026,TIGALAPANKAOS SAMARINDA,BOMBER MAMU,BOMBER HITAM S,0,2,0,0,122463,244926,244926
Jul-2026,TIGALAPANKAOS SAMARINDA,BOMBER MAMU,BOMBER HITAM S,0,2,0,0,122463,244926,244926
Agu-2026,TIGALAPANKAOS SAMARINDA,BOMBER MAMU,BOMBER HITAM S,0,2,0,0,122463,244926,244926
Sep-2026,TIGALAPANKAOS SAMARINDA,BOMBER MAMU,BOMBER HITAM S,0,2,0,0,122463,244926,244926
Okt-2026,TIGALAPANKAOS SAMARINDA,BOMBER MAMU,BOMBER HITAM S,0,2,0,0,122463,244926,244926
Jan-2026,TIGALAPANKAOS SAMARINDA,BOMBER MAMU,BOMBER HITAM XL,0,2,0,0,116212,232424,0
Feb-2026,TIGALAPANKAOS SAMARINDA,BOMBER MAMU,BOMBER HITAM XL,116212,1,0,0,122463,122463,232424
Mar-2026,TIGALAPANKAOS SAMARINDA,BOMBER MAMU,BOMBER HITAM XL,116212,0,0,0,116212,0,122463
Apr-2026,TIGALAPANKAOS SAMARINDA,BOMBER MAMU,BOMBER HITAM XL,0,0,5,0,122377,611885,0
Mei-2026,TIGALAPANKAOS SAMARINDA,BOMBER MAMU,BOMBER HITAM XL,0,5,0,0,122377,611885,611885
Jun-2026,TIGALAPANKAOS SAMARINDA,BOMBER MAMU,BOMBER HITAM XL,0,5,0,0,122377,611885,611885
Jul-2026,TIGALAPANKAOS SAMARINDA,BOMBER MAMU,BOMBER HITAM XL,0,5,0,0,122377,611885,611885
Agu-2026,TIGALAPANKAOS SAMARINDA,BOMBER MAMU,BOMBER HITAM XL,0,5,0,0,122377,611885,611885
Sep-2026,TIGALAPANKAOS SAMARINDA,BOMBER MAMU,BOMBER HITAM XL,122377,4,0,0,122377,489508,611885
Okt-2026,TIGALAPANKAOS SAMARINDA,BOMBER MAMU,BOMBER HITAM XL,0,4,0,0,122377,489508,489508
Jan-2026,TIGALAPANKAOS SAMARINDA,BOMBER MAMU,BOMBER NAVY L,0,9,0,0,116212,1045908,0
Feb-2026,TIGALAPANKAOS SAMARINDA,BOMBER MAMU,BOMBER NAVY L,0,9,0,0,116212,1045908,1045908
Mar-2026,TIGALAPANKAOS SAMARINDA,BOMBER MAMU,BOMBER NAVY L,0,9,0,0,116212,1045908,1045908
Apr-2026,TIGALAPANKAOS SAMARINDA,BOMBER MAMU,BOMBER NAVY L,0,9,0,0,116212,1045908,1045908
Mei-2026,TIGALAPANKAOS SAMARINDA,BOMBER MAMU,BOMBER NAVY L,0,9,0,0,116212,1045908,1045908
Jun-2026,TIGALAPANKAOS SAMARINDA,BOMBER MAMU,BOMBER NAVY L,0,9,0,0,116212,1045908,1045908
Jul-2026,TIGALAPANKAOS SAMARINDA,BOMBER MAMU,BOMBER NAVY L,0,9,0,0,116212,1045908,1045908
Agu-2026,TIGALAPANKAOS SAMARINDA,BOMBER MAMU,BOMBER NAVY L,0,9,0,0,116212,1045908,1045908
Sep-2026,TIGALAPANKAOS SAMARINDA,BOMBER MAMU,BOMBER NAVY L,0,9,0,0,116212,1045908,1045908
Okt-2026,TIGALAPANKAOS SAMARINDA,BOMBER MAMU,BOMBER NAVY L,0,9,0,0,116212,1045908,1045908
Jan-2026,TIGALAPANKAOS SAMARINDA,BOMBER MAMU,BOMBER NAVY M,0,3,0,0,116212,348636,0
Feb-2026,TIGALAPANKAOS SAMARINDA,BOMBER MAMU,BOMBER NAVY M,0,3,0,0,122463,367389,348636
Mar-2026,TIGALAPANKAOS SAMARINDA,BOMBER MAMU,BOMBER NAVY M,0,3,0,0,122463,367389,367389
Apr-2026,TIGALAPANKAOS SAMARINDA,BOMBER MAMU,BOMBER NAVY M,0,3,2,0,122463,612315,367389
Mei-2026,TIGALAPANKAOS SAMARINDA,BOMBER MAMU,BOMBER NAVY M,0,5,0,0,122463,612315,612315
Jun-2026,TIGALAPANKAOS SAMARINDA,BOMBER MAMU,BOMBER NAVY M,0,5,0,0,122463,612315,612315
Jul-2026,TIGALAPANKAOS SAMARINDA,BOMBER MAMU,BOMBER NAVY M,0,5,0,0,122463,612315,612315
Agu-2026,TIGALAPANKAOS SAMARINDA,BOMBER MAMU,BOMBER NAVY M,0,5,0,0,122463,612315,612315
Sep-2026,TIGALAPANKAOS SAMARINDA,BOMBER MAMU,BOMBER NAVY M,0,5,0,0,122463,612315,612315
Okt-2026,TIGALAPANKAOS SAMARINDA,BOMBER MAMU,BOMBER NAVY M,0,5,0,0,122463,612315,612315
Jan-2026,TIGALAPANKAOS SAMARINDA,BOMBER MAMU,BOMBER NAVY S,0,1,0,0,116212,116212,0
Feb-2026,TIGALAPANKAOS SAMARINDA,BOMBER MAMU,BOMBER NAVY S,0,1,0,0,122463,122463,116212
Mar-2026,TIGALAPANKAOS SAMARINDA,BOMBER MAMU,BOMBER NAVY S,0,1,0,0,122463,122463,122463
Apr-2026,TIGALAPANKAOS SAMARINDA,BOMBER MAMU,BOMBER NAVY S,0,1,2,0,122463,367389,122463
Mei-2026,TIGALAPANKAOS SAMARINDA,BOMBER MAMU,BOMBER NAVY S,0,3,0,0,122463,367389,367389
Jun-2026,TIGALAPANKAOS SAMARINDA,BOMBER MAMU,BOMBER NAVY S,0,3,0,0,122463,367389,367389
Jul-2026,TIGALAPANKAOS SAMARINDA,BOMBER MAMU,BOMBER NAVY S,0,3,0,0,122463,367389,367389
Agu-2026,TIGALAPANKAOS SAMARINDA,BOMBER MAMU,BOMBER NAVY S,0,3,0,0,122463,367389,367389
Sep-2026,TIGALAPANKAOS SAMARINDA,BOMBER MAMU,BOMBER NAVY S,0,3,0,0,122463,367389,367389
Okt-2026,TIGALAPANKAOS SAMARINDA,BOMBER MAMU,BOMBER NAVY S,0,3,0,0,122463,367389,367389
Jan-2026,TIGALAPANKAOS SAMARINDA,BOMBER MAMU,BOMBER NAVY XL,0,5,0,0,116212,581060,0
Feb-2026,TIGALAPANKAOS SAMARINDA,BOMBER MAMU,BOMBER NAVY XL,0,5,0,0,122463,612315,581060
Mar-2026,TIGALAPANKAOS SAMARINDA,BOMBER MAMU,BOMBER NAVY XL,0,5,0,0,122463,612315,612315
Apr-2026,TIGALAPANKAOS SAMARINDA,BOMBER MAMU,BOMBER NAVY XL,0,5,0,0,122463,612315,612315
Mei-2026,TIGALAPANKAOS SAMARINDA,BOMBER MAMU,BOMBER NAVY XL,0,5,0,0,122463,612315,612315
Jun-2026,TIGALAPANKAOS SAMARINDA,BOMBER MAMU,BOMBER NAVY XL,116212,4,0,0,122463,489852,612315
Jul-2026,TIGALAPANKAOS SAMARINDA,BOMBER MAMU,BOMBER NAVY XL,0,4,0,0,122463,489852,489852
Agu-2026,TIGALAPANKAOS SAMARINDA,BOMBER MAMU,BOMBER NAVY XL,232424,2,0,0,122463,244926,489852
Sep-2026,TIGALAPANKAOS SAMARINDA,BOMBER MAMU,BOMBER NAVY XL,0,2,0,0,122463,244926,244926
Okt-2026,TIGALAPANKAOS SAMARINDA,BOMBER MAMU,BOMBER NAVY XL,0,2,0,0,122463,244926,244926
Jan-2026,TIGALAPANKAOS SAMARINDA,BOMBER MAMU,BOMBER OLIVE L,0,3,0,0,119382,358146,0
Feb-2026,TIGALAPANKAOS SAMARINDA,BOMBER MAMU,BOMBER OLIVE L,0,3,0,0,122463,367389,358146
Mar-2026,TIGALAPANKAOS SAMARINDA,BOMBER MAMU,BOMBER OLIVE L,0,3,0,0,122463,367389,367389
Apr-2026,TIGALAPANKAOS SAMARINDA,BOMBER MAMU,BOMBER OLIVE L,0,3,0,0,122377,367131,367389
Mei-2026,TIGALAPANKAOS SAMARINDA,BOMBER MAMU,BOMBER OLIVE L,0,3,0,0,122377,367131,367131
Jun-2026,TIGALAPANKAOS SAMARINDA,BOMBER MAMU,BOMBER OLIVE L,0,3,0,0,122377,367131,367131
Jul-2026,TIGALAPANKAOS SAMARINDA,BOMBER MAMU,BOMBER OLIVE L,0,3,0,0,122377,367131,367131
Agu-2026,TIGALAPANKAOS SAMARINDA,BOMBER MAMU,BOMBER OLIVE L,0,3,0,0,122377,367131,367131
Sep-2026,TIGALAPANKAOS SAMARINDA,BOMBER MAMU,BOMBER OLIVE L,0,3,0,0,122377,367131,367131
Okt-2026,TIGALAPANKAOS SAMARINDA,BOMBER MAMU,BOMBER OLIVE L,0,3,0,0,122377,367131,367131
Jan-2026,TIGALAPANKAOS SAMARINDA,BOMBER MAMU,BOMBER OLIVE M,0,2,0,0,119382,238764,0
Feb-2026,TIGALAPANKAOS SAMARINDA,BOMBER MAMU,BOMBER OLIVE M,0,2,0,0,122463,244926,238764
Mar-2026,TIGALAPANKAOS SAMARINDA,BOMBER MAMU,BOMBER OLIVE M,0,2,0,0,122463,244926,244926
Apr-2026,TIGALAPANKAOS SAMARINDA,BOMBER MAMU,BOMBER OLIVE M,0,2,2,0,122429,489716,244926
Mei-2026,TIGALAPANKAOS SAMARINDA,BOMBER MAMU,BOMBER OLIVE M,0,4,0,0,122429,489716,489716
Jun-2026,TIGALAPANKAOS SAMARINDA,BOMBER MAMU,BOMBER OLIVE M,0,4,0,0,122429,489716,489716
Jul-2026,TIGALAPANKAOS SAMARINDA,BOMBER MAMU,BOMBER OLIVE M,0,4,0,0,122429,489716,489716
Agu-2026,TIGALAPANKAOS SAMARINDA,BOMBER MAMU,BOMBER OLIVE M,0,4,0,0,122429,489716,489716
Sep-2026,TIGALAPANKAOS SAMARINDA,BOMBER MAMU,BOMBER OLIVE M,0,4,0,0,122429,489716,489716
Okt-2026,TIGALAPANKAOS SAMARINDA,BOMBER MAMU,BOMBER OLIVE M,0,4,0,0,122429,489716,489716
Feb-2026,TIGALAPANKAOS SAMARINDA,BOMBER MAMU,BOMBER OLIVE S,0,0,2,0,122463,244926,0
Mar-2026,TIGALAPANKAOS SAMARINDA,BOMBER MAMU,BOMBER OLIVE S,0,2,0,0,122463,244926,244926
Apr-2026,TIGALAPANKAOS SAMARINDA,BOMBER MAMU,BOMBER OLIVE S,0,2,0,0,122463,244926,244926
Mei-2026,TIGALAPANKAOS SAMARINDA,BOMBER MAMU,BOMBER OLIVE S,0,2,0,0,122463,244926,244926
Jun-2026,TIGALAPANKAOS SAMARINDA,BOMBER MAMU,BOMBER OLIVE S,0,2,0,0,122463,244926,244926
Jul-2026,TIGALAPANKAOS SAMARINDA,BOMBER MAMU,BOMBER OLIVE S,0,2,0,0,122463,244926,244926
Agu-2026,TIGALAPANKAOS SAMARINDA,BOMBER MAMU,BOMBER OLIVE S,0,2,0,0,122463,244926,244926
Sep-2026,TIGALAPANKAOS SAMARINDA,BOMBER MAMU,BOMBER OLIVE S,0,2,0,0,122463,244926,244926
Okt-2026,TIGALAPANKAOS SAMARINDA,BOMBER MAMU,BOMBER OLIVE S,0,2,0,0,122463,244926,244926
Jan-2026,TIGALAPANKAOS SAMARINDA,BOMBER MAMU,BOMBER OLIVE XL,0,3,0,0,119382,358146,0
Feb-2026,TIGALAPANKAOS SAMARINDA,BOMBER MAMU,BOMBER OLIVE XL,0,3,0,0,122463,367389,358146
Mar-2026,TIGALAPANKAOS SAMARINDA,BOMBER MAMU,BOMBER OLIVE XL,0,3,0,0,122463,367389,367389
Apr-2026,TIGALAPANKAOS SAMARINDA,BOMBER MAMU,BOMBER OLIVE XL,0,3,0,0,122377,367131,367389
Mei-2026,TIGALAPANKAOS SAMARINDA,BOMBER MAMU,BOMBER OLIVE XL,0,3,0,0,122377,367131,367131
Jun-2026,TIGALAPANKAOS SAMARINDA,BOMBER MAMU,BOMBER OLIVE XL,0,3,0,0,122377,367131,367131
Jul-2026,TIGALAPANKAOS SAMARINDA,BOMBER MAMU,BOMBER OLIVE XL,0,3,0,0,122377,367131,367131
Agu-2026,TIGALAPANKAOS SAMARINDA,BOMBER MAMU,BOMBER OLIVE XL,0,3,0,0,122377,367131,367131
Sep-2026,TIGALAPANKAOS SAMARINDA,BOMBER MAMU,BOMBER OLIVE XL,0,3,0,0,122377,367131,367131
Okt-2026,TIGALAPANKAOS SAMARINDA,BOMBER MAMU,BOMBER OLIVE XL,0,3,0,0,122377,367131,367131
Mar-2026,DC TIGALAPAN,BOMBER MAMU,BOMBER COKLAT L,0,28,0,0,122463,3428964,0
Mar-2026,DC TIGALAPAN,BOMBER MAMU,BOMBER COKLAT M,0,6,0,0,122463,734778,0
Feb-2026,DC TIGALAPAN,BOMBER MAMU,BOMBER COKLAT S,0,1,0,0,122463,122463,0
Mar-2026,DC TIGALAPAN,BOMBER MAMU,BOMBER COKLAT XL,0,29,0,0,122463,3551427,0
Agu-2026,DC TIGALAPAN,BOMBER MAMU,BOMBER HIJAU ARMY L,0,4,0,0,123000,492000,0
Sep-2026,DC TIGALAPAN,BOMBER MAMU,BOMBER HIJAU ARMY L,0,4,0,0,123000,492000,492000
Okt-2026,DC TIGALAPAN,BOMBER MAMU,BOMBER HIJAU ARMY L,0,4,0,0,123000,492000,492000
Agu-2026,DC TIGALAPAN,BOMBER MAMU,BOMBER HIJAU ARMY XL,0,1,0,0,123000,123000,0
Sep-2026,DC TIGALAPAN,BOMBER MAMU,BOMBER HIJAU ARMY XL,0,1,0,0,123000,123000,123000
Okt-2026,DC TIGALAPAN,BOMBER MAMU,BOMBER HIJAU ARMY XL,0,1,0,0,123000,123000,123000
Mar-2026,DC TIGALAPAN,BOMBER MAMU,BOMBER HITAM L,0,62,0,0,122463,7592706,0
Apr-2026,DC TIGALAPAN,BOMBER MAMU,BOMBER HITAM L,0,5,0,0,122377,611885,7592706
Mei-2026,DC TIGALAPAN,BOMBER MAMU,BOMBER HITAM L,0,5,0,0,122377,611885,611885
Mar-2026,DC TIGALAPAN,BOMBER MAMU,BOMBER HITAM M,0,62,0,0,122463,7592706,0
Apr-2026,DC TIGALAPAN,BOMBER MAMU,BOMBER HITAM M,0,23,0,0,122377,2814671,7592706
Mei-2026,DC TIGALAPAN,BOMBER MAMU,BOMBER HITAM M,0,23,0,0,122377,2814671,2814671
Jun-2026,DC TIGALAPAN,BOMBER MAMU,BOMBER HITAM M,0,13,0,0,122377,1590901,2814671
Jul-2026,DC TIGALAPAN,BOMBER MAMU,BOMBER HITAM M,0,8,0,0,122377,979016,1590901
Feb-2026,DC TIGALAPAN,BOMBER MAMU,BOMBER HITAM S,0,17,0,0,122463,2081871,0
Mar-2026,DC TIGALAPAN,BOMBER MAMU,BOMBER HITAM S,0,12,0,0,122463,1469556,2081871
Mar-2026,DC TIGALAPAN,BOMBER MAMU,BOMBER HITAM XL,0,83,0,0,122463,10164429,0
Apr-2026,DC TIGALAPAN,BOMBER MAMU,BOMBER HITAM XL,0,35,0,0,122377,4283195,10164429
Mei-2026,DC TIGALAPAN,BOMBER MAMU,BOMBER HITAM XL,0,35,0,0,122377,4283195,4283195
Jun-2026,DC TIGALAPAN,BOMBER MAMU,BOMBER HITAM XL,0,35,0,0,122377,4283195,4283195
Jul-2026,DC TIGALAPAN,BOMBER MAMU,BOMBER HITAM XL,0,23,0,0,122377,2814671,4283195
Agu-2026,DC TIGALAPAN,BOMBER MAMU,BOMBER HITAM XL,0,15,0,0,122377,1835655,2814671
Sep-2026,DC TIGALAPAN,BOMBER MAMU,BOMBER HITAM XL,0,13,0,0,122377,1590901,1835655
Okt-2026,DC TIGALAPAN,BOMBER MAMU,BOMBER HITAM XL,0,13,0,0,122377,1590901,1590901
Feb-2026,DC TIGALAPAN,BOMBER MAMU,BOMBER NAVY M,0,1,0,0,122463,122463,0
Jun-2026,DC TIGALAPAN,BOMBER MAMU,BOMBER NAVY M,0,2,0,0,122463,244926,0
Feb-2026,DC TIGALAPAN,BOMBER MAMU,BOMBER NAVY S,0,17,0,0,122463,2081871,0
Mar-2026,DC TIGALAPAN,BOMBER MAMU,BOMBER NAVY S,0,9,0,0,122463,1102167,2081871
Mar-2026,DC TIGALAPAN,BOMBER MAMU,BOMBER OLIVE L,0,28,0,0,122463,3428964,0
Feb-2026,DC TIGALAPAN,BOMBER MAMU,BOMBER OLIVE M,0,9,0,0,122463,1102167,0
Mar-2026,DC TIGALAPAN,BOMBER MAMU,BOMBER OLIVE M,0,5,0,0,122463,612315,1102167
Mar-2026,DC TIGALAPAN,BOMBER MAMU,BOMBER OLIVE XL,0,34,0,0,122463,4163742,0
Apr-2026,DC TIGALAPAN,BOMBER MAMU,BOMBER COKLAT L,0,0,0,0,122463,0,3428964
Apr-2026,DC TIGALAPAN,BOMBER MAMU,BOMBER COKLAT M,0,0,0,0,122463,0,734778
Mar-2026,DC TIGALAPAN,BOMBER MAMU,BOMBER COKLAT S,0,0,0,0,122463,0,122463
Apr-2026,DC TIGALAPAN,BOMBER MAMU,BOMBER COKLAT XL,0,0,0,0,122463,0,3551427
Jun-2026,DC TIGALAPAN,BOMBER MAMU,BOMBER HITAM L,0,0,0,0,122377,0,611885
Agu-2026,DC TIGALAPAN,BOMBER MAMU,BOMBER HITAM M,0,0,0,0,122377,0,979016
Apr-2026,DC TIGALAPAN,BOMBER MAMU,BOMBER HITAM S,0,0,0,0,122463,0,1469556
Mar-2026,DC TIGALAPAN,BOMBER MAMU,BOMBER NAVY M,0,0,0,0,122463,0,122463
Jul-2026,DC TIGALAPAN,BOMBER MAMU,BOMBER NAVY M,0,0,0,0,122463,0,244926
Apr-2026,DC TIGALAPAN,BOMBER MAMU,BOMBER NAVY S,0,0,0,0,122463,0,1102167
Apr-2026,DC TIGALAPAN,BOMBER MAMU,BOMBER OLIVE L,0,0,0,0,122463,0,3428964
Apr-2026,DC TIGALAPAN,BOMBER MAMU,BOMBER OLIVE M,0,0,0,0,122463,0,612315
Apr-2026,DC TIGALAPAN,BOMBER MAMU,BOMBER OLIVE XL,0,0,0,0,122463,0,4163742
