Bulan,Store,Warna,Item,COGS,OH Qty,OD Qty,WIP Qty,HPP,Inventory Akhir,Inventory Awal
Jan-2026,MAMU BTP,BOWLING SHIRT,BOWLING SHIRT DENIM L,0,10,0,0,82943,829430,0
Feb-2026,MAMU BTP,BOWLING SHIRT,BOWLING SHIRT DENIM L,248829,12,0,0,82943,995316,829430
Mar-2026,MAMU BTP,BOWLING SHIRT,BOWLING SHIRT DENIM L,165886,10,0,0,82943,829430,995316
Apr-2026,MAMU BTP,BOWLING SHIRT,BOWLING SHIRT DENIM L,0,10,0,0,82943,829430,829430
Mei-2026,MAMU BTP,BOWLING SHIRT,BOWLING SHIRT DENIM L,248829,8,0,0,82943,663544,829430
Jun-2026,MAMU BTP,BOWLING SHIRT,BOWLING SHIRT DENIM L,0,7,0,0,82943,580601,663544
Jul-2026,MAMU BTP,BOWLING SHIRT,BOWLING SHIRT DENIM L,0,7,0,0,82943,580601,580601
Agu-2026,MAMU BTP,BOWLING SHIRT,BOWLING SHIRT DENIM L,82943,7,0,0,82943,580601,580601
Sep-2026,MAMU BTP,BOWLING SHIRT,BOWLING SHIRT DENIM L,82943,5,0,0,82943,414715,580601
Okt-2026,MAMU BTP,BOWLING SHIRT,BOWLING SHIRT DENIM L,0,5,0,0,82943,414715,414715
Jan-2026,MAMU BTP,BOWLING SHIRT,BOWLING SHIRT DENIM M,0,10,0,0,82943,829430,0
Feb-2026,MAMU BTP,BOWLING SHIRT,BOWLING SHIRT DENIM M,248829,23,0,0,82943,1907689,829430
Mar-2026,MAMU BTP,BOWLING SHIRT,BOWLING SHIRT DENIM M,248829,49,0,0,82943,4064207,1907689
Apr-2026,MAMU BTP,BOWLING SHIRT,BOWLING SHIRT DENIM M,82943,48,0,0,82943,3981264,4064207
Mei-2026,MAMU BTP,BOWLING SHIRT,BOWLING SHIRT DENIM M,0,48,0,0,82943,3981264,3981264
Jun-2026,MAMU BTP,BOWLING SHIRT,BOWLING SHIRT DENIM M,82943,46,0,0,82943,3815378,3981264
Jul-2026,MAMU BTP,BOWLING SHIRT,BOWLING SHIRT DENIM M,0,46,0,0,82943,3815378,3815378
Agu-2026,MAMU BTP,BOWLING SHIRT,BOWLING SHIRT DENIM M,82943,46,0,0,82943,3815378,3815378
Sep-2026,MAMU BTP,BOWLING SHIRT,BOWLING SHIRT DENIM M,165886,43,0,0,82943,3566549,3815378
Okt-2026,MAMU BTP,BOWLING SHIRT,BOWLING SHIRT DENIM M,0,43,0,0,82943,3566549,3566549
Jan-2026,MAMU BTP,BOWLING SHIRT,BOWLING SHIRT DENIM S,0,10,0,0,82943,829430,0
Feb-2026,MAMU BTP,BOWLING SHIRT,BOWLING SHIRT DENIM S,0,20,0,0,82943,1658860,829430
Mar-2026,MAMU BTP,BOWLING SHIRT,BOWLING SHIRT DENIM S,248829,23,0,0,82943,1907689,1658860
Apr-2026,MAMU BTP,BOWLING SHIRT,BOWLING SHIRT DENIM S,165886,21,0,0,82943,1741803,1907689
Mei-2026,MAMU BTP,BOWLING SHIRT,BOWLING SHIRT DENIM S,0,21,0,0,82943,1741803,1741803
Jun-2026,MAMU BTP,BOWLING SHIRT,BOWLING SHIRT DENIM S,0,21,0,0,82943,1741803,1741803
Jul-2026,MAMU BTP,BOWLING SHIRT,BOWLING SHIRT DENIM S,0,21,0,0,82943,1741803,1741803
Agu-2026,MAMU BTP,BOWLING SHIRT,BOWLING SHIRT DENIM S,0,21,0,0,82943,1741803,1741803
Sep-2026,MAMU BTP,BOWLING SHIRT,BOWLING SHIRT DENIM S,0,21,0,0,82943,1741803,1741803
Okt-2026,MAMU BTP,BOWLING SHIRT,BOWLING SHIRT DENIM S,0,21,0,0,82943,1741803,1741803
Jan-2026,MAMU BTP,BOWLING SHIRT,BOWLING SHIRT DENIM XL,0,10,0,0,82943,829430,0
Feb-2026,MAMU BTP,BOWLING SHIRT,BOWLING SHIRT DENIM XL,82943,9,0,0,82943,746487,829430
Mar-2026,MAMU BTP,BOWLING SHIRT,BOWLING SHIRT DENIM XL,0,7,0,0,82943,580601,746487
Apr-2026,MAMU BTP,BOWLING SHIRT,BOWLING SHIRT DENIM XL,0,7,0,0,82943,580601,580601
Mei-2026,MAMU BTP,BOWLING SHIRT,BOWLING SHIRT DENIM XL,82943,6,0,0,82943,497658,580601
Jun-2026,MAMU BTP,BOWLING SHIRT,BOWLING SHIRT DENIM XL,0,6,0,0,82943,497658,497658
Jul-2026,MAMU BTP,BOWLING SHIRT,BOWLING SHIRT DENIM XL,0,5,0,0,82943,414715,497658
Agu-2026,MAMU BTP,BOWLING SHIRT,BOWLING SHIRT DENIM XL,82943,4,0,0,82943,331772,414715
Sep-2026,MAMU BTP,BOWLING SHIRT,BOWLING SHIRT DENIM XL,0,4,0,0,82943,331772,331772
Okt-2026,MAMU BTP,BOWLING SHIRT,BOWLING SHIRT DENIM XL,0,4,0,0,82943,331772,331772
Feb-2026,MAMU BTP,BOWLING SHIRT,BOWLING SHIRT KHAKI L,82959,53,0,0,82959,4396827,0
Mar-2026,MAMU BTP,BOWLING SHIRT,BOWLING SHIRT KHAKI L,331836,37,0,0,82959,3069483,4396827
Apr-2026,MAMU BTP,BOWLING SHIRT,BOWLING SHIRT KHAKI L,82959,36,0,0,82959,2986524,3069483
Mei-2026,MAMU BTP,BOWLING SHIRT,BOWLING SHIRT KHAKI L,0,36,0,0,82959,2986524,2986524
Jun-2026,MAMU BTP,BOWLING SHIRT,BOWLING SHIRT KHAKI L,165918,34,0,0,82959,2820606,2986524
Jul-2026,MAMU BTP,BOWLING SHIRT,BOWLING SHIRT KHAKI L,165918,31,0,0,82959,2571729,2820606
Agu-2026,MAMU BTP,BOWLING SHIRT,BOWLING SHIRT KHAKI L,0,31,0,0,82959,2571729,2571729
Sep-2026,MAMU BTP,BOWLING SHIRT,BOWLING SHIRT KHAKI L,248877,29,0,0,82959,2405811,2571729
Okt-2026,MAMU BTP,BOWLING SHIRT,BOWLING SHIRT KHAKI L,0,28,0,0,82959,2322852,2405811
Feb-2026,MAMU BTP,BOWLING SHIRT,BOWLING SHIRT KHAKI M,82959,29,0,0,82959,2405811,0
Mar-2026,MAMU BTP,BOWLING SHIRT,BOWLING SHIRT KHAKI M,331836,55,0,0,82959,4562745,2405811
Apr-2026,MAMU BTP,BOWLING SHIRT,BOWLING SHIRT KHAKI M,0,55,0,0,82959,4562745,4562745
Mei-2026,MAMU BTP,BOWLING SHIRT,BOWLING SHIRT KHAKI M,165918,54,0,0,82959,4479786,4562745
Jun-2026,MAMU BTP,BOWLING SHIRT,BOWLING SHIRT KHAKI M,165918,51,0,0,82959,4230909,4479786
Jul-2026,MAMU BTP,BOWLING SHIRT,BOWLING SHIRT KHAKI M,165918,49,0,0,82959,4064991,4230909
Agu-2026,MAMU BTP,BOWLING SHIRT,BOWLING SHIRT KHAKI M,82959,47,0,0,82959,3899073,4064991
Sep-2026,MAMU BTP,BOWLING SHIRT,BOWLING SHIRT KHAKI M,165918,45,0,0,82959,3733155,3899073
Okt-2026,MAMU BTP,BOWLING SHIRT,BOWLING SHIRT KHAKI M,0,45,0,0,82959,3733155,3733155
Feb-2026,MAMU BTP,BOWLING SHIRT,BOWLING SHIRT KHAKI S,0,30,0,0,79959,2398770,0
Mar-2026,MAMU BTP,BOWLING SHIRT,BOWLING SHIRT KHAKI S,79959,49,0,0,79959,3917991,2398770
Apr-2026,MAMU BTP,BOWLING SHIRT,BOWLING SHIRT KHAKI S,0,49,0,0,79959,3917991,3917991
Mei-2026,MAMU BTP,BOWLING SHIRT,BOWLING SHIRT KHAKI S,0,49,0,0,79959,3917991,3917991
Jun-2026,MAMU BTP,BOWLING SHIRT,BOWLING SHIRT KHAKI S,159918,47,0,0,79959,3758073,3917991
Jul-2026,MAMU BTP,BOWLING SHIRT,BOWLING SHIRT KHAKI S,0,47,0,0,79959,3758073,3758073
Agu-2026,MAMU BTP,BOWLING SHIRT,BOWLING SHIRT KHAKI S,79959,47,0,0,79959,3758073,3758073
Sep-2026,MAMU BTP,BOWLING SHIRT,BOWLING SHIRT KHAKI S,0,46,0,0,79959,3678114,3758073
Okt-2026,MAMU BTP,BOWLING SHIRT,BOWLING SHIRT KHAKI S,0,46,0,0,79959,3678114,3678114
Feb-2026,MAMU BTP,BOWLING SHIRT,BOWLING SHIRT KHAKI XL,0,17,0,0,79959,1359303,0
Mar-2026,MAMU BTP,BOWLING SHIRT,BOWLING SHIRT KHAKI XL,79959,12,0,0,79959,959508,1359303
Apr-2026,MAMU BTP,BOWLING SHIRT,BOWLING SHIRT KHAKI XL,79959,11,0,0,79959,879549,959508
Mei-2026,MAMU BTP,BOWLING SHIRT,BOWLING SHIRT KHAKI XL,79959,10,0,0,79959,799590,879549
Jun-2026,MAMU BTP,BOWLING SHIRT,BOWLING SHIRT KHAKI XL,0,10,0,0,79959,799590,799590
Jul-2026,MAMU BTP,BOWLING SHIRT,BOWLING SHIRT KHAKI XL,79959,9,0,0,79959,719631,799590
Agu-2026,MAMU BTP,BOWLING SHIRT,BOWLING SHIRT KHAKI XL,239877,7,0,0,79959,559713,719631
Sep-2026,MAMU BTP,BOWLING SHIRT,BOWLING SHIRT KHAKI XL,0,6,0,0,79959,479754,559713
Okt-2026,MAMU BTP,BOWLING SHIRT,BOWLING SHIRT KHAKI XL,0,6,0,0,79959,479754,479754
Feb-2026,MAMU BTP,BOWLING SHIRT,BOWLING SHIRT OLIVE L,165918,27,1,0,82959,2322852,0
Mar-2026,MAMU BTP,BOWLING SHIRT,BOWLING SHIRT OLIVE L,248877,19,0,0,82959,1576221,2322852
Apr-2026,MAMU BTP,BOWLING SHIRT,BOWLING SHIRT OLIVE L,0,19,0,0,82959,1576221,1576221
Mei-2026,MAMU BTP,BOWLING SHIRT,BOWLING SHIRT OLIVE L,0,19,0,0,82959,1576221,1576221
Jun-2026,MAMU BTP,BOWLING SHIRT,BOWLING SHIRT OLIVE L,82959,18,0,0,82959,1493262,1576221
Jul-2026,MAMU BTP,BOWLING SHIRT,BOWLING SHIRT OLIVE L,0,13,0,0,82959,1078467,1493262
Agu-2026,MAMU BTP,BOWLING SHIRT,BOWLING SHIRT OLIVE L,0,13,0,0,82959,1078467,1078467
Sep-2026,MAMU BTP,BOWLING SHIRT,BOWLING SHIRT OLIVE L,248877,10,0,0,82959,829590,1078467
Okt-2026,MAMU BTP,BOWLING SHIRT,BOWLING SHIRT OLIVE L,0,10,0,0,82959,829590,829590
Feb-2026,MAMU BTP,BOWLING SHIRT,BOWLING SHIRT OLIVE M,82959,29,5,0,82959,2820606,0
Mar-2026,MAMU BTP,BOWLING SHIRT,BOWLING SHIRT OLIVE M,82959,53,0,0,82959,4396827,2820606
Apr-2026,MAMU BTP,BOWLING SHIRT,BOWLING SHIRT OLIVE M,165918,51,0,0,82959,4230909,4396827
Mei-2026,MAMU BTP,BOWLING SHIRT,BOWLING SHIRT OLIVE M,82959,50,0,0,82959,4147950,4230909
Jun-2026,MAMU BTP,BOWLING SHIRT,BOWLING SHIRT OLIVE M,165918,48,0,0,82959,3982032,4147950
Jul-2026,MAMU BTP,BOWLING SHIRT,BOWLING SHIRT OLIVE M,82959,46,0,0,82959,3816114,3982032
Agu-2026,MAMU BTP,BOWLING SHIRT,BOWLING SHIRT OLIVE M,0,46,0,0,82959,3816114,3816114
Sep-2026,MAMU BTP,BOWLING SHIRT,BOWLING SHIRT OLIVE M,0,46,0,0,82959,3816114,3816114
Okt-2026,MAMU BTP,BOWLING SHIRT,BOWLING SHIRT OLIVE M,0,46,0,0,82959,3816114,3816114
Jan-2026,MAMU BTP,BOWLING SHIRT,BOWLING SHIRT OLIVE S,0,10,0,0,82943,829430,0
Feb-2026,MAMU BTP,BOWLING SHIRT,BOWLING SHIRT OLIVE S,0,15,0,0,82943,1244145,829430
Mar-2026,MAMU BTP,BOWLING SHIRT,BOWLING SHIRT OLIVE S,0,27,0,0,82943,2239461,1244145
Apr-2026,MAMU BTP,BOWLING SHIRT,BOWLING SHIRT OLIVE S,82943,27,0,0,82943,2239461,2239461
Mei-2026,MAMU BTP,BOWLING SHIRT,BOWLING SHIRT OLIVE S,248829,23,0,0,82943,1907689,2239461
Jun-2026,MAMU BTP,BOWLING SHIRT,BOWLING SHIRT OLIVE S,0,23,0,0,82943,1907689,1907689
Jul-2026,MAMU BTP,BOWLING SHIRT,BOWLING SHIRT OLIVE S,0,23,0,0,82943,1907689,1907689
Agu-2026,MAMU BTP,BOWLING SHIRT,BOWLING SHIRT OLIVE S,0,23,0,0,82943,1907689,1907689
Sep-2026,MAMU BTP,BOWLING SHIRT,BOWLING SHIRT OLIVE S,0,23,0,0,82943,1907689,1907689
Okt-2026,MAMU BTP,BOWLING SHIRT,BOWLING SHIRT OLIVE S,0,23,0,0,82943,1907689,1907689
Jan-2026,MAMU BTP,BOWLING SHIRT,BOWLING SHIRT OLIVE XL,0,10,0,0,82943,829430,0
Feb-2026,MAMU BTP,BOWLING SHIRT,BOWLING SHIRT OLIVE XL,0,10,0,0,82943,829430,829430
Mar-2026,MAMU BTP,BOWLING SHIRT,BOWLING SHIRT OLIVE XL,165886,8,0,0,82943,663544,829430
Apr-2026,MAMU BTP,BOWLING SHIRT,BOWLING SHIRT OLIVE XL,0,8,0,0,82943,663544,663544
Mei-2026,MAMU BTP,BOWLING SHIRT,BOWLING SHIRT OLIVE XL,0,8,0,0,82943,663544,663544
Jun-2026,MAMU BTP,BOWLING SHIRT,BOWLING SHIRT OLIVE XL,0,8,0,0,82943,663544,663544
Jul-2026,MAMU BTP,BOWLING SHIRT,BOWLING SHIRT OLIVE XL,0,8,0,0,82943,663544,663544
Agu-2026,MAMU BTP,BOWLING SHIRT,BOWLING SHIRT OLIVE XL,82943,7,0,0,82943,580601,663544
Sep-2026,MAMU BTP,BOWLING SHIRT,BOWLING SHIRT OLIVE XL,82943,6,0,0,82943,497658,580601
Okt-2026,MAMU BTP,BOWLING SHIRT,BOWLING SHIRT OLIVE XL,0,6,0,0,82943,497658,497658
Feb-2026,MAMU BTP,BOWLING SHIRT,BOWLING SHIRT SUPER BLACK L,82943,9,0,0,82951,746559,0
Mar-2026,MAMU BTP,BOWLING SHIRT,BOWLING SHIRT SUPER BLACK L,663544,1,0,0,82951,82951,746559
Apr-2026,MAMU BTP,BOWLING SHIRT,BOWLING SHIRT SUPER BLACK L,165900,9,0,0,82951,746559,82951
Mei-2026,MAMU BTP,BOWLING SHIRT,BOWLING SHIRT SUPER BLACK L,497700,3,0,0,82951,248853,746559
Jun-2026,MAMU BTP,BOWLING SHIRT,BOWLING SHIRT SUPER BLACK L,82951,7,0,0,82951,580657,248853
Jul-2026,MAMU BTP,BOWLING SHIRT,BOWLING SHIRT SUPER BLACK L,82951,5,0,0,82951,414755,580657
Agu-2026,MAMU BTP,BOWLING SHIRT,BOWLING SHIRT SUPER BLACK L,0,5,0,0,82951,414755,414755
Sep-2026,MAMU BTP,BOWLING SHIRT,BOWLING SHIRT SUPER BLACK L,331804,1,0,0,82951,82951,414755
Okt-2026,MAMU BTP,BOWLING SHIRT,BOWLING SHIRT SUPER BLACK L,0,1,0,0,82951,82951,82951
Apr-2026,MAMU BTP,BOWLING SHIRT,BOWLING SHIRT SUPER BLACK M,0,10,0,0,82959,829590,0
Mei-2026,MAMU BTP,BOWLING SHIRT,BOWLING SHIRT SUPER BLACK M,248877,7,0,0,82959,580713,829590
Jun-2026,MAMU BTP,BOWLING SHIRT,BOWLING SHIRT SUPER BLACK M,165918,5,0,0,82959,414795,580713
Jul-2026,MAMU BTP,BOWLING SHIRT,BOWLING SHIRT SUPER BLACK M,0,5,0,0,82959,414795,414795
Agu-2026,MAMU BTP,BOWLING SHIRT,BOWLING SHIRT SUPER BLACK M,82959,5,0,0,82959,414795,414795
Sep-2026,MAMU BTP,BOWLING SHIRT,BOWLING SHIRT SUPER BLACK M,0,4,0,0,82959,331836,414795
Okt-2026,MAMU BTP,BOWLING SHIRT,BOWLING SHIRT SUPER BLACK M,0,4,0,0,82959,331836,331836
Feb-2026,MAMU BTP,BOWLING SHIRT,BOWLING SHIRT SUPER BLACK S,0,25,0,0,82102,2052550,0
Mar-2026,MAMU BTP,BOWLING SHIRT,BOWLING SHIRT SUPER BLACK S,497658,49,0,0,82102,4022998,2052550
Apr-2026,MAMU BTP,BOWLING SHIRT,BOWLING SHIRT SUPER BLACK S,164856,47,0,0,82102,3858794,4022998
Mei-2026,MAMU BTP,BOWLING SHIRT,BOWLING SHIRT SUPER BLACK S,164856,45,0,0,82102,3694590,3858794
Jun-2026,MAMU BTP,BOWLING SHIRT,BOWLING SHIRT SUPER BLACK S,0,45,0,0,82102,3694590,3694590
Jul-2026,MAMU BTP,BOWLING SHIRT,BOWLING SHIRT SUPER BLACK S,0,45,0,0,82102,3694590,3694590
Agu-2026,MAMU BTP,BOWLING SHIRT,BOWLING SHIRT SUPER BLACK S,82428,45,0,0,82102,3694590,3694590
Sep-2026,MAMU BTP,BOWLING SHIRT,BOWLING SHIRT SUPER BLACK S,82428,43,0,0,82102,3530386,3694590
Okt-2026,MAMU BTP,BOWLING SHIRT,BOWLING SHIRT SUPER BLACK S,0,43,0,0,82102,3530386,3530386
Feb-2026,MAMU BTP,BOWLING SHIRT,BOWLING SHIRT SUPER BLACK XL,82943,14,0,0,82794,1159116,0
Mar-2026,MAMU BTP,BOWLING SHIRT,BOWLING SHIRT SUPER BLACK XL,248779,17,0,0,82794,1407498,1159116
Apr-2026,MAMU BTP,BOWLING SHIRT,BOWLING SHIRT SUPER BLACK XL,82893,16,0,0,82794,1324704,1407498
Mei-2026,MAMU BTP,BOWLING SHIRT,BOWLING SHIRT SUPER BLACK XL,82893,15,0,0,82794,1241910,1324704
Jun-2026,MAMU BTP,BOWLING SHIRT,BOWLING SHIRT SUPER BLACK XL,82893,14,0,0,82794,1159116,1241910
Jul-2026,MAMU BTP,BOWLING SHIRT,BOWLING SHIRT SUPER BLACK XL,165786,12,0,0,82794,993528,1159116
Agu-2026,MAMU BTP,BOWLING SHIRT,BOWLING SHIRT SUPER BLACK XL,248679,11,0,0,82794,910734,993528
Sep-2026,MAMU BTP,BOWLING SHIRT,BOWLING SHIRT SUPER BLACK XL,161642,8,0,0,82794,662352,910734
Okt-2026,MAMU BTP,BOWLING SHIRT,BOWLING SHIRT SUPER BLACK XL,0,8,0,0,82794,662352,662352
Mar-2026,MAMU GOWA,BOWLING SHIRT,BOWLING SHIRT DENIM L,331772,7,0,0,82943,580601,0
Apr-2026,MAMU GOWA,BOWLING SHIRT,BOWLING SHIRT DENIM L,82943,6,0,0,82943,497658,580601
Mei-2026,MAMU GOWA,BOWLING SHIRT,BOWLING SHIRT DENIM L,0,6,0,0,82943,497658,497658
Jun-2026,MAMU GOWA,BOWLING SHIRT,BOWLING SHIRT DENIM L,497658,3,0,0,82943,248829,497658
Jul-2026,MAMU GOWA,BOWLING SHIRT,BOWLING SHIRT DENIM L,0,3,0,0,82943,248829,248829
Agu-2026,MAMU GOWA,BOWLING SHIRT,BOWLING SHIRT DENIM L,0,3,0,0,82943,248829,248829
Sep-2026,MAMU GOWA,BOWLING SHIRT,BOWLING SHIRT DENIM L,0,3,0,0,82943,248829,248829
Okt-2026,MAMU GOWA,BOWLING SHIRT,BOWLING SHIRT DENIM L,0,3,0,0,82943,248829,248829
Mar-2026,MAMU GOWA,BOWLING SHIRT,BOWLING SHIRT DENIM M,165886,29,0,0,82943,2405347,0
Apr-2026,MAMU GOWA,BOWLING SHIRT,BOWLING SHIRT DENIM M,0,29,0,0,82943,2405347,2405347
Mei-2026,MAMU GOWA,BOWLING SHIRT,BOWLING SHIRT DENIM M,0,29,0,0,82943,2405347,2405347
Jun-2026,MAMU GOWA,BOWLING SHIRT,BOWLING SHIRT DENIM M,165886,27,0,0,82943,2239461,2405347
Jul-2026,MAMU GOWA,BOWLING SHIRT,BOWLING SHIRT DENIM M,0,27,0,0,82943,2239461,2239461
Agu-2026,MAMU GOWA,BOWLING SHIRT,BOWLING SHIRT DENIM M,0,27,0,0,82943,2239461,2239461
Sep-2026,MAMU GOWA,BOWLING SHIRT,BOWLING SHIRT DENIM M,0,27,0,0,82943,2239461,2239461
Okt-2026,MAMU GOWA,BOWLING SHIRT,BOWLING SHIRT DENIM M,0,27,0,0,82943,2239461,2239461
Mar-2026,MAMU GOWA,BOWLING SHIRT,BOWLING SHIRT DENIM S,82943,20,0,0,82943,1658860,0
Apr-2026,MAMU GOWA,BOWLING SHIRT,BOWLING SHIRT DENIM S,0,20,0,0,82943,1658860,1658860
Mei-2026,MAMU GOWA,BOWLING SHIRT,BOWLING SHIRT DENIM S,0,20,0,0,82943,1658860,1658860
Jun-2026,MAMU GOWA,BOWLING SHIRT,BOWLING SHIRT DENIM S,82943,19,0,0,82943,1575917,1658860
Jul-2026,MAMU GOWA,BOWLING SHIRT,BOWLING SHIRT DENIM S,0,19,0,0,82943,1575917,1575917
Agu-2026,MAMU GOWA,BOWLING SHIRT,BOWLING SHIRT DENIM S,0,19,0,0,82943,1575917,1575917
Sep-2026,MAMU GOWA,BOWLING SHIRT,BOWLING SHIRT DENIM S,0,19,0,0,82943,1575917,1575917
Okt-2026,MAMU GOWA,BOWLING SHIRT,BOWLING SHIRT DENIM S,0,19,0,0,82943,1575917,1575917
Mar-2026,MAMU GOWA,BOWLING SHIRT,BOWLING SHIRT DENIM XL,82943,3,0,0,82943,248829,0
Apr-2026,MAMU GOWA,BOWLING SHIRT,BOWLING SHIRT DENIM XL,0,3,0,0,82943,248829,248829
Mei-2026,MAMU GOWA,BOWLING SHIRT,BOWLING SHIRT DENIM XL,0,3,0,0,82943,248829,248829
Jun-2026,MAMU GOWA,BOWLING SHIRT,BOWLING SHIRT DENIM XL,248829,0,0,0,82943,0,248829
Agu-2026,MAMU GOWA,BOWLING SHIRT,BOWLING SHIRT DENIM XL,82943,0,0,0,82943,0,0
Mar-2026,MAMU GOWA,BOWLING SHIRT,BOWLING SHIRT KHAKI L,82959,15,0,0,82959,1244385,0
Apr-2026,MAMU GOWA,BOWLING SHIRT,BOWLING SHIRT KHAKI L,82959,14,0,0,82959,1161426,1244385
Mei-2026,MAMU GOWA,BOWLING SHIRT,BOWLING SHIRT KHAKI L,0,14,0,0,82959,1161426,1161426
Jun-2026,MAMU GOWA,BOWLING SHIRT,BOWLING SHIRT KHAKI L,0,14,0,0,82959,1161426,1161426
Jul-2026,MAMU GOWA,BOWLING SHIRT,BOWLING SHIRT KHAKI L,0,14,0,0,82959,1161426,1161426
Agu-2026,MAMU GOWA,BOWLING SHIRT,BOWLING SHIRT KHAKI L,0,14,0,0,82959,1161426,1161426
Sep-2026,MAMU GOWA,BOWLING SHIRT,BOWLING SHIRT KHAKI L,0,14,0,0,82959,1161426,1161426
Okt-2026,MAMU GOWA,BOWLING SHIRT,BOWLING SHIRT KHAKI L,0,14,0,0,82959,1161426,1161426
Mar-2026,MAMU GOWA,BOWLING SHIRT,BOWLING SHIRT KHAKI M,331836,27,0,0,82959,2239893,0
Apr-2026,MAMU GOWA,BOWLING SHIRT,BOWLING SHIRT KHAKI M,0,24,0,0,82959,1991016,2239893
Mei-2026,MAMU GOWA,BOWLING SHIRT,BOWLING SHIRT KHAKI M,0,24,0,0,82959,1991016,1991016
Jun-2026,MAMU GOWA,BOWLING SHIRT,BOWLING SHIRT KHAKI M,0,24,0,0,82959,1991016,1991016
Jul-2026,MAMU GOWA,BOWLING SHIRT,BOWLING SHIRT KHAKI M,82959,23,0,0,82959,1908057,1991016
Agu-2026,MAMU GOWA,BOWLING SHIRT,BOWLING SHIRT KHAKI M,82959,22,0,0,82959,1825098,1908057
Sep-2026,MAMU GOWA,BOWLING SHIRT,BOWLING SHIRT KHAKI M,82959,21,0,0,82959,1742139,1825098
Okt-2026,MAMU GOWA,BOWLING SHIRT,BOWLING SHIRT KHAKI M,0,21,0,0,82959,1742139,1742139
Mar-2026,MAMU GOWA,BOWLING SHIRT,BOWLING SHIRT KHAKI S,239877,28,0,0,79959,2238852,0
Apr-2026,MAMU GOWA,BOWLING SHIRT,BOWLING SHIRT KHAKI S,79959,25,0,0,79959,1998975,2238852
Mei-2026,MAMU GOWA,BOWLING SHIRT,BOWLING SHIRT KHAKI S,0,25,0,0,79959,1998975,1998975
Jun-2026,MAMU GOWA,BOWLING SHIRT,BOWLING SHIRT KHAKI S,0,25,0,0,79959,1998975,1998975
Jul-2026,MAMU GOWA,BOWLING SHIRT,BOWLING SHIRT KHAKI S,0,25,0,0,79959,1998975,1998975
Agu-2026,MAMU GOWA,BOWLING SHIRT,BOWLING SHIRT KHAKI S,0,25,0,0,79959,1998975,1998975
Sep-2026,MAMU GOWA,BOWLING SHIRT,BOWLING SHIRT KHAKI S,0,25,0,0,79959,1998975,1998975
Okt-2026,MAMU GOWA,BOWLING SHIRT,BOWLING SHIRT KHAKI S,0,25,0,0,79959,1998975,1998975
Mar-2026,MAMU GOWA,BOWLING SHIRT,BOWLING SHIRT KHAKI XL,0,4,0,0,79959,319836,0
Apr-2026,MAMU GOWA,BOWLING SHIRT,BOWLING SHIRT KHAKI XL,0,4,0,0,79959,319836,319836
Mei-2026,MAMU GOWA,BOWLING SHIRT,BOWLING SHIRT KHAKI XL,0,4,0,0,79959,319836,319836
Jun-2026,MAMU GOWA,BOWLING SHIRT,BOWLING SHIRT KHAKI XL,0,4,0,0,79959,319836,319836
Jul-2026,MAMU GOWA,BOWLING SHIRT,BOWLING SHIRT KHAKI XL,0,4,0,0,79959,319836,319836
Agu-2026,MAMU GOWA,BOWLING SHIRT,BOWLING SHIRT KHAKI XL,0,4,0,0,79959,319836,319836
Sep-2026,MAMU GOWA,BOWLING SHIRT,BOWLING SHIRT KHAKI XL,159918,2,0,0,79959,159918,319836
Okt-2026,MAMU GOWA,BOWLING SHIRT,BOWLING SHIRT KHAKI XL,79959,2,0,0,79959,159918,159918
Mar-2026,MAMU GOWA,BOWLING SHIRT,BOWLING SHIRT OLIVE L,165918,11,0,0,82959,912549,0
Apr-2026,MAMU GOWA,BOWLING SHIRT,BOWLING SHIRT OLIVE L,0,11,0,0,82959,912549,912549
Mei-2026,MAMU GOWA,BOWLING SHIRT,BOWLING SHIRT OLIVE L,82959,10,0,0,82959,829590,912549
Jun-2026,MAMU GOWA,BOWLING SHIRT,BOWLING SHIRT OLIVE L,0,10,0,0,82959,829590,829590
Jul-2026,MAMU GOWA,BOWLING SHIRT,BOWLING SHIRT OLIVE L,0,10,0,0,82959,829590,829590
Agu-2026,MAMU GOWA,BOWLING SHIRT,BOWLING SHIRT OLIVE L,0,10,0,0,82959,829590,829590
Sep-2026,MAMU GOWA,BOWLING SHIRT,BOWLING SHIRT OLIVE L,0,10,0,0,82959,829590,829590
Okt-2026,MAMU GOWA,BOWLING SHIRT,BOWLING SHIRT OLIVE L,0,10,0,0,82959,829590,829590
Mar-2026,MAMU GOWA,BOWLING SHIRT,BOWLING SHIRT OLIVE M,414795,29,0,0,82959,2405811,0
Apr-2026,MAMU GOWA,BOWLING SHIRT,BOWLING SHIRT OLIVE M,0,28,0,0,82959,2322852,2405811
Mei-2026,MAMU GOWA,BOWLING SHIRT,BOWLING SHIRT OLIVE M,82959,27,0,0,82959,2239893,2322852
Jun-2026,MAMU GOWA,BOWLING SHIRT,BOWLING SHIRT OLIVE M,0,27,0,0,82959,2239893,2239893
Jul-2026,MAMU GOWA,BOWLING SHIRT,BOWLING SHIRT OLIVE M,82959,26,0,0,82959,2156934,2239893
Agu-2026,MAMU GOWA,BOWLING SHIRT,BOWLING SHIRT OLIVE M,165918,25,0,0,82959,2073975,2156934
Sep-2026,MAMU GOWA,BOWLING SHIRT,BOWLING SHIRT OLIVE M,0,24,0,0,82959,1991016,2073975
Okt-2026,MAMU GOWA,BOWLING SHIRT,BOWLING SHIRT OLIVE M,0,24,0,0,82959,1991016,1991016
Mar-2026,MAMU GOWA,BOWLING SHIRT,BOWLING SHIRT OLIVE S,331772,23,0,0,82943,1907689,0
Apr-2026,MAMU GOWA,BOWLING SHIRT,BOWLING SHIRT OLIVE S,82943,20,0,0,82943,1658860,1907689
Mei-2026,MAMU GOWA,BOWLING SHIRT,BOWLING SHIRT OLIVE S,0,20,0,0,82943,1658860,1658860
Jun-2026,MAMU GOWA,BOWLING SHIRT,BOWLING SHIRT OLIVE S,0,20,0,0,82943,1658860,1658860
Jul-2026,MAMU GOWA,BOWLING SHIRT,BOWLING SHIRT OLIVE S,0,20,0,0,82943,1658860,1658860
Agu-2026,MAMU GOWA,BOWLING SHIRT,BOWLING SHIRT OLIVE S,0,20,0,0,82943,1658860,1658860
Sep-2026,MAMU GOWA,BOWLING SHIRT,BOWLING SHIRT OLIVE S,0,20,0,0,82943,1658860,1658860
Okt-2026,MAMU GOWA,BOWLING SHIRT,BOWLING SHIRT OLIVE S,0,20,0,0,82943,1658860,1658860
Mar-2026,MAMU GOWA,BOWLING SHIRT,BOWLING SHIRT OLIVE XL,82943,2,0,0,82943,165886,0
Apr-2026,MAMU GOWA,BOWLING SHIRT,BOWLING SHIRT OLIVE XL,0,2,0,0,82943,165886,165886
Mei-2026,MAMU GOWA,BOWLING SHIRT,BOWLING SHIRT OLIVE XL,82943,1,0,0,82943,82943,165886
Jun-2026,MAMU GOWA,BOWLING SHIRT,BOWLING SHIRT OLIVE XL,0,1,0,0,82943,82943,82943
Jul-2026,MAMU GOWA,BOWLING SHIRT,BOWLING SHIRT OLIVE XL,0,1,0,0,82943,82943,82943
Agu-2026,MAMU GOWA,BOWLING SHIRT,BOWLING SHIRT OLIVE XL,82943,1,0,0,82943,82943,82943
Sep-2026,MAMU GOWA,BOWLING SHIRT,BOWLING SHIRT OLIVE XL,0,0,0,0,82943,0,82943
Mar-2026,MAMU GOWA,BOWLING SHIRT,BOWLING SHIRT SUPER BLACK L,414730,0,0,0,82951,0,0
Apr-2026,MAMU GOWA,BOWLING SHIRT,BOWLING SHIRT SUPER BLACK L,0,5,0,0,82951,414755,0
Mei-2026,MAMU GOWA,BOWLING SHIRT,BOWLING SHIRT SUPER BLACK L,82951,4,0,0,82951,331804,414755
Jun-2026,MAMU GOWA,BOWLING SHIRT,BOWLING SHIRT SUPER BLACK L,82951,3,0,0,82951,248853,331804
Jul-2026,MAMU GOWA,BOWLING SHIRT,BOWLING SHIRT SUPER BLACK L,0,2,0,0,82951,165902,248853
Agu-2026,MAMU GOWA,BOWLING SHIRT,BOWLING SHIRT SUPER BLACK L,0,2,0,0,82951,165902,165902
Sep-2026,MAMU GOWA,BOWLING SHIRT,BOWLING SHIRT SUPER BLACK L,0,2,0,0,82951,165902,165902
Okt-2026,MAMU GOWA,BOWLING SHIRT,BOWLING SHIRT SUPER BLACK L,0,2,0,0,82951,165902,165902
Apr-2026,MAMU GOWA,BOWLING SHIRT,BOWLING SHIRT SUPER BLACK M,0,5,0,0,82959,414795,0
Mei-2026,MAMU GOWA,BOWLING SHIRT,BOWLING SHIRT SUPER BLACK M,82959,4,0,0,82959,331836,414795
Jun-2026,MAMU GOWA,BOWLING SHIRT,BOWLING SHIRT SUPER BLACK M,0,4,0,0,82959,331836,331836
Jul-2026,MAMU GOWA,BOWLING SHIRT,BOWLING SHIRT SUPER BLACK M,0,4,0,0,82959,331836,331836
Agu-2026,MAMU GOWA,BOWLING SHIRT,BOWLING SHIRT SUPER BLACK M,0,4,0,0,82959,331836,331836
Sep-2026,MAMU GOWA,BOWLING SHIRT,BOWLING SHIRT SUPER BLACK M,0,4,0,0,82959,331836,331836
Okt-2026,MAMU GOWA,BOWLING SHIRT,BOWLING SHIRT SUPER BLACK M,0,4,0,0,82959,331836,331836
Mar-2026,MAMU GOWA,BOWLING SHIRT,BOWLING SHIRT SUPER BLACK S,410510,29,0,0,82102,2380958,0
Apr-2026,MAMU GOWA,BOWLING SHIRT,BOWLING SHIRT SUPER BLACK S,82102,28,0,0,82102,2298856,2380958
Mei-2026,MAMU GOWA,BOWLING SHIRT,BOWLING SHIRT SUPER BLACK S,0,28,0,0,82102,2298856,2298856
Jun-2026,MAMU GOWA,BOWLING SHIRT,BOWLING SHIRT SUPER BLACK S,0,28,0,0,82102,2298856,2298856
Jul-2026,MAMU GOWA,BOWLING SHIRT,BOWLING SHIRT SUPER BLACK S,0,28,0,0,82102,2298856,2298856
Agu-2026,MAMU GOWA,BOWLING SHIRT,BOWLING SHIRT SUPER BLACK S,0,28,0,0,82102,2298856,2298856
Sep-2026,MAMU GOWA,BOWLING SHIRT,BOWLING SHIRT SUPER BLACK S,0,28,0,0,82102,2298856,2298856
Okt-2026,MAMU GOWA,BOWLING SHIRT,BOWLING SHIRT SUPER BLACK S,0,28,0,0,82102,2298856,2298856
Mar-2026,MAMU GOWA,BOWLING SHIRT,BOWLING SHIRT SUPER BLACK XL,248382,6,0,0,82794,496764,0
Apr-2026,MAMU GOWA,BOWLING SHIRT,BOWLING SHIRT SUPER BLACK XL,0,6,0,0,82794,496764,496764
Mei-2026,MAMU GOWA,BOWLING SHIRT,BOWLING SHIRT SUPER BLACK XL,0,6,0,0,82794,496764,496764
Jun-2026,MAMU GOWA,BOWLING SHIRT,BOWLING SHIRT SUPER BLACK XL,82794,5,0,0,82794,413970,496764
Jul-2026,MAMU GOWA,BOWLING SHIRT,BOWLING SHIRT SUPER BLACK XL,82794,5,0,0,82794,413970,413970
Agu-2026,MAMU GOWA,BOWLING SHIRT,BOWLING SHIRT SUPER BLACK XL,82794,4,0,0,82794,331176,413970
Sep-2026,MAMU GOWA,BOWLING SHIRT,BOWLING SHIRT SUPER BLACK XL,0,4,0,0,82794,331176,331176
Okt-2026,MAMU GOWA,BOWLING SHIRT,BOWLING SHIRT SUPER BLACK XL,82794,4,0,0,82794,331176,331176
Mar-2026,MAMU KENDARI,BOWLING SHIRT,BOWLING SHIRT DENIM L,0,3,0,0,82943,248829,0
Apr-2026,MAMU KENDARI,BOWLING SHIRT,BOWLING SHIRT DENIM L,82943,2,0,0,82943,165886,248829
Mei-2026,MAMU KENDARI,BOWLING SHIRT,BOWLING SHIRT DENIM L,0,3,0,0,82943,248829,165886
Jun-2026,MAMU KENDARI,BOWLING SHIRT,BOWLING SHIRT DENIM L,0,3,0,0,82943,248829,248829
Jul-2026,MAMU KENDARI,BOWLING SHIRT,BOWLING SHIRT DENIM L,0,3,0,0,82943,248829,248829
Agu-2026,MAMU KENDARI,BOWLING SHIRT,BOWLING SHIRT DENIM L,0,3,0,0,82943,248829,248829
Sep-2026,MAMU KENDARI,BOWLING SHIRT,BOWLING SHIRT DENIM L,0,3,0,0,82943,248829,248829
Okt-2026,MAMU KENDARI,BOWLING SHIRT,BOWLING SHIRT DENIM L,0,3,0,0,82943,248829,248829
Mar-2026,MAMU KENDARI,BOWLING SHIRT,BOWLING SHIRT DENIM M,0,5,0,0,82943,414715,0
Apr-2026,MAMU KENDARI,BOWLING SHIRT,BOWLING SHIRT DENIM M,0,5,0,0,82943,414715,414715
Mei-2026,MAMU KENDARI,BOWLING SHIRT,BOWLING SHIRT DENIM M,0,4,0,0,82943,331772,414715
Jun-2026,MAMU KENDARI,BOWLING SHIRT,BOWLING SHIRT DENIM M,0,4,0,0,82943,331772,331772
Jul-2026,MAMU KENDARI,BOWLING SHIRT,BOWLING SHIRT DENIM M,0,4,0,0,82943,331772,331772
Agu-2026,MAMU KENDARI,BOWLING SHIRT,BOWLING SHIRT DENIM M,0,4,0,0,82943,331772,331772
Sep-2026,MAMU KENDARI,BOWLING SHIRT,BOWLING SHIRT DENIM M,0,4,0,0,82943,331772,331772
Okt-2026,MAMU KENDARI,BOWLING SHIRT,BOWLING SHIRT DENIM M,0,4,0,0,82943,331772,331772
Mar-2026,MAMU KENDARI,BOWLING SHIRT,BOWLING SHIRT DENIM XL,0,1,0,0,82943,82943,0
Apr-2026,MAMU KENDARI,BOWLING SHIRT,BOWLING SHIRT DENIM XL,0,1,0,0,82943,82943,82943
Mei-2026,MAMU KENDARI,BOWLING SHIRT,BOWLING SHIRT DENIM XL,0,1,0,0,82943,82943,82943
Jun-2026,MAMU KENDARI,BOWLING SHIRT,BOWLING SHIRT DENIM XL,0,1,0,0,82943,82943,82943
Jul-2026,MAMU KENDARI,BOWLING SHIRT,BOWLING SHIRT DENIM XL,0,1,0,0,82943,82943,82943
Agu-2026,MAMU KENDARI,BOWLING SHIRT,BOWLING SHIRT DENIM XL,0,1,0,0,82943,82943,82943
Sep-2026,MAMU KENDARI,BOWLING SHIRT,BOWLING SHIRT DENIM XL,0,1,0,0,82943,82943,82943
Okt-2026,MAMU KENDARI,BOWLING SHIRT,BOWLING SHIRT DENIM XL,0,1,0,0,82943,82943,82943
Mar-2026,MAMU KENDARI,BOWLING SHIRT,BOWLING SHIRT KHAKI L,0,2,0,0,82959,165918,0
Apr-2026,MAMU KENDARI,BOWLING SHIRT,BOWLING SHIRT KHAKI L,0,2,0,0,82959,165918,165918
Mei-2026,MAMU KENDARI,BOWLING SHIRT,BOWLING SHIRT KHAKI L,0,3,0,0,82959,248877,165918
Jun-2026,MAMU KENDARI,BOWLING SHIRT,BOWLING SHIRT KHAKI L,0,3,0,0,82959,248877,248877
Jul-2026,MAMU KENDARI,BOWLING SHIRT,BOWLING SHIRT KHAKI L,0,3,0,0,82959,248877,248877
Agu-2026,MAMU KENDARI,BOWLING SHIRT,BOWLING SHIRT KHAKI L,55306,3,0,0,82959,248877,248877
Sep-2026,MAMU KENDARI,BOWLING SHIRT,BOWLING SHIRT KHAKI L,0,2,0,0,82959,165918,248877
Okt-2026,MAMU KENDARI,BOWLING SHIRT,BOWLING SHIRT KHAKI L,0,2,0,0,82959,165918,165918
Mar-2026,MAMU KENDARI,BOWLING SHIRT,BOWLING SHIRT KHAKI M,0,3,0,0,82959,248877,0
Apr-2026,MAMU KENDARI,BOWLING SHIRT,BOWLING SHIRT KHAKI M,82959,2,0,0,82959,165918,248877
Mei-2026,MAMU KENDARI,BOWLING SHIRT,BOWLING SHIRT KHAKI M,0,2,0,0,82959,165918,165918
Jun-2026,MAMU KENDARI,BOWLING SHIRT,BOWLING SHIRT KHAKI M,0,2,0,0,82959,165918,165918
Jul-2026,MAMU KENDARI,BOWLING SHIRT,BOWLING SHIRT KHAKI M,0,2,0,0,82959,165918,165918
Agu-2026,MAMU KENDARI,BOWLING SHIRT,BOWLING SHIRT KHAKI M,0,2,0,0,82959,165918,165918
Sep-2026,MAMU KENDARI,BOWLING SHIRT,BOWLING SHIRT KHAKI M,0,2,0,0,82959,165918,165918
Okt-2026,MAMU KENDARI,BOWLING SHIRT,BOWLING SHIRT KHAKI M,0,2,0,0,82959,165918,165918
Mar-2026,MAMU KENDARI,BOWLING SHIRT,BOWLING SHIRT KHAKI S,79959,2,0,0,79959,159918,0
Apr-2026,MAMU KENDARI,BOWLING SHIRT,BOWLING SHIRT KHAKI S,0,2,0,0,79959,159918,159918
Mei-2026,MAMU KENDARI,BOWLING SHIRT,BOWLING SHIRT KHAKI S,0,2,0,0,79959,159918,159918
Jun-2026,MAMU KENDARI,BOWLING SHIRT,BOWLING SHIRT KHAKI S,0,2,0,0,79959,159918,159918
Jul-2026,MAMU KENDARI,BOWLING SHIRT,BOWLING SHIRT KHAKI S,0,2,0,0,79959,159918,159918
Agu-2026,MAMU KENDARI,BOWLING SHIRT,BOWLING SHIRT KHAKI S,79959,1,0,0,79959,79959,159918
Sep-2026,MAMU KENDARI,BOWLING SHIRT,BOWLING SHIRT KHAKI S,0,1,0,0,79959,79959,79959
Okt-2026,MAMU KENDARI,BOWLING SHIRT,BOWLING SHIRT KHAKI S,0,1,0,0,79959,79959,79959
Mar-2026,MAMU KENDARI,BOWLING SHIRT,BOWLING SHIRT KHAKI XL,0,1,0,0,79959,79959,0
Apr-2026,MAMU KENDARI,BOWLING SHIRT,BOWLING SHIRT KHAKI XL,0,1,0,0,79959,79959,79959
Mei-2026,MAMU KENDARI,BOWLING SHIRT,BOWLING SHIRT KHAKI XL,0,1,0,0,79959,79959,79959
Jun-2026,MAMU KENDARI,BOWLING SHIRT,BOWLING SHIRT KHAKI XL,0,1,0,0,79959,79959,79959
Jul-2026,MAMU KENDARI,BOWLING SHIRT,BOWLING SHIRT KHAKI XL,0,1,0,0,79959,79959,79959
Agu-2026,MAMU KENDARI,BOWLING SHIRT,BOWLING SHIRT KHAKI XL,79959,0,0,0,79959,0,79959
Apr-2026,MAMU KENDARI,BOWLING SHIRT,BOWLING SHIRT OLIVE L,0,3,0,0,82959,248877,0
Mei-2026,MAMU KENDARI,BOWLING SHIRT,BOWLING SHIRT OLIVE L,0,3,0,0,82959,248877,248877
Jun-2026,MAMU KENDARI,BOWLING SHIRT,BOWLING SHIRT OLIVE L,0,3,0,0,82959,248877,248877
Jul-2026,MAMU KENDARI,BOWLING SHIRT,BOWLING SHIRT OLIVE L,0,3,0,0,82959,248877,248877
Agu-2026,MAMU KENDARI,BOWLING SHIRT,BOWLING SHIRT OLIVE L,0,3,0,0,82959,248877,248877
Sep-2026,MAMU KENDARI,BOWLING SHIRT,BOWLING SHIRT OLIVE L,0,3,0,0,82959,248877,248877
Okt-2026,MAMU KENDARI,BOWLING SHIRT,BOWLING SHIRT OLIVE L,0,3,0,0,82959,248877,248877
Mar-2026,MAMU KENDARI,BOWLING SHIRT,BOWLING SHIRT OLIVE M,0,3,0,0,82959,248877,0
Apr-2026,MAMU KENDARI,BOWLING SHIRT,BOWLING SHIRT OLIVE M,0,3,0,0,82959,248877,248877
Mei-2026,MAMU KENDARI,BOWLING SHIRT,BOWLING SHIRT OLIVE M,0,3,0,0,82959,248877,248877
Jun-2026,MAMU KENDARI,BOWLING SHIRT,BOWLING SHIRT OLIVE M,0,3,0,0,82959,248877,248877
Jul-2026,MAMU KENDARI,BOWLING SHIRT,BOWLING SHIRT OLIVE M,0,3,0,0,82959,248877,248877
Agu-2026,MAMU KENDARI,BOWLING SHIRT,BOWLING SHIRT OLIVE M,0,3,0,0,82959,248877,248877
Sep-2026,MAMU KENDARI,BOWLING SHIRT,BOWLING SHIRT OLIVE M,0,3,0,0,82959,248877,248877
Okt-2026,MAMU KENDARI,BOWLING SHIRT,BOWLING SHIRT OLIVE M,0,3,0,0,82959,248877,248877
Mar-2026,MAMU KENDARI,BOWLING SHIRT,BOWLING SHIRT OLIVE S,0,3,0,0,82943,248829,0
Apr-2026,MAMU KENDARI,BOWLING SHIRT,BOWLING SHIRT OLIVE S,0,3,0,0,82943,248829,248829
Mei-2026,MAMU KENDARI,BOWLING SHIRT,BOWLING SHIRT OLIVE S,0,3,0,0,82943,248829,248829
Jun-2026,MAMU KENDARI,BOWLING SHIRT,BOWLING SHIRT OLIVE S,0,3,0,0,82943,248829,248829
Jul-2026,MAMU KENDARI,BOWLING SHIRT,BOWLING SHIRT OLIVE S,0,3,0,0,82943,248829,248829
Agu-2026,MAMU KENDARI,BOWLING SHIRT,BOWLING SHIRT OLIVE S,0,3,0,0,82943,248829,248829
Sep-2026,MAMU KENDARI,BOWLING SHIRT,BOWLING SHIRT OLIVE S,0,3,0,0,82943,248829,248829
Okt-2026,MAMU KENDARI,BOWLING SHIRT,BOWLING SHIRT OLIVE S,0,3,0,0,82943,248829,248829
Mar-2026,MAMU KENDARI,BOWLING SHIRT,BOWLING SHIRT OLIVE XL,0,1,0,0,82943,82943,0
Apr-2026,MAMU KENDARI,BOWLING SHIRT,BOWLING SHIRT OLIVE XL,0,1,0,0,82943,82943,82943
Mei-2026,MAMU KENDARI,BOWLING SHIRT,BOWLING SHIRT OLIVE XL,0,1,0,0,82943,82943,82943
Jun-2026,MAMU KENDARI,BOWLING SHIRT,BOWLING SHIRT OLIVE XL,0,1,0,0,82943,82943,82943
Jul-2026,MAMU KENDARI,BOWLING SHIRT,BOWLING SHIRT OLIVE XL,0,1,0,0,82943,82943,82943
Agu-2026,MAMU KENDARI,BOWLING SHIRT,BOWLING SHIRT OLIVE XL,0,1,0,0,82943,82943,82943
Sep-2026,MAMU KENDARI,BOWLING SHIRT,BOWLING SHIRT OLIVE XL,0,1,0,0,82943,82943,82943
Okt-2026,MAMU KENDARI,BOWLING SHIRT,BOWLING SHIRT OLIVE XL,0,1,0,0,82943,82943,82943
Mar-2026,MAMU KENDARI,BOWLING SHIRT,BOWLING SHIRT SUPER BLACK S,82102,2,0,0,82102,164204,0
Apr-2026,MAMU KENDARI,BOWLING SHIRT,BOWLING SHIRT SUPER BLACK S,0,2,0,0,82102,164204,164204
Mei-2026,MAMU KENDARI,BOWLING SHIRT,BOWLING SHIRT SUPER BLACK S,0,2,0,0,82102,164204,164204
Jun-2026,MAMU KENDARI,BOWLING SHIRT,BOWLING SHIRT SUPER BLACK S,82102,1,0,0,82102,82102,164204
Jul-2026,MAMU KENDARI,BOWLING SHIRT,BOWLING SHIRT SUPER BLACK S,82102,0,0,0,82102,0,82102
Mar-2026,MAMU KENDARI,BOWLING SHIRT,BOWLING SHIRT SUPER BLACK XL,0,2,0,0,82794,165588,0
Apr-2026,MAMU KENDARI,BOWLING SHIRT,BOWLING SHIRT SUPER BLACK XL,0,2,0,0,82794,165588,165588
Mei-2026,MAMU KENDARI,BOWLING SHIRT,BOWLING SHIRT SUPER BLACK XL,82794,2,0,0,82794,165588,165588
Jun-2026,MAMU KENDARI,BOWLING SHIRT,BOWLING SHIRT SUPER BLACK XL,0,1,0,0,82794,82794,165588
Jul-2026,MAMU KENDARI,BOWLING SHIRT,BOWLING SHIRT SUPER BLACK XL,82794,0,0,0,82794,0,82794
Jan-2026,MAMU MAKASSAR,BOWLING SHIRT,BOWLING SHIRT DENIM L,82943,9,0,0,82943,746487,0
Feb-2026,MAMU MAKASSAR,BOWLING SHIRT,BOWLING SHIRT DENIM L,82943,25,0,0,82943,2073575,746487
Mar-2026,MAMU MAKASSAR,BOWLING SHIRT,BOWLING SHIRT DENIM L,165886,8,0,0,82943,663544,2073575
Apr-2026,MAMU MAKASSAR,BOWLING SHIRT,BOWLING SHIRT DENIM L,0,13,0,0,82943,1078259,663544
Mei-2026,MAMU MAKASSAR,BOWLING SHIRT,BOWLING SHIRT DENIM L,82943,9,0,0,82943,746487,1078259
Jun-2026,MAMU MAKASSAR,BOWLING SHIRT,BOWLING SHIRT DENIM L,82943,8,0,0,82943,663544,746487
Jul-2026,MAMU MAKASSAR,BOWLING SHIRT,BOWLING SHIRT DENIM L,0,8,0,0,82943,663544,663544
Agu-2026,MAMU MAKASSAR,BOWLING SHIRT,BOWLING SHIRT DENIM L,82943,7,0,0,82943,580601,663544
Sep-2026,MAMU MAKASSAR,BOWLING SHIRT,BOWLING SHIRT DENIM L,0,7,0,0,82943,580601,580601
Okt-2026,MAMU MAKASSAR,BOWLING SHIRT,BOWLING SHIRT DENIM L,0,7,0,0,82943,580601,580601
Jan-2026,MAMU MAKASSAR,BOWLING SHIRT,BOWLING SHIRT DENIM M,0,22,0,0,82943,1824746,0
Feb-2026,MAMU MAKASSAR,BOWLING SHIRT,BOWLING SHIRT DENIM M,82943,37,0,0,82943,3068891,1824746
Mar-2026,MAMU MAKASSAR,BOWLING SHIRT,BOWLING SHIRT DENIM M,331772,48,0,0,82943,3981264,3068891
Apr-2026,MAMU MAKASSAR,BOWLING SHIRT,BOWLING SHIRT DENIM M,82943,51,0,0,82943,4230093,3981264
Mei-2026,MAMU MAKASSAR,BOWLING SHIRT,BOWLING SHIRT DENIM M,165886,8,0,0,82943,663544,4230093
Jun-2026,MAMU MAKASSAR,BOWLING SHIRT,BOWLING SHIRT DENIM M,82943,7,0,0,82943,580601,663544
Jul-2026,MAMU MAKASSAR,BOWLING SHIRT,BOWLING SHIRT DENIM M,0,7,0,0,82943,580601,580601
Agu-2026,MAMU MAKASSAR,BOWLING SHIRT,BOWLING SHIRT DENIM M,165886,6,0,0,82943,497658,580601
Sep-2026,MAMU MAKASSAR,BOWLING SHIRT,BOWLING SHIRT DENIM M,0,5,0,0,82943,414715,497658
Okt-2026,MAMU MAKASSAR,BOWLING SHIRT,BOWLING SHIRT DENIM M,0,5,0,0,82943,414715,414715
Jan-2026,MAMU MAKASSAR,BOWLING SHIRT,BOWLING SHIRT DENIM S,0,10,0,0,82943,829430,0
Feb-2026,MAMU MAKASSAR,BOWLING SHIRT,BOWLING SHIRT DENIM S,0,22,0,0,82943,1824746,829430
Mar-2026,MAMU MAKASSAR,BOWLING SHIRT,BOWLING SHIRT DENIM S,0,24,0,0,82943,1990632,1824746
Apr-2026,MAMU MAKASSAR,BOWLING SHIRT,BOWLING SHIRT DENIM S,82943,25,0,0,82943,2073575,1990632
Mei-2026,MAMU MAKASSAR,BOWLING SHIRT,BOWLING SHIRT DENIM S,0,10,0,0,82943,829430,2073575
Jun-2026,MAMU MAKASSAR,BOWLING SHIRT,BOWLING SHIRT DENIM S,82943,9,0,0,82943,746487,829430
Jul-2026,MAMU MAKASSAR,BOWLING SHIRT,BOWLING SHIRT DENIM S,0,9,0,0,82943,746487,746487
Agu-2026,MAMU MAKASSAR,BOWLING SHIRT,BOWLING SHIRT DENIM S,0,9,0,0,82943,746487,746487
Sep-2026,MAMU MAKASSAR,BOWLING SHIRT,BOWLING SHIRT DENIM S,0,9,0,0,82943,746487,746487
Okt-2026,MAMU MAKASSAR,BOWLING SHIRT,BOWLING SHIRT DENIM S,82943,9,0,0,82943,746487,746487
Jan-2026,MAMU MAKASSAR,BOWLING SHIRT,BOWLING SHIRT DENIM XL,0,10,0,0,82943,829430,0
Feb-2026,MAMU MAKASSAR,BOWLING SHIRT,BOWLING SHIRT DENIM XL,82943,7,0,0,82943,580601,829430
Mar-2026,MAMU MAKASSAR,BOWLING SHIRT,BOWLING SHIRT DENIM XL,82943,1,0,0,82943,82943,580601
Apr-2026,MAMU MAKASSAR,BOWLING SHIRT,BOWLING SHIRT DENIM XL,0,6,0,0,82943,497658,82943
Mei-2026,MAMU MAKASSAR,BOWLING SHIRT,BOWLING SHIRT DENIM XL,0,6,0,0,82943,497658,497658
Jun-2026,MAMU MAKASSAR,BOWLING SHIRT,BOWLING SHIRT DENIM XL,0,6,0,0,82943,497658,497658
Jul-2026,MAMU MAKASSAR,BOWLING SHIRT,BOWLING SHIRT DENIM XL,165886,5,0,0,82943,414715,497658
Agu-2026,MAMU MAKASSAR,BOWLING SHIRT,BOWLING SHIRT DENIM XL,0,3,0,0,82943,248829,414715
Sep-2026,MAMU MAKASSAR,BOWLING SHIRT,BOWLING SHIRT DENIM XL,0,3,0,0,82943,248829,248829
Okt-2026,MAMU MAKASSAR,BOWLING SHIRT,BOWLING SHIRT DENIM XL,0,3,0,0,82943,248829,248829
Feb-2026,MAMU MAKASSAR,BOWLING SHIRT,BOWLING SHIRT KHAKI L,0,42,0,0,82959,3484278,0
Mar-2026,MAMU MAKASSAR,BOWLING SHIRT,BOWLING SHIRT KHAKI L,248877,27,0,0,82959,2239893,3484278
Apr-2026,MAMU MAKASSAR,BOWLING SHIRT,BOWLING SHIRT KHAKI L,165918,24,0,0,82959,1991016,2239893
Mei-2026,MAMU MAKASSAR,BOWLING SHIRT,BOWLING SHIRT KHAKI L,248877,8,0,0,82959,663672,1991016
Jun-2026,MAMU MAKASSAR,BOWLING SHIRT,BOWLING SHIRT KHAKI L,82959,7,0,0,82959,580713,663672
Jul-2026,MAMU MAKASSAR,BOWLING SHIRT,BOWLING SHIRT KHAKI L,82959,7,0,0,82959,580713,580713
Agu-2026,MAMU MAKASSAR,BOWLING SHIRT,BOWLING SHIRT KHAKI L,0,6,0,0,82959,497754,580713
Sep-2026,MAMU MAKASSAR,BOWLING SHIRT,BOWLING SHIRT KHAKI L,0,6,0,0,82959,497754,497754
Okt-2026,MAMU MAKASSAR,BOWLING SHIRT,BOWLING SHIRT KHAKI L,0,6,0,0,82959,497754,497754
Feb-2026,MAMU MAKASSAR,BOWLING SHIRT,BOWLING SHIRT KHAKI M,0,18,0,0,82959,1493262,0
Mar-2026,MAMU MAKASSAR,BOWLING SHIRT,BOWLING SHIRT KHAKI M,580713,44,0,0,82959,3650196,1493262
Apr-2026,MAMU MAKASSAR,BOWLING SHIRT,BOWLING SHIRT KHAKI M,0,43,0,0,82959,3567237,3650196
Mei-2026,MAMU MAKASSAR,BOWLING SHIRT,BOWLING SHIRT KHAKI M,248877,8,0,0,82959,663672,3567237
Jun-2026,MAMU MAKASSAR,BOWLING SHIRT,BOWLING SHIRT KHAKI M,0,7,0,0,82959,580713,663672
Jul-2026,MAMU MAKASSAR,BOWLING SHIRT,BOWLING SHIRT KHAKI M,72589,8,0,0,82959,663672,580713
Agu-2026,MAMU MAKASSAR,BOWLING SHIRT,BOWLING SHIRT KHAKI M,145178,6,0,0,82959,497754,663672
Sep-2026,MAMU MAKASSAR,BOWLING SHIRT,BOWLING SHIRT KHAKI M,72589,4,0,0,82959,331836,497754
Okt-2026,MAMU MAKASSAR,BOWLING SHIRT,BOWLING SHIRT KHAKI M,0,4,0,0,82959,331836,331836
Feb-2026,MAMU MAKASSAR,BOWLING SHIRT,BOWLING SHIRT KHAKI S,0,18,0,0,79959,1439262,0
Mar-2026,MAMU MAKASSAR,BOWLING SHIRT,BOWLING SHIRT KHAKI S,0,42,0,0,79959,3358278,1439262
Apr-2026,MAMU MAKASSAR,BOWLING SHIRT,BOWLING SHIRT KHAKI S,79959,45,0,0,79959,3598155,3358278
Mei-2026,MAMU MAKASSAR,BOWLING SHIRT,BOWLING SHIRT KHAKI S,399795,5,0,0,79959,399795,3598155
Jun-2026,MAMU MAKASSAR,BOWLING SHIRT,BOWLING SHIRT KHAKI S,159918,3,0,0,79959,239877,399795
Jul-2026,MAMU MAKASSAR,BOWLING SHIRT,BOWLING SHIRT KHAKI S,79959,2,0,0,79959,159918,239877
Agu-2026,MAMU MAKASSAR,BOWLING SHIRT,BOWLING SHIRT KHAKI S,79959,1,0,0,79959,79959,159918
Sep-2026,MAMU MAKASSAR,BOWLING SHIRT,BOWLING SHIRT KHAKI S,79959,0,0,0,79959,0,79959
Feb-2026,MAMU MAKASSAR,BOWLING SHIRT,BOWLING SHIRT KHAKI XL,0,10,0,0,79959,799590,0
Mar-2026,MAMU MAKASSAR,BOWLING SHIRT,BOWLING SHIRT KHAKI XL,319836,1,0,0,79959,79959,799590
Apr-2026,MAMU MAKASSAR,BOWLING SHIRT,BOWLING SHIRT KHAKI XL,0,7,0,0,79959,559713,79959
Mei-2026,MAMU MAKASSAR,BOWLING SHIRT,BOWLING SHIRT KHAKI XL,79959,5,0,0,79959,399795,559713
Jun-2026,MAMU MAKASSAR,BOWLING SHIRT,BOWLING SHIRT KHAKI XL,133266,4,0,0,79959,319836,399795
Jul-2026,MAMU MAKASSAR,BOWLING SHIRT,BOWLING SHIRT KHAKI XL,0,5,0,0,79959,399795,319836
Agu-2026,MAMU MAKASSAR,BOWLING SHIRT,BOWLING SHIRT KHAKI XL,106612,4,0,0,79959,319836,399795
Sep-2026,MAMU MAKASSAR,BOWLING SHIRT,BOWLING SHIRT KHAKI XL,0,3,0,0,79959,239877,319836
Okt-2026,MAMU MAKASSAR,BOWLING SHIRT,BOWLING SHIRT KHAKI XL,0,3,0,0,79959,239877,239877
Feb-2026,MAMU MAKASSAR,BOWLING SHIRT,BOWLING SHIRT OLIVE L,0,22,0,0,82959,1825098,0
Mar-2026,MAMU MAKASSAR,BOWLING SHIRT,BOWLING SHIRT OLIVE L,165918,11,0,0,82959,912549,1825098
Apr-2026,MAMU MAKASSAR,BOWLING SHIRT,BOWLING SHIRT OLIVE L,82959,11,0,0,82959,912549,912549
Mei-2026,MAMU MAKASSAR,BOWLING SHIRT,BOWLING SHIRT OLIVE L,82959,9,0,0,82959,746631,912549
Jun-2026,MAMU MAKASSAR,BOWLING SHIRT,BOWLING SHIRT OLIVE L,0,9,0,0,82959,746631,746631
Jul-2026,MAMU MAKASSAR,BOWLING SHIRT,BOWLING SHIRT OLIVE L,82959,9,0,0,82959,746631,746631
Agu-2026,MAMU MAKASSAR,BOWLING SHIRT,BOWLING SHIRT OLIVE L,0,8,0,0,82959,663672,746631
Sep-2026,MAMU MAKASSAR,BOWLING SHIRT,BOWLING SHIRT OLIVE L,82959,7,0,0,82959,580713,663672
Okt-2026,MAMU MAKASSAR,BOWLING SHIRT,BOWLING SHIRT OLIVE L,0,7,0,0,82959,580713,580713
Feb-2026,MAMU MAKASSAR,BOWLING SHIRT,BOWLING SHIRT OLIVE M,0,19,0,0,82959,1576221,0
Mar-2026,MAMU MAKASSAR,BOWLING SHIRT,BOWLING SHIRT OLIVE M,248877,52,0,0,82959,4313868,1576221
Apr-2026,MAMU MAKASSAR,BOWLING SHIRT,BOWLING SHIRT OLIVE M,248877,53,0,0,82959,4396827,4313868
Mei-2026,MAMU MAKASSAR,BOWLING SHIRT,BOWLING SHIRT OLIVE M,82959,9,0,0,82959,746631,4396827
Jun-2026,MAMU MAKASSAR,BOWLING SHIRT,BOWLING SHIRT OLIVE M,82959,8,0,0,82959,663672,746631
Jul-2026,MAMU MAKASSAR,BOWLING SHIRT,BOWLING SHIRT OLIVE M,0,8,0,0,82959,663672,663672
Agu-2026,MAMU MAKASSAR,BOWLING SHIRT,BOWLING SHIRT OLIVE M,82959,8,0,0,82959,663672,663672
Sep-2026,MAMU MAKASSAR,BOWLING SHIRT,BOWLING SHIRT OLIVE M,82959,6,0,0,82959,497754,663672
Okt-2026,MAMU MAKASSAR,BOWLING SHIRT,BOWLING SHIRT OLIVE M,0,6,0,0,82959,497754,497754
Jan-2026,MAMU MAKASSAR,BOWLING SHIRT,BOWLING SHIRT OLIVE S,0,10,0,0,82943,829430,0
Feb-2026,MAMU MAKASSAR,BOWLING SHIRT,BOWLING SHIRT OLIVE S,0,17,0,0,82943,1410031,829430
Mar-2026,MAMU MAKASSAR,BOWLING SHIRT,BOWLING SHIRT OLIVE S,248829,22,0,0,82943,1824746,1410031
Apr-2026,MAMU MAKASSAR,BOWLING SHIRT,BOWLING SHIRT OLIVE S,0,24,0,0,82943,1990632,1824746
Mei-2026,MAMU MAKASSAR,BOWLING SHIRT,BOWLING SHIRT OLIVE S,82943,10,0,0,82943,829430,1990632
Jun-2026,MAMU MAKASSAR,BOWLING SHIRT,BOWLING SHIRT OLIVE S,82943,9,0,0,82943,746487,829430
Jul-2026,MAMU MAKASSAR,BOWLING SHIRT,BOWLING SHIRT OLIVE S,0,9,0,0,82943,746487,746487
Agu-2026,MAMU MAKASSAR,BOWLING SHIRT,BOWLING SHIRT OLIVE S,0,9,0,0,82943,746487,746487
Sep-2026,MAMU MAKASSAR,BOWLING SHIRT,BOWLING SHIRT OLIVE S,0,9,0,0,82943,746487,746487
Okt-2026,MAMU MAKASSAR,BOWLING SHIRT,BOWLING SHIRT OLIVE S,0,9,0,0,82943,746487,746487
Jan-2026,MAMU MAKASSAR,BOWLING SHIRT,BOWLING SHIRT OLIVE XL,0,10,0,0,82943,829430,0
Feb-2026,MAMU MAKASSAR,BOWLING SHIRT,BOWLING SHIRT OLIVE XL,165886,8,0,0,82943,663544,829430
Mar-2026,MAMU MAKASSAR,BOWLING SHIRT,BOWLING SHIRT OLIVE XL,331772,0,0,0,82943,0,663544
Apr-2026,MAMU MAKASSAR,BOWLING SHIRT,BOWLING SHIRT OLIVE XL,0,2,0,0,82943,165886,0
Mei-2026,MAMU MAKASSAR,BOWLING SHIRT,BOWLING SHIRT OLIVE XL,0,2,0,0,82943,165886,165886
Jun-2026,MAMU MAKASSAR,BOWLING SHIRT,BOWLING SHIRT OLIVE XL,82943,1,0,0,82943,82943,165886
Jul-2026,MAMU MAKASSAR,BOWLING SHIRT,BOWLING SHIRT OLIVE XL,0,1,0,0,82943,82943,82943
Agu-2026,MAMU MAKASSAR,BOWLING SHIRT,BOWLING SHIRT OLIVE XL,0,1,0,0,82943,82943,82943
Sep-2026,MAMU MAKASSAR,BOWLING SHIRT,BOWLING SHIRT OLIVE XL,0,1,0,0,82943,82943,82943
Okt-2026,MAMU MAKASSAR,BOWLING SHIRT,BOWLING SHIRT OLIVE XL,82943,1,0,0,82943,82943,82943
Feb-2026,MAMU MAKASSAR,BOWLING SHIRT,BOWLING SHIRT SUPER BLACK L,165886,12,0,0,82951,995412,0
Mar-2026,MAMU MAKASSAR,BOWLING SHIRT,BOWLING SHIRT SUPER BLACK L,497658,0,0,0,82951,0,995412
Apr-2026,MAMU MAKASSAR,BOWLING SHIRT,BOWLING SHIRT SUPER BLACK L,82951,9,0,0,82951,746559,0
Mei-2026,MAMU MAKASSAR,BOWLING SHIRT,BOWLING SHIRT SUPER BLACK L,165902,7,0,0,82951,580657,746559
Jun-2026,MAMU MAKASSAR,BOWLING SHIRT,BOWLING SHIRT SUPER BLACK L,248853,4,0,0,82951,331804,580657
Jul-2026,MAMU MAKASSAR,BOWLING SHIRT,BOWLING SHIRT SUPER BLACK L,248853,3,0,0,82951,248853,331804
Agu-2026,MAMU MAKASSAR,BOWLING SHIRT,BOWLING SHIRT SUPER BLACK L,0,1,0,0,82951,82951,248853
Sep-2026,MAMU MAKASSAR,BOWLING SHIRT,BOWLING SHIRT SUPER BLACK L,0,1,0,0,82951,82951,82951
Okt-2026,MAMU MAKASSAR,BOWLING SHIRT,BOWLING SHIRT SUPER BLACK L,0,1,0,0,82951,82951,82951
Apr-2026,MAMU MAKASSAR,BOWLING SHIRT,BOWLING SHIRT SUPER BLACK M,165918,8,0,0,82959,663672,0
Mei-2026,MAMU MAKASSAR,BOWLING SHIRT,BOWLING SHIRT SUPER BLACK M,248877,5,0,0,82959,414795,663672
Jun-2026,MAMU MAKASSAR,BOWLING SHIRT,BOWLING SHIRT SUPER BLACK M,165918,3,0,0,82959,248877,414795
Jul-2026,MAMU MAKASSAR,BOWLING SHIRT,BOWLING SHIRT SUPER BLACK M,0,3,0,0,82959,248877,248877
Agu-2026,MAMU MAKASSAR,BOWLING SHIRT,BOWLING SHIRT SUPER BLACK M,165918,2,0,0,82959,165918,248877
Sep-2026,MAMU MAKASSAR,BOWLING SHIRT,BOWLING SHIRT SUPER BLACK M,0,1,0,0,82959,82959,165918
Okt-2026,MAMU MAKASSAR,BOWLING SHIRT,BOWLING SHIRT SUPER BLACK M,0,1,0,0,82959,82959,82959
Feb-2026,MAMU MAKASSAR,BOWLING SHIRT,BOWLING SHIRT SUPER BLACK S,82943,41,0,0,82102,3366182,0
Mar-2026,MAMU MAKASSAR,BOWLING SHIRT,BOWLING SHIRT SUPER BLACK S,496998,49,0,0,82102,4022998,3366182
Apr-2026,MAMU MAKASSAR,BOWLING SHIRT,BOWLING SHIRT SUPER BLACK S,82613,61,0,0,82102,5008222,4022998
Mei-2026,MAMU MAKASSAR,BOWLING SHIRT,BOWLING SHIRT SUPER BLACK S,412725,5,0,0,82102,410510,5008222
Jun-2026,MAMU MAKASSAR,BOWLING SHIRT,BOWLING SHIRT SUPER BLACK S,165090,3,0,0,82102,246306,410510
Jul-2026,MAMU MAKASSAR,BOWLING SHIRT,BOWLING SHIRT SUPER BLACK S,0,3,0,0,82102,246306,246306
Agu-2026,MAMU MAKASSAR,BOWLING SHIRT,BOWLING SHIRT SUPER BLACK S,82545,3,0,0,82102,246306,246306
Sep-2026,MAMU MAKASSAR,BOWLING SHIRT,BOWLING SHIRT SUPER BLACK S,0,1,0,0,82102,82102,246306
Okt-2026,MAMU MAKASSAR,BOWLING SHIRT,BOWLING SHIRT SUPER BLACK S,0,1,0,0,82102,82102,82102
Feb-2026,MAMU MAKASSAR,BOWLING SHIRT,BOWLING SHIRT SUPER BLACK XL,0,20,0,0,82794,1655880,0
Mar-2026,MAMU MAKASSAR,BOWLING SHIRT,BOWLING SHIRT SUPER BLACK XL,414615,16,0,0,82794,1324704,1655880
Apr-2026,MAMU MAKASSAR,BOWLING SHIRT,BOWLING SHIRT SUPER BLACK XL,0,13,0,0,82794,1076322,1324704
Mei-2026,MAMU MAKASSAR,BOWLING SHIRT,BOWLING SHIRT SUPER BLACK XL,0,10,0,0,82794,827940,1076322
Jun-2026,MAMU MAKASSAR,BOWLING SHIRT,BOWLING SHIRT SUPER BLACK XL,248709,7,0,0,82794,579558,827940
Jul-2026,MAMU MAKASSAR,BOWLING SHIRT,BOWLING SHIRT SUPER BLACK XL,165806,5,0,0,82794,413970,579558
Agu-2026,MAMU MAKASSAR,BOWLING SHIRT,BOWLING SHIRT SUPER BLACK XL,165806,3,0,0,82794,248382,413970
Sep-2026,MAMU MAKASSAR,BOWLING SHIRT,BOWLING SHIRT SUPER BLACK XL,165806,1,0,0,82794,82794,248382
Okt-2026,MAMU MAKASSAR,BOWLING SHIRT,BOWLING SHIRT SUPER BLACK XL,0,1,0,0,82794,82794,82794
Feb-2026,MAMU PALOPO,BOWLING SHIRT,BOWLING SHIRT DENIM L,0,3,0,0,82943,248829,0
Mar-2026,MAMU PALOPO,BOWLING SHIRT,BOWLING SHIRT DENIM L,0,3,0,0,82943,248829,248829
Apr-2026,MAMU PALOPO,BOWLING SHIRT,BOWLING SHIRT DENIM L,0,3,0,0,82943,248829,248829
Mei-2026,MAMU PALOPO,BOWLING SHIRT,BOWLING SHIRT DENIM L,0,3,0,0,82943,248829,248829
Jun-2026,MAMU PALOPO,BOWLING SHIRT,BOWLING SHIRT DENIM L,0,3,0,0,82943,248829,248829
Jul-2026,MAMU PALOPO,BOWLING SHIRT,BOWLING SHIRT DENIM L,0,3,0,0,82943,248829,248829
Agu-2026,MAMU PALOPO,BOWLING SHIRT,BOWLING SHIRT DENIM L,0,3,0,0,82943,248829,248829
Sep-2026,MAMU PALOPO,BOWLING SHIRT,BOWLING SHIRT DENIM L,0,3,0,0,82943,248829,248829
Okt-2026,MAMU PALOPO,BOWLING SHIRT,BOWLING SHIRT DENIM L,0,3,0,0,82943,248829,248829
Feb-2026,MAMU PALOPO,BOWLING SHIRT,BOWLING SHIRT DENIM M,0,5,0,0,82943,414715,0
Mar-2026,MAMU PALOPO,BOWLING SHIRT,BOWLING SHIRT DENIM M,0,5,0,0,82943,414715,414715
Apr-2026,MAMU PALOPO,BOWLING SHIRT,BOWLING SHIRT DENIM M,0,5,0,0,82943,414715,414715
Mei-2026,MAMU PALOPO,BOWLING SHIRT,BOWLING SHIRT DENIM M,0,5,0,0,82943,414715,414715
Jun-2026,MAMU PALOPO,BOWLING SHIRT,BOWLING SHIRT DENIM M,0,5,0,0,82943,414715,414715
Jul-2026,MAMU PALOPO,BOWLING SHIRT,BOWLING SHIRT DENIM M,0,5,0,0,82943,414715,414715
Agu-2026,MAMU PALOPO,BOWLING SHIRT,BOWLING SHIRT DENIM M,82943,4,0,0,82943,331772,414715
Sep-2026,MAMU PALOPO,BOWLING SHIRT,BOWLING SHIRT DENIM M,0,4,0,0,82943,331772,331772
Okt-2026,MAMU PALOPO,BOWLING SHIRT,BOWLING SHIRT DENIM M,0,4,0,0,82943,331772,331772
Feb-2026,MAMU PALOPO,BOWLING SHIRT,BOWLING SHIRT DENIM S,0,5,0,0,82943,414715,0
Mar-2026,MAMU PALOPO,BOWLING SHIRT,BOWLING SHIRT DENIM S,0,5,0,0,82943,414715,414715
Apr-2026,MAMU PALOPO,BOWLING SHIRT,BOWLING SHIRT DENIM S,0,5,0,0,82943,414715,414715
Mei-2026,MAMU PALOPO,BOWLING SHIRT,BOWLING SHIRT DENIM S,0,5,0,0,82943,414715,414715
Jun-2026,MAMU PALOPO,BOWLING SHIRT,BOWLING SHIRT DENIM S,0,5,0,0,82943,414715,414715
Jul-2026,MAMU PALOPO,BOWLING SHIRT,BOWLING SHIRT DENIM S,0,5,0,0,82943,414715,414715
Agu-2026,MAMU PALOPO,BOWLING SHIRT,BOWLING SHIRT DENIM S,0,5,0,0,82943,414715,414715
Sep-2026,MAMU PALOPO,BOWLING SHIRT,BOWLING SHIRT DENIM S,0,5,0,0,82943,414715,414715
Okt-2026,MAMU PALOPO,BOWLING SHIRT,BOWLING SHIRT DENIM S,0,5,0,0,82943,414715,414715
Feb-2026,MAMU PALOPO,BOWLING SHIRT,BOWLING SHIRT DENIM XL,0,1,0,0,82943,82943,0
Mar-2026,MAMU PALOPO,BOWLING SHIRT,BOWLING SHIRT DENIM XL,0,1,0,0,82943,82943,82943
Apr-2026,MAMU PALOPO,BOWLING SHIRT,BOWLING SHIRT DENIM XL,0,1,0,0,82943,82943,82943
Mei-2026,MAMU PALOPO,BOWLING SHIRT,BOWLING SHIRT DENIM XL,0,1,0,0,82943,82943,82943
Jun-2026,MAMU PALOPO,BOWLING SHIRT,BOWLING SHIRT DENIM XL,0,1,0,0,82943,82943,82943
Jul-2026,MAMU PALOPO,BOWLING SHIRT,BOWLING SHIRT DENIM XL,0,1,0,0,82943,82943,82943
Agu-2026,MAMU PALOPO,BOWLING SHIRT,BOWLING SHIRT DENIM XL,0,1,0,0,82943,82943,82943
Sep-2026,MAMU PALOPO,BOWLING SHIRT,BOWLING SHIRT DENIM XL,0,1,0,0,82943,82943,82943
Okt-2026,MAMU PALOPO,BOWLING SHIRT,BOWLING SHIRT DENIM XL,0,1,0,0,82943,82943,82943
Feb-2026,MAMU PALOPO,BOWLING SHIRT,BOWLING SHIRT KHAKI L,0,4,0,0,82959,331836,0
Mar-2026,MAMU PALOPO,BOWLING SHIRT,BOWLING SHIRT KHAKI L,0,4,0,0,82959,331836,331836
Apr-2026,MAMU PALOPO,BOWLING SHIRT,BOWLING SHIRT KHAKI L,82959,3,0,0,82959,248877,331836
Mei-2026,MAMU PALOPO,BOWLING SHIRT,BOWLING SHIRT KHAKI L,0,3,0,0,82959,248877,248877
Jun-2026,MAMU PALOPO,BOWLING SHIRT,BOWLING SHIRT KHAKI L,0,3,0,0,82959,248877,248877
Jul-2026,MAMU PALOPO,BOWLING SHIRT,BOWLING SHIRT KHAKI L,0,3,0,0,82959,248877,248877
Agu-2026,MAMU PALOPO,BOWLING SHIRT,BOWLING SHIRT KHAKI L,0,3,0,0,82959,248877,248877
Sep-2026,MAMU PALOPO,BOWLING SHIRT,BOWLING SHIRT KHAKI L,0,3,0,0,82959,248877,248877
Okt-2026,MAMU PALOPO,BOWLING SHIRT,BOWLING SHIRT KHAKI L,0,3,0,0,82959,248877,248877
Feb-2026,MAMU PALOPO,BOWLING SHIRT,BOWLING SHIRT KHAKI M,0,3,0,0,82959,248877,0
Mar-2026,MAMU PALOPO,BOWLING SHIRT,BOWLING SHIRT KHAKI M,0,3,0,0,82959,248877,248877
Apr-2026,MAMU PALOPO,BOWLING SHIRT,BOWLING SHIRT KHAKI M,0,3,0,0,82959,248877,248877
Mei-2026,MAMU PALOPO,BOWLING SHIRT,BOWLING SHIRT KHAKI M,0,3,0,0,82959,248877,248877
Jun-2026,MAMU PALOPO,BOWLING SHIRT,BOWLING SHIRT KHAKI M,0,3,0,0,82959,248877,248877
Jul-2026,MAMU PALOPO,BOWLING SHIRT,BOWLING SHIRT KHAKI M,0,3,0,0,82959,248877,248877
Agu-2026,MAMU PALOPO,BOWLING SHIRT,BOWLING SHIRT KHAKI M,0,3,0,0,82959,248877,248877
Sep-2026,MAMU PALOPO,BOWLING SHIRT,BOWLING SHIRT KHAKI M,0,3,0,0,82959,248877,248877
Okt-2026,MAMU PALOPO,BOWLING SHIRT,BOWLING SHIRT KHAKI M,0,3,0,0,82959,248877,248877
Feb-2026,MAMU PALOPO,BOWLING SHIRT,BOWLING SHIRT KHAKI S,0,3,0,0,79959,239877,0
Mar-2026,MAMU PALOPO,BOWLING SHIRT,BOWLING SHIRT KHAKI S,0,3,0,0,79959,239877,239877
Apr-2026,MAMU PALOPO,BOWLING SHIRT,BOWLING SHIRT KHAKI S,79959,2,0,0,79959,159918,239877
Mei-2026,MAMU PALOPO,BOWLING SHIRT,BOWLING SHIRT KHAKI S,0,2,0,0,79959,159918,159918
Jun-2026,MAMU PALOPO,BOWLING SHIRT,BOWLING SHIRT KHAKI S,0,2,0,0,79959,159918,159918
Jul-2026,MAMU PALOPO,BOWLING SHIRT,BOWLING SHIRT KHAKI S,0,2,0,0,79959,159918,159918
Agu-2026,MAMU PALOPO,BOWLING SHIRT,BOWLING SHIRT KHAKI S,0,2,0,0,79959,159918,159918
Sep-2026,MAMU PALOPO,BOWLING SHIRT,BOWLING SHIRT KHAKI S,0,2,0,0,79959,159918,159918
Okt-2026,MAMU PALOPO,BOWLING SHIRT,BOWLING SHIRT KHAKI S,0,2,0,0,79959,159918,159918
Feb-2026,MAMU PALOPO,BOWLING SHIRT,BOWLING SHIRT KHAKI XL,0,1,0,0,79959,79959,0
Mar-2026,MAMU PALOPO,BOWLING SHIRT,BOWLING SHIRT KHAKI XL,0,1,0,0,79959,79959,79959
Apr-2026,MAMU PALOPO,BOWLING SHIRT,BOWLING SHIRT KHAKI XL,0,1,0,0,79959,79959,79959
Mei-2026,MAMU PALOPO,BOWLING SHIRT,BOWLING SHIRT KHAKI XL,0,1,0,0,79959,79959,79959
Jun-2026,MAMU PALOPO,BOWLING SHIRT,BOWLING SHIRT KHAKI XL,0,1,0,0,79959,79959,79959
Jul-2026,MAMU PALOPO,BOWLING SHIRT,BOWLING SHIRT KHAKI XL,0,1,0,0,79959,79959,79959
Agu-2026,MAMU PALOPO,BOWLING SHIRT,BOWLING SHIRT KHAKI XL,0,1,0,0,79959,79959,79959
Sep-2026,MAMU PALOPO,BOWLING SHIRT,BOWLING SHIRT KHAKI XL,0,1,0,0,79959,79959,79959
Okt-2026,MAMU PALOPO,BOWLING SHIRT,BOWLING SHIRT KHAKI XL,0,1,0,0,79959,79959,79959
Feb-2026,MAMU PALOPO,BOWLING SHIRT,BOWLING SHIRT OLIVE L,0,3,0,0,82959,248877,0
Mar-2026,MAMU PALOPO,BOWLING SHIRT,BOWLING SHIRT OLIVE L,0,3,0,0,82959,248877,248877
Apr-2026,MAMU PALOPO,BOWLING SHIRT,BOWLING SHIRT OLIVE L,0,3,0,0,82959,248877,248877
Mei-2026,MAMU PALOPO,BOWLING SHIRT,BOWLING SHIRT OLIVE L,0,3,0,0,82959,248877,248877
Jun-2026,MAMU PALOPO,BOWLING SHIRT,BOWLING SHIRT OLIVE L,0,3,0,0,82959,248877,248877
Jul-2026,MAMU PALOPO,BOWLING SHIRT,BOWLING SHIRT OLIVE L,0,3,0,0,82959,248877,248877
Agu-2026,MAMU PALOPO,BOWLING SHIRT,BOWLING SHIRT OLIVE L,0,3,0,0,82959,248877,248877
Sep-2026,MAMU PALOPO,BOWLING SHIRT,BOWLING SHIRT OLIVE L,0,3,0,0,82959,248877,248877
Okt-2026,MAMU PALOPO,BOWLING SHIRT,BOWLING SHIRT OLIVE L,0,3,0,0,82959,248877,248877
Feb-2026,MAMU PALOPO,BOWLING SHIRT,BOWLING SHIRT OLIVE M,0,3,0,0,82959,248877,0
Mar-2026,MAMU PALOPO,BOWLING SHIRT,BOWLING SHIRT OLIVE M,82959,2,0,0,82959,165918,248877
Apr-2026,MAMU PALOPO,BOWLING SHIRT,BOWLING SHIRT OLIVE M,0,2,0,0,82959,165918,165918
Mei-2026,MAMU PALOPO,BOWLING SHIRT,BOWLING SHIRT OLIVE M,0,2,0,0,82959,165918,165918
Jun-2026,MAMU PALOPO,BOWLING SHIRT,BOWLING SHIRT OLIVE M,0,2,0,0,82959,165918,165918
Jul-2026,MAMU PALOPO,BOWLING SHIRT,BOWLING SHIRT OLIVE M,0,2,0,0,82959,165918,165918
Agu-2026,MAMU PALOPO,BOWLING SHIRT,BOWLING SHIRT OLIVE M,82959,1,0,0,82959,82959,165918
Sep-2026,MAMU PALOPO,BOWLING SHIRT,BOWLING SHIRT OLIVE M,0,1,0,0,82959,82959,82959
Okt-2026,MAMU PALOPO,BOWLING SHIRT,BOWLING SHIRT OLIVE M,0,1,0,0,82959,82959,82959
Feb-2026,MAMU PALOPO,BOWLING SHIRT,BOWLING SHIRT OLIVE S,0,3,0,0,82943,248829,0
Mar-2026,MAMU PALOPO,BOWLING SHIRT,BOWLING SHIRT OLIVE S,0,3,0,0,82943,248829,248829
Apr-2026,MAMU PALOPO,BOWLING SHIRT,BOWLING SHIRT OLIVE S,0,3,0,0,82943,248829,248829
Mei-2026,MAMU PALOPO,BOWLING SHIRT,BOWLING SHIRT OLIVE S,0,3,0,0,82943,248829,248829
Jun-2026,MAMU PALOPO,BOWLING SHIRT,BOWLING SHIRT OLIVE S,0,3,0,0,82943,248829,248829
Jul-2026,MAMU PALOPO,BOWLING SHIRT,BOWLING SHIRT OLIVE S,0,3,0,0,82943,248829,248829
Agu-2026,MAMU PALOPO,BOWLING SHIRT,BOWLING SHIRT OLIVE S,0,3,0,0,82943,248829,248829
Sep-2026,MAMU PALOPO,BOWLING SHIRT,BOWLING SHIRT OLIVE S,0,3,0,0,82943,248829,248829
Okt-2026,MAMU PALOPO,BOWLING SHIRT,BOWLING SHIRT OLIVE S,0,3,0,0,82943,248829,248829
Feb-2026,MAMU PALOPO,BOWLING SHIRT,BOWLING SHIRT OLIVE XL,0,1,0,0,82943,82943,0
Mar-2026,MAMU PALOPO,BOWLING SHIRT,BOWLING SHIRT OLIVE XL,0,1,0,0,82943,82943,82943
Apr-2026,MAMU PALOPO,BOWLING SHIRT,BOWLING SHIRT OLIVE XL,0,1,0,0,82943,82943,82943
Mei-2026,MAMU PALOPO,BOWLING SHIRT,BOWLING SHIRT OLIVE XL,82943,0,0,0,82943,0,82943
Feb-2026,MAMU PALOPO,BOWLING SHIRT,BOWLING SHIRT SUPER BLACK L,0,1,0,0,82951,82951,0
Mar-2026,MAMU PALOPO,BOWLING SHIRT,BOWLING SHIRT SUPER BLACK L,82951,0,0,0,82951,0,82951
Feb-2026,MAMU PALOPO,BOWLING SHIRT,BOWLING SHIRT SUPER BLACK S,0,3,0,0,82102,246306,0
Mar-2026,MAMU PALOPO,BOWLING SHIRT,BOWLING SHIRT SUPER BLACK S,0,3,0,0,82102,246306,246306
Apr-2026,MAMU PALOPO,BOWLING SHIRT,BOWLING SHIRT SUPER BLACK S,0,3,0,0,82102,246306,246306
Mei-2026,MAMU PALOPO,BOWLING SHIRT,BOWLING SHIRT SUPER BLACK S,164204,1,0,0,82102,82102,246306
Jun-2026,MAMU PALOPO,BOWLING SHIRT,BOWLING SHIRT SUPER BLACK S,0,1,0,0,82102,82102,82102
Jul-2026,MAMU PALOPO,BOWLING SHIRT,BOWLING SHIRT SUPER BLACK S,82102,1,0,0,82102,82102,82102
Agu-2026,MAMU PALOPO,BOWLING SHIRT,BOWLING SHIRT SUPER BLACK S,0,0,0,0,82102,0,82102
Feb-2026,MAMU PALOPO,BOWLING SHIRT,BOWLING SHIRT SUPER BLACK XL,0,2,0,0,82794,165588,0
Mar-2026,MAMU PALOPO,BOWLING SHIRT,BOWLING SHIRT SUPER BLACK XL,0,2,0,0,82794,165588,165588
Apr-2026,MAMU PALOPO,BOWLING SHIRT,BOWLING SHIRT SUPER BLACK XL,0,2,0,0,82794,165588,165588
Mei-2026,MAMU PALOPO,BOWLING SHIRT,BOWLING SHIRT SUPER BLACK XL,82794,1,0,0,82794,82794,165588
Jun-2026,MAMU PALOPO,BOWLING SHIRT,BOWLING SHIRT SUPER BLACK XL,0,1,0,0,82794,82794,82794
Jul-2026,MAMU PALOPO,BOWLING SHIRT,BOWLING SHIRT SUPER BLACK XL,0,1,0,0,82794,82794,82794
Agu-2026,MAMU PALOPO,BOWLING SHIRT,BOWLING SHIRT SUPER BLACK XL,0,1,0,0,82794,82794,82794
Sep-2026,MAMU PALOPO,BOWLING SHIRT,BOWLING SHIRT SUPER BLACK XL,0,1,0,0,82794,82794,82794
Okt-2026,MAMU PALOPO,BOWLING SHIRT,BOWLING SHIRT SUPER BLACK XL,0,1,0,0,82794,82794,82794
Feb-2026,MAMU TSM,BOWLING SHIRT,BOWLING SHIRT DENIM L,82943,2,0,0,82943,165886,0
Mar-2026,MAMU TSM,BOWLING SHIRT,BOWLING SHIRT DENIM L,82943,6,0,0,82943,497658,165886
Apr-2026,MAMU TSM,BOWLING SHIRT,BOWLING SHIRT DENIM L,82943,0,0,0,82943,0,497658
Feb-2026,MAMU TSM,BOWLING SHIRT,BOWLING SHIRT DENIM M,82943,3,0,0,82943,248829,0
Mar-2026,MAMU TSM,BOWLING SHIRT,BOWLING SHIRT DENIM M,497658,3,0,0,82943,248829,248829
Apr-2026,MAMU TSM,BOWLING SHIRT,BOWLING SHIRT DENIM M,0,0,0,0,82943,0,248829
Feb-2026,MAMU TSM,BOWLING SHIRT,BOWLING SHIRT DENIM S,0,3,0,0,82943,248829,0
Mar-2026,MAMU TSM,BOWLING SHIRT,BOWLING SHIRT DENIM S,82943,6,0,0,82943,497658,248829
Apr-2026,MAMU TSM,BOWLING SHIRT,BOWLING SHIRT DENIM S,0,0,0,0,82943,0,497658
Feb-2026,MAMU TSM,BOWLING SHIRT,BOWLING SHIRT DENIM XL,165886,3,0,0,82943,248829,0
Mar-2026,MAMU TSM,BOWLING SHIRT,BOWLING SHIRT DENIM XL,165886,4,0,0,82943,331772,248829
Apr-2026,MAMU TSM,BOWLING SHIRT,BOWLING SHIRT DENIM XL,0,0,0,0,82943,0,331772
Feb-2026,MAMU TSM,BOWLING SHIRT,BOWLING SHIRT KHAKI L,0,2,0,0,82959,165918,0
Mar-2026,MAMU TSM,BOWLING SHIRT,BOWLING SHIRT KHAKI L,663672,2,0,0,82959,165918,165918
Apr-2026,MAMU TSM,BOWLING SHIRT,BOWLING SHIRT KHAKI L,82959,0,0,0,82959,0,165918
Feb-2026,MAMU TSM,BOWLING SHIRT,BOWLING SHIRT KHAKI M,0,2,0,0,82959,165918,0
Mar-2026,MAMU TSM,BOWLING SHIRT,BOWLING SHIRT KHAKI M,580713,2,0,0,82959,165918,165918
Apr-2026,MAMU TSM,BOWLING SHIRT,BOWLING SHIRT KHAKI M,82959,0,0,0,82959,0,165918
Feb-2026,MAMU TSM,BOWLING SHIRT,BOWLING SHIRT KHAKI S,0,2,0,0,79959,159918,0
Mar-2026,MAMU TSM,BOWLING SHIRT,BOWLING SHIRT KHAKI S,319836,4,0,0,79959,319836,159918
Apr-2026,MAMU TSM,BOWLING SHIRT,BOWLING SHIRT KHAKI S,0,0,0,0,79959,0,319836
Feb-2026,MAMU TSM,BOWLING SHIRT,BOWLING SHIRT KHAKI XL,0,2,0,0,79959,159918,0
Mar-2026,MAMU TSM,BOWLING SHIRT,BOWLING SHIRT KHAKI XL,159918,5,0,0,79959,399795,159918
Apr-2026,MAMU TSM,BOWLING SHIRT,BOWLING SHIRT KHAKI XL,0,0,0,0,79959,0,399795
Feb-2026,MAMU TSM,BOWLING SHIRT,BOWLING SHIRT OLIVE L,0,3,0,0,82959,248877,0
Mar-2026,MAMU TSM,BOWLING SHIRT,BOWLING SHIRT OLIVE L,165918,3,0,0,82959,248877,248877
Apr-2026,MAMU TSM,BOWLING SHIRT,BOWLING SHIRT OLIVE L,0,0,0,0,82959,0,248877
Feb-2026,MAMU TSM,BOWLING SHIRT,BOWLING SHIRT OLIVE M,0,1,0,0,82959,82959,0
Mar-2026,MAMU TSM,BOWLING SHIRT,BOWLING SHIRT OLIVE M,331836,4,0,0,82959,331836,82959
Apr-2026,MAMU TSM,BOWLING SHIRT,BOWLING SHIRT OLIVE M,0,0,0,0,82959,0,331836
Feb-2026,MAMU TSM,BOWLING SHIRT,BOWLING SHIRT OLIVE S,0,3,0,0,82943,248829,0
Mar-2026,MAMU TSM,BOWLING SHIRT,BOWLING SHIRT OLIVE S,331772,4,0,0,82943,331772,248829
Apr-2026,MAMU TSM,BOWLING SHIRT,BOWLING SHIRT OLIVE S,0,0,0,0,82943,0,331772
Feb-2026,MAMU TSM,BOWLING SHIRT,BOWLING SHIRT OLIVE XL,0,3,0,0,82943,248829,0
Mar-2026,MAMU TSM,BOWLING SHIRT,BOWLING SHIRT OLIVE XL,248829,2,0,0,82943,165886,248829
Apr-2026,MAMU TSM,BOWLING SHIRT,BOWLING SHIRT OLIVE XL,0,0,0,0,82943,0,165886
Feb-2026,MAMU TSM,BOWLING SHIRT,BOWLING SHIRT SUPER BLACK L,0,3,0,0,82951,248853,0
Mar-2026,MAMU TSM,BOWLING SHIRT,BOWLING SHIRT SUPER BLACK L,331772,0,0,0,82951,0,248853
Feb-2026,MAMU TSM,BOWLING SHIRT,BOWLING SHIRT SUPER BLACK S,82943,3,0,0,82102,246306,0
Mar-2026,MAMU TSM,BOWLING SHIRT,BOWLING SHIRT SUPER BLACK S,331772,4,0,0,82102,328408,246306
Apr-2026,MAMU TSM,BOWLING SHIRT,BOWLING SHIRT SUPER BLACK S,82943,0,0,0,82102,0,328408
Feb-2026,MAMU TSM,BOWLING SHIRT,BOWLING SHIRT SUPER BLACK XL,165886,3,0,0,82794,248382,0
Mar-2026,MAMU TSM,BOWLING SHIRT,BOWLING SHIRT SUPER BLACK XL,331772,3,0,0,82794,248382,248382
Apr-2026,MAMU TSM,BOWLING SHIRT,BOWLING SHIRT SUPER BLACK XL,0,0,0,0,82794,0,248382
Feb-2026,TIGALAPANKAOS BONE,BOWLING SHIRT,BOWLING SHIRT DENIM L,0,3,0,0,82943,248829,0
Mar-2026,TIGALAPANKAOS BONE,BOWLING SHIRT,BOWLING SHIRT DENIM L,0,3,0,0,82943,248829,248829
Apr-2026,TIGALAPANKAOS BONE,BOWLING SHIRT,BOWLING SHIRT DENIM L,0,3,0,0,82943,248829,248829
Mei-2026,TIGALAPANKAOS BONE,BOWLING SHIRT,BOWLING SHIRT DENIM L,0,3,0,0,82943,248829,248829
Jun-2026,TIGALAPANKAOS BONE,BOWLING SHIRT,BOWLING SHIRT DENIM L,0,3,0,0,82943,248829,248829
Jul-2026,TIGALAPANKAOS BONE,BOWLING SHIRT,BOWLING SHIRT DENIM L,0,3,0,0,82943,248829,248829
Agu-2026,TIGALAPANKAOS BONE,BOWLING SHIRT,BOWLING SHIRT DENIM L,0,3,0,0,82943,248829,248829
Sep-2026,TIGALAPANKAOS BONE,BOWLING SHIRT,BOWLING SHIRT DENIM L,0,3,0,0,82943,248829,248829
Okt-2026,TIGALAPANKAOS BONE,BOWLING SHIRT,BOWLING SHIRT DENIM L,0,3,0,0,82943,248829,248829
Feb-2026,TIGALAPANKAOS BONE,BOWLING SHIRT,BOWLING SHIRT DENIM M,0,5,0,0,82943,414715,0
Mar-2026,TIGALAPANKAOS BONE,BOWLING SHIRT,BOWLING SHIRT DENIM M,82943,4,0,0,82943,331772,414715
Apr-2026,TIGALAPANKAOS BONE,BOWLING SHIRT,BOWLING SHIRT DENIM M,0,4,0,0,82943,331772,331772
Mei-2026,TIGALAPANKAOS BONE,BOWLING SHIRT,BOWLING SHIRT DENIM M,0,4,0,0,82943,331772,331772
Jun-2026,TIGALAPANKAOS BONE,BOWLING SHIRT,BOWLING SHIRT DENIM M,0,4,0,0,82943,331772,331772
Jul-2026,TIGALAPANKAOS BONE,BOWLING SHIRT,BOWLING SHIRT DENIM M,0,4,0,0,82943,331772,331772
Agu-2026,TIGALAPANKAOS BONE,BOWLING SHIRT,BOWLING SHIRT DENIM M,0,4,0,0,82943,331772,331772
Sep-2026,TIGALAPANKAOS BONE,BOWLING SHIRT,BOWLING SHIRT DENIM M,82943,3,0,0,82943,248829,331772
Okt-2026,TIGALAPANKAOS BONE,BOWLING SHIRT,BOWLING SHIRT DENIM M,0,3,0,0,82943,248829,248829
Feb-2026,TIGALAPANKAOS BONE,BOWLING SHIRT,BOWLING SHIRT DENIM S,0,5,0,0,82943,414715,0
Mar-2026,TIGALAPANKAOS BONE,BOWLING SHIRT,BOWLING SHIRT DENIM S,82943,4,0,0,82943,331772,414715
Apr-2026,TIGALAPANKAOS BONE,BOWLING SHIRT,BOWLING SHIRT DENIM S,0,4,0,0,82943,331772,331772
Mei-2026,TIGALAPANKAOS BONE,BOWLING SHIRT,BOWLING SHIRT DENIM S,82943,3,0,0,82943,248829,331772
Jun-2026,TIGALAPANKAOS BONE,BOWLING SHIRT,BOWLING SHIRT DENIM S,0,3,0,0,82943,248829,248829
Jul-2026,TIGALAPANKAOS BONE,BOWLING SHIRT,BOWLING SHIRT DENIM S,0,3,0,0,82943,248829,248829
Agu-2026,TIGALAPANKAOS BONE,BOWLING SHIRT,BOWLING SHIRT DENIM S,0,3,0,0,82943,248829,248829
Sep-2026,TIGALAPANKAOS BONE,BOWLING SHIRT,BOWLING SHIRT DENIM S,0,3,0,0,82943,248829,248829
Okt-2026,TIGALAPANKAOS BONE,BOWLING SHIRT,BOWLING SHIRT DENIM S,0,3,0,0,82943,248829,248829
Feb-2026,TIGALAPANKAOS BONE,BOWLING SHIRT,BOWLING SHIRT DENIM XL,0,1,0,0,82943,82943,0
Mar-2026,TIGALAPANKAOS BONE,BOWLING SHIRT,BOWLING SHIRT DENIM XL,0,1,0,0,82943,82943,82943
Apr-2026,TIGALAPANKAOS BONE,BOWLING SHIRT,BOWLING SHIRT DENIM XL,0,1,0,0,82943,82943,82943
Mei-2026,TIGALAPANKAOS BONE,BOWLING SHIRT,BOWLING SHIRT DENIM XL,0,1,0,0,82943,82943,82943
Jun-2026,TIGALAPANKAOS BONE,BOWLING SHIRT,BOWLING SHIRT DENIM XL,0,1,0,0,82943,82943,82943
Jul-2026,TIGALAPANKAOS BONE,BOWLING SHIRT,BOWLING SHIRT DENIM XL,0,1,0,0,82943,82943,82943
Agu-2026,TIGALAPANKAOS BONE,BOWLING SHIRT,BOWLING SHIRT DENIM XL,0,1,0,0,82943,82943,82943
Sep-2026,TIGALAPANKAOS BONE,BOWLING SHIRT,BOWLING SHIRT DENIM XL,0,1,0,0,82943,82943,82943
Okt-2026,TIGALAPANKAOS BONE,BOWLING SHIRT,BOWLING SHIRT DENIM XL,0,1,0,0,82943,82943,82943
Feb-2026,TIGALAPANKAOS BONE,BOWLING SHIRT,BOWLING SHIRT KHAKI L,0,5,0,0,82959,414795,0
Mar-2026,TIGALAPANKAOS BONE,BOWLING SHIRT,BOWLING SHIRT KHAKI L,248877,2,0,0,82959,165918,414795
Apr-2026,TIGALAPANKAOS BONE,BOWLING SHIRT,BOWLING SHIRT KHAKI L,0,2,0,0,82959,165918,165918
Mei-2026,TIGALAPANKAOS BONE,BOWLING SHIRT,BOWLING SHIRT KHAKI L,0,2,0,0,82959,165918,165918
Jun-2026,TIGALAPANKAOS BONE,BOWLING SHIRT,BOWLING SHIRT KHAKI L,0,2,0,0,82959,165918,165918
Jul-2026,TIGALAPANKAOS BONE,BOWLING SHIRT,BOWLING SHIRT KHAKI L,0,2,0,0,82959,165918,165918
Agu-2026,TIGALAPANKAOS BONE,BOWLING SHIRT,BOWLING SHIRT KHAKI L,0,2,0,0,82959,165918,165918
Sep-2026,TIGALAPANKAOS BONE,BOWLING SHIRT,BOWLING SHIRT KHAKI L,0,2,0,0,82959,165918,165918
Okt-2026,TIGALAPANKAOS BONE,BOWLING SHIRT,BOWLING SHIRT KHAKI L,0,2,0,0,82959,165918,165918
Feb-2026,TIGALAPANKAOS BONE,BOWLING SHIRT,BOWLING SHIRT KHAKI M,0,3,0,0,82959,248877,0
Mar-2026,TIGALAPANKAOS BONE,BOWLING SHIRT,BOWLING SHIRT KHAKI M,248877,0,0,0,82959,0,248877
Feb-2026,TIGALAPANKAOS BONE,BOWLING SHIRT,BOWLING SHIRT KHAKI S,0,3,0,0,79959,239877,0
Mar-2026,TIGALAPANKAOS BONE,BOWLING SHIRT,BOWLING SHIRT KHAKI S,159918,1,0,0,79959,79959,239877
Apr-2026,TIGALAPANKAOS BONE,BOWLING SHIRT,BOWLING SHIRT KHAKI S,79959,0,0,0,79959,0,79959
Feb-2026,TIGALAPANKAOS BONE,BOWLING SHIRT,BOWLING SHIRT KHAKI XL,0,2,0,0,79959,159918,0
Mar-2026,TIGALAPANKAOS BONE,BOWLING SHIRT,BOWLING SHIRT KHAKI XL,0,2,0,0,79959,159918,159918
Apr-2026,TIGALAPANKAOS BONE,BOWLING SHIRT,BOWLING SHIRT KHAKI XL,0,2,0,0,79959,159918,159918
Mei-2026,TIGALAPANKAOS BONE,BOWLING SHIRT,BOWLING SHIRT KHAKI XL,0,2,0,0,79959,159918,159918
Jun-2026,TIGALAPANKAOS BONE,BOWLING SHIRT,BOWLING SHIRT KHAKI XL,0,2,0,0,79959,159918,159918
Jul-2026,TIGALAPANKAOS BONE,BOWLING SHIRT,BOWLING SHIRT KHAKI XL,0,2,0,0,79959,159918,159918
Agu-2026,TIGALAPANKAOS BONE,BOWLING SHIRT,BOWLING SHIRT KHAKI XL,0,2,0,0,79959,159918,159918
Sep-2026,TIGALAPANKAOS BONE,BOWLING SHIRT,BOWLING SHIRT KHAKI XL,0,2,0,0,79959,159918,159918
Okt-2026,TIGALAPANKAOS BONE,BOWLING SHIRT,BOWLING SHIRT KHAKI XL,0,2,0,0,79959,159918,159918
Feb-2026,TIGALAPANKAOS BONE,BOWLING SHIRT,BOWLING SHIRT OLIVE L,0,3,0,0,82959,248877,0
Mar-2026,TIGALAPANKAOS BONE,BOWLING SHIRT,BOWLING SHIRT OLIVE L,0,3,0,0,82959,248877,248877
Apr-2026,TIGALAPANKAOS BONE,BOWLING SHIRT,BOWLING SHIRT OLIVE L,0,3,0,0,82959,248877,248877
Mei-2026,TIGALAPANKAOS BONE,BOWLING SHIRT,BOWLING SHIRT OLIVE L,0,3,0,0,82959,248877,248877
Jun-2026,TIGALAPANKAOS BONE,BOWLING SHIRT,BOWLING SHIRT OLIVE L,0,3,0,0,82959,248877,248877
Jul-2026,TIGALAPANKAOS BONE,BOWLING SHIRT,BOWLING SHIRT OLIVE L,0,3,0,0,82959,248877,248877
Agu-2026,TIGALAPANKAOS BONE,BOWLING SHIRT,BOWLING SHIRT OLIVE L,0,3,0,0,82959,248877,248877
Sep-2026,TIGALAPANKAOS BONE,BOWLING SHIRT,BOWLING SHIRT OLIVE L,0,3,0,0,82959,248877,248877
Okt-2026,TIGALAPANKAOS BONE,BOWLING SHIRT,BOWLING SHIRT OLIVE L,0,3,0,0,82959,248877,248877
Feb-2026,TIGALAPANKAOS BONE,BOWLING SHIRT,BOWLING SHIRT OLIVE M,0,3,0,0,82959,248877,0
Mar-2026,TIGALAPANKAOS BONE,BOWLING SHIRT,BOWLING SHIRT OLIVE M,0,3,0,0,82959,248877,248877
Apr-2026,TIGALAPANKAOS BONE,BOWLING SHIRT,BOWLING SHIRT OLIVE M,0,3,0,0,82959,248877,248877
Mei-2026,TIGALAPANKAOS BONE,BOWLING SHIRT,BOWLING SHIRT OLIVE M,0,3,0,0,82959,248877,248877
Jun-2026,TIGALAPANKAOS BONE,BOWLING SHIRT,BOWLING SHIRT OLIVE M,0,3,0,0,82959,248877,248877
Jul-2026,TIGALAPANKAOS BONE,BOWLING SHIRT,BOWLING SHIRT OLIVE M,0,3,0,0,82959,248877,248877
Agu-2026,TIGALAPANKAOS BONE,BOWLING SHIRT,BOWLING SHIRT OLIVE M,82959,3,0,0,82959,248877,248877
Sep-2026,TIGALAPANKAOS BONE,BOWLING SHIRT,BOWLING SHIRT OLIVE M,0,2,0,0,82959,165918,248877
Okt-2026,TIGALAPANKAOS BONE,BOWLING SHIRT,BOWLING SHIRT OLIVE M,0,2,0,0,82959,165918,165918
Feb-2026,TIGALAPANKAOS BONE,BOWLING SHIRT,BOWLING SHIRT OLIVE S,0,3,0,0,82943,248829,0
Mar-2026,TIGALAPANKAOS BONE,BOWLING SHIRT,BOWLING SHIRT OLIVE S,0,2,0,0,82943,165886,248829
Apr-2026,TIGALAPANKAOS BONE,BOWLING SHIRT,BOWLING SHIRT OLIVE S,0,2,0,0,82943,165886,165886
Mei-2026,TIGALAPANKAOS BONE,BOWLING SHIRT,BOWLING SHIRT OLIVE S,0,3,0,0,82943,248829,165886
Jun-2026,TIGALAPANKAOS BONE,BOWLING SHIRT,BOWLING SHIRT OLIVE S,0,3,0,0,82943,248829,248829
Jul-2026,TIGALAPANKAOS BONE,BOWLING SHIRT,BOWLING SHIRT OLIVE S,0,3,0,0,82943,248829,248829
Agu-2026,TIGALAPANKAOS BONE,BOWLING SHIRT,BOWLING SHIRT OLIVE S,0,3,0,0,82943,248829,248829
Sep-2026,TIGALAPANKAOS BONE,BOWLING SHIRT,BOWLING SHIRT OLIVE S,0,3,0,0,82943,248829,248829
Okt-2026,TIGALAPANKAOS BONE,BOWLING SHIRT,BOWLING SHIRT OLIVE S,0,3,0,0,82943,248829,248829
Feb-2026,TIGALAPANKAOS BONE,BOWLING SHIRT,BOWLING SHIRT OLIVE XL,0,1,0,0,82943,82943,0
Mar-2026,TIGALAPANKAOS BONE,BOWLING SHIRT,BOWLING SHIRT OLIVE XL,0,1,0,0,82943,82943,82943
Apr-2026,TIGALAPANKAOS BONE,BOWLING SHIRT,BOWLING SHIRT OLIVE XL,0,1,0,0,82943,82943,82943
Mei-2026,TIGALAPANKAOS BONE,BOWLING SHIRT,BOWLING SHIRT OLIVE XL,0,1,0,0,82943,82943,82943
Jun-2026,TIGALAPANKAOS BONE,BOWLING SHIRT,BOWLING SHIRT OLIVE XL,0,1,0,0,82943,82943,82943
Jul-2026,TIGALAPANKAOS BONE,BOWLING SHIRT,BOWLING SHIRT OLIVE XL,0,1,0,0,82943,82943,82943
Agu-2026,TIGALAPANKAOS BONE,BOWLING SHIRT,BOWLING SHIRT OLIVE XL,0,1,0,0,82943,82943,82943
Sep-2026,TIGALAPANKAOS BONE,BOWLING SHIRT,BOWLING SHIRT OLIVE XL,0,1,0,0,82943,82943,82943
Okt-2026,TIGALAPANKAOS BONE,BOWLING SHIRT,BOWLING SHIRT OLIVE XL,0,1,0,0,82943,82943,82943
Feb-2026,TIGALAPANKAOS BONE,BOWLING SHIRT,BOWLING SHIRT SUPER BLACK L,0,3,0,0,82951,248853,0
Mar-2026,TIGALAPANKAOS BONE,BOWLING SHIRT,BOWLING SHIRT SUPER BLACK L,0,3,0,0,82951,248853,248853
Apr-2026,TIGALAPANKAOS BONE,BOWLING SHIRT,BOWLING SHIRT SUPER BLACK L,0,3,0,0,82951,248853,248853
Mei-2026,TIGALAPANKAOS BONE,BOWLING SHIRT,BOWLING SHIRT SUPER BLACK L,0,3,0,0,82951,248853,248853
Jun-2026,TIGALAPANKAOS BONE,BOWLING SHIRT,BOWLING SHIRT SUPER BLACK L,0,3,0,0,82951,248853,248853
Jul-2026,TIGALAPANKAOS BONE,BOWLING SHIRT,BOWLING SHIRT SUPER BLACK L,82951,2,0,0,82951,165902,248853
Agu-2026,TIGALAPANKAOS BONE,BOWLING SHIRT,BOWLING SHIRT SUPER BLACK L,82951,2,0,0,82951,165902,165902
Sep-2026,TIGALAPANKAOS BONE,BOWLING SHIRT,BOWLING SHIRT SUPER BLACK L,0,1,0,0,82951,82951,165902
Okt-2026,TIGALAPANKAOS BONE,BOWLING SHIRT,BOWLING SHIRT SUPER BLACK L,0,1,0,0,82951,82951,82951
Feb-2026,TIGALAPANKAOS BONE,BOWLING SHIRT,BOWLING SHIRT SUPER BLACK S,0,3,0,0,82102,246306,0
Mar-2026,TIGALAPANKAOS BONE,BOWLING SHIRT,BOWLING SHIRT SUPER BLACK S,0,3,0,0,82102,246306,246306
Apr-2026,TIGALAPANKAOS BONE,BOWLING SHIRT,BOWLING SHIRT SUPER BLACK S,0,3,0,0,82102,246306,246306
Mei-2026,TIGALAPANKAOS BONE,BOWLING SHIRT,BOWLING SHIRT SUPER BLACK S,0,3,0,0,82102,246306,246306
Jun-2026,TIGALAPANKAOS BONE,BOWLING SHIRT,BOWLING SHIRT SUPER BLACK S,82102,2,0,0,82102,164204,246306
Jul-2026,TIGALAPANKAOS BONE,BOWLING SHIRT,BOWLING SHIRT SUPER BLACK S,0,2,0,0,82102,164204,164204
Agu-2026,TIGALAPANKAOS BONE,BOWLING SHIRT,BOWLING SHIRT SUPER BLACK S,0,2,0,0,82102,164204,164204
Sep-2026,TIGALAPANKAOS BONE,BOWLING SHIRT,BOWLING SHIRT SUPER BLACK S,0,2,0,0,82102,164204,164204
Okt-2026,TIGALAPANKAOS BONE,BOWLING SHIRT,BOWLING SHIRT SUPER BLACK S,0,2,0,0,82102,164204,164204
Feb-2026,TIGALAPANKAOS BONE,BOWLING SHIRT,BOWLING SHIRT SUPER BLACK XL,0,2,0,0,82794,165588,0
Mar-2026,TIGALAPANKAOS BONE,BOWLING SHIRT,BOWLING SHIRT SUPER BLACK XL,82794,1,0,0,82794,82794,165588
Apr-2026,TIGALAPANKAOS BONE,BOWLING SHIRT,BOWLING SHIRT SUPER BLACK XL,0,1,0,0,82794,82794,82794
Mei-2026,TIGALAPANKAOS BONE,BOWLING SHIRT,BOWLING SHIRT SUPER BLACK XL,0,1,0,0,82794,82794,82794
Jun-2026,TIGALAPANKAOS BONE,BOWLING SHIRT,BOWLING SHIRT SUPER BLACK XL,0,1,0,0,82794,82794,82794
Jul-2026,TIGALAPANKAOS BONE,BOWLING SHIRT,BOWLING SHIRT SUPER BLACK XL,0,1,0,0,82794,82794,82794
Agu-2026,TIGALAPANKAOS BONE,BOWLING SHIRT,BOWLING SHIRT SUPER BLACK XL,82794,1,0,0,82794,82794,82794
Sep-2026,TIGALAPANKAOS BONE,BOWLING SHIRT,BOWLING SHIRT SUPER BLACK XL,0,0,0,0,82794,0,82794
Mar-2026,TIGALAPANKAOS MANADO,BOWLING SHIRT,BOWLING SHIRT DENIM L,82943,2,0,0,82943,165886,0
Apr-2026,TIGALAPANKAOS MANADO,BOWLING SHIRT,BOWLING SHIRT DENIM L,0,2,0,0,82943,165886,165886
Mei-2026,TIGALAPANKAOS MANADO,BOWLING SHIRT,BOWLING SHIRT DENIM L,0,2,0,0,82943,165886,165886
Jun-2026,TIGALAPANKAOS MANADO,BOWLING SHIRT,BOWLING SHIRT DENIM L,82943,1,0,0,82943,82943,165886
Jul-2026,TIGALAPANKAOS MANADO,BOWLING SHIRT,BOWLING SHIRT DENIM L,0,1,0,0,82943,82943,82943
Agu-2026,TIGALAPANKAOS MANADO,BOWLING SHIRT,BOWLING SHIRT DENIM L,82943,0,0,0,82943,0,82943
Mar-2026,TIGALAPANKAOS MANADO,BOWLING SHIRT,BOWLING SHIRT DENIM M,0,5,0,0,82943,414715,0
Apr-2026,TIGALAPANKAOS MANADO,BOWLING SHIRT,BOWLING SHIRT DENIM M,0,5,0,0,82943,414715,414715
Mei-2026,TIGALAPANKAOS MANADO,BOWLING SHIRT,BOWLING SHIRT DENIM M,0,5,0,0,82943,414715,414715
Jun-2026,TIGALAPANKAOS MANADO,BOWLING SHIRT,BOWLING SHIRT DENIM M,0,5,0,0,82943,414715,414715
Jul-2026,TIGALAPANKAOS MANADO,BOWLING SHIRT,BOWLING SHIRT DENIM M,82943,5,0,0,82943,414715,414715
Agu-2026,TIGALAPANKAOS MANADO,BOWLING SHIRT,BOWLING SHIRT DENIM M,0,4,0,0,82943,331772,414715
Sep-2026,TIGALAPANKAOS MANADO,BOWLING SHIRT,BOWLING SHIRT DENIM M,0,4,0,0,82943,331772,331772
Okt-2026,TIGALAPANKAOS MANADO,BOWLING SHIRT,BOWLING SHIRT DENIM M,0,4,0,0,82943,331772,331772
Mar-2026,TIGALAPANKAOS MANADO,BOWLING SHIRT,BOWLING SHIRT DENIM S,0,5,0,0,82943,414715,0
Apr-2026,TIGALAPANKAOS MANADO,BOWLING SHIRT,BOWLING SHIRT DENIM S,0,5,0,0,82943,414715,414715
Mei-2026,TIGALAPANKAOS MANADO,BOWLING SHIRT,BOWLING SHIRT DENIM S,0,5,0,0,82943,414715,414715
Jun-2026,TIGALAPANKAOS MANADO,BOWLING SHIRT,BOWLING SHIRT DENIM S,0,5,0,0,82943,414715,414715
Jul-2026,TIGALAPANKAOS MANADO,BOWLING SHIRT,BOWLING SHIRT DENIM S,0,5,0,0,82943,414715,414715
Agu-2026,TIGALAPANKAOS MANADO,BOWLING SHIRT,BOWLING SHIRT DENIM S,0,5,0,0,82943,414715,414715
Sep-2026,TIGALAPANKAOS MANADO,BOWLING SHIRT,BOWLING SHIRT DENIM S,0,5,0,0,82943,414715,414715
Okt-2026,TIGALAPANKAOS MANADO,BOWLING SHIRT,BOWLING SHIRT DENIM S,0,5,0,0,82943,414715,414715
Mar-2026,TIGALAPANKAOS MANADO,BOWLING SHIRT,BOWLING SHIRT KHAKI M,82959,2,0,0,82959,165918,0
Apr-2026,TIGALAPANKAOS MANADO,BOWLING SHIRT,BOWLING SHIRT KHAKI M,0,2,0,0,82959,165918,165918
Mei-2026,TIGALAPANKAOS MANADO,BOWLING SHIRT,BOWLING SHIRT KHAKI M,165918,0,0,0,82959,0,165918
Mar-2026,TIGALAPANKAOS MANADO,BOWLING SHIRT,BOWLING SHIRT KHAKI S,0,3,0,0,79959,239877,0
Apr-2026,TIGALAPANKAOS MANADO,BOWLING SHIRT,BOWLING SHIRT KHAKI S,0,3,0,0,79959,239877,239877
Mei-2026,TIGALAPANKAOS MANADO,BOWLING SHIRT,BOWLING SHIRT KHAKI S,159918,1,0,0,79959,79959,239877
Jun-2026,TIGALAPANKAOS MANADO,BOWLING SHIRT,BOWLING SHIRT KHAKI S,0,1,0,0,79959,79959,79959
Jul-2026,TIGALAPANKAOS MANADO,BOWLING SHIRT,BOWLING SHIRT KHAKI S,0,1,0,0,79959,79959,79959
Agu-2026,TIGALAPANKAOS MANADO,BOWLING SHIRT,BOWLING SHIRT KHAKI S,0,1,0,0,79959,79959,79959
Sep-2026,TIGALAPANKAOS MANADO,BOWLING SHIRT,BOWLING SHIRT KHAKI S,0,1,0,0,79959,79959,79959
Okt-2026,TIGALAPANKAOS MANADO,BOWLING SHIRT,BOWLING SHIRT KHAKI S,0,1,0,0,79959,79959,79959
Mei-2026,TIGALAPANKAOS MANADO,BOWLING SHIRT,BOWLING SHIRT OLIVE L,0,1,0,0,82959,82959,0
Jun-2026,TIGALAPANKAOS MANADO,BOWLING SHIRT,BOWLING SHIRT OLIVE L,0,1,0,0,82959,82959,82959
Jul-2026,TIGALAPANKAOS MANADO,BOWLING SHIRT,BOWLING SHIRT OLIVE L,0,1,0,0,82959,82959,82959
Agu-2026,TIGALAPANKAOS MANADO,BOWLING SHIRT,BOWLING SHIRT OLIVE L,0,1,0,0,82959,82959,82959
Sep-2026,TIGALAPANKAOS MANADO,BOWLING SHIRT,BOWLING SHIRT OLIVE L,0,1,0,0,82959,82959,82959
Okt-2026,TIGALAPANKAOS MANADO,BOWLING SHIRT,BOWLING SHIRT OLIVE L,0,1,0,0,82959,82959,82959
Mar-2026,TIGALAPANKAOS MANADO,BOWLING SHIRT,BOWLING SHIRT OLIVE M,0,3,0,0,82959,248877,0
Apr-2026,TIGALAPANKAOS MANADO,BOWLING SHIRT,BOWLING SHIRT OLIVE M,0,3,0,0,82959,248877,248877
Mei-2026,TIGALAPANKAOS MANADO,BOWLING SHIRT,BOWLING SHIRT OLIVE M,0,3,0,0,82959,248877,248877
Jun-2026,TIGALAPANKAOS MANADO,BOWLING SHIRT,BOWLING SHIRT OLIVE M,0,3,0,0,82959,248877,248877
Jul-2026,TIGALAPANKAOS MANADO,BOWLING SHIRT,BOWLING SHIRT OLIVE M,0,2,0,0,82959,165918,248877
Agu-2026,TIGALAPANKAOS MANADO,BOWLING SHIRT,BOWLING SHIRT OLIVE M,0,2,0,0,82959,165918,165918
Sep-2026,TIGALAPANKAOS MANADO,BOWLING SHIRT,BOWLING SHIRT OLIVE M,0,2,0,0,82959,165918,165918
Okt-2026,TIGALAPANKAOS MANADO,BOWLING SHIRT,BOWLING SHIRT OLIVE M,0,2,0,0,82959,165918,165918
Mar-2026,TIGALAPANKAOS MANADO,BOWLING SHIRT,BOWLING SHIRT OLIVE S,0,3,0,0,82943,248829,0
Apr-2026,TIGALAPANKAOS MANADO,BOWLING SHIRT,BOWLING SHIRT OLIVE S,0,3,0,0,82943,248829,248829
Mei-2026,TIGALAPANKAOS MANADO,BOWLING SHIRT,BOWLING SHIRT OLIVE S,0,3,0,0,82943,248829,248829
Jun-2026,TIGALAPANKAOS MANADO,BOWLING SHIRT,BOWLING SHIRT OLIVE S,0,3,0,0,82943,248829,248829
Jul-2026,TIGALAPANKAOS MANADO,BOWLING SHIRT,BOWLING SHIRT OLIVE S,0,3,0,0,82943,248829,248829
Agu-2026,TIGALAPANKAOS MANADO,BOWLING SHIRT,BOWLING SHIRT OLIVE S,0,3,0,0,82943,248829,248829
Sep-2026,TIGALAPANKAOS MANADO,BOWLING SHIRT,BOWLING SHIRT OLIVE S,0,3,0,0,82943,248829,248829
Okt-2026,TIGALAPANKAOS MANADO,BOWLING SHIRT,BOWLING SHIRT OLIVE S,0,3,0,0,82943,248829,248829
Mar-2026,TIGALAPANKAOS MANADO,BOWLING SHIRT,BOWLING SHIRT SUPER BLACK S,0,3,0,0,82102,246306,0
Apr-2026,TIGALAPANKAOS MANADO,BOWLING SHIRT,BOWLING SHIRT SUPER BLACK S,0,3,0,0,82102,246306,246306
Mei-2026,TIGALAPANKAOS MANADO,BOWLING SHIRT,BOWLING SHIRT SUPER BLACK S,0,3,0,0,82102,246306,246306
Jun-2026,TIGALAPANKAOS MANADO,BOWLING SHIRT,BOWLING SHIRT SUPER BLACK S,0,3,0,0,82102,246306,246306
Jul-2026,TIGALAPANKAOS MANADO,BOWLING SHIRT,BOWLING SHIRT SUPER BLACK S,0,3,0,0,82102,246306,246306
Agu-2026,TIGALAPANKAOS MANADO,BOWLING SHIRT,BOWLING SHIRT SUPER BLACK S,0,3,0,0,82102,246306,246306
Sep-2026,TIGALAPANKAOS MANADO,BOWLING SHIRT,BOWLING SHIRT SUPER BLACK S,82102,2,0,0,82102,164204,246306
Okt-2026,TIGALAPANKAOS MANADO,BOWLING SHIRT,BOWLING SHIRT SUPER BLACK S,0,2,0,0,82102,164204,164204
Mar-2026,TIGALAPANKAOS MANADO,BOWLING SHIRT,BOWLING SHIRT SUPER BLACK XL,82794,0,0,0,82794,0,0
Feb-2026,TIGALAPANKAOS PALU,BOWLING SHIRT,BOWLING SHIRT DENIM L,0,3,0,0,82943,248829,0
Mar-2026,TIGALAPANKAOS PALU,BOWLING SHIRT,BOWLING SHIRT DENIM L,0,3,0,0,82943,248829,248829
Apr-2026,TIGALAPANKAOS PALU,BOWLING SHIRT,BOWLING SHIRT DENIM L,0,3,0,0,82943,248829,248829
Mei-2026,TIGALAPANKAOS PALU,BOWLING SHIRT,BOWLING SHIRT DENIM L,0,3,0,0,82943,248829,248829
Jun-2026,TIGALAPANKAOS PALU,BOWLING SHIRT,BOWLING SHIRT DENIM L,0,3,0,0,82943,248829,248829
Jul-2026,TIGALAPANKAOS PALU,BOWLING SHIRT,BOWLING SHIRT DENIM L,0,3,0,0,82943,248829,248829
Agu-2026,TIGALAPANKAOS PALU,BOWLING SHIRT,BOWLING SHIRT DENIM L,0,3,0,0,82943,248829,248829
Sep-2026,TIGALAPANKAOS PALU,BOWLING SHIRT,BOWLING SHIRT DENIM L,0,3,0,0,82943,248829,248829
Okt-2026,TIGALAPANKAOS PALU,BOWLING SHIRT,BOWLING SHIRT DENIM L,0,3,0,0,82943,248829,248829
Feb-2026,TIGALAPANKAOS PALU,BOWLING SHIRT,BOWLING SHIRT DENIM M,0,5,0,0,82943,414715,0
Mar-2026,TIGALAPANKAOS PALU,BOWLING SHIRT,BOWLING SHIRT DENIM M,82943,4,0,0,82943,331772,414715
Apr-2026,TIGALAPANKAOS PALU,BOWLING SHIRT,BOWLING SHIRT DENIM M,0,4,0,0,82943,331772,331772
Mei-2026,TIGALAPANKAOS PALU,BOWLING SHIRT,BOWLING SHIRT DENIM M,0,9,0,0,82943,746487,331772
Jun-2026,TIGALAPANKAOS PALU,BOWLING SHIRT,BOWLING SHIRT DENIM M,0,9,0,0,82943,746487,746487
Jul-2026,TIGALAPANKAOS PALU,BOWLING SHIRT,BOWLING SHIRT DENIM M,0,9,0,0,82943,746487,746487
Agu-2026,TIGALAPANKAOS PALU,BOWLING SHIRT,BOWLING SHIRT DENIM M,0,9,0,0,82943,746487,746487
Sep-2026,TIGALAPANKAOS PALU,BOWLING SHIRT,BOWLING SHIRT DENIM M,0,9,0,0,82943,746487,746487
Okt-2026,TIGALAPANKAOS PALU,BOWLING SHIRT,BOWLING SHIRT DENIM M,0,9,0,0,82943,746487,746487
Feb-2026,TIGALAPANKAOS PALU,BOWLING SHIRT,BOWLING SHIRT DENIM S,0,5,0,0,82943,414715,0
Mar-2026,TIGALAPANKAOS PALU,BOWLING SHIRT,BOWLING SHIRT DENIM S,0,5,0,0,82943,414715,414715
Apr-2026,TIGALAPANKAOS PALU,BOWLING SHIRT,BOWLING SHIRT DENIM S,0,5,0,0,82943,414715,414715
Mei-2026,TIGALAPANKAOS PALU,BOWLING SHIRT,BOWLING SHIRT DENIM S,0,5,0,0,82943,414715,414715
Jun-2026,TIGALAPANKAOS PALU,BOWLING SHIRT,BOWLING SHIRT DENIM S,0,5,0,0,82943,414715,414715
Jul-2026,TIGALAPANKAOS PALU,BOWLING SHIRT,BOWLING SHIRT DENIM S,0,5,0,0,82943,414715,414715
Agu-2026,TIGALAPANKAOS PALU,BOWLING SHIRT,BOWLING SHIRT DENIM S,0,5,0,0,82943,414715,414715
Sep-2026,TIGALAPANKAOS PALU,BOWLING SHIRT,BOWLING SHIRT DENIM S,82943,4,0,0,82943,331772,414715
Okt-2026,TIGALAPANKAOS PALU,BOWLING SHIRT,BOWLING SHIRT DENIM S,0,4,0,0,82943,331772,331772
Feb-2026,TIGALAPANKAOS PALU,BOWLING SHIRT,BOWLING SHIRT DENIM XL,0,1,0,0,82943,82943,0
Mar-2026,TIGALAPANKAOS PALU,BOWLING SHIRT,BOWLING SHIRT DENIM XL,0,1,0,0,82943,82943,82943
Apr-2026,TIGALAPANKAOS PALU,BOWLING SHIRT,BOWLING SHIRT DENIM XL,0,1,0,0,82943,82943,82943
Mei-2026,TIGALAPANKAOS PALU,BOWLING SHIRT,BOWLING SHIRT DENIM XL,0,1,0,0,82943,82943,82943
Jun-2026,TIGALAPANKAOS PALU,BOWLING SHIRT,BOWLING SHIRT DENIM XL,0,1,0,0,82943,82943,82943
Jul-2026,TIGALAPANKAOS PALU,BOWLING SHIRT,BOWLING SHIRT DENIM XL,0,1,0,0,82943,82943,82943
Agu-2026,TIGALAPANKAOS PALU,BOWLING SHIRT,BOWLING SHIRT DENIM XL,0,1,0,0,82943,82943,82943
Sep-2026,TIGALAPANKAOS PALU,BOWLING SHIRT,BOWLING SHIRT DENIM XL,0,1,0,0,82943,82943,82943
Okt-2026,TIGALAPANKAOS PALU,BOWLING SHIRT,BOWLING SHIRT DENIM XL,0,1,0,0,82943,82943,82943
Feb-2026,TIGALAPANKAOS PALU,BOWLING SHIRT,BOWLING SHIRT KHAKI L,0,5,0,0,82959,414795,0
Mar-2026,TIGALAPANKAOS PALU,BOWLING SHIRT,BOWLING SHIRT KHAKI L,82959,4,0,0,82959,331836,414795
Apr-2026,TIGALAPANKAOS PALU,BOWLING SHIRT,BOWLING SHIRT KHAKI L,0,4,0,0,82959,331836,331836
Mei-2026,TIGALAPANKAOS PALU,BOWLING SHIRT,BOWLING SHIRT KHAKI L,0,4,0,0,82959,331836,331836
Jun-2026,TIGALAPANKAOS PALU,BOWLING SHIRT,BOWLING SHIRT KHAKI L,0,4,0,0,82959,331836,331836
Jul-2026,TIGALAPANKAOS PALU,BOWLING SHIRT,BOWLING SHIRT KHAKI L,0,4,0,0,82959,331836,331836
Agu-2026,TIGALAPANKAOS PALU,BOWLING SHIRT,BOWLING SHIRT KHAKI L,0,4,0,0,82959,331836,331836
Sep-2026,TIGALAPANKAOS PALU,BOWLING SHIRT,BOWLING SHIRT KHAKI L,0,4,0,0,82959,331836,331836
Okt-2026,TIGALAPANKAOS PALU,BOWLING SHIRT,BOWLING SHIRT KHAKI L,0,4,0,0,82959,331836,331836
Feb-2026,TIGALAPANKAOS PALU,BOWLING SHIRT,BOWLING SHIRT KHAKI M,0,3,0,0,82959,248877,0
Mar-2026,TIGALAPANKAOS PALU,BOWLING SHIRT,BOWLING SHIRT KHAKI M,165918,1,0,0,82959,82959,248877
Apr-2026,TIGALAPANKAOS PALU,BOWLING SHIRT,BOWLING SHIRT KHAKI M,0,1,0,0,82959,82959,82959
Mei-2026,TIGALAPANKAOS PALU,BOWLING SHIRT,BOWLING SHIRT KHAKI M,165918,4,0,0,82959,331836,82959
Jun-2026,TIGALAPANKAOS PALU,BOWLING SHIRT,BOWLING SHIRT KHAKI M,0,4,0,0,82959,331836,331836
Jul-2026,TIGALAPANKAOS PALU,BOWLING SHIRT,BOWLING SHIRT KHAKI M,0,4,0,0,82959,331836,331836
Agu-2026,TIGALAPANKAOS PALU,BOWLING SHIRT,BOWLING SHIRT KHAKI M,0,4,0,0,82959,331836,331836
Sep-2026,TIGALAPANKAOS PALU,BOWLING SHIRT,BOWLING SHIRT KHAKI M,0,4,0,0,82959,331836,331836
Okt-2026,TIGALAPANKAOS PALU,BOWLING SHIRT,BOWLING SHIRT KHAKI M,0,4,0,0,82959,331836,331836
Feb-2026,TIGALAPANKAOS PALU,BOWLING SHIRT,BOWLING SHIRT KHAKI S,0,3,0,0,79959,239877,0
Mar-2026,TIGALAPANKAOS PALU,BOWLING SHIRT,BOWLING SHIRT KHAKI S,0,3,0,0,79959,239877,239877
Apr-2026,TIGALAPANKAOS PALU,BOWLING SHIRT,BOWLING SHIRT KHAKI S,0,3,0,0,79959,239877,239877
Mei-2026,TIGALAPANKAOS PALU,BOWLING SHIRT,BOWLING SHIRT KHAKI S,0,8,0,0,79959,639672,239877
Jun-2026,TIGALAPANKAOS PALU,BOWLING SHIRT,BOWLING SHIRT KHAKI S,79959,7,0,0,79959,559713,639672
Jul-2026,TIGALAPANKAOS PALU,BOWLING SHIRT,BOWLING SHIRT KHAKI S,0,7,0,0,79959,559713,559713
Agu-2026,TIGALAPANKAOS PALU,BOWLING SHIRT,BOWLING SHIRT KHAKI S,0,7,0,0,79959,559713,559713
Sep-2026,TIGALAPANKAOS PALU,BOWLING SHIRT,BOWLING SHIRT KHAKI S,79959,6,0,0,79959,479754,559713
Okt-2026,TIGALAPANKAOS PALU,BOWLING SHIRT,BOWLING SHIRT KHAKI S,0,6,0,0,79959,479754,479754
Feb-2026,TIGALAPANKAOS PALU,BOWLING SHIRT,BOWLING SHIRT KHAKI XL,0,2,0,0,79959,159918,0
Mar-2026,TIGALAPANKAOS PALU,BOWLING SHIRT,BOWLING SHIRT KHAKI XL,0,2,0,0,79959,159918,159918
Apr-2026,TIGALAPANKAOS PALU,BOWLING SHIRT,BOWLING SHIRT KHAKI XL,0,2,0,0,79959,159918,159918
Mei-2026,TIGALAPANKAOS PALU,BOWLING SHIRT,BOWLING SHIRT KHAKI XL,0,3,0,0,79959,239877,159918
Jun-2026,TIGALAPANKAOS PALU,BOWLING SHIRT,BOWLING SHIRT KHAKI XL,0,3,0,0,79959,239877,239877
Jul-2026,TIGALAPANKAOS PALU,BOWLING SHIRT,BOWLING SHIRT KHAKI XL,0,3,0,0,79959,239877,239877
Agu-2026,TIGALAPANKAOS PALU,BOWLING SHIRT,BOWLING SHIRT KHAKI XL,0,3,0,0,79959,239877,239877
Sep-2026,TIGALAPANKAOS PALU,BOWLING SHIRT,BOWLING SHIRT KHAKI XL,0,3,0,0,79959,239877,239877
Okt-2026,TIGALAPANKAOS PALU,BOWLING SHIRT,BOWLING SHIRT KHAKI XL,0,3,0,0,79959,239877,239877
Feb-2026,TIGALAPANKAOS PALU,BOWLING SHIRT,BOWLING SHIRT OLIVE L,0,3,0,0,82959,248877,0
Mar-2026,TIGALAPANKAOS PALU,BOWLING SHIRT,BOWLING SHIRT OLIVE L,82959,2,0,0,82959,165918,248877
Apr-2026,TIGALAPANKAOS PALU,BOWLING SHIRT,BOWLING SHIRT OLIVE L,0,2,0,0,82959,165918,165918
Mei-2026,TIGALAPANKAOS PALU,BOWLING SHIRT,BOWLING SHIRT OLIVE L,0,2,0,0,82959,165918,165918
Jun-2026,TIGALAPANKAOS PALU,BOWLING SHIRT,BOWLING SHIRT OLIVE L,0,2,0,0,82959,165918,165918
Jul-2026,TIGALAPANKAOS PALU,BOWLING SHIRT,BOWLING SHIRT OLIVE L,0,2,0,0,82959,165918,165918
Agu-2026,TIGALAPANKAOS PALU,BOWLING SHIRT,BOWLING SHIRT OLIVE L,0,2,0,0,82959,165918,165918
Sep-2026,TIGALAPANKAOS PALU,BOWLING SHIRT,BOWLING SHIRT OLIVE L,0,2,0,0,82959,165918,165918
Okt-2026,TIGALAPANKAOS PALU,BOWLING SHIRT,BOWLING SHIRT OLIVE L,0,2,0,0,82959,165918,165918
Feb-2026,TIGALAPANKAOS PALU,BOWLING SHIRT,BOWLING SHIRT OLIVE M,0,3,0,0,82959,248877,0
Mar-2026,TIGALAPANKAOS PALU,BOWLING SHIRT,BOWLING SHIRT OLIVE M,0,3,0,0,82959,248877,248877
Apr-2026,TIGALAPANKAOS PALU,BOWLING SHIRT,BOWLING SHIRT OLIVE M,0,3,0,0,82959,248877,248877
Mei-2026,TIGALAPANKAOS PALU,BOWLING SHIRT,BOWLING SHIRT OLIVE M,0,8,0,0,82959,663672,248877
Jun-2026,TIGALAPANKAOS PALU,BOWLING SHIRT,BOWLING SHIRT OLIVE M,0,8,0,0,82959,663672,663672
Jul-2026,TIGALAPANKAOS PALU,BOWLING SHIRT,BOWLING SHIRT OLIVE M,0,8,0,0,82959,663672,663672
Agu-2026,TIGALAPANKAOS PALU,BOWLING SHIRT,BOWLING SHIRT OLIVE M,0,8,0,0,82959,663672,663672
Sep-2026,TIGALAPANKAOS PALU,BOWLING SHIRT,BOWLING SHIRT OLIVE M,0,8,0,0,82959,663672,663672
Okt-2026,TIGALAPANKAOS PALU,BOWLING SHIRT,BOWLING SHIRT OLIVE M,0,8,0,0,82959,663672,663672
Feb-2026,TIGALAPANKAOS PALU,BOWLING SHIRT,BOWLING SHIRT OLIVE S,0,3,0,0,82943,248829,0
Mar-2026,TIGALAPANKAOS PALU,BOWLING SHIRT,BOWLING SHIRT OLIVE S,82943,2,0,0,82943,165886,248829
Apr-2026,TIGALAPANKAOS PALU,BOWLING SHIRT,BOWLING SHIRT OLIVE S,0,2,0,0,82943,165886,165886
Mei-2026,TIGALAPANKAOS PALU,BOWLING SHIRT,BOWLING SHIRT OLIVE S,0,2,0,0,82943,165886,165886
Jun-2026,TIGALAPANKAOS PALU,BOWLING SHIRT,BOWLING SHIRT OLIVE S,82943,1,0,0,82943,82943,165886
Jul-2026,TIGALAPANKAOS PALU,BOWLING SHIRT,BOWLING SHIRT OLIVE S,0,1,0,0,82943,82943,82943
Agu-2026,TIGALAPANKAOS PALU,BOWLING SHIRT,BOWLING SHIRT OLIVE S,0,1,0,0,82943,82943,82943
Sep-2026,TIGALAPANKAOS PALU,BOWLING SHIRT,BOWLING SHIRT OLIVE S,0,1,0,0,82943,82943,82943
Okt-2026,TIGALAPANKAOS PALU,BOWLING SHIRT,BOWLING SHIRT OLIVE S,0,1,0,0,82943,82943,82943
Feb-2026,TIGALAPANKAOS PALU,BOWLING SHIRT,BOWLING SHIRT OLIVE XL,0,1,0,0,82943,82943,0
Mar-2026,TIGALAPANKAOS PALU,BOWLING SHIRT,BOWLING SHIRT OLIVE XL,0,1,0,0,82943,82943,82943
Apr-2026,TIGALAPANKAOS PALU,BOWLING SHIRT,BOWLING SHIRT OLIVE XL,0,1,0,0,82943,82943,82943
Mei-2026,TIGALAPANKAOS PALU,BOWLING SHIRT,BOWLING SHIRT OLIVE XL,0,1,0,0,82943,82943,82943
Jun-2026,TIGALAPANKAOS PALU,BOWLING SHIRT,BOWLING SHIRT OLIVE XL,0,1,0,0,82943,82943,82943
Jul-2026,TIGALAPANKAOS PALU,BOWLING SHIRT,BOWLING SHIRT OLIVE XL,82943,0,0,0,82943,0,82943
Feb-2026,TIGALAPANKAOS PALU,BOWLING SHIRT,BOWLING SHIRT SUPER BLACK L,0,3,0,0,82951,248853,0
Mar-2026,TIGALAPANKAOS PALU,BOWLING SHIRT,BOWLING SHIRT SUPER BLACK L,0,3,0,0,82951,248853,248853
Apr-2026,TIGALAPANKAOS PALU,BOWLING SHIRT,BOWLING SHIRT SUPER BLACK L,0,3,0,0,82951,248853,248853
Mei-2026,TIGALAPANKAOS PALU,BOWLING SHIRT,BOWLING SHIRT SUPER BLACK L,0,3,0,0,82951,248853,248853
Jun-2026,TIGALAPANKAOS PALU,BOWLING SHIRT,BOWLING SHIRT SUPER BLACK L,0,3,0,0,82951,248853,248853
Jul-2026,TIGALAPANKAOS PALU,BOWLING SHIRT,BOWLING SHIRT SUPER BLACK L,0,3,0,0,82951,248853,248853
Agu-2026,TIGALAPANKAOS PALU,BOWLING SHIRT,BOWLING SHIRT SUPER BLACK L,0,3,0,0,82951,248853,248853
Sep-2026,TIGALAPANKAOS PALU,BOWLING SHIRT,BOWLING SHIRT SUPER BLACK L,82951,2,0,0,82951,165902,248853
Okt-2026,TIGALAPANKAOS PALU,BOWLING SHIRT,BOWLING SHIRT SUPER BLACK L,0,2,0,0,82951,165902,165902
Apr-2026,TIGALAPANKAOS PALU,BOWLING SHIRT,BOWLING SHIRT SUPER BLACK M,0,3,0,0,82959,248877,0
Mei-2026,TIGALAPANKAOS PALU,BOWLING SHIRT,BOWLING SHIRT SUPER BLACK M,0,8,0,0,82959,663672,248877
Jun-2026,TIGALAPANKAOS PALU,BOWLING SHIRT,BOWLING SHIRT SUPER BLACK M,0,8,0,0,82959,663672,663672
Jul-2026,TIGALAPANKAOS PALU,BOWLING SHIRT,BOWLING SHIRT SUPER BLACK M,0,8,0,0,82959,663672,663672
Agu-2026,TIGALAPANKAOS PALU,BOWLING SHIRT,BOWLING SHIRT SUPER BLACK M,0,8,0,0,82959,663672,663672
Sep-2026,TIGALAPANKAOS PALU,BOWLING SHIRT,BOWLING SHIRT SUPER BLACK M,0,8,0,0,82959,663672,663672
Okt-2026,TIGALAPANKAOS PALU,BOWLING SHIRT,BOWLING SHIRT SUPER BLACK M,0,8,0,0,82959,663672,663672
Feb-2026,TIGALAPANKAOS PALU,BOWLING SHIRT,BOWLING SHIRT SUPER BLACK S,0,3,0,0,82102,246306,0
Mar-2026,TIGALAPANKAOS PALU,BOWLING SHIRT,BOWLING SHIRT SUPER BLACK S,0,3,0,0,82102,246306,246306
Apr-2026,TIGALAPANKAOS PALU,BOWLING SHIRT,BOWLING SHIRT SUPER BLACK S,0,3,0,0,82102,246306,246306
Mei-2026,TIGALAPANKAOS PALU,BOWLING SHIRT,BOWLING SHIRT SUPER BLACK S,0,8,0,0,82102,656816,246306
Jun-2026,TIGALAPANKAOS PALU,BOWLING SHIRT,BOWLING SHIRT SUPER BLACK S,0,8,0,0,82102,656816,656816
Jul-2026,TIGALAPANKAOS PALU,BOWLING SHIRT,BOWLING SHIRT SUPER BLACK S,0,8,0,0,82102,656816,656816
Agu-2026,TIGALAPANKAOS PALU,BOWLING SHIRT,BOWLING SHIRT SUPER BLACK S,0,8,0,0,82102,656816,656816
Sep-2026,TIGALAPANKAOS PALU,BOWLING SHIRT,BOWLING SHIRT SUPER BLACK S,0,8,0,0,82102,656816,656816
Okt-2026,TIGALAPANKAOS PALU,BOWLING SHIRT,BOWLING SHIRT SUPER BLACK S,0,8,0,0,82102,656816,656816
Feb-2026,TIGALAPANKAOS PALU,BOWLING SHIRT,BOWLING SHIRT SUPER BLACK XL,0,2,0,0,82794,165588,0
Mar-2026,TIGALAPANKAOS PALU,BOWLING SHIRT,BOWLING SHIRT SUPER BLACK XL,0,2,0,0,82794,165588,165588
Apr-2026,TIGALAPANKAOS PALU,BOWLING SHIRT,BOWLING SHIRT SUPER BLACK XL,0,2,0,0,82794,165588,165588
Mei-2026,TIGALAPANKAOS PALU,BOWLING SHIRT,BOWLING SHIRT SUPER BLACK XL,0,2,0,0,82794,165588,165588
Jun-2026,TIGALAPANKAOS PALU,BOWLING SHIRT,BOWLING SHIRT SUPER BLACK XL,0,2,0,0,82794,165588,165588
Jul-2026,TIGALAPANKAOS PALU,BOWLING SHIRT,BOWLING SHIRT SUPER BLACK XL,0,2,0,0,82794,165588,165588
Agu-2026,TIGALAPANKAOS PALU,BOWLING SHIRT,BOWLING SHIRT SUPER BLACK XL,0,2,0,0,82794,165588,165588
Sep-2026,TIGALAPANKAOS PALU,BOWLING SHIRT,BOWLING SHIRT SUPER BLACK XL,0,2,0,0,82794,165588,165588
Okt-2026,TIGALAPANKAOS PALU,BOWLING SHIRT,BOWLING SHIRT SUPER BLACK XL,0,2,0,0,82794,165588,165588
Feb-2026,TIGALAPANKAOS POLMAN,BOWLING SHIRT,BOWLING SHIRT DENIM L,0,5,5,0,82943,829430,0
Mar-2026,TIGALAPANKAOS POLMAN,BOWLING SHIRT,BOWLING SHIRT DENIM L,82943,4,0,0,82943,331772,829430
Apr-2026,TIGALAPANKAOS POLMAN,BOWLING SHIRT,BOWLING SHIRT DENIM L,0,4,0,0,82943,331772,331772
Mei-2026,TIGALAPANKAOS POLMAN,BOWLING SHIRT,BOWLING SHIRT DENIM L,0,4,0,0,82943,331772,331772
Jun-2026,TIGALAPANKAOS POLMAN,BOWLING SHIRT,BOWLING SHIRT DENIM L,0,4,0,0,82943,331772,331772
Jul-2026,TIGALAPANKAOS POLMAN,BOWLING SHIRT,BOWLING SHIRT DENIM L,0,4,0,0,82943,331772,331772
Agu-2026,TIGALAPANKAOS POLMAN,BOWLING SHIRT,BOWLING SHIRT DENIM L,0,4,0,0,82943,331772,331772
Sep-2026,TIGALAPANKAOS POLMAN,BOWLING SHIRT,BOWLING SHIRT DENIM L,0,0,0,0,82943,0,331772
Feb-2026,TIGALAPANKAOS POLMAN,BOWLING SHIRT,BOWLING SHIRT DENIM M,0,5,5,0,82943,829430,0
Mar-2026,TIGALAPANKAOS POLMAN,BOWLING SHIRT,BOWLING SHIRT DENIM M,0,5,0,0,82943,414715,829430
Apr-2026,TIGALAPANKAOS POLMAN,BOWLING SHIRT,BOWLING SHIRT DENIM M,0,5,0,0,82943,414715,414715
Mei-2026,TIGALAPANKAOS POLMAN,BOWLING SHIRT,BOWLING SHIRT DENIM M,0,5,0,0,82943,414715,414715
Jun-2026,TIGALAPANKAOS POLMAN,BOWLING SHIRT,BOWLING SHIRT DENIM M,82943,4,0,0,82943,331772,414715
Jul-2026,TIGALAPANKAOS POLMAN,BOWLING SHIRT,BOWLING SHIRT DENIM M,0,4,0,0,82943,331772,331772
Agu-2026,TIGALAPANKAOS POLMAN,BOWLING SHIRT,BOWLING SHIRT DENIM M,0,4,0,0,82943,331772,331772
Sep-2026,TIGALAPANKAOS POLMAN,BOWLING SHIRT,BOWLING SHIRT DENIM M,0,0,0,0,82943,0,331772
Feb-2026,TIGALAPANKAOS POLMAN,BOWLING SHIRT,BOWLING SHIRT DENIM S,0,1,1,0,82943,165886,0
Mar-2026,TIGALAPANKAOS POLMAN,BOWLING SHIRT,BOWLING SHIRT DENIM S,0,1,0,0,82943,82943,165886
Apr-2026,TIGALAPANKAOS POLMAN,BOWLING SHIRT,BOWLING SHIRT DENIM S,0,1,0,0,82943,82943,82943
Mei-2026,TIGALAPANKAOS POLMAN,BOWLING SHIRT,BOWLING SHIRT DENIM S,0,1,0,0,82943,82943,82943
Jun-2026,TIGALAPANKAOS POLMAN,BOWLING SHIRT,BOWLING SHIRT DENIM S,0,1,0,0,82943,82943,82943
Jul-2026,TIGALAPANKAOS POLMAN,BOWLING SHIRT,BOWLING SHIRT DENIM S,0,1,0,0,82943,82943,82943
Agu-2026,TIGALAPANKAOS POLMAN,BOWLING SHIRT,BOWLING SHIRT DENIM S,0,1,0,0,82943,82943,82943
Sep-2026,TIGALAPANKAOS POLMAN,BOWLING SHIRT,BOWLING SHIRT DENIM S,0,0,0,0,82943,0,82943
Feb-2026,TIGALAPANKAOS POLMAN,BOWLING SHIRT,BOWLING SHIRT DENIM XL,0,2,2,0,82943,331772,0
Mar-2026,TIGALAPANKAOS POLMAN,BOWLING SHIRT,BOWLING SHIRT DENIM XL,0,2,0,0,82943,165886,331772
Apr-2026,TIGALAPANKAOS POLMAN,BOWLING SHIRT,BOWLING SHIRT DENIM XL,0,2,0,0,82943,165886,165886
Mei-2026,TIGALAPANKAOS POLMAN,BOWLING SHIRT,BOWLING SHIRT DENIM XL,0,2,0,0,82943,165886,165886
Jun-2026,TIGALAPANKAOS POLMAN,BOWLING SHIRT,BOWLING SHIRT DENIM XL,0,2,0,0,82943,165886,165886
Jul-2026,TIGALAPANKAOS POLMAN,BOWLING SHIRT,BOWLING SHIRT DENIM XL,0,2,0,0,82943,165886,165886
Agu-2026,TIGALAPANKAOS POLMAN,BOWLING SHIRT,BOWLING SHIRT DENIM XL,0,2,0,0,82943,165886,165886
Sep-2026,TIGALAPANKAOS POLMAN,BOWLING SHIRT,BOWLING SHIRT DENIM XL,0,0,0,0,82943,0,165886
Feb-2026,TIGALAPANKAOS POLMAN,BOWLING SHIRT,BOWLING SHIRT KHAKI L,0,3,3,0,82959,497754,0
Mar-2026,TIGALAPANKAOS POLMAN,BOWLING SHIRT,BOWLING SHIRT KHAKI L,82959,2,0,0,82959,165918,497754
Apr-2026,TIGALAPANKAOS POLMAN,BOWLING SHIRT,BOWLING SHIRT KHAKI L,0,2,0,0,82959,165918,165918
Mei-2026,TIGALAPANKAOS POLMAN,BOWLING SHIRT,BOWLING SHIRT KHAKI L,0,2,0,0,82959,165918,165918
Jun-2026,TIGALAPANKAOS POLMAN,BOWLING SHIRT,BOWLING SHIRT KHAKI L,0,2,0,0,82959,165918,165918
Jul-2026,TIGALAPANKAOS POLMAN,BOWLING SHIRT,BOWLING SHIRT KHAKI L,0,2,0,0,82959,165918,165918
Agu-2026,TIGALAPANKAOS POLMAN,BOWLING SHIRT,BOWLING SHIRT KHAKI L,0,2,0,0,82959,165918,165918
Sep-2026,TIGALAPANKAOS POLMAN,BOWLING SHIRT,BOWLING SHIRT KHAKI L,0,0,0,0,82959,0,165918
Feb-2026,TIGALAPANKAOS POLMAN,BOWLING SHIRT,BOWLING SHIRT KHAKI M,0,3,3,0,82959,497754,0
Mar-2026,TIGALAPANKAOS POLMAN,BOWLING SHIRT,BOWLING SHIRT KHAKI M,82959,2,0,0,82959,165918,497754
Apr-2026,TIGALAPANKAOS POLMAN,BOWLING SHIRT,BOWLING SHIRT KHAKI M,0,2,0,0,82959,165918,165918
Mei-2026,TIGALAPANKAOS POLMAN,BOWLING SHIRT,BOWLING SHIRT KHAKI M,0,2,0,0,82959,165918,165918
Jun-2026,TIGALAPANKAOS POLMAN,BOWLING SHIRT,BOWLING SHIRT KHAKI M,0,2,0,0,82959,165918,165918
Jul-2026,TIGALAPANKAOS POLMAN,BOWLING SHIRT,BOWLING SHIRT KHAKI M,0,2,0,0,82959,165918,165918
Agu-2026,TIGALAPANKAOS POLMAN,BOWLING SHIRT,BOWLING SHIRT KHAKI M,0,2,0,0,82959,165918,165918
Sep-2026,TIGALAPANKAOS POLMAN,BOWLING SHIRT,BOWLING SHIRT KHAKI M,0,0,0,0,82959,0,165918
Feb-2026,TIGALAPANKAOS POLMAN,BOWLING SHIRT,BOWLING SHIRT KHAKI S,0,2,2,0,79959,319836,0
Mar-2026,TIGALAPANKAOS POLMAN,BOWLING SHIRT,BOWLING SHIRT KHAKI S,0,2,0,0,79959,159918,319836
Apr-2026,TIGALAPANKAOS POLMAN,BOWLING SHIRT,BOWLING SHIRT KHAKI S,0,2,0,0,79959,159918,159918
Mei-2026,TIGALAPANKAOS POLMAN,BOWLING SHIRT,BOWLING SHIRT KHAKI S,79959,1,0,0,79959,79959,159918
Jun-2026,TIGALAPANKAOS POLMAN,BOWLING SHIRT,BOWLING SHIRT KHAKI S,0,1,0,0,79959,79959,79959
Jul-2026,TIGALAPANKAOS POLMAN,BOWLING SHIRT,BOWLING SHIRT KHAKI S,0,1,0,0,79959,79959,79959
Agu-2026,TIGALAPANKAOS POLMAN,BOWLING SHIRT,BOWLING SHIRT KHAKI S,0,1,0,0,79959,79959,79959
Sep-2026,TIGALAPANKAOS POLMAN,BOWLING SHIRT,BOWLING SHIRT KHAKI S,0,0,0,0,79959,0,79959
Feb-2026,TIGALAPANKAOS POLMAN,BOWLING SHIRT,BOWLING SHIRT KHAKI XL,0,1,1,0,79959,159918,0
Mar-2026,TIGALAPANKAOS POLMAN,BOWLING SHIRT,BOWLING SHIRT KHAKI XL,0,1,0,0,79959,79959,159918
Apr-2026,TIGALAPANKAOS POLMAN,BOWLING SHIRT,BOWLING SHIRT KHAKI XL,0,1,0,0,79959,79959,79959
Mei-2026,TIGALAPANKAOS POLMAN,BOWLING SHIRT,BOWLING SHIRT KHAKI XL,0,1,0,0,79959,79959,79959
Jun-2026,TIGALAPANKAOS POLMAN,BOWLING SHIRT,BOWLING SHIRT KHAKI XL,0,1,0,0,79959,79959,79959
Jul-2026,TIGALAPANKAOS POLMAN,BOWLING SHIRT,BOWLING SHIRT KHAKI XL,0,1,0,0,79959,79959,79959
Agu-2026,TIGALAPANKAOS POLMAN,BOWLING SHIRT,BOWLING SHIRT KHAKI XL,0,1,0,0,79959,79959,79959
Sep-2026,TIGALAPANKAOS POLMAN,BOWLING SHIRT,BOWLING SHIRT KHAKI XL,0,0,0,0,79959,0,79959
Feb-2026,TIGALAPANKAOS POLMAN,BOWLING SHIRT,BOWLING SHIRT OLIVE L,0,3,3,0,82959,497754,0
Mar-2026,TIGALAPANKAOS POLMAN,BOWLING SHIRT,BOWLING SHIRT OLIVE L,0,3,0,0,82959,248877,497754
Apr-2026,TIGALAPANKAOS POLMAN,BOWLING SHIRT,BOWLING SHIRT OLIVE L,0,3,0,0,82959,248877,248877
Mei-2026,TIGALAPANKAOS POLMAN,BOWLING SHIRT,BOWLING SHIRT OLIVE L,0,3,0,0,82959,248877,248877
Jun-2026,TIGALAPANKAOS POLMAN,BOWLING SHIRT,BOWLING SHIRT OLIVE L,0,3,0,0,82959,248877,248877
Jul-2026,TIGALAPANKAOS POLMAN,BOWLING SHIRT,BOWLING SHIRT OLIVE L,0,3,0,0,82959,248877,248877
Agu-2026,TIGALAPANKAOS POLMAN,BOWLING SHIRT,BOWLING SHIRT OLIVE L,0,3,0,0,82959,248877,248877
Sep-2026,TIGALAPANKAOS POLMAN,BOWLING SHIRT,BOWLING SHIRT OLIVE L,0,0,0,0,82959,0,248877
Feb-2026,TIGALAPANKAOS POLMAN,BOWLING SHIRT,BOWLING SHIRT OLIVE M,0,3,3,0,82959,497754,0
Mar-2026,TIGALAPANKAOS POLMAN,BOWLING SHIRT,BOWLING SHIRT OLIVE M,0,3,0,0,82959,248877,497754
Apr-2026,TIGALAPANKAOS POLMAN,BOWLING SHIRT,BOWLING SHIRT OLIVE M,0,3,0,0,82959,248877,248877
Mei-2026,TIGALAPANKAOS POLMAN,BOWLING SHIRT,BOWLING SHIRT OLIVE M,0,3,0,0,82959,248877,248877
Jun-2026,TIGALAPANKAOS POLMAN,BOWLING SHIRT,BOWLING SHIRT OLIVE M,0,3,0,0,82959,248877,248877
Jul-2026,TIGALAPANKAOS POLMAN,BOWLING SHIRT,BOWLING SHIRT OLIVE M,0,3,0,0,82959,248877,248877
Agu-2026,TIGALAPANKAOS POLMAN,BOWLING SHIRT,BOWLING SHIRT OLIVE M,0,3,0,0,82959,248877,248877
Sep-2026,TIGALAPANKAOS POLMAN,BOWLING SHIRT,BOWLING SHIRT OLIVE M,0,0,0,0,82959,0,248877
Feb-2026,TIGALAPANKAOS POLMAN,BOWLING SHIRT,BOWLING SHIRT OLIVE S,0,1,1,0,82943,165886,0
Mar-2026,TIGALAPANKAOS POLMAN,BOWLING SHIRT,BOWLING SHIRT OLIVE S,0,1,0,0,82943,82943,165886
Apr-2026,TIGALAPANKAOS POLMAN,BOWLING SHIRT,BOWLING SHIRT OLIVE S,0,1,0,0,82943,82943,82943
Mei-2026,TIGALAPANKAOS POLMAN,BOWLING SHIRT,BOWLING SHIRT OLIVE S,0,1,0,0,82943,82943,82943
Jun-2026,TIGALAPANKAOS POLMAN,BOWLING SHIRT,BOWLING SHIRT OLIVE S,0,1,0,0,82943,82943,82943
Jul-2026,TIGALAPANKAOS POLMAN,BOWLING SHIRT,BOWLING SHIRT OLIVE S,0,1,0,0,82943,82943,82943
Agu-2026,TIGALAPANKAOS POLMAN,BOWLING SHIRT,BOWLING SHIRT OLIVE S,0,1,0,0,82943,82943,82943
Sep-2026,TIGALAPANKAOS POLMAN,BOWLING SHIRT,BOWLING SHIRT OLIVE S,0,0,0,0,82943,0,82943
Feb-2026,TIGALAPANKAOS POLMAN,BOWLING SHIRT,BOWLING SHIRT OLIVE XL,0,1,1,0,82943,165886,0
Mar-2026,TIGALAPANKAOS POLMAN,BOWLING SHIRT,BOWLING SHIRT OLIVE XL,0,1,0,0,82943,82943,165886
Apr-2026,TIGALAPANKAOS POLMAN,BOWLING SHIRT,BOWLING SHIRT OLIVE XL,0,1,0,0,82943,82943,82943
Mei-2026,TIGALAPANKAOS POLMAN,BOWLING SHIRT,BOWLING SHIRT OLIVE XL,0,1,0,0,82943,82943,82943
Jun-2026,TIGALAPANKAOS POLMAN,BOWLING SHIRT,BOWLING SHIRT OLIVE XL,0,1,0,0,82943,82943,82943
Jul-2026,TIGALAPANKAOS POLMAN,BOWLING SHIRT,BOWLING SHIRT OLIVE XL,0,1,0,0,82943,82943,82943
Agu-2026,TIGALAPANKAOS POLMAN,BOWLING SHIRT,BOWLING SHIRT OLIVE XL,0,1,0,0,82943,82943,82943
Sep-2026,TIGALAPANKAOS POLMAN,BOWLING SHIRT,BOWLING SHIRT OLIVE XL,0,0,0,0,82943,0,82943
Feb-2026,TIGALAPANKAOS POLMAN,BOWLING SHIRT,BOWLING SHIRT SUPER BLACK L,0,2,2,0,82951,331804,0
Mar-2026,TIGALAPANKAOS POLMAN,BOWLING SHIRT,BOWLING SHIRT SUPER BLACK L,0,2,0,0,82951,165902,331804
Apr-2026,TIGALAPANKAOS POLMAN,BOWLING SHIRT,BOWLING SHIRT SUPER BLACK L,0,2,0,0,82951,165902,165902
Mei-2026,TIGALAPANKAOS POLMAN,BOWLING SHIRT,BOWLING SHIRT SUPER BLACK L,0,2,0,0,82951,165902,165902
Jun-2026,TIGALAPANKAOS POLMAN,BOWLING SHIRT,BOWLING SHIRT SUPER BLACK L,0,2,0,0,82951,165902,165902
Jul-2026,TIGALAPANKAOS POLMAN,BOWLING SHIRT,BOWLING SHIRT SUPER BLACK L,0,2,0,0,82951,165902,165902
Agu-2026,TIGALAPANKAOS POLMAN,BOWLING SHIRT,BOWLING SHIRT SUPER BLACK L,0,2,0,0,82951,165902,165902
Sep-2026,TIGALAPANKAOS POLMAN,BOWLING SHIRT,BOWLING SHIRT SUPER BLACK L,0,0,0,0,82951,0,165902
Feb-2026,TIGALAPANKAOS POLMAN,BOWLING SHIRT,BOWLING SHIRT SUPER BLACK S,0,2,2,0,82102,328408,0
Mar-2026,TIGALAPANKAOS POLMAN,BOWLING SHIRT,BOWLING SHIRT SUPER BLACK S,0,2,0,0,82102,164204,328408
Apr-2026,TIGALAPANKAOS POLMAN,BOWLING SHIRT,BOWLING SHIRT SUPER BLACK S,0,2,0,0,82102,164204,164204
Mei-2026,TIGALAPANKAOS POLMAN,BOWLING SHIRT,BOWLING SHIRT SUPER BLACK S,0,2,0,0,82102,164204,164204
Jun-2026,TIGALAPANKAOS POLMAN,BOWLING SHIRT,BOWLING SHIRT SUPER BLACK S,0,2,0,0,82102,164204,164204
Jul-2026,TIGALAPANKAOS POLMAN,BOWLING SHIRT,BOWLING SHIRT SUPER BLACK S,0,2,0,0,82102,164204,164204
Agu-2026,TIGALAPANKAOS POLMAN,BOWLING SHIRT,BOWLING SHIRT SUPER BLACK S,0,2,0,0,82102,164204,164204
Sep-2026,TIGALAPANKAOS POLMAN,BOWLING SHIRT,BOWLING SHIRT SUPER BLACK S,0,0,0,0,82102,0,164204
Feb-2026,TIGALAPANKAOS POLMAN,BOWLING SHIRT,BOWLING SHIRT SUPER BLACK XL,0,5,5,0,82794,827940,0
Mar-2026,TIGALAPANKAOS POLMAN,BOWLING SHIRT,BOWLING SHIRT SUPER BLACK XL,0,5,0,0,82794,413970,827940
Apr-2026,TIGALAPANKAOS POLMAN,BOWLING SHIRT,BOWLING SHIRT SUPER BLACK XL,0,5,0,0,82794,413970,413970
Mei-2026,TIGALAPANKAOS POLMAN,BOWLING SHIRT,BOWLING SHIRT SUPER BLACK XL,0,5,0,0,82794,413970,413970
Jun-2026,TIGALAPANKAOS POLMAN,BOWLING SHIRT,BOWLING SHIRT SUPER BLACK XL,0,5,0,0,82794,413970,413970
Jul-2026,TIGALAPANKAOS POLMAN,BOWLING SHIRT,BOWLING SHIRT SUPER BLACK XL,0,5,0,0,82794,413970,413970
Agu-2026,TIGALAPANKAOS POLMAN,BOWLING SHIRT,BOWLING SHIRT SUPER BLACK XL,0,5,0,0,82794,413970,413970
Sep-2026,TIGALAPANKAOS POLMAN,BOWLING SHIRT,BOWLING SHIRT SUPER BLACK XL,0,0,0,0,82794,0,413970
Feb-2026,TIGALAPANKAOS SAMARINDA,BOWLING SHIRT,BOWLING SHIRT DENIM L,0,0,3,0,82943,248829,0
Mar-2026,TIGALAPANKAOS SAMARINDA,BOWLING SHIRT,BOWLING SHIRT DENIM L,0,3,0,0,82943,248829,248829
Apr-2026,TIGALAPANKAOS SAMARINDA,BOWLING SHIRT,BOWLING SHIRT DENIM L,0,3,0,0,82943,248829,248829
Mei-2026,TIGALAPANKAOS SAMARINDA,BOWLING SHIRT,BOWLING SHIRT DENIM L,0,3,0,0,82943,248829,248829
Jun-2026,TIGALAPANKAOS SAMARINDA,BOWLING SHIRT,BOWLING SHIRT DENIM L,0,3,0,0,82943,248829,248829
Jul-2026,TIGALAPANKAOS SAMARINDA,BOWLING SHIRT,BOWLING SHIRT DENIM L,0,3,0,0,82943,248829,248829
Agu-2026,TIGALAPANKAOS SAMARINDA,BOWLING SHIRT,BOWLING SHIRT DENIM L,0,3,0,0,82943,248829,248829
Sep-2026,TIGALAPANKAOS SAMARINDA,BOWLING SHIRT,BOWLING SHIRT DENIM L,0,3,0,0,82943,248829,248829
Okt-2026,TIGALAPANKAOS SAMARINDA,BOWLING SHIRT,BOWLING SHIRT DENIM L,0,3,0,0,82943,248829,248829
Feb-2026,TIGALAPANKAOS SAMARINDA,BOWLING SHIRT,BOWLING SHIRT DENIM M,0,0,3,0,82943,248829,0
Mar-2026,TIGALAPANKAOS SAMARINDA,BOWLING SHIRT,BOWLING SHIRT DENIM M,0,3,0,0,82943,248829,248829
Apr-2026,TIGALAPANKAOS SAMARINDA,BOWLING SHIRT,BOWLING SHIRT DENIM M,0,3,7,0,82943,829430,248829
Mei-2026,TIGALAPANKAOS SAMARINDA,BOWLING SHIRT,BOWLING SHIRT DENIM M,0,10,0,0,82943,829430,829430
Jun-2026,TIGALAPANKAOS SAMARINDA,BOWLING SHIRT,BOWLING SHIRT DENIM M,0,10,0,0,82943,829430,829430
Jul-2026,TIGALAPANKAOS SAMARINDA,BOWLING SHIRT,BOWLING SHIRT DENIM M,0,10,0,0,82943,829430,829430
Agu-2026,TIGALAPANKAOS SAMARINDA,BOWLING SHIRT,BOWLING SHIRT DENIM M,0,10,0,0,82943,829430,829430
Sep-2026,TIGALAPANKAOS SAMARINDA,BOWLING SHIRT,BOWLING SHIRT DENIM M,0,10,0,0,82943,829430,829430
Okt-2026,TIGALAPANKAOS SAMARINDA,BOWLING SHIRT,BOWLING SHIRT DENIM M,0,10,0,0,82943,829430,829430
Feb-2026,TIGALAPANKAOS SAMARINDA,BOWLING SHIRT,BOWLING SHIRT DENIM S,0,0,3,0,82943,248829,0
Mar-2026,TIGALAPANKAOS SAMARINDA,BOWLING SHIRT,BOWLING SHIRT DENIM S,0,3,0,0,82943,248829,248829
Apr-2026,TIGALAPANKAOS SAMARINDA,BOWLING SHIRT,BOWLING SHIRT DENIM S,0,3,4,0,82943,580601,248829
Mei-2026,TIGALAPANKAOS SAMARINDA,BOWLING SHIRT,BOWLING SHIRT DENIM S,0,7,0,0,82943,580601,580601
Jun-2026,TIGALAPANKAOS SAMARINDA,BOWLING SHIRT,BOWLING SHIRT DENIM S,0,7,0,0,82943,580601,580601
Jul-2026,TIGALAPANKAOS SAMARINDA,BOWLING SHIRT,BOWLING SHIRT DENIM S,0,7,0,0,82943,580601,580601
Agu-2026,TIGALAPANKAOS SAMARINDA,BOWLING SHIRT,BOWLING SHIRT DENIM S,0,7,0,0,82943,580601,580601
Sep-2026,TIGALAPANKAOS SAMARINDA,BOWLING SHIRT,BOWLING SHIRT DENIM S,0,7,0,0,82943,580601,580601
Okt-2026,TIGALAPANKAOS SAMARINDA,BOWLING SHIRT,BOWLING SHIRT DENIM S,0,7,0,0,82943,580601,580601
Feb-2026,TIGALAPANKAOS SAMARINDA,BOWLING SHIRT,BOWLING SHIRT KHAKI L,0,0,5,0,82959,414795,0
Mar-2026,TIGALAPANKAOS SAMARINDA,BOWLING SHIRT,BOWLING SHIRT KHAKI L,0,5,0,0,82959,414795,414795
Apr-2026,TIGALAPANKAOS SAMARINDA,BOWLING SHIRT,BOWLING SHIRT KHAKI L,0,5,0,0,82959,414795,414795
Mei-2026,TIGALAPANKAOS SAMARINDA,BOWLING SHIRT,BOWLING SHIRT KHAKI L,0,5,0,0,82959,414795,414795
Jun-2026,TIGALAPANKAOS SAMARINDA,BOWLING SHIRT,BOWLING SHIRT KHAKI L,0,5,0,0,82959,414795,414795
Jul-2026,TIGALAPANKAOS SAMARINDA,BOWLING SHIRT,BOWLING SHIRT KHAKI L,0,5,0,0,82959,414795,414795
Agu-2026,TIGALAPANKAOS SAMARINDA,BOWLING SHIRT,BOWLING SHIRT KHAKI L,82959,4,0,0,82959,331836,414795
Sep-2026,TIGALAPANKAOS SAMARINDA,BOWLING SHIRT,BOWLING SHIRT KHAKI L,0,4,0,0,82959,331836,331836
Okt-2026,TIGALAPANKAOS SAMARINDA,BOWLING SHIRT,BOWLING SHIRT KHAKI L,0,4,0,0,82959,331836,331836
Feb-2026,TIGALAPANKAOS SAMARINDA,BOWLING SHIRT,BOWLING SHIRT KHAKI M,0,0,3,0,82959,248877,0
Mar-2026,TIGALAPANKAOS SAMARINDA,BOWLING SHIRT,BOWLING SHIRT KHAKI M,0,3,0,0,82959,248877,248877
Apr-2026,TIGALAPANKAOS SAMARINDA,BOWLING SHIRT,BOWLING SHIRT KHAKI M,0,3,5,0,82959,663672,248877
Mei-2026,TIGALAPANKAOS SAMARINDA,BOWLING SHIRT,BOWLING SHIRT KHAKI M,0,8,0,0,82959,663672,663672
Jun-2026,TIGALAPANKAOS SAMARINDA,BOWLING SHIRT,BOWLING SHIRT KHAKI M,0,8,0,0,82959,663672,663672
Jul-2026,TIGALAPANKAOS SAMARINDA,BOWLING SHIRT,BOWLING SHIRT KHAKI M,0,8,0,0,82959,663672,663672
Agu-2026,TIGALAPANKAOS SAMARINDA,BOWLING SHIRT,BOWLING SHIRT KHAKI M,82959,8,0,0,82959,663672,663672
Sep-2026,TIGALAPANKAOS SAMARINDA,BOWLING SHIRT,BOWLING SHIRT KHAKI M,0,7,0,0,82959,580713,663672
Okt-2026,TIGALAPANKAOS SAMARINDA,BOWLING SHIRT,BOWLING SHIRT KHAKI M,0,7,0,0,82959,580713,580713
Feb-2026,TIGALAPANKAOS SAMARINDA,BOWLING SHIRT,BOWLING SHIRT KHAKI S,0,0,3,0,79959,239877,0
Mar-2026,TIGALAPANKAOS SAMARINDA,BOWLING SHIRT,BOWLING SHIRT KHAKI S,0,3,0,0,79959,239877,239877
Apr-2026,TIGALAPANKAOS SAMARINDA,BOWLING SHIRT,BOWLING SHIRT KHAKI S,79959,2,5,0,79959,559713,239877
Mei-2026,TIGALAPANKAOS SAMARINDA,BOWLING SHIRT,BOWLING SHIRT KHAKI S,79959,6,0,0,79959,479754,559713
Jun-2026,TIGALAPANKAOS SAMARINDA,BOWLING SHIRT,BOWLING SHIRT KHAKI S,0,6,0,0,79959,479754,479754
Jul-2026,TIGALAPANKAOS SAMARINDA,BOWLING SHIRT,BOWLING SHIRT KHAKI S,0,6,0,0,79959,479754,479754
Agu-2026,TIGALAPANKAOS SAMARINDA,BOWLING SHIRT,BOWLING SHIRT KHAKI S,0,6,0,0,79959,479754,479754
Sep-2026,TIGALAPANKAOS SAMARINDA,BOWLING SHIRT,BOWLING SHIRT KHAKI S,0,6,0,0,79959,479754,479754
Okt-2026,TIGALAPANKAOS SAMARINDA,BOWLING SHIRT,BOWLING SHIRT KHAKI S,0,6,0,0,79959,479754,479754
Feb-2026,TIGALAPANKAOS SAMARINDA,BOWLING SHIRT,BOWLING SHIRT KHAKI XL,0,0,2,0,79959,159918,0
Mar-2026,TIGALAPANKAOS SAMARINDA,BOWLING SHIRT,BOWLING SHIRT KHAKI XL,0,2,0,0,79959,159918,159918
Apr-2026,TIGALAPANKAOS SAMARINDA,BOWLING SHIRT,BOWLING SHIRT KHAKI XL,0,2,0,0,79959,159918,159918
Mei-2026,TIGALAPANKAOS SAMARINDA,BOWLING SHIRT,BOWLING SHIRT KHAKI XL,0,2,0,0,79959,159918,159918
Jun-2026,TIGALAPANKAOS SAMARINDA,BOWLING SHIRT,BOWLING SHIRT KHAKI XL,0,2,0,0,79959,159918,159918
Jul-2026,TIGALAPANKAOS SAMARINDA,BOWLING SHIRT,BOWLING SHIRT KHAKI XL,0,2,0,0,79959,159918,159918
Agu-2026,TIGALAPANKAOS SAMARINDA,BOWLING SHIRT,BOWLING SHIRT KHAKI XL,0,2,0,0,79959,159918,159918
Sep-2026,TIGALAPANKAOS SAMARINDA,BOWLING SHIRT,BOWLING SHIRT KHAKI XL,0,2,0,0,79959,159918,159918
Okt-2026,TIGALAPANKAOS SAMARINDA,BOWLING SHIRT,BOWLING SHIRT KHAKI XL,0,2,0,0,79959,159918,159918
Feb-2026,TIGALAPANKAOS SAMARINDA,BOWLING SHIRT,BOWLING SHIRT OLIVE L,0,0,3,0,82959,248877,0
Mar-2026,TIGALAPANKAOS SAMARINDA,BOWLING SHIRT,BOWLING SHIRT OLIVE L,0,3,0,0,82959,248877,248877
Apr-2026,TIGALAPANKAOS SAMARINDA,BOWLING SHIRT,BOWLING SHIRT OLIVE L,0,3,1,0,82959,331836,248877
Mei-2026,TIGALAPANKAOS SAMARINDA,BOWLING SHIRT,BOWLING SHIRT OLIVE L,0,4,0,0,82959,331836,331836
Jun-2026,TIGALAPANKAOS SAMARINDA,BOWLING SHIRT,BOWLING SHIRT OLIVE L,0,4,0,0,82959,331836,331836
Jul-2026,TIGALAPANKAOS SAMARINDA,BOWLING SHIRT,BOWLING SHIRT OLIVE L,0,4,0,0,82959,331836,331836
Agu-2026,TIGALAPANKAOS SAMARINDA,BOWLING SHIRT,BOWLING SHIRT OLIVE L,0,4,0,0,82959,331836,331836
Sep-2026,TIGALAPANKAOS SAMARINDA,BOWLING SHIRT,BOWLING SHIRT OLIVE L,0,4,0,0,82959,331836,331836
Okt-2026,TIGALAPANKAOS SAMARINDA,BOWLING SHIRT,BOWLING SHIRT OLIVE L,0,4,0,0,82959,331836,331836
Feb-2026,TIGALAPANKAOS SAMARINDA,BOWLING SHIRT,BOWLING SHIRT OLIVE M,0,0,3,0,82959,248877,0
Mar-2026,TIGALAPANKAOS SAMARINDA,BOWLING SHIRT,BOWLING SHIRT OLIVE M,0,3,0,0,82959,248877,248877
Apr-2026,TIGALAPANKAOS SAMARINDA,BOWLING SHIRT,BOWLING SHIRT OLIVE M,0,3,7,0,82959,829590,248877
Mei-2026,TIGALAPANKAOS SAMARINDA,BOWLING SHIRT,BOWLING SHIRT OLIVE M,0,10,0,0,82959,829590,829590
Jun-2026,TIGALAPANKAOS SAMARINDA,BOWLING SHIRT,BOWLING SHIRT OLIVE M,0,10,0,0,82959,829590,829590
Jul-2026,TIGALAPANKAOS SAMARINDA,BOWLING SHIRT,BOWLING SHIRT OLIVE M,82959,9,0,0,82959,746631,829590
Agu-2026,TIGALAPANKAOS SAMARINDA,BOWLING SHIRT,BOWLING SHIRT OLIVE M,0,9,0,0,82959,746631,746631
Sep-2026,TIGALAPANKAOS SAMARINDA,BOWLING SHIRT,BOWLING SHIRT OLIVE M,0,9,0,0,82959,746631,746631
Okt-2026,TIGALAPANKAOS SAMARINDA,BOWLING SHIRT,BOWLING SHIRT OLIVE M,0,9,0,0,82959,746631,746631
Feb-2026,TIGALAPANKAOS SAMARINDA,BOWLING SHIRT,BOWLING SHIRT OLIVE S,0,0,2,0,82943,165886,0
Mar-2026,TIGALAPANKAOS SAMARINDA,BOWLING SHIRT,BOWLING SHIRT OLIVE S,0,2,0,0,82943,165886,165886
Apr-2026,TIGALAPANKAOS SAMARINDA,BOWLING SHIRT,BOWLING SHIRT OLIVE S,0,2,5,0,82943,580601,165886
Mei-2026,TIGALAPANKAOS SAMARINDA,BOWLING SHIRT,BOWLING SHIRT OLIVE S,82943,6,0,0,82943,497658,580601
Jun-2026,TIGALAPANKAOS SAMARINDA,BOWLING SHIRT,BOWLING SHIRT OLIVE S,0,6,0,0,82943,497658,497658
Jul-2026,TIGALAPANKAOS SAMARINDA,BOWLING SHIRT,BOWLING SHIRT OLIVE S,0,6,0,0,82943,497658,497658
Agu-2026,TIGALAPANKAOS SAMARINDA,BOWLING SHIRT,BOWLING SHIRT OLIVE S,82943,5,0,0,82943,414715,497658
Sep-2026,TIGALAPANKAOS SAMARINDA,BOWLING SHIRT,BOWLING SHIRT OLIVE S,0,5,0,0,82943,414715,414715
Okt-2026,TIGALAPANKAOS SAMARINDA,BOWLING SHIRT,BOWLING SHIRT OLIVE S,0,5,0,0,82943,414715,414715
Feb-2026,TIGALAPANKAOS SAMARINDA,BOWLING SHIRT,BOWLING SHIRT SUPER BLACK L,0,0,2,0,82951,165902,0
Mar-2026,TIGALAPANKAOS SAMARINDA,BOWLING SHIRT,BOWLING SHIRT SUPER BLACK L,0,2,0,0,82951,165902,165902
Apr-2026,TIGALAPANKAOS SAMARINDA,BOWLING SHIRT,BOWLING SHIRT SUPER BLACK L,82951,1,15,0,82951,1327216,165902
Mei-2026,TIGALAPANKAOS SAMARINDA,BOWLING SHIRT,BOWLING SHIRT SUPER BLACK L,0,16,0,0,82951,1327216,1327216
Jun-2026,TIGALAPANKAOS SAMARINDA,BOWLING SHIRT,BOWLING SHIRT SUPER BLACK L,0,16,0,0,82951,1327216,1327216
Jul-2026,TIGALAPANKAOS SAMARINDA,BOWLING SHIRT,BOWLING SHIRT SUPER BLACK L,165902,14,0,0,82951,1161314,1327216
Agu-2026,TIGALAPANKAOS SAMARINDA,BOWLING SHIRT,BOWLING SHIRT SUPER BLACK L,0,14,0,0,82951,1161314,1161314
Sep-2026,TIGALAPANKAOS SAMARINDA,BOWLING SHIRT,BOWLING SHIRT SUPER BLACK L,0,14,0,0,82951,1161314,1161314
Okt-2026,TIGALAPANKAOS SAMARINDA,BOWLING SHIRT,BOWLING SHIRT SUPER BLACK L,0,14,0,0,82951,1161314,1161314
Apr-2026,TIGALAPANKAOS SAMARINDA,BOWLING SHIRT,BOWLING SHIRT SUPER BLACK M,0,0,10,0,82959,829590,0
Mei-2026,TIGALAPANKAOS SAMARINDA,BOWLING SHIRT,BOWLING SHIRT SUPER BLACK M,0,10,0,0,82959,829590,829590
Jun-2026,TIGALAPANKAOS SAMARINDA,BOWLING SHIRT,BOWLING SHIRT SUPER BLACK M,0,10,0,0,82959,829590,829590
Jul-2026,TIGALAPANKAOS SAMARINDA,BOWLING SHIRT,BOWLING SHIRT SUPER BLACK M,0,10,0,0,82959,829590,829590
Agu-2026,TIGALAPANKAOS SAMARINDA,BOWLING SHIRT,BOWLING SHIRT SUPER BLACK M,82959,9,0,0,82959,746631,829590
Sep-2026,TIGALAPANKAOS SAMARINDA,BOWLING SHIRT,BOWLING SHIRT SUPER BLACK M,0,9,0,0,82959,746631,746631
Okt-2026,TIGALAPANKAOS SAMARINDA,BOWLING SHIRT,BOWLING SHIRT SUPER BLACK M,0,9,0,0,82959,746631,746631
Feb-2026,TIGALAPANKAOS SAMARINDA,BOWLING SHIRT,BOWLING SHIRT SUPER BLACK S,0,0,3,0,82102,246306,0
Mar-2026,TIGALAPANKAOS SAMARINDA,BOWLING SHIRT,BOWLING SHIRT SUPER BLACK S,0,3,0,0,82102,246306,246306
Apr-2026,TIGALAPANKAOS SAMARINDA,BOWLING SHIRT,BOWLING SHIRT SUPER BLACK S,0,3,15,0,82102,1477836,246306
Mei-2026,TIGALAPANKAOS SAMARINDA,BOWLING SHIRT,BOWLING SHIRT SUPER BLACK S,82102,17,0,0,82102,1395734,1477836
Jun-2026,TIGALAPANKAOS SAMARINDA,BOWLING SHIRT,BOWLING SHIRT SUPER BLACK S,0,17,0,0,82102,1395734,1395734
Jul-2026,TIGALAPANKAOS SAMARINDA,BOWLING SHIRT,BOWLING SHIRT SUPER BLACK S,0,17,0,0,82102,1395734,1395734
Agu-2026,TIGALAPANKAOS SAMARINDA,BOWLING SHIRT,BOWLING SHIRT SUPER BLACK S,82102,17,0,0,82102,1395734,1395734
Sep-2026,TIGALAPANKAOS SAMARINDA,BOWLING SHIRT,BOWLING SHIRT SUPER BLACK S,0,16,0,0,82102,1313632,1395734
Okt-2026,TIGALAPANKAOS SAMARINDA,BOWLING SHIRT,BOWLING SHIRT SUPER BLACK S,0,16,0,0,82102,1313632,1313632
Feb-2026,TIGALAPANKAOS SAMARINDA,BOWLING SHIRT,BOWLING SHIRT SUPER BLACK XL,0,0,2,0,82794,165588,0
Mar-2026,TIGALAPANKAOS SAMARINDA,BOWLING SHIRT,BOWLING SHIRT SUPER BLACK XL,0,2,0,0,82794,165588,165588
Apr-2026,TIGALAPANKAOS SAMARINDA,BOWLING SHIRT,BOWLING SHIRT SUPER BLACK XL,0,2,9,0,82794,910734,165588
Mei-2026,TIGALAPANKAOS SAMARINDA,BOWLING SHIRT,BOWLING SHIRT SUPER BLACK XL,248592,8,0,0,82794,662352,910734
Jun-2026,TIGALAPANKAOS SAMARINDA,BOWLING SHIRT,BOWLING SHIRT SUPER BLACK XL,82864,7,0,0,82794,579558,662352
Jul-2026,TIGALAPANKAOS SAMARINDA,BOWLING SHIRT,BOWLING SHIRT SUPER BLACK XL,0,7,0,0,82794,579558,579558
Agu-2026,TIGALAPANKAOS SAMARINDA,BOWLING SHIRT,BOWLING SHIRT SUPER BLACK XL,0,7,0,0,82794,579558,579558
Sep-2026,TIGALAPANKAOS SAMARINDA,BOWLING SHIRT,BOWLING SHIRT SUPER BLACK XL,0,7,0,0,82794,579558,579558
Okt-2026,TIGALAPANKAOS SAMARINDA,BOWLING SHIRT,BOWLING SHIRT SUPER BLACK XL,0,7,0,0,82794,579558,579558
Sep-2026,TIGALAPANKAOS TORAJA,BOWLING SHIRT,BOWLING SHIRT DENIM M,0,3,0,0,82943,248829,0
Okt-2026,TIGALAPANKAOS TORAJA,BOWLING SHIRT,BOWLING SHIRT DENIM M,0,0,0,0,82943,0,248829
Sep-2026,TIGALAPANKAOS TORAJA,BOWLING SHIRT,BOWLING SHIRT DENIM S,0,3,0,0,82943,248829,0
Okt-2026,TIGALAPANKAOS TORAJA,BOWLING SHIRT,BOWLING SHIRT DENIM S,0,0,0,0,82943,0,248829
Sep-2026,TIGALAPANKAOS TORAJA,BOWLING SHIRT,BOWLING SHIRT KHAKI L,0,3,0,0,82959,248877,0
Okt-2026,TIGALAPANKAOS TORAJA,BOWLING SHIRT,BOWLING SHIRT KHAKI L,0,0,0,0,82959,0,248877
Sep-2026,TIGALAPANKAOS TORAJA,BOWLING SHIRT,BOWLING SHIRT KHAKI M,0,3,0,0,82959,248877,0
Okt-2026,TIGALAPANKAOS TORAJA,BOWLING SHIRT,BOWLING SHIRT KHAKI M,0,0,0,0,82959,0,248877
Sep-2026,TIGALAPANKAOS TORAJA,BOWLING SHIRT,BOWLING SHIRT KHAKI S,0,3,0,0,79959,239877,0
Okt-2026,TIGALAPANKAOS TORAJA,BOWLING SHIRT,BOWLING SHIRT KHAKI S,0,0,0,0,79959,0,239877
Sep-2026,TIGALAPANKAOS TORAJA,BOWLING SHIRT,BOWLING SHIRT OLIVE L,0,1,0,0,82959,82959,0
Okt-2026,TIGALAPANKAOS TORAJA,BOWLING SHIRT,BOWLING SHIRT OLIVE L,0,0,0,0,82959,0,82959
Sep-2026,TIGALAPANKAOS TORAJA,BOWLING SHIRT,BOWLING SHIRT OLIVE M,0,3,0,0,82959,248877,0
Okt-2026,TIGALAPANKAOS TORAJA,BOWLING SHIRT,BOWLING SHIRT OLIVE M,0,0,0,0,82959,0,248877
Sep-2026,TIGALAPANKAOS TORAJA,BOWLING SHIRT,BOWLING SHIRT OLIVE S,0,3,0,0,82943,248829,0
Okt-2026,TIGALAPANKAOS TORAJA,BOWLING SHIRT,BOWLING SHIRT OLIVE S,0,0,0,0,82943,0,248829
Sep-2026,TIGALAPANKAOS TORAJA,BOWLING SHIRT,BOWLING SHIRT SUPER BLACK L,0,3,0,0,82951,248853,0
Okt-2026,TIGALAPANKAOS TORAJA,BOWLING SHIRT,BOWLING SHIRT SUPER BLACK L,0,3,0,0,82951,248853,248853
Sep-2026,TIGALAPANKAOS TORAJA,BOWLING SHIRT,BOWLING SHIRT SUPER BLACK M,0,3,0,0,82959,248877,0
Okt-2026,TIGALAPANKAOS TORAJA,BOWLING SHIRT,BOWLING SHIRT SUPER BLACK M,0,0,0,0,82959,0,248877
Sep-2026,TIGALAPANKAOS TORAJA,BOWLING SHIRT,BOWLING SHIRT SUPER BLACK S,0,3,0,0,82102,246306,0
Okt-2026,TIGALAPANKAOS TORAJA,BOWLING SHIRT,BOWLING SHIRT SUPER BLACK S,0,0,0,0,82102,0,246306
Sep-2026,TIGALAPANKAOS TORAJA,BOWLING SHIRT,BOWLING SHIRT SUPER BLACK XL,0,3,0,0,82794,248382,0
Okt-2026,TIGALAPANKAOS TORAJA,BOWLING SHIRT,BOWLING SHIRT SUPER BLACK XL,0,0,0,0,82794,0,248382
Jan-2026,DC TIGALAPAN,BOWLING SHIRT,BOWLING SHIRT DENIM L,0,49,0,0,82943,4064207,0
Feb-2026,DC TIGALAPAN,BOWLING SHIRT,BOWLING SHIRT DENIM L,0,7,0,0,82943,580601,4064207
Jan-2026,DC TIGALAPAN,BOWLING SHIRT,BOWLING SHIRT DENIM M,0,180,0,0,82943,14929740,0
Feb-2026,DC TIGALAPAN,BOWLING SHIRT,BOWLING SHIRT DENIM M,0,125,0,0,82943,10367875,14929740
Mar-2026,DC TIGALAPAN,BOWLING SHIRT,BOWLING SHIRT DENIM M,0,33,0,0,82943,2737119,10367875
Apr-2026,DC TIGALAPAN,BOWLING SHIRT,BOWLING SHIRT DENIM M,0,26,0,0,82943,2156518,2737119
Mei-2026,DC TIGALAPAN,BOWLING SHIRT,BOWLING SHIRT DENIM M,0,21,0,0,82943,1741803,2156518
Jun-2026,DC TIGALAPAN,BOWLING SHIRT,BOWLING SHIRT DENIM M,0,62,0,0,82943,5142466,1741803
Jul-2026,DC TIGALAPAN,BOWLING SHIRT,BOWLING SHIRT DENIM M,0,62,0,0,82943,5142466,5142466
Agu-2026,DC TIGALAPAN,BOWLING SHIRT,BOWLING SHIRT DENIM M,0,62,0,0,82943,5142466,5142466
Sep-2026,DC TIGALAPAN,BOWLING SHIRT,BOWLING SHIRT DENIM M,0,59,0,0,82943,4893637,5142466
Okt-2026,DC TIGALAPAN,BOWLING SHIRT,BOWLING SHIRT DENIM M,0,59,0,0,82943,4893637,4893637
Jan-2026,DC TIGALAPAN,BOWLING SHIRT,BOWLING SHIRT DENIM S,0,85,0,0,82943,7050155,0
Feb-2026,DC TIGALAPAN,BOWLING SHIRT,BOWLING SHIRT DENIM S,0,41,0,0,82943,3400663,7050155
Mar-2026,DC TIGALAPAN,BOWLING SHIRT,BOWLING SHIRT DENIM S,0,3,0,0,82943,248829,3400663
Apr-2026,DC TIGALAPAN,BOWLING SHIRT,BOWLING SHIRT DENIM S,0,3,0,0,82943,248829,248829
Mei-2026,DC TIGALAPAN,BOWLING SHIRT,BOWLING SHIRT DENIM S,0,3,0,0,82943,248829,248829
Jun-2026,DC TIGALAPAN,BOWLING SHIRT,BOWLING SHIRT DENIM S,0,18,0,0,82943,1492974,248829
Jul-2026,DC TIGALAPAN,BOWLING SHIRT,BOWLING SHIRT DENIM S,0,18,0,0,82943,1492974,1492974
Agu-2026,DC TIGALAPAN,BOWLING SHIRT,BOWLING SHIRT DENIM S,0,18,0,0,82943,1492974,1492974
Sep-2026,DC TIGALAPAN,BOWLING SHIRT,BOWLING SHIRT DENIM S,0,15,0,0,82943,1244145,1492974
Okt-2026,DC TIGALAPAN,BOWLING SHIRT,BOWLING SHIRT DENIM S,0,15,0,0,82943,1244145,1244145
Jan-2026,DC TIGALAPAN,BOWLING SHIRT,BOWLING SHIRT DENIM XL,0,9,0,0,82943,746487,0
Feb-2026,DC TIGALAPAN,BOWLING SHIRT,BOWLING SHIRT DENIM XL,0,1,0,0,82943,82943,746487
Feb-2026,DC TIGALAPAN,BOWLING SHIRT,BOWLING SHIRT KHAKI L,0,3,0,0,82959,248877,0
Mar-2026,DC TIGALAPAN,BOWLING SHIRT,BOWLING SHIRT KHAKI L,0,1,0,0,82959,82959,248877
Apr-2026,DC TIGALAPAN,BOWLING SHIRT,BOWLING SHIRT KHAKI L,0,1,0,0,82959,82959,82959
Mei-2026,DC TIGALAPAN,BOWLING SHIRT,BOWLING SHIRT KHAKI L,0,1,0,0,82959,82959,82959
Jun-2026,DC TIGALAPAN,BOWLING SHIRT,BOWLING SHIRT KHAKI L,0,14,0,0,82959,1161426,82959
Jul-2026,DC TIGALAPAN,BOWLING SHIRT,BOWLING SHIRT KHAKI L,0,14,0,0,82959,1161426,1161426
Agu-2026,DC TIGALAPAN,BOWLING SHIRT,BOWLING SHIRT KHAKI L,0,14,0,0,82959,1161426,1161426
Sep-2026,DC TIGALAPAN,BOWLING SHIRT,BOWLING SHIRT KHAKI L,0,11,0,0,82959,912549,1161426
Okt-2026,DC TIGALAPAN,BOWLING SHIRT,BOWLING SHIRT KHAKI L,0,11,0,0,82959,912549,912549
Feb-2026,DC TIGALAPAN,BOWLING SHIRT,BOWLING SHIRT KHAKI M,0,296,0,0,82959,24555864,0
Mar-2026,DC TIGALAPAN,BOWLING SHIRT,BOWLING SHIRT KHAKI M,0,189,0,0,82959,15679251,24555864
Apr-2026,DC TIGALAPAN,BOWLING SHIRT,BOWLING SHIRT KHAKI M,0,188,0,0,82959,15596292,15679251
Mei-2026,DC TIGALAPAN,BOWLING SHIRT,BOWLING SHIRT KHAKI M,0,183,0,0,82959,15181497,15596292
Jun-2026,DC TIGALAPAN,BOWLING SHIRT,BOWLING SHIRT KHAKI M,0,216,0,0,82959,17919144,15181497
Jul-2026,DC TIGALAPAN,BOWLING SHIRT,BOWLING SHIRT KHAKI M,0,216,0,0,82959,17919144,17919144
Agu-2026,DC TIGALAPAN,BOWLING SHIRT,BOWLING SHIRT KHAKI M,0,216,0,0,82959,17919144,17919144
Sep-2026,DC TIGALAPAN,BOWLING SHIRT,BOWLING SHIRT KHAKI M,0,213,0,0,82959,17670267,17919144
Okt-2026,DC TIGALAPAN,BOWLING SHIRT,BOWLING SHIRT KHAKI M,0,213,0,0,82959,17670267,17670267
Feb-2026,DC TIGALAPAN,BOWLING SHIRT,BOWLING SHIRT KHAKI S,0,106,0,0,79959,8475654,0
Mar-2026,DC TIGALAPAN,BOWLING SHIRT,BOWLING SHIRT KHAKI S,0,19,0,0,79959,1519221,8475654
Apr-2026,DC TIGALAPAN,BOWLING SHIRT,BOWLING SHIRT KHAKI S,0,19,0,0,79959,1519221,1519221
Mei-2026,DC TIGALAPAN,BOWLING SHIRT,BOWLING SHIRT KHAKI S,0,14,0,0,79959,1119426,1519221
Jun-2026,DC TIGALAPAN,BOWLING SHIRT,BOWLING SHIRT KHAKI S,0,49,0,0,79959,3917991,1119426
Jul-2026,DC TIGALAPAN,BOWLING SHIRT,BOWLING SHIRT KHAKI S,0,49,0,0,79959,3917991,3917991
Agu-2026,DC TIGALAPAN,BOWLING SHIRT,BOWLING SHIRT KHAKI S,0,49,0,0,79959,3917991,3917991
Sep-2026,DC TIGALAPAN,BOWLING SHIRT,BOWLING SHIRT KHAKI S,0,46,0,0,79959,3678114,3917991
Okt-2026,DC TIGALAPAN,BOWLING SHIRT,BOWLING SHIRT KHAKI S,0,46,0,0,79959,3678114,3678114
Feb-2026,DC TIGALAPAN,BOWLING SHIRT,BOWLING SHIRT KHAKI XL,0,1,0,0,79959,79959,0
Apr-2026,DC TIGALAPAN,BOWLING SHIRT,BOWLING SHIRT KHAKI XL,0,1,0,0,79959,79959,0
Jun-2026,DC TIGALAPAN,BOWLING SHIRT,BOWLING SHIRT OLIVE L,0,1,0,0,82959,82959,0
Jul-2026,DC TIGALAPAN,BOWLING SHIRT,BOWLING SHIRT OLIVE L,0,1,0,0,82959,82959,82959
Agu-2026,DC TIGALAPAN,BOWLING SHIRT,BOWLING SHIRT OLIVE L,0,1,0,0,82959,82959,82959
Feb-2026,DC TIGALAPAN,BOWLING SHIRT,BOWLING SHIRT OLIVE M,0,145,0,0,82959,12029055,0
Mar-2026,DC TIGALAPAN,BOWLING SHIRT,BOWLING SHIRT OLIVE M,0,43,0,0,82959,3567237,12029055
Apr-2026,DC TIGALAPAN,BOWLING SHIRT,BOWLING SHIRT OLIVE M,0,36,0,0,82959,2986524,3567237
Mei-2026,DC TIGALAPAN,BOWLING SHIRT,BOWLING SHIRT OLIVE M,0,31,0,0,82959,2571729,2986524
Jun-2026,DC TIGALAPAN,BOWLING SHIRT,BOWLING SHIRT OLIVE M,0,74,0,0,82959,6138966,2571729
Jul-2026,DC TIGALAPAN,BOWLING SHIRT,BOWLING SHIRT OLIVE M,0,74,0,0,82959,6138966,6138966
Agu-2026,DC TIGALAPAN,BOWLING SHIRT,BOWLING SHIRT OLIVE M,0,74,0,0,82959,6138966,6138966
Sep-2026,DC TIGALAPAN,BOWLING SHIRT,BOWLING SHIRT OLIVE M,0,71,0,0,82959,5890089,6138966
Okt-2026,DC TIGALAPAN,BOWLING SHIRT,BOWLING SHIRT OLIVE M,0,71,0,0,82959,5890089,5890089
Jan-2026,DC TIGALAPAN,BOWLING SHIRT,BOWLING SHIRT OLIVE S,0,85,0,0,82943,7050155,0
Feb-2026,DC TIGALAPAN,BOWLING SHIRT,BOWLING SHIRT OLIVE S,0,58,0,0,82943,4810694,7050155
Jun-2026,DC TIGALAPAN,BOWLING SHIRT,BOWLING SHIRT OLIVE S,0,13,0,0,82943,1078259,0
Jul-2026,DC TIGALAPAN,BOWLING SHIRT,BOWLING SHIRT OLIVE S,0,13,0,0,82943,1078259,1078259
Agu-2026,DC TIGALAPAN,BOWLING SHIRT,BOWLING SHIRT OLIVE S,0,13,0,0,82943,1078259,1078259
Sep-2026,DC TIGALAPAN,BOWLING SHIRT,BOWLING SHIRT OLIVE S,0,10,0,0,82943,829430,1078259
Okt-2026,DC TIGALAPAN,BOWLING SHIRT,BOWLING SHIRT OLIVE S,0,10,0,0,82943,829430,829430
Jan-2026,DC TIGALAPAN,BOWLING SHIRT,BOWLING SHIRT OLIVE XL,0,8,0,0,82943,663544,0
Feb-2026,DC TIGALAPAN,BOWLING SHIRT,BOWLING SHIRT OLIVE XL,0,2,0,0,82943,165886,663544
Jan-2026,DC TIGALAPAN,BOWLING SHIRT,BOWLING SHIRT SUPER BLACK L,0,53,0,0,82943,4395979,0
Apr-2026,DC TIGALAPAN,BOWLING SHIRT,BOWLING SHIRT SUPER BLACK L,0,201,0,0,82951,16673151,0
Mei-2026,DC TIGALAPAN,BOWLING SHIRT,BOWLING SHIRT SUPER BLACK L,0,201,0,0,82951,16673151,16673151
Jun-2026,DC TIGALAPAN,BOWLING SHIRT,BOWLING SHIRT SUPER BLACK L,0,196,0,0,82951,16258396,16673151
Jul-2026,DC TIGALAPAN,BOWLING SHIRT,BOWLING SHIRT SUPER BLACK L,0,196,0,0,82951,16258396,16258396
Agu-2026,DC TIGALAPAN,BOWLING SHIRT,BOWLING SHIRT SUPER BLACK L,0,196,0,0,82951,16258396,16258396
Sep-2026,DC TIGALAPAN,BOWLING SHIRT,BOWLING SHIRT SUPER BLACK L,0,193,0,0,82951,16009543,16258396
Okt-2026,DC TIGALAPAN,BOWLING SHIRT,BOWLING SHIRT SUPER BLACK L,0,193,0,0,82951,16009543,16009543
Jan-2026,DC TIGALAPAN,BOWLING SHIRT,BOWLING SHIRT SUPER BLACK M,0,352,0,0,82943,29195936,0
Apr-2026,DC TIGALAPAN,BOWLING SHIRT,BOWLING SHIRT SUPER BLACK M,0,632,0,0,82959,52430088,0
Mei-2026,DC TIGALAPAN,BOWLING SHIRT,BOWLING SHIRT SUPER BLACK M,0,627,0,0,82959,52015293,52430088
Jun-2026,DC TIGALAPAN,BOWLING SHIRT,BOWLING SHIRT SUPER BLACK M,0,627,0,0,82959,52015293,52015293
Jul-2026,DC TIGALAPAN,BOWLING SHIRT,BOWLING SHIRT SUPER BLACK M,0,627,0,0,82959,52015293,52015293
Agu-2026,DC TIGALAPAN,BOWLING SHIRT,BOWLING SHIRT SUPER BLACK M,0,627,0,0,82959,52015293,52015293
Sep-2026,DC TIGALAPAN,BOWLING SHIRT,BOWLING SHIRT SUPER BLACK M,0,624,0,0,82959,51766416,52015293
Okt-2026,DC TIGALAPAN,BOWLING SHIRT,BOWLING SHIRT SUPER BLACK M,0,624,0,0,82959,51766416,51766416
Jan-2026,DC TIGALAPAN,BOWLING SHIRT,BOWLING SHIRT SUPER BLACK S,0,290,0,0,82943,24053470,0
Feb-2026,DC TIGALAPAN,BOWLING SHIRT,BOWLING SHIRT SUPER BLACK S,0,193,0,0,82102,15845686,24053470
Mar-2026,DC TIGALAPAN,BOWLING SHIRT,BOWLING SHIRT SUPER BLACK S,0,103,0,0,82102,8456506,15845686
Apr-2026,DC TIGALAPAN,BOWLING SHIRT,BOWLING SHIRT SUPER BLACK S,0,155,0,0,82102,12725810,8456506
Mei-2026,DC TIGALAPAN,BOWLING SHIRT,BOWLING SHIRT SUPER BLACK S,0,150,0,0,82102,12315300,12725810
Jun-2026,DC TIGALAPAN,BOWLING SHIRT,BOWLING SHIRT SUPER BLACK S,0,201,0,0,82102,16502502,12315300
Jul-2026,DC TIGALAPAN,BOWLING SHIRT,BOWLING SHIRT SUPER BLACK S,0,201,0,0,82102,16502502,16502502
Agu-2026,DC TIGALAPAN,BOWLING SHIRT,BOWLING SHIRT SUPER BLACK S,0,201,0,0,82102,16502502,16502502
Sep-2026,DC TIGALAPAN,BOWLING SHIRT,BOWLING SHIRT SUPER BLACK S,0,198,0,0,82102,16256196,16502502
Okt-2026,DC TIGALAPAN,BOWLING SHIRT,BOWLING SHIRT SUPER BLACK S,0,198,0,0,82102,16256196,16256196
Jan-2026,DC TIGALAPAN,BOWLING SHIRT,BOWLING SHIRT SUPER BLACK XL,0,78,0,0,82943,6469554,0
Feb-2026,DC TIGALAPAN,BOWLING SHIRT,BOWLING SHIRT SUPER BLACK XL,0,25,0,0,82794,2069850,6469554
Jun-2026,DC TIGALAPAN,BOWLING SHIRT,BOWLING SHIRT SUPER BLACK XL,0,3,0,0,82794,248382,0
Jul-2026,DC TIGALAPAN,BOWLING SHIRT,BOWLING SHIRT SUPER BLACK XL,0,3,0,0,82794,248382,248382
Agu-2026,DC TIGALAPAN,BOWLING SHIRT,BOWLING SHIRT SUPER BLACK XL,0,3,0,0,82794,248382,248382
Mar-2026,DC TIGALAPAN,BOWLING SHIRT,BOWLING SHIRT DENIM L,0,0,0,0,82943,0,580601
Mar-2026,DC TIGALAPAN,BOWLING SHIRT,BOWLING SHIRT DENIM XL,0,0,0,0,82943,0,82943
Mar-2026,DC TIGALAPAN,BOWLING SHIRT,BOWLING SHIRT KHAKI XL,0,0,0,0,79959,0,79959
Mei-2026,DC TIGALAPAN,BOWLING SHIRT,BOWLING SHIRT KHAKI XL,0,0,0,0,79959,0,79959
Sep-2026,DC TIGALAPAN,BOWLING SHIRT,BOWLING SHIRT OLIVE L,0,0,0,0,82959,0,82959
Mar-2026,DC TIGALAPAN,BOWLING SHIRT,BOWLING SHIRT OLIVE S,0,0,0,0,82943,0,4810694
Mar-2026,DC TIGALAPAN,BOWLING SHIRT,BOWLING SHIRT OLIVE XL,0,0,0,0,82943,0,165886
Feb-2026,DC TIGALAPAN,BOWLING SHIRT,BOWLING SHIRT SUPER BLACK L,0,0,0,0,82943,0,4395979
Feb-2026,DC TIGALAPAN,BOWLING SHIRT,BOWLING SHIRT SUPER BLACK M,0,0,0,0,82943,0,29195936
Mar-2026,DC TIGALAPAN,BOWLING SHIRT,BOWLING SHIRT SUPER BLACK XL,0,0,0,0,82794,0,2069850
Sep-2026,DC TIGALAPAN,BOWLING SHIRT,BOWLING SHIRT SUPER BLACK XL,0,0,0,0,82794,0,248382
