Bulan,Store,Warna,Item,COGS,OH Qty,OD Qty,WIP Qty,HPP,Inventory Akhir,Inventory Awal
Feb-2026,MAMU BTP,CARGO MAMU,CARGO LONG BLACK L,244876,18,0,0,122438,2203884,0
Mar-2026,MAMU BTP,CARGO MAMU,CARGO LONG BLACK L,979504,10,0,0,122438,1224380,2203884
Apr-2026,MAMU BTP,CARGO MAMU,CARGO LONG BLACK L,122438,6,0,0,122438,734628,1224380
Mei-2026,MAMU BTP,CARGO MAMU,CARGO LONG BLACK L,367314,2,0,0,122438,244876,734628
Jun-2026,MAMU BTP,CARGO MAMU,CARGO LONG BLACK L,244844,15,0,0,122438,1836570,244876
Jul-2026,MAMU BTP,CARGO MAMU,CARGO LONG BLACK L,367206,13,0,0,122438,1591694,1836570
Agu-2026,MAMU BTP,CARGO MAMU,CARGO LONG BLACK L,367206,10,0,0,122438,1224380,1591694
Sep-2026,MAMU BTP,CARGO MAMU,CARGO LONG BLACK L,122402,8,0,0,122438,979504,1224380
Okt-2026,MAMU BTP,CARGO MAMU,CARGO LONG BLACK L,0,8,0,0,122438,979504,979504
Feb-2026,MAMU BTP,CARGO MAMU,CARGO LONG BLACK M,122438,30,0,0,122438,3673140,0
Mar-2026,MAMU BTP,CARGO MAMU,CARGO LONG BLACK M,1714132,45,0,0,122438,5509710,3673140
Apr-2026,MAMU BTP,CARGO MAMU,CARGO LONG BLACK M,612190,40,0,0,122438,4897520,5509710
Mei-2026,MAMU BTP,CARGO MAMU,CARGO LONG BLACK M,612190,27,0,0,122438,3305826,4897520
Jun-2026,MAMU BTP,CARGO MAMU,CARGO LONG BLACK M,367314,24,0,0,122438,2938512,3305826
Jul-2026,MAMU BTP,CARGO MAMU,CARGO LONG BLACK M,122438,23,0,0,122438,2816074,2938512
Agu-2026,MAMU BTP,CARGO MAMU,CARGO LONG BLACK M,122438,22,0,0,122438,2693636,2816074
Sep-2026,MAMU BTP,CARGO MAMU,CARGO LONG BLACK M,612190,18,0,0,122438,2203884,2693636
Okt-2026,MAMU BTP,CARGO MAMU,CARGO LONG BLACK M,0,17,0,0,122438,2081446,2203884
Feb-2026,MAMU BTP,CARGO MAMU,CARGO LONG BLACK S,122438,29,0,0,122438,3550702,0
Mar-2026,MAMU BTP,CARGO MAMU,CARGO LONG BLACK S,979504,30,0,0,122438,3673140,3550702
Apr-2026,MAMU BTP,CARGO MAMU,CARGO LONG BLACK S,244876,24,0,0,122438,2938512,3673140
Mei-2026,MAMU BTP,CARGO MAMU,CARGO LONG BLACK S,367314,23,0,0,122438,2816074,2938512
Jun-2026,MAMU BTP,CARGO MAMU,CARGO LONG BLACK S,367314,19,0,0,122438,2326322,2816074
Jul-2026,MAMU BTP,CARGO MAMU,CARGO LONG BLACK S,612190,15,0,0,122438,1836570,2326322
Agu-2026,MAMU BTP,CARGO MAMU,CARGO LONG BLACK S,0,14,0,0,122438,1714132,1836570
Sep-2026,MAMU BTP,CARGO MAMU,CARGO LONG BLACK S,122438,13,0,0,122438,1591694,1714132
Okt-2026,MAMU BTP,CARGO MAMU,CARGO LONG BLACK S,0,13,0,0,122438,1591694,1591694
Feb-2026,MAMU BTP,CARGO MAMU,CARGO LONG BLACK XL,122438,5,0,0,122438,612190,0
Mar-2026,MAMU BTP,CARGO MAMU,CARGO LONG BLACK XL,489752,0,0,0,122438,0,612190
Apr-2026,MAMU BTP,CARGO MAMU,CARGO LONG BLACK XL,122438,0,0,0,122438,0,0
Jun-2026,MAMU BTP,CARGO MAMU,CARGO LONG BLACK XL,489600,6,0,0,122438,734628,0
Jul-2026,MAMU BTP,CARGO MAMU,CARGO LONG BLACK XL,244800,5,0,0,122438,612190,734628
Agu-2026,MAMU BTP,CARGO MAMU,CARGO LONG BLACK XL,612000,4,1,0,122438,612190,612190
Sep-2026,MAMU BTP,CARGO MAMU,CARGO LONG BLACK XL,244800,5,0,0,122438,612190,612190
Okt-2026,MAMU BTP,CARGO MAMU,CARGO LONG BLACK XL,0,5,0,0,122438,612190,612190
Mar-2026,MAMU BTP,CARGO MAMU,CARGO LONG BROWN SUGAR L,734628,10,0,0,122438,1224380,0
Apr-2026,MAMU BTP,CARGO MAMU,CARGO LONG BROWN SUGAR L,122438,4,0,0,122438,489752,1224380
Mei-2026,MAMU BTP,CARGO MAMU,CARGO LONG BROWN SUGAR L,244876,4,0,0,122438,489752,489752
Jun-2026,MAMU BTP,CARGO MAMU,CARGO LONG BROWN SUGAR L,122438,3,0,0,122438,367314,489752
Jul-2026,MAMU BTP,CARGO MAMU,CARGO LONG BROWN SUGAR L,122438,2,0,0,122438,244876,367314
Agu-2026,MAMU BTP,CARGO MAMU,CARGO LONG BROWN SUGAR L,244876,0,0,0,122438,0,244876
Mar-2026,MAMU BTP,CARGO MAMU,CARGO LONG BROWN SUGAR M,367314,39,0,0,122438,4775082,0
Apr-2026,MAMU BTP,CARGO MAMU,CARGO LONG BROWN SUGAR M,0,34,0,0,122438,4162892,4775082
Mei-2026,MAMU BTP,CARGO MAMU,CARGO LONG BROWN SUGAR M,122438,30,0,0,122438,3673140,4162892
Jun-2026,MAMU BTP,CARGO MAMU,CARGO LONG BROWN SUGAR M,0,30,0,0,122438,3673140,3673140
Jul-2026,MAMU BTP,CARGO MAMU,CARGO LONG BROWN SUGAR M,122438,30,0,0,122438,3673140,3673140
Agu-2026,MAMU BTP,CARGO MAMU,CARGO LONG BROWN SUGAR M,367314,27,0,0,122438,3305826,3673140
Sep-2026,MAMU BTP,CARGO MAMU,CARGO LONG BROWN SUGAR M,244876,24,0,0,122438,2938512,3305826
Okt-2026,MAMU BTP,CARGO MAMU,CARGO LONG BROWN SUGAR M,0,24,0,0,122438,2938512,2938512
Mar-2026,MAMU BTP,CARGO MAMU,CARGO LONG BROWN SUGAR S,612190,5,0,0,122438,612190,0
Apr-2026,MAMU BTP,CARGO MAMU,CARGO LONG BROWN SUGAR S,244876,13,0,0,122438,1591694,612190
Mei-2026,MAMU BTP,CARGO MAMU,CARGO LONG BROWN SUGAR S,244876,15,0,0,122438,1836570,1591694
Jun-2026,MAMU BTP,CARGO MAMU,CARGO LONG BROWN SUGAR S,0,15,0,0,122438,1836570,1836570
Jul-2026,MAMU BTP,CARGO MAMU,CARGO LONG BROWN SUGAR S,122438,14,0,0,122438,1714132,1836570
Agu-2026,MAMU BTP,CARGO MAMU,CARGO LONG BROWN SUGAR S,122438,13,0,0,122438,1591694,1714132
Sep-2026,MAMU BTP,CARGO MAMU,CARGO LONG BROWN SUGAR S,367314,11,0,0,122438,1346818,1591694
Okt-2026,MAMU BTP,CARGO MAMU,CARGO LONG BROWN SUGAR S,0,10,0,0,122438,1224380,1346818
Mar-2026,MAMU BTP,CARGO MAMU,CARGO LONG BROWN SUGAR XL,244876,2,0,0,122438,244876,0
Apr-2026,MAMU BTP,CARGO MAMU,CARGO LONG BROWN SUGAR XL,122438,1,0,0,122438,122438,244876
Mei-2026,MAMU BTP,CARGO MAMU,CARGO LONG BROWN SUGAR XL,122438,0,0,0,122438,0,122438
Feb-2026,MAMU BTP,CARGO MAMU,CARGO LONG CREAM L,122438,9,0,0,122438,1101942,0
Mar-2026,MAMU BTP,CARGO MAMU,CARGO LONG CREAM L,979504,3,0,0,122438,367314,1101942
Apr-2026,MAMU BTP,CARGO MAMU,CARGO LONG CREAM L,367314,1,0,0,122438,122438,367314
Mei-2026,MAMU BTP,CARGO MAMU,CARGO LONG CREAM L,0,0,0,0,122438,0,122438
Agu-2026,MAMU BTP,CARGO MAMU,CARGO LONG CREAM L,0,0,6,0,122438,734628,0
Sep-2026,MAMU BTP,CARGO MAMU,CARGO LONG CREAM L,243836,6,0,0,122438,734628,734628
Okt-2026,MAMU BTP,CARGO MAMU,CARGO LONG CREAM L,0,6,0,0,122438,734628,734628
Feb-2026,MAMU BTP,CARGO MAMU,CARGO LONG CREAM M,0,20,0,0,122438,2448760,0
Mar-2026,MAMU BTP,CARGO MAMU,CARGO LONG CREAM M,1346818,29,0,0,122438,3550702,2448760
Apr-2026,MAMU BTP,CARGO MAMU,CARGO LONG CREAM M,489752,23,0,0,122438,2816074,3550702
Mei-2026,MAMU BTP,CARGO MAMU,CARGO LONG CREAM M,122438,23,0,0,122438,2816074,2816074
Jun-2026,MAMU BTP,CARGO MAMU,CARGO LONG CREAM M,367314,20,0,0,122438,2448760,2816074
Jul-2026,MAMU BTP,CARGO MAMU,CARGO LONG CREAM M,367314,17,0,0,122438,2081446,2448760
Agu-2026,MAMU BTP,CARGO MAMU,CARGO LONG CREAM M,244876,15,0,0,122438,1836570,2081446
Sep-2026,MAMU BTP,CARGO MAMU,CARGO LONG CREAM M,367314,12,0,0,122438,1469256,1836570
Okt-2026,MAMU BTP,CARGO MAMU,CARGO LONG CREAM M,0,12,0,0,122438,1469256,1469256
Feb-2026,MAMU BTP,CARGO MAMU,CARGO LONG CREAM S,0,20,0,0,122438,2448760,0
Mar-2026,MAMU BTP,CARGO MAMU,CARGO LONG CREAM S,857066,16,0,0,122438,1959008,2448760
Apr-2026,MAMU BTP,CARGO MAMU,CARGO LONG CREAM S,612190,10,0,0,122438,1224380,1959008
Mei-2026,MAMU BTP,CARGO MAMU,CARGO LONG CREAM S,367314,7,0,0,122438,857066,1224380
Jun-2026,MAMU BTP,CARGO MAMU,CARGO LONG CREAM S,244876,5,0,0,122438,612190,857066
Jul-2026,MAMU BTP,CARGO MAMU,CARGO LONG CREAM S,244876,3,0,0,122438,367314,612190
Agu-2026,MAMU BTP,CARGO MAMU,CARGO LONG CREAM S,612097,1,3,0,122438,489752,367314
Sep-2026,MAMU BTP,CARGO MAMU,CARGO LONG CREAM S,244807,6,0,0,122438,734628,489752
Okt-2026,MAMU BTP,CARGO MAMU,CARGO LONG CREAM S,0,5,0,0,122438,612190,734628
Feb-2026,MAMU BTP,CARGO MAMU,CARGO LONG CREAM XL,0,3,0,0,122438,367314,0
Mar-2026,MAMU BTP,CARGO MAMU,CARGO LONG CREAM XL,367314,0,0,0,122438,0,367314
Agu-2026,MAMU BTP,CARGO MAMU,CARGO LONG CREAM XL,122400,0,5,0,122438,612190,0
Sep-2026,MAMU BTP,CARGO MAMU,CARGO LONG CREAM XL,122400,5,0,0,122438,612190,612190
Okt-2026,MAMU BTP,CARGO MAMU,CARGO LONG CREAM XL,0,5,0,0,122438,612190,612190
Feb-2026,MAMU BTP,CARGO MAMU,CARGO LONG DARK ARMY L,0,20,0,0,122438,2448760,0
Mar-2026,MAMU BTP,CARGO MAMU,CARGO LONG DARK ARMY L,734628,14,0,0,122438,1714132,2448760
Apr-2026,MAMU BTP,CARGO MAMU,CARGO LONG DARK ARMY L,367314,6,0,0,122438,734628,1714132
Mei-2026,MAMU BTP,CARGO MAMU,CARGO LONG DARK ARMY L,122438,4,0,0,122438,489752,734628
Jun-2026,MAMU BTP,CARGO MAMU,CARGO LONG DARK ARMY L,122438,3,0,0,122438,367314,489752
Jul-2026,MAMU BTP,CARGO MAMU,CARGO LONG DARK ARMY L,122438,3,0,0,122438,367314,367314
Agu-2026,MAMU BTP,CARGO MAMU,CARGO LONG DARK ARMY L,244876,0,0,0,122438,0,367314
Feb-2026,MAMU BTP,CARGO MAMU,CARGO LONG DARK ARMY M,0,30,0,0,122438,3673140,0
Mar-2026,MAMU BTP,CARGO MAMU,CARGO LONG DARK ARMY M,979504,31,0,0,122438,3795578,3673140
Apr-2026,MAMU BTP,CARGO MAMU,CARGO LONG DARK ARMY M,244876,25,0,0,122438,3060950,3795578
Mei-2026,MAMU BTP,CARGO MAMU,CARGO LONG DARK ARMY M,0,25,0,0,122438,3060950,3060950
Jun-2026,MAMU BTP,CARGO MAMU,CARGO LONG DARK ARMY M,122438,24,0,0,122438,2938512,3060950
Jul-2026,MAMU BTP,CARGO MAMU,CARGO LONG DARK ARMY M,122438,23,0,0,122438,2816074,2938512
Agu-2026,MAMU BTP,CARGO MAMU,CARGO LONG DARK ARMY M,244876,23,0,0,122438,2816074,2816074
Sep-2026,MAMU BTP,CARGO MAMU,CARGO LONG DARK ARMY M,367314,18,0,0,122438,2203884,2816074
Okt-2026,MAMU BTP,CARGO MAMU,CARGO LONG DARK ARMY M,0,18,0,0,122438,2203884,2203884
Feb-2026,MAMU BTP,CARGO MAMU,CARGO LONG DARK ARMY S,122438,19,0,0,122438,2326322,0
Mar-2026,MAMU BTP,CARGO MAMU,CARGO LONG DARK ARMY S,734628,15,0,0,122438,1836570,2326322
Apr-2026,MAMU BTP,CARGO MAMU,CARGO LONG DARK ARMY S,367314,8,0,0,122438,979504,1836570
Mei-2026,MAMU BTP,CARGO MAMU,CARGO LONG DARK ARMY S,0,6,0,0,122438,734628,979504
Jun-2026,MAMU BTP,CARGO MAMU,CARGO LONG DARK ARMY S,244876,4,0,0,122438,489752,734628
Jul-2026,MAMU BTP,CARGO MAMU,CARGO LONG DARK ARMY S,0,4,0,0,122438,489752,489752
Agu-2026,MAMU BTP,CARGO MAMU,CARGO LONG DARK ARMY S,244876,3,0,0,122438,367314,489752
Sep-2026,MAMU BTP,CARGO MAMU,CARGO LONG DARK ARMY S,0,2,0,0,122438,244876,367314
Okt-2026,MAMU BTP,CARGO MAMU,CARGO LONG DARK ARMY S,0,2,0,0,122438,244876,244876
Feb-2026,MAMU BTP,CARGO MAMU,CARGO LONG DARK ARMY XL,122438,2,0,0,122438,244876,0
Mar-2026,MAMU BTP,CARGO MAMU,CARGO LONG DARK ARMY XL,244876,0,0,0,122438,0,244876
Feb-2026,MAMU BTP,CARGO MAMU,CARGO LONG KHAKY L,122438,19,0,0,122438,2326322,0
Mar-2026,MAMU BTP,CARGO MAMU,CARGO LONG KHAKY L,122438,18,0,0,122438,2203884,2326322
Apr-2026,MAMU BTP,CARGO MAMU,CARGO LONG KHAKY L,0,13,0,0,122438,1591694,2203884
Mei-2026,MAMU BTP,CARGO MAMU,CARGO LONG KHAKY L,489752,7,0,0,122438,857066,1591694
Jun-2026,MAMU BTP,CARGO MAMU,CARGO LONG KHAKY L,489752,2,0,0,122438,244876,857066
Jul-2026,MAMU BTP,CARGO MAMU,CARGO LONG KHAKY L,0,2,0,0,122438,244876,244876
Agu-2026,MAMU BTP,CARGO MAMU,CARGO LONG KHAKY L,244876,2,0,0,122438,244876,244876
Sep-2026,MAMU BTP,CARGO MAMU,CARGO LONG KHAKY L,0,0,0,0,122438,0,244876
Feb-2026,MAMU BTP,CARGO MAMU,CARGO LONG KHAKY M,0,20,0,0,122438,2448760,0
Mar-2026,MAMU BTP,CARGO MAMU,CARGO LONG KHAKY M,734628,34,0,0,122438,4162892,2448760
Apr-2026,MAMU BTP,CARGO MAMU,CARGO LONG KHAKY M,0,29,0,0,122438,3550702,4162892
Mei-2026,MAMU BTP,CARGO MAMU,CARGO LONG KHAKY M,489752,24,0,0,122438,2938512,3550702
Jun-2026,MAMU BTP,CARGO MAMU,CARGO LONG KHAKY M,122438,23,0,0,122438,2816074,2938512
Jul-2026,MAMU BTP,CARGO MAMU,CARGO LONG KHAKY M,244876,21,0,0,122438,2571198,2816074
Agu-2026,MAMU BTP,CARGO MAMU,CARGO LONG KHAKY M,0,21,0,0,122438,2571198,2571198
Sep-2026,MAMU BTP,CARGO MAMU,CARGO LONG KHAKY M,244876,19,0,0,122438,2326322,2571198
Okt-2026,MAMU BTP,CARGO MAMU,CARGO LONG KHAKY M,0,19,0,0,122438,2326322,2326322
Feb-2026,MAMU BTP,CARGO MAMU,CARGO LONG KHAKY S,244876,18,0,0,122438,2203884,0
Mar-2026,MAMU BTP,CARGO MAMU,CARGO LONG KHAKY S,612190,15,0,0,122438,1836570,2203884
Apr-2026,MAMU BTP,CARGO MAMU,CARGO LONG KHAKY S,0,13,0,0,122438,1591694,1836570
Mei-2026,MAMU BTP,CARGO MAMU,CARGO LONG KHAKY S,244876,10,0,0,122438,1224380,1591694
Jun-2026,MAMU BTP,CARGO MAMU,CARGO LONG KHAKY S,122438,9,0,0,122438,1101942,1224380
Jul-2026,MAMU BTP,CARGO MAMU,CARGO LONG KHAKY S,122438,8,0,0,122438,979504,1101942
Agu-2026,MAMU BTP,CARGO MAMU,CARGO LONG KHAKY S,0,8,0,0,122438,979504,979504
Sep-2026,MAMU BTP,CARGO MAMU,CARGO LONG KHAKY S,0,8,0,0,122438,979504,979504
Okt-2026,MAMU BTP,CARGO MAMU,CARGO LONG KHAKY S,0,8,0,0,122438,979504,979504
Feb-2026,MAMU BTP,CARGO MAMU,CARGO LONG KHAKY XL,122438,2,0,0,122438,244876,0
Mar-2026,MAMU BTP,CARGO MAMU,CARGO LONG KHAKY XL,244876,0,0,0,122438,0,244876
Feb-2026,MAMU BTP,CARGO MAMU,CARGO LONG WHITE L,0,20,0,0,122438,2448760,0
Mar-2026,MAMU BTP,CARGO MAMU,CARGO LONG WHITE L,122438,19,0,0,122438,2326322,2448760
Apr-2026,MAMU BTP,CARGO MAMU,CARGO LONG WHITE L,0,4,0,0,122438,489752,2326322
Mei-2026,MAMU BTP,CARGO MAMU,CARGO LONG WHITE L,0,4,0,0,122438,489752,489752
Jun-2026,MAMU BTP,CARGO MAMU,CARGO LONG WHITE L,0,4,0,0,122438,489752,489752
Jul-2026,MAMU BTP,CARGO MAMU,CARGO LONG WHITE L,122438,4,0,0,122438,489752,489752
Agu-2026,MAMU BTP,CARGO MAMU,CARGO LONG WHITE L,734628,0,1,0,122438,122438,489752
Sep-2026,MAMU BTP,CARGO MAMU,CARGO LONG WHITE L,122438,0,0,0,122438,0,122438
Feb-2026,MAMU BTP,CARGO MAMU,CARGO LONG WHITE M,122438,19,0,0,122438,2326322,0
Mar-2026,MAMU BTP,CARGO MAMU,CARGO LONG WHITE M,244876,32,0,0,122438,3918016,2326322
Apr-2026,MAMU BTP,CARGO MAMU,CARGO LONG WHITE M,244876,25,0,0,122438,3060950,3918016
Mei-2026,MAMU BTP,CARGO MAMU,CARGO LONG WHITE M,0,25,0,0,122438,3060950,3060950
Jun-2026,MAMU BTP,CARGO MAMU,CARGO LONG WHITE M,0,25,0,0,122438,3060950,3060950
Jul-2026,MAMU BTP,CARGO MAMU,CARGO LONG WHITE M,0,25,0,0,122438,3060950,3060950
Agu-2026,MAMU BTP,CARGO MAMU,CARGO LONG WHITE M,489752,23,0,0,122438,2816074,3060950
Sep-2026,MAMU BTP,CARGO MAMU,CARGO LONG WHITE M,122438,20,0,0,122438,2448760,2816074
Okt-2026,MAMU BTP,CARGO MAMU,CARGO LONG WHITE M,0,20,0,0,122438,2448760,2448760
Feb-2026,MAMU BTP,CARGO MAMU,CARGO LONG WHITE S,0,20,0,0,122438,2448760,0
Mar-2026,MAMU BTP,CARGO MAMU,CARGO LONG WHITE S,367314,17,0,0,122438,2081446,2448760
Apr-2026,MAMU BTP,CARGO MAMU,CARGO LONG WHITE S,0,17,0,0,122438,2081446,2081446
Mei-2026,MAMU BTP,CARGO MAMU,CARGO LONG WHITE S,244876,15,0,0,122438,1836570,2081446
Jun-2026,MAMU BTP,CARGO MAMU,CARGO LONG WHITE S,122438,14,0,0,122438,1714132,1836570
Jul-2026,MAMU BTP,CARGO MAMU,CARGO LONG WHITE S,0,14,0,0,122438,1714132,1714132
Agu-2026,MAMU BTP,CARGO MAMU,CARGO LONG WHITE S,367314,11,0,0,122438,1346818,1714132
Sep-2026,MAMU BTP,CARGO MAMU,CARGO LONG WHITE S,122438,10,0,0,122438,1224380,1346818
Okt-2026,MAMU BTP,CARGO MAMU,CARGO LONG WHITE S,0,10,0,0,122438,1224380,1224380
Feb-2026,MAMU BTP,CARGO MAMU,CARGO LONG WHITE XL,0,3,0,0,122438,367314,0
Mar-2026,MAMU BTP,CARGO MAMU,CARGO LONG WHITE XL,0,3,0,0,122438,367314,367314
Apr-2026,MAMU BTP,CARGO MAMU,CARGO LONG WHITE XL,122438,0,0,0,122438,0,367314
Feb-2026,MAMU BTP,CARGO MAMU,CARGO SHORT BLACK L,0,20,0,0,102138,2042760,0
Mar-2026,MAMU BTP,CARGO MAMU,CARGO SHORT BLACK L,1021380,10,0,0,102138,1021380,2042760
Apr-2026,MAMU BTP,CARGO MAMU,CARGO SHORT BLACK L,306414,5,0,0,102138,510690,1021380
Mei-2026,MAMU BTP,CARGO MAMU,CARGO SHORT BLACK L,204276,3,0,0,102138,306414,510690
Jun-2026,MAMU BTP,CARGO MAMU,CARGO SHORT BLACK L,102302,17,0,0,102138,1736346,306414
Jul-2026,MAMU BTP,CARGO MAMU,CARGO SHORT BLACK L,307080,15,0,0,102138,1532070,1736346
Agu-2026,MAMU BTP,CARGO MAMU,CARGO SHORT BLACK L,102360,13,0,0,102138,1327794,1532070
Sep-2026,MAMU BTP,CARGO MAMU,CARGO SHORT BLACK L,614160,8,0,0,102138,817104,1327794
Okt-2026,MAMU BTP,CARGO MAMU,CARGO SHORT BLACK L,0,7,0,0,102138,714966,817104
Feb-2026,MAMU BTP,CARGO MAMU,CARGO SHORT BLACK M,204276,18,0,0,102138,1838484,0
Mar-2026,MAMU BTP,CARGO MAMU,CARGO SHORT BLACK M,510690,29,0,0,102138,2962002,1838484
Apr-2026,MAMU BTP,CARGO MAMU,CARGO SHORT BLACK M,408552,21,0,0,102138,2144898,2962002
Mei-2026,MAMU BTP,CARGO MAMU,CARGO SHORT BLACK M,408552,15,0,0,102138,1532070,2144898
Jun-2026,MAMU BTP,CARGO MAMU,CARGO SHORT BLACK M,102138,14,0,0,102138,1429932,1532070
Jul-2026,MAMU BTP,CARGO MAMU,CARGO SHORT BLACK M,204276,14,0,0,102138,1429932,1429932
Agu-2026,MAMU BTP,CARGO MAMU,CARGO SHORT BLACK M,408552,8,0,0,102138,817104,1429932
Sep-2026,MAMU BTP,CARGO MAMU,CARGO SHORT BLACK M,102138,7,0,0,102138,714966,817104
Okt-2026,MAMU BTP,CARGO MAMU,CARGO SHORT BLACK M,0,7,0,0,102138,714966,714966
Feb-2026,MAMU BTP,CARGO MAMU,CARGO SHORT BLACK S,102138,19,0,0,102138,1940622,0
Mar-2026,MAMU BTP,CARGO MAMU,CARGO SHORT BLACK S,408552,15,0,0,102138,1532070,1940622
Apr-2026,MAMU BTP,CARGO MAMU,CARGO SHORT BLACK S,306414,7,0,0,102138,714966,1532070
Mei-2026,MAMU BTP,CARGO MAMU,CARGO SHORT BLACK S,612828,2,0,0,102138,204276,714966
Jun-2026,MAMU BTP,CARGO MAMU,CARGO SHORT BLACK S,307068,13,0,0,102138,1327794,204276
Jul-2026,MAMU BTP,CARGO MAMU,CARGO SHORT BLACK S,102390,12,0,0,102138,1225656,1327794
Agu-2026,MAMU BTP,CARGO MAMU,CARGO SHORT BLACK S,102390,12,0,0,102138,1225656,1225656
Sep-2026,MAMU BTP,CARGO MAMU,CARGO SHORT BLACK S,102390,10,0,0,102138,1021380,1225656
Okt-2026,MAMU BTP,CARGO MAMU,CARGO SHORT BLACK S,0,10,0,0,102138,1021380,1021380
Feb-2026,MAMU BTP,CARGO MAMU,CARGO SHORT BLACK XL,0,3,0,0,102138,306414,0
Mar-2026,MAMU BTP,CARGO MAMU,CARGO SHORT BLACK XL,204276,1,0,0,102138,102138,306414
Apr-2026,MAMU BTP,CARGO MAMU,CARGO SHORT BLACK XL,0,1,0,0,102138,102138,102138
Mei-2026,MAMU BTP,CARGO MAMU,CARGO SHORT BLACK XL,0,1,0,0,102138,102138,102138
Jun-2026,MAMU BTP,CARGO MAMU,CARGO SHORT BLACK XL,204768,14,0,0,102138,1429932,102138
Jul-2026,MAMU BTP,CARGO MAMU,CARGO SHORT BLACK XL,307152,11,0,0,102138,1123518,1429932
Agu-2026,MAMU BTP,CARGO MAMU,CARGO SHORT BLACK XL,204768,10,0,0,102138,1021380,1123518
Sep-2026,MAMU BTP,CARGO MAMU,CARGO SHORT BLACK XL,102384,8,0,0,102138,817104,1021380
Okt-2026,MAMU BTP,CARGO MAMU,CARGO SHORT BLACK XL,0,8,0,0,102138,817104,817104
Mar-2026,MAMU BTP,CARGO MAMU,CARGO SHORT BROWN SUGAR L,0,3,0,0,102138,306414,0
Apr-2026,MAMU BTP,CARGO MAMU,CARGO SHORT BROWN SUGAR L,102138,2,0,0,102138,204276,306414
Mei-2026,MAMU BTP,CARGO MAMU,CARGO SHORT BROWN SUGAR L,102138,1,0,0,102138,102138,204276
Jun-2026,MAMU BTP,CARGO MAMU,CARGO SHORT BROWN SUGAR L,102138,0,0,0,102138,0,102138
Mar-2026,MAMU BTP,CARGO MAMU,CARGO SHORT BROWN SUGAR M,0,17,0,0,102138,1736346,0
Apr-2026,MAMU BTP,CARGO MAMU,CARGO SHORT BROWN SUGAR M,102138,11,0,0,102138,1123518,1736346
Mei-2026,MAMU BTP,CARGO MAMU,CARGO SHORT BROWN SUGAR M,102138,10,0,0,102138,1021380,1123518
Jun-2026,MAMU BTP,CARGO MAMU,CARGO SHORT BROWN SUGAR M,510690,5,0,0,102138,510690,1021380
Jul-2026,MAMU BTP,CARGO MAMU,CARGO SHORT BROWN SUGAR M,204276,4,0,0,102138,408552,510690
Agu-2026,MAMU BTP,CARGO MAMU,CARGO SHORT BROWN SUGAR M,510690,1,0,0,102138,102138,408552
Sep-2026,MAMU BTP,CARGO MAMU,CARGO SHORT BROWN SUGAR M,0,0,0,0,102138,0,102138
Mar-2026,MAMU BTP,CARGO MAMU,CARGO SHORT BROWN SUGAR S,0,10,0,0,102138,1021380,0
Apr-2026,MAMU BTP,CARGO MAMU,CARGO SHORT BROWN SUGAR S,0,5,0,0,102138,510690,1021380
Mei-2026,MAMU BTP,CARGO MAMU,CARGO SHORT BROWN SUGAR S,408552,1,0,0,102138,102138,510690
Jun-2026,MAMU BTP,CARGO MAMU,CARGO SHORT BROWN SUGAR S,102138,0,0,0,102138,0,102138
Mar-2026,MAMU BTP,CARGO MAMU,CARGO SHORT BROWN SUGAR XL,102138,1,0,0,102138,102138,0
Apr-2026,MAMU BTP,CARGO MAMU,CARGO SHORT BROWN SUGAR XL,102138,0,0,0,102138,0,102138
Feb-2026,MAMU BTP,CARGO MAMU,CARGO SHORT CREAM L,0,7,0,0,102138,714966,0
Mar-2026,MAMU BTP,CARGO MAMU,CARGO SHORT CREAM L,817104,0,0,0,102138,0,714966
Jun-2026,MAMU BTP,CARGO MAMU,CARGO SHORT CREAM L,307200,12,0,0,102138,1225656,0
Jul-2026,MAMU BTP,CARGO MAMU,CARGO SHORT CREAM L,102400,11,0,0,102138,1123518,1225656
Agu-2026,MAMU BTP,CARGO MAMU,CARGO SHORT CREAM L,102400,11,0,0,102138,1123518,1123518
Sep-2026,MAMU BTP,CARGO MAMU,CARGO SHORT CREAM L,102400,8,0,0,102138,817104,1123518
Okt-2026,MAMU BTP,CARGO MAMU,CARGO SHORT CREAM L,0,8,0,0,102138,817104,817104
Feb-2026,MAMU BTP,CARGO MAMU,CARGO SHORT CREAM M,102138,19,0,0,102138,1940622,0
Mar-2026,MAMU BTP,CARGO MAMU,CARGO SHORT CREAM M,919242,11,0,0,102138,1123518,1940622
Apr-2026,MAMU BTP,CARGO MAMU,CARGO SHORT CREAM M,102138,6,0,0,102138,612828,1123518
Mei-2026,MAMU BTP,CARGO MAMU,CARGO SHORT CREAM M,102138,4,0,0,102138,408552,612828
Jun-2026,MAMU BTP,CARGO MAMU,CARGO SHORT CREAM M,204440,16,0,0,102138,1634208,408552
Jul-2026,MAMU BTP,CARGO MAMU,CARGO SHORT CREAM M,409248,12,0,0,102138,1225656,1634208
Agu-2026,MAMU BTP,CARGO MAMU,CARGO SHORT CREAM M,204624,10,0,0,102138,1021380,1225656
Sep-2026,MAMU BTP,CARGO MAMU,CARGO SHORT CREAM M,0,10,0,0,102138,1021380,1021380
Okt-2026,MAMU BTP,CARGO MAMU,CARGO SHORT CREAM M,0,10,0,0,102138,1021380,1021380
Feb-2026,MAMU BTP,CARGO MAMU,CARGO SHORT CREAM S,0,10,0,0,102138,1021380,0
Mar-2026,MAMU BTP,CARGO MAMU,CARGO SHORT CREAM S,306414,7,0,0,102138,714966,1021380
Apr-2026,MAMU BTP,CARGO MAMU,CARGO SHORT CREAM S,306414,1,0,0,102138,102138,714966
Mei-2026,MAMU BTP,CARGO MAMU,CARGO SHORT CREAM S,102138,0,0,0,102138,0,102138
Jun-2026,MAMU BTP,CARGO MAMU,CARGO SHORT CREAM S,307200,11,0,0,102138,1123518,0
Jul-2026,MAMU BTP,CARGO MAMU,CARGO SHORT CREAM S,307200,9,0,0,102138,919242,1123518
Agu-2026,MAMU BTP,CARGO MAMU,CARGO SHORT CREAM S,204800,6,0,0,102138,612828,919242
Sep-2026,MAMU BTP,CARGO MAMU,CARGO SHORT CREAM S,0,6,0,0,102138,612828,612828
Okt-2026,MAMU BTP,CARGO MAMU,CARGO SHORT CREAM S,102400,5,0,0,102138,510690,612828
Feb-2026,MAMU BTP,CARGO MAMU,CARGO SHORT CREAM XL,0,2,0,0,102138,204276,0
Mar-2026,MAMU BTP,CARGO MAMU,CARGO SHORT CREAM XL,204276,1,0,0,102138,102138,204276
Apr-2026,MAMU BTP,CARGO MAMU,CARGO SHORT CREAM XL,102138,0,0,0,102138,0,102138
Jun-2026,MAMU BTP,CARGO MAMU,CARGO SHORT CREAM XL,0,15,0,0,102138,1532070,0
Jul-2026,MAMU BTP,CARGO MAMU,CARGO SHORT CREAM XL,204800,13,0,0,102138,1327794,1532070
Agu-2026,MAMU BTP,CARGO MAMU,CARGO SHORT CREAM XL,102400,12,0,0,102138,1225656,1327794
Sep-2026,MAMU BTP,CARGO MAMU,CARGO SHORT CREAM XL,0,12,0,0,102138,1225656,1225656
Okt-2026,MAMU BTP,CARGO MAMU,CARGO SHORT CREAM XL,0,12,0,0,102138,1225656,1225656
Mar-2026,MAMU GOWA,CARGO MAMU,CARGO LONG BLACK L,244876,3,0,0,122438,367314,0
Apr-2026,MAMU GOWA,CARGO MAMU,CARGO LONG BLACK L,122438,2,0,0,122438,244876,367314
Mei-2026,MAMU GOWA,CARGO MAMU,CARGO LONG BLACK L,122438,1,0,0,122438,122438,244876
Jun-2026,MAMU GOWA,CARGO MAMU,CARGO LONG BLACK L,0,6,0,0,122438,734628,122438
Jul-2026,MAMU GOWA,CARGO MAMU,CARGO LONG BLACK L,0,6,0,0,122438,734628,734628
Agu-2026,MAMU GOWA,CARGO MAMU,CARGO LONG BLACK L,244812,5,0,0,122438,612190,734628
Sep-2026,MAMU GOWA,CARGO MAMU,CARGO LONG BLACK L,0,14,0,0,122438,1714132,612190
Okt-2026,MAMU GOWA,CARGO MAMU,CARGO LONG BLACK L,0,14,0,0,122438,1714132,1714132
Mar-2026,MAMU GOWA,CARGO MAMU,CARGO LONG BLACK M,979504,14,0,0,122438,1714132,0
Apr-2026,MAMU GOWA,CARGO MAMU,CARGO LONG BLACK M,244876,12,0,0,122438,1469256,1714132
Mei-2026,MAMU GOWA,CARGO MAMU,CARGO LONG BLACK M,122438,11,0,0,122438,1346818,1469256
Jun-2026,MAMU GOWA,CARGO MAMU,CARGO LONG BLACK M,244876,9,0,0,122438,1101942,1346818
Jul-2026,MAMU GOWA,CARGO MAMU,CARGO LONG BLACK M,122438,8,0,0,122438,979504,1101942
Agu-2026,MAMU GOWA,CARGO MAMU,CARGO LONG BLACK M,612190,3,0,0,122438,367314,979504
Sep-2026,MAMU GOWA,CARGO MAMU,CARGO LONG BLACK M,122438,5,0,0,122438,612190,367314
Okt-2026,MAMU GOWA,CARGO MAMU,CARGO LONG BLACK M,0,5,0,0,122438,612190,612190
Mar-2026,MAMU GOWA,CARGO MAMU,CARGO LONG BLACK S,857066,6,0,0,122438,734628,0
Apr-2026,MAMU GOWA,CARGO MAMU,CARGO LONG BLACK S,0,6,0,0,122438,734628,734628
Mei-2026,MAMU GOWA,CARGO MAMU,CARGO LONG BLACK S,367314,4,0,0,122438,489752,734628
Jun-2026,MAMU GOWA,CARGO MAMU,CARGO LONG BLACK S,0,3,0,0,122438,367314,489752
Jul-2026,MAMU GOWA,CARGO MAMU,CARGO LONG BLACK S,122438,6,0,0,122438,734628,367314
Agu-2026,MAMU GOWA,CARGO MAMU,CARGO LONG BLACK S,367249,5,0,0,122438,612190,734628
Sep-2026,MAMU GOWA,CARGO MAMU,CARGO LONG BLACK S,0,6,0,0,122438,734628,612190
Okt-2026,MAMU GOWA,CARGO MAMU,CARGO LONG BLACK S,0,6,0,0,122438,734628,734628
Mar-2026,MAMU GOWA,CARGO MAMU,CARGO LONG BLACK XL,0,1,0,0,122438,122438,0
Apr-2026,MAMU GOWA,CARGO MAMU,CARGO LONG BLACK XL,0,1,0,0,122438,122438,122438
Mei-2026,MAMU GOWA,CARGO MAMU,CARGO LONG BLACK XL,0,1,0,0,122438,122438,122438
Jun-2026,MAMU GOWA,CARGO MAMU,CARGO LONG BLACK XL,367238,3,0,0,122438,367314,122438
Jul-2026,MAMU GOWA,CARGO MAMU,CARGO LONG BLACK XL,0,6,0,0,122438,734628,367314
Agu-2026,MAMU GOWA,CARGO MAMU,CARGO LONG BLACK XL,244800,6,0,0,122438,734628,734628
Sep-2026,MAMU GOWA,CARGO MAMU,CARGO LONG BLACK XL,244800,12,0,0,122438,1469256,734628
Okt-2026,MAMU GOWA,CARGO MAMU,CARGO LONG BLACK XL,0,12,0,0,122438,1469256,1469256
Mar-2026,MAMU GOWA,CARGO MAMU,CARGO LONG BROWN SUGAR L,367314,18,0,0,122438,2203884,0
Apr-2026,MAMU GOWA,CARGO MAMU,CARGO LONG BROWN SUGAR L,0,13,0,0,122438,1591694,2203884
Mei-2026,MAMU GOWA,CARGO MAMU,CARGO LONG BROWN SUGAR L,0,13,0,0,122438,1591694,1591694
Jun-2026,MAMU GOWA,CARGO MAMU,CARGO LONG BROWN SUGAR L,0,13,0,0,122438,1591694,1591694
Jul-2026,MAMU GOWA,CARGO MAMU,CARGO LONG BROWN SUGAR L,122438,14,0,0,122438,1714132,1591694
Agu-2026,MAMU GOWA,CARGO MAMU,CARGO LONG BROWN SUGAR L,0,9,0,0,122438,1101942,1714132
Sep-2026,MAMU GOWA,CARGO MAMU,CARGO LONG BROWN SUGAR L,122438,8,0,0,122438,979504,1101942
Okt-2026,MAMU GOWA,CARGO MAMU,CARGO LONG BROWN SUGAR L,0,8,0,0,122438,979504,979504
Mar-2026,MAMU GOWA,CARGO MAMU,CARGO LONG BROWN SUGAR M,489752,29,0,0,122438,3550702,0
Apr-2026,MAMU GOWA,CARGO MAMU,CARGO LONG BROWN SUGAR M,0,32,0,0,122438,3918016,3550702
Mei-2026,MAMU GOWA,CARGO MAMU,CARGO LONG BROWN SUGAR M,0,32,0,0,122438,3918016,3918016
Jun-2026,MAMU GOWA,CARGO MAMU,CARGO LONG BROWN SUGAR M,122438,31,0,0,122438,3795578,3918016
Jul-2026,MAMU GOWA,CARGO MAMU,CARGO LONG BROWN SUGAR M,0,30,0,0,122438,3673140,3795578
Agu-2026,MAMU GOWA,CARGO MAMU,CARGO LONG BROWN SUGAR M,244876,28,0,0,122438,3428264,3673140
Sep-2026,MAMU GOWA,CARGO MAMU,CARGO LONG BROWN SUGAR M,122438,27,0,0,122438,3305826,3428264
Okt-2026,MAMU GOWA,CARGO MAMU,CARGO LONG BROWN SUGAR M,0,27,0,0,122438,3305826,3305826
Mar-2026,MAMU GOWA,CARGO MAMU,CARGO LONG BROWN SUGAR S,122438,25,0,0,122438,3060950,0
Apr-2026,MAMU GOWA,CARGO MAMU,CARGO LONG BROWN SUGAR S,122438,19,0,0,122438,2326322,3060950
Mei-2026,MAMU GOWA,CARGO MAMU,CARGO LONG BROWN SUGAR S,0,19,0,0,122438,2326322,2326322
Jun-2026,MAMU GOWA,CARGO MAMU,CARGO LONG BROWN SUGAR S,0,19,0,0,122438,2326322,2326322
Jul-2026,MAMU GOWA,CARGO MAMU,CARGO LONG BROWN SUGAR S,122438,19,0,0,122438,2326322,2326322
Agu-2026,MAMU GOWA,CARGO MAMU,CARGO LONG BROWN SUGAR S,244876,16,0,0,122438,1959008,2326322
Sep-2026,MAMU GOWA,CARGO MAMU,CARGO LONG BROWN SUGAR S,0,16,0,0,122438,1959008,1959008
Okt-2026,MAMU GOWA,CARGO MAMU,CARGO LONG BROWN SUGAR S,0,16,0,0,122438,1959008,1959008
Mar-2026,MAMU GOWA,CARGO MAMU,CARGO LONG BROWN SUGAR XL,122438,5,0,0,122438,612190,0
Apr-2026,MAMU GOWA,CARGO MAMU,CARGO LONG BROWN SUGAR XL,0,4,0,0,122438,489752,612190
Mei-2026,MAMU GOWA,CARGO MAMU,CARGO LONG BROWN SUGAR XL,244876,2,0,0,122438,244876,489752
Jun-2026,MAMU GOWA,CARGO MAMU,CARGO LONG BROWN SUGAR XL,0,2,0,0,122438,244876,244876
Jul-2026,MAMU GOWA,CARGO MAMU,CARGO LONG BROWN SUGAR XL,122438,1,0,0,122438,122438,244876
Agu-2026,MAMU GOWA,CARGO MAMU,CARGO LONG BROWN SUGAR XL,122438,1,0,0,122438,122438,122438
Sep-2026,MAMU GOWA,CARGO MAMU,CARGO LONG BROWN SUGAR XL,0,0,0,0,122438,0,122438
Mar-2026,MAMU GOWA,CARGO MAMU,CARGO LONG CREAM L,367314,3,0,0,122438,367314,0
Apr-2026,MAMU GOWA,CARGO MAMU,CARGO LONG CREAM L,0,0,0,0,122438,0,367314
Mei-2026,MAMU GOWA,CARGO MAMU,CARGO LONG CREAM L,122438,0,0,0,122438,0,0
Agu-2026,MAMU GOWA,CARGO MAMU,CARGO LONG CREAM L,244086,3,0,0,122438,367314,0
Sep-2026,MAMU GOWA,CARGO MAMU,CARGO LONG CREAM L,486346,5,0,0,122438,612190,367314
Okt-2026,MAMU GOWA,CARGO MAMU,CARGO LONG CREAM L,121402,4,0,0,122438,489752,612190
Mar-2026,MAMU GOWA,CARGO MAMU,CARGO LONG CREAM M,857066,18,0,0,122438,2203884,0
Apr-2026,MAMU GOWA,CARGO MAMU,CARGO LONG CREAM M,122438,19,0,0,122438,2326322,2203884
Mei-2026,MAMU GOWA,CARGO MAMU,CARGO LONG CREAM M,122438,19,0,0,122438,2326322,2326322
Jun-2026,MAMU GOWA,CARGO MAMU,CARGO LONG CREAM M,0,19,0,0,122438,2326322,2326322
Jul-2026,MAMU GOWA,CARGO MAMU,CARGO LONG CREAM M,0,19,0,0,122438,2326322,2326322
Agu-2026,MAMU GOWA,CARGO MAMU,CARGO LONG CREAM M,122438,19,0,0,122438,2326322,2326322
Sep-2026,MAMU GOWA,CARGO MAMU,CARGO LONG CREAM M,0,18,0,0,122438,2203884,2326322
Okt-2026,MAMU GOWA,CARGO MAMU,CARGO LONG CREAM M,122438,17,0,0,122438,2081446,2203884
Mar-2026,MAMU GOWA,CARGO MAMU,CARGO LONG CREAM S,244876,7,0,0,122438,857066,0
Apr-2026,MAMU GOWA,CARGO MAMU,CARGO LONG CREAM S,0,7,0,0,122438,857066,857066
Mei-2026,MAMU GOWA,CARGO MAMU,CARGO LONG CREAM S,122438,7,0,0,122438,857066,857066
Jun-2026,MAMU GOWA,CARGO MAMU,CARGO LONG CREAM S,0,7,0,0,122438,857066,857066
Jul-2026,MAMU GOWA,CARGO MAMU,CARGO LONG CREAM S,0,7,0,0,122438,857066,857066
Agu-2026,MAMU GOWA,CARGO MAMU,CARGO LONG CREAM S,367314,5,0,0,122438,612190,857066
Sep-2026,MAMU GOWA,CARGO MAMU,CARGO LONG CREAM S,0,5,0,0,122438,612190,612190
Okt-2026,MAMU GOWA,CARGO MAMU,CARGO LONG CREAM S,0,5,0,0,122438,612190,612190
Mar-2026,MAMU GOWA,CARGO MAMU,CARGO LONG CREAM XL,0,1,0,0,122438,122438,0
Apr-2026,MAMU GOWA,CARGO MAMU,CARGO LONG CREAM XL,122438,0,0,0,122438,0,122438
Agu-2026,MAMU GOWA,CARGO MAMU,CARGO LONG CREAM XL,122400,5,0,0,122438,612190,0
Sep-2026,MAMU GOWA,CARGO MAMU,CARGO LONG CREAM XL,0,14,0,0,122438,1714132,612190
Okt-2026,MAMU GOWA,CARGO MAMU,CARGO LONG CREAM XL,0,14,0,0,122438,1714132,1714132
Mar-2026,MAMU GOWA,CARGO MAMU,CARGO LONG DARK ARMY L,0,1,0,0,122438,122438,0
Apr-2026,MAMU GOWA,CARGO MAMU,CARGO LONG DARK ARMY L,122438,0,0,0,122438,0,122438
Mei-2026,MAMU GOWA,CARGO MAMU,CARGO LONG DARK ARMY L,122438,0,0,0,122438,0,0
Mar-2026,MAMU GOWA,CARGO MAMU,CARGO LONG DARK ARMY M,489752,12,0,0,122438,1469256,0
Apr-2026,MAMU GOWA,CARGO MAMU,CARGO LONG DARK ARMY M,0,12,0,0,122438,1469256,1469256
Mei-2026,MAMU GOWA,CARGO MAMU,CARGO LONG DARK ARMY M,0,12,0,0,122438,1469256,1469256
Jun-2026,MAMU GOWA,CARGO MAMU,CARGO LONG DARK ARMY M,122438,11,0,0,122438,1346818,1469256
Jul-2026,MAMU GOWA,CARGO MAMU,CARGO LONG DARK ARMY M,244876,10,0,0,122438,1224380,1346818
Agu-2026,MAMU GOWA,CARGO MAMU,CARGO LONG DARK ARMY M,244876,8,0,0,122438,979504,1224380
Sep-2026,MAMU GOWA,CARGO MAMU,CARGO LONG DARK ARMY M,122438,6,0,0,122438,734628,979504
Okt-2026,MAMU GOWA,CARGO MAMU,CARGO LONG DARK ARMY M,0,6,0,0,122438,734628,734628
Mar-2026,MAMU GOWA,CARGO MAMU,CARGO LONG DARK ARMY S,367314,10,0,0,122438,1224380,0
Apr-2026,MAMU GOWA,CARGO MAMU,CARGO LONG DARK ARMY S,0,10,0,0,122438,1224380,1224380
Mei-2026,MAMU GOWA,CARGO MAMU,CARGO LONG DARK ARMY S,0,10,0,0,122438,1224380,1224380
Jun-2026,MAMU GOWA,CARGO MAMU,CARGO LONG DARK ARMY S,122438,9,0,0,122438,1101942,1224380
Jul-2026,MAMU GOWA,CARGO MAMU,CARGO LONG DARK ARMY S,122438,8,0,0,122438,979504,1101942
Agu-2026,MAMU GOWA,CARGO MAMU,CARGO LONG DARK ARMY S,122438,8,0,0,122438,979504,979504
Sep-2026,MAMU GOWA,CARGO MAMU,CARGO LONG DARK ARMY S,0,7,0,0,122438,857066,979504
Okt-2026,MAMU GOWA,CARGO MAMU,CARGO LONG DARK ARMY S,0,7,0,0,122438,857066,857066
Mar-2026,MAMU GOWA,CARGO MAMU,CARGO LONG DARK ARMY XL,244876,0,0,0,122438,0,0
Mar-2026,MAMU GOWA,CARGO MAMU,CARGO LONG KHAKY L,122438,1,0,0,122438,122438,0
Apr-2026,MAMU GOWA,CARGO MAMU,CARGO LONG KHAKY L,0,3,0,0,122438,367314,122438
Mei-2026,MAMU GOWA,CARGO MAMU,CARGO LONG KHAKY L,0,0,0,0,122438,0,367314
Mar-2026,MAMU GOWA,CARGO MAMU,CARGO LONG KHAKY M,0,15,0,0,122438,1836570,0
Apr-2026,MAMU GOWA,CARGO MAMU,CARGO LONG KHAKY M,0,12,0,0,122438,1469256,1836570
Mei-2026,MAMU GOWA,CARGO MAMU,CARGO LONG KHAKY M,0,12,0,0,122438,1469256,1469256
Jun-2026,MAMU GOWA,CARGO MAMU,CARGO LONG KHAKY M,122438,12,0,0,122438,1469256,1469256
Jul-2026,MAMU GOWA,CARGO MAMU,CARGO LONG KHAKY M,0,12,0,0,122438,1469256,1469256
Agu-2026,MAMU GOWA,CARGO MAMU,CARGO LONG KHAKY M,224470,11,0,0,122438,1346818,1469256
Sep-2026,MAMU GOWA,CARGO MAMU,CARGO LONG KHAKY M,112235,9,0,0,122438,1101942,1346818
Okt-2026,MAMU GOWA,CARGO MAMU,CARGO LONG KHAKY M,0,9,0,0,122438,1101942,1101942
Mar-2026,MAMU GOWA,CARGO MAMU,CARGO LONG KHAKY S,244876,11,0,0,122438,1346818,0
Apr-2026,MAMU GOWA,CARGO MAMU,CARGO LONG KHAKY S,122438,9,0,0,122438,1101942,1346818
Mei-2026,MAMU GOWA,CARGO MAMU,CARGO LONG KHAKY S,0,9,0,0,122438,1101942,1101942
Jun-2026,MAMU GOWA,CARGO MAMU,CARGO LONG KHAKY S,0,9,0,0,122438,1101942,1101942
Jul-2026,MAMU GOWA,CARGO MAMU,CARGO LONG KHAKY S,0,9,0,0,122438,1101942,1101942
Agu-2026,MAMU GOWA,CARGO MAMU,CARGO LONG KHAKY S,0,9,0,0,122438,1101942,1101942
Sep-2026,MAMU GOWA,CARGO MAMU,CARGO LONG KHAKY S,0,9,0,0,122438,1101942,1101942
Okt-2026,MAMU GOWA,CARGO MAMU,CARGO LONG KHAKY S,0,9,0,0,122438,1101942,1101942
Mar-2026,MAMU GOWA,CARGO MAMU,CARGO LONG KHAKY XL,0,1,0,0,122438,122438,0
Apr-2026,MAMU GOWA,CARGO MAMU,CARGO LONG KHAKY XL,0,1,0,0,122438,122438,122438
Mei-2026,MAMU GOWA,CARGO MAMU,CARGO LONG KHAKY XL,0,1,0,0,122438,122438,122438
Jun-2026,MAMU GOWA,CARGO MAMU,CARGO LONG KHAKY XL,0,1,0,0,122438,122438,122438
Jul-2026,MAMU GOWA,CARGO MAMU,CARGO LONG KHAKY XL,122438,0,0,0,122438,0,122438
Mar-2026,MAMU GOWA,CARGO MAMU,CARGO LONG WHITE L,122438,4,0,0,122438,489752,0
Apr-2026,MAMU GOWA,CARGO MAMU,CARGO LONG WHITE L,0,3,0,0,122438,367314,489752
Mei-2026,MAMU GOWA,CARGO MAMU,CARGO LONG WHITE L,0,4,0,0,122438,489752,367314
Jun-2026,MAMU GOWA,CARGO MAMU,CARGO LONG WHITE L,0,4,0,0,122438,489752,489752
Jul-2026,MAMU GOWA,CARGO MAMU,CARGO LONG WHITE L,0,4,0,0,122438,489752,489752
Agu-2026,MAMU GOWA,CARGO MAMU,CARGO LONG WHITE L,367314,2,0,0,122438,244876,489752
Sep-2026,MAMU GOWA,CARGO MAMU,CARGO LONG WHITE L,122438,2,0,0,122438,244876,244876
Okt-2026,MAMU GOWA,CARGO MAMU,CARGO LONG WHITE L,0,1,0,0,122438,122438,244876
Mar-2026,MAMU GOWA,CARGO MAMU,CARGO LONG WHITE M,244876,23,0,0,122438,2816074,0
Apr-2026,MAMU GOWA,CARGO MAMU,CARGO LONG WHITE M,0,23,0,0,122438,2816074,2816074
Mei-2026,MAMU GOWA,CARGO MAMU,CARGO LONG WHITE M,244876,21,0,0,122438,2571198,2816074
Jun-2026,MAMU GOWA,CARGO MAMU,CARGO LONG WHITE M,0,21,0,0,122438,2571198,2571198
Jul-2026,MAMU GOWA,CARGO MAMU,CARGO LONG WHITE M,0,21,0,0,122438,2571198,2571198
Agu-2026,MAMU GOWA,CARGO MAMU,CARGO LONG WHITE M,489752,17,0,0,122438,2081446,2571198
Sep-2026,MAMU GOWA,CARGO MAMU,CARGO LONG WHITE M,0,17,0,0,122438,2081446,2081446
Okt-2026,MAMU GOWA,CARGO MAMU,CARGO LONG WHITE M,122438,16,0,0,122438,1959008,2081446
Mar-2026,MAMU GOWA,CARGO MAMU,CARGO LONG WHITE S,122438,14,0,0,122438,1714132,0
Apr-2026,MAMU GOWA,CARGO MAMU,CARGO LONG WHITE S,0,14,0,0,122438,1714132,1714132
Mei-2026,MAMU GOWA,CARGO MAMU,CARGO LONG WHITE S,0,14,0,0,122438,1714132,1714132
Jun-2026,MAMU GOWA,CARGO MAMU,CARGO LONG WHITE S,0,14,0,0,122438,1714132,1714132
Jul-2026,MAMU GOWA,CARGO MAMU,CARGO LONG WHITE S,0,14,0,0,122438,1714132,1714132
Agu-2026,MAMU GOWA,CARGO MAMU,CARGO LONG WHITE S,612190,9,0,0,122438,1101942,1714132
Sep-2026,MAMU GOWA,CARGO MAMU,CARGO LONG WHITE S,0,9,0,0,122438,1101942,1101942
Okt-2026,MAMU GOWA,CARGO MAMU,CARGO LONG WHITE S,0,9,0,0,122438,1101942,1101942
Mar-2026,MAMU GOWA,CARGO MAMU,CARGO LONG WHITE XL,0,1,0,0,122438,122438,0
Apr-2026,MAMU GOWA,CARGO MAMU,CARGO LONG WHITE XL,0,1,0,0,122438,122438,122438
Mei-2026,MAMU GOWA,CARGO MAMU,CARGO LONG WHITE XL,0,1,0,0,122438,122438,122438
Jun-2026,MAMU GOWA,CARGO MAMU,CARGO LONG WHITE XL,0,1,0,0,122438,122438,122438
Jul-2026,MAMU GOWA,CARGO MAMU,CARGO LONG WHITE XL,0,1,0,0,122438,122438,122438
Agu-2026,MAMU GOWA,CARGO MAMU,CARGO LONG WHITE XL,122438,0,0,0,122438,0,122438
Mar-2026,MAMU GOWA,CARGO MAMU,CARGO SHORT BLACK L,0,1,0,0,102138,102138,0
Apr-2026,MAMU GOWA,CARGO MAMU,CARGO SHORT BLACK L,0,0,0,0,102138,0,102138
Jun-2026,MAMU GOWA,CARGO MAMU,CARGO SHORT BLACK L,0,5,0,0,102138,510690,0
Jul-2026,MAMU GOWA,CARGO MAMU,CARGO SHORT BLACK L,102400,5,0,0,102138,510690,510690
Agu-2026,MAMU GOWA,CARGO MAMU,CARGO SHORT BLACK L,0,5,0,0,102138,510690,510690
Sep-2026,MAMU GOWA,CARGO MAMU,CARGO SHORT BLACK L,204800,5,0,0,102138,510690,510690
Okt-2026,MAMU GOWA,CARGO MAMU,CARGO SHORT BLACK L,0,5,0,0,102138,510690,510690
Mar-2026,MAMU GOWA,CARGO MAMU,CARGO SHORT BLACK M,1123518,13,0,0,102138,1327794,0
Apr-2026,MAMU GOWA,CARGO MAMU,CARGO SHORT BLACK M,102138,12,0,0,102138,1225656,1327794
Mei-2026,MAMU GOWA,CARGO MAMU,CARGO SHORT BLACK M,102138,11,0,0,102138,1123518,1225656
Jun-2026,MAMU GOWA,CARGO MAMU,CARGO SHORT BLACK M,204276,9,0,0,102138,919242,1123518
Jul-2026,MAMU GOWA,CARGO MAMU,CARGO SHORT BLACK M,204276,7,0,0,102138,714966,919242
Agu-2026,MAMU GOWA,CARGO MAMU,CARGO SHORT BLACK M,102138,7,0,0,102138,714966,714966
Sep-2026,MAMU GOWA,CARGO MAMU,CARGO SHORT BLACK M,102138,6,0,0,102138,612828,714966
Okt-2026,MAMU GOWA,CARGO MAMU,CARGO SHORT BLACK M,0,6,0,0,102138,612828,612828
Mar-2026,MAMU GOWA,CARGO MAMU,CARGO SHORT BLACK S,408552,11,0,0,102138,1123518,0
Apr-2026,MAMU GOWA,CARGO MAMU,CARGO SHORT BLACK S,306414,8,0,0,102138,817104,1123518
Mei-2026,MAMU GOWA,CARGO MAMU,CARGO SHORT BLACK S,408552,4,0,0,102138,408552,817104
Jun-2026,MAMU GOWA,CARGO MAMU,CARGO SHORT BLACK S,0,9,0,0,102138,919242,408552
Jul-2026,MAMU GOWA,CARGO MAMU,CARGO SHORT BLACK S,204568,7,0,0,102138,714966,919242
Agu-2026,MAMU GOWA,CARGO MAMU,CARGO SHORT BLACK S,0,7,0,0,102138,714966,714966
Sep-2026,MAMU GOWA,CARGO MAMU,CARGO SHORT BLACK S,0,7,0,0,102138,714966,714966
Okt-2026,MAMU GOWA,CARGO MAMU,CARGO SHORT BLACK S,0,7,0,0,102138,714966,714966
Apr-2026,MAMU GOWA,CARGO MAMU,CARGO SHORT BLACK XL,102138,1,0,0,102138,102138,0
Mei-2026,MAMU GOWA,CARGO MAMU,CARGO SHORT BLACK XL,0,0,0,0,102138,0,102138
Jun-2026,MAMU GOWA,CARGO MAMU,CARGO SHORT BLACK XL,0,5,0,0,102138,510690,0
Jul-2026,MAMU GOWA,CARGO MAMU,CARGO SHORT BLACK XL,204800,4,0,0,102138,408552,510690
Agu-2026,MAMU GOWA,CARGO MAMU,CARGO SHORT BLACK XL,102400,5,0,0,102138,510690,408552
Sep-2026,MAMU GOWA,CARGO MAMU,CARGO SHORT BLACK XL,204800,5,0,0,102138,510690,510690
Okt-2026,MAMU GOWA,CARGO MAMU,CARGO SHORT BLACK XL,0,4,0,0,102138,408552,510690
Mar-2026,MAMU GOWA,CARGO MAMU,CARGO SHORT BROWN SUGAR L,204276,9,0,0,102138,919242,0
Apr-2026,MAMU GOWA,CARGO MAMU,CARGO SHORT BROWN SUGAR L,102138,8,0,0,102138,817104,919242
Mei-2026,MAMU GOWA,CARGO MAMU,CARGO SHORT BROWN SUGAR L,0,7,0,0,102138,714966,817104
Jun-2026,MAMU GOWA,CARGO MAMU,CARGO SHORT BROWN SUGAR L,102138,6,0,0,102138,612828,714966
Jul-2026,MAMU GOWA,CARGO MAMU,CARGO SHORT BROWN SUGAR L,204276,4,0,0,102138,408552,612828
Agu-2026,MAMU GOWA,CARGO MAMU,CARGO SHORT BROWN SUGAR L,0,4,0,0,102138,408552,408552
Sep-2026,MAMU GOWA,CARGO MAMU,CARGO SHORT BROWN SUGAR L,102138,3,0,0,102138,306414,408552
Okt-2026,MAMU GOWA,CARGO MAMU,CARGO SHORT BROWN SUGAR L,0,3,0,0,102138,306414,306414
Mar-2026,MAMU GOWA,CARGO MAMU,CARGO SHORT BROWN SUGAR M,306414,20,0,0,102138,2042760,0
Apr-2026,MAMU GOWA,CARGO MAMU,CARGO SHORT BROWN SUGAR M,102138,19,0,0,102138,1940622,2042760
Mei-2026,MAMU GOWA,CARGO MAMU,CARGO SHORT BROWN SUGAR M,0,19,0,0,102138,1940622,1940622
Jun-2026,MAMU GOWA,CARGO MAMU,CARGO SHORT BROWN SUGAR M,102138,18,0,0,102138,1838484,1940622
Jul-2026,MAMU GOWA,CARGO MAMU,CARGO SHORT BROWN SUGAR M,102138,17,0,0,102138,1736346,1838484
Agu-2026,MAMU GOWA,CARGO MAMU,CARGO SHORT BROWN SUGAR M,0,17,0,0,102138,1736346,1736346
Sep-2026,MAMU GOWA,CARGO MAMU,CARGO SHORT BROWN SUGAR M,0,17,0,0,102138,1736346,1736346
Okt-2026,MAMU GOWA,CARGO MAMU,CARGO SHORT BROWN SUGAR M,0,17,0,0,102138,1736346,1736346
Mar-2026,MAMU GOWA,CARGO MAMU,CARGO SHORT BROWN SUGAR S,204276,15,0,0,102138,1532070,0
Apr-2026,MAMU GOWA,CARGO MAMU,CARGO SHORT BROWN SUGAR S,102138,14,0,0,102138,1429932,1532070
Mei-2026,MAMU GOWA,CARGO MAMU,CARGO SHORT BROWN SUGAR S,102138,14,0,0,102138,1429932,1429932
Jun-2026,MAMU GOWA,CARGO MAMU,CARGO SHORT BROWN SUGAR S,0,14,0,0,102138,1429932,1429932
Jul-2026,MAMU GOWA,CARGO MAMU,CARGO SHORT BROWN SUGAR S,102138,13,0,0,102138,1327794,1429932
Agu-2026,MAMU GOWA,CARGO MAMU,CARGO SHORT BROWN SUGAR S,102138,12,0,0,102138,1225656,1327794
Sep-2026,MAMU GOWA,CARGO MAMU,CARGO SHORT BROWN SUGAR S,0,12,0,0,102138,1225656,1225656
Okt-2026,MAMU GOWA,CARGO MAMU,CARGO SHORT BROWN SUGAR S,0,12,0,0,102138,1225656,1225656
Mar-2026,MAMU GOWA,CARGO MAMU,CARGO SHORT BROWN SUGAR XL,204276,1,0,0,102138,102138,0
Apr-2026,MAMU GOWA,CARGO MAMU,CARGO SHORT BROWN SUGAR XL,0,1,0,0,102138,102138,102138
Mei-2026,MAMU GOWA,CARGO MAMU,CARGO SHORT BROWN SUGAR XL,0,1,0,0,102138,102138,102138
Jun-2026,MAMU GOWA,CARGO MAMU,CARGO SHORT BROWN SUGAR XL,102138,0,0,0,102138,0,102138
Jun-2026,MAMU GOWA,CARGO MAMU,CARGO SHORT CREAM L,102400,4,0,0,102138,408552,0
Jul-2026,MAMU GOWA,CARGO MAMU,CARGO SHORT CREAM L,102400,3,0,0,102138,306414,408552
Agu-2026,MAMU GOWA,CARGO MAMU,CARGO SHORT CREAM L,102400,3,0,0,102138,306414,306414
Sep-2026,MAMU GOWA,CARGO MAMU,CARGO SHORT CREAM L,0,12,0,0,102138,1225656,306414
Okt-2026,MAMU GOWA,CARGO MAMU,CARGO SHORT CREAM L,0,12,0,0,102138,1225656,1225656
Jun-2026,MAMU GOWA,CARGO MAMU,CARGO SHORT CREAM M,0,5,0,0,102138,510690,0
Jul-2026,MAMU GOWA,CARGO MAMU,CARGO SHORT CREAM M,0,5,0,0,102138,510690,510690
Agu-2026,MAMU GOWA,CARGO MAMU,CARGO SHORT CREAM M,204638,4,0,0,102138,408552,510690
Sep-2026,MAMU GOWA,CARGO MAMU,CARGO SHORT CREAM M,102319,3,0,0,102138,306414,408552
Okt-2026,MAMU GOWA,CARGO MAMU,CARGO SHORT CREAM M,0,3,0,0,102138,306414,306414
Mar-2026,MAMU GOWA,CARGO MAMU,CARGO SHORT CREAM S,0,1,0,0,102138,102138,0
Apr-2026,MAMU GOWA,CARGO MAMU,CARGO SHORT CREAM S,102138,1,0,0,102138,102138,102138
Mei-2026,MAMU GOWA,CARGO MAMU,CARGO SHORT CREAM S,0,0,0,0,102138,0,102138
Jun-2026,MAMU GOWA,CARGO MAMU,CARGO SHORT CREAM S,0,5,0,0,102138,510690,0
Jul-2026,MAMU GOWA,CARGO MAMU,CARGO SHORT CREAM S,0,5,0,0,102138,510690,510690
Agu-2026,MAMU GOWA,CARGO MAMU,CARGO SHORT CREAM S,0,5,0,0,102138,510690,510690
Sep-2026,MAMU GOWA,CARGO MAMU,CARGO SHORT CREAM S,102400,4,0,0,102138,408552,510690
Okt-2026,MAMU GOWA,CARGO MAMU,CARGO SHORT CREAM S,0,4,0,0,102138,408552,408552
Mar-2026,MAMU GOWA,CARGO MAMU,CARGO SHORT CREAM XL,0,1,0,0,102138,102138,0
Apr-2026,MAMU GOWA,CARGO MAMU,CARGO SHORT CREAM XL,102138,0,0,0,102138,0,102138
Jun-2026,MAMU GOWA,CARGO MAMU,CARGO SHORT CREAM XL,0,5,0,0,102138,510690,0
Jul-2026,MAMU GOWA,CARGO MAMU,CARGO SHORT CREAM XL,102400,4,0,0,102138,408552,510690
Agu-2026,MAMU GOWA,CARGO MAMU,CARGO SHORT CREAM XL,0,4,0,0,102138,408552,408552
Sep-2026,MAMU GOWA,CARGO MAMU,CARGO SHORT CREAM XL,0,14,0,0,102138,1429932,408552
Okt-2026,MAMU GOWA,CARGO MAMU,CARGO SHORT CREAM XL,0,14,0,0,102138,1429932,1429932
Feb-2026,MAMU KENDARI,CARGO MAMU,CARGO LONG BLACK L,0,3,0,0,122438,367314,0
Mar-2026,MAMU KENDARI,CARGO MAMU,CARGO LONG BLACK L,122438,2,0,0,122438,244876,367314
Apr-2026,MAMU KENDARI,CARGO MAMU,CARGO LONG BLACK L,0,2,0,0,122438,244876,244876
Mei-2026,MAMU KENDARI,CARGO MAMU,CARGO LONG BLACK L,122438,1,0,0,122438,122438,244876
Jun-2026,MAMU KENDARI,CARGO MAMU,CARGO LONG BLACK L,0,1,0,0,122438,122438,122438
Jul-2026,MAMU KENDARI,CARGO MAMU,CARGO LONG BLACK L,122438,0,0,0,122438,0,122438
Agu-2026,MAMU KENDARI,CARGO MAMU,CARGO LONG BLACK L,367200,1,0,0,122438,122438,0
Sep-2026,MAMU KENDARI,CARGO MAMU,CARGO LONG BLACK L,0,0,0,0,122438,0,122438
Feb-2026,MAMU KENDARI,CARGO MAMU,CARGO LONG BLACK M,0,1,0,0,122438,122438,0
Mar-2026,MAMU KENDARI,CARGO MAMU,CARGO LONG BLACK M,122438,0,0,0,122438,0,122438
Agu-2026,MAMU KENDARI,CARGO MAMU,CARGO LONG BLACK M,122438,2,0,0,122438,244876,0
Sep-2026,MAMU KENDARI,CARGO MAMU,CARGO LONG BLACK M,122438,1,0,0,122438,122438,244876
Okt-2026,MAMU KENDARI,CARGO MAMU,CARGO LONG BLACK M,0,1,0,0,122438,122438,122438
Feb-2026,MAMU KENDARI,CARGO MAMU,CARGO LONG BLACK S,0,5,0,0,122438,612190,0
Mar-2026,MAMU KENDARI,CARGO MAMU,CARGO LONG BLACK S,122438,4,0,0,122438,489752,612190
Apr-2026,MAMU KENDARI,CARGO MAMU,CARGO LONG BLACK S,122438,3,0,0,122438,367314,489752
Mei-2026,MAMU KENDARI,CARGO MAMU,CARGO LONG BLACK S,0,3,0,0,122438,367314,367314
Jun-2026,MAMU KENDARI,CARGO MAMU,CARGO LONG BLACK S,0,3,0,0,122438,367314,367314
Jul-2026,MAMU KENDARI,CARGO MAMU,CARGO LONG BLACK S,122438,3,0,0,122438,367314,367314
Agu-2026,MAMU KENDARI,CARGO MAMU,CARGO LONG BLACK S,122438,1,0,0,122438,122438,367314
Sep-2026,MAMU KENDARI,CARGO MAMU,CARGO LONG BLACK S,0,1,0,0,122438,122438,122438
Okt-2026,MAMU KENDARI,CARGO MAMU,CARGO LONG BLACK S,0,1,0,0,122438,122438,122438
Feb-2026,MAMU KENDARI,CARGO MAMU,CARGO LONG BLACK XL,0,3,0,0,122438,367314,0
Mar-2026,MAMU KENDARI,CARGO MAMU,CARGO LONG BLACK XL,122438,2,0,0,122438,244876,367314
Apr-2026,MAMU KENDARI,CARGO MAMU,CARGO LONG BLACK XL,0,2,0,0,122438,244876,244876
Mei-2026,MAMU KENDARI,CARGO MAMU,CARGO LONG BLACK XL,122438,2,0,0,122438,244876,244876
Jun-2026,MAMU KENDARI,CARGO MAMU,CARGO LONG BLACK XL,0,1,0,0,122438,122438,244876
Jul-2026,MAMU KENDARI,CARGO MAMU,CARGO LONG BLACK XL,0,1,0,0,122438,122438,122438
Agu-2026,MAMU KENDARI,CARGO MAMU,CARGO LONG BLACK XL,122413,2,0,0,122438,244876,122438
Sep-2026,MAMU KENDARI,CARGO MAMU,CARGO LONG BLACK XL,122413,1,0,0,122438,122438,244876
Okt-2026,MAMU KENDARI,CARGO MAMU,CARGO LONG BLACK XL,0,1,0,0,122438,122438,122438
Jul-2026,MAMU KENDARI,CARGO MAMU,CARGO LONG BROWN SUGAR M,122438,0,0,0,122438,0,0
Agu-2026,MAMU KENDARI,CARGO MAMU,CARGO LONG BROWN SUGAR M,122438,1,0,0,122438,122438,0
Sep-2026,MAMU KENDARI,CARGO MAMU,CARGO LONG BROWN SUGAR M,0,1,0,0,122438,122438,122438
Okt-2026,MAMU KENDARI,CARGO MAMU,CARGO LONG BROWN SUGAR M,0,1,0,0,122438,122438,122438
Feb-2026,MAMU KENDARI,CARGO MAMU,CARGO LONG CREAM L,0,3,0,0,122438,367314,0
Mar-2026,MAMU KENDARI,CARGO MAMU,CARGO LONG CREAM L,244876,1,0,0,122438,122438,367314
Apr-2026,MAMU KENDARI,CARGO MAMU,CARGO LONG CREAM L,0,1,0,0,122438,122438,122438
Mei-2026,MAMU KENDARI,CARGO MAMU,CARGO LONG CREAM L,122438,0,0,0,122438,0,122438
Feb-2026,MAMU KENDARI,CARGO MAMU,CARGO LONG CREAM M,0,1,0,0,122438,122438,0
Mar-2026,MAMU KENDARI,CARGO MAMU,CARGO LONG CREAM M,0,1,0,0,122438,122438,122438
Apr-2026,MAMU KENDARI,CARGO MAMU,CARGO LONG CREAM M,0,1,0,0,122438,122438,122438
Mei-2026,MAMU KENDARI,CARGO MAMU,CARGO LONG CREAM M,0,1,0,0,122438,122438,122438
Jun-2026,MAMU KENDARI,CARGO MAMU,CARGO LONG CREAM M,0,1,0,0,122438,122438,122438
Jul-2026,MAMU KENDARI,CARGO MAMU,CARGO LONG CREAM M,122438,0,0,0,122438,0,122438
Agu-2026,MAMU KENDARI,CARGO MAMU,CARGO LONG CREAM M,0,5,0,0,122438,612190,0
Sep-2026,MAMU KENDARI,CARGO MAMU,CARGO LONG CREAM M,0,4,0,0,122438,489752,612190
Okt-2026,MAMU KENDARI,CARGO MAMU,CARGO LONG CREAM M,0,4,0,0,122438,489752,489752
Feb-2026,MAMU KENDARI,CARGO MAMU,CARGO LONG CREAM S,0,7,0,0,122438,857066,0
Mar-2026,MAMU KENDARI,CARGO MAMU,CARGO LONG CREAM S,122438,6,0,0,122438,734628,857066
Apr-2026,MAMU KENDARI,CARGO MAMU,CARGO LONG CREAM S,0,6,0,0,122438,734628,734628
Mei-2026,MAMU KENDARI,CARGO MAMU,CARGO LONG CREAM S,122438,5,0,0,122438,612190,734628
Jun-2026,MAMU KENDARI,CARGO MAMU,CARGO LONG CREAM S,0,5,0,0,122438,612190,612190
Jul-2026,MAMU KENDARI,CARGO MAMU,CARGO LONG CREAM S,0,4,0,0,122438,489752,612190
Agu-2026,MAMU KENDARI,CARGO MAMU,CARGO LONG CREAM S,244876,2,0,0,122438,244876,489752
Sep-2026,MAMU KENDARI,CARGO MAMU,CARGO LONG CREAM S,0,2,0,0,122438,244876,244876
Okt-2026,MAMU KENDARI,CARGO MAMU,CARGO LONG CREAM S,0,2,0,0,122438,244876,244876
Feb-2026,MAMU KENDARI,CARGO MAMU,CARGO LONG CREAM XL,0,3,0,0,122438,367314,0
Mar-2026,MAMU KENDARI,CARGO MAMU,CARGO LONG CREAM XL,244876,1,0,0,122438,122438,367314
Apr-2026,MAMU KENDARI,CARGO MAMU,CARGO LONG CREAM XL,0,0,0,0,122438,0,122438
Feb-2026,MAMU KENDARI,CARGO MAMU,CARGO LONG DARK ARMY L,0,3,0,0,122438,367314,0
Mar-2026,MAMU KENDARI,CARGO MAMU,CARGO LONG DARK ARMY L,0,3,0,0,122438,367314,367314
Apr-2026,MAMU KENDARI,CARGO MAMU,CARGO LONG DARK ARMY L,0,3,0,0,122438,367314,367314
Mei-2026,MAMU KENDARI,CARGO MAMU,CARGO LONG DARK ARMY L,244876,1,0,0,122438,122438,367314
Jun-2026,MAMU KENDARI,CARGO MAMU,CARGO LONG DARK ARMY L,122438,0,0,0,122438,0,122438
Feb-2026,MAMU KENDARI,CARGO MAMU,CARGO LONG DARK ARMY M,0,1,0,0,122438,122438,0
Mar-2026,MAMU KENDARI,CARGO MAMU,CARGO LONG DARK ARMY M,122438,0,0,0,122438,0,122438
Agu-2026,MAMU KENDARI,CARGO MAMU,CARGO LONG DARK ARMY M,122438,5,0,0,122438,612190,0
Sep-2026,MAMU KENDARI,CARGO MAMU,CARGO LONG DARK ARMY M,122438,3,0,0,122438,367314,612190
Okt-2026,MAMU KENDARI,CARGO MAMU,CARGO LONG DARK ARMY M,0,3,0,0,122438,367314,367314
Feb-2026,MAMU KENDARI,CARGO MAMU,CARGO LONG DARK ARMY S,0,4,0,0,122438,489752,0
Mar-2026,MAMU KENDARI,CARGO MAMU,CARGO LONG DARK ARMY S,122438,3,0,0,122438,367314,489752
Apr-2026,MAMU KENDARI,CARGO MAMU,CARGO LONG DARK ARMY S,0,3,0,0,122438,367314,367314
Mei-2026,MAMU KENDARI,CARGO MAMU,CARGO LONG DARK ARMY S,0,3,0,0,122438,367314,367314
Jun-2026,MAMU KENDARI,CARGO MAMU,CARGO LONG DARK ARMY S,0,3,0,0,122438,367314,367314
Jul-2026,MAMU KENDARI,CARGO MAMU,CARGO LONG DARK ARMY S,0,3,0,0,122438,367314,367314
Agu-2026,MAMU KENDARI,CARGO MAMU,CARGO LONG DARK ARMY S,244876,2,0,0,122438,244876,367314
Sep-2026,MAMU KENDARI,CARGO MAMU,CARGO LONG DARK ARMY S,0,1,0,0,122438,122438,244876
Okt-2026,MAMU KENDARI,CARGO MAMU,CARGO LONG DARK ARMY S,0,1,0,0,122438,122438,122438
Feb-2026,MAMU KENDARI,CARGO MAMU,CARGO LONG DARK ARMY XL,0,5,0,0,122438,612190,0
Mar-2026,MAMU KENDARI,CARGO MAMU,CARGO LONG DARK ARMY XL,0,5,0,0,122438,612190,612190
Apr-2026,MAMU KENDARI,CARGO MAMU,CARGO LONG DARK ARMY XL,0,4,0,0,122438,489752,612190
Mei-2026,MAMU KENDARI,CARGO MAMU,CARGO LONG DARK ARMY XL,0,4,0,0,122438,489752,489752
Jun-2026,MAMU KENDARI,CARGO MAMU,CARGO LONG DARK ARMY XL,122438,3,0,0,122438,367314,489752
Jul-2026,MAMU KENDARI,CARGO MAMU,CARGO LONG DARK ARMY XL,367314,2,0,0,122438,244876,367314
Agu-2026,MAMU KENDARI,CARGO MAMU,CARGO LONG DARK ARMY XL,0,0,0,0,122438,0,244876
Feb-2026,MAMU KENDARI,CARGO MAMU,CARGO LONG KHAKY L,0,3,0,0,122438,367314,0
Mar-2026,MAMU KENDARI,CARGO MAMU,CARGO LONG KHAKY L,244876,1,0,0,122438,122438,367314
Apr-2026,MAMU KENDARI,CARGO MAMU,CARGO LONG KHAKY L,0,1,0,0,122438,122438,122438
Mei-2026,MAMU KENDARI,CARGO MAMU,CARGO LONG KHAKY L,122438,0,0,0,122438,0,122438
Feb-2026,MAMU KENDARI,CARGO MAMU,CARGO LONG KHAKY M,0,1,0,0,122438,122438,0
Mar-2026,MAMU KENDARI,CARGO MAMU,CARGO LONG KHAKY M,0,1,0,0,122438,122438,122438
Apr-2026,MAMU KENDARI,CARGO MAMU,CARGO LONG KHAKY M,0,1,0,0,122438,122438,122438
Mei-2026,MAMU KENDARI,CARGO MAMU,CARGO LONG KHAKY M,0,1,0,0,122438,122438,122438
Jun-2026,MAMU KENDARI,CARGO MAMU,CARGO LONG KHAKY M,0,1,0,0,122438,122438,122438
Jul-2026,MAMU KENDARI,CARGO MAMU,CARGO LONG KHAKY M,0,1,0,0,122438,122438,122438
Agu-2026,MAMU KENDARI,CARGO MAMU,CARGO LONG KHAKY M,0,1,0,0,122438,122438,122438
Sep-2026,MAMU KENDARI,CARGO MAMU,CARGO LONG KHAKY M,0,1,0,0,122438,122438,122438
Okt-2026,MAMU KENDARI,CARGO MAMU,CARGO LONG KHAKY M,0,1,0,0,122438,122438,122438
Feb-2026,MAMU KENDARI,CARGO MAMU,CARGO LONG KHAKY S,0,4,0,0,122438,489752,0
Mar-2026,MAMU KENDARI,CARGO MAMU,CARGO LONG KHAKY S,122438,3,0,0,122438,367314,489752
Apr-2026,MAMU KENDARI,CARGO MAMU,CARGO LONG KHAKY S,0,3,0,0,122438,367314,367314
Mei-2026,MAMU KENDARI,CARGO MAMU,CARGO LONG KHAKY S,122438,2,0,0,122438,244876,367314
Jun-2026,MAMU KENDARI,CARGO MAMU,CARGO LONG KHAKY S,0,2,0,0,122438,244876,244876
Jul-2026,MAMU KENDARI,CARGO MAMU,CARGO LONG KHAKY S,81625,3,0,0,122438,367314,244876
Agu-2026,MAMU KENDARI,CARGO MAMU,CARGO LONG KHAKY S,81625,1,0,0,122438,122438,367314
Sep-2026,MAMU KENDARI,CARGO MAMU,CARGO LONG KHAKY S,0,1,0,0,122438,122438,122438
Okt-2026,MAMU KENDARI,CARGO MAMU,CARGO LONG KHAKY S,0,1,0,0,122438,122438,122438
Feb-2026,MAMU KENDARI,CARGO MAMU,CARGO LONG KHAKY XL,122438,2,0,0,122438,244876,0
Mar-2026,MAMU KENDARI,CARGO MAMU,CARGO LONG KHAKY XL,244876,0,0,0,122438,0,244876
Apr-2026,MAMU KENDARI,CARGO MAMU,CARGO LONG KHAKY XL,0,1,0,0,122438,122438,0
Mei-2026,MAMU KENDARI,CARGO MAMU,CARGO LONG KHAKY XL,0,1,0,0,122438,122438,122438
Jun-2026,MAMU KENDARI,CARGO MAMU,CARGO LONG KHAKY XL,0,1,0,0,122438,122438,122438
Jul-2026,MAMU KENDARI,CARGO MAMU,CARGO LONG KHAKY XL,122438,1,0,0,122438,122438,122438
Agu-2026,MAMU KENDARI,CARGO MAMU,CARGO LONG KHAKY XL,0,0,0,0,122438,0,122438
Feb-2026,MAMU KENDARI,CARGO MAMU,CARGO LONG WHITE L,0,3,0,0,122438,367314,0
Mar-2026,MAMU KENDARI,CARGO MAMU,CARGO LONG WHITE L,122438,2,0,0,122438,244876,367314
Apr-2026,MAMU KENDARI,CARGO MAMU,CARGO LONG WHITE L,857066,5,0,0,122438,612190,244876
Mei-2026,MAMU KENDARI,CARGO MAMU,CARGO LONG WHITE L,244876,3,0,0,122438,367314,612190
Jun-2026,MAMU KENDARI,CARGO MAMU,CARGO LONG WHITE L,0,3,0,0,122438,367314,367314
Jul-2026,MAMU KENDARI,CARGO MAMU,CARGO LONG WHITE L,0,3,0,0,122438,367314,367314
Agu-2026,MAMU KENDARI,CARGO MAMU,CARGO LONG WHITE L,367314,1,0,0,122438,122438,367314
Sep-2026,MAMU KENDARI,CARGO MAMU,CARGO LONG WHITE L,0,0,0,0,122438,0,122438
Feb-2026,MAMU KENDARI,CARGO MAMU,CARGO LONG WHITE M,0,1,0,0,122438,122438,0
Mar-2026,MAMU KENDARI,CARGO MAMU,CARGO LONG WHITE M,122438,0,0,0,122438,0,122438
Apr-2026,MAMU KENDARI,CARGO MAMU,CARGO LONG WHITE M,122438,4,0,0,122438,489752,0
Mei-2026,MAMU KENDARI,CARGO MAMU,CARGO LONG WHITE M,0,4,0,0,122438,489752,489752
Jun-2026,MAMU KENDARI,CARGO MAMU,CARGO LONG WHITE M,0,4,0,0,122438,489752,489752
Jul-2026,MAMU KENDARI,CARGO MAMU,CARGO LONG WHITE M,122438,3,0,0,122438,367314,489752
Agu-2026,MAMU KENDARI,CARGO MAMU,CARGO LONG WHITE M,367314,1,0,0,122438,122438,367314
Sep-2026,MAMU KENDARI,CARGO MAMU,CARGO LONG WHITE M,0,0,0,0,122438,0,122438
Feb-2026,MAMU KENDARI,CARGO MAMU,CARGO LONG WHITE S,0,4,0,0,122438,489752,0
Mar-2026,MAMU KENDARI,CARGO MAMU,CARGO LONG WHITE S,0,4,0,0,122438,489752,489752
Apr-2026,MAMU KENDARI,CARGO MAMU,CARGO LONG WHITE S,122438,3,0,0,122438,367314,489752
Mei-2026,MAMU KENDARI,CARGO MAMU,CARGO LONG WHITE S,0,3,0,0,122438,367314,367314
Jun-2026,MAMU KENDARI,CARGO MAMU,CARGO LONG WHITE S,0,3,0,0,122438,367314,367314
Jul-2026,MAMU KENDARI,CARGO MAMU,CARGO LONG WHITE S,0,3,0,0,122438,367314,367314
Agu-2026,MAMU KENDARI,CARGO MAMU,CARGO LONG WHITE S,244876,3,0,0,122438,367314,367314
Sep-2026,MAMU KENDARI,CARGO MAMU,CARGO LONG WHITE S,0,1,0,0,122438,122438,367314
Okt-2026,MAMU KENDARI,CARGO MAMU,CARGO LONG WHITE S,0,1,0,0,122438,122438,122438
Feb-2026,MAMU KENDARI,CARGO MAMU,CARGO LONG WHITE XL,0,3,0,0,122438,367314,0
Mar-2026,MAMU KENDARI,CARGO MAMU,CARGO LONG WHITE XL,0,3,0,0,122438,367314,367314
Apr-2026,MAMU KENDARI,CARGO MAMU,CARGO LONG WHITE XL,0,5,0,0,122438,612190,367314
Mei-2026,MAMU KENDARI,CARGO MAMU,CARGO LONG WHITE XL,0,5,0,0,122438,612190,612190
Jun-2026,MAMU KENDARI,CARGO MAMU,CARGO LONG WHITE XL,0,5,0,0,122438,612190,612190
Jul-2026,MAMU KENDARI,CARGO MAMU,CARGO LONG WHITE XL,0,5,0,0,122438,612190,612190
Agu-2026,MAMU KENDARI,CARGO MAMU,CARGO LONG WHITE XL,244876,3,0,0,122438,367314,612190
Sep-2026,MAMU KENDARI,CARGO MAMU,CARGO LONG WHITE XL,0,3,0,0,122438,367314,367314
Okt-2026,MAMU KENDARI,CARGO MAMU,CARGO LONG WHITE XL,0,3,0,0,122438,367314,367314
Feb-2026,MAMU KENDARI,CARGO MAMU,CARGO SHORT BLACK L,0,3,0,0,102138,306414,0
Mar-2026,MAMU KENDARI,CARGO MAMU,CARGO SHORT BLACK L,102138,2,0,0,102138,204276,306414
Apr-2026,MAMU KENDARI,CARGO MAMU,CARGO SHORT BLACK L,0,2,0,0,102138,204276,204276
Mei-2026,MAMU KENDARI,CARGO MAMU,CARGO SHORT BLACK L,102138,1,0,0,102138,102138,204276
Jun-2026,MAMU KENDARI,CARGO MAMU,CARGO SHORT BLACK L,0,1,0,0,102138,102138,102138
Jul-2026,MAMU KENDARI,CARGO MAMU,CARGO SHORT BLACK L,0,1,0,0,102138,102138,102138
Agu-2026,MAMU KENDARI,CARGO MAMU,CARGO SHORT BLACK L,0,5,0,0,102138,510690,102138
Sep-2026,MAMU KENDARI,CARGO MAMU,CARGO SHORT BLACK L,0,5,0,0,102138,510690,510690
Okt-2026,MAMU KENDARI,CARGO MAMU,CARGO SHORT BLACK L,0,5,0,0,102138,510690,510690
Feb-2026,MAMU KENDARI,CARGO MAMU,CARGO SHORT BLACK M,0,1,0,0,102138,102138,0
Mar-2026,MAMU KENDARI,CARGO MAMU,CARGO SHORT BLACK M,102138,1,0,0,102138,102138,102138
Apr-2026,MAMU KENDARI,CARGO MAMU,CARGO SHORT BLACK M,0,1,0,0,102138,102138,102138
Mei-2026,MAMU KENDARI,CARGO MAMU,CARGO SHORT BLACK M,0,1,0,0,102138,102138,102138
Jun-2026,MAMU KENDARI,CARGO MAMU,CARGO SHORT BLACK M,0,1,0,0,102138,102138,102138
Jul-2026,MAMU KENDARI,CARGO MAMU,CARGO SHORT BLACK M,0,1,0,0,102138,102138,102138
Agu-2026,MAMU KENDARI,CARGO MAMU,CARGO SHORT BLACK M,102138,0,0,0,102138,0,102138
Feb-2026,MAMU KENDARI,CARGO MAMU,CARGO SHORT BLACK S,0,4,0,0,102138,408552,0
Mar-2026,MAMU KENDARI,CARGO MAMU,CARGO SHORT BLACK S,0,4,0,0,102138,408552,408552
Apr-2026,MAMU KENDARI,CARGO MAMU,CARGO SHORT BLACK S,0,4,0,0,102138,408552,408552
Mei-2026,MAMU KENDARI,CARGO MAMU,CARGO SHORT BLACK S,0,4,0,0,102138,408552,408552
Jun-2026,MAMU KENDARI,CARGO MAMU,CARGO SHORT BLACK S,102138,3,0,0,102138,306414,408552
Jul-2026,MAMU KENDARI,CARGO MAMU,CARGO SHORT BLACK S,204276,1,0,0,102138,102138,306414
Agu-2026,MAMU KENDARI,CARGO MAMU,CARGO SHORT BLACK S,102138,0,0,0,102138,0,102138
Feb-2026,MAMU KENDARI,CARGO MAMU,CARGO SHORT BLACK XL,0,3,0,0,102138,306414,0
Mar-2026,MAMU KENDARI,CARGO MAMU,CARGO SHORT BLACK XL,0,3,0,0,102138,306414,306414
Apr-2026,MAMU KENDARI,CARGO MAMU,CARGO SHORT BLACK XL,0,3,0,0,102138,306414,306414
Mei-2026,MAMU KENDARI,CARGO MAMU,CARGO SHORT BLACK XL,102138,2,0,0,102138,204276,306414
Jun-2026,MAMU KENDARI,CARGO MAMU,CARGO SHORT BLACK XL,204276,0,0,0,102138,0,204276
Agu-2026,MAMU KENDARI,CARGO MAMU,CARGO SHORT BLACK XL,102400,4,0,0,102138,408552,0
Sep-2026,MAMU KENDARI,CARGO MAMU,CARGO SHORT BLACK XL,204800,2,0,0,102138,204276,408552
Okt-2026,MAMU KENDARI,CARGO MAMU,CARGO SHORT BLACK XL,0,2,0,0,102138,204276,204276
Feb-2026,MAMU KENDARI,CARGO MAMU,CARGO SHORT CREAM L,0,3,0,0,102138,306414,0
Mar-2026,MAMU KENDARI,CARGO MAMU,CARGO SHORT CREAM L,0,3,0,0,102138,306414,306414
Apr-2026,MAMU KENDARI,CARGO MAMU,CARGO SHORT CREAM L,0,2,0,0,102138,204276,306414
Mei-2026,MAMU KENDARI,CARGO MAMU,CARGO SHORT CREAM L,0,2,0,0,102138,204276,204276
Jun-2026,MAMU KENDARI,CARGO MAMU,CARGO SHORT CREAM L,0,2,0,0,102138,204276,204276
Jul-2026,MAMU KENDARI,CARGO MAMU,CARGO SHORT CREAM L,0,2,0,0,102138,204276,204276
Agu-2026,MAMU KENDARI,CARGO MAMU,CARGO SHORT CREAM L,0,3,0,0,102138,306414,204276
Sep-2026,MAMU KENDARI,CARGO MAMU,CARGO SHORT CREAM L,102225,2,0,0,102138,204276,306414
Okt-2026,MAMU KENDARI,CARGO MAMU,CARGO SHORT CREAM L,0,2,0,0,102138,204276,204276
Feb-2026,MAMU KENDARI,CARGO MAMU,CARGO SHORT CREAM M,102138,0,0,0,102138,0,0
Apr-2026,MAMU KENDARI,CARGO MAMU,CARGO SHORT CREAM M,0,1,0,0,102138,102138,0
Mei-2026,MAMU KENDARI,CARGO MAMU,CARGO SHORT CREAM M,0,1,0,0,102138,102138,102138
Jun-2026,MAMU KENDARI,CARGO MAMU,CARGO SHORT CREAM M,0,1,0,0,102138,102138,102138
Jul-2026,MAMU KENDARI,CARGO MAMU,CARGO SHORT CREAM M,0,1,0,0,102138,102138,102138
Agu-2026,MAMU KENDARI,CARGO MAMU,CARGO SHORT CREAM M,0,1,0,0,102138,102138,102138
Sep-2026,MAMU KENDARI,CARGO MAMU,CARGO SHORT CREAM M,102138,1,0,0,102138,102138,102138
Okt-2026,MAMU KENDARI,CARGO MAMU,CARGO SHORT CREAM M,0,1,0,0,102138,102138,102138
Feb-2026,MAMU KENDARI,CARGO MAMU,CARGO SHORT CREAM S,0,2,0,0,102138,204276,0
Mar-2026,MAMU KENDARI,CARGO MAMU,CARGO SHORT CREAM S,0,2,0,0,102138,204276,204276
Apr-2026,MAMU KENDARI,CARGO MAMU,CARGO SHORT CREAM S,0,2,0,0,102138,204276,204276
Mei-2026,MAMU KENDARI,CARGO MAMU,CARGO SHORT CREAM S,0,2,0,0,102138,204276,204276
Jun-2026,MAMU KENDARI,CARGO MAMU,CARGO SHORT CREAM S,0,2,0,0,102138,204276,204276
Jul-2026,MAMU KENDARI,CARGO MAMU,CARGO SHORT CREAM S,0,2,0,0,102138,204276,204276
Agu-2026,MAMU KENDARI,CARGO MAMU,CARGO SHORT CREAM S,102138,1,0,0,102138,102138,204276
Sep-2026,MAMU KENDARI,CARGO MAMU,CARGO SHORT CREAM S,0,1,0,0,102138,102138,102138
Okt-2026,MAMU KENDARI,CARGO MAMU,CARGO SHORT CREAM S,0,1,0,0,102138,102138,102138
Agu-2026,MAMU KENDARI,CARGO MAMU,CARGO SHORT CREAM XL,102400,3,0,0,102138,306414,0
Sep-2026,MAMU KENDARI,CARGO MAMU,CARGO SHORT CREAM XL,0,2,0,0,102138,204276,306414
Okt-2026,MAMU KENDARI,CARGO MAMU,CARGO SHORT CREAM XL,0,2,0,0,102138,204276,204276
Feb-2026,MAMU MAKASSAR,CARGO MAMU,CARGO LONG BLACK L,122438,22,0,0,122438,2693636,0
Mar-2026,MAMU MAKASSAR,CARGO MAMU,CARGO LONG BLACK L,857066,12,0,0,122438,1469256,2693636
Apr-2026,MAMU MAKASSAR,CARGO MAMU,CARGO LONG BLACK L,734628,8,0,0,122438,979504,1469256
Mei-2026,MAMU MAKASSAR,CARGO MAMU,CARGO LONG BLACK L,612190,1,0,0,122438,122438,979504
Jun-2026,MAMU MAKASSAR,CARGO MAMU,CARGO LONG BLACK L,367244,9,0,0,122438,1101942,122438
Jul-2026,MAMU MAKASSAR,CARGO MAMU,CARGO LONG BLACK L,367209,8,0,0,122438,979504,1101942
Agu-2026,MAMU MAKASSAR,CARGO MAMU,CARGO LONG BLACK L,612021,5,0,0,122438,612190,979504
Sep-2026,MAMU MAKASSAR,CARGO MAMU,CARGO LONG BLACK L,244806,3,0,0,122438,367314,612190
Okt-2026,MAMU MAKASSAR,CARGO MAMU,CARGO LONG BLACK L,0,3,0,0,122438,367314,367314
Feb-2026,MAMU MAKASSAR,CARGO MAMU,CARGO LONG BLACK M,0,33,0,0,122438,4040454,0
Mar-2026,MAMU MAKASSAR,CARGO MAMU,CARGO LONG BLACK M,1591694,48,0,0,122438,5877024,4040454
Apr-2026,MAMU MAKASSAR,CARGO MAMU,CARGO LONG BLACK M,734628,42,0,0,122438,5142396,5877024
Mei-2026,MAMU MAKASSAR,CARGO MAMU,CARGO LONG BLACK M,612190,18,0,0,122438,2203884,5142396
Jun-2026,MAMU MAKASSAR,CARGO MAMU,CARGO LONG BLACK M,734628,11,0,0,122438,1346818,2203884
Jul-2026,MAMU MAKASSAR,CARGO MAMU,CARGO LONG BLACK M,367314,15,0,0,122438,1836570,1346818
Agu-2026,MAMU MAKASSAR,CARGO MAMU,CARGO LONG BLACK M,996993,6,0,0,122438,734628,1836570
Sep-2026,MAMU MAKASSAR,CARGO MAMU,CARGO LONG BLACK M,571796,5,0,0,122438,612190,734628
Okt-2026,MAMU MAKASSAR,CARGO MAMU,CARGO LONG BLACK M,117960,3,0,0,122438,367314,612190
Feb-2026,MAMU MAKASSAR,CARGO MAMU,CARGO LONG BLACK S,0,33,0,0,122438,4040454,0
Mar-2026,MAMU MAKASSAR,CARGO MAMU,CARGO LONG BLACK S,1591694,25,0,0,122438,3060950,4040454
Apr-2026,MAMU MAKASSAR,CARGO MAMU,CARGO LONG BLACK S,489752,20,0,0,122438,2448760,3060950
Mei-2026,MAMU MAKASSAR,CARGO MAMU,CARGO LONG BLACK S,489752,12,0,0,122438,1469256,2448760
Jun-2026,MAMU MAKASSAR,CARGO MAMU,CARGO LONG BLACK S,367314,8,0,0,122438,979504,1469256
Jul-2026,MAMU MAKASSAR,CARGO MAMU,CARGO LONG BLACK S,244876,6,0,0,122438,734628,979504
Agu-2026,MAMU MAKASSAR,CARGO MAMU,CARGO LONG BLACK S,244876,5,0,0,122438,612190,734628
Sep-2026,MAMU MAKASSAR,CARGO MAMU,CARGO LONG BLACK S,367286,5,0,0,122438,612190,612190
Okt-2026,MAMU MAKASSAR,CARGO MAMU,CARGO LONG BLACK S,122422,4,0,0,122438,489752,612190
Feb-2026,MAMU MAKASSAR,CARGO MAMU,CARGO LONG BLACK XL,0,6,0,0,122438,734628,0
Mar-2026,MAMU MAKASSAR,CARGO MAMU,CARGO LONG BLACK XL,612190,0,0,0,122438,0,734628
Apr-2026,MAMU MAKASSAR,CARGO MAMU,CARGO LONG BLACK XL,122438,0,0,0,122438,0,0
Jun-2026,MAMU MAKASSAR,CARGO MAMU,CARGO LONG BLACK XL,122400,9,0,0,122438,1101942,0
Jul-2026,MAMU MAKASSAR,CARGO MAMU,CARGO LONG BLACK XL,122400,8,0,0,122438,979504,1101942
Agu-2026,MAMU MAKASSAR,CARGO MAMU,CARGO LONG BLACK XL,734400,4,0,0,122438,489752,979504
Sep-2026,MAMU MAKASSAR,CARGO MAMU,CARGO LONG BLACK XL,489600,5,0,0,122438,612190,489752
Okt-2026,MAMU MAKASSAR,CARGO MAMU,CARGO LONG BLACK XL,0,4,0,0,122438,489752,612190
Mar-2026,MAMU MAKASSAR,CARGO MAMU,CARGO LONG BROWN SUGAR L,612190,13,0,0,122438,1591694,0
Apr-2026,MAMU MAKASSAR,CARGO MAMU,CARGO LONG BROWN SUGAR L,122438,14,0,0,122438,1714132,1591694
Mei-2026,MAMU MAKASSAR,CARGO MAMU,CARGO LONG BROWN SUGAR L,489752,7,0,0,122438,857066,1714132
Jun-2026,MAMU MAKASSAR,CARGO MAMU,CARGO LONG BROWN SUGAR L,122438,2,0,0,122438,244876,857066
Jul-2026,MAMU MAKASSAR,CARGO MAMU,CARGO LONG BROWN SUGAR L,122438,2,0,0,122438,244876,244876
Agu-2026,MAMU MAKASSAR,CARGO MAMU,CARGO LONG BROWN SUGAR L,489752,0,0,0,122438,0,244876
Mar-2026,MAMU MAKASSAR,CARGO MAMU,CARGO LONG BROWN SUGAR M,367314,37,0,0,122438,4530206,0
Apr-2026,MAMU MAKASSAR,CARGO MAMU,CARGO LONG BROWN SUGAR M,122438,34,0,0,122438,4162892,4530206
Mei-2026,MAMU MAKASSAR,CARGO MAMU,CARGO LONG BROWN SUGAR M,367314,8,0,0,122438,979504,4162892
Jun-2026,MAMU MAKASSAR,CARGO MAMU,CARGO LONG BROWN SUGAR M,122438,7,0,0,122438,857066,979504
Jul-2026,MAMU MAKASSAR,CARGO MAMU,CARGO LONG BROWN SUGAR M,0,7,0,0,122438,857066,857066
Agu-2026,MAMU MAKASSAR,CARGO MAMU,CARGO LONG BROWN SUGAR M,489752,4,0,0,122438,489752,857066
Sep-2026,MAMU MAKASSAR,CARGO MAMU,CARGO LONG BROWN SUGAR M,367314,5,0,0,122438,612190,489752
Okt-2026,MAMU MAKASSAR,CARGO MAMU,CARGO LONG BROWN SUGAR M,122438,5,0,0,122438,612190,612190
Mar-2026,MAMU MAKASSAR,CARGO MAMU,CARGO LONG BROWN SUGAR S,244876,0,0,0,122438,0,0
Apr-2026,MAMU MAKASSAR,CARGO MAMU,CARGO LONG BROWN SUGAR S,0,7,0,0,122438,857066,0
Mei-2026,MAMU MAKASSAR,CARGO MAMU,CARGO LONG BROWN SUGAR S,122438,6,0,0,122438,734628,857066
Jun-2026,MAMU MAKASSAR,CARGO MAMU,CARGO LONG BROWN SUGAR S,0,10,0,0,122438,1224380,734628
Jul-2026,MAMU MAKASSAR,CARGO MAMU,CARGO LONG BROWN SUGAR S,0,15,0,0,122438,1836570,1224380
Agu-2026,MAMU MAKASSAR,CARGO MAMU,CARGO LONG BROWN SUGAR S,320008,12,0,0,122438,1469256,1836570
Sep-2026,MAMU MAKASSAR,CARGO MAMU,CARGO LONG BROWN SUGAR S,240006,9,0,0,122438,1101942,1469256
Okt-2026,MAMU MAKASSAR,CARGO MAMU,CARGO LONG BROWN SUGAR S,80002,8,0,0,122438,979504,1101942
Mar-2026,MAMU MAKASSAR,CARGO MAMU,CARGO LONG BROWN SUGAR XL,489752,0,0,0,122438,0,0
Feb-2026,MAMU MAKASSAR,CARGO MAMU,CARGO LONG CREAM L,122438,13,0,0,122438,1591694,0
Mar-2026,MAMU MAKASSAR,CARGO MAMU,CARGO LONG CREAM L,979504,0,0,0,122438,0,1591694
Apr-2026,MAMU MAKASSAR,CARGO MAMU,CARGO LONG CREAM L,122438,3,0,0,122438,367314,0
Mei-2026,MAMU MAKASSAR,CARGO MAMU,CARGO LONG CREAM L,244876,1,0,0,122438,122438,367314
Jun-2026,MAMU MAKASSAR,CARGO MAMU,CARGO LONG CREAM L,61219,1,0,0,122438,122438,122438
Jul-2026,MAMU MAKASSAR,CARGO MAMU,CARGO LONG CREAM L,116838,0,0,0,122438,0,122438
Agu-2026,MAMU MAKASSAR,CARGO MAMU,CARGO LONG CREAM L,122043,5,0,0,122438,612190,0
Sep-2026,MAMU MAKASSAR,CARGO MAMU,CARGO LONG CREAM L,121867,5,0,0,122438,612190,612190
Okt-2026,MAMU MAKASSAR,CARGO MAMU,CARGO LONG CREAM L,0,5,4,0,122438,1101942,612190
Feb-2026,MAMU MAKASSAR,CARGO MAMU,CARGO LONG CREAM M,0,23,0,0,122438,2816074,0
Mar-2026,MAMU MAKASSAR,CARGO MAMU,CARGO LONG CREAM M,489752,26,0,0,122438,3183388,2816074
Apr-2026,MAMU MAKASSAR,CARGO MAMU,CARGO LONG CREAM M,489752,22,0,0,122438,2693636,3183388
Mei-2026,MAMU MAKASSAR,CARGO MAMU,CARGO LONG CREAM M,489752,6,0,0,122438,734628,2693636
Jun-2026,MAMU MAKASSAR,CARGO MAMU,CARGO LONG CREAM M,122438,5,0,0,122438,612190,734628
Jul-2026,MAMU MAKASSAR,CARGO MAMU,CARGO LONG CREAM M,244876,6,0,0,122438,734628,612190
Agu-2026,MAMU MAKASSAR,CARGO MAMU,CARGO LONG CREAM M,367314,4,0,0,122438,489752,734628
Sep-2026,MAMU MAKASSAR,CARGO MAMU,CARGO LONG CREAM M,122438,2,0,0,122438,244876,489752
Okt-2026,MAMU MAKASSAR,CARGO MAMU,CARGO LONG CREAM M,0,2,0,0,122438,244876,244876
Feb-2026,MAMU MAKASSAR,CARGO MAMU,CARGO LONG CREAM S,0,23,0,0,122438,2816074,0
Mar-2026,MAMU MAKASSAR,CARGO MAMU,CARGO LONG CREAM S,857066,18,0,0,122438,2203884,2816074
Apr-2026,MAMU MAKASSAR,CARGO MAMU,CARGO LONG CREAM S,734628,10,0,0,122438,1224380,2203884
Mei-2026,MAMU MAKASSAR,CARGO MAMU,CARGO LONG CREAM S,0,8,0,0,122438,979504,1224380
Jun-2026,MAMU MAKASSAR,CARGO MAMU,CARGO LONG CREAM S,217668,7,0,0,122438,857066,979504
Jul-2026,MAMU MAKASSAR,CARGO MAMU,CARGO LONG CREAM S,0,7,0,0,122438,857066,857066
Agu-2026,MAMU MAKASSAR,CARGO MAMU,CARGO LONG CREAM S,108834,6,0,0,122438,734628,857066
Sep-2026,MAMU MAKASSAR,CARGO MAMU,CARGO LONG CREAM S,108834,5,0,0,122438,612190,734628
Okt-2026,MAMU MAKASSAR,CARGO MAMU,CARGO LONG CREAM S,108834,5,0,0,122438,612190,612190
Feb-2026,MAMU MAKASSAR,CARGO MAMU,CARGO LONG CREAM XL,0,3,0,0,122438,367314,0
Mar-2026,MAMU MAKASSAR,CARGO MAMU,CARGO LONG CREAM XL,367314,0,0,0,122438,0,367314
Agu-2026,MAMU MAKASSAR,CARGO MAMU,CARGO LONG CREAM XL,0,5,0,0,122438,612190,0
Sep-2026,MAMU MAKASSAR,CARGO MAMU,CARGO LONG CREAM XL,0,5,0,0,122438,612190,612190
Okt-2026,MAMU MAKASSAR,CARGO MAMU,CARGO LONG CREAM XL,0,5,0,0,122438,612190,612190
Feb-2026,MAMU MAKASSAR,CARGO MAMU,CARGO LONG DARK ARMY L,122438,23,0,0,122438,2816074,0
Mar-2026,MAMU MAKASSAR,CARGO MAMU,CARGO LONG DARK ARMY L,734628,14,0,0,122438,1714132,2816074
Apr-2026,MAMU MAKASSAR,CARGO MAMU,CARGO LONG DARK ARMY L,122438,14,0,0,122438,1714132,1714132
Mei-2026,MAMU MAKASSAR,CARGO MAMU,CARGO LONG DARK ARMY L,367314,10,0,0,122438,1224380,1714132
Jun-2026,MAMU MAKASSAR,CARGO MAMU,CARGO LONG DARK ARMY L,445228,7,0,0,122438,857066,1224380
Jul-2026,MAMU MAKASSAR,CARGO MAMU,CARGO LONG DARK ARMY L,657948,4,0,0,122438,489752,857066
Agu-2026,MAMU MAKASSAR,CARGO MAMU,CARGO LONG DARK ARMY L,101413,0,0,0,122438,0,489752
Feb-2026,MAMU MAKASSAR,CARGO MAMU,CARGO LONG DARK ARMY M,122438,32,0,0,122438,3918016,0
Mar-2026,MAMU MAKASSAR,CARGO MAMU,CARGO LONG DARK ARMY M,979504,31,0,0,122438,3795578,3918016
Apr-2026,MAMU MAKASSAR,CARGO MAMU,CARGO LONG DARK ARMY M,122438,31,0,0,122438,3795578,3795578
Mei-2026,MAMU MAKASSAR,CARGO MAMU,CARGO LONG DARK ARMY M,244876,14,0,0,122438,1714132,3795578
Jun-2026,MAMU MAKASSAR,CARGO MAMU,CARGO LONG DARK ARMY M,367314,10,0,0,122438,1224380,1714132
Jul-2026,MAMU MAKASSAR,CARGO MAMU,CARGO LONG DARK ARMY M,122438,9,0,0,122438,1101942,1224380
Agu-2026,MAMU MAKASSAR,CARGO MAMU,CARGO LONG DARK ARMY M,367314,7,0,0,122438,857066,1101942
Sep-2026,MAMU MAKASSAR,CARGO MAMU,CARGO LONG DARK ARMY M,489752,3,0,0,122438,367314,857066
Okt-2026,MAMU MAKASSAR,CARGO MAMU,CARGO LONG DARK ARMY M,122438,3,0,0,122438,367314,367314
Feb-2026,MAMU MAKASSAR,CARGO MAMU,CARGO LONG DARK ARMY S,0,23,0,0,122438,2816074,0
Mar-2026,MAMU MAKASSAR,CARGO MAMU,CARGO LONG DARK ARMY S,979504,17,0,0,122438,2081446,2816074
Apr-2026,MAMU MAKASSAR,CARGO MAMU,CARGO LONG DARK ARMY S,244876,15,0,0,122438,1836570,2081446
Mei-2026,MAMU MAKASSAR,CARGO MAMU,CARGO LONG DARK ARMY S,122438,14,0,0,122438,1714132,1836570
Jun-2026,MAMU MAKASSAR,CARGO MAMU,CARGO LONG DARK ARMY S,244876,12,0,0,122438,1469256,1714132
Jul-2026,MAMU MAKASSAR,CARGO MAMU,CARGO LONG DARK ARMY S,489752,10,0,0,122438,1224380,1469256
Agu-2026,MAMU MAKASSAR,CARGO MAMU,CARGO LONG DARK ARMY S,244876,7,0,0,122438,857066,1224380
Sep-2026,MAMU MAKASSAR,CARGO MAMU,CARGO LONG DARK ARMY S,122438,2,0,0,122438,244876,857066
Okt-2026,MAMU MAKASSAR,CARGO MAMU,CARGO LONG DARK ARMY S,0,2,0,0,122438,244876,244876
Feb-2026,MAMU MAKASSAR,CARGO MAMU,CARGO LONG DARK ARMY XL,122438,2,0,0,122438,244876,0
Mar-2026,MAMU MAKASSAR,CARGO MAMU,CARGO LONG DARK ARMY XL,0,0,0,0,122438,0,244876
Feb-2026,MAMU MAKASSAR,CARGO MAMU,CARGO LONG KHAKY L,122438,22,0,0,122438,2693636,0
Mar-2026,MAMU MAKASSAR,CARGO MAMU,CARGO LONG KHAKY L,979504,13,0,0,122438,1591694,2693636
Apr-2026,MAMU MAKASSAR,CARGO MAMU,CARGO LONG KHAKY L,122438,13,0,0,122438,1591694,1591694
Mei-2026,MAMU MAKASSAR,CARGO MAMU,CARGO LONG KHAKY L,244876,11,0,0,122438,1346818,1591694
Jun-2026,MAMU MAKASSAR,CARGO MAMU,CARGO LONG KHAKY L,0,11,0,0,122438,1346818,1346818
Jul-2026,MAMU MAKASSAR,CARGO MAMU,CARGO LONG KHAKY L,0,11,0,0,122438,1346818,1346818
Agu-2026,MAMU MAKASSAR,CARGO MAMU,CARGO LONG KHAKY L,673410,8,0,0,122438,979504,1346818
Sep-2026,MAMU MAKASSAR,CARGO MAMU,CARGO LONG KHAKY L,224470,1,0,0,122438,122438,979504
Okt-2026,MAMU MAKASSAR,CARGO MAMU,CARGO LONG KHAKY L,0,1,0,0,122438,122438,122438
Feb-2026,MAMU MAKASSAR,CARGO MAMU,CARGO LONG KHAKY M,122438,22,0,0,122438,2693636,0
Mar-2026,MAMU MAKASSAR,CARGO MAMU,CARGO LONG KHAKY M,857066,34,0,0,122438,4162892,2693636
Apr-2026,MAMU MAKASSAR,CARGO MAMU,CARGO LONG KHAKY M,367314,33,0,0,122438,4040454,4162892
Mei-2026,MAMU MAKASSAR,CARGO MAMU,CARGO LONG KHAKY M,244876,15,0,0,122438,1836570,4040454
Jun-2026,MAMU MAKASSAR,CARGO MAMU,CARGO LONG KHAKY M,367314,12,0,0,122438,1469256,1836570
Jul-2026,MAMU MAKASSAR,CARGO MAMU,CARGO LONG KHAKY M,244876,12,0,0,122438,1469256,1469256
Agu-2026,MAMU MAKASSAR,CARGO MAMU,CARGO LONG KHAKY M,367314,7,0,0,122438,857066,1469256
Sep-2026,MAMU MAKASSAR,CARGO MAMU,CARGO LONG KHAKY M,0,7,0,0,122438,857066,857066
Okt-2026,MAMU MAKASSAR,CARGO MAMU,CARGO LONG KHAKY M,0,7,0,0,122438,857066,857066
Feb-2026,MAMU MAKASSAR,CARGO MAMU,CARGO LONG KHAKY S,0,23,0,0,122438,2816074,0
Mar-2026,MAMU MAKASSAR,CARGO MAMU,CARGO LONG KHAKY S,612190,15,0,0,122438,1836570,2816074
Apr-2026,MAMU MAKASSAR,CARGO MAMU,CARGO LONG KHAKY S,367314,13,0,0,122438,1591694,1836570
Mei-2026,MAMU MAKASSAR,CARGO MAMU,CARGO LONG KHAKY S,122438,9,0,0,122438,1101942,1591694
Jun-2026,MAMU MAKASSAR,CARGO MAMU,CARGO LONG KHAKY S,220388,8,0,0,122438,979504,1101942
Jul-2026,MAMU MAKASSAR,CARGO MAMU,CARGO LONG KHAKY S,220388,7,0,0,122438,857066,979504
Agu-2026,MAMU MAKASSAR,CARGO MAMU,CARGO LONG KHAKY S,110194,5,0,0,122438,612190,857066
Sep-2026,MAMU MAKASSAR,CARGO MAMU,CARGO LONG KHAKY S,110194,4,0,0,122438,489752,612190
Okt-2026,MAMU MAKASSAR,CARGO MAMU,CARGO LONG KHAKY S,0,4,0,0,122438,489752,489752
Feb-2026,MAMU MAKASSAR,CARGO MAMU,CARGO LONG KHAKY XL,0,3,0,0,122438,367314,0
Mar-2026,MAMU MAKASSAR,CARGO MAMU,CARGO LONG KHAKY XL,244876,0,0,0,122438,0,367314
Feb-2026,MAMU MAKASSAR,CARGO MAMU,CARGO LONG WHITE L,0,23,0,0,122438,2816074,0
Mar-2026,MAMU MAKASSAR,CARGO MAMU,CARGO LONG WHITE L,367314,17,0,0,122438,2081446,2816074
Apr-2026,MAMU MAKASSAR,CARGO MAMU,CARGO LONG WHITE L,0,17,0,0,122438,2081446,2081446
Mei-2026,MAMU MAKASSAR,CARGO MAMU,CARGO LONG WHITE L,244876,9,0,0,122438,1101942,2081446
Jun-2026,MAMU MAKASSAR,CARGO MAMU,CARGO LONG WHITE L,0,9,0,0,122438,1101942,1101942
Jul-2026,MAMU MAKASSAR,CARGO MAMU,CARGO LONG WHITE L,0,9,0,0,122438,1101942,1101942
Agu-2026,MAMU MAKASSAR,CARGO MAMU,CARGO LONG WHITE L,857066,0,0,0,122438,0,1101942
Feb-2026,MAMU MAKASSAR,CARGO MAMU,CARGO LONG WHITE M,0,23,0,0,122438,2816074,0
Mar-2026,MAMU MAKASSAR,CARGO MAMU,CARGO LONG WHITE M,244876,36,0,0,122438,4407768,2816074
Apr-2026,MAMU MAKASSAR,CARGO MAMU,CARGO LONG WHITE M,122438,36,0,0,122438,4407768,4407768
Mei-2026,MAMU MAKASSAR,CARGO MAMU,CARGO LONG WHITE M,122438,9,0,0,122438,1101942,4407768
Jun-2026,MAMU MAKASSAR,CARGO MAMU,CARGO LONG WHITE M,0,9,0,0,122438,1101942,1101942
Jul-2026,MAMU MAKASSAR,CARGO MAMU,CARGO LONG WHITE M,0,9,0,0,122438,1101942,1101942
Agu-2026,MAMU MAKASSAR,CARGO MAMU,CARGO LONG WHITE M,734628,4,0,0,122438,489752,1101942
Sep-2026,MAMU MAKASSAR,CARGO MAMU,CARGO LONG WHITE M,0,3,0,0,122438,367314,489752
Okt-2026,MAMU MAKASSAR,CARGO MAMU,CARGO LONG WHITE M,0,3,0,0,122438,367314,367314
Feb-2026,MAMU MAKASSAR,CARGO MAMU,CARGO LONG WHITE S,122438,22,0,0,122438,2693636,0
Mar-2026,MAMU MAKASSAR,CARGO MAMU,CARGO LONG WHITE S,122438,23,0,0,122438,2816074,2693636
Apr-2026,MAMU MAKASSAR,CARGO MAMU,CARGO LONG WHITE S,0,23,0,0,122438,2816074,2816074
Mei-2026,MAMU MAKASSAR,CARGO MAMU,CARGO LONG WHITE S,122438,9,0,0,122438,1101942,2816074
Jun-2026,MAMU MAKASSAR,CARGO MAMU,CARGO LONG WHITE S,0,9,0,0,122438,1101942,1101942
Jul-2026,MAMU MAKASSAR,CARGO MAMU,CARGO LONG WHITE S,489752,7,0,0,122438,857066,1101942
Agu-2026,MAMU MAKASSAR,CARGO MAMU,CARGO LONG WHITE S,244876,2,0,0,122438,244876,857066
Sep-2026,MAMU MAKASSAR,CARGO MAMU,CARGO LONG WHITE S,122438,1,0,0,122438,122438,244876
Okt-2026,MAMU MAKASSAR,CARGO MAMU,CARGO LONG WHITE S,0,1,0,0,122438,122438,122438
Feb-2026,MAMU MAKASSAR,CARGO MAMU,CARGO LONG WHITE XL,122438,2,0,0,122438,244876,0
Mar-2026,MAMU MAKASSAR,CARGO MAMU,CARGO LONG WHITE XL,122438,3,0,0,122438,367314,244876
Apr-2026,MAMU MAKASSAR,CARGO MAMU,CARGO LONG WHITE XL,122438,2,0,0,122438,244876,367314
Mei-2026,MAMU MAKASSAR,CARGO MAMU,CARGO LONG WHITE XL,244876,0,0,0,122438,0,244876
Feb-2026,MAMU MAKASSAR,CARGO MAMU,CARGO SHORT BLACK L,0,23,0,0,102138,2349174,0
Mar-2026,MAMU MAKASSAR,CARGO MAMU,CARGO SHORT BLACK L,919242,13,0,0,102138,1327794,2349174
Apr-2026,MAMU MAKASSAR,CARGO MAMU,CARGO SHORT BLACK L,204276,9,0,0,102138,919242,1327794
Mei-2026,MAMU MAKASSAR,CARGO MAMU,CARGO SHORT BLACK L,612828,4,0,0,102138,408552,919242
Jun-2026,MAMU MAKASSAR,CARGO MAMU,CARGO SHORT BLACK L,306652,10,0,0,102138,1021380,408552
Jul-2026,MAMU MAKASSAR,CARGO MAMU,CARGO SHORT BLACK L,102376,10,0,0,102138,1021380,1021380
Agu-2026,MAMU MAKASSAR,CARGO MAMU,CARGO SHORT BLACK L,511880,6,0,0,102138,612828,1021380
Sep-2026,MAMU MAKASSAR,CARGO MAMU,CARGO SHORT BLACK L,716742,2,0,0,102138,204276,612828
Okt-2026,MAMU MAKASSAR,CARGO MAMU,CARGO SHORT BLACK L,204798,7,0,0,102138,714966,204276
Feb-2026,MAMU MAKASSAR,CARGO MAMU,CARGO SHORT BLACK M,102138,22,0,0,102138,2247036,0
Mar-2026,MAMU MAKASSAR,CARGO MAMU,CARGO SHORT BLACK M,919242,26,0,0,102138,2655588,2247036
Apr-2026,MAMU MAKASSAR,CARGO MAMU,CARGO SHORT BLACK M,306414,24,0,0,102138,2451312,2655588
Mei-2026,MAMU MAKASSAR,CARGO MAMU,CARGO SHORT BLACK M,204276,15,0,0,102138,1532070,2451312
Jun-2026,MAMU MAKASSAR,CARGO MAMU,CARGO SHORT BLACK M,102138,14,0,0,102138,1429932,1532070
Jul-2026,MAMU MAKASSAR,CARGO MAMU,CARGO SHORT BLACK M,510690,10,0,0,102138,1021380,1429932
Agu-2026,MAMU MAKASSAR,CARGO MAMU,CARGO SHORT BLACK M,408552,4,0,0,102138,408552,1021380
Sep-2026,MAMU MAKASSAR,CARGO MAMU,CARGO SHORT BLACK M,204276,5,0,0,102138,510690,408552
Okt-2026,MAMU MAKASSAR,CARGO MAMU,CARGO SHORT BLACK M,0,5,0,0,102138,510690,510690
Feb-2026,MAMU MAKASSAR,CARGO MAMU,CARGO SHORT BLACK S,102138,22,0,0,102138,2247036,0
Mar-2026,MAMU MAKASSAR,CARGO MAMU,CARGO SHORT BLACK S,612828,12,0,0,102138,1225656,2247036
Apr-2026,MAMU MAKASSAR,CARGO MAMU,CARGO SHORT BLACK S,510690,8,0,0,102138,817104,1225656
Mei-2026,MAMU MAKASSAR,CARGO MAMU,CARGO SHORT BLACK S,408552,4,0,0,102138,408552,817104
Jun-2026,MAMU MAKASSAR,CARGO MAMU,CARGO SHORT BLACK S,95503,14,0,0,102138,1429932,408552
Jul-2026,MAMU MAKASSAR,CARGO MAMU,CARGO SHORT BLACK S,191006,13,0,0,102138,1327794,1429932
Agu-2026,MAMU MAKASSAR,CARGO MAMU,CARGO SHORT BLACK S,573018,10,0,0,102138,1021380,1327794
Sep-2026,MAMU MAKASSAR,CARGO MAMU,CARGO SHORT BLACK S,287888,4,0,0,102138,408552,1021380
Okt-2026,MAMU MAKASSAR,CARGO MAMU,CARGO SHORT BLACK S,96882,4,0,0,102138,408552,408552
Feb-2026,MAMU MAKASSAR,CARGO MAMU,CARGO SHORT BLACK XL,0,3,0,0,102138,306414,0
Mar-2026,MAMU MAKASSAR,CARGO MAMU,CARGO SHORT BLACK XL,306414,0,0,0,102138,0,306414
Jun-2026,MAMU MAKASSAR,CARGO MAMU,CARGO SHORT BLACK XL,0,10,0,0,102138,1021380,0
Jul-2026,MAMU MAKASSAR,CARGO MAMU,CARGO SHORT BLACK XL,204800,9,0,0,102138,919242,1021380
Agu-2026,MAMU MAKASSAR,CARGO MAMU,CARGO SHORT BLACK XL,307200,7,0,0,102138,714966,919242
Sep-2026,MAMU MAKASSAR,CARGO MAMU,CARGO SHORT BLACK XL,102400,5,0,0,102138,510690,714966
Okt-2026,MAMU MAKASSAR,CARGO MAMU,CARGO SHORT BLACK XL,102400,5,0,0,102138,510690,510690
Mar-2026,MAMU MAKASSAR,CARGO MAMU,CARGO SHORT BROWN SUGAR L,204276,7,0,0,102138,714966,0
Apr-2026,MAMU MAKASSAR,CARGO MAMU,CARGO SHORT BROWN SUGAR L,102138,3,0,0,102138,306414,714966
Mei-2026,MAMU MAKASSAR,CARGO MAMU,CARGO SHORT BROWN SUGAR L,306414,0,0,0,102138,0,306414
Jun-2026,MAMU MAKASSAR,CARGO MAMU,CARGO SHORT BROWN SUGAR L,0,1,0,0,102138,102138,0
Jul-2026,MAMU MAKASSAR,CARGO MAMU,CARGO SHORT BROWN SUGAR L,0,1,0,0,102138,102138,102138
Agu-2026,MAMU MAKASSAR,CARGO MAMU,CARGO SHORT BROWN SUGAR L,0,0,0,0,102138,0,102138
Mar-2026,MAMU MAKASSAR,CARGO MAMU,CARGO SHORT BROWN SUGAR M,102138,12,0,0,102138,1225656,0
Apr-2026,MAMU MAKASSAR,CARGO MAMU,CARGO SHORT BROWN SUGAR M,204276,12,0,0,102138,1225656,1225656
Mei-2026,MAMU MAKASSAR,CARGO MAMU,CARGO SHORT BROWN SUGAR M,102138,9,0,0,102138,919242,1225656
Jun-2026,MAMU MAKASSAR,CARGO MAMU,CARGO SHORT BROWN SUGAR M,204276,7,0,0,102138,714966,919242
Jul-2026,MAMU MAKASSAR,CARGO MAMU,CARGO SHORT BROWN SUGAR M,0,7,0,0,102138,714966,714966
Agu-2026,MAMU MAKASSAR,CARGO MAMU,CARGO SHORT BROWN SUGAR M,0,6,0,0,102138,612828,714966
Sep-2026,MAMU MAKASSAR,CARGO MAMU,CARGO SHORT BROWN SUGAR M,306414,3,0,0,102138,306414,612828
Okt-2026,MAMU MAKASSAR,CARGO MAMU,CARGO SHORT BROWN SUGAR M,0,3,0,0,102138,306414,306414
Mar-2026,MAMU MAKASSAR,CARGO MAMU,CARGO SHORT BROWN SUGAR S,204276,6,0,0,102138,612828,0
Apr-2026,MAMU MAKASSAR,CARGO MAMU,CARGO SHORT BROWN SUGAR S,102138,7,0,0,102138,714966,612828
Mei-2026,MAMU MAKASSAR,CARGO MAMU,CARGO SHORT BROWN SUGAR S,204276,6,0,0,102138,612828,714966
Jun-2026,MAMU MAKASSAR,CARGO MAMU,CARGO SHORT BROWN SUGAR S,0,5,0,0,102138,510690,612828
Jul-2026,MAMU MAKASSAR,CARGO MAMU,CARGO SHORT BROWN SUGAR S,102138,4,0,0,102138,408552,510690
Agu-2026,MAMU MAKASSAR,CARGO MAMU,CARGO SHORT BROWN SUGAR S,0,2,0,0,102138,204276,408552
Sep-2026,MAMU MAKASSAR,CARGO MAMU,CARGO SHORT BROWN SUGAR S,102138,1,0,0,102138,102138,204276
Okt-2026,MAMU MAKASSAR,CARGO MAMU,CARGO SHORT BROWN SUGAR S,0,1,0,0,102138,102138,102138
Mar-2026,MAMU MAKASSAR,CARGO MAMU,CARGO SHORT BROWN SUGAR XL,0,2,0,0,102138,204276,0
Apr-2026,MAMU MAKASSAR,CARGO MAMU,CARGO SHORT BROWN SUGAR XL,102138,1,0,0,102138,102138,204276
Mei-2026,MAMU MAKASSAR,CARGO MAMU,CARGO SHORT BROWN SUGAR XL,0,1,0,0,102138,102138,102138
Jun-2026,MAMU MAKASSAR,CARGO MAMU,CARGO SHORT BROWN SUGAR XL,0,0,0,0,102138,0,102138
Feb-2026,MAMU MAKASSAR,CARGO MAMU,CARGO SHORT CREAM L,0,7,0,0,102138,714966,0
Mar-2026,MAMU MAKASSAR,CARGO MAMU,CARGO SHORT CREAM L,306414,1,0,0,102138,102138,714966
Apr-2026,MAMU MAKASSAR,CARGO MAMU,CARGO SHORT CREAM L,0,2,0,0,102138,204276,102138
Mei-2026,MAMU MAKASSAR,CARGO MAMU,CARGO SHORT CREAM L,204276,0,0,0,102138,0,204276
Jun-2026,MAMU MAKASSAR,CARGO MAMU,CARGO SHORT CREAM L,102400,9,0,0,102138,919242,0
Jul-2026,MAMU MAKASSAR,CARGO MAMU,CARGO SHORT CREAM L,92160,10,0,0,102138,1021380,919242
Agu-2026,MAMU MAKASSAR,CARGO MAMU,CARGO SHORT CREAM L,462848,5,0,0,102138,510690,1021380
Sep-2026,MAMU MAKASSAR,CARGO MAMU,CARGO SHORT CREAM L,191692,4,0,0,102138,408552,510690
Okt-2026,MAMU MAKASSAR,CARGO MAMU,CARGO SHORT CREAM L,0,4,0,0,102138,408552,408552
Feb-2026,MAMU MAKASSAR,CARGO MAMU,CARGO SHORT CREAM M,102138,22,0,0,102138,2247036,0
Mar-2026,MAMU MAKASSAR,CARGO MAMU,CARGO SHORT CREAM M,612828,14,0,0,102138,1429932,2247036
Apr-2026,MAMU MAKASSAR,CARGO MAMU,CARGO SHORT CREAM M,204276,13,0,0,102138,1327794,1429932
Mei-2026,MAMU MAKASSAR,CARGO MAMU,CARGO SHORT CREAM M,102138,9,0,0,102138,919242,1327794
Jun-2026,MAMU MAKASSAR,CARGO MAMU,CARGO SHORT CREAM M,204276,17,0,0,102138,1736346,919242
Jul-2026,MAMU MAKASSAR,CARGO MAMU,CARGO SHORT CREAM M,102292,16,0,0,102138,1634208,1736346
Agu-2026,MAMU MAKASSAR,CARGO MAMU,CARGO SHORT CREAM M,204584,11,0,0,102138,1123518,1634208
Sep-2026,MAMU MAKASSAR,CARGO MAMU,CARGO SHORT CREAM M,306876,8,0,0,102138,817104,1123518
Okt-2026,MAMU MAKASSAR,CARGO MAMU,CARGO SHORT CREAM M,0,8,0,0,102138,817104,817104
Feb-2026,MAMU MAKASSAR,CARGO MAMU,CARGO SHORT CREAM S,102138,9,0,0,102138,919242,0
Mar-2026,MAMU MAKASSAR,CARGO MAMU,CARGO SHORT CREAM S,306414,4,0,0,102138,408552,919242
Apr-2026,MAMU MAKASSAR,CARGO MAMU,CARGO SHORT CREAM S,204276,4,0,0,102138,408552,408552
Mei-2026,MAMU MAKASSAR,CARGO MAMU,CARGO SHORT CREAM S,204276,1,0,0,102138,102138,408552
Jun-2026,MAMU MAKASSAR,CARGO MAMU,CARGO SHORT CREAM S,0,11,0,0,102138,1123518,102138
Jul-2026,MAMU MAKASSAR,CARGO MAMU,CARGO SHORT CREAM S,102376,10,0,0,102138,1021380,1123518
Agu-2026,MAMU MAKASSAR,CARGO MAMU,CARGO SHORT CREAM S,102376,9,0,0,102138,919242,1021380
Sep-2026,MAMU MAKASSAR,CARGO MAMU,CARGO SHORT CREAM S,102376,8,0,0,102138,817104,919242
Okt-2026,MAMU MAKASSAR,CARGO MAMU,CARGO SHORT CREAM S,0,8,0,0,102138,817104,817104
Feb-2026,MAMU MAKASSAR,CARGO MAMU,CARGO SHORT CREAM XL,0,2,0,0,102138,204276,0
Mar-2026,MAMU MAKASSAR,CARGO MAMU,CARGO SHORT CREAM XL,204276,0,0,0,102138,0,204276
Jun-2026,MAMU MAKASSAR,CARGO MAMU,CARGO SHORT CREAM XL,0,10,0,0,102138,1021380,0
Jul-2026,MAMU MAKASSAR,CARGO MAMU,CARGO SHORT CREAM XL,204800,10,0,0,102138,1021380,1021380
Agu-2026,MAMU MAKASSAR,CARGO MAMU,CARGO SHORT CREAM XL,409600,4,0,0,102138,408552,1021380
Sep-2026,MAMU MAKASSAR,CARGO MAMU,CARGO SHORT CREAM XL,409600,5,0,0,102138,510690,408552
Okt-2026,MAMU MAKASSAR,CARGO MAMU,CARGO SHORT CREAM XL,0,4,0,0,102138,408552,510690
Feb-2026,MAMU PALOPO,CARGO MAMU,CARGO LONG BLACK L,0,5,0,0,122438,612190,0
Mar-2026,MAMU PALOPO,CARGO MAMU,CARGO LONG BLACK L,0,5,0,0,122438,612190,612190
Apr-2026,MAMU PALOPO,CARGO MAMU,CARGO LONG BLACK L,122438,4,0,0,122438,489752,612190
Mei-2026,MAMU PALOPO,CARGO MAMU,CARGO LONG BLACK L,122438,3,0,0,122438,367314,489752
Jun-2026,MAMU PALOPO,CARGO MAMU,CARGO LONG BLACK L,0,3,0,0,122438,367314,367314
Jul-2026,MAMU PALOPO,CARGO MAMU,CARGO LONG BLACK L,244876,1,0,0,122438,122438,367314
Agu-2026,MAMU PALOPO,CARGO MAMU,CARGO LONG BLACK L,0,5,0,0,122438,612190,122438
Sep-2026,MAMU PALOPO,CARGO MAMU,CARGO LONG BLACK L,0,5,0,0,122438,612190,612190
Okt-2026,MAMU PALOPO,CARGO MAMU,CARGO LONG BLACK L,0,5,0,0,122438,612190,612190
Feb-2026,MAMU PALOPO,CARGO MAMU,CARGO LONG BLACK M,0,3,0,0,122438,367314,0
Mar-2026,MAMU PALOPO,CARGO MAMU,CARGO LONG BLACK M,244876,1,0,0,122438,122438,367314
Apr-2026,MAMU PALOPO,CARGO MAMU,CARGO LONG BLACK M,0,1,0,0,122438,122438,122438
Mei-2026,MAMU PALOPO,CARGO MAMU,CARGO LONG BLACK M,0,1,0,0,122438,122438,122438
Jun-2026,MAMU PALOPO,CARGO MAMU,CARGO LONG BLACK M,0,1,0,0,122438,122438,122438
Jul-2026,MAMU PALOPO,CARGO MAMU,CARGO LONG BLACK M,122438,0,0,0,122438,0,122438
Agu-2026,MAMU PALOPO,CARGO MAMU,CARGO LONG BLACK M,0,5,0,0,122438,612190,0
Sep-2026,MAMU PALOPO,CARGO MAMU,CARGO LONG BLACK M,0,5,0,0,122438,612190,612190
Okt-2026,MAMU PALOPO,CARGO MAMU,CARGO LONG BLACK M,0,5,0,0,122438,612190,612190
Feb-2026,MAMU PALOPO,CARGO MAMU,CARGO LONG BLACK S,0,3,0,0,122438,367314,0
Mar-2026,MAMU PALOPO,CARGO MAMU,CARGO LONG BLACK S,0,3,0,0,122438,367314,367314
Apr-2026,MAMU PALOPO,CARGO MAMU,CARGO LONG BLACK S,122438,2,0,0,122438,244876,367314
Mei-2026,MAMU PALOPO,CARGO MAMU,CARGO LONG BLACK S,0,2,0,0,122438,244876,244876
Jun-2026,MAMU PALOPO,CARGO MAMU,CARGO LONG BLACK S,0,2,0,0,122438,244876,244876
Jul-2026,MAMU PALOPO,CARGO MAMU,CARGO LONG BLACK S,122438,1,0,0,122438,122438,244876
Agu-2026,MAMU PALOPO,CARGO MAMU,CARGO LONG BLACK S,0,5,0,0,122438,612190,122438
Sep-2026,MAMU PALOPO,CARGO MAMU,CARGO LONG BLACK S,122414,4,0,0,122438,489752,612190
Okt-2026,MAMU PALOPO,CARGO MAMU,CARGO LONG BLACK S,0,4,0,0,122438,489752,489752
Okt-2026,MAMU PALOPO,CARGO MAMU,CARGO LONG BLACK XL,0,4,0,0,122438,489752,0
Feb-2026,MAMU PALOPO,CARGO MAMU,CARGO LONG CREAM L,0,3,0,0,122438,367314,0
Mar-2026,MAMU PALOPO,CARGO MAMU,CARGO LONG CREAM L,0,3,0,0,122438,367314,367314
Apr-2026,MAMU PALOPO,CARGO MAMU,CARGO LONG CREAM L,0,3,0,0,122438,367314,367314
Mei-2026,MAMU PALOPO,CARGO MAMU,CARGO LONG CREAM L,122438,2,0,0,122438,244876,367314
Jun-2026,MAMU PALOPO,CARGO MAMU,CARGO LONG CREAM L,0,2,0,0,122438,244876,244876
Jul-2026,MAMU PALOPO,CARGO MAMU,CARGO LONG CREAM L,122438,1,0,0,122438,122438,244876
Agu-2026,MAMU PALOPO,CARGO MAMU,CARGO LONG CREAM L,0,0,0,0,122438,0,122438
Sep-2026,MAMU PALOPO,CARGO MAMU,CARGO LONG CREAM L,0,5,0,0,122438,612190,0
Okt-2026,MAMU PALOPO,CARGO MAMU,CARGO LONG CREAM L,0,10,0,0,122438,1224380,612190
Feb-2026,MAMU PALOPO,CARGO MAMU,CARGO LONG CREAM M,0,3,0,0,122438,367314,0
Mar-2026,MAMU PALOPO,CARGO MAMU,CARGO LONG CREAM M,122438,2,0,0,122438,244876,367314
Apr-2026,MAMU PALOPO,CARGO MAMU,CARGO LONG CREAM M,0,2,0,0,122438,244876,244876
Mei-2026,MAMU PALOPO,CARGO MAMU,CARGO LONG CREAM M,0,2,0,0,122438,244876,244876
Jun-2026,MAMU PALOPO,CARGO MAMU,CARGO LONG CREAM M,122438,1,0,0,122438,122438,244876
Jul-2026,MAMU PALOPO,CARGO MAMU,CARGO LONG CREAM M,0,1,0,0,122438,122438,122438
Agu-2026,MAMU PALOPO,CARGO MAMU,CARGO LONG CREAM M,0,5,0,0,122438,612190,122438
Sep-2026,MAMU PALOPO,CARGO MAMU,CARGO LONG CREAM M,0,5,0,0,122438,612190,612190
Okt-2026,MAMU PALOPO,CARGO MAMU,CARGO LONG CREAM M,0,5,0,0,122438,612190,612190
Feb-2026,MAMU PALOPO,CARGO MAMU,CARGO LONG CREAM S,0,3,0,0,122438,367314,0
Mar-2026,MAMU PALOPO,CARGO MAMU,CARGO LONG CREAM S,0,3,0,0,122438,367314,367314
Apr-2026,MAMU PALOPO,CARGO MAMU,CARGO LONG CREAM S,0,3,0,0,122438,367314,367314
Mei-2026,MAMU PALOPO,CARGO MAMU,CARGO LONG CREAM S,122438,2,0,0,122438,244876,367314
Jun-2026,MAMU PALOPO,CARGO MAMU,CARGO LONG CREAM S,0,2,0,0,122438,244876,244876
Jul-2026,MAMU PALOPO,CARGO MAMU,CARGO LONG CREAM S,0,2,0,0,122438,244876,244876
Agu-2026,MAMU PALOPO,CARGO MAMU,CARGO LONG CREAM S,0,2,3,0,122438,612190,244876
Sep-2026,MAMU PALOPO,CARGO MAMU,CARGO LONG CREAM S,0,5,0,0,122438,612190,612190
Okt-2026,MAMU PALOPO,CARGO MAMU,CARGO LONG CREAM S,0,5,0,0,122438,612190,612190
Okt-2026,MAMU PALOPO,CARGO MAMU,CARGO LONG CREAM XL,0,4,0,0,122438,489752,0
Feb-2026,MAMU PALOPO,CARGO MAMU,CARGO LONG DARK ARMY M,0,3,0,0,122438,367314,0
Mar-2026,MAMU PALOPO,CARGO MAMU,CARGO LONG DARK ARMY M,122438,2,0,0,122438,244876,367314
Apr-2026,MAMU PALOPO,CARGO MAMU,CARGO LONG DARK ARMY M,122438,1,0,0,122438,122438,244876
Mei-2026,MAMU PALOPO,CARGO MAMU,CARGO LONG DARK ARMY M,122438,0,0,0,122438,0,122438
Agu-2026,MAMU PALOPO,CARGO MAMU,CARGO LONG DARK ARMY M,122438,3,0,0,122438,367314,0
Sep-2026,MAMU PALOPO,CARGO MAMU,CARGO LONG DARK ARMY M,0,3,0,0,122438,367314,367314
Okt-2026,MAMU PALOPO,CARGO MAMU,CARGO LONG DARK ARMY M,122438,3,0,0,122438,367314,367314
Feb-2026,MAMU PALOPO,CARGO MAMU,CARGO LONG DARK ARMY S,0,3,0,0,122438,367314,0
Mar-2026,MAMU PALOPO,CARGO MAMU,CARGO LONG DARK ARMY S,0,3,0,0,122438,367314,367314
Apr-2026,MAMU PALOPO,CARGO MAMU,CARGO LONG DARK ARMY S,0,3,0,0,122438,367314,367314
Mei-2026,MAMU PALOPO,CARGO MAMU,CARGO LONG DARK ARMY S,0,3,0,0,122438,367314,367314
Jun-2026,MAMU PALOPO,CARGO MAMU,CARGO LONG DARK ARMY S,0,3,0,0,122438,367314,367314
Jul-2026,MAMU PALOPO,CARGO MAMU,CARGO LONG DARK ARMY S,0,3,0,0,122438,367314,367314
Agu-2026,MAMU PALOPO,CARGO MAMU,CARGO LONG DARK ARMY S,122438,3,0,0,122438,367314,367314
Sep-2026,MAMU PALOPO,CARGO MAMU,CARGO LONG DARK ARMY S,0,2,0,0,122438,244876,367314
Okt-2026,MAMU PALOPO,CARGO MAMU,CARGO LONG DARK ARMY S,0,2,0,0,122438,244876,244876
Feb-2026,MAMU PALOPO,CARGO MAMU,CARGO LONG KHAKY M,0,3,0,0,122438,367314,0
Mar-2026,MAMU PALOPO,CARGO MAMU,CARGO LONG KHAKY M,367314,0,0,0,122438,0,367314
Agu-2026,MAMU PALOPO,CARGO MAMU,CARGO LONG KHAKY M,0,5,0,0,122438,612190,0
Sep-2026,MAMU PALOPO,CARGO MAMU,CARGO LONG KHAKY M,0,5,0,0,122438,612190,612190
Okt-2026,MAMU PALOPO,CARGO MAMU,CARGO LONG KHAKY M,122438,5,0,0,122438,612190,612190
Feb-2026,MAMU PALOPO,CARGO MAMU,CARGO LONG KHAKY S,0,3,0,0,122438,367314,0
Mar-2026,MAMU PALOPO,CARGO MAMU,CARGO LONG KHAKY S,122438,2,0,0,122438,244876,367314
Apr-2026,MAMU PALOPO,CARGO MAMU,CARGO LONG KHAKY S,0,2,0,0,122438,244876,244876
Mei-2026,MAMU PALOPO,CARGO MAMU,CARGO LONG KHAKY S,0,2,0,0,122438,244876,244876
Jun-2026,MAMU PALOPO,CARGO MAMU,CARGO LONG KHAKY S,0,2,0,0,122438,244876,244876
Jul-2026,MAMU PALOPO,CARGO MAMU,CARGO LONG KHAKY S,244876,1,0,0,122438,122438,244876
Agu-2026,MAMU PALOPO,CARGO MAMU,CARGO LONG KHAKY S,0,0,0,0,122438,0,122438
Feb-2026,MAMU PALOPO,CARGO MAMU,CARGO LONG WHITE M,0,3,0,0,122438,367314,0
Mar-2026,MAMU PALOPO,CARGO MAMU,CARGO LONG WHITE M,0,3,0,0,122438,367314,367314
Apr-2026,MAMU PALOPO,CARGO MAMU,CARGO LONG WHITE M,0,3,0,0,122438,367314,367314
Mei-2026,MAMU PALOPO,CARGO MAMU,CARGO LONG WHITE M,122438,2,0,0,122438,244876,367314
Jun-2026,MAMU PALOPO,CARGO MAMU,CARGO LONG WHITE M,122438,1,0,0,122438,122438,244876
Jul-2026,MAMU PALOPO,CARGO MAMU,CARGO LONG WHITE M,0,1,0,0,122438,122438,122438
Agu-2026,MAMU PALOPO,CARGO MAMU,CARGO LONG WHITE M,0,5,0,0,122438,612190,122438
Sep-2026,MAMU PALOPO,CARGO MAMU,CARGO LONG WHITE M,0,5,0,0,122438,612190,612190
Okt-2026,MAMU PALOPO,CARGO MAMU,CARGO LONG WHITE M,0,5,0,0,122438,612190,612190
Feb-2026,MAMU PALOPO,CARGO MAMU,CARGO LONG WHITE S,0,3,0,0,122438,367314,0
Mar-2026,MAMU PALOPO,CARGO MAMU,CARGO LONG WHITE S,244876,1,0,0,122438,122438,367314
Apr-2026,MAMU PALOPO,CARGO MAMU,CARGO LONG WHITE S,0,1,0,0,122438,122438,122438
Mei-2026,MAMU PALOPO,CARGO MAMU,CARGO LONG WHITE S,0,1,0,0,122438,122438,122438
Jun-2026,MAMU PALOPO,CARGO MAMU,CARGO LONG WHITE S,0,1,0,0,122438,122438,122438
Jul-2026,MAMU PALOPO,CARGO MAMU,CARGO LONG WHITE S,0,1,0,0,122438,122438,122438
Agu-2026,MAMU PALOPO,CARGO MAMU,CARGO LONG WHITE S,0,5,0,0,122438,612190,122438
Sep-2026,MAMU PALOPO,CARGO MAMU,CARGO LONG WHITE S,0,5,0,0,122438,612190,612190
Okt-2026,MAMU PALOPO,CARGO MAMU,CARGO LONG WHITE S,0,5,0,0,122438,612190,612190
Feb-2026,MAMU PALOPO,CARGO MAMU,CARGO SHORT BLACK M,0,3,0,0,102138,306414,0
Mar-2026,MAMU PALOPO,CARGO MAMU,CARGO SHORT BLACK M,204276,1,0,0,102138,102138,306414
Apr-2026,MAMU PALOPO,CARGO MAMU,CARGO SHORT BLACK M,0,1,0,0,102138,102138,102138
Mei-2026,MAMU PALOPO,CARGO MAMU,CARGO SHORT BLACK M,0,1,0,0,102138,102138,102138
Jun-2026,MAMU PALOPO,CARGO MAMU,CARGO SHORT BLACK M,102138,0,0,0,102138,0,102138
Feb-2026,MAMU PALOPO,CARGO MAMU,CARGO SHORT BLACK S,0,3,0,0,102138,306414,0
Mar-2026,MAMU PALOPO,CARGO MAMU,CARGO SHORT BLACK S,102138,2,0,0,102138,204276,306414
Apr-2026,MAMU PALOPO,CARGO MAMU,CARGO SHORT BLACK S,0,2,0,0,102138,204276,204276
Mei-2026,MAMU PALOPO,CARGO MAMU,CARGO SHORT BLACK S,0,2,0,0,102138,204276,204276
Jun-2026,MAMU PALOPO,CARGO MAMU,CARGO SHORT BLACK S,0,2,0,0,102138,204276,204276
Jul-2026,MAMU PALOPO,CARGO MAMU,CARGO SHORT BLACK S,0,2,0,0,102138,204276,204276
Agu-2026,MAMU PALOPO,CARGO MAMU,CARGO SHORT BLACK S,0,4,0,0,102138,408552,204276
Sep-2026,MAMU PALOPO,CARGO MAMU,CARGO SHORT BLACK S,306807,1,0,0,102138,102138,408552
Okt-2026,MAMU PALOPO,CARGO MAMU,CARGO SHORT BLACK S,0,1,0,0,102138,102138,102138
Feb-2026,MAMU PALOPO,CARGO MAMU,CARGO SHORT CREAM L,0,1,0,0,102138,102138,0
Mar-2026,MAMU PALOPO,CARGO MAMU,CARGO SHORT CREAM L,102138,0,0,0,102138,0,102138
Agu-2026,MAMU PALOPO,CARGO MAMU,CARGO SHORT CREAM L,0,3,0,0,102138,306414,0
Sep-2026,MAMU PALOPO,CARGO MAMU,CARGO SHORT CREAM L,204800,1,0,0,102138,102138,306414
Okt-2026,MAMU PALOPO,CARGO MAMU,CARGO SHORT CREAM L,0,1,0,0,102138,102138,102138
Feb-2026,MAMU PALOPO,CARGO MAMU,CARGO SHORT CREAM M,0,3,0,0,102138,306414,0
Mar-2026,MAMU PALOPO,CARGO MAMU,CARGO SHORT CREAM M,204276,1,0,0,102138,102138,306414
Apr-2026,MAMU PALOPO,CARGO MAMU,CARGO SHORT CREAM M,0,1,0,0,102138,102138,102138
Mei-2026,MAMU PALOPO,CARGO MAMU,CARGO SHORT CREAM M,0,1,0,0,102138,102138,102138
Jun-2026,MAMU PALOPO,CARGO MAMU,CARGO SHORT CREAM M,0,1,0,0,102138,102138,102138
Jul-2026,MAMU PALOPO,CARGO MAMU,CARGO SHORT CREAM M,102138,0,0,0,102138,0,102138
Agu-2026,MAMU PALOPO,CARGO MAMU,CARGO SHORT CREAM M,0,2,0,0,102138,204276,0
Sep-2026,MAMU PALOPO,CARGO MAMU,CARGO SHORT CREAM M,102319,1,0,0,102138,102138,204276
Okt-2026,MAMU PALOPO,CARGO MAMU,CARGO SHORT CREAM M,0,1,0,0,102138,102138,102138
Feb-2026,MAMU PALOPO,CARGO MAMU,CARGO SHORT CREAM S,0,3,0,0,102138,306414,0
Mar-2026,MAMU PALOPO,CARGO MAMU,CARGO SHORT CREAM S,0,3,0,0,102138,306414,306414
Apr-2026,MAMU PALOPO,CARGO MAMU,CARGO SHORT CREAM S,0,3,0,0,102138,306414,306414
Mei-2026,MAMU PALOPO,CARGO MAMU,CARGO SHORT CREAM S,0,3,0,0,102138,306414,306414
Jun-2026,MAMU PALOPO,CARGO MAMU,CARGO SHORT CREAM S,0,3,0,0,102138,306414,306414
Jul-2026,MAMU PALOPO,CARGO MAMU,CARGO SHORT CREAM S,0,3,0,0,102138,306414,306414
Agu-2026,MAMU PALOPO,CARGO MAMU,CARGO SHORT CREAM S,102138,2,0,0,102138,204276,306414
Sep-2026,MAMU PALOPO,CARGO MAMU,CARGO SHORT CREAM S,204276,0,0,0,102138,0,204276
Feb-2026,MAMU TSM,CARGO MAMU,CARGO LONG BLACK L,122438,1,0,0,122438,122438,0
Mar-2026,MAMU TSM,CARGO MAMU,CARGO LONG BLACK L,734628,0,0,0,122438,0,122438
Apr-2026,MAMU TSM,CARGO MAMU,CARGO LONG BLACK L,122438,0,0,0,122438,0,0
Feb-2026,MAMU TSM,CARGO MAMU,CARGO LONG BLACK M,122438,1,0,0,122438,122438,0
Mar-2026,MAMU TSM,CARGO MAMU,CARGO LONG BLACK M,612190,1,0,0,122438,122438,122438
Apr-2026,MAMU TSM,CARGO MAMU,CARGO LONG BLACK M,122438,5,0,0,122438,612190,122438
Mei-2026,MAMU TSM,CARGO MAMU,CARGO LONG BLACK M,0,5,0,0,122438,612190,612190
Jun-2026,MAMU TSM,CARGO MAMU,CARGO LONG BLACK M,0,0,0,0,122438,0,612190
Feb-2026,MAMU TSM,CARGO MAMU,CARGO LONG BLACK S,122438,2,0,0,122438,244876,0
Mar-2026,MAMU TSM,CARGO MAMU,CARGO LONG BLACK S,612190,0,0,0,122438,0,244876
Feb-2026,MAMU TSM,CARGO MAMU,CARGO LONG BLACK XL,122438,1,0,0,122438,122438,0
Mar-2026,MAMU TSM,CARGO MAMU,CARGO LONG BLACK XL,122438,0,0,0,122438,0,122438
Mar-2026,MAMU TSM,CARGO MAMU,CARGO LONG BROWN SUGAR L,122438,1,0,0,122438,122438,0
Apr-2026,MAMU TSM,CARGO MAMU,CARGO LONG BROWN SUGAR L,0,0,0,0,122438,0,122438
Mar-2026,MAMU TSM,CARGO MAMU,CARGO LONG BROWN SUGAR M,0,4,0,0,122438,489752,0
Apr-2026,MAMU TSM,CARGO MAMU,CARGO LONG BROWN SUGAR M,122438,0,0,0,122438,0,489752
Mar-2026,MAMU TSM,CARGO MAMU,CARGO LONG BROWN SUGAR S,244876,0,0,0,122438,0,0
Apr-2026,MAMU TSM,CARGO MAMU,CARGO LONG BROWN SUGAR S,0,5,0,0,122438,612190,0
Mei-2026,MAMU TSM,CARGO MAMU,CARGO LONG BROWN SUGAR S,0,5,0,0,122438,612190,612190
Jun-2026,MAMU TSM,CARGO MAMU,CARGO LONG BROWN SUGAR S,0,0,0,0,122438,0,612190
Feb-2026,MAMU TSM,CARGO MAMU,CARGO LONG CREAM L,0,2,0,0,122438,244876,0
Mar-2026,MAMU TSM,CARGO MAMU,CARGO LONG CREAM L,122438,1,0,0,122438,122438,244876
Apr-2026,MAMU TSM,CARGO MAMU,CARGO LONG CREAM L,0,0,0,0,122438,0,122438
Feb-2026,MAMU TSM,CARGO MAMU,CARGO LONG CREAM M,0,2,0,0,122438,244876,0
Mar-2026,MAMU TSM,CARGO MAMU,CARGO LONG CREAM M,244876,1,0,0,122438,122438,244876
Apr-2026,MAMU TSM,CARGO MAMU,CARGO LONG CREAM M,0,0,0,0,122438,0,122438
Feb-2026,MAMU TSM,CARGO MAMU,CARGO LONG CREAM S,122438,1,0,0,122438,122438,0
Mar-2026,MAMU TSM,CARGO MAMU,CARGO LONG CREAM S,244876,1,0,0,122438,122438,122438
Apr-2026,MAMU TSM,CARGO MAMU,CARGO LONG CREAM S,0,0,0,0,122438,0,122438
Feb-2026,MAMU TSM,CARGO MAMU,CARGO LONG CREAM XL,0,2,0,0,122438,244876,0
Mar-2026,MAMU TSM,CARGO MAMU,CARGO LONG CREAM XL,244876,0,0,0,122438,0,244876
Feb-2026,MAMU TSM,CARGO MAMU,CARGO LONG DARK ARMY L,0,2,0,0,122438,244876,0
Mar-2026,MAMU TSM,CARGO MAMU,CARGO LONG DARK ARMY L,244876,1,0,0,122438,122438,244876
Apr-2026,MAMU TSM,CARGO MAMU,CARGO LONG DARK ARMY L,0,0,0,0,122438,0,122438
Feb-2026,MAMU TSM,CARGO MAMU,CARGO LONG DARK ARMY M,122438,1,0,0,122438,122438,0
Mar-2026,MAMU TSM,CARGO MAMU,CARGO LONG DARK ARMY M,122438,1,0,0,122438,122438,122438
Apr-2026,MAMU TSM,CARGO MAMU,CARGO LONG DARK ARMY M,0,0,0,0,122438,0,122438
Feb-2026,MAMU TSM,CARGO MAMU,CARGO LONG DARK ARMY S,122438,1,0,0,122438,122438,0
Mar-2026,MAMU TSM,CARGO MAMU,CARGO LONG DARK ARMY S,244876,0,0,0,122438,0,122438
Feb-2026,MAMU TSM,CARGO MAMU,CARGO LONG DARK ARMY XL,0,2,0,0,122438,244876,0
Mar-2026,MAMU TSM,CARGO MAMU,CARGO LONG DARK ARMY XL,122438,0,0,0,122438,0,244876
Feb-2026,MAMU TSM,CARGO MAMU,CARGO LONG KHAKY L,0,2,0,0,122438,244876,0
Mar-2026,MAMU TSM,CARGO MAMU,CARGO LONG KHAKY L,244876,1,0,0,122438,122438,244876
Apr-2026,MAMU TSM,CARGO MAMU,CARGO LONG KHAKY L,0,0,0,0,122438,0,122438
Feb-2026,MAMU TSM,CARGO MAMU,CARGO LONG KHAKY M,0,2,0,0,122438,244876,0
Mar-2026,MAMU TSM,CARGO MAMU,CARGO LONG KHAKY M,244876,1,0,0,122438,122438,244876
Apr-2026,MAMU TSM,CARGO MAMU,CARGO LONG KHAKY M,0,0,0,0,122438,0,122438
Feb-2026,MAMU TSM,CARGO MAMU,CARGO LONG KHAKY S,122438,1,0,0,122438,122438,0
Mar-2026,MAMU TSM,CARGO MAMU,CARGO LONG KHAKY S,244876,1,0,0,122438,122438,122438
Apr-2026,MAMU TSM,CARGO MAMU,CARGO LONG KHAKY S,0,0,0,0,122438,0,122438
Feb-2026,MAMU TSM,CARGO MAMU,CARGO LONG KHAKY XL,122438,1,0,0,122438,122438,0
Mar-2026,MAMU TSM,CARGO MAMU,CARGO LONG KHAKY XL,244876,0,0,0,122438,0,122438
Feb-2026,MAMU TSM,CARGO MAMU,CARGO LONG WHITE L,0,2,0,0,122438,244876,0
Mar-2026,MAMU TSM,CARGO MAMU,CARGO LONG WHITE L,0,0,0,0,122438,0,244876
Feb-2026,MAMU TSM,CARGO MAMU,CARGO LONG WHITE M,0,2,0,0,122438,244876,0
Mar-2026,MAMU TSM,CARGO MAMU,CARGO LONG WHITE M,0,0,0,0,122438,0,244876
Feb-2026,MAMU TSM,CARGO MAMU,CARGO LONG WHITE S,0,2,0,0,122438,244876,0
Mar-2026,MAMU TSM,CARGO MAMU,CARGO LONG WHITE S,122438,0,0,0,122438,0,244876
Feb-2026,MAMU TSM,CARGO MAMU,CARGO LONG WHITE XL,0,2,0,0,122438,244876,0
Mar-2026,MAMU TSM,CARGO MAMU,CARGO LONG WHITE XL,0,0,0,0,122438,0,244876
Feb-2026,MAMU TSM,CARGO MAMU,CARGO SHORT BLACK L,0,2,0,0,102138,204276,0
Mar-2026,MAMU TSM,CARGO MAMU,CARGO SHORT BLACK L,204276,1,0,0,102138,102138,204276
Apr-2026,MAMU TSM,CARGO MAMU,CARGO SHORT BLACK L,0,0,0,0,102138,0,102138
Feb-2026,MAMU TSM,CARGO MAMU,CARGO SHORT BLACK M,102138,1,0,0,102138,102138,0
Mar-2026,MAMU TSM,CARGO MAMU,CARGO SHORT BLACK M,306414,1,0,0,102138,102138,102138
Apr-2026,MAMU TSM,CARGO MAMU,CARGO SHORT BLACK M,0,0,0,0,102138,0,102138
Feb-2026,MAMU TSM,CARGO MAMU,CARGO SHORT BLACK S,102138,1,0,0,102138,102138,0
Mar-2026,MAMU TSM,CARGO MAMU,CARGO SHORT BLACK S,204276,1,0,0,102138,102138,102138
Apr-2026,MAMU TSM,CARGO MAMU,CARGO SHORT BLACK S,0,0,0,0,102138,0,102138
Feb-2026,MAMU TSM,CARGO MAMU,CARGO SHORT BLACK XL,102138,1,0,0,102138,102138,0
Mar-2026,MAMU TSM,CARGO MAMU,CARGO SHORT BLACK XL,204276,0,0,0,102138,0,102138
Mar-2026,MAMU TSM,CARGO MAMU,CARGO SHORT BROWN SUGAR L,0,1,0,0,102138,102138,0
Apr-2026,MAMU TSM,CARGO MAMU,CARGO SHORT BROWN SUGAR L,0,0,0,0,102138,0,102138
Mar-2026,MAMU TSM,CARGO MAMU,CARGO SHORT BROWN SUGAR M,0,1,0,0,102138,102138,0
Apr-2026,MAMU TSM,CARGO MAMU,CARGO SHORT BROWN SUGAR M,0,0,0,0,102138,0,102138
Mar-2026,MAMU TSM,CARGO MAMU,CARGO SHORT BROWN SUGAR S,0,1,0,0,102138,102138,0
Apr-2026,MAMU TSM,CARGO MAMU,CARGO SHORT BROWN SUGAR S,0,0,0,0,102138,0,102138
Feb-2026,MAMU TSM,CARGO MAMU,CARGO SHORT CREAM L,102138,1,0,0,102138,102138,0
Mar-2026,MAMU TSM,CARGO MAMU,CARGO SHORT CREAM L,204276,1,0,0,102138,102138,102138
Apr-2026,MAMU TSM,CARGO MAMU,CARGO SHORT CREAM L,0,0,0,0,102138,0,102138
Feb-2026,MAMU TSM,CARGO MAMU,CARGO SHORT CREAM M,0,2,0,0,102138,204276,0
Mar-2026,MAMU TSM,CARGO MAMU,CARGO SHORT CREAM M,306414,1,0,0,102138,102138,204276
Apr-2026,MAMU TSM,CARGO MAMU,CARGO SHORT CREAM M,0,0,0,0,102138,0,102138
Feb-2026,MAMU TSM,CARGO MAMU,CARGO SHORT CREAM S,102138,1,0,0,102138,102138,0
Mar-2026,MAMU TSM,CARGO MAMU,CARGO SHORT CREAM S,102138,1,0,0,102138,102138,102138
Apr-2026,MAMU TSM,CARGO MAMU,CARGO SHORT CREAM S,0,0,0,0,102138,0,102138
Feb-2026,MAMU TSM,CARGO MAMU,CARGO SHORT CREAM XL,0,1,0,0,102138,102138,0
Mar-2026,MAMU TSM,CARGO MAMU,CARGO SHORT CREAM XL,102138,0,0,0,102138,0,102138
Feb-2026,TIGALAPANKAOS BONE,CARGO MAMU,CARGO LONG BLACK L,0,5,0,0,122438,612190,0
Mar-2026,TIGALAPANKAOS BONE,CARGO MAMU,CARGO LONG BLACK L,122438,3,0,0,122438,367314,612190
Apr-2026,TIGALAPANKAOS BONE,CARGO MAMU,CARGO LONG BLACK L,244876,1,0,0,122438,122438,367314
Mei-2026,TIGALAPANKAOS BONE,CARGO MAMU,CARGO LONG BLACK L,122438,0,0,0,122438,0,122438
Agu-2026,TIGALAPANKAOS BONE,CARGO MAMU,CARGO LONG BLACK L,122421,0,0,0,122438,0,0
Sep-2026,TIGALAPANKAOS BONE,CARGO MAMU,CARGO LONG BLACK L,0,5,0,0,122438,612190,0
Okt-2026,TIGALAPANKAOS BONE,CARGO MAMU,CARGO LONG BLACK L,0,5,0,0,122438,612190,612190
Feb-2026,TIGALAPANKAOS BONE,CARGO MAMU,CARGO LONG BLACK M,0,3,0,0,122438,367314,0
Mar-2026,TIGALAPANKAOS BONE,CARGO MAMU,CARGO LONG BLACK M,0,3,0,0,122438,367314,367314
Apr-2026,TIGALAPANKAOS BONE,CARGO MAMU,CARGO LONG BLACK M,244876,1,0,0,122438,122438,367314
Mei-2026,TIGALAPANKAOS BONE,CARGO MAMU,CARGO LONG BLACK M,0,1,0,0,122438,122438,122438
Jun-2026,TIGALAPANKAOS BONE,CARGO MAMU,CARGO LONG BLACK M,0,1,0,0,122438,122438,122438
Jul-2026,TIGALAPANKAOS BONE,CARGO MAMU,CARGO LONG BLACK M,0,1,0,0,122438,122438,122438
Agu-2026,TIGALAPANKAOS BONE,CARGO MAMU,CARGO LONG BLACK M,0,1,0,0,122438,122438,122438
Sep-2026,TIGALAPANKAOS BONE,CARGO MAMU,CARGO LONG BLACK M,122438,0,0,0,122438,0,122438
Feb-2026,TIGALAPANKAOS BONE,CARGO MAMU,CARGO LONG BLACK S,0,3,0,0,122438,367314,0
Mar-2026,TIGALAPANKAOS BONE,CARGO MAMU,CARGO LONG BLACK S,122438,2,0,0,122438,244876,367314
Apr-2026,TIGALAPANKAOS BONE,CARGO MAMU,CARGO LONG BLACK S,0,2,0,0,122438,244876,244876
Mei-2026,TIGALAPANKAOS BONE,CARGO MAMU,CARGO LONG BLACK S,122438,1,0,0,122438,122438,244876
Jun-2026,TIGALAPANKAOS BONE,CARGO MAMU,CARGO LONG BLACK S,122438,0,0,0,122438,0,122438
Agu-2026,TIGALAPANKAOS BONE,CARGO MAMU,CARGO LONG BLACK XL,0,5,0,0,122438,612190,0
Sep-2026,TIGALAPANKAOS BONE,CARGO MAMU,CARGO LONG BLACK XL,0,5,0,0,122438,612190,612190
Okt-2026,TIGALAPANKAOS BONE,CARGO MAMU,CARGO LONG BLACK XL,0,5,0,0,122438,612190,612190
Feb-2026,TIGALAPANKAOS BONE,CARGO MAMU,CARGO LONG CREAM L,0,4,0,0,122438,489752,0
Mar-2026,TIGALAPANKAOS BONE,CARGO MAMU,CARGO LONG CREAM L,244876,3,0,0,122438,367314,489752
Apr-2026,TIGALAPANKAOS BONE,CARGO MAMU,CARGO LONG CREAM L,0,3,0,0,122438,367314,367314
Mei-2026,TIGALAPANKAOS BONE,CARGO MAMU,CARGO LONG CREAM L,0,3,0,0,122438,367314,367314
Jun-2026,TIGALAPANKAOS BONE,CARGO MAMU,CARGO LONG CREAM L,367314,0,0,0,122438,0,367314
Sep-2026,TIGALAPANKAOS BONE,CARGO MAMU,CARGO LONG CREAM L,0,5,0,0,122438,612190,0
Okt-2026,TIGALAPANKAOS BONE,CARGO MAMU,CARGO LONG CREAM L,0,5,0,0,122438,612190,612190
Feb-2026,TIGALAPANKAOS BONE,CARGO MAMU,CARGO LONG CREAM M,0,3,0,0,122438,367314,0
Mar-2026,TIGALAPANKAOS BONE,CARGO MAMU,CARGO LONG CREAM M,122438,1,0,0,122438,122438,367314
Apr-2026,TIGALAPANKAOS BONE,CARGO MAMU,CARGO LONG CREAM M,0,1,0,0,122438,122438,122438
Mei-2026,TIGALAPANKAOS BONE,CARGO MAMU,CARGO LONG CREAM M,0,1,0,0,122438,122438,122438
Jun-2026,TIGALAPANKAOS BONE,CARGO MAMU,CARGO LONG CREAM M,0,1,0,0,122438,122438,122438
Jul-2026,TIGALAPANKAOS BONE,CARGO MAMU,CARGO LONG CREAM M,122438,0,0,0,122438,0,122438
Feb-2026,TIGALAPANKAOS BONE,CARGO MAMU,CARGO LONG CREAM S,0,3,0,0,122438,367314,0
Mar-2026,TIGALAPANKAOS BONE,CARGO MAMU,CARGO LONG CREAM S,244876,1,0,0,122438,122438,367314
Apr-2026,TIGALAPANKAOS BONE,CARGO MAMU,CARGO LONG CREAM S,0,1,0,0,122438,122438,122438
Mei-2026,TIGALAPANKAOS BONE,CARGO MAMU,CARGO LONG CREAM S,122438,0,0,0,122438,0,122438
Sep-2026,TIGALAPANKAOS BONE,CARGO MAMU,CARGO LONG CREAM XL,0,5,0,0,122438,612190,0
Okt-2026,TIGALAPANKAOS BONE,CARGO MAMU,CARGO LONG CREAM XL,0,5,0,0,122438,612190,612190
Feb-2026,TIGALAPANKAOS BONE,CARGO MAMU,CARGO LONG DARK ARMY M,0,3,0,0,122438,367314,0
Mar-2026,TIGALAPANKAOS BONE,CARGO MAMU,CARGO LONG DARK ARMY M,122438,1,0,0,122438,122438,367314
Apr-2026,TIGALAPANKAOS BONE,CARGO MAMU,CARGO LONG DARK ARMY M,0,1,0,0,122438,122438,122438
Mei-2026,TIGALAPANKAOS BONE,CARGO MAMU,CARGO LONG DARK ARMY M,0,2,0,0,122438,244876,122438
Jun-2026,TIGALAPANKAOS BONE,CARGO MAMU,CARGO LONG DARK ARMY M,0,2,0,0,122438,244876,244876
Jul-2026,TIGALAPANKAOS BONE,CARGO MAMU,CARGO LONG DARK ARMY M,122438,2,0,0,122438,244876,244876
Agu-2026,TIGALAPANKAOS BONE,CARGO MAMU,CARGO LONG DARK ARMY M,0,1,0,0,122438,122438,244876
Sep-2026,TIGALAPANKAOS BONE,CARGO MAMU,CARGO LONG DARK ARMY M,122438,0,0,0,122438,0,122438
Feb-2026,TIGALAPANKAOS BONE,CARGO MAMU,CARGO LONG KHAKY M,0,3,0,0,122438,367314,0
Mar-2026,TIGALAPANKAOS BONE,CARGO MAMU,CARGO LONG KHAKY M,122438,2,0,0,122438,244876,367314
Apr-2026,TIGALAPANKAOS BONE,CARGO MAMU,CARGO LONG KHAKY M,122438,1,0,0,122438,122438,244876
Mei-2026,TIGALAPANKAOS BONE,CARGO MAMU,CARGO LONG KHAKY M,0,1,0,0,122438,122438,122438
Jun-2026,TIGALAPANKAOS BONE,CARGO MAMU,CARGO LONG KHAKY M,0,1,0,0,122438,122438,122438
Jul-2026,TIGALAPANKAOS BONE,CARGO MAMU,CARGO LONG KHAKY M,122438,1,0,0,122438,122438,122438
Agu-2026,TIGALAPANKAOS BONE,CARGO MAMU,CARGO LONG KHAKY M,0,0,0,0,122438,0,122438
Feb-2026,TIGALAPANKAOS BONE,CARGO MAMU,CARGO LONG KHAKY S,0,3,0,0,122438,367314,0
Mar-2026,TIGALAPANKAOS BONE,CARGO MAMU,CARGO LONG KHAKY S,367314,0,0,0,122438,0,367314
Feb-2026,TIGALAPANKAOS BONE,CARGO MAMU,CARGO LONG WHITE M,0,3,0,0,122438,367314,0
Mar-2026,TIGALAPANKAOS BONE,CARGO MAMU,CARGO LONG WHITE M,0,3,0,0,122438,367314,367314
Apr-2026,TIGALAPANKAOS BONE,CARGO MAMU,CARGO LONG WHITE M,0,3,0,0,122438,367314,367314
Mei-2026,TIGALAPANKAOS BONE,CARGO MAMU,CARGO LONG WHITE M,0,3,0,0,122438,367314,367314
Jun-2026,TIGALAPANKAOS BONE,CARGO MAMU,CARGO LONG WHITE M,0,1,0,0,122438,122438,367314
Jul-2026,TIGALAPANKAOS BONE,CARGO MAMU,CARGO LONG WHITE M,122438,1,0,0,122438,122438,122438
Agu-2026,TIGALAPANKAOS BONE,CARGO MAMU,CARGO LONG WHITE M,0,0,0,0,122438,0,122438
Feb-2026,TIGALAPANKAOS BONE,CARGO MAMU,CARGO LONG WHITE S,0,3,0,0,122438,367314,0
Mar-2026,TIGALAPANKAOS BONE,CARGO MAMU,CARGO LONG WHITE S,0,3,0,0,122438,367314,367314
Apr-2026,TIGALAPANKAOS BONE,CARGO MAMU,CARGO LONG WHITE S,0,3,0,0,122438,367314,367314
Mei-2026,TIGALAPANKAOS BONE,CARGO MAMU,CARGO LONG WHITE S,0,3,0,0,122438,367314,367314
Jun-2026,TIGALAPANKAOS BONE,CARGO MAMU,CARGO LONG WHITE S,122438,2,0,0,122438,244876,367314
Jul-2026,TIGALAPANKAOS BONE,CARGO MAMU,CARGO LONG WHITE S,0,2,0,0,122438,244876,244876
Agu-2026,TIGALAPANKAOS BONE,CARGO MAMU,CARGO LONG WHITE S,244876,0,0,0,122438,0,244876
Agu-2026,TIGALAPANKAOS BONE,CARGO MAMU,CARGO SHORT BLACK L,0,5,0,0,102138,510690,0
Sep-2026,TIGALAPANKAOS BONE,CARGO MAMU,CARGO SHORT BLACK L,0,5,0,0,102138,510690,510690
Okt-2026,TIGALAPANKAOS BONE,CARGO MAMU,CARGO SHORT BLACK L,0,5,0,0,102138,510690,510690
Feb-2026,TIGALAPANKAOS BONE,CARGO MAMU,CARGO SHORT BLACK M,0,3,0,0,102138,306414,0
Mar-2026,TIGALAPANKAOS BONE,CARGO MAMU,CARGO SHORT BLACK M,204276,1,0,0,102138,102138,306414
Apr-2026,TIGALAPANKAOS BONE,CARGO MAMU,CARGO SHORT BLACK M,0,1,0,0,102138,102138,102138
Mei-2026,TIGALAPANKAOS BONE,CARGO MAMU,CARGO SHORT BLACK M,102138,0,0,0,102138,0,102138
Feb-2026,TIGALAPANKAOS BONE,CARGO MAMU,CARGO SHORT BLACK S,102138,3,0,0,102138,306414,0
Mar-2026,TIGALAPANKAOS BONE,CARGO MAMU,CARGO SHORT BLACK S,204276,0,0,0,102138,0,306414
Agu-2026,TIGALAPANKAOS BONE,CARGO MAMU,CARGO SHORT BLACK XL,0,5,0,0,102138,510690,0
Sep-2026,TIGALAPANKAOS BONE,CARGO MAMU,CARGO SHORT BLACK XL,0,5,0,0,102138,510690,510690
Okt-2026,TIGALAPANKAOS BONE,CARGO MAMU,CARGO SHORT BLACK XL,0,5,0,0,102138,510690,510690
Agu-2026,TIGALAPANKAOS BONE,CARGO MAMU,CARGO SHORT CREAM L,102400,5,0,0,102138,510690,0
Sep-2026,TIGALAPANKAOS BONE,CARGO MAMU,CARGO SHORT CREAM L,0,4,0,0,102138,408552,510690
Okt-2026,TIGALAPANKAOS BONE,CARGO MAMU,CARGO SHORT CREAM L,0,4,0,0,102138,408552,408552
Feb-2026,TIGALAPANKAOS BONE,CARGO MAMU,CARGO SHORT CREAM S,0,3,0,0,102138,306414,0
Mar-2026,TIGALAPANKAOS BONE,CARGO MAMU,CARGO SHORT CREAM S,204276,1,0,0,102138,102138,306414
Apr-2026,TIGALAPANKAOS BONE,CARGO MAMU,CARGO SHORT CREAM S,0,1,0,0,102138,102138,102138
Mei-2026,TIGALAPANKAOS BONE,CARGO MAMU,CARGO SHORT CREAM S,0,1,0,0,102138,102138,102138
Jun-2026,TIGALAPANKAOS BONE,CARGO MAMU,CARGO SHORT CREAM S,102138,0,0,0,102138,0,102138
Agu-2026,TIGALAPANKAOS BONE,CARGO MAMU,CARGO SHORT CREAM XL,0,5,0,0,102138,510690,0
Sep-2026,TIGALAPANKAOS BONE,CARGO MAMU,CARGO SHORT CREAM XL,0,5,0,0,102138,510690,510690
Okt-2026,TIGALAPANKAOS BONE,CARGO MAMU,CARGO SHORT CREAM XL,0,5,0,0,102138,510690,510690
Jun-2026,TIGALAPANKAOS MAKASSAR,CARGO MAMU,CARGO LONG BLACK M,0,5,0,0,122438,612190,0
Jul-2026,TIGALAPANKAOS MAKASSAR,CARGO MAMU,CARGO LONG BLACK M,0,0,0,0,122438,0,612190
Jun-2026,TIGALAPANKAOS MAKASSAR,CARGO MAMU,CARGO LONG BROWN SUGAR S,0,5,0,0,122438,612190,0
Jul-2026,TIGALAPANKAOS MAKASSAR,CARGO MAMU,CARGO LONG BROWN SUGAR S,0,0,0,0,122438,0,612190
Feb-2026,TIGALAPANKAOS MANADO,CARGO MAMU,CARGO LONG BLACK L,0,5,0,0,122438,612190,0
Mar-2026,TIGALAPANKAOS MANADO,CARGO MAMU,CARGO LONG BLACK L,0,5,0,0,122438,612190,612190
Apr-2026,TIGALAPANKAOS MANADO,CARGO MAMU,CARGO LONG BLACK L,0,5,0,0,122438,612190,612190
Mei-2026,TIGALAPANKAOS MANADO,CARGO MAMU,CARGO LONG BLACK L,122438,4,0,0,122438,489752,612190
Jun-2026,TIGALAPANKAOS MANADO,CARGO MAMU,CARGO LONG BLACK L,0,4,0,0,122438,489752,489752
Jul-2026,TIGALAPANKAOS MANADO,CARGO MAMU,CARGO LONG BLACK L,0,3,0,0,122438,367314,489752
Agu-2026,TIGALAPANKAOS MANADO,CARGO MAMU,CARGO LONG BLACK L,0,5,0,0,122438,612190,367314
Sep-2026,TIGALAPANKAOS MANADO,CARGO MAMU,CARGO LONG BLACK L,0,5,0,0,122438,612190,612190
Okt-2026,TIGALAPANKAOS MANADO,CARGO MAMU,CARGO LONG BLACK L,0,5,0,0,122438,612190,612190
Feb-2026,TIGALAPANKAOS MANADO,CARGO MAMU,CARGO LONG BLACK M,122438,2,0,0,122438,244876,0
Mar-2026,TIGALAPANKAOS MANADO,CARGO MAMU,CARGO LONG BLACK M,0,2,0,0,122438,244876,244876
Apr-2026,TIGALAPANKAOS MANADO,CARGO MAMU,CARGO LONG BLACK M,122438,1,0,0,122438,122438,244876
Mei-2026,TIGALAPANKAOS MANADO,CARGO MAMU,CARGO LONG BLACK M,0,1,0,0,122438,122438,122438
Jun-2026,TIGALAPANKAOS MANADO,CARGO MAMU,CARGO LONG BLACK M,122438,0,0,0,122438,0,122438
Feb-2026,TIGALAPANKAOS MANADO,CARGO MAMU,CARGO LONG BLACK S,0,3,0,0,122438,367314,0
Mar-2026,TIGALAPANKAOS MANADO,CARGO MAMU,CARGO LONG BLACK S,0,3,0,0,122438,367314,367314
Apr-2026,TIGALAPANKAOS MANADO,CARGO MAMU,CARGO LONG BLACK S,0,2,0,0,122438,244876,367314
Mei-2026,TIGALAPANKAOS MANADO,CARGO MAMU,CARGO LONG BLACK S,122438,1,0,0,122438,122438,244876
Jun-2026,TIGALAPANKAOS MANADO,CARGO MAMU,CARGO LONG BLACK S,0,1,0,0,122438,122438,122438
Jul-2026,TIGALAPANKAOS MANADO,CARGO MAMU,CARGO LONG BLACK S,0,1,0,0,122438,122438,122438
Agu-2026,TIGALAPANKAOS MANADO,CARGO MAMU,CARGO LONG BLACK S,0,1,0,0,122438,122438,122438
Sep-2026,TIGALAPANKAOS MANADO,CARGO MAMU,CARGO LONG BLACK S,0,1,0,0,122438,122438,122438
Okt-2026,TIGALAPANKAOS MANADO,CARGO MAMU,CARGO LONG BLACK S,0,1,0,0,122438,122438,122438
Feb-2026,TIGALAPANKAOS MANADO,CARGO MAMU,CARGO LONG BLACK XL,0,1,0,0,122438,122438,0
Mar-2026,TIGALAPANKAOS MANADO,CARGO MAMU,CARGO LONG BLACK XL,122438,0,0,0,122438,0,122438
Agu-2026,TIGALAPANKAOS MANADO,CARGO MAMU,CARGO LONG BLACK XL,0,5,0,0,122438,612190,0
Sep-2026,TIGALAPANKAOS MANADO,CARGO MAMU,CARGO LONG BLACK XL,122400,4,0,0,122438,489752,612190
Okt-2026,TIGALAPANKAOS MANADO,CARGO MAMU,CARGO LONG BLACK XL,0,4,0,0,122438,489752,489752
Feb-2026,TIGALAPANKAOS MANADO,CARGO MAMU,CARGO LONG CREAM L,0,3,0,0,122438,367314,0
Mar-2026,TIGALAPANKAOS MANADO,CARGO MAMU,CARGO LONG CREAM L,0,3,0,0,122438,367314,367314
Apr-2026,TIGALAPANKAOS MANADO,CARGO MAMU,CARGO LONG CREAM L,0,3,0,0,122438,367314,367314
Mei-2026,TIGALAPANKAOS MANADO,CARGO MAMU,CARGO LONG CREAM L,0,3,0,0,122438,367314,367314
Jun-2026,TIGALAPANKAOS MANADO,CARGO MAMU,CARGO LONG CREAM L,122438,1,0,0,122438,122438,367314
Jul-2026,TIGALAPANKAOS MANADO,CARGO MAMU,CARGO LONG CREAM L,0,1,0,0,122438,122438,122438
Agu-2026,TIGALAPANKAOS MANADO,CARGO MAMU,CARGO LONG CREAM L,122438,0,0,0,122438,0,122438
Okt-2026,TIGALAPANKAOS MANADO,CARGO MAMU,CARGO LONG CREAM L,0,0,10,0,122438,1224380,0
Feb-2026,TIGALAPANKAOS MANADO,CARGO MAMU,CARGO LONG CREAM M,0,3,0,0,122438,367314,0
Mar-2026,TIGALAPANKAOS MANADO,CARGO MAMU,CARGO LONG CREAM M,0,3,0,0,122438,367314,367314
Apr-2026,TIGALAPANKAOS MANADO,CARGO MAMU,CARGO LONG CREAM M,0,3,0,0,122438,367314,367314
Mei-2026,TIGALAPANKAOS MANADO,CARGO MAMU,CARGO LONG CREAM M,0,3,0,0,122438,367314,367314
Jun-2026,TIGALAPANKAOS MANADO,CARGO MAMU,CARGO LONG CREAM M,122438,2,0,0,122438,244876,367314
Jul-2026,TIGALAPANKAOS MANADO,CARGO MAMU,CARGO LONG CREAM M,0,2,0,0,122438,244876,244876
Agu-2026,TIGALAPANKAOS MANADO,CARGO MAMU,CARGO LONG CREAM M,0,2,0,0,122438,244876,244876
Sep-2026,TIGALAPANKAOS MANADO,CARGO MAMU,CARGO LONG CREAM M,0,2,0,0,122438,244876,244876
Okt-2026,TIGALAPANKAOS MANADO,CARGO MAMU,CARGO LONG CREAM M,0,2,0,0,122438,244876,244876
Feb-2026,TIGALAPANKAOS MANADO,CARGO MAMU,CARGO LONG CREAM S,0,3,0,0,122438,367314,0
Mar-2026,TIGALAPANKAOS MANADO,CARGO MAMU,CARGO LONG CREAM S,122438,2,0,0,122438,244876,367314
Apr-2026,TIGALAPANKAOS MANADO,CARGO MAMU,CARGO LONG CREAM S,0,2,0,0,122438,244876,244876
Mei-2026,TIGALAPANKAOS MANADO,CARGO MAMU,CARGO LONG CREAM S,0,1,0,0,122438,122438,244876
Jun-2026,TIGALAPANKAOS MANADO,CARGO MAMU,CARGO LONG CREAM S,0,1,0,0,122438,122438,122438
Jul-2026,TIGALAPANKAOS MANADO,CARGO MAMU,CARGO LONG CREAM S,0,1,0,0,122438,122438,122438
Agu-2026,TIGALAPANKAOS MANADO,CARGO MAMU,CARGO LONG CREAM S,0,1,0,0,122438,122438,122438
Sep-2026,TIGALAPANKAOS MANADO,CARGO MAMU,CARGO LONG CREAM S,0,1,0,0,122438,122438,122438
Okt-2026,TIGALAPANKAOS MANADO,CARGO MAMU,CARGO LONG CREAM S,0,1,0,0,122438,122438,122438
Okt-2026,TIGALAPANKAOS MANADO,CARGO MAMU,CARGO LONG CREAM XL,0,0,4,0,122438,489752,0
Feb-2026,TIGALAPANKAOS MANADO,CARGO MAMU,CARGO LONG DARK ARMY L,0,3,0,0,122438,367314,0
Mar-2026,TIGALAPANKAOS MANADO,CARGO MAMU,CARGO LONG DARK ARMY L,0,3,0,0,122438,367314,367314
Apr-2026,TIGALAPANKAOS MANADO,CARGO MAMU,CARGO LONG DARK ARMY L,0,3,0,0,122438,367314,367314
Mei-2026,TIGALAPANKAOS MANADO,CARGO MAMU,CARGO LONG DARK ARMY L,0,2,0,0,122438,244876,367314
Jun-2026,TIGALAPANKAOS MANADO,CARGO MAMU,CARGO LONG DARK ARMY L,0,3,0,0,122438,367314,244876
Jul-2026,TIGALAPANKAOS MANADO,CARGO MAMU,CARGO LONG DARK ARMY L,0,2,0,0,122438,244876,367314
Agu-2026,TIGALAPANKAOS MANADO,CARGO MAMU,CARGO LONG DARK ARMY L,0,2,0,0,122438,244876,244876
Sep-2026,TIGALAPANKAOS MANADO,CARGO MAMU,CARGO LONG DARK ARMY L,0,2,0,0,122438,244876,244876
Okt-2026,TIGALAPANKAOS MANADO,CARGO MAMU,CARGO LONG DARK ARMY L,0,2,0,0,122438,244876,244876
Feb-2026,TIGALAPANKAOS MANADO,CARGO MAMU,CARGO LONG DARK ARMY M,0,3,0,0,122438,367314,0
Mar-2026,TIGALAPANKAOS MANADO,CARGO MAMU,CARGO LONG DARK ARMY M,0,3,0,0,122438,367314,367314
Apr-2026,TIGALAPANKAOS MANADO,CARGO MAMU,CARGO LONG DARK ARMY M,0,3,0,0,122438,367314,367314
Mei-2026,TIGALAPANKAOS MANADO,CARGO MAMU,CARGO LONG DARK ARMY M,0,3,0,0,122438,367314,367314
Jun-2026,TIGALAPANKAOS MANADO,CARGO MAMU,CARGO LONG DARK ARMY M,0,3,0,0,122438,367314,367314
Jul-2026,TIGALAPANKAOS MANADO,CARGO MAMU,CARGO LONG DARK ARMY M,0,3,0,0,122438,367314,367314
Agu-2026,TIGALAPANKAOS MANADO,CARGO MAMU,CARGO LONG DARK ARMY M,0,3,0,0,122438,367314,367314
Sep-2026,TIGALAPANKAOS MANADO,CARGO MAMU,CARGO LONG DARK ARMY M,0,3,0,0,122438,367314,367314
Okt-2026,TIGALAPANKAOS MANADO,CARGO MAMU,CARGO LONG DARK ARMY M,0,3,0,0,122438,367314,367314
Feb-2026,TIGALAPANKAOS MANADO,CARGO MAMU,CARGO LONG DARK ARMY S,0,3,0,0,122438,367314,0
Mar-2026,TIGALAPANKAOS MANADO,CARGO MAMU,CARGO LONG DARK ARMY S,0,3,0,0,122438,367314,367314
Apr-2026,TIGALAPANKAOS MANADO,CARGO MAMU,CARGO LONG DARK ARMY S,0,4,0,0,122438,489752,367314
Mei-2026,TIGALAPANKAOS MANADO,CARGO MAMU,CARGO LONG DARK ARMY S,0,2,0,0,122438,244876,489752
Jun-2026,TIGALAPANKAOS MANADO,CARGO MAMU,CARGO LONG DARK ARMY S,0,2,0,0,122438,244876,244876
Jul-2026,TIGALAPANKAOS MANADO,CARGO MAMU,CARGO LONG DARK ARMY S,0,2,0,0,122438,244876,244876
Agu-2026,TIGALAPANKAOS MANADO,CARGO MAMU,CARGO LONG DARK ARMY S,122438,1,0,0,122438,122438,244876
Sep-2026,TIGALAPANKAOS MANADO,CARGO MAMU,CARGO LONG DARK ARMY S,0,1,0,0,122438,122438,122438
Okt-2026,TIGALAPANKAOS MANADO,CARGO MAMU,CARGO LONG DARK ARMY S,0,1,0,0,122438,122438,122438
Feb-2026,TIGALAPANKAOS MANADO,CARGO MAMU,CARGO LONG DARK ARMY XL,0,1,0,0,122438,122438,0
Mar-2026,TIGALAPANKAOS MANADO,CARGO MAMU,CARGO LONG DARK ARMY XL,122438,0,0,0,122438,0,122438
Feb-2026,TIGALAPANKAOS MANADO,CARGO MAMU,CARGO LONG KHAKY L,0,2,0,0,122438,244876,0
Mar-2026,TIGALAPANKAOS MANADO,CARGO MAMU,CARGO LONG KHAKY L,0,2,0,0,122438,244876,244876
Apr-2026,TIGALAPANKAOS MANADO,CARGO MAMU,CARGO LONG KHAKY L,0,2,0,0,122438,244876,244876
Mei-2026,TIGALAPANKAOS MANADO,CARGO MAMU,CARGO LONG KHAKY L,0,2,0,0,122438,244876,244876
Jun-2026,TIGALAPANKAOS MANADO,CARGO MAMU,CARGO LONG KHAKY L,0,2,0,0,122438,244876,244876
Jul-2026,TIGALAPANKAOS MANADO,CARGO MAMU,CARGO LONG KHAKY L,122438,1,0,0,122438,122438,244876
Agu-2026,TIGALAPANKAOS MANADO,CARGO MAMU,CARGO LONG KHAKY L,122438,0,0,0,122438,0,122438
Feb-2026,TIGALAPANKAOS MANADO,CARGO MAMU,CARGO LONG KHAKY M,0,3,0,0,122438,367314,0
Mar-2026,TIGALAPANKAOS MANADO,CARGO MAMU,CARGO LONG KHAKY M,0,3,0,0,122438,367314,367314
Apr-2026,TIGALAPANKAOS MANADO,CARGO MAMU,CARGO LONG KHAKY M,0,3,0,0,122438,367314,367314
Mei-2026,TIGALAPANKAOS MANADO,CARGO MAMU,CARGO LONG KHAKY M,0,3,0,0,122438,367314,367314
Jun-2026,TIGALAPANKAOS MANADO,CARGO MAMU,CARGO LONG KHAKY M,0,3,0,0,122438,367314,367314
Jul-2026,TIGALAPANKAOS MANADO,CARGO MAMU,CARGO LONG KHAKY M,0,3,0,0,122438,367314,367314
Agu-2026,TIGALAPANKAOS MANADO,CARGO MAMU,CARGO LONG KHAKY M,0,3,0,0,122438,367314,367314
Sep-2026,TIGALAPANKAOS MANADO,CARGO MAMU,CARGO LONG KHAKY M,122438,2,0,0,122438,244876,367314
Okt-2026,TIGALAPANKAOS MANADO,CARGO MAMU,CARGO LONG KHAKY M,0,2,0,0,122438,244876,244876
Feb-2026,TIGALAPANKAOS MANADO,CARGO MAMU,CARGO LONG KHAKY S,0,3,0,0,122438,367314,0
Mar-2026,TIGALAPANKAOS MANADO,CARGO MAMU,CARGO LONG KHAKY S,0,3,0,0,122438,367314,367314
Apr-2026,TIGALAPANKAOS MANADO,CARGO MAMU,CARGO LONG KHAKY S,0,3,0,0,122438,367314,367314
Mei-2026,TIGALAPANKAOS MANADO,CARGO MAMU,CARGO LONG KHAKY S,0,3,0,0,122438,367314,367314
Jun-2026,TIGALAPANKAOS MANADO,CARGO MAMU,CARGO LONG KHAKY S,0,3,0,0,122438,367314,367314
Jul-2026,TIGALAPANKAOS MANADO,CARGO MAMU,CARGO LONG KHAKY S,122438,2,0,0,122438,244876,367314
Agu-2026,TIGALAPANKAOS MANADO,CARGO MAMU,CARGO LONG KHAKY S,0,2,0,0,122438,244876,244876
Sep-2026,TIGALAPANKAOS MANADO,CARGO MAMU,CARGO LONG KHAKY S,0,2,0,0,122438,244876,244876
Okt-2026,TIGALAPANKAOS MANADO,CARGO MAMU,CARGO LONG KHAKY S,0,2,0,0,122438,244876,244876
Feb-2026,TIGALAPANKAOS MANADO,CARGO MAMU,CARGO LONG WHITE L,0,3,0,0,122438,367314,0
Mar-2026,TIGALAPANKAOS MANADO,CARGO MAMU,CARGO LONG WHITE L,0,3,0,0,122438,367314,367314
Apr-2026,TIGALAPANKAOS MANADO,CARGO MAMU,CARGO LONG WHITE L,0,3,0,0,122438,367314,367314
Mei-2026,TIGALAPANKAOS MANADO,CARGO MAMU,CARGO LONG WHITE L,0,2,0,0,122438,244876,367314
Jun-2026,TIGALAPANKAOS MANADO,CARGO MAMU,CARGO LONG WHITE L,122438,1,0,0,122438,122438,244876
Jul-2026,TIGALAPANKAOS MANADO,CARGO MAMU,CARGO LONG WHITE L,122438,1,0,0,122438,122438,122438
Agu-2026,TIGALAPANKAOS MANADO,CARGO MAMU,CARGO LONG WHITE L,0,0,0,0,122438,0,122438
Feb-2026,TIGALAPANKAOS MANADO,CARGO MAMU,CARGO LONG WHITE M,0,3,0,0,122438,367314,0
Mar-2026,TIGALAPANKAOS MANADO,CARGO MAMU,CARGO LONG WHITE M,0,3,0,0,122438,367314,367314
Apr-2026,TIGALAPANKAOS MANADO,CARGO MAMU,CARGO LONG WHITE M,122438,2,0,0,122438,244876,367314
Mei-2026,TIGALAPANKAOS MANADO,CARGO MAMU,CARGO LONG WHITE M,0,2,0,0,122438,244876,244876
Jun-2026,TIGALAPANKAOS MANADO,CARGO MAMU,CARGO LONG WHITE M,0,2,0,0,122438,244876,244876
Jul-2026,TIGALAPANKAOS MANADO,CARGO MAMU,CARGO LONG WHITE M,0,2,0,0,122438,244876,244876
Agu-2026,TIGALAPANKAOS MANADO,CARGO MAMU,CARGO LONG WHITE M,244876,0,0,0,122438,0,244876
Feb-2026,TIGALAPANKAOS MANADO,CARGO MAMU,CARGO LONG WHITE S,0,3,0,0,122438,367314,0
Mar-2026,TIGALAPANKAOS MANADO,CARGO MAMU,CARGO LONG WHITE S,122438,2,0,0,122438,244876,367314
Apr-2026,TIGALAPANKAOS MANADO,CARGO MAMU,CARGO LONG WHITE S,0,2,0,0,122438,244876,244876
Mei-2026,TIGALAPANKAOS MANADO,CARGO MAMU,CARGO LONG WHITE S,0,2,0,0,122438,244876,244876
Jun-2026,TIGALAPANKAOS MANADO,CARGO MAMU,CARGO LONG WHITE S,0,2,0,0,122438,244876,244876
Jul-2026,TIGALAPANKAOS MANADO,CARGO MAMU,CARGO LONG WHITE S,0,2,0,0,122438,244876,244876
Agu-2026,TIGALAPANKAOS MANADO,CARGO MAMU,CARGO LONG WHITE S,122438,1,0,0,122438,122438,244876
Sep-2026,TIGALAPANKAOS MANADO,CARGO MAMU,CARGO LONG WHITE S,0,1,0,0,122438,122438,122438
Okt-2026,TIGALAPANKAOS MANADO,CARGO MAMU,CARGO LONG WHITE S,0,1,0,0,122438,122438,122438
Feb-2026,TIGALAPANKAOS MANADO,CARGO MAMU,CARGO SHORT BLACK L,0,3,0,0,102138,306414,0
Mar-2026,TIGALAPANKAOS MANADO,CARGO MAMU,CARGO SHORT BLACK L,0,3,0,0,102138,306414,306414
Apr-2026,TIGALAPANKAOS MANADO,CARGO MAMU,CARGO SHORT BLACK L,204276,0,0,0,102138,0,306414
Okt-2026,TIGALAPANKAOS MANADO,CARGO MAMU,CARGO SHORT BLACK L,0,0,2,0,102138,204276,0
Feb-2026,TIGALAPANKAOS MANADO,CARGO MAMU,CARGO SHORT BLACK M,0,3,0,0,102138,306414,0
Mar-2026,TIGALAPANKAOS MANADO,CARGO MAMU,CARGO SHORT BLACK M,102138,2,0,0,102138,204276,306414
Apr-2026,TIGALAPANKAOS MANADO,CARGO MAMU,CARGO SHORT BLACK M,204276,0,0,0,102138,0,204276
Feb-2026,TIGALAPANKAOS MANADO,CARGO MAMU,CARGO SHORT BLACK S,0,3,0,0,102138,306414,0
Mar-2026,TIGALAPANKAOS MANADO,CARGO MAMU,CARGO SHORT BLACK S,306414,0,0,0,102138,0,306414
Agu-2026,TIGALAPANKAOS MANADO,CARGO MAMU,CARGO SHORT BLACK XL,0,5,0,0,102138,510690,0
Sep-2026,TIGALAPANKAOS MANADO,CARGO MAMU,CARGO SHORT BLACK XL,0,5,0,0,102138,510690,510690
Okt-2026,TIGALAPANKAOS MANADO,CARGO MAMU,CARGO SHORT BLACK XL,0,5,0,0,102138,510690,510690
Feb-2026,TIGALAPANKAOS MANADO,CARGO MAMU,CARGO SHORT CREAM L,0,2,0,0,102138,204276,0
Mar-2026,TIGALAPANKAOS MANADO,CARGO MAMU,CARGO SHORT CREAM L,0,2,0,0,102138,204276,204276
Apr-2026,TIGALAPANKAOS MANADO,CARGO MAMU,CARGO SHORT CREAM L,204276,0,0,0,102138,0,204276
Agu-2026,TIGALAPANKAOS MANADO,CARGO MAMU,CARGO SHORT CREAM L,102400,5,0,0,102138,510690,0
Sep-2026,TIGALAPANKAOS MANADO,CARGO MAMU,CARGO SHORT CREAM L,0,4,0,0,102138,408552,510690
Okt-2026,TIGALAPANKAOS MANADO,CARGO MAMU,CARGO SHORT CREAM L,0,4,1,0,102138,510690,408552
Feb-2026,TIGALAPANKAOS MANADO,CARGO MAMU,CARGO SHORT CREAM M,0,3,0,0,102138,306414,0
Mar-2026,TIGALAPANKAOS MANADO,CARGO MAMU,CARGO SHORT CREAM M,102138,2,0,0,102138,204276,306414
Apr-2026,TIGALAPANKAOS MANADO,CARGO MAMU,CARGO SHORT CREAM M,102138,1,0,0,102138,102138,204276
Mei-2026,TIGALAPANKAOS MANADO,CARGO MAMU,CARGO SHORT CREAM M,102138,0,0,0,102138,0,102138
Feb-2026,TIGALAPANKAOS MANADO,CARGO MAMU,CARGO SHORT CREAM S,0,3,0,0,102138,306414,0
Mar-2026,TIGALAPANKAOS MANADO,CARGO MAMU,CARGO SHORT CREAM S,102138,2,0,0,102138,204276,306414
Apr-2026,TIGALAPANKAOS MANADO,CARGO MAMU,CARGO SHORT CREAM S,102138,1,0,0,102138,102138,204276
Mei-2026,TIGALAPANKAOS MANADO,CARGO MAMU,CARGO SHORT CREAM S,0,0,0,0,102138,0,102138
Agu-2026,TIGALAPANKAOS MANADO,CARGO MAMU,CARGO SHORT CREAM XL,0,5,0,0,102138,510690,0
Sep-2026,TIGALAPANKAOS MANADO,CARGO MAMU,CARGO SHORT CREAM XL,0,5,0,0,102138,510690,510690
Okt-2026,TIGALAPANKAOS MANADO,CARGO MAMU,CARGO SHORT CREAM XL,0,5,0,0,102138,510690,510690
Feb-2026,TIGALAPANKAOS PALU,CARGO MAMU,CARGO LONG BLACK L,0,5,0,0,122438,612190,0
Mar-2026,TIGALAPANKAOS PALU,CARGO MAMU,CARGO LONG BLACK L,122438,4,0,0,122438,489752,612190
Apr-2026,TIGALAPANKAOS PALU,CARGO MAMU,CARGO LONG BLACK L,0,5,0,0,122438,612190,489752
Mei-2026,TIGALAPANKAOS PALU,CARGO MAMU,CARGO LONG BLACK L,0,5,0,0,122438,612190,612190
Jun-2026,TIGALAPANKAOS PALU,CARGO MAMU,CARGO LONG BLACK L,0,5,0,0,122438,612190,612190
Jul-2026,TIGALAPANKAOS PALU,CARGO MAMU,CARGO LONG BLACK L,122438,5,0,0,122438,612190,612190
Agu-2026,TIGALAPANKAOS PALU,CARGO MAMU,CARGO LONG BLACK L,122430,4,0,0,122438,489752,612190
Sep-2026,TIGALAPANKAOS PALU,CARGO MAMU,CARGO LONG BLACK L,122430,3,0,0,122438,367314,489752
Okt-2026,TIGALAPANKAOS PALU,CARGO MAMU,CARGO LONG BLACK L,0,3,0,0,122438,367314,367314
Feb-2026,TIGALAPANKAOS PALU,CARGO MAMU,CARGO LONG BLACK M,0,10,0,0,122438,1224380,0
Mar-2026,TIGALAPANKAOS PALU,CARGO MAMU,CARGO LONG BLACK M,122438,9,0,0,122438,1101942,1224380
Apr-2026,TIGALAPANKAOS PALU,CARGO MAMU,CARGO LONG BLACK M,0,9,0,0,122438,1101942,1101942
Mei-2026,TIGALAPANKAOS PALU,CARGO MAMU,CARGO LONG BLACK M,0,9,0,0,122438,1101942,1101942
Jun-2026,TIGALAPANKAOS PALU,CARGO MAMU,CARGO LONG BLACK M,0,9,0,0,122438,1101942,1101942
Jul-2026,TIGALAPANKAOS PALU,CARGO MAMU,CARGO LONG BLACK M,122438,9,0,0,122438,1101942,1101942
Agu-2026,TIGALAPANKAOS PALU,CARGO MAMU,CARGO LONG BLACK M,122438,8,0,0,122438,979504,1101942
Sep-2026,TIGALAPANKAOS PALU,CARGO MAMU,CARGO LONG BLACK M,244876,6,0,0,122438,734628,979504
Okt-2026,TIGALAPANKAOS PALU,CARGO MAMU,CARGO LONG BLACK M,0,5,0,0,122438,612190,734628
Feb-2026,TIGALAPANKAOS PALU,CARGO MAMU,CARGO LONG BLACK S,0,10,0,0,122438,1224380,0
Mar-2026,TIGALAPANKAOS PALU,CARGO MAMU,CARGO LONG BLACK S,244876,8,0,0,122438,979504,1224380
Apr-2026,TIGALAPANKAOS PALU,CARGO MAMU,CARGO LONG BLACK S,0,8,0,0,122438,979504,979504
Mei-2026,TIGALAPANKAOS PALU,CARGO MAMU,CARGO LONG BLACK S,0,8,0,0,122438,979504,979504
Jun-2026,TIGALAPANKAOS PALU,CARGO MAMU,CARGO LONG BLACK S,122438,7,0,0,122438,857066,979504
Jul-2026,TIGALAPANKAOS PALU,CARGO MAMU,CARGO LONG BLACK S,0,7,0,0,122438,857066,857066
Agu-2026,TIGALAPANKAOS PALU,CARGO MAMU,CARGO LONG BLACK S,0,7,0,0,122438,857066,857066
Sep-2026,TIGALAPANKAOS PALU,CARGO MAMU,CARGO LONG BLACK S,0,7,0,0,122438,857066,857066
Okt-2026,TIGALAPANKAOS PALU,CARGO MAMU,CARGO LONG BLACK S,0,7,0,0,122438,857066,857066
Feb-2026,TIGALAPANKAOS PALU,CARGO MAMU,CARGO LONG BLACK XL,0,3,0,0,122438,367314,0
Mar-2026,TIGALAPANKAOS PALU,CARGO MAMU,CARGO LONG BLACK XL,0,3,0,0,122438,367314,367314
Apr-2026,TIGALAPANKAOS PALU,CARGO MAMU,CARGO LONG BLACK XL,0,3,0,0,122438,367314,367314
Mei-2026,TIGALAPANKAOS PALU,CARGO MAMU,CARGO LONG BLACK XL,0,3,0,0,122438,367314,367314
Jun-2026,TIGALAPANKAOS PALU,CARGO MAMU,CARGO LONG BLACK XL,122438,2,0,0,122438,244876,367314
Jul-2026,TIGALAPANKAOS PALU,CARGO MAMU,CARGO LONG BLACK XL,0,5,0,0,122438,612190,244876
Agu-2026,TIGALAPANKAOS PALU,CARGO MAMU,CARGO LONG BLACK XL,0,5,0,0,122438,612190,612190
Sep-2026,TIGALAPANKAOS PALU,CARGO MAMU,CARGO LONG BLACK XL,0,5,0,0,122438,612190,612190
Okt-2026,TIGALAPANKAOS PALU,CARGO MAMU,CARGO LONG BLACK XL,0,5,0,0,122438,612190,612190
Mar-2026,TIGALAPANKAOS PALU,CARGO MAMU,CARGO LONG BROWN SUGAR L,0,5,0,0,122438,612190,0
Apr-2026,TIGALAPANKAOS PALU,CARGO MAMU,CARGO LONG BROWN SUGAR L,0,5,0,0,122438,612190,612190
Mei-2026,TIGALAPANKAOS PALU,CARGO MAMU,CARGO LONG BROWN SUGAR L,122438,4,0,0,122438,489752,612190
Jun-2026,TIGALAPANKAOS PALU,CARGO MAMU,CARGO LONG BROWN SUGAR L,0,4,0,0,122438,489752,489752
Jul-2026,TIGALAPANKAOS PALU,CARGO MAMU,CARGO LONG BROWN SUGAR L,122438,5,0,0,122438,612190,489752
Agu-2026,TIGALAPANKAOS PALU,CARGO MAMU,CARGO LONG BROWN SUGAR L,0,4,0,0,122438,489752,612190
Sep-2026,TIGALAPANKAOS PALU,CARGO MAMU,CARGO LONG BROWN SUGAR L,122438,3,0,0,122438,367314,489752
Okt-2026,TIGALAPANKAOS PALU,CARGO MAMU,CARGO LONG BROWN SUGAR L,0,3,0,0,122438,367314,367314
Mar-2026,TIGALAPANKAOS PALU,CARGO MAMU,CARGO LONG BROWN SUGAR M,0,5,0,0,122438,612190,0
Apr-2026,TIGALAPANKAOS PALU,CARGO MAMU,CARGO LONG BROWN SUGAR M,122438,4,0,0,122438,489752,612190
Mei-2026,TIGALAPANKAOS PALU,CARGO MAMU,CARGO LONG BROWN SUGAR M,244876,2,0,0,122438,244876,489752
Jun-2026,TIGALAPANKAOS PALU,CARGO MAMU,CARGO LONG BROWN SUGAR M,0,2,0,0,122438,244876,244876
Jul-2026,TIGALAPANKAOS PALU,CARGO MAMU,CARGO LONG BROWN SUGAR M,0,5,0,0,122438,612190,244876
Agu-2026,TIGALAPANKAOS PALU,CARGO MAMU,CARGO LONG BROWN SUGAR M,0,5,0,0,122438,612190,612190
Sep-2026,TIGALAPANKAOS PALU,CARGO MAMU,CARGO LONG BROWN SUGAR M,0,5,0,0,122438,612190,612190
Okt-2026,TIGALAPANKAOS PALU,CARGO MAMU,CARGO LONG BROWN SUGAR M,0,5,0,0,122438,612190,612190
Mar-2026,TIGALAPANKAOS PALU,CARGO MAMU,CARGO LONG BROWN SUGAR S,0,5,0,0,122438,612190,0
Apr-2026,TIGALAPANKAOS PALU,CARGO MAMU,CARGO LONG BROWN SUGAR S,0,5,0,0,122438,612190,612190
Mei-2026,TIGALAPANKAOS PALU,CARGO MAMU,CARGO LONG BROWN SUGAR S,244876,4,0,0,122438,489752,612190
Jun-2026,TIGALAPANKAOS PALU,CARGO MAMU,CARGO LONG BROWN SUGAR S,0,4,0,0,122438,489752,489752
Jul-2026,TIGALAPANKAOS PALU,CARGO MAMU,CARGO LONG BROWN SUGAR S,0,5,0,0,122438,612190,489752
Agu-2026,TIGALAPANKAOS PALU,CARGO MAMU,CARGO LONG BROWN SUGAR S,119655,4,0,0,122438,489752,612190
Sep-2026,TIGALAPANKAOS PALU,CARGO MAMU,CARGO LONG BROWN SUGAR S,0,4,0,0,122438,489752,489752
Okt-2026,TIGALAPANKAOS PALU,CARGO MAMU,CARGO LONG BROWN SUGAR S,0,4,0,0,122438,489752,489752
Feb-2026,TIGALAPANKAOS PALU,CARGO MAMU,CARGO LONG CREAM L,0,4,0,0,122438,489752,0
Mar-2026,TIGALAPANKAOS PALU,CARGO MAMU,CARGO LONG CREAM L,0,4,0,0,122438,489752,489752
Apr-2026,TIGALAPANKAOS PALU,CARGO MAMU,CARGO LONG CREAM L,122438,4,0,0,122438,489752,489752
Mei-2026,TIGALAPANKAOS PALU,CARGO MAMU,CARGO LONG CREAM L,122438,2,0,0,122438,244876,489752
Jun-2026,TIGALAPANKAOS PALU,CARGO MAMU,CARGO LONG CREAM L,244876,0,0,0,122438,0,244876
Agu-2026,TIGALAPANKAOS PALU,CARGO MAMU,CARGO LONG CREAM L,0,1,0,0,122438,122438,0
Sep-2026,TIGALAPANKAOS PALU,CARGO MAMU,CARGO LONG CREAM L,0,5,0,0,122438,612190,122438
Okt-2026,TIGALAPANKAOS PALU,CARGO MAMU,CARGO LONG CREAM L,121420,5,8,0,122438,1591694,612190
Feb-2026,TIGALAPANKAOS PALU,CARGO MAMU,CARGO LONG CREAM M,0,10,0,0,122438,1224380,0
Mar-2026,TIGALAPANKAOS PALU,CARGO MAMU,CARGO LONG CREAM M,0,10,0,0,122438,1224380,1224380
Apr-2026,TIGALAPANKAOS PALU,CARGO MAMU,CARGO LONG CREAM M,122438,10,0,0,122438,1224380,1224380
Mei-2026,TIGALAPANKAOS PALU,CARGO MAMU,CARGO LONG CREAM M,0,9,0,0,122438,1101942,1224380
Jun-2026,TIGALAPANKAOS PALU,CARGO MAMU,CARGO LONG CREAM M,0,9,0,0,122438,1101942,1101942
Jul-2026,TIGALAPANKAOS PALU,CARGO MAMU,CARGO LONG CREAM M,0,9,0,0,122438,1101942,1101942
Agu-2026,TIGALAPANKAOS PALU,CARGO MAMU,CARGO LONG CREAM M,0,9,0,0,122438,1101942,1101942
Sep-2026,TIGALAPANKAOS PALU,CARGO MAMU,CARGO LONG CREAM M,0,9,0,0,122438,1101942,1101942
Okt-2026,TIGALAPANKAOS PALU,CARGO MAMU,CARGO LONG CREAM M,0,9,0,0,122438,1101942,1101942
Feb-2026,TIGALAPANKAOS PALU,CARGO MAMU,CARGO LONG CREAM S,0,5,0,0,122438,612190,0
Mar-2026,TIGALAPANKAOS PALU,CARGO MAMU,CARGO LONG CREAM S,122438,4,0,0,122438,489752,612190
Apr-2026,TIGALAPANKAOS PALU,CARGO MAMU,CARGO LONG CREAM S,122438,3,0,0,122438,367314,489752
Mei-2026,TIGALAPANKAOS PALU,CARGO MAMU,CARGO LONG CREAM S,0,3,0,0,122438,367314,367314
Jun-2026,TIGALAPANKAOS PALU,CARGO MAMU,CARGO LONG CREAM S,0,3,0,0,122438,367314,367314
Jul-2026,TIGALAPANKAOS PALU,CARGO MAMU,CARGO LONG CREAM S,0,3,0,0,122438,367314,367314
Agu-2026,TIGALAPANKAOS PALU,CARGO MAMU,CARGO LONG CREAM S,0,3,0,0,122438,367314,367314
Sep-2026,TIGALAPANKAOS PALU,CARGO MAMU,CARGO LONG CREAM S,122423,4,0,0,122438,489752,367314
Okt-2026,TIGALAPANKAOS PALU,CARGO MAMU,CARGO LONG CREAM S,0,4,0,0,122438,489752,489752
Feb-2026,TIGALAPANKAOS PALU,CARGO MAMU,CARGO LONG CREAM XL,0,2,0,0,122438,244876,0
Mar-2026,TIGALAPANKAOS PALU,CARGO MAMU,CARGO LONG CREAM XL,0,2,0,0,122438,244876,244876
Apr-2026,TIGALAPANKAOS PALU,CARGO MAMU,CARGO LONG CREAM XL,122438,2,0,0,122438,244876,244876
Mei-2026,TIGALAPANKAOS PALU,CARGO MAMU,CARGO LONG CREAM XL,0,1,0,0,122438,122438,244876
Jun-2026,TIGALAPANKAOS PALU,CARGO MAMU,CARGO LONG CREAM XL,0,1,0,0,122438,122438,122438
Jul-2026,TIGALAPANKAOS PALU,CARGO MAMU,CARGO LONG CREAM XL,122438,0,0,0,122438,0,122438
Sep-2026,TIGALAPANKAOS PALU,CARGO MAMU,CARGO LONG CREAM XL,0,5,0,0,122438,612190,0
Okt-2026,TIGALAPANKAOS PALU,CARGO MAMU,CARGO LONG CREAM XL,0,5,0,0,122438,612190,612190
Feb-2026,TIGALAPANKAOS PALU,CARGO MAMU,CARGO LONG DARK ARMY L,122438,3,0,0,122438,367314,0
Mar-2026,TIGALAPANKAOS PALU,CARGO MAMU,CARGO LONG DARK ARMY L,244876,1,0,0,122438,122438,367314
Apr-2026,TIGALAPANKAOS PALU,CARGO MAMU,CARGO LONG DARK ARMY L,0,1,0,0,122438,122438,122438
Mei-2026,TIGALAPANKAOS PALU,CARGO MAMU,CARGO LONG DARK ARMY L,122438,0,0,0,122438,0,122438
Feb-2026,TIGALAPANKAOS PALU,CARGO MAMU,CARGO LONG DARK ARMY M,0,5,0,0,122438,612190,0
Mar-2026,TIGALAPANKAOS PALU,CARGO MAMU,CARGO LONG DARK ARMY M,244876,8,0,0,122438,979504,612190
Apr-2026,TIGALAPANKAOS PALU,CARGO MAMU,CARGO LONG DARK ARMY M,122438,7,0,0,122438,857066,979504
Mei-2026,TIGALAPANKAOS PALU,CARGO MAMU,CARGO LONG DARK ARMY M,0,7,0,0,122438,857066,857066
Jun-2026,TIGALAPANKAOS PALU,CARGO MAMU,CARGO LONG DARK ARMY M,0,7,0,0,122438,857066,857066
Jul-2026,TIGALAPANKAOS PALU,CARGO MAMU,CARGO LONG DARK ARMY M,0,7,0,0,122438,857066,857066
Agu-2026,TIGALAPANKAOS PALU,CARGO MAMU,CARGO LONG DARK ARMY M,122438,7,0,0,122438,857066,857066
Sep-2026,TIGALAPANKAOS PALU,CARGO MAMU,CARGO LONG DARK ARMY M,0,6,0,0,122438,734628,857066
Okt-2026,TIGALAPANKAOS PALU,CARGO MAMU,CARGO LONG DARK ARMY M,0,6,0,0,122438,734628,734628
Feb-2026,TIGALAPANKAOS PALU,CARGO MAMU,CARGO LONG DARK ARMY S,0,5,0,0,122438,612190,0
Mar-2026,TIGALAPANKAOS PALU,CARGO MAMU,CARGO LONG DARK ARMY S,122438,4,0,0,122438,489752,612190
Apr-2026,TIGALAPANKAOS PALU,CARGO MAMU,CARGO LONG DARK ARMY S,0,4,0,0,122438,489752,489752
Mei-2026,TIGALAPANKAOS PALU,CARGO MAMU,CARGO LONG DARK ARMY S,0,4,0,0,122438,489752,489752
Jun-2026,TIGALAPANKAOS PALU,CARGO MAMU,CARGO LONG DARK ARMY S,0,4,0,0,122438,489752,489752
Jul-2026,TIGALAPANKAOS PALU,CARGO MAMU,CARGO LONG DARK ARMY S,0,4,0,0,122438,489752,489752
Agu-2026,TIGALAPANKAOS PALU,CARGO MAMU,CARGO LONG DARK ARMY S,0,4,0,0,122438,489752,489752
Sep-2026,TIGALAPANKAOS PALU,CARGO MAMU,CARGO LONG DARK ARMY S,244876,2,0,0,122438,244876,489752
Okt-2026,TIGALAPANKAOS PALU,CARGO MAMU,CARGO LONG DARK ARMY S,0,2,0,0,122438,244876,244876
Feb-2026,TIGALAPANKAOS PALU,CARGO MAMU,CARGO LONG KHAKY L,0,5,0,0,122438,612190,0
Mar-2026,TIGALAPANKAOS PALU,CARGO MAMU,CARGO LONG KHAKY L,0,5,0,0,122438,612190,612190
Apr-2026,TIGALAPANKAOS PALU,CARGO MAMU,CARGO LONG KHAKY L,0,5,0,0,122438,612190,612190
Mei-2026,TIGALAPANKAOS PALU,CARGO MAMU,CARGO LONG KHAKY L,0,5,0,0,122438,612190,612190
Jun-2026,TIGALAPANKAOS PALU,CARGO MAMU,CARGO LONG KHAKY L,0,5,0,0,122438,612190,612190
Jul-2026,TIGALAPANKAOS PALU,CARGO MAMU,CARGO LONG KHAKY L,122438,5,0,0,122438,612190,612190
Agu-2026,TIGALAPANKAOS PALU,CARGO MAMU,CARGO LONG KHAKY L,244876,3,0,0,122438,367314,612190
Sep-2026,TIGALAPANKAOS PALU,CARGO MAMU,CARGO LONG KHAKY L,0,2,0,0,122438,244876,367314
Okt-2026,TIGALAPANKAOS PALU,CARGO MAMU,CARGO LONG KHAKY L,0,1,0,0,122438,122438,244876
Feb-2026,TIGALAPANKAOS PALU,CARGO MAMU,CARGO LONG KHAKY M,0,10,0,0,122438,1224380,0
Mar-2026,TIGALAPANKAOS PALU,CARGO MAMU,CARGO LONG KHAKY M,0,10,0,0,122438,1224380,1224380
Apr-2026,TIGALAPANKAOS PALU,CARGO MAMU,CARGO LONG KHAKY M,122438,9,0,0,122438,1101942,1224380
Mei-2026,TIGALAPANKAOS PALU,CARGO MAMU,CARGO LONG KHAKY M,0,9,0,0,122438,1101942,1101942
Jun-2026,TIGALAPANKAOS PALU,CARGO MAMU,CARGO LONG KHAKY M,122438,8,0,0,122438,979504,1101942
Jul-2026,TIGALAPANKAOS PALU,CARGO MAMU,CARGO LONG KHAKY M,0,8,0,0,122438,979504,979504
Agu-2026,TIGALAPANKAOS PALU,CARGO MAMU,CARGO LONG KHAKY M,0,8,0,0,122438,979504,979504
Sep-2026,TIGALAPANKAOS PALU,CARGO MAMU,CARGO LONG KHAKY M,122438,7,0,0,122438,857066,979504
Okt-2026,TIGALAPANKAOS PALU,CARGO MAMU,CARGO LONG KHAKY M,0,7,0,0,122438,857066,857066
Feb-2026,TIGALAPANKAOS PALU,CARGO MAMU,CARGO LONG KHAKY S,0,5,0,0,122438,612190,0
Mar-2026,TIGALAPANKAOS PALU,CARGO MAMU,CARGO LONG KHAKY S,122438,4,0,0,122438,489752,612190
Apr-2026,TIGALAPANKAOS PALU,CARGO MAMU,CARGO LONG KHAKY S,0,4,0,0,122438,489752,489752
Mei-2026,TIGALAPANKAOS PALU,CARGO MAMU,CARGO LONG KHAKY S,0,4,0,0,122438,489752,489752
Jun-2026,TIGALAPANKAOS PALU,CARGO MAMU,CARGO LONG KHAKY S,0,4,0,0,122438,489752,489752
Jul-2026,TIGALAPANKAOS PALU,CARGO MAMU,CARGO LONG KHAKY S,0,4,0,0,122438,489752,489752
Agu-2026,TIGALAPANKAOS PALU,CARGO MAMU,CARGO LONG KHAKY S,0,4,0,0,122438,489752,489752
Sep-2026,TIGALAPANKAOS PALU,CARGO MAMU,CARGO LONG KHAKY S,0,4,0,0,122438,489752,489752
Okt-2026,TIGALAPANKAOS PALU,CARGO MAMU,CARGO LONG KHAKY S,0,4,0,0,122438,489752,489752
Feb-2026,TIGALAPANKAOS PALU,CARGO MAMU,CARGO LONG KHAKY XL,0,2,0,0,122438,244876,0
Mar-2026,TIGALAPANKAOS PALU,CARGO MAMU,CARGO LONG KHAKY XL,122438,1,0,0,122438,122438,244876
Apr-2026,TIGALAPANKAOS PALU,CARGO MAMU,CARGO LONG KHAKY XL,122438,1,0,0,122438,122438,122438
Mei-2026,TIGALAPANKAOS PALU,CARGO MAMU,CARGO LONG KHAKY XL,0,0,0,0,122438,0,122438
Feb-2026,TIGALAPANKAOS PALU,CARGO MAMU,CARGO LONG WHITE L,0,5,0,0,122438,612190,0
Mar-2026,TIGALAPANKAOS PALU,CARGO MAMU,CARGO LONG WHITE L,0,5,0,0,122438,612190,612190
Apr-2026,TIGALAPANKAOS PALU,CARGO MAMU,CARGO LONG WHITE L,0,5,0,0,122438,612190,612190
Mei-2026,TIGALAPANKAOS PALU,CARGO MAMU,CARGO LONG WHITE L,0,5,0,0,122438,612190,612190
Jun-2026,TIGALAPANKAOS PALU,CARGO MAMU,CARGO LONG WHITE L,122438,4,0,0,122438,489752,612190
Jul-2026,TIGALAPANKAOS PALU,CARGO MAMU,CARGO LONG WHITE L,122438,4,0,0,122438,489752,489752
Agu-2026,TIGALAPANKAOS PALU,CARGO MAMU,CARGO LONG WHITE L,0,5,0,0,122438,612190,489752
Sep-2026,TIGALAPANKAOS PALU,CARGO MAMU,CARGO LONG WHITE L,0,5,0,0,122438,612190,612190
Okt-2026,TIGALAPANKAOS PALU,CARGO MAMU,CARGO LONG WHITE L,0,5,0,0,122438,612190,612190
Feb-2026,TIGALAPANKAOS PALU,CARGO MAMU,CARGO LONG WHITE M,0,10,0,0,122438,1224380,0
Mar-2026,TIGALAPANKAOS PALU,CARGO MAMU,CARGO LONG WHITE M,122438,9,0,0,122438,1101942,1224380
Apr-2026,TIGALAPANKAOS PALU,CARGO MAMU,CARGO LONG WHITE M,0,9,0,0,122438,1101942,1101942
Mei-2026,TIGALAPANKAOS PALU,CARGO MAMU,CARGO LONG WHITE M,0,9,0,0,122438,1101942,1101942
Jun-2026,TIGALAPANKAOS PALU,CARGO MAMU,CARGO LONG WHITE M,0,9,0,0,122438,1101942,1101942
Jul-2026,TIGALAPANKAOS PALU,CARGO MAMU,CARGO LONG WHITE M,0,9,0,0,122438,1101942,1101942
Agu-2026,TIGALAPANKAOS PALU,CARGO MAMU,CARGO LONG WHITE M,489752,5,0,0,122438,612190,1101942
Sep-2026,TIGALAPANKAOS PALU,CARGO MAMU,CARGO LONG WHITE M,0,5,0,0,122438,612190,612190
Okt-2026,TIGALAPANKAOS PALU,CARGO MAMU,CARGO LONG WHITE M,0,5,0,0,122438,612190,612190
Feb-2026,TIGALAPANKAOS PALU,CARGO MAMU,CARGO LONG WHITE S,0,5,0,0,122438,612190,0
Mar-2026,TIGALAPANKAOS PALU,CARGO MAMU,CARGO LONG WHITE S,122438,4,0,0,122438,489752,612190
Apr-2026,TIGALAPANKAOS PALU,CARGO MAMU,CARGO LONG WHITE S,0,4,0,0,122438,489752,489752
Mei-2026,TIGALAPANKAOS PALU,CARGO MAMU,CARGO LONG WHITE S,0,4,0,0,122438,489752,489752
Jun-2026,TIGALAPANKAOS PALU,CARGO MAMU,CARGO LONG WHITE S,0,4,0,0,122438,489752,489752
Jul-2026,TIGALAPANKAOS PALU,CARGO MAMU,CARGO LONG WHITE S,0,5,0,0,122438,612190,489752
Agu-2026,TIGALAPANKAOS PALU,CARGO MAMU,CARGO LONG WHITE S,122438,4,0,0,122438,489752,612190
Sep-2026,TIGALAPANKAOS PALU,CARGO MAMU,CARGO LONG WHITE S,0,4,0,0,122438,489752,489752
Okt-2026,TIGALAPANKAOS PALU,CARGO MAMU,CARGO LONG WHITE S,0,4,0,0,122438,489752,489752
Feb-2026,TIGALAPANKAOS PALU,CARGO MAMU,CARGO LONG WHITE XL,0,2,0,0,122438,244876,0
Mar-2026,TIGALAPANKAOS PALU,CARGO MAMU,CARGO LONG WHITE XL,122438,1,0,0,122438,122438,244876
Apr-2026,TIGALAPANKAOS PALU,CARGO MAMU,CARGO LONG WHITE XL,0,1,0,0,122438,122438,122438
Mei-2026,TIGALAPANKAOS PALU,CARGO MAMU,CARGO LONG WHITE XL,0,1,0,0,122438,122438,122438
Jun-2026,TIGALAPANKAOS PALU,CARGO MAMU,CARGO LONG WHITE XL,122438,0,0,0,122438,0,122438
Feb-2026,TIGALAPANKAOS PALU,CARGO MAMU,CARGO SHORT BLACK L,0,4,0,0,102138,408552,0
Mar-2026,TIGALAPANKAOS PALU,CARGO MAMU,CARGO SHORT BLACK L,0,4,0,0,102138,408552,408552
Apr-2026,TIGALAPANKAOS PALU,CARGO MAMU,CARGO SHORT BLACK L,0,3,0,0,102138,306414,408552
Mei-2026,TIGALAPANKAOS PALU,CARGO MAMU,CARGO SHORT BLACK L,204276,1,0,0,102138,102138,306414
Jun-2026,TIGALAPANKAOS PALU,CARGO MAMU,CARGO SHORT BLACK L,102138,0,0,0,102138,0,102138
Jul-2026,TIGALAPANKAOS PALU,CARGO MAMU,CARGO SHORT BLACK L,0,5,0,0,102138,510690,0
Agu-2026,TIGALAPANKAOS PALU,CARGO MAMU,CARGO SHORT BLACK L,204800,3,0,0,102138,306414,510690
Sep-2026,TIGALAPANKAOS PALU,CARGO MAMU,CARGO SHORT BLACK L,102400,5,0,0,102138,510690,306414
Okt-2026,TIGALAPANKAOS PALU,CARGO MAMU,CARGO SHORT BLACK L,0,5,4,0,102138,919242,510690
Feb-2026,TIGALAPANKAOS PALU,CARGO MAMU,CARGO SHORT BLACK M,0,5,0,0,102138,510690,0
Mar-2026,TIGALAPANKAOS PALU,CARGO MAMU,CARGO SHORT BLACK M,204276,8,0,0,102138,817104,510690
Apr-2026,TIGALAPANKAOS PALU,CARGO MAMU,CARGO SHORT BLACK M,204276,6,0,0,102138,612828,817104
Mei-2026,TIGALAPANKAOS PALU,CARGO MAMU,CARGO SHORT BLACK M,204276,4,0,0,102138,408552,612828
Jun-2026,TIGALAPANKAOS PALU,CARGO MAMU,CARGO SHORT BLACK M,0,4,0,0,102138,408552,408552
Jul-2026,TIGALAPANKAOS PALU,CARGO MAMU,CARGO SHORT BLACK M,0,5,0,0,102138,510690,408552
Agu-2026,TIGALAPANKAOS PALU,CARGO MAMU,CARGO SHORT BLACK M,102138,5,0,0,102138,510690,510690
Sep-2026,TIGALAPANKAOS PALU,CARGO MAMU,CARGO SHORT BLACK M,0,5,0,0,102138,510690,510690
Okt-2026,TIGALAPANKAOS PALU,CARGO MAMU,CARGO SHORT BLACK M,0,5,0,0,102138,510690,510690
Feb-2026,TIGALAPANKAOS PALU,CARGO MAMU,CARGO SHORT BLACK S,0,5,0,0,102138,510690,0
Mar-2026,TIGALAPANKAOS PALU,CARGO MAMU,CARGO SHORT BLACK S,306414,3,0,0,102138,306414,510690
Apr-2026,TIGALAPANKAOS PALU,CARGO MAMU,CARGO SHORT BLACK S,102138,1,0,0,102138,102138,306414
Mei-2026,TIGALAPANKAOS PALU,CARGO MAMU,CARGO SHORT BLACK S,0,1,0,0,102138,102138,102138
Jun-2026,TIGALAPANKAOS PALU,CARGO MAMU,CARGO SHORT BLACK S,0,1,0,0,102138,102138,102138
Jul-2026,TIGALAPANKAOS PALU,CARGO MAMU,CARGO SHORT BLACK S,0,5,0,0,102138,510690,102138
Agu-2026,TIGALAPANKAOS PALU,CARGO MAMU,CARGO SHORT BLACK S,0,6,0,0,102138,612828,510690
Sep-2026,TIGALAPANKAOS PALU,CARGO MAMU,CARGO SHORT BLACK S,0,6,0,0,102138,612828,612828
Okt-2026,TIGALAPANKAOS PALU,CARGO MAMU,CARGO SHORT BLACK S,0,6,0,0,102138,612828,612828
Feb-2026,TIGALAPANKAOS PALU,CARGO MAMU,CARGO SHORT BLACK XL,0,2,0,0,102138,204276,0
Mar-2026,TIGALAPANKAOS PALU,CARGO MAMU,CARGO SHORT BLACK XL,102138,1,0,0,102138,102138,204276
Apr-2026,TIGALAPANKAOS PALU,CARGO MAMU,CARGO SHORT BLACK XL,102138,0,0,0,102138,0,102138
Jul-2026,TIGALAPANKAOS PALU,CARGO MAMU,CARGO SHORT BLACK XL,0,5,0,0,102138,510690,0
Agu-2026,TIGALAPANKAOS PALU,CARGO MAMU,CARGO SHORT BLACK XL,307200,3,0,0,102138,306414,510690
Sep-2026,TIGALAPANKAOS PALU,CARGO MAMU,CARGO SHORT BLACK XL,0,5,0,0,102138,510690,306414
Okt-2026,TIGALAPANKAOS PALU,CARGO MAMU,CARGO SHORT BLACK XL,0,5,0,0,102138,510690,510690
Mar-2026,TIGALAPANKAOS PALU,CARGO MAMU,CARGO SHORT BROWN SUGAR L,102138,4,0,0,102138,408552,0
Apr-2026,TIGALAPANKAOS PALU,CARGO MAMU,CARGO SHORT BROWN SUGAR L,0,4,0,0,102138,408552,408552
Mei-2026,TIGALAPANKAOS PALU,CARGO MAMU,CARGO SHORT BROWN SUGAR L,0,4,0,0,102138,408552,408552
Jun-2026,TIGALAPANKAOS PALU,CARGO MAMU,CARGO SHORT BROWN SUGAR L,0,4,0,0,102138,408552,408552
Jul-2026,TIGALAPANKAOS PALU,CARGO MAMU,CARGO SHORT BROWN SUGAR L,0,4,0,0,102138,408552,408552
Agu-2026,TIGALAPANKAOS PALU,CARGO MAMU,CARGO SHORT BROWN SUGAR L,102138,3,0,0,102138,306414,408552
Sep-2026,TIGALAPANKAOS PALU,CARGO MAMU,CARGO SHORT BROWN SUGAR L,0,3,0,0,102138,306414,306414
Okt-2026,TIGALAPANKAOS PALU,CARGO MAMU,CARGO SHORT BROWN SUGAR L,0,2,0,0,102138,204276,306414
Mar-2026,TIGALAPANKAOS PALU,CARGO MAMU,CARGO SHORT BROWN SUGAR M,0,5,0,0,102138,510690,0
Apr-2026,TIGALAPANKAOS PALU,CARGO MAMU,CARGO SHORT BROWN SUGAR M,102138,4,0,0,102138,408552,510690
Mei-2026,TIGALAPANKAOS PALU,CARGO MAMU,CARGO SHORT BROWN SUGAR M,0,4,0,0,102138,408552,408552
Jun-2026,TIGALAPANKAOS PALU,CARGO MAMU,CARGO SHORT BROWN SUGAR M,0,4,0,0,102138,408552,408552
Jul-2026,TIGALAPANKAOS PALU,CARGO MAMU,CARGO SHORT BROWN SUGAR M,0,4,0,0,102138,408552,408552
Agu-2026,TIGALAPANKAOS PALU,CARGO MAMU,CARGO SHORT BROWN SUGAR M,0,4,0,0,102138,408552,408552
Sep-2026,TIGALAPANKAOS PALU,CARGO MAMU,CARGO SHORT BROWN SUGAR M,0,4,0,0,102138,408552,408552
Okt-2026,TIGALAPANKAOS PALU,CARGO MAMU,CARGO SHORT BROWN SUGAR M,0,4,0,0,102138,408552,408552
Mar-2026,TIGALAPANKAOS PALU,CARGO MAMU,CARGO SHORT BROWN SUGAR S,0,5,0,0,102138,510690,0
Apr-2026,TIGALAPANKAOS PALU,CARGO MAMU,CARGO SHORT BROWN SUGAR S,102138,5,0,0,102138,510690,510690
Mei-2026,TIGALAPANKAOS PALU,CARGO MAMU,CARGO SHORT BROWN SUGAR S,0,4,0,0,102138,408552,510690
Jun-2026,TIGALAPANKAOS PALU,CARGO MAMU,CARGO SHORT BROWN SUGAR S,0,4,0,0,102138,408552,408552
Jul-2026,TIGALAPANKAOS PALU,CARGO MAMU,CARGO SHORT BROWN SUGAR S,0,4,0,0,102138,408552,408552
Agu-2026,TIGALAPANKAOS PALU,CARGO MAMU,CARGO SHORT BROWN SUGAR S,102138,3,0,0,102138,306414,408552
Sep-2026,TIGALAPANKAOS PALU,CARGO MAMU,CARGO SHORT BROWN SUGAR S,0,3,0,0,102138,306414,306414
Okt-2026,TIGALAPANKAOS PALU,CARGO MAMU,CARGO SHORT BROWN SUGAR S,0,3,0,0,102138,306414,306414
Feb-2026,TIGALAPANKAOS PALU,CARGO MAMU,CARGO SHORT CREAM L,0,4,0,0,102138,408552,0
Mar-2026,TIGALAPANKAOS PALU,CARGO MAMU,CARGO SHORT CREAM L,0,4,0,0,102138,408552,408552
Apr-2026,TIGALAPANKAOS PALU,CARGO MAMU,CARGO SHORT CREAM L,102138,3,0,0,102138,306414,408552
Mei-2026,TIGALAPANKAOS PALU,CARGO MAMU,CARGO SHORT CREAM L,0,3,0,0,102138,306414,306414
Jun-2026,TIGALAPANKAOS PALU,CARGO MAMU,CARGO SHORT CREAM L,0,3,0,0,102138,306414,306414
Jul-2026,TIGALAPANKAOS PALU,CARGO MAMU,CARGO SHORT CREAM L,0,5,0,0,102138,510690,306414
Agu-2026,TIGALAPANKAOS PALU,CARGO MAMU,CARGO SHORT CREAM L,0,5,0,0,102138,510690,510690
Sep-2026,TIGALAPANKAOS PALU,CARGO MAMU,CARGO SHORT CREAM L,0,5,0,0,102138,510690,510690
Okt-2026,TIGALAPANKAOS PALU,CARGO MAMU,CARGO SHORT CREAM L,0,5,2,0,102138,714966,510690
Feb-2026,TIGALAPANKAOS PALU,CARGO MAMU,CARGO SHORT CREAM M,0,9,0,0,102138,919242,0
Mar-2026,TIGALAPANKAOS PALU,CARGO MAMU,CARGO SHORT CREAM M,102138,8,0,0,102138,817104,919242
Apr-2026,TIGALAPANKAOS PALU,CARGO MAMU,CARGO SHORT CREAM M,0,8,0,0,102138,817104,817104
Mei-2026,TIGALAPANKAOS PALU,CARGO MAMU,CARGO SHORT CREAM M,204276,7,0,0,102138,714966,817104
Jun-2026,TIGALAPANKAOS PALU,CARGO MAMU,CARGO SHORT CREAM M,0,6,0,0,102138,612828,714966
Jul-2026,TIGALAPANKAOS PALU,CARGO MAMU,CARGO SHORT CREAM M,0,6,0,0,102138,612828,612828
Agu-2026,TIGALAPANKAOS PALU,CARGO MAMU,CARGO SHORT CREAM M,0,6,0,0,102138,612828,612828
Sep-2026,TIGALAPANKAOS PALU,CARGO MAMU,CARGO SHORT CREAM M,102138,5,0,0,102138,510690,612828
Okt-2026,TIGALAPANKAOS PALU,CARGO MAMU,CARGO SHORT CREAM M,0,5,0,0,102138,510690,510690
Feb-2026,TIGALAPANKAOS PALU,CARGO MAMU,CARGO SHORT CREAM S,0,5,0,0,102138,510690,0
Mar-2026,TIGALAPANKAOS PALU,CARGO MAMU,CARGO SHORT CREAM S,0,5,0,0,102138,510690,510690
Apr-2026,TIGALAPANKAOS PALU,CARGO MAMU,CARGO SHORT CREAM S,0,5,0,0,102138,510690,510690
Mei-2026,TIGALAPANKAOS PALU,CARGO MAMU,CARGO SHORT CREAM S,0,5,0,0,102138,510690,510690
Jun-2026,TIGALAPANKAOS PALU,CARGO MAMU,CARGO SHORT CREAM S,102138,4,0,0,102138,408552,510690
Jul-2026,TIGALAPANKAOS PALU,CARGO MAMU,CARGO SHORT CREAM S,102138,4,0,0,102138,408552,408552
Agu-2026,TIGALAPANKAOS PALU,CARGO MAMU,CARGO SHORT CREAM S,0,4,0,0,102138,408552,408552
Sep-2026,TIGALAPANKAOS PALU,CARGO MAMU,CARGO SHORT CREAM S,0,4,0,0,102138,408552,408552
Okt-2026,TIGALAPANKAOS PALU,CARGO MAMU,CARGO SHORT CREAM S,0,4,0,0,102138,408552,408552
Jul-2026,TIGALAPANKAOS PALU,CARGO MAMU,CARGO SHORT CREAM XL,0,5,0,0,102138,510690,0
Agu-2026,TIGALAPANKAOS PALU,CARGO MAMU,CARGO SHORT CREAM XL,0,5,0,0,102138,510690,510690
Sep-2026,TIGALAPANKAOS PALU,CARGO MAMU,CARGO SHORT CREAM XL,0,5,0,0,102138,510690,510690
Okt-2026,TIGALAPANKAOS PALU,CARGO MAMU,CARGO SHORT CREAM XL,0,5,0,0,102138,510690,510690
Feb-2026,TIGALAPANKAOS POLMAN,CARGO MAMU,CARGO LONG BLACK L,0,5,0,0,122438,612190,0
Mar-2026,TIGALAPANKAOS POLMAN,CARGO MAMU,CARGO LONG BLACK L,244876,3,0,0,122438,367314,612190
Apr-2026,TIGALAPANKAOS POLMAN,CARGO MAMU,CARGO LONG BLACK L,367314,1,0,0,122438,122438,367314
Mei-2026,TIGALAPANKAOS POLMAN,CARGO MAMU,CARGO LONG BLACK L,0,0,0,0,122438,0,122438
Agu-2026,TIGALAPANKAOS POLMAN,CARGO MAMU,CARGO LONG BLACK L,0,5,0,0,122438,612190,0
Sep-2026,TIGALAPANKAOS POLMAN,CARGO MAMU,CARGO LONG BLACK L,0,5,0,0,122438,612190,612190
Okt-2026,TIGALAPANKAOS POLMAN,CARGO MAMU,CARGO LONG BLACK L,0,5,0,0,122438,612190,612190
Feb-2026,TIGALAPANKAOS POLMAN,CARGO MAMU,CARGO LONG BLACK M,0,3,0,0,122438,367314,0
Mar-2026,TIGALAPANKAOS POLMAN,CARGO MAMU,CARGO LONG BLACK M,122438,2,0,0,122438,244876,367314
Apr-2026,TIGALAPANKAOS POLMAN,CARGO MAMU,CARGO LONG BLACK M,0,2,0,0,122438,244876,244876
Mei-2026,TIGALAPANKAOS POLMAN,CARGO MAMU,CARGO LONG BLACK M,0,2,0,0,122438,244876,244876
Jun-2026,TIGALAPANKAOS POLMAN,CARGO MAMU,CARGO LONG BLACK M,0,2,0,0,122438,244876,244876
Jul-2026,TIGALAPANKAOS POLMAN,CARGO MAMU,CARGO LONG BLACK M,0,2,0,0,122438,244876,244876
Agu-2026,TIGALAPANKAOS POLMAN,CARGO MAMU,CARGO LONG BLACK M,0,2,0,0,122438,244876,244876
Sep-2026,TIGALAPANKAOS POLMAN,CARGO MAMU,CARGO LONG BLACK M,0,2,0,0,122438,244876,244876
Okt-2026,TIGALAPANKAOS POLMAN,CARGO MAMU,CARGO LONG BLACK M,0,2,0,0,122438,244876,244876
Feb-2026,TIGALAPANKAOS POLMAN,CARGO MAMU,CARGO LONG BLACK S,0,3,0,0,122438,367314,0
Mar-2026,TIGALAPANKAOS POLMAN,CARGO MAMU,CARGO LONG BLACK S,0,3,0,0,122438,367314,367314
Apr-2026,TIGALAPANKAOS POLMAN,CARGO MAMU,CARGO LONG BLACK S,0,3,0,0,122438,367314,367314
Mei-2026,TIGALAPANKAOS POLMAN,CARGO MAMU,CARGO LONG BLACK S,0,3,0,0,122438,367314,367314
Jun-2026,TIGALAPANKAOS POLMAN,CARGO MAMU,CARGO LONG BLACK S,122438,2,0,0,122438,244876,367314
Jul-2026,TIGALAPANKAOS POLMAN,CARGO MAMU,CARGO LONG BLACK S,0,2,0,0,122438,244876,244876
Agu-2026,TIGALAPANKAOS POLMAN,CARGO MAMU,CARGO LONG BLACK S,122438,1,0,0,122438,122438,244876
Sep-2026,TIGALAPANKAOS POLMAN,CARGO MAMU,CARGO LONG BLACK S,0,3,0,0,122438,367314,122438
Okt-2026,TIGALAPANKAOS POLMAN,CARGO MAMU,CARGO LONG BLACK S,0,3,0,0,122438,367314,367314
Agu-2026,TIGALAPANKAOS POLMAN,CARGO MAMU,CARGO LONG BLACK XL,0,5,0,0,122438,612190,0
Sep-2026,TIGALAPANKAOS POLMAN,CARGO MAMU,CARGO LONG BLACK XL,0,5,0,0,122438,612190,612190
Okt-2026,TIGALAPANKAOS POLMAN,CARGO MAMU,CARGO LONG BLACK XL,0,5,0,0,122438,612190,612190
Mar-2026,TIGALAPANKAOS POLMAN,CARGO MAMU,CARGO LONG BROWN SUGAR M,0,2,0,0,122438,244876,0
Apr-2026,TIGALAPANKAOS POLMAN,CARGO MAMU,CARGO LONG BROWN SUGAR M,0,2,0,0,122438,244876,244876
Mei-2026,TIGALAPANKAOS POLMAN,CARGO MAMU,CARGO LONG BROWN SUGAR M,0,2,0,0,122438,244876,244876
Jun-2026,TIGALAPANKAOS POLMAN,CARGO MAMU,CARGO LONG BROWN SUGAR M,0,2,0,0,122438,244876,244876
Jul-2026,TIGALAPANKAOS POLMAN,CARGO MAMU,CARGO LONG BROWN SUGAR M,0,2,0,0,122438,244876,244876
Agu-2026,TIGALAPANKAOS POLMAN,CARGO MAMU,CARGO LONG BROWN SUGAR M,122438,2,0,0,122438,244876,244876
Sep-2026,TIGALAPANKAOS POLMAN,CARGO MAMU,CARGO LONG BROWN SUGAR M,0,1,0,0,122438,122438,244876
Okt-2026,TIGALAPANKAOS POLMAN,CARGO MAMU,CARGO LONG BROWN SUGAR M,0,1,0,0,122438,122438,122438
Mar-2026,TIGALAPANKAOS POLMAN,CARGO MAMU,CARGO LONG BROWN SUGAR S,0,2,0,0,122438,244876,0
Apr-2026,TIGALAPANKAOS POLMAN,CARGO MAMU,CARGO LONG BROWN SUGAR S,0,2,0,0,122438,244876,244876
Mei-2026,TIGALAPANKAOS POLMAN,CARGO MAMU,CARGO LONG BROWN SUGAR S,0,2,0,0,122438,244876,244876
Jun-2026,TIGALAPANKAOS POLMAN,CARGO MAMU,CARGO LONG BROWN SUGAR S,0,2,0,0,122438,244876,244876
Jul-2026,TIGALAPANKAOS POLMAN,CARGO MAMU,CARGO LONG BROWN SUGAR S,0,2,0,0,122438,244876,244876
Agu-2026,TIGALAPANKAOS POLMAN,CARGO MAMU,CARGO LONG BROWN SUGAR S,0,2,0,0,122438,244876,244876
Sep-2026,TIGALAPANKAOS POLMAN,CARGO MAMU,CARGO LONG BROWN SUGAR S,0,2,0,0,122438,244876,244876
Okt-2026,TIGALAPANKAOS POLMAN,CARGO MAMU,CARGO LONG BROWN SUGAR S,0,2,0,0,122438,244876,244876
Feb-2026,TIGALAPANKAOS POLMAN,CARGO MAMU,CARGO LONG CREAM L,0,3,0,0,122438,367314,0
Mar-2026,TIGALAPANKAOS POLMAN,CARGO MAMU,CARGO LONG CREAM L,244876,1,0,0,122438,122438,367314
Apr-2026,TIGALAPANKAOS POLMAN,CARGO MAMU,CARGO LONG CREAM L,0,1,0,0,122438,122438,122438
Mei-2026,TIGALAPANKAOS POLMAN,CARGO MAMU,CARGO LONG CREAM L,122438,0,0,0,122438,0,122438
Sep-2026,TIGALAPANKAOS POLMAN,CARGO MAMU,CARGO LONG CREAM L,121165,2,0,0,122438,244876,0
Okt-2026,TIGALAPANKAOS POLMAN,CARGO MAMU,CARGO LONG CREAM L,0,2,0,0,122438,244876,244876
Feb-2026,TIGALAPANKAOS POLMAN,CARGO MAMU,CARGO LONG CREAM M,0,3,0,0,122438,367314,0
Mar-2026,TIGALAPANKAOS POLMAN,CARGO MAMU,CARGO LONG CREAM M,122438,4,0,0,122438,489752,367314
Apr-2026,TIGALAPANKAOS POLMAN,CARGO MAMU,CARGO LONG CREAM M,0,4,0,0,122438,489752,489752
Mei-2026,TIGALAPANKAOS POLMAN,CARGO MAMU,CARGO LONG CREAM M,0,4,0,0,122438,489752,489752
Jun-2026,TIGALAPANKAOS POLMAN,CARGO MAMU,CARGO LONG CREAM M,122438,3,0,0,122438,367314,489752
Jul-2026,TIGALAPANKAOS POLMAN,CARGO MAMU,CARGO LONG CREAM M,0,3,0,0,122438,367314,367314
Agu-2026,TIGALAPANKAOS POLMAN,CARGO MAMU,CARGO LONG CREAM M,0,3,0,0,122438,367314,367314
Sep-2026,TIGALAPANKAOS POLMAN,CARGO MAMU,CARGO LONG CREAM M,122438,2,0,0,122438,244876,367314
Okt-2026,TIGALAPANKAOS POLMAN,CARGO MAMU,CARGO LONG CREAM M,0,2,0,0,122438,244876,244876
Feb-2026,TIGALAPANKAOS POLMAN,CARGO MAMU,CARGO LONG CREAM S,0,3,0,0,122438,367314,0
Mar-2026,TIGALAPANKAOS POLMAN,CARGO MAMU,CARGO LONG CREAM S,122438,2,0,0,122438,244876,367314
Apr-2026,TIGALAPANKAOS POLMAN,CARGO MAMU,CARGO LONG CREAM S,0,2,0,0,122438,244876,244876
Mei-2026,TIGALAPANKAOS POLMAN,CARGO MAMU,CARGO LONG CREAM S,0,2,0,0,122438,244876,244876
Jun-2026,TIGALAPANKAOS POLMAN,CARGO MAMU,CARGO LONG CREAM S,122438,1,0,0,122438,122438,244876
Jul-2026,TIGALAPANKAOS POLMAN,CARGO MAMU,CARGO LONG CREAM S,0,1,0,0,122438,122438,122438
Agu-2026,TIGALAPANKAOS POLMAN,CARGO MAMU,CARGO LONG CREAM S,0,1,0,0,122438,122438,122438
Sep-2026,TIGALAPANKAOS POLMAN,CARGO MAMU,CARGO LONG CREAM S,0,3,0,0,122438,367314,122438
Okt-2026,TIGALAPANKAOS POLMAN,CARGO MAMU,CARGO LONG CREAM S,0,3,0,0,122438,367314,367314
Sep-2026,TIGALAPANKAOS POLMAN,CARGO MAMU,CARGO LONG CREAM XL,122400,2,0,0,122438,244876,0
Okt-2026,TIGALAPANKAOS POLMAN,CARGO MAMU,CARGO LONG CREAM XL,0,2,0,0,122438,244876,244876
Feb-2026,TIGALAPANKAOS POLMAN,CARGO MAMU,CARGO LONG DARK ARMY M,0,3,0,0,122438,367314,0
Mar-2026,TIGALAPANKAOS POLMAN,CARGO MAMU,CARGO LONG DARK ARMY M,244876,2,0,0,122438,244876,367314
Apr-2026,TIGALAPANKAOS POLMAN,CARGO MAMU,CARGO LONG DARK ARMY M,0,2,0,0,122438,244876,244876
Mei-2026,TIGALAPANKAOS POLMAN,CARGO MAMU,CARGO LONG DARK ARMY M,122438,1,0,0,122438,122438,244876
Jun-2026,TIGALAPANKAOS POLMAN,CARGO MAMU,CARGO LONG DARK ARMY M,0,1,0,0,122438,122438,122438
Jul-2026,TIGALAPANKAOS POLMAN,CARGO MAMU,CARGO LONG DARK ARMY M,0,1,0,0,122438,122438,122438
Agu-2026,TIGALAPANKAOS POLMAN,CARGO MAMU,CARGO LONG DARK ARMY M,0,1,0,0,122438,122438,122438
Sep-2026,TIGALAPANKAOS POLMAN,CARGO MAMU,CARGO LONG DARK ARMY M,0,2,0,0,122438,244876,122438
Okt-2026,TIGALAPANKAOS POLMAN,CARGO MAMU,CARGO LONG DARK ARMY M,0,2,0,0,122438,244876,244876
Feb-2026,TIGALAPANKAOS POLMAN,CARGO MAMU,CARGO LONG DARK ARMY S,0,3,0,0,122438,367314,0
Mar-2026,TIGALAPANKAOS POLMAN,CARGO MAMU,CARGO LONG DARK ARMY S,0,3,0,0,122438,367314,367314
Apr-2026,TIGALAPANKAOS POLMAN,CARGO MAMU,CARGO LONG DARK ARMY S,0,3,0,0,122438,367314,367314
Mei-2026,TIGALAPANKAOS POLMAN,CARGO MAMU,CARGO LONG DARK ARMY S,0,3,0,0,122438,367314,367314
Jun-2026,TIGALAPANKAOS POLMAN,CARGO MAMU,CARGO LONG DARK ARMY S,0,3,0,0,122438,367314,367314
Jul-2026,TIGALAPANKAOS POLMAN,CARGO MAMU,CARGO LONG DARK ARMY S,244876,2,0,0,122438,244876,367314
Agu-2026,TIGALAPANKAOS POLMAN,CARGO MAMU,CARGO LONG DARK ARMY S,0,1,0,0,122438,122438,244876
Sep-2026,TIGALAPANKAOS POLMAN,CARGO MAMU,CARGO LONG DARK ARMY S,0,1,0,0,122438,122438,122438
Okt-2026,TIGALAPANKAOS POLMAN,CARGO MAMU,CARGO LONG DARK ARMY S,0,1,0,0,122438,122438,122438
Feb-2026,TIGALAPANKAOS POLMAN,CARGO MAMU,CARGO LONG KHAKY M,0,3,0,0,122438,367314,0
Mar-2026,TIGALAPANKAOS POLMAN,CARGO MAMU,CARGO LONG KHAKY M,122438,2,0,0,122438,244876,367314
Apr-2026,TIGALAPANKAOS POLMAN,CARGO MAMU,CARGO LONG KHAKY M,0,2,0,0,122438,244876,244876
Mei-2026,TIGALAPANKAOS POLMAN,CARGO MAMU,CARGO LONG KHAKY M,122438,1,0,0,122438,122438,244876
Jun-2026,TIGALAPANKAOS POLMAN,CARGO MAMU,CARGO LONG KHAKY M,0,1,0,0,122438,122438,122438
Jul-2026,TIGALAPANKAOS POLMAN,CARGO MAMU,CARGO LONG KHAKY M,0,1,0,0,122438,122438,122438
Agu-2026,TIGALAPANKAOS POLMAN,CARGO MAMU,CARGO LONG KHAKY M,0,1,0,0,122438,122438,122438
Sep-2026,TIGALAPANKAOS POLMAN,CARGO MAMU,CARGO LONG KHAKY M,122438,1,0,0,122438,122438,122438
Okt-2026,TIGALAPANKAOS POLMAN,CARGO MAMU,CARGO LONG KHAKY M,0,1,0,0,122438,122438,122438
Feb-2026,TIGALAPANKAOS POLMAN,CARGO MAMU,CARGO LONG KHAKY S,0,3,0,0,122438,367314,0
Mar-2026,TIGALAPANKAOS POLMAN,CARGO MAMU,CARGO LONG KHAKY S,244876,1,0,0,122438,122438,367314
Apr-2026,TIGALAPANKAOS POLMAN,CARGO MAMU,CARGO LONG KHAKY S,0,1,0,0,122438,122438,122438
Mei-2026,TIGALAPANKAOS POLMAN,CARGO MAMU,CARGO LONG KHAKY S,0,1,0,0,122438,122438,122438
Jun-2026,TIGALAPANKAOS POLMAN,CARGO MAMU,CARGO LONG KHAKY S,0,1,0,0,122438,122438,122438
Jul-2026,TIGALAPANKAOS POLMAN,CARGO MAMU,CARGO LONG KHAKY S,0,1,0,0,122438,122438,122438
Agu-2026,TIGALAPANKAOS POLMAN,CARGO MAMU,CARGO LONG KHAKY S,0,1,0,0,122438,122438,122438
Sep-2026,TIGALAPANKAOS POLMAN,CARGO MAMU,CARGO LONG KHAKY S,0,1,0,0,122438,122438,122438
Okt-2026,TIGALAPANKAOS POLMAN,CARGO MAMU,CARGO LONG KHAKY S,0,1,0,0,122438,122438,122438
Feb-2026,TIGALAPANKAOS POLMAN,CARGO MAMU,CARGO LONG WHITE M,0,3,0,0,122438,367314,0
Mar-2026,TIGALAPANKAOS POLMAN,CARGO MAMU,CARGO LONG WHITE M,0,3,0,0,122438,367314,367314
Apr-2026,TIGALAPANKAOS POLMAN,CARGO MAMU,CARGO LONG WHITE M,0,3,0,0,122438,367314,367314
Mei-2026,TIGALAPANKAOS POLMAN,CARGO MAMU,CARGO LONG WHITE M,0,3,0,0,122438,367314,367314
Jun-2026,TIGALAPANKAOS POLMAN,CARGO MAMU,CARGO LONG WHITE M,0,3,0,0,122438,367314,367314
Jul-2026,TIGALAPANKAOS POLMAN,CARGO MAMU,CARGO LONG WHITE M,0,3,0,0,122438,367314,367314
Agu-2026,TIGALAPANKAOS POLMAN,CARGO MAMU,CARGO LONG WHITE M,0,3,0,0,122438,367314,367314
Sep-2026,TIGALAPANKAOS POLMAN,CARGO MAMU,CARGO LONG WHITE M,0,3,0,0,122438,367314,367314
Okt-2026,TIGALAPANKAOS POLMAN,CARGO MAMU,CARGO LONG WHITE M,0,3,0,0,122438,367314,367314
Feb-2026,TIGALAPANKAOS POLMAN,CARGO MAMU,CARGO LONG WHITE S,0,3,0,0,122438,367314,0
Mar-2026,TIGALAPANKAOS POLMAN,CARGO MAMU,CARGO LONG WHITE S,122438,2,0,0,122438,244876,367314
Apr-2026,TIGALAPANKAOS POLMAN,CARGO MAMU,CARGO LONG WHITE S,0,2,0,0,122438,244876,244876
Mei-2026,TIGALAPANKAOS POLMAN,CARGO MAMU,CARGO LONG WHITE S,0,2,0,0,122438,244876,244876
Jun-2026,TIGALAPANKAOS POLMAN,CARGO MAMU,CARGO LONG WHITE S,0,2,0,0,122438,244876,244876
Jul-2026,TIGALAPANKAOS POLMAN,CARGO MAMU,CARGO LONG WHITE S,0,2,0,0,122438,244876,244876
Agu-2026,TIGALAPANKAOS POLMAN,CARGO MAMU,CARGO LONG WHITE S,0,2,0,0,122438,244876,244876
Sep-2026,TIGALAPANKAOS POLMAN,CARGO MAMU,CARGO LONG WHITE S,0,2,0,0,122438,244876,244876
Okt-2026,TIGALAPANKAOS POLMAN,CARGO MAMU,CARGO LONG WHITE S,0,2,0,0,122438,244876,244876
Agu-2026,TIGALAPANKAOS POLMAN,CARGO MAMU,CARGO SHORT BLACK L,0,5,0,0,102138,510690,0
Sep-2026,TIGALAPANKAOS POLMAN,CARGO MAMU,CARGO SHORT BLACK L,0,5,0,0,102138,510690,510690
Okt-2026,TIGALAPANKAOS POLMAN,CARGO MAMU,CARGO SHORT BLACK L,0,5,0,0,102138,510690,510690
Feb-2026,TIGALAPANKAOS POLMAN,CARGO MAMU,CARGO SHORT BLACK M,0,3,0,0,102138,306414,0
Mar-2026,TIGALAPANKAOS POLMAN,CARGO MAMU,CARGO SHORT BLACK M,102138,2,0,0,102138,204276,306414
Apr-2026,TIGALAPANKAOS POLMAN,CARGO MAMU,CARGO SHORT BLACK M,102138,1,0,0,102138,102138,204276
Mei-2026,TIGALAPANKAOS POLMAN,CARGO MAMU,CARGO SHORT BLACK M,0,1,0,0,102138,102138,102138
Jun-2026,TIGALAPANKAOS POLMAN,CARGO MAMU,CARGO SHORT BLACK M,0,1,0,0,102138,102138,102138
Jul-2026,TIGALAPANKAOS POLMAN,CARGO MAMU,CARGO SHORT BLACK M,102138,1,0,0,102138,102138,102138
Agu-2026,TIGALAPANKAOS POLMAN,CARGO MAMU,CARGO SHORT BLACK M,-102138,1,0,0,102138,102138,102138
Sep-2026,TIGALAPANKAOS POLMAN,CARGO MAMU,CARGO SHORT BLACK M,0,1,0,0,102138,102138,102138
Okt-2026,TIGALAPANKAOS POLMAN,CARGO MAMU,CARGO SHORT BLACK M,0,1,0,0,102138,102138,102138
Feb-2026,TIGALAPANKAOS POLMAN,CARGO MAMU,CARGO SHORT BLACK S,0,3,0,0,102138,306414,0
Mar-2026,TIGALAPANKAOS POLMAN,CARGO MAMU,CARGO SHORT BLACK S,102138,2,0,0,102138,204276,306414
Apr-2026,TIGALAPANKAOS POLMAN,CARGO MAMU,CARGO SHORT BLACK S,0,2,0,0,102138,204276,204276
Mei-2026,TIGALAPANKAOS POLMAN,CARGO MAMU,CARGO SHORT BLACK S,102138,1,0,0,102138,102138,204276
Jun-2026,TIGALAPANKAOS POLMAN,CARGO MAMU,CARGO SHORT BLACK S,102138,0,0,0,102138,0,102138
Sep-2026,TIGALAPANKAOS POLMAN,CARGO MAMU,CARGO SHORT BLACK S,102400,0,0,0,102138,0,0
Agu-2026,TIGALAPANKAOS POLMAN,CARGO MAMU,CARGO SHORT BLACK XL,102400,5,0,0,102138,510690,0
Sep-2026,TIGALAPANKAOS POLMAN,CARGO MAMU,CARGO SHORT BLACK XL,102400,4,0,0,102138,408552,510690
Okt-2026,TIGALAPANKAOS POLMAN,CARGO MAMU,CARGO SHORT BLACK XL,0,4,0,0,102138,408552,408552
Mar-2026,TIGALAPANKAOS POLMAN,CARGO MAMU,CARGO SHORT BROWN SUGAR M,102138,1,0,0,102138,102138,0
Apr-2026,TIGALAPANKAOS POLMAN,CARGO MAMU,CARGO SHORT BROWN SUGAR M,0,1,0,0,102138,102138,102138
Mei-2026,TIGALAPANKAOS POLMAN,CARGO MAMU,CARGO SHORT BROWN SUGAR M,0,1,0,0,102138,102138,102138
Jun-2026,TIGALAPANKAOS POLMAN,CARGO MAMU,CARGO SHORT BROWN SUGAR M,102138,0,0,0,102138,0,102138
Agu-2026,TIGALAPANKAOS POLMAN,CARGO MAMU,CARGO SHORT CREAM L,0,5,0,0,102138,510690,0
Sep-2026,TIGALAPANKAOS POLMAN,CARGO MAMU,CARGO SHORT CREAM L,0,5,0,0,102138,510690,510690
Okt-2026,TIGALAPANKAOS POLMAN,CARGO MAMU,CARGO SHORT CREAM L,0,5,0,0,102138,510690,510690
Feb-2026,TIGALAPANKAOS POLMAN,CARGO MAMU,CARGO SHORT CREAM S,0,1,0,0,102138,102138,0
Mar-2026,TIGALAPANKAOS POLMAN,CARGO MAMU,CARGO SHORT CREAM S,102138,0,0,0,102138,0,102138
Agu-2026,TIGALAPANKAOS POLMAN,CARGO MAMU,CARGO SHORT CREAM XL,0,5,0,0,102138,510690,0
Sep-2026,TIGALAPANKAOS POLMAN,CARGO MAMU,CARGO SHORT CREAM XL,0,5,0,0,102138,510690,510690
Okt-2026,TIGALAPANKAOS POLMAN,CARGO MAMU,CARGO SHORT CREAM XL,0,5,0,0,102138,510690,510690
Feb-2026,TIGALAPANKAOS SAMARINDA,CARGO MAMU,CARGO LONG BLACK L,0,0,4,0,122438,489752,0
Mar-2026,TIGALAPANKAOS SAMARINDA,CARGO MAMU,CARGO LONG BLACK L,0,4,0,0,122438,489752,489752
Apr-2026,TIGALAPANKAOS SAMARINDA,CARGO MAMU,CARGO LONG BLACK L,0,8,0,0,122438,979504,489752
Mei-2026,TIGALAPANKAOS SAMARINDA,CARGO MAMU,CARGO LONG BLACK L,0,8,0,0,122438,979504,979504
Jun-2026,TIGALAPANKAOS SAMARINDA,CARGO MAMU,CARGO LONG BLACK L,122438,7,0,0,122438,857066,979504
Jul-2026,TIGALAPANKAOS SAMARINDA,CARGO MAMU,CARGO LONG BLACK L,0,7,0,0,122438,857066,857066
Agu-2026,TIGALAPANKAOS SAMARINDA,CARGO MAMU,CARGO LONG BLACK L,0,7,0,0,122438,857066,857066
Sep-2026,TIGALAPANKAOS SAMARINDA,CARGO MAMU,CARGO LONG BLACK L,367314,4,0,0,122438,489752,857066
Okt-2026,TIGALAPANKAOS SAMARINDA,CARGO MAMU,CARGO LONG BLACK L,0,4,0,0,122438,489752,489752
Feb-2026,TIGALAPANKAOS SAMARINDA,CARGO MAMU,CARGO LONG BLACK M,0,0,3,0,122438,367314,0
Mar-2026,TIGALAPANKAOS SAMARINDA,CARGO MAMU,CARGO LONG BLACK M,0,3,0,0,122438,367314,367314
Apr-2026,TIGALAPANKAOS SAMARINDA,CARGO MAMU,CARGO LONG BLACK M,0,6,0,0,122438,734628,367314
Mei-2026,TIGALAPANKAOS SAMARINDA,CARGO MAMU,CARGO LONG BLACK M,0,6,0,0,122438,734628,734628
Jun-2026,TIGALAPANKAOS SAMARINDA,CARGO MAMU,CARGO LONG BLACK M,0,6,0,0,122438,734628,734628
Jul-2026,TIGALAPANKAOS SAMARINDA,CARGO MAMU,CARGO LONG BLACK M,0,6,0,0,122438,734628,734628
Agu-2026,TIGALAPANKAOS SAMARINDA,CARGO MAMU,CARGO LONG BLACK M,0,6,0,0,122438,734628,734628
Sep-2026,TIGALAPANKAOS SAMARINDA,CARGO MAMU,CARGO LONG BLACK M,0,6,0,0,122438,734628,734628
Okt-2026,TIGALAPANKAOS SAMARINDA,CARGO MAMU,CARGO LONG BLACK M,0,6,0,0,122438,734628,734628
Feb-2026,TIGALAPANKAOS SAMARINDA,CARGO MAMU,CARGO LONG BLACK S,0,0,3,0,122438,367314,0
Mar-2026,TIGALAPANKAOS SAMARINDA,CARGO MAMU,CARGO LONG BLACK S,122438,2,0,0,122438,244876,367314
Apr-2026,TIGALAPANKAOS SAMARINDA,CARGO MAMU,CARGO LONG BLACK S,0,6,0,0,122438,734628,244876
Mei-2026,TIGALAPANKAOS SAMARINDA,CARGO MAMU,CARGO LONG BLACK S,122438,5,0,0,122438,612190,734628
Jun-2026,TIGALAPANKAOS SAMARINDA,CARGO MAMU,CARGO LONG BLACK S,0,5,0,0,122438,612190,612190
Jul-2026,TIGALAPANKAOS SAMARINDA,CARGO MAMU,CARGO LONG BLACK S,0,5,0,0,122438,612190,612190
Agu-2026,TIGALAPANKAOS SAMARINDA,CARGO MAMU,CARGO LONG BLACK S,0,5,0,0,122438,612190,612190
Sep-2026,TIGALAPANKAOS SAMARINDA,CARGO MAMU,CARGO LONG BLACK S,122438,4,0,0,122438,489752,612190
Okt-2026,TIGALAPANKAOS SAMARINDA,CARGO MAMU,CARGO LONG BLACK S,0,4,0,0,122438,489752,489752
Okt-2026,TIGALAPANKAOS SAMARINDA,CARGO MAMU,CARGO LONG BLACK XL,0,0,4,0,122438,489752,0
Apr-2026,TIGALAPANKAOS SAMARINDA,CARGO MAMU,CARGO LONG BROWN SUGAR L,0,5,5,0,122438,1224380,0
Mei-2026,TIGALAPANKAOS SAMARINDA,CARGO MAMU,CARGO LONG BROWN SUGAR L,0,10,0,0,122438,1224380,1224380
Jun-2026,TIGALAPANKAOS SAMARINDA,CARGO MAMU,CARGO LONG BROWN SUGAR L,0,10,0,0,122438,1224380,1224380
Jul-2026,TIGALAPANKAOS SAMARINDA,CARGO MAMU,CARGO LONG BROWN SUGAR L,122438,10,0,0,122438,1224380,1224380
Agu-2026,TIGALAPANKAOS SAMARINDA,CARGO MAMU,CARGO LONG BROWN SUGAR L,0,9,0,0,122438,1101942,1224380
Sep-2026,TIGALAPANKAOS SAMARINDA,CARGO MAMU,CARGO LONG BROWN SUGAR L,0,9,0,0,122438,1101942,1101942
Okt-2026,TIGALAPANKAOS SAMARINDA,CARGO MAMU,CARGO LONG BROWN SUGAR L,0,9,0,0,122438,1101942,1101942
Apr-2026,TIGALAPANKAOS SAMARINDA,CARGO MAMU,CARGO LONG BROWN SUGAR M,0,5,5,0,122438,1224380,0
Mei-2026,TIGALAPANKAOS SAMARINDA,CARGO MAMU,CARGO LONG BROWN SUGAR M,0,10,0,0,122438,1224380,1224380
Jun-2026,TIGALAPANKAOS SAMARINDA,CARGO MAMU,CARGO LONG BROWN SUGAR M,0,10,0,0,122438,1224380,1224380
Jul-2026,TIGALAPANKAOS SAMARINDA,CARGO MAMU,CARGO LONG BROWN SUGAR M,244876,8,0,0,122438,979504,1224380
Agu-2026,TIGALAPANKAOS SAMARINDA,CARGO MAMU,CARGO LONG BROWN SUGAR M,0,8,0,0,122438,979504,979504
Sep-2026,TIGALAPANKAOS SAMARINDA,CARGO MAMU,CARGO LONG BROWN SUGAR M,0,8,0,0,122438,979504,979504
Okt-2026,TIGALAPANKAOS SAMARINDA,CARGO MAMU,CARGO LONG BROWN SUGAR M,0,8,0,0,122438,979504,979504
Apr-2026,TIGALAPANKAOS SAMARINDA,CARGO MAMU,CARGO LONG BROWN SUGAR S,0,5,5,0,122438,1224380,0
Mei-2026,TIGALAPANKAOS SAMARINDA,CARGO MAMU,CARGO LONG BROWN SUGAR S,0,10,0,0,122438,1224380,1224380
Jun-2026,TIGALAPANKAOS SAMARINDA,CARGO MAMU,CARGO LONG BROWN SUGAR S,0,10,0,0,122438,1224380,1224380
Jul-2026,TIGALAPANKAOS SAMARINDA,CARGO MAMU,CARGO LONG BROWN SUGAR S,0,10,0,0,122438,1224380,1224380
Agu-2026,TIGALAPANKAOS SAMARINDA,CARGO MAMU,CARGO LONG BROWN SUGAR S,0,10,0,0,122438,1224380,1224380
Sep-2026,TIGALAPANKAOS SAMARINDA,CARGO MAMU,CARGO LONG BROWN SUGAR S,0,10,0,0,122438,1224380,1224380
Okt-2026,TIGALAPANKAOS SAMARINDA,CARGO MAMU,CARGO LONG BROWN SUGAR S,0,10,0,0,122438,1224380,1224380
Feb-2026,TIGALAPANKAOS SAMARINDA,CARGO MAMU,CARGO LONG CREAM L,0,0,3,0,122438,367314,0
Mar-2026,TIGALAPANKAOS SAMARINDA,CARGO MAMU,CARGO LONG CREAM L,0,3,0,0,122438,367314,367314
Apr-2026,TIGALAPANKAOS SAMARINDA,CARGO MAMU,CARGO LONG CREAM L,122438,2,0,0,122438,244876,367314
Mei-2026,TIGALAPANKAOS SAMARINDA,CARGO MAMU,CARGO LONG CREAM L,0,2,0,0,122438,244876,244876
Jun-2026,TIGALAPANKAOS SAMARINDA,CARGO MAMU,CARGO LONG CREAM L,0,2,0,0,122438,244876,244876
Jul-2026,TIGALAPANKAOS SAMARINDA,CARGO MAMU,CARGO LONG CREAM L,0,2,0,0,122438,244876,244876
Agu-2026,TIGALAPANKAOS SAMARINDA,CARGO MAMU,CARGO LONG CREAM L,0,2,0,0,122438,244876,244876
Sep-2026,TIGALAPANKAOS SAMARINDA,CARGO MAMU,CARGO LONG CREAM L,0,2,0,0,122438,244876,244876
Okt-2026,TIGALAPANKAOS SAMARINDA,CARGO MAMU,CARGO LONG CREAM L,0,2,5,0,122438,857066,244876
Feb-2026,TIGALAPANKAOS SAMARINDA,CARGO MAMU,CARGO LONG CREAM M,0,0,3,0,122438,367314,0
Mar-2026,TIGALAPANKAOS SAMARINDA,CARGO MAMU,CARGO LONG CREAM M,0,3,0,0,122438,367314,367314
Apr-2026,TIGALAPANKAOS SAMARINDA,CARGO MAMU,CARGO LONG CREAM M,0,5,0,0,122438,612190,367314
Mei-2026,TIGALAPANKAOS SAMARINDA,CARGO MAMU,CARGO LONG CREAM M,0,5,0,0,122438,612190,612190
Jun-2026,TIGALAPANKAOS SAMARINDA,CARGO MAMU,CARGO LONG CREAM M,122438,4,0,0,122438,489752,612190
Jul-2026,TIGALAPANKAOS SAMARINDA,CARGO MAMU,CARGO LONG CREAM M,122438,3,0,0,122438,367314,489752
Agu-2026,TIGALAPANKAOS SAMARINDA,CARGO MAMU,CARGO LONG CREAM M,0,3,0,0,122438,367314,367314
Sep-2026,TIGALAPANKAOS SAMARINDA,CARGO MAMU,CARGO LONG CREAM M,0,3,0,0,122438,367314,367314
Okt-2026,TIGALAPANKAOS SAMARINDA,CARGO MAMU,CARGO LONG CREAM M,0,3,0,0,122438,367314,367314
Feb-2026,TIGALAPANKAOS SAMARINDA,CARGO MAMU,CARGO LONG CREAM S,0,0,3,0,122438,367314,0
Mar-2026,TIGALAPANKAOS SAMARINDA,CARGO MAMU,CARGO LONG CREAM S,0,3,0,0,122438,367314,367314
Apr-2026,TIGALAPANKAOS SAMARINDA,CARGO MAMU,CARGO LONG CREAM S,0,5,0,0,122438,612190,367314
Mei-2026,TIGALAPANKAOS SAMARINDA,CARGO MAMU,CARGO LONG CREAM S,122438,4,0,0,122438,489752,612190
Jun-2026,TIGALAPANKAOS SAMARINDA,CARGO MAMU,CARGO LONG CREAM S,0,4,0,0,122438,489752,489752
Jul-2026,TIGALAPANKAOS SAMARINDA,CARGO MAMU,CARGO LONG CREAM S,0,4,0,0,122438,489752,489752
Agu-2026,TIGALAPANKAOS SAMARINDA,CARGO MAMU,CARGO LONG CREAM S,0,4,0,0,122438,489752,489752
Sep-2026,TIGALAPANKAOS SAMARINDA,CARGO MAMU,CARGO LONG CREAM S,0,4,0,0,122438,489752,489752
Okt-2026,TIGALAPANKAOS SAMARINDA,CARGO MAMU,CARGO LONG CREAM S,0,4,0,0,122438,489752,489752
Okt-2026,TIGALAPANKAOS SAMARINDA,CARGO MAMU,CARGO LONG CREAM XL,0,0,4,0,122438,489752,0
Apr-2026,TIGALAPANKAOS SAMARINDA,CARGO MAMU,CARGO LONG DARK ARMY L,0,5,0,0,122438,612190,0
Mei-2026,TIGALAPANKAOS SAMARINDA,CARGO MAMU,CARGO LONG DARK ARMY L,122438,4,0,0,122438,489752,612190
Jun-2026,TIGALAPANKAOS SAMARINDA,CARGO MAMU,CARGO LONG DARK ARMY L,0,4,0,0,122438,489752,489752
Jul-2026,TIGALAPANKAOS SAMARINDA,CARGO MAMU,CARGO LONG DARK ARMY L,0,4,0,0,122438,489752,489752
Agu-2026,TIGALAPANKAOS SAMARINDA,CARGO MAMU,CARGO LONG DARK ARMY L,0,4,0,0,122438,489752,489752
Sep-2026,TIGALAPANKAOS SAMARINDA,CARGO MAMU,CARGO LONG DARK ARMY L,0,4,0,0,122438,489752,489752
Okt-2026,TIGALAPANKAOS SAMARINDA,CARGO MAMU,CARGO LONG DARK ARMY L,0,4,0,0,122438,489752,489752
Feb-2026,TIGALAPANKAOS SAMARINDA,CARGO MAMU,CARGO LONG DARK ARMY M,0,0,3,0,122438,367314,0
Mar-2026,TIGALAPANKAOS SAMARINDA,CARGO MAMU,CARGO LONG DARK ARMY M,0,3,0,0,122438,367314,367314
Apr-2026,TIGALAPANKAOS SAMARINDA,CARGO MAMU,CARGO LONG DARK ARMY M,0,8,0,0,122438,979504,367314
Mei-2026,TIGALAPANKAOS SAMARINDA,CARGO MAMU,CARGO LONG DARK ARMY M,489752,6,0,0,122438,734628,979504
Jun-2026,TIGALAPANKAOS SAMARINDA,CARGO MAMU,CARGO LONG DARK ARMY M,0,4,0,0,122438,489752,734628
Jul-2026,TIGALAPANKAOS SAMARINDA,CARGO MAMU,CARGO LONG DARK ARMY M,122438,4,0,0,122438,489752,489752
Agu-2026,TIGALAPANKAOS SAMARINDA,CARGO MAMU,CARGO LONG DARK ARMY M,0,3,0,0,122438,367314,489752
Sep-2026,TIGALAPANKAOS SAMARINDA,CARGO MAMU,CARGO LONG DARK ARMY M,0,3,0,0,122438,367314,367314
Okt-2026,TIGALAPANKAOS SAMARINDA,CARGO MAMU,CARGO LONG DARK ARMY M,0,3,0,0,122438,367314,367314
Feb-2026,TIGALAPANKAOS SAMARINDA,CARGO MAMU,CARGO LONG DARK ARMY S,0,0,3,0,122438,367314,0
Mar-2026,TIGALAPANKAOS SAMARINDA,CARGO MAMU,CARGO LONG DARK ARMY S,122438,2,0,0,122438,244876,367314
Apr-2026,TIGALAPANKAOS SAMARINDA,CARGO MAMU,CARGO LONG DARK ARMY S,0,7,0,0,122438,857066,244876
Mei-2026,TIGALAPANKAOS SAMARINDA,CARGO MAMU,CARGO LONG DARK ARMY S,0,7,0,0,122438,857066,857066
Jun-2026,TIGALAPANKAOS SAMARINDA,CARGO MAMU,CARGO LONG DARK ARMY S,0,7,0,0,122438,857066,857066
Jul-2026,TIGALAPANKAOS SAMARINDA,CARGO MAMU,CARGO LONG DARK ARMY S,0,7,0,0,122438,857066,857066
Agu-2026,TIGALAPANKAOS SAMARINDA,CARGO MAMU,CARGO LONG DARK ARMY S,0,7,0,0,122438,857066,857066
Sep-2026,TIGALAPANKAOS SAMARINDA,CARGO MAMU,CARGO LONG DARK ARMY S,0,7,0,0,122438,857066,857066
Okt-2026,TIGALAPANKAOS SAMARINDA,CARGO MAMU,CARGO LONG DARK ARMY S,0,7,0,0,122438,857066,857066
Apr-2026,TIGALAPANKAOS SAMARINDA,CARGO MAMU,CARGO LONG KHAKY L,0,5,0,0,122438,612190,0
Mei-2026,TIGALAPANKAOS SAMARINDA,CARGO MAMU,CARGO LONG KHAKY L,0,5,0,0,122438,612190,612190
Jun-2026,TIGALAPANKAOS SAMARINDA,CARGO MAMU,CARGO LONG KHAKY L,0,5,0,0,122438,612190,612190
Jul-2026,TIGALAPANKAOS SAMARINDA,CARGO MAMU,CARGO LONG KHAKY L,0,5,0,0,122438,612190,612190
Agu-2026,TIGALAPANKAOS SAMARINDA,CARGO MAMU,CARGO LONG KHAKY L,0,5,0,0,122438,612190,612190
Sep-2026,TIGALAPANKAOS SAMARINDA,CARGO MAMU,CARGO LONG KHAKY L,0,5,0,0,122438,612190,612190
Okt-2026,TIGALAPANKAOS SAMARINDA,CARGO MAMU,CARGO LONG KHAKY L,0,5,0,0,122438,612190,612190
Feb-2026,TIGALAPANKAOS SAMARINDA,CARGO MAMU,CARGO LONG KHAKY M,0,0,3,0,122438,367314,0
Mar-2026,TIGALAPANKAOS SAMARINDA,CARGO MAMU,CARGO LONG KHAKY M,367314,0,0,0,122438,0,367314
Apr-2026,TIGALAPANKAOS SAMARINDA,CARGO MAMU,CARGO LONG KHAKY M,0,5,0,0,122438,612190,0
Mei-2026,TIGALAPANKAOS SAMARINDA,CARGO MAMU,CARGO LONG KHAKY M,0,5,0,0,122438,612190,612190
Jun-2026,TIGALAPANKAOS SAMARINDA,CARGO MAMU,CARGO LONG KHAKY M,0,5,0,0,122438,612190,612190
Jul-2026,TIGALAPANKAOS SAMARINDA,CARGO MAMU,CARGO LONG KHAKY M,122438,4,0,0,122438,489752,612190
Agu-2026,TIGALAPANKAOS SAMARINDA,CARGO MAMU,CARGO LONG KHAKY M,0,4,0,0,122438,489752,489752
Sep-2026,TIGALAPANKAOS SAMARINDA,CARGO MAMU,CARGO LONG KHAKY M,0,4,0,0,122438,489752,489752
Okt-2026,TIGALAPANKAOS SAMARINDA,CARGO MAMU,CARGO LONG KHAKY M,0,4,0,0,122438,489752,489752
Feb-2026,TIGALAPANKAOS SAMARINDA,CARGO MAMU,CARGO LONG KHAKY S,0,0,3,0,122438,367314,0
Mar-2026,TIGALAPANKAOS SAMARINDA,CARGO MAMU,CARGO LONG KHAKY S,0,3,0,0,122438,367314,367314
Apr-2026,TIGALAPANKAOS SAMARINDA,CARGO MAMU,CARGO LONG KHAKY S,122438,4,0,0,122438,489752,367314
Mei-2026,TIGALAPANKAOS SAMARINDA,CARGO MAMU,CARGO LONG KHAKY S,0,4,0,0,122438,489752,489752
Jun-2026,TIGALAPANKAOS SAMARINDA,CARGO MAMU,CARGO LONG KHAKY S,122438,3,0,0,122438,367314,489752
Jul-2026,TIGALAPANKAOS SAMARINDA,CARGO MAMU,CARGO LONG KHAKY S,0,3,0,0,122438,367314,367314
Agu-2026,TIGALAPANKAOS SAMARINDA,CARGO MAMU,CARGO LONG KHAKY S,0,3,0,0,122438,367314,367314
Sep-2026,TIGALAPANKAOS SAMARINDA,CARGO MAMU,CARGO LONG KHAKY S,0,3,0,0,122438,367314,367314
Okt-2026,TIGALAPANKAOS SAMARINDA,CARGO MAMU,CARGO LONG KHAKY S,0,3,0,0,122438,367314,367314
Apr-2026,TIGALAPANKAOS SAMARINDA,CARGO MAMU,CARGO LONG WHITE L,0,5,0,0,122438,612190,0
Mei-2026,TIGALAPANKAOS SAMARINDA,CARGO MAMU,CARGO LONG WHITE L,0,5,0,0,122438,612190,612190
Jun-2026,TIGALAPANKAOS SAMARINDA,CARGO MAMU,CARGO LONG WHITE L,0,5,0,0,122438,612190,612190
Jul-2026,TIGALAPANKAOS SAMARINDA,CARGO MAMU,CARGO LONG WHITE L,0,5,0,0,122438,612190,612190
Agu-2026,TIGALAPANKAOS SAMARINDA,CARGO MAMU,CARGO LONG WHITE L,367314,3,0,0,122438,367314,612190
Sep-2026,TIGALAPANKAOS SAMARINDA,CARGO MAMU,CARGO LONG WHITE L,0,2,0,0,122438,244876,367314
Okt-2026,TIGALAPANKAOS SAMARINDA,CARGO MAMU,CARGO LONG WHITE L,0,2,0,0,122438,244876,244876
Feb-2026,TIGALAPANKAOS SAMARINDA,CARGO MAMU,CARGO LONG WHITE M,0,0,3,0,122438,367314,0
Mar-2026,TIGALAPANKAOS SAMARINDA,CARGO MAMU,CARGO LONG WHITE M,0,3,0,0,122438,367314,367314
Apr-2026,TIGALAPANKAOS SAMARINDA,CARGO MAMU,CARGO LONG WHITE M,122438,2,0,0,122438,244876,367314
Mei-2026,TIGALAPANKAOS SAMARINDA,CARGO MAMU,CARGO LONG WHITE M,0,2,0,0,122438,244876,244876
Jun-2026,TIGALAPANKAOS SAMARINDA,CARGO MAMU,CARGO LONG WHITE M,0,2,0,0,122438,244876,244876
Jul-2026,TIGALAPANKAOS SAMARINDA,CARGO MAMU,CARGO LONG WHITE M,0,2,0,0,122438,244876,244876
Agu-2026,TIGALAPANKAOS SAMARINDA,CARGO MAMU,CARGO LONG WHITE M,122438,2,0,0,122438,244876,244876
Sep-2026,TIGALAPANKAOS SAMARINDA,CARGO MAMU,CARGO LONG WHITE M,122438,0,0,0,122438,0,244876
Feb-2026,TIGALAPANKAOS SAMARINDA,CARGO MAMU,CARGO LONG WHITE S,0,0,3,0,122438,367314,0
Mar-2026,TIGALAPANKAOS SAMARINDA,CARGO MAMU,CARGO LONG WHITE S,0,3,0,0,122438,367314,367314
Apr-2026,TIGALAPANKAOS SAMARINDA,CARGO MAMU,CARGO LONG WHITE S,0,3,0,0,122438,367314,367314
Mei-2026,TIGALAPANKAOS SAMARINDA,CARGO MAMU,CARGO LONG WHITE S,0,3,0,0,122438,367314,367314
Jun-2026,TIGALAPANKAOS SAMARINDA,CARGO MAMU,CARGO LONG WHITE S,0,3,0,0,122438,367314,367314
Jul-2026,TIGALAPANKAOS SAMARINDA,CARGO MAMU,CARGO LONG WHITE S,122438,3,0,0,122438,367314,367314
Agu-2026,TIGALAPANKAOS SAMARINDA,CARGO MAMU,CARGO LONG WHITE S,0,2,0,0,122438,244876,367314
Sep-2026,TIGALAPANKAOS SAMARINDA,CARGO MAMU,CARGO LONG WHITE S,0,2,0,0,122438,244876,244876
Okt-2026,TIGALAPANKAOS SAMARINDA,CARGO MAMU,CARGO LONG WHITE S,0,2,0,0,122438,244876,244876
Apr-2026,TIGALAPANKAOS SAMARINDA,CARGO MAMU,CARGO SHORT BLACK L,0,5,0,0,102138,510690,0
Mei-2026,TIGALAPANKAOS SAMARINDA,CARGO MAMU,CARGO SHORT BLACK L,0,5,0,0,102138,510690,510690
Jun-2026,TIGALAPANKAOS SAMARINDA,CARGO MAMU,CARGO SHORT BLACK L,0,5,0,0,102138,510690,510690
Jul-2026,TIGALAPANKAOS SAMARINDA,CARGO MAMU,CARGO SHORT BLACK L,102138,5,0,0,102138,510690,510690
Agu-2026,TIGALAPANKAOS SAMARINDA,CARGO MAMU,CARGO SHORT BLACK L,0,4,0,0,102138,408552,510690
Sep-2026,TIGALAPANKAOS SAMARINDA,CARGO MAMU,CARGO SHORT BLACK L,0,4,0,0,102138,408552,408552
Okt-2026,TIGALAPANKAOS SAMARINDA,CARGO MAMU,CARGO SHORT BLACK L,0,4,0,0,102138,408552,408552
Feb-2026,TIGALAPANKAOS SAMARINDA,CARGO MAMU,CARGO SHORT BLACK M,0,0,3,0,102138,306414,0
Mar-2026,TIGALAPANKAOS SAMARINDA,CARGO MAMU,CARGO SHORT BLACK M,102138,2,0,0,102138,204276,306414
Apr-2026,TIGALAPANKAOS SAMARINDA,CARGO MAMU,CARGO SHORT BLACK M,102138,6,0,0,102138,612828,204276
Mei-2026,TIGALAPANKAOS SAMARINDA,CARGO MAMU,CARGO SHORT BLACK M,204276,4,0,0,102138,408552,612828
Jun-2026,TIGALAPANKAOS SAMARINDA,CARGO MAMU,CARGO SHORT BLACK M,0,4,0,0,102138,408552,408552
Jul-2026,TIGALAPANKAOS SAMARINDA,CARGO MAMU,CARGO SHORT BLACK M,102138,3,0,0,102138,306414,408552
Agu-2026,TIGALAPANKAOS SAMARINDA,CARGO MAMU,CARGO SHORT BLACK M,0,3,0,0,102138,306414,306414
Sep-2026,TIGALAPANKAOS SAMARINDA,CARGO MAMU,CARGO SHORT BLACK M,0,3,0,0,102138,306414,306414
Okt-2026,TIGALAPANKAOS SAMARINDA,CARGO MAMU,CARGO SHORT BLACK M,0,3,0,0,102138,306414,306414
Feb-2026,TIGALAPANKAOS SAMARINDA,CARGO MAMU,CARGO SHORT BLACK S,0,0,3,0,102138,306414,0
Mar-2026,TIGALAPANKAOS SAMARINDA,CARGO MAMU,CARGO SHORT BLACK S,0,3,0,0,102138,306414,306414
Apr-2026,TIGALAPANKAOS SAMARINDA,CARGO MAMU,CARGO SHORT BLACK S,0,8,0,0,102138,817104,306414
Mei-2026,TIGALAPANKAOS SAMARINDA,CARGO MAMU,CARGO SHORT BLACK S,102138,7,0,0,102138,714966,817104
Jun-2026,TIGALAPANKAOS SAMARINDA,CARGO MAMU,CARGO SHORT BLACK S,102138,6,0,0,102138,612828,714966
Jul-2026,TIGALAPANKAOS SAMARINDA,CARGO MAMU,CARGO SHORT BLACK S,102138,5,0,0,102138,510690,612828
Agu-2026,TIGALAPANKAOS SAMARINDA,CARGO MAMU,CARGO SHORT BLACK S,0,5,0,0,102138,510690,510690
Sep-2026,TIGALAPANKAOS SAMARINDA,CARGO MAMU,CARGO SHORT BLACK S,0,5,0,0,102138,510690,510690
Okt-2026,TIGALAPANKAOS SAMARINDA,CARGO MAMU,CARGO SHORT BLACK S,0,5,0,0,102138,510690,510690
Okt-2026,TIGALAPANKAOS SAMARINDA,CARGO MAMU,CARGO SHORT BLACK XL,0,0,4,0,102138,408552,0
Apr-2026,TIGALAPANKAOS SAMARINDA,CARGO MAMU,CARGO SHORT BROWN SUGAR L,0,3,0,0,102138,306414,0
Mei-2026,TIGALAPANKAOS SAMARINDA,CARGO MAMU,CARGO SHORT BROWN SUGAR L,0,3,0,0,102138,306414,306414
Jun-2026,TIGALAPANKAOS SAMARINDA,CARGO MAMU,CARGO SHORT BROWN SUGAR L,0,3,0,0,102138,306414,306414
Jul-2026,TIGALAPANKAOS SAMARINDA,CARGO MAMU,CARGO SHORT BROWN SUGAR L,102138,2,0,0,102138,204276,306414
Agu-2026,TIGALAPANKAOS SAMARINDA,CARGO MAMU,CARGO SHORT BROWN SUGAR L,102138,1,0,0,102138,102138,204276
Sep-2026,TIGALAPANKAOS SAMARINDA,CARGO MAMU,CARGO SHORT BROWN SUGAR L,0,1,0,0,102138,102138,102138
Okt-2026,TIGALAPANKAOS SAMARINDA,CARGO MAMU,CARGO SHORT BROWN SUGAR L,0,1,0,0,102138,102138,102138
Apr-2026,TIGALAPANKAOS SAMARINDA,CARGO MAMU,CARGO SHORT BROWN SUGAR M,0,5,0,0,102138,510690,0
Mei-2026,TIGALAPANKAOS SAMARINDA,CARGO MAMU,CARGO SHORT BROWN SUGAR M,0,5,0,0,102138,510690,510690
Jun-2026,TIGALAPANKAOS SAMARINDA,CARGO MAMU,CARGO SHORT BROWN SUGAR M,0,5,0,0,102138,510690,510690
Jul-2026,TIGALAPANKAOS SAMARINDA,CARGO MAMU,CARGO SHORT BROWN SUGAR M,0,5,0,0,102138,510690,510690
Agu-2026,TIGALAPANKAOS SAMARINDA,CARGO MAMU,CARGO SHORT BROWN SUGAR M,0,5,0,0,102138,510690,510690
Sep-2026,TIGALAPANKAOS SAMARINDA,CARGO MAMU,CARGO SHORT BROWN SUGAR M,0,5,0,0,102138,510690,510690
Okt-2026,TIGALAPANKAOS SAMARINDA,CARGO MAMU,CARGO SHORT BROWN SUGAR M,0,5,0,0,102138,510690,510690
Apr-2026,TIGALAPANKAOS SAMARINDA,CARGO MAMU,CARGO SHORT BROWN SUGAR S,0,5,0,0,102138,510690,0
Mei-2026,TIGALAPANKAOS SAMARINDA,CARGO MAMU,CARGO SHORT BROWN SUGAR S,0,5,0,0,102138,510690,510690
Jun-2026,TIGALAPANKAOS SAMARINDA,CARGO MAMU,CARGO SHORT BROWN SUGAR S,0,5,0,0,102138,510690,510690
Jul-2026,TIGALAPANKAOS SAMARINDA,CARGO MAMU,CARGO SHORT BROWN SUGAR S,0,5,0,0,102138,510690,510690
Agu-2026,TIGALAPANKAOS SAMARINDA,CARGO MAMU,CARGO SHORT BROWN SUGAR S,0,5,0,0,102138,510690,510690
Sep-2026,TIGALAPANKAOS SAMARINDA,CARGO MAMU,CARGO SHORT BROWN SUGAR S,0,5,0,0,102138,510690,510690
Okt-2026,TIGALAPANKAOS SAMARINDA,CARGO MAMU,CARGO SHORT BROWN SUGAR S,0,5,0,0,102138,510690,510690
Feb-2026,TIGALAPANKAOS SAMARINDA,CARGO MAMU,CARGO SHORT CREAM L,0,0,1,0,102138,102138,0
Mar-2026,TIGALAPANKAOS SAMARINDA,CARGO MAMU,CARGO SHORT CREAM L,0,1,0,0,102138,102138,102138
Apr-2026,TIGALAPANKAOS SAMARINDA,CARGO MAMU,CARGO SHORT CREAM L,0,1,0,0,102138,102138,102138
Mei-2026,TIGALAPANKAOS SAMARINDA,CARGO MAMU,CARGO SHORT CREAM L,0,1,0,0,102138,102138,102138
Jun-2026,TIGALAPANKAOS SAMARINDA,CARGO MAMU,CARGO SHORT CREAM L,102138,0,0,0,102138,0,102138
Feb-2026,TIGALAPANKAOS SAMARINDA,CARGO MAMU,CARGO SHORT CREAM M,0,0,1,0,102138,102138,0
Mar-2026,TIGALAPANKAOS SAMARINDA,CARGO MAMU,CARGO SHORT CREAM M,102138,0,0,0,102138,0,102138
Apr-2026,TIGALAPANKAOS SAMARINDA,CARGO MAMU,CARGO SHORT CREAM M,0,5,0,0,102138,510690,0
Mei-2026,TIGALAPANKAOS SAMARINDA,CARGO MAMU,CARGO SHORT CREAM M,0,5,0,0,102138,510690,510690
Jun-2026,TIGALAPANKAOS SAMARINDA,CARGO MAMU,CARGO SHORT CREAM M,102138,4,0,0,102138,408552,510690
Jul-2026,TIGALAPANKAOS SAMARINDA,CARGO MAMU,CARGO SHORT CREAM M,0,4,0,0,102138,408552,408552
Agu-2026,TIGALAPANKAOS SAMARINDA,CARGO MAMU,CARGO SHORT CREAM M,102138,4,0,0,102138,408552,408552
Sep-2026,TIGALAPANKAOS SAMARINDA,CARGO MAMU,CARGO SHORT CREAM M,102138,2,0,0,102138,204276,408552
Okt-2026,TIGALAPANKAOS SAMARINDA,CARGO MAMU,CARGO SHORT CREAM M,0,2,0,0,102138,204276,204276
Feb-2026,TIGALAPANKAOS SAMARINDA,CARGO MAMU,CARGO SHORT CREAM S,0,0,2,0,102138,204276,0
Mar-2026,TIGALAPANKAOS SAMARINDA,CARGO MAMU,CARGO SHORT CREAM S,0,2,0,0,102138,204276,204276
Apr-2026,TIGALAPANKAOS SAMARINDA,CARGO MAMU,CARGO SHORT CREAM S,0,5,0,0,102138,510690,204276
Mei-2026,TIGALAPANKAOS SAMARINDA,CARGO MAMU,CARGO SHORT CREAM S,306414,3,0,0,102138,306414,510690
Jun-2026,TIGALAPANKAOS SAMARINDA,CARGO MAMU,CARGO SHORT CREAM S,0,2,0,0,102138,204276,306414
Jul-2026,TIGALAPANKAOS SAMARINDA,CARGO MAMU,CARGO SHORT CREAM S,0,2,0,0,102138,204276,204276
Agu-2026,TIGALAPANKAOS SAMARINDA,CARGO MAMU,CARGO SHORT CREAM S,102138,2,0,0,102138,204276,204276
Sep-2026,TIGALAPANKAOS SAMARINDA,CARGO MAMU,CARGO SHORT CREAM S,0,1,0,0,102138,102138,204276
Okt-2026,TIGALAPANKAOS SAMARINDA,CARGO MAMU,CARGO SHORT CREAM S,0,1,0,0,102138,102138,102138
Sep-2026,TIGALAPANKAOS TORAJA,CARGO MAMU,CARGO LONG BLACK L,0,10,0,0,122438,1224380,0
Okt-2026,TIGALAPANKAOS TORAJA,CARGO MAMU,CARGO LONG BLACK L,0,0,0,0,122438,0,1224380
Sep-2026,TIGALAPANKAOS TORAJA,CARGO MAMU,CARGO LONG BLACK M,0,9,0,0,122438,1101942,0
Okt-2026,TIGALAPANKAOS TORAJA,CARGO MAMU,CARGO LONG BLACK M,0,0,0,0,122438,0,1101942
Sep-2026,TIGALAPANKAOS TORAJA,CARGO MAMU,CARGO LONG BLACK S,0,10,0,0,122438,1224380,0
Okt-2026,TIGALAPANKAOS TORAJA,CARGO MAMU,CARGO LONG BLACK S,0,0,0,0,122438,0,1224380
Sep-2026,TIGALAPANKAOS TORAJA,CARGO MAMU,CARGO LONG BLACK XL,0,5,0,0,122438,612190,0
Okt-2026,TIGALAPANKAOS TORAJA,CARGO MAMU,CARGO LONG BLACK XL,0,0,0,0,122438,0,612190
Sep-2026,TIGALAPANKAOS TORAJA,CARGO MAMU,CARGO LONG BROWN SUGAR M,0,3,0,0,122438,367314,0
Okt-2026,TIGALAPANKAOS TORAJA,CARGO MAMU,CARGO LONG BROWN SUGAR M,0,0,0,0,122438,0,367314
Sep-2026,TIGALAPANKAOS TORAJA,CARGO MAMU,CARGO LONG BROWN SUGAR S,0,1,0,0,122438,122438,0
Okt-2026,TIGALAPANKAOS TORAJA,CARGO MAMU,CARGO LONG BROWN SUGAR S,0,0,0,0,122438,0,122438
Sep-2026,TIGALAPANKAOS TORAJA,CARGO MAMU,CARGO LONG CREAM L,0,3,0,0,122438,367314,0
Okt-2026,TIGALAPANKAOS TORAJA,CARGO MAMU,CARGO LONG CREAM L,0,0,0,0,122438,0,367314
Sep-2026,TIGALAPANKAOS TORAJA,CARGO MAMU,CARGO LONG CREAM S,0,1,0,0,122438,122438,0
Okt-2026,TIGALAPANKAOS TORAJA,CARGO MAMU,CARGO LONG CREAM S,0,0,0,0,122438,0,122438
Sep-2026,TIGALAPANKAOS TORAJA,CARGO MAMU,CARGO LONG CREAM XL,0,2,0,0,122438,244876,0
Okt-2026,TIGALAPANKAOS TORAJA,CARGO MAMU,CARGO LONG CREAM XL,0,0,0,0,122438,0,244876
Sep-2026,TIGALAPANKAOS TORAJA,CARGO MAMU,CARGO LONG DARK ARMY M,0,4,0,0,122438,489752,0
Okt-2026,TIGALAPANKAOS TORAJA,CARGO MAMU,CARGO LONG DARK ARMY M,0,0,0,0,122438,0,489752
Sep-2026,TIGALAPANKAOS TORAJA,CARGO MAMU,CARGO LONG DARK ARMY S,0,3,0,0,122438,367314,0
Okt-2026,TIGALAPANKAOS TORAJA,CARGO MAMU,CARGO LONG DARK ARMY S,0,0,0,0,122438,0,367314
Sep-2026,TIGALAPANKAOS TORAJA,CARGO MAMU,CARGO LONG KHAKY L,0,3,0,0,122438,367314,0
Okt-2026,TIGALAPANKAOS TORAJA,CARGO MAMU,CARGO LONG KHAKY L,0,0,0,0,122438,0,367314
Sep-2026,TIGALAPANKAOS TORAJA,CARGO MAMU,CARGO LONG KHAKY M,0,3,0,0,122438,367314,0
Okt-2026,TIGALAPANKAOS TORAJA,CARGO MAMU,CARGO LONG KHAKY M,0,0,0,0,122438,0,367314
Sep-2026,TIGALAPANKAOS TORAJA,CARGO MAMU,CARGO LONG KHAKY S,0,2,0,0,122438,244876,0
Okt-2026,TIGALAPANKAOS TORAJA,CARGO MAMU,CARGO LONG KHAKY S,0,0,0,0,122438,0,244876
Sep-2026,TIGALAPANKAOS TORAJA,CARGO MAMU,CARGO LONG WHITE M,0,10,0,0,122438,1224380,0
Okt-2026,TIGALAPANKAOS TORAJA,CARGO MAMU,CARGO LONG WHITE M,0,0,0,0,122438,0,1224380
Sep-2026,TIGALAPANKAOS TORAJA,CARGO MAMU,CARGO LONG WHITE S,0,8,0,0,122438,979504,0
Okt-2026,TIGALAPANKAOS TORAJA,CARGO MAMU,CARGO LONG WHITE S,0,0,0,0,122438,0,979504
Sep-2026,TIGALAPANKAOS TORAJA,CARGO MAMU,CARGO SHORT CREAM L,0,1,0,0,102138,102138,0
Okt-2026,TIGALAPANKAOS TORAJA,CARGO MAMU,CARGO SHORT CREAM L,0,0,0,0,102138,0,102138
Feb-2026,DC TIGALAPAN,CARGO MAMU,CARGO LONG BLACK L,0,7,0,0,122438,857066,0
Jun-2026,DC TIGALAPAN,CARGO MAMU,CARGO LONG BLACK L,0,50,0,0,122438,6121900,0
Jul-2026,DC TIGALAPAN,CARGO MAMU,CARGO LONG BLACK L,0,49,0,0,122438,5999462,6121900
Agu-2026,DC TIGALAPAN,CARGO MAMU,CARGO LONG BLACK L,0,38,0,0,122438,4652644,5999462
Sep-2026,DC TIGALAPAN,CARGO MAMU,CARGO LONG BLACK L,0,9,0,0,122438,1101942,4652644
Okt-2026,DC TIGALAPAN,CARGO MAMU,CARGO LONG BLACK L,0,9,0,0,122438,1101942,1101942
Feb-2026,DC TIGALAPAN,CARGO MAMU,CARGO LONG BLACK M,0,98,0,0,122438,11998924,0
Mar-2026,DC TIGALAPAN,CARGO MAMU,CARGO LONG BLACK M,0,14,0,0,122438,1714132,11998924
Apr-2026,DC TIGALAPAN,CARGO MAMU,CARGO LONG BLACK M,0,6,0,0,122438,734628,1714132
Mei-2026,DC TIGALAPAN,CARGO MAMU,CARGO LONG BLACK M,0,6,0,0,122438,734628,734628
Jun-2026,DC TIGALAPAN,CARGO MAMU,CARGO LONG BLACK M,0,25,0,0,122438,3060950,734628
Jul-2026,DC TIGALAPAN,CARGO MAMU,CARGO LONG BLACK M,0,25,0,0,122438,3060950,3060950
Agu-2026,DC TIGALAPAN,CARGO MAMU,CARGO LONG BLACK M,0,17,0,0,122438,2081446,3060950
Sep-2026,DC TIGALAPAN,CARGO MAMU,CARGO LONG BLACK M,0,1,0,0,122438,122438,2081446
Okt-2026,DC TIGALAPAN,CARGO MAMU,CARGO LONG BLACK M,0,1,0,0,122438,122438,122438
Feb-2026,DC TIGALAPAN,CARGO MAMU,CARGO LONG BLACK S,0,31,0,0,122438,3795578,0
Jun-2026,DC TIGALAPAN,CARGO MAMU,CARGO LONG BLACK S,0,25,0,0,122438,3060950,0
Jul-2026,DC TIGALAPAN,CARGO MAMU,CARGO LONG BLACK S,0,21,0,0,122438,2571198,3060950
Agu-2026,DC TIGALAPAN,CARGO MAMU,CARGO LONG BLACK S,0,17,0,0,122438,2081446,2571198
Sep-2026,DC TIGALAPAN,CARGO MAMU,CARGO LONG BLACK S,0,1,0,0,122438,122438,2081446
Okt-2026,DC TIGALAPAN,CARGO MAMU,CARGO LONG BLACK S,0,1,0,0,122438,122438,122438
Feb-2026,DC TIGALAPAN,CARGO MAMU,CARGO LONG BLACK XL,0,1,0,0,122438,122438,0
Jun-2026,DC TIGALAPAN,CARGO MAMU,CARGO LONG BLACK XL,0,115,0,0,122438,14080370,0
Jul-2026,DC TIGALAPAN,CARGO MAMU,CARGO LONG BLACK XL,0,109,0,0,122438,13345742,14080370
Agu-2026,DC TIGALAPAN,CARGO MAMU,CARGO LONG BLACK XL,0,96,0,0,122438,11754048,13345742
Sep-2026,DC TIGALAPAN,CARGO MAMU,CARGO LONG BLACK XL,0,71,0,0,122438,8693098,11754048
Okt-2026,DC TIGALAPAN,CARGO MAMU,CARGO LONG BLACK XL,0,63,0,0,122438,7713594,8693098
Feb-2026,DC TIGALAPAN,CARGO MAMU,CARGO LONG BROWN SUGAR L,0,56,0,0,122438,6856528,0
Jun-2026,DC TIGALAPAN,CARGO MAMU,CARGO LONG BROWN SUGAR L,0,1,0,0,122438,122438,0
Feb-2026,DC TIGALAPAN,CARGO MAMU,CARGO LONG BROWN SUGAR M,0,126,0,0,122438,15427188,0
Jun-2026,DC TIGALAPAN,CARGO MAMU,CARGO LONG BROWN SUGAR M,0,23,0,0,122438,2816074,0
Jul-2026,DC TIGALAPAN,CARGO MAMU,CARGO LONG BROWN SUGAR M,0,20,0,0,122438,2448760,2816074
Agu-2026,DC TIGALAPAN,CARGO MAMU,CARGO LONG BROWN SUGAR M,0,17,0,0,122438,2081446,2448760
Sep-2026,DC TIGALAPAN,CARGO MAMU,CARGO LONG BROWN SUGAR M,0,9,0,0,122438,1101942,2081446
Okt-2026,DC TIGALAPAN,CARGO MAMU,CARGO LONG BROWN SUGAR M,0,9,0,0,122438,1101942,1101942
Feb-2026,DC TIGALAPAN,CARGO MAMU,CARGO LONG BROWN SUGAR S,0,84,0,0,122438,10284792,0
Mar-2026,DC TIGALAPAN,CARGO MAMU,CARGO LONG BROWN SUGAR S,0,31,0,0,122438,3795578,10284792
Apr-2026,DC TIGALAPAN,CARGO MAMU,CARGO LONG BROWN SUGAR S,0,4,0,0,122438,489752,3795578
Mei-2026,DC TIGALAPAN,CARGO MAMU,CARGO LONG BROWN SUGAR S,0,3,0,0,122438,367314,489752
Jun-2026,DC TIGALAPAN,CARGO MAMU,CARGO LONG BROWN SUGAR S,0,4,0,0,122438,489752,367314
Jul-2026,DC TIGALAPAN,CARGO MAMU,CARGO LONG BROWN SUGAR S,0,3,0,0,122438,367314,489752
Agu-2026,DC TIGALAPAN,CARGO MAMU,CARGO LONG BROWN SUGAR S,0,3,0,0,122438,367314,367314
Sep-2026,DC TIGALAPAN,CARGO MAMU,CARGO LONG BROWN SUGAR S,0,2,0,0,122438,244876,367314
Okt-2026,DC TIGALAPAN,CARGO MAMU,CARGO LONG BROWN SUGAR S,0,2,0,0,122438,244876,244876
Feb-2026,DC TIGALAPAN,CARGO MAMU,CARGO LONG BROWN SUGAR XL,0,14,0,0,122438,1714132,0
Feb-2026,DC TIGALAPAN,CARGO MAMU,CARGO LONG CREAM L,0,8,0,0,122438,979504,0
Jun-2026,DC TIGALAPAN,CARGO MAMU,CARGO LONG CREAM L,0,80,0,0,122438,9795040,0
Jul-2026,DC TIGALAPAN,CARGO MAMU,CARGO LONG CREAM L,0,80,0,0,122438,9795040,9795040
Agu-2026,DC TIGALAPAN,CARGO MAMU,CARGO LONG CREAM L,0,140,0,0,122438,17141320,9795040
Sep-2026,DC TIGALAPAN,CARGO MAMU,CARGO LONG CREAM L,0,112,0,0,122438,13713056,17141320
Okt-2026,DC TIGALAPAN,CARGO MAMU,CARGO LONG CREAM L,0,80,0,0,122438,9795040,13713056
Feb-2026,DC TIGALAPAN,CARGO MAMU,CARGO LONG CREAM M,0,55,0,0,122438,6734090,0
Jun-2026,DC TIGALAPAN,CARGO MAMU,CARGO LONG CREAM M,0,12,0,0,122438,1469256,0
Jul-2026,DC TIGALAPAN,CARGO MAMU,CARGO LONG CREAM M,0,10,0,0,122438,1224380,1469256
Sep-2026,DC TIGALAPAN,CARGO MAMU,CARGO LONG CREAM M,0,1,0,0,122438,122438,0
Okt-2026,DC TIGALAPAN,CARGO MAMU,CARGO LONG CREAM M,0,1,0,0,122438,122438,122438
Feb-2026,DC TIGALAPAN,CARGO MAMU,CARGO LONG CREAM S,0,12,0,0,122438,1469256,0
Jun-2026,DC TIGALAPAN,CARGO MAMU,CARGO LONG CREAM S,0,20,0,0,122438,2448760,0
Jul-2026,DC TIGALAPAN,CARGO MAMU,CARGO LONG CREAM S,0,20,0,0,122438,2448760,2448760
Agu-2026,DC TIGALAPAN,CARGO MAMU,CARGO LONG CREAM S,0,32,0,0,122438,3918016,2448760
Sep-2026,DC TIGALAPAN,CARGO MAMU,CARGO LONG CREAM S,0,20,0,0,122438,2448760,3918016
Okt-2026,DC TIGALAPAN,CARGO MAMU,CARGO LONG CREAM S,0,20,0,0,122438,2448760,2448760
Feb-2026,DC TIGALAPAN,CARGO MAMU,CARGO LONG CREAM XL,0,1,0,0,122438,122438,0
Jun-2026,DC TIGALAPAN,CARGO MAMU,CARGO LONG CREAM XL,0,140,0,0,122438,17141320,0
Jul-2026,DC TIGALAPAN,CARGO MAMU,CARGO LONG CREAM XL,0,140,0,0,122438,17141320,17141320
Agu-2026,DC TIGALAPAN,CARGO MAMU,CARGO LONG CREAM XL,0,257,0,0,122438,31466566,17141320
Sep-2026,DC TIGALAPAN,CARGO MAMU,CARGO LONG CREAM XL,0,230,0,0,122438,28160740,31466566
Okt-2026,DC TIGALAPAN,CARGO MAMU,CARGO LONG CREAM XL,0,218,0,0,122438,26691484,28160740
Feb-2026,DC TIGALAPAN,CARGO MAMU,CARGO LONG DARK ARMY L,0,1,0,0,122438,122438,0
Feb-2026,DC TIGALAPAN,CARGO MAMU,CARGO LONG DARK ARMY M,0,40,0,0,122438,4897520,0
Jun-2026,DC TIGALAPAN,CARGO MAMU,CARGO LONG DARK ARMY M,0,15,0,0,122438,1836570,0
Jul-2026,DC TIGALAPAN,CARGO MAMU,CARGO LONG DARK ARMY M,0,15,0,0,122438,1836570,1836570
Agu-2026,DC TIGALAPAN,CARGO MAMU,CARGO LONG DARK ARMY M,0,7,0,0,122438,857066,1836570
Feb-2026,DC TIGALAPAN,CARGO MAMU,CARGO LONG DARK ARMY S,0,18,0,0,122438,2203884,0
Feb-2026,DC TIGALAPAN,CARGO MAMU,CARGO LONG KHAKY L,0,1,0,0,122438,122438,0
Feb-2026,DC TIGALAPAN,CARGO MAMU,CARGO LONG KHAKY M,0,55,0,0,122438,6734090,0
Jun-2026,DC TIGALAPAN,CARGO MAMU,CARGO LONG KHAKY M,0,16,0,0,122438,1959008,0
Jul-2026,DC TIGALAPAN,CARGO MAMU,CARGO LONG KHAKY M,0,16,0,0,122438,1959008,1959008
Agu-2026,DC TIGALAPAN,CARGO MAMU,CARGO LONG KHAKY M,0,11,0,0,122438,1346818,1959008
Sep-2026,DC TIGALAPAN,CARGO MAMU,CARGO LONG KHAKY M,0,7,0,0,122438,857066,1346818
Okt-2026,DC TIGALAPAN,CARGO MAMU,CARGO LONG KHAKY M,0,7,0,0,122438,857066,857066
Feb-2026,DC TIGALAPAN,CARGO MAMU,CARGO LONG KHAKY S,0,15,0,0,122438,1836570,0
Jun-2026,DC TIGALAPAN,CARGO MAMU,CARGO LONG KHAKY S,0,3,0,0,122438,367314,0
Jul-2026,DC TIGALAPAN,CARGO MAMU,CARGO LONG KHAKY S,0,3,0,0,122438,367314,367314
Agu-2026,DC TIGALAPAN,CARGO MAMU,CARGO LONG KHAKY S,0,3,0,0,122438,367314,367314
Sep-2026,DC TIGALAPAN,CARGO MAMU,CARGO LONG KHAKY S,0,1,0,0,122438,122438,367314
Okt-2026,DC TIGALAPAN,CARGO MAMU,CARGO LONG KHAKY S,0,1,0,0,122438,122438,122438
Feb-2026,DC TIGALAPAN,CARGO MAMU,CARGO LONG KHAKY XL,0,1,0,0,122438,122438,0
Jun-2026,DC TIGALAPAN,CARGO MAMU,CARGO LONG WHITE L,0,6,0,0,122438,734628,0
Jul-2026,DC TIGALAPAN,CARGO MAMU,CARGO LONG WHITE L,0,5,0,0,122438,612190,734628
Feb-2026,DC TIGALAPAN,CARGO MAMU,CARGO LONG WHITE M,0,55,0,0,122438,6734090,0
Jun-2026,DC TIGALAPAN,CARGO MAMU,CARGO LONG WHITE M,0,26,0,0,122438,3183388,0
Jul-2026,DC TIGALAPAN,CARGO MAMU,CARGO LONG WHITE M,0,26,0,0,122438,3183388,3183388
Agu-2026,DC TIGALAPAN,CARGO MAMU,CARGO LONG WHITE M,0,22,0,0,122438,2693636,3183388
Sep-2026,DC TIGALAPAN,CARGO MAMU,CARGO LONG WHITE M,0,12,0,0,122438,1469256,2693636
Okt-2026,DC TIGALAPAN,CARGO MAMU,CARGO LONG WHITE M,0,12,0,0,122438,1469256,1469256
Feb-2026,DC TIGALAPAN,CARGO MAMU,CARGO LONG WHITE S,0,15,0,0,122438,1836570,0
Jun-2026,DC TIGALAPAN,CARGO MAMU,CARGO LONG WHITE S,0,13,0,0,122438,1591694,0
Jul-2026,DC TIGALAPAN,CARGO MAMU,CARGO LONG WHITE S,0,12,0,0,122438,1469256,1591694
Agu-2026,DC TIGALAPAN,CARGO MAMU,CARGO LONG WHITE S,0,8,0,0,122438,979504,1469256
Feb-2026,DC TIGALAPAN,CARGO MAMU,CARGO LONG WHITE XL,0,1,0,0,122438,122438,0
Feb-2026,DC TIGALAPAN,CARGO MAMU,CARGO SHORT BLACK L,0,1,0,0,102138,102138,0
Jun-2026,DC TIGALAPAN,CARGO MAMU,CARGO SHORT BLACK L,0,50,0,0,102138,5106900,0
Jul-2026,DC TIGALAPAN,CARGO MAMU,CARGO SHORT BLACK L,0,44,0,0,102138,4494072,5106900
Agu-2026,DC TIGALAPAN,CARGO MAMU,CARGO SHORT BLACK L,0,30,0,0,102138,3064140,4494072
Sep-2026,DC TIGALAPAN,CARGO MAMU,CARGO SHORT BLACK L,0,19,0,0,102138,1940622,3064140
Okt-2026,DC TIGALAPAN,CARGO MAMU,CARGO SHORT BLACK L,0,8,0,0,102138,817104,1940622
Feb-2026,DC TIGALAPAN,CARGO MAMU,CARGO SHORT BLACK M,0,60,0,0,102138,6128280,0
Jun-2026,DC TIGALAPAN,CARGO MAMU,CARGO SHORT BLACK M,0,7,0,0,102138,714966,0
Jul-2026,DC TIGALAPAN,CARGO MAMU,CARGO SHORT BLACK M,0,4,0,0,102138,408552,714966
Agu-2026,DC TIGALAPAN,CARGO MAMU,CARGO SHORT BLACK M,0,4,0,0,102138,408552,408552
Feb-2026,DC TIGALAPAN,CARGO MAMU,CARGO SHORT BLACK S,0,15,0,0,102138,1532070,0
Jun-2026,DC TIGALAPAN,CARGO MAMU,CARGO SHORT BLACK S,0,10,0,0,102138,1021380,0
Jul-2026,DC TIGALAPAN,CARGO MAMU,CARGO SHORT BLACK S,0,6,0,0,102138,612828,1021380
Agu-2026,DC TIGALAPAN,CARGO MAMU,CARGO SHORT BLACK S,0,4,0,0,102138,408552,612828
Sep-2026,DC TIGALAPAN,CARGO MAMU,CARGO SHORT BLACK S,0,2,0,0,102138,204276,408552
Okt-2026,DC TIGALAPAN,CARGO MAMU,CARGO SHORT BLACK S,0,2,0,0,102138,204276,204276
Feb-2026,DC TIGALAPAN,CARGO MAMU,CARGO SHORT BLACK XL,0,1,0,0,102138,102138,0
Jun-2026,DC TIGALAPAN,CARGO MAMU,CARGO SHORT BLACK XL,0,90,0,0,102138,9192420,0
Jul-2026,DC TIGALAPAN,CARGO MAMU,CARGO SHORT BLACK XL,0,85,0,0,102138,8681730,9192420
Agu-2026,DC TIGALAPAN,CARGO MAMU,CARGO SHORT BLACK XL,0,61,0,0,102138,6230418,8681730
Sep-2026,DC TIGALAPAN,CARGO MAMU,CARGO SHORT BLACK XL,0,56,0,0,102138,5719728,6230418
Okt-2026,DC TIGALAPAN,CARGO MAMU,CARGO SHORT BLACK XL,0,52,0,0,102138,5311176,5719728
Feb-2026,DC TIGALAPAN,CARGO MAMU,CARGO SHORT BROWN SUGAR L,0,28,0,0,102138,2859864,0
Mar-2026,DC TIGALAPAN,CARGO MAMU,CARGO SHORT BROWN SUGAR L,0,2,0,0,102138,204276,2859864
Feb-2026,DC TIGALAPAN,CARGO MAMU,CARGO SHORT BROWN SUGAR M,0,63,0,0,102138,6434694,0
Jun-2026,DC TIGALAPAN,CARGO MAMU,CARGO SHORT BROWN SUGAR M,0,2,0,0,102138,204276,0
Jul-2026,DC TIGALAPAN,CARGO MAMU,CARGO SHORT BROWN SUGAR M,0,2,0,0,102138,204276,204276
Feb-2026,DC TIGALAPAN,CARGO MAMU,CARGO SHORT BROWN SUGAR S,0,42,0,0,102138,4289796,0
Feb-2026,DC TIGALAPAN,CARGO MAMU,CARGO SHORT BROWN SUGAR XL,0,7,0,0,102138,714966,0
Feb-2026,DC TIGALAPAN,CARGO MAMU,CARGO SHORT CREAM L,0,1,0,0,102138,102138,0
Jun-2026,DC TIGALAPAN,CARGO MAMU,CARGO SHORT CREAM L,0,50,0,0,102138,5106900,0
Jul-2026,DC TIGALAPAN,CARGO MAMU,CARGO SHORT CREAM L,0,48,0,0,102138,4902624,5106900
Agu-2026,DC TIGALAPAN,CARGO MAMU,CARGO SHORT CREAM L,0,29,0,0,102138,2962002,4902624
Sep-2026,DC TIGALAPAN,CARGO MAMU,CARGO SHORT CREAM L,0,16,0,0,102138,1634208,2962002
Okt-2026,DC TIGALAPAN,CARGO MAMU,CARGO SHORT CREAM L,0,13,0,0,102138,1327794,1634208
Feb-2026,DC TIGALAPAN,CARGO MAMU,CARGO SHORT CREAM M,0,1,0,0,102138,102138,0
Jun-2026,DC TIGALAPAN,CARGO MAMU,CARGO SHORT CREAM M,0,4,0,0,102138,408552,0
Jul-2026,DC TIGALAPAN,CARGO MAMU,CARGO SHORT CREAM M,0,4,0,0,102138,408552,408552
Agu-2026,DC TIGALAPAN,CARGO MAMU,CARGO SHORT CREAM M,0,2,0,0,102138,204276,408552
Feb-2026,DC TIGALAPAN,CARGO MAMU,CARGO SHORT CREAM S,0,1,0,0,102138,102138,0
Jun-2026,DC TIGALAPAN,CARGO MAMU,CARGO SHORT CREAM S,0,1,0,0,102138,102138,0
Feb-2026,DC TIGALAPAN,CARGO MAMU,CARGO SHORT CREAM XL,0,2,0,0,102138,204276,0
Jun-2026,DC TIGALAPAN,CARGO MAMU,CARGO SHORT CREAM XL,0,70,0,0,102138,7149660,0
Jul-2026,DC TIGALAPAN,CARGO MAMU,CARGO SHORT CREAM XL,0,65,0,0,102138,6638970,7149660
Agu-2026,DC TIGALAPAN,CARGO MAMU,CARGO SHORT CREAM XL,0,47,0,0,102138,4800486,6638970
Sep-2026,DC TIGALAPAN,CARGO MAMU,CARGO SHORT CREAM XL,0,32,0,0,102138,3268416,4800486
Okt-2026,DC TIGALAPAN,CARGO MAMU,CARGO SHORT CREAM XL,0,32,0,0,102138,3268416,3268416
Mar-2026,DC TIGALAPAN,CARGO MAMU,CARGO LONG BLACK L,0,0,0,0,122438,0,857066
Mar-2026,DC TIGALAPAN,CARGO MAMU,CARGO LONG BLACK S,0,0,0,0,122438,0,3795578
Mar-2026,DC TIGALAPAN,CARGO MAMU,CARGO LONG BLACK XL,0,0,0,0,122438,0,122438
Mar-2026,DC TIGALAPAN,CARGO MAMU,CARGO LONG BROWN SUGAR L,0,0,0,0,122438,0,6856528
Jul-2026,DC TIGALAPAN,CARGO MAMU,CARGO LONG BROWN SUGAR L,0,0,0,0,122438,0,122438
Mar-2026,DC TIGALAPAN,CARGO MAMU,CARGO LONG BROWN SUGAR M,0,0,0,0,122438,0,15427188
Mar-2026,DC TIGALAPAN,CARGO MAMU,CARGO LONG BROWN SUGAR XL,0,0,0,0,122438,0,1714132
Mar-2026,DC TIGALAPAN,CARGO MAMU,CARGO LONG CREAM L,0,0,0,0,122438,0,979504
Mar-2026,DC TIGALAPAN,CARGO MAMU,CARGO LONG CREAM M,0,0,0,0,122438,0,6734090
Agu-2026,DC TIGALAPAN,CARGO MAMU,CARGO LONG CREAM M,0,0,0,0,122438,0,1224380
Mar-2026,DC TIGALAPAN,CARGO MAMU,CARGO LONG CREAM S,0,0,0,0,122438,0,1469256
Mar-2026,DC TIGALAPAN,CARGO MAMU,CARGO LONG CREAM XL,0,0,0,0,122438,0,122438
Mar-2026,DC TIGALAPAN,CARGO MAMU,CARGO LONG DARK ARMY L,0,0,0,0,122438,0,122438
Mar-2026,DC TIGALAPAN,CARGO MAMU,CARGO LONG DARK ARMY M,0,0,0,0,122438,0,4897520
Sep-2026,DC TIGALAPAN,CARGO MAMU,CARGO LONG DARK ARMY M,0,0,0,0,122438,0,857066
Mar-2026,DC TIGALAPAN,CARGO MAMU,CARGO LONG DARK ARMY S,0,0,0,0,122438,0,2203884
Mar-2026,DC TIGALAPAN,CARGO MAMU,CARGO LONG KHAKY L,0,0,0,0,122438,0,122438
Mar-2026,DC TIGALAPAN,CARGO MAMU,CARGO LONG KHAKY M,0,0,0,0,122438,0,6734090
Mar-2026,DC TIGALAPAN,CARGO MAMU,CARGO LONG KHAKY S,0,0,0,0,122438,0,1836570
Mar-2026,DC TIGALAPAN,CARGO MAMU,CARGO LONG KHAKY XL,0,0,0,0,122438,0,122438
Agu-2026,DC TIGALAPAN,CARGO MAMU,CARGO LONG WHITE L,0,0,0,0,122438,0,612190
Mar-2026,DC TIGALAPAN,CARGO MAMU,CARGO LONG WHITE M,0,0,0,0,122438,0,6734090
Mar-2026,DC TIGALAPAN,CARGO MAMU,CARGO LONG WHITE S,0,0,0,0,122438,0,1836570
Sep-2026,DC TIGALAPAN,CARGO MAMU,CARGO LONG WHITE S,0,0,0,0,122438,0,979504
Mar-2026,DC TIGALAPAN,CARGO MAMU,CARGO LONG WHITE XL,0,0,0,0,122438,0,122438
Mar-2026,DC TIGALAPAN,CARGO MAMU,CARGO SHORT BLACK L,0,0,0,0,102138,0,102138
Mar-2026,DC TIGALAPAN,CARGO MAMU,CARGO SHORT BLACK M,0,0,0,0,102138,0,6128280
Sep-2026,DC TIGALAPAN,CARGO MAMU,CARGO SHORT BLACK M,0,0,0,0,102138,0,408552
Mar-2026,DC TIGALAPAN,CARGO MAMU,CARGO SHORT BLACK S,0,0,0,0,102138,0,1532070
Mar-2026,DC TIGALAPAN,CARGO MAMU,CARGO SHORT BLACK XL,0,0,0,0,102138,0,102138
Apr-2026,DC TIGALAPAN,CARGO MAMU,CARGO SHORT BROWN SUGAR L,0,0,0,0,102138,0,204276
Mar-2026,DC TIGALAPAN,CARGO MAMU,CARGO SHORT BROWN SUGAR M,0,0,0,0,102138,0,6434694
Agu-2026,DC TIGALAPAN,CARGO MAMU,CARGO SHORT BROWN SUGAR M,0,0,0,0,102138,0,204276
Mar-2026,DC TIGALAPAN,CARGO MAMU,CARGO SHORT BROWN SUGAR S,0,0,0,0,102138,0,4289796
Mar-2026,DC TIGALAPAN,CARGO MAMU,CARGO SHORT BROWN SUGAR XL,0,0,0,0,102138,0,714966
Mar-2026,DC TIGALAPAN,CARGO MAMU,CARGO SHORT CREAM L,0,0,0,0,102138,0,102138
Mar-2026,DC TIGALAPAN,CARGO MAMU,CARGO SHORT CREAM M,0,0,0,0,102138,0,102138
Sep-2026,DC TIGALAPAN,CARGO MAMU,CARGO SHORT CREAM M,0,0,0,0,102138,0,204276
Mar-2026,DC TIGALAPAN,CARGO MAMU,CARGO SHORT CREAM S,0,0,0,0,102138,0,102138
Jul-2026,DC TIGALAPAN,CARGO MAMU,CARGO SHORT CREAM S,0,0,0,0,102138,0,102138
Mar-2026,DC TIGALAPAN,CARGO MAMU,CARGO SHORT CREAM XL,0,0,0,0,102138,0,204276
