Bulan,Store,Warna,Item,COGS,OH Qty,OD Qty,WIP Qty,HPP,Inventory Akhir,Inventory Awal
Feb-2026,MAMU BTP,CHINOS MAMU,CHINOS ARMY L,112332,13,0,0,112332,1460316,0
Mar-2026,MAMU BTP,CHINOS MAMU,CHINOS ARMY L,673992,6,0,0,112332,673992,1460316
Apr-2026,MAMU BTP,CHINOS MAMU,CHINOS ARMY L,112332,3,0,0,112332,336996,673992
Mei-2026,MAMU BTP,CHINOS MAMU,CHINOS ARMY L,112332,2,0,0,112332,224664,336996
Jun-2026,MAMU BTP,CHINOS MAMU,CHINOS ARMY L,112332,1,0,0,112332,112332,224664
Jul-2026,MAMU BTP,CHINOS MAMU,CHINOS ARMY L,112332,0,0,0,112332,0,112332
Feb-2026,MAMU BTP,CHINOS MAMU,CHINOS ARMY M,0,30,0,0,112332,3369960,0
Mar-2026,MAMU BTP,CHINOS MAMU,CHINOS ARMY M,898656,25,0,0,112332,2808300,3369960
Apr-2026,MAMU BTP,CHINOS MAMU,CHINOS ARMY M,449328,19,0,0,112332,2134308,2808300
Mei-2026,MAMU BTP,CHINOS MAMU,CHINOS ARMY M,449328,16,0,0,112332,1797312,2134308
Jun-2026,MAMU BTP,CHINOS MAMU,CHINOS ARMY M,224664,10,0,0,112332,1123320,1797312
Jul-2026,MAMU BTP,CHINOS MAMU,CHINOS ARMY M,336996,8,0,0,112332,898656,1123320
Agu-2026,MAMU BTP,CHINOS MAMU,CHINOS ARMY M,224664,5,0,0,112332,561660,898656
Sep-2026,MAMU BTP,CHINOS MAMU,CHINOS ARMY M,673992,6,0,0,112332,673992,561660
Okt-2026,MAMU BTP,CHINOS MAMU,CHINOS ARMY M,224664,5,0,0,112332,561660,673992
Feb-2026,MAMU BTP,CHINOS MAMU,CHINOS ARMY S,336996,18,0,0,112332,2021976,0
Mar-2026,MAMU BTP,CHINOS MAMU,CHINOS ARMY S,1797312,4,0,0,112332,449328,2021976
Apr-2026,MAMU BTP,CHINOS MAMU,CHINOS ARMY S,336996,0,0,0,112332,0,449328
Feb-2026,MAMU BTP,CHINOS MAMU,CHINOS ARMY XL,0,3,0,0,112332,336996,0
Mar-2026,MAMU BTP,CHINOS MAMU,CHINOS ARMY XL,336996,0,0,0,112332,0,336996
Mei-2026,MAMU BTP,CHINOS MAMU,CHINOS ARMY XL,0,1,0,0,112332,112332,0
Jun-2026,MAMU BTP,CHINOS MAMU,CHINOS ARMY XL,0,1,0,0,112332,112332,112332
Jul-2026,MAMU BTP,CHINOS MAMU,CHINOS ARMY XL,112332,1,0,0,112332,112332,112332
Agu-2026,MAMU BTP,CHINOS MAMU,CHINOS ARMY XL,0,0,0,0,112332,0,112332
Feb-2026,MAMU BTP,CHINOS MAMU,CHINOS BLACK L,224664,19,0,0,112332,2134308,0
Mar-2026,MAMU BTP,CHINOS MAMU,CHINOS BLACK L,898656,10,0,0,112332,1123320,2134308
Apr-2026,MAMU BTP,CHINOS MAMU,CHINOS BLACK L,336996,8,0,0,112332,898656,1123320
Mei-2026,MAMU BTP,CHINOS MAMU,CHINOS BLACK L,673992,0,0,0,112332,0,898656
Jun-2026,MAMU BTP,CHINOS MAMU,CHINOS BLACK L,337200,4,0,0,112332,449328,0
Jul-2026,MAMU BTP,CHINOS MAMU,CHINOS BLACK L,337200,5,0,0,112332,561660,449328
Agu-2026,MAMU BTP,CHINOS MAMU,CHINOS BLACK L,562000,5,1,0,112332,673992,561660
Sep-2026,MAMU BTP,CHINOS MAMU,CHINOS BLACK L,337200,0,0,0,112332,0,673992
Feb-2026,MAMU BTP,CHINOS MAMU,CHINOS BLACK M,224664,43,0,0,112332,4830276,0
Mar-2026,MAMU BTP,CHINOS MAMU,CHINOS BLACK M,1572648,44,0,0,112332,4942608,4830276
Apr-2026,MAMU BTP,CHINOS MAMU,CHINOS BLACK M,224664,37,0,0,112332,4156284,4942608
Mei-2026,MAMU BTP,CHINOS MAMU,CHINOS BLACK M,1347984,26,0,0,112332,2920632,4156284
Jun-2026,MAMU BTP,CHINOS MAMU,CHINOS BLACK M,786324,15,0,0,112332,1684980,2920632
Jul-2026,MAMU BTP,CHINOS MAMU,CHINOS BLACK M,673992,10,0,0,112332,1123320,1684980
Agu-2026,MAMU BTP,CHINOS MAMU,CHINOS BLACK M,1011046,3,0,0,112332,336996,1123320
Sep-2026,MAMU BTP,CHINOS MAMU,CHINOS BLACK M,786584,6,0,0,112332,673992,336996
Okt-2026,MAMU BTP,CHINOS MAMU,CHINOS BLACK M,0,6,0,0,112332,673992,673992
Feb-2026,MAMU BTP,CHINOS MAMU,CHINOS BLACK S,336996,29,0,0,112332,3257628,0
Mar-2026,MAMU BTP,CHINOS MAMU,CHINOS BLACK S,2471304,9,0,0,112332,1010988,3257628
Apr-2026,MAMU BTP,CHINOS MAMU,CHINOS BLACK S,561660,5,0,0,112332,561660,1010988
Mei-2026,MAMU BTP,CHINOS MAMU,CHINOS BLACK S,449328,0,0,0,112332,0,561660
Jun-2026,MAMU BTP,CHINOS MAMU,CHINOS BLACK S,562000,5,0,0,112332,561660,0
Jul-2026,MAMU BTP,CHINOS MAMU,CHINOS BLACK S,562000,5,0,0,112332,561660,561660
Agu-2026,MAMU BTP,CHINOS MAMU,CHINOS BLACK S,786800,5,0,0,112332,561660,561660
Sep-2026,MAMU BTP,CHINOS MAMU,CHINOS BLACK S,449600,5,0,0,112332,561660,561660
Okt-2026,MAMU BTP,CHINOS MAMU,CHINOS BLACK S,562000,4,0,0,112332,449328,561660
Feb-2026,MAMU BTP,CHINOS MAMU,CHINOS BLACK XL,0,5,0,0,112332,561660,0
Mar-2026,MAMU BTP,CHINOS MAMU,CHINOS BLACK XL,561660,0,0,0,112332,0,561660
Jun-2026,MAMU BTP,CHINOS MAMU,CHINOS BLACK XL,0,10,0,0,112332,1123320,0
Jul-2026,MAMU BTP,CHINOS MAMU,CHINOS BLACK XL,0,10,0,0,112332,1123320,1123320
Agu-2026,MAMU BTP,CHINOS MAMU,CHINOS BLACK XL,337200,7,0,0,112332,786324,1123320
Sep-2026,MAMU BTP,CHINOS MAMU,CHINOS BLACK XL,224800,5,0,0,112332,561660,786324
Okt-2026,MAMU BTP,CHINOS MAMU,CHINOS BLACK XL,224800,4,0,0,112332,449328,561660
Mar-2026,MAMU BTP,CHINOS MAMU,CHINOS BROWN SUGAR L,449328,11,0,0,219000,2409000,0
Apr-2026,MAMU BTP,CHINOS MAMU,CHINOS BROWN SUGAR L,0,8,0,0,219000,1752000,2409000
Mei-2026,MAMU BTP,CHINOS MAMU,CHINOS BROWN SUGAR L,224664,4,0,0,219000,876000,1752000
Jun-2026,MAMU BTP,CHINOS MAMU,CHINOS BROWN SUGAR L,336996,1,0,0,219000,219000,876000
Jul-2026,MAMU BTP,CHINOS MAMU,CHINOS BROWN SUGAR L,112332,0,0,0,219000,0,219000
Mar-2026,MAMU BTP,CHINOS MAMU,CHINOS BROWN SUGAR M,224664,41,0,0,219000,8979000,0
Apr-2026,MAMU BTP,CHINOS MAMU,CHINOS BROWN SUGAR M,449328,34,0,0,219000,7446000,8979000
Mei-2026,MAMU BTP,CHINOS MAMU,CHINOS BROWN SUGAR M,561660,30,0,0,219000,6570000,7446000
Jun-2026,MAMU BTP,CHINOS MAMU,CHINOS BROWN SUGAR M,0,24,0,0,219000,5256000,6570000
Jul-2026,MAMU BTP,CHINOS MAMU,CHINOS BROWN SUGAR M,449328,21,0,0,219000,4599000,5256000
Agu-2026,MAMU BTP,CHINOS MAMU,CHINOS BROWN SUGAR M,561660,17,0,0,219000,3723000,4599000
Sep-2026,MAMU BTP,CHINOS MAMU,CHINOS BROWN SUGAR M,449328,11,0,0,219000,2409000,3723000
Okt-2026,MAMU BTP,CHINOS MAMU,CHINOS BROWN SUGAR M,224664,9,0,0,219000,1971000,2409000
Mar-2026,MAMU BTP,CHINOS MAMU,CHINOS BROWN SUGAR S,561660,21,0,0,219000,4599000,0
Apr-2026,MAMU BTP,CHINOS MAMU,CHINOS BROWN SUGAR S,224664,17,0,0,219000,3723000,4599000
Mei-2026,MAMU BTP,CHINOS MAMU,CHINOS BROWN SUGAR S,449328,12,0,0,219000,2628000,3723000
Jun-2026,MAMU BTP,CHINOS MAMU,CHINOS BROWN SUGAR S,224664,7,0,0,219000,1533000,2628000
Jul-2026,MAMU BTP,CHINOS MAMU,CHINOS BROWN SUGAR S,449328,3,0,0,219000,657000,1533000
Agu-2026,MAMU BTP,CHINOS MAMU,CHINOS BROWN SUGAR S,224664,6,0,0,219000,1314000,657000
Sep-2026,MAMU BTP,CHINOS MAMU,CHINOS BROWN SUGAR S,224664,3,0,0,219000,657000,1314000
Okt-2026,MAMU BTP,CHINOS MAMU,CHINOS BROWN SUGAR S,112332,2,0,0,219000,438000,657000
Mar-2026,MAMU BTP,CHINOS MAMU,CHINOS BROWN SUGAR XL,561660,0,0,0,219000,0,0
Feb-2026,MAMU BTP,CHINOS MAMU,CHINOS CREAM L,224664,12,0,0,112332,1347984,0
Mar-2026,MAMU BTP,CHINOS MAMU,CHINOS CREAM L,786324,4,0,0,112332,449328,1347984
Apr-2026,MAMU BTP,CHINOS MAMU,CHINOS CREAM L,224664,2,0,0,112332,224664,449328
Mei-2026,MAMU BTP,CHINOS MAMU,CHINOS CREAM L,224664,0,0,0,112332,0,224664
Jun-2026,MAMU BTP,CHINOS MAMU,CHINOS CREAM L,112400,7,0,0,112332,786324,0
Jul-2026,MAMU BTP,CHINOS MAMU,CHINOS CREAM L,337200,5,0,0,112332,561660,786324
Agu-2026,MAMU BTP,CHINOS MAMU,CHINOS CREAM L,899200,2,1,0,112332,336996,561660
Sep-2026,MAMU BTP,CHINOS MAMU,CHINOS CREAM L,0,0,0,0,112332,0,336996
Feb-2026,MAMU BTP,CHINOS MAMU,CHINOS CREAM M,224664,28,0,0,112332,3145296,0
Mar-2026,MAMU BTP,CHINOS MAMU,CHINOS CREAM M,2021976,15,0,0,112332,1684980,3145296
Apr-2026,MAMU BTP,CHINOS MAMU,CHINOS CREAM M,449328,9,0,0,112332,1010988,1684980
Mei-2026,MAMU BTP,CHINOS MAMU,CHINOS CREAM M,898656,1,0,0,112332,112332,1010988
Jun-2026,MAMU BTP,CHINOS MAMU,CHINOS CREAM M,0,11,0,0,112332,1235652,112332
Jul-2026,MAMU BTP,CHINOS MAMU,CHINOS CREAM M,407012,7,0,0,112332,786324,1235652
Agu-2026,MAMU BTP,CHINOS MAMU,CHINOS CREAM M,512835,5,0,0,112332,561660,786324
Sep-2026,MAMU BTP,CHINOS MAMU,CHINOS CREAM M,435750,7,0,0,112332,786324,561660
Okt-2026,MAMU BTP,CHINOS MAMU,CHINOS CREAM M,0,7,0,0,112332,786324,786324
Feb-2026,MAMU BTP,CHINOS MAMU,CHINOS CREAM S,0,20,0,0,112332,2246640,0
Mar-2026,MAMU BTP,CHINOS MAMU,CHINOS CREAM S,2358972,2,0,0,112332,224664,2246640
Apr-2026,MAMU BTP,CHINOS MAMU,CHINOS CREAM S,112332,2,0,0,112332,224664,224664
Mei-2026,MAMU BTP,CHINOS MAMU,CHINOS CREAM S,0,0,0,0,112332,0,224664
Jun-2026,MAMU BTP,CHINOS MAMU,CHINOS CREAM S,112400,19,0,0,112332,2134308,0
Jul-2026,MAMU BTP,CHINOS MAMU,CHINOS CREAM S,337200,16,0,0,112332,1797312,2134308
Agu-2026,MAMU BTP,CHINOS MAMU,CHINOS CREAM S,674400,13,0,0,112332,1460316,1797312
Sep-2026,MAMU BTP,CHINOS MAMU,CHINOS CREAM S,562000,5,0,0,112332,561660,1460316
Okt-2026,MAMU BTP,CHINOS MAMU,CHINOS CREAM S,0,10,0,0,112332,1123320,561660
Feb-2026,MAMU BTP,CHINOS MAMU,CHINOS CREAM XL,0,3,0,0,112332,336996,0
Mar-2026,MAMU BTP,CHINOS MAMU,CHINOS CREAM XL,336996,0,0,0,112332,0,336996
Jun-2026,MAMU BTP,CHINOS MAMU,CHINOS CREAM XL,112400,7,0,0,112332,786324,0
Jul-2026,MAMU BTP,CHINOS MAMU,CHINOS CREAM XL,0,7,0,0,112332,786324,786324
Agu-2026,MAMU BTP,CHINOS MAMU,CHINOS CREAM XL,449600,3,0,0,112332,336996,786324
Sep-2026,MAMU BTP,CHINOS MAMU,CHINOS CREAM XL,562000,4,0,0,112332,449328,336996
Okt-2026,MAMU BTP,CHINOS MAMU,CHINOS CREAM XL,224800,3,0,0,112332,336996,449328
Mar-2026,MAMU BTP,CHINOS MAMU,CHINOS DARK GREY L,449328,11,0,0,112332,1235652,0
Apr-2026,MAMU BTP,CHINOS MAMU,CHINOS DARK GREY L,224664,7,0,0,112332,786324,1235652
Mei-2026,MAMU BTP,CHINOS MAMU,CHINOS DARK GREY L,112332,7,0,0,112332,786324,786324
Jun-2026,MAMU BTP,CHINOS MAMU,CHINOS DARK GREY L,0,6,0,0,112332,673992,786324
Jul-2026,MAMU BTP,CHINOS MAMU,CHINOS DARK GREY L,224664,6,0,0,112332,673992,673992
Agu-2026,MAMU BTP,CHINOS MAMU,CHINOS DARK GREY L,336996,3,0,0,112332,336996,673992
Sep-2026,MAMU BTP,CHINOS MAMU,CHINOS DARK GREY L,112332,0,0,0,112332,0,336996
Mar-2026,MAMU BTP,CHINOS MAMU,CHINOS DARK GREY M,0,52,0,0,112332,5841264,0
Apr-2026,MAMU BTP,CHINOS MAMU,CHINOS DARK GREY M,0,47,0,0,112332,5279604,5841264
Mei-2026,MAMU BTP,CHINOS MAMU,CHINOS DARK GREY M,224664,45,0,0,112332,5054940,5279604
Jun-2026,MAMU BTP,CHINOS MAMU,CHINOS DARK GREY M,112332,44,0,0,112332,4942608,5054940
Jul-2026,MAMU BTP,CHINOS MAMU,CHINOS DARK GREY M,224664,42,0,0,112332,4717944,4942608
Agu-2026,MAMU BTP,CHINOS MAMU,CHINOS DARK GREY M,224664,42,0,0,112332,4717944,4717944
Sep-2026,MAMU BTP,CHINOS MAMU,CHINOS DARK GREY M,224664,38,0,0,112332,4268616,4717944
Okt-2026,MAMU BTP,CHINOS MAMU,CHINOS DARK GREY M,0,38,0,0,112332,4268616,4268616
Mar-2026,MAMU BTP,CHINOS MAMU,CHINOS DARK GREY S,561660,20,0,0,112332,2246640,0
Apr-2026,MAMU BTP,CHINOS MAMU,CHINOS DARK GREY S,0,15,0,0,112332,1684980,2246640
Mei-2026,MAMU BTP,CHINOS MAMU,CHINOS DARK GREY S,112332,13,0,0,112332,1460316,1684980
Jun-2026,MAMU BTP,CHINOS MAMU,CHINOS DARK GREY S,112332,11,0,0,112332,1235652,1460316
Jul-2026,MAMU BTP,CHINOS MAMU,CHINOS DARK GREY S,112332,11,0,0,112332,1235652,1235652
Agu-2026,MAMU BTP,CHINOS MAMU,CHINOS DARK GREY S,336996,8,0,0,112332,898656,1235652
Sep-2026,MAMU BTP,CHINOS MAMU,CHINOS DARK GREY S,224664,5,0,0,112332,561660,898656
Okt-2026,MAMU BTP,CHINOS MAMU,CHINOS DARK GREY S,112332,4,0,0,112332,449328,561660
Mar-2026,MAMU BTP,CHINOS MAMU,CHINOS DARK GREY XL,112332,3,0,0,112332,336996,0
Apr-2026,MAMU BTP,CHINOS MAMU,CHINOS DARK GREY XL,112332,2,0,0,112332,224664,336996
Mei-2026,MAMU BTP,CHINOS MAMU,CHINOS DARK GREY XL,0,0,0,0,112332,0,224664
Mar-2026,MAMU GOWA,CHINOS MAMU,CHINOS ARMY L,224664,2,0,0,112332,224664,0
Apr-2026,MAMU GOWA,CHINOS MAMU,CHINOS ARMY L,0,4,0,0,112332,449328,224664
Mei-2026,MAMU GOWA,CHINOS MAMU,CHINOS ARMY L,0,4,0,0,112332,449328,449328
Jun-2026,MAMU GOWA,CHINOS MAMU,CHINOS ARMY L,0,4,0,0,112332,449328,449328
Jul-2026,MAMU GOWA,CHINOS MAMU,CHINOS ARMY L,0,4,0,0,112332,449328,449328
Agu-2026,MAMU GOWA,CHINOS MAMU,CHINOS ARMY L,0,4,0,0,112332,449328,449328
Sep-2026,MAMU GOWA,CHINOS MAMU,CHINOS ARMY L,0,4,0,0,112332,449328,449328
Okt-2026,MAMU GOWA,CHINOS MAMU,CHINOS ARMY L,0,4,0,0,112332,449328,449328
Mar-2026,MAMU GOWA,CHINOS MAMU,CHINOS ARMY M,224664,30,0,0,112332,3369960,0
Apr-2026,MAMU GOWA,CHINOS MAMU,CHINOS ARMY M,112332,24,0,0,112332,2695968,3369960
Mei-2026,MAMU GOWA,CHINOS MAMU,CHINOS ARMY M,112332,23,0,0,112332,2583636,2695968
Jun-2026,MAMU GOWA,CHINOS MAMU,CHINOS ARMY M,0,23,0,0,112332,2583636,2583636
Jul-2026,MAMU GOWA,CHINOS MAMU,CHINOS ARMY M,112332,22,0,0,112332,2471304,2583636
Agu-2026,MAMU GOWA,CHINOS MAMU,CHINOS ARMY M,224664,21,0,0,112332,2358972,2471304
Sep-2026,MAMU GOWA,CHINOS MAMU,CHINOS ARMY M,112332,19,0,0,112332,2134308,2358972
Okt-2026,MAMU GOWA,CHINOS MAMU,CHINOS ARMY M,0,19,0,0,112332,2134308,2134308
Mar-2026,MAMU GOWA,CHINOS MAMU,CHINOS ARMY S,1010988,7,0,0,112332,786324,0
Apr-2026,MAMU GOWA,CHINOS MAMU,CHINOS ARMY S,0,8,0,0,112332,898656,786324
Mei-2026,MAMU GOWA,CHINOS MAMU,CHINOS ARMY S,0,8,0,0,112332,898656,898656
Jun-2026,MAMU GOWA,CHINOS MAMU,CHINOS ARMY S,0,8,0,0,112332,898656,898656
Jul-2026,MAMU GOWA,CHINOS MAMU,CHINOS ARMY S,0,8,0,0,112332,898656,898656
Agu-2026,MAMU GOWA,CHINOS MAMU,CHINOS ARMY S,336996,7,0,0,112332,786324,898656
Sep-2026,MAMU GOWA,CHINOS MAMU,CHINOS ARMY S,0,5,0,0,112332,561660,786324
Okt-2026,MAMU GOWA,CHINOS MAMU,CHINOS ARMY S,0,5,0,0,112332,561660,561660
Mar-2026,MAMU GOWA,CHINOS MAMU,CHINOS ARMY XL,0,1,0,0,112332,112332,0
Apr-2026,MAMU GOWA,CHINOS MAMU,CHINOS ARMY XL,0,1,0,0,112332,112332,112332
Mei-2026,MAMU GOWA,CHINOS MAMU,CHINOS ARMY XL,0,1,0,0,112332,112332,112332
Jun-2026,MAMU GOWA,CHINOS MAMU,CHINOS ARMY XL,0,1,0,0,112332,112332,112332
Jul-2026,MAMU GOWA,CHINOS MAMU,CHINOS ARMY XL,112332,0,0,0,112332,0,112332
Mar-2026,MAMU GOWA,CHINOS MAMU,CHINOS BLACK L,449328,8,0,0,112332,898656,0
Apr-2026,MAMU GOWA,CHINOS MAMU,CHINOS BLACK L,0,8,0,0,112332,898656,898656
Mei-2026,MAMU GOWA,CHINOS MAMU,CHINOS BLACK L,224664,6,0,0,112332,673992,898656
Jun-2026,MAMU GOWA,CHINOS MAMU,CHINOS BLACK L,112332,5,0,0,112332,561660,673992
Jul-2026,MAMU GOWA,CHINOS MAMU,CHINOS BLACK L,0,5,0,0,112332,561660,561660
Agu-2026,MAMU GOWA,CHINOS MAMU,CHINOS BLACK L,0,5,0,0,112332,561660,561660
Sep-2026,MAMU GOWA,CHINOS MAMU,CHINOS BLACK L,0,5,0,0,112332,561660,561660
Okt-2026,MAMU GOWA,CHINOS MAMU,CHINOS BLACK L,0,5,0,0,112332,561660,561660
Mar-2026,MAMU GOWA,CHINOS MAMU,CHINOS BLACK M,1572648,29,0,0,112332,3257628,0
Apr-2026,MAMU GOWA,CHINOS MAMU,CHINOS BLACK M,112332,23,0,0,112332,2583636,3257628
Mei-2026,MAMU GOWA,CHINOS MAMU,CHINOS BLACK M,224664,22,0,0,112332,2471304,2583636
Jun-2026,MAMU GOWA,CHINOS MAMU,CHINOS BLACK M,112332,21,0,0,112332,2358972,2471304
Jul-2026,MAMU GOWA,CHINOS MAMU,CHINOS BLACK M,449328,18,0,0,112332,2021976,2358972
Agu-2026,MAMU GOWA,CHINOS MAMU,CHINOS BLACK M,449328,14,0,0,112332,1572648,2021976
Sep-2026,MAMU GOWA,CHINOS MAMU,CHINOS BLACK M,224664,11,0,0,112332,1235652,1572648
Okt-2026,MAMU GOWA,CHINOS MAMU,CHINOS BLACK M,112332,10,0,0,112332,1123320,1235652
Mar-2026,MAMU GOWA,CHINOS MAMU,CHINOS BLACK S,1797312,11,0,0,112332,1235652,0
Apr-2026,MAMU GOWA,CHINOS MAMU,CHINOS BLACK S,112332,10,0,0,112332,1123320,1235652
Mei-2026,MAMU GOWA,CHINOS MAMU,CHINOS BLACK S,112332,8,0,0,112332,898656,1123320
Jun-2026,MAMU GOWA,CHINOS MAMU,CHINOS BLACK S,224664,6,0,0,112332,673992,898656
Jul-2026,MAMU GOWA,CHINOS MAMU,CHINOS BLACK S,112332,6,0,0,112332,673992,673992
Agu-2026,MAMU GOWA,CHINOS MAMU,CHINOS BLACK S,337019,6,0,0,112332,673992,673992
Sep-2026,MAMU GOWA,CHINOS MAMU,CHINOS BLACK S,112363,6,0,0,112332,673992,673992
Okt-2026,MAMU GOWA,CHINOS MAMU,CHINOS BLACK S,112369,6,1,0,112332,786324,673992
Mar-2026,MAMU GOWA,CHINOS MAMU,CHINOS BLACK XL,0,1,0,0,112332,112332,0
Apr-2026,MAMU GOWA,CHINOS MAMU,CHINOS BLACK XL,112332,0,0,0,112332,0,112332
Jun-2026,MAMU GOWA,CHINOS MAMU,CHINOS BLACK XL,0,5,0,0,112332,561660,0
Jul-2026,MAMU GOWA,CHINOS MAMU,CHINOS BLACK XL,112400,4,0,0,112332,449328,561660
Agu-2026,MAMU GOWA,CHINOS MAMU,CHINOS BLACK XL,112400,14,0,0,112332,1572648,449328
Sep-2026,MAMU GOWA,CHINOS MAMU,CHINOS BLACK XL,224800,12,0,0,112332,1347984,1572648
Okt-2026,MAMU GOWA,CHINOS MAMU,CHINOS BLACK XL,0,12,0,0,112332,1347984,1347984
Mar-2026,MAMU GOWA,CHINOS MAMU,CHINOS BROWN SUGAR L,561660,16,0,0,219000,3504000,0
Apr-2026,MAMU GOWA,CHINOS MAMU,CHINOS BROWN SUGAR L,0,8,0,0,219000,1752000,3504000
Mei-2026,MAMU GOWA,CHINOS MAMU,CHINOS BROWN SUGAR L,0,10,0,0,219000,2190000,1752000
Jun-2026,MAMU GOWA,CHINOS MAMU,CHINOS BROWN SUGAR L,0,10,0,0,219000,2190000,2190000
Jul-2026,MAMU GOWA,CHINOS MAMU,CHINOS BROWN SUGAR L,0,10,0,0,219000,2190000,2190000
Agu-2026,MAMU GOWA,CHINOS MAMU,CHINOS BROWN SUGAR L,0,10,0,0,219000,2190000,2190000
Sep-2026,MAMU GOWA,CHINOS MAMU,CHINOS BROWN SUGAR L,224664,9,0,0,219000,1971000,2190000
Okt-2026,MAMU GOWA,CHINOS MAMU,CHINOS BROWN SUGAR L,0,8,0,0,219000,1752000,1971000
Mar-2026,MAMU GOWA,CHINOS MAMU,CHINOS BROWN SUGAR M,786324,19,0,0,219000,4161000,0
Apr-2026,MAMU GOWA,CHINOS MAMU,CHINOS BROWN SUGAR M,112332,17,0,0,219000,3723000,4161000
Mei-2026,MAMU GOWA,CHINOS MAMU,CHINOS BROWN SUGAR M,0,17,0,0,219000,3723000,3723000
Jun-2026,MAMU GOWA,CHINOS MAMU,CHINOS BROWN SUGAR M,112332,15,0,0,219000,3285000,3723000
Jul-2026,MAMU GOWA,CHINOS MAMU,CHINOS BROWN SUGAR M,224664,15,0,0,219000,3285000,3285000
Agu-2026,MAMU GOWA,CHINOS MAMU,CHINOS BROWN SUGAR M,336996,13,0,0,219000,2847000,3285000
Sep-2026,MAMU GOWA,CHINOS MAMU,CHINOS BROWN SUGAR M,0,11,0,0,219000,2409000,2847000
Okt-2026,MAMU GOWA,CHINOS MAMU,CHINOS BROWN SUGAR M,0,11,0,0,219000,2409000,2409000
Mar-2026,MAMU GOWA,CHINOS MAMU,CHINOS BROWN SUGAR S,1460316,12,0,0,219000,2628000,0
Apr-2026,MAMU GOWA,CHINOS MAMU,CHINOS BROWN SUGAR S,224664,10,0,0,219000,2190000,2628000
Mei-2026,MAMU GOWA,CHINOS MAMU,CHINOS BROWN SUGAR S,112332,9,0,0,219000,1971000,2190000
Jun-2026,MAMU GOWA,CHINOS MAMU,CHINOS BROWN SUGAR S,112332,8,0,0,219000,1752000,1971000
Jul-2026,MAMU GOWA,CHINOS MAMU,CHINOS BROWN SUGAR S,0,9,0,0,219000,1971000,1752000
Agu-2026,MAMU GOWA,CHINOS MAMU,CHINOS BROWN SUGAR S,99851,9,0,0,219000,1971000,1971000
Sep-2026,MAMU GOWA,CHINOS MAMU,CHINOS BROWN SUGAR S,99851,8,0,0,219000,1752000,1971000
Okt-2026,MAMU GOWA,CHINOS MAMU,CHINOS BROWN SUGAR S,0,7,0,0,219000,1533000,1752000
Mar-2026,MAMU GOWA,CHINOS MAMU,CHINOS BROWN SUGAR XL,449328,2,0,0,219000,438000,0
Apr-2026,MAMU GOWA,CHINOS MAMU,CHINOS BROWN SUGAR XL,112332,1,0,0,219000,219000,438000
Mei-2026,MAMU GOWA,CHINOS MAMU,CHINOS BROWN SUGAR XL,0,1,0,0,219000,219000,219000
Jun-2026,MAMU GOWA,CHINOS MAMU,CHINOS BROWN SUGAR XL,112332,0,0,0,219000,0,219000
Mar-2026,MAMU GOWA,CHINOS MAMU,CHINOS CREAM L,336996,1,0,0,112332,112332,0
Apr-2026,MAMU GOWA,CHINOS MAMU,CHINOS CREAM L,112332,0,0,0,112332,0,112332
Jun-2026,MAMU GOWA,CHINOS MAMU,CHINOS CREAM L,112400,4,0,0,112332,449328,0
Jul-2026,MAMU GOWA,CHINOS MAMU,CHINOS CREAM L,0,5,0,0,112332,561660,449328
Agu-2026,MAMU GOWA,CHINOS MAMU,CHINOS CREAM L,449600,4,0,0,112332,449328,561660
Sep-2026,MAMU GOWA,CHINOS MAMU,CHINOS CREAM L,0,4,0,0,112332,449328,449328
Okt-2026,MAMU GOWA,CHINOS MAMU,CHINOS CREAM L,0,4,0,0,112332,449328,449328
Mar-2026,MAMU GOWA,CHINOS MAMU,CHINOS CREAM M,1572648,15,0,0,112332,1684980,0
Apr-2026,MAMU GOWA,CHINOS MAMU,CHINOS CREAM M,112332,13,0,0,112332,1460316,1684980
Mei-2026,MAMU GOWA,CHINOS MAMU,CHINOS CREAM M,112332,13,0,0,112332,1460316,1460316
Jun-2026,MAMU GOWA,CHINOS MAMU,CHINOS CREAM M,336996,10,0,0,112332,1123320,1460316
Jul-2026,MAMU GOWA,CHINOS MAMU,CHINOS CREAM M,112332,8,0,0,112332,898656,1123320
Agu-2026,MAMU GOWA,CHINOS MAMU,CHINOS CREAM M,224664,6,0,0,112332,673992,898656
Sep-2026,MAMU GOWA,CHINOS MAMU,CHINOS CREAM M,224664,6,0,0,112332,673992,673992
Okt-2026,MAMU GOWA,CHINOS MAMU,CHINOS CREAM M,112197,5,0,0,112332,561660,673992
Mar-2026,MAMU GOWA,CHINOS MAMU,CHINOS CREAM S,1010988,10,0,0,112332,1123320,0
Apr-2026,MAMU GOWA,CHINOS MAMU,CHINOS CREAM S,112332,11,0,0,112332,1235652,1123320
Mei-2026,MAMU GOWA,CHINOS MAMU,CHINOS CREAM S,224664,9,0,0,112332,1010988,1235652
Jun-2026,MAMU GOWA,CHINOS MAMU,CHINOS CREAM S,112332,7,0,0,112332,786324,1010988
Jul-2026,MAMU GOWA,CHINOS MAMU,CHINOS CREAM S,112332,7,0,0,112332,786324,786324
Agu-2026,MAMU GOWA,CHINOS MAMU,CHINOS CREAM S,224675,6,0,0,112332,673992,786324
Sep-2026,MAMU GOWA,CHINOS MAMU,CHINOS CREAM S,112353,6,0,0,112332,673992,673992
Okt-2026,MAMU GOWA,CHINOS MAMU,CHINOS CREAM S,112361,5,0,0,112332,561660,673992
Mar-2026,MAMU GOWA,CHINOS MAMU,CHINOS CREAM XL,0,1,0,0,112332,112332,0
Apr-2026,MAMU GOWA,CHINOS MAMU,CHINOS CREAM XL,0,1,0,0,112332,112332,112332
Mei-2026,MAMU GOWA,CHINOS MAMU,CHINOS CREAM XL,0,1,0,0,112332,112332,112332
Jun-2026,MAMU GOWA,CHINOS MAMU,CHINOS CREAM XL,112332,5,0,0,112332,561660,112332
Jul-2026,MAMU GOWA,CHINOS MAMU,CHINOS CREAM XL,112400,4,0,0,112332,449328,561660
Agu-2026,MAMU GOWA,CHINOS MAMU,CHINOS CREAM XL,224800,14,0,0,112332,1572648,449328
Sep-2026,MAMU GOWA,CHINOS MAMU,CHINOS CREAM XL,112400,13,0,0,112332,1460316,1572648
Okt-2026,MAMU GOWA,CHINOS MAMU,CHINOS CREAM XL,0,12,0,0,112332,1347984,1460316
Mar-2026,MAMU GOWA,CHINOS MAMU,CHINOS DARK GREY L,1010988,12,0,0,112332,1347984,0
Apr-2026,MAMU GOWA,CHINOS MAMU,CHINOS DARK GREY L,0,11,0,0,112332,1235652,1347984
Mei-2026,MAMU GOWA,CHINOS MAMU,CHINOS DARK GREY L,0,12,0,0,112332,1347984,1235652
Jun-2026,MAMU GOWA,CHINOS MAMU,CHINOS DARK GREY L,224664,10,0,0,112332,1123320,1347984
Jul-2026,MAMU GOWA,CHINOS MAMU,CHINOS DARK GREY L,0,10,0,0,112332,1123320,1123320
Agu-2026,MAMU GOWA,CHINOS MAMU,CHINOS DARK GREY L,0,10,0,0,112332,1123320,1123320
Sep-2026,MAMU GOWA,CHINOS MAMU,CHINOS DARK GREY L,224664,9,0,0,112332,1010988,1123320
Okt-2026,MAMU GOWA,CHINOS MAMU,CHINOS DARK GREY L,0,8,0,0,112332,898656,1010988
Mar-2026,MAMU GOWA,CHINOS MAMU,CHINOS DARK GREY M,449328,17,0,0,112332,1909644,0
Apr-2026,MAMU GOWA,CHINOS MAMU,CHINOS DARK GREY M,112332,17,0,0,112332,1909644,1909644
Mei-2026,MAMU GOWA,CHINOS MAMU,CHINOS DARK GREY M,0,16,0,0,112332,1797312,1909644
Jun-2026,MAMU GOWA,CHINOS MAMU,CHINOS DARK GREY M,112332,15,0,0,112332,1684980,1797312
Jul-2026,MAMU GOWA,CHINOS MAMU,CHINOS DARK GREY M,0,15,0,0,112332,1684980,1684980
Agu-2026,MAMU GOWA,CHINOS MAMU,CHINOS DARK GREY M,0,15,0,0,112332,1684980,1684980
Sep-2026,MAMU GOWA,CHINOS MAMU,CHINOS DARK GREY M,112332,14,0,0,112332,1572648,1684980
Okt-2026,MAMU GOWA,CHINOS MAMU,CHINOS DARK GREY M,0,14,0,0,112332,1572648,1572648
Mar-2026,MAMU GOWA,CHINOS MAMU,CHINOS DARK GREY S,449328,19,0,0,112332,2134308,0
Apr-2026,MAMU GOWA,CHINOS MAMU,CHINOS DARK GREY S,786324,10,0,0,112332,1123320,2134308
Mei-2026,MAMU GOWA,CHINOS MAMU,CHINOS DARK GREY S,0,10,0,0,112332,1123320,1123320
Jun-2026,MAMU GOWA,CHINOS MAMU,CHINOS DARK GREY S,0,10,0,0,112332,1123320,1123320
Jul-2026,MAMU GOWA,CHINOS MAMU,CHINOS DARK GREY S,0,10,0,0,112332,1123320,1123320
Agu-2026,MAMU GOWA,CHINOS MAMU,CHINOS DARK GREY S,112332,10,0,0,112332,1123320,1123320
Sep-2026,MAMU GOWA,CHINOS MAMU,CHINOS DARK GREY S,0,9,0,0,112332,1010988,1123320
Okt-2026,MAMU GOWA,CHINOS MAMU,CHINOS DARK GREY S,0,9,0,0,112332,1010988,1010988
Mar-2026,MAMU GOWA,CHINOS MAMU,CHINOS DARK GREY XL,224664,3,0,0,112332,336996,0
Apr-2026,MAMU GOWA,CHINOS MAMU,CHINOS DARK GREY XL,0,1,0,0,112332,112332,336996
Mei-2026,MAMU GOWA,CHINOS MAMU,CHINOS DARK GREY XL,224664,0,0,0,112332,0,112332
Feb-2026,MAMU KENDARI,CHINOS MAMU,CHINOS ARMY L,112332,3,0,0,112332,336996,0
Mar-2026,MAMU KENDARI,CHINOS MAMU,CHINOS ARMY L,112332,1,0,0,112332,112332,336996
Apr-2026,MAMU KENDARI,CHINOS MAMU,CHINOS ARMY L,0,1,0,0,112332,112332,112332
Mei-2026,MAMU KENDARI,CHINOS MAMU,CHINOS ARMY L,0,1,0,0,112332,112332,112332
Jun-2026,MAMU KENDARI,CHINOS MAMU,CHINOS ARMY L,0,1,0,0,112332,112332,112332
Jul-2026,MAMU KENDARI,CHINOS MAMU,CHINOS ARMY L,112332,0,0,0,112332,0,112332
Feb-2026,MAMU KENDARI,CHINOS MAMU,CHINOS ARMY M,0,3,0,0,112332,336996,0
Mar-2026,MAMU KENDARI,CHINOS MAMU,CHINOS ARMY M,0,3,0,0,112332,336996,336996
Apr-2026,MAMU KENDARI,CHINOS MAMU,CHINOS ARMY M,0,3,0,0,112332,336996,336996
Mei-2026,MAMU KENDARI,CHINOS MAMU,CHINOS ARMY M,112332,2,0,0,112332,224664,336996
Jun-2026,MAMU KENDARI,CHINOS MAMU,CHINOS ARMY M,0,2,0,0,112332,224664,224664
Jul-2026,MAMU KENDARI,CHINOS MAMU,CHINOS ARMY M,0,2,0,0,112332,224664,224664
Agu-2026,MAMU KENDARI,CHINOS MAMU,CHINOS ARMY M,0,2,0,0,112332,224664,224664
Sep-2026,MAMU KENDARI,CHINOS MAMU,CHINOS ARMY M,112332,1,0,0,112332,112332,224664
Okt-2026,MAMU KENDARI,CHINOS MAMU,CHINOS ARMY M,0,1,0,0,112332,112332,112332
Feb-2026,MAMU KENDARI,CHINOS MAMU,CHINOS ARMY S,0,5,0,0,112332,561660,0
Mar-2026,MAMU KENDARI,CHINOS MAMU,CHINOS ARMY S,224664,3,0,0,112332,336996,561660
Apr-2026,MAMU KENDARI,CHINOS MAMU,CHINOS ARMY S,0,3,0,0,112332,336996,336996
Mei-2026,MAMU KENDARI,CHINOS MAMU,CHINOS ARMY S,0,3,0,0,112332,336996,336996
Jun-2026,MAMU KENDARI,CHINOS MAMU,CHINOS ARMY S,0,3,0,0,112332,336996,336996
Jul-2026,MAMU KENDARI,CHINOS MAMU,CHINOS ARMY S,0,3,0,0,112332,336996,336996
Agu-2026,MAMU KENDARI,CHINOS MAMU,CHINOS ARMY S,0,3,0,0,112332,336996,336996
Sep-2026,MAMU KENDARI,CHINOS MAMU,CHINOS ARMY S,0,3,0,0,112332,336996,336996
Okt-2026,MAMU KENDARI,CHINOS MAMU,CHINOS ARMY S,0,3,0,0,112332,336996,336996
Feb-2026,MAMU KENDARI,CHINOS MAMU,CHINOS ARMY XL,0,3,0,0,112332,336996,0
Mar-2026,MAMU KENDARI,CHINOS MAMU,CHINOS ARMY XL,0,3,0,0,112332,336996,336996
Apr-2026,MAMU KENDARI,CHINOS MAMU,CHINOS ARMY XL,0,3,0,0,112332,336996,336996
Mei-2026,MAMU KENDARI,CHINOS MAMU,CHINOS ARMY XL,112332,2,0,0,112332,224664,336996
Jun-2026,MAMU KENDARI,CHINOS MAMU,CHINOS ARMY XL,0,2,0,0,112332,224664,224664
Jul-2026,MAMU KENDARI,CHINOS MAMU,CHINOS ARMY XL,0,2,0,0,112332,224664,224664
Agu-2026,MAMU KENDARI,CHINOS MAMU,CHINOS ARMY XL,112332,1,0,0,112332,112332,224664
Sep-2026,MAMU KENDARI,CHINOS MAMU,CHINOS ARMY XL,0,1,0,0,112332,112332,112332
Okt-2026,MAMU KENDARI,CHINOS MAMU,CHINOS ARMY XL,0,1,0,0,112332,112332,112332
Feb-2026,MAMU KENDARI,CHINOS MAMU,CHINOS BLACK L,0,3,0,0,112332,336996,0
Mar-2026,MAMU KENDARI,CHINOS MAMU,CHINOS BLACK L,112332,2,0,0,112332,224664,336996
Apr-2026,MAMU KENDARI,CHINOS MAMU,CHINOS BLACK L,0,2,0,0,112332,224664,224664
Mei-2026,MAMU KENDARI,CHINOS MAMU,CHINOS BLACK L,0,2,0,0,112332,224664,224664
Jun-2026,MAMU KENDARI,CHINOS MAMU,CHINOS BLACK L,112332,1,0,0,112332,112332,224664
Jul-2026,MAMU KENDARI,CHINOS MAMU,CHINOS BLACK L,112332,0,0,0,112332,0,112332
Agu-2026,MAMU KENDARI,CHINOS MAMU,CHINOS BLACK L,0,5,0,0,112332,561660,0
Sep-2026,MAMU KENDARI,CHINOS MAMU,CHINOS BLACK L,112400,4,0,0,112332,449328,561660
Okt-2026,MAMU KENDARI,CHINOS MAMU,CHINOS BLACK L,0,4,0,0,112332,449328,449328
Feb-2026,MAMU KENDARI,CHINOS MAMU,CHINOS BLACK M,0,1,0,0,112332,112332,0
Mar-2026,MAMU KENDARI,CHINOS MAMU,CHINOS BLACK M,0,1,0,0,112332,112332,112332
Apr-2026,MAMU KENDARI,CHINOS MAMU,CHINOS BLACK M,112332,0,0,0,112332,0,112332
Agu-2026,MAMU KENDARI,CHINOS MAMU,CHINOS BLACK M,0,5,0,0,112332,561660,0
Sep-2026,MAMU KENDARI,CHINOS MAMU,CHINOS BLACK M,112375,4,0,0,112332,449328,561660
Okt-2026,MAMU KENDARI,CHINOS MAMU,CHINOS BLACK M,0,4,0,0,112332,449328,449328
Feb-2026,MAMU KENDARI,CHINOS MAMU,CHINOS BLACK S,0,5,0,0,112332,561660,0
Mar-2026,MAMU KENDARI,CHINOS MAMU,CHINOS BLACK S,112332,4,0,0,112332,449328,561660
Apr-2026,MAMU KENDARI,CHINOS MAMU,CHINOS BLACK S,112332,3,0,0,112332,336996,449328
Mei-2026,MAMU KENDARI,CHINOS MAMU,CHINOS BLACK S,0,3,0,0,112332,336996,336996
Jun-2026,MAMU KENDARI,CHINOS MAMU,CHINOS BLACK S,224664,1,0,0,112332,112332,336996
Jul-2026,MAMU KENDARI,CHINOS MAMU,CHINOS BLACK S,0,1,0,0,112332,112332,112332
Agu-2026,MAMU KENDARI,CHINOS MAMU,CHINOS BLACK S,0,5,0,0,112332,561660,112332
Sep-2026,MAMU KENDARI,CHINOS MAMU,CHINOS BLACK S,112386,4,0,0,112332,449328,561660
Okt-2026,MAMU KENDARI,CHINOS MAMU,CHINOS BLACK S,0,4,0,0,112332,449328,449328
Feb-2026,MAMU KENDARI,CHINOS MAMU,CHINOS BLACK XL,0,3,0,0,112332,336996,0
Mar-2026,MAMU KENDARI,CHINOS MAMU,CHINOS BLACK XL,112332,2,0,0,112332,224664,336996
Apr-2026,MAMU KENDARI,CHINOS MAMU,CHINOS BLACK XL,0,2,0,0,112332,224664,224664
Mei-2026,MAMU KENDARI,CHINOS MAMU,CHINOS BLACK XL,0,2,0,0,112332,224664,224664
Jun-2026,MAMU KENDARI,CHINOS MAMU,CHINOS BLACK XL,112332,1,0,0,112332,112332,224664
Jul-2026,MAMU KENDARI,CHINOS MAMU,CHINOS BLACK XL,0,1,0,0,112332,112332,112332
Agu-2026,MAMU KENDARI,CHINOS MAMU,CHINOS BLACK XL,0,1,0,0,112332,112332,112332
Sep-2026,MAMU KENDARI,CHINOS MAMU,CHINOS BLACK XL,0,1,0,0,112332,112332,112332
Okt-2026,MAMU KENDARI,CHINOS MAMU,CHINOS BLACK XL,0,1,1,0,112332,224664,112332
Agu-2026,MAMU KENDARI,CHINOS MAMU,CHINOS BROWN SUGAR M,112332,3,0,0,219000,657000,0
Sep-2026,MAMU KENDARI,CHINOS MAMU,CHINOS BROWN SUGAR M,0,2,0,0,219000,438000,657000
Okt-2026,MAMU KENDARI,CHINOS MAMU,CHINOS BROWN SUGAR M,0,2,0,0,219000,438000,438000
Feb-2026,MAMU KENDARI,CHINOS MAMU,CHINOS CREAM L,0,3,0,0,112332,336996,0
Mar-2026,MAMU KENDARI,CHINOS MAMU,CHINOS CREAM L,112332,2,0,0,112332,224664,336996
Apr-2026,MAMU KENDARI,CHINOS MAMU,CHINOS CREAM L,0,2,0,0,112332,224664,224664
Mei-2026,MAMU KENDARI,CHINOS MAMU,CHINOS CREAM L,0,2,0,0,112332,224664,224664
Jun-2026,MAMU KENDARI,CHINOS MAMU,CHINOS CREAM L,112332,1,0,0,112332,112332,224664
Jul-2026,MAMU KENDARI,CHINOS MAMU,CHINOS CREAM L,0,1,0,0,112332,112332,112332
Agu-2026,MAMU KENDARI,CHINOS MAMU,CHINOS CREAM L,0,1,0,0,112332,112332,112332
Sep-2026,MAMU KENDARI,CHINOS MAMU,CHINOS CREAM L,0,1,0,0,112332,112332,112332
Okt-2026,MAMU KENDARI,CHINOS MAMU,CHINOS CREAM L,112332,0,0,0,112332,0,112332
Feb-2026,MAMU KENDARI,CHINOS MAMU,CHINOS CREAM M,0,1,0,0,112332,112332,0
Mar-2026,MAMU KENDARI,CHINOS MAMU,CHINOS CREAM M,112332,0,0,0,112332,0,112332
Agu-2026,MAMU KENDARI,CHINOS MAMU,CHINOS CREAM M,0,5,0,0,112332,561660,0
Sep-2026,MAMU KENDARI,CHINOS MAMU,CHINOS CREAM M,0,5,0,0,112332,561660,561660
Okt-2026,MAMU KENDARI,CHINOS MAMU,CHINOS CREAM M,111928,4,0,0,112332,449328,561660
Feb-2026,MAMU KENDARI,CHINOS MAMU,CHINOS CREAM S,0,4,0,0,112332,449328,0
Mar-2026,MAMU KENDARI,CHINOS MAMU,CHINOS CREAM S,224664,2,0,0,112332,224664,449328
Apr-2026,MAMU KENDARI,CHINOS MAMU,CHINOS CREAM S,112332,1,0,0,112332,112332,224664
Mei-2026,MAMU KENDARI,CHINOS MAMU,CHINOS CREAM S,0,1,0,0,112332,112332,112332
Jun-2026,MAMU KENDARI,CHINOS MAMU,CHINOS CREAM S,0,1,0,0,112332,112332,112332
Jul-2026,MAMU KENDARI,CHINOS MAMU,CHINOS CREAM S,112332,1,0,0,112332,112332,112332
Agu-2026,MAMU KENDARI,CHINOS MAMU,CHINOS CREAM S,0,5,0,0,112332,561660,112332
Sep-2026,MAMU KENDARI,CHINOS MAMU,CHINOS CREAM S,112400,4,0,0,112332,449328,561660
Okt-2026,MAMU KENDARI,CHINOS MAMU,CHINOS CREAM S,0,4,0,0,112332,449328,449328
Feb-2026,MAMU KENDARI,CHINOS MAMU,CHINOS CREAM XL,0,3,0,0,112332,336996,0
Mar-2026,MAMU KENDARI,CHINOS MAMU,CHINOS CREAM XL,0,2,0,0,112332,224664,336996
Apr-2026,MAMU KENDARI,CHINOS MAMU,CHINOS CREAM XL,0,2,0,0,112332,224664,224664
Mei-2026,MAMU KENDARI,CHINOS MAMU,CHINOS CREAM XL,0,2,0,0,112332,224664,224664
Jun-2026,MAMU KENDARI,CHINOS MAMU,CHINOS CREAM XL,0,2,0,0,112332,224664,224664
Jul-2026,MAMU KENDARI,CHINOS MAMU,CHINOS CREAM XL,112332,1,0,0,112332,112332,224664
Agu-2026,MAMU KENDARI,CHINOS MAMU,CHINOS CREAM XL,0,1,0,0,112332,112332,112332
Sep-2026,MAMU KENDARI,CHINOS MAMU,CHINOS CREAM XL,0,1,0,0,112332,112332,112332
Okt-2026,MAMU KENDARI,CHINOS MAMU,CHINOS CREAM XL,0,1,0,0,112332,112332,112332
Agu-2026,MAMU KENDARI,CHINOS MAMU,CHINOS DARK GREY M,0,3,0,0,112332,336996,0
Sep-2026,MAMU KENDARI,CHINOS MAMU,CHINOS DARK GREY M,0,3,0,0,112332,336996,336996
Okt-2026,MAMU KENDARI,CHINOS MAMU,CHINOS DARK GREY M,0,3,0,0,112332,336996,336996
Feb-2026,MAMU MAKASSAR,CHINOS MAMU,CHINOS ARMY L,0,13,0,0,112332,1460316,0
Mar-2026,MAMU MAKASSAR,CHINOS MAMU,CHINOS ARMY L,449328,8,0,0,112332,898656,1460316
Apr-2026,MAMU MAKASSAR,CHINOS MAMU,CHINOS ARMY L,112332,8,0,0,112332,898656,898656
Mei-2026,MAMU MAKASSAR,CHINOS MAMU,CHINOS ARMY L,0,8,0,0,112332,898656,898656
Jun-2026,MAMU MAKASSAR,CHINOS MAMU,CHINOS ARMY L,336996,5,0,0,112332,561660,898656
Jul-2026,MAMU MAKASSAR,CHINOS MAMU,CHINOS ARMY L,224664,4,0,0,112332,449328,561660
Agu-2026,MAMU MAKASSAR,CHINOS MAMU,CHINOS ARMY L,112332,4,0,0,112332,449328,449328
Sep-2026,MAMU MAKASSAR,CHINOS MAMU,CHINOS ARMY L,112332,2,0,0,112332,224664,449328
Okt-2026,MAMU MAKASSAR,CHINOS MAMU,CHINOS ARMY L,112332,1,0,0,112332,112332,224664
Feb-2026,MAMU MAKASSAR,CHINOS MAMU,CHINOS ARMY M,112332,29,0,0,112332,3257628,0
Mar-2026,MAMU MAKASSAR,CHINOS MAMU,CHINOS ARMY M,449328,27,0,0,112332,3032964,3257628
Apr-2026,MAMU MAKASSAR,CHINOS MAMU,CHINOS ARMY M,224664,26,0,0,112332,2920632,3032964
Mei-2026,MAMU MAKASSAR,CHINOS MAMU,CHINOS ARMY M,112332,10,0,0,112332,1123320,2920632
Jun-2026,MAMU MAKASSAR,CHINOS MAMU,CHINOS ARMY M,112332,9,0,0,112332,1010988,1123320
Jul-2026,MAMU MAKASSAR,CHINOS MAMU,CHINOS ARMY M,112332,12,0,0,112332,1347984,1010988
Agu-2026,MAMU MAKASSAR,CHINOS MAMU,CHINOS ARMY M,220504,11,0,0,112332,1235652,1347984
Sep-2026,MAMU MAKASSAR,CHINOS MAMU,CHINOS ARMY M,110252,9,0,0,112332,1010988,1235652
Okt-2026,MAMU MAKASSAR,CHINOS MAMU,CHINOS ARMY M,110252,8,0,0,112332,898656,1010988
Feb-2026,MAMU MAKASSAR,CHINOS MAMU,CHINOS ARMY S,112332,19,0,0,112332,2134308,0
Mar-2026,MAMU MAKASSAR,CHINOS MAMU,CHINOS ARMY S,1347984,5,0,0,112332,561660,2134308
Apr-2026,MAMU MAKASSAR,CHINOS MAMU,CHINOS ARMY S,112332,3,0,0,112332,336996,561660
Mei-2026,MAMU MAKASSAR,CHINOS MAMU,CHINOS ARMY S,0,3,0,0,112332,336996,336996
Jun-2026,MAMU MAKASSAR,CHINOS MAMU,CHINOS ARMY S,0,3,0,0,112332,336996,336996
Jul-2026,MAMU MAKASSAR,CHINOS MAMU,CHINOS ARMY S,112332,3,0,0,112332,336996,336996
Agu-2026,MAMU MAKASSAR,CHINOS MAMU,CHINOS ARMY S,0,2,0,0,112332,224664,336996
Sep-2026,MAMU MAKASSAR,CHINOS MAMU,CHINOS ARMY S,0,2,0,0,112332,224664,224664
Okt-2026,MAMU MAKASSAR,CHINOS MAMU,CHINOS ARMY S,0,2,0,0,112332,224664,224664
Feb-2026,MAMU MAKASSAR,CHINOS MAMU,CHINOS ARMY XL,0,3,0,0,112332,336996,0
Mar-2026,MAMU MAKASSAR,CHINOS MAMU,CHINOS ARMY XL,224664,0,0,0,112332,0,336996
Apr-2026,MAMU MAKASSAR,CHINOS MAMU,CHINOS ARMY XL,112332,0,0,0,112332,0,0
Jun-2026,MAMU MAKASSAR,CHINOS MAMU,CHINOS ARMY XL,0,1,0,0,112332,112332,0
Jul-2026,MAMU MAKASSAR,CHINOS MAMU,CHINOS ARMY XL,0,0,0,0,112332,0,112332
Feb-2026,MAMU MAKASSAR,CHINOS MAMU,CHINOS BLACK L,0,20,0,0,112332,2246640,0
Mar-2026,MAMU MAKASSAR,CHINOS MAMU,CHINOS BLACK L,1347984,6,0,0,112332,673992,2246640
Apr-2026,MAMU MAKASSAR,CHINOS MAMU,CHINOS BLACK L,224664,1,0,0,112332,112332,673992
Mei-2026,MAMU MAKASSAR,CHINOS MAMU,CHINOS BLACK L,112332,0,0,0,112332,0,112332
Jun-2026,MAMU MAKASSAR,CHINOS MAMU,CHINOS BLACK L,224800,8,0,0,112332,898656,0
Jul-2026,MAMU MAKASSAR,CHINOS MAMU,CHINOS BLACK L,224800,11,0,0,112332,1235652,898656
Agu-2026,MAMU MAKASSAR,CHINOS MAMU,CHINOS BLACK L,337200,9,0,0,112332,1010988,1235652
Sep-2026,MAMU MAKASSAR,CHINOS MAMU,CHINOS BLACK L,562000,2,0,0,112332,224664,1010988
Okt-2026,MAMU MAKASSAR,CHINOS MAMU,CHINOS BLACK L,112400,1,0,0,112332,112332,224664
Feb-2026,MAMU MAKASSAR,CHINOS MAMU,CHINOS BLACK M,0,45,0,0,112332,5054940,0
Mar-2026,MAMU MAKASSAR,CHINOS MAMU,CHINOS BLACK M,1909644,41,0,0,112332,4605612,5054940
Apr-2026,MAMU MAKASSAR,CHINOS MAMU,CHINOS BLACK M,112332,40,0,0,112332,4493280,4605612
Mei-2026,MAMU MAKASSAR,CHINOS MAMU,CHINOS BLACK M,224664,14,0,0,112332,1572648,4493280
Jun-2026,MAMU MAKASSAR,CHINOS MAMU,CHINOS BLACK M,224664,12,0,0,112332,1347984,1572648
Jul-2026,MAMU MAKASSAR,CHINOS MAMU,CHINOS BLACK M,336996,12,0,0,112332,1347984,1347984
Agu-2026,MAMU MAKASSAR,CHINOS MAMU,CHINOS BLACK M,224664,10,0,0,112332,1123320,1347984
Sep-2026,MAMU MAKASSAR,CHINOS MAMU,CHINOS BLACK M,224664,8,0,0,112332,898656,1123320
Okt-2026,MAMU MAKASSAR,CHINOS MAMU,CHINOS BLACK M,224664,15,0,0,112332,1684980,898656
Feb-2026,MAMU MAKASSAR,CHINOS MAMU,CHINOS BLACK S,112332,29,0,0,112332,3257628,0
Mar-2026,MAMU MAKASSAR,CHINOS MAMU,CHINOS BLACK S,2021976,14,0,0,112332,1572648,3257628
Apr-2026,MAMU MAKASSAR,CHINOS MAMU,CHINOS BLACK S,336996,8,0,0,112332,898656,1572648
Mei-2026,MAMU MAKASSAR,CHINOS MAMU,CHINOS BLACK S,673992,3,0,0,112332,336996,898656
Jun-2026,MAMU MAKASSAR,CHINOS MAMU,CHINOS BLACK S,112332,11,0,0,112332,1235652,336996
Jul-2026,MAMU MAKASSAR,CHINOS MAMU,CHINOS BLACK S,224788,10,0,0,112332,1123320,1235652
Agu-2026,MAMU MAKASSAR,CHINOS MAMU,CHINOS BLACK S,337182,7,0,0,112332,786324,1123320
Sep-2026,MAMU MAKASSAR,CHINOS MAMU,CHINOS BLACK S,224788,5,0,0,112332,561660,786324
Okt-2026,MAMU MAKASSAR,CHINOS MAMU,CHINOS BLACK S,0,9,0,0,112332,1010988,561660
Feb-2026,MAMU MAKASSAR,CHINOS MAMU,CHINOS BLACK XL,112332,4,0,0,112332,449328,0
Mar-2026,MAMU MAKASSAR,CHINOS MAMU,CHINOS BLACK XL,449328,0,0,0,112332,0,449328
Jun-2026,MAMU MAKASSAR,CHINOS MAMU,CHINOS BLACK XL,224800,8,0,0,112332,898656,0
Jul-2026,MAMU MAKASSAR,CHINOS MAMU,CHINOS BLACK XL,562000,5,0,0,112332,561660,898656
Agu-2026,MAMU MAKASSAR,CHINOS MAMU,CHINOS BLACK XL,337200,4,0,0,112332,449328,561660
Sep-2026,MAMU MAKASSAR,CHINOS MAMU,CHINOS BLACK XL,224800,5,0,0,112332,561660,449328
Okt-2026,MAMU MAKASSAR,CHINOS MAMU,CHINOS BLACK XL,337200,3,0,0,112332,336996,561660
Mar-2026,MAMU MAKASSAR,CHINOS MAMU,CHINOS BROWN SUGAR L,898656,5,0,0,219000,1095000,0
Apr-2026,MAMU MAKASSAR,CHINOS MAMU,CHINOS BROWN SUGAR L,0,7,0,0,219000,1533000,1095000
Mei-2026,MAMU MAKASSAR,CHINOS MAMU,CHINOS BROWN SUGAR L,112332,6,0,0,219000,1314000,1533000
Jun-2026,MAMU MAKASSAR,CHINOS MAMU,CHINOS BROWN SUGAR L,336996,3,0,0,219000,657000,1314000
Jul-2026,MAMU MAKASSAR,CHINOS MAMU,CHINOS BROWN SUGAR L,112332,2,0,0,219000,438000,657000
Agu-2026,MAMU MAKASSAR,CHINOS MAMU,CHINOS BROWN SUGAR L,168498,2,0,0,219000,438000,438000
Sep-2026,MAMU MAKASSAR,CHINOS MAMU,CHINOS BROWN SUGAR L,0,1,0,0,219000,219000,438000
Okt-2026,MAMU MAKASSAR,CHINOS MAMU,CHINOS BROWN SUGAR L,0,1,0,0,219000,219000,219000
Mar-2026,MAMU MAKASSAR,CHINOS MAMU,CHINOS BROWN SUGAR M,112332,45,0,0,219000,9855000,0
Apr-2026,MAMU MAKASSAR,CHINOS MAMU,CHINOS BROWN SUGAR M,336996,39,0,0,219000,8541000,9855000
Mei-2026,MAMU MAKASSAR,CHINOS MAMU,CHINOS BROWN SUGAR M,0,10,0,0,219000,2190000,8541000
Jun-2026,MAMU MAKASSAR,CHINOS MAMU,CHINOS BROWN SUGAR M,224664,8,0,0,219000,1752000,2190000
Jul-2026,MAMU MAKASSAR,CHINOS MAMU,CHINOS BROWN SUGAR M,224664,11,0,0,219000,2409000,1752000
Agu-2026,MAMU MAKASSAR,CHINOS MAMU,CHINOS BROWN SUGAR M,0,10,0,0,219000,2190000,2409000
Sep-2026,MAMU MAKASSAR,CHINOS MAMU,CHINOS BROWN SUGAR M,224664,8,0,0,219000,1752000,2190000
Okt-2026,MAMU MAKASSAR,CHINOS MAMU,CHINOS BROWN SUGAR M,112332,7,0,0,219000,1533000,1752000
Mar-2026,MAMU MAKASSAR,CHINOS MAMU,CHINOS BROWN SUGAR S,224664,22,0,0,219000,4818000,0
Apr-2026,MAMU MAKASSAR,CHINOS MAMU,CHINOS BROWN SUGAR S,0,18,0,0,219000,3942000,4818000
Mei-2026,MAMU MAKASSAR,CHINOS MAMU,CHINOS BROWN SUGAR S,112332,9,0,0,219000,1971000,3942000
Jun-2026,MAMU MAKASSAR,CHINOS MAMU,CHINOS BROWN SUGAR S,112332,8,0,0,219000,1752000,1971000
Jul-2026,MAMU MAKASSAR,CHINOS MAMU,CHINOS BROWN SUGAR S,112332,11,0,0,219000,2409000,1752000
Agu-2026,MAMU MAKASSAR,CHINOS MAMU,CHINOS BROWN SUGAR S,0,10,0,0,219000,2190000,2409000
Sep-2026,MAMU MAKASSAR,CHINOS MAMU,CHINOS BROWN SUGAR S,112332,9,0,0,219000,1971000,2190000
Okt-2026,MAMU MAKASSAR,CHINOS MAMU,CHINOS BROWN SUGAR S,0,9,0,0,219000,1971000,1971000
Mar-2026,MAMU MAKASSAR,CHINOS MAMU,CHINOS BROWN SUGAR XL,112332,1,0,0,219000,219000,0
Apr-2026,MAMU MAKASSAR,CHINOS MAMU,CHINOS BROWN SUGAR XL,0,2,0,0,219000,438000,219000
Mei-2026,MAMU MAKASSAR,CHINOS MAMU,CHINOS BROWN SUGAR XL,0,2,0,0,219000,438000,438000
Jun-2026,MAMU MAKASSAR,CHINOS MAMU,CHINOS BROWN SUGAR XL,224664,0,0,0,219000,0,438000
Feb-2026,MAMU MAKASSAR,CHINOS MAMU,CHINOS CREAM L,112332,12,0,0,112332,1347984,0
Mar-2026,MAMU MAKASSAR,CHINOS MAMU,CHINOS CREAM L,1123320,1,0,0,112332,112332,1347984
Apr-2026,MAMU MAKASSAR,CHINOS MAMU,CHINOS CREAM L,0,0,0,0,112332,0,112332
Jun-2026,MAMU MAKASSAR,CHINOS MAMU,CHINOS CREAM L,112400,9,0,0,112332,1010988,0
Jul-2026,MAMU MAKASSAR,CHINOS MAMU,CHINOS CREAM L,224800,10,0,0,112332,1123320,1010988
Agu-2026,MAMU MAKASSAR,CHINOS MAMU,CHINOS CREAM L,337200,7,0,0,112332,786324,1123320
Sep-2026,MAMU MAKASSAR,CHINOS MAMU,CHINOS CREAM L,337200,4,0,0,112332,449328,786324
Okt-2026,MAMU MAKASSAR,CHINOS MAMU,CHINOS CREAM L,0,4,0,0,112332,449328,449328
Feb-2026,MAMU MAKASSAR,CHINOS MAMU,CHINOS CREAM M,0,30,0,0,112332,3369960,0
Mar-2026,MAMU MAKASSAR,CHINOS MAMU,CHINOS CREAM M,1460316,21,0,0,112332,2358972,3369960
Apr-2026,MAMU MAKASSAR,CHINOS MAMU,CHINOS CREAM M,112332,18,0,0,112332,2021976,2358972
Mei-2026,MAMU MAKASSAR,CHINOS MAMU,CHINOS CREAM M,112332,15,0,0,112332,1684980,2021976
Jun-2026,MAMU MAKASSAR,CHINOS MAMU,CHINOS CREAM M,217175,14,0,0,112332,1572648,1684980
Jul-2026,MAMU MAKASSAR,CHINOS MAMU,CHINOS CREAM M,104843,13,0,0,112332,1460316,1572648
Agu-2026,MAMU MAKASSAR,CHINOS MAMU,CHINOS CREAM M,0,13,0,0,112332,1460316,1460316
Sep-2026,MAMU MAKASSAR,CHINOS MAMU,CHINOS CREAM M,104843,11,0,0,112332,1235652,1460316
Okt-2026,MAMU MAKASSAR,CHINOS MAMU,CHINOS CREAM M,419372,7,0,0,112332,786324,1235652
Feb-2026,MAMU MAKASSAR,CHINOS MAMU,CHINOS CREAM S,112332,19,0,0,112332,2134308,0
Mar-2026,MAMU MAKASSAR,CHINOS MAMU,CHINOS CREAM S,1235652,8,0,0,112332,898656,2134308
Apr-2026,MAMU MAKASSAR,CHINOS MAMU,CHINOS CREAM S,449328,2,0,0,112332,224664,898656
Mei-2026,MAMU MAKASSAR,CHINOS MAMU,CHINOS CREAM S,0,1,0,0,112332,112332,224664
Jun-2026,MAMU MAKASSAR,CHINOS MAMU,CHINOS CREAM S,0,10,0,0,112332,1123320,112332
Jul-2026,MAMU MAKASSAR,CHINOS MAMU,CHINOS CREAM S,112400,10,0,0,112332,1123320,1123320
Agu-2026,MAMU MAKASSAR,CHINOS MAMU,CHINOS CREAM S,449600,6,0,0,112332,673992,1123320
Sep-2026,MAMU MAKASSAR,CHINOS MAMU,CHINOS CREAM S,337200,5,0,0,112332,561660,673992
Okt-2026,MAMU MAKASSAR,CHINOS MAMU,CHINOS CREAM S,112400,8,0,0,112332,898656,561660
Feb-2026,MAMU MAKASSAR,CHINOS MAMU,CHINOS CREAM XL,0,3,0,0,112332,336996,0
Mar-2026,MAMU MAKASSAR,CHINOS MAMU,CHINOS CREAM XL,224664,0,0,0,112332,0,336996
Apr-2026,MAMU MAKASSAR,CHINOS MAMU,CHINOS CREAM XL,0,1,0,0,112332,112332,0
Mei-2026,MAMU MAKASSAR,CHINOS MAMU,CHINOS CREAM XL,112332,0,0,0,112332,0,112332
Jun-2026,MAMU MAKASSAR,CHINOS MAMU,CHINOS CREAM XL,224800,8,0,0,112332,898656,0
Jul-2026,MAMU MAKASSAR,CHINOS MAMU,CHINOS CREAM XL,224800,9,0,0,112332,1010988,898656
Agu-2026,MAMU MAKASSAR,CHINOS MAMU,CHINOS CREAM XL,224800,7,0,0,112332,786324,1010988
Sep-2026,MAMU MAKASSAR,CHINOS MAMU,CHINOS CREAM XL,112400,5,0,0,112332,561660,786324
Okt-2026,MAMU MAKASSAR,CHINOS MAMU,CHINOS CREAM XL,112400,4,0,0,112332,449328,561660
Mar-2026,MAMU MAKASSAR,CHINOS MAMU,CHINOS DARK GREY L,112332,12,0,0,112332,1347984,0
Apr-2026,MAMU MAKASSAR,CHINOS MAMU,CHINOS DARK GREY L,0,9,0,0,112332,1010988,1347984
Mei-2026,MAMU MAKASSAR,CHINOS MAMU,CHINOS DARK GREY L,336996,6,0,0,112332,673992,1010988
Jun-2026,MAMU MAKASSAR,CHINOS MAMU,CHINOS DARK GREY L,192570,5,0,0,112332,561660,673992
Jul-2026,MAMU MAKASSAR,CHINOS MAMU,CHINOS DARK GREY L,385140,1,0,0,112332,112332,561660
Agu-2026,MAMU MAKASSAR,CHINOS MAMU,CHINOS DARK GREY L,0,0,0,0,112332,0,112332
Mar-2026,MAMU MAKASSAR,CHINOS MAMU,CHINOS DARK GREY M,0,43,0,0,112332,4830276,0
Apr-2026,MAMU MAKASSAR,CHINOS MAMU,CHINOS DARK GREY M,0,43,0,0,112332,4830276,4830276
Mei-2026,MAMU MAKASSAR,CHINOS MAMU,CHINOS DARK GREY M,224664,8,0,0,112332,898656,4830276
Jun-2026,MAMU MAKASSAR,CHINOS MAMU,CHINOS DARK GREY M,224664,6,0,0,112332,673992,898656
Jul-2026,MAMU MAKASSAR,CHINOS MAMU,CHINOS DARK GREY M,112332,6,0,0,112332,673992,673992
Agu-2026,MAMU MAKASSAR,CHINOS MAMU,CHINOS DARK GREY M,224664,4,0,0,112332,449328,673992
Sep-2026,MAMU MAKASSAR,CHINOS MAMU,CHINOS DARK GREY M,224664,3,0,0,112332,336996,449328
Okt-2026,MAMU MAKASSAR,CHINOS MAMU,CHINOS DARK GREY M,0,8,0,0,112332,898656,336996
Mar-2026,MAMU MAKASSAR,CHINOS MAMU,CHINOS DARK GREY S,336996,22,0,0,112332,2471304,0
Apr-2026,MAMU MAKASSAR,CHINOS MAMU,CHINOS DARK GREY S,0,19,0,0,112332,2134308,2471304
Mei-2026,MAMU MAKASSAR,CHINOS MAMU,CHINOS DARK GREY S,224664,8,0,0,112332,898656,2134308
Jun-2026,MAMU MAKASSAR,CHINOS MAMU,CHINOS DARK GREY S,224664,6,0,0,112332,673992,898656
Jul-2026,MAMU MAKASSAR,CHINOS MAMU,CHINOS DARK GREY S,336996,5,0,0,112332,561660,673992
Agu-2026,MAMU MAKASSAR,CHINOS MAMU,CHINOS DARK GREY S,224664,1,0,0,112332,112332,561660
Sep-2026,MAMU MAKASSAR,CHINOS MAMU,CHINOS DARK GREY S,224664,3,0,0,112332,336996,112332
Okt-2026,MAMU MAKASSAR,CHINOS MAMU,CHINOS DARK GREY S,112332,3,0,0,112332,336996,336996
Mar-2026,MAMU MAKASSAR,CHINOS MAMU,CHINOS DARK GREY XL,224664,1,0,0,112332,112332,0
Apr-2026,MAMU MAKASSAR,CHINOS MAMU,CHINOS DARK GREY XL,0,1,0,0,112332,112332,112332
Mei-2026,MAMU MAKASSAR,CHINOS MAMU,CHINOS DARK GREY XL,112332,0,0,0,112332,0,112332
Feb-2026,MAMU PALOPO,CHINOS MAMU,CHINOS ARMY L,0,5,0,0,112332,561660,0
Mar-2026,MAMU PALOPO,CHINOS MAMU,CHINOS ARMY L,0,5,0,0,112332,561660,561660
Apr-2026,MAMU PALOPO,CHINOS MAMU,CHINOS ARMY L,112332,5,0,0,112332,561660,561660
Mei-2026,MAMU PALOPO,CHINOS MAMU,CHINOS ARMY L,112332,3,0,0,112332,336996,561660
Jun-2026,MAMU PALOPO,CHINOS MAMU,CHINOS ARMY L,112332,2,0,0,112332,224664,336996
Jul-2026,MAMU PALOPO,CHINOS MAMU,CHINOS ARMY L,0,2,0,0,112332,224664,224664
Agu-2026,MAMU PALOPO,CHINOS MAMU,CHINOS ARMY L,0,2,0,0,112332,224664,224664
Sep-2026,MAMU PALOPO,CHINOS MAMU,CHINOS ARMY L,0,2,0,0,112332,224664,224664
Okt-2026,MAMU PALOPO,CHINOS MAMU,CHINOS ARMY L,0,2,0,0,112332,224664,224664
Feb-2026,MAMU PALOPO,CHINOS MAMU,CHINOS ARMY M,0,3,0,0,112332,336996,0
Mar-2026,MAMU PALOPO,CHINOS MAMU,CHINOS ARMY M,0,3,0,0,112332,336996,336996
Apr-2026,MAMU PALOPO,CHINOS MAMU,CHINOS ARMY M,0,3,0,0,112332,336996,336996
Mei-2026,MAMU PALOPO,CHINOS MAMU,CHINOS ARMY M,0,3,0,0,112332,336996,336996
Jun-2026,MAMU PALOPO,CHINOS MAMU,CHINOS ARMY M,0,3,0,0,112332,336996,336996
Jul-2026,MAMU PALOPO,CHINOS MAMU,CHINOS ARMY M,0,3,0,0,112332,336996,336996
Agu-2026,MAMU PALOPO,CHINOS MAMU,CHINOS ARMY M,0,3,0,0,112332,336996,336996
Sep-2026,MAMU PALOPO,CHINOS MAMU,CHINOS ARMY M,0,3,0,0,112332,336996,336996
Okt-2026,MAMU PALOPO,CHINOS MAMU,CHINOS ARMY M,0,3,0,0,112332,336996,336996
Feb-2026,MAMU PALOPO,CHINOS MAMU,CHINOS ARMY S,0,3,0,0,112332,336996,0
Mar-2026,MAMU PALOPO,CHINOS MAMU,CHINOS ARMY S,112332,2,0,0,112332,224664,336996
Apr-2026,MAMU PALOPO,CHINOS MAMU,CHINOS ARMY S,112332,1,0,0,112332,112332,224664
Mei-2026,MAMU PALOPO,CHINOS MAMU,CHINOS ARMY S,0,1,0,0,112332,112332,112332
Jun-2026,MAMU PALOPO,CHINOS MAMU,CHINOS ARMY S,0,1,0,0,112332,112332,112332
Jul-2026,MAMU PALOPO,CHINOS MAMU,CHINOS ARMY S,0,1,0,0,112332,112332,112332
Agu-2026,MAMU PALOPO,CHINOS MAMU,CHINOS ARMY S,0,1,0,0,112332,112332,112332
Sep-2026,MAMU PALOPO,CHINOS MAMU,CHINOS ARMY S,112332,0,0,0,112332,0,112332
Feb-2026,MAMU PALOPO,CHINOS MAMU,CHINOS BLACK L,0,5,0,0,112332,561660,0
Mar-2026,MAMU PALOPO,CHINOS MAMU,CHINOS BLACK L,449328,1,0,0,112332,112332,561660
Apr-2026,MAMU PALOPO,CHINOS MAMU,CHINOS BLACK L,0,1,0,0,112332,112332,112332
Mei-2026,MAMU PALOPO,CHINOS MAMU,CHINOS BLACK L,0,1,0,0,112332,112332,112332
Jun-2026,MAMU PALOPO,CHINOS MAMU,CHINOS BLACK L,112332,0,0,0,112332,0,112332
Agu-2026,MAMU PALOPO,CHINOS MAMU,CHINOS BLACK L,0,5,0,0,112332,561660,0
Sep-2026,MAMU PALOPO,CHINOS MAMU,CHINOS BLACK L,0,5,0,0,112332,561660,561660
Okt-2026,MAMU PALOPO,CHINOS MAMU,CHINOS BLACK L,0,5,0,0,112332,561660,561660
Feb-2026,MAMU PALOPO,CHINOS MAMU,CHINOS BLACK M,0,3,0,0,112332,336996,0
Mar-2026,MAMU PALOPO,CHINOS MAMU,CHINOS BLACK M,336996,0,0,0,112332,0,336996
Agu-2026,MAMU PALOPO,CHINOS MAMU,CHINOS BLACK M,112375,5,0,0,112332,561660,0
Sep-2026,MAMU PALOPO,CHINOS MAMU,CHINOS BLACK M,0,5,0,0,112332,561660,561660
Okt-2026,MAMU PALOPO,CHINOS MAMU,CHINOS BLACK M,112375,4,0,0,112332,449328,561660
Feb-2026,MAMU PALOPO,CHINOS MAMU,CHINOS BLACK S,0,3,0,0,112332,336996,0
Mar-2026,MAMU PALOPO,CHINOS MAMU,CHINOS BLACK S,112332,2,0,0,112332,224664,336996
Apr-2026,MAMU PALOPO,CHINOS MAMU,CHINOS BLACK S,0,2,0,0,112332,224664,224664
Mei-2026,MAMU PALOPO,CHINOS MAMU,CHINOS BLACK S,0,2,0,0,112332,224664,224664
Jun-2026,MAMU PALOPO,CHINOS MAMU,CHINOS BLACK S,0,2,0,0,112332,224664,224664
Jul-2026,MAMU PALOPO,CHINOS MAMU,CHINOS BLACK S,0,2,0,0,112332,224664,224664
Agu-2026,MAMU PALOPO,CHINOS MAMU,CHINOS BLACK S,0,5,0,0,112332,561660,224664
Sep-2026,MAMU PALOPO,CHINOS MAMU,CHINOS BLACK S,0,5,0,0,112332,561660,561660
Okt-2026,MAMU PALOPO,CHINOS MAMU,CHINOS BLACK S,0,5,0,0,112332,561660,561660
Feb-2026,MAMU PALOPO,CHINOS MAMU,CHINOS BLACK XL,0,1,0,0,112332,112332,0
Mar-2026,MAMU PALOPO,CHINOS MAMU,CHINOS BLACK XL,112332,0,0,0,112332,0,112332
Agu-2026,MAMU PALOPO,CHINOS MAMU,CHINOS BLACK XL,0,5,0,0,112332,561660,0
Sep-2026,MAMU PALOPO,CHINOS MAMU,CHINOS BLACK XL,0,5,0,0,112332,561660,561660
Okt-2026,MAMU PALOPO,CHINOS MAMU,CHINOS BLACK XL,0,5,0,0,112332,561660,561660
Feb-2026,MAMU PALOPO,CHINOS MAMU,CHINOS CREAM L,0,4,0,0,112332,449328,0
Mar-2026,MAMU PALOPO,CHINOS MAMU,CHINOS CREAM L,224664,2,0,0,112332,224664,449328
Apr-2026,MAMU PALOPO,CHINOS MAMU,CHINOS CREAM L,0,3,0,0,112332,336996,224664
Mei-2026,MAMU PALOPO,CHINOS MAMU,CHINOS CREAM L,112332,2,0,0,112332,224664,336996
Jun-2026,MAMU PALOPO,CHINOS MAMU,CHINOS CREAM L,0,2,0,0,112332,224664,224664
Jul-2026,MAMU PALOPO,CHINOS MAMU,CHINOS CREAM L,112332,2,0,0,112332,224664,224664
Agu-2026,MAMU PALOPO,CHINOS MAMU,CHINOS CREAM L,0,5,0,0,112332,561660,224664
Sep-2026,MAMU PALOPO,CHINOS MAMU,CHINOS CREAM L,224746,3,0,0,112332,336996,561660
Okt-2026,MAMU PALOPO,CHINOS MAMU,CHINOS CREAM L,0,3,0,0,112332,336996,336996
Feb-2026,MAMU PALOPO,CHINOS MAMU,CHINOS CREAM M,0,3,0,0,112332,336996,0
Mar-2026,MAMU PALOPO,CHINOS MAMU,CHINOS CREAM M,112332,2,0,0,112332,224664,336996
Apr-2026,MAMU PALOPO,CHINOS MAMU,CHINOS CREAM M,0,1,0,0,112332,112332,224664
Mei-2026,MAMU PALOPO,CHINOS MAMU,CHINOS CREAM M,112332,0,0,0,112332,0,112332
Agu-2026,MAMU PALOPO,CHINOS MAMU,CHINOS CREAM M,0,5,0,0,112332,561660,0
Sep-2026,MAMU PALOPO,CHINOS MAMU,CHINOS CREAM M,223856,3,0,0,112332,336996,561660
Okt-2026,MAMU PALOPO,CHINOS MAMU,CHINOS CREAM M,0,3,0,0,112332,336996,336996
Feb-2026,MAMU PALOPO,CHINOS MAMU,CHINOS CREAM S,0,3,0,0,112332,336996,0
Mar-2026,MAMU PALOPO,CHINOS MAMU,CHINOS CREAM S,224664,1,0,0,112332,112332,336996
Apr-2026,MAMU PALOPO,CHINOS MAMU,CHINOS CREAM S,112332,0,0,0,112332,0,112332
Agu-2026,MAMU PALOPO,CHINOS MAMU,CHINOS CREAM S,0,5,0,0,112332,561660,0
Sep-2026,MAMU PALOPO,CHINOS MAMU,CHINOS CREAM S,112400,4,0,0,112332,449328,561660
Okt-2026,MAMU PALOPO,CHINOS MAMU,CHINOS CREAM S,0,4,0,0,112332,449328,449328
Feb-2026,MAMU PALOPO,CHINOS MAMU,CHINOS CREAM XL,0,1,0,0,112332,112332,0
Mar-2026,MAMU PALOPO,CHINOS MAMU,CHINOS CREAM XL,0,1,0,0,112332,112332,112332
Apr-2026,MAMU PALOPO,CHINOS MAMU,CHINOS CREAM XL,0,1,0,0,112332,112332,112332
Mei-2026,MAMU PALOPO,CHINOS MAMU,CHINOS CREAM XL,112332,0,0,0,112332,0,112332
Agu-2026,MAMU PALOPO,CHINOS MAMU,CHINOS CREAM XL,0,5,0,0,112332,561660,0
Sep-2026,MAMU PALOPO,CHINOS MAMU,CHINOS CREAM XL,0,5,0,0,112332,561660,561660
Okt-2026,MAMU PALOPO,CHINOS MAMU,CHINOS CREAM XL,0,5,0,0,112332,561660,561660
Mar-2026,MAMU TSM,CHINOS MAMU,CHINOS ARMY L,112332,1,0,0,112332,112332,0
Apr-2026,MAMU TSM,CHINOS MAMU,CHINOS ARMY L,0,0,0,0,112332,0,112332
Mar-2026,MAMU TSM,CHINOS MAMU,CHINOS ARMY M,0,1,0,0,112332,112332,0
Apr-2026,MAMU TSM,CHINOS MAMU,CHINOS ARMY M,0,0,0,0,112332,0,112332
Mar-2026,MAMU TSM,CHINOS MAMU,CHINOS ARMY S,224664,0,0,0,112332,0,0
Mar-2026,MAMU TSM,CHINOS MAMU,CHINOS ARMY XL,112332,0,0,0,112332,0,0
Mar-2026,MAMU TSM,CHINOS MAMU,CHINOS BLACK L,0,1,0,0,112332,112332,0
Apr-2026,MAMU TSM,CHINOS MAMU,CHINOS BLACK L,112332,0,0,0,112332,0,112332
Mar-2026,MAMU TSM,CHINOS MAMU,CHINOS BLACK M,112332,1,0,0,112332,112332,0
Apr-2026,MAMU TSM,CHINOS MAMU,CHINOS BLACK M,112332,0,0,0,112332,0,112332
Mar-2026,MAMU TSM,CHINOS MAMU,CHINOS BLACK S,224664,0,0,0,112332,0,0
Mar-2026,MAMU TSM,CHINOS MAMU,CHINOS BROWN SUGAR L,0,1,0,0,219000,219000,0
Apr-2026,MAMU TSM,CHINOS MAMU,CHINOS BROWN SUGAR L,0,0,0,0,219000,0,219000
Mar-2026,MAMU TSM,CHINOS MAMU,CHINOS BROWN SUGAR M,0,1,0,0,219000,219000,0
Apr-2026,MAMU TSM,CHINOS MAMU,CHINOS BROWN SUGAR M,0,0,0,0,219000,0,219000
Mar-2026,MAMU TSM,CHINOS MAMU,CHINOS BROWN SUGAR S,0,1,0,0,219000,219000,0
Apr-2026,MAMU TSM,CHINOS MAMU,CHINOS BROWN SUGAR S,0,0,0,0,219000,0,219000
Mar-2026,MAMU TSM,CHINOS MAMU,CHINOS BROWN SUGAR XL,0,1,0,0,219000,219000,0
Apr-2026,MAMU TSM,CHINOS MAMU,CHINOS BROWN SUGAR XL,0,0,0,0,219000,0,219000
Mar-2026,MAMU TSM,CHINOS MAMU,CHINOS CREAM L,112332,0,0,0,112332,0,0
Mar-2026,MAMU TSM,CHINOS MAMU,CHINOS CREAM M,0,1,0,0,112332,112332,0
Apr-2026,MAMU TSM,CHINOS MAMU,CHINOS CREAM M,0,0,0,0,112332,0,112332
Mar-2026,MAMU TSM,CHINOS MAMU,CHINOS CREAM S,112332,0,0,0,112332,0,0
Mar-2026,MAMU TSM,CHINOS MAMU,CHINOS CREAM XL,0,1,0,0,112332,112332,0
Apr-2026,MAMU TSM,CHINOS MAMU,CHINOS CREAM XL,0,0,0,0,112332,0,112332
Mar-2026,MAMU TSM,CHINOS MAMU,CHINOS DARK GREY L,0,1,0,0,112332,112332,0
Apr-2026,MAMU TSM,CHINOS MAMU,CHINOS DARK GREY L,112332,0,0,0,112332,0,112332
Mar-2026,MAMU TSM,CHINOS MAMU,CHINOS DARK GREY M,112332,1,0,0,112332,112332,0
Apr-2026,MAMU TSM,CHINOS MAMU,CHINOS DARK GREY M,112332,0,0,0,112332,0,112332
Mar-2026,MAMU TSM,CHINOS MAMU,CHINOS DARK GREY S,0,2,0,0,112332,224664,0
Apr-2026,MAMU TSM,CHINOS MAMU,CHINOS DARK GREY S,0,0,0,0,112332,0,224664
Mar-2026,MAMU TSM,CHINOS MAMU,CHINOS DARK GREY XL,112332,0,0,0,112332,0,0
Feb-2026,TIGALAPANKAOS BONE,CHINOS MAMU,CHINOS ARMY L,0,5,0,0,112332,561660,0
Mar-2026,TIGALAPANKAOS BONE,CHINOS MAMU,CHINOS ARMY L,112332,4,0,0,112332,449328,561660
Apr-2026,TIGALAPANKAOS BONE,CHINOS MAMU,CHINOS ARMY L,0,4,0,0,112332,449328,449328
Mei-2026,TIGALAPANKAOS BONE,CHINOS MAMU,CHINOS ARMY L,0,4,0,0,112332,449328,449328
Jun-2026,TIGALAPANKAOS BONE,CHINOS MAMU,CHINOS ARMY L,0,4,0,0,112332,449328,449328
Jul-2026,TIGALAPANKAOS BONE,CHINOS MAMU,CHINOS ARMY L,0,4,0,0,112332,449328,449328
Agu-2026,TIGALAPANKAOS BONE,CHINOS MAMU,CHINOS ARMY L,112332,3,0,0,112332,336996,449328
Sep-2026,TIGALAPANKAOS BONE,CHINOS MAMU,CHINOS ARMY L,224664,1,0,0,112332,112332,336996
Okt-2026,TIGALAPANKAOS BONE,CHINOS MAMU,CHINOS ARMY L,112332,0,0,0,112332,0,112332
Feb-2026,TIGALAPANKAOS BONE,CHINOS MAMU,CHINOS ARMY M,0,3,0,0,112332,336996,0
Mar-2026,TIGALAPANKAOS BONE,CHINOS MAMU,CHINOS ARMY M,224664,1,0,0,112332,112332,336996
Apr-2026,TIGALAPANKAOS BONE,CHINOS MAMU,CHINOS ARMY M,0,1,0,0,112332,112332,112332
Mei-2026,TIGALAPANKAOS BONE,CHINOS MAMU,CHINOS ARMY M,112332,1,0,0,112332,112332,112332
Jun-2026,TIGALAPANKAOS BONE,CHINOS MAMU,CHINOS ARMY M,0,0,0,0,112332,0,112332
Feb-2026,TIGALAPANKAOS BONE,CHINOS MAMU,CHINOS ARMY S,0,3,0,0,112332,336996,0
Mar-2026,TIGALAPANKAOS BONE,CHINOS MAMU,CHINOS ARMY S,224664,1,0,0,112332,112332,336996
Apr-2026,TIGALAPANKAOS BONE,CHINOS MAMU,CHINOS ARMY S,0,1,0,0,112332,112332,112332
Mei-2026,TIGALAPANKAOS BONE,CHINOS MAMU,CHINOS ARMY S,112332,0,0,0,112332,0,112332
Feb-2026,TIGALAPANKAOS BONE,CHINOS MAMU,CHINOS BLACK L,0,5,0,0,112332,561660,0
Mar-2026,TIGALAPANKAOS BONE,CHINOS MAMU,CHINOS BLACK L,336996,2,0,0,112332,224664,561660
Apr-2026,TIGALAPANKAOS BONE,CHINOS MAMU,CHINOS BLACK L,0,2,0,0,112332,224664,224664
Mei-2026,TIGALAPANKAOS BONE,CHINOS MAMU,CHINOS BLACK L,112332,1,0,0,112332,112332,224664
Jun-2026,TIGALAPANKAOS BONE,CHINOS MAMU,CHINOS BLACK L,112332,0,0,0,112332,0,112332
Feb-2026,TIGALAPANKAOS BONE,CHINOS MAMU,CHINOS BLACK M,0,3,0,0,112332,336996,0
Mar-2026,TIGALAPANKAOS BONE,CHINOS MAMU,CHINOS BLACK M,0,4,0,0,112332,449328,336996
Apr-2026,TIGALAPANKAOS BONE,CHINOS MAMU,CHINOS BLACK M,0,4,0,0,112332,449328,449328
Mei-2026,TIGALAPANKAOS BONE,CHINOS MAMU,CHINOS BLACK M,112332,4,0,0,112332,449328,449328
Jun-2026,TIGALAPANKAOS BONE,CHINOS MAMU,CHINOS BLACK M,0,3,0,0,112332,336996,449328
Jul-2026,TIGALAPANKAOS BONE,CHINOS MAMU,CHINOS BLACK M,0,3,0,0,112332,336996,336996
Agu-2026,TIGALAPANKAOS BONE,CHINOS MAMU,CHINOS BLACK M,112358,5,0,0,112332,561660,336996
Sep-2026,TIGALAPANKAOS BONE,CHINOS MAMU,CHINOS BLACK M,224722,4,0,0,112332,449328,561660
Okt-2026,TIGALAPANKAOS BONE,CHINOS MAMU,CHINOS BLACK M,0,6,0,0,112332,673992,449328
Feb-2026,TIGALAPANKAOS BONE,CHINOS MAMU,CHINOS BLACK S,0,3,0,0,112332,336996,0
Mar-2026,TIGALAPANKAOS BONE,CHINOS MAMU,CHINOS BLACK S,224664,0,0,0,112332,0,336996
Agu-2026,TIGALAPANKAOS BONE,CHINOS MAMU,CHINOS BLACK S,0,6,0,0,112332,673992,0
Sep-2026,TIGALAPANKAOS BONE,CHINOS MAMU,CHINOS BLACK S,93667,5,0,0,112332,561660,673992
Okt-2026,TIGALAPANKAOS BONE,CHINOS MAMU,CHINOS BLACK S,0,5,0,0,112332,561660,561660
Feb-2026,TIGALAPANKAOS BONE,CHINOS MAMU,CHINOS BLACK XL,0,1,0,0,112332,112332,0
Mar-2026,TIGALAPANKAOS BONE,CHINOS MAMU,CHINOS BLACK XL,112332,0,0,0,112332,0,112332
Okt-2026,TIGALAPANKAOS BONE,CHINOS MAMU,CHINOS BLACK XL,0,2,0,0,112332,224664,0
Okt-2026,TIGALAPANKAOS BONE,CHINOS MAMU,CHINOS BROWN SUGAR M,112332,1,0,0,219000,219000,0
Feb-2026,TIGALAPANKAOS BONE,CHINOS MAMU,CHINOS CREAM L,0,5,0,0,112332,561660,0
Mar-2026,TIGALAPANKAOS BONE,CHINOS MAMU,CHINOS CREAM L,112332,4,0,0,112332,449328,561660
Apr-2026,TIGALAPANKAOS BONE,CHINOS MAMU,CHINOS CREAM L,0,4,0,0,112332,449328,449328
Mei-2026,TIGALAPANKAOS BONE,CHINOS MAMU,CHINOS CREAM L,0,4,0,0,112332,449328,449328
Jun-2026,TIGALAPANKAOS BONE,CHINOS MAMU,CHINOS CREAM L,0,4,0,0,112332,449328,449328
Jul-2026,TIGALAPANKAOS BONE,CHINOS MAMU,CHINOS CREAM L,112332,4,0,0,112332,449328,449328
Agu-2026,TIGALAPANKAOS BONE,CHINOS MAMU,CHINOS CREAM L,224664,3,0,0,112332,336996,449328
Sep-2026,TIGALAPANKAOS BONE,CHINOS MAMU,CHINOS CREAM L,0,1,0,0,112332,112332,336996
Okt-2026,TIGALAPANKAOS BONE,CHINOS MAMU,CHINOS CREAM L,0,1,0,0,112332,112332,112332
Feb-2026,TIGALAPANKAOS BONE,CHINOS MAMU,CHINOS CREAM M,0,3,0,0,112332,336996,0
Mar-2026,TIGALAPANKAOS BONE,CHINOS MAMU,CHINOS CREAM M,224664,1,0,0,112332,112332,336996
Apr-2026,TIGALAPANKAOS BONE,CHINOS MAMU,CHINOS CREAM M,0,1,0,0,112332,112332,112332
Mei-2026,TIGALAPANKAOS BONE,CHINOS MAMU,CHINOS CREAM M,0,1,0,0,112332,112332,112332
Jun-2026,TIGALAPANKAOS BONE,CHINOS MAMU,CHINOS CREAM M,0,1,0,0,112332,112332,112332
Jul-2026,TIGALAPANKAOS BONE,CHINOS MAMU,CHINOS CREAM M,0,1,0,0,112332,112332,112332
Agu-2026,TIGALAPANKAOS BONE,CHINOS MAMU,CHINOS CREAM M,112332,0,0,0,112332,0,112332
Okt-2026,TIGALAPANKAOS BONE,CHINOS MAMU,CHINOS CREAM S,0,2,0,0,112332,224664,0
Okt-2026,TIGALAPANKAOS BONE,CHINOS MAMU,CHINOS CREAM XL,0,2,0,0,112332,224664,0
Sep-2026,TIGALAPANKAOS BONE,CHINOS MAMU,CHINOS DARK GREY M,0,3,0,0,112332,336996,0
Okt-2026,TIGALAPANKAOS BONE,CHINOS MAMU,CHINOS DARK GREY M,0,3,0,0,112332,336996,336996
Jun-2026,TIGALAPANKAOS MAKASSAR,CHINOS MAMU,CHINOS ARMY M,0,3,0,0,112332,336996,0
Jul-2026,TIGALAPANKAOS MAKASSAR,CHINOS MAMU,CHINOS ARMY M,0,0,0,0,112332,0,336996
Jun-2026,TIGALAPANKAOS MAKASSAR,CHINOS MAMU,CHINOS BLACK L,0,3,0,0,112332,336996,0
Jul-2026,TIGALAPANKAOS MAKASSAR,CHINOS MAMU,CHINOS BLACK L,0,0,0,0,112332,0,336996
Jun-2026,TIGALAPANKAOS MAKASSAR,CHINOS MAMU,CHINOS BLACK M,0,3,0,0,112332,336996,0
Jul-2026,TIGALAPANKAOS MAKASSAR,CHINOS MAMU,CHINOS BLACK M,0,0,0,0,112332,0,336996
Jun-2026,TIGALAPANKAOS MAKASSAR,CHINOS MAMU,CHINOS BROWN SUGAR M,0,5,0,0,219000,1095000,0
Jul-2026,TIGALAPANKAOS MAKASSAR,CHINOS MAMU,CHINOS BROWN SUGAR M,0,0,0,0,219000,0,1095000
Jun-2026,TIGALAPANKAOS MAKASSAR,CHINOS MAMU,CHINOS BROWN SUGAR S,0,3,0,0,219000,657000,0
Jul-2026,TIGALAPANKAOS MAKASSAR,CHINOS MAMU,CHINOS BROWN SUGAR S,0,0,0,0,219000,0,657000
Jun-2026,TIGALAPANKAOS MAKASSAR,CHINOS MAMU,CHINOS CREAM L,0,2,0,0,112332,224664,0
Jul-2026,TIGALAPANKAOS MAKASSAR,CHINOS MAMU,CHINOS CREAM L,0,0,0,0,112332,0,224664
Jun-2026,TIGALAPANKAOS MAKASSAR,CHINOS MAMU,CHINOS CREAM XL,0,2,0,0,112332,224664,0
Jul-2026,TIGALAPANKAOS MAKASSAR,CHINOS MAMU,CHINOS CREAM XL,0,0,0,0,112332,0,224664
Feb-2026,TIGALAPANKAOS MANADO,CHINOS MAMU,CHINOS ARMY L,0,3,0,0,112332,336996,0
Mar-2026,TIGALAPANKAOS MANADO,CHINOS MAMU,CHINOS ARMY L,0,3,0,0,112332,336996,336996
Apr-2026,TIGALAPANKAOS MANADO,CHINOS MAMU,CHINOS ARMY L,0,3,0,0,112332,336996,336996
Mei-2026,TIGALAPANKAOS MANADO,CHINOS MAMU,CHINOS ARMY L,0,1,0,0,112332,112332,336996
Jun-2026,TIGALAPANKAOS MANADO,CHINOS MAMU,CHINOS ARMY L,0,1,0,0,112332,112332,112332
Jul-2026,TIGALAPANKAOS MANADO,CHINOS MAMU,CHINOS ARMY L,0,1,0,0,112332,112332,112332
Agu-2026,TIGALAPANKAOS MANADO,CHINOS MAMU,CHINOS ARMY L,0,1,0,0,112332,112332,112332
Sep-2026,TIGALAPANKAOS MANADO,CHINOS MAMU,CHINOS ARMY L,112332,1,0,0,112332,112332,112332
Okt-2026,TIGALAPANKAOS MANADO,CHINOS MAMU,CHINOS ARMY L,0,0,0,0,112332,0,112332
Feb-2026,TIGALAPANKAOS MANADO,CHINOS MAMU,CHINOS ARMY M,0,3,0,0,112332,336996,0
Mar-2026,TIGALAPANKAOS MANADO,CHINOS MAMU,CHINOS ARMY M,0,3,0,0,112332,336996,336996
Apr-2026,TIGALAPANKAOS MANADO,CHINOS MAMU,CHINOS ARMY M,112332,2,0,0,112332,224664,336996
Mei-2026,TIGALAPANKAOS MANADO,CHINOS MAMU,CHINOS ARMY M,0,2,0,0,112332,224664,224664
Jun-2026,TIGALAPANKAOS MANADO,CHINOS MAMU,CHINOS ARMY M,112332,1,0,0,112332,112332,224664
Jul-2026,TIGALAPANKAOS MANADO,CHINOS MAMU,CHINOS ARMY M,0,1,0,0,112332,112332,112332
Agu-2026,TIGALAPANKAOS MANADO,CHINOS MAMU,CHINOS ARMY M,0,1,0,0,112332,112332,112332
Sep-2026,TIGALAPANKAOS MANADO,CHINOS MAMU,CHINOS ARMY M,0,1,0,0,112332,112332,112332
Okt-2026,TIGALAPANKAOS MANADO,CHINOS MAMU,CHINOS ARMY M,0,1,0,0,112332,112332,112332
Feb-2026,TIGALAPANKAOS MANADO,CHINOS MAMU,CHINOS ARMY S,0,3,0,0,112332,336996,0
Mar-2026,TIGALAPANKAOS MANADO,CHINOS MAMU,CHINOS ARMY S,0,3,0,0,112332,336996,336996
Apr-2026,TIGALAPANKAOS MANADO,CHINOS MAMU,CHINOS ARMY S,0,3,0,0,112332,336996,336996
Mei-2026,TIGALAPANKAOS MANADO,CHINOS MAMU,CHINOS ARMY S,0,3,0,0,112332,336996,336996
Jun-2026,TIGALAPANKAOS MANADO,CHINOS MAMU,CHINOS ARMY S,0,3,0,0,112332,336996,336996
Jul-2026,TIGALAPANKAOS MANADO,CHINOS MAMU,CHINOS ARMY S,0,3,0,0,112332,336996,336996
Agu-2026,TIGALAPANKAOS MANADO,CHINOS MAMU,CHINOS ARMY S,0,3,0,0,112332,336996,336996
Sep-2026,TIGALAPANKAOS MANADO,CHINOS MAMU,CHINOS ARMY S,0,3,0,0,112332,336996,336996
Okt-2026,TIGALAPANKAOS MANADO,CHINOS MAMU,CHINOS ARMY S,0,3,0,0,112332,336996,336996
Feb-2026,TIGALAPANKAOS MANADO,CHINOS MAMU,CHINOS ARMY XL,0,1,0,0,112332,112332,0
Mar-2026,TIGALAPANKAOS MANADO,CHINOS MAMU,CHINOS ARMY XL,0,1,0,0,112332,112332,112332
Apr-2026,TIGALAPANKAOS MANADO,CHINOS MAMU,CHINOS ARMY XL,0,1,0,0,112332,112332,112332
Mei-2026,TIGALAPANKAOS MANADO,CHINOS MAMU,CHINOS ARMY XL,0,1,0,0,112332,112332,112332
Jun-2026,TIGALAPANKAOS MANADO,CHINOS MAMU,CHINOS ARMY XL,0,1,0,0,112332,112332,112332
Jul-2026,TIGALAPANKAOS MANADO,CHINOS MAMU,CHINOS ARMY XL,0,1,0,0,112332,112332,112332
Agu-2026,TIGALAPANKAOS MANADO,CHINOS MAMU,CHINOS ARMY XL,112332,0,0,0,112332,0,112332
Feb-2026,TIGALAPANKAOS MANADO,CHINOS MAMU,CHINOS BLACK L,0,5,0,0,112332,561660,0
Mar-2026,TIGALAPANKAOS MANADO,CHINOS MAMU,CHINOS BLACK L,0,5,0,0,112332,561660,561660
Apr-2026,TIGALAPANKAOS MANADO,CHINOS MAMU,CHINOS BLACK L,0,5,0,0,112332,561660,561660
Mei-2026,TIGALAPANKAOS MANADO,CHINOS MAMU,CHINOS BLACK L,0,5,0,0,112332,561660,561660
Jun-2026,TIGALAPANKAOS MANADO,CHINOS MAMU,CHINOS BLACK L,112332,4,0,0,112332,449328,561660
Jul-2026,TIGALAPANKAOS MANADO,CHINOS MAMU,CHINOS BLACK L,0,4,0,0,112332,449328,449328
Agu-2026,TIGALAPANKAOS MANADO,CHINOS MAMU,CHINOS BLACK L,0,4,0,0,112332,449328,449328
Sep-2026,TIGALAPANKAOS MANADO,CHINOS MAMU,CHINOS BLACK L,0,4,0,0,112332,449328,449328
Okt-2026,TIGALAPANKAOS MANADO,CHINOS MAMU,CHINOS BLACK L,0,4,0,0,112332,449328,449328
Feb-2026,TIGALAPANKAOS MANADO,CHINOS MAMU,CHINOS BLACK M,0,3,0,0,112332,336996,0
Mar-2026,TIGALAPANKAOS MANADO,CHINOS MAMU,CHINOS BLACK M,0,3,0,0,112332,336996,336996
Apr-2026,TIGALAPANKAOS MANADO,CHINOS MAMU,CHINOS BLACK M,0,3,0,0,112332,336996,336996
Mei-2026,TIGALAPANKAOS MANADO,CHINOS MAMU,CHINOS BLACK M,112332,2,0,0,112332,224664,336996
Jun-2026,TIGALAPANKAOS MANADO,CHINOS MAMU,CHINOS BLACK M,0,2,0,0,112332,224664,224664
Jul-2026,TIGALAPANKAOS MANADO,CHINOS MAMU,CHINOS BLACK M,0,2,0,0,112332,224664,224664
Agu-2026,TIGALAPANKAOS MANADO,CHINOS MAMU,CHINOS BLACK M,0,5,0,0,112332,561660,224664
Sep-2026,TIGALAPANKAOS MANADO,CHINOS MAMU,CHINOS BLACK M,0,5,0,0,112332,561660,561660
Okt-2026,TIGALAPANKAOS MANADO,CHINOS MAMU,CHINOS BLACK M,0,5,0,0,112332,561660,561660
Feb-2026,TIGALAPANKAOS MANADO,CHINOS MAMU,CHINOS BLACK S,0,3,0,0,112332,336996,0
Mar-2026,TIGALAPANKAOS MANADO,CHINOS MAMU,CHINOS BLACK S,0,3,0,0,112332,336996,336996
Apr-2026,TIGALAPANKAOS MANADO,CHINOS MAMU,CHINOS BLACK S,112332,2,0,0,112332,224664,336996
Mei-2026,TIGALAPANKAOS MANADO,CHINOS MAMU,CHINOS BLACK S,112332,0,0,0,112332,0,224664
Agu-2026,TIGALAPANKAOS MANADO,CHINOS MAMU,CHINOS BLACK S,0,5,0,0,112332,561660,0
Sep-2026,TIGALAPANKAOS MANADO,CHINOS MAMU,CHINOS BLACK S,0,5,0,0,112332,561660,561660
Okt-2026,TIGALAPANKAOS MANADO,CHINOS MAMU,CHINOS BLACK S,112400,4,0,0,112332,449328,561660
Feb-2026,TIGALAPANKAOS MANADO,CHINOS MAMU,CHINOS BLACK XL,0,1,0,0,112332,112332,0
Mar-2026,TIGALAPANKAOS MANADO,CHINOS MAMU,CHINOS BLACK XL,112332,0,0,0,112332,0,112332
Okt-2026,TIGALAPANKAOS MANADO,CHINOS MAMU,CHINOS BROWN SUGAR M,0,0,2,0,219000,438000,0
Feb-2026,TIGALAPANKAOS MANADO,CHINOS MAMU,CHINOS CREAM L,0,3,0,0,112332,336996,0
Mar-2026,TIGALAPANKAOS MANADO,CHINOS MAMU,CHINOS CREAM L,0,3,0,0,112332,336996,336996
Apr-2026,TIGALAPANKAOS MANADO,CHINOS MAMU,CHINOS CREAM L,112332,2,0,0,112332,224664,336996
Mei-2026,TIGALAPANKAOS MANADO,CHINOS MAMU,CHINOS CREAM L,112332,0,0,0,112332,0,224664
Feb-2026,TIGALAPANKAOS MANADO,CHINOS MAMU,CHINOS CREAM M,0,3,0,0,112332,336996,0
Mar-2026,TIGALAPANKAOS MANADO,CHINOS MAMU,CHINOS CREAM M,112332,2,0,0,112332,224664,336996
Apr-2026,TIGALAPANKAOS MANADO,CHINOS MAMU,CHINOS CREAM M,0,2,0,0,112332,224664,224664
Mei-2026,TIGALAPANKAOS MANADO,CHINOS MAMU,CHINOS CREAM M,0,2,0,0,112332,224664,224664
Jun-2026,TIGALAPANKAOS MANADO,CHINOS MAMU,CHINOS CREAM M,112332,1,0,0,112332,112332,224664
Jul-2026,TIGALAPANKAOS MANADO,CHINOS MAMU,CHINOS CREAM M,112332,0,0,0,112332,0,112332
Feb-2026,TIGALAPANKAOS MANADO,CHINOS MAMU,CHINOS CREAM S,0,3,0,0,112332,336996,0
Mar-2026,TIGALAPANKAOS MANADO,CHINOS MAMU,CHINOS CREAM S,112332,2,0,0,112332,224664,336996
Apr-2026,TIGALAPANKAOS MANADO,CHINOS MAMU,CHINOS CREAM S,0,2,0,0,112332,224664,224664
Mei-2026,TIGALAPANKAOS MANADO,CHINOS MAMU,CHINOS CREAM S,0,2,0,0,112332,224664,224664
Jun-2026,TIGALAPANKAOS MANADO,CHINOS MAMU,CHINOS CREAM S,0,2,0,0,112332,224664,224664
Jul-2026,TIGALAPANKAOS MANADO,CHINOS MAMU,CHINOS CREAM S,224664,0,0,0,112332,0,224664
Okt-2026,TIGALAPANKAOS MANADO,CHINOS MAMU,CHINOS CREAM S,0,0,2,0,112332,224664,0
Feb-2026,TIGALAPANKAOS MANADO,CHINOS MAMU,CHINOS CREAM XL,0,1,0,0,112332,112332,0
Mar-2026,TIGALAPANKAOS MANADO,CHINOS MAMU,CHINOS CREAM XL,0,1,0,0,112332,112332,112332
Apr-2026,TIGALAPANKAOS MANADO,CHINOS MAMU,CHINOS CREAM XL,112332,1,0,0,112332,112332,112332
Mei-2026,TIGALAPANKAOS MANADO,CHINOS MAMU,CHINOS CREAM XL,0,0,0,0,112332,0,112332
Feb-2026,TIGALAPANKAOS PALU,CHINOS MAMU,CHINOS ARMY L,0,4,0,0,112332,449328,0
Mar-2026,TIGALAPANKAOS PALU,CHINOS MAMU,CHINOS ARMY L,224664,2,0,0,112332,224664,449328
Apr-2026,TIGALAPANKAOS PALU,CHINOS MAMU,CHINOS ARMY L,0,2,0,0,112332,224664,224664
Mei-2026,TIGALAPANKAOS PALU,CHINOS MAMU,CHINOS ARMY L,0,2,0,0,112332,224664,224664
Jun-2026,TIGALAPANKAOS PALU,CHINOS MAMU,CHINOS ARMY L,0,2,0,0,112332,224664,224664
Jul-2026,TIGALAPANKAOS PALU,CHINOS MAMU,CHINOS ARMY L,0,2,0,0,112332,224664,224664
Agu-2026,TIGALAPANKAOS PALU,CHINOS MAMU,CHINOS ARMY L,112332,2,0,0,112332,224664,224664
Sep-2026,TIGALAPANKAOS PALU,CHINOS MAMU,CHINOS ARMY L,0,1,0,0,112332,112332,224664
Okt-2026,TIGALAPANKAOS PALU,CHINOS MAMU,CHINOS ARMY L,0,1,0,0,112332,112332,112332
Feb-2026,TIGALAPANKAOS PALU,CHINOS MAMU,CHINOS ARMY M,0,5,0,0,112332,561660,0
Mar-2026,TIGALAPANKAOS PALU,CHINOS MAMU,CHINOS ARMY M,336996,7,0,0,112332,786324,561660
Apr-2026,TIGALAPANKAOS PALU,CHINOS MAMU,CHINOS ARMY M,0,7,0,0,112332,786324,786324
Mei-2026,TIGALAPANKAOS PALU,CHINOS MAMU,CHINOS ARMY M,0,7,0,0,112332,786324,786324
Jun-2026,TIGALAPANKAOS PALU,CHINOS MAMU,CHINOS ARMY M,0,7,0,0,112332,786324,786324
Jul-2026,TIGALAPANKAOS PALU,CHINOS MAMU,CHINOS ARMY M,0,9,0,0,112332,1010988,786324
Agu-2026,TIGALAPANKAOS PALU,CHINOS MAMU,CHINOS ARMY M,0,7,0,0,112332,786324,1010988
Sep-2026,TIGALAPANKAOS PALU,CHINOS MAMU,CHINOS ARMY M,0,7,0,0,112332,786324,786324
Okt-2026,TIGALAPANKAOS PALU,CHINOS MAMU,CHINOS ARMY M,0,7,0,0,112332,786324,786324
Feb-2026,TIGALAPANKAOS PALU,CHINOS MAMU,CHINOS ARMY S,0,5,0,0,112332,561660,0
Mar-2026,TIGALAPANKAOS PALU,CHINOS MAMU,CHINOS ARMY S,336996,2,0,0,112332,224664,561660
Apr-2026,TIGALAPANKAOS PALU,CHINOS MAMU,CHINOS ARMY S,0,3,0,0,112332,336996,224664
Mei-2026,TIGALAPANKAOS PALU,CHINOS MAMU,CHINOS ARMY S,0,3,0,0,112332,336996,336996
Jun-2026,TIGALAPANKAOS PALU,CHINOS MAMU,CHINOS ARMY S,112332,2,0,0,112332,224664,336996
Jul-2026,TIGALAPANKAOS PALU,CHINOS MAMU,CHINOS ARMY S,0,4,0,0,112332,449328,224664
Agu-2026,TIGALAPANKAOS PALU,CHINOS MAMU,CHINOS ARMY S,0,2,0,0,112332,224664,449328
Sep-2026,TIGALAPANKAOS PALU,CHINOS MAMU,CHINOS ARMY S,56166,1,0,0,112332,112332,224664
Okt-2026,TIGALAPANKAOS PALU,CHINOS MAMU,CHINOS ARMY S,0,1,0,0,112332,112332,112332
Feb-2026,TIGALAPANKAOS PALU,CHINOS MAMU,CHINOS ARMY XL,0,2,0,0,112332,224664,0
Mar-2026,TIGALAPANKAOS PALU,CHINOS MAMU,CHINOS ARMY XL,112332,1,0,0,112332,112332,224664
Apr-2026,TIGALAPANKAOS PALU,CHINOS MAMU,CHINOS ARMY XL,0,1,0,0,112332,112332,112332
Mei-2026,TIGALAPANKAOS PALU,CHINOS MAMU,CHINOS ARMY XL,112332,0,0,0,112332,0,112332
Feb-2026,TIGALAPANKAOS PALU,CHINOS MAMU,CHINOS BLACK L,0,5,0,0,112332,561660,0
Mar-2026,TIGALAPANKAOS PALU,CHINOS MAMU,CHINOS BLACK L,0,5,0,0,112332,561660,561660
Apr-2026,TIGALAPANKAOS PALU,CHINOS MAMU,CHINOS BLACK L,0,5,0,0,112332,561660,561660
Mei-2026,TIGALAPANKAOS PALU,CHINOS MAMU,CHINOS BLACK L,112332,4,0,0,112332,449328,561660
Jun-2026,TIGALAPANKAOS PALU,CHINOS MAMU,CHINOS BLACK L,112332,3,0,0,112332,336996,449328
Jul-2026,TIGALAPANKAOS PALU,CHINOS MAMU,CHINOS BLACK L,0,5,0,0,112332,561660,336996
Agu-2026,TIGALAPANKAOS PALU,CHINOS MAMU,CHINOS BLACK L,0,5,0,0,112332,561660,561660
Sep-2026,TIGALAPANKAOS PALU,CHINOS MAMU,CHINOS BLACK L,0,5,0,0,112332,561660,561660
Okt-2026,TIGALAPANKAOS PALU,CHINOS MAMU,CHINOS BLACK L,0,5,0,0,112332,561660,561660
Feb-2026,TIGALAPANKAOS PALU,CHINOS MAMU,CHINOS BLACK M,0,5,0,0,112332,561660,0
Mar-2026,TIGALAPANKAOS PALU,CHINOS MAMU,CHINOS BLACK M,336996,7,0,0,112332,786324,561660
Apr-2026,TIGALAPANKAOS PALU,CHINOS MAMU,CHINOS BLACK M,224664,5,0,0,112332,561660,786324
Mei-2026,TIGALAPANKAOS PALU,CHINOS MAMU,CHINOS BLACK M,112332,4,0,0,112332,449328,561660
Jun-2026,TIGALAPANKAOS PALU,CHINOS MAMU,CHINOS BLACK M,0,4,0,0,112332,449328,449328
Jul-2026,TIGALAPANKAOS PALU,CHINOS MAMU,CHINOS BLACK M,0,5,0,0,112332,561660,449328
Agu-2026,TIGALAPANKAOS PALU,CHINOS MAMU,CHINOS BLACK M,0,5,0,0,112332,561660,561660
Sep-2026,TIGALAPANKAOS PALU,CHINOS MAMU,CHINOS BLACK M,112341,5,0,0,112332,561660,561660
Okt-2026,TIGALAPANKAOS PALU,CHINOS MAMU,CHINOS BLACK M,112362,10,0,0,112332,1123320,561660
Feb-2026,TIGALAPANKAOS PALU,CHINOS MAMU,CHINOS BLACK S,0,5,0,0,112332,561660,0
Mar-2026,TIGALAPANKAOS PALU,CHINOS MAMU,CHINOS BLACK S,336996,7,0,0,112332,786324,561660
Apr-2026,TIGALAPANKAOS PALU,CHINOS MAMU,CHINOS BLACK S,0,7,0,0,112332,786324,786324
Mei-2026,TIGALAPANKAOS PALU,CHINOS MAMU,CHINOS BLACK S,0,7,0,0,112332,786324,786324
Jun-2026,TIGALAPANKAOS PALU,CHINOS MAMU,CHINOS BLACK S,0,7,0,0,112332,786324,786324
Jul-2026,TIGALAPANKAOS PALU,CHINOS MAMU,CHINOS BLACK S,0,7,0,0,112332,786324,786324
Agu-2026,TIGALAPANKAOS PALU,CHINOS MAMU,CHINOS BLACK S,224664,5,0,0,112332,561660,786324
Sep-2026,TIGALAPANKAOS PALU,CHINOS MAMU,CHINOS BLACK S,112332,5,0,0,112332,561660,561660
Okt-2026,TIGALAPANKAOS PALU,CHINOS MAMU,CHINOS BLACK S,0,5,0,0,112332,561660,561660
Feb-2026,TIGALAPANKAOS PALU,CHINOS MAMU,CHINOS BLACK XL,0,3,0,0,112332,336996,0
Mar-2026,TIGALAPANKAOS PALU,CHINOS MAMU,CHINOS BLACK XL,224664,1,0,0,112332,112332,336996
Apr-2026,TIGALAPANKAOS PALU,CHINOS MAMU,CHINOS BLACK XL,112332,0,0,0,112332,0,112332
Jul-2026,TIGALAPANKAOS PALU,CHINOS MAMU,CHINOS BLACK XL,0,6,0,0,112332,673992,0
Agu-2026,TIGALAPANKAOS PALU,CHINOS MAMU,CHINOS BLACK XL,0,6,0,0,112332,673992,673992
Sep-2026,TIGALAPANKAOS PALU,CHINOS MAMU,CHINOS BLACK XL,0,6,0,0,112332,673992,673992
Okt-2026,TIGALAPANKAOS PALU,CHINOS MAMU,CHINOS BLACK XL,0,6,0,0,112332,673992,673992
Mar-2026,TIGALAPANKAOS PALU,CHINOS MAMU,CHINOS BROWN SUGAR L,0,5,0,0,219000,1095000,0
Apr-2026,TIGALAPANKAOS PALU,CHINOS MAMU,CHINOS BROWN SUGAR L,0,5,0,0,219000,1095000,1095000
Mei-2026,TIGALAPANKAOS PALU,CHINOS MAMU,CHINOS BROWN SUGAR L,0,5,0,0,219000,1095000,1095000
Jun-2026,TIGALAPANKAOS PALU,CHINOS MAMU,CHINOS BROWN SUGAR L,0,5,0,0,219000,1095000,1095000
Jul-2026,TIGALAPANKAOS PALU,CHINOS MAMU,CHINOS BROWN SUGAR L,0,5,0,0,219000,1095000,1095000
Agu-2026,TIGALAPANKAOS PALU,CHINOS MAMU,CHINOS BROWN SUGAR L,0,5,0,0,219000,1095000,1095000
Sep-2026,TIGALAPANKAOS PALU,CHINOS MAMU,CHINOS BROWN SUGAR L,112332,5,0,0,219000,1095000,1095000
Okt-2026,TIGALAPANKAOS PALU,CHINOS MAMU,CHINOS BROWN SUGAR L,0,4,0,0,219000,876000,1095000
Mar-2026,TIGALAPANKAOS PALU,CHINOS MAMU,CHINOS BROWN SUGAR M,112332,4,0,0,219000,876000,0
Apr-2026,TIGALAPANKAOS PALU,CHINOS MAMU,CHINOS BROWN SUGAR M,224664,2,0,0,219000,438000,876000
Mei-2026,TIGALAPANKAOS PALU,CHINOS MAMU,CHINOS BROWN SUGAR M,112332,2,0,0,219000,438000,438000
Jun-2026,TIGALAPANKAOS PALU,CHINOS MAMU,CHINOS BROWN SUGAR M,112332,0,0,0,219000,0,438000
Jul-2026,TIGALAPANKAOS PALU,CHINOS MAMU,CHINOS BROWN SUGAR M,112332,5,0,0,219000,1095000,0
Agu-2026,TIGALAPANKAOS PALU,CHINOS MAMU,CHINOS BROWN SUGAR M,112332,3,0,0,219000,657000,1095000
Sep-2026,TIGALAPANKAOS PALU,CHINOS MAMU,CHINOS BROWN SUGAR M,0,5,0,0,219000,1095000,657000
Okt-2026,TIGALAPANKAOS PALU,CHINOS MAMU,CHINOS BROWN SUGAR M,0,8,0,0,219000,1752000,1095000
Mar-2026,TIGALAPANKAOS PALU,CHINOS MAMU,CHINOS BROWN SUGAR S,224664,3,0,0,219000,657000,0
Apr-2026,TIGALAPANKAOS PALU,CHINOS MAMU,CHINOS BROWN SUGAR S,0,3,0,0,219000,657000,657000
Mei-2026,TIGALAPANKAOS PALU,CHINOS MAMU,CHINOS BROWN SUGAR S,112332,3,0,0,219000,657000,657000
Jun-2026,TIGALAPANKAOS PALU,CHINOS MAMU,CHINOS BROWN SUGAR S,112332,1,0,0,219000,219000,657000
Jul-2026,TIGALAPANKAOS PALU,CHINOS MAMU,CHINOS BROWN SUGAR S,0,5,0,0,219000,1095000,219000
Agu-2026,TIGALAPANKAOS PALU,CHINOS MAMU,CHINOS BROWN SUGAR S,0,5,0,0,219000,1095000,1095000
Sep-2026,TIGALAPANKAOS PALU,CHINOS MAMU,CHINOS BROWN SUGAR S,0,5,0,0,219000,1095000,1095000
Okt-2026,TIGALAPANKAOS PALU,CHINOS MAMU,CHINOS BROWN SUGAR S,0,5,0,0,219000,1095000,1095000
Feb-2026,TIGALAPANKAOS PALU,CHINOS MAMU,CHINOS CREAM L,112332,5,0,0,112332,561660,0
Mar-2026,TIGALAPANKAOS PALU,CHINOS MAMU,CHINOS CREAM L,0,4,0,0,112332,449328,561660
Apr-2026,TIGALAPANKAOS PALU,CHINOS MAMU,CHINOS CREAM L,112332,3,0,0,112332,336996,449328
Mei-2026,TIGALAPANKAOS PALU,CHINOS MAMU,CHINOS CREAM L,0,3,0,0,112332,336996,336996
Jun-2026,TIGALAPANKAOS PALU,CHINOS MAMU,CHINOS CREAM L,0,3,0,0,112332,336996,336996
Jul-2026,TIGALAPANKAOS PALU,CHINOS MAMU,CHINOS CREAM L,0,5,0,0,112332,561660,336996
Agu-2026,TIGALAPANKAOS PALU,CHINOS MAMU,CHINOS CREAM L,0,4,0,0,112332,449328,561660
Sep-2026,TIGALAPANKAOS PALU,CHINOS MAMU,CHINOS CREAM L,0,4,0,0,112332,449328,449328
Okt-2026,TIGALAPANKAOS PALU,CHINOS MAMU,CHINOS CREAM L,0,4,0,0,112332,449328,449328
Feb-2026,TIGALAPANKAOS PALU,CHINOS MAMU,CHINOS CREAM M,0,5,0,0,112332,561660,0
Mar-2026,TIGALAPANKAOS PALU,CHINOS MAMU,CHINOS CREAM M,112332,9,0,0,112332,1010988,561660
Apr-2026,TIGALAPANKAOS PALU,CHINOS MAMU,CHINOS CREAM M,112332,8,0,0,112332,898656,1010988
Mei-2026,TIGALAPANKAOS PALU,CHINOS MAMU,CHINOS CREAM M,112332,7,0,0,112332,786324,898656
Jun-2026,TIGALAPANKAOS PALU,CHINOS MAMU,CHINOS CREAM M,336996,4,0,0,112332,449328,786324
Jul-2026,TIGALAPANKAOS PALU,CHINOS MAMU,CHINOS CREAM M,0,5,0,0,112332,561660,449328
Agu-2026,TIGALAPANKAOS PALU,CHINOS MAMU,CHINOS CREAM M,0,5,0,0,112332,561660,561660
Sep-2026,TIGALAPANKAOS PALU,CHINOS MAMU,CHINOS CREAM M,0,5,0,0,112332,561660,561660
Okt-2026,TIGALAPANKAOS PALU,CHINOS MAMU,CHINOS CREAM M,0,5,0,0,112332,561660,561660
Feb-2026,TIGALAPANKAOS PALU,CHINOS MAMU,CHINOS CREAM S,0,5,0,0,112332,561660,0
Mar-2026,TIGALAPANKAOS PALU,CHINOS MAMU,CHINOS CREAM S,561660,0,0,0,112332,0,561660
Jul-2026,TIGALAPANKAOS PALU,CHINOS MAMU,CHINOS CREAM S,112400,5,0,0,112332,561660,0
Agu-2026,TIGALAPANKAOS PALU,CHINOS MAMU,CHINOS CREAM S,0,4,0,0,112332,449328,561660
Sep-2026,TIGALAPANKAOS PALU,CHINOS MAMU,CHINOS CREAM S,0,5,0,0,112332,561660,449328
Okt-2026,TIGALAPANKAOS PALU,CHINOS MAMU,CHINOS CREAM S,0,9,0,0,112332,1010988,561660
Feb-2026,TIGALAPANKAOS PALU,CHINOS MAMU,CHINOS CREAM XL,0,2,0,0,112332,224664,0
Mar-2026,TIGALAPANKAOS PALU,CHINOS MAMU,CHINOS CREAM XL,224664,0,0,0,112332,0,224664
Jul-2026,TIGALAPANKAOS PALU,CHINOS MAMU,CHINOS CREAM XL,0,5,0,0,112332,561660,0
Agu-2026,TIGALAPANKAOS PALU,CHINOS MAMU,CHINOS CREAM XL,0,5,0,0,112332,561660,561660
Sep-2026,TIGALAPANKAOS PALU,CHINOS MAMU,CHINOS CREAM XL,0,5,0,0,112332,561660,561660
Okt-2026,TIGALAPANKAOS PALU,CHINOS MAMU,CHINOS CREAM XL,0,5,0,0,112332,561660,561660
Mar-2026,TIGALAPANKAOS PALU,CHINOS MAMU,CHINOS DARK GREY L,112332,4,0,0,112332,449328,0
Apr-2026,TIGALAPANKAOS PALU,CHINOS MAMU,CHINOS DARK GREY L,0,4,0,0,112332,449328,449328
Mei-2026,TIGALAPANKAOS PALU,CHINOS MAMU,CHINOS DARK GREY L,0,4,0,0,112332,449328,449328
Jun-2026,TIGALAPANKAOS PALU,CHINOS MAMU,CHINOS DARK GREY L,112332,3,0,0,112332,336996,449328
Jul-2026,TIGALAPANKAOS PALU,CHINOS MAMU,CHINOS DARK GREY L,112332,3,0,0,112332,336996,336996
Agu-2026,TIGALAPANKAOS PALU,CHINOS MAMU,CHINOS DARK GREY L,112332,1,0,0,112332,112332,336996
Sep-2026,TIGALAPANKAOS PALU,CHINOS MAMU,CHINOS DARK GREY L,0,1,0,0,112332,112332,112332
Okt-2026,TIGALAPANKAOS PALU,CHINOS MAMU,CHINOS DARK GREY L,0,1,0,0,112332,112332,112332
Mar-2026,TIGALAPANKAOS PALU,CHINOS MAMU,CHINOS DARK GREY M,0,5,0,0,112332,561660,0
Apr-2026,TIGALAPANKAOS PALU,CHINOS MAMU,CHINOS DARK GREY M,0,5,0,0,112332,561660,561660
Mei-2026,TIGALAPANKAOS PALU,CHINOS MAMU,CHINOS DARK GREY M,0,5,0,0,112332,561660,561660
Jun-2026,TIGALAPANKAOS PALU,CHINOS MAMU,CHINOS DARK GREY M,0,5,0,0,112332,561660,561660
Jul-2026,TIGALAPANKAOS PALU,CHINOS MAMU,CHINOS DARK GREY M,0,5,0,0,112332,561660,561660
Agu-2026,TIGALAPANKAOS PALU,CHINOS MAMU,CHINOS DARK GREY M,0,5,0,0,112332,561660,561660
Sep-2026,TIGALAPANKAOS PALU,CHINOS MAMU,CHINOS DARK GREY M,112332,4,0,0,112332,449328,561660
Okt-2026,TIGALAPANKAOS PALU,CHINOS MAMU,CHINOS DARK GREY M,0,4,0,0,112332,449328,449328
Mar-2026,TIGALAPANKAOS PALU,CHINOS MAMU,CHINOS DARK GREY S,0,5,0,0,112332,561660,0
Apr-2026,TIGALAPANKAOS PALU,CHINOS MAMU,CHINOS DARK GREY S,0,4,0,0,112332,449328,561660
Mei-2026,TIGALAPANKAOS PALU,CHINOS MAMU,CHINOS DARK GREY S,112332,3,0,0,112332,336996,449328
Jun-2026,TIGALAPANKAOS PALU,CHINOS MAMU,CHINOS DARK GREY S,0,3,0,0,112332,336996,336996
Jul-2026,TIGALAPANKAOS PALU,CHINOS MAMU,CHINOS DARK GREY S,0,3,0,0,112332,336996,336996
Agu-2026,TIGALAPANKAOS PALU,CHINOS MAMU,CHINOS DARK GREY S,0,3,0,0,112332,336996,336996
Sep-2026,TIGALAPANKAOS PALU,CHINOS MAMU,CHINOS DARK GREY S,0,3,0,0,112332,336996,336996
Okt-2026,TIGALAPANKAOS PALU,CHINOS MAMU,CHINOS DARK GREY S,0,3,0,0,112332,336996,336996
Feb-2026,TIGALAPANKAOS POLMAN,CHINOS MAMU,CHINOS ARMY L,0,3,0,0,112332,336996,0
Mar-2026,TIGALAPANKAOS POLMAN,CHINOS MAMU,CHINOS ARMY L,112332,2,0,0,112332,224664,336996
Apr-2026,TIGALAPANKAOS POLMAN,CHINOS MAMU,CHINOS ARMY L,0,2,0,0,112332,224664,224664
Mei-2026,TIGALAPANKAOS POLMAN,CHINOS MAMU,CHINOS ARMY L,0,2,0,0,112332,224664,224664
Jun-2026,TIGALAPANKAOS POLMAN,CHINOS MAMU,CHINOS ARMY L,0,2,0,0,112332,224664,224664
Jul-2026,TIGALAPANKAOS POLMAN,CHINOS MAMU,CHINOS ARMY L,0,2,0,0,112332,224664,224664
Agu-2026,TIGALAPANKAOS POLMAN,CHINOS MAMU,CHINOS ARMY L,0,2,0,0,112332,224664,224664
Sep-2026,TIGALAPANKAOS POLMAN,CHINOS MAMU,CHINOS ARMY L,112332,0,0,0,112332,0,224664
Feb-2026,TIGALAPANKAOS POLMAN,CHINOS MAMU,CHINOS ARMY M,0,3,0,0,112332,336996,0
Mar-2026,TIGALAPANKAOS POLMAN,CHINOS MAMU,CHINOS ARMY M,112332,2,0,0,112332,224664,336996
Apr-2026,TIGALAPANKAOS POLMAN,CHINOS MAMU,CHINOS ARMY M,0,2,0,0,112332,224664,224664
Mei-2026,TIGALAPANKAOS POLMAN,CHINOS MAMU,CHINOS ARMY M,0,2,0,0,112332,224664,224664
Jun-2026,TIGALAPANKAOS POLMAN,CHINOS MAMU,CHINOS ARMY M,0,2,0,0,112332,224664,224664
Jul-2026,TIGALAPANKAOS POLMAN,CHINOS MAMU,CHINOS ARMY M,0,2,0,0,112332,224664,224664
Agu-2026,TIGALAPANKAOS POLMAN,CHINOS MAMU,CHINOS ARMY M,0,2,0,0,112332,224664,224664
Sep-2026,TIGALAPANKAOS POLMAN,CHINOS MAMU,CHINOS ARMY M,0,0,0,0,112332,0,224664
Feb-2026,TIGALAPANKAOS POLMAN,CHINOS MAMU,CHINOS ARMY S,0,3,0,0,112332,336996,0
Mar-2026,TIGALAPANKAOS POLMAN,CHINOS MAMU,CHINOS ARMY S,0,3,0,0,112332,336996,336996
Apr-2026,TIGALAPANKAOS POLMAN,CHINOS MAMU,CHINOS ARMY S,0,3,0,0,112332,336996,336996
Mei-2026,TIGALAPANKAOS POLMAN,CHINOS MAMU,CHINOS ARMY S,0,3,0,0,112332,336996,336996
Jun-2026,TIGALAPANKAOS POLMAN,CHINOS MAMU,CHINOS ARMY S,0,3,0,0,112332,336996,336996
Jul-2026,TIGALAPANKAOS POLMAN,CHINOS MAMU,CHINOS ARMY S,0,3,0,0,112332,336996,336996
Agu-2026,TIGALAPANKAOS POLMAN,CHINOS MAMU,CHINOS ARMY S,112332,2,0,0,112332,224664,336996
Sep-2026,TIGALAPANKAOS POLMAN,CHINOS MAMU,CHINOS ARMY S,0,0,0,0,112332,0,224664
Feb-2026,TIGALAPANKAOS POLMAN,CHINOS MAMU,CHINOS BLACK L,0,5,0,0,112332,561660,0
Mar-2026,TIGALAPANKAOS POLMAN,CHINOS MAMU,CHINOS BLACK L,112332,4,0,0,112332,449328,561660
Apr-2026,TIGALAPANKAOS POLMAN,CHINOS MAMU,CHINOS BLACK L,0,4,0,0,112332,449328,449328
Mei-2026,TIGALAPANKAOS POLMAN,CHINOS MAMU,CHINOS BLACK L,0,4,0,0,112332,449328,449328
Jun-2026,TIGALAPANKAOS POLMAN,CHINOS MAMU,CHINOS BLACK L,112332,3,0,0,112332,336996,449328
Jul-2026,TIGALAPANKAOS POLMAN,CHINOS MAMU,CHINOS BLACK L,0,3,0,0,112332,336996,336996
Agu-2026,TIGALAPANKAOS POLMAN,CHINOS MAMU,CHINOS BLACK L,0,3,0,0,112332,336996,336996
Sep-2026,TIGALAPANKAOS POLMAN,CHINOS MAMU,CHINOS BLACK L,112332,0,0,0,112332,0,336996
Feb-2026,TIGALAPANKAOS POLMAN,CHINOS MAMU,CHINOS BLACK M,0,3,0,0,112332,336996,0
Mar-2026,TIGALAPANKAOS POLMAN,CHINOS MAMU,CHINOS BLACK M,112332,2,0,0,112332,224664,336996
Apr-2026,TIGALAPANKAOS POLMAN,CHINOS MAMU,CHINOS BLACK M,112332,1,0,0,112332,112332,224664
Mei-2026,TIGALAPANKAOS POLMAN,CHINOS MAMU,CHINOS BLACK M,112332,1,0,0,112332,112332,112332
Jun-2026,TIGALAPANKAOS POLMAN,CHINOS MAMU,CHINOS BLACK M,0,0,0,0,112332,0,112332
Agu-2026,TIGALAPANKAOS POLMAN,CHINOS MAMU,CHINOS BLACK M,224750,4,0,0,112332,449328,0
Sep-2026,TIGALAPANKAOS POLMAN,CHINOS MAMU,CHINOS BLACK M,112375,0,0,0,112332,0,449328
Feb-2026,TIGALAPANKAOS POLMAN,CHINOS MAMU,CHINOS BLACK S,0,3,0,0,112332,336996,0
Mar-2026,TIGALAPANKAOS POLMAN,CHINOS MAMU,CHINOS BLACK S,336996,3,0,0,112332,336996,336996
Apr-2026,TIGALAPANKAOS POLMAN,CHINOS MAMU,CHINOS BLACK S,112332,2,0,0,112332,224664,336996
Mei-2026,TIGALAPANKAOS POLMAN,CHINOS MAMU,CHINOS BLACK S,0,2,0,0,112332,224664,224664
Jun-2026,TIGALAPANKAOS POLMAN,CHINOS MAMU,CHINOS BLACK S,224664,0,0,0,112332,0,224664
Agu-2026,TIGALAPANKAOS POLMAN,CHINOS MAMU,CHINOS BLACK S,112400,5,0,0,112332,561660,0
Sep-2026,TIGALAPANKAOS POLMAN,CHINOS MAMU,CHINOS BLACK S,0,0,0,0,112332,0,561660
Mar-2026,TIGALAPANKAOS POLMAN,CHINOS MAMU,CHINOS BROWN SUGAR M,0,3,0,0,219000,657000,0
Apr-2026,TIGALAPANKAOS POLMAN,CHINOS MAMU,CHINOS BROWN SUGAR M,0,3,0,0,219000,657000,657000
Mei-2026,TIGALAPANKAOS POLMAN,CHINOS MAMU,CHINOS BROWN SUGAR M,0,3,0,0,219000,657000,657000
Jun-2026,TIGALAPANKAOS POLMAN,CHINOS MAMU,CHINOS BROWN SUGAR M,112332,2,0,0,219000,438000,657000
Jul-2026,TIGALAPANKAOS POLMAN,CHINOS MAMU,CHINOS BROWN SUGAR M,0,2,0,0,219000,438000,438000
Agu-2026,TIGALAPANKAOS POLMAN,CHINOS MAMU,CHINOS BROWN SUGAR M,0,2,0,0,219000,438000,438000
Sep-2026,TIGALAPANKAOS POLMAN,CHINOS MAMU,CHINOS BROWN SUGAR M,0,0,0,0,219000,0,438000
Mar-2026,TIGALAPANKAOS POLMAN,CHINOS MAMU,CHINOS BROWN SUGAR S,0,3,0,0,219000,657000,0
Apr-2026,TIGALAPANKAOS POLMAN,CHINOS MAMU,CHINOS BROWN SUGAR S,0,3,0,0,219000,657000,657000
Mei-2026,TIGALAPANKAOS POLMAN,CHINOS MAMU,CHINOS BROWN SUGAR S,0,3,0,0,219000,657000,657000
Jun-2026,TIGALAPANKAOS POLMAN,CHINOS MAMU,CHINOS BROWN SUGAR S,224664,1,0,0,219000,219000,657000
Jul-2026,TIGALAPANKAOS POLMAN,CHINOS MAMU,CHINOS BROWN SUGAR S,0,1,0,0,219000,219000,219000
Agu-2026,TIGALAPANKAOS POLMAN,CHINOS MAMU,CHINOS BROWN SUGAR S,0,1,0,0,219000,219000,219000
Sep-2026,TIGALAPANKAOS POLMAN,CHINOS MAMU,CHINOS BROWN SUGAR S,112332,0,0,0,219000,0,219000
Feb-2026,TIGALAPANKAOS POLMAN,CHINOS MAMU,CHINOS CREAM L,0,3,0,0,112332,336996,0
Mar-2026,TIGALAPANKAOS POLMAN,CHINOS MAMU,CHINOS CREAM L,112332,2,0,0,112332,224664,336996
Apr-2026,TIGALAPANKAOS POLMAN,CHINOS MAMU,CHINOS CREAM L,0,2,0,0,112332,224664,224664
Mei-2026,TIGALAPANKAOS POLMAN,CHINOS MAMU,CHINOS CREAM L,0,2,0,0,112332,224664,224664
Jun-2026,TIGALAPANKAOS POLMAN,CHINOS MAMU,CHINOS CREAM L,0,2,0,0,112332,224664,224664
Jul-2026,TIGALAPANKAOS POLMAN,CHINOS MAMU,CHINOS CREAM L,224664,2,0,0,112332,224664,224664
Agu-2026,TIGALAPANKAOS POLMAN,CHINOS MAMU,CHINOS CREAM L,0,0,0,0,112332,0,224664
Feb-2026,TIGALAPANKAOS POLMAN,CHINOS MAMU,CHINOS CREAM M,0,3,0,0,112332,336996,0
Mar-2026,TIGALAPANKAOS POLMAN,CHINOS MAMU,CHINOS CREAM M,112332,2,0,0,112332,224664,336996
Apr-2026,TIGALAPANKAOS POLMAN,CHINOS MAMU,CHINOS CREAM M,112332,1,0,0,112332,112332,224664
Mei-2026,TIGALAPANKAOS POLMAN,CHINOS MAMU,CHINOS CREAM M,112332,0,0,0,112332,0,112332
Feb-2026,TIGALAPANKAOS POLMAN,CHINOS MAMU,CHINOS CREAM S,0,3,0,0,112332,336996,0
Mar-2026,TIGALAPANKAOS POLMAN,CHINOS MAMU,CHINOS CREAM S,449328,0,0,0,112332,0,336996
Agu-2026,TIGALAPANKAOS POLMAN,CHINOS MAMU,CHINOS CREAM S,0,5,0,0,112332,561660,0
Sep-2026,TIGALAPANKAOS POLMAN,CHINOS MAMU,CHINOS CREAM S,0,0,0,0,112332,0,561660
Mar-2026,TIGALAPANKAOS POLMAN,CHINOS MAMU,CHINOS DARK GREY M,112332,2,0,0,112332,224664,0
Apr-2026,TIGALAPANKAOS POLMAN,CHINOS MAMU,CHINOS DARK GREY M,0,2,0,0,112332,224664,224664
Mei-2026,TIGALAPANKAOS POLMAN,CHINOS MAMU,CHINOS DARK GREY M,112332,1,0,0,112332,112332,224664
Jun-2026,TIGALAPANKAOS POLMAN,CHINOS MAMU,CHINOS DARK GREY M,0,1,0,0,112332,112332,112332
Jul-2026,TIGALAPANKAOS POLMAN,CHINOS MAMU,CHINOS DARK GREY M,0,1,0,0,112332,112332,112332
Agu-2026,TIGALAPANKAOS POLMAN,CHINOS MAMU,CHINOS DARK GREY M,0,3,0,0,112332,336996,112332
Sep-2026,TIGALAPANKAOS POLMAN,CHINOS MAMU,CHINOS DARK GREY M,112332,0,0,0,112332,0,336996
Mar-2026,TIGALAPANKAOS POLMAN,CHINOS MAMU,CHINOS DARK GREY S,0,3,0,0,112332,336996,0
Apr-2026,TIGALAPANKAOS POLMAN,CHINOS MAMU,CHINOS DARK GREY S,0,3,0,0,112332,336996,336996
Mei-2026,TIGALAPANKAOS POLMAN,CHINOS MAMU,CHINOS DARK GREY S,0,3,0,0,112332,336996,336996
Jun-2026,TIGALAPANKAOS POLMAN,CHINOS MAMU,CHINOS DARK GREY S,0,3,0,0,112332,336996,336996
Jul-2026,TIGALAPANKAOS POLMAN,CHINOS MAMU,CHINOS DARK GREY S,112332,2,0,0,112332,224664,336996
Agu-2026,TIGALAPANKAOS POLMAN,CHINOS MAMU,CHINOS DARK GREY S,112332,2,0,0,112332,224664,224664
Sep-2026,TIGALAPANKAOS POLMAN,CHINOS MAMU,CHINOS DARK GREY S,0,0,0,0,112332,0,224664
Feb-2026,TIGALAPANKAOS SAMARINDA,CHINOS MAMU,CHINOS ARMY L,0,0,3,0,112332,336996,0
Mar-2026,TIGALAPANKAOS SAMARINDA,CHINOS MAMU,CHINOS ARMY L,0,3,0,0,112332,336996,336996
Apr-2026,TIGALAPANKAOS SAMARINDA,CHINOS MAMU,CHINOS ARMY L,0,5,0,0,112332,561660,336996
Mei-2026,TIGALAPANKAOS SAMARINDA,CHINOS MAMU,CHINOS ARMY L,0,5,0,0,112332,561660,561660
Jun-2026,TIGALAPANKAOS SAMARINDA,CHINOS MAMU,CHINOS ARMY L,0,5,0,0,112332,561660,561660
Jul-2026,TIGALAPANKAOS SAMARINDA,CHINOS MAMU,CHINOS ARMY L,0,5,0,0,112332,561660,561660
Agu-2026,TIGALAPANKAOS SAMARINDA,CHINOS MAMU,CHINOS ARMY L,0,5,0,0,112332,561660,561660
Sep-2026,TIGALAPANKAOS SAMARINDA,CHINOS MAMU,CHINOS ARMY L,0,5,0,0,112332,561660,561660
Okt-2026,TIGALAPANKAOS SAMARINDA,CHINOS MAMU,CHINOS ARMY L,0,5,0,0,112332,561660,561660
Feb-2026,TIGALAPANKAOS SAMARINDA,CHINOS MAMU,CHINOS ARMY M,0,0,3,0,112332,336996,0
Mar-2026,TIGALAPANKAOS SAMARINDA,CHINOS MAMU,CHINOS ARMY M,0,3,0,0,112332,336996,336996
Apr-2026,TIGALAPANKAOS SAMARINDA,CHINOS MAMU,CHINOS ARMY M,0,5,5,0,112332,1123320,336996
Mei-2026,TIGALAPANKAOS SAMARINDA,CHINOS MAMU,CHINOS ARMY M,0,10,0,0,112332,1123320,1123320
Jun-2026,TIGALAPANKAOS SAMARINDA,CHINOS MAMU,CHINOS ARMY M,0,10,0,0,112332,1123320,1123320
Jul-2026,TIGALAPANKAOS SAMARINDA,CHINOS MAMU,CHINOS ARMY M,0,10,0,0,112332,1123320,1123320
Agu-2026,TIGALAPANKAOS SAMARINDA,CHINOS MAMU,CHINOS ARMY M,0,10,0,0,112332,1123320,1123320
Sep-2026,TIGALAPANKAOS SAMARINDA,CHINOS MAMU,CHINOS ARMY M,0,10,0,0,112332,1123320,1123320
Okt-2026,TIGALAPANKAOS SAMARINDA,CHINOS MAMU,CHINOS ARMY M,0,10,0,0,112332,1123320,1123320
Feb-2026,TIGALAPANKAOS SAMARINDA,CHINOS MAMU,CHINOS ARMY S,0,0,3,0,112332,336996,0
Mar-2026,TIGALAPANKAOS SAMARINDA,CHINOS MAMU,CHINOS ARMY S,0,3,0,0,112332,336996,336996
Apr-2026,TIGALAPANKAOS SAMARINDA,CHINOS MAMU,CHINOS ARMY S,0,5,0,0,112332,561660,336996
Mei-2026,TIGALAPANKAOS SAMARINDA,CHINOS MAMU,CHINOS ARMY S,0,5,0,0,112332,561660,561660
Jun-2026,TIGALAPANKAOS SAMARINDA,CHINOS MAMU,CHINOS ARMY S,0,5,0,0,112332,561660,561660
Jul-2026,TIGALAPANKAOS SAMARINDA,CHINOS MAMU,CHINOS ARMY S,112332,4,0,0,112332,449328,561660
Agu-2026,TIGALAPANKAOS SAMARINDA,CHINOS MAMU,CHINOS ARMY S,0,4,0,0,112332,449328,449328
Sep-2026,TIGALAPANKAOS SAMARINDA,CHINOS MAMU,CHINOS ARMY S,0,4,0,0,112332,449328,449328
Okt-2026,TIGALAPANKAOS SAMARINDA,CHINOS MAMU,CHINOS ARMY S,0,4,0,0,112332,449328,449328
Feb-2026,TIGALAPANKAOS SAMARINDA,CHINOS MAMU,CHINOS ARMY XL,0,0,1,0,112332,112332,0
Mar-2026,TIGALAPANKAOS SAMARINDA,CHINOS MAMU,CHINOS ARMY XL,0,1,0,0,112332,112332,112332
Apr-2026,TIGALAPANKAOS SAMARINDA,CHINOS MAMU,CHINOS ARMY XL,0,1,0,0,112332,112332,112332
Mei-2026,TIGALAPANKAOS SAMARINDA,CHINOS MAMU,CHINOS ARMY XL,0,1,0,0,112332,112332,112332
Jun-2026,TIGALAPANKAOS SAMARINDA,CHINOS MAMU,CHINOS ARMY XL,0,1,0,0,112332,112332,112332
Jul-2026,TIGALAPANKAOS SAMARINDA,CHINOS MAMU,CHINOS ARMY XL,0,1,0,0,112332,112332,112332
Agu-2026,TIGALAPANKAOS SAMARINDA,CHINOS MAMU,CHINOS ARMY XL,0,1,0,0,112332,112332,112332
Sep-2026,TIGALAPANKAOS SAMARINDA,CHINOS MAMU,CHINOS ARMY XL,0,1,0,0,112332,112332,112332
Okt-2026,TIGALAPANKAOS SAMARINDA,CHINOS MAMU,CHINOS ARMY XL,0,1,0,0,112332,112332,112332
Feb-2026,TIGALAPANKAOS SAMARINDA,CHINOS MAMU,CHINOS BLACK L,0,0,4,0,112332,449328,0
Mar-2026,TIGALAPANKAOS SAMARINDA,CHINOS MAMU,CHINOS BLACK L,0,4,0,0,112332,449328,449328
Apr-2026,TIGALAPANKAOS SAMARINDA,CHINOS MAMU,CHINOS BLACK L,112332,6,0,0,112332,673992,449328
Mei-2026,TIGALAPANKAOS SAMARINDA,CHINOS MAMU,CHINOS BLACK L,0,6,0,0,112332,673992,673992
Jun-2026,TIGALAPANKAOS SAMARINDA,CHINOS MAMU,CHINOS BLACK L,112332,5,0,0,112332,561660,673992
Jul-2026,TIGALAPANKAOS SAMARINDA,CHINOS MAMU,CHINOS BLACK L,0,5,0,0,112332,561660,561660
Agu-2026,TIGALAPANKAOS SAMARINDA,CHINOS MAMU,CHINOS BLACK L,0,5,0,0,112332,561660,561660
Sep-2026,TIGALAPANKAOS SAMARINDA,CHINOS MAMU,CHINOS BLACK L,224664,3,0,0,112332,336996,561660
Okt-2026,TIGALAPANKAOS SAMARINDA,CHINOS MAMU,CHINOS BLACK L,112332,2,0,0,112332,224664,336996
Feb-2026,TIGALAPANKAOS SAMARINDA,CHINOS MAMU,CHINOS BLACK M,0,0,3,0,112332,336996,0
Mar-2026,TIGALAPANKAOS SAMARINDA,CHINOS MAMU,CHINOS BLACK M,112332,2,0,0,112332,224664,336996
Apr-2026,TIGALAPANKAOS SAMARINDA,CHINOS MAMU,CHINOS BLACK M,0,7,3,0,112332,1123320,224664
Mei-2026,TIGALAPANKAOS SAMARINDA,CHINOS MAMU,CHINOS BLACK M,0,10,0,0,112332,1123320,1123320
Jun-2026,TIGALAPANKAOS SAMARINDA,CHINOS MAMU,CHINOS BLACK M,0,10,0,0,112332,1123320,1123320
Jul-2026,TIGALAPANKAOS SAMARINDA,CHINOS MAMU,CHINOS BLACK M,112332,10,0,0,112332,1123320,1123320
Agu-2026,TIGALAPANKAOS SAMARINDA,CHINOS MAMU,CHINOS BLACK M,0,9,0,0,112332,1010988,1123320
Sep-2026,TIGALAPANKAOS SAMARINDA,CHINOS MAMU,CHINOS BLACK M,112332,8,0,0,112332,898656,1010988
Okt-2026,TIGALAPANKAOS SAMARINDA,CHINOS MAMU,CHINOS BLACK M,0,8,0,0,112332,898656,898656
Feb-2026,TIGALAPANKAOS SAMARINDA,CHINOS MAMU,CHINOS BLACK S,0,0,3,0,112332,336996,0
Mar-2026,TIGALAPANKAOS SAMARINDA,CHINOS MAMU,CHINOS BLACK S,0,3,0,0,112332,336996,336996
Apr-2026,TIGALAPANKAOS SAMARINDA,CHINOS MAMU,CHINOS BLACK S,0,6,0,0,112332,673992,336996
Mei-2026,TIGALAPANKAOS SAMARINDA,CHINOS MAMU,CHINOS BLACK S,224664,4,0,0,112332,449328,673992
Jun-2026,TIGALAPANKAOS SAMARINDA,CHINOS MAMU,CHINOS BLACK S,112332,3,0,0,112332,336996,449328
Jul-2026,TIGALAPANKAOS SAMARINDA,CHINOS MAMU,CHINOS BLACK S,0,3,0,0,112332,336996,336996
Agu-2026,TIGALAPANKAOS SAMARINDA,CHINOS MAMU,CHINOS BLACK S,0,3,0,0,112332,336996,336996
Sep-2026,TIGALAPANKAOS SAMARINDA,CHINOS MAMU,CHINOS BLACK S,112332,2,0,0,112332,224664,336996
Okt-2026,TIGALAPANKAOS SAMARINDA,CHINOS MAMU,CHINOS BLACK S,0,2,0,0,112332,224664,224664
Feb-2026,TIGALAPANKAOS SAMARINDA,CHINOS MAMU,CHINOS BLACK XL,0,0,1,0,112332,112332,0
Mar-2026,TIGALAPANKAOS SAMARINDA,CHINOS MAMU,CHINOS BLACK XL,112332,0,0,0,112332,0,112332
Apr-2026,TIGALAPANKAOS SAMARINDA,CHINOS MAMU,CHINOS BROWN SUGAR L,0,3,5,0,219000,1752000,0
Mei-2026,TIGALAPANKAOS SAMARINDA,CHINOS MAMU,CHINOS BROWN SUGAR L,0,8,0,0,219000,1752000,1752000
Jun-2026,TIGALAPANKAOS SAMARINDA,CHINOS MAMU,CHINOS BROWN SUGAR L,0,8,0,0,219000,1752000,1752000
Jul-2026,TIGALAPANKAOS SAMARINDA,CHINOS MAMU,CHINOS BROWN SUGAR L,0,8,0,0,219000,1752000,1752000
Agu-2026,TIGALAPANKAOS SAMARINDA,CHINOS MAMU,CHINOS BROWN SUGAR L,112332,8,0,0,219000,1752000,1752000
Sep-2026,TIGALAPANKAOS SAMARINDA,CHINOS MAMU,CHINOS BROWN SUGAR L,0,7,0,0,219000,1533000,1752000
Okt-2026,TIGALAPANKAOS SAMARINDA,CHINOS MAMU,CHINOS BROWN SUGAR L,0,7,0,0,219000,1533000,1533000
Apr-2026,TIGALAPANKAOS SAMARINDA,CHINOS MAMU,CHINOS BROWN SUGAR M,0,3,5,0,219000,1752000,0
Mei-2026,TIGALAPANKAOS SAMARINDA,CHINOS MAMU,CHINOS BROWN SUGAR M,0,8,0,0,219000,1752000,1752000
Jun-2026,TIGALAPANKAOS SAMARINDA,CHINOS MAMU,CHINOS BROWN SUGAR M,0,8,0,0,219000,1752000,1752000
Jul-2026,TIGALAPANKAOS SAMARINDA,CHINOS MAMU,CHINOS BROWN SUGAR M,0,8,0,0,219000,1752000,1752000
Agu-2026,TIGALAPANKAOS SAMARINDA,CHINOS MAMU,CHINOS BROWN SUGAR M,0,8,0,0,219000,1752000,1752000
Sep-2026,TIGALAPANKAOS SAMARINDA,CHINOS MAMU,CHINOS BROWN SUGAR M,0,8,0,0,219000,1752000,1752000
Okt-2026,TIGALAPANKAOS SAMARINDA,CHINOS MAMU,CHINOS BROWN SUGAR M,0,8,0,0,219000,1752000,1752000
Apr-2026,TIGALAPANKAOS SAMARINDA,CHINOS MAMU,CHINOS BROWN SUGAR S,0,3,5,0,219000,1752000,0
Mei-2026,TIGALAPANKAOS SAMARINDA,CHINOS MAMU,CHINOS BROWN SUGAR S,0,8,0,0,219000,1752000,1752000
Jun-2026,TIGALAPANKAOS SAMARINDA,CHINOS MAMU,CHINOS BROWN SUGAR S,0,8,0,0,219000,1752000,1752000
Jul-2026,TIGALAPANKAOS SAMARINDA,CHINOS MAMU,CHINOS BROWN SUGAR S,112332,8,0,0,219000,1752000,1752000
Agu-2026,TIGALAPANKAOS SAMARINDA,CHINOS MAMU,CHINOS BROWN SUGAR S,0,7,0,0,219000,1533000,1752000
Sep-2026,TIGALAPANKAOS SAMARINDA,CHINOS MAMU,CHINOS BROWN SUGAR S,0,7,0,0,219000,1533000,1533000
Okt-2026,TIGALAPANKAOS SAMARINDA,CHINOS MAMU,CHINOS BROWN SUGAR S,0,7,0,0,219000,1533000,1533000
Feb-2026,TIGALAPANKAOS SAMARINDA,CHINOS MAMU,CHINOS CREAM L,0,0,3,0,112332,336996,0
Mar-2026,TIGALAPANKAOS SAMARINDA,CHINOS MAMU,CHINOS CREAM L,0,3,0,0,112332,336996,336996
Apr-2026,TIGALAPANKAOS SAMARINDA,CHINOS MAMU,CHINOS CREAM L,0,3,0,0,112332,336996,336996
Mei-2026,TIGALAPANKAOS SAMARINDA,CHINOS MAMU,CHINOS CREAM L,0,3,0,0,112332,336996,336996
Jun-2026,TIGALAPANKAOS SAMARINDA,CHINOS MAMU,CHINOS CREAM L,0,3,0,0,112332,336996,336996
Jul-2026,TIGALAPANKAOS SAMARINDA,CHINOS MAMU,CHINOS CREAM L,112332,2,0,0,112332,224664,336996
Agu-2026,TIGALAPANKAOS SAMARINDA,CHINOS MAMU,CHINOS CREAM L,0,2,0,0,112332,224664,224664
Sep-2026,TIGALAPANKAOS SAMARINDA,CHINOS MAMU,CHINOS CREAM L,0,2,0,0,112332,224664,224664
Okt-2026,TIGALAPANKAOS SAMARINDA,CHINOS MAMU,CHINOS CREAM L,0,2,0,0,112332,224664,224664
Feb-2026,TIGALAPANKAOS SAMARINDA,CHINOS MAMU,CHINOS CREAM M,0,0,3,0,112332,336996,0
Mar-2026,TIGALAPANKAOS SAMARINDA,CHINOS MAMU,CHINOS CREAM M,0,3,0,0,112332,336996,336996
Apr-2026,TIGALAPANKAOS SAMARINDA,CHINOS MAMU,CHINOS CREAM M,0,8,0,0,112332,898656,336996
Mei-2026,TIGALAPANKAOS SAMARINDA,CHINOS MAMU,CHINOS CREAM M,0,8,0,0,112332,898656,898656
Jun-2026,TIGALAPANKAOS SAMARINDA,CHINOS MAMU,CHINOS CREAM M,0,8,0,0,112332,898656,898656
Jul-2026,TIGALAPANKAOS SAMARINDA,CHINOS MAMU,CHINOS CREAM M,224664,8,0,0,112332,898656,898656
Agu-2026,TIGALAPANKAOS SAMARINDA,CHINOS MAMU,CHINOS CREAM M,0,6,0,0,112332,673992,898656
Sep-2026,TIGALAPANKAOS SAMARINDA,CHINOS MAMU,CHINOS CREAM M,0,6,0,0,112332,673992,673992
Okt-2026,TIGALAPANKAOS SAMARINDA,CHINOS MAMU,CHINOS CREAM M,0,6,0,0,112332,673992,673992
Feb-2026,TIGALAPANKAOS SAMARINDA,CHINOS MAMU,CHINOS CREAM S,0,0,3,0,112332,336996,0
Mar-2026,TIGALAPANKAOS SAMARINDA,CHINOS MAMU,CHINOS CREAM S,0,3,0,0,112332,336996,336996
Apr-2026,TIGALAPANKAOS SAMARINDA,CHINOS MAMU,CHINOS CREAM S,0,6,0,0,112332,673992,336996
Mei-2026,TIGALAPANKAOS SAMARINDA,CHINOS MAMU,CHINOS CREAM S,112332,5,0,0,112332,561660,673992
Jun-2026,TIGALAPANKAOS SAMARINDA,CHINOS MAMU,CHINOS CREAM S,0,5,0,0,112332,561660,561660
Jul-2026,TIGALAPANKAOS SAMARINDA,CHINOS MAMU,CHINOS CREAM S,0,5,0,0,112332,561660,561660
Agu-2026,TIGALAPANKAOS SAMARINDA,CHINOS MAMU,CHINOS CREAM S,0,5,0,0,112332,561660,561660
Sep-2026,TIGALAPANKAOS SAMARINDA,CHINOS MAMU,CHINOS CREAM S,0,5,0,0,112332,561660,561660
Okt-2026,TIGALAPANKAOS SAMARINDA,CHINOS MAMU,CHINOS CREAM S,0,5,0,0,112332,561660,561660
Feb-2026,TIGALAPANKAOS SAMARINDA,CHINOS MAMU,CHINOS CREAM XL,0,0,1,0,112332,112332,0
Mar-2026,TIGALAPANKAOS SAMARINDA,CHINOS MAMU,CHINOS CREAM XL,112332,0,0,0,112332,0,112332
Apr-2026,TIGALAPANKAOS SAMARINDA,CHINOS MAMU,CHINOS DARK GREY L,0,5,0,0,112332,561660,0
Mei-2026,TIGALAPANKAOS SAMARINDA,CHINOS MAMU,CHINOS DARK GREY L,0,5,0,0,112332,561660,561660
Jun-2026,TIGALAPANKAOS SAMARINDA,CHINOS MAMU,CHINOS DARK GREY L,0,5,0,0,112332,561660,561660
Jul-2026,TIGALAPANKAOS SAMARINDA,CHINOS MAMU,CHINOS DARK GREY L,0,5,0,0,112332,561660,561660
Agu-2026,TIGALAPANKAOS SAMARINDA,CHINOS MAMU,CHINOS DARK GREY L,0,5,0,0,112332,561660,561660
Sep-2026,TIGALAPANKAOS SAMARINDA,CHINOS MAMU,CHINOS DARK GREY L,0,5,0,0,112332,561660,561660
Okt-2026,TIGALAPANKAOS SAMARINDA,CHINOS MAMU,CHINOS DARK GREY L,0,5,0,0,112332,561660,561660
Apr-2026,TIGALAPANKAOS SAMARINDA,CHINOS MAMU,CHINOS DARK GREY M,0,5,0,0,112332,561660,0
Mei-2026,TIGALAPANKAOS SAMARINDA,CHINOS MAMU,CHINOS DARK GREY M,0,5,0,0,112332,561660,561660
Jun-2026,TIGALAPANKAOS SAMARINDA,CHINOS MAMU,CHINOS DARK GREY M,0,5,0,0,112332,561660,561660
Jul-2026,TIGALAPANKAOS SAMARINDA,CHINOS MAMU,CHINOS DARK GREY M,0,5,0,0,112332,561660,561660
Agu-2026,TIGALAPANKAOS SAMARINDA,CHINOS MAMU,CHINOS DARK GREY M,112332,5,0,0,112332,561660,561660
Sep-2026,TIGALAPANKAOS SAMARINDA,CHINOS MAMU,CHINOS DARK GREY M,0,4,0,0,112332,449328,561660
Okt-2026,TIGALAPANKAOS SAMARINDA,CHINOS MAMU,CHINOS DARK GREY M,0,4,0,0,112332,449328,449328
Apr-2026,TIGALAPANKAOS SAMARINDA,CHINOS MAMU,CHINOS DARK GREY S,0,5,5,0,112332,1123320,0
Mei-2026,TIGALAPANKAOS SAMARINDA,CHINOS MAMU,CHINOS DARK GREY S,0,10,0,0,112332,1123320,1123320
Jun-2026,TIGALAPANKAOS SAMARINDA,CHINOS MAMU,CHINOS DARK GREY S,0,10,0,0,112332,1123320,1123320
Jul-2026,TIGALAPANKAOS SAMARINDA,CHINOS MAMU,CHINOS DARK GREY S,0,10,0,0,112332,1123320,1123320
Agu-2026,TIGALAPANKAOS SAMARINDA,CHINOS MAMU,CHINOS DARK GREY S,0,10,0,0,112332,1123320,1123320
Sep-2026,TIGALAPANKAOS SAMARINDA,CHINOS MAMU,CHINOS DARK GREY S,0,10,0,0,112332,1123320,1123320
Okt-2026,TIGALAPANKAOS SAMARINDA,CHINOS MAMU,CHINOS DARK GREY S,0,10,0,0,112332,1123320,1123320
Feb-2026,DC TIGALAPAN,CHINOS MAMU,CHINOS ARMY L,0,4,0,0,112332,449328,0
Feb-2026,DC TIGALAPAN,CHINOS MAMU,CHINOS ARMY M,0,43,0,0,112332,4830276,0
Jun-2026,DC TIGALAPAN,CHINOS MAMU,CHINOS ARMY M,0,15,0,0,112332,1684980,0
Jul-2026,DC TIGALAPAN,CHINOS MAMU,CHINOS ARMY M,0,15,0,0,112332,1684980,1684980
Agu-2026,DC TIGALAPAN,CHINOS MAMU,CHINOS ARMY M,0,15,0,0,112332,1684980,1684980
Sep-2026,DC TIGALAPAN,CHINOS MAMU,CHINOS ARMY M,0,8,0,0,112332,898656,1684980
Okt-2026,DC TIGALAPAN,CHINOS MAMU,CHINOS ARMY M,0,7,0,0,112332,786324,898656
Feb-2026,DC TIGALAPAN,CHINOS MAMU,CHINOS ARMY S,0,19,0,0,112332,2134308,0
Feb-2026,DC TIGALAPAN,CHINOS MAMU,CHINOS ARMY XL,0,1,0,0,112332,112332,0
Feb-2026,DC TIGALAPAN,CHINOS MAMU,CHINOS BLACK L,0,12,0,0,112332,1347984,0
Jun-2026,DC TIGALAPAN,CHINOS MAMU,CHINOS BLACK L,0,20,0,0,112332,2246640,0
Jul-2026,DC TIGALAPAN,CHINOS MAMU,CHINOS BLACK L,0,14,0,0,112332,1572648,2246640
Agu-2026,DC TIGALAPAN,CHINOS MAMU,CHINOS BLACK L,0,1,0,0,112332,112332,1572648
Feb-2026,DC TIGALAPAN,CHINOS MAMU,CHINOS BLACK M,0,78,0,0,112332,8761896,0
Jun-2026,DC TIGALAPAN,CHINOS MAMU,CHINOS BLACK M,0,64,0,0,112332,7189248,0
Jul-2026,DC TIGALAPAN,CHINOS MAMU,CHINOS BLACK M,0,63,0,0,112332,7076916,7189248
Agu-2026,DC TIGALAPAN,CHINOS MAMU,CHINOS BLACK M,0,41,0,0,112332,4605612,7076916
Sep-2026,DC TIGALAPAN,CHINOS MAMU,CHINOS BLACK M,0,25,0,0,112332,2808300,4605612
Okt-2026,DC TIGALAPAN,CHINOS MAMU,CHINOS BLACK M,0,7,0,0,112332,786324,2808300
Feb-2026,DC TIGALAPAN,CHINOS MAMU,CHINOS BLACK S,0,41,0,0,112332,4605612,0
Jun-2026,DC TIGALAPAN,CHINOS MAMU,CHINOS BLACK S,0,60,0,0,112332,6739920,0
Jul-2026,DC TIGALAPAN,CHINOS MAMU,CHINOS BLACK S,0,56,0,0,112332,6290592,6739920
Agu-2026,DC TIGALAPAN,CHINOS MAMU,CHINOS BLACK S,0,26,0,0,112332,2920632,6290592
Sep-2026,DC TIGALAPAN,CHINOS MAMU,CHINOS BLACK S,0,15,0,0,112332,1684980,2920632
Okt-2026,DC TIGALAPAN,CHINOS MAMU,CHINOS BLACK S,0,6,0,0,112332,673992,1684980
Feb-2026,DC TIGALAPAN,CHINOS MAMU,CHINOS BLACK XL,0,1,0,0,112332,112332,0
Jun-2026,DC TIGALAPAN,CHINOS MAMU,CHINOS BLACK XL,0,55,0,0,112332,6178260,0
Jul-2026,DC TIGALAPAN,CHINOS MAMU,CHINOS BLACK XL,0,49,0,0,112332,5504268,6178260
Agu-2026,DC TIGALAPAN,CHINOS MAMU,CHINOS BLACK XL,0,29,0,0,112332,3257628,5504268
Sep-2026,DC TIGALAPAN,CHINOS MAMU,CHINOS BLACK XL,0,24,0,0,112332,2695968,3257628
Okt-2026,DC TIGALAPAN,CHINOS MAMU,CHINOS BLACK XL,0,19,0,0,112332,2134308,2695968
Feb-2026,DC TIGALAPAN,CHINOS MAMU,CHINOS BROWN SUGAR L,0,56,0,0,219000,12264000,0
Feb-2026,DC TIGALAPAN,CHINOS MAMU,CHINOS BROWN SUGAR M,0,126,0,0,219000,27594000,0
Jun-2026,DC TIGALAPAN,CHINOS MAMU,CHINOS BROWN SUGAR M,0,29,0,0,219000,6351000,0
Jul-2026,DC TIGALAPAN,CHINOS MAMU,CHINOS BROWN SUGAR M,0,24,0,0,219000,5256000,6351000
Agu-2026,DC TIGALAPAN,CHINOS MAMU,CHINOS BROWN SUGAR M,0,21,0,0,219000,4599000,5256000
Sep-2026,DC TIGALAPAN,CHINOS MAMU,CHINOS BROWN SUGAR M,0,19,0,0,219000,4161000,4599000
Okt-2026,DC TIGALAPAN,CHINOS MAMU,CHINOS BROWN SUGAR M,0,12,0,0,219000,2628000,4161000
Feb-2026,DC TIGALAPAN,CHINOS MAMU,CHINOS BROWN SUGAR S,0,84,0,0,219000,18396000,0
Jun-2026,DC TIGALAPAN,CHINOS MAMU,CHINOS BROWN SUGAR S,0,8,0,0,219000,1752000,0
Jul-2026,DC TIGALAPAN,CHINOS MAMU,CHINOS BROWN SUGAR S,0,4,0,0,219000,876000,1752000
Feb-2026,DC TIGALAPAN,CHINOS MAMU,CHINOS BROWN SUGAR XL,0,14,0,0,219000,3066000,0
Feb-2026,DC TIGALAPAN,CHINOS MAMU,CHINOS CREAM L,0,4,0,0,112332,449328,0
Jun-2026,DC TIGALAPAN,CHINOS MAMU,CHINOS CREAM L,0,15,0,0,112332,1684980,0
Jul-2026,DC TIGALAPAN,CHINOS MAMU,CHINOS CREAM L,0,11,0,0,112332,1235652,1684980
Agu-2026,DC TIGALAPAN,CHINOS MAMU,CHINOS CREAM L,0,2,0,0,112332,224664,1235652
Sep-2026,DC TIGALAPAN,CHINOS MAMU,CHINOS CREAM L,0,1,0,0,112332,112332,224664
Okt-2026,DC TIGALAPAN,CHINOS MAMU,CHINOS CREAM L,0,1,0,0,112332,112332,112332
Feb-2026,DC TIGALAPAN,CHINOS MAMU,CHINOS CREAM M,0,45,0,0,112332,5054940,0
Jun-2026,DC TIGALAPAN,CHINOS MAMU,CHINOS CREAM M,0,32,0,0,112332,3594624,0
Jul-2026,DC TIGALAPAN,CHINOS MAMU,CHINOS CREAM M,0,31,0,0,112332,3482292,3594624
Agu-2026,DC TIGALAPAN,CHINOS MAMU,CHINOS CREAM M,0,21,0,0,112332,2358972,3482292
Sep-2026,DC TIGALAPAN,CHINOS MAMU,CHINOS CREAM M,0,8,0,0,112332,898656,2358972
Okt-2026,DC TIGALAPAN,CHINOS MAMU,CHINOS CREAM M,0,8,0,0,112332,898656,898656
Feb-2026,DC TIGALAPAN,CHINOS MAMU,CHINOS CREAM S,0,23,0,0,112332,2583636,0
Jun-2026,DC TIGALAPAN,CHINOS MAMU,CHINOS CREAM S,0,50,0,0,112332,5616600,0
Jul-2026,DC TIGALAPAN,CHINOS MAMU,CHINOS CREAM S,0,45,0,0,112332,5054940,5616600
Agu-2026,DC TIGALAPAN,CHINOS MAMU,CHINOS CREAM S,0,29,0,0,112332,3257628,5054940
Sep-2026,DC TIGALAPAN,CHINOS MAMU,CHINOS CREAM S,0,24,0,0,112332,2695968,3257628
Okt-2026,DC TIGALAPAN,CHINOS MAMU,CHINOS CREAM S,0,6,0,0,112332,673992,2695968
Jun-2026,DC TIGALAPAN,CHINOS MAMU,CHINOS CREAM XL,0,45,0,0,112332,5054940,0
Jul-2026,DC TIGALAPAN,CHINOS MAMU,CHINOS CREAM XL,0,40,0,0,112332,4493280,5054940
Agu-2026,DC TIGALAPAN,CHINOS MAMU,CHINOS CREAM XL,0,24,0,0,112332,2695968,4493280
Sep-2026,DC TIGALAPAN,CHINOS MAMU,CHINOS CREAM XL,0,18,0,0,112332,2021976,2695968
Okt-2026,DC TIGALAPAN,CHINOS MAMU,CHINOS CREAM XL,0,14,0,0,112332,1572648,2021976
Feb-2026,DC TIGALAPAN,CHINOS MAMU,CHINOS DARK GREY L,0,56,0,0,112332,6290592,0
Feb-2026,DC TIGALAPAN,CHINOS MAMU,CHINOS DARK GREY M,0,126,0,0,112332,14153832,0
Jun-2026,DC TIGALAPAN,CHINOS MAMU,CHINOS DARK GREY M,0,33,0,0,112332,3706956,0
Jul-2026,DC TIGALAPAN,CHINOS MAMU,CHINOS DARK GREY M,0,33,0,0,112332,3706956,3706956
Agu-2026,DC TIGALAPAN,CHINOS MAMU,CHINOS DARK GREY M,0,28,0,0,112332,3145296,3706956
Sep-2026,DC TIGALAPAN,CHINOS MAMU,CHINOS DARK GREY M,0,23,0,0,112332,2583636,3145296
Okt-2026,DC TIGALAPAN,CHINOS MAMU,CHINOS DARK GREY M,0,18,0,0,112332,2021976,2583636
Feb-2026,DC TIGALAPAN,CHINOS MAMU,CHINOS DARK GREY S,0,84,0,0,112332,9435888,0
Jun-2026,DC TIGALAPAN,CHINOS MAMU,CHINOS DARK GREY S,0,9,0,0,112332,1010988,0
Jul-2026,DC TIGALAPAN,CHINOS MAMU,CHINOS DARK GREY S,0,9,0,0,112332,1010988,1010988
Agu-2026,DC TIGALAPAN,CHINOS MAMU,CHINOS DARK GREY S,0,9,0,0,112332,1010988,1010988
Sep-2026,DC TIGALAPAN,CHINOS MAMU,CHINOS DARK GREY S,0,4,0,0,112332,449328,1010988
Okt-2026,DC TIGALAPAN,CHINOS MAMU,CHINOS DARK GREY S,0,3,0,0,112332,336996,449328
Feb-2026,DC TIGALAPAN,CHINOS MAMU,CHINOS DARK GREY XL,0,14,0,0,112332,1572648,0
Mar-2026,DC TIGALAPAN,CHINOS MAMU,CHINOS ARMY L,0,0,0,0,112332,0,449328
Mar-2026,DC TIGALAPAN,CHINOS MAMU,CHINOS ARMY M,0,0,0,0,112332,0,4830276
Mar-2026,DC TIGALAPAN,CHINOS MAMU,CHINOS ARMY S,0,0,0,0,112332,0,2134308
Mar-2026,DC TIGALAPAN,CHINOS MAMU,CHINOS ARMY XL,0,0,0,0,112332,0,112332
Mar-2026,DC TIGALAPAN,CHINOS MAMU,CHINOS BLACK L,0,0,0,0,112332,0,1347984
Sep-2026,DC TIGALAPAN,CHINOS MAMU,CHINOS BLACK L,0,0,0,0,112332,0,112332
Mar-2026,DC TIGALAPAN,CHINOS MAMU,CHINOS BLACK M,0,0,0,0,112332,0,8761896
Mar-2026,DC TIGALAPAN,CHINOS MAMU,CHINOS BLACK S,0,0,0,0,112332,0,4605612
Mar-2026,DC TIGALAPAN,CHINOS MAMU,CHINOS BLACK XL,0,0,0,0,112332,0,112332
Mar-2026,DC TIGALAPAN,CHINOS MAMU,CHINOS BROWN SUGAR L,0,0,0,0,219000,0,12264000
Mar-2026,DC TIGALAPAN,CHINOS MAMU,CHINOS BROWN SUGAR M,0,0,0,0,219000,0,27594000
Mar-2026,DC TIGALAPAN,CHINOS MAMU,CHINOS BROWN SUGAR S,0,0,0,0,219000,0,18396000
Agu-2026,DC TIGALAPAN,CHINOS MAMU,CHINOS BROWN SUGAR S,0,0,0,0,219000,0,876000
Mar-2026,DC TIGALAPAN,CHINOS MAMU,CHINOS BROWN SUGAR XL,0,0,0,0,219000,0,3066000
Mar-2026,DC TIGALAPAN,CHINOS MAMU,CHINOS CREAM L,0,0,0,0,112332,0,449328
Mar-2026,DC TIGALAPAN,CHINOS MAMU,CHINOS CREAM M,0,0,0,0,112332,0,5054940
Mar-2026,DC TIGALAPAN,CHINOS MAMU,CHINOS CREAM S,0,0,0,0,112332,0,2583636
Mar-2026,DC TIGALAPAN,CHINOS MAMU,CHINOS DARK GREY L,0,0,0,0,112332,0,6290592
Mar-2026,DC TIGALAPAN,CHINOS MAMU,CHINOS DARK GREY M,0,0,0,0,112332,0,14153832
Mar-2026,DC TIGALAPAN,CHINOS MAMU,CHINOS DARK GREY S,0,0,0,0,112332,0,9435888
Mar-2026,DC TIGALAPAN,CHINOS MAMU,CHINOS DARK GREY XL,0,0,0,0,112332,0,1572648
