Bulan,Store,Warna,Item,COGS,OH Qty,OD Qty,WIP Qty,HPP,Inventory Akhir,Inventory Awal
Jan-2026,MAMU BTP,COACH JACKET MAMU,COACH COKLAT L,223084,0,0,0,111542,0,0
Mar-2026,MAMU BTP,COACH JACKET MAMU,COACH COKLAT L,0,0,4,0,115703,462812,0
Apr-2026,MAMU BTP,COACH JACKET MAMU,COACH COKLAT L,2803093,7,0,0,116923,818461,462812
Mei-2026,MAMU BTP,COACH JACKET MAMU,COACH COKLAT L,817530,0,0,0,111542,0,818461
Jun-2026,MAMU BTP,COACH JACKET MAMU,COACH COKLAT L,0,5,0,0,116746,583730,0
Jul-2026,MAMU BTP,COACH JACKET MAMU,COACH COKLAT L,933968,9,0,0,116746,1050714,583730
Agu-2026,MAMU BTP,COACH JACKET MAMU,COACH COKLAT L,116746,8,0,0,116746,933968,1050714
Sep-2026,MAMU BTP,COACH JACKET MAMU,COACH COKLAT L,116746,9,0,0,116746,1050714,933968
Okt-2026,MAMU BTP,COACH JACKET MAMU,COACH COKLAT L,0,9,0,0,116746,1050714,1050714
Mar-2026,MAMU BTP,COACH JACKET MAMU,COACH COKLAT M,0,0,4,0,116892,467568,0
Apr-2026,MAMU BTP,COACH JACKET MAMU,COACH COKLAT M,1520693,16,0,0,116993,1871888,467568
Mei-2026,MAMU BTP,COACH JACKET MAMU,COACH COKLAT M,467900,12,0,0,116993,1403916,1871888
Jun-2026,MAMU BTP,COACH JACKET MAMU,COACH COKLAT M,0,12,0,0,116993,1403916,1403916
Jul-2026,MAMU BTP,COACH JACKET MAMU,COACH COKLAT M,350925,11,0,0,116993,1286923,1403916
Agu-2026,MAMU BTP,COACH JACKET MAMU,COACH COKLAT M,0,8,0,0,116993,935944,1286923
Sep-2026,MAMU BTP,COACH JACKET MAMU,COACH COKLAT M,0,3,0,0,116993,350979,935944
Okt-2026,MAMU BTP,COACH JACKET MAMU,COACH COKLAT M,0,3,0,0,116993,350979,350979
Feb-2026,MAMU BTP,COACH JACKET MAMU,COACH COKLAT S,0,5,0,0,116892,584460,0
Mar-2026,MAMU BTP,COACH JACKET MAMU,COACH COKLAT S,116892,4,0,0,116892,467568,584460
Apr-2026,MAMU BTP,COACH JACKET MAMU,COACH COKLAT S,116892,6,0,0,116892,701352,467568
Mei-2026,MAMU BTP,COACH JACKET MAMU,COACH COKLAT S,0,6,0,0,116892,701352,701352
Jun-2026,MAMU BTP,COACH JACKET MAMU,COACH COKLAT S,0,6,0,0,116892,701352,701352
Jul-2026,MAMU BTP,COACH JACKET MAMU,COACH COKLAT S,233784,4,0,0,116892,467568,701352
Agu-2026,MAMU BTP,COACH JACKET MAMU,COACH COKLAT S,0,5,0,0,116892,584460,467568
Sep-2026,MAMU BTP,COACH JACKET MAMU,COACH COKLAT S,0,5,0,0,116892,584460,584460
Okt-2026,MAMU BTP,COACH JACKET MAMU,COACH COKLAT S,0,5,0,0,116892,584460,584460
Jan-2026,MAMU BTP,COACH JACKET MAMU,COACH COKLAT XL,0,2,0,0,111542,223084,0
Feb-2026,MAMU BTP,COACH JACKET MAMU,COACH COKLAT XL,0,2,0,0,116892,233784,223084
Mar-2026,MAMU BTP,COACH JACKET MAMU,COACH COKLAT XL,111542,1,0,0,116892,116892,233784
Apr-2026,MAMU BTP,COACH JACKET MAMU,COACH COKLAT XL,1165500,8,0,0,116993,935944,116892
Mei-2026,MAMU BTP,COACH JACKET MAMU,COACH COKLAT XL,0,8,0,0,116993,935944,935944
Jun-2026,MAMU BTP,COACH JACKET MAMU,COACH COKLAT XL,0,8,0,0,116993,935944,935944
Jul-2026,MAMU BTP,COACH JACKET MAMU,COACH COKLAT XL,349650,7,0,0,116993,818951,935944
Agu-2026,MAMU BTP,COACH JACKET MAMU,COACH COKLAT XL,233189,5,1,0,116993,701958,818951
Sep-2026,MAMU BTP,COACH JACKET MAMU,COACH COKLAT XL,0,6,0,0,116993,701958,701958
Okt-2026,MAMU BTP,COACH JACKET MAMU,COACH COKLAT XL,0,6,0,0,116993,701958,701958
Feb-2026,MAMU BTP,COACH JACKET MAMU,COACH DARK MUSTARD L,0,10,0,0,116941,1169410,0
Mar-2026,MAMU BTP,COACH JACKET MAMU,COACH DARK MUSTARD L,116883,9,0,0,116941,1052469,1169410
Apr-2026,MAMU BTP,COACH JACKET MAMU,COACH DARK MUSTARD L,0,9,0,0,116941,1052469,1052469
Mei-2026,MAMU BTP,COACH JACKET MAMU,COACH DARK MUSTARD L,0,9,0,0,116941,1052469,1052469
Jun-2026,MAMU BTP,COACH JACKET MAMU,COACH DARK MUSTARD L,0,9,0,0,116941,1052469,1052469
Jul-2026,MAMU BTP,COACH JACKET MAMU,COACH DARK MUSTARD L,0,11,0,0,116941,1286351,1052469
Agu-2026,MAMU BTP,COACH JACKET MAMU,COACH DARK MUSTARD L,0,11,0,0,116941,1286351,1286351
Sep-2026,MAMU BTP,COACH JACKET MAMU,COACH DARK MUSTARD L,233788,9,0,0,116941,1052469,1286351
Okt-2026,MAMU BTP,COACH JACKET MAMU,COACH DARK MUSTARD L,0,9,0,0,116941,1052469,1052469
Feb-2026,MAMU BTP,COACH JACKET MAMU,COACH DARK MUSTARD M,0,10,0,0,116883,1168830,0
Mar-2026,MAMU BTP,COACH JACKET MAMU,COACH DARK MUSTARD M,233766,8,0,0,116883,935064,1168830
Apr-2026,MAMU BTP,COACH JACKET MAMU,COACH DARK MUSTARD M,0,8,0,0,116883,935064,935064
Mei-2026,MAMU BTP,COACH JACKET MAMU,COACH DARK MUSTARD M,0,8,0,0,116883,935064,935064
Jun-2026,MAMU BTP,COACH JACKET MAMU,COACH DARK MUSTARD M,0,8,0,0,116883,935064,935064
Jul-2026,MAMU BTP,COACH JACKET MAMU,COACH DARK MUSTARD M,116883,7,0,0,116883,818181,935064
Agu-2026,MAMU BTP,COACH JACKET MAMU,COACH DARK MUSTARD M,116883,7,0,0,116883,818181,818181
Sep-2026,MAMU BTP,COACH JACKET MAMU,COACH DARK MUSTARD M,0,6,0,0,116883,701298,818181
Okt-2026,MAMU BTP,COACH JACKET MAMU,COACH DARK MUSTARD M,0,6,0,0,116883,701298,701298
Feb-2026,MAMU BTP,COACH JACKET MAMU,COACH DARK MUSTARD S,233766,8,0,0,116883,935064,0
Mar-2026,MAMU BTP,COACH JACKET MAMU,COACH DARK MUSTARD S,0,8,0,0,116883,935064,935064
Apr-2026,MAMU BTP,COACH JACKET MAMU,COACH DARK MUSTARD S,0,8,0,0,116883,935064,935064
Mei-2026,MAMU BTP,COACH JACKET MAMU,COACH DARK MUSTARD S,0,8,0,0,116883,935064,935064
Jun-2026,MAMU BTP,COACH JACKET MAMU,COACH DARK MUSTARD S,0,8,0,0,116883,935064,935064
Jul-2026,MAMU BTP,COACH JACKET MAMU,COACH DARK MUSTARD S,0,8,0,0,116883,935064,935064
Agu-2026,MAMU BTP,COACH JACKET MAMU,COACH DARK MUSTARD S,0,8,0,0,116883,935064,935064
Sep-2026,MAMU BTP,COACH JACKET MAMU,COACH DARK MUSTARD S,0,8,0,0,116883,935064,935064
Okt-2026,MAMU BTP,COACH JACKET MAMU,COACH DARK MUSTARD S,0,8,0,0,116883,935064,935064
Feb-2026,MAMU BTP,COACH JACKET MAMU,COACH DARK MUSTARD XL,0,15,0,0,116958,1754370,0
Mar-2026,MAMU BTP,COACH JACKET MAMU,COACH DARK MUSTARD XL,0,15,0,0,116958,1754370,1754370
Apr-2026,MAMU BTP,COACH JACKET MAMU,COACH DARK MUSTARD XL,0,15,0,0,116958,1754370,1754370
Mei-2026,MAMU BTP,COACH JACKET MAMU,COACH DARK MUSTARD XL,0,15,0,0,116958,1754370,1754370
Jun-2026,MAMU BTP,COACH JACKET MAMU,COACH DARK MUSTARD XL,0,15,0,0,116958,1754370,1754370
Jul-2026,MAMU BTP,COACH JACKET MAMU,COACH DARK MUSTARD XL,0,15,0,0,116958,1754370,1754370
Agu-2026,MAMU BTP,COACH JACKET MAMU,COACH DARK MUSTARD XL,0,15,0,0,116958,1754370,1754370
Sep-2026,MAMU BTP,COACH JACKET MAMU,COACH DARK MUSTARD XL,0,15,0,0,116958,1754370,1754370
Okt-2026,MAMU BTP,COACH JACKET MAMU,COACH DARK MUSTARD XL,0,15,0,0,116958,1754370,1754370
Feb-2026,MAMU BTP,COACH JACKET MAMU,COACH GREEN FOREST L,0,10,0,0,116937,1169370,0
Mar-2026,MAMU BTP,COACH JACKET MAMU,COACH GREEN FOREST L,116937,9,0,0,116937,1052433,1169370
Apr-2026,MAMU BTP,COACH JACKET MAMU,COACH GREEN FOREST L,0,9,0,0,116937,1052433,1052433
Mei-2026,MAMU BTP,COACH JACKET MAMU,COACH GREEN FOREST L,818559,3,0,0,116937,350811,1052433
Jun-2026,MAMU BTP,COACH JACKET MAMU,COACH GREEN FOREST L,116937,1,0,0,116937,116937,350811
Jul-2026,MAMU BTP,COACH JACKET MAMU,COACH GREEN FOREST L,0,3,0,0,116937,350811,116937
Agu-2026,MAMU BTP,COACH JACKET MAMU,COACH GREEN FOREST L,464444,3,0,0,116937,350811,350811
Sep-2026,MAMU BTP,COACH JACKET MAMU,COACH GREEN FOREST L,116111,2,0,0,116937,233874,350811
Okt-2026,MAMU BTP,COACH JACKET MAMU,COACH GREEN FOREST L,0,2,0,0,116937,233874,233874
Feb-2026,MAMU BTP,COACH JACKET MAMU,COACH GREEN FOREST M,0,5,0,0,116910,584550,0
Mar-2026,MAMU BTP,COACH JACKET MAMU,COACH GREEN FOREST M,233820,3,0,0,116910,350730,584550
Apr-2026,MAMU BTP,COACH JACKET MAMU,COACH GREEN FOREST M,233820,4,0,0,116910,467640,350730
Mei-2026,MAMU BTP,COACH JACKET MAMU,COACH GREEN FOREST M,584550,1,0,0,116910,116910,467640
Jun-2026,MAMU BTP,COACH JACKET MAMU,COACH GREEN FOREST M,0,0,0,0,116910,0,116910
Agu-2026,MAMU BTP,COACH JACKET MAMU,COACH GREEN FOREST M,0,1,0,0,116910,116910,0
Sep-2026,MAMU BTP,COACH JACKET MAMU,COACH GREEN FOREST M,0,1,0,0,116910,116910,116910
Okt-2026,MAMU BTP,COACH JACKET MAMU,COACH GREEN FOREST M,0,1,0,0,116910,116910,116910
Feb-2026,MAMU BTP,COACH JACKET MAMU,COACH GREEN FOREST S,0,5,0,0,116892,584460,0
Mar-2026,MAMU BTP,COACH JACKET MAMU,COACH GREEN FOREST S,116892,4,0,0,116892,467568,584460
Apr-2026,MAMU BTP,COACH JACKET MAMU,COACH GREEN FOREST S,0,8,0,0,116892,935136,467568
Mei-2026,MAMU BTP,COACH JACKET MAMU,COACH GREEN FOREST S,233784,6,0,0,116892,701352,935136
Jun-2026,MAMU BTP,COACH JACKET MAMU,COACH GREEN FOREST S,0,6,0,0,116892,701352,701352
Jul-2026,MAMU BTP,COACH JACKET MAMU,COACH GREEN FOREST S,116892,5,0,0,116892,584460,701352
Agu-2026,MAMU BTP,COACH JACKET MAMU,COACH GREEN FOREST S,349784,4,0,0,116892,467568,584460
Sep-2026,MAMU BTP,COACH JACKET MAMU,COACH GREEN FOREST S,0,4,0,0,116892,467568,467568
Okt-2026,MAMU BTP,COACH JACKET MAMU,COACH GREEN FOREST S,0,4,0,0,116892,467568,467568
Feb-2026,MAMU BTP,COACH JACKET MAMU,COACH GREEN FOREST XL,0,5,0,0,116938,584690,0
Mar-2026,MAMU BTP,COACH JACKET MAMU,COACH GREEN FOREST XL,233876,3,0,0,116938,350814,584690
Apr-2026,MAMU BTP,COACH JACKET MAMU,COACH GREEN FOREST XL,0,6,0,0,116938,701628,350814
Mei-2026,MAMU BTP,COACH JACKET MAMU,COACH GREEN FOREST XL,701628,0,0,0,111542,0,701628
Jun-2026,MAMU BTP,COACH JACKET MAMU,COACH GREEN FOREST XL,0,1,0,0,116938,116938,0
Jul-2026,MAMU BTP,COACH JACKET MAMU,COACH GREEN FOREST XL,0,1,0,0,116938,116938,116938
Agu-2026,MAMU BTP,COACH JACKET MAMU,COACH GREEN FOREST XL,465788,1,0,0,116938,116938,116938
Sep-2026,MAMU BTP,COACH JACKET MAMU,COACH GREEN FOREST XL,0,1,0,0,116938,116938,116938
Okt-2026,MAMU BTP,COACH JACKET MAMU,COACH GREEN FOREST XL,0,1,0,0,116938,116938,116938
Jan-2026,MAMU BTP,COACH JACKET MAMU,COACH HITAM L,111542,1,0,0,116179,116179,0
Feb-2026,MAMU BTP,COACH JACKET MAMU,COACH HITAM L,0,9,0,0,116873,1051857,116179
Mar-2026,MAMU BTP,COACH JACKET MAMU,COACH HITAM L,231328,7,0,0,116873,818111,1051857
Apr-2026,MAMU BTP,COACH JACKET MAMU,COACH HITAM L,231328,5,0,0,116873,584365,818111
Mei-2026,MAMU BTP,COACH JACKET MAMU,COACH HITAM L,0,5,0,0,116873,584365,584365
Jun-2026,MAMU BTP,COACH JACKET MAMU,COACH HITAM L,116571,19,0,0,116873,2220587,584365
Jul-2026,MAMU BTP,COACH JACKET MAMU,COACH HITAM L,1398852,7,0,0,116873,818111,2220587
Agu-2026,MAMU BTP,COACH JACKET MAMU,COACH HITAM L,349713,6,0,0,116873,701238,818111
Sep-2026,MAMU BTP,COACH JACKET MAMU,COACH HITAM L,116631,5,0,0,116873,584365,701238
Okt-2026,MAMU BTP,COACH JACKET MAMU,COACH HITAM L,0,5,0,0,116873,584365,584365
Feb-2026,MAMU BTP,COACH JACKET MAMU,COACH HITAM M,0,23,0,0,116855,2687665,0
Mar-2026,MAMU BTP,COACH JACKET MAMU,COACH HITAM M,0,23,0,0,116855,2687665,2687665
Apr-2026,MAMU BTP,COACH JACKET MAMU,COACH HITAM M,116744,22,0,0,116855,2570810,2687665
Mei-2026,MAMU BTP,COACH JACKET MAMU,COACH HITAM M,0,22,0,0,116855,2570810,2570810
Jun-2026,MAMU BTP,COACH JACKET MAMU,COACH HITAM M,233488,20,0,0,116855,2337100,2570810
Jul-2026,MAMU BTP,COACH JACKET MAMU,COACH HITAM M,933952,15,0,0,116855,1752825,2337100
Agu-2026,MAMU BTP,COACH JACKET MAMU,COACH HITAM M,116766,15,0,0,116855,1752825,1752825
Sep-2026,MAMU BTP,COACH JACKET MAMU,COACH HITAM M,0,14,0,0,116855,1635970,1752825
Okt-2026,MAMU BTP,COACH JACKET MAMU,COACH HITAM M,0,14,0,0,116855,1635970,1635970
Feb-2026,MAMU BTP,COACH JACKET MAMU,COACH HITAM S,116762,7,0,0,116762,817334,0
Mar-2026,MAMU BTP,COACH JACKET MAMU,COACH HITAM S,233524,5,0,0,116762,583810,817334
Apr-2026,MAMU BTP,COACH JACKET MAMU,COACH HITAM S,233524,9,0,0,116762,1050858,583810
Mei-2026,MAMU BTP,COACH JACKET MAMU,COACH HITAM S,0,9,0,0,116762,1050858,1050858
Jun-2026,MAMU BTP,COACH JACKET MAMU,COACH HITAM S,0,9,0,0,116762,1050858,1050858
Jul-2026,MAMU BTP,COACH JACKET MAMU,COACH HITAM S,0,12,0,0,116762,1401144,1050858
Agu-2026,MAMU BTP,COACH JACKET MAMU,COACH HITAM S,0,12,0,0,116762,1401144,1401144
Sep-2026,MAMU BTP,COACH JACKET MAMU,COACH HITAM S,0,12,0,0,116762,1401144,1401144
Okt-2026,MAMU BTP,COACH JACKET MAMU,COACH HITAM S,0,12,0,0,116762,1401144,1401144
Jan-2026,MAMU BTP,COACH JACKET MAMU,COACH HITAM XL,111542,1,0,0,116194,116194,0
Feb-2026,MAMU BTP,COACH JACKET MAMU,COACH HITAM XL,0,9,0,0,116911,1052199,116194
Mar-2026,MAMU BTP,COACH JACKET MAMU,COACH HITAM XL,115677,8,0,0,116911,935288,1052199
Apr-2026,MAMU BTP,COACH JACKET MAMU,COACH HITAM XL,115677,7,0,0,116911,818377,935288
Mei-2026,MAMU BTP,COACH JACKET MAMU,COACH HITAM XL,115677,6,0,0,116911,701466,818377
Jun-2026,MAMU BTP,COACH JACKET MAMU,COACH HITAM XL,115677,5,0,0,116911,584555,701466
Jul-2026,MAMU BTP,COACH JACKET MAMU,COACH HITAM XL,2099016,10,0,0,116911,1169110,584555
Agu-2026,MAMU BTP,COACH JACKET MAMU,COACH HITAM XL,116833,9,0,0,116911,1052199,1169110
Sep-2026,MAMU BTP,COACH JACKET MAMU,COACH HITAM XL,0,9,0,0,116911,1052199,1052199
Okt-2026,MAMU BTP,COACH JACKET MAMU,COACH HITAM XL,0,9,0,0,116911,1052199,1052199
Jan-2026,MAMU BTP,COACH JACKET MAMU,COACH NAVY L,111542,3,0,0,115948,347844,0
Feb-2026,MAMU BTP,COACH JACKET MAMU,COACH NAVY L,338298,5,0,0,116928,584640,347844
Mar-2026,MAMU BTP,COACH JACKET MAMU,COACH NAVY L,0,5,0,0,116928,584640,584640
Apr-2026,MAMU BTP,COACH JACKET MAMU,COACH NAVY L,232714,13,0,0,116928,1520064,584640
Mei-2026,MAMU BTP,COACH JACKET MAMU,COACH NAVY L,116357,12,0,0,116928,1403136,1520064
Jun-2026,MAMU BTP,COACH JACKET MAMU,COACH NAVY L,0,12,0,0,116928,1403136,1403136
Jul-2026,MAMU BTP,COACH JACKET MAMU,COACH NAVY L,116467,15,0,0,116928,1753920,1403136
Agu-2026,MAMU BTP,COACH JACKET MAMU,COACH NAVY L,116467,14,2,0,116928,1870848,1753920
Sep-2026,MAMU BTP,COACH JACKET MAMU,COACH NAVY L,233052,13,0,0,116928,1520064,1870848
Okt-2026,MAMU BTP,COACH JACKET MAMU,COACH NAVY L,116526,13,0,0,116928,1520064,1520064
Jan-2026,MAMU BTP,COACH JACKET MAMU,COACH NAVY M,111542,2,0,0,116892,233784,0
Feb-2026,MAMU BTP,COACH JACKET MAMU,COACH NAVY M,0,6,0,0,116951,701706,233784
Mar-2026,MAMU BTP,COACH JACKET MAMU,COACH NAVY M,115363,5,0,0,116951,584755,701706
Apr-2026,MAMU BTP,COACH JACKET MAMU,COACH NAVY M,0,15,0,0,116951,1754265,584755
Mei-2026,MAMU BTP,COACH JACKET MAMU,COACH NAVY M,0,15,0,0,116951,1754265,1754265
Jun-2026,MAMU BTP,COACH JACKET MAMU,COACH NAVY M,0,15,0,0,116951,1754265,1754265
Jul-2026,MAMU BTP,COACH JACKET MAMU,COACH NAVY M,0,18,0,0,116951,2105118,1754265
Agu-2026,MAMU BTP,COACH JACKET MAMU,COACH NAVY M,0,18,0,0,116951,2105118,2105118
Sep-2026,MAMU BTP,COACH JACKET MAMU,COACH NAVY M,0,18,0,0,116951,2105118,2105118
Okt-2026,MAMU BTP,COACH JACKET MAMU,COACH NAVY M,0,18,0,0,116951,2105118,2105118
Feb-2026,MAMU BTP,COACH JACKET MAMU,COACH NAVY S,0,5,0,0,116892,584460,0
Mar-2026,MAMU BTP,COACH JACKET MAMU,COACH NAVY S,0,5,0,0,116892,584460,584460
Apr-2026,MAMU BTP,COACH JACKET MAMU,COACH NAVY S,116892,6,0,0,116892,701352,584460
Mei-2026,MAMU BTP,COACH JACKET MAMU,COACH NAVY S,0,6,0,0,116892,701352,701352
Jun-2026,MAMU BTP,COACH JACKET MAMU,COACH NAVY S,116892,5,0,0,116892,584460,701352
Jul-2026,MAMU BTP,COACH JACKET MAMU,COACH NAVY S,0,5,0,0,116892,584460,584460
Agu-2026,MAMU BTP,COACH JACKET MAMU,COACH NAVY S,0,5,0,0,116892,584460,584460
Sep-2026,MAMU BTP,COACH JACKET MAMU,COACH NAVY S,0,5,0,0,116892,584460,584460
Okt-2026,MAMU BTP,COACH JACKET MAMU,COACH NAVY S,0,5,0,0,116892,584460,584460
Jan-2026,MAMU BTP,COACH JACKET MAMU,COACH NAVY XL,111542,0,0,0,116892,0,0
Feb-2026,MAMU BTP,COACH JACKET MAMU,COACH NAVY XL,0,2,0,0,116954,233908,0
Mar-2026,MAMU BTP,COACH JACKET MAMU,COACH NAVY XL,116892,1,0,0,116954,116954,233908
Apr-2026,MAMU BTP,COACH JACKET MAMU,COACH NAVY XL,0,21,0,0,116954,2456034,116954
Mei-2026,MAMU BTP,COACH JACKET MAMU,COACH NAVY XL,0,21,0,0,116954,2456034,2456034
Jun-2026,MAMU BTP,COACH JACKET MAMU,COACH NAVY XL,116951,20,0,0,116954,2339080,2456034
Jul-2026,MAMU BTP,COACH JACKET MAMU,COACH NAVY XL,0,22,0,0,116954,2572988,2339080
Agu-2026,MAMU BTP,COACH JACKET MAMU,COACH NAVY XL,0,22,2,0,116954,2806896,2572988
Sep-2026,MAMU BTP,COACH JACKET MAMU,COACH NAVY XL,116951,23,0,0,116954,2689942,2806896
Okt-2026,MAMU BTP,COACH JACKET MAMU,COACH NAVY XL,0,23,0,0,116954,2689942,2689942
Mar-2026,MAMU GOWA,COACH JACKET MAMU,COACH COKLAT L,233784,1,5,0,115703,694218,0
Apr-2026,MAMU GOWA,COACH JACKET MAMU,COACH COKLAT L,116918,4,0,0,116923,467692,694218
Mei-2026,MAMU GOWA,COACH JACKET MAMU,COACH COKLAT L,0,4,0,0,116746,466984,467692
Jun-2026,MAMU GOWA,COACH JACKET MAMU,COACH COKLAT L,116918,3,0,0,116746,350238,466984
Jul-2026,MAMU GOWA,COACH JACKET MAMU,COACH COKLAT L,0,5,0,0,116746,583730,350238
Agu-2026,MAMU GOWA,COACH JACKET MAMU,COACH COKLAT L,116849,5,0,0,116746,583730,583730
Sep-2026,MAMU GOWA,COACH JACKET MAMU,COACH COKLAT L,0,9,0,0,116746,1050714,583730
Okt-2026,MAMU GOWA,COACH JACKET MAMU,COACH COKLAT L,0,9,0,0,116746,1050714,1050714
Mar-2026,MAMU GOWA,COACH JACKET MAMU,COACH COKLAT M,116892,2,5,0,116892,818244,0
Apr-2026,MAMU GOWA,COACH JACKET MAMU,COACH COKLAT M,0,7,0,0,116993,818951,818244
Mei-2026,MAMU GOWA,COACH JACKET MAMU,COACH COKLAT M,116964,6,0,0,116993,701958,818951
Jun-2026,MAMU GOWA,COACH JACKET MAMU,COACH COKLAT M,0,6,0,0,116993,701958,701958
Jul-2026,MAMU GOWA,COACH JACKET MAMU,COACH COKLAT M,0,6,0,0,116993,701958,701958
Agu-2026,MAMU GOWA,COACH JACKET MAMU,COACH COKLAT M,0,6,0,0,116993,701958,701958
Sep-2026,MAMU GOWA,COACH JACKET MAMU,COACH COKLAT M,0,6,0,0,116993,701958,701958
Okt-2026,MAMU GOWA,COACH JACKET MAMU,COACH COKLAT M,0,6,0,0,116993,701958,701958
Mar-2026,MAMU GOWA,COACH JACKET MAMU,COACH COKLAT S,0,2,0,0,116892,233784,0
Apr-2026,MAMU GOWA,COACH JACKET MAMU,COACH COKLAT S,0,3,0,0,116892,350676,233784
Mei-2026,MAMU GOWA,COACH JACKET MAMU,COACH COKLAT S,116892,3,0,0,116892,350676,350676
Jun-2026,MAMU GOWA,COACH JACKET MAMU,COACH COKLAT S,0,3,0,0,116892,350676,350676
Jul-2026,MAMU GOWA,COACH JACKET MAMU,COACH COKLAT S,0,3,0,0,116892,350676,350676
Agu-2026,MAMU GOWA,COACH JACKET MAMU,COACH COKLAT S,0,3,0,0,116892,350676,350676
Sep-2026,MAMU GOWA,COACH JACKET MAMU,COACH COKLAT S,0,3,0,0,116892,350676,350676
Okt-2026,MAMU GOWA,COACH JACKET MAMU,COACH COKLAT S,0,3,0,0,116892,350676,350676
Mar-2026,MAMU GOWA,COACH JACKET MAMU,COACH COKLAT XL,116892,2,0,0,116892,233784,0
Apr-2026,MAMU GOWA,COACH JACKET MAMU,COACH COKLAT XL,0,12,0,0,116993,1403916,233784
Mei-2026,MAMU GOWA,COACH JACKET MAMU,COACH COKLAT XL,0,12,0,0,116993,1403916,1403916
Jun-2026,MAMU GOWA,COACH JACKET MAMU,COACH COKLAT XL,116976,11,0,0,116993,1286923,1403916
Jul-2026,MAMU GOWA,COACH JACKET MAMU,COACH COKLAT XL,107228,11,0,0,116993,1286923,1286923
Agu-2026,MAMU GOWA,COACH JACKET MAMU,COACH COKLAT XL,0,11,0,0,116993,1286923,1286923
Sep-2026,MAMU GOWA,COACH JACKET MAMU,COACH COKLAT XL,0,11,0,0,116993,1286923,1286923
Okt-2026,MAMU GOWA,COACH JACKET MAMU,COACH COKLAT XL,0,11,0,0,116993,1286923,1286923
Mar-2026,MAMU GOWA,COACH JACKET MAMU,COACH DARK MUSTARD L,116941,10,0,0,116941,1169410,0
Apr-2026,MAMU GOWA,COACH JACKET MAMU,COACH DARK MUSTARD L,0,7,0,0,116941,818587,1169410
Mei-2026,MAMU GOWA,COACH JACKET MAMU,COACH DARK MUSTARD L,0,7,0,0,116941,818587,818587
Jun-2026,MAMU GOWA,COACH JACKET MAMU,COACH DARK MUSTARD L,116941,6,0,0,116941,701646,818587
Jul-2026,MAMU GOWA,COACH JACKET MAMU,COACH DARK MUSTARD L,0,6,3,0,116941,1052469,701646
Agu-2026,MAMU GOWA,COACH JACKET MAMU,COACH DARK MUSTARD L,0,9,0,0,116941,1052469,1052469
Sep-2026,MAMU GOWA,COACH JACKET MAMU,COACH DARK MUSTARD L,0,9,0,0,116941,1052469,1052469
Okt-2026,MAMU GOWA,COACH JACKET MAMU,COACH DARK MUSTARD L,0,9,0,0,116941,1052469,1052469
Mar-2026,MAMU GOWA,COACH JACKET MAMU,COACH DARK MUSTARD M,233766,5,0,0,116883,584415,0
Apr-2026,MAMU GOWA,COACH JACKET MAMU,COACH DARK MUSTARD M,0,8,0,0,116883,935064,584415
Mei-2026,MAMU GOWA,COACH JACKET MAMU,COACH DARK MUSTARD M,116883,7,0,0,116883,818181,935064
Jun-2026,MAMU GOWA,COACH JACKET MAMU,COACH DARK MUSTARD M,0,7,0,0,116883,818181,818181
Jul-2026,MAMU GOWA,COACH JACKET MAMU,COACH DARK MUSTARD M,0,7,0,0,116883,818181,818181
Agu-2026,MAMU GOWA,COACH JACKET MAMU,COACH DARK MUSTARD M,0,7,0,0,116883,818181,818181
Sep-2026,MAMU GOWA,COACH JACKET MAMU,COACH DARK MUSTARD M,0,7,0,0,116883,818181,818181
Okt-2026,MAMU GOWA,COACH JACKET MAMU,COACH DARK MUSTARD M,0,7,0,0,116883,818181,818181
Mar-2026,MAMU GOWA,COACH JACKET MAMU,COACH DARK MUSTARD S,0,6,0,0,116883,701298,0
Apr-2026,MAMU GOWA,COACH JACKET MAMU,COACH DARK MUSTARD S,0,0,0,0,116883,0,701298
Mar-2026,MAMU GOWA,COACH JACKET MAMU,COACH DARK MUSTARD XL,116958,5,0,0,116958,584790,0
Apr-2026,MAMU GOWA,COACH JACKET MAMU,COACH DARK MUSTARD XL,0,9,0,0,116958,1052622,584790
Mei-2026,MAMU GOWA,COACH JACKET MAMU,COACH DARK MUSTARD XL,0,9,0,0,116958,1052622,1052622
Jun-2026,MAMU GOWA,COACH JACKET MAMU,COACH DARK MUSTARD XL,0,9,0,0,116958,1052622,1052622
Jul-2026,MAMU GOWA,COACH JACKET MAMU,COACH DARK MUSTARD XL,0,8,0,0,116958,935664,1052622
Agu-2026,MAMU GOWA,COACH JACKET MAMU,COACH DARK MUSTARD XL,0,8,0,0,116958,935664,935664
Sep-2026,MAMU GOWA,COACH JACKET MAMU,COACH DARK MUSTARD XL,0,8,0,0,116958,935664,935664
Okt-2026,MAMU GOWA,COACH JACKET MAMU,COACH DARK MUSTARD XL,0,8,0,0,116958,935664,935664
Mar-2026,MAMU GOWA,COACH JACKET MAMU,COACH GREEN FOREST L,0,10,0,0,116937,1169370,0
Apr-2026,MAMU GOWA,COACH JACKET MAMU,COACH GREEN FOREST L,0,10,0,0,116937,1169370,1169370
Mei-2026,MAMU GOWA,COACH JACKET MAMU,COACH GREEN FOREST L,0,10,0,0,116937,1169370,1169370
Jun-2026,MAMU GOWA,COACH JACKET MAMU,COACH GREEN FOREST L,116937,9,0,0,116937,1052433,1169370
Jul-2026,MAMU GOWA,COACH JACKET MAMU,COACH GREEN FOREST L,0,9,0,0,116937,1052433,1052433
Agu-2026,MAMU GOWA,COACH JACKET MAMU,COACH GREEN FOREST L,0,9,0,0,116937,1052433,1052433
Sep-2026,MAMU GOWA,COACH JACKET MAMU,COACH GREEN FOREST L,116937,8,0,0,116937,935496,1052433
Okt-2026,MAMU GOWA,COACH JACKET MAMU,COACH GREEN FOREST L,0,8,0,0,116937,935496,935496
Mar-2026,MAMU GOWA,COACH JACKET MAMU,COACH GREEN FOREST M,116910,6,0,0,116910,701460,0
Apr-2026,MAMU GOWA,COACH JACKET MAMU,COACH GREEN FOREST M,0,6,0,0,116910,701460,701460
Mei-2026,MAMU GOWA,COACH JACKET MAMU,COACH GREEN FOREST M,0,6,0,0,116910,701460,701460
Jun-2026,MAMU GOWA,COACH JACKET MAMU,COACH GREEN FOREST M,0,6,0,0,116910,701460,701460
Jul-2026,MAMU GOWA,COACH JACKET MAMU,COACH GREEN FOREST M,0,6,0,0,116910,701460,701460
Agu-2026,MAMU GOWA,COACH JACKET MAMU,COACH GREEN FOREST M,0,6,0,0,116910,701460,701460
Sep-2026,MAMU GOWA,COACH JACKET MAMU,COACH GREEN FOREST M,0,6,0,0,116910,701460,701460
Okt-2026,MAMU GOWA,COACH JACKET MAMU,COACH GREEN FOREST M,0,6,0,0,116910,701460,701460
Mar-2026,MAMU GOWA,COACH JACKET MAMU,COACH GREEN FOREST S,0,5,0,0,116892,584460,0
Apr-2026,MAMU GOWA,COACH JACKET MAMU,COACH GREEN FOREST S,0,7,0,0,116892,818244,584460
Mei-2026,MAMU GOWA,COACH JACKET MAMU,COACH GREEN FOREST S,0,7,0,0,116892,818244,818244
Jun-2026,MAMU GOWA,COACH JACKET MAMU,COACH GREEN FOREST S,0,7,0,0,116892,818244,818244
Jul-2026,MAMU GOWA,COACH JACKET MAMU,COACH GREEN FOREST S,0,7,0,0,116892,818244,818244
Agu-2026,MAMU GOWA,COACH JACKET MAMU,COACH GREEN FOREST S,0,7,0,0,116892,818244,818244
Sep-2026,MAMU GOWA,COACH JACKET MAMU,COACH GREEN FOREST S,0,7,0,0,116892,818244,818244
Okt-2026,MAMU GOWA,COACH JACKET MAMU,COACH GREEN FOREST S,0,7,0,0,116892,818244,818244
Mar-2026,MAMU GOWA,COACH JACKET MAMU,COACH GREEN FOREST XL,116938,3,0,0,116938,350814,0
Apr-2026,MAMU GOWA,COACH JACKET MAMU,COACH GREEN FOREST XL,0,5,0,0,116938,584690,350814
Mei-2026,MAMU GOWA,COACH JACKET MAMU,COACH GREEN FOREST XL,116938,4,0,0,116938,467752,584690
Jun-2026,MAMU GOWA,COACH JACKET MAMU,COACH GREEN FOREST XL,0,4,0,0,116938,467752,467752
Jul-2026,MAMU GOWA,COACH JACKET MAMU,COACH GREEN FOREST XL,0,4,0,0,116938,467752,467752
Agu-2026,MAMU GOWA,COACH JACKET MAMU,COACH GREEN FOREST XL,0,4,0,0,116938,467752,467752
Sep-2026,MAMU GOWA,COACH JACKET MAMU,COACH GREEN FOREST XL,0,4,0,0,116938,467752,467752
Okt-2026,MAMU GOWA,COACH JACKET MAMU,COACH GREEN FOREST XL,0,4,0,0,116938,467752,467752
Mar-2026,MAMU GOWA,COACH JACKET MAMU,COACH HITAM L,0,30,0,0,116873,3506190,0
Apr-2026,MAMU GOWA,COACH JACKET MAMU,COACH HITAM L,0,30,0,0,116873,3506190,3506190
Mei-2026,MAMU GOWA,COACH JACKET MAMU,COACH HITAM L,0,30,0,0,116873,3506190,3506190
Jun-2026,MAMU GOWA,COACH JACKET MAMU,COACH HITAM L,116873,29,0,0,116873,3389317,3506190
Jul-2026,MAMU GOWA,COACH JACKET MAMU,COACH HITAM L,0,29,0,0,116873,3389317,3389317
Agu-2026,MAMU GOWA,COACH JACKET MAMU,COACH HITAM L,0,29,0,0,116873,3389317,3389317
Sep-2026,MAMU GOWA,COACH JACKET MAMU,COACH HITAM L,1285603,18,0,0,116873,2103714,3389317
Okt-2026,MAMU GOWA,COACH JACKET MAMU,COACH HITAM L,0,18,0,0,116873,2103714,2103714
Mar-2026,MAMU GOWA,COACH JACKET MAMU,COACH HITAM M,350565,17,0,0,116855,1986535,0
Apr-2026,MAMU GOWA,COACH JACKET MAMU,COACH HITAM M,0,16,0,0,116855,1869680,1986535
Mei-2026,MAMU GOWA,COACH JACKET MAMU,COACH HITAM M,0,13,0,0,116855,1519115,1869680
Jun-2026,MAMU GOWA,COACH JACKET MAMU,COACH HITAM M,0,13,0,0,116855,1519115,1519115
Jul-2026,MAMU GOWA,COACH JACKET MAMU,COACH HITAM M,0,13,2,0,116855,1752825,1519115
Agu-2026,MAMU GOWA,COACH JACKET MAMU,COACH HITAM M,0,15,0,0,116855,1752825,1752825
Sep-2026,MAMU GOWA,COACH JACKET MAMU,COACH HITAM M,1051695,6,0,0,116855,701130,1752825
Okt-2026,MAMU GOWA,COACH JACKET MAMU,COACH HITAM M,0,6,0,0,116855,701130,701130
Mar-2026,MAMU GOWA,COACH JACKET MAMU,COACH HITAM S,116762,6,0,0,116762,700572,0
Apr-2026,MAMU GOWA,COACH JACKET MAMU,COACH HITAM S,0,5,0,0,116762,583810,700572
Mei-2026,MAMU GOWA,COACH JACKET MAMU,COACH HITAM S,0,6,0,0,116762,700572,583810
Jun-2026,MAMU GOWA,COACH JACKET MAMU,COACH HITAM S,0,6,0,0,116762,700572,700572
Jul-2026,MAMU GOWA,COACH JACKET MAMU,COACH HITAM S,0,6,0,0,116762,700572,700572
Agu-2026,MAMU GOWA,COACH JACKET MAMU,COACH HITAM S,116762,5,0,0,116762,583810,700572
Sep-2026,MAMU GOWA,COACH JACKET MAMU,COACH HITAM S,0,5,0,0,116762,583810,583810
Okt-2026,MAMU GOWA,COACH JACKET MAMU,COACH HITAM S,0,5,0,0,116762,583810,583810
Mar-2026,MAMU GOWA,COACH JACKET MAMU,COACH HITAM XL,116911,19,0,0,116911,2221309,0
Apr-2026,MAMU GOWA,COACH JACKET MAMU,COACH HITAM XL,0,19,0,0,116911,2221309,2221309
Mei-2026,MAMU GOWA,COACH JACKET MAMU,COACH HITAM XL,0,19,0,0,116911,2221309,2221309
Jun-2026,MAMU GOWA,COACH JACKET MAMU,COACH HITAM XL,0,19,0,0,116911,2221309,2221309
Jul-2026,MAMU GOWA,COACH JACKET MAMU,COACH HITAM XL,0,18,0,0,116911,2104398,2221309
Agu-2026,MAMU GOWA,COACH JACKET MAMU,COACH HITAM XL,0,18,0,0,116911,2104398,2104398
Sep-2026,MAMU GOWA,COACH JACKET MAMU,COACH HITAM XL,467644,14,0,0,116911,1636754,2104398
Okt-2026,MAMU GOWA,COACH JACKET MAMU,COACH HITAM XL,0,14,0,0,116911,1636754,1636754
Mar-2026,MAMU GOWA,COACH JACKET MAMU,COACH NAVY L,116928,18,0,0,116928,2104704,0
Apr-2026,MAMU GOWA,COACH JACKET MAMU,COACH NAVY L,0,18,0,0,116928,2104704,2104704
Mei-2026,MAMU GOWA,COACH JACKET MAMU,COACH NAVY L,0,18,0,0,116928,2104704,2104704
Jun-2026,MAMU GOWA,COACH JACKET MAMU,COACH NAVY L,0,18,0,0,116928,2104704,2104704
Jul-2026,MAMU GOWA,COACH JACKET MAMU,COACH NAVY L,0,18,0,0,116928,2104704,2104704
Agu-2026,MAMU GOWA,COACH JACKET MAMU,COACH NAVY L,0,18,0,0,116928,2104704,2104704
Sep-2026,MAMU GOWA,COACH JACKET MAMU,COACH NAVY L,116928,17,0,0,116928,1987776,2104704
Okt-2026,MAMU GOWA,COACH JACKET MAMU,COACH NAVY L,0,17,0,0,116928,1987776,1987776
Mar-2026,MAMU GOWA,COACH JACKET MAMU,COACH NAVY M,0,17,0,0,116951,1988167,0
Apr-2026,MAMU GOWA,COACH JACKET MAMU,COACH NAVY M,0,15,0,0,116951,1754265,1988167
Mei-2026,MAMU GOWA,COACH JACKET MAMU,COACH NAVY M,0,15,0,0,116951,1754265,1754265
Jun-2026,MAMU GOWA,COACH JACKET MAMU,COACH NAVY M,116951,14,0,0,116951,1637314,1754265
Jul-2026,MAMU GOWA,COACH JACKET MAMU,COACH NAVY M,0,14,2,0,116951,1871216,1637314
Agu-2026,MAMU GOWA,COACH JACKET MAMU,COACH NAVY M,116944,15,0,0,116951,1754265,1871216
Sep-2026,MAMU GOWA,COACH JACKET MAMU,COACH NAVY M,116944,14,0,0,116951,1637314,1754265
Okt-2026,MAMU GOWA,COACH JACKET MAMU,COACH NAVY M,0,14,0,0,116951,1637314,1637314
Mar-2026,MAMU GOWA,COACH JACKET MAMU,COACH NAVY S,0,3,0,0,116892,350676,0
Apr-2026,MAMU GOWA,COACH JACKET MAMU,COACH NAVY S,0,5,0,0,116892,584460,350676
Mei-2026,MAMU GOWA,COACH JACKET MAMU,COACH NAVY S,0,5,0,0,116892,584460,584460
Jun-2026,MAMU GOWA,COACH JACKET MAMU,COACH NAVY S,0,5,0,0,116892,584460,584460
Jul-2026,MAMU GOWA,COACH JACKET MAMU,COACH NAVY S,0,5,0,0,116892,584460,584460
Agu-2026,MAMU GOWA,COACH JACKET MAMU,COACH NAVY S,0,5,0,0,116892,584460,584460
Sep-2026,MAMU GOWA,COACH JACKET MAMU,COACH NAVY S,0,5,0,0,116892,584460,584460
Okt-2026,MAMU GOWA,COACH JACKET MAMU,COACH NAVY S,0,5,0,0,116892,584460,584460
Mar-2026,MAMU GOWA,COACH JACKET MAMU,COACH NAVY XL,0,15,0,0,116954,1754310,0
Apr-2026,MAMU GOWA,COACH JACKET MAMU,COACH NAVY XL,0,15,0,0,116954,1754310,1754310
Mei-2026,MAMU GOWA,COACH JACKET MAMU,COACH NAVY XL,0,15,0,0,116954,1754310,1754310
Jun-2026,MAMU GOWA,COACH JACKET MAMU,COACH NAVY XL,0,15,0,0,116954,1754310,1754310
Jul-2026,MAMU GOWA,COACH JACKET MAMU,COACH NAVY XL,0,15,0,0,116954,1754310,1754310
Agu-2026,MAMU GOWA,COACH JACKET MAMU,COACH NAVY XL,0,15,0,0,116954,1754310,1754310
Sep-2026,MAMU GOWA,COACH JACKET MAMU,COACH NAVY XL,0,15,0,0,116954,1754310,1754310
Okt-2026,MAMU GOWA,COACH JACKET MAMU,COACH NAVY XL,0,15,0,0,116954,1754310,1754310
Jan-2026,MAMU KENDARI,COACH JACKET MAMU,COACH COKLAT L,0,6,0,0,111542,669252,0
Feb-2026,MAMU KENDARI,COACH JACKET MAMU,COACH COKLAT L,0,6,0,0,116892,701352,669252
Mar-2026,MAMU KENDARI,COACH JACKET MAMU,COACH COKLAT L,111542,4,0,0,115703,462812,701352
Apr-2026,MAMU KENDARI,COACH JACKET MAMU,COACH COKLAT L,0,4,0,0,116923,467692,462812
Mei-2026,MAMU KENDARI,COACH JACKET MAMU,COACH COKLAT L,111542,3,0,0,116746,350238,467692
Jun-2026,MAMU KENDARI,COACH JACKET MAMU,COACH COKLAT L,0,3,0,0,116746,350238,350238
Jul-2026,MAMU KENDARI,COACH JACKET MAMU,COACH COKLAT L,111542,2,0,0,116746,233492,350238
Agu-2026,MAMU KENDARI,COACH JACKET MAMU,COACH COKLAT L,0,2,0,0,116746,233492,233492
Sep-2026,MAMU KENDARI,COACH JACKET MAMU,COACH COKLAT L,0,2,0,0,116746,233492,233492
Okt-2026,MAMU KENDARI,COACH JACKET MAMU,COACH COKLAT L,0,2,0,0,116746,233492,233492
Jan-2026,MAMU KENDARI,COACH JACKET MAMU,COACH COKLAT M,0,2,0,0,111542,223084,0
Feb-2026,MAMU KENDARI,COACH JACKET MAMU,COACH COKLAT M,0,2,0,0,116892,233784,223084
Mar-2026,MAMU KENDARI,COACH JACKET MAMU,COACH COKLAT M,111542,1,0,0,116892,116892,233784
Apr-2026,MAMU KENDARI,COACH JACKET MAMU,COACH COKLAT M,0,1,0,0,116993,116993,116892
Mei-2026,MAMU KENDARI,COACH JACKET MAMU,COACH COKLAT M,111542,0,0,0,111542,0,116993
Jan-2026,MAMU KENDARI,COACH JACKET MAMU,COACH COKLAT XL,0,1,0,0,111542,111542,0
Feb-2026,MAMU KENDARI,COACH JACKET MAMU,COACH COKLAT XL,0,3,0,0,116892,350676,111542
Mar-2026,MAMU KENDARI,COACH JACKET MAMU,COACH COKLAT XL,111542,2,0,0,116892,233784,350676
Apr-2026,MAMU KENDARI,COACH JACKET MAMU,COACH COKLAT XL,0,2,0,0,116993,233986,233784
Mei-2026,MAMU KENDARI,COACH JACKET MAMU,COACH COKLAT XL,0,2,0,0,116993,233986,233986
Jun-2026,MAMU KENDARI,COACH JACKET MAMU,COACH COKLAT XL,0,2,0,0,116993,233986,233986
Jul-2026,MAMU KENDARI,COACH JACKET MAMU,COACH COKLAT XL,0,2,0,0,116993,233986,233986
Agu-2026,MAMU KENDARI,COACH JACKET MAMU,COACH COKLAT XL,0,2,0,0,116993,233986,233986
Sep-2026,MAMU KENDARI,COACH JACKET MAMU,COACH COKLAT XL,0,2,0,0,116993,233986,233986
Okt-2026,MAMU KENDARI,COACH JACKET MAMU,COACH COKLAT XL,0,2,0,0,116993,233986,233986
Apr-2026,MAMU KENDARI,COACH JACKET MAMU,COACH DARK MUSTARD L,0,2,0,0,116941,233882,0
Mei-2026,MAMU KENDARI,COACH JACKET MAMU,COACH DARK MUSTARD L,0,2,0,0,116941,233882,233882
Jun-2026,MAMU KENDARI,COACH JACKET MAMU,COACH DARK MUSTARD L,0,2,0,0,116941,233882,233882
Jul-2026,MAMU KENDARI,COACH JACKET MAMU,COACH DARK MUSTARD L,0,2,0,0,116941,233882,233882
Agu-2026,MAMU KENDARI,COACH JACKET MAMU,COACH DARK MUSTARD L,0,2,0,0,116941,233882,233882
Sep-2026,MAMU KENDARI,COACH JACKET MAMU,COACH DARK MUSTARD L,0,2,0,0,116941,233882,233882
Okt-2026,MAMU KENDARI,COACH JACKET MAMU,COACH DARK MUSTARD L,0,2,0,0,116941,233882,233882
Apr-2026,MAMU KENDARI,COACH JACKET MAMU,COACH DARK MUSTARD M,0,1,0,0,116883,116883,0
Mei-2026,MAMU KENDARI,COACH JACKET MAMU,COACH DARK MUSTARD M,0,1,0,0,116883,116883,116883
Jun-2026,MAMU KENDARI,COACH JACKET MAMU,COACH DARK MUSTARD M,0,1,0,0,116883,116883,116883
Jul-2026,MAMU KENDARI,COACH JACKET MAMU,COACH DARK MUSTARD M,0,1,0,0,116883,116883,116883
Agu-2026,MAMU KENDARI,COACH JACKET MAMU,COACH DARK MUSTARD M,0,1,0,0,116883,116883,116883
Sep-2026,MAMU KENDARI,COACH JACKET MAMU,COACH DARK MUSTARD M,0,1,0,0,116883,116883,116883
Okt-2026,MAMU KENDARI,COACH JACKET MAMU,COACH DARK MUSTARD M,0,1,0,0,116883,116883,116883
Apr-2026,MAMU KENDARI,COACH JACKET MAMU,COACH DARK MUSTARD S,0,1,0,0,116883,116883,0
Mei-2026,MAMU KENDARI,COACH JACKET MAMU,COACH DARK MUSTARD S,0,1,0,0,116883,116883,116883
Jun-2026,MAMU KENDARI,COACH JACKET MAMU,COACH DARK MUSTARD S,0,1,0,0,116883,116883,116883
Jul-2026,MAMU KENDARI,COACH JACKET MAMU,COACH DARK MUSTARD S,0,1,0,0,116883,116883,116883
Agu-2026,MAMU KENDARI,COACH JACKET MAMU,COACH DARK MUSTARD S,0,1,0,0,116883,116883,116883
Sep-2026,MAMU KENDARI,COACH JACKET MAMU,COACH DARK MUSTARD S,0,1,0,0,116883,116883,116883
Okt-2026,MAMU KENDARI,COACH JACKET MAMU,COACH DARK MUSTARD S,0,1,0,0,116883,116883,116883
Apr-2026,MAMU KENDARI,COACH JACKET MAMU,COACH DARK MUSTARD XL,0,1,0,0,116958,116958,0
Mei-2026,MAMU KENDARI,COACH JACKET MAMU,COACH DARK MUSTARD XL,0,1,0,0,116958,116958,116958
Jun-2026,MAMU KENDARI,COACH JACKET MAMU,COACH DARK MUSTARD XL,0,1,0,0,116958,116958,116958
Jul-2026,MAMU KENDARI,COACH JACKET MAMU,COACH DARK MUSTARD XL,0,1,0,0,116958,116958,116958
Agu-2026,MAMU KENDARI,COACH JACKET MAMU,COACH DARK MUSTARD XL,0,1,0,0,116958,116958,116958
Sep-2026,MAMU KENDARI,COACH JACKET MAMU,COACH DARK MUSTARD XL,0,1,0,0,116958,116958,116958
Okt-2026,MAMU KENDARI,COACH JACKET MAMU,COACH DARK MUSTARD XL,0,1,0,0,116958,116958,116958
Jan-2026,MAMU KENDARI,COACH JACKET MAMU,COACH GREEN FOREST L,0,3,0,0,111542,334626,0
Feb-2026,MAMU KENDARI,COACH JACKET MAMU,COACH GREEN FOREST L,0,3,0,0,116937,350811,334626
Mar-2026,MAMU KENDARI,COACH JACKET MAMU,COACH GREEN FOREST L,111542,2,0,0,116937,233874,350811
Apr-2026,MAMU KENDARI,COACH JACKET MAMU,COACH GREEN FOREST L,0,2,0,0,116937,233874,233874
Mei-2026,MAMU KENDARI,COACH JACKET MAMU,COACH GREEN FOREST L,0,2,0,0,116937,233874,233874
Jun-2026,MAMU KENDARI,COACH JACKET MAMU,COACH GREEN FOREST L,0,2,0,0,116937,233874,233874
Jul-2026,MAMU KENDARI,COACH JACKET MAMU,COACH GREEN FOREST L,0,2,0,0,116937,233874,233874
Agu-2026,MAMU KENDARI,COACH JACKET MAMU,COACH GREEN FOREST L,0,2,0,0,116937,233874,233874
Sep-2026,MAMU KENDARI,COACH JACKET MAMU,COACH GREEN FOREST L,0,2,0,0,116937,233874,233874
Okt-2026,MAMU KENDARI,COACH JACKET MAMU,COACH GREEN FOREST L,0,2,0,0,116937,233874,233874
Jan-2026,MAMU KENDARI,COACH JACKET MAMU,COACH GREEN FOREST M,0,1,0,0,111542,111542,0
Feb-2026,MAMU KENDARI,COACH JACKET MAMU,COACH GREEN FOREST M,0,1,0,0,116910,116910,111542
Mar-2026,MAMU KENDARI,COACH JACKET MAMU,COACH GREEN FOREST M,0,1,0,0,116910,116910,116910
Apr-2026,MAMU KENDARI,COACH JACKET MAMU,COACH GREEN FOREST M,0,1,0,0,116910,116910,116910
Mei-2026,MAMU KENDARI,COACH JACKET MAMU,COACH GREEN FOREST M,0,1,0,0,116910,116910,116910
Jun-2026,MAMU KENDARI,COACH JACKET MAMU,COACH GREEN FOREST M,0,1,0,0,116910,116910,116910
Jul-2026,MAMU KENDARI,COACH JACKET MAMU,COACH GREEN FOREST M,0,1,0,0,116910,116910,116910
Agu-2026,MAMU KENDARI,COACH JACKET MAMU,COACH GREEN FOREST M,0,1,0,0,116910,116910,116910
Sep-2026,MAMU KENDARI,COACH JACKET MAMU,COACH GREEN FOREST M,0,1,0,0,116910,116910,116910
Okt-2026,MAMU KENDARI,COACH JACKET MAMU,COACH GREEN FOREST M,0,1,0,0,116910,116910,116910
Jan-2026,MAMU KENDARI,COACH JACKET MAMU,COACH GREEN FOREST XL,0,2,0,0,111542,223084,0
Feb-2026,MAMU KENDARI,COACH JACKET MAMU,COACH GREEN FOREST XL,0,2,0,0,116938,233876,223084
Mar-2026,MAMU KENDARI,COACH JACKET MAMU,COACH GREEN FOREST XL,111542,1,0,0,116938,116938,233876
Apr-2026,MAMU KENDARI,COACH JACKET MAMU,COACH GREEN FOREST XL,0,1,0,0,116938,116938,116938
Mei-2026,MAMU KENDARI,COACH JACKET MAMU,COACH GREEN FOREST XL,0,1,0,0,116938,116938,116938
Jun-2026,MAMU KENDARI,COACH JACKET MAMU,COACH GREEN FOREST XL,0,1,0,0,116938,116938,116938
Jul-2026,MAMU KENDARI,COACH JACKET MAMU,COACH GREEN FOREST XL,0,1,0,0,116938,116938,116938
Agu-2026,MAMU KENDARI,COACH JACKET MAMU,COACH GREEN FOREST XL,0,1,0,0,116938,116938,116938
Sep-2026,MAMU KENDARI,COACH JACKET MAMU,COACH GREEN FOREST XL,0,1,0,0,116938,116938,116938
Okt-2026,MAMU KENDARI,COACH JACKET MAMU,COACH GREEN FOREST XL,0,1,0,0,116938,116938,116938
Jan-2026,MAMU KENDARI,COACH JACKET MAMU,COACH HITAM L,0,8,0,0,116179,929432,0
Feb-2026,MAMU KENDARI,COACH JACKET MAMU,COACH HITAM L,0,8,0,0,116873,934984,929432
Mar-2026,MAMU KENDARI,COACH JACKET MAMU,COACH HITAM L,0,8,0,0,116873,934984,934984
Apr-2026,MAMU KENDARI,COACH JACKET MAMU,COACH HITAM L,0,8,0,0,116873,934984,934984
Mei-2026,MAMU KENDARI,COACH JACKET MAMU,COACH HITAM L,0,8,0,0,116873,934984,934984
Jun-2026,MAMU KENDARI,COACH JACKET MAMU,COACH HITAM L,0,8,0,0,116873,934984,934984
Jul-2026,MAMU KENDARI,COACH JACKET MAMU,COACH HITAM L,0,8,0,0,116873,934984,934984
Agu-2026,MAMU KENDARI,COACH JACKET MAMU,COACH HITAM L,0,8,0,0,116873,934984,934984
Sep-2026,MAMU KENDARI,COACH JACKET MAMU,COACH HITAM L,0,8,0,0,116873,934984,934984
Okt-2026,MAMU KENDARI,COACH JACKET MAMU,COACH HITAM L,0,8,0,0,116873,934984,934984
Jan-2026,MAMU KENDARI,COACH JACKET MAMU,COACH HITAM M,0,4,0,0,116535,466140,0
Feb-2026,MAMU KENDARI,COACH JACKET MAMU,COACH HITAM M,0,4,0,0,116855,467420,466140
Mar-2026,MAMU KENDARI,COACH JACKET MAMU,COACH HITAM M,0,4,0,0,116855,467420,467420
Apr-2026,MAMU KENDARI,COACH JACKET MAMU,COACH HITAM M,0,4,0,0,116855,467420,467420
Mei-2026,MAMU KENDARI,COACH JACKET MAMU,COACH HITAM M,0,4,0,0,116855,467420,467420
Jun-2026,MAMU KENDARI,COACH JACKET MAMU,COACH HITAM M,0,4,0,0,116855,467420,467420
Jul-2026,MAMU KENDARI,COACH JACKET MAMU,COACH HITAM M,0,4,0,0,116855,467420,467420
Agu-2026,MAMU KENDARI,COACH JACKET MAMU,COACH HITAM M,0,4,0,0,116855,467420,467420
Sep-2026,MAMU KENDARI,COACH JACKET MAMU,COACH HITAM M,0,4,0,0,116855,467420,467420
Okt-2026,MAMU KENDARI,COACH JACKET MAMU,COACH HITAM M,0,4,0,0,116855,467420,467420
Jan-2026,MAMU KENDARI,COACH JACKET MAMU,COACH HITAM S,0,2,0,0,116762,233524,0
Feb-2026,MAMU KENDARI,COACH JACKET MAMU,COACH HITAM S,0,2,0,0,116762,233524,233524
Mar-2026,MAMU KENDARI,COACH JACKET MAMU,COACH HITAM S,111542,1,0,0,116762,116762,233524
Apr-2026,MAMU KENDARI,COACH JACKET MAMU,COACH HITAM S,0,1,0,0,116762,116762,116762
Mei-2026,MAMU KENDARI,COACH JACKET MAMU,COACH HITAM S,0,1,0,0,116762,116762,116762
Jun-2026,MAMU KENDARI,COACH JACKET MAMU,COACH HITAM S,0,1,0,0,116762,116762,116762
Jul-2026,MAMU KENDARI,COACH JACKET MAMU,COACH HITAM S,0,1,0,0,116762,116762,116762
Agu-2026,MAMU KENDARI,COACH JACKET MAMU,COACH HITAM S,0,1,0,0,116762,116762,116762
Sep-2026,MAMU KENDARI,COACH JACKET MAMU,COACH HITAM S,0,1,0,0,116762,116762,116762
Okt-2026,MAMU KENDARI,COACH JACKET MAMU,COACH HITAM S,0,1,0,0,116762,116762,116762
Jan-2026,MAMU KENDARI,COACH JACKET MAMU,COACH HITAM XL,111542,3,0,0,116194,348582,0
Feb-2026,MAMU KENDARI,COACH JACKET MAMU,COACH HITAM XL,0,3,0,0,116911,350733,348582
Mar-2026,MAMU KENDARI,COACH JACKET MAMU,COACH HITAM XL,0,3,0,0,116911,350733,350733
Apr-2026,MAMU KENDARI,COACH JACKET MAMU,COACH HITAM XL,0,3,0,0,116911,350733,350733
Mei-2026,MAMU KENDARI,COACH JACKET MAMU,COACH HITAM XL,0,3,0,0,116911,350733,350733
Jun-2026,MAMU KENDARI,COACH JACKET MAMU,COACH HITAM XL,0,3,0,0,116911,350733,350733
Jul-2026,MAMU KENDARI,COACH JACKET MAMU,COACH HITAM XL,0,3,0,0,116911,350733,350733
Agu-2026,MAMU KENDARI,COACH JACKET MAMU,COACH HITAM XL,0,3,0,0,116911,350733,350733
Sep-2026,MAMU KENDARI,COACH JACKET MAMU,COACH HITAM XL,0,3,0,0,116911,350733,350733
Okt-2026,MAMU KENDARI,COACH JACKET MAMU,COACH HITAM XL,0,3,0,0,116911,350733,350733
Jan-2026,MAMU KENDARI,COACH JACKET MAMU,COACH NAVY L,0,5,0,0,115948,579740,0
Feb-2026,MAMU KENDARI,COACH JACKET MAMU,COACH NAVY L,0,5,0,0,116928,584640,579740
Mar-2026,MAMU KENDARI,COACH JACKET MAMU,COACH NAVY L,111542,4,0,0,116928,467712,584640
Apr-2026,MAMU KENDARI,COACH JACKET MAMU,COACH NAVY L,0,4,0,0,116928,467712,467712
Mei-2026,MAMU KENDARI,COACH JACKET MAMU,COACH NAVY L,0,4,0,0,116928,467712,467712
Jun-2026,MAMU KENDARI,COACH JACKET MAMU,COACH NAVY L,0,4,0,0,116928,467712,467712
Jul-2026,MAMU KENDARI,COACH JACKET MAMU,COACH NAVY L,0,4,0,0,116928,467712,467712
Agu-2026,MAMU KENDARI,COACH JACKET MAMU,COACH NAVY L,0,4,0,0,116928,467712,467712
Sep-2026,MAMU KENDARI,COACH JACKET MAMU,COACH NAVY L,0,4,0,0,116928,467712,467712
Okt-2026,MAMU KENDARI,COACH JACKET MAMU,COACH NAVY L,0,4,0,0,116928,467712,467712
Jan-2026,MAMU KENDARI,COACH JACKET MAMU,COACH NAVY S,0,1,0,0,116892,116892,0
Feb-2026,MAMU KENDARI,COACH JACKET MAMU,COACH NAVY S,0,1,0,0,116892,116892,116892
Mar-2026,MAMU KENDARI,COACH JACKET MAMU,COACH NAVY S,0,1,0,0,116892,116892,116892
Apr-2026,MAMU KENDARI,COACH JACKET MAMU,COACH NAVY S,0,1,0,0,116892,116892,116892
Mei-2026,MAMU KENDARI,COACH JACKET MAMU,COACH NAVY S,0,1,0,0,116892,116892,116892
Jun-2026,MAMU KENDARI,COACH JACKET MAMU,COACH NAVY S,0,1,0,0,116892,116892,116892
Jul-2026,MAMU KENDARI,COACH JACKET MAMU,COACH NAVY S,0,1,0,0,116892,116892,116892
Agu-2026,MAMU KENDARI,COACH JACKET MAMU,COACH NAVY S,0,1,0,0,116892,116892,116892
Sep-2026,MAMU KENDARI,COACH JACKET MAMU,COACH NAVY S,0,1,0,0,116892,116892,116892
Okt-2026,MAMU KENDARI,COACH JACKET MAMU,COACH NAVY S,0,1,0,0,116892,116892,116892
Jan-2026,MAMU KENDARI,COACH JACKET MAMU,COACH NAVY XL,0,1,0,0,116892,116892,0
Feb-2026,MAMU KENDARI,COACH JACKET MAMU,COACH NAVY XL,0,1,0,0,116954,116954,116892
Mar-2026,MAMU KENDARI,COACH JACKET MAMU,COACH NAVY XL,0,1,0,0,116954,116954,116954
Apr-2026,MAMU KENDARI,COACH JACKET MAMU,COACH NAVY XL,0,1,0,0,116954,116954,116954
Mei-2026,MAMU KENDARI,COACH JACKET MAMU,COACH NAVY XL,0,1,0,0,116954,116954,116954
Jun-2026,MAMU KENDARI,COACH JACKET MAMU,COACH NAVY XL,0,1,0,0,116954,116954,116954
Jul-2026,MAMU KENDARI,COACH JACKET MAMU,COACH NAVY XL,0,1,0,0,116954,116954,116954
Agu-2026,MAMU KENDARI,COACH JACKET MAMU,COACH NAVY XL,0,1,0,0,116954,116954,116954
Sep-2026,MAMU KENDARI,COACH JACKET MAMU,COACH NAVY XL,0,1,0,0,116954,116954,116954
Okt-2026,MAMU KENDARI,COACH JACKET MAMU,COACH NAVY XL,0,1,0,0,116954,116954,116954
Jan-2026,MAMU MAKASSAR,COACH JACKET MAMU,COACH COKLAT L,223084,1,0,0,111542,111542,0
Feb-2026,MAMU MAKASSAR,COACH JACKET MAMU,COACH COKLAT L,0,4,0,0,116892,467568,111542
Mar-2026,MAMU MAKASSAR,COACH JACKET MAMU,COACH COKLAT L,0,4,0,0,115703,462812,467568
Apr-2026,MAMU MAKASSAR,COACH JACKET MAMU,COACH COKLAT L,115555,6,0,0,116923,701538,462812
Mei-2026,MAMU MAKASSAR,COACH JACKET MAMU,COACH COKLAT L,233214,4,0,0,116746,466984,701538
Jun-2026,MAMU MAKASSAR,COACH JACKET MAMU,COACH COKLAT L,116607,3,0,0,116746,350238,466984
Jul-2026,MAMU MAKASSAR,COACH JACKET MAMU,COACH COKLAT L,0,6,0,0,116746,700476,350238
Agu-2026,MAMU MAKASSAR,COACH JACKET MAMU,COACH COKLAT L,233354,6,0,0,116746,700476,700476
Sep-2026,MAMU MAKASSAR,COACH JACKET MAMU,COACH COKLAT L,116700,6,0,0,116746,700476,700476
Okt-2026,MAMU MAKASSAR,COACH JACKET MAMU,COACH COKLAT L,0,5,0,0,116746,583730,700476
Jan-2026,MAMU MAKASSAR,COACH JACKET MAMU,COACH COKLAT M,111542,2,0,0,111542,223084,0
Feb-2026,MAMU MAKASSAR,COACH JACKET MAMU,COACH COKLAT M,111542,10,0,0,116892,1168920,223084
Mar-2026,MAMU MAKASSAR,COACH JACKET MAMU,COACH COKLAT M,350676,8,0,0,116892,935136,1168920
Apr-2026,MAMU MAKASSAR,COACH JACKET MAMU,COACH COKLAT M,0,2,10,0,116993,1403916,935136
Mei-2026,MAMU MAKASSAR,COACH JACKET MAMU,COACH COKLAT M,0,10,0,0,116993,1169930,1403916
Jun-2026,MAMU MAKASSAR,COACH JACKET MAMU,COACH COKLAT M,0,10,0,0,116993,1169930,1169930
Jul-2026,MAMU MAKASSAR,COACH JACKET MAMU,COACH COKLAT M,116976,10,0,0,116993,1169930,1169930
Agu-2026,MAMU MAKASSAR,COACH JACKET MAMU,COACH COKLAT M,0,9,0,0,116993,1052937,1169930
Sep-2026,MAMU MAKASSAR,COACH JACKET MAMU,COACH COKLAT M,0,9,0,0,116993,1052937,1052937
Okt-2026,MAMU MAKASSAR,COACH JACKET MAMU,COACH COKLAT M,0,9,0,0,116993,1052937,1052937
Jan-2026,MAMU MAKASSAR,COACH JACKET MAMU,COACH COKLAT S,0,1,0,0,111542,111542,0
Feb-2026,MAMU MAKASSAR,COACH JACKET MAMU,COACH COKLAT S,111542,10,0,0,116892,1168920,111542
Mar-2026,MAMU MAKASSAR,COACH JACKET MAMU,COACH COKLAT S,0,10,0,0,116892,1168920,1168920
Apr-2026,MAMU MAKASSAR,COACH JACKET MAMU,COACH COKLAT S,233784,4,0,0,116892,467568,1168920
Mei-2026,MAMU MAKASSAR,COACH JACKET MAMU,COACH COKLAT S,0,4,0,0,116892,467568,467568
Jun-2026,MAMU MAKASSAR,COACH JACKET MAMU,COACH COKLAT S,0,4,0,0,116892,467568,467568
Jul-2026,MAMU MAKASSAR,COACH JACKET MAMU,COACH COKLAT S,0,4,0,0,116892,467568,467568
Agu-2026,MAMU MAKASSAR,COACH JACKET MAMU,COACH COKLAT S,0,4,0,0,116892,467568,467568
Sep-2026,MAMU MAKASSAR,COACH JACKET MAMU,COACH COKLAT S,116892,2,0,0,116892,233784,467568
Okt-2026,MAMU MAKASSAR,COACH JACKET MAMU,COACH COKLAT S,0,2,0,0,116892,233784,233784
Jan-2026,MAMU MAKASSAR,COACH JACKET MAMU,COACH COKLAT XL,111542,4,0,0,111542,446168,0
Feb-2026,MAMU MAKASSAR,COACH JACKET MAMU,COACH COKLAT XL,111542,2,0,0,116892,233784,446168
Mar-2026,MAMU MAKASSAR,COACH JACKET MAMU,COACH COKLAT XL,0,2,0,0,116892,233784,233784
Apr-2026,MAMU MAKASSAR,COACH JACKET MAMU,COACH COKLAT XL,115736,10,0,0,116993,1169930,233784
Mei-2026,MAMU MAKASSAR,COACH JACKET MAMU,COACH COKLAT XL,0,10,0,0,116993,1169930,1169930
Jun-2026,MAMU MAKASSAR,COACH JACKET MAMU,COACH COKLAT XL,0,10,0,0,116993,1169930,1169930
Jul-2026,MAMU MAKASSAR,COACH JACKET MAMU,COACH COKLAT XL,347208,8,0,0,116993,935944,1169930
Agu-2026,MAMU MAKASSAR,COACH JACKET MAMU,COACH COKLAT XL,115736,7,0,0,116993,818951,935944
Sep-2026,MAMU MAKASSAR,COACH JACKET MAMU,COACH COKLAT XL,0,6,0,0,116993,701958,818951
Okt-2026,MAMU MAKASSAR,COACH JACKET MAMU,COACH COKLAT XL,0,6,0,0,116993,701958,701958
Feb-2026,MAMU MAKASSAR,COACH JACKET MAMU,COACH DARK MUSTARD L,0,9,0,0,116941,1052469,0
Mar-2026,MAMU MAKASSAR,COACH JACKET MAMU,COACH DARK MUSTARD L,233766,7,0,0,116941,818587,1052469
Apr-2026,MAMU MAKASSAR,COACH JACKET MAMU,COACH DARK MUSTARD L,584415,3,2,0,116941,584705,818587
Mei-2026,MAMU MAKASSAR,COACH JACKET MAMU,COACH DARK MUSTARD L,0,5,0,0,116941,584705,584705
Jun-2026,MAMU MAKASSAR,COACH JACKET MAMU,COACH DARK MUSTARD L,0,6,0,0,116941,701646,584705
Jul-2026,MAMU MAKASSAR,COACH JACKET MAMU,COACH DARK MUSTARD L,97422,10,0,0,116941,1169410,701646
Agu-2026,MAMU MAKASSAR,COACH JACKET MAMU,COACH DARK MUSTARD L,321546,9,0,0,116941,1052469,1169410
Sep-2026,MAMU MAKASSAR,COACH JACKET MAMU,COACH DARK MUSTARD L,0,6,0,0,116941,701646,1052469
Okt-2026,MAMU MAKASSAR,COACH JACKET MAMU,COACH DARK MUSTARD L,0,6,0,0,116941,701646,701646
Feb-2026,MAMU MAKASSAR,COACH JACKET MAMU,COACH DARK MUSTARD M,0,9,0,0,116883,1051947,0
Mar-2026,MAMU MAKASSAR,COACH JACKET MAMU,COACH DARK MUSTARD M,116883,8,0,0,116883,935064,1051947
Apr-2026,MAMU MAKASSAR,COACH JACKET MAMU,COACH DARK MUSTARD M,701298,3,0,0,116883,350649,935064
Mei-2026,MAMU MAKASSAR,COACH JACKET MAMU,COACH DARK MUSTARD M,0,4,0,0,116883,467532,350649
Jun-2026,MAMU MAKASSAR,COACH JACKET MAMU,COACH DARK MUSTARD M,116883,3,0,0,116883,350649,467532
Jul-2026,MAMU MAKASSAR,COACH JACKET MAMU,COACH DARK MUSTARD M,0,5,0,0,116883,584415,350649
Agu-2026,MAMU MAKASSAR,COACH JACKET MAMU,COACH DARK MUSTARD M,0,5,0,0,116883,584415,584415
Sep-2026,MAMU MAKASSAR,COACH JACKET MAMU,COACH DARK MUSTARD M,0,5,0,0,116883,584415,584415
Okt-2026,MAMU MAKASSAR,COACH JACKET MAMU,COACH DARK MUSTARD M,0,5,0,0,116883,584415,584415
Feb-2026,MAMU MAKASSAR,COACH JACKET MAMU,COACH DARK MUSTARD S,116883,9,0,0,116883,1051947,0
Mar-2026,MAMU MAKASSAR,COACH JACKET MAMU,COACH DARK MUSTARD S,116883,9,0,0,116883,1051947,1051947
Apr-2026,MAMU MAKASSAR,COACH JACKET MAMU,COACH DARK MUSTARD S,350649,0,0,0,116883,0,1051947
Jul-2026,MAMU MAKASSAR,COACH JACKET MAMU,COACH DARK MUSTARD S,0,2,0,0,116883,233766,0
Agu-2026,MAMU MAKASSAR,COACH JACKET MAMU,COACH DARK MUSTARD S,0,2,0,0,116883,233766,233766
Sep-2026,MAMU MAKASSAR,COACH JACKET MAMU,COACH DARK MUSTARD S,0,2,0,0,116883,233766,233766
Okt-2026,MAMU MAKASSAR,COACH JACKET MAMU,COACH DARK MUSTARD S,0,2,0,0,116883,233766,233766
Feb-2026,MAMU MAKASSAR,COACH JACKET MAMU,COACH DARK MUSTARD XL,0,4,0,0,116958,467832,0
Mar-2026,MAMU MAKASSAR,COACH JACKET MAMU,COACH DARK MUSTARD XL,233766,3,0,0,116958,350874,467832
Apr-2026,MAMU MAKASSAR,COACH JACKET MAMU,COACH DARK MUSTARD XL,350799,6,0,0,116958,701748,350874
Mei-2026,MAMU MAKASSAR,COACH JACKET MAMU,COACH DARK MUSTARD XL,0,6,0,0,116958,701748,701748
Jun-2026,MAMU MAKASSAR,COACH JACKET MAMU,COACH DARK MUSTARD XL,0,5,0,0,116958,584790,701748
Jul-2026,MAMU MAKASSAR,COACH JACKET MAMU,COACH DARK MUSTARD XL,0,5,0,0,116958,584790,584790
Agu-2026,MAMU MAKASSAR,COACH JACKET MAMU,COACH DARK MUSTARD XL,116935,6,0,0,116958,701748,584790
Sep-2026,MAMU MAKASSAR,COACH JACKET MAMU,COACH DARK MUSTARD XL,116935,4,0,0,116958,467832,701748
Okt-2026,MAMU MAKASSAR,COACH JACKET MAMU,COACH DARK MUSTARD XL,0,4,0,0,116958,467832,467832
Feb-2026,MAMU MAKASSAR,COACH JACKET MAMU,COACH GREEN FOREST L,0,5,0,0,116937,584685,0
Mar-2026,MAMU MAKASSAR,COACH JACKET MAMU,COACH GREEN FOREST L,0,5,0,0,116937,584685,584685
Apr-2026,MAMU MAKASSAR,COACH JACKET MAMU,COACH GREEN FOREST L,229378,10,0,0,116937,1169370,584685
Mei-2026,MAMU MAKASSAR,COACH JACKET MAMU,COACH GREEN FOREST L,0,10,0,0,116937,1169370,1169370
Jun-2026,MAMU MAKASSAR,COACH JACKET MAMU,COACH GREEN FOREST L,114689,9,0,0,116937,1052433,1169370
Jul-2026,MAMU MAKASSAR,COACH JACKET MAMU,COACH GREEN FOREST L,115492,14,0,0,116937,1637118,1052433
Agu-2026,MAMU MAKASSAR,COACH JACKET MAMU,COACH GREEN FOREST L,0,13,0,0,116937,1520181,1637118
Sep-2026,MAMU MAKASSAR,COACH JACKET MAMU,COACH GREEN FOREST L,0,9,0,0,116937,1052433,1520181
Okt-2026,MAMU MAKASSAR,COACH JACKET MAMU,COACH GREEN FOREST L,230984,9,0,0,116937,1052433,1052433
Mar-2026,MAMU MAKASSAR,COACH JACKET MAMU,COACH GREEN FOREST M,0,9,0,0,116910,1052190,0
Apr-2026,MAMU MAKASSAR,COACH JACKET MAMU,COACH GREEN FOREST M,0,9,0,0,116910,1052190,1052190
Mei-2026,MAMU MAKASSAR,COACH JACKET MAMU,COACH GREEN FOREST M,116910,5,0,0,116910,584550,1052190
Jun-2026,MAMU MAKASSAR,COACH JACKET MAMU,COACH GREEN FOREST M,0,5,0,0,116910,584550,584550
Jul-2026,MAMU MAKASSAR,COACH JACKET MAMU,COACH GREEN FOREST M,0,5,0,0,116910,584550,584550
Agu-2026,MAMU MAKASSAR,COACH JACKET MAMU,COACH GREEN FOREST M,116910,4,0,0,116910,467640,584550
Sep-2026,MAMU MAKASSAR,COACH JACKET MAMU,COACH GREEN FOREST M,93528,3,0,0,116910,350730,467640
Okt-2026,MAMU MAKASSAR,COACH JACKET MAMU,COACH GREEN FOREST M,280584,3,0,0,116910,350730,350730
Mar-2026,MAMU MAKASSAR,COACH JACKET MAMU,COACH GREEN FOREST S,0,1,0,0,116892,116892,0
Apr-2026,MAMU MAKASSAR,COACH JACKET MAMU,COACH GREEN FOREST S,115555,4,0,0,116892,467568,116892
Mei-2026,MAMU MAKASSAR,COACH JACKET MAMU,COACH GREEN FOREST S,0,3,0,0,116892,350676,467568
Jun-2026,MAMU MAKASSAR,COACH JACKET MAMU,COACH GREEN FOREST S,0,3,0,0,116892,350676,350676
Jul-2026,MAMU MAKASSAR,COACH JACKET MAMU,COACH GREEN FOREST S,0,3,0,0,116892,350676,350676
Agu-2026,MAMU MAKASSAR,COACH JACKET MAMU,COACH GREEN FOREST S,0,3,0,0,116892,350676,350676
Sep-2026,MAMU MAKASSAR,COACH JACKET MAMU,COACH GREEN FOREST S,0,1,0,0,116892,116892,350676
Okt-2026,MAMU MAKASSAR,COACH JACKET MAMU,COACH GREEN FOREST S,115555,1,0,0,116892,116892,116892
Jan-2026,MAMU MAKASSAR,COACH JACKET MAMU,COACH GREEN FOREST XL,111542,0,0,0,111542,0,0
Feb-2026,MAMU MAKASSAR,COACH JACKET MAMU,COACH GREEN FOREST XL,0,10,0,0,116938,1169380,0
Mar-2026,MAMU MAKASSAR,COACH JACKET MAMU,COACH GREEN FOREST XL,0,11,0,0,116938,1286318,1169380
Apr-2026,MAMU MAKASSAR,COACH JACKET MAMU,COACH GREEN FOREST XL,0,11,0,0,116938,1286318,1286318
Mei-2026,MAMU MAKASSAR,COACH JACKET MAMU,COACH GREEN FOREST XL,0,10,0,0,116938,1169380,1286318
Jun-2026,MAMU MAKASSAR,COACH JACKET MAMU,COACH GREEN FOREST XL,116447,9,0,0,116938,1052442,1169380
Jul-2026,MAMU MAKASSAR,COACH JACKET MAMU,COACH GREEN FOREST XL,0,9,0,0,116938,1052442,1052442
Agu-2026,MAMU MAKASSAR,COACH JACKET MAMU,COACH GREEN FOREST XL,0,9,0,0,116938,1052442,1052442
Sep-2026,MAMU MAKASSAR,COACH JACKET MAMU,COACH GREEN FOREST XL,0,5,0,0,116938,584690,1052442
Okt-2026,MAMU MAKASSAR,COACH JACKET MAMU,COACH GREEN FOREST XL,582235,5,0,0,116938,584690,584690
Jan-2026,MAMU MAKASSAR,COACH JACKET MAMU,COACH HITAM L,223084,1,0,0,116179,116179,0
Feb-2026,MAMU MAKASSAR,COACH JACKET MAMU,COACH HITAM L,808616,16,0,0,116873,1869968,116179
Mar-2026,MAMU MAKASSAR,COACH JACKET MAMU,COACH HITAM L,700980,10,0,0,116873,1168730,1869968
Apr-2026,MAMU MAKASSAR,COACH JACKET MAMU,COACH HITAM L,584150,10,0,0,116873,1168730,1168730
Mei-2026,MAMU MAKASSAR,COACH JACKET MAMU,COACH HITAM L,584150,0,0,0,116179,0,1168730
Jul-2026,MAMU MAKASSAR,COACH JACKET MAMU,COACH HITAM L,116873,15,0,0,116873,1753095,0
Agu-2026,MAMU MAKASSAR,COACH JACKET MAMU,COACH HITAM L,0,16,0,0,116873,1869968,1753095
Sep-2026,MAMU MAKASSAR,COACH JACKET MAMU,COACH HITAM L,116873,16,0,0,116873,1869968,1869968
Okt-2026,MAMU MAKASSAR,COACH JACKET MAMU,COACH HITAM L,0,15,0,0,116873,1753095,1869968
Jan-2026,MAMU MAKASSAR,COACH JACKET MAMU,COACH HITAM M,0,1,0,0,116535,116535,0
Feb-2026,MAMU MAKASSAR,COACH JACKET MAMU,COACH HITAM M,695880,16,0,0,116855,1869680,116535
Mar-2026,MAMU MAKASSAR,COACH JACKET MAMU,COACH HITAM M,467200,13,0,0,116855,1519115,1869680
Apr-2026,MAMU MAKASSAR,COACH JACKET MAMU,COACH HITAM M,817159,11,0,0,116855,1285405,1519115
Mei-2026,MAMU MAKASSAR,COACH JACKET MAMU,COACH HITAM M,817277,2,0,0,116855,233710,1285405
Jun-2026,MAMU MAKASSAR,COACH JACKET MAMU,COACH HITAM M,0,2,0,0,116855,233710,233710
Jul-2026,MAMU MAKASSAR,COACH JACKET MAMU,COACH HITAM M,350565,10,0,0,116855,1168550,233710
Agu-2026,MAMU MAKASSAR,COACH JACKET MAMU,COACH HITAM M,116855,9,0,0,116855,1051695,1168550
Sep-2026,MAMU MAKASSAR,COACH JACKET MAMU,COACH HITAM M,0,8,0,0,116855,934840,1051695
Okt-2026,MAMU MAKASSAR,COACH JACKET MAMU,COACH HITAM M,0,8,0,0,116855,934840,934840
Jan-2026,MAMU MAKASSAR,COACH JACKET MAMU,COACH HITAM S,0,1,0,0,116762,116762,0
Feb-2026,MAMU MAKASSAR,COACH JACKET MAMU,COACH HITAM S,116182,6,0,0,116762,700572,116762
Mar-2026,MAMU MAKASSAR,COACH JACKET MAMU,COACH HITAM S,116182,7,0,0,116762,817334,700572
Apr-2026,MAMU MAKASSAR,COACH JACKET MAMU,COACH HITAM S,116182,6,0,0,116762,700572,817334
Mei-2026,MAMU MAKASSAR,COACH JACKET MAMU,COACH HITAM S,0,6,0,0,116762,700572,700572
Jun-2026,MAMU MAKASSAR,COACH JACKET MAMU,COACH HITAM S,0,6,0,0,116762,700572,700572
Jul-2026,MAMU MAKASSAR,COACH JACKET MAMU,COACH HITAM S,116182,7,0,0,116762,817334,700572
Agu-2026,MAMU MAKASSAR,COACH JACKET MAMU,COACH HITAM S,0,7,0,0,116762,817334,817334
Sep-2026,MAMU MAKASSAR,COACH JACKET MAMU,COACH HITAM S,0,7,0,0,116762,817334,817334
Okt-2026,MAMU MAKASSAR,COACH JACKET MAMU,COACH HITAM S,0,7,0,0,116762,817334,817334
Jan-2026,MAMU MAKASSAR,COACH JACKET MAMU,COACH HITAM XL,0,1,0,0,116194,116194,0
Feb-2026,MAMU MAKASSAR,COACH JACKET MAMU,COACH HITAM XL,694062,15,0,0,116911,1753665,116194
Mar-2026,MAMU MAKASSAR,COACH JACKET MAMU,COACH HITAM XL,0,15,0,0,116911,1753665,1753665
Apr-2026,MAMU MAKASSAR,COACH JACKET MAMU,COACH HITAM XL,116911,14,0,0,116911,1636754,1753665
Mei-2026,MAMU MAKASSAR,COACH JACKET MAMU,COACH HITAM XL,467644,9,0,0,116911,1052199,1636754
Jun-2026,MAMU MAKASSAR,COACH JACKET MAMU,COACH HITAM XL,0,9,0,0,116911,1052199,1052199
Jul-2026,MAMU MAKASSAR,COACH JACKET MAMU,COACH HITAM XL,0,9,0,0,116911,1052199,1052199
Agu-2026,MAMU MAKASSAR,COACH JACKET MAMU,COACH HITAM XL,233822,7,0,0,116911,818377,1052199
Sep-2026,MAMU MAKASSAR,COACH JACKET MAMU,COACH HITAM XL,0,7,0,0,116911,818377,818377
Okt-2026,MAMU MAKASSAR,COACH JACKET MAMU,COACH HITAM XL,0,7,0,0,116911,818377,818377
Jan-2026,MAMU MAKASSAR,COACH JACKET MAMU,COACH NAVY L,231896,3,0,0,115948,347844,0
Feb-2026,MAMU MAKASSAR,COACH JACKET MAMU,COACH NAVY L,0,8,0,0,116928,935424,347844
Mar-2026,MAMU MAKASSAR,COACH JACKET MAMU,COACH NAVY L,115948,7,0,0,116928,818496,935424
Apr-2026,MAMU MAKASSAR,COACH JACKET MAMU,COACH NAVY L,581699,5,10,0,116928,1753920,818496
Mei-2026,MAMU MAKASSAR,COACH JACKET MAMU,COACH NAVY L,349803,8,0,0,116928,935424,1753920
Jun-2026,MAMU MAKASSAR,COACH JACKET MAMU,COACH NAVY L,233202,6,0,0,116928,701568,935424
Jul-2026,MAMU MAKASSAR,COACH JACKET MAMU,COACH NAVY L,466902,11,0,0,116928,1286208,701568
Agu-2026,MAMU MAKASSAR,COACH JACKET MAMU,COACH NAVY L,0,8,0,0,116928,935424,1286208
Sep-2026,MAMU MAKASSAR,COACH JACKET MAMU,COACH NAVY L,116767,7,0,0,116928,818496,935424
Okt-2026,MAMU MAKASSAR,COACH JACKET MAMU,COACH NAVY L,0,7,0,0,116928,818496,818496
Jan-2026,MAMU MAKASSAR,COACH JACKET MAMU,COACH NAVY M,455084,4,0,0,116892,467568,0
Feb-2026,MAMU MAKASSAR,COACH JACKET MAMU,COACH NAVY M,0,9,0,0,116951,1052559,467568
Mar-2026,MAMU MAKASSAR,COACH JACKET MAMU,COACH NAVY M,116496,8,0,0,116951,935608,1052559
Apr-2026,MAMU MAKASSAR,COACH JACKET MAMU,COACH NAVY M,116496,5,10,0,116951,1754265,935608
Mei-2026,MAMU MAKASSAR,COACH JACKET MAMU,COACH NAVY M,467196,7,0,0,116951,818657,1754265
Jun-2026,MAMU MAKASSAR,COACH JACKET MAMU,COACH NAVY M,817593,0,0,0,116892,0,818657
Jul-2026,MAMU MAKASSAR,COACH JACKET MAMU,COACH NAVY M,116896,9,0,0,116951,1052559,0
Agu-2026,MAMU MAKASSAR,COACH JACKET MAMU,COACH NAVY M,0,8,0,0,116951,935608,1052559
Sep-2026,MAMU MAKASSAR,COACH JACKET MAMU,COACH NAVY M,0,8,0,0,116951,935608,935608
Okt-2026,MAMU MAKASSAR,COACH JACKET MAMU,COACH NAVY M,0,8,0,0,116951,935608,935608
Jan-2026,MAMU MAKASSAR,COACH JACKET MAMU,COACH NAVY S,111542,3,0,0,116892,350676,0
Feb-2026,MAMU MAKASSAR,COACH JACKET MAMU,COACH NAVY S,0,8,0,0,116892,935136,350676
Mar-2026,MAMU MAKASSAR,COACH JACKET MAMU,COACH NAVY S,114886,7,0,0,116892,818244,935136
Apr-2026,MAMU MAKASSAR,COACH JACKET MAMU,COACH NAVY S,0,6,0,0,116892,701352,818244
Mei-2026,MAMU MAKASSAR,COACH JACKET MAMU,COACH NAVY S,229772,4,0,0,116892,467568,701352
Jun-2026,MAMU MAKASSAR,COACH JACKET MAMU,COACH NAVY S,0,4,0,0,116892,467568,467568
Jul-2026,MAMU MAKASSAR,COACH JACKET MAMU,COACH NAVY S,0,6,0,0,116892,701352,467568
Agu-2026,MAMU MAKASSAR,COACH JACKET MAMU,COACH NAVY S,0,6,0,0,116892,701352,701352
Sep-2026,MAMU MAKASSAR,COACH JACKET MAMU,COACH NAVY S,0,6,0,0,116892,701352,701352
Okt-2026,MAMU MAKASSAR,COACH JACKET MAMU,COACH NAVY S,0,6,0,0,116892,701352,701352
Jan-2026,MAMU MAKASSAR,COACH JACKET MAMU,COACH NAVY XL,669252,0,0,0,116892,0,0
Feb-2026,MAMU MAKASSAR,COACH JACKET MAMU,COACH NAVY XL,0,17,0,0,116954,1988218,0
Mar-2026,MAMU MAKASSAR,COACH JACKET MAMU,COACH NAVY XL,233894,15,0,0,116954,1754310,1988218
Apr-2026,MAMU MAKASSAR,COACH JACKET MAMU,COACH NAVY XL,0,15,0,0,116954,1754310,1754310
Mei-2026,MAMU MAKASSAR,COACH JACKET MAMU,COACH NAVY XL,116947,9,0,0,116954,1052586,1754310
Jun-2026,MAMU MAKASSAR,COACH JACKET MAMU,COACH NAVY XL,233894,7,0,0,116954,818678,1052586
Jul-2026,MAMU MAKASSAR,COACH JACKET MAMU,COACH NAVY XL,116948,12,0,0,116954,1403448,818678
Agu-2026,MAMU MAKASSAR,COACH JACKET MAMU,COACH NAVY XL,116948,10,0,0,116954,1169540,1403448
Sep-2026,MAMU MAKASSAR,COACH JACKET MAMU,COACH NAVY XL,0,10,0,0,116954,1169540,1169540
Okt-2026,MAMU MAKASSAR,COACH JACKET MAMU,COACH NAVY XL,0,10,0,0,116954,1169540,1169540
Sep-2026,MAMU PALOPO,COACH JACKET MAMU,COACH COKLAT L,233492,2,0,0,116746,233492,0
Okt-2026,MAMU PALOPO,COACH JACKET MAMU,COACH COKLAT L,0,2,0,0,116746,233492,233492
Apr-2026,MAMU PALOPO,COACH JACKET MAMU,COACH COKLAT M,0,3,0,0,116993,350979,0
Mei-2026,MAMU PALOPO,COACH JACKET MAMU,COACH COKLAT M,0,3,0,0,116993,350979,350979
Jun-2026,MAMU PALOPO,COACH JACKET MAMU,COACH COKLAT M,0,3,0,0,116993,350979,350979
Jul-2026,MAMU PALOPO,COACH JACKET MAMU,COACH COKLAT M,0,3,0,0,116993,350979,350979
Agu-2026,MAMU PALOPO,COACH JACKET MAMU,COACH COKLAT M,116993,3,0,0,116993,350979,350979
Sep-2026,MAMU PALOPO,COACH JACKET MAMU,COACH COKLAT M,818853,2,0,0,116993,233986,350979
Okt-2026,MAMU PALOPO,COACH JACKET MAMU,COACH COKLAT M,0,2,0,0,116993,233986,233986
Apr-2026,MAMU PALOPO,COACH JACKET MAMU,COACH COKLAT XL,0,3,0,0,116993,350979,0
Mei-2026,MAMU PALOPO,COACH JACKET MAMU,COACH COKLAT XL,0,3,0,0,116993,350979,350979
Jun-2026,MAMU PALOPO,COACH JACKET MAMU,COACH COKLAT XL,0,3,0,0,116993,350979,350979
Jul-2026,MAMU PALOPO,COACH JACKET MAMU,COACH COKLAT XL,0,3,0,0,116993,350979,350979
Agu-2026,MAMU PALOPO,COACH JACKET MAMU,COACH COKLAT XL,0,3,0,0,116993,350979,350979
Sep-2026,MAMU PALOPO,COACH JACKET MAMU,COACH COKLAT XL,350697,2,0,0,116993,233986,350979
Okt-2026,MAMU PALOPO,COACH JACKET MAMU,COACH COKLAT XL,0,2,0,0,116993,233986,233986
Apr-2026,MAMU PALOPO,COACH JACKET MAMU,COACH DARK MUSTARD L,0,2,0,0,116941,233882,0
Mei-2026,MAMU PALOPO,COACH JACKET MAMU,COACH DARK MUSTARD L,116941,1,0,0,116941,116941,233882
Jun-2026,MAMU PALOPO,COACH JACKET MAMU,COACH DARK MUSTARD L,0,1,0,0,116941,116941,116941
Jul-2026,MAMU PALOPO,COACH JACKET MAMU,COACH DARK MUSTARD L,0,1,0,0,116941,116941,116941
Agu-2026,MAMU PALOPO,COACH JACKET MAMU,COACH DARK MUSTARD L,0,1,0,0,116941,116941,116941
Sep-2026,MAMU PALOPO,COACH JACKET MAMU,COACH DARK MUSTARD L,0,1,0,0,116941,116941,116941
Okt-2026,MAMU PALOPO,COACH JACKET MAMU,COACH DARK MUSTARD L,0,1,0,0,116941,116941,116941
Apr-2026,MAMU PALOPO,COACH JACKET MAMU,COACH DARK MUSTARD M,0,1,0,0,116883,116883,0
Mei-2026,MAMU PALOPO,COACH JACKET MAMU,COACH DARK MUSTARD M,0,1,0,0,116883,116883,116883
Jun-2026,MAMU PALOPO,COACH JACKET MAMU,COACH DARK MUSTARD M,0,1,0,0,116883,116883,116883
Jul-2026,MAMU PALOPO,COACH JACKET MAMU,COACH DARK MUSTARD M,0,1,0,0,116883,116883,116883
Agu-2026,MAMU PALOPO,COACH JACKET MAMU,COACH DARK MUSTARD M,0,1,0,0,116883,116883,116883
Sep-2026,MAMU PALOPO,COACH JACKET MAMU,COACH DARK MUSTARD M,116883,0,0,0,116883,0,116883
Apr-2026,MAMU PALOPO,COACH JACKET MAMU,COACH DARK MUSTARD S,0,2,0,0,116883,233766,0
Mei-2026,MAMU PALOPO,COACH JACKET MAMU,COACH DARK MUSTARD S,0,2,0,0,116883,233766,233766
Jun-2026,MAMU PALOPO,COACH JACKET MAMU,COACH DARK MUSTARD S,0,2,0,0,116883,233766,233766
Jul-2026,MAMU PALOPO,COACH JACKET MAMU,COACH DARK MUSTARD S,0,2,0,0,116883,233766,233766
Agu-2026,MAMU PALOPO,COACH JACKET MAMU,COACH DARK MUSTARD S,0,2,0,0,116883,233766,233766
Sep-2026,MAMU PALOPO,COACH JACKET MAMU,COACH DARK MUSTARD S,0,2,0,0,116883,233766,233766
Okt-2026,MAMU PALOPO,COACH JACKET MAMU,COACH DARK MUSTARD S,0,2,0,0,116883,233766,233766
Apr-2026,MAMU PALOPO,COACH JACKET MAMU,COACH DARK MUSTARD XL,0,1,0,0,116958,116958,0
Mei-2026,MAMU PALOPO,COACH JACKET MAMU,COACH DARK MUSTARD XL,0,1,0,0,116958,116958,116958
Jun-2026,MAMU PALOPO,COACH JACKET MAMU,COACH DARK MUSTARD XL,0,1,0,0,116958,116958,116958
Jul-2026,MAMU PALOPO,COACH JACKET MAMU,COACH DARK MUSTARD XL,0,1,0,0,116958,116958,116958
Agu-2026,MAMU PALOPO,COACH JACKET MAMU,COACH DARK MUSTARD XL,0,1,0,0,116958,116958,116958
Sep-2026,MAMU PALOPO,COACH JACKET MAMU,COACH DARK MUSTARD XL,0,1,0,0,116958,116958,116958
Okt-2026,MAMU PALOPO,COACH JACKET MAMU,COACH DARK MUSTARD XL,0,1,0,0,116958,116958,116958
Apr-2026,MAMU PALOPO,COACH JACKET MAMU,COACH GREEN FOREST L,0,2,0,0,116937,233874,0
Mei-2026,MAMU PALOPO,COACH JACKET MAMU,COACH GREEN FOREST L,0,2,0,0,116937,233874,233874
Jun-2026,MAMU PALOPO,COACH JACKET MAMU,COACH GREEN FOREST L,0,2,0,0,116937,233874,233874
Jul-2026,MAMU PALOPO,COACH JACKET MAMU,COACH GREEN FOREST L,0,2,0,0,116937,233874,233874
Agu-2026,MAMU PALOPO,COACH JACKET MAMU,COACH GREEN FOREST L,0,2,0,0,116937,233874,233874
Sep-2026,MAMU PALOPO,COACH JACKET MAMU,COACH GREEN FOREST L,116937,1,0,0,116937,116937,233874
Okt-2026,MAMU PALOPO,COACH JACKET MAMU,COACH GREEN FOREST L,0,1,0,0,116937,116937,116937
Apr-2026,MAMU PALOPO,COACH JACKET MAMU,COACH GREEN FOREST M,0,1,0,0,116910,116910,0
Mei-2026,MAMU PALOPO,COACH JACKET MAMU,COACH GREEN FOREST M,0,1,0,0,116910,116910,116910
Jun-2026,MAMU PALOPO,COACH JACKET MAMU,COACH GREEN FOREST M,0,1,0,0,116910,116910,116910
Jul-2026,MAMU PALOPO,COACH JACKET MAMU,COACH GREEN FOREST M,0,1,0,0,116910,116910,116910
Agu-2026,MAMU PALOPO,COACH JACKET MAMU,COACH GREEN FOREST M,0,1,0,0,116910,116910,116910
Sep-2026,MAMU PALOPO,COACH JACKET MAMU,COACH GREEN FOREST M,0,1,0,0,116910,116910,116910
Okt-2026,MAMU PALOPO,COACH JACKET MAMU,COACH GREEN FOREST M,0,1,0,0,116910,116910,116910
Apr-2026,MAMU PALOPO,COACH JACKET MAMU,COACH GREEN FOREST XL,0,1,0,0,116938,116938,0
Mei-2026,MAMU PALOPO,COACH JACKET MAMU,COACH GREEN FOREST XL,0,1,0,0,116938,116938,116938
Jun-2026,MAMU PALOPO,COACH JACKET MAMU,COACH GREEN FOREST XL,116938,0,0,0,111542,0,116938
Apr-2026,MAMU PALOPO,COACH JACKET MAMU,COACH HITAM L,0,2,0,0,116873,233746,0
Mei-2026,MAMU PALOPO,COACH JACKET MAMU,COACH HITAM L,116873,1,0,0,116873,116873,233746
Jun-2026,MAMU PALOPO,COACH JACKET MAMU,COACH HITAM L,0,1,0,0,116873,116873,116873
Jul-2026,MAMU PALOPO,COACH JACKET MAMU,COACH HITAM L,0,1,0,0,116873,116873,116873
Agu-2026,MAMU PALOPO,COACH JACKET MAMU,COACH HITAM L,0,1,0,0,116873,116873,116873
Sep-2026,MAMU PALOPO,COACH JACKET MAMU,COACH HITAM L,0,1,0,0,116873,116873,116873
Okt-2026,MAMU PALOPO,COACH JACKET MAMU,COACH HITAM L,0,1,0,0,116873,116873,116873
Apr-2026,MAMU PALOPO,COACH JACKET MAMU,COACH HITAM M,0,2,0,0,116855,233710,0
Mei-2026,MAMU PALOPO,COACH JACKET MAMU,COACH HITAM M,0,2,0,0,116855,233710,233710
Jun-2026,MAMU PALOPO,COACH JACKET MAMU,COACH HITAM M,0,2,0,0,116855,233710,233710
Jul-2026,MAMU PALOPO,COACH JACKET MAMU,COACH HITAM M,0,2,0,0,116855,233710,233710
Agu-2026,MAMU PALOPO,COACH JACKET MAMU,COACH HITAM M,0,2,0,0,116855,233710,233710
Sep-2026,MAMU PALOPO,COACH JACKET MAMU,COACH HITAM M,0,2,0,0,116855,233710,233710
Okt-2026,MAMU PALOPO,COACH JACKET MAMU,COACH HITAM M,0,2,0,0,116855,233710,233710
Apr-2026,MAMU PALOPO,COACH JACKET MAMU,COACH HITAM S,116762,2,0,0,116762,233524,0
Mei-2026,MAMU PALOPO,COACH JACKET MAMU,COACH HITAM S,0,1,0,0,116762,116762,233524
Jun-2026,MAMU PALOPO,COACH JACKET MAMU,COACH HITAM S,0,1,0,0,116762,116762,116762
Jul-2026,MAMU PALOPO,COACH JACKET MAMU,COACH HITAM S,0,1,0,0,116762,116762,116762
Agu-2026,MAMU PALOPO,COACH JACKET MAMU,COACH HITAM S,0,1,0,0,116762,116762,116762
Sep-2026,MAMU PALOPO,COACH JACKET MAMU,COACH HITAM S,0,1,0,0,116762,116762,116762
Okt-2026,MAMU PALOPO,COACH JACKET MAMU,COACH HITAM S,0,1,0,0,116762,116762,116762
Apr-2026,MAMU PALOPO,COACH JACKET MAMU,COACH HITAM XL,0,2,0,0,116911,233822,0
Mei-2026,MAMU PALOPO,COACH JACKET MAMU,COACH HITAM XL,0,2,0,0,116911,233822,233822
Jun-2026,MAMU PALOPO,COACH JACKET MAMU,COACH HITAM XL,116911,1,0,0,116911,116911,233822
Jul-2026,MAMU PALOPO,COACH JACKET MAMU,COACH HITAM XL,0,1,0,0,116911,116911,116911
Agu-2026,MAMU PALOPO,COACH JACKET MAMU,COACH HITAM XL,0,1,0,0,116911,116911,116911
Sep-2026,MAMU PALOPO,COACH JACKET MAMU,COACH HITAM XL,0,1,0,0,116911,116911,116911
Okt-2026,MAMU PALOPO,COACH JACKET MAMU,COACH HITAM XL,0,1,0,0,116911,116911,116911
Jan-2026,MAMU TSM,COACH JACKET MAMU,COACH COKLAT XL,111542,0,0,0,111542,0,0
Feb-2026,MAMU TSM,COACH JACKET MAMU,COACH COKLAT XL,0,1,0,0,116892,116892,0
Mar-2026,MAMU TSM,COACH JACKET MAMU,COACH COKLAT XL,0,1,0,0,116892,116892,116892
Apr-2026,MAMU TSM,COACH JACKET MAMU,COACH COKLAT XL,0,0,0,0,116892,0,116892
Feb-2026,MAMU TSM,COACH JACKET MAMU,COACH DARK MUSTARD L,0,1,0,0,116941,116941,0
Mar-2026,MAMU TSM,COACH JACKET MAMU,COACH DARK MUSTARD L,0,1,0,0,116941,116941,116941
Apr-2026,MAMU TSM,COACH JACKET MAMU,COACH DARK MUSTARD L,0,0,0,0,116941,0,116941
Feb-2026,MAMU TSM,COACH JACKET MAMU,COACH DARK MUSTARD M,0,1,0,0,116883,116883,0
Mar-2026,MAMU TSM,COACH JACKET MAMU,COACH DARK MUSTARD M,0,1,0,0,116883,116883,116883
Apr-2026,MAMU TSM,COACH JACKET MAMU,COACH DARK MUSTARD M,0,0,0,0,116883,0,116883
Feb-2026,MAMU TSM,COACH JACKET MAMU,COACH DARK MUSTARD S,0,1,0,0,116883,116883,0
Mar-2026,MAMU TSM,COACH JACKET MAMU,COACH DARK MUSTARD S,0,0,0,0,116883,0,116883
Feb-2026,MAMU TSM,COACH JACKET MAMU,COACH DARK MUSTARD XL,0,1,0,0,116958,116958,0
Mar-2026,MAMU TSM,COACH JACKET MAMU,COACH DARK MUSTARD XL,0,0,0,0,116958,0,116958
Jan-2026,MAMU TSM,COACH JACKET MAMU,COACH GREEN FOREST L,0,7,0,0,111542,780794,0
Feb-2026,MAMU TSM,COACH JACKET MAMU,COACH GREEN FOREST L,111542,1,0,0,116937,116937,780794
Mar-2026,MAMU TSM,COACH JACKET MAMU,COACH GREEN FOREST L,111542,0,0,0,111542,0,116937
Jan-2026,MAMU TSM,COACH JACKET MAMU,COACH GREEN FOREST M,223084,0,0,0,111542,0,0
Jan-2026,MAMU TSM,COACH JACKET MAMU,COACH GREEN FOREST S,0,2,0,0,111542,223084,0
Feb-2026,MAMU TSM,COACH JACKET MAMU,COACH GREEN FOREST S,111542,1,0,0,116892,116892,223084
Mar-2026,MAMU TSM,COACH JACKET MAMU,COACH GREEN FOREST S,0,0,0,0,116892,0,116892
Jan-2026,MAMU TSM,COACH JACKET MAMU,COACH GREEN FOREST XL,111542,1,0,0,111542,111542,0
Feb-2026,MAMU TSM,COACH JACKET MAMU,COACH GREEN FOREST XL,0,1,0,0,116938,116938,111542
Mar-2026,MAMU TSM,COACH JACKET MAMU,COACH GREEN FOREST XL,0,0,0,0,116938,0,116938
Feb-2026,MAMU TSM,COACH JACKET MAMU,COACH HITAM L,0,1,0,0,116873,116873,0
Mar-2026,MAMU TSM,COACH JACKET MAMU,COACH HITAM L,116179,0,0,0,116179,0,116873
Feb-2026,MAMU TSM,COACH JACKET MAMU,COACH HITAM M,0,2,0,0,116855,233710,0
Mar-2026,MAMU TSM,COACH JACKET MAMU,COACH HITAM M,115980,0,0,0,116535,0,233710
Feb-2026,MAMU TSM,COACH JACKET MAMU,COACH HITAM S,0,2,0,0,116762,233524,0
Mar-2026,MAMU TSM,COACH JACKET MAMU,COACH HITAM S,0,0,0,0,116762,0,233524
Feb-2026,MAMU TSM,COACH JACKET MAMU,COACH HITAM XL,115677,2,0,0,116911,233822,0
Mar-2026,MAMU TSM,COACH JACKET MAMU,COACH HITAM XL,231354,0,0,0,116194,0,233822
Apr-2026,TIGALAPANKAOS BONE,COACH JACKET MAMU,COACH COKLAT M,0,3,0,0,116993,350979,0
Mei-2026,TIGALAPANKAOS BONE,COACH JACKET MAMU,COACH COKLAT M,0,3,0,0,116993,350979,350979
Jun-2026,TIGALAPANKAOS BONE,COACH JACKET MAMU,COACH COKLAT M,0,3,0,0,116993,350979,350979
Jul-2026,TIGALAPANKAOS BONE,COACH JACKET MAMU,COACH COKLAT M,0,3,0,0,116993,350979,350979
Agu-2026,TIGALAPANKAOS BONE,COACH JACKET MAMU,COACH COKLAT M,0,3,0,0,116993,350979,350979
Sep-2026,TIGALAPANKAOS BONE,COACH JACKET MAMU,COACH COKLAT M,0,3,0,0,116993,350979,350979
Okt-2026,TIGALAPANKAOS BONE,COACH JACKET MAMU,COACH COKLAT M,0,3,0,0,116993,350979,350979
Apr-2026,TIGALAPANKAOS BONE,COACH JACKET MAMU,COACH COKLAT XL,0,3,0,0,116993,350979,0
Mei-2026,TIGALAPANKAOS BONE,COACH JACKET MAMU,COACH COKLAT XL,116993,2,0,0,116993,233986,350979
Jun-2026,TIGALAPANKAOS BONE,COACH JACKET MAMU,COACH COKLAT XL,0,2,0,0,116993,233986,233986
Jul-2026,TIGALAPANKAOS BONE,COACH JACKET MAMU,COACH COKLAT XL,0,2,0,0,116993,233986,233986
Agu-2026,TIGALAPANKAOS BONE,COACH JACKET MAMU,COACH COKLAT XL,0,2,0,0,116993,233986,233986
Sep-2026,TIGALAPANKAOS BONE,COACH JACKET MAMU,COACH COKLAT XL,0,2,0,0,116993,233986,233986
Okt-2026,TIGALAPANKAOS BONE,COACH JACKET MAMU,COACH COKLAT XL,0,2,0,0,116993,233986,233986
Apr-2026,TIGALAPANKAOS BONE,COACH JACKET MAMU,COACH DARK MUSTARD L,0,2,0,0,116941,233882,0
Mei-2026,TIGALAPANKAOS BONE,COACH JACKET MAMU,COACH DARK MUSTARD L,0,2,0,0,116941,233882,233882
Jun-2026,TIGALAPANKAOS BONE,COACH JACKET MAMU,COACH DARK MUSTARD L,0,2,0,0,116941,233882,233882
Jul-2026,TIGALAPANKAOS BONE,COACH JACKET MAMU,COACH DARK MUSTARD L,0,2,0,0,116941,233882,233882
Agu-2026,TIGALAPANKAOS BONE,COACH JACKET MAMU,COACH DARK MUSTARD L,0,2,0,0,116941,233882,233882
Sep-2026,TIGALAPANKAOS BONE,COACH JACKET MAMU,COACH DARK MUSTARD L,0,2,0,0,116941,233882,233882
Okt-2026,TIGALAPANKAOS BONE,COACH JACKET MAMU,COACH DARK MUSTARD L,0,2,0,0,116941,233882,233882
Apr-2026,TIGALAPANKAOS BONE,COACH JACKET MAMU,COACH DARK MUSTARD M,0,2,0,0,116883,233766,0
Mei-2026,TIGALAPANKAOS BONE,COACH JACKET MAMU,COACH DARK MUSTARD M,0,2,0,0,116883,233766,233766
Jun-2026,TIGALAPANKAOS BONE,COACH JACKET MAMU,COACH DARK MUSTARD M,0,2,0,0,116883,233766,233766
Jul-2026,TIGALAPANKAOS BONE,COACH JACKET MAMU,COACH DARK MUSTARD M,0,2,0,0,116883,233766,233766
Agu-2026,TIGALAPANKAOS BONE,COACH JACKET MAMU,COACH DARK MUSTARD M,0,2,0,0,116883,233766,233766
Sep-2026,TIGALAPANKAOS BONE,COACH JACKET MAMU,COACH DARK MUSTARD M,0,2,0,0,116883,233766,233766
Okt-2026,TIGALAPANKAOS BONE,COACH JACKET MAMU,COACH DARK MUSTARD M,0,2,0,0,116883,233766,233766
Apr-2026,TIGALAPANKAOS BONE,COACH JACKET MAMU,COACH DARK MUSTARD S,0,2,0,0,116883,233766,0
Mei-2026,TIGALAPANKAOS BONE,COACH JACKET MAMU,COACH DARK MUSTARD S,0,2,0,0,116883,233766,233766
Jun-2026,TIGALAPANKAOS BONE,COACH JACKET MAMU,COACH DARK MUSTARD S,0,2,0,0,116883,233766,233766
Jul-2026,TIGALAPANKAOS BONE,COACH JACKET MAMU,COACH DARK MUSTARD S,116883,2,0,0,116883,233766,233766
Agu-2026,TIGALAPANKAOS BONE,COACH JACKET MAMU,COACH DARK MUSTARD S,0,1,0,0,116883,116883,233766
Sep-2026,TIGALAPANKAOS BONE,COACH JACKET MAMU,COACH DARK MUSTARD S,0,1,0,0,116883,116883,116883
Okt-2026,TIGALAPANKAOS BONE,COACH JACKET MAMU,COACH DARK MUSTARD S,0,1,0,0,116883,116883,116883
Apr-2026,TIGALAPANKAOS BONE,COACH JACKET MAMU,COACH DARK MUSTARD XL,0,1,0,0,116958,116958,0
Mei-2026,TIGALAPANKAOS BONE,COACH JACKET MAMU,COACH DARK MUSTARD XL,0,0,0,0,116958,0,116958
Apr-2026,TIGALAPANKAOS BONE,COACH JACKET MAMU,COACH GREEN FOREST L,0,2,0,0,116937,233874,0
Mei-2026,TIGALAPANKAOS BONE,COACH JACKET MAMU,COACH GREEN FOREST L,0,2,0,0,116937,233874,233874
Jun-2026,TIGALAPANKAOS BONE,COACH JACKET MAMU,COACH GREEN FOREST L,0,2,0,0,116937,233874,233874
Jul-2026,TIGALAPANKAOS BONE,COACH JACKET MAMU,COACH GREEN FOREST L,0,2,0,0,116937,233874,233874
Agu-2026,TIGALAPANKAOS BONE,COACH JACKET MAMU,COACH GREEN FOREST L,0,2,0,0,116937,233874,233874
Sep-2026,TIGALAPANKAOS BONE,COACH JACKET MAMU,COACH GREEN FOREST L,0,2,0,0,116937,233874,233874
Okt-2026,TIGALAPANKAOS BONE,COACH JACKET MAMU,COACH GREEN FOREST L,0,2,0,0,116937,233874,233874
Apr-2026,TIGALAPANKAOS BONE,COACH JACKET MAMU,COACH GREEN FOREST M,0,2,0,0,116910,233820,0
Mei-2026,TIGALAPANKAOS BONE,COACH JACKET MAMU,COACH GREEN FOREST M,0,2,0,0,116910,233820,233820
Jun-2026,TIGALAPANKAOS BONE,COACH JACKET MAMU,COACH GREEN FOREST M,0,2,0,0,116910,233820,233820
Jul-2026,TIGALAPANKAOS BONE,COACH JACKET MAMU,COACH GREEN FOREST M,0,2,0,0,116910,233820,233820
Agu-2026,TIGALAPANKAOS BONE,COACH JACKET MAMU,COACH GREEN FOREST M,0,2,0,0,116910,233820,233820
Sep-2026,TIGALAPANKAOS BONE,COACH JACKET MAMU,COACH GREEN FOREST M,0,2,0,0,116910,233820,233820
Okt-2026,TIGALAPANKAOS BONE,COACH JACKET MAMU,COACH GREEN FOREST M,0,2,0,0,116910,233820,233820
Apr-2026,TIGALAPANKAOS BONE,COACH JACKET MAMU,COACH GREEN FOREST XL,0,1,0,0,116938,116938,0
Mei-2026,TIGALAPANKAOS BONE,COACH JACKET MAMU,COACH GREEN FOREST XL,0,1,0,0,116938,116938,116938
Jun-2026,TIGALAPANKAOS BONE,COACH JACKET MAMU,COACH GREEN FOREST XL,0,1,0,0,116938,116938,116938
Jul-2026,TIGALAPANKAOS BONE,COACH JACKET MAMU,COACH GREEN FOREST XL,0,1,0,0,116938,116938,116938
Agu-2026,TIGALAPANKAOS BONE,COACH JACKET MAMU,COACH GREEN FOREST XL,0,1,0,0,116938,116938,116938
Sep-2026,TIGALAPANKAOS BONE,COACH JACKET MAMU,COACH GREEN FOREST XL,0,1,0,0,116938,116938,116938
Okt-2026,TIGALAPANKAOS BONE,COACH JACKET MAMU,COACH GREEN FOREST XL,0,1,0,0,116938,116938,116938
Apr-2026,TIGALAPANKAOS BONE,COACH JACKET MAMU,COACH HITAM L,0,2,0,0,116873,233746,0
Mei-2026,TIGALAPANKAOS BONE,COACH JACKET MAMU,COACH HITAM L,0,2,0,0,116873,233746,233746
Jun-2026,TIGALAPANKAOS BONE,COACH JACKET MAMU,COACH HITAM L,0,2,0,0,116873,233746,233746
Jul-2026,TIGALAPANKAOS BONE,COACH JACKET MAMU,COACH HITAM L,0,2,0,0,116873,233746,233746
Agu-2026,TIGALAPANKAOS BONE,COACH JACKET MAMU,COACH HITAM L,0,2,0,0,116873,233746,233746
Sep-2026,TIGALAPANKAOS BONE,COACH JACKET MAMU,COACH HITAM L,0,2,0,0,116873,233746,233746
Okt-2026,TIGALAPANKAOS BONE,COACH JACKET MAMU,COACH HITAM L,0,2,0,0,116873,233746,233746
Apr-2026,TIGALAPANKAOS BONE,COACH JACKET MAMU,COACH HITAM M,0,2,0,0,116855,233710,0
Mei-2026,TIGALAPANKAOS BONE,COACH JACKET MAMU,COACH HITAM M,0,2,0,0,116855,233710,233710
Jun-2026,TIGALAPANKAOS BONE,COACH JACKET MAMU,COACH HITAM M,0,2,0,0,116855,233710,233710
Jul-2026,TIGALAPANKAOS BONE,COACH JACKET MAMU,COACH HITAM M,0,2,0,0,116855,233710,233710
Agu-2026,TIGALAPANKAOS BONE,COACH JACKET MAMU,COACH HITAM M,0,2,0,0,116855,233710,233710
Sep-2026,TIGALAPANKAOS BONE,COACH JACKET MAMU,COACH HITAM M,0,2,0,0,116855,233710,233710
Okt-2026,TIGALAPANKAOS BONE,COACH JACKET MAMU,COACH HITAM M,0,2,0,0,116855,233710,233710
Jan-2026,TIGALAPANKAOS BONE,COACH JACKET MAMU,COACH HITAM S,0,1,0,0,116762,116762,0
Feb-2026,TIGALAPANKAOS BONE,COACH JACKET MAMU,COACH HITAM S,0,1,0,0,116762,116762,116762
Mar-2026,TIGALAPANKAOS BONE,COACH JACKET MAMU,COACH HITAM S,111542,0,0,0,116762,0,116762
Apr-2026,TIGALAPANKAOS BONE,COACH JACKET MAMU,COACH HITAM S,0,2,0,0,116762,233524,0
Mei-2026,TIGALAPANKAOS BONE,COACH JACKET MAMU,COACH HITAM S,0,2,0,0,116762,233524,233524
Jun-2026,TIGALAPANKAOS BONE,COACH JACKET MAMU,COACH HITAM S,116762,1,0,0,116762,116762,233524
Jul-2026,TIGALAPANKAOS BONE,COACH JACKET MAMU,COACH HITAM S,0,1,0,0,116762,116762,116762
Agu-2026,TIGALAPANKAOS BONE,COACH JACKET MAMU,COACH HITAM S,58381,1,0,0,116762,116762,116762
Sep-2026,TIGALAPANKAOS BONE,COACH JACKET MAMU,COACH HITAM S,0,1,0,0,116762,116762,116762
Okt-2026,TIGALAPANKAOS BONE,COACH JACKET MAMU,COACH HITAM S,0,1,0,0,116762,116762,116762
Apr-2026,TIGALAPANKAOS BONE,COACH JACKET MAMU,COACH HITAM XL,0,2,0,0,116911,233822,0
Mei-2026,TIGALAPANKAOS BONE,COACH JACKET MAMU,COACH HITAM XL,0,2,0,0,116911,233822,233822
Jun-2026,TIGALAPANKAOS BONE,COACH JACKET MAMU,COACH HITAM XL,0,2,0,0,116911,233822,233822
Jul-2026,TIGALAPANKAOS BONE,COACH JACKET MAMU,COACH HITAM XL,0,2,0,0,116911,233822,233822
Agu-2026,TIGALAPANKAOS BONE,COACH JACKET MAMU,COACH HITAM XL,0,2,0,0,116911,233822,233822
Sep-2026,TIGALAPANKAOS BONE,COACH JACKET MAMU,COACH HITAM XL,0,2,0,0,116911,233822,233822
Okt-2026,TIGALAPANKAOS BONE,COACH JACKET MAMU,COACH HITAM XL,0,2,0,0,116911,233822,233822
Jan-2026,TIGALAPANKAOS BONE,COACH JACKET MAMU,COACH NAVY L,0,2,0,0,115948,231896,0
Feb-2026,TIGALAPANKAOS BONE,COACH JACKET MAMU,COACH NAVY L,0,2,0,0,116928,233856,231896
Mar-2026,TIGALAPANKAOS BONE,COACH JACKET MAMU,COACH NAVY L,111542,1,0,0,116928,116928,233856
Apr-2026,TIGALAPANKAOS BONE,COACH JACKET MAMU,COACH NAVY L,0,1,0,0,116928,116928,116928
Mei-2026,TIGALAPANKAOS BONE,COACH JACKET MAMU,COACH NAVY L,0,1,0,0,116928,116928,116928
Jun-2026,TIGALAPANKAOS BONE,COACH JACKET MAMU,COACH NAVY L,111542,0,0,0,115948,0,116928
Jan-2026,TIGALAPANKAOS BONE,COACH JACKET MAMU,COACH NAVY S,0,1,0,0,116892,116892,0
Feb-2026,TIGALAPANKAOS BONE,COACH JACKET MAMU,COACH NAVY S,0,1,0,0,116892,116892,116892
Mar-2026,TIGALAPANKAOS BONE,COACH JACKET MAMU,COACH NAVY S,0,1,0,0,116892,116892,116892
Apr-2026,TIGALAPANKAOS BONE,COACH JACKET MAMU,COACH NAVY S,0,1,0,0,116892,116892,116892
Mei-2026,TIGALAPANKAOS BONE,COACH JACKET MAMU,COACH NAVY S,0,1,0,0,116892,116892,116892
Jun-2026,TIGALAPANKAOS BONE,COACH JACKET MAMU,COACH NAVY S,0,1,0,0,116892,116892,116892
Jul-2026,TIGALAPANKAOS BONE,COACH JACKET MAMU,COACH NAVY S,0,1,0,0,116892,116892,116892
Agu-2026,TIGALAPANKAOS BONE,COACH JACKET MAMU,COACH NAVY S,0,1,0,0,116892,116892,116892
Sep-2026,TIGALAPANKAOS BONE,COACH JACKET MAMU,COACH NAVY S,0,1,0,0,116892,116892,116892
Okt-2026,TIGALAPANKAOS BONE,COACH JACKET MAMU,COACH NAVY S,0,1,0,0,116892,116892,116892
Jun-2026,TIGALAPANKAOS MAKASSAR,COACH JACKET MAMU,COACH HITAM S,0,5,0,0,116762,583810,0
Jul-2026,TIGALAPANKAOS MAKASSAR,COACH JACKET MAMU,COACH HITAM S,0,6,0,0,116762,700572,583810
Agu-2026,TIGALAPANKAOS MAKASSAR,COACH JACKET MAMU,COACH HITAM S,0,6,0,0,116762,700572,700572
Sep-2026,TIGALAPANKAOS MAKASSAR,COACH JACKET MAMU,COACH HITAM S,0,6,0,0,116762,700572,700572
Okt-2026,TIGALAPANKAOS MAKASSAR,COACH JACKET MAMU,COACH HITAM S,0,6,0,0,116762,700572,700572
Jul-2026,TIGALAPANKAOS MAKASSAR,COACH JACKET MAMU,COACH NAVY L,0,2,0,0,116928,233856,0
Agu-2026,TIGALAPANKAOS MAKASSAR,COACH JACKET MAMU,COACH NAVY L,0,0,0,0,116928,0,233856
Jul-2026,TIGALAPANKAOS MAKASSAR,COACH JACKET MAMU,COACH NAVY XL,116950,2,0,0,116954,233908,0
Agu-2026,TIGALAPANKAOS MAKASSAR,COACH JACKET MAMU,COACH NAVY XL,0,0,0,0,116954,0,233908
Jan-2026,TIGALAPANKAOS MANADO,COACH JACKET MAMU,COACH COKLAT L,0,11,0,0,111542,1226962,0
Feb-2026,TIGALAPANKAOS MANADO,COACH JACKET MAMU,COACH COKLAT L,111542,10,0,0,116892,1168920,1226962
Mar-2026,TIGALAPANKAOS MANADO,COACH JACKET MAMU,COACH COKLAT L,0,9,0,0,115703,1041327,1168920
Apr-2026,TIGALAPANKAOS MANADO,COACH JACKET MAMU,COACH COKLAT L,0,8,0,0,116923,935384,1041327
Mei-2026,TIGALAPANKAOS MANADO,COACH JACKET MAMU,COACH COKLAT L,0,8,0,0,116746,933968,935384
Jun-2026,TIGALAPANKAOS MANADO,COACH JACKET MAMU,COACH COKLAT L,0,8,0,0,116746,933968,933968
Jul-2026,TIGALAPANKAOS MANADO,COACH JACKET MAMU,COACH COKLAT L,0,8,0,0,116746,933968,933968
Agu-2026,TIGALAPANKAOS MANADO,COACH JACKET MAMU,COACH COKLAT L,111542,8,0,0,116746,933968,933968
Sep-2026,TIGALAPANKAOS MANADO,COACH JACKET MAMU,COACH COKLAT L,0,7,0,0,116746,817222,933968
Okt-2026,TIGALAPANKAOS MANADO,COACH JACKET MAMU,COACH COKLAT L,0,7,0,0,116746,817222,817222
Jan-2026,TIGALAPANKAOS MANADO,COACH JACKET MAMU,COACH COKLAT M,0,5,0,0,111542,557710,0
Feb-2026,TIGALAPANKAOS MANADO,COACH JACKET MAMU,COACH COKLAT M,0,5,0,0,116892,584460,557710
Mar-2026,TIGALAPANKAOS MANADO,COACH JACKET MAMU,COACH COKLAT M,0,5,0,0,116892,584460,584460
Apr-2026,TIGALAPANKAOS MANADO,COACH JACKET MAMU,COACH COKLAT M,0,5,0,0,116993,584965,584460
Mei-2026,TIGALAPANKAOS MANADO,COACH JACKET MAMU,COACH COKLAT M,0,5,0,0,116993,584965,584965
Jun-2026,TIGALAPANKAOS MANADO,COACH JACKET MAMU,COACH COKLAT M,0,5,0,0,116993,584965,584965
Jul-2026,TIGALAPANKAOS MANADO,COACH JACKET MAMU,COACH COKLAT M,0,5,0,0,116993,584965,584965
Agu-2026,TIGALAPANKAOS MANADO,COACH JACKET MAMU,COACH COKLAT M,111542,4,0,0,116993,467972,584965
Sep-2026,TIGALAPANKAOS MANADO,COACH JACKET MAMU,COACH COKLAT M,0,4,0,0,116993,467972,467972
Okt-2026,TIGALAPANKAOS MANADO,COACH JACKET MAMU,COACH COKLAT M,0,4,0,0,116993,467972,467972
Jan-2026,TIGALAPANKAOS MANADO,COACH JACKET MAMU,COACH COKLAT S,0,2,0,0,111542,223084,0
Feb-2026,TIGALAPANKAOS MANADO,COACH JACKET MAMU,COACH COKLAT S,0,2,0,0,116892,233784,223084
Mar-2026,TIGALAPANKAOS MANADO,COACH JACKET MAMU,COACH COKLAT S,0,2,0,0,116892,233784,233784
Apr-2026,TIGALAPANKAOS MANADO,COACH JACKET MAMU,COACH COKLAT S,0,2,0,0,116892,233784,233784
Mei-2026,TIGALAPANKAOS MANADO,COACH JACKET MAMU,COACH COKLAT S,0,2,0,0,116892,233784,233784
Jun-2026,TIGALAPANKAOS MANADO,COACH JACKET MAMU,COACH COKLAT S,0,2,0,0,116892,233784,233784
Jul-2026,TIGALAPANKAOS MANADO,COACH JACKET MAMU,COACH COKLAT S,0,2,0,0,116892,233784,233784
Agu-2026,TIGALAPANKAOS MANADO,COACH JACKET MAMU,COACH COKLAT S,0,2,0,0,116892,233784,233784
Sep-2026,TIGALAPANKAOS MANADO,COACH JACKET MAMU,COACH COKLAT S,0,2,0,0,116892,233784,233784
Okt-2026,TIGALAPANKAOS MANADO,COACH JACKET MAMU,COACH COKLAT S,0,2,0,0,116892,233784,233784
Apr-2026,TIGALAPANKAOS MANADO,COACH JACKET MAMU,COACH COKLAT XL,0,3,0,0,116993,350979,0
Mei-2026,TIGALAPANKAOS MANADO,COACH JACKET MAMU,COACH COKLAT XL,0,4,0,0,116993,467972,350979
Jun-2026,TIGALAPANKAOS MANADO,COACH JACKET MAMU,COACH COKLAT XL,0,4,0,0,116993,467972,467972
Jul-2026,TIGALAPANKAOS MANADO,COACH JACKET MAMU,COACH COKLAT XL,0,4,0,0,116993,467972,467972
Agu-2026,TIGALAPANKAOS MANADO,COACH JACKET MAMU,COACH COKLAT XL,0,4,0,0,116993,467972,467972
Sep-2026,TIGALAPANKAOS MANADO,COACH JACKET MAMU,COACH COKLAT XL,0,4,0,0,116993,467972,467972
Okt-2026,TIGALAPANKAOS MANADO,COACH JACKET MAMU,COACH COKLAT XL,0,4,0,0,116993,467972,467972
Apr-2026,TIGALAPANKAOS MANADO,COACH JACKET MAMU,COACH DARK MUSTARD L,0,2,0,0,116941,233882,0
Mei-2026,TIGALAPANKAOS MANADO,COACH JACKET MAMU,COACH DARK MUSTARD L,0,2,0,0,116941,233882,233882
Jun-2026,TIGALAPANKAOS MANADO,COACH JACKET MAMU,COACH DARK MUSTARD L,116941,1,0,0,116941,116941,233882
Jul-2026,TIGALAPANKAOS MANADO,COACH JACKET MAMU,COACH DARK MUSTARD L,116941,0,0,0,116941,0,116941
Apr-2026,TIGALAPANKAOS MANADO,COACH JACKET MAMU,COACH DARK MUSTARD M,0,2,0,0,116883,233766,0
Mei-2026,TIGALAPANKAOS MANADO,COACH JACKET MAMU,COACH DARK MUSTARD M,0,0,0,0,116883,0,233766
Apr-2026,TIGALAPANKAOS MANADO,COACH JACKET MAMU,COACH DARK MUSTARD S,0,2,0,0,116883,233766,0
Mei-2026,TIGALAPANKAOS MANADO,COACH JACKET MAMU,COACH DARK MUSTARD S,0,2,0,0,116883,233766,233766
Jun-2026,TIGALAPANKAOS MANADO,COACH JACKET MAMU,COACH DARK MUSTARD S,0,2,0,0,116883,233766,233766
Jul-2026,TIGALAPANKAOS MANADO,COACH JACKET MAMU,COACH DARK MUSTARD S,0,2,0,0,116883,233766,233766
Agu-2026,TIGALAPANKAOS MANADO,COACH JACKET MAMU,COACH DARK MUSTARD S,0,2,0,0,116883,233766,233766
Sep-2026,TIGALAPANKAOS MANADO,COACH JACKET MAMU,COACH DARK MUSTARD S,0,2,0,0,116883,233766,233766
Okt-2026,TIGALAPANKAOS MANADO,COACH JACKET MAMU,COACH DARK MUSTARD S,0,2,0,0,116883,233766,233766
Apr-2026,TIGALAPANKAOS MANADO,COACH JACKET MAMU,COACH DARK MUSTARD XL,0,1,0,0,116958,116958,0
Mei-2026,TIGALAPANKAOS MANADO,COACH JACKET MAMU,COACH DARK MUSTARD XL,0,1,0,0,116958,116958,116958
Jun-2026,TIGALAPANKAOS MANADO,COACH JACKET MAMU,COACH DARK MUSTARD XL,0,1,0,0,116958,116958,116958
Jul-2026,TIGALAPANKAOS MANADO,COACH JACKET MAMU,COACH DARK MUSTARD XL,116958,0,0,0,116958,0,116958
Jan-2026,TIGALAPANKAOS MANADO,COACH JACKET MAMU,COACH GREEN FOREST L,0,1,0,0,111542,111542,0
Feb-2026,TIGALAPANKAOS MANADO,COACH JACKET MAMU,COACH GREEN FOREST L,0,1,0,0,116937,116937,111542
Mar-2026,TIGALAPANKAOS MANADO,COACH JACKET MAMU,COACH GREEN FOREST L,0,1,0,0,116937,116937,116937
Apr-2026,TIGALAPANKAOS MANADO,COACH JACKET MAMU,COACH GREEN FOREST L,0,2,0,0,116937,233874,116937
Mei-2026,TIGALAPANKAOS MANADO,COACH JACKET MAMU,COACH GREEN FOREST L,0,2,0,0,116937,233874,233874
Jun-2026,TIGALAPANKAOS MANADO,COACH JACKET MAMU,COACH GREEN FOREST L,0,2,0,0,116937,233874,233874
Jul-2026,TIGALAPANKAOS MANADO,COACH JACKET MAMU,COACH GREEN FOREST L,0,2,0,0,116937,233874,233874
Agu-2026,TIGALAPANKAOS MANADO,COACH JACKET MAMU,COACH GREEN FOREST L,0,2,0,0,116937,233874,233874
Sep-2026,TIGALAPANKAOS MANADO,COACH JACKET MAMU,COACH GREEN FOREST L,0,2,0,0,116937,233874,233874
Okt-2026,TIGALAPANKAOS MANADO,COACH JACKET MAMU,COACH GREEN FOREST L,0,2,0,0,116937,233874,233874
Jan-2026,TIGALAPANKAOS MANADO,COACH JACKET MAMU,COACH GREEN FOREST M,0,3,0,0,111542,334626,0
Feb-2026,TIGALAPANKAOS MANADO,COACH JACKET MAMU,COACH GREEN FOREST M,0,3,0,0,116910,350730,334626
Mar-2026,TIGALAPANKAOS MANADO,COACH JACKET MAMU,COACH GREEN FOREST M,111542,2,0,0,116910,233820,350730
Apr-2026,TIGALAPANKAOS MANADO,COACH JACKET MAMU,COACH GREEN FOREST M,0,2,0,0,116910,233820,233820
Mei-2026,TIGALAPANKAOS MANADO,COACH JACKET MAMU,COACH GREEN FOREST M,0,2,0,0,116910,233820,233820
Jun-2026,TIGALAPANKAOS MANADO,COACH JACKET MAMU,COACH GREEN FOREST M,0,2,0,0,116910,233820,233820
Jul-2026,TIGALAPANKAOS MANADO,COACH JACKET MAMU,COACH GREEN FOREST M,0,2,0,0,116910,233820,233820
Agu-2026,TIGALAPANKAOS MANADO,COACH JACKET MAMU,COACH GREEN FOREST M,0,2,0,0,116910,233820,233820
Sep-2026,TIGALAPANKAOS MANADO,COACH JACKET MAMU,COACH GREEN FOREST M,111542,1,0,0,116910,116910,233820
Okt-2026,TIGALAPANKAOS MANADO,COACH JACKET MAMU,COACH GREEN FOREST M,0,1,0,0,116910,116910,116910
Jan-2026,TIGALAPANKAOS MANADO,COACH JACKET MAMU,COACH GREEN FOREST S,0,1,0,0,111542,111542,0
Feb-2026,TIGALAPANKAOS MANADO,COACH JACKET MAMU,COACH GREEN FOREST S,0,1,0,0,116892,116892,111542
Mar-2026,TIGALAPANKAOS MANADO,COACH JACKET MAMU,COACH GREEN FOREST S,0,1,0,0,116892,116892,116892
Apr-2026,TIGALAPANKAOS MANADO,COACH JACKET MAMU,COACH GREEN FOREST S,0,1,0,0,116892,116892,116892
Mei-2026,TIGALAPANKAOS MANADO,COACH JACKET MAMU,COACH GREEN FOREST S,0,2,0,0,116892,233784,116892
Jun-2026,TIGALAPANKAOS MANADO,COACH JACKET MAMU,COACH GREEN FOREST S,0,2,0,0,116892,233784,233784
Jul-2026,TIGALAPANKAOS MANADO,COACH JACKET MAMU,COACH GREEN FOREST S,0,2,0,0,116892,233784,233784
Agu-2026,TIGALAPANKAOS MANADO,COACH JACKET MAMU,COACH GREEN FOREST S,0,2,0,0,116892,233784,233784
Sep-2026,TIGALAPANKAOS MANADO,COACH JACKET MAMU,COACH GREEN FOREST S,0,2,0,0,116892,233784,233784
Okt-2026,TIGALAPANKAOS MANADO,COACH JACKET MAMU,COACH GREEN FOREST S,0,2,0,0,116892,233784,233784
Jan-2026,TIGALAPANKAOS MANADO,COACH JACKET MAMU,COACH GREEN FOREST XL,0,3,0,0,111542,334626,0
Feb-2026,TIGALAPANKAOS MANADO,COACH JACKET MAMU,COACH GREEN FOREST XL,0,3,0,0,116938,350814,334626
Mar-2026,TIGALAPANKAOS MANADO,COACH JACKET MAMU,COACH GREEN FOREST XL,0,3,0,0,116938,350814,350814
Apr-2026,TIGALAPANKAOS MANADO,COACH JACKET MAMU,COACH GREEN FOREST XL,0,3,0,0,116938,350814,350814
Mei-2026,TIGALAPANKAOS MANADO,COACH JACKET MAMU,COACH GREEN FOREST XL,0,3,0,0,116938,350814,350814
Jun-2026,TIGALAPANKAOS MANADO,COACH JACKET MAMU,COACH GREEN FOREST XL,0,3,0,0,116938,350814,350814
Jul-2026,TIGALAPANKAOS MANADO,COACH JACKET MAMU,COACH GREEN FOREST XL,0,3,0,0,116938,350814,350814
Agu-2026,TIGALAPANKAOS MANADO,COACH JACKET MAMU,COACH GREEN FOREST XL,0,3,0,0,116938,350814,350814
Sep-2026,TIGALAPANKAOS MANADO,COACH JACKET MAMU,COACH GREEN FOREST XL,0,3,0,0,116938,350814,350814
Okt-2026,TIGALAPANKAOS MANADO,COACH JACKET MAMU,COACH GREEN FOREST XL,0,3,0,0,116938,350814,350814
Jan-2026,TIGALAPANKAOS MANADO,COACH JACKET MAMU,COACH HITAM L,0,7,0,0,116179,813253,0
Feb-2026,TIGALAPANKAOS MANADO,COACH JACKET MAMU,COACH HITAM L,0,7,0,0,116873,818111,813253
Mar-2026,TIGALAPANKAOS MANADO,COACH JACKET MAMU,COACH HITAM L,0,7,0,0,116873,818111,818111
Apr-2026,TIGALAPANKAOS MANADO,COACH JACKET MAMU,COACH HITAM L,0,7,0,0,116873,818111,818111
Mei-2026,TIGALAPANKAOS MANADO,COACH JACKET MAMU,COACH HITAM L,0,7,0,0,116873,818111,818111
Jun-2026,TIGALAPANKAOS MANADO,COACH JACKET MAMU,COACH HITAM L,0,7,0,0,116873,818111,818111
Jul-2026,TIGALAPANKAOS MANADO,COACH JACKET MAMU,COACH HITAM L,0,7,0,0,116873,818111,818111
Agu-2026,TIGALAPANKAOS MANADO,COACH JACKET MAMU,COACH HITAM L,0,7,0,0,116873,818111,818111
Sep-2026,TIGALAPANKAOS MANADO,COACH JACKET MAMU,COACH HITAM L,0,7,0,0,116873,818111,818111
Okt-2026,TIGALAPANKAOS MANADO,COACH JACKET MAMU,COACH HITAM L,0,7,0,0,116873,818111,818111
Jan-2026,TIGALAPANKAOS MANADO,COACH JACKET MAMU,COACH HITAM M,0,2,0,0,116535,233070,0
Feb-2026,TIGALAPANKAOS MANADO,COACH JACKET MAMU,COACH HITAM M,0,2,0,0,116855,233710,233070
Mar-2026,TIGALAPANKAOS MANADO,COACH JACKET MAMU,COACH HITAM M,0,2,0,0,116855,233710,233710
Apr-2026,TIGALAPANKAOS MANADO,COACH JACKET MAMU,COACH HITAM M,0,2,0,0,116855,233710,233710
Mei-2026,TIGALAPANKAOS MANADO,COACH JACKET MAMU,COACH HITAM M,0,2,0,0,116855,233710,233710
Jun-2026,TIGALAPANKAOS MANADO,COACH JACKET MAMU,COACH HITAM M,0,1,0,0,116855,116855,233710
Jul-2026,TIGALAPANKAOS MANADO,COACH JACKET MAMU,COACH HITAM M,0,1,0,0,116855,116855,116855
Agu-2026,TIGALAPANKAOS MANADO,COACH JACKET MAMU,COACH HITAM M,0,1,0,0,116855,116855,116855
Sep-2026,TIGALAPANKAOS MANADO,COACH JACKET MAMU,COACH HITAM M,0,1,0,0,116855,116855,116855
Okt-2026,TIGALAPANKAOS MANADO,COACH JACKET MAMU,COACH HITAM M,0,1,0,0,116855,116855,116855
Jan-2026,TIGALAPANKAOS MANADO,COACH JACKET MAMU,COACH HITAM S,0,4,0,0,116762,467048,0
Feb-2026,TIGALAPANKAOS MANADO,COACH JACKET MAMU,COACH HITAM S,0,4,0,0,116762,467048,467048
Mar-2026,TIGALAPANKAOS MANADO,COACH JACKET MAMU,COACH HITAM S,0,4,0,0,116762,467048,467048
Apr-2026,TIGALAPANKAOS MANADO,COACH JACKET MAMU,COACH HITAM S,0,4,0,0,116762,467048,467048
Mei-2026,TIGALAPANKAOS MANADO,COACH JACKET MAMU,COACH HITAM S,0,1,0,0,116762,116762,467048
Jun-2026,TIGALAPANKAOS MANADO,COACH JACKET MAMU,COACH HITAM S,0,2,0,0,116762,233524,116762
Jul-2026,TIGALAPANKAOS MANADO,COACH JACKET MAMU,COACH HITAM S,0,2,0,0,116762,233524,233524
Agu-2026,TIGALAPANKAOS MANADO,COACH JACKET MAMU,COACH HITAM S,0,2,0,0,116762,233524,233524
Sep-2026,TIGALAPANKAOS MANADO,COACH JACKET MAMU,COACH HITAM S,0,2,0,0,116762,233524,233524
Okt-2026,TIGALAPANKAOS MANADO,COACH JACKET MAMU,COACH HITAM S,0,2,0,0,116762,233524,233524
Jan-2026,TIGALAPANKAOS MANADO,COACH JACKET MAMU,COACH HITAM XL,111542,2,0,0,116194,232388,0
Feb-2026,TIGALAPANKAOS MANADO,COACH JACKET MAMU,COACH HITAM XL,111542,1,0,0,116911,116911,232388
Mar-2026,TIGALAPANKAOS MANADO,COACH JACKET MAMU,COACH HITAM XL,0,1,0,0,116911,116911,116911
Apr-2026,TIGALAPANKAOS MANADO,COACH JACKET MAMU,COACH HITAM XL,0,1,0,0,116911,116911,116911
Mei-2026,TIGALAPANKAOS MANADO,COACH JACKET MAMU,COACH HITAM XL,111542,1,0,0,116911,116911,116911
Jun-2026,TIGALAPANKAOS MANADO,COACH JACKET MAMU,COACH HITAM XL,0,0,0,0,116911,0,116911
Jan-2026,TIGALAPANKAOS MANADO,COACH JACKET MAMU,COACH NAVY L,0,10,0,0,115948,1159480,0
Feb-2026,TIGALAPANKAOS MANADO,COACH JACKET MAMU,COACH NAVY L,0,10,0,0,116928,1169280,1159480
Mar-2026,TIGALAPANKAOS MANADO,COACH JACKET MAMU,COACH NAVY L,0,10,0,0,116928,1169280,1169280
Apr-2026,TIGALAPANKAOS MANADO,COACH JACKET MAMU,COACH NAVY L,0,10,0,0,116928,1169280,1169280
Mei-2026,TIGALAPANKAOS MANADO,COACH JACKET MAMU,COACH NAVY L,0,10,0,0,116928,1169280,1169280
Jun-2026,TIGALAPANKAOS MANADO,COACH JACKET MAMU,COACH NAVY L,0,10,0,0,116928,1169280,1169280
Jul-2026,TIGALAPANKAOS MANADO,COACH JACKET MAMU,COACH NAVY L,0,10,0,0,116928,1169280,1169280
Agu-2026,TIGALAPANKAOS MANADO,COACH JACKET MAMU,COACH NAVY L,0,10,0,0,116928,1169280,1169280
Sep-2026,TIGALAPANKAOS MANADO,COACH JACKET MAMU,COACH NAVY L,0,10,0,0,116928,1169280,1169280
Okt-2026,TIGALAPANKAOS MANADO,COACH JACKET MAMU,COACH NAVY L,0,10,0,0,116928,1169280,1169280
Jan-2026,TIGALAPANKAOS MANADO,COACH JACKET MAMU,COACH NAVY M,0,5,0,0,116892,584460,0
Feb-2026,TIGALAPANKAOS MANADO,COACH JACKET MAMU,COACH NAVY M,0,5,0,0,116951,584755,584460
Mar-2026,TIGALAPANKAOS MANADO,COACH JACKET MAMU,COACH NAVY M,0,5,0,0,116951,584755,584755
Apr-2026,TIGALAPANKAOS MANADO,COACH JACKET MAMU,COACH NAVY M,0,5,0,0,116951,584755,584755
Mei-2026,TIGALAPANKAOS MANADO,COACH JACKET MAMU,COACH NAVY M,0,5,0,0,116951,584755,584755
Jun-2026,TIGALAPANKAOS MANADO,COACH JACKET MAMU,COACH NAVY M,0,5,0,0,116951,584755,584755
Jul-2026,TIGALAPANKAOS MANADO,COACH JACKET MAMU,COACH NAVY M,0,5,0,0,116951,584755,584755
Agu-2026,TIGALAPANKAOS MANADO,COACH JACKET MAMU,COACH NAVY M,0,5,0,0,116951,584755,584755
Sep-2026,TIGALAPANKAOS MANADO,COACH JACKET MAMU,COACH NAVY M,0,5,0,0,116951,584755,584755
Okt-2026,TIGALAPANKAOS MANADO,COACH JACKET MAMU,COACH NAVY M,0,5,0,0,116951,584755,584755
Jan-2026,TIGALAPANKAOS MANADO,COACH JACKET MAMU,COACH NAVY S,0,1,0,0,116892,116892,0
Feb-2026,TIGALAPANKAOS MANADO,COACH JACKET MAMU,COACH NAVY S,0,1,0,0,116892,116892,116892
Mar-2026,TIGALAPANKAOS MANADO,COACH JACKET MAMU,COACH NAVY S,0,1,0,0,116892,116892,116892
Apr-2026,TIGALAPANKAOS MANADO,COACH JACKET MAMU,COACH NAVY S,0,1,0,0,116892,116892,116892
Mei-2026,TIGALAPANKAOS MANADO,COACH JACKET MAMU,COACH NAVY S,0,1,0,0,116892,116892,116892
Jun-2026,TIGALAPANKAOS MANADO,COACH JACKET MAMU,COACH NAVY S,0,1,0,0,116892,116892,116892
Jul-2026,TIGALAPANKAOS MANADO,COACH JACKET MAMU,COACH NAVY S,0,1,0,0,116892,116892,116892
Agu-2026,TIGALAPANKAOS MANADO,COACH JACKET MAMU,COACH NAVY S,0,1,0,0,116892,116892,116892
Sep-2026,TIGALAPANKAOS MANADO,COACH JACKET MAMU,COACH NAVY S,0,1,0,0,116892,116892,116892
Okt-2026,TIGALAPANKAOS MANADO,COACH JACKET MAMU,COACH NAVY S,0,1,0,0,116892,116892,116892
Jan-2026,TIGALAPANKAOS MANADO,COACH JACKET MAMU,COACH NAVY XL,0,5,0,0,116892,584460,0
Feb-2026,TIGALAPANKAOS MANADO,COACH JACKET MAMU,COACH NAVY XL,0,5,0,0,116954,584770,584460
Mar-2026,TIGALAPANKAOS MANADO,COACH JACKET MAMU,COACH NAVY XL,0,5,0,0,116954,584770,584770
Apr-2026,TIGALAPANKAOS MANADO,COACH JACKET MAMU,COACH NAVY XL,0,5,0,0,116954,584770,584770
Mei-2026,TIGALAPANKAOS MANADO,COACH JACKET MAMU,COACH NAVY XL,0,5,0,0,116954,584770,584770
Jun-2026,TIGALAPANKAOS MANADO,COACH JACKET MAMU,COACH NAVY XL,0,5,0,0,116954,584770,584770
Jul-2026,TIGALAPANKAOS MANADO,COACH JACKET MAMU,COACH NAVY XL,0,5,0,0,116954,584770,584770
Agu-2026,TIGALAPANKAOS MANADO,COACH JACKET MAMU,COACH NAVY XL,0,5,0,0,116954,584770,584770
Sep-2026,TIGALAPANKAOS MANADO,COACH JACKET MAMU,COACH NAVY XL,0,5,0,0,116954,584770,584770
Okt-2026,TIGALAPANKAOS MANADO,COACH JACKET MAMU,COACH NAVY XL,0,5,0,0,116954,584770,584770
Jan-2026,TIGALAPANKAOS PALU,COACH JACKET MAMU,COACH COKLAT L,0,1,0,0,111542,111542,0
Feb-2026,TIGALAPANKAOS PALU,COACH JACKET MAMU,COACH COKLAT L,0,1,0,0,116892,116892,111542
Mar-2026,TIGALAPANKAOS PALU,COACH JACKET MAMU,COACH COKLAT L,0,1,0,0,115703,115703,116892
Apr-2026,TIGALAPANKAOS PALU,COACH JACKET MAMU,COACH COKLAT L,0,1,0,0,116923,116923,115703
Mei-2026,TIGALAPANKAOS PALU,COACH JACKET MAMU,COACH COKLAT L,0,6,0,0,116746,700476,116923
Jun-2026,TIGALAPANKAOS PALU,COACH JACKET MAMU,COACH COKLAT L,0,6,0,0,116746,700476,700476
Jul-2026,TIGALAPANKAOS PALU,COACH JACKET MAMU,COACH COKLAT L,0,6,0,0,116746,700476,700476
Agu-2026,TIGALAPANKAOS PALU,COACH JACKET MAMU,COACH COKLAT L,-223084,6,0,0,116746,700476,700476
Sep-2026,TIGALAPANKAOS PALU,COACH JACKET MAMU,COACH COKLAT L,0,8,0,0,116746,933968,700476
Okt-2026,TIGALAPANKAOS PALU,COACH JACKET MAMU,COACH COKLAT L,0,8,0,0,116746,933968,933968
Apr-2026,TIGALAPANKAOS PALU,COACH JACKET MAMU,COACH COKLAT M,0,3,0,0,116993,350979,0
Mei-2026,TIGALAPANKAOS PALU,COACH JACKET MAMU,COACH COKLAT M,0,5,0,0,116993,584965,350979
Jun-2026,TIGALAPANKAOS PALU,COACH JACKET MAMU,COACH COKLAT M,0,5,0,0,116993,584965,584965
Jul-2026,TIGALAPANKAOS PALU,COACH JACKET MAMU,COACH COKLAT M,0,5,0,0,116993,584965,584965
Agu-2026,TIGALAPANKAOS PALU,COACH JACKET MAMU,COACH COKLAT M,-223084,5,0,0,116993,584965,584965
Sep-2026,TIGALAPANKAOS PALU,COACH JACKET MAMU,COACH COKLAT M,0,7,0,0,116993,818951,584965
Okt-2026,TIGALAPANKAOS PALU,COACH JACKET MAMU,COACH COKLAT M,0,7,0,0,116993,818951,818951
Agu-2026,TIGALAPANKAOS PALU,COACH JACKET MAMU,COACH COKLAT S,-111542,0,0,0,111542,0,0
Sep-2026,TIGALAPANKAOS PALU,COACH JACKET MAMU,COACH COKLAT S,0,1,0,0,116892,116892,0
Okt-2026,TIGALAPANKAOS PALU,COACH JACKET MAMU,COACH COKLAT S,0,1,0,0,116892,116892,116892
Apr-2026,TIGALAPANKAOS PALU,COACH JACKET MAMU,COACH COKLAT XL,0,3,0,0,116993,350979,0
Mei-2026,TIGALAPANKAOS PALU,COACH JACKET MAMU,COACH COKLAT XL,0,8,0,0,116993,935944,350979
Jun-2026,TIGALAPANKAOS PALU,COACH JACKET MAMU,COACH COKLAT XL,0,8,0,0,116993,935944,935944
Jul-2026,TIGALAPANKAOS PALU,COACH JACKET MAMU,COACH COKLAT XL,0,8,0,0,116993,935944,935944
Agu-2026,TIGALAPANKAOS PALU,COACH JACKET MAMU,COACH COKLAT XL,-223084,8,0,0,116993,935944,935944
Sep-2026,TIGALAPANKAOS PALU,COACH JACKET MAMU,COACH COKLAT XL,0,10,0,0,116993,1169930,935944
Okt-2026,TIGALAPANKAOS PALU,COACH JACKET MAMU,COACH COKLAT XL,0,10,0,0,116993,1169930,1169930
Mar-2026,TIGALAPANKAOS PALU,COACH JACKET MAMU,COACH DARK MUSTARD L,116941,4,0,0,116941,467764,0
Apr-2026,TIGALAPANKAOS PALU,COACH JACKET MAMU,COACH DARK MUSTARD L,0,6,0,0,116941,701646,467764
Mei-2026,TIGALAPANKAOS PALU,COACH JACKET MAMU,COACH DARK MUSTARD L,0,6,0,0,116941,701646,701646
Jun-2026,TIGALAPANKAOS PALU,COACH JACKET MAMU,COACH DARK MUSTARD L,0,6,0,0,116941,701646,701646
Jul-2026,TIGALAPANKAOS PALU,COACH JACKET MAMU,COACH DARK MUSTARD L,0,6,0,0,116941,701646,701646
Agu-2026,TIGALAPANKAOS PALU,COACH JACKET MAMU,COACH DARK MUSTARD L,0,6,0,0,116941,701646,701646
Sep-2026,TIGALAPANKAOS PALU,COACH JACKET MAMU,COACH DARK MUSTARD L,0,6,0,0,116941,701646,701646
Okt-2026,TIGALAPANKAOS PALU,COACH JACKET MAMU,COACH DARK MUSTARD L,0,6,0,0,116941,701646,701646
Apr-2026,TIGALAPANKAOS PALU,COACH JACKET MAMU,COACH DARK MUSTARD M,0,2,0,0,116883,233766,0
Mei-2026,TIGALAPANKAOS PALU,COACH JACKET MAMU,COACH DARK MUSTARD M,116883,1,0,0,116883,116883,233766
Jun-2026,TIGALAPANKAOS PALU,COACH JACKET MAMU,COACH DARK MUSTARD M,0,1,0,0,116883,116883,116883
Jul-2026,TIGALAPANKAOS PALU,COACH JACKET MAMU,COACH DARK MUSTARD M,0,1,0,0,116883,116883,116883
Agu-2026,TIGALAPANKAOS PALU,COACH JACKET MAMU,COACH DARK MUSTARD M,0,1,0,0,116883,116883,116883
Sep-2026,TIGALAPANKAOS PALU,COACH JACKET MAMU,COACH DARK MUSTARD M,0,1,0,0,116883,116883,116883
Okt-2026,TIGALAPANKAOS PALU,COACH JACKET MAMU,COACH DARK MUSTARD M,0,1,0,0,116883,116883,116883
Apr-2026,TIGALAPANKAOS PALU,COACH JACKET MAMU,COACH DARK MUSTARD S,0,2,0,0,116883,233766,0
Mei-2026,TIGALAPANKAOS PALU,COACH JACKET MAMU,COACH DARK MUSTARD S,0,2,0,0,116883,233766,233766
Jun-2026,TIGALAPANKAOS PALU,COACH JACKET MAMU,COACH DARK MUSTARD S,0,2,0,0,116883,233766,233766
Jul-2026,TIGALAPANKAOS PALU,COACH JACKET MAMU,COACH DARK MUSTARD S,0,2,0,0,116883,233766,233766
Agu-2026,TIGALAPANKAOS PALU,COACH JACKET MAMU,COACH DARK MUSTARD S,0,2,0,0,116883,233766,233766
Sep-2026,TIGALAPANKAOS PALU,COACH JACKET MAMU,COACH DARK MUSTARD S,0,2,0,0,116883,233766,233766
Okt-2026,TIGALAPANKAOS PALU,COACH JACKET MAMU,COACH DARK MUSTARD S,0,2,0,0,116883,233766,233766
Apr-2026,TIGALAPANKAOS PALU,COACH JACKET MAMU,COACH DARK MUSTARD XL,0,1,0,0,116958,116958,0
Mei-2026,TIGALAPANKAOS PALU,COACH JACKET MAMU,COACH DARK MUSTARD XL,0,1,0,0,116958,116958,116958
Jun-2026,TIGALAPANKAOS PALU,COACH JACKET MAMU,COACH DARK MUSTARD XL,0,1,0,0,116958,116958,116958
Jul-2026,TIGALAPANKAOS PALU,COACH JACKET MAMU,COACH DARK MUSTARD XL,0,1,0,0,116958,116958,116958
Agu-2026,TIGALAPANKAOS PALU,COACH JACKET MAMU,COACH DARK MUSTARD XL,0,1,0,0,116958,116958,116958
Sep-2026,TIGALAPANKAOS PALU,COACH JACKET MAMU,COACH DARK MUSTARD XL,0,1,0,0,116958,116958,116958
Okt-2026,TIGALAPANKAOS PALU,COACH JACKET MAMU,COACH DARK MUSTARD XL,0,1,0,0,116958,116958,116958
Jan-2026,TIGALAPANKAOS PALU,COACH JACKET MAMU,COACH GREEN FOREST L,0,1,0,0,111542,111542,0
Feb-2026,TIGALAPANKAOS PALU,COACH JACKET MAMU,COACH GREEN FOREST L,111542,0,0,0,111542,0,111542
Mar-2026,TIGALAPANKAOS PALU,COACH JACKET MAMU,COACH GREEN FOREST L,0,5,0,0,116937,584685,0
Apr-2026,TIGALAPANKAOS PALU,COACH JACKET MAMU,COACH GREEN FOREST L,0,5,0,0,116937,584685,584685
Mei-2026,TIGALAPANKAOS PALU,COACH JACKET MAMU,COACH GREEN FOREST L,0,5,0,0,116937,584685,584685
Jun-2026,TIGALAPANKAOS PALU,COACH JACKET MAMU,COACH GREEN FOREST L,0,5,0,0,116937,584685,584685
Jul-2026,TIGALAPANKAOS PALU,COACH JACKET MAMU,COACH GREEN FOREST L,0,5,0,0,116937,584685,584685
Agu-2026,TIGALAPANKAOS PALU,COACH JACKET MAMU,COACH GREEN FOREST L,-223084,5,0,0,116937,584685,584685
Sep-2026,TIGALAPANKAOS PALU,COACH JACKET MAMU,COACH GREEN FOREST L,0,7,0,0,116937,818559,584685
Okt-2026,TIGALAPANKAOS PALU,COACH JACKET MAMU,COACH GREEN FOREST L,0,7,0,0,116937,818559,818559
Jan-2026,TIGALAPANKAOS PALU,COACH JACKET MAMU,COACH GREEN FOREST M,0,3,0,0,111542,334626,0
Feb-2026,TIGALAPANKAOS PALU,COACH JACKET MAMU,COACH GREEN FOREST M,111542,2,0,0,116910,233820,334626
Mar-2026,TIGALAPANKAOS PALU,COACH JACKET MAMU,COACH GREEN FOREST M,0,2,0,0,116910,233820,233820
Apr-2026,TIGALAPANKAOS PALU,COACH JACKET MAMU,COACH GREEN FOREST M,0,2,0,0,116910,233820,233820
Mei-2026,TIGALAPANKAOS PALU,COACH JACKET MAMU,COACH GREEN FOREST M,0,2,0,0,116910,233820,233820
Jun-2026,TIGALAPANKAOS PALU,COACH JACKET MAMU,COACH GREEN FOREST M,0,2,0,0,116910,233820,233820
Jul-2026,TIGALAPANKAOS PALU,COACH JACKET MAMU,COACH GREEN FOREST M,0,2,0,0,116910,233820,233820
Agu-2026,TIGALAPANKAOS PALU,COACH JACKET MAMU,COACH GREEN FOREST M,0,1,0,0,116910,116910,233820
Sep-2026,TIGALAPANKAOS PALU,COACH JACKET MAMU,COACH GREEN FOREST M,0,2,0,0,116910,233820,116910
Okt-2026,TIGALAPANKAOS PALU,COACH JACKET MAMU,COACH GREEN FOREST M,0,2,0,0,116910,233820,233820
Apr-2026,TIGALAPANKAOS PALU,COACH JACKET MAMU,COACH GREEN FOREST S,0,1,0,0,116892,116892,0
Mei-2026,TIGALAPANKAOS PALU,COACH JACKET MAMU,COACH GREEN FOREST S,0,1,0,0,116892,116892,116892
Jun-2026,TIGALAPANKAOS PALU,COACH JACKET MAMU,COACH GREEN FOREST S,0,1,0,0,116892,116892,116892
Jul-2026,TIGALAPANKAOS PALU,COACH JACKET MAMU,COACH GREEN FOREST S,0,1,0,0,116892,116892,116892
Agu-2026,TIGALAPANKAOS PALU,COACH JACKET MAMU,COACH GREEN FOREST S,0,1,0,0,116892,116892,116892
Sep-2026,TIGALAPANKAOS PALU,COACH JACKET MAMU,COACH GREEN FOREST S,0,1,0,0,116892,116892,116892
Okt-2026,TIGALAPANKAOS PALU,COACH JACKET MAMU,COACH GREEN FOREST S,0,1,0,0,116892,116892,116892
Jan-2026,TIGALAPANKAOS PALU,COACH JACKET MAMU,COACH GREEN FOREST XL,111542,1,0,0,111542,111542,0
Feb-2026,TIGALAPANKAOS PALU,COACH JACKET MAMU,COACH GREEN FOREST XL,0,1,0,0,116938,116938,111542
Mar-2026,TIGALAPANKAOS PALU,COACH JACKET MAMU,COACH GREEN FOREST XL,111542,0,0,0,111542,0,116938
Apr-2026,TIGALAPANKAOS PALU,COACH JACKET MAMU,COACH GREEN FOREST XL,0,1,0,0,116938,116938,0
Mei-2026,TIGALAPANKAOS PALU,COACH JACKET MAMU,COACH GREEN FOREST XL,116938,0,0,0,111542,0,116938
Agu-2026,TIGALAPANKAOS PALU,COACH JACKET MAMU,COACH GREEN FOREST XL,-223084,0,0,0,111542,0,0
Sep-2026,TIGALAPANKAOS PALU,COACH JACKET MAMU,COACH GREEN FOREST XL,0,2,0,0,116938,233876,0
Okt-2026,TIGALAPANKAOS PALU,COACH JACKET MAMU,COACH GREEN FOREST XL,0,2,0,0,116938,233876,233876
Mar-2026,TIGALAPANKAOS PALU,COACH JACKET MAMU,COACH HITAM L,0,5,0,0,116873,584365,0
Apr-2026,TIGALAPANKAOS PALU,COACH JACKET MAMU,COACH HITAM L,0,5,0,0,116873,584365,584365
Mei-2026,TIGALAPANKAOS PALU,COACH JACKET MAMU,COACH HITAM L,350619,2,0,0,116873,233746,584365
Jun-2026,TIGALAPANKAOS PALU,COACH JACKET MAMU,COACH HITAM L,0,2,0,0,116873,233746,233746
Jul-2026,TIGALAPANKAOS PALU,COACH JACKET MAMU,COACH HITAM L,0,2,0,0,116873,233746,233746
Agu-2026,TIGALAPANKAOS PALU,COACH JACKET MAMU,COACH HITAM L,5332,2,0,0,116873,233746,233746
Sep-2026,TIGALAPANKAOS PALU,COACH JACKET MAMU,COACH HITAM L,0,2,0,0,116873,233746,233746
Okt-2026,TIGALAPANKAOS PALU,COACH JACKET MAMU,COACH HITAM L,0,2,0,0,116873,233746,233746
Mar-2026,TIGALAPANKAOS PALU,COACH JACKET MAMU,COACH HITAM M,0,5,0,0,116855,584275,0
Apr-2026,TIGALAPANKAOS PALU,COACH JACKET MAMU,COACH HITAM M,0,5,0,0,116855,584275,584275
Mei-2026,TIGALAPANKAOS PALU,COACH JACKET MAMU,COACH HITAM M,116855,4,0,0,116855,467420,584275
Jun-2026,TIGALAPANKAOS PALU,COACH JACKET MAMU,COACH HITAM M,0,4,0,0,116855,467420,467420
Jul-2026,TIGALAPANKAOS PALU,COACH JACKET MAMU,COACH HITAM M,0,4,0,0,116855,467420,467420
Agu-2026,TIGALAPANKAOS PALU,COACH JACKET MAMU,COACH HITAM M,4250,4,0,0,116855,467420,467420
Sep-2026,TIGALAPANKAOS PALU,COACH JACKET MAMU,COACH HITAM M,0,4,0,0,116855,467420,467420
Okt-2026,TIGALAPANKAOS PALU,COACH JACKET MAMU,COACH HITAM M,0,4,0,0,116855,467420,467420
Apr-2026,TIGALAPANKAOS PALU,COACH JACKET MAMU,COACH HITAM S,0,2,0,0,116762,233524,0
Mei-2026,TIGALAPANKAOS PALU,COACH JACKET MAMU,COACH HITAM S,0,2,0,0,116762,233524,233524
Jun-2026,TIGALAPANKAOS PALU,COACH JACKET MAMU,COACH HITAM S,0,2,0,0,116762,233524,233524
Jul-2026,TIGALAPANKAOS PALU,COACH JACKET MAMU,COACH HITAM S,0,2,0,0,116762,233524,233524
Agu-2026,TIGALAPANKAOS PALU,COACH JACKET MAMU,COACH HITAM S,-111542,2,0,0,116762,233524,233524
Sep-2026,TIGALAPANKAOS PALU,COACH JACKET MAMU,COACH HITAM S,0,3,0,0,116762,350286,233524
Okt-2026,TIGALAPANKAOS PALU,COACH JACKET MAMU,COACH HITAM S,0,3,0,0,116762,350286,350286
Mar-2026,TIGALAPANKAOS PALU,COACH JACKET MAMU,COACH HITAM XL,0,5,0,0,116911,584555,0
Apr-2026,TIGALAPANKAOS PALU,COACH JACKET MAMU,COACH HITAM XL,0,5,0,0,116911,584555,584555
Mei-2026,TIGALAPANKAOS PALU,COACH JACKET MAMU,COACH HITAM XL,467644,1,0,0,116911,116911,584555
Jun-2026,TIGALAPANKAOS PALU,COACH JACKET MAMU,COACH HITAM XL,116911,0,0,0,116194,0,116911
Agu-2026,TIGALAPANKAOS PALU,COACH JACKET MAMU,COACH HITAM XL,-111542,0,0,0,116194,0,0
Sep-2026,TIGALAPANKAOS PALU,COACH JACKET MAMU,COACH HITAM XL,0,1,0,0,116911,116911,0
Okt-2026,TIGALAPANKAOS PALU,COACH JACKET MAMU,COACH HITAM XL,0,1,0,0,116911,116911,116911
Jan-2026,TIGALAPANKAOS PALU,COACH JACKET MAMU,COACH NAVY L,111542,0,0,0,115948,0,0
Mar-2026,TIGALAPANKAOS PALU,COACH JACKET MAMU,COACH NAVY L,0,5,0,0,116928,584640,0
Apr-2026,TIGALAPANKAOS PALU,COACH JACKET MAMU,COACH NAVY L,0,5,0,0,116928,584640,584640
Mei-2026,TIGALAPANKAOS PALU,COACH JACKET MAMU,COACH NAVY L,0,5,0,0,116928,584640,584640
Jun-2026,TIGALAPANKAOS PALU,COACH JACKET MAMU,COACH NAVY L,0,5,0,0,116928,584640,584640
Jul-2026,TIGALAPANKAOS PALU,COACH JACKET MAMU,COACH NAVY L,0,5,0,0,116928,584640,584640
Agu-2026,TIGALAPANKAOS PALU,COACH JACKET MAMU,COACH NAVY L,-223084,5,0,0,116928,584640,584640
Sep-2026,TIGALAPANKAOS PALU,COACH JACKET MAMU,COACH NAVY L,0,8,0,0,116928,935424,584640
Okt-2026,TIGALAPANKAOS PALU,COACH JACKET MAMU,COACH NAVY L,0,8,0,0,116928,935424,935424
Mar-2026,TIGALAPANKAOS PALU,COACH JACKET MAMU,COACH NAVY M,0,5,0,0,116951,584755,0
Apr-2026,TIGALAPANKAOS PALU,COACH JACKET MAMU,COACH NAVY M,0,5,0,0,116951,584755,584755
Mei-2026,TIGALAPANKAOS PALU,COACH JACKET MAMU,COACH NAVY M,0,5,0,0,116951,584755,584755
Jun-2026,TIGALAPANKAOS PALU,COACH JACKET MAMU,COACH NAVY M,0,5,0,0,116951,584755,584755
Jul-2026,TIGALAPANKAOS PALU,COACH JACKET MAMU,COACH NAVY M,0,5,0,0,116951,584755,584755
Agu-2026,TIGALAPANKAOS PALU,COACH JACKET MAMU,COACH NAVY M,-223084,5,0,0,116951,584755,584755
Sep-2026,TIGALAPANKAOS PALU,COACH JACKET MAMU,COACH NAVY M,0,7,0,0,116951,818657,584755
Okt-2026,TIGALAPANKAOS PALU,COACH JACKET MAMU,COACH NAVY M,0,7,0,0,116951,818657,818657
Agu-2026,TIGALAPANKAOS PALU,COACH JACKET MAMU,COACH NAVY S,-111542,0,0,0,116892,0,0
Sep-2026,TIGALAPANKAOS PALU,COACH JACKET MAMU,COACH NAVY S,0,1,0,0,116892,116892,0
Okt-2026,TIGALAPANKAOS PALU,COACH JACKET MAMU,COACH NAVY S,0,1,0,0,116892,116892,116892
Mar-2026,TIGALAPANKAOS PALU,COACH JACKET MAMU,COACH NAVY XL,0,5,0,0,116954,584770,0
Apr-2026,TIGALAPANKAOS PALU,COACH JACKET MAMU,COACH NAVY XL,0,5,0,0,116954,584770,584770
Mei-2026,TIGALAPANKAOS PALU,COACH JACKET MAMU,COACH NAVY XL,0,5,0,0,116954,584770,584770
Jun-2026,TIGALAPANKAOS PALU,COACH JACKET MAMU,COACH NAVY XL,116954,4,0,0,116954,467816,584770
Jul-2026,TIGALAPANKAOS PALU,COACH JACKET MAMU,COACH NAVY XL,0,4,0,0,116954,467816,467816
Agu-2026,TIGALAPANKAOS PALU,COACH JACKET MAMU,COACH NAVY XL,-223084,4,0,0,116954,467816,467816
Sep-2026,TIGALAPANKAOS PALU,COACH JACKET MAMU,COACH NAVY XL,0,6,0,0,116954,701724,467816
Okt-2026,TIGALAPANKAOS PALU,COACH JACKET MAMU,COACH NAVY XL,0,6,0,0,116954,701724,701724
Jan-2026,TIGALAPANKAOS POLMAN,COACH JACKET MAMU,COACH COKLAT L,0,6,0,0,111542,669252,0
Feb-2026,TIGALAPANKAOS POLMAN,COACH JACKET MAMU,COACH COKLAT L,0,6,0,0,116892,701352,669252
Mar-2026,TIGALAPANKAOS POLMAN,COACH JACKET MAMU,COACH COKLAT L,0,5,0,0,115703,578515,701352
Apr-2026,TIGALAPANKAOS POLMAN,COACH JACKET MAMU,COACH COKLAT L,0,5,0,0,116923,584615,578515
Mei-2026,TIGALAPANKAOS POLMAN,COACH JACKET MAMU,COACH COKLAT L,0,5,0,0,116746,583730,584615
Jun-2026,TIGALAPANKAOS POLMAN,COACH JACKET MAMU,COACH COKLAT L,0,5,0,0,116746,583730,583730
Jul-2026,TIGALAPANKAOS POLMAN,COACH JACKET MAMU,COACH COKLAT L,0,5,0,0,116746,583730,583730
Agu-2026,TIGALAPANKAOS POLMAN,COACH JACKET MAMU,COACH COKLAT L,0,5,0,0,116746,583730,583730
Sep-2026,TIGALAPANKAOS POLMAN,COACH JACKET MAMU,COACH COKLAT L,0,5,0,0,116746,583730,583730
Okt-2026,TIGALAPANKAOS POLMAN,COACH JACKET MAMU,COACH COKLAT L,0,5,0,0,116746,583730,583730
Apr-2026,TIGALAPANKAOS POLMAN,COACH JACKET MAMU,COACH COKLAT M,0,3,0,0,116993,350979,0
Mei-2026,TIGALAPANKAOS POLMAN,COACH JACKET MAMU,COACH COKLAT M,0,3,0,0,116993,350979,350979
Jun-2026,TIGALAPANKAOS POLMAN,COACH JACKET MAMU,COACH COKLAT M,0,3,0,0,116993,350979,350979
Jul-2026,TIGALAPANKAOS POLMAN,COACH JACKET MAMU,COACH COKLAT M,0,3,0,0,116993,350979,350979
Agu-2026,TIGALAPANKAOS POLMAN,COACH JACKET MAMU,COACH COKLAT M,0,3,0,0,116993,350979,350979
Sep-2026,TIGALAPANKAOS POLMAN,COACH JACKET MAMU,COACH COKLAT M,0,3,0,0,116993,350979,350979
Okt-2026,TIGALAPANKAOS POLMAN,COACH JACKET MAMU,COACH COKLAT M,0,3,0,0,116993,350979,350979
Apr-2026,TIGALAPANKAOS POLMAN,COACH JACKET MAMU,COACH COKLAT XL,0,3,0,0,116993,350979,0
Mei-2026,TIGALAPANKAOS POLMAN,COACH JACKET MAMU,COACH COKLAT XL,0,3,0,0,116993,350979,350979
Jun-2026,TIGALAPANKAOS POLMAN,COACH JACKET MAMU,COACH COKLAT XL,0,3,0,0,116993,350979,350979
Jul-2026,TIGALAPANKAOS POLMAN,COACH JACKET MAMU,COACH COKLAT XL,0,3,0,0,116993,350979,350979
Agu-2026,TIGALAPANKAOS POLMAN,COACH JACKET MAMU,COACH COKLAT XL,0,3,0,0,116993,350979,350979
Sep-2026,TIGALAPANKAOS POLMAN,COACH JACKET MAMU,COACH COKLAT XL,116993,2,0,0,116993,233986,350979
Okt-2026,TIGALAPANKAOS POLMAN,COACH JACKET MAMU,COACH COKLAT XL,0,2,0,0,116993,233986,233986
Apr-2026,TIGALAPANKAOS POLMAN,COACH JACKET MAMU,COACH DARK MUSTARD L,0,1,0,0,116941,116941,0
Mei-2026,TIGALAPANKAOS POLMAN,COACH JACKET MAMU,COACH DARK MUSTARD L,0,1,0,0,116941,116941,116941
Jun-2026,TIGALAPANKAOS POLMAN,COACH JACKET MAMU,COACH DARK MUSTARD L,0,1,0,0,116941,116941,116941
Jul-2026,TIGALAPANKAOS POLMAN,COACH JACKET MAMU,COACH DARK MUSTARD L,0,1,0,0,116941,116941,116941
Agu-2026,TIGALAPANKAOS POLMAN,COACH JACKET MAMU,COACH DARK MUSTARD L,0,1,0,0,116941,116941,116941
Sep-2026,TIGALAPANKAOS POLMAN,COACH JACKET MAMU,COACH DARK MUSTARD L,0,1,0,0,116941,116941,116941
Okt-2026,TIGALAPANKAOS POLMAN,COACH JACKET MAMU,COACH DARK MUSTARD L,0,1,0,0,116941,116941,116941
Apr-2026,TIGALAPANKAOS POLMAN,COACH JACKET MAMU,COACH DARK MUSTARD M,0,2,0,0,116883,233766,0
Mei-2026,TIGALAPANKAOS POLMAN,COACH JACKET MAMU,COACH DARK MUSTARD M,0,2,0,0,116883,233766,233766
Jun-2026,TIGALAPANKAOS POLMAN,COACH JACKET MAMU,COACH DARK MUSTARD M,0,2,0,0,116883,233766,233766
Jul-2026,TIGALAPANKAOS POLMAN,COACH JACKET MAMU,COACH DARK MUSTARD M,0,2,0,0,116883,233766,233766
Agu-2026,TIGALAPANKAOS POLMAN,COACH JACKET MAMU,COACH DARK MUSTARD M,0,2,0,0,116883,233766,233766
Sep-2026,TIGALAPANKAOS POLMAN,COACH JACKET MAMU,COACH DARK MUSTARD M,0,2,0,0,116883,233766,233766
Okt-2026,TIGALAPANKAOS POLMAN,COACH JACKET MAMU,COACH DARK MUSTARD M,0,2,0,0,116883,233766,233766
Apr-2026,TIGALAPANKAOS POLMAN,COACH JACKET MAMU,COACH DARK MUSTARD S,0,2,0,0,116883,233766,0
Mei-2026,TIGALAPANKAOS POLMAN,COACH JACKET MAMU,COACH DARK MUSTARD S,0,2,0,0,116883,233766,233766
Jun-2026,TIGALAPANKAOS POLMAN,COACH JACKET MAMU,COACH DARK MUSTARD S,0,2,0,0,116883,233766,233766
Jul-2026,TIGALAPANKAOS POLMAN,COACH JACKET MAMU,COACH DARK MUSTARD S,0,2,0,0,116883,233766,233766
Agu-2026,TIGALAPANKAOS POLMAN,COACH JACKET MAMU,COACH DARK MUSTARD S,0,2,0,0,116883,233766,233766
Sep-2026,TIGALAPANKAOS POLMAN,COACH JACKET MAMU,COACH DARK MUSTARD S,0,2,0,0,116883,233766,233766
Okt-2026,TIGALAPANKAOS POLMAN,COACH JACKET MAMU,COACH DARK MUSTARD S,0,2,0,0,116883,233766,233766
Apr-2026,TIGALAPANKAOS POLMAN,COACH JACKET MAMU,COACH DARK MUSTARD XL,0,1,0,0,116958,116958,0
Mei-2026,TIGALAPANKAOS POLMAN,COACH JACKET MAMU,COACH DARK MUSTARD XL,0,1,0,0,116958,116958,116958
Jun-2026,TIGALAPANKAOS POLMAN,COACH JACKET MAMU,COACH DARK MUSTARD XL,0,1,0,0,116958,116958,116958
Jul-2026,TIGALAPANKAOS POLMAN,COACH JACKET MAMU,COACH DARK MUSTARD XL,0,1,0,0,116958,116958,116958
Agu-2026,TIGALAPANKAOS POLMAN,COACH JACKET MAMU,COACH DARK MUSTARD XL,0,1,0,0,116958,116958,116958
Sep-2026,TIGALAPANKAOS POLMAN,COACH JACKET MAMU,COACH DARK MUSTARD XL,0,1,0,0,116958,116958,116958
Okt-2026,TIGALAPANKAOS POLMAN,COACH JACKET MAMU,COACH DARK MUSTARD XL,0,1,0,0,116958,116958,116958
Jan-2026,TIGALAPANKAOS POLMAN,COACH JACKET MAMU,COACH GREEN FOREST L,0,1,0,0,111542,111542,0
Feb-2026,TIGALAPANKAOS POLMAN,COACH JACKET MAMU,COACH GREEN FOREST L,0,1,0,0,116937,116937,111542
Mar-2026,TIGALAPANKAOS POLMAN,COACH JACKET MAMU,COACH GREEN FOREST L,0,1,0,0,116937,116937,116937
Apr-2026,TIGALAPANKAOS POLMAN,COACH JACKET MAMU,COACH GREEN FOREST L,0,2,0,0,116937,233874,116937
Mei-2026,TIGALAPANKAOS POLMAN,COACH JACKET MAMU,COACH GREEN FOREST L,0,2,0,0,116937,233874,233874
Jun-2026,TIGALAPANKAOS POLMAN,COACH JACKET MAMU,COACH GREEN FOREST L,0,2,0,0,116937,233874,233874
Jul-2026,TIGALAPANKAOS POLMAN,COACH JACKET MAMU,COACH GREEN FOREST L,0,2,0,0,116937,233874,233874
Agu-2026,TIGALAPANKAOS POLMAN,COACH JACKET MAMU,COACH GREEN FOREST L,0,2,0,0,116937,233874,233874
Sep-2026,TIGALAPANKAOS POLMAN,COACH JACKET MAMU,COACH GREEN FOREST L,0,2,0,0,116937,233874,233874
Okt-2026,TIGALAPANKAOS POLMAN,COACH JACKET MAMU,COACH GREEN FOREST L,0,2,0,0,116937,233874,233874
Apr-2026,TIGALAPANKAOS POLMAN,COACH JACKET MAMU,COACH GREEN FOREST M,0,2,0,0,116910,233820,0
Mei-2026,TIGALAPANKAOS POLMAN,COACH JACKET MAMU,COACH GREEN FOREST M,0,2,0,0,116910,233820,233820
Jun-2026,TIGALAPANKAOS POLMAN,COACH JACKET MAMU,COACH GREEN FOREST M,0,2,0,0,116910,233820,233820
Jul-2026,TIGALAPANKAOS POLMAN,COACH JACKET MAMU,COACH GREEN FOREST M,0,2,0,0,116910,233820,233820
Agu-2026,TIGALAPANKAOS POLMAN,COACH JACKET MAMU,COACH GREEN FOREST M,0,2,0,0,116910,233820,233820
Sep-2026,TIGALAPANKAOS POLMAN,COACH JACKET MAMU,COACH GREEN FOREST M,0,2,0,0,116910,233820,233820
Okt-2026,TIGALAPANKAOS POLMAN,COACH JACKET MAMU,COACH GREEN FOREST M,0,2,0,0,116910,233820,233820
Jan-2026,TIGALAPANKAOS POLMAN,COACH JACKET MAMU,COACH GREEN FOREST XL,0,1,0,0,111542,111542,0
Feb-2026,TIGALAPANKAOS POLMAN,COACH JACKET MAMU,COACH GREEN FOREST XL,0,1,0,0,116938,116938,111542
Mar-2026,TIGALAPANKAOS POLMAN,COACH JACKET MAMU,COACH GREEN FOREST XL,0,1,0,0,116938,116938,116938
Apr-2026,TIGALAPANKAOS POLMAN,COACH JACKET MAMU,COACH GREEN FOREST XL,0,1,0,0,116938,116938,116938
Mei-2026,TIGALAPANKAOS POLMAN,COACH JACKET MAMU,COACH GREEN FOREST XL,0,1,0,0,116938,116938,116938
Jun-2026,TIGALAPANKAOS POLMAN,COACH JACKET MAMU,COACH GREEN FOREST XL,0,1,0,0,116938,116938,116938
Jul-2026,TIGALAPANKAOS POLMAN,COACH JACKET MAMU,COACH GREEN FOREST XL,0,1,0,0,116938,116938,116938
Agu-2026,TIGALAPANKAOS POLMAN,COACH JACKET MAMU,COACH GREEN FOREST XL,0,1,0,0,116938,116938,116938
Sep-2026,TIGALAPANKAOS POLMAN,COACH JACKET MAMU,COACH GREEN FOREST XL,0,1,0,0,116938,116938,116938
Okt-2026,TIGALAPANKAOS POLMAN,COACH JACKET MAMU,COACH GREEN FOREST XL,0,1,0,0,116938,116938,116938
Jan-2026,TIGALAPANKAOS POLMAN,COACH JACKET MAMU,COACH HITAM L,0,4,0,0,116179,464716,0
Feb-2026,TIGALAPANKAOS POLMAN,COACH JACKET MAMU,COACH HITAM L,0,4,0,0,116873,467492,464716
Mar-2026,TIGALAPANKAOS POLMAN,COACH JACKET MAMU,COACH HITAM L,0,4,0,0,116873,467492,467492
Apr-2026,TIGALAPANKAOS POLMAN,COACH JACKET MAMU,COACH HITAM L,0,4,0,0,116873,467492,467492
Mei-2026,TIGALAPANKAOS POLMAN,COACH JACKET MAMU,COACH HITAM L,0,4,0,0,116873,467492,467492
Jun-2026,TIGALAPANKAOS POLMAN,COACH JACKET MAMU,COACH HITAM L,0,4,0,0,116873,467492,467492
Jul-2026,TIGALAPANKAOS POLMAN,COACH JACKET MAMU,COACH HITAM L,0,4,0,0,116873,467492,467492
Agu-2026,TIGALAPANKAOS POLMAN,COACH JACKET MAMU,COACH HITAM L,0,4,0,0,116873,467492,467492
Sep-2026,TIGALAPANKAOS POLMAN,COACH JACKET MAMU,COACH HITAM L,0,4,0,0,116873,467492,467492
Okt-2026,TIGALAPANKAOS POLMAN,COACH JACKET MAMU,COACH HITAM L,0,4,0,0,116873,467492,467492
Jan-2026,TIGALAPANKAOS POLMAN,COACH JACKET MAMU,COACH HITAM M,0,2,0,0,116535,233070,0
Feb-2026,TIGALAPANKAOS POLMAN,COACH JACKET MAMU,COACH HITAM M,0,2,0,0,116855,233710,233070
Mar-2026,TIGALAPANKAOS POLMAN,COACH JACKET MAMU,COACH HITAM M,0,2,0,0,116855,233710,233710
Apr-2026,TIGALAPANKAOS POLMAN,COACH JACKET MAMU,COACH HITAM M,0,2,0,0,116855,233710,233710
Mei-2026,TIGALAPANKAOS POLMAN,COACH JACKET MAMU,COACH HITAM M,0,2,0,0,116855,233710,233710
Jun-2026,TIGALAPANKAOS POLMAN,COACH JACKET MAMU,COACH HITAM M,0,2,0,0,116855,233710,233710
Jul-2026,TIGALAPANKAOS POLMAN,COACH JACKET MAMU,COACH HITAM M,0,2,0,0,116855,233710,233710
Agu-2026,TIGALAPANKAOS POLMAN,COACH JACKET MAMU,COACH HITAM M,0,2,0,0,116855,233710,233710
Sep-2026,TIGALAPANKAOS POLMAN,COACH JACKET MAMU,COACH HITAM M,0,2,0,0,116855,233710,233710
Okt-2026,TIGALAPANKAOS POLMAN,COACH JACKET MAMU,COACH HITAM M,0,2,0,0,116855,233710,233710
Jan-2026,TIGALAPANKAOS POLMAN,COACH JACKET MAMU,COACH HITAM S,0,1,0,0,116762,116762,0
Feb-2026,TIGALAPANKAOS POLMAN,COACH JACKET MAMU,COACH HITAM S,0,1,0,0,116762,116762,116762
Mar-2026,TIGALAPANKAOS POLMAN,COACH JACKET MAMU,COACH HITAM S,0,1,0,0,116762,116762,116762
Apr-2026,TIGALAPANKAOS POLMAN,COACH JACKET MAMU,COACH HITAM S,0,1,0,0,116762,116762,116762
Mei-2026,TIGALAPANKAOS POLMAN,COACH JACKET MAMU,COACH HITAM S,0,1,0,0,116762,116762,116762
Jun-2026,TIGALAPANKAOS POLMAN,COACH JACKET MAMU,COACH HITAM S,0,1,0,0,116762,116762,116762
Jul-2026,TIGALAPANKAOS POLMAN,COACH JACKET MAMU,COACH HITAM S,0,1,0,0,116762,116762,116762
Agu-2026,TIGALAPANKAOS POLMAN,COACH JACKET MAMU,COACH HITAM S,111542,0,0,0,116762,0,116762
Jan-2026,TIGALAPANKAOS POLMAN,COACH JACKET MAMU,COACH HITAM XL,0,2,0,0,116194,232388,0
Feb-2026,TIGALAPANKAOS POLMAN,COACH JACKET MAMU,COACH HITAM XL,0,2,0,0,116911,233822,232388
Mar-2026,TIGALAPANKAOS POLMAN,COACH JACKET MAMU,COACH HITAM XL,0,2,0,0,116911,233822,233822
Apr-2026,TIGALAPANKAOS POLMAN,COACH JACKET MAMU,COACH HITAM XL,0,2,0,0,116911,233822,233822
Mei-2026,TIGALAPANKAOS POLMAN,COACH JACKET MAMU,COACH HITAM XL,0,2,0,0,116911,233822,233822
Jun-2026,TIGALAPANKAOS POLMAN,COACH JACKET MAMU,COACH HITAM XL,111542,1,0,0,116911,116911,233822
Jul-2026,TIGALAPANKAOS POLMAN,COACH JACKET MAMU,COACH HITAM XL,0,1,0,0,116911,116911,116911
Agu-2026,TIGALAPANKAOS POLMAN,COACH JACKET MAMU,COACH HITAM XL,0,1,0,0,116911,116911,116911
Sep-2026,TIGALAPANKAOS POLMAN,COACH JACKET MAMU,COACH HITAM XL,0,1,0,0,116911,116911,116911
Okt-2026,TIGALAPANKAOS POLMAN,COACH JACKET MAMU,COACH HITAM XL,0,1,0,0,116911,116911,116911
Jan-2026,TIGALAPANKAOS POLMAN,COACH JACKET MAMU,COACH NAVY L,0,2,0,0,115948,231896,0
Feb-2026,TIGALAPANKAOS POLMAN,COACH JACKET MAMU,COACH NAVY L,0,2,0,0,116928,233856,231896
Mar-2026,TIGALAPANKAOS POLMAN,COACH JACKET MAMU,COACH NAVY L,0,2,0,0,116928,233856,233856
Apr-2026,TIGALAPANKAOS POLMAN,COACH JACKET MAMU,COACH NAVY L,0,2,0,0,116928,233856,233856
Mei-2026,TIGALAPANKAOS POLMAN,COACH JACKET MAMU,COACH NAVY L,0,2,0,0,116928,233856,233856
Jun-2026,TIGALAPANKAOS POLMAN,COACH JACKET MAMU,COACH NAVY L,0,2,0,0,116928,233856,233856
Jul-2026,TIGALAPANKAOS POLMAN,COACH JACKET MAMU,COACH NAVY L,0,2,0,0,116928,233856,233856
Agu-2026,TIGALAPANKAOS POLMAN,COACH JACKET MAMU,COACH NAVY L,0,2,0,0,116928,233856,233856
Sep-2026,TIGALAPANKAOS POLMAN,COACH JACKET MAMU,COACH NAVY L,0,2,0,0,116928,233856,233856
Okt-2026,TIGALAPANKAOS POLMAN,COACH JACKET MAMU,COACH NAVY L,0,2,0,0,116928,233856,233856
Jan-2026,TIGALAPANKAOS POLMAN,COACH JACKET MAMU,COACH NAVY M,0,1,0,0,116892,116892,0
Feb-2026,TIGALAPANKAOS POLMAN,COACH JACKET MAMU,COACH NAVY M,111542,0,0,0,116892,0,116892
Jan-2026,TIGALAPANKAOS POLMAN,COACH JACKET MAMU,COACH NAVY S,0,1,0,0,116892,116892,0
Feb-2026,TIGALAPANKAOS POLMAN,COACH JACKET MAMU,COACH NAVY S,0,1,0,0,116892,116892,116892
Mar-2026,TIGALAPANKAOS POLMAN,COACH JACKET MAMU,COACH NAVY S,0,1,0,0,116892,116892,116892
Apr-2026,TIGALAPANKAOS POLMAN,COACH JACKET MAMU,COACH NAVY S,0,1,0,0,116892,116892,116892
Mei-2026,TIGALAPANKAOS POLMAN,COACH JACKET MAMU,COACH NAVY S,0,1,0,0,116892,116892,116892
Jun-2026,TIGALAPANKAOS POLMAN,COACH JACKET MAMU,COACH NAVY S,0,1,0,0,116892,116892,116892
Jul-2026,TIGALAPANKAOS POLMAN,COACH JACKET MAMU,COACH NAVY S,0,1,0,0,116892,116892,116892
Agu-2026,TIGALAPANKAOS POLMAN,COACH JACKET MAMU,COACH NAVY S,0,1,0,0,116892,116892,116892
Sep-2026,TIGALAPANKAOS POLMAN,COACH JACKET MAMU,COACH NAVY S,0,1,0,0,116892,116892,116892
Okt-2026,TIGALAPANKAOS POLMAN,COACH JACKET MAMU,COACH NAVY S,0,1,0,0,116892,116892,116892
Jan-2026,TIGALAPANKAOS POLMAN,COACH JACKET MAMU,COACH NAVY XL,0,1,0,0,116892,116892,0
Feb-2026,TIGALAPANKAOS POLMAN,COACH JACKET MAMU,COACH NAVY XL,111542,0,0,0,116892,0,116892
Jan-2026,TIGALAPANKAOS SAMARINDA,COACH JACKET MAMU,COACH COKLAT L,0,8,0,0,111542,892336,0
Feb-2026,TIGALAPANKAOS SAMARINDA,COACH JACKET MAMU,COACH COKLAT L,0,8,0,0,116892,935136,892336
Mar-2026,TIGALAPANKAOS SAMARINDA,COACH JACKET MAMU,COACH COKLAT L,111542,6,0,0,115703,694218,935136
Apr-2026,TIGALAPANKAOS SAMARINDA,COACH JACKET MAMU,COACH COKLAT L,0,6,0,0,116923,701538,694218
Mei-2026,TIGALAPANKAOS SAMARINDA,COACH JACKET MAMU,COACH COKLAT L,0,6,0,0,116746,700476,701538
Jun-2026,TIGALAPANKAOS SAMARINDA,COACH JACKET MAMU,COACH COKLAT L,0,6,0,0,116746,700476,700476
Jul-2026,TIGALAPANKAOS SAMARINDA,COACH JACKET MAMU,COACH COKLAT L,0,6,0,0,116746,700476,700476
Agu-2026,TIGALAPANKAOS SAMARINDA,COACH JACKET MAMU,COACH COKLAT L,0,6,0,0,116746,700476,700476
Sep-2026,TIGALAPANKAOS SAMARINDA,COACH JACKET MAMU,COACH COKLAT L,0,6,0,0,116746,700476,700476
Okt-2026,TIGALAPANKAOS SAMARINDA,COACH JACKET MAMU,COACH COKLAT L,0,6,0,0,116746,700476,700476
Jan-2026,TIGALAPANKAOS SAMARINDA,COACH JACKET MAMU,COACH COKLAT M,0,3,0,0,111542,334626,0
Feb-2026,TIGALAPANKAOS SAMARINDA,COACH JACKET MAMU,COACH COKLAT M,0,3,0,0,116892,350676,334626
Mar-2026,TIGALAPANKAOS SAMARINDA,COACH JACKET MAMU,COACH COKLAT M,0,3,0,0,116892,350676,350676
Apr-2026,TIGALAPANKAOS SAMARINDA,COACH JACKET MAMU,COACH COKLAT M,111542,2,3,0,116993,584965,350676
Mei-2026,TIGALAPANKAOS SAMARINDA,COACH JACKET MAMU,COACH COKLAT M,0,5,0,0,116993,584965,584965
Jun-2026,TIGALAPANKAOS SAMARINDA,COACH JACKET MAMU,COACH COKLAT M,0,5,0,0,116993,584965,584965
Jul-2026,TIGALAPANKAOS SAMARINDA,COACH JACKET MAMU,COACH COKLAT M,0,5,0,0,116993,584965,584965
Agu-2026,TIGALAPANKAOS SAMARINDA,COACH JACKET MAMU,COACH COKLAT M,114813,4,0,0,116993,467972,584965
Sep-2026,TIGALAPANKAOS SAMARINDA,COACH JACKET MAMU,COACH COKLAT M,0,4,0,0,116993,467972,467972
Okt-2026,TIGALAPANKAOS SAMARINDA,COACH JACKET MAMU,COACH COKLAT M,0,4,0,0,116993,467972,467972
Apr-2026,TIGALAPANKAOS SAMARINDA,COACH JACKET MAMU,COACH COKLAT S,0,0,2,0,116892,233784,0
Mei-2026,TIGALAPANKAOS SAMARINDA,COACH JACKET MAMU,COACH COKLAT S,116892,1,0,0,116892,116892,233784
Jun-2026,TIGALAPANKAOS SAMARINDA,COACH JACKET MAMU,COACH COKLAT S,0,1,0,0,116892,116892,116892
Jul-2026,TIGALAPANKAOS SAMARINDA,COACH JACKET MAMU,COACH COKLAT S,0,1,0,0,116892,116892,116892
Agu-2026,TIGALAPANKAOS SAMARINDA,COACH JACKET MAMU,COACH COKLAT S,0,1,0,0,116892,116892,116892
Sep-2026,TIGALAPANKAOS SAMARINDA,COACH JACKET MAMU,COACH COKLAT S,0,1,0,0,116892,116892,116892
Okt-2026,TIGALAPANKAOS SAMARINDA,COACH JACKET MAMU,COACH COKLAT S,0,1,0,0,116892,116892,116892
Jan-2026,TIGALAPANKAOS SAMARINDA,COACH JACKET MAMU,COACH COKLAT XL,0,1,0,0,111542,111542,0
Feb-2026,TIGALAPANKAOS SAMARINDA,COACH JACKET MAMU,COACH COKLAT XL,0,1,0,0,116892,116892,111542
Mar-2026,TIGALAPANKAOS SAMARINDA,COACH JACKET MAMU,COACH COKLAT XL,0,1,0,0,116892,116892,116892
Apr-2026,TIGALAPANKAOS SAMARINDA,COACH JACKET MAMU,COACH COKLAT XL,0,1,4,0,116993,584965,116892
Mei-2026,TIGALAPANKAOS SAMARINDA,COACH JACKET MAMU,COACH COKLAT XL,115903,4,0,0,116993,467972,584965
Jun-2026,TIGALAPANKAOS SAMARINDA,COACH JACKET MAMU,COACH COKLAT XL,115903,3,0,0,116993,350979,467972
Jul-2026,TIGALAPANKAOS SAMARINDA,COACH JACKET MAMU,COACH COKLAT XL,0,3,0,0,116993,350979,350979
Agu-2026,TIGALAPANKAOS SAMARINDA,COACH JACKET MAMU,COACH COKLAT XL,0,3,0,0,116993,350979,350979
Sep-2026,TIGALAPANKAOS SAMARINDA,COACH JACKET MAMU,COACH COKLAT XL,0,3,0,0,116993,350979,350979
Okt-2026,TIGALAPANKAOS SAMARINDA,COACH JACKET MAMU,COACH COKLAT XL,0,3,0,0,116993,350979,350979
Apr-2026,TIGALAPANKAOS SAMARINDA,COACH JACKET MAMU,COACH DARK MUSTARD L,0,0,3,0,116941,350823,0
Mei-2026,TIGALAPANKAOS SAMARINDA,COACH JACKET MAMU,COACH DARK MUSTARD L,0,3,0,0,116941,350823,350823
Jun-2026,TIGALAPANKAOS SAMARINDA,COACH JACKET MAMU,COACH DARK MUSTARD L,0,3,0,0,116941,350823,350823
Jul-2026,TIGALAPANKAOS SAMARINDA,COACH JACKET MAMU,COACH DARK MUSTARD L,0,3,0,0,116941,350823,350823
Agu-2026,TIGALAPANKAOS SAMARINDA,COACH JACKET MAMU,COACH DARK MUSTARD L,0,3,0,0,116941,350823,350823
Sep-2026,TIGALAPANKAOS SAMARINDA,COACH JACKET MAMU,COACH DARK MUSTARD L,0,3,0,0,116941,350823,350823
Okt-2026,TIGALAPANKAOS SAMARINDA,COACH JACKET MAMU,COACH DARK MUSTARD L,0,3,0,0,116941,350823,350823
Apr-2026,TIGALAPANKAOS SAMARINDA,COACH JACKET MAMU,COACH DARK MUSTARD M,0,0,3,0,116883,350649,0
Mei-2026,TIGALAPANKAOS SAMARINDA,COACH JACKET MAMU,COACH DARK MUSTARD M,0,3,0,0,116883,350649,350649
Jun-2026,TIGALAPANKAOS SAMARINDA,COACH JACKET MAMU,COACH DARK MUSTARD M,0,3,0,0,116883,350649,350649
Jul-2026,TIGALAPANKAOS SAMARINDA,COACH JACKET MAMU,COACH DARK MUSTARD M,0,3,0,0,116883,350649,350649
Agu-2026,TIGALAPANKAOS SAMARINDA,COACH JACKET MAMU,COACH DARK MUSTARD M,0,3,0,0,116883,350649,350649
Sep-2026,TIGALAPANKAOS SAMARINDA,COACH JACKET MAMU,COACH DARK MUSTARD M,0,3,0,0,116883,350649,350649
Okt-2026,TIGALAPANKAOS SAMARINDA,COACH JACKET MAMU,COACH DARK MUSTARD M,0,3,0,0,116883,350649,350649
Apr-2026,TIGALAPANKAOS SAMARINDA,COACH JACKET MAMU,COACH DARK MUSTARD S,0,0,12,0,116883,1402596,0
Mei-2026,TIGALAPANKAOS SAMARINDA,COACH JACKET MAMU,COACH DARK MUSTARD S,0,12,0,0,116883,1402596,1402596
Jun-2026,TIGALAPANKAOS SAMARINDA,COACH JACKET MAMU,COACH DARK MUSTARD S,0,12,0,0,116883,1402596,1402596
Jul-2026,TIGALAPANKAOS SAMARINDA,COACH JACKET MAMU,COACH DARK MUSTARD S,0,12,0,0,116883,1402596,1402596
Agu-2026,TIGALAPANKAOS SAMARINDA,COACH JACKET MAMU,COACH DARK MUSTARD S,0,12,0,0,116883,1402596,1402596
Sep-2026,TIGALAPANKAOS SAMARINDA,COACH JACKET MAMU,COACH DARK MUSTARD S,0,12,0,0,116883,1402596,1402596
Okt-2026,TIGALAPANKAOS SAMARINDA,COACH JACKET MAMU,COACH DARK MUSTARD S,0,12,0,0,116883,1402596,1402596
Jan-2026,TIGALAPANKAOS SAMARINDA,COACH JACKET MAMU,COACH GREEN FOREST L,0,10,0,0,111542,1115420,0
Feb-2026,TIGALAPANKAOS SAMARINDA,COACH JACKET MAMU,COACH GREEN FOREST L,111542,9,0,0,116937,1052433,1115420
Mar-2026,TIGALAPANKAOS SAMARINDA,COACH JACKET MAMU,COACH GREEN FOREST L,0,9,0,0,116937,1052433,1052433
Apr-2026,TIGALAPANKAOS SAMARINDA,COACH JACKET MAMU,COACH GREEN FOREST L,0,9,0,0,116937,1052433,1052433
Mei-2026,TIGALAPANKAOS SAMARINDA,COACH JACKET MAMU,COACH GREEN FOREST L,0,9,0,0,116937,1052433,1052433
Jun-2026,TIGALAPANKAOS SAMARINDA,COACH JACKET MAMU,COACH GREEN FOREST L,0,9,0,0,116937,1052433,1052433
Jul-2026,TIGALAPANKAOS SAMARINDA,COACH JACKET MAMU,COACH GREEN FOREST L,0,9,0,0,116937,1052433,1052433
Agu-2026,TIGALAPANKAOS SAMARINDA,COACH JACKET MAMU,COACH GREEN FOREST L,0,9,0,0,116937,1052433,1052433
Sep-2026,TIGALAPANKAOS SAMARINDA,COACH JACKET MAMU,COACH GREEN FOREST L,0,9,0,0,116937,1052433,1052433
Okt-2026,TIGALAPANKAOS SAMARINDA,COACH JACKET MAMU,COACH GREEN FOREST L,0,9,0,0,116937,1052433,1052433
Jan-2026,TIGALAPANKAOS SAMARINDA,COACH JACKET MAMU,COACH GREEN FOREST M,0,3,0,0,111542,334626,0
Feb-2026,TIGALAPANKAOS SAMARINDA,COACH JACKET MAMU,COACH GREEN FOREST M,0,3,0,0,116910,350730,334626
Mar-2026,TIGALAPANKAOS SAMARINDA,COACH JACKET MAMU,COACH GREEN FOREST M,0,3,0,0,116910,350730,350730
Apr-2026,TIGALAPANKAOS SAMARINDA,COACH JACKET MAMU,COACH GREEN FOREST M,0,3,0,0,116910,350730,350730
Mei-2026,TIGALAPANKAOS SAMARINDA,COACH JACKET MAMU,COACH GREEN FOREST M,0,3,0,0,116910,350730,350730
Jun-2026,TIGALAPANKAOS SAMARINDA,COACH JACKET MAMU,COACH GREEN FOREST M,0,3,0,0,116910,350730,350730
Jul-2026,TIGALAPANKAOS SAMARINDA,COACH JACKET MAMU,COACH GREEN FOREST M,0,3,0,0,116910,350730,350730
Agu-2026,TIGALAPANKAOS SAMARINDA,COACH JACKET MAMU,COACH GREEN FOREST M,0,3,0,0,116910,350730,350730
Sep-2026,TIGALAPANKAOS SAMARINDA,COACH JACKET MAMU,COACH GREEN FOREST M,0,3,0,0,116910,350730,350730
Okt-2026,TIGALAPANKAOS SAMARINDA,COACH JACKET MAMU,COACH GREEN FOREST M,0,3,0,0,116910,350730,350730
Jan-2026,TIGALAPANKAOS SAMARINDA,COACH JACKET MAMU,COACH GREEN FOREST S,0,1,0,0,111542,111542,0
Feb-2026,TIGALAPANKAOS SAMARINDA,COACH JACKET MAMU,COACH GREEN FOREST S,0,1,0,0,116892,116892,111542
Mar-2026,TIGALAPANKAOS SAMARINDA,COACH JACKET MAMU,COACH GREEN FOREST S,0,1,0,0,116892,116892,116892
Apr-2026,TIGALAPANKAOS SAMARINDA,COACH JACKET MAMU,COACH GREEN FOREST S,0,1,0,0,116892,116892,116892
Mei-2026,TIGALAPANKAOS SAMARINDA,COACH JACKET MAMU,COACH GREEN FOREST S,0,1,0,0,116892,116892,116892
Jun-2026,TIGALAPANKAOS SAMARINDA,COACH JACKET MAMU,COACH GREEN FOREST S,0,1,0,0,116892,116892,116892
Jul-2026,TIGALAPANKAOS SAMARINDA,COACH JACKET MAMU,COACH GREEN FOREST S,0,1,0,0,116892,116892,116892
Agu-2026,TIGALAPANKAOS SAMARINDA,COACH JACKET MAMU,COACH GREEN FOREST S,0,1,0,0,116892,116892,116892
Sep-2026,TIGALAPANKAOS SAMARINDA,COACH JACKET MAMU,COACH GREEN FOREST S,0,1,0,0,116892,116892,116892
Okt-2026,TIGALAPANKAOS SAMARINDA,COACH JACKET MAMU,COACH GREEN FOREST S,0,1,0,0,116892,116892,116892
Jan-2026,TIGALAPANKAOS SAMARINDA,COACH JACKET MAMU,COACH GREEN FOREST XL,0,4,0,0,111542,446168,0
Feb-2026,TIGALAPANKAOS SAMARINDA,COACH JACKET MAMU,COACH GREEN FOREST XL,0,4,0,0,116938,467752,446168
Mar-2026,TIGALAPANKAOS SAMARINDA,COACH JACKET MAMU,COACH GREEN FOREST XL,0,4,0,0,116938,467752,467752
Apr-2026,TIGALAPANKAOS SAMARINDA,COACH JACKET MAMU,COACH GREEN FOREST XL,0,4,0,0,116938,467752,467752
Mei-2026,TIGALAPANKAOS SAMARINDA,COACH JACKET MAMU,COACH GREEN FOREST XL,0,4,0,0,116938,467752,467752
Jun-2026,TIGALAPANKAOS SAMARINDA,COACH JACKET MAMU,COACH GREEN FOREST XL,0,4,0,0,116938,467752,467752
Jul-2026,TIGALAPANKAOS SAMARINDA,COACH JACKET MAMU,COACH GREEN FOREST XL,111542,4,0,0,116938,467752,467752
Agu-2026,TIGALAPANKAOS SAMARINDA,COACH JACKET MAMU,COACH GREEN FOREST XL,111542,2,0,0,116938,233876,467752
Sep-2026,TIGALAPANKAOS SAMARINDA,COACH JACKET MAMU,COACH GREEN FOREST XL,0,2,0,0,116938,233876,233876
Okt-2026,TIGALAPANKAOS SAMARINDA,COACH JACKET MAMU,COACH GREEN FOREST XL,0,2,0,0,116938,233876,233876
Jan-2026,TIGALAPANKAOS SAMARINDA,COACH JACKET MAMU,COACH HITAM L,0,10,0,0,116179,1161790,0
Feb-2026,TIGALAPANKAOS SAMARINDA,COACH JACKET MAMU,COACH HITAM L,0,10,0,0,116873,1168730,1161790
Mar-2026,TIGALAPANKAOS SAMARINDA,COACH JACKET MAMU,COACH HITAM L,0,10,0,0,116873,1168730,1168730
Apr-2026,TIGALAPANKAOS SAMARINDA,COACH JACKET MAMU,COACH HITAM L,0,10,0,0,116873,1168730,1168730
Mei-2026,TIGALAPANKAOS SAMARINDA,COACH JACKET MAMU,COACH HITAM L,0,10,0,0,116873,1168730,1168730
Jun-2026,TIGALAPANKAOS SAMARINDA,COACH JACKET MAMU,COACH HITAM L,0,10,0,0,116873,1168730,1168730
Jul-2026,TIGALAPANKAOS SAMARINDA,COACH JACKET MAMU,COACH HITAM L,0,10,0,0,116873,1168730,1168730
Agu-2026,TIGALAPANKAOS SAMARINDA,COACH JACKET MAMU,COACH HITAM L,0,10,0,0,116873,1168730,1168730
Sep-2026,TIGALAPANKAOS SAMARINDA,COACH JACKET MAMU,COACH HITAM L,0,10,0,0,116873,1168730,1168730
Okt-2026,TIGALAPANKAOS SAMARINDA,COACH JACKET MAMU,COACH HITAM L,0,10,0,0,116873,1168730,1168730
Jan-2026,TIGALAPANKAOS SAMARINDA,COACH JACKET MAMU,COACH HITAM M,0,2,0,0,116535,233070,0
Feb-2026,TIGALAPANKAOS SAMARINDA,COACH JACKET MAMU,COACH HITAM M,0,3,0,0,116855,350565,233070
Mar-2026,TIGALAPANKAOS SAMARINDA,COACH JACKET MAMU,COACH HITAM M,0,3,0,0,116855,350565,350565
Apr-2026,TIGALAPANKAOS SAMARINDA,COACH JACKET MAMU,COACH HITAM M,0,3,2,0,116855,584275,350565
Mei-2026,TIGALAPANKAOS SAMARINDA,COACH JACKET MAMU,COACH HITAM M,0,5,0,0,116855,584275,584275
Jun-2026,TIGALAPANKAOS SAMARINDA,COACH JACKET MAMU,COACH HITAM M,0,5,0,0,116855,584275,584275
Jul-2026,TIGALAPANKAOS SAMARINDA,COACH JACKET MAMU,COACH HITAM M,0,5,0,0,116855,584275,584275
Agu-2026,TIGALAPANKAOS SAMARINDA,COACH JACKET MAMU,COACH HITAM M,0,5,0,0,116855,584275,584275
Sep-2026,TIGALAPANKAOS SAMARINDA,COACH JACKET MAMU,COACH HITAM M,0,5,0,0,116855,584275,584275
Okt-2026,TIGALAPANKAOS SAMARINDA,COACH JACKET MAMU,COACH HITAM M,0,5,0,0,116855,584275,584275
Jan-2026,TIGALAPANKAOS SAMARINDA,COACH JACKET MAMU,COACH HITAM S,0,2,0,0,116762,233524,0
Feb-2026,TIGALAPANKAOS SAMARINDA,COACH JACKET MAMU,COACH HITAM S,0,2,0,0,116762,233524,233524
Mar-2026,TIGALAPANKAOS SAMARINDA,COACH JACKET MAMU,COACH HITAM S,0,2,0,0,116762,233524,233524
Apr-2026,TIGALAPANKAOS SAMARINDA,COACH JACKET MAMU,COACH HITAM S,0,2,0,0,116762,233524,233524
Mei-2026,TIGALAPANKAOS SAMARINDA,COACH JACKET MAMU,COACH HITAM S,0,2,0,0,116762,233524,233524
Jun-2026,TIGALAPANKAOS SAMARINDA,COACH JACKET MAMU,COACH HITAM S,0,2,0,0,116762,233524,233524
Jul-2026,TIGALAPANKAOS SAMARINDA,COACH JACKET MAMU,COACH HITAM S,0,2,0,0,116762,233524,233524
Agu-2026,TIGALAPANKAOS SAMARINDA,COACH JACKET MAMU,COACH HITAM S,0,2,0,0,116762,233524,233524
Sep-2026,TIGALAPANKAOS SAMARINDA,COACH JACKET MAMU,COACH HITAM S,0,2,0,0,116762,233524,233524
Okt-2026,TIGALAPANKAOS SAMARINDA,COACH JACKET MAMU,COACH HITAM S,0,2,0,0,116762,233524,233524
Jan-2026,TIGALAPANKAOS SAMARINDA,COACH JACKET MAMU,COACH HITAM XL,0,6,0,0,116194,697164,0
Feb-2026,TIGALAPANKAOS SAMARINDA,COACH JACKET MAMU,COACH HITAM XL,0,5,0,0,116911,584555,697164
Mar-2026,TIGALAPANKAOS SAMARINDA,COACH JACKET MAMU,COACH HITAM XL,0,5,0,0,116911,584555,584555
Apr-2026,TIGALAPANKAOS SAMARINDA,COACH JACKET MAMU,COACH HITAM XL,0,5,0,0,116911,584555,584555
Mei-2026,TIGALAPANKAOS SAMARINDA,COACH JACKET MAMU,COACH HITAM XL,0,5,0,0,116911,584555,584555
Jun-2026,TIGALAPANKAOS SAMARINDA,COACH JACKET MAMU,COACH HITAM XL,111542,4,0,0,116911,467644,584555
Jul-2026,TIGALAPANKAOS SAMARINDA,COACH JACKET MAMU,COACH HITAM XL,0,4,0,0,116911,467644,467644
Agu-2026,TIGALAPANKAOS SAMARINDA,COACH JACKET MAMU,COACH HITAM XL,0,4,0,0,116911,467644,467644
Sep-2026,TIGALAPANKAOS SAMARINDA,COACH JACKET MAMU,COACH HITAM XL,0,4,0,0,116911,467644,467644
Okt-2026,TIGALAPANKAOS SAMARINDA,COACH JACKET MAMU,COACH HITAM XL,0,4,0,0,116911,467644,467644
Jan-2026,TIGALAPANKAOS SAMARINDA,COACH JACKET MAMU,COACH NAVY L,0,9,0,0,115948,1043532,0
Feb-2026,TIGALAPANKAOS SAMARINDA,COACH JACKET MAMU,COACH NAVY L,0,9,0,0,116928,1052352,1043532
Mar-2026,TIGALAPANKAOS SAMARINDA,COACH JACKET MAMU,COACH NAVY L,0,9,0,0,116928,1052352,1052352
Apr-2026,TIGALAPANKAOS SAMARINDA,COACH JACKET MAMU,COACH NAVY L,0,9,0,0,116928,1052352,1052352
Mei-2026,TIGALAPANKAOS SAMARINDA,COACH JACKET MAMU,COACH NAVY L,0,9,0,0,116928,1052352,1052352
Jun-2026,TIGALAPANKAOS SAMARINDA,COACH JACKET MAMU,COACH NAVY L,0,9,0,0,116928,1052352,1052352
Jul-2026,TIGALAPANKAOS SAMARINDA,COACH JACKET MAMU,COACH NAVY L,0,9,0,0,116928,1052352,1052352
Agu-2026,TIGALAPANKAOS SAMARINDA,COACH JACKET MAMU,COACH NAVY L,0,9,0,0,116928,1052352,1052352
Sep-2026,TIGALAPANKAOS SAMARINDA,COACH JACKET MAMU,COACH NAVY L,0,9,0,0,116928,1052352,1052352
Okt-2026,TIGALAPANKAOS SAMARINDA,COACH JACKET MAMU,COACH NAVY L,0,9,0,0,116928,1052352,1052352
Jan-2026,TIGALAPANKAOS SAMARINDA,COACH JACKET MAMU,COACH NAVY M,0,2,0,0,116892,233784,0
Feb-2026,TIGALAPANKAOS SAMARINDA,COACH JACKET MAMU,COACH NAVY M,0,2,0,0,116951,233902,233784
Mar-2026,TIGALAPANKAOS SAMARINDA,COACH JACKET MAMU,COACH NAVY M,0,2,0,0,116951,233902,233902
Apr-2026,TIGALAPANKAOS SAMARINDA,COACH JACKET MAMU,COACH NAVY M,0,2,7,0,116951,1052559,233902
Mei-2026,TIGALAPANKAOS SAMARINDA,COACH JACKET MAMU,COACH NAVY M,0,9,0,0,116951,1052559,1052559
Jun-2026,TIGALAPANKAOS SAMARINDA,COACH JACKET MAMU,COACH NAVY M,0,9,0,0,116951,1052559,1052559
Jul-2026,TIGALAPANKAOS SAMARINDA,COACH JACKET MAMU,COACH NAVY M,0,9,0,0,116951,1052559,1052559
Agu-2026,TIGALAPANKAOS SAMARINDA,COACH JACKET MAMU,COACH NAVY M,0,9,0,0,116951,1052559,1052559
Sep-2026,TIGALAPANKAOS SAMARINDA,COACH JACKET MAMU,COACH NAVY M,0,9,0,0,116951,1052559,1052559
Okt-2026,TIGALAPANKAOS SAMARINDA,COACH JACKET MAMU,COACH NAVY M,0,9,0,0,116951,1052559,1052559
Jan-2026,TIGALAPANKAOS SAMARINDA,COACH JACKET MAMU,COACH NAVY S,0,1,0,0,116892,116892,0
Feb-2026,TIGALAPANKAOS SAMARINDA,COACH JACKET MAMU,COACH NAVY S,0,1,0,0,116892,116892,116892
Mar-2026,TIGALAPANKAOS SAMARINDA,COACH JACKET MAMU,COACH NAVY S,0,1,0,0,116892,116892,116892
Apr-2026,TIGALAPANKAOS SAMARINDA,COACH JACKET MAMU,COACH NAVY S,0,1,1,0,116892,233784,116892
Mei-2026,TIGALAPANKAOS SAMARINDA,COACH JACKET MAMU,COACH NAVY S,0,2,0,0,116892,233784,233784
Jun-2026,TIGALAPANKAOS SAMARINDA,COACH JACKET MAMU,COACH NAVY S,0,2,0,0,116892,233784,233784
Jul-2026,TIGALAPANKAOS SAMARINDA,COACH JACKET MAMU,COACH NAVY S,0,2,0,0,116892,233784,233784
Agu-2026,TIGALAPANKAOS SAMARINDA,COACH JACKET MAMU,COACH NAVY S,0,2,0,0,116892,233784,233784
Sep-2026,TIGALAPANKAOS SAMARINDA,COACH JACKET MAMU,COACH NAVY S,0,2,0,0,116892,233784,233784
Okt-2026,TIGALAPANKAOS SAMARINDA,COACH JACKET MAMU,COACH NAVY S,0,2,0,0,116892,233784,233784
Jan-2026,TIGALAPANKAOS SAMARINDA,COACH JACKET MAMU,COACH NAVY XL,0,2,0,0,116892,233784,0
Feb-2026,TIGALAPANKAOS SAMARINDA,COACH JACKET MAMU,COACH NAVY XL,0,2,0,0,116954,233908,233784
Mar-2026,TIGALAPANKAOS SAMARINDA,COACH JACKET MAMU,COACH NAVY XL,0,2,0,0,116954,233908,233908
Apr-2026,TIGALAPANKAOS SAMARINDA,COACH JACKET MAMU,COACH NAVY XL,0,2,0,0,116954,233908,233908
Mei-2026,TIGALAPANKAOS SAMARINDA,COACH JACKET MAMU,COACH NAVY XL,111542,1,0,0,116954,116954,233908
Jun-2026,TIGALAPANKAOS SAMARINDA,COACH JACKET MAMU,COACH NAVY XL,0,1,0,0,116954,116954,116954
Jul-2026,TIGALAPANKAOS SAMARINDA,COACH JACKET MAMU,COACH NAVY XL,0,1,0,0,116954,116954,116954
Agu-2026,TIGALAPANKAOS SAMARINDA,COACH JACKET MAMU,COACH NAVY XL,0,1,0,0,116954,116954,116954
Sep-2026,TIGALAPANKAOS SAMARINDA,COACH JACKET MAMU,COACH NAVY XL,0,1,0,0,116954,116954,116954
Okt-2026,TIGALAPANKAOS SAMARINDA,COACH JACKET MAMU,COACH NAVY XL,0,1,0,0,116954,116954,116954
Feb-2026,DC TIGALAPAN,COACH JACKET MAMU,COACH COKLAT L,0,10,0,0,116892,1168920,0
Mar-2026,DC TIGALAPAN,COACH JACKET MAMU,COACH COKLAT L,0,79,0,0,115703,9140537,1168920
Apr-2026,DC TIGALAPAN,COACH JACKET MAMU,COACH COKLAT L,0,51,0,0,116923,5963073,9140537
Mei-2026,DC TIGALAPAN,COACH JACKET MAMU,COACH COKLAT L,0,46,0,0,116746,5370316,5963073
Jun-2026,DC TIGALAPAN,COACH JACKET MAMU,COACH COKLAT L,0,41,0,0,116746,4786586,5370316
Jul-2026,DC TIGALAPAN,COACH JACKET MAMU,COACH COKLAT L,0,32,0,0,116746,3735872,4786586
Agu-2026,DC TIGALAPAN,COACH JACKET MAMU,COACH COKLAT L,0,24,0,0,116746,2801904,3735872
Sep-2026,DC TIGALAPAN,COACH JACKET MAMU,COACH COKLAT L,0,11,0,0,116746,1284206,2801904
Okt-2026,DC TIGALAPAN,COACH JACKET MAMU,COACH COKLAT L,0,11,0,0,116746,1284206,1284206
Feb-2026,DC TIGALAPAN,COACH JACKET MAMU,COACH COKLAT M,0,11,0,0,116892,1285812,0
Mar-2026,DC TIGALAPAN,COACH JACKET MAMU,COACH COKLAT M,0,53,0,0,116892,6195276,1285812
Apr-2026,DC TIGALAPAN,COACH JACKET MAMU,COACH COKLAT M,0,8,0,0,116993,935944,6195276
Mei-2026,DC TIGALAPAN,COACH JACKET MAMU,COACH COKLAT M,0,6,0,0,116993,701958,935944
Jun-2026,DC TIGALAPAN,COACH JACKET MAMU,COACH COKLAT M,0,8,0,0,116993,935944,701958
Jul-2026,DC TIGALAPAN,COACH JACKET MAMU,COACH COKLAT M,0,8,0,0,116993,935944,935944
Agu-2026,DC TIGALAPAN,COACH JACKET MAMU,COACH COKLAT M,0,8,0,0,116993,935944,935944
Sep-2026,DC TIGALAPAN,COACH JACKET MAMU,COACH COKLAT M,0,6,0,0,116993,701958,935944
Okt-2026,DC TIGALAPAN,COACH JACKET MAMU,COACH COKLAT M,0,6,0,0,116993,701958,701958
Feb-2026,DC TIGALAPAN,COACH JACKET MAMU,COACH COKLAT S,0,5,0,0,116892,584460,0
Mar-2026,DC TIGALAPAN,COACH JACKET MAMU,COACH COKLAT S,0,3,0,0,116892,350676,584460
Feb-2026,DC TIGALAPAN,COACH JACKET MAMU,COACH COKLAT XL,0,8,0,0,116892,935136,0
Mar-2026,DC TIGALAPAN,COACH JACKET MAMU,COACH COKLAT XL,0,79,0,0,116892,9234468,935136
Apr-2026,DC TIGALAPAN,COACH JACKET MAMU,COACH COKLAT XL,0,25,0,0,116993,2924825,9234468
Mei-2026,DC TIGALAPAN,COACH JACKET MAMU,COACH COKLAT XL,0,20,0,0,116993,2339860,2924825
Jun-2026,DC TIGALAPAN,COACH JACKET MAMU,COACH COKLAT XL,0,20,0,0,116993,2339860,2339860
Jul-2026,DC TIGALAPAN,COACH JACKET MAMU,COACH COKLAT XL,0,20,0,0,116993,2339860,2339860
Agu-2026,DC TIGALAPAN,COACH JACKET MAMU,COACH COKLAT XL,0,17,0,0,116993,1988881,2339860
Sep-2026,DC TIGALAPAN,COACH JACKET MAMU,COACH COKLAT XL,0,15,0,0,116993,1754895,1988881
Okt-2026,DC TIGALAPAN,COACH JACKET MAMU,COACH COKLAT XL,0,15,0,0,116993,1754895,1754895
Jan-2026,DC TIGALAPAN,COACH JACKET MAMU,COACH DARK MUSTARD L,0,29,0,0,116883,3389607,0
Feb-2026,DC TIGALAPAN,COACH JACKET MAMU,COACH DARK MUSTARD L,0,39,0,0,116941,4560699,3389607
Mar-2026,DC TIGALAPAN,COACH JACKET MAMU,COACH DARK MUSTARD L,0,23,0,0,116941,2689643,4560699
Jan-2026,DC TIGALAPAN,COACH JACKET MAMU,COACH DARK MUSTARD M,0,45,0,0,116883,5259735,0
Feb-2026,DC TIGALAPAN,COACH JACKET MAMU,COACH DARK MUSTARD M,0,25,0,0,116883,2922075,5259735
Mar-2026,DC TIGALAPAN,COACH JACKET MAMU,COACH DARK MUSTARD M,0,18,0,0,116883,2103894,2922075
Mei-2026,DC TIGALAPAN,COACH JACKET MAMU,COACH DARK MUSTARD M,0,1,0,0,116883,116883,0
Jun-2026,DC TIGALAPAN,COACH JACKET MAMU,COACH DARK MUSTARD M,0,1,0,0,116883,116883,116883
Jul-2026,DC TIGALAPAN,COACH JACKET MAMU,COACH DARK MUSTARD M,0,1,0,0,116883,116883,116883
Agu-2026,DC TIGALAPAN,COACH JACKET MAMU,COACH DARK MUSTARD M,0,1,0,0,116883,116883,116883
Sep-2026,DC TIGALAPAN,COACH JACKET MAMU,COACH DARK MUSTARD M,0,1,0,0,116883,116883,116883
Okt-2026,DC TIGALAPAN,COACH JACKET MAMU,COACH DARK MUSTARD M,0,1,0,0,116883,116883,116883
Jan-2026,DC TIGALAPAN,COACH JACKET MAMU,COACH DARK MUSTARD S,0,40,0,0,116883,4675320,0
Feb-2026,DC TIGALAPAN,COACH JACKET MAMU,COACH DARK MUSTARD S,0,19,0,0,116883,2220777,4675320
Mar-2026,DC TIGALAPAN,COACH JACKET MAMU,COACH DARK MUSTARD S,0,13,0,0,116883,1519479,2220777
Jan-2026,DC TIGALAPAN,COACH JACKET MAMU,COACH DARK MUSTARD XL,0,10,0,0,116883,1168830,0
Feb-2026,DC TIGALAPAN,COACH JACKET MAMU,COACH DARK MUSTARD XL,0,22,0,0,116958,2573076,1168830
Mar-2026,DC TIGALAPAN,COACH JACKET MAMU,COACH DARK MUSTARD XL,0,16,0,0,116958,1871328,2573076
Apr-2026,DC TIGALAPAN,COACH JACKET MAMU,COACH DARK MUSTARD XL,0,-1,0,0,116958,-116958,1871328
Mei-2026,DC TIGALAPAN,COACH JACKET MAMU,COACH DARK MUSTARD XL,0,-1,0,0,116958,-116958,-116958
Jun-2026,DC TIGALAPAN,COACH JACKET MAMU,COACH DARK MUSTARD XL,0,-1,0,0,116958,-116958,-116958
Jul-2026,DC TIGALAPAN,COACH JACKET MAMU,COACH DARK MUSTARD XL,0,-1,0,0,116958,-116958,-116958
Agu-2026,DC TIGALAPAN,COACH JACKET MAMU,COACH DARK MUSTARD XL,0,-1,0,0,116958,-116958,-116958
Feb-2026,DC TIGALAPAN,COACH JACKET MAMU,COACH GREEN FOREST L,0,35,0,0,116937,4092795,0
Mar-2026,DC TIGALAPAN,COACH JACKET MAMU,COACH GREEN FOREST L,0,20,0,0,116937,2338740,4092795
Feb-2026,DC TIGALAPAN,COACH JACKET MAMU,COACH GREEN FOREST M,0,24,0,0,116910,2805840,0
Mar-2026,DC TIGALAPAN,COACH JACKET MAMU,COACH GREEN FOREST M,0,8,0,0,116910,935280,2805840
Feb-2026,DC TIGALAPAN,COACH JACKET MAMU,COACH GREEN FOREST S,0,15,0,0,116892,1753380,0
Mar-2026,DC TIGALAPAN,COACH JACKET MAMU,COACH GREEN FOREST S,0,10,0,0,116892,1168920,1753380
Feb-2026,DC TIGALAPAN,COACH JACKET MAMU,COACH GREEN FOREST XL,0,12,0,0,116938,1403256,0
Mar-2026,DC TIGALAPAN,COACH JACKET MAMU,COACH GREEN FOREST XL,0,8,0,0,116938,935504,1403256
Jan-2026,DC TIGALAPAN,COACH JACKET MAMU,COACH HITAM L,0,30,0,0,116179,3485370,0
Feb-2026,DC TIGALAPAN,COACH JACKET MAMU,COACH HITAM L,0,114,0,0,116873,13323522,3485370
Mar-2026,DC TIGALAPAN,COACH JACKET MAMU,COACH HITAM L,0,79,0,0,116873,9232967,13323522
Apr-2026,DC TIGALAPAN,COACH JACKET MAMU,COACH HITAM L,0,75,0,0,116873,8765475,9232967
Mei-2026,DC TIGALAPAN,COACH JACKET MAMU,COACH HITAM L,0,75,0,0,116873,8765475,8765475
Jun-2026,DC TIGALAPAN,COACH JACKET MAMU,COACH HITAM L,0,60,0,0,116873,7012380,8765475
Jul-2026,DC TIGALAPAN,COACH JACKET MAMU,COACH HITAM L,0,44,0,0,116873,5142412,7012380
Agu-2026,DC TIGALAPAN,COACH JACKET MAMU,COACH HITAM L,0,43,0,0,116873,5025539,5142412
Sep-2026,DC TIGALAPAN,COACH JACKET MAMU,COACH HITAM L,0,41,0,0,116873,4791793,5025539
Okt-2026,DC TIGALAPAN,COACH JACKET MAMU,COACH HITAM L,0,41,0,0,116873,4791793,4791793
Jan-2026,DC TIGALAPAN,COACH JACKET MAMU,COACH HITAM M,0,45,0,0,116535,5244075,0
Feb-2026,DC TIGALAPAN,COACH JACKET MAMU,COACH HITAM M,0,89,0,0,116855,10400095,5244075
Mar-2026,DC TIGALAPAN,COACH JACKET MAMU,COACH HITAM M,0,64,0,0,116855,7478720,10400095
Apr-2026,DC TIGALAPAN,COACH JACKET MAMU,COACH HITAM M,0,48,0,0,116855,5609040,7478720
Mei-2026,DC TIGALAPAN,COACH JACKET MAMU,COACH HITAM M,0,48,0,0,116855,5609040,5609040
Jun-2026,DC TIGALAPAN,COACH JACKET MAMU,COACH HITAM M,0,48,0,0,116855,5609040,5609040
Jul-2026,DC TIGALAPAN,COACH JACKET MAMU,COACH HITAM M,0,43,0,0,116855,5024765,5609040
Agu-2026,DC TIGALAPAN,COACH JACKET MAMU,COACH HITAM M,0,43,0,0,116855,5024765,5024765
Sep-2026,DC TIGALAPAN,COACH JACKET MAMU,COACH HITAM M,0,43,0,0,116855,5024765,5024765
Okt-2026,DC TIGALAPAN,COACH JACKET MAMU,COACH HITAM M,0,43,0,0,116855,5024765,5024765
Jan-2026,DC TIGALAPAN,COACH JACKET MAMU,COACH HITAM S,0,41,0,0,116762,4787242,0
Feb-2026,DC TIGALAPAN,COACH JACKET MAMU,COACH HITAM S,0,25,0,0,116762,2919050,4787242
Mar-2026,DC TIGALAPAN,COACH JACKET MAMU,COACH HITAM S,0,18,0,0,116762,2101716,2919050
Jan-2026,DC TIGALAPAN,COACH JACKET MAMU,COACH HITAM XL,0,23,0,0,116194,2672462,0
Feb-2026,DC TIGALAPAN,COACH JACKET MAMU,COACH HITAM XL,0,97,0,0,116911,11340367,2672462
Mar-2026,DC TIGALAPAN,COACH JACKET MAMU,COACH HITAM XL,0,72,0,0,116911,8417592,11340367
Apr-2026,DC TIGALAPAN,COACH JACKET MAMU,COACH HITAM XL,0,68,0,0,116911,7949948,8417592
Mei-2026,DC TIGALAPAN,COACH JACKET MAMU,COACH HITAM XL,0,68,0,0,116911,7949948,7949948
Jun-2026,DC TIGALAPAN,COACH JACKET MAMU,COACH HITAM XL,0,69,0,0,116911,8066859,7949948
Jul-2026,DC TIGALAPAN,COACH JACKET MAMU,COACH HITAM XL,0,46,0,0,116911,5377906,8066859
Agu-2026,DC TIGALAPAN,COACH JACKET MAMU,COACH HITAM XL,0,46,0,0,116911,5377906,5377906
Sep-2026,DC TIGALAPAN,COACH JACKET MAMU,COACH HITAM XL,0,46,0,0,116911,5377906,5377906
Okt-2026,DC TIGALAPAN,COACH JACKET MAMU,COACH HITAM XL,0,46,0,0,116911,5377906,5377906
Jan-2026,DC TIGALAPAN,COACH JACKET MAMU,COACH NAVY L,0,12,0,0,115948,1391376,0
Feb-2026,DC TIGALAPAN,COACH JACKET MAMU,COACH NAVY L,0,68,0,0,116928,7951104,1391376
Mar-2026,DC TIGALAPAN,COACH JACKET MAMU,COACH NAVY L,0,44,0,0,116928,5144832,7951104
Apr-2026,DC TIGALAPAN,COACH JACKET MAMU,COACH NAVY L,0,14,0,0,116928,1636992,5144832
Mei-2026,DC TIGALAPAN,COACH JACKET MAMU,COACH NAVY L,0,14,0,0,116928,1636992,1636992
Jun-2026,DC TIGALAPAN,COACH JACKET MAMU,COACH NAVY L,0,15,0,0,116928,1753920,1636992
Jul-2026,DC TIGALAPAN,COACH JACKET MAMU,COACH NAVY L,0,14,0,0,116928,1636992,1753920
Agu-2026,DC TIGALAPAN,COACH JACKET MAMU,COACH NAVY L,0,14,0,0,116928,1636992,1636992
Sep-2026,DC TIGALAPAN,COACH JACKET MAMU,COACH NAVY L,0,14,0,0,116928,1636992,1636992
Okt-2026,DC TIGALAPAN,COACH JACKET MAMU,COACH NAVY L,0,14,0,0,116928,1636992,1636992
Jan-2026,DC TIGALAPAN,COACH JACKET MAMU,COACH NAVY M,0,17,0,0,116892,1987164,0
Feb-2026,DC TIGALAPAN,COACH JACKET MAMU,COACH NAVY M,0,62,0,0,116951,7250962,1987164
Mar-2026,DC TIGALAPAN,COACH JACKET MAMU,COACH NAVY M,0,40,0,0,116951,4678040,7250962
Apr-2026,DC TIGALAPAN,COACH JACKET MAMU,COACH NAVY M,0,7,0,0,116951,818657,4678040
Mei-2026,DC TIGALAPAN,COACH JACKET MAMU,COACH NAVY M,0,7,0,0,116951,818657,818657
Jun-2026,DC TIGALAPAN,COACH JACKET MAMU,COACH NAVY M,0,11,0,0,116951,1286461,818657
Jul-2026,DC TIGALAPAN,COACH JACKET MAMU,COACH NAVY M,0,7,0,0,116951,818657,1286461
Agu-2026,DC TIGALAPAN,COACH JACKET MAMU,COACH NAVY M,0,7,0,0,116951,818657,818657
Sep-2026,DC TIGALAPAN,COACH JACKET MAMU,COACH NAVY M,0,7,0,0,116951,818657,818657
Okt-2026,DC TIGALAPAN,COACH JACKET MAMU,COACH NAVY M,0,7,0,0,116951,818657,818657
Jan-2026,DC TIGALAPAN,COACH JACKET MAMU,COACH NAVY S,0,19,0,0,116892,2220948,0
Feb-2026,DC TIGALAPAN,COACH JACKET MAMU,COACH NAVY S,0,9,0,0,116892,1052028,2220948
Mar-2026,DC TIGALAPAN,COACH JACKET MAMU,COACH NAVY S,0,6,0,0,116892,701352,1052028
Jan-2026,DC TIGALAPAN,COACH JACKET MAMU,COACH NAVY XL,0,8,0,0,116892,935136,0
Feb-2026,DC TIGALAPAN,COACH JACKET MAMU,COACH NAVY XL,0,53,0,0,116954,6198562,935136
Mar-2026,DC TIGALAPAN,COACH JACKET MAMU,COACH NAVY XL,0,33,0,0,116954,3859482,6198562
Apr-2026,DC TIGALAPAN,COACH JACKET MAMU,COACH NAVY XL,0,3,0,0,116954,350862,3859482
Mei-2026,DC TIGALAPAN,COACH JACKET MAMU,COACH NAVY XL,0,3,0,0,116954,350862,350862
Jun-2026,DC TIGALAPAN,COACH JACKET MAMU,COACH NAVY XL,0,8,0,0,116954,935632,350862
Jul-2026,DC TIGALAPAN,COACH JACKET MAMU,COACH NAVY XL,0,8,0,0,116954,935632,935632
Agu-2026,DC TIGALAPAN,COACH JACKET MAMU,COACH NAVY XL,0,8,0,0,116954,935632,935632
Sep-2026,DC TIGALAPAN,COACH JACKET MAMU,COACH NAVY XL,0,8,0,0,116954,935632,935632
Okt-2026,DC TIGALAPAN,COACH JACKET MAMU,COACH NAVY XL,0,8,0,0,116954,935632,935632
Apr-2026,DC TIGALAPAN,COACH JACKET MAMU,COACH COKLAT S,0,0,0,0,116892,0,350676
Apr-2026,DC TIGALAPAN,COACH JACKET MAMU,COACH DARK MUSTARD L,0,0,0,0,116941,0,2689643
Apr-2026,DC TIGALAPAN,COACH JACKET MAMU,COACH DARK MUSTARD M,0,0,0,0,116883,0,2103894
Apr-2026,DC TIGALAPAN,COACH JACKET MAMU,COACH DARK MUSTARD S,0,0,0,0,116883,0,1519479
Sep-2026,DC TIGALAPAN,COACH JACKET MAMU,COACH DARK MUSTARD XL,0,0,0,0,116958,0,-116958
Apr-2026,DC TIGALAPAN,COACH JACKET MAMU,COACH GREEN FOREST L,0,0,0,0,116937,0,2338740
Apr-2026,DC TIGALAPAN,COACH JACKET MAMU,COACH GREEN FOREST M,0,0,0,0,116910,0,935280
Apr-2026,DC TIGALAPAN,COACH JACKET MAMU,COACH GREEN FOREST S,0,0,0,0,116892,0,1168920
Apr-2026,DC TIGALAPAN,COACH JACKET MAMU,COACH GREEN FOREST XL,0,0,0,0,116938,0,935504
Apr-2026,DC TIGALAPAN,COACH JACKET MAMU,COACH HITAM S,0,0,0,0,116762,0,2101716
Apr-2026,DC TIGALAPAN,COACH JACKET MAMU,COACH NAVY S,0,0,0,0,116892,0,701352
