Bulan,Store,Warna,Item,COGS,OH Qty,OD Qty,WIP Qty,HPP,Inventory Akhir,Inventory Awal
Apr-2026,MAMU BTP,DRESS SHANGHAI KID MAMU,DRESS SHANGHAI KID BUTTER PJG 2XL,0,5,0,0,199000,995000,0
Mei-2026,MAMU BTP,DRESS SHANGHAI KID MAMU,DRESS SHANGHAI KID BUTTER PJG 2XL,0,5,0,0,199000,995000,995000
Jun-2026,MAMU BTP,DRESS SHANGHAI KID MAMU,DRESS SHANGHAI KID BUTTER PJG 2XL,0,5,0,0,199000,995000,995000
Jul-2026,MAMU BTP,DRESS SHANGHAI KID MAMU,DRESS SHANGHAI KID BUTTER PJG 2XL,0,5,0,0,199000,995000,995000
Agu-2026,MAMU BTP,DRESS SHANGHAI KID MAMU,DRESS SHANGHAI KID BUTTER PJG 2XL,0,5,0,0,199000,995000,995000
Sep-2026,MAMU BTP,DRESS SHANGHAI KID MAMU,DRESS SHANGHAI KID BUTTER PJG 2XL,0,5,0,0,199000,995000,995000
Okt-2026,MAMU BTP,DRESS SHANGHAI KID MAMU,DRESS SHANGHAI KID BUTTER PJG 2XL,0,5,0,0,199000,995000,995000
Mar-2026,MAMU BTP,DRESS SHANGHAI KID MAMU,DRESS SHANGHAI KID BUTTER PJG L,0,0,8,0,199000,1592000,0
Apr-2026,MAMU BTP,DRESS SHANGHAI KID MAMU,DRESS SHANGHAI KID BUTTER PJG L,0,8,0,0,199000,1592000,1592000
Mei-2026,MAMU BTP,DRESS SHANGHAI KID MAMU,DRESS SHANGHAI KID BUTTER PJG L,121447,7,0,0,199000,1393000,1592000
Jun-2026,MAMU BTP,DRESS SHANGHAI KID MAMU,DRESS SHANGHAI KID BUTTER PJG L,0,7,0,0,199000,1393000,1393000
Jul-2026,MAMU BTP,DRESS SHANGHAI KID MAMU,DRESS SHANGHAI KID BUTTER PJG L,0,9,0,0,199000,1791000,1393000
Agu-2026,MAMU BTP,DRESS SHANGHAI KID MAMU,DRESS SHANGHAI KID BUTTER PJG L,0,9,0,0,199000,1791000,1791000
Sep-2026,MAMU BTP,DRESS SHANGHAI KID MAMU,DRESS SHANGHAI KID BUTTER PJG L,121768,8,0,0,199000,1592000,1791000
Okt-2026,MAMU BTP,DRESS SHANGHAI KID MAMU,DRESS SHANGHAI KID BUTTER PJG L,0,8,0,0,199000,1592000,1592000
Mar-2026,MAMU BTP,DRESS SHANGHAI KID MAMU,DRESS SHANGHAI KID BUTTER PJG M,0,0,10,0,199000,1990000,0
Apr-2026,MAMU BTP,DRESS SHANGHAI KID MAMU,DRESS SHANGHAI KID BUTTER PJG M,121447,9,0,0,199000,1791000,1990000
Mei-2026,MAMU BTP,DRESS SHANGHAI KID MAMU,DRESS SHANGHAI KID BUTTER PJG M,0,9,0,0,199000,1791000,1791000
Jun-2026,MAMU BTP,DRESS SHANGHAI KID MAMU,DRESS SHANGHAI KID BUTTER PJG M,0,9,0,0,199000,1791000,1791000
Jul-2026,MAMU BTP,DRESS SHANGHAI KID MAMU,DRESS SHANGHAI KID BUTTER PJG M,0,11,0,0,199000,2189000,1791000
Agu-2026,MAMU BTP,DRESS SHANGHAI KID MAMU,DRESS SHANGHAI KID BUTTER PJG M,0,11,0,0,199000,2189000,2189000
Sep-2026,MAMU BTP,DRESS SHANGHAI KID MAMU,DRESS SHANGHAI KID BUTTER PJG M,0,11,0,0,199000,2189000,2189000
Okt-2026,MAMU BTP,DRESS SHANGHAI KID MAMU,DRESS SHANGHAI KID BUTTER PJG M,0,11,0,0,199000,2189000,2189000
Mar-2026,MAMU BTP,DRESS SHANGHAI KID MAMU,DRESS SHANGHAI KID BUTTER PJG S,0,0,9,0,199000,1791000,0
Apr-2026,MAMU BTP,DRESS SHANGHAI KID MAMU,DRESS SHANGHAI KID BUTTER PJG S,0,9,0,0,199000,1791000,1791000
Mei-2026,MAMU BTP,DRESS SHANGHAI KID MAMU,DRESS SHANGHAI KID BUTTER PJG S,0,9,0,0,199000,1791000,1791000
Jun-2026,MAMU BTP,DRESS SHANGHAI KID MAMU,DRESS SHANGHAI KID BUTTER PJG S,0,9,0,0,199000,1791000,1791000
Jul-2026,MAMU BTP,DRESS SHANGHAI KID MAMU,DRESS SHANGHAI KID BUTTER PJG S,121447,12,0,0,199000,2388000,1791000
Agu-2026,MAMU BTP,DRESS SHANGHAI KID MAMU,DRESS SHANGHAI KID BUTTER PJG S,242894,10,0,0,199000,1990000,2388000
Sep-2026,MAMU BTP,DRESS SHANGHAI KID MAMU,DRESS SHANGHAI KID BUTTER PJG S,0,9,0,0,199000,1791000,1990000
Okt-2026,MAMU BTP,DRESS SHANGHAI KID MAMU,DRESS SHANGHAI KID BUTTER PJG S,0,9,0,0,199000,1791000,1791000
Apr-2026,MAMU BTP,DRESS SHANGHAI KID MAMU,DRESS SHANGHAI KID BUTTER PJG XL,0,4,0,0,199000,796000,0
Mei-2026,MAMU BTP,DRESS SHANGHAI KID MAMU,DRESS SHANGHAI KID BUTTER PJG XL,0,4,0,0,199000,796000,796000
Jun-2026,MAMU BTP,DRESS SHANGHAI KID MAMU,DRESS SHANGHAI KID BUTTER PJG XL,0,4,0,0,199000,796000,796000
Jul-2026,MAMU BTP,DRESS SHANGHAI KID MAMU,DRESS SHANGHAI KID BUTTER PJG XL,0,4,0,0,199000,796000,796000
Agu-2026,MAMU BTP,DRESS SHANGHAI KID MAMU,DRESS SHANGHAI KID BUTTER PJG XL,0,4,0,0,199000,796000,796000
Sep-2026,MAMU BTP,DRESS SHANGHAI KID MAMU,DRESS SHANGHAI KID BUTTER PJG XL,0,4,0,0,199000,796000,796000
Okt-2026,MAMU BTP,DRESS SHANGHAI KID MAMU,DRESS SHANGHAI KID BUTTER PJG XL,0,4,0,0,199000,796000,796000
Apr-2026,MAMU BTP,DRESS SHANGHAI KID MAMU,DRESS SHANGHAI KID BUTTER PJG XS,0,10,0,0,199000,1990000,0
Mei-2026,MAMU BTP,DRESS SHANGHAI KID MAMU,DRESS SHANGHAI KID BUTTER PJG XS,0,10,0,0,199000,1990000,1990000
Jun-2026,MAMU BTP,DRESS SHANGHAI KID MAMU,DRESS SHANGHAI KID BUTTER PJG XS,0,10,0,0,199000,1990000,1990000
Jul-2026,MAMU BTP,DRESS SHANGHAI KID MAMU,DRESS SHANGHAI KID BUTTER PJG XS,0,10,0,0,199000,1990000,1990000
Agu-2026,MAMU BTP,DRESS SHANGHAI KID MAMU,DRESS SHANGHAI KID BUTTER PJG XS,0,9,0,0,199000,1791000,1990000
Sep-2026,MAMU BTP,DRESS SHANGHAI KID MAMU,DRESS SHANGHAI KID BUTTER PJG XS,0,9,0,0,199000,1791000,1791000
Okt-2026,MAMU BTP,DRESS SHANGHAI KID MAMU,DRESS SHANGHAI KID BUTTER PJG XS,0,9,0,0,199000,1791000,1791000
Apr-2026,MAMU BTP,DRESS SHANGHAI KID MAMU,DRESS SHANGHAI KID LIGHT BROWN PJG 2XL,0,5,0,0,199000,995000,0
Mei-2026,MAMU BTP,DRESS SHANGHAI KID MAMU,DRESS SHANGHAI KID LIGHT BROWN PJG 2XL,0,5,0,0,199000,995000,995000
Jun-2026,MAMU BTP,DRESS SHANGHAI KID MAMU,DRESS SHANGHAI KID LIGHT BROWN PJG 2XL,0,5,0,0,199000,995000,995000
Jul-2026,MAMU BTP,DRESS SHANGHAI KID MAMU,DRESS SHANGHAI KID LIGHT BROWN PJG 2XL,0,5,0,0,199000,995000,995000
Agu-2026,MAMU BTP,DRESS SHANGHAI KID MAMU,DRESS SHANGHAI KID LIGHT BROWN PJG 2XL,0,5,0,0,199000,995000,995000
Sep-2026,MAMU BTP,DRESS SHANGHAI KID MAMU,DRESS SHANGHAI KID LIGHT BROWN PJG 2XL,0,5,0,0,199000,995000,995000
Okt-2026,MAMU BTP,DRESS SHANGHAI KID MAMU,DRESS SHANGHAI KID LIGHT BROWN PJG 2XL,0,5,0,0,199000,995000,995000
Mar-2026,MAMU BTP,DRESS SHANGHAI KID MAMU,DRESS SHANGHAI KID LIGHT BROWN PJG L,0,0,10,0,199000,1990000,0
Apr-2026,MAMU BTP,DRESS SHANGHAI KID MAMU,DRESS SHANGHAI KID LIGHT BROWN PJG L,0,10,0,0,199000,1990000,1990000
Mei-2026,MAMU BTP,DRESS SHANGHAI KID MAMU,DRESS SHANGHAI KID LIGHT BROWN PJG L,121447,9,0,0,199000,1791000,1990000
Jun-2026,MAMU BTP,DRESS SHANGHAI KID MAMU,DRESS SHANGHAI KID LIGHT BROWN PJG L,0,9,0,0,199000,1791000,1791000
Jul-2026,MAMU BTP,DRESS SHANGHAI KID MAMU,DRESS SHANGHAI KID LIGHT BROWN PJG L,0,12,0,0,199000,2388000,1791000
Agu-2026,MAMU BTP,DRESS SHANGHAI KID MAMU,DRESS SHANGHAI KID LIGHT BROWN PJG L,0,12,0,0,199000,2388000,2388000
Sep-2026,MAMU BTP,DRESS SHANGHAI KID MAMU,DRESS SHANGHAI KID LIGHT BROWN PJG L,121640,11,0,0,199000,2189000,2388000
Okt-2026,MAMU BTP,DRESS SHANGHAI KID MAMU,DRESS SHANGHAI KID LIGHT BROWN PJG L,0,11,0,0,199000,2189000,2189000
Apr-2026,MAMU BTP,DRESS SHANGHAI KID MAMU,DRESS SHANGHAI KID LIGHT BROWN PJG M,0,7,5,0,199000,2388000,0
Mei-2026,MAMU BTP,DRESS SHANGHAI KID MAMU,DRESS SHANGHAI KID LIGHT BROWN PJG M,0,12,0,0,199000,2388000,2388000
Jun-2026,MAMU BTP,DRESS SHANGHAI KID MAMU,DRESS SHANGHAI KID LIGHT BROWN PJG M,122040,11,0,0,199000,2189000,2388000
Jul-2026,MAMU BTP,DRESS SHANGHAI KID MAMU,DRESS SHANGHAI KID LIGHT BROWN PJG M,0,14,0,0,199000,2786000,2189000
Agu-2026,MAMU BTP,DRESS SHANGHAI KID MAMU,DRESS SHANGHAI KID LIGHT BROWN PJG M,0,14,0,0,199000,2786000,2786000
Sep-2026,MAMU BTP,DRESS SHANGHAI KID MAMU,DRESS SHANGHAI KID LIGHT BROWN PJG M,0,14,0,0,199000,2786000,2786000
Okt-2026,MAMU BTP,DRESS SHANGHAI KID MAMU,DRESS SHANGHAI KID LIGHT BROWN PJG M,0,14,0,0,199000,2786000,2786000
Apr-2026,MAMU BTP,DRESS SHANGHAI KID MAMU,DRESS SHANGHAI KID LIGHT BROWN PJG S,0,10,0,0,199000,1990000,0
Mei-2026,MAMU BTP,DRESS SHANGHAI KID MAMU,DRESS SHANGHAI KID LIGHT BROWN PJG S,0,10,0,0,199000,1990000,1990000
Jun-2026,MAMU BTP,DRESS SHANGHAI KID MAMU,DRESS SHANGHAI KID LIGHT BROWN PJG S,0,10,0,0,199000,1990000,1990000
Jul-2026,MAMU BTP,DRESS SHANGHAI KID MAMU,DRESS SHANGHAI KID LIGHT BROWN PJG S,121534,13,0,0,199000,2587000,1990000
Agu-2026,MAMU BTP,DRESS SHANGHAI KID MAMU,DRESS SHANGHAI KID LIGHT BROWN PJG S,0,5,0,0,199000,995000,2587000
Sep-2026,MAMU BTP,DRESS SHANGHAI KID MAMU,DRESS SHANGHAI KID LIGHT BROWN PJG S,0,5,0,0,199000,995000,995000
Okt-2026,MAMU BTP,DRESS SHANGHAI KID MAMU,DRESS SHANGHAI KID LIGHT BROWN PJG S,0,5,0,0,199000,995000,995000
Apr-2026,MAMU BTP,DRESS SHANGHAI KID MAMU,DRESS SHANGHAI KID LIGHT BROWN PJG XL,0,5,0,0,199000,995000,0
Mei-2026,MAMU BTP,DRESS SHANGHAI KID MAMU,DRESS SHANGHAI KID LIGHT BROWN PJG XL,0,5,0,0,199000,995000,995000
Jun-2026,MAMU BTP,DRESS SHANGHAI KID MAMU,DRESS SHANGHAI KID LIGHT BROWN PJG XL,0,5,0,0,199000,995000,995000
Jul-2026,MAMU BTP,DRESS SHANGHAI KID MAMU,DRESS SHANGHAI KID LIGHT BROWN PJG XL,122991,4,0,0,199000,796000,995000
Agu-2026,MAMU BTP,DRESS SHANGHAI KID MAMU,DRESS SHANGHAI KID LIGHT BROWN PJG XL,0,4,0,0,199000,796000,796000
Sep-2026,MAMU BTP,DRESS SHANGHAI KID MAMU,DRESS SHANGHAI KID LIGHT BROWN PJG XL,0,4,0,0,199000,796000,796000
Okt-2026,MAMU BTP,DRESS SHANGHAI KID MAMU,DRESS SHANGHAI KID LIGHT BROWN PJG XL,0,4,0,0,199000,796000,796000
Mar-2026,MAMU BTP,DRESS SHANGHAI KID MAMU,DRESS SHANGHAI KID LIGHT BROWN PJG XS,0,0,1,0,199000,199000,0
Apr-2026,MAMU BTP,DRESS SHANGHAI KID MAMU,DRESS SHANGHAI KID LIGHT BROWN PJG XS,0,11,0,0,199000,2189000,199000
Mei-2026,MAMU BTP,DRESS SHANGHAI KID MAMU,DRESS SHANGHAI KID LIGHT BROWN PJG XS,0,11,0,0,199000,2189000,2189000
Jun-2026,MAMU BTP,DRESS SHANGHAI KID MAMU,DRESS SHANGHAI KID LIGHT BROWN PJG XS,0,11,0,0,199000,2189000,2189000
Jul-2026,MAMU BTP,DRESS SHANGHAI KID MAMU,DRESS SHANGHAI KID LIGHT BROWN PJG XS,0,12,0,0,199000,2388000,2189000
Agu-2026,MAMU BTP,DRESS SHANGHAI KID MAMU,DRESS SHANGHAI KID LIGHT BROWN PJG XS,0,16,0,0,199000,3184000,2388000
Sep-2026,MAMU BTP,DRESS SHANGHAI KID MAMU,DRESS SHANGHAI KID LIGHT BROWN PJG XS,0,16,0,0,199000,3184000,3184000
Okt-2026,MAMU BTP,DRESS SHANGHAI KID MAMU,DRESS SHANGHAI KID LIGHT BROWN PJG XS,0,16,0,0,199000,3184000,3184000
Apr-2026,MAMU BTP,DRESS SHANGHAI KID MAMU,DRESS SHANGHAI KID SAGE GREEN PJG 2XL,0,4,0,0,199000,796000,0
Mei-2026,MAMU BTP,DRESS SHANGHAI KID MAMU,DRESS SHANGHAI KID SAGE GREEN PJG 2XL,122991,3,0,0,199000,597000,796000
Jun-2026,MAMU BTP,DRESS SHANGHAI KID MAMU,DRESS SHANGHAI KID SAGE GREEN PJG 2XL,0,3,0,0,199000,597000,597000
Jul-2026,MAMU BTP,DRESS SHANGHAI KID MAMU,DRESS SHANGHAI KID SAGE GREEN PJG 2XL,0,3,0,0,199000,597000,597000
Agu-2026,MAMU BTP,DRESS SHANGHAI KID MAMU,DRESS SHANGHAI KID SAGE GREEN PJG 2XL,0,3,0,0,199000,597000,597000
Sep-2026,MAMU BTP,DRESS SHANGHAI KID MAMU,DRESS SHANGHAI KID SAGE GREEN PJG 2XL,0,3,0,0,199000,597000,597000
Okt-2026,MAMU BTP,DRESS SHANGHAI KID MAMU,DRESS SHANGHAI KID SAGE GREEN PJG 2XL,0,3,0,0,199000,597000,597000
Mar-2026,MAMU BTP,DRESS SHANGHAI KID MAMU,DRESS SHANGHAI KID SAGE GREEN PJG L,0,0,10,0,199000,1990000,0
Apr-2026,MAMU BTP,DRESS SHANGHAI KID MAMU,DRESS SHANGHAI KID SAGE GREEN PJG L,121447,9,0,0,199000,1791000,1990000
Mei-2026,MAMU BTP,DRESS SHANGHAI KID MAMU,DRESS SHANGHAI KID SAGE GREEN PJG L,121447,8,0,0,199000,1592000,1791000
Jun-2026,MAMU BTP,DRESS SHANGHAI KID MAMU,DRESS SHANGHAI KID SAGE GREEN PJG L,121447,7,0,0,199000,1393000,1592000
Jul-2026,MAMU BTP,DRESS SHANGHAI KID MAMU,DRESS SHANGHAI KID SAGE GREEN PJG L,0,10,0,0,199000,1990000,1393000
Agu-2026,MAMU BTP,DRESS SHANGHAI KID MAMU,DRESS SHANGHAI KID SAGE GREEN PJG L,0,10,0,0,199000,1990000,1990000
Sep-2026,MAMU BTP,DRESS SHANGHAI KID MAMU,DRESS SHANGHAI KID SAGE GREEN PJG L,121669,9,0,0,199000,1791000,1990000
Okt-2026,MAMU BTP,DRESS SHANGHAI KID MAMU,DRESS SHANGHAI KID SAGE GREEN PJG L,0,9,0,0,199000,1791000,1791000
Mar-2026,MAMU BTP,DRESS SHANGHAI KID MAMU,DRESS SHANGHAI KID SAGE GREEN PJG M,0,0,10,0,199000,1990000,0
Apr-2026,MAMU BTP,DRESS SHANGHAI KID MAMU,DRESS SHANGHAI KID SAGE GREEN PJG M,0,10,0,0,199000,1990000,1990000
Mei-2026,MAMU BTP,DRESS SHANGHAI KID MAMU,DRESS SHANGHAI KID SAGE GREEN PJG M,242894,8,0,0,199000,1592000,1990000
Jun-2026,MAMU BTP,DRESS SHANGHAI KID MAMU,DRESS SHANGHAI KID SAGE GREEN PJG M,0,8,0,0,199000,1592000,1592000
Jul-2026,MAMU BTP,DRESS SHANGHAI KID MAMU,DRESS SHANGHAI KID SAGE GREEN PJG M,0,11,0,0,199000,2189000,1592000
Agu-2026,MAMU BTP,DRESS SHANGHAI KID MAMU,DRESS SHANGHAI KID SAGE GREEN PJG M,0,11,0,0,199000,2189000,2189000
Sep-2026,MAMU BTP,DRESS SHANGHAI KID MAMU,DRESS SHANGHAI KID SAGE GREEN PJG M,0,11,0,0,199000,2189000,2189000
Okt-2026,MAMU BTP,DRESS SHANGHAI KID MAMU,DRESS SHANGHAI KID SAGE GREEN PJG M,0,11,0,0,199000,2189000,2189000
Apr-2026,MAMU BTP,DRESS SHANGHAI KID MAMU,DRESS SHANGHAI KID SAGE GREEN PJG S,0,10,0,0,199000,1990000,0
Mei-2026,MAMU BTP,DRESS SHANGHAI KID MAMU,DRESS SHANGHAI KID SAGE GREEN PJG S,242894,8,0,0,199000,1592000,1990000
Jun-2026,MAMU BTP,DRESS SHANGHAI KID MAMU,DRESS SHANGHAI KID SAGE GREEN PJG S,0,8,0,0,199000,1592000,1592000
Jul-2026,MAMU BTP,DRESS SHANGHAI KID MAMU,DRESS SHANGHAI KID SAGE GREEN PJG S,121481,13,0,0,199000,2587000,1592000
Agu-2026,MAMU BTP,DRESS SHANGHAI KID MAMU,DRESS SHANGHAI KID SAGE GREEN PJG S,121481,11,0,0,199000,2189000,2587000
Sep-2026,MAMU BTP,DRESS SHANGHAI KID MAMU,DRESS SHANGHAI KID SAGE GREEN PJG S,0,11,0,0,199000,2189000,2189000
Okt-2026,MAMU BTP,DRESS SHANGHAI KID MAMU,DRESS SHANGHAI KID SAGE GREEN PJG S,0,11,0,0,199000,2189000,2189000
Apr-2026,MAMU BTP,DRESS SHANGHAI KID MAMU,DRESS SHANGHAI KID SAGE GREEN PJG XL,0,5,0,0,199000,995000,0
Mei-2026,MAMU BTP,DRESS SHANGHAI KID MAMU,DRESS SHANGHAI KID SAGE GREEN PJG XL,122991,4,0,0,199000,796000,995000
Jun-2026,MAMU BTP,DRESS SHANGHAI KID MAMU,DRESS SHANGHAI KID SAGE GREEN PJG XL,0,4,0,0,199000,796000,796000
Jul-2026,MAMU BTP,DRESS SHANGHAI KID MAMU,DRESS SHANGHAI KID SAGE GREEN PJG XL,122991,3,0,0,199000,597000,796000
Agu-2026,MAMU BTP,DRESS SHANGHAI KID MAMU,DRESS SHANGHAI KID SAGE GREEN PJG XL,122991,0,0,0,199000,0,597000
Apr-2026,MAMU BTP,DRESS SHANGHAI KID MAMU,DRESS SHANGHAI KID SAGE GREEN PJG XS,0,10,0,0,199000,1990000,0
Mei-2026,MAMU BTP,DRESS SHANGHAI KID MAMU,DRESS SHANGHAI KID SAGE GREEN PJG XS,242894,8,0,0,199000,1592000,1990000
Jun-2026,MAMU BTP,DRESS SHANGHAI KID MAMU,DRESS SHANGHAI KID SAGE GREEN PJG XS,0,8,0,0,199000,1592000,1592000
Jul-2026,MAMU BTP,DRESS SHANGHAI KID MAMU,DRESS SHANGHAI KID SAGE GREEN PJG XS,0,10,0,0,199000,1990000,1592000
Agu-2026,MAMU BTP,DRESS SHANGHAI KID MAMU,DRESS SHANGHAI KID SAGE GREEN PJG XS,0,10,1,0,199000,2189000,1990000
Sep-2026,MAMU BTP,DRESS SHANGHAI KID MAMU,DRESS SHANGHAI KID SAGE GREEN PJG XS,0,11,0,0,199000,2189000,2189000
Okt-2026,MAMU BTP,DRESS SHANGHAI KID MAMU,DRESS SHANGHAI KID SAGE GREEN PJG XS,0,11,0,0,199000,2189000,2189000
Apr-2026,MAMU BTP,DRESS SHANGHAI KID MAMU,DRESS SHANGHAI KID SKY BLUE PJG 2XL,0,8,0,0,199000,1592000,0
Mei-2026,MAMU BTP,DRESS SHANGHAI KID MAMU,DRESS SHANGHAI KID SKY BLUE PJG 2XL,122798,7,0,0,199000,1393000,1592000
Jun-2026,MAMU BTP,DRESS SHANGHAI KID MAMU,DRESS SHANGHAI KID SKY BLUE PJG 2XL,0,7,0,0,199000,1393000,1393000
Jul-2026,MAMU BTP,DRESS SHANGHAI KID MAMU,DRESS SHANGHAI KID SKY BLUE PJG 2XL,122798,7,0,0,199000,1393000,1393000
Agu-2026,MAMU BTP,DRESS SHANGHAI KID MAMU,DRESS SHANGHAI KID SKY BLUE PJG 2XL,0,6,0,0,199000,1194000,1393000
Sep-2026,MAMU BTP,DRESS SHANGHAI KID MAMU,DRESS SHANGHAI KID SKY BLUE PJG 2XL,0,6,0,0,199000,1194000,1194000
Okt-2026,MAMU BTP,DRESS SHANGHAI KID MAMU,DRESS SHANGHAI KID SKY BLUE PJG 2XL,0,6,0,0,199000,1194000,1194000
Mar-2026,MAMU BTP,DRESS SHANGHAI KID MAMU,DRESS SHANGHAI KID SKY BLUE PJG L,0,0,10,0,199000,1990000,0
Apr-2026,MAMU BTP,DRESS SHANGHAI KID MAMU,DRESS SHANGHAI KID SKY BLUE PJG L,0,10,0,0,199000,1990000,1990000
Mei-2026,MAMU BTP,DRESS SHANGHAI KID MAMU,DRESS SHANGHAI KID SKY BLUE PJG L,121447,9,0,0,199000,1791000,1990000
Jun-2026,MAMU BTP,DRESS SHANGHAI KID MAMU,DRESS SHANGHAI KID SKY BLUE PJG L,0,9,0,0,199000,1791000,1791000
Jul-2026,MAMU BTP,DRESS SHANGHAI KID MAMU,DRESS SHANGHAI KID SKY BLUE PJG L,0,14,0,0,199000,2786000,1791000
Agu-2026,MAMU BTP,DRESS SHANGHAI KID MAMU,DRESS SHANGHAI KID SKY BLUE PJG L,0,14,0,0,199000,2786000,2786000
Sep-2026,MAMU BTP,DRESS SHANGHAI KID MAMU,DRESS SHANGHAI KID SKY BLUE PJG L,121609,13,0,0,199000,2587000,2786000
Okt-2026,MAMU BTP,DRESS SHANGHAI KID MAMU,DRESS SHANGHAI KID SKY BLUE PJG L,0,13,0,0,199000,2587000,2587000
Mar-2026,MAMU BTP,DRESS SHANGHAI KID MAMU,DRESS SHANGHAI KID SKY BLUE PJG M,0,0,10,0,199000,1990000,0
Apr-2026,MAMU BTP,DRESS SHANGHAI KID MAMU,DRESS SHANGHAI KID SKY BLUE PJG M,0,10,0,0,199000,1990000,1990000
Mei-2026,MAMU BTP,DRESS SHANGHAI KID MAMU,DRESS SHANGHAI KID SKY BLUE PJG M,121447,9,0,0,199000,1791000,1990000
Jun-2026,MAMU BTP,DRESS SHANGHAI KID MAMU,DRESS SHANGHAI KID SKY BLUE PJG M,0,9,0,0,199000,1791000,1791000
Jul-2026,MAMU BTP,DRESS SHANGHAI KID MAMU,DRESS SHANGHAI KID SKY BLUE PJG M,0,14,0,0,199000,2786000,1791000
Agu-2026,MAMU BTP,DRESS SHANGHAI KID MAMU,DRESS SHANGHAI KID SKY BLUE PJG M,0,14,0,0,199000,2786000,2786000
Sep-2026,MAMU BTP,DRESS SHANGHAI KID MAMU,DRESS SHANGHAI KID SKY BLUE PJG M,121649,13,0,0,199000,2587000,2786000
Okt-2026,MAMU BTP,DRESS SHANGHAI KID MAMU,DRESS SHANGHAI KID SKY BLUE PJG M,0,13,0,0,199000,2587000,2587000
Mar-2026,MAMU BTP,DRESS SHANGHAI KID MAMU,DRESS SHANGHAI KID SKY BLUE PJG S,0,0,10,0,199000,1990000,0
Apr-2026,MAMU BTP,DRESS SHANGHAI KID MAMU,DRESS SHANGHAI KID SKY BLUE PJG S,0,10,0,0,199000,1990000,1990000
Mei-2026,MAMU BTP,DRESS SHANGHAI KID MAMU,DRESS SHANGHAI KID SKY BLUE PJG S,121447,9,0,0,199000,1791000,1990000
Jun-2026,MAMU BTP,DRESS SHANGHAI KID MAMU,DRESS SHANGHAI KID SKY BLUE PJG S,0,9,0,0,199000,1791000,1791000
Jul-2026,MAMU BTP,DRESS SHANGHAI KID MAMU,DRESS SHANGHAI KID SKY BLUE PJG S,121447,14,0,0,199000,2786000,1791000
Agu-2026,MAMU BTP,DRESS SHANGHAI KID MAMU,DRESS SHANGHAI KID SKY BLUE PJG S,0,13,0,0,199000,2587000,2786000
Sep-2026,MAMU BTP,DRESS SHANGHAI KID MAMU,DRESS SHANGHAI KID SKY BLUE PJG S,0,13,0,0,199000,2587000,2587000
Okt-2026,MAMU BTP,DRESS SHANGHAI KID MAMU,DRESS SHANGHAI KID SKY BLUE PJG S,0,13,0,0,199000,2587000,2587000
Apr-2026,MAMU BTP,DRESS SHANGHAI KID MAMU,DRESS SHANGHAI KID SKY BLUE PJG XL,0,9,0,0,199000,1791000,0
Mei-2026,MAMU BTP,DRESS SHANGHAI KID MAMU,DRESS SHANGHAI KID SKY BLUE PJG XL,0,9,0,0,199000,1791000,1791000
Jun-2026,MAMU BTP,DRESS SHANGHAI KID MAMU,DRESS SHANGHAI KID SKY BLUE PJG XL,0,9,0,0,199000,1791000,1791000
Jul-2026,MAMU BTP,DRESS SHANGHAI KID MAMU,DRESS SHANGHAI KID SKY BLUE PJG XL,0,9,0,0,199000,1791000,1791000
Agu-2026,MAMU BTP,DRESS SHANGHAI KID MAMU,DRESS SHANGHAI KID SKY BLUE PJG XL,0,9,0,0,199000,1791000,1791000
Sep-2026,MAMU BTP,DRESS SHANGHAI KID MAMU,DRESS SHANGHAI KID SKY BLUE PJG XL,0,9,0,0,199000,1791000,1791000
Okt-2026,MAMU BTP,DRESS SHANGHAI KID MAMU,DRESS SHANGHAI KID SKY BLUE PJG XL,0,9,0,0,199000,1791000,1791000
Mar-2026,MAMU BTP,DRESS SHANGHAI KID MAMU,DRESS SHANGHAI KID SKY BLUE PJG XS,0,0,10,0,199000,1990000,0
Apr-2026,MAMU BTP,DRESS SHANGHAI KID MAMU,DRESS SHANGHAI KID SKY BLUE PJG XS,0,10,0,0,199000,1990000,1990000
Mei-2026,MAMU BTP,DRESS SHANGHAI KID MAMU,DRESS SHANGHAI KID SKY BLUE PJG XS,0,10,0,0,199000,1990000,1990000
Jun-2026,MAMU BTP,DRESS SHANGHAI KID MAMU,DRESS SHANGHAI KID SKY BLUE PJG XS,121447,7,0,0,199000,1393000,1990000
Jul-2026,MAMU BTP,DRESS SHANGHAI KID MAMU,DRESS SHANGHAI KID SKY BLUE PJG XS,121447,12,0,0,199000,2388000,1393000
Agu-2026,MAMU BTP,DRESS SHANGHAI KID MAMU,DRESS SHANGHAI KID SKY BLUE PJG XS,0,10,0,0,199000,1990000,2388000
Sep-2026,MAMU BTP,DRESS SHANGHAI KID MAMU,DRESS SHANGHAI KID SKY BLUE PJG XS,0,10,0,0,199000,1990000,1990000
Okt-2026,MAMU BTP,DRESS SHANGHAI KID MAMU,DRESS SHANGHAI KID SKY BLUE PJG XS,0,10,0,0,199000,1990000,1990000
Apr-2026,MAMU GOWA,DRESS SHANGHAI KID MAMU,DRESS SHANGHAI KID BUTTER PJG 2XL,0,2,0,0,199000,398000,0
Mei-2026,MAMU GOWA,DRESS SHANGHAI KID MAMU,DRESS SHANGHAI KID BUTTER PJG 2XL,0,2,0,0,199000,398000,398000
Jun-2026,MAMU GOWA,DRESS SHANGHAI KID MAMU,DRESS SHANGHAI KID BUTTER PJG 2XL,0,2,0,0,199000,398000,398000
Jul-2026,MAMU GOWA,DRESS SHANGHAI KID MAMU,DRESS SHANGHAI KID BUTTER PJG 2XL,0,2,0,0,199000,398000,398000
Agu-2026,MAMU GOWA,DRESS SHANGHAI KID MAMU,DRESS SHANGHAI KID BUTTER PJG 2XL,0,2,0,0,199000,398000,398000
Sep-2026,MAMU GOWA,DRESS SHANGHAI KID MAMU,DRESS SHANGHAI KID BUTTER PJG 2XL,0,2,0,0,199000,398000,398000
Okt-2026,MAMU GOWA,DRESS SHANGHAI KID MAMU,DRESS SHANGHAI KID BUTTER PJG 2XL,0,2,0,0,199000,398000,398000
Apr-2026,MAMU GOWA,DRESS SHANGHAI KID MAMU,DRESS SHANGHAI KID BUTTER PJG L,0,5,0,0,199000,995000,0
Mei-2026,MAMU GOWA,DRESS SHANGHAI KID MAMU,DRESS SHANGHAI KID BUTTER PJG L,0,5,0,0,199000,995000,995000
Jun-2026,MAMU GOWA,DRESS SHANGHAI KID MAMU,DRESS SHANGHAI KID BUTTER PJG L,0,5,0,0,199000,995000,995000
Jul-2026,MAMU GOWA,DRESS SHANGHAI KID MAMU,DRESS SHANGHAI KID BUTTER PJG L,0,5,3,0,199000,1592000,995000
Agu-2026,MAMU GOWA,DRESS SHANGHAI KID MAMU,DRESS SHANGHAI KID BUTTER PJG L,0,8,0,0,199000,1592000,1592000
Sep-2026,MAMU GOWA,DRESS SHANGHAI KID MAMU,DRESS SHANGHAI KID BUTTER PJG L,0,8,0,0,199000,1592000,1592000
Okt-2026,MAMU GOWA,DRESS SHANGHAI KID MAMU,DRESS SHANGHAI KID BUTTER PJG L,0,8,0,0,199000,1592000,1592000
Apr-2026,MAMU GOWA,DRESS SHANGHAI KID MAMU,DRESS SHANGHAI KID BUTTER PJG M,0,6,0,0,199000,1194000,0
Mei-2026,MAMU GOWA,DRESS SHANGHAI KID MAMU,DRESS SHANGHAI KID BUTTER PJG M,0,6,0,0,199000,1194000,1194000
Jun-2026,MAMU GOWA,DRESS SHANGHAI KID MAMU,DRESS SHANGHAI KID BUTTER PJG M,0,6,0,0,199000,1194000,1194000
Jul-2026,MAMU GOWA,DRESS SHANGHAI KID MAMU,DRESS SHANGHAI KID BUTTER PJG M,0,6,3,0,199000,1791000,1194000
Agu-2026,MAMU GOWA,DRESS SHANGHAI KID MAMU,DRESS SHANGHAI KID BUTTER PJG M,0,9,0,0,199000,1791000,1791000
Sep-2026,MAMU GOWA,DRESS SHANGHAI KID MAMU,DRESS SHANGHAI KID BUTTER PJG M,0,9,0,0,199000,1791000,1791000
Okt-2026,MAMU GOWA,DRESS SHANGHAI KID MAMU,DRESS SHANGHAI KID BUTTER PJG M,0,9,0,0,199000,1791000,1791000
Apr-2026,MAMU GOWA,DRESS SHANGHAI KID MAMU,DRESS SHANGHAI KID BUTTER PJG S,0,10,0,0,199000,1990000,0
Mei-2026,MAMU GOWA,DRESS SHANGHAI KID MAMU,DRESS SHANGHAI KID BUTTER PJG S,0,10,0,0,199000,1990000,1990000
Jun-2026,MAMU GOWA,DRESS SHANGHAI KID MAMU,DRESS SHANGHAI KID BUTTER PJG S,0,10,0,0,199000,1990000,1990000
Jul-2026,MAMU GOWA,DRESS SHANGHAI KID MAMU,DRESS SHANGHAI KID BUTTER PJG S,0,9,2,0,199000,2189000,1990000
Agu-2026,MAMU GOWA,DRESS SHANGHAI KID MAMU,DRESS SHANGHAI KID BUTTER PJG S,0,11,0,0,199000,2189000,2189000
Sep-2026,MAMU GOWA,DRESS SHANGHAI KID MAMU,DRESS SHANGHAI KID BUTTER PJG S,0,11,0,0,199000,2189000,2189000
Okt-2026,MAMU GOWA,DRESS SHANGHAI KID MAMU,DRESS SHANGHAI KID BUTTER PJG S,0,11,0,0,199000,2189000,2189000
Apr-2026,MAMU GOWA,DRESS SHANGHAI KID MAMU,DRESS SHANGHAI KID BUTTER PJG XL,0,2,0,0,199000,398000,0
Mei-2026,MAMU GOWA,DRESS SHANGHAI KID MAMU,DRESS SHANGHAI KID BUTTER PJG XL,122991,1,0,0,199000,199000,398000
Jun-2026,MAMU GOWA,DRESS SHANGHAI KID MAMU,DRESS SHANGHAI KID BUTTER PJG XL,0,1,0,0,199000,199000,199000
Jul-2026,MAMU GOWA,DRESS SHANGHAI KID MAMU,DRESS SHANGHAI KID BUTTER PJG XL,0,1,0,0,199000,199000,199000
Agu-2026,MAMU GOWA,DRESS SHANGHAI KID MAMU,DRESS SHANGHAI KID BUTTER PJG XL,122991,0,0,0,199000,0,199000
Apr-2026,MAMU GOWA,DRESS SHANGHAI KID MAMU,DRESS SHANGHAI KID BUTTER PJG XS,0,5,0,0,199000,995000,0
Mei-2026,MAMU GOWA,DRESS SHANGHAI KID MAMU,DRESS SHANGHAI KID BUTTER PJG XS,0,6,0,0,199000,1194000,995000
Jun-2026,MAMU GOWA,DRESS SHANGHAI KID MAMU,DRESS SHANGHAI KID BUTTER PJG XS,0,6,0,0,199000,1194000,1194000
Jul-2026,MAMU GOWA,DRESS SHANGHAI KID MAMU,DRESS SHANGHAI KID BUTTER PJG XS,0,6,0,0,199000,1194000,1194000
Agu-2026,MAMU GOWA,DRESS SHANGHAI KID MAMU,DRESS SHANGHAI KID BUTTER PJG XS,0,6,0,0,199000,1194000,1194000
Sep-2026,MAMU GOWA,DRESS SHANGHAI KID MAMU,DRESS SHANGHAI KID BUTTER PJG XS,0,6,0,0,199000,1194000,1194000
Okt-2026,MAMU GOWA,DRESS SHANGHAI KID MAMU,DRESS SHANGHAI KID BUTTER PJG XS,0,6,0,0,199000,1194000,1194000
Apr-2026,MAMU GOWA,DRESS SHANGHAI KID MAMU,DRESS SHANGHAI KID LIGHT BROWN PJG 2XL,0,2,0,0,199000,398000,0
Mei-2026,MAMU GOWA,DRESS SHANGHAI KID MAMU,DRESS SHANGHAI KID LIGHT BROWN PJG 2XL,122991,0,0,0,199000,0,398000
Jun-2026,MAMU GOWA,DRESS SHANGHAI KID MAMU,DRESS SHANGHAI KID LIGHT BROWN PJG 2XL,0,1,0,0,199000,199000,0
Jul-2026,MAMU GOWA,DRESS SHANGHAI KID MAMU,DRESS SHANGHAI KID LIGHT BROWN PJG 2XL,0,1,0,0,199000,199000,199000
Agu-2026,MAMU GOWA,DRESS SHANGHAI KID MAMU,DRESS SHANGHAI KID LIGHT BROWN PJG 2XL,0,1,0,0,199000,199000,199000
Sep-2026,MAMU GOWA,DRESS SHANGHAI KID MAMU,DRESS SHANGHAI KID LIGHT BROWN PJG 2XL,0,1,0,0,199000,199000,199000
Okt-2026,MAMU GOWA,DRESS SHANGHAI KID MAMU,DRESS SHANGHAI KID LIGHT BROWN PJG 2XL,0,1,0,0,199000,199000,199000
Apr-2026,MAMU GOWA,DRESS SHANGHAI KID MAMU,DRESS SHANGHAI KID LIGHT BROWN PJG L,0,10,0,0,199000,1990000,0
Mei-2026,MAMU GOWA,DRESS SHANGHAI KID MAMU,DRESS SHANGHAI KID LIGHT BROWN PJG L,121447,9,0,0,199000,1791000,1990000
Jun-2026,MAMU GOWA,DRESS SHANGHAI KID MAMU,DRESS SHANGHAI KID LIGHT BROWN PJG L,0,9,0,0,199000,1791000,1791000
Jul-2026,MAMU GOWA,DRESS SHANGHAI KID MAMU,DRESS SHANGHAI KID LIGHT BROWN PJG L,0,8,2,0,199000,1990000,1791000
Agu-2026,MAMU GOWA,DRESS SHANGHAI KID MAMU,DRESS SHANGHAI KID LIGHT BROWN PJG L,121601,9,0,0,199000,1791000,1990000
Sep-2026,MAMU GOWA,DRESS SHANGHAI KID MAMU,DRESS SHANGHAI KID LIGHT BROWN PJG L,0,9,0,0,199000,1791000,1791000
Okt-2026,MAMU GOWA,DRESS SHANGHAI KID MAMU,DRESS SHANGHAI KID LIGHT BROWN PJG L,0,9,0,0,199000,1791000,1791000
Apr-2026,MAMU GOWA,DRESS SHANGHAI KID MAMU,DRESS SHANGHAI KID LIGHT BROWN PJG M,122337,7,0,0,199000,1393000,0
Mei-2026,MAMU GOWA,DRESS SHANGHAI KID MAMU,DRESS SHANGHAI KID LIGHT BROWN PJG M,0,7,0,0,199000,1393000,1393000
Jun-2026,MAMU GOWA,DRESS SHANGHAI KID MAMU,DRESS SHANGHAI KID LIGHT BROWN PJG M,0,7,0,0,199000,1393000,1393000
Jul-2026,MAMU GOWA,DRESS SHANGHAI KID MAMU,DRESS SHANGHAI KID LIGHT BROWN PJG M,0,7,2,0,199000,1791000,1393000
Agu-2026,MAMU GOWA,DRESS SHANGHAI KID MAMU,DRESS SHANGHAI KID LIGHT BROWN PJG M,0,9,0,0,199000,1791000,1791000
Sep-2026,MAMU GOWA,DRESS SHANGHAI KID MAMU,DRESS SHANGHAI KID LIGHT BROWN PJG M,0,9,0,0,199000,1791000,1791000
Okt-2026,MAMU GOWA,DRESS SHANGHAI KID MAMU,DRESS SHANGHAI KID LIGHT BROWN PJG M,0,9,0,0,199000,1791000,1791000
Apr-2026,MAMU GOWA,DRESS SHANGHAI KID MAMU,DRESS SHANGHAI KID LIGHT BROWN PJG S,0,10,0,0,199000,1990000,0
Mei-2026,MAMU GOWA,DRESS SHANGHAI KID MAMU,DRESS SHANGHAI KID LIGHT BROWN PJG S,121447,9,0,0,199000,1791000,1990000
Jun-2026,MAMU GOWA,DRESS SHANGHAI KID MAMU,DRESS SHANGHAI KID LIGHT BROWN PJG S,0,9,0,0,199000,1791000,1791000
Jul-2026,MAMU GOWA,DRESS SHANGHAI KID MAMU,DRESS SHANGHAI KID LIGHT BROWN PJG S,0,8,2,0,199000,1990000,1791000
Agu-2026,MAMU GOWA,DRESS SHANGHAI KID MAMU,DRESS SHANGHAI KID LIGHT BROWN PJG S,121522,10,0,0,199000,1990000,1990000
Sep-2026,MAMU GOWA,DRESS SHANGHAI KID MAMU,DRESS SHANGHAI KID LIGHT BROWN PJG S,0,9,0,0,199000,1791000,1990000
Okt-2026,MAMU GOWA,DRESS SHANGHAI KID MAMU,DRESS SHANGHAI KID LIGHT BROWN PJG S,0,9,0,0,199000,1791000,1791000
Apr-2026,MAMU GOWA,DRESS SHANGHAI KID MAMU,DRESS SHANGHAI KID LIGHT BROWN PJG XL,0,2,0,0,199000,398000,0
Mei-2026,MAMU GOWA,DRESS SHANGHAI KID MAMU,DRESS SHANGHAI KID LIGHT BROWN PJG XL,0,2,0,0,199000,398000,398000
Jun-2026,MAMU GOWA,DRESS SHANGHAI KID MAMU,DRESS SHANGHAI KID LIGHT BROWN PJG XL,0,2,0,0,199000,398000,398000
Jul-2026,MAMU GOWA,DRESS SHANGHAI KID MAMU,DRESS SHANGHAI KID LIGHT BROWN PJG XL,0,2,0,0,199000,398000,398000
Agu-2026,MAMU GOWA,DRESS SHANGHAI KID MAMU,DRESS SHANGHAI KID LIGHT BROWN PJG XL,0,2,0,0,199000,398000,398000
Sep-2026,MAMU GOWA,DRESS SHANGHAI KID MAMU,DRESS SHANGHAI KID LIGHT BROWN PJG XL,0,2,0,0,199000,398000,398000
Okt-2026,MAMU GOWA,DRESS SHANGHAI KID MAMU,DRESS SHANGHAI KID LIGHT BROWN PJG XL,0,2,0,0,199000,398000,398000
Apr-2026,MAMU GOWA,DRESS SHANGHAI KID MAMU,DRESS SHANGHAI KID LIGHT BROWN PJG XS,0,5,0,0,199000,995000,0
Mei-2026,MAMU GOWA,DRESS SHANGHAI KID MAMU,DRESS SHANGHAI KID LIGHT BROWN PJG XS,0,5,0,0,199000,995000,995000
Jun-2026,MAMU GOWA,DRESS SHANGHAI KID MAMU,DRESS SHANGHAI KID LIGHT BROWN PJG XS,0,5,0,0,199000,995000,995000
Jul-2026,MAMU GOWA,DRESS SHANGHAI KID MAMU,DRESS SHANGHAI KID LIGHT BROWN PJG XS,0,5,1,0,199000,1194000,995000
Agu-2026,MAMU GOWA,DRESS SHANGHAI KID MAMU,DRESS SHANGHAI KID LIGHT BROWN PJG XS,0,6,0,0,199000,1194000,1194000
Sep-2026,MAMU GOWA,DRESS SHANGHAI KID MAMU,DRESS SHANGHAI KID LIGHT BROWN PJG XS,0,6,0,0,199000,1194000,1194000
Okt-2026,MAMU GOWA,DRESS SHANGHAI KID MAMU,DRESS SHANGHAI KID LIGHT BROWN PJG XS,0,6,0,0,199000,1194000,1194000
Apr-2026,MAMU GOWA,DRESS SHANGHAI KID MAMU,DRESS SHANGHAI KID SAGE GREEN PJG 2XL,0,2,0,0,199000,398000,0
Mei-2026,MAMU GOWA,DRESS SHANGHAI KID MAMU,DRESS SHANGHAI KID SAGE GREEN PJG 2XL,0,2,0,0,199000,398000,398000
Jun-2026,MAMU GOWA,DRESS SHANGHAI KID MAMU,DRESS SHANGHAI KID SAGE GREEN PJG 2XL,0,2,0,0,199000,398000,398000
Jul-2026,MAMU GOWA,DRESS SHANGHAI KID MAMU,DRESS SHANGHAI KID SAGE GREEN PJG 2XL,0,2,0,0,199000,398000,398000
Agu-2026,MAMU GOWA,DRESS SHANGHAI KID MAMU,DRESS SHANGHAI KID SAGE GREEN PJG 2XL,122991,1,0,0,199000,199000,398000
Sep-2026,MAMU GOWA,DRESS SHANGHAI KID MAMU,DRESS SHANGHAI KID SAGE GREEN PJG 2XL,0,1,0,0,199000,199000,199000
Okt-2026,MAMU GOWA,DRESS SHANGHAI KID MAMU,DRESS SHANGHAI KID SAGE GREEN PJG 2XL,0,1,0,0,199000,199000,199000
Apr-2026,MAMU GOWA,DRESS SHANGHAI KID MAMU,DRESS SHANGHAI KID SAGE GREEN PJG L,0,5,0,0,199000,995000,0
Mei-2026,MAMU GOWA,DRESS SHANGHAI KID MAMU,DRESS SHANGHAI KID SAGE GREEN PJG L,0,5,0,0,199000,995000,995000
Jun-2026,MAMU GOWA,DRESS SHANGHAI KID MAMU,DRESS SHANGHAI KID SAGE GREEN PJG L,0,5,0,0,199000,995000,995000
Jul-2026,MAMU GOWA,DRESS SHANGHAI KID MAMU,DRESS SHANGHAI KID SAGE GREEN PJG L,0,5,2,0,199000,1393000,995000
Agu-2026,MAMU GOWA,DRESS SHANGHAI KID MAMU,DRESS SHANGHAI KID SAGE GREEN PJG L,243316,6,0,0,199000,1194000,1393000
Sep-2026,MAMU GOWA,DRESS SHANGHAI KID MAMU,DRESS SHANGHAI KID SAGE GREEN PJG L,0,5,0,0,199000,995000,1194000
Okt-2026,MAMU GOWA,DRESS SHANGHAI KID MAMU,DRESS SHANGHAI KID SAGE GREEN PJG L,0,5,0,0,199000,995000,995000
Apr-2026,MAMU GOWA,DRESS SHANGHAI KID MAMU,DRESS SHANGHAI KID SAGE GREEN PJG M,0,10,0,0,199000,1990000,0
Mei-2026,MAMU GOWA,DRESS SHANGHAI KID MAMU,DRESS SHANGHAI KID SAGE GREEN PJG M,0,10,0,0,199000,1990000,1990000
Jun-2026,MAMU GOWA,DRESS SHANGHAI KID MAMU,DRESS SHANGHAI KID SAGE GREEN PJG M,0,10,0,0,199000,1990000,1990000
Jul-2026,MAMU GOWA,DRESS SHANGHAI KID MAMU,DRESS SHANGHAI KID SAGE GREEN PJG M,0,10,2,0,199000,2388000,1990000
Agu-2026,MAMU GOWA,DRESS SHANGHAI KID MAMU,DRESS SHANGHAI KID SAGE GREEN PJG M,0,12,0,0,199000,2388000,2388000
Sep-2026,MAMU GOWA,DRESS SHANGHAI KID MAMU,DRESS SHANGHAI KID SAGE GREEN PJG M,0,12,0,0,199000,2388000,2388000
Okt-2026,MAMU GOWA,DRESS SHANGHAI KID MAMU,DRESS SHANGHAI KID SAGE GREEN PJG M,0,12,0,0,199000,2388000,2388000
Apr-2026,MAMU GOWA,DRESS SHANGHAI KID MAMU,DRESS SHANGHAI KID SAGE GREEN PJG S,0,10,0,0,199000,1990000,0
Mei-2026,MAMU GOWA,DRESS SHANGHAI KID MAMU,DRESS SHANGHAI KID SAGE GREEN PJG S,121447,9,0,0,199000,1791000,1990000
Jun-2026,MAMU GOWA,DRESS SHANGHAI KID MAMU,DRESS SHANGHAI KID SAGE GREEN PJG S,0,8,0,0,199000,1592000,1791000
Jul-2026,MAMU GOWA,DRESS SHANGHAI KID MAMU,DRESS SHANGHAI KID SAGE GREEN PJG S,0,8,2,0,199000,1990000,1592000
Agu-2026,MAMU GOWA,DRESS SHANGHAI KID MAMU,DRESS SHANGHAI KID SAGE GREEN PJG S,121465,9,0,0,199000,1791000,1990000
Sep-2026,MAMU GOWA,DRESS SHANGHAI KID MAMU,DRESS SHANGHAI KID SAGE GREEN PJG S,0,9,0,0,199000,1791000,1791000
Okt-2026,MAMU GOWA,DRESS SHANGHAI KID MAMU,DRESS SHANGHAI KID SAGE GREEN PJG S,0,9,0,0,199000,1791000,1791000
Apr-2026,MAMU GOWA,DRESS SHANGHAI KID MAMU,DRESS SHANGHAI KID SAGE GREEN PJG XL,0,2,0,0,199000,398000,0
Mei-2026,MAMU GOWA,DRESS SHANGHAI KID MAMU,DRESS SHANGHAI KID SAGE GREEN PJG XL,0,2,0,0,199000,398000,398000
Jun-2026,MAMU GOWA,DRESS SHANGHAI KID MAMU,DRESS SHANGHAI KID SAGE GREEN PJG XL,0,2,0,0,199000,398000,398000
Jul-2026,MAMU GOWA,DRESS SHANGHAI KID MAMU,DRESS SHANGHAI KID SAGE GREEN PJG XL,0,2,0,0,199000,398000,398000
Agu-2026,MAMU GOWA,DRESS SHANGHAI KID MAMU,DRESS SHANGHAI KID SAGE GREEN PJG XL,122991,1,0,0,199000,199000,398000
Sep-2026,MAMU GOWA,DRESS SHANGHAI KID MAMU,DRESS SHANGHAI KID SAGE GREEN PJG XL,0,1,0,0,199000,199000,199000
Okt-2026,MAMU GOWA,DRESS SHANGHAI KID MAMU,DRESS SHANGHAI KID SAGE GREEN PJG XL,0,1,0,0,199000,199000,199000
Apr-2026,MAMU GOWA,DRESS SHANGHAI KID MAMU,DRESS SHANGHAI KID SAGE GREEN PJG XS,0,5,0,0,199000,995000,0
Mei-2026,MAMU GOWA,DRESS SHANGHAI KID MAMU,DRESS SHANGHAI KID SAGE GREEN PJG XS,0,6,0,0,199000,1194000,995000
Jun-2026,MAMU GOWA,DRESS SHANGHAI KID MAMU,DRESS SHANGHAI KID SAGE GREEN PJG XS,0,6,0,0,199000,1194000,1194000
Jul-2026,MAMU GOWA,DRESS SHANGHAI KID MAMU,DRESS SHANGHAI KID SAGE GREEN PJG XS,0,6,0,0,199000,1194000,1194000
Agu-2026,MAMU GOWA,DRESS SHANGHAI KID MAMU,DRESS SHANGHAI KID SAGE GREEN PJG XS,0,6,0,0,199000,1194000,1194000
Sep-2026,MAMU GOWA,DRESS SHANGHAI KID MAMU,DRESS SHANGHAI KID SAGE GREEN PJG XS,0,6,0,0,199000,1194000,1194000
Okt-2026,MAMU GOWA,DRESS SHANGHAI KID MAMU,DRESS SHANGHAI KID SAGE GREEN PJG XS,0,6,0,0,199000,1194000,1194000
Apr-2026,MAMU GOWA,DRESS SHANGHAI KID MAMU,DRESS SHANGHAI KID SKY BLUE PJG 2XL,0,3,0,0,199000,597000,0
Mei-2026,MAMU GOWA,DRESS SHANGHAI KID MAMU,DRESS SHANGHAI KID SKY BLUE PJG 2XL,0,3,0,0,199000,597000,597000
Jun-2026,MAMU GOWA,DRESS SHANGHAI KID MAMU,DRESS SHANGHAI KID SKY BLUE PJG 2XL,0,3,0,0,199000,597000,597000
Jul-2026,MAMU GOWA,DRESS SHANGHAI KID MAMU,DRESS SHANGHAI KID SKY BLUE PJG 2XL,0,3,0,0,199000,597000,597000
Agu-2026,MAMU GOWA,DRESS SHANGHAI KID MAMU,DRESS SHANGHAI KID SKY BLUE PJG 2XL,0,3,0,0,199000,597000,597000
Sep-2026,MAMU GOWA,DRESS SHANGHAI KID MAMU,DRESS SHANGHAI KID SKY BLUE PJG 2XL,0,3,0,0,199000,597000,597000
Okt-2026,MAMU GOWA,DRESS SHANGHAI KID MAMU,DRESS SHANGHAI KID SKY BLUE PJG 2XL,0,3,0,0,199000,597000,597000
Apr-2026,MAMU GOWA,DRESS SHANGHAI KID MAMU,DRESS SHANGHAI KID SKY BLUE PJG L,0,9,0,0,199000,1791000,0
Mei-2026,MAMU GOWA,DRESS SHANGHAI KID MAMU,DRESS SHANGHAI KID SKY BLUE PJG L,0,9,0,0,199000,1791000,1791000
Jun-2026,MAMU GOWA,DRESS SHANGHAI KID MAMU,DRESS SHANGHAI KID SKY BLUE PJG L,0,9,0,0,199000,1791000,1791000
Jul-2026,MAMU GOWA,DRESS SHANGHAI KID MAMU,DRESS SHANGHAI KID SKY BLUE PJG L,0,9,5,0,199000,2786000,1791000
Agu-2026,MAMU GOWA,DRESS SHANGHAI KID MAMU,DRESS SHANGHAI KID SKY BLUE PJG L,0,14,0,0,199000,2786000,2786000
Sep-2026,MAMU GOWA,DRESS SHANGHAI KID MAMU,DRESS SHANGHAI KID SKY BLUE PJG L,0,14,0,0,199000,2786000,2786000
Okt-2026,MAMU GOWA,DRESS SHANGHAI KID MAMU,DRESS SHANGHAI KID SKY BLUE PJG L,0,14,0,0,199000,2786000,2786000
Apr-2026,MAMU GOWA,DRESS SHANGHAI KID MAMU,DRESS SHANGHAI KID SKY BLUE PJG M,0,10,0,0,199000,1990000,0
Mei-2026,MAMU GOWA,DRESS SHANGHAI KID MAMU,DRESS SHANGHAI KID SKY BLUE PJG M,0,11,0,0,199000,2189000,1990000
Jun-2026,MAMU GOWA,DRESS SHANGHAI KID MAMU,DRESS SHANGHAI KID SKY BLUE PJG M,0,11,0,0,199000,2189000,2189000
Jul-2026,MAMU GOWA,DRESS SHANGHAI KID MAMU,DRESS SHANGHAI KID SKY BLUE PJG M,0,11,5,0,199000,3184000,2189000
Agu-2026,MAMU GOWA,DRESS SHANGHAI KID MAMU,DRESS SHANGHAI KID SKY BLUE PJG M,0,16,0,0,199000,3184000,3184000
Sep-2026,MAMU GOWA,DRESS SHANGHAI KID MAMU,DRESS SHANGHAI KID SKY BLUE PJG M,121624,16,0,0,199000,3184000,3184000
Okt-2026,MAMU GOWA,DRESS SHANGHAI KID MAMU,DRESS SHANGHAI KID SKY BLUE PJG M,0,15,0,0,199000,2985000,3184000
Apr-2026,MAMU GOWA,DRESS SHANGHAI KID MAMU,DRESS SHANGHAI KID SKY BLUE PJG S,0,10,0,0,199000,1990000,0
Mei-2026,MAMU GOWA,DRESS SHANGHAI KID MAMU,DRESS SHANGHAI KID SKY BLUE PJG S,0,10,0,0,199000,1990000,1990000
Jun-2026,MAMU GOWA,DRESS SHANGHAI KID MAMU,DRESS SHANGHAI KID SKY BLUE PJG S,0,10,0,0,199000,1990000,1990000
Jul-2026,MAMU GOWA,DRESS SHANGHAI KID MAMU,DRESS SHANGHAI KID SKY BLUE PJG S,0,10,5,0,199000,2985000,1990000
Agu-2026,MAMU GOWA,DRESS SHANGHAI KID MAMU,DRESS SHANGHAI KID SKY BLUE PJG S,0,15,0,0,199000,2985000,2985000
Sep-2026,MAMU GOWA,DRESS SHANGHAI KID MAMU,DRESS SHANGHAI KID SKY BLUE PJG S,0,15,0,0,199000,2985000,2985000
Okt-2026,MAMU GOWA,DRESS SHANGHAI KID MAMU,DRESS SHANGHAI KID SKY BLUE PJG S,0,15,0,0,199000,2985000,2985000
Apr-2026,MAMU GOWA,DRESS SHANGHAI KID MAMU,DRESS SHANGHAI KID SKY BLUE PJG XL,0,3,0,0,199000,597000,0
Mei-2026,MAMU GOWA,DRESS SHANGHAI KID MAMU,DRESS SHANGHAI KID SKY BLUE PJG XL,0,3,0,0,199000,597000,597000
Jun-2026,MAMU GOWA,DRESS SHANGHAI KID MAMU,DRESS SHANGHAI KID SKY BLUE PJG XL,0,3,0,0,199000,597000,597000
Jul-2026,MAMU GOWA,DRESS SHANGHAI KID MAMU,DRESS SHANGHAI KID SKY BLUE PJG XL,0,3,0,0,199000,597000,597000
Agu-2026,MAMU GOWA,DRESS SHANGHAI KID MAMU,DRESS SHANGHAI KID SKY BLUE PJG XL,0,3,0,0,199000,597000,597000
Sep-2026,MAMU GOWA,DRESS SHANGHAI KID MAMU,DRESS SHANGHAI KID SKY BLUE PJG XL,0,3,0,0,199000,597000,597000
Okt-2026,MAMU GOWA,DRESS SHANGHAI KID MAMU,DRESS SHANGHAI KID SKY BLUE PJG XL,0,3,0,0,199000,597000,597000
Apr-2026,MAMU GOWA,DRESS SHANGHAI KID MAMU,DRESS SHANGHAI KID SKY BLUE PJG XS,0,10,0,0,199000,1990000,0
Mei-2026,MAMU GOWA,DRESS SHANGHAI KID MAMU,DRESS SHANGHAI KID SKY BLUE PJG XS,0,10,0,0,199000,1990000,1990000
Jun-2026,MAMU GOWA,DRESS SHANGHAI KID MAMU,DRESS SHANGHAI KID SKY BLUE PJG XS,0,10,0,0,199000,1990000,1990000
Jul-2026,MAMU GOWA,DRESS SHANGHAI KID MAMU,DRESS SHANGHAI KID SKY BLUE PJG XS,0,10,4,0,199000,2786000,1990000
Agu-2026,MAMU GOWA,DRESS SHANGHAI KID MAMU,DRESS SHANGHAI KID SKY BLUE PJG XS,121447,13,0,0,199000,2587000,2786000
Sep-2026,MAMU GOWA,DRESS SHANGHAI KID MAMU,DRESS SHANGHAI KID SKY BLUE PJG XS,0,13,0,0,199000,2587000,2587000
Okt-2026,MAMU GOWA,DRESS SHANGHAI KID MAMU,DRESS SHANGHAI KID SKY BLUE PJG XS,0,13,0,0,199000,2587000,2587000
Apr-2026,MAMU KENDARI,DRESS SHANGHAI KID MAMU,DRESS SHANGHAI KID BUTTER PJG L,0,2,0,0,199000,398000,0
Mei-2026,MAMU KENDARI,DRESS SHANGHAI KID MAMU,DRESS SHANGHAI KID BUTTER PJG L,0,2,0,0,199000,398000,398000
Jun-2026,MAMU KENDARI,DRESS SHANGHAI KID MAMU,DRESS SHANGHAI KID BUTTER PJG L,0,2,0,0,199000,398000,398000
Jul-2026,MAMU KENDARI,DRESS SHANGHAI KID MAMU,DRESS SHANGHAI KID BUTTER PJG L,0,1,0,0,199000,199000,398000
Agu-2026,MAMU KENDARI,DRESS SHANGHAI KID MAMU,DRESS SHANGHAI KID BUTTER PJG L,0,1,0,0,199000,199000,199000
Sep-2026,MAMU KENDARI,DRESS SHANGHAI KID MAMU,DRESS SHANGHAI KID BUTTER PJG L,0,1,0,0,199000,199000,199000
Okt-2026,MAMU KENDARI,DRESS SHANGHAI KID MAMU,DRESS SHANGHAI KID BUTTER PJG L,0,1,0,0,199000,199000,199000
Apr-2026,MAMU KENDARI,DRESS SHANGHAI KID MAMU,DRESS SHANGHAI KID BUTTER PJG M,0,2,0,0,199000,398000,0
Mei-2026,MAMU KENDARI,DRESS SHANGHAI KID MAMU,DRESS SHANGHAI KID BUTTER PJG M,0,2,0,0,199000,398000,398000
Jun-2026,MAMU KENDARI,DRESS SHANGHAI KID MAMU,DRESS SHANGHAI KID BUTTER PJG M,0,2,0,0,199000,398000,398000
Jul-2026,MAMU KENDARI,DRESS SHANGHAI KID MAMU,DRESS SHANGHAI KID BUTTER PJG M,0,1,0,0,199000,199000,398000
Agu-2026,MAMU KENDARI,DRESS SHANGHAI KID MAMU,DRESS SHANGHAI KID BUTTER PJG M,0,1,0,0,199000,199000,199000
Sep-2026,MAMU KENDARI,DRESS SHANGHAI KID MAMU,DRESS SHANGHAI KID BUTTER PJG M,0,1,0,0,199000,199000,199000
Okt-2026,MAMU KENDARI,DRESS SHANGHAI KID MAMU,DRESS SHANGHAI KID BUTTER PJG M,0,1,0,0,199000,199000,199000
Apr-2026,MAMU KENDARI,DRESS SHANGHAI KID MAMU,DRESS SHANGHAI KID BUTTER PJG S,0,2,0,0,199000,398000,0
Mei-2026,MAMU KENDARI,DRESS SHANGHAI KID MAMU,DRESS SHANGHAI KID BUTTER PJG S,121447,1,0,0,199000,199000,398000
Jun-2026,MAMU KENDARI,DRESS SHANGHAI KID MAMU,DRESS SHANGHAI KID BUTTER PJG S,0,1,0,0,199000,199000,199000
Jul-2026,MAMU KENDARI,DRESS SHANGHAI KID MAMU,DRESS SHANGHAI KID BUTTER PJG S,0,1,0,0,199000,199000,199000
Agu-2026,MAMU KENDARI,DRESS SHANGHAI KID MAMU,DRESS SHANGHAI KID BUTTER PJG S,0,1,0,0,199000,199000,199000
Sep-2026,MAMU KENDARI,DRESS SHANGHAI KID MAMU,DRESS SHANGHAI KID BUTTER PJG S,0,1,0,0,199000,199000,199000
Okt-2026,MAMU KENDARI,DRESS SHANGHAI KID MAMU,DRESS SHANGHAI KID BUTTER PJG S,0,1,0,0,199000,199000,199000
Apr-2026,MAMU KENDARI,DRESS SHANGHAI KID MAMU,DRESS SHANGHAI KID BUTTER PJG XS,0,2,0,0,199000,398000,0
Mei-2026,MAMU KENDARI,DRESS SHANGHAI KID MAMU,DRESS SHANGHAI KID BUTTER PJG XS,0,2,0,0,199000,398000,398000
Jun-2026,MAMU KENDARI,DRESS SHANGHAI KID MAMU,DRESS SHANGHAI KID BUTTER PJG XS,0,2,0,0,199000,398000,398000
Jul-2026,MAMU KENDARI,DRESS SHANGHAI KID MAMU,DRESS SHANGHAI KID BUTTER PJG XS,0,0,0,0,199000,0,398000
Apr-2026,MAMU KENDARI,DRESS SHANGHAI KID MAMU,DRESS SHANGHAI KID LIGHT BROWN PJG L,0,2,0,0,199000,398000,0
Mei-2026,MAMU KENDARI,DRESS SHANGHAI KID MAMU,DRESS SHANGHAI KID LIGHT BROWN PJG L,0,2,0,0,199000,398000,398000
Jun-2026,MAMU KENDARI,DRESS SHANGHAI KID MAMU,DRESS SHANGHAI KID LIGHT BROWN PJG L,0,2,0,0,199000,398000,398000
Jul-2026,MAMU KENDARI,DRESS SHANGHAI KID MAMU,DRESS SHANGHAI KID LIGHT BROWN PJG L,0,0,0,0,199000,0,398000
Apr-2026,MAMU KENDARI,DRESS SHANGHAI KID MAMU,DRESS SHANGHAI KID LIGHT BROWN PJG M,0,2,0,0,199000,398000,0
Mei-2026,MAMU KENDARI,DRESS SHANGHAI KID MAMU,DRESS SHANGHAI KID LIGHT BROWN PJG M,0,2,0,0,199000,398000,398000
Jun-2026,MAMU KENDARI,DRESS SHANGHAI KID MAMU,DRESS SHANGHAI KID LIGHT BROWN PJG M,0,2,0,0,199000,398000,398000
Jul-2026,MAMU KENDARI,DRESS SHANGHAI KID MAMU,DRESS SHANGHAI KID LIGHT BROWN PJG M,0,2,0,0,199000,398000,398000
Agu-2026,MAMU KENDARI,DRESS SHANGHAI KID MAMU,DRESS SHANGHAI KID LIGHT BROWN PJG M,0,2,0,0,199000,398000,398000
Sep-2026,MAMU KENDARI,DRESS SHANGHAI KID MAMU,DRESS SHANGHAI KID LIGHT BROWN PJG M,0,2,0,0,199000,398000,398000
Okt-2026,MAMU KENDARI,DRESS SHANGHAI KID MAMU,DRESS SHANGHAI KID LIGHT BROWN PJG M,0,2,0,0,199000,398000,398000
Apr-2026,MAMU KENDARI,DRESS SHANGHAI KID MAMU,DRESS SHANGHAI KID LIGHT BROWN PJG S,0,2,0,0,199000,398000,0
Mei-2026,MAMU KENDARI,DRESS SHANGHAI KID MAMU,DRESS SHANGHAI KID LIGHT BROWN PJG S,0,2,0,0,199000,398000,398000
Jun-2026,MAMU KENDARI,DRESS SHANGHAI KID MAMU,DRESS SHANGHAI KID LIGHT BROWN PJG S,0,2,0,0,199000,398000,398000
Jul-2026,MAMU KENDARI,DRESS SHANGHAI KID MAMU,DRESS SHANGHAI KID LIGHT BROWN PJG S,0,2,0,0,199000,398000,398000
Agu-2026,MAMU KENDARI,DRESS SHANGHAI KID MAMU,DRESS SHANGHAI KID LIGHT BROWN PJG S,0,2,0,0,199000,398000,398000
Sep-2026,MAMU KENDARI,DRESS SHANGHAI KID MAMU,DRESS SHANGHAI KID LIGHT BROWN PJG S,121824,1,0,0,199000,199000,398000
Okt-2026,MAMU KENDARI,DRESS SHANGHAI KID MAMU,DRESS SHANGHAI KID LIGHT BROWN PJG S,0,1,0,0,199000,199000,199000
Apr-2026,MAMU KENDARI,DRESS SHANGHAI KID MAMU,DRESS SHANGHAI KID LIGHT BROWN PJG XS,0,2,0,0,199000,398000,0
Mei-2026,MAMU KENDARI,DRESS SHANGHAI KID MAMU,DRESS SHANGHAI KID LIGHT BROWN PJG XS,0,2,0,0,199000,398000,398000
Jun-2026,MAMU KENDARI,DRESS SHANGHAI KID MAMU,DRESS SHANGHAI KID LIGHT BROWN PJG XS,0,2,0,0,199000,398000,398000
Jul-2026,MAMU KENDARI,DRESS SHANGHAI KID MAMU,DRESS SHANGHAI KID LIGHT BROWN PJG XS,0,2,0,0,199000,398000,398000
Agu-2026,MAMU KENDARI,DRESS SHANGHAI KID MAMU,DRESS SHANGHAI KID LIGHT BROWN PJG XS,0,2,0,0,199000,398000,398000
Sep-2026,MAMU KENDARI,DRESS SHANGHAI KID MAMU,DRESS SHANGHAI KID LIGHT BROWN PJG XS,0,2,0,0,199000,398000,398000
Okt-2026,MAMU KENDARI,DRESS SHANGHAI KID MAMU,DRESS SHANGHAI KID LIGHT BROWN PJG XS,0,2,0,0,199000,398000,398000
Apr-2026,MAMU KENDARI,DRESS SHANGHAI KID MAMU,DRESS SHANGHAI KID SAGE GREEN PJG L,0,2,0,0,199000,398000,0
Mei-2026,MAMU KENDARI,DRESS SHANGHAI KID MAMU,DRESS SHANGHAI KID SAGE GREEN PJG L,0,2,0,0,199000,398000,398000
Jun-2026,MAMU KENDARI,DRESS SHANGHAI KID MAMU,DRESS SHANGHAI KID SAGE GREEN PJG L,0,2,0,0,199000,398000,398000
Jul-2026,MAMU KENDARI,DRESS SHANGHAI KID MAMU,DRESS SHANGHAI KID SAGE GREEN PJG L,0,2,0,0,199000,398000,398000
Agu-2026,MAMU KENDARI,DRESS SHANGHAI KID MAMU,DRESS SHANGHAI KID SAGE GREEN PJG L,0,2,0,0,199000,398000,398000
Sep-2026,MAMU KENDARI,DRESS SHANGHAI KID MAMU,DRESS SHANGHAI KID SAGE GREEN PJG L,0,2,0,0,199000,398000,398000
Okt-2026,MAMU KENDARI,DRESS SHANGHAI KID MAMU,DRESS SHANGHAI KID SAGE GREEN PJG L,0,2,0,0,199000,398000,398000
Apr-2026,MAMU KENDARI,DRESS SHANGHAI KID MAMU,DRESS SHANGHAI KID SAGE GREEN PJG M,0,2,0,0,199000,398000,0
Mei-2026,MAMU KENDARI,DRESS SHANGHAI KID MAMU,DRESS SHANGHAI KID SAGE GREEN PJG M,0,2,0,0,199000,398000,398000
Jun-2026,MAMU KENDARI,DRESS SHANGHAI KID MAMU,DRESS SHANGHAI KID SAGE GREEN PJG M,0,2,0,0,199000,398000,398000
Jul-2026,MAMU KENDARI,DRESS SHANGHAI KID MAMU,DRESS SHANGHAI KID SAGE GREEN PJG M,0,2,0,0,199000,398000,398000
Agu-2026,MAMU KENDARI,DRESS SHANGHAI KID MAMU,DRESS SHANGHAI KID SAGE GREEN PJG M,0,2,0,0,199000,398000,398000
Sep-2026,MAMU KENDARI,DRESS SHANGHAI KID MAMU,DRESS SHANGHAI KID SAGE GREEN PJG M,0,2,0,0,199000,398000,398000
Okt-2026,MAMU KENDARI,DRESS SHANGHAI KID MAMU,DRESS SHANGHAI KID SAGE GREEN PJG M,0,2,0,0,199000,398000,398000
Apr-2026,MAMU KENDARI,DRESS SHANGHAI KID MAMU,DRESS SHANGHAI KID SAGE GREEN PJG S,0,2,0,0,199000,398000,0
Mei-2026,MAMU KENDARI,DRESS SHANGHAI KID MAMU,DRESS SHANGHAI KID SAGE GREEN PJG S,0,2,0,0,199000,398000,398000
Jun-2026,MAMU KENDARI,DRESS SHANGHAI KID MAMU,DRESS SHANGHAI KID SAGE GREEN PJG S,0,2,0,0,199000,398000,398000
Jul-2026,MAMU KENDARI,DRESS SHANGHAI KID MAMU,DRESS SHANGHAI KID SAGE GREEN PJG S,121536,1,0,0,199000,199000,398000
Agu-2026,MAMU KENDARI,DRESS SHANGHAI KID MAMU,DRESS SHANGHAI KID SAGE GREEN PJG S,0,1,0,0,199000,199000,199000
Sep-2026,MAMU KENDARI,DRESS SHANGHAI KID MAMU,DRESS SHANGHAI KID SAGE GREEN PJG S,0,1,0,0,199000,199000,199000
Okt-2026,MAMU KENDARI,DRESS SHANGHAI KID MAMU,DRESS SHANGHAI KID SAGE GREEN PJG S,0,1,0,0,199000,199000,199000
Apr-2026,MAMU KENDARI,DRESS SHANGHAI KID MAMU,DRESS SHANGHAI KID SAGE GREEN PJG XS,0,2,0,0,199000,398000,0
Mei-2026,MAMU KENDARI,DRESS SHANGHAI KID MAMU,DRESS SHANGHAI KID SAGE GREEN PJG XS,0,2,0,0,199000,398000,398000
Jun-2026,MAMU KENDARI,DRESS SHANGHAI KID MAMU,DRESS SHANGHAI KID SAGE GREEN PJG XS,0,2,0,0,199000,398000,398000
Jul-2026,MAMU KENDARI,DRESS SHANGHAI KID MAMU,DRESS SHANGHAI KID SAGE GREEN PJG XS,0,2,0,0,199000,398000,398000
Agu-2026,MAMU KENDARI,DRESS SHANGHAI KID MAMU,DRESS SHANGHAI KID SAGE GREEN PJG XS,0,2,0,0,199000,398000,398000
Sep-2026,MAMU KENDARI,DRESS SHANGHAI KID MAMU,DRESS SHANGHAI KID SAGE GREEN PJG XS,0,2,0,0,199000,398000,398000
Okt-2026,MAMU KENDARI,DRESS SHANGHAI KID MAMU,DRESS SHANGHAI KID SAGE GREEN PJG XS,0,2,0,0,199000,398000,398000
Apr-2026,MAMU KENDARI,DRESS SHANGHAI KID MAMU,DRESS SHANGHAI KID SKY BLUE PJG 2XL,0,2,0,0,199000,398000,0
Mei-2026,MAMU KENDARI,DRESS SHANGHAI KID MAMU,DRESS SHANGHAI KID SKY BLUE PJG 2XL,0,2,0,0,199000,398000,398000
Jun-2026,MAMU KENDARI,DRESS SHANGHAI KID MAMU,DRESS SHANGHAI KID SKY BLUE PJG 2XL,0,2,0,0,199000,398000,398000
Jul-2026,MAMU KENDARI,DRESS SHANGHAI KID MAMU,DRESS SHANGHAI KID SKY BLUE PJG 2XL,0,2,0,0,199000,398000,398000
Agu-2026,MAMU KENDARI,DRESS SHANGHAI KID MAMU,DRESS SHANGHAI KID SKY BLUE PJG 2XL,0,2,0,0,199000,398000,398000
Sep-2026,MAMU KENDARI,DRESS SHANGHAI KID MAMU,DRESS SHANGHAI KID SKY BLUE PJG 2XL,0,2,0,0,199000,398000,398000
Okt-2026,MAMU KENDARI,DRESS SHANGHAI KID MAMU,DRESS SHANGHAI KID SKY BLUE PJG 2XL,0,2,0,0,199000,398000,398000
Apr-2026,MAMU KENDARI,DRESS SHANGHAI KID MAMU,DRESS SHANGHAI KID SKY BLUE PJG L,0,2,0,0,199000,398000,0
Mei-2026,MAMU KENDARI,DRESS SHANGHAI KID MAMU,DRESS SHANGHAI KID SKY BLUE PJG L,0,2,0,0,199000,398000,398000
Jun-2026,MAMU KENDARI,DRESS SHANGHAI KID MAMU,DRESS SHANGHAI KID SKY BLUE PJG L,0,2,0,0,199000,398000,398000
Jul-2026,MAMU KENDARI,DRESS SHANGHAI KID MAMU,DRESS SHANGHAI KID SKY BLUE PJG L,0,2,0,0,199000,398000,398000
Agu-2026,MAMU KENDARI,DRESS SHANGHAI KID MAMU,DRESS SHANGHAI KID SKY BLUE PJG L,0,2,0,0,199000,398000,398000
Sep-2026,MAMU KENDARI,DRESS SHANGHAI KID MAMU,DRESS SHANGHAI KID SKY BLUE PJG L,0,2,0,0,199000,398000,398000
Okt-2026,MAMU KENDARI,DRESS SHANGHAI KID MAMU,DRESS SHANGHAI KID SKY BLUE PJG L,0,2,0,0,199000,398000,398000
Apr-2026,MAMU KENDARI,DRESS SHANGHAI KID MAMU,DRESS SHANGHAI KID SKY BLUE PJG M,0,2,0,0,199000,398000,0
Mei-2026,MAMU KENDARI,DRESS SHANGHAI KID MAMU,DRESS SHANGHAI KID SKY BLUE PJG M,0,2,0,0,199000,398000,398000
Jun-2026,MAMU KENDARI,DRESS SHANGHAI KID MAMU,DRESS SHANGHAI KID SKY BLUE PJG M,0,2,0,0,199000,398000,398000
Jul-2026,MAMU KENDARI,DRESS SHANGHAI KID MAMU,DRESS SHANGHAI KID SKY BLUE PJG M,0,2,0,0,199000,398000,398000
Agu-2026,MAMU KENDARI,DRESS SHANGHAI KID MAMU,DRESS SHANGHAI KID SKY BLUE PJG M,0,2,0,0,199000,398000,398000
Sep-2026,MAMU KENDARI,DRESS SHANGHAI KID MAMU,DRESS SHANGHAI KID SKY BLUE PJG M,0,2,0,0,199000,398000,398000
Okt-2026,MAMU KENDARI,DRESS SHANGHAI KID MAMU,DRESS SHANGHAI KID SKY BLUE PJG M,0,2,0,0,199000,398000,398000
Apr-2026,MAMU KENDARI,DRESS SHANGHAI KID MAMU,DRESS SHANGHAI KID SKY BLUE PJG S,0,2,0,0,199000,398000,0
Mei-2026,MAMU KENDARI,DRESS SHANGHAI KID MAMU,DRESS SHANGHAI KID SKY BLUE PJG S,0,2,0,0,199000,398000,398000
Jun-2026,MAMU KENDARI,DRESS SHANGHAI KID MAMU,DRESS SHANGHAI KID SKY BLUE PJG S,0,2,0,0,199000,398000,398000
Jul-2026,MAMU KENDARI,DRESS SHANGHAI KID MAMU,DRESS SHANGHAI KID SKY BLUE PJG S,0,2,0,0,199000,398000,398000
Agu-2026,MAMU KENDARI,DRESS SHANGHAI KID MAMU,DRESS SHANGHAI KID SKY BLUE PJG S,0,2,0,0,199000,398000,398000
Sep-2026,MAMU KENDARI,DRESS SHANGHAI KID MAMU,DRESS SHANGHAI KID SKY BLUE PJG S,121447,1,0,0,199000,199000,398000
Okt-2026,MAMU KENDARI,DRESS SHANGHAI KID MAMU,DRESS SHANGHAI KID SKY BLUE PJG S,0,1,0,0,199000,199000,199000
Apr-2026,MAMU KENDARI,DRESS SHANGHAI KID MAMU,DRESS SHANGHAI KID SKY BLUE PJG XL,0,1,0,0,199000,199000,0
Mei-2026,MAMU KENDARI,DRESS SHANGHAI KID MAMU,DRESS SHANGHAI KID SKY BLUE PJG XL,0,1,0,0,199000,199000,199000
Jun-2026,MAMU KENDARI,DRESS SHANGHAI KID MAMU,DRESS SHANGHAI KID SKY BLUE PJG XL,0,1,0,0,199000,199000,199000
Jul-2026,MAMU KENDARI,DRESS SHANGHAI KID MAMU,DRESS SHANGHAI KID SKY BLUE PJG XL,0,0,0,0,199000,0,199000
Apr-2026,MAMU KENDARI,DRESS SHANGHAI KID MAMU,DRESS SHANGHAI KID SKY BLUE PJG XS,0,2,0,0,199000,398000,0
Mei-2026,MAMU KENDARI,DRESS SHANGHAI KID MAMU,DRESS SHANGHAI KID SKY BLUE PJG XS,0,2,0,0,199000,398000,398000
Jun-2026,MAMU KENDARI,DRESS SHANGHAI KID MAMU,DRESS SHANGHAI KID SKY BLUE PJG XS,0,2,0,0,199000,398000,398000
Jul-2026,MAMU KENDARI,DRESS SHANGHAI KID MAMU,DRESS SHANGHAI KID SKY BLUE PJG XS,0,2,0,0,199000,398000,398000
Agu-2026,MAMU KENDARI,DRESS SHANGHAI KID MAMU,DRESS SHANGHAI KID SKY BLUE PJG XS,0,2,0,0,199000,398000,398000
Sep-2026,MAMU KENDARI,DRESS SHANGHAI KID MAMU,DRESS SHANGHAI KID SKY BLUE PJG XS,0,2,0,0,199000,398000,398000
Okt-2026,MAMU KENDARI,DRESS SHANGHAI KID MAMU,DRESS SHANGHAI KID SKY BLUE PJG XS,0,2,0,0,199000,398000,398000
Apr-2026,MAMU MAKASSAR,DRESS SHANGHAI KID MAMU,DRESS SHANGHAI KID BUTTER PJG 2XL,0,5,0,0,199000,995000,0
Mei-2026,MAMU MAKASSAR,DRESS SHANGHAI KID MAMU,DRESS SHANGHAI KID BUTTER PJG 2XL,0,5,0,0,199000,995000,995000
Jun-2026,MAMU MAKASSAR,DRESS SHANGHAI KID MAMU,DRESS SHANGHAI KID BUTTER PJG 2XL,0,5,0,0,199000,995000,995000
Jul-2026,MAMU MAKASSAR,DRESS SHANGHAI KID MAMU,DRESS SHANGHAI KID BUTTER PJG 2XL,0,5,0,0,199000,995000,995000
Agu-2026,MAMU MAKASSAR,DRESS SHANGHAI KID MAMU,DRESS SHANGHAI KID BUTTER PJG 2XL,122991,4,0,0,199000,796000,995000
Sep-2026,MAMU MAKASSAR,DRESS SHANGHAI KID MAMU,DRESS SHANGHAI KID BUTTER PJG 2XL,0,4,0,0,199000,796000,796000
Okt-2026,MAMU MAKASSAR,DRESS SHANGHAI KID MAMU,DRESS SHANGHAI KID BUTTER PJG 2XL,0,4,0,0,199000,796000,796000
Mar-2026,MAMU MAKASSAR,DRESS SHANGHAI KID MAMU,DRESS SHANGHAI KID BUTTER PJG L,0,4,0,0,199000,796000,0
Apr-2026,MAMU MAKASSAR,DRESS SHANGHAI KID MAMU,DRESS SHANGHAI KID BUTTER PJG L,0,5,1,0,199000,1194000,796000
Mei-2026,MAMU MAKASSAR,DRESS SHANGHAI KID MAMU,DRESS SHANGHAI KID BUTTER PJG L,121688,5,0,0,199000,995000,1194000
Jun-2026,MAMU MAKASSAR,DRESS SHANGHAI KID MAMU,DRESS SHANGHAI KID BUTTER PJG L,0,5,0,0,199000,995000,995000
Jul-2026,MAMU MAKASSAR,DRESS SHANGHAI KID MAMU,DRESS SHANGHAI KID BUTTER PJG L,0,10,0,0,199000,1990000,995000
Agu-2026,MAMU MAKASSAR,DRESS SHANGHAI KID MAMU,DRESS SHANGHAI KID BUTTER PJG L,122290,9,0,0,199000,1791000,1990000
Sep-2026,MAMU MAKASSAR,DRESS SHANGHAI KID MAMU,DRESS SHANGHAI KID BUTTER PJG L,122290,8,0,0,199000,1592000,1791000
Okt-2026,MAMU MAKASSAR,DRESS SHANGHAI KID MAMU,DRESS SHANGHAI KID BUTTER PJG L,0,8,0,0,199000,1592000,1592000
Mar-2026,MAMU MAKASSAR,DRESS SHANGHAI KID MAMU,DRESS SHANGHAI KID BUTTER PJG M,0,8,0,0,199000,1592000,0
Apr-2026,MAMU MAKASSAR,DRESS SHANGHAI KID MAMU,DRESS SHANGHAI KID BUTTER PJG M,0,8,0,0,199000,1592000,1592000
Mei-2026,MAMU MAKASSAR,DRESS SHANGHAI KID MAMU,DRESS SHANGHAI KID BUTTER PJG M,121447,7,0,0,199000,1393000,1592000
Jun-2026,MAMU MAKASSAR,DRESS SHANGHAI KID MAMU,DRESS SHANGHAI KID BUTTER PJG M,0,7,0,0,199000,1393000,1393000
Jul-2026,MAMU MAKASSAR,DRESS SHANGHAI KID MAMU,DRESS SHANGHAI KID BUTTER PJG M,0,12,0,0,199000,2388000,1393000
Agu-2026,MAMU MAKASSAR,DRESS SHANGHAI KID MAMU,DRESS SHANGHAI KID BUTTER PJG M,0,12,0,0,199000,2388000,2388000
Sep-2026,MAMU MAKASSAR,DRESS SHANGHAI KID MAMU,DRESS SHANGHAI KID BUTTER PJG M,0,12,0,0,199000,2388000,2388000
Okt-2026,MAMU MAKASSAR,DRESS SHANGHAI KID MAMU,DRESS SHANGHAI KID BUTTER PJG M,0,12,0,0,199000,2388000,2388000
Mar-2026,MAMU MAKASSAR,DRESS SHANGHAI KID MAMU,DRESS SHANGHAI KID BUTTER PJG S,0,4,0,0,199000,796000,0
Apr-2026,MAMU MAKASSAR,DRESS SHANGHAI KID MAMU,DRESS SHANGHAI KID BUTTER PJG S,0,14,0,0,199000,2786000,796000
Mei-2026,MAMU MAKASSAR,DRESS SHANGHAI KID MAMU,DRESS SHANGHAI KID BUTTER PJG S,242894,12,0,0,199000,2388000,2786000
Jun-2026,MAMU MAKASSAR,DRESS SHANGHAI KID MAMU,DRESS SHANGHAI KID BUTTER PJG S,0,12,0,0,199000,2388000,2388000
Jul-2026,MAMU MAKASSAR,DRESS SHANGHAI KID MAMU,DRESS SHANGHAI KID BUTTER PJG S,0,17,0,0,199000,3383000,2388000
Agu-2026,MAMU MAKASSAR,DRESS SHANGHAI KID MAMU,DRESS SHANGHAI KID BUTTER PJG S,0,17,0,0,199000,3383000,3383000
Sep-2026,MAMU MAKASSAR,DRESS SHANGHAI KID MAMU,DRESS SHANGHAI KID BUTTER PJG S,0,17,0,0,199000,3383000,3383000
Okt-2026,MAMU MAKASSAR,DRESS SHANGHAI KID MAMU,DRESS SHANGHAI KID BUTTER PJG S,0,17,0,0,199000,3383000,3383000
Apr-2026,MAMU MAKASSAR,DRESS SHANGHAI KID MAMU,DRESS SHANGHAI KID BUTTER PJG XL,0,4,0,0,199000,796000,0
Mei-2026,MAMU MAKASSAR,DRESS SHANGHAI KID MAMU,DRESS SHANGHAI KID BUTTER PJG XL,0,4,0,0,199000,796000,796000
Jun-2026,MAMU MAKASSAR,DRESS SHANGHAI KID MAMU,DRESS SHANGHAI KID BUTTER PJG XL,0,4,0,0,199000,796000,796000
Jul-2026,MAMU MAKASSAR,DRESS SHANGHAI KID MAMU,DRESS SHANGHAI KID BUTTER PJG XL,0,4,0,0,199000,796000,796000
Agu-2026,MAMU MAKASSAR,DRESS SHANGHAI KID MAMU,DRESS SHANGHAI KID BUTTER PJG XL,0,4,0,0,199000,796000,796000
Sep-2026,MAMU MAKASSAR,DRESS SHANGHAI KID MAMU,DRESS SHANGHAI KID BUTTER PJG XL,0,4,0,0,199000,796000,796000
Okt-2026,MAMU MAKASSAR,DRESS SHANGHAI KID MAMU,DRESS SHANGHAI KID BUTTER PJG XL,0,4,0,0,199000,796000,796000
Apr-2026,MAMU MAKASSAR,DRESS SHANGHAI KID MAMU,DRESS SHANGHAI KID BUTTER PJG XS,0,10,0,0,199000,1990000,0
Mei-2026,MAMU MAKASSAR,DRESS SHANGHAI KID MAMU,DRESS SHANGHAI KID BUTTER PJG XS,0,10,0,0,199000,1990000,1990000
Jun-2026,MAMU MAKASSAR,DRESS SHANGHAI KID MAMU,DRESS SHANGHAI KID BUTTER PJG XS,0,10,0,0,199000,1990000,1990000
Jul-2026,MAMU MAKASSAR,DRESS SHANGHAI KID MAMU,DRESS SHANGHAI KID BUTTER PJG XS,0,12,0,0,199000,2388000,1990000
Agu-2026,MAMU MAKASSAR,DRESS SHANGHAI KID MAMU,DRESS SHANGHAI KID BUTTER PJG XS,0,12,0,0,199000,2388000,2388000
Sep-2026,MAMU MAKASSAR,DRESS SHANGHAI KID MAMU,DRESS SHANGHAI KID BUTTER PJG XS,121447,11,0,0,199000,2189000,2388000
Okt-2026,MAMU MAKASSAR,DRESS SHANGHAI KID MAMU,DRESS SHANGHAI KID BUTTER PJG XS,0,11,0,0,199000,2189000,2189000
Apr-2026,MAMU MAKASSAR,DRESS SHANGHAI KID MAMU,DRESS SHANGHAI KID LIGHT BROWN PJG 2XL,0,5,0,0,199000,995000,0
Mei-2026,MAMU MAKASSAR,DRESS SHANGHAI KID MAMU,DRESS SHANGHAI KID LIGHT BROWN PJG 2XL,0,5,0,0,199000,995000,995000
Jun-2026,MAMU MAKASSAR,DRESS SHANGHAI KID MAMU,DRESS SHANGHAI KID LIGHT BROWN PJG 2XL,0,5,0,0,199000,995000,995000
Jul-2026,MAMU MAKASSAR,DRESS SHANGHAI KID MAMU,DRESS SHANGHAI KID LIGHT BROWN PJG 2XL,0,5,0,0,199000,995000,995000
Agu-2026,MAMU MAKASSAR,DRESS SHANGHAI KID MAMU,DRESS SHANGHAI KID LIGHT BROWN PJG 2XL,0,5,0,0,199000,995000,995000
Sep-2026,MAMU MAKASSAR,DRESS SHANGHAI KID MAMU,DRESS SHANGHAI KID LIGHT BROWN PJG 2XL,0,5,0,0,199000,995000,995000
Okt-2026,MAMU MAKASSAR,DRESS SHANGHAI KID MAMU,DRESS SHANGHAI KID LIGHT BROWN PJG 2XL,0,5,0,0,199000,995000,995000
Mar-2026,MAMU MAKASSAR,DRESS SHANGHAI KID MAMU,DRESS SHANGHAI KID LIGHT BROWN PJG L,0,8,0,0,199000,1592000,0
Apr-2026,MAMU MAKASSAR,DRESS SHANGHAI KID MAMU,DRESS SHANGHAI KID LIGHT BROWN PJG L,0,8,0,0,199000,1592000,1592000
Mei-2026,MAMU MAKASSAR,DRESS SHANGHAI KID MAMU,DRESS SHANGHAI KID LIGHT BROWN PJG L,0,8,0,0,199000,1592000,1592000
Jun-2026,MAMU MAKASSAR,DRESS SHANGHAI KID MAMU,DRESS SHANGHAI KID LIGHT BROWN PJG L,0,8,0,0,199000,1592000,1592000
Jul-2026,MAMU MAKASSAR,DRESS SHANGHAI KID MAMU,DRESS SHANGHAI KID LIGHT BROWN PJG L,0,13,0,0,199000,2587000,1592000
Agu-2026,MAMU MAKASSAR,DRESS SHANGHAI KID MAMU,DRESS SHANGHAI KID LIGHT BROWN PJG L,0,13,0,0,199000,2587000,2587000
Sep-2026,MAMU MAKASSAR,DRESS SHANGHAI KID MAMU,DRESS SHANGHAI KID LIGHT BROWN PJG L,0,13,0,0,199000,2587000,2587000
Okt-2026,MAMU MAKASSAR,DRESS SHANGHAI KID MAMU,DRESS SHANGHAI KID LIGHT BROWN PJG L,0,13,0,0,199000,2587000,2587000
Apr-2026,MAMU MAKASSAR,DRESS SHANGHAI KID MAMU,DRESS SHANGHAI KID LIGHT BROWN PJG M,0,5,5,0,199000,1990000,0
Mei-2026,MAMU MAKASSAR,DRESS SHANGHAI KID MAMU,DRESS SHANGHAI KID LIGHT BROWN PJG M,0,10,0,0,199000,1990000,1990000
Jun-2026,MAMU MAKASSAR,DRESS SHANGHAI KID MAMU,DRESS SHANGHAI KID LIGHT BROWN PJG M,0,10,0,0,199000,1990000,1990000
Jul-2026,MAMU MAKASSAR,DRESS SHANGHAI KID MAMU,DRESS SHANGHAI KID LIGHT BROWN PJG M,0,15,0,0,199000,2985000,1990000
Agu-2026,MAMU MAKASSAR,DRESS SHANGHAI KID MAMU,DRESS SHANGHAI KID LIGHT BROWN PJG M,0,15,0,0,199000,2985000,2985000
Sep-2026,MAMU MAKASSAR,DRESS SHANGHAI KID MAMU,DRESS SHANGHAI KID LIGHT BROWN PJG M,0,15,0,0,199000,2985000,2985000
Okt-2026,MAMU MAKASSAR,DRESS SHANGHAI KID MAMU,DRESS SHANGHAI KID LIGHT BROWN PJG M,0,15,0,0,199000,2985000,2985000
Apr-2026,MAMU MAKASSAR,DRESS SHANGHAI KID MAMU,DRESS SHANGHAI KID LIGHT BROWN PJG S,0,10,0,0,199000,1990000,0
Mei-2026,MAMU MAKASSAR,DRESS SHANGHAI KID MAMU,DRESS SHANGHAI KID LIGHT BROWN PJG S,0,10,0,0,199000,1990000,1990000
Jun-2026,MAMU MAKASSAR,DRESS SHANGHAI KID MAMU,DRESS SHANGHAI KID LIGHT BROWN PJG S,121447,9,0,0,199000,1791000,1990000
Jul-2026,MAMU MAKASSAR,DRESS SHANGHAI KID MAMU,DRESS SHANGHAI KID LIGHT BROWN PJG S,0,14,0,0,199000,2786000,1791000
Agu-2026,MAMU MAKASSAR,DRESS SHANGHAI KID MAMU,DRESS SHANGHAI KID LIGHT BROWN PJG S,0,14,0,0,199000,2786000,2786000
Sep-2026,MAMU MAKASSAR,DRESS SHANGHAI KID MAMU,DRESS SHANGHAI KID LIGHT BROWN PJG S,121582,13,0,0,199000,2587000,2786000
Okt-2026,MAMU MAKASSAR,DRESS SHANGHAI KID MAMU,DRESS SHANGHAI KID LIGHT BROWN PJG S,0,13,0,0,199000,2587000,2587000
Apr-2026,MAMU MAKASSAR,DRESS SHANGHAI KID MAMU,DRESS SHANGHAI KID LIGHT BROWN PJG XL,0,5,0,0,199000,995000,0
Mei-2026,MAMU MAKASSAR,DRESS SHANGHAI KID MAMU,DRESS SHANGHAI KID LIGHT BROWN PJG XL,0,5,0,0,199000,995000,995000
Jun-2026,MAMU MAKASSAR,DRESS SHANGHAI KID MAMU,DRESS SHANGHAI KID LIGHT BROWN PJG XL,0,5,0,0,199000,995000,995000
Jul-2026,MAMU MAKASSAR,DRESS SHANGHAI KID MAMU,DRESS SHANGHAI KID LIGHT BROWN PJG XL,0,5,0,0,199000,995000,995000
Agu-2026,MAMU MAKASSAR,DRESS SHANGHAI KID MAMU,DRESS SHANGHAI KID LIGHT BROWN PJG XL,0,5,0,0,199000,995000,995000
Sep-2026,MAMU MAKASSAR,DRESS SHANGHAI KID MAMU,DRESS SHANGHAI KID LIGHT BROWN PJG XL,0,5,0,0,199000,995000,995000
Okt-2026,MAMU MAKASSAR,DRESS SHANGHAI KID MAMU,DRESS SHANGHAI KID LIGHT BROWN PJG XL,0,5,0,0,199000,995000,995000
Apr-2026,MAMU MAKASSAR,DRESS SHANGHAI KID MAMU,DRESS SHANGHAI KID LIGHT BROWN PJG XS,0,10,0,0,199000,1990000,0
Mei-2026,MAMU MAKASSAR,DRESS SHANGHAI KID MAMU,DRESS SHANGHAI KID LIGHT BROWN PJG XS,121447,9,0,0,199000,1791000,1990000
Jun-2026,MAMU MAKASSAR,DRESS SHANGHAI KID MAMU,DRESS SHANGHAI KID LIGHT BROWN PJG XS,0,9,0,0,199000,1791000,1791000
Jul-2026,MAMU MAKASSAR,DRESS SHANGHAI KID MAMU,DRESS SHANGHAI KID LIGHT BROWN PJG XS,0,10,0,0,199000,1990000,1791000
Agu-2026,MAMU MAKASSAR,DRESS SHANGHAI KID MAMU,DRESS SHANGHAI KID LIGHT BROWN PJG XS,0,10,0,0,199000,1990000,1990000
Sep-2026,MAMU MAKASSAR,DRESS SHANGHAI KID MAMU,DRESS SHANGHAI KID LIGHT BROWN PJG XS,0,10,0,0,199000,1990000,1990000
Okt-2026,MAMU MAKASSAR,DRESS SHANGHAI KID MAMU,DRESS SHANGHAI KID LIGHT BROWN PJG XS,0,10,0,0,199000,1990000,1990000
Apr-2026,MAMU MAKASSAR,DRESS SHANGHAI KID MAMU,DRESS SHANGHAI KID SAGE GREEN PJG 2XL,0,5,0,0,199000,995000,0
Mei-2026,MAMU MAKASSAR,DRESS SHANGHAI KID MAMU,DRESS SHANGHAI KID SAGE GREEN PJG 2XL,0,5,0,0,199000,995000,995000
Jun-2026,MAMU MAKASSAR,DRESS SHANGHAI KID MAMU,DRESS SHANGHAI KID SAGE GREEN PJG 2XL,0,5,0,0,199000,995000,995000
Jul-2026,MAMU MAKASSAR,DRESS SHANGHAI KID MAMU,DRESS SHANGHAI KID SAGE GREEN PJG 2XL,0,5,0,0,199000,995000,995000
Agu-2026,MAMU MAKASSAR,DRESS SHANGHAI KID MAMU,DRESS SHANGHAI KID SAGE GREEN PJG 2XL,122991,4,0,0,199000,796000,995000
Sep-2026,MAMU MAKASSAR,DRESS SHANGHAI KID MAMU,DRESS SHANGHAI KID SAGE GREEN PJG 2XL,0,4,0,0,199000,796000,796000
Okt-2026,MAMU MAKASSAR,DRESS SHANGHAI KID MAMU,DRESS SHANGHAI KID SAGE GREEN PJG 2XL,0,4,0,0,199000,796000,796000
Mar-2026,MAMU MAKASSAR,DRESS SHANGHAI KID MAMU,DRESS SHANGHAI KID SAGE GREEN PJG L,0,10,0,0,199000,1990000,0
Apr-2026,MAMU MAKASSAR,DRESS SHANGHAI KID MAMU,DRESS SHANGHAI KID SAGE GREEN PJG L,0,10,0,0,199000,1990000,1990000
Mei-2026,MAMU MAKASSAR,DRESS SHANGHAI KID MAMU,DRESS SHANGHAI KID SAGE GREEN PJG L,0,10,0,0,199000,1990000,1990000
Jun-2026,MAMU MAKASSAR,DRESS SHANGHAI KID MAMU,DRESS SHANGHAI KID SAGE GREEN PJG L,121447,9,0,0,199000,1791000,1990000
Jul-2026,MAMU MAKASSAR,DRESS SHANGHAI KID MAMU,DRESS SHANGHAI KID SAGE GREEN PJG L,0,14,0,0,199000,2786000,1791000
Agu-2026,MAMU MAKASSAR,DRESS SHANGHAI KID MAMU,DRESS SHANGHAI KID SAGE GREEN PJG L,0,14,0,0,199000,2786000,2786000
Sep-2026,MAMU MAKASSAR,DRESS SHANGHAI KID MAMU,DRESS SHANGHAI KID SAGE GREEN PJG L,0,14,0,0,199000,2786000,2786000
Okt-2026,MAMU MAKASSAR,DRESS SHANGHAI KID MAMU,DRESS SHANGHAI KID SAGE GREEN PJG L,0,14,0,0,199000,2786000,2786000
Mar-2026,MAMU MAKASSAR,DRESS SHANGHAI KID MAMU,DRESS SHANGHAI KID SAGE GREEN PJG M,0,10,0,0,199000,1990000,0
Apr-2026,MAMU MAKASSAR,DRESS SHANGHAI KID MAMU,DRESS SHANGHAI KID SAGE GREEN PJG M,0,10,0,0,199000,1990000,1990000
Mei-2026,MAMU MAKASSAR,DRESS SHANGHAI KID MAMU,DRESS SHANGHAI KID SAGE GREEN PJG M,242894,8,0,0,199000,1592000,1990000
Jun-2026,MAMU MAKASSAR,DRESS SHANGHAI KID MAMU,DRESS SHANGHAI KID SAGE GREEN PJG M,0,8,0,0,199000,1592000,1592000
Jul-2026,MAMU MAKASSAR,DRESS SHANGHAI KID MAMU,DRESS SHANGHAI KID SAGE GREEN PJG M,0,13,0,0,199000,2587000,1592000
Agu-2026,MAMU MAKASSAR,DRESS SHANGHAI KID MAMU,DRESS SHANGHAI KID SAGE GREEN PJG M,121763,12,0,0,199000,2388000,2587000
Sep-2026,MAMU MAKASSAR,DRESS SHANGHAI KID MAMU,DRESS SHANGHAI KID SAGE GREEN PJG M,0,12,0,0,199000,2388000,2388000
Okt-2026,MAMU MAKASSAR,DRESS SHANGHAI KID MAMU,DRESS SHANGHAI KID SAGE GREEN PJG M,0,12,0,0,199000,2388000,2388000
Apr-2026,MAMU MAKASSAR,DRESS SHANGHAI KID MAMU,DRESS SHANGHAI KID SAGE GREEN PJG S,0,10,0,0,199000,1990000,0
Mei-2026,MAMU MAKASSAR,DRESS SHANGHAI KID MAMU,DRESS SHANGHAI KID SAGE GREEN PJG S,0,10,0,0,199000,1990000,1990000
Jun-2026,MAMU MAKASSAR,DRESS SHANGHAI KID MAMU,DRESS SHANGHAI KID SAGE GREEN PJG S,0,10,0,0,199000,1990000,1990000
Jul-2026,MAMU MAKASSAR,DRESS SHANGHAI KID MAMU,DRESS SHANGHAI KID SAGE GREEN PJG S,0,13,0,0,199000,2587000,1990000
Agu-2026,MAMU MAKASSAR,DRESS SHANGHAI KID MAMU,DRESS SHANGHAI KID SAGE GREEN PJG S,0,13,0,0,199000,2587000,2587000
Sep-2026,MAMU MAKASSAR,DRESS SHANGHAI KID MAMU,DRESS SHANGHAI KID SAGE GREEN PJG S,0,13,0,0,199000,2587000,2587000
Okt-2026,MAMU MAKASSAR,DRESS SHANGHAI KID MAMU,DRESS SHANGHAI KID SAGE GREEN PJG S,0,13,0,0,199000,2587000,2587000
Apr-2026,MAMU MAKASSAR,DRESS SHANGHAI KID MAMU,DRESS SHANGHAI KID SAGE GREEN PJG XL,0,5,0,0,199000,995000,0
Mei-2026,MAMU MAKASSAR,DRESS SHANGHAI KID MAMU,DRESS SHANGHAI KID SAGE GREEN PJG XL,0,5,0,0,199000,995000,995000
Jun-2026,MAMU MAKASSAR,DRESS SHANGHAI KID MAMU,DRESS SHANGHAI KID SAGE GREEN PJG XL,0,5,0,0,199000,995000,995000
Jul-2026,MAMU MAKASSAR,DRESS SHANGHAI KID MAMU,DRESS SHANGHAI KID SAGE GREEN PJG XL,0,5,0,0,199000,995000,995000
Agu-2026,MAMU MAKASSAR,DRESS SHANGHAI KID MAMU,DRESS SHANGHAI KID SAGE GREEN PJG XL,0,5,0,0,199000,995000,995000
Sep-2026,MAMU MAKASSAR,DRESS SHANGHAI KID MAMU,DRESS SHANGHAI KID SAGE GREEN PJG XL,0,5,0,0,199000,995000,995000
Okt-2026,MAMU MAKASSAR,DRESS SHANGHAI KID MAMU,DRESS SHANGHAI KID SAGE GREEN PJG XL,0,5,0,0,199000,995000,995000
Apr-2026,MAMU MAKASSAR,DRESS SHANGHAI KID MAMU,DRESS SHANGHAI KID SAGE GREEN PJG XS,0,10,0,0,199000,1990000,0
Mei-2026,MAMU MAKASSAR,DRESS SHANGHAI KID MAMU,DRESS SHANGHAI KID SAGE GREEN PJG XS,0,10,0,0,199000,1990000,1990000
Jun-2026,MAMU MAKASSAR,DRESS SHANGHAI KID MAMU,DRESS SHANGHAI KID SAGE GREEN PJG XS,0,10,0,0,199000,1990000,1990000
Jul-2026,MAMU MAKASSAR,DRESS SHANGHAI KID MAMU,DRESS SHANGHAI KID SAGE GREEN PJG XS,0,10,0,0,199000,1990000,1990000
Agu-2026,MAMU MAKASSAR,DRESS SHANGHAI KID MAMU,DRESS SHANGHAI KID SAGE GREEN PJG XS,0,10,0,0,199000,1990000,1990000
Sep-2026,MAMU MAKASSAR,DRESS SHANGHAI KID MAMU,DRESS SHANGHAI KID SAGE GREEN PJG XS,0,10,0,0,199000,1990000,1990000
Okt-2026,MAMU MAKASSAR,DRESS SHANGHAI KID MAMU,DRESS SHANGHAI KID SAGE GREEN PJG XS,0,10,0,0,199000,1990000,1990000
Apr-2026,MAMU MAKASSAR,DRESS SHANGHAI KID MAMU,DRESS SHANGHAI KID SKY BLUE PJG 2XL,0,7,0,0,199000,1393000,0
Mei-2026,MAMU MAKASSAR,DRESS SHANGHAI KID MAMU,DRESS SHANGHAI KID SKY BLUE PJG 2XL,0,7,0,0,199000,1393000,1393000
Jun-2026,MAMU MAKASSAR,DRESS SHANGHAI KID MAMU,DRESS SHANGHAI KID SKY BLUE PJG 2XL,122991,6,0,0,199000,1194000,1393000
Jul-2026,MAMU MAKASSAR,DRESS SHANGHAI KID MAMU,DRESS SHANGHAI KID SKY BLUE PJG 2XL,0,6,0,0,199000,1194000,1194000
Agu-2026,MAMU MAKASSAR,DRESS SHANGHAI KID MAMU,DRESS SHANGHAI KID SKY BLUE PJG 2XL,122991,4,0,0,199000,796000,1194000
Sep-2026,MAMU MAKASSAR,DRESS SHANGHAI KID MAMU,DRESS SHANGHAI KID SKY BLUE PJG 2XL,0,4,0,0,199000,796000,796000
Okt-2026,MAMU MAKASSAR,DRESS SHANGHAI KID MAMU,DRESS SHANGHAI KID SKY BLUE PJG 2XL,0,4,0,0,199000,796000,796000
Mar-2026,MAMU MAKASSAR,DRESS SHANGHAI KID MAMU,DRESS SHANGHAI KID SKY BLUE PJG L,0,5,0,0,199000,995000,0
Apr-2026,MAMU MAKASSAR,DRESS SHANGHAI KID MAMU,DRESS SHANGHAI KID SKY BLUE PJG L,0,15,0,0,199000,2985000,995000
Mei-2026,MAMU MAKASSAR,DRESS SHANGHAI KID MAMU,DRESS SHANGHAI KID SKY BLUE PJG L,121447,14,0,0,199000,2786000,2985000
Jun-2026,MAMU MAKASSAR,DRESS SHANGHAI KID MAMU,DRESS SHANGHAI KID SKY BLUE PJG L,0,14,0,0,199000,2786000,2786000
Jul-2026,MAMU MAKASSAR,DRESS SHANGHAI KID MAMU,DRESS SHANGHAI KID SKY BLUE PJG L,242894,12,0,0,199000,2388000,2786000
Agu-2026,MAMU MAKASSAR,DRESS SHANGHAI KID MAMU,DRESS SHANGHAI KID SKY BLUE PJG L,0,12,0,0,199000,2388000,2388000
Sep-2026,MAMU MAKASSAR,DRESS SHANGHAI KID MAMU,DRESS SHANGHAI KID SKY BLUE PJG L,121447,12,0,0,199000,2388000,2388000
Okt-2026,MAMU MAKASSAR,DRESS SHANGHAI KID MAMU,DRESS SHANGHAI KID SKY BLUE PJG L,0,11,0,0,199000,2189000,2388000
Mar-2026,MAMU MAKASSAR,DRESS SHANGHAI KID MAMU,DRESS SHANGHAI KID SKY BLUE PJG M,0,5,0,0,199000,995000,0
Apr-2026,MAMU MAKASSAR,DRESS SHANGHAI KID MAMU,DRESS SHANGHAI KID SKY BLUE PJG M,0,15,0,0,199000,2985000,995000
Mei-2026,MAMU MAKASSAR,DRESS SHANGHAI KID MAMU,DRESS SHANGHAI KID SKY BLUE PJG M,0,15,0,0,199000,2985000,2985000
Jun-2026,MAMU MAKASSAR,DRESS SHANGHAI KID MAMU,DRESS SHANGHAI KID SKY BLUE PJG M,0,15,0,0,199000,2985000,2985000
Jul-2026,MAMU MAKASSAR,DRESS SHANGHAI KID MAMU,DRESS SHANGHAI KID SKY BLUE PJG M,0,15,0,0,199000,2985000,2985000
Agu-2026,MAMU MAKASSAR,DRESS SHANGHAI KID MAMU,DRESS SHANGHAI KID SKY BLUE PJG M,121447,14,0,0,199000,2786000,2985000
Sep-2026,MAMU MAKASSAR,DRESS SHANGHAI KID MAMU,DRESS SHANGHAI KID SKY BLUE PJG M,0,14,0,0,199000,2786000,2786000
Okt-2026,MAMU MAKASSAR,DRESS SHANGHAI KID MAMU,DRESS SHANGHAI KID SKY BLUE PJG M,0,14,0,0,199000,2786000,2786000
Mar-2026,MAMU MAKASSAR,DRESS SHANGHAI KID MAMU,DRESS SHANGHAI KID SKY BLUE PJG S,0,10,0,0,199000,1990000,0
Apr-2026,MAMU MAKASSAR,DRESS SHANGHAI KID MAMU,DRESS SHANGHAI KID SKY BLUE PJG S,0,10,0,0,199000,1990000,1990000
Mei-2026,MAMU MAKASSAR,DRESS SHANGHAI KID MAMU,DRESS SHANGHAI KID SKY BLUE PJG S,0,10,0,0,199000,1990000,1990000
Jun-2026,MAMU MAKASSAR,DRESS SHANGHAI KID MAMU,DRESS SHANGHAI KID SKY BLUE PJG S,0,10,0,0,199000,1990000,1990000
Jul-2026,MAMU MAKASSAR,DRESS SHANGHAI KID MAMU,DRESS SHANGHAI KID SKY BLUE PJG S,0,10,0,0,199000,1990000,1990000
Agu-2026,MAMU MAKASSAR,DRESS SHANGHAI KID MAMU,DRESS SHANGHAI KID SKY BLUE PJG S,0,10,0,0,199000,1990000,1990000
Sep-2026,MAMU MAKASSAR,DRESS SHANGHAI KID MAMU,DRESS SHANGHAI KID SKY BLUE PJG S,0,10,0,0,199000,1990000,1990000
Okt-2026,MAMU MAKASSAR,DRESS SHANGHAI KID MAMU,DRESS SHANGHAI KID SKY BLUE PJG S,0,10,0,0,199000,1990000,1990000
Apr-2026,MAMU MAKASSAR,DRESS SHANGHAI KID MAMU,DRESS SHANGHAI KID SKY BLUE PJG XL,0,8,0,0,199000,1592000,0
Mei-2026,MAMU MAKASSAR,DRESS SHANGHAI KID MAMU,DRESS SHANGHAI KID SKY BLUE PJG XL,0,8,0,0,199000,1592000,1592000
Jun-2026,MAMU MAKASSAR,DRESS SHANGHAI KID MAMU,DRESS SHANGHAI KID SKY BLUE PJG XL,0,8,0,0,199000,1592000,1592000
Jul-2026,MAMU MAKASSAR,DRESS SHANGHAI KID MAMU,DRESS SHANGHAI KID SKY BLUE PJG XL,0,8,0,0,199000,1592000,1592000
Agu-2026,MAMU MAKASSAR,DRESS SHANGHAI KID MAMU,DRESS SHANGHAI KID SKY BLUE PJG XL,122991,7,0,0,199000,1393000,1592000
Sep-2026,MAMU MAKASSAR,DRESS SHANGHAI KID MAMU,DRESS SHANGHAI KID SKY BLUE PJG XL,0,7,0,0,199000,1393000,1393000
Okt-2026,MAMU MAKASSAR,DRESS SHANGHAI KID MAMU,DRESS SHANGHAI KID SKY BLUE PJG XL,0,7,0,0,199000,1393000,1393000
Mar-2026,MAMU MAKASSAR,DRESS SHANGHAI KID MAMU,DRESS SHANGHAI KID SKY BLUE PJG XS,0,10,0,0,199000,1990000,0
Apr-2026,MAMU MAKASSAR,DRESS SHANGHAI KID MAMU,DRESS SHANGHAI KID SKY BLUE PJG XS,0,10,0,0,199000,1990000,1990000
Mei-2026,MAMU MAKASSAR,DRESS SHANGHAI KID MAMU,DRESS SHANGHAI KID SKY BLUE PJG XS,121447,9,0,0,199000,1791000,1990000
Jun-2026,MAMU MAKASSAR,DRESS SHANGHAI KID MAMU,DRESS SHANGHAI KID SKY BLUE PJG XS,0,9,0,0,199000,1791000,1791000
Jul-2026,MAMU MAKASSAR,DRESS SHANGHAI KID MAMU,DRESS SHANGHAI KID SKY BLUE PJG XS,0,9,0,0,199000,1791000,1791000
Agu-2026,MAMU MAKASSAR,DRESS SHANGHAI KID MAMU,DRESS SHANGHAI KID SKY BLUE PJG XS,0,9,0,0,199000,1791000,1791000
Sep-2026,MAMU MAKASSAR,DRESS SHANGHAI KID MAMU,DRESS SHANGHAI KID SKY BLUE PJG XS,0,9,0,0,199000,1791000,1791000
Okt-2026,MAMU MAKASSAR,DRESS SHANGHAI KID MAMU,DRESS SHANGHAI KID SKY BLUE PJG XS,0,9,0,0,199000,1791000,1791000
Apr-2026,MAMU PALOPO,DRESS SHANGHAI KID MAMU,DRESS SHANGHAI KID BUTTER PJG L,0,2,0,0,199000,398000,0
Mei-2026,MAMU PALOPO,DRESS SHANGHAI KID MAMU,DRESS SHANGHAI KID BUTTER PJG L,0,2,0,0,199000,398000,398000
Jun-2026,MAMU PALOPO,DRESS SHANGHAI KID MAMU,DRESS SHANGHAI KID BUTTER PJG L,0,2,0,0,199000,398000,398000
Jul-2026,MAMU PALOPO,DRESS SHANGHAI KID MAMU,DRESS SHANGHAI KID BUTTER PJG L,0,2,0,0,199000,398000,398000
Agu-2026,MAMU PALOPO,DRESS SHANGHAI KID MAMU,DRESS SHANGHAI KID BUTTER PJG L,0,2,0,0,199000,398000,398000
Sep-2026,MAMU PALOPO,DRESS SHANGHAI KID MAMU,DRESS SHANGHAI KID BUTTER PJG L,0,2,0,0,199000,398000,398000
Okt-2026,MAMU PALOPO,DRESS SHANGHAI KID MAMU,DRESS SHANGHAI KID BUTTER PJG L,0,2,0,0,199000,398000,398000
Apr-2026,MAMU PALOPO,DRESS SHANGHAI KID MAMU,DRESS SHANGHAI KID BUTTER PJG M,0,2,0,0,199000,398000,0
Mei-2026,MAMU PALOPO,DRESS SHANGHAI KID MAMU,DRESS SHANGHAI KID BUTTER PJG M,0,2,0,0,199000,398000,398000
Jun-2026,MAMU PALOPO,DRESS SHANGHAI KID MAMU,DRESS SHANGHAI KID BUTTER PJG M,0,2,0,0,199000,398000,398000
Jul-2026,MAMU PALOPO,DRESS SHANGHAI KID MAMU,DRESS SHANGHAI KID BUTTER PJG M,0,2,0,0,199000,398000,398000
Agu-2026,MAMU PALOPO,DRESS SHANGHAI KID MAMU,DRESS SHANGHAI KID BUTTER PJG M,0,2,0,0,199000,398000,398000
Sep-2026,MAMU PALOPO,DRESS SHANGHAI KID MAMU,DRESS SHANGHAI KID BUTTER PJG M,0,2,0,0,199000,398000,398000
Okt-2026,MAMU PALOPO,DRESS SHANGHAI KID MAMU,DRESS SHANGHAI KID BUTTER PJG M,0,2,0,0,199000,398000,398000
Apr-2026,MAMU PALOPO,DRESS SHANGHAI KID MAMU,DRESS SHANGHAI KID BUTTER PJG S,0,2,0,0,199000,398000,0
Mei-2026,MAMU PALOPO,DRESS SHANGHAI KID MAMU,DRESS SHANGHAI KID BUTTER PJG S,0,2,0,0,199000,398000,398000
Jun-2026,MAMU PALOPO,DRESS SHANGHAI KID MAMU,DRESS SHANGHAI KID BUTTER PJG S,0,2,0,0,199000,398000,398000
Jul-2026,MAMU PALOPO,DRESS SHANGHAI KID MAMU,DRESS SHANGHAI KID BUTTER PJG S,0,2,0,0,199000,398000,398000
Agu-2026,MAMU PALOPO,DRESS SHANGHAI KID MAMU,DRESS SHANGHAI KID BUTTER PJG S,0,2,0,0,199000,398000,398000
Sep-2026,MAMU PALOPO,DRESS SHANGHAI KID MAMU,DRESS SHANGHAI KID BUTTER PJG S,0,2,0,0,199000,398000,398000
Okt-2026,MAMU PALOPO,DRESS SHANGHAI KID MAMU,DRESS SHANGHAI KID BUTTER PJG S,0,2,0,0,199000,398000,398000
Apr-2026,MAMU PALOPO,DRESS SHANGHAI KID MAMU,DRESS SHANGHAI KID BUTTER PJG XS,0,2,0,0,199000,398000,0
Mei-2026,MAMU PALOPO,DRESS SHANGHAI KID MAMU,DRESS SHANGHAI KID BUTTER PJG XS,0,2,0,0,199000,398000,398000
Jun-2026,MAMU PALOPO,DRESS SHANGHAI KID MAMU,DRESS SHANGHAI KID BUTTER PJG XS,0,2,0,0,199000,398000,398000
Jul-2026,MAMU PALOPO,DRESS SHANGHAI KID MAMU,DRESS SHANGHAI KID BUTTER PJG XS,0,0,0,0,199000,0,398000
Apr-2026,MAMU PALOPO,DRESS SHANGHAI KID MAMU,DRESS SHANGHAI KID LIGHT BROWN PJG L,0,2,0,0,199000,398000,0
Mei-2026,MAMU PALOPO,DRESS SHANGHAI KID MAMU,DRESS SHANGHAI KID LIGHT BROWN PJG L,0,2,0,0,199000,398000,398000
Jun-2026,MAMU PALOPO,DRESS SHANGHAI KID MAMU,DRESS SHANGHAI KID LIGHT BROWN PJG L,0,2,0,0,199000,398000,398000
Jul-2026,MAMU PALOPO,DRESS SHANGHAI KID MAMU,DRESS SHANGHAI KID LIGHT BROWN PJG L,0,0,0,0,199000,0,398000
Apr-2026,MAMU PALOPO,DRESS SHANGHAI KID MAMU,DRESS SHANGHAI KID LIGHT BROWN PJG M,0,2,0,0,199000,398000,0
Mei-2026,MAMU PALOPO,DRESS SHANGHAI KID MAMU,DRESS SHANGHAI KID LIGHT BROWN PJG M,0,2,0,0,199000,398000,398000
Jun-2026,MAMU PALOPO,DRESS SHANGHAI KID MAMU,DRESS SHANGHAI KID LIGHT BROWN PJG M,0,2,0,0,199000,398000,398000
Jul-2026,MAMU PALOPO,DRESS SHANGHAI KID MAMU,DRESS SHANGHAI KID LIGHT BROWN PJG M,122871,1,0,0,199000,199000,398000
Agu-2026,MAMU PALOPO,DRESS SHANGHAI KID MAMU,DRESS SHANGHAI KID LIGHT BROWN PJG M,0,1,0,0,199000,199000,199000
Sep-2026,MAMU PALOPO,DRESS SHANGHAI KID MAMU,DRESS SHANGHAI KID LIGHT BROWN PJG M,0,1,0,0,199000,199000,199000
Okt-2026,MAMU PALOPO,DRESS SHANGHAI KID MAMU,DRESS SHANGHAI KID LIGHT BROWN PJG M,0,1,0,0,199000,199000,199000
Apr-2026,MAMU PALOPO,DRESS SHANGHAI KID MAMU,DRESS SHANGHAI KID LIGHT BROWN PJG S,0,2,0,0,199000,398000,0
Mei-2026,MAMU PALOPO,DRESS SHANGHAI KID MAMU,DRESS SHANGHAI KID LIGHT BROWN PJG S,0,2,0,0,199000,398000,398000
Jun-2026,MAMU PALOPO,DRESS SHANGHAI KID MAMU,DRESS SHANGHAI KID LIGHT BROWN PJG S,0,2,0,0,199000,398000,398000
Jul-2026,MAMU PALOPO,DRESS SHANGHAI KID MAMU,DRESS SHANGHAI KID LIGHT BROWN PJG S,0,2,0,0,199000,398000,398000
Agu-2026,MAMU PALOPO,DRESS SHANGHAI KID MAMU,DRESS SHANGHAI KID LIGHT BROWN PJG S,0,2,0,0,199000,398000,398000
Sep-2026,MAMU PALOPO,DRESS SHANGHAI KID MAMU,DRESS SHANGHAI KID LIGHT BROWN PJG S,0,2,0,0,199000,398000,398000
Okt-2026,MAMU PALOPO,DRESS SHANGHAI KID MAMU,DRESS SHANGHAI KID LIGHT BROWN PJG S,0,2,0,0,199000,398000,398000
Apr-2026,MAMU PALOPO,DRESS SHANGHAI KID MAMU,DRESS SHANGHAI KID LIGHT BROWN PJG XS,0,2,0,0,199000,398000,0
Mei-2026,MAMU PALOPO,DRESS SHANGHAI KID MAMU,DRESS SHANGHAI KID LIGHT BROWN PJG XS,0,2,0,0,199000,398000,398000
Jun-2026,MAMU PALOPO,DRESS SHANGHAI KID MAMU,DRESS SHANGHAI KID LIGHT BROWN PJG XS,0,2,0,0,199000,398000,398000
Jul-2026,MAMU PALOPO,DRESS SHANGHAI KID MAMU,DRESS SHANGHAI KID LIGHT BROWN PJG XS,0,2,0,0,199000,398000,398000
Agu-2026,MAMU PALOPO,DRESS SHANGHAI KID MAMU,DRESS SHANGHAI KID LIGHT BROWN PJG XS,0,2,0,0,199000,398000,398000
Sep-2026,MAMU PALOPO,DRESS SHANGHAI KID MAMU,DRESS SHANGHAI KID LIGHT BROWN PJG XS,0,2,0,0,199000,398000,398000
Okt-2026,MAMU PALOPO,DRESS SHANGHAI KID MAMU,DRESS SHANGHAI KID LIGHT BROWN PJG XS,0,2,0,0,199000,398000,398000
Apr-2026,MAMU PALOPO,DRESS SHANGHAI KID MAMU,DRESS SHANGHAI KID SAGE GREEN PJG L,0,2,0,0,199000,398000,0
Mei-2026,MAMU PALOPO,DRESS SHANGHAI KID MAMU,DRESS SHANGHAI KID SAGE GREEN PJG L,0,2,0,0,199000,398000,398000
Jun-2026,MAMU PALOPO,DRESS SHANGHAI KID MAMU,DRESS SHANGHAI KID SAGE GREEN PJG L,0,2,0,0,199000,398000,398000
Jul-2026,MAMU PALOPO,DRESS SHANGHAI KID MAMU,DRESS SHANGHAI KID SAGE GREEN PJG L,0,2,0,0,199000,398000,398000
Agu-2026,MAMU PALOPO,DRESS SHANGHAI KID MAMU,DRESS SHANGHAI KID SAGE GREEN PJG L,0,2,0,0,199000,398000,398000
Sep-2026,MAMU PALOPO,DRESS SHANGHAI KID MAMU,DRESS SHANGHAI KID SAGE GREEN PJG L,0,2,0,0,199000,398000,398000
Okt-2026,MAMU PALOPO,DRESS SHANGHAI KID MAMU,DRESS SHANGHAI KID SAGE GREEN PJG L,0,2,0,0,199000,398000,398000
Apr-2026,MAMU PALOPO,DRESS SHANGHAI KID MAMU,DRESS SHANGHAI KID SAGE GREEN PJG M,0,2,0,0,199000,398000,0
Mei-2026,MAMU PALOPO,DRESS SHANGHAI KID MAMU,DRESS SHANGHAI KID SAGE GREEN PJG M,0,2,0,0,199000,398000,398000
Jun-2026,MAMU PALOPO,DRESS SHANGHAI KID MAMU,DRESS SHANGHAI KID SAGE GREEN PJG M,0,2,0,0,199000,398000,398000
Jul-2026,MAMU PALOPO,DRESS SHANGHAI KID MAMU,DRESS SHANGHAI KID SAGE GREEN PJG M,0,2,0,0,199000,398000,398000
Agu-2026,MAMU PALOPO,DRESS SHANGHAI KID MAMU,DRESS SHANGHAI KID SAGE GREEN PJG M,0,2,0,0,199000,398000,398000
Sep-2026,MAMU PALOPO,DRESS SHANGHAI KID MAMU,DRESS SHANGHAI KID SAGE GREEN PJG M,0,2,0,0,199000,398000,398000
Okt-2026,MAMU PALOPO,DRESS SHANGHAI KID MAMU,DRESS SHANGHAI KID SAGE GREEN PJG M,0,2,0,0,199000,398000,398000
Apr-2026,MAMU PALOPO,DRESS SHANGHAI KID MAMU,DRESS SHANGHAI KID SAGE GREEN PJG S,0,2,0,0,199000,398000,0
Mei-2026,MAMU PALOPO,DRESS SHANGHAI KID MAMU,DRESS SHANGHAI KID SAGE GREEN PJG S,0,2,0,0,199000,398000,398000
Jun-2026,MAMU PALOPO,DRESS SHANGHAI KID MAMU,DRESS SHANGHAI KID SAGE GREEN PJG S,0,2,0,0,199000,398000,398000
Jul-2026,MAMU PALOPO,DRESS SHANGHAI KID MAMU,DRESS SHANGHAI KID SAGE GREEN PJG S,0,2,0,0,199000,398000,398000
Agu-2026,MAMU PALOPO,DRESS SHANGHAI KID MAMU,DRESS SHANGHAI KID SAGE GREEN PJG S,0,2,0,0,199000,398000,398000
Sep-2026,MAMU PALOPO,DRESS SHANGHAI KID MAMU,DRESS SHANGHAI KID SAGE GREEN PJG S,0,2,0,0,199000,398000,398000
Okt-2026,MAMU PALOPO,DRESS SHANGHAI KID MAMU,DRESS SHANGHAI KID SAGE GREEN PJG S,0,2,0,0,199000,398000,398000
Apr-2026,MAMU PALOPO,DRESS SHANGHAI KID MAMU,DRESS SHANGHAI KID SAGE GREEN PJG XS,0,2,0,0,199000,398000,0
Mei-2026,MAMU PALOPO,DRESS SHANGHAI KID MAMU,DRESS SHANGHAI KID SAGE GREEN PJG XS,0,2,0,0,199000,398000,398000
Jun-2026,MAMU PALOPO,DRESS SHANGHAI KID MAMU,DRESS SHANGHAI KID SAGE GREEN PJG XS,0,2,0,0,199000,398000,398000
Jul-2026,MAMU PALOPO,DRESS SHANGHAI KID MAMU,DRESS SHANGHAI KID SAGE GREEN PJG XS,0,2,0,0,199000,398000,398000
Agu-2026,MAMU PALOPO,DRESS SHANGHAI KID MAMU,DRESS SHANGHAI KID SAGE GREEN PJG XS,0,2,0,0,199000,398000,398000
Sep-2026,MAMU PALOPO,DRESS SHANGHAI KID MAMU,DRESS SHANGHAI KID SAGE GREEN PJG XS,0,2,0,0,199000,398000,398000
Okt-2026,MAMU PALOPO,DRESS SHANGHAI KID MAMU,DRESS SHANGHAI KID SAGE GREEN PJG XS,0,2,0,0,199000,398000,398000
Apr-2026,MAMU PALOPO,DRESS SHANGHAI KID MAMU,DRESS SHANGHAI KID SKY BLUE PJG L,0,2,0,0,199000,398000,0
Mei-2026,MAMU PALOPO,DRESS SHANGHAI KID MAMU,DRESS SHANGHAI KID SKY BLUE PJG L,0,2,0,0,199000,398000,398000
Jun-2026,MAMU PALOPO,DRESS SHANGHAI KID MAMU,DRESS SHANGHAI KID SKY BLUE PJG L,0,2,0,0,199000,398000,398000
Jul-2026,MAMU PALOPO,DRESS SHANGHAI KID MAMU,DRESS SHANGHAI KID SKY BLUE PJG L,0,2,0,0,199000,398000,398000
Agu-2026,MAMU PALOPO,DRESS SHANGHAI KID MAMU,DRESS SHANGHAI KID SKY BLUE PJG L,0,2,0,0,199000,398000,398000
Sep-2026,MAMU PALOPO,DRESS SHANGHAI KID MAMU,DRESS SHANGHAI KID SKY BLUE PJG L,0,2,0,0,199000,398000,398000
Okt-2026,MAMU PALOPO,DRESS SHANGHAI KID MAMU,DRESS SHANGHAI KID SKY BLUE PJG L,0,2,0,0,199000,398000,398000
Apr-2026,MAMU PALOPO,DRESS SHANGHAI KID MAMU,DRESS SHANGHAI KID SKY BLUE PJG M,0,2,0,0,199000,398000,0
Mei-2026,MAMU PALOPO,DRESS SHANGHAI KID MAMU,DRESS SHANGHAI KID SKY BLUE PJG M,0,2,0,0,199000,398000,398000
Jun-2026,MAMU PALOPO,DRESS SHANGHAI KID MAMU,DRESS SHANGHAI KID SKY BLUE PJG M,0,2,0,0,199000,398000,398000
Jul-2026,MAMU PALOPO,DRESS SHANGHAI KID MAMU,DRESS SHANGHAI KID SKY BLUE PJG M,0,2,0,0,199000,398000,398000
Agu-2026,MAMU PALOPO,DRESS SHANGHAI KID MAMU,DRESS SHANGHAI KID SKY BLUE PJG M,0,2,0,0,199000,398000,398000
Sep-2026,MAMU PALOPO,DRESS SHANGHAI KID MAMU,DRESS SHANGHAI KID SKY BLUE PJG M,0,2,0,0,199000,398000,398000
Okt-2026,MAMU PALOPO,DRESS SHANGHAI KID MAMU,DRESS SHANGHAI KID SKY BLUE PJG M,0,2,0,0,199000,398000,398000
Apr-2026,MAMU PALOPO,DRESS SHANGHAI KID MAMU,DRESS SHANGHAI KID SKY BLUE PJG S,0,2,0,0,199000,398000,0
Mei-2026,MAMU PALOPO,DRESS SHANGHAI KID MAMU,DRESS SHANGHAI KID SKY BLUE PJG S,0,2,0,0,199000,398000,398000
Jun-2026,MAMU PALOPO,DRESS SHANGHAI KID MAMU,DRESS SHANGHAI KID SKY BLUE PJG S,0,2,0,0,199000,398000,398000
Jul-2026,MAMU PALOPO,DRESS SHANGHAI KID MAMU,DRESS SHANGHAI KID SKY BLUE PJG S,0,2,0,0,199000,398000,398000
Agu-2026,MAMU PALOPO,DRESS SHANGHAI KID MAMU,DRESS SHANGHAI KID SKY BLUE PJG S,0,2,0,0,199000,398000,398000
Sep-2026,MAMU PALOPO,DRESS SHANGHAI KID MAMU,DRESS SHANGHAI KID SKY BLUE PJG S,0,2,0,0,199000,398000,398000
Okt-2026,MAMU PALOPO,DRESS SHANGHAI KID MAMU,DRESS SHANGHAI KID SKY BLUE PJG S,0,2,0,0,199000,398000,398000
Apr-2026,MAMU PALOPO,DRESS SHANGHAI KID MAMU,DRESS SHANGHAI KID SKY BLUE PJG XL,0,1,0,0,199000,199000,0
Mei-2026,MAMU PALOPO,DRESS SHANGHAI KID MAMU,DRESS SHANGHAI KID SKY BLUE PJG XL,0,1,0,0,199000,199000,199000
Jun-2026,MAMU PALOPO,DRESS SHANGHAI KID MAMU,DRESS SHANGHAI KID SKY BLUE PJG XL,0,1,0,0,199000,199000,199000
Jul-2026,MAMU PALOPO,DRESS SHANGHAI KID MAMU,DRESS SHANGHAI KID SKY BLUE PJG XL,0,0,0,0,199000,0,199000
Apr-2026,MAMU PALOPO,DRESS SHANGHAI KID MAMU,DRESS SHANGHAI KID SKY BLUE PJG XS,0,2,0,0,199000,398000,0
Mei-2026,MAMU PALOPO,DRESS SHANGHAI KID MAMU,DRESS SHANGHAI KID SKY BLUE PJG XS,0,2,0,0,199000,398000,398000
Jun-2026,MAMU PALOPO,DRESS SHANGHAI KID MAMU,DRESS SHANGHAI KID SKY BLUE PJG XS,0,2,0,0,199000,398000,398000
Jul-2026,MAMU PALOPO,DRESS SHANGHAI KID MAMU,DRESS SHANGHAI KID SKY BLUE PJG XS,0,2,0,0,199000,398000,398000
Agu-2026,MAMU PALOPO,DRESS SHANGHAI KID MAMU,DRESS SHANGHAI KID SKY BLUE PJG XS,0,2,0,0,199000,398000,398000
Sep-2026,MAMU PALOPO,DRESS SHANGHAI KID MAMU,DRESS SHANGHAI KID SKY BLUE PJG XS,0,2,0,0,199000,398000,398000
Okt-2026,MAMU PALOPO,DRESS SHANGHAI KID MAMU,DRESS SHANGHAI KID SKY BLUE PJG XS,0,2,0,0,199000,398000,398000
Apr-2026,MAMU TSM,DRESS SHANGHAI KID MAMU,DRESS SHANGHAI KID BUTTER PJG L,0,10,0,0,199000,1990000,0
Mei-2026,MAMU TSM,DRESS SHANGHAI KID MAMU,DRESS SHANGHAI KID BUTTER PJG L,0,10,0,0,199000,1990000,1990000
Jun-2026,MAMU TSM,DRESS SHANGHAI KID MAMU,DRESS SHANGHAI KID BUTTER PJG L,0,0,0,0,199000,0,1990000
Apr-2026,MAMU TSM,DRESS SHANGHAI KID MAMU,DRESS SHANGHAI KID BUTTER PJG M,0,10,0,0,199000,1990000,0
Mei-2026,MAMU TSM,DRESS SHANGHAI KID MAMU,DRESS SHANGHAI KID BUTTER PJG M,0,10,0,0,199000,1990000,1990000
Jun-2026,MAMU TSM,DRESS SHANGHAI KID MAMU,DRESS SHANGHAI KID BUTTER PJG M,0,0,0,0,199000,0,1990000
Apr-2026,MAMU TSM,DRESS SHANGHAI KID MAMU,DRESS SHANGHAI KID BUTTER PJG S,0,10,0,0,199000,1990000,0
Mei-2026,MAMU TSM,DRESS SHANGHAI KID MAMU,DRESS SHANGHAI KID BUTTER PJG S,0,10,0,0,199000,1990000,1990000
Jun-2026,MAMU TSM,DRESS SHANGHAI KID MAMU,DRESS SHANGHAI KID BUTTER PJG S,0,0,0,0,199000,0,1990000
Apr-2026,MAMU TSM,DRESS SHANGHAI KID MAMU,DRESS SHANGHAI KID BUTTER PJG XS,0,2,0,0,199000,398000,0
Mei-2026,MAMU TSM,DRESS SHANGHAI KID MAMU,DRESS SHANGHAI KID BUTTER PJG XS,0,2,0,0,199000,398000,398000
Jun-2026,MAMU TSM,DRESS SHANGHAI KID MAMU,DRESS SHANGHAI KID BUTTER PJG XS,0,0,0,0,199000,0,398000
Apr-2026,MAMU TSM,DRESS SHANGHAI KID MAMU,DRESS SHANGHAI KID LIGHT BROWN PJG L,0,10,0,0,199000,1990000,0
Mei-2026,MAMU TSM,DRESS SHANGHAI KID MAMU,DRESS SHANGHAI KID LIGHT BROWN PJG L,0,10,0,0,199000,1990000,1990000
Jun-2026,MAMU TSM,DRESS SHANGHAI KID MAMU,DRESS SHANGHAI KID LIGHT BROWN PJG L,0,0,0,0,199000,0,1990000
Apr-2026,MAMU TSM,DRESS SHANGHAI KID MAMU,DRESS SHANGHAI KID LIGHT BROWN PJG M,0,10,0,0,199000,1990000,0
Mei-2026,MAMU TSM,DRESS SHANGHAI KID MAMU,DRESS SHANGHAI KID LIGHT BROWN PJG M,0,10,0,0,199000,1990000,1990000
Jun-2026,MAMU TSM,DRESS SHANGHAI KID MAMU,DRESS SHANGHAI KID LIGHT BROWN PJG M,0,0,0,0,199000,0,1990000
Apr-2026,MAMU TSM,DRESS SHANGHAI KID MAMU,DRESS SHANGHAI KID LIGHT BROWN PJG S,0,10,0,0,199000,1990000,0
Mei-2026,MAMU TSM,DRESS SHANGHAI KID MAMU,DRESS SHANGHAI KID LIGHT BROWN PJG S,0,10,0,0,199000,1990000,1990000
Jun-2026,MAMU TSM,DRESS SHANGHAI KID MAMU,DRESS SHANGHAI KID LIGHT BROWN PJG S,0,0,0,0,199000,0,1990000
Apr-2026,MAMU TSM,DRESS SHANGHAI KID MAMU,DRESS SHANGHAI KID LIGHT BROWN PJG XS,0,3,0,0,199000,597000,0
Mei-2026,MAMU TSM,DRESS SHANGHAI KID MAMU,DRESS SHANGHAI KID LIGHT BROWN PJG XS,0,3,0,0,199000,597000,597000
Jun-2026,MAMU TSM,DRESS SHANGHAI KID MAMU,DRESS SHANGHAI KID LIGHT BROWN PJG XS,0,0,0,0,199000,0,597000
Apr-2026,MAMU TSM,DRESS SHANGHAI KID MAMU,DRESS SHANGHAI KID SAGE GREEN PJG L,0,10,0,0,199000,1990000,0
Mei-2026,MAMU TSM,DRESS SHANGHAI KID MAMU,DRESS SHANGHAI KID SAGE GREEN PJG L,0,10,0,0,199000,1990000,1990000
Jun-2026,MAMU TSM,DRESS SHANGHAI KID MAMU,DRESS SHANGHAI KID SAGE GREEN PJG L,0,0,0,0,199000,0,1990000
Apr-2026,MAMU TSM,DRESS SHANGHAI KID MAMU,DRESS SHANGHAI KID SAGE GREEN PJG M,0,10,0,0,199000,1990000,0
Mei-2026,MAMU TSM,DRESS SHANGHAI KID MAMU,DRESS SHANGHAI KID SAGE GREEN PJG M,0,10,0,0,199000,1990000,1990000
Jun-2026,MAMU TSM,DRESS SHANGHAI KID MAMU,DRESS SHANGHAI KID SAGE GREEN PJG M,0,0,0,0,199000,0,1990000
Apr-2026,MAMU TSM,DRESS SHANGHAI KID MAMU,DRESS SHANGHAI KID SAGE GREEN PJG S,0,10,0,0,199000,1990000,0
Mei-2026,MAMU TSM,DRESS SHANGHAI KID MAMU,DRESS SHANGHAI KID SAGE GREEN PJG S,0,10,0,0,199000,1990000,1990000
Jun-2026,MAMU TSM,DRESS SHANGHAI KID MAMU,DRESS SHANGHAI KID SAGE GREEN PJG S,0,0,0,0,199000,0,1990000
Apr-2026,MAMU TSM,DRESS SHANGHAI KID MAMU,DRESS SHANGHAI KID SAGE GREEN PJG XS,0,3,0,0,199000,597000,0
Mei-2026,MAMU TSM,DRESS SHANGHAI KID MAMU,DRESS SHANGHAI KID SAGE GREEN PJG XS,0,3,0,0,199000,597000,597000
Jun-2026,MAMU TSM,DRESS SHANGHAI KID MAMU,DRESS SHANGHAI KID SAGE GREEN PJG XS,0,0,0,0,199000,0,597000
Apr-2026,MAMU TSM,DRESS SHANGHAI KID MAMU,DRESS SHANGHAI KID SKY BLUE PJG L,0,10,0,0,199000,1990000,0
Mei-2026,MAMU TSM,DRESS SHANGHAI KID MAMU,DRESS SHANGHAI KID SKY BLUE PJG L,0,10,0,0,199000,1990000,1990000
Jun-2026,MAMU TSM,DRESS SHANGHAI KID MAMU,DRESS SHANGHAI KID SKY BLUE PJG L,0,0,0,0,199000,0,1990000
Apr-2026,MAMU TSM,DRESS SHANGHAI KID MAMU,DRESS SHANGHAI KID SKY BLUE PJG M,0,10,0,0,199000,1990000,0
Mei-2026,MAMU TSM,DRESS SHANGHAI KID MAMU,DRESS SHANGHAI KID SKY BLUE PJG M,0,10,0,0,199000,1990000,1990000
Jun-2026,MAMU TSM,DRESS SHANGHAI KID MAMU,DRESS SHANGHAI KID SKY BLUE PJG M,0,0,0,0,199000,0,1990000
Apr-2026,MAMU TSM,DRESS SHANGHAI KID MAMU,DRESS SHANGHAI KID SKY BLUE PJG S,0,10,0,0,199000,1990000,0
Mei-2026,MAMU TSM,DRESS SHANGHAI KID MAMU,DRESS SHANGHAI KID SKY BLUE PJG S,0,10,0,0,199000,1990000,1990000
Jun-2026,MAMU TSM,DRESS SHANGHAI KID MAMU,DRESS SHANGHAI KID SKY BLUE PJG S,0,0,0,0,199000,0,1990000
Apr-2026,MAMU TSM,DRESS SHANGHAI KID MAMU,DRESS SHANGHAI KID SKY BLUE PJG XS,0,10,0,0,199000,1990000,0
Mei-2026,MAMU TSM,DRESS SHANGHAI KID MAMU,DRESS SHANGHAI KID SKY BLUE PJG XS,0,10,0,0,199000,1990000,1990000
Jun-2026,MAMU TSM,DRESS SHANGHAI KID MAMU,DRESS SHANGHAI KID SKY BLUE PJG XS,0,0,0,0,199000,0,1990000
Apr-2026,TIGALAPANKAOS BONE,DRESS SHANGHAI KID MAMU,DRESS SHANGHAI KID BUTTER PJG M,0,2,0,0,199000,398000,0
Mei-2026,TIGALAPANKAOS BONE,DRESS SHANGHAI KID MAMU,DRESS SHANGHAI KID BUTTER PJG M,122726,0,0,0,199000,0,398000
Apr-2026,TIGALAPANKAOS BONE,DRESS SHANGHAI KID MAMU,DRESS SHANGHAI KID BUTTER PJG S,0,4,0,0,199000,796000,0
Mei-2026,TIGALAPANKAOS BONE,DRESS SHANGHAI KID MAMU,DRESS SHANGHAI KID BUTTER PJG S,0,4,0,0,199000,796000,796000
Jun-2026,TIGALAPANKAOS BONE,DRESS SHANGHAI KID MAMU,DRESS SHANGHAI KID BUTTER PJG S,0,4,0,0,199000,796000,796000
Jul-2026,TIGALAPANKAOS BONE,DRESS SHANGHAI KID MAMU,DRESS SHANGHAI KID BUTTER PJG S,0,4,0,0,199000,796000,796000
Agu-2026,TIGALAPANKAOS BONE,DRESS SHANGHAI KID MAMU,DRESS SHANGHAI KID BUTTER PJG S,0,4,0,0,199000,796000,796000
Sep-2026,TIGALAPANKAOS BONE,DRESS SHANGHAI KID MAMU,DRESS SHANGHAI KID BUTTER PJG S,121447,3,0,0,199000,597000,796000
Okt-2026,TIGALAPANKAOS BONE,DRESS SHANGHAI KID MAMU,DRESS SHANGHAI KID BUTTER PJG S,0,3,0,0,199000,597000,597000
Apr-2026,TIGALAPANKAOS BONE,DRESS SHANGHAI KID MAMU,DRESS SHANGHAI KID BUTTER PJG XS,0,3,0,0,199000,597000,0
Mei-2026,TIGALAPANKAOS BONE,DRESS SHANGHAI KID MAMU,DRESS SHANGHAI KID BUTTER PJG XS,0,3,0,0,199000,597000,597000
Jun-2026,TIGALAPANKAOS BONE,DRESS SHANGHAI KID MAMU,DRESS SHANGHAI KID BUTTER PJG XS,0,3,0,0,199000,597000,597000
Jul-2026,TIGALAPANKAOS BONE,DRESS SHANGHAI KID MAMU,DRESS SHANGHAI KID BUTTER PJG XS,0,0,0,0,199000,0,597000
Apr-2026,TIGALAPANKAOS BONE,DRESS SHANGHAI KID MAMU,DRESS SHANGHAI KID LIGHT BROWN PJG L,0,2,0,0,199000,398000,0
Mei-2026,TIGALAPANKAOS BONE,DRESS SHANGHAI KID MAMU,DRESS SHANGHAI KID LIGHT BROWN PJG L,0,2,0,0,199000,398000,398000
Jun-2026,TIGALAPANKAOS BONE,DRESS SHANGHAI KID MAMU,DRESS SHANGHAI KID LIGHT BROWN PJG L,0,2,0,0,199000,398000,398000
Jul-2026,TIGALAPANKAOS BONE,DRESS SHANGHAI KID MAMU,DRESS SHANGHAI KID LIGHT BROWN PJG L,0,0,0,0,199000,0,398000
Apr-2026,TIGALAPANKAOS BONE,DRESS SHANGHAI KID MAMU,DRESS SHANGHAI KID LIGHT BROWN PJG M,0,2,0,0,199000,398000,0
Mei-2026,TIGALAPANKAOS BONE,DRESS SHANGHAI KID MAMU,DRESS SHANGHAI KID LIGHT BROWN PJG M,0,2,0,0,199000,398000,398000
Jun-2026,TIGALAPANKAOS BONE,DRESS SHANGHAI KID MAMU,DRESS SHANGHAI KID LIGHT BROWN PJG M,0,2,0,0,199000,398000,398000
Jul-2026,TIGALAPANKAOS BONE,DRESS SHANGHAI KID MAMU,DRESS SHANGHAI KID LIGHT BROWN PJG M,0,2,0,0,199000,398000,398000
Agu-2026,TIGALAPANKAOS BONE,DRESS SHANGHAI KID MAMU,DRESS SHANGHAI KID LIGHT BROWN PJG M,122871,1,0,0,199000,199000,398000
Sep-2026,TIGALAPANKAOS BONE,DRESS SHANGHAI KID MAMU,DRESS SHANGHAI KID LIGHT BROWN PJG M,0,1,0,0,199000,199000,199000
Okt-2026,TIGALAPANKAOS BONE,DRESS SHANGHAI KID MAMU,DRESS SHANGHAI KID LIGHT BROWN PJG M,0,1,0,0,199000,199000,199000
Apr-2026,TIGALAPANKAOS BONE,DRESS SHANGHAI KID MAMU,DRESS SHANGHAI KID LIGHT BROWN PJG S,0,1,0,0,199000,199000,0
Mei-2026,TIGALAPANKAOS BONE,DRESS SHANGHAI KID MAMU,DRESS SHANGHAI KID LIGHT BROWN PJG S,0,1,0,0,199000,199000,199000
Jun-2026,TIGALAPANKAOS BONE,DRESS SHANGHAI KID MAMU,DRESS SHANGHAI KID LIGHT BROWN PJG S,0,1,0,0,199000,199000,199000
Jul-2026,TIGALAPANKAOS BONE,DRESS SHANGHAI KID MAMU,DRESS SHANGHAI KID LIGHT BROWN PJG S,0,1,0,0,199000,199000,199000
Agu-2026,TIGALAPANKAOS BONE,DRESS SHANGHAI KID MAMU,DRESS SHANGHAI KID LIGHT BROWN PJG S,0,1,0,0,199000,199000,199000
Sep-2026,TIGALAPANKAOS BONE,DRESS SHANGHAI KID MAMU,DRESS SHANGHAI KID LIGHT BROWN PJG S,0,1,0,0,199000,199000,199000
Okt-2026,TIGALAPANKAOS BONE,DRESS SHANGHAI KID MAMU,DRESS SHANGHAI KID LIGHT BROWN PJG S,0,1,0,0,199000,199000,199000
Apr-2026,TIGALAPANKAOS BONE,DRESS SHANGHAI KID MAMU,DRESS SHANGHAI KID LIGHT BROWN PJG XS,0,2,0,0,199000,398000,0
Mei-2026,TIGALAPANKAOS BONE,DRESS SHANGHAI KID MAMU,DRESS SHANGHAI KID LIGHT BROWN PJG XS,0,2,0,0,199000,398000,398000
Jun-2026,TIGALAPANKAOS BONE,DRESS SHANGHAI KID MAMU,DRESS SHANGHAI KID LIGHT BROWN PJG XS,0,2,0,0,199000,398000,398000
Jul-2026,TIGALAPANKAOS BONE,DRESS SHANGHAI KID MAMU,DRESS SHANGHAI KID LIGHT BROWN PJG XS,0,2,0,0,199000,398000,398000
Agu-2026,TIGALAPANKAOS BONE,DRESS SHANGHAI KID MAMU,DRESS SHANGHAI KID LIGHT BROWN PJG XS,0,2,0,0,199000,398000,398000
Sep-2026,TIGALAPANKAOS BONE,DRESS SHANGHAI KID MAMU,DRESS SHANGHAI KID LIGHT BROWN PJG XS,0,2,0,0,199000,398000,398000
Okt-2026,TIGALAPANKAOS BONE,DRESS SHANGHAI KID MAMU,DRESS SHANGHAI KID LIGHT BROWN PJG XS,0,2,0,0,199000,398000,398000
Apr-2026,TIGALAPANKAOS BONE,DRESS SHANGHAI KID MAMU,DRESS SHANGHAI KID SAGE GREEN PJG L,0,2,0,0,199000,398000,0
Mei-2026,TIGALAPANKAOS BONE,DRESS SHANGHAI KID MAMU,DRESS SHANGHAI KID SAGE GREEN PJG L,0,2,0,0,199000,398000,398000
Jun-2026,TIGALAPANKAOS BONE,DRESS SHANGHAI KID MAMU,DRESS SHANGHAI KID SAGE GREEN PJG L,0,2,0,0,199000,398000,398000
Jul-2026,TIGALAPANKAOS BONE,DRESS SHANGHAI KID MAMU,DRESS SHANGHAI KID SAGE GREEN PJG L,0,2,0,0,199000,398000,398000
Agu-2026,TIGALAPANKAOS BONE,DRESS SHANGHAI KID MAMU,DRESS SHANGHAI KID SAGE GREEN PJG L,0,2,0,0,199000,398000,398000
Sep-2026,TIGALAPANKAOS BONE,DRESS SHANGHAI KID MAMU,DRESS SHANGHAI KID SAGE GREEN PJG L,0,2,0,0,199000,398000,398000
Okt-2026,TIGALAPANKAOS BONE,DRESS SHANGHAI KID MAMU,DRESS SHANGHAI KID SAGE GREEN PJG L,0,2,0,0,199000,398000,398000
Apr-2026,TIGALAPANKAOS BONE,DRESS SHANGHAI KID MAMU,DRESS SHANGHAI KID SAGE GREEN PJG M,0,2,0,0,199000,398000,0
Mei-2026,TIGALAPANKAOS BONE,DRESS SHANGHAI KID MAMU,DRESS SHANGHAI KID SAGE GREEN PJG M,0,2,0,0,199000,398000,398000
Jun-2026,TIGALAPANKAOS BONE,DRESS SHANGHAI KID MAMU,DRESS SHANGHAI KID SAGE GREEN PJG M,0,2,0,0,199000,398000,398000
Jul-2026,TIGALAPANKAOS BONE,DRESS SHANGHAI KID MAMU,DRESS SHANGHAI KID SAGE GREEN PJG M,0,2,0,0,199000,398000,398000
Agu-2026,TIGALAPANKAOS BONE,DRESS SHANGHAI KID MAMU,DRESS SHANGHAI KID SAGE GREEN PJG M,0,2,0,0,199000,398000,398000
Sep-2026,TIGALAPANKAOS BONE,DRESS SHANGHAI KID MAMU,DRESS SHANGHAI KID SAGE GREEN PJG M,0,2,0,0,199000,398000,398000
Okt-2026,TIGALAPANKAOS BONE,DRESS SHANGHAI KID MAMU,DRESS SHANGHAI KID SAGE GREEN PJG M,0,2,0,0,199000,398000,398000
Apr-2026,TIGALAPANKAOS BONE,DRESS SHANGHAI KID MAMU,DRESS SHANGHAI KID SAGE GREEN PJG S,0,2,0,0,199000,398000,0
Mei-2026,TIGALAPANKAOS BONE,DRESS SHANGHAI KID MAMU,DRESS SHANGHAI KID SAGE GREEN PJG S,0,2,0,0,199000,398000,398000
Jun-2026,TIGALAPANKAOS BONE,DRESS SHANGHAI KID MAMU,DRESS SHANGHAI KID SAGE GREEN PJG S,0,2,0,0,199000,398000,398000
Jul-2026,TIGALAPANKAOS BONE,DRESS SHANGHAI KID MAMU,DRESS SHANGHAI KID SAGE GREEN PJG S,0,2,0,0,199000,398000,398000
Agu-2026,TIGALAPANKAOS BONE,DRESS SHANGHAI KID MAMU,DRESS SHANGHAI KID SAGE GREEN PJG S,0,2,0,0,199000,398000,398000
Sep-2026,TIGALAPANKAOS BONE,DRESS SHANGHAI KID MAMU,DRESS SHANGHAI KID SAGE GREEN PJG S,0,2,0,0,199000,398000,398000
Okt-2026,TIGALAPANKAOS BONE,DRESS SHANGHAI KID MAMU,DRESS SHANGHAI KID SAGE GREEN PJG S,0,2,0,0,199000,398000,398000
Apr-2026,TIGALAPANKAOS BONE,DRESS SHANGHAI KID MAMU,DRESS SHANGHAI KID SAGE GREEN PJG XS,0,2,0,0,199000,398000,0
Mei-2026,TIGALAPANKAOS BONE,DRESS SHANGHAI KID MAMU,DRESS SHANGHAI KID SAGE GREEN PJG XS,0,1,0,0,199000,199000,398000
Jun-2026,TIGALAPANKAOS BONE,DRESS SHANGHAI KID MAMU,DRESS SHANGHAI KID SAGE GREEN PJG XS,0,1,0,0,199000,199000,199000
Jul-2026,TIGALAPANKAOS BONE,DRESS SHANGHAI KID MAMU,DRESS SHANGHAI KID SAGE GREEN PJG XS,0,1,0,0,199000,199000,199000
Agu-2026,TIGALAPANKAOS BONE,DRESS SHANGHAI KID MAMU,DRESS SHANGHAI KID SAGE GREEN PJG XS,0,1,0,0,199000,199000,199000
Sep-2026,TIGALAPANKAOS BONE,DRESS SHANGHAI KID MAMU,DRESS SHANGHAI KID SAGE GREEN PJG XS,0,1,0,0,199000,199000,199000
Okt-2026,TIGALAPANKAOS BONE,DRESS SHANGHAI KID MAMU,DRESS SHANGHAI KID SAGE GREEN PJG XS,0,1,0,0,199000,199000,199000
Apr-2026,TIGALAPANKAOS BONE,DRESS SHANGHAI KID MAMU,DRESS SHANGHAI KID SKY BLUE PJG L,0,2,0,0,199000,398000,0
Mei-2026,TIGALAPANKAOS BONE,DRESS SHANGHAI KID MAMU,DRESS SHANGHAI KID SKY BLUE PJG L,0,2,0,0,199000,398000,398000
Jun-2026,TIGALAPANKAOS BONE,DRESS SHANGHAI KID MAMU,DRESS SHANGHAI KID SKY BLUE PJG L,0,2,0,0,199000,398000,398000
Jul-2026,TIGALAPANKAOS BONE,DRESS SHANGHAI KID MAMU,DRESS SHANGHAI KID SKY BLUE PJG L,0,2,0,0,199000,398000,398000
Agu-2026,TIGALAPANKAOS BONE,DRESS SHANGHAI KID MAMU,DRESS SHANGHAI KID SKY BLUE PJG L,0,2,0,0,199000,398000,398000
Sep-2026,TIGALAPANKAOS BONE,DRESS SHANGHAI KID MAMU,DRESS SHANGHAI KID SKY BLUE PJG L,0,2,0,0,199000,398000,398000
Okt-2026,TIGALAPANKAOS BONE,DRESS SHANGHAI KID MAMU,DRESS SHANGHAI KID SKY BLUE PJG L,0,2,0,0,199000,398000,398000
Apr-2026,TIGALAPANKAOS BONE,DRESS SHANGHAI KID MAMU,DRESS SHANGHAI KID SKY BLUE PJG M,0,2,0,0,199000,398000,0
Mei-2026,TIGALAPANKAOS BONE,DRESS SHANGHAI KID MAMU,DRESS SHANGHAI KID SKY BLUE PJG M,0,2,0,0,199000,398000,398000
Jun-2026,TIGALAPANKAOS BONE,DRESS SHANGHAI KID MAMU,DRESS SHANGHAI KID SKY BLUE PJG M,0,2,0,0,199000,398000,398000
Jul-2026,TIGALAPANKAOS BONE,DRESS SHANGHAI KID MAMU,DRESS SHANGHAI KID SKY BLUE PJG M,0,2,0,0,199000,398000,398000
Agu-2026,TIGALAPANKAOS BONE,DRESS SHANGHAI KID MAMU,DRESS SHANGHAI KID SKY BLUE PJG M,0,2,0,0,199000,398000,398000
Sep-2026,TIGALAPANKAOS BONE,DRESS SHANGHAI KID MAMU,DRESS SHANGHAI KID SKY BLUE PJG M,0,2,0,0,199000,398000,398000
Okt-2026,TIGALAPANKAOS BONE,DRESS SHANGHAI KID MAMU,DRESS SHANGHAI KID SKY BLUE PJG M,0,2,0,0,199000,398000,398000
Apr-2026,TIGALAPANKAOS BONE,DRESS SHANGHAI KID MAMU,DRESS SHANGHAI KID SKY BLUE PJG S,0,2,0,0,199000,398000,0
Mei-2026,TIGALAPANKAOS BONE,DRESS SHANGHAI KID MAMU,DRESS SHANGHAI KID SKY BLUE PJG S,0,2,0,0,199000,398000,398000
Jun-2026,TIGALAPANKAOS BONE,DRESS SHANGHAI KID MAMU,DRESS SHANGHAI KID SKY BLUE PJG S,0,2,0,0,199000,398000,398000
Jul-2026,TIGALAPANKAOS BONE,DRESS SHANGHAI KID MAMU,DRESS SHANGHAI KID SKY BLUE PJG S,0,2,0,0,199000,398000,398000
Agu-2026,TIGALAPANKAOS BONE,DRESS SHANGHAI KID MAMU,DRESS SHANGHAI KID SKY BLUE PJG S,0,2,0,0,199000,398000,398000
Sep-2026,TIGALAPANKAOS BONE,DRESS SHANGHAI KID MAMU,DRESS SHANGHAI KID SKY BLUE PJG S,0,2,0,0,199000,398000,398000
Okt-2026,TIGALAPANKAOS BONE,DRESS SHANGHAI KID MAMU,DRESS SHANGHAI KID SKY BLUE PJG S,0,2,0,0,199000,398000,398000
Apr-2026,TIGALAPANKAOS BONE,DRESS SHANGHAI KID MAMU,DRESS SHANGHAI KID SKY BLUE PJG XS,0,2,0,0,199000,398000,0
Mei-2026,TIGALAPANKAOS BONE,DRESS SHANGHAI KID MAMU,DRESS SHANGHAI KID SKY BLUE PJG XS,0,2,0,0,199000,398000,398000
Jun-2026,TIGALAPANKAOS BONE,DRESS SHANGHAI KID MAMU,DRESS SHANGHAI KID SKY BLUE PJG XS,0,2,0,0,199000,398000,398000
Jul-2026,TIGALAPANKAOS BONE,DRESS SHANGHAI KID MAMU,DRESS SHANGHAI KID SKY BLUE PJG XS,0,2,0,0,199000,398000,398000
Agu-2026,TIGALAPANKAOS BONE,DRESS SHANGHAI KID MAMU,DRESS SHANGHAI KID SKY BLUE PJG XS,0,2,0,0,199000,398000,398000
Sep-2026,TIGALAPANKAOS BONE,DRESS SHANGHAI KID MAMU,DRESS SHANGHAI KID SKY BLUE PJG XS,0,2,0,0,199000,398000,398000
Okt-2026,TIGALAPANKAOS BONE,DRESS SHANGHAI KID MAMU,DRESS SHANGHAI KID SKY BLUE PJG XS,0,2,0,0,199000,398000,398000
Jun-2026,TIGALAPANKAOS MAKASSAR,DRESS SHANGHAI KID MAMU,DRESS SHANGHAI KID BUTTER PJG L,0,10,0,0,199000,1990000,0
Jul-2026,TIGALAPANKAOS MAKASSAR,DRESS SHANGHAI KID MAMU,DRESS SHANGHAI KID BUTTER PJG L,0,0,0,0,199000,0,1990000
Jun-2026,TIGALAPANKAOS MAKASSAR,DRESS SHANGHAI KID MAMU,DRESS SHANGHAI KID BUTTER PJG M,0,10,0,0,199000,1990000,0
Jul-2026,TIGALAPANKAOS MAKASSAR,DRESS SHANGHAI KID MAMU,DRESS SHANGHAI KID BUTTER PJG M,0,0,0,0,199000,0,1990000
Jun-2026,TIGALAPANKAOS MAKASSAR,DRESS SHANGHAI KID MAMU,DRESS SHANGHAI KID BUTTER PJG S,0,10,0,0,199000,1990000,0
Jul-2026,TIGALAPANKAOS MAKASSAR,DRESS SHANGHAI KID MAMU,DRESS SHANGHAI KID BUTTER PJG S,0,0,0,0,199000,0,1990000
Jun-2026,TIGALAPANKAOS MAKASSAR,DRESS SHANGHAI KID MAMU,DRESS SHANGHAI KID BUTTER PJG XS,0,2,0,0,199000,398000,0
Jul-2026,TIGALAPANKAOS MAKASSAR,DRESS SHANGHAI KID MAMU,DRESS SHANGHAI KID BUTTER PJG XS,0,0,0,0,199000,0,398000
Jun-2026,TIGALAPANKAOS MAKASSAR,DRESS SHANGHAI KID MAMU,DRESS SHANGHAI KID LIGHT BROWN PJG L,0,10,0,0,199000,1990000,0
Jul-2026,TIGALAPANKAOS MAKASSAR,DRESS SHANGHAI KID MAMU,DRESS SHANGHAI KID LIGHT BROWN PJG L,0,0,0,0,199000,0,1990000
Jun-2026,TIGALAPANKAOS MAKASSAR,DRESS SHANGHAI KID MAMU,DRESS SHANGHAI KID LIGHT BROWN PJG M,0,10,0,0,199000,1990000,0
Jul-2026,TIGALAPANKAOS MAKASSAR,DRESS SHANGHAI KID MAMU,DRESS SHANGHAI KID LIGHT BROWN PJG M,0,0,0,0,199000,0,1990000
Jun-2026,TIGALAPANKAOS MAKASSAR,DRESS SHANGHAI KID MAMU,DRESS SHANGHAI KID LIGHT BROWN PJG S,0,10,0,0,199000,1990000,0
Jul-2026,TIGALAPANKAOS MAKASSAR,DRESS SHANGHAI KID MAMU,DRESS SHANGHAI KID LIGHT BROWN PJG S,0,0,0,0,199000,0,1990000
Jun-2026,TIGALAPANKAOS MAKASSAR,DRESS SHANGHAI KID MAMU,DRESS SHANGHAI KID LIGHT BROWN PJG XS,0,3,0,0,199000,597000,0
Jul-2026,TIGALAPANKAOS MAKASSAR,DRESS SHANGHAI KID MAMU,DRESS SHANGHAI KID LIGHT BROWN PJG XS,0,0,0,0,199000,0,597000
Jun-2026,TIGALAPANKAOS MAKASSAR,DRESS SHANGHAI KID MAMU,DRESS SHANGHAI KID SAGE GREEN PJG L,0,10,0,0,199000,1990000,0
Jul-2026,TIGALAPANKAOS MAKASSAR,DRESS SHANGHAI KID MAMU,DRESS SHANGHAI KID SAGE GREEN PJG L,0,0,0,0,199000,0,1990000
Jun-2026,TIGALAPANKAOS MAKASSAR,DRESS SHANGHAI KID MAMU,DRESS SHANGHAI KID SAGE GREEN PJG M,0,10,0,0,199000,1990000,0
Jul-2026,TIGALAPANKAOS MAKASSAR,DRESS SHANGHAI KID MAMU,DRESS SHANGHAI KID SAGE GREEN PJG M,0,0,0,0,199000,0,1990000
Jun-2026,TIGALAPANKAOS MAKASSAR,DRESS SHANGHAI KID MAMU,DRESS SHANGHAI KID SAGE GREEN PJG S,0,10,0,0,199000,1990000,0
Jul-2026,TIGALAPANKAOS MAKASSAR,DRESS SHANGHAI KID MAMU,DRESS SHANGHAI KID SAGE GREEN PJG S,0,0,0,0,199000,0,1990000
Jun-2026,TIGALAPANKAOS MAKASSAR,DRESS SHANGHAI KID MAMU,DRESS SHANGHAI KID SAGE GREEN PJG XS,0,3,0,0,199000,597000,0
Jul-2026,TIGALAPANKAOS MAKASSAR,DRESS SHANGHAI KID MAMU,DRESS SHANGHAI KID SAGE GREEN PJG XS,0,1,0,0,199000,199000,597000
Agu-2026,TIGALAPANKAOS MAKASSAR,DRESS SHANGHAI KID MAMU,DRESS SHANGHAI KID SAGE GREEN PJG XS,0,0,0,0,199000,0,199000
Jun-2026,TIGALAPANKAOS MAKASSAR,DRESS SHANGHAI KID MAMU,DRESS SHANGHAI KID SKY BLUE PJG L,0,10,0,0,199000,1990000,0
Jul-2026,TIGALAPANKAOS MAKASSAR,DRESS SHANGHAI KID MAMU,DRESS SHANGHAI KID SKY BLUE PJG L,0,0,0,0,199000,0,1990000
Jun-2026,TIGALAPANKAOS MAKASSAR,DRESS SHANGHAI KID MAMU,DRESS SHANGHAI KID SKY BLUE PJG M,0,10,0,0,199000,1990000,0
Jul-2026,TIGALAPANKAOS MAKASSAR,DRESS SHANGHAI KID MAMU,DRESS SHANGHAI KID SKY BLUE PJG M,0,0,0,0,199000,0,1990000
Jun-2026,TIGALAPANKAOS MAKASSAR,DRESS SHANGHAI KID MAMU,DRESS SHANGHAI KID SKY BLUE PJG S,0,10,0,0,199000,1990000,0
Jul-2026,TIGALAPANKAOS MAKASSAR,DRESS SHANGHAI KID MAMU,DRESS SHANGHAI KID SKY BLUE PJG S,0,0,0,0,199000,0,1990000
Jun-2026,TIGALAPANKAOS MAKASSAR,DRESS SHANGHAI KID MAMU,DRESS SHANGHAI KID SKY BLUE PJG XS,0,10,0,0,199000,1990000,0
Jul-2026,TIGALAPANKAOS MAKASSAR,DRESS SHANGHAI KID MAMU,DRESS SHANGHAI KID SKY BLUE PJG XS,0,1,0,0,199000,199000,1990000
Agu-2026,TIGALAPANKAOS MAKASSAR,DRESS SHANGHAI KID MAMU,DRESS SHANGHAI KID SKY BLUE PJG XS,0,1,0,0,199000,199000,199000
Sep-2026,TIGALAPANKAOS MAKASSAR,DRESS SHANGHAI KID MAMU,DRESS SHANGHAI KID SKY BLUE PJG XS,0,1,0,0,199000,199000,199000
Okt-2026,TIGALAPANKAOS MAKASSAR,DRESS SHANGHAI KID MAMU,DRESS SHANGHAI KID SKY BLUE PJG XS,0,1,0,0,199000,199000,199000
Apr-2026,TIGALAPANKAOS MANADO,DRESS SHANGHAI KID MAMU,DRESS SHANGHAI KID BUTTER PJG L,0,2,0,0,199000,398000,0
Mei-2026,TIGALAPANKAOS MANADO,DRESS SHANGHAI KID MAMU,DRESS SHANGHAI KID BUTTER PJG L,0,2,0,0,199000,398000,398000
Jun-2026,TIGALAPANKAOS MANADO,DRESS SHANGHAI KID MAMU,DRESS SHANGHAI KID BUTTER PJG L,0,2,0,0,199000,398000,398000
Jul-2026,TIGALAPANKAOS MANADO,DRESS SHANGHAI KID MAMU,DRESS SHANGHAI KID BUTTER PJG L,0,2,0,0,199000,398000,398000
Agu-2026,TIGALAPANKAOS MANADO,DRESS SHANGHAI KID MAMU,DRESS SHANGHAI KID BUTTER PJG L,0,2,0,0,199000,398000,398000
Sep-2026,TIGALAPANKAOS MANADO,DRESS SHANGHAI KID MAMU,DRESS SHANGHAI KID BUTTER PJG L,0,2,0,0,199000,398000,398000
Okt-2026,TIGALAPANKAOS MANADO,DRESS SHANGHAI KID MAMU,DRESS SHANGHAI KID BUTTER PJG L,0,2,0,0,199000,398000,398000
Apr-2026,TIGALAPANKAOS MANADO,DRESS SHANGHAI KID MAMU,DRESS SHANGHAI KID BUTTER PJG M,0,2,0,0,199000,398000,0
Mei-2026,TIGALAPANKAOS MANADO,DRESS SHANGHAI KID MAMU,DRESS SHANGHAI KID BUTTER PJG M,0,2,0,0,199000,398000,398000
Jun-2026,TIGALAPANKAOS MANADO,DRESS SHANGHAI KID MAMU,DRESS SHANGHAI KID BUTTER PJG M,0,2,0,0,199000,398000,398000
Jul-2026,TIGALAPANKAOS MANADO,DRESS SHANGHAI KID MAMU,DRESS SHANGHAI KID BUTTER PJG M,0,2,0,0,199000,398000,398000
Agu-2026,TIGALAPANKAOS MANADO,DRESS SHANGHAI KID MAMU,DRESS SHANGHAI KID BUTTER PJG M,0,2,0,0,199000,398000,398000
Sep-2026,TIGALAPANKAOS MANADO,DRESS SHANGHAI KID MAMU,DRESS SHANGHAI KID BUTTER PJG M,0,2,0,0,199000,398000,398000
Okt-2026,TIGALAPANKAOS MANADO,DRESS SHANGHAI KID MAMU,DRESS SHANGHAI KID BUTTER PJG M,0,2,0,0,199000,398000,398000
Apr-2026,TIGALAPANKAOS MANADO,DRESS SHANGHAI KID MAMU,DRESS SHANGHAI KID BUTTER PJG S,0,2,0,0,199000,398000,0
Mei-2026,TIGALAPANKAOS MANADO,DRESS SHANGHAI KID MAMU,DRESS SHANGHAI KID BUTTER PJG S,0,2,0,0,199000,398000,398000
Jun-2026,TIGALAPANKAOS MANADO,DRESS SHANGHAI KID MAMU,DRESS SHANGHAI KID BUTTER PJG S,0,2,0,0,199000,398000,398000
Jul-2026,TIGALAPANKAOS MANADO,DRESS SHANGHAI KID MAMU,DRESS SHANGHAI KID BUTTER PJG S,0,2,0,0,199000,398000,398000
Agu-2026,TIGALAPANKAOS MANADO,DRESS SHANGHAI KID MAMU,DRESS SHANGHAI KID BUTTER PJG S,0,2,0,0,199000,398000,398000
Sep-2026,TIGALAPANKAOS MANADO,DRESS SHANGHAI KID MAMU,DRESS SHANGHAI KID BUTTER PJG S,0,2,0,0,199000,398000,398000
Okt-2026,TIGALAPANKAOS MANADO,DRESS SHANGHAI KID MAMU,DRESS SHANGHAI KID BUTTER PJG S,0,2,0,0,199000,398000,398000
Apr-2026,TIGALAPANKAOS MANADO,DRESS SHANGHAI KID MAMU,DRESS SHANGHAI KID BUTTER PJG XS,0,1,0,0,199000,199000,0
Mei-2026,TIGALAPANKAOS MANADO,DRESS SHANGHAI KID MAMU,DRESS SHANGHAI KID BUTTER PJG XS,0,1,0,0,199000,199000,199000
Jun-2026,TIGALAPANKAOS MANADO,DRESS SHANGHAI KID MAMU,DRESS SHANGHAI KID BUTTER PJG XS,0,1,0,0,199000,199000,199000
Jul-2026,TIGALAPANKAOS MANADO,DRESS SHANGHAI KID MAMU,DRESS SHANGHAI KID BUTTER PJG XS,0,-1,0,0,199000,-199000,199000
Agu-2026,TIGALAPANKAOS MANADO,DRESS SHANGHAI KID MAMU,DRESS SHANGHAI KID BUTTER PJG XS,0,-1,0,0,199000,-199000,-199000
Sep-2026,TIGALAPANKAOS MANADO,DRESS SHANGHAI KID MAMU,DRESS SHANGHAI KID BUTTER PJG XS,0,-1,0,0,199000,-199000,-199000
Okt-2026,TIGALAPANKAOS MANADO,DRESS SHANGHAI KID MAMU,DRESS SHANGHAI KID BUTTER PJG XS,0,-1,0,0,199000,-199000,-199000
Apr-2026,TIGALAPANKAOS MANADO,DRESS SHANGHAI KID MAMU,DRESS SHANGHAI KID LIGHT BROWN PJG L,0,2,0,0,199000,398000,0
Mei-2026,TIGALAPANKAOS MANADO,DRESS SHANGHAI KID MAMU,DRESS SHANGHAI KID LIGHT BROWN PJG L,0,2,0,0,199000,398000,398000
Jun-2026,TIGALAPANKAOS MANADO,DRESS SHANGHAI KID MAMU,DRESS SHANGHAI KID LIGHT BROWN PJG L,0,2,0,0,199000,398000,398000
Jul-2026,TIGALAPANKAOS MANADO,DRESS SHANGHAI KID MAMU,DRESS SHANGHAI KID LIGHT BROWN PJG L,0,-2,0,0,199000,-398000,398000
Agu-2026,TIGALAPANKAOS MANADO,DRESS SHANGHAI KID MAMU,DRESS SHANGHAI KID LIGHT BROWN PJG L,0,-2,0,0,199000,-398000,-398000
Sep-2026,TIGALAPANKAOS MANADO,DRESS SHANGHAI KID MAMU,DRESS SHANGHAI KID LIGHT BROWN PJG L,0,-2,0,0,199000,-398000,-398000
Okt-2026,TIGALAPANKAOS MANADO,DRESS SHANGHAI KID MAMU,DRESS SHANGHAI KID LIGHT BROWN PJG L,0,-2,0,0,199000,-398000,-398000
Apr-2026,TIGALAPANKAOS MANADO,DRESS SHANGHAI KID MAMU,DRESS SHANGHAI KID LIGHT BROWN PJG M,0,2,0,0,199000,398000,0
Mei-2026,TIGALAPANKAOS MANADO,DRESS SHANGHAI KID MAMU,DRESS SHANGHAI KID LIGHT BROWN PJG M,0,2,0,0,199000,398000,398000
Jun-2026,TIGALAPANKAOS MANADO,DRESS SHANGHAI KID MAMU,DRESS SHANGHAI KID LIGHT BROWN PJG M,0,2,0,0,199000,398000,398000
Jul-2026,TIGALAPANKAOS MANADO,DRESS SHANGHAI KID MAMU,DRESS SHANGHAI KID LIGHT BROWN PJG M,0,2,0,0,199000,398000,398000
Agu-2026,TIGALAPANKAOS MANADO,DRESS SHANGHAI KID MAMU,DRESS SHANGHAI KID LIGHT BROWN PJG M,0,2,0,0,199000,398000,398000
Sep-2026,TIGALAPANKAOS MANADO,DRESS SHANGHAI KID MAMU,DRESS SHANGHAI KID LIGHT BROWN PJG M,0,2,0,0,199000,398000,398000
Okt-2026,TIGALAPANKAOS MANADO,DRESS SHANGHAI KID MAMU,DRESS SHANGHAI KID LIGHT BROWN PJG M,0,2,0,0,199000,398000,398000
Apr-2026,TIGALAPANKAOS MANADO,DRESS SHANGHAI KID MAMU,DRESS SHANGHAI KID LIGHT BROWN PJG S,0,2,0,0,199000,398000,0
Mei-2026,TIGALAPANKAOS MANADO,DRESS SHANGHAI KID MAMU,DRESS SHANGHAI KID LIGHT BROWN PJG S,0,1,0,0,199000,199000,398000
Jun-2026,TIGALAPANKAOS MANADO,DRESS SHANGHAI KID MAMU,DRESS SHANGHAI KID LIGHT BROWN PJG S,0,1,0,0,199000,199000,199000
Jul-2026,TIGALAPANKAOS MANADO,DRESS SHANGHAI KID MAMU,DRESS SHANGHAI KID LIGHT BROWN PJG S,0,1,0,0,199000,199000,199000
Agu-2026,TIGALAPANKAOS MANADO,DRESS SHANGHAI KID MAMU,DRESS SHANGHAI KID LIGHT BROWN PJG S,0,1,0,0,199000,199000,199000
Sep-2026,TIGALAPANKAOS MANADO,DRESS SHANGHAI KID MAMU,DRESS SHANGHAI KID LIGHT BROWN PJG S,0,1,0,0,199000,199000,199000
Okt-2026,TIGALAPANKAOS MANADO,DRESS SHANGHAI KID MAMU,DRESS SHANGHAI KID LIGHT BROWN PJG S,0,1,0,0,199000,199000,199000
Apr-2026,TIGALAPANKAOS MANADO,DRESS SHANGHAI KID MAMU,DRESS SHANGHAI KID LIGHT BROWN PJG XS,0,2,0,0,199000,398000,0
Mei-2026,TIGALAPANKAOS MANADO,DRESS SHANGHAI KID MAMU,DRESS SHANGHAI KID LIGHT BROWN PJG XS,0,2,0,0,199000,398000,398000
Jun-2026,TIGALAPANKAOS MANADO,DRESS SHANGHAI KID MAMU,DRESS SHANGHAI KID LIGHT BROWN PJG XS,0,2,0,0,199000,398000,398000
Jul-2026,TIGALAPANKAOS MANADO,DRESS SHANGHAI KID MAMU,DRESS SHANGHAI KID LIGHT BROWN PJG XS,0,2,0,0,199000,398000,398000
Agu-2026,TIGALAPANKAOS MANADO,DRESS SHANGHAI KID MAMU,DRESS SHANGHAI KID LIGHT BROWN PJG XS,0,2,0,0,199000,398000,398000
Sep-2026,TIGALAPANKAOS MANADO,DRESS SHANGHAI KID MAMU,DRESS SHANGHAI KID LIGHT BROWN PJG XS,0,2,0,0,199000,398000,398000
Okt-2026,TIGALAPANKAOS MANADO,DRESS SHANGHAI KID MAMU,DRESS SHANGHAI KID LIGHT BROWN PJG XS,0,2,0,0,199000,398000,398000
Apr-2026,TIGALAPANKAOS MANADO,DRESS SHANGHAI KID MAMU,DRESS SHANGHAI KID SAGE GREEN PJG L,0,2,0,0,199000,398000,0
Mei-2026,TIGALAPANKAOS MANADO,DRESS SHANGHAI KID MAMU,DRESS SHANGHAI KID SAGE GREEN PJG L,0,1,0,0,199000,199000,398000
Jun-2026,TIGALAPANKAOS MANADO,DRESS SHANGHAI KID MAMU,DRESS SHANGHAI KID SAGE GREEN PJG L,0,1,0,0,199000,199000,199000
Jul-2026,TIGALAPANKAOS MANADO,DRESS SHANGHAI KID MAMU,DRESS SHANGHAI KID SAGE GREEN PJG L,0,1,0,0,199000,199000,199000
Agu-2026,TIGALAPANKAOS MANADO,DRESS SHANGHAI KID MAMU,DRESS SHANGHAI KID SAGE GREEN PJG L,0,1,0,0,199000,199000,199000
Sep-2026,TIGALAPANKAOS MANADO,DRESS SHANGHAI KID MAMU,DRESS SHANGHAI KID SAGE GREEN PJG L,0,1,0,0,199000,199000,199000
Okt-2026,TIGALAPANKAOS MANADO,DRESS SHANGHAI KID MAMU,DRESS SHANGHAI KID SAGE GREEN PJG L,0,1,0,0,199000,199000,199000
Apr-2026,TIGALAPANKAOS MANADO,DRESS SHANGHAI KID MAMU,DRESS SHANGHAI KID SAGE GREEN PJG M,0,2,0,0,199000,398000,0
Mei-2026,TIGALAPANKAOS MANADO,DRESS SHANGHAI KID MAMU,DRESS SHANGHAI KID SAGE GREEN PJG M,0,2,0,0,199000,398000,398000
Jun-2026,TIGALAPANKAOS MANADO,DRESS SHANGHAI KID MAMU,DRESS SHANGHAI KID SAGE GREEN PJG M,0,2,0,0,199000,398000,398000
Jul-2026,TIGALAPANKAOS MANADO,DRESS SHANGHAI KID MAMU,DRESS SHANGHAI KID SAGE GREEN PJG M,0,2,0,0,199000,398000,398000
Agu-2026,TIGALAPANKAOS MANADO,DRESS SHANGHAI KID MAMU,DRESS SHANGHAI KID SAGE GREEN PJG M,0,2,0,0,199000,398000,398000
Sep-2026,TIGALAPANKAOS MANADO,DRESS SHANGHAI KID MAMU,DRESS SHANGHAI KID SAGE GREEN PJG M,0,2,0,0,199000,398000,398000
Okt-2026,TIGALAPANKAOS MANADO,DRESS SHANGHAI KID MAMU,DRESS SHANGHAI KID SAGE GREEN PJG M,0,2,0,0,199000,398000,398000
Apr-2026,TIGALAPANKAOS MANADO,DRESS SHANGHAI KID MAMU,DRESS SHANGHAI KID SAGE GREEN PJG S,0,2,0,0,199000,398000,0
Mei-2026,TIGALAPANKAOS MANADO,DRESS SHANGHAI KID MAMU,DRESS SHANGHAI KID SAGE GREEN PJG S,0,2,0,0,199000,398000,398000
Jun-2026,TIGALAPANKAOS MANADO,DRESS SHANGHAI KID MAMU,DRESS SHANGHAI KID SAGE GREEN PJG S,0,2,0,0,199000,398000,398000
Jul-2026,TIGALAPANKAOS MANADO,DRESS SHANGHAI KID MAMU,DRESS SHANGHAI KID SAGE GREEN PJG S,0,2,0,0,199000,398000,398000
Agu-2026,TIGALAPANKAOS MANADO,DRESS SHANGHAI KID MAMU,DRESS SHANGHAI KID SAGE GREEN PJG S,0,2,0,0,199000,398000,398000
Sep-2026,TIGALAPANKAOS MANADO,DRESS SHANGHAI KID MAMU,DRESS SHANGHAI KID SAGE GREEN PJG S,0,2,0,0,199000,398000,398000
Okt-2026,TIGALAPANKAOS MANADO,DRESS SHANGHAI KID MAMU,DRESS SHANGHAI KID SAGE GREEN PJG S,0,2,0,0,199000,398000,398000
Apr-2026,TIGALAPANKAOS MANADO,DRESS SHANGHAI KID MAMU,DRESS SHANGHAI KID SAGE GREEN PJG XS,0,2,0,0,199000,398000,0
Mei-2026,TIGALAPANKAOS MANADO,DRESS SHANGHAI KID MAMU,DRESS SHANGHAI KID SAGE GREEN PJG XS,0,2,0,0,199000,398000,398000
Jun-2026,TIGALAPANKAOS MANADO,DRESS SHANGHAI KID MAMU,DRESS SHANGHAI KID SAGE GREEN PJG XS,0,2,0,0,199000,398000,398000
Jul-2026,TIGALAPANKAOS MANADO,DRESS SHANGHAI KID MAMU,DRESS SHANGHAI KID SAGE GREEN PJG XS,0,2,0,0,199000,398000,398000
Agu-2026,TIGALAPANKAOS MANADO,DRESS SHANGHAI KID MAMU,DRESS SHANGHAI KID SAGE GREEN PJG XS,0,2,0,0,199000,398000,398000
Sep-2026,TIGALAPANKAOS MANADO,DRESS SHANGHAI KID MAMU,DRESS SHANGHAI KID SAGE GREEN PJG XS,0,2,0,0,199000,398000,398000
Okt-2026,TIGALAPANKAOS MANADO,DRESS SHANGHAI KID MAMU,DRESS SHANGHAI KID SAGE GREEN PJG XS,0,2,0,0,199000,398000,398000
Apr-2026,TIGALAPANKAOS MANADO,DRESS SHANGHAI KID MAMU,DRESS SHANGHAI KID SKY BLUE PJG L,0,2,0,0,199000,398000,0
Mei-2026,TIGALAPANKAOS MANADO,DRESS SHANGHAI KID MAMU,DRESS SHANGHAI KID SKY BLUE PJG L,0,2,0,0,199000,398000,398000
Jun-2026,TIGALAPANKAOS MANADO,DRESS SHANGHAI KID MAMU,DRESS SHANGHAI KID SKY BLUE PJG L,0,2,0,0,199000,398000,398000
Jul-2026,TIGALAPANKAOS MANADO,DRESS SHANGHAI KID MAMU,DRESS SHANGHAI KID SKY BLUE PJG L,0,2,0,0,199000,398000,398000
Agu-2026,TIGALAPANKAOS MANADO,DRESS SHANGHAI KID MAMU,DRESS SHANGHAI KID SKY BLUE PJG L,0,2,0,0,199000,398000,398000
Sep-2026,TIGALAPANKAOS MANADO,DRESS SHANGHAI KID MAMU,DRESS SHANGHAI KID SKY BLUE PJG L,0,2,0,0,199000,398000,398000
Okt-2026,TIGALAPANKAOS MANADO,DRESS SHANGHAI KID MAMU,DRESS SHANGHAI KID SKY BLUE PJG L,0,2,0,0,199000,398000,398000
Apr-2026,TIGALAPANKAOS MANADO,DRESS SHANGHAI KID MAMU,DRESS SHANGHAI KID SKY BLUE PJG M,0,2,0,0,199000,398000,0
Mei-2026,TIGALAPANKAOS MANADO,DRESS SHANGHAI KID MAMU,DRESS SHANGHAI KID SKY BLUE PJG M,0,2,0,0,199000,398000,398000
Jun-2026,TIGALAPANKAOS MANADO,DRESS SHANGHAI KID MAMU,DRESS SHANGHAI KID SKY BLUE PJG M,0,2,0,0,199000,398000,398000
Jul-2026,TIGALAPANKAOS MANADO,DRESS SHANGHAI KID MAMU,DRESS SHANGHAI KID SKY BLUE PJG M,0,2,0,0,199000,398000,398000
Agu-2026,TIGALAPANKAOS MANADO,DRESS SHANGHAI KID MAMU,DRESS SHANGHAI KID SKY BLUE PJG M,0,2,0,0,199000,398000,398000
Sep-2026,TIGALAPANKAOS MANADO,DRESS SHANGHAI KID MAMU,DRESS SHANGHAI KID SKY BLUE PJG M,0,2,0,0,199000,398000,398000
Okt-2026,TIGALAPANKAOS MANADO,DRESS SHANGHAI KID MAMU,DRESS SHANGHAI KID SKY BLUE PJG M,0,2,0,0,199000,398000,398000
Apr-2026,TIGALAPANKAOS MANADO,DRESS SHANGHAI KID MAMU,DRESS SHANGHAI KID SKY BLUE PJG S,0,2,0,0,199000,398000,0
Mei-2026,TIGALAPANKAOS MANADO,DRESS SHANGHAI KID MAMU,DRESS SHANGHAI KID SKY BLUE PJG S,0,2,0,0,199000,398000,398000
Jun-2026,TIGALAPANKAOS MANADO,DRESS SHANGHAI KID MAMU,DRESS SHANGHAI KID SKY BLUE PJG S,0,2,0,0,199000,398000,398000
Jul-2026,TIGALAPANKAOS MANADO,DRESS SHANGHAI KID MAMU,DRESS SHANGHAI KID SKY BLUE PJG S,0,2,0,0,199000,398000,398000
Agu-2026,TIGALAPANKAOS MANADO,DRESS SHANGHAI KID MAMU,DRESS SHANGHAI KID SKY BLUE PJG S,0,2,0,0,199000,398000,398000
Sep-2026,TIGALAPANKAOS MANADO,DRESS SHANGHAI KID MAMU,DRESS SHANGHAI KID SKY BLUE PJG S,0,2,0,0,199000,398000,398000
Okt-2026,TIGALAPANKAOS MANADO,DRESS SHANGHAI KID MAMU,DRESS SHANGHAI KID SKY BLUE PJG S,0,2,0,0,199000,398000,398000
Apr-2026,TIGALAPANKAOS MANADO,DRESS SHANGHAI KID MAMU,DRESS SHANGHAI KID SKY BLUE PJG XS,121447,1,0,0,199000,199000,0
Mei-2026,TIGALAPANKAOS MANADO,DRESS SHANGHAI KID MAMU,DRESS SHANGHAI KID SKY BLUE PJG XS,0,1,0,0,199000,199000,199000
Jun-2026,TIGALAPANKAOS MANADO,DRESS SHANGHAI KID MAMU,DRESS SHANGHAI KID SKY BLUE PJG XS,0,1,0,0,199000,199000,199000
Jul-2026,TIGALAPANKAOS MANADO,DRESS SHANGHAI KID MAMU,DRESS SHANGHAI KID SKY BLUE PJG XS,0,1,0,0,199000,199000,199000
Agu-2026,TIGALAPANKAOS MANADO,DRESS SHANGHAI KID MAMU,DRESS SHANGHAI KID SKY BLUE PJG XS,0,1,0,0,199000,199000,199000
Sep-2026,TIGALAPANKAOS MANADO,DRESS SHANGHAI KID MAMU,DRESS SHANGHAI KID SKY BLUE PJG XS,0,1,0,0,199000,199000,199000
Okt-2026,TIGALAPANKAOS MANADO,DRESS SHANGHAI KID MAMU,DRESS SHANGHAI KID SKY BLUE PJG XS,0,1,0,0,199000,199000,199000
Apr-2026,TIGALAPANKAOS PALU,DRESS SHANGHAI KID MAMU,DRESS SHANGHAI KID BUTTER PJG 2XL,0,3,0,0,199000,597000,0
Mei-2026,TIGALAPANKAOS PALU,DRESS SHANGHAI KID MAMU,DRESS SHANGHAI KID BUTTER PJG 2XL,0,3,0,0,199000,597000,597000
Jun-2026,TIGALAPANKAOS PALU,DRESS SHANGHAI KID MAMU,DRESS SHANGHAI KID BUTTER PJG 2XL,0,0,0,0,199000,0,597000
Apr-2026,TIGALAPANKAOS PALU,DRESS SHANGHAI KID MAMU,DRESS SHANGHAI KID BUTTER PJG L,0,3,0,0,199000,597000,0
Mei-2026,TIGALAPANKAOS PALU,DRESS SHANGHAI KID MAMU,DRESS SHANGHAI KID BUTTER PJG L,0,3,0,0,199000,597000,597000
Jun-2026,TIGALAPANKAOS PALU,DRESS SHANGHAI KID MAMU,DRESS SHANGHAI KID BUTTER PJG L,0,3,0,0,199000,597000,597000
Jul-2026,TIGALAPANKAOS PALU,DRESS SHANGHAI KID MAMU,DRESS SHANGHAI KID BUTTER PJG L,0,3,0,0,199000,597000,597000
Agu-2026,TIGALAPANKAOS PALU,DRESS SHANGHAI KID MAMU,DRESS SHANGHAI KID BUTTER PJG L,0,3,0,0,199000,597000,597000
Sep-2026,TIGALAPANKAOS PALU,DRESS SHANGHAI KID MAMU,DRESS SHANGHAI KID BUTTER PJG L,0,3,0,0,199000,597000,597000
Okt-2026,TIGALAPANKAOS PALU,DRESS SHANGHAI KID MAMU,DRESS SHANGHAI KID BUTTER PJG L,0,3,0,0,199000,597000,597000
Apr-2026,TIGALAPANKAOS PALU,DRESS SHANGHAI KID MAMU,DRESS SHANGHAI KID BUTTER PJG M,0,3,0,0,199000,597000,0
Mei-2026,TIGALAPANKAOS PALU,DRESS SHANGHAI KID MAMU,DRESS SHANGHAI KID BUTTER PJG M,0,8,0,0,199000,1592000,597000
Jun-2026,TIGALAPANKAOS PALU,DRESS SHANGHAI KID MAMU,DRESS SHANGHAI KID BUTTER PJG M,0,8,0,0,199000,1592000,1592000
Jul-2026,TIGALAPANKAOS PALU,DRESS SHANGHAI KID MAMU,DRESS SHANGHAI KID BUTTER PJG M,0,8,0,0,199000,1592000,1592000
Agu-2026,TIGALAPANKAOS PALU,DRESS SHANGHAI KID MAMU,DRESS SHANGHAI KID BUTTER PJG M,0,8,0,0,199000,1592000,1592000
Sep-2026,TIGALAPANKAOS PALU,DRESS SHANGHAI KID MAMU,DRESS SHANGHAI KID BUTTER PJG M,0,8,0,0,199000,1592000,1592000
Okt-2026,TIGALAPANKAOS PALU,DRESS SHANGHAI KID MAMU,DRESS SHANGHAI KID BUTTER PJG M,0,8,0,0,199000,1592000,1592000
Apr-2026,TIGALAPANKAOS PALU,DRESS SHANGHAI KID MAMU,DRESS SHANGHAI KID BUTTER PJG S,0,3,0,0,199000,597000,0
Mei-2026,TIGALAPANKAOS PALU,DRESS SHANGHAI KID MAMU,DRESS SHANGHAI KID BUTTER PJG S,121447,7,0,0,199000,1393000,597000
Jun-2026,TIGALAPANKAOS PALU,DRESS SHANGHAI KID MAMU,DRESS SHANGHAI KID BUTTER PJG S,242894,5,0,0,199000,995000,1393000
Jul-2026,TIGALAPANKAOS PALU,DRESS SHANGHAI KID MAMU,DRESS SHANGHAI KID BUTTER PJG S,0,5,0,0,199000,995000,995000
Agu-2026,TIGALAPANKAOS PALU,DRESS SHANGHAI KID MAMU,DRESS SHANGHAI KID BUTTER PJG S,0,5,0,0,199000,995000,995000
Sep-2026,TIGALAPANKAOS PALU,DRESS SHANGHAI KID MAMU,DRESS SHANGHAI KID BUTTER PJG S,0,5,0,0,199000,995000,995000
Okt-2026,TIGALAPANKAOS PALU,DRESS SHANGHAI KID MAMU,DRESS SHANGHAI KID BUTTER PJG S,0,5,0,0,199000,995000,995000
Apr-2026,TIGALAPANKAOS PALU,DRESS SHANGHAI KID MAMU,DRESS SHANGHAI KID BUTTER PJG XL,0,1,0,0,199000,199000,0
Mei-2026,TIGALAPANKAOS PALU,DRESS SHANGHAI KID MAMU,DRESS SHANGHAI KID BUTTER PJG XL,0,2,0,0,199000,398000,199000
Jun-2026,TIGALAPANKAOS PALU,DRESS SHANGHAI KID MAMU,DRESS SHANGHAI KID BUTTER PJG XL,0,2,0,0,199000,398000,398000
Jul-2026,TIGALAPANKAOS PALU,DRESS SHANGHAI KID MAMU,DRESS SHANGHAI KID BUTTER PJG XL,0,2,0,0,199000,398000,398000
Agu-2026,TIGALAPANKAOS PALU,DRESS SHANGHAI KID MAMU,DRESS SHANGHAI KID BUTTER PJG XL,0,2,0,0,199000,398000,398000
Sep-2026,TIGALAPANKAOS PALU,DRESS SHANGHAI KID MAMU,DRESS SHANGHAI KID BUTTER PJG XL,0,2,0,0,199000,398000,398000
Okt-2026,TIGALAPANKAOS PALU,DRESS SHANGHAI KID MAMU,DRESS SHANGHAI KID BUTTER PJG XL,0,2,0,0,199000,398000,398000
Apr-2026,TIGALAPANKAOS PALU,DRESS SHANGHAI KID MAMU,DRESS SHANGHAI KID BUTTER PJG XS,0,2,0,0,199000,398000,0
Mei-2026,TIGALAPANKAOS PALU,DRESS SHANGHAI KID MAMU,DRESS SHANGHAI KID BUTTER PJG XS,0,2,0,0,199000,398000,398000
Jun-2026,TIGALAPANKAOS PALU,DRESS SHANGHAI KID MAMU,DRESS SHANGHAI KID BUTTER PJG XS,0,0,0,0,199000,0,398000
Apr-2026,TIGALAPANKAOS PALU,DRESS SHANGHAI KID MAMU,DRESS SHANGHAI KID LIGHT BROWN PJG 2XL,0,2,0,0,199000,398000,0
Mei-2026,TIGALAPANKAOS PALU,DRESS SHANGHAI KID MAMU,DRESS SHANGHAI KID LIGHT BROWN PJG 2XL,0,2,0,0,199000,398000,398000
Jun-2026,TIGALAPANKAOS PALU,DRESS SHANGHAI KID MAMU,DRESS SHANGHAI KID LIGHT BROWN PJG 2XL,0,0,0,0,199000,0,398000
Apr-2026,TIGALAPANKAOS PALU,DRESS SHANGHAI KID MAMU,DRESS SHANGHAI KID LIGHT BROWN PJG L,0,2,0,0,199000,398000,0
Mei-2026,TIGALAPANKAOS PALU,DRESS SHANGHAI KID MAMU,DRESS SHANGHAI KID LIGHT BROWN PJG L,0,7,0,0,199000,1393000,398000
Jun-2026,TIGALAPANKAOS PALU,DRESS SHANGHAI KID MAMU,DRESS SHANGHAI KID LIGHT BROWN PJG L,122219,0,0,0,199000,0,1393000
Apr-2026,TIGALAPANKAOS PALU,DRESS SHANGHAI KID MAMU,DRESS SHANGHAI KID LIGHT BROWN PJG M,0,2,0,0,199000,398000,0
Mei-2026,TIGALAPANKAOS PALU,DRESS SHANGHAI KID MAMU,DRESS SHANGHAI KID LIGHT BROWN PJG M,0,7,0,0,199000,1393000,398000
Jun-2026,TIGALAPANKAOS PALU,DRESS SHANGHAI KID MAMU,DRESS SHANGHAI KID LIGHT BROWN PJG M,0,7,0,0,199000,1393000,1393000
Jul-2026,TIGALAPANKAOS PALU,DRESS SHANGHAI KID MAMU,DRESS SHANGHAI KID LIGHT BROWN PJG M,0,7,0,0,199000,1393000,1393000
Agu-2026,TIGALAPANKAOS PALU,DRESS SHANGHAI KID MAMU,DRESS SHANGHAI KID LIGHT BROWN PJG M,0,7,0,0,199000,1393000,1393000
Sep-2026,TIGALAPANKAOS PALU,DRESS SHANGHAI KID MAMU,DRESS SHANGHAI KID LIGHT BROWN PJG M,0,7,0,0,199000,1393000,1393000
Okt-2026,TIGALAPANKAOS PALU,DRESS SHANGHAI KID MAMU,DRESS SHANGHAI KID LIGHT BROWN PJG M,0,7,0,0,199000,1393000,1393000
Apr-2026,TIGALAPANKAOS PALU,DRESS SHANGHAI KID MAMU,DRESS SHANGHAI KID LIGHT BROWN PJG S,0,2,0,0,199000,398000,0
Mei-2026,TIGALAPANKAOS PALU,DRESS SHANGHAI KID MAMU,DRESS SHANGHAI KID LIGHT BROWN PJG S,0,7,0,0,199000,1393000,398000
Jun-2026,TIGALAPANKAOS PALU,DRESS SHANGHAI KID MAMU,DRESS SHANGHAI KID LIGHT BROWN PJG S,0,7,0,0,199000,1393000,1393000
Jul-2026,TIGALAPANKAOS PALU,DRESS SHANGHAI KID MAMU,DRESS SHANGHAI KID LIGHT BROWN PJG S,0,7,0,0,199000,1393000,1393000
Agu-2026,TIGALAPANKAOS PALU,DRESS SHANGHAI KID MAMU,DRESS SHANGHAI KID LIGHT BROWN PJG S,0,7,0,0,199000,1393000,1393000
Sep-2026,TIGALAPANKAOS PALU,DRESS SHANGHAI KID MAMU,DRESS SHANGHAI KID LIGHT BROWN PJG S,0,7,0,0,199000,1393000,1393000
Okt-2026,TIGALAPANKAOS PALU,DRESS SHANGHAI KID MAMU,DRESS SHANGHAI KID LIGHT BROWN PJG S,0,7,0,0,199000,1393000,1393000
Apr-2026,TIGALAPANKAOS PALU,DRESS SHANGHAI KID MAMU,DRESS SHANGHAI KID LIGHT BROWN PJG XL,0,2,0,0,199000,398000,0
Mei-2026,TIGALAPANKAOS PALU,DRESS SHANGHAI KID MAMU,DRESS SHANGHAI KID LIGHT BROWN PJG XL,0,2,0,0,199000,398000,398000
Jun-2026,TIGALAPANKAOS PALU,DRESS SHANGHAI KID MAMU,DRESS SHANGHAI KID LIGHT BROWN PJG XL,0,0,0,0,199000,0,398000
Apr-2026,TIGALAPANKAOS PALU,DRESS SHANGHAI KID MAMU,DRESS SHANGHAI KID LIGHT BROWN PJG XS,0,2,0,0,199000,398000,0
Mei-2026,TIGALAPANKAOS PALU,DRESS SHANGHAI KID MAMU,DRESS SHANGHAI KID LIGHT BROWN PJG XS,0,2,0,0,199000,398000,398000
Jun-2026,TIGALAPANKAOS PALU,DRESS SHANGHAI KID MAMU,DRESS SHANGHAI KID LIGHT BROWN PJG XS,0,2,0,0,199000,398000,398000
Jul-2026,TIGALAPANKAOS PALU,DRESS SHANGHAI KID MAMU,DRESS SHANGHAI KID LIGHT BROWN PJG XS,0,2,0,0,199000,398000,398000
Agu-2026,TIGALAPANKAOS PALU,DRESS SHANGHAI KID MAMU,DRESS SHANGHAI KID LIGHT BROWN PJG XS,0,2,0,0,199000,398000,398000
Sep-2026,TIGALAPANKAOS PALU,DRESS SHANGHAI KID MAMU,DRESS SHANGHAI KID LIGHT BROWN PJG XS,0,2,0,0,199000,398000,398000
Okt-2026,TIGALAPANKAOS PALU,DRESS SHANGHAI KID MAMU,DRESS SHANGHAI KID LIGHT BROWN PJG XS,0,2,0,0,199000,398000,398000
Apr-2026,TIGALAPANKAOS PALU,DRESS SHANGHAI KID MAMU,DRESS SHANGHAI KID SAGE GREEN PJG 2XL,0,2,0,0,199000,398000,0
Mei-2026,TIGALAPANKAOS PALU,DRESS SHANGHAI KID MAMU,DRESS SHANGHAI KID SAGE GREEN PJG 2XL,0,2,0,0,199000,398000,398000
Jun-2026,TIGALAPANKAOS PALU,DRESS SHANGHAI KID MAMU,DRESS SHANGHAI KID SAGE GREEN PJG 2XL,0,2,0,0,199000,398000,398000
Jul-2026,TIGALAPANKAOS PALU,DRESS SHANGHAI KID MAMU,DRESS SHANGHAI KID SAGE GREEN PJG 2XL,0,2,0,0,199000,398000,398000
Agu-2026,TIGALAPANKAOS PALU,DRESS SHANGHAI KID MAMU,DRESS SHANGHAI KID SAGE GREEN PJG 2XL,0,2,0,0,199000,398000,398000
Sep-2026,TIGALAPANKAOS PALU,DRESS SHANGHAI KID MAMU,DRESS SHANGHAI KID SAGE GREEN PJG 2XL,0,2,0,0,199000,398000,398000
Okt-2026,TIGALAPANKAOS PALU,DRESS SHANGHAI KID MAMU,DRESS SHANGHAI KID SAGE GREEN PJG 2XL,0,2,0,0,199000,398000,398000
Apr-2026,TIGALAPANKAOS PALU,DRESS SHANGHAI KID MAMU,DRESS SHANGHAI KID SAGE GREEN PJG L,0,2,0,0,199000,398000,0
Mei-2026,TIGALAPANKAOS PALU,DRESS SHANGHAI KID MAMU,DRESS SHANGHAI KID SAGE GREEN PJG L,0,3,0,0,199000,597000,398000
Jun-2026,TIGALAPANKAOS PALU,DRESS SHANGHAI KID MAMU,DRESS SHANGHAI KID SAGE GREEN PJG L,0,3,0,0,199000,597000,597000
Jul-2026,TIGALAPANKAOS PALU,DRESS SHANGHAI KID MAMU,DRESS SHANGHAI KID SAGE GREEN PJG L,0,3,0,0,199000,597000,597000
Agu-2026,TIGALAPANKAOS PALU,DRESS SHANGHAI KID MAMU,DRESS SHANGHAI KID SAGE GREEN PJG L,0,3,0,0,199000,597000,597000
Sep-2026,TIGALAPANKAOS PALU,DRESS SHANGHAI KID MAMU,DRESS SHANGHAI KID SAGE GREEN PJG L,0,3,0,0,199000,597000,597000
Okt-2026,TIGALAPANKAOS PALU,DRESS SHANGHAI KID MAMU,DRESS SHANGHAI KID SAGE GREEN PJG L,0,3,0,0,199000,597000,597000
Apr-2026,TIGALAPANKAOS PALU,DRESS SHANGHAI KID MAMU,DRESS SHANGHAI KID SAGE GREEN PJG M,122269,4,0,0,199000,796000,0
Mei-2026,TIGALAPANKAOS PALU,DRESS SHANGHAI KID MAMU,DRESS SHANGHAI KID SAGE GREEN PJG M,0,9,0,0,199000,1791000,796000
Jun-2026,TIGALAPANKAOS PALU,DRESS SHANGHAI KID MAMU,DRESS SHANGHAI KID SAGE GREEN PJG M,0,9,0,0,199000,1791000,1791000
Jul-2026,TIGALAPANKAOS PALU,DRESS SHANGHAI KID MAMU,DRESS SHANGHAI KID SAGE GREEN PJG M,0,9,0,0,199000,1791000,1791000
Agu-2026,TIGALAPANKAOS PALU,DRESS SHANGHAI KID MAMU,DRESS SHANGHAI KID SAGE GREEN PJG M,0,9,0,0,199000,1791000,1791000
Sep-2026,TIGALAPANKAOS PALU,DRESS SHANGHAI KID MAMU,DRESS SHANGHAI KID SAGE GREEN PJG M,0,9,0,0,199000,1791000,1791000
Okt-2026,TIGALAPANKAOS PALU,DRESS SHANGHAI KID MAMU,DRESS SHANGHAI KID SAGE GREEN PJG M,0,9,0,0,199000,1791000,1791000
Apr-2026,TIGALAPANKAOS PALU,DRESS SHANGHAI KID MAMU,DRESS SHANGHAI KID SAGE GREEN PJG S,0,2,0,0,199000,398000,0
Mei-2026,TIGALAPANKAOS PALU,DRESS SHANGHAI KID MAMU,DRESS SHANGHAI KID SAGE GREEN PJG S,0,7,0,0,199000,1393000,398000
Jun-2026,TIGALAPANKAOS PALU,DRESS SHANGHAI KID MAMU,DRESS SHANGHAI KID SAGE GREEN PJG S,0,7,0,0,199000,1393000,1393000
Jul-2026,TIGALAPANKAOS PALU,DRESS SHANGHAI KID MAMU,DRESS SHANGHAI KID SAGE GREEN PJG S,0,7,0,0,199000,1393000,1393000
Agu-2026,TIGALAPANKAOS PALU,DRESS SHANGHAI KID MAMU,DRESS SHANGHAI KID SAGE GREEN PJG S,0,7,0,0,199000,1393000,1393000
Sep-2026,TIGALAPANKAOS PALU,DRESS SHANGHAI KID MAMU,DRESS SHANGHAI KID SAGE GREEN PJG S,0,7,0,0,199000,1393000,1393000
Okt-2026,TIGALAPANKAOS PALU,DRESS SHANGHAI KID MAMU,DRESS SHANGHAI KID SAGE GREEN PJG S,0,7,0,0,199000,1393000,1393000
Apr-2026,TIGALAPANKAOS PALU,DRESS SHANGHAI KID MAMU,DRESS SHANGHAI KID SAGE GREEN PJG XL,0,3,0,0,199000,597000,0
Mei-2026,TIGALAPANKAOS PALU,DRESS SHANGHAI KID MAMU,DRESS SHANGHAI KID SAGE GREEN PJG XL,0,3,0,0,199000,597000,597000
Jun-2026,TIGALAPANKAOS PALU,DRESS SHANGHAI KID MAMU,DRESS SHANGHAI KID SAGE GREEN PJG XL,0,3,0,0,199000,597000,597000
Jul-2026,TIGALAPANKAOS PALU,DRESS SHANGHAI KID MAMU,DRESS SHANGHAI KID SAGE GREEN PJG XL,0,3,0,0,199000,597000,597000
Agu-2026,TIGALAPANKAOS PALU,DRESS SHANGHAI KID MAMU,DRESS SHANGHAI KID SAGE GREEN PJG XL,0,3,0,0,199000,597000,597000
Sep-2026,TIGALAPANKAOS PALU,DRESS SHANGHAI KID MAMU,DRESS SHANGHAI KID SAGE GREEN PJG XL,0,3,0,0,199000,597000,597000
Okt-2026,TIGALAPANKAOS PALU,DRESS SHANGHAI KID MAMU,DRESS SHANGHAI KID SAGE GREEN PJG XL,0,3,0,0,199000,597000,597000
Apr-2026,TIGALAPANKAOS PALU,DRESS SHANGHAI KID MAMU,DRESS SHANGHAI KID SAGE GREEN PJG XS,121550,1,0,0,199000,199000,0
Mei-2026,TIGALAPANKAOS PALU,DRESS SHANGHAI KID MAMU,DRESS SHANGHAI KID SAGE GREEN PJG XS,0,1,0,0,199000,199000,199000
Jun-2026,TIGALAPANKAOS PALU,DRESS SHANGHAI KID MAMU,DRESS SHANGHAI KID SAGE GREEN PJG XS,0,1,0,0,199000,199000,199000
Jul-2026,TIGALAPANKAOS PALU,DRESS SHANGHAI KID MAMU,DRESS SHANGHAI KID SAGE GREEN PJG XS,0,1,0,0,199000,199000,199000
Agu-2026,TIGALAPANKAOS PALU,DRESS SHANGHAI KID MAMU,DRESS SHANGHAI KID SAGE GREEN PJG XS,0,1,0,0,199000,199000,199000
Sep-2026,TIGALAPANKAOS PALU,DRESS SHANGHAI KID MAMU,DRESS SHANGHAI KID SAGE GREEN PJG XS,0,1,0,0,199000,199000,199000
Okt-2026,TIGALAPANKAOS PALU,DRESS SHANGHAI KID MAMU,DRESS SHANGHAI KID SAGE GREEN PJG XS,0,1,0,0,199000,199000,199000
Apr-2026,TIGALAPANKAOS PALU,DRESS SHANGHAI KID MAMU,DRESS SHANGHAI KID SKY BLUE PJG 2XL,0,2,0,0,199000,398000,0
Mei-2026,TIGALAPANKAOS PALU,DRESS SHANGHAI KID MAMU,DRESS SHANGHAI KID SKY BLUE PJG 2XL,0,2,0,0,199000,398000,398000
Jun-2026,TIGALAPANKAOS PALU,DRESS SHANGHAI KID MAMU,DRESS SHANGHAI KID SKY BLUE PJG 2XL,122991,1,0,0,199000,199000,398000
Jul-2026,TIGALAPANKAOS PALU,DRESS SHANGHAI KID MAMU,DRESS SHANGHAI KID SKY BLUE PJG 2XL,0,1,0,0,199000,199000,199000
Agu-2026,TIGALAPANKAOS PALU,DRESS SHANGHAI KID MAMU,DRESS SHANGHAI KID SKY BLUE PJG 2XL,0,1,0,0,199000,199000,199000
Sep-2026,TIGALAPANKAOS PALU,DRESS SHANGHAI KID MAMU,DRESS SHANGHAI KID SKY BLUE PJG 2XL,0,1,0,0,199000,199000,199000
Okt-2026,TIGALAPANKAOS PALU,DRESS SHANGHAI KID MAMU,DRESS SHANGHAI KID SKY BLUE PJG 2XL,0,1,0,0,199000,199000,199000
Apr-2026,TIGALAPANKAOS PALU,DRESS SHANGHAI KID MAMU,DRESS SHANGHAI KID SKY BLUE PJG L,0,2,0,0,199000,398000,0
Mei-2026,TIGALAPANKAOS PALU,DRESS SHANGHAI KID MAMU,DRESS SHANGHAI KID SKY BLUE PJG L,0,7,0,0,199000,1393000,398000
Jun-2026,TIGALAPANKAOS PALU,DRESS SHANGHAI KID MAMU,DRESS SHANGHAI KID SKY BLUE PJG L,0,7,0,0,199000,1393000,1393000
Jul-2026,TIGALAPANKAOS PALU,DRESS SHANGHAI KID MAMU,DRESS SHANGHAI KID SKY BLUE PJG L,0,7,0,0,199000,1393000,1393000
Agu-2026,TIGALAPANKAOS PALU,DRESS SHANGHAI KID MAMU,DRESS SHANGHAI KID SKY BLUE PJG L,0,7,0,0,199000,1393000,1393000
Sep-2026,TIGALAPANKAOS PALU,DRESS SHANGHAI KID MAMU,DRESS SHANGHAI KID SKY BLUE PJG L,0,7,0,0,199000,1393000,1393000
Okt-2026,TIGALAPANKAOS PALU,DRESS SHANGHAI KID MAMU,DRESS SHANGHAI KID SKY BLUE PJG L,0,7,0,0,199000,1393000,1393000
Apr-2026,TIGALAPANKAOS PALU,DRESS SHANGHAI KID MAMU,DRESS SHANGHAI KID SKY BLUE PJG M,0,2,0,0,199000,398000,0
Mei-2026,TIGALAPANKAOS PALU,DRESS SHANGHAI KID MAMU,DRESS SHANGHAI KID SKY BLUE PJG M,0,3,0,0,199000,597000,398000
Jun-2026,TIGALAPANKAOS PALU,DRESS SHANGHAI KID MAMU,DRESS SHANGHAI KID SKY BLUE PJG M,0,3,0,0,199000,597000,597000
Jul-2026,TIGALAPANKAOS PALU,DRESS SHANGHAI KID MAMU,DRESS SHANGHAI KID SKY BLUE PJG M,0,3,0,0,199000,597000,597000
Agu-2026,TIGALAPANKAOS PALU,DRESS SHANGHAI KID MAMU,DRESS SHANGHAI KID SKY BLUE PJG M,0,3,0,0,199000,597000,597000
Sep-2026,TIGALAPANKAOS PALU,DRESS SHANGHAI KID MAMU,DRESS SHANGHAI KID SKY BLUE PJG M,0,3,0,0,199000,597000,597000
Okt-2026,TIGALAPANKAOS PALU,DRESS SHANGHAI KID MAMU,DRESS SHANGHAI KID SKY BLUE PJG M,0,3,0,0,199000,597000,597000
Apr-2026,TIGALAPANKAOS PALU,DRESS SHANGHAI KID MAMU,DRESS SHANGHAI KID SKY BLUE PJG S,0,2,0,0,199000,398000,0
Mei-2026,TIGALAPANKAOS PALU,DRESS SHANGHAI KID MAMU,DRESS SHANGHAI KID SKY BLUE PJG S,0,7,0,0,199000,1393000,398000
Jun-2026,TIGALAPANKAOS PALU,DRESS SHANGHAI KID MAMU,DRESS SHANGHAI KID SKY BLUE PJG S,0,7,0,0,199000,1393000,1393000
Jul-2026,TIGALAPANKAOS PALU,DRESS SHANGHAI KID MAMU,DRESS SHANGHAI KID SKY BLUE PJG S,121447,6,0,0,199000,1194000,1393000
Agu-2026,TIGALAPANKAOS PALU,DRESS SHANGHAI KID MAMU,DRESS SHANGHAI KID SKY BLUE PJG S,0,6,0,0,199000,1194000,1194000
Sep-2026,TIGALAPANKAOS PALU,DRESS SHANGHAI KID MAMU,DRESS SHANGHAI KID SKY BLUE PJG S,0,6,0,0,199000,1194000,1194000
Okt-2026,TIGALAPANKAOS PALU,DRESS SHANGHAI KID MAMU,DRESS SHANGHAI KID SKY BLUE PJG S,0,6,0,0,199000,1194000,1194000
Apr-2026,TIGALAPANKAOS PALU,DRESS SHANGHAI KID MAMU,DRESS SHANGHAI KID SKY BLUE PJG XL,0,2,0,0,199000,398000,0
Mei-2026,TIGALAPANKAOS PALU,DRESS SHANGHAI KID MAMU,DRESS SHANGHAI KID SKY BLUE PJG XL,0,2,0,0,199000,398000,398000
Jun-2026,TIGALAPANKAOS PALU,DRESS SHANGHAI KID MAMU,DRESS SHANGHAI KID SKY BLUE PJG XL,0,0,0,0,199000,0,398000
Apr-2026,TIGALAPANKAOS PALU,DRESS SHANGHAI KID MAMU,DRESS SHANGHAI KID SKY BLUE PJG XS,121447,3,0,0,199000,597000,0
Mei-2026,TIGALAPANKAOS PALU,DRESS SHANGHAI KID MAMU,DRESS SHANGHAI KID SKY BLUE PJG XS,0,5,0,0,199000,995000,597000
Jun-2026,TIGALAPANKAOS PALU,DRESS SHANGHAI KID MAMU,DRESS SHANGHAI KID SKY BLUE PJG XS,0,5,0,0,199000,995000,995000
Jul-2026,TIGALAPANKAOS PALU,DRESS SHANGHAI KID MAMU,DRESS SHANGHAI KID SKY BLUE PJG XS,0,5,0,0,199000,995000,995000
Agu-2026,TIGALAPANKAOS PALU,DRESS SHANGHAI KID MAMU,DRESS SHANGHAI KID SKY BLUE PJG XS,0,5,0,0,199000,995000,995000
Sep-2026,TIGALAPANKAOS PALU,DRESS SHANGHAI KID MAMU,DRESS SHANGHAI KID SKY BLUE PJG XS,121447,4,0,0,199000,796000,995000
Okt-2026,TIGALAPANKAOS PALU,DRESS SHANGHAI KID MAMU,DRESS SHANGHAI KID SKY BLUE PJG XS,0,4,0,0,199000,796000,796000
Apr-2026,TIGALAPANKAOS POLMAN,DRESS SHANGHAI KID MAMU,DRESS SHANGHAI KID BUTTER PJG L,0,2,0,0,199000,398000,0
Mei-2026,TIGALAPANKAOS POLMAN,DRESS SHANGHAI KID MAMU,DRESS SHANGHAI KID BUTTER PJG L,0,2,0,0,199000,398000,398000
Jun-2026,TIGALAPANKAOS POLMAN,DRESS SHANGHAI KID MAMU,DRESS SHANGHAI KID BUTTER PJG L,0,2,0,0,199000,398000,398000
Jul-2026,TIGALAPANKAOS POLMAN,DRESS SHANGHAI KID MAMU,DRESS SHANGHAI KID BUTTER PJG L,0,2,0,0,199000,398000,398000
Agu-2026,TIGALAPANKAOS POLMAN,DRESS SHANGHAI KID MAMU,DRESS SHANGHAI KID BUTTER PJG L,0,2,0,0,199000,398000,398000
Sep-2026,TIGALAPANKAOS POLMAN,DRESS SHANGHAI KID MAMU,DRESS SHANGHAI KID BUTTER PJG L,0,0,0,0,199000,0,398000
Apr-2026,TIGALAPANKAOS POLMAN,DRESS SHANGHAI KID MAMU,DRESS SHANGHAI KID BUTTER PJG M,0,2,0,0,199000,398000,0
Mei-2026,TIGALAPANKAOS POLMAN,DRESS SHANGHAI KID MAMU,DRESS SHANGHAI KID BUTTER PJG M,0,2,0,0,199000,398000,398000
Jun-2026,TIGALAPANKAOS POLMAN,DRESS SHANGHAI KID MAMU,DRESS SHANGHAI KID BUTTER PJG M,0,2,0,0,199000,398000,398000
Jul-2026,TIGALAPANKAOS POLMAN,DRESS SHANGHAI KID MAMU,DRESS SHANGHAI KID BUTTER PJG M,0,2,0,0,199000,398000,398000
Agu-2026,TIGALAPANKAOS POLMAN,DRESS SHANGHAI KID MAMU,DRESS SHANGHAI KID BUTTER PJG M,0,2,0,0,199000,398000,398000
Sep-2026,TIGALAPANKAOS POLMAN,DRESS SHANGHAI KID MAMU,DRESS SHANGHAI KID BUTTER PJG M,0,0,0,0,199000,0,398000
Apr-2026,TIGALAPANKAOS POLMAN,DRESS SHANGHAI KID MAMU,DRESS SHANGHAI KID BUTTER PJG S,0,1,0,0,199000,199000,0
Mei-2026,TIGALAPANKAOS POLMAN,DRESS SHANGHAI KID MAMU,DRESS SHANGHAI KID BUTTER PJG S,0,1,0,0,199000,199000,199000
Jun-2026,TIGALAPANKAOS POLMAN,DRESS SHANGHAI KID MAMU,DRESS SHANGHAI KID BUTTER PJG S,0,1,0,0,199000,199000,199000
Jul-2026,TIGALAPANKAOS POLMAN,DRESS SHANGHAI KID MAMU,DRESS SHANGHAI KID BUTTER PJG S,0,1,0,0,199000,199000,199000
Agu-2026,TIGALAPANKAOS POLMAN,DRESS SHANGHAI KID MAMU,DRESS SHANGHAI KID BUTTER PJG S,0,1,0,0,199000,199000,199000
Sep-2026,TIGALAPANKAOS POLMAN,DRESS SHANGHAI KID MAMU,DRESS SHANGHAI KID BUTTER PJG S,0,0,0,0,199000,0,199000
Apr-2026,TIGALAPANKAOS POLMAN,DRESS SHANGHAI KID MAMU,DRESS SHANGHAI KID BUTTER PJG XS,0,2,0,0,199000,398000,0
Mei-2026,TIGALAPANKAOS POLMAN,DRESS SHANGHAI KID MAMU,DRESS SHANGHAI KID BUTTER PJG XS,0,2,0,0,199000,398000,398000
Jun-2026,TIGALAPANKAOS POLMAN,DRESS SHANGHAI KID MAMU,DRESS SHANGHAI KID BUTTER PJG XS,0,2,0,0,199000,398000,398000
Jul-2026,TIGALAPANKAOS POLMAN,DRESS SHANGHAI KID MAMU,DRESS SHANGHAI KID BUTTER PJG XS,0,0,0,0,199000,0,398000
Apr-2026,TIGALAPANKAOS POLMAN,DRESS SHANGHAI KID MAMU,DRESS SHANGHAI KID LIGHT BROWN PJG L,0,2,0,0,199000,398000,0
Mei-2026,TIGALAPANKAOS POLMAN,DRESS SHANGHAI KID MAMU,DRESS SHANGHAI KID LIGHT BROWN PJG L,0,2,0,0,199000,398000,398000
Jun-2026,TIGALAPANKAOS POLMAN,DRESS SHANGHAI KID MAMU,DRESS SHANGHAI KID LIGHT BROWN PJG L,0,2,0,0,199000,398000,398000
Jul-2026,TIGALAPANKAOS POLMAN,DRESS SHANGHAI KID MAMU,DRESS SHANGHAI KID LIGHT BROWN PJG L,0,0,0,0,199000,0,398000
Apr-2026,TIGALAPANKAOS POLMAN,DRESS SHANGHAI KID MAMU,DRESS SHANGHAI KID LIGHT BROWN PJG M,0,2,0,0,199000,398000,0
Mei-2026,TIGALAPANKAOS POLMAN,DRESS SHANGHAI KID MAMU,DRESS SHANGHAI KID LIGHT BROWN PJG M,0,2,0,0,199000,398000,398000
Jun-2026,TIGALAPANKAOS POLMAN,DRESS SHANGHAI KID MAMU,DRESS SHANGHAI KID LIGHT BROWN PJG M,0,2,0,0,199000,398000,398000
Jul-2026,TIGALAPANKAOS POLMAN,DRESS SHANGHAI KID MAMU,DRESS SHANGHAI KID LIGHT BROWN PJG M,0,2,0,0,199000,398000,398000
Agu-2026,TIGALAPANKAOS POLMAN,DRESS SHANGHAI KID MAMU,DRESS SHANGHAI KID LIGHT BROWN PJG M,0,2,0,0,199000,398000,398000
Sep-2026,TIGALAPANKAOS POLMAN,DRESS SHANGHAI KID MAMU,DRESS SHANGHAI KID LIGHT BROWN PJG M,0,0,0,0,199000,0,398000
Apr-2026,TIGALAPANKAOS POLMAN,DRESS SHANGHAI KID MAMU,DRESS SHANGHAI KID LIGHT BROWN PJG S,0,2,0,0,199000,398000,0
Mei-2026,TIGALAPANKAOS POLMAN,DRESS SHANGHAI KID MAMU,DRESS SHANGHAI KID LIGHT BROWN PJG S,0,2,0,0,199000,398000,398000
Jun-2026,TIGALAPANKAOS POLMAN,DRESS SHANGHAI KID MAMU,DRESS SHANGHAI KID LIGHT BROWN PJG S,0,2,0,0,199000,398000,398000
Jul-2026,TIGALAPANKAOS POLMAN,DRESS SHANGHAI KID MAMU,DRESS SHANGHAI KID LIGHT BROWN PJG S,0,2,0,0,199000,398000,398000
Agu-2026,TIGALAPANKAOS POLMAN,DRESS SHANGHAI KID MAMU,DRESS SHANGHAI KID LIGHT BROWN PJG S,0,2,0,0,199000,398000,398000
Sep-2026,TIGALAPANKAOS POLMAN,DRESS SHANGHAI KID MAMU,DRESS SHANGHAI KID LIGHT BROWN PJG S,0,0,0,0,199000,0,398000
Apr-2026,TIGALAPANKAOS POLMAN,DRESS SHANGHAI KID MAMU,DRESS SHANGHAI KID LIGHT BROWN PJG XS,0,2,0,0,199000,398000,0
Mei-2026,TIGALAPANKAOS POLMAN,DRESS SHANGHAI KID MAMU,DRESS SHANGHAI KID LIGHT BROWN PJG XS,0,2,0,0,199000,398000,398000
Jun-2026,TIGALAPANKAOS POLMAN,DRESS SHANGHAI KID MAMU,DRESS SHANGHAI KID LIGHT BROWN PJG XS,0,2,0,0,199000,398000,398000
Jul-2026,TIGALAPANKAOS POLMAN,DRESS SHANGHAI KID MAMU,DRESS SHANGHAI KID LIGHT BROWN PJG XS,0,2,0,0,199000,398000,398000
Agu-2026,TIGALAPANKAOS POLMAN,DRESS SHANGHAI KID MAMU,DRESS SHANGHAI KID LIGHT BROWN PJG XS,0,2,0,0,199000,398000,398000
Sep-2026,TIGALAPANKAOS POLMAN,DRESS SHANGHAI KID MAMU,DRESS SHANGHAI KID LIGHT BROWN PJG XS,0,0,0,0,199000,0,398000
Apr-2026,TIGALAPANKAOS POLMAN,DRESS SHANGHAI KID MAMU,DRESS SHANGHAI KID SAGE GREEN PJG L,0,2,0,0,199000,398000,0
Mei-2026,TIGALAPANKAOS POLMAN,DRESS SHANGHAI KID MAMU,DRESS SHANGHAI KID SAGE GREEN PJG L,0,2,0,0,199000,398000,398000
Jun-2026,TIGALAPANKAOS POLMAN,DRESS SHANGHAI KID MAMU,DRESS SHANGHAI KID SAGE GREEN PJG L,0,2,0,0,199000,398000,398000
Jul-2026,TIGALAPANKAOS POLMAN,DRESS SHANGHAI KID MAMU,DRESS SHANGHAI KID SAGE GREEN PJG L,0,2,0,0,199000,398000,398000
Agu-2026,TIGALAPANKAOS POLMAN,DRESS SHANGHAI KID MAMU,DRESS SHANGHAI KID SAGE GREEN PJG L,0,2,0,0,199000,398000,398000
Sep-2026,TIGALAPANKAOS POLMAN,DRESS SHANGHAI KID MAMU,DRESS SHANGHAI KID SAGE GREEN PJG L,0,0,0,0,199000,0,398000
Apr-2026,TIGALAPANKAOS POLMAN,DRESS SHANGHAI KID MAMU,DRESS SHANGHAI KID SAGE GREEN PJG M,0,2,0,0,199000,398000,0
Mei-2026,TIGALAPANKAOS POLMAN,DRESS SHANGHAI KID MAMU,DRESS SHANGHAI KID SAGE GREEN PJG M,0,2,0,0,199000,398000,398000
Jun-2026,TIGALAPANKAOS POLMAN,DRESS SHANGHAI KID MAMU,DRESS SHANGHAI KID SAGE GREEN PJG M,0,2,0,0,199000,398000,398000
Jul-2026,TIGALAPANKAOS POLMAN,DRESS SHANGHAI KID MAMU,DRESS SHANGHAI KID SAGE GREEN PJG M,0,2,0,0,199000,398000,398000
Agu-2026,TIGALAPANKAOS POLMAN,DRESS SHANGHAI KID MAMU,DRESS SHANGHAI KID SAGE GREEN PJG M,0,2,0,0,199000,398000,398000
Sep-2026,TIGALAPANKAOS POLMAN,DRESS SHANGHAI KID MAMU,DRESS SHANGHAI KID SAGE GREEN PJG M,0,0,0,0,199000,0,398000
Apr-2026,TIGALAPANKAOS POLMAN,DRESS SHANGHAI KID MAMU,DRESS SHANGHAI KID SAGE GREEN PJG S,0,2,0,0,199000,398000,0
Mei-2026,TIGALAPANKAOS POLMAN,DRESS SHANGHAI KID MAMU,DRESS SHANGHAI KID SAGE GREEN PJG S,0,2,0,0,199000,398000,398000
Jun-2026,TIGALAPANKAOS POLMAN,DRESS SHANGHAI KID MAMU,DRESS SHANGHAI KID SAGE GREEN PJG S,0,2,0,0,199000,398000,398000
Jul-2026,TIGALAPANKAOS POLMAN,DRESS SHANGHAI KID MAMU,DRESS SHANGHAI KID SAGE GREEN PJG S,0,2,0,0,199000,398000,398000
Agu-2026,TIGALAPANKAOS POLMAN,DRESS SHANGHAI KID MAMU,DRESS SHANGHAI KID SAGE GREEN PJG S,0,2,0,0,199000,398000,398000
Sep-2026,TIGALAPANKAOS POLMAN,DRESS SHANGHAI KID MAMU,DRESS SHANGHAI KID SAGE GREEN PJG S,0,0,0,0,199000,0,398000
Apr-2026,TIGALAPANKAOS POLMAN,DRESS SHANGHAI KID MAMU,DRESS SHANGHAI KID SAGE GREEN PJG XS,0,2,0,0,199000,398000,0
Mei-2026,TIGALAPANKAOS POLMAN,DRESS SHANGHAI KID MAMU,DRESS SHANGHAI KID SAGE GREEN PJG XS,0,2,0,0,199000,398000,398000
Jun-2026,TIGALAPANKAOS POLMAN,DRESS SHANGHAI KID MAMU,DRESS SHANGHAI KID SAGE GREEN PJG XS,0,2,0,0,199000,398000,398000
Jul-2026,TIGALAPANKAOS POLMAN,DRESS SHANGHAI KID MAMU,DRESS SHANGHAI KID SAGE GREEN PJG XS,0,2,0,0,199000,398000,398000
Agu-2026,TIGALAPANKAOS POLMAN,DRESS SHANGHAI KID MAMU,DRESS SHANGHAI KID SAGE GREEN PJG XS,0,2,0,0,199000,398000,398000
Sep-2026,TIGALAPANKAOS POLMAN,DRESS SHANGHAI KID MAMU,DRESS SHANGHAI KID SAGE GREEN PJG XS,0,0,0,0,199000,0,398000
Apr-2026,TIGALAPANKAOS POLMAN,DRESS SHANGHAI KID MAMU,DRESS SHANGHAI KID SKY BLUE PJG L,0,2,0,0,199000,398000,0
Mei-2026,TIGALAPANKAOS POLMAN,DRESS SHANGHAI KID MAMU,DRESS SHANGHAI KID SKY BLUE PJG L,0,2,0,0,199000,398000,398000
Jun-2026,TIGALAPANKAOS POLMAN,DRESS SHANGHAI KID MAMU,DRESS SHANGHAI KID SKY BLUE PJG L,0,2,0,0,199000,398000,398000
Jul-2026,TIGALAPANKAOS POLMAN,DRESS SHANGHAI KID MAMU,DRESS SHANGHAI KID SKY BLUE PJG L,0,2,0,0,199000,398000,398000
Agu-2026,TIGALAPANKAOS POLMAN,DRESS SHANGHAI KID MAMU,DRESS SHANGHAI KID SKY BLUE PJG L,0,2,0,0,199000,398000,398000
Sep-2026,TIGALAPANKAOS POLMAN,DRESS SHANGHAI KID MAMU,DRESS SHANGHAI KID SKY BLUE PJG L,0,0,0,0,199000,0,398000
Apr-2026,TIGALAPANKAOS POLMAN,DRESS SHANGHAI KID MAMU,DRESS SHANGHAI KID SKY BLUE PJG M,0,2,0,0,199000,398000,0
Mei-2026,TIGALAPANKAOS POLMAN,DRESS SHANGHAI KID MAMU,DRESS SHANGHAI KID SKY BLUE PJG M,0,2,0,0,199000,398000,398000
Jun-2026,TIGALAPANKAOS POLMAN,DRESS SHANGHAI KID MAMU,DRESS SHANGHAI KID SKY BLUE PJG M,0,2,0,0,199000,398000,398000
Jul-2026,TIGALAPANKAOS POLMAN,DRESS SHANGHAI KID MAMU,DRESS SHANGHAI KID SKY BLUE PJG M,0,2,0,0,199000,398000,398000
Agu-2026,TIGALAPANKAOS POLMAN,DRESS SHANGHAI KID MAMU,DRESS SHANGHAI KID SKY BLUE PJG M,0,2,0,0,199000,398000,398000
Sep-2026,TIGALAPANKAOS POLMAN,DRESS SHANGHAI KID MAMU,DRESS SHANGHAI KID SKY BLUE PJG M,0,0,0,0,199000,0,398000
Apr-2026,TIGALAPANKAOS POLMAN,DRESS SHANGHAI KID MAMU,DRESS SHANGHAI KID SKY BLUE PJG S,0,2,0,0,199000,398000,0
Mei-2026,TIGALAPANKAOS POLMAN,DRESS SHANGHAI KID MAMU,DRESS SHANGHAI KID SKY BLUE PJG S,0,2,0,0,199000,398000,398000
Jun-2026,TIGALAPANKAOS POLMAN,DRESS SHANGHAI KID MAMU,DRESS SHANGHAI KID SKY BLUE PJG S,0,2,0,0,199000,398000,398000
Jul-2026,TIGALAPANKAOS POLMAN,DRESS SHANGHAI KID MAMU,DRESS SHANGHAI KID SKY BLUE PJG S,0,2,0,0,199000,398000,398000
Agu-2026,TIGALAPANKAOS POLMAN,DRESS SHANGHAI KID MAMU,DRESS SHANGHAI KID SKY BLUE PJG S,0,2,0,0,199000,398000,398000
Sep-2026,TIGALAPANKAOS POLMAN,DRESS SHANGHAI KID MAMU,DRESS SHANGHAI KID SKY BLUE PJG S,0,0,0,0,199000,0,398000
Apr-2026,TIGALAPANKAOS POLMAN,DRESS SHANGHAI KID MAMU,DRESS SHANGHAI KID SKY BLUE PJG XS,0,2,0,0,199000,398000,0
Mei-2026,TIGALAPANKAOS POLMAN,DRESS SHANGHAI KID MAMU,DRESS SHANGHAI KID SKY BLUE PJG XS,0,2,0,0,199000,398000,398000
Jun-2026,TIGALAPANKAOS POLMAN,DRESS SHANGHAI KID MAMU,DRESS SHANGHAI KID SKY BLUE PJG XS,0,2,0,0,199000,398000,398000
Jul-2026,TIGALAPANKAOS POLMAN,DRESS SHANGHAI KID MAMU,DRESS SHANGHAI KID SKY BLUE PJG XS,0,2,0,0,199000,398000,398000
Agu-2026,TIGALAPANKAOS POLMAN,DRESS SHANGHAI KID MAMU,DRESS SHANGHAI KID SKY BLUE PJG XS,0,2,0,0,199000,398000,398000
Sep-2026,TIGALAPANKAOS POLMAN,DRESS SHANGHAI KID MAMU,DRESS SHANGHAI KID SKY BLUE PJG XS,0,0,0,0,199000,0,398000
Apr-2026,TIGALAPANKAOS SAMARINDA,DRESS SHANGHAI KID MAMU,DRESS SHANGHAI KID BUTTER PJG L,0,0,2,0,199000,398000,0
Mei-2026,TIGALAPANKAOS SAMARINDA,DRESS SHANGHAI KID MAMU,DRESS SHANGHAI KID BUTTER PJG L,0,2,0,0,199000,398000,398000
Jun-2026,TIGALAPANKAOS SAMARINDA,DRESS SHANGHAI KID MAMU,DRESS SHANGHAI KID BUTTER PJG L,0,2,0,0,199000,398000,398000
Jul-2026,TIGALAPANKAOS SAMARINDA,DRESS SHANGHAI KID MAMU,DRESS SHANGHAI KID BUTTER PJG L,0,2,0,0,199000,398000,398000
Agu-2026,TIGALAPANKAOS SAMARINDA,DRESS SHANGHAI KID MAMU,DRESS SHANGHAI KID BUTTER PJG L,0,2,0,0,199000,398000,398000
Sep-2026,TIGALAPANKAOS SAMARINDA,DRESS SHANGHAI KID MAMU,DRESS SHANGHAI KID BUTTER PJG L,0,2,0,0,199000,398000,398000
Okt-2026,TIGALAPANKAOS SAMARINDA,DRESS SHANGHAI KID MAMU,DRESS SHANGHAI KID BUTTER PJG L,0,2,0,0,199000,398000,398000
Apr-2026,TIGALAPANKAOS SAMARINDA,DRESS SHANGHAI KID MAMU,DRESS SHANGHAI KID BUTTER PJG M,0,0,5,0,199000,995000,0
Mei-2026,TIGALAPANKAOS SAMARINDA,DRESS SHANGHAI KID MAMU,DRESS SHANGHAI KID BUTTER PJG M,122726,4,0,0,199000,796000,995000
Jun-2026,TIGALAPANKAOS SAMARINDA,DRESS SHANGHAI KID MAMU,DRESS SHANGHAI KID BUTTER PJG M,0,4,0,0,199000,796000,796000
Jul-2026,TIGALAPANKAOS SAMARINDA,DRESS SHANGHAI KID MAMU,DRESS SHANGHAI KID BUTTER PJG M,0,4,0,0,199000,796000,796000
Agu-2026,TIGALAPANKAOS SAMARINDA,DRESS SHANGHAI KID MAMU,DRESS SHANGHAI KID BUTTER PJG M,0,4,0,0,199000,796000,796000
Sep-2026,TIGALAPANKAOS SAMARINDA,DRESS SHANGHAI KID MAMU,DRESS SHANGHAI KID BUTTER PJG M,0,4,0,0,199000,796000,796000
Okt-2026,TIGALAPANKAOS SAMARINDA,DRESS SHANGHAI KID MAMU,DRESS SHANGHAI KID BUTTER PJG M,0,4,0,0,199000,796000,796000
Apr-2026,TIGALAPANKAOS SAMARINDA,DRESS SHANGHAI KID MAMU,DRESS SHANGHAI KID BUTTER PJG S,0,0,5,0,199000,995000,0
Mei-2026,TIGALAPANKAOS SAMARINDA,DRESS SHANGHAI KID MAMU,DRESS SHANGHAI KID BUTTER PJG S,0,5,0,0,199000,995000,995000
Jun-2026,TIGALAPANKAOS SAMARINDA,DRESS SHANGHAI KID MAMU,DRESS SHANGHAI KID BUTTER PJG S,0,5,0,0,199000,995000,995000
Jul-2026,TIGALAPANKAOS SAMARINDA,DRESS SHANGHAI KID MAMU,DRESS SHANGHAI KID BUTTER PJG S,0,5,0,0,199000,995000,995000
Agu-2026,TIGALAPANKAOS SAMARINDA,DRESS SHANGHAI KID MAMU,DRESS SHANGHAI KID BUTTER PJG S,0,5,0,0,199000,995000,995000
Sep-2026,TIGALAPANKAOS SAMARINDA,DRESS SHANGHAI KID MAMU,DRESS SHANGHAI KID BUTTER PJG S,0,5,0,0,199000,995000,995000
Okt-2026,TIGALAPANKAOS SAMARINDA,DRESS SHANGHAI KID MAMU,DRESS SHANGHAI KID BUTTER PJG S,0,5,0,0,199000,995000,995000
Apr-2026,TIGALAPANKAOS SAMARINDA,DRESS SHANGHAI KID MAMU,DRESS SHANGHAI KID BUTTER PJG XS,0,0,2,0,199000,398000,0
Mei-2026,TIGALAPANKAOS SAMARINDA,DRESS SHANGHAI KID MAMU,DRESS SHANGHAI KID BUTTER PJG XS,0,2,0,0,199000,398000,398000
Jun-2026,TIGALAPANKAOS SAMARINDA,DRESS SHANGHAI KID MAMU,DRESS SHANGHAI KID BUTTER PJG XS,0,0,0,0,199000,0,398000
Apr-2026,TIGALAPANKAOS SAMARINDA,DRESS SHANGHAI KID MAMU,DRESS SHANGHAI KID LIGHT BROWN PJG L,0,0,5,0,199000,995000,0
Mei-2026,TIGALAPANKAOS SAMARINDA,DRESS SHANGHAI KID MAMU,DRESS SHANGHAI KID LIGHT BROWN PJG L,0,5,0,0,199000,995000,995000
Jun-2026,TIGALAPANKAOS SAMARINDA,DRESS SHANGHAI KID MAMU,DRESS SHANGHAI KID LIGHT BROWN PJG L,0,0,0,0,199000,0,995000
Apr-2026,TIGALAPANKAOS SAMARINDA,DRESS SHANGHAI KID MAMU,DRESS SHANGHAI KID LIGHT BROWN PJG M,0,0,5,0,199000,995000,0
Mei-2026,TIGALAPANKAOS SAMARINDA,DRESS SHANGHAI KID MAMU,DRESS SHANGHAI KID LIGHT BROWN PJG M,0,5,0,0,199000,995000,995000
Jun-2026,TIGALAPANKAOS SAMARINDA,DRESS SHANGHAI KID MAMU,DRESS SHANGHAI KID LIGHT BROWN PJG M,0,5,0,0,199000,995000,995000
Jul-2026,TIGALAPANKAOS SAMARINDA,DRESS SHANGHAI KID MAMU,DRESS SHANGHAI KID LIGHT BROWN PJG M,0,5,0,0,199000,995000,995000
Agu-2026,TIGALAPANKAOS SAMARINDA,DRESS SHANGHAI KID MAMU,DRESS SHANGHAI KID LIGHT BROWN PJG M,0,5,0,0,199000,995000,995000
Sep-2026,TIGALAPANKAOS SAMARINDA,DRESS SHANGHAI KID MAMU,DRESS SHANGHAI KID LIGHT BROWN PJG M,0,5,0,0,199000,995000,995000
Okt-2026,TIGALAPANKAOS SAMARINDA,DRESS SHANGHAI KID MAMU,DRESS SHANGHAI KID LIGHT BROWN PJG M,0,5,0,0,199000,995000,995000
Apr-2026,TIGALAPANKAOS SAMARINDA,DRESS SHANGHAI KID MAMU,DRESS SHANGHAI KID LIGHT BROWN PJG S,0,0,5,0,199000,995000,0
Mei-2026,TIGALAPANKAOS SAMARINDA,DRESS SHANGHAI KID MAMU,DRESS SHANGHAI KID LIGHT BROWN PJG S,0,5,0,0,199000,995000,995000
Jun-2026,TIGALAPANKAOS SAMARINDA,DRESS SHANGHAI KID MAMU,DRESS SHANGHAI KID LIGHT BROWN PJG S,0,5,0,0,199000,995000,995000
Jul-2026,TIGALAPANKAOS SAMARINDA,DRESS SHANGHAI KID MAMU,DRESS SHANGHAI KID LIGHT BROWN PJG S,121824,5,0,0,199000,995000,995000
Agu-2026,TIGALAPANKAOS SAMARINDA,DRESS SHANGHAI KID MAMU,DRESS SHANGHAI KID LIGHT BROWN PJG S,0,4,0,0,199000,796000,995000
Sep-2026,TIGALAPANKAOS SAMARINDA,DRESS SHANGHAI KID MAMU,DRESS SHANGHAI KID LIGHT BROWN PJG S,0,4,0,0,199000,796000,796000
Okt-2026,TIGALAPANKAOS SAMARINDA,DRESS SHANGHAI KID MAMU,DRESS SHANGHAI KID LIGHT BROWN PJG S,0,4,0,0,199000,796000,796000
Apr-2026,TIGALAPANKAOS SAMARINDA,DRESS SHANGHAI KID MAMU,DRESS SHANGHAI KID LIGHT BROWN PJG XS,0,0,2,0,199000,398000,0
Mei-2026,TIGALAPANKAOS SAMARINDA,DRESS SHANGHAI KID MAMU,DRESS SHANGHAI KID LIGHT BROWN PJG XS,0,2,0,0,199000,398000,398000
Jun-2026,TIGALAPANKAOS SAMARINDA,DRESS SHANGHAI KID MAMU,DRESS SHANGHAI KID LIGHT BROWN PJG XS,0,2,0,0,199000,398000,398000
Jul-2026,TIGALAPANKAOS SAMARINDA,DRESS SHANGHAI KID MAMU,DRESS SHANGHAI KID LIGHT BROWN PJG XS,0,2,0,0,199000,398000,398000
Agu-2026,TIGALAPANKAOS SAMARINDA,DRESS SHANGHAI KID MAMU,DRESS SHANGHAI KID LIGHT BROWN PJG XS,0,2,0,0,199000,398000,398000
Sep-2026,TIGALAPANKAOS SAMARINDA,DRESS SHANGHAI KID MAMU,DRESS SHANGHAI KID LIGHT BROWN PJG XS,0,2,0,0,199000,398000,398000
Okt-2026,TIGALAPANKAOS SAMARINDA,DRESS SHANGHAI KID MAMU,DRESS SHANGHAI KID LIGHT BROWN PJG XS,0,2,0,0,199000,398000,398000
Apr-2026,TIGALAPANKAOS SAMARINDA,DRESS SHANGHAI KID MAMU,DRESS SHANGHAI KID SAGE GREEN PJG L,0,0,2,0,199000,398000,0
Mei-2026,TIGALAPANKAOS SAMARINDA,DRESS SHANGHAI KID MAMU,DRESS SHANGHAI KID SAGE GREEN PJG L,0,2,0,0,199000,398000,398000
Jun-2026,TIGALAPANKAOS SAMARINDA,DRESS SHANGHAI KID MAMU,DRESS SHANGHAI KID SAGE GREEN PJG L,0,2,0,0,199000,398000,398000
Jul-2026,TIGALAPANKAOS SAMARINDA,DRESS SHANGHAI KID MAMU,DRESS SHANGHAI KID SAGE GREEN PJG L,0,2,0,0,199000,398000,398000
Agu-2026,TIGALAPANKAOS SAMARINDA,DRESS SHANGHAI KID MAMU,DRESS SHANGHAI KID SAGE GREEN PJG L,0,2,0,0,199000,398000,398000
Sep-2026,TIGALAPANKAOS SAMARINDA,DRESS SHANGHAI KID MAMU,DRESS SHANGHAI KID SAGE GREEN PJG L,0,2,0,0,199000,398000,398000
Okt-2026,TIGALAPANKAOS SAMARINDA,DRESS SHANGHAI KID MAMU,DRESS SHANGHAI KID SAGE GREEN PJG L,0,2,0,0,199000,398000,398000
Apr-2026,TIGALAPANKAOS SAMARINDA,DRESS SHANGHAI KID MAMU,DRESS SHANGHAI KID SAGE GREEN PJG M,0,0,5,0,199000,995000,0
Mei-2026,TIGALAPANKAOS SAMARINDA,DRESS SHANGHAI KID MAMU,DRESS SHANGHAI KID SAGE GREEN PJG M,0,5,0,0,199000,995000,995000
Jun-2026,TIGALAPANKAOS SAMARINDA,DRESS SHANGHAI KID MAMU,DRESS SHANGHAI KID SAGE GREEN PJG M,0,5,0,0,199000,995000,995000
Jul-2026,TIGALAPANKAOS SAMARINDA,DRESS SHANGHAI KID MAMU,DRESS SHANGHAI KID SAGE GREEN PJG M,0,5,0,0,199000,995000,995000
Agu-2026,TIGALAPANKAOS SAMARINDA,DRESS SHANGHAI KID MAMU,DRESS SHANGHAI KID SAGE GREEN PJG M,122269,4,0,0,199000,796000,995000
Sep-2026,TIGALAPANKAOS SAMARINDA,DRESS SHANGHAI KID MAMU,DRESS SHANGHAI KID SAGE GREEN PJG M,0,4,0,0,199000,796000,796000
Okt-2026,TIGALAPANKAOS SAMARINDA,DRESS SHANGHAI KID MAMU,DRESS SHANGHAI KID SAGE GREEN PJG M,0,4,0,0,199000,796000,796000
Apr-2026,TIGALAPANKAOS SAMARINDA,DRESS SHANGHAI KID MAMU,DRESS SHANGHAI KID SAGE GREEN PJG S,0,0,5,0,199000,995000,0
Mei-2026,TIGALAPANKAOS SAMARINDA,DRESS SHANGHAI KID MAMU,DRESS SHANGHAI KID SAGE GREEN PJG S,0,5,0,0,199000,995000,995000
Jun-2026,TIGALAPANKAOS SAMARINDA,DRESS SHANGHAI KID MAMU,DRESS SHANGHAI KID SAGE GREEN PJG S,0,5,0,0,199000,995000,995000
Jul-2026,TIGALAPANKAOS SAMARINDA,DRESS SHANGHAI KID MAMU,DRESS SHANGHAI KID SAGE GREEN PJG S,0,5,0,0,199000,995000,995000
Agu-2026,TIGALAPANKAOS SAMARINDA,DRESS SHANGHAI KID MAMU,DRESS SHANGHAI KID SAGE GREEN PJG S,121536,4,0,0,199000,796000,995000
Sep-2026,TIGALAPANKAOS SAMARINDA,DRESS SHANGHAI KID MAMU,DRESS SHANGHAI KID SAGE GREEN PJG S,0,4,0,0,199000,796000,796000
Okt-2026,TIGALAPANKAOS SAMARINDA,DRESS SHANGHAI KID MAMU,DRESS SHANGHAI KID SAGE GREEN PJG S,0,4,0,0,199000,796000,796000
Apr-2026,TIGALAPANKAOS SAMARINDA,DRESS SHANGHAI KID MAMU,DRESS SHANGHAI KID SAGE GREEN PJG XS,0,0,2,0,199000,398000,0
Mei-2026,TIGALAPANKAOS SAMARINDA,DRESS SHANGHAI KID MAMU,DRESS SHANGHAI KID SAGE GREEN PJG XS,0,2,0,0,199000,398000,398000
Jun-2026,TIGALAPANKAOS SAMARINDA,DRESS SHANGHAI KID MAMU,DRESS SHANGHAI KID SAGE GREEN PJG XS,0,2,0,0,199000,398000,398000
Jul-2026,TIGALAPANKAOS SAMARINDA,DRESS SHANGHAI KID MAMU,DRESS SHANGHAI KID SAGE GREEN PJG XS,0,2,0,0,199000,398000,398000
Agu-2026,TIGALAPANKAOS SAMARINDA,DRESS SHANGHAI KID MAMU,DRESS SHANGHAI KID SAGE GREEN PJG XS,121447,2,0,0,199000,398000,398000
Sep-2026,TIGALAPANKAOS SAMARINDA,DRESS SHANGHAI KID MAMU,DRESS SHANGHAI KID SAGE GREEN PJG XS,0,1,0,0,199000,199000,398000
Okt-2026,TIGALAPANKAOS SAMARINDA,DRESS SHANGHAI KID MAMU,DRESS SHANGHAI KID SAGE GREEN PJG XS,0,1,0,0,199000,199000,199000
Apr-2026,TIGALAPANKAOS SAMARINDA,DRESS SHANGHAI KID MAMU,DRESS SHANGHAI KID SKY BLUE PJG 2XL,0,0,1,0,199000,199000,0
Mei-2026,TIGALAPANKAOS SAMARINDA,DRESS SHANGHAI KID MAMU,DRESS SHANGHAI KID SKY BLUE PJG 2XL,0,1,0,0,199000,199000,199000
Jun-2026,TIGALAPANKAOS SAMARINDA,DRESS SHANGHAI KID MAMU,DRESS SHANGHAI KID SKY BLUE PJG 2XL,0,1,0,0,199000,199000,199000
Jul-2026,TIGALAPANKAOS SAMARINDA,DRESS SHANGHAI KID MAMU,DRESS SHANGHAI KID SKY BLUE PJG 2XL,0,1,0,0,199000,199000,199000
Agu-2026,TIGALAPANKAOS SAMARINDA,DRESS SHANGHAI KID MAMU,DRESS SHANGHAI KID SKY BLUE PJG 2XL,0,1,0,0,199000,199000,199000
Sep-2026,TIGALAPANKAOS SAMARINDA,DRESS SHANGHAI KID MAMU,DRESS SHANGHAI KID SKY BLUE PJG 2XL,0,1,0,0,199000,199000,199000
Okt-2026,TIGALAPANKAOS SAMARINDA,DRESS SHANGHAI KID MAMU,DRESS SHANGHAI KID SKY BLUE PJG 2XL,0,1,0,0,199000,199000,199000
Apr-2026,TIGALAPANKAOS SAMARINDA,DRESS SHANGHAI KID MAMU,DRESS SHANGHAI KID SKY BLUE PJG L,0,0,5,0,199000,995000,0
Mei-2026,TIGALAPANKAOS SAMARINDA,DRESS SHANGHAI KID MAMU,DRESS SHANGHAI KID SKY BLUE PJG L,0,5,0,0,199000,995000,995000
Jun-2026,TIGALAPANKAOS SAMARINDA,DRESS SHANGHAI KID MAMU,DRESS SHANGHAI KID SKY BLUE PJG L,0,5,0,0,199000,995000,995000
Jul-2026,TIGALAPANKAOS SAMARINDA,DRESS SHANGHAI KID MAMU,DRESS SHANGHAI KID SKY BLUE PJG L,0,5,0,0,199000,995000,995000
Agu-2026,TIGALAPANKAOS SAMARINDA,DRESS SHANGHAI KID MAMU,DRESS SHANGHAI KID SKY BLUE PJG L,0,5,0,0,199000,995000,995000
Sep-2026,TIGALAPANKAOS SAMARINDA,DRESS SHANGHAI KID MAMU,DRESS SHANGHAI KID SKY BLUE PJG L,0,5,0,0,199000,995000,995000
Okt-2026,TIGALAPANKAOS SAMARINDA,DRESS SHANGHAI KID MAMU,DRESS SHANGHAI KID SKY BLUE PJG L,0,5,0,0,199000,995000,995000
Apr-2026,TIGALAPANKAOS SAMARINDA,DRESS SHANGHAI KID MAMU,DRESS SHANGHAI KID SKY BLUE PJG M,0,0,5,0,199000,995000,0
Mei-2026,TIGALAPANKAOS SAMARINDA,DRESS SHANGHAI KID MAMU,DRESS SHANGHAI KID SKY BLUE PJG M,0,4,0,0,199000,796000,995000
Jun-2026,TIGALAPANKAOS SAMARINDA,DRESS SHANGHAI KID MAMU,DRESS SHANGHAI KID SKY BLUE PJG M,0,4,0,0,199000,796000,796000
Jul-2026,TIGALAPANKAOS SAMARINDA,DRESS SHANGHAI KID MAMU,DRESS SHANGHAI KID SKY BLUE PJG M,0,4,0,0,199000,796000,796000
Agu-2026,TIGALAPANKAOS SAMARINDA,DRESS SHANGHAI KID MAMU,DRESS SHANGHAI KID SKY BLUE PJG M,0,4,0,0,199000,796000,796000
Sep-2026,TIGALAPANKAOS SAMARINDA,DRESS SHANGHAI KID MAMU,DRESS SHANGHAI KID SKY BLUE PJG M,0,4,0,0,199000,796000,796000
Okt-2026,TIGALAPANKAOS SAMARINDA,DRESS SHANGHAI KID MAMU,DRESS SHANGHAI KID SKY BLUE PJG M,0,4,0,0,199000,796000,796000
Apr-2026,TIGALAPANKAOS SAMARINDA,DRESS SHANGHAI KID MAMU,DRESS SHANGHAI KID SKY BLUE PJG S,0,0,5,0,199000,995000,0
Mei-2026,TIGALAPANKAOS SAMARINDA,DRESS SHANGHAI KID MAMU,DRESS SHANGHAI KID SKY BLUE PJG S,0,5,0,0,199000,995000,995000
Jun-2026,TIGALAPANKAOS SAMARINDA,DRESS SHANGHAI KID MAMU,DRESS SHANGHAI KID SKY BLUE PJG S,0,5,0,0,199000,995000,995000
Jul-2026,TIGALAPANKAOS SAMARINDA,DRESS SHANGHAI KID MAMU,DRESS SHANGHAI KID SKY BLUE PJG S,0,5,0,0,199000,995000,995000
Agu-2026,TIGALAPANKAOS SAMARINDA,DRESS SHANGHAI KID MAMU,DRESS SHANGHAI KID SKY BLUE PJG S,0,5,0,0,199000,995000,995000
Sep-2026,TIGALAPANKAOS SAMARINDA,DRESS SHANGHAI KID MAMU,DRESS SHANGHAI KID SKY BLUE PJG S,0,5,0,0,199000,995000,995000
Okt-2026,TIGALAPANKAOS SAMARINDA,DRESS SHANGHAI KID MAMU,DRESS SHANGHAI KID SKY BLUE PJG S,0,5,0,0,199000,995000,995000
Apr-2026,TIGALAPANKAOS SAMARINDA,DRESS SHANGHAI KID MAMU,DRESS SHANGHAI KID SKY BLUE PJG XS,0,0,2,0,199000,398000,0
Mei-2026,TIGALAPANKAOS SAMARINDA,DRESS SHANGHAI KID MAMU,DRESS SHANGHAI KID SKY BLUE PJG XS,0,2,0,0,199000,398000,398000
Jun-2026,TIGALAPANKAOS SAMARINDA,DRESS SHANGHAI KID MAMU,DRESS SHANGHAI KID SKY BLUE PJG XS,0,2,0,0,199000,398000,398000
Jul-2026,TIGALAPANKAOS SAMARINDA,DRESS SHANGHAI KID MAMU,DRESS SHANGHAI KID SKY BLUE PJG XS,0,2,0,0,199000,398000,398000
Agu-2026,TIGALAPANKAOS SAMARINDA,DRESS SHANGHAI KID MAMU,DRESS SHANGHAI KID SKY BLUE PJG XS,0,2,0,0,199000,398000,398000
Sep-2026,TIGALAPANKAOS SAMARINDA,DRESS SHANGHAI KID MAMU,DRESS SHANGHAI KID SKY BLUE PJG XS,0,2,0,0,199000,398000,398000
Okt-2026,TIGALAPANKAOS SAMARINDA,DRESS SHANGHAI KID MAMU,DRESS SHANGHAI KID SKY BLUE PJG XS,0,2,0,0,199000,398000,398000
Agu-2026,DC TIGALAPAN,DRESS SHANGHAI KID MAMU,DRESS SHANGHAI KID BUTTER PJG 2XL,0,3,0,0,199000,597000,0
Sep-2026,DC TIGALAPAN,DRESS SHANGHAI KID MAMU,DRESS SHANGHAI KID BUTTER PJG 2XL,0,3,0,0,199000,597000,597000
Okt-2026,DC TIGALAPAN,DRESS SHANGHAI KID MAMU,DRESS SHANGHAI KID BUTTER PJG 2XL,0,3,0,0,199000,597000,597000
Mar-2026,DC TIGALAPAN,DRESS SHANGHAI KID MAMU,DRESS SHANGHAI KID BUTTER PJG L,0,3,0,0,199000,597000,0
Mar-2026,DC TIGALAPAN,DRESS SHANGHAI KID MAMU,DRESS SHANGHAI KID BUTTER PJG M,0,17,0,0,199000,3383000,0
Apr-2026,DC TIGALAPAN,DRESS SHANGHAI KID MAMU,DRESS SHANGHAI KID BUTTER PJG M,0,36,0,0,199000,7164000,3383000
Mei-2026,DC TIGALAPAN,DRESS SHANGHAI KID MAMU,DRESS SHANGHAI KID BUTTER PJG M,0,31,0,0,199000,6169000,7164000
Jun-2026,DC TIGALAPAN,DRESS SHANGHAI KID MAMU,DRESS SHANGHAI KID BUTTER PJG M,0,31,0,0,199000,6169000,6169000
Jul-2026,DC TIGALAPAN,DRESS SHANGHAI KID MAMU,DRESS SHANGHAI KID BUTTER PJG M,0,31,0,0,199000,6169000,6169000
Agu-2026,DC TIGALAPAN,DRESS SHANGHAI KID MAMU,DRESS SHANGHAI KID BUTTER PJG M,0,31,0,0,199000,6169000,6169000
Sep-2026,DC TIGALAPAN,DRESS SHANGHAI KID MAMU,DRESS SHANGHAI KID BUTTER PJG M,0,31,0,0,199000,6169000,6169000
Okt-2026,DC TIGALAPAN,DRESS SHANGHAI KID MAMU,DRESS SHANGHAI KID BUTTER PJG M,0,31,0,0,199000,6169000,6169000
Mar-2026,DC TIGALAPAN,DRESS SHANGHAI KID MAMU,DRESS SHANGHAI KID BUTTER PJG S,0,70,0,0,199000,13930000,0
Apr-2026,DC TIGALAPAN,DRESS SHANGHAI KID MAMU,DRESS SHANGHAI KID BUTTER PJG S,0,23,0,0,199000,4577000,13930000
Mei-2026,DC TIGALAPAN,DRESS SHANGHAI KID MAMU,DRESS SHANGHAI KID BUTTER PJG S,0,18,0,0,199000,3582000,4577000
Jun-2026,DC TIGALAPAN,DRESS SHANGHAI KID MAMU,DRESS SHANGHAI KID BUTTER PJG S,0,18,0,0,199000,3582000,3582000
Jul-2026,DC TIGALAPAN,DRESS SHANGHAI KID MAMU,DRESS SHANGHAI KID BUTTER PJG S,0,18,0,0,199000,3582000,3582000
Agu-2026,DC TIGALAPAN,DRESS SHANGHAI KID MAMU,DRESS SHANGHAI KID BUTTER PJG S,0,18,0,0,199000,3582000,3582000
Sep-2026,DC TIGALAPAN,DRESS SHANGHAI KID MAMU,DRESS SHANGHAI KID BUTTER PJG S,0,18,0,0,199000,3582000,3582000
Okt-2026,DC TIGALAPAN,DRESS SHANGHAI KID MAMU,DRESS SHANGHAI KID BUTTER PJG S,0,18,0,0,199000,3582000,3582000
Mar-2026,DC TIGALAPAN,DRESS SHANGHAI KID MAMU,DRESS SHANGHAI KID BUTTER PJG XS,0,42,0,0,199000,8358000,0
Apr-2026,DC TIGALAPAN,DRESS SHANGHAI KID MAMU,DRESS SHANGHAI KID BUTTER PJG XS,0,1,0,0,199000,199000,8358000
Mei-2026,DC TIGALAPAN,DRESS SHANGHAI KID MAMU,DRESS SHANGHAI KID BUTTER PJG XS,0,1,0,0,199000,199000,199000
Jun-2026,DC TIGALAPAN,DRESS SHANGHAI KID MAMU,DRESS SHANGHAI KID BUTTER PJG XS,0,1,0,0,199000,199000,199000
Jul-2026,DC TIGALAPAN,DRESS SHANGHAI KID MAMU,DRESS SHANGHAI KID BUTTER PJG XS,0,3,0,0,199000,597000,199000
Agu-2026,DC TIGALAPAN,DRESS SHANGHAI KID MAMU,DRESS SHANGHAI KID BUTTER PJG XS,0,12,0,0,199000,2388000,597000
Sep-2026,DC TIGALAPAN,DRESS SHANGHAI KID MAMU,DRESS SHANGHAI KID BUTTER PJG XS,0,15,0,0,199000,2985000,2388000
Okt-2026,DC TIGALAPAN,DRESS SHANGHAI KID MAMU,DRESS SHANGHAI KID BUTTER PJG XS,0,15,0,0,199000,2985000,2985000
Agu-2026,DC TIGALAPAN,DRESS SHANGHAI KID MAMU,DRESS SHANGHAI KID LIGHT BROWN PJG 2XL,0,2,0,0,199000,398000,0
Sep-2026,DC TIGALAPAN,DRESS SHANGHAI KID MAMU,DRESS SHANGHAI KID LIGHT BROWN PJG 2XL,0,2,0,0,199000,398000,398000
Okt-2026,DC TIGALAPAN,DRESS SHANGHAI KID MAMU,DRESS SHANGHAI KID LIGHT BROWN PJG 2XL,0,2,0,0,199000,398000,398000
Mar-2026,DC TIGALAPAN,DRESS SHANGHAI KID MAMU,DRESS SHANGHAI KID LIGHT BROWN PJG L,0,35,0,0,199000,6965000,0
Apr-2026,DC TIGALAPAN,DRESS SHANGHAI KID MAMU,DRESS SHANGHAI KID LIGHT BROWN PJG L,0,23,0,0,199000,4577000,6965000
Mei-2026,DC TIGALAPAN,DRESS SHANGHAI KID MAMU,DRESS SHANGHAI KID LIGHT BROWN PJG L,0,18,0,0,199000,3582000,4577000
Jun-2026,DC TIGALAPAN,DRESS SHANGHAI KID MAMU,DRESS SHANGHAI KID LIGHT BROWN PJG L,0,18,0,0,199000,3582000,3582000
Jul-2026,DC TIGALAPAN,DRESS SHANGHAI KID MAMU,DRESS SHANGHAI KID LIGHT BROWN PJG L,0,23,0,0,199000,4577000,3582000
Agu-2026,DC TIGALAPAN,DRESS SHANGHAI KID MAMU,DRESS SHANGHAI KID LIGHT BROWN PJG L,0,37,0,0,199000,7363000,4577000
Sep-2026,DC TIGALAPAN,DRESS SHANGHAI KID MAMU,DRESS SHANGHAI KID LIGHT BROWN PJG L,0,39,0,0,199000,7761000,7363000
Okt-2026,DC TIGALAPAN,DRESS SHANGHAI KID MAMU,DRESS SHANGHAI KID LIGHT BROWN PJG L,0,39,0,0,199000,7761000,7761000
Mar-2026,DC TIGALAPAN,DRESS SHANGHAI KID MAMU,DRESS SHANGHAI KID LIGHT BROWN PJG M,0,20,0,0,199000,3980000,0
Apr-2026,DC TIGALAPAN,DRESS SHANGHAI KID MAMU,DRESS SHANGHAI KID LIGHT BROWN PJG M,0,22,0,0,199000,4378000,3980000
Mei-2026,DC TIGALAPAN,DRESS SHANGHAI KID MAMU,DRESS SHANGHAI KID LIGHT BROWN PJG M,0,17,0,0,199000,3383000,4378000
Jun-2026,DC TIGALAPAN,DRESS SHANGHAI KID MAMU,DRESS SHANGHAI KID LIGHT BROWN PJG M,0,17,0,0,199000,3383000,3383000
Jul-2026,DC TIGALAPAN,DRESS SHANGHAI KID MAMU,DRESS SHANGHAI KID LIGHT BROWN PJG M,0,17,0,0,199000,3383000,3383000
Agu-2026,DC TIGALAPAN,DRESS SHANGHAI KID MAMU,DRESS SHANGHAI KID LIGHT BROWN PJG M,0,17,0,0,199000,3383000,3383000
Sep-2026,DC TIGALAPAN,DRESS SHANGHAI KID MAMU,DRESS SHANGHAI KID LIGHT BROWN PJG M,0,17,0,0,199000,3383000,3383000
Okt-2026,DC TIGALAPAN,DRESS SHANGHAI KID MAMU,DRESS SHANGHAI KID LIGHT BROWN PJG M,0,17,0,0,199000,3383000,3383000
Mar-2026,DC TIGALAPAN,DRESS SHANGHAI KID MAMU,DRESS SHANGHAI KID LIGHT BROWN PJG S,0,61,0,0,199000,12139000,0
Apr-2026,DC TIGALAPAN,DRESS SHANGHAI KID MAMU,DRESS SHANGHAI KID LIGHT BROWN PJG S,0,15,0,0,199000,2985000,12139000
Mei-2026,DC TIGALAPAN,DRESS SHANGHAI KID MAMU,DRESS SHANGHAI KID LIGHT BROWN PJG S,0,10,0,0,199000,1990000,2985000
Jun-2026,DC TIGALAPAN,DRESS SHANGHAI KID MAMU,DRESS SHANGHAI KID LIGHT BROWN PJG S,0,10,0,0,199000,1990000,1990000
Jul-2026,DC TIGALAPAN,DRESS SHANGHAI KID MAMU,DRESS SHANGHAI KID LIGHT BROWN PJG S,0,10,0,0,199000,1990000,1990000
Agu-2026,DC TIGALAPAN,DRESS SHANGHAI KID MAMU,DRESS SHANGHAI KID LIGHT BROWN PJG S,0,5,0,0,199000,995000,1990000
Sep-2026,DC TIGALAPAN,DRESS SHANGHAI KID MAMU,DRESS SHANGHAI KID LIGHT BROWN PJG S,0,5,0,0,199000,995000,995000
Okt-2026,DC TIGALAPAN,DRESS SHANGHAI KID MAMU,DRESS SHANGHAI KID LIGHT BROWN PJG S,0,5,0,0,199000,995000,995000
Agu-2026,DC TIGALAPAN,DRESS SHANGHAI KID MAMU,DRESS SHANGHAI KID LIGHT BROWN PJG XL,0,2,0,0,199000,398000,0
Sep-2026,DC TIGALAPAN,DRESS SHANGHAI KID MAMU,DRESS SHANGHAI KID LIGHT BROWN PJG XL,0,2,0,0,199000,398000,398000
Okt-2026,DC TIGALAPAN,DRESS SHANGHAI KID MAMU,DRESS SHANGHAI KID LIGHT BROWN PJG XL,0,2,0,0,199000,398000,398000
Mar-2026,DC TIGALAPAN,DRESS SHANGHAI KID MAMU,DRESS SHANGHAI KID LIGHT BROWN PJG XS,0,40,0,0,199000,7960000,0
Mar-2026,DC TIGALAPAN,DRESS SHANGHAI KID MAMU,DRESS SHANGHAI KID SAGE GREEN PJG L,0,19,0,0,199000,3781000,0
Apr-2026,DC TIGALAPAN,DRESS SHANGHAI KID MAMU,DRESS SHANGHAI KID SAGE GREEN PJG L,0,1,0,0,199000,199000,3781000
Mar-2026,DC TIGALAPAN,DRESS SHANGHAI KID MAMU,DRESS SHANGHAI KID SAGE GREEN PJG M,0,39,0,0,199000,7761000,0
Apr-2026,DC TIGALAPAN,DRESS SHANGHAI KID MAMU,DRESS SHANGHAI KID SAGE GREEN PJG M,0,32,0,0,199000,6368000,7761000
Mei-2026,DC TIGALAPAN,DRESS SHANGHAI KID MAMU,DRESS SHANGHAI KID SAGE GREEN PJG M,0,27,0,0,199000,5373000,6368000
Jun-2026,DC TIGALAPAN,DRESS SHANGHAI KID MAMU,DRESS SHANGHAI KID SAGE GREEN PJG M,0,27,0,0,199000,5373000,5373000
Jul-2026,DC TIGALAPAN,DRESS SHANGHAI KID MAMU,DRESS SHANGHAI KID SAGE GREEN PJG M,0,27,0,0,199000,5373000,5373000
Agu-2026,DC TIGALAPAN,DRESS SHANGHAI KID MAMU,DRESS SHANGHAI KID SAGE GREEN PJG M,0,27,0,0,199000,5373000,5373000
Sep-2026,DC TIGALAPAN,DRESS SHANGHAI KID MAMU,DRESS SHANGHAI KID SAGE GREEN PJG M,0,27,0,0,199000,5373000,5373000
Okt-2026,DC TIGALAPAN,DRESS SHANGHAI KID MAMU,DRESS SHANGHAI KID SAGE GREEN PJG M,0,27,0,0,199000,5373000,5373000
Mar-2026,DC TIGALAPAN,DRESS SHANGHAI KID MAMU,DRESS SHANGHAI KID SAGE GREEN PJG S,0,79,0,0,199000,15721000,0
Apr-2026,DC TIGALAPAN,DRESS SHANGHAI KID MAMU,DRESS SHANGHAI KID SAGE GREEN PJG S,0,25,0,0,199000,4975000,15721000
Mei-2026,DC TIGALAPAN,DRESS SHANGHAI KID MAMU,DRESS SHANGHAI KID SAGE GREEN PJG S,0,20,0,0,199000,3980000,4975000
Jun-2026,DC TIGALAPAN,DRESS SHANGHAI KID MAMU,DRESS SHANGHAI KID SAGE GREEN PJG S,0,20,0,0,199000,3980000,3980000
Jul-2026,DC TIGALAPAN,DRESS SHANGHAI KID MAMU,DRESS SHANGHAI KID SAGE GREEN PJG S,0,20,0,0,199000,3980000,3980000
Agu-2026,DC TIGALAPAN,DRESS SHANGHAI KID MAMU,DRESS SHANGHAI KID SAGE GREEN PJG S,0,20,0,0,199000,3980000,3980000
Sep-2026,DC TIGALAPAN,DRESS SHANGHAI KID MAMU,DRESS SHANGHAI KID SAGE GREEN PJG S,0,20,0,0,199000,3980000,3980000
Okt-2026,DC TIGALAPAN,DRESS SHANGHAI KID MAMU,DRESS SHANGHAI KID SAGE GREEN PJG S,0,20,0,0,199000,3980000,3980000
Mar-2026,DC TIGALAPAN,DRESS SHANGHAI KID MAMU,DRESS SHANGHAI KID SAGE GREEN PJG XS,0,42,0,0,199000,8358000,0
Mar-2026,DC TIGALAPAN,DRESS SHANGHAI KID MAMU,DRESS SHANGHAI KID SKY BLUE PJG 2XL,0,1,0,0,199000,199000,0
Mar-2026,DC TIGALAPAN,DRESS SHANGHAI KID MAMU,DRESS SHANGHAI KID SKY BLUE PJG L,0,56,0,0,199000,11144000,0
Apr-2026,DC TIGALAPAN,DRESS SHANGHAI KID MAMU,DRESS SHANGHAI KID SKY BLUE PJG L,0,24,0,0,199000,4776000,11144000
Mei-2026,DC TIGALAPAN,DRESS SHANGHAI KID MAMU,DRESS SHANGHAI KID SKY BLUE PJG L,0,19,0,0,199000,3781000,4776000
Jun-2026,DC TIGALAPAN,DRESS SHANGHAI KID MAMU,DRESS SHANGHAI KID SKY BLUE PJG L,0,19,0,0,199000,3781000,3781000
Jul-2026,DC TIGALAPAN,DRESS SHANGHAI KID MAMU,DRESS SHANGHAI KID SKY BLUE PJG L,0,19,0,0,199000,3781000,3781000
Agu-2026,DC TIGALAPAN,DRESS SHANGHAI KID MAMU,DRESS SHANGHAI KID SKY BLUE PJG L,0,19,0,0,199000,3781000,3781000
Sep-2026,DC TIGALAPAN,DRESS SHANGHAI KID MAMU,DRESS SHANGHAI KID SKY BLUE PJG L,0,19,0,0,199000,3781000,3781000
Okt-2026,DC TIGALAPAN,DRESS SHANGHAI KID MAMU,DRESS SHANGHAI KID SKY BLUE PJG L,0,19,0,0,199000,3781000,3781000
Mar-2026,DC TIGALAPAN,DRESS SHANGHAI KID MAMU,DRESS SHANGHAI KID SKY BLUE PJG M,0,39,0,0,199000,7761000,0
Apr-2026,DC TIGALAPAN,DRESS SHANGHAI KID MAMU,DRESS SHANGHAI KID SKY BLUE PJG M,0,3,0,0,199000,597000,7761000
Mei-2026,DC TIGALAPAN,DRESS SHANGHAI KID MAMU,DRESS SHANGHAI KID SKY BLUE PJG M,0,2,0,0,199000,398000,597000
Jun-2026,DC TIGALAPAN,DRESS SHANGHAI KID MAMU,DRESS SHANGHAI KID SKY BLUE PJG M,0,2,0,0,199000,398000,398000
Jul-2026,DC TIGALAPAN,DRESS SHANGHAI KID MAMU,DRESS SHANGHAI KID SKY BLUE PJG M,0,2,0,0,199000,398000,398000
Agu-2026,DC TIGALAPAN,DRESS SHANGHAI KID MAMU,DRESS SHANGHAI KID SKY BLUE PJG M,0,2,0,0,199000,398000,398000
Sep-2026,DC TIGALAPAN,DRESS SHANGHAI KID MAMU,DRESS SHANGHAI KID SKY BLUE PJG M,0,2,0,0,199000,398000,398000
Okt-2026,DC TIGALAPAN,DRESS SHANGHAI KID MAMU,DRESS SHANGHAI KID SKY BLUE PJG M,0,2,0,0,199000,398000,398000
Mar-2026,DC TIGALAPAN,DRESS SHANGHAI KID MAMU,DRESS SHANGHAI KID SKY BLUE PJG S,0,103,0,0,199000,20497000,0
Apr-2026,DC TIGALAPAN,DRESS SHANGHAI KID MAMU,DRESS SHANGHAI KID SKY BLUE PJG S,0,66,0,0,199000,13134000,20497000
Mei-2026,DC TIGALAPAN,DRESS SHANGHAI KID MAMU,DRESS SHANGHAI KID SKY BLUE PJG S,0,61,0,0,199000,12139000,13134000
Jun-2026,DC TIGALAPAN,DRESS SHANGHAI KID MAMU,DRESS SHANGHAI KID SKY BLUE PJG S,0,61,0,0,199000,12139000,12139000
Jul-2026,DC TIGALAPAN,DRESS SHANGHAI KID MAMU,DRESS SHANGHAI KID SKY BLUE PJG S,0,61,0,0,199000,12139000,12139000
Agu-2026,DC TIGALAPAN,DRESS SHANGHAI KID MAMU,DRESS SHANGHAI KID SKY BLUE PJG S,0,61,0,0,199000,12139000,12139000
Sep-2026,DC TIGALAPAN,DRESS SHANGHAI KID MAMU,DRESS SHANGHAI KID SKY BLUE PJG S,0,61,0,0,199000,12139000,12139000
Okt-2026,DC TIGALAPAN,DRESS SHANGHAI KID MAMU,DRESS SHANGHAI KID SKY BLUE PJG S,0,61,0,0,199000,12139000,12139000
Mar-2026,DC TIGALAPAN,DRESS SHANGHAI KID MAMU,DRESS SHANGHAI KID SKY BLUE PJG XL,0,1,0,0,199000,199000,0
Agu-2026,DC TIGALAPAN,DRESS SHANGHAI KID MAMU,DRESS SHANGHAI KID SKY BLUE PJG XL,0,4,0,0,199000,796000,0
Sep-2026,DC TIGALAPAN,DRESS SHANGHAI KID MAMU,DRESS SHANGHAI KID SKY BLUE PJG XL,0,4,0,0,199000,796000,796000
Okt-2026,DC TIGALAPAN,DRESS SHANGHAI KID MAMU,DRESS SHANGHAI KID SKY BLUE PJG XL,0,4,0,0,199000,796000,796000
Mar-2026,DC TIGALAPAN,DRESS SHANGHAI KID MAMU,DRESS SHANGHAI KID SKY BLUE PJG XS,0,42,0,0,199000,8358000,0
Apr-2026,DC TIGALAPAN,DRESS SHANGHAI KID MAMU,DRESS SHANGHAI KID SKY BLUE PJG XS,0,6,0,0,199000,1194000,8358000
Mei-2026,DC TIGALAPAN,DRESS SHANGHAI KID MAMU,DRESS SHANGHAI KID SKY BLUE PJG XS,0,4,0,0,199000,796000,1194000
Jun-2026,DC TIGALAPAN,DRESS SHANGHAI KID MAMU,DRESS SHANGHAI KID SKY BLUE PJG XS,0,4,0,0,199000,796000,796000
Jul-2026,DC TIGALAPAN,DRESS SHANGHAI KID MAMU,DRESS SHANGHAI KID SKY BLUE PJG XS,0,4,0,0,199000,796000,796000
Agu-2026,DC TIGALAPAN,DRESS SHANGHAI KID MAMU,DRESS SHANGHAI KID SKY BLUE PJG XS,0,4,0,0,199000,796000,796000
Sep-2026,DC TIGALAPAN,DRESS SHANGHAI KID MAMU,DRESS SHANGHAI KID SKY BLUE PJG XS,0,4,0,0,199000,796000,796000
Okt-2026,DC TIGALAPAN,DRESS SHANGHAI KID MAMU,DRESS SHANGHAI KID SKY BLUE PJG XS,0,4,0,0,199000,796000,796000
Apr-2026,DC TIGALAPAN,DRESS SHANGHAI KID MAMU,DRESS SHANGHAI KID BUTTER PJG L,0,0,0,0,199000,0,597000
Apr-2026,DC TIGALAPAN,DRESS SHANGHAI KID MAMU,DRESS SHANGHAI KID LIGHT BROWN PJG XS,0,0,0,0,199000,0,7960000
Mei-2026,DC TIGALAPAN,DRESS SHANGHAI KID MAMU,DRESS SHANGHAI KID SAGE GREEN PJG L,0,0,0,0,199000,0,199000
Apr-2026,DC TIGALAPAN,DRESS SHANGHAI KID MAMU,DRESS SHANGHAI KID SAGE GREEN PJG XS,0,0,0,0,199000,0,8358000
Apr-2026,DC TIGALAPAN,DRESS SHANGHAI KID MAMU,DRESS SHANGHAI KID SKY BLUE PJG 2XL,0,0,0,0,199000,0,199000
Apr-2026,DC TIGALAPAN,DRESS SHANGHAI KID MAMU,DRESS SHANGHAI KID SKY BLUE PJG XL,0,0,0,0,199000,0,199000
