Bulan,Store,Warna,Item,COGS,OH Qty,OD Qty,WIP Qty,HPP,Inventory Akhir,Inventory Awal
Jan-2026,MAMU BTP,DRESS MAMU,DRESS DENIM BLUE 2XL,55575,0,0,0,55575,0,0
Jan-2026,MAMU BTP,DRESS MAMU,DRESS DENIM BLUE L-XL,166725,1,0,0,61749,61749,0
Feb-2026,MAMU BTP,DRESS MAMU,DRESS DENIM BLUE L-XL,0,16,0,0,61749,987984,61749
Mar-2026,MAMU BTP,DRESS MAMU,DRESS DENIM BLUE L-XL,184089,13,0,0,61749,802737,987984
Apr-2026,MAMU BTP,DRESS MAMU,DRESS DENIM BLUE L-XL,0,13,0,0,61749,802737,802737
Mei-2026,MAMU BTP,DRESS MAMU,DRESS DENIM BLUE L-XL,0,13,0,0,61749,802737,802737
Jun-2026,MAMU BTP,DRESS MAMU,DRESS DENIM BLUE L-XL,0,15,0,0,61749,926235,802737
Jul-2026,MAMU BTP,DRESS MAMU,DRESS DENIM BLUE L-XL,0,15,0,0,61749,926235,926235
Agu-2026,MAMU BTP,DRESS MAMU,DRESS DENIM BLUE L-XL,0,15,0,0,61749,926235,926235
Sep-2026,MAMU BTP,DRESS MAMU,DRESS DENIM BLUE L-XL,52430,15,0,0,61749,926235,926235
Okt-2026,MAMU BTP,DRESS MAMU,DRESS DENIM BLUE L-XL,0,15,0,0,61749,926235,926235
Jan-2026,MAMU BTP,DRESS MAMU,DRESS DENIM BLUE PJG L-XL,0,1,0,0,85682,85682,0
Feb-2026,MAMU BTP,DRESS MAMU,DRESS DENIM BLUE PJG L-XL,0,1,0,0,85682,85682,85682
Mar-2026,MAMU BTP,DRESS MAMU,DRESS DENIM BLUE PJG L-XL,77782,0,2,0,85682,171364,85682
Apr-2026,MAMU BTP,DRESS MAMU,DRESS DENIM BLUE PJG L-XL,57121,2,0,0,85682,171364,171364
Mei-2026,MAMU BTP,DRESS MAMU,DRESS DENIM BLUE PJG L-XL,0,2,0,0,85682,171364,171364
Jun-2026,MAMU BTP,DRESS MAMU,DRESS DENIM BLUE PJG L-XL,57121,0,0,0,85682,0,171364
Jan-2026,MAMU BTP,DRESS MAMU,DRESS DENIM BLUE PJG S-M,141912,25,0,0,70137,1753425,0
Feb-2026,MAMU BTP,DRESS MAMU,DRESS DENIM BLUE PJG S-M,70956,24,0,0,70137,1683288,1753425
Mar-2026,MAMU BTP,DRESS MAMU,DRESS DENIM BLUE PJG S-M,212868,16,0,0,70137,1122192,1683288
Apr-2026,MAMU BTP,DRESS MAMU,DRESS DENIM BLUE PJG S-M,212868,8,0,0,70137,561096,1122192
Mei-2026,MAMU BTP,DRESS MAMU,DRESS DENIM BLUE PJG S-M,70956,7,0,0,70137,490959,561096
Jun-2026,MAMU BTP,DRESS MAMU,DRESS DENIM BLUE PJG S-M,0,7,0,0,70137,490959,490959
Jul-2026,MAMU BTP,DRESS MAMU,DRESS DENIM BLUE PJG S-M,70956,7,0,0,70137,490959,490959
Agu-2026,MAMU BTP,DRESS MAMU,DRESS DENIM BLUE PJG S-M,141912,5,0,0,70137,350685,490959
Sep-2026,MAMU BTP,DRESS MAMU,DRESS DENIM BLUE PJG S-M,70956,3,0,0,70137,210411,350685
Okt-2026,MAMU BTP,DRESS MAMU,DRESS DENIM BLUE PJG S-M,0,3,0,0,70137,210411,210411
Jan-2026,MAMU BTP,DRESS MAMU,DRESS DENIM BLUE S-M,103252,32,0,0,61749,1975968,0
Feb-2026,MAMU BTP,DRESS MAMU,DRESS DENIM BLUE S-M,0,32,0,0,61749,1975968,1975968
Mar-2026,MAMU BTP,DRESS MAMU,DRESS DENIM BLUE S-M,103252,30,0,0,61749,1852470,1975968
Apr-2026,MAMU BTP,DRESS MAMU,DRESS DENIM BLUE S-M,154878,27,0,0,61749,1667223,1852470
Mei-2026,MAMU BTP,DRESS MAMU,DRESS DENIM BLUE S-M,0,27,0,0,61749,1667223,1667223
Jun-2026,MAMU BTP,DRESS MAMU,DRESS DENIM BLUE S-M,0,26,0,0,61749,1605474,1667223
Jul-2026,MAMU BTP,DRESS MAMU,DRESS DENIM BLUE S-M,0,26,0,0,61749,1605474,1605474
Agu-2026,MAMU BTP,DRESS MAMU,DRESS DENIM BLUE S-M,0,26,0,0,61749,1605474,1605474
Sep-2026,MAMU BTP,DRESS MAMU,DRESS DENIM BLUE S-M,51626,25,0,0,61749,1543725,1605474
Okt-2026,MAMU BTP,DRESS MAMU,DRESS DENIM BLUE S-M,0,25,0,0,61749,1543725,1543725
Jan-2026,MAMU BTP,DRESS MAMU,DRESS JET BLACK 2XL,59827,0,0,0,59827,0,0
Feb-2026,MAMU BTP,DRESS MAMU,DRESS JET BLACK 2XL,0,10,0,0,59827,598270,0
Mar-2026,MAMU BTP,DRESS MAMU,DRESS JET BLACK 2XL,179481,7,0,0,59827,418789,598270
Apr-2026,MAMU BTP,DRESS MAMU,DRESS JET BLACK 2XL,0,4,0,0,59827,239308,418789
Mei-2026,MAMU BTP,DRESS MAMU,DRESS JET BLACK 2XL,119654,2,0,0,59827,119654,239308
Jun-2026,MAMU BTP,DRESS MAMU,DRESS JET BLACK 2XL,59827,0,0,0,59827,0,119654
Jan-2026,MAMU BTP,DRESS MAMU,DRESS JET BLACK L-XL,358962,0,0,0,63759,0,0
Feb-2026,MAMU BTP,DRESS MAMU,DRESS JET BLACK L-XL,318795,40,0,0,63759,2550360,0
Mar-2026,MAMU BTP,DRESS MAMU,DRESS JET BLACK L-XL,382554,35,0,0,63759,2231565,2550360
Apr-2026,MAMU BTP,DRESS MAMU,DRESS JET BLACK L-XL,0,34,0,0,63759,2167806,2231565
Mei-2026,MAMU BTP,DRESS MAMU,DRESS JET BLACK L-XL,127518,32,0,0,63759,2040288,2167806
Jun-2026,MAMU BTP,DRESS MAMU,DRESS JET BLACK L-XL,61827,32,0,0,63759,2040288,2040288
Jul-2026,MAMU BTP,DRESS MAMU,DRESS JET BLACK L-XL,123824,34,0,0,63759,2167806,2040288
Agu-2026,MAMU BTP,DRESS MAMU,DRESS JET BLACK L-XL,178697,33,0,0,63759,2104047,2167806
Sep-2026,MAMU BTP,DRESS MAMU,DRESS JET BLACK L-XL,58350,31,0,0,63759,1976529,2104047
Okt-2026,MAMU BTP,DRESS MAMU,DRESS JET BLACK L-XL,58350,30,0,0,63759,1912770,1976529
Feb-2026,MAMU BTP,DRESS MAMU,DRESS JET BLACK PJG 2XL,0,15,0,0,88697,1330455,0
Mar-2026,MAMU BTP,DRESS MAMU,DRESS JET BLACK PJG 2XL,266091,9,0,0,88697,798273,1330455
Apr-2026,MAMU BTP,DRESS MAMU,DRESS JET BLACK PJG 2XL,266091,6,0,0,88697,532182,798273
Mei-2026,MAMU BTP,DRESS MAMU,DRESS JET BLACK PJG 2XL,177394,4,0,0,88697,354788,532182
Jun-2026,MAMU BTP,DRESS MAMU,DRESS JET BLACK PJG 2XL,0,3,0,0,88697,266091,354788
Jul-2026,MAMU BTP,DRESS MAMU,DRESS JET BLACK PJG 2XL,0,3,0,0,88697,266091,266091
Agu-2026,MAMU BTP,DRESS MAMU,DRESS JET BLACK PJG 2XL,70958,2,0,0,88697,177394,266091
Sep-2026,MAMU BTP,DRESS MAMU,DRESS JET BLACK PJG 2XL,141916,0,0,0,88697,0,177394
Feb-2026,MAMU BTP,DRESS MAMU,DRESS JET BLACK PJG L-XL,354788,37,0,0,88697,3281789,0
Mar-2026,MAMU BTP,DRESS MAMU,DRESS JET BLACK PJG L-XL,443485,31,0,0,88697,2749607,3281789
Apr-2026,MAMU BTP,DRESS MAMU,DRESS JET BLACK PJG L-XL,0,31,0,0,88697,2749607,2749607
Mei-2026,MAMU BTP,DRESS MAMU,DRESS JET BLACK PJG L-XL,0,28,0,0,88697,2483516,2749607
Jun-2026,MAMU BTP,DRESS MAMU,DRESS JET BLACK PJG L-XL,177394,25,0,0,88697,2217425,2483516
Jul-2026,MAMU BTP,DRESS MAMU,DRESS JET BLACK PJG L-XL,88697,24,0,0,88697,2128728,2217425
Agu-2026,MAMU BTP,DRESS MAMU,DRESS JET BLACK PJG L-XL,354788,20,0,0,88697,1773940,2128728
Sep-2026,MAMU BTP,DRESS MAMU,DRESS JET BLACK PJG L-XL,88697,19,0,0,88697,1685243,1773940
Okt-2026,MAMU BTP,DRESS MAMU,DRESS JET BLACK PJG L-XL,88697,18,0,0,88697,1596546,1685243
Jan-2026,MAMU BTP,DRESS MAMU,DRESS JET BLACK PJG S-M,142826,110,0,0,71309,7843990,0
Feb-2026,MAMU BTP,DRESS MAMU,DRESS JET BLACK PJG S-M,71413,109,0,0,71309,7772681,7843990
Mar-2026,MAMU BTP,DRESS MAMU,DRESS JET BLACK PJG S-M,714130,79,0,0,71420,5642180,7772681
Apr-2026,MAMU BTP,DRESS MAMU,DRESS JET BLACK PJG S-M,71413,78,0,0,71420,5570760,5642180
Mei-2026,MAMU BTP,DRESS MAMU,DRESS JET BLACK PJG S-M,71413,77,0,0,71420,5499340,5570760
Jun-2026,MAMU BTP,DRESS MAMU,DRESS JET BLACK PJG S-M,126410,85,0,0,71420,6070700,5499340
Jul-2026,MAMU BTP,DRESS MAMU,DRESS JET BLACK PJG S-M,190181,87,0,0,71420,6213540,6070700
Agu-2026,MAMU BTP,DRESS MAMU,DRESS JET BLACK PJG S-M,317905,82,0,0,71420,5856440,6213540
Sep-2026,MAMU BTP,DRESS MAMU,DRESS JET BLACK PJG S-M,190743,78,0,0,71420,5570760,5856440
Okt-2026,MAMU BTP,DRESS MAMU,DRESS JET BLACK PJG S-M,63581,77,0,0,71420,5499340,5570760
Jan-2026,MAMU BTP,DRESS MAMU,DRESS JET BLACK S-M,105840,108,0,0,51953,5610924,0
Feb-2026,MAMU BTP,DRESS MAMU,DRESS JET BLACK S-M,211680,104,0,0,51953,5403112,5610924
Mar-2026,MAMU BTP,DRESS MAMU,DRESS JET BLACK S-M,423360,76,0,0,52378,3980728,5403112
Apr-2026,MAMU BTP,DRESS MAMU,DRESS JET BLACK S-M,0,76,0,0,52378,3980728,3980728
Mei-2026,MAMU BTP,DRESS MAMU,DRESS JET BLACK S-M,52920,75,0,0,52378,3928350,3980728
Jun-2026,MAMU BTP,DRESS MAMU,DRESS JET BLACK S-M,52920,74,0,0,52378,3875972,3928350
Jul-2026,MAMU BTP,DRESS MAMU,DRESS JET BLACK S-M,158760,71,0,0,52378,3718838,3875972
Agu-2026,MAMU BTP,DRESS MAMU,DRESS JET BLACK S-M,155860,73,0,0,52378,3823594,3718838
Sep-2026,MAMU BTP,DRESS MAMU,DRESS JET BLACK S-M,50020,71,0,0,52378,3718838,3823594
Okt-2026,MAMU BTP,DRESS MAMU,DRESS JET BLACK S-M,50020,71,0,0,52378,3718838,3718838
Jan-2026,MAMU BTP,DRESS MAMU,DRESS LIGHT BROWN 2XL,0,1,0,0,54611,54611,0
Feb-2026,MAMU BTP,DRESS MAMU,DRESS LIGHT BROWN 2XL,0,0,0,0,54611,0,54611
Mar-2026,MAMU BTP,DRESS MAMU,DRESS LIGHT BROWN 2XL,0,0,3,0,54611,163833,0
Apr-2026,MAMU BTP,DRESS MAMU,DRESS LIGHT BROWN 2XL,0,4,0,0,54611,218444,163833
Mei-2026,MAMU BTP,DRESS MAMU,DRESS LIGHT BROWN 2XL,54611,3,0,0,54611,163833,218444
Jun-2026,MAMU BTP,DRESS MAMU,DRESS LIGHT BROWN 2XL,0,3,0,0,54611,163833,163833
Jul-2026,MAMU BTP,DRESS MAMU,DRESS LIGHT BROWN 2XL,0,3,0,0,54611,163833,163833
Agu-2026,MAMU BTP,DRESS MAMU,DRESS LIGHT BROWN 2XL,54611,2,0,0,54611,109222,163833
Sep-2026,MAMU BTP,DRESS MAMU,DRESS LIGHT BROWN 2XL,0,2,0,0,54611,109222,109222
Okt-2026,MAMU BTP,DRESS MAMU,DRESS LIGHT BROWN 2XL,54611,1,0,0,54611,54611,109222
Feb-2026,MAMU BTP,DRESS MAMU,DRESS LIGHT BROWN L-XL,0,45,0,0,59658,2684610,0
Mar-2026,MAMU BTP,DRESS MAMU,DRESS LIGHT BROWN L-XL,417606,38,0,0,59658,2267004,2684610
Apr-2026,MAMU BTP,DRESS MAMU,DRESS LIGHT BROWN L-XL,0,38,0,0,59658,2267004,2267004
Mei-2026,MAMU BTP,DRESS MAMU,DRESS LIGHT BROWN L-XL,119316,36,0,0,59658,2147688,2267004
Jun-2026,MAMU BTP,DRESS MAMU,DRESS LIGHT BROWN L-XL,119316,34,0,0,59658,2028372,2147688
Jul-2026,MAMU BTP,DRESS MAMU,DRESS LIGHT BROWN L-XL,59658,34,0,0,59658,2028372,2028372
Agu-2026,MAMU BTP,DRESS MAMU,DRESS LIGHT BROWN L-XL,0,33,0,0,59658,1968714,2028372
Sep-2026,MAMU BTP,DRESS MAMU,DRESS LIGHT BROWN L-XL,0,33,0,0,59658,1968714,1968714
Okt-2026,MAMU BTP,DRESS MAMU,DRESS LIGHT BROWN L-XL,0,33,0,0,59658,1968714,1968714
Feb-2026,MAMU BTP,DRESS MAMU,DRESS LIGHT BROWN PJG 2XL,0,5,0,0,82546,412730,0
Mar-2026,MAMU BTP,DRESS MAMU,DRESS LIGHT BROWN PJG 2XL,165092,3,0,0,82546,247638,412730
Apr-2026,MAMU BTP,DRESS MAMU,DRESS LIGHT BROWN PJG 2XL,0,3,0,0,82546,247638,247638
Mei-2026,MAMU BTP,DRESS MAMU,DRESS LIGHT BROWN PJG 2XL,0,3,0,0,82546,247638,247638
Jun-2026,MAMU BTP,DRESS MAMU,DRESS LIGHT BROWN PJG 2XL,61910,1,0,0,82546,82546,247638
Jul-2026,MAMU BTP,DRESS MAMU,DRESS LIGHT BROWN PJG 2XL,0,1,0,0,82546,82546,82546
Agu-2026,MAMU BTP,DRESS MAMU,DRESS LIGHT BROWN PJG 2XL,0,1,0,0,82546,82546,82546
Sep-2026,MAMU BTP,DRESS MAMU,DRESS LIGHT BROWN PJG 2XL,61910,0,0,0,82546,0,82546
Jan-2026,MAMU BTP,DRESS MAMU,DRESS LIGHT BROWN PJG L-XL,76336,3,0,0,82546,247638,0
Feb-2026,MAMU BTP,DRESS MAMU,DRESS LIGHT BROWN PJG L-XL,0,18,0,0,82546,1485828,247638
Mar-2026,MAMU BTP,DRESS MAMU,DRESS LIGHT BROWN PJG L-XL,489066,12,0,0,82546,990552,1485828
Apr-2026,MAMU BTP,DRESS MAMU,DRESS LIGHT BROWN PJG L-XL,0,12,0,0,82546,990552,990552
Mei-2026,MAMU BTP,DRESS MAMU,DRESS LIGHT BROWN PJG L-XL,0,12,0,0,82546,990552,990552
Jun-2026,MAMU BTP,DRESS MAMU,DRESS LIGHT BROWN PJG L-XL,0,12,0,0,82546,990552,990552
Jul-2026,MAMU BTP,DRESS MAMU,DRESS LIGHT BROWN PJG L-XL,81511,12,0,0,82546,990552,990552
Agu-2026,MAMU BTP,DRESS MAMU,DRESS LIGHT BROWN PJG L-XL,74718,11,0,0,82546,908006,990552
Sep-2026,MAMU BTP,DRESS MAMU,DRESS LIGHT BROWN PJG L-XL,0,6,0,0,82546,495276,908006
Okt-2026,MAMU BTP,DRESS MAMU,DRESS LIGHT BROWN PJG L-XL,74718,5,0,0,82546,412730,495276
Jan-2026,MAMU BTP,DRESS MAMU,DRESS LIGHT BROWN PJG S-M,207828,26,0,0,67918,1765868,0
Feb-2026,MAMU BTP,DRESS MAMU,DRESS LIGHT BROWN PJG S-M,0,26,0,0,67918,1765868,1765868
Mar-2026,MAMU BTP,DRESS MAMU,DRESS LIGHT BROWN PJG S-M,346380,16,0,0,67918,1086688,1765868
Apr-2026,MAMU BTP,DRESS MAMU,DRESS LIGHT BROWN PJG S-M,0,16,0,0,67918,1086688,1086688
Mei-2026,MAMU BTP,DRESS MAMU,DRESS LIGHT BROWN PJG S-M,69276,15,0,0,67918,1018770,1086688
Jun-2026,MAMU BTP,DRESS MAMU,DRESS LIGHT BROWN PJG S-M,0,16,0,0,67918,1086688,1018770
Jul-2026,MAMU BTP,DRESS MAMU,DRESS LIGHT BROWN PJG S-M,259784,12,0,0,67918,815016,1086688
Agu-2026,MAMU BTP,DRESS MAMU,DRESS LIGHT BROWN PJG S-M,0,11,0,0,67918,747098,815016
Sep-2026,MAMU BTP,DRESS MAMU,DRESS LIGHT BROWN PJG S-M,64946,10,0,0,67918,679180,747098
Okt-2026,MAMU BTP,DRESS MAMU,DRESS LIGHT BROWN PJG S-M,64946,9,0,0,67918,611262,679180
Jan-2026,MAMU BTP,DRESS MAMU,DRESS LIGHT BROWN S-M,101040,34,0,0,59658,2028372,0
Feb-2026,MAMU BTP,DRESS MAMU,DRESS LIGHT BROWN S-M,105194,42,0,0,59658,2505636,2028372
Mar-2026,MAMU BTP,DRESS MAMU,DRESS LIGHT BROWN S-M,262985,37,0,0,59658,2207346,2505636
Apr-2026,MAMU BTP,DRESS MAMU,DRESS LIGHT BROWN S-M,105194,35,0,0,59658,2088030,2207346
Mei-2026,MAMU BTP,DRESS MAMU,DRESS LIGHT BROWN S-M,52597,34,0,0,59658,2028372,2088030
Jun-2026,MAMU BTP,DRESS MAMU,DRESS LIGHT BROWN S-M,0,33,0,0,59658,1968714,2028372
Jul-2026,MAMU BTP,DRESS MAMU,DRESS LIGHT BROWN S-M,0,33,0,0,59658,1968714,1968714
Agu-2026,MAMU BTP,DRESS MAMU,DRESS LIGHT BROWN S-M,52597,32,0,0,59658,1909056,1968714
Sep-2026,MAMU BTP,DRESS MAMU,DRESS LIGHT BROWN S-M,103497,30,0,0,59658,1789740,1909056
Okt-2026,MAMU BTP,DRESS MAMU,DRESS LIGHT BROWN S-M,50900,29,0,0,59658,1730082,1789740
Jan-2026,MAMU BTP,DRESS MAMU,DRESS SAGE GREEN 2XL,56978,0,0,0,56978,0,0
Feb-2026,MAMU BTP,DRESS MAMU,DRESS SAGE GREEN 2XL,0,10,0,0,56978,569780,0
Mar-2026,MAMU BTP,DRESS MAMU,DRESS SAGE GREEN 2XL,56978,9,0,0,56978,512802,569780
Apr-2026,MAMU BTP,DRESS MAMU,DRESS SAGE GREEN 2XL,56978,8,0,0,56978,455824,512802
Mei-2026,MAMU BTP,DRESS MAMU,DRESS SAGE GREEN 2XL,0,8,0,0,56978,455824,455824
Jun-2026,MAMU BTP,DRESS MAMU,DRESS SAGE GREEN 2XL,0,8,0,0,56978,455824,455824
Jul-2026,MAMU BTP,DRESS MAMU,DRESS SAGE GREEN 2XL,56978,7,0,0,56978,398846,455824
Agu-2026,MAMU BTP,DRESS MAMU,DRESS SAGE GREEN 2XL,0,7,0,0,56978,398846,398846
Sep-2026,MAMU BTP,DRESS MAMU,DRESS SAGE GREEN 2XL,0,7,0,0,56978,398846,398846
Okt-2026,MAMU BTP,DRESS MAMU,DRESS SAGE GREEN 2XL,56978,6,0,0,56978,341868,398846
Jan-2026,MAMU BTP,DRESS MAMU,DRESS SAGE GREEN L-XL,227912,0,0,0,60956,0,0
Feb-2026,MAMU BTP,DRESS MAMU,DRESS SAGE GREEN L-XL,0,46,0,0,60956,2803976,0
Mar-2026,MAMU BTP,DRESS MAMU,DRESS SAGE GREEN L-XL,60956,45,0,0,60956,2743020,2803976
Apr-2026,MAMU BTP,DRESS MAMU,DRESS SAGE GREEN L-XL,0,45,0,0,60956,2743020,2743020
Mei-2026,MAMU BTP,DRESS MAMU,DRESS SAGE GREEN L-XL,0,45,0,0,60956,2743020,2743020
Jun-2026,MAMU BTP,DRESS MAMU,DRESS SAGE GREEN L-XL,121912,43,0,0,60956,2621108,2743020
Jul-2026,MAMU BTP,DRESS MAMU,DRESS SAGE GREEN L-XL,0,45,0,0,60956,2743020,2621108
Agu-2026,MAMU BTP,DRESS MAMU,DRESS SAGE GREEN L-XL,0,45,0,0,60956,2743020,2743020
Sep-2026,MAMU BTP,DRESS MAMU,DRESS SAGE GREEN L-XL,0,46,0,0,60956,2803976,2743020
Okt-2026,MAMU BTP,DRESS MAMU,DRESS SAGE GREEN L-XL,0,46,0,0,60956,2803976,2803976
Jan-2026,MAMU BTP,DRESS MAMU,DRESS SAGE GREEN PJG 2XL,0,1,0,0,84493,84493,0
Feb-2026,MAMU BTP,DRESS MAMU,DRESS SAGE GREEN PJG 2XL,82958,2,0,0,84493,168986,84493
Mar-2026,MAMU BTP,DRESS MAMU,DRESS SAGE GREEN PJG 2XL,82958,0,0,0,84493,0,168986
Jan-2026,MAMU BTP,DRESS MAMU,DRESS SAGE GREEN PJG L-XL,79887,0,0,0,84493,0,0
Feb-2026,MAMU BTP,DRESS MAMU,DRESS SAGE GREEN PJG L-XL,0,17,0,0,84493,1436381,0
Mar-2026,MAMU BTP,DRESS MAMU,DRESS SAGE GREEN PJG L-XL,337972,13,0,0,84493,1098409,1436381
Apr-2026,MAMU BTP,DRESS MAMU,DRESS SAGE GREEN PJG L-XL,0,9,0,0,84493,760437,1098409
Mei-2026,MAMU BTP,DRESS MAMU,DRESS SAGE GREEN PJG L-XL,0,9,0,0,84493,760437,760437
Jun-2026,MAMU BTP,DRESS MAMU,DRESS SAGE GREEN PJG L-XL,0,9,0,0,84493,760437,760437
Jul-2026,MAMU BTP,DRESS MAMU,DRESS SAGE GREEN PJG L-XL,0,9,0,0,84493,760437,760437
Agu-2026,MAMU BTP,DRESS MAMU,DRESS SAGE GREEN PJG L-XL,168986,9,0,0,84493,760437,760437
Sep-2026,MAMU BTP,DRESS MAMU,DRESS SAGE GREEN PJG L-XL,0,7,0,0,84493,591451,760437
Okt-2026,MAMU BTP,DRESS MAMU,DRESS SAGE GREEN PJG L-XL,0,7,0,0,84493,591451,591451
Jan-2026,MAMU BTP,DRESS MAMU,DRESS SAGE GREEN PJG S-M,0,26,0,0,72661,1889186,0
Feb-2026,MAMU BTP,DRESS MAMU,DRESS SAGE GREEN PJG S-M,0,26,0,0,72661,1889186,1889186
Mar-2026,MAMU BTP,DRESS MAMU,DRESS SAGE GREEN PJG S-M,222801,17,0,0,72661,1235237,1889186
Apr-2026,MAMU BTP,DRESS MAMU,DRESS SAGE GREEN PJG S-M,148534,15,0,0,72661,1089915,1235237
Mei-2026,MAMU BTP,DRESS MAMU,DRESS SAGE GREEN PJG S-M,0,15,0,0,72661,1089915,1089915
Jun-2026,MAMU BTP,DRESS MAMU,DRESS SAGE GREEN PJG S-M,0,15,0,0,72661,1089915,1089915
Jul-2026,MAMU BTP,DRESS MAMU,DRESS SAGE GREEN PJG S-M,74267,14,0,0,72661,1017254,1089915
Agu-2026,MAMU BTP,DRESS MAMU,DRESS SAGE GREEN PJG S-M,0,14,0,0,72661,1017254,1017254
Sep-2026,MAMU BTP,DRESS MAMU,DRESS SAGE GREEN PJG S-M,69316,14,0,0,72661,1017254,1017254
Okt-2026,MAMU BTP,DRESS MAMU,DRESS SAGE GREEN PJG S-M,0,14,0,0,72661,1017254,1017254
Jan-2026,MAMU BTP,DRESS MAMU,DRESS SAGE GREEN S-M,107798,37,0,0,60956,2255372,0
Feb-2026,MAMU BTP,DRESS MAMU,DRESS SAGE GREEN S-M,0,82,0,0,60956,4998392,2255372
Mar-2026,MAMU BTP,DRESS MAMU,DRESS SAGE GREEN S-M,173316,79,0,0,60956,4815524,4998392
Apr-2026,MAMU BTP,DRESS MAMU,DRESS SAGE GREEN S-M,57772,78,0,0,60956,4754568,4815524
Mei-2026,MAMU BTP,DRESS MAMU,DRESS SAGE GREEN S-M,0,78,0,0,60956,4754568,4754568
Jun-2026,MAMU BTP,DRESS MAMU,DRESS SAGE GREEN S-M,0,78,0,0,60956,4754568,4754568
Jul-2026,MAMU BTP,DRESS MAMU,DRESS SAGE GREEN S-M,0,80,0,0,60956,4876480,4754568
Agu-2026,MAMU BTP,DRESS MAMU,DRESS SAGE GREEN S-M,0,80,0,0,60956,4876480,4876480
Sep-2026,MAMU BTP,DRESS MAMU,DRESS SAGE GREEN S-M,115689,79,0,0,60956,4815524,4876480
Okt-2026,MAMU BTP,DRESS MAMU,DRESS SAGE GREEN S-M,0,79,0,0,60956,4815524,4815524
Feb-2026,MAMU BTP,DRESS MAMU,DRESS TOFFEE 2XL,0,5,0,0,55768,278840,0
Mar-2026,MAMU BTP,DRESS MAMU,DRESS TOFFEE 2XL,167304,2,0,0,55768,111536,278840
Apr-2026,MAMU BTP,DRESS MAMU,DRESS TOFFEE 2XL,111536,0,0,0,55768,0,111536
Jan-2026,MAMU BTP,DRESS MAMU,DRESS TOFFEE L-XL,501912,1,0,0,56649,56649,0
Feb-2026,MAMU BTP,DRESS MAMU,DRESS TOFFEE L-XL,113260,44,0,0,56649,2492556,56649
Mar-2026,MAMU BTP,DRESS MAMU,DRESS TOFFEE L-XL,226520,41,0,0,56649,2322609,2492556
Apr-2026,MAMU BTP,DRESS MAMU,DRESS TOFFEE L-XL,113260,38,0,0,56649,2152662,2322609
Mei-2026,MAMU BTP,DRESS MAMU,DRESS TOFFEE L-XL,56630,38,0,0,56649,2152662,2152662
Jun-2026,MAMU BTP,DRESS MAMU,DRESS TOFFEE L-XL,0,37,0,0,56649,2096013,2152662
Jul-2026,MAMU BTP,DRESS MAMU,DRESS TOFFEE L-XL,56632,41,0,0,56649,2322609,2096013
Agu-2026,MAMU BTP,DRESS MAMU,DRESS TOFFEE L-XL,56632,40,0,0,56649,2265960,2322609
Sep-2026,MAMU BTP,DRESS MAMU,DRESS TOFFEE L-XL,0,39,0,0,56649,2209311,2265960
Okt-2026,MAMU BTP,DRESS MAMU,DRESS TOFFEE L-XL,0,39,0,0,56649,2209311,2209311
Feb-2026,MAMU BTP,DRESS MAMU,DRESS TOFFEE PJG 2XL,78033,3,0,0,78033,234099,0
Mar-2026,MAMU BTP,DRESS MAMU,DRESS TOFFEE PJG 2XL,78033,0,0,0,78033,0,234099
Feb-2026,MAMU BTP,DRESS MAMU,DRESS TOFFEE PJG L-XL,78033,44,0,0,78033,3433452,0
Mar-2026,MAMU BTP,DRESS MAMU,DRESS TOFFEE PJG L-XL,858363,33,0,0,78033,2575089,3433452
Apr-2026,MAMU BTP,DRESS MAMU,DRESS TOFFEE PJG L-XL,78033,33,0,0,78033,2575089,2575089
Mei-2026,MAMU BTP,DRESS MAMU,DRESS TOFFEE PJG L-XL,156066,31,0,0,78033,2419023,2575089
Jun-2026,MAMU BTP,DRESS MAMU,DRESS TOFFEE PJG L-XL,78033,29,0,0,78033,2262957,2419023
Jul-2026,MAMU BTP,DRESS MAMU,DRESS TOFFEE PJG L-XL,312132,28,0,0,78033,2184924,2262957
Agu-2026,MAMU BTP,DRESS MAMU,DRESS TOFFEE PJG L-XL,156066,26,0,0,78033,2028858,2184924
Sep-2026,MAMU BTP,DRESS MAMU,DRESS TOFFEE PJG L-XL,0,24,0,0,78033,1872792,2028858
Okt-2026,MAMU BTP,DRESS MAMU,DRESS TOFFEE PJG L-XL,78033,23,0,0,78033,1794759,1872792
Jan-2026,MAMU BTP,DRESS MAMU,DRESS TOFFEE PJG S-M,216882,20,0,0,78033,1560660,0
Feb-2026,MAMU BTP,DRESS MAMU,DRESS TOFFEE PJG S-M,76267,64,0,0,78033,4994112,1560660
Mar-2026,MAMU BTP,DRESS MAMU,DRESS TOFFEE PJG S-M,610136,56,0,0,78033,4369848,4994112
Apr-2026,MAMU BTP,DRESS MAMU,DRESS TOFFEE PJG S-M,0,56,0,0,78033,4369848,4369848
Mei-2026,MAMU BTP,DRESS MAMU,DRESS TOFFEE PJG S-M,228801,54,0,0,78033,4213782,4369848
Jun-2026,MAMU BTP,DRESS MAMU,DRESS TOFFEE PJG S-M,0,53,0,0,78033,4135749,4213782
Jul-2026,MAMU BTP,DRESS MAMU,DRESS TOFFEE PJG S-M,0,58,0,0,78033,4525914,4135749
Agu-2026,MAMU BTP,DRESS MAMU,DRESS TOFFEE PJG S-M,152838,57,0,0,78033,4447881,4525914
Sep-2026,MAMU BTP,DRESS MAMU,DRESS TOFFEE PJG S-M,152838,54,0,0,78033,4213782,4447881
Okt-2026,MAMU BTP,DRESS MAMU,DRESS TOFFEE PJG S-M,0,54,0,0,78033,4213782,4213782
Jan-2026,MAMU BTP,DRESS MAMU,DRESS TOFFEE S-M,160095,43,0,0,56649,2435907,0
Feb-2026,MAMU BTP,DRESS MAMU,DRESS TOFFEE S-M,218860,70,0,0,56649,3965430,2435907
Mar-2026,MAMU BTP,DRESS MAMU,DRESS TOFFEE S-M,273575,64,0,0,56649,3625536,3965430
Apr-2026,MAMU BTP,DRESS MAMU,DRESS TOFFEE S-M,164145,47,0,0,56649,2662503,3625536
Mei-2026,MAMU BTP,DRESS MAMU,DRESS TOFFEE S-M,0,46,0,0,56649,2605854,2662503
Jun-2026,MAMU BTP,DRESS MAMU,DRESS TOFFEE S-M,0,46,0,0,56649,2605854,2605854
Jul-2026,MAMU BTP,DRESS MAMU,DRESS TOFFEE S-M,54715,46,0,0,56649,2605854,2605854
Agu-2026,MAMU BTP,DRESS MAMU,DRESS TOFFEE S-M,0,44,0,0,56649,2492556,2605854
Sep-2026,MAMU BTP,DRESS MAMU,DRESS TOFFEE S-M,164145,42,0,0,56649,2379258,2492556
Okt-2026,MAMU BTP,DRESS MAMU,DRESS TOFFEE S-M,0,41,0,0,56649,2322609,2379258
Feb-2026,MAMU BTP,DRESS MAMU,DRESS TWILIGHT MAUVE 2XL,0,5,0,0,56101,280505,0
Mar-2026,MAMU BTP,DRESS MAMU,DRESS TWILIGHT MAUVE 2XL,112202,3,0,0,56101,168303,280505
Apr-2026,MAMU BTP,DRESS MAMU,DRESS TWILIGHT MAUVE 2XL,56101,3,0,0,56101,168303,168303
Mei-2026,MAMU BTP,DRESS MAMU,DRESS TWILIGHT MAUVE 2XL,0,3,0,0,56101,168303,168303
Jun-2026,MAMU BTP,DRESS MAMU,DRESS TWILIGHT MAUVE 2XL,0,3,0,0,56101,168303,168303
Jul-2026,MAMU BTP,DRESS MAMU,DRESS TWILIGHT MAUVE 2XL,0,3,0,0,56101,168303,168303
Agu-2026,MAMU BTP,DRESS MAMU,DRESS TWILIGHT MAUVE 2XL,0,3,0,0,56101,168303,168303
Sep-2026,MAMU BTP,DRESS MAMU,DRESS TWILIGHT MAUVE 2XL,0,3,0,0,56101,168303,168303
Okt-2026,MAMU BTP,DRESS MAMU,DRESS TWILIGHT MAUVE 2XL,56101,2,0,0,56101,112202,168303
Feb-2026,MAMU BTP,DRESS MAMU,DRESS TWILIGHT MAUVE L-XL,0,15,0,0,60287,904305,0
Mar-2026,MAMU BTP,DRESS MAMU,DRESS TWILIGHT MAUVE L-XL,120574,13,0,0,60287,783731,904305
Apr-2026,MAMU BTP,DRESS MAMU,DRESS TWILIGHT MAUVE L-XL,0,13,0,0,60287,783731,783731
Mei-2026,MAMU BTP,DRESS MAMU,DRESS TWILIGHT MAUVE L-XL,0,13,0,0,60287,783731,783731
Jun-2026,MAMU BTP,DRESS MAMU,DRESS TWILIGHT MAUVE L-XL,0,13,0,0,60287,783731,783731
Jul-2026,MAMU BTP,DRESS MAMU,DRESS TWILIGHT MAUVE L-XL,0,18,0,0,60287,1085166,783731
Agu-2026,MAMU BTP,DRESS MAMU,DRESS TWILIGHT MAUVE L-XL,0,18,0,0,60287,1085166,1085166
Sep-2026,MAMU BTP,DRESS MAMU,DRESS TWILIGHT MAUVE L-XL,0,18,0,0,60287,1085166,1085166
Okt-2026,MAMU BTP,DRESS MAMU,DRESS TWILIGHT MAUVE L-XL,0,18,0,0,60287,1085166,1085166
Jan-2026,MAMU BTP,DRESS MAMU,DRESS TWILIGHT MAUVE PJG 2XL,157144,0,0,0,83490,0,0
Mar-2026,MAMU BTP,DRESS MAMU,DRESS TWILIGHT MAUVE PJG 2XL,0,0,2,0,83490,166980,0
Apr-2026,MAMU BTP,DRESS MAMU,DRESS TWILIGHT MAUVE PJG 2XL,0,2,0,0,83490,166980,166980
Mei-2026,MAMU BTP,DRESS MAMU,DRESS TWILIGHT MAUVE PJG 2XL,0,2,0,0,83490,166980,166980
Jun-2026,MAMU BTP,DRESS MAMU,DRESS TWILIGHT MAUVE PJG 2XL,83490,0,0,0,83490,0,166980
Jan-2026,MAMU BTP,DRESS MAMU,DRESS TWILIGHT MAUVE PJG L-XL,0,1,0,0,83490,83490,0
Feb-2026,MAMU BTP,DRESS MAMU,DRESS TWILIGHT MAUVE PJG L-XL,0,6,0,0,83490,500940,83490
Mar-2026,MAMU BTP,DRESS MAMU,DRESS TWILIGHT MAUVE PJG L-XL,82670,5,0,0,83490,417450,500940
Apr-2026,MAMU BTP,DRESS MAMU,DRESS TWILIGHT MAUVE PJG L-XL,83080,9,0,0,83490,751410,417450
Mei-2026,MAMU BTP,DRESS MAMU,DRESS TWILIGHT MAUVE PJG L-XL,83080,8,0,0,83490,667920,751410
Jun-2026,MAMU BTP,DRESS MAMU,DRESS TWILIGHT MAUVE PJG L-XL,83080,6,0,0,83490,500940,667920
Jul-2026,MAMU BTP,DRESS MAMU,DRESS TWILIGHT MAUVE PJG L-XL,0,7,0,0,83490,584430,500940
Agu-2026,MAMU BTP,DRESS MAMU,DRESS TWILIGHT MAUVE PJG L-XL,0,7,0,0,83490,584430,584430
Sep-2026,MAMU BTP,DRESS MAMU,DRESS TWILIGHT MAUVE PJG L-XL,166278,5,0,0,83490,417450,584430
Okt-2026,MAMU BTP,DRESS MAMU,DRESS TWILIGHT MAUVE PJG L-XL,0,5,0,0,83490,417450,417450
Jan-2026,MAMU BTP,DRESS MAMU,DRESS TWILIGHT MAUVE PJG S-M,148228,24,0,0,83490,2003760,0
Feb-2026,MAMU BTP,DRESS MAMU,DRESS TWILIGHT MAUVE PJG S-M,0,24,0,0,83490,2003760,2003760
Mar-2026,MAMU BTP,DRESS MAMU,DRESS TWILIGHT MAUVE PJG S-M,222342,21,0,0,83490,1753290,2003760
Apr-2026,MAMU BTP,DRESS MAMU,DRESS TWILIGHT MAUVE PJG S-M,74114,20,0,0,83490,1669800,1753290
Mei-2026,MAMU BTP,DRESS MAMU,DRESS TWILIGHT MAUVE PJG S-M,0,20,0,0,83490,1669800,1669800
Jun-2026,MAMU BTP,DRESS MAMU,DRESS TWILIGHT MAUVE PJG S-M,0,20,0,0,83490,1669800,1669800
Jul-2026,MAMU BTP,DRESS MAMU,DRESS TWILIGHT MAUVE PJG S-M,148228,18,0,0,83490,1502820,1669800
Agu-2026,MAMU BTP,DRESS MAMU,DRESS TWILIGHT MAUVE PJG S-M,74114,18,0,0,83490,1502820,1502820
Sep-2026,MAMU BTP,DRESS MAMU,DRESS TWILIGHT MAUVE PJG S-M,74114,16,0,0,83490,1335840,1502820
Okt-2026,MAMU BTP,DRESS MAMU,DRESS TWILIGHT MAUVE PJG S-M,0,16,0,0,83490,1335840,1335840
Jan-2026,MAMU BTP,DRESS MAMU,DRESS TWILIGHT MAUVE S-M,161991,33,0,0,60287,1989471,0
Feb-2026,MAMU BTP,DRESS MAMU,DRESS TWILIGHT MAUVE S-M,0,34,0,0,60287,2049758,1989471
Mar-2026,MAMU BTP,DRESS MAMU,DRESS TWILIGHT MAUVE S-M,53997,33,0,0,60287,1989471,2049758
Apr-2026,MAMU BTP,DRESS MAMU,DRESS TWILIGHT MAUVE S-M,53997,32,0,0,60287,1929184,1989471
Mei-2026,MAMU BTP,DRESS MAMU,DRESS TWILIGHT MAUVE S-M,53997,31,0,0,60287,1868897,1929184
Jun-2026,MAMU BTP,DRESS MAMU,DRESS TWILIGHT MAUVE S-M,0,31,0,0,60287,1868897,1868897
Jul-2026,MAMU BTP,DRESS MAMU,DRESS TWILIGHT MAUVE S-M,0,36,0,0,60287,2170332,1868897
Agu-2026,MAMU BTP,DRESS MAMU,DRESS TWILIGHT MAUVE S-M,0,36,0,0,60287,2170332,2170332
Sep-2026,MAMU BTP,DRESS MAMU,DRESS TWILIGHT MAUVE S-M,109742,34,0,0,60287,2049758,2170332
Okt-2026,MAMU BTP,DRESS MAMU,DRESS TWILIGHT MAUVE S-M,0,34,0,0,60287,2049758,2049758
Mar-2026,MAMU GOWA,DRESS MAMU,DRESS DENIM BLUE 2XL,0,2,0,0,55575,111150,0
Apr-2026,MAMU GOWA,DRESS MAMU,DRESS DENIM BLUE 2XL,0,2,0,0,55575,111150,111150
Mei-2026,MAMU GOWA,DRESS MAMU,DRESS DENIM BLUE 2XL,0,2,0,0,55575,111150,111150
Jun-2026,MAMU GOWA,DRESS MAMU,DRESS DENIM BLUE 2XL,55575,1,0,0,55575,55575,111150
Jul-2026,MAMU GOWA,DRESS MAMU,DRESS DENIM BLUE 2XL,0,1,0,0,55575,55575,55575
Agu-2026,MAMU GOWA,DRESS MAMU,DRESS DENIM BLUE 2XL,0,1,0,0,55575,55575,55575
Sep-2026,MAMU GOWA,DRESS MAMU,DRESS DENIM BLUE 2XL,0,1,0,0,55575,55575,55575
Okt-2026,MAMU GOWA,DRESS MAMU,DRESS DENIM BLUE 2XL,0,1,0,0,55575,55575,55575
Mar-2026,MAMU GOWA,DRESS MAMU,DRESS DENIM BLUE L-XL,61749,7,0,0,61749,432243,0
Apr-2026,MAMU GOWA,DRESS MAMU,DRESS DENIM BLUE L-XL,0,6,0,0,61749,370494,432243
Mei-2026,MAMU GOWA,DRESS MAMU,DRESS DENIM BLUE L-XL,0,6,0,0,61749,370494,370494
Jun-2026,MAMU GOWA,DRESS MAMU,DRESS DENIM BLUE L-XL,0,5,0,0,61749,308745,370494
Jul-2026,MAMU GOWA,DRESS MAMU,DRESS DENIM BLUE L-XL,0,6,0,0,61749,370494,308745
Agu-2026,MAMU GOWA,DRESS MAMU,DRESS DENIM BLUE L-XL,51458,5,0,0,61749,308745,370494
Sep-2026,MAMU GOWA,DRESS MAMU,DRESS DENIM BLUE L-XL,0,5,0,0,61749,308745,308745
Okt-2026,MAMU GOWA,DRESS MAMU,DRESS DENIM BLUE L-XL,0,5,0,0,61749,308745,308745
Mar-2026,MAMU GOWA,DRESS MAMU,DRESS DENIM BLUE PJG 2XL,85682,1,0,0,85682,85682,0
Apr-2026,MAMU GOWA,DRESS MAMU,DRESS DENIM BLUE PJG 2XL,0,1,0,0,85682,85682,85682
Mei-2026,MAMU GOWA,DRESS MAMU,DRESS DENIM BLUE PJG 2XL,0,1,0,0,85682,85682,85682
Jun-2026,MAMU GOWA,DRESS MAMU,DRESS DENIM BLUE PJG 2XL,85682,0,0,0,85682,0,85682
Mar-2026,MAMU GOWA,DRESS MAMU,DRESS DENIM BLUE PJG L-XL,342728,0,0,0,85682,0,0
Mar-2026,MAMU GOWA,DRESS MAMU,DRESS DENIM BLUE PJG S-M,354780,0,0,0,70137,0,0
Apr-2026,MAMU GOWA,DRESS MAMU,DRESS DENIM BLUE PJG S-M,0,5,0,0,70137,350685,0
Mei-2026,MAMU GOWA,DRESS MAMU,DRESS DENIM BLUE PJG S-M,0,5,0,0,70137,350685,350685
Jun-2026,MAMU GOWA,DRESS MAMU,DRESS DENIM BLUE PJG S-M,70956,4,0,0,70137,280548,350685
Jul-2026,MAMU GOWA,DRESS MAMU,DRESS DENIM BLUE PJG S-M,0,4,0,0,70137,280548,280548
Agu-2026,MAMU GOWA,DRESS MAMU,DRESS DENIM BLUE PJG S-M,70956,3,0,0,70137,210411,280548
Sep-2026,MAMU GOWA,DRESS MAMU,DRESS DENIM BLUE PJG S-M,0,3,0,0,70137,210411,210411
Okt-2026,MAMU GOWA,DRESS MAMU,DRESS DENIM BLUE PJG S-M,0,3,0,0,70137,210411,210411
Mar-2026,MAMU GOWA,DRESS MAMU,DRESS DENIM BLUE S-M,61749,7,0,0,61749,432243,0
Apr-2026,MAMU GOWA,DRESS MAMU,DRESS DENIM BLUE S-M,0,7,0,0,61749,432243,432243
Mei-2026,MAMU GOWA,DRESS MAMU,DRESS DENIM BLUE S-M,0,7,0,0,61749,432243,432243
Jun-2026,MAMU GOWA,DRESS MAMU,DRESS DENIM BLUE S-M,0,7,0,0,61749,432243,432243
Jul-2026,MAMU GOWA,DRESS MAMU,DRESS DENIM BLUE S-M,61749,6,0,0,61749,370494,432243
Agu-2026,MAMU GOWA,DRESS MAMU,DRESS DENIM BLUE S-M,61749,5,0,0,61749,308745,370494
Sep-2026,MAMU GOWA,DRESS MAMU,DRESS DENIM BLUE S-M,0,5,0,0,61749,308745,308745
Okt-2026,MAMU GOWA,DRESS MAMU,DRESS DENIM BLUE S-M,0,5,0,0,61749,308745,308745
Mar-2026,MAMU GOWA,DRESS MAMU,DRESS JET BLACK 2XL,119654,0,0,0,59827,0,0
Apr-2026,MAMU GOWA,DRESS MAMU,DRESS JET BLACK 2XL,0,3,0,0,59827,179481,0
Mei-2026,MAMU GOWA,DRESS MAMU,DRESS JET BLACK 2XL,0,3,0,0,59827,179481,179481
Jun-2026,MAMU GOWA,DRESS MAMU,DRESS JET BLACK 2XL,59827,2,0,0,59827,119654,179481
Jul-2026,MAMU GOWA,DRESS MAMU,DRESS JET BLACK 2XL,59827,1,0,0,59827,59827,119654
Agu-2026,MAMU GOWA,DRESS MAMU,DRESS JET BLACK 2XL,59827,0,0,0,59827,0,59827
Mar-2026,MAMU GOWA,DRESS MAMU,DRESS JET BLACK L-XL,382554,15,5,0,63759,1275180,0
Apr-2026,MAMU GOWA,DRESS MAMU,DRESS JET BLACK L-XL,0,20,0,0,63759,1275180,1275180
Mei-2026,MAMU GOWA,DRESS MAMU,DRESS JET BLACK L-XL,63759,19,0,0,63759,1211421,1275180
Jun-2026,MAMU GOWA,DRESS MAMU,DRESS JET BLACK L-XL,0,19,0,0,63759,1211421,1211421
Jul-2026,MAMU GOWA,DRESS MAMU,DRESS JET BLACK L-XL,0,19,2,0,63759,1338939,1211421
Agu-2026,MAMU GOWA,DRESS MAMU,DRESS JET BLACK L-XL,63759,20,0,0,63759,1275180,1338939
Sep-2026,MAMU GOWA,DRESS MAMU,DRESS JET BLACK L-XL,0,20,0,0,63759,1275180,1275180
Okt-2026,MAMU GOWA,DRESS MAMU,DRESS JET BLACK L-XL,0,20,0,0,63759,1275180,1275180
Mar-2026,MAMU GOWA,DRESS MAMU,DRESS JET BLACK PJG 2XL,177394,1,0,0,88697,88697,0
Apr-2026,MAMU GOWA,DRESS MAMU,DRESS JET BLACK PJG 2XL,0,1,0,0,88697,88697,88697
Mei-2026,MAMU GOWA,DRESS MAMU,DRESS JET BLACK PJG 2XL,0,1,0,0,88697,88697,88697
Jun-2026,MAMU GOWA,DRESS MAMU,DRESS JET BLACK PJG 2XL,88697,2,0,0,88697,177394,88697
Jul-2026,MAMU GOWA,DRESS MAMU,DRESS JET BLACK PJG 2XL,0,2,0,0,88697,177394,177394
Agu-2026,MAMU GOWA,DRESS MAMU,DRESS JET BLACK PJG 2XL,70958,2,0,0,88697,177394,177394
Sep-2026,MAMU GOWA,DRESS MAMU,DRESS JET BLACK PJG 2XL,70958,0,0,0,88697,0,177394
Mar-2026,MAMU GOWA,DRESS MAMU,DRESS JET BLACK PJG L-XL,266091,0,0,0,88697,0,0
Apr-2026,MAMU GOWA,DRESS MAMU,DRESS JET BLACK PJG L-XL,88697,2,0,0,88697,177394,0
Mei-2026,MAMU GOWA,DRESS MAMU,DRESS JET BLACK PJG L-XL,88697,2,0,0,88697,177394,177394
Jun-2026,MAMU GOWA,DRESS MAMU,DRESS JET BLACK PJG L-XL,0,2,0,0,88697,177394,177394
Jul-2026,MAMU GOWA,DRESS MAMU,DRESS JET BLACK PJG L-XL,0,2,0,0,88697,177394,177394
Agu-2026,MAMU GOWA,DRESS MAMU,DRESS JET BLACK PJG L-XL,0,2,0,0,88697,177394,177394
Sep-2026,MAMU GOWA,DRESS MAMU,DRESS JET BLACK PJG L-XL,0,2,0,0,88697,177394,177394
Okt-2026,MAMU GOWA,DRESS MAMU,DRESS JET BLACK PJG L-XL,0,2,0,0,88697,177394,177394
Mar-2026,MAMU GOWA,DRESS MAMU,DRESS JET BLACK PJG S-M,500269,33,0,0,71420,2356860,0
Apr-2026,MAMU GOWA,DRESS MAMU,DRESS JET BLACK PJG S-M,0,33,0,0,71420,2356860,2356860
Mei-2026,MAMU GOWA,DRESS MAMU,DRESS JET BLACK PJG S-M,0,33,0,0,71420,2356860,2356860
Jun-2026,MAMU GOWA,DRESS MAMU,DRESS JET BLACK PJG S-M,0,32,0,0,71420,2285440,2356860
Jul-2026,MAMU GOWA,DRESS MAMU,DRESS JET BLACK PJG S-M,0,32,2,0,71420,2428280,2285440
Agu-2026,MAMU GOWA,DRESS MAMU,DRESS JET BLACK PJG S-M,71464,33,0,0,71420,2356860,2428280
Sep-2026,MAMU GOWA,DRESS MAMU,DRESS JET BLACK PJG S-M,142928,31,0,0,71420,2214020,2356860
Okt-2026,MAMU GOWA,DRESS MAMU,DRESS JET BLACK PJG S-M,0,31,0,0,71420,2214020,2214020
Mar-2026,MAMU GOWA,DRESS MAMU,DRESS JET BLACK S-M,158760,17,0,0,52378,890426,0
Apr-2026,MAMU GOWA,DRESS MAMU,DRESS JET BLACK S-M,0,17,0,0,52378,890426,890426
Mei-2026,MAMU GOWA,DRESS MAMU,DRESS JET BLACK S-M,52920,17,0,0,52378,890426,890426
Jun-2026,MAMU GOWA,DRESS MAMU,DRESS JET BLACK S-M,0,17,0,0,52378,890426,890426
Jul-2026,MAMU GOWA,DRESS MAMU,DRESS JET BLACK S-M,0,17,2,0,52378,995182,890426
Agu-2026,MAMU GOWA,DRESS MAMU,DRESS JET BLACK S-M,50078,18,0,0,52378,942804,995182
Sep-2026,MAMU GOWA,DRESS MAMU,DRESS JET BLACK S-M,0,18,0,0,52378,942804,942804
Okt-2026,MAMU GOWA,DRESS MAMU,DRESS JET BLACK S-M,50078,17,0,0,52378,890426,942804
Mar-2026,MAMU GOWA,DRESS MAMU,DRESS LIGHT BROWN 2XL,0,2,0,0,54611,109222,0
Apr-2026,MAMU GOWA,DRESS MAMU,DRESS LIGHT BROWN 2XL,0,2,0,0,54611,109222,109222
Mei-2026,MAMU GOWA,DRESS MAMU,DRESS LIGHT BROWN 2XL,54611,1,0,0,54611,54611,109222
Jun-2026,MAMU GOWA,DRESS MAMU,DRESS LIGHT BROWN 2XL,0,0,0,0,54611,0,54611
Mar-2026,MAMU GOWA,DRESS MAMU,DRESS LIGHT BROWN L-XL,0,4,0,0,59658,238632,0
Apr-2026,MAMU GOWA,DRESS MAMU,DRESS LIGHT BROWN L-XL,0,5,0,0,59658,298290,238632
Mei-2026,MAMU GOWA,DRESS MAMU,DRESS LIGHT BROWN L-XL,59658,4,0,0,59658,238632,298290
Jun-2026,MAMU GOWA,DRESS MAMU,DRESS LIGHT BROWN L-XL,0,5,0,0,59658,298290,238632
Jul-2026,MAMU GOWA,DRESS MAMU,DRESS LIGHT BROWN L-XL,0,5,0,0,59658,298290,298290
Agu-2026,MAMU GOWA,DRESS MAMU,DRESS LIGHT BROWN L-XL,47726,4,0,0,59658,238632,298290
Sep-2026,MAMU GOWA,DRESS MAMU,DRESS LIGHT BROWN L-XL,0,4,0,0,59658,238632,238632
Okt-2026,MAMU GOWA,DRESS MAMU,DRESS LIGHT BROWN L-XL,0,4,0,0,59658,238632,238632
Mar-2026,MAMU GOWA,DRESS MAMU,DRESS LIGHT BROWN PJG 2XL,165092,0,0,0,82546,0,0
Jun-2026,MAMU GOWA,DRESS MAMU,DRESS LIGHT BROWN PJG 2XL,0,2,0,0,82546,165092,0
Jul-2026,MAMU GOWA,DRESS MAMU,DRESS LIGHT BROWN PJG 2XL,0,2,0,0,82546,165092,165092
Agu-2026,MAMU GOWA,DRESS MAMU,DRESS LIGHT BROWN PJG 2XL,0,2,0,0,82546,165092,165092
Sep-2026,MAMU GOWA,DRESS MAMU,DRESS LIGHT BROWN PJG 2XL,0,2,0,0,82546,165092,165092
Okt-2026,MAMU GOWA,DRESS MAMU,DRESS LIGHT BROWN PJG 2XL,0,2,0,0,82546,165092,165092
Mar-2026,MAMU GOWA,DRESS MAMU,DRESS LIGHT BROWN PJG L-XL,82546,1,0,0,82546,82546,0
Apr-2026,MAMU GOWA,DRESS MAMU,DRESS LIGHT BROWN PJG L-XL,0,1,0,0,82546,82546,82546
Mei-2026,MAMU GOWA,DRESS MAMU,DRESS LIGHT BROWN PJG L-XL,0,1,0,0,82546,82546,82546
Jun-2026,MAMU GOWA,DRESS MAMU,DRESS LIGHT BROWN PJG L-XL,0,1,0,0,82546,82546,82546
Jul-2026,MAMU GOWA,DRESS MAMU,DRESS LIGHT BROWN PJG L-XL,0,1,0,0,82546,82546,82546
Agu-2026,MAMU GOWA,DRESS MAMU,DRESS LIGHT BROWN PJG L-XL,0,1,0,0,82546,82546,82546
Sep-2026,MAMU GOWA,DRESS MAMU,DRESS LIGHT BROWN PJG L-XL,0,1,0,0,82546,82546,82546
Okt-2026,MAMU GOWA,DRESS MAMU,DRESS LIGHT BROWN PJG L-XL,0,1,0,0,82546,82546,82546
Mar-2026,MAMU GOWA,DRESS MAMU,DRESS LIGHT BROWN PJG S-M,207474,7,0,0,67918,475426,0
Apr-2026,MAMU GOWA,DRESS MAMU,DRESS LIGHT BROWN PJG S-M,0,6,0,0,67918,407508,475426
Mei-2026,MAMU GOWA,DRESS MAMU,DRESS LIGHT BROWN PJG S-M,69158,5,0,0,67918,339590,407508
Jun-2026,MAMU GOWA,DRESS MAMU,DRESS LIGHT BROWN PJG S-M,0,5,0,0,67918,339590,339590
Jul-2026,MAMU GOWA,DRESS MAMU,DRESS LIGHT BROWN PJG S-M,0,5,0,0,67918,339590,339590
Agu-2026,MAMU GOWA,DRESS MAMU,DRESS LIGHT BROWN PJG S-M,0,5,0,0,67918,339590,339590
Sep-2026,MAMU GOWA,DRESS MAMU,DRESS LIGHT BROWN PJG S-M,69158,4,0,0,67918,271672,339590
Okt-2026,MAMU GOWA,DRESS MAMU,DRESS LIGHT BROWN PJG S-M,0,4,0,0,67918,271672,271672
Mar-2026,MAMU GOWA,DRESS MAMU,DRESS LIGHT BROWN S-M,178974,0,0,0,59658,0,0
Apr-2026,MAMU GOWA,DRESS MAMU,DRESS LIGHT BROWN S-M,0,5,0,0,59658,298290,0
Mei-2026,MAMU GOWA,DRESS MAMU,DRESS LIGHT BROWN S-M,0,5,0,0,59658,298290,298290
Jun-2026,MAMU GOWA,DRESS MAMU,DRESS LIGHT BROWN S-M,59658,4,0,0,59658,238632,298290
Jul-2026,MAMU GOWA,DRESS MAMU,DRESS LIGHT BROWN S-M,0,4,0,0,59658,238632,238632
Agu-2026,MAMU GOWA,DRESS MAMU,DRESS LIGHT BROWN S-M,178974,1,0,0,59658,59658,238632
Sep-2026,MAMU GOWA,DRESS MAMU,DRESS LIGHT BROWN S-M,0,1,0,0,59658,59658,59658
Okt-2026,MAMU GOWA,DRESS MAMU,DRESS LIGHT BROWN S-M,59658,0,0,0,59658,0,59658
Mar-2026,MAMU GOWA,DRESS MAMU,DRESS SAGE GREEN 2XL,0,2,0,0,56978,113956,0
Apr-2026,MAMU GOWA,DRESS MAMU,DRESS SAGE GREEN 2XL,0,2,0,0,56978,113956,113956
Mei-2026,MAMU GOWA,DRESS MAMU,DRESS SAGE GREEN 2XL,0,2,0,0,56978,113956,113956
Jun-2026,MAMU GOWA,DRESS MAMU,DRESS SAGE GREEN 2XL,0,2,0,0,56978,113956,113956
Jul-2026,MAMU GOWA,DRESS MAMU,DRESS SAGE GREEN 2XL,0,2,0,0,56978,113956,113956
Agu-2026,MAMU GOWA,DRESS MAMU,DRESS SAGE GREEN 2XL,56978,2,0,0,56978,113956,113956
Sep-2026,MAMU GOWA,DRESS MAMU,DRESS SAGE GREEN 2XL,0,1,0,0,56978,56978,113956
Okt-2026,MAMU GOWA,DRESS MAMU,DRESS SAGE GREEN 2XL,0,1,0,0,56978,56978,56978
Mar-2026,MAMU GOWA,DRESS MAMU,DRESS SAGE GREEN L-XL,60956,8,0,0,60956,487648,0
Apr-2026,MAMU GOWA,DRESS MAMU,DRESS SAGE GREEN L-XL,0,8,0,0,60956,487648,487648
Mei-2026,MAMU GOWA,DRESS MAMU,DRESS SAGE GREEN L-XL,0,8,0,0,60956,487648,487648
Jun-2026,MAMU GOWA,DRESS MAMU,DRESS SAGE GREEN L-XL,0,8,0,0,60956,487648,487648
Jul-2026,MAMU GOWA,DRESS MAMU,DRESS SAGE GREEN L-XL,0,8,3,0,60956,670516,487648
Agu-2026,MAMU GOWA,DRESS MAMU,DRESS SAGE GREEN L-XL,0,11,0,0,60956,670516,670516
Sep-2026,MAMU GOWA,DRESS MAMU,DRESS SAGE GREEN L-XL,0,11,0,0,60956,670516,670516
Okt-2026,MAMU GOWA,DRESS MAMU,DRESS SAGE GREEN L-XL,0,11,0,0,60956,670516,670516
Mar-2026,MAMU GOWA,DRESS MAMU,DRESS SAGE GREEN PJG 2XL,82958,0,0,0,84493,0,0
Mar-2026,MAMU GOWA,DRESS MAMU,DRESS SAGE GREEN PJG L-XL,168986,0,0,0,84493,0,0
Apr-2026,MAMU GOWA,DRESS MAMU,DRESS SAGE GREEN PJG L-XL,0,4,0,0,84493,337972,0
Mei-2026,MAMU GOWA,DRESS MAMU,DRESS SAGE GREEN PJG L-XL,0,4,0,0,84493,337972,337972
Jun-2026,MAMU GOWA,DRESS MAMU,DRESS SAGE GREEN PJG L-XL,0,4,0,0,84493,337972,337972
Jul-2026,MAMU GOWA,DRESS MAMU,DRESS SAGE GREEN PJG L-XL,0,4,0,0,84493,337972,337972
Agu-2026,MAMU GOWA,DRESS MAMU,DRESS SAGE GREEN PJG L-XL,0,4,0,0,84493,337972,337972
Sep-2026,MAMU GOWA,DRESS MAMU,DRESS SAGE GREEN PJG L-XL,84493,3,0,0,84493,253479,337972
Okt-2026,MAMU GOWA,DRESS MAMU,DRESS SAGE GREEN PJG L-XL,0,3,0,0,84493,253479,253479
Mar-2026,MAMU GOWA,DRESS MAMU,DRESS SAGE GREEN PJG S-M,371335,1,0,0,72661,72661,0
Apr-2026,MAMU GOWA,DRESS MAMU,DRESS SAGE GREEN PJG S-M,0,1,0,0,72661,72661,72661
Mei-2026,MAMU GOWA,DRESS MAMU,DRESS SAGE GREEN PJG S-M,0,1,0,0,72661,72661,72661
Jun-2026,MAMU GOWA,DRESS MAMU,DRESS SAGE GREEN PJG S-M,0,1,0,0,72661,72661,72661
Jul-2026,MAMU GOWA,DRESS MAMU,DRESS SAGE GREEN PJG S-M,0,1,0,0,72661,72661,72661
Agu-2026,MAMU GOWA,DRESS MAMU,DRESS SAGE GREEN PJG S-M,74267,0,0,0,72661,0,72661
Mar-2026,MAMU GOWA,DRESS MAMU,DRESS SAGE GREEN S-M,121912,11,0,0,60956,670516,0
Apr-2026,MAMU GOWA,DRESS MAMU,DRESS SAGE GREEN S-M,0,11,0,0,60956,670516,670516
Mei-2026,MAMU GOWA,DRESS MAMU,DRESS SAGE GREEN S-M,0,11,0,0,60956,670516,670516
Jun-2026,MAMU GOWA,DRESS MAMU,DRESS SAGE GREEN S-M,0,11,0,0,60956,670516,670516
Jul-2026,MAMU GOWA,DRESS MAMU,DRESS SAGE GREEN S-M,0,11,3,0,60956,853384,670516
Agu-2026,MAMU GOWA,DRESS MAMU,DRESS SAGE GREEN S-M,0,14,0,0,60956,853384,853384
Sep-2026,MAMU GOWA,DRESS MAMU,DRESS SAGE GREEN S-M,0,14,0,0,60956,853384,853384
Okt-2026,MAMU GOWA,DRESS MAMU,DRESS SAGE GREEN S-M,0,14,0,0,60956,853384,853384
Mar-2026,MAMU GOWA,DRESS MAMU,DRESS TOFFEE 2XL,167304,0,0,0,55768,0,0
Mar-2026,MAMU GOWA,DRESS MAMU,DRESS TOFFEE L-XL,736437,0,10,0,56649,566490,0
Apr-2026,MAMU GOWA,DRESS MAMU,DRESS TOFFEE L-XL,0,16,0,0,56649,906384,566490
Mei-2026,MAMU GOWA,DRESS MAMU,DRESS TOFFEE L-XL,56649,15,0,0,56649,849735,906384
Jun-2026,MAMU GOWA,DRESS MAMU,DRESS TOFFEE L-XL,56649,14,0,0,56649,793086,849735
Jul-2026,MAMU GOWA,DRESS MAMU,DRESS TOFFEE L-XL,113298,12,3,0,56649,849735,793086
Agu-2026,MAMU GOWA,DRESS MAMU,DRESS TOFFEE L-XL,56649,14,0,0,56649,793086,849735
Sep-2026,MAMU GOWA,DRESS MAMU,DRESS TOFFEE L-XL,0,14,0,0,56649,793086,793086
Okt-2026,MAMU GOWA,DRESS MAMU,DRESS TOFFEE L-XL,0,14,0,0,56649,793086,793086
Mar-2026,MAMU GOWA,DRESS MAMU,DRESS TOFFEE PJG 2XL,156066,0,0,0,78033,0,0
Mar-2026,MAMU GOWA,DRESS MAMU,DRESS TOFFEE PJG L-XL,780330,0,0,0,78033,0,0
Apr-2026,MAMU GOWA,DRESS MAMU,DRESS TOFFEE PJG L-XL,0,2,0,0,78033,156066,0
Mei-2026,MAMU GOWA,DRESS MAMU,DRESS TOFFEE PJG L-XL,156066,0,0,0,78033,0,156066
Jul-2026,MAMU GOWA,DRESS MAMU,DRESS TOFFEE PJG L-XL,0,0,1,0,78033,78033,0
Agu-2026,MAMU GOWA,DRESS MAMU,DRESS TOFFEE PJG L-XL,78033,1,0,0,78033,78033,78033
Sep-2026,MAMU GOWA,DRESS MAMU,DRESS TOFFEE PJG L-XL,0,0,0,0,78033,0,78033
Mar-2026,MAMU GOWA,DRESS MAMU,DRESS TOFFEE PJG S-M,936396,1,0,0,78033,78033,0
Apr-2026,MAMU GOWA,DRESS MAMU,DRESS TOFFEE PJG S-M,78033,2,0,0,78033,156066,78033
Mei-2026,MAMU GOWA,DRESS MAMU,DRESS TOFFEE PJG S-M,156066,0,0,0,78033,0,156066
Jul-2026,MAMU GOWA,DRESS MAMU,DRESS TOFFEE PJG S-M,0,0,5,0,78033,390165,0
Agu-2026,MAMU GOWA,DRESS MAMU,DRESS TOFFEE PJG S-M,0,5,0,0,78033,390165,390165
Sep-2026,MAMU GOWA,DRESS MAMU,DRESS TOFFEE PJG S-M,0,5,0,0,78033,390165,390165
Okt-2026,MAMU GOWA,DRESS MAMU,DRESS TOFFEE PJG S-M,0,5,0,0,78033,390165,390165
Mar-2026,MAMU GOWA,DRESS MAMU,DRESS TOFFEE S-M,509841,0,0,0,56649,0,0
Apr-2026,MAMU GOWA,DRESS MAMU,DRESS TOFFEE S-M,0,26,0,0,56649,1472874,0
Mei-2026,MAMU GOWA,DRESS MAMU,DRESS TOFFEE S-M,0,26,0,0,56649,1472874,1472874
Jun-2026,MAMU GOWA,DRESS MAMU,DRESS TOFFEE S-M,111066,23,0,0,56649,1302927,1472874
Jul-2026,MAMU GOWA,DRESS MAMU,DRESS TOFFEE S-M,111066,22,0,0,56649,1246278,1302927
Agu-2026,MAMU GOWA,DRESS MAMU,DRESS TOFFEE S-M,0,22,0,0,56649,1246278,1246278
Sep-2026,MAMU GOWA,DRESS MAMU,DRESS TOFFEE S-M,0,22,0,0,56649,1246278,1246278
Okt-2026,MAMU GOWA,DRESS MAMU,DRESS TOFFEE S-M,55533,21,0,0,56649,1189629,1246278
Mar-2026,MAMU GOWA,DRESS MAMU,DRESS TWILIGHT MAUVE 2XL,56101,2,0,0,56101,112202,0
Apr-2026,MAMU GOWA,DRESS MAMU,DRESS TWILIGHT MAUVE 2XL,0,3,0,0,56101,168303,112202
Mei-2026,MAMU GOWA,DRESS MAMU,DRESS TWILIGHT MAUVE 2XL,0,3,0,0,56101,168303,168303
Jun-2026,MAMU GOWA,DRESS MAMU,DRESS TWILIGHT MAUVE 2XL,0,3,0,0,56101,168303,168303
Jul-2026,MAMU GOWA,DRESS MAMU,DRESS TWILIGHT MAUVE 2XL,0,3,0,0,56101,168303,168303
Agu-2026,MAMU GOWA,DRESS MAMU,DRESS TWILIGHT MAUVE 2XL,0,3,0,0,56101,168303,168303
Sep-2026,MAMU GOWA,DRESS MAMU,DRESS TWILIGHT MAUVE 2XL,0,3,0,0,56101,168303,168303
Okt-2026,MAMU GOWA,DRESS MAMU,DRESS TWILIGHT MAUVE 2XL,0,3,0,0,56101,168303,168303
Mar-2026,MAMU GOWA,DRESS MAMU,DRESS TWILIGHT MAUVE L-XL,0,20,0,0,60287,1205740,0
Apr-2026,MAMU GOWA,DRESS MAMU,DRESS TWILIGHT MAUVE L-XL,60287,29,0,0,60287,1748323,1205740
Mei-2026,MAMU GOWA,DRESS MAMU,DRESS TWILIGHT MAUVE L-XL,0,29,0,0,60287,1748323,1748323
Jun-2026,MAMU GOWA,DRESS MAMU,DRESS TWILIGHT MAUVE L-XL,0,28,0,0,60287,1688036,1748323
Jul-2026,MAMU GOWA,DRESS MAMU,DRESS TWILIGHT MAUVE L-XL,0,29,5,0,60287,2049758,1688036
Agu-2026,MAMU GOWA,DRESS MAMU,DRESS TWILIGHT MAUVE L-XL,0,34,0,0,60287,2049758,2049758
Sep-2026,MAMU GOWA,DRESS MAMU,DRESS TWILIGHT MAUVE L-XL,0,34,0,0,60287,2049758,2049758
Okt-2026,MAMU GOWA,DRESS MAMU,DRESS TWILIGHT MAUVE L-XL,0,34,0,0,60287,2049758,2049758
Mar-2026,MAMU GOWA,DRESS MAMU,DRESS TWILIGHT MAUVE PJG 2XL,166980,0,0,0,83490,0,0
Jun-2026,MAMU GOWA,DRESS MAMU,DRESS TWILIGHT MAUVE PJG 2XL,0,1,0,0,83490,83490,0
Jul-2026,MAMU GOWA,DRESS MAMU,DRESS TWILIGHT MAUVE PJG 2XL,83490,0,0,0,83490,0,83490
Mar-2026,MAMU GOWA,DRESS MAMU,DRESS TWILIGHT MAUVE PJG L-XL,0,5,0,0,83490,417450,0
Apr-2026,MAMU GOWA,DRESS MAMU,DRESS TWILIGHT MAUVE PJG L-XL,0,2,0,0,83490,166980,417450
Mei-2026,MAMU GOWA,DRESS MAMU,DRESS TWILIGHT MAUVE PJG L-XL,0,2,0,0,83490,166980,166980
Jun-2026,MAMU GOWA,DRESS MAMU,DRESS TWILIGHT MAUVE PJG L-XL,0,2,0,0,83490,166980,166980
Jul-2026,MAMU GOWA,DRESS MAMU,DRESS TWILIGHT MAUVE PJG L-XL,0,2,2,0,83490,333960,166980
Agu-2026,MAMU GOWA,DRESS MAMU,DRESS TWILIGHT MAUVE PJG L-XL,0,4,0,0,83490,333960,333960
Sep-2026,MAMU GOWA,DRESS MAMU,DRESS TWILIGHT MAUVE PJG L-XL,0,4,0,0,83490,333960,333960
Okt-2026,MAMU GOWA,DRESS MAMU,DRESS TWILIGHT MAUVE PJG L-XL,0,4,0,0,83490,333960,333960
Mar-2026,MAMU GOWA,DRESS MAMU,DRESS TWILIGHT MAUVE PJG S-M,250470,0,0,0,83490,0,0
Apr-2026,MAMU GOWA,DRESS MAMU,DRESS TWILIGHT MAUVE PJG S-M,83490,1,0,0,83490,83490,0
Mei-2026,MAMU GOWA,DRESS MAMU,DRESS TWILIGHT MAUVE PJG S-M,0,1,0,0,83490,83490,83490
Jun-2026,MAMU GOWA,DRESS MAMU,DRESS TWILIGHT MAUVE PJG S-M,0,1,0,0,83490,83490,83490
Jul-2026,MAMU GOWA,DRESS MAMU,DRESS TWILIGHT MAUVE PJG S-M,0,1,0,0,83490,83490,83490
Agu-2026,MAMU GOWA,DRESS MAMU,DRESS TWILIGHT MAUVE PJG S-M,0,1,0,0,83490,83490,83490
Sep-2026,MAMU GOWA,DRESS MAMU,DRESS TWILIGHT MAUVE PJG S-M,0,1,0,0,83490,83490,83490
Okt-2026,MAMU GOWA,DRESS MAMU,DRESS TWILIGHT MAUVE PJG S-M,0,1,0,0,83490,83490,83490
Mar-2026,MAMU GOWA,DRESS MAMU,DRESS TWILIGHT MAUVE S-M,241148,16,0,0,60287,964592,0
Apr-2026,MAMU GOWA,DRESS MAMU,DRESS TWILIGHT MAUVE S-M,0,17,0,0,60287,1024879,964592
Mei-2026,MAMU GOWA,DRESS MAMU,DRESS TWILIGHT MAUVE S-M,0,17,0,0,60287,1024879,1024879
Jun-2026,MAMU GOWA,DRESS MAMU,DRESS TWILIGHT MAUVE S-M,0,16,0,0,60287,964592,1024879
Jul-2026,MAMU GOWA,DRESS MAMU,DRESS TWILIGHT MAUVE S-M,0,17,5,0,60287,1326314,964592
Agu-2026,MAMU GOWA,DRESS MAMU,DRESS TWILIGHT MAUVE S-M,60287,21,0,0,60287,1266027,1326314
Sep-2026,MAMU GOWA,DRESS MAMU,DRESS TWILIGHT MAUVE S-M,0,21,0,0,60287,1266027,1266027
Okt-2026,MAMU GOWA,DRESS MAMU,DRESS TWILIGHT MAUVE S-M,0,21,0,0,60287,1266027,1266027
Jan-2026,MAMU KENDARI,DRESS MAMU,DRESS DENIM BLUE 2XL,0,1,0,0,55575,55575,0
Feb-2026,MAMU KENDARI,DRESS MAMU,DRESS DENIM BLUE 2XL,0,1,0,0,55575,55575,55575
Mar-2026,MAMU KENDARI,DRESS MAMU,DRESS DENIM BLUE 2XL,0,1,0,0,55575,55575,55575
Apr-2026,MAMU KENDARI,DRESS MAMU,DRESS DENIM BLUE 2XL,0,1,0,0,55575,55575,55575
Mei-2026,MAMU KENDARI,DRESS MAMU,DRESS DENIM BLUE 2XL,0,1,0,0,55575,55575,55575
Jun-2026,MAMU KENDARI,DRESS MAMU,DRESS DENIM BLUE 2XL,0,1,0,0,55575,55575,55575
Jul-2026,MAMU KENDARI,DRESS MAMU,DRESS DENIM BLUE 2XL,0,1,0,0,55575,55575,55575
Agu-2026,MAMU KENDARI,DRESS MAMU,DRESS DENIM BLUE 2XL,0,1,0,0,55575,55575,55575
Sep-2026,MAMU KENDARI,DRESS MAMU,DRESS DENIM BLUE 2XL,0,1,0,0,55575,55575,55575
Okt-2026,MAMU KENDARI,DRESS MAMU,DRESS DENIM BLUE 2XL,0,1,0,0,55575,55575,55575
Jan-2026,MAMU KENDARI,DRESS MAMU,DRESS DENIM BLUE L-XL,0,2,0,0,61749,123498,0
Feb-2026,MAMU KENDARI,DRESS MAMU,DRESS DENIM BLUE L-XL,0,2,0,0,61749,123498,123498
Mar-2026,MAMU KENDARI,DRESS MAMU,DRESS DENIM BLUE L-XL,60463,1,0,0,61749,61749,123498
Apr-2026,MAMU KENDARI,DRESS MAMU,DRESS DENIM BLUE L-XL,0,2,0,0,61749,123498,61749
Mei-2026,MAMU KENDARI,DRESS MAMU,DRESS DENIM BLUE L-XL,0,2,0,0,61749,123498,123498
Jun-2026,MAMU KENDARI,DRESS MAMU,DRESS DENIM BLUE L-XL,0,2,0,0,61749,123498,123498
Jul-2026,MAMU KENDARI,DRESS MAMU,DRESS DENIM BLUE L-XL,0,2,0,0,61749,123498,123498
Agu-2026,MAMU KENDARI,DRESS MAMU,DRESS DENIM BLUE L-XL,0,2,0,0,61749,123498,123498
Sep-2026,MAMU KENDARI,DRESS MAMU,DRESS DENIM BLUE L-XL,0,2,0,0,61749,123498,123498
Okt-2026,MAMU KENDARI,DRESS MAMU,DRESS DENIM BLUE L-XL,0,2,0,0,61749,123498,123498
Jan-2026,MAMU KENDARI,DRESS MAMU,DRESS DENIM BLUE PJG S-M,0,7,0,0,70137,490959,0
Feb-2026,MAMU KENDARI,DRESS MAMU,DRESS DENIM BLUE PJG S-M,0,7,0,0,70137,490959,490959
Mar-2026,MAMU KENDARI,DRESS MAMU,DRESS DENIM BLUE PJG S-M,71093,6,0,0,70137,420822,490959
Apr-2026,MAMU KENDARI,DRESS MAMU,DRESS DENIM BLUE PJG S-M,0,7,0,0,70137,490959,420822
Mei-2026,MAMU KENDARI,DRESS MAMU,DRESS DENIM BLUE PJG S-M,213279,4,0,0,70137,280548,490959
Jun-2026,MAMU KENDARI,DRESS MAMU,DRESS DENIM BLUE PJG S-M,0,4,0,0,70137,280548,280548
Jul-2026,MAMU KENDARI,DRESS MAMU,DRESS DENIM BLUE PJG S-M,0,4,0,0,70137,280548,280548
Agu-2026,MAMU KENDARI,DRESS MAMU,DRESS DENIM BLUE PJG S-M,0,4,0,0,70137,280548,280548
Sep-2026,MAMU KENDARI,DRESS MAMU,DRESS DENIM BLUE PJG S-M,71093,3,0,0,70137,210411,280548
Okt-2026,MAMU KENDARI,DRESS MAMU,DRESS DENIM BLUE PJG S-M,0,3,0,0,70137,210411,210411
Jan-2026,MAMU KENDARI,DRESS MAMU,DRESS DENIM BLUE S-M,0,11,0,0,61749,679239,0
Feb-2026,MAMU KENDARI,DRESS MAMU,DRESS DENIM BLUE S-M,0,10,0,0,61749,617490,679239
Mar-2026,MAMU KENDARI,DRESS MAMU,DRESS DENIM BLUE S-M,0,10,0,0,61749,617490,617490
Apr-2026,MAMU KENDARI,DRESS MAMU,DRESS DENIM BLUE S-M,0,10,0,0,61749,617490,617490
Mei-2026,MAMU KENDARI,DRESS MAMU,DRESS DENIM BLUE S-M,0,10,0,0,61749,617490,617490
Jun-2026,MAMU KENDARI,DRESS MAMU,DRESS DENIM BLUE S-M,0,10,0,0,61749,617490,617490
Jul-2026,MAMU KENDARI,DRESS MAMU,DRESS DENIM BLUE S-M,0,10,0,0,61749,617490,617490
Agu-2026,MAMU KENDARI,DRESS MAMU,DRESS DENIM BLUE S-M,0,10,0,0,61749,617490,617490
Sep-2026,MAMU KENDARI,DRESS MAMU,DRESS DENIM BLUE S-M,0,10,0,0,61749,617490,617490
Okt-2026,MAMU KENDARI,DRESS MAMU,DRESS DENIM BLUE S-M,0,10,0,0,61749,617490,617490
Jan-2026,MAMU KENDARI,DRESS MAMU,DRESS JET BLACK 2XL,0,1,0,0,59827,59827,0
Feb-2026,MAMU KENDARI,DRESS MAMU,DRESS JET BLACK 2XL,0,1,0,0,59827,59827,59827
Mar-2026,MAMU KENDARI,DRESS MAMU,DRESS JET BLACK 2XL,59827,0,0,0,59827,0,59827
Jan-2026,MAMU KENDARI,DRESS MAMU,DRESS JET BLACK L-XL,0,2,0,0,63759,127518,0
Feb-2026,MAMU KENDARI,DRESS MAMU,DRESS JET BLACK L-XL,0,2,0,0,63759,127518,127518
Mar-2026,MAMU KENDARI,DRESS MAMU,DRESS JET BLACK L-XL,119654,0,0,0,63759,0,127518
Apr-2026,MAMU KENDARI,DRESS MAMU,DRESS JET BLACK L-XL,0,2,0,0,63759,127518,0
Mei-2026,MAMU KENDARI,DRESS MAMU,DRESS JET BLACK L-XL,0,2,0,0,63759,127518,127518
Jun-2026,MAMU KENDARI,DRESS MAMU,DRESS JET BLACK L-XL,0,2,0,0,63759,127518,127518
Jul-2026,MAMU KENDARI,DRESS MAMU,DRESS JET BLACK L-XL,0,2,0,0,63759,127518,127518
Agu-2026,MAMU KENDARI,DRESS MAMU,DRESS JET BLACK L-XL,0,2,0,0,63759,127518,127518
Sep-2026,MAMU KENDARI,DRESS MAMU,DRESS JET BLACK L-XL,0,2,0,0,63759,127518,127518
Okt-2026,MAMU KENDARI,DRESS MAMU,DRESS JET BLACK L-XL,0,2,0,0,63759,127518,127518
Jan-2026,MAMU KENDARI,DRESS MAMU,DRESS JET BLACK PJG S-M,71577,47,0,0,71309,3351523,0
Feb-2026,MAMU KENDARI,DRESS MAMU,DRESS JET BLACK PJG S-M,0,47,0,0,71309,3351523,3351523
Mar-2026,MAMU KENDARI,DRESS MAMU,DRESS JET BLACK PJG S-M,71577,25,0,0,71420,1785500,3351523
Apr-2026,MAMU KENDARI,DRESS MAMU,DRESS JET BLACK PJG S-M,71577,25,0,0,71420,1785500,1785500
Mei-2026,MAMU KENDARI,DRESS MAMU,DRESS JET BLACK PJG S-M,0,25,0,0,71420,1785500,1785500
Jun-2026,MAMU KENDARI,DRESS MAMU,DRESS JET BLACK PJG S-M,0,25,0,0,71420,1785500,1785500
Jul-2026,MAMU KENDARI,DRESS MAMU,DRESS JET BLACK PJG S-M,143154,23,0,0,71420,1642660,1785500
Agu-2026,MAMU KENDARI,DRESS MAMU,DRESS JET BLACK PJG S-M,143154,21,0,0,71420,1499820,1642660
Sep-2026,MAMU KENDARI,DRESS MAMU,DRESS JET BLACK PJG S-M,0,21,0,0,71420,1499820,1499820
Okt-2026,MAMU KENDARI,DRESS MAMU,DRESS JET BLACK PJG S-M,71577,20,0,0,71420,1428400,1499820
Jan-2026,MAMU KENDARI,DRESS MAMU,DRESS JET BLACK S-M,52575,37,0,0,51953,1922261,0
Feb-2026,MAMU KENDARI,DRESS MAMU,DRESS JET BLACK S-M,0,37,0,0,51953,1922261,1922261
Mar-2026,MAMU KENDARI,DRESS MAMU,DRESS JET BLACK S-M,210300,21,0,0,52378,1099938,1922261
Apr-2026,MAMU KENDARI,DRESS MAMU,DRESS JET BLACK S-M,52575,19,0,0,52378,995182,1099938
Mei-2026,MAMU KENDARI,DRESS MAMU,DRESS JET BLACK S-M,0,19,0,0,52378,995182,995182
Jun-2026,MAMU KENDARI,DRESS MAMU,DRESS JET BLACK S-M,0,19,0,0,52378,995182,995182
Jul-2026,MAMU KENDARI,DRESS MAMU,DRESS JET BLACK S-M,0,19,0,0,52378,995182,995182
Agu-2026,MAMU KENDARI,DRESS MAMU,DRESS JET BLACK S-M,0,19,0,0,52378,995182,995182
Sep-2026,MAMU KENDARI,DRESS MAMU,DRESS JET BLACK S-M,0,19,0,0,52378,995182,995182
Okt-2026,MAMU KENDARI,DRESS MAMU,DRESS JET BLACK S-M,0,19,0,0,52378,995182,995182
Jan-2026,MAMU KENDARI,DRESS MAMU,DRESS LIGHT BROWN 2XL,0,1,0,0,54611,54611,0
Feb-2026,MAMU KENDARI,DRESS MAMU,DRESS LIGHT BROWN 2XL,0,1,0,0,54611,54611,54611
Mar-2026,MAMU KENDARI,DRESS MAMU,DRESS LIGHT BROWN 2XL,54611,0,0,0,54611,0,54611
Jan-2026,MAMU KENDARI,DRESS MAMU,DRESS LIGHT BROWN L-XL,0,3,0,0,59658,178974,0
Feb-2026,MAMU KENDARI,DRESS MAMU,DRESS LIGHT BROWN L-XL,0,2,0,0,59658,119316,178974
Mar-2026,MAMU KENDARI,DRESS MAMU,DRESS LIGHT BROWN L-XL,57818,1,0,0,59658,59658,119316
Apr-2026,MAMU KENDARI,DRESS MAMU,DRESS LIGHT BROWN L-XL,0,1,0,0,59658,59658,59658
Mei-2026,MAMU KENDARI,DRESS MAMU,DRESS LIGHT BROWN L-XL,0,1,0,0,59658,59658,59658
Jun-2026,MAMU KENDARI,DRESS MAMU,DRESS LIGHT BROWN L-XL,57818,0,0,0,59658,0,59658
Jan-2026,MAMU KENDARI,DRESS MAMU,DRESS LIGHT BROWN PJG S-M,67918,8,0,0,67918,543344,0
Feb-2026,MAMU KENDARI,DRESS MAMU,DRESS LIGHT BROWN PJG S-M,0,8,0,0,67918,543344,543344
Mar-2026,MAMU KENDARI,DRESS MAMU,DRESS LIGHT BROWN PJG S-M,135836,6,0,0,67918,407508,543344
Apr-2026,MAMU KENDARI,DRESS MAMU,DRESS LIGHT BROWN PJG S-M,0,7,0,0,67918,475426,407508
Mei-2026,MAMU KENDARI,DRESS MAMU,DRESS LIGHT BROWN PJG S-M,0,7,0,0,67918,475426,475426
Jun-2026,MAMU KENDARI,DRESS MAMU,DRESS LIGHT BROWN PJG S-M,0,7,0,0,67918,475426,475426
Jul-2026,MAMU KENDARI,DRESS MAMU,DRESS LIGHT BROWN PJG S-M,0,7,0,0,67918,475426,475426
Agu-2026,MAMU KENDARI,DRESS MAMU,DRESS LIGHT BROWN PJG S-M,0,7,0,0,67918,475426,475426
Sep-2026,MAMU KENDARI,DRESS MAMU,DRESS LIGHT BROWN PJG S-M,0,7,0,0,67918,475426,475426
Okt-2026,MAMU KENDARI,DRESS MAMU,DRESS LIGHT BROWN PJG S-M,0,7,0,0,67918,475426,475426
Jan-2026,MAMU KENDARI,DRESS MAMU,DRESS LIGHT BROWN S-M,0,11,0,0,59658,656238,0
Feb-2026,MAMU KENDARI,DRESS MAMU,DRESS LIGHT BROWN S-M,0,11,0,0,59658,656238,656238
Mar-2026,MAMU KENDARI,DRESS MAMU,DRESS LIGHT BROWN S-M,0,11,0,0,59658,656238,656238
Apr-2026,MAMU KENDARI,DRESS MAMU,DRESS LIGHT BROWN S-M,50572,10,0,0,59658,596580,656238
Mei-2026,MAMU KENDARI,DRESS MAMU,DRESS LIGHT BROWN S-M,0,10,0,0,59658,596580,596580
Jun-2026,MAMU KENDARI,DRESS MAMU,DRESS LIGHT BROWN S-M,0,10,0,0,59658,596580,596580
Jul-2026,MAMU KENDARI,DRESS MAMU,DRESS LIGHT BROWN S-M,50572,9,0,0,59658,536922,596580
Agu-2026,MAMU KENDARI,DRESS MAMU,DRESS LIGHT BROWN S-M,0,9,0,0,59658,536922,536922
Sep-2026,MAMU KENDARI,DRESS MAMU,DRESS LIGHT BROWN S-M,0,9,0,0,59658,536922,536922
Okt-2026,MAMU KENDARI,DRESS MAMU,DRESS LIGHT BROWN S-M,0,9,0,0,59658,536922,536922
Jan-2026,MAMU KENDARI,DRESS MAMU,DRESS SAGE GREEN 2XL,0,1,0,0,56978,56978,0
Feb-2026,MAMU KENDARI,DRESS MAMU,DRESS SAGE GREEN 2XL,0,1,0,0,56978,56978,56978
Mar-2026,MAMU KENDARI,DRESS MAMU,DRESS SAGE GREEN 2XL,0,1,0,0,56978,56978,56978
Apr-2026,MAMU KENDARI,DRESS MAMU,DRESS SAGE GREEN 2XL,0,1,0,0,56978,56978,56978
Mei-2026,MAMU KENDARI,DRESS MAMU,DRESS SAGE GREEN 2XL,0,1,0,0,56978,56978,56978
Jun-2026,MAMU KENDARI,DRESS MAMU,DRESS SAGE GREEN 2XL,0,1,0,0,56978,56978,56978
Jul-2026,MAMU KENDARI,DRESS MAMU,DRESS SAGE GREEN 2XL,0,1,0,0,56978,56978,56978
Agu-2026,MAMU KENDARI,DRESS MAMU,DRESS SAGE GREEN 2XL,0,1,0,0,56978,56978,56978
Sep-2026,MAMU KENDARI,DRESS MAMU,DRESS SAGE GREEN 2XL,56978,0,0,0,56978,0,56978
Jan-2026,MAMU KENDARI,DRESS MAMU,DRESS SAGE GREEN L-XL,0,3,0,0,60956,182868,0
Feb-2026,MAMU KENDARI,DRESS MAMU,DRESS SAGE GREEN L-XL,0,3,0,0,60956,182868,182868
Mar-2026,MAMU KENDARI,DRESS MAMU,DRESS SAGE GREEN L-XL,59129,2,0,0,60956,121912,182868
Apr-2026,MAMU KENDARI,DRESS MAMU,DRESS SAGE GREEN L-XL,0,2,0,0,60956,121912,121912
Mei-2026,MAMU KENDARI,DRESS MAMU,DRESS SAGE GREEN L-XL,0,2,0,0,60956,121912,121912
Jun-2026,MAMU KENDARI,DRESS MAMU,DRESS SAGE GREEN L-XL,0,2,0,0,60956,121912,121912
Jul-2026,MAMU KENDARI,DRESS MAMU,DRESS SAGE GREEN L-XL,0,2,0,0,60956,121912,121912
Agu-2026,MAMU KENDARI,DRESS MAMU,DRESS SAGE GREEN L-XL,0,2,0,0,60956,121912,121912
Sep-2026,MAMU KENDARI,DRESS MAMU,DRESS SAGE GREEN L-XL,0,2,0,0,60956,121912,121912
Okt-2026,MAMU KENDARI,DRESS MAMU,DRESS SAGE GREEN L-XL,0,2,0,0,60956,121912,121912
Jan-2026,MAMU KENDARI,DRESS MAMU,DRESS SAGE GREEN PJG S-M,0,9,0,0,72661,653949,0
Feb-2026,MAMU KENDARI,DRESS MAMU,DRESS SAGE GREEN PJG S-M,0,9,0,0,72661,653949,653949
Mar-2026,MAMU KENDARI,DRESS MAMU,DRESS SAGE GREEN PJG S-M,145322,7,0,0,72661,508627,653949
Apr-2026,MAMU KENDARI,DRESS MAMU,DRESS SAGE GREEN PJG S-M,0,7,0,0,72661,508627,508627
Mei-2026,MAMU KENDARI,DRESS MAMU,DRESS SAGE GREEN PJG S-M,0,7,0,0,72661,508627,508627
Jun-2026,MAMU KENDARI,DRESS MAMU,DRESS SAGE GREEN PJG S-M,0,7,0,0,72661,508627,508627
Jul-2026,MAMU KENDARI,DRESS MAMU,DRESS SAGE GREEN PJG S-M,0,7,0,0,72661,508627,508627
Agu-2026,MAMU KENDARI,DRESS MAMU,DRESS SAGE GREEN PJG S-M,0,7,0,0,72661,508627,508627
Sep-2026,MAMU KENDARI,DRESS MAMU,DRESS SAGE GREEN PJG S-M,0,7,0,0,72661,508627,508627
Okt-2026,MAMU KENDARI,DRESS MAMU,DRESS SAGE GREEN PJG S-M,0,7,0,0,72661,508627,508627
Jan-2026,MAMU KENDARI,DRESS MAMU,DRESS SAGE GREEN S-M,0,10,0,0,60956,609560,0
Feb-2026,MAMU KENDARI,DRESS MAMU,DRESS SAGE GREEN S-M,0,10,0,0,60956,609560,609560
Mar-2026,MAMU KENDARI,DRESS MAMU,DRESS SAGE GREEN S-M,0,10,0,0,60956,609560,609560
Apr-2026,MAMU KENDARI,DRESS MAMU,DRESS SAGE GREEN S-M,0,10,0,0,60956,609560,609560
Mei-2026,MAMU KENDARI,DRESS MAMU,DRESS SAGE GREEN S-M,0,10,0,0,60956,609560,609560
Jun-2026,MAMU KENDARI,DRESS MAMU,DRESS SAGE GREEN S-M,0,10,0,0,60956,609560,609560
Jul-2026,MAMU KENDARI,DRESS MAMU,DRESS SAGE GREEN S-M,0,10,0,0,60956,609560,609560
Agu-2026,MAMU KENDARI,DRESS MAMU,DRESS SAGE GREEN S-M,0,10,0,0,60956,609560,609560
Sep-2026,MAMU KENDARI,DRESS MAMU,DRESS SAGE GREEN S-M,0,10,0,0,60956,609560,609560
Okt-2026,MAMU KENDARI,DRESS MAMU,DRESS SAGE GREEN S-M,0,10,0,0,60956,609560,609560
Jan-2026,MAMU KENDARI,DRESS MAMU,DRESS TOFFEE 2XL,0,1,0,0,55768,55768,0
Feb-2026,MAMU KENDARI,DRESS MAMU,DRESS TOFFEE 2XL,55768,1,0,0,55768,55768,55768
Mar-2026,MAMU KENDARI,DRESS MAMU,DRESS TOFFEE 2XL,0,0,0,0,55768,0,55768
Jan-2026,MAMU KENDARI,DRESS MAMU,DRESS TOFFEE L-XL,55768,2,0,0,56649,113298,0
Feb-2026,MAMU KENDARI,DRESS MAMU,DRESS TOFFEE L-XL,0,2,0,0,56649,113298,113298
Mar-2026,MAMU KENDARI,DRESS MAMU,DRESS TOFFEE L-XL,111536,0,0,0,56649,0,113298
Jan-2026,MAMU KENDARI,DRESS MAMU,DRESS TOFFEE PJG S-M,0,10,0,0,78033,780330,0
Feb-2026,MAMU KENDARI,DRESS MAMU,DRESS TOFFEE PJG S-M,0,10,0,0,78033,780330,780330
Mar-2026,MAMU KENDARI,DRESS MAMU,DRESS TOFFEE PJG S-M,214623,7,0,0,78033,546231,780330
Apr-2026,MAMU KENDARI,DRESS MAMU,DRESS TOFFEE PJG S-M,500787,0,0,0,78033,0,546231
Jan-2026,MAMU KENDARI,DRESS MAMU,DRESS TOFFEE S-M,0,10,0,0,56649,566490,0
Feb-2026,MAMU KENDARI,DRESS MAMU,DRESS TOFFEE S-M,0,10,0,0,56649,566490,566490
Mar-2026,MAMU KENDARI,DRESS MAMU,DRESS TOFFEE S-M,0,10,0,0,56649,566490,566490
Apr-2026,MAMU KENDARI,DRESS MAMU,DRESS TOFFEE S-M,106854,8,0,0,56649,453192,566490
Mei-2026,MAMU KENDARI,DRESS MAMU,DRESS TOFFEE S-M,53427,7,0,0,56649,396543,453192
Jun-2026,MAMU KENDARI,DRESS MAMU,DRESS TOFFEE S-M,0,7,0,0,56649,396543,396543
Jul-2026,MAMU KENDARI,DRESS MAMU,DRESS TOFFEE S-M,0,7,0,0,56649,396543,396543
Agu-2026,MAMU KENDARI,DRESS MAMU,DRESS TOFFEE S-M,0,7,0,0,56649,396543,396543
Sep-2026,MAMU KENDARI,DRESS MAMU,DRESS TOFFEE S-M,0,7,0,0,56649,396543,396543
Okt-2026,MAMU KENDARI,DRESS MAMU,DRESS TOFFEE S-M,0,7,0,0,56649,396543,396543
Jan-2026,MAMU KENDARI,DRESS MAMU,DRESS TWILIGHT MAUVE 2XL,0,1,0,0,56101,56101,0
Feb-2026,MAMU KENDARI,DRESS MAMU,DRESS TWILIGHT MAUVE 2XL,0,1,0,0,56101,56101,56101
Mar-2026,MAMU KENDARI,DRESS MAMU,DRESS TWILIGHT MAUVE 2XL,56101,0,0,0,56101,0,56101
Jan-2026,MAMU KENDARI,DRESS MAMU,DRESS TWILIGHT MAUVE L-XL,0,1,0,0,60287,60287,0
Feb-2026,MAMU KENDARI,DRESS MAMU,DRESS TWILIGHT MAUVE L-XL,0,0,0,0,60287,0,60287
Agu-2026,MAMU KENDARI,DRESS MAMU,DRESS TWILIGHT MAUVE L-XL,0,1,0,0,60287,60287,0
Sep-2026,MAMU KENDARI,DRESS MAMU,DRESS TWILIGHT MAUVE L-XL,0,1,0,0,60287,60287,60287
Okt-2026,MAMU KENDARI,DRESS MAMU,DRESS TWILIGHT MAUVE L-XL,0,1,0,0,60287,60287,60287
Jan-2026,MAMU KENDARI,DRESS MAMU,DRESS TWILIGHT MAUVE PJG L-XL,78572,0,0,0,83490,0,0
Jan-2026,MAMU KENDARI,DRESS MAMU,DRESS TWILIGHT MAUVE PJG S-M,0,9,0,0,83490,751410,0
Feb-2026,MAMU KENDARI,DRESS MAMU,DRESS TWILIGHT MAUVE PJG S-M,0,9,0,0,83490,751410,751410
Mar-2026,MAMU KENDARI,DRESS MAMU,DRESS TWILIGHT MAUVE PJG S-M,0,9,0,0,83490,751410,751410
Apr-2026,MAMU KENDARI,DRESS MAMU,DRESS TWILIGHT MAUVE PJG S-M,73533,8,0,0,83490,667920,751410
Mei-2026,MAMU KENDARI,DRESS MAMU,DRESS TWILIGHT MAUVE PJG S-M,73533,7,0,0,83490,584430,667920
Jun-2026,MAMU KENDARI,DRESS MAMU,DRESS TWILIGHT MAUVE PJG S-M,0,7,0,0,83490,584430,584430
Jul-2026,MAMU KENDARI,DRESS MAMU,DRESS TWILIGHT MAUVE PJG S-M,0,7,0,0,83490,584430,584430
Agu-2026,MAMU KENDARI,DRESS MAMU,DRESS TWILIGHT MAUVE PJG S-M,0,7,0,0,83490,584430,584430
Sep-2026,MAMU KENDARI,DRESS MAMU,DRESS TWILIGHT MAUVE PJG S-M,0,7,0,0,83490,584430,584430
Okt-2026,MAMU KENDARI,DRESS MAMU,DRESS TWILIGHT MAUVE PJG S-M,0,7,0,0,83490,584430,584430
Jan-2026,MAMU KENDARI,DRESS MAMU,DRESS TWILIGHT MAUVE S-M,0,9,0,0,60287,542583,0
Feb-2026,MAMU KENDARI,DRESS MAMU,DRESS TWILIGHT MAUVE S-M,0,9,0,0,60287,542583,542583
Mar-2026,MAMU KENDARI,DRESS MAMU,DRESS TWILIGHT MAUVE S-M,0,9,0,0,60287,542583,542583
Apr-2026,MAMU KENDARI,DRESS MAMU,DRESS TWILIGHT MAUVE S-M,0,9,0,0,60287,542583,542583
Mei-2026,MAMU KENDARI,DRESS MAMU,DRESS TWILIGHT MAUVE S-M,0,9,0,0,60287,542583,542583
Jun-2026,MAMU KENDARI,DRESS MAMU,DRESS TWILIGHT MAUVE S-M,0,9,0,0,60287,542583,542583
Jul-2026,MAMU KENDARI,DRESS MAMU,DRESS TWILIGHT MAUVE S-M,0,9,0,0,60287,542583,542583
Agu-2026,MAMU KENDARI,DRESS MAMU,DRESS TWILIGHT MAUVE S-M,53685,9,0,0,60287,542583,542583
Sep-2026,MAMU KENDARI,DRESS MAMU,DRESS TWILIGHT MAUVE S-M,0,8,0,0,60287,482296,542583
Okt-2026,MAMU KENDARI,DRESS MAMU,DRESS TWILIGHT MAUVE S-M,0,8,0,0,60287,482296,482296
Mar-2026,MAMU MAKASSAR,DRESS MAMU,DREES TWILIGHT MAUVE S-M,0,1,0,0,0,0,0
Apr-2026,MAMU MAKASSAR,DRESS MAMU,DREES TWILIGHT MAUVE S-M,0,1,0,0,0,0,0
Mei-2026,MAMU MAKASSAR,DRESS MAMU,DREES TWILIGHT MAUVE S-M,0,1,0,0,0,0,0
Jun-2026,MAMU MAKASSAR,DRESS MAMU,DREES TWILIGHT MAUVE S-M,0,1,0,0,0,0,0
Jul-2026,MAMU MAKASSAR,DRESS MAMU,DREES TWILIGHT MAUVE S-M,0,1,0,0,0,0,0
Agu-2026,MAMU MAKASSAR,DRESS MAMU,DREES TWILIGHT MAUVE S-M,0,1,0,0,0,0,0
Sep-2026,MAMU MAKASSAR,DRESS MAMU,DREES TWILIGHT MAUVE S-M,0,1,0,0,0,0,0
Okt-2026,MAMU MAKASSAR,DRESS MAMU,DREES TWILIGHT MAUVE S-M,0,1,0,0,0,0,0
Mar-2026,MAMU MAKASSAR,DRESS MAMU,DRESS DENIM BLUE 2XL,0,2,0,0,55575,111150,0
Apr-2026,MAMU MAKASSAR,DRESS MAMU,DRESS DENIM BLUE 2XL,0,2,0,0,55575,111150,111150
Mei-2026,MAMU MAKASSAR,DRESS MAMU,DRESS DENIM BLUE 2XL,0,2,0,0,55575,111150,111150
Jun-2026,MAMU MAKASSAR,DRESS MAMU,DRESS DENIM BLUE 2XL,55575,1,0,0,55575,55575,111150
Jul-2026,MAMU MAKASSAR,DRESS MAMU,DRESS DENIM BLUE 2XL,0,1,0,0,55575,55575,55575
Agu-2026,MAMU MAKASSAR,DRESS MAMU,DRESS DENIM BLUE 2XL,0,0,0,0,55575,0,55575
Jan-2026,MAMU MAKASSAR,DRESS MAMU,DRESS DENIM BLUE L-XL,56797,0,0,0,61749,0,0
Feb-2026,MAMU MAKASSAR,DRESS MAMU,DRESS DENIM BLUE L-XL,61749,15,0,0,61749,926235,0
Mar-2026,MAMU MAKASSAR,DRESS MAMU,DRESS DENIM BLUE L-XL,493992,5,0,0,61749,308745,926235
Apr-2026,MAMU MAKASSAR,DRESS MAMU,DRESS DENIM BLUE L-XL,123498,12,0,0,61749,740988,308745
Mei-2026,MAMU MAKASSAR,DRESS MAMU,DRESS DENIM BLUE L-XL,0,12,0,0,61749,740988,740988
Jun-2026,MAMU MAKASSAR,DRESS MAMU,DRESS DENIM BLUE L-XL,61749,11,0,0,61749,679239,740988
Jul-2026,MAMU MAKASSAR,DRESS MAMU,DRESS DENIM BLUE L-XL,0,11,0,0,61749,679239,679239
Agu-2026,MAMU MAKASSAR,DRESS MAMU,DRESS DENIM BLUE L-XL,123498,9,0,0,61749,555741,679239
Sep-2026,MAMU MAKASSAR,DRESS MAMU,DRESS DENIM BLUE L-XL,61749,8,0,0,61749,493992,555741
Okt-2026,MAMU MAKASSAR,DRESS MAMU,DRESS DENIM BLUE L-XL,0,8,0,0,61749,493992,493992
Jan-2026,MAMU MAKASSAR,DRESS MAMU,DRESS DENIM BLUE PJG L-XL,155564,0,0,0,85682,0,0
Feb-2026,MAMU MAKASSAR,DRESS MAMU,DRESS DENIM BLUE PJG L-XL,0,9,0,0,85682,771138,0
Mar-2026,MAMU MAKASSAR,DRESS MAMU,DRESS DENIM BLUE PJG L-XL,856820,1,0,0,85682,85682,771138
Apr-2026,MAMU MAKASSAR,DRESS MAMU,DRESS DENIM BLUE PJG L-XL,85682,1,0,0,85682,85682,85682
Mei-2026,MAMU MAKASSAR,DRESS MAMU,DRESS DENIM BLUE PJG L-XL,85682,0,0,0,85682,0,85682
Jan-2026,MAMU MAKASSAR,DRESS MAMU,DRESS DENIM BLUE PJG S-M,141972,19,0,0,70137,1332603,0
Feb-2026,MAMU MAKASSAR,DRESS MAMU,DRESS DENIM BLUE PJG S-M,283944,13,0,0,70137,911781,1332603
Mar-2026,MAMU MAKASSAR,DRESS MAMU,DRESS DENIM BLUE PJG S-M,922818,0,0,0,70137,0,911781
Jan-2026,MAMU MAKASSAR,DRESS MAMU,DRESS DENIM BLUE S-M,153987,32,0,0,61749,1975968,0
Feb-2026,MAMU MAKASSAR,DRESS MAMU,DRESS DENIM BLUE S-M,51329,30,0,0,61749,1852470,1975968
Mar-2026,MAMU MAKASSAR,DRESS MAMU,DRESS DENIM BLUE S-M,410632,20,0,0,61749,1234980,1852470
Apr-2026,MAMU MAKASSAR,DRESS MAMU,DRESS DENIM BLUE S-M,205316,18,0,0,61749,1111482,1234980
Mei-2026,MAMU MAKASSAR,DRESS MAMU,DRESS DENIM BLUE S-M,51329,15,0,0,61749,926235,1111482
Jun-2026,MAMU MAKASSAR,DRESS MAMU,DRESS DENIM BLUE S-M,0,15,0,0,61749,926235,926235
Jul-2026,MAMU MAKASSAR,DRESS MAMU,DRESS DENIM BLUE S-M,51329,15,0,0,61749,926235,926235
Agu-2026,MAMU MAKASSAR,DRESS MAMU,DRESS DENIM BLUE S-M,51329,13,0,0,61749,802737,926235
Sep-2026,MAMU MAKASSAR,DRESS MAMU,DRESS DENIM BLUE S-M,0,13,0,0,61749,802737,802737
Okt-2026,MAMU MAKASSAR,DRESS MAMU,DRESS DENIM BLUE S-M,0,13,0,0,61749,802737,802737
Mar-2026,MAMU MAKASSAR,DRESS MAMU,DRESS JET BLACK 2XL,0,1,0,0,59827,59827,0
Apr-2026,MAMU MAKASSAR,DRESS MAMU,DRESS JET BLACK 2XL,59827,0,0,0,59827,0,59827
Feb-2026,MAMU MAKASSAR,DRESS MAMU,DRESS JET BLACK L-XL,127518,25,0,0,63759,1593975,0
Mar-2026,MAMU MAKASSAR,DRESS MAMU,DRESS JET BLACK L-XL,765108,9,0,0,63759,573831,1593975
Apr-2026,MAMU MAKASSAR,DRESS MAMU,DRESS JET BLACK L-XL,191277,7,0,0,63759,446313,573831
Mei-2026,MAMU MAKASSAR,DRESS MAMU,DRESS JET BLACK L-XL,191277,4,0,0,63759,255036,446313
Jun-2026,MAMU MAKASSAR,DRESS MAMU,DRESS JET BLACK L-XL,127518,2,0,0,63759,127518,255036
Jul-2026,MAMU MAKASSAR,DRESS MAMU,DRESS JET BLACK L-XL,127518,11,0,0,63759,701349,127518
Agu-2026,MAMU MAKASSAR,DRESS MAMU,DRESS JET BLACK L-XL,63759,9,0,0,63759,573831,701349
Sep-2026,MAMU MAKASSAR,DRESS MAMU,DRESS JET BLACK L-XL,318795,4,0,0,63759,255036,573831
Okt-2026,MAMU MAKASSAR,DRESS MAMU,DRESS JET BLACK L-XL,63759,3,0,0,63759,191277,255036
Feb-2026,MAMU MAKASSAR,DRESS MAMU,DRESS JET BLACK PJG 2XL,88697,5,0,0,88697,443485,0
Mar-2026,MAMU MAKASSAR,DRESS MAMU,DRESS JET BLACK PJG 2XL,177394,1,0,0,88697,88697,443485
Apr-2026,MAMU MAKASSAR,DRESS MAMU,DRESS JET BLACK PJG 2XL,88697,0,0,0,88697,0,88697
Feb-2026,MAMU MAKASSAR,DRESS MAMU,DRESS JET BLACK PJG L-XL,88697,20,0,0,88697,1773940,0
Mar-2026,MAMU MAKASSAR,DRESS MAMU,DRESS JET BLACK PJG L-XL,975667,0,0,0,88697,0,1773940
Apr-2026,MAMU MAKASSAR,DRESS MAMU,DRESS JET BLACK PJG L-XL,354788,0,0,0,88697,0,0
Jan-2026,MAMU MAKASSAR,DRESS MAMU,DRESS JET BLACK PJG S-M,500640,104,0,0,71309,7416136,0
Feb-2026,MAMU MAKASSAR,DRESS MAMU,DRESS JET BLACK PJG S-M,286080,98,0,0,71309,6988282,7416136
Mar-2026,MAMU MAKASSAR,DRESS MAMU,DRESS JET BLACK PJG S-M,715200,56,0,0,71420,3999520,6988282
Apr-2026,MAMU MAKASSAR,DRESS MAMU,DRESS JET BLACK PJG S-M,357600,53,0,0,71420,3785260,3999520
Mei-2026,MAMU MAKASSAR,DRESS MAMU,DRESS JET BLACK PJG S-M,286080,19,0,0,71420,1356980,3785260
Jun-2026,MAMU MAKASSAR,DRESS MAMU,DRESS JET BLACK PJG S-M,143040,17,0,0,71420,1214140,1356980
Jul-2026,MAMU MAKASSAR,DRESS MAMU,DRESS JET BLACK PJG S-M,71497,21,0,0,71420,1499820,1214140
Agu-2026,MAMU MAKASSAR,DRESS MAMU,DRESS JET BLACK PJG S-M,71497,21,0,0,71420,1499820,1499820
Sep-2026,MAMU MAKASSAR,DRESS MAMU,DRESS JET BLACK PJG S-M,142994,19,0,0,71420,1356980,1499820
Okt-2026,MAMU MAKASSAR,DRESS MAMU,DRESS JET BLACK PJG S-M,71497,17,0,0,71420,1214140,1356980
Jan-2026,MAMU MAKASSAR,DRESS MAMU,DRESS JET BLACK S-M,364161,93,0,0,51953,4831629,0
Feb-2026,MAMU MAKASSAR,DRESS MAMU,DRESS JET BLACK S-M,104046,87,0,0,51953,4519911,4831629
Mar-2026,MAMU MAKASSAR,DRESS MAMU,DRESS JET BLACK S-M,832368,63,0,0,52378,3299814,4519911
Apr-2026,MAMU MAKASSAR,DRESS MAMU,DRESS JET BLACK S-M,260115,63,0,0,52378,3299814,3299814
Mei-2026,MAMU MAKASSAR,DRESS MAMU,DRESS JET BLACK S-M,156069,17,0,0,52378,890426,3299814
Jun-2026,MAMU MAKASSAR,DRESS MAMU,DRESS JET BLACK S-M,156069,14,0,0,52378,733292,890426
Jul-2026,MAMU MAKASSAR,DRESS MAMU,DRESS JET BLACK S-M,104145,18,0,0,52378,942804,733292
Agu-2026,MAMU MAKASSAR,DRESS MAMU,DRESS JET BLACK S-M,104244,16,0,0,52378,838048,942804
Sep-2026,MAMU MAKASSAR,DRESS MAMU,DRESS JET BLACK S-M,52122,14,0,0,52378,733292,838048
Okt-2026,MAMU MAKASSAR,DRESS MAMU,DRESS JET BLACK S-M,52122,13,0,0,52378,680914,733292
Jan-2026,MAMU MAKASSAR,DRESS MAMU,DRESS LIGHT BROWN 2XL,54611,0,0,0,54611,0,0
Mar-2026,MAMU MAKASSAR,DRESS MAMU,DRESS LIGHT BROWN 2XL,0,1,0,0,54611,54611,0
Apr-2026,MAMU MAKASSAR,DRESS MAMU,DRESS LIGHT BROWN 2XL,0,1,0,0,54611,54611,54611
Mei-2026,MAMU MAKASSAR,DRESS MAMU,DRESS LIGHT BROWN 2XL,54611,0,0,0,54611,0,54611
Jan-2026,MAMU MAKASSAR,DRESS MAMU,DRESS LIGHT BROWN L-XL,55573,0,0,0,59658,0,0
Feb-2026,MAMU MAKASSAR,DRESS MAMU,DRESS LIGHT BROWN L-XL,0,11,0,0,59658,656238,0
Mar-2026,MAMU MAKASSAR,DRESS MAMU,DRESS LIGHT BROWN L-XL,357948,5,0,0,59658,298290,656238
Apr-2026,MAMU MAKASSAR,DRESS MAMU,DRESS LIGHT BROWN L-XL,59658,6,0,0,59658,357948,298290
Mei-2026,MAMU MAKASSAR,DRESS MAMU,DRESS LIGHT BROWN L-XL,178974,3,0,0,59658,178974,357948
Jun-2026,MAMU MAKASSAR,DRESS MAMU,DRESS LIGHT BROWN L-XL,0,3,0,0,59658,178974,178974
Jul-2026,MAMU MAKASSAR,DRESS MAMU,DRESS LIGHT BROWN L-XL,59658,2,0,0,59658,119316,178974
Agu-2026,MAMU MAKASSAR,DRESS MAMU,DRESS LIGHT BROWN L-XL,119316,0,0,0,59658,0,119316
Jan-2026,MAMU MAKASSAR,DRESS MAMU,DRESS LIGHT BROWN PJG L-XL,152672,1,0,0,82546,82546,0
Feb-2026,MAMU MAKASSAR,DRESS MAMU,DRESS LIGHT BROWN PJG L-XL,81511,2,0,0,82546,165092,82546
Mar-2026,MAMU MAKASSAR,DRESS MAMU,DRESS LIGHT BROWN PJG L-XL,163022,2,0,0,82546,165092,165092
Apr-2026,MAMU MAKASSAR,DRESS MAMU,DRESS LIGHT BROWN PJG L-XL,82546,2,0,0,82546,165092,165092
Mei-2026,MAMU MAKASSAR,DRESS MAMU,DRESS LIGHT BROWN PJG L-XL,165092,0,0,0,82546,0,165092
Sep-2026,MAMU MAKASSAR,DRESS MAMU,DRESS LIGHT BROWN PJG L-XL,74718,4,0,0,82546,330184,0
Okt-2026,MAMU MAKASSAR,DRESS MAMU,DRESS LIGHT BROWN PJG L-XL,0,4,0,0,82546,330184,330184
Jan-2026,MAMU MAKASSAR,DRESS MAMU,DRESS LIGHT BROWN PJG S-M,69040,22,0,0,67918,1494196,0
Feb-2026,MAMU MAKASSAR,DRESS MAMU,DRESS LIGHT BROWN PJG S-M,0,22,0,0,67918,1494196,1494196
Mar-2026,MAMU MAKASSAR,DRESS MAMU,DRESS LIGHT BROWN PJG S-M,345200,7,0,0,67918,475426,1494196
Apr-2026,MAMU MAKASSAR,DRESS MAMU,DRESS LIGHT BROWN PJG S-M,207120,5,0,0,67918,339590,475426
Mei-2026,MAMU MAKASSAR,DRESS MAMU,DRESS LIGHT BROWN PJG S-M,69040,3,0,0,67918,203754,339590
Jun-2026,MAMU MAKASSAR,DRESS MAMU,DRESS LIGHT BROWN PJG S-M,138080,1,0,0,67918,67918,203754
Jul-2026,MAMU MAKASSAR,DRESS MAMU,DRESS LIGHT BROWN PJG S-M,0,1,0,0,67918,67918,67918
Agu-2026,MAMU MAKASSAR,DRESS MAMU,DRESS LIGHT BROWN PJG S-M,0,1,0,0,67918,67918,67918
Sep-2026,MAMU MAKASSAR,DRESS MAMU,DRESS LIGHT BROWN PJG S-M,69040,0,0,0,67918,0,67918
Jan-2026,MAMU MAKASSAR,DRESS MAMU,DRESS LIGHT BROWN S-M,198696,30,0,0,59658,1789740,0
Feb-2026,MAMU MAKASSAR,DRESS MAMU,DRESS LIGHT BROWN S-M,49674,25,0,0,59658,1491450,1789740
Mar-2026,MAMU MAKASSAR,DRESS MAMU,DRESS LIGHT BROWN S-M,347718,13,0,0,59658,775554,1491450
Apr-2026,MAMU MAKASSAR,DRESS MAMU,DRESS LIGHT BROWN S-M,99348,14,0,0,59658,835212,775554
Mei-2026,MAMU MAKASSAR,DRESS MAMU,DRESS LIGHT BROWN S-M,99348,12,0,0,59658,715896,835212
Jun-2026,MAMU MAKASSAR,DRESS MAMU,DRESS LIGHT BROWN S-M,99348,10,0,0,59658,596580,715896
Jul-2026,MAMU MAKASSAR,DRESS MAMU,DRESS LIGHT BROWN S-M,0,10,0,0,59658,596580,596580
Agu-2026,MAMU MAKASSAR,DRESS MAMU,DRESS LIGHT BROWN S-M,0,10,0,0,59658,596580,596580
Sep-2026,MAMU MAKASSAR,DRESS MAMU,DRESS LIGHT BROWN S-M,99348,8,0,0,59658,477264,596580
Okt-2026,MAMU MAKASSAR,DRESS MAMU,DRESS LIGHT BROWN S-M,0,8,0,0,59658,477264,477264
Jan-2026,MAMU MAKASSAR,DRESS MAMU,DRESS SAGE GREEN L-XL,58322,0,0,0,60956,0,0
Feb-2026,MAMU MAKASSAR,DRESS MAMU,DRESS SAGE GREEN L-XL,0,17,0,0,60956,1036252,0
Mar-2026,MAMU MAKASSAR,DRESS MAMU,DRESS SAGE GREEN L-XL,121912,14,0,0,60956,853384,1036252
Apr-2026,MAMU MAKASSAR,DRESS MAMU,DRESS SAGE GREEN L-XL,60956,13,0,0,60956,792428,853384
Mei-2026,MAMU MAKASSAR,DRESS MAMU,DRESS SAGE GREEN L-XL,121912,11,0,0,60956,670516,792428
Jun-2026,MAMU MAKASSAR,DRESS MAMU,DRESS SAGE GREEN L-XL,0,11,0,0,60956,670516,670516
Jul-2026,MAMU MAKASSAR,DRESS MAMU,DRESS SAGE GREEN L-XL,60956,16,0,0,60956,975296,670516
Agu-2026,MAMU MAKASSAR,DRESS MAMU,DRESS SAGE GREEN L-XL,60956,14,0,0,60956,853384,975296
Sep-2026,MAMU MAKASSAR,DRESS MAMU,DRESS SAGE GREEN L-XL,0,14,0,0,60956,853384,853384
Okt-2026,MAMU MAKASSAR,DRESS MAMU,DRESS SAGE GREEN L-XL,0,14,0,0,60956,853384,853384
Jan-2026,MAMU MAKASSAR,DRESS MAMU,DRESS SAGE GREEN PJG L-XL,159774,0,0,0,84493,0,0
Feb-2026,MAMU MAKASSAR,DRESS MAMU,DRESS SAGE GREEN PJG L-XL,84493,2,0,0,84493,168986,0
Mar-2026,MAMU MAKASSAR,DRESS MAMU,DRESS SAGE GREEN PJG L-XL,84493,2,0,0,84493,168986,168986
Apr-2026,MAMU MAKASSAR,DRESS MAMU,DRESS SAGE GREEN PJG L-XL,84493,2,0,0,84493,168986,168986
Mei-2026,MAMU MAKASSAR,DRESS MAMU,DRESS SAGE GREEN PJG L-XL,0,2,0,0,84493,168986,168986
Jun-2026,MAMU MAKASSAR,DRESS MAMU,DRESS SAGE GREEN PJG L-XL,84493,1,0,0,84493,84493,168986
Jul-2026,MAMU MAKASSAR,DRESS MAMU,DRESS SAGE GREEN PJG L-XL,84493,0,0,0,84493,0,84493
Jan-2026,MAMU MAKASSAR,DRESS MAMU,DRESS SAGE GREEN PJG S-M,145322,19,0,0,72661,1380559,0
Feb-2026,MAMU MAKASSAR,DRESS MAMU,DRESS SAGE GREEN PJG S-M,145322,17,0,0,72661,1235237,1380559
Mar-2026,MAMU MAKASSAR,DRESS MAMU,DRESS SAGE GREEN PJG S-M,290644,11,0,0,72661,799271,1235237
Apr-2026,MAMU MAKASSAR,DRESS MAMU,DRESS SAGE GREEN PJG S-M,72661,10,0,0,72661,726610,799271
Mei-2026,MAMU MAKASSAR,DRESS MAMU,DRESS SAGE GREEN PJG S-M,0,10,0,0,72661,726610,726610
Jun-2026,MAMU MAKASSAR,DRESS MAMU,DRESS SAGE GREEN PJG S-M,145322,8,0,0,72661,581288,726610
Jul-2026,MAMU MAKASSAR,DRESS MAMU,DRESS SAGE GREEN PJG S-M,72661,7,0,0,72661,508627,581288
Agu-2026,MAMU MAKASSAR,DRESS MAMU,DRESS SAGE GREEN PJG S-M,0,7,0,0,72661,508627,508627
Sep-2026,MAMU MAKASSAR,DRESS MAMU,DRESS SAGE GREEN PJG S-M,145322,6,0,0,72661,435966,508627
Okt-2026,MAMU MAKASSAR,DRESS MAMU,DRESS SAGE GREEN PJG S-M,0,5,0,0,72661,363305,435966
Jan-2026,MAMU MAKASSAR,DRESS MAMU,DRESS SAGE GREEN S-M,161256,36,0,0,60956,2194416,0
Feb-2026,MAMU MAKASSAR,DRESS MAMU,DRESS SAGE GREEN S-M,0,35,0,0,60956,2133460,2194416
Mar-2026,MAMU MAKASSAR,DRESS MAMU,DRESS SAGE GREEN S-M,322512,25,0,0,60956,1523900,2133460
Apr-2026,MAMU MAKASSAR,DRESS MAMU,DRESS SAGE GREEN S-M,0,27,0,0,60956,1645812,1523900
Mei-2026,MAMU MAKASSAR,DRESS MAMU,DRESS SAGE GREEN S-M,107504,15,0,0,60956,914340,1645812
Jun-2026,MAMU MAKASSAR,DRESS MAMU,DRESS SAGE GREEN S-M,0,15,0,0,60956,914340,914340
Jul-2026,MAMU MAKASSAR,DRESS MAMU,DRESS SAGE GREEN S-M,0,20,0,0,60956,1219120,914340
Agu-2026,MAMU MAKASSAR,DRESS MAMU,DRESS SAGE GREEN S-M,0,20,0,0,60956,1219120,1219120
Sep-2026,MAMU MAKASSAR,DRESS MAMU,DRESS SAGE GREEN S-M,55553,19,0,0,60956,1158164,1219120
Okt-2026,MAMU MAKASSAR,DRESS MAMU,DRESS SAGE GREEN S-M,0,19,0,0,60956,1158164,1158164
Mar-2026,MAMU MAKASSAR,DRESS MAMU,DRESS TOFFEE 2XL,223072,0,0,0,55768,0,0
Feb-2026,MAMU MAKASSAR,DRESS MAMU,DRESS TOFFEE L-XL,113298,13,0,0,56649,736437,0
Mar-2026,MAMU MAKASSAR,DRESS MAMU,DRESS TOFFEE L-XL,283245,10,0,0,56649,566490,736437
Apr-2026,MAMU MAKASSAR,DRESS MAMU,DRESS TOFFEE L-XL,226596,6,0,0,56649,339894,566490
Mei-2026,MAMU MAKASSAR,DRESS MAMU,DRESS TOFFEE L-XL,169947,3,0,0,56649,169947,339894
Jun-2026,MAMU MAKASSAR,DRESS MAMU,DRESS TOFFEE L-XL,56649,2,0,0,56649,113298,169947
Jul-2026,MAMU MAKASSAR,DRESS MAMU,DRESS TOFFEE L-XL,0,2,0,0,56649,113298,113298
Agu-2026,MAMU MAKASSAR,DRESS MAMU,DRESS TOFFEE L-XL,113298,0,0,0,56649,0,113298
Feb-2026,MAMU MAKASSAR,DRESS MAMU,DRESS TOFFEE PJG 2XL,78033,0,0,0,78033,0,0
Feb-2026,MAMU MAKASSAR,DRESS MAMU,DRESS TOFFEE PJG L-XL,156066,11,0,0,78033,858363,0
Mar-2026,MAMU MAKASSAR,DRESS MAMU,DRESS TOFFEE PJG L-XL,780330,8,0,0,78033,624264,858363
Apr-2026,MAMU MAKASSAR,DRESS MAMU,DRESS TOFFEE PJG L-XL,156066,6,0,0,78033,468198,624264
Mei-2026,MAMU MAKASSAR,DRESS MAMU,DRESS TOFFEE PJG L-XL,234099,0,0,0,78033,0,468198
Jan-2026,MAMU MAKASSAR,DRESS MAMU,DRESS TOFFEE PJG S-M,143082,16,0,0,78033,1248528,0
Feb-2026,MAMU MAKASSAR,DRESS MAMU,DRESS TOFFEE PJG S-M,71541,10,0,0,78033,780330,1248528
Mar-2026,MAMU MAKASSAR,DRESS MAMU,DRESS TOFFEE PJG S-M,521444,2,0,0,78033,156066,780330
Apr-2026,MAMU MAKASSAR,DRESS MAMU,DRESS TOFFEE PJG S-M,229914,9,0,0,78033,702297,156066
Mei-2026,MAMU MAKASSAR,DRESS MAMU,DRESS TOFFEE PJG S-M,466266,4,0,0,78033,312132,702297
Jun-2026,MAMU MAKASSAR,DRESS MAMU,DRESS TOFFEE PJG S-M,233133,0,0,0,78033,0,312132
Jul-2026,MAMU MAKASSAR,DRESS MAMU,DRESS TOFFEE PJG S-M,78033,1,0,0,78033,78033,0
Agu-2026,MAMU MAKASSAR,DRESS MAMU,DRESS TOFFEE PJG S-M,71541,0,0,0,78033,0,78033
Okt-2026,MAMU MAKASSAR,DRESS MAMU,DRESS TOFFEE PJG S-M,0,1,0,0,78033,78033,0
Jan-2026,MAMU MAKASSAR,DRESS MAMU,DRESS TOFFEE S-M,421008,33,0,0,56649,1869417,0
Feb-2026,MAMU MAKASSAR,DRESS MAMU,DRESS TOFFEE S-M,105252,28,0,0,56649,1586172,1869417
Mar-2026,MAMU MAKASSAR,DRESS MAMU,DRESS TOFFEE S-M,692013,11,0,0,56649,623139,1586172
Apr-2026,MAMU MAKASSAR,DRESS MAMU,DRESS TOFFEE S-M,213854,10,0,0,56649,566490,623139
Mei-2026,MAMU MAKASSAR,DRESS MAMU,DRESS TOFFEE S-M,0,10,0,0,56649,566490,566490
Jun-2026,MAMU MAKASSAR,DRESS MAMU,DRESS TOFFEE S-M,106902,8,0,0,56649,453192,566490
Jul-2026,MAMU MAKASSAR,DRESS MAMU,DRESS TOFFEE S-M,106902,7,0,0,56649,396543,453192
Agu-2026,MAMU MAKASSAR,DRESS MAMU,DRESS TOFFEE S-M,53451,5,0,0,56649,283245,396543
Sep-2026,MAMU MAKASSAR,DRESS MAMU,DRESS TOFFEE S-M,0,5,0,0,56649,283245,283245
Okt-2026,MAMU MAKASSAR,DRESS MAMU,DRESS TOFFEE S-M,53451,4,0,0,56649,226596,283245
Mar-2026,MAMU MAKASSAR,DRESS MAMU,DRESS TWILIGHT MAUVE 2XL,0,3,0,0,56101,168303,0
Apr-2026,MAMU MAKASSAR,DRESS MAMU,DRESS TWILIGHT MAUVE 2XL,56101,3,0,0,56101,168303,168303
Mei-2026,MAMU MAKASSAR,DRESS MAMU,DRESS TWILIGHT MAUVE 2XL,0,3,0,0,56101,168303,168303
Jun-2026,MAMU MAKASSAR,DRESS MAMU,DRESS TWILIGHT MAUVE 2XL,0,3,0,0,56101,168303,168303
Jul-2026,MAMU MAKASSAR,DRESS MAMU,DRESS TWILIGHT MAUVE 2XL,56101,2,0,0,56101,112202,168303
Agu-2026,MAMU MAKASSAR,DRESS MAMU,DRESS TWILIGHT MAUVE 2XL,0,2,0,0,56101,112202,112202
Sep-2026,MAMU MAKASSAR,DRESS MAMU,DRESS TWILIGHT MAUVE 2XL,56101,1,0,0,56101,56101,112202
Okt-2026,MAMU MAKASSAR,DRESS MAMU,DRESS TWILIGHT MAUVE 2XL,56101,0,0,0,56101,0,56101
Feb-2026,MAMU MAKASSAR,DRESS MAMU,DRESS TWILIGHT MAUVE L-XL,120574,15,0,0,60287,904305,0
Mar-2026,MAMU MAKASSAR,DRESS MAMU,DRESS TWILIGHT MAUVE L-XL,301435,9,0,0,60287,542583,904305
Apr-2026,MAMU MAKASSAR,DRESS MAMU,DRESS TWILIGHT MAUVE L-XL,0,10,0,0,60287,602870,542583
Mei-2026,MAMU MAKASSAR,DRESS MAMU,DRESS TWILIGHT MAUVE L-XL,0,10,0,0,60287,602870,602870
Jun-2026,MAMU MAKASSAR,DRESS MAMU,DRESS TWILIGHT MAUVE L-XL,0,10,0,0,60287,602870,602870
Jul-2026,MAMU MAKASSAR,DRESS MAMU,DRESS TWILIGHT MAUVE L-XL,60287,10,0,0,60287,602870,602870
Agu-2026,MAMU MAKASSAR,DRESS MAMU,DRESS TWILIGHT MAUVE L-XL,60287,9,0,0,60287,542583,602870
Sep-2026,MAMU MAKASSAR,DRESS MAMU,DRESS TWILIGHT MAUVE L-XL,60287,7,0,0,60287,422009,542583
Okt-2026,MAMU MAKASSAR,DRESS MAMU,DRESS TWILIGHT MAUVE L-XL,60287,6,0,0,60287,361722,422009
Feb-2026,MAMU MAKASSAR,DRESS MAMU,DRESS TWILIGHT MAUVE PJG 2XL,0,2,0,0,83490,166980,0
Mar-2026,MAMU MAKASSAR,DRESS MAMU,DRESS TWILIGHT MAUVE PJG 2XL,83490,1,0,0,83490,83490,166980
Apr-2026,MAMU MAKASSAR,DRESS MAMU,DRESS TWILIGHT MAUVE PJG 2XL,83490,0,0,0,83490,0,83490
Feb-2026,MAMU MAKASSAR,DRESS MAMU,DRESS TWILIGHT MAUVE PJG L-XL,83490,17,0,0,83490,1419330,0
Mar-2026,MAMU MAKASSAR,DRESS MAMU,DRESS TWILIGHT MAUVE PJG L-XL,333960,7,0,0,83490,584430,1419330
Apr-2026,MAMU MAKASSAR,DRESS MAMU,DRESS TWILIGHT MAUVE PJG L-XL,0,11,0,0,83490,918390,584430
Mei-2026,MAMU MAKASSAR,DRESS MAMU,DRESS TWILIGHT MAUVE PJG L-XL,166980,9,0,0,83490,751410,918390
Jun-2026,MAMU MAKASSAR,DRESS MAMU,DRESS TWILIGHT MAUVE PJG L-XL,83490,8,0,0,83490,667920,751410
Jul-2026,MAMU MAKASSAR,DRESS MAMU,DRESS TWILIGHT MAUVE PJG L-XL,0,8,0,0,83490,667920,667920
Agu-2026,MAMU MAKASSAR,DRESS MAMU,DRESS TWILIGHT MAUVE PJG L-XL,250470,6,0,0,83490,500940,667920
Sep-2026,MAMU MAKASSAR,DRESS MAMU,DRESS TWILIGHT MAUVE PJG L-XL,83490,4,0,0,83490,333960,500940
Okt-2026,MAMU MAKASSAR,DRESS MAMU,DRESS TWILIGHT MAUVE PJG L-XL,0,4,0,0,83490,333960,333960
Jan-2026,MAMU MAKASSAR,DRESS MAMU,DRESS TWILIGHT MAUVE PJG S-M,297864,16,0,0,83490,1335840,0
Feb-2026,MAMU MAKASSAR,DRESS MAMU,DRESS TWILIGHT MAUVE PJG S-M,74466,13,0,0,83490,1085370,1335840
Mar-2026,MAMU MAKASSAR,DRESS MAMU,DRESS TWILIGHT MAUVE PJG S-M,819126,4,0,0,83490,333960,1085370
Apr-2026,MAMU MAKASSAR,DRESS MAMU,DRESS TWILIGHT MAUVE PJG S-M,0,7,0,0,83490,584430,333960
Mei-2026,MAMU MAKASSAR,DRESS MAMU,DRESS TWILIGHT MAUVE PJG S-M,81986,6,0,0,83490,500940,584430
Jun-2026,MAMU MAKASSAR,DRESS MAMU,DRESS TWILIGHT MAUVE PJG S-M,81986,5,0,0,83490,417450,500940
Jul-2026,MAMU MAKASSAR,DRESS MAMU,DRESS TWILIGHT MAUVE PJG S-M,0,5,0,0,83490,417450,417450
Agu-2026,MAMU MAKASSAR,DRESS MAMU,DRESS TWILIGHT MAUVE PJG S-M,0,5,0,0,83490,417450,417450
Sep-2026,MAMU MAKASSAR,DRESS MAMU,DRESS TWILIGHT MAUVE PJG S-M,0,5,0,0,83490,417450,417450
Okt-2026,MAMU MAKASSAR,DRESS MAMU,DRESS TWILIGHT MAUVE PJG S-M,0,5,0,0,83490,417450,417450
Jan-2026,MAMU MAKASSAR,DRESS MAMU,DRESS TWILIGHT MAUVE S-M,106834,29,0,0,60287,1748323,0
Feb-2026,MAMU MAKASSAR,DRESS MAMU,DRESS TWILIGHT MAUVE S-M,53417,25,0,0,60287,1507175,1748323
Mar-2026,MAMU MAKASSAR,DRESS MAMU,DRESS TWILIGHT MAUVE S-M,320502,15,0,0,60287,904305,1507175
Apr-2026,MAMU MAKASSAR,DRESS MAMU,DRESS TWILIGHT MAUVE S-M,0,18,0,0,60287,1085166,904305
Mei-2026,MAMU MAKASSAR,DRESS MAMU,DRESS TWILIGHT MAUVE S-M,53417,9,0,0,60287,542583,1085166
Jun-2026,MAMU MAKASSAR,DRESS MAMU,DRESS TWILIGHT MAUVE S-M,0,10,0,0,60287,602870,542583
Jul-2026,MAMU MAKASSAR,DRESS MAMU,DRESS TWILIGHT MAUVE S-M,0,10,0,0,60287,602870,602870
Agu-2026,MAMU MAKASSAR,DRESS MAMU,DRESS TWILIGHT MAUVE S-M,0,10,0,0,60287,602870,602870
Sep-2026,MAMU MAKASSAR,DRESS MAMU,DRESS TWILIGHT MAUVE S-M,0,10,0,0,60287,602870,602870
Okt-2026,MAMU MAKASSAR,DRESS MAMU,DRESS TWILIGHT MAUVE S-M,0,10,0,0,60287,602870,602870
Jan-2026,MAMU PALOPO,DRESS MAMU,DRESS DENIM BLUE 2XL,0,1,0,0,55575,55575,0
Feb-2026,MAMU PALOPO,DRESS MAMU,DRESS DENIM BLUE 2XL,0,1,0,0,55575,55575,55575
Mar-2026,MAMU PALOPO,DRESS MAMU,DRESS DENIM BLUE 2XL,0,1,0,0,55575,55575,55575
Apr-2026,MAMU PALOPO,DRESS MAMU,DRESS DENIM BLUE 2XL,0,1,0,0,55575,55575,55575
Mei-2026,MAMU PALOPO,DRESS MAMU,DRESS DENIM BLUE 2XL,0,1,0,0,55575,55575,55575
Jun-2026,MAMU PALOPO,DRESS MAMU,DRESS DENIM BLUE 2XL,0,1,0,0,55575,55575,55575
Jul-2026,MAMU PALOPO,DRESS MAMU,DRESS DENIM BLUE 2XL,0,1,0,0,55575,55575,55575
Agu-2026,MAMU PALOPO,DRESS MAMU,DRESS DENIM BLUE 2XL,0,1,0,0,55575,55575,55575
Sep-2026,MAMU PALOPO,DRESS MAMU,DRESS DENIM BLUE 2XL,0,1,0,0,55575,55575,55575
Okt-2026,MAMU PALOPO,DRESS MAMU,DRESS DENIM BLUE 2XL,0,1,0,0,55575,55575,55575
Jan-2026,MAMU PALOPO,DRESS MAMU,DRESS DENIM BLUE L-XL,0,1,0,0,61749,61749,0
Feb-2026,MAMU PALOPO,DRESS MAMU,DRESS DENIM BLUE L-XL,0,1,0,0,61749,61749,61749
Mar-2026,MAMU PALOPO,DRESS MAMU,DRESS DENIM BLUE L-XL,0,1,0,0,61749,61749,61749
Apr-2026,MAMU PALOPO,DRESS MAMU,DRESS DENIM BLUE L-XL,0,2,0,0,61749,123498,61749
Mei-2026,MAMU PALOPO,DRESS MAMU,DRESS DENIM BLUE L-XL,0,2,0,0,61749,123498,123498
Jun-2026,MAMU PALOPO,DRESS MAMU,DRESS DENIM BLUE L-XL,0,2,0,0,61749,123498,123498
Jul-2026,MAMU PALOPO,DRESS MAMU,DRESS DENIM BLUE L-XL,0,2,0,0,61749,123498,123498
Agu-2026,MAMU PALOPO,DRESS MAMU,DRESS DENIM BLUE L-XL,0,2,0,0,61749,123498,123498
Sep-2026,MAMU PALOPO,DRESS MAMU,DRESS DENIM BLUE L-XL,0,2,0,0,61749,123498,123498
Okt-2026,MAMU PALOPO,DRESS MAMU,DRESS DENIM BLUE L-XL,0,2,0,0,61749,123498,123498
Jan-2026,MAMU PALOPO,DRESS MAMU,DRESS DENIM BLUE PJG L-XL,0,1,0,0,85682,85682,0
Feb-2026,MAMU PALOPO,DRESS MAMU,DRESS DENIM BLUE PJG L-XL,0,1,0,0,85682,85682,85682
Mar-2026,MAMU PALOPO,DRESS MAMU,DRESS DENIM BLUE PJG L-XL,0,1,0,0,85682,85682,85682
Apr-2026,MAMU PALOPO,DRESS MAMU,DRESS DENIM BLUE PJG L-XL,77782,0,0,0,85682,0,85682
Jan-2026,MAMU PALOPO,DRESS MAMU,DRESS DENIM BLUE PJG S-M,0,9,0,0,70137,631233,0
Feb-2026,MAMU PALOPO,DRESS MAMU,DRESS DENIM BLUE PJG S-M,0,9,0,0,70137,631233,631233
Mar-2026,MAMU PALOPO,DRESS MAMU,DRESS DENIM BLUE PJG S-M,0,9,0,0,70137,631233,631233
Apr-2026,MAMU PALOPO,DRESS MAMU,DRESS DENIM BLUE PJG S-M,0,9,0,0,70137,631233,631233
Mei-2026,MAMU PALOPO,DRESS MAMU,DRESS DENIM BLUE PJG S-M,0,9,0,0,70137,631233,631233
Jun-2026,MAMU PALOPO,DRESS MAMU,DRESS DENIM BLUE PJG S-M,0,9,0,0,70137,631233,631233
Jul-2026,MAMU PALOPO,DRESS MAMU,DRESS DENIM BLUE PJG S-M,0,9,0,0,70137,631233,631233
Agu-2026,MAMU PALOPO,DRESS MAMU,DRESS DENIM BLUE PJG S-M,70986,8,0,0,70137,561096,631233
Sep-2026,MAMU PALOPO,DRESS MAMU,DRESS DENIM BLUE PJG S-M,0,8,0,0,70137,561096,561096
Okt-2026,MAMU PALOPO,DRESS MAMU,DRESS DENIM BLUE PJG S-M,70986,7,0,0,70137,490959,561096
Jan-2026,MAMU PALOPO,DRESS MAMU,DRESS DENIM BLUE S-M,0,11,0,0,61749,679239,0
Feb-2026,MAMU PALOPO,DRESS MAMU,DRESS DENIM BLUE S-M,0,11,0,0,61749,679239,679239
Mar-2026,MAMU PALOPO,DRESS MAMU,DRESS DENIM BLUE S-M,0,11,0,0,61749,679239,679239
Apr-2026,MAMU PALOPO,DRESS MAMU,DRESS DENIM BLUE S-M,0,11,0,0,61749,679239,679239
Mei-2026,MAMU PALOPO,DRESS MAMU,DRESS DENIM BLUE S-M,0,11,0,0,61749,679239,679239
Jun-2026,MAMU PALOPO,DRESS MAMU,DRESS DENIM BLUE S-M,0,11,0,0,61749,679239,679239
Jul-2026,MAMU PALOPO,DRESS MAMU,DRESS DENIM BLUE S-M,0,11,0,0,61749,679239,679239
Agu-2026,MAMU PALOPO,DRESS MAMU,DRESS DENIM BLUE S-M,0,11,0,0,61749,679239,679239
Sep-2026,MAMU PALOPO,DRESS MAMU,DRESS DENIM BLUE S-M,0,11,0,0,61749,679239,679239
Okt-2026,MAMU PALOPO,DRESS MAMU,DRESS DENIM BLUE S-M,0,11,0,0,61749,679239,679239
Jan-2026,MAMU PALOPO,DRESS MAMU,DRESS JET BLACK 2XL,0,1,0,0,59827,59827,0
Feb-2026,MAMU PALOPO,DRESS MAMU,DRESS JET BLACK 2XL,0,1,0,0,59827,59827,59827
Mar-2026,MAMU PALOPO,DRESS MAMU,DRESS JET BLACK 2XL,0,1,0,0,59827,59827,59827
Apr-2026,MAMU PALOPO,DRESS MAMU,DRESS JET BLACK 2XL,0,1,0,0,59827,59827,59827
Mei-2026,MAMU PALOPO,DRESS MAMU,DRESS JET BLACK 2XL,59827,0,0,0,59827,0,59827
Jan-2026,MAMU PALOPO,DRESS MAMU,DRESS JET BLACK L-XL,0,2,0,0,63759,127518,0
Feb-2026,MAMU PALOPO,DRESS MAMU,DRESS JET BLACK L-XL,0,2,0,0,63759,127518,127518
Mar-2026,MAMU PALOPO,DRESS MAMU,DRESS JET BLACK L-XL,0,2,0,0,63759,127518,127518
Apr-2026,MAMU PALOPO,DRESS MAMU,DRESS JET BLACK L-XL,0,2,0,0,63759,127518,127518
Mei-2026,MAMU PALOPO,DRESS MAMU,DRESS JET BLACK L-XL,0,2,0,0,63759,127518,127518
Jun-2026,MAMU PALOPO,DRESS MAMU,DRESS JET BLACK L-XL,0,2,0,0,63759,127518,127518
Jul-2026,MAMU PALOPO,DRESS MAMU,DRESS JET BLACK L-XL,0,2,0,0,63759,127518,127518
Agu-2026,MAMU PALOPO,DRESS MAMU,DRESS JET BLACK L-XL,0,2,0,0,63759,127518,127518
Sep-2026,MAMU PALOPO,DRESS MAMU,DRESS JET BLACK L-XL,59827,1,0,0,63759,63759,127518
Okt-2026,MAMU PALOPO,DRESS MAMU,DRESS JET BLACK L-XL,0,1,0,0,63759,63759,63759
Jan-2026,MAMU PALOPO,DRESS MAMU,DRESS JET BLACK PJG L-XL,0,1,0,0,88697,88697,0
Feb-2026,MAMU PALOPO,DRESS MAMU,DRESS JET BLACK PJG L-XL,0,1,0,0,88697,88697,88697
Mar-2026,MAMU PALOPO,DRESS MAMU,DRESS JET BLACK PJG L-XL,0,1,0,0,88697,88697,88697
Apr-2026,MAMU PALOPO,DRESS MAMU,DRESS JET BLACK PJG L-XL,0,1,0,0,88697,88697,88697
Mei-2026,MAMU PALOPO,DRESS MAMU,DRESS JET BLACK PJG L-XL,0,1,0,0,88697,88697,88697
Jun-2026,MAMU PALOPO,DRESS MAMU,DRESS JET BLACK PJG L-XL,0,1,0,0,88697,88697,88697
Jul-2026,MAMU PALOPO,DRESS MAMU,DRESS JET BLACK PJG L-XL,84160,0,0,0,88697,0,88697
Jan-2026,MAMU PALOPO,DRESS MAMU,DRESS JET BLACK PJG S-M,0,48,0,0,71309,3422832,0
Feb-2026,MAMU PALOPO,DRESS MAMU,DRESS JET BLACK PJG S-M,0,48,0,0,71309,3422832,3422832
Mar-2026,MAMU PALOPO,DRESS MAMU,DRESS JET BLACK PJG S-M,143154,13,0,0,71420,928460,3422832
Apr-2026,MAMU PALOPO,DRESS MAMU,DRESS JET BLACK PJG S-M,0,13,0,0,71420,928460,928460
Mei-2026,MAMU PALOPO,DRESS MAMU,DRESS JET BLACK PJG S-M,0,13,0,0,71420,928460,928460
Jun-2026,MAMU PALOPO,DRESS MAMU,DRESS JET BLACK PJG S-M,0,13,0,0,71420,928460,928460
Jul-2026,MAMU PALOPO,DRESS MAMU,DRESS JET BLACK PJG S-M,0,13,0,0,71420,928460,928460
Agu-2026,MAMU PALOPO,DRESS MAMU,DRESS JET BLACK PJG S-M,0,13,0,0,71420,928460,928460
Sep-2026,MAMU PALOPO,DRESS MAMU,DRESS JET BLACK PJG S-M,71577,12,0,0,71420,857040,928460
Okt-2026,MAMU PALOPO,DRESS MAMU,DRESS JET BLACK PJG S-M,0,12,0,0,71420,857040,857040
Jan-2026,MAMU PALOPO,DRESS MAMU,DRESS JET BLACK S-M,0,39,0,0,51953,2026167,0
Feb-2026,MAMU PALOPO,DRESS MAMU,DRESS JET BLACK S-M,0,39,0,0,51953,2026167,2026167
Mar-2026,MAMU PALOPO,DRESS MAMU,DRESS JET BLACK S-M,0,15,0,0,52378,785670,2026167
Apr-2026,MAMU PALOPO,DRESS MAMU,DRESS JET BLACK S-M,0,15,0,0,52378,785670,785670
Mei-2026,MAMU PALOPO,DRESS MAMU,DRESS JET BLACK S-M,0,15,0,0,52378,785670,785670
Jun-2026,MAMU PALOPO,DRESS MAMU,DRESS JET BLACK S-M,0,15,0,0,52378,785670,785670
Jul-2026,MAMU PALOPO,DRESS MAMU,DRESS JET BLACK S-M,0,15,0,0,52378,785670,785670
Agu-2026,MAMU PALOPO,DRESS MAMU,DRESS JET BLACK S-M,0,15,0,0,52378,785670,785670
Sep-2026,MAMU PALOPO,DRESS MAMU,DRESS JET BLACK S-M,0,15,0,0,52378,785670,785670
Okt-2026,MAMU PALOPO,DRESS MAMU,DRESS JET BLACK S-M,0,15,0,0,52378,785670,785670
Jan-2026,MAMU PALOPO,DRESS MAMU,DRESS LIGHT BROWN 2XL,0,1,0,0,54611,54611,0
Feb-2026,MAMU PALOPO,DRESS MAMU,DRESS LIGHT BROWN 2XL,0,1,0,0,54611,54611,54611
Mar-2026,MAMU PALOPO,DRESS MAMU,DRESS LIGHT BROWN 2XL,0,1,0,0,54611,54611,54611
Apr-2026,MAMU PALOPO,DRESS MAMU,DRESS LIGHT BROWN 2XL,0,1,0,0,54611,54611,54611
Mei-2026,MAMU PALOPO,DRESS MAMU,DRESS LIGHT BROWN 2XL,0,1,0,0,54611,54611,54611
Jun-2026,MAMU PALOPO,DRESS MAMU,DRESS LIGHT BROWN 2XL,0,1,0,0,54611,54611,54611
Jul-2026,MAMU PALOPO,DRESS MAMU,DRESS LIGHT BROWN 2XL,0,1,0,0,54611,54611,54611
Agu-2026,MAMU PALOPO,DRESS MAMU,DRESS LIGHT BROWN 2XL,0,1,0,0,54611,54611,54611
Sep-2026,MAMU PALOPO,DRESS MAMU,DRESS LIGHT BROWN 2XL,0,1,0,0,54611,54611,54611
Okt-2026,MAMU PALOPO,DRESS MAMU,DRESS LIGHT BROWN 2XL,0,1,0,0,54611,54611,54611
Jan-2026,MAMU PALOPO,DRESS MAMU,DRESS LIGHT BROWN L-XL,0,1,0,0,59658,59658,0
Feb-2026,MAMU PALOPO,DRESS MAMU,DRESS LIGHT BROWN L-XL,0,1,0,0,59658,59658,59658
Mar-2026,MAMU PALOPO,DRESS MAMU,DRESS LIGHT BROWN L-XL,0,1,0,0,59658,59658,59658
Apr-2026,MAMU PALOPO,DRESS MAMU,DRESS LIGHT BROWN L-XL,0,1,0,0,59658,59658,59658
Mei-2026,MAMU PALOPO,DRESS MAMU,DRESS LIGHT BROWN L-XL,0,1,0,0,59658,59658,59658
Jun-2026,MAMU PALOPO,DRESS MAMU,DRESS LIGHT BROWN L-XL,0,1,0,0,59658,59658,59658
Jul-2026,MAMU PALOPO,DRESS MAMU,DRESS LIGHT BROWN L-XL,0,1,0,0,59658,59658,59658
Agu-2026,MAMU PALOPO,DRESS MAMU,DRESS LIGHT BROWN L-XL,0,1,0,0,59658,59658,59658
Sep-2026,MAMU PALOPO,DRESS MAMU,DRESS LIGHT BROWN L-XL,0,1,0,0,59658,59658,59658
Okt-2026,MAMU PALOPO,DRESS MAMU,DRESS LIGHT BROWN L-XL,0,1,0,0,59658,59658,59658
Jan-2026,MAMU PALOPO,DRESS MAMU,DRESS LIGHT BROWN PJG L-XL,0,1,0,0,82546,82546,0
Feb-2026,MAMU PALOPO,DRESS MAMU,DRESS LIGHT BROWN PJG L-XL,0,1,0,0,82546,82546,82546
Mar-2026,MAMU PALOPO,DRESS MAMU,DRESS LIGHT BROWN PJG L-XL,0,1,0,0,82546,82546,82546
Apr-2026,MAMU PALOPO,DRESS MAMU,DRESS LIGHT BROWN PJG L-XL,0,1,0,0,82546,82546,82546
Mei-2026,MAMU PALOPO,DRESS MAMU,DRESS LIGHT BROWN PJG L-XL,0,1,0,0,82546,82546,82546
Jun-2026,MAMU PALOPO,DRESS MAMU,DRESS LIGHT BROWN PJG L-XL,0,1,0,0,82546,82546,82546
Jul-2026,MAMU PALOPO,DRESS MAMU,DRESS LIGHT BROWN PJG L-XL,0,1,0,0,82546,82546,82546
Agu-2026,MAMU PALOPO,DRESS MAMU,DRESS LIGHT BROWN PJG L-XL,0,1,0,0,82546,82546,82546
Sep-2026,MAMU PALOPO,DRESS MAMU,DRESS LIGHT BROWN PJG L-XL,76336,0,0,0,82546,0,82546
Jan-2026,MAMU PALOPO,DRESS MAMU,DRESS LIGHT BROWN PJG S-M,0,9,0,0,67918,611262,0
Feb-2026,MAMU PALOPO,DRESS MAMU,DRESS LIGHT BROWN PJG S-M,0,9,0,0,67918,611262,611262
Mar-2026,MAMU PALOPO,DRESS MAMU,DRESS LIGHT BROWN PJG S-M,68853,8,0,0,67918,543344,611262
Apr-2026,MAMU PALOPO,DRESS MAMU,DRESS LIGHT BROWN PJG S-M,0,8,0,0,67918,543344,543344
Mei-2026,MAMU PALOPO,DRESS MAMU,DRESS LIGHT BROWN PJG S-M,0,8,0,0,67918,543344,543344
Jun-2026,MAMU PALOPO,DRESS MAMU,DRESS LIGHT BROWN PJG S-M,0,8,0,0,67918,543344,543344
Jul-2026,MAMU PALOPO,DRESS MAMU,DRESS LIGHT BROWN PJG S-M,68853,7,0,0,67918,475426,543344
Agu-2026,MAMU PALOPO,DRESS MAMU,DRESS LIGHT BROWN PJG S-M,0,7,0,0,67918,475426,475426
Sep-2026,MAMU PALOPO,DRESS MAMU,DRESS LIGHT BROWN PJG S-M,68853,6,0,0,67918,407508,475426
Okt-2026,MAMU PALOPO,DRESS MAMU,DRESS LIGHT BROWN PJG S-M,0,6,0,0,67918,407508,407508
Jan-2026,MAMU PALOPO,DRESS MAMU,DRESS LIGHT BROWN S-M,0,11,0,0,59658,656238,0
Feb-2026,MAMU PALOPO,DRESS MAMU,DRESS LIGHT BROWN S-M,0,11,0,0,59658,656238,656238
Mar-2026,MAMU PALOPO,DRESS MAMU,DRESS LIGHT BROWN S-M,0,11,0,0,59658,656238,656238
Apr-2026,MAMU PALOPO,DRESS MAMU,DRESS LIGHT BROWN S-M,0,11,0,0,59658,656238,656238
Mei-2026,MAMU PALOPO,DRESS MAMU,DRESS LIGHT BROWN S-M,0,11,0,0,59658,656238,656238
Jun-2026,MAMU PALOPO,DRESS MAMU,DRESS LIGHT BROWN S-M,0,11,0,0,59658,656238,656238
Jul-2026,MAMU PALOPO,DRESS MAMU,DRESS LIGHT BROWN S-M,0,11,0,0,59658,656238,656238
Agu-2026,MAMU PALOPO,DRESS MAMU,DRESS LIGHT BROWN S-M,0,11,0,0,59658,656238,656238
Sep-2026,MAMU PALOPO,DRESS MAMU,DRESS LIGHT BROWN S-M,0,11,0,0,59658,656238,656238
Okt-2026,MAMU PALOPO,DRESS MAMU,DRESS LIGHT BROWN S-M,0,11,0,0,59658,656238,656238
Jan-2026,MAMU PALOPO,DRESS MAMU,DRESS SAGE GREEN 2XL,0,1,0,0,56978,56978,0
Feb-2026,MAMU PALOPO,DRESS MAMU,DRESS SAGE GREEN 2XL,0,1,0,0,56978,56978,56978
Mar-2026,MAMU PALOPO,DRESS MAMU,DRESS SAGE GREEN 2XL,0,1,0,0,56978,56978,56978
Apr-2026,MAMU PALOPO,DRESS MAMU,DRESS SAGE GREEN 2XL,0,1,0,0,56978,56978,56978
Mei-2026,MAMU PALOPO,DRESS MAMU,DRESS SAGE GREEN 2XL,0,1,0,0,56978,56978,56978
Jun-2026,MAMU PALOPO,DRESS MAMU,DRESS SAGE GREEN 2XL,0,1,0,0,56978,56978,56978
Jul-2026,MAMU PALOPO,DRESS MAMU,DRESS SAGE GREEN 2XL,0,1,0,0,56978,56978,56978
Agu-2026,MAMU PALOPO,DRESS MAMU,DRESS SAGE GREEN 2XL,0,1,0,0,56978,56978,56978
Sep-2026,MAMU PALOPO,DRESS MAMU,DRESS SAGE GREEN 2XL,0,1,0,0,56978,56978,56978
Okt-2026,MAMU PALOPO,DRESS MAMU,DRESS SAGE GREEN 2XL,0,1,0,0,56978,56978,56978
Jan-2026,MAMU PALOPO,DRESS MAMU,DRESS SAGE GREEN L-XL,59129,0,0,0,60956,0,0
Feb-2026,MAMU PALOPO,DRESS MAMU,DRESS SAGE GREEN L-XL,0,3,0,0,60956,182868,0
Mar-2026,MAMU PALOPO,DRESS MAMU,DRESS SAGE GREEN L-XL,0,3,0,0,60956,182868,182868
Apr-2026,MAMU PALOPO,DRESS MAMU,DRESS SAGE GREEN L-XL,0,3,0,0,60956,182868,182868
Mei-2026,MAMU PALOPO,DRESS MAMU,DRESS SAGE GREEN L-XL,0,3,0,0,60956,182868,182868
Jun-2026,MAMU PALOPO,DRESS MAMU,DRESS SAGE GREEN L-XL,0,3,0,0,60956,182868,182868
Jul-2026,MAMU PALOPO,DRESS MAMU,DRESS SAGE GREEN L-XL,0,3,0,0,60956,182868,182868
Agu-2026,MAMU PALOPO,DRESS MAMU,DRESS SAGE GREEN L-XL,0,3,0,0,60956,182868,182868
Sep-2026,MAMU PALOPO,DRESS MAMU,DRESS SAGE GREEN L-XL,0,3,0,0,60956,182868,182868
Okt-2026,MAMU PALOPO,DRESS MAMU,DRESS SAGE GREEN L-XL,0,3,0,0,60956,182868,182868
Jan-2026,MAMU PALOPO,DRESS MAMU,DRESS SAGE GREEN PJG S-M,0,9,0,0,72661,653949,0
Feb-2026,MAMU PALOPO,DRESS MAMU,DRESS SAGE GREEN PJG S-M,0,9,0,0,72661,653949,653949
Mar-2026,MAMU PALOPO,DRESS MAMU,DRESS SAGE GREEN PJG S-M,0,9,0,0,72661,653949,653949
Apr-2026,MAMU PALOPO,DRESS MAMU,DRESS SAGE GREEN PJG S-M,0,9,0,0,72661,653949,653949
Mei-2026,MAMU PALOPO,DRESS MAMU,DRESS SAGE GREEN PJG S-M,0,9,0,0,72661,653949,653949
Jun-2026,MAMU PALOPO,DRESS MAMU,DRESS SAGE GREEN PJG S-M,0,9,0,0,72661,653949,653949
Jul-2026,MAMU PALOPO,DRESS MAMU,DRESS SAGE GREEN PJG S-M,0,9,0,0,72661,653949,653949
Agu-2026,MAMU PALOPO,DRESS MAMU,DRESS SAGE GREEN PJG S-M,73464,8,0,0,72661,581288,653949
Sep-2026,MAMU PALOPO,DRESS MAMU,DRESS SAGE GREEN PJG S-M,0,8,0,0,72661,581288,581288
Okt-2026,MAMU PALOPO,DRESS MAMU,DRESS SAGE GREEN PJG S-M,0,8,0,0,72661,581288,581288
Jan-2026,MAMU PALOPO,DRESS MAMU,DRESS SAGE GREEN S-M,0,11,0,0,60956,670516,0
Feb-2026,MAMU PALOPO,DRESS MAMU,DRESS SAGE GREEN S-M,0,11,0,0,60956,670516,670516
Mar-2026,MAMU PALOPO,DRESS MAMU,DRESS SAGE GREEN S-M,0,11,0,0,60956,670516,670516
Apr-2026,MAMU PALOPO,DRESS MAMU,DRESS SAGE GREEN S-M,0,11,0,0,60956,670516,670516
Mei-2026,MAMU PALOPO,DRESS MAMU,DRESS SAGE GREEN S-M,0,11,0,0,60956,670516,670516
Jun-2026,MAMU PALOPO,DRESS MAMU,DRESS SAGE GREEN S-M,0,11,0,0,60956,670516,670516
Jul-2026,MAMU PALOPO,DRESS MAMU,DRESS SAGE GREEN S-M,0,11,0,0,60956,670516,670516
Agu-2026,MAMU PALOPO,DRESS MAMU,DRESS SAGE GREEN S-M,0,11,0,0,60956,670516,670516
Sep-2026,MAMU PALOPO,DRESS MAMU,DRESS SAGE GREEN S-M,0,11,0,0,60956,670516,670516
Okt-2026,MAMU PALOPO,DRESS MAMU,DRESS SAGE GREEN S-M,0,11,0,0,60956,670516,670516
Jan-2026,MAMU PALOPO,DRESS MAMU,DRESS TOFFEE 2XL,0,1,0,0,55768,55768,0
Feb-2026,MAMU PALOPO,DRESS MAMU,DRESS TOFFEE 2XL,0,1,0,0,55768,55768,55768
Mar-2026,MAMU PALOPO,DRESS MAMU,DRESS TOFFEE 2XL,0,1,0,0,55768,55768,55768
Apr-2026,MAMU PALOPO,DRESS MAMU,DRESS TOFFEE 2XL,0,1,0,0,55768,55768,55768
Mei-2026,MAMU PALOPO,DRESS MAMU,DRESS TOFFEE 2XL,0,1,0,0,55768,55768,55768
Jun-2026,MAMU PALOPO,DRESS MAMU,DRESS TOFFEE 2XL,0,1,0,0,55768,55768,55768
Jul-2026,MAMU PALOPO,DRESS MAMU,DRESS TOFFEE 2XL,0,1,0,0,55768,55768,55768
Agu-2026,MAMU PALOPO,DRESS MAMU,DRESS TOFFEE 2XL,0,1,0,0,55768,55768,55768
Sep-2026,MAMU PALOPO,DRESS MAMU,DRESS TOFFEE 2XL,0,1,0,0,55768,55768,55768
Okt-2026,MAMU PALOPO,DRESS MAMU,DRESS TOFFEE 2XL,0,1,0,0,55768,55768,55768
Jan-2026,MAMU PALOPO,DRESS MAMU,DRESS TOFFEE L-XL,0,3,0,0,56649,169947,0
Feb-2026,MAMU PALOPO,DRESS MAMU,DRESS TOFFEE L-XL,0,3,0,0,56649,169947,169947
Mar-2026,MAMU PALOPO,DRESS MAMU,DRESS TOFFEE L-XL,0,3,0,0,56649,169947,169947
Apr-2026,MAMU PALOPO,DRESS MAMU,DRESS TOFFEE L-XL,0,1,0,0,56649,56649,169947
Mei-2026,MAMU PALOPO,DRESS MAMU,DRESS TOFFEE L-XL,0,1,0,0,56649,56649,56649
Jun-2026,MAMU PALOPO,DRESS MAMU,DRESS TOFFEE L-XL,18589,2,0,0,56649,113298,56649
Jul-2026,MAMU PALOPO,DRESS MAMU,DRESS TOFFEE L-XL,0,2,0,0,56649,113298,113298
Agu-2026,MAMU PALOPO,DRESS MAMU,DRESS TOFFEE L-XL,0,2,0,0,56649,113298,113298
Sep-2026,MAMU PALOPO,DRESS MAMU,DRESS TOFFEE L-XL,0,2,0,0,56649,113298,113298
Okt-2026,MAMU PALOPO,DRESS MAMU,DRESS TOFFEE L-XL,0,2,0,0,56649,113298,113298
Feb-2026,MAMU PALOPO,DRESS MAMU,DRESS TOFFEE PJG 2XL,0,4,1,0,78033,390165,0
Mar-2026,MAMU PALOPO,DRESS MAMU,DRESS TOFFEE PJG 2XL,390165,0,0,0,78033,0,390165
Jan-2026,MAMU PALOPO,DRESS MAMU,DRESS TOFFEE PJG L-XL,0,1,0,0,78033,78033,0
Feb-2026,MAMU PALOPO,DRESS MAMU,DRESS TOFFEE PJG L-XL,0,1,0,0,78033,78033,78033
Mar-2026,MAMU PALOPO,DRESS MAMU,DRESS TOFFEE PJG L-XL,0,1,0,0,78033,78033,78033
Apr-2026,MAMU PALOPO,DRESS MAMU,DRESS TOFFEE PJG L-XL,0,1,0,0,78033,78033,78033
Mei-2026,MAMU PALOPO,DRESS MAMU,DRESS TOFFEE PJG L-XL,156104,2,0,0,78033,156066,78033
Jun-2026,MAMU PALOPO,DRESS MAMU,DRESS TOFFEE PJG L-XL,0,2,0,0,78033,156066,156066
Jul-2026,MAMU PALOPO,DRESS MAMU,DRESS TOFFEE PJG L-XL,78033,1,0,0,78033,78033,156066
Agu-2026,MAMU PALOPO,DRESS MAMU,DRESS TOFFEE PJG L-XL,0,1,0,0,78033,78033,78033
Sep-2026,MAMU PALOPO,DRESS MAMU,DRESS TOFFEE PJG L-XL,78033,0,0,0,78033,0,78033
Jan-2026,MAMU PALOPO,DRESS MAMU,DRESS TOFFEE PJG S-M,0,9,0,0,78033,702297,0
Feb-2026,MAMU PALOPO,DRESS MAMU,DRESS TOFFEE PJG S-M,144534,7,0,0,78033,546231,702297
Mar-2026,MAMU PALOPO,DRESS MAMU,DRESS TOFFEE PJG S-M,72267,6,0,0,78033,468198,546231
Apr-2026,MAMU PALOPO,DRESS MAMU,DRESS TOFFEE PJG S-M,72267,5,0,0,78033,390165,468198
Mei-2026,MAMU PALOPO,DRESS MAMU,DRESS TOFFEE PJG S-M,72267,4,0,0,78033,312132,390165
Jun-2026,MAMU PALOPO,DRESS MAMU,DRESS TOFFEE PJG S-M,0,4,0,0,78033,312132,312132
Jul-2026,MAMU PALOPO,DRESS MAMU,DRESS TOFFEE PJG S-M,72267,3,0,0,78033,234099,312132
Agu-2026,MAMU PALOPO,DRESS MAMU,DRESS TOFFEE PJG S-M,72267,2,0,0,78033,156066,234099
Sep-2026,MAMU PALOPO,DRESS MAMU,DRESS TOFFEE PJG S-M,0,2,0,0,78033,156066,156066
Okt-2026,MAMU PALOPO,DRESS MAMU,DRESS TOFFEE PJG S-M,0,2,0,0,78033,156066,156066
Jan-2026,MAMU PALOPO,DRESS MAMU,DRESS TOFFEE S-M,0,11,0,0,56649,623139,0
Feb-2026,MAMU PALOPO,DRESS MAMU,DRESS TOFFEE S-M,0,11,0,0,56649,623139,623139
Mar-2026,MAMU PALOPO,DRESS MAMU,DRESS TOFFEE S-M,53427,10,0,0,56649,566490,623139
Apr-2026,MAMU PALOPO,DRESS MAMU,DRESS TOFFEE S-M,0,1,0,0,56649,56649,566490
Mei-2026,MAMU PALOPO,DRESS MAMU,DRESS TOFFEE S-M,0,1,0,0,56649,56649,56649
Jun-2026,MAMU PALOPO,DRESS MAMU,DRESS TOFFEE S-M,0,10,0,0,56649,566490,56649
Jul-2026,MAMU PALOPO,DRESS MAMU,DRESS TOFFEE S-M,0,10,0,0,56649,566490,566490
Agu-2026,MAMU PALOPO,DRESS MAMU,DRESS TOFFEE S-M,0,10,0,0,56649,566490,566490
Sep-2026,MAMU PALOPO,DRESS MAMU,DRESS TOFFEE S-M,0,10,0,0,56649,566490,566490
Okt-2026,MAMU PALOPO,DRESS MAMU,DRESS TOFFEE S-M,0,10,0,0,56649,566490,566490
Jan-2026,MAMU PALOPO,DRESS MAMU,DRESS TWILIGHT MAUVE 2XL,0,1,0,0,56101,56101,0
Feb-2026,MAMU PALOPO,DRESS MAMU,DRESS TWILIGHT MAUVE 2XL,0,1,0,0,56101,56101,56101
Mar-2026,MAMU PALOPO,DRESS MAMU,DRESS TWILIGHT MAUVE 2XL,0,1,0,0,56101,56101,56101
Apr-2026,MAMU PALOPO,DRESS MAMU,DRESS TWILIGHT MAUVE 2XL,0,1,0,0,56101,56101,56101
Mei-2026,MAMU PALOPO,DRESS MAMU,DRESS TWILIGHT MAUVE 2XL,0,1,0,0,56101,56101,56101
Jun-2026,MAMU PALOPO,DRESS MAMU,DRESS TWILIGHT MAUVE 2XL,0,1,0,0,56101,56101,56101
Jul-2026,MAMU PALOPO,DRESS MAMU,DRESS TWILIGHT MAUVE 2XL,0,1,0,0,56101,56101,56101
Agu-2026,MAMU PALOPO,DRESS MAMU,DRESS TWILIGHT MAUVE 2XL,0,1,0,0,56101,56101,56101
Sep-2026,MAMU PALOPO,DRESS MAMU,DRESS TWILIGHT MAUVE 2XL,0,1,0,0,56101,56101,56101
Okt-2026,MAMU PALOPO,DRESS MAMU,DRESS TWILIGHT MAUVE 2XL,0,1,0,0,56101,56101,56101
Jan-2026,MAMU PALOPO,DRESS MAMU,DRESS TWILIGHT MAUVE L-XL,0,1,0,0,60287,60287,0
Feb-2026,MAMU PALOPO,DRESS MAMU,DRESS TWILIGHT MAUVE L-XL,0,1,0,0,60287,60287,60287
Mar-2026,MAMU PALOPO,DRESS MAMU,DRESS TWILIGHT MAUVE L-XL,0,1,0,0,60287,60287,60287
Apr-2026,MAMU PALOPO,DRESS MAMU,DRESS TWILIGHT MAUVE L-XL,0,1,0,0,60287,60287,60287
Mei-2026,MAMU PALOPO,DRESS MAMU,DRESS TWILIGHT MAUVE L-XL,0,1,0,0,60287,60287,60287
Jun-2026,MAMU PALOPO,DRESS MAMU,DRESS TWILIGHT MAUVE L-XL,0,1,0,0,60287,60287,60287
Jul-2026,MAMU PALOPO,DRESS MAMU,DRESS TWILIGHT MAUVE L-XL,0,1,0,0,60287,60287,60287
Agu-2026,MAMU PALOPO,DRESS MAMU,DRESS TWILIGHT MAUVE L-XL,0,1,0,0,60287,60287,60287
Sep-2026,MAMU PALOPO,DRESS MAMU,DRESS TWILIGHT MAUVE L-XL,0,1,0,0,60287,60287,60287
Okt-2026,MAMU PALOPO,DRESS MAMU,DRESS TWILIGHT MAUVE L-XL,0,1,0,0,60287,60287,60287
Jan-2026,MAMU PALOPO,DRESS MAMU,DRESS TWILIGHT MAUVE PJG L-XL,0,1,0,0,83490,83490,0
Feb-2026,MAMU PALOPO,DRESS MAMU,DRESS TWILIGHT MAUVE PJG L-XL,0,1,0,0,83490,83490,83490
Mar-2026,MAMU PALOPO,DRESS MAMU,DRESS TWILIGHT MAUVE PJG L-XL,78572,0,0,0,83490,0,83490
Jan-2026,MAMU PALOPO,DRESS MAMU,DRESS TWILIGHT MAUVE PJG S-M,0,8,0,0,83490,667920,0
Feb-2026,MAMU PALOPO,DRESS MAMU,DRESS TWILIGHT MAUVE PJG S-M,0,8,0,0,83490,667920,667920
Mar-2026,MAMU PALOPO,DRESS MAMU,DRESS TWILIGHT MAUVE PJG S-M,148326,6,0,0,83490,500940,667920
Apr-2026,MAMU PALOPO,DRESS MAMU,DRESS TWILIGHT MAUVE PJG S-M,0,6,0,0,83490,500940,500940
Mei-2026,MAMU PALOPO,DRESS MAMU,DRESS TWILIGHT MAUVE PJG S-M,0,6,0,0,83490,500940,500940
Jun-2026,MAMU PALOPO,DRESS MAMU,DRESS TWILIGHT MAUVE PJG S-M,0,6,0,0,83490,500940,500940
Jul-2026,MAMU PALOPO,DRESS MAMU,DRESS TWILIGHT MAUVE PJG S-M,0,6,0,0,83490,500940,500940
Agu-2026,MAMU PALOPO,DRESS MAMU,DRESS TWILIGHT MAUVE PJG S-M,0,6,0,0,83490,500940,500940
Sep-2026,MAMU PALOPO,DRESS MAMU,DRESS TWILIGHT MAUVE PJG S-M,0,6,0,0,83490,500940,500940
Okt-2026,MAMU PALOPO,DRESS MAMU,DRESS TWILIGHT MAUVE PJG S-M,0,6,0,0,83490,500940,500940
Jan-2026,MAMU PALOPO,DRESS MAMU,DRESS TWILIGHT MAUVE S-M,0,11,0,0,60287,663157,0
Feb-2026,MAMU PALOPO,DRESS MAMU,DRESS TWILIGHT MAUVE S-M,0,11,0,0,60287,663157,663157
Mar-2026,MAMU PALOPO,DRESS MAMU,DRESS TWILIGHT MAUVE S-M,0,11,0,0,60287,663157,663157
Apr-2026,MAMU PALOPO,DRESS MAMU,DRESS TWILIGHT MAUVE S-M,0,11,0,0,60287,663157,663157
Mei-2026,MAMU PALOPO,DRESS MAMU,DRESS TWILIGHT MAUVE S-M,0,11,0,0,60287,663157,663157
Jun-2026,MAMU PALOPO,DRESS MAMU,DRESS TWILIGHT MAUVE S-M,0,11,0,0,60287,663157,663157
Jul-2026,MAMU PALOPO,DRESS MAMU,DRESS TWILIGHT MAUVE S-M,0,11,0,0,60287,663157,663157
Agu-2026,MAMU PALOPO,DRESS MAMU,DRESS TWILIGHT MAUVE S-M,0,11,0,0,60287,663157,663157
Sep-2026,MAMU PALOPO,DRESS MAMU,DRESS TWILIGHT MAUVE S-M,0,11,0,0,60287,663157,663157
Okt-2026,MAMU PALOPO,DRESS MAMU,DRESS TWILIGHT MAUVE S-M,0,11,0,0,60287,663157,663157
Mar-2026,MAMU TSM,DRESS MAMU,DRESS DENIM BLUE 2XL,111150,1,0,0,55575,55575,0
Apr-2026,MAMU TSM,DRESS MAMU,DRESS DENIM BLUE 2XL,55575,0,0,0,55575,0,55575
Feb-2026,MAMU TSM,DRESS MAMU,DRESS DENIM BLUE L-XL,61749,2,0,0,61749,123498,0
Mar-2026,MAMU TSM,DRESS MAMU,DRESS DENIM BLUE L-XL,61749,3,0,0,61749,185247,123498
Apr-2026,MAMU TSM,DRESS MAMU,DRESS DENIM BLUE L-XL,0,0,0,0,61749,0,185247
Feb-2026,MAMU TSM,DRESS MAMU,DRESS DENIM BLUE PJG 2XL,85682,1,0,0,85682,85682,0
Mar-2026,MAMU TSM,DRESS MAMU,DRESS DENIM BLUE PJG 2XL,85682,0,0,0,85682,0,85682
Feb-2026,MAMU TSM,DRESS MAMU,DRESS DENIM BLUE PJG L-XL,0,3,0,0,85682,257046,0
Mar-2026,MAMU TSM,DRESS MAMU,DRESS DENIM BLUE PJG L-XL,428410,1,0,0,85682,85682,257046
Apr-2026,MAMU TSM,DRESS MAMU,DRESS DENIM BLUE PJG L-XL,0,0,0,0,85682,0,85682
Jan-2026,MAMU TSM,DRESS MAMU,DRESS DENIM BLUE PJG S-M,212958,2,0,0,70137,140274,0
Feb-2026,MAMU TSM,DRESS MAMU,DRESS DENIM BLUE PJG S-M,70986,3,0,0,70137,210411,140274
Mar-2026,MAMU TSM,DRESS MAMU,DRESS DENIM BLUE PJG S-M,212958,0,0,0,70137,0,210411
Jan-2026,MAMU TSM,DRESS MAMU,DRESS DENIM BLUE S-M,52391,2,0,0,61749,123498,0
Feb-2026,MAMU TSM,DRESS MAMU,DRESS DENIM BLUE S-M,51329,1,0,0,61749,61749,123498
Mar-2026,MAMU TSM,DRESS MAMU,DRESS DENIM BLUE S-M,0,3,0,0,61749,185247,61749
Apr-2026,MAMU TSM,DRESS MAMU,DRESS DENIM BLUE S-M,51329,0,0,0,61749,0,185247
Feb-2026,MAMU TSM,DRESS MAMU,DRESS JET BLACK L-XL,63759,2,0,0,63759,127518,0
Mar-2026,MAMU TSM,DRESS MAMU,DRESS JET BLACK L-XL,318795,2,0,0,63759,127518,127518
Apr-2026,MAMU TSM,DRESS MAMU,DRESS JET BLACK L-XL,63759,10,0,0,63759,637590,127518
Mei-2026,MAMU TSM,DRESS MAMU,DRESS JET BLACK L-XL,0,10,0,0,63759,637590,637590
Jun-2026,MAMU TSM,DRESS MAMU,DRESS JET BLACK L-XL,0,0,0,0,63759,0,637590
Feb-2026,MAMU TSM,DRESS MAMU,DRESS JET BLACK PJG 2XL,266091,1,0,0,88697,88697,0
Mar-2026,MAMU TSM,DRESS MAMU,DRESS JET BLACK PJG 2XL,266091,0,0,0,88697,0,88697
Feb-2026,MAMU TSM,DRESS MAMU,DRESS JET BLACK PJG L-XL,177394,3,0,0,88697,266091,0
Mar-2026,MAMU TSM,DRESS MAMU,DRESS JET BLACK PJG L-XL,886970,0,0,0,88697,0,266091
Jan-2026,MAMU TSM,DRESS MAMU,DRESS JET BLACK PJG S-M,214560,3,0,0,71309,213927,0
Feb-2026,MAMU TSM,DRESS MAMU,DRESS JET BLACK PJG S-M,357600,0,0,0,71309,0,213927
Mar-2026,MAMU TSM,DRESS MAMU,DRESS JET BLACK PJG S-M,643680,2,0,0,71420,142840,0
Apr-2026,MAMU TSM,DRESS MAMU,DRESS JET BLACK PJG S-M,0,10,0,0,71420,714200,142840
Mei-2026,MAMU TSM,DRESS MAMU,DRESS JET BLACK PJG S-M,0,10,0,0,71420,714200,714200
Jun-2026,MAMU TSM,DRESS MAMU,DRESS JET BLACK PJG S-M,0,0,0,0,71420,0,714200
Jan-2026,MAMU TSM,DRESS MAMU,DRESS JET BLACK S-M,52023,2,0,0,51953,103906,0
Feb-2026,MAMU TSM,DRESS MAMU,DRESS JET BLACK S-M,312138,1,0,0,51953,51953,103906
Mar-2026,MAMU TSM,DRESS MAMU,DRESS JET BLACK S-M,208092,5,0,0,52378,261890,51953
Apr-2026,MAMU TSM,DRESS MAMU,DRESS JET BLACK S-M,0,10,0,0,52378,523780,261890
Mei-2026,MAMU TSM,DRESS MAMU,DRESS JET BLACK S-M,0,10,0,0,52378,523780,523780
Jun-2026,MAMU TSM,DRESS MAMU,DRESS JET BLACK S-M,0,0,0,0,52378,0,523780
Feb-2026,MAMU TSM,DRESS MAMU,DRESS LIGHT BROWN L-XL,178974,0,0,0,59658,0,0
Mar-2026,MAMU TSM,DRESS MAMU,DRESS LIGHT BROWN L-XL,298290,1,0,0,59658,59658,0
Apr-2026,MAMU TSM,DRESS MAMU,DRESS LIGHT BROWN L-XL,0,0,0,0,59658,0,59658
Feb-2026,MAMU TSM,DRESS MAMU,DRESS LIGHT BROWN PJG 2XL,0,2,0,0,82546,165092,0
Mar-2026,MAMU TSM,DRESS MAMU,DRESS LIGHT BROWN PJG 2XL,165092,0,0,0,82546,0,165092
Jan-2026,MAMU TSM,DRESS MAMU,DRESS LIGHT BROWN PJG L-XL,76336,0,0,0,82546,0,0
Feb-2026,MAMU TSM,DRESS MAMU,DRESS LIGHT BROWN PJG L-XL,0,3,0,0,82546,247638,0
Mar-2026,MAMU TSM,DRESS MAMU,DRESS LIGHT BROWN PJG L-XL,244533,0,0,0,82546,0,247638
Jan-2026,MAMU TSM,DRESS MAMU,DRESS LIGHT BROWN PJG S-M,212591,4,0,0,67918,271672,0
Feb-2026,MAMU TSM,DRESS MAMU,DRESS LIGHT BROWN PJG S-M,0,3,0,0,67918,203754,271672
Mar-2026,MAMU TSM,DRESS MAMU,DRESS LIGHT BROWN PJG S-M,417522,2,0,0,67918,135836,203754
Apr-2026,MAMU TSM,DRESS MAMU,DRESS LIGHT BROWN PJG S-M,69040,0,0,0,67918,0,135836
Jan-2026,MAMU TSM,DRESS MAMU,DRESS LIGHT BROWN S-M,0,1,0,0,59658,59658,0
Feb-2026,MAMU TSM,DRESS MAMU,DRESS LIGHT BROWN S-M,0,4,0,0,59658,238632,59658
Mar-2026,MAMU TSM,DRESS MAMU,DRESS LIGHT BROWN S-M,248370,3,0,0,59658,178974,238632
Apr-2026,MAMU TSM,DRESS MAMU,DRESS LIGHT BROWN S-M,0,0,0,0,59658,0,178974
Feb-2026,MAMU TSM,DRESS MAMU,DRESS SAGE GREEN L-XL,121912,1,0,0,60956,60956,0
Mar-2026,MAMU TSM,DRESS MAMU,DRESS SAGE GREEN L-XL,60956,1,0,0,60956,60956,60956
Apr-2026,MAMU TSM,DRESS MAMU,DRESS SAGE GREEN L-XL,60956,10,0,0,60956,609560,60956
Mei-2026,MAMU TSM,DRESS MAMU,DRESS SAGE GREEN L-XL,0,10,0,0,60956,609560,609560
Jun-2026,MAMU TSM,DRESS MAMU,DRESS SAGE GREEN L-XL,0,0,0,0,60956,0,609560
Feb-2026,MAMU TSM,DRESS MAMU,DRESS SAGE GREEN PJG 2XL,0,2,0,0,84493,168986,0
Mar-2026,MAMU TSM,DRESS MAMU,DRESS SAGE GREEN PJG 2XL,84493,1,0,0,84493,84493,168986
Apr-2026,MAMU TSM,DRESS MAMU,DRESS SAGE GREEN PJG 2XL,84493,0,0,0,84493,0,84493
Jan-2026,MAMU TSM,DRESS MAMU,DRESS SAGE GREEN PJG L-XL,79887,0,0,0,84493,0,0
Feb-2026,MAMU TSM,DRESS MAMU,DRESS SAGE GREEN PJG L-XL,168986,1,0,0,84493,84493,0
Mar-2026,MAMU TSM,DRESS MAMU,DRESS SAGE GREEN PJG L-XL,84493,0,0,0,84493,0,84493
Jan-2026,MAMU TSM,DRESS MAMU,DRESS SAGE GREEN PJG S-M,217983,3,0,0,72661,217983,0
Feb-2026,MAMU TSM,DRESS MAMU,DRESS SAGE GREEN PJG S-M,145322,0,0,0,72661,0,217983
Mar-2026,MAMU TSM,DRESS MAMU,DRESS SAGE GREEN PJG S-M,145322,0,0,0,72661,0,0
Jan-2026,MAMU TSM,DRESS MAMU,DRESS SAGE GREEN S-M,53752,1,0,0,60956,60956,0
Feb-2026,MAMU TSM,DRESS MAMU,DRESS SAGE GREEN S-M,0,1,0,0,60956,60956,60956
Mar-2026,MAMU TSM,DRESS MAMU,DRESS SAGE GREEN S-M,161256,2,0,0,60956,121912,60956
Apr-2026,MAMU TSM,DRESS MAMU,DRESS SAGE GREEN S-M,0,10,0,0,60956,609560,121912
Mei-2026,MAMU TSM,DRESS MAMU,DRESS SAGE GREEN S-M,0,10,0,0,60956,609560,609560
Jun-2026,MAMU TSM,DRESS MAMU,DRESS SAGE GREEN S-M,0,0,0,0,60956,0,609560
Mar-2026,MAMU TSM,DRESS MAMU,DRESS TOFFEE 2XL,111536,0,0,0,55768,0,0
Feb-2026,MAMU TSM,DRESS MAMU,DRESS TOFFEE L-XL,283245,1,0,0,56649,56649,0
Mar-2026,MAMU TSM,DRESS MAMU,DRESS TOFFEE L-XL,453192,0,0,0,56649,0,56649
Apr-2026,MAMU TSM,DRESS MAMU,DRESS TOFFEE L-XL,0,7,0,0,56649,396543,0
Mei-2026,MAMU TSM,DRESS MAMU,DRESS TOFFEE L-XL,0,7,0,0,56649,396543,396543
Jun-2026,MAMU TSM,DRESS MAMU,DRESS TOFFEE L-XL,0,0,0,0,56649,0,396543
Feb-2026,MAMU TSM,DRESS MAMU,DRESS TOFFEE PJG 2XL,234099,3,0,0,78033,234099,0
Mar-2026,MAMU TSM,DRESS MAMU,DRESS TOFFEE PJG 2XL,234099,0,0,0,78033,0,234099
Feb-2026,MAMU TSM,DRESS MAMU,DRESS TOFFEE PJG L-XL,468198,1,0,0,78033,78033,0
Mar-2026,MAMU TSM,DRESS MAMU,DRESS TOFFEE PJG L-XL,546231,0,0,0,78033,0,78033
Apr-2026,MAMU TSM,DRESS MAMU,DRESS TOFFEE PJG L-XL,0,2,0,0,78033,156066,0
Mei-2026,MAMU TSM,DRESS MAMU,DRESS TOFFEE PJG L-XL,0,2,0,0,78033,156066,156066
Jun-2026,MAMU TSM,DRESS MAMU,DRESS TOFFEE PJG L-XL,0,0,0,0,78033,0,156066
Jan-2026,MAMU TSM,DRESS MAMU,DRESS TOFFEE PJG S-M,286164,3,0,0,78033,234099,0
Feb-2026,MAMU TSM,DRESS MAMU,DRESS TOFFEE PJG S-M,572328,0,0,0,78033,0,234099
Mar-2026,MAMU TSM,DRESS MAMU,DRESS TOFFEE PJG S-M,435148,0,0,0,78033,0,0
Apr-2026,MAMU TSM,DRESS MAMU,DRESS TOFFEE PJG S-M,0,10,0,0,78033,780330,0
Mei-2026,MAMU TSM,DRESS MAMU,DRESS TOFFEE PJG S-M,0,10,0,0,78033,780330,780330
Jun-2026,MAMU TSM,DRESS MAMU,DRESS TOFFEE PJG S-M,0,0,0,0,78033,0,780330
Jan-2026,MAMU TSM,DRESS MAMU,DRESS TOFFEE S-M,157878,2,0,0,56649,113298,0
Feb-2026,MAMU TSM,DRESS MAMU,DRESS TOFFEE S-M,210504,1,0,0,56649,56649,113298
Mar-2026,MAMU TSM,DRESS MAMU,DRESS TOFFEE S-M,316412,3,0,0,56649,169947,56649
Apr-2026,MAMU TSM,DRESS MAMU,DRESS TOFFEE S-M,0,0,0,0,56649,0,169947
Feb-2026,MAMU TSM,DRESS MAMU,DRESS TWILIGHT MAUVE L-XL,0,3,0,0,60287,180861,0
Mar-2026,MAMU TSM,DRESS MAMU,DRESS TWILIGHT MAUVE L-XL,180861,1,0,0,60287,60287,180861
Apr-2026,MAMU TSM,DRESS MAMU,DRESS TWILIGHT MAUVE L-XL,0,10,0,0,60287,602870,60287
Mei-2026,MAMU TSM,DRESS MAMU,DRESS TWILIGHT MAUVE L-XL,0,10,0,0,60287,602870,602870
Jun-2026,MAMU TSM,DRESS MAMU,DRESS TWILIGHT MAUVE L-XL,0,0,0,0,60287,0,602870
Feb-2026,MAMU TSM,DRESS MAMU,DRESS TWILIGHT MAUVE PJG 2XL,250470,0,0,0,83490,0,0
Mar-2026,MAMU TSM,DRESS MAMU,DRESS TWILIGHT MAUVE PJG 2XL,83490,0,0,0,83490,0,0
Feb-2026,MAMU TSM,DRESS MAMU,DRESS TWILIGHT MAUVE PJG L-XL,83490,2,0,0,83490,166980,0
Mar-2026,MAMU TSM,DRESS MAMU,DRESS TWILIGHT MAUVE PJG L-XL,500940,1,0,0,83490,83490,166980
Apr-2026,MAMU TSM,DRESS MAMU,DRESS TWILIGHT MAUVE PJG L-XL,0,3,0,0,83490,250470,83490
Mei-2026,MAMU TSM,DRESS MAMU,DRESS TWILIGHT MAUVE PJG L-XL,0,3,0,0,83490,250470,250470
Jun-2026,MAMU TSM,DRESS MAMU,DRESS TWILIGHT MAUVE PJG L-XL,0,0,0,0,83490,0,250470
Jan-2026,MAMU TSM,DRESS MAMU,DRESS TWILIGHT MAUVE PJG S-M,224995,2,0,0,83490,166980,0
Feb-2026,MAMU TSM,DRESS MAMU,DRESS TWILIGHT MAUVE PJG S-M,0,4,0,0,83490,333960,166980
Mar-2026,MAMU TSM,DRESS MAMU,DRESS TWILIGHT MAUVE PJG S-M,298320,2,0,0,83490,166980,333960
Apr-2026,MAMU TSM,DRESS MAMU,DRESS TWILIGHT MAUVE PJG S-M,74466,0,0,0,83490,0,166980
Jan-2026,MAMU TSM,DRESS MAMU,DRESS TWILIGHT MAUVE S-M,108176,0,0,0,60287,0,0
Feb-2026,MAMU TSM,DRESS MAMU,DRESS TWILIGHT MAUVE S-M,0,2,0,0,60287,120574,0
Mar-2026,MAMU TSM,DRESS MAMU,DRESS TWILIGHT MAUVE S-M,160251,3,0,0,60287,180861,120574
Apr-2026,MAMU TSM,DRESS MAMU,DRESS TWILIGHT MAUVE S-M,0,10,0,0,60287,602870,180861
Mei-2026,MAMU TSM,DRESS MAMU,DRESS TWILIGHT MAUVE S-M,0,10,0,0,60287,602870,602870
Jun-2026,MAMU TSM,DRESS MAMU,DRESS TWILIGHT MAUVE S-M,0,0,0,0,60287,0,602870
Apr-2026,TIGALAPANKAOS BONE,DRESS MAMU,DRESS DENIM BLUE L-XL,0,2,0,0,61749,123498,0
Mei-2026,TIGALAPANKAOS BONE,DRESS MAMU,DRESS DENIM BLUE L-XL,0,2,0,0,61749,123498,123498
Jun-2026,TIGALAPANKAOS BONE,DRESS MAMU,DRESS DENIM BLUE L-XL,0,2,0,0,61749,123498,123498
Jul-2026,TIGALAPANKAOS BONE,DRESS MAMU,DRESS DENIM BLUE L-XL,0,2,0,0,61749,123498,123498
Agu-2026,TIGALAPANKAOS BONE,DRESS MAMU,DRESS DENIM BLUE L-XL,0,2,0,0,61749,123498,123498
Sep-2026,TIGALAPANKAOS BONE,DRESS MAMU,DRESS DENIM BLUE L-XL,0,2,0,0,61749,123498,123498
Okt-2026,TIGALAPANKAOS BONE,DRESS MAMU,DRESS DENIM BLUE L-XL,0,2,0,0,61749,123498,123498
Jan-2026,TIGALAPANKAOS BONE,DRESS MAMU,DRESS DENIM BLUE PJG S-M,0,9,0,0,70137,631233,0
Feb-2026,TIGALAPANKAOS BONE,DRESS MAMU,DRESS DENIM BLUE PJG S-M,0,9,0,0,70137,631233,631233
Mar-2026,TIGALAPANKAOS BONE,DRESS MAMU,DRESS DENIM BLUE PJG S-M,280548,5,0,0,70137,350685,631233
Apr-2026,TIGALAPANKAOS BONE,DRESS MAMU,DRESS DENIM BLUE PJG S-M,0,5,0,0,70137,350685,350685
Mei-2026,TIGALAPANKAOS BONE,DRESS MAMU,DRESS DENIM BLUE PJG S-M,0,5,0,0,70137,350685,350685
Jun-2026,TIGALAPANKAOS BONE,DRESS MAMU,DRESS DENIM BLUE PJG S-M,0,5,0,0,70137,350685,350685
Jul-2026,TIGALAPANKAOS BONE,DRESS MAMU,DRESS DENIM BLUE PJG S-M,0,5,0,0,70137,350685,350685
Agu-2026,TIGALAPANKAOS BONE,DRESS MAMU,DRESS DENIM BLUE PJG S-M,0,5,0,0,70137,350685,350685
Sep-2026,TIGALAPANKAOS BONE,DRESS MAMU,DRESS DENIM BLUE PJG S-M,0,5,0,0,70137,350685,350685
Okt-2026,TIGALAPANKAOS BONE,DRESS MAMU,DRESS DENIM BLUE PJG S-M,70137,4,0,0,70137,280548,350685
Jan-2026,TIGALAPANKAOS BONE,DRESS MAMU,DRESS DENIM BLUE S-M,0,11,0,0,61749,679239,0
Feb-2026,TIGALAPANKAOS BONE,DRESS MAMU,DRESS DENIM BLUE S-M,0,11,0,0,61749,679239,679239
Mar-2026,TIGALAPANKAOS BONE,DRESS MAMU,DRESS DENIM BLUE S-M,0,11,0,0,61749,679239,679239
Apr-2026,TIGALAPANKAOS BONE,DRESS MAMU,DRESS DENIM BLUE S-M,0,11,0,0,61749,679239,679239
Mei-2026,TIGALAPANKAOS BONE,DRESS MAMU,DRESS DENIM BLUE S-M,0,11,0,0,61749,679239,679239
Jun-2026,TIGALAPANKAOS BONE,DRESS MAMU,DRESS DENIM BLUE S-M,0,11,0,0,61749,679239,679239
Jul-2026,TIGALAPANKAOS BONE,DRESS MAMU,DRESS DENIM BLUE S-M,0,11,0,0,61749,679239,679239
Agu-2026,TIGALAPANKAOS BONE,DRESS MAMU,DRESS DENIM BLUE S-M,0,11,0,0,61749,679239,679239
Sep-2026,TIGALAPANKAOS BONE,DRESS MAMU,DRESS DENIM BLUE S-M,0,11,0,0,61749,679239,679239
Okt-2026,TIGALAPANKAOS BONE,DRESS MAMU,DRESS DENIM BLUE S-M,0,11,0,0,61749,679239,679239
Apr-2026,TIGALAPANKAOS BONE,DRESS MAMU,DRESS JET BLACK L-XL,0,2,0,0,63759,127518,0
Mei-2026,TIGALAPANKAOS BONE,DRESS MAMU,DRESS JET BLACK L-XL,0,2,0,0,63759,127518,127518
Jun-2026,TIGALAPANKAOS BONE,DRESS MAMU,DRESS JET BLACK L-XL,0,2,0,0,63759,127518,127518
Jul-2026,TIGALAPANKAOS BONE,DRESS MAMU,DRESS JET BLACK L-XL,0,2,0,0,63759,127518,127518
Agu-2026,TIGALAPANKAOS BONE,DRESS MAMU,DRESS JET BLACK L-XL,0,2,0,0,63759,127518,127518
Sep-2026,TIGALAPANKAOS BONE,DRESS MAMU,DRESS JET BLACK L-XL,0,2,0,0,63759,127518,127518
Okt-2026,TIGALAPANKAOS BONE,DRESS MAMU,DRESS JET BLACK L-XL,0,2,0,0,63759,127518,127518
Jan-2026,TIGALAPANKAOS BONE,DRESS MAMU,DRESS JET BLACK PJG S-M,0,50,0,0,71309,3565450,0
Feb-2026,TIGALAPANKAOS BONE,DRESS MAMU,DRESS JET BLACK PJG S-M,0,50,0,0,71309,3565450,3565450
Mar-2026,TIGALAPANKAOS BONE,DRESS MAMU,DRESS JET BLACK PJG S-M,213927,13,0,0,71420,928460,3565450
Apr-2026,TIGALAPANKAOS BONE,DRESS MAMU,DRESS JET BLACK PJG S-M,0,13,0,0,71420,928460,928460
Mei-2026,TIGALAPANKAOS BONE,DRESS MAMU,DRESS JET BLACK PJG S-M,142618,10,0,0,71420,714200,928460
Jun-2026,TIGALAPANKAOS BONE,DRESS MAMU,DRESS JET BLACK PJG S-M,0,10,0,0,71420,714200,714200
Jul-2026,TIGALAPANKAOS BONE,DRESS MAMU,DRESS JET BLACK PJG S-M,142618,9,0,0,71420,642780,714200
Agu-2026,TIGALAPANKAOS BONE,DRESS MAMU,DRESS JET BLACK PJG S-M,0,8,0,0,71420,571360,642780
Sep-2026,TIGALAPANKAOS BONE,DRESS MAMU,DRESS JET BLACK PJG S-M,0,8,0,0,71420,571360,571360
Okt-2026,TIGALAPANKAOS BONE,DRESS MAMU,DRESS JET BLACK PJG S-M,0,8,0,0,71420,571360,571360
Jan-2026,TIGALAPANKAOS BONE,DRESS MAMU,DRESS JET BLACK S-M,0,37,0,0,51953,1922261,0
Feb-2026,TIGALAPANKAOS BONE,DRESS MAMU,DRESS JET BLACK S-M,0,39,0,0,51953,2026167,1922261
Mar-2026,TIGALAPANKAOS BONE,DRESS MAMU,DRESS JET BLACK S-M,103906,13,0,0,52378,680914,2026167
Apr-2026,TIGALAPANKAOS BONE,DRESS MAMU,DRESS JET BLACK S-M,0,13,0,0,52378,680914,680914
Mei-2026,TIGALAPANKAOS BONE,DRESS MAMU,DRESS JET BLACK S-M,0,13,0,0,52378,680914,680914
Jun-2026,TIGALAPANKAOS BONE,DRESS MAMU,DRESS JET BLACK S-M,51953,12,0,0,52378,628536,680914
Jul-2026,TIGALAPANKAOS BONE,DRESS MAMU,DRESS JET BLACK S-M,0,12,0,0,52378,628536,628536
Agu-2026,TIGALAPANKAOS BONE,DRESS MAMU,DRESS JET BLACK S-M,51953,12,0,0,52378,628536,628536
Sep-2026,TIGALAPANKAOS BONE,DRESS MAMU,DRESS JET BLACK S-M,0,11,0,0,52378,576158,628536
Okt-2026,TIGALAPANKAOS BONE,DRESS MAMU,DRESS JET BLACK S-M,0,11,0,0,52378,576158,576158
Apr-2026,TIGALAPANKAOS BONE,DRESS MAMU,DRESS LIGHT BROWN L-XL,0,2,0,0,59658,119316,0
Mei-2026,TIGALAPANKAOS BONE,DRESS MAMU,DRESS LIGHT BROWN L-XL,0,2,0,0,59658,119316,119316
Jun-2026,TIGALAPANKAOS BONE,DRESS MAMU,DRESS LIGHT BROWN L-XL,0,2,0,0,59658,119316,119316
Jul-2026,TIGALAPANKAOS BONE,DRESS MAMU,DRESS LIGHT BROWN L-XL,0,2,0,0,59658,119316,119316
Agu-2026,TIGALAPANKAOS BONE,DRESS MAMU,DRESS LIGHT BROWN L-XL,0,2,0,0,59658,119316,119316
Sep-2026,TIGALAPANKAOS BONE,DRESS MAMU,DRESS LIGHT BROWN L-XL,0,2,0,0,59658,119316,119316
Okt-2026,TIGALAPANKAOS BONE,DRESS MAMU,DRESS LIGHT BROWN L-XL,0,2,0,0,59658,119316,119316
Jan-2026,TIGALAPANKAOS BONE,DRESS MAMU,DRESS LIGHT BROWN PJG S-M,0,9,0,0,67918,611262,0
Feb-2026,TIGALAPANKAOS BONE,DRESS MAMU,DRESS LIGHT BROWN PJG S-M,0,9,0,0,67918,611262,611262
Mar-2026,TIGALAPANKAOS BONE,DRESS MAMU,DRESS LIGHT BROWN PJG S-M,203754,6,0,0,67918,407508,611262
Apr-2026,TIGALAPANKAOS BONE,DRESS MAMU,DRESS LIGHT BROWN PJG S-M,0,6,0,0,67918,407508,407508
Mei-2026,TIGALAPANKAOS BONE,DRESS MAMU,DRESS LIGHT BROWN PJG S-M,0,7,0,0,67918,475426,407508
Jun-2026,TIGALAPANKAOS BONE,DRESS MAMU,DRESS LIGHT BROWN PJG S-M,0,7,0,0,67918,475426,475426
Jul-2026,TIGALAPANKAOS BONE,DRESS MAMU,DRESS LIGHT BROWN PJG S-M,0,7,0,0,67918,475426,475426
Agu-2026,TIGALAPANKAOS BONE,DRESS MAMU,DRESS LIGHT BROWN PJG S-M,0,7,0,0,67918,475426,475426
Sep-2026,TIGALAPANKAOS BONE,DRESS MAMU,DRESS LIGHT BROWN PJG S-M,0,7,0,0,67918,475426,475426
Okt-2026,TIGALAPANKAOS BONE,DRESS MAMU,DRESS LIGHT BROWN PJG S-M,0,7,0,0,67918,475426,475426
Jan-2026,TIGALAPANKAOS BONE,DRESS MAMU,DRESS LIGHT BROWN S-M,0,11,0,0,59658,656238,0
Feb-2026,TIGALAPANKAOS BONE,DRESS MAMU,DRESS LIGHT BROWN S-M,0,11,0,0,59658,656238,656238
Mar-2026,TIGALAPANKAOS BONE,DRESS MAMU,DRESS LIGHT BROWN S-M,49674,11,0,0,59658,656238,656238
Apr-2026,TIGALAPANKAOS BONE,DRESS MAMU,DRESS LIGHT BROWN S-M,0,11,0,0,59658,656238,656238
Mei-2026,TIGALAPANKAOS BONE,DRESS MAMU,DRESS LIGHT BROWN S-M,0,10,0,0,59658,596580,656238
Jun-2026,TIGALAPANKAOS BONE,DRESS MAMU,DRESS LIGHT BROWN S-M,0,10,0,0,59658,596580,596580
Jul-2026,TIGALAPANKAOS BONE,DRESS MAMU,DRESS LIGHT BROWN S-M,0,10,0,0,59658,596580,596580
Agu-2026,TIGALAPANKAOS BONE,DRESS MAMU,DRESS LIGHT BROWN S-M,0,10,0,0,59658,596580,596580
Sep-2026,TIGALAPANKAOS BONE,DRESS MAMU,DRESS LIGHT BROWN S-M,0,10,0,0,59658,596580,596580
Okt-2026,TIGALAPANKAOS BONE,DRESS MAMU,DRESS LIGHT BROWN S-M,0,10,0,0,59658,596580,596580
Apr-2026,TIGALAPANKAOS BONE,DRESS MAMU,DRESS SAGE GREEN L-XL,0,2,0,0,60956,121912,0
Mei-2026,TIGALAPANKAOS BONE,DRESS MAMU,DRESS SAGE GREEN L-XL,0,2,0,0,60956,121912,121912
Jun-2026,TIGALAPANKAOS BONE,DRESS MAMU,DRESS SAGE GREEN L-XL,0,2,0,0,60956,121912,121912
Jul-2026,TIGALAPANKAOS BONE,DRESS MAMU,DRESS SAGE GREEN L-XL,0,2,0,0,60956,121912,121912
Agu-2026,TIGALAPANKAOS BONE,DRESS MAMU,DRESS SAGE GREEN L-XL,0,2,0,0,60956,121912,121912
Sep-2026,TIGALAPANKAOS BONE,DRESS MAMU,DRESS SAGE GREEN L-XL,0,2,0,0,60956,121912,121912
Okt-2026,TIGALAPANKAOS BONE,DRESS MAMU,DRESS SAGE GREEN L-XL,0,2,0,0,60956,121912,121912
Jan-2026,TIGALAPANKAOS BONE,DRESS MAMU,DRESS SAGE GREEN PJG S-M,0,9,0,0,72661,653949,0
Feb-2026,TIGALAPANKAOS BONE,DRESS MAMU,DRESS SAGE GREEN PJG S-M,72661,9,0,0,72661,653949,653949
Mar-2026,TIGALAPANKAOS BONE,DRESS MAMU,DRESS SAGE GREEN PJG S-M,145322,6,0,0,72661,435966,653949
Apr-2026,TIGALAPANKAOS BONE,DRESS MAMU,DRESS SAGE GREEN PJG S-M,0,6,0,0,72661,435966,435966
Mei-2026,TIGALAPANKAOS BONE,DRESS MAMU,DRESS SAGE GREEN PJG S-M,0,6,0,0,72661,435966,435966
Jun-2026,TIGALAPANKAOS BONE,DRESS MAMU,DRESS SAGE GREEN PJG S-M,0,6,0,0,72661,435966,435966
Jul-2026,TIGALAPANKAOS BONE,DRESS MAMU,DRESS SAGE GREEN PJG S-M,0,6,0,0,72661,435966,435966
Agu-2026,TIGALAPANKAOS BONE,DRESS MAMU,DRESS SAGE GREEN PJG S-M,72661,5,0,0,72661,363305,435966
Sep-2026,TIGALAPANKAOS BONE,DRESS MAMU,DRESS SAGE GREEN PJG S-M,0,5,0,0,72661,363305,363305
Okt-2026,TIGALAPANKAOS BONE,DRESS MAMU,DRESS SAGE GREEN PJG S-M,0,5,0,0,72661,363305,363305
Jan-2026,TIGALAPANKAOS BONE,DRESS MAMU,DRESS SAGE GREEN S-M,0,11,0,0,60956,670516,0
Feb-2026,TIGALAPANKAOS BONE,DRESS MAMU,DRESS SAGE GREEN S-M,0,11,0,0,60956,670516,670516
Mar-2026,TIGALAPANKAOS BONE,DRESS MAMU,DRESS SAGE GREEN S-M,52872,10,0,0,60956,609560,670516
Apr-2026,TIGALAPANKAOS BONE,DRESS MAMU,DRESS SAGE GREEN S-M,52872,9,0,0,60956,548604,609560
Mei-2026,TIGALAPANKAOS BONE,DRESS MAMU,DRESS SAGE GREEN S-M,0,9,0,0,60956,548604,548604
Jun-2026,TIGALAPANKAOS BONE,DRESS MAMU,DRESS SAGE GREEN S-M,0,9,0,0,60956,548604,548604
Jul-2026,TIGALAPANKAOS BONE,DRESS MAMU,DRESS SAGE GREEN S-M,0,9,0,0,60956,548604,548604
Agu-2026,TIGALAPANKAOS BONE,DRESS MAMU,DRESS SAGE GREEN S-M,0,9,0,0,60956,548604,548604
Sep-2026,TIGALAPANKAOS BONE,DRESS MAMU,DRESS SAGE GREEN S-M,0,9,0,0,60956,548604,548604
Okt-2026,TIGALAPANKAOS BONE,DRESS MAMU,DRESS SAGE GREEN S-M,0,9,0,0,60956,548604,548604
Jan-2026,TIGALAPANKAOS BONE,DRESS MAMU,DRESS TOFFEE PJG S-M,0,9,0,0,78033,702297,0
Feb-2026,TIGALAPANKAOS BONE,DRESS MAMU,DRESS TOFFEE PJG S-M,0,9,0,0,78033,702297,702297
Mar-2026,TIGALAPANKAOS BONE,DRESS MAMU,DRESS TOFFEE PJG S-M,214623,4,0,0,78033,312132,702297
Apr-2026,TIGALAPANKAOS BONE,DRESS MAMU,DRESS TOFFEE PJG S-M,71541,3,0,0,78033,234099,312132
Mei-2026,TIGALAPANKAOS BONE,DRESS MAMU,DRESS TOFFEE PJG S-M,0,3,0,0,78033,234099,234099
Jun-2026,TIGALAPANKAOS BONE,DRESS MAMU,DRESS TOFFEE PJG S-M,0,3,0,0,78033,234099,234099
Jul-2026,TIGALAPANKAOS BONE,DRESS MAMU,DRESS TOFFEE PJG S-M,71541,3,0,0,78033,234099,234099
Agu-2026,TIGALAPANKAOS BONE,DRESS MAMU,DRESS TOFFEE PJG S-M,0,1,0,0,78033,78033,234099
Sep-2026,TIGALAPANKAOS BONE,DRESS MAMU,DRESS TOFFEE PJG S-M,0,1,0,0,78033,78033,78033
Okt-2026,TIGALAPANKAOS BONE,DRESS MAMU,DRESS TOFFEE PJG S-M,0,1,0,0,78033,78033,78033
Jan-2026,TIGALAPANKAOS BONE,DRESS MAMU,DRESS TOFFEE S-M,0,11,0,0,56649,623139,0
Feb-2026,TIGALAPANKAOS BONE,DRESS MAMU,DRESS TOFFEE S-M,0,11,0,0,56649,623139,623139
Mar-2026,TIGALAPANKAOS BONE,DRESS MAMU,DRESS TOFFEE S-M,52089,10,0,0,56649,566490,623139
Apr-2026,TIGALAPANKAOS BONE,DRESS MAMU,DRESS TOFFEE S-M,0,10,0,0,56649,566490,566490
Mei-2026,TIGALAPANKAOS BONE,DRESS MAMU,DRESS TOFFEE S-M,104178,8,0,0,56649,453192,566490
Jun-2026,TIGALAPANKAOS BONE,DRESS MAMU,DRESS TOFFEE S-M,0,8,0,0,56649,453192,453192
Jul-2026,TIGALAPANKAOS BONE,DRESS MAMU,DRESS TOFFEE S-M,0,8,0,0,56649,453192,453192
Agu-2026,TIGALAPANKAOS BONE,DRESS MAMU,DRESS TOFFEE S-M,0,9,0,0,56649,509841,453192
Sep-2026,TIGALAPANKAOS BONE,DRESS MAMU,DRESS TOFFEE S-M,0,9,0,0,56649,509841,509841
Okt-2026,TIGALAPANKAOS BONE,DRESS MAMU,DRESS TOFFEE S-M,0,9,0,0,56649,509841,509841
Okt-2026,TIGALAPANKAOS BONE,DRESS MAMU,DRESS TWILIGHT MAUVE L-XL,0,1,0,0,60287,60287,0
Jan-2026,TIGALAPANKAOS BONE,DRESS MAMU,DRESS TWILIGHT MAUVE PJG S-M,0,8,0,0,83490,667920,0
Feb-2026,TIGALAPANKAOS BONE,DRESS MAMU,DRESS TWILIGHT MAUVE PJG S-M,0,8,0,0,83490,667920,667920
Mar-2026,TIGALAPANKAOS BONE,DRESS MAMU,DRESS TWILIGHT MAUVE PJG S-M,147066,6,0,0,83490,500940,667920
Apr-2026,TIGALAPANKAOS BONE,DRESS MAMU,DRESS TWILIGHT MAUVE PJG S-M,0,6,0,0,83490,500940,500940
Mei-2026,TIGALAPANKAOS BONE,DRESS MAMU,DRESS TWILIGHT MAUVE PJG S-M,0,6,0,0,83490,500940,500940
Jun-2026,TIGALAPANKAOS BONE,DRESS MAMU,DRESS TWILIGHT MAUVE PJG S-M,73533,5,0,0,83490,417450,500940
Jul-2026,TIGALAPANKAOS BONE,DRESS MAMU,DRESS TWILIGHT MAUVE PJG S-M,0,5,0,0,83490,417450,417450
Agu-2026,TIGALAPANKAOS BONE,DRESS MAMU,DRESS TWILIGHT MAUVE PJG S-M,0,5,0,0,83490,417450,417450
Sep-2026,TIGALAPANKAOS BONE,DRESS MAMU,DRESS TWILIGHT MAUVE PJG S-M,0,5,0,0,83490,417450,417450
Okt-2026,TIGALAPANKAOS BONE,DRESS MAMU,DRESS TWILIGHT MAUVE PJG S-M,0,5,0,0,83490,417450,417450
Jan-2026,TIGALAPANKAOS BONE,DRESS MAMU,DRESS TWILIGHT MAUVE S-M,0,11,0,0,60287,663157,0
Feb-2026,TIGALAPANKAOS BONE,DRESS MAMU,DRESS TWILIGHT MAUVE S-M,0,11,0,0,60287,663157,663157
Mar-2026,TIGALAPANKAOS BONE,DRESS MAMU,DRESS TWILIGHT MAUVE S-M,0,11,0,0,60287,663157,663157
Apr-2026,TIGALAPANKAOS BONE,DRESS MAMU,DRESS TWILIGHT MAUVE S-M,0,11,0,0,60287,663157,663157
Mei-2026,TIGALAPANKAOS BONE,DRESS MAMU,DRESS TWILIGHT MAUVE S-M,53417,10,0,0,60287,602870,663157
Jun-2026,TIGALAPANKAOS BONE,DRESS MAMU,DRESS TWILIGHT MAUVE S-M,0,10,0,0,60287,602870,602870
Jul-2026,TIGALAPANKAOS BONE,DRESS MAMU,DRESS TWILIGHT MAUVE S-M,0,10,0,0,60287,602870,602870
Agu-2026,TIGALAPANKAOS BONE,DRESS MAMU,DRESS TWILIGHT MAUVE S-M,0,10,0,0,60287,602870,602870
Sep-2026,TIGALAPANKAOS BONE,DRESS MAMU,DRESS TWILIGHT MAUVE S-M,53417,9,0,0,60287,542583,602870
Okt-2026,TIGALAPANKAOS BONE,DRESS MAMU,DRESS TWILIGHT MAUVE S-M,0,9,0,0,60287,542583,542583
Jun-2026,TIGALAPANKAOS MAKASSAR,DRESS MAMU,DRESS JET BLACK L-XL,0,10,0,0,63759,637590,0
Jul-2026,TIGALAPANKAOS MAKASSAR,DRESS MAMU,DRESS JET BLACK L-XL,0,0,0,0,63759,0,637590
Jun-2026,TIGALAPANKAOS MAKASSAR,DRESS MAMU,DRESS JET BLACK PJG S-M,0,10,0,0,71420,714200,0
Jul-2026,TIGALAPANKAOS MAKASSAR,DRESS MAMU,DRESS JET BLACK PJG S-M,0,0,0,0,71420,0,714200
Jun-2026,TIGALAPANKAOS MAKASSAR,DRESS MAMU,DRESS JET BLACK S-M,0,10,0,0,52378,523780,0
Jul-2026,TIGALAPANKAOS MAKASSAR,DRESS MAMU,DRESS JET BLACK S-M,0,3,0,0,52378,157134,523780
Agu-2026,TIGALAPANKAOS MAKASSAR,DRESS MAMU,DRESS JET BLACK S-M,0,3,0,0,52378,157134,157134
Sep-2026,TIGALAPANKAOS MAKASSAR,DRESS MAMU,DRESS JET BLACK S-M,0,3,0,0,52378,157134,157134
Okt-2026,TIGALAPANKAOS MAKASSAR,DRESS MAMU,DRESS JET BLACK S-M,0,3,0,0,52378,157134,157134
Jun-2026,TIGALAPANKAOS MAKASSAR,DRESS MAMU,DRESS SAGE GREEN L-XL,0,10,0,0,60956,609560,0
Jul-2026,TIGALAPANKAOS MAKASSAR,DRESS MAMU,DRESS SAGE GREEN L-XL,0,0,0,0,60956,0,609560
Jun-2026,TIGALAPANKAOS MAKASSAR,DRESS MAMU,DRESS SAGE GREEN S-M,0,10,0,0,60956,609560,0
Jul-2026,TIGALAPANKAOS MAKASSAR,DRESS MAMU,DRESS SAGE GREEN S-M,0,0,0,0,60956,0,609560
Jun-2026,TIGALAPANKAOS MAKASSAR,DRESS MAMU,DRESS TOFFEE L-XL,0,7,0,0,56649,396543,0
Jul-2026,TIGALAPANKAOS MAKASSAR,DRESS MAMU,DRESS TOFFEE L-XL,0,0,0,0,56649,0,396543
Jun-2026,TIGALAPANKAOS MAKASSAR,DRESS MAMU,DRESS TOFFEE PJG L-XL,0,2,0,0,78033,156066,0
Jul-2026,TIGALAPANKAOS MAKASSAR,DRESS MAMU,DRESS TOFFEE PJG L-XL,0,0,0,0,78033,0,156066
Jun-2026,TIGALAPANKAOS MAKASSAR,DRESS MAMU,DRESS TOFFEE PJG S-M,0,10,0,0,78033,780330,0
Jul-2026,TIGALAPANKAOS MAKASSAR,DRESS MAMU,DRESS TOFFEE PJG S-M,0,0,0,0,78033,0,780330
Jun-2026,TIGALAPANKAOS MAKASSAR,DRESS MAMU,DRESS TWILIGHT MAUVE L-XL,0,10,0,0,60287,602870,0
Jul-2026,TIGALAPANKAOS MAKASSAR,DRESS MAMU,DRESS TWILIGHT MAUVE L-XL,0,0,0,0,60287,0,602870
Jun-2026,TIGALAPANKAOS MAKASSAR,DRESS MAMU,DRESS TWILIGHT MAUVE PJG L-XL,0,3,0,0,83490,250470,0
Jul-2026,TIGALAPANKAOS MAKASSAR,DRESS MAMU,DRESS TWILIGHT MAUVE PJG L-XL,0,0,0,0,83490,0,250470
Jun-2026,TIGALAPANKAOS MAKASSAR,DRESS MAMU,DRESS TWILIGHT MAUVE S-M,0,10,0,0,60287,602870,0
Jul-2026,TIGALAPANKAOS MAKASSAR,DRESS MAMU,DRESS TWILIGHT MAUVE S-M,0,0,0,0,60287,0,602870
Apr-2026,TIGALAPANKAOS MANADO,DRESS MAMU,DRESS DENIM BLUE L-XL,0,2,0,0,61749,123498,0
Mei-2026,TIGALAPANKAOS MANADO,DRESS MAMU,DRESS DENIM BLUE L-XL,0,2,0,0,61749,123498,123498
Jun-2026,TIGALAPANKAOS MANADO,DRESS MAMU,DRESS DENIM BLUE L-XL,0,2,0,0,61749,123498,123498
Jul-2026,TIGALAPANKAOS MANADO,DRESS MAMU,DRESS DENIM BLUE L-XL,0,2,0,0,61749,123498,123498
Agu-2026,TIGALAPANKAOS MANADO,DRESS MAMU,DRESS DENIM BLUE L-XL,0,2,0,0,61749,123498,123498
Sep-2026,TIGALAPANKAOS MANADO,DRESS MAMU,DRESS DENIM BLUE L-XL,0,2,0,0,61749,123498,123498
Okt-2026,TIGALAPANKAOS MANADO,DRESS MAMU,DRESS DENIM BLUE L-XL,0,2,0,0,61749,123498,123498
Jul-2026,TIGALAPANKAOS MANADO,DRESS MAMU,DRESS DENIM BLUE PJG L-XL,0,1,0,0,85682,85682,0
Agu-2026,TIGALAPANKAOS MANADO,DRESS MAMU,DRESS DENIM BLUE PJG L-XL,0,1,0,0,85682,85682,85682
Sep-2026,TIGALAPANKAOS MANADO,DRESS MAMU,DRESS DENIM BLUE PJG L-XL,0,1,0,0,85682,85682,85682
Okt-2026,TIGALAPANKAOS MANADO,DRESS MAMU,DRESS DENIM BLUE PJG L-XL,0,1,0,0,85682,85682,85682
Jul-2026,TIGALAPANKAOS MANADO,DRESS MAMU,DRESS DENIM BLUE PJG S-M,0,1,0,0,70137,70137,0
Agu-2026,TIGALAPANKAOS MANADO,DRESS MAMU,DRESS DENIM BLUE PJG S-M,0,1,0,0,70137,70137,70137
Sep-2026,TIGALAPANKAOS MANADO,DRESS MAMU,DRESS DENIM BLUE PJG S-M,0,1,0,0,70137,70137,70137
Okt-2026,TIGALAPANKAOS MANADO,DRESS MAMU,DRESS DENIM BLUE PJG S-M,0,1,0,0,70137,70137,70137
Apr-2026,TIGALAPANKAOS MANADO,DRESS MAMU,DRESS DENIM BLUE S-M,0,2,0,0,61749,123498,0
Mei-2026,TIGALAPANKAOS MANADO,DRESS MAMU,DRESS DENIM BLUE S-M,0,2,0,0,61749,123498,123498
Jun-2026,TIGALAPANKAOS MANADO,DRESS MAMU,DRESS DENIM BLUE S-M,0,2,0,0,61749,123498,123498
Jul-2026,TIGALAPANKAOS MANADO,DRESS MAMU,DRESS DENIM BLUE S-M,0,2,0,0,61749,123498,123498
Agu-2026,TIGALAPANKAOS MANADO,DRESS MAMU,DRESS DENIM BLUE S-M,0,2,0,0,61749,123498,123498
Sep-2026,TIGALAPANKAOS MANADO,DRESS MAMU,DRESS DENIM BLUE S-M,0,2,0,0,61749,123498,123498
Okt-2026,TIGALAPANKAOS MANADO,DRESS MAMU,DRESS DENIM BLUE S-M,0,2,0,0,61749,123498,123498
Apr-2026,TIGALAPANKAOS MANADO,DRESS MAMU,DRESS JET BLACK PJG S-M,0,1,0,0,71420,71420,0
Mei-2026,TIGALAPANKAOS MANADO,DRESS MAMU,DRESS JET BLACK PJG S-M,0,1,0,0,71420,71420,71420
Jun-2026,TIGALAPANKAOS MANADO,DRESS MAMU,DRESS JET BLACK PJG S-M,71420,0,0,0,71309,0,71420
Apr-2026,TIGALAPANKAOS MANADO,DRESS MAMU,DRESS JET BLACK S-M,0,3,0,0,52378,157134,0
Mei-2026,TIGALAPANKAOS MANADO,DRESS MAMU,DRESS JET BLACK S-M,0,3,0,0,52378,157134,157134
Jun-2026,TIGALAPANKAOS MANADO,DRESS MAMU,DRESS JET BLACK S-M,0,3,0,0,52378,157134,157134
Jul-2026,TIGALAPANKAOS MANADO,DRESS MAMU,DRESS JET BLACK S-M,0,3,0,0,52378,157134,157134
Agu-2026,TIGALAPANKAOS MANADO,DRESS MAMU,DRESS JET BLACK S-M,0,3,0,0,52378,157134,157134
Sep-2026,TIGALAPANKAOS MANADO,DRESS MAMU,DRESS JET BLACK S-M,0,3,0,0,52378,157134,157134
Okt-2026,TIGALAPANKAOS MANADO,DRESS MAMU,DRESS JET BLACK S-M,0,3,0,0,52378,157134,157134
Jan-2026,TIGALAPANKAOS MANADO,DRESS MAMU,DRESS LIGHT BROWN L-XL,0,2,0,0,59658,119316,0
Feb-2026,TIGALAPANKAOS MANADO,DRESS MAMU,DRESS LIGHT BROWN L-XL,0,2,0,0,59658,119316,119316
Mar-2026,TIGALAPANKAOS MANADO,DRESS MAMU,DRESS LIGHT BROWN L-XL,0,2,0,0,59658,119316,119316
Apr-2026,TIGALAPANKAOS MANADO,DRESS MAMU,DRESS LIGHT BROWN L-XL,0,2,0,0,59658,119316,119316
Mei-2026,TIGALAPANKAOS MANADO,DRESS MAMU,DRESS LIGHT BROWN L-XL,57818,1,0,0,59658,59658,119316
Jun-2026,TIGALAPANKAOS MANADO,DRESS MAMU,DRESS LIGHT BROWN L-XL,0,1,0,0,59658,59658,59658
Jul-2026,TIGALAPANKAOS MANADO,DRESS MAMU,DRESS LIGHT BROWN L-XL,0,1,0,0,59658,59658,59658
Agu-2026,TIGALAPANKAOS MANADO,DRESS MAMU,DRESS LIGHT BROWN L-XL,0,1,0,0,59658,59658,59658
Sep-2026,TIGALAPANKAOS MANADO,DRESS MAMU,DRESS LIGHT BROWN L-XL,0,1,0,0,59658,59658,59658
Okt-2026,TIGALAPANKAOS MANADO,DRESS MAMU,DRESS LIGHT BROWN L-XL,0,1,0,0,59658,59658,59658
Jul-2026,TIGALAPANKAOS MANADO,DRESS MAMU,DRESS LIGHT BROWN PJG L-XL,0,1,0,0,82546,82546,0
Agu-2026,TIGALAPANKAOS MANADO,DRESS MAMU,DRESS LIGHT BROWN PJG L-XL,0,1,0,0,82546,82546,82546
Sep-2026,TIGALAPANKAOS MANADO,DRESS MAMU,DRESS LIGHT BROWN PJG L-XL,0,1,0,0,82546,82546,82546
Okt-2026,TIGALAPANKAOS MANADO,DRESS MAMU,DRESS LIGHT BROWN PJG L-XL,0,1,0,0,82546,82546,82546
Apr-2026,TIGALAPANKAOS MANADO,DRESS MAMU,DRESS SAGE GREEN L-XL,0,3,0,0,60956,182868,0
Mei-2026,TIGALAPANKAOS MANADO,DRESS MAMU,DRESS SAGE GREEN L-XL,0,3,0,0,60956,182868,182868
Jun-2026,TIGALAPANKAOS MANADO,DRESS MAMU,DRESS SAGE GREEN L-XL,0,3,0,0,60956,182868,182868
Jul-2026,TIGALAPANKAOS MANADO,DRESS MAMU,DRESS SAGE GREEN L-XL,0,3,0,0,60956,182868,182868
Agu-2026,TIGALAPANKAOS MANADO,DRESS MAMU,DRESS SAGE GREEN L-XL,0,3,0,0,60956,182868,182868
Sep-2026,TIGALAPANKAOS MANADO,DRESS MAMU,DRESS SAGE GREEN L-XL,0,3,0,0,60956,182868,182868
Okt-2026,TIGALAPANKAOS MANADO,DRESS MAMU,DRESS SAGE GREEN L-XL,0,3,0,0,60956,182868,182868
Jul-2026,TIGALAPANKAOS MANADO,DRESS MAMU,DRESS SAGE GREEN PJG L-XL,0,1,0,0,84493,84493,0
Agu-2026,TIGALAPANKAOS MANADO,DRESS MAMU,DRESS SAGE GREEN PJG L-XL,0,1,0,0,84493,84493,84493
Sep-2026,TIGALAPANKAOS MANADO,DRESS MAMU,DRESS SAGE GREEN PJG L-XL,0,1,0,0,84493,84493,84493
Okt-2026,TIGALAPANKAOS MANADO,DRESS MAMU,DRESS SAGE GREEN PJG L-XL,0,1,0,0,84493,84493,84493
Jan-2026,TIGALAPANKAOS PALU,DRESS MAMU,DRESS DENIM BLUE 2XL,0,1,0,0,55575,55575,0
Feb-2026,TIGALAPANKAOS PALU,DRESS MAMU,DRESS DENIM BLUE 2XL,0,1,0,0,55575,55575,55575
Mar-2026,TIGALAPANKAOS PALU,DRESS MAMU,DRESS DENIM BLUE 2XL,55575,0,0,0,55575,0,55575
Jan-2026,TIGALAPANKAOS PALU,DRESS MAMU,DRESS DENIM BLUE L-XL,60463,0,0,0,61749,0,0
Feb-2026,TIGALAPANKAOS PALU,DRESS MAMU,DRESS DENIM BLUE L-XL,0,10,0,0,61749,617490,0
Mar-2026,TIGALAPANKAOS PALU,DRESS MAMU,DRESS DENIM BLUE L-XL,61749,9,0,0,61749,555741,617490
Apr-2026,TIGALAPANKAOS PALU,DRESS MAMU,DRESS DENIM BLUE L-XL,0,9,0,0,61749,555741,555741
Mei-2026,TIGALAPANKAOS PALU,DRESS MAMU,DRESS DENIM BLUE L-XL,0,9,0,0,61749,555741,555741
Jun-2026,TIGALAPANKAOS PALU,DRESS MAMU,DRESS DENIM BLUE L-XL,61749,8,0,0,61749,493992,555741
Jul-2026,TIGALAPANKAOS PALU,DRESS MAMU,DRESS DENIM BLUE L-XL,0,8,0,0,61749,493992,493992
Agu-2026,TIGALAPANKAOS PALU,DRESS MAMU,DRESS DENIM BLUE L-XL,-60463,8,0,0,61749,493992,493992
Sep-2026,TIGALAPANKAOS PALU,DRESS MAMU,DRESS DENIM BLUE L-XL,0,9,0,0,61749,555741,493992
Okt-2026,TIGALAPANKAOS PALU,DRESS MAMU,DRESS DENIM BLUE L-XL,0,9,0,0,61749,555741,555741
Feb-2026,TIGALAPANKAOS PALU,DRESS MAMU,DRESS DENIM BLUE PJG L-XL,0,10,0,0,85682,856820,0
Mar-2026,TIGALAPANKAOS PALU,DRESS MAMU,DRESS DENIM BLUE PJG L-XL,85682,9,0,0,85682,771138,856820
Apr-2026,TIGALAPANKAOS PALU,DRESS MAMU,DRESS DENIM BLUE PJG L-XL,0,9,0,0,85682,771138,771138
Mei-2026,TIGALAPANKAOS PALU,DRESS MAMU,DRESS DENIM BLUE PJG L-XL,0,9,0,0,85682,771138,771138
Jun-2026,TIGALAPANKAOS PALU,DRESS MAMU,DRESS DENIM BLUE PJG L-XL,0,9,0,0,85682,771138,771138
Jul-2026,TIGALAPANKAOS PALU,DRESS MAMU,DRESS DENIM BLUE PJG L-XL,85682,8,0,0,85682,685456,771138
Agu-2026,TIGALAPANKAOS PALU,DRESS MAMU,DRESS DENIM BLUE PJG L-XL,0,8,0,0,85682,685456,685456
Sep-2026,TIGALAPANKAOS PALU,DRESS MAMU,DRESS DENIM BLUE PJG L-XL,0,8,0,0,85682,685456,685456
Okt-2026,TIGALAPANKAOS PALU,DRESS MAMU,DRESS DENIM BLUE PJG L-XL,0,8,0,0,85682,685456,685456
Jan-2026,TIGALAPANKAOS PALU,DRESS MAMU,DRESS DENIM BLUE PJG S-M,0,14,0,0,70137,981918,0
Feb-2026,TIGALAPANKAOS PALU,DRESS MAMU,DRESS DENIM BLUE PJG S-M,0,14,0,0,70137,981918,981918
Mar-2026,TIGALAPANKAOS PALU,DRESS MAMU,DRESS DENIM BLUE PJG S-M,70137,13,0,0,70137,911781,981918
Apr-2026,TIGALAPANKAOS PALU,DRESS MAMU,DRESS DENIM BLUE PJG S-M,0,13,0,0,70137,911781,911781
Mei-2026,TIGALAPANKAOS PALU,DRESS MAMU,DRESS DENIM BLUE PJG S-M,0,13,0,0,70137,911781,911781
Jun-2026,TIGALAPANKAOS PALU,DRESS MAMU,DRESS DENIM BLUE PJG S-M,0,13,0,0,70137,911781,911781
Jul-2026,TIGALAPANKAOS PALU,DRESS MAMU,DRESS DENIM BLUE PJG S-M,0,13,0,0,70137,911781,911781
Agu-2026,TIGALAPANKAOS PALU,DRESS MAMU,DRESS DENIM BLUE PJG S-M,0,13,0,0,70137,911781,911781
Sep-2026,TIGALAPANKAOS PALU,DRESS MAMU,DRESS DENIM BLUE PJG S-M,0,13,0,0,70137,911781,911781
Okt-2026,TIGALAPANKAOS PALU,DRESS MAMU,DRESS DENIM BLUE PJG S-M,0,13,0,0,70137,911781,911781
Jan-2026,TIGALAPANKAOS PALU,DRESS MAMU,DRESS DENIM BLUE S-M,51626,16,0,0,61749,987984,0
Feb-2026,TIGALAPANKAOS PALU,DRESS MAMU,DRESS DENIM BLUE S-M,0,16,0,0,61749,987984,987984
Mar-2026,TIGALAPANKAOS PALU,DRESS MAMU,DRESS DENIM BLUE S-M,0,16,0,0,61749,987984,987984
Apr-2026,TIGALAPANKAOS PALU,DRESS MAMU,DRESS DENIM BLUE S-M,0,16,0,0,61749,987984,987984
Mei-2026,TIGALAPANKAOS PALU,DRESS MAMU,DRESS DENIM BLUE S-M,0,16,0,0,61749,987984,987984
Jun-2026,TIGALAPANKAOS PALU,DRESS MAMU,DRESS DENIM BLUE S-M,51626,15,0,0,61749,926235,987984
Jul-2026,TIGALAPANKAOS PALU,DRESS MAMU,DRESS DENIM BLUE S-M,0,15,0,0,61749,926235,926235
Agu-2026,TIGALAPANKAOS PALU,DRESS MAMU,DRESS DENIM BLUE S-M,51626,15,0,0,61749,926235,926235
Sep-2026,TIGALAPANKAOS PALU,DRESS MAMU,DRESS DENIM BLUE S-M,0,14,0,0,61749,864486,926235
Okt-2026,TIGALAPANKAOS PALU,DRESS MAMU,DRESS DENIM BLUE S-M,0,14,0,0,61749,864486,864486
Sep-2026,TIGALAPANKAOS PALU,DRESS MAMU,DRESS JET BLACK 2XL,0,1,0,0,59827,59827,0
Okt-2026,TIGALAPANKAOS PALU,DRESS MAMU,DRESS JET BLACK 2XL,0,1,0,0,59827,59827,59827
Feb-2026,TIGALAPANKAOS PALU,DRESS MAMU,DRESS JET BLACK L-XL,0,10,0,0,63759,637590,0
Mar-2026,TIGALAPANKAOS PALU,DRESS MAMU,DRESS JET BLACK L-XL,0,10,0,0,63759,637590,637590
Apr-2026,TIGALAPANKAOS PALU,DRESS MAMU,DRESS JET BLACK L-XL,0,10,0,0,63759,637590,637590
Mei-2026,TIGALAPANKAOS PALU,DRESS MAMU,DRESS JET BLACK L-XL,0,10,0,0,63759,637590,637590
Jun-2026,TIGALAPANKAOS PALU,DRESS MAMU,DRESS JET BLACK L-XL,0,10,0,0,63759,637590,637590
Jul-2026,TIGALAPANKAOS PALU,DRESS MAMU,DRESS JET BLACK L-XL,63759,9,0,0,63759,573831,637590
Agu-2026,TIGALAPANKAOS PALU,DRESS MAMU,DRESS JET BLACK L-XL,0,9,0,0,63759,573831,573831
Sep-2026,TIGALAPANKAOS PALU,DRESS MAMU,DRESS JET BLACK L-XL,0,9,0,0,63759,573831,573831
Okt-2026,TIGALAPANKAOS PALU,DRESS MAMU,DRESS JET BLACK L-XL,0,9,0,0,63759,573831,573831
Feb-2026,TIGALAPANKAOS PALU,DRESS MAMU,DRESS JET BLACK PJG 2XL,0,4,0,0,88697,354788,0
Mar-2026,TIGALAPANKAOS PALU,DRESS MAMU,DRESS JET BLACK PJG 2XL,177394,2,0,0,88697,177394,354788
Apr-2026,TIGALAPANKAOS PALU,DRESS MAMU,DRESS JET BLACK PJG 2XL,0,2,0,0,88697,177394,177394
Mei-2026,TIGALAPANKAOS PALU,DRESS MAMU,DRESS JET BLACK PJG 2XL,88697,1,0,0,88697,88697,177394
Jun-2026,TIGALAPANKAOS PALU,DRESS MAMU,DRESS JET BLACK PJG 2XL,88697,0,0,0,88697,0,88697
Feb-2026,TIGALAPANKAOS PALU,DRESS MAMU,DRESS JET BLACK PJG L-XL,0,10,0,0,88697,886970,0
Mar-2026,TIGALAPANKAOS PALU,DRESS MAMU,DRESS JET BLACK PJG L-XL,88697,9,0,0,88697,798273,886970
Apr-2026,TIGALAPANKAOS PALU,DRESS MAMU,DRESS JET BLACK PJG L-XL,0,9,0,0,88697,798273,798273
Mei-2026,TIGALAPANKAOS PALU,DRESS MAMU,DRESS JET BLACK PJG L-XL,0,9,0,0,88697,798273,798273
Jun-2026,TIGALAPANKAOS PALU,DRESS MAMU,DRESS JET BLACK PJG L-XL,0,9,0,0,88697,798273,798273
Jul-2026,TIGALAPANKAOS PALU,DRESS MAMU,DRESS JET BLACK PJG L-XL,0,9,0,0,88697,798273,798273
Agu-2026,TIGALAPANKAOS PALU,DRESS MAMU,DRESS JET BLACK PJG L-XL,0,9,0,0,88697,798273,798273
Sep-2026,TIGALAPANKAOS PALU,DRESS MAMU,DRESS JET BLACK PJG L-XL,0,9,0,0,88697,798273,798273
Okt-2026,TIGALAPANKAOS PALU,DRESS MAMU,DRESS JET BLACK PJG L-XL,0,9,0,0,88697,798273,798273
Jan-2026,TIGALAPANKAOS PALU,DRESS MAMU,DRESS JET BLACK PJG S-M,71309,70,0,0,71309,4991630,0
Feb-2026,TIGALAPANKAOS PALU,DRESS MAMU,DRESS JET BLACK PJG S-M,0,70,0,0,71309,4991630,4991630
Mar-2026,TIGALAPANKAOS PALU,DRESS MAMU,DRESS JET BLACK PJG S-M,213927,22,0,0,71420,1571240,4991630
Apr-2026,TIGALAPANKAOS PALU,DRESS MAMU,DRESS JET BLACK PJG S-M,0,22,0,0,71420,1571240,1571240
Mei-2026,TIGALAPANKAOS PALU,DRESS MAMU,DRESS JET BLACK PJG S-M,0,22,0,0,71420,1571240,1571240
Jun-2026,TIGALAPANKAOS PALU,DRESS MAMU,DRESS JET BLACK PJG S-M,213927,19,0,0,71420,1356980,1571240
Jul-2026,TIGALAPANKAOS PALU,DRESS MAMU,DRESS JET BLACK PJG S-M,0,19,0,0,71420,1356980,1356980
Agu-2026,TIGALAPANKAOS PALU,DRESS MAMU,DRESS JET BLACK PJG S-M,0,19,0,0,71420,1356980,1356980
Sep-2026,TIGALAPANKAOS PALU,DRESS MAMU,DRESS JET BLACK PJG S-M,0,19,0,0,71420,1356980,1356980
Okt-2026,TIGALAPANKAOS PALU,DRESS MAMU,DRESS JET BLACK PJG S-M,0,19,0,0,71420,1356980,1356980
Jan-2026,TIGALAPANKAOS PALU,DRESS MAMU,DRESS JET BLACK S-M,52487,58,0,0,51953,3013274,0
Feb-2026,TIGALAPANKAOS PALU,DRESS MAMU,DRESS JET BLACK S-M,52487,57,0,0,51953,2961321,3013274
Mar-2026,TIGALAPANKAOS PALU,DRESS MAMU,DRESS JET BLACK S-M,0,25,0,0,52378,1309450,2961321
Apr-2026,TIGALAPANKAOS PALU,DRESS MAMU,DRESS JET BLACK S-M,0,25,0,0,52378,1309450,1309450
Mei-2026,TIGALAPANKAOS PALU,DRESS MAMU,DRESS JET BLACK S-M,0,25,0,0,52378,1309450,1309450
Jun-2026,TIGALAPANKAOS PALU,DRESS MAMU,DRESS JET BLACK S-M,0,25,0,0,52378,1309450,1309450
Jul-2026,TIGALAPANKAOS PALU,DRESS MAMU,DRESS JET BLACK S-M,0,25,0,0,52378,1309450,1309450
Agu-2026,TIGALAPANKAOS PALU,DRESS MAMU,DRESS JET BLACK S-M,0,25,0,0,52378,1309450,1309450
Sep-2026,TIGALAPANKAOS PALU,DRESS MAMU,DRESS JET BLACK S-M,0,25,0,0,52378,1309450,1309450
Okt-2026,TIGALAPANKAOS PALU,DRESS MAMU,DRESS JET BLACK S-M,0,25,0,0,52378,1309450,1309450
Jan-2026,TIGALAPANKAOS PALU,DRESS MAMU,DRESS LIGHT BROWN 2XL,0,1,0,0,54611,54611,0
Feb-2026,TIGALAPANKAOS PALU,DRESS MAMU,DRESS LIGHT BROWN 2XL,0,1,0,0,54611,54611,54611
Mar-2026,TIGALAPANKAOS PALU,DRESS MAMU,DRESS LIGHT BROWN 2XL,0,1,0,0,54611,54611,54611
Apr-2026,TIGALAPANKAOS PALU,DRESS MAMU,DRESS LIGHT BROWN 2XL,0,1,0,0,54611,54611,54611
Mei-2026,TIGALAPANKAOS PALU,DRESS MAMU,DRESS LIGHT BROWN 2XL,0,1,0,0,54611,54611,54611
Jun-2026,TIGALAPANKAOS PALU,DRESS MAMU,DRESS LIGHT BROWN 2XL,0,1,0,0,54611,54611,54611
Jul-2026,TIGALAPANKAOS PALU,DRESS MAMU,DRESS LIGHT BROWN 2XL,0,1,0,0,54611,54611,54611
Agu-2026,TIGALAPANKAOS PALU,DRESS MAMU,DRESS LIGHT BROWN 2XL,54611,1,0,0,54611,54611,54611
Sep-2026,TIGALAPANKAOS PALU,DRESS MAMU,DRESS LIGHT BROWN 2XL,0,0,0,0,54611,0,54611
Jan-2026,TIGALAPANKAOS PALU,DRESS MAMU,DRESS LIGHT BROWN L-XL,57818,0,0,0,59658,0,0
Feb-2026,TIGALAPANKAOS PALU,DRESS MAMU,DRESS LIGHT BROWN L-XL,0,10,0,0,59658,596580,0
Mar-2026,TIGALAPANKAOS PALU,DRESS MAMU,DRESS LIGHT BROWN L-XL,0,10,0,0,59658,596580,596580
Apr-2026,TIGALAPANKAOS PALU,DRESS MAMU,DRESS LIGHT BROWN L-XL,0,10,0,0,59658,596580,596580
Mei-2026,TIGALAPANKAOS PALU,DRESS MAMU,DRESS LIGHT BROWN L-XL,0,10,0,0,59658,596580,596580
Jun-2026,TIGALAPANKAOS PALU,DRESS MAMU,DRESS LIGHT BROWN L-XL,0,10,0,0,59658,596580,596580
Jul-2026,TIGALAPANKAOS PALU,DRESS MAMU,DRESS LIGHT BROWN L-XL,0,10,0,0,59658,596580,596580
Agu-2026,TIGALAPANKAOS PALU,DRESS MAMU,DRESS LIGHT BROWN L-XL,0,10,0,0,59658,596580,596580
Sep-2026,TIGALAPANKAOS PALU,DRESS MAMU,DRESS LIGHT BROWN L-XL,0,10,0,0,59658,596580,596580
Okt-2026,TIGALAPANKAOS PALU,DRESS MAMU,DRESS LIGHT BROWN L-XL,0,10,0,0,59658,596580,596580
Feb-2026,TIGALAPANKAOS PALU,DRESS MAMU,DRESS LIGHT BROWN PJG 2XL,0,1,0,0,82546,82546,0
Mar-2026,TIGALAPANKAOS PALU,DRESS MAMU,DRESS LIGHT BROWN PJG 2XL,82546,0,0,0,82546,0,82546
Feb-2026,TIGALAPANKAOS PALU,DRESS MAMU,DRESS LIGHT BROWN PJG L-XL,0,5,0,0,82546,412730,0
Mar-2026,TIGALAPANKAOS PALU,DRESS MAMU,DRESS LIGHT BROWN PJG L-XL,82546,4,0,0,82546,330184,412730
Apr-2026,TIGALAPANKAOS PALU,DRESS MAMU,DRESS LIGHT BROWN PJG L-XL,82546,3,0,0,82546,247638,330184
Mei-2026,TIGALAPANKAOS PALU,DRESS MAMU,DRESS LIGHT BROWN PJG L-XL,0,3,0,0,82546,247638,247638
Jun-2026,TIGALAPANKAOS PALU,DRESS MAMU,DRESS LIGHT BROWN PJG L-XL,82546,2,0,0,82546,165092,247638
Jul-2026,TIGALAPANKAOS PALU,DRESS MAMU,DRESS LIGHT BROWN PJG L-XL,0,2,0,0,82546,165092,165092
Agu-2026,TIGALAPANKAOS PALU,DRESS MAMU,DRESS LIGHT BROWN PJG L-XL,0,2,0,0,82546,165092,165092
Sep-2026,TIGALAPANKAOS PALU,DRESS MAMU,DRESS LIGHT BROWN PJG L-XL,82546,1,0,0,82546,82546,165092
Okt-2026,TIGALAPANKAOS PALU,DRESS MAMU,DRESS LIGHT BROWN PJG L-XL,0,1,0,0,82546,82546,82546
Jan-2026,TIGALAPANKAOS PALU,DRESS MAMU,DRESS LIGHT BROWN PJG S-M,68519,13,0,0,67918,882934,0
Feb-2026,TIGALAPANKAOS PALU,DRESS MAMU,DRESS LIGHT BROWN PJG S-M,0,13,0,0,67918,882934,882934
Mar-2026,TIGALAPANKAOS PALU,DRESS MAMU,DRESS LIGHT BROWN PJG S-M,68519,12,0,0,67918,815016,882934
Apr-2026,TIGALAPANKAOS PALU,DRESS MAMU,DRESS LIGHT BROWN PJG S-M,0,12,0,0,67918,815016,815016
Mei-2026,TIGALAPANKAOS PALU,DRESS MAMU,DRESS LIGHT BROWN PJG S-M,68519,11,0,0,67918,747098,815016
Jun-2026,TIGALAPANKAOS PALU,DRESS MAMU,DRESS LIGHT BROWN PJG S-M,68519,10,0,0,67918,679180,747098
Jul-2026,TIGALAPANKAOS PALU,DRESS MAMU,DRESS LIGHT BROWN PJG S-M,0,10,0,0,67918,679180,679180
Agu-2026,TIGALAPANKAOS PALU,DRESS MAMU,DRESS LIGHT BROWN PJG S-M,0,10,0,0,67918,679180,679180
Sep-2026,TIGALAPANKAOS PALU,DRESS MAMU,DRESS LIGHT BROWN PJG S-M,68519,10,0,0,67918,679180,679180
Okt-2026,TIGALAPANKAOS PALU,DRESS MAMU,DRESS LIGHT BROWN PJG S-M,0,9,0,0,67918,611262,679180
Jan-2026,TIGALAPANKAOS PALU,DRESS MAMU,DRESS LIGHT BROWN S-M,50255,16,0,0,59658,954528,0
Feb-2026,TIGALAPANKAOS PALU,DRESS MAMU,DRESS LIGHT BROWN S-M,0,16,0,0,59658,954528,954528
Mar-2026,TIGALAPANKAOS PALU,DRESS MAMU,DRESS LIGHT BROWN S-M,50255,15,0,0,59658,894870,954528
Apr-2026,TIGALAPANKAOS PALU,DRESS MAMU,DRESS LIGHT BROWN S-M,0,15,0,0,59658,894870,894870
Mei-2026,TIGALAPANKAOS PALU,DRESS MAMU,DRESS LIGHT BROWN S-M,0,15,0,0,59658,894870,894870
Jun-2026,TIGALAPANKAOS PALU,DRESS MAMU,DRESS LIGHT BROWN S-M,0,15,0,0,59658,894870,894870
Jul-2026,TIGALAPANKAOS PALU,DRESS MAMU,DRESS LIGHT BROWN S-M,0,15,0,0,59658,894870,894870
Agu-2026,TIGALAPANKAOS PALU,DRESS MAMU,DRESS LIGHT BROWN S-M,0,15,0,0,59658,894870,894870
Sep-2026,TIGALAPANKAOS PALU,DRESS MAMU,DRESS LIGHT BROWN S-M,0,15,0,0,59658,894870,894870
Okt-2026,TIGALAPANKAOS PALU,DRESS MAMU,DRESS LIGHT BROWN S-M,0,15,0,0,59658,894870,894870
Jan-2026,TIGALAPANKAOS PALU,DRESS MAMU,DRESS SAGE GREEN 2XL,0,1,0,0,56978,56978,0
Feb-2026,TIGALAPANKAOS PALU,DRESS MAMU,DRESS SAGE GREEN 2XL,0,1,0,0,56978,56978,56978
Mar-2026,TIGALAPANKAOS PALU,DRESS MAMU,DRESS SAGE GREEN 2XL,0,1,0,0,56978,56978,56978
Apr-2026,TIGALAPANKAOS PALU,DRESS MAMU,DRESS SAGE GREEN 2XL,0,1,0,0,56978,56978,56978
Mei-2026,TIGALAPANKAOS PALU,DRESS MAMU,DRESS SAGE GREEN 2XL,0,1,0,0,56978,56978,56978
Jun-2026,TIGALAPANKAOS PALU,DRESS MAMU,DRESS SAGE GREEN 2XL,56978,0,0,0,56978,0,56978
Jan-2026,TIGALAPANKAOS PALU,DRESS MAMU,DRESS SAGE GREEN L-XL,59129,1,0,0,60956,60956,0
Feb-2026,TIGALAPANKAOS PALU,DRESS MAMU,DRESS SAGE GREEN L-XL,0,11,0,0,60956,670516,60956
Mar-2026,TIGALAPANKAOS PALU,DRESS MAMU,DRESS SAGE GREEN L-XL,0,11,0,0,60956,670516,670516
Apr-2026,TIGALAPANKAOS PALU,DRESS MAMU,DRESS SAGE GREEN L-XL,0,11,0,0,60956,670516,670516
Mei-2026,TIGALAPANKAOS PALU,DRESS MAMU,DRESS SAGE GREEN L-XL,0,11,0,0,60956,670516,670516
Jun-2026,TIGALAPANKAOS PALU,DRESS MAMU,DRESS SAGE GREEN L-XL,0,11,0,0,60956,670516,670516
Jul-2026,TIGALAPANKAOS PALU,DRESS MAMU,DRESS SAGE GREEN L-XL,0,11,0,0,60956,670516,670516
Agu-2026,TIGALAPANKAOS PALU,DRESS MAMU,DRESS SAGE GREEN L-XL,1661,10,0,0,60956,609560,670516
Sep-2026,TIGALAPANKAOS PALU,DRESS MAMU,DRESS SAGE GREEN L-XL,60639,10,0,0,60956,609560,609560
Okt-2026,TIGALAPANKAOS PALU,DRESS MAMU,DRESS SAGE GREEN L-XL,0,10,0,0,60956,609560,609560
Feb-2026,TIGALAPANKAOS PALU,DRESS MAMU,DRESS SAGE GREEN PJG L-XL,0,10,0,0,84493,844930,0
Mar-2026,TIGALAPANKAOS PALU,DRESS MAMU,DRESS SAGE GREEN PJG L-XL,0,10,0,0,84493,844930,844930
Apr-2026,TIGALAPANKAOS PALU,DRESS MAMU,DRESS SAGE GREEN PJG L-XL,84493,9,0,0,84493,760437,844930
Mei-2026,TIGALAPANKAOS PALU,DRESS MAMU,DRESS SAGE GREEN PJG L-XL,0,9,0,0,84493,760437,760437
Jun-2026,TIGALAPANKAOS PALU,DRESS MAMU,DRESS SAGE GREEN PJG L-XL,0,9,0,0,84493,760437,760437
Jul-2026,TIGALAPANKAOS PALU,DRESS MAMU,DRESS SAGE GREEN PJG L-XL,84493,8,0,0,84493,675944,760437
Agu-2026,TIGALAPANKAOS PALU,DRESS MAMU,DRESS SAGE GREEN PJG L-XL,0,8,0,0,84493,675944,675944
Sep-2026,TIGALAPANKAOS PALU,DRESS MAMU,DRESS SAGE GREEN PJG L-XL,0,8,0,0,84493,675944,675944
Okt-2026,TIGALAPANKAOS PALU,DRESS MAMU,DRESS SAGE GREEN PJG L-XL,0,8,0,0,84493,675944,675944
Jan-2026,TIGALAPANKAOS PALU,DRESS MAMU,DRESS SAGE GREEN PJG S-M,0,14,0,0,72661,1017254,0
Feb-2026,TIGALAPANKAOS PALU,DRESS MAMU,DRESS SAGE GREEN PJG S-M,0,14,0,0,72661,1017254,1017254
Mar-2026,TIGALAPANKAOS PALU,DRESS MAMU,DRESS SAGE GREEN PJG S-M,0,14,0,0,72661,1017254,1017254
Apr-2026,TIGALAPANKAOS PALU,DRESS MAMU,DRESS SAGE GREEN PJG S-M,0,14,0,0,72661,1017254,1017254
Mei-2026,TIGALAPANKAOS PALU,DRESS MAMU,DRESS SAGE GREEN PJG S-M,0,14,0,0,72661,1017254,1017254
Jun-2026,TIGALAPANKAOS PALU,DRESS MAMU,DRESS SAGE GREEN PJG S-M,0,14,0,0,72661,1017254,1017254
Jul-2026,TIGALAPANKAOS PALU,DRESS MAMU,DRESS SAGE GREEN PJG S-M,0,14,0,0,72661,1017254,1017254
Agu-2026,TIGALAPANKAOS PALU,DRESS MAMU,DRESS SAGE GREEN PJG S-M,0,14,0,0,72661,1017254,1017254
Sep-2026,TIGALAPANKAOS PALU,DRESS MAMU,DRESS SAGE GREEN PJG S-M,0,14,0,0,72661,1017254,1017254
Okt-2026,TIGALAPANKAOS PALU,DRESS MAMU,DRESS SAGE GREEN PJG S-M,0,14,0,0,72661,1017254,1017254
Jan-2026,TIGALAPANKAOS PALU,DRESS MAMU,DRESS SAGE GREEN S-M,55036,14,0,0,60956,853384,0
Feb-2026,TIGALAPANKAOS PALU,DRESS MAMU,DRESS SAGE GREEN S-M,0,14,0,0,60956,853384,853384
Mar-2026,TIGALAPANKAOS PALU,DRESS MAMU,DRESS SAGE GREEN S-M,55036,13,0,0,60956,792428,853384
Apr-2026,TIGALAPANKAOS PALU,DRESS MAMU,DRESS SAGE GREEN S-M,0,13,0,0,60956,792428,792428
Mei-2026,TIGALAPANKAOS PALU,DRESS MAMU,DRESS SAGE GREEN S-M,0,13,0,0,60956,792428,792428
Jun-2026,TIGALAPANKAOS PALU,DRESS MAMU,DRESS SAGE GREEN S-M,0,13,0,0,60956,792428,792428
Jul-2026,TIGALAPANKAOS PALU,DRESS MAMU,DRESS SAGE GREEN S-M,0,13,0,0,60956,792428,792428
Agu-2026,TIGALAPANKAOS PALU,DRESS MAMU,DRESS SAGE GREEN S-M,0,13,0,0,60956,792428,792428
Sep-2026,TIGALAPANKAOS PALU,DRESS MAMU,DRESS SAGE GREEN S-M,0,13,0,0,60956,792428,792428
Okt-2026,TIGALAPANKAOS PALU,DRESS MAMU,DRESS SAGE GREEN S-M,0,13,0,0,60956,792428,792428
Mar-2026,TIGALAPANKAOS PALU,DRESS MAMU,DRESS TOFFEE L-XL,0,5,0,0,56649,283245,0
Apr-2026,TIGALAPANKAOS PALU,DRESS MAMU,DRESS TOFFEE L-XL,0,5,0,0,56649,283245,283245
Mei-2026,TIGALAPANKAOS PALU,DRESS MAMU,DRESS TOFFEE L-XL,0,5,0,0,56649,283245,283245
Jun-2026,TIGALAPANKAOS PALU,DRESS MAMU,DRESS TOFFEE L-XL,0,5,0,0,56649,283245,283245
Jul-2026,TIGALAPANKAOS PALU,DRESS MAMU,DRESS TOFFEE L-XL,113298,3,0,0,56649,169947,283245
Agu-2026,TIGALAPANKAOS PALU,DRESS MAMU,DRESS TOFFEE L-XL,-111536,3,0,0,56649,169947,169947
Sep-2026,TIGALAPANKAOS PALU,DRESS MAMU,DRESS TOFFEE L-XL,0,5,0,0,56649,283245,169947
Okt-2026,TIGALAPANKAOS PALU,DRESS MAMU,DRESS TOFFEE L-XL,0,5,0,0,56649,283245,283245
Mar-2026,TIGALAPANKAOS PALU,DRESS MAMU,DRESS TOFFEE PJG L-XL,78033,4,0,0,78033,312132,0
Apr-2026,TIGALAPANKAOS PALU,DRESS MAMU,DRESS TOFFEE PJG L-XL,78033,3,0,0,78033,234099,312132
Mei-2026,TIGALAPANKAOS PALU,DRESS MAMU,DRESS TOFFEE PJG L-XL,78033,2,0,0,78033,156066,234099
Jun-2026,TIGALAPANKAOS PALU,DRESS MAMU,DRESS TOFFEE PJG L-XL,0,2,0,0,78033,156066,156066
Jul-2026,TIGALAPANKAOS PALU,DRESS MAMU,DRESS TOFFEE PJG L-XL,78033,1,0,0,78033,78033,156066
Agu-2026,TIGALAPANKAOS PALU,DRESS MAMU,DRESS TOFFEE PJG L-XL,0,1,0,0,78033,78033,78033
Sep-2026,TIGALAPANKAOS PALU,DRESS MAMU,DRESS TOFFEE PJG L-XL,0,1,0,0,78033,78033,78033
Okt-2026,TIGALAPANKAOS PALU,DRESS MAMU,DRESS TOFFEE PJG L-XL,0,1,0,0,78033,78033,78033
Jan-2026,TIGALAPANKAOS PALU,DRESS MAMU,DRESS TOFFEE PJG S-M,214623,11,0,0,78033,858363,0
Feb-2026,TIGALAPANKAOS PALU,DRESS MAMU,DRESS TOFFEE PJG S-M,0,10,0,0,78033,780330,858363
Mar-2026,TIGALAPANKAOS PALU,DRESS MAMU,DRESS TOFFEE PJG S-M,429246,4,0,0,78033,312132,780330
Apr-2026,TIGALAPANKAOS PALU,DRESS MAMU,DRESS TOFFEE PJG S-M,71541,3,0,0,78033,234099,312132
Mei-2026,TIGALAPANKAOS PALU,DRESS MAMU,DRESS TOFFEE PJG S-M,0,4,0,0,78033,312132,234099
Jun-2026,TIGALAPANKAOS PALU,DRESS MAMU,DRESS TOFFEE PJG S-M,0,4,0,0,78033,312132,312132
Jul-2026,TIGALAPANKAOS PALU,DRESS MAMU,DRESS TOFFEE PJG S-M,0,4,0,0,78033,312132,312132
Agu-2026,TIGALAPANKAOS PALU,DRESS MAMU,DRESS TOFFEE PJG S-M,73164,3,0,0,78033,234099,312132
Sep-2026,TIGALAPANKAOS PALU,DRESS MAMU,DRESS TOFFEE PJG S-M,0,3,0,0,78033,234099,234099
Okt-2026,TIGALAPANKAOS PALU,DRESS MAMU,DRESS TOFFEE PJG S-M,0,3,0,0,78033,234099,234099
Jan-2026,TIGALAPANKAOS PALU,DRESS MAMU,DRESS TOFFEE S-M,52864,16,0,0,56649,906384,0
Feb-2026,TIGALAPANKAOS PALU,DRESS MAMU,DRESS TOFFEE S-M,0,16,0,0,56649,906384,906384
Mar-2026,TIGALAPANKAOS PALU,DRESS MAMU,DRESS TOFFEE S-M,158592,13,0,0,56649,736437,906384
Apr-2026,TIGALAPANKAOS PALU,DRESS MAMU,DRESS TOFFEE S-M,0,13,0,0,56649,736437,736437
Mei-2026,TIGALAPANKAOS PALU,DRESS MAMU,DRESS TOFFEE S-M,0,13,0,0,56649,736437,736437
Jun-2026,TIGALAPANKAOS PALU,DRESS MAMU,DRESS TOFFEE S-M,0,13,0,0,56649,736437,736437
Jul-2026,TIGALAPANKAOS PALU,DRESS MAMU,DRESS TOFFEE S-M,0,13,0,0,56649,736437,736437
Agu-2026,TIGALAPANKAOS PALU,DRESS MAMU,DRESS TOFFEE S-M,-52864,12,0,0,56649,679788,736437
Sep-2026,TIGALAPANKAOS PALU,DRESS MAMU,DRESS TOFFEE S-M,0,14,0,0,56649,793086,679788
Okt-2026,TIGALAPANKAOS PALU,DRESS MAMU,DRESS TOFFEE S-M,0,14,0,0,56649,793086,793086
Feb-2026,TIGALAPANKAOS PALU,DRESS MAMU,DRESS TWILIGHT MAUVE L-XL,0,10,0,0,60287,602870,0
Mar-2026,TIGALAPANKAOS PALU,DRESS MAMU,DRESS TWILIGHT MAUVE L-XL,0,10,0,0,60287,602870,602870
Apr-2026,TIGALAPANKAOS PALU,DRESS MAMU,DRESS TWILIGHT MAUVE L-XL,0,10,0,0,60287,602870,602870
Mei-2026,TIGALAPANKAOS PALU,DRESS MAMU,DRESS TWILIGHT MAUVE L-XL,0,10,0,0,60287,602870,602870
Jun-2026,TIGALAPANKAOS PALU,DRESS MAMU,DRESS TWILIGHT MAUVE L-XL,0,10,0,0,60287,602870,602870
Jul-2026,TIGALAPANKAOS PALU,DRESS MAMU,DRESS TWILIGHT MAUVE L-XL,0,10,0,0,60287,602870,602870
Agu-2026,TIGALAPANKAOS PALU,DRESS MAMU,DRESS TWILIGHT MAUVE L-XL,0,10,0,0,60287,602870,602870
Sep-2026,TIGALAPANKAOS PALU,DRESS MAMU,DRESS TWILIGHT MAUVE L-XL,60287,9,0,0,60287,542583,602870
Okt-2026,TIGALAPANKAOS PALU,DRESS MAMU,DRESS TWILIGHT MAUVE L-XL,0,9,0,0,60287,542583,542583
Feb-2026,TIGALAPANKAOS PALU,DRESS MAMU,DRESS TWILIGHT MAUVE PJG L-XL,0,10,0,0,83490,834900,0
Mar-2026,TIGALAPANKAOS PALU,DRESS MAMU,DRESS TWILIGHT MAUVE PJG L-XL,0,10,0,0,83490,834900,834900
Apr-2026,TIGALAPANKAOS PALU,DRESS MAMU,DRESS TWILIGHT MAUVE PJG L-XL,83490,9,0,0,83490,751410,834900
Mei-2026,TIGALAPANKAOS PALU,DRESS MAMU,DRESS TWILIGHT MAUVE PJG L-XL,0,9,0,0,83490,751410,751410
Jun-2026,TIGALAPANKAOS PALU,DRESS MAMU,DRESS TWILIGHT MAUVE PJG L-XL,83490,8,0,0,83490,667920,751410
Jul-2026,TIGALAPANKAOS PALU,DRESS MAMU,DRESS TWILIGHT MAUVE PJG L-XL,83490,7,0,0,83490,584430,667920
Agu-2026,TIGALAPANKAOS PALU,DRESS MAMU,DRESS TWILIGHT MAUVE PJG L-XL,83490,6,0,0,83490,500940,584430
Sep-2026,TIGALAPANKAOS PALU,DRESS MAMU,DRESS TWILIGHT MAUVE PJG L-XL,0,6,0,0,83490,500940,500940
Okt-2026,TIGALAPANKAOS PALU,DRESS MAMU,DRESS TWILIGHT MAUVE PJG L-XL,0,6,0,0,83490,500940,500940
Jan-2026,TIGALAPANKAOS PALU,DRESS MAMU,DRESS TWILIGHT MAUVE PJG S-M,0,12,0,0,83490,1001880,0
Feb-2026,TIGALAPANKAOS PALU,DRESS MAMU,DRESS TWILIGHT MAUVE PJG S-M,0,12,0,0,83490,1001880,1001880
Mar-2026,TIGALAPANKAOS PALU,DRESS MAMU,DRESS TWILIGHT MAUVE PJG S-M,220599,9,0,0,83490,751410,1001880
Apr-2026,TIGALAPANKAOS PALU,DRESS MAMU,DRESS TWILIGHT MAUVE PJG S-M,73533,8,0,0,83490,667920,751410
Mei-2026,TIGALAPANKAOS PALU,DRESS MAMU,DRESS TWILIGHT MAUVE PJG S-M,0,8,0,0,83490,667920,667920
Jun-2026,TIGALAPANKAOS PALU,DRESS MAMU,DRESS TWILIGHT MAUVE PJG S-M,0,8,0,0,83490,667920,667920
Jul-2026,TIGALAPANKAOS PALU,DRESS MAMU,DRESS TWILIGHT MAUVE PJG S-M,0,8,0,0,83490,667920,667920
Agu-2026,TIGALAPANKAOS PALU,DRESS MAMU,DRESS TWILIGHT MAUVE PJG S-M,0,8,0,0,83490,667920,667920
Sep-2026,TIGALAPANKAOS PALU,DRESS MAMU,DRESS TWILIGHT MAUVE PJG S-M,0,8,0,0,83490,667920,667920
Okt-2026,TIGALAPANKAOS PALU,DRESS MAMU,DRESS TWILIGHT MAUVE PJG S-M,0,8,0,0,83490,667920,667920
Jan-2026,TIGALAPANKAOS PALU,DRESS MAMU,DRESS TWILIGHT MAUVE S-M,53575,16,0,0,60287,964592,0
Feb-2026,TIGALAPANKAOS PALU,DRESS MAMU,DRESS TWILIGHT MAUVE S-M,0,16,0,0,60287,964592,964592
Mar-2026,TIGALAPANKAOS PALU,DRESS MAMU,DRESS TWILIGHT MAUVE S-M,107150,14,0,0,60287,844018,964592
Apr-2026,TIGALAPANKAOS PALU,DRESS MAMU,DRESS TWILIGHT MAUVE S-M,0,14,0,0,60287,844018,844018
Mei-2026,TIGALAPANKAOS PALU,DRESS MAMU,DRESS TWILIGHT MAUVE S-M,0,14,0,0,60287,844018,844018
Jun-2026,TIGALAPANKAOS PALU,DRESS MAMU,DRESS TWILIGHT MAUVE S-M,0,14,0,0,60287,844018,844018
Jul-2026,TIGALAPANKAOS PALU,DRESS MAMU,DRESS TWILIGHT MAUVE S-M,0,14,0,0,60287,844018,844018
Agu-2026,TIGALAPANKAOS PALU,DRESS MAMU,DRESS TWILIGHT MAUVE S-M,53575,14,0,0,60287,844018,844018
Sep-2026,TIGALAPANKAOS PALU,DRESS MAMU,DRESS TWILIGHT MAUVE S-M,0,13,0,0,60287,783731,844018
Okt-2026,TIGALAPANKAOS PALU,DRESS MAMU,DRESS TWILIGHT MAUVE S-M,0,13,0,0,60287,783731,783731
Apr-2026,TIGALAPANKAOS POLMAN,DRESS MAMU,DRESS DENIM BLUE L-XL,0,2,0,0,61749,123498,0
Mei-2026,TIGALAPANKAOS POLMAN,DRESS MAMU,DRESS DENIM BLUE L-XL,0,2,0,0,61749,123498,123498
Jun-2026,TIGALAPANKAOS POLMAN,DRESS MAMU,DRESS DENIM BLUE L-XL,61749,1,0,0,61749,61749,123498
Jul-2026,TIGALAPANKAOS POLMAN,DRESS MAMU,DRESS DENIM BLUE L-XL,0,1,0,0,61749,61749,61749
Agu-2026,TIGALAPANKAOS POLMAN,DRESS MAMU,DRESS DENIM BLUE L-XL,0,1,0,0,61749,61749,61749
Sep-2026,TIGALAPANKAOS POLMAN,DRESS MAMU,DRESS DENIM BLUE L-XL,0,0,0,0,61749,0,61749
Apr-2026,TIGALAPANKAOS POLMAN,DRESS MAMU,DRESS DENIM BLUE S-M,0,2,0,0,61749,123498,0
Mei-2026,TIGALAPANKAOS POLMAN,DRESS MAMU,DRESS DENIM BLUE S-M,0,2,0,0,61749,123498,123498
Jun-2026,TIGALAPANKAOS POLMAN,DRESS MAMU,DRESS DENIM BLUE S-M,0,2,0,0,61749,123498,123498
Jul-2026,TIGALAPANKAOS POLMAN,DRESS MAMU,DRESS DENIM BLUE S-M,0,2,0,0,61749,123498,123498
Agu-2026,TIGALAPANKAOS POLMAN,DRESS MAMU,DRESS DENIM BLUE S-M,0,2,0,0,61749,123498,123498
Sep-2026,TIGALAPANKAOS POLMAN,DRESS MAMU,DRESS DENIM BLUE S-M,0,0,0,0,61749,0,123498
Apr-2026,TIGALAPANKAOS POLMAN,DRESS MAMU,DRESS JET BLACK L-XL,0,2,0,0,63759,127518,0
Mei-2026,TIGALAPANKAOS POLMAN,DRESS MAMU,DRESS JET BLACK L-XL,0,2,0,0,63759,127518,127518
Jun-2026,TIGALAPANKAOS POLMAN,DRESS MAMU,DRESS JET BLACK L-XL,0,2,0,0,63759,127518,127518
Jul-2026,TIGALAPANKAOS POLMAN,DRESS MAMU,DRESS JET BLACK L-XL,0,2,0,0,63759,127518,127518
Agu-2026,TIGALAPANKAOS POLMAN,DRESS MAMU,DRESS JET BLACK L-XL,0,2,0,0,63759,127518,127518
Sep-2026,TIGALAPANKAOS POLMAN,DRESS MAMU,DRESS JET BLACK L-XL,0,0,0,0,63759,0,127518
Mei-2026,TIGALAPANKAOS POLMAN,DRESS MAMU,DRESS JET BLACK PJG L-XL,88697,2,0,0,88697,177394,0
Jun-2026,TIGALAPANKAOS POLMAN,DRESS MAMU,DRESS JET BLACK PJG L-XL,0,2,0,0,88697,177394,177394
Jul-2026,TIGALAPANKAOS POLMAN,DRESS MAMU,DRESS JET BLACK PJG L-XL,0,2,0,0,88697,177394,177394
Agu-2026,TIGALAPANKAOS POLMAN,DRESS MAMU,DRESS JET BLACK PJG L-XL,0,2,0,0,88697,177394,177394
Sep-2026,TIGALAPANKAOS POLMAN,DRESS MAMU,DRESS JET BLACK PJG L-XL,0,0,0,0,88697,0,177394
Apr-2026,TIGALAPANKAOS POLMAN,DRESS MAMU,DRESS JET BLACK PJG S-M,71420,1,0,0,71420,71420,0
Mei-2026,TIGALAPANKAOS POLMAN,DRESS MAMU,DRESS JET BLACK PJG S-M,0,1,0,0,71420,71420,71420
Jun-2026,TIGALAPANKAOS POLMAN,DRESS MAMU,DRESS JET BLACK PJG S-M,0,1,0,0,71420,71420,71420
Jul-2026,TIGALAPANKAOS POLMAN,DRESS MAMU,DRESS JET BLACK PJG S-M,0,1,0,0,71420,71420,71420
Agu-2026,TIGALAPANKAOS POLMAN,DRESS MAMU,DRESS JET BLACK PJG S-M,0,1,0,0,71420,71420,71420
Sep-2026,TIGALAPANKAOS POLMAN,DRESS MAMU,DRESS JET BLACK PJG S-M,0,0,0,0,71420,0,71420
Apr-2026,TIGALAPANKAOS POLMAN,DRESS MAMU,DRESS JET BLACK S-M,0,2,0,0,52378,104756,0
Mei-2026,TIGALAPANKAOS POLMAN,DRESS MAMU,DRESS JET BLACK S-M,0,2,0,0,52378,104756,104756
Jun-2026,TIGALAPANKAOS POLMAN,DRESS MAMU,DRESS JET BLACK S-M,0,2,0,0,52378,104756,104756
Jul-2026,TIGALAPANKAOS POLMAN,DRESS MAMU,DRESS JET BLACK S-M,0,2,0,0,52378,104756,104756
Agu-2026,TIGALAPANKAOS POLMAN,DRESS MAMU,DRESS JET BLACK S-M,0,2,0,0,52378,104756,104756
Sep-2026,TIGALAPANKAOS POLMAN,DRESS MAMU,DRESS JET BLACK S-M,0,0,0,0,52378,0,104756
Apr-2026,TIGALAPANKAOS POLMAN,DRESS MAMU,DRESS LIGHT BROWN S-M,0,1,0,0,59658,59658,0
Mei-2026,TIGALAPANKAOS POLMAN,DRESS MAMU,DRESS LIGHT BROWN S-M,59658,0,0,0,59658,0,59658
Apr-2026,TIGALAPANKAOS POLMAN,DRESS MAMU,DRESS SAGE GREEN L-XL,0,2,0,0,60956,121912,0
Mei-2026,TIGALAPANKAOS POLMAN,DRESS MAMU,DRESS SAGE GREEN L-XL,60956,1,0,0,60956,60956,121912
Jun-2026,TIGALAPANKAOS POLMAN,DRESS MAMU,DRESS SAGE GREEN L-XL,0,1,0,0,60956,60956,60956
Jul-2026,TIGALAPANKAOS POLMAN,DRESS MAMU,DRESS SAGE GREEN L-XL,0,1,0,0,60956,60956,60956
Agu-2026,TIGALAPANKAOS POLMAN,DRESS MAMU,DRESS SAGE GREEN L-XL,0,1,0,0,60956,60956,60956
Sep-2026,TIGALAPANKAOS POLMAN,DRESS MAMU,DRESS SAGE GREEN L-XL,0,0,0,0,60956,0,60956
Apr-2026,TIGALAPANKAOS POLMAN,DRESS MAMU,DRESS SAGE GREEN S-M,0,2,0,0,60956,121912,0
Mei-2026,TIGALAPANKAOS POLMAN,DRESS MAMU,DRESS SAGE GREEN S-M,0,2,0,0,60956,121912,121912
Jun-2026,TIGALAPANKAOS POLMAN,DRESS MAMU,DRESS SAGE GREEN S-M,0,2,0,0,60956,121912,121912
Jul-2026,TIGALAPANKAOS POLMAN,DRESS MAMU,DRESS SAGE GREEN S-M,0,2,0,0,60956,121912,121912
Agu-2026,TIGALAPANKAOS POLMAN,DRESS MAMU,DRESS SAGE GREEN S-M,0,2,0,0,60956,121912,121912
Sep-2026,TIGALAPANKAOS POLMAN,DRESS MAMU,DRESS SAGE GREEN S-M,0,0,0,0,60956,0,121912
Agu-2026,TIGALAPANKAOS SAMARINDA,DRESS MAMU,DRESS DENIM BLUE 2XL,0,0,1,0,55575,55575,0
Sep-2026,TIGALAPANKAOS SAMARINDA,DRESS MAMU,DRESS DENIM BLUE 2XL,55575,0,0,0,55575,0,55575
Jan-2026,TIGALAPANKAOS SAMARINDA,DRESS MAMU,DRESS DENIM BLUE L-XL,0,1,0,0,61749,61749,0
Feb-2026,TIGALAPANKAOS SAMARINDA,DRESS MAMU,DRESS DENIM BLUE L-XL,0,1,0,0,61749,61749,61749
Mar-2026,TIGALAPANKAOS SAMARINDA,DRESS MAMU,DRESS DENIM BLUE L-XL,0,1,0,0,61749,61749,61749
Apr-2026,TIGALAPANKAOS SAMARINDA,DRESS MAMU,DRESS DENIM BLUE L-XL,0,1,2,0,61749,185247,61749
Mei-2026,TIGALAPANKAOS SAMARINDA,DRESS MAMU,DRESS DENIM BLUE L-XL,0,3,0,0,61749,185247,185247
Jun-2026,TIGALAPANKAOS SAMARINDA,DRESS MAMU,DRESS DENIM BLUE L-XL,0,3,0,0,61749,185247,185247
Jul-2026,TIGALAPANKAOS SAMARINDA,DRESS MAMU,DRESS DENIM BLUE L-XL,0,3,0,0,61749,185247,185247
Agu-2026,TIGALAPANKAOS SAMARINDA,DRESS MAMU,DRESS DENIM BLUE L-XL,0,3,0,0,61749,185247,185247
Sep-2026,TIGALAPANKAOS SAMARINDA,DRESS MAMU,DRESS DENIM BLUE L-XL,0,3,0,0,61749,185247,185247
Okt-2026,TIGALAPANKAOS SAMARINDA,DRESS MAMU,DRESS DENIM BLUE L-XL,0,3,0,0,61749,185247,185247
Jan-2026,TIGALAPANKAOS SAMARINDA,DRESS MAMU,DRESS DENIM BLUE PJG L-XL,0,1,0,0,85682,85682,0
Feb-2026,TIGALAPANKAOS SAMARINDA,DRESS MAMU,DRESS DENIM BLUE PJG L-XL,0,1,0,0,85682,85682,85682
Mar-2026,TIGALAPANKAOS SAMARINDA,DRESS MAMU,DRESS DENIM BLUE PJG L-XL,0,1,0,0,85682,85682,85682
Apr-2026,TIGALAPANKAOS SAMARINDA,DRESS MAMU,DRESS DENIM BLUE PJG L-XL,0,1,0,0,85682,85682,85682
Mei-2026,TIGALAPANKAOS SAMARINDA,DRESS MAMU,DRESS DENIM BLUE PJG L-XL,0,1,0,0,85682,85682,85682
Jun-2026,TIGALAPANKAOS SAMARINDA,DRESS MAMU,DRESS DENIM BLUE PJG L-XL,0,1,0,0,85682,85682,85682
Jul-2026,TIGALAPANKAOS SAMARINDA,DRESS MAMU,DRESS DENIM BLUE PJG L-XL,0,1,0,0,85682,85682,85682
Agu-2026,TIGALAPANKAOS SAMARINDA,DRESS MAMU,DRESS DENIM BLUE PJG L-XL,77782,0,0,0,85682,0,85682
Jan-2026,TIGALAPANKAOS SAMARINDA,DRESS MAMU,DRESS DENIM BLUE PJG S-M,0,9,0,0,70137,631233,0
Feb-2026,TIGALAPANKAOS SAMARINDA,DRESS MAMU,DRESS DENIM BLUE PJG S-M,70137,8,0,0,70137,561096,631233
Mar-2026,TIGALAPANKAOS SAMARINDA,DRESS MAMU,DRESS DENIM BLUE PJG S-M,0,8,0,0,70137,561096,561096
Apr-2026,TIGALAPANKAOS SAMARINDA,DRESS MAMU,DRESS DENIM BLUE PJG S-M,0,8,0,0,70137,561096,561096
Mei-2026,TIGALAPANKAOS SAMARINDA,DRESS MAMU,DRESS DENIM BLUE PJG S-M,0,8,0,0,70137,561096,561096
Jun-2026,TIGALAPANKAOS SAMARINDA,DRESS MAMU,DRESS DENIM BLUE PJG S-M,0,8,0,0,70137,561096,561096
Jul-2026,TIGALAPANKAOS SAMARINDA,DRESS MAMU,DRESS DENIM BLUE PJG S-M,70137,8,0,0,70137,561096,561096
Agu-2026,TIGALAPANKAOS SAMARINDA,DRESS MAMU,DRESS DENIM BLUE PJG S-M,0,7,0,0,70137,490959,561096
Sep-2026,TIGALAPANKAOS SAMARINDA,DRESS MAMU,DRESS DENIM BLUE PJG S-M,70137,6,0,0,70137,420822,490959
Okt-2026,TIGALAPANKAOS SAMARINDA,DRESS MAMU,DRESS DENIM BLUE PJG S-M,0,6,0,0,70137,420822,420822
Jan-2026,TIGALAPANKAOS SAMARINDA,DRESS MAMU,DRESS DENIM BLUE S-M,0,11,0,0,61749,679239,0
Feb-2026,TIGALAPANKAOS SAMARINDA,DRESS MAMU,DRESS DENIM BLUE S-M,0,11,0,0,61749,679239,679239
Mar-2026,TIGALAPANKAOS SAMARINDA,DRESS MAMU,DRESS DENIM BLUE S-M,0,11,0,0,61749,679239,679239
Apr-2026,TIGALAPANKAOS SAMARINDA,DRESS MAMU,DRESS DENIM BLUE S-M,0,11,0,0,61749,679239,679239
Mei-2026,TIGALAPANKAOS SAMARINDA,DRESS MAMU,DRESS DENIM BLUE S-M,51914,10,0,0,61749,617490,679239
Jun-2026,TIGALAPANKAOS SAMARINDA,DRESS MAMU,DRESS DENIM BLUE S-M,0,10,0,0,61749,617490,617490
Jul-2026,TIGALAPANKAOS SAMARINDA,DRESS MAMU,DRESS DENIM BLUE S-M,0,10,0,0,61749,617490,617490
Agu-2026,TIGALAPANKAOS SAMARINDA,DRESS MAMU,DRESS DENIM BLUE S-M,51914,9,0,0,61749,555741,617490
Sep-2026,TIGALAPANKAOS SAMARINDA,DRESS MAMU,DRESS DENIM BLUE S-M,0,9,0,0,61749,555741,555741
Okt-2026,TIGALAPANKAOS SAMARINDA,DRESS MAMU,DRESS DENIM BLUE S-M,0,9,0,0,61749,555741,555741
Jan-2026,TIGALAPANKAOS SAMARINDA,DRESS MAMU,DRESS JET BLACK L-XL,0,1,0,0,63759,63759,0
Feb-2026,TIGALAPANKAOS SAMARINDA,DRESS MAMU,DRESS JET BLACK L-XL,59827,0,0,0,63759,0,63759
Apr-2026,TIGALAPANKAOS SAMARINDA,DRESS MAMU,DRESS JET BLACK L-XL,0,0,2,0,63759,127518,0
Mei-2026,TIGALAPANKAOS SAMARINDA,DRESS MAMU,DRESS JET BLACK L-XL,0,2,0,0,63759,127518,127518
Jun-2026,TIGALAPANKAOS SAMARINDA,DRESS MAMU,DRESS JET BLACK L-XL,0,2,0,0,63759,127518,127518
Jul-2026,TIGALAPANKAOS SAMARINDA,DRESS MAMU,DRESS JET BLACK L-XL,0,2,0,0,63759,127518,127518
Agu-2026,TIGALAPANKAOS SAMARINDA,DRESS MAMU,DRESS JET BLACK L-XL,63759,1,0,0,63759,63759,127518
Sep-2026,TIGALAPANKAOS SAMARINDA,DRESS MAMU,DRESS JET BLACK L-XL,0,1,0,0,63759,63759,63759
Okt-2026,TIGALAPANKAOS SAMARINDA,DRESS MAMU,DRESS JET BLACK L-XL,0,1,0,0,63759,63759,63759
Jan-2026,TIGALAPANKAOS SAMARINDA,DRESS MAMU,DRESS JET BLACK PJG S-M,71309,47,0,0,71309,3351523,0
Feb-2026,TIGALAPANKAOS SAMARINDA,DRESS MAMU,DRESS JET BLACK PJG S-M,71309,46,0,0,71309,3280214,3351523
Mar-2026,TIGALAPANKAOS SAMARINDA,DRESS MAMU,DRESS JET BLACK PJG S-M,71309,24,0,0,71420,1714080,3280214
Apr-2026,TIGALAPANKAOS SAMARINDA,DRESS MAMU,DRESS JET BLACK PJG S-M,0,24,1,0,71420,1785500,1714080
Mei-2026,TIGALAPANKAOS SAMARINDA,DRESS MAMU,DRESS JET BLACK PJG S-M,0,25,0,0,71420,1785500,1785500
Jun-2026,TIGALAPANKAOS SAMARINDA,DRESS MAMU,DRESS JET BLACK PJG S-M,0,25,0,0,71420,1785500,1785500
Jul-2026,TIGALAPANKAOS SAMARINDA,DRESS MAMU,DRESS JET BLACK PJG S-M,0,25,0,0,71420,1785500,1785500
Agu-2026,TIGALAPANKAOS SAMARINDA,DRESS MAMU,DRESS JET BLACK PJG S-M,0,25,0,0,71420,1785500,1785500
Sep-2026,TIGALAPANKAOS SAMARINDA,DRESS MAMU,DRESS JET BLACK PJG S-M,71313,24,0,0,71420,1714080,1785500
Okt-2026,TIGALAPANKAOS SAMARINDA,DRESS MAMU,DRESS JET BLACK PJG S-M,0,24,0,0,71420,1714080,1714080
Jan-2026,TIGALAPANKAOS SAMARINDA,DRESS MAMU,DRESS JET BLACK S-M,52559,38,0,0,51953,1974214,0
Feb-2026,TIGALAPANKAOS SAMARINDA,DRESS MAMU,DRESS JET BLACK S-M,0,38,0,0,51953,1974214,1974214
Mar-2026,TIGALAPANKAOS SAMARINDA,DRESS MAMU,DRESS JET BLACK S-M,105118,23,0,0,52378,1204694,1974214
Apr-2026,TIGALAPANKAOS SAMARINDA,DRESS MAMU,DRESS JET BLACK S-M,0,23,2,0,52378,1309450,1204694
Mei-2026,TIGALAPANKAOS SAMARINDA,DRESS MAMU,DRESS JET BLACK S-M,52545,24,0,0,52378,1257072,1309450
Jun-2026,TIGALAPANKAOS SAMARINDA,DRESS MAMU,DRESS JET BLACK S-M,0,24,0,0,52378,1257072,1257072
Jul-2026,TIGALAPANKAOS SAMARINDA,DRESS MAMU,DRESS JET BLACK S-M,0,24,0,0,52378,1257072,1257072
Agu-2026,TIGALAPANKAOS SAMARINDA,DRESS MAMU,DRESS JET BLACK S-M,0,24,0,0,52378,1257072,1257072
Sep-2026,TIGALAPANKAOS SAMARINDA,DRESS MAMU,DRESS JET BLACK S-M,0,24,0,0,52378,1257072,1257072
Okt-2026,TIGALAPANKAOS SAMARINDA,DRESS MAMU,DRESS JET BLACK S-M,0,24,0,0,52378,1257072,1257072
Jan-2026,TIGALAPANKAOS SAMARINDA,DRESS MAMU,DRESS LIGHT BROWN 2XL,0,1,0,0,54611,54611,0
Feb-2026,TIGALAPANKAOS SAMARINDA,DRESS MAMU,DRESS LIGHT BROWN 2XL,0,1,0,0,54611,54611,54611
Mar-2026,TIGALAPANKAOS SAMARINDA,DRESS MAMU,DRESS LIGHT BROWN 2XL,0,1,0,0,54611,54611,54611
Apr-2026,TIGALAPANKAOS SAMARINDA,DRESS MAMU,DRESS LIGHT BROWN 2XL,0,1,0,0,54611,54611,54611
Mei-2026,TIGALAPANKAOS SAMARINDA,DRESS MAMU,DRESS LIGHT BROWN 2XL,0,1,0,0,54611,54611,54611
Jun-2026,TIGALAPANKAOS SAMARINDA,DRESS MAMU,DRESS LIGHT BROWN 2XL,0,1,0,0,54611,54611,54611
Jul-2026,TIGALAPANKAOS SAMARINDA,DRESS MAMU,DRESS LIGHT BROWN 2XL,0,1,0,0,54611,54611,54611
Agu-2026,TIGALAPANKAOS SAMARINDA,DRESS MAMU,DRESS LIGHT BROWN 2XL,0,1,0,0,54611,54611,54611
Sep-2026,TIGALAPANKAOS SAMARINDA,DRESS MAMU,DRESS LIGHT BROWN 2XL,0,1,0,0,54611,54611,54611
Okt-2026,TIGALAPANKAOS SAMARINDA,DRESS MAMU,DRESS LIGHT BROWN 2XL,0,1,0,0,54611,54611,54611
Jan-2026,TIGALAPANKAOS SAMARINDA,DRESS MAMU,DRESS LIGHT BROWN L-XL,57818,0,0,0,59658,0,0
Jan-2026,TIGALAPANKAOS SAMARINDA,DRESS MAMU,DRESS LIGHT BROWN PJG L-XL,0,1,0,0,82546,82546,0
Feb-2026,TIGALAPANKAOS SAMARINDA,DRESS MAMU,DRESS LIGHT BROWN PJG L-XL,76336,0,0,0,82546,0,82546
Jan-2026,TIGALAPANKAOS SAMARINDA,DRESS MAMU,DRESS LIGHT BROWN PJG S-M,0,9,0,0,67918,611262,0
Feb-2026,TIGALAPANKAOS SAMARINDA,DRESS MAMU,DRESS LIGHT BROWN PJG S-M,68853,8,0,0,67918,543344,611262
Mar-2026,TIGALAPANKAOS SAMARINDA,DRESS MAMU,DRESS LIGHT BROWN PJG S-M,0,8,0,0,67918,543344,543344
Apr-2026,TIGALAPANKAOS SAMARINDA,DRESS MAMU,DRESS LIGHT BROWN PJG S-M,0,8,0,0,67918,543344,543344
Mei-2026,TIGALAPANKAOS SAMARINDA,DRESS MAMU,DRESS LIGHT BROWN PJG S-M,0,8,0,0,67918,543344,543344
Jun-2026,TIGALAPANKAOS SAMARINDA,DRESS MAMU,DRESS LIGHT BROWN PJG S-M,0,8,0,0,67918,543344,543344
Jul-2026,TIGALAPANKAOS SAMARINDA,DRESS MAMU,DRESS LIGHT BROWN PJG S-M,0,8,0,0,67918,543344,543344
Agu-2026,TIGALAPANKAOS SAMARINDA,DRESS MAMU,DRESS LIGHT BROWN PJG S-M,0,8,0,0,67918,543344,543344
Sep-2026,TIGALAPANKAOS SAMARINDA,DRESS MAMU,DRESS LIGHT BROWN PJG S-M,0,8,0,0,67918,543344,543344
Okt-2026,TIGALAPANKAOS SAMARINDA,DRESS MAMU,DRESS LIGHT BROWN PJG S-M,0,8,0,0,67918,543344,543344
Jan-2026,TIGALAPANKAOS SAMARINDA,DRESS MAMU,DRESS LIGHT BROWN S-M,0,11,0,0,59658,656238,0
Feb-2026,TIGALAPANKAOS SAMARINDA,DRESS MAMU,DRESS LIGHT BROWN S-M,0,11,0,0,59658,656238,656238
Mar-2026,TIGALAPANKAOS SAMARINDA,DRESS MAMU,DRESS LIGHT BROWN S-M,50572,10,0,0,59658,596580,656238
Apr-2026,TIGALAPANKAOS SAMARINDA,DRESS MAMU,DRESS LIGHT BROWN S-M,0,10,0,0,59658,596580,596580
Mei-2026,TIGALAPANKAOS SAMARINDA,DRESS MAMU,DRESS LIGHT BROWN S-M,50572,9,0,0,59658,536922,596580
Jun-2026,TIGALAPANKAOS SAMARINDA,DRESS MAMU,DRESS LIGHT BROWN S-M,0,9,0,0,59658,536922,536922
Jul-2026,TIGALAPANKAOS SAMARINDA,DRESS MAMU,DRESS LIGHT BROWN S-M,0,9,0,0,59658,536922,536922
Agu-2026,TIGALAPANKAOS SAMARINDA,DRESS MAMU,DRESS LIGHT BROWN S-M,0,9,0,0,59658,536922,536922
Sep-2026,TIGALAPANKAOS SAMARINDA,DRESS MAMU,DRESS LIGHT BROWN S-M,0,9,0,0,59658,536922,536922
Okt-2026,TIGALAPANKAOS SAMARINDA,DRESS MAMU,DRESS LIGHT BROWN S-M,0,9,0,0,59658,536922,536922
Jan-2026,TIGALAPANKAOS SAMARINDA,DRESS MAMU,DRESS SAGE GREEN 2XL,0,1,0,0,56978,56978,0
Feb-2026,TIGALAPANKAOS SAMARINDA,DRESS MAMU,DRESS SAGE GREEN 2XL,0,1,0,0,56978,56978,56978
Mar-2026,TIGALAPANKAOS SAMARINDA,DRESS MAMU,DRESS SAGE GREEN 2XL,0,1,0,0,56978,56978,56978
Apr-2026,TIGALAPANKAOS SAMARINDA,DRESS MAMU,DRESS SAGE GREEN 2XL,0,1,0,0,56978,56978,56978
Mei-2026,TIGALAPANKAOS SAMARINDA,DRESS MAMU,DRESS SAGE GREEN 2XL,0,1,0,0,56978,56978,56978
Jun-2026,TIGALAPANKAOS SAMARINDA,DRESS MAMU,DRESS SAGE GREEN 2XL,0,1,0,0,56978,56978,56978
Jul-2026,TIGALAPANKAOS SAMARINDA,DRESS MAMU,DRESS SAGE GREEN 2XL,0,1,0,0,56978,56978,56978
Agu-2026,TIGALAPANKAOS SAMARINDA,DRESS MAMU,DRESS SAGE GREEN 2XL,0,1,0,0,56978,56978,56978
Sep-2026,TIGALAPANKAOS SAMARINDA,DRESS MAMU,DRESS SAGE GREEN 2XL,0,1,0,0,56978,56978,56978
Okt-2026,TIGALAPANKAOS SAMARINDA,DRESS MAMU,DRESS SAGE GREEN 2XL,56978,0,0,0,56978,0,56978
Apr-2026,TIGALAPANKAOS SAMARINDA,DRESS MAMU,DRESS SAGE GREEN L-XL,0,0,5,0,60956,304780,0
Mei-2026,TIGALAPANKAOS SAMARINDA,DRESS MAMU,DRESS SAGE GREEN L-XL,0,3,0,0,60956,182868,304780
Jun-2026,TIGALAPANKAOS SAMARINDA,DRESS MAMU,DRESS SAGE GREEN L-XL,0,3,0,0,60956,182868,182868
Jul-2026,TIGALAPANKAOS SAMARINDA,DRESS MAMU,DRESS SAGE GREEN L-XL,0,3,0,0,60956,182868,182868
Agu-2026,TIGALAPANKAOS SAMARINDA,DRESS MAMU,DRESS SAGE GREEN L-XL,0,3,0,0,60956,182868,182868
Sep-2026,TIGALAPANKAOS SAMARINDA,DRESS MAMU,DRESS SAGE GREEN L-XL,0,3,0,0,60956,182868,182868
Okt-2026,TIGALAPANKAOS SAMARINDA,DRESS MAMU,DRESS SAGE GREEN L-XL,0,3,0,0,60956,182868,182868
Jan-2026,TIGALAPANKAOS SAMARINDA,DRESS MAMU,DRESS SAGE GREEN PJG L-XL,0,1,0,0,84493,84493,0
Feb-2026,TIGALAPANKAOS SAMARINDA,DRESS MAMU,DRESS SAGE GREEN PJG L-XL,79887,0,0,0,84493,0,84493
Jan-2026,TIGALAPANKAOS SAMARINDA,DRESS MAMU,DRESS SAGE GREEN PJG S-M,0,9,0,0,72661,653949,0
Feb-2026,TIGALAPANKAOS SAMARINDA,DRESS MAMU,DRESS SAGE GREEN PJG S-M,146928,7,0,0,72661,508627,653949
Mar-2026,TIGALAPANKAOS SAMARINDA,DRESS MAMU,DRESS SAGE GREEN PJG S-M,0,7,0,0,72661,508627,508627
Apr-2026,TIGALAPANKAOS SAMARINDA,DRESS MAMU,DRESS SAGE GREEN PJG S-M,0,7,0,0,72661,508627,508627
Mei-2026,TIGALAPANKAOS SAMARINDA,DRESS MAMU,DRESS SAGE GREEN PJG S-M,0,7,0,0,72661,508627,508627
Jun-2026,TIGALAPANKAOS SAMARINDA,DRESS MAMU,DRESS SAGE GREEN PJG S-M,0,7,0,0,72661,508627,508627
Jul-2026,TIGALAPANKAOS SAMARINDA,DRESS MAMU,DRESS SAGE GREEN PJG S-M,0,7,0,0,72661,508627,508627
Agu-2026,TIGALAPANKAOS SAMARINDA,DRESS MAMU,DRESS SAGE GREEN PJG S-M,0,7,0,0,72661,508627,508627
Sep-2026,TIGALAPANKAOS SAMARINDA,DRESS MAMU,DRESS SAGE GREEN PJG S-M,0,7,0,0,72661,508627,508627
Okt-2026,TIGALAPANKAOS SAMARINDA,DRESS MAMU,DRESS SAGE GREEN PJG S-M,0,7,0,0,72661,508627,508627
Jan-2026,TIGALAPANKAOS SAMARINDA,DRESS MAMU,DRESS SAGE GREEN S-M,0,11,0,0,60956,670516,0
Feb-2026,TIGALAPANKAOS SAMARINDA,DRESS MAMU,DRESS SAGE GREEN S-M,0,11,0,0,60956,670516,670516
Mar-2026,TIGALAPANKAOS SAMARINDA,DRESS MAMU,DRESS SAGE GREEN S-M,53245,10,0,0,60956,609560,670516
Apr-2026,TIGALAPANKAOS SAMARINDA,DRESS MAMU,DRESS SAGE GREEN S-M,0,10,0,0,60956,609560,609560
Mei-2026,TIGALAPANKAOS SAMARINDA,DRESS MAMU,DRESS SAGE GREEN S-M,0,10,0,0,60956,609560,609560
Jun-2026,TIGALAPANKAOS SAMARINDA,DRESS MAMU,DRESS SAGE GREEN S-M,0,10,0,0,60956,609560,609560
Jul-2026,TIGALAPANKAOS SAMARINDA,DRESS MAMU,DRESS SAGE GREEN S-M,0,10,0,0,60956,609560,609560
Agu-2026,TIGALAPANKAOS SAMARINDA,DRESS MAMU,DRESS SAGE GREEN S-M,0,10,0,0,60956,609560,609560
Sep-2026,TIGALAPANKAOS SAMARINDA,DRESS MAMU,DRESS SAGE GREEN S-M,0,10,0,0,60956,609560,609560
Okt-2026,TIGALAPANKAOS SAMARINDA,DRESS MAMU,DRESS SAGE GREEN S-M,0,10,0,0,60956,609560,609560
Jan-2026,TIGALAPANKAOS SAMARINDA,DRESS MAMU,DRESS TOFFEE 2XL,0,1,0,0,55768,55768,0
Feb-2026,TIGALAPANKAOS SAMARINDA,DRESS MAMU,DRESS TOFFEE 2XL,0,1,0,0,55768,55768,55768
Mar-2026,TIGALAPANKAOS SAMARINDA,DRESS MAMU,DRESS TOFFEE 2XL,55768,0,0,0,55768,0,55768
Jan-2026,TIGALAPANKAOS SAMARINDA,DRESS MAMU,DRESS TOFFEE PJG S-M,0,9,0,0,78033,702297,0
Feb-2026,TIGALAPANKAOS SAMARINDA,DRESS MAMU,DRESS TOFFEE PJG S-M,0,9,0,0,78033,702297,702297
Mar-2026,TIGALAPANKAOS SAMARINDA,DRESS MAMU,DRESS TOFFEE PJG S-M,214623,6,0,0,78033,468198,702297
Apr-2026,TIGALAPANKAOS SAMARINDA,DRESS MAMU,DRESS TOFFEE PJG S-M,0,6,0,0,78033,468198,468198
Mei-2026,TIGALAPANKAOS SAMARINDA,DRESS MAMU,DRESS TOFFEE PJG S-M,0,6,0,0,78033,468198,468198
Jun-2026,TIGALAPANKAOS SAMARINDA,DRESS MAMU,DRESS TOFFEE PJG S-M,0,6,0,0,78033,468198,468198
Jul-2026,TIGALAPANKAOS SAMARINDA,DRESS MAMU,DRESS TOFFEE PJG S-M,0,6,0,0,78033,468198,468198
Agu-2026,TIGALAPANKAOS SAMARINDA,DRESS MAMU,DRESS TOFFEE PJG S-M,0,6,0,0,78033,468198,468198
Sep-2026,TIGALAPANKAOS SAMARINDA,DRESS MAMU,DRESS TOFFEE PJG S-M,0,6,0,0,78033,468198,468198
Okt-2026,TIGALAPANKAOS SAMARINDA,DRESS MAMU,DRESS TOFFEE PJG S-M,0,6,0,0,78033,468198,468198
Jan-2026,TIGALAPANKAOS SAMARINDA,DRESS MAMU,DRESS TOFFEE S-M,53427,10,0,0,56649,566490,0
Feb-2026,TIGALAPANKAOS SAMARINDA,DRESS MAMU,DRESS TOFFEE S-M,0,10,0,0,56649,566490,566490
Mar-2026,TIGALAPANKAOS SAMARINDA,DRESS MAMU,DRESS TOFFEE S-M,0,10,0,0,56649,566490,566490
Apr-2026,TIGALAPANKAOS SAMARINDA,DRESS MAMU,DRESS TOFFEE S-M,0,10,0,0,56649,566490,566490
Mei-2026,TIGALAPANKAOS SAMARINDA,DRESS MAMU,DRESS TOFFEE S-M,0,10,0,0,56649,566490,566490
Jun-2026,TIGALAPANKAOS SAMARINDA,DRESS MAMU,DRESS TOFFEE S-M,0,10,0,0,56649,566490,566490
Jul-2026,TIGALAPANKAOS SAMARINDA,DRESS MAMU,DRESS TOFFEE S-M,0,10,0,0,56649,566490,566490
Agu-2026,TIGALAPANKAOS SAMARINDA,DRESS MAMU,DRESS TOFFEE S-M,0,10,0,0,56649,566490,566490
Sep-2026,TIGALAPANKAOS SAMARINDA,DRESS MAMU,DRESS TOFFEE S-M,0,10,0,0,56649,566490,566490
Okt-2026,TIGALAPANKAOS SAMARINDA,DRESS MAMU,DRESS TOFFEE S-M,0,10,0,0,56649,566490,566490
Jan-2026,TIGALAPANKAOS SAMARINDA,DRESS MAMU,DRESS TWILIGHT MAUVE L-XL,0,1,0,0,60287,60287,0
Feb-2026,TIGALAPANKAOS SAMARINDA,DRESS MAMU,DRESS TWILIGHT MAUVE L-XL,0,1,0,0,60287,60287,60287
Mar-2026,TIGALAPANKAOS SAMARINDA,DRESS MAMU,DRESS TWILIGHT MAUVE L-XL,56101,0,0,0,60287,0,60287
Apr-2026,TIGALAPANKAOS SAMARINDA,DRESS MAMU,DRESS TWILIGHT MAUVE L-XL,0,0,5,0,60287,301435,0
Mei-2026,TIGALAPANKAOS SAMARINDA,DRESS MAMU,DRESS TWILIGHT MAUVE L-XL,0,5,0,0,60287,301435,301435
Jun-2026,TIGALAPANKAOS SAMARINDA,DRESS MAMU,DRESS TWILIGHT MAUVE L-XL,0,5,0,0,60287,301435,301435
Jul-2026,TIGALAPANKAOS SAMARINDA,DRESS MAMU,DRESS TWILIGHT MAUVE L-XL,0,5,0,0,60287,301435,301435
Agu-2026,TIGALAPANKAOS SAMARINDA,DRESS MAMU,DRESS TWILIGHT MAUVE L-XL,0,5,0,0,60287,301435,301435
Sep-2026,TIGALAPANKAOS SAMARINDA,DRESS MAMU,DRESS TWILIGHT MAUVE L-XL,0,5,0,0,60287,301435,301435
Okt-2026,TIGALAPANKAOS SAMARINDA,DRESS MAMU,DRESS TWILIGHT MAUVE L-XL,0,5,0,0,60287,301435,301435
Jan-2026,TIGALAPANKAOS SAMARINDA,DRESS MAMU,DRESS TWILIGHT MAUVE PJG L-XL,0,1,0,0,83490,83490,0
Feb-2026,TIGALAPANKAOS SAMARINDA,DRESS MAMU,DRESS TWILIGHT MAUVE PJG L-XL,0,1,0,0,83490,83490,83490
Mar-2026,TIGALAPANKAOS SAMARINDA,DRESS MAMU,DRESS TWILIGHT MAUVE PJG L-XL,0,1,0,0,83490,83490,83490
Apr-2026,TIGALAPANKAOS SAMARINDA,DRESS MAMU,DRESS TWILIGHT MAUVE PJG L-XL,0,1,0,0,83490,83490,83490
Mei-2026,TIGALAPANKAOS SAMARINDA,DRESS MAMU,DRESS TWILIGHT MAUVE PJG L-XL,0,1,0,0,83490,83490,83490
Jun-2026,TIGALAPANKAOS SAMARINDA,DRESS MAMU,DRESS TWILIGHT MAUVE PJG L-XL,0,1,0,0,83490,83490,83490
Jul-2026,TIGALAPANKAOS SAMARINDA,DRESS MAMU,DRESS TWILIGHT MAUVE PJG L-XL,0,1,0,0,83490,83490,83490
Agu-2026,TIGALAPANKAOS SAMARINDA,DRESS MAMU,DRESS TWILIGHT MAUVE PJG L-XL,0,1,0,0,83490,83490,83490
Sep-2026,TIGALAPANKAOS SAMARINDA,DRESS MAMU,DRESS TWILIGHT MAUVE PJG L-XL,0,1,0,0,83490,83490,83490
Okt-2026,TIGALAPANKAOS SAMARINDA,DRESS MAMU,DRESS TWILIGHT MAUVE PJG L-XL,0,1,0,0,83490,83490,83490
Jan-2026,TIGALAPANKAOS SAMARINDA,DRESS MAMU,DRESS TWILIGHT MAUVE PJG S-M,0,8,0,0,83490,667920,0
Feb-2026,TIGALAPANKAOS SAMARINDA,DRESS MAMU,DRESS TWILIGHT MAUVE PJG S-M,0,8,0,0,83490,667920,667920
Mar-2026,TIGALAPANKAOS SAMARINDA,DRESS MAMU,DRESS TWILIGHT MAUVE PJG S-M,0,8,0,0,83490,667920,667920
Apr-2026,TIGALAPANKAOS SAMARINDA,DRESS MAMU,DRESS TWILIGHT MAUVE PJG S-M,74163,7,0,0,83490,584430,667920
Mei-2026,TIGALAPANKAOS SAMARINDA,DRESS MAMU,DRESS TWILIGHT MAUVE PJG S-M,0,7,0,0,83490,584430,584430
Jun-2026,TIGALAPANKAOS SAMARINDA,DRESS MAMU,DRESS TWILIGHT MAUVE PJG S-M,0,7,0,0,83490,584430,584430
Jul-2026,TIGALAPANKAOS SAMARINDA,DRESS MAMU,DRESS TWILIGHT MAUVE PJG S-M,0,7,0,0,83490,584430,584430
Agu-2026,TIGALAPANKAOS SAMARINDA,DRESS MAMU,DRESS TWILIGHT MAUVE PJG S-M,0,7,0,0,83490,584430,584430
Sep-2026,TIGALAPANKAOS SAMARINDA,DRESS MAMU,DRESS TWILIGHT MAUVE PJG S-M,0,7,0,0,83490,584430,584430
Okt-2026,TIGALAPANKAOS SAMARINDA,DRESS MAMU,DRESS TWILIGHT MAUVE PJG S-M,0,7,0,0,83490,584430,584430
Jan-2026,TIGALAPANKAOS SAMARINDA,DRESS MAMU,DRESS TWILIGHT MAUVE S-M,0,10,0,0,60287,602870,0
Feb-2026,TIGALAPANKAOS SAMARINDA,DRESS MAMU,DRESS TWILIGHT MAUVE S-M,0,10,0,0,60287,602870,602870
Mar-2026,TIGALAPANKAOS SAMARINDA,DRESS MAMU,DRESS TWILIGHT MAUVE S-M,0,10,0,0,60287,602870,602870
Apr-2026,TIGALAPANKAOS SAMARINDA,DRESS MAMU,DRESS TWILIGHT MAUVE S-M,0,10,5,0,60287,904305,602870
Mei-2026,TIGALAPANKAOS SAMARINDA,DRESS MAMU,DRESS TWILIGHT MAUVE S-M,0,15,0,0,60287,904305,904305
Jun-2026,TIGALAPANKAOS SAMARINDA,DRESS MAMU,DRESS TWILIGHT MAUVE S-M,0,15,0,0,60287,904305,904305
Jul-2026,TIGALAPANKAOS SAMARINDA,DRESS MAMU,DRESS TWILIGHT MAUVE S-M,0,15,0,0,60287,904305,904305
Agu-2026,TIGALAPANKAOS SAMARINDA,DRESS MAMU,DRESS TWILIGHT MAUVE S-M,0,15,0,0,60287,904305,904305
Sep-2026,TIGALAPANKAOS SAMARINDA,DRESS MAMU,DRESS TWILIGHT MAUVE S-M,0,15,0,0,60287,904305,904305
Okt-2026,TIGALAPANKAOS SAMARINDA,DRESS MAMU,DRESS TWILIGHT MAUVE S-M,0,15,0,0,60287,904305,904305
Feb-2026,DC TIGALAPAN,DRESS MAMU,DRESS DENIM BLUE 2XL,0,7,0,0,55575,389025,0
Jan-2026,DC TIGALAPAN,DRESS MAMU,DRESS DENIM BLUE L-XL,0,61,0,0,61749,3766689,0
Feb-2026,DC TIGALAPAN,DRESS MAMU,DRESS DENIM BLUE L-XL,0,26,0,0,61749,1605474,3766689
Mar-2026,DC TIGALAPAN,DRESS MAMU,DRESS DENIM BLUE L-XL,0,18,0,0,61749,1111482,1605474
Apr-2026,DC TIGALAPAN,DRESS MAMU,DRESS DENIM BLUE L-XL,0,2,0,0,61749,123498,1111482
Mei-2026,DC TIGALAPAN,DRESS MAMU,DRESS DENIM BLUE L-XL,0,2,0,0,61749,123498,123498
Jun-2026,DC TIGALAPAN,DRESS MAMU,DRESS DENIM BLUE L-XL,0,2,0,0,61749,123498,123498
Jul-2026,DC TIGALAPAN,DRESS MAMU,DRESS DENIM BLUE L-XL,0,2,0,0,61749,123498,123498
Agu-2026,DC TIGALAPAN,DRESS MAMU,DRESS DENIM BLUE L-XL,0,2,0,0,61749,123498,123498
Sep-2026,DC TIGALAPAN,DRESS MAMU,DRESS DENIM BLUE L-XL,0,2,0,0,61749,123498,123498
Okt-2026,DC TIGALAPAN,DRESS MAMU,DRESS DENIM BLUE L-XL,0,2,0,0,61749,123498,123498
Jan-2026,DC TIGALAPAN,DRESS MAMU,DRESS DENIM BLUE PJG 2XL,0,4,0,0,85682,342728,0
Feb-2026,DC TIGALAPAN,DRESS MAMU,DRESS DENIM BLUE PJG 2XL,0,2,0,0,85682,171364,342728
Jan-2026,DC TIGALAPAN,DRESS MAMU,DRESS DENIM BLUE PJG L-XL,0,24,0,0,85682,2056368,0
Feb-2026,DC TIGALAPAN,DRESS MAMU,DRESS DENIM BLUE PJG L-XL,0,12,0,0,85682,1028184,2056368
Mar-2026,DC TIGALAPAN,DRESS MAMU,DRESS DENIM BLUE PJG L-XL,0,1,0,0,85682,85682,1028184
Jan-2026,DC TIGALAPAN,DRESS MAMU,DRESS DENIM BLUE S-M,0,29,0,0,61749,1790721,0
Feb-2026,DC TIGALAPAN,DRESS MAMU,DRESS DENIM BLUE S-M,0,29,0,0,61749,1790721,1790721
Mar-2026,DC TIGALAPAN,DRESS MAMU,DRESS DENIM BLUE S-M,0,21,0,0,61749,1296729,1790721
Apr-2026,DC TIGALAPAN,DRESS MAMU,DRESS DENIM BLUE S-M,0,17,0,0,61749,1049733,1296729
Mei-2026,DC TIGALAPAN,DRESS MAMU,DRESS DENIM BLUE S-M,0,17,0,0,61749,1049733,1049733
Jun-2026,DC TIGALAPAN,DRESS MAMU,DRESS DENIM BLUE S-M,0,19,0,0,61749,1173231,1049733
Jul-2026,DC TIGALAPAN,DRESS MAMU,DRESS DENIM BLUE S-M,0,19,0,0,61749,1173231,1173231
Agu-2026,DC TIGALAPAN,DRESS MAMU,DRESS DENIM BLUE S-M,0,19,0,0,61749,1173231,1173231
Sep-2026,DC TIGALAPAN,DRESS MAMU,DRESS DENIM BLUE S-M,0,19,0,0,61749,1173231,1173231
Okt-2026,DC TIGALAPAN,DRESS MAMU,DRESS DENIM BLUE S-M,0,19,0,0,61749,1173231,1173231
Feb-2026,DC TIGALAPAN,DRESS MAMU,DRESS JET BLACK 2XL,0,3,0,0,59827,179481,0
Jan-2026,DC TIGALAPAN,DRESS MAMU,DRESS JET BLACK L-XL,0,93,0,0,63759,5929587,0
Feb-2026,DC TIGALAPAN,DRESS MAMU,DRESS JET BLACK L-XL,0,63,0,0,63759,4016817,5929587
Mar-2026,DC TIGALAPAN,DRESS MAMU,DRESS JET BLACK L-XL,0,37,0,0,63759,2359083,4016817
Apr-2026,DC TIGALAPAN,DRESS MAMU,DRESS JET BLACK L-XL,0,19,0,0,63759,1211421,2359083
Mei-2026,DC TIGALAPAN,DRESS MAMU,DRESS JET BLACK L-XL,0,19,0,0,63759,1211421,1211421
Jun-2026,DC TIGALAPAN,DRESS MAMU,DRESS JET BLACK L-XL,0,19,0,0,63759,1211421,1211421
Jul-2026,DC TIGALAPAN,DRESS MAMU,DRESS JET BLACK L-XL,0,14,0,0,63759,892626,1211421
Agu-2026,DC TIGALAPAN,DRESS MAMU,DRESS JET BLACK L-XL,0,14,0,0,63759,892626,892626
Sep-2026,DC TIGALAPAN,DRESS MAMU,DRESS JET BLACK L-XL,0,14,0,0,63759,892626,892626
Okt-2026,DC TIGALAPAN,DRESS MAMU,DRESS JET BLACK L-XL,0,14,0,0,63759,892626,892626
Jan-2026,DC TIGALAPAN,DRESS MAMU,DRESS JET BLACK PJG 2XL,0,10,0,0,88697,886970,0
Jan-2026,DC TIGALAPAN,DRESS MAMU,DRESS JET BLACK PJG L-XL,0,31,0,0,88697,2749607,0
Feb-2026,DC TIGALAPAN,DRESS MAMU,DRESS JET BLACK PJG L-XL,0,11,0,0,88697,975667,2749607
Mar-2026,DC TIGALAPAN,DRESS MAMU,DRESS JET BLACK PJG L-XL,0,8,0,0,88697,709576,975667
Mar-2026,DC TIGALAPAN,DRESS MAMU,DRESS JET BLACK PJG S-M,0,133,0,0,71420,9498860,0
Apr-2026,DC TIGALAPAN,DRESS MAMU,DRESS JET BLACK PJG S-M,0,152,0,0,71420,10855840,9498860
Mei-2026,DC TIGALAPAN,DRESS MAMU,DRESS JET BLACK PJG S-M,0,152,0,0,71420,10855840,10855840
Jun-2026,DC TIGALAPAN,DRESS MAMU,DRESS JET BLACK PJG S-M,0,182,0,0,71420,12998440,10855840
Jul-2026,DC TIGALAPAN,DRESS MAMU,DRESS JET BLACK PJG S-M,0,182,0,0,71420,12998440,12998440
Agu-2026,DC TIGALAPAN,DRESS MAMU,DRESS JET BLACK PJG S-M,0,182,0,0,71420,12998440,12998440
Sep-2026,DC TIGALAPAN,DRESS MAMU,DRESS JET BLACK PJG S-M,0,184,0,0,71420,13141280,12998440
Okt-2026,DC TIGALAPAN,DRESS MAMU,DRESS JET BLACK PJG S-M,0,184,0,0,71420,13141280,13141280
Mar-2026,DC TIGALAPAN,DRESS MAMU,DRESS JET BLACK S-M,0,92,0,0,52378,4818776,0
Apr-2026,DC TIGALAPAN,DRESS MAMU,DRESS JET BLACK S-M,0,75,0,0,52378,3928350,4818776
Mei-2026,DC TIGALAPAN,DRESS MAMU,DRESS JET BLACK S-M,0,75,0,0,52378,3928350,3928350
Jun-2026,DC TIGALAPAN,DRESS MAMU,DRESS JET BLACK S-M,0,118,0,0,52378,6180604,3928350
Jul-2026,DC TIGALAPAN,DRESS MAMU,DRESS JET BLACK S-M,0,118,0,0,52378,6180604,6180604
Agu-2026,DC TIGALAPAN,DRESS MAMU,DRESS JET BLACK S-M,0,118,0,0,52378,6180604,6180604
Sep-2026,DC TIGALAPAN,DRESS MAMU,DRESS JET BLACK S-M,0,118,0,0,52378,6180604,6180604
Okt-2026,DC TIGALAPAN,DRESS MAMU,DRESS JET BLACK S-M,0,118,0,0,52378,6180604,6180604
Feb-2026,DC TIGALAPAN,DRESS MAMU,DRESS LIGHT BROWN 2XL,0,7,0,0,54611,382277,0
Mar-2026,DC TIGALAPAN,DRESS MAMU,DRESS LIGHT BROWN 2XL,0,1,0,0,54611,54611,382277
Jan-2026,DC TIGALAPAN,DRESS MAMU,DRESS LIGHT BROWN L-XL,0,28,0,0,59658,1670424,0
Feb-2026,DC TIGALAPAN,DRESS MAMU,DRESS LIGHT BROWN L-XL,0,14,0,0,59658,835212,1670424
Mar-2026,DC TIGALAPAN,DRESS MAMU,DRESS LIGHT BROWN L-XL,0,5,0,0,59658,298290,835212
Jan-2026,DC TIGALAPAN,DRESS MAMU,DRESS LIGHT BROWN PJG 2XL,0,4,0,0,82546,330184,0
Feb-2026,DC TIGALAPAN,DRESS MAMU,DRESS LIGHT BROWN PJG 2XL,0,2,0,0,82546,165092,330184
Jan-2026,DC TIGALAPAN,DRESS MAMU,DRESS LIGHT BROWN PJG L-XL,0,10,0,0,82546,825460,0
Feb-2026,DC TIGALAPAN,DRESS MAMU,DRESS LIGHT BROWN PJG L-XL,0,5,0,0,82546,412730,825460
Mar-2026,DC TIGALAPAN,DRESS MAMU,DRESS LIGHT BROWN PJG L-XL,0,1,0,0,82546,82546,412730
Jan-2026,DC TIGALAPAN,DRESS MAMU,DRESS LIGHT BROWN S-M,0,8,0,0,59658,477264,0
Feb-2026,DC TIGALAPAN,DRESS MAMU,DRESS LIGHT BROWN S-M,0,8,0,0,59658,477264,477264
Mar-2026,DC TIGALAPAN,DRESS MAMU,DRESS LIGHT BROWN S-M,0,5,0,0,59658,298290,477264
Feb-2026,DC TIGALAPAN,DRESS MAMU,DRESS SAGE GREEN 2XL,0,2,0,0,56978,113956,0
Jan-2026,DC TIGALAPAN,DRESS MAMU,DRESS SAGE GREEN L-XL,0,56,0,0,60956,3413536,0
Feb-2026,DC TIGALAPAN,DRESS MAMU,DRESS SAGE GREEN L-XL,0,33,0,0,60956,2011548,3413536
Mar-2026,DC TIGALAPAN,DRESS MAMU,DRESS SAGE GREEN L-XL,0,24,0,0,60956,1462944,2011548
Apr-2026,DC TIGALAPAN,DRESS MAMU,DRESS SAGE GREEN L-XL,0,2,0,0,60956,121912,1462944
Mei-2026,DC TIGALAPAN,DRESS MAMU,DRESS SAGE GREEN L-XL,0,4,0,0,60956,243824,121912
Jun-2026,DC TIGALAPAN,DRESS MAMU,DRESS SAGE GREEN L-XL,0,4,0,0,60956,243824,243824
Jul-2026,DC TIGALAPAN,DRESS MAMU,DRESS SAGE GREEN L-XL,0,4,0,0,60956,243824,243824
Agu-2026,DC TIGALAPAN,DRESS MAMU,DRESS SAGE GREEN L-XL,0,4,0,0,60956,243824,243824
Sep-2026,DC TIGALAPAN,DRESS MAMU,DRESS SAGE GREEN L-XL,0,4,0,0,60956,243824,243824
Okt-2026,DC TIGALAPAN,DRESS MAMU,DRESS SAGE GREEN L-XL,0,4,0,0,60956,243824,243824
Jan-2026,DC TIGALAPAN,DRESS MAMU,DRESS SAGE GREEN PJG 2XL,0,2,0,0,84493,168986,0
Jan-2026,DC TIGALAPAN,DRESS MAMU,DRESS SAGE GREEN PJG L-XL,0,10,0,0,84493,844930,0
Feb-2026,DC TIGALAPAN,DRESS MAMU,DRESS SAGE GREEN PJG L-XL,0,5,0,0,84493,422465,844930
Mar-2026,DC TIGALAPAN,DRESS MAMU,DRESS SAGE GREEN PJG L-XL,0,1,0,0,84493,84493,422465
Jan-2026,DC TIGALAPAN,DRESS MAMU,DRESS SAGE GREEN S-M,0,45,0,0,60956,2743020,0
Feb-2026,DC TIGALAPAN,DRESS MAMU,DRESS SAGE GREEN S-M,0,45,0,0,60956,2743020,2743020
Mar-2026,DC TIGALAPAN,DRESS MAMU,DRESS SAGE GREEN S-M,0,32,0,0,60956,1950592,2743020
Apr-2026,DC TIGALAPAN,DRESS MAMU,DRESS SAGE GREEN S-M,0,20,0,0,60956,1219120,1950592
Mei-2026,DC TIGALAPAN,DRESS MAMU,DRESS SAGE GREEN S-M,0,20,0,0,60956,1219120,1219120
Jun-2026,DC TIGALAPAN,DRESS MAMU,DRESS SAGE GREEN S-M,0,30,0,0,60956,1828680,1219120
Jul-2026,DC TIGALAPAN,DRESS MAMU,DRESS SAGE GREEN S-M,0,30,0,0,60956,1828680,1828680
Agu-2026,DC TIGALAPAN,DRESS MAMU,DRESS SAGE GREEN S-M,0,30,0,0,60956,1828680,1828680
Sep-2026,DC TIGALAPAN,DRESS MAMU,DRESS SAGE GREEN S-M,0,30,0,0,60956,1828680,1828680
Okt-2026,DC TIGALAPAN,DRESS MAMU,DRESS SAGE GREEN S-M,0,30,0,0,60956,1828680,1828680
Feb-2026,DC TIGALAPAN,DRESS MAMU,DRESS TOFFEE 2XL,0,9,0,0,55768,501912,0
Jan-2026,DC TIGALAPAN,DRESS MAMU,DRESS TOFFEE L-XL,0,68,0,0,56649,3852132,0
Feb-2026,DC TIGALAPAN,DRESS MAMU,DRESS TOFFEE L-XL,0,48,0,0,56649,2719152,3852132
Mar-2026,DC TIGALAPAN,DRESS MAMU,DRESS TOFFEE L-XL,0,10,0,0,56649,566490,2719152
Apr-2026,DC TIGALAPAN,DRESS MAMU,DRESS TOFFEE L-XL,0,3,0,0,56649,169947,566490
Mei-2026,DC TIGALAPAN,DRESS MAMU,DRESS TOFFEE L-XL,0,3,0,0,56649,169947,169947
Jun-2026,DC TIGALAPAN,DRESS MAMU,DRESS TOFFEE L-XL,0,3,0,0,56649,169947,169947
Jul-2026,DC TIGALAPAN,DRESS MAMU,DRESS TOFFEE L-XL,0,3,0,0,56649,169947,169947
Agu-2026,DC TIGALAPAN,DRESS MAMU,DRESS TOFFEE L-XL,0,3,0,0,56649,169947,169947
Sep-2026,DC TIGALAPAN,DRESS MAMU,DRESS TOFFEE L-XL,0,3,0,0,56649,169947,169947
Okt-2026,DC TIGALAPAN,DRESS MAMU,DRESS TOFFEE L-XL,0,3,0,0,56649,169947,169947
Jan-2026,DC TIGALAPAN,DRESS MAMU,DRESS TOFFEE PJG 2XL,0,8,0,0,78033,624264,0
Jan-2026,DC TIGALAPAN,DRESS MAMU,DRESS TOFFEE PJG L-XL,0,55,0,0,78033,4291815,0
Feb-2026,DC TIGALAPAN,DRESS MAMU,DRESS TOFFEE PJG L-XL,0,35,0,0,78033,2731155,4291815
Mar-2026,DC TIGALAPAN,DRESS MAMU,DRESS TOFFEE PJG L-XL,0,7,0,0,78033,546231,2731155
Jan-2026,DC TIGALAPAN,DRESS MAMU,DRESS TOFFEE PJG S-M,0,47,0,0,78033,3667551,0
Feb-2026,DC TIGALAPAN,DRESS MAMU,DRESS TOFFEE PJG S-M,0,47,0,0,78033,3667551,3667551
Mar-2026,DC TIGALAPAN,DRESS MAMU,DRESS TOFFEE PJG S-M,0,29,0,0,78033,2262957,3667551
Apr-2026,DC TIGALAPAN,DRESS MAMU,DRESS TOFFEE PJG S-M,0,2,0,0,78033,156066,2262957
Mei-2026,DC TIGALAPAN,DRESS MAMU,DRESS TOFFEE PJG S-M,0,1,0,0,78033,78033,156066
Jun-2026,DC TIGALAPAN,DRESS MAMU,DRESS TOFFEE PJG S-M,0,1,0,0,78033,78033,78033
Jan-2026,DC TIGALAPAN,DRESS MAMU,DRESS TOFFEE S-M,0,30,0,0,56649,1699470,0
Feb-2026,DC TIGALAPAN,DRESS MAMU,DRESS TOFFEE S-M,0,30,0,0,56649,1699470,1699470
Mar-2026,DC TIGALAPAN,DRESS MAMU,DRESS TOFFEE S-M,0,16,0,0,56649,906384,1699470
Apr-2026,DC TIGALAPAN,DRESS MAMU,DRESS TOFFEE S-M,0,16,0,0,56649,906384,906384
Mei-2026,DC TIGALAPAN,DRESS MAMU,DRESS TOFFEE S-M,0,16,0,0,56649,906384,906384
Jun-2026,DC TIGALAPAN,DRESS MAMU,DRESS TOFFEE S-M,0,16,0,0,56649,906384,906384
Jul-2026,DC TIGALAPAN,DRESS MAMU,DRESS TOFFEE S-M,0,16,0,0,56649,906384,906384
Agu-2026,DC TIGALAPAN,DRESS MAMU,DRESS TOFFEE S-M,0,16,0,0,56649,906384,906384
Sep-2026,DC TIGALAPAN,DRESS MAMU,DRESS TOFFEE S-M,0,16,0,0,56649,906384,906384
Okt-2026,DC TIGALAPAN,DRESS MAMU,DRESS TOFFEE S-M,0,16,0,0,56649,906384,906384
Feb-2026,DC TIGALAPAN,DRESS MAMU,DRESS TWILIGHT MAUVE 2XL,0,9,0,0,56101,504909,0
Mar-2026,DC TIGALAPAN,DRESS MAMU,DRESS TWILIGHT MAUVE 2XL,0,3,0,0,56101,168303,504909
Jan-2026,DC TIGALAPAN,DRESS MAMU,DRESS TWILIGHT MAUVE L-XL,0,122,0,0,60287,7355014,0
Feb-2026,DC TIGALAPAN,DRESS MAMU,DRESS TWILIGHT MAUVE L-XL,0,87,0,0,60287,5244969,7355014
Mar-2026,DC TIGALAPAN,DRESS MAMU,DRESS TWILIGHT MAUVE L-XL,0,67,0,0,60287,4039229,5244969
Apr-2026,DC TIGALAPAN,DRESS MAMU,DRESS TWILIGHT MAUVE L-XL,0,52,0,0,60287,3134924,4039229
Mei-2026,DC TIGALAPAN,DRESS MAMU,DRESS TWILIGHT MAUVE L-XL,0,52,0,0,60287,3134924,3134924
Jun-2026,DC TIGALAPAN,DRESS MAMU,DRESS TWILIGHT MAUVE L-XL,0,52,0,0,60287,3134924,3134924
Jul-2026,DC TIGALAPAN,DRESS MAMU,DRESS TWILIGHT MAUVE L-XL,0,52,0,0,60287,3134924,3134924
Agu-2026,DC TIGALAPAN,DRESS MAMU,DRESS TWILIGHT MAUVE L-XL,0,51,0,0,60287,3074637,3134924
Sep-2026,DC TIGALAPAN,DRESS MAMU,DRESS TWILIGHT MAUVE L-XL,0,51,0,0,60287,3074637,3074637
Okt-2026,DC TIGALAPAN,DRESS MAMU,DRESS TWILIGHT MAUVE L-XL,0,50,0,0,60287,3014350,3074637
Jan-2026,DC TIGALAPAN,DRESS MAMU,DRESS TWILIGHT MAUVE PJG 2XL,0,10,0,0,83490,834900,0
Feb-2026,DC TIGALAPAN,DRESS MAMU,DRESS TWILIGHT MAUVE PJG 2XL,0,5,0,0,83490,417450,834900
Jan-2026,DC TIGALAPAN,DRESS MAMU,DRESS TWILIGHT MAUVE PJG L-XL,0,43,0,0,83490,3590070,0
Feb-2026,DC TIGALAPAN,DRESS MAMU,DRESS TWILIGHT MAUVE PJG L-XL,0,18,0,0,83490,1502820,3590070
Mar-2026,DC TIGALAPAN,DRESS MAMU,DRESS TWILIGHT MAUVE PJG L-XL,0,13,0,0,83490,1085370,1502820
Jan-2026,DC TIGALAPAN,DRESS MAMU,DRESS TWILIGHT MAUVE PJG S-M,0,10,0,0,83490,834900,0
Feb-2026,DC TIGALAPAN,DRESS MAMU,DRESS TWILIGHT MAUVE PJG S-M,0,10,0,0,83490,834900,834900
Mar-2026,DC TIGALAPAN,DRESS MAMU,DRESS TWILIGHT MAUVE PJG S-M,0,3,0,0,83490,250470,834900
Jan-2026,DC TIGALAPAN,DRESS MAMU,DRESS TWILIGHT MAUVE S-M,0,87,0,0,60287,5244969,0
Feb-2026,DC TIGALAPAN,DRESS MAMU,DRESS TWILIGHT MAUVE S-M,0,87,0,0,60287,5244969,5244969
Mar-2026,DC TIGALAPAN,DRESS MAMU,DRESS TWILIGHT MAUVE S-M,0,67,0,0,60287,4039229,5244969
Apr-2026,DC TIGALAPAN,DRESS MAMU,DRESS TWILIGHT MAUVE S-M,0,52,0,0,60287,3134924,4039229
Mei-2026,DC TIGALAPAN,DRESS MAMU,DRESS TWILIGHT MAUVE S-M,0,52,0,0,60287,3134924,3134924
Jun-2026,DC TIGALAPAN,DRESS MAMU,DRESS TWILIGHT MAUVE S-M,0,59,0,0,60287,3556933,3134924
Jul-2026,DC TIGALAPAN,DRESS MAMU,DRESS TWILIGHT MAUVE S-M,0,59,0,0,60287,3556933,3556933
Agu-2026,DC TIGALAPAN,DRESS MAMU,DRESS TWILIGHT MAUVE S-M,0,59,0,0,60287,3556933,3556933
Sep-2026,DC TIGALAPAN,DRESS MAMU,DRESS TWILIGHT MAUVE S-M,0,59,0,0,60287,3556933,3556933
Okt-2026,DC TIGALAPAN,DRESS MAMU,DRESS TWILIGHT MAUVE S-M,0,59,0,0,60287,3556933,3556933
Mar-2026,DC TIGALAPAN,DRESS MAMU,DRESS DENIM BLUE 2XL,0,0,0,0,55575,0,389025
Mar-2026,DC TIGALAPAN,DRESS MAMU,DRESS DENIM BLUE PJG 2XL,0,0,0,0,85682,0,171364
Apr-2026,DC TIGALAPAN,DRESS MAMU,DRESS DENIM BLUE PJG L-XL,0,0,0,0,85682,0,85682
Mar-2026,DC TIGALAPAN,DRESS MAMU,DRESS JET BLACK 2XL,0,0,0,0,59827,0,179481
Feb-2026,DC TIGALAPAN,DRESS MAMU,DRESS JET BLACK PJG 2XL,0,0,0,0,88697,0,886970
Apr-2026,DC TIGALAPAN,DRESS MAMU,DRESS JET BLACK PJG L-XL,0,0,0,0,88697,0,709576
Apr-2026,DC TIGALAPAN,DRESS MAMU,DRESS LIGHT BROWN 2XL,0,0,0,0,54611,0,54611
Apr-2026,DC TIGALAPAN,DRESS MAMU,DRESS LIGHT BROWN L-XL,0,0,0,0,59658,0,298290
Mar-2026,DC TIGALAPAN,DRESS MAMU,DRESS LIGHT BROWN PJG 2XL,0,0,0,0,82546,0,165092
Apr-2026,DC TIGALAPAN,DRESS MAMU,DRESS LIGHT BROWN PJG L-XL,0,0,0,0,82546,0,82546
Apr-2026,DC TIGALAPAN,DRESS MAMU,DRESS LIGHT BROWN S-M,0,0,0,0,59658,0,298290
Mar-2026,DC TIGALAPAN,DRESS MAMU,DRESS SAGE GREEN 2XL,0,0,0,0,56978,0,113956
Feb-2026,DC TIGALAPAN,DRESS MAMU,DRESS SAGE GREEN PJG 2XL,0,0,0,0,84493,0,168986
Apr-2026,DC TIGALAPAN,DRESS MAMU,DRESS SAGE GREEN PJG L-XL,0,0,0,0,84493,0,84493
Mar-2026,DC TIGALAPAN,DRESS MAMU,DRESS TOFFEE 2XL,0,0,0,0,55768,0,501912
Feb-2026,DC TIGALAPAN,DRESS MAMU,DRESS TOFFEE PJG 2XL,0,0,0,0,78033,0,624264
Apr-2026,DC TIGALAPAN,DRESS MAMU,DRESS TOFFEE PJG L-XL,0,0,0,0,78033,0,546231
Jul-2026,DC TIGALAPAN,DRESS MAMU,DRESS TOFFEE PJG S-M,0,0,0,0,78033,0,78033
Apr-2026,DC TIGALAPAN,DRESS MAMU,DRESS TWILIGHT MAUVE 2XL,0,0,0,0,56101,0,168303
Mar-2026,DC TIGALAPAN,DRESS MAMU,DRESS TWILIGHT MAUVE PJG 2XL,0,0,0,0,83490,0,417450
Apr-2026,DC TIGALAPAN,DRESS MAMU,DRESS TWILIGHT MAUVE PJG L-XL,0,0,0,0,83490,0,1085370
Apr-2026,DC TIGALAPAN,DRESS MAMU,DRESS TWILIGHT MAUVE PJG S-M,0,0,0,0,83490,0,250470
