Bulan,Store,Warna,Item,COGS,OH Qty,OD Qty,WIP Qty,HPP,Inventory Akhir,Inventory Awal
Jan-2026,MAMU BTP,HENLEY MAMU,HN ABU TUA PDK 2XL,295890,2,0,0,29589,59178,0
Feb-2026,MAMU BTP,HENLEY MAMU,HN ABU TUA PDK 2XL,0,0,0,0,29589,0,59178
Jan-2026,MAMU BTP,HENLEY MAMU,HN ABU TUA PDK L,229194,25,0,0,32742,818550,0
Feb-2026,MAMU BTP,HENLEY MAMU,HN ABU TUA PDK L,98226,22,0,0,32742,720324,818550
Mar-2026,MAMU BTP,HENLEY MAMU,HN ABU TUA PDK L,425646,4,0,0,32742,130968,720324
Apr-2026,MAMU BTP,HENLEY MAMU,HN ABU TUA PDK L,65484,3,0,0,32742,98226,130968
Mei-2026,MAMU BTP,HENLEY MAMU,HN ABU TUA PDK L,98226,0,0,0,32742,0,98226
Jul-2026,MAMU BTP,HENLEY MAMU,HN ABU TUA PDK L,32742,0,0,0,32742,0,0
Jan-2026,MAMU BTP,HENLEY MAMU,HN ABU TUA PDK M,225132,1,0,0,37522,37522,0
Feb-2026,MAMU BTP,HENLEY MAMU,HN ABU TUA PDK M,0,1,0,0,37522,37522,37522
Mar-2026,MAMU BTP,HENLEY MAMU,HN ABU TUA PDK M,37522,0,0,0,37522,0,37522
Sep-2026,MAMU BTP,HENLEY MAMU,HN ABU TUA PDK M,0,1,0,0,37522,37522,0
Okt-2026,MAMU BTP,HENLEY MAMU,HN ABU TUA PDK M,0,1,0,0,37522,37522,37522
Jan-2026,MAMU BTP,HENLEY MAMU,HN ABU TUA PDK S,193086,3,0,0,32181,96543,0
Feb-2026,MAMU BTP,HENLEY MAMU,HN ABU TUA PDK S,0,3,0,0,32181,96543,96543
Mar-2026,MAMU BTP,HENLEY MAMU,HN ABU TUA PDK S,96543,0,0,0,32181,0,96543
Jan-2026,MAMU BTP,HENLEY MAMU,HN ABU TUA PDK XL,289485,0,0,0,41355,0,0
Feb-2026,MAMU BTP,HENLEY MAMU,HN ABU TUA PJG 2XL,0,1,0,0,29107,29107,0
Mar-2026,MAMU BTP,HENLEY MAMU,HN ABU TUA PJG 2XL,0,1,0,0,29107,29107,29107
Apr-2026,MAMU BTP,HENLEY MAMU,HN ABU TUA PJG 2XL,0,1,0,0,29107,29107,29107
Mei-2026,MAMU BTP,HENLEY MAMU,HN ABU TUA PJG 2XL,0,1,0,0,29107,29107,29107
Jun-2026,MAMU BTP,HENLEY MAMU,HN ABU TUA PJG 2XL,0,1,0,0,29107,29107,29107
Jul-2026,MAMU BTP,HENLEY MAMU,HN ABU TUA PJG 2XL,0,0,0,0,29107,0,29107
Jan-2026,MAMU BTP,HENLEY MAMU,HN ABU TUA PJG L,37310,14,0,0,37310,522340,0
Feb-2026,MAMU BTP,HENLEY MAMU,HN ABU TUA PJG L,74620,12,0,0,37310,447720,522340
Mar-2026,MAMU BTP,HENLEY MAMU,HN ABU TUA PJG L,37310,11,0,0,37310,410410,447720
Apr-2026,MAMU BTP,HENLEY MAMU,HN ABU TUA PJG L,0,11,0,0,37310,410410,410410
Mei-2026,MAMU BTP,HENLEY MAMU,HN ABU TUA PJG L,37310,10,0,0,37310,373100,410410
Jun-2026,MAMU BTP,HENLEY MAMU,HN ABU TUA PJG L,37310,9,0,0,37310,335790,373100
Jul-2026,MAMU BTP,HENLEY MAMU,HN ABU TUA PJG L,0,8,0,0,37310,298480,335790
Agu-2026,MAMU BTP,HENLEY MAMU,HN ABU TUA PJG L,37310,7,0,0,37310,261170,298480
Sep-2026,MAMU BTP,HENLEY MAMU,HN ABU TUA PJG L,74620,6,0,0,37310,223860,261170
Okt-2026,MAMU BTP,HENLEY MAMU,HN ABU TUA PJG L,0,5,0,0,37310,186550,223860
Jan-2026,MAMU BTP,HENLEY MAMU,HN ABU TUA PJG M,39650,7,0,0,39650,277550,0
Feb-2026,MAMU BTP,HENLEY MAMU,HN ABU TUA PJG M,0,7,0,0,39650,277550,277550
Mar-2026,MAMU BTP,HENLEY MAMU,HN ABU TUA PJG M,79300,5,0,0,39650,198250,277550
Apr-2026,MAMU BTP,HENLEY MAMU,HN ABU TUA PJG M,0,5,0,0,39650,198250,198250
Mei-2026,MAMU BTP,HENLEY MAMU,HN ABU TUA PJG M,0,5,0,0,39650,198250,198250
Jun-2026,MAMU BTP,HENLEY MAMU,HN ABU TUA PJG M,0,5,0,0,39650,198250,198250
Jul-2026,MAMU BTP,HENLEY MAMU,HN ABU TUA PJG M,0,5,0,0,39650,198250,198250
Agu-2026,MAMU BTP,HENLEY MAMU,HN ABU TUA PJG M,0,5,0,0,39650,198250,198250
Sep-2026,MAMU BTP,HENLEY MAMU,HN ABU TUA PJG M,0,5,0,0,39650,198250,198250
Okt-2026,MAMU BTP,HENLEY MAMU,HN ABU TUA PJG M,0,5,0,0,39650,198250,198250
Jan-2026,MAMU BTP,HENLEY MAMU,HN ABU TUA PJG S,37733,0,0,0,37733,0,0
Sep-2026,MAMU BTP,HENLEY MAMU,HN ABU TUA PJG S,0,1,0,0,37733,37733,0
Okt-2026,MAMU BTP,HENLEY MAMU,HN ABU TUA PJG S,0,1,0,0,37733,37733,37733
Jan-2026,MAMU BTP,HENLEY MAMU,HN ABU TUA PJG XL,0,9,0,0,42765,384885,0
Feb-2026,MAMU BTP,HENLEY MAMU,HN ABU TUA PJG XL,0,9,0,0,42765,384885,384885
Mar-2026,MAMU BTP,HENLEY MAMU,HN ABU TUA PJG XL,0,9,0,0,42765,384885,384885
Apr-2026,MAMU BTP,HENLEY MAMU,HN ABU TUA PJG XL,0,9,0,0,42765,384885,384885
Mei-2026,MAMU BTP,HENLEY MAMU,HN ABU TUA PJG XL,42765,8,0,0,42765,342120,384885
Jun-2026,MAMU BTP,HENLEY MAMU,HN ABU TUA PJG XL,85530,6,0,0,42765,256590,342120
Jul-2026,MAMU BTP,HENLEY MAMU,HN ABU TUA PJG XL,85530,4,0,0,42765,171060,256590
Agu-2026,MAMU BTP,HENLEY MAMU,HN ABU TUA PJG XL,0,3,0,0,42765,128295,171060
Sep-2026,MAMU BTP,HENLEY MAMU,HN ABU TUA PJG XL,0,4,0,0,42765,171060,128295
Okt-2026,MAMU BTP,HENLEY MAMU,HN ABU TUA PJG XL,0,4,0,0,42765,171060,171060
Jan-2026,MAMU BTP,HENLEY MAMU,HN BEIGE PDK 2XL,43600,1,0,0,43600,43600,0
Feb-2026,MAMU BTP,HENLEY MAMU,HN BEIGE PDK 2XL,43600,0,0,0,43600,0,43600
Jan-2026,MAMU BTP,HENLEY MAMU,HN BEIGE PDK L,116781,3,0,0,38927,116781,0
Feb-2026,MAMU BTP,HENLEY MAMU,HN BEIGE PDK L,77854,3,0,0,38927,116781,116781
Mar-2026,MAMU BTP,HENLEY MAMU,HN BEIGE PDK L,116781,0,0,0,38927,0,116781
Jan-2026,MAMU BTP,HENLEY MAMU,HN BEIGE PDK M,141860,14,0,0,28372,397208,0
Feb-2026,MAMU BTP,HENLEY MAMU,HN BEIGE PDK M,56744,12,0,0,28372,340464,397208
Mar-2026,MAMU BTP,HENLEY MAMU,HN BEIGE PDK M,85116,9,0,0,28372,255348,340464
Apr-2026,MAMU BTP,HENLEY MAMU,HN BEIGE PDK M,56744,7,0,0,28372,198604,255348
Mei-2026,MAMU BTP,HENLEY MAMU,HN BEIGE PDK M,85116,4,0,0,28372,113488,198604
Jun-2026,MAMU BTP,HENLEY MAMU,HN BEIGE PDK M,0,4,0,0,28372,113488,113488
Jul-2026,MAMU BTP,HENLEY MAMU,HN BEIGE PDK M,56744,2,0,0,28372,56744,113488
Agu-2026,MAMU BTP,HENLEY MAMU,HN BEIGE PDK M,0,2,0,0,28372,56744,56744
Sep-2026,MAMU BTP,HENLEY MAMU,HN BEIGE PDK M,0,2,0,0,28372,56744,56744
Okt-2026,MAMU BTP,HENLEY MAMU,HN BEIGE PDK M,0,2,0,0,28372,56744,56744
Jan-2026,MAMU BTP,HENLEY MAMU,HN BEIGE PDK S,97875,4,0,0,32625,130500,0
Feb-2026,MAMU BTP,HENLEY MAMU,HN BEIGE PDK S,0,4,0,0,32625,130500,130500
Mar-2026,MAMU BTP,HENLEY MAMU,HN BEIGE PDK S,97875,1,0,0,32625,32625,130500
Apr-2026,MAMU BTP,HENLEY MAMU,HN BEIGE PDK S,0,1,0,0,32625,32625,32625
Mei-2026,MAMU BTP,HENLEY MAMU,HN BEIGE PDK S,0,1,0,0,32625,32625,32625
Jun-2026,MAMU BTP,HENLEY MAMU,HN BEIGE PDK S,0,1,0,0,32625,32625,32625
Jul-2026,MAMU BTP,HENLEY MAMU,HN BEIGE PDK S,0,1,0,0,32625,32625,32625
Agu-2026,MAMU BTP,HENLEY MAMU,HN BEIGE PDK S,0,1,0,0,32625,32625,32625
Sep-2026,MAMU BTP,HENLEY MAMU,HN BEIGE PDK S,0,4,0,0,32625,130500,32625
Okt-2026,MAMU BTP,HENLEY MAMU,HN BEIGE PDK S,0,4,0,0,32625,130500,130500
Jan-2026,MAMU BTP,HENLEY MAMU,HN BEIGE PDK XL,216636,21,0,0,30948,649908,0
Feb-2026,MAMU BTP,HENLEY MAMU,HN BEIGE PDK XL,30948,20,0,0,30948,618960,649908
Mar-2026,MAMU BTP,HENLEY MAMU,HN BEIGE PDK XL,185688,14,0,0,30948,433272,618960
Apr-2026,MAMU BTP,HENLEY MAMU,HN BEIGE PDK XL,61896,12,0,0,30948,371376,433272
Mei-2026,MAMU BTP,HENLEY MAMU,HN BEIGE PDK XL,123792,9,0,0,30948,278532,371376
Jun-2026,MAMU BTP,HENLEY MAMU,HN BEIGE PDK XL,30948,7,0,0,30948,216636,278532
Jul-2026,MAMU BTP,HENLEY MAMU,HN BEIGE PDK XL,30948,6,0,0,30948,185688,216636
Agu-2026,MAMU BTP,HENLEY MAMU,HN BEIGE PDK XL,30948,6,0,0,30948,185688,185688
Sep-2026,MAMU BTP,HENLEY MAMU,HN BEIGE PDK XL,80464,3,0,0,30948,92844,185688
Okt-2026,MAMU BTP,HENLEY MAMU,HN BEIGE PDK XL,0,3,0,0,30948,92844,92844
Jan-2026,MAMU BTP,HENLEY MAMU,HN BEIGE PJG L,78218,2,0,0,39109,78218,0
Feb-2026,MAMU BTP,HENLEY MAMU,HN BEIGE PJG L,0,2,0,0,39109,78218,78218
Mar-2026,MAMU BTP,HENLEY MAMU,HN BEIGE PJG L,39109,1,0,0,39109,39109,78218
Apr-2026,MAMU BTP,HENLEY MAMU,HN BEIGE PJG L,0,1,0,0,39109,39109,39109
Mei-2026,MAMU BTP,HENLEY MAMU,HN BEIGE PJG L,39109,0,0,0,39109,0,39109
Jan-2026,MAMU BTP,HENLEY MAMU,HN BEIGE PJG M,0,14,0,0,35981,503734,0
Feb-2026,MAMU BTP,HENLEY MAMU,HN BEIGE PJG M,35981,13,0,0,35981,467753,503734
Mar-2026,MAMU BTP,HENLEY MAMU,HN BEIGE PJG M,35981,12,0,0,35981,431772,467753
Apr-2026,MAMU BTP,HENLEY MAMU,HN BEIGE PJG M,0,12,0,0,35981,431772,431772
Mei-2026,MAMU BTP,HENLEY MAMU,HN BEIGE PJG M,0,12,0,0,35981,431772,431772
Jun-2026,MAMU BTP,HENLEY MAMU,HN BEIGE PJG M,0,12,0,0,35981,431772,431772
Jul-2026,MAMU BTP,HENLEY MAMU,HN BEIGE PJG M,0,12,0,0,35981,431772,431772
Agu-2026,MAMU BTP,HENLEY MAMU,HN BEIGE PJG M,0,12,0,0,35981,431772,431772
Sep-2026,MAMU BTP,HENLEY MAMU,HN BEIGE PJG M,35981,11,0,0,35981,395791,431772
Okt-2026,MAMU BTP,HENLEY MAMU,HN BEIGE PJG M,0,11,0,0,35981,395791,395791
Jan-2026,MAMU BTP,HENLEY MAMU,HN BEIGE PJG XL,72256,7,0,0,36128,252896,0
Feb-2026,MAMU BTP,HENLEY MAMU,HN BEIGE PJG XL,0,6,0,0,36128,216768,252896
Mar-2026,MAMU BTP,HENLEY MAMU,HN BEIGE PJG XL,0,6,0,0,36128,216768,216768
Apr-2026,MAMU BTP,HENLEY MAMU,HN BEIGE PJG XL,0,6,0,0,36128,216768,216768
Mei-2026,MAMU BTP,HENLEY MAMU,HN BEIGE PJG XL,0,6,0,0,36128,216768,216768
Jun-2026,MAMU BTP,HENLEY MAMU,HN BEIGE PJG XL,36128,5,0,0,36128,180640,216768
Jul-2026,MAMU BTP,HENLEY MAMU,HN BEIGE PJG XL,0,6,0,0,36128,216768,180640
Agu-2026,MAMU BTP,HENLEY MAMU,HN BEIGE PJG XL,0,6,0,0,36128,216768,216768
Sep-2026,MAMU BTP,HENLEY MAMU,HN BEIGE PJG XL,0,6,0,0,36128,216768,216768
Okt-2026,MAMU BTP,HENLEY MAMU,HN BEIGE PJG XL,0,6,0,0,36128,216768,216768
Sep-2026,MAMU BTP,HENLEY MAMU,HN COKLAT SS PDK L,0,1,0,0,38004,38004,0
Okt-2026,MAMU BTP,HENLEY MAMU,HN COKLAT SS PDK L,0,0,0,0,38004,0,38004
Sep-2026,MAMU BTP,HENLEY MAMU,HN COKLAT SS PDK S,0,5,0,0,38004,190020,0
Okt-2026,MAMU BTP,HENLEY MAMU,HN COKLAT SS PDK S,0,4,0,0,38004,152016,190020
Sep-2026,MAMU BTP,HENLEY MAMU,HN COKLAT SS PJG XL,0,1,0,0,48416,48416,0
Okt-2026,MAMU BTP,HENLEY MAMU,HN COKLAT SS PJG XL,0,0,0,0,48416,0,48416
Jan-2026,MAMU BTP,HENLEY MAMU,HN JET BLACK PDK 2XL,110590,4,0,0,55295,221180,0
Feb-2026,MAMU BTP,HENLEY MAMU,HN JET BLACK PDK 2XL,165885,1,0,0,55295,55295,221180
Mar-2026,MAMU BTP,HENLEY MAMU,HN JET BLACK PDK 2XL,55295,0,0,0,55295,0,55295
Jan-2026,MAMU BTP,HENLEY MAMU,HN JET BLACK PDK L,226702,38,0,0,32386,1230668,0
Feb-2026,MAMU BTP,HENLEY MAMU,HN JET BLACK PDK L,97158,35,0,0,32386,1133510,1230668
Mar-2026,MAMU BTP,HENLEY MAMU,HN JET BLACK PDK L,388632,17,0,0,32386,550562,1133510
Apr-2026,MAMU BTP,HENLEY MAMU,HN JET BLACK PDK L,97158,13,0,0,32386,421018,550562
Mei-2026,MAMU BTP,HENLEY MAMU,HN JET BLACK PDK L,64772,11,0,0,32386,356246,421018
Jun-2026,MAMU BTP,HENLEY MAMU,HN JET BLACK PDK L,64772,9,0,0,32386,291474,356246
Jul-2026,MAMU BTP,HENLEY MAMU,HN JET BLACK PDK L,64772,5,0,0,32386,161930,291474
Agu-2026,MAMU BTP,HENLEY MAMU,HN JET BLACK PDK L,32386,4,0,0,32386,129544,161930
Sep-2026,MAMU BTP,HENLEY MAMU,HN JET BLACK PDK L,0,4,0,0,32386,129544,129544
Okt-2026,MAMU BTP,HENLEY MAMU,HN JET BLACK PDK L,32386,3,0,0,32386,97158,129544
Jan-2026,MAMU BTP,HENLEY MAMU,HN JET BLACK PDK M,39781,20,0,0,39781,795620,0
Feb-2026,MAMU BTP,HENLEY MAMU,HN JET BLACK PDK M,79562,19,0,0,39781,755839,795620
Mar-2026,MAMU BTP,HENLEY MAMU,HN JET BLACK PDK M,318248,6,0,0,39781,238686,755839
Apr-2026,MAMU BTP,HENLEY MAMU,HN JET BLACK PDK M,0,6,0,0,39781,238686,238686
Mei-2026,MAMU BTP,HENLEY MAMU,HN JET BLACK PDK M,0,6,0,0,39781,238686,238686
Jun-2026,MAMU BTP,HENLEY MAMU,HN JET BLACK PDK M,39781,5,0,0,39781,198905,238686
Jul-2026,MAMU BTP,HENLEY MAMU,HN JET BLACK PDK M,0,5,0,0,39781,198905,198905
Agu-2026,MAMU BTP,HENLEY MAMU,HN JET BLACK PDK M,79562,3,0,0,39781,119343,198905
Sep-2026,MAMU BTP,HENLEY MAMU,HN JET BLACK PDK M,29836,3,0,0,39781,119343,119343
Okt-2026,MAMU BTP,HENLEY MAMU,HN JET BLACK PDK M,29836,2,0,0,39781,79562,119343
Jan-2026,MAMU BTP,HENLEY MAMU,HN JET BLACK PDK S,0,27,0,0,31317,845559,0
Feb-2026,MAMU BTP,HENLEY MAMU,HN JET BLACK PDK S,0,26,0,0,31317,814242,845559
Mar-2026,MAMU BTP,HENLEY MAMU,HN JET BLACK PDK S,62634,18,0,0,31317,563706,814242
Apr-2026,MAMU BTP,HENLEY MAMU,HN JET BLACK PDK S,0,18,0,0,31317,563706,563706
Mei-2026,MAMU BTP,HENLEY MAMU,HN JET BLACK PDK S,0,18,0,0,31317,563706,563706
Jun-2026,MAMU BTP,HENLEY MAMU,HN JET BLACK PDK S,0,17,0,0,31317,532389,563706
Jul-2026,MAMU BTP,HENLEY MAMU,HN JET BLACK PDK S,0,18,0,0,31317,563706,532389
Agu-2026,MAMU BTP,HENLEY MAMU,HN JET BLACK PDK S,29577,18,0,0,31317,563706,563706
Sep-2026,MAMU BTP,HENLEY MAMU,HN JET BLACK PDK S,59154,15,0,0,31317,469755,563706
Okt-2026,MAMU BTP,HENLEY MAMU,HN JET BLACK PDK S,0,15,0,0,31317,469755,469755
Jan-2026,MAMU BTP,HENLEY MAMU,HN JET BLACK PDK XL,124756,18,0,0,31189,561402,0
Feb-2026,MAMU BTP,HENLEY MAMU,HN JET BLACK PDK XL,31189,17,0,0,31189,530213,561402
Mar-2026,MAMU BTP,HENLEY MAMU,HN JET BLACK PDK XL,187134,11,0,0,31189,343079,530213
Apr-2026,MAMU BTP,HENLEY MAMU,HN JET BLACK PDK XL,31189,10,0,0,31189,311890,343079
Mei-2026,MAMU BTP,HENLEY MAMU,HN JET BLACK PDK XL,62378,8,0,0,31189,249512,311890
Jun-2026,MAMU BTP,HENLEY MAMU,HN JET BLACK PDK XL,124756,4,0,0,31189,124756,249512
Jul-2026,MAMU BTP,HENLEY MAMU,HN JET BLACK PDK XL,62378,4,0,0,31189,124756,124756
Agu-2026,MAMU BTP,HENLEY MAMU,HN JET BLACK PDK XL,62378,1,0,0,31189,31189,124756
Sep-2026,MAMU BTP,HENLEY MAMU,HN JET BLACK PDK XL,31188,1,0,0,31189,31189,31189
Okt-2026,MAMU BTP,HENLEY MAMU,HN JET BLACK PDK XL,0,0,0,0,31189,0,31189
Jan-2026,MAMU BTP,HENLEY MAMU,HN JET BLACK PJG 2XL,0,1,0,0,39314,39314,0
Feb-2026,MAMU BTP,HENLEY MAMU,HN JET BLACK PJG 2XL,0,1,0,0,39314,39314,39314
Mar-2026,MAMU BTP,HENLEY MAMU,HN JET BLACK PJG 2XL,39314,0,0,0,39314,0,39314
Jan-2026,MAMU BTP,HENLEY MAMU,HN JET BLACK PJG L,39673,15,0,0,39673,595095,0
Feb-2026,MAMU BTP,HENLEY MAMU,HN JET BLACK PJG L,39673,14,0,0,39673,555422,595095
Mar-2026,MAMU BTP,HENLEY MAMU,HN JET BLACK PJG L,158692,10,0,0,39673,396730,555422
Apr-2026,MAMU BTP,HENLEY MAMU,HN JET BLACK PJG L,79346,8,0,0,39673,317384,396730
Mei-2026,MAMU BTP,HENLEY MAMU,HN JET BLACK PJG L,158692,4,0,0,39673,158692,317384
Jun-2026,MAMU BTP,HENLEY MAMU,HN JET BLACK PJG L,39673,3,0,0,39673,119019,158692
Jul-2026,MAMU BTP,HENLEY MAMU,HN JET BLACK PJG L,33061,6,0,0,39673,238038,119019
Agu-2026,MAMU BTP,HENLEY MAMU,HN JET BLACK PJG L,0,5,0,0,39673,198365,238038
Sep-2026,MAMU BTP,HENLEY MAMU,HN JET BLACK PJG L,33061,5,0,0,39673,198365,198365
Okt-2026,MAMU BTP,HENLEY MAMU,HN JET BLACK PJG L,34383,4,0,0,39673,158692,198365
Jan-2026,MAMU BTP,HENLEY MAMU,HN JET BLACK PJG M,39784,12,0,0,39784,477408,0
Feb-2026,MAMU BTP,HENLEY MAMU,HN JET BLACK PJG M,0,12,0,0,39784,477408,477408
Mar-2026,MAMU BTP,HENLEY MAMU,HN JET BLACK PJG M,119352,9,0,0,39784,358056,477408
Apr-2026,MAMU BTP,HENLEY MAMU,HN JET BLACK PJG M,39784,9,0,0,39784,358056,358056
Mei-2026,MAMU BTP,HENLEY MAMU,HN JET BLACK PJG M,79568,6,0,0,39784,238704,358056
Jun-2026,MAMU BTP,HENLEY MAMU,HN JET BLACK PJG M,39784,5,0,0,39784,198920,238704
Jul-2026,MAMU BTP,HENLEY MAMU,HN JET BLACK PJG M,39784,4,0,0,39784,159136,198920
Agu-2026,MAMU BTP,HENLEY MAMU,HN JET BLACK PJG M,39784,4,0,0,39784,159136,159136
Sep-2026,MAMU BTP,HENLEY MAMU,HN JET BLACK PJG M,39784,3,0,0,39784,119352,159136
Okt-2026,MAMU BTP,HENLEY MAMU,HN JET BLACK PJG M,0,3,0,0,39784,119352,119352
Jan-2026,MAMU BTP,HENLEY MAMU,HN JET BLACK PJG S,50581,0,0,0,50581,0,0
Sep-2026,MAMU BTP,HENLEY MAMU,HN JET BLACK PJG S,0,1,0,0,50581,50581,0
Okt-2026,MAMU BTP,HENLEY MAMU,HN JET BLACK PJG S,0,1,0,0,50581,50581,50581
Jan-2026,MAMU BTP,HENLEY MAMU,HN JET BLACK PJG XL,0,20,0,0,42281,845620,0
Feb-2026,MAMU BTP,HENLEY MAMU,HN JET BLACK PJG XL,0,20,0,0,42281,845620,845620
Mar-2026,MAMU BTP,HENLEY MAMU,HN JET BLACK PJG XL,253686,14,0,0,42281,591934,845620
Apr-2026,MAMU BTP,HENLEY MAMU,HN JET BLACK PJG XL,42281,13,0,0,42281,549653,591934
Mei-2026,MAMU BTP,HENLEY MAMU,HN JET BLACK PJG XL,42281,12,0,0,42281,507372,549653
Jun-2026,MAMU BTP,HENLEY MAMU,HN JET BLACK PJG XL,0,12,0,0,42281,507372,507372
Jul-2026,MAMU BTP,HENLEY MAMU,HN JET BLACK PJG XL,42281,10,0,0,42281,422810,507372
Agu-2026,MAMU BTP,HENLEY MAMU,HN JET BLACK PJG XL,0,10,0,0,42281,422810,422810
Sep-2026,MAMU BTP,HENLEY MAMU,HN JET BLACK PJG XL,0,11,0,0,42281,465091,422810
Okt-2026,MAMU BTP,HENLEY MAMU,HN JET BLACK PJG XL,0,11,0,0,42281,465091,465091
Jan-2026,MAMU BTP,HENLEY MAMU,HN MAPLE BROWN PDK 2XL,51519,0,0,0,51519,0,0
Jan-2026,MAMU BTP,HENLEY MAMU,HN MAPLE BROWN PDK L,416176,3,0,0,52022,156066,0
Feb-2026,MAMU BTP,HENLEY MAMU,HN MAPLE BROWN PDK L,52022,0,0,0,52022,0,156066
Mar-2026,MAMU BTP,HENLEY MAMU,HN MAPLE BROWN PDK L,0,0,1,0,52022,52022,0
Apr-2026,MAMU BTP,HENLEY MAMU,HN MAPLE BROWN PDK L,52022,1,1,0,52022,104044,52022
Mei-2026,MAMU BTP,HENLEY MAMU,HN MAPLE BROWN PDK L,104044,0,0,0,52022,0,104044
Okt-2026,MAMU BTP,HENLEY MAMU,HN MAPLE BROWN PDK L,0,1,0,0,52022,52022,0
Jan-2026,MAMU BTP,HENLEY MAMU,HN MAPLE BROWN PDK M,143213,20,0,0,20459,409180,0
Feb-2026,MAMU BTP,HENLEY MAMU,HN MAPLE BROWN PDK M,20459,19,0,0,20459,388721,409180
Mar-2026,MAMU BTP,HENLEY MAMU,HN MAPLE BROWN PDK M,245508,7,0,0,20459,143213,388721
Apr-2026,MAMU BTP,HENLEY MAMU,HN MAPLE BROWN PDK M,40918,5,0,0,20459,102295,143213
Mei-2026,MAMU BTP,HENLEY MAMU,HN MAPLE BROWN PDK M,0,5,0,0,20459,102295,102295
Jun-2026,MAMU BTP,HENLEY MAMU,HN MAPLE BROWN PDK M,20459,4,0,0,20459,81836,102295
Jul-2026,MAMU BTP,HENLEY MAMU,HN MAPLE BROWN PDK M,20459,4,0,0,20459,81836,81836
Agu-2026,MAMU BTP,HENLEY MAMU,HN MAPLE BROWN PDK M,20459,2,0,0,20459,40918,81836
Sep-2026,MAMU BTP,HENLEY MAMU,HN MAPLE BROWN PDK M,20459,1,0,0,20459,20459,40918
Okt-2026,MAMU BTP,HENLEY MAMU,HN MAPLE BROWN PDK M,0,2,0,0,20459,40918,20459
Jan-2026,MAMU BTP,HENLEY MAMU,HN MAPLE BROWN PDK S,34095,3,0,0,34095,102285,0
Feb-2026,MAMU BTP,HENLEY MAMU,HN MAPLE BROWN PDK S,0,3,0,0,34095,102285,102285
Mar-2026,MAMU BTP,HENLEY MAMU,HN MAPLE BROWN PDK S,68190,1,0,0,34095,34095,102285
Apr-2026,MAMU BTP,HENLEY MAMU,HN MAPLE BROWN PDK S,34095,1,0,0,34095,34095,34095
Mei-2026,MAMU BTP,HENLEY MAMU,HN MAPLE BROWN PDK S,0,1,0,0,34095,34095,34095
Jun-2026,MAMU BTP,HENLEY MAMU,HN MAPLE BROWN PDK S,0,1,0,0,34095,34095,34095
Jul-2026,MAMU BTP,HENLEY MAMU,HN MAPLE BROWN PDK S,0,0,0,0,34095,0,34095
Okt-2026,MAMU BTP,HENLEY MAMU,HN MAPLE BROWN PDK S,0,6,0,0,34095,204570,0
Apr-2026,MAMU BTP,HENLEY MAMU,HN MAPLE BROWN PDK XL,47951,0,0,0,47951,0,0
Jan-2026,MAMU BTP,HENLEY MAMU,HN MAPLE BROWN PJG L,38707,12,0,0,38707,464484,0
Feb-2026,MAMU BTP,HENLEY MAMU,HN MAPLE BROWN PJG L,154828,8,0,0,38707,309656,464484
Mar-2026,MAMU BTP,HENLEY MAMU,HN MAPLE BROWN PJG L,0,6,0,0,38707,232242,309656
Apr-2026,MAMU BTP,HENLEY MAMU,HN MAPLE BROWN PJG L,77414,5,0,0,38707,193535,232242
Mei-2026,MAMU BTP,HENLEY MAMU,HN MAPLE BROWN PJG L,77414,2,0,0,38707,77414,193535
Jun-2026,MAMU BTP,HENLEY MAMU,HN MAPLE BROWN PJG L,0,2,0,0,38707,77414,77414
Jul-2026,MAMU BTP,HENLEY MAMU,HN MAPLE BROWN PJG L,77414,0,0,0,38707,0,77414
Jan-2026,MAMU BTP,HENLEY MAMU,HN MAPLE BROWN PJG M,31325,7,0,0,31325,219275,0
Feb-2026,MAMU BTP,HENLEY MAMU,HN MAPLE BROWN PJG M,0,7,0,0,31325,219275,219275
Mar-2026,MAMU BTP,HENLEY MAMU,HN MAPLE BROWN PJG M,62650,5,0,0,31325,156625,219275
Apr-2026,MAMU BTP,HENLEY MAMU,HN MAPLE BROWN PJG M,0,5,0,0,31325,156625,156625
Mei-2026,MAMU BTP,HENLEY MAMU,HN MAPLE BROWN PJG M,0,5,0,0,31325,156625,156625
Jun-2026,MAMU BTP,HENLEY MAMU,HN MAPLE BROWN PJG M,0,5,0,0,31325,156625,156625
Jul-2026,MAMU BTP,HENLEY MAMU,HN MAPLE BROWN PJG M,0,5,0,0,31325,156625,156625
Agu-2026,MAMU BTP,HENLEY MAMU,HN MAPLE BROWN PJG M,31325,4,0,0,31325,125300,156625
Sep-2026,MAMU BTP,HENLEY MAMU,HN MAPLE BROWN PJG M,31325,3,0,0,31325,93975,125300
Okt-2026,MAMU BTP,HENLEY MAMU,HN MAPLE BROWN PJG M,0,2,0,0,31325,62650,93975
Jan-2026,MAMU BTP,HENLEY MAMU,HN MAPLE BROWN PJG XL,75712,2,0,0,75712,151424,0
Feb-2026,MAMU BTP,HENLEY MAMU,HN MAPLE BROWN PJG XL,0,2,0,0,75712,151424,151424
Mar-2026,MAMU BTP,HENLEY MAMU,HN MAPLE BROWN PJG XL,151424,0,0,0,75712,0,151424
Okt-2026,MAMU BTP,HENLEY MAMU,HN MAPLE BROWN PJG XL,0,2,0,0,75712,151424,0
Jan-2026,MAMU BTP,HENLEY MAMU,HN NAVY PDK 2XL,42452,1,0,0,42452,42452,0
Feb-2026,MAMU BTP,HENLEY MAMU,HN NAVY PDK 2XL,0,0,0,0,42452,0,42452
Jan-2026,MAMU BTP,HENLEY MAMU,HN NAVY PDK L,79450,30,0,0,39725,1191750,0
Feb-2026,MAMU BTP,HENLEY MAMU,HN NAVY PDK L,238350,24,0,0,39725,953400,1191750
Mar-2026,MAMU BTP,HENLEY MAMU,HN NAVY PDK L,397250,14,0,0,39725,556150,953400
Apr-2026,MAMU BTP,HENLEY MAMU,HN NAVY PDK L,39725,13,0,0,39725,516425,556150
Mei-2026,MAMU BTP,HENLEY MAMU,HN NAVY PDK L,39725,12,0,0,39725,476700,516425
Jun-2026,MAMU BTP,HENLEY MAMU,HN NAVY PDK L,79450,10,0,0,39725,397250,476700
Jul-2026,MAMU BTP,HENLEY MAMU,HN NAVY PDK L,153934,8,0,0,39725,317800,397250
Agu-2026,MAMU BTP,HENLEY MAMU,HN NAVY PDK L,34759,6,0,0,39725,238350,317800
Sep-2026,MAMU BTP,HENLEY MAMU,HN NAVY PDK L,34759,5,0,0,39725,198625,238350
Okt-2026,MAMU BTP,HENLEY MAMU,HN NAVY PDK L,0,5,0,0,39725,198625,198625
Jan-2026,MAMU BTP,HENLEY MAMU,HN NAVY PDK M,196592,5,0,0,49148,245740,0
Feb-2026,MAMU BTP,HENLEY MAMU,HN NAVY PDK M,98296,3,0,0,49148,147444,245740
Mar-2026,MAMU BTP,HENLEY MAMU,HN NAVY PDK M,49148,0,0,0,49148,0,147444
Jan-2026,MAMU BTP,HENLEY MAMU,HN NAVY PDK S,0,6,0,0,35592,213552,0
Feb-2026,MAMU BTP,HENLEY MAMU,HN NAVY PDK S,0,7,0,0,35592,249144,213552
Mar-2026,MAMU BTP,HENLEY MAMU,HN NAVY PDK S,142368,1,0,0,35592,35592,249144
Apr-2026,MAMU BTP,HENLEY MAMU,HN NAVY PDK S,0,1,0,0,35592,35592,35592
Mei-2026,MAMU BTP,HENLEY MAMU,HN NAVY PDK S,0,1,0,0,35592,35592,35592
Jun-2026,MAMU BTP,HENLEY MAMU,HN NAVY PDK S,0,1,0,0,35592,35592,35592
Jul-2026,MAMU BTP,HENLEY MAMU,HN NAVY PDK S,0,0,0,0,35592,0,35592
Jan-2026,MAMU BTP,HENLEY MAMU,HN NAVY PDK XL,85302,16,0,0,42651,682416,0
Feb-2026,MAMU BTP,HENLEY MAMU,HN NAVY PDK XL,127953,14,0,0,42651,597114,682416
Mar-2026,MAMU BTP,HENLEY MAMU,HN NAVY PDK XL,426510,2,0,0,42651,85302,597114
Apr-2026,MAMU BTP,HENLEY MAMU,HN NAVY PDK XL,0,2,0,0,42651,85302,85302
Mei-2026,MAMU BTP,HENLEY MAMU,HN NAVY PDK XL,42651,1,0,0,42651,42651,85302
Jun-2026,MAMU BTP,HENLEY MAMU,HN NAVY PDK XL,0,1,0,0,42651,42651,42651
Jul-2026,MAMU BTP,HENLEY MAMU,HN NAVY PDK XL,0,0,0,0,42651,0,42651
Jan-2026,MAMU BTP,HENLEY MAMU,HN NAVY PJG L,0,16,0,0,42976,687616,0
Feb-2026,MAMU BTP,HENLEY MAMU,HN NAVY PJG L,0,4,0,0,42976,171904,687616
Mar-2026,MAMU BTP,HENLEY MAMU,HN NAVY PJG L,42976,1,0,0,42976,42976,171904
Apr-2026,MAMU BTP,HENLEY MAMU,HN NAVY PJG L,0,1,0,0,42976,42976,42976
Mei-2026,MAMU BTP,HENLEY MAMU,HN NAVY PJG L,42976,0,0,0,42976,0,42976
Jul-2026,MAMU BTP,HENLEY MAMU,HN NAVY PJG L,0,4,0,0,42976,171904,0
Agu-2026,MAMU BTP,HENLEY MAMU,HN NAVY PJG L,0,3,0,0,42976,128928,171904
Sep-2026,MAMU BTP,HENLEY MAMU,HN NAVY PJG L,0,2,0,0,42976,85952,128928
Okt-2026,MAMU BTP,HENLEY MAMU,HN NAVY PJG L,0,1,0,0,42976,42976,85952
Jan-2026,MAMU BTP,HENLEY MAMU,HN NAVY PJG M,69376,9,0,0,34688,312192,0
Feb-2026,MAMU BTP,HENLEY MAMU,HN NAVY PJG M,0,9,0,0,34688,312192,312192
Mar-2026,MAMU BTP,HENLEY MAMU,HN NAVY PJG M,69376,7,0,0,34688,242816,312192
Apr-2026,MAMU BTP,HENLEY MAMU,HN NAVY PJG M,0,7,0,0,34688,242816,242816
Mei-2026,MAMU BTP,HENLEY MAMU,HN NAVY PJG M,0,7,0,0,34688,242816,242816
Jun-2026,MAMU BTP,HENLEY MAMU,HN NAVY PJG M,34688,6,0,0,34688,208128,242816
Jul-2026,MAMU BTP,HENLEY MAMU,HN NAVY PJG M,0,6,0,0,34688,208128,208128
Agu-2026,MAMU BTP,HENLEY MAMU,HN NAVY PJG M,0,6,0,0,34688,208128,208128
Sep-2026,MAMU BTP,HENLEY MAMU,HN NAVY PJG M,0,6,0,0,34688,208128,208128
Okt-2026,MAMU BTP,HENLEY MAMU,HN NAVY PJG M,34688,5,0,0,34688,173440,208128
Jan-2026,MAMU BTP,HENLEY MAMU,HN NAVY PJG XL,35633,0,0,0,35633,0,0
Sep-2026,MAMU BTP,HENLEY MAMU,HN STONE GREY PJG 2XL,0,1,0,0,42527,42527,0
Okt-2026,MAMU BTP,HENLEY MAMU,HN STONE GREY PJG 2XL,0,1,0,0,42527,42527,42527
Jan-2026,MAMU BTP,HENLEY MAMU,HN STONE GREY PJG L,0,1,0,0,42527,42527,0
Feb-2026,MAMU BTP,HENLEY MAMU,HN STONE GREY PJG L,42527,0,0,0,42527,0,42527
Mar-2026,MAMU GOWA,HENLEY MAMU,HN ABU TUA PDK 2XL,88767,0,0,0,29589,0,0
Mar-2026,MAMU GOWA,HENLEY MAMU,HN ABU TUA PDK L,327420,0,0,0,32742,0,0
Mar-2026,MAMU GOWA,HENLEY MAMU,HN ABU TUA PDK M,75044,0,0,0,37522,0,0
Mar-2026,MAMU GOWA,HENLEY MAMU,HN ABU TUA PDK S,64362,0,0,0,32181,0,0
Mar-2026,MAMU GOWA,HENLEY MAMU,HN ABU TUA PDK XL,82710,0,0,0,41355,0,0
Mar-2026,MAMU GOWA,HENLEY MAMU,HN JET BLACK PDK 2XL,110590,0,0,0,55295,0,0
Mar-2026,MAMU GOWA,HENLEY MAMU,HN JET BLACK PDK L,226702,0,0,0,32386,0,0
Apr-2026,MAMU GOWA,HENLEY MAMU,HN JET BLACK PDK L,32386,2,0,0,32386,64772,0
Mei-2026,MAMU GOWA,HENLEY MAMU,HN JET BLACK PDK L,64772,0,0,0,32386,0,64772
Mar-2026,MAMU GOWA,HENLEY MAMU,HN JET BLACK PDK M,159124,0,0,0,39781,0,0
Mar-2026,MAMU GOWA,HENLEY MAMU,HN JET BLACK PDK S,375804,0,0,0,31317,0,0
Mar-2026,MAMU GOWA,HENLEY MAMU,HN JET BLACK PDK XL,218323,0,0,0,31189,0,0
Mar-2026,MAMU GOWA,HENLEY MAMU,HN JET BLACK PJG 2XL,39314,0,0,0,39314,0,0
Mar-2026,MAMU GOWA,HENLEY MAMU,HN JET BLACK PJG L,158692,6,0,0,39673,238038,0
Apr-2026,MAMU GOWA,HENLEY MAMU,HN JET BLACK PJG L,0,6,0,0,39673,238038,238038
Mei-2026,MAMU GOWA,HENLEY MAMU,HN JET BLACK PJG L,0,6,0,0,39673,238038,238038
Jun-2026,MAMU GOWA,HENLEY MAMU,HN JET BLACK PJG L,0,6,0,0,39673,238038,238038
Jul-2026,MAMU GOWA,HENLEY MAMU,HN JET BLACK PJG L,39673,5,0,0,39673,198365,238038
Agu-2026,MAMU GOWA,HENLEY MAMU,HN JET BLACK PJG L,79346,4,0,0,39673,158692,198365
Sep-2026,MAMU GOWA,HENLEY MAMU,HN JET BLACK PJG L,39673,5,0,0,39673,198365,158692
Okt-2026,MAMU GOWA,HENLEY MAMU,HN JET BLACK PJG L,0,4,0,0,39673,158692,198365
Mar-2026,MAMU GOWA,HENLEY MAMU,HN JET BLACK PJG M,198920,1,0,0,39784,39784,0
Apr-2026,MAMU GOWA,HENLEY MAMU,HN JET BLACK PJG M,0,0,0,0,39784,0,39784
Agu-2026,MAMU GOWA,HENLEY MAMU,HN JET BLACK PJG M,79568,1,0,0,39784,39784,0
Sep-2026,MAMU GOWA,HENLEY MAMU,HN JET BLACK PJG M,39784,0,0,0,39784,0,39784
Mar-2026,MAMU GOWA,HENLEY MAMU,HN JET BLACK PJG XL,84562,4,0,0,42281,169124,0
Apr-2026,MAMU GOWA,HENLEY MAMU,HN JET BLACK PJG XL,0,5,0,0,42281,211405,169124
Mei-2026,MAMU GOWA,HENLEY MAMU,HN JET BLACK PJG XL,0,5,0,0,42281,211405,211405
Jun-2026,MAMU GOWA,HENLEY MAMU,HN JET BLACK PJG XL,0,5,0,0,42281,211405,211405
Jul-2026,MAMU GOWA,HENLEY MAMU,HN JET BLACK PJG XL,42281,5,0,0,42281,211405,211405
Agu-2026,MAMU GOWA,HENLEY MAMU,HN JET BLACK PJG XL,0,5,0,0,42281,211405,211405
Sep-2026,MAMU GOWA,HENLEY MAMU,HN JET BLACK PJG XL,121205,4,0,0,42281,169124,211405
Okt-2026,MAMU GOWA,HENLEY MAMU,HN JET BLACK PJG XL,0,4,0,0,42281,169124,169124
Mar-2026,MAMU GOWA,HENLEY MAMU,HN MAPLE BROWN PDK L,104044,0,0,0,52022,0,0
Mar-2026,MAMU GOWA,HENLEY MAMU,HN MAPLE BROWN PDK M,143213,0,0,0,20459,0,0
Mar-2026,MAMU GOWA,HENLEY MAMU,HN MAPLE BROWN PJG 2XL,75238,0,0,0,75238,0,0
Mar-2026,MAMU GOWA,HENLEY MAMU,HN MAPLE BROWN PJG L,154828,0,0,0,38707,0,0
Mar-2026,MAMU GOWA,HENLEY MAMU,HN MAPLE BROWN PJG M,62650,0,0,0,31325,0,0
Mar-2026,MAMU GOWA,HENLEY MAMU,HN MAPLE BROWN PJG XL,75712,1,0,0,75712,75712,0
Apr-2026,MAMU GOWA,HENLEY MAMU,HN MAPLE BROWN PJG XL,75712,0,0,0,75712,0,75712
Mar-2026,MAMU GOWA,HENLEY MAMU,HN NAVY PDK 2XL,42452,1,0,0,42452,42452,0
Apr-2026,MAMU GOWA,HENLEY MAMU,HN NAVY PDK 2XL,0,0,0,0,42452,0,42452
Mar-2026,MAMU GOWA,HENLEY MAMU,HN NAVY PDK L,158900,4,0,0,39725,158900,0
Apr-2026,MAMU GOWA,HENLEY MAMU,HN NAVY PDK L,0,4,0,0,39725,158900,158900
Mei-2026,MAMU GOWA,HENLEY MAMU,HN NAVY PDK L,0,4,0,0,39725,158900,158900
Jun-2026,MAMU GOWA,HENLEY MAMU,HN NAVY PDK L,79450,2,0,0,39725,79450,158900
Jul-2026,MAMU GOWA,HENLEY MAMU,HN NAVY PDK L,79450,0,0,0,39725,0,79450
Mar-2026,MAMU GOWA,HENLEY MAMU,HN NAVY PDK M,147444,1,0,0,49148,49148,0
Apr-2026,MAMU GOWA,HENLEY MAMU,HN NAVY PDK M,49148,0,0,0,49148,0,49148
Mar-2026,MAMU GOWA,HENLEY MAMU,HN NAVY PDK S,106776,1,0,0,35592,35592,0
Apr-2026,MAMU GOWA,HENLEY MAMU,HN NAVY PDK S,35592,0,0,0,35592,0,35592
Mar-2026,MAMU GOWA,HENLEY MAMU,HN NAVY PDK XL,85302,0,0,0,42651,0,0
Mar-2026,MAMU GOWA,HENLEY MAMU,HN NAVY PJG L,85952,2,0,0,42976,85952,0
Apr-2026,MAMU GOWA,HENLEY MAMU,HN NAVY PJG L,0,2,0,0,42976,85952,85952
Mei-2026,MAMU GOWA,HENLEY MAMU,HN NAVY PJG L,0,2,0,0,42976,85952,85952
Jun-2026,MAMU GOWA,HENLEY MAMU,HN NAVY PJG L,0,2,0,0,42976,85952,85952
Jul-2026,MAMU GOWA,HENLEY MAMU,HN NAVY PJG L,0,2,0,0,42976,85952,85952
Agu-2026,MAMU GOWA,HENLEY MAMU,HN NAVY PJG L,0,2,0,0,42976,85952,85952
Sep-2026,MAMU GOWA,HENLEY MAMU,HN NAVY PJG L,0,2,0,0,42976,85952,85952
Okt-2026,MAMU GOWA,HENLEY MAMU,HN NAVY PJG L,42976,1,0,0,42976,42976,85952
Mar-2026,MAMU GOWA,HENLEY MAMU,HN NAVY PJG M,104064,0,0,0,34688,0,0
Mar-2026,MAMU GOWA,HENLEY MAMU,HN NAVY PJG S,40126,0,0,0,40126,0,0
Mar-2026,MAMU GOWA,HENLEY MAMU,HN NAVY PJG XL,35633,2,0,0,35633,71266,0
Apr-2026,MAMU GOWA,HENLEY MAMU,HN NAVY PJG XL,0,2,0,0,35633,71266,71266
Mei-2026,MAMU GOWA,HENLEY MAMU,HN NAVY PJG XL,0,2,0,0,35633,71266,71266
Jun-2026,MAMU GOWA,HENLEY MAMU,HN NAVY PJG XL,0,2,0,0,35633,71266,71266
Jul-2026,MAMU GOWA,HENLEY MAMU,HN NAVY PJG XL,0,2,0,0,35633,71266,71266
Agu-2026,MAMU GOWA,HENLEY MAMU,HN NAVY PJG XL,0,2,0,0,35633,71266,71266
Sep-2026,MAMU GOWA,HENLEY MAMU,HN NAVY PJG XL,0,2,0,0,35633,71266,71266
Okt-2026,MAMU GOWA,HENLEY MAMU,HN NAVY PJG XL,0,2,0,0,35633,71266,71266
Jan-2026,MAMU KENDARI,HENLEY MAMU,HN ABU TUA PDK 2XL,0,4,0,0,29589,118356,0
Feb-2026,MAMU KENDARI,HENLEY MAMU,HN ABU TUA PDK 2XL,0,4,0,0,29589,118356,118356
Mar-2026,MAMU KENDARI,HENLEY MAMU,HN ABU TUA PDK 2XL,59178,2,0,0,29589,59178,118356
Apr-2026,MAMU KENDARI,HENLEY MAMU,HN ABU TUA PDK 2XL,29589,1,0,0,29589,29589,59178
Mei-2026,MAMU KENDARI,HENLEY MAMU,HN ABU TUA PDK 2XL,0,1,0,0,29589,29589,29589
Jun-2026,MAMU KENDARI,HENLEY MAMU,HN ABU TUA PDK 2XL,0,1,0,0,29589,29589,29589
Jul-2026,MAMU KENDARI,HENLEY MAMU,HN ABU TUA PDK 2XL,0,1,0,0,29589,29589,29589
Agu-2026,MAMU KENDARI,HENLEY MAMU,HN ABU TUA PDK 2XL,0,1,0,0,29589,29589,29589
Sep-2026,MAMU KENDARI,HENLEY MAMU,HN ABU TUA PDK 2XL,0,1,0,0,29589,29589,29589
Okt-2026,MAMU KENDARI,HENLEY MAMU,HN ABU TUA PDK 2XL,0,1,0,0,29589,29589,29589
Jan-2026,MAMU KENDARI,HENLEY MAMU,HN ABU TUA PDK L,0,10,0,0,32742,327420,0
Feb-2026,MAMU KENDARI,HENLEY MAMU,HN ABU TUA PDK L,0,10,0,0,32742,327420,327420
Mar-2026,MAMU KENDARI,HENLEY MAMU,HN ABU TUA PDK L,32742,9,0,0,32742,294678,327420
Apr-2026,MAMU KENDARI,HENLEY MAMU,HN ABU TUA PDK L,32742,8,0,0,32742,261936,294678
Mei-2026,MAMU KENDARI,HENLEY MAMU,HN ABU TUA PDK L,0,8,0,0,32742,261936,261936
Jun-2026,MAMU KENDARI,HENLEY MAMU,HN ABU TUA PDK L,0,8,0,0,32742,261936,261936
Jul-2026,MAMU KENDARI,HENLEY MAMU,HN ABU TUA PDK L,32742,8,0,0,32742,261936,261936
Agu-2026,MAMU KENDARI,HENLEY MAMU,HN ABU TUA PDK L,0,7,0,0,32742,229194,261936
Sep-2026,MAMU KENDARI,HENLEY MAMU,HN ABU TUA PDK L,0,7,0,0,32742,229194,229194
Okt-2026,MAMU KENDARI,HENLEY MAMU,HN ABU TUA PDK L,0,7,0,0,32742,229194,229194
Jan-2026,MAMU KENDARI,HENLEY MAMU,HN ABU TUA PDK M,0,12,0,0,37522,450264,0
Feb-2026,MAMU KENDARI,HENLEY MAMU,HN ABU TUA PDK M,0,12,0,0,37522,450264,450264
Mar-2026,MAMU KENDARI,HENLEY MAMU,HN ABU TUA PDK M,75044,10,0,0,37522,375220,450264
Apr-2026,MAMU KENDARI,HENLEY MAMU,HN ABU TUA PDK M,0,10,0,0,37522,375220,375220
Mei-2026,MAMU KENDARI,HENLEY MAMU,HN ABU TUA PDK M,0,10,0,0,37522,375220,375220
Jun-2026,MAMU KENDARI,HENLEY MAMU,HN ABU TUA PDK M,0,10,0,0,37522,375220,375220
Jul-2026,MAMU KENDARI,HENLEY MAMU,HN ABU TUA PDK M,0,10,0,0,37522,375220,375220
Agu-2026,MAMU KENDARI,HENLEY MAMU,HN ABU TUA PDK M,0,10,0,0,37522,375220,375220
Sep-2026,MAMU KENDARI,HENLEY MAMU,HN ABU TUA PDK M,0,10,0,0,37522,375220,375220
Okt-2026,MAMU KENDARI,HENLEY MAMU,HN ABU TUA PDK M,0,10,0,0,37522,375220,375220
Jan-2026,MAMU KENDARI,HENLEY MAMU,HN ABU TUA PDK S,0,6,0,0,32181,193086,0
Feb-2026,MAMU KENDARI,HENLEY MAMU,HN ABU TUA PDK S,0,6,0,0,32181,193086,193086
Mar-2026,MAMU KENDARI,HENLEY MAMU,HN ABU TUA PDK S,32181,5,0,0,32181,160905,193086
Apr-2026,MAMU KENDARI,HENLEY MAMU,HN ABU TUA PDK S,0,5,0,0,32181,160905,160905
Mei-2026,MAMU KENDARI,HENLEY MAMU,HN ABU TUA PDK S,0,5,0,0,32181,160905,160905
Jun-2026,MAMU KENDARI,HENLEY MAMU,HN ABU TUA PDK S,0,5,0,0,32181,160905,160905
Jul-2026,MAMU KENDARI,HENLEY MAMU,HN ABU TUA PDK S,0,5,0,0,32181,160905,160905
Agu-2026,MAMU KENDARI,HENLEY MAMU,HN ABU TUA PDK S,0,5,0,0,32181,160905,160905
Sep-2026,MAMU KENDARI,HENLEY MAMU,HN ABU TUA PDK S,0,5,0,0,32181,160905,160905
Okt-2026,MAMU KENDARI,HENLEY MAMU,HN ABU TUA PDK S,0,5,0,0,32181,160905,160905
Jan-2026,MAMU KENDARI,HENLEY MAMU,HN ABU TUA PDK XL,0,2,0,0,41355,82710,0
Feb-2026,MAMU KENDARI,HENLEY MAMU,HN ABU TUA PDK XL,82710,0,0,0,41355,0,82710
Jan-2026,MAMU KENDARI,HENLEY MAMU,HN ABU TUA PJG 2XL,0,3,0,0,29107,87321,0
Feb-2026,MAMU KENDARI,HENLEY MAMU,HN ABU TUA PJG 2XL,0,3,0,0,29107,87321,87321
Mar-2026,MAMU KENDARI,HENLEY MAMU,HN ABU TUA PJG 2XL,0,3,0,0,29107,87321,87321
Apr-2026,MAMU KENDARI,HENLEY MAMU,HN ABU TUA PJG 2XL,0,3,0,0,29107,87321,87321
Mei-2026,MAMU KENDARI,HENLEY MAMU,HN ABU TUA PJG 2XL,0,3,0,0,29107,87321,87321
Jun-2026,MAMU KENDARI,HENLEY MAMU,HN ABU TUA PJG 2XL,0,3,0,0,29107,87321,87321
Jul-2026,MAMU KENDARI,HENLEY MAMU,HN ABU TUA PJG 2XL,0,3,0,0,29107,87321,87321
Agu-2026,MAMU KENDARI,HENLEY MAMU,HN ABU TUA PJG 2XL,0,3,0,0,29107,87321,87321
Sep-2026,MAMU KENDARI,HENLEY MAMU,HN ABU TUA PJG 2XL,0,3,0,0,29107,87321,87321
Okt-2026,MAMU KENDARI,HENLEY MAMU,HN ABU TUA PJG 2XL,0,3,0,0,29107,87321,87321
Jan-2026,MAMU KENDARI,HENLEY MAMU,HN ABU TUA PJG L,0,6,0,0,37310,223860,0
Feb-2026,MAMU KENDARI,HENLEY MAMU,HN ABU TUA PJG L,0,6,0,0,37310,223860,223860
Mar-2026,MAMU KENDARI,HENLEY MAMU,HN ABU TUA PJG L,37310,5,0,0,37310,186550,223860
Apr-2026,MAMU KENDARI,HENLEY MAMU,HN ABU TUA PJG L,0,5,0,0,37310,186550,186550
Mei-2026,MAMU KENDARI,HENLEY MAMU,HN ABU TUA PJG L,0,5,0,0,37310,186550,186550
Jun-2026,MAMU KENDARI,HENLEY MAMU,HN ABU TUA PJG L,0,5,0,0,37310,186550,186550
Jul-2026,MAMU KENDARI,HENLEY MAMU,HN ABU TUA PJG L,0,5,0,0,37310,186550,186550
Agu-2026,MAMU KENDARI,HENLEY MAMU,HN ABU TUA PJG L,0,5,0,0,37310,186550,186550
Sep-2026,MAMU KENDARI,HENLEY MAMU,HN ABU TUA PJG L,37310,4,0,0,37310,149240,186550
Okt-2026,MAMU KENDARI,HENLEY MAMU,HN ABU TUA PJG L,0,4,0,0,37310,149240,149240
Feb-2026,MAMU KENDARI,HENLEY MAMU,HN ABU TUA PJG M,0,2,0,0,39650,79300,0
Mar-2026,MAMU KENDARI,HENLEY MAMU,HN ABU TUA PJG M,0,2,0,0,39650,79300,79300
Apr-2026,MAMU KENDARI,HENLEY MAMU,HN ABU TUA PJG M,0,2,0,0,39650,79300,79300
Mei-2026,MAMU KENDARI,HENLEY MAMU,HN ABU TUA PJG M,0,2,0,0,39650,79300,79300
Jun-2026,MAMU KENDARI,HENLEY MAMU,HN ABU TUA PJG M,0,2,0,0,39650,79300,79300
Jul-2026,MAMU KENDARI,HENLEY MAMU,HN ABU TUA PJG M,0,2,0,0,39650,79300,79300
Agu-2026,MAMU KENDARI,HENLEY MAMU,HN ABU TUA PJG M,0,2,0,0,39650,79300,79300
Sep-2026,MAMU KENDARI,HENLEY MAMU,HN ABU TUA PJG M,0,2,0,0,39650,79300,79300
Okt-2026,MAMU KENDARI,HENLEY MAMU,HN ABU TUA PJG M,0,2,0,0,39650,79300,79300
Jan-2026,MAMU KENDARI,HENLEY MAMU,HN ABU TUA PJG S,0,2,0,0,37733,75466,0
Feb-2026,MAMU KENDARI,HENLEY MAMU,HN ABU TUA PJG S,0,2,0,0,37733,75466,75466
Mar-2026,MAMU KENDARI,HENLEY MAMU,HN ABU TUA PJG S,0,2,0,0,37733,75466,75466
Apr-2026,MAMU KENDARI,HENLEY MAMU,HN ABU TUA PJG S,0,2,0,0,37733,75466,75466
Mei-2026,MAMU KENDARI,HENLEY MAMU,HN ABU TUA PJG S,0,2,0,0,37733,75466,75466
Jun-2026,MAMU KENDARI,HENLEY MAMU,HN ABU TUA PJG S,0,2,0,0,37733,75466,75466
Jul-2026,MAMU KENDARI,HENLEY MAMU,HN ABU TUA PJG S,0,2,0,0,37733,75466,75466
Agu-2026,MAMU KENDARI,HENLEY MAMU,HN ABU TUA PJG S,0,2,0,0,37733,75466,75466
Sep-2026,MAMU KENDARI,HENLEY MAMU,HN ABU TUA PJG S,0,2,0,0,37733,75466,75466
Okt-2026,MAMU KENDARI,HENLEY MAMU,HN ABU TUA PJG S,0,2,0,0,37733,75466,75466
Jan-2026,MAMU KENDARI,HENLEY MAMU,HN ABU TUA PJG XL,0,4,0,0,42765,171060,0
Feb-2026,MAMU KENDARI,HENLEY MAMU,HN ABU TUA PJG XL,0,4,0,0,42765,171060,171060
Mar-2026,MAMU KENDARI,HENLEY MAMU,HN ABU TUA PJG XL,0,4,0,0,42765,171060,171060
Apr-2026,MAMU KENDARI,HENLEY MAMU,HN ABU TUA PJG XL,0,4,0,0,42765,171060,171060
Mei-2026,MAMU KENDARI,HENLEY MAMU,HN ABU TUA PJG XL,0,4,0,0,42765,171060,171060
Jun-2026,MAMU KENDARI,HENLEY MAMU,HN ABU TUA PJG XL,0,4,0,0,42765,171060,171060
Jul-2026,MAMU KENDARI,HENLEY MAMU,HN ABU TUA PJG XL,0,4,0,0,42765,171060,171060
Agu-2026,MAMU KENDARI,HENLEY MAMU,HN ABU TUA PJG XL,0,4,0,0,42765,171060,171060
Sep-2026,MAMU KENDARI,HENLEY MAMU,HN ABU TUA PJG XL,0,4,0,0,42765,171060,171060
Okt-2026,MAMU KENDARI,HENLEY MAMU,HN ABU TUA PJG XL,0,4,0,0,42765,171060,171060
Jan-2026,MAMU KENDARI,HENLEY MAMU,HN BEIGE PDK 2XL,0,1,0,0,43600,43600,0
Feb-2026,MAMU KENDARI,HENLEY MAMU,HN BEIGE PDK 2XL,0,1,0,0,43600,43600,43600
Mar-2026,MAMU KENDARI,HENLEY MAMU,HN BEIGE PDK 2XL,0,1,0,0,43600,43600,43600
Apr-2026,MAMU KENDARI,HENLEY MAMU,HN BEIGE PDK 2XL,0,1,0,0,43600,43600,43600
Mei-2026,MAMU KENDARI,HENLEY MAMU,HN BEIGE PDK 2XL,0,1,0,0,43600,43600,43600
Jun-2026,MAMU KENDARI,HENLEY MAMU,HN BEIGE PDK 2XL,43600,0,0,0,43600,0,43600
Jan-2026,MAMU KENDARI,HENLEY MAMU,HN BEIGE PDK L,0,10,0,0,38927,389270,0
Feb-2026,MAMU KENDARI,HENLEY MAMU,HN BEIGE PDK L,0,10,0,0,38927,389270,389270
Mar-2026,MAMU KENDARI,HENLEY MAMU,HN BEIGE PDK L,77854,8,0,0,38927,311416,389270
Apr-2026,MAMU KENDARI,HENLEY MAMU,HN BEIGE PDK L,0,8,0,0,38927,311416,311416
Mei-2026,MAMU KENDARI,HENLEY MAMU,HN BEIGE PDK L,0,8,0,0,38927,311416,311416
Jun-2026,MAMU KENDARI,HENLEY MAMU,HN BEIGE PDK L,0,8,0,0,38927,311416,311416
Jul-2026,MAMU KENDARI,HENLEY MAMU,HN BEIGE PDK L,0,8,0,0,38927,311416,311416
Agu-2026,MAMU KENDARI,HENLEY MAMU,HN BEIGE PDK L,0,8,0,0,38927,311416,311416
Sep-2026,MAMU KENDARI,HENLEY MAMU,HN BEIGE PDK L,0,8,0,0,38927,311416,311416
Okt-2026,MAMU KENDARI,HENLEY MAMU,HN BEIGE PDK L,0,8,0,0,38927,311416,311416
Jan-2026,MAMU KENDARI,HENLEY MAMU,HN BEIGE PDK M,0,7,0,0,28372,198604,0
Feb-2026,MAMU KENDARI,HENLEY MAMU,HN BEIGE PDK M,0,7,0,0,28372,198604,198604
Mar-2026,MAMU KENDARI,HENLEY MAMU,HN BEIGE PDK M,28372,6,0,0,28372,170232,198604
Apr-2026,MAMU KENDARI,HENLEY MAMU,HN BEIGE PDK M,0,6,0,0,28372,170232,170232
Mei-2026,MAMU KENDARI,HENLEY MAMU,HN BEIGE PDK M,0,6,0,0,28372,170232,170232
Jun-2026,MAMU KENDARI,HENLEY MAMU,HN BEIGE PDK M,0,6,0,0,28372,170232,170232
Jul-2026,MAMU KENDARI,HENLEY MAMU,HN BEIGE PDK M,0,6,0,0,28372,170232,170232
Agu-2026,MAMU KENDARI,HENLEY MAMU,HN BEIGE PDK M,0,6,0,0,28372,170232,170232
Sep-2026,MAMU KENDARI,HENLEY MAMU,HN BEIGE PDK M,0,6,0,0,28372,170232,170232
Okt-2026,MAMU KENDARI,HENLEY MAMU,HN BEIGE PDK M,0,6,0,0,28372,170232,170232
Jan-2026,MAMU KENDARI,HENLEY MAMU,HN BEIGE PDK S,0,7,0,0,32625,228375,0
Feb-2026,MAMU KENDARI,HENLEY MAMU,HN BEIGE PDK S,0,7,0,0,32625,228375,228375
Mar-2026,MAMU KENDARI,HENLEY MAMU,HN BEIGE PDK S,0,7,0,0,32625,228375,228375
Apr-2026,MAMU KENDARI,HENLEY MAMU,HN BEIGE PDK S,0,7,0,0,32625,228375,228375
Mei-2026,MAMU KENDARI,HENLEY MAMU,HN BEIGE PDK S,0,7,0,0,32625,228375,228375
Jun-2026,MAMU KENDARI,HENLEY MAMU,HN BEIGE PDK S,0,7,0,0,32625,228375,228375
Jul-2026,MAMU KENDARI,HENLEY MAMU,HN BEIGE PDK S,0,7,0,0,32625,228375,228375
Agu-2026,MAMU KENDARI,HENLEY MAMU,HN BEIGE PDK S,0,7,0,0,32625,228375,228375
Sep-2026,MAMU KENDARI,HENLEY MAMU,HN BEIGE PDK S,0,7,0,0,32625,228375,228375
Okt-2026,MAMU KENDARI,HENLEY MAMU,HN BEIGE PDK S,0,7,0,0,32625,228375,228375
Jan-2026,MAMU KENDARI,HENLEY MAMU,HN BEIGE PDK XL,0,13,0,0,30948,402324,0
Feb-2026,MAMU KENDARI,HENLEY MAMU,HN BEIGE PDK XL,0,13,0,0,30948,402324,402324
Mar-2026,MAMU KENDARI,HENLEY MAMU,HN BEIGE PDK XL,0,13,0,0,30948,402324,402324
Apr-2026,MAMU KENDARI,HENLEY MAMU,HN BEIGE PDK XL,0,13,0,0,30948,402324,402324
Mei-2026,MAMU KENDARI,HENLEY MAMU,HN BEIGE PDK XL,30948,12,0,0,30948,371376,402324
Jun-2026,MAMU KENDARI,HENLEY MAMU,HN BEIGE PDK XL,30948,11,0,0,30948,340428,371376
Jul-2026,MAMU KENDARI,HENLEY MAMU,HN BEIGE PDK XL,0,11,0,0,30948,340428,340428
Agu-2026,MAMU KENDARI,HENLEY MAMU,HN BEIGE PDK XL,0,11,0,0,30948,340428,340428
Sep-2026,MAMU KENDARI,HENLEY MAMU,HN BEIGE PDK XL,0,11,0,0,30948,340428,340428
Okt-2026,MAMU KENDARI,HENLEY MAMU,HN BEIGE PDK XL,0,11,0,0,30948,340428,340428
Jan-2026,MAMU KENDARI,HENLEY MAMU,HN BEIGE PJG L,0,4,0,0,39109,156436,0
Feb-2026,MAMU KENDARI,HENLEY MAMU,HN BEIGE PJG L,0,4,0,0,39109,156436,156436
Mar-2026,MAMU KENDARI,HENLEY MAMU,HN BEIGE PJG L,0,4,0,0,39109,156436,156436
Apr-2026,MAMU KENDARI,HENLEY MAMU,HN BEIGE PJG L,0,4,0,0,39109,156436,156436
Mei-2026,MAMU KENDARI,HENLEY MAMU,HN BEIGE PJG L,0,4,0,0,39109,156436,156436
Jun-2026,MAMU KENDARI,HENLEY MAMU,HN BEIGE PJG L,0,4,0,0,39109,156436,156436
Jul-2026,MAMU KENDARI,HENLEY MAMU,HN BEIGE PJG L,0,4,0,0,39109,156436,156436
Agu-2026,MAMU KENDARI,HENLEY MAMU,HN BEIGE PJG L,0,4,0,0,39109,156436,156436
Sep-2026,MAMU KENDARI,HENLEY MAMU,HN BEIGE PJG L,0,4,0,0,39109,156436,156436
Okt-2026,MAMU KENDARI,HENLEY MAMU,HN BEIGE PJG L,0,4,0,0,39109,156436,156436
Jan-2026,MAMU KENDARI,HENLEY MAMU,HN BEIGE PJG M,0,1,0,0,35981,35981,0
Feb-2026,MAMU KENDARI,HENLEY MAMU,HN BEIGE PJG M,0,7,0,0,35981,251867,35981
Mar-2026,MAMU KENDARI,HENLEY MAMU,HN BEIGE PJG M,0,7,0,0,35981,251867,251867
Apr-2026,MAMU KENDARI,HENLEY MAMU,HN BEIGE PJG M,35981,6,0,0,35981,215886,251867
Mei-2026,MAMU KENDARI,HENLEY MAMU,HN BEIGE PJG M,0,6,0,0,35981,215886,215886
Jun-2026,MAMU KENDARI,HENLEY MAMU,HN BEIGE PJG M,0,6,0,0,35981,215886,215886
Jul-2026,MAMU KENDARI,HENLEY MAMU,HN BEIGE PJG M,0,6,0,0,35981,215886,215886
Agu-2026,MAMU KENDARI,HENLEY MAMU,HN BEIGE PJG M,0,6,0,0,35981,215886,215886
Sep-2026,MAMU KENDARI,HENLEY MAMU,HN BEIGE PJG M,0,6,0,0,35981,215886,215886
Okt-2026,MAMU KENDARI,HENLEY MAMU,HN BEIGE PJG M,0,6,0,0,35981,215886,215886
Jan-2026,MAMU KENDARI,HENLEY MAMU,HN BEIGE PJG S,0,1,0,0,115484,115484,0
Feb-2026,MAMU KENDARI,HENLEY MAMU,HN BEIGE PJG S,0,1,0,0,115484,115484,115484
Mar-2026,MAMU KENDARI,HENLEY MAMU,HN BEIGE PJG S,0,1,0,0,115484,115484,115484
Apr-2026,MAMU KENDARI,HENLEY MAMU,HN BEIGE PJG S,0,1,0,0,115484,115484,115484
Mei-2026,MAMU KENDARI,HENLEY MAMU,HN BEIGE PJG S,0,1,0,0,115484,115484,115484
Jun-2026,MAMU KENDARI,HENLEY MAMU,HN BEIGE PJG S,0,1,0,0,115484,115484,115484
Jul-2026,MAMU KENDARI,HENLEY MAMU,HN BEIGE PJG S,0,1,0,0,115484,115484,115484
Agu-2026,MAMU KENDARI,HENLEY MAMU,HN BEIGE PJG S,0,1,0,0,115484,115484,115484
Sep-2026,MAMU KENDARI,HENLEY MAMU,HN BEIGE PJG S,0,1,0,0,115484,115484,115484
Okt-2026,MAMU KENDARI,HENLEY MAMU,HN BEIGE PJG S,0,1,0,0,115484,115484,115484
Jan-2026,MAMU KENDARI,HENLEY MAMU,HN BEIGE PJG XL,0,5,0,0,36128,180640,0
Feb-2026,MAMU KENDARI,HENLEY MAMU,HN BEIGE PJG XL,0,5,0,0,36128,180640,180640
Mar-2026,MAMU KENDARI,HENLEY MAMU,HN BEIGE PJG XL,36128,4,0,0,36128,144512,180640
Apr-2026,MAMU KENDARI,HENLEY MAMU,HN BEIGE PJG XL,0,4,0,0,36128,144512,144512
Mei-2026,MAMU KENDARI,HENLEY MAMU,HN BEIGE PJG XL,0,4,0,0,36128,144512,144512
Jun-2026,MAMU KENDARI,HENLEY MAMU,HN BEIGE PJG XL,0,4,0,0,36128,144512,144512
Jul-2026,MAMU KENDARI,HENLEY MAMU,HN BEIGE PJG XL,36128,3,0,0,36128,108384,144512
Agu-2026,MAMU KENDARI,HENLEY MAMU,HN BEIGE PJG XL,0,3,0,0,36128,108384,108384
Sep-2026,MAMU KENDARI,HENLEY MAMU,HN BEIGE PJG XL,0,3,0,0,36128,108384,108384
Okt-2026,MAMU KENDARI,HENLEY MAMU,HN BEIGE PJG XL,0,3,0,0,36128,108384,108384
Jan-2026,MAMU KENDARI,HENLEY MAMU,HN JET BLACK PDK 2XL,0,7,0,0,55295,387065,0
Feb-2026,MAMU KENDARI,HENLEY MAMU,HN JET BLACK PDK 2XL,0,7,0,0,55295,387065,387065
Mar-2026,MAMU KENDARI,HENLEY MAMU,HN JET BLACK PDK 2XL,110590,5,0,0,55295,276475,387065
Apr-2026,MAMU KENDARI,HENLEY MAMU,HN JET BLACK PDK 2XL,55295,4,0,0,55295,221180,276475
Mei-2026,MAMU KENDARI,HENLEY MAMU,HN JET BLACK PDK 2XL,0,4,0,0,55295,221180,221180
Jun-2026,MAMU KENDARI,HENLEY MAMU,HN JET BLACK PDK 2XL,0,5,0,0,55295,276475,221180
Jul-2026,MAMU KENDARI,HENLEY MAMU,HN JET BLACK PDK 2XL,0,5,0,0,55295,276475,276475
Agu-2026,MAMU KENDARI,HENLEY MAMU,HN JET BLACK PDK 2XL,0,5,0,0,55295,276475,276475
Sep-2026,MAMU KENDARI,HENLEY MAMU,HN JET BLACK PDK 2XL,0,5,0,0,55295,276475,276475
Okt-2026,MAMU KENDARI,HENLEY MAMU,HN JET BLACK PDK 2XL,0,5,0,0,55295,276475,276475
Jan-2026,MAMU KENDARI,HENLEY MAMU,HN JET BLACK PDK L,0,14,0,0,32386,453404,0
Feb-2026,MAMU KENDARI,HENLEY MAMU,HN JET BLACK PDK L,0,14,0,0,32386,453404,453404
Mar-2026,MAMU KENDARI,HENLEY MAMU,HN JET BLACK PDK L,64772,12,0,0,32386,388632,453404
Apr-2026,MAMU KENDARI,HENLEY MAMU,HN JET BLACK PDK L,0,12,0,0,32386,388632,388632
Mei-2026,MAMU KENDARI,HENLEY MAMU,HN JET BLACK PDK L,0,12,0,0,32386,388632,388632
Jun-2026,MAMU KENDARI,HENLEY MAMU,HN JET BLACK PDK L,0,12,0,0,32386,388632,388632
Jul-2026,MAMU KENDARI,HENLEY MAMU,HN JET BLACK PDK L,0,12,0,0,32386,388632,388632
Agu-2026,MAMU KENDARI,HENLEY MAMU,HN JET BLACK PDK L,32386,11,0,0,32386,356246,388632
Sep-2026,MAMU KENDARI,HENLEY MAMU,HN JET BLACK PDK L,0,11,0,0,32386,356246,356246
Okt-2026,MAMU KENDARI,HENLEY MAMU,HN JET BLACK PDK L,0,11,0,0,32386,356246,356246
Jan-2026,MAMU KENDARI,HENLEY MAMU,HN JET BLACK PDK M,0,15,0,0,39781,596715,0
Feb-2026,MAMU KENDARI,HENLEY MAMU,HN JET BLACK PDK M,0,15,0,0,39781,596715,596715
Mar-2026,MAMU KENDARI,HENLEY MAMU,HN JET BLACK PDK M,39781,14,0,0,39781,556934,596715
Apr-2026,MAMU KENDARI,HENLEY MAMU,HN JET BLACK PDK M,0,14,0,0,39781,556934,556934
Mei-2026,MAMU KENDARI,HENLEY MAMU,HN JET BLACK PDK M,39781,13,0,0,39781,517153,556934
Jun-2026,MAMU KENDARI,HENLEY MAMU,HN JET BLACK PDK M,0,13,0,0,39781,517153,517153
Jul-2026,MAMU KENDARI,HENLEY MAMU,HN JET BLACK PDK M,0,13,0,0,39781,517153,517153
Agu-2026,MAMU KENDARI,HENLEY MAMU,HN JET BLACK PDK M,0,13,0,0,39781,517153,517153
Sep-2026,MAMU KENDARI,HENLEY MAMU,HN JET BLACK PDK M,0,13,0,0,39781,517153,517153
Okt-2026,MAMU KENDARI,HENLEY MAMU,HN JET BLACK PDK M,0,13,0,0,39781,517153,517153
Jan-2026,MAMU KENDARI,HENLEY MAMU,HN JET BLACK PDK S,0,6,0,0,31317,187902,0
Feb-2026,MAMU KENDARI,HENLEY MAMU,HN JET BLACK PDK S,0,6,0,0,31317,187902,187902
Mar-2026,MAMU KENDARI,HENLEY MAMU,HN JET BLACK PDK S,31317,5,0,0,31317,156585,187902
Apr-2026,MAMU KENDARI,HENLEY MAMU,HN JET BLACK PDK S,0,5,0,0,31317,156585,156585
Mei-2026,MAMU KENDARI,HENLEY MAMU,HN JET BLACK PDK S,31317,4,0,0,31317,125268,156585
Jun-2026,MAMU KENDARI,HENLEY MAMU,HN JET BLACK PDK S,0,4,0,0,31317,125268,125268
Jul-2026,MAMU KENDARI,HENLEY MAMU,HN JET BLACK PDK S,0,4,0,0,31317,125268,125268
Agu-2026,MAMU KENDARI,HENLEY MAMU,HN JET BLACK PDK S,0,4,0,0,31317,125268,125268
Sep-2026,MAMU KENDARI,HENLEY MAMU,HN JET BLACK PDK S,0,4,0,0,31317,125268,125268
Okt-2026,MAMU KENDARI,HENLEY MAMU,HN JET BLACK PDK S,0,4,0,0,31317,125268,125268
Jan-2026,MAMU KENDARI,HENLEY MAMU,HN JET BLACK PDK XL,0,14,0,0,31189,436646,0
Feb-2026,MAMU KENDARI,HENLEY MAMU,HN JET BLACK PDK XL,0,14,0,0,31189,436646,436646
Mar-2026,MAMU KENDARI,HENLEY MAMU,HN JET BLACK PDK XL,93567,11,0,0,31189,343079,436646
Apr-2026,MAMU KENDARI,HENLEY MAMU,HN JET BLACK PDK XL,0,11,0,0,31189,343079,343079
Mei-2026,MAMU KENDARI,HENLEY MAMU,HN JET BLACK PDK XL,31189,10,0,0,31189,311890,343079
Jun-2026,MAMU KENDARI,HENLEY MAMU,HN JET BLACK PDK XL,0,10,0,0,31189,311890,311890
Jul-2026,MAMU KENDARI,HENLEY MAMU,HN JET BLACK PDK XL,31189,9,0,0,31189,280701,311890
Agu-2026,MAMU KENDARI,HENLEY MAMU,HN JET BLACK PDK XL,0,9,0,0,31189,280701,280701
Sep-2026,MAMU KENDARI,HENLEY MAMU,HN JET BLACK PDK XL,0,9,0,0,31189,280701,280701
Okt-2026,MAMU KENDARI,HENLEY MAMU,HN JET BLACK PDK XL,0,9,0,0,31189,280701,280701
Jan-2026,MAMU KENDARI,HENLEY MAMU,HN JET BLACK PJG 2XL,0,2,0,0,39314,78628,0
Feb-2026,MAMU KENDARI,HENLEY MAMU,HN JET BLACK PJG 2XL,39314,1,0,0,39314,39314,78628
Mar-2026,MAMU KENDARI,HENLEY MAMU,HN JET BLACK PJG 2XL,0,1,0,0,39314,39314,39314
Apr-2026,MAMU KENDARI,HENLEY MAMU,HN JET BLACK PJG 2XL,0,1,0,0,39314,39314,39314
Mei-2026,MAMU KENDARI,HENLEY MAMU,HN JET BLACK PJG 2XL,39314,0,0,0,39314,0,39314
Jan-2026,MAMU KENDARI,HENLEY MAMU,HN JET BLACK PJG L,0,16,0,0,39673,634768,0
Feb-2026,MAMU KENDARI,HENLEY MAMU,HN JET BLACK PJG L,0,16,0,0,39673,634768,634768
Mar-2026,MAMU KENDARI,HENLEY MAMU,HN JET BLACK PJG L,39673,15,0,0,39673,595095,634768
Apr-2026,MAMU KENDARI,HENLEY MAMU,HN JET BLACK PJG L,39673,15,0,0,39673,595095,595095
Mei-2026,MAMU KENDARI,HENLEY MAMU,HN JET BLACK PJG L,0,15,0,0,39673,595095,595095
Jun-2026,MAMU KENDARI,HENLEY MAMU,HN JET BLACK PJG L,0,15,0,0,39673,595095,595095
Jul-2026,MAMU KENDARI,HENLEY MAMU,HN JET BLACK PJG L,0,15,0,0,39673,595095,595095
Agu-2026,MAMU KENDARI,HENLEY MAMU,HN JET BLACK PJG L,0,15,0,0,39673,595095,595095
Sep-2026,MAMU KENDARI,HENLEY MAMU,HN JET BLACK PJG L,0,15,0,0,39673,595095,595095
Okt-2026,MAMU KENDARI,HENLEY MAMU,HN JET BLACK PJG L,0,15,0,0,39673,595095,595095
Feb-2026,MAMU KENDARI,HENLEY MAMU,HN JET BLACK PJG M,0,13,0,0,39784,517192,0
Mar-2026,MAMU KENDARI,HENLEY MAMU,HN JET BLACK PJG M,39784,13,0,0,39784,517192,517192
Apr-2026,MAMU KENDARI,HENLEY MAMU,HN JET BLACK PJG M,0,11,0,0,39784,437624,517192
Mei-2026,MAMU KENDARI,HENLEY MAMU,HN JET BLACK PJG M,0,11,0,0,39784,437624,437624
Jun-2026,MAMU KENDARI,HENLEY MAMU,HN JET BLACK PJG M,0,11,0,0,39784,437624,437624
Jul-2026,MAMU KENDARI,HENLEY MAMU,HN JET BLACK PJG M,0,11,0,0,39784,437624,437624
Agu-2026,MAMU KENDARI,HENLEY MAMU,HN JET BLACK PJG M,39784,10,0,0,39784,397840,437624
Sep-2026,MAMU KENDARI,HENLEY MAMU,HN JET BLACK PJG M,0,10,0,0,39784,397840,397840
Okt-2026,MAMU KENDARI,HENLEY MAMU,HN JET BLACK PJG M,0,10,0,0,39784,397840,397840
Jan-2026,MAMU KENDARI,HENLEY MAMU,HN JET BLACK PJG S,0,5,0,0,50581,252905,0
Feb-2026,MAMU KENDARI,HENLEY MAMU,HN JET BLACK PJG S,0,5,0,0,50581,252905,252905
Mar-2026,MAMU KENDARI,HENLEY MAMU,HN JET BLACK PJG S,0,5,0,0,50581,252905,252905
Apr-2026,MAMU KENDARI,HENLEY MAMU,HN JET BLACK PJG S,0,5,0,0,50581,252905,252905
Mei-2026,MAMU KENDARI,HENLEY MAMU,HN JET BLACK PJG S,0,5,0,0,50581,252905,252905
Jun-2026,MAMU KENDARI,HENLEY MAMU,HN JET BLACK PJG S,0,5,0,0,50581,252905,252905
Jul-2026,MAMU KENDARI,HENLEY MAMU,HN JET BLACK PJG S,0,5,0,0,50581,252905,252905
Agu-2026,MAMU KENDARI,HENLEY MAMU,HN JET BLACK PJG S,50581,4,0,0,50581,202324,252905
Sep-2026,MAMU KENDARI,HENLEY MAMU,HN JET BLACK PJG S,0,4,0,0,50581,202324,202324
Okt-2026,MAMU KENDARI,HENLEY MAMU,HN JET BLACK PJG S,0,4,0,0,50581,202324,202324
Jan-2026,MAMU KENDARI,HENLEY MAMU,HN JET BLACK PJG XL,0,2,0,0,42281,84562,0
Feb-2026,MAMU KENDARI,HENLEY MAMU,HN JET BLACK PJG XL,0,2,0,0,42281,84562,84562
Mar-2026,MAMU KENDARI,HENLEY MAMU,HN JET BLACK PJG XL,0,2,0,0,42281,84562,84562
Apr-2026,MAMU KENDARI,HENLEY MAMU,HN JET BLACK PJG XL,42281,1,0,0,42281,42281,84562
Mei-2026,MAMU KENDARI,HENLEY MAMU,HN JET BLACK PJG XL,0,1,0,0,42281,42281,42281
Jun-2026,MAMU KENDARI,HENLEY MAMU,HN JET BLACK PJG XL,0,1,0,0,42281,42281,42281
Jul-2026,MAMU KENDARI,HENLEY MAMU,HN JET BLACK PJG XL,0,1,0,0,42281,42281,42281
Agu-2026,MAMU KENDARI,HENLEY MAMU,HN JET BLACK PJG XL,0,1,0,0,42281,42281,42281
Sep-2026,MAMU KENDARI,HENLEY MAMU,HN JET BLACK PJG XL,0,1,0,0,42281,42281,42281
Okt-2026,MAMU KENDARI,HENLEY MAMU,HN JET BLACK PJG XL,0,1,0,0,42281,42281,42281
Jan-2026,MAMU KENDARI,HENLEY MAMU,HN MAPLE BROWN PDK L,0,9,0,0,52022,468198,0
Feb-2026,MAMU KENDARI,HENLEY MAMU,HN MAPLE BROWN PDK L,0,9,0,0,52022,468198,468198
Mar-2026,MAMU KENDARI,HENLEY MAMU,HN MAPLE BROWN PDK L,0,8,0,0,52022,416176,468198
Apr-2026,MAMU KENDARI,HENLEY MAMU,HN MAPLE BROWN PDK L,52022,7,0,0,52022,364154,416176
Mei-2026,MAMU KENDARI,HENLEY MAMU,HN MAPLE BROWN PDK L,52022,6,0,0,52022,312132,364154
Jun-2026,MAMU KENDARI,HENLEY MAMU,HN MAPLE BROWN PDK L,0,6,0,0,52022,312132,312132
Jul-2026,MAMU KENDARI,HENLEY MAMU,HN MAPLE BROWN PDK L,0,6,0,0,52022,312132,312132
Agu-2026,MAMU KENDARI,HENLEY MAMU,HN MAPLE BROWN PDK L,0,6,0,0,52022,312132,312132
Sep-2026,MAMU KENDARI,HENLEY MAMU,HN MAPLE BROWN PDK L,0,6,0,0,52022,312132,312132
Okt-2026,MAMU KENDARI,HENLEY MAMU,HN MAPLE BROWN PDK L,52022,5,0,0,52022,260110,312132
Jan-2026,MAMU KENDARI,HENLEY MAMU,HN MAPLE BROWN PDK M,0,5,0,0,20459,102295,0
Feb-2026,MAMU KENDARI,HENLEY MAMU,HN MAPLE BROWN PDK M,20459,5,0,0,20459,102295,102295
Mar-2026,MAMU KENDARI,HENLEY MAMU,HN MAPLE BROWN PDK M,0,4,0,0,20459,81836,102295
Apr-2026,MAMU KENDARI,HENLEY MAMU,HN MAPLE BROWN PDK M,0,4,0,0,20459,81836,81836
Mei-2026,MAMU KENDARI,HENLEY MAMU,HN MAPLE BROWN PDK M,0,4,0,0,20459,81836,81836
Jun-2026,MAMU KENDARI,HENLEY MAMU,HN MAPLE BROWN PDK M,0,4,0,0,20459,81836,81836
Jul-2026,MAMU KENDARI,HENLEY MAMU,HN MAPLE BROWN PDK M,20459,3,0,0,20459,61377,81836
Agu-2026,MAMU KENDARI,HENLEY MAMU,HN MAPLE BROWN PDK M,0,3,0,0,20459,61377,61377
Sep-2026,MAMU KENDARI,HENLEY MAMU,HN MAPLE BROWN PDK M,0,3,0,0,20459,61377,61377
Okt-2026,MAMU KENDARI,HENLEY MAMU,HN MAPLE BROWN PDK M,0,3,0,0,20459,61377,61377
Jan-2026,MAMU KENDARI,HENLEY MAMU,HN MAPLE BROWN PDK S,0,8,0,0,34095,272760,0
Feb-2026,MAMU KENDARI,HENLEY MAMU,HN MAPLE BROWN PDK S,0,8,0,0,34095,272760,272760
Mar-2026,MAMU KENDARI,HENLEY MAMU,HN MAPLE BROWN PDK S,0,7,0,0,34095,238665,272760
Apr-2026,MAMU KENDARI,HENLEY MAMU,HN MAPLE BROWN PDK S,0,7,0,0,34095,238665,238665
Mei-2026,MAMU KENDARI,HENLEY MAMU,HN MAPLE BROWN PDK S,0,7,0,0,34095,238665,238665
Jun-2026,MAMU KENDARI,HENLEY MAMU,HN MAPLE BROWN PDK S,0,7,0,0,34095,238665,238665
Jul-2026,MAMU KENDARI,HENLEY MAMU,HN MAPLE BROWN PDK S,34095,6,0,0,34095,204570,238665
Agu-2026,MAMU KENDARI,HENLEY MAMU,HN MAPLE BROWN PDK S,0,6,0,0,34095,204570,204570
Sep-2026,MAMU KENDARI,HENLEY MAMU,HN MAPLE BROWN PDK S,0,6,0,0,34095,204570,204570
Okt-2026,MAMU KENDARI,HENLEY MAMU,HN MAPLE BROWN PDK S,34095,5,0,0,34095,170475,204570
Jan-2026,MAMU KENDARI,HENLEY MAMU,HN MAPLE BROWN PDK XL,0,7,0,0,47951,335657,0
Feb-2026,MAMU KENDARI,HENLEY MAMU,HN MAPLE BROWN PDK XL,0,7,0,0,47951,335657,335657
Mar-2026,MAMU KENDARI,HENLEY MAMU,HN MAPLE BROWN PDK XL,95902,4,0,0,47951,191804,335657
Apr-2026,MAMU KENDARI,HENLEY MAMU,HN MAPLE BROWN PDK XL,47951,3,0,0,47951,143853,191804
Mei-2026,MAMU KENDARI,HENLEY MAMU,HN MAPLE BROWN PDK XL,0,3,0,0,47951,143853,143853
Jun-2026,MAMU KENDARI,HENLEY MAMU,HN MAPLE BROWN PDK XL,47951,2,0,0,47951,95902,143853
Jul-2026,MAMU KENDARI,HENLEY MAMU,HN MAPLE BROWN PDK XL,47951,1,0,0,47951,47951,95902
Agu-2026,MAMU KENDARI,HENLEY MAMU,HN MAPLE BROWN PDK XL,0,1,0,0,47951,47951,47951
Sep-2026,MAMU KENDARI,HENLEY MAMU,HN MAPLE BROWN PDK XL,0,1,0,0,47951,47951,47951
Okt-2026,MAMU KENDARI,HENLEY MAMU,HN MAPLE BROWN PDK XL,0,1,0,0,47951,47951,47951
Jan-2026,MAMU KENDARI,HENLEY MAMU,HN MAPLE BROWN PJG L,0,1,0,0,38707,38707,0
Feb-2026,MAMU KENDARI,HENLEY MAMU,HN MAPLE BROWN PJG L,0,5,0,0,38707,193535,38707
Mar-2026,MAMU KENDARI,HENLEY MAMU,HN MAPLE BROWN PJG L,0,5,0,0,38707,193535,193535
Apr-2026,MAMU KENDARI,HENLEY MAMU,HN MAPLE BROWN PJG L,0,5,0,0,38707,193535,193535
Mei-2026,MAMU KENDARI,HENLEY MAMU,HN MAPLE BROWN PJG L,0,5,0,0,38707,193535,193535
Jun-2026,MAMU KENDARI,HENLEY MAMU,HN MAPLE BROWN PJG L,0,5,0,0,38707,193535,193535
Jul-2026,MAMU KENDARI,HENLEY MAMU,HN MAPLE BROWN PJG L,0,5,0,0,38707,193535,193535
Agu-2026,MAMU KENDARI,HENLEY MAMU,HN MAPLE BROWN PJG L,0,5,0,0,38707,193535,193535
Sep-2026,MAMU KENDARI,HENLEY MAMU,HN MAPLE BROWN PJG L,0,5,0,0,38707,193535,193535
Okt-2026,MAMU KENDARI,HENLEY MAMU,HN MAPLE BROWN PJG L,0,5,0,0,38707,193535,193535
Jan-2026,MAMU KENDARI,HENLEY MAMU,HN MAPLE BROWN PJG M,0,1,0,0,31325,31325,0
Feb-2026,MAMU KENDARI,HENLEY MAMU,HN MAPLE BROWN PJG M,0,4,0,0,31325,125300,31325
Mar-2026,MAMU KENDARI,HENLEY MAMU,HN MAPLE BROWN PJG M,0,4,0,0,31325,125300,125300
Apr-2026,MAMU KENDARI,HENLEY MAMU,HN MAPLE BROWN PJG M,0,4,0,0,31325,125300,125300
Mei-2026,MAMU KENDARI,HENLEY MAMU,HN MAPLE BROWN PJG M,0,4,0,0,31325,125300,125300
Jun-2026,MAMU KENDARI,HENLEY MAMU,HN MAPLE BROWN PJG M,0,4,0,0,31325,125300,125300
Jul-2026,MAMU KENDARI,HENLEY MAMU,HN MAPLE BROWN PJG M,0,4,0,0,31325,125300,125300
Agu-2026,MAMU KENDARI,HENLEY MAMU,HN MAPLE BROWN PJG M,0,4,0,0,31325,125300,125300
Sep-2026,MAMU KENDARI,HENLEY MAMU,HN MAPLE BROWN PJG M,31325,3,0,0,31325,93975,125300
Okt-2026,MAMU KENDARI,HENLEY MAMU,HN MAPLE BROWN PJG M,0,3,0,0,31325,93975,93975
Jan-2026,MAMU KENDARI,HENLEY MAMU,HN MAPLE BROWN PJG S,0,3,0,0,58674,176022,0
Feb-2026,MAMU KENDARI,HENLEY MAMU,HN MAPLE BROWN PJG S,0,3,0,0,58674,176022,176022
Mar-2026,MAMU KENDARI,HENLEY MAMU,HN MAPLE BROWN PJG S,0,3,0,0,58674,176022,176022
Apr-2026,MAMU KENDARI,HENLEY MAMU,HN MAPLE BROWN PJG S,0,3,0,0,58674,176022,176022
Mei-2026,MAMU KENDARI,HENLEY MAMU,HN MAPLE BROWN PJG S,0,3,0,0,58674,176022,176022
Jun-2026,MAMU KENDARI,HENLEY MAMU,HN MAPLE BROWN PJG S,0,3,0,0,58674,176022,176022
Jul-2026,MAMU KENDARI,HENLEY MAMU,HN MAPLE BROWN PJG S,0,3,0,0,58674,176022,176022
Agu-2026,MAMU KENDARI,HENLEY MAMU,HN MAPLE BROWN PJG S,0,3,0,0,58674,176022,176022
Sep-2026,MAMU KENDARI,HENLEY MAMU,HN MAPLE BROWN PJG S,0,3,0,0,58674,176022,176022
Okt-2026,MAMU KENDARI,HENLEY MAMU,HN MAPLE BROWN PJG S,0,3,0,0,58674,176022,176022
Jan-2026,MAMU KENDARI,HENLEY MAMU,HN NAVY PDK 2XL,0,3,0,0,42452,127356,0
Feb-2026,MAMU KENDARI,HENLEY MAMU,HN NAVY PDK 2XL,42452,2,0,0,42452,84904,127356
Mar-2026,MAMU KENDARI,HENLEY MAMU,HN NAVY PDK 2XL,42452,1,0,0,42452,42452,84904
Apr-2026,MAMU KENDARI,HENLEY MAMU,HN NAVY PDK 2XL,0,1,0,0,42452,42452,42452
Mei-2026,MAMU KENDARI,HENLEY MAMU,HN NAVY PDK 2XL,0,1,0,0,42452,42452,42452
Jun-2026,MAMU KENDARI,HENLEY MAMU,HN NAVY PDK 2XL,0,1,0,0,42452,42452,42452
Jul-2026,MAMU KENDARI,HENLEY MAMU,HN NAVY PDK 2XL,0,1,0,0,42452,42452,42452
Agu-2026,MAMU KENDARI,HENLEY MAMU,HN NAVY PDK 2XL,0,1,0,0,42452,42452,42452
Sep-2026,MAMU KENDARI,HENLEY MAMU,HN NAVY PDK 2XL,0,1,0,0,42452,42452,42452
Okt-2026,MAMU KENDARI,HENLEY MAMU,HN NAVY PDK 2XL,0,1,0,0,42452,42452,42452
Jan-2026,MAMU KENDARI,HENLEY MAMU,HN NAVY PDK L,0,1,0,0,39725,39725,0
Feb-2026,MAMU KENDARI,HENLEY MAMU,HN NAVY PDK L,39725,0,0,0,39725,0,39725
Jan-2026,MAMU KENDARI,HENLEY MAMU,HN NAVY PDK M,0,7,0,0,49148,344036,0
Feb-2026,MAMU KENDARI,HENLEY MAMU,HN NAVY PDK M,0,7,0,0,49148,344036,344036
Mar-2026,MAMU KENDARI,HENLEY MAMU,HN NAVY PDK M,49148,6,0,0,49148,294888,344036
Apr-2026,MAMU KENDARI,HENLEY MAMU,HN NAVY PDK M,0,6,0,0,49148,294888,294888
Mei-2026,MAMU KENDARI,HENLEY MAMU,HN NAVY PDK M,0,6,0,0,49148,294888,294888
Jun-2026,MAMU KENDARI,HENLEY MAMU,HN NAVY PDK M,49148,5,0,0,49148,245740,294888
Jul-2026,MAMU KENDARI,HENLEY MAMU,HN NAVY PDK M,0,5,0,0,49148,245740,245740
Agu-2026,MAMU KENDARI,HENLEY MAMU,HN NAVY PDK M,0,5,0,0,49148,245740,245740
Sep-2026,MAMU KENDARI,HENLEY MAMU,HN NAVY PDK M,0,5,0,0,49148,245740,245740
Okt-2026,MAMU KENDARI,HENLEY MAMU,HN NAVY PDK M,0,5,0,0,49148,245740,245740
Jan-2026,MAMU KENDARI,HENLEY MAMU,HN NAVY PDK S,0,5,0,0,35592,177960,0
Feb-2026,MAMU KENDARI,HENLEY MAMU,HN NAVY PDK S,0,1,0,0,35592,35592,177960
Mar-2026,MAMU KENDARI,HENLEY MAMU,HN NAVY PDK S,0,1,0,0,35592,35592,35592
Apr-2026,MAMU KENDARI,HENLEY MAMU,HN NAVY PDK S,0,5,0,0,35592,177960,35592
Mei-2026,MAMU KENDARI,HENLEY MAMU,HN NAVY PDK S,0,5,0,0,35592,177960,177960
Jun-2026,MAMU KENDARI,HENLEY MAMU,HN NAVY PDK S,0,5,0,0,35592,177960,177960
Jul-2026,MAMU KENDARI,HENLEY MAMU,HN NAVY PDK S,0,5,0,0,35592,177960,177960
Agu-2026,MAMU KENDARI,HENLEY MAMU,HN NAVY PDK S,0,5,0,0,35592,177960,177960
Sep-2026,MAMU KENDARI,HENLEY MAMU,HN NAVY PDK S,0,5,0,0,35592,177960,177960
Okt-2026,MAMU KENDARI,HENLEY MAMU,HN NAVY PDK S,0,5,0,0,35592,177960,177960
Jan-2026,MAMU KENDARI,HENLEY MAMU,HN NAVY PDK XL,0,9,0,0,42651,383859,0
Feb-2026,MAMU KENDARI,HENLEY MAMU,HN NAVY PDK XL,0,10,0,0,42651,426510,383859
Mar-2026,MAMU KENDARI,HENLEY MAMU,HN NAVY PDK XL,42651,9,0,0,42651,383859,426510
Apr-2026,MAMU KENDARI,HENLEY MAMU,HN NAVY PDK XL,0,9,0,0,42651,383859,383859
Mei-2026,MAMU KENDARI,HENLEY MAMU,HN NAVY PDK XL,0,9,0,0,42651,383859,383859
Jun-2026,MAMU KENDARI,HENLEY MAMU,HN NAVY PDK XL,0,9,0,0,42651,383859,383859
Jul-2026,MAMU KENDARI,HENLEY MAMU,HN NAVY PDK XL,42651,8,0,0,42651,341208,383859
Agu-2026,MAMU KENDARI,HENLEY MAMU,HN NAVY PDK XL,42651,7,0,0,42651,298557,341208
Sep-2026,MAMU KENDARI,HENLEY MAMU,HN NAVY PDK XL,0,7,0,0,42651,298557,298557
Okt-2026,MAMU KENDARI,HENLEY MAMU,HN NAVY PDK XL,0,7,0,0,42651,298557,298557
Feb-2026,MAMU KENDARI,HENLEY MAMU,HN NAVY PJG 2XL,0,1,0,0,89961,89961,0
Mar-2026,MAMU KENDARI,HENLEY MAMU,HN NAVY PJG 2XL,0,1,0,0,89961,89961,89961
Apr-2026,MAMU KENDARI,HENLEY MAMU,HN NAVY PJG 2XL,0,1,0,0,89961,89961,89961
Mei-2026,MAMU KENDARI,HENLEY MAMU,HN NAVY PJG 2XL,0,1,0,0,89961,89961,89961
Jun-2026,MAMU KENDARI,HENLEY MAMU,HN NAVY PJG 2XL,0,1,0,0,89961,89961,89961
Jul-2026,MAMU KENDARI,HENLEY MAMU,HN NAVY PJG 2XL,0,0,0,0,89961,0,89961
Jan-2026,MAMU KENDARI,HENLEY MAMU,HN NAVY PJG L,0,3,0,0,42976,128928,0
Feb-2026,MAMU KENDARI,HENLEY MAMU,HN NAVY PJG L,0,3,0,0,42976,128928,128928
Mar-2026,MAMU KENDARI,HENLEY MAMU,HN NAVY PJG L,0,3,0,0,42976,128928,128928
Apr-2026,MAMU KENDARI,HENLEY MAMU,HN NAVY PJG L,42976,2,0,0,42976,85952,128928
Mei-2026,MAMU KENDARI,HENLEY MAMU,HN NAVY PJG L,0,2,0,0,42976,85952,85952
Jun-2026,MAMU KENDARI,HENLEY MAMU,HN NAVY PJG L,0,2,0,0,42976,85952,85952
Jul-2026,MAMU KENDARI,HENLEY MAMU,HN NAVY PJG L,0,2,0,0,42976,85952,85952
Agu-2026,MAMU KENDARI,HENLEY MAMU,HN NAVY PJG L,0,2,0,0,42976,85952,85952
Sep-2026,MAMU KENDARI,HENLEY MAMU,HN NAVY PJG L,0,2,0,0,42976,85952,85952
Okt-2026,MAMU KENDARI,HENLEY MAMU,HN NAVY PJG L,0,2,0,0,42976,85952,85952
Jan-2026,MAMU KENDARI,HENLEY MAMU,HN NAVY PJG M,0,1,0,0,34688,34688,0
Feb-2026,MAMU KENDARI,HENLEY MAMU,HN NAVY PJG M,0,3,0,0,34688,104064,34688
Mar-2026,MAMU KENDARI,HENLEY MAMU,HN NAVY PJG M,0,3,0,0,34688,104064,104064
Apr-2026,MAMU KENDARI,HENLEY MAMU,HN NAVY PJG M,0,3,0,0,34688,104064,104064
Mei-2026,MAMU KENDARI,HENLEY MAMU,HN NAVY PJG M,0,3,0,0,34688,104064,104064
Jun-2026,MAMU KENDARI,HENLEY MAMU,HN NAVY PJG M,0,3,0,0,34688,104064,104064
Jul-2026,MAMU KENDARI,HENLEY MAMU,HN NAVY PJG M,34688,2,0,0,34688,69376,104064
Agu-2026,MAMU KENDARI,HENLEY MAMU,HN NAVY PJG M,0,2,0,0,34688,69376,69376
Sep-2026,MAMU KENDARI,HENLEY MAMU,HN NAVY PJG M,0,2,0,0,34688,69376,69376
Okt-2026,MAMU KENDARI,HENLEY MAMU,HN NAVY PJG M,0,2,0,0,34688,69376,69376
Jan-2026,MAMU KENDARI,HENLEY MAMU,HN NAVY PJG S,0,2,0,0,40126,80252,0
Feb-2026,MAMU KENDARI,HENLEY MAMU,HN NAVY PJG S,0,5,0,0,40126,200630,80252
Mar-2026,MAMU KENDARI,HENLEY MAMU,HN NAVY PJG S,0,5,0,0,40126,200630,200630
Apr-2026,MAMU KENDARI,HENLEY MAMU,HN NAVY PJG S,0,1,0,0,40126,40126,200630
Mei-2026,MAMU KENDARI,HENLEY MAMU,HN NAVY PJG S,0,1,0,0,40126,40126,40126
Jun-2026,MAMU KENDARI,HENLEY MAMU,HN NAVY PJG S,0,1,0,0,40126,40126,40126
Jul-2026,MAMU KENDARI,HENLEY MAMU,HN NAVY PJG S,0,1,0,0,40126,40126,40126
Agu-2026,MAMU KENDARI,HENLEY MAMU,HN NAVY PJG S,0,1,0,0,40126,40126,40126
Sep-2026,MAMU KENDARI,HENLEY MAMU,HN NAVY PJG S,0,1,0,0,40126,40126,40126
Okt-2026,MAMU KENDARI,HENLEY MAMU,HN NAVY PJG S,0,1,0,0,40126,40126,40126
Jan-2026,MAMU KENDARI,HENLEY MAMU,HN NAVY PJG XL,0,5,0,0,35633,178165,0
Feb-2026,MAMU KENDARI,HENLEY MAMU,HN NAVY PJG XL,0,5,0,0,35633,178165,178165
Mar-2026,MAMU KENDARI,HENLEY MAMU,HN NAVY PJG XL,0,5,0,0,35633,178165,178165
Apr-2026,MAMU KENDARI,HENLEY MAMU,HN NAVY PJG XL,0,5,0,0,35633,178165,178165
Mei-2026,MAMU KENDARI,HENLEY MAMU,HN NAVY PJG XL,0,5,0,0,35633,178165,178165
Jun-2026,MAMU KENDARI,HENLEY MAMU,HN NAVY PJG XL,0,5,0,0,35633,178165,178165
Jul-2026,MAMU KENDARI,HENLEY MAMU,HN NAVY PJG XL,0,5,0,0,35633,178165,178165
Agu-2026,MAMU KENDARI,HENLEY MAMU,HN NAVY PJG XL,0,5,0,0,35633,178165,178165
Sep-2026,MAMU KENDARI,HENLEY MAMU,HN NAVY PJG XL,0,5,0,0,35633,178165,178165
Okt-2026,MAMU KENDARI,HENLEY MAMU,HN NAVY PJG XL,0,5,0,0,35633,178165,178165
Jan-2026,MAMU KENDARI,HENLEY MAMU,HN STONE GREY PJG L,0,12,0,0,42527,510324,0
Feb-2026,MAMU KENDARI,HENLEY MAMU,HN STONE GREY PJG L,0,3,0,0,42527,127581,510324
Mar-2026,MAMU KENDARI,HENLEY MAMU,HN STONE GREY PJG L,0,3,0,0,42527,127581,127581
Apr-2026,MAMU KENDARI,HENLEY MAMU,HN STONE GREY PJG L,0,3,0,0,42527,127581,127581
Mei-2026,MAMU KENDARI,HENLEY MAMU,HN STONE GREY PJG L,0,3,0,0,42527,127581,127581
Jun-2026,MAMU KENDARI,HENLEY MAMU,HN STONE GREY PJG L,0,3,0,0,42527,127581,127581
Jul-2026,MAMU KENDARI,HENLEY MAMU,HN STONE GREY PJG L,0,3,0,0,42527,127581,127581
Agu-2026,MAMU KENDARI,HENLEY MAMU,HN STONE GREY PJG L,0,3,0,0,42527,127581,127581
Sep-2026,MAMU KENDARI,HENLEY MAMU,HN STONE GREY PJG L,0,3,0,0,42527,127581,127581
Okt-2026,MAMU KENDARI,HENLEY MAMU,HN STONE GREY PJG L,0,3,0,0,42527,127581,127581
Jan-2026,MAMU MAKASSAR,HENLEY MAMU,HN ABU TUA PDK 2XL,29589,14,0,0,29589,414246,0
Feb-2026,MAMU MAKASSAR,HENLEY MAMU,HN ABU TUA PDK 2XL,0,14,0,0,29589,414246,414246
Mar-2026,MAMU MAKASSAR,HENLEY MAMU,HN ABU TUA PDK 2XL,325479,0,0,0,29589,0,414246
Jan-2026,MAMU MAKASSAR,HENLEY MAMU,HN ABU TUA PDK L,65484,23,0,0,32742,753066,0
Feb-2026,MAMU MAKASSAR,HENLEY MAMU,HN ABU TUA PDK L,32742,22,0,0,32742,720324,753066
Mar-2026,MAMU MAKASSAR,HENLEY MAMU,HN ABU TUA PDK L,556614,1,0,0,32742,32742,720324
Apr-2026,MAMU MAKASSAR,HENLEY MAMU,HN ABU TUA PDK L,32742,0,0,0,32742,0,32742
Jan-2026,MAMU MAKASSAR,HENLEY MAMU,HN ABU TUA PDK M,37522,4,0,0,37522,150088,0
Feb-2026,MAMU MAKASSAR,HENLEY MAMU,HN ABU TUA PDK M,75044,2,0,0,37522,75044,150088
Mar-2026,MAMU MAKASSAR,HENLEY MAMU,HN ABU TUA PDK M,0,0,0,0,37522,0,75044
Jan-2026,MAMU MAKASSAR,HENLEY MAMU,HN ABU TUA PDK S,0,8,0,0,32181,257448,0
Feb-2026,MAMU MAKASSAR,HENLEY MAMU,HN ABU TUA PDK S,32181,7,0,0,32181,225267,257448
Mar-2026,MAMU MAKASSAR,HENLEY MAMU,HN ABU TUA PDK S,160905,0,0,0,32181,0,225267
Jan-2026,MAMU MAKASSAR,HENLEY MAMU,HN ABU TUA PDK XL,82710,8,0,0,41355,330840,0
Feb-2026,MAMU MAKASSAR,HENLEY MAMU,HN ABU TUA PDK XL,82710,6,0,0,41355,248130,330840
Mar-2026,MAMU MAKASSAR,HENLEY MAMU,HN ABU TUA PDK XL,165420,0,0,0,41355,0,248130
Apr-2026,MAMU MAKASSAR,HENLEY MAMU,HN ABU TUA PDK XL,41355,0,0,0,41355,0,0
Jan-2026,MAMU MAKASSAR,HENLEY MAMU,HN ABU TUA PJG L,37310,11,0,0,37310,410410,0
Feb-2026,MAMU MAKASSAR,HENLEY MAMU,HN ABU TUA PJG L,37310,11,0,0,37310,410410,410410
Mar-2026,MAMU MAKASSAR,HENLEY MAMU,HN ABU TUA PJG L,111930,8,0,0,37310,298480,410410
Apr-2026,MAMU MAKASSAR,HENLEY MAMU,HN ABU TUA PJG L,37310,7,0,0,37310,261170,298480
Mei-2026,MAMU MAKASSAR,HENLEY MAMU,HN ABU TUA PJG L,74620,6,0,0,37310,223860,261170
Jun-2026,MAMU MAKASSAR,HENLEY MAMU,HN ABU TUA PJG L,74620,3,0,0,37310,111930,223860
Jul-2026,MAMU MAKASSAR,HENLEY MAMU,HN ABU TUA PJG L,37310,3,0,0,37310,111930,111930
Agu-2026,MAMU MAKASSAR,HENLEY MAMU,HN ABU TUA PJG L,37310,1,0,0,37310,37310,111930
Sep-2026,MAMU MAKASSAR,HENLEY MAMU,HN ABU TUA PJG L,37310,0,0,0,37310,0,37310
Jan-2026,MAMU MAKASSAR,HENLEY MAMU,HN ABU TUA PJG M,79300,12,0,0,39650,475800,0
Feb-2026,MAMU MAKASSAR,HENLEY MAMU,HN ABU TUA PJG M,0,13,0,0,39650,515450,475800
Mar-2026,MAMU MAKASSAR,HENLEY MAMU,HN ABU TUA PJG M,79300,11,0,0,39650,436150,515450
Apr-2026,MAMU MAKASSAR,HENLEY MAMU,HN ABU TUA PJG M,39650,10,0,0,39650,396500,436150
Mei-2026,MAMU MAKASSAR,HENLEY MAMU,HN ABU TUA PJG M,0,10,0,0,39650,396500,396500
Jun-2026,MAMU MAKASSAR,HENLEY MAMU,HN ABU TUA PJG M,0,10,0,0,39650,396500,396500
Jul-2026,MAMU MAKASSAR,HENLEY MAMU,HN ABU TUA PJG M,39650,9,0,0,39650,356850,396500
Agu-2026,MAMU MAKASSAR,HENLEY MAMU,HN ABU TUA PJG M,0,9,0,0,39650,356850,356850
Sep-2026,MAMU MAKASSAR,HENLEY MAMU,HN ABU TUA PJG M,158600,5,0,0,39650,198250,356850
Okt-2026,MAMU MAKASSAR,HENLEY MAMU,HN ABU TUA PJG M,118950,2,0,0,39650,79300,198250
Jan-2026,MAMU MAKASSAR,HENLEY MAMU,HN ABU TUA PJG S,37733,0,0,0,37733,0,0
Jan-2026,MAMU MAKASSAR,HENLEY MAMU,HN ABU TUA PJG XL,0,4,0,0,42765,171060,0
Feb-2026,MAMU MAKASSAR,HENLEY MAMU,HN ABU TUA PJG XL,0,4,0,0,42765,171060,171060
Mar-2026,MAMU MAKASSAR,HENLEY MAMU,HN ABU TUA PJG XL,171060,0,0,0,42765,0,171060
Jan-2026,MAMU MAKASSAR,HENLEY MAMU,HN BEIGE PDK L,77854,14,0,0,38927,544978,0
Feb-2026,MAMU MAKASSAR,HENLEY MAMU,HN BEIGE PDK L,194635,9,0,0,38927,350343,544978
Mar-2026,MAMU MAKASSAR,HENLEY MAMU,HN BEIGE PDK L,350343,0,0,0,38927,0,350343
Jan-2026,MAMU MAKASSAR,HENLEY MAMU,HN BEIGE PDK M,28372,13,0,0,28372,368836,0
Feb-2026,MAMU MAKASSAR,HENLEY MAMU,HN BEIGE PDK M,85116,10,0,0,28372,283720,368836
Mar-2026,MAMU MAKASSAR,HENLEY MAMU,HN BEIGE PDK M,283720,0,0,0,28372,0,283720
Jan-2026,MAMU MAKASSAR,HENLEY MAMU,HN BEIGE PDK S,0,19,0,0,32625,619875,0
Feb-2026,MAMU MAKASSAR,HENLEY MAMU,HN BEIGE PDK S,65250,17,0,0,32625,554625,619875
Mar-2026,MAMU MAKASSAR,HENLEY MAMU,HN BEIGE PDK S,326250,7,0,0,32625,228375,554625
Apr-2026,MAMU MAKASSAR,HENLEY MAMU,HN BEIGE PDK S,65250,5,0,0,32625,163125,228375
Mei-2026,MAMU MAKASSAR,HENLEY MAMU,HN BEIGE PDK S,65250,3,0,0,32625,97875,163125
Jun-2026,MAMU MAKASSAR,HENLEY MAMU,HN BEIGE PDK S,32625,1,0,0,32625,32625,97875
Jul-2026,MAMU MAKASSAR,HENLEY MAMU,HN BEIGE PDK S,32625,1,0,0,32625,32625,32625
Agu-2026,MAMU MAKASSAR,HENLEY MAMU,HN BEIGE PDK S,0,0,0,0,32625,0,32625
Jan-2026,MAMU MAKASSAR,HENLEY MAMU,HN BEIGE PDK XL,0,16,0,0,30948,495168,0
Feb-2026,MAMU MAKASSAR,HENLEY MAMU,HN BEIGE PDK XL,92844,13,0,0,30948,402324,495168
Mar-2026,MAMU MAKASSAR,HENLEY MAMU,HN BEIGE PDK XL,402324,0,0,0,30948,0,402324
Jan-2026,MAMU MAKASSAR,HENLEY MAMU,HN BEIGE PJG L,0,7,0,0,39109,273763,0
Feb-2026,MAMU MAKASSAR,HENLEY MAMU,HN BEIGE PJG L,0,8,0,0,39109,312872,273763
Mar-2026,MAMU MAKASSAR,HENLEY MAMU,HN BEIGE PJG L,117327,5,0,0,39109,195545,312872
Apr-2026,MAMU MAKASSAR,HENLEY MAMU,HN BEIGE PJG L,0,6,0,0,39109,234654,195545
Mei-2026,MAMU MAKASSAR,HENLEY MAMU,HN BEIGE PJG L,39109,6,0,0,39109,234654,234654
Jun-2026,MAMU MAKASSAR,HENLEY MAMU,HN BEIGE PJG L,39109,4,0,0,39109,156436,234654
Jul-2026,MAMU MAKASSAR,HENLEY MAMU,HN BEIGE PJG L,39109,3,0,0,39109,117327,156436
Agu-2026,MAMU MAKASSAR,HENLEY MAMU,HN BEIGE PJG L,39109,3,0,0,39109,117327,117327
Sep-2026,MAMU MAKASSAR,HENLEY MAMU,HN BEIGE PJG L,39109,1,0,0,39109,39109,117327
Okt-2026,MAMU MAKASSAR,HENLEY MAMU,HN BEIGE PJG L,39109,0,0,0,39109,0,39109
Jan-2026,MAMU MAKASSAR,HENLEY MAMU,HN BEIGE PJG M,35981,15,0,0,35981,539715,0
Feb-2026,MAMU MAKASSAR,HENLEY MAMU,HN BEIGE PJG M,0,15,0,0,35981,539715,539715
Mar-2026,MAMU MAKASSAR,HENLEY MAMU,HN BEIGE PJG M,143924,11,0,0,35981,395791,539715
Apr-2026,MAMU MAKASSAR,HENLEY MAMU,HN BEIGE PJG M,0,11,0,0,35981,395791,395791
Mei-2026,MAMU MAKASSAR,HENLEY MAMU,HN BEIGE PJG M,0,11,0,0,35981,395791,395791
Jun-2026,MAMU MAKASSAR,HENLEY MAMU,HN BEIGE PJG M,0,11,0,0,35981,395791,395791
Jul-2026,MAMU MAKASSAR,HENLEY MAMU,HN BEIGE PJG M,71962,10,0,0,35981,359810,395791
Agu-2026,MAMU MAKASSAR,HENLEY MAMU,HN BEIGE PJG M,0,9,0,0,35981,323829,359810
Sep-2026,MAMU MAKASSAR,HENLEY MAMU,HN BEIGE PJG M,0,9,0,0,35981,323829,323829
Okt-2026,MAMU MAKASSAR,HENLEY MAMU,HN BEIGE PJG M,0,9,0,0,35981,323829,323829
Jan-2026,MAMU MAKASSAR,HENLEY MAMU,HN BEIGE PJG S,115484,0,0,0,115484,0,0
Jun-2026,MAMU MAKASSAR,HENLEY MAMU,HN BEIGE PJG S,0,1,0,0,115484,115484,0
Jul-2026,MAMU MAKASSAR,HENLEY MAMU,HN BEIGE PJG S,0,1,0,0,115484,115484,115484
Agu-2026,MAMU MAKASSAR,HENLEY MAMU,HN BEIGE PJG S,0,1,0,0,115484,115484,115484
Sep-2026,MAMU MAKASSAR,HENLEY MAMU,HN BEIGE PJG S,0,1,0,0,115484,115484,115484
Okt-2026,MAMU MAKASSAR,HENLEY MAMU,HN BEIGE PJG S,0,1,0,0,115484,115484,115484
Jan-2026,MAMU MAKASSAR,HENLEY MAMU,HN BEIGE PJG XL,0,6,0,0,36128,216768,0
Feb-2026,MAMU MAKASSAR,HENLEY MAMU,HN BEIGE PJG XL,0,7,0,0,36128,252896,216768
Mar-2026,MAMU MAKASSAR,HENLEY MAMU,HN BEIGE PJG XL,72256,5,0,0,36128,180640,252896
Apr-2026,MAMU MAKASSAR,HENLEY MAMU,HN BEIGE PJG XL,36128,5,0,0,36128,180640,180640
Mei-2026,MAMU MAKASSAR,HENLEY MAMU,HN BEIGE PJG XL,0,5,0,0,36128,180640,180640
Jun-2026,MAMU MAKASSAR,HENLEY MAMU,HN BEIGE PJG XL,0,5,0,0,36128,180640,180640
Jul-2026,MAMU MAKASSAR,HENLEY MAMU,HN BEIGE PJG XL,36128,5,0,0,36128,180640,180640
Agu-2026,MAMU MAKASSAR,HENLEY MAMU,HN BEIGE PJG XL,0,4,0,0,36128,144512,180640
Sep-2026,MAMU MAKASSAR,HENLEY MAMU,HN BEIGE PJG XL,0,4,0,0,36128,144512,144512
Okt-2026,MAMU MAKASSAR,HENLEY MAMU,HN BEIGE PJG XL,36128,4,0,0,36128,144512,144512
Jan-2026,MAMU MAKASSAR,HENLEY MAMU,HN JET BLACK PDK 2XL,55295,5,0,0,55295,276475,0
Feb-2026,MAMU MAKASSAR,HENLEY MAMU,HN JET BLACK PDK 2XL,0,5,0,0,55295,276475,276475
Mar-2026,MAMU MAKASSAR,HENLEY MAMU,HN JET BLACK PDK 2XL,165885,0,0,0,55295,0,276475
Jan-2026,MAMU MAKASSAR,HENLEY MAMU,HN JET BLACK PDK L,32386,31,0,0,32386,1003966,0
Feb-2026,MAMU MAKASSAR,HENLEY MAMU,HN JET BLACK PDK L,161930,26,0,0,32386,842036,1003966
Mar-2026,MAMU MAKASSAR,HENLEY MAMU,HN JET BLACK PDK L,842036,0,0,0,32386,0,842036
Apr-2026,MAMU MAKASSAR,HENLEY MAMU,HN JET BLACK PDK L,129544,1,0,0,32386,32386,0
Mei-2026,MAMU MAKASSAR,HENLEY MAMU,HN JET BLACK PDK L,64772,2,0,0,32386,64772,32386
Jun-2026,MAMU MAKASSAR,HENLEY MAMU,HN JET BLACK PDK L,0,0,0,0,32386,0,64772
Jan-2026,MAMU MAKASSAR,HENLEY MAMU,HN JET BLACK PDK M,119343,12,0,0,39781,477372,0
Feb-2026,MAMU MAKASSAR,HENLEY MAMU,HN JET BLACK PDK M,119343,9,0,0,39781,358029,477372
Mar-2026,MAMU MAKASSAR,HENLEY MAMU,HN JET BLACK PDK M,358029,0,0,0,39781,0,358029
Jan-2026,MAMU MAKASSAR,HENLEY MAMU,HN JET BLACK PDK S,62634,28,0,0,31317,876876,0
Feb-2026,MAMU MAKASSAR,HENLEY MAMU,HN JET BLACK PDK S,62634,29,0,0,31317,908193,876876
Mar-2026,MAMU MAKASSAR,HENLEY MAMU,HN JET BLACK PDK S,469755,7,0,0,31317,219219,908193
Apr-2026,MAMU MAKASSAR,HENLEY MAMU,HN JET BLACK PDK S,125268,3,0,0,31317,93951,219219
Mei-2026,MAMU MAKASSAR,HENLEY MAMU,HN JET BLACK PDK S,93951,0,0,0,31317,0,93951
Jan-2026,MAMU MAKASSAR,HENLEY MAMU,HN JET BLACK PDK XL,62378,37,0,0,31189,1153993,0
Feb-2026,MAMU MAKASSAR,HENLEY MAMU,HN JET BLACK PDK XL,124756,33,0,0,31189,1029237,1153993
Mar-2026,MAMU MAKASSAR,HENLEY MAMU,HN JET BLACK PDK XL,686158,4,0,0,31189,124756,1029237
Apr-2026,MAMU MAKASSAR,HENLEY MAMU,HN JET BLACK PDK XL,62378,2,0,0,31189,62378,124756
Mei-2026,MAMU MAKASSAR,HENLEY MAMU,HN JET BLACK PDK XL,62378,0,0,0,31189,0,62378
Jan-2026,MAMU MAKASSAR,HENLEY MAMU,HN JET BLACK PJG 2XL,0,1,0,0,39314,39314,0
Feb-2026,MAMU MAKASSAR,HENLEY MAMU,HN JET BLACK PJG 2XL,0,1,0,0,39314,39314,39314
Mar-2026,MAMU MAKASSAR,HENLEY MAMU,HN JET BLACK PJG 2XL,0,0,0,0,39314,0,39314
Jan-2026,MAMU MAKASSAR,HENLEY MAMU,HN JET BLACK PJG L,198365,47,0,0,39673,1864631,0
Feb-2026,MAMU MAKASSAR,HENLEY MAMU,HN JET BLACK PJG L,39673,46,0,0,39673,1824958,1864631
Mar-2026,MAMU MAKASSAR,HENLEY MAMU,HN JET BLACK PJG L,39673,35,0,0,39673,1388555,1824958
Apr-2026,MAMU MAKASSAR,HENLEY MAMU,HN JET BLACK PJG L,0,35,0,0,39673,1388555,1388555
Mei-2026,MAMU MAKASSAR,HENLEY MAMU,HN JET BLACK PJG L,79346,9,0,0,39673,357057,1388555
Jun-2026,MAMU MAKASSAR,HENLEY MAMU,HN JET BLACK PJG L,0,9,0,0,39673,357057,357057
Jul-2026,MAMU MAKASSAR,HENLEY MAMU,HN JET BLACK PJG L,0,9,0,0,39673,357057,357057
Agu-2026,MAMU MAKASSAR,HENLEY MAMU,HN JET BLACK PJG L,39673,9,0,0,39673,357057,357057
Sep-2026,MAMU MAKASSAR,HENLEY MAMU,HN JET BLACK PJG L,79346,7,0,0,39673,277711,357057
Okt-2026,MAMU MAKASSAR,HENLEY MAMU,HN JET BLACK PJG L,0,6,0,0,39673,238038,277711
Jan-2026,MAMU MAKASSAR,HENLEY MAMU,HN JET BLACK PJG M,79568,29,0,0,39784,1153736,0
Feb-2026,MAMU MAKASSAR,HENLEY MAMU,HN JET BLACK PJG M,39784,28,0,0,39784,1113952,1153736
Mar-2026,MAMU MAKASSAR,HENLEY MAMU,HN JET BLACK PJG M,278488,15,0,0,39784,596760,1113952
Apr-2026,MAMU MAKASSAR,HENLEY MAMU,HN JET BLACK PJG M,39784,15,0,0,39784,596760,596760
Mei-2026,MAMU MAKASSAR,HENLEY MAMU,HN JET BLACK PJG M,39784,9,0,0,39784,358056,596760
Jun-2026,MAMU MAKASSAR,HENLEY MAMU,HN JET BLACK PJG M,119352,6,0,0,39784,238704,358056
Jul-2026,MAMU MAKASSAR,HENLEY MAMU,HN JET BLACK PJG M,39784,6,0,0,39784,238704,238704
Agu-2026,MAMU MAKASSAR,HENLEY MAMU,HN JET BLACK PJG M,0,5,0,0,39784,198920,238704
Sep-2026,MAMU MAKASSAR,HENLEY MAMU,HN JET BLACK PJG M,0,5,0,0,39784,198920,198920
Okt-2026,MAMU MAKASSAR,HENLEY MAMU,HN JET BLACK PJG M,39784,4,0,0,39784,159136,198920
Jan-2026,MAMU MAKASSAR,HENLEY MAMU,HN JET BLACK PJG S,50581,0,0,0,50581,0,0
Jan-2026,MAMU MAKASSAR,HENLEY MAMU,HN JET BLACK PJG XL,0,26,0,0,42281,1099306,0
Feb-2026,MAMU MAKASSAR,HENLEY MAMU,HN JET BLACK PJG XL,42281,26,0,0,42281,1099306,1099306
Mar-2026,MAMU MAKASSAR,HENLEY MAMU,HN JET BLACK PJG XL,211405,15,0,0,42281,634215,1099306
Apr-2026,MAMU MAKASSAR,HENLEY MAMU,HN JET BLACK PJG XL,42281,14,0,0,42281,591934,634215
Mei-2026,MAMU MAKASSAR,HENLEY MAMU,HN JET BLACK PJG XL,42281,9,0,0,42281,380529,591934
Jun-2026,MAMU MAKASSAR,HENLEY MAMU,HN JET BLACK PJG XL,0,9,0,0,42281,380529,380529
Jul-2026,MAMU MAKASSAR,HENLEY MAMU,HN JET BLACK PJG XL,126843,7,0,0,42281,295967,380529
Agu-2026,MAMU MAKASSAR,HENLEY MAMU,HN JET BLACK PJG XL,84562,4,0,0,42281,169124,295967
Sep-2026,MAMU MAKASSAR,HENLEY MAMU,HN JET BLACK PJG XL,0,5,0,0,42281,211405,169124
Okt-2026,MAMU MAKASSAR,HENLEY MAMU,HN JET BLACK PJG XL,42281,4,0,0,42281,169124,211405
Jan-2026,MAMU MAKASSAR,HENLEY MAMU,HN MAPLE BROWN PDK 2XL,51519,4,0,0,51519,206076,0
Feb-2026,MAMU MAKASSAR,HENLEY MAMU,HN MAPLE BROWN PDK 2XL,103038,2,0,0,51519,103038,206076
Mar-2026,MAMU MAKASSAR,HENLEY MAMU,HN MAPLE BROWN PDK 2XL,51519,0,0,0,51519,0,103038
Jan-2026,MAMU MAKASSAR,HENLEY MAMU,HN MAPLE BROWN PDK L,52022,8,0,0,52022,416176,0
Feb-2026,MAMU MAKASSAR,HENLEY MAMU,HN MAPLE BROWN PDK L,104044,5,0,0,52022,260110,416176
Mar-2026,MAMU MAKASSAR,HENLEY MAMU,HN MAPLE BROWN PDK L,156066,0,0,0,52022,0,260110
Apr-2026,MAMU MAKASSAR,HENLEY MAMU,HN MAPLE BROWN PDK L,52022,0,0,0,52022,0,0
Jan-2026,MAMU MAKASSAR,HENLEY MAMU,HN MAPLE BROWN PDK M,81836,36,0,0,20459,736524,0
Feb-2026,MAMU MAKASSAR,HENLEY MAMU,HN MAPLE BROWN PDK M,61377,32,0,0,20459,654688,736524
Mar-2026,MAMU MAKASSAR,HENLEY MAMU,HN MAPLE BROWN PDK M,511475,1,0,0,20459,20459,654688
Apr-2026,MAMU MAKASSAR,HENLEY MAMU,HN MAPLE BROWN PDK M,0,1,0,0,20459,20459,20459
Mei-2026,MAMU MAKASSAR,HENLEY MAMU,HN MAPLE BROWN PDK M,0,1,0,0,20459,20459,20459
Jun-2026,MAMU MAKASSAR,HENLEY MAMU,HN MAPLE BROWN PDK M,0,0,0,0,20459,0,20459
Jan-2026,MAMU MAKASSAR,HENLEY MAMU,HN MAPLE BROWN PJG 2XL,0,1,0,0,75238,75238,0
Feb-2026,MAMU MAKASSAR,HENLEY MAMU,HN MAPLE BROWN PJG 2XL,0,1,0,0,75238,75238,75238
Mar-2026,MAMU MAKASSAR,HENLEY MAMU,HN MAPLE BROWN PJG 2XL,0,0,0,0,75238,0,75238
Jan-2026,MAMU MAKASSAR,HENLEY MAMU,HN MAPLE BROWN PJG L,38707,11,0,0,38707,425777,0
Feb-2026,MAMU MAKASSAR,HENLEY MAMU,HN MAPLE BROWN PJG L,0,10,0,0,38707,387070,425777
Mar-2026,MAMU MAKASSAR,HENLEY MAMU,HN MAPLE BROWN PJG L,232242,0,0,0,38707,0,387070
Mei-2026,MAMU MAKASSAR,HENLEY MAMU,HN MAPLE BROWN PJG L,38707,0,0,0,38707,0,0
Jan-2026,MAMU MAKASSAR,HENLEY MAMU,HN MAPLE BROWN PJG M,0,12,0,0,31325,375900,0
Feb-2026,MAMU MAKASSAR,HENLEY MAMU,HN MAPLE BROWN PJG M,31325,10,0,0,31325,313250,375900
Mar-2026,MAMU MAKASSAR,HENLEY MAMU,HN MAPLE BROWN PJG M,62650,8,0,0,31325,250600,313250
Apr-2026,MAMU MAKASSAR,HENLEY MAMU,HN MAPLE BROWN PJG M,62650,7,0,0,31325,219275,250600
Mei-2026,MAMU MAKASSAR,HENLEY MAMU,HN MAPLE BROWN PJG M,31325,6,0,0,31325,187950,219275
Jun-2026,MAMU MAKASSAR,HENLEY MAMU,HN MAPLE BROWN PJG M,-31325,6,0,0,31325,187950,187950
Jul-2026,MAMU MAKASSAR,HENLEY MAMU,HN MAPLE BROWN PJG M,31325,5,0,0,31325,156625,187950
Agu-2026,MAMU MAKASSAR,HENLEY MAMU,HN MAPLE BROWN PJG M,156625,0,0,0,31325,0,156625
Jan-2026,MAMU MAKASSAR,HENLEY MAMU,HN MAPLE BROWN PJG S,0,1,0,0,58674,58674,0
Feb-2026,MAMU MAKASSAR,HENLEY MAMU,HN MAPLE BROWN PJG S,58674,0,0,0,58674,0,58674
Jan-2026,MAMU MAKASSAR,HENLEY MAMU,HN MAPLE BROWN PJG XL,0,3,0,0,75712,227136,0
Feb-2026,MAMU MAKASSAR,HENLEY MAMU,HN MAPLE BROWN PJG XL,0,3,0,0,75712,227136,227136
Mar-2026,MAMU MAKASSAR,HENLEY MAMU,HN MAPLE BROWN PJG XL,75712,0,0,0,75712,0,227136
Jan-2026,MAMU MAKASSAR,HENLEY MAMU,HN NAVY PDK 2XL,84904,2,0,0,42452,84904,0
Feb-2026,MAMU MAKASSAR,HENLEY MAMU,HN NAVY PDK 2XL,0,2,0,0,42452,84904,84904
Mar-2026,MAMU MAKASSAR,HENLEY MAMU,HN NAVY PDK 2XL,0,0,0,0,42452,0,84904
Jan-2026,MAMU MAKASSAR,HENLEY MAMU,HN NAVY PDK L,79450,41,0,0,39725,1628725,0
Feb-2026,MAMU MAKASSAR,HENLEY MAMU,HN NAVY PDK L,39725,40,0,0,39725,1589000,1628725
Mar-2026,MAMU MAKASSAR,HENLEY MAMU,HN NAVY PDK L,715050,14,0,0,39725,556150,1589000
Apr-2026,MAMU MAKASSAR,HENLEY MAMU,HN NAVY PDK L,79450,12,0,0,39725,476700,556150
Mei-2026,MAMU MAKASSAR,HENLEY MAMU,HN NAVY PDK L,158900,9,0,0,39725,357525,476700
Jun-2026,MAMU MAKASSAR,HENLEY MAMU,HN NAVY PDK L,119175,5,0,0,39725,198625,357525
Jul-2026,MAMU MAKASSAR,HENLEY MAMU,HN NAVY PDK L,158900,3,0,0,39725,119175,198625
Agu-2026,MAMU MAKASSAR,HENLEY MAMU,HN NAVY PDK L,39725,1,0,0,39725,39725,119175
Sep-2026,MAMU MAKASSAR,HENLEY MAMU,HN NAVY PDK L,0,0,0,0,39725,0,39725
Jan-2026,MAMU MAKASSAR,HENLEY MAMU,HN NAVY PDK M,98296,7,0,0,49148,344036,0
Feb-2026,MAMU MAKASSAR,HENLEY MAMU,HN NAVY PDK M,49148,6,0,0,49148,294888,344036
Mar-2026,MAMU MAKASSAR,HENLEY MAMU,HN NAVY PDK M,196592,0,0,0,49148,0,294888
Jan-2026,MAMU MAKASSAR,HENLEY MAMU,HN NAVY PDK S,35592,3,0,0,35592,106776,0
Feb-2026,MAMU MAKASSAR,HENLEY MAMU,HN NAVY PDK S,35592,2,0,0,35592,71184,106776
Mar-2026,MAMU MAKASSAR,HENLEY MAMU,HN NAVY PDK S,0,0,0,0,35592,0,71184
Jan-2026,MAMU MAKASSAR,HENLEY MAMU,HN NAVY PDK XL,85302,9,0,0,42651,383859,0
Feb-2026,MAMU MAKASSAR,HENLEY MAMU,HN NAVY PDK XL,0,9,0,0,42651,383859,383859
Mar-2026,MAMU MAKASSAR,HENLEY MAMU,HN NAVY PDK XL,383859,0,0,0,42651,0,383859
Agu-2026,MAMU MAKASSAR,HENLEY MAMU,HN NAVY PJG 2XL,89961,0,0,0,89961,0,0
Jan-2026,MAMU MAKASSAR,HENLEY MAMU,HN NAVY PJG L,42976,5,0,0,42976,214880,0
Feb-2026,MAMU MAKASSAR,HENLEY MAMU,HN NAVY PJG L,0,5,0,0,42976,214880,214880
Mar-2026,MAMU MAKASSAR,HENLEY MAMU,HN NAVY PJG L,128928,0,0,0,42976,0,214880
Jan-2026,MAMU MAKASSAR,HENLEY MAMU,HN NAVY PJG M,0,11,0,0,34688,381568,0
Feb-2026,MAMU MAKASSAR,HENLEY MAMU,HN NAVY PJG M,0,11,0,0,34688,381568,381568
Mar-2026,MAMU MAKASSAR,HENLEY MAMU,HN NAVY PJG M,69376,6,0,0,34688,208128,381568
Apr-2026,MAMU MAKASSAR,HENLEY MAMU,HN NAVY PJG M,34688,7,0,0,34688,242816,208128
Mei-2026,MAMU MAKASSAR,HENLEY MAMU,HN NAVY PJG M,104064,4,0,0,34688,138752,242816
Jun-2026,MAMU MAKASSAR,HENLEY MAMU,HN NAVY PJG M,0,4,0,0,34688,138752,138752
Jul-2026,MAMU MAKASSAR,HENLEY MAMU,HN NAVY PJG M,34688,3,0,0,34688,104064,138752
Agu-2026,MAMU MAKASSAR,HENLEY MAMU,HN NAVY PJG M,0,3,0,0,34688,104064,104064
Sep-2026,MAMU MAKASSAR,HENLEY MAMU,HN NAVY PJG M,34688,3,0,0,34688,104064,104064
Okt-2026,MAMU MAKASSAR,HENLEY MAMU,HN NAVY PJG M,0,2,0,0,34688,69376,104064
Jan-2026,MAMU MAKASSAR,HENLEY MAMU,HN NAVY PJG S,40126,1,0,0,40126,40126,0
Feb-2026,MAMU MAKASSAR,HENLEY MAMU,HN NAVY PJG S,40126,1,0,0,40126,40126,40126
Mar-2026,MAMU MAKASSAR,HENLEY MAMU,HN NAVY PJG S,0,0,0,0,40126,0,40126
Jan-2026,MAMU MAKASSAR,HENLEY MAMU,HN NAVY PJG XL,0,13,0,0,35633,463229,0
Feb-2026,MAMU MAKASSAR,HENLEY MAMU,HN NAVY PJG XL,0,14,0,0,35633,498862,463229
Mar-2026,MAMU MAKASSAR,HENLEY MAMU,HN NAVY PJG XL,106899,8,0,0,35633,285064,498862
Apr-2026,MAMU MAKASSAR,HENLEY MAMU,HN NAVY PJG XL,35633,7,0,0,35633,249431,285064
Mei-2026,MAMU MAKASSAR,HENLEY MAMU,HN NAVY PJG XL,0,7,0,0,35633,249431,249431
Jun-2026,MAMU MAKASSAR,HENLEY MAMU,HN NAVY PJG XL,0,7,0,0,35633,249431,249431
Jul-2026,MAMU MAKASSAR,HENLEY MAMU,HN NAVY PJG XL,0,7,0,0,35633,249431,249431
Agu-2026,MAMU MAKASSAR,HENLEY MAMU,HN NAVY PJG XL,0,7,0,0,35633,249431,249431
Sep-2026,MAMU MAKASSAR,HENLEY MAMU,HN NAVY PJG XL,35633,6,0,0,35633,213798,249431
Okt-2026,MAMU MAKASSAR,HENLEY MAMU,HN NAVY PJG XL,35633,6,0,0,35633,213798,213798
Jan-2026,MAMU MAKASSAR,HENLEY MAMU,HN STONE GREY PJG L,0,3,0,0,42527,127581,0
Feb-2026,MAMU MAKASSAR,HENLEY MAMU,HN STONE GREY PJG L,0,3,0,0,42527,127581,127581
Mar-2026,MAMU MAKASSAR,HENLEY MAMU,HN STONE GREY PJG L,42527,2,0,0,42527,85054,127581
Apr-2026,MAMU MAKASSAR,HENLEY MAMU,HN STONE GREY PJG L,42527,0,0,0,42527,0,85054
Jan-2026,MAMU PALOPO,HENLEY MAMU,HN ABU TUA PDK 2XL,0,3,0,0,29589,88767,0
Feb-2026,MAMU PALOPO,HENLEY MAMU,HN ABU TUA PDK 2XL,0,4,0,0,29589,118356,88767
Mar-2026,MAMU PALOPO,HENLEY MAMU,HN ABU TUA PDK 2XL,88767,1,0,0,29589,29589,118356
Apr-2026,MAMU PALOPO,HENLEY MAMU,HN ABU TUA PDK 2XL,0,0,0,0,29589,0,29589
Jan-2026,MAMU PALOPO,HENLEY MAMU,HN ABU TUA PDK L,0,17,0,0,32742,556614,0
Feb-2026,MAMU PALOPO,HENLEY MAMU,HN ABU TUA PDK L,0,17,0,0,32742,556614,556614
Mar-2026,MAMU PALOPO,HENLEY MAMU,HN ABU TUA PDK L,32742,14,0,0,32742,458388,556614
Apr-2026,MAMU PALOPO,HENLEY MAMU,HN ABU TUA PDK L,0,14,0,0,32742,458388,458388
Mei-2026,MAMU PALOPO,HENLEY MAMU,HN ABU TUA PDK L,0,14,0,0,32742,458388,458388
Jun-2026,MAMU PALOPO,HENLEY MAMU,HN ABU TUA PDK L,0,14,0,0,32742,458388,458388
Jul-2026,MAMU PALOPO,HENLEY MAMU,HN ABU TUA PDK L,0,14,0,0,32742,458388,458388
Agu-2026,MAMU PALOPO,HENLEY MAMU,HN ABU TUA PDK L,0,14,0,0,32742,458388,458388
Sep-2026,MAMU PALOPO,HENLEY MAMU,HN ABU TUA PDK L,0,14,0,0,32742,458388,458388
Okt-2026,MAMU PALOPO,HENLEY MAMU,HN ABU TUA PDK L,32742,13,0,0,32742,425646,458388
Jan-2026,MAMU PALOPO,HENLEY MAMU,HN ABU TUA PDK M,0,8,0,0,37522,300176,0
Feb-2026,MAMU PALOPO,HENLEY MAMU,HN ABU TUA PDK M,0,8,0,0,37522,300176,300176
Mar-2026,MAMU PALOPO,HENLEY MAMU,HN ABU TUA PDK M,37522,7,0,0,37522,262654,300176
Apr-2026,MAMU PALOPO,HENLEY MAMU,HN ABU TUA PDK M,0,6,0,0,37522,225132,262654
Mei-2026,MAMU PALOPO,HENLEY MAMU,HN ABU TUA PDK M,0,6,0,0,37522,225132,225132
Jun-2026,MAMU PALOPO,HENLEY MAMU,HN ABU TUA PDK M,0,6,0,0,37522,225132,225132
Jul-2026,MAMU PALOPO,HENLEY MAMU,HN ABU TUA PDK M,0,6,0,0,37522,225132,225132
Agu-2026,MAMU PALOPO,HENLEY MAMU,HN ABU TUA PDK M,0,6,0,0,37522,225132,225132
Sep-2026,MAMU PALOPO,HENLEY MAMU,HN ABU TUA PDK M,0,6,0,0,37522,225132,225132
Okt-2026,MAMU PALOPO,HENLEY MAMU,HN ABU TUA PDK M,0,6,0,0,37522,225132,225132
Jan-2026,MAMU PALOPO,HENLEY MAMU,HN ABU TUA PDK S,0,4,0,0,32181,128724,0
Feb-2026,MAMU PALOPO,HENLEY MAMU,HN ABU TUA PDK S,0,4,0,0,32181,128724,128724
Mar-2026,MAMU PALOPO,HENLEY MAMU,HN ABU TUA PDK S,0,4,0,0,32181,128724,128724
Apr-2026,MAMU PALOPO,HENLEY MAMU,HN ABU TUA PDK S,0,4,0,0,32181,128724,128724
Mei-2026,MAMU PALOPO,HENLEY MAMU,HN ABU TUA PDK S,0,4,0,0,32181,128724,128724
Jun-2026,MAMU PALOPO,HENLEY MAMU,HN ABU TUA PDK S,0,4,0,0,32181,128724,128724
Jul-2026,MAMU PALOPO,HENLEY MAMU,HN ABU TUA PDK S,0,4,0,0,32181,128724,128724
Agu-2026,MAMU PALOPO,HENLEY MAMU,HN ABU TUA PDK S,32181,3,0,0,32181,96543,128724
Sep-2026,MAMU PALOPO,HENLEY MAMU,HN ABU TUA PDK S,0,3,0,0,32181,96543,96543
Okt-2026,MAMU PALOPO,HENLEY MAMU,HN ABU TUA PDK S,0,3,0,0,32181,96543,96543
Jan-2026,MAMU PALOPO,HENLEY MAMU,HN ABU TUA PDK XL,0,5,0,0,41355,206775,0
Feb-2026,MAMU PALOPO,HENLEY MAMU,HN ABU TUA PDK XL,0,5,0,0,41355,206775,206775
Mar-2026,MAMU PALOPO,HENLEY MAMU,HN ABU TUA PDK XL,82710,3,0,0,41355,124065,206775
Apr-2026,MAMU PALOPO,HENLEY MAMU,HN ABU TUA PDK XL,0,3,0,0,41355,124065,124065
Mei-2026,MAMU PALOPO,HENLEY MAMU,HN ABU TUA PDK XL,0,3,0,0,41355,124065,124065
Jun-2026,MAMU PALOPO,HENLEY MAMU,HN ABU TUA PDK XL,0,3,0,0,41355,124065,124065
Jul-2026,MAMU PALOPO,HENLEY MAMU,HN ABU TUA PDK XL,41355,3,0,0,41355,124065,124065
Agu-2026,MAMU PALOPO,HENLEY MAMU,HN ABU TUA PDK XL,0,2,0,0,41355,82710,124065
Sep-2026,MAMU PALOPO,HENLEY MAMU,HN ABU TUA PDK XL,0,2,0,0,41355,82710,82710
Okt-2026,MAMU PALOPO,HENLEY MAMU,HN ABU TUA PDK XL,0,2,0,0,41355,82710,82710
Jan-2026,MAMU PALOPO,HENLEY MAMU,HN ABU TUA PJG L,0,4,0,0,37310,149240,0
Feb-2026,MAMU PALOPO,HENLEY MAMU,HN ABU TUA PJG L,0,4,0,0,37310,149240,149240
Mar-2026,MAMU PALOPO,HENLEY MAMU,HN ABU TUA PJG L,37310,3,0,0,37310,111930,149240
Apr-2026,MAMU PALOPO,HENLEY MAMU,HN ABU TUA PJG L,0,3,0,0,37310,111930,111930
Mei-2026,MAMU PALOPO,HENLEY MAMU,HN ABU TUA PJG L,0,3,0,0,37310,111930,111930
Jun-2026,MAMU PALOPO,HENLEY MAMU,HN ABU TUA PJG L,0,3,0,0,37310,111930,111930
Jul-2026,MAMU PALOPO,HENLEY MAMU,HN ABU TUA PJG L,0,3,0,0,37310,111930,111930
Agu-2026,MAMU PALOPO,HENLEY MAMU,HN ABU TUA PJG L,0,3,0,0,37310,111930,111930
Sep-2026,MAMU PALOPO,HENLEY MAMU,HN ABU TUA PJG L,0,3,0,0,37310,111930,111930
Okt-2026,MAMU PALOPO,HENLEY MAMU,HN ABU TUA PJG L,0,3,0,0,37310,111930,111930
Jan-2026,MAMU PALOPO,HENLEY MAMU,HN ABU TUA PJG M,0,6,0,0,39650,237900,0
Feb-2026,MAMU PALOPO,HENLEY MAMU,HN ABU TUA PJG M,0,6,0,0,39650,237900,237900
Mar-2026,MAMU PALOPO,HENLEY MAMU,HN ABU TUA PJG M,0,6,0,0,39650,237900,237900
Apr-2026,MAMU PALOPO,HENLEY MAMU,HN ABU TUA PJG M,0,6,0,0,39650,237900,237900
Mei-2026,MAMU PALOPO,HENLEY MAMU,HN ABU TUA PJG M,0,6,0,0,39650,237900,237900
Jun-2026,MAMU PALOPO,HENLEY MAMU,HN ABU TUA PJG M,0,6,0,0,39650,237900,237900
Jul-2026,MAMU PALOPO,HENLEY MAMU,HN ABU TUA PJG M,0,6,0,0,39650,237900,237900
Agu-2026,MAMU PALOPO,HENLEY MAMU,HN ABU TUA PJG M,0,6,0,0,39650,237900,237900
Sep-2026,MAMU PALOPO,HENLEY MAMU,HN ABU TUA PJG M,0,6,0,0,39650,237900,237900
Okt-2026,MAMU PALOPO,HENLEY MAMU,HN ABU TUA PJG M,0,6,0,0,39650,237900,237900
Jan-2026,MAMU PALOPO,HENLEY MAMU,HN ABU TUA PJG S,0,1,0,0,37733,37733,0
Feb-2026,MAMU PALOPO,HENLEY MAMU,HN ABU TUA PJG S,0,1,0,0,37733,37733,37733
Mar-2026,MAMU PALOPO,HENLEY MAMU,HN ABU TUA PJG S,0,1,0,0,37733,37733,37733
Apr-2026,MAMU PALOPO,HENLEY MAMU,HN ABU TUA PJG S,0,1,0,0,37733,37733,37733
Mei-2026,MAMU PALOPO,HENLEY MAMU,HN ABU TUA PJG S,0,1,0,0,37733,37733,37733
Jun-2026,MAMU PALOPO,HENLEY MAMU,HN ABU TUA PJG S,0,1,0,0,37733,37733,37733
Jul-2026,MAMU PALOPO,HENLEY MAMU,HN ABU TUA PJG S,0,1,0,0,37733,37733,37733
Agu-2026,MAMU PALOPO,HENLEY MAMU,HN ABU TUA PJG S,0,1,0,0,37733,37733,37733
Sep-2026,MAMU PALOPO,HENLEY MAMU,HN ABU TUA PJG S,0,1,0,0,37733,37733,37733
Okt-2026,MAMU PALOPO,HENLEY MAMU,HN ABU TUA PJG S,0,1,0,0,37733,37733,37733
Jan-2026,MAMU PALOPO,HENLEY MAMU,HN ABU TUA PJG XL,0,4,0,0,42765,171060,0
Feb-2026,MAMU PALOPO,HENLEY MAMU,HN ABU TUA PJG XL,0,4,0,0,42765,171060,171060
Mar-2026,MAMU PALOPO,HENLEY MAMU,HN ABU TUA PJG XL,0,4,0,0,42765,171060,171060
Apr-2026,MAMU PALOPO,HENLEY MAMU,HN ABU TUA PJG XL,0,4,0,0,42765,171060,171060
Mei-2026,MAMU PALOPO,HENLEY MAMU,HN ABU TUA PJG XL,0,4,0,0,42765,171060,171060
Jun-2026,MAMU PALOPO,HENLEY MAMU,HN ABU TUA PJG XL,0,4,0,0,42765,171060,171060
Jul-2026,MAMU PALOPO,HENLEY MAMU,HN ABU TUA PJG XL,0,4,0,0,42765,171060,171060
Agu-2026,MAMU PALOPO,HENLEY MAMU,HN ABU TUA PJG XL,0,4,0,0,42765,171060,171060
Sep-2026,MAMU PALOPO,HENLEY MAMU,HN ABU TUA PJG XL,0,4,0,0,42765,171060,171060
Okt-2026,MAMU PALOPO,HENLEY MAMU,HN ABU TUA PJG XL,0,4,0,0,42765,171060,171060
Jan-2026,MAMU PALOPO,HENLEY MAMU,HN BEIGE PDK 2XL,0,1,0,0,43600,43600,0
Feb-2026,MAMU PALOPO,HENLEY MAMU,HN BEIGE PDK 2XL,0,1,0,0,43600,43600,43600
Mar-2026,MAMU PALOPO,HENLEY MAMU,HN BEIGE PDK 2XL,0,1,0,0,43600,43600,43600
Apr-2026,MAMU PALOPO,HENLEY MAMU,HN BEIGE PDK 2XL,43600,0,0,0,43600,0,43600
Jan-2026,MAMU PALOPO,HENLEY MAMU,HN BEIGE PDK L,0,9,0,0,38927,350343,0
Feb-2026,MAMU PALOPO,HENLEY MAMU,HN BEIGE PDK L,38927,8,0,0,38927,311416,350343
Mar-2026,MAMU PALOPO,HENLEY MAMU,HN BEIGE PDK L,77854,6,0,0,38927,233562,311416
Apr-2026,MAMU PALOPO,HENLEY MAMU,HN BEIGE PDK L,0,6,0,0,38927,233562,233562
Mei-2026,MAMU PALOPO,HENLEY MAMU,HN BEIGE PDK L,0,6,0,0,38927,233562,233562
Jun-2026,MAMU PALOPO,HENLEY MAMU,HN BEIGE PDK L,0,6,0,0,38927,233562,233562
Jul-2026,MAMU PALOPO,HENLEY MAMU,HN BEIGE PDK L,0,6,0,0,38927,233562,233562
Agu-2026,MAMU PALOPO,HENLEY MAMU,HN BEIGE PDK L,0,6,0,0,38927,233562,233562
Sep-2026,MAMU PALOPO,HENLEY MAMU,HN BEIGE PDK L,0,6,0,0,38927,233562,233562
Okt-2026,MAMU PALOPO,HENLEY MAMU,HN BEIGE PDK L,0,6,0,0,38927,233562,233562
Jan-2026,MAMU PALOPO,HENLEY MAMU,HN BEIGE PDK M,0,10,0,0,28372,283720,0
Feb-2026,MAMU PALOPO,HENLEY MAMU,HN BEIGE PDK M,0,10,0,0,28372,283720,283720
Mar-2026,MAMU PALOPO,HENLEY MAMU,HN BEIGE PDK M,28372,9,0,0,28372,255348,283720
Apr-2026,MAMU PALOPO,HENLEY MAMU,HN BEIGE PDK M,0,9,0,0,28372,255348,255348
Mei-2026,MAMU PALOPO,HENLEY MAMU,HN BEIGE PDK M,28372,8,0,0,28372,226976,255348
Jun-2026,MAMU PALOPO,HENLEY MAMU,HN BEIGE PDK M,0,8,0,0,28372,226976,226976
Jul-2026,MAMU PALOPO,HENLEY MAMU,HN BEIGE PDK M,0,8,0,0,28372,226976,226976
Agu-2026,MAMU PALOPO,HENLEY MAMU,HN BEIGE PDK M,0,8,0,0,28372,226976,226976
Sep-2026,MAMU PALOPO,HENLEY MAMU,HN BEIGE PDK M,0,8,0,0,28372,226976,226976
Okt-2026,MAMU PALOPO,HENLEY MAMU,HN BEIGE PDK M,0,8,0,0,28372,226976,226976
Jan-2026,MAMU PALOPO,HENLEY MAMU,HN BEIGE PDK S,0,8,0,0,32625,261000,0
Feb-2026,MAMU PALOPO,HENLEY MAMU,HN BEIGE PDK S,0,8,0,0,32625,261000,261000
Mar-2026,MAMU PALOPO,HENLEY MAMU,HN BEIGE PDK S,0,8,0,0,32625,261000,261000
Apr-2026,MAMU PALOPO,HENLEY MAMU,HN BEIGE PDK S,0,8,0,0,32625,261000,261000
Mei-2026,MAMU PALOPO,HENLEY MAMU,HN BEIGE PDK S,0,8,0,0,32625,261000,261000
Jun-2026,MAMU PALOPO,HENLEY MAMU,HN BEIGE PDK S,0,8,0,0,32625,261000,261000
Jul-2026,MAMU PALOPO,HENLEY MAMU,HN BEIGE PDK S,0,8,0,0,32625,261000,261000
Agu-2026,MAMU PALOPO,HENLEY MAMU,HN BEIGE PDK S,0,8,0,0,32625,261000,261000
Sep-2026,MAMU PALOPO,HENLEY MAMU,HN BEIGE PDK S,0,8,0,0,32625,261000,261000
Okt-2026,MAMU PALOPO,HENLEY MAMU,HN BEIGE PDK S,0,8,0,0,32625,261000,261000
Jan-2026,MAMU PALOPO,HENLEY MAMU,HN BEIGE PDK XL,30948,13,0,0,30948,402324,0
Feb-2026,MAMU PALOPO,HENLEY MAMU,HN BEIGE PDK XL,0,13,0,0,30948,402324,402324
Mar-2026,MAMU PALOPO,HENLEY MAMU,HN BEIGE PDK XL,61896,11,0,0,30948,340428,402324
Apr-2026,MAMU PALOPO,HENLEY MAMU,HN BEIGE PDK XL,0,11,0,0,30948,340428,340428
Mei-2026,MAMU PALOPO,HENLEY MAMU,HN BEIGE PDK XL,30948,10,0,0,30948,309480,340428
Jun-2026,MAMU PALOPO,HENLEY MAMU,HN BEIGE PDK XL,0,10,0,0,30948,309480,309480
Jul-2026,MAMU PALOPO,HENLEY MAMU,HN BEIGE PDK XL,30948,9,0,0,30948,278532,309480
Agu-2026,MAMU PALOPO,HENLEY MAMU,HN BEIGE PDK XL,0,9,0,0,30948,278532,278532
Sep-2026,MAMU PALOPO,HENLEY MAMU,HN BEIGE PDK XL,0,9,0,0,30948,278532,278532
Okt-2026,MAMU PALOPO,HENLEY MAMU,HN BEIGE PDK XL,0,9,0,0,30948,278532,278532
Jan-2026,MAMU PALOPO,HENLEY MAMU,HN BEIGE PJG L,0,3,0,0,39109,117327,0
Feb-2026,MAMU PALOPO,HENLEY MAMU,HN BEIGE PJG L,0,3,0,0,39109,117327,117327
Mar-2026,MAMU PALOPO,HENLEY MAMU,HN BEIGE PJG L,39109,2,0,0,39109,78218,117327
Apr-2026,MAMU PALOPO,HENLEY MAMU,HN BEIGE PJG L,0,2,0,0,39109,78218,78218
Mei-2026,MAMU PALOPO,HENLEY MAMU,HN BEIGE PJG L,0,2,0,0,39109,78218,78218
Jun-2026,MAMU PALOPO,HENLEY MAMU,HN BEIGE PJG L,0,2,0,0,39109,78218,78218
Jul-2026,MAMU PALOPO,HENLEY MAMU,HN BEIGE PJG L,39109,1,0,0,39109,39109,78218
Agu-2026,MAMU PALOPO,HENLEY MAMU,HN BEIGE PJG L,0,1,0,0,39109,39109,39109
Sep-2026,MAMU PALOPO,HENLEY MAMU,HN BEIGE PJG L,0,1,0,0,39109,39109,39109
Okt-2026,MAMU PALOPO,HENLEY MAMU,HN BEIGE PJG L,0,1,0,0,39109,39109,39109
Jan-2026,MAMU PALOPO,HENLEY MAMU,HN BEIGE PJG M,0,7,0,0,35981,251867,0
Feb-2026,MAMU PALOPO,HENLEY MAMU,HN BEIGE PJG M,0,7,0,0,35981,251867,251867
Mar-2026,MAMU PALOPO,HENLEY MAMU,HN BEIGE PJG M,0,7,0,0,35981,251867,251867
Apr-2026,MAMU PALOPO,HENLEY MAMU,HN BEIGE PJG M,0,7,0,0,35981,251867,251867
Mei-2026,MAMU PALOPO,HENLEY MAMU,HN BEIGE PJG M,0,7,0,0,35981,251867,251867
Jun-2026,MAMU PALOPO,HENLEY MAMU,HN BEIGE PJG M,0,7,0,0,35981,251867,251867
Jul-2026,MAMU PALOPO,HENLEY MAMU,HN BEIGE PJG M,0,7,0,0,35981,251867,251867
Agu-2026,MAMU PALOPO,HENLEY MAMU,HN BEIGE PJG M,0,7,0,0,35981,251867,251867
Sep-2026,MAMU PALOPO,HENLEY MAMU,HN BEIGE PJG M,0,7,0,0,35981,251867,251867
Okt-2026,MAMU PALOPO,HENLEY MAMU,HN BEIGE PJG M,0,7,0,0,35981,251867,251867
Jan-2026,MAMU PALOPO,HENLEY MAMU,HN BEIGE PJG XL,0,5,0,0,36128,180640,0
Feb-2026,MAMU PALOPO,HENLEY MAMU,HN BEIGE PJG XL,0,5,0,0,36128,180640,180640
Mar-2026,MAMU PALOPO,HENLEY MAMU,HN BEIGE PJG XL,0,5,0,0,36128,180640,180640
Apr-2026,MAMU PALOPO,HENLEY MAMU,HN BEIGE PJG XL,0,5,0,0,36128,180640,180640
Mei-2026,MAMU PALOPO,HENLEY MAMU,HN BEIGE PJG XL,0,5,0,0,36128,180640,180640
Jun-2026,MAMU PALOPO,HENLEY MAMU,HN BEIGE PJG XL,0,5,0,0,36128,180640,180640
Jul-2026,MAMU PALOPO,HENLEY MAMU,HN BEIGE PJG XL,0,5,0,0,36128,180640,180640
Agu-2026,MAMU PALOPO,HENLEY MAMU,HN BEIGE PJG XL,0,5,0,0,36128,180640,180640
Sep-2026,MAMU PALOPO,HENLEY MAMU,HN BEIGE PJG XL,0,5,0,0,36128,180640,180640
Okt-2026,MAMU PALOPO,HENLEY MAMU,HN BEIGE PJG XL,0,5,0,0,36128,180640,180640
Jan-2026,MAMU PALOPO,HENLEY MAMU,HN JET BLACK PDK 2XL,0,5,0,0,55295,276475,0
Feb-2026,MAMU PALOPO,HENLEY MAMU,HN JET BLACK PDK 2XL,55295,4,0,0,55295,221180,276475
Mar-2026,MAMU PALOPO,HENLEY MAMU,HN JET BLACK PDK 2XL,55295,3,0,0,55295,165885,221180
Apr-2026,MAMU PALOPO,HENLEY MAMU,HN JET BLACK PDK 2XL,0,3,0,0,55295,165885,165885
Mei-2026,MAMU PALOPO,HENLEY MAMU,HN JET BLACK PDK 2XL,0,3,0,0,55295,165885,165885
Jun-2026,MAMU PALOPO,HENLEY MAMU,HN JET BLACK PDK 2XL,0,3,0,0,55295,165885,165885
Jul-2026,MAMU PALOPO,HENLEY MAMU,HN JET BLACK PDK 2XL,0,3,0,0,55295,165885,165885
Agu-2026,MAMU PALOPO,HENLEY MAMU,HN JET BLACK PDK 2XL,0,3,0,0,55295,165885,165885
Sep-2026,MAMU PALOPO,HENLEY MAMU,HN JET BLACK PDK 2XL,0,3,0,0,55295,165885,165885
Okt-2026,MAMU PALOPO,HENLEY MAMU,HN JET BLACK PDK 2XL,0,3,0,0,55295,165885,165885
Jan-2026,MAMU PALOPO,HENLEY MAMU,HN JET BLACK PDK L,32386,23,0,0,32386,744878,0
Feb-2026,MAMU PALOPO,HENLEY MAMU,HN JET BLACK PDK L,0,23,0,0,32386,744878,744878
Mar-2026,MAMU PALOPO,HENLEY MAMU,HN JET BLACK PDK L,64772,13,0,0,32386,421018,744878
Apr-2026,MAMU PALOPO,HENLEY MAMU,HN JET BLACK PDK L,0,13,0,0,32386,421018,421018
Mei-2026,MAMU PALOPO,HENLEY MAMU,HN JET BLACK PDK L,0,13,0,0,32386,421018,421018
Jun-2026,MAMU PALOPO,HENLEY MAMU,HN JET BLACK PDK L,0,13,0,0,32386,421018,421018
Jul-2026,MAMU PALOPO,HENLEY MAMU,HN JET BLACK PDK L,0,13,0,0,32386,421018,421018
Agu-2026,MAMU PALOPO,HENLEY MAMU,HN JET BLACK PDK L,32386,12,0,0,32386,388632,421018
Sep-2026,MAMU PALOPO,HENLEY MAMU,HN JET BLACK PDK L,32386,11,0,0,32386,356246,388632
Okt-2026,MAMU PALOPO,HENLEY MAMU,HN JET BLACK PDK L,0,11,0,0,32386,356246,356246
Jan-2026,MAMU PALOPO,HENLEY MAMU,HN JET BLACK PDK M,39781,12,0,0,39781,477372,0
Feb-2026,MAMU PALOPO,HENLEY MAMU,HN JET BLACK PDK M,0,12,0,0,39781,477372,477372
Mar-2026,MAMU PALOPO,HENLEY MAMU,HN JET BLACK PDK M,39781,11,0,0,39781,437591,477372
Apr-2026,MAMU PALOPO,HENLEY MAMU,HN JET BLACK PDK M,0,11,0,0,39781,437591,437591
Mei-2026,MAMU PALOPO,HENLEY MAMU,HN JET BLACK PDK M,0,11,0,0,39781,437591,437591
Jun-2026,MAMU PALOPO,HENLEY MAMU,HN JET BLACK PDK M,0,11,0,0,39781,437591,437591
Jul-2026,MAMU PALOPO,HENLEY MAMU,HN JET BLACK PDK M,0,11,0,0,39781,437591,437591
Agu-2026,MAMU PALOPO,HENLEY MAMU,HN JET BLACK PDK M,0,11,0,0,39781,437591,437591
Sep-2026,MAMU PALOPO,HENLEY MAMU,HN JET BLACK PDK M,39781,10,0,0,39781,397810,437591
Okt-2026,MAMU PALOPO,HENLEY MAMU,HN JET BLACK PDK M,0,10,0,0,39781,397810,397810
Jan-2026,MAMU PALOPO,HENLEY MAMU,HN JET BLACK PDK S,0,10,0,0,31317,313170,0
Feb-2026,MAMU PALOPO,HENLEY MAMU,HN JET BLACK PDK S,0,10,0,0,31317,313170,313170
Mar-2026,MAMU PALOPO,HENLEY MAMU,HN JET BLACK PDK S,0,10,0,0,31317,313170,313170
Apr-2026,MAMU PALOPO,HENLEY MAMU,HN JET BLACK PDK S,0,10,0,0,31317,313170,313170
Mei-2026,MAMU PALOPO,HENLEY MAMU,HN JET BLACK PDK S,0,10,0,0,31317,313170,313170
Jun-2026,MAMU PALOPO,HENLEY MAMU,HN JET BLACK PDK S,0,10,0,0,31317,313170,313170
Jul-2026,MAMU PALOPO,HENLEY MAMU,HN JET BLACK PDK S,0,10,0,0,31317,313170,313170
Agu-2026,MAMU PALOPO,HENLEY MAMU,HN JET BLACK PDK S,0,10,0,0,31317,313170,313170
Sep-2026,MAMU PALOPO,HENLEY MAMU,HN JET BLACK PDK S,31317,9,0,0,31317,281853,313170
Okt-2026,MAMU PALOPO,HENLEY MAMU,HN JET BLACK PDK S,0,9,0,0,31317,281853,281853
Jan-2026,MAMU PALOPO,HENLEY MAMU,HN JET BLACK PDK XL,0,16,0,0,31189,499024,0
Feb-2026,MAMU PALOPO,HENLEY MAMU,HN JET BLACK PDK XL,31189,15,0,0,31189,467835,499024
Mar-2026,MAMU PALOPO,HENLEY MAMU,HN JET BLACK PDK XL,31189,14,0,0,31189,436646,467835
Apr-2026,MAMU PALOPO,HENLEY MAMU,HN JET BLACK PDK XL,0,14,0,0,31189,436646,436646
Mei-2026,MAMU PALOPO,HENLEY MAMU,HN JET BLACK PDK XL,31189,13,0,0,31189,405457,436646
Jun-2026,MAMU PALOPO,HENLEY MAMU,HN JET BLACK PDK XL,0,13,0,0,31189,405457,405457
Jul-2026,MAMU PALOPO,HENLEY MAMU,HN JET BLACK PDK XL,0,13,0,0,31189,405457,405457
Agu-2026,MAMU PALOPO,HENLEY MAMU,HN JET BLACK PDK XL,0,13,0,0,31189,405457,405457
Sep-2026,MAMU PALOPO,HENLEY MAMU,HN JET BLACK PDK XL,0,13,0,0,31189,405457,405457
Okt-2026,MAMU PALOPO,HENLEY MAMU,HN JET BLACK PDK XL,0,13,0,0,31189,405457,405457
Jan-2026,MAMU PALOPO,HENLEY MAMU,HN JET BLACK PJG L,39673,12,0,0,39673,476076,0
Feb-2026,MAMU PALOPO,HENLEY MAMU,HN JET BLACK PJG L,39673,11,0,0,39673,436403,476076
Mar-2026,MAMU PALOPO,HENLEY MAMU,HN JET BLACK PJG L,79346,9,0,0,39673,357057,436403
Apr-2026,MAMU PALOPO,HENLEY MAMU,HN JET BLACK PJG L,0,9,0,0,39673,357057,357057
Mei-2026,MAMU PALOPO,HENLEY MAMU,HN JET BLACK PJG L,0,9,0,0,39673,357057,357057
Jun-2026,MAMU PALOPO,HENLEY MAMU,HN JET BLACK PJG L,0,9,0,0,39673,357057,357057
Jul-2026,MAMU PALOPO,HENLEY MAMU,HN JET BLACK PJG L,39673,8,0,0,39673,317384,357057
Agu-2026,MAMU PALOPO,HENLEY MAMU,HN JET BLACK PJG L,0,8,0,0,39673,317384,317384
Sep-2026,MAMU PALOPO,HENLEY MAMU,HN JET BLACK PJG L,0,8,0,0,39673,317384,317384
Okt-2026,MAMU PALOPO,HENLEY MAMU,HN JET BLACK PJG L,0,8,0,0,39673,317384,317384
Jan-2026,MAMU PALOPO,HENLEY MAMU,HN JET BLACK PJG M,0,1,0,0,39784,39784,0
Feb-2026,MAMU PALOPO,HENLEY MAMU,HN JET BLACK PJG M,39784,0,0,0,39784,0,39784
Jan-2026,MAMU PALOPO,HENLEY MAMU,HN JET BLACK PJG S,0,4,0,0,50581,202324,0
Feb-2026,MAMU PALOPO,HENLEY MAMU,HN JET BLACK PJG S,0,4,0,0,50581,202324,202324
Mar-2026,MAMU PALOPO,HENLEY MAMU,HN JET BLACK PJG S,0,4,0,0,50581,202324,202324
Apr-2026,MAMU PALOPO,HENLEY MAMU,HN JET BLACK PJG S,0,4,0,0,50581,202324,202324
Mei-2026,MAMU PALOPO,HENLEY MAMU,HN JET BLACK PJG S,0,4,0,0,50581,202324,202324
Jun-2026,MAMU PALOPO,HENLEY MAMU,HN JET BLACK PJG S,0,4,0,0,50581,202324,202324
Jul-2026,MAMU PALOPO,HENLEY MAMU,HN JET BLACK PJG S,0,4,0,0,50581,202324,202324
Agu-2026,MAMU PALOPO,HENLEY MAMU,HN JET BLACK PJG S,0,4,0,0,50581,202324,202324
Sep-2026,MAMU PALOPO,HENLEY MAMU,HN JET BLACK PJG S,50581,3,0,0,50581,151743,202324
Okt-2026,MAMU PALOPO,HENLEY MAMU,HN JET BLACK PJG S,0,3,0,0,50581,151743,151743
Jan-2026,MAMU PALOPO,HENLEY MAMU,HN JET BLACK PJG XL,0,6,0,0,42281,253686,0
Feb-2026,MAMU PALOPO,HENLEY MAMU,HN JET BLACK PJG XL,0,6,0,0,42281,253686,253686
Mar-2026,MAMU PALOPO,HENLEY MAMU,HN JET BLACK PJG XL,42281,5,0,0,42281,211405,253686
Apr-2026,MAMU PALOPO,HENLEY MAMU,HN JET BLACK PJG XL,0,5,0,0,42281,211405,211405
Mei-2026,MAMU PALOPO,HENLEY MAMU,HN JET BLACK PJG XL,0,5,0,0,42281,211405,211405
Jun-2026,MAMU PALOPO,HENLEY MAMU,HN JET BLACK PJG XL,0,5,0,0,42281,211405,211405
Jul-2026,MAMU PALOPO,HENLEY MAMU,HN JET BLACK PJG XL,0,5,0,0,42281,211405,211405
Agu-2026,MAMU PALOPO,HENLEY MAMU,HN JET BLACK PJG XL,42281,4,0,0,42281,169124,211405
Sep-2026,MAMU PALOPO,HENLEY MAMU,HN JET BLACK PJG XL,0,4,0,0,42281,169124,169124
Okt-2026,MAMU PALOPO,HENLEY MAMU,HN JET BLACK PJG XL,0,4,0,0,42281,169124,169124
Jan-2026,MAMU PALOPO,HENLEY MAMU,HN MAPLE BROWN PDK 2XL,51519,2,0,0,51519,103038,0
Feb-2026,MAMU PALOPO,HENLEY MAMU,HN MAPLE BROWN PDK 2XL,0,2,0,0,51519,103038,103038
Mar-2026,MAMU PALOPO,HENLEY MAMU,HN MAPLE BROWN PDK 2XL,51519,1,0,0,51519,51519,103038
Apr-2026,MAMU PALOPO,HENLEY MAMU,HN MAPLE BROWN PDK 2XL,0,1,0,0,51519,51519,51519
Mei-2026,MAMU PALOPO,HENLEY MAMU,HN MAPLE BROWN PDK 2XL,0,1,0,0,51519,51519,51519
Jun-2026,MAMU PALOPO,HENLEY MAMU,HN MAPLE BROWN PDK 2XL,0,1,0,0,51519,51519,51519
Jul-2026,MAMU PALOPO,HENLEY MAMU,HN MAPLE BROWN PDK 2XL,0,1,0,0,51519,51519,51519
Agu-2026,MAMU PALOPO,HENLEY MAMU,HN MAPLE BROWN PDK 2XL,0,1,0,0,51519,51519,51519
Sep-2026,MAMU PALOPO,HENLEY MAMU,HN MAPLE BROWN PDK 2XL,0,1,0,0,51519,51519,51519
Okt-2026,MAMU PALOPO,HENLEY MAMU,HN MAPLE BROWN PDK 2XL,0,1,0,0,51519,51519,51519
Jan-2026,MAMU PALOPO,HENLEY MAMU,HN MAPLE BROWN PDK L,0,8,0,0,52022,416176,0
Feb-2026,MAMU PALOPO,HENLEY MAMU,HN MAPLE BROWN PDK L,0,8,0,0,52022,416176,416176
Mar-2026,MAMU PALOPO,HENLEY MAMU,HN MAPLE BROWN PDK L,0,7,0,0,52022,364154,416176
Apr-2026,MAMU PALOPO,HENLEY MAMU,HN MAPLE BROWN PDK L,52022,6,0,0,52022,312132,364154
Mei-2026,MAMU PALOPO,HENLEY MAMU,HN MAPLE BROWN PDK L,0,6,0,0,52022,312132,312132
Jun-2026,MAMU PALOPO,HENLEY MAMU,HN MAPLE BROWN PDK L,0,6,0,0,52022,312132,312132
Jul-2026,MAMU PALOPO,HENLEY MAMU,HN MAPLE BROWN PDK L,0,6,0,0,52022,312132,312132
Agu-2026,MAMU PALOPO,HENLEY MAMU,HN MAPLE BROWN PDK L,0,6,0,0,52022,312132,312132
Sep-2026,MAMU PALOPO,HENLEY MAMU,HN MAPLE BROWN PDK L,0,6,0,0,52022,312132,312132
Okt-2026,MAMU PALOPO,HENLEY MAMU,HN MAPLE BROWN PDK L,0,6,0,0,52022,312132,312132
Jan-2026,MAMU PALOPO,HENLEY MAMU,HN MAPLE BROWN PDK M,0,13,0,0,20459,265967,0
Feb-2026,MAMU PALOPO,HENLEY MAMU,HN MAPLE BROWN PDK M,20459,12,0,0,20459,245508,265967
Mar-2026,MAMU PALOPO,HENLEY MAMU,HN MAPLE BROWN PDK M,20459,11,0,0,20459,225049,245508
Apr-2026,MAMU PALOPO,HENLEY MAMU,HN MAPLE BROWN PDK M,0,11,0,0,20459,225049,225049
Mei-2026,MAMU PALOPO,HENLEY MAMU,HN MAPLE BROWN PDK M,0,11,0,0,20459,225049,225049
Jun-2026,MAMU PALOPO,HENLEY MAMU,HN MAPLE BROWN PDK M,0,11,0,0,20459,225049,225049
Jul-2026,MAMU PALOPO,HENLEY MAMU,HN MAPLE BROWN PDK M,20459,10,0,0,20459,204590,225049
Agu-2026,MAMU PALOPO,HENLEY MAMU,HN MAPLE BROWN PDK M,0,10,0,0,20459,204590,204590
Sep-2026,MAMU PALOPO,HENLEY MAMU,HN MAPLE BROWN PDK M,0,10,0,0,20459,204590,204590
Okt-2026,MAMU PALOPO,HENLEY MAMU,HN MAPLE BROWN PDK M,0,10,0,0,20459,204590,204590
Jan-2026,MAMU PALOPO,HENLEY MAMU,HN MAPLE BROWN PDK S,0,4,0,0,34095,136380,0
Feb-2026,MAMU PALOPO,HENLEY MAMU,HN MAPLE BROWN PDK S,0,4,0,0,34095,136380,136380
Mar-2026,MAMU PALOPO,HENLEY MAMU,HN MAPLE BROWN PDK S,34095,3,0,0,34095,102285,136380
Apr-2026,MAMU PALOPO,HENLEY MAMU,HN MAPLE BROWN PDK S,0,3,0,0,34095,102285,102285
Mei-2026,MAMU PALOPO,HENLEY MAMU,HN MAPLE BROWN PDK S,0,3,0,0,34095,102285,102285
Jun-2026,MAMU PALOPO,HENLEY MAMU,HN MAPLE BROWN PDK S,0,3,0,0,34095,102285,102285
Jul-2026,MAMU PALOPO,HENLEY MAMU,HN MAPLE BROWN PDK S,0,3,0,0,34095,102285,102285
Agu-2026,MAMU PALOPO,HENLEY MAMU,HN MAPLE BROWN PDK S,0,3,0,0,34095,102285,102285
Sep-2026,MAMU PALOPO,HENLEY MAMU,HN MAPLE BROWN PDK S,0,3,0,0,34095,102285,102285
Okt-2026,MAMU PALOPO,HENLEY MAMU,HN MAPLE BROWN PDK S,0,3,0,0,34095,102285,102285
Jan-2026,MAMU PALOPO,HENLEY MAMU,HN MAPLE BROWN PDK XL,95902,3,0,0,47951,143853,0
Feb-2026,MAMU PALOPO,HENLEY MAMU,HN MAPLE BROWN PDK XL,0,3,0,0,47951,143853,143853
Mar-2026,MAMU PALOPO,HENLEY MAMU,HN MAPLE BROWN PDK XL,95902,1,0,0,47951,47951,143853
Apr-2026,MAMU PALOPO,HENLEY MAMU,HN MAPLE BROWN PDK XL,47951,0,0,0,47951,0,47951
Jan-2026,MAMU PALOPO,HENLEY MAMU,HN MAPLE BROWN PJG 2XL,0,1,0,0,75238,75238,0
Feb-2026,MAMU PALOPO,HENLEY MAMU,HN MAPLE BROWN PJG 2XL,0,1,0,0,75238,75238,75238
Mar-2026,MAMU PALOPO,HENLEY MAMU,HN MAPLE BROWN PJG 2XL,0,1,0,0,75238,75238,75238
Apr-2026,MAMU PALOPO,HENLEY MAMU,HN MAPLE BROWN PJG 2XL,0,1,0,0,75238,75238,75238
Mei-2026,MAMU PALOPO,HENLEY MAMU,HN MAPLE BROWN PJG 2XL,0,1,0,0,75238,75238,75238
Jun-2026,MAMU PALOPO,HENLEY MAMU,HN MAPLE BROWN PJG 2XL,0,1,0,0,75238,75238,75238
Jul-2026,MAMU PALOPO,HENLEY MAMU,HN MAPLE BROWN PJG 2XL,75238,0,0,0,75238,0,75238
Jan-2026,MAMU PALOPO,HENLEY MAMU,HN MAPLE BROWN PJG L,0,4,0,0,38707,154828,0
Feb-2026,MAMU PALOPO,HENLEY MAMU,HN MAPLE BROWN PJG L,38707,4,0,0,38707,154828,154828
Mar-2026,MAMU PALOPO,HENLEY MAMU,HN MAPLE BROWN PJG L,0,4,0,0,38707,154828,154828
Apr-2026,MAMU PALOPO,HENLEY MAMU,HN MAPLE BROWN PJG L,0,4,0,0,38707,154828,154828
Mei-2026,MAMU PALOPO,HENLEY MAMU,HN MAPLE BROWN PJG L,0,4,0,0,38707,154828,154828
Jun-2026,MAMU PALOPO,HENLEY MAMU,HN MAPLE BROWN PJG L,0,4,0,0,38707,154828,154828
Jul-2026,MAMU PALOPO,HENLEY MAMU,HN MAPLE BROWN PJG L,0,4,0,0,38707,154828,154828
Agu-2026,MAMU PALOPO,HENLEY MAMU,HN MAPLE BROWN PJG L,0,4,0,0,38707,154828,154828
Sep-2026,MAMU PALOPO,HENLEY MAMU,HN MAPLE BROWN PJG L,0,4,0,0,38707,154828,154828
Okt-2026,MAMU PALOPO,HENLEY MAMU,HN MAPLE BROWN PJG L,0,4,0,0,38707,154828,154828
Jan-2026,MAMU PALOPO,HENLEY MAMU,HN MAPLE BROWN PJG M,0,2,0,0,31325,62650,0
Feb-2026,MAMU PALOPO,HENLEY MAMU,HN MAPLE BROWN PJG M,0,2,0,0,31325,62650,62650
Mar-2026,MAMU PALOPO,HENLEY MAMU,HN MAPLE BROWN PJG M,0,2,0,0,31325,62650,62650
Apr-2026,MAMU PALOPO,HENLEY MAMU,HN MAPLE BROWN PJG M,0,2,0,0,31325,62650,62650
Mei-2026,MAMU PALOPO,HENLEY MAMU,HN MAPLE BROWN PJG M,0,2,0,0,31325,62650,62650
Jun-2026,MAMU PALOPO,HENLEY MAMU,HN MAPLE BROWN PJG M,0,2,0,0,31325,62650,62650
Jul-2026,MAMU PALOPO,HENLEY MAMU,HN MAPLE BROWN PJG M,0,2,0,0,31325,62650,62650
Agu-2026,MAMU PALOPO,HENLEY MAMU,HN MAPLE BROWN PJG M,0,2,0,0,31325,62650,62650
Sep-2026,MAMU PALOPO,HENLEY MAMU,HN MAPLE BROWN PJG M,0,2,0,0,31325,62650,62650
Okt-2026,MAMU PALOPO,HENLEY MAMU,HN MAPLE BROWN PJG M,0,2,0,0,31325,62650,62650
Jan-2026,MAMU PALOPO,HENLEY MAMU,HN MAPLE BROWN PJG S,0,1,0,0,58674,58674,0
Feb-2026,MAMU PALOPO,HENLEY MAMU,HN MAPLE BROWN PJG S,0,0,0,0,58674,0,58674
Jan-2026,MAMU PALOPO,HENLEY MAMU,HN MAPLE BROWN PJG XL,0,2,0,0,75712,151424,0
Feb-2026,MAMU PALOPO,HENLEY MAMU,HN MAPLE BROWN PJG XL,0,2,0,0,75712,151424,151424
Mar-2026,MAMU PALOPO,HENLEY MAMU,HN MAPLE BROWN PJG XL,0,2,0,0,75712,151424,151424
Apr-2026,MAMU PALOPO,HENLEY MAMU,HN MAPLE BROWN PJG XL,0,2,0,0,75712,151424,151424
Mei-2026,MAMU PALOPO,HENLEY MAMU,HN MAPLE BROWN PJG XL,0,2,0,0,75712,151424,151424
Jun-2026,MAMU PALOPO,HENLEY MAMU,HN MAPLE BROWN PJG XL,0,2,0,0,75712,151424,151424
Jul-2026,MAMU PALOPO,HENLEY MAMU,HN MAPLE BROWN PJG XL,0,2,0,0,75712,151424,151424
Agu-2026,MAMU PALOPO,HENLEY MAMU,HN MAPLE BROWN PJG XL,0,2,0,0,75712,151424,151424
Sep-2026,MAMU PALOPO,HENLEY MAMU,HN MAPLE BROWN PJG XL,0,2,0,0,75712,151424,151424
Okt-2026,MAMU PALOPO,HENLEY MAMU,HN MAPLE BROWN PJG XL,0,2,0,0,75712,151424,151424
Jan-2026,MAMU PALOPO,HENLEY MAMU,HN NAVY PDK 2XL,0,4,0,0,42452,169808,0
Feb-2026,MAMU PALOPO,HENLEY MAMU,HN NAVY PDK 2XL,0,4,0,0,42452,169808,169808
Mar-2026,MAMU PALOPO,HENLEY MAMU,HN NAVY PDK 2XL,0,4,0,0,42452,169808,169808
Apr-2026,MAMU PALOPO,HENLEY MAMU,HN NAVY PDK 2XL,0,4,0,0,42452,169808,169808
Mei-2026,MAMU PALOPO,HENLEY MAMU,HN NAVY PDK 2XL,0,4,0,0,42452,169808,169808
Jun-2026,MAMU PALOPO,HENLEY MAMU,HN NAVY PDK 2XL,0,4,0,0,42452,169808,169808
Jul-2026,MAMU PALOPO,HENLEY MAMU,HN NAVY PDK 2XL,0,4,0,0,42452,169808,169808
Agu-2026,MAMU PALOPO,HENLEY MAMU,HN NAVY PDK 2XL,0,4,0,0,42452,169808,169808
Sep-2026,MAMU PALOPO,HENLEY MAMU,HN NAVY PDK 2XL,0,4,0,0,42452,169808,169808
Okt-2026,MAMU PALOPO,HENLEY MAMU,HN NAVY PDK 2XL,0,4,0,0,42452,169808,169808
Jan-2026,MAMU PALOPO,HENLEY MAMU,HN NAVY PDK L,0,15,0,0,39725,595875,0
Feb-2026,MAMU PALOPO,HENLEY MAMU,HN NAVY PDK L,0,15,0,0,39725,595875,595875
Mar-2026,MAMU PALOPO,HENLEY MAMU,HN NAVY PDK L,0,15,0,0,39725,595875,595875
Apr-2026,MAMU PALOPO,HENLEY MAMU,HN NAVY PDK L,0,15,0,0,39725,595875,595875
Mei-2026,MAMU PALOPO,HENLEY MAMU,HN NAVY PDK L,0,15,0,0,39725,595875,595875
Jun-2026,MAMU PALOPO,HENLEY MAMU,HN NAVY PDK L,0,15,0,0,39725,595875,595875
Jul-2026,MAMU PALOPO,HENLEY MAMU,HN NAVY PDK L,0,15,0,0,39725,595875,595875
Agu-2026,MAMU PALOPO,HENLEY MAMU,HN NAVY PDK L,0,15,0,0,39725,595875,595875
Sep-2026,MAMU PALOPO,HENLEY MAMU,HN NAVY PDK L,0,15,0,0,39725,595875,595875
Okt-2026,MAMU PALOPO,HENLEY MAMU,HN NAVY PDK L,0,15,0,0,39725,595875,595875
Jan-2026,MAMU PALOPO,HENLEY MAMU,HN NAVY PDK M,0,8,0,0,49148,393184,0
Feb-2026,MAMU PALOPO,HENLEY MAMU,HN NAVY PDK M,0,8,0,0,49148,393184,393184
Mar-2026,MAMU PALOPO,HENLEY MAMU,HN NAVY PDK M,0,8,0,0,49148,393184,393184
Apr-2026,MAMU PALOPO,HENLEY MAMU,HN NAVY PDK M,0,8,0,0,49148,393184,393184
Mei-2026,MAMU PALOPO,HENLEY MAMU,HN NAVY PDK M,0,8,0,0,49148,393184,393184
Jun-2026,MAMU PALOPO,HENLEY MAMU,HN NAVY PDK M,0,8,0,0,49148,393184,393184
Jul-2026,MAMU PALOPO,HENLEY MAMU,HN NAVY PDK M,0,8,0,0,49148,393184,393184
Agu-2026,MAMU PALOPO,HENLEY MAMU,HN NAVY PDK M,0,8,0,0,49148,393184,393184
Sep-2026,MAMU PALOPO,HENLEY MAMU,HN NAVY PDK M,0,8,0,0,49148,393184,393184
Okt-2026,MAMU PALOPO,HENLEY MAMU,HN NAVY PDK M,0,8,0,0,49148,393184,393184
Jan-2026,MAMU PALOPO,HENLEY MAMU,HN NAVY PDK S,0,5,0,0,35592,177960,0
Feb-2026,MAMU PALOPO,HENLEY MAMU,HN NAVY PDK S,0,5,0,0,35592,177960,177960
Mar-2026,MAMU PALOPO,HENLEY MAMU,HN NAVY PDK S,0,5,0,0,35592,177960,177960
Apr-2026,MAMU PALOPO,HENLEY MAMU,HN NAVY PDK S,0,5,0,0,35592,177960,177960
Mei-2026,MAMU PALOPO,HENLEY MAMU,HN NAVY PDK S,0,5,0,0,35592,177960,177960
Jun-2026,MAMU PALOPO,HENLEY MAMU,HN NAVY PDK S,0,5,0,0,35592,177960,177960
Jul-2026,MAMU PALOPO,HENLEY MAMU,HN NAVY PDK S,0,5,0,0,35592,177960,177960
Agu-2026,MAMU PALOPO,HENLEY MAMU,HN NAVY PDK S,35592,4,0,0,35592,142368,177960
Sep-2026,MAMU PALOPO,HENLEY MAMU,HN NAVY PDK S,0,4,0,0,35592,142368,142368
Okt-2026,MAMU PALOPO,HENLEY MAMU,HN NAVY PDK S,0,4,0,0,35592,142368,142368
Jan-2026,MAMU PALOPO,HENLEY MAMU,HN NAVY PDK XL,0,8,0,0,42651,341208,0
Feb-2026,MAMU PALOPO,HENLEY MAMU,HN NAVY PDK XL,0,8,0,0,42651,341208,341208
Mar-2026,MAMU PALOPO,HENLEY MAMU,HN NAVY PDK XL,0,8,0,0,42651,341208,341208
Apr-2026,MAMU PALOPO,HENLEY MAMU,HN NAVY PDK XL,0,8,0,0,42651,341208,341208
Mei-2026,MAMU PALOPO,HENLEY MAMU,HN NAVY PDK XL,0,8,0,0,42651,341208,341208
Jun-2026,MAMU PALOPO,HENLEY MAMU,HN NAVY PDK XL,0,8,0,0,42651,341208,341208
Jul-2026,MAMU PALOPO,HENLEY MAMU,HN NAVY PDK XL,42651,8,0,0,42651,341208,341208
Agu-2026,MAMU PALOPO,HENLEY MAMU,HN NAVY PDK XL,0,7,0,0,42651,298557,341208
Sep-2026,MAMU PALOPO,HENLEY MAMU,HN NAVY PDK XL,0,7,0,0,42651,298557,298557
Okt-2026,MAMU PALOPO,HENLEY MAMU,HN NAVY PDK XL,0,7,0,0,42651,298557,298557
Jan-2026,MAMU PALOPO,HENLEY MAMU,HN NAVY PJG 2XL,0,1,0,0,89961,89961,0
Feb-2026,MAMU PALOPO,HENLEY MAMU,HN NAVY PJG 2XL,0,1,0,0,89961,89961,89961
Mar-2026,MAMU PALOPO,HENLEY MAMU,HN NAVY PJG 2XL,0,1,0,0,89961,89961,89961
Apr-2026,MAMU PALOPO,HENLEY MAMU,HN NAVY PJG 2XL,0,1,0,0,89961,89961,89961
Mei-2026,MAMU PALOPO,HENLEY MAMU,HN NAVY PJG 2XL,0,1,0,0,89961,89961,89961
Jun-2026,MAMU PALOPO,HENLEY MAMU,HN NAVY PJG 2XL,0,1,0,0,89961,89961,89961
Jul-2026,MAMU PALOPO,HENLEY MAMU,HN NAVY PJG 2XL,0,0,0,0,89961,0,89961
Jan-2026,MAMU PALOPO,HENLEY MAMU,HN NAVY PJG L,0,7,0,0,42976,300832,0
Feb-2026,MAMU PALOPO,HENLEY MAMU,HN NAVY PJG L,0,7,0,0,42976,300832,300832
Mar-2026,MAMU PALOPO,HENLEY MAMU,HN NAVY PJG L,0,7,0,0,42976,300832,300832
Apr-2026,MAMU PALOPO,HENLEY MAMU,HN NAVY PJG L,0,7,0,0,42976,300832,300832
Mei-2026,MAMU PALOPO,HENLEY MAMU,HN NAVY PJG L,0,7,0,0,42976,300832,300832
Jun-2026,MAMU PALOPO,HENLEY MAMU,HN NAVY PJG L,0,7,0,0,42976,300832,300832
Jul-2026,MAMU PALOPO,HENLEY MAMU,HN NAVY PJG L,0,7,0,0,42976,300832,300832
Agu-2026,MAMU PALOPO,HENLEY MAMU,HN NAVY PJG L,0,7,0,0,42976,300832,300832
Sep-2026,MAMU PALOPO,HENLEY MAMU,HN NAVY PJG L,0,7,0,0,42976,300832,300832
Okt-2026,MAMU PALOPO,HENLEY MAMU,HN NAVY PJG L,0,7,0,0,42976,300832,300832
Jan-2026,MAMU PALOPO,HENLEY MAMU,HN NAVY PJG M,0,5,0,0,34688,173440,0
Feb-2026,MAMU PALOPO,HENLEY MAMU,HN NAVY PJG M,0,5,0,0,34688,173440,173440
Mar-2026,MAMU PALOPO,HENLEY MAMU,HN NAVY PJG M,0,5,0,0,34688,173440,173440
Apr-2026,MAMU PALOPO,HENLEY MAMU,HN NAVY PJG M,0,5,0,0,34688,173440,173440
Mei-2026,MAMU PALOPO,HENLEY MAMU,HN NAVY PJG M,0,5,0,0,34688,173440,173440
Jun-2026,MAMU PALOPO,HENLEY MAMU,HN NAVY PJG M,0,5,0,0,34688,173440,173440
Jul-2026,MAMU PALOPO,HENLEY MAMU,HN NAVY PJG M,0,5,0,0,34688,173440,173440
Agu-2026,MAMU PALOPO,HENLEY MAMU,HN NAVY PJG M,0,5,0,0,34688,173440,173440
Sep-2026,MAMU PALOPO,HENLEY MAMU,HN NAVY PJG M,0,5,0,0,34688,173440,173440
Okt-2026,MAMU PALOPO,HENLEY MAMU,HN NAVY PJG M,0,5,0,0,34688,173440,173440
Jan-2026,MAMU PALOPO,HENLEY MAMU,HN NAVY PJG S,0,1,0,0,40126,40126,0
Feb-2026,MAMU PALOPO,HENLEY MAMU,HN NAVY PJG S,0,1,0,0,40126,40126,40126
Mar-2026,MAMU PALOPO,HENLEY MAMU,HN NAVY PJG S,0,1,0,0,40126,40126,40126
Apr-2026,MAMU PALOPO,HENLEY MAMU,HN NAVY PJG S,0,1,0,0,40126,40126,40126
Mei-2026,MAMU PALOPO,HENLEY MAMU,HN NAVY PJG S,0,1,0,0,40126,40126,40126
Jun-2026,MAMU PALOPO,HENLEY MAMU,HN NAVY PJG S,0,1,0,0,40126,40126,40126
Jul-2026,MAMU PALOPO,HENLEY MAMU,HN NAVY PJG S,0,1,0,0,40126,40126,40126
Agu-2026,MAMU PALOPO,HENLEY MAMU,HN NAVY PJG S,0,1,0,0,40126,40126,40126
Sep-2026,MAMU PALOPO,HENLEY MAMU,HN NAVY PJG S,0,1,0,0,40126,40126,40126
Okt-2026,MAMU PALOPO,HENLEY MAMU,HN NAVY PJG S,40126,0,0,0,40126,0,40126
Jan-2026,MAMU PALOPO,HENLEY MAMU,HN NAVY PJG XL,0,5,0,0,35633,178165,0
Feb-2026,MAMU PALOPO,HENLEY MAMU,HN NAVY PJG XL,0,5,0,0,35633,178165,178165
Mar-2026,MAMU PALOPO,HENLEY MAMU,HN NAVY PJG XL,0,5,0,0,35633,178165,178165
Apr-2026,MAMU PALOPO,HENLEY MAMU,HN NAVY PJG XL,35633,5,0,0,35633,178165,178165
Mei-2026,MAMU PALOPO,HENLEY MAMU,HN NAVY PJG XL,0,4,0,0,35633,142532,178165
Jun-2026,MAMU PALOPO,HENLEY MAMU,HN NAVY PJG XL,0,4,0,0,35633,142532,142532
Jul-2026,MAMU PALOPO,HENLEY MAMU,HN NAVY PJG XL,0,4,0,0,35633,142532,142532
Agu-2026,MAMU PALOPO,HENLEY MAMU,HN NAVY PJG XL,0,4,0,0,35633,142532,142532
Sep-2026,MAMU PALOPO,HENLEY MAMU,HN NAVY PJG XL,0,4,0,0,35633,142532,142532
Okt-2026,MAMU PALOPO,HENLEY MAMU,HN NAVY PJG XL,0,4,0,0,35633,142532,142532
Jan-2026,MAMU TSM,HENLEY MAMU,HN ABU TUA PDK 2XL,88767,0,0,0,29589,0,0
Jan-2026,MAMU TSM,HENLEY MAMU,HN ABU TUA PDK L,98226,0,0,0,32742,0,0
Jan-2026,MAMU TSM,HENLEY MAMU,HN ABU TUA PDK M,37522,2,0,0,37522,75044,0
Feb-2026,MAMU TSM,HENLEY MAMU,HN ABU TUA PDK M,0,1,0,0,37522,37522,75044
Mar-2026,MAMU TSM,HENLEY MAMU,HN ABU TUA PDK M,37522,0,0,0,37522,0,37522
Jan-2026,MAMU TSM,HENLEY MAMU,HN ABU TUA PDK S,32181,3,0,0,32181,96543,0
Feb-2026,MAMU TSM,HENLEY MAMU,HN ABU TUA PDK S,96543,0,0,0,32181,0,96543
Jan-2026,MAMU TSM,HENLEY MAMU,HN ABU TUA PDK XL,82710,0,0,0,41355,0,0
Jan-2026,MAMU TSM,HENLEY MAMU,HN ABU TUA PJG 2XL,29107,1,0,0,29107,29107,0
Feb-2026,MAMU TSM,HENLEY MAMU,HN ABU TUA PJG 2XL,0,1,0,0,29107,29107,29107
Mar-2026,MAMU TSM,HENLEY MAMU,HN ABU TUA PJG 2XL,29107,0,0,0,29107,0,29107
Jan-2026,MAMU TSM,HENLEY MAMU,HN ABU TUA PJG L,0,2,0,0,37310,74620,0
Feb-2026,MAMU TSM,HENLEY MAMU,HN ABU TUA PJG L,0,1,0,0,37310,37310,74620
Mar-2026,MAMU TSM,HENLEY MAMU,HN ABU TUA PJG L,37310,0,0,0,37310,0,37310
Jan-2026,MAMU TSM,HENLEY MAMU,HN ABU TUA PJG M,0,2,0,0,39650,79300,0
Feb-2026,MAMU TSM,HENLEY MAMU,HN ABU TUA PJG M,0,1,0,0,39650,39650,79300
Mar-2026,MAMU TSM,HENLEY MAMU,HN ABU TUA PJG M,39650,0,0,0,39650,0,39650
Jan-2026,MAMU TSM,HENLEY MAMU,HN ABU TUA PJG XL,42765,1,0,0,42765,42765,0
Feb-2026,MAMU TSM,HENLEY MAMU,HN ABU TUA PJG XL,0,1,0,0,42765,42765,42765
Mar-2026,MAMU TSM,HENLEY MAMU,HN ABU TUA PJG XL,42765,0,0,0,42765,0,42765
Jan-2026,MAMU TSM,HENLEY MAMU,HN BEIGE PDK L,77854,0,0,0,38927,0,0
Jan-2026,MAMU TSM,HENLEY MAMU,HN BEIGE PDK M,85116,0,0,0,28372,0,0
Jan-2026,MAMU TSM,HENLEY MAMU,HN BEIGE PDK S,65250,0,0,0,32625,0,0
Jan-2026,MAMU TSM,HENLEY MAMU,HN BEIGE PDK XL,92844,0,0,0,30948,0,0
Jan-2026,MAMU TSM,HENLEY MAMU,HN BEIGE PJG L,0,2,0,0,39109,78218,0
Feb-2026,MAMU TSM,HENLEY MAMU,HN BEIGE PJG L,0,1,0,0,39109,39109,78218
Mar-2026,MAMU TSM,HENLEY MAMU,HN BEIGE PJG L,0,1,0,0,39109,39109,39109
Apr-2026,MAMU TSM,HENLEY MAMU,HN BEIGE PJG L,0,0,0,0,39109,0,39109
Jan-2026,MAMU TSM,HENLEY MAMU,HN BEIGE PJG M,35981,1,0,0,35981,35981,0
Feb-2026,MAMU TSM,HENLEY MAMU,HN BEIGE PJG M,0,1,0,0,35981,35981,35981
Mar-2026,MAMU TSM,HENLEY MAMU,HN BEIGE PJG M,35981,0,0,0,35981,0,35981
Jan-2026,MAMU TSM,HENLEY MAMU,HN BEIGE PJG XL,0,2,0,0,36128,72256,0
Feb-2026,MAMU TSM,HENLEY MAMU,HN BEIGE PJG XL,0,1,0,0,36128,36128,72256
Mar-2026,MAMU TSM,HENLEY MAMU,HN BEIGE PJG XL,0,1,0,0,36128,36128,36128
Apr-2026,MAMU TSM,HENLEY MAMU,HN BEIGE PJG XL,0,0,0,0,36128,0,36128
Jan-2026,MAMU TSM,HENLEY MAMU,HN JET BLACK PDK 2XL,165885,0,0,0,55295,0,0
Jan-2026,MAMU TSM,HENLEY MAMU,HN JET BLACK PDK L,97158,2,0,0,32386,64772,0
Feb-2026,MAMU TSM,HENLEY MAMU,HN JET BLACK PDK L,32386,0,0,0,32386,0,64772
Jan-2026,MAMU TSM,HENLEY MAMU,HN JET BLACK PDK M,79562,3,0,0,39781,119343,0
Feb-2026,MAMU TSM,HENLEY MAMU,HN JET BLACK PDK M,119343,0,0,0,39781,0,119343
Jan-2026,MAMU TSM,HENLEY MAMU,HN JET BLACK PDK S,62634,5,0,0,31317,156585,0
Feb-2026,MAMU TSM,HENLEY MAMU,HN JET BLACK PDK S,62634,0,0,0,31317,0,156585
Jan-2026,MAMU TSM,HENLEY MAMU,HN JET BLACK PDK XL,93567,2,0,0,31189,62378,0
Feb-2026,MAMU TSM,HENLEY MAMU,HN JET BLACK PDK XL,62378,0,0,0,31189,0,62378
Jan-2026,MAMU TSM,HENLEY MAMU,HN JET BLACK PJG L,39673,0,0,0,39673,0,0
Feb-2026,MAMU TSM,HENLEY MAMU,HN JET BLACK PJG L,39673,0,0,0,39673,0,0
Jan-2026,MAMU TSM,HENLEY MAMU,HN JET BLACK PJG M,39784,0,0,0,39784,0,0
Jan-2026,MAMU TSM,HENLEY MAMU,HN JET BLACK PJG XL,0,2,0,0,42281,84562,0
Feb-2026,MAMU TSM,HENLEY MAMU,HN JET BLACK PJG XL,0,1,0,0,42281,42281,84562
Mar-2026,MAMU TSM,HENLEY MAMU,HN JET BLACK PJG XL,42281,0,0,0,42281,0,42281
Jan-2026,MAMU TSM,HENLEY MAMU,HN MAPLE BROWN PDK 2XL,206076,0,0,0,51519,0,0
Jan-2026,MAMU TSM,HENLEY MAMU,HN MAPLE BROWN PDK L,104044,0,0,0,52022,0,0
Feb-2026,MAMU TSM,HENLEY MAMU,HN MAPLE BROWN PDK L,0,1,0,0,52022,52022,0
Mar-2026,MAMU TSM,HENLEY MAMU,HN MAPLE BROWN PDK L,52022,0,0,0,52022,0,52022
Jan-2026,MAMU TSM,HENLEY MAMU,HN MAPLE BROWN PDK M,40918,0,0,0,20459,0,0
Feb-2026,MAMU TSM,HENLEY MAMU,HN MAPLE BROWN PDK M,0,1,0,0,20459,20459,0
Mar-2026,MAMU TSM,HENLEY MAMU,HN MAPLE BROWN PDK M,20459,0,0,0,20459,0,20459
Jan-2026,MAMU TSM,HENLEY MAMU,HN MAPLE BROWN PDK XL,47951,0,0,0,47951,0,0
Jan-2026,MAMU TSM,HENLEY MAMU,HN MAPLE BROWN PJG L,38707,0,0,0,38707,0,0
Feb-2026,MAMU TSM,HENLEY MAMU,HN MAPLE BROWN PJG L,0,1,0,0,38707,38707,0
Mar-2026,MAMU TSM,HENLEY MAMU,HN MAPLE BROWN PJG L,38707,0,0,0,38707,0,38707
Jan-2026,MAMU TSM,HENLEY MAMU,HN MAPLE BROWN PJG M,62650,0,0,0,31325,0,0
Feb-2026,MAMU TSM,HENLEY MAMU,HN MAPLE BROWN PJG M,0,1,0,0,31325,31325,0
Mar-2026,MAMU TSM,HENLEY MAMU,HN MAPLE BROWN PJG M,0,1,0,0,31325,31325,31325
Apr-2026,MAMU TSM,HENLEY MAMU,HN MAPLE BROWN PJG M,0,0,0,0,31325,0,31325
Jan-2026,MAMU TSM,HENLEY MAMU,HN MAPLE BROWN PJG XL,0,1,0,0,75712,75712,0
Feb-2026,MAMU TSM,HENLEY MAMU,HN MAPLE BROWN PJG XL,75712,0,0,0,75712,0,75712
Jan-2026,MAMU TSM,HENLEY MAMU,HN NAVY PDK 2XL,169808,0,0,0,42452,0,0
Jan-2026,MAMU TSM,HENLEY MAMU,HN NAVY PDK L,119175,0,0,0,39725,0,0
Jan-2026,MAMU TSM,HENLEY MAMU,HN NAVY PDK M,98296,1,0,0,49148,49148,0
Feb-2026,MAMU TSM,HENLEY MAMU,HN NAVY PDK M,0,1,0,0,49148,49148,49148
Mar-2026,MAMU TSM,HENLEY MAMU,HN NAVY PDK M,49148,0,0,0,49148,0,49148
Jan-2026,MAMU TSM,HENLEY MAMU,HN NAVY PDK S,142368,1,0,0,35592,35592,0
Feb-2026,MAMU TSM,HENLEY MAMU,HN NAVY PDK S,0,0,0,0,35592,0,35592
Jan-2026,MAMU TSM,HENLEY MAMU,HN NAVY PDK XL,85302,0,0,0,42651,0,0
Jan-2026,MAMU TSM,HENLEY MAMU,HN NAVY PJG L,42976,0,0,0,42976,0,0
Jan-2026,MAMU TSM,HENLEY MAMU,HN NAVY PJG M,0,2,0,0,34688,69376,0
Feb-2026,MAMU TSM,HENLEY MAMU,HN NAVY PJG M,0,2,0,0,34688,69376,69376
Mar-2026,MAMU TSM,HENLEY MAMU,HN NAVY PJG M,0,2,0,0,34688,69376,69376
Apr-2026,MAMU TSM,HENLEY MAMU,HN NAVY PJG M,0,0,0,0,34688,0,69376
Jan-2026,MAMU TSM,HENLEY MAMU,HN NAVY PJG S,0,2,0,0,40126,80252,0
Feb-2026,MAMU TSM,HENLEY MAMU,HN NAVY PJG S,0,1,0,0,40126,40126,80252
Mar-2026,MAMU TSM,HENLEY MAMU,HN NAVY PJG S,40126,0,0,0,40126,0,40126
Jan-2026,MAMU TSM,HENLEY MAMU,HN NAVY PJG XL,0,2,0,0,35633,71266,0
Feb-2026,MAMU TSM,HENLEY MAMU,HN NAVY PJG XL,0,1,0,0,35633,35633,71266
Mar-2026,MAMU TSM,HENLEY MAMU,HN NAVY PJG XL,35633,0,0,0,35633,0,35633
Jan-2026,MAMU TSM,HENLEY MAMU,HN STONE GREY PJG L,0,2,0,0,42527,85054,0
Feb-2026,MAMU TSM,HENLEY MAMU,HN STONE GREY PJG L,85054,0,0,0,42527,0,85054
Jan-2026,TIGALAPANKAOS MANADO,HENLEY MAMU,HN ABU TUA PDK 2XL,0,3,0,0,29589,88767,0
Feb-2026,TIGALAPANKAOS MANADO,HENLEY MAMU,HN ABU TUA PDK 2XL,0,3,0,0,29589,88767,88767
Mar-2026,TIGALAPANKAOS MANADO,HENLEY MAMU,HN ABU TUA PDK 2XL,0,3,0,0,29589,88767,88767
Apr-2026,TIGALAPANKAOS MANADO,HENLEY MAMU,HN ABU TUA PDK 2XL,0,3,0,0,29589,88767,88767
Mei-2026,TIGALAPANKAOS MANADO,HENLEY MAMU,HN ABU TUA PDK 2XL,0,3,0,0,29589,88767,88767
Jun-2026,TIGALAPANKAOS MANADO,HENLEY MAMU,HN ABU TUA PDK 2XL,0,3,0,0,29589,88767,88767
Jul-2026,TIGALAPANKAOS MANADO,HENLEY MAMU,HN ABU TUA PDK 2XL,0,3,0,0,29589,88767,88767
Agu-2026,TIGALAPANKAOS MANADO,HENLEY MAMU,HN ABU TUA PDK 2XL,0,3,0,0,29589,88767,88767
Sep-2026,TIGALAPANKAOS MANADO,HENLEY MAMU,HN ABU TUA PDK 2XL,0,3,0,0,29589,88767,88767
Okt-2026,TIGALAPANKAOS MANADO,HENLEY MAMU,HN ABU TUA PDK 2XL,0,3,0,0,29589,88767,88767
Jan-2026,TIGALAPANKAOS MANADO,HENLEY MAMU,HN ABU TUA PDK L,0,15,0,0,32742,491130,0
Feb-2026,TIGALAPANKAOS MANADO,HENLEY MAMU,HN ABU TUA PDK L,0,15,0,0,32742,491130,491130
Mar-2026,TIGALAPANKAOS MANADO,HENLEY MAMU,HN ABU TUA PDK L,0,15,0,0,32742,491130,491130
Apr-2026,TIGALAPANKAOS MANADO,HENLEY MAMU,HN ABU TUA PDK L,0,15,0,0,32742,491130,491130
Mei-2026,TIGALAPANKAOS MANADO,HENLEY MAMU,HN ABU TUA PDK L,0,14,0,0,32742,458388,491130
Jun-2026,TIGALAPANKAOS MANADO,HENLEY MAMU,HN ABU TUA PDK L,0,14,0,0,32742,458388,458388
Jul-2026,TIGALAPANKAOS MANADO,HENLEY MAMU,HN ABU TUA PDK L,0,14,0,0,32742,458388,458388
Agu-2026,TIGALAPANKAOS MANADO,HENLEY MAMU,HN ABU TUA PDK L,32742,13,0,0,32742,425646,458388
Sep-2026,TIGALAPANKAOS MANADO,HENLEY MAMU,HN ABU TUA PDK L,0,13,0,0,32742,425646,425646
Okt-2026,TIGALAPANKAOS MANADO,HENLEY MAMU,HN ABU TUA PDK L,0,13,0,0,32742,425646,425646
Jan-2026,TIGALAPANKAOS MANADO,HENLEY MAMU,HN ABU TUA PDK M,0,6,0,0,37522,225132,0
Feb-2026,TIGALAPANKAOS MANADO,HENLEY MAMU,HN ABU TUA PDK M,0,6,0,0,37522,225132,225132
Mar-2026,TIGALAPANKAOS MANADO,HENLEY MAMU,HN ABU TUA PDK M,37522,5,0,0,37522,187610,225132
Apr-2026,TIGALAPANKAOS MANADO,HENLEY MAMU,HN ABU TUA PDK M,0,5,0,0,37522,187610,187610
Mei-2026,TIGALAPANKAOS MANADO,HENLEY MAMU,HN ABU TUA PDK M,0,5,0,0,37522,187610,187610
Jun-2026,TIGALAPANKAOS MANADO,HENLEY MAMU,HN ABU TUA PDK M,0,5,0,0,37522,187610,187610
Jul-2026,TIGALAPANKAOS MANADO,HENLEY MAMU,HN ABU TUA PDK M,0,5,0,0,37522,187610,187610
Agu-2026,TIGALAPANKAOS MANADO,HENLEY MAMU,HN ABU TUA PDK M,0,5,0,0,37522,187610,187610
Sep-2026,TIGALAPANKAOS MANADO,HENLEY MAMU,HN ABU TUA PDK M,0,5,0,0,37522,187610,187610
Okt-2026,TIGALAPANKAOS MANADO,HENLEY MAMU,HN ABU TUA PDK M,0,5,0,0,37522,187610,187610
Jan-2026,TIGALAPANKAOS MANADO,HENLEY MAMU,HN ABU TUA PDK S,0,5,0,0,32181,160905,0
Feb-2026,TIGALAPANKAOS MANADO,HENLEY MAMU,HN ABU TUA PDK S,0,5,0,0,32181,160905,160905
Mar-2026,TIGALAPANKAOS MANADO,HENLEY MAMU,HN ABU TUA PDK S,0,5,0,0,32181,160905,160905
Apr-2026,TIGALAPANKAOS MANADO,HENLEY MAMU,HN ABU TUA PDK S,0,5,0,0,32181,160905,160905
Mei-2026,TIGALAPANKAOS MANADO,HENLEY MAMU,HN ABU TUA PDK S,0,5,0,0,32181,160905,160905
Jun-2026,TIGALAPANKAOS MANADO,HENLEY MAMU,HN ABU TUA PDK S,0,5,0,0,32181,160905,160905
Jul-2026,TIGALAPANKAOS MANADO,HENLEY MAMU,HN ABU TUA PDK S,0,5,0,0,32181,160905,160905
Agu-2026,TIGALAPANKAOS MANADO,HENLEY MAMU,HN ABU TUA PDK S,0,5,0,0,32181,160905,160905
Sep-2026,TIGALAPANKAOS MANADO,HENLEY MAMU,HN ABU TUA PDK S,0,5,0,0,32181,160905,160905
Okt-2026,TIGALAPANKAOS MANADO,HENLEY MAMU,HN ABU TUA PDK S,0,5,0,0,32181,160905,160905
Jan-2026,TIGALAPANKAOS MANADO,HENLEY MAMU,HN ABU TUA PDK XL,0,6,0,0,41355,248130,0
Feb-2026,TIGALAPANKAOS MANADO,HENLEY MAMU,HN ABU TUA PDK XL,0,6,0,0,41355,248130,248130
Mar-2026,TIGALAPANKAOS MANADO,HENLEY MAMU,HN ABU TUA PDK XL,0,5,0,0,41355,206775,248130
Apr-2026,TIGALAPANKAOS MANADO,HENLEY MAMU,HN ABU TUA PDK XL,0,5,0,0,41355,206775,206775
Mei-2026,TIGALAPANKAOS MANADO,HENLEY MAMU,HN ABU TUA PDK XL,0,5,0,0,41355,206775,206775
Jun-2026,TIGALAPANKAOS MANADO,HENLEY MAMU,HN ABU TUA PDK XL,0,5,0,0,41355,206775,206775
Jul-2026,TIGALAPANKAOS MANADO,HENLEY MAMU,HN ABU TUA PDK XL,0,5,0,0,41355,206775,206775
Agu-2026,TIGALAPANKAOS MANADO,HENLEY MAMU,HN ABU TUA PDK XL,0,5,0,0,41355,206775,206775
Sep-2026,TIGALAPANKAOS MANADO,HENLEY MAMU,HN ABU TUA PDK XL,0,5,0,0,41355,206775,206775
Okt-2026,TIGALAPANKAOS MANADO,HENLEY MAMU,HN ABU TUA PDK XL,0,5,0,0,41355,206775,206775
Jan-2026,TIGALAPANKAOS MANADO,HENLEY MAMU,HN ABU TUA PJG 2XL,0,1,0,0,29107,29107,0
Feb-2026,TIGALAPANKAOS MANADO,HENLEY MAMU,HN ABU TUA PJG 2XL,0,1,0,0,29107,29107,29107
Mar-2026,TIGALAPANKAOS MANADO,HENLEY MAMU,HN ABU TUA PJG 2XL,0,1,0,0,29107,29107,29107
Apr-2026,TIGALAPANKAOS MANADO,HENLEY MAMU,HN ABU TUA PJG 2XL,0,1,0,0,29107,29107,29107
Mei-2026,TIGALAPANKAOS MANADO,HENLEY MAMU,HN ABU TUA PJG 2XL,0,1,0,0,29107,29107,29107
Jun-2026,TIGALAPANKAOS MANADO,HENLEY MAMU,HN ABU TUA PJG 2XL,0,1,0,0,29107,29107,29107
Jul-2026,TIGALAPANKAOS MANADO,HENLEY MAMU,HN ABU TUA PJG 2XL,0,1,0,0,29107,29107,29107
Agu-2026,TIGALAPANKAOS MANADO,HENLEY MAMU,HN ABU TUA PJG 2XL,0,1,0,0,29107,29107,29107
Sep-2026,TIGALAPANKAOS MANADO,HENLEY MAMU,HN ABU TUA PJG 2XL,0,1,0,0,29107,29107,29107
Okt-2026,TIGALAPANKAOS MANADO,HENLEY MAMU,HN ABU TUA PJG 2XL,0,1,0,0,29107,29107,29107
Jan-2026,TIGALAPANKAOS MANADO,HENLEY MAMU,HN ABU TUA PJG L,0,8,0,0,37310,298480,0
Feb-2026,TIGALAPANKAOS MANADO,HENLEY MAMU,HN ABU TUA PJG L,0,8,0,0,37310,298480,298480
Mar-2026,TIGALAPANKAOS MANADO,HENLEY MAMU,HN ABU TUA PJG L,0,8,0,0,37310,298480,298480
Apr-2026,TIGALAPANKAOS MANADO,HENLEY MAMU,HN ABU TUA PJG L,0,8,0,0,37310,298480,298480
Mei-2026,TIGALAPANKAOS MANADO,HENLEY MAMU,HN ABU TUA PJG L,0,8,0,0,37310,298480,298480
Jun-2026,TIGALAPANKAOS MANADO,HENLEY MAMU,HN ABU TUA PJG L,0,8,0,0,37310,298480,298480
Jul-2026,TIGALAPANKAOS MANADO,HENLEY MAMU,HN ABU TUA PJG L,0,8,0,0,37310,298480,298480
Agu-2026,TIGALAPANKAOS MANADO,HENLEY MAMU,HN ABU TUA PJG L,0,8,0,0,37310,298480,298480
Sep-2026,TIGALAPANKAOS MANADO,HENLEY MAMU,HN ABU TUA PJG L,0,8,0,0,37310,298480,298480
Okt-2026,TIGALAPANKAOS MANADO,HENLEY MAMU,HN ABU TUA PJG L,0,8,0,0,37310,298480,298480
Jan-2026,TIGALAPANKAOS MANADO,HENLEY MAMU,HN ABU TUA PJG M,0,2,0,0,39650,79300,0
Feb-2026,TIGALAPANKAOS MANADO,HENLEY MAMU,HN ABU TUA PJG M,0,2,0,0,39650,79300,79300
Mar-2026,TIGALAPANKAOS MANADO,HENLEY MAMU,HN ABU TUA PJG M,0,2,0,0,39650,79300,79300
Apr-2026,TIGALAPANKAOS MANADO,HENLEY MAMU,HN ABU TUA PJG M,0,2,0,0,39650,79300,79300
Mei-2026,TIGALAPANKAOS MANADO,HENLEY MAMU,HN ABU TUA PJG M,0,2,0,0,39650,79300,79300
Jun-2026,TIGALAPANKAOS MANADO,HENLEY MAMU,HN ABU TUA PJG M,0,1,0,0,39650,39650,79300
Jul-2026,TIGALAPANKAOS MANADO,HENLEY MAMU,HN ABU TUA PJG M,0,1,0,0,39650,39650,39650
Agu-2026,TIGALAPANKAOS MANADO,HENLEY MAMU,HN ABU TUA PJG M,0,1,0,0,39650,39650,39650
Sep-2026,TIGALAPANKAOS MANADO,HENLEY MAMU,HN ABU TUA PJG M,0,1,0,0,39650,39650,39650
Okt-2026,TIGALAPANKAOS MANADO,HENLEY MAMU,HN ABU TUA PJG M,0,1,0,0,39650,39650,39650
Jan-2026,TIGALAPANKAOS MANADO,HENLEY MAMU,HN ABU TUA PJG S,0,1,0,0,37733,37733,0
Feb-2026,TIGALAPANKAOS MANADO,HENLEY MAMU,HN ABU TUA PJG S,0,1,0,0,37733,37733,37733
Mar-2026,TIGALAPANKAOS MANADO,HENLEY MAMU,HN ABU TUA PJG S,0,1,0,0,37733,37733,37733
Apr-2026,TIGALAPANKAOS MANADO,HENLEY MAMU,HN ABU TUA PJG S,0,1,0,0,37733,37733,37733
Mei-2026,TIGALAPANKAOS MANADO,HENLEY MAMU,HN ABU TUA PJG S,0,1,0,0,37733,37733,37733
Jun-2026,TIGALAPANKAOS MANADO,HENLEY MAMU,HN ABU TUA PJG S,0,1,0,0,37733,37733,37733
Jul-2026,TIGALAPANKAOS MANADO,HENLEY MAMU,HN ABU TUA PJG S,0,1,0,0,37733,37733,37733
Agu-2026,TIGALAPANKAOS MANADO,HENLEY MAMU,HN ABU TUA PJG S,0,1,0,0,37733,37733,37733
Sep-2026,TIGALAPANKAOS MANADO,HENLEY MAMU,HN ABU TUA PJG S,0,1,0,0,37733,37733,37733
Okt-2026,TIGALAPANKAOS MANADO,HENLEY MAMU,HN ABU TUA PJG S,0,1,0,0,37733,37733,37733
Jan-2026,TIGALAPANKAOS MANADO,HENLEY MAMU,HN ABU TUA PJG XL,0,4,0,0,42765,171060,0
Feb-2026,TIGALAPANKAOS MANADO,HENLEY MAMU,HN ABU TUA PJG XL,0,4,0,0,42765,171060,171060
Mar-2026,TIGALAPANKAOS MANADO,HENLEY MAMU,HN ABU TUA PJG XL,0,4,0,0,42765,171060,171060
Apr-2026,TIGALAPANKAOS MANADO,HENLEY MAMU,HN ABU TUA PJG XL,0,4,0,0,42765,171060,171060
Mei-2026,TIGALAPANKAOS MANADO,HENLEY MAMU,HN ABU TUA PJG XL,0,4,0,0,42765,171060,171060
Jun-2026,TIGALAPANKAOS MANADO,HENLEY MAMU,HN ABU TUA PJG XL,0,4,0,0,42765,171060,171060
Jul-2026,TIGALAPANKAOS MANADO,HENLEY MAMU,HN ABU TUA PJG XL,0,4,0,0,42765,171060,171060
Agu-2026,TIGALAPANKAOS MANADO,HENLEY MAMU,HN ABU TUA PJG XL,0,4,0,0,42765,171060,171060
Sep-2026,TIGALAPANKAOS MANADO,HENLEY MAMU,HN ABU TUA PJG XL,0,4,0,0,42765,171060,171060
Okt-2026,TIGALAPANKAOS MANADO,HENLEY MAMU,HN ABU TUA PJG XL,0,4,0,0,42765,171060,171060
Jan-2026,TIGALAPANKAOS MANADO,HENLEY MAMU,HN BEIGE PDK 2XL,0,1,0,0,43600,43600,0
Feb-2026,TIGALAPANKAOS MANADO,HENLEY MAMU,HN BEIGE PDK 2XL,0,1,0,0,43600,43600,43600
Mar-2026,TIGALAPANKAOS MANADO,HENLEY MAMU,HN BEIGE PDK 2XL,0,1,0,0,43600,43600,43600
Apr-2026,TIGALAPANKAOS MANADO,HENLEY MAMU,HN BEIGE PDK 2XL,0,1,0,0,43600,43600,43600
Mei-2026,TIGALAPANKAOS MANADO,HENLEY MAMU,HN BEIGE PDK 2XL,0,1,0,0,43600,43600,43600
Jun-2026,TIGALAPANKAOS MANADO,HENLEY MAMU,HN BEIGE PDK 2XL,0,1,0,0,43600,43600,43600
Jul-2026,TIGALAPANKAOS MANADO,HENLEY MAMU,HN BEIGE PDK 2XL,43600,1,0,0,43600,43600,43600
Agu-2026,TIGALAPANKAOS MANADO,HENLEY MAMU,HN BEIGE PDK 2XL,0,0,0,0,43600,0,43600
Jan-2026,TIGALAPANKAOS MANADO,HENLEY MAMU,HN BEIGE PDK L,0,7,0,0,38927,272489,0
Feb-2026,TIGALAPANKAOS MANADO,HENLEY MAMU,HN BEIGE PDK L,0,7,0,0,38927,272489,272489
Mar-2026,TIGALAPANKAOS MANADO,HENLEY MAMU,HN BEIGE PDK L,77854,5,0,0,38927,194635,272489
Apr-2026,TIGALAPANKAOS MANADO,HENLEY MAMU,HN BEIGE PDK L,0,5,0,0,38927,194635,194635
Mei-2026,TIGALAPANKAOS MANADO,HENLEY MAMU,HN BEIGE PDK L,0,5,0,0,38927,194635,194635
Jun-2026,TIGALAPANKAOS MANADO,HENLEY MAMU,HN BEIGE PDK L,0,5,0,0,38927,194635,194635
Jul-2026,TIGALAPANKAOS MANADO,HENLEY MAMU,HN BEIGE PDK L,0,5,0,0,38927,194635,194635
Agu-2026,TIGALAPANKAOS MANADO,HENLEY MAMU,HN BEIGE PDK L,0,5,0,0,38927,194635,194635
Sep-2026,TIGALAPANKAOS MANADO,HENLEY MAMU,HN BEIGE PDK L,0,5,0,0,38927,194635,194635
Okt-2026,TIGALAPANKAOS MANADO,HENLEY MAMU,HN BEIGE PDK L,0,5,0,0,38927,194635,194635
Jan-2026,TIGALAPANKAOS MANADO,HENLEY MAMU,HN BEIGE PDK M,0,10,0,0,28372,283720,0
Feb-2026,TIGALAPANKAOS MANADO,HENLEY MAMU,HN BEIGE PDK M,0,10,0,0,28372,283720,283720
Mar-2026,TIGALAPANKAOS MANADO,HENLEY MAMU,HN BEIGE PDK M,28372,9,0,0,28372,255348,283720
Apr-2026,TIGALAPANKAOS MANADO,HENLEY MAMU,HN BEIGE PDK M,0,9,0,0,28372,255348,255348
Mei-2026,TIGALAPANKAOS MANADO,HENLEY MAMU,HN BEIGE PDK M,0,9,0,0,28372,255348,255348
Jun-2026,TIGALAPANKAOS MANADO,HENLEY MAMU,HN BEIGE PDK M,28372,8,0,0,28372,226976,255348
Jul-2026,TIGALAPANKAOS MANADO,HENLEY MAMU,HN BEIGE PDK M,0,8,0,0,28372,226976,226976
Agu-2026,TIGALAPANKAOS MANADO,HENLEY MAMU,HN BEIGE PDK M,0,8,0,0,28372,226976,226976
Sep-2026,TIGALAPANKAOS MANADO,HENLEY MAMU,HN BEIGE PDK M,0,8,0,0,28372,226976,226976
Okt-2026,TIGALAPANKAOS MANADO,HENLEY MAMU,HN BEIGE PDK M,0,8,0,0,28372,226976,226976
Jan-2026,TIGALAPANKAOS MANADO,HENLEY MAMU,HN BEIGE PDK S,32625,8,0,0,32625,261000,0
Feb-2026,TIGALAPANKAOS MANADO,HENLEY MAMU,HN BEIGE PDK S,0,8,0,0,32625,261000,261000
Mar-2026,TIGALAPANKAOS MANADO,HENLEY MAMU,HN BEIGE PDK S,0,8,0,0,32625,261000,261000
Apr-2026,TIGALAPANKAOS MANADO,HENLEY MAMU,HN BEIGE PDK S,0,8,0,0,32625,261000,261000
Mei-2026,TIGALAPANKAOS MANADO,HENLEY MAMU,HN BEIGE PDK S,0,7,0,0,32625,228375,261000
Jun-2026,TIGALAPANKAOS MANADO,HENLEY MAMU,HN BEIGE PDK S,0,7,0,0,32625,228375,228375
Jul-2026,TIGALAPANKAOS MANADO,HENLEY MAMU,HN BEIGE PDK S,0,7,0,0,32625,228375,228375
Agu-2026,TIGALAPANKAOS MANADO,HENLEY MAMU,HN BEIGE PDK S,0,7,0,0,32625,228375,228375
Sep-2026,TIGALAPANKAOS MANADO,HENLEY MAMU,HN BEIGE PDK S,0,7,0,0,32625,228375,228375
Okt-2026,TIGALAPANKAOS MANADO,HENLEY MAMU,HN BEIGE PDK S,0,7,0,0,32625,228375,228375
Jan-2026,TIGALAPANKAOS MANADO,HENLEY MAMU,HN BEIGE PDK XL,30948,12,0,0,30948,371376,0
Feb-2026,TIGALAPANKAOS MANADO,HENLEY MAMU,HN BEIGE PDK XL,0,12,0,0,30948,371376,371376
Mar-2026,TIGALAPANKAOS MANADO,HENLEY MAMU,HN BEIGE PDK XL,61896,10,0,0,30948,309480,371376
Apr-2026,TIGALAPANKAOS MANADO,HENLEY MAMU,HN BEIGE PDK XL,30948,9,0,0,30948,278532,309480
Mei-2026,TIGALAPANKAOS MANADO,HENLEY MAMU,HN BEIGE PDK XL,0,9,0,0,30948,278532,278532
Jun-2026,TIGALAPANKAOS MANADO,HENLEY MAMU,HN BEIGE PDK XL,0,9,0,0,30948,278532,278532
Jul-2026,TIGALAPANKAOS MANADO,HENLEY MAMU,HN BEIGE PDK XL,0,9,0,0,30948,278532,278532
Agu-2026,TIGALAPANKAOS MANADO,HENLEY MAMU,HN BEIGE PDK XL,0,9,0,0,30948,278532,278532
Sep-2026,TIGALAPANKAOS MANADO,HENLEY MAMU,HN BEIGE PDK XL,0,9,0,0,30948,278532,278532
Okt-2026,TIGALAPANKAOS MANADO,HENLEY MAMU,HN BEIGE PDK XL,0,9,0,0,30948,278532,278532
Jan-2026,TIGALAPANKAOS MANADO,HENLEY MAMU,HN BEIGE PJG L,0,4,0,0,39109,156436,0
Feb-2026,TIGALAPANKAOS MANADO,HENLEY MAMU,HN BEIGE PJG L,0,4,0,0,39109,156436,156436
Mar-2026,TIGALAPANKAOS MANADO,HENLEY MAMU,HN BEIGE PJG L,0,4,0,0,39109,156436,156436
Apr-2026,TIGALAPANKAOS MANADO,HENLEY MAMU,HN BEIGE PJG L,0,4,0,0,39109,156436,156436
Mei-2026,TIGALAPANKAOS MANADO,HENLEY MAMU,HN BEIGE PJG L,39109,3,0,0,39109,117327,156436
Jun-2026,TIGALAPANKAOS MANADO,HENLEY MAMU,HN BEIGE PJG L,0,3,0,0,39109,117327,117327
Jul-2026,TIGALAPANKAOS MANADO,HENLEY MAMU,HN BEIGE PJG L,0,3,0,0,39109,117327,117327
Agu-2026,TIGALAPANKAOS MANADO,HENLEY MAMU,HN BEIGE PJG L,0,3,0,0,39109,117327,117327
Sep-2026,TIGALAPANKAOS MANADO,HENLEY MAMU,HN BEIGE PJG L,0,3,0,0,39109,117327,117327
Okt-2026,TIGALAPANKAOS MANADO,HENLEY MAMU,HN BEIGE PJG L,0,3,0,0,39109,117327,117327
Jan-2026,TIGALAPANKAOS MANADO,HENLEY MAMU,HN BEIGE PJG M,0,7,0,0,35981,251867,0
Feb-2026,TIGALAPANKAOS MANADO,HENLEY MAMU,HN BEIGE PJG M,0,7,0,0,35981,251867,251867
Mar-2026,TIGALAPANKAOS MANADO,HENLEY MAMU,HN BEIGE PJG M,35981,6,0,0,35981,215886,251867
Apr-2026,TIGALAPANKAOS MANADO,HENLEY MAMU,HN BEIGE PJG M,0,6,0,0,35981,215886,215886
Mei-2026,TIGALAPANKAOS MANADO,HENLEY MAMU,HN BEIGE PJG M,0,6,0,0,35981,215886,215886
Jun-2026,TIGALAPANKAOS MANADO,HENLEY MAMU,HN BEIGE PJG M,0,6,0,0,35981,215886,215886
Jul-2026,TIGALAPANKAOS MANADO,HENLEY MAMU,HN BEIGE PJG M,0,6,0,0,35981,215886,215886
Agu-2026,TIGALAPANKAOS MANADO,HENLEY MAMU,HN BEIGE PJG M,0,6,0,0,35981,215886,215886
Sep-2026,TIGALAPANKAOS MANADO,HENLEY MAMU,HN BEIGE PJG M,0,6,0,0,35981,215886,215886
Okt-2026,TIGALAPANKAOS MANADO,HENLEY MAMU,HN BEIGE PJG M,0,6,0,0,35981,215886,215886
Jan-2026,TIGALAPANKAOS MANADO,HENLEY MAMU,HN BEIGE PJG XL,0,4,0,0,36128,144512,0
Feb-2026,TIGALAPANKAOS MANADO,HENLEY MAMU,HN BEIGE PJG XL,0,4,0,0,36128,144512,144512
Mar-2026,TIGALAPANKAOS MANADO,HENLEY MAMU,HN BEIGE PJG XL,0,4,0,0,36128,144512,144512
Apr-2026,TIGALAPANKAOS MANADO,HENLEY MAMU,HN BEIGE PJG XL,0,4,0,0,36128,144512,144512
Mei-2026,TIGALAPANKAOS MANADO,HENLEY MAMU,HN BEIGE PJG XL,0,4,0,0,36128,144512,144512
Jun-2026,TIGALAPANKAOS MANADO,HENLEY MAMU,HN BEIGE PJG XL,0,4,0,0,36128,144512,144512
Jul-2026,TIGALAPANKAOS MANADO,HENLEY MAMU,HN BEIGE PJG XL,0,4,0,0,36128,144512,144512
Agu-2026,TIGALAPANKAOS MANADO,HENLEY MAMU,HN BEIGE PJG XL,0,4,0,0,36128,144512,144512
Sep-2026,TIGALAPANKAOS MANADO,HENLEY MAMU,HN BEIGE PJG XL,0,4,0,0,36128,144512,144512
Okt-2026,TIGALAPANKAOS MANADO,HENLEY MAMU,HN BEIGE PJG XL,0,4,0,0,36128,144512,144512
Jan-2026,TIGALAPANKAOS MANADO,HENLEY MAMU,HN JET BLACK PDK 2XL,0,5,0,0,55295,276475,0
Feb-2026,TIGALAPANKAOS MANADO,HENLEY MAMU,HN JET BLACK PDK 2XL,0,5,0,0,55295,276475,276475
Mar-2026,TIGALAPANKAOS MANADO,HENLEY MAMU,HN JET BLACK PDK 2XL,0,5,0,0,55295,276475,276475
Apr-2026,TIGALAPANKAOS MANADO,HENLEY MAMU,HN JET BLACK PDK 2XL,0,5,0,0,55295,276475,276475
Mei-2026,TIGALAPANKAOS MANADO,HENLEY MAMU,HN JET BLACK PDK 2XL,0,5,0,0,55295,276475,276475
Jun-2026,TIGALAPANKAOS MANADO,HENLEY MAMU,HN JET BLACK PDK 2XL,0,5,0,0,55295,276475,276475
Jul-2026,TIGALAPANKAOS MANADO,HENLEY MAMU,HN JET BLACK PDK 2XL,55295,5,0,0,55295,276475,276475
Agu-2026,TIGALAPANKAOS MANADO,HENLEY MAMU,HN JET BLACK PDK 2XL,0,4,0,0,55295,221180,276475
Sep-2026,TIGALAPANKAOS MANADO,HENLEY MAMU,HN JET BLACK PDK 2XL,0,4,0,0,55295,221180,221180
Okt-2026,TIGALAPANKAOS MANADO,HENLEY MAMU,HN JET BLACK PDK 2XL,0,4,0,0,55295,221180,221180
Jan-2026,TIGALAPANKAOS MANADO,HENLEY MAMU,HN JET BLACK PDK L,64772,21,0,0,32386,680106,0
Feb-2026,TIGALAPANKAOS MANADO,HENLEY MAMU,HN JET BLACK PDK L,0,21,0,0,32386,680106,680106
Mar-2026,TIGALAPANKAOS MANADO,HENLEY MAMU,HN JET BLACK PDK L,0,20,0,0,32386,647720,680106
Apr-2026,TIGALAPANKAOS MANADO,HENLEY MAMU,HN JET BLACK PDK L,0,20,0,0,32386,647720,647720
Mei-2026,TIGALAPANKAOS MANADO,HENLEY MAMU,HN JET BLACK PDK L,0,20,0,0,32386,647720,647720
Jun-2026,TIGALAPANKAOS MANADO,HENLEY MAMU,HN JET BLACK PDK L,0,20,0,0,32386,647720,647720
Jul-2026,TIGALAPANKAOS MANADO,HENLEY MAMU,HN JET BLACK PDK L,0,20,0,0,32386,647720,647720
Agu-2026,TIGALAPANKAOS MANADO,HENLEY MAMU,HN JET BLACK PDK L,0,20,0,0,32386,647720,647720
Sep-2026,TIGALAPANKAOS MANADO,HENLEY MAMU,HN JET BLACK PDK L,0,20,0,0,32386,647720,647720
Okt-2026,TIGALAPANKAOS MANADO,HENLEY MAMU,HN JET BLACK PDK L,0,20,0,0,32386,647720,647720
Jan-2026,TIGALAPANKAOS MANADO,HENLEY MAMU,HN JET BLACK PDK M,39781,13,0,0,39781,517153,0
Feb-2026,TIGALAPANKAOS MANADO,HENLEY MAMU,HN JET BLACK PDK M,0,13,0,0,39781,517153,517153
Mar-2026,TIGALAPANKAOS MANADO,HENLEY MAMU,HN JET BLACK PDK M,0,13,0,0,39781,517153,517153
Apr-2026,TIGALAPANKAOS MANADO,HENLEY MAMU,HN JET BLACK PDK M,0,13,0,0,39781,517153,517153
Mei-2026,TIGALAPANKAOS MANADO,HENLEY MAMU,HN JET BLACK PDK M,0,13,0,0,39781,517153,517153
Jun-2026,TIGALAPANKAOS MANADO,HENLEY MAMU,HN JET BLACK PDK M,0,13,0,0,39781,517153,517153
Jul-2026,TIGALAPANKAOS MANADO,HENLEY MAMU,HN JET BLACK PDK M,0,13,0,0,39781,517153,517153
Agu-2026,TIGALAPANKAOS MANADO,HENLEY MAMU,HN JET BLACK PDK M,0,13,0,0,39781,517153,517153
Sep-2026,TIGALAPANKAOS MANADO,HENLEY MAMU,HN JET BLACK PDK M,0,13,0,0,39781,517153,517153
Okt-2026,TIGALAPANKAOS MANADO,HENLEY MAMU,HN JET BLACK PDK M,0,13,0,0,39781,517153,517153
Jan-2026,TIGALAPANKAOS MANADO,HENLEY MAMU,HN JET BLACK PDK S,0,9,0,0,31317,281853,0
Feb-2026,TIGALAPANKAOS MANADO,HENLEY MAMU,HN JET BLACK PDK S,0,9,0,0,31317,281853,281853
Mar-2026,TIGALAPANKAOS MANADO,HENLEY MAMU,HN JET BLACK PDK S,0,9,0,0,31317,281853,281853
Apr-2026,TIGALAPANKAOS MANADO,HENLEY MAMU,HN JET BLACK PDK S,0,9,0,0,31317,281853,281853
Mei-2026,TIGALAPANKAOS MANADO,HENLEY MAMU,HN JET BLACK PDK S,0,9,0,0,31317,281853,281853
Jun-2026,TIGALAPANKAOS MANADO,HENLEY MAMU,HN JET BLACK PDK S,0,9,0,0,31317,281853,281853
Jul-2026,TIGALAPANKAOS MANADO,HENLEY MAMU,HN JET BLACK PDK S,0,9,0,0,31317,281853,281853
Agu-2026,TIGALAPANKAOS MANADO,HENLEY MAMU,HN JET BLACK PDK S,0,9,0,0,31317,281853,281853
Sep-2026,TIGALAPANKAOS MANADO,HENLEY MAMU,HN JET BLACK PDK S,0,9,0,0,31317,281853,281853
Okt-2026,TIGALAPANKAOS MANADO,HENLEY MAMU,HN JET BLACK PDK S,0,9,0,0,31317,281853,281853
Jan-2026,TIGALAPANKAOS MANADO,HENLEY MAMU,HN JET BLACK PDK XL,0,15,0,0,31189,467835,0
Feb-2026,TIGALAPANKAOS MANADO,HENLEY MAMU,HN JET BLACK PDK XL,62378,13,0,0,31189,405457,467835
Mar-2026,TIGALAPANKAOS MANADO,HENLEY MAMU,HN JET BLACK PDK XL,31189,12,0,0,31189,374268,405457
Apr-2026,TIGALAPANKAOS MANADO,HENLEY MAMU,HN JET BLACK PDK XL,0,12,0,0,31189,374268,374268
Mei-2026,TIGALAPANKAOS MANADO,HENLEY MAMU,HN JET BLACK PDK XL,0,11,0,0,31189,343079,374268
Jun-2026,TIGALAPANKAOS MANADO,HENLEY MAMU,HN JET BLACK PDK XL,0,11,0,0,31189,343079,343079
Jul-2026,TIGALAPANKAOS MANADO,HENLEY MAMU,HN JET BLACK PDK XL,31189,11,0,0,31189,343079,343079
Agu-2026,TIGALAPANKAOS MANADO,HENLEY MAMU,HN JET BLACK PDK XL,0,10,0,0,31189,311890,343079
Sep-2026,TIGALAPANKAOS MANADO,HENLEY MAMU,HN JET BLACK PDK XL,0,10,0,0,31189,311890,311890
Okt-2026,TIGALAPANKAOS MANADO,HENLEY MAMU,HN JET BLACK PDK XL,0,10,0,0,31189,311890,311890
Jan-2026,TIGALAPANKAOS MANADO,HENLEY MAMU,HN JET BLACK PJG 2XL,39314,0,0,0,39314,0,0
Jan-2026,TIGALAPANKAOS MANADO,HENLEY MAMU,HN JET BLACK PJG L,0,14,0,0,39673,555422,0
Feb-2026,TIGALAPANKAOS MANADO,HENLEY MAMU,HN JET BLACK PJG L,0,14,0,0,39673,555422,555422
Mar-2026,TIGALAPANKAOS MANADO,HENLEY MAMU,HN JET BLACK PJG L,0,14,0,0,39673,555422,555422
Apr-2026,TIGALAPANKAOS MANADO,HENLEY MAMU,HN JET BLACK PJG L,0,14,0,0,39673,555422,555422
Mei-2026,TIGALAPANKAOS MANADO,HENLEY MAMU,HN JET BLACK PJG L,0,14,0,0,39673,555422,555422
Jun-2026,TIGALAPANKAOS MANADO,HENLEY MAMU,HN JET BLACK PJG L,0,14,0,0,39673,555422,555422
Jul-2026,TIGALAPANKAOS MANADO,HENLEY MAMU,HN JET BLACK PJG L,0,14,0,0,39673,555422,555422
Agu-2026,TIGALAPANKAOS MANADO,HENLEY MAMU,HN JET BLACK PJG L,0,14,0,0,39673,555422,555422
Sep-2026,TIGALAPANKAOS MANADO,HENLEY MAMU,HN JET BLACK PJG L,0,14,0,0,39673,555422,555422
Okt-2026,TIGALAPANKAOS MANADO,HENLEY MAMU,HN JET BLACK PJG L,0,14,0,0,39673,555422,555422
Jan-2026,TIGALAPANKAOS MANADO,HENLEY MAMU,HN JET BLACK PJG M,0,13,0,0,39784,517192,0
Feb-2026,TIGALAPANKAOS MANADO,HENLEY MAMU,HN JET BLACK PJG M,0,13,0,0,39784,517192,517192
Mar-2026,TIGALAPANKAOS MANADO,HENLEY MAMU,HN JET BLACK PJG M,0,13,0,0,39784,517192,517192
Apr-2026,TIGALAPANKAOS MANADO,HENLEY MAMU,HN JET BLACK PJG M,0,13,0,0,39784,517192,517192
Mei-2026,TIGALAPANKAOS MANADO,HENLEY MAMU,HN JET BLACK PJG M,0,13,0,0,39784,517192,517192
Jun-2026,TIGALAPANKAOS MANADO,HENLEY MAMU,HN JET BLACK PJG M,0,13,0,0,39784,517192,517192
Jul-2026,TIGALAPANKAOS MANADO,HENLEY MAMU,HN JET BLACK PJG M,0,13,0,0,39784,517192,517192
Agu-2026,TIGALAPANKAOS MANADO,HENLEY MAMU,HN JET BLACK PJG M,0,13,0,0,39784,517192,517192
Sep-2026,TIGALAPANKAOS MANADO,HENLEY MAMU,HN JET BLACK PJG M,0,13,0,0,39784,517192,517192
Okt-2026,TIGALAPANKAOS MANADO,HENLEY MAMU,HN JET BLACK PJG M,0,13,0,0,39784,517192,517192
Jan-2026,TIGALAPANKAOS MANADO,HENLEY MAMU,HN JET BLACK PJG S,0,4,0,0,50581,202324,0
Feb-2026,TIGALAPANKAOS MANADO,HENLEY MAMU,HN JET BLACK PJG S,0,4,0,0,50581,202324,202324
Mar-2026,TIGALAPANKAOS MANADO,HENLEY MAMU,HN JET BLACK PJG S,0,4,0,0,50581,202324,202324
Apr-2026,TIGALAPANKAOS MANADO,HENLEY MAMU,HN JET BLACK PJG S,0,4,0,0,50581,202324,202324
Mei-2026,TIGALAPANKAOS MANADO,HENLEY MAMU,HN JET BLACK PJG S,0,4,0,0,50581,202324,202324
Jun-2026,TIGALAPANKAOS MANADO,HENLEY MAMU,HN JET BLACK PJG S,0,4,0,0,50581,202324,202324
Jul-2026,TIGALAPANKAOS MANADO,HENLEY MAMU,HN JET BLACK PJG S,0,4,0,0,50581,202324,202324
Agu-2026,TIGALAPANKAOS MANADO,HENLEY MAMU,HN JET BLACK PJG S,0,4,0,0,50581,202324,202324
Sep-2026,TIGALAPANKAOS MANADO,HENLEY MAMU,HN JET BLACK PJG S,0,4,0,0,50581,202324,202324
Okt-2026,TIGALAPANKAOS MANADO,HENLEY MAMU,HN JET BLACK PJG S,0,4,0,0,50581,202324,202324
Jan-2026,TIGALAPANKAOS MANADO,HENLEY MAMU,HN JET BLACK PJG XL,0,7,0,0,42281,295967,0
Feb-2026,TIGALAPANKAOS MANADO,HENLEY MAMU,HN JET BLACK PJG XL,0,7,0,0,42281,295967,295967
Mar-2026,TIGALAPANKAOS MANADO,HENLEY MAMU,HN JET BLACK PJG XL,0,7,0,0,42281,295967,295967
Apr-2026,TIGALAPANKAOS MANADO,HENLEY MAMU,HN JET BLACK PJG XL,0,7,0,0,42281,295967,295967
Mei-2026,TIGALAPANKAOS MANADO,HENLEY MAMU,HN JET BLACK PJG XL,0,7,0,0,42281,295967,295967
Jun-2026,TIGALAPANKAOS MANADO,HENLEY MAMU,HN JET BLACK PJG XL,0,7,0,0,42281,295967,295967
Jul-2026,TIGALAPANKAOS MANADO,HENLEY MAMU,HN JET BLACK PJG XL,42281,7,0,0,42281,295967,295967
Agu-2026,TIGALAPANKAOS MANADO,HENLEY MAMU,HN JET BLACK PJG XL,0,6,0,0,42281,253686,295967
Sep-2026,TIGALAPANKAOS MANADO,HENLEY MAMU,HN JET BLACK PJG XL,0,6,0,0,42281,253686,253686
Okt-2026,TIGALAPANKAOS MANADO,HENLEY MAMU,HN JET BLACK PJG XL,0,6,0,0,42281,253686,253686
Jan-2026,TIGALAPANKAOS MANADO,HENLEY MAMU,HN MAPLE BROWN PDK 2XL,0,1,0,0,51519,51519,0
Feb-2026,TIGALAPANKAOS MANADO,HENLEY MAMU,HN MAPLE BROWN PDK 2XL,0,1,0,0,51519,51519,51519
Mar-2026,TIGALAPANKAOS MANADO,HENLEY MAMU,HN MAPLE BROWN PDK 2XL,0,1,0,0,51519,51519,51519
Apr-2026,TIGALAPANKAOS MANADO,HENLEY MAMU,HN MAPLE BROWN PDK 2XL,0,1,0,0,51519,51519,51519
Mei-2026,TIGALAPANKAOS MANADO,HENLEY MAMU,HN MAPLE BROWN PDK 2XL,0,1,0,0,51519,51519,51519
Jun-2026,TIGALAPANKAOS MANADO,HENLEY MAMU,HN MAPLE BROWN PDK 2XL,0,1,0,0,51519,51519,51519
Jul-2026,TIGALAPANKAOS MANADO,HENLEY MAMU,HN MAPLE BROWN PDK 2XL,0,1,0,0,51519,51519,51519
Agu-2026,TIGALAPANKAOS MANADO,HENLEY MAMU,HN MAPLE BROWN PDK 2XL,0,1,0,0,51519,51519,51519
Sep-2026,TIGALAPANKAOS MANADO,HENLEY MAMU,HN MAPLE BROWN PDK 2XL,0,1,0,0,51519,51519,51519
Okt-2026,TIGALAPANKAOS MANADO,HENLEY MAMU,HN MAPLE BROWN PDK 2XL,0,1,0,0,51519,51519,51519
Jan-2026,TIGALAPANKAOS MANADO,HENLEY MAMU,HN MAPLE BROWN PDK L,0,9,0,0,52022,468198,0
Feb-2026,TIGALAPANKAOS MANADO,HENLEY MAMU,HN MAPLE BROWN PDK L,0,9,0,0,52022,468198,468198
Mar-2026,TIGALAPANKAOS MANADO,HENLEY MAMU,HN MAPLE BROWN PDK L,52022,7,0,0,52022,364154,468198
Apr-2026,TIGALAPANKAOS MANADO,HENLEY MAMU,HN MAPLE BROWN PDK L,0,6,0,0,52022,312132,364154
Mei-2026,TIGALAPANKAOS MANADO,HENLEY MAMU,HN MAPLE BROWN PDK L,0,6,0,0,52022,312132,312132
Jun-2026,TIGALAPANKAOS MANADO,HENLEY MAMU,HN MAPLE BROWN PDK L,0,6,0,0,52022,312132,312132
Jul-2026,TIGALAPANKAOS MANADO,HENLEY MAMU,HN MAPLE BROWN PDK L,0,6,0,0,52022,312132,312132
Agu-2026,TIGALAPANKAOS MANADO,HENLEY MAMU,HN MAPLE BROWN PDK L,0,6,0,0,52022,312132,312132
Sep-2026,TIGALAPANKAOS MANADO,HENLEY MAMU,HN MAPLE BROWN PDK L,0,6,0,0,52022,312132,312132
Okt-2026,TIGALAPANKAOS MANADO,HENLEY MAMU,HN MAPLE BROWN PDK L,0,6,0,0,52022,312132,312132
Jan-2026,TIGALAPANKAOS MANADO,HENLEY MAMU,HN MAPLE BROWN PDK M,0,15,0,0,20459,306885,0
Feb-2026,TIGALAPANKAOS MANADO,HENLEY MAMU,HN MAPLE BROWN PDK M,0,15,0,0,20459,306885,306885
Mar-2026,TIGALAPANKAOS MANADO,HENLEY MAMU,HN MAPLE BROWN PDK M,20459,14,0,0,20459,286426,306885
Apr-2026,TIGALAPANKAOS MANADO,HENLEY MAMU,HN MAPLE BROWN PDK M,0,14,0,0,20459,286426,286426
Mei-2026,TIGALAPANKAOS MANADO,HENLEY MAMU,HN MAPLE BROWN PDK M,0,14,0,0,20459,286426,286426
Jun-2026,TIGALAPANKAOS MANADO,HENLEY MAMU,HN MAPLE BROWN PDK M,0,14,0,0,20459,286426,286426
Jul-2026,TIGALAPANKAOS MANADO,HENLEY MAMU,HN MAPLE BROWN PDK M,0,14,0,0,20459,286426,286426
Agu-2026,TIGALAPANKAOS MANADO,HENLEY MAMU,HN MAPLE BROWN PDK M,0,14,0,0,20459,286426,286426
Sep-2026,TIGALAPANKAOS MANADO,HENLEY MAMU,HN MAPLE BROWN PDK M,0,14,0,0,20459,286426,286426
Okt-2026,TIGALAPANKAOS MANADO,HENLEY MAMU,HN MAPLE BROWN PDK M,0,14,0,0,20459,286426,286426
Jan-2026,TIGALAPANKAOS MANADO,HENLEY MAMU,HN MAPLE BROWN PDK S,0,5,0,0,34095,170475,0
Feb-2026,TIGALAPANKAOS MANADO,HENLEY MAMU,HN MAPLE BROWN PDK S,0,5,0,0,34095,170475,170475
Mar-2026,TIGALAPANKAOS MANADO,HENLEY MAMU,HN MAPLE BROWN PDK S,0,5,0,0,34095,170475,170475
Apr-2026,TIGALAPANKAOS MANADO,HENLEY MAMU,HN MAPLE BROWN PDK S,0,5,0,0,34095,170475,170475
Mei-2026,TIGALAPANKAOS MANADO,HENLEY MAMU,HN MAPLE BROWN PDK S,0,5,0,0,34095,170475,170475
Jun-2026,TIGALAPANKAOS MANADO,HENLEY MAMU,HN MAPLE BROWN PDK S,0,5,0,0,34095,170475,170475
Jul-2026,TIGALAPANKAOS MANADO,HENLEY MAMU,HN MAPLE BROWN PDK S,0,5,0,0,34095,170475,170475
Agu-2026,TIGALAPANKAOS MANADO,HENLEY MAMU,HN MAPLE BROWN PDK S,0,5,0,0,34095,170475,170475
Sep-2026,TIGALAPANKAOS MANADO,HENLEY MAMU,HN MAPLE BROWN PDK S,0,5,0,0,34095,170475,170475
Okt-2026,TIGALAPANKAOS MANADO,HENLEY MAMU,HN MAPLE BROWN PDK S,0,5,0,0,34095,170475,170475
Jan-2026,TIGALAPANKAOS MANADO,HENLEY MAMU,HN MAPLE BROWN PDK XL,0,5,0,0,47951,239755,0
Feb-2026,TIGALAPANKAOS MANADO,HENLEY MAMU,HN MAPLE BROWN PDK XL,0,5,0,0,47951,239755,239755
Mar-2026,TIGALAPANKAOS MANADO,HENLEY MAMU,HN MAPLE BROWN PDK XL,0,5,0,0,47951,239755,239755
Apr-2026,TIGALAPANKAOS MANADO,HENLEY MAMU,HN MAPLE BROWN PDK XL,47951,4,0,0,47951,191804,239755
Mei-2026,TIGALAPANKAOS MANADO,HENLEY MAMU,HN MAPLE BROWN PDK XL,0,3,0,0,47951,143853,191804
Jun-2026,TIGALAPANKAOS MANADO,HENLEY MAMU,HN MAPLE BROWN PDK XL,0,3,0,0,47951,143853,143853
Jul-2026,TIGALAPANKAOS MANADO,HENLEY MAMU,HN MAPLE BROWN PDK XL,0,3,0,0,47951,143853,143853
Agu-2026,TIGALAPANKAOS MANADO,HENLEY MAMU,HN MAPLE BROWN PDK XL,0,3,0,0,47951,143853,143853
Sep-2026,TIGALAPANKAOS MANADO,HENLEY MAMU,HN MAPLE BROWN PDK XL,0,3,0,0,47951,143853,143853
Okt-2026,TIGALAPANKAOS MANADO,HENLEY MAMU,HN MAPLE BROWN PDK XL,0,3,0,0,47951,143853,143853
Jan-2026,TIGALAPANKAOS MANADO,HENLEY MAMU,HN MAPLE BROWN PJG 2XL,0,1,0,0,75238,75238,0
Feb-2026,TIGALAPANKAOS MANADO,HENLEY MAMU,HN MAPLE BROWN PJG 2XL,0,1,0,0,75238,75238,75238
Mar-2026,TIGALAPANKAOS MANADO,HENLEY MAMU,HN MAPLE BROWN PJG 2XL,0,1,0,0,75238,75238,75238
Apr-2026,TIGALAPANKAOS MANADO,HENLEY MAMU,HN MAPLE BROWN PJG 2XL,0,1,0,0,75238,75238,75238
Mei-2026,TIGALAPANKAOS MANADO,HENLEY MAMU,HN MAPLE BROWN PJG 2XL,0,1,0,0,75238,75238,75238
Jun-2026,TIGALAPANKAOS MANADO,HENLEY MAMU,HN MAPLE BROWN PJG 2XL,0,1,0,0,75238,75238,75238
Jul-2026,TIGALAPANKAOS MANADO,HENLEY MAMU,HN MAPLE BROWN PJG 2XL,0,1,0,0,75238,75238,75238
Agu-2026,TIGALAPANKAOS MANADO,HENLEY MAMU,HN MAPLE BROWN PJG 2XL,0,1,0,0,75238,75238,75238
Sep-2026,TIGALAPANKAOS MANADO,HENLEY MAMU,HN MAPLE BROWN PJG 2XL,0,1,0,0,75238,75238,75238
Okt-2026,TIGALAPANKAOS MANADO,HENLEY MAMU,HN MAPLE BROWN PJG 2XL,0,1,0,0,75238,75238,75238
Jan-2026,TIGALAPANKAOS MANADO,HENLEY MAMU,HN MAPLE BROWN PJG L,0,6,0,0,38707,232242,0
Feb-2026,TIGALAPANKAOS MANADO,HENLEY MAMU,HN MAPLE BROWN PJG L,0,6,0,0,38707,232242,232242
Mar-2026,TIGALAPANKAOS MANADO,HENLEY MAMU,HN MAPLE BROWN PJG L,0,6,0,0,38707,232242,232242
Apr-2026,TIGALAPANKAOS MANADO,HENLEY MAMU,HN MAPLE BROWN PJG L,0,6,0,0,38707,232242,232242
Mei-2026,TIGALAPANKAOS MANADO,HENLEY MAMU,HN MAPLE BROWN PJG L,0,6,0,0,38707,232242,232242
Jun-2026,TIGALAPANKAOS MANADO,HENLEY MAMU,HN MAPLE BROWN PJG L,0,6,0,0,38707,232242,232242
Jul-2026,TIGALAPANKAOS MANADO,HENLEY MAMU,HN MAPLE BROWN PJG L,0,6,0,0,38707,232242,232242
Agu-2026,TIGALAPANKAOS MANADO,HENLEY MAMU,HN MAPLE BROWN PJG L,0,6,0,0,38707,232242,232242
Sep-2026,TIGALAPANKAOS MANADO,HENLEY MAMU,HN MAPLE BROWN PJG L,0,6,0,0,38707,232242,232242
Okt-2026,TIGALAPANKAOS MANADO,HENLEY MAMU,HN MAPLE BROWN PJG L,0,6,0,0,38707,232242,232242
Jan-2026,TIGALAPANKAOS MANADO,HENLEY MAMU,HN MAPLE BROWN PJG M,0,6,0,0,31325,187950,0
Feb-2026,TIGALAPANKAOS MANADO,HENLEY MAMU,HN MAPLE BROWN PJG M,0,6,0,0,31325,187950,187950
Mar-2026,TIGALAPANKAOS MANADO,HENLEY MAMU,HN MAPLE BROWN PJG M,0,6,0,0,31325,187950,187950
Apr-2026,TIGALAPANKAOS MANADO,HENLEY MAMU,HN MAPLE BROWN PJG M,0,6,0,0,31325,187950,187950
Mei-2026,TIGALAPANKAOS MANADO,HENLEY MAMU,HN MAPLE BROWN PJG M,0,6,0,0,31325,187950,187950
Jun-2026,TIGALAPANKAOS MANADO,HENLEY MAMU,HN MAPLE BROWN PJG M,0,6,0,0,31325,187950,187950
Jul-2026,TIGALAPANKAOS MANADO,HENLEY MAMU,HN MAPLE BROWN PJG M,0,6,0,0,31325,187950,187950
Agu-2026,TIGALAPANKAOS MANADO,HENLEY MAMU,HN MAPLE BROWN PJG M,0,6,0,0,31325,187950,187950
Sep-2026,TIGALAPANKAOS MANADO,HENLEY MAMU,HN MAPLE BROWN PJG M,0,6,0,0,31325,187950,187950
Okt-2026,TIGALAPANKAOS MANADO,HENLEY MAMU,HN MAPLE BROWN PJG M,0,6,0,0,31325,187950,187950
Jan-2026,TIGALAPANKAOS MANADO,HENLEY MAMU,HN MAPLE BROWN PJG S,0,1,0,0,58674,58674,0
Feb-2026,TIGALAPANKAOS MANADO,HENLEY MAMU,HN MAPLE BROWN PJG S,0,1,0,0,58674,58674,58674
Mar-2026,TIGALAPANKAOS MANADO,HENLEY MAMU,HN MAPLE BROWN PJG S,0,1,0,0,58674,58674,58674
Apr-2026,TIGALAPANKAOS MANADO,HENLEY MAMU,HN MAPLE BROWN PJG S,0,1,0,0,58674,58674,58674
Mei-2026,TIGALAPANKAOS MANADO,HENLEY MAMU,HN MAPLE BROWN PJG S,0,1,0,0,58674,58674,58674
Jun-2026,TIGALAPANKAOS MANADO,HENLEY MAMU,HN MAPLE BROWN PJG S,0,1,0,0,58674,58674,58674
Jul-2026,TIGALAPANKAOS MANADO,HENLEY MAMU,HN MAPLE BROWN PJG S,0,1,0,0,58674,58674,58674
Agu-2026,TIGALAPANKAOS MANADO,HENLEY MAMU,HN MAPLE BROWN PJG S,0,1,0,0,58674,58674,58674
Sep-2026,TIGALAPANKAOS MANADO,HENLEY MAMU,HN MAPLE BROWN PJG S,0,1,0,0,58674,58674,58674
Okt-2026,TIGALAPANKAOS MANADO,HENLEY MAMU,HN MAPLE BROWN PJG S,0,1,0,0,58674,58674,58674
Jan-2026,TIGALAPANKAOS MANADO,HENLEY MAMU,HN MAPLE BROWN PJG XL,0,2,0,0,75712,151424,0
Feb-2026,TIGALAPANKAOS MANADO,HENLEY MAMU,HN MAPLE BROWN PJG XL,0,2,0,0,75712,151424,151424
Mar-2026,TIGALAPANKAOS MANADO,HENLEY MAMU,HN MAPLE BROWN PJG XL,0,2,0,0,75712,151424,151424
Apr-2026,TIGALAPANKAOS MANADO,HENLEY MAMU,HN MAPLE BROWN PJG XL,0,2,0,0,75712,151424,151424
Mei-2026,TIGALAPANKAOS MANADO,HENLEY MAMU,HN MAPLE BROWN PJG XL,0,2,0,0,75712,151424,151424
Jun-2026,TIGALAPANKAOS MANADO,HENLEY MAMU,HN MAPLE BROWN PJG XL,0,2,0,0,75712,151424,151424
Jul-2026,TIGALAPANKAOS MANADO,HENLEY MAMU,HN MAPLE BROWN PJG XL,0,2,0,0,75712,151424,151424
Agu-2026,TIGALAPANKAOS MANADO,HENLEY MAMU,HN MAPLE BROWN PJG XL,0,2,0,0,75712,151424,151424
Sep-2026,TIGALAPANKAOS MANADO,HENLEY MAMU,HN MAPLE BROWN PJG XL,0,2,0,0,75712,151424,151424
Okt-2026,TIGALAPANKAOS MANADO,HENLEY MAMU,HN MAPLE BROWN PJG XL,0,2,0,0,75712,151424,151424
Jan-2026,TIGALAPANKAOS MANADO,HENLEY MAMU,HN NAVY PDK 2XL,0,4,0,0,42452,169808,0
Feb-2026,TIGALAPANKAOS MANADO,HENLEY MAMU,HN NAVY PDK 2XL,0,4,0,0,42452,169808,169808
Mar-2026,TIGALAPANKAOS MANADO,HENLEY MAMU,HN NAVY PDK 2XL,0,4,0,0,42452,169808,169808
Apr-2026,TIGALAPANKAOS MANADO,HENLEY MAMU,HN NAVY PDK 2XL,0,4,0,0,42452,169808,169808
Mei-2026,TIGALAPANKAOS MANADO,HENLEY MAMU,HN NAVY PDK 2XL,0,4,0,0,42452,169808,169808
Jun-2026,TIGALAPANKAOS MANADO,HENLEY MAMU,HN NAVY PDK 2XL,0,4,0,0,42452,169808,169808
Jul-2026,TIGALAPANKAOS MANADO,HENLEY MAMU,HN NAVY PDK 2XL,0,4,0,0,42452,169808,169808
Agu-2026,TIGALAPANKAOS MANADO,HENLEY MAMU,HN NAVY PDK 2XL,0,4,0,0,42452,169808,169808
Sep-2026,TIGALAPANKAOS MANADO,HENLEY MAMU,HN NAVY PDK 2XL,0,4,0,0,42452,169808,169808
Okt-2026,TIGALAPANKAOS MANADO,HENLEY MAMU,HN NAVY PDK 2XL,0,4,0,0,42452,169808,169808
Jan-2026,TIGALAPANKAOS MANADO,HENLEY MAMU,HN NAVY PDK L,0,16,0,0,39725,635600,0
Feb-2026,TIGALAPANKAOS MANADO,HENLEY MAMU,HN NAVY PDK L,0,16,0,0,39725,635600,635600
Mar-2026,TIGALAPANKAOS MANADO,HENLEY MAMU,HN NAVY PDK L,0,16,0,0,39725,635600,635600
Apr-2026,TIGALAPANKAOS MANADO,HENLEY MAMU,HN NAVY PDK L,0,16,0,0,39725,635600,635600
Mei-2026,TIGALAPANKAOS MANADO,HENLEY MAMU,HN NAVY PDK L,0,16,0,0,39725,635600,635600
Jun-2026,TIGALAPANKAOS MANADO,HENLEY MAMU,HN NAVY PDK L,0,16,0,0,39725,635600,635600
Jul-2026,TIGALAPANKAOS MANADO,HENLEY MAMU,HN NAVY PDK L,0,16,0,0,39725,635600,635600
Agu-2026,TIGALAPANKAOS MANADO,HENLEY MAMU,HN NAVY PDK L,0,16,0,0,39725,635600,635600
Sep-2026,TIGALAPANKAOS MANADO,HENLEY MAMU,HN NAVY PDK L,0,16,0,0,39725,635600,635600
Okt-2026,TIGALAPANKAOS MANADO,HENLEY MAMU,HN NAVY PDK L,0,16,0,0,39725,635600,635600
Jan-2026,TIGALAPANKAOS MANADO,HENLEY MAMU,HN NAVY PDK M,0,8,0,0,49148,393184,0
Feb-2026,TIGALAPANKAOS MANADO,HENLEY MAMU,HN NAVY PDK M,0,8,0,0,49148,393184,393184
Mar-2026,TIGALAPANKAOS MANADO,HENLEY MAMU,HN NAVY PDK M,0,8,0,0,49148,393184,393184
Apr-2026,TIGALAPANKAOS MANADO,HENLEY MAMU,HN NAVY PDK M,0,8,0,0,49148,393184,393184
Mei-2026,TIGALAPANKAOS MANADO,HENLEY MAMU,HN NAVY PDK M,0,8,0,0,49148,393184,393184
Jun-2026,TIGALAPANKAOS MANADO,HENLEY MAMU,HN NAVY PDK M,0,8,0,0,49148,393184,393184
Jul-2026,TIGALAPANKAOS MANADO,HENLEY MAMU,HN NAVY PDK M,0,8,0,0,49148,393184,393184
Agu-2026,TIGALAPANKAOS MANADO,HENLEY MAMU,HN NAVY PDK M,0,8,0,0,49148,393184,393184
Sep-2026,TIGALAPANKAOS MANADO,HENLEY MAMU,HN NAVY PDK M,0,8,0,0,49148,393184,393184
Okt-2026,TIGALAPANKAOS MANADO,HENLEY MAMU,HN NAVY PDK M,0,8,0,0,49148,393184,393184
Jan-2026,TIGALAPANKAOS MANADO,HENLEY MAMU,HN NAVY PDK S,0,5,0,0,35592,177960,0
Feb-2026,TIGALAPANKAOS MANADO,HENLEY MAMU,HN NAVY PDK S,0,5,0,0,35592,177960,177960
Mar-2026,TIGALAPANKAOS MANADO,HENLEY MAMU,HN NAVY PDK S,0,5,0,0,35592,177960,177960
Apr-2026,TIGALAPANKAOS MANADO,HENLEY MAMU,HN NAVY PDK S,0,5,0,0,35592,177960,177960
Mei-2026,TIGALAPANKAOS MANADO,HENLEY MAMU,HN NAVY PDK S,0,5,0,0,35592,177960,177960
Jun-2026,TIGALAPANKAOS MANADO,HENLEY MAMU,HN NAVY PDK S,0,5,0,0,35592,177960,177960
Jul-2026,TIGALAPANKAOS MANADO,HENLEY MAMU,HN NAVY PDK S,0,5,0,0,35592,177960,177960
Agu-2026,TIGALAPANKAOS MANADO,HENLEY MAMU,HN NAVY PDK S,0,5,0,0,35592,177960,177960
Sep-2026,TIGALAPANKAOS MANADO,HENLEY MAMU,HN NAVY PDK S,0,5,0,0,35592,177960,177960
Okt-2026,TIGALAPANKAOS MANADO,HENLEY MAMU,HN NAVY PDK S,0,5,0,0,35592,177960,177960
Jan-2026,TIGALAPANKAOS MANADO,HENLEY MAMU,HN NAVY PDK XL,0,10,0,0,42651,426510,0
Feb-2026,TIGALAPANKAOS MANADO,HENLEY MAMU,HN NAVY PDK XL,0,10,0,0,42651,426510,426510
Mar-2026,TIGALAPANKAOS MANADO,HENLEY MAMU,HN NAVY PDK XL,0,10,0,0,42651,426510,426510
Apr-2026,TIGALAPANKAOS MANADO,HENLEY MAMU,HN NAVY PDK XL,0,10,0,0,42651,426510,426510
Mei-2026,TIGALAPANKAOS MANADO,HENLEY MAMU,HN NAVY PDK XL,0,10,0,0,42651,426510,426510
Jun-2026,TIGALAPANKAOS MANADO,HENLEY MAMU,HN NAVY PDK XL,42651,9,0,0,42651,383859,426510
Jul-2026,TIGALAPANKAOS MANADO,HENLEY MAMU,HN NAVY PDK XL,0,9,0,0,42651,383859,383859
Agu-2026,TIGALAPANKAOS MANADO,HENLEY MAMU,HN NAVY PDK XL,0,9,0,0,42651,383859,383859
Sep-2026,TIGALAPANKAOS MANADO,HENLEY MAMU,HN NAVY PDK XL,0,9,0,0,42651,383859,383859
Okt-2026,TIGALAPANKAOS MANADO,HENLEY MAMU,HN NAVY PDK XL,0,9,0,0,42651,383859,383859
Jan-2026,TIGALAPANKAOS MANADO,HENLEY MAMU,HN NAVY PJG L,0,5,0,0,42976,214880,0
Feb-2026,TIGALAPANKAOS MANADO,HENLEY MAMU,HN NAVY PJG L,0,5,0,0,42976,214880,214880
Mar-2026,TIGALAPANKAOS MANADO,HENLEY MAMU,HN NAVY PJG L,0,5,0,0,42976,214880,214880
Apr-2026,TIGALAPANKAOS MANADO,HENLEY MAMU,HN NAVY PJG L,0,5,0,0,42976,214880,214880
Mei-2026,TIGALAPANKAOS MANADO,HENLEY MAMU,HN NAVY PJG L,0,5,0,0,42976,214880,214880
Jun-2026,TIGALAPANKAOS MANADO,HENLEY MAMU,HN NAVY PJG L,42976,4,0,0,42976,171904,214880
Jul-2026,TIGALAPANKAOS MANADO,HENLEY MAMU,HN NAVY PJG L,0,4,0,0,42976,171904,171904
Agu-2026,TIGALAPANKAOS MANADO,HENLEY MAMU,HN NAVY PJG L,0,4,0,0,42976,171904,171904
Sep-2026,TIGALAPANKAOS MANADO,HENLEY MAMU,HN NAVY PJG L,0,4,0,0,42976,171904,171904
Okt-2026,TIGALAPANKAOS MANADO,HENLEY MAMU,HN NAVY PJG L,0,4,0,0,42976,171904,171904
Jan-2026,TIGALAPANKAOS MANADO,HENLEY MAMU,HN NAVY PJG M,0,5,0,0,34688,173440,0
Feb-2026,TIGALAPANKAOS MANADO,HENLEY MAMU,HN NAVY PJG M,0,5,0,0,34688,173440,173440
Mar-2026,TIGALAPANKAOS MANADO,HENLEY MAMU,HN NAVY PJG M,0,5,0,0,34688,173440,173440
Apr-2026,TIGALAPANKAOS MANADO,HENLEY MAMU,HN NAVY PJG M,0,5,0,0,34688,173440,173440
Mei-2026,TIGALAPANKAOS MANADO,HENLEY MAMU,HN NAVY PJG M,0,5,0,0,34688,173440,173440
Jun-2026,TIGALAPANKAOS MANADO,HENLEY MAMU,HN NAVY PJG M,0,5,0,0,34688,173440,173440
Jul-2026,TIGALAPANKAOS MANADO,HENLEY MAMU,HN NAVY PJG M,0,5,0,0,34688,173440,173440
Agu-2026,TIGALAPANKAOS MANADO,HENLEY MAMU,HN NAVY PJG M,0,5,0,0,34688,173440,173440
Sep-2026,TIGALAPANKAOS MANADO,HENLEY MAMU,HN NAVY PJG M,0,5,0,0,34688,173440,173440
Okt-2026,TIGALAPANKAOS MANADO,HENLEY MAMU,HN NAVY PJG M,0,5,0,0,34688,173440,173440
Jan-2026,TIGALAPANKAOS MANADO,HENLEY MAMU,HN NAVY PJG S,0,1,0,0,40126,40126,0
Feb-2026,TIGALAPANKAOS MANADO,HENLEY MAMU,HN NAVY PJG S,0,1,0,0,40126,40126,40126
Mar-2026,TIGALAPANKAOS MANADO,HENLEY MAMU,HN NAVY PJG S,0,1,0,0,40126,40126,40126
Apr-2026,TIGALAPANKAOS MANADO,HENLEY MAMU,HN NAVY PJG S,0,1,0,0,40126,40126,40126
Mei-2026,TIGALAPANKAOS MANADO,HENLEY MAMU,HN NAVY PJG S,0,1,0,0,40126,40126,40126
Jun-2026,TIGALAPANKAOS MANADO,HENLEY MAMU,HN NAVY PJG S,0,1,0,0,40126,40126,40126
Jul-2026,TIGALAPANKAOS MANADO,HENLEY MAMU,HN NAVY PJG S,0,1,0,0,40126,40126,40126
Agu-2026,TIGALAPANKAOS MANADO,HENLEY MAMU,HN NAVY PJG S,0,1,0,0,40126,40126,40126
Sep-2026,TIGALAPANKAOS MANADO,HENLEY MAMU,HN NAVY PJG S,0,1,0,0,40126,40126,40126
Okt-2026,TIGALAPANKAOS MANADO,HENLEY MAMU,HN NAVY PJG S,0,1,0,0,40126,40126,40126
Jan-2026,TIGALAPANKAOS MANADO,HENLEY MAMU,HN NAVY PJG XL,0,5,0,0,35633,178165,0
Feb-2026,TIGALAPANKAOS MANADO,HENLEY MAMU,HN NAVY PJG XL,0,5,0,0,35633,178165,178165
Mar-2026,TIGALAPANKAOS MANADO,HENLEY MAMU,HN NAVY PJG XL,0,5,0,0,35633,178165,178165
Apr-2026,TIGALAPANKAOS MANADO,HENLEY MAMU,HN NAVY PJG XL,0,5,0,0,35633,178165,178165
Mei-2026,TIGALAPANKAOS MANADO,HENLEY MAMU,HN NAVY PJG XL,0,5,0,0,35633,178165,178165
Jun-2026,TIGALAPANKAOS MANADO,HENLEY MAMU,HN NAVY PJG XL,0,5,0,0,35633,178165,178165
Jul-2026,TIGALAPANKAOS MANADO,HENLEY MAMU,HN NAVY PJG XL,0,5,0,0,35633,178165,178165
Agu-2026,TIGALAPANKAOS MANADO,HENLEY MAMU,HN NAVY PJG XL,0,5,0,0,35633,178165,178165
Sep-2026,TIGALAPANKAOS MANADO,HENLEY MAMU,HN NAVY PJG XL,0,5,0,0,35633,178165,178165
Okt-2026,TIGALAPANKAOS MANADO,HENLEY MAMU,HN NAVY PJG XL,0,5,0,0,35633,178165,178165
Jan-2026,TIGALAPANKAOS PALU,HENLEY MAMU,HN ABU TUA PDK L,0,12,0,0,32742,392904,0
Feb-2026,TIGALAPANKAOS PALU,HENLEY MAMU,HN ABU TUA PDK L,0,12,0,0,32742,392904,392904
Mar-2026,TIGALAPANKAOS PALU,HENLEY MAMU,HN ABU TUA PDK L,261936,4,0,0,32742,130968,392904
Apr-2026,TIGALAPANKAOS PALU,HENLEY MAMU,HN ABU TUA PDK L,32742,3,0,0,32742,98226,130968
Mei-2026,TIGALAPANKAOS PALU,HENLEY MAMU,HN ABU TUA PDK L,0,3,0,0,32742,98226,98226
Jun-2026,TIGALAPANKAOS PALU,HENLEY MAMU,HN ABU TUA PDK L,32742,2,0,0,32742,65484,98226
Jul-2026,TIGALAPANKAOS PALU,HENLEY MAMU,HN ABU TUA PDK L,0,2,0,0,32742,65484,65484
Agu-2026,TIGALAPANKAOS PALU,HENLEY MAMU,HN ABU TUA PDK L,-32742,2,0,0,32742,65484,65484
Sep-2026,TIGALAPANKAOS PALU,HENLEY MAMU,HN ABU TUA PDK L,0,3,0,0,32742,98226,65484
Okt-2026,TIGALAPANKAOS PALU,HENLEY MAMU,HN ABU TUA PDK L,0,2,0,0,32742,65484,98226
Jan-2026,TIGALAPANKAOS PALU,HENLEY MAMU,HN ABU TUA PDK M,0,7,0,0,37522,262654,0
Feb-2026,TIGALAPANKAOS PALU,HENLEY MAMU,HN ABU TUA PDK M,37522,6,0,0,37522,225132,262654
Mar-2026,TIGALAPANKAOS PALU,HENLEY MAMU,HN ABU TUA PDK M,112566,3,0,0,37522,112566,225132
Apr-2026,TIGALAPANKAOS PALU,HENLEY MAMU,HN ABU TUA PDK M,0,3,0,0,37522,112566,112566
Mei-2026,TIGALAPANKAOS PALU,HENLEY MAMU,HN ABU TUA PDK M,0,3,0,0,37522,112566,112566
Jun-2026,TIGALAPANKAOS PALU,HENLEY MAMU,HN ABU TUA PDK M,0,3,0,0,37522,112566,112566
Jul-2026,TIGALAPANKAOS PALU,HENLEY MAMU,HN ABU TUA PDK M,0,3,0,0,37522,112566,112566
Agu-2026,TIGALAPANKAOS PALU,HENLEY MAMU,HN ABU TUA PDK M,0,3,0,0,37522,112566,112566
Sep-2026,TIGALAPANKAOS PALU,HENLEY MAMU,HN ABU TUA PDK M,0,3,0,0,37522,112566,112566
Okt-2026,TIGALAPANKAOS PALU,HENLEY MAMU,HN ABU TUA PDK M,0,3,0,0,37522,112566,112566
Jan-2026,TIGALAPANKAOS PALU,HENLEY MAMU,HN ABU TUA PDK S,0,6,0,0,32181,193086,0
Feb-2026,TIGALAPANKAOS PALU,HENLEY MAMU,HN ABU TUA PDK S,0,6,0,0,32181,193086,193086
Mar-2026,TIGALAPANKAOS PALU,HENLEY MAMU,HN ABU TUA PDK S,0,6,0,0,32181,193086,193086
Apr-2026,TIGALAPANKAOS PALU,HENLEY MAMU,HN ABU TUA PDK S,0,6,0,0,32181,193086,193086
Mei-2026,TIGALAPANKAOS PALU,HENLEY MAMU,HN ABU TUA PDK S,0,6,0,0,32181,193086,193086
Jun-2026,TIGALAPANKAOS PALU,HENLEY MAMU,HN ABU TUA PDK S,0,6,0,0,32181,193086,193086
Jul-2026,TIGALAPANKAOS PALU,HENLEY MAMU,HN ABU TUA PDK S,0,6,0,0,32181,193086,193086
Agu-2026,TIGALAPANKAOS PALU,HENLEY MAMU,HN ABU TUA PDK S,0,6,0,0,32181,193086,193086
Sep-2026,TIGALAPANKAOS PALU,HENLEY MAMU,HN ABU TUA PDK S,0,6,0,0,32181,193086,193086
Okt-2026,TIGALAPANKAOS PALU,HENLEY MAMU,HN ABU TUA PDK S,0,6,0,0,32181,193086,193086
Jan-2026,TIGALAPANKAOS PALU,HENLEY MAMU,HN ABU TUA PDK XL,0,3,0,0,41355,124065,0
Feb-2026,TIGALAPANKAOS PALU,HENLEY MAMU,HN ABU TUA PDK XL,0,3,0,0,41355,124065,124065
Mar-2026,TIGALAPANKAOS PALU,HENLEY MAMU,HN ABU TUA PDK XL,124065,0,0,0,41355,0,124065
Jan-2026,TIGALAPANKAOS PALU,HENLEY MAMU,HN ABU TUA PJG L,0,6,0,0,37310,223860,0
Feb-2026,TIGALAPANKAOS PALU,HENLEY MAMU,HN ABU TUA PJG L,37310,5,0,0,37310,186550,223860
Mar-2026,TIGALAPANKAOS PALU,HENLEY MAMU,HN ABU TUA PJG L,0,5,0,0,37310,186550,186550
Apr-2026,TIGALAPANKAOS PALU,HENLEY MAMU,HN ABU TUA PJG L,0,5,0,0,37310,186550,186550
Mei-2026,TIGALAPANKAOS PALU,HENLEY MAMU,HN ABU TUA PJG L,0,5,0,0,37310,186550,186550
Jun-2026,TIGALAPANKAOS PALU,HENLEY MAMU,HN ABU TUA PJG L,0,5,0,0,37310,186550,186550
Jul-2026,TIGALAPANKAOS PALU,HENLEY MAMU,HN ABU TUA PJG L,0,5,0,0,37310,186550,186550
Agu-2026,TIGALAPANKAOS PALU,HENLEY MAMU,HN ABU TUA PJG L,0,5,0,0,37310,186550,186550
Sep-2026,TIGALAPANKAOS PALU,HENLEY MAMU,HN ABU TUA PJG L,0,5,0,0,37310,186550,186550
Okt-2026,TIGALAPANKAOS PALU,HENLEY MAMU,HN ABU TUA PJG L,0,5,0,0,37310,186550,186550
Jan-2026,TIGALAPANKAOS PALU,HENLEY MAMU,HN ABU TUA PJG M,0,5,0,0,39650,198250,0
Feb-2026,TIGALAPANKAOS PALU,HENLEY MAMU,HN ABU TUA PJG M,0,5,0,0,39650,198250,198250
Mar-2026,TIGALAPANKAOS PALU,HENLEY MAMU,HN ABU TUA PJG M,39650,4,0,0,39650,158600,198250
Apr-2026,TIGALAPANKAOS PALU,HENLEY MAMU,HN ABU TUA PJG M,0,4,0,0,39650,158600,158600
Mei-2026,TIGALAPANKAOS PALU,HENLEY MAMU,HN ABU TUA PJG M,0,4,0,0,39650,158600,158600
Jun-2026,TIGALAPANKAOS PALU,HENLEY MAMU,HN ABU TUA PJG M,0,4,0,0,39650,158600,158600
Jul-2026,TIGALAPANKAOS PALU,HENLEY MAMU,HN ABU TUA PJG M,0,4,0,0,39650,158600,158600
Agu-2026,TIGALAPANKAOS PALU,HENLEY MAMU,HN ABU TUA PJG M,0,4,0,0,39650,158600,158600
Sep-2026,TIGALAPANKAOS PALU,HENLEY MAMU,HN ABU TUA PJG M,0,4,0,0,39650,158600,158600
Okt-2026,TIGALAPANKAOS PALU,HENLEY MAMU,HN ABU TUA PJG M,0,4,0,0,39650,158600,158600
Jan-2026,TIGALAPANKAOS PALU,HENLEY MAMU,HN ABU TUA PJG S,0,1,0,0,37733,37733,0
Feb-2026,TIGALAPANKAOS PALU,HENLEY MAMU,HN ABU TUA PJG S,0,1,0,0,37733,37733,37733
Mar-2026,TIGALAPANKAOS PALU,HENLEY MAMU,HN ABU TUA PJG S,0,1,0,0,37733,37733,37733
Apr-2026,TIGALAPANKAOS PALU,HENLEY MAMU,HN ABU TUA PJG S,0,1,0,0,37733,37733,37733
Mei-2026,TIGALAPANKAOS PALU,HENLEY MAMU,HN ABU TUA PJG S,0,1,0,0,37733,37733,37733
Jun-2026,TIGALAPANKAOS PALU,HENLEY MAMU,HN ABU TUA PJG S,0,1,0,0,37733,37733,37733
Jul-2026,TIGALAPANKAOS PALU,HENLEY MAMU,HN ABU TUA PJG S,0,1,0,0,37733,37733,37733
Agu-2026,TIGALAPANKAOS PALU,HENLEY MAMU,HN ABU TUA PJG S,0,1,0,0,37733,37733,37733
Sep-2026,TIGALAPANKAOS PALU,HENLEY MAMU,HN ABU TUA PJG S,0,1,0,0,37733,37733,37733
Okt-2026,TIGALAPANKAOS PALU,HENLEY MAMU,HN ABU TUA PJG S,0,1,0,0,37733,37733,37733
Jan-2026,TIGALAPANKAOS PALU,HENLEY MAMU,HN ABU TUA PJG XL,0,4,0,0,42765,171060,0
Feb-2026,TIGALAPANKAOS PALU,HENLEY MAMU,HN ABU TUA PJG XL,0,4,0,0,42765,171060,171060
Mar-2026,TIGALAPANKAOS PALU,HENLEY MAMU,HN ABU TUA PJG XL,0,4,0,0,42765,171060,171060
Apr-2026,TIGALAPANKAOS PALU,HENLEY MAMU,HN ABU TUA PJG XL,0,4,0,0,42765,171060,171060
Mei-2026,TIGALAPANKAOS PALU,HENLEY MAMU,HN ABU TUA PJG XL,0,4,0,0,42765,171060,171060
Jun-2026,TIGALAPANKAOS PALU,HENLEY MAMU,HN ABU TUA PJG XL,0,4,0,0,42765,171060,171060
Jul-2026,TIGALAPANKAOS PALU,HENLEY MAMU,HN ABU TUA PJG XL,0,4,0,0,42765,171060,171060
Agu-2026,TIGALAPANKAOS PALU,HENLEY MAMU,HN ABU TUA PJG XL,0,4,0,0,42765,171060,171060
Sep-2026,TIGALAPANKAOS PALU,HENLEY MAMU,HN ABU TUA PJG XL,0,4,0,0,42765,171060,171060
Okt-2026,TIGALAPANKAOS PALU,HENLEY MAMU,HN ABU TUA PJG XL,0,4,0,0,42765,171060,171060
Jan-2026,TIGALAPANKAOS PALU,HENLEY MAMU,HN BEIGE PDK L,311416,0,0,0,38927,0,0
Jan-2026,TIGALAPANKAOS PALU,HENLEY MAMU,HN BEIGE PDK M,56744,5,0,0,28372,141860,0
Feb-2026,TIGALAPANKAOS PALU,HENLEY MAMU,HN BEIGE PDK M,28372,4,0,0,28372,113488,141860
Mar-2026,TIGALAPANKAOS PALU,HENLEY MAMU,HN BEIGE PDK M,113488,0,0,0,28372,0,113488
Agu-2026,TIGALAPANKAOS PALU,HENLEY MAMU,HN BEIGE PDK M,-28372,0,0,0,28372,0,0
Sep-2026,TIGALAPANKAOS PALU,HENLEY MAMU,HN BEIGE PDK M,28372,0,0,0,28372,0,0
Jan-2026,TIGALAPANKAOS PALU,HENLEY MAMU,HN BEIGE PDK S,0,8,0,0,32625,261000,0
Feb-2026,TIGALAPANKAOS PALU,HENLEY MAMU,HN BEIGE PDK S,0,8,0,0,32625,261000,261000
Mar-2026,TIGALAPANKAOS PALU,HENLEY MAMU,HN BEIGE PDK S,97875,5,0,0,32625,163125,261000
Apr-2026,TIGALAPANKAOS PALU,HENLEY MAMU,HN BEIGE PDK S,0,5,0,0,32625,163125,163125
Mei-2026,TIGALAPANKAOS PALU,HENLEY MAMU,HN BEIGE PDK S,0,5,0,0,32625,163125,163125
Jun-2026,TIGALAPANKAOS PALU,HENLEY MAMU,HN BEIGE PDK S,32625,4,0,0,32625,130500,163125
Jul-2026,TIGALAPANKAOS PALU,HENLEY MAMU,HN BEIGE PDK S,0,4,0,0,32625,130500,130500
Agu-2026,TIGALAPANKAOS PALU,HENLEY MAMU,HN BEIGE PDK S,-32625,4,0,0,32625,130500,130500
Sep-2026,TIGALAPANKAOS PALU,HENLEY MAMU,HN BEIGE PDK S,0,5,0,0,32625,163125,130500
Okt-2026,TIGALAPANKAOS PALU,HENLEY MAMU,HN BEIGE PDK S,0,5,0,0,32625,163125,163125
Jan-2026,TIGALAPANKAOS PALU,HENLEY MAMU,HN BEIGE PDK XL,61896,8,0,0,30948,247584,0
Feb-2026,TIGALAPANKAOS PALU,HENLEY MAMU,HN BEIGE PDK XL,0,8,0,0,30948,247584,247584
Mar-2026,TIGALAPANKAOS PALU,HENLEY MAMU,HN BEIGE PDK XL,61896,6,0,0,30948,185688,247584
Apr-2026,TIGALAPANKAOS PALU,HENLEY MAMU,HN BEIGE PDK XL,0,6,0,0,30948,185688,185688
Mei-2026,TIGALAPANKAOS PALU,HENLEY MAMU,HN BEIGE PDK XL,61896,4,0,0,30948,123792,185688
Jun-2026,TIGALAPANKAOS PALU,HENLEY MAMU,HN BEIGE PDK XL,0,4,0,0,30948,123792,123792
Jul-2026,TIGALAPANKAOS PALU,HENLEY MAMU,HN BEIGE PDK XL,0,4,0,0,30948,123792,123792
Agu-2026,TIGALAPANKAOS PALU,HENLEY MAMU,HN BEIGE PDK XL,61896,3,0,0,30948,92844,123792
Sep-2026,TIGALAPANKAOS PALU,HENLEY MAMU,HN BEIGE PDK XL,30948,1,0,0,30948,30948,92844
Okt-2026,TIGALAPANKAOS PALU,HENLEY MAMU,HN BEIGE PDK XL,0,0,0,0,30948,0,30948
Jan-2026,TIGALAPANKAOS PALU,HENLEY MAMU,HN BEIGE PJG L,0,4,0,0,39109,156436,0
Feb-2026,TIGALAPANKAOS PALU,HENLEY MAMU,HN BEIGE PJG L,39109,3,0,0,39109,117327,156436
Mar-2026,TIGALAPANKAOS PALU,HENLEY MAMU,HN BEIGE PJG L,78218,1,0,0,39109,39109,117327
Apr-2026,TIGALAPANKAOS PALU,HENLEY MAMU,HN BEIGE PJG L,0,1,0,0,39109,39109,39109
Mei-2026,TIGALAPANKAOS PALU,HENLEY MAMU,HN BEIGE PJG L,0,1,0,0,39109,39109,39109
Jun-2026,TIGALAPANKAOS PALU,HENLEY MAMU,HN BEIGE PJG L,0,1,0,0,39109,39109,39109
Jul-2026,TIGALAPANKAOS PALU,HENLEY MAMU,HN BEIGE PJG L,0,1,0,0,39109,39109,39109
Agu-2026,TIGALAPANKAOS PALU,HENLEY MAMU,HN BEIGE PJG L,0,1,0,0,39109,39109,39109
Sep-2026,TIGALAPANKAOS PALU,HENLEY MAMU,HN BEIGE PJG L,0,1,0,0,39109,39109,39109
Okt-2026,TIGALAPANKAOS PALU,HENLEY MAMU,HN BEIGE PJG L,0,1,0,0,39109,39109,39109
Jan-2026,TIGALAPANKAOS PALU,HENLEY MAMU,HN BEIGE PJG M,0,5,0,0,35981,179905,0
Feb-2026,TIGALAPANKAOS PALU,HENLEY MAMU,HN BEIGE PJG M,0,5,0,0,35981,179905,179905
Mar-2026,TIGALAPANKAOS PALU,HENLEY MAMU,HN BEIGE PJG M,0,5,0,0,35981,179905,179905
Apr-2026,TIGALAPANKAOS PALU,HENLEY MAMU,HN BEIGE PJG M,0,5,0,0,35981,179905,179905
Mei-2026,TIGALAPANKAOS PALU,HENLEY MAMU,HN BEIGE PJG M,0,5,0,0,35981,179905,179905
Jun-2026,TIGALAPANKAOS PALU,HENLEY MAMU,HN BEIGE PJG M,0,5,0,0,35981,179905,179905
Jul-2026,TIGALAPANKAOS PALU,HENLEY MAMU,HN BEIGE PJG M,35981,4,0,0,35981,143924,179905
Agu-2026,TIGALAPANKAOS PALU,HENLEY MAMU,HN BEIGE PJG M,0,4,0,0,35981,143924,143924
Sep-2026,TIGALAPANKAOS PALU,HENLEY MAMU,HN BEIGE PJG M,0,4,0,0,35981,143924,143924
Okt-2026,TIGALAPANKAOS PALU,HENLEY MAMU,HN BEIGE PJG M,0,4,0,0,35981,143924,143924
Jan-2026,TIGALAPANKAOS PALU,HENLEY MAMU,HN BEIGE PJG XL,0,5,0,0,36128,180640,0
Feb-2026,TIGALAPANKAOS PALU,HENLEY MAMU,HN BEIGE PJG XL,0,5,0,0,36128,180640,180640
Mar-2026,TIGALAPANKAOS PALU,HENLEY MAMU,HN BEIGE PJG XL,0,5,0,0,36128,180640,180640
Apr-2026,TIGALAPANKAOS PALU,HENLEY MAMU,HN BEIGE PJG XL,0,5,0,0,36128,180640,180640
Mei-2026,TIGALAPANKAOS PALU,HENLEY MAMU,HN BEIGE PJG XL,0,5,0,0,36128,180640,180640
Jun-2026,TIGALAPANKAOS PALU,HENLEY MAMU,HN BEIGE PJG XL,0,5,0,0,36128,180640,180640
Jul-2026,TIGALAPANKAOS PALU,HENLEY MAMU,HN BEIGE PJG XL,36128,5,0,0,36128,180640,180640
Agu-2026,TIGALAPANKAOS PALU,HENLEY MAMU,HN BEIGE PJG XL,0,4,0,0,36128,144512,180640
Sep-2026,TIGALAPANKAOS PALU,HENLEY MAMU,HN BEIGE PJG XL,0,4,0,0,36128,144512,144512
Okt-2026,TIGALAPANKAOS PALU,HENLEY MAMU,HN BEIGE PJG XL,0,4,0,0,36128,144512,144512
Jan-2026,TIGALAPANKAOS PALU,HENLEY MAMU,HN JET BLACK PDK 2XL,0,4,0,0,55295,221180,0
Feb-2026,TIGALAPANKAOS PALU,HENLEY MAMU,HN JET BLACK PDK 2XL,55295,3,0,0,55295,165885,221180
Mar-2026,TIGALAPANKAOS PALU,HENLEY MAMU,HN JET BLACK PDK 2XL,165885,0,0,0,55295,0,165885
Agu-2026,TIGALAPANKAOS PALU,HENLEY MAMU,HN JET BLACK PDK 2XL,-55295,0,0,0,55295,0,0
Sep-2026,TIGALAPANKAOS PALU,HENLEY MAMU,HN JET BLACK PDK 2XL,0,1,0,0,55295,55295,0
Okt-2026,TIGALAPANKAOS PALU,HENLEY MAMU,HN JET BLACK PDK 2XL,0,1,0,0,55295,55295,55295
Jan-2026,TIGALAPANKAOS PALU,HENLEY MAMU,HN JET BLACK PDK L,0,23,0,0,32386,744878,0
Feb-2026,TIGALAPANKAOS PALU,HENLEY MAMU,HN JET BLACK PDK L,64772,21,0,0,32386,680106,744878
Mar-2026,TIGALAPANKAOS PALU,HENLEY MAMU,HN JET BLACK PDK L,356246,10,0,0,32386,323860,680106
Apr-2026,TIGALAPANKAOS PALU,HENLEY MAMU,HN JET BLACK PDK L,0,9,0,0,32386,291474,323860
Mei-2026,TIGALAPANKAOS PALU,HENLEY MAMU,HN JET BLACK PDK L,0,10,0,0,32386,323860,291474
Jun-2026,TIGALAPANKAOS PALU,HENLEY MAMU,HN JET BLACK PDK L,0,10,0,0,32386,323860,323860
Jul-2026,TIGALAPANKAOS PALU,HENLEY MAMU,HN JET BLACK PDK L,97158,8,0,0,32386,259088,323860
Agu-2026,TIGALAPANKAOS PALU,HENLEY MAMU,HN JET BLACK PDK L,0,7,0,0,32386,226702,259088
Sep-2026,TIGALAPANKAOS PALU,HENLEY MAMU,HN JET BLACK PDK L,0,7,0,0,32386,226702,226702
Okt-2026,TIGALAPANKAOS PALU,HENLEY MAMU,HN JET BLACK PDK L,0,7,0,0,32386,226702,226702
Jan-2026,TIGALAPANKAOS PALU,HENLEY MAMU,HN JET BLACK PDK M,0,12,0,0,39781,477372,0
Feb-2026,TIGALAPANKAOS PALU,HENLEY MAMU,HN JET BLACK PDK M,0,12,0,0,39781,477372,477372
Mar-2026,TIGALAPANKAOS PALU,HENLEY MAMU,HN JET BLACK PDK M,198905,7,0,0,39781,278467,477372
Apr-2026,TIGALAPANKAOS PALU,HENLEY MAMU,HN JET BLACK PDK M,39781,6,0,0,39781,238686,278467
Mei-2026,TIGALAPANKAOS PALU,HENLEY MAMU,HN JET BLACK PDK M,0,6,0,0,39781,238686,238686
Jun-2026,TIGALAPANKAOS PALU,HENLEY MAMU,HN JET BLACK PDK M,0,6,0,0,39781,238686,238686
Jul-2026,TIGALAPANKAOS PALU,HENLEY MAMU,HN JET BLACK PDK M,34098,6,0,0,39781,238686,238686
Agu-2026,TIGALAPANKAOS PALU,HENLEY MAMU,HN JET BLACK PDK M,-79562,6,0,0,39781,238686,238686
Sep-2026,TIGALAPANKAOS PALU,HENLEY MAMU,HN JET BLACK PDK M,71038,6,0,0,39781,238686,238686
Okt-2026,TIGALAPANKAOS PALU,HENLEY MAMU,HN JET BLACK PDK M,0,6,0,0,39781,238686,238686
Jan-2026,TIGALAPANKAOS PALU,HENLEY MAMU,HN JET BLACK PDK S,0,12,0,0,31317,375804,0
Feb-2026,TIGALAPANKAOS PALU,HENLEY MAMU,HN JET BLACK PDK S,0,12,0,0,31317,375804,375804
Mar-2026,TIGALAPANKAOS PALU,HENLEY MAMU,HN JET BLACK PDK S,0,12,0,0,31317,375804,375804
Apr-2026,TIGALAPANKAOS PALU,HENLEY MAMU,HN JET BLACK PDK S,0,12,0,0,31317,375804,375804
Mei-2026,TIGALAPANKAOS PALU,HENLEY MAMU,HN JET BLACK PDK S,0,12,0,0,31317,375804,375804
Jun-2026,TIGALAPANKAOS PALU,HENLEY MAMU,HN JET BLACK PDK S,0,12,0,0,31317,375804,375804
Jul-2026,TIGALAPANKAOS PALU,HENLEY MAMU,HN JET BLACK PDK S,0,12,0,0,31317,375804,375804
Agu-2026,TIGALAPANKAOS PALU,HENLEY MAMU,HN JET BLACK PDK S,31317,12,0,0,31317,375804,375804
Sep-2026,TIGALAPANKAOS PALU,HENLEY MAMU,HN JET BLACK PDK S,0,12,0,0,31317,375804,375804
Okt-2026,TIGALAPANKAOS PALU,HENLEY MAMU,HN JET BLACK PDK S,0,12,0,0,31317,375804,375804
Jan-2026,TIGALAPANKAOS PALU,HENLEY MAMU,HN JET BLACK PDK XL,0,15,0,0,31189,467835,0
Feb-2026,TIGALAPANKAOS PALU,HENLEY MAMU,HN JET BLACK PDK XL,0,15,0,0,31189,467835,467835
Mar-2026,TIGALAPANKAOS PALU,HENLEY MAMU,HN JET BLACK PDK XL,187134,9,0,0,31189,280701,467835
Apr-2026,TIGALAPANKAOS PALU,HENLEY MAMU,HN JET BLACK PDK XL,0,9,0,0,31189,280701,280701
Mei-2026,TIGALAPANKAOS PALU,HENLEY MAMU,HN JET BLACK PDK XL,31189,8,0,0,31189,249512,280701
Jun-2026,TIGALAPANKAOS PALU,HENLEY MAMU,HN JET BLACK PDK XL,31189,7,0,0,31189,218323,249512
Jul-2026,TIGALAPANKAOS PALU,HENLEY MAMU,HN JET BLACK PDK XL,0,7,0,0,31189,218323,218323
Agu-2026,TIGALAPANKAOS PALU,HENLEY MAMU,HN JET BLACK PDK XL,62378,6,0,0,31189,187134,218323
Sep-2026,TIGALAPANKAOS PALU,HENLEY MAMU,HN JET BLACK PDK XL,0,6,0,0,31189,187134,187134
Okt-2026,TIGALAPANKAOS PALU,HENLEY MAMU,HN JET BLACK PDK XL,0,6,0,0,31189,187134,187134
Jan-2026,TIGALAPANKAOS PALU,HENLEY MAMU,HN JET BLACK PJG L,0,17,0,0,39673,674441,0
Feb-2026,TIGALAPANKAOS PALU,HENLEY MAMU,HN JET BLACK PJG L,0,17,0,0,39673,674441,674441
Mar-2026,TIGALAPANKAOS PALU,HENLEY MAMU,HN JET BLACK PJG L,0,17,0,0,39673,674441,674441
Apr-2026,TIGALAPANKAOS PALU,HENLEY MAMU,HN JET BLACK PJG L,0,18,0,0,39673,714114,674441
Mei-2026,TIGALAPANKAOS PALU,HENLEY MAMU,HN JET BLACK PJG L,0,17,0,0,39673,674441,714114
Jun-2026,TIGALAPANKAOS PALU,HENLEY MAMU,HN JET BLACK PJG L,0,17,0,0,39673,674441,674441
Jul-2026,TIGALAPANKAOS PALU,HENLEY MAMU,HN JET BLACK PJG L,0,17,0,0,39673,674441,674441
Agu-2026,TIGALAPANKAOS PALU,HENLEY MAMU,HN JET BLACK PJG L,0,17,0,0,39673,674441,674441
Sep-2026,TIGALAPANKAOS PALU,HENLEY MAMU,HN JET BLACK PJG L,0,17,0,0,39673,674441,674441
Okt-2026,TIGALAPANKAOS PALU,HENLEY MAMU,HN JET BLACK PJG L,0,17,0,0,39673,674441,674441
Jan-2026,TIGALAPANKAOS PALU,HENLEY MAMU,HN JET BLACK PJG M,0,13,0,0,39784,517192,0
Feb-2026,TIGALAPANKAOS PALU,HENLEY MAMU,HN JET BLACK PJG M,0,13,0,0,39784,517192,517192
Mar-2026,TIGALAPANKAOS PALU,HENLEY MAMU,HN JET BLACK PJG M,79568,11,0,0,39784,437624,517192
Apr-2026,TIGALAPANKAOS PALU,HENLEY MAMU,HN JET BLACK PJG M,0,11,0,0,39784,437624,437624
Mei-2026,TIGALAPANKAOS PALU,HENLEY MAMU,HN JET BLACK PJG M,0,11,0,0,39784,437624,437624
Jun-2026,TIGALAPANKAOS PALU,HENLEY MAMU,HN JET BLACK PJG M,0,11,0,0,39784,437624,437624
Jul-2026,TIGALAPANKAOS PALU,HENLEY MAMU,HN JET BLACK PJG M,0,11,0,0,39784,437624,437624
Agu-2026,TIGALAPANKAOS PALU,HENLEY MAMU,HN JET BLACK PJG M,0,11,0,0,39784,437624,437624
Sep-2026,TIGALAPANKAOS PALU,HENLEY MAMU,HN JET BLACK PJG M,0,11,0,0,39784,437624,437624
Okt-2026,TIGALAPANKAOS PALU,HENLEY MAMU,HN JET BLACK PJG M,0,11,0,0,39784,437624,437624
Jan-2026,TIGALAPANKAOS PALU,HENLEY MAMU,HN JET BLACK PJG S,0,1,0,0,50581,50581,0
Feb-2026,TIGALAPANKAOS PALU,HENLEY MAMU,HN JET BLACK PJG S,0,2,0,0,50581,101162,50581
Mar-2026,TIGALAPANKAOS PALU,HENLEY MAMU,HN JET BLACK PJG S,101162,0,0,0,50581,0,101162
Jan-2026,TIGALAPANKAOS PALU,HENLEY MAMU,HN JET BLACK PJG XL,0,8,0,0,42281,338248,0
Feb-2026,TIGALAPANKAOS PALU,HENLEY MAMU,HN JET BLACK PJG XL,0,8,0,0,42281,338248,338248
Mar-2026,TIGALAPANKAOS PALU,HENLEY MAMU,HN JET BLACK PJG XL,0,8,0,0,42281,338248,338248
Apr-2026,TIGALAPANKAOS PALU,HENLEY MAMU,HN JET BLACK PJG XL,0,8,0,0,42281,338248,338248
Mei-2026,TIGALAPANKAOS PALU,HENLEY MAMU,HN JET BLACK PJG XL,42281,7,0,0,42281,295967,338248
Jun-2026,TIGALAPANKAOS PALU,HENLEY MAMU,HN JET BLACK PJG XL,0,7,0,0,42281,295967,295967
Jul-2026,TIGALAPANKAOS PALU,HENLEY MAMU,HN JET BLACK PJG XL,0,7,0,0,42281,295967,295967
Agu-2026,TIGALAPANKAOS PALU,HENLEY MAMU,HN JET BLACK PJG XL,42281,7,0,0,42281,295967,295967
Sep-2026,TIGALAPANKAOS PALU,HENLEY MAMU,HN JET BLACK PJG XL,0,5,0,0,42281,211405,295967
Okt-2026,TIGALAPANKAOS PALU,HENLEY MAMU,HN JET BLACK PJG XL,0,5,0,0,42281,211405,211405
Jan-2026,TIGALAPANKAOS PALU,HENLEY MAMU,HN MAPLE BROWN PDK L,0,7,0,0,52022,364154,0
Feb-2026,TIGALAPANKAOS PALU,HENLEY MAMU,HN MAPLE BROWN PDK L,52022,7,0,0,52022,364154,364154
Mar-2026,TIGALAPANKAOS PALU,HENLEY MAMU,HN MAPLE BROWN PDK L,312132,0,0,0,52022,0,364154
Jan-2026,TIGALAPANKAOS PALU,HENLEY MAMU,HN MAPLE BROWN PDK M,0,15,0,0,20459,306885,0
Feb-2026,TIGALAPANKAOS PALU,HENLEY MAMU,HN MAPLE BROWN PDK M,20459,14,0,0,20459,286426,306885
Mar-2026,TIGALAPANKAOS PALU,HENLEY MAMU,HN MAPLE BROWN PDK M,245508,2,0,0,20459,40918,286426
Apr-2026,TIGALAPANKAOS PALU,HENLEY MAMU,HN MAPLE BROWN PDK M,40918,0,0,0,20459,0,40918
Jan-2026,TIGALAPANKAOS PALU,HENLEY MAMU,HN MAPLE BROWN PDK S,0,4,0,0,34095,136380,0
Feb-2026,TIGALAPANKAOS PALU,HENLEY MAMU,HN MAPLE BROWN PDK S,0,4,0,0,34095,136380,136380
Mar-2026,TIGALAPANKAOS PALU,HENLEY MAMU,HN MAPLE BROWN PDK S,34095,3,0,0,34095,102285,136380
Apr-2026,TIGALAPANKAOS PALU,HENLEY MAMU,HN MAPLE BROWN PDK S,0,3,0,0,34095,102285,102285
Mei-2026,TIGALAPANKAOS PALU,HENLEY MAMU,HN MAPLE BROWN PDK S,0,3,0,0,34095,102285,102285
Jun-2026,TIGALAPANKAOS PALU,HENLEY MAMU,HN MAPLE BROWN PDK S,0,3,0,0,34095,102285,102285
Jul-2026,TIGALAPANKAOS PALU,HENLEY MAMU,HN MAPLE BROWN PDK S,0,3,0,0,34095,102285,102285
Agu-2026,TIGALAPANKAOS PALU,HENLEY MAMU,HN MAPLE BROWN PDK S,0,3,0,0,34095,102285,102285
Sep-2026,TIGALAPANKAOS PALU,HENLEY MAMU,HN MAPLE BROWN PDK S,0,3,0,0,34095,102285,102285
Okt-2026,TIGALAPANKAOS PALU,HENLEY MAMU,HN MAPLE BROWN PDK S,0,3,0,0,34095,102285,102285
Jan-2026,TIGALAPANKAOS PALU,HENLEY MAMU,HN MAPLE BROWN PJG M,62650,2,0,0,31325,62650,0
Feb-2026,TIGALAPANKAOS PALU,HENLEY MAMU,HN MAPLE BROWN PJG M,0,2,0,0,31325,62650,62650
Mar-2026,TIGALAPANKAOS PALU,HENLEY MAMU,HN MAPLE BROWN PJG M,62650,0,0,0,31325,0,62650
Jan-2026,TIGALAPANKAOS PALU,HENLEY MAMU,HN MAPLE BROWN PJG S,0,1,0,0,58674,58674,0
Feb-2026,TIGALAPANKAOS PALU,HENLEY MAMU,HN MAPLE BROWN PJG S,58674,0,0,0,58674,0,58674
Jan-2026,TIGALAPANKAOS PALU,HENLEY MAMU,HN NAVY PDK 2XL,42452,3,0,0,42452,127356,0
Feb-2026,TIGALAPANKAOS PALU,HENLEY MAMU,HN NAVY PDK 2XL,0,3,0,0,42452,127356,127356
Mar-2026,TIGALAPANKAOS PALU,HENLEY MAMU,HN NAVY PDK 2XL,127356,0,0,0,42452,0,127356
Jan-2026,TIGALAPANKAOS PALU,HENLEY MAMU,HN NAVY PDK L,39725,12,0,0,39725,476700,0
Feb-2026,TIGALAPANKAOS PALU,HENLEY MAMU,HN NAVY PDK L,0,12,0,0,39725,476700,476700
Mar-2026,TIGALAPANKAOS PALU,HENLEY MAMU,HN NAVY PDK L,357525,4,0,0,39725,158900,476700
Apr-2026,TIGALAPANKAOS PALU,HENLEY MAMU,HN NAVY PDK L,0,3,0,0,39725,119175,158900
Mei-2026,TIGALAPANKAOS PALU,HENLEY MAMU,HN NAVY PDK L,0,3,0,0,39725,119175,119175
Jun-2026,TIGALAPANKAOS PALU,HENLEY MAMU,HN NAVY PDK L,0,3,0,0,39725,119175,119175
Jul-2026,TIGALAPANKAOS PALU,HENLEY MAMU,HN NAVY PDK L,0,3,0,0,39725,119175,119175
Agu-2026,TIGALAPANKAOS PALU,HENLEY MAMU,HN NAVY PDK L,39725,2,0,0,39725,79450,119175
Sep-2026,TIGALAPANKAOS PALU,HENLEY MAMU,HN NAVY PDK L,39725,1,0,0,39725,39725,79450
Okt-2026,TIGALAPANKAOS PALU,HENLEY MAMU,HN NAVY PDK L,0,1,0,0,39725,39725,39725
Jan-2026,TIGALAPANKAOS PALU,HENLEY MAMU,HN NAVY PDK M,0,7,0,0,49148,344036,0
Feb-2026,TIGALAPANKAOS PALU,HENLEY MAMU,HN NAVY PDK M,0,7,0,0,49148,344036,344036
Mar-2026,TIGALAPANKAOS PALU,HENLEY MAMU,HN NAVY PDK M,98296,5,0,0,49148,245740,344036
Apr-2026,TIGALAPANKAOS PALU,HENLEY MAMU,HN NAVY PDK M,0,5,0,0,49148,245740,245740
Mei-2026,TIGALAPANKAOS PALU,HENLEY MAMU,HN NAVY PDK M,0,5,0,0,49148,245740,245740
Jun-2026,TIGALAPANKAOS PALU,HENLEY MAMU,HN NAVY PDK M,0,5,0,0,49148,245740,245740
Jul-2026,TIGALAPANKAOS PALU,HENLEY MAMU,HN NAVY PDK M,0,5,0,0,49148,245740,245740
Agu-2026,TIGALAPANKAOS PALU,HENLEY MAMU,HN NAVY PDK M,0,5,0,0,49148,245740,245740
Sep-2026,TIGALAPANKAOS PALU,HENLEY MAMU,HN NAVY PDK M,49148,4,0,0,49148,196592,245740
Okt-2026,TIGALAPANKAOS PALU,HENLEY MAMU,HN NAVY PDK M,49148,3,0,0,49148,147444,196592
Jan-2026,TIGALAPANKAOS PALU,HENLEY MAMU,HN NAVY PDK S,0,4,0,0,35592,142368,0
Feb-2026,TIGALAPANKAOS PALU,HENLEY MAMU,HN NAVY PDK S,0,4,0,0,35592,142368,142368
Mar-2026,TIGALAPANKAOS PALU,HENLEY MAMU,HN NAVY PDK S,35592,3,0,0,35592,106776,142368
Apr-2026,TIGALAPANKAOS PALU,HENLEY MAMU,HN NAVY PDK S,0,3,0,0,35592,106776,106776
Mei-2026,TIGALAPANKAOS PALU,HENLEY MAMU,HN NAVY PDK S,0,3,0,0,35592,106776,106776
Jun-2026,TIGALAPANKAOS PALU,HENLEY MAMU,HN NAVY PDK S,0,3,0,0,35592,106776,106776
Jul-2026,TIGALAPANKAOS PALU,HENLEY MAMU,HN NAVY PDK S,0,3,0,0,35592,106776,106776
Agu-2026,TIGALAPANKAOS PALU,HENLEY MAMU,HN NAVY PDK S,35592,3,0,0,35592,106776,106776
Sep-2026,TIGALAPANKAOS PALU,HENLEY MAMU,HN NAVY PDK S,0,2,0,0,35592,71184,106776
Okt-2026,TIGALAPANKAOS PALU,HENLEY MAMU,HN NAVY PDK S,0,2,0,0,35592,71184,71184
Jan-2026,TIGALAPANKAOS PALU,HENLEY MAMU,HN NAVY PDK XL,42651,8,0,0,42651,341208,0
Feb-2026,TIGALAPANKAOS PALU,HENLEY MAMU,HN NAVY PDK XL,0,8,0,0,42651,341208,341208
Mar-2026,TIGALAPANKAOS PALU,HENLEY MAMU,HN NAVY PDK XL,85302,6,0,0,42651,255906,341208
Apr-2026,TIGALAPANKAOS PALU,HENLEY MAMU,HN NAVY PDK XL,0,6,0,0,42651,255906,255906
Mei-2026,TIGALAPANKAOS PALU,HENLEY MAMU,HN NAVY PDK XL,0,6,0,0,42651,255906,255906
Jun-2026,TIGALAPANKAOS PALU,HENLEY MAMU,HN NAVY PDK XL,85302,4,0,0,42651,170604,255906
Jul-2026,TIGALAPANKAOS PALU,HENLEY MAMU,HN NAVY PDK XL,42651,3,0,0,42651,127953,170604
Agu-2026,TIGALAPANKAOS PALU,HENLEY MAMU,HN NAVY PDK XL,42651,2,0,0,42651,85302,127953
Sep-2026,TIGALAPANKAOS PALU,HENLEY MAMU,HN NAVY PDK XL,42651,1,0,0,42651,42651,85302
Okt-2026,TIGALAPANKAOS PALU,HENLEY MAMU,HN NAVY PDK XL,0,1,0,0,42651,42651,42651
Jan-2026,TIGALAPANKAOS PALU,HENLEY MAMU,HN NAVY PJG L,0,6,0,0,42976,257856,0
Feb-2026,TIGALAPANKAOS PALU,HENLEY MAMU,HN NAVY PJG L,0,6,0,0,42976,257856,257856
Mar-2026,TIGALAPANKAOS PALU,HENLEY MAMU,HN NAVY PJG L,0,6,0,0,42976,257856,257856
Apr-2026,TIGALAPANKAOS PALU,HENLEY MAMU,HN NAVY PJG L,0,6,0,0,42976,257856,257856
Mei-2026,TIGALAPANKAOS PALU,HENLEY MAMU,HN NAVY PJG L,0,6,0,0,42976,257856,257856
Jun-2026,TIGALAPANKAOS PALU,HENLEY MAMU,HN NAVY PJG L,0,6,0,0,42976,257856,257856
Jul-2026,TIGALAPANKAOS PALU,HENLEY MAMU,HN NAVY PJG L,0,6,0,0,42976,257856,257856
Agu-2026,TIGALAPANKAOS PALU,HENLEY MAMU,HN NAVY PJG L,0,6,0,0,42976,257856,257856
Sep-2026,TIGALAPANKAOS PALU,HENLEY MAMU,HN NAVY PJG L,0,6,0,0,42976,257856,257856
Okt-2026,TIGALAPANKAOS PALU,HENLEY MAMU,HN NAVY PJG L,0,6,0,0,42976,257856,257856
Jan-2026,TIGALAPANKAOS PALU,HENLEY MAMU,HN NAVY PJG M,0,4,0,0,34688,138752,0
Feb-2026,TIGALAPANKAOS PALU,HENLEY MAMU,HN NAVY PJG M,0,4,0,0,34688,138752,138752
Mar-2026,TIGALAPANKAOS PALU,HENLEY MAMU,HN NAVY PJG M,0,4,0,0,34688,138752,138752
Apr-2026,TIGALAPANKAOS PALU,HENLEY MAMU,HN NAVY PJG M,0,4,0,0,34688,138752,138752
Mei-2026,TIGALAPANKAOS PALU,HENLEY MAMU,HN NAVY PJG M,0,4,0,0,34688,138752,138752
Jun-2026,TIGALAPANKAOS PALU,HENLEY MAMU,HN NAVY PJG M,0,4,0,0,34688,138752,138752
Jul-2026,TIGALAPANKAOS PALU,HENLEY MAMU,HN NAVY PJG M,0,4,0,0,34688,138752,138752
Agu-2026,TIGALAPANKAOS PALU,HENLEY MAMU,HN NAVY PJG M,0,4,0,0,34688,138752,138752
Sep-2026,TIGALAPANKAOS PALU,HENLEY MAMU,HN NAVY PJG M,34688,4,0,0,34688,138752,138752
Okt-2026,TIGALAPANKAOS PALU,HENLEY MAMU,HN NAVY PJG M,0,3,0,0,34688,104064,138752
Jan-2026,TIGALAPANKAOS PALU,HENLEY MAMU,HN NAVY PJG S,0,1,0,0,40126,40126,0
Feb-2026,TIGALAPANKAOS PALU,HENLEY MAMU,HN NAVY PJG S,0,1,0,0,40126,40126,40126
Mar-2026,TIGALAPANKAOS PALU,HENLEY MAMU,HN NAVY PJG S,0,1,0,0,40126,40126,40126
Apr-2026,TIGALAPANKAOS PALU,HENLEY MAMU,HN NAVY PJG S,0,1,0,0,40126,40126,40126
Mei-2026,TIGALAPANKAOS PALU,HENLEY MAMU,HN NAVY PJG S,0,1,0,0,40126,40126,40126
Jun-2026,TIGALAPANKAOS PALU,HENLEY MAMU,HN NAVY PJG S,0,1,0,0,40126,40126,40126
Jul-2026,TIGALAPANKAOS PALU,HENLEY MAMU,HN NAVY PJG S,0,1,0,0,40126,40126,40126
Agu-2026,TIGALAPANKAOS PALU,HENLEY MAMU,HN NAVY PJG S,0,1,0,0,40126,40126,40126
Sep-2026,TIGALAPANKAOS PALU,HENLEY MAMU,HN NAVY PJG S,0,1,0,0,40126,40126,40126
Okt-2026,TIGALAPANKAOS PALU,HENLEY MAMU,HN NAVY PJG S,0,1,0,0,40126,40126,40126
Jan-2026,TIGALAPANKAOS PALU,HENLEY MAMU,HN NAVY PJG XL,0,5,0,0,35633,178165,0
Feb-2026,TIGALAPANKAOS PALU,HENLEY MAMU,HN NAVY PJG XL,35633,4,0,0,35633,142532,178165
Mar-2026,TIGALAPANKAOS PALU,HENLEY MAMU,HN NAVY PJG XL,0,4,0,0,35633,142532,142532
Apr-2026,TIGALAPANKAOS PALU,HENLEY MAMU,HN NAVY PJG XL,0,4,0,0,35633,142532,142532
Mei-2026,TIGALAPANKAOS PALU,HENLEY MAMU,HN NAVY PJG XL,0,4,0,0,35633,142532,142532
Jun-2026,TIGALAPANKAOS PALU,HENLEY MAMU,HN NAVY PJG XL,0,4,0,0,35633,142532,142532
Jul-2026,TIGALAPANKAOS PALU,HENLEY MAMU,HN NAVY PJG XL,35633,3,0,0,35633,106899,142532
Agu-2026,TIGALAPANKAOS PALU,HENLEY MAMU,HN NAVY PJG XL,0,3,0,0,35633,106899,106899
Sep-2026,TIGALAPANKAOS PALU,HENLEY MAMU,HN NAVY PJG XL,0,3,0,0,35633,106899,106899
Okt-2026,TIGALAPANKAOS PALU,HENLEY MAMU,HN NAVY PJG XL,0,3,0,0,35633,106899,106899
Jan-2026,TIGALAPANKAOS SAMARINDA,HENLEY MAMU,HN ABU TUA PDK 2XL,0,3,0,0,29589,88767,0
Feb-2026,TIGALAPANKAOS SAMARINDA,HENLEY MAMU,HN ABU TUA PDK 2XL,0,3,0,0,29589,88767,88767
Mar-2026,TIGALAPANKAOS SAMARINDA,HENLEY MAMU,HN ABU TUA PDK 2XL,0,3,0,0,29589,88767,88767
Apr-2026,TIGALAPANKAOS SAMARINDA,HENLEY MAMU,HN ABU TUA PDK 2XL,0,3,0,0,29589,88767,88767
Mei-2026,TIGALAPANKAOS SAMARINDA,HENLEY MAMU,HN ABU TUA PDK 2XL,0,3,0,0,29589,88767,88767
Jun-2026,TIGALAPANKAOS SAMARINDA,HENLEY MAMU,HN ABU TUA PDK 2XL,0,3,0,0,29589,88767,88767
Jul-2026,TIGALAPANKAOS SAMARINDA,HENLEY MAMU,HN ABU TUA PDK 2XL,0,3,0,0,29589,88767,88767
Agu-2026,TIGALAPANKAOS SAMARINDA,HENLEY MAMU,HN ABU TUA PDK 2XL,0,3,0,0,29589,88767,88767
Sep-2026,TIGALAPANKAOS SAMARINDA,HENLEY MAMU,HN ABU TUA PDK 2XL,0,3,0,0,29589,88767,88767
Okt-2026,TIGALAPANKAOS SAMARINDA,HENLEY MAMU,HN ABU TUA PDK 2XL,0,3,0,0,29589,88767,88767
Jan-2026,TIGALAPANKAOS SAMARINDA,HENLEY MAMU,HN ABU TUA PDK L,0,13,0,0,32742,425646,0
Feb-2026,TIGALAPANKAOS SAMARINDA,HENLEY MAMU,HN ABU TUA PDK L,0,13,0,0,32742,425646,425646
Mar-2026,TIGALAPANKAOS SAMARINDA,HENLEY MAMU,HN ABU TUA PDK L,32742,12,0,0,32742,392904,425646
Apr-2026,TIGALAPANKAOS SAMARINDA,HENLEY MAMU,HN ABU TUA PDK L,0,12,0,0,32742,392904,392904
Mei-2026,TIGALAPANKAOS SAMARINDA,HENLEY MAMU,HN ABU TUA PDK L,0,12,0,0,32742,392904,392904
Jun-2026,TIGALAPANKAOS SAMARINDA,HENLEY MAMU,HN ABU TUA PDK L,0,12,0,0,32742,392904,392904
Jul-2026,TIGALAPANKAOS SAMARINDA,HENLEY MAMU,HN ABU TUA PDK L,0,12,0,0,32742,392904,392904
Agu-2026,TIGALAPANKAOS SAMARINDA,HENLEY MAMU,HN ABU TUA PDK L,32742,12,0,0,32742,392904,392904
Sep-2026,TIGALAPANKAOS SAMARINDA,HENLEY MAMU,HN ABU TUA PDK L,0,11,0,0,32742,360162,392904
Okt-2026,TIGALAPANKAOS SAMARINDA,HENLEY MAMU,HN ABU TUA PDK L,0,11,0,0,32742,360162,360162
Jan-2026,TIGALAPANKAOS SAMARINDA,HENLEY MAMU,HN ABU TUA PDK M,0,3,0,0,37522,112566,0
Feb-2026,TIGALAPANKAOS SAMARINDA,HENLEY MAMU,HN ABU TUA PDK M,0,3,0,0,37522,112566,112566
Mar-2026,TIGALAPANKAOS SAMARINDA,HENLEY MAMU,HN ABU TUA PDK M,37522,2,0,0,37522,75044,112566
Apr-2026,TIGALAPANKAOS SAMARINDA,HENLEY MAMU,HN ABU TUA PDK M,0,1,0,0,37522,37522,75044
Mei-2026,TIGALAPANKAOS SAMARINDA,HENLEY MAMU,HN ABU TUA PDK M,37522,0,0,0,37522,0,37522
Jan-2026,TIGALAPANKAOS SAMARINDA,HENLEY MAMU,HN ABU TUA PDK S,0,4,0,0,32181,128724,0
Feb-2026,TIGALAPANKAOS SAMARINDA,HENLEY MAMU,HN ABU TUA PDK S,0,4,0,0,32181,128724,128724
Mar-2026,TIGALAPANKAOS SAMARINDA,HENLEY MAMU,HN ABU TUA PDK S,0,4,0,0,32181,128724,128724
Apr-2026,TIGALAPANKAOS SAMARINDA,HENLEY MAMU,HN ABU TUA PDK S,0,4,0,0,32181,128724,128724
Mei-2026,TIGALAPANKAOS SAMARINDA,HENLEY MAMU,HN ABU TUA PDK S,0,4,0,0,32181,128724,128724
Jun-2026,TIGALAPANKAOS SAMARINDA,HENLEY MAMU,HN ABU TUA PDK S,0,4,0,0,32181,128724,128724
Jul-2026,TIGALAPANKAOS SAMARINDA,HENLEY MAMU,HN ABU TUA PDK S,0,4,0,0,32181,128724,128724
Agu-2026,TIGALAPANKAOS SAMARINDA,HENLEY MAMU,HN ABU TUA PDK S,0,4,0,0,32181,128724,128724
Sep-2026,TIGALAPANKAOS SAMARINDA,HENLEY MAMU,HN ABU TUA PDK S,0,4,0,0,32181,128724,128724
Okt-2026,TIGALAPANKAOS SAMARINDA,HENLEY MAMU,HN ABU TUA PDK S,0,4,0,0,32181,128724,128724
Jan-2026,TIGALAPANKAOS SAMARINDA,HENLEY MAMU,HN ABU TUA PDK XL,0,3,0,0,41355,124065,0
Feb-2026,TIGALAPANKAOS SAMARINDA,HENLEY MAMU,HN ABU TUA PDK XL,0,3,0,0,41355,124065,124065
Mar-2026,TIGALAPANKAOS SAMARINDA,HENLEY MAMU,HN ABU TUA PDK XL,0,3,0,0,41355,124065,124065
Apr-2026,TIGALAPANKAOS SAMARINDA,HENLEY MAMU,HN ABU TUA PDK XL,0,3,0,0,41355,124065,124065
Mei-2026,TIGALAPANKAOS SAMARINDA,HENLEY MAMU,HN ABU TUA PDK XL,0,3,0,0,41355,124065,124065
Jun-2026,TIGALAPANKAOS SAMARINDA,HENLEY MAMU,HN ABU TUA PDK XL,0,3,0,0,41355,124065,124065
Jul-2026,TIGALAPANKAOS SAMARINDA,HENLEY MAMU,HN ABU TUA PDK XL,0,3,0,0,41355,124065,124065
Agu-2026,TIGALAPANKAOS SAMARINDA,HENLEY MAMU,HN ABU TUA PDK XL,0,3,0,0,41355,124065,124065
Sep-2026,TIGALAPANKAOS SAMARINDA,HENLEY MAMU,HN ABU TUA PDK XL,0,3,0,0,41355,124065,124065
Okt-2026,TIGALAPANKAOS SAMARINDA,HENLEY MAMU,HN ABU TUA PDK XL,0,3,0,0,41355,124065,124065
Jan-2026,TIGALAPANKAOS SAMARINDA,HENLEY MAMU,HN ABU TUA PJG L,0,6,0,0,37310,223860,0
Feb-2026,TIGALAPANKAOS SAMARINDA,HENLEY MAMU,HN ABU TUA PJG L,0,6,0,0,37310,223860,223860
Mar-2026,TIGALAPANKAOS SAMARINDA,HENLEY MAMU,HN ABU TUA PJG L,0,6,0,0,37310,223860,223860
Apr-2026,TIGALAPANKAOS SAMARINDA,HENLEY MAMU,HN ABU TUA PJG L,0,6,0,0,37310,223860,223860
Mei-2026,TIGALAPANKAOS SAMARINDA,HENLEY MAMU,HN ABU TUA PJG L,0,6,0,0,37310,223860,223860
Jun-2026,TIGALAPANKAOS SAMARINDA,HENLEY MAMU,HN ABU TUA PJG L,0,6,0,0,37310,223860,223860
Jul-2026,TIGALAPANKAOS SAMARINDA,HENLEY MAMU,HN ABU TUA PJG L,0,6,0,0,37310,223860,223860
Agu-2026,TIGALAPANKAOS SAMARINDA,HENLEY MAMU,HN ABU TUA PJG L,0,6,0,0,37310,223860,223860
Sep-2026,TIGALAPANKAOS SAMARINDA,HENLEY MAMU,HN ABU TUA PJG L,37310,5,0,0,37310,186550,223860
Okt-2026,TIGALAPANKAOS SAMARINDA,HENLEY MAMU,HN ABU TUA PJG L,0,5,0,0,37310,186550,186550
Jan-2026,TIGALAPANKAOS SAMARINDA,HENLEY MAMU,HN ABU TUA PJG M,0,3,0,0,39650,118950,0
Feb-2026,TIGALAPANKAOS SAMARINDA,HENLEY MAMU,HN ABU TUA PJG M,0,3,0,0,39650,118950,118950
Mar-2026,TIGALAPANKAOS SAMARINDA,HENLEY MAMU,HN ABU TUA PJG M,0,3,0,0,39650,118950,118950
Apr-2026,TIGALAPANKAOS SAMARINDA,HENLEY MAMU,HN ABU TUA PJG M,0,3,0,0,39650,118950,118950
Mei-2026,TIGALAPANKAOS SAMARINDA,HENLEY MAMU,HN ABU TUA PJG M,0,3,0,0,39650,118950,118950
Jun-2026,TIGALAPANKAOS SAMARINDA,HENLEY MAMU,HN ABU TUA PJG M,0,3,0,0,39650,118950,118950
Jul-2026,TIGALAPANKAOS SAMARINDA,HENLEY MAMU,HN ABU TUA PJG M,0,3,0,0,39650,118950,118950
Agu-2026,TIGALAPANKAOS SAMARINDA,HENLEY MAMU,HN ABU TUA PJG M,0,3,0,0,39650,118950,118950
Sep-2026,TIGALAPANKAOS SAMARINDA,HENLEY MAMU,HN ABU TUA PJG M,0,3,0,0,39650,118950,118950
Okt-2026,TIGALAPANKAOS SAMARINDA,HENLEY MAMU,HN ABU TUA PJG M,0,3,0,0,39650,118950,118950
Jan-2026,TIGALAPANKAOS SAMARINDA,HENLEY MAMU,HN ABU TUA PJG S,0,1,0,0,37733,37733,0
Feb-2026,TIGALAPANKAOS SAMARINDA,HENLEY MAMU,HN ABU TUA PJG S,0,1,0,0,37733,37733,37733
Mar-2026,TIGALAPANKAOS SAMARINDA,HENLEY MAMU,HN ABU TUA PJG S,0,1,0,0,37733,37733,37733
Apr-2026,TIGALAPANKAOS SAMARINDA,HENLEY MAMU,HN ABU TUA PJG S,0,1,0,0,37733,37733,37733
Mei-2026,TIGALAPANKAOS SAMARINDA,HENLEY MAMU,HN ABU TUA PJG S,0,1,0,0,37733,37733,37733
Jun-2026,TIGALAPANKAOS SAMARINDA,HENLEY MAMU,HN ABU TUA PJG S,0,1,0,0,37733,37733,37733
Jul-2026,TIGALAPANKAOS SAMARINDA,HENLEY MAMU,HN ABU TUA PJG S,0,1,0,0,37733,37733,37733
Agu-2026,TIGALAPANKAOS SAMARINDA,HENLEY MAMU,HN ABU TUA PJG S,0,1,0,0,37733,37733,37733
Sep-2026,TIGALAPANKAOS SAMARINDA,HENLEY MAMU,HN ABU TUA PJG S,0,1,0,0,37733,37733,37733
Okt-2026,TIGALAPANKAOS SAMARINDA,HENLEY MAMU,HN ABU TUA PJG S,0,1,0,0,37733,37733,37733
Jan-2026,TIGALAPANKAOS SAMARINDA,HENLEY MAMU,HN ABU TUA PJG XL,0,4,0,0,42765,171060,0
Feb-2026,TIGALAPANKAOS SAMARINDA,HENLEY MAMU,HN ABU TUA PJG XL,0,4,0,0,42765,171060,171060
Mar-2026,TIGALAPANKAOS SAMARINDA,HENLEY MAMU,HN ABU TUA PJG XL,0,4,0,0,42765,171060,171060
Apr-2026,TIGALAPANKAOS SAMARINDA,HENLEY MAMU,HN ABU TUA PJG XL,0,4,0,0,42765,171060,171060
Mei-2026,TIGALAPANKAOS SAMARINDA,HENLEY MAMU,HN ABU TUA PJG XL,0,4,0,0,42765,171060,171060
Jun-2026,TIGALAPANKAOS SAMARINDA,HENLEY MAMU,HN ABU TUA PJG XL,0,4,0,0,42765,171060,171060
Jul-2026,TIGALAPANKAOS SAMARINDA,HENLEY MAMU,HN ABU TUA PJG XL,0,4,0,0,42765,171060,171060
Agu-2026,TIGALAPANKAOS SAMARINDA,HENLEY MAMU,HN ABU TUA PJG XL,0,4,0,0,42765,171060,171060
Sep-2026,TIGALAPANKAOS SAMARINDA,HENLEY MAMU,HN ABU TUA PJG XL,42765,3,0,0,42765,128295,171060
Okt-2026,TIGALAPANKAOS SAMARINDA,HENLEY MAMU,HN ABU TUA PJG XL,0,3,0,0,42765,128295,128295
Jan-2026,TIGALAPANKAOS SAMARINDA,HENLEY MAMU,HN BEIGE PDK 2XL,0,1,0,0,43600,43600,0
Feb-2026,TIGALAPANKAOS SAMARINDA,HENLEY MAMU,HN BEIGE PDK 2XL,0,1,0,0,43600,43600,43600
Mar-2026,TIGALAPANKAOS SAMARINDA,HENLEY MAMU,HN BEIGE PDK 2XL,0,1,0,0,43600,43600,43600
Apr-2026,TIGALAPANKAOS SAMARINDA,HENLEY MAMU,HN BEIGE PDK 2XL,0,1,0,0,43600,43600,43600
Mei-2026,TIGALAPANKAOS SAMARINDA,HENLEY MAMU,HN BEIGE PDK 2XL,0,1,0,0,43600,43600,43600
Jun-2026,TIGALAPANKAOS SAMARINDA,HENLEY MAMU,HN BEIGE PDK 2XL,0,1,0,0,43600,43600,43600
Jul-2026,TIGALAPANKAOS SAMARINDA,HENLEY MAMU,HN BEIGE PDK 2XL,0,1,0,0,43600,43600,43600
Agu-2026,TIGALAPANKAOS SAMARINDA,HENLEY MAMU,HN BEIGE PDK 2XL,0,1,0,0,43600,43600,43600
Sep-2026,TIGALAPANKAOS SAMARINDA,HENLEY MAMU,HN BEIGE PDK 2XL,0,1,0,0,43600,43600,43600
Okt-2026,TIGALAPANKAOS SAMARINDA,HENLEY MAMU,HN BEIGE PDK 2XL,0,1,0,0,43600,43600,43600
Jan-2026,TIGALAPANKAOS SAMARINDA,HENLEY MAMU,HN BEIGE PDK L,38927,5,0,0,38927,194635,0
Feb-2026,TIGALAPANKAOS SAMARINDA,HENLEY MAMU,HN BEIGE PDK L,0,5,0,0,38927,194635,194635
Mar-2026,TIGALAPANKAOS SAMARINDA,HENLEY MAMU,HN BEIGE PDK L,194635,0,0,0,38927,0,194635
Jan-2026,TIGALAPANKAOS SAMARINDA,HENLEY MAMU,HN BEIGE PDK M,28372,8,0,0,28372,226976,0
Feb-2026,TIGALAPANKAOS SAMARINDA,HENLEY MAMU,HN BEIGE PDK M,0,8,0,0,28372,226976,226976
Mar-2026,TIGALAPANKAOS SAMARINDA,HENLEY MAMU,HN BEIGE PDK M,28372,6,0,0,28372,170232,226976
Apr-2026,TIGALAPANKAOS SAMARINDA,HENLEY MAMU,HN BEIGE PDK M,0,6,0,0,28372,170232,170232
Mei-2026,TIGALAPANKAOS SAMARINDA,HENLEY MAMU,HN BEIGE PDK M,0,6,0,0,28372,170232,170232
Jun-2026,TIGALAPANKAOS SAMARINDA,HENLEY MAMU,HN BEIGE PDK M,0,6,0,0,28372,170232,170232
Jul-2026,TIGALAPANKAOS SAMARINDA,HENLEY MAMU,HN BEIGE PDK M,0,6,0,0,28372,170232,170232
Agu-2026,TIGALAPANKAOS SAMARINDA,HENLEY MAMU,HN BEIGE PDK M,0,6,0,0,28372,170232,170232
Sep-2026,TIGALAPANKAOS SAMARINDA,HENLEY MAMU,HN BEIGE PDK M,0,6,0,0,28372,170232,170232
Okt-2026,TIGALAPANKAOS SAMARINDA,HENLEY MAMU,HN BEIGE PDK M,28372,5,0,0,28372,141860,170232
Jan-2026,TIGALAPANKAOS SAMARINDA,HENLEY MAMU,HN BEIGE PDK S,0,9,0,0,32625,293625,0
Feb-2026,TIGALAPANKAOS SAMARINDA,HENLEY MAMU,HN BEIGE PDK S,0,9,0,0,32625,293625,293625
Mar-2026,TIGALAPANKAOS SAMARINDA,HENLEY MAMU,HN BEIGE PDK S,32625,8,0,0,32625,261000,293625
Apr-2026,TIGALAPANKAOS SAMARINDA,HENLEY MAMU,HN BEIGE PDK S,0,8,0,0,32625,261000,261000
Mei-2026,TIGALAPANKAOS SAMARINDA,HENLEY MAMU,HN BEIGE PDK S,0,8,0,0,32625,261000,261000
Jun-2026,TIGALAPANKAOS SAMARINDA,HENLEY MAMU,HN BEIGE PDK S,0,8,0,0,32625,261000,261000
Jul-2026,TIGALAPANKAOS SAMARINDA,HENLEY MAMU,HN BEIGE PDK S,0,8,0,0,32625,261000,261000
Agu-2026,TIGALAPANKAOS SAMARINDA,HENLEY MAMU,HN BEIGE PDK S,0,8,0,0,32625,261000,261000
Sep-2026,TIGALAPANKAOS SAMARINDA,HENLEY MAMU,HN BEIGE PDK S,0,8,0,0,32625,261000,261000
Okt-2026,TIGALAPANKAOS SAMARINDA,HENLEY MAMU,HN BEIGE PDK S,0,8,0,0,32625,261000,261000
Jan-2026,TIGALAPANKAOS SAMARINDA,HENLEY MAMU,HN BEIGE PDK XL,0,12,0,0,30948,371376,0
Feb-2026,TIGALAPANKAOS SAMARINDA,HENLEY MAMU,HN BEIGE PDK XL,0,12,0,0,30948,371376,371376
Mar-2026,TIGALAPANKAOS SAMARINDA,HENLEY MAMU,HN BEIGE PDK XL,0,12,0,0,30948,371376,371376
Apr-2026,TIGALAPANKAOS SAMARINDA,HENLEY MAMU,HN BEIGE PDK XL,0,12,0,0,30948,371376,371376
Mei-2026,TIGALAPANKAOS SAMARINDA,HENLEY MAMU,HN BEIGE PDK XL,0,12,0,0,30948,371376,371376
Jun-2026,TIGALAPANKAOS SAMARINDA,HENLEY MAMU,HN BEIGE PDK XL,0,12,0,0,30948,371376,371376
Jul-2026,TIGALAPANKAOS SAMARINDA,HENLEY MAMU,HN BEIGE PDK XL,0,12,0,0,30948,371376,371376
Agu-2026,TIGALAPANKAOS SAMARINDA,HENLEY MAMU,HN BEIGE PDK XL,30948,11,0,0,30948,340428,371376
Sep-2026,TIGALAPANKAOS SAMARINDA,HENLEY MAMU,HN BEIGE PDK XL,0,11,0,0,30948,340428,340428
Okt-2026,TIGALAPANKAOS SAMARINDA,HENLEY MAMU,HN BEIGE PDK XL,0,11,0,0,30948,340428,340428
Jan-2026,TIGALAPANKAOS SAMARINDA,HENLEY MAMU,HN BEIGE PJG L,0,4,0,0,39109,156436,0
Feb-2026,TIGALAPANKAOS SAMARINDA,HENLEY MAMU,HN BEIGE PJG L,0,4,0,0,39109,156436,156436
Mar-2026,TIGALAPANKAOS SAMARINDA,HENLEY MAMU,HN BEIGE PJG L,0,4,0,0,39109,156436,156436
Apr-2026,TIGALAPANKAOS SAMARINDA,HENLEY MAMU,HN BEIGE PJG L,0,4,0,0,39109,156436,156436
Mei-2026,TIGALAPANKAOS SAMARINDA,HENLEY MAMU,HN BEIGE PJG L,0,4,0,0,39109,156436,156436
Jun-2026,TIGALAPANKAOS SAMARINDA,HENLEY MAMU,HN BEIGE PJG L,0,4,0,0,39109,156436,156436
Jul-2026,TIGALAPANKAOS SAMARINDA,HENLEY MAMU,HN BEIGE PJG L,0,4,0,0,39109,156436,156436
Agu-2026,TIGALAPANKAOS SAMARINDA,HENLEY MAMU,HN BEIGE PJG L,0,4,0,0,39109,156436,156436
Sep-2026,TIGALAPANKAOS SAMARINDA,HENLEY MAMU,HN BEIGE PJG L,0,4,0,0,39109,156436,156436
Okt-2026,TIGALAPANKAOS SAMARINDA,HENLEY MAMU,HN BEIGE PJG L,0,4,0,0,39109,156436,156436
Jan-2026,TIGALAPANKAOS SAMARINDA,HENLEY MAMU,HN BEIGE PJG M,0,4,0,0,35981,143924,0
Feb-2026,TIGALAPANKAOS SAMARINDA,HENLEY MAMU,HN BEIGE PJG M,0,4,0,0,35981,143924,143924
Mar-2026,TIGALAPANKAOS SAMARINDA,HENLEY MAMU,HN BEIGE PJG M,0,5,0,0,35981,179905,143924
Apr-2026,TIGALAPANKAOS SAMARINDA,HENLEY MAMU,HN BEIGE PJG M,0,5,0,0,35981,179905,179905
Mei-2026,TIGALAPANKAOS SAMARINDA,HENLEY MAMU,HN BEIGE PJG M,0,5,0,0,35981,179905,179905
Jun-2026,TIGALAPANKAOS SAMARINDA,HENLEY MAMU,HN BEIGE PJG M,0,5,0,0,35981,179905,179905
Jul-2026,TIGALAPANKAOS SAMARINDA,HENLEY MAMU,HN BEIGE PJG M,0,5,0,0,35981,179905,179905
Agu-2026,TIGALAPANKAOS SAMARINDA,HENLEY MAMU,HN BEIGE PJG M,0,5,0,0,35981,179905,179905
Sep-2026,TIGALAPANKAOS SAMARINDA,HENLEY MAMU,HN BEIGE PJG M,0,5,0,0,35981,179905,179905
Okt-2026,TIGALAPANKAOS SAMARINDA,HENLEY MAMU,HN BEIGE PJG M,0,5,0,0,35981,179905,179905
Jan-2026,TIGALAPANKAOS SAMARINDA,HENLEY MAMU,HN BEIGE PJG XL,0,5,0,0,36128,180640,0
Feb-2026,TIGALAPANKAOS SAMARINDA,HENLEY MAMU,HN BEIGE PJG XL,0,5,0,0,36128,180640,180640
Mar-2026,TIGALAPANKAOS SAMARINDA,HENLEY MAMU,HN BEIGE PJG XL,0,5,0,0,36128,180640,180640
Apr-2026,TIGALAPANKAOS SAMARINDA,HENLEY MAMU,HN BEIGE PJG XL,0,5,0,0,36128,180640,180640
Mei-2026,TIGALAPANKAOS SAMARINDA,HENLEY MAMU,HN BEIGE PJG XL,0,5,0,0,36128,180640,180640
Jun-2026,TIGALAPANKAOS SAMARINDA,HENLEY MAMU,HN BEIGE PJG XL,0,5,0,0,36128,180640,180640
Jul-2026,TIGALAPANKAOS SAMARINDA,HENLEY MAMU,HN BEIGE PJG XL,0,5,0,0,36128,180640,180640
Agu-2026,TIGALAPANKAOS SAMARINDA,HENLEY MAMU,HN BEIGE PJG XL,0,5,0,0,36128,180640,180640
Sep-2026,TIGALAPANKAOS SAMARINDA,HENLEY MAMU,HN BEIGE PJG XL,0,5,0,0,36128,180640,180640
Okt-2026,TIGALAPANKAOS SAMARINDA,HENLEY MAMU,HN BEIGE PJG XL,0,5,0,0,36128,180640,180640
Jan-2026,TIGALAPANKAOS SAMARINDA,HENLEY MAMU,HN JET BLACK PDK 2XL,0,5,0,0,55295,276475,0
Feb-2026,TIGALAPANKAOS SAMARINDA,HENLEY MAMU,HN JET BLACK PDK 2XL,0,5,0,0,55295,276475,276475
Mar-2026,TIGALAPANKAOS SAMARINDA,HENLEY MAMU,HN JET BLACK PDK 2XL,0,5,0,0,55295,276475,276475
Apr-2026,TIGALAPANKAOS SAMARINDA,HENLEY MAMU,HN JET BLACK PDK 2XL,0,5,0,0,55295,276475,276475
Mei-2026,TIGALAPANKAOS SAMARINDA,HENLEY MAMU,HN JET BLACK PDK 2XL,55295,4,0,0,55295,221180,276475
Jun-2026,TIGALAPANKAOS SAMARINDA,HENLEY MAMU,HN JET BLACK PDK 2XL,110590,2,0,0,55295,110590,221180
Jul-2026,TIGALAPANKAOS SAMARINDA,HENLEY MAMU,HN JET BLACK PDK 2XL,55295,1,0,0,55295,55295,110590
Agu-2026,TIGALAPANKAOS SAMARINDA,HENLEY MAMU,HN JET BLACK PDK 2XL,55295,0,0,0,55295,0,55295
Jan-2026,TIGALAPANKAOS SAMARINDA,HENLEY MAMU,HN JET BLACK PDK L,0,20,0,0,32386,647720,0
Feb-2026,TIGALAPANKAOS SAMARINDA,HENLEY MAMU,HN JET BLACK PDK L,0,20,0,0,32386,647720,647720
Mar-2026,TIGALAPANKAOS SAMARINDA,HENLEY MAMU,HN JET BLACK PDK L,0,20,0,0,32386,647720,647720
Apr-2026,TIGALAPANKAOS SAMARINDA,HENLEY MAMU,HN JET BLACK PDK L,0,20,0,0,32386,647720,647720
Mei-2026,TIGALAPANKAOS SAMARINDA,HENLEY MAMU,HN JET BLACK PDK L,0,20,0,0,32386,647720,647720
Jun-2026,TIGALAPANKAOS SAMARINDA,HENLEY MAMU,HN JET BLACK PDK L,32386,19,0,0,32386,615334,647720
Jul-2026,TIGALAPANKAOS SAMARINDA,HENLEY MAMU,HN JET BLACK PDK L,32386,19,0,0,32386,615334,615334
Agu-2026,TIGALAPANKAOS SAMARINDA,HENLEY MAMU,HN JET BLACK PDK L,32386,17,0,0,32386,550562,615334
Sep-2026,TIGALAPANKAOS SAMARINDA,HENLEY MAMU,HN JET BLACK PDK L,0,17,0,0,32386,550562,550562
Okt-2026,TIGALAPANKAOS SAMARINDA,HENLEY MAMU,HN JET BLACK PDK L,0,17,0,0,32386,550562,550562
Jan-2026,TIGALAPANKAOS SAMARINDA,HENLEY MAMU,HN JET BLACK PDK M,0,13,0,0,39781,517153,0
Feb-2026,TIGALAPANKAOS SAMARINDA,HENLEY MAMU,HN JET BLACK PDK M,0,13,0,0,39781,517153,517153
Mar-2026,TIGALAPANKAOS SAMARINDA,HENLEY MAMU,HN JET BLACK PDK M,119343,10,0,0,39781,397810,517153
Apr-2026,TIGALAPANKAOS SAMARINDA,HENLEY MAMU,HN JET BLACK PDK M,0,10,0,0,39781,397810,397810
Mei-2026,TIGALAPANKAOS SAMARINDA,HENLEY MAMU,HN JET BLACK PDK M,79562,8,0,0,39781,318248,397810
Jun-2026,TIGALAPANKAOS SAMARINDA,HENLEY MAMU,HN JET BLACK PDK M,0,8,0,0,39781,318248,318248
Jul-2026,TIGALAPANKAOS SAMARINDA,HENLEY MAMU,HN JET BLACK PDK M,0,8,0,0,39781,318248,318248
Agu-2026,TIGALAPANKAOS SAMARINDA,HENLEY MAMU,HN JET BLACK PDK M,0,8,0,0,39781,318248,318248
Sep-2026,TIGALAPANKAOS SAMARINDA,HENLEY MAMU,HN JET BLACK PDK M,0,8,0,0,39781,318248,318248
Okt-2026,TIGALAPANKAOS SAMARINDA,HENLEY MAMU,HN JET BLACK PDK M,0,8,0,0,39781,318248,318248
Jan-2026,TIGALAPANKAOS SAMARINDA,HENLEY MAMU,HN JET BLACK PDK S,0,11,0,0,31317,344487,0
Feb-2026,TIGALAPANKAOS SAMARINDA,HENLEY MAMU,HN JET BLACK PDK S,0,11,0,0,31317,344487,344487
Mar-2026,TIGALAPANKAOS SAMARINDA,HENLEY MAMU,HN JET BLACK PDK S,0,11,0,0,31317,344487,344487
Apr-2026,TIGALAPANKAOS SAMARINDA,HENLEY MAMU,HN JET BLACK PDK S,0,11,0,0,31317,344487,344487
Mei-2026,TIGALAPANKAOS SAMARINDA,HENLEY MAMU,HN JET BLACK PDK S,0,11,0,0,31317,344487,344487
Jun-2026,TIGALAPANKAOS SAMARINDA,HENLEY MAMU,HN JET BLACK PDK S,31317,10,0,0,31317,313170,344487
Jul-2026,TIGALAPANKAOS SAMARINDA,HENLEY MAMU,HN JET BLACK PDK S,0,9,0,0,31317,281853,313170
Agu-2026,TIGALAPANKAOS SAMARINDA,HENLEY MAMU,HN JET BLACK PDK S,0,9,0,0,31317,281853,281853
Sep-2026,TIGALAPANKAOS SAMARINDA,HENLEY MAMU,HN JET BLACK PDK S,0,9,0,0,31317,281853,281853
Okt-2026,TIGALAPANKAOS SAMARINDA,HENLEY MAMU,HN JET BLACK PDK S,0,9,0,0,31317,281853,281853
Jan-2026,TIGALAPANKAOS SAMARINDA,HENLEY MAMU,HN JET BLACK PDK XL,0,15,0,0,31189,467835,0
Feb-2026,TIGALAPANKAOS SAMARINDA,HENLEY MAMU,HN JET BLACK PDK XL,0,15,0,0,31189,467835,467835
Mar-2026,TIGALAPANKAOS SAMARINDA,HENLEY MAMU,HN JET BLACK PDK XL,0,15,0,0,31189,467835,467835
Apr-2026,TIGALAPANKAOS SAMARINDA,HENLEY MAMU,HN JET BLACK PDK XL,0,15,0,0,31189,467835,467835
Mei-2026,TIGALAPANKAOS SAMARINDA,HENLEY MAMU,HN JET BLACK PDK XL,31189,14,0,0,31189,436646,467835
Jun-2026,TIGALAPANKAOS SAMARINDA,HENLEY MAMU,HN JET BLACK PDK XL,0,14,0,0,31189,436646,436646
Jul-2026,TIGALAPANKAOS SAMARINDA,HENLEY MAMU,HN JET BLACK PDK XL,31189,13,0,0,31189,405457,436646
Agu-2026,TIGALAPANKAOS SAMARINDA,HENLEY MAMU,HN JET BLACK PDK XL,31189,12,0,0,31189,374268,405457
Sep-2026,TIGALAPANKAOS SAMARINDA,HENLEY MAMU,HN JET BLACK PDK XL,31189,11,0,0,31189,343079,374268
Okt-2026,TIGALAPANKAOS SAMARINDA,HENLEY MAMU,HN JET BLACK PDK XL,0,11,0,0,31189,343079,343079
Jan-2026,TIGALAPANKAOS SAMARINDA,HENLEY MAMU,HN JET BLACK PJG 2XL,0,1,0,0,39314,39314,0
Feb-2026,TIGALAPANKAOS SAMARINDA,HENLEY MAMU,HN JET BLACK PJG 2XL,0,1,0,0,39314,39314,39314
Mar-2026,TIGALAPANKAOS SAMARINDA,HENLEY MAMU,HN JET BLACK PJG 2XL,0,1,0,0,39314,39314,39314
Apr-2026,TIGALAPANKAOS SAMARINDA,HENLEY MAMU,HN JET BLACK PJG 2XL,0,1,0,0,39314,39314,39314
Mei-2026,TIGALAPANKAOS SAMARINDA,HENLEY MAMU,HN JET BLACK PJG 2XL,39314,0,0,0,39314,0,39314
Jan-2026,TIGALAPANKAOS SAMARINDA,HENLEY MAMU,HN JET BLACK PJG L,0,14,0,0,39673,555422,0
Feb-2026,TIGALAPANKAOS SAMARINDA,HENLEY MAMU,HN JET BLACK PJG L,0,14,0,0,39673,555422,555422
Mar-2026,TIGALAPANKAOS SAMARINDA,HENLEY MAMU,HN JET BLACK PJG L,39673,13,0,0,39673,515749,555422
Apr-2026,TIGALAPANKAOS SAMARINDA,HENLEY MAMU,HN JET BLACK PJG L,0,13,0,0,39673,515749,515749
Mei-2026,TIGALAPANKAOS SAMARINDA,HENLEY MAMU,HN JET BLACK PJG L,0,13,0,0,39673,515749,515749
Jun-2026,TIGALAPANKAOS SAMARINDA,HENLEY MAMU,HN JET BLACK PJG L,79346,11,0,0,39673,436403,515749
Jul-2026,TIGALAPANKAOS SAMARINDA,HENLEY MAMU,HN JET BLACK PJG L,0,11,0,0,39673,436403,436403
Agu-2026,TIGALAPANKAOS SAMARINDA,HENLEY MAMU,HN JET BLACK PJG L,39673,10,0,0,39673,396730,436403
Sep-2026,TIGALAPANKAOS SAMARINDA,HENLEY MAMU,HN JET BLACK PJG L,39673,9,0,0,39673,357057,396730
Okt-2026,TIGALAPANKAOS SAMARINDA,HENLEY MAMU,HN JET BLACK PJG L,0,9,0,0,39673,357057,357057
Jan-2026,TIGALAPANKAOS SAMARINDA,HENLEY MAMU,HN JET BLACK PJG M,0,12,0,0,39784,477408,0
Feb-2026,TIGALAPANKAOS SAMARINDA,HENLEY MAMU,HN JET BLACK PJG M,0,12,0,0,39784,477408,477408
Mar-2026,TIGALAPANKAOS SAMARINDA,HENLEY MAMU,HN JET BLACK PJG M,0,12,0,0,39784,477408,477408
Apr-2026,TIGALAPANKAOS SAMARINDA,HENLEY MAMU,HN JET BLACK PJG M,39784,12,0,0,39784,477408,477408
Mei-2026,TIGALAPANKAOS SAMARINDA,HENLEY MAMU,HN JET BLACK PJG M,0,11,0,0,39784,437624,477408
Jun-2026,TIGALAPANKAOS SAMARINDA,HENLEY MAMU,HN JET BLACK PJG M,0,11,0,0,39784,437624,437624
Jul-2026,TIGALAPANKAOS SAMARINDA,HENLEY MAMU,HN JET BLACK PJG M,0,11,0,0,39784,437624,437624
Agu-2026,TIGALAPANKAOS SAMARINDA,HENLEY MAMU,HN JET BLACK PJG M,39784,11,0,0,39784,437624,437624
Sep-2026,TIGALAPANKAOS SAMARINDA,HENLEY MAMU,HN JET BLACK PJG M,0,10,0,0,39784,397840,437624
Okt-2026,TIGALAPANKAOS SAMARINDA,HENLEY MAMU,HN JET BLACK PJG M,0,10,0,0,39784,397840,397840
Jan-2026,TIGALAPANKAOS SAMARINDA,HENLEY MAMU,HN JET BLACK PJG S,0,4,0,0,50581,202324,0
Feb-2026,TIGALAPANKAOS SAMARINDA,HENLEY MAMU,HN JET BLACK PJG S,0,4,0,0,50581,202324,202324
Mar-2026,TIGALAPANKAOS SAMARINDA,HENLEY MAMU,HN JET BLACK PJG S,0,4,0,0,50581,202324,202324
Apr-2026,TIGALAPANKAOS SAMARINDA,HENLEY MAMU,HN JET BLACK PJG S,0,4,0,0,50581,202324,202324
Mei-2026,TIGALAPANKAOS SAMARINDA,HENLEY MAMU,HN JET BLACK PJG S,50581,3,0,0,50581,151743,202324
Jun-2026,TIGALAPANKAOS SAMARINDA,HENLEY MAMU,HN JET BLACK PJG S,0,3,0,0,50581,151743,151743
Jul-2026,TIGALAPANKAOS SAMARINDA,HENLEY MAMU,HN JET BLACK PJG S,0,3,0,0,50581,151743,151743
Agu-2026,TIGALAPANKAOS SAMARINDA,HENLEY MAMU,HN JET BLACK PJG S,50581,2,0,0,50581,101162,151743
Sep-2026,TIGALAPANKAOS SAMARINDA,HENLEY MAMU,HN JET BLACK PJG S,0,2,0,0,50581,101162,101162
Okt-2026,TIGALAPANKAOS SAMARINDA,HENLEY MAMU,HN JET BLACK PJG S,0,2,0,0,50581,101162,101162
Jan-2026,TIGALAPANKAOS SAMARINDA,HENLEY MAMU,HN JET BLACK PJG XL,0,9,0,0,42281,380529,0
Feb-2026,TIGALAPANKAOS SAMARINDA,HENLEY MAMU,HN JET BLACK PJG XL,0,9,0,0,42281,380529,380529
Mar-2026,TIGALAPANKAOS SAMARINDA,HENLEY MAMU,HN JET BLACK PJG XL,0,9,0,0,42281,380529,380529
Apr-2026,TIGALAPANKAOS SAMARINDA,HENLEY MAMU,HN JET BLACK PJG XL,0,9,0,0,42281,380529,380529
Mei-2026,TIGALAPANKAOS SAMARINDA,HENLEY MAMU,HN JET BLACK PJG XL,42281,8,0,0,42281,338248,380529
Jun-2026,TIGALAPANKAOS SAMARINDA,HENLEY MAMU,HN JET BLACK PJG XL,0,8,0,0,42281,338248,338248
Jul-2026,TIGALAPANKAOS SAMARINDA,HENLEY MAMU,HN JET BLACK PJG XL,0,8,0,0,42281,338248,338248
Agu-2026,TIGALAPANKAOS SAMARINDA,HENLEY MAMU,HN JET BLACK PJG XL,0,8,0,0,42281,338248,338248
Sep-2026,TIGALAPANKAOS SAMARINDA,HENLEY MAMU,HN JET BLACK PJG XL,0,8,0,0,42281,338248,338248
Okt-2026,TIGALAPANKAOS SAMARINDA,HENLEY MAMU,HN JET BLACK PJG XL,42281,8,0,0,42281,338248,338248
Jan-2026,TIGALAPANKAOS SAMARINDA,HENLEY MAMU,HN MAPLE BROWN PDK 2XL,0,3,0,0,51519,154557,0
Feb-2026,TIGALAPANKAOS SAMARINDA,HENLEY MAMU,HN MAPLE BROWN PDK 2XL,0,3,0,0,51519,154557,154557
Mar-2026,TIGALAPANKAOS SAMARINDA,HENLEY MAMU,HN MAPLE BROWN PDK 2XL,0,3,0,0,51519,154557,154557
Apr-2026,TIGALAPANKAOS SAMARINDA,HENLEY MAMU,HN MAPLE BROWN PDK 2XL,0,3,0,0,51519,154557,154557
Mei-2026,TIGALAPANKAOS SAMARINDA,HENLEY MAMU,HN MAPLE BROWN PDK 2XL,0,3,0,0,51519,154557,154557
Jun-2026,TIGALAPANKAOS SAMARINDA,HENLEY MAMU,HN MAPLE BROWN PDK 2XL,0,3,0,0,51519,154557,154557
Jul-2026,TIGALAPANKAOS SAMARINDA,HENLEY MAMU,HN MAPLE BROWN PDK 2XL,0,3,0,0,51519,154557,154557
Agu-2026,TIGALAPANKAOS SAMARINDA,HENLEY MAMU,HN MAPLE BROWN PDK 2XL,0,3,0,0,51519,154557,154557
Sep-2026,TIGALAPANKAOS SAMARINDA,HENLEY MAMU,HN MAPLE BROWN PDK 2XL,0,3,0,0,51519,154557,154557
Okt-2026,TIGALAPANKAOS SAMARINDA,HENLEY MAMU,HN MAPLE BROWN PDK 2XL,51519,2,0,0,51519,103038,154557
Jan-2026,TIGALAPANKAOS SAMARINDA,HENLEY MAMU,HN MAPLE BROWN PDK L,52022,8,0,0,52022,416176,0
Feb-2026,TIGALAPANKAOS SAMARINDA,HENLEY MAMU,HN MAPLE BROWN PDK L,0,8,0,0,52022,416176,416176
Mar-2026,TIGALAPANKAOS SAMARINDA,HENLEY MAMU,HN MAPLE BROWN PDK L,52022,6,0,0,52022,312132,416176
Apr-2026,TIGALAPANKAOS SAMARINDA,HENLEY MAMU,HN MAPLE BROWN PDK L,0,6,0,0,52022,312132,312132
Mei-2026,TIGALAPANKAOS SAMARINDA,HENLEY MAMU,HN MAPLE BROWN PDK L,0,6,0,0,52022,312132,312132
Jun-2026,TIGALAPANKAOS SAMARINDA,HENLEY MAMU,HN MAPLE BROWN PDK L,52022,5,0,0,52022,260110,312132
Jul-2026,TIGALAPANKAOS SAMARINDA,HENLEY MAMU,HN MAPLE BROWN PDK L,0,5,0,0,52022,260110,260110
Agu-2026,TIGALAPANKAOS SAMARINDA,HENLEY MAMU,HN MAPLE BROWN PDK L,52022,4,0,0,52022,208088,260110
Sep-2026,TIGALAPANKAOS SAMARINDA,HENLEY MAMU,HN MAPLE BROWN PDK L,0,4,0,0,52022,208088,208088
Okt-2026,TIGALAPANKAOS SAMARINDA,HENLEY MAMU,HN MAPLE BROWN PDK L,0,4,0,0,52022,208088,208088
Jan-2026,TIGALAPANKAOS SAMARINDA,HENLEY MAMU,HN MAPLE BROWN PDK M,0,17,0,0,20459,347803,0
Feb-2026,TIGALAPANKAOS SAMARINDA,HENLEY MAMU,HN MAPLE BROWN PDK M,0,17,0,0,20459,347803,347803
Mar-2026,TIGALAPANKAOS SAMARINDA,HENLEY MAMU,HN MAPLE BROWN PDK M,0,17,0,0,20459,347803,347803
Apr-2026,TIGALAPANKAOS SAMARINDA,HENLEY MAMU,HN MAPLE BROWN PDK M,0,17,0,0,20459,347803,347803
Mei-2026,TIGALAPANKAOS SAMARINDA,HENLEY MAMU,HN MAPLE BROWN PDK M,0,17,0,0,20459,347803,347803
Jun-2026,TIGALAPANKAOS SAMARINDA,HENLEY MAMU,HN MAPLE BROWN PDK M,0,17,0,0,20459,347803,347803
Jul-2026,TIGALAPANKAOS SAMARINDA,HENLEY MAMU,HN MAPLE BROWN PDK M,0,17,0,0,20459,347803,347803
Agu-2026,TIGALAPANKAOS SAMARINDA,HENLEY MAMU,HN MAPLE BROWN PDK M,0,17,0,0,20459,347803,347803
Sep-2026,TIGALAPANKAOS SAMARINDA,HENLEY MAMU,HN MAPLE BROWN PDK M,0,17,0,0,20459,347803,347803
Okt-2026,TIGALAPANKAOS SAMARINDA,HENLEY MAMU,HN MAPLE BROWN PDK M,0,17,0,0,20459,347803,347803
Jan-2026,TIGALAPANKAOS SAMARINDA,HENLEY MAMU,HN MAPLE BROWN PDK S,0,1,0,0,34095,34095,0
Feb-2026,TIGALAPANKAOS SAMARINDA,HENLEY MAMU,HN MAPLE BROWN PDK S,0,1,0,0,34095,34095,34095
Mar-2026,TIGALAPANKAOS SAMARINDA,HENLEY MAMU,HN MAPLE BROWN PDK S,0,1,0,0,34095,34095,34095
Apr-2026,TIGALAPANKAOS SAMARINDA,HENLEY MAMU,HN MAPLE BROWN PDK S,0,1,0,0,34095,34095,34095
Mei-2026,TIGALAPANKAOS SAMARINDA,HENLEY MAMU,HN MAPLE BROWN PDK S,0,1,0,0,34095,34095,34095
Jun-2026,TIGALAPANKAOS SAMARINDA,HENLEY MAMU,HN MAPLE BROWN PDK S,0,1,0,0,34095,34095,34095
Jul-2026,TIGALAPANKAOS SAMARINDA,HENLEY MAMU,HN MAPLE BROWN PDK S,0,1,0,0,34095,34095,34095
Agu-2026,TIGALAPANKAOS SAMARINDA,HENLEY MAMU,HN MAPLE BROWN PDK S,0,1,0,0,34095,34095,34095
Sep-2026,TIGALAPANKAOS SAMARINDA,HENLEY MAMU,HN MAPLE BROWN PDK S,0,1,0,0,34095,34095,34095
Okt-2026,TIGALAPANKAOS SAMARINDA,HENLEY MAMU,HN MAPLE BROWN PDK S,0,1,0,0,34095,34095,34095
Jan-2026,TIGALAPANKAOS SAMARINDA,HENLEY MAMU,HN MAPLE BROWN PDK XL,0,3,0,0,47951,143853,0
Feb-2026,TIGALAPANKAOS SAMARINDA,HENLEY MAMU,HN MAPLE BROWN PDK XL,0,3,0,0,47951,143853,143853
Mar-2026,TIGALAPANKAOS SAMARINDA,HENLEY MAMU,HN MAPLE BROWN PDK XL,47951,2,0,0,47951,95902,143853
Apr-2026,TIGALAPANKAOS SAMARINDA,HENLEY MAMU,HN MAPLE BROWN PDK XL,0,2,0,0,47951,95902,95902
Mei-2026,TIGALAPANKAOS SAMARINDA,HENLEY MAMU,HN MAPLE BROWN PDK XL,0,2,0,0,47951,95902,95902
Jun-2026,TIGALAPANKAOS SAMARINDA,HENLEY MAMU,HN MAPLE BROWN PDK XL,47951,1,0,0,47951,47951,95902
Jul-2026,TIGALAPANKAOS SAMARINDA,HENLEY MAMU,HN MAPLE BROWN PDK XL,0,1,0,0,47951,47951,47951
Agu-2026,TIGALAPANKAOS SAMARINDA,HENLEY MAMU,HN MAPLE BROWN PDK XL,0,1,0,0,47951,47951,47951
Sep-2026,TIGALAPANKAOS SAMARINDA,HENLEY MAMU,HN MAPLE BROWN PDK XL,0,1,0,0,47951,47951,47951
Okt-2026,TIGALAPANKAOS SAMARINDA,HENLEY MAMU,HN MAPLE BROWN PDK XL,0,1,0,0,47951,47951,47951
Jan-2026,TIGALAPANKAOS SAMARINDA,HENLEY MAMU,HN MAPLE BROWN PJG L,0,6,0,0,38707,232242,0
Feb-2026,TIGALAPANKAOS SAMARINDA,HENLEY MAMU,HN MAPLE BROWN PJG L,0,6,0,0,38707,232242,232242
Mar-2026,TIGALAPANKAOS SAMARINDA,HENLEY MAMU,HN MAPLE BROWN PJG L,0,6,0,0,38707,232242,232242
Apr-2026,TIGALAPANKAOS SAMARINDA,HENLEY MAMU,HN MAPLE BROWN PJG L,0,6,0,0,38707,232242,232242
Mei-2026,TIGALAPANKAOS SAMARINDA,HENLEY MAMU,HN MAPLE BROWN PJG L,0,6,0,0,38707,232242,232242
Jun-2026,TIGALAPANKAOS SAMARINDA,HENLEY MAMU,HN MAPLE BROWN PJG L,0,6,0,0,38707,232242,232242
Jul-2026,TIGALAPANKAOS SAMARINDA,HENLEY MAMU,HN MAPLE BROWN PJG L,0,6,0,0,38707,232242,232242
Agu-2026,TIGALAPANKAOS SAMARINDA,HENLEY MAMU,HN MAPLE BROWN PJG L,0,6,0,0,38707,232242,232242
Sep-2026,TIGALAPANKAOS SAMARINDA,HENLEY MAMU,HN MAPLE BROWN PJG L,0,6,0,0,38707,232242,232242
Okt-2026,TIGALAPANKAOS SAMARINDA,HENLEY MAMU,HN MAPLE BROWN PJG L,0,6,0,0,38707,232242,232242
Jan-2026,TIGALAPANKAOS SAMARINDA,HENLEY MAMU,HN MAPLE BROWN PJG M,0,6,0,0,31325,187950,0
Feb-2026,TIGALAPANKAOS SAMARINDA,HENLEY MAMU,HN MAPLE BROWN PJG M,0,6,0,0,31325,187950,187950
Mar-2026,TIGALAPANKAOS SAMARINDA,HENLEY MAMU,HN MAPLE BROWN PJG M,0,6,0,0,31325,187950,187950
Apr-2026,TIGALAPANKAOS SAMARINDA,HENLEY MAMU,HN MAPLE BROWN PJG M,0,6,0,0,31325,187950,187950
Mei-2026,TIGALAPANKAOS SAMARINDA,HENLEY MAMU,HN MAPLE BROWN PJG M,0,6,0,0,31325,187950,187950
Jun-2026,TIGALAPANKAOS SAMARINDA,HENLEY MAMU,HN MAPLE BROWN PJG M,0,6,0,0,31325,187950,187950
Jul-2026,TIGALAPANKAOS SAMARINDA,HENLEY MAMU,HN MAPLE BROWN PJG M,31325,6,0,0,31325,187950,187950
Agu-2026,TIGALAPANKAOS SAMARINDA,HENLEY MAMU,HN MAPLE BROWN PJG M,0,5,0,0,31325,156625,187950
Sep-2026,TIGALAPANKAOS SAMARINDA,HENLEY MAMU,HN MAPLE BROWN PJG M,0,5,0,0,31325,156625,156625
Okt-2026,TIGALAPANKAOS SAMARINDA,HENLEY MAMU,HN MAPLE BROWN PJG M,31325,4,0,0,31325,125300,156625
Jan-2026,TIGALAPANKAOS SAMARINDA,HENLEY MAMU,HN MAPLE BROWN PJG XL,0,1,0,0,75712,75712,0
Feb-2026,TIGALAPANKAOS SAMARINDA,HENLEY MAMU,HN MAPLE BROWN PJG XL,0,1,0,0,75712,75712,75712
Mar-2026,TIGALAPANKAOS SAMARINDA,HENLEY MAMU,HN MAPLE BROWN PJG XL,0,1,0,0,75712,75712,75712
Apr-2026,TIGALAPANKAOS SAMARINDA,HENLEY MAMU,HN MAPLE BROWN PJG XL,0,1,0,0,75712,75712,75712
Mei-2026,TIGALAPANKAOS SAMARINDA,HENLEY MAMU,HN MAPLE BROWN PJG XL,0,1,0,0,75712,75712,75712
Jun-2026,TIGALAPANKAOS SAMARINDA,HENLEY MAMU,HN MAPLE BROWN PJG XL,0,1,0,0,75712,75712,75712
Jul-2026,TIGALAPANKAOS SAMARINDA,HENLEY MAMU,HN MAPLE BROWN PJG XL,0,1,0,0,75712,75712,75712
Agu-2026,TIGALAPANKAOS SAMARINDA,HENLEY MAMU,HN MAPLE BROWN PJG XL,75712,0,0,0,75712,0,75712
Jan-2026,TIGALAPANKAOS SAMARINDA,HENLEY MAMU,HN NAVY PDK 2XL,0,4,0,0,42452,169808,0
Feb-2026,TIGALAPANKAOS SAMARINDA,HENLEY MAMU,HN NAVY PDK 2XL,0,4,0,0,42452,169808,169808
Mar-2026,TIGALAPANKAOS SAMARINDA,HENLEY MAMU,HN NAVY PDK 2XL,0,4,0,0,42452,169808,169808
Apr-2026,TIGALAPANKAOS SAMARINDA,HENLEY MAMU,HN NAVY PDK 2XL,0,4,0,0,42452,169808,169808
Mei-2026,TIGALAPANKAOS SAMARINDA,HENLEY MAMU,HN NAVY PDK 2XL,42452,3,0,0,42452,127356,169808
Jun-2026,TIGALAPANKAOS SAMARINDA,HENLEY MAMU,HN NAVY PDK 2XL,0,3,0,0,42452,127356,127356
Jul-2026,TIGALAPANKAOS SAMARINDA,HENLEY MAMU,HN NAVY PDK 2XL,42452,2,0,0,42452,84904,127356
Agu-2026,TIGALAPANKAOS SAMARINDA,HENLEY MAMU,HN NAVY PDK 2XL,0,2,0,0,42452,84904,84904
Sep-2026,TIGALAPANKAOS SAMARINDA,HENLEY MAMU,HN NAVY PDK 2XL,0,2,0,0,42452,84904,84904
Okt-2026,TIGALAPANKAOS SAMARINDA,HENLEY MAMU,HN NAVY PDK 2XL,0,2,0,0,42452,84904,84904
Jan-2026,TIGALAPANKAOS SAMARINDA,HENLEY MAMU,HN NAVY PDK L,0,3,0,0,39725,119175,0
Feb-2026,TIGALAPANKAOS SAMARINDA,HENLEY MAMU,HN NAVY PDK L,0,3,0,0,39725,119175,119175
Mar-2026,TIGALAPANKAOS SAMARINDA,HENLEY MAMU,HN NAVY PDK L,79450,1,0,0,39725,39725,119175
Apr-2026,TIGALAPANKAOS SAMARINDA,HENLEY MAMU,HN NAVY PDK L,0,1,0,0,39725,39725,39725
Mei-2026,TIGALAPANKAOS SAMARINDA,HENLEY MAMU,HN NAVY PDK L,0,1,0,0,39725,39725,39725
Jun-2026,TIGALAPANKAOS SAMARINDA,HENLEY MAMU,HN NAVY PDK L,39725,0,0,0,39725,0,39725
Jan-2026,TIGALAPANKAOS SAMARINDA,HENLEY MAMU,HN NAVY PDK M,0,8,0,0,49148,393184,0
Feb-2026,TIGALAPANKAOS SAMARINDA,HENLEY MAMU,HN NAVY PDK M,0,8,0,0,49148,393184,393184
Mar-2026,TIGALAPANKAOS SAMARINDA,HENLEY MAMU,HN NAVY PDK M,0,8,0,0,49148,393184,393184
Apr-2026,TIGALAPANKAOS SAMARINDA,HENLEY MAMU,HN NAVY PDK M,0,8,0,0,49148,393184,393184
Mei-2026,TIGALAPANKAOS SAMARINDA,HENLEY MAMU,HN NAVY PDK M,0,8,0,0,49148,393184,393184
Jun-2026,TIGALAPANKAOS SAMARINDA,HENLEY MAMU,HN NAVY PDK M,0,8,0,0,49148,393184,393184
Jul-2026,TIGALAPANKAOS SAMARINDA,HENLEY MAMU,HN NAVY PDK M,49148,7,0,0,49148,344036,393184
Agu-2026,TIGALAPANKAOS SAMARINDA,HENLEY MAMU,HN NAVY PDK M,98296,5,0,0,49148,245740,344036
Sep-2026,TIGALAPANKAOS SAMARINDA,HENLEY MAMU,HN NAVY PDK M,0,5,0,0,49148,245740,245740
Okt-2026,TIGALAPANKAOS SAMARINDA,HENLEY MAMU,HN NAVY PDK M,0,5,0,0,49148,245740,245740
Jan-2026,TIGALAPANKAOS SAMARINDA,HENLEY MAMU,HN NAVY PDK S,0,5,0,0,35592,177960,0
Feb-2026,TIGALAPANKAOS SAMARINDA,HENLEY MAMU,HN NAVY PDK S,0,5,0,0,35592,177960,177960
Mar-2026,TIGALAPANKAOS SAMARINDA,HENLEY MAMU,HN NAVY PDK S,0,5,0,0,35592,177960,177960
Apr-2026,TIGALAPANKAOS SAMARINDA,HENLEY MAMU,HN NAVY PDK S,0,5,0,0,35592,177960,177960
Mei-2026,TIGALAPANKAOS SAMARINDA,HENLEY MAMU,HN NAVY PDK S,0,5,0,0,35592,177960,177960
Jun-2026,TIGALAPANKAOS SAMARINDA,HENLEY MAMU,HN NAVY PDK S,0,5,0,0,35592,177960,177960
Jul-2026,TIGALAPANKAOS SAMARINDA,HENLEY MAMU,HN NAVY PDK S,0,5,0,0,35592,177960,177960
Agu-2026,TIGALAPANKAOS SAMARINDA,HENLEY MAMU,HN NAVY PDK S,0,5,0,0,35592,177960,177960
Sep-2026,TIGALAPANKAOS SAMARINDA,HENLEY MAMU,HN NAVY PDK S,0,5,0,0,35592,177960,177960
Okt-2026,TIGALAPANKAOS SAMARINDA,HENLEY MAMU,HN NAVY PDK S,0,5,0,0,35592,177960,177960
Jan-2026,TIGALAPANKAOS SAMARINDA,HENLEY MAMU,HN NAVY PDK XL,0,10,0,0,42651,426510,0
Feb-2026,TIGALAPANKAOS SAMARINDA,HENLEY MAMU,HN NAVY PDK XL,0,10,0,0,42651,426510,426510
Mar-2026,TIGALAPANKAOS SAMARINDA,HENLEY MAMU,HN NAVY PDK XL,42651,9,0,0,42651,383859,426510
Apr-2026,TIGALAPANKAOS SAMARINDA,HENLEY MAMU,HN NAVY PDK XL,0,9,0,0,42651,383859,383859
Mei-2026,TIGALAPANKAOS SAMARINDA,HENLEY MAMU,HN NAVY PDK XL,0,9,0,0,42651,383859,383859
Jun-2026,TIGALAPANKAOS SAMARINDA,HENLEY MAMU,HN NAVY PDK XL,0,9,0,0,42651,383859,383859
Jul-2026,TIGALAPANKAOS SAMARINDA,HENLEY MAMU,HN NAVY PDK XL,0,9,0,0,42651,383859,383859
Agu-2026,TIGALAPANKAOS SAMARINDA,HENLEY MAMU,HN NAVY PDK XL,85302,8,0,0,42651,341208,383859
Sep-2026,TIGALAPANKAOS SAMARINDA,HENLEY MAMU,HN NAVY PDK XL,0,7,0,0,42651,298557,341208
Okt-2026,TIGALAPANKAOS SAMARINDA,HENLEY MAMU,HN NAVY PDK XL,0,7,0,0,42651,298557,298557
Jan-2026,TIGALAPANKAOS SAMARINDA,HENLEY MAMU,HN NAVY PJG 2XL,0,1,0,0,89961,89961,0
Feb-2026,TIGALAPANKAOS SAMARINDA,HENLEY MAMU,HN NAVY PJG 2XL,0,1,0,0,89961,89961,89961
Mar-2026,TIGALAPANKAOS SAMARINDA,HENLEY MAMU,HN NAVY PJG 2XL,0,1,0,0,89961,89961,89961
Apr-2026,TIGALAPANKAOS SAMARINDA,HENLEY MAMU,HN NAVY PJG 2XL,0,1,0,0,89961,89961,89961
Mei-2026,TIGALAPANKAOS SAMARINDA,HENLEY MAMU,HN NAVY PJG 2XL,0,1,0,0,89961,89961,89961
Jun-2026,TIGALAPANKAOS SAMARINDA,HENLEY MAMU,HN NAVY PJG 2XL,89961,0,0,0,89961,0,89961
Jan-2026,TIGALAPANKAOS SAMARINDA,HENLEY MAMU,HN NAVY PJG L,0,6,0,0,42976,257856,0
Feb-2026,TIGALAPANKAOS SAMARINDA,HENLEY MAMU,HN NAVY PJG L,0,6,0,0,42976,257856,257856
Mar-2026,TIGALAPANKAOS SAMARINDA,HENLEY MAMU,HN NAVY PJG L,0,6,0,0,42976,257856,257856
Apr-2026,TIGALAPANKAOS SAMARINDA,HENLEY MAMU,HN NAVY PJG L,0,6,0,0,42976,257856,257856
Mei-2026,TIGALAPANKAOS SAMARINDA,HENLEY MAMU,HN NAVY PJG L,42976,5,0,0,42976,214880,257856
Jun-2026,TIGALAPANKAOS SAMARINDA,HENLEY MAMU,HN NAVY PJG L,0,5,0,0,42976,214880,214880
Jul-2026,TIGALAPANKAOS SAMARINDA,HENLEY MAMU,HN NAVY PJG L,0,5,0,0,42976,214880,214880
Agu-2026,TIGALAPANKAOS SAMARINDA,HENLEY MAMU,HN NAVY PJG L,0,5,0,0,42976,214880,214880
Sep-2026,TIGALAPANKAOS SAMARINDA,HENLEY MAMU,HN NAVY PJG L,0,5,0,0,42976,214880,214880
Okt-2026,TIGALAPANKAOS SAMARINDA,HENLEY MAMU,HN NAVY PJG L,0,5,0,0,42976,214880,214880
Jan-2026,TIGALAPANKAOS SAMARINDA,HENLEY MAMU,HN NAVY PJG M,0,5,0,0,34688,173440,0
Feb-2026,TIGALAPANKAOS SAMARINDA,HENLEY MAMU,HN NAVY PJG M,0,5,0,0,34688,173440,173440
Mar-2026,TIGALAPANKAOS SAMARINDA,HENLEY MAMU,HN NAVY PJG M,0,5,0,0,34688,173440,173440
Apr-2026,TIGALAPANKAOS SAMARINDA,HENLEY MAMU,HN NAVY PJG M,0,5,0,0,34688,173440,173440
Mei-2026,TIGALAPANKAOS SAMARINDA,HENLEY MAMU,HN NAVY PJG M,0,5,0,0,34688,173440,173440
Jun-2026,TIGALAPANKAOS SAMARINDA,HENLEY MAMU,HN NAVY PJG M,0,5,0,0,34688,173440,173440
Jul-2026,TIGALAPANKAOS SAMARINDA,HENLEY MAMU,HN NAVY PJG M,0,5,0,0,34688,173440,173440
Agu-2026,TIGALAPANKAOS SAMARINDA,HENLEY MAMU,HN NAVY PJG M,0,5,0,0,34688,173440,173440
Sep-2026,TIGALAPANKAOS SAMARINDA,HENLEY MAMU,HN NAVY PJG M,0,5,0,0,34688,173440,173440
Okt-2026,TIGALAPANKAOS SAMARINDA,HENLEY MAMU,HN NAVY PJG M,0,5,0,0,34688,173440,173440
Jan-2026,TIGALAPANKAOS SAMARINDA,HENLEY MAMU,HN NAVY PJG S,0,1,0,0,40126,40126,0
Feb-2026,TIGALAPANKAOS SAMARINDA,HENLEY MAMU,HN NAVY PJG S,0,1,0,0,40126,40126,40126
Mar-2026,TIGALAPANKAOS SAMARINDA,HENLEY MAMU,HN NAVY PJG S,0,1,0,0,40126,40126,40126
Apr-2026,TIGALAPANKAOS SAMARINDA,HENLEY MAMU,HN NAVY PJG S,0,1,0,0,40126,40126,40126
Mei-2026,TIGALAPANKAOS SAMARINDA,HENLEY MAMU,HN NAVY PJG S,0,1,0,0,40126,40126,40126
Jun-2026,TIGALAPANKAOS SAMARINDA,HENLEY MAMU,HN NAVY PJG S,0,1,0,0,40126,40126,40126
Jul-2026,TIGALAPANKAOS SAMARINDA,HENLEY MAMU,HN NAVY PJG S,0,1,0,0,40126,40126,40126
Agu-2026,TIGALAPANKAOS SAMARINDA,HENLEY MAMU,HN NAVY PJG S,0,1,0,0,40126,40126,40126
Sep-2026,TIGALAPANKAOS SAMARINDA,HENLEY MAMU,HN NAVY PJG S,0,1,0,0,40126,40126,40126
Okt-2026,TIGALAPANKAOS SAMARINDA,HENLEY MAMU,HN NAVY PJG S,0,1,0,0,40126,40126,40126
Jan-2026,TIGALAPANKAOS SAMARINDA,HENLEY MAMU,HN NAVY PJG XL,0,5,0,0,35633,178165,0
Feb-2026,TIGALAPANKAOS SAMARINDA,HENLEY MAMU,HN NAVY PJG XL,0,5,0,0,35633,178165,178165
Mar-2026,TIGALAPANKAOS SAMARINDA,HENLEY MAMU,HN NAVY PJG XL,0,5,0,0,35633,178165,178165
Apr-2026,TIGALAPANKAOS SAMARINDA,HENLEY MAMU,HN NAVY PJG XL,0,5,0,0,35633,178165,178165
Mei-2026,TIGALAPANKAOS SAMARINDA,HENLEY MAMU,HN NAVY PJG XL,0,5,0,0,35633,178165,178165
Jun-2026,TIGALAPANKAOS SAMARINDA,HENLEY MAMU,HN NAVY PJG XL,0,5,0,0,35633,178165,178165
Jul-2026,TIGALAPANKAOS SAMARINDA,HENLEY MAMU,HN NAVY PJG XL,0,5,0,0,35633,178165,178165
Agu-2026,TIGALAPANKAOS SAMARINDA,HENLEY MAMU,HN NAVY PJG XL,0,5,0,0,35633,178165,178165
Sep-2026,TIGALAPANKAOS SAMARINDA,HENLEY MAMU,HN NAVY PJG XL,0,5,0,0,35633,178165,178165
Okt-2026,TIGALAPANKAOS SAMARINDA,HENLEY MAMU,HN NAVY PJG XL,0,5,0,0,35633,178165,178165
Okt-2026,DC TIGALAPAN,HENLEY MAMU,HN ABU TUA PDK 2XL,0,9,0,0,29589,266301,0
Mar-2026,DC TIGALAPAN,HENLEY MAMU,HN ABU TUA PDK L,0,1,0,0,32742,32742,0
Okt-2026,DC TIGALAPAN,HENLEY MAMU,HN ABU TUA PDK L,0,35,0,0,32742,1145970,0
Okt-2026,DC TIGALAPAN,HENLEY MAMU,HN ABU TUA PDK M,0,37,0,0,37522,1388314,0
Okt-2026,DC TIGALAPAN,HENLEY MAMU,HN ABU TUA PDK S,0,10,0,0,32181,321810,0
Okt-2026,DC TIGALAPAN,HENLEY MAMU,HN ABU TUA PDK XL,0,20,0,0,41355,827100,0
Okt-2026,DC TIGALAPAN,HENLEY MAMU,HN BEIGE PDK 2XL,0,5,0,0,43600,218000,0
Okt-2026,DC TIGALAPAN,HENLEY MAMU,HN BEIGE PDK L,0,37,0,0,38927,1440299,0
Okt-2026,DC TIGALAPAN,HENLEY MAMU,HN BEIGE PDK M,0,24,0,0,28372,680928,0
Okt-2026,DC TIGALAPAN,HENLEY MAMU,HN BEIGE PDK S,0,18,0,0,32625,587250,0
Okt-2026,DC TIGALAPAN,HENLEY MAMU,HN BEIGE PDK XL,0,22,0,0,30948,680856,0
Okt-2026,DC TIGALAPAN,HENLEY MAMU,HN JET BLACK PDK 2XL,0,18,0,0,55295,995310,0
Mar-2026,DC TIGALAPAN,HENLEY MAMU,HN JET BLACK PDK L,0,8,0,0,32386,259088,0
Apr-2026,DC TIGALAPAN,HENLEY MAMU,HN JET BLACK PDK L,0,1,0,0,32386,32386,259088
Okt-2026,DC TIGALAPAN,HENLEY MAMU,HN JET BLACK PDK L,0,66,0,0,32386,2137476,0
Okt-2026,DC TIGALAPAN,HENLEY MAMU,HN JET BLACK PDK M,0,49,0,0,39781,1949269,0
Okt-2026,DC TIGALAPAN,HENLEY MAMU,HN JET BLACK PDK S,0,30,0,0,31317,939510,0
Okt-2026,DC TIGALAPAN,HENLEY MAMU,HN JET BLACK PDK XL,0,41,0,0,31189,1278749,0
Jun-2026,DC TIGALAPAN,HENLEY MAMU,HN JET BLACK PJG L,0,24,0,0,39673,952152,0
Jul-2026,DC TIGALAPAN,HENLEY MAMU,HN JET BLACK PJG L,0,22,0,0,39673,872806,952152
Agu-2026,DC TIGALAPAN,HENLEY MAMU,HN JET BLACK PJG L,0,21,0,0,39673,833133,872806
Sep-2026,DC TIGALAPAN,HENLEY MAMU,HN JET BLACK PJG L,0,19,0,0,39673,753787,833133
Okt-2026,DC TIGALAPAN,HENLEY MAMU,HN JET BLACK PJG L,0,19,0,0,39673,753787,753787
Jun-2026,DC TIGALAPAN,HENLEY MAMU,HN JET BLACK PJG M,0,4,0,0,39784,159136,0
Jul-2026,DC TIGALAPAN,HENLEY MAMU,HN JET BLACK PJG M,0,4,0,0,39784,159136,159136
Jun-2026,DC TIGALAPAN,HENLEY MAMU,HN JET BLACK PJG XL,0,4,0,0,42281,169124,0
Jul-2026,DC TIGALAPAN,HENLEY MAMU,HN JET BLACK PJG XL,0,4,0,0,42281,169124,169124
Agu-2026,DC TIGALAPAN,HENLEY MAMU,HN JET BLACK PJG XL,0,3,0,0,42281,126843,169124
Okt-2026,DC TIGALAPAN,HENLEY MAMU,HN MAPLE BROWN PDK 2XL,0,9,0,0,51519,463671,0
Mar-2026,DC TIGALAPAN,HENLEY MAMU,HN MAPLE BROWN PDK L,0,1,0,0,52022,52022,0
Okt-2026,DC TIGALAPAN,HENLEY MAMU,HN MAPLE BROWN PDK L,0,26,0,0,52022,1352572,0
Okt-2026,DC TIGALAPAN,HENLEY MAMU,HN MAPLE BROWN PDK M,0,35,0,0,20459,716065,0
Mar-2026,DC TIGALAPAN,HENLEY MAMU,HN MAPLE BROWN PDK S,0,1,0,0,34095,34095,0
Okt-2026,DC TIGALAPAN,HENLEY MAMU,HN MAPLE BROWN PDK S,0,10,0,0,34095,340950,0
Mar-2026,DC TIGALAPAN,HENLEY MAMU,HN MAPLE BROWN PDK XL,0,1,0,0,47951,47951,0
Okt-2026,DC TIGALAPAN,HENLEY MAMU,HN MAPLE BROWN PDK XL,0,10,0,0,47951,479510,0
Okt-2026,DC TIGALAPAN,HENLEY MAMU,HN NAVY PDK 2XL,0,8,0,0,42452,339616,0
Okt-2026,DC TIGALAPAN,HENLEY MAMU,HN NAVY PDK L,0,45,0,0,39725,1787625,0
Okt-2026,DC TIGALAPAN,HENLEY MAMU,HN NAVY PDK M,0,27,0,0,49148,1326996,0
Okt-2026,DC TIGALAPAN,HENLEY MAMU,HN NAVY PDK S,0,10,0,0,35592,355920,0
Okt-2026,DC TIGALAPAN,HENLEY MAMU,HN NAVY PDK XL,0,18,0,0,42651,767718,0
Agu-2026,DC TIGALAPAN,HENLEY MAMU,HN NAVY PJG 2XL,0,1,0,0,89961,89961,0
Sep-2026,DC TIGALAPAN,HENLEY MAMU,HN NAVY PJG 2XL,0,1,0,0,89961,89961,89961
Okt-2026,DC TIGALAPAN,HENLEY MAMU,HN NAVY PJG 2XL,0,1,0,0,89961,89961,89961
Apr-2026,DC TIGALAPAN,HENLEY MAMU,HN ABU TUA PDK L,0,0,0,0,32742,0,32742
Mei-2026,DC TIGALAPAN,HENLEY MAMU,HN JET BLACK PDK L,0,0,0,0,32386,0,32386
Agu-2026,DC TIGALAPAN,HENLEY MAMU,HN JET BLACK PJG M,0,0,0,0,39784,0,159136
Sep-2026,DC TIGALAPAN,HENLEY MAMU,HN JET BLACK PJG XL,0,0,0,0,42281,0,126843
Apr-2026,DC TIGALAPAN,HENLEY MAMU,HN MAPLE BROWN PDK L,0,0,0,0,52022,0,52022
Apr-2026,DC TIGALAPAN,HENLEY MAMU,HN MAPLE BROWN PDK S,0,0,0,0,34095,0,34095
Apr-2026,DC TIGALAPAN,HENLEY MAMU,HN MAPLE BROWN PDK XL,0,0,0,0,47951,0,47951
