Bulan,Store,Warna,Item,COGS,OH Qty,OD Qty,WIP Qty,HPP,Inventory Akhir,Inventory Awal
Okt-2026,MAMU BTP,KEMEJA MAMU,KEMEJA FORMAL ABU TUA PJG 2XL,0,5,0,0,88170,440850,0
Jan-2026,MAMU BTP,KEMEJA MAMU,KEMEJA FORMAL ABU TUA PJG L,176200,11,0,0,88170,969870,0
Feb-2026,MAMU BTP,KEMEJA MAMU,KEMEJA FORMAL ABU TUA PJG L,0,11,0,0,88170,969870,969870
Mar-2026,MAMU BTP,KEMEJA MAMU,KEMEJA FORMAL ABU TUA PJG L,264300,8,0,0,88170,705360,969870
Apr-2026,MAMU BTP,KEMEJA MAMU,KEMEJA FORMAL ABU TUA PJG L,176200,9,0,0,88170,793530,705360
Mei-2026,MAMU BTP,KEMEJA MAMU,KEMEJA FORMAL ABU TUA PJG L,88100,8,0,0,88170,705360,793530
Jun-2026,MAMU BTP,KEMEJA MAMU,KEMEJA FORMAL ABU TUA PJG L,264300,5,0,0,88170,440850,705360
Jul-2026,MAMU BTP,KEMEJA MAMU,KEMEJA FORMAL ABU TUA PJG L,0,5,0,0,88170,440850,440850
Agu-2026,MAMU BTP,KEMEJA MAMU,KEMEJA FORMAL ABU TUA PJG L,176200,3,0,0,88170,264510,440850
Sep-2026,MAMU BTP,KEMEJA MAMU,KEMEJA FORMAL ABU TUA PJG L,0,3,0,0,88170,264510,264510
Okt-2026,MAMU BTP,KEMEJA MAMU,KEMEJA FORMAL ABU TUA PJG L,545880,5,0,0,88170,440850,264510
Jan-2026,MAMU BTP,KEMEJA MAMU,KEMEJA FORMAL ABU TUA PJG M,0,4,0,0,88170,352680,0
Feb-2026,MAMU BTP,KEMEJA MAMU,KEMEJA FORMAL ABU TUA PJG M,88170,3,0,0,88170,264510,352680
Mar-2026,MAMU BTP,KEMEJA MAMU,KEMEJA FORMAL ABU TUA PJG M,0,3,0,0,88170,264510,264510
Apr-2026,MAMU BTP,KEMEJA MAMU,KEMEJA FORMAL ABU TUA PJG M,0,0,0,0,88170,0,264510
Okt-2026,MAMU BTP,KEMEJA MAMU,KEMEJA FORMAL ABU TUA PJG M,1201447,2,0,0,88170,176340,0
Okt-2026,MAMU BTP,KEMEJA MAMU,KEMEJA FORMAL ABU TUA PJG S,1663560,1,0,0,88170,88170,0
Jan-2026,MAMU BTP,KEMEJA MAMU,KEMEJA FORMAL ABU TUA PJG XL,176340,3,0,0,88170,264510,0
Feb-2026,MAMU BTP,KEMEJA MAMU,KEMEJA FORMAL ABU TUA PJG XL,0,2,0,0,88170,176340,264510
Mar-2026,MAMU BTP,KEMEJA MAMU,KEMEJA FORMAL ABU TUA PJG XL,176340,0,0,0,88170,0,176340
Sep-2026,MAMU BTP,KEMEJA MAMU,KEMEJA FORMAL ABU TUA PJG XL,0,1,0,0,88170,88170,0
Okt-2026,MAMU BTP,KEMEJA MAMU,KEMEJA FORMAL ABU TUA PJG XL,316868,3,0,0,88170,264510,88170
Jan-2026,MAMU BTP,KEMEJA MAMU,KEMEJA FORMAL BURGUNDY PJG 2XL,0,1,0,0,88170,88170,0
Feb-2026,MAMU BTP,KEMEJA MAMU,KEMEJA FORMAL BURGUNDY PJG 2XL,0,1,0,0,88170,88170,88170
Mar-2026,MAMU BTP,KEMEJA MAMU,KEMEJA FORMAL BURGUNDY PJG 2XL,88170,0,0,0,88170,0,88170
Jan-2026,MAMU BTP,KEMEJA MAMU,KEMEJA FORMAL BURGUNDY PJG L,88170,11,0,0,88170,969870,0
Feb-2026,MAMU BTP,KEMEJA MAMU,KEMEJA FORMAL BURGUNDY PJG L,88170,10,0,0,88170,881700,969870
Mar-2026,MAMU BTP,KEMEJA MAMU,KEMEJA FORMAL BURGUNDY PJG L,88170,9,0,0,88170,793530,881700
Apr-2026,MAMU BTP,KEMEJA MAMU,KEMEJA FORMAL BURGUNDY PJG L,0,9,0,0,88170,793530,793530
Mei-2026,MAMU BTP,KEMEJA MAMU,KEMEJA FORMAL BURGUNDY PJG L,176340,7,0,0,88170,617190,793530
Jun-2026,MAMU BTP,KEMEJA MAMU,KEMEJA FORMAL BURGUNDY PJG L,0,7,0,0,88170,617190,617190
Jul-2026,MAMU BTP,KEMEJA MAMU,KEMEJA FORMAL BURGUNDY PJG L,0,7,0,0,88170,617190,617190
Agu-2026,MAMU BTP,KEMEJA MAMU,KEMEJA FORMAL BURGUNDY PJG L,88170,6,0,0,88170,529020,617190
Sep-2026,MAMU BTP,KEMEJA MAMU,KEMEJA FORMAL BURGUNDY PJG L,88170,5,0,0,88170,440850,529020
Okt-2026,MAMU BTP,KEMEJA MAMU,KEMEJA FORMAL BURGUNDY PJG L,88170,4,0,0,88170,352680,440850
Jan-2026,MAMU BTP,KEMEJA MAMU,KEMEJA FORMAL BURGUNDY PJG XL,0,9,0,0,88170,793530,0
Feb-2026,MAMU BTP,KEMEJA MAMU,KEMEJA FORMAL BURGUNDY PJG XL,0,9,0,0,88170,793530,793530
Mar-2026,MAMU BTP,KEMEJA MAMU,KEMEJA FORMAL BURGUNDY PJG XL,0,9,0,0,88170,793530,793530
Apr-2026,MAMU BTP,KEMEJA MAMU,KEMEJA FORMAL BURGUNDY PJG XL,88170,8,0,0,88170,705360,793530
Mei-2026,MAMU BTP,KEMEJA MAMU,KEMEJA FORMAL BURGUNDY PJG XL,0,8,0,0,88170,705360,705360
Jun-2026,MAMU BTP,KEMEJA MAMU,KEMEJA FORMAL BURGUNDY PJG XL,0,8,0,0,88170,705360,705360
Jul-2026,MAMU BTP,KEMEJA MAMU,KEMEJA FORMAL BURGUNDY PJG XL,88170,7,0,0,88170,617190,705360
Agu-2026,MAMU BTP,KEMEJA MAMU,KEMEJA FORMAL BURGUNDY PJG XL,0,7,0,0,88170,617190,617190
Sep-2026,MAMU BTP,KEMEJA MAMU,KEMEJA FORMAL BURGUNDY PJG XL,176340,5,0,0,88170,440850,617190
Okt-2026,MAMU BTP,KEMEJA MAMU,KEMEJA FORMAL BURGUNDY PJG XL,88170,4,0,0,88170,352680,440850
Mei-2026,MAMU BTP,KEMEJA MAMU,KEMEJA FORMAL COKLAT TUA PDK 2XL,0,2,0,0,159000,318000,0
Jun-2026,MAMU BTP,KEMEJA MAMU,KEMEJA FORMAL COKLAT TUA PDK 2XL,72923,0,0,0,159000,0,318000
Mei-2026,MAMU BTP,KEMEJA MAMU,KEMEJA FORMAL COKLAT TUA PDK L,72923,9,0,0,159000,1431000,0
Jun-2026,MAMU BTP,KEMEJA MAMU,KEMEJA FORMAL COKLAT TUA PDK L,218769,6,0,0,159000,954000,1431000
Jul-2026,MAMU BTP,KEMEJA MAMU,KEMEJA FORMAL COKLAT TUA PDK L,656313,1,0,0,159000,159000,954000
Agu-2026,MAMU BTP,KEMEJA MAMU,KEMEJA FORMAL COKLAT TUA PDK L,291700,3,0,0,159000,477000,159000
Sep-2026,MAMU BTP,KEMEJA MAMU,KEMEJA FORMAL COKLAT TUA PDK L,72925,4,0,0,159000,636000,477000
Okt-2026,MAMU BTP,KEMEJA MAMU,KEMEJA FORMAL COKLAT TUA PDK L,145850,2,0,0,159000,318000,636000
Mei-2026,MAMU BTP,KEMEJA MAMU,KEMEJA FORMAL COKLAT TUA PDK M,72923,9,0,0,159000,1431000,0
Jun-2026,MAMU BTP,KEMEJA MAMU,KEMEJA FORMAL COKLAT TUA PDK M,218769,6,0,0,159000,954000,1431000
Jul-2026,MAMU BTP,KEMEJA MAMU,KEMEJA FORMAL COKLAT TUA PDK M,145846,5,0,0,159000,795000,954000
Agu-2026,MAMU BTP,KEMEJA MAMU,KEMEJA FORMAL COKLAT TUA PDK M,218769,3,1,0,159000,636000,795000
Sep-2026,MAMU BTP,KEMEJA MAMU,KEMEJA FORMAL COKLAT TUA PDK M,145848,5,0,0,159000,795000,636000
Okt-2026,MAMU BTP,KEMEJA MAMU,KEMEJA FORMAL COKLAT TUA PDK M,145848,2,0,0,159000,318000,795000
Mei-2026,MAMU BTP,KEMEJA MAMU,KEMEJA FORMAL COKLAT TUA PDK S,0,1,0,0,159000,159000,0
Jun-2026,MAMU BTP,KEMEJA MAMU,KEMEJA FORMAL COKLAT TUA PDK S,0,1,0,0,159000,159000,159000
Jul-2026,MAMU BTP,KEMEJA MAMU,KEMEJA FORMAL COKLAT TUA PDK S,0,1,0,0,159000,159000,159000
Agu-2026,MAMU BTP,KEMEJA MAMU,KEMEJA FORMAL COKLAT TUA PDK S,0,1,0,0,159000,159000,159000
Sep-2026,MAMU BTP,KEMEJA MAMU,KEMEJA FORMAL COKLAT TUA PDK S,0,1,0,0,159000,159000,159000
Okt-2026,MAMU BTP,KEMEJA MAMU,KEMEJA FORMAL COKLAT TUA PDK S,0,1,0,0,159000,159000,159000
Mei-2026,MAMU BTP,KEMEJA MAMU,KEMEJA FORMAL COKLAT TUA PDK XL,291692,7,0,0,159000,1113000,0
Jun-2026,MAMU BTP,KEMEJA MAMU,KEMEJA FORMAL COKLAT TUA PDK XL,218769,3,0,0,159000,477000,1113000
Jul-2026,MAMU BTP,KEMEJA MAMU,KEMEJA FORMAL COKLAT TUA PDK XL,291692,1,0,0,159000,159000,477000
Agu-2026,MAMU BTP,KEMEJA MAMU,KEMEJA FORMAL COKLAT TUA PDK XL,72923,5,0,0,159000,795000,159000
Sep-2026,MAMU BTP,KEMEJA MAMU,KEMEJA FORMAL COKLAT TUA PDK XL,145846,2,0,0,159000,318000,795000
Okt-2026,MAMU BTP,KEMEJA MAMU,KEMEJA FORMAL COKLAT TUA PDK XL,72923,1,0,0,159000,159000,318000
Mei-2026,MAMU BTP,KEMEJA MAMU,KEMEJA FORMAL COKLAT TUA PJG 2XL,85923,1,0,0,189000,189000,0
Jun-2026,MAMU BTP,KEMEJA MAMU,KEMEJA FORMAL COKLAT TUA PJG 2XL,85923,0,0,0,189000,0,189000
Agu-2026,MAMU BTP,KEMEJA MAMU,KEMEJA FORMAL COKLAT TUA PJG 2XL,0,1,0,0,189000,189000,0
Sep-2026,MAMU BTP,KEMEJA MAMU,KEMEJA FORMAL COKLAT TUA PJG 2XL,0,1,0,0,189000,189000,189000
Okt-2026,MAMU BTP,KEMEJA MAMU,KEMEJA FORMAL COKLAT TUA PJG 2XL,0,1,0,0,189000,189000,189000
Mei-2026,MAMU BTP,KEMEJA MAMU,KEMEJA FORMAL COKLAT TUA PJG L,85923,9,0,0,189000,1701000,0
Jun-2026,MAMU BTP,KEMEJA MAMU,KEMEJA FORMAL COKLAT TUA PJG L,85923,8,0,0,189000,1512000,1701000
Jul-2026,MAMU BTP,KEMEJA MAMU,KEMEJA FORMAL COKLAT TUA PJG L,429615,5,0,0,189000,945000,1512000
Agu-2026,MAMU BTP,KEMEJA MAMU,KEMEJA FORMAL COKLAT TUA PJG L,171848,5,0,0,189000,945000,945000
Sep-2026,MAMU BTP,KEMEJA MAMU,KEMEJA FORMAL COKLAT TUA PJG L,85924,5,0,0,189000,945000,945000
Okt-2026,MAMU BTP,KEMEJA MAMU,KEMEJA FORMAL COKLAT TUA PJG L,0,5,0,0,189000,945000,945000
Mei-2026,MAMU BTP,KEMEJA MAMU,KEMEJA FORMAL COKLAT TUA PJG M,85923,10,0,0,189000,1890000,0
Jun-2026,MAMU BTP,KEMEJA MAMU,KEMEJA FORMAL COKLAT TUA PJG M,773310,5,0,0,189000,945000,1890000
Jul-2026,MAMU BTP,KEMEJA MAMU,KEMEJA FORMAL COKLAT TUA PJG M,0,5,0,0,189000,945000,945000
Agu-2026,MAMU BTP,KEMEJA MAMU,KEMEJA FORMAL COKLAT TUA PJG M,601470,2,3,0,189000,945000,945000
Sep-2026,MAMU BTP,KEMEJA MAMU,KEMEJA FORMAL COKLAT TUA PJG M,343700,2,0,0,189000,378000,945000
Okt-2026,MAMU BTP,KEMEJA MAMU,KEMEJA FORMAL COKLAT TUA PJG M,85925,0,0,0,189000,0,378000
Mei-2026,MAMU BTP,KEMEJA MAMU,KEMEJA FORMAL COKLAT TUA PJG S,85923,0,0,0,189000,0,0
Mei-2026,MAMU BTP,KEMEJA MAMU,KEMEJA FORMAL COKLAT TUA PJG XL,85923,9,0,0,189000,1701000,0
Jun-2026,MAMU BTP,KEMEJA MAMU,KEMEJA FORMAL COKLAT TUA PJG XL,257769,6,0,0,189000,1134000,1701000
Jul-2026,MAMU BTP,KEMEJA MAMU,KEMEJA FORMAL COKLAT TUA PJG XL,171846,5,0,0,189000,945000,1134000
Agu-2026,MAMU BTP,KEMEJA MAMU,KEMEJA FORMAL COKLAT TUA PJG XL,171849,4,0,0,189000,756000,945000
Sep-2026,MAMU BTP,KEMEJA MAMU,KEMEJA FORMAL COKLAT TUA PJG XL,257776,5,0,0,189000,945000,756000
Okt-2026,MAMU BTP,KEMEJA MAMU,KEMEJA FORMAL COKLAT TUA PJG XL,85926,4,0,0,189000,756000,945000
Apr-2026,MAMU BTP,KEMEJA MAMU,KEMEJA FORMAL HITAM PDK 2XL,145908,2,0,0,74214,148428,0
Mei-2026,MAMU BTP,KEMEJA MAMU,KEMEJA FORMAL HITAM PDK 2XL,72954,0,0,0,74214,0,148428
Mar-2026,MAMU BTP,KEMEJA MAMU,KEMEJA FORMAL HITAM PDK L,0,1,1,0,74158,148316,0
Apr-2026,MAMU BTP,KEMEJA MAMU,KEMEJA FORMAL HITAM PDK L,148316,11,0,0,74158,815738,148316
Mei-2026,MAMU BTP,KEMEJA MAMU,KEMEJA FORMAL HITAM PDK L,292456,8,0,0,72993,583944,815738
Jun-2026,MAMU BTP,KEMEJA MAMU,KEMEJA FORMAL HITAM PDK L,73114,6,0,0,72993,437958,583944
Jul-2026,MAMU BTP,KEMEJA MAMU,KEMEJA FORMAL HITAM PDK L,438585,7,0,0,72993,510951,437958
Agu-2026,MAMU BTP,KEMEJA MAMU,KEMEJA FORMAL HITAM PDK L,146030,6,0,0,72993,437958,510951
Sep-2026,MAMU BTP,KEMEJA MAMU,KEMEJA FORMAL HITAM PDK L,219024,5,0,0,72993,364965,437958
Okt-2026,MAMU BTP,KEMEJA MAMU,KEMEJA FORMAL HITAM PDK L,145996,8,0,0,72993,583944,364965
Mar-2026,MAMU BTP,KEMEJA MAMU,KEMEJA FORMAL HITAM PDK M,0,1,0,0,74154,74154,0
Apr-2026,MAMU BTP,KEMEJA MAMU,KEMEJA FORMAL HITAM PDK M,292492,7,0,0,74154,519078,74154
Mei-2026,MAMU BTP,KEMEJA MAMU,KEMEJA FORMAL HITAM PDK M,146246,5,0,0,72991,364955,519078
Jun-2026,MAMU BTP,KEMEJA MAMU,KEMEJA FORMAL HITAM PDK M,365369,5,0,0,72991,364955,364955
Jul-2026,MAMU BTP,KEMEJA MAMU,KEMEJA FORMAL HITAM PDK M,365145,5,0,0,72991,364955,364955
Agu-2026,MAMU BTP,KEMEJA MAMU,KEMEJA FORMAL HITAM PDK M,146002,6,0,0,72991,437946,364955
Sep-2026,MAMU BTP,KEMEJA MAMU,KEMEJA FORMAL HITAM PDK M,145996,6,0,0,72991,437946,437946
Okt-2026,MAMU BTP,KEMEJA MAMU,KEMEJA FORMAL HITAM PDK M,0,7,0,0,72991,510937,437946
Apr-2026,MAMU BTP,KEMEJA MAMU,KEMEJA FORMAL HITAM PDK S,72954,0,0,0,74214,0,0
Mar-2026,MAMU BTP,KEMEJA MAMU,KEMEJA FORMAL HITAM PDK XL,0,1,0,0,73987,73987,0
Apr-2026,MAMU BTP,KEMEJA MAMU,KEMEJA FORMAL HITAM PDK XL,73048,10,0,0,73987,739870,73987
Mei-2026,MAMU BTP,KEMEJA MAMU,KEMEJA FORMAL HITAM PDK XL,146096,8,0,0,72991,583928,739870
Jun-2026,MAMU BTP,KEMEJA MAMU,KEMEJA FORMAL HITAM PDK XL,73048,7,0,0,72991,510937,583928
Jul-2026,MAMU BTP,KEMEJA MAMU,KEMEJA FORMAL HITAM PDK XL,146096,6,0,0,72991,437946,510937
Agu-2026,MAMU BTP,KEMEJA MAMU,KEMEJA FORMAL HITAM PDK XL,219101,5,1,0,72991,437946,437946
Sep-2026,MAMU BTP,KEMEJA MAMU,KEMEJA FORMAL HITAM PDK XL,0,6,0,0,72991,437946,437946
Okt-2026,MAMU BTP,KEMEJA MAMU,KEMEJA FORMAL HITAM PDK XL,73018,6,0,0,72991,437946,437946
Apr-2026,MAMU BTP,KEMEJA MAMU,KEMEJA FORMAL HITAM PJG 2XL,171908,1,0,0,87214,87214,0
Mei-2026,MAMU BTP,KEMEJA MAMU,KEMEJA FORMAL HITAM PJG 2XL,85954,0,0,0,87214,0,87214
Okt-2026,MAMU BTP,KEMEJA MAMU,KEMEJA FORMAL HITAM PJG 2XL,0,5,0,0,85954,429770,0
Jan-2026,MAMU BTP,KEMEJA MAMU,KEMEJA FORMAL HITAM PJG L,87052,0,0,0,87185,0,0
Mar-2026,MAMU BTP,KEMEJA MAMU,KEMEJA FORMAL HITAM PJG L,0,2,1,0,87110,261330,0
Apr-2026,MAMU BTP,KEMEJA MAMU,KEMEJA FORMAL HITAM PJG L,347592,11,0,0,87110,958210,261330
Mei-2026,MAMU BTP,KEMEJA MAMU,KEMEJA FORMAL HITAM PJG L,0,11,0,0,86028,946308,958210
Jun-2026,MAMU BTP,KEMEJA MAMU,KEMEJA FORMAL HITAM PJG L,258786,8,0,0,86028,688224,946308
Jul-2026,MAMU BTP,KEMEJA MAMU,KEMEJA FORMAL HITAM PJG L,775921,5,0,0,86028,430140,688224
Agu-2026,MAMU BTP,KEMEJA MAMU,KEMEJA FORMAL HITAM PJG L,344275,4,2,0,86028,516168,430140
Sep-2026,MAMU BTP,KEMEJA MAMU,KEMEJA FORMAL HITAM PJG L,258133,6,0,0,86028,516168,516168
Okt-2026,MAMU BTP,KEMEJA MAMU,KEMEJA FORMAL HITAM PJG L,691606,9,0,0,86028,774252,516168
Jan-2026,MAMU BTP,KEMEJA MAMU,KEMEJA FORMAL HITAM PJG M,261642,0,0,0,87214,0,0
Mar-2026,MAMU BTP,KEMEJA MAMU,KEMEJA FORMAL HITAM PJG M,0,1,1,0,87183,174366,0
Apr-2026,MAMU BTP,KEMEJA MAMU,KEMEJA FORMAL HITAM PJG M,173331,9,5,0,87183,1220562,174366
Mei-2026,MAMU BTP,KEMEJA MAMU,KEMEJA FORMAL HITAM PJG M,258279,11,0,0,85993,945923,1220562
Jun-2026,MAMU BTP,KEMEJA MAMU,KEMEJA FORMAL HITAM PJG M,172186,9,0,0,85993,773937,945923
Jul-2026,MAMU BTP,KEMEJA MAMU,KEMEJA FORMAL HITAM PJG M,258259,12,0,0,85993,1031916,773937
Agu-2026,MAMU BTP,KEMEJA MAMU,KEMEJA FORMAL HITAM PJG M,172142,10,0,0,85993,859930,1031916
Sep-2026,MAMU BTP,KEMEJA MAMU,KEMEJA FORMAL HITAM PJG M,258213,8,0,0,85993,687944,859930
Okt-2026,MAMU BTP,KEMEJA MAMU,KEMEJA FORMAL HITAM PJG M,1489652,7,0,0,85993,601951,687944
Apr-2026,MAMU BTP,KEMEJA MAMU,KEMEJA FORMAL HITAM PJG S,171908,0,0,0,87214,0,0
Okt-2026,MAMU BTP,KEMEJA MAMU,KEMEJA FORMAL HITAM PJG S,1663542,0,0,0,87214,0,0
Apr-2026,MAMU BTP,KEMEJA MAMU,KEMEJA FORMAL HITAM PJG XL,171908,8,5,0,87214,1133782,0
Mei-2026,MAMU BTP,KEMEJA MAMU,KEMEJA FORMAL HITAM PJG XL,257901,10,0,0,85989,859890,1133782
Jun-2026,MAMU BTP,KEMEJA MAMU,KEMEJA FORMAL HITAM PJG XL,343868,6,0,0,85989,515934,859890
Jul-2026,MAMU BTP,KEMEJA MAMU,KEMEJA FORMAL HITAM PJG XL,601763,8,0,0,85989,687912,515934
Agu-2026,MAMU BTP,KEMEJA MAMU,KEMEJA FORMAL HITAM PJG XL,172087,6,0,0,85989,515934,687912
Sep-2026,MAMU BTP,KEMEJA MAMU,KEMEJA FORMAL HITAM PJG XL,258324,6,0,0,85989,515934,515934
Okt-2026,MAMU BTP,KEMEJA MAMU,KEMEJA FORMAL HITAM PJG XL,346072,7,0,0,85989,601923,515934
Feb-2026,MAMU BTP,KEMEJA MAMU,KEMEJA FORMAL LIGHT BROWN PDK L,145856,19,0,0,72928,1385632,0
Mar-2026,MAMU BTP,KEMEJA MAMU,KEMEJA FORMAL LIGHT BROWN PDK L,1458610,13,0,0,72953,948389,1385632
Apr-2026,MAMU BTP,KEMEJA MAMU,KEMEJA FORMAL LIGHT BROWN PDK L,218859,12,0,0,72953,875436,948389
Mei-2026,MAMU BTP,KEMEJA MAMU,KEMEJA FORMAL LIGHT BROWN PDK L,145906,10,0,0,72953,729530,875436
Jun-2026,MAMU BTP,KEMEJA MAMU,KEMEJA FORMAL LIGHT BROWN PDK L,218859,7,0,0,72953,510671,729530
Jul-2026,MAMU BTP,KEMEJA MAMU,KEMEJA FORMAL LIGHT BROWN PDK L,218859,4,0,0,72953,291812,510671
Agu-2026,MAMU BTP,KEMEJA MAMU,KEMEJA FORMAL LIGHT BROWN PDK L,218859,1,0,0,72953,72953,291812
Sep-2026,MAMU BTP,KEMEJA MAMU,KEMEJA FORMAL LIGHT BROWN PDK L,72953,0,0,0,75170,0,72953
Feb-2026,MAMU BTP,KEMEJA MAMU,KEMEJA FORMAL LIGHT BROWN PDK M,72928,5,0,0,72928,364640,0
Mar-2026,MAMU BTP,KEMEJA MAMU,KEMEJA FORMAL LIGHT BROWN PDK M,364682,15,0,0,72970,1094550,364640
Apr-2026,MAMU BTP,KEMEJA MAMU,KEMEJA FORMAL LIGHT BROWN PDK M,218910,12,0,0,72970,875640,1094550
Mei-2026,MAMU BTP,KEMEJA MAMU,KEMEJA FORMAL LIGHT BROWN PDK M,0,12,0,0,72970,875640,875640
Jun-2026,MAMU BTP,KEMEJA MAMU,KEMEJA FORMAL LIGHT BROWN PDK M,364850,7,0,0,72970,510790,875640
Jul-2026,MAMU BTP,KEMEJA MAMU,KEMEJA FORMAL LIGHT BROWN PDK M,145940,6,0,0,72970,437820,510790
Agu-2026,MAMU BTP,KEMEJA MAMU,KEMEJA FORMAL LIGHT BROWN PDK M,218910,4,0,0,72970,291880,437820
Sep-2026,MAMU BTP,KEMEJA MAMU,KEMEJA FORMAL LIGHT BROWN PDK M,0,2,0,0,72970,145940,291880
Okt-2026,MAMU BTP,KEMEJA MAMU,KEMEJA FORMAL LIGHT BROWN PDK M,0,2,0,0,72970,145940,145940
Mar-2026,MAMU BTP,KEMEJA MAMU,KEMEJA FORMAL LIGHT BROWN PDK XL,729720,16,0,0,72972,1167552,0
Apr-2026,MAMU BTP,KEMEJA MAMU,KEMEJA FORMAL LIGHT BROWN PDK XL,145944,15,0,0,72979,1094685,1167552
Mei-2026,MAMU BTP,KEMEJA MAMU,KEMEJA FORMAL LIGHT BROWN PDK XL,218916,12,0,0,72979,875748,1094685
Jun-2026,MAMU BTP,KEMEJA MAMU,KEMEJA FORMAL LIGHT BROWN PDK XL,145944,10,0,0,72979,729790,875748
Jul-2026,MAMU BTP,KEMEJA MAMU,KEMEJA FORMAL LIGHT BROWN PDK XL,291888,8,0,0,72979,583832,729790
Agu-2026,MAMU BTP,KEMEJA MAMU,KEMEJA FORMAL LIGHT BROWN PDK XL,0,6,0,0,72979,437874,583832
Sep-2026,MAMU BTP,KEMEJA MAMU,KEMEJA FORMAL LIGHT BROWN PDK XL,72972,5,0,0,72979,364895,437874
Okt-2026,MAMU BTP,KEMEJA MAMU,KEMEJA FORMAL LIGHT BROWN PDK XL,145944,3,0,0,72979,218937,364895
Feb-2026,MAMU BTP,KEMEJA MAMU,KEMEJA FORMAL LIGHT BROWN PJG L,0,10,0,0,85928,859280,0
Mar-2026,MAMU BTP,KEMEJA MAMU,KEMEJA FORMAL LIGHT BROWN PJG L,1117184,7,0,0,85957,601699,859280
Apr-2026,MAMU BTP,KEMEJA MAMU,KEMEJA FORMAL LIGHT BROWN PJG L,85952,8,0,0,85957,687656,601699
Mei-2026,MAMU BTP,KEMEJA MAMU,KEMEJA FORMAL LIGHT BROWN PJG L,0,8,0,0,85957,687656,687656
Jun-2026,MAMU BTP,KEMEJA MAMU,KEMEJA FORMAL LIGHT BROWN PJG L,343808,4,0,0,85957,343828,687656
Jul-2026,MAMU BTP,KEMEJA MAMU,KEMEJA FORMAL LIGHT BROWN PJG L,85948,6,0,0,85957,515742,343828
Agu-2026,MAMU BTP,KEMEJA MAMU,KEMEJA FORMAL LIGHT BROWN PJG L,0,7,0,0,85957,601699,515742
Sep-2026,MAMU BTP,KEMEJA MAMU,KEMEJA FORMAL LIGHT BROWN PJG L,221004,4,0,0,85957,343828,601699
Okt-2026,MAMU BTP,KEMEJA MAMU,KEMEJA FORMAL LIGHT BROWN PJG L,73668,3,0,0,85957,257871,343828
Mar-2026,MAMU BTP,KEMEJA MAMU,KEMEJA FORMAL LIGHT BROWN PJG M,0,19,0,0,85979,1633601,0
Apr-2026,MAMU BTP,KEMEJA MAMU,KEMEJA FORMAL LIGHT BROWN PJG M,0,19,0,0,85979,1633601,1633601
Mei-2026,MAMU BTP,KEMEJA MAMU,KEMEJA FORMAL LIGHT BROWN PJG M,257937,16,0,0,85979,1375664,1633601
Jun-2026,MAMU BTP,KEMEJA MAMU,KEMEJA FORMAL LIGHT BROWN PJG M,171958,14,0,0,85979,1203706,1375664
Jul-2026,MAMU BTP,KEMEJA MAMU,KEMEJA FORMAL LIGHT BROWN PJG M,171958,12,0,0,85979,1031748,1203706
Agu-2026,MAMU BTP,KEMEJA MAMU,KEMEJA FORMAL LIGHT BROWN PJG M,0,12,0,0,85979,1031748,1031748
Sep-2026,MAMU BTP,KEMEJA MAMU,KEMEJA FORMAL LIGHT BROWN PJG M,85979,12,0,0,85979,1031748,1031748
Okt-2026,MAMU BTP,KEMEJA MAMU,KEMEJA FORMAL LIGHT BROWN PJG M,85979,10,0,0,85979,859790,1031748
Mar-2026,MAMU BTP,KEMEJA MAMU,KEMEJA FORMAL LIGHT BROWN PJG S,0,1,0,0,85979,85979,0
Apr-2026,MAMU BTP,KEMEJA MAMU,KEMEJA FORMAL LIGHT BROWN PJG S,0,1,0,0,85979,85979,85979
Mei-2026,MAMU BTP,KEMEJA MAMU,KEMEJA FORMAL LIGHT BROWN PJG S,85979,0,0,0,88170,0,85979
Jan-2026,MAMU BTP,KEMEJA MAMU,KEMEJA FORMAL LIGHT BROWN PJG XL,88170,3,0,0,88170,264510,0
Feb-2026,MAMU BTP,KEMEJA MAMU,KEMEJA FORMAL LIGHT BROWN PJG XL,264510,0,0,0,88170,0,264510
Mar-2026,MAMU BTP,KEMEJA MAMU,KEMEJA FORMAL LIGHT BROWN PJG XL,343896,12,0,0,85974,1031688,0
Apr-2026,MAMU BTP,KEMEJA MAMU,KEMEJA FORMAL LIGHT BROWN PJG XL,171948,13,0,0,85974,1117662,1031688
Mei-2026,MAMU BTP,KEMEJA MAMU,KEMEJA FORMAL LIGHT BROWN PJG XL,0,13,0,0,85974,1117662,1117662
Jun-2026,MAMU BTP,KEMEJA MAMU,KEMEJA FORMAL LIGHT BROWN PJG XL,343896,9,0,0,85974,773766,1117662
Jul-2026,MAMU BTP,KEMEJA MAMU,KEMEJA FORMAL LIGHT BROWN PJG XL,0,9,0,0,85974,773766,773766
Agu-2026,MAMU BTP,KEMEJA MAMU,KEMEJA FORMAL LIGHT BROWN PJG XL,0,9,0,0,85974,773766,773766
Sep-2026,MAMU BTP,KEMEJA MAMU,KEMEJA FORMAL LIGHT BROWN PJG XL,0,9,0,0,85974,773766,773766
Okt-2026,MAMU BTP,KEMEJA MAMU,KEMEJA FORMAL LIGHT BROWN PJG XL,0,9,0,0,85974,773766,773766
Feb-2026,MAMU BTP,KEMEJA MAMU,KEMEJA FORMAL NAVY PDK L,77095,10,0,0,77095,770950,0
Mar-2026,MAMU BTP,KEMEJA MAMU,KEMEJA FORMAL NAVY PDK L,613882,29,0,0,74217,2152293,770950
Apr-2026,MAMU BTP,KEMEJA MAMU,KEMEJA FORMAL NAVY PDK L,296868,26,0,0,74217,1929642,2152293
Mei-2026,MAMU BTP,KEMEJA MAMU,KEMEJA FORMAL NAVY PDK L,148434,20,0,0,74217,1484340,1929642
Jun-2026,MAMU BTP,KEMEJA MAMU,KEMEJA FORMAL NAVY PDK L,222651,16,0,0,74217,1187472,1484340
Jul-2026,MAMU BTP,KEMEJA MAMU,KEMEJA FORMAL NAVY PDK L,371085,12,0,0,74217,890604,1187472
Agu-2026,MAMU BTP,KEMEJA MAMU,KEMEJA FORMAL NAVY PDK L,74217,11,0,0,74217,816387,890604
Sep-2026,MAMU BTP,KEMEJA MAMU,KEMEJA FORMAL NAVY PDK L,0,10,0,0,74217,742170,816387
Okt-2026,MAMU BTP,KEMEJA MAMU,KEMEJA FORMAL NAVY PDK L,148434,8,0,0,74217,593736,742170
Feb-2026,MAMU BTP,KEMEJA MAMU,KEMEJA FORMAL NAVY PDK M,77095,9,0,0,77095,693855,0
Mar-2026,MAMU BTP,KEMEJA MAMU,KEMEJA FORMAL NAVY PDK M,767795,26,0,0,73940,1922440,693855
Apr-2026,MAMU BTP,KEMEJA MAMU,KEMEJA FORMAL NAVY PDK M,147880,25,0,0,73940,1848500,1922440
Mei-2026,MAMU BTP,KEMEJA MAMU,KEMEJA FORMAL NAVY PDK M,0,25,0,0,73940,1848500,1848500
Jun-2026,MAMU BTP,KEMEJA MAMU,KEMEJA FORMAL NAVY PDK M,73940,24,0,0,73940,1774560,1848500
Jul-2026,MAMU BTP,KEMEJA MAMU,KEMEJA FORMAL NAVY PDK M,295760,24,0,0,73940,1774560,1774560
Agu-2026,MAMU BTP,KEMEJA MAMU,KEMEJA FORMAL NAVY PDK M,221820,17,0,0,73940,1256980,1774560
Sep-2026,MAMU BTP,KEMEJA MAMU,KEMEJA FORMAL NAVY PDK M,295760,15,0,0,73940,1109100,1256980
Okt-2026,MAMU BTP,KEMEJA MAMU,KEMEJA FORMAL NAVY PDK M,0,13,0,0,73940,961220,1109100
Feb-2026,MAMU BTP,KEMEJA MAMU,KEMEJA FORMAL NAVY PDK XL,77095,10,0,0,77095,770950,0
Mar-2026,MAMU BTP,KEMEJA MAMU,KEMEJA FORMAL NAVY PDK XL,1073556,23,0,0,74208,1706784,770950
Apr-2026,MAMU BTP,KEMEJA MAMU,KEMEJA FORMAL NAVY PDK XL,74208,24,0,0,74208,1780992,1706784
Mei-2026,MAMU BTP,KEMEJA MAMU,KEMEJA FORMAL NAVY PDK XL,0,24,0,0,74208,1780992,1780992
Jun-2026,MAMU BTP,KEMEJA MAMU,KEMEJA FORMAL NAVY PDK XL,296832,20,0,0,74208,1484160,1780992
Jul-2026,MAMU BTP,KEMEJA MAMU,KEMEJA FORMAL NAVY PDK XL,371040,16,0,0,74208,1187328,1484160
Agu-2026,MAMU BTP,KEMEJA MAMU,KEMEJA FORMAL NAVY PDK XL,74208,13,0,0,74208,964704,1187328
Sep-2026,MAMU BTP,KEMEJA MAMU,KEMEJA FORMAL NAVY PDK XL,74208,12,0,0,74208,890496,964704
Okt-2026,MAMU BTP,KEMEJA MAMU,KEMEJA FORMAL NAVY PDK XL,74208,11,0,0,74208,816288,890496
Jan-2026,MAMU BTP,KEMEJA MAMU,KEMEJA FORMAL NAVY PJG L,260391,5,0,0,86797,433985,0
Feb-2026,MAMU BTP,KEMEJA MAMU,KEMEJA FORMAL NAVY PJG L,173594,18,0,0,88095,1585710,433985
Mar-2026,MAMU BTP,KEMEJA MAMU,KEMEJA FORMAL NAVY PJG L,966669,27,0,0,86580,2337660,1585710
Apr-2026,MAMU BTP,KEMEJA MAMU,KEMEJA FORMAL NAVY PJG L,173834,27,0,0,86580,2337660,2337660
Mei-2026,MAMU BTP,KEMEJA MAMU,KEMEJA FORMAL NAVY PJG L,0,27,0,0,86580,2337660,2337660
Jun-2026,MAMU BTP,KEMEJA MAMU,KEMEJA FORMAL NAVY PJG L,260751,11,0,0,86580,952380,2337660
Jul-2026,MAMU BTP,KEMEJA MAMU,KEMEJA FORMAL NAVY PJG L,260751,10,0,0,86580,865800,952380
Agu-2026,MAMU BTP,KEMEJA MAMU,KEMEJA FORMAL NAVY PJG L,0,8,0,0,86580,692640,865800
Sep-2026,MAMU BTP,KEMEJA MAMU,KEMEJA FORMAL NAVY PJG L,77260,8,0,0,86580,692640,692640
Okt-2026,MAMU BTP,KEMEJA MAMU,KEMEJA FORMAL NAVY PJG L,77260,7,0,0,86580,606060,692640
Feb-2026,MAMU BTP,KEMEJA MAMU,KEMEJA FORMAL NAVY PJG M,88095,14,0,0,88095,1233330,0
Mar-2026,MAMU BTP,KEMEJA MAMU,KEMEJA FORMAL NAVY PJG M,703518,21,0,0,85993,1805853,1233330
Apr-2026,MAMU BTP,KEMEJA MAMU,KEMEJA FORMAL NAVY PJG M,86853,20,0,0,85993,1719860,1805853
Mei-2026,MAMU BTP,KEMEJA MAMU,KEMEJA FORMAL NAVY PJG M,0,20,0,0,85993,1719860,1719860
Jun-2026,MAMU BTP,KEMEJA MAMU,KEMEJA FORMAL NAVY PJG M,173706,18,0,0,85993,1547874,1719860
Jul-2026,MAMU BTP,KEMEJA MAMU,KEMEJA FORMAL NAVY PJG M,173706,18,0,0,85993,1547874,1547874
Agu-2026,MAMU BTP,KEMEJA MAMU,KEMEJA FORMAL NAVY PJG M,0,16,0,0,85993,1375888,1547874
Sep-2026,MAMU BTP,KEMEJA MAMU,KEMEJA FORMAL NAVY PJG M,260559,14,0,0,85993,1203902,1375888
Okt-2026,MAMU BTP,KEMEJA MAMU,KEMEJA FORMAL NAVY PJG M,173706,11,0,0,85993,945923,1203902
Feb-2026,MAMU BTP,KEMEJA MAMU,KEMEJA FORMAL NAVY PJG XL,0,5,0,0,88095,440475,0
Mar-2026,MAMU BTP,KEMEJA MAMU,KEMEJA FORMAL NAVY PJG XL,528570,25,0,0,86519,2162975,440475
Apr-2026,MAMU BTP,KEMEJA MAMU,KEMEJA FORMAL NAVY PJG XL,86519,35,0,0,86519,3028165,2162975
Mei-2026,MAMU BTP,KEMEJA MAMU,KEMEJA FORMAL NAVY PJG XL,86519,33,0,0,86519,2855127,3028165
Jun-2026,MAMU BTP,KEMEJA MAMU,KEMEJA FORMAL NAVY PJG XL,86519,25,0,0,86519,2162975,2855127
Jul-2026,MAMU BTP,KEMEJA MAMU,KEMEJA FORMAL NAVY PJG XL,259557,24,0,0,86519,2076456,2162975
Agu-2026,MAMU BTP,KEMEJA MAMU,KEMEJA FORMAL NAVY PJG XL,0,14,0,0,86519,1211266,2076456
Sep-2026,MAMU BTP,KEMEJA MAMU,KEMEJA FORMAL NAVY PJG XL,173038,12,0,0,86519,1038228,1211266
Okt-2026,MAMU BTP,KEMEJA MAMU,KEMEJA FORMAL NAVY PJG XL,86519,11,0,0,86519,951709,1038228
Jan-2026,MAMU BTP,KEMEJA MAMU,KEMEJA FORMAL OLIVE GREEN PJG L,781173,3,0,0,86797,260391,0
Feb-2026,MAMU BTP,KEMEJA MAMU,KEMEJA FORMAL OLIVE GREEN PJG L,173594,1,0,0,86797,86797,260391
Mar-2026,MAMU BTP,KEMEJA MAMU,KEMEJA FORMAL OLIVE GREEN PJG L,86797,0,0,0,86797,0,86797
Sep-2026,MAMU BTP,KEMEJA MAMU,KEMEJA FORMAL OLIVE GREEN PJG M,0,1,0,0,86797,86797,0
Okt-2026,MAMU BTP,KEMEJA MAMU,KEMEJA FORMAL OLIVE GREEN PJG M,0,0,0,0,86797,0,86797
Jan-2026,MAMU BTP,KEMEJA MAMU,KEMEJA FORMAL OLIVE GREEN PJG XL,86797,2,0,0,86797,173594,0
Feb-2026,MAMU BTP,KEMEJA MAMU,KEMEJA FORMAL OLIVE GREEN PJG XL,0,2,0,0,86797,173594,173594
Mar-2026,MAMU BTP,KEMEJA MAMU,KEMEJA FORMAL OLIVE GREEN PJG XL,173594,0,0,0,86797,0,173594
Feb-2026,MAMU BTP,KEMEJA MAMU,KEMEJA FORMAL STEEL BLUE PDK L,226191,7,0,0,75397,527779,0
Mar-2026,MAMU BTP,KEMEJA MAMU,KEMEJA FORMAL STEEL BLUE PDK L,527779,8,0,0,75397,603176,527779
Apr-2026,MAMU BTP,KEMEJA MAMU,KEMEJA FORMAL STEEL BLUE PDK L,301588,4,0,0,75397,301588,603176
Mei-2026,MAMU BTP,KEMEJA MAMU,KEMEJA FORMAL STEEL BLUE PDK L,75397,3,0,0,75397,226191,301588
Jun-2026,MAMU BTP,KEMEJA MAMU,KEMEJA FORMAL STEEL BLUE PDK L,150794,1,0,0,75397,75397,226191
Jul-2026,MAMU BTP,KEMEJA MAMU,KEMEJA FORMAL STEEL BLUE PDK L,75397,0,0,0,73797,0,75397
Feb-2026,MAMU BTP,KEMEJA MAMU,KEMEJA FORMAL STEEL BLUE PDK M,0,10,0,0,75283,752830,0
Mar-2026,MAMU BTP,KEMEJA MAMU,KEMEJA FORMAL STEEL BLUE PDK M,828113,5,0,0,75283,376415,752830
Apr-2026,MAMU BTP,KEMEJA MAMU,KEMEJA FORMAL STEEL BLUE PDK M,0,5,0,0,75283,376415,376415
Mei-2026,MAMU BTP,KEMEJA MAMU,KEMEJA FORMAL STEEL BLUE PDK M,0,5,0,0,75283,376415,376415
Jun-2026,MAMU BTP,KEMEJA MAMU,KEMEJA FORMAL STEEL BLUE PDK M,75283,4,0,0,75283,301132,376415
Jul-2026,MAMU BTP,KEMEJA MAMU,KEMEJA FORMAL STEEL BLUE PDK M,0,4,0,0,75283,301132,301132
Agu-2026,MAMU BTP,KEMEJA MAMU,KEMEJA FORMAL STEEL BLUE PDK M,150566,2,0,0,75283,150566,301132
Sep-2026,MAMU BTP,KEMEJA MAMU,KEMEJA FORMAL STEEL BLUE PDK M,75283,1,0,0,75283,75283,150566
Okt-2026,MAMU BTP,KEMEJA MAMU,KEMEJA FORMAL STEEL BLUE PDK M,75283,0,0,0,73797,0,75283
Feb-2026,MAMU BTP,KEMEJA MAMU,KEMEJA FORMAL STEEL BLUE PDK XL,0,10,0,0,75283,752830,0
Mar-2026,MAMU BTP,KEMEJA MAMU,KEMEJA FORMAL STEEL BLUE PDK XL,602264,8,0,0,75283,602264,752830
Apr-2026,MAMU BTP,KEMEJA MAMU,KEMEJA FORMAL STEEL BLUE PDK XL,75283,7,0,0,75283,526981,602264
Mei-2026,MAMU BTP,KEMEJA MAMU,KEMEJA FORMAL STEEL BLUE PDK XL,75283,6,0,0,75283,451698,526981
Jun-2026,MAMU BTP,KEMEJA MAMU,KEMEJA FORMAL STEEL BLUE PDK XL,0,6,0,0,75283,451698,451698
Jul-2026,MAMU BTP,KEMEJA MAMU,KEMEJA FORMAL STEEL BLUE PDK XL,0,6,0,0,75283,451698,451698
Agu-2026,MAMU BTP,KEMEJA MAMU,KEMEJA FORMAL STEEL BLUE PDK XL,75283,4,0,0,75283,301132,451698
Sep-2026,MAMU BTP,KEMEJA MAMU,KEMEJA FORMAL STEEL BLUE PDK XL,75283,3,0,0,75283,225849,301132
Okt-2026,MAMU BTP,KEMEJA MAMU,KEMEJA FORMAL STEEL BLUE PDK XL,0,3,0,0,75283,225849,225849
Jan-2026,MAMU BTP,KEMEJA MAMU,KEMEJA FORMAL STEEL BLUE PJG 2XL,88053,10,0,0,88053,880530,0
Feb-2026,MAMU BTP,KEMEJA MAMU,KEMEJA FORMAL STEEL BLUE PJG 2XL,0,10,0,0,88053,880530,880530
Mar-2026,MAMU BTP,KEMEJA MAMU,KEMEJA FORMAL STEEL BLUE PJG 2XL,176106,8,0,0,88053,704424,880530
Apr-2026,MAMU BTP,KEMEJA MAMU,KEMEJA FORMAL STEEL BLUE PJG 2XL,0,8,0,0,88053,704424,704424
Mei-2026,MAMU BTP,KEMEJA MAMU,KEMEJA FORMAL STEEL BLUE PJG 2XL,88053,7,0,0,88053,616371,704424
Jun-2026,MAMU BTP,KEMEJA MAMU,KEMEJA FORMAL STEEL BLUE PJG 2XL,88053,6,0,0,88053,528318,616371
Jul-2026,MAMU BTP,KEMEJA MAMU,KEMEJA FORMAL STEEL BLUE PJG 2XL,0,5,0,0,88053,440265,528318
Agu-2026,MAMU BTP,KEMEJA MAMU,KEMEJA FORMAL STEEL BLUE PJG 2XL,88053,4,0,0,88053,352212,440265
Sep-2026,MAMU BTP,KEMEJA MAMU,KEMEJA FORMAL STEEL BLUE PJG 2XL,0,3,0,0,88053,264159,352212
Okt-2026,MAMU BTP,KEMEJA MAMU,KEMEJA FORMAL STEEL BLUE PJG 2XL,0,3,0,0,88053,264159,264159
Jan-2026,MAMU BTP,KEMEJA MAMU,KEMEJA FORMAL STEEL BLUE PJG L,0,58,0,0,88053,5107074,0
Feb-2026,MAMU BTP,KEMEJA MAMU,KEMEJA FORMAL STEEL BLUE PJG L,350648,54,0,0,88053,4754862,5107074
Mar-2026,MAMU BTP,KEMEJA MAMU,KEMEJA FORMAL STEEL BLUE PJG L,525972,37,0,0,87505,3237685,4754862
Apr-2026,MAMU BTP,KEMEJA MAMU,KEMEJA FORMAL STEEL BLUE PJG L,87662,36,0,0,87505,3150180,3237685
Mei-2026,MAMU BTP,KEMEJA MAMU,KEMEJA FORMAL STEEL BLUE PJG L,87662,35,0,0,87170,3050950,3150180
Jun-2026,MAMU BTP,KEMEJA MAMU,KEMEJA FORMAL STEEL BLUE PJG L,87662,34,0,0,87170,2963780,3050950
Jul-2026,MAMU BTP,KEMEJA MAMU,KEMEJA FORMAL STEEL BLUE PJG L,175324,34,0,0,87170,2963780,2963780
Agu-2026,MAMU BTP,KEMEJA MAMU,KEMEJA FORMAL STEEL BLUE PJG L,85006,33,0,0,87170,2876610,2963780
Sep-2026,MAMU BTP,KEMEJA MAMU,KEMEJA FORMAL STEEL BLUE PJG L,255018,29,0,0,87170,2527930,2876610
Okt-2026,MAMU BTP,KEMEJA MAMU,KEMEJA FORMAL STEEL BLUE PJG L,85006,28,0,0,87170,2440760,2527930
Jan-2026,MAMU BTP,KEMEJA MAMU,KEMEJA FORMAL STEEL BLUE PJG M,175826,37,0,0,88053,3257961,0
Feb-2026,MAMU BTP,KEMEJA MAMU,KEMEJA FORMAL STEEL BLUE PJG M,175826,37,0,0,88053,3257961,3257961
Mar-2026,MAMU BTP,KEMEJA MAMU,KEMEJA FORMAL STEEL BLUE PJG M,615391,21,0,0,88053,1849113,3257961
Apr-2026,MAMU BTP,KEMEJA MAMU,KEMEJA FORMAL STEEL BLUE PJG M,87913,20,0,0,88053,1761060,1849113
Mei-2026,MAMU BTP,KEMEJA MAMU,KEMEJA FORMAL STEEL BLUE PJG M,0,20,0,0,88053,1761060,1761060
Jun-2026,MAMU BTP,KEMEJA MAMU,KEMEJA FORMAL STEEL BLUE PJG M,0,20,0,0,88053,1761060,1761060
Jul-2026,MAMU BTP,KEMEJA MAMU,KEMEJA FORMAL STEEL BLUE PJG M,175826,18,0,0,88053,1584954,1761060
Agu-2026,MAMU BTP,KEMEJA MAMU,KEMEJA FORMAL STEEL BLUE PJG M,87913,17,0,0,88053,1496901,1584954
Sep-2026,MAMU BTP,KEMEJA MAMU,KEMEJA FORMAL STEEL BLUE PJG M,351652,14,0,0,88053,1232742,1496901
Okt-2026,MAMU BTP,KEMEJA MAMU,KEMEJA FORMAL STEEL BLUE PJG M,0,13,0,0,88053,1144689,1232742
Jan-2026,MAMU BTP,KEMEJA MAMU,KEMEJA FORMAL STEEL BLUE PJG S,87963,12,0,0,88053,1056636,0
Feb-2026,MAMU BTP,KEMEJA MAMU,KEMEJA FORMAL STEEL BLUE PJG S,87963,11,0,0,88053,968583,1056636
Mar-2026,MAMU BTP,KEMEJA MAMU,KEMEJA FORMAL STEEL BLUE PJG S,351852,4,0,0,88053,352212,968583
Apr-2026,MAMU BTP,KEMEJA MAMU,KEMEJA FORMAL STEEL BLUE PJG S,87963,3,0,0,88053,264159,352212
Mei-2026,MAMU BTP,KEMEJA MAMU,KEMEJA FORMAL STEEL BLUE PJG S,87963,2,0,0,88053,176106,264159
Jun-2026,MAMU BTP,KEMEJA MAMU,KEMEJA FORMAL STEEL BLUE PJG S,0,2,0,0,88053,176106,176106
Jul-2026,MAMU BTP,KEMEJA MAMU,KEMEJA FORMAL STEEL BLUE PJG S,0,2,0,0,88053,176106,176106
Agu-2026,MAMU BTP,KEMEJA MAMU,KEMEJA FORMAL STEEL BLUE PJG S,87963,2,0,0,88053,176106,176106
Sep-2026,MAMU BTP,KEMEJA MAMU,KEMEJA FORMAL STEEL BLUE PJG S,0,1,0,0,88053,88053,176106
Okt-2026,MAMU BTP,KEMEJA MAMU,KEMEJA FORMAL STEEL BLUE PJG S,0,1,0,0,88053,88053,88053
Jan-2026,MAMU BTP,KEMEJA MAMU,KEMEJA FORMAL STEEL BLUE PJG XL,0,44,0,0,88053,3874332,0
Feb-2026,MAMU BTP,KEMEJA MAMU,KEMEJA FORMAL STEEL BLUE PJG XL,0,44,0,0,88053,3874332,3874332
Mar-2026,MAMU BTP,KEMEJA MAMU,KEMEJA FORMAL STEEL BLUE PJG XL,87855,34,0,0,88053,2993802,3874332
Apr-2026,MAMU BTP,KEMEJA MAMU,KEMEJA FORMAL STEEL BLUE PJG XL,87855,31,0,0,88053,2729643,2993802
Mei-2026,MAMU BTP,KEMEJA MAMU,KEMEJA FORMAL STEEL BLUE PJG XL,87855,30,0,0,88053,2641590,2729643
Jun-2026,MAMU BTP,KEMEJA MAMU,KEMEJA FORMAL STEEL BLUE PJG XL,0,30,0,0,88053,2641590,2641590
Jul-2026,MAMU BTP,KEMEJA MAMU,KEMEJA FORMAL STEEL BLUE PJG XL,0,30,0,0,88053,2641590,2641590
Agu-2026,MAMU BTP,KEMEJA MAMU,KEMEJA FORMAL STEEL BLUE PJG XL,0,31,0,0,88053,2729643,2641590
Sep-2026,MAMU BTP,KEMEJA MAMU,KEMEJA FORMAL STEEL BLUE PJG XL,0,31,0,0,88053,2729643,2729643
Okt-2026,MAMU BTP,KEMEJA MAMU,KEMEJA FORMAL STEEL BLUE PJG XL,0,31,0,0,88053,2729643,2729643
Jan-2026,MAMU BTP,KEMEJA MAMU,KEMEJA FORMAL TOFFEE PDK 2XL,150106,19,0,0,75053,1426007,0
Feb-2026,MAMU BTP,KEMEJA MAMU,KEMEJA FORMAL TOFFEE PDK 2XL,75053,18,0,0,75053,1350954,1426007
Mar-2026,MAMU BTP,KEMEJA MAMU,KEMEJA FORMAL TOFFEE PDK 2XL,900636,2,0,0,75053,150106,1350954
Apr-2026,MAMU BTP,KEMEJA MAMU,KEMEJA FORMAL TOFFEE PDK 2XL,75053,1,0,0,75053,75053,150106
Mei-2026,MAMU BTP,KEMEJA MAMU,KEMEJA FORMAL TOFFEE PDK 2XL,0,1,0,0,75053,75053,75053
Jun-2026,MAMU BTP,KEMEJA MAMU,KEMEJA FORMAL TOFFEE PDK 2XL,75053,0,0,0,75053,0,75053
Jan-2026,MAMU BTP,KEMEJA MAMU,KEMEJA FORMAL TOFFEE PDK L,373825,9,0,0,75053,675477,0
Feb-2026,MAMU BTP,KEMEJA MAMU,KEMEJA FORMAL TOFFEE PDK L,224295,26,0,0,75053,1951378,675477
Mar-2026,MAMU BTP,KEMEJA MAMU,KEMEJA FORMAL TOFFEE PDK L,2099834,2,0,0,75053,150106,1951378
Apr-2026,MAMU BTP,KEMEJA MAMU,KEMEJA FORMAL TOFFEE PDK L,225060,0,0,0,75053,0,150106
Jun-2026,MAMU BTP,KEMEJA MAMU,KEMEJA FORMAL TOFFEE PDK L,145996,3,0,0,75053,225159,0
Jul-2026,MAMU BTP,KEMEJA MAMU,KEMEJA FORMAL TOFFEE PDK L,145996,6,0,0,75053,450318,225159
Agu-2026,MAMU BTP,KEMEJA MAMU,KEMEJA FORMAL TOFFEE PDK L,218441,5,0,0,75053,375265,450318
Sep-2026,MAMU BTP,KEMEJA MAMU,KEMEJA FORMAL TOFFEE PDK L,143310,6,0,0,75053,450318,375265
Okt-2026,MAMU BTP,KEMEJA MAMU,KEMEJA FORMAL TOFFEE PDK L,71326,9,0,0,75053,675477,450318
Jan-2026,MAMU BTP,KEMEJA MAMU,KEMEJA FORMAL TOFFEE PDK M,449919,33,0,0,74214,2449062,0
Feb-2026,MAMU BTP,KEMEJA MAMU,KEMEJA FORMAL TOFFEE PDK M,374915,29,0,0,74214,2152206,2449062
Mar-2026,MAMU BTP,KEMEJA MAMU,KEMEJA FORMAL TOFFEE PDK M,1873805,5,0,0,74214,371070,2152206
Apr-2026,MAMU BTP,KEMEJA MAMU,KEMEJA FORMAL TOFFEE PDK M,224487,3,0,0,74214,222642,371070
Mei-2026,MAMU BTP,KEMEJA MAMU,KEMEJA FORMAL TOFFEE PDK M,224487,0,0,0,74214,0,222642
Jun-2026,MAMU BTP,KEMEJA MAMU,KEMEJA FORMAL TOFFEE PDK M,72998,4,0,0,74214,296856,0
Jul-2026,MAMU BTP,KEMEJA MAMU,KEMEJA FORMAL TOFFEE PDK M,0,6,0,0,74214,445284,296856
Agu-2026,MAMU BTP,KEMEJA MAMU,KEMEJA FORMAL TOFFEE PDK M,0,6,0,0,74214,445284,445284
Sep-2026,MAMU BTP,KEMEJA MAMU,KEMEJA FORMAL TOFFEE PDK M,218994,6,0,0,74214,445284,445284
Okt-2026,MAMU BTP,KEMEJA MAMU,KEMEJA FORMAL TOFFEE PDK M,0,7,0,0,74214,519498,445284
Jan-2026,MAMU BTP,KEMEJA MAMU,KEMEJA FORMAL TOFFEE PDK S,150106,18,0,0,75053,1350954,0
Feb-2026,MAMU BTP,KEMEJA MAMU,KEMEJA FORMAL TOFFEE PDK S,75053,17,0,0,75053,1275901,1350954
Mar-2026,MAMU BTP,KEMEJA MAMU,KEMEJA FORMAL TOFFEE PDK S,975689,0,0,0,75053,0,1275901
Jan-2026,MAMU BTP,KEMEJA MAMU,KEMEJA FORMAL TOFFEE PDK XL,74991,17,0,0,75053,1275901,0
Feb-2026,MAMU BTP,KEMEJA MAMU,KEMEJA FORMAL TOFFEE PDK XL,149982,16,0,0,75053,1200848,1275901
Mar-2026,MAMU BTP,KEMEJA MAMU,KEMEJA FORMAL TOFFEE PDK XL,1125052,13,0,0,75053,975689,1200848
Apr-2026,MAMU BTP,KEMEJA MAMU,KEMEJA FORMAL TOFFEE PDK XL,300168,8,0,0,75053,600424,975689
Mei-2026,MAMU BTP,KEMEJA MAMU,KEMEJA FORMAL TOFFEE PDK XL,150084,6,0,0,75053,450318,600424
Jun-2026,MAMU BTP,KEMEJA MAMU,KEMEJA FORMAL TOFFEE PDK XL,75042,10,0,0,75053,750530,450318
Jul-2026,MAMU BTP,KEMEJA MAMU,KEMEJA FORMAL TOFFEE PDK XL,370100,6,0,0,75053,450318,750530
Agu-2026,MAMU BTP,KEMEJA MAMU,KEMEJA FORMAL TOFFEE PDK XL,0,6,0,0,75053,450318,450318
Sep-2026,MAMU BTP,KEMEJA MAMU,KEMEJA FORMAL TOFFEE PDK XL,73850,5,0,0,75053,375265,450318
Okt-2026,MAMU BTP,KEMEJA MAMU,KEMEJA FORMAL TOFFEE PDK XL,0,6,0,0,75053,450318,375265
Jan-2026,MAMU BTP,KEMEJA MAMU,KEMEJA FORMAL TOFFEE PJG 2XL,175808,4,0,0,88053,352212,0
Feb-2026,MAMU BTP,KEMEJA MAMU,KEMEJA FORMAL TOFFEE PJG 2XL,263712,1,0,0,88053,88053,352212
Mar-2026,MAMU BTP,KEMEJA MAMU,KEMEJA FORMAL TOFFEE PJG 2XL,87904,4,0,0,88053,352212,88053
Apr-2026,MAMU BTP,KEMEJA MAMU,KEMEJA FORMAL TOFFEE PJG 2XL,352212,0,0,0,88053,0,352212
Jan-2026,MAMU BTP,KEMEJA MAMU,KEMEJA FORMAL TOFFEE PJG L,177676,44,0,0,88053,3874332,0
Feb-2026,MAMU BTP,KEMEJA MAMU,KEMEJA FORMAL TOFFEE PJG L,266514,41,0,0,88053,3610173,3874332
Mar-2026,MAMU BTP,KEMEJA MAMU,KEMEJA FORMAL TOFFEE PJG L,888193,36,0,0,88053,3169908,3610173
Apr-2026,MAMU BTP,KEMEJA MAMU,KEMEJA FORMAL TOFFEE PJG L,265953,22,0,0,88053,1937166,3169908
Mei-2026,MAMU BTP,KEMEJA MAMU,KEMEJA FORMAL TOFFEE PJG L,0,22,0,0,88053,1937166,1937166
Jun-2026,MAMU BTP,KEMEJA MAMU,KEMEJA FORMAL TOFFEE PJG L,0,22,0,0,88053,1937166,1937166
Jul-2026,MAMU BTP,KEMEJA MAMU,KEMEJA FORMAL TOFFEE PJG L,0,22,0,0,88053,1937166,1937166
Agu-2026,MAMU BTP,KEMEJA MAMU,KEMEJA FORMAL TOFFEE PJG L,57362,33,0,0,88053,2905749,1937166
Sep-2026,MAMU BTP,KEMEJA MAMU,KEMEJA FORMAL TOFFEE PJG L,0,33,0,0,88053,2905749,2905749
Okt-2026,MAMU BTP,KEMEJA MAMU,KEMEJA FORMAL TOFFEE PJG L,0,33,0,0,88053,2905749,2905749
Jan-2026,MAMU BTP,KEMEJA MAMU,KEMEJA FORMAL TOFFEE PJG M,263946,42,0,0,88053,3698226,0
Feb-2026,MAMU BTP,KEMEJA MAMU,KEMEJA FORMAL TOFFEE PJG M,175964,41,0,0,88053,3610173,3698226
Mar-2026,MAMU BTP,KEMEJA MAMU,KEMEJA FORMAL TOFFEE PJG M,615874,28,0,0,88053,2465484,3610173
Apr-2026,MAMU BTP,KEMEJA MAMU,KEMEJA FORMAL TOFFEE PJG M,87982,27,0,0,88053,2377431,2465484
Mei-2026,MAMU BTP,KEMEJA MAMU,KEMEJA FORMAL TOFFEE PJG M,0,27,0,0,88053,2377431,2377431
Jun-2026,MAMU BTP,KEMEJA MAMU,KEMEJA FORMAL TOFFEE PJG M,0,27,0,0,88053,2377431,2377431
Jul-2026,MAMU BTP,KEMEJA MAMU,KEMEJA FORMAL TOFFEE PJG M,87982,26,0,0,88053,2289378,2377431
Agu-2026,MAMU BTP,KEMEJA MAMU,KEMEJA FORMAL TOFFEE PJG M,0,26,0,0,88053,2289378,2289378
Sep-2026,MAMU BTP,KEMEJA MAMU,KEMEJA FORMAL TOFFEE PJG M,263946,24,0,0,88053,2113272,2289378
Okt-2026,MAMU BTP,KEMEJA MAMU,KEMEJA FORMAL TOFFEE PJG M,0,23,0,0,88053,2025219,2113272
Jan-2026,MAMU BTP,KEMEJA MAMU,KEMEJA FORMAL TOFFEE PJG S,0,18,0,0,88053,1584954,0
Feb-2026,MAMU BTP,KEMEJA MAMU,KEMEJA FORMAL TOFFEE PJG S,264159,16,0,0,88053,1408848,1584954
Mar-2026,MAMU BTP,KEMEJA MAMU,KEMEJA FORMAL TOFFEE PJG S,528318,5,0,0,88053,440265,1408848
Apr-2026,MAMU BTP,KEMEJA MAMU,KEMEJA FORMAL TOFFEE PJG S,88053,4,0,0,88053,352212,440265
Mei-2026,MAMU BTP,KEMEJA MAMU,KEMEJA FORMAL TOFFEE PJG S,176106,2,0,0,88053,176106,352212
Jun-2026,MAMU BTP,KEMEJA MAMU,KEMEJA FORMAL TOFFEE PJG S,0,2,0,0,88053,176106,176106
Jul-2026,MAMU BTP,KEMEJA MAMU,KEMEJA FORMAL TOFFEE PJG S,0,2,0,0,88053,176106,176106
Agu-2026,MAMU BTP,KEMEJA MAMU,KEMEJA FORMAL TOFFEE PJG S,176106,2,0,0,88053,176106,176106
Sep-2026,MAMU BTP,KEMEJA MAMU,KEMEJA FORMAL TOFFEE PJG S,0,0,0,0,88053,0,176106
Jan-2026,MAMU BTP,KEMEJA MAMU,KEMEJA FORMAL TOFFEE PJG XL,88034,42,0,0,88053,3698226,0
Feb-2026,MAMU BTP,KEMEJA MAMU,KEMEJA FORMAL TOFFEE PJG XL,88034,41,0,0,88053,3610173,3698226
Mar-2026,MAMU BTP,KEMEJA MAMU,KEMEJA FORMAL TOFFEE PJG XL,440170,31,0,0,88053,2729643,3610173
Apr-2026,MAMU BTP,KEMEJA MAMU,KEMEJA FORMAL TOFFEE PJG XL,352136,27,0,0,88053,2377431,2729643
Mei-2026,MAMU BTP,KEMEJA MAMU,KEMEJA FORMAL TOFFEE PJG XL,176068,25,0,0,88053,2201325,2377431
Jun-2026,MAMU BTP,KEMEJA MAMU,KEMEJA FORMAL TOFFEE PJG XL,0,25,0,0,88053,2201325,2201325
Jul-2026,MAMU BTP,KEMEJA MAMU,KEMEJA FORMAL TOFFEE PJG XL,0,25,0,0,88053,2201325,2201325
Agu-2026,MAMU BTP,KEMEJA MAMU,KEMEJA FORMAL TOFFEE PJG XL,88034,24,0,0,88053,2113272,2201325
Sep-2026,MAMU BTP,KEMEJA MAMU,KEMEJA FORMAL TOFFEE PJG XL,88034,23,0,0,88053,2025219,2113272
Okt-2026,MAMU BTP,KEMEJA MAMU,KEMEJA FORMAL TOFFEE PJG XL,0,23,0,0,88053,2025219,2025219
Mei-2026,MAMU BTP,KEMEJA MAMU,KEMEJA SHANGHAI COKLAT TUA PDK 2XL,72923,1,0,0,159000,159000,0
Jun-2026,MAMU BTP,KEMEJA MAMU,KEMEJA SHANGHAI COKLAT TUA PDK 2XL,72923,0,0,0,159000,0,159000
Mei-2026,MAMU BTP,KEMEJA MAMU,KEMEJA SHANGHAI COKLAT TUA PDK L,72926,9,0,0,159000,1431000,0
Jun-2026,MAMU BTP,KEMEJA MAMU,KEMEJA SHANGHAI COKLAT TUA PDK L,218778,6,0,0,159000,954000,1431000
Jul-2026,MAMU BTP,KEMEJA MAMU,KEMEJA SHANGHAI COKLAT TUA PDK L,72926,5,0,0,159000,795000,954000
Agu-2026,MAMU BTP,KEMEJA MAMU,KEMEJA SHANGHAI COKLAT TUA PDK L,145852,4,0,0,159000,636000,795000
Sep-2026,MAMU BTP,KEMEJA MAMU,KEMEJA SHANGHAI COKLAT TUA PDK L,0,3,0,0,159000,477000,636000
Okt-2026,MAMU BTP,KEMEJA MAMU,KEMEJA SHANGHAI COKLAT TUA PDK L,72926,2,0,0,159000,318000,477000
Mei-2026,MAMU BTP,KEMEJA MAMU,KEMEJA SHANGHAI COKLAT TUA PDK M,72929,9,0,0,159000,1431000,0
Jun-2026,MAMU BTP,KEMEJA MAMU,KEMEJA SHANGHAI COKLAT TUA PDK M,72929,8,0,0,159000,1272000,1431000
Jul-2026,MAMU BTP,KEMEJA MAMU,KEMEJA SHANGHAI COKLAT TUA PDK M,0,8,0,0,159000,1272000,1272000
Agu-2026,MAMU BTP,KEMEJA MAMU,KEMEJA SHANGHAI COKLAT TUA PDK M,72929,8,0,0,159000,1272000,1272000
Sep-2026,MAMU BTP,KEMEJA MAMU,KEMEJA SHANGHAI COKLAT TUA PDK M,291716,4,0,0,159000,636000,1272000
Okt-2026,MAMU BTP,KEMEJA MAMU,KEMEJA SHANGHAI COKLAT TUA PDK M,0,3,0,0,159000,477000,636000
Mei-2026,MAMU BTP,KEMEJA MAMU,KEMEJA SHANGHAI COKLAT TUA PDK S,0,2,0,0,159000,318000,0
Jun-2026,MAMU BTP,KEMEJA MAMU,KEMEJA SHANGHAI COKLAT TUA PDK S,72923,1,0,0,159000,159000,318000
Jul-2026,MAMU BTP,KEMEJA MAMU,KEMEJA SHANGHAI COKLAT TUA PDK S,0,1,0,0,159000,159000,159000
Agu-2026,MAMU BTP,KEMEJA MAMU,KEMEJA SHANGHAI COKLAT TUA PDK S,0,1,0,0,159000,159000,159000
Sep-2026,MAMU BTP,KEMEJA MAMU,KEMEJA SHANGHAI COKLAT TUA PDK S,72923,0,0,0,159000,0,159000
Mei-2026,MAMU BTP,KEMEJA MAMU,KEMEJA SHANGHAI COKLAT TUA PDK XL,72926,9,0,0,159000,1431000,0
Jun-2026,MAMU BTP,KEMEJA MAMU,KEMEJA SHANGHAI COKLAT TUA PDK XL,72926,8,0,0,159000,1272000,1431000
Jul-2026,MAMU BTP,KEMEJA MAMU,KEMEJA SHANGHAI COKLAT TUA PDK XL,218778,8,0,0,159000,1272000,1272000
Agu-2026,MAMU BTP,KEMEJA MAMU,KEMEJA SHANGHAI COKLAT TUA PDK XL,291704,3,0,0,159000,477000,1272000
Sep-2026,MAMU BTP,KEMEJA MAMU,KEMEJA SHANGHAI COKLAT TUA PDK XL,72926,3,0,0,159000,477000,477000
Okt-2026,MAMU BTP,KEMEJA MAMU,KEMEJA SHANGHAI COKLAT TUA PDK XL,0,3,0,0,159000,477000,477000
Mei-2026,MAMU BTP,KEMEJA MAMU,KEMEJA SHANGHAI COKLAT TUA PJG 2XL,85923,1,0,0,189000,189000,0
Jun-2026,MAMU BTP,KEMEJA MAMU,KEMEJA SHANGHAI COKLAT TUA PJG 2XL,85923,0,0,0,189000,0,189000
Mei-2026,MAMU BTP,KEMEJA MAMU,KEMEJA SHANGHAI COKLAT TUA PJG L,0,10,0,0,189000,1890000,0
Jun-2026,MAMU BTP,KEMEJA MAMU,KEMEJA SHANGHAI COKLAT TUA PJG L,85972,9,0,0,189000,1701000,1890000
Jul-2026,MAMU BTP,KEMEJA MAMU,KEMEJA SHANGHAI COKLAT TUA PJG L,85972,8,0,0,189000,1512000,1701000
Agu-2026,MAMU BTP,KEMEJA MAMU,KEMEJA SHANGHAI COKLAT TUA PJG L,85972,8,0,0,189000,1512000,1512000
Sep-2026,MAMU BTP,KEMEJA MAMU,KEMEJA SHANGHAI COKLAT TUA PJG L,0,7,0,0,189000,1323000,1512000
Okt-2026,MAMU BTP,KEMEJA MAMU,KEMEJA SHANGHAI COKLAT TUA PJG L,0,7,0,0,189000,1323000,1323000
Mei-2026,MAMU BTP,KEMEJA MAMU,KEMEJA SHANGHAI COKLAT TUA PJG M,85993,8,0,0,189000,1512000,0
Jun-2026,MAMU BTP,KEMEJA MAMU,KEMEJA SHANGHAI COKLAT TUA PJG M,0,8,0,0,189000,1512000,1512000
Jul-2026,MAMU BTP,KEMEJA MAMU,KEMEJA SHANGHAI COKLAT TUA PJG M,0,8,0,0,189000,1512000,1512000
Agu-2026,MAMU BTP,KEMEJA MAMU,KEMEJA SHANGHAI COKLAT TUA PJG M,0,8,0,0,189000,1512000,1512000
Sep-2026,MAMU BTP,KEMEJA MAMU,KEMEJA SHANGHAI COKLAT TUA PJG M,85993,8,0,0,189000,1512000,1512000
Okt-2026,MAMU BTP,KEMEJA MAMU,KEMEJA SHANGHAI COKLAT TUA PJG M,0,7,0,0,189000,1323000,1512000
Mei-2026,MAMU BTP,KEMEJA MAMU,KEMEJA SHANGHAI COKLAT TUA PJG S,85923,1,0,0,189000,189000,0
Jun-2026,MAMU BTP,KEMEJA MAMU,KEMEJA SHANGHAI COKLAT TUA PJG S,0,1,0,0,189000,189000,189000
Jul-2026,MAMU BTP,KEMEJA MAMU,KEMEJA SHANGHAI COKLAT TUA PJG S,0,1,0,0,189000,189000,189000
Agu-2026,MAMU BTP,KEMEJA MAMU,KEMEJA SHANGHAI COKLAT TUA PJG S,0,1,0,0,189000,189000,189000
Sep-2026,MAMU BTP,KEMEJA MAMU,KEMEJA SHANGHAI COKLAT TUA PJG S,0,1,0,0,189000,189000,189000
Okt-2026,MAMU BTP,KEMEJA MAMU,KEMEJA SHANGHAI COKLAT TUA PJG S,0,1,0,0,189000,189000,189000
Mei-2026,MAMU BTP,KEMEJA MAMU,KEMEJA SHANGHAI COKLAT TUA PJG XL,171986,9,0,0,189000,1701000,0
Jun-2026,MAMU BTP,KEMEJA MAMU,KEMEJA SHANGHAI COKLAT TUA PJG XL,85993,6,0,0,189000,1134000,1701000
Jul-2026,MAMU BTP,KEMEJA MAMU,KEMEJA SHANGHAI COKLAT TUA PJG XL,85993,5,0,0,189000,945000,1134000
Agu-2026,MAMU BTP,KEMEJA MAMU,KEMEJA SHANGHAI COKLAT TUA PJG XL,85993,4,0,0,189000,756000,945000
Sep-2026,MAMU BTP,KEMEJA MAMU,KEMEJA SHANGHAI COKLAT TUA PJG XL,0,4,0,0,189000,756000,756000
Okt-2026,MAMU BTP,KEMEJA MAMU,KEMEJA SHANGHAI COKLAT TUA PJG XL,85993,3,0,0,189000,567000,756000
Apr-2026,MAMU BTP,KEMEJA MAMU,KEMEJA SHANGHAI HITAM PDK 2XL,0,1,0,0,72997,72997,0
Mei-2026,MAMU BTP,KEMEJA MAMU,KEMEJA SHANGHAI HITAM PDK 2XL,72997,0,0,0,74214,0,72997
Jan-2026,MAMU BTP,KEMEJA MAMU,KEMEJA SHANGHAI HITAM PDK L,148428,0,0,0,74214,0,0
Apr-2026,MAMU BTP,KEMEJA MAMU,KEMEJA SHANGHAI HITAM PDK L,72925,3,10,0,72925,948025,0
Mei-2026,MAMU BTP,KEMEJA MAMU,KEMEJA SHANGHAI HITAM PDK L,145914,11,0,0,72966,802626,948025
Jun-2026,MAMU BTP,KEMEJA MAMU,KEMEJA SHANGHAI HITAM PDK L,0,11,0,0,72966,802626,802626
Jul-2026,MAMU BTP,KEMEJA MAMU,KEMEJA SHANGHAI HITAM PDK L,145914,14,0,0,72966,1021524,802626
Agu-2026,MAMU BTP,KEMEJA MAMU,KEMEJA SHANGHAI HITAM PDK L,51072,19,0,0,72966,1386354,1021524
Sep-2026,MAMU BTP,KEMEJA MAMU,KEMEJA SHANGHAI HITAM PDK L,102144,17,0,0,72966,1240422,1386354
Okt-2026,MAMU BTP,KEMEJA MAMU,KEMEJA SHANGHAI HITAM PDK L,0,17,0,0,72966,1240422,1240422
Apr-2026,MAMU BTP,KEMEJA MAMU,KEMEJA SHANGHAI HITAM PDK M,72941,9,0,0,72941,656469,0
Mei-2026,MAMU BTP,KEMEJA MAMU,KEMEJA SHANGHAI HITAM PDK M,0,9,0,0,72949,656541,656469
Jun-2026,MAMU BTP,KEMEJA MAMU,KEMEJA SHANGHAI HITAM PDK M,0,9,0,0,72949,656541,656541
Jul-2026,MAMU BTP,KEMEJA MAMU,KEMEJA SHANGHAI HITAM PDK M,72941,10,0,0,72949,729490,656541
Agu-2026,MAMU BTP,KEMEJA MAMU,KEMEJA SHANGHAI HITAM PDK M,291773,5,0,0,72949,364745,729490
Sep-2026,MAMU BTP,KEMEJA MAMU,KEMEJA SHANGHAI HITAM PDK M,72945,6,0,0,72949,437694,364745
Okt-2026,MAMU BTP,KEMEJA MAMU,KEMEJA SHANGHAI HITAM PDK M,0,5,0,0,72949,364745,437694
Apr-2026,MAMU BTP,KEMEJA MAMU,KEMEJA SHANGHAI HITAM PDK XL,72921,9,0,0,72921,656289,0
Mei-2026,MAMU BTP,KEMEJA MAMU,KEMEJA SHANGHAI HITAM PDK XL,0,9,0,0,72940,656460,656289
Jun-2026,MAMU BTP,KEMEJA MAMU,KEMEJA SHANGHAI HITAM PDK XL,145842,7,0,0,72940,510580,656460
Jul-2026,MAMU BTP,KEMEJA MAMU,KEMEJA SHANGHAI HITAM PDK XL,218773,8,0,0,72940,583520,510580
Agu-2026,MAMU BTP,KEMEJA MAMU,KEMEJA SHANGHAI HITAM PDK XL,72928,6,0,0,72940,437640,583520
Sep-2026,MAMU BTP,KEMEJA MAMU,KEMEJA SHANGHAI HITAM PDK XL,0,6,0,0,72940,437640,437640
Okt-2026,MAMU BTP,KEMEJA MAMU,KEMEJA SHANGHAI HITAM PDK XL,0,6,0,0,72940,437640,437640
Jan-2026,MAMU BTP,KEMEJA MAMU,KEMEJA SHANGHAI HITAM PJG 2XL,0,3,0,0,88053,264159,0
Feb-2026,MAMU BTP,KEMEJA MAMU,KEMEJA SHANGHAI HITAM PJG 2XL,175770,1,0,0,88053,88053,264159
Mar-2026,MAMU BTP,KEMEJA MAMU,KEMEJA SHANGHAI HITAM PJG 2XL,87885,0,0,0,88053,0,88053
Apr-2026,MAMU BTP,KEMEJA MAMU,KEMEJA SHANGHAI HITAM PJG 2XL,85997,1,0,0,85997,85997,0
Mei-2026,MAMU BTP,KEMEJA MAMU,KEMEJA SHANGHAI HITAM PJG 2XL,85997,0,0,0,88053,0,85997
Jan-2026,MAMU BTP,KEMEJA MAMU,KEMEJA SHANGHAI HITAM PJG L,0,23,0,0,88053,2025219,0
Feb-2026,MAMU BTP,KEMEJA MAMU,KEMEJA SHANGHAI HITAM PJG L,175732,23,0,0,88053,2025219,2025219
Mar-2026,MAMU BTP,KEMEJA MAMU,KEMEJA SHANGHAI HITAM PJG L,1845186,0,0,0,88053,0,2025219
Apr-2026,MAMU BTP,KEMEJA MAMU,KEMEJA SHANGHAI HITAM PJG L,85943,0,10,0,85943,859430,0
Mei-2026,MAMU BTP,KEMEJA MAMU,KEMEJA SHANGHAI HITAM PJG L,0,9,0,0,85943,773487,859430
Jun-2026,MAMU BTP,KEMEJA MAMU,KEMEJA SHANGHAI HITAM PJG L,0,9,0,0,85943,773487,773487
Jul-2026,MAMU BTP,KEMEJA MAMU,KEMEJA SHANGHAI HITAM PJG L,85943,11,0,0,85943,945373,773487
Agu-2026,MAMU BTP,KEMEJA MAMU,KEMEJA SHANGHAI HITAM PJG L,47020,22,0,0,85943,1890746,945373
Sep-2026,MAMU BTP,KEMEJA MAMU,KEMEJA SHANGHAI HITAM PJG L,188080,17,0,0,85943,1461031,1890746
Okt-2026,MAMU BTP,KEMEJA MAMU,KEMEJA SHANGHAI HITAM PJG L,47020,16,0,0,85943,1375088,1461031
Jan-2026,MAMU BTP,KEMEJA MAMU,KEMEJA SHANGHAI HITAM PJG M,263691,16,0,0,88053,1408848,0
Feb-2026,MAMU BTP,KEMEJA MAMU,KEMEJA SHANGHAI HITAM PJG M,351588,13,0,0,88053,1144689,1408848
Mar-2026,MAMU BTP,KEMEJA MAMU,KEMEJA SHANGHAI HITAM PJG M,1054764,0,0,0,88053,0,1144689
Apr-2026,MAMU BTP,KEMEJA MAMU,KEMEJA SHANGHAI HITAM PJG M,0,10,0,0,85943,859430,0
Mei-2026,MAMU BTP,KEMEJA MAMU,KEMEJA SHANGHAI HITAM PJG M,0,10,0,0,85943,859430,859430
Jun-2026,MAMU BTP,KEMEJA MAMU,KEMEJA SHANGHAI HITAM PJG M,0,10,0,0,85943,859430,859430
Jul-2026,MAMU BTP,KEMEJA MAMU,KEMEJA SHANGHAI HITAM PJG M,85943,11,0,0,85943,945373,859430
Agu-2026,MAMU BTP,KEMEJA MAMU,KEMEJA SHANGHAI HITAM PJG M,0,12,0,0,85943,1031316,945373
Sep-2026,MAMU BTP,KEMEJA MAMU,KEMEJA SHANGHAI HITAM PJG M,171626,13,0,0,85943,1117259,1031316
Okt-2026,MAMU BTP,KEMEJA MAMU,KEMEJA SHANGHAI HITAM PJG M,0,11,0,0,85943,945373,1117259
Jan-2026,MAMU BTP,KEMEJA MAMU,KEMEJA SHANGHAI HITAM PJG S,88053,0,0,0,88053,0,0
Jan-2026,MAMU BTP,KEMEJA MAMU,KEMEJA SHANGHAI HITAM PJG XL,0,16,0,0,88053,1408848,0
Feb-2026,MAMU BTP,KEMEJA MAMU,KEMEJA SHANGHAI HITAM PJG XL,87786,15,0,0,88053,1320795,1408848
Mar-2026,MAMU BTP,KEMEJA MAMU,KEMEJA SHANGHAI HITAM PJG XL,1316790,0,0,0,88053,0,1320795
Apr-2026,MAMU BTP,KEMEJA MAMU,KEMEJA SHANGHAI HITAM PJG XL,0,10,0,0,85939,859390,0
Mei-2026,MAMU BTP,KEMEJA MAMU,KEMEJA SHANGHAI HITAM PJG XL,85939,7,0,0,85957,601699,859390
Jun-2026,MAMU BTP,KEMEJA MAMU,KEMEJA SHANGHAI HITAM PJG XL,0,7,0,0,85957,601699,601699
Jul-2026,MAMU BTP,KEMEJA MAMU,KEMEJA SHANGHAI HITAM PJG XL,0,9,0,0,85957,773613,601699
Agu-2026,MAMU BTP,KEMEJA MAMU,KEMEJA SHANGHAI HITAM PJG XL,0,10,0,0,85957,859570,773613
Sep-2026,MAMU BTP,KEMEJA MAMU,KEMEJA SHANGHAI HITAM PJG XL,81709,9,0,0,85957,773613,859570
Okt-2026,MAMU BTP,KEMEJA MAMU,KEMEJA SHANGHAI HITAM PJG XL,0,9,0,0,85957,773613,773613
Mar-2026,MAMU BTP,KEMEJA MAMU,KEMEJA SHANGHAI LIGHT BROWN PDK L,875172,3,0,0,159000,477000,0
Apr-2026,MAMU BTP,KEMEJA MAMU,KEMEJA SHANGHAI LIGHT BROWN PDK L,145910,4,0,0,159000,636000,477000
Mei-2026,MAMU BTP,KEMEJA MAMU,KEMEJA SHANGHAI LIGHT BROWN PDK L,72955,3,0,0,159000,477000,636000
Jun-2026,MAMU BTP,KEMEJA MAMU,KEMEJA SHANGHAI LIGHT BROWN PDK L,0,3,0,0,159000,477000,477000
Jul-2026,MAMU BTP,KEMEJA MAMU,KEMEJA SHANGHAI LIGHT BROWN PDK L,0,3,0,0,159000,477000,477000
Agu-2026,MAMU BTP,KEMEJA MAMU,KEMEJA SHANGHAI LIGHT BROWN PDK L,72955,3,0,0,159000,477000,477000
Sep-2026,MAMU BTP,KEMEJA MAMU,KEMEJA SHANGHAI LIGHT BROWN PDK L,0,2,0,0,159000,318000,477000
Okt-2026,MAMU BTP,KEMEJA MAMU,KEMEJA SHANGHAI LIGHT BROWN PDK L,0,2,0,0,159000,318000,318000
Mar-2026,MAMU BTP,KEMEJA MAMU,KEMEJA SHANGHAI LIGHT BROWN PDK M,802582,5,0,0,159000,795000,0
Apr-2026,MAMU BTP,KEMEJA MAMU,KEMEJA SHANGHAI LIGHT BROWN PDK M,72962,3,0,0,159000,477000,795000
Mei-2026,MAMU BTP,KEMEJA MAMU,KEMEJA SHANGHAI LIGHT BROWN PDK M,145924,1,0,0,159000,159000,477000
Jun-2026,MAMU BTP,KEMEJA MAMU,KEMEJA SHANGHAI LIGHT BROWN PDK M,0,1,0,0,159000,159000,159000
Jul-2026,MAMU BTP,KEMEJA MAMU,KEMEJA SHANGHAI LIGHT BROWN PDK M,0,1,0,0,159000,159000,159000
Agu-2026,MAMU BTP,KEMEJA MAMU,KEMEJA SHANGHAI LIGHT BROWN PDK M,0,1,0,0,159000,159000,159000
Sep-2026,MAMU BTP,KEMEJA MAMU,KEMEJA SHANGHAI LIGHT BROWN PDK M,0,1,0,0,159000,159000,159000
Okt-2026,MAMU BTP,KEMEJA MAMU,KEMEJA SHANGHAI LIGHT BROWN PDK M,0,1,0,0,159000,159000,159000
Mar-2026,MAMU BTP,KEMEJA MAMU,KEMEJA SHANGHAI LIGHT BROWN PDK XL,729640,9,0,0,159000,1431000,0
Apr-2026,MAMU BTP,KEMEJA MAMU,KEMEJA SHANGHAI LIGHT BROWN PDK XL,0,9,0,0,159000,1431000,1431000
Mei-2026,MAMU BTP,KEMEJA MAMU,KEMEJA SHANGHAI LIGHT BROWN PDK XL,72964,8,0,0,159000,1272000,1431000
Jun-2026,MAMU BTP,KEMEJA MAMU,KEMEJA SHANGHAI LIGHT BROWN PDK XL,218892,5,0,0,159000,795000,1272000
Jul-2026,MAMU BTP,KEMEJA MAMU,KEMEJA SHANGHAI LIGHT BROWN PDK XL,145928,3,0,0,159000,477000,795000
Agu-2026,MAMU BTP,KEMEJA MAMU,KEMEJA SHANGHAI LIGHT BROWN PDK XL,218892,0,0,0,159000,0,477000
Mar-2026,MAMU BTP,KEMEJA MAMU,KEMEJA SHANGHAI LIGHT BROWN PJG 2XL,429895,0,0,0,189000,0,0
Mar-2026,MAMU BTP,KEMEJA MAMU,KEMEJA SHANGHAI LIGHT BROWN PJG L,0,28,0,0,189000,5292000,0
Apr-2026,MAMU BTP,KEMEJA MAMU,KEMEJA SHANGHAI LIGHT BROWN PJG L,85955,27,0,0,189000,5103000,5292000
Mei-2026,MAMU BTP,KEMEJA MAMU,KEMEJA SHANGHAI LIGHT BROWN PJG L,171910,25,0,0,189000,4725000,5103000
Jun-2026,MAMU BTP,KEMEJA MAMU,KEMEJA SHANGHAI LIGHT BROWN PJG L,0,25,0,0,189000,4725000,4725000
Jul-2026,MAMU BTP,KEMEJA MAMU,KEMEJA SHANGHAI LIGHT BROWN PJG L,171910,24,0,0,189000,4536000,4725000
Agu-2026,MAMU BTP,KEMEJA MAMU,KEMEJA SHANGHAI LIGHT BROWN PJG L,85955,23,0,0,189000,4347000,4536000
Sep-2026,MAMU BTP,KEMEJA MAMU,KEMEJA SHANGHAI LIGHT BROWN PJG L,0,22,0,0,189000,4158000,4347000
Okt-2026,MAMU BTP,KEMEJA MAMU,KEMEJA SHANGHAI LIGHT BROWN PJG L,0,22,0,0,189000,4158000,4158000
Mar-2026,MAMU BTP,KEMEJA MAMU,KEMEJA SHANGHAI LIGHT BROWN PJG M,0,28,0,0,189000,5292000,0
Apr-2026,MAMU BTP,KEMEJA MAMU,KEMEJA SHANGHAI LIGHT BROWN PJG M,171932,26,0,0,189000,4914000,5292000
Mei-2026,MAMU BTP,KEMEJA MAMU,KEMEJA SHANGHAI LIGHT BROWN PJG M,85966,25,0,0,189000,4725000,4914000
Jun-2026,MAMU BTP,KEMEJA MAMU,KEMEJA SHANGHAI LIGHT BROWN PJG M,0,25,0,0,189000,4725000,4725000
Jul-2026,MAMU BTP,KEMEJA MAMU,KEMEJA SHANGHAI LIGHT BROWN PJG M,171932,24,0,0,189000,4536000,4725000
Agu-2026,MAMU BTP,KEMEJA MAMU,KEMEJA SHANGHAI LIGHT BROWN PJG M,0,23,0,0,189000,4347000,4536000
Sep-2026,MAMU BTP,KEMEJA MAMU,KEMEJA SHANGHAI LIGHT BROWN PJG M,171932,22,0,0,189000,4158000,4347000
Okt-2026,MAMU BTP,KEMEJA MAMU,KEMEJA SHANGHAI LIGHT BROWN PJG M,85966,20,0,0,189000,3780000,4158000
Mar-2026,MAMU BTP,KEMEJA MAMU,KEMEJA SHANGHAI LIGHT BROWN PJG S,171958,0,0,0,189000,0,0
Mar-2026,MAMU BTP,KEMEJA MAMU,KEMEJA SHANGHAI LIGHT BROWN PJG XL,257907,24,0,0,189000,4536000,0
Apr-2026,MAMU BTP,KEMEJA MAMU,KEMEJA SHANGHAI LIGHT BROWN PJG XL,0,24,0,0,189000,4536000,4536000
Mei-2026,MAMU BTP,KEMEJA MAMU,KEMEJA SHANGHAI LIGHT BROWN PJG XL,0,24,0,0,189000,4536000,4536000
Jun-2026,MAMU BTP,KEMEJA MAMU,KEMEJA SHANGHAI LIGHT BROWN PJG XL,85969,23,0,0,189000,4347000,4536000
Jul-2026,MAMU BTP,KEMEJA MAMU,KEMEJA SHANGHAI LIGHT BROWN PJG XL,0,23,0,0,189000,4347000,4347000
Agu-2026,MAMU BTP,KEMEJA MAMU,KEMEJA SHANGHAI LIGHT BROWN PJG XL,171938,21,0,0,189000,3969000,4347000
Sep-2026,MAMU BTP,KEMEJA MAMU,KEMEJA SHANGHAI LIGHT BROWN PJG XL,343876,19,0,0,189000,3591000,3969000
Okt-2026,MAMU BTP,KEMEJA MAMU,KEMEJA SHANGHAI LIGHT BROWN PJG XL,0,17,0,0,189000,3213000,3591000
Feb-2026,MAMU BTP,KEMEJA MAMU,KEMEJA SHANGHAI NAVY PDK L,77095,10,0,0,77095,770950,0
Mar-2026,MAMU BTP,KEMEJA MAMU,KEMEJA SHANGHAI NAVY PDK L,1448817,21,0,0,73098,1535058,770950
Apr-2026,MAMU BTP,KEMEJA MAMU,KEMEJA SHANGHAI NAVY PDK L,73098,8,0,0,73098,584784,1535058
Mei-2026,MAMU BTP,KEMEJA MAMU,KEMEJA SHANGHAI NAVY PDK L,0,10,0,0,73098,730980,584784
Jun-2026,MAMU BTP,KEMEJA MAMU,KEMEJA SHANGHAI NAVY PDK L,146196,8,0,0,73098,584784,730980
Jul-2026,MAMU BTP,KEMEJA MAMU,KEMEJA SHANGHAI NAVY PDK L,0,8,0,0,73098,584784,584784
Agu-2026,MAMU BTP,KEMEJA MAMU,KEMEJA SHANGHAI NAVY PDK L,73098,7,0,0,73098,511686,584784
Sep-2026,MAMU BTP,KEMEJA MAMU,KEMEJA SHANGHAI NAVY PDK L,73098,6,0,0,73098,438588,511686
Okt-2026,MAMU BTP,KEMEJA MAMU,KEMEJA SHANGHAI NAVY PDK L,0,6,0,0,73098,438588,438588
Feb-2026,MAMU BTP,KEMEJA MAMU,KEMEJA SHANGHAI NAVY PDK M,77095,4,0,0,77095,308380,0
Mar-2026,MAMU BTP,KEMEJA MAMU,KEMEJA SHANGHAI NAVY PDK M,767210,13,0,0,73355,953615,308380
Apr-2026,MAMU BTP,KEMEJA MAMU,KEMEJA SHANGHAI NAVY PDK M,73355,10,0,0,73355,733550,953615
Mei-2026,MAMU BTP,KEMEJA MAMU,KEMEJA SHANGHAI NAVY PDK M,146710,8,0,0,73355,586840,733550
Jun-2026,MAMU BTP,KEMEJA MAMU,KEMEJA SHANGHAI NAVY PDK M,73355,7,0,0,73355,513485,586840
Jul-2026,MAMU BTP,KEMEJA MAMU,KEMEJA SHANGHAI NAVY PDK M,73355,7,0,0,73355,513485,513485
Agu-2026,MAMU BTP,KEMEJA MAMU,KEMEJA SHANGHAI NAVY PDK M,0,6,0,0,73355,440130,513485
Sep-2026,MAMU BTP,KEMEJA MAMU,KEMEJA SHANGHAI NAVY PDK M,73355,6,0,0,73355,440130,440130
Okt-2026,MAMU BTP,KEMEJA MAMU,KEMEJA SHANGHAI NAVY PDK M,0,5,0,0,73355,366775,440130
Feb-2026,MAMU BTP,KEMEJA MAMU,KEMEJA SHANGHAI NAVY PDK XL,0,5,0,0,77095,385475,0
Mar-2026,MAMU BTP,KEMEJA MAMU,KEMEJA SHANGHAI NAVY PDK XL,1214875,6,0,0,72993,437958,385475
Apr-2026,MAMU BTP,KEMEJA MAMU,KEMEJA SHANGHAI NAVY PDK XL,73366,5,0,0,72993,364965,437958
Mei-2026,MAMU BTP,KEMEJA MAMU,KEMEJA SHANGHAI NAVY PDK XL,73366,5,0,0,72993,364965,364965
Jun-2026,MAMU BTP,KEMEJA MAMU,KEMEJA SHANGHAI NAVY PDK XL,0,5,0,0,72993,364965,364965
Jul-2026,MAMU BTP,KEMEJA MAMU,KEMEJA SHANGHAI NAVY PDK XL,146732,4,0,0,72993,291972,364965
Agu-2026,MAMU BTP,KEMEJA MAMU,KEMEJA SHANGHAI NAVY PDK XL,0,1,0,0,72993,72993,291972
Sep-2026,MAMU BTP,KEMEJA MAMU,KEMEJA SHANGHAI NAVY PDK XL,73366,0,0,0,77095,0,72993
Feb-2026,MAMU BTP,KEMEJA MAMU,KEMEJA SHANGHAI NAVY PJG L,0,10,0,0,88095,880950,0
Mar-2026,MAMU BTP,KEMEJA MAMU,KEMEJA SHANGHAI NAVY PJG L,1054396,32,0,0,86723,2775136,880950
Apr-2026,MAMU BTP,KEMEJA MAMU,KEMEJA SHANGHAI NAVY PJG L,260169,38,0,0,86723,3295474,2775136
Mei-2026,MAMU BTP,KEMEJA MAMU,KEMEJA SHANGHAI NAVY PJG L,86723,37,0,0,86723,3208751,3295474
Jun-2026,MAMU BTP,KEMEJA MAMU,KEMEJA SHANGHAI NAVY PJG L,86723,36,0,0,86723,3122028,3208751
Jul-2026,MAMU BTP,KEMEJA MAMU,KEMEJA SHANGHAI NAVY PJG L,0,36,0,0,86723,3122028,3122028
Agu-2026,MAMU BTP,KEMEJA MAMU,KEMEJA SHANGHAI NAVY PJG L,0,34,0,0,86723,2948582,3122028
Sep-2026,MAMU BTP,KEMEJA MAMU,KEMEJA SHANGHAI NAVY PJG L,0,34,0,0,86723,2948582,2948582
Okt-2026,MAMU BTP,KEMEJA MAMU,KEMEJA SHANGHAI NAVY PJG L,0,34,0,0,86723,2948582,2948582
Feb-2026,MAMU BTP,KEMEJA MAMU,KEMEJA SHANGHAI NAVY PJG M,0,10,0,0,88095,880950,0
Mar-2026,MAMU BTP,KEMEJA MAMU,KEMEJA SHANGHAI NAVY PJG M,792855,31,0,0,86556,2683236,880950
Apr-2026,MAMU BTP,KEMEJA MAMU,KEMEJA SHANGHAI NAVY PJG M,0,30,0,0,86556,2596680,2683236
Mei-2026,MAMU BTP,KEMEJA MAMU,KEMEJA SHANGHAI NAVY PJG M,0,30,0,0,86556,2596680,2596680
Jun-2026,MAMU BTP,KEMEJA MAMU,KEMEJA SHANGHAI NAVY PJG M,0,30,0,0,86556,2596680,2596680
Jul-2026,MAMU BTP,KEMEJA MAMU,KEMEJA SHANGHAI NAVY PJG M,0,30,0,0,86556,2596680,2596680
Agu-2026,MAMU BTP,KEMEJA MAMU,KEMEJA SHANGHAI NAVY PJG M,0,30,0,0,86556,2596680,2596680
Sep-2026,MAMU BTP,KEMEJA MAMU,KEMEJA SHANGHAI NAVY PJG M,86606,30,0,0,86556,2596680,2596680
Okt-2026,MAMU BTP,KEMEJA MAMU,KEMEJA SHANGHAI NAVY PJG M,173212,27,0,0,86556,2337012,2596680
Feb-2026,MAMU BTP,KEMEJA MAMU,KEMEJA SHANGHAI NAVY PJG XL,0,10,0,0,88095,880950,0
Mar-2026,MAMU BTP,KEMEJA MAMU,KEMEJA SHANGHAI NAVY PJG XL,439185,33,0,0,86528,2855424,880950
Apr-2026,MAMU BTP,KEMEJA MAMU,KEMEJA SHANGHAI NAVY PJG XL,0,21,0,0,86528,1817088,2855424
Mei-2026,MAMU BTP,KEMEJA MAMU,KEMEJA SHANGHAI NAVY PJG XL,86805,19,0,0,86528,1644032,1817088
Jun-2026,MAMU BTP,KEMEJA MAMU,KEMEJA SHANGHAI NAVY PJG XL,0,19,0,0,86528,1644032,1644032
Jul-2026,MAMU BTP,KEMEJA MAMU,KEMEJA SHANGHAI NAVY PJG XL,86805,18,0,0,86528,1557504,1644032
Agu-2026,MAMU BTP,KEMEJA MAMU,KEMEJA SHANGHAI NAVY PJG XL,55803,27,0,0,86528,2336256,1557504
Sep-2026,MAMU BTP,KEMEJA MAMU,KEMEJA SHANGHAI NAVY PJG XL,167409,25,0,0,86528,2163200,2336256
Okt-2026,MAMU BTP,KEMEJA MAMU,KEMEJA SHANGHAI NAVY PJG XL,0,24,0,0,86528,2076672,2163200
Apr-2026,MAMU BTP,KEMEJA MAMU,KEMEJA SHANGHAI TOFFEE PDK 2XL,0,3,0,0,72997,218991,0
Mei-2026,MAMU BTP,KEMEJA MAMU,KEMEJA SHANGHAI TOFFEE PDK 2XL,72997,2,0,0,72997,145994,218991
Jun-2026,MAMU BTP,KEMEJA MAMU,KEMEJA SHANGHAI TOFFEE PDK 2XL,145994,0,0,0,74214,0,145994
Apr-2026,MAMU BTP,KEMEJA MAMU,KEMEJA SHANGHAI TOFFEE PDK L,72961,3,10,0,72961,948493,0
Mei-2026,MAMU BTP,KEMEJA MAMU,KEMEJA SHANGHAI TOFFEE PDK L,145914,11,0,0,72956,802516,948493
Jun-2026,MAMU BTP,KEMEJA MAMU,KEMEJA SHANGHAI TOFFEE PDK L,0,11,0,0,72956,802516,802516
Jul-2026,MAMU BTP,KEMEJA MAMU,KEMEJA SHANGHAI TOFFEE PDK L,72957,12,0,0,72956,875472,802516
Agu-2026,MAMU BTP,KEMEJA MAMU,KEMEJA SHANGHAI TOFFEE PDK L,39795,22,0,0,72956,1605032,875472
Sep-2026,MAMU BTP,KEMEJA MAMU,KEMEJA SHANGHAI TOFFEE PDK L,79590,19,0,0,72956,1386164,1605032
Okt-2026,MAMU BTP,KEMEJA MAMU,KEMEJA SHANGHAI TOFFEE PDK L,0,19,0,0,72956,1386164,1386164
Apr-2026,MAMU BTP,KEMEJA MAMU,KEMEJA SHANGHAI TOFFEE PDK M,145922,8,0,0,72961,583688,0
Mei-2026,MAMU BTP,KEMEJA MAMU,KEMEJA SHANGHAI TOFFEE PDK M,0,8,0,0,72958,583664,583688
Jun-2026,MAMU BTP,KEMEJA MAMU,KEMEJA SHANGHAI TOFFEE PDK M,0,8,0,0,72958,583664,583664
Jul-2026,MAMU BTP,KEMEJA MAMU,KEMEJA SHANGHAI TOFFEE PDK M,72960,10,0,0,72958,729580,583664
Agu-2026,MAMU BTP,KEMEJA MAMU,KEMEJA SHANGHAI TOFFEE PDK M,0,9,0,0,72958,656622,729580
Sep-2026,MAMU BTP,KEMEJA MAMU,KEMEJA SHANGHAI TOFFEE PDK M,0,9,0,0,72958,656622,656622
Okt-2026,MAMU BTP,KEMEJA MAMU,KEMEJA SHANGHAI TOFFEE PDK M,0,9,0,0,72958,656622,656622
Apr-2026,MAMU BTP,KEMEJA MAMU,KEMEJA SHANGHAI TOFFEE PDK S,0,1,0,0,72997,72997,0
Mei-2026,MAMU BTP,KEMEJA MAMU,KEMEJA SHANGHAI TOFFEE PDK S,0,1,0,0,72997,72997,72997
Jun-2026,MAMU BTP,KEMEJA MAMU,KEMEJA SHANGHAI TOFFEE PDK S,72997,0,0,0,74214,0,72997
Apr-2026,MAMU BTP,KEMEJA MAMU,KEMEJA SHANGHAI TOFFEE PDK XL,0,10,0,0,72963,729630,0
Mei-2026,MAMU BTP,KEMEJA MAMU,KEMEJA SHANGHAI TOFFEE PDK XL,218889,7,0,0,72960,510720,729630
Jun-2026,MAMU BTP,KEMEJA MAMU,KEMEJA SHANGHAI TOFFEE PDK XL,145926,5,0,0,72960,364800,510720
Jul-2026,MAMU BTP,KEMEJA MAMU,KEMEJA SHANGHAI TOFFEE PDK XL,218888,6,0,0,72960,437760,364800
Agu-2026,MAMU BTP,KEMEJA MAMU,KEMEJA SHANGHAI TOFFEE PDK XL,218898,2,0,0,72960,145920,437760
Sep-2026,MAMU BTP,KEMEJA MAMU,KEMEJA SHANGHAI TOFFEE PDK XL,72976,5,0,0,72960,364800,145920
Okt-2026,MAMU BTP,KEMEJA MAMU,KEMEJA SHANGHAI TOFFEE PDK XL,72977,4,0,0,72960,291840,364800
Apr-2026,MAMU BTP,KEMEJA MAMU,KEMEJA SHANGHAI TOFFEE PJG 2XL,0,3,0,0,85997,257991,0
Mei-2026,MAMU BTP,KEMEJA MAMU,KEMEJA SHANGHAI TOFFEE PJG 2XL,85997,3,0,0,85997,257991,257991
Jun-2026,MAMU BTP,KEMEJA MAMU,KEMEJA SHANGHAI TOFFEE PJG 2XL,0,2,0,0,85997,171994,257991
Jul-2026,MAMU BTP,KEMEJA MAMU,KEMEJA SHANGHAI TOFFEE PJG 2XL,171994,1,0,0,85997,85997,171994
Agu-2026,MAMU BTP,KEMEJA MAMU,KEMEJA SHANGHAI TOFFEE PJG 2XL,0,0,0,0,85997,0,85997
Jan-2026,MAMU BTP,KEMEJA MAMU,KEMEJA SHANGHAI TOFFEE PJG L,174428,10,0,0,87214,872140,0
Feb-2026,MAMU BTP,KEMEJA MAMU,KEMEJA SHANGHAI TOFFEE PJG L,174428,8,0,0,87214,697712,872140
Mar-2026,MAMU BTP,KEMEJA MAMU,KEMEJA SHANGHAI TOFFEE PJG L,697712,0,0,0,87214,0,697712
Apr-2026,MAMU BTP,KEMEJA MAMU,KEMEJA SHANGHAI TOFFEE PJG L,171906,0,10,0,85953,859530,0
Mei-2026,MAMU BTP,KEMEJA MAMU,KEMEJA SHANGHAI TOFFEE PJG L,0,10,0,0,85953,859530,859530
Jun-2026,MAMU BTP,KEMEJA MAMU,KEMEJA SHANGHAI TOFFEE PJG L,0,10,0,0,85953,859530,859530
Jul-2026,MAMU BTP,KEMEJA MAMU,KEMEJA SHANGHAI TOFFEE PJG L,171906,12,0,0,85953,1031436,859530
Agu-2026,MAMU BTP,KEMEJA MAMU,KEMEJA SHANGHAI TOFFEE PJG L,0,16,0,0,85953,1375248,1031436
Sep-2026,MAMU BTP,KEMEJA MAMU,KEMEJA SHANGHAI TOFFEE PJG L,59093,15,0,0,85953,1289295,1375248
Okt-2026,MAMU BTP,KEMEJA MAMU,KEMEJA SHANGHAI TOFFEE PJG L,0,15,0,0,85953,1289295,1289295
Jan-2026,MAMU BTP,KEMEJA MAMU,KEMEJA SHANGHAI TOFFEE PJG M,89175,1,0,0,87214,87214,0
Feb-2026,MAMU BTP,KEMEJA MAMU,KEMEJA SHANGHAI TOFFEE PJG M,0,0,0,0,87214,0,87214
Apr-2026,MAMU BTP,KEMEJA MAMU,KEMEJA SHANGHAI TOFFEE PJG M,0,10,0,0,85957,859570,0
Mei-2026,MAMU BTP,KEMEJA MAMU,KEMEJA SHANGHAI TOFFEE PJG M,171914,8,0,0,86007,688056,859570
Jun-2026,MAMU BTP,KEMEJA MAMU,KEMEJA SHANGHAI TOFFEE PJG M,0,8,0,0,86007,688056,688056
Jul-2026,MAMU BTP,KEMEJA MAMU,KEMEJA SHANGHAI TOFFEE PJG M,171929,10,0,0,86007,860070,688056
Agu-2026,MAMU BTP,KEMEJA MAMU,KEMEJA SHANGHAI TOFFEE PJG M,0,9,0,0,86007,774063,860070
Sep-2026,MAMU BTP,KEMEJA MAMU,KEMEJA SHANGHAI TOFFEE PJG M,85972,9,0,0,86007,774063,774063
Okt-2026,MAMU BTP,KEMEJA MAMU,KEMEJA SHANGHAI TOFFEE PJG M,85972,7,0,0,86007,602049,774063
Apr-2026,MAMU BTP,KEMEJA MAMU,KEMEJA SHANGHAI TOFFEE PJG S,0,2,0,0,85997,171994,0
Mei-2026,MAMU BTP,KEMEJA MAMU,KEMEJA SHANGHAI TOFFEE PJG S,171994,0,0,0,87214,0,171994
Jan-2026,MAMU BTP,KEMEJA MAMU,KEMEJA SHANGHAI TOFFEE PJG XL,0,1,0,0,87214,87214,0
Feb-2026,MAMU BTP,KEMEJA MAMU,KEMEJA SHANGHAI TOFFEE PJG XL,87214,0,0,0,87214,0,87214
Apr-2026,MAMU BTP,KEMEJA MAMU,KEMEJA SHANGHAI TOFFEE PJG XL,0,10,0,0,85955,859550,0
Mei-2026,MAMU BTP,KEMEJA MAMU,KEMEJA SHANGHAI TOFFEE PJG XL,0,10,0,0,85955,859550,859550
Jun-2026,MAMU BTP,KEMEJA MAMU,KEMEJA SHANGHAI TOFFEE PJG XL,0,10,0,0,85955,859550,859550
Jul-2026,MAMU BTP,KEMEJA MAMU,KEMEJA SHANGHAI TOFFEE PJG XL,0,13,0,0,85955,1117415,859550
Agu-2026,MAMU BTP,KEMEJA MAMU,KEMEJA SHANGHAI TOFFEE PJG XL,0,12,0,0,85955,1031460,1117415
Sep-2026,MAMU BTP,KEMEJA MAMU,KEMEJA SHANGHAI TOFFEE PJG XL,85955,11,0,0,85955,945505,1031460
Okt-2026,MAMU BTP,KEMEJA MAMU,KEMEJA SHANGHAI TOFFEE PJG XL,0,11,0,0,85955,945505,945505
Jun-2026,MAMU GOWA,KEMEJA MAMU,KEMEJA FORMAL COKLAT TUA PDK 2XL,72923,0,0,0,159000,0,0
Mei-2026,MAMU GOWA,KEMEJA MAMU,KEMEJA FORMAL COKLAT TUA PDK L,437550,4,0,0,159000,636000,0
Jun-2026,MAMU GOWA,KEMEJA MAMU,KEMEJA FORMAL COKLAT TUA PDK L,0,5,0,0,159000,795000,636000
Jul-2026,MAMU GOWA,KEMEJA MAMU,KEMEJA FORMAL COKLAT TUA PDK L,175020,3,0,0,159000,477000,795000
Agu-2026,MAMU GOWA,KEMEJA MAMU,KEMEJA FORMAL COKLAT TUA PDK L,193252,3,0,0,159000,477000,477000
Sep-2026,MAMU GOWA,KEMEJA MAMU,KEMEJA FORMAL COKLAT TUA PDK L,0,3,0,0,159000,477000,477000
Okt-2026,MAMU GOWA,KEMEJA MAMU,KEMEJA FORMAL COKLAT TUA PDK L,0,3,0,0,159000,477000,477000
Mei-2026,MAMU GOWA,KEMEJA MAMU,KEMEJA FORMAL COKLAT TUA PDK M,291704,6,0,0,159000,954000,0
Jun-2026,MAMU GOWA,KEMEJA MAMU,KEMEJA FORMAL COKLAT TUA PDK M,437556,0,0,0,159000,0,954000
Jul-2026,MAMU GOWA,KEMEJA MAMU,KEMEJA FORMAL COKLAT TUA PDK M,0,3,0,0,159000,477000,0
Agu-2026,MAMU GOWA,KEMEJA MAMU,KEMEJA FORMAL COKLAT TUA PDK M,72925,3,0,0,159000,477000,477000
Sep-2026,MAMU GOWA,KEMEJA MAMU,KEMEJA FORMAL COKLAT TUA PDK M,218775,0,0,0,159000,0,477000
Mei-2026,MAMU GOWA,KEMEJA MAMU,KEMEJA FORMAL COKLAT TUA PDK XL,364615,6,0,0,159000,954000,0
Jun-2026,MAMU GOWA,KEMEJA MAMU,KEMEJA FORMAL COKLAT TUA PDK XL,145846,3,0,0,159000,477000,954000
Jul-2026,MAMU GOWA,KEMEJA MAMU,KEMEJA FORMAL COKLAT TUA PDK XL,72923,3,0,0,159000,477000,477000
Agu-2026,MAMU GOWA,KEMEJA MAMU,KEMEJA FORMAL COKLAT TUA PDK XL,0,3,0,0,159000,477000,477000
Sep-2026,MAMU GOWA,KEMEJA MAMU,KEMEJA FORMAL COKLAT TUA PDK XL,72923,2,0,0,159000,318000,477000
Okt-2026,MAMU GOWA,KEMEJA MAMU,KEMEJA FORMAL COKLAT TUA PDK XL,72923,1,0,0,159000,159000,318000
Jul-2026,MAMU GOWA,KEMEJA MAMU,KEMEJA FORMAL COKLAT TUA PJG L,0,3,0,0,189000,567000,0
Agu-2026,MAMU GOWA,KEMEJA MAMU,KEMEJA FORMAL COKLAT TUA PJG L,0,3,0,0,189000,567000,567000
Sep-2026,MAMU GOWA,KEMEJA MAMU,KEMEJA FORMAL COKLAT TUA PJG L,85926,7,0,0,189000,1323000,567000
Okt-2026,MAMU GOWA,KEMEJA MAMU,KEMEJA FORMAL COKLAT TUA PJG L,0,7,0,0,189000,1323000,1323000
Jul-2026,MAMU GOWA,KEMEJA MAMU,KEMEJA FORMAL COKLAT TUA PJG M,0,3,0,0,189000,567000,0
Agu-2026,MAMU GOWA,KEMEJA MAMU,KEMEJA FORMAL COKLAT TUA PJG M,85925,3,0,0,189000,567000,567000
Sep-2026,MAMU GOWA,KEMEJA MAMU,KEMEJA FORMAL COKLAT TUA PJG M,171850,6,0,0,189000,1134000,567000
Okt-2026,MAMU GOWA,KEMEJA MAMU,KEMEJA FORMAL COKLAT TUA PJG M,0,6,0,0,189000,1134000,1134000
Jul-2026,MAMU GOWA,KEMEJA MAMU,KEMEJA FORMAL COKLAT TUA PJG XL,0,3,0,0,189000,567000,0
Agu-2026,MAMU GOWA,KEMEJA MAMU,KEMEJA FORMAL COKLAT TUA PJG XL,0,3,0,0,189000,567000,567000
Sep-2026,MAMU GOWA,KEMEJA MAMU,KEMEJA FORMAL COKLAT TUA PJG XL,85927,4,0,0,189000,756000,567000
Okt-2026,MAMU GOWA,KEMEJA MAMU,KEMEJA FORMAL COKLAT TUA PJG XL,0,4,0,0,189000,756000,756000
Apr-2026,MAMU GOWA,KEMEJA MAMU,KEMEJA FORMAL HITAM PDK 2XL,0,2,0,0,74214,148428,0
Mei-2026,MAMU GOWA,KEMEJA MAMU,KEMEJA FORMAL HITAM PDK 2XL,72954,1,0,0,72954,72954,148428
Jun-2026,MAMU GOWA,KEMEJA MAMU,KEMEJA FORMAL HITAM PDK 2XL,72954,0,0,0,74214,0,72954
Apr-2026,MAMU GOWA,KEMEJA MAMU,KEMEJA FORMAL HITAM PDK L,0,10,0,0,74158,741580,0
Mei-2026,MAMU GOWA,KEMEJA MAMU,KEMEJA FORMAL HITAM PDK L,0,10,0,0,72993,729930,741580
Jun-2026,MAMU GOWA,KEMEJA MAMU,KEMEJA FORMAL HITAM PDK L,218979,7,0,0,72993,510951,729930
Jul-2026,MAMU GOWA,KEMEJA MAMU,KEMEJA FORMAL HITAM PDK L,0,7,3,0,72993,729930,510951
Agu-2026,MAMU GOWA,KEMEJA MAMU,KEMEJA FORMAL HITAM PDK L,72998,9,0,0,72993,656937,729930
Sep-2026,MAMU GOWA,KEMEJA MAMU,KEMEJA FORMAL HITAM PDK L,72998,8,0,0,72993,583944,656937
Okt-2026,MAMU GOWA,KEMEJA MAMU,KEMEJA FORMAL HITAM PDK L,0,8,0,0,72993,583944,583944
Apr-2026,MAMU GOWA,KEMEJA MAMU,KEMEJA FORMAL HITAM PDK M,72991,10,0,0,74154,741540,0
Mei-2026,MAMU GOWA,KEMEJA MAMU,KEMEJA FORMAL HITAM PDK M,145982,7,0,0,72991,510937,741540
Jun-2026,MAMU GOWA,KEMEJA MAMU,KEMEJA FORMAL HITAM PDK M,72991,6,0,0,72991,437946,510937
Jul-2026,MAMU GOWA,KEMEJA MAMU,KEMEJA FORMAL HITAM PDK M,291964,4,0,0,72991,291964,437946
Agu-2026,MAMU GOWA,KEMEJA MAMU,KEMEJA FORMAL HITAM PDK M,291964,3,0,0,72991,218973,291964
Sep-2026,MAMU GOWA,KEMEJA MAMU,KEMEJA FORMAL HITAM PDK M,0,9,0,0,72991,656919,218973
Okt-2026,MAMU GOWA,KEMEJA MAMU,KEMEJA FORMAL HITAM PDK M,72994,8,0,0,72991,583928,656919
Apr-2026,MAMU GOWA,KEMEJA MAMU,KEMEJA FORMAL HITAM PDK S,0,1,0,0,74214,74214,0
Mei-2026,MAMU GOWA,KEMEJA MAMU,KEMEJA FORMAL HITAM PDK S,0,1,0,0,72954,72954,74214
Jun-2026,MAMU GOWA,KEMEJA MAMU,KEMEJA FORMAL HITAM PDK S,0,1,0,0,72954,72954,72954
Jul-2026,MAMU GOWA,KEMEJA MAMU,KEMEJA FORMAL HITAM PDK S,72954,0,0,0,74214,0,72954
Apr-2026,MAMU GOWA,KEMEJA MAMU,KEMEJA FORMAL HITAM PDK XL,145908,2,0,0,73987,147974,0
Mei-2026,MAMU GOWA,KEMEJA MAMU,KEMEJA FORMAL HITAM PDK XL,145908,0,0,0,74177,0,147974
Jun-2026,MAMU GOWA,KEMEJA MAMU,KEMEJA FORMAL HITAM PDK XL,0,5,0,0,72991,364955,0
Jul-2026,MAMU GOWA,KEMEJA MAMU,KEMEJA FORMAL HITAM PDK XL,0,5,0,0,72991,364955,364955
Agu-2026,MAMU GOWA,KEMEJA MAMU,KEMEJA FORMAL HITAM PDK XL,72991,4,0,0,72991,291964,364955
Sep-2026,MAMU GOWA,KEMEJA MAMU,KEMEJA FORMAL HITAM PDK XL,0,5,0,0,72991,364955,291964
Okt-2026,MAMU GOWA,KEMEJA MAMU,KEMEJA FORMAL HITAM PDK XL,0,6,0,0,72991,437946,364955
Apr-2026,MAMU GOWA,KEMEJA MAMU,KEMEJA FORMAL HITAM PJG 2XL,0,2,0,0,87214,174428,0
Mei-2026,MAMU GOWA,KEMEJA MAMU,KEMEJA FORMAL HITAM PJG 2XL,85954,1,0,0,85954,85954,174428
Jun-2026,MAMU GOWA,KEMEJA MAMU,KEMEJA FORMAL HITAM PJG 2XL,0,1,0,0,85954,85954,85954
Jul-2026,MAMU GOWA,KEMEJA MAMU,KEMEJA FORMAL HITAM PJG 2XL,0,1,0,0,85954,85954,85954
Agu-2026,MAMU GOWA,KEMEJA MAMU,KEMEJA FORMAL HITAM PJG 2XL,85954,0,0,0,87214,0,85954
Apr-2026,MAMU GOWA,KEMEJA MAMU,KEMEJA FORMAL HITAM PJG L,258786,2,0,0,87110,174220,0
Mei-2026,MAMU GOWA,KEMEJA MAMU,KEMEJA FORMAL HITAM PJG L,172524,1,0,0,86028,86028,174220
Jun-2026,MAMU GOWA,KEMEJA MAMU,KEMEJA FORMAL HITAM PJG L,86262,10,0,0,86028,860280,86028
Jul-2026,MAMU GOWA,KEMEJA MAMU,KEMEJA FORMAL HITAM PJG L,172074,9,3,0,86028,1032336,860280
Agu-2026,MAMU GOWA,KEMEJA MAMU,KEMEJA FORMAL HITAM PJG L,86045,11,0,0,86028,946308,1032336
Sep-2026,MAMU GOWA,KEMEJA MAMU,KEMEJA FORMAL HITAM PJG L,172090,8,0,0,86028,688224,946308
Okt-2026,MAMU GOWA,KEMEJA MAMU,KEMEJA FORMAL HITAM PJG L,0,8,0,0,86028,688224,688224
Apr-2026,MAMU GOWA,KEMEJA MAMU,KEMEJA FORMAL HITAM PJG M,0,10,0,0,87183,871830,0
Mei-2026,MAMU GOWA,KEMEJA MAMU,KEMEJA FORMAL HITAM PJG M,0,10,0,0,85993,859930,871830
Jun-2026,MAMU GOWA,KEMEJA MAMU,KEMEJA FORMAL HITAM PJG M,171986,8,0,0,85993,687944,859930
Jul-2026,MAMU GOWA,KEMEJA MAMU,KEMEJA FORMAL HITAM PJG M,171986,6,2,0,85993,687944,687944
Agu-2026,MAMU GOWA,KEMEJA MAMU,KEMEJA FORMAL HITAM PJG M,0,8,0,0,85993,687944,687944
Sep-2026,MAMU GOWA,KEMEJA MAMU,KEMEJA FORMAL HITAM PJG M,86006,7,0,0,85993,601951,687944
Okt-2026,MAMU GOWA,KEMEJA MAMU,KEMEJA FORMAL HITAM PJG M,0,7,0,0,85993,601951,601951
Apr-2026,MAMU GOWA,KEMEJA MAMU,KEMEJA FORMAL HITAM PJG S,85954,0,0,0,87214,0,0
Apr-2026,MAMU GOWA,KEMEJA MAMU,KEMEJA FORMAL HITAM PJG XL,0,10,0,0,87214,872140,0
Mei-2026,MAMU GOWA,KEMEJA MAMU,KEMEJA FORMAL HITAM PJG XL,0,10,0,0,85989,859890,872140
Jun-2026,MAMU GOWA,KEMEJA MAMU,KEMEJA FORMAL HITAM PJG XL,85989,9,0,0,85989,773901,859890
Jul-2026,MAMU GOWA,KEMEJA MAMU,KEMEJA FORMAL HITAM PJG XL,171978,7,2,0,85989,773901,773901
Agu-2026,MAMU GOWA,KEMEJA MAMU,KEMEJA FORMAL HITAM PJG XL,0,9,0,0,85989,773901,773901
Sep-2026,MAMU GOWA,KEMEJA MAMU,KEMEJA FORMAL HITAM PJG XL,85981,8,0,0,85989,687912,773901
Okt-2026,MAMU GOWA,KEMEJA MAMU,KEMEJA FORMAL HITAM PJG XL,85981,7,0,0,85989,601923,687912
Mar-2026,MAMU GOWA,KEMEJA MAMU,KEMEJA FORMAL LIGHT BROWN PDK L,656577,5,0,0,72953,364765,0
Apr-2026,MAMU GOWA,KEMEJA MAMU,KEMEJA FORMAL LIGHT BROWN PDK L,72953,4,0,0,72953,291812,364765
Mei-2026,MAMU GOWA,KEMEJA MAMU,KEMEJA FORMAL LIGHT BROWN PDK L,218859,1,0,0,72953,72953,291812
Jun-2026,MAMU GOWA,KEMEJA MAMU,KEMEJA FORMAL LIGHT BROWN PDK L,72953,0,0,0,75170,0,72953
Mar-2026,MAMU GOWA,KEMEJA MAMU,KEMEJA FORMAL LIGHT BROWN PDK M,291880,4,0,0,72970,291880,0
Apr-2026,MAMU GOWA,KEMEJA MAMU,KEMEJA FORMAL LIGHT BROWN PDK M,145940,3,0,0,72970,218910,291880
Mei-2026,MAMU GOWA,KEMEJA MAMU,KEMEJA FORMAL LIGHT BROWN PDK M,145940,1,0,0,72970,72970,218910
Jun-2026,MAMU GOWA,KEMEJA MAMU,KEMEJA FORMAL LIGHT BROWN PDK M,0,1,0,0,72970,72970,72970
Jul-2026,MAMU GOWA,KEMEJA MAMU,KEMEJA FORMAL LIGHT BROWN PDK M,0,1,0,0,72970,72970,72970
Agu-2026,MAMU GOWA,KEMEJA MAMU,KEMEJA FORMAL LIGHT BROWN PDK M,72970,0,0,0,75170,0,72970
Mar-2026,MAMU GOWA,KEMEJA MAMU,KEMEJA FORMAL LIGHT BROWN PDK S,145856,0,0,0,72928,0,0
Mar-2026,MAMU GOWA,KEMEJA MAMU,KEMEJA FORMAL LIGHT BROWN PDK XL,218916,5,0,0,72972,364860,0
Apr-2026,MAMU GOWA,KEMEJA MAMU,KEMEJA FORMAL LIGHT BROWN PDK XL,0,5,0,0,72979,364895,364860
Mei-2026,MAMU GOWA,KEMEJA MAMU,KEMEJA FORMAL LIGHT BROWN PDK XL,145944,3,0,0,72979,218937,364895
Jun-2026,MAMU GOWA,KEMEJA MAMU,KEMEJA FORMAL LIGHT BROWN PDK XL,145944,1,0,0,72979,72979,218937
Jul-2026,MAMU GOWA,KEMEJA MAMU,KEMEJA FORMAL LIGHT BROWN PDK XL,72972,0,0,0,75170,0,72979
Mar-2026,MAMU GOWA,KEMEJA MAMU,KEMEJA FORMAL LIGHT BROWN PJG 2XL,171856,0,0,0,88170,0,0
Mar-2026,MAMU GOWA,KEMEJA MAMU,KEMEJA FORMAL LIGHT BROWN PJG L,429785,0,0,0,88170,0,0
Apr-2026,MAMU GOWA,KEMEJA MAMU,KEMEJA FORMAL LIGHT BROWN PJG L,0,2,0,0,85957,171914,0
Mei-2026,MAMU GOWA,KEMEJA MAMU,KEMEJA FORMAL LIGHT BROWN PJG L,85957,1,0,0,85957,85957,171914
Jun-2026,MAMU GOWA,KEMEJA MAMU,KEMEJA FORMAL LIGHT BROWN PJG L,85957,0,0,0,88170,0,85957
Jul-2026,MAMU GOWA,KEMEJA MAMU,KEMEJA FORMAL LIGHT BROWN PJG L,0,10,0,0,85957,859570,0
Agu-2026,MAMU GOWA,KEMEJA MAMU,KEMEJA FORMAL LIGHT BROWN PJG L,171878,9,0,0,85957,773613,859570
Sep-2026,MAMU GOWA,KEMEJA MAMU,KEMEJA FORMAL LIGHT BROWN PJG L,85939,7,0,0,85957,601699,773613
Okt-2026,MAMU GOWA,KEMEJA MAMU,KEMEJA FORMAL LIGHT BROWN PJG L,0,7,0,0,85957,601699,601699
Mar-2026,MAMU GOWA,KEMEJA MAMU,KEMEJA FORMAL LIGHT BROWN PJG M,343712,0,0,0,88170,0,0
Jun-2026,MAMU GOWA,KEMEJA MAMU,KEMEJA FORMAL LIGHT BROWN PJG M,0,1,0,0,85979,85979,0
Jul-2026,MAMU GOWA,KEMEJA MAMU,KEMEJA FORMAL LIGHT BROWN PJG M,0,1,0,0,85979,85979,85979
Agu-2026,MAMU GOWA,KEMEJA MAMU,KEMEJA FORMAL LIGHT BROWN PJG M,0,1,0,0,85979,85979,85979
Sep-2026,MAMU GOWA,KEMEJA MAMU,KEMEJA FORMAL LIGHT BROWN PJG M,85972,1,0,0,85979,85979,85979
Okt-2026,MAMU GOWA,KEMEJA MAMU,KEMEJA FORMAL LIGHT BROWN PJG M,0,0,0,0,85979,0,85979
Mar-2026,MAMU GOWA,KEMEJA MAMU,KEMEJA FORMAL LIGHT BROWN PJG S,171856,0,0,0,88170,0,0
Mar-2026,MAMU GOWA,KEMEJA MAMU,KEMEJA FORMAL LIGHT BROWN PJG XL,257922,3,0,0,85974,257922,0
Apr-2026,MAMU GOWA,KEMEJA MAMU,KEMEJA FORMAL LIGHT BROWN PJG XL,0,3,0,0,85974,257922,257922
Mei-2026,MAMU GOWA,KEMEJA MAMU,KEMEJA FORMAL LIGHT BROWN PJG XL,0,3,0,0,85974,257922,257922
Jun-2026,MAMU GOWA,KEMEJA MAMU,KEMEJA FORMAL LIGHT BROWN PJG XL,85974,2,0,0,85974,171948,257922
Jul-2026,MAMU GOWA,KEMEJA MAMU,KEMEJA FORMAL LIGHT BROWN PJG XL,0,5,0,0,85974,429870,171948
Agu-2026,MAMU GOWA,KEMEJA MAMU,KEMEJA FORMAL LIGHT BROWN PJG XL,85965,5,0,0,85974,429870,429870
Sep-2026,MAMU GOWA,KEMEJA MAMU,KEMEJA FORMAL LIGHT BROWN PJG XL,85964,5,0,0,85974,429870,429870
Okt-2026,MAMU GOWA,KEMEJA MAMU,KEMEJA FORMAL LIGHT BROWN PJG XL,0,5,0,0,85974,429870,429870
Mar-2026,MAMU GOWA,KEMEJA MAMU,KEMEJA FORMAL NAVY PDK 2XL,154190,0,0,0,77095,0,0
Mar-2026,MAMU GOWA,KEMEJA MAMU,KEMEJA FORMAL NAVY PDK L,616760,0,0,0,73797,0,0
Jun-2026,MAMU GOWA,KEMEJA MAMU,KEMEJA FORMAL NAVY PDK L,74217,2,0,0,74217,148434,0
Jul-2026,MAMU GOWA,KEMEJA MAMU,KEMEJA FORMAL NAVY PDK L,0,5,0,0,74217,371085,148434
Agu-2026,MAMU GOWA,KEMEJA MAMU,KEMEJA FORMAL NAVY PDK L,222651,3,0,0,74217,222651,371085
Sep-2026,MAMU GOWA,KEMEJA MAMU,KEMEJA FORMAL NAVY PDK L,0,2,0,0,74217,148434,222651
Okt-2026,MAMU GOWA,KEMEJA MAMU,KEMEJA FORMAL NAVY PDK L,0,2,0,0,74217,148434,148434
Mar-2026,MAMU GOWA,KEMEJA MAMU,KEMEJA FORMAL NAVY PDK M,385475,0,0,0,73797,0,0
Jun-2026,MAMU GOWA,KEMEJA MAMU,KEMEJA FORMAL NAVY PDK M,0,2,0,0,73940,147880,0
Jul-2026,MAMU GOWA,KEMEJA MAMU,KEMEJA FORMAL NAVY PDK M,0,2,0,0,73940,147880,147880
Agu-2026,MAMU GOWA,KEMEJA MAMU,KEMEJA FORMAL NAVY PDK M,73940,1,0,0,73940,73940,147880
Sep-2026,MAMU GOWA,KEMEJA MAMU,KEMEJA FORMAL NAVY PDK M,73940,0,0,0,73797,0,73940
Mar-2026,MAMU GOWA,KEMEJA MAMU,KEMEJA FORMAL NAVY PDK S,154190,0,0,0,73797,0,0
Mar-2026,MAMU GOWA,KEMEJA MAMU,KEMEJA FORMAL NAVY PDK XL,462570,0,0,0,73797,0,0
Jun-2026,MAMU GOWA,KEMEJA MAMU,KEMEJA FORMAL NAVY PDK XL,74208,2,0,0,74208,148416,0
Jul-2026,MAMU GOWA,KEMEJA MAMU,KEMEJA FORMAL NAVY PDK XL,0,4,0,0,74208,296832,148416
Agu-2026,MAMU GOWA,KEMEJA MAMU,KEMEJA FORMAL NAVY PDK XL,74208,4,0,0,74208,296832,296832
Sep-2026,MAMU GOWA,KEMEJA MAMU,KEMEJA FORMAL NAVY PDK XL,0,3,0,0,74208,222624,296832
Okt-2026,MAMU GOWA,KEMEJA MAMU,KEMEJA FORMAL NAVY PDK XL,0,3,0,0,74208,222624,222624
Mar-2026,MAMU GOWA,KEMEJA MAMU,KEMEJA FORMAL NAVY PJG 2XL,176190,0,0,0,86797,0,0
Apr-2026,MAMU GOWA,KEMEJA MAMU,KEMEJA FORMAL NAVY PJG 2XL,0,1,0,0,88095,88095,0
Mei-2026,MAMU GOWA,KEMEJA MAMU,KEMEJA FORMAL NAVY PJG 2XL,0,1,0,0,88095,88095,88095
Jun-2026,MAMU GOWA,KEMEJA MAMU,KEMEJA FORMAL NAVY PJG 2XL,0,1,0,0,88095,88095,88095
Jul-2026,MAMU GOWA,KEMEJA MAMU,KEMEJA FORMAL NAVY PJG 2XL,0,1,0,0,88095,88095,88095
Agu-2026,MAMU GOWA,KEMEJA MAMU,KEMEJA FORMAL NAVY PJG 2XL,0,1,0,0,88095,88095,88095
Sep-2026,MAMU GOWA,KEMEJA MAMU,KEMEJA FORMAL NAVY PJG 2XL,88095,0,0,0,86797,0,88095
Mar-2026,MAMU GOWA,KEMEJA MAMU,KEMEJA FORMAL NAVY PJG L,264285,2,0,0,86580,173160,0
Apr-2026,MAMU GOWA,KEMEJA MAMU,KEMEJA FORMAL NAVY PJG L,0,2,0,0,86580,173160,173160
Mei-2026,MAMU GOWA,KEMEJA MAMU,KEMEJA FORMAL NAVY PJG L,0,2,0,0,86580,173160,173160
Jun-2026,MAMU GOWA,KEMEJA MAMU,KEMEJA FORMAL NAVY PJG L,0,2,0,0,86580,173160,173160
Jul-2026,MAMU GOWA,KEMEJA MAMU,KEMEJA FORMAL NAVY PJG L,0,5,0,0,86580,432900,173160
Agu-2026,MAMU GOWA,KEMEJA MAMU,KEMEJA FORMAL NAVY PJG L,0,5,0,0,86580,432900,432900
Sep-2026,MAMU GOWA,KEMEJA MAMU,KEMEJA FORMAL NAVY PJG L,87352,3,0,0,86580,259740,432900
Okt-2026,MAMU GOWA,KEMEJA MAMU,KEMEJA FORMAL NAVY PJG L,0,3,0,0,86580,259740,259740
Mar-2026,MAMU GOWA,KEMEJA MAMU,KEMEJA FORMAL NAVY PJG M,352380,0,0,0,86797,0,0
Mar-2026,MAMU GOWA,KEMEJA MAMU,KEMEJA FORMAL NAVY PJG S,176190,0,0,0,88095,0,0
Mar-2026,MAMU GOWA,KEMEJA MAMU,KEMEJA FORMAL NAVY PJG XL,264285,2,0,0,86519,173038,0
Apr-2026,MAMU GOWA,KEMEJA MAMU,KEMEJA FORMAL NAVY PJG XL,0,2,0,0,86519,173038,173038
Mei-2026,MAMU GOWA,KEMEJA MAMU,KEMEJA FORMAL NAVY PJG XL,0,2,0,0,86519,173038,173038
Jun-2026,MAMU GOWA,KEMEJA MAMU,KEMEJA FORMAL NAVY PJG XL,88095,1,0,0,86519,86519,173038
Jul-2026,MAMU GOWA,KEMEJA MAMU,KEMEJA FORMAL NAVY PJG XL,0,5,0,0,86519,432595,86519
Agu-2026,MAMU GOWA,KEMEJA MAMU,KEMEJA FORMAL NAVY PJG XL,87033,5,0,0,86519,432595,432595
Sep-2026,MAMU GOWA,KEMEJA MAMU,KEMEJA FORMAL NAVY PJG XL,0,5,0,0,86519,432595,432595
Okt-2026,MAMU GOWA,KEMEJA MAMU,KEMEJA FORMAL NAVY PJG XL,0,5,0,0,86519,432595,432595
Mar-2026,MAMU GOWA,KEMEJA MAMU,KEMEJA FORMAL STEEL BLUE PDK L,753970,0,0,0,73797,0,0
Mar-2026,MAMU GOWA,KEMEJA MAMU,KEMEJA FORMAL STEEL BLUE PDK M,301132,0,0,0,73797,0,0
Mar-2026,MAMU GOWA,KEMEJA MAMU,KEMEJA FORMAL STEEL BLUE PDK S,154190,0,0,0,77095,0,0
Mar-2026,MAMU GOWA,KEMEJA MAMU,KEMEJA FORMAL STEEL BLUE PDK XL,301132,5,0,0,75283,376415,0
Apr-2026,MAMU GOWA,KEMEJA MAMU,KEMEJA FORMAL STEEL BLUE PDK XL,0,4,0,0,75283,301132,376415
Mei-2026,MAMU GOWA,KEMEJA MAMU,KEMEJA FORMAL STEEL BLUE PDK XL,0,4,0,0,75283,301132,301132
Jun-2026,MAMU GOWA,KEMEJA MAMU,KEMEJA FORMAL STEEL BLUE PDK XL,0,4,0,0,75283,301132,301132
Jul-2026,MAMU GOWA,KEMEJA MAMU,KEMEJA FORMAL STEEL BLUE PDK XL,0,4,0,0,75283,301132,301132
Agu-2026,MAMU GOWA,KEMEJA MAMU,KEMEJA FORMAL STEEL BLUE PDK XL,150566,3,0,0,75283,225849,301132
Sep-2026,MAMU GOWA,KEMEJA MAMU,KEMEJA FORMAL STEEL BLUE PDK XL,75283,1,0,0,75283,75283,225849
Okt-2026,MAMU GOWA,KEMEJA MAMU,KEMEJA FORMAL STEEL BLUE PDK XL,0,1,0,0,75283,75283,75283
Mar-2026,MAMU GOWA,KEMEJA MAMU,KEMEJA FORMAL STEEL BLUE PJG 2XL,176106,2,0,0,88053,176106,0
Apr-2026,MAMU GOWA,KEMEJA MAMU,KEMEJA FORMAL STEEL BLUE PJG 2XL,0,1,0,0,88053,88053,176106
Mei-2026,MAMU GOWA,KEMEJA MAMU,KEMEJA FORMAL STEEL BLUE PJG 2XL,0,1,0,0,88053,88053,88053
Jun-2026,MAMU GOWA,KEMEJA MAMU,KEMEJA FORMAL STEEL BLUE PJG 2XL,0,1,0,0,88053,88053,88053
Jul-2026,MAMU GOWA,KEMEJA MAMU,KEMEJA FORMAL STEEL BLUE PJG 2XL,88053,0,0,0,88053,0,88053
Mar-2026,MAMU GOWA,KEMEJA MAMU,KEMEJA FORMAL STEEL BLUE PJG L,351100,18,0,0,87505,1575090,0
Apr-2026,MAMU GOWA,KEMEJA MAMU,KEMEJA FORMAL STEEL BLUE PJG L,87775,17,0,0,87505,1487585,1575090
Mei-2026,MAMU GOWA,KEMEJA MAMU,KEMEJA FORMAL STEEL BLUE PJG L,87775,17,0,0,87170,1481890,1487585
Jun-2026,MAMU GOWA,KEMEJA MAMU,KEMEJA FORMAL STEEL BLUE PJG L,0,16,0,0,87170,1394720,1481890
Jul-2026,MAMU GOWA,KEMEJA MAMU,KEMEJA FORMAL STEEL BLUE PJG L,0,16,0,0,87170,1394720,1394720
Agu-2026,MAMU GOWA,KEMEJA MAMU,KEMEJA FORMAL STEEL BLUE PJG L,263325,14,0,0,87170,1220380,1394720
Sep-2026,MAMU GOWA,KEMEJA MAMU,KEMEJA FORMAL STEEL BLUE PJG L,0,13,0,0,87170,1133210,1220380
Okt-2026,MAMU GOWA,KEMEJA MAMU,KEMEJA FORMAL STEEL BLUE PJG L,0,13,0,0,87170,1133210,1133210
Mar-2026,MAMU GOWA,KEMEJA MAMU,KEMEJA FORMAL STEEL BLUE PJG M,439695,9,0,0,88053,792477,0
Apr-2026,MAMU GOWA,KEMEJA MAMU,KEMEJA FORMAL STEEL BLUE PJG M,0,10,0,0,88053,880530,792477
Mei-2026,MAMU GOWA,KEMEJA MAMU,KEMEJA FORMAL STEEL BLUE PJG M,0,10,0,0,88053,880530,880530
Jun-2026,MAMU GOWA,KEMEJA MAMU,KEMEJA FORMAL STEEL BLUE PJG M,0,10,0,0,88053,880530,880530
Jul-2026,MAMU GOWA,KEMEJA MAMU,KEMEJA FORMAL STEEL BLUE PJG M,87939,10,0,0,88053,880530,880530
Agu-2026,MAMU GOWA,KEMEJA MAMU,KEMEJA FORMAL STEEL BLUE PJG M,175878,7,0,0,88053,616371,880530
Sep-2026,MAMU GOWA,KEMEJA MAMU,KEMEJA FORMAL STEEL BLUE PJG M,0,7,0,0,88053,616371,616371
Okt-2026,MAMU GOWA,KEMEJA MAMU,KEMEJA FORMAL STEEL BLUE PJG M,0,7,0,0,88053,616371,616371
Mar-2026,MAMU GOWA,KEMEJA MAMU,KEMEJA FORMAL STEEL BLUE PJG S,263889,0,0,0,88053,0,0
Mar-2026,MAMU GOWA,KEMEJA MAMU,KEMEJA FORMAL STEEL BLUE PJG XL,439275,4,0,0,88053,352212,0
Apr-2026,MAMU GOWA,KEMEJA MAMU,KEMEJA FORMAL STEEL BLUE PJG XL,87855,5,0,0,88053,440265,352212
Mei-2026,MAMU GOWA,KEMEJA MAMU,KEMEJA FORMAL STEEL BLUE PJG XL,0,4,0,0,88053,352212,440265
Jun-2026,MAMU GOWA,KEMEJA MAMU,KEMEJA FORMAL STEEL BLUE PJG XL,0,4,0,0,88053,352212,352212
Jul-2026,MAMU GOWA,KEMEJA MAMU,KEMEJA FORMAL STEEL BLUE PJG XL,0,5,0,0,88053,440265,352212
Agu-2026,MAMU GOWA,KEMEJA MAMU,KEMEJA FORMAL STEEL BLUE PJG XL,0,5,0,0,88053,440265,440265
Sep-2026,MAMU GOWA,KEMEJA MAMU,KEMEJA FORMAL STEEL BLUE PJG XL,0,5,0,0,88053,440265,440265
Okt-2026,MAMU GOWA,KEMEJA MAMU,KEMEJA FORMAL STEEL BLUE PJG XL,0,5,0,0,88053,440265,440265
Mar-2026,MAMU GOWA,KEMEJA MAMU,KEMEJA FORMAL TOFFEE PDK 2XL,300212,0,0,0,75053,0,0
Mar-2026,MAMU GOWA,KEMEJA MAMU,KEMEJA FORMAL TOFFEE PDK L,225159,0,0,0,75053,0,0
Jul-2026,MAMU GOWA,KEMEJA MAMU,KEMEJA FORMAL TOFFEE PDK L,0,10,0,0,75053,750530,0
Agu-2026,MAMU GOWA,KEMEJA MAMU,KEMEJA FORMAL TOFFEE PDK L,72998,10,0,0,75053,750530,750530
Sep-2026,MAMU GOWA,KEMEJA MAMU,KEMEJA FORMAL TOFFEE PDK L,0,9,0,0,75053,675477,750530
Okt-2026,MAMU GOWA,KEMEJA MAMU,KEMEJA FORMAL TOFFEE PDK L,0,9,0,0,75053,675477,675477
Mar-2026,MAMU GOWA,KEMEJA MAMU,KEMEJA FORMAL TOFFEE PDK M,148428,0,0,0,74214,0,0
Jul-2026,MAMU GOWA,KEMEJA MAMU,KEMEJA FORMAL TOFFEE PDK M,0,10,0,0,74214,742140,0
Agu-2026,MAMU GOWA,KEMEJA MAMU,KEMEJA FORMAL TOFFEE PDK M,145996,9,0,0,74214,667926,742140
Sep-2026,MAMU GOWA,KEMEJA MAMU,KEMEJA FORMAL TOFFEE PDK M,0,8,0,0,74214,593712,667926
Okt-2026,MAMU GOWA,KEMEJA MAMU,KEMEJA FORMAL TOFFEE PDK M,0,8,0,0,74214,593712,593712
Mar-2026,MAMU GOWA,KEMEJA MAMU,KEMEJA FORMAL TOFFEE PDK S,300212,0,0,0,75053,0,0
Mar-2026,MAMU GOWA,KEMEJA MAMU,KEMEJA FORMAL TOFFEE PDK XL,1350954,4,0,0,75053,300212,0
Apr-2026,MAMU GOWA,KEMEJA MAMU,KEMEJA FORMAL TOFFEE PDK XL,0,4,0,0,75053,300212,300212
Mei-2026,MAMU GOWA,KEMEJA MAMU,KEMEJA FORMAL TOFFEE PDK XL,150084,2,0,0,75053,150106,300212
Jun-2026,MAMU GOWA,KEMEJA MAMU,KEMEJA FORMAL TOFFEE PDK XL,223082,4,0,0,75053,300212,150106
Jul-2026,MAMU GOWA,KEMEJA MAMU,KEMEJA FORMAL TOFFEE PDK XL,0,5,0,0,75053,375265,300212
Agu-2026,MAMU GOWA,KEMEJA MAMU,KEMEJA FORMAL TOFFEE PDK XL,58398,5,0,0,75053,375265,375265
Sep-2026,MAMU GOWA,KEMEJA MAMU,KEMEJA FORMAL TOFFEE PDK XL,61318,5,0,0,75053,375265,375265
Okt-2026,MAMU GOWA,KEMEJA MAMU,KEMEJA FORMAL TOFFEE PDK XL,0,6,0,0,75053,450318,375265
Mar-2026,MAMU GOWA,KEMEJA MAMU,KEMEJA FORMAL TOFFEE PJG 2XL,264159,0,0,0,88053,0,0
Mar-2026,MAMU GOWA,KEMEJA MAMU,KEMEJA FORMAL TOFFEE PJG L,792477,5,0,0,88053,440265,0
Apr-2026,MAMU GOWA,KEMEJA MAMU,KEMEJA FORMAL TOFFEE PJG L,0,5,0,0,88053,440265,440265
Mei-2026,MAMU GOWA,KEMEJA MAMU,KEMEJA FORMAL TOFFEE PJG L,0,5,0,0,88053,440265,440265
Jun-2026,MAMU GOWA,KEMEJA MAMU,KEMEJA FORMAL TOFFEE PJG L,0,5,0,0,88053,440265,440265
Jul-2026,MAMU GOWA,KEMEJA MAMU,KEMEJA FORMAL TOFFEE PJG L,0,6,0,0,88053,528318,440265
Agu-2026,MAMU GOWA,KEMEJA MAMU,KEMEJA FORMAL TOFFEE PJG L,0,6,0,0,88053,528318,528318
Sep-2026,MAMU GOWA,KEMEJA MAMU,KEMEJA FORMAL TOFFEE PJG L,176339,5,0,0,88053,440265,528318
Okt-2026,MAMU GOWA,KEMEJA MAMU,KEMEJA FORMAL TOFFEE PJG L,0,9,0,0,88053,792477,440265
Mar-2026,MAMU GOWA,KEMEJA MAMU,KEMEJA FORMAL TOFFEE PJG M,264159,5,0,0,88053,440265,0
Apr-2026,MAMU GOWA,KEMEJA MAMU,KEMEJA FORMAL TOFFEE PJG M,0,5,0,0,88053,440265,440265
Mei-2026,MAMU GOWA,KEMEJA MAMU,KEMEJA FORMAL TOFFEE PJG M,87982,4,0,0,88053,352212,440265
Jun-2026,MAMU GOWA,KEMEJA MAMU,KEMEJA FORMAL TOFFEE PJG M,87982,3,0,0,88053,264159,352212
Jul-2026,MAMU GOWA,KEMEJA MAMU,KEMEJA FORMAL TOFFEE PJG M,87982,5,0,0,88053,440265,264159
Agu-2026,MAMU GOWA,KEMEJA MAMU,KEMEJA FORMAL TOFFEE PJG M,0,5,0,0,88053,440265,440265
Sep-2026,MAMU GOWA,KEMEJA MAMU,KEMEJA FORMAL TOFFEE PJG M,0,5,0,0,88053,440265,440265
Okt-2026,MAMU GOWA,KEMEJA MAMU,KEMEJA FORMAL TOFFEE PJG M,0,7,0,0,88053,616371,440265
Mar-2026,MAMU GOWA,KEMEJA MAMU,KEMEJA FORMAL TOFFEE PJG S,176106,4,0,0,88053,352212,0
Apr-2026,MAMU GOWA,KEMEJA MAMU,KEMEJA FORMAL TOFFEE PJG S,0,4,0,0,88053,352212,352212
Mei-2026,MAMU GOWA,KEMEJA MAMU,KEMEJA FORMAL TOFFEE PJG S,176106,2,0,0,88053,176106,352212
Jun-2026,MAMU GOWA,KEMEJA MAMU,KEMEJA FORMAL TOFFEE PJG S,88053,1,0,0,88053,88053,176106
Jul-2026,MAMU GOWA,KEMEJA MAMU,KEMEJA FORMAL TOFFEE PJG S,0,1,0,0,88053,88053,88053
Agu-2026,MAMU GOWA,KEMEJA MAMU,KEMEJA FORMAL TOFFEE PJG S,88053,1,0,0,88053,88053,88053
Sep-2026,MAMU GOWA,KEMEJA MAMU,KEMEJA FORMAL TOFFEE PJG S,0,0,0,0,88053,0,88053
Mar-2026,MAMU GOWA,KEMEJA MAMU,KEMEJA FORMAL TOFFEE PJG XL,264159,5,0,0,88053,440265,0
Apr-2026,MAMU GOWA,KEMEJA MAMU,KEMEJA FORMAL TOFFEE PJG XL,0,5,0,0,88053,440265,440265
Mei-2026,MAMU GOWA,KEMEJA MAMU,KEMEJA FORMAL TOFFEE PJG XL,88034,5,0,0,88053,440265,440265
Jun-2026,MAMU GOWA,KEMEJA MAMU,KEMEJA FORMAL TOFFEE PJG XL,176068,2,0,0,88053,176106,440265
Jul-2026,MAMU GOWA,KEMEJA MAMU,KEMEJA FORMAL TOFFEE PJG XL,0,5,0,0,88053,440265,176106
Agu-2026,MAMU GOWA,KEMEJA MAMU,KEMEJA FORMAL TOFFEE PJG XL,87289,5,0,0,88053,440265,440265
Sep-2026,MAMU GOWA,KEMEJA MAMU,KEMEJA FORMAL TOFFEE PJG XL,0,5,0,0,88053,440265,440265
Okt-2026,MAMU GOWA,KEMEJA MAMU,KEMEJA FORMAL TOFFEE PJG XL,0,5,0,0,88053,440265,440265
Jun-2026,MAMU GOWA,KEMEJA MAMU,KEMEJA SHANGHAI COKLAT TUA PDK L,0,5,0,0,159000,795000,0
Jul-2026,MAMU GOWA,KEMEJA MAMU,KEMEJA SHANGHAI COKLAT TUA PDK L,145852,3,0,0,159000,477000,795000
Agu-2026,MAMU GOWA,KEMEJA MAMU,KEMEJA SHANGHAI COKLAT TUA PDK L,437556,3,0,0,159000,477000,477000
Sep-2026,MAMU GOWA,KEMEJA MAMU,KEMEJA SHANGHAI COKLAT TUA PDK L,0,7,0,0,159000,1113000,477000
Okt-2026,MAMU GOWA,KEMEJA MAMU,KEMEJA SHANGHAI COKLAT TUA PDK L,0,7,0,0,159000,1113000,1113000
Jun-2026,MAMU GOWA,KEMEJA MAMU,KEMEJA SHANGHAI COKLAT TUA PDK M,0,5,0,0,159000,795000,0
Jul-2026,MAMU GOWA,KEMEJA MAMU,KEMEJA SHANGHAI COKLAT TUA PDK M,0,5,0,0,159000,795000,795000
Agu-2026,MAMU GOWA,KEMEJA MAMU,KEMEJA SHANGHAI COKLAT TUA PDK M,72929,5,0,0,159000,795000,795000
Sep-2026,MAMU GOWA,KEMEJA MAMU,KEMEJA SHANGHAI COKLAT TUA PDK M,72929,8,0,0,159000,1272000,795000
Okt-2026,MAMU GOWA,KEMEJA MAMU,KEMEJA SHANGHAI COKLAT TUA PDK M,0,8,0,0,159000,1272000,1272000
Jun-2026,MAMU GOWA,KEMEJA MAMU,KEMEJA SHANGHAI COKLAT TUA PDK XL,0,5,0,0,159000,795000,0
Jul-2026,MAMU GOWA,KEMEJA MAMU,KEMEJA SHANGHAI COKLAT TUA PDK XL,145852,3,0,0,159000,477000,795000
Agu-2026,MAMU GOWA,KEMEJA MAMU,KEMEJA SHANGHAI COKLAT TUA PDK XL,145852,3,0,0,159000,477000,477000
Sep-2026,MAMU GOWA,KEMEJA MAMU,KEMEJA SHANGHAI COKLAT TUA PDK XL,0,7,0,0,159000,1113000,477000
Okt-2026,MAMU GOWA,KEMEJA MAMU,KEMEJA SHANGHAI COKLAT TUA PDK XL,0,7,0,0,159000,1113000,1113000
Jun-2026,MAMU GOWA,KEMEJA MAMU,KEMEJA SHANGHAI COKLAT TUA PJG L,0,5,0,0,189000,945000,0
Jul-2026,MAMU GOWA,KEMEJA MAMU,KEMEJA SHANGHAI COKLAT TUA PJG L,0,5,0,0,189000,945000,945000
Agu-2026,MAMU GOWA,KEMEJA MAMU,KEMEJA SHANGHAI COKLAT TUA PJG L,0,5,0,0,189000,945000,945000
Sep-2026,MAMU GOWA,KEMEJA MAMU,KEMEJA SHANGHAI COKLAT TUA PJG L,0,5,0,0,189000,945000,945000
Okt-2026,MAMU GOWA,KEMEJA MAMU,KEMEJA SHANGHAI COKLAT TUA PJG L,0,5,0,0,189000,945000,945000
Jul-2026,MAMU GOWA,KEMEJA MAMU,KEMEJA SHANGHAI COKLAT TUA PJG M,0,3,0,0,189000,567000,0
Agu-2026,MAMU GOWA,KEMEJA MAMU,KEMEJA SHANGHAI COKLAT TUA PJG M,0,3,0,0,189000,567000,567000
Sep-2026,MAMU GOWA,KEMEJA MAMU,KEMEJA SHANGHAI COKLAT TUA PJG M,0,8,0,0,189000,1512000,567000
Okt-2026,MAMU GOWA,KEMEJA MAMU,KEMEJA SHANGHAI COKLAT TUA PJG M,0,8,0,0,189000,1512000,1512000
Jul-2026,MAMU GOWA,KEMEJA MAMU,KEMEJA SHANGHAI COKLAT TUA PJG XL,0,3,0,0,189000,567000,0
Agu-2026,MAMU GOWA,KEMEJA MAMU,KEMEJA SHANGHAI COKLAT TUA PJG XL,85993,3,0,0,189000,567000,567000
Sep-2026,MAMU GOWA,KEMEJA MAMU,KEMEJA SHANGHAI COKLAT TUA PJG XL,0,7,0,0,189000,1323000,567000
Okt-2026,MAMU GOWA,KEMEJA MAMU,KEMEJA SHANGHAI COKLAT TUA PJG XL,85993,6,0,0,189000,1134000,1323000
Apr-2026,MAMU GOWA,KEMEJA MAMU,KEMEJA SHANGHAI HITAM PDK 2XL,72997,2,0,0,72997,145994,0
Mei-2026,MAMU GOWA,KEMEJA MAMU,KEMEJA SHANGHAI HITAM PDK 2XL,0,2,0,0,72997,145994,145994
Jun-2026,MAMU GOWA,KEMEJA MAMU,KEMEJA SHANGHAI HITAM PDK 2XL,0,2,0,0,72997,145994,145994
Jul-2026,MAMU GOWA,KEMEJA MAMU,KEMEJA SHANGHAI HITAM PDK 2XL,72997,1,0,0,72997,72997,145994
Agu-2026,MAMU GOWA,KEMEJA MAMU,KEMEJA SHANGHAI HITAM PDK 2XL,72997,0,0,0,74214,0,72997
Apr-2026,MAMU GOWA,KEMEJA MAMU,KEMEJA SHANGHAI HITAM PDK L,72925,14,0,0,72925,1020950,0
Mei-2026,MAMU GOWA,KEMEJA MAMU,KEMEJA SHANGHAI HITAM PDK L,0,14,0,0,72966,1021524,1020950
Jun-2026,MAMU GOWA,KEMEJA MAMU,KEMEJA SHANGHAI HITAM PDK L,72925,13,0,0,72966,948558,1021524
Jul-2026,MAMU GOWA,KEMEJA MAMU,KEMEJA SHANGHAI HITAM PDK L,0,13,2,0,72966,1094490,948558
Agu-2026,MAMU GOWA,KEMEJA MAMU,KEMEJA SHANGHAI HITAM PDK L,0,15,0,0,72966,1094490,1094490
Sep-2026,MAMU GOWA,KEMEJA MAMU,KEMEJA SHANGHAI HITAM PDK L,0,15,0,0,72966,1094490,1094490
Okt-2026,MAMU GOWA,KEMEJA MAMU,KEMEJA SHANGHAI HITAM PDK L,0,15,0,0,72966,1094490,1094490
Apr-2026,MAMU GOWA,KEMEJA MAMU,KEMEJA SHANGHAI HITAM PDK M,0,15,0,0,72941,1094115,0
Mei-2026,MAMU GOWA,KEMEJA MAMU,KEMEJA SHANGHAI HITAM PDK M,0,15,0,0,72949,1094235,1094115
Jun-2026,MAMU GOWA,KEMEJA MAMU,KEMEJA SHANGHAI HITAM PDK M,72941,14,0,0,72949,1021286,1094235
Jul-2026,MAMU GOWA,KEMEJA MAMU,KEMEJA SHANGHAI HITAM PDK M,0,14,3,0,72949,1240133,1021286
Agu-2026,MAMU GOWA,KEMEJA MAMU,KEMEJA SHANGHAI HITAM PDK M,0,17,0,0,72949,1240133,1240133
Sep-2026,MAMU GOWA,KEMEJA MAMU,KEMEJA SHANGHAI HITAM PDK M,72942,17,0,0,72949,1240133,1240133
Okt-2026,MAMU GOWA,KEMEJA MAMU,KEMEJA SHANGHAI HITAM PDK M,0,16,0,0,72949,1167184,1240133
Apr-2026,MAMU GOWA,KEMEJA MAMU,KEMEJA SHANGHAI HITAM PDK S,72997,1,0,0,72997,72997,0
Mei-2026,MAMU GOWA,KEMEJA MAMU,KEMEJA SHANGHAI HITAM PDK S,0,1,0,0,72997,72997,72997
Jun-2026,MAMU GOWA,KEMEJA MAMU,KEMEJA SHANGHAI HITAM PDK S,0,1,0,0,72997,72997,72997
Jul-2026,MAMU GOWA,KEMEJA MAMU,KEMEJA SHANGHAI HITAM PDK S,0,1,0,0,72997,72997,72997
Agu-2026,MAMU GOWA,KEMEJA MAMU,KEMEJA SHANGHAI HITAM PDK S,72997,0,0,0,74214,0,72997
Apr-2026,MAMU GOWA,KEMEJA MAMU,KEMEJA SHANGHAI HITAM PDK XL,218763,12,0,0,72921,875052,0
Mei-2026,MAMU GOWA,KEMEJA MAMU,KEMEJA SHANGHAI HITAM PDK XL,72921,11,0,0,72940,802340,875052
Jun-2026,MAMU GOWA,KEMEJA MAMU,KEMEJA SHANGHAI HITAM PDK XL,72921,10,0,0,72940,729400,802340
Jul-2026,MAMU GOWA,KEMEJA MAMU,KEMEJA SHANGHAI HITAM PDK XL,0,10,3,0,72940,948220,729400
Agu-2026,MAMU GOWA,KEMEJA MAMU,KEMEJA SHANGHAI HITAM PDK XL,0,13,0,0,72940,948220,948220
Sep-2026,MAMU GOWA,KEMEJA MAMU,KEMEJA SHANGHAI HITAM PDK XL,0,13,0,0,72940,948220,948220
Okt-2026,MAMU GOWA,KEMEJA MAMU,KEMEJA SHANGHAI HITAM PDK XL,72925,12,0,0,72940,875280,948220
Apr-2026,MAMU GOWA,KEMEJA MAMU,KEMEJA SHANGHAI HITAM PJG 2XL,0,4,0,0,85997,343988,0
Mei-2026,MAMU GOWA,KEMEJA MAMU,KEMEJA SHANGHAI HITAM PJG 2XL,85997,3,0,0,85997,257991,343988
Jun-2026,MAMU GOWA,KEMEJA MAMU,KEMEJA SHANGHAI HITAM PJG 2XL,85997,2,0,0,85997,171994,257991
Jul-2026,MAMU GOWA,KEMEJA MAMU,KEMEJA SHANGHAI HITAM PJG 2XL,0,2,0,0,85997,171994,171994
Agu-2026,MAMU GOWA,KEMEJA MAMU,KEMEJA SHANGHAI HITAM PJG 2XL,0,2,0,0,85997,171994,171994
Sep-2026,MAMU GOWA,KEMEJA MAMU,KEMEJA SHANGHAI HITAM PJG 2XL,85997,1,0,0,85997,85997,171994
Okt-2026,MAMU GOWA,KEMEJA MAMU,KEMEJA SHANGHAI HITAM PJG 2XL,0,1,0,0,85997,85997,85997
Apr-2026,MAMU GOWA,KEMEJA MAMU,KEMEJA SHANGHAI HITAM PJG L,85943,14,0,0,85943,1203202,0
Mei-2026,MAMU GOWA,KEMEJA MAMU,KEMEJA SHANGHAI HITAM PJG L,85943,13,0,0,85943,1117259,1203202
Jun-2026,MAMU GOWA,KEMEJA MAMU,KEMEJA SHANGHAI HITAM PJG L,0,13,0,0,85943,1117259,1117259
Jul-2026,MAMU GOWA,KEMEJA MAMU,KEMEJA SHANGHAI HITAM PJG L,0,13,3,0,85943,1375088,1117259
Agu-2026,MAMU GOWA,KEMEJA MAMU,KEMEJA SHANGHAI HITAM PJG L,0,16,0,0,85943,1375088,1375088
Sep-2026,MAMU GOWA,KEMEJA MAMU,KEMEJA SHANGHAI HITAM PJG L,0,16,0,0,85943,1375088,1375088
Okt-2026,MAMU GOWA,KEMEJA MAMU,KEMEJA SHANGHAI HITAM PJG L,0,16,0,0,85943,1375088,1375088
Apr-2026,MAMU GOWA,KEMEJA MAMU,KEMEJA SHANGHAI HITAM PJG M,0,15,0,0,85943,1289145,0
Mei-2026,MAMU GOWA,KEMEJA MAMU,KEMEJA SHANGHAI HITAM PJG M,171886,13,0,0,85943,1117259,1289145
Jun-2026,MAMU GOWA,KEMEJA MAMU,KEMEJA SHANGHAI HITAM PJG M,0,13,0,0,85943,1117259,1117259
Jul-2026,MAMU GOWA,KEMEJA MAMU,KEMEJA SHANGHAI HITAM PJG M,0,12,3,0,85943,1289145,1117259
Agu-2026,MAMU GOWA,KEMEJA MAMU,KEMEJA SHANGHAI HITAM PJG M,85943,15,0,0,85943,1289145,1289145
Sep-2026,MAMU GOWA,KEMEJA MAMU,KEMEJA SHANGHAI HITAM PJG M,257829,12,0,0,85943,1031316,1289145
Okt-2026,MAMU GOWA,KEMEJA MAMU,KEMEJA SHANGHAI HITAM PJG M,0,11,0,0,85943,945373,1031316
Apr-2026,MAMU GOWA,KEMEJA MAMU,KEMEJA SHANGHAI HITAM PJG S,0,2,0,0,85997,171994,0
Mei-2026,MAMU GOWA,KEMEJA MAMU,KEMEJA SHANGHAI HITAM PJG S,0,2,0,0,85997,171994,171994
Jun-2026,MAMU GOWA,KEMEJA MAMU,KEMEJA SHANGHAI HITAM PJG S,0,2,0,0,85997,171994,171994
Jul-2026,MAMU GOWA,KEMEJA MAMU,KEMEJA SHANGHAI HITAM PJG S,85997,2,0,0,85997,171994,171994
Agu-2026,MAMU GOWA,KEMEJA MAMU,KEMEJA SHANGHAI HITAM PJG S,0,1,0,0,85997,85997,171994
Sep-2026,MAMU GOWA,KEMEJA MAMU,KEMEJA SHANGHAI HITAM PJG S,0,1,0,0,85997,85997,85997
Okt-2026,MAMU GOWA,KEMEJA MAMU,KEMEJA SHANGHAI HITAM PJG S,0,1,0,0,85997,85997,85997
Apr-2026,MAMU GOWA,KEMEJA MAMU,KEMEJA SHANGHAI HITAM PJG XL,0,15,0,0,85939,1289085,0
Mei-2026,MAMU GOWA,KEMEJA MAMU,KEMEJA SHANGHAI HITAM PJG XL,85939,14,0,0,85957,1203398,1289085
Jun-2026,MAMU GOWA,KEMEJA MAMU,KEMEJA SHANGHAI HITAM PJG XL,0,14,0,0,85957,1203398,1203398
Jul-2026,MAMU GOWA,KEMEJA MAMU,KEMEJA SHANGHAI HITAM PJG XL,0,14,3,0,85957,1461269,1203398
Agu-2026,MAMU GOWA,KEMEJA MAMU,KEMEJA SHANGHAI HITAM PJG XL,0,17,0,0,85957,1461269,1461269
Sep-2026,MAMU GOWA,KEMEJA MAMU,KEMEJA SHANGHAI HITAM PJG XL,0,17,0,0,85957,1461269,1461269
Okt-2026,MAMU GOWA,KEMEJA MAMU,KEMEJA SHANGHAI HITAM PJG XL,0,17,0,0,85957,1461269,1461269
Mar-2026,MAMU GOWA,KEMEJA MAMU,KEMEJA SHANGHAI LIGHT BROWN PDK L,948103,1,0,0,159000,159000,0
Apr-2026,MAMU GOWA,KEMEJA MAMU,KEMEJA SHANGHAI LIGHT BROWN PDK L,0,1,0,0,159000,159000,159000
Mei-2026,MAMU GOWA,KEMEJA MAMU,KEMEJA SHANGHAI LIGHT BROWN PDK L,0,1,0,0,159000,159000,159000
Jun-2026,MAMU GOWA,KEMEJA MAMU,KEMEJA SHANGHAI LIGHT BROWN PDK L,0,1,0,0,159000,159000,159000
Jul-2026,MAMU GOWA,KEMEJA MAMU,KEMEJA SHANGHAI LIGHT BROWN PDK L,0,0,0,0,159000,0,159000
Mar-2026,MAMU GOWA,KEMEJA MAMU,KEMEJA SHANGHAI LIGHT BROWN PDK M,364810,0,0,0,159000,0,0
Mar-2026,MAMU GOWA,KEMEJA MAMU,KEMEJA SHANGHAI LIGHT BROWN PDK S,145856,0,0,0,159000,0,0
Mar-2026,MAMU GOWA,KEMEJA MAMU,KEMEJA SHANGHAI LIGHT BROWN PDK XL,437784,4,0,0,159000,636000,0
Apr-2026,MAMU GOWA,KEMEJA MAMU,KEMEJA SHANGHAI LIGHT BROWN PDK XL,72964,3,0,0,159000,477000,636000
Mei-2026,MAMU GOWA,KEMEJA MAMU,KEMEJA SHANGHAI LIGHT BROWN PDK XL,145928,1,0,0,159000,159000,477000
Jun-2026,MAMU GOWA,KEMEJA MAMU,KEMEJA SHANGHAI LIGHT BROWN PDK XL,0,1,0,0,159000,159000,159000
Jul-2026,MAMU GOWA,KEMEJA MAMU,KEMEJA SHANGHAI LIGHT BROWN PDK XL,0,1,0,0,159000,159000,159000
Agu-2026,MAMU GOWA,KEMEJA MAMU,KEMEJA SHANGHAI LIGHT BROWN PDK XL,0,1,0,0,159000,159000,159000
Sep-2026,MAMU GOWA,KEMEJA MAMU,KEMEJA SHANGHAI LIGHT BROWN PDK XL,0,1,0,0,159000,159000,159000
Okt-2026,MAMU GOWA,KEMEJA MAMU,KEMEJA SHANGHAI LIGHT BROWN PDK XL,0,1,0,0,159000,159000,159000
Mar-2026,MAMU GOWA,KEMEJA MAMU,KEMEJA SHANGHAI LIGHT BROWN PJG L,945505,5,0,0,189000,945000,0
Apr-2026,MAMU GOWA,KEMEJA MAMU,KEMEJA SHANGHAI LIGHT BROWN PJG L,171924,5,0,0,189000,945000,945000
Mei-2026,MAMU GOWA,KEMEJA MAMU,KEMEJA SHANGHAI LIGHT BROWN PJG L,171924,3,0,0,189000,567000,945000
Jun-2026,MAMU GOWA,KEMEJA MAMU,KEMEJA SHANGHAI LIGHT BROWN PJG L,0,3,0,0,189000,567000,567000
Jul-2026,MAMU GOWA,KEMEJA MAMU,KEMEJA SHANGHAI LIGHT BROWN PJG L,0,6,0,0,189000,1134000,567000
Agu-2026,MAMU GOWA,KEMEJA MAMU,KEMEJA SHANGHAI LIGHT BROWN PJG L,0,6,0,0,189000,1134000,1134000
Sep-2026,MAMU GOWA,KEMEJA MAMU,KEMEJA SHANGHAI LIGHT BROWN PJG L,85959,6,0,0,189000,1134000,1134000
Okt-2026,MAMU GOWA,KEMEJA MAMU,KEMEJA SHANGHAI LIGHT BROWN PJG L,0,6,0,0,189000,1134000,1134000
Mar-2026,MAMU GOWA,KEMEJA MAMU,KEMEJA SHANGHAI LIGHT BROWN PJG M,429830,5,0,0,189000,945000,0
Apr-2026,MAMU GOWA,KEMEJA MAMU,KEMEJA SHANGHAI LIGHT BROWN PJG M,0,5,0,0,189000,945000,945000
Mei-2026,MAMU GOWA,KEMEJA MAMU,KEMEJA SHANGHAI LIGHT BROWN PJG M,171932,3,0,0,189000,567000,945000
Jun-2026,MAMU GOWA,KEMEJA MAMU,KEMEJA SHANGHAI LIGHT BROWN PJG M,0,3,0,0,189000,567000,567000
Jul-2026,MAMU GOWA,KEMEJA MAMU,KEMEJA SHANGHAI LIGHT BROWN PJG M,0,3,0,0,189000,567000,567000
Agu-2026,MAMU GOWA,KEMEJA MAMU,KEMEJA SHANGHAI LIGHT BROWN PJG M,0,3,0,0,189000,567000,567000
Sep-2026,MAMU GOWA,KEMEJA MAMU,KEMEJA SHANGHAI LIGHT BROWN PJG M,0,3,0,0,189000,567000,567000
Okt-2026,MAMU GOWA,KEMEJA MAMU,KEMEJA SHANGHAI LIGHT BROWN PJG M,0,3,0,0,189000,567000,567000
Mar-2026,MAMU GOWA,KEMEJA MAMU,KEMEJA SHANGHAI LIGHT BROWN PJG XL,257907,5,0,0,189000,945000,0
Apr-2026,MAMU GOWA,KEMEJA MAMU,KEMEJA SHANGHAI LIGHT BROWN PJG XL,0,5,0,0,189000,945000,945000
Mei-2026,MAMU GOWA,KEMEJA MAMU,KEMEJA SHANGHAI LIGHT BROWN PJG XL,0,5,0,0,189000,945000,945000
Jun-2026,MAMU GOWA,KEMEJA MAMU,KEMEJA SHANGHAI LIGHT BROWN PJG XL,0,5,0,0,189000,945000,945000
Jul-2026,MAMU GOWA,KEMEJA MAMU,KEMEJA SHANGHAI LIGHT BROWN PJG XL,0,5,0,0,189000,945000,945000
Agu-2026,MAMU GOWA,KEMEJA MAMU,KEMEJA SHANGHAI LIGHT BROWN PJG XL,0,5,0,0,189000,945000,945000
Sep-2026,MAMU GOWA,KEMEJA MAMU,KEMEJA SHANGHAI LIGHT BROWN PJG XL,85969,4,0,0,189000,756000,945000
Okt-2026,MAMU GOWA,KEMEJA MAMU,KEMEJA SHANGHAI LIGHT BROWN PJG XL,0,4,0,0,189000,756000,756000
Mar-2026,MAMU GOWA,KEMEJA MAMU,KEMEJA SHANGHAI NAVY PDK 2XL,154190,0,0,0,159000,0,0
Mar-2026,MAMU GOWA,KEMEJA MAMU,KEMEJA SHANGHAI NAVY PDK L,77095,5,0,0,73098,365490,0
Apr-2026,MAMU GOWA,KEMEJA MAMU,KEMEJA SHANGHAI NAVY PDK L,0,0,0,0,73098,0,365490
Mar-2026,MAMU GOWA,KEMEJA MAMU,KEMEJA SHANGHAI NAVY PDK M,77095,4,0,0,73355,293420,0
Apr-2026,MAMU GOWA,KEMEJA MAMU,KEMEJA SHANGHAI NAVY PDK M,73355,3,0,0,73355,220065,293420
Mei-2026,MAMU GOWA,KEMEJA MAMU,KEMEJA SHANGHAI NAVY PDK M,146710,1,0,0,73355,73355,220065
Jun-2026,MAMU GOWA,KEMEJA MAMU,KEMEJA SHANGHAI NAVY PDK M,73355,0,0,0,77095,0,73355
Mar-2026,MAMU GOWA,KEMEJA MAMU,KEMEJA SHANGHAI NAVY PDK S,154190,0,0,0,77095,0,0
Mar-2026,MAMU GOWA,KEMEJA MAMU,KEMEJA SHANGHAI NAVY PDK XL,462570,1,0,0,72993,72993,0
Apr-2026,MAMU GOWA,KEMEJA MAMU,KEMEJA SHANGHAI NAVY PDK XL,0,1,0,0,72993,72993,72993
Mei-2026,MAMU GOWA,KEMEJA MAMU,KEMEJA SHANGHAI NAVY PDK XL,0,1,0,0,72993,72993,72993
Jun-2026,MAMU GOWA,KEMEJA MAMU,KEMEJA SHANGHAI NAVY PDK XL,77095,0,0,0,77095,0,72993
Jul-2026,MAMU GOWA,KEMEJA MAMU,KEMEJA SHANGHAI NAVY PDK XL,0,2,0,0,72993,145986,0
Agu-2026,MAMU GOWA,KEMEJA MAMU,KEMEJA SHANGHAI NAVY PDK XL,0,2,0,0,72993,145986,145986
Sep-2026,MAMU GOWA,KEMEJA MAMU,KEMEJA SHANGHAI NAVY PDK XL,73476,1,0,0,72993,72993,145986
Okt-2026,MAMU GOWA,KEMEJA MAMU,KEMEJA SHANGHAI NAVY PDK XL,73476,0,0,0,77095,0,72993
Mar-2026,MAMU GOWA,KEMEJA MAMU,KEMEJA SHANGHAI NAVY PJG 2XL,88095,1,0,0,189000,189000,0
Apr-2026,MAMU GOWA,KEMEJA MAMU,KEMEJA SHANGHAI NAVY PJG 2XL,0,1,0,0,189000,189000,189000
Mei-2026,MAMU GOWA,KEMEJA MAMU,KEMEJA SHANGHAI NAVY PJG 2XL,0,1,0,0,189000,189000,189000
Jun-2026,MAMU GOWA,KEMEJA MAMU,KEMEJA SHANGHAI NAVY PJG 2XL,0,1,0,0,189000,189000,189000
Jul-2026,MAMU GOWA,KEMEJA MAMU,KEMEJA SHANGHAI NAVY PJG 2XL,0,1,0,0,189000,189000,189000
Agu-2026,MAMU GOWA,KEMEJA MAMU,KEMEJA SHANGHAI NAVY PJG 2XL,0,1,0,0,189000,189000,189000
Sep-2026,MAMU GOWA,KEMEJA MAMU,KEMEJA SHANGHAI NAVY PJG 2XL,0,1,0,0,189000,189000,189000
Okt-2026,MAMU GOWA,KEMEJA MAMU,KEMEJA SHANGHAI NAVY PJG 2XL,0,1,0,0,189000,189000,189000
Mar-2026,MAMU GOWA,KEMEJA MAMU,KEMEJA SHANGHAI NAVY PJG L,352380,6,0,0,86723,520338,0
Apr-2026,MAMU GOWA,KEMEJA MAMU,KEMEJA SHANGHAI NAVY PJG L,0,11,0,0,86723,953953,520338
Mei-2026,MAMU GOWA,KEMEJA MAMU,KEMEJA SHANGHAI NAVY PJG L,0,11,0,0,86723,953953,953953
Jun-2026,MAMU GOWA,KEMEJA MAMU,KEMEJA SHANGHAI NAVY PJG L,0,11,0,0,86723,953953,953953
Jul-2026,MAMU GOWA,KEMEJA MAMU,KEMEJA SHANGHAI NAVY PJG L,88095,11,0,0,86723,953953,953953
Agu-2026,MAMU GOWA,KEMEJA MAMU,KEMEJA SHANGHAI NAVY PJG L,0,10,0,0,86723,867230,953953
Sep-2026,MAMU GOWA,KEMEJA MAMU,KEMEJA SHANGHAI NAVY PJG L,0,10,0,0,86723,867230,867230
Okt-2026,MAMU GOWA,KEMEJA MAMU,KEMEJA SHANGHAI NAVY PJG L,0,10,0,0,86723,867230,867230
Mar-2026,MAMU GOWA,KEMEJA MAMU,KEMEJA SHANGHAI NAVY PJG M,440475,1,0,0,86556,86556,0
Apr-2026,MAMU GOWA,KEMEJA MAMU,KEMEJA SHANGHAI NAVY PJG M,0,0,0,0,86556,0,86556
Jun-2026,MAMU GOWA,KEMEJA MAMU,KEMEJA SHANGHAI NAVY PJG M,0,5,0,0,86556,432780,0
Jul-2026,MAMU GOWA,KEMEJA MAMU,KEMEJA SHANGHAI NAVY PJG M,0,5,0,0,86556,432780,432780
Agu-2026,MAMU GOWA,KEMEJA MAMU,KEMEJA SHANGHAI NAVY PJG M,0,5,0,0,86556,432780,432780
Sep-2026,MAMU GOWA,KEMEJA MAMU,KEMEJA SHANGHAI NAVY PJG M,0,5,0,0,86556,432780,432780
Okt-2026,MAMU GOWA,KEMEJA MAMU,KEMEJA SHANGHAI NAVY PJG M,0,5,0,0,86556,432780,432780
Mar-2026,MAMU GOWA,KEMEJA MAMU,KEMEJA SHANGHAI NAVY PJG S,88095,1,0,0,88095,88095,0
Apr-2026,MAMU GOWA,KEMEJA MAMU,KEMEJA SHANGHAI NAVY PJG S,88095,0,0,0,88095,0,88095
Mar-2026,MAMU GOWA,KEMEJA MAMU,KEMEJA SHANGHAI NAVY PJG XL,176190,4,0,0,86528,346112,0
Apr-2026,MAMU GOWA,KEMEJA MAMU,KEMEJA SHANGHAI NAVY PJG XL,0,4,0,0,86528,346112,346112
Mei-2026,MAMU GOWA,KEMEJA MAMU,KEMEJA SHANGHAI NAVY PJG XL,0,4,0,0,86528,346112,346112
Jun-2026,MAMU GOWA,KEMEJA MAMU,KEMEJA SHANGHAI NAVY PJG XL,0,4,0,0,86528,346112,346112
Jul-2026,MAMU GOWA,KEMEJA MAMU,KEMEJA SHANGHAI NAVY PJG XL,0,4,0,0,86528,346112,346112
Agu-2026,MAMU GOWA,KEMEJA MAMU,KEMEJA SHANGHAI NAVY PJG XL,0,4,0,0,86528,346112,346112
Sep-2026,MAMU GOWA,KEMEJA MAMU,KEMEJA SHANGHAI NAVY PJG XL,262407,5,0,0,86528,432640,346112
Okt-2026,MAMU GOWA,KEMEJA MAMU,KEMEJA SHANGHAI NAVY PJG XL,0,5,0,0,86528,432640,432640
Apr-2026,MAMU GOWA,KEMEJA MAMU,KEMEJA SHANGHAI TOFFEE PDK L,72961,9,0,0,72961,656649,0
Mei-2026,MAMU GOWA,KEMEJA MAMU,KEMEJA SHANGHAI TOFFEE PDK L,145922,7,0,0,72956,510692,656649
Jun-2026,MAMU GOWA,KEMEJA MAMU,KEMEJA SHANGHAI TOFFEE PDK L,0,7,0,0,72956,510692,510692
Jul-2026,MAMU GOWA,KEMEJA MAMU,KEMEJA SHANGHAI TOFFEE PDK L,72960,7,3,0,72956,729560,510692
Agu-2026,MAMU GOWA,KEMEJA MAMU,KEMEJA SHANGHAI TOFFEE PDK L,0,9,0,0,72956,656604,729560
Sep-2026,MAMU GOWA,KEMEJA MAMU,KEMEJA SHANGHAI TOFFEE PDK L,0,9,0,0,72956,656604,656604
Okt-2026,MAMU GOWA,KEMEJA MAMU,KEMEJA SHANGHAI TOFFEE PDK L,0,9,0,0,72956,656604,656604
Apr-2026,MAMU GOWA,KEMEJA MAMU,KEMEJA SHANGHAI TOFFEE PDK M,0,10,0,0,72961,729610,0
Mei-2026,MAMU GOWA,KEMEJA MAMU,KEMEJA SHANGHAI TOFFEE PDK M,218883,7,0,0,72958,510706,729610
Jun-2026,MAMU GOWA,KEMEJA MAMU,KEMEJA SHANGHAI TOFFEE PDK M,0,7,0,0,72958,510706,510706
Jul-2026,MAMU GOWA,KEMEJA MAMU,KEMEJA SHANGHAI TOFFEE PDK M,72961,6,3,0,72958,656622,510706
Agu-2026,MAMU GOWA,KEMEJA MAMU,KEMEJA SHANGHAI TOFFEE PDK M,0,9,0,0,72958,656622,656622
Sep-2026,MAMU GOWA,KEMEJA MAMU,KEMEJA SHANGHAI TOFFEE PDK M,0,9,0,0,72958,656622,656622
Okt-2026,MAMU GOWA,KEMEJA MAMU,KEMEJA SHANGHAI TOFFEE PDK M,0,9,0,0,72958,656622,656622
Apr-2026,MAMU GOWA,KEMEJA MAMU,KEMEJA SHANGHAI TOFFEE PDK XL,0,10,0,0,72963,729630,0
Mei-2026,MAMU GOWA,KEMEJA MAMU,KEMEJA SHANGHAI TOFFEE PDK XL,0,10,0,0,72960,729600,729630
Jun-2026,MAMU GOWA,KEMEJA MAMU,KEMEJA SHANGHAI TOFFEE PDK XL,0,9,0,0,72960,656640,729600
Jul-2026,MAMU GOWA,KEMEJA MAMU,KEMEJA SHANGHAI TOFFEE PDK XL,0,9,2,0,72960,802560,656640
Agu-2026,MAMU GOWA,KEMEJA MAMU,KEMEJA SHANGHAI TOFFEE PDK XL,218886,11,0,0,72960,802560,802560
Sep-2026,MAMU GOWA,KEMEJA MAMU,KEMEJA SHANGHAI TOFFEE PDK XL,0,8,0,0,72960,583680,802560
Okt-2026,MAMU GOWA,KEMEJA MAMU,KEMEJA SHANGHAI TOFFEE PDK XL,0,8,0,0,72960,583680,583680
Apr-2026,MAMU GOWA,KEMEJA MAMU,KEMEJA SHANGHAI TOFFEE PJG 2XL,0,1,0,0,85997,85997,0
Mei-2026,MAMU GOWA,KEMEJA MAMU,KEMEJA SHANGHAI TOFFEE PJG 2XL,0,1,0,0,85997,85997,85997
Jun-2026,MAMU GOWA,KEMEJA MAMU,KEMEJA SHANGHAI TOFFEE PJG 2XL,85997,0,0,0,87214,0,85997
Apr-2026,MAMU GOWA,KEMEJA MAMU,KEMEJA SHANGHAI TOFFEE PJG L,0,10,0,0,85953,859530,0
Mei-2026,MAMU GOWA,KEMEJA MAMU,KEMEJA SHANGHAI TOFFEE PJG L,85953,9,0,0,85953,773577,859530
Jun-2026,MAMU GOWA,KEMEJA MAMU,KEMEJA SHANGHAI TOFFEE PJG L,0,9,0,0,85953,773577,773577
Jul-2026,MAMU GOWA,KEMEJA MAMU,KEMEJA SHANGHAI TOFFEE PJG L,85953,9,2,0,85953,945483,773577
Agu-2026,MAMU GOWA,KEMEJA MAMU,KEMEJA SHANGHAI TOFFEE PJG L,0,10,0,0,85953,859530,945483
Sep-2026,MAMU GOWA,KEMEJA MAMU,KEMEJA SHANGHAI TOFFEE PJG L,85953,9,0,0,85953,773577,859530
Okt-2026,MAMU GOWA,KEMEJA MAMU,KEMEJA SHANGHAI TOFFEE PJG L,0,9,0,0,85953,773577,773577
Apr-2026,MAMU GOWA,KEMEJA MAMU,KEMEJA SHANGHAI TOFFEE PJG M,0,10,0,0,85957,859570,0
Mei-2026,MAMU GOWA,KEMEJA MAMU,KEMEJA SHANGHAI TOFFEE PJG M,0,10,0,0,86007,860070,859570
Jun-2026,MAMU GOWA,KEMEJA MAMU,KEMEJA SHANGHAI TOFFEE PJG M,0,10,0,0,86007,860070,860070
Jul-2026,MAMU GOWA,KEMEJA MAMU,KEMEJA SHANGHAI TOFFEE PJG M,0,10,2,0,86007,1032084,860070
Agu-2026,MAMU GOWA,KEMEJA MAMU,KEMEJA SHANGHAI TOFFEE PJG M,0,12,0,0,86007,1032084,1032084
Sep-2026,MAMU GOWA,KEMEJA MAMU,KEMEJA SHANGHAI TOFFEE PJG M,0,12,0,0,86007,1032084,1032084
Okt-2026,MAMU GOWA,KEMEJA MAMU,KEMEJA SHANGHAI TOFFEE PJG M,0,12,0,0,86007,1032084,1032084
Apr-2026,MAMU GOWA,KEMEJA MAMU,KEMEJA SHANGHAI TOFFEE PJG XL,0,10,0,0,85955,859550,0
Mei-2026,MAMU GOWA,KEMEJA MAMU,KEMEJA SHANGHAI TOFFEE PJG XL,0,10,0,0,85955,859550,859550
Jun-2026,MAMU GOWA,KEMEJA MAMU,KEMEJA SHANGHAI TOFFEE PJG XL,0,10,0,0,85955,859550,859550
Jul-2026,MAMU GOWA,KEMEJA MAMU,KEMEJA SHANGHAI TOFFEE PJG XL,85955,9,2,0,85955,945505,859550
Agu-2026,MAMU GOWA,KEMEJA MAMU,KEMEJA SHANGHAI TOFFEE PJG XL,0,11,0,0,85955,945505,945505
Sep-2026,MAMU GOWA,KEMEJA MAMU,KEMEJA SHANGHAI TOFFEE PJG XL,0,11,0,0,85955,945505,945505
Okt-2026,MAMU GOWA,KEMEJA MAMU,KEMEJA SHANGHAI TOFFEE PJG XL,85955,10,0,0,85955,859550,945505
Jan-2026,MAMU KENDARI,KEMEJA MAMU,KEMEJA FORMAL ABU TUA PDK L,0,2,0,0,75170,150340,0
Feb-2026,MAMU KENDARI,KEMEJA MAMU,KEMEJA FORMAL ABU TUA PDK L,0,2,0,0,75170,150340,150340
Mar-2026,MAMU KENDARI,KEMEJA MAMU,KEMEJA FORMAL ABU TUA PDK L,0,2,0,0,75170,150340,150340
Apr-2026,MAMU KENDARI,KEMEJA MAMU,KEMEJA FORMAL ABU TUA PDK L,75170,1,0,0,75170,75170,150340
Mei-2026,MAMU KENDARI,KEMEJA MAMU,KEMEJA FORMAL ABU TUA PDK L,0,1,0,0,75170,75170,75170
Jun-2026,MAMU KENDARI,KEMEJA MAMU,KEMEJA FORMAL ABU TUA PDK L,0,1,0,0,75170,75170,75170
Jul-2026,MAMU KENDARI,KEMEJA MAMU,KEMEJA FORMAL ABU TUA PDK L,0,1,0,0,75170,75170,75170
Agu-2026,MAMU KENDARI,KEMEJA MAMU,KEMEJA FORMAL ABU TUA PDK L,75170,0,0,0,75170,0,75170
Jan-2026,MAMU KENDARI,KEMEJA MAMU,KEMEJA FORMAL ABU TUA PDK XL,0,1,0,0,75170,75170,0
Feb-2026,MAMU KENDARI,KEMEJA MAMU,KEMEJA FORMAL ABU TUA PDK XL,0,1,0,0,75170,75170,75170
Mar-2026,MAMU KENDARI,KEMEJA MAMU,KEMEJA FORMAL ABU TUA PDK XL,75170,0,0,0,75170,0,75170
Jan-2026,MAMU KENDARI,KEMEJA MAMU,KEMEJA FORMAL ABU TUA PJG L,0,5,0,0,88170,440850,0
Feb-2026,MAMU KENDARI,KEMEJA MAMU,KEMEJA FORMAL ABU TUA PJG L,0,5,0,0,88170,440850,440850
Mar-2026,MAMU KENDARI,KEMEJA MAMU,KEMEJA FORMAL ABU TUA PJG L,0,5,0,0,88170,440850,440850
Apr-2026,MAMU KENDARI,KEMEJA MAMU,KEMEJA FORMAL ABU TUA PJG L,0,5,0,0,88170,440850,440850
Mei-2026,MAMU KENDARI,KEMEJA MAMU,KEMEJA FORMAL ABU TUA PJG L,0,5,0,0,88170,440850,440850
Jun-2026,MAMU KENDARI,KEMEJA MAMU,KEMEJA FORMAL ABU TUA PJG L,0,5,0,0,88170,440850,440850
Jul-2026,MAMU KENDARI,KEMEJA MAMU,KEMEJA FORMAL ABU TUA PJG L,0,5,0,0,88170,440850,440850
Agu-2026,MAMU KENDARI,KEMEJA MAMU,KEMEJA FORMAL ABU TUA PJG L,0,5,0,0,88170,440850,440850
Sep-2026,MAMU KENDARI,KEMEJA MAMU,KEMEJA FORMAL ABU TUA PJG L,0,5,0,0,88170,440850,440850
Okt-2026,MAMU KENDARI,KEMEJA MAMU,KEMEJA FORMAL ABU TUA PJG L,0,5,0,0,88170,440850,440850
Jan-2026,MAMU KENDARI,KEMEJA MAMU,KEMEJA FORMAL ABU TUA PJG M,0,3,0,0,88170,264510,0
Feb-2026,MAMU KENDARI,KEMEJA MAMU,KEMEJA FORMAL ABU TUA PJG M,0,3,0,0,88170,264510,264510
Mar-2026,MAMU KENDARI,KEMEJA MAMU,KEMEJA FORMAL ABU TUA PJG M,88170,2,0,0,88170,176340,264510
Apr-2026,MAMU KENDARI,KEMEJA MAMU,KEMEJA FORMAL ABU TUA PJG M,0,2,0,0,88170,176340,176340
Mei-2026,MAMU KENDARI,KEMEJA MAMU,KEMEJA FORMAL ABU TUA PJG M,0,2,0,0,88170,176340,176340
Jun-2026,MAMU KENDARI,KEMEJA MAMU,KEMEJA FORMAL ABU TUA PJG M,0,2,0,0,88170,176340,176340
Jul-2026,MAMU KENDARI,KEMEJA MAMU,KEMEJA FORMAL ABU TUA PJG M,88170,1,0,0,88170,88170,176340
Agu-2026,MAMU KENDARI,KEMEJA MAMU,KEMEJA FORMAL ABU TUA PJG M,0,1,0,0,88170,88170,88170
Sep-2026,MAMU KENDARI,KEMEJA MAMU,KEMEJA FORMAL ABU TUA PJG M,0,1,0,0,88170,88170,88170
Okt-2026,MAMU KENDARI,KEMEJA MAMU,KEMEJA FORMAL ABU TUA PJG M,0,1,0,0,88170,88170,88170
Jan-2026,MAMU KENDARI,KEMEJA MAMU,KEMEJA FORMAL ABU TUA PJG XL,0,5,0,0,88170,440850,0
Feb-2026,MAMU KENDARI,KEMEJA MAMU,KEMEJA FORMAL ABU TUA PJG XL,0,5,0,0,88170,440850,440850
Mar-2026,MAMU KENDARI,KEMEJA MAMU,KEMEJA FORMAL ABU TUA PJG XL,0,5,0,0,88170,440850,440850
Apr-2026,MAMU KENDARI,KEMEJA MAMU,KEMEJA FORMAL ABU TUA PJG XL,0,5,0,0,88170,440850,440850
Mei-2026,MAMU KENDARI,KEMEJA MAMU,KEMEJA FORMAL ABU TUA PJG XL,0,5,0,0,88170,440850,440850
Jun-2026,MAMU KENDARI,KEMEJA MAMU,KEMEJA FORMAL ABU TUA PJG XL,0,5,0,0,88170,440850,440850
Jul-2026,MAMU KENDARI,KEMEJA MAMU,KEMEJA FORMAL ABU TUA PJG XL,0,5,0,0,88170,440850,440850
Agu-2026,MAMU KENDARI,KEMEJA MAMU,KEMEJA FORMAL ABU TUA PJG XL,0,5,0,0,88170,440850,440850
Sep-2026,MAMU KENDARI,KEMEJA MAMU,KEMEJA FORMAL ABU TUA PJG XL,0,5,0,0,88170,440850,440850
Okt-2026,MAMU KENDARI,KEMEJA MAMU,KEMEJA FORMAL ABU TUA PJG XL,0,5,0,0,88170,440850,440850
Jan-2026,MAMU KENDARI,KEMEJA MAMU,KEMEJA FORMAL BURGUNDY PDK L,0,2,0,0,75170,150340,0
Feb-2026,MAMU KENDARI,KEMEJA MAMU,KEMEJA FORMAL BURGUNDY PDK L,0,3,0,0,75170,225510,150340
Mar-2026,MAMU KENDARI,KEMEJA MAMU,KEMEJA FORMAL BURGUNDY PDK L,75170,1,0,0,75170,75170,225510
Apr-2026,MAMU KENDARI,KEMEJA MAMU,KEMEJA FORMAL BURGUNDY PDK L,0,1,0,0,75170,75170,75170
Mei-2026,MAMU KENDARI,KEMEJA MAMU,KEMEJA FORMAL BURGUNDY PDK L,0,1,0,0,75170,75170,75170
Jun-2026,MAMU KENDARI,KEMEJA MAMU,KEMEJA FORMAL BURGUNDY PDK L,0,1,0,0,75170,75170,75170
Jul-2026,MAMU KENDARI,KEMEJA MAMU,KEMEJA FORMAL BURGUNDY PDK L,0,1,0,0,75170,75170,75170
Agu-2026,MAMU KENDARI,KEMEJA MAMU,KEMEJA FORMAL BURGUNDY PDK L,75170,1,0,0,75170,75170,75170
Sep-2026,MAMU KENDARI,KEMEJA MAMU,KEMEJA FORMAL BURGUNDY PDK L,0,0,0,0,75170,0,75170
Jan-2026,MAMU KENDARI,KEMEJA MAMU,KEMEJA FORMAL BURGUNDY PDK M,0,1,0,0,75170,75170,0
Feb-2026,MAMU KENDARI,KEMEJA MAMU,KEMEJA FORMAL BURGUNDY PDK M,0,1,0,0,75170,75170,75170
Mar-2026,MAMU KENDARI,KEMEJA MAMU,KEMEJA FORMAL BURGUNDY PDK M,0,1,0,0,75170,75170,75170
Apr-2026,MAMU KENDARI,KEMEJA MAMU,KEMEJA FORMAL BURGUNDY PDK M,0,1,0,0,75170,75170,75170
Mei-2026,MAMU KENDARI,KEMEJA MAMU,KEMEJA FORMAL BURGUNDY PDK M,0,1,0,0,75170,75170,75170
Jun-2026,MAMU KENDARI,KEMEJA MAMU,KEMEJA FORMAL BURGUNDY PDK M,0,1,0,0,75170,75170,75170
Jul-2026,MAMU KENDARI,KEMEJA MAMU,KEMEJA FORMAL BURGUNDY PDK M,0,1,0,0,75170,75170,75170
Agu-2026,MAMU KENDARI,KEMEJA MAMU,KEMEJA FORMAL BURGUNDY PDK M,0,1,0,0,75170,75170,75170
Sep-2026,MAMU KENDARI,KEMEJA MAMU,KEMEJA FORMAL BURGUNDY PDK M,0,1,0,0,75170,75170,75170
Okt-2026,MAMU KENDARI,KEMEJA MAMU,KEMEJA FORMAL BURGUNDY PDK M,0,1,0,0,75170,75170,75170
Jan-2026,MAMU KENDARI,KEMEJA MAMU,KEMEJA FORMAL BURGUNDY PJG L,0,7,0,0,88170,617190,0
Feb-2026,MAMU KENDARI,KEMEJA MAMU,KEMEJA FORMAL BURGUNDY PJG L,0,6,0,0,88170,529020,617190
Mar-2026,MAMU KENDARI,KEMEJA MAMU,KEMEJA FORMAL BURGUNDY PJG L,0,6,0,0,88170,529020,529020
Apr-2026,MAMU KENDARI,KEMEJA MAMU,KEMEJA FORMAL BURGUNDY PJG L,88170,5,0,0,88170,440850,529020
Mei-2026,MAMU KENDARI,KEMEJA MAMU,KEMEJA FORMAL BURGUNDY PJG L,0,5,0,0,88170,440850,440850
Jun-2026,MAMU KENDARI,KEMEJA MAMU,KEMEJA FORMAL BURGUNDY PJG L,88170,4,0,0,88170,352680,440850
Jul-2026,MAMU KENDARI,KEMEJA MAMU,KEMEJA FORMAL BURGUNDY PJG L,88170,4,0,0,88170,352680,352680
Agu-2026,MAMU KENDARI,KEMEJA MAMU,KEMEJA FORMAL BURGUNDY PJG L,0,3,0,0,88170,264510,352680
Sep-2026,MAMU KENDARI,KEMEJA MAMU,KEMEJA FORMAL BURGUNDY PJG L,0,3,0,0,88170,264510,264510
Okt-2026,MAMU KENDARI,KEMEJA MAMU,KEMEJA FORMAL BURGUNDY PJG L,0,3,0,0,88170,264510,264510
Jan-2026,MAMU KENDARI,KEMEJA MAMU,KEMEJA FORMAL BURGUNDY PJG M,0,1,0,0,88170,88170,0
Feb-2026,MAMU KENDARI,KEMEJA MAMU,KEMEJA FORMAL BURGUNDY PJG M,0,1,0,0,88170,88170,88170
Mar-2026,MAMU KENDARI,KEMEJA MAMU,KEMEJA FORMAL BURGUNDY PJG M,0,1,0,0,88170,88170,88170
Apr-2026,MAMU KENDARI,KEMEJA MAMU,KEMEJA FORMAL BURGUNDY PJG M,0,1,0,0,88170,88170,88170
Mei-2026,MAMU KENDARI,KEMEJA MAMU,KEMEJA FORMAL BURGUNDY PJG M,0,1,0,0,88170,88170,88170
Jun-2026,MAMU KENDARI,KEMEJA MAMU,KEMEJA FORMAL BURGUNDY PJG M,0,1,0,0,88170,88170,88170
Jul-2026,MAMU KENDARI,KEMEJA MAMU,KEMEJA FORMAL BURGUNDY PJG M,88170,0,0,0,88170,0,88170
Jan-2026,MAMU KENDARI,KEMEJA MAMU,KEMEJA FORMAL BURGUNDY PJG XL,0,5,0,0,88170,440850,0
Feb-2026,MAMU KENDARI,KEMEJA MAMU,KEMEJA FORMAL BURGUNDY PJG XL,0,5,0,0,88170,440850,440850
Mar-2026,MAMU KENDARI,KEMEJA MAMU,KEMEJA FORMAL BURGUNDY PJG XL,0,5,0,0,88170,440850,440850
Apr-2026,MAMU KENDARI,KEMEJA MAMU,KEMEJA FORMAL BURGUNDY PJG XL,0,5,0,0,88170,440850,440850
Mei-2026,MAMU KENDARI,KEMEJA MAMU,KEMEJA FORMAL BURGUNDY PJG XL,0,5,0,0,88170,440850,440850
Jun-2026,MAMU KENDARI,KEMEJA MAMU,KEMEJA FORMAL BURGUNDY PJG XL,0,5,0,0,88170,440850,440850
Jul-2026,MAMU KENDARI,KEMEJA MAMU,KEMEJA FORMAL BURGUNDY PJG XL,0,5,0,0,88170,440850,440850
Agu-2026,MAMU KENDARI,KEMEJA MAMU,KEMEJA FORMAL BURGUNDY PJG XL,0,5,0,0,88170,440850,440850
Sep-2026,MAMU KENDARI,KEMEJA MAMU,KEMEJA FORMAL BURGUNDY PJG XL,0,5,0,0,88170,440850,440850
Okt-2026,MAMU KENDARI,KEMEJA MAMU,KEMEJA FORMAL BURGUNDY PJG XL,0,5,0,0,88170,440850,440850
Agu-2026,MAMU KENDARI,KEMEJA MAMU,KEMEJA FORMAL COKLAT TUA PDK L,0,3,0,0,159000,477000,0
Sep-2026,MAMU KENDARI,KEMEJA MAMU,KEMEJA FORMAL COKLAT TUA PDK L,0,3,0,0,159000,477000,477000
Okt-2026,MAMU KENDARI,KEMEJA MAMU,KEMEJA FORMAL COKLAT TUA PDK L,0,3,0,0,159000,477000,477000
Agu-2026,MAMU KENDARI,KEMEJA MAMU,KEMEJA FORMAL COKLAT TUA PDK M,0,3,0,0,159000,477000,0
Sep-2026,MAMU KENDARI,KEMEJA MAMU,KEMEJA FORMAL COKLAT TUA PDK M,145850,1,0,0,159000,159000,477000
Okt-2026,MAMU KENDARI,KEMEJA MAMU,KEMEJA FORMAL COKLAT TUA PDK M,0,1,0,0,159000,159000,159000
Agu-2026,MAMU KENDARI,KEMEJA MAMU,KEMEJA FORMAL COKLAT TUA PJG L,0,3,0,0,189000,567000,0
Sep-2026,MAMU KENDARI,KEMEJA MAMU,KEMEJA FORMAL COKLAT TUA PJG L,0,3,0,0,189000,567000,567000
Okt-2026,MAMU KENDARI,KEMEJA MAMU,KEMEJA FORMAL COKLAT TUA PJG L,85926,2,0,0,189000,378000,567000
Agu-2026,MAMU KENDARI,KEMEJA MAMU,KEMEJA FORMAL COKLAT TUA PJG M,0,3,0,0,189000,567000,0
Sep-2026,MAMU KENDARI,KEMEJA MAMU,KEMEJA FORMAL COKLAT TUA PJG M,0,3,0,0,189000,567000,567000
Okt-2026,MAMU KENDARI,KEMEJA MAMU,KEMEJA FORMAL COKLAT TUA PJG M,0,3,0,0,189000,567000,567000
Agu-2026,MAMU KENDARI,KEMEJA MAMU,KEMEJA FORMAL COKLAT TUA PJG XL,0,3,0,0,189000,567000,0
Sep-2026,MAMU KENDARI,KEMEJA MAMU,KEMEJA FORMAL COKLAT TUA PJG XL,0,3,0,0,189000,567000,567000
Okt-2026,MAMU KENDARI,KEMEJA MAMU,KEMEJA FORMAL COKLAT TUA PJG XL,0,3,0,0,189000,567000,567000
Jan-2026,MAMU KENDARI,KEMEJA MAMU,KEMEJA FORMAL HITAM PDK L,148412,7,0,0,74206,519442,0
Feb-2026,MAMU KENDARI,KEMEJA MAMU,KEMEJA FORMAL HITAM PDK L,0,7,0,0,74206,519442,519442
Mar-2026,MAMU KENDARI,KEMEJA MAMU,KEMEJA FORMAL HITAM PDK L,148412,4,0,0,74158,296632,519442
Apr-2026,MAMU KENDARI,KEMEJA MAMU,KEMEJA FORMAL HITAM PDK L,0,4,0,0,74158,296632,296632
Mei-2026,MAMU KENDARI,KEMEJA MAMU,KEMEJA FORMAL HITAM PDK L,0,4,0,0,72993,291972,296632
Jun-2026,MAMU KENDARI,KEMEJA MAMU,KEMEJA FORMAL HITAM PDK L,0,4,0,0,72993,291972,291972
Jul-2026,MAMU KENDARI,KEMEJA MAMU,KEMEJA FORMAL HITAM PDK L,0,4,0,0,72993,291972,291972
Agu-2026,MAMU KENDARI,KEMEJA MAMU,KEMEJA FORMAL HITAM PDK L,73963,4,0,0,72993,291972,291972
Sep-2026,MAMU KENDARI,KEMEJA MAMU,KEMEJA FORMAL HITAM PDK L,0,4,0,0,72993,291972,291972
Okt-2026,MAMU KENDARI,KEMEJA MAMU,KEMEJA FORMAL HITAM PDK L,0,4,0,0,72993,291972,291972
Jan-2026,MAMU KENDARI,KEMEJA MAMU,KEMEJA FORMAL HITAM PDK M,0,3,0,0,74214,222642,0
Feb-2026,MAMU KENDARI,KEMEJA MAMU,KEMEJA FORMAL HITAM PDK M,0,3,0,0,74214,222642,222642
Mar-2026,MAMU KENDARI,KEMEJA MAMU,KEMEJA FORMAL HITAM PDK M,74214,3,0,0,74154,222462,222642
Apr-2026,MAMU KENDARI,KEMEJA MAMU,KEMEJA FORMAL HITAM PDK M,74214,2,0,0,74154,148308,222462
Mei-2026,MAMU KENDARI,KEMEJA MAMU,KEMEJA FORMAL HITAM PDK M,0,2,0,0,72991,145982,148308
Jun-2026,MAMU KENDARI,KEMEJA MAMU,KEMEJA FORMAL HITAM PDK M,73617,1,0,0,72991,72991,145982
Jul-2026,MAMU KENDARI,KEMEJA MAMU,KEMEJA FORMAL HITAM PDK M,0,1,0,0,72991,72991,72991
Agu-2026,MAMU KENDARI,KEMEJA MAMU,KEMEJA FORMAL HITAM PDK M,73116,5,0,0,72991,364955,72991
Sep-2026,MAMU KENDARI,KEMEJA MAMU,KEMEJA FORMAL HITAM PDK M,73116,1,0,0,72991,72991,364955
Okt-2026,MAMU KENDARI,KEMEJA MAMU,KEMEJA FORMAL HITAM PDK M,0,1,0,0,72991,72991,72991
Jan-2026,MAMU KENDARI,KEMEJA MAMU,KEMEJA FORMAL HITAM PDK S,0,1,0,0,74214,74214,0
Feb-2026,MAMU KENDARI,KEMEJA MAMU,KEMEJA FORMAL HITAM PDK S,0,1,0,0,74214,74214,74214
Mar-2026,MAMU KENDARI,KEMEJA MAMU,KEMEJA FORMAL HITAM PDK S,74214,0,0,0,74214,0,74214
Jan-2026,MAMU KENDARI,KEMEJA MAMU,KEMEJA FORMAL HITAM PDK XL,0,3,0,0,74177,222531,0
Feb-2026,MAMU KENDARI,KEMEJA MAMU,KEMEJA FORMAL HITAM PDK XL,74177,2,0,0,74177,148354,222531
Mar-2026,MAMU KENDARI,KEMEJA MAMU,KEMEJA FORMAL HITAM PDK XL,74177,1,0,0,73987,73987,148354
Apr-2026,MAMU KENDARI,KEMEJA MAMU,KEMEJA FORMAL HITAM PDK XL,0,2,0,0,73987,147974,73987
Mei-2026,MAMU KENDARI,KEMEJA MAMU,KEMEJA FORMAL HITAM PDK XL,0,2,0,0,72991,145982,147974
Jun-2026,MAMU KENDARI,KEMEJA MAMU,KEMEJA FORMAL HITAM PDK XL,0,2,0,0,72991,145982,145982
Jul-2026,MAMU KENDARI,KEMEJA MAMU,KEMEJA FORMAL HITAM PDK XL,73566,2,0,0,72991,145982,145982
Agu-2026,MAMU KENDARI,KEMEJA MAMU,KEMEJA FORMAL HITAM PDK XL,0,5,0,0,72991,364955,145982
Sep-2026,MAMU KENDARI,KEMEJA MAMU,KEMEJA FORMAL HITAM PDK XL,0,6,0,0,72991,437946,364955
Okt-2026,MAMU KENDARI,KEMEJA MAMU,KEMEJA FORMAL HITAM PDK XL,73087,5,0,0,72991,364955,437946
Jan-2026,MAMU KENDARI,KEMEJA MAMU,KEMEJA FORMAL HITAM PJG 2XL,0,2,0,0,87214,174428,0
Feb-2026,MAMU KENDARI,KEMEJA MAMU,KEMEJA FORMAL HITAM PJG 2XL,0,2,0,0,87214,174428,174428
Mar-2026,MAMU KENDARI,KEMEJA MAMU,KEMEJA FORMAL HITAM PJG 2XL,0,2,0,0,87214,174428,174428
Apr-2026,MAMU KENDARI,KEMEJA MAMU,KEMEJA FORMAL HITAM PJG 2XL,0,2,0,0,87214,174428,174428
Mei-2026,MAMU KENDARI,KEMEJA MAMU,KEMEJA FORMAL HITAM PJG 2XL,0,2,0,0,85954,171908,174428
Jun-2026,MAMU KENDARI,KEMEJA MAMU,KEMEJA FORMAL HITAM PJG 2XL,87214,1,0,0,85954,85954,171908
Jul-2026,MAMU KENDARI,KEMEJA MAMU,KEMEJA FORMAL HITAM PJG 2XL,87214,0,0,0,87214,0,85954
Jan-2026,MAMU KENDARI,KEMEJA MAMU,KEMEJA FORMAL HITAM PJG L,0,18,0,0,87185,1569330,0
Feb-2026,MAMU KENDARI,KEMEJA MAMU,KEMEJA FORMAL HITAM PJG L,0,18,0,0,87185,1569330,1569330
Mar-2026,MAMU KENDARI,KEMEJA MAMU,KEMEJA FORMAL HITAM PJG L,0,15,0,0,87110,1306650,1569330
Apr-2026,MAMU KENDARI,KEMEJA MAMU,KEMEJA FORMAL HITAM PJG L,0,16,0,0,87110,1393760,1306650
Mei-2026,MAMU KENDARI,KEMEJA MAMU,KEMEJA FORMAL HITAM PJG L,87119,15,0,0,86028,1290420,1393760
Jun-2026,MAMU KENDARI,KEMEJA MAMU,KEMEJA FORMAL HITAM PJG L,87119,14,0,0,86028,1204392,1290420
Jul-2026,MAMU KENDARI,KEMEJA MAMU,KEMEJA FORMAL HITAM PJG L,0,14,0,0,86028,1204392,1204392
Agu-2026,MAMU KENDARI,KEMEJA MAMU,KEMEJA FORMAL HITAM PJG L,0,14,0,0,86028,1204392,1204392
Sep-2026,MAMU KENDARI,KEMEJA MAMU,KEMEJA FORMAL HITAM PJG L,0,14,0,0,86028,1204392,1204392
Okt-2026,MAMU KENDARI,KEMEJA MAMU,KEMEJA FORMAL HITAM PJG L,87119,13,0,0,86028,1118364,1204392
Jan-2026,MAMU KENDARI,KEMEJA MAMU,KEMEJA FORMAL HITAM PJG M,0,13,0,0,87214,1133782,0
Feb-2026,MAMU KENDARI,KEMEJA MAMU,KEMEJA FORMAL HITAM PJG M,0,12,0,0,87214,1046568,1133782
Mar-2026,MAMU KENDARI,KEMEJA MAMU,KEMEJA FORMAL HITAM PJG M,87214,9,0,0,87183,784647,1046568
Apr-2026,MAMU KENDARI,KEMEJA MAMU,KEMEJA FORMAL HITAM PJG M,0,9,0,0,87183,784647,784647
Mei-2026,MAMU KENDARI,KEMEJA MAMU,KEMEJA FORMAL HITAM PJG M,0,9,0,0,85993,773937,784647
Jun-2026,MAMU KENDARI,KEMEJA MAMU,KEMEJA FORMAL HITAM PJG M,174428,7,0,0,85993,601951,773937
Jul-2026,MAMU KENDARI,KEMEJA MAMU,KEMEJA FORMAL HITAM PJG M,174428,6,0,0,85993,515958,601951
Agu-2026,MAMU KENDARI,KEMEJA MAMU,KEMEJA FORMAL HITAM PJG M,0,5,0,0,85993,429965,515958
Sep-2026,MAMU KENDARI,KEMEJA MAMU,KEMEJA FORMAL HITAM PJG M,0,5,0,0,85993,429965,429965
Okt-2026,MAMU KENDARI,KEMEJA MAMU,KEMEJA FORMAL HITAM PJG M,0,5,0,0,85993,429965,429965
Jan-2026,MAMU KENDARI,KEMEJA MAMU,KEMEJA FORMAL HITAM PJG XL,0,2,0,0,87214,174428,0
Feb-2026,MAMU KENDARI,KEMEJA MAMU,KEMEJA FORMAL HITAM PJG XL,0,2,0,0,87214,174428,174428
Mar-2026,MAMU KENDARI,KEMEJA MAMU,KEMEJA FORMAL HITAM PJG XL,0,2,0,0,87214,174428,174428
Apr-2026,MAMU KENDARI,KEMEJA MAMU,KEMEJA FORMAL HITAM PJG XL,0,3,0,0,87214,261642,174428
Mei-2026,MAMU KENDARI,KEMEJA MAMU,KEMEJA FORMAL HITAM PJG XL,0,3,0,0,85989,257967,261642
Jun-2026,MAMU KENDARI,KEMEJA MAMU,KEMEJA FORMAL HITAM PJG XL,0,3,0,0,85989,257967,257967
Jul-2026,MAMU KENDARI,KEMEJA MAMU,KEMEJA FORMAL HITAM PJG XL,0,2,0,0,85989,171978,257967
Agu-2026,MAMU KENDARI,KEMEJA MAMU,KEMEJA FORMAL HITAM PJG XL,0,5,0,0,85989,429945,171978
Sep-2026,MAMU KENDARI,KEMEJA MAMU,KEMEJA FORMAL HITAM PJG XL,86453,4,0,0,85989,343956,429945
Okt-2026,MAMU KENDARI,KEMEJA MAMU,KEMEJA FORMAL HITAM PJG XL,0,4,0,0,85989,343956,343956
Apr-2026,MAMU KENDARI,KEMEJA MAMU,KEMEJA FORMAL LIGHT BROWN PDK M,72970,0,0,0,75170,0,0
Jan-2026,MAMU KENDARI,KEMEJA MAMU,KEMEJA FORMAL LIGHT BROWN PDK XL,0,1,0,0,75170,75170,0
Feb-2026,MAMU KENDARI,KEMEJA MAMU,KEMEJA FORMAL LIGHT BROWN PDK XL,75170,0,0,0,75170,0,75170
Jan-2026,MAMU KENDARI,KEMEJA MAMU,KEMEJA FORMAL LIGHT BROWN PJG 2XL,0,1,0,0,88170,88170,0
Feb-2026,MAMU KENDARI,KEMEJA MAMU,KEMEJA FORMAL LIGHT BROWN PJG 2XL,0,1,0,0,85928,85928,88170
Mar-2026,MAMU KENDARI,KEMEJA MAMU,KEMEJA FORMAL LIGHT BROWN PJG 2XL,0,1,0,0,85928,85928,85928
Apr-2026,MAMU KENDARI,KEMEJA MAMU,KEMEJA FORMAL LIGHT BROWN PJG 2XL,0,1,0,0,85928,85928,85928
Mei-2026,MAMU KENDARI,KEMEJA MAMU,KEMEJA FORMAL LIGHT BROWN PJG 2XL,0,1,0,0,85928,85928,85928
Jun-2026,MAMU KENDARI,KEMEJA MAMU,KEMEJA FORMAL LIGHT BROWN PJG 2XL,0,1,0,0,85928,85928,85928
Jul-2026,MAMU KENDARI,KEMEJA MAMU,KEMEJA FORMAL LIGHT BROWN PJG 2XL,0,1,0,0,85928,85928,85928
Agu-2026,MAMU KENDARI,KEMEJA MAMU,KEMEJA FORMAL LIGHT BROWN PJG 2XL,0,1,0,0,85928,85928,85928
Sep-2026,MAMU KENDARI,KEMEJA MAMU,KEMEJA FORMAL LIGHT BROWN PJG 2XL,0,1,0,0,85928,85928,85928
Okt-2026,MAMU KENDARI,KEMEJA MAMU,KEMEJA FORMAL LIGHT BROWN PJG 2XL,0,1,0,0,85928,85928,85928
Jan-2026,MAMU KENDARI,KEMEJA MAMU,KEMEJA FORMAL LIGHT BROWN PJG L,176340,2,0,0,88170,176340,0
Feb-2026,MAMU KENDARI,KEMEJA MAMU,KEMEJA FORMAL LIGHT BROWN PJG L,0,2,0,0,85928,171856,176340
Mar-2026,MAMU KENDARI,KEMEJA MAMU,KEMEJA FORMAL LIGHT BROWN PJG L,0,2,0,0,85957,171914,171856
Apr-2026,MAMU KENDARI,KEMEJA MAMU,KEMEJA FORMAL LIGHT BROWN PJG L,0,2,0,0,85957,171914,171914
Mei-2026,MAMU KENDARI,KEMEJA MAMU,KEMEJA FORMAL LIGHT BROWN PJG L,0,2,0,0,85957,171914,171914
Jun-2026,MAMU KENDARI,KEMEJA MAMU,KEMEJA FORMAL LIGHT BROWN PJG L,0,2,0,0,85957,171914,171914
Jul-2026,MAMU KENDARI,KEMEJA MAMU,KEMEJA FORMAL LIGHT BROWN PJG L,0,2,0,0,85957,171914,171914
Agu-2026,MAMU KENDARI,KEMEJA MAMU,KEMEJA FORMAL LIGHT BROWN PJG L,0,2,0,0,85957,171914,171914
Sep-2026,MAMU KENDARI,KEMEJA MAMU,KEMEJA FORMAL LIGHT BROWN PJG L,0,2,0,0,85957,171914,171914
Okt-2026,MAMU KENDARI,KEMEJA MAMU,KEMEJA FORMAL LIGHT BROWN PJG L,0,2,0,0,85957,171914,171914
Jan-2026,MAMU KENDARI,KEMEJA MAMU,KEMEJA FORMAL LIGHT BROWN PJG XL,88170,3,0,0,88170,264510,0
Feb-2026,MAMU KENDARI,KEMEJA MAMU,KEMEJA FORMAL LIGHT BROWN PJG XL,0,3,0,0,85928,257784,264510
Mar-2026,MAMU KENDARI,KEMEJA MAMU,KEMEJA FORMAL LIGHT BROWN PJG XL,176340,1,0,0,85974,85974,257784
Apr-2026,MAMU KENDARI,KEMEJA MAMU,KEMEJA FORMAL LIGHT BROWN PJG XL,0,1,0,0,85974,85974,85974
Mei-2026,MAMU KENDARI,KEMEJA MAMU,KEMEJA FORMAL LIGHT BROWN PJG XL,0,1,0,0,85974,85974,85974
Jun-2026,MAMU KENDARI,KEMEJA MAMU,KEMEJA FORMAL LIGHT BROWN PJG XL,0,1,0,0,85974,85974,85974
Jul-2026,MAMU KENDARI,KEMEJA MAMU,KEMEJA FORMAL LIGHT BROWN PJG XL,0,1,0,0,85974,85974,85974
Agu-2026,MAMU KENDARI,KEMEJA MAMU,KEMEJA FORMAL LIGHT BROWN PJG XL,0,1,0,0,85974,85974,85974
Sep-2026,MAMU KENDARI,KEMEJA MAMU,KEMEJA FORMAL LIGHT BROWN PJG XL,0,1,0,0,85974,85974,85974
Okt-2026,MAMU KENDARI,KEMEJA MAMU,KEMEJA FORMAL LIGHT BROWN PJG XL,0,1,0,0,85974,85974,85974
Jan-2026,MAMU KENDARI,KEMEJA MAMU,KEMEJA FORMAL NAVY PJG L,0,8,0,0,86797,694376,0
Feb-2026,MAMU KENDARI,KEMEJA MAMU,KEMEJA FORMAL NAVY PJG L,0,8,0,0,88095,704760,694376
Mar-2026,MAMU KENDARI,KEMEJA MAMU,KEMEJA FORMAL NAVY PJG L,0,8,0,0,86580,692640,704760
Apr-2026,MAMU KENDARI,KEMEJA MAMU,KEMEJA FORMAL NAVY PJG L,86797,7,0,0,86580,606060,692640
Mei-2026,MAMU KENDARI,KEMEJA MAMU,KEMEJA FORMAL NAVY PJG L,0,7,0,0,86580,606060,606060
Jun-2026,MAMU KENDARI,KEMEJA MAMU,KEMEJA FORMAL NAVY PJG L,173594,5,0,0,86580,432900,606060
Jul-2026,MAMU KENDARI,KEMEJA MAMU,KEMEJA FORMAL NAVY PJG L,86797,5,0,0,86580,432900,432900
Agu-2026,MAMU KENDARI,KEMEJA MAMU,KEMEJA FORMAL NAVY PJG L,0,4,0,0,86580,346320,432900
Sep-2026,MAMU KENDARI,KEMEJA MAMU,KEMEJA FORMAL NAVY PJG L,0,4,0,0,86580,346320,346320
Okt-2026,MAMU KENDARI,KEMEJA MAMU,KEMEJA FORMAL NAVY PJG L,0,4,0,0,86580,346320,346320
Jan-2026,MAMU KENDARI,KEMEJA MAMU,KEMEJA FORMAL NAVY PJG M,0,3,0,0,86797,260391,0
Feb-2026,MAMU KENDARI,KEMEJA MAMU,KEMEJA FORMAL NAVY PJG M,0,3,0,0,88095,264285,260391
Mar-2026,MAMU KENDARI,KEMEJA MAMU,KEMEJA FORMAL NAVY PJG M,0,3,0,0,85993,257979,264285
Apr-2026,MAMU KENDARI,KEMEJA MAMU,KEMEJA FORMAL NAVY PJG M,0,3,0,0,85993,257979,257979
Mei-2026,MAMU KENDARI,KEMEJA MAMU,KEMEJA FORMAL NAVY PJG M,0,3,0,0,85993,257979,257979
Jun-2026,MAMU KENDARI,KEMEJA MAMU,KEMEJA FORMAL NAVY PJG M,0,3,0,0,85993,257979,257979
Jul-2026,MAMU KENDARI,KEMEJA MAMU,KEMEJA FORMAL NAVY PJG M,86797,2,0,0,85993,171986,257979
Agu-2026,MAMU KENDARI,KEMEJA MAMU,KEMEJA FORMAL NAVY PJG M,0,2,0,0,85993,171986,171986
Sep-2026,MAMU KENDARI,KEMEJA MAMU,KEMEJA FORMAL NAVY PJG M,0,2,0,0,85993,171986,171986
Okt-2026,MAMU KENDARI,KEMEJA MAMU,KEMEJA FORMAL NAVY PJG M,0,2,0,0,85993,171986,171986
Jan-2026,MAMU KENDARI,KEMEJA MAMU,KEMEJA FORMAL NAVY PJG XL,0,3,0,0,86797,260391,0
Feb-2026,MAMU KENDARI,KEMEJA MAMU,KEMEJA FORMAL NAVY PJG XL,0,3,0,0,88095,264285,260391
Mar-2026,MAMU KENDARI,KEMEJA MAMU,KEMEJA FORMAL NAVY PJG XL,0,3,0,0,86519,259557,264285
Apr-2026,MAMU KENDARI,KEMEJA MAMU,KEMEJA FORMAL NAVY PJG XL,0,3,0,0,86519,259557,259557
Mei-2026,MAMU KENDARI,KEMEJA MAMU,KEMEJA FORMAL NAVY PJG XL,0,3,0,0,86519,259557,259557
Jun-2026,MAMU KENDARI,KEMEJA MAMU,KEMEJA FORMAL NAVY PJG XL,0,3,0,0,86519,259557,259557
Jul-2026,MAMU KENDARI,KEMEJA MAMU,KEMEJA FORMAL NAVY PJG XL,86797,2,0,0,86519,173038,259557
Agu-2026,MAMU KENDARI,KEMEJA MAMU,KEMEJA FORMAL NAVY PJG XL,0,2,0,0,86519,173038,173038
Sep-2026,MAMU KENDARI,KEMEJA MAMU,KEMEJA FORMAL NAVY PJG XL,0,2,0,0,86519,173038,173038
Okt-2026,MAMU KENDARI,KEMEJA MAMU,KEMEJA FORMAL NAVY PJG XL,0,2,0,0,86519,173038,173038
Jan-2026,MAMU KENDARI,KEMEJA MAMU,KEMEJA FORMAL OLIVE GREEN PDK L,0,1,0,0,73797,73797,0
Feb-2026,MAMU KENDARI,KEMEJA MAMU,KEMEJA FORMAL OLIVE GREEN PDK L,0,1,0,0,73797,73797,73797
Mar-2026,MAMU KENDARI,KEMEJA MAMU,KEMEJA FORMAL OLIVE GREEN PDK L,73797,0,0,0,73797,0,73797
Jan-2026,MAMU KENDARI,KEMEJA MAMU,KEMEJA FORMAL OLIVE GREEN PDK XL,73797,0,0,0,73797,0,0
Jan-2026,MAMU KENDARI,KEMEJA MAMU,KEMEJA FORMAL OLIVE GREEN PJG L,0,6,0,0,86797,520782,0
Feb-2026,MAMU KENDARI,KEMEJA MAMU,KEMEJA FORMAL OLIVE GREEN PJG L,0,6,0,0,86797,520782,520782
Mar-2026,MAMU KENDARI,KEMEJA MAMU,KEMEJA FORMAL OLIVE GREEN PJG L,0,6,0,0,86797,520782,520782
Apr-2026,MAMU KENDARI,KEMEJA MAMU,KEMEJA FORMAL OLIVE GREEN PJG L,0,6,0,0,86797,520782,520782
Mei-2026,MAMU KENDARI,KEMEJA MAMU,KEMEJA FORMAL OLIVE GREEN PJG L,86797,6,0,0,86797,520782,520782
Jun-2026,MAMU KENDARI,KEMEJA MAMU,KEMEJA FORMAL OLIVE GREEN PJG L,0,5,0,0,86797,433985,520782
Jul-2026,MAMU KENDARI,KEMEJA MAMU,KEMEJA FORMAL OLIVE GREEN PJG L,0,5,0,0,86797,433985,433985
Agu-2026,MAMU KENDARI,KEMEJA MAMU,KEMEJA FORMAL OLIVE GREEN PJG L,0,5,0,0,86797,433985,433985
Sep-2026,MAMU KENDARI,KEMEJA MAMU,KEMEJA FORMAL OLIVE GREEN PJG L,0,5,0,0,86797,433985,433985
Okt-2026,MAMU KENDARI,KEMEJA MAMU,KEMEJA FORMAL OLIVE GREEN PJG L,0,5,0,0,86797,433985,433985
Jan-2026,MAMU KENDARI,KEMEJA MAMU,KEMEJA FORMAL OLIVE GREEN PJG M,0,3,0,0,86797,260391,0
Feb-2026,MAMU KENDARI,KEMEJA MAMU,KEMEJA FORMAL OLIVE GREEN PJG M,0,3,0,0,86797,260391,260391
Mar-2026,MAMU KENDARI,KEMEJA MAMU,KEMEJA FORMAL OLIVE GREEN PJG M,86797,2,0,0,86797,173594,260391
Apr-2026,MAMU KENDARI,KEMEJA MAMU,KEMEJA FORMAL OLIVE GREEN PJG M,0,2,0,0,86797,173594,173594
Mei-2026,MAMU KENDARI,KEMEJA MAMU,KEMEJA FORMAL OLIVE GREEN PJG M,0,2,0,0,86797,173594,173594
Jun-2026,MAMU KENDARI,KEMEJA MAMU,KEMEJA FORMAL OLIVE GREEN PJG M,0,2,0,0,86797,173594,173594
Jul-2026,MAMU KENDARI,KEMEJA MAMU,KEMEJA FORMAL OLIVE GREEN PJG M,86797,1,0,0,86797,86797,173594
Agu-2026,MAMU KENDARI,KEMEJA MAMU,KEMEJA FORMAL OLIVE GREEN PJG M,0,1,0,0,86797,86797,86797
Sep-2026,MAMU KENDARI,KEMEJA MAMU,KEMEJA FORMAL OLIVE GREEN PJG M,0,1,0,0,86797,86797,86797
Okt-2026,MAMU KENDARI,KEMEJA MAMU,KEMEJA FORMAL OLIVE GREEN PJG M,0,1,0,0,86797,86797,86797
Jan-2026,MAMU KENDARI,KEMEJA MAMU,KEMEJA FORMAL OLIVE GREEN PJG XL,0,3,0,0,86797,260391,0
Feb-2026,MAMU KENDARI,KEMEJA MAMU,KEMEJA FORMAL OLIVE GREEN PJG XL,0,3,0,0,86797,260391,260391
Mar-2026,MAMU KENDARI,KEMEJA MAMU,KEMEJA FORMAL OLIVE GREEN PJG XL,0,3,0,0,86797,260391,260391
Apr-2026,MAMU KENDARI,KEMEJA MAMU,KEMEJA FORMAL OLIVE GREEN PJG XL,0,3,0,0,86797,260391,260391
Mei-2026,MAMU KENDARI,KEMEJA MAMU,KEMEJA FORMAL OLIVE GREEN PJG XL,0,3,0,0,86797,260391,260391
Jun-2026,MAMU KENDARI,KEMEJA MAMU,KEMEJA FORMAL OLIVE GREEN PJG XL,0,3,0,0,86797,260391,260391
Jul-2026,MAMU KENDARI,KEMEJA MAMU,KEMEJA FORMAL OLIVE GREEN PJG XL,0,3,0,0,86797,260391,260391
Agu-2026,MAMU KENDARI,KEMEJA MAMU,KEMEJA FORMAL OLIVE GREEN PJG XL,0,3,0,0,86797,260391,260391
Sep-2026,MAMU KENDARI,KEMEJA MAMU,KEMEJA FORMAL OLIVE GREEN PJG XL,0,3,0,0,86797,260391,260391
Okt-2026,MAMU KENDARI,KEMEJA MAMU,KEMEJA FORMAL OLIVE GREEN PJG XL,86797,2,0,0,86797,173594,260391
Jan-2026,MAMU KENDARI,KEMEJA MAMU,KEMEJA FORMAL STEEL BLUE PDK XL,0,1,0,0,73797,73797,0
Feb-2026,MAMU KENDARI,KEMEJA MAMU,KEMEJA FORMAL STEEL BLUE PDK XL,0,1,0,0,75283,75283,73797
Mar-2026,MAMU KENDARI,KEMEJA MAMU,KEMEJA FORMAL STEEL BLUE PDK XL,73797,0,0,0,73797,0,75283
Jan-2026,MAMU KENDARI,KEMEJA MAMU,KEMEJA FORMAL STEEL BLUE PJG L,0,11,0,0,88053,968583,0
Feb-2026,MAMU KENDARI,KEMEJA MAMU,KEMEJA FORMAL STEEL BLUE PJG L,0,11,0,0,88053,968583,968583
Mar-2026,MAMU KENDARI,KEMEJA MAMU,KEMEJA FORMAL STEEL BLUE PJG L,87025,10,0,0,87505,875050,968583
Apr-2026,MAMU KENDARI,KEMEJA MAMU,KEMEJA FORMAL STEEL BLUE PJG L,0,10,0,0,87505,875050,875050
Mei-2026,MAMU KENDARI,KEMEJA MAMU,KEMEJA FORMAL STEEL BLUE PJG L,0,10,0,0,87170,871700,875050
Jun-2026,MAMU KENDARI,KEMEJA MAMU,KEMEJA FORMAL STEEL BLUE PJG L,0,10,0,0,87170,871700,871700
Jul-2026,MAMU KENDARI,KEMEJA MAMU,KEMEJA FORMAL STEEL BLUE PJG L,0,10,0,0,87170,871700,871700
Agu-2026,MAMU KENDARI,KEMEJA MAMU,KEMEJA FORMAL STEEL BLUE PJG L,0,10,0,0,87170,871700,871700
Sep-2026,MAMU KENDARI,KEMEJA MAMU,KEMEJA FORMAL STEEL BLUE PJG L,0,10,0,0,87170,871700,871700
Okt-2026,MAMU KENDARI,KEMEJA MAMU,KEMEJA FORMAL STEEL BLUE PJG L,0,10,0,0,87170,871700,871700
Jan-2026,MAMU KENDARI,KEMEJA MAMU,KEMEJA FORMAL STEEL BLUE PJG M,0,4,0,0,88053,352212,0
Feb-2026,MAMU KENDARI,KEMEJA MAMU,KEMEJA FORMAL STEEL BLUE PJG M,0,4,0,0,88053,352212,352212
Mar-2026,MAMU KENDARI,KEMEJA MAMU,KEMEJA FORMAL STEEL BLUE PJG M,0,4,0,0,88053,352212,352212
Apr-2026,MAMU KENDARI,KEMEJA MAMU,KEMEJA FORMAL STEEL BLUE PJG M,87111,3,0,0,88053,264159,352212
Mei-2026,MAMU KENDARI,KEMEJA MAMU,KEMEJA FORMAL STEEL BLUE PJG M,0,3,0,0,88053,264159,264159
Jun-2026,MAMU KENDARI,KEMEJA MAMU,KEMEJA FORMAL STEEL BLUE PJG M,0,3,0,0,88053,264159,264159
Jul-2026,MAMU KENDARI,KEMEJA MAMU,KEMEJA FORMAL STEEL BLUE PJG M,0,3,0,0,88053,264159,264159
Agu-2026,MAMU KENDARI,KEMEJA MAMU,KEMEJA FORMAL STEEL BLUE PJG M,0,2,0,0,88053,176106,264159
Sep-2026,MAMU KENDARI,KEMEJA MAMU,KEMEJA FORMAL STEEL BLUE PJG M,0,2,0,0,88053,176106,176106
Okt-2026,MAMU KENDARI,KEMEJA MAMU,KEMEJA FORMAL STEEL BLUE PJG M,0,2,0,0,88053,176106,176106
Jan-2026,MAMU KENDARI,KEMEJA MAMU,KEMEJA FORMAL STEEL BLUE PJG S,0,1,0,0,88053,88053,0
Feb-2026,MAMU KENDARI,KEMEJA MAMU,KEMEJA FORMAL STEEL BLUE PJG S,0,1,0,0,88053,88053,88053
Mar-2026,MAMU KENDARI,KEMEJA MAMU,KEMEJA FORMAL STEEL BLUE PJG S,0,1,0,0,88053,88053,88053
Apr-2026,MAMU KENDARI,KEMEJA MAMU,KEMEJA FORMAL STEEL BLUE PJG S,0,1,0,0,88053,88053,88053
Mei-2026,MAMU KENDARI,KEMEJA MAMU,KEMEJA FORMAL STEEL BLUE PJG S,86797,0,0,0,88053,0,88053
Jan-2026,MAMU KENDARI,KEMEJA MAMU,KEMEJA FORMAL STEEL BLUE PJG XL,0,7,0,0,88053,616371,0
Feb-2026,MAMU KENDARI,KEMEJA MAMU,KEMEJA FORMAL STEEL BLUE PJG XL,0,7,0,0,88053,616371,616371
Mar-2026,MAMU KENDARI,KEMEJA MAMU,KEMEJA FORMAL STEEL BLUE PJG XL,0,7,0,0,88053,616371,616371
Apr-2026,MAMU KENDARI,KEMEJA MAMU,KEMEJA FORMAL STEEL BLUE PJG XL,0,7,0,0,88053,616371,616371
Mei-2026,MAMU KENDARI,KEMEJA MAMU,KEMEJA FORMAL STEEL BLUE PJG XL,0,7,0,0,88053,616371,616371
Jun-2026,MAMU KENDARI,KEMEJA MAMU,KEMEJA FORMAL STEEL BLUE PJG XL,0,7,0,0,88053,616371,616371
Jul-2026,MAMU KENDARI,KEMEJA MAMU,KEMEJA FORMAL STEEL BLUE PJG XL,0,7,0,0,88053,616371,616371
Agu-2026,MAMU KENDARI,KEMEJA MAMU,KEMEJA FORMAL STEEL BLUE PJG XL,0,7,0,0,88053,616371,616371
Sep-2026,MAMU KENDARI,KEMEJA MAMU,KEMEJA FORMAL STEEL BLUE PJG XL,0,7,0,0,88053,616371,616371
Okt-2026,MAMU KENDARI,KEMEJA MAMU,KEMEJA FORMAL STEEL BLUE PJG XL,0,7,0,0,88053,616371,616371
Feb-2026,MAMU KENDARI,KEMEJA MAMU,KEMEJA FORMAL TOFFEE PDK 2XL,0,1,0,0,75053,75053,0
Mar-2026,MAMU KENDARI,KEMEJA MAMU,KEMEJA FORMAL TOFFEE PDK 2XL,0,1,0,0,75053,75053,75053
Apr-2026,MAMU KENDARI,KEMEJA MAMU,KEMEJA FORMAL TOFFEE PDK 2XL,0,1,0,0,75053,75053,75053
Mei-2026,MAMU KENDARI,KEMEJA MAMU,KEMEJA FORMAL TOFFEE PDK 2XL,74634,0,0,0,75053,0,75053
Jan-2026,MAMU KENDARI,KEMEJA MAMU,KEMEJA FORMAL TOFFEE PDK L,0,8,0,0,75053,600424,0
Feb-2026,MAMU KENDARI,KEMEJA MAMU,KEMEJA FORMAL TOFFEE PDK L,0,8,0,0,75053,600424,600424
Mar-2026,MAMU KENDARI,KEMEJA MAMU,KEMEJA FORMAL TOFFEE PDK L,148800,6,0,0,75053,450318,600424
Apr-2026,MAMU KENDARI,KEMEJA MAMU,KEMEJA FORMAL TOFFEE PDK L,74400,5,0,0,75053,375265,450318
Mei-2026,MAMU KENDARI,KEMEJA MAMU,KEMEJA FORMAL TOFFEE PDK L,0,5,0,0,75053,375265,375265
Jun-2026,MAMU KENDARI,KEMEJA MAMU,KEMEJA FORMAL TOFFEE PDK L,0,5,0,0,75053,375265,375265
Jul-2026,MAMU KENDARI,KEMEJA MAMU,KEMEJA FORMAL TOFFEE PDK L,148800,4,0,0,75053,300212,375265
Agu-2026,MAMU KENDARI,KEMEJA MAMU,KEMEJA FORMAL TOFFEE PDK L,221798,2,0,0,75053,150106,300212
Sep-2026,MAMU KENDARI,KEMEJA MAMU,KEMEJA FORMAL TOFFEE PDK L,0,2,0,0,75053,150106,150106
Okt-2026,MAMU KENDARI,KEMEJA MAMU,KEMEJA FORMAL TOFFEE PDK L,0,2,3,0,75053,375265,150106
Jan-2026,MAMU KENDARI,KEMEJA MAMU,KEMEJA FORMAL TOFFEE PDK M,148764,0,0,0,74214,0,0
Agu-2026,MAMU KENDARI,KEMEJA MAMU,KEMEJA FORMAL TOFFEE PDK M,0,5,0,0,74214,371070,0
Sep-2026,MAMU KENDARI,KEMEJA MAMU,KEMEJA FORMAL TOFFEE PDK M,0,5,0,0,74214,371070,371070
Okt-2026,MAMU KENDARI,KEMEJA MAMU,KEMEJA FORMAL TOFFEE PDK M,0,5,0,0,74214,371070,371070
Jan-2026,MAMU KENDARI,KEMEJA MAMU,KEMEJA FORMAL TOFFEE PDK XL,0,6,0,0,75053,450318,0
Feb-2026,MAMU KENDARI,KEMEJA MAMU,KEMEJA FORMAL TOFFEE PDK XL,0,4,0,0,75053,300212,450318
Mar-2026,MAMU KENDARI,KEMEJA MAMU,KEMEJA FORMAL TOFFEE PDK XL,74214,3,0,0,75053,225159,300212
Apr-2026,MAMU KENDARI,KEMEJA MAMU,KEMEJA FORMAL TOFFEE PDK XL,0,4,0,0,75053,300212,225159
Mei-2026,MAMU KENDARI,KEMEJA MAMU,KEMEJA FORMAL TOFFEE PDK XL,0,4,0,0,75053,300212,300212
Jun-2026,MAMU KENDARI,KEMEJA MAMU,KEMEJA FORMAL TOFFEE PDK XL,148428,2,0,0,75053,150106,300212
Jul-2026,MAMU KENDARI,KEMEJA MAMU,KEMEJA FORMAL TOFFEE PDK XL,74214,2,0,0,75053,150106,150106
Agu-2026,MAMU KENDARI,KEMEJA MAMU,KEMEJA FORMAL TOFFEE PDK XL,0,5,0,0,75053,375265,150106
Sep-2026,MAMU KENDARI,KEMEJA MAMU,KEMEJA FORMAL TOFFEE PDK XL,0,5,0,0,75053,375265,375265
Okt-2026,MAMU KENDARI,KEMEJA MAMU,KEMEJA FORMAL TOFFEE PDK XL,0,5,0,0,75053,375265,375265
Jan-2026,MAMU KENDARI,KEMEJA MAMU,KEMEJA FORMAL TOFFEE PJG 2XL,0,1,0,0,88053,88053,0
Feb-2026,MAMU KENDARI,KEMEJA MAMU,KEMEJA FORMAL TOFFEE PJG 2XL,0,1,0,0,88053,88053,88053
Mar-2026,MAMU KENDARI,KEMEJA MAMU,KEMEJA FORMAL TOFFEE PJG 2XL,0,1,0,0,88053,88053,88053
Apr-2026,MAMU KENDARI,KEMEJA MAMU,KEMEJA FORMAL TOFFEE PJG 2XL,0,1,0,0,88053,88053,88053
Mei-2026,MAMU KENDARI,KEMEJA MAMU,KEMEJA FORMAL TOFFEE PJG 2XL,0,1,0,0,88053,88053,88053
Jun-2026,MAMU KENDARI,KEMEJA MAMU,KEMEJA FORMAL TOFFEE PJG 2XL,0,1,0,0,88053,88053,88053
Jul-2026,MAMU KENDARI,KEMEJA MAMU,KEMEJA FORMAL TOFFEE PJG 2XL,0,1,0,0,88053,88053,88053
Agu-2026,MAMU KENDARI,KEMEJA MAMU,KEMEJA FORMAL TOFFEE PJG 2XL,0,1,0,0,88053,88053,88053
Sep-2026,MAMU KENDARI,KEMEJA MAMU,KEMEJA FORMAL TOFFEE PJG 2XL,0,1,0,0,88053,88053,88053
Okt-2026,MAMU KENDARI,KEMEJA MAMU,KEMEJA FORMAL TOFFEE PJG 2XL,0,1,0,0,88053,88053,88053
Jan-2026,MAMU KENDARI,KEMEJA MAMU,KEMEJA FORMAL TOFFEE PJG L,0,7,0,0,88053,616371,0
Feb-2026,MAMU KENDARI,KEMEJA MAMU,KEMEJA FORMAL TOFFEE PJG L,0,7,0,0,88053,616371,616371
Mar-2026,MAMU KENDARI,KEMEJA MAMU,KEMEJA FORMAL TOFFEE PJG L,90806,6,0,0,88053,528318,616371
Apr-2026,MAMU KENDARI,KEMEJA MAMU,KEMEJA FORMAL TOFFEE PJG L,0,7,0,0,88053,616371,528318
Mei-2026,MAMU KENDARI,KEMEJA MAMU,KEMEJA FORMAL TOFFEE PJG L,90806,6,0,0,88053,528318,616371
Jun-2026,MAMU KENDARI,KEMEJA MAMU,KEMEJA FORMAL TOFFEE PJG L,90806,5,0,0,88053,440265,528318
Jul-2026,MAMU KENDARI,KEMEJA MAMU,KEMEJA FORMAL TOFFEE PJG L,0,5,0,0,88053,440265,440265
Agu-2026,MAMU KENDARI,KEMEJA MAMU,KEMEJA FORMAL TOFFEE PJG L,0,5,0,0,88053,440265,440265
Sep-2026,MAMU KENDARI,KEMEJA MAMU,KEMEJA FORMAL TOFFEE PJG L,0,5,0,0,88053,440265,440265
Okt-2026,MAMU KENDARI,KEMEJA MAMU,KEMEJA FORMAL TOFFEE PJG L,0,5,0,0,88053,440265,440265
Jan-2026,MAMU KENDARI,KEMEJA MAMU,KEMEJA FORMAL TOFFEE PJG M,0,6,0,0,88053,528318,0
Feb-2026,MAMU KENDARI,KEMEJA MAMU,KEMEJA FORMAL TOFFEE PJG M,0,4,0,0,88053,352212,528318
Mar-2026,MAMU KENDARI,KEMEJA MAMU,KEMEJA FORMAL TOFFEE PJG M,262005,1,0,0,88053,88053,352212
Apr-2026,MAMU KENDARI,KEMEJA MAMU,KEMEJA FORMAL TOFFEE PJG M,0,1,0,0,88053,88053,88053
Mei-2026,MAMU KENDARI,KEMEJA MAMU,KEMEJA FORMAL TOFFEE PJG M,0,1,0,0,88053,88053,88053
Jun-2026,MAMU KENDARI,KEMEJA MAMU,KEMEJA FORMAL TOFFEE PJG M,87335,0,0,0,88053,0,88053
Agu-2026,MAMU KENDARI,KEMEJA MAMU,KEMEJA FORMAL TOFFEE PJG M,0,5,0,0,88053,440265,0
Sep-2026,MAMU KENDARI,KEMEJA MAMU,KEMEJA FORMAL TOFFEE PJG M,0,5,0,0,88053,440265,440265
Okt-2026,MAMU KENDARI,KEMEJA MAMU,KEMEJA FORMAL TOFFEE PJG M,0,5,0,0,88053,440265,440265
Jan-2026,MAMU KENDARI,KEMEJA MAMU,KEMEJA FORMAL TOFFEE PJG S,0,1,0,0,88053,88053,0
Feb-2026,MAMU KENDARI,KEMEJA MAMU,KEMEJA FORMAL TOFFEE PJG S,0,1,0,0,88053,88053,88053
Mar-2026,MAMU KENDARI,KEMEJA MAMU,KEMEJA FORMAL TOFFEE PJG S,87214,0,0,0,88053,0,88053
Jan-2026,MAMU KENDARI,KEMEJA MAMU,KEMEJA FORMAL TOFFEE PJG XL,0,3,0,0,88053,264159,0
Feb-2026,MAMU KENDARI,KEMEJA MAMU,KEMEJA FORMAL TOFFEE PJG XL,0,5,0,0,88053,440265,264159
Mar-2026,MAMU KENDARI,KEMEJA MAMU,KEMEJA FORMAL TOFFEE PJG XL,87717,4,0,0,88053,352212,440265
Apr-2026,MAMU KENDARI,KEMEJA MAMU,KEMEJA FORMAL TOFFEE PJG XL,0,4,0,0,88053,352212,352212
Mei-2026,MAMU KENDARI,KEMEJA MAMU,KEMEJA FORMAL TOFFEE PJG XL,0,4,0,0,88053,352212,352212
Jun-2026,MAMU KENDARI,KEMEJA MAMU,KEMEJA FORMAL TOFFEE PJG XL,0,4,0,0,88053,352212,352212
Jul-2026,MAMU KENDARI,KEMEJA MAMU,KEMEJA FORMAL TOFFEE PJG XL,0,4,0,0,88053,352212,352212
Agu-2026,MAMU KENDARI,KEMEJA MAMU,KEMEJA FORMAL TOFFEE PJG XL,87717,4,0,0,88053,352212,352212
Sep-2026,MAMU KENDARI,KEMEJA MAMU,KEMEJA FORMAL TOFFEE PJG XL,0,4,0,0,88053,352212,352212
Okt-2026,MAMU KENDARI,KEMEJA MAMU,KEMEJA FORMAL TOFFEE PJG XL,0,4,0,0,88053,352212,352212
Agu-2026,MAMU KENDARI,KEMEJA MAMU,KEMEJA SHANGHAI COKLAT TUA PDK L,0,3,0,0,159000,477000,0
Sep-2026,MAMU KENDARI,KEMEJA MAMU,KEMEJA SHANGHAI COKLAT TUA PDK L,0,3,0,0,159000,477000,477000
Okt-2026,MAMU KENDARI,KEMEJA MAMU,KEMEJA SHANGHAI COKLAT TUA PDK L,0,3,0,0,159000,477000,477000
Agu-2026,MAMU KENDARI,KEMEJA MAMU,KEMEJA SHANGHAI COKLAT TUA PDK M,0,3,0,0,159000,477000,0
Sep-2026,MAMU KENDARI,KEMEJA MAMU,KEMEJA SHANGHAI COKLAT TUA PDK M,0,3,0,0,159000,477000,477000
Okt-2026,MAMU KENDARI,KEMEJA MAMU,KEMEJA SHANGHAI COKLAT TUA PDK M,0,3,0,0,159000,477000,477000
Agu-2026,MAMU KENDARI,KEMEJA MAMU,KEMEJA SHANGHAI COKLAT TUA PDK XL,0,3,0,0,159000,477000,0
Sep-2026,MAMU KENDARI,KEMEJA MAMU,KEMEJA SHANGHAI COKLAT TUA PDK XL,72926,2,0,0,159000,318000,477000
Okt-2026,MAMU KENDARI,KEMEJA MAMU,KEMEJA SHANGHAI COKLAT TUA PDK XL,0,2,0,0,159000,318000,318000
Agu-2026,MAMU KENDARI,KEMEJA MAMU,KEMEJA SHANGHAI COKLAT TUA PJG L,0,3,0,0,189000,567000,0
Sep-2026,MAMU KENDARI,KEMEJA MAMU,KEMEJA SHANGHAI COKLAT TUA PJG L,0,3,0,0,189000,567000,567000
Okt-2026,MAMU KENDARI,KEMEJA MAMU,KEMEJA SHANGHAI COKLAT TUA PJG L,0,3,0,0,189000,567000,567000
Agu-2026,MAMU KENDARI,KEMEJA MAMU,KEMEJA SHANGHAI COKLAT TUA PJG M,0,3,0,0,189000,567000,0
Sep-2026,MAMU KENDARI,KEMEJA MAMU,KEMEJA SHANGHAI COKLAT TUA PJG M,0,3,0,0,189000,567000,567000
Okt-2026,MAMU KENDARI,KEMEJA MAMU,KEMEJA SHANGHAI COKLAT TUA PJG M,0,3,0,0,189000,567000,567000
Agu-2026,MAMU KENDARI,KEMEJA MAMU,KEMEJA SHANGHAI COKLAT TUA PJG XL,0,3,0,0,189000,567000,0
Sep-2026,MAMU KENDARI,KEMEJA MAMU,KEMEJA SHANGHAI COKLAT TUA PJG XL,0,3,0,0,189000,567000,567000
Okt-2026,MAMU KENDARI,KEMEJA MAMU,KEMEJA SHANGHAI COKLAT TUA PJG XL,0,3,0,0,189000,567000,567000
Jan-2026,MAMU KENDARI,KEMEJA MAMU,KEMEJA SHANGHAI HITAM PDK L,0,3,0,0,74214,222642,0
Feb-2026,MAMU KENDARI,KEMEJA MAMU,KEMEJA SHANGHAI HITAM PDK L,74214,2,0,0,74214,148428,222642
Mar-2026,MAMU KENDARI,KEMEJA MAMU,KEMEJA SHANGHAI HITAM PDK L,148428,0,0,0,74214,0,148428
Apr-2026,MAMU KENDARI,KEMEJA MAMU,KEMEJA SHANGHAI HITAM PDK L,0,2,0,0,72925,145850,0
Mei-2026,MAMU KENDARI,KEMEJA MAMU,KEMEJA SHANGHAI HITAM PDK L,145932,0,0,0,74214,0,145850
Agu-2026,MAMU KENDARI,KEMEJA MAMU,KEMEJA SHANGHAI HITAM PDK L,0,5,0,0,72966,364830,0
Sep-2026,MAMU KENDARI,KEMEJA MAMU,KEMEJA SHANGHAI HITAM PDK L,0,5,0,0,72966,364830,364830
Okt-2026,MAMU KENDARI,KEMEJA MAMU,KEMEJA SHANGHAI HITAM PDK L,0,5,0,0,72966,364830,364830
Jan-2026,MAMU KENDARI,KEMEJA MAMU,KEMEJA SHANGHAI HITAM PDK M,74214,7,0,0,74214,519498,0
Feb-2026,MAMU KENDARI,KEMEJA MAMU,KEMEJA SHANGHAI HITAM PDK M,74214,6,0,0,74214,445284,519498
Mar-2026,MAMU KENDARI,KEMEJA MAMU,KEMEJA SHANGHAI HITAM PDK M,371070,0,0,0,74214,0,445284
Apr-2026,MAMU KENDARI,KEMEJA MAMU,KEMEJA SHANGHAI HITAM PDK M,0,3,0,0,72941,218823,0
Mei-2026,MAMU KENDARI,KEMEJA MAMU,KEMEJA SHANGHAI HITAM PDK M,0,3,0,0,72949,218847,218823
Jun-2026,MAMU KENDARI,KEMEJA MAMU,KEMEJA SHANGHAI HITAM PDK M,0,3,0,0,72949,218847,218847
Jul-2026,MAMU KENDARI,KEMEJA MAMU,KEMEJA SHANGHAI HITAM PDK M,0,3,0,0,72949,218847,218847
Agu-2026,MAMU KENDARI,KEMEJA MAMU,KEMEJA SHANGHAI HITAM PDK M,0,3,0,0,72949,218847,218847
Sep-2026,MAMU KENDARI,KEMEJA MAMU,KEMEJA SHANGHAI HITAM PDK M,0,3,0,0,72949,218847,218847
Okt-2026,MAMU KENDARI,KEMEJA MAMU,KEMEJA SHANGHAI HITAM PDK M,0,3,0,0,72949,218847,218847
Jan-2026,MAMU KENDARI,KEMEJA MAMU,KEMEJA SHANGHAI HITAM PDK XL,0,1,0,0,74214,74214,0
Feb-2026,MAMU KENDARI,KEMEJA MAMU,KEMEJA SHANGHAI HITAM PDK XL,0,0,0,0,74214,0,74214
Apr-2026,MAMU KENDARI,KEMEJA MAMU,KEMEJA SHANGHAI HITAM PDK XL,0,2,0,0,72921,145842,0
Mei-2026,MAMU KENDARI,KEMEJA MAMU,KEMEJA SHANGHAI HITAM PDK XL,0,2,0,0,72940,145880,145842
Jun-2026,MAMU KENDARI,KEMEJA MAMU,KEMEJA SHANGHAI HITAM PDK XL,72940,1,0,0,72940,72940,145880
Jul-2026,MAMU KENDARI,KEMEJA MAMU,KEMEJA SHANGHAI HITAM PDK XL,0,1,0,0,72940,72940,72940
Agu-2026,MAMU KENDARI,KEMEJA MAMU,KEMEJA SHANGHAI HITAM PDK XL,0,1,0,0,72940,72940,72940
Sep-2026,MAMU KENDARI,KEMEJA MAMU,KEMEJA SHANGHAI HITAM PDK XL,0,1,0,0,72940,72940,72940
Okt-2026,MAMU KENDARI,KEMEJA MAMU,KEMEJA SHANGHAI HITAM PDK XL,0,1,0,0,72940,72940,72940
Jan-2026,MAMU KENDARI,KEMEJA MAMU,KEMEJA SHANGHAI HITAM PJG L,0,3,0,0,88053,264159,0
Feb-2026,MAMU KENDARI,KEMEJA MAMU,KEMEJA SHANGHAI HITAM PJG L,0,3,0,0,88053,264159,264159
Mar-2026,MAMU KENDARI,KEMEJA MAMU,KEMEJA SHANGHAI HITAM PJG L,261642,0,0,0,88053,0,264159
Agu-2026,MAMU KENDARI,KEMEJA MAMU,KEMEJA SHANGHAI HITAM PJG L,171886,3,0,0,85943,257829,0
Sep-2026,MAMU KENDARI,KEMEJA MAMU,KEMEJA SHANGHAI HITAM PJG L,0,3,0,0,85943,257829,257829
Okt-2026,MAMU KENDARI,KEMEJA MAMU,KEMEJA SHANGHAI HITAM PJG L,0,3,0,0,85943,257829,257829
Jan-2026,MAMU KENDARI,KEMEJA MAMU,KEMEJA SHANGHAI HITAM PJG M,87214,3,0,0,88053,264159,0
Feb-2026,MAMU KENDARI,KEMEJA MAMU,KEMEJA SHANGHAI HITAM PJG M,0,4,0,0,88053,352212,264159
Mar-2026,MAMU KENDARI,KEMEJA MAMU,KEMEJA SHANGHAI HITAM PJG M,174428,2,0,0,88053,176106,352212
Apr-2026,MAMU KENDARI,KEMEJA MAMU,KEMEJA SHANGHAI HITAM PJG M,0,1,0,0,85943,85943,176106
Mei-2026,MAMU KENDARI,KEMEJA MAMU,KEMEJA SHANGHAI HITAM PJG M,87214,0,0,0,88053,0,85943
Agu-2026,MAMU KENDARI,KEMEJA MAMU,KEMEJA SHANGHAI HITAM PJG M,0,5,0,0,85943,429715,0
Sep-2026,MAMU KENDARI,KEMEJA MAMU,KEMEJA SHANGHAI HITAM PJG M,0,5,0,0,85943,429715,429715
Okt-2026,MAMU KENDARI,KEMEJA MAMU,KEMEJA SHANGHAI HITAM PJG M,0,5,0,0,85943,429715,429715
Jan-2026,MAMU KENDARI,KEMEJA MAMU,KEMEJA SHANGHAI HITAM PJG S,0,1,0,0,88053,88053,0
Feb-2026,MAMU KENDARI,KEMEJA MAMU,KEMEJA SHANGHAI HITAM PJG S,0,1,0,0,88053,88053,88053
Mar-2026,MAMU KENDARI,KEMEJA MAMU,KEMEJA SHANGHAI HITAM PJG S,87214,0,0,0,88053,0,88053
Jan-2026,MAMU KENDARI,KEMEJA MAMU,KEMEJA SHANGHAI HITAM PJG XL,0,2,0,0,88053,176106,0
Feb-2026,MAMU KENDARI,KEMEJA MAMU,KEMEJA SHANGHAI HITAM PJG XL,0,3,0,0,88053,264159,176106
Mar-2026,MAMU KENDARI,KEMEJA MAMU,KEMEJA SHANGHAI HITAM PJG XL,87214,2,0,0,88053,176106,264159
Apr-2026,MAMU KENDARI,KEMEJA MAMU,KEMEJA SHANGHAI HITAM PJG XL,0,1,0,0,85939,85939,176106
Mei-2026,MAMU KENDARI,KEMEJA MAMU,KEMEJA SHANGHAI HITAM PJG XL,0,1,0,0,85957,85957,85939
Jun-2026,MAMU KENDARI,KEMEJA MAMU,KEMEJA SHANGHAI HITAM PJG XL,0,1,0,0,85957,85957,85957
Jul-2026,MAMU KENDARI,KEMEJA MAMU,KEMEJA SHANGHAI HITAM PJG XL,0,2,0,0,85957,171914,85957
Agu-2026,MAMU KENDARI,KEMEJA MAMU,KEMEJA SHANGHAI HITAM PJG XL,146232,4,0,0,85957,343828,171914
Sep-2026,MAMU KENDARI,KEMEJA MAMU,KEMEJA SHANGHAI HITAM PJG XL,0,3,0,0,85957,257871,343828
Okt-2026,MAMU KENDARI,KEMEJA MAMU,KEMEJA SHANGHAI HITAM PJG XL,0,3,0,0,85957,257871,257871
Agu-2026,MAMU KENDARI,KEMEJA MAMU,KEMEJA SHANGHAI NAVY PJG XL,0,3,0,0,86528,259584,0
Sep-2026,MAMU KENDARI,KEMEJA MAMU,KEMEJA SHANGHAI NAVY PJG XL,0,3,0,0,86528,259584,259584
Okt-2026,MAMU KENDARI,KEMEJA MAMU,KEMEJA SHANGHAI NAVY PJG XL,0,3,0,0,86528,259584,259584
Jan-2026,MAMU KENDARI,KEMEJA MAMU,KEMEJA SHANGHAI TOFFEE PDK L,74214,3,0,0,74214,222642,0
Feb-2026,MAMU KENDARI,KEMEJA MAMU,KEMEJA SHANGHAI TOFFEE PDK L,74214,2,0,0,74214,148428,222642
Mar-2026,MAMU KENDARI,KEMEJA MAMU,KEMEJA SHANGHAI TOFFEE PDK L,148428,0,0,0,74214,0,148428
Apr-2026,MAMU KENDARI,KEMEJA MAMU,KEMEJA SHANGHAI TOFFEE PDK L,0,2,0,0,72961,145922,0
Mei-2026,MAMU KENDARI,KEMEJA MAMU,KEMEJA SHANGHAI TOFFEE PDK L,0,2,0,0,72956,145912,145922
Jun-2026,MAMU KENDARI,KEMEJA MAMU,KEMEJA SHANGHAI TOFFEE PDK L,72956,1,0,0,72956,72956,145912
Jul-2026,MAMU KENDARI,KEMEJA MAMU,KEMEJA SHANGHAI TOFFEE PDK L,72956,0,0,0,74214,0,72956
Agu-2026,MAMU KENDARI,KEMEJA MAMU,KEMEJA SHANGHAI TOFFEE PDK L,0,5,0,0,72956,364780,0
Sep-2026,MAMU KENDARI,KEMEJA MAMU,KEMEJA SHANGHAI TOFFEE PDK L,0,5,0,0,72956,364780,364780
Okt-2026,MAMU KENDARI,KEMEJA MAMU,KEMEJA SHANGHAI TOFFEE PDK L,0,5,0,0,72956,364780,364780
Jan-2026,MAMU KENDARI,KEMEJA MAMU,KEMEJA SHANGHAI TOFFEE PDK M,0,2,0,0,74214,148428,0
Feb-2026,MAMU KENDARI,KEMEJA MAMU,KEMEJA SHANGHAI TOFFEE PDK M,74214,1,0,0,74214,74214,148428
Mar-2026,MAMU KENDARI,KEMEJA MAMU,KEMEJA SHANGHAI TOFFEE PDK M,74214,0,0,0,74214,0,74214
Apr-2026,MAMU KENDARI,KEMEJA MAMU,KEMEJA SHANGHAI TOFFEE PDK M,0,2,0,0,72961,145922,0
Mei-2026,MAMU KENDARI,KEMEJA MAMU,KEMEJA SHANGHAI TOFFEE PDK M,0,2,0,0,72958,145916,145922
Jun-2026,MAMU KENDARI,KEMEJA MAMU,KEMEJA SHANGHAI TOFFEE PDK M,0,2,0,0,72958,145916,145916
Jul-2026,MAMU KENDARI,KEMEJA MAMU,KEMEJA SHANGHAI TOFFEE PDK M,0,2,0,0,72958,145916,145916
Agu-2026,MAMU KENDARI,KEMEJA MAMU,KEMEJA SHANGHAI TOFFEE PDK M,0,2,0,0,72958,145916,145916
Sep-2026,MAMU KENDARI,KEMEJA MAMU,KEMEJA SHANGHAI TOFFEE PDK M,0,2,0,0,72958,145916,145916
Okt-2026,MAMU KENDARI,KEMEJA MAMU,KEMEJA SHANGHAI TOFFEE PDK M,0,2,0,0,72958,145916,145916
Jan-2026,MAMU KENDARI,KEMEJA MAMU,KEMEJA SHANGHAI TOFFEE PDK S,0,1,0,0,74214,74214,0
Feb-2026,MAMU KENDARI,KEMEJA MAMU,KEMEJA SHANGHAI TOFFEE PDK S,0,1,0,0,74214,74214,74214
Mar-2026,MAMU KENDARI,KEMEJA MAMU,KEMEJA SHANGHAI TOFFEE PDK S,74214,0,0,0,74214,0,74214
Jan-2026,MAMU KENDARI,KEMEJA MAMU,KEMEJA SHANGHAI TOFFEE PDK XL,0,4,0,0,74214,296856,0
Feb-2026,MAMU KENDARI,KEMEJA MAMU,KEMEJA SHANGHAI TOFFEE PDK XL,0,4,0,0,74214,296856,296856
Mar-2026,MAMU KENDARI,KEMEJA MAMU,KEMEJA SHANGHAI TOFFEE PDK XL,222642,1,0,0,74214,74214,296856
Apr-2026,MAMU KENDARI,KEMEJA MAMU,KEMEJA SHANGHAI TOFFEE PDK XL,0,1,0,0,72963,72963,74214
Mei-2026,MAMU KENDARI,KEMEJA MAMU,KEMEJA SHANGHAI TOFFEE PDK XL,0,1,0,0,72960,72960,72963
Jun-2026,MAMU KENDARI,KEMEJA MAMU,KEMEJA SHANGHAI TOFFEE PDK XL,0,1,0,0,72960,72960,72960
Jul-2026,MAMU KENDARI,KEMEJA MAMU,KEMEJA SHANGHAI TOFFEE PDK XL,0,1,0,0,72960,72960,72960
Agu-2026,MAMU KENDARI,KEMEJA MAMU,KEMEJA SHANGHAI TOFFEE PDK XL,0,1,0,0,72960,72960,72960
Sep-2026,MAMU KENDARI,KEMEJA MAMU,KEMEJA SHANGHAI TOFFEE PDK XL,0,1,0,0,72960,72960,72960
Okt-2026,MAMU KENDARI,KEMEJA MAMU,KEMEJA SHANGHAI TOFFEE PDK XL,0,1,0,0,72960,72960,72960
Jan-2026,MAMU KENDARI,KEMEJA MAMU,KEMEJA SHANGHAI TOFFEE PJG L,0,7,0,0,87214,610498,0
Feb-2026,MAMU KENDARI,KEMEJA MAMU,KEMEJA SHANGHAI TOFFEE PJG L,0,7,0,0,87214,610498,610498
Mar-2026,MAMU KENDARI,KEMEJA MAMU,KEMEJA SHANGHAI TOFFEE PJG L,358268,3,0,0,87214,261642,610498
Apr-2026,MAMU KENDARI,KEMEJA MAMU,KEMEJA SHANGHAI TOFFEE PJG L,179134,0,0,0,87214,0,261642
Agu-2026,MAMU KENDARI,KEMEJA MAMU,KEMEJA SHANGHAI TOFFEE PJG L,0,5,0,0,85953,429765,0
Sep-2026,MAMU KENDARI,KEMEJA MAMU,KEMEJA SHANGHAI TOFFEE PJG L,0,5,0,0,85953,429765,429765
Okt-2026,MAMU KENDARI,KEMEJA MAMU,KEMEJA SHANGHAI TOFFEE PJG L,0,5,0,0,85953,429765,429765
Jan-2026,MAMU KENDARI,KEMEJA MAMU,KEMEJA SHANGHAI TOFFEE PJG M,0,9,0,0,87214,784926,0
Feb-2026,MAMU KENDARI,KEMEJA MAMU,KEMEJA SHANGHAI TOFFEE PJG M,0,5,0,0,87214,436070,784926
Mar-2026,MAMU KENDARI,KEMEJA MAMU,KEMEJA SHANGHAI TOFFEE PJG M,436070,0,0,0,87214,0,436070
Apr-2026,MAMU KENDARI,KEMEJA MAMU,KEMEJA SHANGHAI TOFFEE PJG M,0,2,0,0,85957,171914,0
Mei-2026,MAMU KENDARI,KEMEJA MAMU,KEMEJA SHANGHAI TOFFEE PJG M,0,2,0,0,86007,172014,171914
Jun-2026,MAMU KENDARI,KEMEJA MAMU,KEMEJA SHANGHAI TOFFEE PJG M,0,2,0,0,86007,172014,172014
Jul-2026,MAMU KENDARI,KEMEJA MAMU,KEMEJA SHANGHAI TOFFEE PJG M,0,2,0,0,86007,172014,172014
Agu-2026,MAMU KENDARI,KEMEJA MAMU,KEMEJA SHANGHAI TOFFEE PJG M,86007,4,0,0,86007,344028,172014
Sep-2026,MAMU KENDARI,KEMEJA MAMU,KEMEJA SHANGHAI TOFFEE PJG M,0,4,0,0,86007,344028,344028
Okt-2026,MAMU KENDARI,KEMEJA MAMU,KEMEJA SHANGHAI TOFFEE PJG M,0,4,0,0,86007,344028,344028
Jan-2026,MAMU KENDARI,KEMEJA MAMU,KEMEJA SHANGHAI TOFFEE PJG S,0,1,0,0,87214,87214,0
Feb-2026,MAMU KENDARI,KEMEJA MAMU,KEMEJA SHANGHAI TOFFEE PJG S,0,1,0,0,87214,87214,87214
Mar-2026,MAMU KENDARI,KEMEJA MAMU,KEMEJA SHANGHAI TOFFEE PJG S,87214,0,0,0,87214,0,87214
Jan-2026,MAMU KENDARI,KEMEJA MAMU,KEMEJA SHANGHAI TOFFEE PJG XL,0,2,0,0,87214,174428,0
Feb-2026,MAMU KENDARI,KEMEJA MAMU,KEMEJA SHANGHAI TOFFEE PJG XL,0,2,0,0,87214,174428,174428
Mar-2026,MAMU KENDARI,KEMEJA MAMU,KEMEJA SHANGHAI TOFFEE PJG XL,174428,0,0,0,87214,0,174428
Apr-2026,MAMU KENDARI,KEMEJA MAMU,KEMEJA SHANGHAI TOFFEE PJG XL,0,2,0,0,85955,171910,0
Mei-2026,MAMU KENDARI,KEMEJA MAMU,KEMEJA SHANGHAI TOFFEE PJG XL,0,2,0,0,85955,171910,171910
Jun-2026,MAMU KENDARI,KEMEJA MAMU,KEMEJA SHANGHAI TOFFEE PJG XL,0,2,0,0,85955,171910,171910
Jul-2026,MAMU KENDARI,KEMEJA MAMU,KEMEJA SHANGHAI TOFFEE PJG XL,0,2,0,0,85955,171910,171910
Agu-2026,MAMU KENDARI,KEMEJA MAMU,KEMEJA SHANGHAI TOFFEE PJG XL,0,5,0,0,85955,429775,171910
Sep-2026,MAMU KENDARI,KEMEJA MAMU,KEMEJA SHANGHAI TOFFEE PJG XL,0,5,0,0,85955,429775,429775
Okt-2026,MAMU KENDARI,KEMEJA MAMU,KEMEJA SHANGHAI TOFFEE PJG XL,0,5,0,0,85955,429775,429775
Apr-2026,MAMU MAKASSAR,KEMEJA MAMU,KEMEJA FORMAL ABU TUA PDK L,75170,1,0,0,75170,75170,0
Mei-2026,MAMU MAKASSAR,KEMEJA MAMU,KEMEJA FORMAL ABU TUA PDK L,0,0,0,0,75170,0,75170
Agu-2026,MAMU MAKASSAR,KEMEJA MAMU,KEMEJA FORMAL ABU TUA PDK S,75170,0,0,0,75170,0,0
Jan-2026,MAMU MAKASSAR,KEMEJA MAMU,KEMEJA FORMAL ABU TUA PJG 2XL,88170,0,0,0,88170,0,0
Jan-2026,MAMU MAKASSAR,KEMEJA MAMU,KEMEJA FORMAL ABU TUA PJG L,0,15,0,0,88170,1322550,0
Feb-2026,MAMU MAKASSAR,KEMEJA MAMU,KEMEJA FORMAL ABU TUA PJG L,264510,12,0,0,88170,1058040,1322550
Mar-2026,MAMU MAKASSAR,KEMEJA MAMU,KEMEJA FORMAL ABU TUA PJG L,617190,2,0,0,88170,176340,1058040
Apr-2026,MAMU MAKASSAR,KEMEJA MAMU,KEMEJA FORMAL ABU TUA PJG L,0,4,0,0,88170,352680,176340
Mei-2026,MAMU MAKASSAR,KEMEJA MAMU,KEMEJA FORMAL ABU TUA PJG L,88170,4,0,0,88170,352680,352680
Jun-2026,MAMU MAKASSAR,KEMEJA MAMU,KEMEJA FORMAL ABU TUA PJG L,176340,1,0,0,88170,88170,352680
Jul-2026,MAMU MAKASSAR,KEMEJA MAMU,KEMEJA FORMAL ABU TUA PJG L,0,1,0,0,88170,88170,88170
Agu-2026,MAMU MAKASSAR,KEMEJA MAMU,KEMEJA FORMAL ABU TUA PJG L,88170,0,0,0,88170,0,88170
Jan-2026,MAMU MAKASSAR,KEMEJA MAMU,KEMEJA FORMAL ABU TUA PJG M,88170,0,0,0,88170,0,0
Mar-2026,MAMU MAKASSAR,KEMEJA MAMU,KEMEJA FORMAL ABU TUA PJG M,88170,0,0,0,88170,0,0
Jan-2026,MAMU MAKASSAR,KEMEJA MAMU,KEMEJA FORMAL ABU TUA PJG S,88170,0,0,0,88170,0,0
Jan-2026,MAMU MAKASSAR,KEMEJA MAMU,KEMEJA FORMAL ABU TUA PJG XL,0,2,0,0,88170,176340,0
Feb-2026,MAMU MAKASSAR,KEMEJA MAMU,KEMEJA FORMAL ABU TUA PJG XL,176340,0,0,0,88170,0,176340
Jan-2026,MAMU MAKASSAR,KEMEJA MAMU,KEMEJA FORMAL BURGUNDY PDK L,75170,0,0,0,75170,0,0
Agu-2026,MAMU MAKASSAR,KEMEJA MAMU,KEMEJA FORMAL BURGUNDY PDK S,75170,0,0,0,75170,0,0
Jan-2026,MAMU MAKASSAR,KEMEJA MAMU,KEMEJA FORMAL BURGUNDY PJG 2XL,0,1,0,0,88170,88170,0
Feb-2026,MAMU MAKASSAR,KEMEJA MAMU,KEMEJA FORMAL BURGUNDY PJG 2XL,88170,0,0,0,88170,0,88170
Jan-2026,MAMU MAKASSAR,KEMEJA MAMU,KEMEJA FORMAL BURGUNDY PJG L,0,7,0,0,88170,617190,0
Feb-2026,MAMU MAKASSAR,KEMEJA MAMU,KEMEJA FORMAL BURGUNDY PJG L,88170,6,0,0,88170,529020,617190
Mar-2026,MAMU MAKASSAR,KEMEJA MAMU,KEMEJA FORMAL BURGUNDY PJG L,264510,2,0,0,88170,176340,529020
Apr-2026,MAMU MAKASSAR,KEMEJA MAMU,KEMEJA FORMAL BURGUNDY PJG L,88170,3,0,0,88170,264510,176340
Mei-2026,MAMU MAKASSAR,KEMEJA MAMU,KEMEJA FORMAL BURGUNDY PJG L,0,3,0,0,88170,264510,264510
Jun-2026,MAMU MAKASSAR,KEMEJA MAMU,KEMEJA FORMAL BURGUNDY PJG L,176340,1,0,0,88170,88170,264510
Jul-2026,MAMU MAKASSAR,KEMEJA MAMU,KEMEJA FORMAL BURGUNDY PJG L,0,1,0,0,88170,88170,88170
Agu-2026,MAMU MAKASSAR,KEMEJA MAMU,KEMEJA FORMAL BURGUNDY PJG L,88170,0,0,0,88170,0,88170
Jan-2026,MAMU MAKASSAR,KEMEJA MAMU,KEMEJA FORMAL BURGUNDY PJG M,88170,0,0,0,88170,0,0
Apr-2026,MAMU MAKASSAR,KEMEJA MAMU,KEMEJA FORMAL BURGUNDY PJG M,176340,2,0,0,88170,176340,0
Mei-2026,MAMU MAKASSAR,KEMEJA MAMU,KEMEJA FORMAL BURGUNDY PJG M,0,0,0,0,88170,0,176340
Jan-2026,MAMU MAKASSAR,KEMEJA MAMU,KEMEJA FORMAL BURGUNDY PJG S,88170,0,0,0,88170,0,0
Jan-2026,MAMU MAKASSAR,KEMEJA MAMU,KEMEJA FORMAL BURGUNDY PJG XL,176340,0,0,0,88170,0,0
Apr-2026,MAMU MAKASSAR,KEMEJA MAMU,KEMEJA FORMAL BURGUNDY PJG XL,0,1,0,0,88170,88170,0
Mei-2026,MAMU MAKASSAR,KEMEJA MAMU,KEMEJA FORMAL BURGUNDY PJG XL,0,1,0,0,88170,88170,88170
Jun-2026,MAMU MAKASSAR,KEMEJA MAMU,KEMEJA FORMAL BURGUNDY PJG XL,88170,0,0,0,88170,0,88170
Mei-2026,MAMU MAKASSAR,KEMEJA MAMU,KEMEJA FORMAL COKLAT TUA PDK 2XL,145846,1,0,0,159000,159000,0
Jun-2026,MAMU MAKASSAR,KEMEJA MAMU,KEMEJA FORMAL COKLAT TUA PDK 2XL,72923,0,0,0,159000,0,159000
Mei-2026,MAMU MAKASSAR,KEMEJA MAMU,KEMEJA FORMAL COKLAT TUA PDK L,291692,6,0,0,159000,954000,0
Jun-2026,MAMU MAKASSAR,KEMEJA MAMU,KEMEJA FORMAL COKLAT TUA PDK L,364617,6,0,0,159000,954000,954000
Jul-2026,MAMU MAKASSAR,KEMEJA MAMU,KEMEJA FORMAL COKLAT TUA PDK L,72924,5,0,0,159000,795000,954000
Agu-2026,MAMU MAKASSAR,KEMEJA MAMU,KEMEJA FORMAL COKLAT TUA PDK L,364620,5,0,0,159000,795000,795000
Sep-2026,MAMU MAKASSAR,KEMEJA MAMU,KEMEJA FORMAL COKLAT TUA PDK L,218772,4,0,0,159000,636000,795000
Okt-2026,MAMU MAKASSAR,KEMEJA MAMU,KEMEJA FORMAL COKLAT TUA PDK L,0,4,0,0,159000,636000,636000
Mei-2026,MAMU MAKASSAR,KEMEJA MAMU,KEMEJA FORMAL COKLAT TUA PDK M,145846,10,0,0,159000,1590000,0
Jun-2026,MAMU MAKASSAR,KEMEJA MAMU,KEMEJA FORMAL COKLAT TUA PDK M,72923,7,0,0,159000,1113000,1590000
Jul-2026,MAMU MAKASSAR,KEMEJA MAMU,KEMEJA FORMAL COKLAT TUA PDK M,72923,7,0,0,159000,1113000,1113000
Agu-2026,MAMU MAKASSAR,KEMEJA MAMU,KEMEJA FORMAL COKLAT TUA PDK M,437538,5,0,0,159000,795000,1113000
Sep-2026,MAMU MAKASSAR,KEMEJA MAMU,KEMEJA FORMAL COKLAT TUA PDK M,72925,4,0,0,159000,636000,795000
Okt-2026,MAMU MAKASSAR,KEMEJA MAMU,KEMEJA FORMAL COKLAT TUA PDK M,145850,3,0,0,159000,477000,636000
Mei-2026,MAMU MAKASSAR,KEMEJA MAMU,KEMEJA FORMAL COKLAT TUA PDK S,0,3,0,0,159000,477000,0
Jun-2026,MAMU MAKASSAR,KEMEJA MAMU,KEMEJA FORMAL COKLAT TUA PDK S,145846,1,0,0,159000,159000,477000
Jul-2026,MAMU MAKASSAR,KEMEJA MAMU,KEMEJA FORMAL COKLAT TUA PDK S,72923,0,0,0,159000,0,159000
Mei-2026,MAMU MAKASSAR,KEMEJA MAMU,KEMEJA FORMAL COKLAT TUA PDK XL,72923,9,0,0,159000,1431000,0
Jun-2026,MAMU MAKASSAR,KEMEJA MAMU,KEMEJA FORMAL COKLAT TUA PDK XL,218769,6,0,0,159000,954000,1431000
Jul-2026,MAMU MAKASSAR,KEMEJA MAMU,KEMEJA FORMAL COKLAT TUA PDK XL,364615,5,0,0,159000,795000,954000
Agu-2026,MAMU MAKASSAR,KEMEJA MAMU,KEMEJA FORMAL COKLAT TUA PDK XL,218769,3,0,0,159000,477000,795000
Sep-2026,MAMU MAKASSAR,KEMEJA MAMU,KEMEJA FORMAL COKLAT TUA PDK XL,364615,3,0,0,159000,477000,477000
Okt-2026,MAMU MAKASSAR,KEMEJA MAMU,KEMEJA FORMAL COKLAT TUA PDK XL,145846,0,0,0,159000,0,477000
Mei-2026,MAMU MAKASSAR,KEMEJA MAMU,KEMEJA FORMAL COKLAT TUA PJG 2XL,85923,2,0,0,189000,378000,0
Jun-2026,MAMU MAKASSAR,KEMEJA MAMU,KEMEJA FORMAL COKLAT TUA PJG 2XL,0,2,0,0,189000,378000,378000
Jul-2026,MAMU MAKASSAR,KEMEJA MAMU,KEMEJA FORMAL COKLAT TUA PJG 2XL,171846,1,0,0,189000,189000,378000
Agu-2026,MAMU MAKASSAR,KEMEJA MAMU,KEMEJA FORMAL COKLAT TUA PJG 2XL,0,0,0,0,189000,0,189000
Mei-2026,MAMU MAKASSAR,KEMEJA MAMU,KEMEJA FORMAL COKLAT TUA PJG L,171846,9,0,0,189000,1701000,0
Jun-2026,MAMU MAKASSAR,KEMEJA MAMU,KEMEJA FORMAL COKLAT TUA PJG L,85923,7,0,0,189000,1323000,1701000
Jul-2026,MAMU MAKASSAR,KEMEJA MAMU,KEMEJA FORMAL COKLAT TUA PJG L,343692,3,0,0,189000,567000,1323000
Agu-2026,MAMU MAKASSAR,KEMEJA MAMU,KEMEJA FORMAL COKLAT TUA PJG L,171849,5,0,0,189000,945000,567000
Sep-2026,MAMU MAKASSAR,KEMEJA MAMU,KEMEJA FORMAL COKLAT TUA PJG L,257775,12,0,0,189000,2268000,945000
Okt-2026,MAMU MAKASSAR,KEMEJA MAMU,KEMEJA FORMAL COKLAT TUA PJG L,85925,10,0,0,189000,1890000,2268000
Mei-2026,MAMU MAKASSAR,KEMEJA MAMU,KEMEJA FORMAL COKLAT TUA PJG M,257769,8,0,0,189000,1512000,0
Jun-2026,MAMU MAKASSAR,KEMEJA MAMU,KEMEJA FORMAL COKLAT TUA PJG M,171846,6,0,0,189000,1134000,1512000
Jul-2026,MAMU MAKASSAR,KEMEJA MAMU,KEMEJA FORMAL COKLAT TUA PJG M,257769,5,0,0,189000,945000,1134000
Agu-2026,MAMU MAKASSAR,KEMEJA MAMU,KEMEJA FORMAL COKLAT TUA PJG M,343695,5,0,0,189000,945000,945000
Sep-2026,MAMU MAKASSAR,KEMEJA MAMU,KEMEJA FORMAL COKLAT TUA PJG M,171849,3,0,0,189000,567000,945000
Okt-2026,MAMU MAKASSAR,KEMEJA MAMU,KEMEJA FORMAL COKLAT TUA PJG M,85925,2,0,0,189000,378000,567000
Mei-2026,MAMU MAKASSAR,KEMEJA MAMU,KEMEJA FORMAL COKLAT TUA PJG S,257769,0,0,0,189000,0,0
Mei-2026,MAMU MAKASSAR,KEMEJA MAMU,KEMEJA FORMAL COKLAT TUA PJG XL,343692,7,0,0,189000,1323000,0
Jun-2026,MAMU MAKASSAR,KEMEJA MAMU,KEMEJA FORMAL COKLAT TUA PJG XL,0,6,0,0,189000,1134000,1323000
Jul-2026,MAMU MAKASSAR,KEMEJA MAMU,KEMEJA FORMAL COKLAT TUA PJG XL,257769,5,0,0,189000,945000,1134000
Agu-2026,MAMU MAKASSAR,KEMEJA MAMU,KEMEJA FORMAL COKLAT TUA PJG XL,0,5,0,0,189000,945000,945000
Sep-2026,MAMU MAKASSAR,KEMEJA MAMU,KEMEJA FORMAL COKLAT TUA PJG XL,257776,5,0,0,189000,945000,945000
Okt-2026,MAMU MAKASSAR,KEMEJA MAMU,KEMEJA FORMAL COKLAT TUA PJG XL,171852,4,0,0,189000,756000,945000
Apr-2026,MAMU MAKASSAR,KEMEJA MAMU,KEMEJA FORMAL HITAM PDK 2XL,145908,3,0,0,74214,222642,0
Mei-2026,MAMU MAKASSAR,KEMEJA MAMU,KEMEJA FORMAL HITAM PDK 2XL,218862,0,0,0,74214,0,222642
Mar-2026,MAMU MAKASSAR,KEMEJA MAMU,KEMEJA FORMAL HITAM PDK L,74134,0,0,0,74206,0,0
Apr-2026,MAMU MAKASSAR,KEMEJA MAMU,KEMEJA FORMAL HITAM PDK L,292710,10,0,0,74158,741580,0
Mei-2026,MAMU MAKASSAR,KEMEJA MAMU,KEMEJA FORMAL HITAM PDK L,365290,5,0,0,72993,364965,741580
Jun-2026,MAMU MAKASSAR,KEMEJA MAMU,KEMEJA FORMAL HITAM PDK L,292124,6,0,0,72993,437958,364965
Jul-2026,MAMU MAKASSAR,KEMEJA MAMU,KEMEJA FORMAL HITAM PDK L,73022,10,0,0,72993,729930,437958
Agu-2026,MAMU MAKASSAR,KEMEJA MAMU,KEMEJA FORMAL HITAM PDK L,292050,7,0,0,72993,510951,729930
Sep-2026,MAMU MAKASSAR,KEMEJA MAMU,KEMEJA FORMAL HITAM PDK L,219006,13,0,0,72993,948909,510951
Okt-2026,MAMU MAKASSAR,KEMEJA MAMU,KEMEJA FORMAL HITAM PDK L,146004,11,0,0,72993,802923,948909
Jan-2026,MAMU MAKASSAR,KEMEJA MAMU,KEMEJA FORMAL HITAM PDK M,371070,0,0,0,74214,0,0
Apr-2026,MAMU MAKASSAR,KEMEJA MAMU,KEMEJA FORMAL HITAM PDK M,146040,11,0,0,74154,815694,0
Mei-2026,MAMU MAKASSAR,KEMEJA MAMU,KEMEJA FORMAL HITAM PDK M,365100,6,0,0,72991,437946,815694
Jun-2026,MAMU MAKASSAR,KEMEJA MAMU,KEMEJA FORMAL HITAM PDK M,219060,3,0,0,72991,218973,437946
Jul-2026,MAMU MAKASSAR,KEMEJA MAMU,KEMEJA FORMAL HITAM PDK M,146040,9,0,0,72991,656919,218973
Agu-2026,MAMU MAKASSAR,KEMEJA MAMU,KEMEJA FORMAL HITAM PDK M,219003,8,0,0,72991,583928,656919
Sep-2026,MAMU MAKASSAR,KEMEJA MAMU,KEMEJA FORMAL HITAM PDK M,72998,15,0,0,72991,1094865,583928
Okt-2026,MAMU MAKASSAR,KEMEJA MAMU,KEMEJA FORMAL HITAM PDK M,72998,14,0,0,72991,1021874,1094865
Apr-2026,MAMU MAKASSAR,KEMEJA MAMU,KEMEJA FORMAL HITAM PDK S,72954,3,0,0,74214,222642,0
Mei-2026,MAMU MAKASSAR,KEMEJA MAMU,KEMEJA FORMAL HITAM PDK S,72954,2,0,0,72954,145908,222642
Jun-2026,MAMU MAKASSAR,KEMEJA MAMU,KEMEJA FORMAL HITAM PDK S,145908,0,0,0,74214,0,145908
Apr-2026,MAMU MAKASSAR,KEMEJA MAMU,KEMEJA FORMAL HITAM PDK XL,218862,8,0,0,73987,591896,0
Mei-2026,MAMU MAKASSAR,KEMEJA MAMU,KEMEJA FORMAL HITAM PDK XL,218862,4,0,0,72991,291964,591896
Jun-2026,MAMU MAKASSAR,KEMEJA MAMU,KEMEJA FORMAL HITAM PDK XL,218908,6,0,0,72991,437946,291964
Jul-2026,MAMU MAKASSAR,KEMEJA MAMU,KEMEJA FORMAL HITAM PDK XL,291914,4,0,0,72991,291964,437946
Agu-2026,MAMU MAKASSAR,KEMEJA MAMU,KEMEJA FORMAL HITAM PDK XL,291944,5,0,0,72991,364955,291964
Sep-2026,MAMU MAKASSAR,KEMEJA MAMU,KEMEJA FORMAL HITAM PDK XL,72990,13,0,0,72991,948883,364955
Okt-2026,MAMU MAKASSAR,KEMEJA MAMU,KEMEJA FORMAL HITAM PDK XL,218970,10,0,0,72991,729910,948883
Jan-2026,MAMU MAKASSAR,KEMEJA MAMU,KEMEJA FORMAL HITAM PJG 2XL,86797,0,0,0,87214,0,0
Apr-2026,MAMU MAKASSAR,KEMEJA MAMU,KEMEJA FORMAL HITAM PJG 2XL,0,5,0,0,87214,436070,0
Mei-2026,MAMU MAKASSAR,KEMEJA MAMU,KEMEJA FORMAL HITAM PJG 2XL,429770,0,0,0,87214,0,436070
Jan-2026,MAMU MAKASSAR,KEMEJA MAMU,KEMEJA FORMAL HITAM PJG L,87052,8,0,0,87185,697480,0
Feb-2026,MAMU MAKASSAR,KEMEJA MAMU,KEMEJA FORMAL HITAM PJG L,609364,1,0,0,87185,87185,697480
Mar-2026,MAMU MAKASSAR,KEMEJA MAMU,KEMEJA FORMAL HITAM PJG L,174148,1,0,0,87110,87110,87185
Apr-2026,MAMU MAKASSAR,KEMEJA MAMU,KEMEJA FORMAL HITAM PJG L,259598,12,0,0,87110,1045320,87110
Mei-2026,MAMU MAKASSAR,KEMEJA MAMU,KEMEJA FORMAL HITAM PJG L,344600,7,0,0,86028,602196,1045320
Jun-2026,MAMU MAKASSAR,KEMEJA MAMU,KEMEJA FORMAL HITAM PJG L,430674,7,0,0,86028,602196,602196
Jul-2026,MAMU MAKASSAR,KEMEJA MAMU,KEMEJA FORMAL HITAM PJG L,344314,10,0,0,86028,860280,602196
Agu-2026,MAMU MAKASSAR,KEMEJA MAMU,KEMEJA FORMAL HITAM PJG L,344296,5,0,0,86028,430140,860280
Sep-2026,MAMU MAKASSAR,KEMEJA MAMU,KEMEJA FORMAL HITAM PJG L,86047,13,0,0,86028,1118364,430140
Okt-2026,MAMU MAKASSAR,KEMEJA MAMU,KEMEJA FORMAL HITAM PJG L,258141,10,0,0,86028,860280,1118364
Jan-2026,MAMU MAKASSAR,KEMEJA MAMU,KEMEJA FORMAL HITAM PJG M,261057,1,0,0,87214,87214,0
Feb-2026,MAMU MAKASSAR,KEMEJA MAMU,KEMEJA FORMAL HITAM PJG M,87019,0,0,0,87214,0,87214
Mar-2026,MAMU MAKASSAR,KEMEJA MAMU,KEMEJA FORMAL HITAM PJG M,87121,0,0,0,87214,0,0
Apr-2026,MAMU MAKASSAR,KEMEJA MAMU,KEMEJA FORMAL HITAM PJG M,173227,13,0,0,87183,1133379,0
Mei-2026,MAMU MAKASSAR,KEMEJA MAMU,KEMEJA FORMAL HITAM PJG M,172088,9,0,0,85993,773937,1133379
Jun-2026,MAMU MAKASSAR,KEMEJA MAMU,KEMEJA FORMAL HITAM PJG M,516264,3,0,0,85993,257979,773937
Jul-2026,MAMU MAKASSAR,KEMEJA MAMU,KEMEJA FORMAL HITAM PJG M,172088,8,0,0,85993,687944,257979
Agu-2026,MAMU MAKASSAR,KEMEJA MAMU,KEMEJA FORMAL HITAM PJG M,86019,7,0,0,85993,601951,687944
Sep-2026,MAMU MAKASSAR,KEMEJA MAMU,KEMEJA FORMAL HITAM PJG M,172008,14,0,0,85993,1203902,601951
Okt-2026,MAMU MAKASSAR,KEMEJA MAMU,KEMEJA FORMAL HITAM PJG M,258012,11,0,0,85993,945923,1203902
Apr-2026,MAMU MAKASSAR,KEMEJA MAMU,KEMEJA FORMAL HITAM PJG S,0,5,0,0,87214,436070,0
Mei-2026,MAMU MAKASSAR,KEMEJA MAMU,KEMEJA FORMAL HITAM PJG S,257862,2,0,0,85954,171908,436070
Jun-2026,MAMU MAKASSAR,KEMEJA MAMU,KEMEJA FORMAL HITAM PJG S,171908,0,0,0,87214,0,171908
Apr-2026,MAMU MAKASSAR,KEMEJA MAMU,KEMEJA FORMAL HITAM PJG XL,0,13,0,0,87214,1133782,0
Mei-2026,MAMU MAKASSAR,KEMEJA MAMU,KEMEJA FORMAL HITAM PJG XL,429770,6,0,0,85989,515934,1133782
Jun-2026,MAMU MAKASSAR,KEMEJA MAMU,KEMEJA FORMAL HITAM PJG XL,171908,4,0,0,85989,343956,515934
Jul-2026,MAMU MAKASSAR,KEMEJA MAMU,KEMEJA FORMAL HITAM PJG XL,257896,7,0,0,85989,601923,343956
Agu-2026,MAMU MAKASSAR,KEMEJA MAMU,KEMEJA FORMAL HITAM PJG XL,257908,6,0,0,85989,515934,601923
Sep-2026,MAMU MAKASSAR,KEMEJA MAMU,KEMEJA FORMAL HITAM PJG XL,0,14,0,0,85989,1203846,515934
Okt-2026,MAMU MAKASSAR,KEMEJA MAMU,KEMEJA FORMAL HITAM PJG XL,171960,12,0,0,85989,1031868,1203846
Jan-2026,MAMU MAKASSAR,KEMEJA MAMU,KEMEJA FORMAL LIGHT BROWN PDK 2XL,75170,0,0,0,75170,0,0
Feb-2026,MAMU MAKASSAR,KEMEJA MAMU,KEMEJA FORMAL LIGHT BROWN PDK 2XL,0,5,0,0,72928,364640,0
Mar-2026,MAMU MAKASSAR,KEMEJA MAMU,KEMEJA FORMAL LIGHT BROWN PDK 2XL,291712,0,0,0,75170,0,364640
Feb-2026,MAMU MAKASSAR,KEMEJA MAMU,KEMEJA FORMAL LIGHT BROWN PDK L,0,10,0,0,72928,729280,0
Mar-2026,MAMU MAKASSAR,KEMEJA MAMU,KEMEJA FORMAL LIGHT BROWN PDK L,948169,22,0,0,72953,1604966,729280
Apr-2026,MAMU MAKASSAR,KEMEJA MAMU,KEMEJA FORMAL LIGHT BROWN PDK L,72953,15,0,0,72953,1094295,1604966
Mei-2026,MAMU MAKASSAR,KEMEJA MAMU,KEMEJA FORMAL LIGHT BROWN PDK L,291812,12,0,0,72953,875436,1094295
Jun-2026,MAMU MAKASSAR,KEMEJA MAMU,KEMEJA FORMAL LIGHT BROWN PDK L,364765,6,0,0,72953,437718,875436
Jul-2026,MAMU MAKASSAR,KEMEJA MAMU,KEMEJA FORMAL LIGHT BROWN PDK L,364765,3,0,0,72953,218859,437718
Agu-2026,MAMU MAKASSAR,KEMEJA MAMU,KEMEJA FORMAL LIGHT BROWN PDK L,0,1,0,0,72953,72953,218859
Sep-2026,MAMU MAKASSAR,KEMEJA MAMU,KEMEJA FORMAL LIGHT BROWN PDK L,0,0,0,0,72953,0,72953
Feb-2026,MAMU MAKASSAR,KEMEJA MAMU,KEMEJA FORMAL LIGHT BROWN PDK M,72928,10,0,0,72928,729280,0
Mar-2026,MAMU MAKASSAR,KEMEJA MAMU,KEMEJA FORMAL LIGHT BROWN PDK M,1094214,19,0,0,72970,1386430,729280
Apr-2026,MAMU MAKASSAR,KEMEJA MAMU,KEMEJA FORMAL LIGHT BROWN PDK M,291880,9,0,0,72970,656730,1386430
Mei-2026,MAMU MAKASSAR,KEMEJA MAMU,KEMEJA FORMAL LIGHT BROWN PDK M,0,9,0,0,72970,656730,656730
Jun-2026,MAMU MAKASSAR,KEMEJA MAMU,KEMEJA FORMAL LIGHT BROWN PDK M,218910,6,0,0,72970,437820,656730
Jul-2026,MAMU MAKASSAR,KEMEJA MAMU,KEMEJA FORMAL LIGHT BROWN PDK M,145940,4,0,0,72970,291880,437820
Agu-2026,MAMU MAKASSAR,KEMEJA MAMU,KEMEJA FORMAL LIGHT BROWN PDK M,218910,1,0,0,72970,72970,291880
Sep-2026,MAMU MAKASSAR,KEMEJA MAMU,KEMEJA FORMAL LIGHT BROWN PDK M,72970,1,0,0,72970,72970,72970
Okt-2026,MAMU MAKASSAR,KEMEJA MAMU,KEMEJA FORMAL LIGHT BROWN PDK M,0,0,0,0,72970,0,72970
Feb-2026,MAMU MAKASSAR,KEMEJA MAMU,KEMEJA FORMAL LIGHT BROWN PDK S,0,5,0,0,72928,364640,0
Mar-2026,MAMU MAKASSAR,KEMEJA MAMU,KEMEJA FORMAL LIGHT BROWN PDK S,145856,0,0,0,72928,0,364640
Feb-2026,MAMU MAKASSAR,KEMEJA MAMU,KEMEJA FORMAL LIGHT BROWN PDK XL,0,5,0,0,72928,364640,0
Mar-2026,MAMU MAKASSAR,KEMEJA MAMU,KEMEJA FORMAL LIGHT BROWN PDK XL,656572,21,0,0,72972,1532412,364640
Apr-2026,MAMU MAKASSAR,KEMEJA MAMU,KEMEJA FORMAL LIGHT BROWN PDK XL,145944,15,0,0,72979,1094685,1532412
Mei-2026,MAMU MAKASSAR,KEMEJA MAMU,KEMEJA FORMAL LIGHT BROWN PDK XL,218916,12,0,0,72979,875748,1094685
Jun-2026,MAMU MAKASSAR,KEMEJA MAMU,KEMEJA FORMAL LIGHT BROWN PDK XL,218916,9,0,0,72979,656811,875748
Jul-2026,MAMU MAKASSAR,KEMEJA MAMU,KEMEJA FORMAL LIGHT BROWN PDK XL,218916,6,0,0,72979,437874,656811
Agu-2026,MAMU MAKASSAR,KEMEJA MAMU,KEMEJA FORMAL LIGHT BROWN PDK XL,72972,5,0,0,72979,364895,437874
Sep-2026,MAMU MAKASSAR,KEMEJA MAMU,KEMEJA FORMAL LIGHT BROWN PDK XL,364860,0,0,0,75170,0,364895
Feb-2026,MAMU MAKASSAR,KEMEJA MAMU,KEMEJA FORMAL LIGHT BROWN PJG 2XL,0,5,0,0,85928,429640,0
Mar-2026,MAMU MAKASSAR,KEMEJA MAMU,KEMEJA FORMAL LIGHT BROWN PJG 2XL,171856,0,0,0,88170,0,429640
Jan-2026,MAMU MAKASSAR,KEMEJA MAMU,KEMEJA FORMAL LIGHT BROWN PJG L,88170,2,0,0,88170,176340,0
Feb-2026,MAMU MAKASSAR,KEMEJA MAMU,KEMEJA FORMAL LIGHT BROWN PJG L,176340,25,0,0,85928,2148200,176340
Mar-2026,MAMU MAKASSAR,KEMEJA MAMU,KEMEJA FORMAL LIGHT BROWN PJG L,515568,28,0,0,85957,2406796,2148200
Apr-2026,MAMU MAKASSAR,KEMEJA MAMU,KEMEJA FORMAL LIGHT BROWN PJG L,85939,23,0,0,85957,1977011,2406796
Mei-2026,MAMU MAKASSAR,KEMEJA MAMU,KEMEJA FORMAL LIGHT BROWN PJG L,0,10,0,0,85957,859570,1977011
Jun-2026,MAMU MAKASSAR,KEMEJA MAMU,KEMEJA FORMAL LIGHT BROWN PJG L,171878,8,0,0,85957,687656,859570
Jul-2026,MAMU MAKASSAR,KEMEJA MAMU,KEMEJA FORMAL LIGHT BROWN PJG L,0,8,0,0,85957,687656,687656
Agu-2026,MAMU MAKASSAR,KEMEJA MAMU,KEMEJA FORMAL LIGHT BROWN PJG L,85939,7,0,0,85957,601699,687656
Sep-2026,MAMU MAKASSAR,KEMEJA MAMU,KEMEJA FORMAL LIGHT BROWN PJG L,85939,6,0,0,85957,515742,601699
Okt-2026,MAMU MAKASSAR,KEMEJA MAMU,KEMEJA FORMAL LIGHT BROWN PJG L,0,6,0,0,85957,515742,515742
Jan-2026,MAMU MAKASSAR,KEMEJA MAMU,KEMEJA FORMAL LIGHT BROWN PJG M,440850,1,0,0,88170,88170,0
Feb-2026,MAMU MAKASSAR,KEMEJA MAMU,KEMEJA FORMAL LIGHT BROWN PJG M,88170,20,0,0,85928,1718560,88170
Mar-2026,MAMU MAKASSAR,KEMEJA MAMU,KEMEJA FORMAL LIGHT BROWN PJG M,773352,21,0,0,85979,1805559,1718560
Apr-2026,MAMU MAKASSAR,KEMEJA MAMU,KEMEJA FORMAL LIGHT BROWN PJG M,257916,16,0,0,85979,1375664,1805559
Mei-2026,MAMU MAKASSAR,KEMEJA MAMU,KEMEJA FORMAL LIGHT BROWN PJG M,0,15,0,0,85979,1289685,1375664
Jun-2026,MAMU MAKASSAR,KEMEJA MAMU,KEMEJA FORMAL LIGHT BROWN PJG M,171944,13,0,0,85979,1117727,1289685
Jul-2026,MAMU MAKASSAR,KEMEJA MAMU,KEMEJA FORMAL LIGHT BROWN PJG M,85972,13,0,0,85979,1117727,1117727
Agu-2026,MAMU MAKASSAR,KEMEJA MAMU,KEMEJA FORMAL LIGHT BROWN PJG M,85972,11,0,0,85979,945769,1117727
Sep-2026,MAMU MAKASSAR,KEMEJA MAMU,KEMEJA FORMAL LIGHT BROWN PJG M,85972,10,0,0,85979,859790,945769
Okt-2026,MAMU MAKASSAR,KEMEJA MAMU,KEMEJA FORMAL LIGHT BROWN PJG M,257916,7,0,0,85979,601853,859790
Feb-2026,MAMU MAKASSAR,KEMEJA MAMU,KEMEJA FORMAL LIGHT BROWN PJG S,0,5,0,0,85928,429640,0
Mar-2026,MAMU MAKASSAR,KEMEJA MAMU,KEMEJA FORMAL LIGHT BROWN PJG S,171856,0,0,0,88170,0,429640
Jan-2026,MAMU MAKASSAR,KEMEJA MAMU,KEMEJA FORMAL LIGHT BROWN PJG XL,352680,0,0,0,88170,0,0
Feb-2026,MAMU MAKASSAR,KEMEJA MAMU,KEMEJA FORMAL LIGHT BROWN PJG XL,0,15,0,0,85928,1288920,0
Mar-2026,MAMU MAKASSAR,KEMEJA MAMU,KEMEJA FORMAL LIGHT BROWN PJG XL,515568,24,0,0,85974,2063376,1288920
Apr-2026,MAMU MAKASSAR,KEMEJA MAMU,KEMEJA FORMAL LIGHT BROWN PJG XL,0,22,0,0,85974,1891428,2063376
Mei-2026,MAMU MAKASSAR,KEMEJA MAMU,KEMEJA FORMAL LIGHT BROWN PJG XL,171918,8,0,0,85974,687792,1891428
Jun-2026,MAMU MAKASSAR,KEMEJA MAMU,KEMEJA FORMAL LIGHT BROWN PJG XL,0,8,0,0,85974,687792,687792
Jul-2026,MAMU MAKASSAR,KEMEJA MAMU,KEMEJA FORMAL LIGHT BROWN PJG XL,85959,8,0,0,85974,687792,687792
Agu-2026,MAMU MAKASSAR,KEMEJA MAMU,KEMEJA FORMAL LIGHT BROWN PJG XL,171918,7,0,0,85974,601818,687792
Sep-2026,MAMU MAKASSAR,KEMEJA MAMU,KEMEJA FORMAL LIGHT BROWN PJG XL,0,5,0,0,85974,429870,601818
Okt-2026,MAMU MAKASSAR,KEMEJA MAMU,KEMEJA FORMAL LIGHT BROWN PJG XL,257877,2,0,0,85974,171948,429870
Jan-2026,MAMU MAKASSAR,KEMEJA MAMU,KEMEJA FORMAL NAVY PDK 2XL,73797,0,0,0,77095,0,0
Feb-2026,MAMU MAKASSAR,KEMEJA MAMU,KEMEJA FORMAL NAVY PDK 2XL,0,5,0,0,77095,385475,0
Mar-2026,MAMU MAKASSAR,KEMEJA MAMU,KEMEJA FORMAL NAVY PDK 2XL,154190,0,0,0,77095,0,385475
Feb-2026,MAMU MAKASSAR,KEMEJA MAMU,KEMEJA FORMAL NAVY PDK L,0,10,0,0,77095,770950,0
Mar-2026,MAMU MAKASSAR,KEMEJA MAMU,KEMEJA FORMAL NAVY PDK L,915548,27,0,0,74217,2003859,770950
Apr-2026,MAMU MAKASSAR,KEMEJA MAMU,KEMEJA FORMAL NAVY PDK L,296868,21,0,0,74217,1558557,2003859
Mei-2026,MAMU MAKASSAR,KEMEJA MAMU,KEMEJA FORMAL NAVY PDK L,148434,13,0,0,74217,964821,1558557
Jun-2026,MAMU MAKASSAR,KEMEJA MAMU,KEMEJA FORMAL NAVY PDK L,74217,12,0,0,74217,890604,964821
Jul-2026,MAMU MAKASSAR,KEMEJA MAMU,KEMEJA FORMAL NAVY PDK L,0,12,0,0,74217,890604,890604
Agu-2026,MAMU MAKASSAR,KEMEJA MAMU,KEMEJA FORMAL NAVY PDK L,74217,12,0,0,74217,890604,890604
Sep-2026,MAMU MAKASSAR,KEMEJA MAMU,KEMEJA FORMAL NAVY PDK L,148434,9,0,0,74217,667953,890604
Okt-2026,MAMU MAKASSAR,KEMEJA MAMU,KEMEJA FORMAL NAVY PDK L,148434,7,0,0,74217,519519,667953
Feb-2026,MAMU MAKASSAR,KEMEJA MAMU,KEMEJA FORMAL NAVY PDK M,0,10,0,0,77095,770950,0
Mar-2026,MAMU MAKASSAR,KEMEJA MAMU,KEMEJA FORMAL NAVY PDK M,1066710,20,0,0,73940,1478800,770950
Apr-2026,MAMU MAKASSAR,KEMEJA MAMU,KEMEJA FORMAL NAVY PDK M,147880,18,0,0,73940,1330920,1478800
Mei-2026,MAMU MAKASSAR,KEMEJA MAMU,KEMEJA FORMAL NAVY PDK M,73940,15,0,0,73940,1109100,1330920
Jun-2026,MAMU MAKASSAR,KEMEJA MAMU,KEMEJA FORMAL NAVY PDK M,147880,13,0,0,73940,961220,1109100
Jul-2026,MAMU MAKASSAR,KEMEJA MAMU,KEMEJA FORMAL NAVY PDK M,73940,12,0,0,73940,887280,961220
Agu-2026,MAMU MAKASSAR,KEMEJA MAMU,KEMEJA FORMAL NAVY PDK M,0,12,0,0,73940,887280,887280
Sep-2026,MAMU MAKASSAR,KEMEJA MAMU,KEMEJA FORMAL NAVY PDK M,73940,11,0,0,73940,813340,887280
Okt-2026,MAMU MAKASSAR,KEMEJA MAMU,KEMEJA FORMAL NAVY PDK M,73940,10,0,0,73940,739400,813340
Feb-2026,MAMU MAKASSAR,KEMEJA MAMU,KEMEJA FORMAL NAVY PDK S,77095,5,0,0,77095,385475,0
Mar-2026,MAMU MAKASSAR,KEMEJA MAMU,KEMEJA FORMAL NAVY PDK S,77095,0,0,0,73797,0,385475
Feb-2026,MAMU MAKASSAR,KEMEJA MAMU,KEMEJA FORMAL NAVY PDK XL,154190,4,0,0,77095,308380,0
Mar-2026,MAMU MAKASSAR,KEMEJA MAMU,KEMEJA FORMAL NAVY PDK XL,679420,23,0,0,74208,1706784,308380
Apr-2026,MAMU MAKASSAR,KEMEJA MAMU,KEMEJA FORMAL NAVY PDK XL,222624,20,0,0,74208,1484160,1706784
Mei-2026,MAMU MAKASSAR,KEMEJA MAMU,KEMEJA FORMAL NAVY PDK XL,74208,14,0,0,74208,1038912,1484160
Jun-2026,MAMU MAKASSAR,KEMEJA MAMU,KEMEJA FORMAL NAVY PDK XL,148416,12,0,0,74208,890496,1038912
Jul-2026,MAMU MAKASSAR,KEMEJA MAMU,KEMEJA FORMAL NAVY PDK XL,148416,11,0,0,74208,816288,890496
Agu-2026,MAMU MAKASSAR,KEMEJA MAMU,KEMEJA FORMAL NAVY PDK XL,0,10,0,0,74208,742080,816288
Sep-2026,MAMU MAKASSAR,KEMEJA MAMU,KEMEJA FORMAL NAVY PDK XL,223410,8,0,0,74208,593664,742080
Okt-2026,MAMU MAKASSAR,KEMEJA MAMU,KEMEJA FORMAL NAVY PDK XL,0,8,0,0,74208,593664,593664
Jan-2026,MAMU MAKASSAR,KEMEJA MAMU,KEMEJA FORMAL NAVY PJG 2XL,86797,0,0,0,86797,0,0
Feb-2026,MAMU MAKASSAR,KEMEJA MAMU,KEMEJA FORMAL NAVY PJG 2XL,0,6,0,0,88095,528570,0
Mar-2026,MAMU MAKASSAR,KEMEJA MAMU,KEMEJA FORMAL NAVY PJG 2XL,264285,0,0,0,86797,0,528570
Jan-2026,MAMU MAKASSAR,KEMEJA MAMU,KEMEJA FORMAL NAVY PJG L,173594,0,0,0,86797,0,0
Feb-2026,MAMU MAKASSAR,KEMEJA MAMU,KEMEJA FORMAL NAVY PJG L,0,20,0,0,88095,1761900,0
Mar-2026,MAMU MAKASSAR,KEMEJA MAMU,KEMEJA FORMAL NAVY PJG L,1232039,27,0,0,86580,2337660,1761900
Apr-2026,MAMU MAKASSAR,KEMEJA MAMU,KEMEJA FORMAL NAVY PJG L,347216,23,0,0,86580,1991340,2337660
Mei-2026,MAMU MAKASSAR,KEMEJA MAMU,KEMEJA FORMAL NAVY PJG L,0,15,0,0,86580,1298700,1991340
Jun-2026,MAMU MAKASSAR,KEMEJA MAMU,KEMEJA FORMAL NAVY PJG L,2258282,2,0,0,86580,173160,1298700
Jul-2026,MAMU MAKASSAR,KEMEJA MAMU,KEMEJA FORMAL NAVY PJG L,86857,7,0,0,86580,606060,173160
Agu-2026,MAMU MAKASSAR,KEMEJA MAMU,KEMEJA FORMAL NAVY PJG L,86857,6,0,0,86580,519480,606060
Sep-2026,MAMU MAKASSAR,KEMEJA MAMU,KEMEJA FORMAL NAVY PJG L,86857,6,0,0,86580,519480,519480
Okt-2026,MAMU MAKASSAR,KEMEJA MAMU,KEMEJA FORMAL NAVY PJG L,86857,5,0,0,86580,432900,519480
Jan-2026,MAMU MAKASSAR,KEMEJA MAMU,KEMEJA FORMAL NAVY PJG M,86797,0,0,0,86797,0,0
Feb-2026,MAMU MAKASSAR,KEMEJA MAMU,KEMEJA FORMAL NAVY PJG M,88095,16,0,0,88095,1409520,0
Mar-2026,MAMU MAKASSAR,KEMEJA MAMU,KEMEJA FORMAL NAVY PJG M,704760,23,0,0,85993,1977839,1409520
Apr-2026,MAMU MAKASSAR,KEMEJA MAMU,KEMEJA FORMAL NAVY PJG M,172255,17,0,0,85993,1461881,1977839
Mei-2026,MAMU MAKASSAR,KEMEJA MAMU,KEMEJA FORMAL NAVY PJG M,86171,15,0,0,85993,1289895,1461881
Jun-2026,MAMU MAKASSAR,KEMEJA MAMU,KEMEJA FORMAL NAVY PJG M,1383872,2,0,0,85993,171986,1289895
Jul-2026,MAMU MAKASSAR,KEMEJA MAMU,KEMEJA FORMAL NAVY PJG M,86492,2,0,0,85993,171986,171986
Agu-2026,MAMU MAKASSAR,KEMEJA MAMU,KEMEJA FORMAL NAVY PJG M,0,2,0,0,85993,171986,171986
Sep-2026,MAMU MAKASSAR,KEMEJA MAMU,KEMEJA FORMAL NAVY PJG M,172984,1,0,0,85993,85993,171986
Okt-2026,MAMU MAKASSAR,KEMEJA MAMU,KEMEJA FORMAL NAVY PJG M,0,0,0,0,85993,0,85993
Feb-2026,MAMU MAKASSAR,KEMEJA MAMU,KEMEJA FORMAL NAVY PJG S,0,5,0,0,88095,440475,0
Mar-2026,MAMU MAKASSAR,KEMEJA MAMU,KEMEJA FORMAL NAVY PJG S,176190,0,0,0,88095,0,440475
Jan-2026,MAMU MAKASSAR,KEMEJA MAMU,KEMEJA FORMAL NAVY PJG XL,173594,1,0,0,86797,86797,0
Feb-2026,MAMU MAKASSAR,KEMEJA MAMU,KEMEJA FORMAL NAVY PJG XL,0,15,0,0,88095,1321425,86797
Mar-2026,MAMU MAKASSAR,KEMEJA MAMU,KEMEJA FORMAL NAVY PJG XL,528570,29,0,0,86519,2509051,1321425
Apr-2026,MAMU MAKASSAR,KEMEJA MAMU,KEMEJA FORMAL NAVY PJG XL,86962,31,0,0,86519,2682089,2509051
Mei-2026,MAMU MAKASSAR,KEMEJA MAMU,KEMEJA FORMAL NAVY PJG XL,0,10,0,0,86519,865190,2682089
Jun-2026,MAMU MAKASSAR,KEMEJA MAMU,KEMEJA FORMAL NAVY PJG XL,1475250,0,0,0,86797,0,865190
Jul-2026,MAMU MAKASSAR,KEMEJA MAMU,KEMEJA FORMAL NAVY PJG XL,0,5,0,0,86519,432595,0
Agu-2026,MAMU MAKASSAR,KEMEJA MAMU,KEMEJA FORMAL NAVY PJG XL,86768,5,0,0,86519,432595,432595
Sep-2026,MAMU MAKASSAR,KEMEJA MAMU,KEMEJA FORMAL NAVY PJG XL,173536,3,0,0,86519,259557,432595
Okt-2026,MAMU MAKASSAR,KEMEJA MAMU,KEMEJA FORMAL NAVY PJG XL,86768,3,0,0,86519,259557,259557
Jan-2026,MAMU MAKASSAR,KEMEJA MAMU,KEMEJA FORMAL OLIVE GREEN PDK 2XL,73797,0,0,0,73797,0,0
Jan-2026,MAMU MAKASSAR,KEMEJA MAMU,KEMEJA FORMAL OLIVE GREEN PDK L,73797,0,0,0,73797,0,0
Jan-2026,MAMU MAKASSAR,KEMEJA MAMU,KEMEJA FORMAL OLIVE GREEN PJG 2XL,86797,0,0,0,86797,0,0
Jan-2026,MAMU MAKASSAR,KEMEJA MAMU,KEMEJA FORMAL OLIVE GREEN PJG L,86797,14,0,0,86797,1215158,0
Feb-2026,MAMU MAKASSAR,KEMEJA MAMU,KEMEJA FORMAL OLIVE GREEN PJG L,173594,12,0,0,86797,1041564,1215158
Mar-2026,MAMU MAKASSAR,KEMEJA MAMU,KEMEJA FORMAL OLIVE GREEN PJG L,433985,4,0,0,86797,347188,1041564
Apr-2026,MAMU MAKASSAR,KEMEJA MAMU,KEMEJA FORMAL OLIVE GREEN PJG L,86797,4,0,0,86797,347188,347188
Mei-2026,MAMU MAKASSAR,KEMEJA MAMU,KEMEJA FORMAL OLIVE GREEN PJG L,0,4,0,0,86797,347188,347188
Jun-2026,MAMU MAKASSAR,KEMEJA MAMU,KEMEJA FORMAL OLIVE GREEN PJG L,0,4,0,0,86797,347188,347188
Jul-2026,MAMU MAKASSAR,KEMEJA MAMU,KEMEJA FORMAL OLIVE GREEN PJG L,173594,2,0,0,86797,173594,347188
Agu-2026,MAMU MAKASSAR,KEMEJA MAMU,KEMEJA FORMAL OLIVE GREEN PJG L,86797,1,0,0,86797,86797,173594
Sep-2026,MAMU MAKASSAR,KEMEJA MAMU,KEMEJA FORMAL OLIVE GREEN PJG L,86797,0,0,0,86797,0,86797
Jan-2026,MAMU MAKASSAR,KEMEJA MAMU,KEMEJA FORMAL OLIVE GREEN PJG M,86797,0,0,0,86797,0,0
Jan-2026,MAMU MAKASSAR,KEMEJA MAMU,KEMEJA FORMAL OLIVE GREEN PJG XL,86797,5,0,0,86797,433985,0
Feb-2026,MAMU MAKASSAR,KEMEJA MAMU,KEMEJA FORMAL OLIVE GREEN PJG XL,86797,3,0,0,86797,260391,433985
Mar-2026,MAMU MAKASSAR,KEMEJA MAMU,KEMEJA FORMAL OLIVE GREEN PJG XL,260391,0,0,0,86797,0,260391
Feb-2026,MAMU MAKASSAR,KEMEJA MAMU,KEMEJA FORMAL STEEL BLUE PDK 2XL,0,4,0,0,77095,308380,0
Mar-2026,MAMU MAKASSAR,KEMEJA MAMU,KEMEJA FORMAL STEEL BLUE PDK 2XL,231285,0,0,0,73797,0,308380
Feb-2026,MAMU MAKASSAR,KEMEJA MAMU,KEMEJA FORMAL STEEL BLUE PDK L,75397,9,0,0,75397,678573,0
Mar-2026,MAMU MAKASSAR,KEMEJA MAMU,KEMEJA FORMAL STEEL BLUE PDK L,904764,7,0,0,75397,527779,678573
Apr-2026,MAMU MAKASSAR,KEMEJA MAMU,KEMEJA FORMAL STEEL BLUE PDK L,301588,2,0,0,75397,150794,527779
Mei-2026,MAMU MAKASSAR,KEMEJA MAMU,KEMEJA FORMAL STEEL BLUE PDK L,75397,1,0,0,75397,75397,150794
Jun-2026,MAMU MAKASSAR,KEMEJA MAMU,KEMEJA FORMAL STEEL BLUE PDK L,0,1,0,0,75397,75397,75397
Jul-2026,MAMU MAKASSAR,KEMEJA MAMU,KEMEJA FORMAL STEEL BLUE PDK L,0,0,0,0,75397,0,75397
Feb-2026,MAMU MAKASSAR,KEMEJA MAMU,KEMEJA FORMAL STEEL BLUE PDK M,0,10,0,0,75283,752830,0
Mar-2026,MAMU MAKASSAR,KEMEJA MAMU,KEMEJA FORMAL STEEL BLUE PDK M,1279811,1,0,0,75283,75283,752830
Apr-2026,MAMU MAKASSAR,KEMEJA MAMU,KEMEJA FORMAL STEEL BLUE PDK M,75283,0,0,0,73797,0,75283
Feb-2026,MAMU MAKASSAR,KEMEJA MAMU,KEMEJA FORMAL STEEL BLUE PDK S,0,6,0,0,77095,462570,0
Mar-2026,MAMU MAKASSAR,KEMEJA MAMU,KEMEJA FORMAL STEEL BLUE PDK S,231285,0,0,0,77095,0,462570
Feb-2026,MAMU MAKASSAR,KEMEJA MAMU,KEMEJA FORMAL STEEL BLUE PDK XL,0,5,0,0,75283,376415,0
Mar-2026,MAMU MAKASSAR,KEMEJA MAMU,KEMEJA FORMAL STEEL BLUE PDK XL,677547,6,0,0,75283,451698,376415
Apr-2026,MAMU MAKASSAR,KEMEJA MAMU,KEMEJA FORMAL STEEL BLUE PDK XL,75283,5,0,0,75283,376415,451698
Mei-2026,MAMU MAKASSAR,KEMEJA MAMU,KEMEJA FORMAL STEEL BLUE PDK XL,0,5,0,0,75283,376415,376415
Jun-2026,MAMU MAKASSAR,KEMEJA MAMU,KEMEJA FORMAL STEEL BLUE PDK XL,150566,3,0,0,75283,225849,376415
Jul-2026,MAMU MAKASSAR,KEMEJA MAMU,KEMEJA FORMAL STEEL BLUE PDK XL,75283,2,0,0,75283,150566,225849
Agu-2026,MAMU MAKASSAR,KEMEJA MAMU,KEMEJA FORMAL STEEL BLUE PDK XL,0,2,0,0,75283,150566,150566
Sep-2026,MAMU MAKASSAR,KEMEJA MAMU,KEMEJA FORMAL STEEL BLUE PDK XL,75283,1,0,0,75283,75283,150566
Okt-2026,MAMU MAKASSAR,KEMEJA MAMU,KEMEJA FORMAL STEEL BLUE PDK XL,0,1,0,0,75283,75283,75283
Jan-2026,MAMU MAKASSAR,KEMEJA MAMU,KEMEJA FORMAL STEEL BLUE PJG 2XL,88053,17,0,0,88053,1496901,0
Feb-2026,MAMU MAKASSAR,KEMEJA MAMU,KEMEJA FORMAL STEEL BLUE PJG 2XL,0,17,0,0,88053,1496901,1496901
Mar-2026,MAMU MAKASSAR,KEMEJA MAMU,KEMEJA FORMAL STEEL BLUE PJG 2XL,88053,11,0,0,88053,968583,1496901
Apr-2026,MAMU MAKASSAR,KEMEJA MAMU,KEMEJA FORMAL STEEL BLUE PJG 2XL,0,8,0,0,88053,704424,968583
Mei-2026,MAMU MAKASSAR,KEMEJA MAMU,KEMEJA FORMAL STEEL BLUE PJG 2XL,88053,7,0,0,88053,616371,704424
Jun-2026,MAMU MAKASSAR,KEMEJA MAMU,KEMEJA FORMAL STEEL BLUE PJG 2XL,-88053,8,0,0,88053,704424,616371
Jul-2026,MAMU MAKASSAR,KEMEJA MAMU,KEMEJA FORMAL STEEL BLUE PJG 2XL,264159,6,0,0,88053,528318,704424
Agu-2026,MAMU MAKASSAR,KEMEJA MAMU,KEMEJA FORMAL STEEL BLUE PJG 2XL,88053,4,0,0,88053,352212,528318
Sep-2026,MAMU MAKASSAR,KEMEJA MAMU,KEMEJA FORMAL STEEL BLUE PJG 2XL,0,4,0,0,88053,352212,352212
Okt-2026,MAMU MAKASSAR,KEMEJA MAMU,KEMEJA FORMAL STEEL BLUE PJG 2XL,0,4,0,0,88053,352212,352212
Jan-2026,MAMU MAKASSAR,KEMEJA MAMU,KEMEJA FORMAL STEEL BLUE PJG L,0,52,0,0,88053,4578756,0
Feb-2026,MAMU MAKASSAR,KEMEJA MAMU,KEMEJA FORMAL STEEL BLUE PJG L,87887,51,0,0,88053,4490703,4578756
Mar-2026,MAMU MAKASSAR,KEMEJA MAMU,KEMEJA FORMAL STEEL BLUE PJG L,527322,36,0,0,87505,3150180,4490703
Apr-2026,MAMU MAKASSAR,KEMEJA MAMU,KEMEJA FORMAL STEEL BLUE PJG L,87855,36,0,0,87505,3150180,3150180
Mei-2026,MAMU MAKASSAR,KEMEJA MAMU,KEMEJA FORMAL STEEL BLUE PJG L,87855,9,0,0,87170,784530,3150180
Jun-2026,MAMU MAKASSAR,KEMEJA MAMU,KEMEJA FORMAL STEEL BLUE PJG L,0,9,0,0,87170,784530,784530
Jul-2026,MAMU MAKASSAR,KEMEJA MAMU,KEMEJA FORMAL STEEL BLUE PJG L,87855,9,0,0,87170,784530,784530
Agu-2026,MAMU MAKASSAR,KEMEJA MAMU,KEMEJA FORMAL STEEL BLUE PJG L,87816,8,0,0,87170,697360,784530
Sep-2026,MAMU MAKASSAR,KEMEJA MAMU,KEMEJA FORMAL STEEL BLUE PJG L,0,17,0,0,87170,1481890,697360
Okt-2026,MAMU MAKASSAR,KEMEJA MAMU,KEMEJA FORMAL STEEL BLUE PJG L,0,17,0,0,87170,1481890,1481890
Jan-2026,MAMU MAKASSAR,KEMEJA MAMU,KEMEJA FORMAL STEEL BLUE PJG M,87965,35,0,0,88053,3081855,0
Feb-2026,MAMU MAKASSAR,KEMEJA MAMU,KEMEJA FORMAL STEEL BLUE PJG M,87965,34,0,0,88053,2993802,3081855
Mar-2026,MAMU MAKASSAR,KEMEJA MAMU,KEMEJA FORMAL STEEL BLUE PJG M,263895,23,0,0,88053,2025219,2993802
Apr-2026,MAMU MAKASSAR,KEMEJA MAMU,KEMEJA FORMAL STEEL BLUE PJG M,87965,22,0,0,88053,1937166,2025219
Mei-2026,MAMU MAKASSAR,KEMEJA MAMU,KEMEJA FORMAL STEEL BLUE PJG M,87965,10,0,0,88053,880530,1937166
Jun-2026,MAMU MAKASSAR,KEMEJA MAMU,KEMEJA FORMAL STEEL BLUE PJG M,0,10,0,0,88053,880530,880530
Jul-2026,MAMU MAKASSAR,KEMEJA MAMU,KEMEJA FORMAL STEEL BLUE PJG M,0,10,0,0,88053,880530,880530
Agu-2026,MAMU MAKASSAR,KEMEJA MAMU,KEMEJA FORMAL STEEL BLUE PJG M,0,10,0,0,88053,880530,880530
Sep-2026,MAMU MAKASSAR,KEMEJA MAMU,KEMEJA FORMAL STEEL BLUE PJG M,0,10,0,0,88053,880530,880530
Okt-2026,MAMU MAKASSAR,KEMEJA MAMU,KEMEJA FORMAL STEEL BLUE PJG M,87965,10,0,0,88053,880530,880530
Jan-2026,MAMU MAKASSAR,KEMEJA MAMU,KEMEJA FORMAL STEEL BLUE PJG S,88007,10,0,0,88053,880530,0
Feb-2026,MAMU MAKASSAR,KEMEJA MAMU,KEMEJA FORMAL STEEL BLUE PJG S,88007,9,0,0,88053,792477,880530
Mar-2026,MAMU MAKASSAR,KEMEJA MAMU,KEMEJA FORMAL STEEL BLUE PJG S,616049,2,0,0,88053,176106,792477
Apr-2026,MAMU MAKASSAR,KEMEJA MAMU,KEMEJA FORMAL STEEL BLUE PJG S,88007,3,0,0,88053,264159,176106
Mei-2026,MAMU MAKASSAR,KEMEJA MAMU,KEMEJA FORMAL STEEL BLUE PJG S,88004,2,0,0,88053,176106,264159
Jun-2026,MAMU MAKASSAR,KEMEJA MAMU,KEMEJA FORMAL STEEL BLUE PJG S,0,2,0,0,88053,176106,176106
Jul-2026,MAMU MAKASSAR,KEMEJA MAMU,KEMEJA FORMAL STEEL BLUE PJG S,0,2,0,0,88053,176106,176106
Agu-2026,MAMU MAKASSAR,KEMEJA MAMU,KEMEJA FORMAL STEEL BLUE PJG S,0,2,0,0,88053,176106,176106
Sep-2026,MAMU MAKASSAR,KEMEJA MAMU,KEMEJA FORMAL STEEL BLUE PJG S,0,2,0,0,88053,176106,176106
Okt-2026,MAMU MAKASSAR,KEMEJA MAMU,KEMEJA FORMAL STEEL BLUE PJG S,0,2,0,0,88053,176106,176106
Jan-2026,MAMU MAKASSAR,KEMEJA MAMU,KEMEJA FORMAL STEEL BLUE PJG XL,175864,39,0,0,88053,3434067,0
Feb-2026,MAMU MAKASSAR,KEMEJA MAMU,KEMEJA FORMAL STEEL BLUE PJG XL,0,39,0,0,88053,3434067,3434067
Mar-2026,MAMU MAKASSAR,KEMEJA MAMU,KEMEJA FORMAL STEEL BLUE PJG XL,263796,35,0,0,88053,3081855,3434067
Apr-2026,MAMU MAKASSAR,KEMEJA MAMU,KEMEJA FORMAL STEEL BLUE PJG XL,87932,34,0,0,88053,2993802,3081855
Mei-2026,MAMU MAKASSAR,KEMEJA MAMU,KEMEJA FORMAL STEEL BLUE PJG XL,87932,9,0,0,88053,792477,2993802
Jun-2026,MAMU MAKASSAR,KEMEJA MAMU,KEMEJA FORMAL STEEL BLUE PJG XL,175864,7,0,0,88053,616371,792477
Jul-2026,MAMU MAKASSAR,KEMEJA MAMU,KEMEJA FORMAL STEEL BLUE PJG XL,175864,6,0,0,88053,528318,616371
Agu-2026,MAMU MAKASSAR,KEMEJA MAMU,KEMEJA FORMAL STEEL BLUE PJG XL,0,5,0,0,88053,440265,528318
Sep-2026,MAMU MAKASSAR,KEMEJA MAMU,KEMEJA FORMAL STEEL BLUE PJG XL,0,15,0,0,88053,1320795,440265
Okt-2026,MAMU MAKASSAR,KEMEJA MAMU,KEMEJA FORMAL STEEL BLUE PJG XL,0,15,0,0,88053,1320795,1320795
Jan-2026,MAMU MAKASSAR,KEMEJA MAMU,KEMEJA FORMAL TOFFEE PDK 2XL,75024,5,0,0,75053,375265,0
Feb-2026,MAMU MAKASSAR,KEMEJA MAMU,KEMEJA FORMAL TOFFEE PDK 2XL,225072,2,0,0,75053,150106,375265
Mar-2026,MAMU MAKASSAR,KEMEJA MAMU,KEMEJA FORMAL TOFFEE PDK 2XL,75024,0,0,0,75053,0,150106
Jan-2026,MAMU MAKASSAR,KEMEJA MAMU,KEMEJA FORMAL TOFFEE PDK L,74999,0,0,0,75053,0,0
Feb-2026,MAMU MAKASSAR,KEMEJA MAMU,KEMEJA FORMAL TOFFEE PDK L,0,15,0,0,75053,1125795,0
Mar-2026,MAMU MAKASSAR,KEMEJA MAMU,KEMEJA FORMAL TOFFEE PDK L,1275901,0,0,0,75053,0,1125795
Mei-2026,MAMU MAKASSAR,KEMEJA MAMU,KEMEJA FORMAL TOFFEE PDK L,0,0,5,0,75053,375265,0
Jun-2026,MAMU MAKASSAR,KEMEJA MAMU,KEMEJA FORMAL TOFFEE PDK L,72998,4,0,0,75053,300212,375265
Jul-2026,MAMU MAKASSAR,KEMEJA MAMU,KEMEJA FORMAL TOFFEE PDK L,0,6,0,0,75053,450318,300212
Agu-2026,MAMU MAKASSAR,KEMEJA MAMU,KEMEJA FORMAL TOFFEE PDK L,437988,0,0,0,75053,0,450318
Sep-2026,MAMU MAKASSAR,KEMEJA MAMU,KEMEJA FORMAL TOFFEE PDK L,211032,22,0,0,75053,1651166,0
Okt-2026,MAMU MAKASSAR,KEMEJA MAMU,KEMEJA FORMAL TOFFEE PDK L,0,22,0,0,75053,1651166,1651166
Jan-2026,MAMU MAKASSAR,KEMEJA MAMU,KEMEJA FORMAL TOFFEE PDK M,525286,2,0,0,74214,148428,0
Feb-2026,MAMU MAKASSAR,KEMEJA MAMU,KEMEJA FORMAL TOFFEE PDK M,149261,15,0,0,74214,1113210,148428
Mar-2026,MAMU MAKASSAR,KEMEJA MAMU,KEMEJA FORMAL TOFFEE PDK M,1113210,0,0,0,74214,0,1113210
Mei-2026,MAMU MAKASSAR,KEMEJA MAMU,KEMEJA FORMAL TOFFEE PDK M,0,0,5,0,74214,371070,0
Jun-2026,MAMU MAKASSAR,KEMEJA MAMU,KEMEJA FORMAL TOFFEE PDK M,72998,4,0,0,74214,296856,371070
Jul-2026,MAMU MAKASSAR,KEMEJA MAMU,KEMEJA FORMAL TOFFEE PDK M,145996,4,0,0,74214,296856,296856
Agu-2026,MAMU MAKASSAR,KEMEJA MAMU,KEMEJA FORMAL TOFFEE PDK M,437988,3,0,0,74214,222642,296856
Sep-2026,MAMU MAKASSAR,KEMEJA MAMU,KEMEJA FORMAL TOFFEE PDK M,72998,12,0,0,74214,890568,222642
Okt-2026,MAMU MAKASSAR,KEMEJA MAMU,KEMEJA FORMAL TOFFEE PDK M,72998,11,0,0,74214,816354,890568
Jan-2026,MAMU MAKASSAR,KEMEJA MAMU,KEMEJA FORMAL TOFFEE PDK S,0,2,0,0,75053,150106,0
Feb-2026,MAMU MAKASSAR,KEMEJA MAMU,KEMEJA FORMAL TOFFEE PDK S,150106,6,0,0,75053,450318,150106
Mar-2026,MAMU MAKASSAR,KEMEJA MAMU,KEMEJA FORMAL TOFFEE PDK S,375265,0,0,0,75053,0,450318
Feb-2026,MAMU MAKASSAR,KEMEJA MAMU,KEMEJA FORMAL TOFFEE PDK XL,75053,5,0,0,75053,375265,0
Mar-2026,MAMU MAKASSAR,KEMEJA MAMU,KEMEJA FORMAL TOFFEE PDK XL,675477,19,0,0,75053,1426007,375265
Apr-2026,MAMU MAKASSAR,KEMEJA MAMU,KEMEJA FORMAL TOFFEE PDK XL,0,16,0,0,75053,1200848,1426007
Mei-2026,MAMU MAKASSAR,KEMEJA MAMU,KEMEJA FORMAL TOFFEE PDK XL,300212,12,0,0,75053,900636,1200848
Jun-2026,MAMU MAKASSAR,KEMEJA MAMU,KEMEJA FORMAL TOFFEE PDK XL,75053,11,0,0,75053,825583,900636
Jul-2026,MAMU MAKASSAR,KEMEJA MAMU,KEMEJA FORMAL TOFFEE PDK XL,225159,8,0,0,75053,600424,825583
Agu-2026,MAMU MAKASSAR,KEMEJA MAMU,KEMEJA FORMAL TOFFEE PDK XL,300212,4,0,0,75053,300212,600424
Sep-2026,MAMU MAKASSAR,KEMEJA MAMU,KEMEJA FORMAL TOFFEE PDK XL,73546,14,0,0,75053,1050742,300212
Okt-2026,MAMU MAKASSAR,KEMEJA MAMU,KEMEJA FORMAL TOFFEE PDK XL,0,14,0,0,75053,1050742,1050742
Jan-2026,MAMU MAKASSAR,KEMEJA MAMU,KEMEJA FORMAL TOFFEE PJG 2XL,264159,14,0,0,88053,1232742,0
Feb-2026,MAMU MAKASSAR,KEMEJA MAMU,KEMEJA FORMAL TOFFEE PJG 2XL,264159,11,0,0,88053,968583,1232742
Mar-2026,MAMU MAKASSAR,KEMEJA MAMU,KEMEJA FORMAL TOFFEE PJG 2XL,880530,2,0,0,88053,176106,968583
Apr-2026,MAMU MAKASSAR,KEMEJA MAMU,KEMEJA FORMAL TOFFEE PJG 2XL,0,2,0,0,88053,176106,176106
Mei-2026,MAMU MAKASSAR,KEMEJA MAMU,KEMEJA FORMAL TOFFEE PJG 2XL,0,2,0,0,88053,176106,176106
Jun-2026,MAMU MAKASSAR,KEMEJA MAMU,KEMEJA FORMAL TOFFEE PJG 2XL,0,2,0,0,88053,176106,176106
Jul-2026,MAMU MAKASSAR,KEMEJA MAMU,KEMEJA FORMAL TOFFEE PJG 2XL,88053,1,0,0,88053,88053,176106
Agu-2026,MAMU MAKASSAR,KEMEJA MAMU,KEMEJA FORMAL TOFFEE PJG 2XL,88053,0,0,0,88053,0,88053
Jan-2026,MAMU MAKASSAR,KEMEJA MAMU,KEMEJA FORMAL TOFFEE PJG L,176194,46,0,0,88053,4050438,0
Feb-2026,MAMU MAKASSAR,KEMEJA MAMU,KEMEJA FORMAL TOFFEE PJG L,176194,44,0,0,88053,3874332,4050438
Mar-2026,MAMU MAKASSAR,KEMEJA MAMU,KEMEJA FORMAL TOFFEE PJG L,1145261,37,0,0,88053,3257961,3874332
Apr-2026,MAMU MAKASSAR,KEMEJA MAMU,KEMEJA FORMAL TOFFEE PJG L,440416,36,0,0,88053,3169908,3257961
Mei-2026,MAMU MAKASSAR,KEMEJA MAMU,KEMEJA FORMAL TOFFEE PJG L,264252,14,0,0,88053,1232742,3169908
Jun-2026,MAMU MAKASSAR,KEMEJA MAMU,KEMEJA FORMAL TOFFEE PJG L,88084,12,0,0,88053,1056636,1232742
Jul-2026,MAMU MAKASSAR,KEMEJA MAMU,KEMEJA FORMAL TOFFEE PJG L,0,12,0,0,88053,1056636,1056636
Agu-2026,MAMU MAKASSAR,KEMEJA MAMU,KEMEJA FORMAL TOFFEE PJG L,440420,7,0,0,88053,616371,1056636
Sep-2026,MAMU MAKASSAR,KEMEJA MAMU,KEMEJA FORMAL TOFFEE PJG L,87218,16,0,0,88053,1408848,616371
Okt-2026,MAMU MAKASSAR,KEMEJA MAMU,KEMEJA FORMAL TOFFEE PJG L,0,16,0,0,88053,1408848,1408848
Jan-2026,MAMU MAKASSAR,KEMEJA MAMU,KEMEJA FORMAL TOFFEE PJG M,175918,32,0,0,88053,2817696,0
Feb-2026,MAMU MAKASSAR,KEMEJA MAMU,KEMEJA FORMAL TOFFEE PJG M,263877,31,0,0,88053,2729643,2817696
Mar-2026,MAMU MAKASSAR,KEMEJA MAMU,KEMEJA FORMAL TOFFEE PJG M,879620,21,0,0,88053,1849113,2729643
Apr-2026,MAMU MAKASSAR,KEMEJA MAMU,KEMEJA FORMAL TOFFEE PJG M,175978,23,0,0,88053,2025219,1849113
Mei-2026,MAMU MAKASSAR,KEMEJA MAMU,KEMEJA FORMAL TOFFEE PJG M,87983,15,0,0,88053,1320795,2025219
Jun-2026,MAMU MAKASSAR,KEMEJA MAMU,KEMEJA FORMAL TOFFEE PJG M,175966,13,0,0,88053,1144689,1320795
Jul-2026,MAMU MAKASSAR,KEMEJA MAMU,KEMEJA FORMAL TOFFEE PJG M,87983,12,0,0,88053,1056636,1144689
Agu-2026,MAMU MAKASSAR,KEMEJA MAMU,KEMEJA FORMAL TOFFEE PJG M,87983,11,0,0,88053,968583,1056636
Sep-2026,MAMU MAKASSAR,KEMEJA MAMU,KEMEJA FORMAL TOFFEE PJG M,87983,10,0,0,88053,880530,968583
Okt-2026,MAMU MAKASSAR,KEMEJA MAMU,KEMEJA FORMAL TOFFEE PJG M,0,10,0,0,88053,880530,880530
Jan-2026,MAMU MAKASSAR,KEMEJA MAMU,KEMEJA FORMAL TOFFEE PJG S,87952,9,0,0,88053,792477,0
Feb-2026,MAMU MAKASSAR,KEMEJA MAMU,KEMEJA FORMAL TOFFEE PJG S,175904,6,0,0,88053,528318,792477
Mar-2026,MAMU MAKASSAR,KEMEJA MAMU,KEMEJA FORMAL TOFFEE PJG S,527813,1,0,0,88053,88053,528318
Apr-2026,MAMU MAKASSAR,KEMEJA MAMU,KEMEJA FORMAL TOFFEE PJG S,88053,0,0,0,88053,0,88053
Jan-2026,MAMU MAKASSAR,KEMEJA MAMU,KEMEJA FORMAL TOFFEE PJG XL,351984,39,0,0,88053,3434067,0
Feb-2026,MAMU MAKASSAR,KEMEJA MAMU,KEMEJA FORMAL TOFFEE PJG XL,175992,37,0,0,88053,3257961,3434067
Mar-2026,MAMU MAKASSAR,KEMEJA MAMU,KEMEJA FORMAL TOFFEE PJG XL,879976,27,0,0,88053,2377431,3257961
Apr-2026,MAMU MAKASSAR,KEMEJA MAMU,KEMEJA FORMAL TOFFEE PJG XL,88009,33,0,0,88053,2905749,2377431
Mei-2026,MAMU MAKASSAR,KEMEJA MAMU,KEMEJA FORMAL TOFFEE PJG XL,88009,15,0,0,88053,1320795,2905749
Jun-2026,MAMU MAKASSAR,KEMEJA MAMU,KEMEJA FORMAL TOFFEE PJG XL,0,15,0,0,88053,1320795,1320795
Jul-2026,MAMU MAKASSAR,KEMEJA MAMU,KEMEJA FORMAL TOFFEE PJG XL,88009,14,0,0,88053,1232742,1320795
Agu-2026,MAMU MAKASSAR,KEMEJA MAMU,KEMEJA FORMAL TOFFEE PJG XL,175004,14,0,0,88053,1232742,1232742
Sep-2026,MAMU MAKASSAR,KEMEJA MAMU,KEMEJA FORMAL TOFFEE PJG XL,0,22,0,0,88053,1937166,1232742
Okt-2026,MAMU MAKASSAR,KEMEJA MAMU,KEMEJA FORMAL TOFFEE PJG XL,0,22,0,0,88053,1937166,1937166
Mei-2026,MAMU MAKASSAR,KEMEJA MAMU,KEMEJA SHANGHAI COKLAT TUA PDK 2XL,72923,2,0,0,159000,318000,0
Jun-2026,MAMU MAKASSAR,KEMEJA MAMU,KEMEJA SHANGHAI COKLAT TUA PDK 2XL,145846,0,0,0,159000,0,318000
Mei-2026,MAMU MAKASSAR,KEMEJA MAMU,KEMEJA SHANGHAI COKLAT TUA PDK L,291692,7,0,0,159000,1113000,0
Jun-2026,MAMU MAKASSAR,KEMEJA MAMU,KEMEJA SHANGHAI COKLAT TUA PDK L,218769,8,0,0,159000,1272000,1113000
Jul-2026,MAMU MAKASSAR,KEMEJA MAMU,KEMEJA SHANGHAI COKLAT TUA PDK L,0,8,0,0,159000,1272000,1272000
Agu-2026,MAMU MAKASSAR,KEMEJA MAMU,KEMEJA SHANGHAI COKLAT TUA PDK L,72925,7,0,0,159000,1113000,1272000
Sep-2026,MAMU MAKASSAR,KEMEJA MAMU,KEMEJA SHANGHAI COKLAT TUA PDK L,364625,4,0,0,159000,636000,1113000
Okt-2026,MAMU MAKASSAR,KEMEJA MAMU,KEMEJA SHANGHAI COKLAT TUA PDK L,0,4,0,0,159000,636000,636000
Mei-2026,MAMU MAKASSAR,KEMEJA MAMU,KEMEJA SHANGHAI COKLAT TUA PDK M,72923,9,0,0,159000,1431000,0
Jun-2026,MAMU MAKASSAR,KEMEJA MAMU,KEMEJA SHANGHAI COKLAT TUA PDK M,145846,7,0,0,159000,1113000,1431000
Jul-2026,MAMU MAKASSAR,KEMEJA MAMU,KEMEJA SHANGHAI COKLAT TUA PDK M,0,7,0,0,159000,1113000,1113000
Agu-2026,MAMU MAKASSAR,KEMEJA MAMU,KEMEJA SHANGHAI COKLAT TUA PDK M,218769,5,0,0,159000,795000,1113000
Sep-2026,MAMU MAKASSAR,KEMEJA MAMU,KEMEJA SHANGHAI COKLAT TUA PDK M,145848,4,0,0,159000,636000,795000
Okt-2026,MAMU MAKASSAR,KEMEJA MAMU,KEMEJA SHANGHAI COKLAT TUA PDK M,0,3,0,0,159000,477000,636000
Mei-2026,MAMU MAKASSAR,KEMEJA MAMU,KEMEJA SHANGHAI COKLAT TUA PDK S,72923,2,0,0,159000,318000,0
Jun-2026,MAMU MAKASSAR,KEMEJA MAMU,KEMEJA SHANGHAI COKLAT TUA PDK S,0,2,0,0,159000,318000,318000
Jul-2026,MAMU MAKASSAR,KEMEJA MAMU,KEMEJA SHANGHAI COKLAT TUA PDK S,0,2,0,0,159000,318000,318000
Agu-2026,MAMU MAKASSAR,KEMEJA MAMU,KEMEJA SHANGHAI COKLAT TUA PDK S,145846,1,0,0,159000,159000,318000
Sep-2026,MAMU MAKASSAR,KEMEJA MAMU,KEMEJA SHANGHAI COKLAT TUA PDK S,0,0,0,0,159000,0,159000
Mei-2026,MAMU MAKASSAR,KEMEJA MAMU,KEMEJA SHANGHAI COKLAT TUA PDK XL,0,10,0,0,159000,1590000,0
Jun-2026,MAMU MAKASSAR,KEMEJA MAMU,KEMEJA SHANGHAI COKLAT TUA PDK XL,0,10,0,0,159000,1590000,1590000
Jul-2026,MAMU MAKASSAR,KEMEJA MAMU,KEMEJA SHANGHAI COKLAT TUA PDK XL,145846,8,0,0,159000,1272000,1590000
Agu-2026,MAMU MAKASSAR,KEMEJA MAMU,KEMEJA SHANGHAI COKLAT TUA PDK XL,72923,7,0,0,159000,1113000,1272000
Sep-2026,MAMU MAKASSAR,KEMEJA MAMU,KEMEJA SHANGHAI COKLAT TUA PDK XL,72923,6,0,0,159000,954000,1113000
Okt-2026,MAMU MAKASSAR,KEMEJA MAMU,KEMEJA SHANGHAI COKLAT TUA PDK XL,0,6,0,0,159000,954000,954000
Mei-2026,MAMU MAKASSAR,KEMEJA MAMU,KEMEJA SHANGHAI COKLAT TUA PJG 2XL,0,3,0,0,189000,567000,0
Jun-2026,MAMU MAKASSAR,KEMEJA MAMU,KEMEJA SHANGHAI COKLAT TUA PJG 2XL,0,3,0,0,189000,567000,567000
Jul-2026,MAMU MAKASSAR,KEMEJA MAMU,KEMEJA SHANGHAI COKLAT TUA PJG 2XL,0,3,0,0,189000,567000,567000
Agu-2026,MAMU MAKASSAR,KEMEJA MAMU,KEMEJA SHANGHAI COKLAT TUA PJG 2XL,85923,2,0,0,189000,378000,567000
Sep-2026,MAMU MAKASSAR,KEMEJA MAMU,KEMEJA SHANGHAI COKLAT TUA PJG 2XL,0,2,0,0,189000,378000,378000
Okt-2026,MAMU MAKASSAR,KEMEJA MAMU,KEMEJA SHANGHAI COKLAT TUA PJG 2XL,85923,1,0,0,189000,189000,378000
Mei-2026,MAMU MAKASSAR,KEMEJA MAMU,KEMEJA SHANGHAI COKLAT TUA PJG L,0,10,0,0,189000,1890000,0
Jun-2026,MAMU MAKASSAR,KEMEJA MAMU,KEMEJA SHANGHAI COKLAT TUA PJG L,171846,8,0,0,189000,1512000,1890000
Jul-2026,MAMU MAKASSAR,KEMEJA MAMU,KEMEJA SHANGHAI COKLAT TUA PJG L,85923,7,0,0,189000,1323000,1512000
Agu-2026,MAMU MAKASSAR,KEMEJA MAMU,KEMEJA SHANGHAI COKLAT TUA PJG L,85923,6,0,0,189000,1134000,1323000
Sep-2026,MAMU MAKASSAR,KEMEJA MAMU,KEMEJA SHANGHAI COKLAT TUA PJG L,171846,5,0,0,189000,945000,1134000
Okt-2026,MAMU MAKASSAR,KEMEJA MAMU,KEMEJA SHANGHAI COKLAT TUA PJG L,0,5,0,0,189000,945000,945000
Mei-2026,MAMU MAKASSAR,KEMEJA MAMU,KEMEJA SHANGHAI COKLAT TUA PJG M,85923,6,0,0,189000,1134000,0
Jun-2026,MAMU MAKASSAR,KEMEJA MAMU,KEMEJA SHANGHAI COKLAT TUA PJG M,85923,5,0,0,189000,945000,1134000
Jul-2026,MAMU MAKASSAR,KEMEJA MAMU,KEMEJA SHANGHAI COKLAT TUA PJG M,0,5,0,0,189000,945000,945000
Agu-2026,MAMU MAKASSAR,KEMEJA MAMU,KEMEJA SHANGHAI COKLAT TUA PJG M,0,5,0,0,189000,945000,945000
Sep-2026,MAMU MAKASSAR,KEMEJA MAMU,KEMEJA SHANGHAI COKLAT TUA PJG M,85923,5,0,0,189000,945000,945000
Okt-2026,MAMU MAKASSAR,KEMEJA MAMU,KEMEJA SHANGHAI COKLAT TUA PJG M,0,5,0,0,189000,945000,945000
Mei-2026,MAMU MAKASSAR,KEMEJA MAMU,KEMEJA SHANGHAI COKLAT TUA PJG S,85923,2,0,0,189000,378000,0
Jun-2026,MAMU MAKASSAR,KEMEJA MAMU,KEMEJA SHANGHAI COKLAT TUA PJG S,0,2,0,0,189000,378000,378000
Jul-2026,MAMU MAKASSAR,KEMEJA MAMU,KEMEJA SHANGHAI COKLAT TUA PJG S,0,2,0,0,189000,378000,378000
Agu-2026,MAMU MAKASSAR,KEMEJA MAMU,KEMEJA SHANGHAI COKLAT TUA PJG S,0,2,0,0,189000,378000,378000
Sep-2026,MAMU MAKASSAR,KEMEJA MAMU,KEMEJA SHANGHAI COKLAT TUA PJG S,171846,0,0,0,189000,0,378000
Mei-2026,MAMU MAKASSAR,KEMEJA MAMU,KEMEJA SHANGHAI COKLAT TUA PJG XL,85923,6,0,0,189000,1134000,0
Jun-2026,MAMU MAKASSAR,KEMEJA MAMU,KEMEJA SHANGHAI COKLAT TUA PJG XL,85923,5,0,0,189000,945000,1134000
Jul-2026,MAMU MAKASSAR,KEMEJA MAMU,KEMEJA SHANGHAI COKLAT TUA PJG XL,0,5,0,0,189000,945000,945000
Agu-2026,MAMU MAKASSAR,KEMEJA MAMU,KEMEJA SHANGHAI COKLAT TUA PJG XL,85923,5,0,0,189000,945000,945000
Sep-2026,MAMU MAKASSAR,KEMEJA MAMU,KEMEJA SHANGHAI COKLAT TUA PJG XL,85937,5,0,0,189000,945000,945000
Okt-2026,MAMU MAKASSAR,KEMEJA MAMU,KEMEJA SHANGHAI COKLAT TUA PJG XL,0,5,0,0,189000,945000,945000
Apr-2026,MAMU MAKASSAR,KEMEJA MAMU,KEMEJA SHANGHAI HITAM PDK 2XL,0,1,0,0,72997,72997,0
Mei-2026,MAMU MAKASSAR,KEMEJA MAMU,KEMEJA SHANGHAI HITAM PDK 2XL,72997,0,0,0,74214,0,72997
Jan-2026,MAMU MAKASSAR,KEMEJA MAMU,KEMEJA SHANGHAI HITAM PDK L,74214,0,0,0,74214,0,0
Apr-2026,MAMU MAKASSAR,KEMEJA MAMU,KEMEJA SHANGHAI HITAM PDK L,72925,9,5,0,72925,1020950,0
Mei-2026,MAMU MAKASSAR,KEMEJA MAMU,KEMEJA SHANGHAI HITAM PDK L,364700,8,0,0,72966,583728,1020950
Jun-2026,MAMU MAKASSAR,KEMEJA MAMU,KEMEJA SHANGHAI HITAM PDK L,72940,6,0,0,72966,437796,583728
Jul-2026,MAMU MAKASSAR,KEMEJA MAMU,KEMEJA SHANGHAI HITAM PDK L,0,9,0,0,72966,656694,437796
Agu-2026,MAMU MAKASSAR,KEMEJA MAMU,KEMEJA SHANGHAI HITAM PDK L,145898,8,0,0,72966,583728,656694
Sep-2026,MAMU MAKASSAR,KEMEJA MAMU,KEMEJA SHANGHAI HITAM PDK L,145898,5,0,0,72966,364830,583728
Okt-2026,MAMU MAKASSAR,KEMEJA MAMU,KEMEJA SHANGHAI HITAM PDK L,0,5,0,0,72966,364830,364830
Apr-2026,MAMU MAKASSAR,KEMEJA MAMU,KEMEJA SHANGHAI HITAM PDK M,0,10,0,0,72941,729410,0
Mei-2026,MAMU MAKASSAR,KEMEJA MAMU,KEMEJA SHANGHAI HITAM PDK M,72941,9,0,0,72949,656541,729410
Jun-2026,MAMU MAKASSAR,KEMEJA MAMU,KEMEJA SHANGHAI HITAM PDK M,72941,8,0,0,72949,583592,656541
Jul-2026,MAMU MAKASSAR,KEMEJA MAMU,KEMEJA SHANGHAI HITAM PDK M,72944,13,0,0,72949,948337,583592
Agu-2026,MAMU MAKASSAR,KEMEJA MAMU,KEMEJA SHANGHAI HITAM PDK M,0,12,0,0,72949,875388,948337
Sep-2026,MAMU MAKASSAR,KEMEJA MAMU,KEMEJA SHANGHAI HITAM PDK M,0,12,0,0,72949,875388,875388
Okt-2026,MAMU MAKASSAR,KEMEJA MAMU,KEMEJA SHANGHAI HITAM PDK M,0,12,0,0,72949,875388,875388
Apr-2026,MAMU MAKASSAR,KEMEJA MAMU,KEMEJA SHANGHAI HITAM PDK S,0,1,0,0,72997,72997,0
Mei-2026,MAMU MAKASSAR,KEMEJA MAMU,KEMEJA SHANGHAI HITAM PDK S,72997,0,0,0,74214,0,72997
Apr-2026,MAMU MAKASSAR,KEMEJA MAMU,KEMEJA SHANGHAI HITAM PDK XL,145842,8,0,0,72921,583368,0
Mei-2026,MAMU MAKASSAR,KEMEJA MAMU,KEMEJA SHANGHAI HITAM PDK XL,0,8,0,0,72940,583520,583368
Jun-2026,MAMU MAKASSAR,KEMEJA MAMU,KEMEJA SHANGHAI HITAM PDK XL,0,8,0,0,72940,583520,583520
Jul-2026,MAMU MAKASSAR,KEMEJA MAMU,KEMEJA SHANGHAI HITAM PDK XL,72921,12,0,0,72940,875280,583520
Agu-2026,MAMU MAKASSAR,KEMEJA MAMU,KEMEJA SHANGHAI HITAM PDK XL,72929,11,0,0,72940,802340,875280
Sep-2026,MAMU MAKASSAR,KEMEJA MAMU,KEMEJA SHANGHAI HITAM PDK XL,0,11,0,0,72940,802340,802340
Okt-2026,MAMU MAKASSAR,KEMEJA MAMU,KEMEJA SHANGHAI HITAM PDK XL,291716,7,0,0,72940,510580,802340
Apr-2026,MAMU MAKASSAR,KEMEJA MAMU,KEMEJA SHANGHAI HITAM PJG 2XL,0,3,0,0,85997,257991,0
Mei-2026,MAMU MAKASSAR,KEMEJA MAMU,KEMEJA SHANGHAI HITAM PJG 2XL,85997,2,0,0,85997,171994,257991
Jun-2026,MAMU MAKASSAR,KEMEJA MAMU,KEMEJA SHANGHAI HITAM PJG 2XL,85997,0,0,0,88053,0,171994
Jan-2026,MAMU MAKASSAR,KEMEJA MAMU,KEMEJA SHANGHAI HITAM PJG L,263418,23,0,0,88053,2025219,0
Feb-2026,MAMU MAKASSAR,KEMEJA MAMU,KEMEJA SHANGHAI HITAM PJG L,351224,18,0,0,88053,1584954,2025219
Mar-2026,MAMU MAKASSAR,KEMEJA MAMU,KEMEJA SHANGHAI HITAM PJG L,1580508,0,0,0,88053,0,1584954
Apr-2026,MAMU MAKASSAR,KEMEJA MAMU,KEMEJA SHANGHAI HITAM PJG L,0,10,0,0,85943,859430,0
Mei-2026,MAMU MAKASSAR,KEMEJA MAMU,KEMEJA SHANGHAI HITAM PJG L,85943,9,0,0,85943,773487,859430
Jun-2026,MAMU MAKASSAR,KEMEJA MAMU,KEMEJA SHANGHAI HITAM PJG L,85943,8,0,0,85943,687544,773487
Jul-2026,MAMU MAKASSAR,KEMEJA MAMU,KEMEJA SHANGHAI HITAM PJG L,0,13,0,0,85943,1117259,687544
Agu-2026,MAMU MAKASSAR,KEMEJA MAMU,KEMEJA SHANGHAI HITAM PJG L,0,13,0,0,85943,1117259,1117259
Sep-2026,MAMU MAKASSAR,KEMEJA MAMU,KEMEJA SHANGHAI HITAM PJG L,0,13,0,0,85943,1117259,1117259
Okt-2026,MAMU MAKASSAR,KEMEJA MAMU,KEMEJA SHANGHAI HITAM PJG L,0,13,0,0,85943,1117259,1117259
Jan-2026,MAMU MAKASSAR,KEMEJA MAMU,KEMEJA SHANGHAI HITAM PJG M,87918,8,0,0,88053,704424,0
Feb-2026,MAMU MAKASSAR,KEMEJA MAMU,KEMEJA SHANGHAI HITAM PJG M,351672,7,0,0,88053,616371,704424
Mar-2026,MAMU MAKASSAR,KEMEJA MAMU,KEMEJA SHANGHAI HITAM PJG M,527508,0,0,0,88053,0,616371
Apr-2026,MAMU MAKASSAR,KEMEJA MAMU,KEMEJA SHANGHAI HITAM PJG M,0,10,0,0,85943,859430,0
Mei-2026,MAMU MAKASSAR,KEMEJA MAMU,KEMEJA SHANGHAI HITAM PJG M,85943,9,0,0,85943,773487,859430
Jun-2026,MAMU MAKASSAR,KEMEJA MAMU,KEMEJA SHANGHAI HITAM PJG M,85943,8,0,0,85943,687544,773487
Jul-2026,MAMU MAKASSAR,KEMEJA MAMU,KEMEJA SHANGHAI HITAM PJG M,85943,12,0,0,85943,1031316,687544
Agu-2026,MAMU MAKASSAR,KEMEJA MAMU,KEMEJA SHANGHAI HITAM PJG M,171886,11,0,0,85943,945373,1031316
Sep-2026,MAMU MAKASSAR,KEMEJA MAMU,KEMEJA SHANGHAI HITAM PJG M,85943,9,0,0,85943,773487,945373
Okt-2026,MAMU MAKASSAR,KEMEJA MAMU,KEMEJA SHANGHAI HITAM PJG M,0,9,0,0,85943,773487,773487
Jan-2026,MAMU MAKASSAR,KEMEJA MAMU,KEMEJA SHANGHAI HITAM PJG XL,352128,1,0,0,88053,88053,0
Feb-2026,MAMU MAKASSAR,KEMEJA MAMU,KEMEJA SHANGHAI HITAM PJG XL,88032,0,0,0,88053,0,88053
Apr-2026,MAMU MAKASSAR,KEMEJA MAMU,KEMEJA SHANGHAI HITAM PJG XL,257817,7,0,0,85939,601573,0
Mei-2026,MAMU MAKASSAR,KEMEJA MAMU,KEMEJA SHANGHAI HITAM PJG XL,0,7,0,0,85957,601699,601573
Jun-2026,MAMU MAKASSAR,KEMEJA MAMU,KEMEJA SHANGHAI HITAM PJG XL,0,7,0,0,85957,601699,601699
Jul-2026,MAMU MAKASSAR,KEMEJA MAMU,KEMEJA SHANGHAI HITAM PJG XL,85939,11,0,0,85957,945527,601699
Agu-2026,MAMU MAKASSAR,KEMEJA MAMU,KEMEJA SHANGHAI HITAM PJG XL,0,11,0,0,85957,945527,945527
Sep-2026,MAMU MAKASSAR,KEMEJA MAMU,KEMEJA SHANGHAI HITAM PJG XL,0,11,0,0,85957,945527,945527
Okt-2026,MAMU MAKASSAR,KEMEJA MAMU,KEMEJA SHANGHAI HITAM PJG XL,0,11,0,0,85957,945527,945527
Feb-2026,MAMU MAKASSAR,KEMEJA MAMU,KEMEJA SHANGHAI LIGHT BROWN PDK 2XL,0,0,5,0,159000,795000,0
Mar-2026,MAMU MAKASSAR,KEMEJA MAMU,KEMEJA SHANGHAI LIGHT BROWN PDK 2XL,364640,0,0,0,159000,0,795000
Feb-2026,MAMU MAKASSAR,KEMEJA MAMU,KEMEJA SHANGHAI LIGHT BROWN PDK L,0,0,10,0,159000,1590000,0
Mar-2026,MAMU MAKASSAR,KEMEJA MAMU,KEMEJA SHANGHAI LIGHT BROWN PDK L,2042041,3,0,0,159000,477000,1590000
Apr-2026,MAMU MAKASSAR,KEMEJA MAMU,KEMEJA SHANGHAI LIGHT BROWN PDK L,218841,2,0,0,159000,318000,477000
Mei-2026,MAMU MAKASSAR,KEMEJA MAMU,KEMEJA SHANGHAI LIGHT BROWN PDK L,145910,0,0,0,159000,0,318000
Feb-2026,MAMU MAKASSAR,KEMEJA MAMU,KEMEJA SHANGHAI LIGHT BROWN PDK M,0,0,10,0,159000,1590000,0
Mar-2026,MAMU MAKASSAR,KEMEJA MAMU,KEMEJA SHANGHAI LIGHT BROWN PDK M,2042601,0,0,0,159000,0,1590000
Feb-2026,MAMU MAKASSAR,KEMEJA MAMU,KEMEJA SHANGHAI LIGHT BROWN PDK S,0,0,5,0,159000,795000,0
Mar-2026,MAMU MAKASSAR,KEMEJA MAMU,KEMEJA SHANGHAI LIGHT BROWN PDK S,218784,0,0,0,159000,0,795000
Feb-2026,MAMU MAKASSAR,KEMEJA MAMU,KEMEJA SHANGHAI LIGHT BROWN PDK XL,0,0,5,0,159000,795000,0
Mar-2026,MAMU MAKASSAR,KEMEJA MAMU,KEMEJA SHANGHAI LIGHT BROWN PDK XL,2115776,4,0,0,159000,636000,795000
Apr-2026,MAMU MAKASSAR,KEMEJA MAMU,KEMEJA SHANGHAI LIGHT BROWN PDK XL,145928,2,0,0,159000,318000,636000
Mei-2026,MAMU MAKASSAR,KEMEJA MAMU,KEMEJA SHANGHAI LIGHT BROWN PDK XL,72964,1,0,0,159000,159000,318000
Jun-2026,MAMU MAKASSAR,KEMEJA MAMU,KEMEJA SHANGHAI LIGHT BROWN PDK XL,0,1,0,0,159000,159000,159000
Jul-2026,MAMU MAKASSAR,KEMEJA MAMU,KEMEJA SHANGHAI LIGHT BROWN PDK XL,0,1,0,0,159000,159000,159000
Agu-2026,MAMU MAKASSAR,KEMEJA MAMU,KEMEJA SHANGHAI LIGHT BROWN PDK XL,0,1,0,0,159000,159000,159000
Sep-2026,MAMU MAKASSAR,KEMEJA MAMU,KEMEJA SHANGHAI LIGHT BROWN PDK XL,0,1,0,0,159000,159000,159000
Okt-2026,MAMU MAKASSAR,KEMEJA MAMU,KEMEJA SHANGHAI LIGHT BROWN PDK XL,0,1,0,0,159000,159000,159000
Mar-2026,MAMU MAKASSAR,KEMEJA MAMU,KEMEJA SHANGHAI LIGHT BROWN PJG 2XL,429895,0,0,0,189000,0,0
Feb-2026,MAMU MAKASSAR,KEMEJA MAMU,KEMEJA SHANGHAI LIGHT BROWN PJG L,0,0,10,0,189000,1890000,0
Mar-2026,MAMU MAKASSAR,KEMEJA MAMU,KEMEJA SHANGHAI LIGHT BROWN PJG L,859280,33,0,0,189000,6237000,1890000
Apr-2026,MAMU MAKASSAR,KEMEJA MAMU,KEMEJA SHANGHAI LIGHT BROWN PJG L,85955,25,0,0,189000,4725000,6237000
Mei-2026,MAMU MAKASSAR,KEMEJA MAMU,KEMEJA SHANGHAI LIGHT BROWN PJG L,171910,13,0,0,189000,2457000,4725000
Jun-2026,MAMU MAKASSAR,KEMEJA MAMU,KEMEJA SHANGHAI LIGHT BROWN PJG L,85955,12,0,0,189000,2268000,2457000
Jul-2026,MAMU MAKASSAR,KEMEJA MAMU,KEMEJA SHANGHAI LIGHT BROWN PJG L,171910,11,0,0,189000,2079000,2268000
Agu-2026,MAMU MAKASSAR,KEMEJA MAMU,KEMEJA SHANGHAI LIGHT BROWN PJG L,85955,9,0,0,189000,1701000,2079000
Sep-2026,MAMU MAKASSAR,KEMEJA MAMU,KEMEJA SHANGHAI LIGHT BROWN PJG L,85955,8,0,0,189000,1512000,1701000
Okt-2026,MAMU MAKASSAR,KEMEJA MAMU,KEMEJA SHANGHAI LIGHT BROWN PJG L,0,8,0,0,189000,1512000,1512000
Feb-2026,MAMU MAKASSAR,KEMEJA MAMU,KEMEJA SHANGHAI LIGHT BROWN PJG M,0,0,10,0,189000,1890000,0
Mar-2026,MAMU MAKASSAR,KEMEJA MAMU,KEMEJA SHANGHAI LIGHT BROWN PJG M,1718952,4,0,0,189000,756000,1890000
Apr-2026,MAMU MAKASSAR,KEMEJA MAMU,KEMEJA SHANGHAI LIGHT BROWN PJG M,0,4,0,0,189000,756000,756000
Mei-2026,MAMU MAKASSAR,KEMEJA MAMU,KEMEJA SHANGHAI LIGHT BROWN PJG M,171924,2,0,0,189000,378000,756000
Jun-2026,MAMU MAKASSAR,KEMEJA MAMU,KEMEJA SHANGHAI LIGHT BROWN PJG M,0,2,0,0,189000,378000,378000
Jul-2026,MAMU MAKASSAR,KEMEJA MAMU,KEMEJA SHANGHAI LIGHT BROWN PJG M,85962,2,0,0,189000,378000,378000
Agu-2026,MAMU MAKASSAR,KEMEJA MAMU,KEMEJA SHANGHAI LIGHT BROWN PJG M,0,1,0,0,189000,189000,378000
Sep-2026,MAMU MAKASSAR,KEMEJA MAMU,KEMEJA SHANGHAI LIGHT BROWN PJG M,0,1,0,0,189000,189000,189000
Okt-2026,MAMU MAKASSAR,KEMEJA MAMU,KEMEJA SHANGHAI LIGHT BROWN PJG M,0,1,0,0,189000,189000,189000
Mar-2026,MAMU MAKASSAR,KEMEJA MAMU,KEMEJA SHANGHAI LIGHT BROWN PJG S,257937,0,0,0,189000,0,0
Feb-2026,MAMU MAKASSAR,KEMEJA MAMU,KEMEJA SHANGHAI LIGHT BROWN PJG XL,0,0,10,0,189000,1890000,0
Mar-2026,MAMU MAKASSAR,KEMEJA MAMU,KEMEJA SHANGHAI LIGHT BROWN PJG XL,859419,12,0,0,189000,2268000,1890000
Apr-2026,MAMU MAKASSAR,KEMEJA MAMU,KEMEJA SHANGHAI LIGHT BROWN PJG XL,0,12,0,0,189000,2268000,2268000
Mei-2026,MAMU MAKASSAR,KEMEJA MAMU,KEMEJA SHANGHAI LIGHT BROWN PJG XL,0,12,0,0,189000,2268000,2268000
Jun-2026,MAMU MAKASSAR,KEMEJA MAMU,KEMEJA SHANGHAI LIGHT BROWN PJG XL,85958,11,0,0,189000,2079000,2268000
Jul-2026,MAMU MAKASSAR,KEMEJA MAMU,KEMEJA SHANGHAI LIGHT BROWN PJG XL,85958,10,0,0,189000,1890000,2079000
Agu-2026,MAMU MAKASSAR,KEMEJA MAMU,KEMEJA SHANGHAI LIGHT BROWN PJG XL,85958,10,0,0,189000,1890000,1890000
Sep-2026,MAMU MAKASSAR,KEMEJA MAMU,KEMEJA SHANGHAI LIGHT BROWN PJG XL,171916,7,0,0,189000,1323000,1890000
Okt-2026,MAMU MAKASSAR,KEMEJA MAMU,KEMEJA SHANGHAI LIGHT BROWN PJG XL,85958,7,0,0,189000,1323000,1323000
Feb-2026,MAMU MAKASSAR,KEMEJA MAMU,KEMEJA SHANGHAI NAVY PDK 2XL,0,0,5,0,159000,795000,0
Mar-2026,MAMU MAKASSAR,KEMEJA MAMU,KEMEJA SHANGHAI NAVY PDK 2XL,154190,0,0,0,159000,0,795000
Feb-2026,MAMU MAKASSAR,KEMEJA MAMU,KEMEJA SHANGHAI NAVY PDK L,0,0,10,0,77095,770950,0
Mar-2026,MAMU MAKASSAR,KEMEJA MAMU,KEMEJA SHANGHAI NAVY PDK L,1891402,2,0,0,73098,146196,770950
Apr-2026,MAMU MAKASSAR,KEMEJA MAMU,KEMEJA SHANGHAI NAVY PDK L,146196,0,0,0,77095,0,146196
Feb-2026,MAMU MAKASSAR,KEMEJA MAMU,KEMEJA SHANGHAI NAVY PDK M,0,0,10,0,77095,770950,0
Mar-2026,MAMU MAKASSAR,KEMEJA MAMU,KEMEJA SHANGHAI NAVY PDK M,1367766,10,0,0,73355,733550,770950
Apr-2026,MAMU MAKASSAR,KEMEJA MAMU,KEMEJA SHANGHAI NAVY PDK M,0,9,0,0,73355,660195,733550
Mei-2026,MAMU MAKASSAR,KEMEJA MAMU,KEMEJA SHANGHAI NAVY PDK M,74228,8,0,0,73355,586840,660195
Jun-2026,MAMU MAKASSAR,KEMEJA MAMU,KEMEJA SHANGHAI NAVY PDK M,74228,7,0,0,73355,513485,586840
Jul-2026,MAMU MAKASSAR,KEMEJA MAMU,KEMEJA SHANGHAI NAVY PDK M,0,7,0,0,73355,513485,513485
Agu-2026,MAMU MAKASSAR,KEMEJA MAMU,KEMEJA SHANGHAI NAVY PDK M,0,7,0,0,73355,513485,513485
Sep-2026,MAMU MAKASSAR,KEMEJA MAMU,KEMEJA SHANGHAI NAVY PDK M,0,7,0,0,73355,513485,513485
Okt-2026,MAMU MAKASSAR,KEMEJA MAMU,KEMEJA SHANGHAI NAVY PDK M,0,7,0,0,73355,513485,513485
Feb-2026,MAMU MAKASSAR,KEMEJA MAMU,KEMEJA SHANGHAI NAVY PDK S,0,0,5,0,77095,385475,0
Mar-2026,MAMU MAKASSAR,KEMEJA MAMU,KEMEJA SHANGHAI NAVY PDK S,231285,0,0,0,77095,0,385475
Mar-2026,MAMU MAKASSAR,KEMEJA MAMU,KEMEJA SHANGHAI NAVY PDK XL,616760,17,0,0,72993,1240881,0
Apr-2026,MAMU MAKASSAR,KEMEJA MAMU,KEMEJA SHANGHAI NAVY PDK XL,0,12,0,0,72993,875916,1240881
Mei-2026,MAMU MAKASSAR,KEMEJA MAMU,KEMEJA SHANGHAI NAVY PDK XL,0,10,0,0,72993,729930,875916
Jun-2026,MAMU MAKASSAR,KEMEJA MAMU,KEMEJA SHANGHAI NAVY PDK XL,0,10,0,0,72993,729930,729930
Jul-2026,MAMU MAKASSAR,KEMEJA MAMU,KEMEJA SHANGHAI NAVY PDK XL,220428,10,0,0,72993,729930,729930
Agu-2026,MAMU MAKASSAR,KEMEJA MAMU,KEMEJA SHANGHAI NAVY PDK XL,146952,5,0,0,72993,364965,729930
Sep-2026,MAMU MAKASSAR,KEMEJA MAMU,KEMEJA SHANGHAI NAVY PDK XL,73476,3,0,0,72993,218979,364965
Okt-2026,MAMU MAKASSAR,KEMEJA MAMU,KEMEJA SHANGHAI NAVY PDK XL,0,3,0,0,72993,218979,218979
Feb-2026,MAMU MAKASSAR,KEMEJA MAMU,KEMEJA SHANGHAI NAVY PJG 2XL,0,0,6,0,189000,1134000,0
Mar-2026,MAMU MAKASSAR,KEMEJA MAMU,KEMEJA SHANGHAI NAVY PJG 2XL,352380,0,0,0,189000,0,1134000
Feb-2026,MAMU MAKASSAR,KEMEJA MAMU,KEMEJA SHANGHAI NAVY PJG L,0,0,10,0,88095,880950,0
Mar-2026,MAMU MAKASSAR,KEMEJA MAMU,KEMEJA SHANGHAI NAVY PJG L,965235,14,0,0,86723,1214122,880950
Apr-2026,MAMU MAKASSAR,KEMEJA MAMU,KEMEJA SHANGHAI NAVY PJG L,0,14,0,0,86723,1214122,1214122
Mei-2026,MAMU MAKASSAR,KEMEJA MAMU,KEMEJA SHANGHAI NAVY PJG L,86897,13,0,0,86723,1127399,1214122
Jun-2026,MAMU MAKASSAR,KEMEJA MAMU,KEMEJA SHANGHAI NAVY PJG L,86897,12,0,0,86723,1040676,1127399
Jul-2026,MAMU MAKASSAR,KEMEJA MAMU,KEMEJA SHANGHAI NAVY PJG L,0,12,0,0,86723,1040676,1040676
Agu-2026,MAMU MAKASSAR,KEMEJA MAMU,KEMEJA SHANGHAI NAVY PJG L,86897,11,0,0,86723,953953,1040676
Sep-2026,MAMU MAKASSAR,KEMEJA MAMU,KEMEJA SHANGHAI NAVY PJG L,86897,10,0,0,86723,867230,953953
Okt-2026,MAMU MAKASSAR,KEMEJA MAMU,KEMEJA SHANGHAI NAVY PJG L,0,10,0,0,86723,867230,867230
Feb-2026,MAMU MAKASSAR,KEMEJA MAMU,KEMEJA SHANGHAI NAVY PJG M,0,0,10,0,88095,880950,0
Mar-2026,MAMU MAKASSAR,KEMEJA MAMU,KEMEJA SHANGHAI NAVY PJG M,526631,27,0,0,86556,2337012,880950
Apr-2026,MAMU MAKASSAR,KEMEJA MAMU,KEMEJA SHANGHAI NAVY PJG M,0,27,0,0,86556,2337012,2337012
Mei-2026,MAMU MAKASSAR,KEMEJA MAMU,KEMEJA SHANGHAI NAVY PJG M,0,10,0,0,86556,865560,2337012
Jun-2026,MAMU MAKASSAR,KEMEJA MAMU,KEMEJA SHANGHAI NAVY PJG M,0,7,0,0,86556,605892,865560
Jul-2026,MAMU MAKASSAR,KEMEJA MAMU,KEMEJA SHANGHAI NAVY PJG M,0,7,0,0,86556,605892,605892
Agu-2026,MAMU MAKASSAR,KEMEJA MAMU,KEMEJA SHANGHAI NAVY PJG M,0,7,0,0,86556,605892,605892
Sep-2026,MAMU MAKASSAR,KEMEJA MAMU,KEMEJA SHANGHAI NAVY PJG M,86856,6,0,0,86556,519336,605892
Okt-2026,MAMU MAKASSAR,KEMEJA MAMU,KEMEJA SHANGHAI NAVY PJG M,0,6,0,0,86556,519336,519336
Feb-2026,MAMU MAKASSAR,KEMEJA MAMU,KEMEJA SHANGHAI NAVY PJG S,0,0,5,0,88095,440475,0
Mar-2026,MAMU MAKASSAR,KEMEJA MAMU,KEMEJA SHANGHAI NAVY PJG S,264285,0,0,0,88095,0,440475
Feb-2026,MAMU MAKASSAR,KEMEJA MAMU,KEMEJA SHANGHAI NAVY PJG XL,0,0,10,0,88095,880950,0
Mar-2026,MAMU MAKASSAR,KEMEJA MAMU,KEMEJA SHANGHAI NAVY PJG XL,612855,27,0,0,86528,2336256,880950
Apr-2026,MAMU MAKASSAR,KEMEJA MAMU,KEMEJA SHANGHAI NAVY PJG XL,86843,26,0,0,86528,2249728,2336256
Mei-2026,MAMU MAKASSAR,KEMEJA MAMU,KEMEJA SHANGHAI NAVY PJG XL,86843,9,0,0,86528,778752,2249728
Jun-2026,MAMU MAKASSAR,KEMEJA MAMU,KEMEJA SHANGHAI NAVY PJG XL,0,9,0,0,86528,778752,778752
Jul-2026,MAMU MAKASSAR,KEMEJA MAMU,KEMEJA SHANGHAI NAVY PJG XL,0,9,0,0,86528,778752,778752
Agu-2026,MAMU MAKASSAR,KEMEJA MAMU,KEMEJA SHANGHAI NAVY PJG XL,173686,7,0,0,86528,605696,778752
Sep-2026,MAMU MAKASSAR,KEMEJA MAMU,KEMEJA SHANGHAI NAVY PJG XL,86843,6,0,0,86528,519168,605696
Okt-2026,MAMU MAKASSAR,KEMEJA MAMU,KEMEJA SHANGHAI NAVY PJG XL,0,6,0,0,86528,519168,519168
Apr-2026,MAMU MAKASSAR,KEMEJA MAMU,KEMEJA SHANGHAI TOFFEE PDK 2XL,145994,0,0,0,74214,0,0
Apr-2026,MAMU MAKASSAR,KEMEJA MAMU,KEMEJA SHANGHAI TOFFEE PDK L,145922,8,5,0,72961,948493,0
Mei-2026,MAMU MAKASSAR,KEMEJA MAMU,KEMEJA SHANGHAI TOFFEE PDK L,218877,8,0,0,72956,583648,948493
Jun-2026,MAMU MAKASSAR,KEMEJA MAMU,KEMEJA SHANGHAI TOFFEE PDK L,291836,4,0,0,72956,291824,583648
Jul-2026,MAMU MAKASSAR,KEMEJA MAMU,KEMEJA SHANGHAI TOFFEE PDK L,72959,11,0,0,72956,802516,291824
Agu-2026,MAMU MAKASSAR,KEMEJA MAMU,KEMEJA SHANGHAI TOFFEE PDK L,291848,8,0,0,72956,583648,802516
Sep-2026,MAMU MAKASSAR,KEMEJA MAMU,KEMEJA SHANGHAI TOFFEE PDK L,218888,6,0,0,72956,437736,583648
Okt-2026,MAMU MAKASSAR,KEMEJA MAMU,KEMEJA SHANGHAI TOFFEE PDK L,0,6,0,0,72956,437736,437736
Apr-2026,MAMU MAKASSAR,KEMEJA MAMU,KEMEJA SHANGHAI TOFFEE PDK M,145922,8,0,0,72961,583688,0
Mei-2026,MAMU MAKASSAR,KEMEJA MAMU,KEMEJA SHANGHAI TOFFEE PDK M,72961,7,0,0,72958,510706,583688
Jun-2026,MAMU MAKASSAR,KEMEJA MAMU,KEMEJA SHANGHAI TOFFEE PDK M,145922,5,0,0,72958,364790,510706
Jul-2026,MAMU MAKASSAR,KEMEJA MAMU,KEMEJA SHANGHAI TOFFEE PDK M,0,10,0,0,72958,729580,364790
Agu-2026,MAMU MAKASSAR,KEMEJA MAMU,KEMEJA SHANGHAI TOFFEE PDK M,72960,9,0,0,72958,656622,729580
Sep-2026,MAMU MAKASSAR,KEMEJA MAMU,KEMEJA SHANGHAI TOFFEE PDK M,218880,6,0,0,72958,437748,656622
Okt-2026,MAMU MAKASSAR,KEMEJA MAMU,KEMEJA SHANGHAI TOFFEE PDK M,0,6,0,0,72958,437748,437748
Apr-2026,MAMU MAKASSAR,KEMEJA MAMU,KEMEJA SHANGHAI TOFFEE PDK S,72997,0,0,0,74214,0,0
Apr-2026,MAMU MAKASSAR,KEMEJA MAMU,KEMEJA SHANGHAI TOFFEE PDK XL,145926,8,0,0,72963,583704,0
Mei-2026,MAMU MAKASSAR,KEMEJA MAMU,KEMEJA SHANGHAI TOFFEE PDK XL,145926,6,0,0,72960,437760,583704
Jun-2026,MAMU MAKASSAR,KEMEJA MAMU,KEMEJA SHANGHAI TOFFEE PDK XL,145926,4,0,0,72960,291840,437760
Jul-2026,MAMU MAKASSAR,KEMEJA MAMU,KEMEJA SHANGHAI TOFFEE PDK XL,218895,9,0,0,72960,656640,291840
Agu-2026,MAMU MAKASSAR,KEMEJA MAMU,KEMEJA SHANGHAI TOFFEE PDK XL,218898,6,0,0,72960,437760,656640
Sep-2026,MAMU MAKASSAR,KEMEJA MAMU,KEMEJA SHANGHAI TOFFEE PDK XL,145935,4,0,0,72960,291840,437760
Okt-2026,MAMU MAKASSAR,KEMEJA MAMU,KEMEJA SHANGHAI TOFFEE PDK XL,72969,3,0,0,72960,218880,291840
Jan-2026,MAMU MAKASSAR,KEMEJA MAMU,KEMEJA SHANGHAI TOFFEE PJG 2XL,0,1,0,0,87214,87214,0
Feb-2026,MAMU MAKASSAR,KEMEJA MAMU,KEMEJA SHANGHAI TOFFEE PJG 2XL,87214,0,0,0,87214,0,87214
Apr-2026,MAMU MAKASSAR,KEMEJA MAMU,KEMEJA SHANGHAI TOFFEE PJG 2XL,0,2,0,0,85997,171994,0
Mei-2026,MAMU MAKASSAR,KEMEJA MAMU,KEMEJA SHANGHAI TOFFEE PJG 2XL,0,2,0,0,85997,171994,171994
Jun-2026,MAMU MAKASSAR,KEMEJA MAMU,KEMEJA SHANGHAI TOFFEE PJG 2XL,85997,1,0,0,85997,85997,171994
Jul-2026,MAMU MAKASSAR,KEMEJA MAMU,KEMEJA SHANGHAI TOFFEE PJG 2XL,0,1,0,0,85997,85997,85997
Agu-2026,MAMU MAKASSAR,KEMEJA MAMU,KEMEJA SHANGHAI TOFFEE PJG 2XL,0,1,0,0,85997,85997,85997
Sep-2026,MAMU MAKASSAR,KEMEJA MAMU,KEMEJA SHANGHAI TOFFEE PJG 2XL,0,1,0,0,85997,85997,85997
Okt-2026,MAMU MAKASSAR,KEMEJA MAMU,KEMEJA SHANGHAI TOFFEE PJG 2XL,0,1,0,0,85997,85997,85997
Jan-2026,MAMU MAKASSAR,KEMEJA MAMU,KEMEJA SHANGHAI TOFFEE PJG L,0,14,0,0,87214,1220996,0
Feb-2026,MAMU MAKASSAR,KEMEJA MAMU,KEMEJA SHANGHAI TOFFEE PJG L,176268,12,0,0,87214,1046568,1220996
Mar-2026,MAMU MAKASSAR,KEMEJA MAMU,KEMEJA SHANGHAI TOFFEE PJG L,1057608,0,0,0,87214,0,1046568
Apr-2026,MAMU MAKASSAR,KEMEJA MAMU,KEMEJA SHANGHAI TOFFEE PJG L,0,20,0,0,85953,1719060,0
Mei-2026,MAMU MAKASSAR,KEMEJA MAMU,KEMEJA SHANGHAI TOFFEE PJG L,85953,15,0,0,85953,1289295,1719060
Jun-2026,MAMU MAKASSAR,KEMEJA MAMU,KEMEJA SHANGHAI TOFFEE PJG L,0,15,0,0,85953,1289295,1289295
Jul-2026,MAMU MAKASSAR,KEMEJA MAMU,KEMEJA SHANGHAI TOFFEE PJG L,0,20,0,0,85953,1719060,1289295
Agu-2026,MAMU MAKASSAR,KEMEJA MAMU,KEMEJA SHANGHAI TOFFEE PJG L,85953,19,0,0,85953,1633107,1719060
Sep-2026,MAMU MAKASSAR,KEMEJA MAMU,KEMEJA SHANGHAI TOFFEE PJG L,171906,18,0,0,85953,1547154,1633107
Okt-2026,MAMU MAKASSAR,KEMEJA MAMU,KEMEJA SHANGHAI TOFFEE PJG L,0,17,0,0,85953,1461201,1547154
Jan-2026,MAMU MAKASSAR,KEMEJA MAMU,KEMEJA SHANGHAI TOFFEE PJG M,87596,5,0,0,87214,436070,0
Feb-2026,MAMU MAKASSAR,KEMEJA MAMU,KEMEJA SHANGHAI TOFFEE PJG M,175192,3,0,0,87214,261642,436070
Mar-2026,MAMU MAKASSAR,KEMEJA MAMU,KEMEJA SHANGHAI TOFFEE PJG M,175192,0,0,0,87214,0,261642
Apr-2026,MAMU MAKASSAR,KEMEJA MAMU,KEMEJA SHANGHAI TOFFEE PJG M,0,10,0,0,85957,859570,0
Mei-2026,MAMU MAKASSAR,KEMEJA MAMU,KEMEJA SHANGHAI TOFFEE PJG M,85957,9,0,0,86007,774063,859570
Jun-2026,MAMU MAKASSAR,KEMEJA MAMU,KEMEJA SHANGHAI TOFFEE PJG M,0,9,0,0,86007,774063,774063
Jul-2026,MAMU MAKASSAR,KEMEJA MAMU,KEMEJA SHANGHAI TOFFEE PJG M,0,14,0,0,86007,1204098,774063
Agu-2026,MAMU MAKASSAR,KEMEJA MAMU,KEMEJA SHANGHAI TOFFEE PJG M,0,14,0,0,86007,1204098,1204098
Sep-2026,MAMU MAKASSAR,KEMEJA MAMU,KEMEJA SHANGHAI TOFFEE PJG M,0,14,0,0,86007,1204098,1204098
Okt-2026,MAMU MAKASSAR,KEMEJA MAMU,KEMEJA SHANGHAI TOFFEE PJG M,0,14,0,0,86007,1204098,1204098
Apr-2026,MAMU MAKASSAR,KEMEJA MAMU,KEMEJA SHANGHAI TOFFEE PJG S,0,1,0,0,85997,85997,0
Mei-2026,MAMU MAKASSAR,KEMEJA MAMU,KEMEJA SHANGHAI TOFFEE PJG S,85997,0,0,0,87214,0,85997
Jan-2026,MAMU MAKASSAR,KEMEJA MAMU,KEMEJA SHANGHAI TOFFEE PJG XL,0,1,0,0,87214,87214,0
Feb-2026,MAMU MAKASSAR,KEMEJA MAMU,KEMEJA SHANGHAI TOFFEE PJG XL,87214,0,0,0,87214,0,87214
Apr-2026,MAMU MAKASSAR,KEMEJA MAMU,KEMEJA SHANGHAI TOFFEE PJG XL,85955,9,0,0,85955,773595,0
Mei-2026,MAMU MAKASSAR,KEMEJA MAMU,KEMEJA SHANGHAI TOFFEE PJG XL,0,9,0,0,85955,773595,773595
Jun-2026,MAMU MAKASSAR,KEMEJA MAMU,KEMEJA SHANGHAI TOFFEE PJG XL,0,9,0,0,85955,773595,773595
Jul-2026,MAMU MAKASSAR,KEMEJA MAMU,KEMEJA SHANGHAI TOFFEE PJG XL,85955,13,0,0,85955,1117415,773595
Agu-2026,MAMU MAKASSAR,KEMEJA MAMU,KEMEJA SHANGHAI TOFFEE PJG XL,85955,13,0,0,85955,1117415,1117415
Sep-2026,MAMU MAKASSAR,KEMEJA MAMU,KEMEJA SHANGHAI TOFFEE PJG XL,0,12,0,0,85955,1031460,1117415
Okt-2026,MAMU MAKASSAR,KEMEJA MAMU,KEMEJA SHANGHAI TOFFEE PJG XL,0,12,0,0,85955,1031460,1031460
Jan-2026,MAMU PALOPO,KEMEJA MAMU,KEMEJA FORMAL ABU TUA PDK 2XL,0,1,0,0,75170,75170,0
Feb-2026,MAMU PALOPO,KEMEJA MAMU,KEMEJA FORMAL ABU TUA PDK 2XL,0,1,0,0,75170,75170,75170
Mar-2026,MAMU PALOPO,KEMEJA MAMU,KEMEJA FORMAL ABU TUA PDK 2XL,0,1,0,0,75170,75170,75170
Apr-2026,MAMU PALOPO,KEMEJA MAMU,KEMEJA FORMAL ABU TUA PDK 2XL,0,1,0,0,75170,75170,75170
Mei-2026,MAMU PALOPO,KEMEJA MAMU,KEMEJA FORMAL ABU TUA PDK 2XL,0,1,0,0,75170,75170,75170
Jun-2026,MAMU PALOPO,KEMEJA MAMU,KEMEJA FORMAL ABU TUA PDK 2XL,0,1,0,0,75170,75170,75170
Jul-2026,MAMU PALOPO,KEMEJA MAMU,KEMEJA FORMAL ABU TUA PDK 2XL,75170,0,0,0,75170,0,75170
Jan-2026,MAMU PALOPO,KEMEJA MAMU,KEMEJA FORMAL ABU TUA PDK L,0,2,0,0,75170,150340,0
Feb-2026,MAMU PALOPO,KEMEJA MAMU,KEMEJA FORMAL ABU TUA PDK L,0,2,0,0,75170,150340,150340
Mar-2026,MAMU PALOPO,KEMEJA MAMU,KEMEJA FORMAL ABU TUA PDK L,0,2,0,0,75170,150340,150340
Apr-2026,MAMU PALOPO,KEMEJA MAMU,KEMEJA FORMAL ABU TUA PDK L,0,2,0,0,75170,150340,150340
Mei-2026,MAMU PALOPO,KEMEJA MAMU,KEMEJA FORMAL ABU TUA PDK L,0,2,0,0,75170,150340,150340
Jun-2026,MAMU PALOPO,KEMEJA MAMU,KEMEJA FORMAL ABU TUA PDK L,0,2,0,0,75170,150340,150340
Jul-2026,MAMU PALOPO,KEMEJA MAMU,KEMEJA FORMAL ABU TUA PDK L,75170,2,0,0,75170,150340,150340
Agu-2026,MAMU PALOPO,KEMEJA MAMU,KEMEJA FORMAL ABU TUA PDK L,0,1,0,0,75170,75170,150340
Sep-2026,MAMU PALOPO,KEMEJA MAMU,KEMEJA FORMAL ABU TUA PDK L,0,1,0,0,75170,75170,75170
Okt-2026,MAMU PALOPO,KEMEJA MAMU,KEMEJA FORMAL ABU TUA PDK L,0,1,0,0,75170,75170,75170
Jan-2026,MAMU PALOPO,KEMEJA MAMU,KEMEJA FORMAL ABU TUA PDK XL,0,2,0,0,75170,150340,0
Feb-2026,MAMU PALOPO,KEMEJA MAMU,KEMEJA FORMAL ABU TUA PDK XL,75170,1,0,0,75170,75170,150340
Mar-2026,MAMU PALOPO,KEMEJA MAMU,KEMEJA FORMAL ABU TUA PDK XL,0,1,0,0,75170,75170,75170
Apr-2026,MAMU PALOPO,KEMEJA MAMU,KEMEJA FORMAL ABU TUA PDK XL,0,1,0,0,75170,75170,75170
Mei-2026,MAMU PALOPO,KEMEJA MAMU,KEMEJA FORMAL ABU TUA PDK XL,0,1,0,0,75170,75170,75170
Jun-2026,MAMU PALOPO,KEMEJA MAMU,KEMEJA FORMAL ABU TUA PDK XL,0,1,0,0,75170,75170,75170
Jul-2026,MAMU PALOPO,KEMEJA MAMU,KEMEJA FORMAL ABU TUA PDK XL,0,1,0,0,75170,75170,75170
Agu-2026,MAMU PALOPO,KEMEJA MAMU,KEMEJA FORMAL ABU TUA PDK XL,75170,0,0,0,75170,0,75170
Jan-2026,MAMU PALOPO,KEMEJA MAMU,KEMEJA FORMAL ABU TUA PJG 2XL,0,1,0,0,88170,88170,0
Feb-2026,MAMU PALOPO,KEMEJA MAMU,KEMEJA FORMAL ABU TUA PJG 2XL,0,1,0,0,88170,88170,88170
Mar-2026,MAMU PALOPO,KEMEJA MAMU,KEMEJA FORMAL ABU TUA PJG 2XL,0,1,0,0,88170,88170,88170
Apr-2026,MAMU PALOPO,KEMEJA MAMU,KEMEJA FORMAL ABU TUA PJG 2XL,0,1,0,0,88170,88170,88170
Mei-2026,MAMU PALOPO,KEMEJA MAMU,KEMEJA FORMAL ABU TUA PJG 2XL,0,1,0,0,88170,88170,88170
Jun-2026,MAMU PALOPO,KEMEJA MAMU,KEMEJA FORMAL ABU TUA PJG 2XL,0,1,0,0,88170,88170,88170
Jul-2026,MAMU PALOPO,KEMEJA MAMU,KEMEJA FORMAL ABU TUA PJG 2XL,0,1,0,0,88170,88170,88170
Agu-2026,MAMU PALOPO,KEMEJA MAMU,KEMEJA FORMAL ABU TUA PJG 2XL,0,1,0,0,88170,88170,88170
Sep-2026,MAMU PALOPO,KEMEJA MAMU,KEMEJA FORMAL ABU TUA PJG 2XL,0,1,0,0,88170,88170,88170
Okt-2026,MAMU PALOPO,KEMEJA MAMU,KEMEJA FORMAL ABU TUA PJG 2XL,0,1,0,0,88170,88170,88170
Jan-2026,MAMU PALOPO,KEMEJA MAMU,KEMEJA FORMAL ABU TUA PJG L,0,5,0,0,88170,440850,0
Feb-2026,MAMU PALOPO,KEMEJA MAMU,KEMEJA FORMAL ABU TUA PJG L,0,5,0,0,88170,440850,440850
Mar-2026,MAMU PALOPO,KEMEJA MAMU,KEMEJA FORMAL ABU TUA PJG L,0,5,0,0,88170,440850,440850
Apr-2026,MAMU PALOPO,KEMEJA MAMU,KEMEJA FORMAL ABU TUA PJG L,0,5,0,0,88170,440850,440850
Mei-2026,MAMU PALOPO,KEMEJA MAMU,KEMEJA FORMAL ABU TUA PJG L,0,5,0,0,88170,440850,440850
Jun-2026,MAMU PALOPO,KEMEJA MAMU,KEMEJA FORMAL ABU TUA PJG L,0,5,0,0,88170,440850,440850
Jul-2026,MAMU PALOPO,KEMEJA MAMU,KEMEJA FORMAL ABU TUA PJG L,0,5,0,0,88170,440850,440850
Agu-2026,MAMU PALOPO,KEMEJA MAMU,KEMEJA FORMAL ABU TUA PJG L,0,5,0,0,88170,440850,440850
Sep-2026,MAMU PALOPO,KEMEJA MAMU,KEMEJA FORMAL ABU TUA PJG L,88170,4,0,0,88170,352680,440850
Okt-2026,MAMU PALOPO,KEMEJA MAMU,KEMEJA FORMAL ABU TUA PJG L,0,4,0,0,88170,352680,352680
Jan-2026,MAMU PALOPO,KEMEJA MAMU,KEMEJA FORMAL ABU TUA PJG M,0,1,0,0,88170,88170,0
Feb-2026,MAMU PALOPO,KEMEJA MAMU,KEMEJA FORMAL ABU TUA PJG M,0,1,0,0,88170,88170,88170
Mar-2026,MAMU PALOPO,KEMEJA MAMU,KEMEJA FORMAL ABU TUA PJG M,0,1,0,0,88170,88170,88170
Apr-2026,MAMU PALOPO,KEMEJA MAMU,KEMEJA FORMAL ABU TUA PJG M,0,1,0,0,88170,88170,88170
Mei-2026,MAMU PALOPO,KEMEJA MAMU,KEMEJA FORMAL ABU TUA PJG M,0,1,0,0,88170,88170,88170
Jun-2026,MAMU PALOPO,KEMEJA MAMU,KEMEJA FORMAL ABU TUA PJG M,0,1,0,0,88170,88170,88170
Jul-2026,MAMU PALOPO,KEMEJA MAMU,KEMEJA FORMAL ABU TUA PJG M,0,1,0,0,88170,88170,88170
Agu-2026,MAMU PALOPO,KEMEJA MAMU,KEMEJA FORMAL ABU TUA PJG M,0,1,0,0,88170,88170,88170
Sep-2026,MAMU PALOPO,KEMEJA MAMU,KEMEJA FORMAL ABU TUA PJG M,0,1,0,0,88170,88170,88170
Okt-2026,MAMU PALOPO,KEMEJA MAMU,KEMEJA FORMAL ABU TUA PJG M,0,1,0,0,88170,88170,88170
Jan-2026,MAMU PALOPO,KEMEJA MAMU,KEMEJA FORMAL ABU TUA PJG XL,0,3,0,0,88170,264510,0
Feb-2026,MAMU PALOPO,KEMEJA MAMU,KEMEJA FORMAL ABU TUA PJG XL,0,3,0,0,88170,264510,264510
Mar-2026,MAMU PALOPO,KEMEJA MAMU,KEMEJA FORMAL ABU TUA PJG XL,0,3,0,0,88170,264510,264510
Apr-2026,MAMU PALOPO,KEMEJA MAMU,KEMEJA FORMAL ABU TUA PJG XL,0,3,0,0,88170,264510,264510
Mei-2026,MAMU PALOPO,KEMEJA MAMU,KEMEJA FORMAL ABU TUA PJG XL,0,3,0,0,88170,264510,264510
Jun-2026,MAMU PALOPO,KEMEJA MAMU,KEMEJA FORMAL ABU TUA PJG XL,0,3,0,0,88170,264510,264510
Jul-2026,MAMU PALOPO,KEMEJA MAMU,KEMEJA FORMAL ABU TUA PJG XL,0,3,0,0,88170,264510,264510
Agu-2026,MAMU PALOPO,KEMEJA MAMU,KEMEJA FORMAL ABU TUA PJG XL,0,3,0,0,88170,264510,264510
Sep-2026,MAMU PALOPO,KEMEJA MAMU,KEMEJA FORMAL ABU TUA PJG XL,0,3,0,0,88170,264510,264510
Okt-2026,MAMU PALOPO,KEMEJA MAMU,KEMEJA FORMAL ABU TUA PJG XL,0,3,0,0,88170,264510,264510
Jan-2026,MAMU PALOPO,KEMEJA MAMU,KEMEJA FORMAL BURGUNDY PDK 2XL,0,1,0,0,75170,75170,0
Feb-2026,MAMU PALOPO,KEMEJA MAMU,KEMEJA FORMAL BURGUNDY PDK 2XL,0,1,0,0,75170,75170,75170
Mar-2026,MAMU PALOPO,KEMEJA MAMU,KEMEJA FORMAL BURGUNDY PDK 2XL,0,1,0,0,75170,75170,75170
Apr-2026,MAMU PALOPO,KEMEJA MAMU,KEMEJA FORMAL BURGUNDY PDK 2XL,0,1,0,0,75170,75170,75170
Mei-2026,MAMU PALOPO,KEMEJA MAMU,KEMEJA FORMAL BURGUNDY PDK 2XL,75170,0,0,0,75170,0,75170
Jan-2026,MAMU PALOPO,KEMEJA MAMU,KEMEJA FORMAL BURGUNDY PDK XL,0,4,0,0,75170,300680,0
Feb-2026,MAMU PALOPO,KEMEJA MAMU,KEMEJA FORMAL BURGUNDY PDK XL,0,4,0,0,75170,300680,300680
Mar-2026,MAMU PALOPO,KEMEJA MAMU,KEMEJA FORMAL BURGUNDY PDK XL,0,4,0,0,75170,300680,300680
Apr-2026,MAMU PALOPO,KEMEJA MAMU,KEMEJA FORMAL BURGUNDY PDK XL,0,4,0,0,75170,300680,300680
Mei-2026,MAMU PALOPO,KEMEJA MAMU,KEMEJA FORMAL BURGUNDY PDK XL,0,4,0,0,75170,300680,300680
Jun-2026,MAMU PALOPO,KEMEJA MAMU,KEMEJA FORMAL BURGUNDY PDK XL,0,4,0,0,75170,300680,300680
Jul-2026,MAMU PALOPO,KEMEJA MAMU,KEMEJA FORMAL BURGUNDY PDK XL,0,4,0,0,75170,300680,300680
Agu-2026,MAMU PALOPO,KEMEJA MAMU,KEMEJA FORMAL BURGUNDY PDK XL,0,4,0,0,75170,300680,300680
Sep-2026,MAMU PALOPO,KEMEJA MAMU,KEMEJA FORMAL BURGUNDY PDK XL,0,4,0,0,75170,300680,300680
Okt-2026,MAMU PALOPO,KEMEJA MAMU,KEMEJA FORMAL BURGUNDY PDK XL,0,4,0,0,75170,300680,300680
Jan-2026,MAMU PALOPO,KEMEJA MAMU,KEMEJA FORMAL BURGUNDY PJG 2XL,0,1,0,0,88170,88170,0
Feb-2026,MAMU PALOPO,KEMEJA MAMU,KEMEJA FORMAL BURGUNDY PJG 2XL,0,1,0,0,88170,88170,88170
Mar-2026,MAMU PALOPO,KEMEJA MAMU,KEMEJA FORMAL BURGUNDY PJG 2XL,0,1,0,0,88170,88170,88170
Apr-2026,MAMU PALOPO,KEMEJA MAMU,KEMEJA FORMAL BURGUNDY PJG 2XL,0,1,0,0,88170,88170,88170
Mei-2026,MAMU PALOPO,KEMEJA MAMU,KEMEJA FORMAL BURGUNDY PJG 2XL,0,1,0,0,88170,88170,88170
Jun-2026,MAMU PALOPO,KEMEJA MAMU,KEMEJA FORMAL BURGUNDY PJG 2XL,0,1,0,0,88170,88170,88170
Jul-2026,MAMU PALOPO,KEMEJA MAMU,KEMEJA FORMAL BURGUNDY PJG 2XL,0,1,0,0,88170,88170,88170
Agu-2026,MAMU PALOPO,KEMEJA MAMU,KEMEJA FORMAL BURGUNDY PJG 2XL,0,1,0,0,88170,88170,88170
Sep-2026,MAMU PALOPO,KEMEJA MAMU,KEMEJA FORMAL BURGUNDY PJG 2XL,0,1,0,0,88170,88170,88170
Okt-2026,MAMU PALOPO,KEMEJA MAMU,KEMEJA FORMAL BURGUNDY PJG 2XL,0,1,0,0,88170,88170,88170
Jan-2026,MAMU PALOPO,KEMEJA MAMU,KEMEJA FORMAL BURGUNDY PJG L,0,5,0,0,88170,440850,0
Feb-2026,MAMU PALOPO,KEMEJA MAMU,KEMEJA FORMAL BURGUNDY PJG L,0,5,0,0,88170,440850,440850
Mar-2026,MAMU PALOPO,KEMEJA MAMU,KEMEJA FORMAL BURGUNDY PJG L,0,5,0,0,88170,440850,440850
Apr-2026,MAMU PALOPO,KEMEJA MAMU,KEMEJA FORMAL BURGUNDY PJG L,0,5,0,0,88170,440850,440850
Mei-2026,MAMU PALOPO,KEMEJA MAMU,KEMEJA FORMAL BURGUNDY PJG L,0,5,0,0,88170,440850,440850
Jun-2026,MAMU PALOPO,KEMEJA MAMU,KEMEJA FORMAL BURGUNDY PJG L,0,5,0,0,88170,440850,440850
Jul-2026,MAMU PALOPO,KEMEJA MAMU,KEMEJA FORMAL BURGUNDY PJG L,0,5,0,0,88170,440850,440850
Agu-2026,MAMU PALOPO,KEMEJA MAMU,KEMEJA FORMAL BURGUNDY PJG L,0,5,0,0,88170,440850,440850
Sep-2026,MAMU PALOPO,KEMEJA MAMU,KEMEJA FORMAL BURGUNDY PJG L,0,5,0,0,88170,440850,440850
Okt-2026,MAMU PALOPO,KEMEJA MAMU,KEMEJA FORMAL BURGUNDY PJG L,0,5,0,0,88170,440850,440850
Jan-2026,MAMU PALOPO,KEMEJA MAMU,KEMEJA FORMAL BURGUNDY PJG M,0,2,0,0,88170,176340,0
Feb-2026,MAMU PALOPO,KEMEJA MAMU,KEMEJA FORMAL BURGUNDY PJG M,0,2,0,0,88170,176340,176340
Mar-2026,MAMU PALOPO,KEMEJA MAMU,KEMEJA FORMAL BURGUNDY PJG M,0,2,0,0,88170,176340,176340
Apr-2026,MAMU PALOPO,KEMEJA MAMU,KEMEJA FORMAL BURGUNDY PJG M,0,2,0,0,88170,176340,176340
Mei-2026,MAMU PALOPO,KEMEJA MAMU,KEMEJA FORMAL BURGUNDY PJG M,0,2,0,0,88170,176340,176340
Jun-2026,MAMU PALOPO,KEMEJA MAMU,KEMEJA FORMAL BURGUNDY PJG M,0,2,0,0,88170,176340,176340
Jul-2026,MAMU PALOPO,KEMEJA MAMU,KEMEJA FORMAL BURGUNDY PJG M,0,2,0,0,88170,176340,176340
Agu-2026,MAMU PALOPO,KEMEJA MAMU,KEMEJA FORMAL BURGUNDY PJG M,0,2,0,0,88170,176340,176340
Sep-2026,MAMU PALOPO,KEMEJA MAMU,KEMEJA FORMAL BURGUNDY PJG M,0,2,0,0,88170,176340,176340
Okt-2026,MAMU PALOPO,KEMEJA MAMU,KEMEJA FORMAL BURGUNDY PJG M,0,2,0,0,88170,176340,176340
Jan-2026,MAMU PALOPO,KEMEJA MAMU,KEMEJA FORMAL BURGUNDY PJG XL,0,2,0,0,88170,176340,0
Feb-2026,MAMU PALOPO,KEMEJA MAMU,KEMEJA FORMAL BURGUNDY PJG XL,0,2,0,0,88170,176340,176340
Mar-2026,MAMU PALOPO,KEMEJA MAMU,KEMEJA FORMAL BURGUNDY PJG XL,0,2,0,0,88170,176340,176340
Apr-2026,MAMU PALOPO,KEMEJA MAMU,KEMEJA FORMAL BURGUNDY PJG XL,0,2,0,0,88170,176340,176340
Mei-2026,MAMU PALOPO,KEMEJA MAMU,KEMEJA FORMAL BURGUNDY PJG XL,0,2,0,0,88170,176340,176340
Jun-2026,MAMU PALOPO,KEMEJA MAMU,KEMEJA FORMAL BURGUNDY PJG XL,0,2,0,0,88170,176340,176340
Jul-2026,MAMU PALOPO,KEMEJA MAMU,KEMEJA FORMAL BURGUNDY PJG XL,0,2,0,0,88170,176340,176340
Agu-2026,MAMU PALOPO,KEMEJA MAMU,KEMEJA FORMAL BURGUNDY PJG XL,0,2,0,0,88170,176340,176340
Sep-2026,MAMU PALOPO,KEMEJA MAMU,KEMEJA FORMAL BURGUNDY PJG XL,0,2,0,0,88170,176340,176340
Okt-2026,MAMU PALOPO,KEMEJA MAMU,KEMEJA FORMAL BURGUNDY PJG XL,0,2,0,0,88170,176340,176340
Jan-2026,MAMU PALOPO,KEMEJA MAMU,KEMEJA FORMAL HITAM PDK 2XL,0,1,0,0,74214,74214,0
Feb-2026,MAMU PALOPO,KEMEJA MAMU,KEMEJA FORMAL HITAM PDK 2XL,0,1,0,0,74214,74214,74214
Mar-2026,MAMU PALOPO,KEMEJA MAMU,KEMEJA FORMAL HITAM PDK 2XL,0,1,0,0,74214,74214,74214
Apr-2026,MAMU PALOPO,KEMEJA MAMU,KEMEJA FORMAL HITAM PDK 2XL,0,1,0,0,74214,74214,74214
Mei-2026,MAMU PALOPO,KEMEJA MAMU,KEMEJA FORMAL HITAM PDK 2XL,0,1,0,0,72954,72954,74214
Jun-2026,MAMU PALOPO,KEMEJA MAMU,KEMEJA FORMAL HITAM PDK 2XL,0,1,0,0,72954,72954,72954
Jul-2026,MAMU PALOPO,KEMEJA MAMU,KEMEJA FORMAL HITAM PDK 2XL,74075,0,0,0,74214,0,72954
Jan-2026,MAMU PALOPO,KEMEJA MAMU,KEMEJA FORMAL HITAM PDK L,0,6,0,0,74206,445236,0
Feb-2026,MAMU PALOPO,KEMEJA MAMU,KEMEJA FORMAL HITAM PDK L,0,6,0,0,74206,445236,445236
Mar-2026,MAMU PALOPO,KEMEJA MAMU,KEMEJA FORMAL HITAM PDK L,221928,2,0,0,74158,148316,445236
Apr-2026,MAMU PALOPO,KEMEJA MAMU,KEMEJA FORMAL HITAM PDK L,0,2,0,0,74158,148316,148316
Mei-2026,MAMU PALOPO,KEMEJA MAMU,KEMEJA FORMAL HITAM PDK L,73976,1,0,0,72993,72993,148316
Jun-2026,MAMU PALOPO,KEMEJA MAMU,KEMEJA FORMAL HITAM PDK L,0,1,0,0,72993,72993,72993
Jul-2026,MAMU PALOPO,KEMEJA MAMU,KEMEJA FORMAL HITAM PDK L,0,1,0,0,72993,72993,72993
Agu-2026,MAMU PALOPO,KEMEJA MAMU,KEMEJA FORMAL HITAM PDK L,0,5,0,0,72993,364965,72993
Sep-2026,MAMU PALOPO,KEMEJA MAMU,KEMEJA FORMAL HITAM PDK L,73190,4,0,0,72993,291972,364965
Okt-2026,MAMU PALOPO,KEMEJA MAMU,KEMEJA FORMAL HITAM PDK L,0,4,0,0,72993,291972,291972
Apr-2026,MAMU PALOPO,KEMEJA MAMU,KEMEJA FORMAL HITAM PDK M,0,2,0,0,74154,148308,0
Mei-2026,MAMU PALOPO,KEMEJA MAMU,KEMEJA FORMAL HITAM PDK M,0,2,0,0,72991,145982,148308
Jun-2026,MAMU PALOPO,KEMEJA MAMU,KEMEJA FORMAL HITAM PDK M,0,2,0,0,72991,145982,145982
Jul-2026,MAMU PALOPO,KEMEJA MAMU,KEMEJA FORMAL HITAM PDK M,146040,0,0,0,74214,0,145982
Agu-2026,MAMU PALOPO,KEMEJA MAMU,KEMEJA FORMAL HITAM PDK M,145982,5,0,0,72991,364955,0
Sep-2026,MAMU PALOPO,KEMEJA MAMU,KEMEJA FORMAL HITAM PDK M,0,4,0,0,72991,291964,364955
Okt-2026,MAMU PALOPO,KEMEJA MAMU,KEMEJA FORMAL HITAM PDK M,0,4,0,0,72991,291964,291964
Jan-2026,MAMU PALOPO,KEMEJA MAMU,KEMEJA FORMAL HITAM PDK XL,0,2,0,0,74177,148354,0
Feb-2026,MAMU PALOPO,KEMEJA MAMU,KEMEJA FORMAL HITAM PDK XL,73924,1,0,0,74177,74177,148354
Mar-2026,MAMU PALOPO,KEMEJA MAMU,KEMEJA FORMAL HITAM PDK XL,0,1,0,0,73987,73987,74177
Apr-2026,MAMU PALOPO,KEMEJA MAMU,KEMEJA FORMAL HITAM PDK XL,0,2,0,0,73987,147974,73987
Mei-2026,MAMU PALOPO,KEMEJA MAMU,KEMEJA FORMAL HITAM PDK XL,73439,1,0,0,72991,72991,147974
Jun-2026,MAMU PALOPO,KEMEJA MAMU,KEMEJA FORMAL HITAM PDK XL,0,1,0,0,72991,72991,72991
Jul-2026,MAMU PALOPO,KEMEJA MAMU,KEMEJA FORMAL HITAM PDK XL,0,1,0,0,72991,72991,72991
Agu-2026,MAMU PALOPO,KEMEJA MAMU,KEMEJA FORMAL HITAM PDK XL,0,5,0,0,72991,364955,72991
Sep-2026,MAMU PALOPO,KEMEJA MAMU,KEMEJA FORMAL HITAM PDK XL,0,5,0,0,72991,364955,364955
Okt-2026,MAMU PALOPO,KEMEJA MAMU,KEMEJA FORMAL HITAM PDK XL,0,5,0,0,72991,364955,364955
Jan-2026,MAMU PALOPO,KEMEJA MAMU,KEMEJA FORMAL HITAM PJG L,0,6,0,0,87185,523110,0
Feb-2026,MAMU PALOPO,KEMEJA MAMU,KEMEJA FORMAL HITAM PJG L,0,6,0,0,87185,523110,523110
Mar-2026,MAMU PALOPO,KEMEJA MAMU,KEMEJA FORMAL HITAM PJG L,87013,4,0,0,87110,348440,523110
Apr-2026,MAMU PALOPO,KEMEJA MAMU,KEMEJA FORMAL HITAM PJG L,0,5,0,0,87110,435550,348440
Mei-2026,MAMU PALOPO,KEMEJA MAMU,KEMEJA FORMAL HITAM PJG L,0,5,0,0,86028,430140,435550
Jun-2026,MAMU PALOPO,KEMEJA MAMU,KEMEJA FORMAL HITAM PJG L,0,5,0,0,86028,430140,430140
Jul-2026,MAMU PALOPO,KEMEJA MAMU,KEMEJA FORMAL HITAM PJG L,87013,4,0,0,86028,344112,430140
Agu-2026,MAMU PALOPO,KEMEJA MAMU,KEMEJA FORMAL HITAM PJG L,0,5,0,0,86028,430140,344112
Sep-2026,MAMU PALOPO,KEMEJA MAMU,KEMEJA FORMAL HITAM PJG L,86816,4,0,0,86028,344112,430140
Okt-2026,MAMU PALOPO,KEMEJA MAMU,KEMEJA FORMAL HITAM PJG L,0,4,0,0,86028,344112,344112
Jan-2026,MAMU PALOPO,KEMEJA MAMU,KEMEJA FORMAL HITAM PJG M,87019,0,0,0,87214,0,0
Apr-2026,MAMU PALOPO,KEMEJA MAMU,KEMEJA FORMAL HITAM PJG M,0,2,0,0,87183,174366,0
Mei-2026,MAMU PALOPO,KEMEJA MAMU,KEMEJA FORMAL HITAM PJG M,0,2,0,0,85993,171986,174366
Jun-2026,MAMU PALOPO,KEMEJA MAMU,KEMEJA FORMAL HITAM PJG M,0,2,0,0,85993,171986,171986
Jul-2026,MAMU PALOPO,KEMEJA MAMU,KEMEJA FORMAL HITAM PJG M,0,2,0,0,85993,171986,171986
Agu-2026,MAMU PALOPO,KEMEJA MAMU,KEMEJA FORMAL HITAM PJG M,0,5,0,0,85993,429965,171986
Sep-2026,MAMU PALOPO,KEMEJA MAMU,KEMEJA FORMAL HITAM PJG M,0,5,0,0,85993,429965,429965
Okt-2026,MAMU PALOPO,KEMEJA MAMU,KEMEJA FORMAL HITAM PJG M,0,5,0,0,85993,429965,429965
Jan-2026,MAMU PALOPO,KEMEJA MAMU,KEMEJA FORMAL HITAM PJG XL,0,2,0,0,87214,174428,0
Feb-2026,MAMU PALOPO,KEMEJA MAMU,KEMEJA FORMAL HITAM PJG XL,86964,1,0,0,87214,87214,174428
Mar-2026,MAMU PALOPO,KEMEJA MAMU,KEMEJA FORMAL HITAM PJG XL,0,1,0,0,87214,87214,87214
Apr-2026,MAMU PALOPO,KEMEJA MAMU,KEMEJA FORMAL HITAM PJG XL,0,1,0,0,87214,87214,87214
Mei-2026,MAMU PALOPO,KEMEJA MAMU,KEMEJA FORMAL HITAM PJG XL,86964,0,0,0,87214,0,87214
Agu-2026,MAMU PALOPO,KEMEJA MAMU,KEMEJA FORMAL HITAM PJG XL,0,5,0,0,85989,429945,0
Sep-2026,MAMU PALOPO,KEMEJA MAMU,KEMEJA FORMAL HITAM PJG XL,0,5,0,0,85989,429945,429945
Okt-2026,MAMU PALOPO,KEMEJA MAMU,KEMEJA FORMAL HITAM PJG XL,0,5,0,0,85989,429945,429945
Jan-2026,MAMU PALOPO,KEMEJA MAMU,KEMEJA FORMAL LIGHT BROWN PDK L,0,2,0,0,75170,150340,0
Feb-2026,MAMU PALOPO,KEMEJA MAMU,KEMEJA FORMAL LIGHT BROWN PDK L,0,2,0,0,72928,145856,150340
Mar-2026,MAMU PALOPO,KEMEJA MAMU,KEMEJA FORMAL LIGHT BROWN PDK L,0,2,0,0,72953,145906,145856
Apr-2026,MAMU PALOPO,KEMEJA MAMU,KEMEJA FORMAL LIGHT BROWN PDK L,75170,1,0,0,72953,72953,145906
Mei-2026,MAMU PALOPO,KEMEJA MAMU,KEMEJA FORMAL LIGHT BROWN PDK L,0,1,0,0,72953,72953,72953
Jun-2026,MAMU PALOPO,KEMEJA MAMU,KEMEJA FORMAL LIGHT BROWN PDK L,0,1,0,0,72953,72953,72953
Jul-2026,MAMU PALOPO,KEMEJA MAMU,KEMEJA FORMAL LIGHT BROWN PDK L,0,1,0,0,72953,72953,72953
Agu-2026,MAMU PALOPO,KEMEJA MAMU,KEMEJA FORMAL LIGHT BROWN PDK L,0,1,0,0,72953,72953,72953
Sep-2026,MAMU PALOPO,KEMEJA MAMU,KEMEJA FORMAL LIGHT BROWN PDK L,0,1,0,0,72953,72953,72953
Okt-2026,MAMU PALOPO,KEMEJA MAMU,KEMEJA FORMAL LIGHT BROWN PDK L,0,1,0,0,72953,72953,72953
Jan-2026,MAMU PALOPO,KEMEJA MAMU,KEMEJA FORMAL LIGHT BROWN PDK M,75170,0,0,0,75170,0,0
Jan-2026,MAMU PALOPO,KEMEJA MAMU,KEMEJA FORMAL LIGHT BROWN PDK XL,0,1,0,0,75170,75170,0
Feb-2026,MAMU PALOPO,KEMEJA MAMU,KEMEJA FORMAL LIGHT BROWN PDK XL,0,1,0,0,72928,72928,75170
Mar-2026,MAMU PALOPO,KEMEJA MAMU,KEMEJA FORMAL LIGHT BROWN PDK XL,75170,0,0,0,75170,0,72928
Jan-2026,MAMU PALOPO,KEMEJA MAMU,KEMEJA FORMAL LIGHT BROWN PJG 2XL,0,1,0,0,88170,88170,0
Feb-2026,MAMU PALOPO,KEMEJA MAMU,KEMEJA FORMAL LIGHT BROWN PJG 2XL,0,1,0,0,85928,85928,88170
Mar-2026,MAMU PALOPO,KEMEJA MAMU,KEMEJA FORMAL LIGHT BROWN PJG 2XL,0,1,0,0,85928,85928,85928
Apr-2026,MAMU PALOPO,KEMEJA MAMU,KEMEJA FORMAL LIGHT BROWN PJG 2XL,0,1,0,0,85928,85928,85928
Mei-2026,MAMU PALOPO,KEMEJA MAMU,KEMEJA FORMAL LIGHT BROWN PJG 2XL,0,1,0,0,85928,85928,85928
Jun-2026,MAMU PALOPO,KEMEJA MAMU,KEMEJA FORMAL LIGHT BROWN PJG 2XL,88170,0,0,0,88170,0,85928
Jan-2026,MAMU PALOPO,KEMEJA MAMU,KEMEJA FORMAL LIGHT BROWN PJG M,0,2,0,0,88170,176340,0
Feb-2026,MAMU PALOPO,KEMEJA MAMU,KEMEJA FORMAL LIGHT BROWN PJG M,0,2,0,0,85928,171856,176340
Mar-2026,MAMU PALOPO,KEMEJA MAMU,KEMEJA FORMAL LIGHT BROWN PJG M,88170,1,0,0,85979,85979,171856
Apr-2026,MAMU PALOPO,KEMEJA MAMU,KEMEJA FORMAL LIGHT BROWN PJG M,0,1,0,0,85979,85979,85979
Mei-2026,MAMU PALOPO,KEMEJA MAMU,KEMEJA FORMAL LIGHT BROWN PJG M,0,1,0,0,85979,85979,85979
Jun-2026,MAMU PALOPO,KEMEJA MAMU,KEMEJA FORMAL LIGHT BROWN PJG M,0,1,0,0,85979,85979,85979
Jul-2026,MAMU PALOPO,KEMEJA MAMU,KEMEJA FORMAL LIGHT BROWN PJG M,0,1,0,0,85979,85979,85979
Agu-2026,MAMU PALOPO,KEMEJA MAMU,KEMEJA FORMAL LIGHT BROWN PJG M,88170,0,0,0,88170,0,85979
Jan-2026,MAMU PALOPO,KEMEJA MAMU,KEMEJA FORMAL LIGHT BROWN PJG XL,0,2,0,0,88170,176340,0
Feb-2026,MAMU PALOPO,KEMEJA MAMU,KEMEJA FORMAL LIGHT BROWN PJG XL,0,2,0,0,85928,171856,176340
Mar-2026,MAMU PALOPO,KEMEJA MAMU,KEMEJA FORMAL LIGHT BROWN PJG XL,0,2,0,0,85974,171948,171856
Apr-2026,MAMU PALOPO,KEMEJA MAMU,KEMEJA FORMAL LIGHT BROWN PJG XL,0,2,0,0,85974,171948,171948
Mei-2026,MAMU PALOPO,KEMEJA MAMU,KEMEJA FORMAL LIGHT BROWN PJG XL,0,2,0,0,85974,171948,171948
Jun-2026,MAMU PALOPO,KEMEJA MAMU,KEMEJA FORMAL LIGHT BROWN PJG XL,0,2,0,0,85974,171948,171948
Jul-2026,MAMU PALOPO,KEMEJA MAMU,KEMEJA FORMAL LIGHT BROWN PJG XL,0,2,0,0,85974,171948,171948
Agu-2026,MAMU PALOPO,KEMEJA MAMU,KEMEJA FORMAL LIGHT BROWN PJG XL,0,2,0,0,85974,171948,171948
Sep-2026,MAMU PALOPO,KEMEJA MAMU,KEMEJA FORMAL LIGHT BROWN PJG XL,0,2,0,0,85974,171948,171948
Okt-2026,MAMU PALOPO,KEMEJA MAMU,KEMEJA FORMAL LIGHT BROWN PJG XL,0,2,0,0,85974,171948,171948
Jan-2026,MAMU PALOPO,KEMEJA MAMU,KEMEJA FORMAL NAVY PDK 2XL,73797,0,0,0,77095,0,0
Jan-2026,MAMU PALOPO,KEMEJA MAMU,KEMEJA FORMAL NAVY PDK L,0,2,0,0,73797,147594,0
Feb-2026,MAMU PALOPO,KEMEJA MAMU,KEMEJA FORMAL NAVY PDK L,0,2,0,0,77095,154190,147594
Mar-2026,MAMU PALOPO,KEMEJA MAMU,KEMEJA FORMAL NAVY PDK L,301784,0,0,0,73797,0,154190
Mei-2026,MAMU PALOPO,KEMEJA MAMU,KEMEJA FORMAL NAVY PDK L,0,0,5,0,74217,371085,0
Jun-2026,MAMU PALOPO,KEMEJA MAMU,KEMEJA FORMAL NAVY PDK L,74217,4,0,0,74217,296868,371085
Jul-2026,MAMU PALOPO,KEMEJA MAMU,KEMEJA FORMAL NAVY PDK L,0,4,0,0,74217,296868,296868
Agu-2026,MAMU PALOPO,KEMEJA MAMU,KEMEJA FORMAL NAVY PDK L,0,4,0,0,74217,296868,296868
Sep-2026,MAMU PALOPO,KEMEJA MAMU,KEMEJA FORMAL NAVY PDK L,74217,3,0,0,74217,222651,296868
Okt-2026,MAMU PALOPO,KEMEJA MAMU,KEMEJA FORMAL NAVY PDK L,0,3,0,0,74217,222651,222651
Jan-2026,MAMU PALOPO,KEMEJA MAMU,KEMEJA FORMAL NAVY PDK XL,0,2,0,0,73797,147594,0
Feb-2026,MAMU PALOPO,KEMEJA MAMU,KEMEJA FORMAL NAVY PDK XL,0,2,0,0,77095,154190,147594
Mar-2026,MAMU PALOPO,KEMEJA MAMU,KEMEJA FORMAL NAVY PDK XL,0,2,0,0,74208,148416,154190
Apr-2026,MAMU PALOPO,KEMEJA MAMU,KEMEJA FORMAL NAVY PDK XL,0,2,0,0,74208,148416,148416
Mei-2026,MAMU PALOPO,KEMEJA MAMU,KEMEJA FORMAL NAVY PDK XL,0,2,0,0,74208,148416,148416
Jun-2026,MAMU PALOPO,KEMEJA MAMU,KEMEJA FORMAL NAVY PDK XL,0,2,0,0,74208,148416,148416
Jul-2026,MAMU PALOPO,KEMEJA MAMU,KEMEJA FORMAL NAVY PDK XL,0,2,0,0,74208,148416,148416
Agu-2026,MAMU PALOPO,KEMEJA MAMU,KEMEJA FORMAL NAVY PDK XL,0,2,0,0,74208,148416,148416
Sep-2026,MAMU PALOPO,KEMEJA MAMU,KEMEJA FORMAL NAVY PDK XL,0,2,0,0,74208,148416,148416
Okt-2026,MAMU PALOPO,KEMEJA MAMU,KEMEJA FORMAL NAVY PDK XL,0,2,0,0,74208,148416,148416
Jan-2026,MAMU PALOPO,KEMEJA MAMU,KEMEJA FORMAL NAVY PJG 2XL,0,1,0,0,86797,86797,0
Feb-2026,MAMU PALOPO,KEMEJA MAMU,KEMEJA FORMAL NAVY PJG 2XL,0,1,0,0,88095,88095,86797
Mar-2026,MAMU PALOPO,KEMEJA MAMU,KEMEJA FORMAL NAVY PJG 2XL,0,1,0,0,88095,88095,88095
Apr-2026,MAMU PALOPO,KEMEJA MAMU,KEMEJA FORMAL NAVY PJG 2XL,0,1,0,0,88095,88095,88095
Mei-2026,MAMU PALOPO,KEMEJA MAMU,KEMEJA FORMAL NAVY PJG 2XL,86797,0,0,0,86797,0,88095
Jan-2026,MAMU PALOPO,KEMEJA MAMU,KEMEJA FORMAL NAVY PJG L,0,2,0,0,86797,173594,0
Feb-2026,MAMU PALOPO,KEMEJA MAMU,KEMEJA FORMAL NAVY PJG L,0,2,0,0,88095,176190,173594
Mar-2026,MAMU PALOPO,KEMEJA MAMU,KEMEJA FORMAL NAVY PJG L,0,2,0,0,86580,173160,176190
Apr-2026,MAMU PALOPO,KEMEJA MAMU,KEMEJA FORMAL NAVY PJG L,0,2,0,0,86580,173160,173160
Mei-2026,MAMU PALOPO,KEMEJA MAMU,KEMEJA FORMAL NAVY PJG L,0,2,0,0,86580,173160,173160
Jun-2026,MAMU PALOPO,KEMEJA MAMU,KEMEJA FORMAL NAVY PJG L,0,2,0,0,86580,173160,173160
Jul-2026,MAMU PALOPO,KEMEJA MAMU,KEMEJA FORMAL NAVY PJG L,0,2,0,0,86580,173160,173160
Agu-2026,MAMU PALOPO,KEMEJA MAMU,KEMEJA FORMAL NAVY PJG L,0,2,0,0,86580,173160,173160
Sep-2026,MAMU PALOPO,KEMEJA MAMU,KEMEJA FORMAL NAVY PJG L,0,2,0,0,86580,173160,173160
Okt-2026,MAMU PALOPO,KEMEJA MAMU,KEMEJA FORMAL NAVY PJG L,0,2,0,0,86580,173160,173160
Jan-2026,MAMU PALOPO,KEMEJA MAMU,KEMEJA FORMAL NAVY PJG XL,0,2,0,0,86797,173594,0
Feb-2026,MAMU PALOPO,KEMEJA MAMU,KEMEJA FORMAL NAVY PJG XL,0,2,0,0,88095,176190,173594
Mar-2026,MAMU PALOPO,KEMEJA MAMU,KEMEJA FORMAL NAVY PJG XL,0,2,0,0,86519,173038,176190
Apr-2026,MAMU PALOPO,KEMEJA MAMU,KEMEJA FORMAL NAVY PJG XL,0,2,0,0,86519,173038,173038
Mei-2026,MAMU PALOPO,KEMEJA MAMU,KEMEJA FORMAL NAVY PJG XL,0,2,0,0,86519,173038,173038
Jun-2026,MAMU PALOPO,KEMEJA MAMU,KEMEJA FORMAL NAVY PJG XL,86797,1,0,0,86519,86519,173038
Jul-2026,MAMU PALOPO,KEMEJA MAMU,KEMEJA FORMAL NAVY PJG XL,0,1,0,0,86519,86519,86519
Agu-2026,MAMU PALOPO,KEMEJA MAMU,KEMEJA FORMAL NAVY PJG XL,0,5,0,0,86519,432595,86519
Sep-2026,MAMU PALOPO,KEMEJA MAMU,KEMEJA FORMAL NAVY PJG XL,0,5,0,0,86519,432595,432595
Okt-2026,MAMU PALOPO,KEMEJA MAMU,KEMEJA FORMAL NAVY PJG XL,0,5,0,0,86519,432595,432595
Jan-2026,MAMU PALOPO,KEMEJA MAMU,KEMEJA FORMAL OLIVE GREEN PDK 2XL,0,1,0,0,73797,73797,0
Feb-2026,MAMU PALOPO,KEMEJA MAMU,KEMEJA FORMAL OLIVE GREEN PDK 2XL,0,1,0,0,73797,73797,73797
Mar-2026,MAMU PALOPO,KEMEJA MAMU,KEMEJA FORMAL OLIVE GREEN PDK 2XL,73797,0,0,0,73797,0,73797
Jan-2026,MAMU PALOPO,KEMEJA MAMU,KEMEJA FORMAL OLIVE GREEN PDK L,73797,0,0,0,73797,0,0
Jan-2026,MAMU PALOPO,KEMEJA MAMU,KEMEJA FORMAL OLIVE GREEN PDK M,73797,1,0,0,73797,73797,0
Feb-2026,MAMU PALOPO,KEMEJA MAMU,KEMEJA FORMAL OLIVE GREEN PDK M,0,1,0,0,73797,73797,73797
Mar-2026,MAMU PALOPO,KEMEJA MAMU,KEMEJA FORMAL OLIVE GREEN PDK M,73797,0,0,0,73797,0,73797
Jan-2026,MAMU PALOPO,KEMEJA MAMU,KEMEJA FORMAL OLIVE GREEN PDK XL,73797,1,0,0,73797,73797,0
Feb-2026,MAMU PALOPO,KEMEJA MAMU,KEMEJA FORMAL OLIVE GREEN PDK XL,0,1,0,0,73797,73797,73797
Mar-2026,MAMU PALOPO,KEMEJA MAMU,KEMEJA FORMAL OLIVE GREEN PDK XL,73797,0,0,0,73797,0,73797
Jan-2026,MAMU PALOPO,KEMEJA MAMU,KEMEJA FORMAL OLIVE GREEN PJG 2XL,0,1,0,0,86797,86797,0
Feb-2026,MAMU PALOPO,KEMEJA MAMU,KEMEJA FORMAL OLIVE GREEN PJG 2XL,0,1,0,0,86797,86797,86797
Mar-2026,MAMU PALOPO,KEMEJA MAMU,KEMEJA FORMAL OLIVE GREEN PJG 2XL,0,1,0,0,86797,86797,86797
Apr-2026,MAMU PALOPO,KEMEJA MAMU,KEMEJA FORMAL OLIVE GREEN PJG 2XL,0,1,0,0,86797,86797,86797
Mei-2026,MAMU PALOPO,KEMEJA MAMU,KEMEJA FORMAL OLIVE GREEN PJG 2XL,0,1,0,0,86797,86797,86797
Jun-2026,MAMU PALOPO,KEMEJA MAMU,KEMEJA FORMAL OLIVE GREEN PJG 2XL,0,1,0,0,86797,86797,86797
Jul-2026,MAMU PALOPO,KEMEJA MAMU,KEMEJA FORMAL OLIVE GREEN PJG 2XL,86797,0,0,0,86797,0,86797
Jan-2026,MAMU PALOPO,KEMEJA MAMU,KEMEJA FORMAL OLIVE GREEN PJG L,0,1,0,0,86797,86797,0
Feb-2026,MAMU PALOPO,KEMEJA MAMU,KEMEJA FORMAL OLIVE GREEN PJG L,0,1,0,0,86797,86797,86797
Mar-2026,MAMU PALOPO,KEMEJA MAMU,KEMEJA FORMAL OLIVE GREEN PJG L,86797,0,0,0,86797,0,86797
Jan-2026,MAMU PALOPO,KEMEJA MAMU,KEMEJA FORMAL OLIVE GREEN PJG M,0,2,0,0,86797,173594,0
Feb-2026,MAMU PALOPO,KEMEJA MAMU,KEMEJA FORMAL OLIVE GREEN PJG M,86797,1,0,0,86797,86797,173594
Mar-2026,MAMU PALOPO,KEMEJA MAMU,KEMEJA FORMAL OLIVE GREEN PJG M,0,1,0,0,86797,86797,86797
Apr-2026,MAMU PALOPO,KEMEJA MAMU,KEMEJA FORMAL OLIVE GREEN PJG M,0,1,0,0,86797,86797,86797
Mei-2026,MAMU PALOPO,KEMEJA MAMU,KEMEJA FORMAL OLIVE GREEN PJG M,0,1,0,0,86797,86797,86797
Jun-2026,MAMU PALOPO,KEMEJA MAMU,KEMEJA FORMAL OLIVE GREEN PJG M,0,1,0,0,86797,86797,86797
Jul-2026,MAMU PALOPO,KEMEJA MAMU,KEMEJA FORMAL OLIVE GREEN PJG M,0,1,0,0,86797,86797,86797
Agu-2026,MAMU PALOPO,KEMEJA MAMU,KEMEJA FORMAL OLIVE GREEN PJG M,0,1,0,0,86797,86797,86797
Sep-2026,MAMU PALOPO,KEMEJA MAMU,KEMEJA FORMAL OLIVE GREEN PJG M,0,1,0,0,86797,86797,86797
Okt-2026,MAMU PALOPO,KEMEJA MAMU,KEMEJA FORMAL OLIVE GREEN PJG M,0,1,0,0,86797,86797,86797
Jan-2026,MAMU PALOPO,KEMEJA MAMU,KEMEJA FORMAL OLIVE GREEN PJG XL,0,2,0,0,86797,173594,0
Feb-2026,MAMU PALOPO,KEMEJA MAMU,KEMEJA FORMAL OLIVE GREEN PJG XL,0,2,0,0,86797,173594,173594
Mar-2026,MAMU PALOPO,KEMEJA MAMU,KEMEJA FORMAL OLIVE GREEN PJG XL,0,2,0,0,86797,173594,173594
Apr-2026,MAMU PALOPO,KEMEJA MAMU,KEMEJA FORMAL OLIVE GREEN PJG XL,0,2,0,0,86797,173594,173594
Mei-2026,MAMU PALOPO,KEMEJA MAMU,KEMEJA FORMAL OLIVE GREEN PJG XL,0,2,0,0,86797,173594,173594
Jun-2026,MAMU PALOPO,KEMEJA MAMU,KEMEJA FORMAL OLIVE GREEN PJG XL,0,2,0,0,86797,173594,173594
Jul-2026,MAMU PALOPO,KEMEJA MAMU,KEMEJA FORMAL OLIVE GREEN PJG XL,0,2,0,0,86797,173594,173594
Agu-2026,MAMU PALOPO,KEMEJA MAMU,KEMEJA FORMAL OLIVE GREEN PJG XL,0,2,0,0,86797,173594,173594
Sep-2026,MAMU PALOPO,KEMEJA MAMU,KEMEJA FORMAL OLIVE GREEN PJG XL,0,2,0,0,86797,173594,173594
Okt-2026,MAMU PALOPO,KEMEJA MAMU,KEMEJA FORMAL OLIVE GREEN PJG XL,0,2,0,0,86797,173594,173594
Jan-2026,MAMU PALOPO,KEMEJA MAMU,KEMEJA FORMAL STEEL BLUE PDK 2XL,0,1,0,0,73797,73797,0
Feb-2026,MAMU PALOPO,KEMEJA MAMU,KEMEJA FORMAL STEEL BLUE PDK 2XL,0,1,0,0,77095,77095,73797
Mar-2026,MAMU PALOPO,KEMEJA MAMU,KEMEJA FORMAL STEEL BLUE PDK 2XL,0,1,0,0,77095,77095,77095
Apr-2026,MAMU PALOPO,KEMEJA MAMU,KEMEJA FORMAL STEEL BLUE PDK 2XL,0,1,0,0,77095,77095,77095
Mei-2026,MAMU PALOPO,KEMEJA MAMU,KEMEJA FORMAL STEEL BLUE PDK 2XL,0,1,0,0,77095,77095,77095
Jun-2026,MAMU PALOPO,KEMEJA MAMU,KEMEJA FORMAL STEEL BLUE PDK 2XL,0,1,0,0,77095,77095,77095
Jul-2026,MAMU PALOPO,KEMEJA MAMU,KEMEJA FORMAL STEEL BLUE PDK 2XL,73797,0,0,0,73797,0,77095
Jan-2026,MAMU PALOPO,KEMEJA MAMU,KEMEJA FORMAL STEEL BLUE PDK L,0,3,0,0,73797,221391,0
Feb-2026,MAMU PALOPO,KEMEJA MAMU,KEMEJA FORMAL STEEL BLUE PDK L,0,3,0,0,75397,226191,221391
Mar-2026,MAMU PALOPO,KEMEJA MAMU,KEMEJA FORMAL STEEL BLUE PDK L,0,3,0,0,75397,226191,226191
Apr-2026,MAMU PALOPO,KEMEJA MAMU,KEMEJA FORMAL STEEL BLUE PDK L,0,3,0,0,75397,226191,226191
Mei-2026,MAMU PALOPO,KEMEJA MAMU,KEMEJA FORMAL STEEL BLUE PDK L,0,3,0,0,75397,226191,226191
Jun-2026,MAMU PALOPO,KEMEJA MAMU,KEMEJA FORMAL STEEL BLUE PDK L,0,3,0,0,75397,226191,226191
Jul-2026,MAMU PALOPO,KEMEJA MAMU,KEMEJA FORMAL STEEL BLUE PDK L,0,3,0,0,75397,226191,226191
Agu-2026,MAMU PALOPO,KEMEJA MAMU,KEMEJA FORMAL STEEL BLUE PDK L,0,3,0,0,75397,226191,226191
Sep-2026,MAMU PALOPO,KEMEJA MAMU,KEMEJA FORMAL STEEL BLUE PDK L,0,3,0,0,75397,226191,226191
Okt-2026,MAMU PALOPO,KEMEJA MAMU,KEMEJA FORMAL STEEL BLUE PDK L,73797,2,0,0,75397,150794,226191
Jan-2026,MAMU PALOPO,KEMEJA MAMU,KEMEJA FORMAL STEEL BLUE PDK M,73797,1,0,0,73797,73797,0
Feb-2026,MAMU PALOPO,KEMEJA MAMU,KEMEJA FORMAL STEEL BLUE PDK M,0,3,0,0,75283,225849,73797
Mar-2026,MAMU PALOPO,KEMEJA MAMU,KEMEJA FORMAL STEEL BLUE PDK M,74788,2,0,0,75283,150566,225849
Apr-2026,MAMU PALOPO,KEMEJA MAMU,KEMEJA FORMAL STEEL BLUE PDK M,0,2,0,0,75283,150566,150566
Mei-2026,MAMU PALOPO,KEMEJA MAMU,KEMEJA FORMAL STEEL BLUE PDK M,74788,1,0,0,75283,75283,150566
Jun-2026,MAMU PALOPO,KEMEJA MAMU,KEMEJA FORMAL STEEL BLUE PDK M,0,1,0,0,75283,75283,75283
Jul-2026,MAMU PALOPO,KEMEJA MAMU,KEMEJA FORMAL STEEL BLUE PDK M,0,1,0,0,75283,75283,75283
Agu-2026,MAMU PALOPO,KEMEJA MAMU,KEMEJA FORMAL STEEL BLUE PDK M,0,1,0,0,75283,75283,75283
Sep-2026,MAMU PALOPO,KEMEJA MAMU,KEMEJA FORMAL STEEL BLUE PDK M,0,1,0,0,75283,75283,75283
Okt-2026,MAMU PALOPO,KEMEJA MAMU,KEMEJA FORMAL STEEL BLUE PDK M,0,1,0,0,75283,75283,75283
Jan-2026,MAMU PALOPO,KEMEJA MAMU,KEMEJA FORMAL STEEL BLUE PDK XL,0,2,0,0,73797,147594,0
Feb-2026,MAMU PALOPO,KEMEJA MAMU,KEMEJA FORMAL STEEL BLUE PDK XL,0,2,0,0,75283,150566,147594
Mar-2026,MAMU PALOPO,KEMEJA MAMU,KEMEJA FORMAL STEEL BLUE PDK XL,0,2,0,0,75283,150566,150566
Apr-2026,MAMU PALOPO,KEMEJA MAMU,KEMEJA FORMAL STEEL BLUE PDK XL,0,2,0,0,75283,150566,150566
Mei-2026,MAMU PALOPO,KEMEJA MAMU,KEMEJA FORMAL STEEL BLUE PDK XL,0,2,0,0,75283,150566,150566
Jun-2026,MAMU PALOPO,KEMEJA MAMU,KEMEJA FORMAL STEEL BLUE PDK XL,0,2,0,0,75283,150566,150566
Jul-2026,MAMU PALOPO,KEMEJA MAMU,KEMEJA FORMAL STEEL BLUE PDK XL,0,2,0,0,75283,150566,150566
Agu-2026,MAMU PALOPO,KEMEJA MAMU,KEMEJA FORMAL STEEL BLUE PDK XL,0,2,0,0,75283,150566,150566
Sep-2026,MAMU PALOPO,KEMEJA MAMU,KEMEJA FORMAL STEEL BLUE PDK XL,0,2,0,0,75283,150566,150566
Okt-2026,MAMU PALOPO,KEMEJA MAMU,KEMEJA FORMAL STEEL BLUE PDK XL,0,2,0,0,75283,150566,150566
Jan-2026,MAMU PALOPO,KEMEJA MAMU,KEMEJA FORMAL STEEL BLUE PJG 2XL,0,1,0,0,88053,88053,0
Feb-2026,MAMU PALOPO,KEMEJA MAMU,KEMEJA FORMAL STEEL BLUE PJG 2XL,0,1,0,0,88053,88053,88053
Mar-2026,MAMU PALOPO,KEMEJA MAMU,KEMEJA FORMAL STEEL BLUE PJG 2XL,0,1,0,0,88053,88053,88053
Apr-2026,MAMU PALOPO,KEMEJA MAMU,KEMEJA FORMAL STEEL BLUE PJG 2XL,0,1,0,0,88053,88053,88053
Mei-2026,MAMU PALOPO,KEMEJA MAMU,KEMEJA FORMAL STEEL BLUE PJG 2XL,0,1,0,0,88053,88053,88053
Jun-2026,MAMU PALOPO,KEMEJA MAMU,KEMEJA FORMAL STEEL BLUE PJG 2XL,86797,0,0,0,88053,0,88053
Jul-2026,MAMU PALOPO,KEMEJA MAMU,KEMEJA FORMAL STEEL BLUE PJG 2XL,88053,0,0,0,88053,0,0
Jan-2026,MAMU PALOPO,KEMEJA MAMU,KEMEJA FORMAL STEEL BLUE PJG L,0,11,0,0,88053,968583,0
Feb-2026,MAMU PALOPO,KEMEJA MAMU,KEMEJA FORMAL STEEL BLUE PJG L,87025,10,0,0,88053,880530,968583
Mar-2026,MAMU PALOPO,KEMEJA MAMU,KEMEJA FORMAL STEEL BLUE PJG L,0,10,0,0,87505,875050,880530
Apr-2026,MAMU PALOPO,KEMEJA MAMU,KEMEJA FORMAL STEEL BLUE PJG L,0,10,0,0,87505,875050,875050
Mei-2026,MAMU PALOPO,KEMEJA MAMU,KEMEJA FORMAL STEEL BLUE PJG L,0,10,0,0,87170,871700,875050
Jun-2026,MAMU PALOPO,KEMEJA MAMU,KEMEJA FORMAL STEEL BLUE PJG L,0,10,0,0,87170,871700,871700
Jul-2026,MAMU PALOPO,KEMEJA MAMU,KEMEJA FORMAL STEEL BLUE PJG L,0,10,0,0,87170,871700,871700
Agu-2026,MAMU PALOPO,KEMEJA MAMU,KEMEJA FORMAL STEEL BLUE PJG L,0,10,0,0,87170,871700,871700
Sep-2026,MAMU PALOPO,KEMEJA MAMU,KEMEJA FORMAL STEEL BLUE PJG L,0,10,0,0,87170,871700,871700
Okt-2026,MAMU PALOPO,KEMEJA MAMU,KEMEJA FORMAL STEEL BLUE PJG L,0,10,0,0,87170,871700,871700
Jan-2026,MAMU PALOPO,KEMEJA MAMU,KEMEJA FORMAL STEEL BLUE PJG M,0,6,0,0,88053,528318,0
Feb-2026,MAMU PALOPO,KEMEJA MAMU,KEMEJA FORMAL STEEL BLUE PJG M,0,6,0,0,88053,528318,528318
Mar-2026,MAMU PALOPO,KEMEJA MAMU,KEMEJA FORMAL STEEL BLUE PJG M,0,6,0,0,88053,528318,528318
Apr-2026,MAMU PALOPO,KEMEJA MAMU,KEMEJA FORMAL STEEL BLUE PJG M,0,6,0,0,88053,528318,528318
Mei-2026,MAMU PALOPO,KEMEJA MAMU,KEMEJA FORMAL STEEL BLUE PJG M,0,6,0,0,88053,528318,528318
Jun-2026,MAMU PALOPO,KEMEJA MAMU,KEMEJA FORMAL STEEL BLUE PJG M,0,6,0,0,88053,528318,528318
Jul-2026,MAMU PALOPO,KEMEJA MAMU,KEMEJA FORMAL STEEL BLUE PJG M,0,6,0,0,88053,528318,528318
Agu-2026,MAMU PALOPO,KEMEJA MAMU,KEMEJA FORMAL STEEL BLUE PJG M,0,6,0,0,88053,528318,528318
Sep-2026,MAMU PALOPO,KEMEJA MAMU,KEMEJA FORMAL STEEL BLUE PJG M,0,6,0,0,88053,528318,528318
Okt-2026,MAMU PALOPO,KEMEJA MAMU,KEMEJA FORMAL STEEL BLUE PJG M,0,6,0,0,88053,528318,528318
Jan-2026,MAMU PALOPO,KEMEJA MAMU,KEMEJA FORMAL STEEL BLUE PJG S,0,2,0,0,88053,176106,0
Feb-2026,MAMU PALOPO,KEMEJA MAMU,KEMEJA FORMAL STEEL BLUE PJG S,0,2,0,0,88053,176106,176106
Mar-2026,MAMU PALOPO,KEMEJA MAMU,KEMEJA FORMAL STEEL BLUE PJG S,0,2,0,0,88053,176106,176106
Apr-2026,MAMU PALOPO,KEMEJA MAMU,KEMEJA FORMAL STEEL BLUE PJG S,0,2,0,0,88053,176106,176106
Mei-2026,MAMU PALOPO,KEMEJA MAMU,KEMEJA FORMAL STEEL BLUE PJG S,0,2,0,0,88053,176106,176106
Jun-2026,MAMU PALOPO,KEMEJA MAMU,KEMEJA FORMAL STEEL BLUE PJG S,86797,1,0,0,88053,88053,176106
Jul-2026,MAMU PALOPO,KEMEJA MAMU,KEMEJA FORMAL STEEL BLUE PJG S,0,1,0,0,88053,88053,88053
Agu-2026,MAMU PALOPO,KEMEJA MAMU,KEMEJA FORMAL STEEL BLUE PJG S,0,1,0,0,88053,88053,88053
Sep-2026,MAMU PALOPO,KEMEJA MAMU,KEMEJA FORMAL STEEL BLUE PJG S,0,1,0,0,88053,88053,88053
Okt-2026,MAMU PALOPO,KEMEJA MAMU,KEMEJA FORMAL STEEL BLUE PJG S,0,1,0,0,88053,88053,88053
Jan-2026,MAMU PALOPO,KEMEJA MAMU,KEMEJA FORMAL STEEL BLUE PJG XL,0,7,0,0,88053,616371,0
Feb-2026,MAMU PALOPO,KEMEJA MAMU,KEMEJA FORMAL STEEL BLUE PJG XL,0,7,0,0,88053,616371,616371
Mar-2026,MAMU PALOPO,KEMEJA MAMU,KEMEJA FORMAL STEEL BLUE PJG XL,0,7,0,0,88053,616371,616371
Apr-2026,MAMU PALOPO,KEMEJA MAMU,KEMEJA FORMAL STEEL BLUE PJG XL,0,7,0,0,88053,616371,616371
Mei-2026,MAMU PALOPO,KEMEJA MAMU,KEMEJA FORMAL STEEL BLUE PJG XL,0,7,0,0,88053,616371,616371
Jun-2026,MAMU PALOPO,KEMEJA MAMU,KEMEJA FORMAL STEEL BLUE PJG XL,0,7,0,0,88053,616371,616371
Jul-2026,MAMU PALOPO,KEMEJA MAMU,KEMEJA FORMAL STEEL BLUE PJG XL,0,7,0,0,88053,616371,616371
Agu-2026,MAMU PALOPO,KEMEJA MAMU,KEMEJA FORMAL STEEL BLUE PJG XL,0,7,0,0,88053,616371,616371
Sep-2026,MAMU PALOPO,KEMEJA MAMU,KEMEJA FORMAL STEEL BLUE PJG XL,0,7,0,0,88053,616371,616371
Okt-2026,MAMU PALOPO,KEMEJA MAMU,KEMEJA FORMAL STEEL BLUE PJG XL,0,7,0,0,88053,616371,616371
Jan-2026,MAMU PALOPO,KEMEJA MAMU,KEMEJA FORMAL TOFFEE PDK 2XL,0,4,0,0,75053,300212,0
Feb-2026,MAMU PALOPO,KEMEJA MAMU,KEMEJA FORMAL TOFFEE PDK 2XL,0,4,0,0,75053,300212,300212
Mar-2026,MAMU PALOPO,KEMEJA MAMU,KEMEJA FORMAL TOFFEE PDK 2XL,0,4,0,0,75053,300212,300212
Apr-2026,MAMU PALOPO,KEMEJA MAMU,KEMEJA FORMAL TOFFEE PDK 2XL,0,4,0,0,75053,300212,300212
Mei-2026,MAMU PALOPO,KEMEJA MAMU,KEMEJA FORMAL TOFFEE PDK 2XL,74424,3,0,0,75053,225159,300212
Jun-2026,MAMU PALOPO,KEMEJA MAMU,KEMEJA FORMAL TOFFEE PDK 2XL,0,3,0,0,75053,225159,225159
Jul-2026,MAMU PALOPO,KEMEJA MAMU,KEMEJA FORMAL TOFFEE PDK 2XL,0,3,0,0,75053,225159,225159
Agu-2026,MAMU PALOPO,KEMEJA MAMU,KEMEJA FORMAL TOFFEE PDK 2XL,0,3,0,0,75053,225159,225159
Sep-2026,MAMU PALOPO,KEMEJA MAMU,KEMEJA FORMAL TOFFEE PDK 2XL,74424,2,0,0,75053,150106,225159
Okt-2026,MAMU PALOPO,KEMEJA MAMU,KEMEJA FORMAL TOFFEE PDK 2XL,0,2,0,0,75053,150106,150106
Jan-2026,MAMU PALOPO,KEMEJA MAMU,KEMEJA FORMAL TOFFEE PDK L,0,12,0,0,75053,900636,0
Feb-2026,MAMU PALOPO,KEMEJA MAMU,KEMEJA FORMAL TOFFEE PDK L,0,12,0,0,75053,900636,900636
Mar-2026,MAMU PALOPO,KEMEJA MAMU,KEMEJA FORMAL TOFFEE PDK L,148708,10,0,0,75053,750530,900636
Apr-2026,MAMU PALOPO,KEMEJA MAMU,KEMEJA FORMAL TOFFEE PDK L,0,10,0,0,75053,750530,750530
Mei-2026,MAMU PALOPO,KEMEJA MAMU,KEMEJA FORMAL TOFFEE PDK L,74354,9,0,0,75053,675477,750530
Jun-2026,MAMU PALOPO,KEMEJA MAMU,KEMEJA FORMAL TOFFEE PDK L,0,9,0,0,75053,675477,675477
Jul-2026,MAMU PALOPO,KEMEJA MAMU,KEMEJA FORMAL TOFFEE PDK L,0,9,0,0,75053,675477,675477
Agu-2026,MAMU PALOPO,KEMEJA MAMU,KEMEJA FORMAL TOFFEE PDK L,0,9,0,0,75053,675477,675477
Sep-2026,MAMU PALOPO,KEMEJA MAMU,KEMEJA FORMAL TOFFEE PDK L,74354,8,0,0,75053,600424,675477
Okt-2026,MAMU PALOPO,KEMEJA MAMU,KEMEJA FORMAL TOFFEE PDK L,0,8,0,0,75053,600424,600424
Jan-2026,MAMU PALOPO,KEMEJA MAMU,KEMEJA FORMAL TOFFEE PDK M,0,5,0,0,74214,371070,0
Feb-2026,MAMU PALOPO,KEMEJA MAMU,KEMEJA FORMAL TOFFEE PDK M,74334,4,0,0,74214,296856,371070
Mar-2026,MAMU PALOPO,KEMEJA MAMU,KEMEJA FORMAL TOFFEE PDK M,223002,1,0,0,74214,74214,296856
Apr-2026,MAMU PALOPO,KEMEJA MAMU,KEMEJA FORMAL TOFFEE PDK M,74334,0,0,0,74214,0,74214
Agu-2026,MAMU PALOPO,KEMEJA MAMU,KEMEJA FORMAL TOFFEE PDK M,72998,5,0,0,74214,371070,0
Sep-2026,MAMU PALOPO,KEMEJA MAMU,KEMEJA FORMAL TOFFEE PDK M,0,4,0,0,74214,296856,371070
Okt-2026,MAMU PALOPO,KEMEJA MAMU,KEMEJA FORMAL TOFFEE PDK M,0,4,0,0,74214,296856,296856
Jan-2026,MAMU PALOPO,KEMEJA MAMU,KEMEJA FORMAL TOFFEE PDK S,0,1,0,0,75053,75053,0
Feb-2026,MAMU PALOPO,KEMEJA MAMU,KEMEJA FORMAL TOFFEE PDK S,74214,0,0,0,75053,0,75053
Jan-2026,MAMU PALOPO,KEMEJA MAMU,KEMEJA FORMAL TOFFEE PDK XL,0,6,0,0,75053,450318,0
Feb-2026,MAMU PALOPO,KEMEJA MAMU,KEMEJA FORMAL TOFFEE PDK XL,0,6,0,0,75053,450318,450318
Mar-2026,MAMU PALOPO,KEMEJA MAMU,KEMEJA FORMAL TOFFEE PDK XL,0,6,0,0,75053,450318,450318
Apr-2026,MAMU PALOPO,KEMEJA MAMU,KEMEJA FORMAL TOFFEE PDK XL,0,6,0,0,75053,450318,450318
Mei-2026,MAMU PALOPO,KEMEJA MAMU,KEMEJA FORMAL TOFFEE PDK XL,0,6,0,0,75053,450318,450318
Jun-2026,MAMU PALOPO,KEMEJA MAMU,KEMEJA FORMAL TOFFEE PDK XL,0,6,0,0,75053,450318,450318
Jul-2026,MAMU PALOPO,KEMEJA MAMU,KEMEJA FORMAL TOFFEE PDK XL,0,6,0,0,75053,450318,450318
Agu-2026,MAMU PALOPO,KEMEJA MAMU,KEMEJA FORMAL TOFFEE PDK XL,0,6,0,0,75053,450318,450318
Sep-2026,MAMU PALOPO,KEMEJA MAMU,KEMEJA FORMAL TOFFEE PDK XL,0,6,0,0,75053,450318,450318
Okt-2026,MAMU PALOPO,KEMEJA MAMU,KEMEJA FORMAL TOFFEE PDK XL,0,6,0,0,75053,450318,450318
Jan-2026,MAMU PALOPO,KEMEJA MAMU,KEMEJA FORMAL TOFFEE PJG 2XL,0,5,0,0,88053,440265,0
Feb-2026,MAMU PALOPO,KEMEJA MAMU,KEMEJA FORMAL TOFFEE PJG 2XL,0,5,0,0,88053,440265,440265
Mar-2026,MAMU PALOPO,KEMEJA MAMU,KEMEJA FORMAL TOFFEE PJG 2XL,87424,4,0,0,88053,352212,440265
Apr-2026,MAMU PALOPO,KEMEJA MAMU,KEMEJA FORMAL TOFFEE PJG 2XL,0,4,0,0,88053,352212,352212
Mei-2026,MAMU PALOPO,KEMEJA MAMU,KEMEJA FORMAL TOFFEE PJG 2XL,87424,3,0,0,88053,264159,352212
Jun-2026,MAMU PALOPO,KEMEJA MAMU,KEMEJA FORMAL TOFFEE PJG 2XL,0,3,0,0,88053,264159,264159
Jul-2026,MAMU PALOPO,KEMEJA MAMU,KEMEJA FORMAL TOFFEE PJG 2XL,0,3,0,0,88053,264159,264159
Agu-2026,MAMU PALOPO,KEMEJA MAMU,KEMEJA FORMAL TOFFEE PJG 2XL,0,3,0,0,88053,264159,264159
Sep-2026,MAMU PALOPO,KEMEJA MAMU,KEMEJA FORMAL TOFFEE PJG 2XL,0,3,0,0,88053,264159,264159
Okt-2026,MAMU PALOPO,KEMEJA MAMU,KEMEJA FORMAL TOFFEE PJG 2XL,0,3,0,0,88053,264159,264159
Jan-2026,MAMU PALOPO,KEMEJA MAMU,KEMEJA FORMAL TOFFEE PJG L,0,11,0,0,88053,968583,0
Feb-2026,MAMU PALOPO,KEMEJA MAMU,KEMEJA FORMAL TOFFEE PJG L,0,11,0,0,88053,968583,968583
Mar-2026,MAMU PALOPO,KEMEJA MAMU,KEMEJA FORMAL TOFFEE PJG L,0,11,0,0,88053,968583,968583
Apr-2026,MAMU PALOPO,KEMEJA MAMU,KEMEJA FORMAL TOFFEE PJG L,0,11,0,0,88053,968583,968583
Mei-2026,MAMU PALOPO,KEMEJA MAMU,KEMEJA FORMAL TOFFEE PJG L,0,11,0,0,88053,968583,968583
Jun-2026,MAMU PALOPO,KEMEJA MAMU,KEMEJA FORMAL TOFFEE PJG L,0,11,0,0,88053,968583,968583
Jul-2026,MAMU PALOPO,KEMEJA MAMU,KEMEJA FORMAL TOFFEE PJG L,0,11,0,0,88053,968583,968583
Agu-2026,MAMU PALOPO,KEMEJA MAMU,KEMEJA FORMAL TOFFEE PJG L,0,11,0,0,88053,968583,968583
Sep-2026,MAMU PALOPO,KEMEJA MAMU,KEMEJA FORMAL TOFFEE PJG L,0,11,0,0,88053,968583,968583
Okt-2026,MAMU PALOPO,KEMEJA MAMU,KEMEJA FORMAL TOFFEE PJG L,0,11,0,0,88053,968583,968583
Jan-2026,MAMU PALOPO,KEMEJA MAMU,KEMEJA FORMAL TOFFEE PJG M,87298,9,0,0,88053,792477,0
Feb-2026,MAMU PALOPO,KEMEJA MAMU,KEMEJA FORMAL TOFFEE PJG M,0,9,0,0,88053,792477,792477
Mar-2026,MAMU PALOPO,KEMEJA MAMU,KEMEJA FORMAL TOFFEE PJG M,87298,8,0,0,88053,704424,792477
Apr-2026,MAMU PALOPO,KEMEJA MAMU,KEMEJA FORMAL TOFFEE PJG M,0,8,0,0,88053,704424,704424
Mei-2026,MAMU PALOPO,KEMEJA MAMU,KEMEJA FORMAL TOFFEE PJG M,87298,8,0,0,88053,704424,704424
Jun-2026,MAMU PALOPO,KEMEJA MAMU,KEMEJA FORMAL TOFFEE PJG M,0,7,0,0,88053,616371,704424
Jul-2026,MAMU PALOPO,KEMEJA MAMU,KEMEJA FORMAL TOFFEE PJG M,0,7,0,0,88053,616371,616371
Agu-2026,MAMU PALOPO,KEMEJA MAMU,KEMEJA FORMAL TOFFEE PJG M,0,7,0,0,88053,616371,616371
Sep-2026,MAMU PALOPO,KEMEJA MAMU,KEMEJA FORMAL TOFFEE PJG M,0,7,0,0,88053,616371,616371
Okt-2026,MAMU PALOPO,KEMEJA MAMU,KEMEJA FORMAL TOFFEE PJG M,0,7,0,0,88053,616371,616371
Jan-2026,MAMU PALOPO,KEMEJA MAMU,KEMEJA FORMAL TOFFEE PJG S,0,1,0,0,88053,88053,0
Feb-2026,MAMU PALOPO,KEMEJA MAMU,KEMEJA FORMAL TOFFEE PJG S,0,1,0,0,88053,88053,88053
Mar-2026,MAMU PALOPO,KEMEJA MAMU,KEMEJA FORMAL TOFFEE PJG S,87214,0,0,0,88053,0,88053
Jan-2026,MAMU PALOPO,KEMEJA MAMU,KEMEJA FORMAL TOFFEE PJG XL,0,9,0,0,88053,792477,0
Feb-2026,MAMU PALOPO,KEMEJA MAMU,KEMEJA FORMAL TOFFEE PJG XL,0,9,0,0,88053,792477,792477
Mar-2026,MAMU PALOPO,KEMEJA MAMU,KEMEJA FORMAL TOFFEE PJG XL,0,9,0,0,88053,792477,792477
Apr-2026,MAMU PALOPO,KEMEJA MAMU,KEMEJA FORMAL TOFFEE PJG XL,0,9,0,0,88053,792477,792477
Mei-2026,MAMU PALOPO,KEMEJA MAMU,KEMEJA FORMAL TOFFEE PJG XL,0,9,0,0,88053,792477,792477
Jun-2026,MAMU PALOPO,KEMEJA MAMU,KEMEJA FORMAL TOFFEE PJG XL,0,9,0,0,88053,792477,792477
Jul-2026,MAMU PALOPO,KEMEJA MAMU,KEMEJA FORMAL TOFFEE PJG XL,0,9,0,0,88053,792477,792477
Agu-2026,MAMU PALOPO,KEMEJA MAMU,KEMEJA FORMAL TOFFEE PJG XL,0,9,0,0,88053,792477,792477
Sep-2026,MAMU PALOPO,KEMEJA MAMU,KEMEJA FORMAL TOFFEE PJG XL,0,9,0,0,88053,792477,792477
Okt-2026,MAMU PALOPO,KEMEJA MAMU,KEMEJA FORMAL TOFFEE PJG XL,0,9,0,0,88053,792477,792477
Jan-2026,MAMU PALOPO,KEMEJA MAMU,KEMEJA SHANGHAI HITAM PDK L,74214,2,0,0,74214,148428,0
Feb-2026,MAMU PALOPO,KEMEJA MAMU,KEMEJA SHANGHAI HITAM PDK L,0,2,0,0,74214,148428,148428
Mar-2026,MAMU PALOPO,KEMEJA MAMU,KEMEJA SHANGHAI HITAM PDK L,148428,0,0,0,74214,0,148428
Apr-2026,MAMU PALOPO,KEMEJA MAMU,KEMEJA SHANGHAI HITAM PDK L,0,2,0,0,72925,145850,0
Mei-2026,MAMU PALOPO,KEMEJA MAMU,KEMEJA SHANGHAI HITAM PDK L,0,2,0,0,72966,145932,145850
Jun-2026,MAMU PALOPO,KEMEJA MAMU,KEMEJA SHANGHAI HITAM PDK L,0,2,0,0,72966,145932,145932
Jul-2026,MAMU PALOPO,KEMEJA MAMU,KEMEJA SHANGHAI HITAM PDK L,0,2,0,0,72966,145932,145932
Agu-2026,MAMU PALOPO,KEMEJA MAMU,KEMEJA SHANGHAI HITAM PDK L,0,5,0,0,72966,364830,145932
Sep-2026,MAMU PALOPO,KEMEJA MAMU,KEMEJA SHANGHAI HITAM PDK L,72965,4,0,0,72966,291864,364830
Okt-2026,MAMU PALOPO,KEMEJA MAMU,KEMEJA SHANGHAI HITAM PDK L,0,4,0,0,72966,291864,291864
Apr-2026,MAMU PALOPO,KEMEJA MAMU,KEMEJA SHANGHAI HITAM PDK M,0,2,0,0,72941,145882,0
Mei-2026,MAMU PALOPO,KEMEJA MAMU,KEMEJA SHANGHAI HITAM PDK M,0,2,0,0,72949,145898,145882
Jun-2026,MAMU PALOPO,KEMEJA MAMU,KEMEJA SHANGHAI HITAM PDK M,0,2,0,0,72949,145898,145898
Jul-2026,MAMU PALOPO,KEMEJA MAMU,KEMEJA SHANGHAI HITAM PDK M,0,2,0,0,72949,145898,145898
Agu-2026,MAMU PALOPO,KEMEJA MAMU,KEMEJA SHANGHAI HITAM PDK M,0,5,0,0,72949,364745,145898
Sep-2026,MAMU PALOPO,KEMEJA MAMU,KEMEJA SHANGHAI HITAM PDK M,0,5,0,0,72949,364745,364745
Okt-2026,MAMU PALOPO,KEMEJA MAMU,KEMEJA SHANGHAI HITAM PDK M,0,5,0,0,72949,364745,364745
Jan-2026,MAMU PALOPO,KEMEJA MAMU,KEMEJA SHANGHAI HITAM PDK XL,0,1,0,0,74214,74214,0
Feb-2026,MAMU PALOPO,KEMEJA MAMU,KEMEJA SHANGHAI HITAM PDK XL,0,1,0,0,74214,74214,74214
Mar-2026,MAMU PALOPO,KEMEJA MAMU,KEMEJA SHANGHAI HITAM PDK XL,74214,0,0,0,74214,0,74214
Apr-2026,MAMU PALOPO,KEMEJA MAMU,KEMEJA SHANGHAI HITAM PDK XL,0,2,0,0,72921,145842,0
Mei-2026,MAMU PALOPO,KEMEJA MAMU,KEMEJA SHANGHAI HITAM PDK XL,0,2,0,0,72940,145880,145842
Jun-2026,MAMU PALOPO,KEMEJA MAMU,KEMEJA SHANGHAI HITAM PDK XL,0,2,0,0,72940,145880,145880
Jul-2026,MAMU PALOPO,KEMEJA MAMU,KEMEJA SHANGHAI HITAM PDK XL,0,2,0,0,72940,145880,145880
Agu-2026,MAMU PALOPO,KEMEJA MAMU,KEMEJA SHANGHAI HITAM PDK XL,72940,5,0,0,72940,364700,145880
Sep-2026,MAMU PALOPO,KEMEJA MAMU,KEMEJA SHANGHAI HITAM PDK XL,72940,4,0,0,72940,291760,364700
Okt-2026,MAMU PALOPO,KEMEJA MAMU,KEMEJA SHANGHAI HITAM PDK XL,0,4,0,0,72940,291760,291760
Jan-2026,MAMU PALOPO,KEMEJA MAMU,KEMEJA SHANGHAI HITAM PJG 2XL,0,1,0,0,88053,88053,0
Feb-2026,MAMU PALOPO,KEMEJA MAMU,KEMEJA SHANGHAI HITAM PJG 2XL,0,1,0,0,88053,88053,88053
Mar-2026,MAMU PALOPO,KEMEJA MAMU,KEMEJA SHANGHAI HITAM PJG 2XL,87214,0,0,0,88053,0,88053
Jan-2026,MAMU PALOPO,KEMEJA MAMU,KEMEJA SHANGHAI HITAM PJG L,0,7,0,0,88053,616371,0
Feb-2026,MAMU PALOPO,KEMEJA MAMU,KEMEJA SHANGHAI HITAM PJG L,87214,6,0,0,88053,528318,616371
Mar-2026,MAMU PALOPO,KEMEJA MAMU,KEMEJA SHANGHAI HITAM PJG L,87214,5,0,0,88053,440265,528318
Apr-2026,MAMU PALOPO,KEMEJA MAMU,KEMEJA SHANGHAI HITAM PJG L,0,4,0,0,85943,343772,440265
Mei-2026,MAMU PALOPO,KEMEJA MAMU,KEMEJA SHANGHAI HITAM PJG L,0,4,0,0,85943,343772,343772
Jun-2026,MAMU PALOPO,KEMEJA MAMU,KEMEJA SHANGHAI HITAM PJG L,0,4,0,0,85943,343772,343772
Jul-2026,MAMU PALOPO,KEMEJA MAMU,KEMEJA SHANGHAI HITAM PJG L,0,4,0,0,85943,343772,343772
Agu-2026,MAMU PALOPO,KEMEJA MAMU,KEMEJA SHANGHAI HITAM PJG L,0,5,0,0,85943,429715,343772
Sep-2026,MAMU PALOPO,KEMEJA MAMU,KEMEJA SHANGHAI HITAM PJG L,0,5,0,0,85943,429715,429715
Okt-2026,MAMU PALOPO,KEMEJA MAMU,KEMEJA SHANGHAI HITAM PJG L,0,5,0,0,85943,429715,429715
Jan-2026,MAMU PALOPO,KEMEJA MAMU,KEMEJA SHANGHAI HITAM PJG M,0,3,0,0,88053,264159,0
Feb-2026,MAMU PALOPO,KEMEJA MAMU,KEMEJA SHANGHAI HITAM PJG M,0,3,0,0,88053,264159,264159
Mar-2026,MAMU PALOPO,KEMEJA MAMU,KEMEJA SHANGHAI HITAM PJG M,87214,2,0,0,88053,176106,264159
Apr-2026,MAMU PALOPO,KEMEJA MAMU,KEMEJA SHANGHAI HITAM PJG M,0,2,0,0,85943,171886,176106
Mei-2026,MAMU PALOPO,KEMEJA MAMU,KEMEJA SHANGHAI HITAM PJG M,0,2,0,0,85943,171886,171886
Jun-2026,MAMU PALOPO,KEMEJA MAMU,KEMEJA SHANGHAI HITAM PJG M,87214,1,0,0,85943,85943,171886
Jul-2026,MAMU PALOPO,KEMEJA MAMU,KEMEJA SHANGHAI HITAM PJG M,0,1,0,0,85943,85943,85943
Agu-2026,MAMU PALOPO,KEMEJA MAMU,KEMEJA SHANGHAI HITAM PJG M,0,5,0,0,85943,429715,85943
Sep-2026,MAMU PALOPO,KEMEJA MAMU,KEMEJA SHANGHAI HITAM PJG M,0,5,0,0,85943,429715,429715
Okt-2026,MAMU PALOPO,KEMEJA MAMU,KEMEJA SHANGHAI HITAM PJG M,0,5,0,0,85943,429715,429715
Jan-2026,MAMU PALOPO,KEMEJA MAMU,KEMEJA SHANGHAI HITAM PJG XL,0,4,0,0,88053,352212,0
Feb-2026,MAMU PALOPO,KEMEJA MAMU,KEMEJA SHANGHAI HITAM PJG XL,87214,3,0,0,88053,264159,352212
Mar-2026,MAMU PALOPO,KEMEJA MAMU,KEMEJA SHANGHAI HITAM PJG XL,0,3,0,0,88053,264159,264159
Apr-2026,MAMU PALOPO,KEMEJA MAMU,KEMEJA SHANGHAI HITAM PJG XL,0,3,0,0,85939,257817,264159
Mei-2026,MAMU PALOPO,KEMEJA MAMU,KEMEJA SHANGHAI HITAM PJG XL,0,3,0,0,85957,257871,257817
Jun-2026,MAMU PALOPO,KEMEJA MAMU,KEMEJA SHANGHAI HITAM PJG XL,0,3,0,0,85957,257871,257871
Jul-2026,MAMU PALOPO,KEMEJA MAMU,KEMEJA SHANGHAI HITAM PJG XL,0,3,0,0,85957,257871,257871
Agu-2026,MAMU PALOPO,KEMEJA MAMU,KEMEJA SHANGHAI HITAM PJG XL,0,5,0,0,85957,429785,257871
Sep-2026,MAMU PALOPO,KEMEJA MAMU,KEMEJA SHANGHAI HITAM PJG XL,0,5,0,0,85957,429785,429785
Okt-2026,MAMU PALOPO,KEMEJA MAMU,KEMEJA SHANGHAI HITAM PJG XL,0,5,0,0,85957,429785,429785
Mar-2026,MAMU PALOPO,KEMEJA MAMU,KEMEJA SHANGHAI LIGHT BROWN PDK L,218793,0,0,0,159000,0,0
Mar-2026,MAMU PALOPO,KEMEJA MAMU,KEMEJA SHANGHAI LIGHT BROWN PDK M,145924,2,0,0,159000,318000,0
Apr-2026,MAMU PALOPO,KEMEJA MAMU,KEMEJA SHANGHAI LIGHT BROWN PDK M,72962,0,0,0,159000,0,318000
Mar-2026,MAMU PALOPO,KEMEJA MAMU,KEMEJA SHANGHAI LIGHT BROWN PDK XL,72964,2,0,0,159000,318000,0
Apr-2026,MAMU PALOPO,KEMEJA MAMU,KEMEJA SHANGHAI LIGHT BROWN PDK XL,0,2,0,0,159000,318000,318000
Mei-2026,MAMU PALOPO,KEMEJA MAMU,KEMEJA SHANGHAI LIGHT BROWN PDK XL,0,2,0,0,159000,318000,318000
Jun-2026,MAMU PALOPO,KEMEJA MAMU,KEMEJA SHANGHAI LIGHT BROWN PDK XL,0,2,0,0,159000,318000,318000
Jul-2026,MAMU PALOPO,KEMEJA MAMU,KEMEJA SHANGHAI LIGHT BROWN PDK XL,0,2,0,0,159000,318000,318000
Agu-2026,MAMU PALOPO,KEMEJA MAMU,KEMEJA SHANGHAI LIGHT BROWN PDK XL,72964,2,0,0,159000,318000,318000
Sep-2026,MAMU PALOPO,KEMEJA MAMU,KEMEJA SHANGHAI LIGHT BROWN PDK XL,0,1,0,0,159000,159000,318000
Okt-2026,MAMU PALOPO,KEMEJA MAMU,KEMEJA SHANGHAI LIGHT BROWN PDK XL,0,1,0,0,159000,159000,159000
Mar-2026,MAMU PALOPO,KEMEJA MAMU,KEMEJA SHANGHAI LIGHT BROWN PJG L,0,3,0,0,189000,567000,0
Apr-2026,MAMU PALOPO,KEMEJA MAMU,KEMEJA SHANGHAI LIGHT BROWN PJG L,0,3,0,0,189000,567000,567000
Mei-2026,MAMU PALOPO,KEMEJA MAMU,KEMEJA SHANGHAI LIGHT BROWN PJG L,0,3,0,0,189000,567000,567000
Jun-2026,MAMU PALOPO,KEMEJA MAMU,KEMEJA SHANGHAI LIGHT BROWN PJG L,0,3,0,0,189000,567000,567000
Jul-2026,MAMU PALOPO,KEMEJA MAMU,KEMEJA SHANGHAI LIGHT BROWN PJG L,0,3,0,0,189000,567000,567000
Agu-2026,MAMU PALOPO,KEMEJA MAMU,KEMEJA SHANGHAI LIGHT BROWN PJG L,0,3,0,0,189000,567000,567000
Sep-2026,MAMU PALOPO,KEMEJA MAMU,KEMEJA SHANGHAI LIGHT BROWN PJG L,0,3,0,0,189000,567000,567000
Okt-2026,MAMU PALOPO,KEMEJA MAMU,KEMEJA SHANGHAI LIGHT BROWN PJG L,0,3,0,0,189000,567000,567000
Mar-2026,MAMU PALOPO,KEMEJA MAMU,KEMEJA SHANGHAI LIGHT BROWN PJG M,0,3,0,0,189000,567000,0
Apr-2026,MAMU PALOPO,KEMEJA MAMU,KEMEJA SHANGHAI LIGHT BROWN PJG M,0,3,0,0,189000,567000,567000
Mei-2026,MAMU PALOPO,KEMEJA MAMU,KEMEJA SHANGHAI LIGHT BROWN PJG M,0,3,0,0,189000,567000,567000
Jun-2026,MAMU PALOPO,KEMEJA MAMU,KEMEJA SHANGHAI LIGHT BROWN PJG M,0,3,0,0,189000,567000,567000
Jul-2026,MAMU PALOPO,KEMEJA MAMU,KEMEJA SHANGHAI LIGHT BROWN PJG M,0,3,0,0,189000,567000,567000
Agu-2026,MAMU PALOPO,KEMEJA MAMU,KEMEJA SHANGHAI LIGHT BROWN PJG M,0,3,0,0,189000,567000,567000
Sep-2026,MAMU PALOPO,KEMEJA MAMU,KEMEJA SHANGHAI LIGHT BROWN PJG M,0,3,0,0,189000,567000,567000
Okt-2026,MAMU PALOPO,KEMEJA MAMU,KEMEJA SHANGHAI LIGHT BROWN PJG M,0,3,0,0,189000,567000,567000
Mar-2026,MAMU PALOPO,KEMEJA MAMU,KEMEJA SHANGHAI LIGHT BROWN PJG XL,0,3,0,0,189000,567000,0
Apr-2026,MAMU PALOPO,KEMEJA MAMU,KEMEJA SHANGHAI LIGHT BROWN PJG XL,0,3,0,0,189000,567000,567000
Mei-2026,MAMU PALOPO,KEMEJA MAMU,KEMEJA SHANGHAI LIGHT BROWN PJG XL,0,3,0,0,189000,567000,567000
Jun-2026,MAMU PALOPO,KEMEJA MAMU,KEMEJA SHANGHAI LIGHT BROWN PJG XL,0,3,0,0,189000,567000,567000
Jul-2026,MAMU PALOPO,KEMEJA MAMU,KEMEJA SHANGHAI LIGHT BROWN PJG XL,0,3,0,0,189000,567000,567000
Agu-2026,MAMU PALOPO,KEMEJA MAMU,KEMEJA SHANGHAI LIGHT BROWN PJG XL,0,3,0,0,189000,567000,567000
Sep-2026,MAMU PALOPO,KEMEJA MAMU,KEMEJA SHANGHAI LIGHT BROWN PJG XL,0,3,0,0,189000,567000,567000
Okt-2026,MAMU PALOPO,KEMEJA MAMU,KEMEJA SHANGHAI LIGHT BROWN PJG XL,0,3,0,0,189000,567000,567000
Mar-2026,MAMU PALOPO,KEMEJA MAMU,KEMEJA SHANGHAI NAVY PDK L,73098,2,0,0,73098,146196,0
Apr-2026,MAMU PALOPO,KEMEJA MAMU,KEMEJA SHANGHAI NAVY PDK L,0,2,0,0,73098,146196,146196
Mei-2026,MAMU PALOPO,KEMEJA MAMU,KEMEJA SHANGHAI NAVY PDK L,0,2,0,0,73098,146196,146196
Jun-2026,MAMU PALOPO,KEMEJA MAMU,KEMEJA SHANGHAI NAVY PDK L,0,2,0,0,73098,146196,146196
Jul-2026,MAMU PALOPO,KEMEJA MAMU,KEMEJA SHANGHAI NAVY PDK L,0,2,0,0,73098,146196,146196
Agu-2026,MAMU PALOPO,KEMEJA MAMU,KEMEJA SHANGHAI NAVY PDK L,0,2,0,0,73098,146196,146196
Sep-2026,MAMU PALOPO,KEMEJA MAMU,KEMEJA SHANGHAI NAVY PDK L,73098,1,0,0,73098,73098,146196
Okt-2026,MAMU PALOPO,KEMEJA MAMU,KEMEJA SHANGHAI NAVY PDK L,0,1,0,0,73098,73098,73098
Mar-2026,MAMU PALOPO,KEMEJA MAMU,KEMEJA SHANGHAI NAVY PDK M,0,3,0,0,73355,220065,0
Apr-2026,MAMU PALOPO,KEMEJA MAMU,KEMEJA SHANGHAI NAVY PDK M,0,3,0,0,73355,220065,220065
Mei-2026,MAMU PALOPO,KEMEJA MAMU,KEMEJA SHANGHAI NAVY PDK M,0,3,0,0,73355,220065,220065
Jun-2026,MAMU PALOPO,KEMEJA MAMU,KEMEJA SHANGHAI NAVY PDK M,0,3,0,0,73355,220065,220065
Jul-2026,MAMU PALOPO,KEMEJA MAMU,KEMEJA SHANGHAI NAVY PDK M,0,3,0,0,73355,220065,220065
Agu-2026,MAMU PALOPO,KEMEJA MAMU,KEMEJA SHANGHAI NAVY PDK M,0,3,0,0,73355,220065,220065
Sep-2026,MAMU PALOPO,KEMEJA MAMU,KEMEJA SHANGHAI NAVY PDK M,0,3,0,0,73355,220065,220065
Okt-2026,MAMU PALOPO,KEMEJA MAMU,KEMEJA SHANGHAI NAVY PDK M,0,3,0,0,73355,220065,220065
Mar-2026,MAMU PALOPO,KEMEJA MAMU,KEMEJA SHANGHAI NAVY PDK XL,0,3,0,0,72993,218979,0
Apr-2026,MAMU PALOPO,KEMEJA MAMU,KEMEJA SHANGHAI NAVY PDK XL,0,3,0,0,72993,218979,218979
Mei-2026,MAMU PALOPO,KEMEJA MAMU,KEMEJA SHANGHAI NAVY PDK XL,72993,2,0,0,72993,145986,218979
Jun-2026,MAMU PALOPO,KEMEJA MAMU,KEMEJA SHANGHAI NAVY PDK XL,72993,1,0,0,72993,72993,145986
Jul-2026,MAMU PALOPO,KEMEJA MAMU,KEMEJA SHANGHAI NAVY PDK XL,0,1,0,0,72993,72993,72993
Agu-2026,MAMU PALOPO,KEMEJA MAMU,KEMEJA SHANGHAI NAVY PDK XL,0,1,0,0,72993,72993,72993
Sep-2026,MAMU PALOPO,KEMEJA MAMU,KEMEJA SHANGHAI NAVY PDK XL,0,1,0,0,72993,72993,72993
Okt-2026,MAMU PALOPO,KEMEJA MAMU,KEMEJA SHANGHAI NAVY PDK XL,0,1,0,0,72993,72993,72993
Mar-2026,MAMU PALOPO,KEMEJA MAMU,KEMEJA SHANGHAI NAVY PJG L,173446,1,0,0,86723,86723,0
Apr-2026,MAMU PALOPO,KEMEJA MAMU,KEMEJA SHANGHAI NAVY PJG L,0,1,0,0,86723,86723,86723
Mei-2026,MAMU PALOPO,KEMEJA MAMU,KEMEJA SHANGHAI NAVY PJG L,0,1,0,0,86723,86723,86723
Jun-2026,MAMU PALOPO,KEMEJA MAMU,KEMEJA SHANGHAI NAVY PJG L,0,1,0,0,86723,86723,86723
Jul-2026,MAMU PALOPO,KEMEJA MAMU,KEMEJA SHANGHAI NAVY PJG L,0,1,0,0,86723,86723,86723
Agu-2026,MAMU PALOPO,KEMEJA MAMU,KEMEJA SHANGHAI NAVY PJG L,0,1,0,0,86723,86723,86723
Sep-2026,MAMU PALOPO,KEMEJA MAMU,KEMEJA SHANGHAI NAVY PJG L,0,1,0,0,86723,86723,86723
Okt-2026,MAMU PALOPO,KEMEJA MAMU,KEMEJA SHANGHAI NAVY PJG L,0,1,0,0,86723,86723,86723
Mar-2026,MAMU PALOPO,KEMEJA MAMU,KEMEJA SHANGHAI NAVY PJG M,0,3,0,0,86556,259668,0
Apr-2026,MAMU PALOPO,KEMEJA MAMU,KEMEJA SHANGHAI NAVY PJG M,0,3,0,0,86556,259668,259668
Mei-2026,MAMU PALOPO,KEMEJA MAMU,KEMEJA SHANGHAI NAVY PJG M,0,3,0,0,86556,259668,259668
Jun-2026,MAMU PALOPO,KEMEJA MAMU,KEMEJA SHANGHAI NAVY PJG M,0,3,0,0,86556,259668,259668
Jul-2026,MAMU PALOPO,KEMEJA MAMU,KEMEJA SHANGHAI NAVY PJG M,0,3,0,0,86556,259668,259668
Agu-2026,MAMU PALOPO,KEMEJA MAMU,KEMEJA SHANGHAI NAVY PJG M,0,3,0,0,86556,259668,259668
Sep-2026,MAMU PALOPO,KEMEJA MAMU,KEMEJA SHANGHAI NAVY PJG M,0,3,0,0,86556,259668,259668
Okt-2026,MAMU PALOPO,KEMEJA MAMU,KEMEJA SHANGHAI NAVY PJG M,0,3,0,0,86556,259668,259668
Mar-2026,MAMU PALOPO,KEMEJA MAMU,KEMEJA SHANGHAI NAVY PJG XL,0,3,0,0,86528,259584,0
Apr-2026,MAMU PALOPO,KEMEJA MAMU,KEMEJA SHANGHAI NAVY PJG XL,0,3,0,0,86528,259584,259584
Mei-2026,MAMU PALOPO,KEMEJA MAMU,KEMEJA SHANGHAI NAVY PJG XL,0,3,0,0,86528,259584,259584
Jun-2026,MAMU PALOPO,KEMEJA MAMU,KEMEJA SHANGHAI NAVY PJG XL,0,3,0,0,86528,259584,259584
Jul-2026,MAMU PALOPO,KEMEJA MAMU,KEMEJA SHANGHAI NAVY PJG XL,0,3,0,0,86528,259584,259584
Agu-2026,MAMU PALOPO,KEMEJA MAMU,KEMEJA SHANGHAI NAVY PJG XL,0,3,0,0,86528,259584,259584
Sep-2026,MAMU PALOPO,KEMEJA MAMU,KEMEJA SHANGHAI NAVY PJG XL,0,3,0,0,86528,259584,259584
Okt-2026,MAMU PALOPO,KEMEJA MAMU,KEMEJA SHANGHAI NAVY PJG XL,0,3,0,0,86528,259584,259584
Feb-2026,MAMU PALOPO,KEMEJA MAMU,KEMEJA SHANGHAI TOFFEE PDK L,0,1,0,0,74214,74214,0
Mar-2026,MAMU PALOPO,KEMEJA MAMU,KEMEJA SHANGHAI TOFFEE PDK L,74214,0,0,0,74214,0,74214
Apr-2026,MAMU PALOPO,KEMEJA MAMU,KEMEJA SHANGHAI TOFFEE PDK L,0,2,0,0,72961,145922,0
Mei-2026,MAMU PALOPO,KEMEJA MAMU,KEMEJA SHANGHAI TOFFEE PDK L,0,2,0,0,72956,145912,145922
Jun-2026,MAMU PALOPO,KEMEJA MAMU,KEMEJA SHANGHAI TOFFEE PDK L,0,2,0,0,72956,145912,145912
Jul-2026,MAMU PALOPO,KEMEJA MAMU,KEMEJA SHANGHAI TOFFEE PDK L,0,2,0,0,72956,145912,145912
Agu-2026,MAMU PALOPO,KEMEJA MAMU,KEMEJA SHANGHAI TOFFEE PDK L,72956,5,0,0,72956,364780,145912
Sep-2026,MAMU PALOPO,KEMEJA MAMU,KEMEJA SHANGHAI TOFFEE PDK L,0,5,0,0,72956,364780,364780
Okt-2026,MAMU PALOPO,KEMEJA MAMU,KEMEJA SHANGHAI TOFFEE PDK L,0,5,0,0,72956,364780,364780
Apr-2026,MAMU PALOPO,KEMEJA MAMU,KEMEJA SHANGHAI TOFFEE PDK M,72958,1,0,0,72961,72961,0
Mei-2026,MAMU PALOPO,KEMEJA MAMU,KEMEJA SHANGHAI TOFFEE PDK M,0,1,0,0,72958,72958,72961
Jun-2026,MAMU PALOPO,KEMEJA MAMU,KEMEJA SHANGHAI TOFFEE PDK M,0,1,0,0,72958,72958,72958
Jul-2026,MAMU PALOPO,KEMEJA MAMU,KEMEJA SHANGHAI TOFFEE PDK M,72958,1,0,0,72958,72958,72958
Agu-2026,MAMU PALOPO,KEMEJA MAMU,KEMEJA SHANGHAI TOFFEE PDK M,0,5,0,0,72958,364790,72958
Sep-2026,MAMU PALOPO,KEMEJA MAMU,KEMEJA SHANGHAI TOFFEE PDK M,0,5,0,0,72958,364790,364790
Okt-2026,MAMU PALOPO,KEMEJA MAMU,KEMEJA SHANGHAI TOFFEE PDK M,0,5,0,0,72958,364790,364790
Jan-2026,MAMU PALOPO,KEMEJA MAMU,KEMEJA SHANGHAI TOFFEE PDK XL,0,2,0,0,74214,148428,0
Feb-2026,MAMU PALOPO,KEMEJA MAMU,KEMEJA SHANGHAI TOFFEE PDK XL,0,2,0,0,74214,148428,148428
Mar-2026,MAMU PALOPO,KEMEJA MAMU,KEMEJA SHANGHAI TOFFEE PDK XL,148428,0,0,0,74214,0,148428
Apr-2026,MAMU PALOPO,KEMEJA MAMU,KEMEJA SHANGHAI TOFFEE PDK XL,0,2,0,0,72963,145926,0
Mei-2026,MAMU PALOPO,KEMEJA MAMU,KEMEJA SHANGHAI TOFFEE PDK XL,0,2,0,0,72960,145920,145926
Jun-2026,MAMU PALOPO,KEMEJA MAMU,KEMEJA SHANGHAI TOFFEE PDK XL,0,2,0,0,72960,145920,145920
Jul-2026,MAMU PALOPO,KEMEJA MAMU,KEMEJA SHANGHAI TOFFEE PDK XL,0,2,0,0,72960,145920,145920
Agu-2026,MAMU PALOPO,KEMEJA MAMU,KEMEJA SHANGHAI TOFFEE PDK XL,0,5,0,0,72960,364800,145920
Sep-2026,MAMU PALOPO,KEMEJA MAMU,KEMEJA SHANGHAI TOFFEE PDK XL,0,5,0,0,72960,364800,364800
Okt-2026,MAMU PALOPO,KEMEJA MAMU,KEMEJA SHANGHAI TOFFEE PDK XL,0,5,0,0,72960,364800,364800
Jan-2026,MAMU PALOPO,KEMEJA MAMU,KEMEJA SHANGHAI TOFFEE PJG 2XL,0,1,0,0,87214,87214,0
Feb-2026,MAMU PALOPO,KEMEJA MAMU,KEMEJA SHANGHAI TOFFEE PJG 2XL,0,1,0,0,87214,87214,87214
Mar-2026,MAMU PALOPO,KEMEJA MAMU,KEMEJA SHANGHAI TOFFEE PJG 2XL,0,1,0,0,87214,87214,87214
Apr-2026,MAMU PALOPO,KEMEJA MAMU,KEMEJA SHANGHAI TOFFEE PJG 2XL,0,1,0,0,85997,85997,87214
Mei-2026,MAMU PALOPO,KEMEJA MAMU,KEMEJA SHANGHAI TOFFEE PJG 2XL,0,1,0,0,85997,85997,85997
Jun-2026,MAMU PALOPO,KEMEJA MAMU,KEMEJA SHANGHAI TOFFEE PJG 2XL,0,1,0,0,85997,85997,85997
Jul-2026,MAMU PALOPO,KEMEJA MAMU,KEMEJA SHANGHAI TOFFEE PJG 2XL,0,1,0,0,85997,85997,85997
Agu-2026,MAMU PALOPO,KEMEJA MAMU,KEMEJA SHANGHAI TOFFEE PJG 2XL,0,1,0,0,85997,85997,85997
Sep-2026,MAMU PALOPO,KEMEJA MAMU,KEMEJA SHANGHAI TOFFEE PJG 2XL,0,1,0,0,85997,85997,85997
Okt-2026,MAMU PALOPO,KEMEJA MAMU,KEMEJA SHANGHAI TOFFEE PJG 2XL,0,1,0,0,85997,85997,85997
Jan-2026,MAMU PALOPO,KEMEJA MAMU,KEMEJA SHANGHAI TOFFEE PJG L,0,5,0,0,87214,436070,0
Feb-2026,MAMU PALOPO,KEMEJA MAMU,KEMEJA SHANGHAI TOFFEE PJG L,0,5,0,0,87214,436070,436070
Mar-2026,MAMU PALOPO,KEMEJA MAMU,KEMEJA SHANGHAI TOFFEE PJG L,87214,4,0,0,87214,348856,436070
Apr-2026,MAMU PALOPO,KEMEJA MAMU,KEMEJA SHANGHAI TOFFEE PJG L,0,4,0,0,85953,343812,348856
Mei-2026,MAMU PALOPO,KEMEJA MAMU,KEMEJA SHANGHAI TOFFEE PJG L,0,4,0,0,85953,343812,343812
Jun-2026,MAMU PALOPO,KEMEJA MAMU,KEMEJA SHANGHAI TOFFEE PJG L,0,4,0,0,85953,343812,343812
Jul-2026,MAMU PALOPO,KEMEJA MAMU,KEMEJA SHANGHAI TOFFEE PJG L,86962,4,0,0,85953,343812,343812
Agu-2026,MAMU PALOPO,KEMEJA MAMU,KEMEJA SHANGHAI TOFFEE PJG L,0,5,0,0,85953,429765,343812
Sep-2026,MAMU PALOPO,KEMEJA MAMU,KEMEJA SHANGHAI TOFFEE PJG L,0,5,0,0,85953,429765,429765
Okt-2026,MAMU PALOPO,KEMEJA MAMU,KEMEJA SHANGHAI TOFFEE PJG L,0,5,0,0,85953,429765,429765
Apr-2026,MAMU PALOPO,KEMEJA MAMU,KEMEJA SHANGHAI TOFFEE PJG M,0,2,0,0,85957,171914,0
Mei-2026,MAMU PALOPO,KEMEJA MAMU,KEMEJA SHANGHAI TOFFEE PJG M,86007,2,0,0,86007,172014,171914
Jun-2026,MAMU PALOPO,KEMEJA MAMU,KEMEJA SHANGHAI TOFFEE PJG M,0,1,0,0,86007,86007,172014
Jul-2026,MAMU PALOPO,KEMEJA MAMU,KEMEJA SHANGHAI TOFFEE PJG M,0,1,0,0,86007,86007,86007
Agu-2026,MAMU PALOPO,KEMEJA MAMU,KEMEJA SHANGHAI TOFFEE PJG M,0,5,0,0,86007,430035,86007
Sep-2026,MAMU PALOPO,KEMEJA MAMU,KEMEJA SHANGHAI TOFFEE PJG M,0,5,0,0,86007,430035,430035
Okt-2026,MAMU PALOPO,KEMEJA MAMU,KEMEJA SHANGHAI TOFFEE PJG M,0,5,0,0,86007,430035,430035
Jan-2026,MAMU PALOPO,KEMEJA MAMU,KEMEJA SHANGHAI TOFFEE PJG XL,0,2,0,0,87214,174428,0
Feb-2026,MAMU PALOPO,KEMEJA MAMU,KEMEJA SHANGHAI TOFFEE PJG XL,0,2,0,0,87214,174428,174428
Mar-2026,MAMU PALOPO,KEMEJA MAMU,KEMEJA SHANGHAI TOFFEE PJG XL,0,2,0,0,87214,174428,174428
Apr-2026,MAMU PALOPO,KEMEJA MAMU,KEMEJA SHANGHAI TOFFEE PJG XL,0,2,0,0,85955,171910,174428
Mei-2026,MAMU PALOPO,KEMEJA MAMU,KEMEJA SHANGHAI TOFFEE PJG XL,0,2,0,0,85955,171910,171910
Jun-2026,MAMU PALOPO,KEMEJA MAMU,KEMEJA SHANGHAI TOFFEE PJG XL,0,2,0,0,85955,171910,171910
Jul-2026,MAMU PALOPO,KEMEJA MAMU,KEMEJA SHANGHAI TOFFEE PJG XL,0,2,0,0,85955,171910,171910
Agu-2026,MAMU PALOPO,KEMEJA MAMU,KEMEJA SHANGHAI TOFFEE PJG XL,86466,5,0,0,85955,429775,171910
Sep-2026,MAMU PALOPO,KEMEJA MAMU,KEMEJA SHANGHAI TOFFEE PJG XL,0,5,0,0,85955,429775,429775
Okt-2026,MAMU PALOPO,KEMEJA MAMU,KEMEJA SHANGHAI TOFFEE PJG XL,0,5,0,0,85955,429775,429775
Mar-2026,MAMU TSM,KEMEJA MAMU,KEMEJA FORMAL ABU TUA PJG L,88170,2,0,0,88170,176340,0
Apr-2026,MAMU TSM,KEMEJA MAMU,KEMEJA FORMAL ABU TUA PJG L,0,0,0,0,88170,0,176340
Jan-2026,MAMU TSM,KEMEJA MAMU,KEMEJA FORMAL BURGUNDY PJG 2XL,0,1,0,0,88170,88170,0
Feb-2026,MAMU TSM,KEMEJA MAMU,KEMEJA FORMAL BURGUNDY PJG 2XL,0,1,0,0,88170,88170,88170
Mar-2026,MAMU TSM,KEMEJA MAMU,KEMEJA FORMAL BURGUNDY PJG 2XL,0,1,0,0,88170,88170,88170
Apr-2026,MAMU TSM,KEMEJA MAMU,KEMEJA FORMAL BURGUNDY PJG 2XL,88170,0,0,0,88170,0,88170
Jan-2026,MAMU TSM,KEMEJA MAMU,KEMEJA FORMAL BURGUNDY PJG L,88170,2,0,0,88170,176340,0
Feb-2026,MAMU TSM,KEMEJA MAMU,KEMEJA FORMAL BURGUNDY PJG L,88170,1,0,0,88170,88170,176340
Mar-2026,MAMU TSM,KEMEJA MAMU,KEMEJA FORMAL BURGUNDY PJG L,0,2,0,0,88170,176340,88170
Apr-2026,MAMU TSM,KEMEJA MAMU,KEMEJA FORMAL BURGUNDY PJG L,0,0,0,0,88170,0,176340
Jan-2026,MAMU TSM,KEMEJA MAMU,KEMEJA FORMAL BURGUNDY PJG M,88170,2,0,0,88170,176340,0
Feb-2026,MAMU TSM,KEMEJA MAMU,KEMEJA FORMAL BURGUNDY PJG M,0,2,0,0,88170,176340,176340
Mar-2026,MAMU TSM,KEMEJA MAMU,KEMEJA FORMAL BURGUNDY PJG M,0,2,0,0,88170,176340,176340
Apr-2026,MAMU TSM,KEMEJA MAMU,KEMEJA FORMAL BURGUNDY PJG M,0,0,0,0,88170,0,176340
Jan-2026,MAMU TSM,KEMEJA MAMU,KEMEJA FORMAL BURGUNDY PJG XL,88170,2,0,0,88170,176340,0
Feb-2026,MAMU TSM,KEMEJA MAMU,KEMEJA FORMAL BURGUNDY PJG XL,88170,1,0,0,88170,88170,176340
Mar-2026,MAMU TSM,KEMEJA MAMU,KEMEJA FORMAL BURGUNDY PJG XL,0,1,0,0,88170,88170,88170
Apr-2026,MAMU TSM,KEMEJA MAMU,KEMEJA FORMAL BURGUNDY PJG XL,88170,0,0,0,88170,0,88170
Apr-2026,MAMU TSM,KEMEJA MAMU,KEMEJA FORMAL HITAM PDK L,0,10,0,0,74158,741580,0
Mei-2026,MAMU TSM,KEMEJA MAMU,KEMEJA FORMAL HITAM PDK L,0,10,0,0,72993,729930,741580
Jun-2026,MAMU TSM,KEMEJA MAMU,KEMEJA FORMAL HITAM PDK L,0,0,0,0,72993,0,729930
Apr-2026,MAMU TSM,KEMEJA MAMU,KEMEJA FORMAL HITAM PDK M,0,5,0,0,74154,370770,0
Mei-2026,MAMU TSM,KEMEJA MAMU,KEMEJA FORMAL HITAM PDK M,73020,4,0,0,72991,291964,370770
Jun-2026,MAMU TSM,KEMEJA MAMU,KEMEJA FORMAL HITAM PDK M,0,0,0,0,72991,0,291964
Jan-2026,MAMU TSM,KEMEJA MAMU,KEMEJA FORMAL HITAM PJG L,261156,0,0,0,87185,0,0
Apr-2026,MAMU TSM,KEMEJA MAMU,KEMEJA FORMAL HITAM PJG L,0,10,0,0,87110,871100,0
Mei-2026,MAMU TSM,KEMEJA MAMU,KEMEJA FORMAL HITAM PJG L,0,10,0,0,86028,860280,871100
Jun-2026,MAMU TSM,KEMEJA MAMU,KEMEJA FORMAL HITAM PJG L,0,0,0,0,86028,0,860280
Jan-2026,MAMU TSM,KEMEJA MAMU,KEMEJA FORMAL HITAM PJG M,87019,2,0,0,87214,174428,0
Feb-2026,MAMU TSM,KEMEJA MAMU,KEMEJA FORMAL HITAM PJG M,0,2,0,0,87214,174428,174428
Mar-2026,MAMU TSM,KEMEJA MAMU,KEMEJA FORMAL HITAM PJG M,174038,0,0,0,87214,0,174428
Apr-2026,MAMU TSM,KEMEJA MAMU,KEMEJA FORMAL HITAM PJG M,0,10,0,0,87183,871830,0
Mei-2026,MAMU TSM,KEMEJA MAMU,KEMEJA FORMAL HITAM PJG M,0,10,0,0,85993,859930,871830
Jun-2026,MAMU TSM,KEMEJA MAMU,KEMEJA FORMAL HITAM PJG M,0,0,0,0,85993,0,859930
Apr-2026,MAMU TSM,KEMEJA MAMU,KEMEJA FORMAL HITAM PJG XL,0,10,0,0,87214,872140,0
Mei-2026,MAMU TSM,KEMEJA MAMU,KEMEJA FORMAL HITAM PJG XL,0,10,0,0,85989,859890,872140
Jun-2026,MAMU TSM,KEMEJA MAMU,KEMEJA FORMAL HITAM PJG XL,0,0,0,0,85989,0,859890
Mar-2026,MAMU TSM,KEMEJA MAMU,KEMEJA FORMAL LIGHT BROWN PDK 2XL,72928,0,0,0,75170,0,0
Mar-2026,MAMU TSM,KEMEJA MAMU,KEMEJA FORMAL LIGHT BROWN PDK L,72928,0,0,0,75170,0,0
Mar-2026,MAMU TSM,KEMEJA MAMU,KEMEJA FORMAL LIGHT BROWN PDK M,72928,0,0,0,75170,0,0
Mar-2026,MAMU TSM,KEMEJA MAMU,KEMEJA FORMAL LIGHT BROWN PDK S,72928,0,0,0,72928,0,0
Mar-2026,MAMU TSM,KEMEJA MAMU,KEMEJA FORMAL LIGHT BROWN PDK XL,72928,0,0,0,75170,0,0
Mar-2026,MAMU TSM,KEMEJA MAMU,KEMEJA FORMAL LIGHT BROWN PJG 2XL,85928,0,0,0,88170,0,0
Mar-2026,MAMU TSM,KEMEJA MAMU,KEMEJA FORMAL LIGHT BROWN PJG L,171856,1,0,0,85957,85957,0
Apr-2026,MAMU TSM,KEMEJA MAMU,KEMEJA FORMAL LIGHT BROWN PJG L,0,0,0,0,85957,0,85957
Jan-2026,MAMU TSM,KEMEJA MAMU,KEMEJA FORMAL LIGHT BROWN PJG M,88170,0,0,0,88170,0,0
Mar-2026,MAMU TSM,KEMEJA MAMU,KEMEJA FORMAL LIGHT BROWN PJG M,171856,1,0,0,85979,85979,0
Apr-2026,MAMU TSM,KEMEJA MAMU,KEMEJA FORMAL LIGHT BROWN PJG M,0,0,0,0,85979,0,85979
Mar-2026,MAMU TSM,KEMEJA MAMU,KEMEJA FORMAL LIGHT BROWN PJG S,85928,0,0,0,88170,0,0
Mar-2026,MAMU TSM,KEMEJA MAMU,KEMEJA FORMAL LIGHT BROWN PJG XL,0,3,0,0,85974,257922,0
Apr-2026,MAMU TSM,KEMEJA MAMU,KEMEJA FORMAL LIGHT BROWN PJG XL,0,0,0,0,85974,0,257922
Mar-2026,MAMU TSM,KEMEJA MAMU,KEMEJA FORMAL NAVY PDK 2XL,77095,0,0,0,77095,0,0
Mar-2026,MAMU TSM,KEMEJA MAMU,KEMEJA FORMAL NAVY PDK L,226489,0,0,0,73797,0,0
Mar-2026,MAMU TSM,KEMEJA MAMU,KEMEJA FORMAL NAVY PDK M,151035,0,0,0,73797,0,0
Mar-2026,MAMU TSM,KEMEJA MAMU,KEMEJA FORMAL NAVY PDK S,77095,0,0,0,73797,0,0
Mar-2026,MAMU TSM,KEMEJA MAMU,KEMEJA FORMAL NAVY PDK XL,74208,0,0,0,73797,0,0
Mar-2026,MAMU TSM,KEMEJA MAMU,KEMEJA FORMAL NAVY PJG 2XL,0,1,0,0,88095,88095,0
Apr-2026,MAMU TSM,KEMEJA MAMU,KEMEJA FORMAL NAVY PJG 2XL,88095,0,0,0,86797,0,88095
Mar-2026,MAMU TSM,KEMEJA MAMU,KEMEJA FORMAL NAVY PJG L,176190,1,0,0,86580,86580,0
Apr-2026,MAMU TSM,KEMEJA MAMU,KEMEJA FORMAL NAVY PJG L,0,0,0,0,86580,0,86580
Jan-2026,MAMU TSM,KEMEJA MAMU,KEMEJA FORMAL NAVY PJG M,173594,0,0,0,86797,0,0
Mar-2026,MAMU TSM,KEMEJA MAMU,KEMEJA FORMAL NAVY PJG M,176190,1,0,0,85993,85993,0
Apr-2026,MAMU TSM,KEMEJA MAMU,KEMEJA FORMAL NAVY PJG M,0,0,0,0,85993,0,85993
Mar-2026,MAMU TSM,KEMEJA MAMU,KEMEJA FORMAL NAVY PJG S,88095,0,0,0,88095,0,0
Mar-2026,MAMU TSM,KEMEJA MAMU,KEMEJA FORMAL NAVY PJG XL,0,3,0,0,86519,259557,0
Apr-2026,MAMU TSM,KEMEJA MAMU,KEMEJA FORMAL NAVY PJG XL,0,0,0,0,86519,0,259557
Jan-2026,MAMU TSM,KEMEJA MAMU,KEMEJA FORMAL OLIVE GREEN PJG L,86797,1,0,0,86797,86797,0
Feb-2026,MAMU TSM,KEMEJA MAMU,KEMEJA FORMAL OLIVE GREEN PJG L,86797,0,0,0,86797,0,86797
Mar-2026,MAMU TSM,KEMEJA MAMU,KEMEJA FORMAL OLIVE GREEN PJG L,173594,1,0,0,86797,86797,0
Apr-2026,MAMU TSM,KEMEJA MAMU,KEMEJA FORMAL OLIVE GREEN PJG L,0,0,0,0,86797,0,86797
Jan-2026,MAMU TSM,KEMEJA MAMU,KEMEJA FORMAL OLIVE GREEN PJG XL,0,1,0,0,86797,86797,0
Feb-2026,MAMU TSM,KEMEJA MAMU,KEMEJA FORMAL OLIVE GREEN PJG XL,0,1,0,0,86797,86797,86797
Mar-2026,MAMU TSM,KEMEJA MAMU,KEMEJA FORMAL OLIVE GREEN PJG XL,86797,0,0,0,86797,0,86797
Mar-2026,MAMU TSM,KEMEJA MAMU,KEMEJA FORMAL STEEL BLUE PDK 2XL,0,1,0,0,77095,77095,0
Apr-2026,MAMU TSM,KEMEJA MAMU,KEMEJA FORMAL STEEL BLUE PDK 2XL,77095,0,0,0,73797,0,77095
Mar-2026,MAMU TSM,KEMEJA MAMU,KEMEJA FORMAL STEEL BLUE PDK L,75397,0,0,0,73797,0,0
Mar-2026,MAMU TSM,KEMEJA MAMU,KEMEJA FORMAL STEEL BLUE PDK M,75283,0,0,0,73797,0,0
Mar-2026,MAMU TSM,KEMEJA MAMU,KEMEJA FORMAL STEEL BLUE PDK S,0,1,0,0,77095,77095,0
Apr-2026,MAMU TSM,KEMEJA MAMU,KEMEJA FORMAL STEEL BLUE PDK S,77095,0,0,0,77095,0,77095
Mar-2026,MAMU TSM,KEMEJA MAMU,KEMEJA FORMAL STEEL BLUE PDK XL,75283,0,0,0,73797,0,0
Mar-2026,MAMU TSM,KEMEJA MAMU,KEMEJA FORMAL STEEL BLUE PJG 2XL,88053,0,0,0,88053,0,0
Jan-2026,MAMU TSM,KEMEJA MAMU,KEMEJA FORMAL STEEL BLUE PJG L,175734,2,0,0,88053,176106,0
Feb-2026,MAMU TSM,KEMEJA MAMU,KEMEJA FORMAL STEEL BLUE PJG L,175734,0,0,0,88053,0,176106
Mar-2026,MAMU TSM,KEMEJA MAMU,KEMEJA FORMAL STEEL BLUE PJG L,87887,0,0,0,88053,0,0
Jan-2026,MAMU TSM,KEMEJA MAMU,KEMEJA FORMAL STEEL BLUE PJG M,175922,0,0,0,88053,0,0
Mar-2026,MAMU TSM,KEMEJA MAMU,KEMEJA FORMAL STEEL BLUE PJG M,87965,0,0,0,88053,0,0
Jan-2026,MAMU TSM,KEMEJA MAMU,KEMEJA FORMAL STEEL BLUE PJG S,0,3,0,0,88053,264159,0
Feb-2026,MAMU TSM,KEMEJA MAMU,KEMEJA FORMAL STEEL BLUE PJG S,88002,2,0,0,88053,176106,264159
Mar-2026,MAMU TSM,KEMEJA MAMU,KEMEJA FORMAL STEEL BLUE PJG S,0,2,0,0,88053,176106,176106
Apr-2026,MAMU TSM,KEMEJA MAMU,KEMEJA FORMAL STEEL BLUE PJG S,0,0,0,0,88053,0,176106
Mar-2026,MAMU TSM,KEMEJA MAMU,KEMEJA FORMAL STEEL BLUE PJG XL,87932,0,0,0,88053,0,0
Jan-2026,MAMU TSM,KEMEJA MAMU,KEMEJA FORMAL TOFFEE PDK 2XL,75024,0,0,0,75053,0,0
Mar-2026,MAMU TSM,KEMEJA MAMU,KEMEJA FORMAL TOFFEE PDK 2XL,75024,0,0,0,75053,0,0
Jan-2026,MAMU TSM,KEMEJA MAMU,KEMEJA FORMAL TOFFEE PDK L,74999,0,0,0,75053,0,0
Mar-2026,MAMU TSM,KEMEJA MAMU,KEMEJA FORMAL TOFFEE PDK L,75053,0,0,0,75053,0,0
Jan-2026,MAMU TSM,KEMEJA MAMU,KEMEJA FORMAL TOFFEE PDK M,150052,0,0,0,74214,0,0
Mar-2026,MAMU TSM,KEMEJA MAMU,KEMEJA FORMAL TOFFEE PDK M,74214,0,0,0,74214,0,0
Jan-2026,MAMU TSM,KEMEJA MAMU,KEMEJA FORMAL TOFFEE PDK S,75053,0,0,0,75053,0,0
Mar-2026,MAMU TSM,KEMEJA MAMU,KEMEJA FORMAL TOFFEE PDK S,75053,0,0,0,75053,0,0
Mar-2026,MAMU TSM,KEMEJA MAMU,KEMEJA FORMAL TOFFEE PDK XL,75053,0,0,0,75053,0,0
Mar-2026,MAMU TSM,KEMEJA MAMU,KEMEJA FORMAL TOFFEE PJG 2XL,88053,0,0,0,88053,0,0
Jan-2026,MAMU TSM,KEMEJA MAMU,KEMEJA FORMAL TOFFEE PJG L,264351,0,0,0,88053,0,0
Mar-2026,MAMU TSM,KEMEJA MAMU,KEMEJA FORMAL TOFFEE PJG L,88097,6,0,0,88053,528318,0
Apr-2026,MAMU TSM,KEMEJA MAMU,KEMEJA FORMAL TOFFEE PJG L,176192,0,0,0,88053,0,528318
Jan-2026,MAMU TSM,KEMEJA MAMU,KEMEJA FORMAL TOFFEE PJG M,0,1,0,0,88053,88053,0
Feb-2026,MAMU TSM,KEMEJA MAMU,KEMEJA FORMAL TOFFEE PJG M,0,1,0,0,88053,88053,88053
Mar-2026,MAMU TSM,KEMEJA MAMU,KEMEJA FORMAL TOFFEE PJG M,175892,5,0,0,88053,440265,88053
Apr-2026,MAMU TSM,KEMEJA MAMU,KEMEJA FORMAL TOFFEE PJG M,0,0,0,0,88053,0,440265
Mar-2026,MAMU TSM,KEMEJA MAMU,KEMEJA FORMAL TOFFEE PJG S,87952,0,0,0,88053,0,0
Jan-2026,MAMU TSM,KEMEJA MAMU,KEMEJA FORMAL TOFFEE PJG XL,87981,0,0,0,88053,0,0
Mar-2026,MAMU TSM,KEMEJA MAMU,KEMEJA FORMAL TOFFEE PJG XL,87996,7,0,0,88053,616371,0
Apr-2026,MAMU TSM,KEMEJA MAMU,KEMEJA FORMAL TOFFEE PJG XL,0,0,0,0,88053,0,616371
Apr-2026,MAMU TSM,KEMEJA MAMU,KEMEJA SHANGHAI HITAM PDK L,0,10,0,0,72925,729250,0
Mei-2026,MAMU TSM,KEMEJA MAMU,KEMEJA SHANGHAI HITAM PDK L,0,10,0,0,72966,729660,729250
Jun-2026,MAMU TSM,KEMEJA MAMU,KEMEJA SHANGHAI HITAM PDK L,0,0,0,0,72966,0,729660
Apr-2026,MAMU TSM,KEMEJA MAMU,KEMEJA SHANGHAI HITAM PDK M,0,10,0,0,72941,729410,0
Mei-2026,MAMU TSM,KEMEJA MAMU,KEMEJA SHANGHAI HITAM PDK M,0,10,0,0,72949,729490,729410
Jun-2026,MAMU TSM,KEMEJA MAMU,KEMEJA SHANGHAI HITAM PDK M,0,0,0,0,72949,0,729490
Apr-2026,MAMU TSM,KEMEJA MAMU,KEMEJA SHANGHAI HITAM PDK XL,0,10,0,0,72921,729210,0
Mei-2026,MAMU TSM,KEMEJA MAMU,KEMEJA SHANGHAI HITAM PDK XL,0,10,0,0,72940,729400,729210
Jun-2026,MAMU TSM,KEMEJA MAMU,KEMEJA SHANGHAI HITAM PDK XL,0,0,0,0,72940,0,729400
Jan-2026,MAMU TSM,KEMEJA MAMU,KEMEJA SHANGHAI HITAM PJG 2XL,88053,0,0,0,88053,0,0
Jan-2026,MAMU TSM,KEMEJA MAMU,KEMEJA SHANGHAI HITAM PJG L,175612,1,0,0,88053,88053,0
Feb-2026,MAMU TSM,KEMEJA MAMU,KEMEJA SHANGHAI HITAM PJG L,175612,0,0,0,88053,0,88053
Apr-2026,MAMU TSM,KEMEJA MAMU,KEMEJA SHANGHAI HITAM PJG L,0,10,0,0,85943,859430,0
Mei-2026,MAMU TSM,KEMEJA MAMU,KEMEJA SHANGHAI HITAM PJG L,0,10,0,0,85943,859430,859430
Jun-2026,MAMU TSM,KEMEJA MAMU,KEMEJA SHANGHAI HITAM PJG L,0,0,0,0,85943,0,859430
Jan-2026,MAMU TSM,KEMEJA MAMU,KEMEJA SHANGHAI HITAM PJG M,0,3,0,0,88053,264159,0
Feb-2026,MAMU TSM,KEMEJA MAMU,KEMEJA SHANGHAI HITAM PJG M,0,1,0,0,88053,88053,264159
Mar-2026,MAMU TSM,KEMEJA MAMU,KEMEJA SHANGHAI HITAM PJG M,87918,0,0,0,88053,0,88053
Apr-2026,MAMU TSM,KEMEJA MAMU,KEMEJA SHANGHAI HITAM PJG M,0,10,0,0,85943,859430,0
Mei-2026,MAMU TSM,KEMEJA MAMU,KEMEJA SHANGHAI HITAM PJG M,0,10,0,0,85943,859430,859430
Jun-2026,MAMU TSM,KEMEJA MAMU,KEMEJA SHANGHAI HITAM PJG M,0,0,0,0,85943,0,859430
Jan-2026,MAMU TSM,KEMEJA MAMU,KEMEJA SHANGHAI HITAM PJG XL,264066,1,0,0,88053,88053,0
Feb-2026,MAMU TSM,KEMEJA MAMU,KEMEJA SHANGHAI HITAM PJG XL,0,1,0,0,88053,88053,88053
Mar-2026,MAMU TSM,KEMEJA MAMU,KEMEJA SHANGHAI HITAM PJG XL,88032,0,0,0,88053,0,88053
Apr-2026,MAMU TSM,KEMEJA MAMU,KEMEJA SHANGHAI HITAM PJG XL,0,10,0,0,85939,859390,0
Mei-2026,MAMU TSM,KEMEJA MAMU,KEMEJA SHANGHAI HITAM PJG XL,0,10,0,0,85957,859570,859390
Jun-2026,MAMU TSM,KEMEJA MAMU,KEMEJA SHANGHAI HITAM PJG XL,0,0,0,0,85957,0,859570
Apr-2026,MAMU TSM,KEMEJA MAMU,KEMEJA SHANGHAI TOFFEE PDK L,0,10,0,0,72961,729610,0
Mei-2026,MAMU TSM,KEMEJA MAMU,KEMEJA SHANGHAI TOFFEE PDK L,0,10,0,0,72956,729560,729610
Jun-2026,MAMU TSM,KEMEJA MAMU,KEMEJA SHANGHAI TOFFEE PDK L,0,0,0,0,72956,0,729560
Apr-2026,MAMU TSM,KEMEJA MAMU,KEMEJA SHANGHAI TOFFEE PDK M,0,10,0,0,72961,729610,0
Mei-2026,MAMU TSM,KEMEJA MAMU,KEMEJA SHANGHAI TOFFEE PDK M,0,10,0,0,72958,729580,729610
Jun-2026,MAMU TSM,KEMEJA MAMU,KEMEJA SHANGHAI TOFFEE PDK M,0,0,0,0,72958,0,729580
Apr-2026,MAMU TSM,KEMEJA MAMU,KEMEJA SHANGHAI TOFFEE PDK XL,0,10,0,0,72963,729630,0
Mei-2026,MAMU TSM,KEMEJA MAMU,KEMEJA SHANGHAI TOFFEE PDK XL,0,10,0,0,72960,729600,729630
Jun-2026,MAMU TSM,KEMEJA MAMU,KEMEJA SHANGHAI TOFFEE PDK XL,0,0,0,0,72960,0,729600
Jan-2026,MAMU TSM,KEMEJA MAMU,KEMEJA SHANGHAI TOFFEE PJG L,176268,1,0,0,87214,87214,0
Feb-2026,MAMU TSM,KEMEJA MAMU,KEMEJA SHANGHAI TOFFEE PJG L,0,1,0,0,87214,87214,87214
Mar-2026,MAMU TSM,KEMEJA MAMU,KEMEJA SHANGHAI TOFFEE PJG L,88134,0,0,0,87214,0,87214
Apr-2026,MAMU TSM,KEMEJA MAMU,KEMEJA SHANGHAI TOFFEE PJG L,0,10,0,0,85953,859530,0
Mei-2026,MAMU TSM,KEMEJA MAMU,KEMEJA SHANGHAI TOFFEE PJG L,0,10,0,0,85953,859530,859530
Jun-2026,MAMU TSM,KEMEJA MAMU,KEMEJA SHANGHAI TOFFEE PJG L,0,0,0,0,85953,0,859530
Jan-2026,MAMU TSM,KEMEJA MAMU,KEMEJA SHANGHAI TOFFEE PJG M,0,2,0,0,87214,174428,0
Feb-2026,MAMU TSM,KEMEJA MAMU,KEMEJA SHANGHAI TOFFEE PJG M,262788,0,0,0,87214,0,174428
Apr-2026,MAMU TSM,KEMEJA MAMU,KEMEJA SHANGHAI TOFFEE PJG M,0,10,0,0,85957,859570,0
Mei-2026,MAMU TSM,KEMEJA MAMU,KEMEJA SHANGHAI TOFFEE PJG M,0,10,0,0,86007,860070,859570
Jun-2026,MAMU TSM,KEMEJA MAMU,KEMEJA SHANGHAI TOFFEE PJG M,0,0,0,0,86007,0,860070
Jan-2026,MAMU TSM,KEMEJA MAMU,KEMEJA SHANGHAI TOFFEE PJG XL,174428,0,0,0,87214,0,0
Apr-2026,MAMU TSM,KEMEJA MAMU,KEMEJA SHANGHAI TOFFEE PJG XL,0,10,0,0,85955,859550,0
Mei-2026,MAMU TSM,KEMEJA MAMU,KEMEJA SHANGHAI TOFFEE PJG XL,0,10,0,0,85955,859550,859550
Jun-2026,MAMU TSM,KEMEJA MAMU,KEMEJA SHANGHAI TOFFEE PJG XL,0,0,0,0,85955,0,859550
Jan-2026,TIGALAPANKAOS BONE,KEMEJA MAMU,KEMEJA FORMAL ABU TUA PJG L,0,4,0,0,88170,352680,0
Feb-2026,TIGALAPANKAOS BONE,KEMEJA MAMU,KEMEJA FORMAL ABU TUA PJG L,0,4,0,0,88170,352680,352680
Mar-2026,TIGALAPANKAOS BONE,KEMEJA MAMU,KEMEJA FORMAL ABU TUA PJG L,88170,3,0,0,88170,264510,352680
Apr-2026,TIGALAPANKAOS BONE,KEMEJA MAMU,KEMEJA FORMAL ABU TUA PJG L,0,3,0,0,88170,264510,264510
Mei-2026,TIGALAPANKAOS BONE,KEMEJA MAMU,KEMEJA FORMAL ABU TUA PJG L,0,3,0,0,88170,264510,264510
Jun-2026,TIGALAPANKAOS BONE,KEMEJA MAMU,KEMEJA FORMAL ABU TUA PJG L,0,3,0,0,88170,264510,264510
Jul-2026,TIGALAPANKAOS BONE,KEMEJA MAMU,KEMEJA FORMAL ABU TUA PJG L,0,3,0,0,88170,264510,264510
Agu-2026,TIGALAPANKAOS BONE,KEMEJA MAMU,KEMEJA FORMAL ABU TUA PJG L,0,3,0,0,88170,264510,264510
Sep-2026,TIGALAPANKAOS BONE,KEMEJA MAMU,KEMEJA FORMAL ABU TUA PJG L,0,3,0,0,88170,264510,264510
Okt-2026,TIGALAPANKAOS BONE,KEMEJA MAMU,KEMEJA FORMAL ABU TUA PJG L,0,3,0,0,88170,264510,264510
Jan-2026,TIGALAPANKAOS BONE,KEMEJA MAMU,KEMEJA FORMAL ABU TUA PJG XL,0,2,0,0,88170,176340,0
Feb-2026,TIGALAPANKAOS BONE,KEMEJA MAMU,KEMEJA FORMAL ABU TUA PJG XL,0,2,0,0,88170,176340,176340
Mar-2026,TIGALAPANKAOS BONE,KEMEJA MAMU,KEMEJA FORMAL ABU TUA PJG XL,0,2,0,0,88170,176340,176340
Apr-2026,TIGALAPANKAOS BONE,KEMEJA MAMU,KEMEJA FORMAL ABU TUA PJG XL,0,2,0,0,88170,176340,176340
Mei-2026,TIGALAPANKAOS BONE,KEMEJA MAMU,KEMEJA FORMAL ABU TUA PJG XL,0,2,0,0,88170,176340,176340
Jun-2026,TIGALAPANKAOS BONE,KEMEJA MAMU,KEMEJA FORMAL ABU TUA PJG XL,0,2,0,0,88170,176340,176340
Jul-2026,TIGALAPANKAOS BONE,KEMEJA MAMU,KEMEJA FORMAL ABU TUA PJG XL,0,2,0,0,88170,176340,176340
Agu-2026,TIGALAPANKAOS BONE,KEMEJA MAMU,KEMEJA FORMAL ABU TUA PJG XL,0,2,0,0,88170,176340,176340
Sep-2026,TIGALAPANKAOS BONE,KEMEJA MAMU,KEMEJA FORMAL ABU TUA PJG XL,0,2,0,0,88170,176340,176340
Okt-2026,TIGALAPANKAOS BONE,KEMEJA MAMU,KEMEJA FORMAL ABU TUA PJG XL,0,2,0,0,88170,176340,176340
Jan-2026,TIGALAPANKAOS BONE,KEMEJA MAMU,KEMEJA FORMAL BURGUNDY PDK L,0,1,0,0,75170,75170,0
Feb-2026,TIGALAPANKAOS BONE,KEMEJA MAMU,KEMEJA FORMAL BURGUNDY PDK L,75170,0,0,0,75170,0,75170
Jan-2026,TIGALAPANKAOS BONE,KEMEJA MAMU,KEMEJA FORMAL BURGUNDY PDK M,0,1,0,0,75170,75170,0
Feb-2026,TIGALAPANKAOS BONE,KEMEJA MAMU,KEMEJA FORMAL BURGUNDY PDK M,0,1,0,0,75170,75170,75170
Mar-2026,TIGALAPANKAOS BONE,KEMEJA MAMU,KEMEJA FORMAL BURGUNDY PDK M,75170,0,0,0,75170,0,75170
Jan-2026,TIGALAPANKAOS BONE,KEMEJA MAMU,KEMEJA FORMAL BURGUNDY PDK XL,0,1,0,0,75170,75170,0
Feb-2026,TIGALAPANKAOS BONE,KEMEJA MAMU,KEMEJA FORMAL BURGUNDY PDK XL,0,1,0,0,75170,75170,75170
Mar-2026,TIGALAPANKAOS BONE,KEMEJA MAMU,KEMEJA FORMAL BURGUNDY PDK XL,0,1,0,0,75170,75170,75170
Apr-2026,TIGALAPANKAOS BONE,KEMEJA MAMU,KEMEJA FORMAL BURGUNDY PDK XL,0,1,0,0,75170,75170,75170
Mei-2026,TIGALAPANKAOS BONE,KEMEJA MAMU,KEMEJA FORMAL BURGUNDY PDK XL,0,1,0,0,75170,75170,75170
Jun-2026,TIGALAPANKAOS BONE,KEMEJA MAMU,KEMEJA FORMAL BURGUNDY PDK XL,0,1,0,0,75170,75170,75170
Jul-2026,TIGALAPANKAOS BONE,KEMEJA MAMU,KEMEJA FORMAL BURGUNDY PDK XL,0,1,0,0,75170,75170,75170
Agu-2026,TIGALAPANKAOS BONE,KEMEJA MAMU,KEMEJA FORMAL BURGUNDY PDK XL,0,1,0,0,75170,75170,75170
Sep-2026,TIGALAPANKAOS BONE,KEMEJA MAMU,KEMEJA FORMAL BURGUNDY PDK XL,0,1,0,0,75170,75170,75170
Okt-2026,TIGALAPANKAOS BONE,KEMEJA MAMU,KEMEJA FORMAL BURGUNDY PDK XL,0,1,0,0,75170,75170,75170
Jan-2026,TIGALAPANKAOS BONE,KEMEJA MAMU,KEMEJA FORMAL BURGUNDY PJG L,0,2,0,0,88170,176340,0
Feb-2026,TIGALAPANKAOS BONE,KEMEJA MAMU,KEMEJA FORMAL BURGUNDY PJG L,0,2,0,0,88170,176340,176340
Mar-2026,TIGALAPANKAOS BONE,KEMEJA MAMU,KEMEJA FORMAL BURGUNDY PJG L,88170,1,0,0,88170,88170,176340
Apr-2026,TIGALAPANKAOS BONE,KEMEJA MAMU,KEMEJA FORMAL BURGUNDY PJG L,0,1,0,0,88170,88170,88170
Mei-2026,TIGALAPANKAOS BONE,KEMEJA MAMU,KEMEJA FORMAL BURGUNDY PJG L,0,1,0,0,88170,88170,88170
Jun-2026,TIGALAPANKAOS BONE,KEMEJA MAMU,KEMEJA FORMAL BURGUNDY PJG L,0,1,0,0,88170,88170,88170
Jul-2026,TIGALAPANKAOS BONE,KEMEJA MAMU,KEMEJA FORMAL BURGUNDY PJG L,0,1,0,0,88170,88170,88170
Agu-2026,TIGALAPANKAOS BONE,KEMEJA MAMU,KEMEJA FORMAL BURGUNDY PJG L,88170,0,0,0,88170,0,88170
Jan-2026,TIGALAPANKAOS BONE,KEMEJA MAMU,KEMEJA FORMAL BURGUNDY PJG M,0,1,0,0,88170,88170,0
Feb-2026,TIGALAPANKAOS BONE,KEMEJA MAMU,KEMEJA FORMAL BURGUNDY PJG M,88170,0,0,0,88170,0,88170
Jan-2026,TIGALAPANKAOS BONE,KEMEJA MAMU,KEMEJA FORMAL BURGUNDY PJG XL,0,2,0,0,88170,176340,0
Feb-2026,TIGALAPANKAOS BONE,KEMEJA MAMU,KEMEJA FORMAL BURGUNDY PJG XL,0,2,0,0,88170,176340,176340
Mar-2026,TIGALAPANKAOS BONE,KEMEJA MAMU,KEMEJA FORMAL BURGUNDY PJG XL,0,2,0,0,88170,176340,176340
Apr-2026,TIGALAPANKAOS BONE,KEMEJA MAMU,KEMEJA FORMAL BURGUNDY PJG XL,0,2,0,0,88170,176340,176340
Mei-2026,TIGALAPANKAOS BONE,KEMEJA MAMU,KEMEJA FORMAL BURGUNDY PJG XL,0,2,0,0,88170,176340,176340
Jun-2026,TIGALAPANKAOS BONE,KEMEJA MAMU,KEMEJA FORMAL BURGUNDY PJG XL,0,2,0,0,88170,176340,176340
Jul-2026,TIGALAPANKAOS BONE,KEMEJA MAMU,KEMEJA FORMAL BURGUNDY PJG XL,0,2,0,0,88170,176340,176340
Agu-2026,TIGALAPANKAOS BONE,KEMEJA MAMU,KEMEJA FORMAL BURGUNDY PJG XL,0,2,0,0,88170,176340,176340
Sep-2026,TIGALAPANKAOS BONE,KEMEJA MAMU,KEMEJA FORMAL BURGUNDY PJG XL,0,2,0,0,88170,176340,176340
Okt-2026,TIGALAPANKAOS BONE,KEMEJA MAMU,KEMEJA FORMAL BURGUNDY PJG XL,0,2,0,0,88170,176340,176340
Agu-2026,TIGALAPANKAOS BONE,KEMEJA MAMU,KEMEJA FORMAL COKLAT TUA PJG L,0,3,0,0,189000,567000,0
Sep-2026,TIGALAPANKAOS BONE,KEMEJA MAMU,KEMEJA FORMAL COKLAT TUA PJG L,0,3,0,0,189000,567000,567000
Okt-2026,TIGALAPANKAOS BONE,KEMEJA MAMU,KEMEJA FORMAL COKLAT TUA PJG L,0,3,0,0,189000,567000,567000
Jan-2026,TIGALAPANKAOS BONE,KEMEJA MAMU,KEMEJA FORMAL HITAM PDK L,0,3,0,0,74206,222618,0
Feb-2026,TIGALAPANKAOS BONE,KEMEJA MAMU,KEMEJA FORMAL HITAM PDK L,0,3,0,0,74206,222618,222618
Mar-2026,TIGALAPANKAOS BONE,KEMEJA MAMU,KEMEJA FORMAL HITAM PDK L,74206,2,0,0,74158,148316,222618
Apr-2026,TIGALAPANKAOS BONE,KEMEJA MAMU,KEMEJA FORMAL HITAM PDK L,0,2,0,0,74158,148316,148316
Mei-2026,TIGALAPANKAOS BONE,KEMEJA MAMU,KEMEJA FORMAL HITAM PDK L,74206,1,0,0,72993,72993,148316
Jun-2026,TIGALAPANKAOS BONE,KEMEJA MAMU,KEMEJA FORMAL HITAM PDK L,0,1,0,0,72993,72993,72993
Jul-2026,TIGALAPANKAOS BONE,KEMEJA MAMU,KEMEJA FORMAL HITAM PDK L,0,1,0,0,72993,72993,72993
Agu-2026,TIGALAPANKAOS BONE,KEMEJA MAMU,KEMEJA FORMAL HITAM PDK L,73236,5,0,0,72993,364965,72993
Sep-2026,TIGALAPANKAOS BONE,KEMEJA MAMU,KEMEJA FORMAL HITAM PDK L,0,5,0,0,72993,364965,364965
Okt-2026,TIGALAPANKAOS BONE,KEMEJA MAMU,KEMEJA FORMAL HITAM PDK L,73187,4,0,0,72993,291972,364965
Apr-2026,TIGALAPANKAOS BONE,KEMEJA MAMU,KEMEJA FORMAL HITAM PDK M,0,2,0,0,74154,148308,0
Mei-2026,TIGALAPANKAOS BONE,KEMEJA MAMU,KEMEJA FORMAL HITAM PDK M,0,2,0,0,72991,145982,148308
Jun-2026,TIGALAPANKAOS BONE,KEMEJA MAMU,KEMEJA FORMAL HITAM PDK M,0,2,0,0,72991,145982,145982
Jul-2026,TIGALAPANKAOS BONE,KEMEJA MAMU,KEMEJA FORMAL HITAM PDK M,73020,2,0,0,72991,145982,145982
Agu-2026,TIGALAPANKAOS BONE,KEMEJA MAMU,KEMEJA FORMAL HITAM PDK M,73020,0,0,0,74214,0,145982
Okt-2026,TIGALAPANKAOS BONE,KEMEJA MAMU,KEMEJA FORMAL HITAM PDK M,0,2,0,0,72991,145982,0
Jan-2026,TIGALAPANKAOS BONE,KEMEJA MAMU,KEMEJA FORMAL HITAM PDK XL,0,2,0,0,74177,148354,0
Feb-2026,TIGALAPANKAOS BONE,KEMEJA MAMU,KEMEJA FORMAL HITAM PDK XL,0,2,0,0,74177,148354,148354
Mar-2026,TIGALAPANKAOS BONE,KEMEJA MAMU,KEMEJA FORMAL HITAM PDK XL,74177,0,0,0,74177,0,148354
Apr-2026,TIGALAPANKAOS BONE,KEMEJA MAMU,KEMEJA FORMAL HITAM PDK XL,0,2,0,0,73987,147974,0
Mei-2026,TIGALAPANKAOS BONE,KEMEJA MAMU,KEMEJA FORMAL HITAM PDK XL,0,1,0,0,72991,72991,147974
Jun-2026,TIGALAPANKAOS BONE,KEMEJA MAMU,KEMEJA FORMAL HITAM PDK XL,0,1,0,0,72991,72991,72991
Jul-2026,TIGALAPANKAOS BONE,KEMEJA MAMU,KEMEJA FORMAL HITAM PDK XL,0,1,0,0,72991,72991,72991
Agu-2026,TIGALAPANKAOS BONE,KEMEJA MAMU,KEMEJA FORMAL HITAM PDK XL,0,6,0,0,72991,437946,72991
Sep-2026,TIGALAPANKAOS BONE,KEMEJA MAMU,KEMEJA FORMAL HITAM PDK XL,60820,6,0,0,72991,437946,437946
Okt-2026,TIGALAPANKAOS BONE,KEMEJA MAMU,KEMEJA FORMAL HITAM PDK XL,0,5,0,0,72991,364955,437946
Jan-2026,TIGALAPANKAOS BONE,KEMEJA MAMU,KEMEJA FORMAL HITAM PJG L,0,4,0,0,87185,348740,0
Feb-2026,TIGALAPANKAOS BONE,KEMEJA MAMU,KEMEJA FORMAL HITAM PJG L,0,4,0,0,87185,348740,348740
Mar-2026,TIGALAPANKAOS BONE,KEMEJA MAMU,KEMEJA FORMAL HITAM PJG L,261303,1,0,0,87110,87110,348740
Apr-2026,TIGALAPANKAOS BONE,KEMEJA MAMU,KEMEJA FORMAL HITAM PJG L,0,1,0,0,87110,87110,87110
Mei-2026,TIGALAPANKAOS BONE,KEMEJA MAMU,KEMEJA FORMAL HITAM PJG L,174202,0,0,0,87185,0,87110
Agu-2026,TIGALAPANKAOS BONE,KEMEJA MAMU,KEMEJA FORMAL HITAM PJG L,0,5,0,0,86028,430140,0
Sep-2026,TIGALAPANKAOS BONE,KEMEJA MAMU,KEMEJA FORMAL HITAM PJG L,0,5,0,0,86028,430140,430140
Okt-2026,TIGALAPANKAOS BONE,KEMEJA MAMU,KEMEJA FORMAL HITAM PJG L,0,5,0,0,86028,430140,430140
Jan-2026,TIGALAPANKAOS BONE,KEMEJA MAMU,KEMEJA FORMAL HITAM PJG M,0,1,0,0,87214,87214,0
Feb-2026,TIGALAPANKAOS BONE,KEMEJA MAMU,KEMEJA FORMAL HITAM PJG M,87214,0,0,0,87214,0,87214
Apr-2026,TIGALAPANKAOS BONE,KEMEJA MAMU,KEMEJA FORMAL HITAM PJG M,0,2,0,0,87183,174366,0
Mei-2026,TIGALAPANKAOS BONE,KEMEJA MAMU,KEMEJA FORMAL HITAM PJG M,86044,2,0,0,85993,171986,174366
Jun-2026,TIGALAPANKAOS BONE,KEMEJA MAMU,KEMEJA FORMAL HITAM PJG M,86044,1,0,0,85993,85993,171986
Jul-2026,TIGALAPANKAOS BONE,KEMEJA MAMU,KEMEJA FORMAL HITAM PJG M,0,1,0,0,85993,85993,85993
Agu-2026,TIGALAPANKAOS BONE,KEMEJA MAMU,KEMEJA FORMAL HITAM PJG M,0,5,0,0,85993,429965,85993
Sep-2026,TIGALAPANKAOS BONE,KEMEJA MAMU,KEMEJA FORMAL HITAM PJG M,85994,4,0,0,85993,343972,429965
Okt-2026,TIGALAPANKAOS BONE,KEMEJA MAMU,KEMEJA FORMAL HITAM PJG M,0,4,0,0,85993,343972,343972
Jan-2026,TIGALAPANKAOS BONE,KEMEJA MAMU,KEMEJA FORMAL HITAM PJG S,0,1,0,0,87214,87214,0
Feb-2026,TIGALAPANKAOS BONE,KEMEJA MAMU,KEMEJA FORMAL HITAM PJG S,87214,0,0,0,87214,0,87214
Apr-2026,TIGALAPANKAOS BONE,KEMEJA MAMU,KEMEJA FORMAL HITAM PJG XL,0,2,0,0,87214,174428,0
Mei-2026,TIGALAPANKAOS BONE,KEMEJA MAMU,KEMEJA FORMAL HITAM PJG XL,0,2,0,0,85989,171978,174428
Jun-2026,TIGALAPANKAOS BONE,KEMEJA MAMU,KEMEJA FORMAL HITAM PJG XL,0,2,0,0,85989,171978,171978
Jul-2026,TIGALAPANKAOS BONE,KEMEJA MAMU,KEMEJA FORMAL HITAM PJG XL,0,2,0,0,85989,171978,171978
Agu-2026,TIGALAPANKAOS BONE,KEMEJA MAMU,KEMEJA FORMAL HITAM PJG XL,0,5,0,0,85989,429945,171978
Sep-2026,TIGALAPANKAOS BONE,KEMEJA MAMU,KEMEJA FORMAL HITAM PJG XL,0,5,0,0,85989,429945,429945
Okt-2026,TIGALAPANKAOS BONE,KEMEJA MAMU,KEMEJA FORMAL HITAM PJG XL,0,5,0,0,85989,429945,429945
Jan-2026,TIGALAPANKAOS BONE,KEMEJA MAMU,KEMEJA FORMAL LIGHT BROWN PJG L,88170,1,0,0,88170,88170,0
Feb-2026,TIGALAPANKAOS BONE,KEMEJA MAMU,KEMEJA FORMAL LIGHT BROWN PJG L,0,0,0,0,88170,0,88170
Mar-2026,TIGALAPANKAOS BONE,KEMEJA MAMU,KEMEJA FORMAL LIGHT BROWN PJG L,88170,0,0,0,88170,0,0
Apr-2026,TIGALAPANKAOS BONE,KEMEJA MAMU,KEMEJA FORMAL LIGHT BROWN PJG L,0,1,0,0,85957,85957,0
Mei-2026,TIGALAPANKAOS BONE,KEMEJA MAMU,KEMEJA FORMAL LIGHT BROWN PJG L,0,1,0,0,85957,85957,85957
Jun-2026,TIGALAPANKAOS BONE,KEMEJA MAMU,KEMEJA FORMAL LIGHT BROWN PJG L,0,1,0,0,85957,85957,85957
Jul-2026,TIGALAPANKAOS BONE,KEMEJA MAMU,KEMEJA FORMAL LIGHT BROWN PJG L,0,1,0,0,85957,85957,85957
Agu-2026,TIGALAPANKAOS BONE,KEMEJA MAMU,KEMEJA FORMAL LIGHT BROWN PJG L,85957,0,0,0,88170,0,85957
Jan-2026,TIGALAPANKAOS BONE,KEMEJA MAMU,KEMEJA FORMAL LIGHT BROWN PJG M,0,1,0,0,88170,88170,0
Feb-2026,TIGALAPANKAOS BONE,KEMEJA MAMU,KEMEJA FORMAL LIGHT BROWN PJG M,0,1,0,0,85928,85928,88170
Mar-2026,TIGALAPANKAOS BONE,KEMEJA MAMU,KEMEJA FORMAL LIGHT BROWN PJG M,88170,0,0,0,88170,0,85928
Jan-2026,TIGALAPANKAOS BONE,KEMEJA MAMU,KEMEJA FORMAL LIGHT BROWN PJG XL,0,1,0,0,88170,88170,0
Feb-2026,TIGALAPANKAOS BONE,KEMEJA MAMU,KEMEJA FORMAL LIGHT BROWN PJG XL,0,1,0,0,85928,85928,88170
Mar-2026,TIGALAPANKAOS BONE,KEMEJA MAMU,KEMEJA FORMAL LIGHT BROWN PJG XL,88170,0,0,0,88170,0,85928
Jan-2026,TIGALAPANKAOS BONE,KEMEJA MAMU,KEMEJA FORMAL NAVY PJG L,0,3,0,0,86797,260391,0
Feb-2026,TIGALAPANKAOS BONE,KEMEJA MAMU,KEMEJA FORMAL NAVY PJG L,0,3,0,0,88095,264285,260391
Mar-2026,TIGALAPANKAOS BONE,KEMEJA MAMU,KEMEJA FORMAL NAVY PJG L,0,3,0,0,86580,259740,264285
Apr-2026,TIGALAPANKAOS BONE,KEMEJA MAMU,KEMEJA FORMAL NAVY PJG L,0,3,0,0,86580,259740,259740
Mei-2026,TIGALAPANKAOS BONE,KEMEJA MAMU,KEMEJA FORMAL NAVY PJG L,0,3,0,0,86580,259740,259740
Jun-2026,TIGALAPANKAOS BONE,KEMEJA MAMU,KEMEJA FORMAL NAVY PJG L,0,3,0,0,86580,259740,259740
Jul-2026,TIGALAPANKAOS BONE,KEMEJA MAMU,KEMEJA FORMAL NAVY PJG L,0,3,0,0,86580,259740,259740
Agu-2026,TIGALAPANKAOS BONE,KEMEJA MAMU,KEMEJA FORMAL NAVY PJG L,86797,2,0,0,86580,173160,259740
Sep-2026,TIGALAPANKAOS BONE,KEMEJA MAMU,KEMEJA FORMAL NAVY PJG L,0,2,0,0,86580,173160,173160
Okt-2026,TIGALAPANKAOS BONE,KEMEJA MAMU,KEMEJA FORMAL NAVY PJG L,0,2,0,0,86580,173160,173160
Jan-2026,TIGALAPANKAOS BONE,KEMEJA MAMU,KEMEJA FORMAL NAVY PJG XL,0,1,0,0,86797,86797,0
Feb-2026,TIGALAPANKAOS BONE,KEMEJA MAMU,KEMEJA FORMAL NAVY PJG XL,86797,0,0,0,86797,0,86797
Jan-2026,TIGALAPANKAOS BONE,KEMEJA MAMU,KEMEJA FORMAL OLIVE GREEN PDK L,0,1,0,0,73797,73797,0
Feb-2026,TIGALAPANKAOS BONE,KEMEJA MAMU,KEMEJA FORMAL OLIVE GREEN PDK L,0,1,0,0,73797,73797,73797
Mar-2026,TIGALAPANKAOS BONE,KEMEJA MAMU,KEMEJA FORMAL OLIVE GREEN PDK L,73797,0,0,0,73797,0,73797
Jan-2026,TIGALAPANKAOS BONE,KEMEJA MAMU,KEMEJA FORMAL OLIVE GREEN PJG L,0,4,0,0,86797,347188,0
Feb-2026,TIGALAPANKAOS BONE,KEMEJA MAMU,KEMEJA FORMAL OLIVE GREEN PJG L,0,4,0,0,86797,347188,347188
Mar-2026,TIGALAPANKAOS BONE,KEMEJA MAMU,KEMEJA FORMAL OLIVE GREEN PJG L,86797,3,0,0,86797,260391,347188
Apr-2026,TIGALAPANKAOS BONE,KEMEJA MAMU,KEMEJA FORMAL OLIVE GREEN PJG L,0,3,0,0,86797,260391,260391
Mei-2026,TIGALAPANKAOS BONE,KEMEJA MAMU,KEMEJA FORMAL OLIVE GREEN PJG L,0,3,0,0,86797,260391,260391
Jun-2026,TIGALAPANKAOS BONE,KEMEJA MAMU,KEMEJA FORMAL OLIVE GREEN PJG L,0,3,0,0,86797,260391,260391
Jul-2026,TIGALAPANKAOS BONE,KEMEJA MAMU,KEMEJA FORMAL OLIVE GREEN PJG L,86797,3,0,0,86797,260391,260391
Agu-2026,TIGALAPANKAOS BONE,KEMEJA MAMU,KEMEJA FORMAL OLIVE GREEN PJG L,0,2,0,0,86797,173594,260391
Sep-2026,TIGALAPANKAOS BONE,KEMEJA MAMU,KEMEJA FORMAL OLIVE GREEN PJG L,0,2,0,0,86797,173594,173594
Okt-2026,TIGALAPANKAOS BONE,KEMEJA MAMU,KEMEJA FORMAL OLIVE GREEN PJG L,0,2,0,0,86797,173594,173594
Jan-2026,TIGALAPANKAOS BONE,KEMEJA MAMU,KEMEJA FORMAL OLIVE GREEN PJG M,0,1,0,0,86797,86797,0
Feb-2026,TIGALAPANKAOS BONE,KEMEJA MAMU,KEMEJA FORMAL OLIVE GREEN PJG M,0,0,0,0,86797,0,86797
Jan-2026,TIGALAPANKAOS BONE,KEMEJA MAMU,KEMEJA FORMAL OLIVE GREEN PJG XL,0,2,0,0,86797,173594,0
Feb-2026,TIGALAPANKAOS BONE,KEMEJA MAMU,KEMEJA FORMAL OLIVE GREEN PJG XL,0,2,0,0,86797,173594,173594
Mar-2026,TIGALAPANKAOS BONE,KEMEJA MAMU,KEMEJA FORMAL OLIVE GREEN PJG XL,0,2,0,0,86797,173594,173594
Apr-2026,TIGALAPANKAOS BONE,KEMEJA MAMU,KEMEJA FORMAL OLIVE GREEN PJG XL,86797,1,0,0,86797,86797,173594
Mei-2026,TIGALAPANKAOS BONE,KEMEJA MAMU,KEMEJA FORMAL OLIVE GREEN PJG XL,0,1,0,0,86797,86797,86797
Jun-2026,TIGALAPANKAOS BONE,KEMEJA MAMU,KEMEJA FORMAL OLIVE GREEN PJG XL,0,1,0,0,86797,86797,86797
Jul-2026,TIGALAPANKAOS BONE,KEMEJA MAMU,KEMEJA FORMAL OLIVE GREEN PJG XL,0,1,0,0,86797,86797,86797
Agu-2026,TIGALAPANKAOS BONE,KEMEJA MAMU,KEMEJA FORMAL OLIVE GREEN PJG XL,0,1,0,0,86797,86797,86797
Sep-2026,TIGALAPANKAOS BONE,KEMEJA MAMU,KEMEJA FORMAL OLIVE GREEN PJG XL,0,1,0,0,86797,86797,86797
Okt-2026,TIGALAPANKAOS BONE,KEMEJA MAMU,KEMEJA FORMAL OLIVE GREEN PJG XL,0,1,0,0,86797,86797,86797
Jan-2026,TIGALAPANKAOS BONE,KEMEJA MAMU,KEMEJA FORMAL STEEL BLUE PJG 2XL,0,5,0,0,88053,440265,0
Feb-2026,TIGALAPANKAOS BONE,KEMEJA MAMU,KEMEJA FORMAL STEEL BLUE PJG 2XL,0,5,0,0,88053,440265,440265
Mar-2026,TIGALAPANKAOS BONE,KEMEJA MAMU,KEMEJA FORMAL STEEL BLUE PJG 2XL,0,5,0,0,88053,440265,440265
Apr-2026,TIGALAPANKAOS BONE,KEMEJA MAMU,KEMEJA FORMAL STEEL BLUE PJG 2XL,0,5,0,0,88053,440265,440265
Mei-2026,TIGALAPANKAOS BONE,KEMEJA MAMU,KEMEJA FORMAL STEEL BLUE PJG 2XL,0,5,0,0,88053,440265,440265
Jun-2026,TIGALAPANKAOS BONE,KEMEJA MAMU,KEMEJA FORMAL STEEL BLUE PJG 2XL,0,5,0,0,88053,440265,440265
Jul-2026,TIGALAPANKAOS BONE,KEMEJA MAMU,KEMEJA FORMAL STEEL BLUE PJG 2XL,0,5,0,0,88053,440265,440265
Agu-2026,TIGALAPANKAOS BONE,KEMEJA MAMU,KEMEJA FORMAL STEEL BLUE PJG 2XL,0,5,0,0,88053,440265,440265
Sep-2026,TIGALAPANKAOS BONE,KEMEJA MAMU,KEMEJA FORMAL STEEL BLUE PJG 2XL,0,5,0,0,88053,440265,440265
Okt-2026,TIGALAPANKAOS BONE,KEMEJA MAMU,KEMEJA FORMAL STEEL BLUE PJG 2XL,0,5,0,0,88053,440265,440265
Jan-2026,TIGALAPANKAOS BONE,KEMEJA MAMU,KEMEJA FORMAL STEEL BLUE PJG L,0,13,0,0,88053,1144689,0
Feb-2026,TIGALAPANKAOS BONE,KEMEJA MAMU,KEMEJA FORMAL STEEL BLUE PJG L,0,13,0,0,88053,1144689,1144689
Mar-2026,TIGALAPANKAOS BONE,KEMEJA MAMU,KEMEJA FORMAL STEEL BLUE PJG L,87847,12,0,0,87505,1050060,1144689
Apr-2026,TIGALAPANKAOS BONE,KEMEJA MAMU,KEMEJA FORMAL STEEL BLUE PJG L,0,12,0,0,87505,1050060,1050060
Mei-2026,TIGALAPANKAOS BONE,KEMEJA MAMU,KEMEJA FORMAL STEEL BLUE PJG L,0,12,0,0,87170,1046040,1050060
Jun-2026,TIGALAPANKAOS BONE,KEMEJA MAMU,KEMEJA FORMAL STEEL BLUE PJG L,0,12,0,0,87170,1046040,1046040
Jul-2026,TIGALAPANKAOS BONE,KEMEJA MAMU,KEMEJA FORMAL STEEL BLUE PJG L,0,12,0,0,87170,1046040,1046040
Agu-2026,TIGALAPANKAOS BONE,KEMEJA MAMU,KEMEJA FORMAL STEEL BLUE PJG L,87847,12,0,0,87170,1046040,1046040
Sep-2026,TIGALAPANKAOS BONE,KEMEJA MAMU,KEMEJA FORMAL STEEL BLUE PJG L,0,11,0,0,87170,958870,1046040
Okt-2026,TIGALAPANKAOS BONE,KEMEJA MAMU,KEMEJA FORMAL STEEL BLUE PJG L,0,11,0,0,87170,958870,958870
Jan-2026,TIGALAPANKAOS BONE,KEMEJA MAMU,KEMEJA FORMAL STEEL BLUE PJG M,0,10,0,0,88053,880530,0
Feb-2026,TIGALAPANKAOS BONE,KEMEJA MAMU,KEMEJA FORMAL STEEL BLUE PJG M,0,10,0,0,88053,880530,880530
Mar-2026,TIGALAPANKAOS BONE,KEMEJA MAMU,KEMEJA FORMAL STEEL BLUE PJG M,87953,9,0,0,88053,792477,880530
Apr-2026,TIGALAPANKAOS BONE,KEMEJA MAMU,KEMEJA FORMAL STEEL BLUE PJG M,0,9,0,0,88053,792477,792477
Mei-2026,TIGALAPANKAOS BONE,KEMEJA MAMU,KEMEJA FORMAL STEEL BLUE PJG M,0,9,0,0,88053,792477,792477
Jun-2026,TIGALAPANKAOS BONE,KEMEJA MAMU,KEMEJA FORMAL STEEL BLUE PJG M,0,9,0,0,88053,792477,792477
Jul-2026,TIGALAPANKAOS BONE,KEMEJA MAMU,KEMEJA FORMAL STEEL BLUE PJG M,0,9,0,0,88053,792477,792477
Agu-2026,TIGALAPANKAOS BONE,KEMEJA MAMU,KEMEJA FORMAL STEEL BLUE PJG M,87953,8,0,0,88053,704424,792477
Sep-2026,TIGALAPANKAOS BONE,KEMEJA MAMU,KEMEJA FORMAL STEEL BLUE PJG M,0,8,0,0,88053,704424,704424
Okt-2026,TIGALAPANKAOS BONE,KEMEJA MAMU,KEMEJA FORMAL STEEL BLUE PJG M,0,8,0,0,88053,704424,704424
Jan-2026,TIGALAPANKAOS BONE,KEMEJA MAMU,KEMEJA FORMAL STEEL BLUE PJG S,0,4,0,0,88053,352212,0
Feb-2026,TIGALAPANKAOS BONE,KEMEJA MAMU,KEMEJA FORMAL STEEL BLUE PJG S,0,4,0,0,88053,352212,352212
Mar-2026,TIGALAPANKAOS BONE,KEMEJA MAMU,KEMEJA FORMAL STEEL BLUE PJG S,87991,3,0,0,88053,264159,352212
Apr-2026,TIGALAPANKAOS BONE,KEMEJA MAMU,KEMEJA FORMAL STEEL BLUE PJG S,0,3,0,0,88053,264159,264159
Mei-2026,TIGALAPANKAOS BONE,KEMEJA MAMU,KEMEJA FORMAL STEEL BLUE PJG S,0,3,0,0,88053,264159,264159
Jun-2026,TIGALAPANKAOS BONE,KEMEJA MAMU,KEMEJA FORMAL STEEL BLUE PJG S,87991,2,0,0,88053,176106,264159
Jul-2026,TIGALAPANKAOS BONE,KEMEJA MAMU,KEMEJA FORMAL STEEL BLUE PJG S,0,2,0,0,88053,176106,176106
Agu-2026,TIGALAPANKAOS BONE,KEMEJA MAMU,KEMEJA FORMAL STEEL BLUE PJG S,0,2,0,0,88053,176106,176106
Sep-2026,TIGALAPANKAOS BONE,KEMEJA MAMU,KEMEJA FORMAL STEEL BLUE PJG S,0,2,0,0,88053,176106,176106
Okt-2026,TIGALAPANKAOS BONE,KEMEJA MAMU,KEMEJA FORMAL STEEL BLUE PJG S,0,2,0,0,88053,176106,176106
Jan-2026,TIGALAPANKAOS BONE,KEMEJA MAMU,KEMEJA FORMAL STEEL BLUE PJG XL,0,9,0,0,88053,792477,0
Feb-2026,TIGALAPANKAOS BONE,KEMEJA MAMU,KEMEJA FORMAL STEEL BLUE PJG XL,0,9,0,0,88053,792477,792477
Mar-2026,TIGALAPANKAOS BONE,KEMEJA MAMU,KEMEJA FORMAL STEEL BLUE PJG XL,0,9,0,0,88053,792477,792477
Apr-2026,TIGALAPANKAOS BONE,KEMEJA MAMU,KEMEJA FORMAL STEEL BLUE PJG XL,0,9,0,0,88053,792477,792477
Mei-2026,TIGALAPANKAOS BONE,KEMEJA MAMU,KEMEJA FORMAL STEEL BLUE PJG XL,0,9,0,0,88053,792477,792477
Jun-2026,TIGALAPANKAOS BONE,KEMEJA MAMU,KEMEJA FORMAL STEEL BLUE PJG XL,0,9,0,0,88053,792477,792477
Jul-2026,TIGALAPANKAOS BONE,KEMEJA MAMU,KEMEJA FORMAL STEEL BLUE PJG XL,0,9,0,0,88053,792477,792477
Agu-2026,TIGALAPANKAOS BONE,KEMEJA MAMU,KEMEJA FORMAL STEEL BLUE PJG XL,0,9,0,0,88053,792477,792477
Sep-2026,TIGALAPANKAOS BONE,KEMEJA MAMU,KEMEJA FORMAL STEEL BLUE PJG XL,0,9,0,0,88053,792477,792477
Okt-2026,TIGALAPANKAOS BONE,KEMEJA MAMU,KEMEJA FORMAL STEEL BLUE PJG XL,0,9,0,0,88053,792477,792477
Jan-2026,TIGALAPANKAOS BONE,KEMEJA MAMU,KEMEJA FORMAL TOFFEE PDK 2XL,0,4,0,0,75053,300212,0
Feb-2026,TIGALAPANKAOS BONE,KEMEJA MAMU,KEMEJA FORMAL TOFFEE PDK 2XL,0,4,0,0,75053,300212,300212
Mar-2026,TIGALAPANKAOS BONE,KEMEJA MAMU,KEMEJA FORMAL TOFFEE PDK 2XL,0,4,0,0,75053,300212,300212
Apr-2026,TIGALAPANKAOS BONE,KEMEJA MAMU,KEMEJA FORMAL TOFFEE PDK 2XL,0,4,0,0,75053,300212,300212
Mei-2026,TIGALAPANKAOS BONE,KEMEJA MAMU,KEMEJA FORMAL TOFFEE PDK 2XL,0,4,0,0,75053,300212,300212
Jun-2026,TIGALAPANKAOS BONE,KEMEJA MAMU,KEMEJA FORMAL TOFFEE PDK 2XL,0,4,0,0,75053,300212,300212
Jul-2026,TIGALAPANKAOS BONE,KEMEJA MAMU,KEMEJA FORMAL TOFFEE PDK 2XL,0,4,0,0,75053,300212,300212
Agu-2026,TIGALAPANKAOS BONE,KEMEJA MAMU,KEMEJA FORMAL TOFFEE PDK 2XL,0,4,0,0,75053,300212,300212
Sep-2026,TIGALAPANKAOS BONE,KEMEJA MAMU,KEMEJA FORMAL TOFFEE PDK 2XL,0,4,0,0,75053,300212,300212
Okt-2026,TIGALAPANKAOS BONE,KEMEJA MAMU,KEMEJA FORMAL TOFFEE PDK 2XL,0,4,0,0,75053,300212,300212
Jan-2026,TIGALAPANKAOS BONE,KEMEJA MAMU,KEMEJA FORMAL TOFFEE PDK L,0,5,0,0,75053,375265,0
Feb-2026,TIGALAPANKAOS BONE,KEMEJA MAMU,KEMEJA FORMAL TOFFEE PDK L,0,5,0,0,75053,375265,375265
Mar-2026,TIGALAPANKAOS BONE,KEMEJA MAMU,KEMEJA FORMAL TOFFEE PDK L,0,5,0,0,75053,375265,375265
Apr-2026,TIGALAPANKAOS BONE,KEMEJA MAMU,KEMEJA FORMAL TOFFEE PDK L,74999,4,0,0,75053,300212,375265
Mei-2026,TIGALAPANKAOS BONE,KEMEJA MAMU,KEMEJA FORMAL TOFFEE PDK L,149998,3,0,0,75053,225159,300212
Jun-2026,TIGALAPANKAOS BONE,KEMEJA MAMU,KEMEJA FORMAL TOFFEE PDK L,0,3,0,0,75053,225159,225159
Jul-2026,TIGALAPANKAOS BONE,KEMEJA MAMU,KEMEJA FORMAL TOFFEE PDK L,0,3,0,0,75053,225159,225159
Agu-2026,TIGALAPANKAOS BONE,KEMEJA MAMU,KEMEJA FORMAL TOFFEE PDK L,0,5,0,0,75053,375265,225159
Sep-2026,TIGALAPANKAOS BONE,KEMEJA MAMU,KEMEJA FORMAL TOFFEE PDK L,0,5,0,0,75053,375265,375265
Okt-2026,TIGALAPANKAOS BONE,KEMEJA MAMU,KEMEJA FORMAL TOFFEE PDK L,0,5,0,0,75053,375265,375265
Jan-2026,TIGALAPANKAOS BONE,KEMEJA MAMU,KEMEJA FORMAL TOFFEE PDK M,0,3,0,0,74214,222642,0
Feb-2026,TIGALAPANKAOS BONE,KEMEJA MAMU,KEMEJA FORMAL TOFFEE PDK M,0,3,0,0,74214,222642,222642
Mar-2026,TIGALAPANKAOS BONE,KEMEJA MAMU,KEMEJA FORMAL TOFFEE PDK M,150012,1,0,0,74214,74214,222642
Apr-2026,TIGALAPANKAOS BONE,KEMEJA MAMU,KEMEJA FORMAL TOFFEE PDK M,75006,0,0,0,74214,0,74214
Jan-2026,TIGALAPANKAOS BONE,KEMEJA MAMU,KEMEJA FORMAL TOFFEE PDK S,0,6,0,0,75053,450318,0
Feb-2026,TIGALAPANKAOS BONE,KEMEJA MAMU,KEMEJA FORMAL TOFFEE PDK S,0,6,0,0,75053,450318,450318
Mar-2026,TIGALAPANKAOS BONE,KEMEJA MAMU,KEMEJA FORMAL TOFFEE PDK S,225159,3,0,0,75053,225159,450318
Apr-2026,TIGALAPANKAOS BONE,KEMEJA MAMU,KEMEJA FORMAL TOFFEE PDK S,0,3,0,0,75053,225159,225159
Mei-2026,TIGALAPANKAOS BONE,KEMEJA MAMU,KEMEJA FORMAL TOFFEE PDK S,0,3,0,0,75053,225159,225159
Jun-2026,TIGALAPANKAOS BONE,KEMEJA MAMU,KEMEJA FORMAL TOFFEE PDK S,0,3,0,0,75053,225159,225159
Jul-2026,TIGALAPANKAOS BONE,KEMEJA MAMU,KEMEJA FORMAL TOFFEE PDK S,0,3,0,0,75053,225159,225159
Agu-2026,TIGALAPANKAOS BONE,KEMEJA MAMU,KEMEJA FORMAL TOFFEE PDK S,0,3,0,0,75053,225159,225159
Sep-2026,TIGALAPANKAOS BONE,KEMEJA MAMU,KEMEJA FORMAL TOFFEE PDK S,0,3,0,0,75053,225159,225159
Okt-2026,TIGALAPANKAOS BONE,KEMEJA MAMU,KEMEJA FORMAL TOFFEE PDK S,0,3,0,0,75053,225159,225159
Jan-2026,TIGALAPANKAOS BONE,KEMEJA MAMU,KEMEJA FORMAL TOFFEE PDK XL,0,5,0,0,75053,375265,0
Feb-2026,TIGALAPANKAOS BONE,KEMEJA MAMU,KEMEJA FORMAL TOFFEE PDK XL,0,5,0,0,75053,375265,375265
Mar-2026,TIGALAPANKAOS BONE,KEMEJA MAMU,KEMEJA FORMAL TOFFEE PDK XL,74798,4,0,0,75053,300212,375265
Apr-2026,TIGALAPANKAOS BONE,KEMEJA MAMU,KEMEJA FORMAL TOFFEE PDK XL,0,4,0,0,75053,300212,300212
Mei-2026,TIGALAPANKAOS BONE,KEMEJA MAMU,KEMEJA FORMAL TOFFEE PDK XL,74798,3,0,0,75053,225159,300212
Jun-2026,TIGALAPANKAOS BONE,KEMEJA MAMU,KEMEJA FORMAL TOFFEE PDK XL,0,3,0,0,75053,225159,225159
Jul-2026,TIGALAPANKAOS BONE,KEMEJA MAMU,KEMEJA FORMAL TOFFEE PDK XL,0,3,0,0,75053,225159,225159
Agu-2026,TIGALAPANKAOS BONE,KEMEJA MAMU,KEMEJA FORMAL TOFFEE PDK XL,0,5,0,0,75053,375265,225159
Sep-2026,TIGALAPANKAOS BONE,KEMEJA MAMU,KEMEJA FORMAL TOFFEE PDK XL,0,5,0,0,75053,375265,375265
Okt-2026,TIGALAPANKAOS BONE,KEMEJA MAMU,KEMEJA FORMAL TOFFEE PDK XL,0,5,0,0,75053,375265,375265
Feb-2026,TIGALAPANKAOS BONE,KEMEJA MAMU,KEMEJA FORMAL TOFFEE PJG 2XL,0,5,0,0,88053,440265,0
Mar-2026,TIGALAPANKAOS BONE,KEMEJA MAMU,KEMEJA FORMAL TOFFEE PJG 2XL,0,5,0,0,88053,440265,440265
Apr-2026,TIGALAPANKAOS BONE,KEMEJA MAMU,KEMEJA FORMAL TOFFEE PJG 2XL,0,5,0,0,88053,440265,440265
Mei-2026,TIGALAPANKAOS BONE,KEMEJA MAMU,KEMEJA FORMAL TOFFEE PJG 2XL,0,5,0,0,88053,440265,440265
Jun-2026,TIGALAPANKAOS BONE,KEMEJA MAMU,KEMEJA FORMAL TOFFEE PJG 2XL,0,5,0,0,88053,440265,440265
Jul-2026,TIGALAPANKAOS BONE,KEMEJA MAMU,KEMEJA FORMAL TOFFEE PJG 2XL,0,5,0,0,88053,440265,440265
Agu-2026,TIGALAPANKAOS BONE,KEMEJA MAMU,KEMEJA FORMAL TOFFEE PJG 2XL,0,5,0,0,88053,440265,440265
Sep-2026,TIGALAPANKAOS BONE,KEMEJA MAMU,KEMEJA FORMAL TOFFEE PJG 2XL,0,5,0,0,88053,440265,440265
Okt-2026,TIGALAPANKAOS BONE,KEMEJA MAMU,KEMEJA FORMAL TOFFEE PJG 2XL,0,5,0,0,88053,440265,440265
Jan-2026,TIGALAPANKAOS BONE,KEMEJA MAMU,KEMEJA FORMAL TOFFEE PJG L,0,7,0,0,88053,616371,0
Feb-2026,TIGALAPANKAOS BONE,KEMEJA MAMU,KEMEJA FORMAL TOFFEE PJG L,0,7,0,0,88053,616371,616371
Mar-2026,TIGALAPANKAOS BONE,KEMEJA MAMU,KEMEJA FORMAL TOFFEE PJG L,0,7,0,0,88053,616371,616371
Apr-2026,TIGALAPANKAOS BONE,KEMEJA MAMU,KEMEJA FORMAL TOFFEE PJG L,0,7,0,0,88053,616371,616371
Mei-2026,TIGALAPANKAOS BONE,KEMEJA MAMU,KEMEJA FORMAL TOFFEE PJG L,0,7,0,0,88053,616371,616371
Jun-2026,TIGALAPANKAOS BONE,KEMEJA MAMU,KEMEJA FORMAL TOFFEE PJG L,0,7,0,0,88053,616371,616371
Jul-2026,TIGALAPANKAOS BONE,KEMEJA MAMU,KEMEJA FORMAL TOFFEE PJG L,0,7,0,0,88053,616371,616371
Agu-2026,TIGALAPANKAOS BONE,KEMEJA MAMU,KEMEJA FORMAL TOFFEE PJG L,0,7,0,0,88053,616371,616371
Sep-2026,TIGALAPANKAOS BONE,KEMEJA MAMU,KEMEJA FORMAL TOFFEE PJG L,0,7,0,0,88053,616371,616371
Okt-2026,TIGALAPANKAOS BONE,KEMEJA MAMU,KEMEJA FORMAL TOFFEE PJG L,0,7,0,0,88053,616371,616371
Jan-2026,TIGALAPANKAOS BONE,KEMEJA MAMU,KEMEJA FORMAL TOFFEE PJG M,0,8,0,0,88053,704424,0
Feb-2026,TIGALAPANKAOS BONE,KEMEJA MAMU,KEMEJA FORMAL TOFFEE PJG M,87939,7,0,0,88053,616371,704424
Mar-2026,TIGALAPANKAOS BONE,KEMEJA MAMU,KEMEJA FORMAL TOFFEE PJG M,87939,6,0,0,88053,528318,616371
Apr-2026,TIGALAPANKAOS BONE,KEMEJA MAMU,KEMEJA FORMAL TOFFEE PJG M,87939,5,0,0,88053,440265,528318
Mei-2026,TIGALAPANKAOS BONE,KEMEJA MAMU,KEMEJA FORMAL TOFFEE PJG M,0,5,0,0,88053,440265,440265
Jun-2026,TIGALAPANKAOS BONE,KEMEJA MAMU,KEMEJA FORMAL TOFFEE PJG M,0,5,0,0,88053,440265,440265
Jul-2026,TIGALAPANKAOS BONE,KEMEJA MAMU,KEMEJA FORMAL TOFFEE PJG M,0,5,0,0,88053,440265,440265
Agu-2026,TIGALAPANKAOS BONE,KEMEJA MAMU,KEMEJA FORMAL TOFFEE PJG M,87939,4,0,0,88053,352212,440265
Sep-2026,TIGALAPANKAOS BONE,KEMEJA MAMU,KEMEJA FORMAL TOFFEE PJG M,0,5,0,0,88053,440265,352212
Okt-2026,TIGALAPANKAOS BONE,KEMEJA MAMU,KEMEJA FORMAL TOFFEE PJG M,0,5,0,0,88053,440265,440265
Jan-2026,TIGALAPANKAOS BONE,KEMEJA MAMU,KEMEJA FORMAL TOFFEE PJG S,0,5,0,0,88053,440265,0
Feb-2026,TIGALAPANKAOS BONE,KEMEJA MAMU,KEMEJA FORMAL TOFFEE PJG S,0,5,0,0,88053,440265,440265
Mar-2026,TIGALAPANKAOS BONE,KEMEJA MAMU,KEMEJA FORMAL TOFFEE PJG S,175904,3,0,0,88053,264159,440265
Apr-2026,TIGALAPANKAOS BONE,KEMEJA MAMU,KEMEJA FORMAL TOFFEE PJG S,0,3,0,0,88053,264159,264159
Mei-2026,TIGALAPANKAOS BONE,KEMEJA MAMU,KEMEJA FORMAL TOFFEE PJG S,0,3,0,0,88053,264159,264159
Jun-2026,TIGALAPANKAOS BONE,KEMEJA MAMU,KEMEJA FORMAL TOFFEE PJG S,0,3,0,0,88053,264159,264159
Jul-2026,TIGALAPANKAOS BONE,KEMEJA MAMU,KEMEJA FORMAL TOFFEE PJG S,0,3,0,0,88053,264159,264159
Agu-2026,TIGALAPANKAOS BONE,KEMEJA MAMU,KEMEJA FORMAL TOFFEE PJG S,0,3,0,0,88053,264159,264159
Sep-2026,TIGALAPANKAOS BONE,KEMEJA MAMU,KEMEJA FORMAL TOFFEE PJG S,87952,2,0,0,88053,176106,264159
Okt-2026,TIGALAPANKAOS BONE,KEMEJA MAMU,KEMEJA FORMAL TOFFEE PJG S,0,2,0,0,88053,176106,176106
Jan-2026,TIGALAPANKAOS BONE,KEMEJA MAMU,KEMEJA FORMAL TOFFEE PJG XL,0,6,0,0,88053,528318,0
Feb-2026,TIGALAPANKAOS BONE,KEMEJA MAMU,KEMEJA FORMAL TOFFEE PJG XL,0,6,0,0,88053,528318,528318
Mar-2026,TIGALAPANKAOS BONE,KEMEJA MAMU,KEMEJA FORMAL TOFFEE PJG XL,0,6,0,0,88053,528318,528318
Apr-2026,TIGALAPANKAOS BONE,KEMEJA MAMU,KEMEJA FORMAL TOFFEE PJG XL,0,6,0,0,88053,528318,528318
Mei-2026,TIGALAPANKAOS BONE,KEMEJA MAMU,KEMEJA FORMAL TOFFEE PJG XL,0,6,0,0,88053,528318,528318
Jun-2026,TIGALAPANKAOS BONE,KEMEJA MAMU,KEMEJA FORMAL TOFFEE PJG XL,0,6,0,0,88053,528318,528318
Jul-2026,TIGALAPANKAOS BONE,KEMEJA MAMU,KEMEJA FORMAL TOFFEE PJG XL,87981,6,0,0,88053,528318,528318
Agu-2026,TIGALAPANKAOS BONE,KEMEJA MAMU,KEMEJA FORMAL TOFFEE PJG XL,0,5,0,0,88053,440265,528318
Sep-2026,TIGALAPANKAOS BONE,KEMEJA MAMU,KEMEJA FORMAL TOFFEE PJG XL,0,5,0,0,88053,440265,440265
Okt-2026,TIGALAPANKAOS BONE,KEMEJA MAMU,KEMEJA FORMAL TOFFEE PJG XL,0,5,0,0,88053,440265,440265
Agu-2026,TIGALAPANKAOS BONE,KEMEJA MAMU,KEMEJA SHANGHAI COKLAT TUA PJG L,0,3,0,0,189000,567000,0
Sep-2026,TIGALAPANKAOS BONE,KEMEJA MAMU,KEMEJA SHANGHAI COKLAT TUA PJG L,0,3,0,0,189000,567000,567000
Okt-2026,TIGALAPANKAOS BONE,KEMEJA MAMU,KEMEJA SHANGHAI COKLAT TUA PJG L,0,3,0,0,189000,567000,567000
Agu-2026,TIGALAPANKAOS BONE,KEMEJA MAMU,KEMEJA SHANGHAI COKLAT TUA PJG M,85993,3,0,0,189000,567000,0
Sep-2026,TIGALAPANKAOS BONE,KEMEJA MAMU,KEMEJA SHANGHAI COKLAT TUA PJG M,0,3,0,0,189000,567000,567000
Okt-2026,TIGALAPANKAOS BONE,KEMEJA MAMU,KEMEJA SHANGHAI COKLAT TUA PJG M,0,3,0,0,189000,567000,567000
Agu-2026,TIGALAPANKAOS BONE,KEMEJA MAMU,KEMEJA SHANGHAI COKLAT TUA PJG XL,0,3,0,0,189000,567000,0
Sep-2026,TIGALAPANKAOS BONE,KEMEJA MAMU,KEMEJA SHANGHAI COKLAT TUA PJG XL,0,3,0,0,189000,567000,567000
Okt-2026,TIGALAPANKAOS BONE,KEMEJA MAMU,KEMEJA SHANGHAI COKLAT TUA PJG XL,0,3,0,0,189000,567000,567000
Mar-2026,TIGALAPANKAOS BONE,KEMEJA MAMU,KEMEJA SHANGHAI HITAM PDK 2XL,0,1,0,0,74214,74214,0
Apr-2026,TIGALAPANKAOS BONE,KEMEJA MAMU,KEMEJA SHANGHAI HITAM PDK 2XL,0,3,0,0,72997,218991,74214
Mei-2026,TIGALAPANKAOS BONE,KEMEJA MAMU,KEMEJA SHANGHAI HITAM PDK 2XL,0,2,0,0,72997,145994,218991
Jun-2026,TIGALAPANKAOS BONE,KEMEJA MAMU,KEMEJA SHANGHAI HITAM PDK 2XL,0,2,0,0,72997,145994,145994
Jul-2026,TIGALAPANKAOS BONE,KEMEJA MAMU,KEMEJA SHANGHAI HITAM PDK 2XL,0,2,0,0,72997,145994,145994
Agu-2026,TIGALAPANKAOS BONE,KEMEJA MAMU,KEMEJA SHANGHAI HITAM PDK 2XL,0,2,0,0,72997,145994,145994
Sep-2026,TIGALAPANKAOS BONE,KEMEJA MAMU,KEMEJA SHANGHAI HITAM PDK 2XL,0,2,0,0,72997,145994,145994
Okt-2026,TIGALAPANKAOS BONE,KEMEJA MAMU,KEMEJA SHANGHAI HITAM PDK 2XL,0,2,0,0,72997,145994,145994
Jan-2026,TIGALAPANKAOS BONE,KEMEJA MAMU,KEMEJA SHANGHAI HITAM PDK L,0,2,0,0,74214,148428,0
Feb-2026,TIGALAPANKAOS BONE,KEMEJA MAMU,KEMEJA SHANGHAI HITAM PDK L,74214,2,0,0,74214,148428,148428
Mar-2026,TIGALAPANKAOS BONE,KEMEJA MAMU,KEMEJA SHANGHAI HITAM PDK L,148428,0,0,0,74214,0,148428
Apr-2026,TIGALAPANKAOS BONE,KEMEJA MAMU,KEMEJA SHANGHAI HITAM PDK L,0,3,0,0,72925,218775,0
Mei-2026,TIGALAPANKAOS BONE,KEMEJA MAMU,KEMEJA SHANGHAI HITAM PDK L,0,3,0,0,72966,218898,218775
Jun-2026,TIGALAPANKAOS BONE,KEMEJA MAMU,KEMEJA SHANGHAI HITAM PDK L,0,3,0,0,72966,218898,218898
Jul-2026,TIGALAPANKAOS BONE,KEMEJA MAMU,KEMEJA SHANGHAI HITAM PDK L,0,3,0,0,72966,218898,218898
Agu-2026,TIGALAPANKAOS BONE,KEMEJA MAMU,KEMEJA SHANGHAI HITAM PDK L,0,3,0,0,72966,218898,218898
Sep-2026,TIGALAPANKAOS BONE,KEMEJA MAMU,KEMEJA SHANGHAI HITAM PDK L,0,3,0,0,72966,218898,218898
Okt-2026,TIGALAPANKAOS BONE,KEMEJA MAMU,KEMEJA SHANGHAI HITAM PDK L,0,3,0,0,72966,218898,218898
Apr-2026,TIGALAPANKAOS BONE,KEMEJA MAMU,KEMEJA SHANGHAI HITAM PDK M,0,3,0,0,72941,218823,0
Mei-2026,TIGALAPANKAOS BONE,KEMEJA MAMU,KEMEJA SHANGHAI HITAM PDK M,0,3,0,0,72949,218847,218823
Jun-2026,TIGALAPANKAOS BONE,KEMEJA MAMU,KEMEJA SHANGHAI HITAM PDK M,0,3,0,0,72949,218847,218847
Jul-2026,TIGALAPANKAOS BONE,KEMEJA MAMU,KEMEJA SHANGHAI HITAM PDK M,0,3,0,0,72949,218847,218847
Agu-2026,TIGALAPANKAOS BONE,KEMEJA MAMU,KEMEJA SHANGHAI HITAM PDK M,0,3,0,0,72949,218847,218847
Sep-2026,TIGALAPANKAOS BONE,KEMEJA MAMU,KEMEJA SHANGHAI HITAM PDK M,0,3,0,0,72949,218847,218847
Okt-2026,TIGALAPANKAOS BONE,KEMEJA MAMU,KEMEJA SHANGHAI HITAM PDK M,0,3,0,0,72949,218847,218847
Jan-2026,TIGALAPANKAOS BONE,KEMEJA MAMU,KEMEJA SHANGHAI HITAM PDK S,0,1,0,0,74214,74214,0
Feb-2026,TIGALAPANKAOS BONE,KEMEJA MAMU,KEMEJA SHANGHAI HITAM PDK S,0,1,0,0,74214,74214,74214
Mar-2026,TIGALAPANKAOS BONE,KEMEJA MAMU,KEMEJA SHANGHAI HITAM PDK S,74214,0,0,0,74214,0,74214
Apr-2026,TIGALAPANKAOS BONE,KEMEJA MAMU,KEMEJA SHANGHAI HITAM PDK S,0,1,0,0,72997,72997,0
Mei-2026,TIGALAPANKAOS BONE,KEMEJA MAMU,KEMEJA SHANGHAI HITAM PDK S,0,1,0,0,72997,72997,72997
Jun-2026,TIGALAPANKAOS BONE,KEMEJA MAMU,KEMEJA SHANGHAI HITAM PDK S,72997,0,0,0,74214,0,72997
Jan-2026,TIGALAPANKAOS BONE,KEMEJA MAMU,KEMEJA SHANGHAI HITAM PDK XL,0,1,0,0,74214,74214,0
Feb-2026,TIGALAPANKAOS BONE,KEMEJA MAMU,KEMEJA SHANGHAI HITAM PDK XL,0,1,0,0,74214,74214,74214
Mar-2026,TIGALAPANKAOS BONE,KEMEJA MAMU,KEMEJA SHANGHAI HITAM PDK XL,74214,0,0,0,74214,0,74214
Apr-2026,TIGALAPANKAOS BONE,KEMEJA MAMU,KEMEJA SHANGHAI HITAM PDK XL,0,3,0,0,72921,218763,0
Mei-2026,TIGALAPANKAOS BONE,KEMEJA MAMU,KEMEJA SHANGHAI HITAM PDK XL,0,3,0,0,72940,218820,218763
Jun-2026,TIGALAPANKAOS BONE,KEMEJA MAMU,KEMEJA SHANGHAI HITAM PDK XL,0,3,0,0,72940,218820,218820
Jul-2026,TIGALAPANKAOS BONE,KEMEJA MAMU,KEMEJA SHANGHAI HITAM PDK XL,0,3,0,0,72940,218820,218820
Agu-2026,TIGALAPANKAOS BONE,KEMEJA MAMU,KEMEJA SHANGHAI HITAM PDK XL,0,3,0,0,72940,218820,218820
Sep-2026,TIGALAPANKAOS BONE,KEMEJA MAMU,KEMEJA SHANGHAI HITAM PDK XL,0,3,0,0,72940,218820,218820
Okt-2026,TIGALAPANKAOS BONE,KEMEJA MAMU,KEMEJA SHANGHAI HITAM PDK XL,0,3,0,0,72940,218820,218820
Jan-2026,TIGALAPANKAOS BONE,KEMEJA MAMU,KEMEJA SHANGHAI HITAM PJG 2XL,0,2,0,0,88053,176106,0
Feb-2026,TIGALAPANKAOS BONE,KEMEJA MAMU,KEMEJA SHANGHAI HITAM PJG 2XL,0,2,0,0,88053,176106,176106
Mar-2026,TIGALAPANKAOS BONE,KEMEJA MAMU,KEMEJA SHANGHAI HITAM PJG 2XL,0,2,0,0,88053,176106,176106
Apr-2026,TIGALAPANKAOS BONE,KEMEJA MAMU,KEMEJA SHANGHAI HITAM PJG 2XL,0,3,0,0,85997,257991,176106
Mei-2026,TIGALAPANKAOS BONE,KEMEJA MAMU,KEMEJA SHANGHAI HITAM PJG 2XL,0,3,0,0,85997,257991,257991
Jun-2026,TIGALAPANKAOS BONE,KEMEJA MAMU,KEMEJA SHANGHAI HITAM PJG 2XL,0,3,0,0,85997,257991,257991
Jul-2026,TIGALAPANKAOS BONE,KEMEJA MAMU,KEMEJA SHANGHAI HITAM PJG 2XL,0,3,0,0,85997,257991,257991
Agu-2026,TIGALAPANKAOS BONE,KEMEJA MAMU,KEMEJA SHANGHAI HITAM PJG 2XL,0,3,0,0,85997,257991,257991
Sep-2026,TIGALAPANKAOS BONE,KEMEJA MAMU,KEMEJA SHANGHAI HITAM PJG 2XL,0,3,0,0,85997,257991,257991
Okt-2026,TIGALAPANKAOS BONE,KEMEJA MAMU,KEMEJA SHANGHAI HITAM PJG 2XL,0,3,0,0,85997,257991,257991
Jan-2026,TIGALAPANKAOS BONE,KEMEJA MAMU,KEMEJA SHANGHAI HITAM PJG L,0,9,0,0,88053,792477,0
Feb-2026,TIGALAPANKAOS BONE,KEMEJA MAMU,KEMEJA SHANGHAI HITAM PJG L,0,9,0,0,88053,792477,792477
Mar-2026,TIGALAPANKAOS BONE,KEMEJA MAMU,KEMEJA SHANGHAI HITAM PJG L,351224,5,0,0,88053,440265,792477
Apr-2026,TIGALAPANKAOS BONE,KEMEJA MAMU,KEMEJA SHANGHAI HITAM PJG L,0,5,0,0,85943,429715,440265
Mei-2026,TIGALAPANKAOS BONE,KEMEJA MAMU,KEMEJA SHANGHAI HITAM PJG L,0,4,0,0,85943,343772,429715
Jun-2026,TIGALAPANKAOS BONE,KEMEJA MAMU,KEMEJA SHANGHAI HITAM PJG L,87806,3,0,0,85943,257829,343772
Jul-2026,TIGALAPANKAOS BONE,KEMEJA MAMU,KEMEJA SHANGHAI HITAM PJG L,0,3,0,0,85943,257829,257829
Agu-2026,TIGALAPANKAOS BONE,KEMEJA MAMU,KEMEJA SHANGHAI HITAM PJG L,0,2,0,0,85943,171886,257829
Sep-2026,TIGALAPANKAOS BONE,KEMEJA MAMU,KEMEJA SHANGHAI HITAM PJG L,0,5,0,0,85943,429715,171886
Okt-2026,TIGALAPANKAOS BONE,KEMEJA MAMU,KEMEJA SHANGHAI HITAM PJG L,0,5,0,0,85943,429715,429715
Jan-2026,TIGALAPANKAOS BONE,KEMEJA MAMU,KEMEJA SHANGHAI HITAM PJG M,0,5,0,0,88053,440265,0
Feb-2026,TIGALAPANKAOS BONE,KEMEJA MAMU,KEMEJA SHANGHAI HITAM PJG M,0,5,0,0,88053,440265,440265
Mar-2026,TIGALAPANKAOS BONE,KEMEJA MAMU,KEMEJA SHANGHAI HITAM PJG M,263754,2,0,0,88053,176106,440265
Apr-2026,TIGALAPANKAOS BONE,KEMEJA MAMU,KEMEJA SHANGHAI HITAM PJG M,0,5,0,0,85943,429715,176106
Mei-2026,TIGALAPANKAOS BONE,KEMEJA MAMU,KEMEJA SHANGHAI HITAM PJG M,0,5,0,0,85943,429715,429715
Jun-2026,TIGALAPANKAOS BONE,KEMEJA MAMU,KEMEJA SHANGHAI HITAM PJG M,0,5,0,0,85943,429715,429715
Jul-2026,TIGALAPANKAOS BONE,KEMEJA MAMU,KEMEJA SHANGHAI HITAM PJG M,0,5,0,0,85943,429715,429715
Agu-2026,TIGALAPANKAOS BONE,KEMEJA MAMU,KEMEJA SHANGHAI HITAM PJG M,0,5,0,0,85943,429715,429715
Sep-2026,TIGALAPANKAOS BONE,KEMEJA MAMU,KEMEJA SHANGHAI HITAM PJG M,0,5,0,0,85943,429715,429715
Okt-2026,TIGALAPANKAOS BONE,KEMEJA MAMU,KEMEJA SHANGHAI HITAM PJG M,0,5,0,0,85943,429715,429715
Jan-2026,TIGALAPANKAOS BONE,KEMEJA MAMU,KEMEJA SHANGHAI HITAM PJG S,0,1,0,0,88053,88053,0
Feb-2026,TIGALAPANKAOS BONE,KEMEJA MAMU,KEMEJA SHANGHAI HITAM PJG S,88053,1,0,0,88053,88053,88053
Mar-2026,TIGALAPANKAOS BONE,KEMEJA MAMU,KEMEJA SHANGHAI HITAM PJG S,0,0,0,0,88053,0,88053
Apr-2026,TIGALAPANKAOS BONE,KEMEJA MAMU,KEMEJA SHANGHAI HITAM PJG S,0,1,0,0,85997,85997,0
Mei-2026,TIGALAPANKAOS BONE,KEMEJA MAMU,KEMEJA SHANGHAI HITAM PJG S,0,1,0,0,85997,85997,85997
Jun-2026,TIGALAPANKAOS BONE,KEMEJA MAMU,KEMEJA SHANGHAI HITAM PJG S,0,1,0,0,85997,85997,85997
Jul-2026,TIGALAPANKAOS BONE,KEMEJA MAMU,KEMEJA SHANGHAI HITAM PJG S,85997,1,0,0,85997,85997,85997
Agu-2026,TIGALAPANKAOS BONE,KEMEJA MAMU,KEMEJA SHANGHAI HITAM PJG S,0,0,0,0,85997,0,85997
Jan-2026,TIGALAPANKAOS BONE,KEMEJA MAMU,KEMEJA SHANGHAI HITAM PJG XL,0,4,0,0,88053,352212,0
Feb-2026,TIGALAPANKAOS BONE,KEMEJA MAMU,KEMEJA SHANGHAI HITAM PJG XL,0,4,0,0,88053,352212,352212
Mar-2026,TIGALAPANKAOS BONE,KEMEJA MAMU,KEMEJA SHANGHAI HITAM PJG XL,176034,2,0,0,88053,176106,352212
Apr-2026,TIGALAPANKAOS BONE,KEMEJA MAMU,KEMEJA SHANGHAI HITAM PJG XL,0,5,0,0,85939,429695,176106
Mei-2026,TIGALAPANKAOS BONE,KEMEJA MAMU,KEMEJA SHANGHAI HITAM PJG XL,0,5,0,0,85957,429785,429695
Jun-2026,TIGALAPANKAOS BONE,KEMEJA MAMU,KEMEJA SHANGHAI HITAM PJG XL,86770,4,0,0,85957,343828,429785
Jul-2026,TIGALAPANKAOS BONE,KEMEJA MAMU,KEMEJA SHANGHAI HITAM PJG XL,86770,4,0,0,85957,343828,343828
Agu-2026,TIGALAPANKAOS BONE,KEMEJA MAMU,KEMEJA SHANGHAI HITAM PJG XL,0,6,0,0,85957,515742,343828
Sep-2026,TIGALAPANKAOS BONE,KEMEJA MAMU,KEMEJA SHANGHAI HITAM PJG XL,0,6,0,0,85957,515742,515742
Okt-2026,TIGALAPANKAOS BONE,KEMEJA MAMU,KEMEJA SHANGHAI HITAM PJG XL,86364,5,0,0,85957,429785,515742
Apr-2026,TIGALAPANKAOS BONE,KEMEJA MAMU,KEMEJA SHANGHAI LIGHT BROWN PDK L,0,1,0,0,159000,159000,0
Mei-2026,TIGALAPANKAOS BONE,KEMEJA MAMU,KEMEJA SHANGHAI LIGHT BROWN PDK L,72979,0,0,0,159000,0,159000
Apr-2026,TIGALAPANKAOS BONE,KEMEJA MAMU,KEMEJA SHANGHAI LIGHT BROWN PJG L,0,1,0,0,189000,189000,0
Mei-2026,TIGALAPANKAOS BONE,KEMEJA MAMU,KEMEJA SHANGHAI LIGHT BROWN PJG L,85979,0,0,0,189000,0,189000
Apr-2026,TIGALAPANKAOS BONE,KEMEJA MAMU,KEMEJA SHANGHAI TOFFEE PDK 2XL,0,1,0,0,72997,72997,0
Mei-2026,TIGALAPANKAOS BONE,KEMEJA MAMU,KEMEJA SHANGHAI TOFFEE PDK 2XL,0,1,0,0,72997,72997,72997
Jun-2026,TIGALAPANKAOS BONE,KEMEJA MAMU,KEMEJA SHANGHAI TOFFEE PDK 2XL,0,1,0,0,72997,72997,72997
Jul-2026,TIGALAPANKAOS BONE,KEMEJA MAMU,KEMEJA SHANGHAI TOFFEE PDK 2XL,0,1,0,0,72997,72997,72997
Agu-2026,TIGALAPANKAOS BONE,KEMEJA MAMU,KEMEJA SHANGHAI TOFFEE PDK 2XL,0,1,0,0,72997,72997,72997
Sep-2026,TIGALAPANKAOS BONE,KEMEJA MAMU,KEMEJA SHANGHAI TOFFEE PDK 2XL,72997,0,0,0,74214,0,72997
Apr-2026,TIGALAPANKAOS BONE,KEMEJA MAMU,KEMEJA SHANGHAI TOFFEE PDK L,0,3,0,0,72961,218883,0
Mei-2026,TIGALAPANKAOS BONE,KEMEJA MAMU,KEMEJA SHANGHAI TOFFEE PDK L,72961,1,0,0,72956,72956,218883
Jun-2026,TIGALAPANKAOS BONE,KEMEJA MAMU,KEMEJA SHANGHAI TOFFEE PDK L,0,1,0,0,72956,72956,72956
Jul-2026,TIGALAPANKAOS BONE,KEMEJA MAMU,KEMEJA SHANGHAI TOFFEE PDK L,0,1,0,0,72956,72956,72956
Agu-2026,TIGALAPANKAOS BONE,KEMEJA MAMU,KEMEJA SHANGHAI TOFFEE PDK L,0,1,0,0,72956,72956,72956
Sep-2026,TIGALAPANKAOS BONE,KEMEJA MAMU,KEMEJA SHANGHAI TOFFEE PDK L,0,1,0,0,72956,72956,72956
Okt-2026,TIGALAPANKAOS BONE,KEMEJA MAMU,KEMEJA SHANGHAI TOFFEE PDK L,0,1,0,0,72956,72956,72956
Apr-2026,TIGALAPANKAOS BONE,KEMEJA MAMU,KEMEJA SHANGHAI TOFFEE PDK M,0,3,0,0,72961,218883,0
Mei-2026,TIGALAPANKAOS BONE,KEMEJA MAMU,KEMEJA SHANGHAI TOFFEE PDK M,145922,1,0,0,72958,72958,218883
Jun-2026,TIGALAPANKAOS BONE,KEMEJA MAMU,KEMEJA SHANGHAI TOFFEE PDK M,0,1,0,0,72958,72958,72958
Jul-2026,TIGALAPANKAOS BONE,KEMEJA MAMU,KEMEJA SHANGHAI TOFFEE PDK M,72961,0,0,0,74214,0,72958
Apr-2026,TIGALAPANKAOS BONE,KEMEJA MAMU,KEMEJA SHANGHAI TOFFEE PDK S,0,1,0,0,72997,72997,0
Mei-2026,TIGALAPANKAOS BONE,KEMEJA MAMU,KEMEJA SHANGHAI TOFFEE PDK S,0,1,0,0,72997,72997,72997
Jun-2026,TIGALAPANKAOS BONE,KEMEJA MAMU,KEMEJA SHANGHAI TOFFEE PDK S,0,1,0,0,72997,72997,72997
Jul-2026,TIGALAPANKAOS BONE,KEMEJA MAMU,KEMEJA SHANGHAI TOFFEE PDK S,0,1,0,0,72997,72997,72997
Agu-2026,TIGALAPANKAOS BONE,KEMEJA MAMU,KEMEJA SHANGHAI TOFFEE PDK S,0,1,0,0,72997,72997,72997
Sep-2026,TIGALAPANKAOS BONE,KEMEJA MAMU,KEMEJA SHANGHAI TOFFEE PDK S,72997,0,0,0,74214,0,72997
Apr-2026,TIGALAPANKAOS BONE,KEMEJA MAMU,KEMEJA SHANGHAI TOFFEE PDK XL,0,3,0,0,72963,218889,0
Mei-2026,TIGALAPANKAOS BONE,KEMEJA MAMU,KEMEJA SHANGHAI TOFFEE PDK XL,72963,2,0,0,72960,145920,218889
Jun-2026,TIGALAPANKAOS BONE,KEMEJA MAMU,KEMEJA SHANGHAI TOFFEE PDK XL,0,2,0,0,72960,145920,145920
Jul-2026,TIGALAPANKAOS BONE,KEMEJA MAMU,KEMEJA SHANGHAI TOFFEE PDK XL,72963,1,0,0,72960,72960,145920
Agu-2026,TIGALAPANKAOS BONE,KEMEJA MAMU,KEMEJA SHANGHAI TOFFEE PDK XL,0,1,0,0,72960,72960,72960
Sep-2026,TIGALAPANKAOS BONE,KEMEJA MAMU,KEMEJA SHANGHAI TOFFEE PDK XL,0,1,0,0,72960,72960,72960
Okt-2026,TIGALAPANKAOS BONE,KEMEJA MAMU,KEMEJA SHANGHAI TOFFEE PDK XL,0,1,0,0,72960,72960,72960
Apr-2026,TIGALAPANKAOS BONE,KEMEJA MAMU,KEMEJA SHANGHAI TOFFEE PJG 2XL,0,1,0,0,85997,85997,0
Mei-2026,TIGALAPANKAOS BONE,KEMEJA MAMU,KEMEJA SHANGHAI TOFFEE PJG 2XL,85997,0,0,0,87214,0,85997
Jan-2026,TIGALAPANKAOS BONE,KEMEJA MAMU,KEMEJA SHANGHAI TOFFEE PJG L,0,4,0,0,87214,348856,0
Feb-2026,TIGALAPANKAOS BONE,KEMEJA MAMU,KEMEJA SHANGHAI TOFFEE PJG L,0,4,0,0,87214,348856,348856
Mar-2026,TIGALAPANKAOS BONE,KEMEJA MAMU,KEMEJA SHANGHAI TOFFEE PJG L,88720,3,0,0,87214,261642,348856
Apr-2026,TIGALAPANKAOS BONE,KEMEJA MAMU,KEMEJA SHANGHAI TOFFEE PJG L,0,3,0,0,85953,257859,261642
Mei-2026,TIGALAPANKAOS BONE,KEMEJA MAMU,KEMEJA SHANGHAI TOFFEE PJG L,177440,1,0,0,85953,85953,257859
Jun-2026,TIGALAPANKAOS BONE,KEMEJA MAMU,KEMEJA SHANGHAI TOFFEE PJG L,0,1,0,0,85953,85953,85953
Jul-2026,TIGALAPANKAOS BONE,KEMEJA MAMU,KEMEJA SHANGHAI TOFFEE PJG L,0,1,0,0,85953,85953,85953
Agu-2026,TIGALAPANKAOS BONE,KEMEJA MAMU,KEMEJA SHANGHAI TOFFEE PJG L,0,5,0,0,85953,429765,85953
Sep-2026,TIGALAPANKAOS BONE,KEMEJA MAMU,KEMEJA SHANGHAI TOFFEE PJG L,0,5,0,0,85953,429765,429765
Okt-2026,TIGALAPANKAOS BONE,KEMEJA MAMU,KEMEJA SHANGHAI TOFFEE PJG L,0,5,0,0,85953,429765,429765
Jan-2026,TIGALAPANKAOS BONE,KEMEJA MAMU,KEMEJA SHANGHAI TOFFEE PJG M,0,2,0,0,87214,174428,0
Feb-2026,TIGALAPANKAOS BONE,KEMEJA MAMU,KEMEJA SHANGHAI TOFFEE PJG M,0,2,0,0,87214,174428,174428
Mar-2026,TIGALAPANKAOS BONE,KEMEJA MAMU,KEMEJA SHANGHAI TOFFEE PJG M,176108,0,0,0,87214,0,174428
Apr-2026,TIGALAPANKAOS BONE,KEMEJA MAMU,KEMEJA SHANGHAI TOFFEE PJG M,0,3,0,0,85957,257871,0
Mei-2026,TIGALAPANKAOS BONE,KEMEJA MAMU,KEMEJA SHANGHAI TOFFEE PJG M,171914,1,0,0,86007,86007,257871
Jun-2026,TIGALAPANKAOS BONE,KEMEJA MAMU,KEMEJA SHANGHAI TOFFEE PJG M,0,1,0,0,86007,86007,86007
Jul-2026,TIGALAPANKAOS BONE,KEMEJA MAMU,KEMEJA SHANGHAI TOFFEE PJG M,0,1,0,0,86007,86007,86007
Agu-2026,TIGALAPANKAOS BONE,KEMEJA MAMU,KEMEJA SHANGHAI TOFFEE PJG M,0,5,0,0,86007,430035,86007
Sep-2026,TIGALAPANKAOS BONE,KEMEJA MAMU,KEMEJA SHANGHAI TOFFEE PJG M,0,5,0,0,86007,430035,430035
Okt-2026,TIGALAPANKAOS BONE,KEMEJA MAMU,KEMEJA SHANGHAI TOFFEE PJG M,0,5,0,0,86007,430035,430035
Apr-2026,TIGALAPANKAOS BONE,KEMEJA MAMU,KEMEJA SHANGHAI TOFFEE PJG S,0,1,0,0,85997,85997,0
Mei-2026,TIGALAPANKAOS BONE,KEMEJA MAMU,KEMEJA SHANGHAI TOFFEE PJG S,0,1,0,0,85997,85997,85997
Jun-2026,TIGALAPANKAOS BONE,KEMEJA MAMU,KEMEJA SHANGHAI TOFFEE PJG S,0,1,0,0,85997,85997,85997
Jul-2026,TIGALAPANKAOS BONE,KEMEJA MAMU,KEMEJA SHANGHAI TOFFEE PJG S,0,1,0,0,85997,85997,85997
Agu-2026,TIGALAPANKAOS BONE,KEMEJA MAMU,KEMEJA SHANGHAI TOFFEE PJG S,0,1,0,0,85997,85997,85997
Sep-2026,TIGALAPANKAOS BONE,KEMEJA MAMU,KEMEJA SHANGHAI TOFFEE PJG S,0,1,0,0,85997,85997,85997
Okt-2026,TIGALAPANKAOS BONE,KEMEJA MAMU,KEMEJA SHANGHAI TOFFEE PJG S,85997,0,0,0,87214,0,85997
Apr-2026,TIGALAPANKAOS BONE,KEMEJA MAMU,KEMEJA SHANGHAI TOFFEE PJG XL,0,3,0,0,85955,257865,0
Mei-2026,TIGALAPANKAOS BONE,KEMEJA MAMU,KEMEJA SHANGHAI TOFFEE PJG XL,0,3,0,0,85955,257865,257865
Jun-2026,TIGALAPANKAOS BONE,KEMEJA MAMU,KEMEJA SHANGHAI TOFFEE PJG XL,0,3,0,0,85955,257865,257865
Jul-2026,TIGALAPANKAOS BONE,KEMEJA MAMU,KEMEJA SHANGHAI TOFFEE PJG XL,0,3,0,0,85955,257865,257865
Agu-2026,TIGALAPANKAOS BONE,KEMEJA MAMU,KEMEJA SHANGHAI TOFFEE PJG XL,0,5,0,0,85955,429775,257865
Sep-2026,TIGALAPANKAOS BONE,KEMEJA MAMU,KEMEJA SHANGHAI TOFFEE PJG XL,0,5,0,0,85955,429775,429775
Okt-2026,TIGALAPANKAOS BONE,KEMEJA MAMU,KEMEJA SHANGHAI TOFFEE PJG XL,0,5,0,0,85955,429775,429775
Jun-2026,TIGALAPANKAOS MAKASSAR,KEMEJA MAMU,KEMEJA FORMAL HITAM PDK L,0,10,0,0,72993,729930,0
Jul-2026,TIGALAPANKAOS MAKASSAR,KEMEJA MAMU,KEMEJA FORMAL HITAM PDK L,0,0,0,0,72993,0,729930
Jun-2026,TIGALAPANKAOS MAKASSAR,KEMEJA MAMU,KEMEJA FORMAL HITAM PDK M,0,4,0,0,72991,291964,0
Jul-2026,TIGALAPANKAOS MAKASSAR,KEMEJA MAMU,KEMEJA FORMAL HITAM PDK M,0,0,0,0,72991,0,291964
Jun-2026,TIGALAPANKAOS MAKASSAR,KEMEJA MAMU,KEMEJA FORMAL HITAM PJG L,0,10,0,0,86028,860280,0
Jul-2026,TIGALAPANKAOS MAKASSAR,KEMEJA MAMU,KEMEJA FORMAL HITAM PJG L,0,0,0,0,86028,0,860280
Jun-2026,TIGALAPANKAOS MAKASSAR,KEMEJA MAMU,KEMEJA FORMAL HITAM PJG M,0,10,0,0,85993,859930,0
Jul-2026,TIGALAPANKAOS MAKASSAR,KEMEJA MAMU,KEMEJA FORMAL HITAM PJG M,0,0,0,0,85993,0,859930
Jun-2026,TIGALAPANKAOS MAKASSAR,KEMEJA MAMU,KEMEJA FORMAL HITAM PJG XL,0,10,0,0,85989,859890,0
Jul-2026,TIGALAPANKAOS MAKASSAR,KEMEJA MAMU,KEMEJA FORMAL HITAM PJG XL,0,0,0,0,85989,0,859890
Jun-2026,TIGALAPANKAOS MAKASSAR,KEMEJA MAMU,KEMEJA SHANGHAI HITAM PDK L,0,10,0,0,72966,729660,0
Jul-2026,TIGALAPANKAOS MAKASSAR,KEMEJA MAMU,KEMEJA SHANGHAI HITAM PDK L,0,0,0,0,72966,0,729660
Jun-2026,TIGALAPANKAOS MAKASSAR,KEMEJA MAMU,KEMEJA SHANGHAI HITAM PDK M,0,10,0,0,72949,729490,0
Jul-2026,TIGALAPANKAOS MAKASSAR,KEMEJA MAMU,KEMEJA SHANGHAI HITAM PDK M,0,0,0,0,72949,0,729490
Jun-2026,TIGALAPANKAOS MAKASSAR,KEMEJA MAMU,KEMEJA SHANGHAI HITAM PDK XL,0,10,0,0,72940,729400,0
Jul-2026,TIGALAPANKAOS MAKASSAR,KEMEJA MAMU,KEMEJA SHANGHAI HITAM PDK XL,0,0,0,0,72940,0,729400
Jun-2026,TIGALAPANKAOS MAKASSAR,KEMEJA MAMU,KEMEJA SHANGHAI HITAM PJG L,0,10,0,0,85943,859430,0
Jul-2026,TIGALAPANKAOS MAKASSAR,KEMEJA MAMU,KEMEJA SHANGHAI HITAM PJG L,0,0,0,0,85943,0,859430
Jun-2026,TIGALAPANKAOS MAKASSAR,KEMEJA MAMU,KEMEJA SHANGHAI HITAM PJG M,0,10,0,0,85943,859430,0
Jul-2026,TIGALAPANKAOS MAKASSAR,KEMEJA MAMU,KEMEJA SHANGHAI HITAM PJG M,0,0,0,0,85943,0,859430
Jun-2026,TIGALAPANKAOS MAKASSAR,KEMEJA MAMU,KEMEJA SHANGHAI HITAM PJG XL,0,10,0,0,85957,859570,0
Jul-2026,TIGALAPANKAOS MAKASSAR,KEMEJA MAMU,KEMEJA SHANGHAI HITAM PJG XL,0,0,0,0,85957,0,859570
Jun-2026,TIGALAPANKAOS MAKASSAR,KEMEJA MAMU,KEMEJA SHANGHAI TOFFEE PDK L,0,10,0,0,72956,729560,0
Jul-2026,TIGALAPANKAOS MAKASSAR,KEMEJA MAMU,KEMEJA SHANGHAI TOFFEE PDK L,0,0,0,0,72956,0,729560
Jun-2026,TIGALAPANKAOS MAKASSAR,KEMEJA MAMU,KEMEJA SHANGHAI TOFFEE PDK M,0,10,0,0,72958,729580,0
Jul-2026,TIGALAPANKAOS MAKASSAR,KEMEJA MAMU,KEMEJA SHANGHAI TOFFEE PDK M,0,0,0,0,72958,0,729580
Jun-2026,TIGALAPANKAOS MAKASSAR,KEMEJA MAMU,KEMEJA SHANGHAI TOFFEE PDK XL,0,10,0,0,72960,729600,0
Jul-2026,TIGALAPANKAOS MAKASSAR,KEMEJA MAMU,KEMEJA SHANGHAI TOFFEE PDK XL,0,0,0,0,72960,0,729600
Jun-2026,TIGALAPANKAOS MAKASSAR,KEMEJA MAMU,KEMEJA SHANGHAI TOFFEE PJG L,0,10,0,0,85953,859530,0
Jul-2026,TIGALAPANKAOS MAKASSAR,KEMEJA MAMU,KEMEJA SHANGHAI TOFFEE PJG L,0,0,0,0,85953,0,859530
Jun-2026,TIGALAPANKAOS MAKASSAR,KEMEJA MAMU,KEMEJA SHANGHAI TOFFEE PJG M,0,10,0,0,86007,860070,0
Jul-2026,TIGALAPANKAOS MAKASSAR,KEMEJA MAMU,KEMEJA SHANGHAI TOFFEE PJG M,0,0,0,0,86007,0,860070
Jun-2026,TIGALAPANKAOS MAKASSAR,KEMEJA MAMU,KEMEJA SHANGHAI TOFFEE PJG XL,0,10,0,0,85955,859550,0
Jul-2026,TIGALAPANKAOS MAKASSAR,KEMEJA MAMU,KEMEJA SHANGHAI TOFFEE PJG XL,0,0,0,0,85955,0,859550
Jan-2026,TIGALAPANKAOS MANADO,KEMEJA MAMU,KEMEJA FORMAL ABU TUA PDK 2XL,75170,0,0,0,75170,0,0
Jan-2026,TIGALAPANKAOS MANADO,KEMEJA MAMU,KEMEJA FORMAL ABU TUA PDK L,0,4,0,0,75170,300680,0
Feb-2026,TIGALAPANKAOS MANADO,KEMEJA MAMU,KEMEJA FORMAL ABU TUA PDK L,0,4,0,0,75170,300680,300680
Mar-2026,TIGALAPANKAOS MANADO,KEMEJA MAMU,KEMEJA FORMAL ABU TUA PDK L,0,4,0,0,75170,300680,300680
Apr-2026,TIGALAPANKAOS MANADO,KEMEJA MAMU,KEMEJA FORMAL ABU TUA PDK L,0,4,0,0,75170,300680,300680
Mei-2026,TIGALAPANKAOS MANADO,KEMEJA MAMU,KEMEJA FORMAL ABU TUA PDK L,0,3,0,0,75170,225510,300680
Jun-2026,TIGALAPANKAOS MANADO,KEMEJA MAMU,KEMEJA FORMAL ABU TUA PDK L,75170,0,0,0,75170,0,225510
Jan-2026,TIGALAPANKAOS MANADO,KEMEJA MAMU,KEMEJA FORMAL ABU TUA PDK M,0,7,0,0,75170,526190,0
Feb-2026,TIGALAPANKAOS MANADO,KEMEJA MAMU,KEMEJA FORMAL ABU TUA PDK M,0,7,0,0,75170,526190,526190
Mar-2026,TIGALAPANKAOS MANADO,KEMEJA MAMU,KEMEJA FORMAL ABU TUA PDK M,0,6,0,0,75170,451020,526190
Apr-2026,TIGALAPANKAOS MANADO,KEMEJA MAMU,KEMEJA FORMAL ABU TUA PDK M,0,6,0,0,75170,451020,451020
Mei-2026,TIGALAPANKAOS MANADO,KEMEJA MAMU,KEMEJA FORMAL ABU TUA PDK M,0,3,0,0,75170,225510,451020
Jun-2026,TIGALAPANKAOS MANADO,KEMEJA MAMU,KEMEJA FORMAL ABU TUA PDK M,0,3,0,0,75170,225510,225510
Jul-2026,TIGALAPANKAOS MANADO,KEMEJA MAMU,KEMEJA FORMAL ABU TUA PDK M,0,3,0,0,75170,225510,225510
Agu-2026,TIGALAPANKAOS MANADO,KEMEJA MAMU,KEMEJA FORMAL ABU TUA PDK M,75170,2,0,0,75170,150340,225510
Sep-2026,TIGALAPANKAOS MANADO,KEMEJA MAMU,KEMEJA FORMAL ABU TUA PDK M,0,2,0,0,75170,150340,150340
Okt-2026,TIGALAPANKAOS MANADO,KEMEJA MAMU,KEMEJA FORMAL ABU TUA PDK M,0,2,0,0,75170,150340,150340
Jan-2026,TIGALAPANKAOS MANADO,KEMEJA MAMU,KEMEJA FORMAL ABU TUA PDK S,0,1,0,0,75170,75170,0
Feb-2026,TIGALAPANKAOS MANADO,KEMEJA MAMU,KEMEJA FORMAL ABU TUA PDK S,0,1,0,0,75170,75170,75170
Mar-2026,TIGALAPANKAOS MANADO,KEMEJA MAMU,KEMEJA FORMAL ABU TUA PDK S,0,1,0,0,75170,75170,75170
Apr-2026,TIGALAPANKAOS MANADO,KEMEJA MAMU,KEMEJA FORMAL ABU TUA PDK S,0,1,0,0,75170,75170,75170
Mei-2026,TIGALAPANKAOS MANADO,KEMEJA MAMU,KEMEJA FORMAL ABU TUA PDK S,0,1,0,0,75170,75170,75170
Jun-2026,TIGALAPANKAOS MANADO,KEMEJA MAMU,KEMEJA FORMAL ABU TUA PDK S,0,1,0,0,75170,75170,75170
Jul-2026,TIGALAPANKAOS MANADO,KEMEJA MAMU,KEMEJA FORMAL ABU TUA PDK S,0,-1,0,0,75170,-75170,75170
Agu-2026,TIGALAPANKAOS MANADO,KEMEJA MAMU,KEMEJA FORMAL ABU TUA PDK S,0,-1,0,0,75170,-75170,-75170
Sep-2026,TIGALAPANKAOS MANADO,KEMEJA MAMU,KEMEJA FORMAL ABU TUA PDK S,0,-1,0,0,75170,-75170,-75170
Okt-2026,TIGALAPANKAOS MANADO,KEMEJA MAMU,KEMEJA FORMAL ABU TUA PDK S,0,-1,0,0,75170,-75170,-75170
Jan-2026,TIGALAPANKAOS MANADO,KEMEJA MAMU,KEMEJA FORMAL ABU TUA PDK XL,0,5,0,0,75170,375850,0
Feb-2026,TIGALAPANKAOS MANADO,KEMEJA MAMU,KEMEJA FORMAL ABU TUA PDK XL,75170,4,0,0,75170,300680,375850
Mar-2026,TIGALAPANKAOS MANADO,KEMEJA MAMU,KEMEJA FORMAL ABU TUA PDK XL,75170,3,0,0,75170,225510,300680
Apr-2026,TIGALAPANKAOS MANADO,KEMEJA MAMU,KEMEJA FORMAL ABU TUA PDK XL,0,3,0,0,75170,225510,225510
Mei-2026,TIGALAPANKAOS MANADO,KEMEJA MAMU,KEMEJA FORMAL ABU TUA PDK XL,75170,2,0,0,75170,150340,225510
Jun-2026,TIGALAPANKAOS MANADO,KEMEJA MAMU,KEMEJA FORMAL ABU TUA PDK XL,0,2,0,0,75170,150340,150340
Jul-2026,TIGALAPANKAOS MANADO,KEMEJA MAMU,KEMEJA FORMAL ABU TUA PDK XL,0,2,0,0,75170,150340,150340
Agu-2026,TIGALAPANKAOS MANADO,KEMEJA MAMU,KEMEJA FORMAL ABU TUA PDK XL,0,2,0,0,75170,150340,150340
Sep-2026,TIGALAPANKAOS MANADO,KEMEJA MAMU,KEMEJA FORMAL ABU TUA PDK XL,0,2,0,0,75170,150340,150340
Okt-2026,TIGALAPANKAOS MANADO,KEMEJA MAMU,KEMEJA FORMAL ABU TUA PDK XL,0,2,0,0,75170,150340,150340
Jan-2026,TIGALAPANKAOS MANADO,KEMEJA MAMU,KEMEJA FORMAL ABU TUA PJG 2XL,0,1,0,0,88170,88170,0
Feb-2026,TIGALAPANKAOS MANADO,KEMEJA MAMU,KEMEJA FORMAL ABU TUA PJG 2XL,0,1,0,0,88170,88170,88170
Mar-2026,TIGALAPANKAOS MANADO,KEMEJA MAMU,KEMEJA FORMAL ABU TUA PJG 2XL,0,1,0,0,88170,88170,88170
Apr-2026,TIGALAPANKAOS MANADO,KEMEJA MAMU,KEMEJA FORMAL ABU TUA PJG 2XL,0,1,0,0,88170,88170,88170
Mei-2026,TIGALAPANKAOS MANADO,KEMEJA MAMU,KEMEJA FORMAL ABU TUA PJG 2XL,0,1,0,0,88170,88170,88170
Jun-2026,TIGALAPANKAOS MANADO,KEMEJA MAMU,KEMEJA FORMAL ABU TUA PJG 2XL,0,0,0,0,88170,0,88170
Jul-2026,TIGALAPANKAOS MANADO,KEMEJA MAMU,KEMEJA FORMAL ABU TUA PJG 2XL,0,1,0,0,88170,88170,0
Agu-2026,TIGALAPANKAOS MANADO,KEMEJA MAMU,KEMEJA FORMAL ABU TUA PJG 2XL,0,1,0,0,88170,88170,88170
Sep-2026,TIGALAPANKAOS MANADO,KEMEJA MAMU,KEMEJA FORMAL ABU TUA PJG 2XL,0,1,0,0,88170,88170,88170
Okt-2026,TIGALAPANKAOS MANADO,KEMEJA MAMU,KEMEJA FORMAL ABU TUA PJG 2XL,0,1,0,0,88170,88170,88170
Jan-2026,TIGALAPANKAOS MANADO,KEMEJA MAMU,KEMEJA FORMAL ABU TUA PJG L,0,5,0,0,88170,440850,0
Feb-2026,TIGALAPANKAOS MANADO,KEMEJA MAMU,KEMEJA FORMAL ABU TUA PJG L,0,5,0,0,88170,440850,440850
Mar-2026,TIGALAPANKAOS MANADO,KEMEJA MAMU,KEMEJA FORMAL ABU TUA PJG L,0,5,0,0,88170,440850,440850
Apr-2026,TIGALAPANKAOS MANADO,KEMEJA MAMU,KEMEJA FORMAL ABU TUA PJG L,0,5,0,0,88170,440850,440850
Mei-2026,TIGALAPANKAOS MANADO,KEMEJA MAMU,KEMEJA FORMAL ABU TUA PJG L,0,5,0,0,88170,440850,440850
Jun-2026,TIGALAPANKAOS MANADO,KEMEJA MAMU,KEMEJA FORMAL ABU TUA PJG L,0,5,0,0,88170,440850,440850
Jul-2026,TIGALAPANKAOS MANADO,KEMEJA MAMU,KEMEJA FORMAL ABU TUA PJG L,0,5,0,0,88170,440850,440850
Agu-2026,TIGALAPANKAOS MANADO,KEMEJA MAMU,KEMEJA FORMAL ABU TUA PJG L,0,5,0,0,88170,440850,440850
Sep-2026,TIGALAPANKAOS MANADO,KEMEJA MAMU,KEMEJA FORMAL ABU TUA PJG L,0,5,0,0,88170,440850,440850
Okt-2026,TIGALAPANKAOS MANADO,KEMEJA MAMU,KEMEJA FORMAL ABU TUA PJG L,0,5,0,0,88170,440850,440850
Mei-2026,TIGALAPANKAOS MANADO,KEMEJA MAMU,KEMEJA FORMAL ABU TUA PJG M,0,4,0,0,88170,352680,0
Jun-2026,TIGALAPANKAOS MANADO,KEMEJA MAMU,KEMEJA FORMAL ABU TUA PJG M,0,4,0,0,88170,352680,352680
Jul-2026,TIGALAPANKAOS MANADO,KEMEJA MAMU,KEMEJA FORMAL ABU TUA PJG M,0,4,0,0,88170,352680,352680
Agu-2026,TIGALAPANKAOS MANADO,KEMEJA MAMU,KEMEJA FORMAL ABU TUA PJG M,0,4,0,0,88170,352680,352680
Sep-2026,TIGALAPANKAOS MANADO,KEMEJA MAMU,KEMEJA FORMAL ABU TUA PJG M,0,4,0,0,88170,352680,352680
Okt-2026,TIGALAPANKAOS MANADO,KEMEJA MAMU,KEMEJA FORMAL ABU TUA PJG M,0,4,0,0,88170,352680,352680
Jan-2026,TIGALAPANKAOS MANADO,KEMEJA MAMU,KEMEJA FORMAL ABU TUA PJG S,0,2,0,0,88170,176340,0
Feb-2026,TIGALAPANKAOS MANADO,KEMEJA MAMU,KEMEJA FORMAL ABU TUA PJG S,0,2,0,0,88170,176340,176340
Mar-2026,TIGALAPANKAOS MANADO,KEMEJA MAMU,KEMEJA FORMAL ABU TUA PJG S,0,2,0,0,88170,176340,176340
Apr-2026,TIGALAPANKAOS MANADO,KEMEJA MAMU,KEMEJA FORMAL ABU TUA PJG S,0,2,0,0,88170,176340,176340
Mei-2026,TIGALAPANKAOS MANADO,KEMEJA MAMU,KEMEJA FORMAL ABU TUA PJG S,0,2,0,0,88170,176340,176340
Jun-2026,TIGALAPANKAOS MANADO,KEMEJA MAMU,KEMEJA FORMAL ABU TUA PJG S,0,2,0,0,88170,176340,176340
Jul-2026,TIGALAPANKAOS MANADO,KEMEJA MAMU,KEMEJA FORMAL ABU TUA PJG S,0,2,0,0,88170,176340,176340
Agu-2026,TIGALAPANKAOS MANADO,KEMEJA MAMU,KEMEJA FORMAL ABU TUA PJG S,0,2,0,0,88170,176340,176340
Sep-2026,TIGALAPANKAOS MANADO,KEMEJA MAMU,KEMEJA FORMAL ABU TUA PJG S,0,2,0,0,88170,176340,176340
Okt-2026,TIGALAPANKAOS MANADO,KEMEJA MAMU,KEMEJA FORMAL ABU TUA PJG S,0,2,0,0,88170,176340,176340
Jan-2026,TIGALAPANKAOS MANADO,KEMEJA MAMU,KEMEJA FORMAL ABU TUA PJG XL,88170,4,0,0,88170,352680,0
Feb-2026,TIGALAPANKAOS MANADO,KEMEJA MAMU,KEMEJA FORMAL ABU TUA PJG XL,0,4,0,0,88170,352680,352680
Mar-2026,TIGALAPANKAOS MANADO,KEMEJA MAMU,KEMEJA FORMAL ABU TUA PJG XL,0,4,0,0,88170,352680,352680
Apr-2026,TIGALAPANKAOS MANADO,KEMEJA MAMU,KEMEJA FORMAL ABU TUA PJG XL,0,4,0,0,88170,352680,352680
Mei-2026,TIGALAPANKAOS MANADO,KEMEJA MAMU,KEMEJA FORMAL ABU TUA PJG XL,0,4,0,0,88170,352680,352680
Jun-2026,TIGALAPANKAOS MANADO,KEMEJA MAMU,KEMEJA FORMAL ABU TUA PJG XL,0,4,0,0,88170,352680,352680
Jul-2026,TIGALAPANKAOS MANADO,KEMEJA MAMU,KEMEJA FORMAL ABU TUA PJG XL,0,4,0,0,88170,352680,352680
Agu-2026,TIGALAPANKAOS MANADO,KEMEJA MAMU,KEMEJA FORMAL ABU TUA PJG XL,0,4,0,0,88170,352680,352680
Sep-2026,TIGALAPANKAOS MANADO,KEMEJA MAMU,KEMEJA FORMAL ABU TUA PJG XL,0,4,0,0,88170,352680,352680
Okt-2026,TIGALAPANKAOS MANADO,KEMEJA MAMU,KEMEJA FORMAL ABU TUA PJG XL,0,4,0,0,88170,352680,352680
Jan-2026,TIGALAPANKAOS MANADO,KEMEJA MAMU,KEMEJA FORMAL BURGUNDY PDK 2XL,0,2,0,0,75170,150340,0
Feb-2026,TIGALAPANKAOS MANADO,KEMEJA MAMU,KEMEJA FORMAL BURGUNDY PDK 2XL,0,2,0,0,75170,150340,150340
Mar-2026,TIGALAPANKAOS MANADO,KEMEJA MAMU,KEMEJA FORMAL BURGUNDY PDK 2XL,0,2,0,0,75170,150340,150340
Apr-2026,TIGALAPANKAOS MANADO,KEMEJA MAMU,KEMEJA FORMAL BURGUNDY PDK 2XL,0,2,0,0,75170,150340,150340
Mei-2026,TIGALAPANKAOS MANADO,KEMEJA MAMU,KEMEJA FORMAL BURGUNDY PDK 2XL,0,2,0,0,75170,150340,150340
Jun-2026,TIGALAPANKAOS MANADO,KEMEJA MAMU,KEMEJA FORMAL BURGUNDY PDK 2XL,0,2,0,0,75170,150340,150340
Jul-2026,TIGALAPANKAOS MANADO,KEMEJA MAMU,KEMEJA FORMAL BURGUNDY PDK 2XL,0,2,0,0,75170,150340,150340
Agu-2026,TIGALAPANKAOS MANADO,KEMEJA MAMU,KEMEJA FORMAL BURGUNDY PDK 2XL,0,2,0,0,75170,150340,150340
Sep-2026,TIGALAPANKAOS MANADO,KEMEJA MAMU,KEMEJA FORMAL BURGUNDY PDK 2XL,0,2,0,0,75170,150340,150340
Okt-2026,TIGALAPANKAOS MANADO,KEMEJA MAMU,KEMEJA FORMAL BURGUNDY PDK 2XL,0,2,0,0,75170,150340,150340
Jan-2026,TIGALAPANKAOS MANADO,KEMEJA MAMU,KEMEJA FORMAL BURGUNDY PDK L,0,4,0,0,75170,300680,0
Feb-2026,TIGALAPANKAOS MANADO,KEMEJA MAMU,KEMEJA FORMAL BURGUNDY PDK L,0,4,0,0,75170,300680,300680
Mar-2026,TIGALAPANKAOS MANADO,KEMEJA MAMU,KEMEJA FORMAL BURGUNDY PDK L,0,4,0,0,75170,300680,300680
Apr-2026,TIGALAPANKAOS MANADO,KEMEJA MAMU,KEMEJA FORMAL BURGUNDY PDK L,0,4,0,0,75170,300680,300680
Mei-2026,TIGALAPANKAOS MANADO,KEMEJA MAMU,KEMEJA FORMAL BURGUNDY PDK L,0,3,0,0,75170,225510,300680
Jun-2026,TIGALAPANKAOS MANADO,KEMEJA MAMU,KEMEJA FORMAL BURGUNDY PDK L,0,3,0,0,75170,225510,225510
Jul-2026,TIGALAPANKAOS MANADO,KEMEJA MAMU,KEMEJA FORMAL BURGUNDY PDK L,0,3,0,0,75170,225510,225510
Agu-2026,TIGALAPANKAOS MANADO,KEMEJA MAMU,KEMEJA FORMAL BURGUNDY PDK L,0,3,0,0,75170,225510,225510
Sep-2026,TIGALAPANKAOS MANADO,KEMEJA MAMU,KEMEJA FORMAL BURGUNDY PDK L,0,3,0,0,75170,225510,225510
Okt-2026,TIGALAPANKAOS MANADO,KEMEJA MAMU,KEMEJA FORMAL BURGUNDY PDK L,0,3,0,0,75170,225510,225510
Jan-2026,TIGALAPANKAOS MANADO,KEMEJA MAMU,KEMEJA FORMAL BURGUNDY PDK M,0,3,0,0,75170,225510,0
Feb-2026,TIGALAPANKAOS MANADO,KEMEJA MAMU,KEMEJA FORMAL BURGUNDY PDK M,0,3,0,0,75170,225510,225510
Mar-2026,TIGALAPANKAOS MANADO,KEMEJA MAMU,KEMEJA FORMAL BURGUNDY PDK M,0,3,0,0,75170,225510,225510
Apr-2026,TIGALAPANKAOS MANADO,KEMEJA MAMU,KEMEJA FORMAL BURGUNDY PDK M,0,3,0,0,75170,225510,225510
Mei-2026,TIGALAPANKAOS MANADO,KEMEJA MAMU,KEMEJA FORMAL BURGUNDY PDK M,0,3,0,0,75170,225510,225510
Jun-2026,TIGALAPANKAOS MANADO,KEMEJA MAMU,KEMEJA FORMAL BURGUNDY PDK M,0,3,0,0,75170,225510,225510
Jul-2026,TIGALAPANKAOS MANADO,KEMEJA MAMU,KEMEJA FORMAL BURGUNDY PDK M,0,3,0,0,75170,225510,225510
Agu-2026,TIGALAPANKAOS MANADO,KEMEJA MAMU,KEMEJA FORMAL BURGUNDY PDK M,0,3,0,0,75170,225510,225510
Sep-2026,TIGALAPANKAOS MANADO,KEMEJA MAMU,KEMEJA FORMAL BURGUNDY PDK M,0,3,0,0,75170,225510,225510
Okt-2026,TIGALAPANKAOS MANADO,KEMEJA MAMU,KEMEJA FORMAL BURGUNDY PDK M,0,3,0,0,75170,225510,225510
Jan-2026,TIGALAPANKAOS MANADO,KEMEJA MAMU,KEMEJA FORMAL BURGUNDY PDK S,0,1,0,0,75170,75170,0
Feb-2026,TIGALAPANKAOS MANADO,KEMEJA MAMU,KEMEJA FORMAL BURGUNDY PDK S,0,1,0,0,75170,75170,75170
Mar-2026,TIGALAPANKAOS MANADO,KEMEJA MAMU,KEMEJA FORMAL BURGUNDY PDK S,0,1,0,0,75170,75170,75170
Apr-2026,TIGALAPANKAOS MANADO,KEMEJA MAMU,KEMEJA FORMAL BURGUNDY PDK S,0,1,0,0,75170,75170,75170
Mei-2026,TIGALAPANKAOS MANADO,KEMEJA MAMU,KEMEJA FORMAL BURGUNDY PDK S,0,1,0,0,75170,75170,75170
Jun-2026,TIGALAPANKAOS MANADO,KEMEJA MAMU,KEMEJA FORMAL BURGUNDY PDK S,0,1,0,0,75170,75170,75170
Jul-2026,TIGALAPANKAOS MANADO,KEMEJA MAMU,KEMEJA FORMAL BURGUNDY PDK S,0,-1,0,0,75170,-75170,75170
Agu-2026,TIGALAPANKAOS MANADO,KEMEJA MAMU,KEMEJA FORMAL BURGUNDY PDK S,0,-1,0,0,75170,-75170,-75170
Sep-2026,TIGALAPANKAOS MANADO,KEMEJA MAMU,KEMEJA FORMAL BURGUNDY PDK S,0,-1,0,0,75170,-75170,-75170
Okt-2026,TIGALAPANKAOS MANADO,KEMEJA MAMU,KEMEJA FORMAL BURGUNDY PDK S,0,-1,0,0,75170,-75170,-75170
Jan-2026,TIGALAPANKAOS MANADO,KEMEJA MAMU,KEMEJA FORMAL BURGUNDY PDK XL,75170,4,0,0,75170,300680,0
Feb-2026,TIGALAPANKAOS MANADO,KEMEJA MAMU,KEMEJA FORMAL BURGUNDY PDK XL,75170,3,0,0,75170,225510,300680
Mar-2026,TIGALAPANKAOS MANADO,KEMEJA MAMU,KEMEJA FORMAL BURGUNDY PDK XL,0,3,0,0,75170,225510,225510
Apr-2026,TIGALAPANKAOS MANADO,KEMEJA MAMU,KEMEJA FORMAL BURGUNDY PDK XL,0,3,0,0,75170,225510,225510
Mei-2026,TIGALAPANKAOS MANADO,KEMEJA MAMU,KEMEJA FORMAL BURGUNDY PDK XL,0,3,0,0,75170,225510,225510
Jun-2026,TIGALAPANKAOS MANADO,KEMEJA MAMU,KEMEJA FORMAL BURGUNDY PDK XL,0,3,0,0,75170,225510,225510
Jul-2026,TIGALAPANKAOS MANADO,KEMEJA MAMU,KEMEJA FORMAL BURGUNDY PDK XL,0,3,0,0,75170,225510,225510
Agu-2026,TIGALAPANKAOS MANADO,KEMEJA MAMU,KEMEJA FORMAL BURGUNDY PDK XL,0,3,0,0,75170,225510,225510
Sep-2026,TIGALAPANKAOS MANADO,KEMEJA MAMU,KEMEJA FORMAL BURGUNDY PDK XL,0,3,0,0,75170,225510,225510
Okt-2026,TIGALAPANKAOS MANADO,KEMEJA MAMU,KEMEJA FORMAL BURGUNDY PDK XL,0,3,0,0,75170,225510,225510
Jan-2026,TIGALAPANKAOS MANADO,KEMEJA MAMU,KEMEJA FORMAL BURGUNDY PJG 2XL,0,1,0,0,88170,88170,0
Feb-2026,TIGALAPANKAOS MANADO,KEMEJA MAMU,KEMEJA FORMAL BURGUNDY PJG 2XL,0,1,0,0,88170,88170,88170
Mar-2026,TIGALAPANKAOS MANADO,KEMEJA MAMU,KEMEJA FORMAL BURGUNDY PJG 2XL,0,1,0,0,88170,88170,88170
Apr-2026,TIGALAPANKAOS MANADO,KEMEJA MAMU,KEMEJA FORMAL BURGUNDY PJG 2XL,0,1,0,0,88170,88170,88170
Mei-2026,TIGALAPANKAOS MANADO,KEMEJA MAMU,KEMEJA FORMAL BURGUNDY PJG 2XL,0,1,0,0,88170,88170,88170
Jun-2026,TIGALAPANKAOS MANADO,KEMEJA MAMU,KEMEJA FORMAL BURGUNDY PJG 2XL,0,1,0,0,88170,88170,88170
Jul-2026,TIGALAPANKAOS MANADO,KEMEJA MAMU,KEMEJA FORMAL BURGUNDY PJG 2XL,0,1,0,0,88170,88170,88170
Agu-2026,TIGALAPANKAOS MANADO,KEMEJA MAMU,KEMEJA FORMAL BURGUNDY PJG 2XL,0,1,0,0,88170,88170,88170
Sep-2026,TIGALAPANKAOS MANADO,KEMEJA MAMU,KEMEJA FORMAL BURGUNDY PJG 2XL,0,1,0,0,88170,88170,88170
Okt-2026,TIGALAPANKAOS MANADO,KEMEJA MAMU,KEMEJA FORMAL BURGUNDY PJG 2XL,0,1,0,0,88170,88170,88170
Jan-2026,TIGALAPANKAOS MANADO,KEMEJA MAMU,KEMEJA FORMAL BURGUNDY PJG L,0,5,0,0,88170,440850,0
Feb-2026,TIGALAPANKAOS MANADO,KEMEJA MAMU,KEMEJA FORMAL BURGUNDY PJG L,0,5,0,0,88170,440850,440850
Mar-2026,TIGALAPANKAOS MANADO,KEMEJA MAMU,KEMEJA FORMAL BURGUNDY PJG L,0,5,0,0,88170,440850,440850
Apr-2026,TIGALAPANKAOS MANADO,KEMEJA MAMU,KEMEJA FORMAL BURGUNDY PJG L,0,5,0,0,88170,440850,440850
Mei-2026,TIGALAPANKAOS MANADO,KEMEJA MAMU,KEMEJA FORMAL BURGUNDY PJG L,0,5,0,0,88170,440850,440850
Jun-2026,TIGALAPANKAOS MANADO,KEMEJA MAMU,KEMEJA FORMAL BURGUNDY PJG L,0,5,0,0,88170,440850,440850
Jul-2026,TIGALAPANKAOS MANADO,KEMEJA MAMU,KEMEJA FORMAL BURGUNDY PJG L,0,5,0,0,88170,440850,440850
Agu-2026,TIGALAPANKAOS MANADO,KEMEJA MAMU,KEMEJA FORMAL BURGUNDY PJG L,0,5,0,0,88170,440850,440850
Sep-2026,TIGALAPANKAOS MANADO,KEMEJA MAMU,KEMEJA FORMAL BURGUNDY PJG L,0,5,0,0,88170,440850,440850
Okt-2026,TIGALAPANKAOS MANADO,KEMEJA MAMU,KEMEJA FORMAL BURGUNDY PJG L,0,5,0,0,88170,440850,440850
Jan-2026,TIGALAPANKAOS MANADO,KEMEJA MAMU,KEMEJA FORMAL BURGUNDY PJG M,0,4,0,0,88170,352680,0
Feb-2026,TIGALAPANKAOS MANADO,KEMEJA MAMU,KEMEJA FORMAL BURGUNDY PJG M,88170,3,0,0,88170,264510,352680
Mar-2026,TIGALAPANKAOS MANADO,KEMEJA MAMU,KEMEJA FORMAL BURGUNDY PJG M,0,3,0,0,88170,264510,264510
Apr-2026,TIGALAPANKAOS MANADO,KEMEJA MAMU,KEMEJA FORMAL BURGUNDY PJG M,0,3,0,0,88170,264510,264510
Mei-2026,TIGALAPANKAOS MANADO,KEMEJA MAMU,KEMEJA FORMAL BURGUNDY PJG M,0,3,0,0,88170,264510,264510
Jun-2026,TIGALAPANKAOS MANADO,KEMEJA MAMU,KEMEJA FORMAL BURGUNDY PJG M,0,3,0,0,88170,264510,264510
Jul-2026,TIGALAPANKAOS MANADO,KEMEJA MAMU,KEMEJA FORMAL BURGUNDY PJG M,0,3,0,0,88170,264510,264510
Agu-2026,TIGALAPANKAOS MANADO,KEMEJA MAMU,KEMEJA FORMAL BURGUNDY PJG M,0,3,0,0,88170,264510,264510
Sep-2026,TIGALAPANKAOS MANADO,KEMEJA MAMU,KEMEJA FORMAL BURGUNDY PJG M,0,3,0,0,88170,264510,264510
Okt-2026,TIGALAPANKAOS MANADO,KEMEJA MAMU,KEMEJA FORMAL BURGUNDY PJG M,0,3,0,0,88170,264510,264510
Jan-2026,TIGALAPANKAOS MANADO,KEMEJA MAMU,KEMEJA FORMAL BURGUNDY PJG S,0,2,0,0,88170,176340,0
Feb-2026,TIGALAPANKAOS MANADO,KEMEJA MAMU,KEMEJA FORMAL BURGUNDY PJG S,0,2,0,0,88170,176340,176340
Mar-2026,TIGALAPANKAOS MANADO,KEMEJA MAMU,KEMEJA FORMAL BURGUNDY PJG S,0,2,0,0,88170,176340,176340
Apr-2026,TIGALAPANKAOS MANADO,KEMEJA MAMU,KEMEJA FORMAL BURGUNDY PJG S,0,2,0,0,88170,176340,176340
Mei-2026,TIGALAPANKAOS MANADO,KEMEJA MAMU,KEMEJA FORMAL BURGUNDY PJG S,0,2,0,0,88170,176340,176340
Jun-2026,TIGALAPANKAOS MANADO,KEMEJA MAMU,KEMEJA FORMAL BURGUNDY PJG S,0,2,0,0,88170,176340,176340
Jul-2026,TIGALAPANKAOS MANADO,KEMEJA MAMU,KEMEJA FORMAL BURGUNDY PJG S,0,2,0,0,88170,176340,176340
Agu-2026,TIGALAPANKAOS MANADO,KEMEJA MAMU,KEMEJA FORMAL BURGUNDY PJG S,0,2,0,0,88170,176340,176340
Sep-2026,TIGALAPANKAOS MANADO,KEMEJA MAMU,KEMEJA FORMAL BURGUNDY PJG S,0,2,0,0,88170,176340,176340
Okt-2026,TIGALAPANKAOS MANADO,KEMEJA MAMU,KEMEJA FORMAL BURGUNDY PJG S,0,2,0,0,88170,176340,176340
Jan-2026,TIGALAPANKAOS MANADO,KEMEJA MAMU,KEMEJA FORMAL BURGUNDY PJG XL,0,5,0,0,88170,440850,0
Feb-2026,TIGALAPANKAOS MANADO,KEMEJA MAMU,KEMEJA FORMAL BURGUNDY PJG XL,0,5,0,0,88170,440850,440850
Mar-2026,TIGALAPANKAOS MANADO,KEMEJA MAMU,KEMEJA FORMAL BURGUNDY PJG XL,0,5,0,0,88170,440850,440850
Apr-2026,TIGALAPANKAOS MANADO,KEMEJA MAMU,KEMEJA FORMAL BURGUNDY PJG XL,0,4,0,0,88170,352680,440850
Mei-2026,TIGALAPANKAOS MANADO,KEMEJA MAMU,KEMEJA FORMAL BURGUNDY PJG XL,0,5,0,0,88170,440850,352680
Jun-2026,TIGALAPANKAOS MANADO,KEMEJA MAMU,KEMEJA FORMAL BURGUNDY PJG XL,0,5,0,0,88170,440850,440850
Jul-2026,TIGALAPANKAOS MANADO,KEMEJA MAMU,KEMEJA FORMAL BURGUNDY PJG XL,0,5,0,0,88170,440850,440850
Agu-2026,TIGALAPANKAOS MANADO,KEMEJA MAMU,KEMEJA FORMAL BURGUNDY PJG XL,0,5,0,0,88170,440850,440850
Sep-2026,TIGALAPANKAOS MANADO,KEMEJA MAMU,KEMEJA FORMAL BURGUNDY PJG XL,0,5,0,0,88170,440850,440850
Okt-2026,TIGALAPANKAOS MANADO,KEMEJA MAMU,KEMEJA FORMAL BURGUNDY PJG XL,0,5,0,0,88170,440850,440850
Jan-2026,TIGALAPANKAOS MANADO,KEMEJA MAMU,KEMEJA FORMAL HITAM PDK L,0,14,0,0,74206,1038884,0
Feb-2026,TIGALAPANKAOS MANADO,KEMEJA MAMU,KEMEJA FORMAL HITAM PDK L,0,14,0,0,74206,1038884,1038884
Mar-2026,TIGALAPANKAOS MANADO,KEMEJA MAMU,KEMEJA FORMAL HITAM PDK L,74124,11,0,0,74158,815738,1038884
Apr-2026,TIGALAPANKAOS MANADO,KEMEJA MAMU,KEMEJA FORMAL HITAM PDK L,0,13,0,0,74158,964054,815738
Mei-2026,TIGALAPANKAOS MANADO,KEMEJA MAMU,KEMEJA FORMAL HITAM PDK L,73953,9,0,0,72993,656937,964054
Jun-2026,TIGALAPANKAOS MANADO,KEMEJA MAMU,KEMEJA FORMAL HITAM PDK L,0,9,0,0,72993,656937,656937
Jul-2026,TIGALAPANKAOS MANADO,KEMEJA MAMU,KEMEJA FORMAL HITAM PDK L,0,9,0,0,72993,656937,656937
Agu-2026,TIGALAPANKAOS MANADO,KEMEJA MAMU,KEMEJA FORMAL HITAM PDK L,73953,8,0,0,72993,583944,656937
Sep-2026,TIGALAPANKAOS MANADO,KEMEJA MAMU,KEMEJA FORMAL HITAM PDK L,0,8,0,0,72993,583944,583944
Okt-2026,TIGALAPANKAOS MANADO,KEMEJA MAMU,KEMEJA FORMAL HITAM PDK L,0,8,0,0,72993,583944,583944
Jan-2026,TIGALAPANKAOS MANADO,KEMEJA MAMU,KEMEJA FORMAL HITAM PDK M,0,7,0,0,74214,519498,0
Feb-2026,TIGALAPANKAOS MANADO,KEMEJA MAMU,KEMEJA FORMAL HITAM PDK M,0,7,0,0,74214,519498,519498
Mar-2026,TIGALAPANKAOS MANADO,KEMEJA MAMU,KEMEJA FORMAL HITAM PDK M,0,6,0,0,74154,444924,519498
Apr-2026,TIGALAPANKAOS MANADO,KEMEJA MAMU,KEMEJA FORMAL HITAM PDK M,74058,4,0,0,74154,296616,444924
Mei-2026,TIGALAPANKAOS MANADO,KEMEJA MAMU,KEMEJA FORMAL HITAM PDK M,0,5,0,0,72991,364955,296616
Jun-2026,TIGALAPANKAOS MANADO,KEMEJA MAMU,KEMEJA FORMAL HITAM PDK M,0,5,0,0,72991,364955,364955
Jul-2026,TIGALAPANKAOS MANADO,KEMEJA MAMU,KEMEJA FORMAL HITAM PDK M,0,5,0,0,72991,364955,364955
Agu-2026,TIGALAPANKAOS MANADO,KEMEJA MAMU,KEMEJA FORMAL HITAM PDK M,0,5,0,0,72991,364955,364955
Sep-2026,TIGALAPANKAOS MANADO,KEMEJA MAMU,KEMEJA FORMAL HITAM PDK M,0,5,0,0,72991,364955,364955
Okt-2026,TIGALAPANKAOS MANADO,KEMEJA MAMU,KEMEJA FORMAL HITAM PDK M,0,5,0,0,72991,364955,364955
Jan-2026,TIGALAPANKAOS MANADO,KEMEJA MAMU,KEMEJA FORMAL HITAM PDK S,0,1,0,0,74214,74214,0
Feb-2026,TIGALAPANKAOS MANADO,KEMEJA MAMU,KEMEJA FORMAL HITAM PDK S,0,1,0,0,74214,74214,74214
Mar-2026,TIGALAPANKAOS MANADO,KEMEJA MAMU,KEMEJA FORMAL HITAM PDK S,0,1,0,0,74214,74214,74214
Apr-2026,TIGALAPANKAOS MANADO,KEMEJA MAMU,KEMEJA FORMAL HITAM PDK S,0,1,0,0,74214,74214,74214
Mei-2026,TIGALAPANKAOS MANADO,KEMEJA MAMU,KEMEJA FORMAL HITAM PDK S,0,1,0,0,72954,72954,74214
Jun-2026,TIGALAPANKAOS MANADO,KEMEJA MAMU,KEMEJA FORMAL HITAM PDK S,0,1,0,0,72954,72954,72954
Jul-2026,TIGALAPANKAOS MANADO,KEMEJA MAMU,KEMEJA FORMAL HITAM PDK S,0,1,0,0,72954,72954,72954
Agu-2026,TIGALAPANKAOS MANADO,KEMEJA MAMU,KEMEJA FORMAL HITAM PDK S,0,1,0,0,72954,72954,72954
Sep-2026,TIGALAPANKAOS MANADO,KEMEJA MAMU,KEMEJA FORMAL HITAM PDK S,0,1,0,0,72954,72954,72954
Okt-2026,TIGALAPANKAOS MANADO,KEMEJA MAMU,KEMEJA FORMAL HITAM PDK S,0,1,0,0,72954,72954,72954
Jan-2026,TIGALAPANKAOS MANADO,KEMEJA MAMU,KEMEJA FORMAL HITAM PDK XL,148202,0,0,0,74177,0,0
Apr-2026,TIGALAPANKAOS MANADO,KEMEJA MAMU,KEMEJA FORMAL HITAM PDK XL,0,1,0,0,73987,73987,0
Mei-2026,TIGALAPANKAOS MANADO,KEMEJA MAMU,KEMEJA FORMAL HITAM PDK XL,0,0,0,0,73987,0,73987
Agu-2026,TIGALAPANKAOS MANADO,KEMEJA MAMU,KEMEJA FORMAL HITAM PDK XL,0,5,0,0,72991,364955,0
Sep-2026,TIGALAPANKAOS MANADO,KEMEJA MAMU,KEMEJA FORMAL HITAM PDK XL,0,5,0,0,72991,364955,364955
Okt-2026,TIGALAPANKAOS MANADO,KEMEJA MAMU,KEMEJA FORMAL HITAM PDK XL,0,5,0,0,72991,364955,364955
Jan-2026,TIGALAPANKAOS MANADO,KEMEJA MAMU,KEMEJA FORMAL HITAM PJG 2XL,0,2,0,0,87214,174428,0
Feb-2026,TIGALAPANKAOS MANADO,KEMEJA MAMU,KEMEJA FORMAL HITAM PJG 2XL,0,2,0,0,87214,174428,174428
Mar-2026,TIGALAPANKAOS MANADO,KEMEJA MAMU,KEMEJA FORMAL HITAM PJG 2XL,0,2,0,0,87214,174428,174428
Apr-2026,TIGALAPANKAOS MANADO,KEMEJA MAMU,KEMEJA FORMAL HITAM PJG 2XL,0,2,0,0,87214,174428,174428
Mei-2026,TIGALAPANKAOS MANADO,KEMEJA MAMU,KEMEJA FORMAL HITAM PJG 2XL,0,2,0,0,85954,171908,174428
Jun-2026,TIGALAPANKAOS MANADO,KEMEJA MAMU,KEMEJA FORMAL HITAM PJG 2XL,0,2,0,0,85954,171908,171908
Jul-2026,TIGALAPANKAOS MANADO,KEMEJA MAMU,KEMEJA FORMAL HITAM PJG 2XL,0,2,0,0,85954,171908,171908
Agu-2026,TIGALAPANKAOS MANADO,KEMEJA MAMU,KEMEJA FORMAL HITAM PJG 2XL,0,2,0,0,85954,171908,171908
Sep-2026,TIGALAPANKAOS MANADO,KEMEJA MAMU,KEMEJA FORMAL HITAM PJG 2XL,86797,1,0,0,85954,85954,171908
Okt-2026,TIGALAPANKAOS MANADO,KEMEJA MAMU,KEMEJA FORMAL HITAM PJG 2XL,86797,0,0,0,87214,0,85954
Jan-2026,TIGALAPANKAOS MANADO,KEMEJA MAMU,KEMEJA FORMAL HITAM PJG L,0,27,0,0,87185,2353995,0
Feb-2026,TIGALAPANKAOS MANADO,KEMEJA MAMU,KEMEJA FORMAL HITAM PJG L,0,27,0,0,87185,2353995,2353995
Mar-2026,TIGALAPANKAOS MANADO,KEMEJA MAMU,KEMEJA FORMAL HITAM PJG L,87157,19,0,0,87110,1655090,2353995
Apr-2026,TIGALAPANKAOS MANADO,KEMEJA MAMU,KEMEJA FORMAL HITAM PJG L,0,18,0,0,87110,1567980,1655090
Mei-2026,TIGALAPANKAOS MANADO,KEMEJA MAMU,KEMEJA FORMAL HITAM PJG L,0,18,0,0,86028,1548504,1567980
Jun-2026,TIGALAPANKAOS MANADO,KEMEJA MAMU,KEMEJA FORMAL HITAM PJG L,0,17,0,0,86028,1462476,1548504
Jul-2026,TIGALAPANKAOS MANADO,KEMEJA MAMU,KEMEJA FORMAL HITAM PJG L,0,17,0,0,86028,1462476,1462476
Agu-2026,TIGALAPANKAOS MANADO,KEMEJA MAMU,KEMEJA FORMAL HITAM PJG L,0,17,0,0,86028,1462476,1462476
Sep-2026,TIGALAPANKAOS MANADO,KEMEJA MAMU,KEMEJA FORMAL HITAM PJG L,0,17,0,0,86028,1462476,1462476
Okt-2026,TIGALAPANKAOS MANADO,KEMEJA MAMU,KEMEJA FORMAL HITAM PJG L,0,17,0,0,86028,1462476,1462476
Jan-2026,TIGALAPANKAOS MANADO,KEMEJA MAMU,KEMEJA FORMAL HITAM PJG M,0,14,0,0,87214,1220996,0
Feb-2026,TIGALAPANKAOS MANADO,KEMEJA MAMU,KEMEJA FORMAL HITAM PJG M,0,14,0,0,87214,1220996,1220996
Mar-2026,TIGALAPANKAOS MANADO,KEMEJA MAMU,KEMEJA FORMAL HITAM PJG M,0,12,0,0,87183,1046196,1220996
Apr-2026,TIGALAPANKAOS MANADO,KEMEJA MAMU,KEMEJA FORMAL HITAM PJG M,87075,11,0,0,87183,959013,1046196
Mei-2026,TIGALAPANKAOS MANADO,KEMEJA MAMU,KEMEJA FORMAL HITAM PJG M,87075,11,0,0,85993,945923,959013
Jun-2026,TIGALAPANKAOS MANADO,KEMEJA MAMU,KEMEJA FORMAL HITAM PJG M,0,12,0,0,85993,1031916,945923
Jul-2026,TIGALAPANKAOS MANADO,KEMEJA MAMU,KEMEJA FORMAL HITAM PJG M,0,12,0,0,85993,1031916,1031916
Agu-2026,TIGALAPANKAOS MANADO,KEMEJA MAMU,KEMEJA FORMAL HITAM PJG M,79819,11,0,0,85993,945923,1031916
Sep-2026,TIGALAPANKAOS MANADO,KEMEJA MAMU,KEMEJA FORMAL HITAM PJG M,0,11,0,0,85993,945923,945923
Okt-2026,TIGALAPANKAOS MANADO,KEMEJA MAMU,KEMEJA FORMAL HITAM PJG M,0,11,0,0,85993,945923,945923
Jan-2026,TIGALAPANKAOS MANADO,KEMEJA MAMU,KEMEJA FORMAL HITAM PJG S,0,1,0,0,87214,87214,0
Feb-2026,TIGALAPANKAOS MANADO,KEMEJA MAMU,KEMEJA FORMAL HITAM PJG S,0,1,0,0,87214,87214,87214
Mar-2026,TIGALAPANKAOS MANADO,KEMEJA MAMU,KEMEJA FORMAL HITAM PJG S,0,1,0,0,87214,87214,87214
Apr-2026,TIGALAPANKAOS MANADO,KEMEJA MAMU,KEMEJA FORMAL HITAM PJG S,0,1,0,0,87214,87214,87214
Mei-2026,TIGALAPANKAOS MANADO,KEMEJA MAMU,KEMEJA FORMAL HITAM PJG S,0,1,0,0,85954,85954,87214
Jun-2026,TIGALAPANKAOS MANADO,KEMEJA MAMU,KEMEJA FORMAL HITAM PJG S,0,1,0,0,85954,85954,85954
Jul-2026,TIGALAPANKAOS MANADO,KEMEJA MAMU,KEMEJA FORMAL HITAM PJG S,0,1,0,0,85954,85954,85954
Agu-2026,TIGALAPANKAOS MANADO,KEMEJA MAMU,KEMEJA FORMAL HITAM PJG S,0,1,0,0,85954,85954,85954
Sep-2026,TIGALAPANKAOS MANADO,KEMEJA MAMU,KEMEJA FORMAL HITAM PJG S,0,1,0,0,85954,85954,85954
Okt-2026,TIGALAPANKAOS MANADO,KEMEJA MAMU,KEMEJA FORMAL HITAM PJG S,0,1,0,0,85954,85954,85954
Jan-2026,TIGALAPANKAOS MANADO,KEMEJA MAMU,KEMEJA FORMAL HITAM PJG XL,0,5,0,0,87214,436070,0
Feb-2026,TIGALAPANKAOS MANADO,KEMEJA MAMU,KEMEJA FORMAL HITAM PJG XL,0,5,0,0,87214,436070,436070
Mar-2026,TIGALAPANKAOS MANADO,KEMEJA MAMU,KEMEJA FORMAL HITAM PJG XL,173928,3,0,0,87214,261642,436070
Apr-2026,TIGALAPANKAOS MANADO,KEMEJA MAMU,KEMEJA FORMAL HITAM PJG XL,0,3,0,0,87214,261642,261642
Mei-2026,TIGALAPANKAOS MANADO,KEMEJA MAMU,KEMEJA FORMAL HITAM PJG XL,0,3,0,0,85989,257967,261642
Jun-2026,TIGALAPANKAOS MANADO,KEMEJA MAMU,KEMEJA FORMAL HITAM PJG XL,0,2,0,0,85989,171978,257967
Jul-2026,TIGALAPANKAOS MANADO,KEMEJA MAMU,KEMEJA FORMAL HITAM PJG XL,0,2,0,0,85989,171978,171978
Agu-2026,TIGALAPANKAOS MANADO,KEMEJA MAMU,KEMEJA FORMAL HITAM PJG XL,0,5,0,0,85989,429945,171978
Sep-2026,TIGALAPANKAOS MANADO,KEMEJA MAMU,KEMEJA FORMAL HITAM PJG XL,0,5,0,0,85989,429945,429945
Okt-2026,TIGALAPANKAOS MANADO,KEMEJA MAMU,KEMEJA FORMAL HITAM PJG XL,0,5,0,0,85989,429945,429945
Jan-2026,TIGALAPANKAOS MANADO,KEMEJA MAMU,KEMEJA FORMAL LIGHT BROWN PDK 2XL,0,2,0,0,75170,150340,0
Feb-2026,TIGALAPANKAOS MANADO,KEMEJA MAMU,KEMEJA FORMAL LIGHT BROWN PDK 2XL,0,2,0,0,72928,145856,150340
Mar-2026,TIGALAPANKAOS MANADO,KEMEJA MAMU,KEMEJA FORMAL LIGHT BROWN PDK 2XL,0,1,0,0,72928,72928,145856
Apr-2026,TIGALAPANKAOS MANADO,KEMEJA MAMU,KEMEJA FORMAL LIGHT BROWN PDK 2XL,75170,0,0,0,75170,0,72928
Jan-2026,TIGALAPANKAOS MANADO,KEMEJA MAMU,KEMEJA FORMAL LIGHT BROWN PDK L,0,1,0,0,75170,75170,0
Feb-2026,TIGALAPANKAOS MANADO,KEMEJA MAMU,KEMEJA FORMAL LIGHT BROWN PDK L,0,1,0,0,72928,72928,75170
Mar-2026,TIGALAPANKAOS MANADO,KEMEJA MAMU,KEMEJA FORMAL LIGHT BROWN PDK L,0,1,0,0,72953,72953,72928
Apr-2026,TIGALAPANKAOS MANADO,KEMEJA MAMU,KEMEJA FORMAL LIGHT BROWN PDK L,0,1,0,0,72953,72953,72953
Mei-2026,TIGALAPANKAOS MANADO,KEMEJA MAMU,KEMEJA FORMAL LIGHT BROWN PDK L,0,1,0,0,72953,72953,72953
Jun-2026,TIGALAPANKAOS MANADO,KEMEJA MAMU,KEMEJA FORMAL LIGHT BROWN PDK L,0,1,0,0,72953,72953,72953
Jul-2026,TIGALAPANKAOS MANADO,KEMEJA MAMU,KEMEJA FORMAL LIGHT BROWN PDK L,0,1,0,0,72953,72953,72953
Agu-2026,TIGALAPANKAOS MANADO,KEMEJA MAMU,KEMEJA FORMAL LIGHT BROWN PDK L,0,1,0,0,72953,72953,72953
Sep-2026,TIGALAPANKAOS MANADO,KEMEJA MAMU,KEMEJA FORMAL LIGHT BROWN PDK L,0,1,0,0,72953,72953,72953
Okt-2026,TIGALAPANKAOS MANADO,KEMEJA MAMU,KEMEJA FORMAL LIGHT BROWN PDK L,0,1,0,0,72953,72953,72953
Jan-2026,TIGALAPANKAOS MANADO,KEMEJA MAMU,KEMEJA FORMAL LIGHT BROWN PDK M,0,3,0,0,75170,225510,0
Feb-2026,TIGALAPANKAOS MANADO,KEMEJA MAMU,KEMEJA FORMAL LIGHT BROWN PDK M,0,3,0,0,72928,218784,225510
Mar-2026,TIGALAPANKAOS MANADO,KEMEJA MAMU,KEMEJA FORMAL LIGHT BROWN PDK M,0,3,0,0,72970,218910,218784
Apr-2026,TIGALAPANKAOS MANADO,KEMEJA MAMU,KEMEJA FORMAL LIGHT BROWN PDK M,0,3,0,0,72970,218910,218910
Mei-2026,TIGALAPANKAOS MANADO,KEMEJA MAMU,KEMEJA FORMAL LIGHT BROWN PDK M,0,3,0,0,72970,218910,218910
Jun-2026,TIGALAPANKAOS MANADO,KEMEJA MAMU,KEMEJA FORMAL LIGHT BROWN PDK M,0,3,0,0,72970,218910,218910
Jul-2026,TIGALAPANKAOS MANADO,KEMEJA MAMU,KEMEJA FORMAL LIGHT BROWN PDK M,0,3,0,0,72970,218910,218910
Agu-2026,TIGALAPANKAOS MANADO,KEMEJA MAMU,KEMEJA FORMAL LIGHT BROWN PDK M,0,3,0,0,72970,218910,218910
Sep-2026,TIGALAPANKAOS MANADO,KEMEJA MAMU,KEMEJA FORMAL LIGHT BROWN PDK M,0,3,0,0,72970,218910,218910
Okt-2026,TIGALAPANKAOS MANADO,KEMEJA MAMU,KEMEJA FORMAL LIGHT BROWN PDK M,0,3,0,0,72970,218910,218910
Jan-2026,TIGALAPANKAOS MANADO,KEMEJA MAMU,KEMEJA FORMAL LIGHT BROWN PDK XL,0,4,0,0,75170,300680,0
Feb-2026,TIGALAPANKAOS MANADO,KEMEJA MAMU,KEMEJA FORMAL LIGHT BROWN PDK XL,0,5,0,0,72928,364640,300680
Mar-2026,TIGALAPANKAOS MANADO,KEMEJA MAMU,KEMEJA FORMAL LIGHT BROWN PDK XL,0,5,0,0,72972,364860,364640
Apr-2026,TIGALAPANKAOS MANADO,KEMEJA MAMU,KEMEJA FORMAL LIGHT BROWN PDK XL,0,5,0,0,72979,364895,364860
Mei-2026,TIGALAPANKAOS MANADO,KEMEJA MAMU,KEMEJA FORMAL LIGHT BROWN PDK XL,0,5,0,0,72979,364895,364895
Jun-2026,TIGALAPANKAOS MANADO,KEMEJA MAMU,KEMEJA FORMAL LIGHT BROWN PDK XL,0,5,0,0,72979,364895,364895
Jul-2026,TIGALAPANKAOS MANADO,KEMEJA MAMU,KEMEJA FORMAL LIGHT BROWN PDK XL,0,5,0,0,72979,364895,364895
Agu-2026,TIGALAPANKAOS MANADO,KEMEJA MAMU,KEMEJA FORMAL LIGHT BROWN PDK XL,0,5,0,0,72979,364895,364895
Sep-2026,TIGALAPANKAOS MANADO,KEMEJA MAMU,KEMEJA FORMAL LIGHT BROWN PDK XL,0,5,0,0,72979,364895,364895
Okt-2026,TIGALAPANKAOS MANADO,KEMEJA MAMU,KEMEJA FORMAL LIGHT BROWN PDK XL,0,5,0,0,72979,364895,364895
Jan-2026,TIGALAPANKAOS MANADO,KEMEJA MAMU,KEMEJA FORMAL LIGHT BROWN PJG 2XL,88170,1,0,0,88170,88170,0
Feb-2026,TIGALAPANKAOS MANADO,KEMEJA MAMU,KEMEJA FORMAL LIGHT BROWN PJG 2XL,0,1,0,0,85928,85928,88170
Mar-2026,TIGALAPANKAOS MANADO,KEMEJA MAMU,KEMEJA FORMAL LIGHT BROWN PJG 2XL,0,1,0,0,85928,85928,85928
Apr-2026,TIGALAPANKAOS MANADO,KEMEJA MAMU,KEMEJA FORMAL LIGHT BROWN PJG 2XL,0,1,0,0,85928,85928,85928
Mei-2026,TIGALAPANKAOS MANADO,KEMEJA MAMU,KEMEJA FORMAL LIGHT BROWN PJG 2XL,0,1,0,0,85928,85928,85928
Jun-2026,TIGALAPANKAOS MANADO,KEMEJA MAMU,KEMEJA FORMAL LIGHT BROWN PJG 2XL,0,1,0,0,85928,85928,85928
Jul-2026,TIGALAPANKAOS MANADO,KEMEJA MAMU,KEMEJA FORMAL LIGHT BROWN PJG 2XL,0,0,0,0,85928,0,85928
Jan-2026,TIGALAPANKAOS MANADO,KEMEJA MAMU,KEMEJA FORMAL LIGHT BROWN PJG L,0,9,0,0,88170,793530,0
Feb-2026,TIGALAPANKAOS MANADO,KEMEJA MAMU,KEMEJA FORMAL LIGHT BROWN PJG L,0,8,0,0,85928,687424,793530
Mar-2026,TIGALAPANKAOS MANADO,KEMEJA MAMU,KEMEJA FORMAL LIGHT BROWN PJG L,88170,8,0,0,85957,687656,687424
Apr-2026,TIGALAPANKAOS MANADO,KEMEJA MAMU,KEMEJA FORMAL LIGHT BROWN PJG L,0,8,0,0,85957,687656,687656
Mei-2026,TIGALAPANKAOS MANADO,KEMEJA MAMU,KEMEJA FORMAL LIGHT BROWN PJG L,0,8,0,0,85957,687656,687656
Jun-2026,TIGALAPANKAOS MANADO,KEMEJA MAMU,KEMEJA FORMAL LIGHT BROWN PJG L,0,8,0,0,85957,687656,687656
Jul-2026,TIGALAPANKAOS MANADO,KEMEJA MAMU,KEMEJA FORMAL LIGHT BROWN PJG L,0,8,0,0,85957,687656,687656
Agu-2026,TIGALAPANKAOS MANADO,KEMEJA MAMU,KEMEJA FORMAL LIGHT BROWN PJG L,88170,7,0,0,85957,601699,687656
Sep-2026,TIGALAPANKAOS MANADO,KEMEJA MAMU,KEMEJA FORMAL LIGHT BROWN PJG L,0,7,0,0,85957,601699,601699
Okt-2026,TIGALAPANKAOS MANADO,KEMEJA MAMU,KEMEJA FORMAL LIGHT BROWN PJG L,0,7,0,0,85957,601699,601699
Jan-2026,TIGALAPANKAOS MANADO,KEMEJA MAMU,KEMEJA FORMAL LIGHT BROWN PJG M,0,5,0,0,88170,440850,0
Feb-2026,TIGALAPANKAOS MANADO,KEMEJA MAMU,KEMEJA FORMAL LIGHT BROWN PJG M,0,5,0,0,85928,429640,440850
Mar-2026,TIGALAPANKAOS MANADO,KEMEJA MAMU,KEMEJA FORMAL LIGHT BROWN PJG M,0,5,0,0,85979,429895,429640
Apr-2026,TIGALAPANKAOS MANADO,KEMEJA MAMU,KEMEJA FORMAL LIGHT BROWN PJG M,0,5,0,0,85979,429895,429895
Mei-2026,TIGALAPANKAOS MANADO,KEMEJA MAMU,KEMEJA FORMAL LIGHT BROWN PJG M,0,5,0,0,85979,429895,429895
Jun-2026,TIGALAPANKAOS MANADO,KEMEJA MAMU,KEMEJA FORMAL LIGHT BROWN PJG M,0,5,0,0,85979,429895,429895
Jul-2026,TIGALAPANKAOS MANADO,KEMEJA MAMU,KEMEJA FORMAL LIGHT BROWN PJG M,0,5,0,0,85979,429895,429895
Agu-2026,TIGALAPANKAOS MANADO,KEMEJA MAMU,KEMEJA FORMAL LIGHT BROWN PJG M,88170,4,0,0,85979,343916,429895
Sep-2026,TIGALAPANKAOS MANADO,KEMEJA MAMU,KEMEJA FORMAL LIGHT BROWN PJG M,0,4,0,0,85979,343916,343916
Okt-2026,TIGALAPANKAOS MANADO,KEMEJA MAMU,KEMEJA FORMAL LIGHT BROWN PJG M,0,4,0,0,85979,343916,343916
Jan-2026,TIGALAPANKAOS MANADO,KEMEJA MAMU,KEMEJA FORMAL LIGHT BROWN PJG S,0,1,0,0,88170,88170,0
Feb-2026,TIGALAPANKAOS MANADO,KEMEJA MAMU,KEMEJA FORMAL LIGHT BROWN PJG S,0,1,0,0,85928,85928,88170
Mar-2026,TIGALAPANKAOS MANADO,KEMEJA MAMU,KEMEJA FORMAL LIGHT BROWN PJG S,0,1,0,0,85979,85979,85928
Apr-2026,TIGALAPANKAOS MANADO,KEMEJA MAMU,KEMEJA FORMAL LIGHT BROWN PJG S,0,1,0,0,85979,85979,85979
Mei-2026,TIGALAPANKAOS MANADO,KEMEJA MAMU,KEMEJA FORMAL LIGHT BROWN PJG S,0,1,0,0,85979,85979,85979
Jun-2026,TIGALAPANKAOS MANADO,KEMEJA MAMU,KEMEJA FORMAL LIGHT BROWN PJG S,0,1,0,0,85979,85979,85979
Jul-2026,TIGALAPANKAOS MANADO,KEMEJA MAMU,KEMEJA FORMAL LIGHT BROWN PJG S,0,1,0,0,85979,85979,85979
Agu-2026,TIGALAPANKAOS MANADO,KEMEJA MAMU,KEMEJA FORMAL LIGHT BROWN PJG S,0,1,0,0,85979,85979,85979
Sep-2026,TIGALAPANKAOS MANADO,KEMEJA MAMU,KEMEJA FORMAL LIGHT BROWN PJG S,0,1,0,0,85979,85979,85979
Okt-2026,TIGALAPANKAOS MANADO,KEMEJA MAMU,KEMEJA FORMAL LIGHT BROWN PJG S,0,1,0,0,85979,85979,85979
Jan-2026,TIGALAPANKAOS MANADO,KEMEJA MAMU,KEMEJA FORMAL LIGHT BROWN PJG XL,176340,3,0,0,88170,264510,0
Feb-2026,TIGALAPANKAOS MANADO,KEMEJA MAMU,KEMEJA FORMAL LIGHT BROWN PJG XL,0,3,0,0,85928,257784,264510
Mar-2026,TIGALAPANKAOS MANADO,KEMEJA MAMU,KEMEJA FORMAL LIGHT BROWN PJG XL,0,3,0,0,85974,257922,257784
Apr-2026,TIGALAPANKAOS MANADO,KEMEJA MAMU,KEMEJA FORMAL LIGHT BROWN PJG XL,0,3,0,0,85974,257922,257922
Mei-2026,TIGALAPANKAOS MANADO,KEMEJA MAMU,KEMEJA FORMAL LIGHT BROWN PJG XL,0,3,0,0,85974,257922,257922
Jun-2026,TIGALAPANKAOS MANADO,KEMEJA MAMU,KEMEJA FORMAL LIGHT BROWN PJG XL,0,3,0,0,85974,257922,257922
Jul-2026,TIGALAPANKAOS MANADO,KEMEJA MAMU,KEMEJA FORMAL LIGHT BROWN PJG XL,0,3,0,0,85974,257922,257922
Agu-2026,TIGALAPANKAOS MANADO,KEMEJA MAMU,KEMEJA FORMAL LIGHT BROWN PJG XL,0,3,0,0,85974,257922,257922
Sep-2026,TIGALAPANKAOS MANADO,KEMEJA MAMU,KEMEJA FORMAL LIGHT BROWN PJG XL,0,3,0,0,85974,257922,257922
Okt-2026,TIGALAPANKAOS MANADO,KEMEJA MAMU,KEMEJA FORMAL LIGHT BROWN PJG XL,0,3,0,0,85974,257922,257922
Jan-2026,TIGALAPANKAOS MANADO,KEMEJA MAMU,KEMEJA FORMAL NAVY PDK M,0,1,0,0,73797,73797,0
Feb-2026,TIGALAPANKAOS MANADO,KEMEJA MAMU,KEMEJA FORMAL NAVY PDK M,0,1,0,0,77095,77095,73797
Mar-2026,TIGALAPANKAOS MANADO,KEMEJA MAMU,KEMEJA FORMAL NAVY PDK M,73797,0,0,0,73797,0,77095
Jul-2026,TIGALAPANKAOS MANADO,KEMEJA MAMU,KEMEJA FORMAL NAVY PDK M,0,1,0,0,73940,73940,0
Agu-2026,TIGALAPANKAOS MANADO,KEMEJA MAMU,KEMEJA FORMAL NAVY PDK M,0,1,0,0,73940,73940,73940
Sep-2026,TIGALAPANKAOS MANADO,KEMEJA MAMU,KEMEJA FORMAL NAVY PDK M,0,1,0,0,73940,73940,73940
Okt-2026,TIGALAPANKAOS MANADO,KEMEJA MAMU,KEMEJA FORMAL NAVY PDK M,0,1,0,0,73940,73940,73940
Jan-2026,TIGALAPANKAOS MANADO,KEMEJA MAMU,KEMEJA FORMAL NAVY PDK S,0,1,0,0,73797,73797,0
Feb-2026,TIGALAPANKAOS MANADO,KEMEJA MAMU,KEMEJA FORMAL NAVY PDK S,0,1,0,0,77095,77095,73797
Mar-2026,TIGALAPANKAOS MANADO,KEMEJA MAMU,KEMEJA FORMAL NAVY PDK S,0,1,0,0,77095,77095,77095
Apr-2026,TIGALAPANKAOS MANADO,KEMEJA MAMU,KEMEJA FORMAL NAVY PDK S,0,1,0,0,77095,77095,77095
Mei-2026,TIGALAPANKAOS MANADO,KEMEJA MAMU,KEMEJA FORMAL NAVY PDK S,0,1,0,0,77095,77095,77095
Jun-2026,TIGALAPANKAOS MANADO,KEMEJA MAMU,KEMEJA FORMAL NAVY PDK S,0,1,0,0,77095,77095,77095
Jul-2026,TIGALAPANKAOS MANADO,KEMEJA MAMU,KEMEJA FORMAL NAVY PDK S,0,1,0,0,77095,77095,77095
Agu-2026,TIGALAPANKAOS MANADO,KEMEJA MAMU,KEMEJA FORMAL NAVY PDK S,0,1,0,0,77095,77095,77095
Sep-2026,TIGALAPANKAOS MANADO,KEMEJA MAMU,KEMEJA FORMAL NAVY PDK S,0,1,0,0,77095,77095,77095
Okt-2026,TIGALAPANKAOS MANADO,KEMEJA MAMU,KEMEJA FORMAL NAVY PDK S,0,1,0,0,77095,77095,77095
Jan-2026,TIGALAPANKAOS MANADO,KEMEJA MAMU,KEMEJA FORMAL NAVY PDK XL,0,5,0,0,73797,368985,0
Feb-2026,TIGALAPANKAOS MANADO,KEMEJA MAMU,KEMEJA FORMAL NAVY PDK XL,0,5,0,0,77095,385475,368985
Mar-2026,TIGALAPANKAOS MANADO,KEMEJA MAMU,KEMEJA FORMAL NAVY PDK XL,0,5,0,0,74208,371040,385475
Apr-2026,TIGALAPANKAOS MANADO,KEMEJA MAMU,KEMEJA FORMAL NAVY PDK XL,0,5,0,0,74208,371040,371040
Mei-2026,TIGALAPANKAOS MANADO,KEMEJA MAMU,KEMEJA FORMAL NAVY PDK XL,0,5,0,0,74208,371040,371040
Jun-2026,TIGALAPANKAOS MANADO,KEMEJA MAMU,KEMEJA FORMAL NAVY PDK XL,73797,4,0,0,74208,296832,371040
Jul-2026,TIGALAPANKAOS MANADO,KEMEJA MAMU,KEMEJA FORMAL NAVY PDK XL,0,4,0,0,74208,296832,296832
Agu-2026,TIGALAPANKAOS MANADO,KEMEJA MAMU,KEMEJA FORMAL NAVY PDK XL,0,4,0,0,74208,296832,296832
Sep-2026,TIGALAPANKAOS MANADO,KEMEJA MAMU,KEMEJA FORMAL NAVY PDK XL,0,4,0,0,74208,296832,296832
Okt-2026,TIGALAPANKAOS MANADO,KEMEJA MAMU,KEMEJA FORMAL NAVY PDK XL,0,4,0,0,74208,296832,296832
Jan-2026,TIGALAPANKAOS MANADO,KEMEJA MAMU,KEMEJA FORMAL NAVY PJG 2XL,0,2,0,0,86797,173594,0
Feb-2026,TIGALAPANKAOS MANADO,KEMEJA MAMU,KEMEJA FORMAL NAVY PJG 2XL,0,2,0,0,88095,176190,173594
Mar-2026,TIGALAPANKAOS MANADO,KEMEJA MAMU,KEMEJA FORMAL NAVY PJG 2XL,0,2,0,0,88095,176190,176190
Apr-2026,TIGALAPANKAOS MANADO,KEMEJA MAMU,KEMEJA FORMAL NAVY PJG 2XL,0,2,0,0,88095,176190,176190
Mei-2026,TIGALAPANKAOS MANADO,KEMEJA MAMU,KEMEJA FORMAL NAVY PJG 2XL,0,2,0,0,88095,176190,176190
Jun-2026,TIGALAPANKAOS MANADO,KEMEJA MAMU,KEMEJA FORMAL NAVY PJG 2XL,0,2,0,0,88095,176190,176190
Jul-2026,TIGALAPANKAOS MANADO,KEMEJA MAMU,KEMEJA FORMAL NAVY PJG 2XL,0,2,0,0,88095,176190,176190
Agu-2026,TIGALAPANKAOS MANADO,KEMEJA MAMU,KEMEJA FORMAL NAVY PJG 2XL,86797,1,0,0,88095,88095,176190
Sep-2026,TIGALAPANKAOS MANADO,KEMEJA MAMU,KEMEJA FORMAL NAVY PJG 2XL,0,1,0,0,88095,88095,88095
Okt-2026,TIGALAPANKAOS MANADO,KEMEJA MAMU,KEMEJA FORMAL NAVY PJG 2XL,0,1,0,0,88095,88095,88095
Jan-2026,TIGALAPANKAOS MANADO,KEMEJA MAMU,KEMEJA FORMAL NAVY PJG L,0,4,0,0,86797,347188,0
Feb-2026,TIGALAPANKAOS MANADO,KEMEJA MAMU,KEMEJA FORMAL NAVY PJG L,0,4,0,0,88095,352380,347188
Mar-2026,TIGALAPANKAOS MANADO,KEMEJA MAMU,KEMEJA FORMAL NAVY PJG L,0,4,0,0,86580,346320,352380
Apr-2026,TIGALAPANKAOS MANADO,KEMEJA MAMU,KEMEJA FORMAL NAVY PJG L,0,4,0,0,86580,346320,346320
Mei-2026,TIGALAPANKAOS MANADO,KEMEJA MAMU,KEMEJA FORMAL NAVY PJG L,0,4,0,0,86580,346320,346320
Jun-2026,TIGALAPANKAOS MANADO,KEMEJA MAMU,KEMEJA FORMAL NAVY PJG L,86797,3,0,0,86580,259740,346320
Jul-2026,TIGALAPANKAOS MANADO,KEMEJA MAMU,KEMEJA FORMAL NAVY PJG L,0,3,0,0,86580,259740,259740
Agu-2026,TIGALAPANKAOS MANADO,KEMEJA MAMU,KEMEJA FORMAL NAVY PJG L,0,3,0,0,86580,259740,259740
Sep-2026,TIGALAPANKAOS MANADO,KEMEJA MAMU,KEMEJA FORMAL NAVY PJG L,0,3,0,0,86580,259740,259740
Okt-2026,TIGALAPANKAOS MANADO,KEMEJA MAMU,KEMEJA FORMAL NAVY PJG L,0,3,0,0,86580,259740,259740
Jan-2026,TIGALAPANKAOS MANADO,KEMEJA MAMU,KEMEJA FORMAL NAVY PJG M,0,1,0,0,86797,86797,0
Feb-2026,TIGALAPANKAOS MANADO,KEMEJA MAMU,KEMEJA FORMAL NAVY PJG M,0,1,0,0,88095,88095,86797
Mar-2026,TIGALAPANKAOS MANADO,KEMEJA MAMU,KEMEJA FORMAL NAVY PJG M,0,1,0,0,85993,85993,88095
Apr-2026,TIGALAPANKAOS MANADO,KEMEJA MAMU,KEMEJA FORMAL NAVY PJG M,0,1,0,0,85993,85993,85993
Mei-2026,TIGALAPANKAOS MANADO,KEMEJA MAMU,KEMEJA FORMAL NAVY PJG M,0,1,0,0,85993,85993,85993
Jun-2026,TIGALAPANKAOS MANADO,KEMEJA MAMU,KEMEJA FORMAL NAVY PJG M,0,1,0,0,85993,85993,85993
Jul-2026,TIGALAPANKAOS MANADO,KEMEJA MAMU,KEMEJA FORMAL NAVY PJG M,86797,0,0,0,86797,0,85993
Jan-2026,TIGALAPANKAOS MANADO,KEMEJA MAMU,KEMEJA FORMAL NAVY PJG XL,0,5,0,0,86797,433985,0
Feb-2026,TIGALAPANKAOS MANADO,KEMEJA MAMU,KEMEJA FORMAL NAVY PJG XL,0,5,0,0,88095,440475,433985
Mar-2026,TIGALAPANKAOS MANADO,KEMEJA MAMU,KEMEJA FORMAL NAVY PJG XL,0,5,0,0,86519,432595,440475
Apr-2026,TIGALAPANKAOS MANADO,KEMEJA MAMU,KEMEJA FORMAL NAVY PJG XL,0,5,0,0,86519,432595,432595
Mei-2026,TIGALAPANKAOS MANADO,KEMEJA MAMU,KEMEJA FORMAL NAVY PJG XL,0,5,0,0,86519,432595,432595
Jun-2026,TIGALAPANKAOS MANADO,KEMEJA MAMU,KEMEJA FORMAL NAVY PJG XL,0,5,0,0,86519,432595,432595
Jul-2026,TIGALAPANKAOS MANADO,KEMEJA MAMU,KEMEJA FORMAL NAVY PJG XL,0,5,0,0,86519,432595,432595
Agu-2026,TIGALAPANKAOS MANADO,KEMEJA MAMU,KEMEJA FORMAL NAVY PJG XL,0,5,0,0,86519,432595,432595
Sep-2026,TIGALAPANKAOS MANADO,KEMEJA MAMU,KEMEJA FORMAL NAVY PJG XL,0,5,0,0,86519,432595,432595
Okt-2026,TIGALAPANKAOS MANADO,KEMEJA MAMU,KEMEJA FORMAL NAVY PJG XL,0,5,0,0,86519,432595,432595
Jan-2026,TIGALAPANKAOS MANADO,KEMEJA MAMU,KEMEJA FORMAL OLIVE GREEN PDK L,0,5,0,0,73797,368985,0
Feb-2026,TIGALAPANKAOS MANADO,KEMEJA MAMU,KEMEJA FORMAL OLIVE GREEN PDK L,0,5,0,0,73797,368985,368985
Mar-2026,TIGALAPANKAOS MANADO,KEMEJA MAMU,KEMEJA FORMAL OLIVE GREEN PDK L,0,5,0,0,73797,368985,368985
Apr-2026,TIGALAPANKAOS MANADO,KEMEJA MAMU,KEMEJA FORMAL OLIVE GREEN PDK L,0,5,0,0,73797,368985,368985
Mei-2026,TIGALAPANKAOS MANADO,KEMEJA MAMU,KEMEJA FORMAL OLIVE GREEN PDK L,0,4,0,0,73797,295188,368985
Jun-2026,TIGALAPANKAOS MANADO,KEMEJA MAMU,KEMEJA FORMAL OLIVE GREEN PDK L,0,4,0,0,73797,295188,295188
Jul-2026,TIGALAPANKAOS MANADO,KEMEJA MAMU,KEMEJA FORMAL OLIVE GREEN PDK L,0,4,0,0,73797,295188,295188
Agu-2026,TIGALAPANKAOS MANADO,KEMEJA MAMU,KEMEJA FORMAL OLIVE GREEN PDK L,0,4,0,0,73797,295188,295188
Sep-2026,TIGALAPANKAOS MANADO,KEMEJA MAMU,KEMEJA FORMAL OLIVE GREEN PDK L,0,4,0,0,73797,295188,295188
Okt-2026,TIGALAPANKAOS MANADO,KEMEJA MAMU,KEMEJA FORMAL OLIVE GREEN PDK L,0,4,0,0,73797,295188,295188
Jan-2026,TIGALAPANKAOS MANADO,KEMEJA MAMU,KEMEJA FORMAL OLIVE GREEN PDK M,73797,1,0,0,73797,73797,0
Feb-2026,TIGALAPANKAOS MANADO,KEMEJA MAMU,KEMEJA FORMAL OLIVE GREEN PDK M,0,1,0,0,73797,73797,73797
Mar-2026,TIGALAPANKAOS MANADO,KEMEJA MAMU,KEMEJA FORMAL OLIVE GREEN PDK M,0,1,0,0,73797,73797,73797
Apr-2026,TIGALAPANKAOS MANADO,KEMEJA MAMU,KEMEJA FORMAL OLIVE GREEN PDK M,0,1,0,0,73797,73797,73797
Mei-2026,TIGALAPANKAOS MANADO,KEMEJA MAMU,KEMEJA FORMAL OLIVE GREEN PDK M,0,1,0,0,73797,73797,73797
Jun-2026,TIGALAPANKAOS MANADO,KEMEJA MAMU,KEMEJA FORMAL OLIVE GREEN PDK M,0,1,0,0,73797,73797,73797
Jul-2026,TIGALAPANKAOS MANADO,KEMEJA MAMU,KEMEJA FORMAL OLIVE GREEN PDK M,0,0,0,0,73797,0,73797
Jan-2026,TIGALAPANKAOS MANADO,KEMEJA MAMU,KEMEJA FORMAL OLIVE GREEN PDK XL,0,3,0,0,73797,221391,0
Feb-2026,TIGALAPANKAOS MANADO,KEMEJA MAMU,KEMEJA FORMAL OLIVE GREEN PDK XL,0,3,0,0,73797,221391,221391
Mar-2026,TIGALAPANKAOS MANADO,KEMEJA MAMU,KEMEJA FORMAL OLIVE GREEN PDK XL,73797,2,0,0,73797,147594,221391
Apr-2026,TIGALAPANKAOS MANADO,KEMEJA MAMU,KEMEJA FORMAL OLIVE GREEN PDK XL,0,2,0,0,73797,147594,147594
Mei-2026,TIGALAPANKAOS MANADO,KEMEJA MAMU,KEMEJA FORMAL OLIVE GREEN PDK XL,0,2,0,0,73797,147594,147594
Jun-2026,TIGALAPANKAOS MANADO,KEMEJA MAMU,KEMEJA FORMAL OLIVE GREEN PDK XL,0,2,0,0,73797,147594,147594
Jul-2026,TIGALAPANKAOS MANADO,KEMEJA MAMU,KEMEJA FORMAL OLIVE GREEN PDK XL,0,2,0,0,73797,147594,147594
Agu-2026,TIGALAPANKAOS MANADO,KEMEJA MAMU,KEMEJA FORMAL OLIVE GREEN PDK XL,0,2,0,0,73797,147594,147594
Sep-2026,TIGALAPANKAOS MANADO,KEMEJA MAMU,KEMEJA FORMAL OLIVE GREEN PDK XL,73797,1,0,0,73797,73797,147594
Okt-2026,TIGALAPANKAOS MANADO,KEMEJA MAMU,KEMEJA FORMAL OLIVE GREEN PDK XL,0,1,0,0,73797,73797,73797
Jan-2026,TIGALAPANKAOS MANADO,KEMEJA MAMU,KEMEJA FORMAL OLIVE GREEN PJG 2XL,0,1,0,0,86797,86797,0
Feb-2026,TIGALAPANKAOS MANADO,KEMEJA MAMU,KEMEJA FORMAL OLIVE GREEN PJG 2XL,0,1,0,0,86797,86797,86797
Mar-2026,TIGALAPANKAOS MANADO,KEMEJA MAMU,KEMEJA FORMAL OLIVE GREEN PJG 2XL,0,1,0,0,86797,86797,86797
Apr-2026,TIGALAPANKAOS MANADO,KEMEJA MAMU,KEMEJA FORMAL OLIVE GREEN PJG 2XL,0,1,0,0,86797,86797,86797
Mei-2026,TIGALAPANKAOS MANADO,KEMEJA MAMU,KEMEJA FORMAL OLIVE GREEN PJG 2XL,0,1,0,0,86797,86797,86797
Jun-2026,TIGALAPANKAOS MANADO,KEMEJA MAMU,KEMEJA FORMAL OLIVE GREEN PJG 2XL,0,1,0,0,86797,86797,86797
Jul-2026,TIGALAPANKAOS MANADO,KEMEJA MAMU,KEMEJA FORMAL OLIVE GREEN PJG 2XL,0,1,0,0,86797,86797,86797
Agu-2026,TIGALAPANKAOS MANADO,KEMEJA MAMU,KEMEJA FORMAL OLIVE GREEN PJG 2XL,0,1,0,0,86797,86797,86797
Sep-2026,TIGALAPANKAOS MANADO,KEMEJA MAMU,KEMEJA FORMAL OLIVE GREEN PJG 2XL,0,1,0,0,86797,86797,86797
Okt-2026,TIGALAPANKAOS MANADO,KEMEJA MAMU,KEMEJA FORMAL OLIVE GREEN PJG 2XL,0,1,0,0,86797,86797,86797
Jan-2026,TIGALAPANKAOS MANADO,KEMEJA MAMU,KEMEJA FORMAL OLIVE GREEN PJG L,0,5,0,0,86797,433985,0
Feb-2026,TIGALAPANKAOS MANADO,KEMEJA MAMU,KEMEJA FORMAL OLIVE GREEN PJG L,0,5,0,0,86797,433985,433985
Mar-2026,TIGALAPANKAOS MANADO,KEMEJA MAMU,KEMEJA FORMAL OLIVE GREEN PJG L,0,5,0,0,86797,433985,433985
Apr-2026,TIGALAPANKAOS MANADO,KEMEJA MAMU,KEMEJA FORMAL OLIVE GREEN PJG L,0,5,0,0,86797,433985,433985
Mei-2026,TIGALAPANKAOS MANADO,KEMEJA MAMU,KEMEJA FORMAL OLIVE GREEN PJG L,0,4,0,0,86797,347188,433985
Jun-2026,TIGALAPANKAOS MANADO,KEMEJA MAMU,KEMEJA FORMAL OLIVE GREEN PJG L,0,4,0,0,86797,347188,347188
Jul-2026,TIGALAPANKAOS MANADO,KEMEJA MAMU,KEMEJA FORMAL OLIVE GREEN PJG L,0,4,0,0,86797,347188,347188
Agu-2026,TIGALAPANKAOS MANADO,KEMEJA MAMU,KEMEJA FORMAL OLIVE GREEN PJG L,0,4,0,0,86797,347188,347188
Sep-2026,TIGALAPANKAOS MANADO,KEMEJA MAMU,KEMEJA FORMAL OLIVE GREEN PJG L,0,4,0,0,86797,347188,347188
Okt-2026,TIGALAPANKAOS MANADO,KEMEJA MAMU,KEMEJA FORMAL OLIVE GREEN PJG L,0,4,0,0,86797,347188,347188
Jan-2026,TIGALAPANKAOS MANADO,KEMEJA MAMU,KEMEJA FORMAL OLIVE GREEN PJG M,0,3,0,0,86797,260391,0
Feb-2026,TIGALAPANKAOS MANADO,KEMEJA MAMU,KEMEJA FORMAL OLIVE GREEN PJG M,0,3,0,0,86797,260391,260391
Mar-2026,TIGALAPANKAOS MANADO,KEMEJA MAMU,KEMEJA FORMAL OLIVE GREEN PJG M,86797,2,0,0,86797,173594,260391
Apr-2026,TIGALAPANKAOS MANADO,KEMEJA MAMU,KEMEJA FORMAL OLIVE GREEN PJG M,0,2,0,0,86797,173594,173594
Mei-2026,TIGALAPANKAOS MANADO,KEMEJA MAMU,KEMEJA FORMAL OLIVE GREEN PJG M,0,2,0,0,86797,173594,173594
Jun-2026,TIGALAPANKAOS MANADO,KEMEJA MAMU,KEMEJA FORMAL OLIVE GREEN PJG M,0,2,0,0,86797,173594,173594
Jul-2026,TIGALAPANKAOS MANADO,KEMEJA MAMU,KEMEJA FORMAL OLIVE GREEN PJG M,0,2,0,0,86797,173594,173594
Agu-2026,TIGALAPANKAOS MANADO,KEMEJA MAMU,KEMEJA FORMAL OLIVE GREEN PJG M,0,2,0,0,86797,173594,173594
Sep-2026,TIGALAPANKAOS MANADO,KEMEJA MAMU,KEMEJA FORMAL OLIVE GREEN PJG M,0,2,0,0,86797,173594,173594
Okt-2026,TIGALAPANKAOS MANADO,KEMEJA MAMU,KEMEJA FORMAL OLIVE GREEN PJG M,0,2,0,0,86797,173594,173594
Jan-2026,TIGALAPANKAOS MANADO,KEMEJA MAMU,KEMEJA FORMAL OLIVE GREEN PJG XL,0,4,0,0,86797,347188,0
Feb-2026,TIGALAPANKAOS MANADO,KEMEJA MAMU,KEMEJA FORMAL OLIVE GREEN PJG XL,0,4,0,0,86797,347188,347188
Mar-2026,TIGALAPANKAOS MANADO,KEMEJA MAMU,KEMEJA FORMAL OLIVE GREEN PJG XL,0,4,0,0,86797,347188,347188
Apr-2026,TIGALAPANKAOS MANADO,KEMEJA MAMU,KEMEJA FORMAL OLIVE GREEN PJG XL,0,4,0,0,86797,347188,347188
Mei-2026,TIGALAPANKAOS MANADO,KEMEJA MAMU,KEMEJA FORMAL OLIVE GREEN PJG XL,0,4,0,0,86797,347188,347188
Jun-2026,TIGALAPANKAOS MANADO,KEMEJA MAMU,KEMEJA FORMAL OLIVE GREEN PJG XL,0,4,0,0,86797,347188,347188
Jul-2026,TIGALAPANKAOS MANADO,KEMEJA MAMU,KEMEJA FORMAL OLIVE GREEN PJG XL,0,4,0,0,86797,347188,347188
Agu-2026,TIGALAPANKAOS MANADO,KEMEJA MAMU,KEMEJA FORMAL OLIVE GREEN PJG XL,0,4,0,0,86797,347188,347188
Sep-2026,TIGALAPANKAOS MANADO,KEMEJA MAMU,KEMEJA FORMAL OLIVE GREEN PJG XL,0,4,0,0,86797,347188,347188
Okt-2026,TIGALAPANKAOS MANADO,KEMEJA MAMU,KEMEJA FORMAL OLIVE GREEN PJG XL,0,4,0,0,86797,347188,347188
Jan-2026,TIGALAPANKAOS MANADO,KEMEJA MAMU,KEMEJA FORMAL STEEL BLUE PDK L,0,2,0,0,73797,147594,0
Feb-2026,TIGALAPANKAOS MANADO,KEMEJA MAMU,KEMEJA FORMAL STEEL BLUE PDK L,73797,0,0,0,73797,0,147594
Mei-2026,TIGALAPANKAOS MANADO,KEMEJA MAMU,KEMEJA FORMAL STEEL BLUE PDK L,0,1,0,0,75397,75397,0
Jun-2026,TIGALAPANKAOS MANADO,KEMEJA MAMU,KEMEJA FORMAL STEEL BLUE PDK L,0,1,0,0,75397,75397,75397
Jul-2026,TIGALAPANKAOS MANADO,KEMEJA MAMU,KEMEJA FORMAL STEEL BLUE PDK L,73797,1,0,0,75397,75397,75397
Agu-2026,TIGALAPANKAOS MANADO,KEMEJA MAMU,KEMEJA FORMAL STEEL BLUE PDK L,0,0,0,0,75397,0,75397
Jan-2026,TIGALAPANKAOS MANADO,KEMEJA MAMU,KEMEJA FORMAL STEEL BLUE PDK M,73797,0,0,0,73797,0,0
Jan-2026,TIGALAPANKAOS MANADO,KEMEJA MAMU,KEMEJA FORMAL STEEL BLUE PDK XL,0,2,0,0,73797,147594,0
Feb-2026,TIGALAPANKAOS MANADO,KEMEJA MAMU,KEMEJA FORMAL STEEL BLUE PDK XL,0,2,0,0,75283,150566,147594
Mar-2026,TIGALAPANKAOS MANADO,KEMEJA MAMU,KEMEJA FORMAL STEEL BLUE PDK XL,73797,1,0,0,75283,75283,150566
Apr-2026,TIGALAPANKAOS MANADO,KEMEJA MAMU,KEMEJA FORMAL STEEL BLUE PDK XL,0,1,0,0,75283,75283,75283
Mei-2026,TIGALAPANKAOS MANADO,KEMEJA MAMU,KEMEJA FORMAL STEEL BLUE PDK XL,0,1,0,0,75283,75283,75283
Jun-2026,TIGALAPANKAOS MANADO,KEMEJA MAMU,KEMEJA FORMAL STEEL BLUE PDK XL,0,1,0,0,75283,75283,75283
Jul-2026,TIGALAPANKAOS MANADO,KEMEJA MAMU,KEMEJA FORMAL STEEL BLUE PDK XL,0,1,0,0,75283,75283,75283
Agu-2026,TIGALAPANKAOS MANADO,KEMEJA MAMU,KEMEJA FORMAL STEEL BLUE PDK XL,0,1,0,0,75283,75283,75283
Sep-2026,TIGALAPANKAOS MANADO,KEMEJA MAMU,KEMEJA FORMAL STEEL BLUE PDK XL,0,1,0,0,75283,75283,75283
Okt-2026,TIGALAPANKAOS MANADO,KEMEJA MAMU,KEMEJA FORMAL STEEL BLUE PDK XL,0,1,0,0,75283,75283,75283
Jan-2026,TIGALAPANKAOS MANADO,KEMEJA MAMU,KEMEJA FORMAL STEEL BLUE PJG 2XL,0,2,0,0,88053,176106,0
Feb-2026,TIGALAPANKAOS MANADO,KEMEJA MAMU,KEMEJA FORMAL STEEL BLUE PJG 2XL,0,2,0,0,88053,176106,176106
Mar-2026,TIGALAPANKAOS MANADO,KEMEJA MAMU,KEMEJA FORMAL STEEL BLUE PJG 2XL,0,2,0,0,88053,176106,176106
Apr-2026,TIGALAPANKAOS MANADO,KEMEJA MAMU,KEMEJA FORMAL STEEL BLUE PJG 2XL,0,2,0,0,88053,176106,176106
Mei-2026,TIGALAPANKAOS MANADO,KEMEJA MAMU,KEMEJA FORMAL STEEL BLUE PJG 2XL,0,2,0,0,88053,176106,176106
Jun-2026,TIGALAPANKAOS MANADO,KEMEJA MAMU,KEMEJA FORMAL STEEL BLUE PJG 2XL,0,2,0,0,88053,176106,176106
Jul-2026,TIGALAPANKAOS MANADO,KEMEJA MAMU,KEMEJA FORMAL STEEL BLUE PJG 2XL,0,2,0,0,88053,176106,176106
Agu-2026,TIGALAPANKAOS MANADO,KEMEJA MAMU,KEMEJA FORMAL STEEL BLUE PJG 2XL,0,2,0,0,88053,176106,176106
Sep-2026,TIGALAPANKAOS MANADO,KEMEJA MAMU,KEMEJA FORMAL STEEL BLUE PJG 2XL,0,2,0,0,88053,176106,176106
Okt-2026,TIGALAPANKAOS MANADO,KEMEJA MAMU,KEMEJA FORMAL STEEL BLUE PJG 2XL,0,2,0,0,88053,176106,176106
Jan-2026,TIGALAPANKAOS MANADO,KEMEJA MAMU,KEMEJA FORMAL STEEL BLUE PJG L,0,9,0,0,88053,792477,0
Feb-2026,TIGALAPANKAOS MANADO,KEMEJA MAMU,KEMEJA FORMAL STEEL BLUE PJG L,0,9,0,0,88053,792477,792477
Mar-2026,TIGALAPANKAOS MANADO,KEMEJA MAMU,KEMEJA FORMAL STEEL BLUE PJG L,0,9,0,0,87505,787545,792477
Apr-2026,TIGALAPANKAOS MANADO,KEMEJA MAMU,KEMEJA FORMAL STEEL BLUE PJG L,0,6,0,0,87505,525030,787545
Mei-2026,TIGALAPANKAOS MANADO,KEMEJA MAMU,KEMEJA FORMAL STEEL BLUE PJG L,0,6,0,0,87170,523020,525030
Jun-2026,TIGALAPANKAOS MANADO,KEMEJA MAMU,KEMEJA FORMAL STEEL BLUE PJG L,0,6,0,0,87170,523020,523020
Jul-2026,TIGALAPANKAOS MANADO,KEMEJA MAMU,KEMEJA FORMAL STEEL BLUE PJG L,0,9,0,0,87170,784530,523020
Agu-2026,TIGALAPANKAOS MANADO,KEMEJA MAMU,KEMEJA FORMAL STEEL BLUE PJG L,0,9,0,0,87170,784530,784530
Sep-2026,TIGALAPANKAOS MANADO,KEMEJA MAMU,KEMEJA FORMAL STEEL BLUE PJG L,0,9,0,0,87170,784530,784530
Okt-2026,TIGALAPANKAOS MANADO,KEMEJA MAMU,KEMEJA FORMAL STEEL BLUE PJG L,0,9,0,0,87170,784530,784530
Jan-2026,TIGALAPANKAOS MANADO,KEMEJA MAMU,KEMEJA FORMAL STEEL BLUE PJG M,0,2,0,0,88053,176106,0
Feb-2026,TIGALAPANKAOS MANADO,KEMEJA MAMU,KEMEJA FORMAL STEEL BLUE PJG M,0,2,0,0,88053,176106,176106
Mar-2026,TIGALAPANKAOS MANADO,KEMEJA MAMU,KEMEJA FORMAL STEEL BLUE PJG M,0,2,0,0,88053,176106,176106
Apr-2026,TIGALAPANKAOS MANADO,KEMEJA MAMU,KEMEJA FORMAL STEEL BLUE PJG M,0,2,0,0,88053,176106,176106
Mei-2026,TIGALAPANKAOS MANADO,KEMEJA MAMU,KEMEJA FORMAL STEEL BLUE PJG M,0,2,0,0,88053,176106,176106
Jun-2026,TIGALAPANKAOS MANADO,KEMEJA MAMU,KEMEJA FORMAL STEEL BLUE PJG M,0,2,0,0,88053,176106,176106
Jul-2026,TIGALAPANKAOS MANADO,KEMEJA MAMU,KEMEJA FORMAL STEEL BLUE PJG M,86797,2,0,0,88053,176106,176106
Agu-2026,TIGALAPANKAOS MANADO,KEMEJA MAMU,KEMEJA FORMAL STEEL BLUE PJG M,0,1,0,0,88053,88053,176106
Sep-2026,TIGALAPANKAOS MANADO,KEMEJA MAMU,KEMEJA FORMAL STEEL BLUE PJG M,0,1,0,0,88053,88053,88053
Okt-2026,TIGALAPANKAOS MANADO,KEMEJA MAMU,KEMEJA FORMAL STEEL BLUE PJG M,0,1,0,0,88053,88053,88053
Jan-2026,TIGALAPANKAOS MANADO,KEMEJA MAMU,KEMEJA FORMAL STEEL BLUE PJG S,0,2,0,0,88053,176106,0
Feb-2026,TIGALAPANKAOS MANADO,KEMEJA MAMU,KEMEJA FORMAL STEEL BLUE PJG S,0,2,0,0,88053,176106,176106
Mar-2026,TIGALAPANKAOS MANADO,KEMEJA MAMU,KEMEJA FORMAL STEEL BLUE PJG S,0,2,0,0,88053,176106,176106
Apr-2026,TIGALAPANKAOS MANADO,KEMEJA MAMU,KEMEJA FORMAL STEEL BLUE PJG S,0,2,0,0,88053,176106,176106
Mei-2026,TIGALAPANKAOS MANADO,KEMEJA MAMU,KEMEJA FORMAL STEEL BLUE PJG S,0,2,0,0,88053,176106,176106
Jun-2026,TIGALAPANKAOS MANADO,KEMEJA MAMU,KEMEJA FORMAL STEEL BLUE PJG S,0,2,0,0,88053,176106,176106
Jul-2026,TIGALAPANKAOS MANADO,KEMEJA MAMU,KEMEJA FORMAL STEEL BLUE PJG S,0,2,0,0,88053,176106,176106
Agu-2026,TIGALAPANKAOS MANADO,KEMEJA MAMU,KEMEJA FORMAL STEEL BLUE PJG S,0,2,0,0,88053,176106,176106
Sep-2026,TIGALAPANKAOS MANADO,KEMEJA MAMU,KEMEJA FORMAL STEEL BLUE PJG S,0,2,0,0,88053,176106,176106
Okt-2026,TIGALAPANKAOS MANADO,KEMEJA MAMU,KEMEJA FORMAL STEEL BLUE PJG S,0,2,0,0,88053,176106,176106
Jan-2026,TIGALAPANKAOS MANADO,KEMEJA MAMU,KEMEJA FORMAL STEEL BLUE PJG XL,0,5,0,0,88053,440265,0
Feb-2026,TIGALAPANKAOS MANADO,KEMEJA MAMU,KEMEJA FORMAL STEEL BLUE PJG XL,0,5,0,0,88053,440265,440265
Mar-2026,TIGALAPANKAOS MANADO,KEMEJA MAMU,KEMEJA FORMAL STEEL BLUE PJG XL,0,5,0,0,88053,440265,440265
Apr-2026,TIGALAPANKAOS MANADO,KEMEJA MAMU,KEMEJA FORMAL STEEL BLUE PJG XL,0,5,0,0,88053,440265,440265
Mei-2026,TIGALAPANKAOS MANADO,KEMEJA MAMU,KEMEJA FORMAL STEEL BLUE PJG XL,0,5,0,0,88053,440265,440265
Jun-2026,TIGALAPANKAOS MANADO,KEMEJA MAMU,KEMEJA FORMAL STEEL BLUE PJG XL,0,5,0,0,88053,440265,440265
Jul-2026,TIGALAPANKAOS MANADO,KEMEJA MAMU,KEMEJA FORMAL STEEL BLUE PJG XL,0,5,0,0,88053,440265,440265
Agu-2026,TIGALAPANKAOS MANADO,KEMEJA MAMU,KEMEJA FORMAL STEEL BLUE PJG XL,0,5,0,0,88053,440265,440265
Sep-2026,TIGALAPANKAOS MANADO,KEMEJA MAMU,KEMEJA FORMAL STEEL BLUE PJG XL,0,5,0,0,88053,440265,440265
Okt-2026,TIGALAPANKAOS MANADO,KEMEJA MAMU,KEMEJA FORMAL STEEL BLUE PJG XL,0,5,0,0,88053,440265,440265
Jan-2026,TIGALAPANKAOS MANADO,KEMEJA MAMU,KEMEJA FORMAL TOFFEE PDK 2XL,74214,0,0,0,75053,0,0
Jan-2026,TIGALAPANKAOS MANADO,KEMEJA MAMU,KEMEJA FORMAL TOFFEE PDK L,0,15,0,0,75053,1125795,0
Feb-2026,TIGALAPANKAOS MANADO,KEMEJA MAMU,KEMEJA FORMAL TOFFEE PDK L,0,15,0,0,75053,1125795,1125795
Mar-2026,TIGALAPANKAOS MANADO,KEMEJA MAMU,KEMEJA FORMAL TOFFEE PDK L,0,15,0,0,75053,1125795,1125795
Apr-2026,TIGALAPANKAOS MANADO,KEMEJA MAMU,KEMEJA FORMAL TOFFEE PDK L,0,15,0,0,75053,1125795,1125795
Mei-2026,TIGALAPANKAOS MANADO,KEMEJA MAMU,KEMEJA FORMAL TOFFEE PDK L,0,15,0,0,75053,1125795,1125795
Jun-2026,TIGALAPANKAOS MANADO,KEMEJA MAMU,KEMEJA FORMAL TOFFEE PDK L,0,15,0,0,75053,1125795,1125795
Jul-2026,TIGALAPANKAOS MANADO,KEMEJA MAMU,KEMEJA FORMAL TOFFEE PDK L,74214,15,0,0,75053,1125795,1125795
Agu-2026,TIGALAPANKAOS MANADO,KEMEJA MAMU,KEMEJA FORMAL TOFFEE PDK L,0,14,0,0,75053,1050742,1125795
Sep-2026,TIGALAPANKAOS MANADO,KEMEJA MAMU,KEMEJA FORMAL TOFFEE PDK L,74214,13,0,0,75053,975689,1050742
Okt-2026,TIGALAPANKAOS MANADO,KEMEJA MAMU,KEMEJA FORMAL TOFFEE PDK L,0,13,0,0,75053,975689,975689
Jan-2026,TIGALAPANKAOS MANADO,KEMEJA MAMU,KEMEJA FORMAL TOFFEE PDK M,0,5,0,0,74214,371070,0
Feb-2026,TIGALAPANKAOS MANADO,KEMEJA MAMU,KEMEJA FORMAL TOFFEE PDK M,0,5,0,0,74214,371070,371070
Mar-2026,TIGALAPANKAOS MANADO,KEMEJA MAMU,KEMEJA FORMAL TOFFEE PDK M,0,5,0,0,74214,371070,371070
Apr-2026,TIGALAPANKAOS MANADO,KEMEJA MAMU,KEMEJA FORMAL TOFFEE PDK M,74214,4,0,0,74214,296856,371070
Mei-2026,TIGALAPANKAOS MANADO,KEMEJA MAMU,KEMEJA FORMAL TOFFEE PDK M,0,4,0,0,74214,296856,296856
Jun-2026,TIGALAPANKAOS MANADO,KEMEJA MAMU,KEMEJA FORMAL TOFFEE PDK M,0,4,0,0,74214,296856,296856
Jul-2026,TIGALAPANKAOS MANADO,KEMEJA MAMU,KEMEJA FORMAL TOFFEE PDK M,0,4,0,0,74214,296856,296856
Agu-2026,TIGALAPANKAOS MANADO,KEMEJA MAMU,KEMEJA FORMAL TOFFEE PDK M,0,4,0,0,74214,296856,296856
Sep-2026,TIGALAPANKAOS MANADO,KEMEJA MAMU,KEMEJA FORMAL TOFFEE PDK M,0,4,0,0,74214,296856,296856
Okt-2026,TIGALAPANKAOS MANADO,KEMEJA MAMU,KEMEJA FORMAL TOFFEE PDK M,0,4,0,0,74214,296856,296856
Jan-2026,TIGALAPANKAOS MANADO,KEMEJA MAMU,KEMEJA FORMAL TOFFEE PDK S,74214,1,0,0,75053,75053,0
Feb-2026,TIGALAPANKAOS MANADO,KEMEJA MAMU,KEMEJA FORMAL TOFFEE PDK S,0,1,0,0,75053,75053,75053
Mar-2026,TIGALAPANKAOS MANADO,KEMEJA MAMU,KEMEJA FORMAL TOFFEE PDK S,0,1,0,0,75053,75053,75053
Apr-2026,TIGALAPANKAOS MANADO,KEMEJA MAMU,KEMEJA FORMAL TOFFEE PDK S,0,1,0,0,75053,75053,75053
Mei-2026,TIGALAPANKAOS MANADO,KEMEJA MAMU,KEMEJA FORMAL TOFFEE PDK S,0,1,0,0,75053,75053,75053
Jun-2026,TIGALAPANKAOS MANADO,KEMEJA MAMU,KEMEJA FORMAL TOFFEE PDK S,0,1,0,0,75053,75053,75053
Jul-2026,TIGALAPANKAOS MANADO,KEMEJA MAMU,KEMEJA FORMAL TOFFEE PDK S,0,1,0,0,75053,75053,75053
Agu-2026,TIGALAPANKAOS MANADO,KEMEJA MAMU,KEMEJA FORMAL TOFFEE PDK S,0,1,0,0,75053,75053,75053
Sep-2026,TIGALAPANKAOS MANADO,KEMEJA MAMU,KEMEJA FORMAL TOFFEE PDK S,0,1,0,0,75053,75053,75053
Okt-2026,TIGALAPANKAOS MANADO,KEMEJA MAMU,KEMEJA FORMAL TOFFEE PDK S,0,1,0,0,75053,75053,75053
Jan-2026,TIGALAPANKAOS MANADO,KEMEJA MAMU,KEMEJA FORMAL TOFFEE PDK XL,0,6,0,0,75053,450318,0
Feb-2026,TIGALAPANKAOS MANADO,KEMEJA MAMU,KEMEJA FORMAL TOFFEE PDK XL,0,6,0,0,75053,450318,450318
Mar-2026,TIGALAPANKAOS MANADO,KEMEJA MAMU,KEMEJA FORMAL TOFFEE PDK XL,0,6,0,0,75053,450318,450318
Apr-2026,TIGALAPANKAOS MANADO,KEMEJA MAMU,KEMEJA FORMAL TOFFEE PDK XL,0,6,0,0,75053,450318,450318
Mei-2026,TIGALAPANKAOS MANADO,KEMEJA MAMU,KEMEJA FORMAL TOFFEE PDK XL,0,6,0,0,75053,450318,450318
Jun-2026,TIGALAPANKAOS MANADO,KEMEJA MAMU,KEMEJA FORMAL TOFFEE PDK XL,74214,5,0,0,75053,375265,450318
Jul-2026,TIGALAPANKAOS MANADO,KEMEJA MAMU,KEMEJA FORMAL TOFFEE PDK XL,0,5,0,0,75053,375265,375265
Agu-2026,TIGALAPANKAOS MANADO,KEMEJA MAMU,KEMEJA FORMAL TOFFEE PDK XL,0,5,0,0,75053,375265,375265
Sep-2026,TIGALAPANKAOS MANADO,KEMEJA MAMU,KEMEJA FORMAL TOFFEE PDK XL,0,5,0,0,75053,375265,375265
Okt-2026,TIGALAPANKAOS MANADO,KEMEJA MAMU,KEMEJA FORMAL TOFFEE PDK XL,0,5,0,0,75053,375265,375265
Jan-2026,TIGALAPANKAOS MANADO,KEMEJA MAMU,KEMEJA FORMAL TOFFEE PJG 2XL,0,3,0,0,88053,264159,0
Feb-2026,TIGALAPANKAOS MANADO,KEMEJA MAMU,KEMEJA FORMAL TOFFEE PJG 2XL,0,3,0,0,88053,264159,264159
Mar-2026,TIGALAPANKAOS MANADO,KEMEJA MAMU,KEMEJA FORMAL TOFFEE PJG 2XL,0,3,0,0,88053,264159,264159
Apr-2026,TIGALAPANKAOS MANADO,KEMEJA MAMU,KEMEJA FORMAL TOFFEE PJG 2XL,0,3,0,0,88053,264159,264159
Mei-2026,TIGALAPANKAOS MANADO,KEMEJA MAMU,KEMEJA FORMAL TOFFEE PJG 2XL,0,3,0,0,88053,264159,264159
Jun-2026,TIGALAPANKAOS MANADO,KEMEJA MAMU,KEMEJA FORMAL TOFFEE PJG 2XL,0,3,0,0,88053,264159,264159
Jul-2026,TIGALAPANKAOS MANADO,KEMEJA MAMU,KEMEJA FORMAL TOFFEE PJG 2XL,0,3,0,0,88053,264159,264159
Agu-2026,TIGALAPANKAOS MANADO,KEMEJA MAMU,KEMEJA FORMAL TOFFEE PJG 2XL,0,3,0,0,88053,264159,264159
Sep-2026,TIGALAPANKAOS MANADO,KEMEJA MAMU,KEMEJA FORMAL TOFFEE PJG 2XL,0,3,0,0,88053,264159,264159
Okt-2026,TIGALAPANKAOS MANADO,KEMEJA MAMU,KEMEJA FORMAL TOFFEE PJG 2XL,0,3,0,0,88053,264159,264159
Jan-2026,TIGALAPANKAOS MANADO,KEMEJA MAMU,KEMEJA FORMAL TOFFEE PJG L,0,9,0,0,88053,792477,0
Feb-2026,TIGALAPANKAOS MANADO,KEMEJA MAMU,KEMEJA FORMAL TOFFEE PJG L,0,9,0,0,88053,792477,792477
Mar-2026,TIGALAPANKAOS MANADO,KEMEJA MAMU,KEMEJA FORMAL TOFFEE PJG L,0,9,0,0,88053,792477,792477
Apr-2026,TIGALAPANKAOS MANADO,KEMEJA MAMU,KEMEJA FORMAL TOFFEE PJG L,0,9,0,0,88053,792477,792477
Mei-2026,TIGALAPANKAOS MANADO,KEMEJA MAMU,KEMEJA FORMAL TOFFEE PJG L,0,9,0,0,88053,792477,792477
Jun-2026,TIGALAPANKAOS MANADO,KEMEJA MAMU,KEMEJA FORMAL TOFFEE PJG L,0,9,0,0,88053,792477,792477
Jul-2026,TIGALAPANKAOS MANADO,KEMEJA MAMU,KEMEJA FORMAL TOFFEE PJG L,0,9,0,0,88053,792477,792477
Agu-2026,TIGALAPANKAOS MANADO,KEMEJA MAMU,KEMEJA FORMAL TOFFEE PJG L,0,9,0,0,88053,792477,792477
Sep-2026,TIGALAPANKAOS MANADO,KEMEJA MAMU,KEMEJA FORMAL TOFFEE PJG L,176106,7,0,0,88053,616371,792477
Okt-2026,TIGALAPANKAOS MANADO,KEMEJA MAMU,KEMEJA FORMAL TOFFEE PJG L,0,7,0,0,88053,616371,616371
Jan-2026,TIGALAPANKAOS MANADO,KEMEJA MAMU,KEMEJA FORMAL TOFFEE PJG M,0,10,0,0,88053,880530,0
Feb-2026,TIGALAPANKAOS MANADO,KEMEJA MAMU,KEMEJA FORMAL TOFFEE PJG M,0,10,0,0,88053,880530,880530
Mar-2026,TIGALAPANKAOS MANADO,KEMEJA MAMU,KEMEJA FORMAL TOFFEE PJG M,0,10,0,0,88053,880530,880530
Apr-2026,TIGALAPANKAOS MANADO,KEMEJA MAMU,KEMEJA FORMAL TOFFEE PJG M,0,10,0,0,88053,880530,880530
Mei-2026,TIGALAPANKAOS MANADO,KEMEJA MAMU,KEMEJA FORMAL TOFFEE PJG M,0,10,0,0,88053,880530,880530
Jun-2026,TIGALAPANKAOS MANADO,KEMEJA MAMU,KEMEJA FORMAL TOFFEE PJG M,0,10,0,0,88053,880530,880530
Jul-2026,TIGALAPANKAOS MANADO,KEMEJA MAMU,KEMEJA FORMAL TOFFEE PJG M,0,10,0,0,88053,880530,880530
Agu-2026,TIGALAPANKAOS MANADO,KEMEJA MAMU,KEMEJA FORMAL TOFFEE PJG M,0,10,0,0,88053,880530,880530
Sep-2026,TIGALAPANKAOS MANADO,KEMEJA MAMU,KEMEJA FORMAL TOFFEE PJG M,0,10,0,0,88053,880530,880530
Okt-2026,TIGALAPANKAOS MANADO,KEMEJA MAMU,KEMEJA FORMAL TOFFEE PJG M,0,10,0,0,88053,880530,880530
Jan-2026,TIGALAPANKAOS MANADO,KEMEJA MAMU,KEMEJA FORMAL TOFFEE PJG S,87214,1,0,0,88053,88053,0
Feb-2026,TIGALAPANKAOS MANADO,KEMEJA MAMU,KEMEJA FORMAL TOFFEE PJG S,0,1,0,0,88053,88053,88053
Mar-2026,TIGALAPANKAOS MANADO,KEMEJA MAMU,KEMEJA FORMAL TOFFEE PJG S,0,1,0,0,88053,88053,88053
Apr-2026,TIGALAPANKAOS MANADO,KEMEJA MAMU,KEMEJA FORMAL TOFFEE PJG S,0,1,0,0,88053,88053,88053
Mei-2026,TIGALAPANKAOS MANADO,KEMEJA MAMU,KEMEJA FORMAL TOFFEE PJG S,0,1,0,0,88053,88053,88053
Jun-2026,TIGALAPANKAOS MANADO,KEMEJA MAMU,KEMEJA FORMAL TOFFEE PJG S,0,1,0,0,88053,88053,88053
Jul-2026,TIGALAPANKAOS MANADO,KEMEJA MAMU,KEMEJA FORMAL TOFFEE PJG S,0,1,0,0,88053,88053,88053
Agu-2026,TIGALAPANKAOS MANADO,KEMEJA MAMU,KEMEJA FORMAL TOFFEE PJG S,0,1,0,0,88053,88053,88053
Sep-2026,TIGALAPANKAOS MANADO,KEMEJA MAMU,KEMEJA FORMAL TOFFEE PJG S,0,1,0,0,88053,88053,88053
Okt-2026,TIGALAPANKAOS MANADO,KEMEJA MAMU,KEMEJA FORMAL TOFFEE PJG S,0,1,0,0,88053,88053,88053
Jan-2026,TIGALAPANKAOS MANADO,KEMEJA MAMU,KEMEJA FORMAL TOFFEE PJG XL,87214,5,0,0,88053,440265,0
Feb-2026,TIGALAPANKAOS MANADO,KEMEJA MAMU,KEMEJA FORMAL TOFFEE PJG XL,0,5,0,0,88053,440265,440265
Mar-2026,TIGALAPANKAOS MANADO,KEMEJA MAMU,KEMEJA FORMAL TOFFEE PJG XL,87214,4,0,0,88053,352212,440265
Apr-2026,TIGALAPANKAOS MANADO,KEMEJA MAMU,KEMEJA FORMAL TOFFEE PJG XL,0,4,0,0,88053,352212,352212
Mei-2026,TIGALAPANKAOS MANADO,KEMEJA MAMU,KEMEJA FORMAL TOFFEE PJG XL,0,4,0,0,88053,352212,352212
Jun-2026,TIGALAPANKAOS MANADO,KEMEJA MAMU,KEMEJA FORMAL TOFFEE PJG XL,0,4,0,0,88053,352212,352212
Jul-2026,TIGALAPANKAOS MANADO,KEMEJA MAMU,KEMEJA FORMAL TOFFEE PJG XL,0,4,0,0,88053,352212,352212
Agu-2026,TIGALAPANKAOS MANADO,KEMEJA MAMU,KEMEJA FORMAL TOFFEE PJG XL,0,4,0,0,88053,352212,352212
Sep-2026,TIGALAPANKAOS MANADO,KEMEJA MAMU,KEMEJA FORMAL TOFFEE PJG XL,87214,3,0,0,88053,264159,352212
Okt-2026,TIGALAPANKAOS MANADO,KEMEJA MAMU,KEMEJA FORMAL TOFFEE PJG XL,0,3,0,0,88053,264159,264159
Agu-2026,TIGALAPANKAOS MANADO,KEMEJA MAMU,KEMEJA SHANGHAI COKLAT TUA PJG L,85971,2,0,0,189000,378000,0
Sep-2026,TIGALAPANKAOS MANADO,KEMEJA MAMU,KEMEJA SHANGHAI COKLAT TUA PJG L,85971,1,0,0,189000,189000,378000
Okt-2026,TIGALAPANKAOS MANADO,KEMEJA MAMU,KEMEJA SHANGHAI COKLAT TUA PJG L,0,1,0,0,189000,189000,189000
Agu-2026,TIGALAPANKAOS MANADO,KEMEJA MAMU,KEMEJA SHANGHAI COKLAT TUA PJG M,0,3,0,0,189000,567000,0
Sep-2026,TIGALAPANKAOS MANADO,KEMEJA MAMU,KEMEJA SHANGHAI COKLAT TUA PJG M,0,3,0,0,189000,567000,567000
Okt-2026,TIGALAPANKAOS MANADO,KEMEJA MAMU,KEMEJA SHANGHAI COKLAT TUA PJG M,0,3,0,0,189000,567000,567000
Agu-2026,TIGALAPANKAOS MANADO,KEMEJA MAMU,KEMEJA SHANGHAI COKLAT TUA PJG XL,0,3,0,0,189000,567000,0
Sep-2026,TIGALAPANKAOS MANADO,KEMEJA MAMU,KEMEJA SHANGHAI COKLAT TUA PJG XL,0,3,0,0,189000,567000,567000
Okt-2026,TIGALAPANKAOS MANADO,KEMEJA MAMU,KEMEJA SHANGHAI COKLAT TUA PJG XL,0,3,0,0,189000,567000,567000
Jan-2026,TIGALAPANKAOS MANADO,KEMEJA MAMU,KEMEJA SHANGHAI HITAM PDK 2XL,0,2,0,0,74214,148428,0
Feb-2026,TIGALAPANKAOS MANADO,KEMEJA MAMU,KEMEJA SHANGHAI HITAM PDK 2XL,0,2,0,0,74214,148428,148428
Mar-2026,TIGALAPANKAOS MANADO,KEMEJA MAMU,KEMEJA SHANGHAI HITAM PDK 2XL,0,2,0,0,74214,148428,148428
Apr-2026,TIGALAPANKAOS MANADO,KEMEJA MAMU,KEMEJA SHANGHAI HITAM PDK 2XL,74214,1,0,0,72997,72997,148428
Mei-2026,TIGALAPANKAOS MANADO,KEMEJA MAMU,KEMEJA SHANGHAI HITAM PDK 2XL,0,0,0,0,72997,0,72997
Jan-2026,TIGALAPANKAOS MANADO,KEMEJA MAMU,KEMEJA SHANGHAI HITAM PDK L,0,6,0,0,74214,445284,0
Feb-2026,TIGALAPANKAOS MANADO,KEMEJA MAMU,KEMEJA SHANGHAI HITAM PDK L,0,6,0,0,74214,445284,445284
Mar-2026,TIGALAPANKAOS MANADO,KEMEJA MAMU,KEMEJA SHANGHAI HITAM PDK L,0,5,0,0,74214,371070,445284
Apr-2026,TIGALAPANKAOS MANADO,KEMEJA MAMU,KEMEJA SHANGHAI HITAM PDK L,0,5,0,0,72925,364625,371070
Mei-2026,TIGALAPANKAOS MANADO,KEMEJA MAMU,KEMEJA SHANGHAI HITAM PDK L,0,4,0,0,72966,291864,364625
Jun-2026,TIGALAPANKAOS MANADO,KEMEJA MAMU,KEMEJA SHANGHAI HITAM PDK L,0,5,0,0,72966,364830,291864
Jul-2026,TIGALAPANKAOS MANADO,KEMEJA MAMU,KEMEJA SHANGHAI HITAM PDK L,0,5,0,0,72966,364830,364830
Agu-2026,TIGALAPANKAOS MANADO,KEMEJA MAMU,KEMEJA SHANGHAI HITAM PDK L,0,5,0,0,72966,364830,364830
Sep-2026,TIGALAPANKAOS MANADO,KEMEJA MAMU,KEMEJA SHANGHAI HITAM PDK L,0,5,0,0,72966,364830,364830
Okt-2026,TIGALAPANKAOS MANADO,KEMEJA MAMU,KEMEJA SHANGHAI HITAM PDK L,0,5,0,0,72966,364830,364830
Jan-2026,TIGALAPANKAOS MANADO,KEMEJA MAMU,KEMEJA SHANGHAI HITAM PDK M,0,3,0,0,74214,222642,0
Feb-2026,TIGALAPANKAOS MANADO,KEMEJA MAMU,KEMEJA SHANGHAI HITAM PDK M,0,3,0,0,74214,222642,222642
Mar-2026,TIGALAPANKAOS MANADO,KEMEJA MAMU,KEMEJA SHANGHAI HITAM PDK M,0,3,0,0,74214,222642,222642
Apr-2026,TIGALAPANKAOS MANADO,KEMEJA MAMU,KEMEJA SHANGHAI HITAM PDK M,0,3,0,0,72941,218823,222642
Mei-2026,TIGALAPANKAOS MANADO,KEMEJA MAMU,KEMEJA SHANGHAI HITAM PDK M,0,3,0,0,72949,218847,218823
Jun-2026,TIGALAPANKAOS MANADO,KEMEJA MAMU,KEMEJA SHANGHAI HITAM PDK M,0,3,0,0,72949,218847,218847
Jul-2026,TIGALAPANKAOS MANADO,KEMEJA MAMU,KEMEJA SHANGHAI HITAM PDK M,0,3,0,0,72949,218847,218847
Agu-2026,TIGALAPANKAOS MANADO,KEMEJA MAMU,KEMEJA SHANGHAI HITAM PDK M,0,3,0,0,72949,218847,218847
Sep-2026,TIGALAPANKAOS MANADO,KEMEJA MAMU,KEMEJA SHANGHAI HITAM PDK M,0,3,0,0,72949,218847,218847
Okt-2026,TIGALAPANKAOS MANADO,KEMEJA MAMU,KEMEJA SHANGHAI HITAM PDK M,0,3,0,0,72949,218847,218847
Jan-2026,TIGALAPANKAOS MANADO,KEMEJA MAMU,KEMEJA SHANGHAI HITAM PDK XL,0,4,0,0,74214,296856,0
Feb-2026,TIGALAPANKAOS MANADO,KEMEJA MAMU,KEMEJA SHANGHAI HITAM PDK XL,0,4,0,0,74214,296856,296856
Mar-2026,TIGALAPANKAOS MANADO,KEMEJA MAMU,KEMEJA SHANGHAI HITAM PDK XL,148428,2,0,0,74214,148428,296856
Apr-2026,TIGALAPANKAOS MANADO,KEMEJA MAMU,KEMEJA SHANGHAI HITAM PDK XL,74214,1,0,0,72921,72921,148428
Mei-2026,TIGALAPANKAOS MANADO,KEMEJA MAMU,KEMEJA SHANGHAI HITAM PDK XL,0,1,0,0,72940,72940,72921
Jun-2026,TIGALAPANKAOS MANADO,KEMEJA MAMU,KEMEJA SHANGHAI HITAM PDK XL,0,2,0,0,72940,145880,72940
Jul-2026,TIGALAPANKAOS MANADO,KEMEJA MAMU,KEMEJA SHANGHAI HITAM PDK XL,0,2,0,0,72940,145880,145880
Agu-2026,TIGALAPANKAOS MANADO,KEMEJA MAMU,KEMEJA SHANGHAI HITAM PDK XL,0,2,0,0,72940,145880,145880
Sep-2026,TIGALAPANKAOS MANADO,KEMEJA MAMU,KEMEJA SHANGHAI HITAM PDK XL,0,2,0,0,72940,145880,145880
Okt-2026,TIGALAPANKAOS MANADO,KEMEJA MAMU,KEMEJA SHANGHAI HITAM PDK XL,0,2,0,0,72940,145880,145880
Jan-2026,TIGALAPANKAOS MANADO,KEMEJA MAMU,KEMEJA SHANGHAI HITAM PJG 2XL,0,1,0,0,88053,88053,0
Feb-2026,TIGALAPANKAOS MANADO,KEMEJA MAMU,KEMEJA SHANGHAI HITAM PJG 2XL,87214,0,0,0,88053,0,88053
Jan-2026,TIGALAPANKAOS MANADO,KEMEJA MAMU,KEMEJA SHANGHAI HITAM PJG L,0,9,0,0,88053,792477,0
Feb-2026,TIGALAPANKAOS MANADO,KEMEJA MAMU,KEMEJA SHANGHAI HITAM PJG L,0,9,0,0,88053,792477,792477
Mar-2026,TIGALAPANKAOS MANADO,KEMEJA MAMU,KEMEJA SHANGHAI HITAM PJG L,0,9,0,0,88053,792477,792477
Apr-2026,TIGALAPANKAOS MANADO,KEMEJA MAMU,KEMEJA SHANGHAI HITAM PJG L,87214,8,0,0,85943,687544,792477
Mei-2026,TIGALAPANKAOS MANADO,KEMEJA MAMU,KEMEJA SHANGHAI HITAM PJG L,0,9,0,0,85943,773487,687544
Jun-2026,TIGALAPANKAOS MANADO,KEMEJA MAMU,KEMEJA SHANGHAI HITAM PJG L,0,8,0,0,85943,687544,773487
Jul-2026,TIGALAPANKAOS MANADO,KEMEJA MAMU,KEMEJA SHANGHAI HITAM PJG L,0,8,0,0,85943,687544,687544
Agu-2026,TIGALAPANKAOS MANADO,KEMEJA MAMU,KEMEJA SHANGHAI HITAM PJG L,0,8,0,0,85943,687544,687544
Sep-2026,TIGALAPANKAOS MANADO,KEMEJA MAMU,KEMEJA SHANGHAI HITAM PJG L,0,8,0,0,85943,687544,687544
Okt-2026,TIGALAPANKAOS MANADO,KEMEJA MAMU,KEMEJA SHANGHAI HITAM PJG L,0,8,0,0,85943,687544,687544
Jan-2026,TIGALAPANKAOS MANADO,KEMEJA MAMU,KEMEJA SHANGHAI HITAM PJG M,0,6,0,0,88053,528318,0
Feb-2026,TIGALAPANKAOS MANADO,KEMEJA MAMU,KEMEJA SHANGHAI HITAM PJG M,0,6,0,0,88053,528318,528318
Mar-2026,TIGALAPANKAOS MANADO,KEMEJA MAMU,KEMEJA SHANGHAI HITAM PJG M,0,6,0,0,88053,528318,528318
Apr-2026,TIGALAPANKAOS MANADO,KEMEJA MAMU,KEMEJA SHANGHAI HITAM PJG M,0,6,0,0,85943,515658,528318
Mei-2026,TIGALAPANKAOS MANADO,KEMEJA MAMU,KEMEJA SHANGHAI HITAM PJG M,87214,5,0,0,85943,429715,515658
Jun-2026,TIGALAPANKAOS MANADO,KEMEJA MAMU,KEMEJA SHANGHAI HITAM PJG M,0,4,0,0,85943,343772,429715
Jul-2026,TIGALAPANKAOS MANADO,KEMEJA MAMU,KEMEJA SHANGHAI HITAM PJG M,0,4,0,0,85943,343772,343772
Agu-2026,TIGALAPANKAOS MANADO,KEMEJA MAMU,KEMEJA SHANGHAI HITAM PJG M,0,4,0,0,85943,343772,343772
Sep-2026,TIGALAPANKAOS MANADO,KEMEJA MAMU,KEMEJA SHANGHAI HITAM PJG M,0,4,0,0,85943,343772,343772
Okt-2026,TIGALAPANKAOS MANADO,KEMEJA MAMU,KEMEJA SHANGHAI HITAM PJG M,0,4,0,0,85943,343772,343772
Jan-2026,TIGALAPANKAOS MANADO,KEMEJA MAMU,KEMEJA SHANGHAI HITAM PJG S,0,1,0,0,88053,88053,0
Feb-2026,TIGALAPANKAOS MANADO,KEMEJA MAMU,KEMEJA SHANGHAI HITAM PJG S,0,1,0,0,88053,88053,88053
Mar-2026,TIGALAPANKAOS MANADO,KEMEJA MAMU,KEMEJA SHANGHAI HITAM PJG S,0,1,0,0,88053,88053,88053
Apr-2026,TIGALAPANKAOS MANADO,KEMEJA MAMU,KEMEJA SHANGHAI HITAM PJG S,0,1,0,0,85997,85997,88053
Mei-2026,TIGALAPANKAOS MANADO,KEMEJA MAMU,KEMEJA SHANGHAI HITAM PJG S,0,1,0,0,85997,85997,85997
Jun-2026,TIGALAPANKAOS MANADO,KEMEJA MAMU,KEMEJA SHANGHAI HITAM PJG S,0,1,0,0,85997,85997,85997
Jul-2026,TIGALAPANKAOS MANADO,KEMEJA MAMU,KEMEJA SHANGHAI HITAM PJG S,0,1,0,0,85997,85997,85997
Agu-2026,TIGALAPANKAOS MANADO,KEMEJA MAMU,KEMEJA SHANGHAI HITAM PJG S,0,1,0,0,85997,85997,85997
Sep-2026,TIGALAPANKAOS MANADO,KEMEJA MAMU,KEMEJA SHANGHAI HITAM PJG S,0,1,0,0,85997,85997,85997
Okt-2026,TIGALAPANKAOS MANADO,KEMEJA MAMU,KEMEJA SHANGHAI HITAM PJG S,87214,0,0,0,88053,0,85997
Jan-2026,TIGALAPANKAOS MANADO,KEMEJA MAMU,KEMEJA SHANGHAI HITAM PJG XL,0,6,0,0,88053,528318,0
Feb-2026,TIGALAPANKAOS MANADO,KEMEJA MAMU,KEMEJA SHANGHAI HITAM PJG XL,0,5,0,0,88053,440265,528318
Mar-2026,TIGALAPANKAOS MANADO,KEMEJA MAMU,KEMEJA SHANGHAI HITAM PJG XL,87214,4,0,0,88053,352212,440265
Apr-2026,TIGALAPANKAOS MANADO,KEMEJA MAMU,KEMEJA SHANGHAI HITAM PJG XL,87214,2,0,0,85939,171878,352212
Mei-2026,TIGALAPANKAOS MANADO,KEMEJA MAMU,KEMEJA SHANGHAI HITAM PJG XL,0,3,0,0,85957,257871,171878
Jun-2026,TIGALAPANKAOS MANADO,KEMEJA MAMU,KEMEJA SHANGHAI HITAM PJG XL,0,2,0,0,85957,171914,257871
Jul-2026,TIGALAPANKAOS MANADO,KEMEJA MAMU,KEMEJA SHANGHAI HITAM PJG XL,0,2,0,0,85957,171914,171914
Agu-2026,TIGALAPANKAOS MANADO,KEMEJA MAMU,KEMEJA SHANGHAI HITAM PJG XL,0,5,0,0,85957,429785,171914
Sep-2026,TIGALAPANKAOS MANADO,KEMEJA MAMU,KEMEJA SHANGHAI HITAM PJG XL,0,5,0,0,85957,429785,429785
Okt-2026,TIGALAPANKAOS MANADO,KEMEJA MAMU,KEMEJA SHANGHAI HITAM PJG XL,0,5,0,0,85957,429785,429785
Mei-2026,TIGALAPANKAOS MANADO,KEMEJA MAMU,KEMEJA SHANGHAI TOFFEE PDK 2XL,0,1,0,0,72997,72997,0
Jun-2026,TIGALAPANKAOS MANADO,KEMEJA MAMU,KEMEJA SHANGHAI TOFFEE PDK 2XL,0,1,0,0,72997,72997,72997
Jul-2026,TIGALAPANKAOS MANADO,KEMEJA MAMU,KEMEJA SHANGHAI TOFFEE PDK 2XL,0,1,0,0,72997,72997,72997
Agu-2026,TIGALAPANKAOS MANADO,KEMEJA MAMU,KEMEJA SHANGHAI TOFFEE PDK 2XL,0,1,0,0,72997,72997,72997
Sep-2026,TIGALAPANKAOS MANADO,KEMEJA MAMU,KEMEJA SHANGHAI TOFFEE PDK 2XL,0,1,0,0,72997,72997,72997
Okt-2026,TIGALAPANKAOS MANADO,KEMEJA MAMU,KEMEJA SHANGHAI TOFFEE PDK 2XL,0,1,0,0,72997,72997,72997
Jan-2026,TIGALAPANKAOS MANADO,KEMEJA MAMU,KEMEJA SHANGHAI TOFFEE PDK L,0,7,0,0,74214,519498,0
Feb-2026,TIGALAPANKAOS MANADO,KEMEJA MAMU,KEMEJA SHANGHAI TOFFEE PDK L,148428,5,0,0,74214,371070,519498
Mar-2026,TIGALAPANKAOS MANADO,KEMEJA MAMU,KEMEJA SHANGHAI TOFFEE PDK L,74214,4,0,0,74214,296856,371070
Apr-2026,TIGALAPANKAOS MANADO,KEMEJA MAMU,KEMEJA SHANGHAI TOFFEE PDK L,0,4,0,0,72961,291844,296856
Mei-2026,TIGALAPANKAOS MANADO,KEMEJA MAMU,KEMEJA SHANGHAI TOFFEE PDK L,0,3,0,0,72956,218868,291844
Jun-2026,TIGALAPANKAOS MANADO,KEMEJA MAMU,KEMEJA SHANGHAI TOFFEE PDK L,0,3,0,0,72956,218868,218868
Jul-2026,TIGALAPANKAOS MANADO,KEMEJA MAMU,KEMEJA SHANGHAI TOFFEE PDK L,0,3,0,0,72956,218868,218868
Agu-2026,TIGALAPANKAOS MANADO,KEMEJA MAMU,KEMEJA SHANGHAI TOFFEE PDK L,0,3,0,0,72956,218868,218868
Sep-2026,TIGALAPANKAOS MANADO,KEMEJA MAMU,KEMEJA SHANGHAI TOFFEE PDK L,0,3,0,0,72956,218868,218868
Okt-2026,TIGALAPANKAOS MANADO,KEMEJA MAMU,KEMEJA SHANGHAI TOFFEE PDK L,0,3,0,0,72956,218868,218868
Jan-2026,TIGALAPANKAOS MANADO,KEMEJA MAMU,KEMEJA SHANGHAI TOFFEE PDK M,74214,4,0,0,74214,296856,0
Feb-2026,TIGALAPANKAOS MANADO,KEMEJA MAMU,KEMEJA SHANGHAI TOFFEE PDK M,0,4,0,0,74214,296856,296856
Mar-2026,TIGALAPANKAOS MANADO,KEMEJA MAMU,KEMEJA SHANGHAI TOFFEE PDK M,148428,2,0,0,74214,148428,296856
Apr-2026,TIGALAPANKAOS MANADO,KEMEJA MAMU,KEMEJA SHANGHAI TOFFEE PDK M,0,2,0,0,72961,145922,148428
Mei-2026,TIGALAPANKAOS MANADO,KEMEJA MAMU,KEMEJA SHANGHAI TOFFEE PDK M,0,2,0,0,72958,145916,145922
Jun-2026,TIGALAPANKAOS MANADO,KEMEJA MAMU,KEMEJA SHANGHAI TOFFEE PDK M,0,2,0,0,72958,145916,145916
Jul-2026,TIGALAPANKAOS MANADO,KEMEJA MAMU,KEMEJA SHANGHAI TOFFEE PDK M,0,2,0,0,72958,145916,145916
Agu-2026,TIGALAPANKAOS MANADO,KEMEJA MAMU,KEMEJA SHANGHAI TOFFEE PDK M,0,2,0,0,72958,145916,145916
Sep-2026,TIGALAPANKAOS MANADO,KEMEJA MAMU,KEMEJA SHANGHAI TOFFEE PDK M,0,2,0,0,72958,145916,145916
Okt-2026,TIGALAPANKAOS MANADO,KEMEJA MAMU,KEMEJA SHANGHAI TOFFEE PDK M,0,2,0,0,72958,145916,145916
Mei-2026,TIGALAPANKAOS MANADO,KEMEJA MAMU,KEMEJA SHANGHAI TOFFEE PDK S,0,1,0,0,72997,72997,0
Jun-2026,TIGALAPANKAOS MANADO,KEMEJA MAMU,KEMEJA SHANGHAI TOFFEE PDK S,0,1,0,0,72997,72997,72997
Jul-2026,TIGALAPANKAOS MANADO,KEMEJA MAMU,KEMEJA SHANGHAI TOFFEE PDK S,0,1,0,0,72997,72997,72997
Agu-2026,TIGALAPANKAOS MANADO,KEMEJA MAMU,KEMEJA SHANGHAI TOFFEE PDK S,0,1,0,0,72997,72997,72997
Sep-2026,TIGALAPANKAOS MANADO,KEMEJA MAMU,KEMEJA SHANGHAI TOFFEE PDK S,0,1,0,0,72997,72997,72997
Okt-2026,TIGALAPANKAOS MANADO,KEMEJA MAMU,KEMEJA SHANGHAI TOFFEE PDK S,0,1,0,0,72997,72997,72997
Jan-2026,TIGALAPANKAOS MANADO,KEMEJA MAMU,KEMEJA SHANGHAI TOFFEE PDK XL,0,5,0,0,74214,371070,0
Feb-2026,TIGALAPANKAOS MANADO,KEMEJA MAMU,KEMEJA SHANGHAI TOFFEE PDK XL,0,5,0,0,74214,371070,371070
Mar-2026,TIGALAPANKAOS MANADO,KEMEJA MAMU,KEMEJA SHANGHAI TOFFEE PDK XL,74214,4,0,0,74214,296856,371070
Apr-2026,TIGALAPANKAOS MANADO,KEMEJA MAMU,KEMEJA SHANGHAI TOFFEE PDK XL,0,4,0,0,72963,291852,296856
Mei-2026,TIGALAPANKAOS MANADO,KEMEJA MAMU,KEMEJA SHANGHAI TOFFEE PDK XL,0,4,0,0,72960,291840,291852
Jun-2026,TIGALAPANKAOS MANADO,KEMEJA MAMU,KEMEJA SHANGHAI TOFFEE PDK XL,0,4,0,0,72960,291840,291840
Jul-2026,TIGALAPANKAOS MANADO,KEMEJA MAMU,KEMEJA SHANGHAI TOFFEE PDK XL,0,4,0,0,72960,291840,291840
Agu-2026,TIGALAPANKAOS MANADO,KEMEJA MAMU,KEMEJA SHANGHAI TOFFEE PDK XL,0,4,0,0,72960,291840,291840
Sep-2026,TIGALAPANKAOS MANADO,KEMEJA MAMU,KEMEJA SHANGHAI TOFFEE PDK XL,0,4,0,0,72960,291840,291840
Okt-2026,TIGALAPANKAOS MANADO,KEMEJA MAMU,KEMEJA SHANGHAI TOFFEE PDK XL,0,4,0,0,72960,291840,291840
Jan-2026,TIGALAPANKAOS MANADO,KEMEJA MAMU,KEMEJA SHANGHAI TOFFEE PJG 2XL,87214,1,0,0,87214,87214,0
Feb-2026,TIGALAPANKAOS MANADO,KEMEJA MAMU,KEMEJA SHANGHAI TOFFEE PJG 2XL,0,1,0,0,87214,87214,87214
Mar-2026,TIGALAPANKAOS MANADO,KEMEJA MAMU,KEMEJA SHANGHAI TOFFEE PJG 2XL,0,1,0,0,87214,87214,87214
Apr-2026,TIGALAPANKAOS MANADO,KEMEJA MAMU,KEMEJA SHANGHAI TOFFEE PJG 2XL,0,1,0,0,85997,85997,87214
Mei-2026,TIGALAPANKAOS MANADO,KEMEJA MAMU,KEMEJA SHANGHAI TOFFEE PJG 2XL,0,2,0,0,85997,171994,85997
Jun-2026,TIGALAPANKAOS MANADO,KEMEJA MAMU,KEMEJA SHANGHAI TOFFEE PJG 2XL,0,2,0,0,85997,171994,171994
Jul-2026,TIGALAPANKAOS MANADO,KEMEJA MAMU,KEMEJA SHANGHAI TOFFEE PJG 2XL,0,2,0,0,85997,171994,171994
Agu-2026,TIGALAPANKAOS MANADO,KEMEJA MAMU,KEMEJA SHANGHAI TOFFEE PJG 2XL,0,2,0,0,85997,171994,171994
Sep-2026,TIGALAPANKAOS MANADO,KEMEJA MAMU,KEMEJA SHANGHAI TOFFEE PJG 2XL,0,2,0,0,85997,171994,171994
Okt-2026,TIGALAPANKAOS MANADO,KEMEJA MAMU,KEMEJA SHANGHAI TOFFEE PJG 2XL,0,2,0,0,85997,171994,171994
Jan-2026,TIGALAPANKAOS MANADO,KEMEJA MAMU,KEMEJA SHANGHAI TOFFEE PJG L,0,9,0,0,87214,784926,0
Feb-2026,TIGALAPANKAOS MANADO,KEMEJA MAMU,KEMEJA SHANGHAI TOFFEE PJG L,0,9,0,0,87214,784926,784926
Mar-2026,TIGALAPANKAOS MANADO,KEMEJA MAMU,KEMEJA SHANGHAI TOFFEE PJG L,0,9,0,0,87214,784926,784926
Apr-2026,TIGALAPANKAOS MANADO,KEMEJA MAMU,KEMEJA SHANGHAI TOFFEE PJG L,0,9,0,0,85953,773577,784926
Mei-2026,TIGALAPANKAOS MANADO,KEMEJA MAMU,KEMEJA SHANGHAI TOFFEE PJG L,0,9,0,0,85953,773577,773577
Jun-2026,TIGALAPANKAOS MANADO,KEMEJA MAMU,KEMEJA SHANGHAI TOFFEE PJG L,0,9,0,0,85953,773577,773577
Jul-2026,TIGALAPANKAOS MANADO,KEMEJA MAMU,KEMEJA SHANGHAI TOFFEE PJG L,0,9,0,0,85953,773577,773577
Agu-2026,TIGALAPANKAOS MANADO,KEMEJA MAMU,KEMEJA SHANGHAI TOFFEE PJG L,0,9,0,0,85953,773577,773577
Sep-2026,TIGALAPANKAOS MANADO,KEMEJA MAMU,KEMEJA SHANGHAI TOFFEE PJG L,0,9,0,0,85953,773577,773577
Okt-2026,TIGALAPANKAOS MANADO,KEMEJA MAMU,KEMEJA SHANGHAI TOFFEE PJG L,0,9,0,0,85953,773577,773577
Jan-2026,TIGALAPANKAOS MANADO,KEMEJA MAMU,KEMEJA SHANGHAI TOFFEE PJG M,0,8,0,0,87214,697712,0
Feb-2026,TIGALAPANKAOS MANADO,KEMEJA MAMU,KEMEJA SHANGHAI TOFFEE PJG M,0,8,0,0,87214,697712,697712
Mar-2026,TIGALAPANKAOS MANADO,KEMEJA MAMU,KEMEJA SHANGHAI TOFFEE PJG M,0,7,0,0,87214,610498,697712
Apr-2026,TIGALAPANKAOS MANADO,KEMEJA MAMU,KEMEJA SHANGHAI TOFFEE PJG M,0,6,0,0,85957,515742,610498
Mei-2026,TIGALAPANKAOS MANADO,KEMEJA MAMU,KEMEJA SHANGHAI TOFFEE PJG M,87214,5,0,0,86007,430035,515742
Jun-2026,TIGALAPANKAOS MANADO,KEMEJA MAMU,KEMEJA SHANGHAI TOFFEE PJG M,0,6,0,0,86007,516042,430035
Jul-2026,TIGALAPANKAOS MANADO,KEMEJA MAMU,KEMEJA SHANGHAI TOFFEE PJG M,0,6,0,0,86007,516042,516042
Agu-2026,TIGALAPANKAOS MANADO,KEMEJA MAMU,KEMEJA SHANGHAI TOFFEE PJG M,0,6,0,0,86007,516042,516042
Sep-2026,TIGALAPANKAOS MANADO,KEMEJA MAMU,KEMEJA SHANGHAI TOFFEE PJG M,0,6,0,0,86007,516042,516042
Okt-2026,TIGALAPANKAOS MANADO,KEMEJA MAMU,KEMEJA SHANGHAI TOFFEE PJG M,0,6,0,0,86007,516042,516042
Jan-2026,TIGALAPANKAOS MANADO,KEMEJA MAMU,KEMEJA SHANGHAI TOFFEE PJG XL,0,5,0,0,87214,436070,0
Feb-2026,TIGALAPANKAOS MANADO,KEMEJA MAMU,KEMEJA SHANGHAI TOFFEE PJG XL,0,5,0,0,87214,436070,436070
Mar-2026,TIGALAPANKAOS MANADO,KEMEJA MAMU,KEMEJA SHANGHAI TOFFEE PJG XL,0,5,0,0,87214,436070,436070
Apr-2026,TIGALAPANKAOS MANADO,KEMEJA MAMU,KEMEJA SHANGHAI TOFFEE PJG XL,0,5,0,0,85955,429775,436070
Mei-2026,TIGALAPANKAOS MANADO,KEMEJA MAMU,KEMEJA SHANGHAI TOFFEE PJG XL,0,5,0,0,85955,429775,429775
Jun-2026,TIGALAPANKAOS MANADO,KEMEJA MAMU,KEMEJA SHANGHAI TOFFEE PJG XL,0,5,0,0,85955,429775,429775
Jul-2026,TIGALAPANKAOS MANADO,KEMEJA MAMU,KEMEJA SHANGHAI TOFFEE PJG XL,0,5,0,0,85955,429775,429775
Agu-2026,TIGALAPANKAOS MANADO,KEMEJA MAMU,KEMEJA SHANGHAI TOFFEE PJG XL,0,5,0,0,85955,429775,429775
Sep-2026,TIGALAPANKAOS MANADO,KEMEJA MAMU,KEMEJA SHANGHAI TOFFEE PJG XL,0,5,0,0,85955,429775,429775
Okt-2026,TIGALAPANKAOS MANADO,KEMEJA MAMU,KEMEJA SHANGHAI TOFFEE PJG XL,0,5,0,0,85955,429775,429775
Jan-2026,TIGALAPANKAOS PALU,KEMEJA MAMU,KEMEJA FORMAL ABU TUA PDK L,0,4,0,0,75170,300680,0
Feb-2026,TIGALAPANKAOS PALU,KEMEJA MAMU,KEMEJA FORMAL ABU TUA PDK L,75170,3,0,0,75170,225510,300680
Mar-2026,TIGALAPANKAOS PALU,KEMEJA MAMU,KEMEJA FORMAL ABU TUA PDK L,0,3,0,0,75170,225510,225510
Apr-2026,TIGALAPANKAOS PALU,KEMEJA MAMU,KEMEJA FORMAL ABU TUA PDK L,0,3,0,0,75170,225510,225510
Mei-2026,TIGALAPANKAOS PALU,KEMEJA MAMU,KEMEJA FORMAL ABU TUA PDK L,0,3,0,0,75170,225510,225510
Jun-2026,TIGALAPANKAOS PALU,KEMEJA MAMU,KEMEJA FORMAL ABU TUA PDK L,0,3,0,0,75170,225510,225510
Jul-2026,TIGALAPANKAOS PALU,KEMEJA MAMU,KEMEJA FORMAL ABU TUA PDK L,0,3,0,0,75170,225510,225510
Agu-2026,TIGALAPANKAOS PALU,KEMEJA MAMU,KEMEJA FORMAL ABU TUA PDK L,0,3,0,0,75170,225510,225510
Sep-2026,TIGALAPANKAOS PALU,KEMEJA MAMU,KEMEJA FORMAL ABU TUA PDK L,75170,2,0,0,75170,150340,225510
Okt-2026,TIGALAPANKAOS PALU,KEMEJA MAMU,KEMEJA FORMAL ABU TUA PDK L,0,2,0,0,75170,150340,150340
Jan-2026,TIGALAPANKAOS PALU,KEMEJA MAMU,KEMEJA FORMAL ABU TUA PDK M,0,1,0,0,75170,75170,0
Feb-2026,TIGALAPANKAOS PALU,KEMEJA MAMU,KEMEJA FORMAL ABU TUA PDK M,0,1,0,0,75170,75170,75170
Mar-2026,TIGALAPANKAOS PALU,KEMEJA MAMU,KEMEJA FORMAL ABU TUA PDK M,0,1,0,0,75170,75170,75170
Apr-2026,TIGALAPANKAOS PALU,KEMEJA MAMU,KEMEJA FORMAL ABU TUA PDK M,0,1,0,0,75170,75170,75170
Mei-2026,TIGALAPANKAOS PALU,KEMEJA MAMU,KEMEJA FORMAL ABU TUA PDK M,75170,0,0,0,75170,0,75170
Jan-2026,TIGALAPANKAOS PALU,KEMEJA MAMU,KEMEJA FORMAL ABU TUA PDK XL,0,2,0,0,75170,150340,0
Feb-2026,TIGALAPANKAOS PALU,KEMEJA MAMU,KEMEJA FORMAL ABU TUA PDK XL,0,2,0,0,75170,150340,150340
Mar-2026,TIGALAPANKAOS PALU,KEMEJA MAMU,KEMEJA FORMAL ABU TUA PDK XL,150340,0,0,0,75170,0,150340
Jan-2026,TIGALAPANKAOS PALU,KEMEJA MAMU,KEMEJA FORMAL ABU TUA PJG L,0,5,0,0,88170,440850,0
Feb-2026,TIGALAPANKAOS PALU,KEMEJA MAMU,KEMEJA FORMAL ABU TUA PJG L,0,5,0,0,88170,440850,440850
Mar-2026,TIGALAPANKAOS PALU,KEMEJA MAMU,KEMEJA FORMAL ABU TUA PJG L,0,5,0,0,88170,440850,440850
Apr-2026,TIGALAPANKAOS PALU,KEMEJA MAMU,KEMEJA FORMAL ABU TUA PJG L,0,5,0,0,88170,440850,440850
Mei-2026,TIGALAPANKAOS PALU,KEMEJA MAMU,KEMEJA FORMAL ABU TUA PJG L,0,5,0,0,88170,440850,440850
Jun-2026,TIGALAPANKAOS PALU,KEMEJA MAMU,KEMEJA FORMAL ABU TUA PJG L,0,5,0,0,88170,440850,440850
Jul-2026,TIGALAPANKAOS PALU,KEMEJA MAMU,KEMEJA FORMAL ABU TUA PJG L,0,5,0,0,88170,440850,440850
Agu-2026,TIGALAPANKAOS PALU,KEMEJA MAMU,KEMEJA FORMAL ABU TUA PJG L,0,5,0,0,88170,440850,440850
Sep-2026,TIGALAPANKAOS PALU,KEMEJA MAMU,KEMEJA FORMAL ABU TUA PJG L,0,5,0,0,88170,440850,440850
Okt-2026,TIGALAPANKAOS PALU,KEMEJA MAMU,KEMEJA FORMAL ABU TUA PJG L,0,5,0,0,88170,440850,440850
Jan-2026,TIGALAPANKAOS PALU,KEMEJA MAMU,KEMEJA FORMAL ABU TUA PJG M,0,6,0,0,88170,529020,0
Feb-2026,TIGALAPANKAOS PALU,KEMEJA MAMU,KEMEJA FORMAL ABU TUA PJG M,0,6,0,0,88170,529020,529020
Mar-2026,TIGALAPANKAOS PALU,KEMEJA MAMU,KEMEJA FORMAL ABU TUA PJG M,0,5,0,0,88170,440850,529020
Apr-2026,TIGALAPANKAOS PALU,KEMEJA MAMU,KEMEJA FORMAL ABU TUA PJG M,0,5,0,0,88170,440850,440850
Mei-2026,TIGALAPANKAOS PALU,KEMEJA MAMU,KEMEJA FORMAL ABU TUA PJG M,0,5,0,0,88170,440850,440850
Jun-2026,TIGALAPANKAOS PALU,KEMEJA MAMU,KEMEJA FORMAL ABU TUA PJG M,0,5,0,0,88170,440850,440850
Jul-2026,TIGALAPANKAOS PALU,KEMEJA MAMU,KEMEJA FORMAL ABU TUA PJG M,0,5,0,0,88170,440850,440850
Agu-2026,TIGALAPANKAOS PALU,KEMEJA MAMU,KEMEJA FORMAL ABU TUA PJG M,88170,5,0,0,88170,440850,440850
Sep-2026,TIGALAPANKAOS PALU,KEMEJA MAMU,KEMEJA FORMAL ABU TUA PJG M,0,5,0,0,88170,440850,440850
Okt-2026,TIGALAPANKAOS PALU,KEMEJA MAMU,KEMEJA FORMAL ABU TUA PJG M,0,5,0,0,88170,440850,440850
Jan-2026,TIGALAPANKAOS PALU,KEMEJA MAMU,KEMEJA FORMAL ABU TUA PJG S,0,1,0,0,88170,88170,0
Feb-2026,TIGALAPANKAOS PALU,KEMEJA MAMU,KEMEJA FORMAL ABU TUA PJG S,0,1,0,0,88170,88170,88170
Mar-2026,TIGALAPANKAOS PALU,KEMEJA MAMU,KEMEJA FORMAL ABU TUA PJG S,0,1,0,0,88170,88170,88170
Apr-2026,TIGALAPANKAOS PALU,KEMEJA MAMU,KEMEJA FORMAL ABU TUA PJG S,0,1,0,0,88170,88170,88170
Mei-2026,TIGALAPANKAOS PALU,KEMEJA MAMU,KEMEJA FORMAL ABU TUA PJG S,0,1,0,0,88170,88170,88170
Jun-2026,TIGALAPANKAOS PALU,KEMEJA MAMU,KEMEJA FORMAL ABU TUA PJG S,0,1,0,0,88170,88170,88170
Jul-2026,TIGALAPANKAOS PALU,KEMEJA MAMU,KEMEJA FORMAL ABU TUA PJG S,0,1,0,0,88170,88170,88170
Agu-2026,TIGALAPANKAOS PALU,KEMEJA MAMU,KEMEJA FORMAL ABU TUA PJG S,0,1,0,0,88170,88170,88170
Sep-2026,TIGALAPANKAOS PALU,KEMEJA MAMU,KEMEJA FORMAL ABU TUA PJG S,0,1,0,0,88170,88170,88170
Okt-2026,TIGALAPANKAOS PALU,KEMEJA MAMU,KEMEJA FORMAL ABU TUA PJG S,0,1,0,0,88170,88170,88170
Jan-2026,TIGALAPANKAOS PALU,KEMEJA MAMU,KEMEJA FORMAL ABU TUA PJG XL,0,2,0,0,88170,176340,0
Feb-2026,TIGALAPANKAOS PALU,KEMEJA MAMU,KEMEJA FORMAL ABU TUA PJG XL,0,2,0,0,88170,176340,176340
Mar-2026,TIGALAPANKAOS PALU,KEMEJA MAMU,KEMEJA FORMAL ABU TUA PJG XL,0,2,0,0,88170,176340,176340
Apr-2026,TIGALAPANKAOS PALU,KEMEJA MAMU,KEMEJA FORMAL ABU TUA PJG XL,0,2,0,0,88170,176340,176340
Mei-2026,TIGALAPANKAOS PALU,KEMEJA MAMU,KEMEJA FORMAL ABU TUA PJG XL,0,2,0,0,88170,176340,176340
Jun-2026,TIGALAPANKAOS PALU,KEMEJA MAMU,KEMEJA FORMAL ABU TUA PJG XL,0,2,0,0,88170,176340,176340
Jul-2026,TIGALAPANKAOS PALU,KEMEJA MAMU,KEMEJA FORMAL ABU TUA PJG XL,0,2,0,0,88170,176340,176340
Agu-2026,TIGALAPANKAOS PALU,KEMEJA MAMU,KEMEJA FORMAL ABU TUA PJG XL,-88170,2,0,0,88170,176340,176340
Sep-2026,TIGALAPANKAOS PALU,KEMEJA MAMU,KEMEJA FORMAL ABU TUA PJG XL,0,3,0,0,88170,264510,176340
Okt-2026,TIGALAPANKAOS PALU,KEMEJA MAMU,KEMEJA FORMAL ABU TUA PJG XL,0,3,0,0,88170,264510,264510
Jan-2026,TIGALAPANKAOS PALU,KEMEJA MAMU,KEMEJA FORMAL BURGUNDY PDK L,0,1,0,0,75170,75170,0
Feb-2026,TIGALAPANKAOS PALU,KEMEJA MAMU,KEMEJA FORMAL BURGUNDY PDK L,0,1,0,0,75170,75170,75170
Mar-2026,TIGALAPANKAOS PALU,KEMEJA MAMU,KEMEJA FORMAL BURGUNDY PDK L,0,1,0,0,75170,75170,75170
Apr-2026,TIGALAPANKAOS PALU,KEMEJA MAMU,KEMEJA FORMAL BURGUNDY PDK L,0,1,0,0,75170,75170,75170
Mei-2026,TIGALAPANKAOS PALU,KEMEJA MAMU,KEMEJA FORMAL BURGUNDY PDK L,0,1,0,0,75170,75170,75170
Jun-2026,TIGALAPANKAOS PALU,KEMEJA MAMU,KEMEJA FORMAL BURGUNDY PDK L,0,1,0,0,75170,75170,75170
Jul-2026,TIGALAPANKAOS PALU,KEMEJA MAMU,KEMEJA FORMAL BURGUNDY PDK L,0,1,0,0,75170,75170,75170
Agu-2026,TIGALAPANKAOS PALU,KEMEJA MAMU,KEMEJA FORMAL BURGUNDY PDK L,75170,0,0,0,75170,0,75170
Jan-2026,TIGALAPANKAOS PALU,KEMEJA MAMU,KEMEJA FORMAL BURGUNDY PDK M,0,1,0,0,75170,75170,0
Feb-2026,TIGALAPANKAOS PALU,KEMEJA MAMU,KEMEJA FORMAL BURGUNDY PDK M,0,1,0,0,75170,75170,75170
Mar-2026,TIGALAPANKAOS PALU,KEMEJA MAMU,KEMEJA FORMAL BURGUNDY PDK M,0,1,0,0,75170,75170,75170
Apr-2026,TIGALAPANKAOS PALU,KEMEJA MAMU,KEMEJA FORMAL BURGUNDY PDK M,0,1,0,0,75170,75170,75170
Mei-2026,TIGALAPANKAOS PALU,KEMEJA MAMU,KEMEJA FORMAL BURGUNDY PDK M,0,1,0,0,75170,75170,75170
Jun-2026,TIGALAPANKAOS PALU,KEMEJA MAMU,KEMEJA FORMAL BURGUNDY PDK M,0,1,0,0,75170,75170,75170
Jul-2026,TIGALAPANKAOS PALU,KEMEJA MAMU,KEMEJA FORMAL BURGUNDY PDK M,0,1,0,0,75170,75170,75170
Agu-2026,TIGALAPANKAOS PALU,KEMEJA MAMU,KEMEJA FORMAL BURGUNDY PDK M,0,1,0,0,75170,75170,75170
Sep-2026,TIGALAPANKAOS PALU,KEMEJA MAMU,KEMEJA FORMAL BURGUNDY PDK M,0,1,0,0,75170,75170,75170
Okt-2026,TIGALAPANKAOS PALU,KEMEJA MAMU,KEMEJA FORMAL BURGUNDY PDK M,0,1,0,0,75170,75170,75170
Jan-2026,TIGALAPANKAOS PALU,KEMEJA MAMU,KEMEJA FORMAL BURGUNDY PDK XL,0,2,0,0,75170,150340,0
Feb-2026,TIGALAPANKAOS PALU,KEMEJA MAMU,KEMEJA FORMAL BURGUNDY PDK XL,0,2,0,0,75170,150340,150340
Mar-2026,TIGALAPANKAOS PALU,KEMEJA MAMU,KEMEJA FORMAL BURGUNDY PDK XL,0,2,0,0,75170,150340,150340
Apr-2026,TIGALAPANKAOS PALU,KEMEJA MAMU,KEMEJA FORMAL BURGUNDY PDK XL,0,2,0,0,75170,150340,150340
Mei-2026,TIGALAPANKAOS PALU,KEMEJA MAMU,KEMEJA FORMAL BURGUNDY PDK XL,0,2,0,0,75170,150340,150340
Jun-2026,TIGALAPANKAOS PALU,KEMEJA MAMU,KEMEJA FORMAL BURGUNDY PDK XL,0,2,0,0,75170,150340,150340
Jul-2026,TIGALAPANKAOS PALU,KEMEJA MAMU,KEMEJA FORMAL BURGUNDY PDK XL,0,0,0,0,75170,0,150340
Jan-2026,TIGALAPANKAOS PALU,KEMEJA MAMU,KEMEJA FORMAL BURGUNDY PJG 2XL,0,2,0,0,88170,176340,0
Feb-2026,TIGALAPANKAOS PALU,KEMEJA MAMU,KEMEJA FORMAL BURGUNDY PJG 2XL,0,2,0,0,88170,176340,176340
Mar-2026,TIGALAPANKAOS PALU,KEMEJA MAMU,KEMEJA FORMAL BURGUNDY PJG 2XL,88170,1,0,0,88170,88170,176340
Apr-2026,TIGALAPANKAOS PALU,KEMEJA MAMU,KEMEJA FORMAL BURGUNDY PJG 2XL,0,1,0,0,88170,88170,88170
Mei-2026,TIGALAPANKAOS PALU,KEMEJA MAMU,KEMEJA FORMAL BURGUNDY PJG 2XL,0,1,0,0,88170,88170,88170
Jun-2026,TIGALAPANKAOS PALU,KEMEJA MAMU,KEMEJA FORMAL BURGUNDY PJG 2XL,0,1,0,0,88170,88170,88170
Jul-2026,TIGALAPANKAOS PALU,KEMEJA MAMU,KEMEJA FORMAL BURGUNDY PJG 2XL,0,0,0,0,88170,0,88170
Jan-2026,TIGALAPANKAOS PALU,KEMEJA MAMU,KEMEJA FORMAL BURGUNDY PJG L,0,2,0,0,88170,176340,0
Feb-2026,TIGALAPANKAOS PALU,KEMEJA MAMU,KEMEJA FORMAL BURGUNDY PJG L,0,2,0,0,88170,176340,176340
Mar-2026,TIGALAPANKAOS PALU,KEMEJA MAMU,KEMEJA FORMAL BURGUNDY PJG L,0,2,0,0,88170,176340,176340
Apr-2026,TIGALAPANKAOS PALU,KEMEJA MAMU,KEMEJA FORMAL BURGUNDY PJG L,0,2,0,0,88170,176340,176340
Mei-2026,TIGALAPANKAOS PALU,KEMEJA MAMU,KEMEJA FORMAL BURGUNDY PJG L,0,2,0,0,88170,176340,176340
Jun-2026,TIGALAPANKAOS PALU,KEMEJA MAMU,KEMEJA FORMAL BURGUNDY PJG L,0,2,0,0,88170,176340,176340
Jul-2026,TIGALAPANKAOS PALU,KEMEJA MAMU,KEMEJA FORMAL BURGUNDY PJG L,0,2,0,0,88170,176340,176340
Agu-2026,TIGALAPANKAOS PALU,KEMEJA MAMU,KEMEJA FORMAL BURGUNDY PJG L,0,2,0,0,88170,176340,176340
Sep-2026,TIGALAPANKAOS PALU,KEMEJA MAMU,KEMEJA FORMAL BURGUNDY PJG L,0,2,0,0,88170,176340,176340
Okt-2026,TIGALAPANKAOS PALU,KEMEJA MAMU,KEMEJA FORMAL BURGUNDY PJG L,0,2,0,0,88170,176340,176340
Jan-2026,TIGALAPANKAOS PALU,KEMEJA MAMU,KEMEJA FORMAL BURGUNDY PJG M,0,3,0,0,88170,264510,0
Feb-2026,TIGALAPANKAOS PALU,KEMEJA MAMU,KEMEJA FORMAL BURGUNDY PJG M,0,3,0,0,88170,264510,264510
Mar-2026,TIGALAPANKAOS PALU,KEMEJA MAMU,KEMEJA FORMAL BURGUNDY PJG M,0,3,0,0,88170,264510,264510
Apr-2026,TIGALAPANKAOS PALU,KEMEJA MAMU,KEMEJA FORMAL BURGUNDY PJG M,0,3,0,0,88170,264510,264510
Mei-2026,TIGALAPANKAOS PALU,KEMEJA MAMU,KEMEJA FORMAL BURGUNDY PJG M,0,3,0,0,88170,264510,264510
Jun-2026,TIGALAPANKAOS PALU,KEMEJA MAMU,KEMEJA FORMAL BURGUNDY PJG M,0,3,0,0,88170,264510,264510
Jul-2026,TIGALAPANKAOS PALU,KEMEJA MAMU,KEMEJA FORMAL BURGUNDY PJG M,0,3,0,0,88170,264510,264510
Agu-2026,TIGALAPANKAOS PALU,KEMEJA MAMU,KEMEJA FORMAL BURGUNDY PJG M,0,3,0,0,88170,264510,264510
Sep-2026,TIGALAPANKAOS PALU,KEMEJA MAMU,KEMEJA FORMAL BURGUNDY PJG M,0,3,0,0,88170,264510,264510
Okt-2026,TIGALAPANKAOS PALU,KEMEJA MAMU,KEMEJA FORMAL BURGUNDY PJG M,0,3,0,0,88170,264510,264510
Jan-2026,TIGALAPANKAOS PALU,KEMEJA MAMU,KEMEJA FORMAL BURGUNDY PJG XL,0,4,0,0,88170,352680,0
Feb-2026,TIGALAPANKAOS PALU,KEMEJA MAMU,KEMEJA FORMAL BURGUNDY PJG XL,0,4,0,0,88170,352680,352680
Mar-2026,TIGALAPANKAOS PALU,KEMEJA MAMU,KEMEJA FORMAL BURGUNDY PJG XL,0,4,0,0,88170,352680,352680
Apr-2026,TIGALAPANKAOS PALU,KEMEJA MAMU,KEMEJA FORMAL BURGUNDY PJG XL,0,4,0,0,88170,352680,352680
Mei-2026,TIGALAPANKAOS PALU,KEMEJA MAMU,KEMEJA FORMAL BURGUNDY PJG XL,0,4,0,0,88170,352680,352680
Jun-2026,TIGALAPANKAOS PALU,KEMEJA MAMU,KEMEJA FORMAL BURGUNDY PJG XL,0,4,0,0,88170,352680,352680
Jul-2026,TIGALAPANKAOS PALU,KEMEJA MAMU,KEMEJA FORMAL BURGUNDY PJG XL,0,4,0,0,88170,352680,352680
Agu-2026,TIGALAPANKAOS PALU,KEMEJA MAMU,KEMEJA FORMAL BURGUNDY PJG XL,0,4,0,0,88170,352680,352680
Sep-2026,TIGALAPANKAOS PALU,KEMEJA MAMU,KEMEJA FORMAL BURGUNDY PJG XL,0,4,0,0,88170,352680,352680
Okt-2026,TIGALAPANKAOS PALU,KEMEJA MAMU,KEMEJA FORMAL BURGUNDY PJG XL,0,4,0,0,88170,352680,352680
Mei-2026,TIGALAPANKAOS PALU,KEMEJA MAMU,KEMEJA FORMAL COKLAT TUA PDK L,0,5,0,0,159000,795000,0
Jun-2026,TIGALAPANKAOS PALU,KEMEJA MAMU,KEMEJA FORMAL COKLAT TUA PDK L,72925,0,0,0,159000,0,795000
Jul-2026,TIGALAPANKAOS PALU,KEMEJA MAMU,KEMEJA FORMAL COKLAT TUA PDK L,0,4,0,0,159000,636000,0
Agu-2026,TIGALAPANKAOS PALU,KEMEJA MAMU,KEMEJA FORMAL COKLAT TUA PDK L,0,5,0,0,159000,795000,636000
Sep-2026,TIGALAPANKAOS PALU,KEMEJA MAMU,KEMEJA FORMAL COKLAT TUA PDK L,0,5,0,0,159000,795000,795000
Okt-2026,TIGALAPANKAOS PALU,KEMEJA MAMU,KEMEJA FORMAL COKLAT TUA PDK L,0,5,0,0,159000,795000,795000
Mei-2026,TIGALAPANKAOS PALU,KEMEJA MAMU,KEMEJA FORMAL COKLAT TUA PDK M,0,5,0,0,159000,795000,0
Jun-2026,TIGALAPANKAOS PALU,KEMEJA MAMU,KEMEJA FORMAL COKLAT TUA PDK M,0,0,0,0,159000,0,795000
Jul-2026,TIGALAPANKAOS PALU,KEMEJA MAMU,KEMEJA FORMAL COKLAT TUA PDK M,0,5,0,0,159000,795000,0
Agu-2026,TIGALAPANKAOS PALU,KEMEJA MAMU,KEMEJA FORMAL COKLAT TUA PDK M,0,5,0,0,159000,795000,795000
Sep-2026,TIGALAPANKAOS PALU,KEMEJA MAMU,KEMEJA FORMAL COKLAT TUA PDK M,0,5,0,0,159000,795000,795000
Okt-2026,TIGALAPANKAOS PALU,KEMEJA MAMU,KEMEJA FORMAL COKLAT TUA PDK M,0,5,0,0,159000,795000,795000
Mei-2026,TIGALAPANKAOS PALU,KEMEJA MAMU,KEMEJA FORMAL COKLAT TUA PDK XL,0,5,0,0,159000,795000,0
Jun-2026,TIGALAPANKAOS PALU,KEMEJA MAMU,KEMEJA FORMAL COKLAT TUA PDK XL,0,0,0,0,159000,0,795000
Jul-2026,TIGALAPANKAOS PALU,KEMEJA MAMU,KEMEJA FORMAL COKLAT TUA PDK XL,0,5,0,0,159000,795000,0
Agu-2026,TIGALAPANKAOS PALU,KEMEJA MAMU,KEMEJA FORMAL COKLAT TUA PDK XL,0,5,0,0,159000,795000,795000
Sep-2026,TIGALAPANKAOS PALU,KEMEJA MAMU,KEMEJA FORMAL COKLAT TUA PDK XL,0,5,0,0,159000,795000,795000
Okt-2026,TIGALAPANKAOS PALU,KEMEJA MAMU,KEMEJA FORMAL COKLAT TUA PDK XL,0,5,0,0,159000,795000,795000
Mei-2026,TIGALAPANKAOS PALU,KEMEJA MAMU,KEMEJA FORMAL COKLAT TUA PJG 2XL,0,1,0,0,189000,189000,0
Jun-2026,TIGALAPANKAOS PALU,KEMEJA MAMU,KEMEJA FORMAL COKLAT TUA PJG 2XL,0,0,0,0,189000,0,189000
Mei-2026,TIGALAPANKAOS PALU,KEMEJA MAMU,KEMEJA FORMAL COKLAT TUA PJG L,0,5,0,0,189000,945000,0
Jun-2026,TIGALAPANKAOS PALU,KEMEJA MAMU,KEMEJA FORMAL COKLAT TUA PJG L,85926,0,0,0,189000,0,945000
Jul-2026,TIGALAPANKAOS PALU,KEMEJA MAMU,KEMEJA FORMAL COKLAT TUA PJG L,0,5,0,0,189000,945000,0
Agu-2026,TIGALAPANKAOS PALU,KEMEJA MAMU,KEMEJA FORMAL COKLAT TUA PJG L,0,5,0,0,189000,945000,945000
Sep-2026,TIGALAPANKAOS PALU,KEMEJA MAMU,KEMEJA FORMAL COKLAT TUA PJG L,0,5,0,0,189000,945000,945000
Okt-2026,TIGALAPANKAOS PALU,KEMEJA MAMU,KEMEJA FORMAL COKLAT TUA PJG L,0,5,0,0,189000,945000,945000
Mei-2026,TIGALAPANKAOS PALU,KEMEJA MAMU,KEMEJA FORMAL COKLAT TUA PJG M,0,4,0,0,189000,756000,0
Jun-2026,TIGALAPANKAOS PALU,KEMEJA MAMU,KEMEJA FORMAL COKLAT TUA PJG M,0,0,0,0,189000,0,756000
Jul-2026,TIGALAPANKAOS PALU,KEMEJA MAMU,KEMEJA FORMAL COKLAT TUA PJG M,0,5,0,0,189000,945000,0
Agu-2026,TIGALAPANKAOS PALU,KEMEJA MAMU,KEMEJA FORMAL COKLAT TUA PJG M,0,5,0,0,189000,945000,945000
Sep-2026,TIGALAPANKAOS PALU,KEMEJA MAMU,KEMEJA FORMAL COKLAT TUA PJG M,0,5,0,0,189000,945000,945000
Okt-2026,TIGALAPANKAOS PALU,KEMEJA MAMU,KEMEJA FORMAL COKLAT TUA PJG M,0,5,0,0,189000,945000,945000
Mei-2026,TIGALAPANKAOS PALU,KEMEJA MAMU,KEMEJA FORMAL COKLAT TUA PJG XL,0,5,0,0,189000,945000,0
Jun-2026,TIGALAPANKAOS PALU,KEMEJA MAMU,KEMEJA FORMAL COKLAT TUA PJG XL,0,0,0,0,189000,0,945000
Jul-2026,TIGALAPANKAOS PALU,KEMEJA MAMU,KEMEJA FORMAL COKLAT TUA PJG XL,0,5,0,0,189000,945000,0
Agu-2026,TIGALAPANKAOS PALU,KEMEJA MAMU,KEMEJA FORMAL COKLAT TUA PJG XL,0,5,0,0,189000,945000,945000
Sep-2026,TIGALAPANKAOS PALU,KEMEJA MAMU,KEMEJA FORMAL COKLAT TUA PJG XL,0,5,0,0,189000,945000,945000
Okt-2026,TIGALAPANKAOS PALU,KEMEJA MAMU,KEMEJA FORMAL COKLAT TUA PJG XL,0,5,0,0,189000,945000,945000
Jan-2026,TIGALAPANKAOS PALU,KEMEJA MAMU,KEMEJA FORMAL HITAM PDK L,148296,10,0,0,74206,742060,0
Feb-2026,TIGALAPANKAOS PALU,KEMEJA MAMU,KEMEJA FORMAL HITAM PDK L,0,10,0,0,74206,742060,742060
Mar-2026,TIGALAPANKAOS PALU,KEMEJA MAMU,KEMEJA FORMAL HITAM PDK L,222444,6,0,0,74158,444948,742060
Apr-2026,TIGALAPANKAOS PALU,KEMEJA MAMU,KEMEJA FORMAL HITAM PDK L,0,7,0,0,74158,519106,444948
Mei-2026,TIGALAPANKAOS PALU,KEMEJA MAMU,KEMEJA FORMAL HITAM PDK L,148296,5,0,0,72993,364965,519106
Jun-2026,TIGALAPANKAOS PALU,KEMEJA MAMU,KEMEJA FORMAL HITAM PDK L,0,5,0,0,72993,364965,364965
Jul-2026,TIGALAPANKAOS PALU,KEMEJA MAMU,KEMEJA FORMAL HITAM PDK L,0,4,0,0,72993,291972,364965
Agu-2026,TIGALAPANKAOS PALU,KEMEJA MAMU,KEMEJA FORMAL HITAM PDK L,0,5,0,0,72993,364965,291972
Sep-2026,TIGALAPANKAOS PALU,KEMEJA MAMU,KEMEJA FORMAL HITAM PDK L,73956,5,0,0,72993,364965,364965
Okt-2026,TIGALAPANKAOS PALU,KEMEJA MAMU,KEMEJA FORMAL HITAM PDK L,0,9,0,0,72993,656937,364965
Jan-2026,TIGALAPANKAOS PALU,KEMEJA MAMU,KEMEJA FORMAL HITAM PDK M,74154,7,0,0,74214,519498,0
Feb-2026,TIGALAPANKAOS PALU,KEMEJA MAMU,KEMEJA FORMAL HITAM PDK M,0,6,0,0,74214,445284,519498
Mar-2026,TIGALAPANKAOS PALU,KEMEJA MAMU,KEMEJA FORMAL HITAM PDK M,74154,4,0,0,74154,296616,445284
Apr-2026,TIGALAPANKAOS PALU,KEMEJA MAMU,KEMEJA FORMAL HITAM PDK M,0,4,0,0,74154,296616,296616
Mei-2026,TIGALAPANKAOS PALU,KEMEJA MAMU,KEMEJA FORMAL HITAM PDK M,0,9,0,0,72991,656919,296616
Jun-2026,TIGALAPANKAOS PALU,KEMEJA MAMU,KEMEJA FORMAL HITAM PDK M,0,9,0,0,72991,656919,656919
Jul-2026,TIGALAPANKAOS PALU,KEMEJA MAMU,KEMEJA FORMAL HITAM PDK M,0,10,0,0,72991,729910,656919
Agu-2026,TIGALAPANKAOS PALU,KEMEJA MAMU,KEMEJA FORMAL HITAM PDK M,0,10,0,0,72991,729910,729910
Sep-2026,TIGALAPANKAOS PALU,KEMEJA MAMU,KEMEJA FORMAL HITAM PDK M,0,9,0,0,72991,656919,729910
Okt-2026,TIGALAPANKAOS PALU,KEMEJA MAMU,KEMEJA FORMAL HITAM PDK M,0,9,0,0,72991,656919,656919
Jan-2026,TIGALAPANKAOS PALU,KEMEJA MAMU,KEMEJA FORMAL HITAM PDK S,0,1,0,0,74214,74214,0
Feb-2026,TIGALAPANKAOS PALU,KEMEJA MAMU,KEMEJA FORMAL HITAM PDK S,0,1,0,0,74214,74214,74214
Mar-2026,TIGALAPANKAOS PALU,KEMEJA MAMU,KEMEJA FORMAL HITAM PDK S,0,1,0,0,74214,74214,74214
Apr-2026,TIGALAPANKAOS PALU,KEMEJA MAMU,KEMEJA FORMAL HITAM PDK S,0,1,0,0,74214,74214,74214
Mei-2026,TIGALAPANKAOS PALU,KEMEJA MAMU,KEMEJA FORMAL HITAM PDK S,0,1,0,0,72954,72954,74214
Jun-2026,TIGALAPANKAOS PALU,KEMEJA MAMU,KEMEJA FORMAL HITAM PDK S,0,1,0,0,72954,72954,72954
Jul-2026,TIGALAPANKAOS PALU,KEMEJA MAMU,KEMEJA FORMAL HITAM PDK S,0,1,0,0,72954,72954,72954
Agu-2026,TIGALAPANKAOS PALU,KEMEJA MAMU,KEMEJA FORMAL HITAM PDK S,0,1,0,0,72954,72954,72954
Sep-2026,TIGALAPANKAOS PALU,KEMEJA MAMU,KEMEJA FORMAL HITAM PDK S,0,1,0,0,72954,72954,72954
Okt-2026,TIGALAPANKAOS PALU,KEMEJA MAMU,KEMEJA FORMAL HITAM PDK S,0,1,0,0,72954,72954,72954
Jan-2026,TIGALAPANKAOS PALU,KEMEJA MAMU,KEMEJA FORMAL HITAM PDK XL,0,6,0,0,74177,445062,0
Feb-2026,TIGALAPANKAOS PALU,KEMEJA MAMU,KEMEJA FORMAL HITAM PDK XL,0,6,0,0,74177,445062,445062
Mar-2026,TIGALAPANKAOS PALU,KEMEJA MAMU,KEMEJA FORMAL HITAM PDK XL,147974,3,0,0,73987,221961,445062
Apr-2026,TIGALAPANKAOS PALU,KEMEJA MAMU,KEMEJA FORMAL HITAM PDK XL,0,4,0,0,73987,295948,221961
Mei-2026,TIGALAPANKAOS PALU,KEMEJA MAMU,KEMEJA FORMAL HITAM PDK XL,0,9,0,0,72991,656919,295948
Jun-2026,TIGALAPANKAOS PALU,KEMEJA MAMU,KEMEJA FORMAL HITAM PDK XL,0,9,0,0,72991,656919,656919
Jul-2026,TIGALAPANKAOS PALU,KEMEJA MAMU,KEMEJA FORMAL HITAM PDK XL,73434,9,0,0,72991,656919,656919
Agu-2026,TIGALAPANKAOS PALU,KEMEJA MAMU,KEMEJA FORMAL HITAM PDK XL,0,8,0,0,72991,583928,656919
Sep-2026,TIGALAPANKAOS PALU,KEMEJA MAMU,KEMEJA FORMAL HITAM PDK XL,0,8,0,0,72991,583928,583928
Okt-2026,TIGALAPANKAOS PALU,KEMEJA MAMU,KEMEJA FORMAL HITAM PDK XL,0,8,0,0,72991,583928,583928
Jan-2026,TIGALAPANKAOS PALU,KEMEJA MAMU,KEMEJA FORMAL HITAM PJG L,0,17,0,0,87185,1482145,0
Feb-2026,TIGALAPANKAOS PALU,KEMEJA MAMU,KEMEJA FORMAL HITAM PJG L,0,17,0,0,87185,1482145,1482145
Mar-2026,TIGALAPANKAOS PALU,KEMEJA MAMU,KEMEJA FORMAL HITAM PJG L,0,14,0,0,87110,1219540,1482145
Apr-2026,TIGALAPANKAOS PALU,KEMEJA MAMU,KEMEJA FORMAL HITAM PJG L,0,14,0,0,87110,1219540,1219540
Mei-2026,TIGALAPANKAOS PALU,KEMEJA MAMU,KEMEJA FORMAL HITAM PJG L,0,14,0,0,86028,1204392,1219540
Jun-2026,TIGALAPANKAOS PALU,KEMEJA MAMU,KEMEJA FORMAL HITAM PJG L,0,14,0,0,86028,1204392,1204392
Jul-2026,TIGALAPANKAOS PALU,KEMEJA MAMU,KEMEJA FORMAL HITAM PJG L,0,8,0,0,86028,688224,1204392
Agu-2026,TIGALAPANKAOS PALU,KEMEJA MAMU,KEMEJA FORMAL HITAM PJG L,0,8,0,0,86028,688224,688224
Sep-2026,TIGALAPANKAOS PALU,KEMEJA MAMU,KEMEJA FORMAL HITAM PJG L,0,14,0,0,86028,1204392,688224
Okt-2026,TIGALAPANKAOS PALU,KEMEJA MAMU,KEMEJA FORMAL HITAM PJG L,0,14,0,0,86028,1204392,1204392
Jan-2026,TIGALAPANKAOS PALU,KEMEJA MAMU,KEMEJA FORMAL HITAM PJG M,0,13,0,0,87214,1133782,0
Feb-2026,TIGALAPANKAOS PALU,KEMEJA MAMU,KEMEJA FORMAL HITAM PJG M,0,13,0,0,87214,1133782,1133782
Mar-2026,TIGALAPANKAOS PALU,KEMEJA MAMU,KEMEJA FORMAL HITAM PJG M,0,11,0,0,87183,959013,1133782
Apr-2026,TIGALAPANKAOS PALU,KEMEJA MAMU,KEMEJA FORMAL HITAM PJG M,0,11,0,0,87183,959013,959013
Mei-2026,TIGALAPANKAOS PALU,KEMEJA MAMU,KEMEJA FORMAL HITAM PJG M,0,11,0,0,85993,945923,959013
Jun-2026,TIGALAPANKAOS PALU,KEMEJA MAMU,KEMEJA FORMAL HITAM PJG M,0,11,0,0,85993,945923,945923
Jul-2026,TIGALAPANKAOS PALU,KEMEJA MAMU,KEMEJA FORMAL HITAM PJG M,0,11,0,0,85993,945923,945923
Agu-2026,TIGALAPANKAOS PALU,KEMEJA MAMU,KEMEJA FORMAL HITAM PJG M,-87075,11,0,0,85993,945923,945923
Sep-2026,TIGALAPANKAOS PALU,KEMEJA MAMU,KEMEJA FORMAL HITAM PJG M,0,11,0,0,85993,945923,945923
Okt-2026,TIGALAPANKAOS PALU,KEMEJA MAMU,KEMEJA FORMAL HITAM PJG M,0,11,0,0,85993,945923,945923
Jan-2026,TIGALAPANKAOS PALU,KEMEJA MAMU,KEMEJA FORMAL HITAM PJG S,0,1,0,0,87214,87214,0
Feb-2026,TIGALAPANKAOS PALU,KEMEJA MAMU,KEMEJA FORMAL HITAM PJG S,0,1,0,0,87214,87214,87214
Mar-2026,TIGALAPANKAOS PALU,KEMEJA MAMU,KEMEJA FORMAL HITAM PJG S,87214,0,0,0,87214,0,87214
Jan-2026,TIGALAPANKAOS PALU,KEMEJA MAMU,KEMEJA FORMAL HITAM PJG XL,0,3,0,0,87214,261642,0
Feb-2026,TIGALAPANKAOS PALU,KEMEJA MAMU,KEMEJA FORMAL HITAM PJG XL,0,3,0,0,87214,261642,261642
Mar-2026,TIGALAPANKAOS PALU,KEMEJA MAMU,KEMEJA FORMAL HITAM PJG XL,87214,2,0,0,87214,174428,261642
Apr-2026,TIGALAPANKAOS PALU,KEMEJA MAMU,KEMEJA FORMAL HITAM PJG XL,0,2,0,0,87214,174428,174428
Mei-2026,TIGALAPANKAOS PALU,KEMEJA MAMU,KEMEJA FORMAL HITAM PJG XL,0,7,0,0,85989,601923,174428
Jun-2026,TIGALAPANKAOS PALU,KEMEJA MAMU,KEMEJA FORMAL HITAM PJG XL,86339,6,0,0,85989,515934,601923
Jul-2026,TIGALAPANKAOS PALU,KEMEJA MAMU,KEMEJA FORMAL HITAM PJG XL,0,6,0,0,85989,515934,515934
Agu-2026,TIGALAPANKAOS PALU,KEMEJA MAMU,KEMEJA FORMAL HITAM PJG XL,86339,6,0,0,85989,515934,515934
Sep-2026,TIGALAPANKAOS PALU,KEMEJA MAMU,KEMEJA FORMAL HITAM PJG XL,0,6,0,0,85989,515934,515934
Okt-2026,TIGALAPANKAOS PALU,KEMEJA MAMU,KEMEJA FORMAL HITAM PJG XL,0,6,0,0,85989,515934,515934
Jan-2026,TIGALAPANKAOS PALU,KEMEJA MAMU,KEMEJA FORMAL LIGHT BROWN PDK L,0,3,0,0,75170,225510,0
Feb-2026,TIGALAPANKAOS PALU,KEMEJA MAMU,KEMEJA FORMAL LIGHT BROWN PDK L,0,3,0,0,72928,218784,225510
Mar-2026,TIGALAPANKAOS PALU,KEMEJA MAMU,KEMEJA FORMAL LIGHT BROWN PDK L,150340,6,0,0,72953,437718,218784
Apr-2026,TIGALAPANKAOS PALU,KEMEJA MAMU,KEMEJA FORMAL LIGHT BROWN PDK L,73323,6,0,0,72953,437718,437718
Mei-2026,TIGALAPANKAOS PALU,KEMEJA MAMU,KEMEJA FORMAL LIGHT BROWN PDK L,0,5,0,0,72953,364765,437718
Jun-2026,TIGALAPANKAOS PALU,KEMEJA MAMU,KEMEJA FORMAL LIGHT BROWN PDK L,73323,4,0,0,72953,291812,364765
Jul-2026,TIGALAPANKAOS PALU,KEMEJA MAMU,KEMEJA FORMAL LIGHT BROWN PDK L,0,4,0,0,72953,291812,291812
Agu-2026,TIGALAPANKAOS PALU,KEMEJA MAMU,KEMEJA FORMAL LIGHT BROWN PDK L,0,4,0,0,72953,291812,291812
Sep-2026,TIGALAPANKAOS PALU,KEMEJA MAMU,KEMEJA FORMAL LIGHT BROWN PDK L,0,4,0,0,72953,291812,291812
Okt-2026,TIGALAPANKAOS PALU,KEMEJA MAMU,KEMEJA FORMAL LIGHT BROWN PDK L,0,4,0,0,72953,291812,291812
Jan-2026,TIGALAPANKAOS PALU,KEMEJA MAMU,KEMEJA FORMAL LIGHT BROWN PDK M,0,1,0,0,75170,75170,0
Feb-2026,TIGALAPANKAOS PALU,KEMEJA MAMU,KEMEJA FORMAL LIGHT BROWN PDK M,0,1,0,0,72928,72928,75170
Mar-2026,TIGALAPANKAOS PALU,KEMEJA MAMU,KEMEJA FORMAL LIGHT BROWN PDK M,0,6,0,0,72970,437820,72928
Apr-2026,TIGALAPANKAOS PALU,KEMEJA MAMU,KEMEJA FORMAL LIGHT BROWN PDK M,0,6,0,0,72970,437820,437820
Mei-2026,TIGALAPANKAOS PALU,KEMEJA MAMU,KEMEJA FORMAL LIGHT BROWN PDK M,0,6,0,0,72970,437820,437820
Jun-2026,TIGALAPANKAOS PALU,KEMEJA MAMU,KEMEJA FORMAL LIGHT BROWN PDK M,0,6,0,0,72970,437820,437820
Jul-2026,TIGALAPANKAOS PALU,KEMEJA MAMU,KEMEJA FORMAL LIGHT BROWN PDK M,0,2,0,0,72970,145940,437820
Agu-2026,TIGALAPANKAOS PALU,KEMEJA MAMU,KEMEJA FORMAL LIGHT BROWN PDK M,73337,1,0,0,72970,72970,145940
Sep-2026,TIGALAPANKAOS PALU,KEMEJA MAMU,KEMEJA FORMAL LIGHT BROWN PDK M,73337,4,0,0,72970,291880,72970
Okt-2026,TIGALAPANKAOS PALU,KEMEJA MAMU,KEMEJA FORMAL LIGHT BROWN PDK M,0,4,0,0,72970,291880,291880
Jan-2026,TIGALAPANKAOS PALU,KEMEJA MAMU,KEMEJA FORMAL LIGHT BROWN PDK XL,0,4,0,0,75170,300680,0
Feb-2026,TIGALAPANKAOS PALU,KEMEJA MAMU,KEMEJA FORMAL LIGHT BROWN PDK XL,0,4,0,0,72928,291712,300680
Mar-2026,TIGALAPANKAOS PALU,KEMEJA MAMU,KEMEJA FORMAL LIGHT BROWN PDK XL,75170,8,0,0,72972,583776,291712
Apr-2026,TIGALAPANKAOS PALU,KEMEJA MAMU,KEMEJA FORMAL LIGHT BROWN PDK XL,0,8,0,0,72979,583832,583776
Mei-2026,TIGALAPANKAOS PALU,KEMEJA MAMU,KEMEJA FORMAL LIGHT BROWN PDK XL,147592,6,0,0,72979,437874,583832
Jun-2026,TIGALAPANKAOS PALU,KEMEJA MAMU,KEMEJA FORMAL LIGHT BROWN PDK XL,73796,5,0,0,72979,364895,437874
Jul-2026,TIGALAPANKAOS PALU,KEMEJA MAMU,KEMEJA FORMAL LIGHT BROWN PDK XL,0,5,0,0,72979,364895,364895
Agu-2026,TIGALAPANKAOS PALU,KEMEJA MAMU,KEMEJA FORMAL LIGHT BROWN PDK XL,0,5,0,0,72979,364895,364895
Sep-2026,TIGALAPANKAOS PALU,KEMEJA MAMU,KEMEJA FORMAL LIGHT BROWN PDK XL,0,5,0,0,72979,364895,364895
Okt-2026,TIGALAPANKAOS PALU,KEMEJA MAMU,KEMEJA FORMAL LIGHT BROWN PDK XL,0,5,0,0,72979,364895,364895
Jan-2026,TIGALAPANKAOS PALU,KEMEJA MAMU,KEMEJA FORMAL LIGHT BROWN PJG 2XL,0,2,0,0,88170,176340,0
Feb-2026,TIGALAPANKAOS PALU,KEMEJA MAMU,KEMEJA FORMAL LIGHT BROWN PJG 2XL,0,2,0,0,85928,171856,176340
Mar-2026,TIGALAPANKAOS PALU,KEMEJA MAMU,KEMEJA FORMAL LIGHT BROWN PJG 2XL,0,2,0,0,85928,171856,171856
Apr-2026,TIGALAPANKAOS PALU,KEMEJA MAMU,KEMEJA FORMAL LIGHT BROWN PJG 2XL,0,2,0,0,85928,171856,171856
Mei-2026,TIGALAPANKAOS PALU,KEMEJA MAMU,KEMEJA FORMAL LIGHT BROWN PJG 2XL,0,2,0,0,85928,171856,171856
Jun-2026,TIGALAPANKAOS PALU,KEMEJA MAMU,KEMEJA FORMAL LIGHT BROWN PJG 2XL,0,2,0,0,85928,171856,171856
Jul-2026,TIGALAPANKAOS PALU,KEMEJA MAMU,KEMEJA FORMAL LIGHT BROWN PJG 2XL,0,2,0,0,85928,171856,171856
Agu-2026,TIGALAPANKAOS PALU,KEMEJA MAMU,KEMEJA FORMAL LIGHT BROWN PJG 2XL,0,2,0,0,85928,171856,171856
Sep-2026,TIGALAPANKAOS PALU,KEMEJA MAMU,KEMEJA FORMAL LIGHT BROWN PJG 2XL,88170,2,0,0,85928,171856,171856
Okt-2026,TIGALAPANKAOS PALU,KEMEJA MAMU,KEMEJA FORMAL LIGHT BROWN PJG 2XL,0,1,0,0,85928,85928,171856
Jan-2026,TIGALAPANKAOS PALU,KEMEJA MAMU,KEMEJA FORMAL LIGHT BROWN PJG L,88170,8,0,0,88170,705360,0
Feb-2026,TIGALAPANKAOS PALU,KEMEJA MAMU,KEMEJA FORMAL LIGHT BROWN PJG L,0,8,0,0,85928,687424,705360
Mar-2026,TIGALAPANKAOS PALU,KEMEJA MAMU,KEMEJA FORMAL LIGHT BROWN PJG L,262666,10,0,0,85957,859570,687424
Apr-2026,TIGALAPANKAOS PALU,KEMEJA MAMU,KEMEJA FORMAL LIGHT BROWN PJG L,0,11,0,0,85957,945527,859570
Mei-2026,TIGALAPANKAOS PALU,KEMEJA MAMU,KEMEJA FORMAL LIGHT BROWN PJG L,0,11,0,0,85957,945527,945527
Jun-2026,TIGALAPANKAOS PALU,KEMEJA MAMU,KEMEJA FORMAL LIGHT BROWN PJG L,0,11,0,0,85957,945527,945527
Jul-2026,TIGALAPANKAOS PALU,KEMEJA MAMU,KEMEJA FORMAL LIGHT BROWN PJG L,0,11,0,0,85957,945527,945527
Agu-2026,TIGALAPANKAOS PALU,KEMEJA MAMU,KEMEJA FORMAL LIGHT BROWN PJG L,0,11,0,0,85957,945527,945527
Sep-2026,TIGALAPANKAOS PALU,KEMEJA MAMU,KEMEJA FORMAL LIGHT BROWN PJG L,0,11,0,0,85957,945527,945527
Okt-2026,TIGALAPANKAOS PALU,KEMEJA MAMU,KEMEJA FORMAL LIGHT BROWN PJG L,0,11,0,0,85957,945527,945527
Mar-2026,TIGALAPANKAOS PALU,KEMEJA MAMU,KEMEJA FORMAL LIGHT BROWN PJG M,0,5,0,0,85979,429895,0
Apr-2026,TIGALAPANKAOS PALU,KEMEJA MAMU,KEMEJA FORMAL LIGHT BROWN PJG M,0,5,0,0,85979,429895,429895
Mei-2026,TIGALAPANKAOS PALU,KEMEJA MAMU,KEMEJA FORMAL LIGHT BROWN PJG M,85979,4,0,0,85979,343916,429895
Jun-2026,TIGALAPANKAOS PALU,KEMEJA MAMU,KEMEJA FORMAL LIGHT BROWN PJG M,0,4,0,0,85979,343916,343916
Jul-2026,TIGALAPANKAOS PALU,KEMEJA MAMU,KEMEJA FORMAL LIGHT BROWN PJG M,0,4,0,0,85979,343916,343916
Agu-2026,TIGALAPANKAOS PALU,KEMEJA MAMU,KEMEJA FORMAL LIGHT BROWN PJG M,0,4,0,0,85979,343916,343916
Sep-2026,TIGALAPANKAOS PALU,KEMEJA MAMU,KEMEJA FORMAL LIGHT BROWN PJG M,0,4,0,0,85979,343916,343916
Okt-2026,TIGALAPANKAOS PALU,KEMEJA MAMU,KEMEJA FORMAL LIGHT BROWN PJG M,0,4,0,0,85979,343916,343916
Jan-2026,TIGALAPANKAOS PALU,KEMEJA MAMU,KEMEJA FORMAL LIGHT BROWN PJG S,0,1,0,0,88170,88170,0
Feb-2026,TIGALAPANKAOS PALU,KEMEJA MAMU,KEMEJA FORMAL LIGHT BROWN PJG S,0,1,0,0,85928,85928,88170
Mar-2026,TIGALAPANKAOS PALU,KEMEJA MAMU,KEMEJA FORMAL LIGHT BROWN PJG S,0,1,0,0,85979,85979,85928
Apr-2026,TIGALAPANKAOS PALU,KEMEJA MAMU,KEMEJA FORMAL LIGHT BROWN PJG S,0,1,0,0,85979,85979,85979
Mei-2026,TIGALAPANKAOS PALU,KEMEJA MAMU,KEMEJA FORMAL LIGHT BROWN PJG S,0,1,0,0,85979,85979,85979
Jun-2026,TIGALAPANKAOS PALU,KEMEJA MAMU,KEMEJA FORMAL LIGHT BROWN PJG S,0,1,0,0,85979,85979,85979
Jul-2026,TIGALAPANKAOS PALU,KEMEJA MAMU,KEMEJA FORMAL LIGHT BROWN PJG S,0,1,0,0,85979,85979,85979
Agu-2026,TIGALAPANKAOS PALU,KEMEJA MAMU,KEMEJA FORMAL LIGHT BROWN PJG S,0,1,0,0,85979,85979,85979
Sep-2026,TIGALAPANKAOS PALU,KEMEJA MAMU,KEMEJA FORMAL LIGHT BROWN PJG S,0,1,0,0,85979,85979,85979
Okt-2026,TIGALAPANKAOS PALU,KEMEJA MAMU,KEMEJA FORMAL LIGHT BROWN PJG S,0,1,0,0,85979,85979,85979
Jan-2026,TIGALAPANKAOS PALU,KEMEJA MAMU,KEMEJA FORMAL LIGHT BROWN PJG XL,0,4,0,0,88170,352680,0
Feb-2026,TIGALAPANKAOS PALU,KEMEJA MAMU,KEMEJA FORMAL LIGHT BROWN PJG XL,0,4,0,0,85928,343712,352680
Mar-2026,TIGALAPANKAOS PALU,KEMEJA MAMU,KEMEJA FORMAL LIGHT BROWN PJG XL,0,9,0,0,85974,773766,343712
Apr-2026,TIGALAPANKAOS PALU,KEMEJA MAMU,KEMEJA FORMAL LIGHT BROWN PJG XL,0,9,0,0,85974,773766,773766
Mei-2026,TIGALAPANKAOS PALU,KEMEJA MAMU,KEMEJA FORMAL LIGHT BROWN PJG XL,0,9,0,0,85974,773766,773766
Jun-2026,TIGALAPANKAOS PALU,KEMEJA MAMU,KEMEJA FORMAL LIGHT BROWN PJG XL,86950,8,0,0,85974,687792,773766
Jul-2026,TIGALAPANKAOS PALU,KEMEJA MAMU,KEMEJA FORMAL LIGHT BROWN PJG XL,0,8,0,0,85974,687792,687792
Agu-2026,TIGALAPANKAOS PALU,KEMEJA MAMU,KEMEJA FORMAL LIGHT BROWN PJG XL,0,8,0,0,85974,687792,687792
Sep-2026,TIGALAPANKAOS PALU,KEMEJA MAMU,KEMEJA FORMAL LIGHT BROWN PJG XL,0,8,0,0,85974,687792,687792
Okt-2026,TIGALAPANKAOS PALU,KEMEJA MAMU,KEMEJA FORMAL LIGHT BROWN PJG XL,0,8,0,0,85974,687792,687792
Jan-2026,TIGALAPANKAOS PALU,KEMEJA MAMU,KEMEJA FORMAL NAVY PDK L,0,1,0,0,73797,73797,0
Feb-2026,TIGALAPANKAOS PALU,KEMEJA MAMU,KEMEJA FORMAL NAVY PDK L,0,1,0,0,77095,77095,73797
Mar-2026,TIGALAPANKAOS PALU,KEMEJA MAMU,KEMEJA FORMAL NAVY PDK L,74147,5,0,0,74217,371085,77095
Apr-2026,TIGALAPANKAOS PALU,KEMEJA MAMU,KEMEJA FORMAL NAVY PDK L,74147,4,0,0,74217,296868,371085
Mei-2026,TIGALAPANKAOS PALU,KEMEJA MAMU,KEMEJA FORMAL NAVY PDK L,74147,3,0,0,74217,222651,296868
Jun-2026,TIGALAPANKAOS PALU,KEMEJA MAMU,KEMEJA FORMAL NAVY PDK L,0,3,0,0,74217,222651,222651
Jul-2026,TIGALAPANKAOS PALU,KEMEJA MAMU,KEMEJA FORMAL NAVY PDK L,0,2,0,0,74217,148434,222651
Agu-2026,TIGALAPANKAOS PALU,KEMEJA MAMU,KEMEJA FORMAL NAVY PDK L,0,2,0,0,74217,148434,148434
Sep-2026,TIGALAPANKAOS PALU,KEMEJA MAMU,KEMEJA FORMAL NAVY PDK L,222441,0,0,0,73797,0,148434
Jan-2026,TIGALAPANKAOS PALU,KEMEJA MAMU,KEMEJA FORMAL NAVY PDK M,0,2,0,0,73797,147594,0
Feb-2026,TIGALAPANKAOS PALU,KEMEJA MAMU,KEMEJA FORMAL NAVY PDK M,0,2,0,0,77095,154190,147594
Mar-2026,TIGALAPANKAOS PALU,KEMEJA MAMU,KEMEJA FORMAL NAVY PDK M,0,2,0,0,73940,147880,154190
Apr-2026,TIGALAPANKAOS PALU,KEMEJA MAMU,KEMEJA FORMAL NAVY PDK M,0,2,0,0,73940,147880,147880
Mei-2026,TIGALAPANKAOS PALU,KEMEJA MAMU,KEMEJA FORMAL NAVY PDK M,0,2,0,0,73940,147880,147880
Jun-2026,TIGALAPANKAOS PALU,KEMEJA MAMU,KEMEJA FORMAL NAVY PDK M,0,2,0,0,73940,147880,147880
Jul-2026,TIGALAPANKAOS PALU,KEMEJA MAMU,KEMEJA FORMAL NAVY PDK M,0,2,0,0,73940,147880,147880
Agu-2026,TIGALAPANKAOS PALU,KEMEJA MAMU,KEMEJA FORMAL NAVY PDK M,0,2,0,0,73940,147880,147880
Sep-2026,TIGALAPANKAOS PALU,KEMEJA MAMU,KEMEJA FORMAL NAVY PDK M,73797,1,0,0,73940,73940,147880
Okt-2026,TIGALAPANKAOS PALU,KEMEJA MAMU,KEMEJA FORMAL NAVY PDK M,0,1,0,0,73940,73940,73940
Jan-2026,TIGALAPANKAOS PALU,KEMEJA MAMU,KEMEJA FORMAL NAVY PDK XL,0,1,0,0,73797,73797,0
Feb-2026,TIGALAPANKAOS PALU,KEMEJA MAMU,KEMEJA FORMAL NAVY PDK XL,0,1,0,0,77095,77095,73797
Mar-2026,TIGALAPANKAOS PALU,KEMEJA MAMU,KEMEJA FORMAL NAVY PDK XL,0,1,0,0,74208,74208,77095
Apr-2026,TIGALAPANKAOS PALU,KEMEJA MAMU,KEMEJA FORMAL NAVY PDK XL,0,1,0,0,74208,74208,74208
Mei-2026,TIGALAPANKAOS PALU,KEMEJA MAMU,KEMEJA FORMAL NAVY PDK XL,0,1,0,0,74208,74208,74208
Jun-2026,TIGALAPANKAOS PALU,KEMEJA MAMU,KEMEJA FORMAL NAVY PDK XL,0,1,0,0,74208,74208,74208
Jul-2026,TIGALAPANKAOS PALU,KEMEJA MAMU,KEMEJA FORMAL NAVY PDK XL,0,1,0,0,74208,74208,74208
Agu-2026,TIGALAPANKAOS PALU,KEMEJA MAMU,KEMEJA FORMAL NAVY PDK XL,0,1,0,0,74208,74208,74208
Sep-2026,TIGALAPANKAOS PALU,KEMEJA MAMU,KEMEJA FORMAL NAVY PDK XL,0,1,0,0,74208,74208,74208
Okt-2026,TIGALAPANKAOS PALU,KEMEJA MAMU,KEMEJA FORMAL NAVY PDK XL,0,1,0,0,74208,74208,74208
Jan-2026,TIGALAPANKAOS PALU,KEMEJA MAMU,KEMEJA FORMAL NAVY PJG 2XL,0,1,0,0,86797,86797,0
Feb-2026,TIGALAPANKAOS PALU,KEMEJA MAMU,KEMEJA FORMAL NAVY PJG 2XL,0,1,0,0,88095,88095,86797
Mar-2026,TIGALAPANKAOS PALU,KEMEJA MAMU,KEMEJA FORMAL NAVY PJG 2XL,0,1,0,0,88095,88095,88095
Apr-2026,TIGALAPANKAOS PALU,KEMEJA MAMU,KEMEJA FORMAL NAVY PJG 2XL,0,1,0,0,88095,88095,88095
Mei-2026,TIGALAPANKAOS PALU,KEMEJA MAMU,KEMEJA FORMAL NAVY PJG 2XL,0,1,0,0,88095,88095,88095
Jun-2026,TIGALAPANKAOS PALU,KEMEJA MAMU,KEMEJA FORMAL NAVY PJG 2XL,0,1,0,0,88095,88095,88095
Jul-2026,TIGALAPANKAOS PALU,KEMEJA MAMU,KEMEJA FORMAL NAVY PJG 2XL,0,1,0,0,88095,88095,88095
Agu-2026,TIGALAPANKAOS PALU,KEMEJA MAMU,KEMEJA FORMAL NAVY PJG 2XL,0,1,0,0,88095,88095,88095
Sep-2026,TIGALAPANKAOS PALU,KEMEJA MAMU,KEMEJA FORMAL NAVY PJG 2XL,0,1,0,0,88095,88095,88095
Okt-2026,TIGALAPANKAOS PALU,KEMEJA MAMU,KEMEJA FORMAL NAVY PJG 2XL,0,1,0,0,88095,88095,88095
Jan-2026,TIGALAPANKAOS PALU,KEMEJA MAMU,KEMEJA FORMAL NAVY PJG L,0,5,0,0,86797,433985,0
Feb-2026,TIGALAPANKAOS PALU,KEMEJA MAMU,KEMEJA FORMAL NAVY PJG L,0,5,0,0,88095,440475,433985
Mar-2026,TIGALAPANKAOS PALU,KEMEJA MAMU,KEMEJA FORMAL NAVY PJG L,0,5,0,0,86580,432900,440475
Apr-2026,TIGALAPANKAOS PALU,KEMEJA MAMU,KEMEJA FORMAL NAVY PJG L,0,4,0,0,86580,346320,432900
Mei-2026,TIGALAPANKAOS PALU,KEMEJA MAMU,KEMEJA FORMAL NAVY PJG L,0,4,0,0,86580,346320,346320
Jun-2026,TIGALAPANKAOS PALU,KEMEJA MAMU,KEMEJA FORMAL NAVY PJG L,0,4,0,0,86580,346320,346320
Jul-2026,TIGALAPANKAOS PALU,KEMEJA MAMU,KEMEJA FORMAL NAVY PJG L,0,4,0,0,86580,346320,346320
Agu-2026,TIGALAPANKAOS PALU,KEMEJA MAMU,KEMEJA FORMAL NAVY PJG L,0,4,0,0,86580,346320,346320
Sep-2026,TIGALAPANKAOS PALU,KEMEJA MAMU,KEMEJA FORMAL NAVY PJG L,0,4,0,0,86580,346320,346320
Okt-2026,TIGALAPANKAOS PALU,KEMEJA MAMU,KEMEJA FORMAL NAVY PJG L,0,4,0,0,86580,346320,346320
Jan-2026,TIGALAPANKAOS PALU,KEMEJA MAMU,KEMEJA FORMAL NAVY PJG M,0,1,0,0,86797,86797,0
Feb-2026,TIGALAPANKAOS PALU,KEMEJA MAMU,KEMEJA FORMAL NAVY PJG M,86797,0,0,0,86797,0,86797
Apr-2026,TIGALAPANKAOS PALU,KEMEJA MAMU,KEMEJA FORMAL NAVY PJG M,0,1,0,0,85993,85993,0
Mei-2026,TIGALAPANKAOS PALU,KEMEJA MAMU,KEMEJA FORMAL NAVY PJG M,0,1,0,0,85993,85993,85993
Jun-2026,TIGALAPANKAOS PALU,KEMEJA MAMU,KEMEJA FORMAL NAVY PJG M,0,0,0,0,85993,0,85993
Jul-2026,TIGALAPANKAOS PALU,KEMEJA MAMU,KEMEJA FORMAL NAVY PJG M,0,1,0,0,85993,85993,0
Agu-2026,TIGALAPANKAOS PALU,KEMEJA MAMU,KEMEJA FORMAL NAVY PJG M,0,1,0,0,85993,85993,85993
Sep-2026,TIGALAPANKAOS PALU,KEMEJA MAMU,KEMEJA FORMAL NAVY PJG M,0,1,0,0,85993,85993,85993
Okt-2026,TIGALAPANKAOS PALU,KEMEJA MAMU,KEMEJA FORMAL NAVY PJG M,0,1,0,0,85993,85993,85993
Jan-2026,TIGALAPANKAOS PALU,KEMEJA MAMU,KEMEJA FORMAL NAVY PJG XL,0,1,0,0,86797,86797,0
Feb-2026,TIGALAPANKAOS PALU,KEMEJA MAMU,KEMEJA FORMAL NAVY PJG XL,0,1,0,0,88095,88095,86797
Mar-2026,TIGALAPANKAOS PALU,KEMEJA MAMU,KEMEJA FORMAL NAVY PJG XL,0,1,0,0,86519,86519,88095
Apr-2026,TIGALAPANKAOS PALU,KEMEJA MAMU,KEMEJA FORMAL NAVY PJG XL,0,1,0,0,86519,86519,86519
Mei-2026,TIGALAPANKAOS PALU,KEMEJA MAMU,KEMEJA FORMAL NAVY PJG XL,0,1,0,0,86519,86519,86519
Jun-2026,TIGALAPANKAOS PALU,KEMEJA MAMU,KEMEJA FORMAL NAVY PJG XL,0,1,0,0,86519,86519,86519
Jul-2026,TIGALAPANKAOS PALU,KEMEJA MAMU,KEMEJA FORMAL NAVY PJG XL,0,5,0,0,86519,432595,86519
Agu-2026,TIGALAPANKAOS PALU,KEMEJA MAMU,KEMEJA FORMAL NAVY PJG XL,0,5,0,0,86519,432595,432595
Sep-2026,TIGALAPANKAOS PALU,KEMEJA MAMU,KEMEJA FORMAL NAVY PJG XL,0,5,0,0,86519,432595,432595
Okt-2026,TIGALAPANKAOS PALU,KEMEJA MAMU,KEMEJA FORMAL NAVY PJG XL,0,5,0,0,86519,432595,432595
Agu-2026,TIGALAPANKAOS PALU,KEMEJA MAMU,KEMEJA FORMAL OLIVE GREEN PDK L,-73797,0,0,0,73797,0,0
Sep-2026,TIGALAPANKAOS PALU,KEMEJA MAMU,KEMEJA FORMAL OLIVE GREEN PDK L,73798,0,0,0,73797,0,0
Jan-2026,TIGALAPANKAOS PALU,KEMEJA MAMU,KEMEJA FORMAL OLIVE GREEN PDK XL,0,2,0,0,73797,147594,0
Feb-2026,TIGALAPANKAOS PALU,KEMEJA MAMU,KEMEJA FORMAL OLIVE GREEN PDK XL,0,2,0,0,73797,147594,147594
Mar-2026,TIGALAPANKAOS PALU,KEMEJA MAMU,KEMEJA FORMAL OLIVE GREEN PDK XL,73797,1,0,0,73797,73797,147594
Apr-2026,TIGALAPANKAOS PALU,KEMEJA MAMU,KEMEJA FORMAL OLIVE GREEN PDK XL,0,1,0,0,73797,73797,73797
Mei-2026,TIGALAPANKAOS PALU,KEMEJA MAMU,KEMEJA FORMAL OLIVE GREEN PDK XL,0,1,0,0,73797,73797,73797
Jun-2026,TIGALAPANKAOS PALU,KEMEJA MAMU,KEMEJA FORMAL OLIVE GREEN PDK XL,0,1,0,0,73797,73797,73797
Jul-2026,TIGALAPANKAOS PALU,KEMEJA MAMU,KEMEJA FORMAL OLIVE GREEN PDK XL,0,0,0,0,73797,0,73797
Jan-2026,TIGALAPANKAOS PALU,KEMEJA MAMU,KEMEJA FORMAL OLIVE GREEN PJG 2XL,0,2,0,0,86797,173594,0
Feb-2026,TIGALAPANKAOS PALU,KEMEJA MAMU,KEMEJA FORMAL OLIVE GREEN PJG 2XL,0,2,0,0,86797,173594,173594
Mar-2026,TIGALAPANKAOS PALU,KEMEJA MAMU,KEMEJA FORMAL OLIVE GREEN PJG 2XL,86797,1,0,0,86797,86797,173594
Apr-2026,TIGALAPANKAOS PALU,KEMEJA MAMU,KEMEJA FORMAL OLIVE GREEN PJG 2XL,0,1,0,0,86797,86797,86797
Mei-2026,TIGALAPANKAOS PALU,KEMEJA MAMU,KEMEJA FORMAL OLIVE GREEN PJG 2XL,0,1,0,0,86797,86797,86797
Jun-2026,TIGALAPANKAOS PALU,KEMEJA MAMU,KEMEJA FORMAL OLIVE GREEN PJG 2XL,0,1,0,0,86797,86797,86797
Jul-2026,TIGALAPANKAOS PALU,KEMEJA MAMU,KEMEJA FORMAL OLIVE GREEN PJG 2XL,0,1,0,0,86797,86797,86797
Agu-2026,TIGALAPANKAOS PALU,KEMEJA MAMU,KEMEJA FORMAL OLIVE GREEN PJG 2XL,86797,1,0,0,86797,86797,86797
Sep-2026,TIGALAPANKAOS PALU,KEMEJA MAMU,KEMEJA FORMAL OLIVE GREEN PJG 2XL,0,1,0,0,86797,86797,86797
Okt-2026,TIGALAPANKAOS PALU,KEMEJA MAMU,KEMEJA FORMAL OLIVE GREEN PJG 2XL,0,1,0,0,86797,86797,86797
Jan-2026,TIGALAPANKAOS PALU,KEMEJA MAMU,KEMEJA FORMAL OLIVE GREEN PJG L,0,5,0,0,86797,433985,0
Feb-2026,TIGALAPANKAOS PALU,KEMEJA MAMU,KEMEJA FORMAL OLIVE GREEN PJG L,0,5,0,0,86797,433985,433985
Mar-2026,TIGALAPANKAOS PALU,KEMEJA MAMU,KEMEJA FORMAL OLIVE GREEN PJG L,86797,4,0,0,86797,347188,433985
Apr-2026,TIGALAPANKAOS PALU,KEMEJA MAMU,KEMEJA FORMAL OLIVE GREEN PJG L,0,4,0,0,86797,347188,347188
Mei-2026,TIGALAPANKAOS PALU,KEMEJA MAMU,KEMEJA FORMAL OLIVE GREEN PJG L,0,4,0,0,86797,347188,347188
Jun-2026,TIGALAPANKAOS PALU,KEMEJA MAMU,KEMEJA FORMAL OLIVE GREEN PJG L,0,4,0,0,86797,347188,347188
Jul-2026,TIGALAPANKAOS PALU,KEMEJA MAMU,KEMEJA FORMAL OLIVE GREEN PJG L,0,4,0,0,86797,347188,347188
Agu-2026,TIGALAPANKAOS PALU,KEMEJA MAMU,KEMEJA FORMAL OLIVE GREEN PJG L,-86797,4,0,0,86797,347188,347188
Sep-2026,TIGALAPANKAOS PALU,KEMEJA MAMU,KEMEJA FORMAL OLIVE GREEN PJG L,0,5,0,0,86797,433985,347188
Okt-2026,TIGALAPANKAOS PALU,KEMEJA MAMU,KEMEJA FORMAL OLIVE GREEN PJG L,0,5,0,0,86797,433985,433985
Jan-2026,TIGALAPANKAOS PALU,KEMEJA MAMU,KEMEJA FORMAL OLIVE GREEN PJG M,0,1,0,0,86797,86797,0
Feb-2026,TIGALAPANKAOS PALU,KEMEJA MAMU,KEMEJA FORMAL OLIVE GREEN PJG M,0,1,0,0,86797,86797,86797
Mar-2026,TIGALAPANKAOS PALU,KEMEJA MAMU,KEMEJA FORMAL OLIVE GREEN PJG M,0,1,0,0,86797,86797,86797
Apr-2026,TIGALAPANKAOS PALU,KEMEJA MAMU,KEMEJA FORMAL OLIVE GREEN PJG M,0,1,0,0,86797,86797,86797
Mei-2026,TIGALAPANKAOS PALU,KEMEJA MAMU,KEMEJA FORMAL OLIVE GREEN PJG M,0,1,0,0,86797,86797,86797
Jun-2026,TIGALAPANKAOS PALU,KEMEJA MAMU,KEMEJA FORMAL OLIVE GREEN PJG M,0,1,0,0,86797,86797,86797
Jul-2026,TIGALAPANKAOS PALU,KEMEJA MAMU,KEMEJA FORMAL OLIVE GREEN PJG M,0,1,0,0,86797,86797,86797
Agu-2026,TIGALAPANKAOS PALU,KEMEJA MAMU,KEMEJA FORMAL OLIVE GREEN PJG M,-86797,1,0,0,86797,86797,86797
Sep-2026,TIGALAPANKAOS PALU,KEMEJA MAMU,KEMEJA FORMAL OLIVE GREEN PJG M,0,2,0,0,86797,173594,86797
Okt-2026,TIGALAPANKAOS PALU,KEMEJA MAMU,KEMEJA FORMAL OLIVE GREEN PJG M,0,2,0,0,86797,173594,173594
Jan-2026,TIGALAPANKAOS PALU,KEMEJA MAMU,KEMEJA FORMAL OLIVE GREEN PJG XL,0,3,0,0,86797,260391,0
Feb-2026,TIGALAPANKAOS PALU,KEMEJA MAMU,KEMEJA FORMAL OLIVE GREEN PJG XL,0,3,0,0,86797,260391,260391
Mar-2026,TIGALAPANKAOS PALU,KEMEJA MAMU,KEMEJA FORMAL OLIVE GREEN PJG XL,0,3,0,0,86797,260391,260391
Apr-2026,TIGALAPANKAOS PALU,KEMEJA MAMU,KEMEJA FORMAL OLIVE GREEN PJG XL,0,3,0,0,86797,260391,260391
Mei-2026,TIGALAPANKAOS PALU,KEMEJA MAMU,KEMEJA FORMAL OLIVE GREEN PJG XL,0,3,0,0,86797,260391,260391
Jun-2026,TIGALAPANKAOS PALU,KEMEJA MAMU,KEMEJA FORMAL OLIVE GREEN PJG XL,0,3,0,0,86797,260391,260391
Jul-2026,TIGALAPANKAOS PALU,KEMEJA MAMU,KEMEJA FORMAL OLIVE GREEN PJG XL,0,3,0,0,86797,260391,260391
Agu-2026,TIGALAPANKAOS PALU,KEMEJA MAMU,KEMEJA FORMAL OLIVE GREEN PJG XL,-86797,3,0,0,86797,260391,260391
Sep-2026,TIGALAPANKAOS PALU,KEMEJA MAMU,KEMEJA FORMAL OLIVE GREEN PJG XL,0,4,0,0,86797,347188,260391
Okt-2026,TIGALAPANKAOS PALU,KEMEJA MAMU,KEMEJA FORMAL OLIVE GREEN PJG XL,0,4,0,0,86797,347188,347188
Jan-2026,TIGALAPANKAOS PALU,KEMEJA MAMU,KEMEJA FORMAL STEEL BLUE PDK L,0,1,0,0,73797,73797,0
Feb-2026,TIGALAPANKAOS PALU,KEMEJA MAMU,KEMEJA FORMAL STEEL BLUE PDK L,0,1,0,0,75397,75397,73797
Mar-2026,TIGALAPANKAOS PALU,KEMEJA MAMU,KEMEJA FORMAL STEEL BLUE PDK L,0,6,0,0,75397,452382,75397
Apr-2026,TIGALAPANKAOS PALU,KEMEJA MAMU,KEMEJA FORMAL STEEL BLUE PDK L,0,6,0,0,75397,452382,452382
Mei-2026,TIGALAPANKAOS PALU,KEMEJA MAMU,KEMEJA FORMAL STEEL BLUE PDK L,0,6,0,0,75397,452382,452382
Jun-2026,TIGALAPANKAOS PALU,KEMEJA MAMU,KEMEJA FORMAL STEEL BLUE PDK L,0,6,0,0,75397,452382,452382
Jul-2026,TIGALAPANKAOS PALU,KEMEJA MAMU,KEMEJA FORMAL STEEL BLUE PDK L,0,6,0,0,75397,452382,452382
Agu-2026,TIGALAPANKAOS PALU,KEMEJA MAMU,KEMEJA FORMAL STEEL BLUE PDK L,0,6,0,0,75397,452382,452382
Sep-2026,TIGALAPANKAOS PALU,KEMEJA MAMU,KEMEJA FORMAL STEEL BLUE PDK L,0,6,0,0,75397,452382,452382
Okt-2026,TIGALAPANKAOS PALU,KEMEJA MAMU,KEMEJA FORMAL STEEL BLUE PDK L,0,6,0,0,75397,452382,452382
Mar-2026,TIGALAPANKAOS PALU,KEMEJA MAMU,KEMEJA FORMAL STEEL BLUE PDK M,0,5,0,0,75283,376415,0
Apr-2026,TIGALAPANKAOS PALU,KEMEJA MAMU,KEMEJA FORMAL STEEL BLUE PDK M,0,5,0,0,75283,376415,376415
Mei-2026,TIGALAPANKAOS PALU,KEMEJA MAMU,KEMEJA FORMAL STEEL BLUE PDK M,0,5,0,0,75283,376415,376415
Jun-2026,TIGALAPANKAOS PALU,KEMEJA MAMU,KEMEJA FORMAL STEEL BLUE PDK M,0,5,0,0,75283,376415,376415
Jul-2026,TIGALAPANKAOS PALU,KEMEJA MAMU,KEMEJA FORMAL STEEL BLUE PDK M,0,5,0,0,75283,376415,376415
Agu-2026,TIGALAPANKAOS PALU,KEMEJA MAMU,KEMEJA FORMAL STEEL BLUE PDK M,0,5,0,0,75283,376415,376415
Sep-2026,TIGALAPANKAOS PALU,KEMEJA MAMU,KEMEJA FORMAL STEEL BLUE PDK M,150566,2,0,0,75283,150566,376415
Okt-2026,TIGALAPANKAOS PALU,KEMEJA MAMU,KEMEJA FORMAL STEEL BLUE PDK M,0,2,0,0,75283,150566,150566
Jan-2026,TIGALAPANKAOS PALU,KEMEJA MAMU,KEMEJA FORMAL STEEL BLUE PDK XL,0,1,0,0,73797,73797,0
Feb-2026,TIGALAPANKAOS PALU,KEMEJA MAMU,KEMEJA FORMAL STEEL BLUE PDK XL,0,1,0,0,75283,75283,73797
Mar-2026,TIGALAPANKAOS PALU,KEMEJA MAMU,KEMEJA FORMAL STEEL BLUE PDK XL,73797,5,0,0,75283,376415,75283
Apr-2026,TIGALAPANKAOS PALU,KEMEJA MAMU,KEMEJA FORMAL STEEL BLUE PDK XL,0,5,0,0,75283,376415,376415
Mei-2026,TIGALAPANKAOS PALU,KEMEJA MAMU,KEMEJA FORMAL STEEL BLUE PDK XL,0,5,0,0,75283,376415,376415
Jun-2026,TIGALAPANKAOS PALU,KEMEJA MAMU,KEMEJA FORMAL STEEL BLUE PDK XL,75283,4,0,0,75283,301132,376415
Jul-2026,TIGALAPANKAOS PALU,KEMEJA MAMU,KEMEJA FORMAL STEEL BLUE PDK XL,75283,3,0,0,75283,225849,301132
Agu-2026,TIGALAPANKAOS PALU,KEMEJA MAMU,KEMEJA FORMAL STEEL BLUE PDK XL,0,3,0,0,75283,225849,225849
Sep-2026,TIGALAPANKAOS PALU,KEMEJA MAMU,KEMEJA FORMAL STEEL BLUE PDK XL,0,3,0,0,75283,225849,225849
Okt-2026,TIGALAPANKAOS PALU,KEMEJA MAMU,KEMEJA FORMAL STEEL BLUE PDK XL,0,3,0,0,75283,225849,225849
Jan-2026,TIGALAPANKAOS PALU,KEMEJA MAMU,KEMEJA FORMAL STEEL BLUE PJG 2XL,0,7,0,0,88053,616371,0
Feb-2026,TIGALAPANKAOS PALU,KEMEJA MAMU,KEMEJA FORMAL STEEL BLUE PJG 2XL,0,7,0,0,88053,616371,616371
Mar-2026,TIGALAPANKAOS PALU,KEMEJA MAMU,KEMEJA FORMAL STEEL BLUE PJG 2XL,0,7,0,0,88053,616371,616371
Apr-2026,TIGALAPANKAOS PALU,KEMEJA MAMU,KEMEJA FORMAL STEEL BLUE PJG 2XL,0,7,0,0,88053,616371,616371
Mei-2026,TIGALAPANKAOS PALU,KEMEJA MAMU,KEMEJA FORMAL STEEL BLUE PJG 2XL,0,7,0,0,88053,616371,616371
Jun-2026,TIGALAPANKAOS PALU,KEMEJA MAMU,KEMEJA FORMAL STEEL BLUE PJG 2XL,0,7,0,0,88053,616371,616371
Jul-2026,TIGALAPANKAOS PALU,KEMEJA MAMU,KEMEJA FORMAL STEEL BLUE PJG 2XL,87694,6,0,0,88053,528318,616371
Agu-2026,TIGALAPANKAOS PALU,KEMEJA MAMU,KEMEJA FORMAL STEEL BLUE PJG 2XL,0,6,0,0,88053,528318,528318
Sep-2026,TIGALAPANKAOS PALU,KEMEJA MAMU,KEMEJA FORMAL STEEL BLUE PJG 2XL,0,6,0,0,88053,528318,528318
Okt-2026,TIGALAPANKAOS PALU,KEMEJA MAMU,KEMEJA FORMAL STEEL BLUE PJG 2XL,0,6,0,0,88053,528318,528318
Jan-2026,TIGALAPANKAOS PALU,KEMEJA MAMU,KEMEJA FORMAL STEEL BLUE PJG L,0,28,0,0,88053,2465484,0
Feb-2026,TIGALAPANKAOS PALU,KEMEJA MAMU,KEMEJA FORMAL STEEL BLUE PJG L,0,28,0,0,88053,2465484,2465484
Mar-2026,TIGALAPANKAOS PALU,KEMEJA MAMU,KEMEJA FORMAL STEEL BLUE PJG L,0,25,0,0,87505,2187625,2465484
Apr-2026,TIGALAPANKAOS PALU,KEMEJA MAMU,KEMEJA FORMAL STEEL BLUE PJG L,0,25,0,0,87505,2187625,2187625
Mei-2026,TIGALAPANKAOS PALU,KEMEJA MAMU,KEMEJA FORMAL STEEL BLUE PJG L,0,25,0,0,87170,2179250,2187625
Jun-2026,TIGALAPANKAOS PALU,KEMEJA MAMU,KEMEJA FORMAL STEEL BLUE PJG L,87505,24,0,0,87170,2092080,2179250
Jul-2026,TIGALAPANKAOS PALU,KEMEJA MAMU,KEMEJA FORMAL STEEL BLUE PJG L,0,24,0,0,87170,2092080,2092080
Agu-2026,TIGALAPANKAOS PALU,KEMEJA MAMU,KEMEJA FORMAL STEEL BLUE PJG L,0,24,0,0,87170,2092080,2092080
Sep-2026,TIGALAPANKAOS PALU,KEMEJA MAMU,KEMEJA FORMAL STEEL BLUE PJG L,0,24,0,0,87170,2092080,2092080
Okt-2026,TIGALAPANKAOS PALU,KEMEJA MAMU,KEMEJA FORMAL STEEL BLUE PJG L,0,24,0,0,87170,2092080,2092080
Jan-2026,TIGALAPANKAOS PALU,KEMEJA MAMU,KEMEJA FORMAL STEEL BLUE PJG M,0,13,0,0,88053,1144689,0
Feb-2026,TIGALAPANKAOS PALU,KEMEJA MAMU,KEMEJA FORMAL STEEL BLUE PJG M,0,13,0,0,88053,1144689,1144689
Mar-2026,TIGALAPANKAOS PALU,KEMEJA MAMU,KEMEJA FORMAL STEEL BLUE PJG M,0,13,0,0,88053,1144689,1144689
Apr-2026,TIGALAPANKAOS PALU,KEMEJA MAMU,KEMEJA FORMAL STEEL BLUE PJG M,0,13,0,0,88053,1144689,1144689
Mei-2026,TIGALAPANKAOS PALU,KEMEJA MAMU,KEMEJA FORMAL STEEL BLUE PJG M,0,13,0,0,88053,1144689,1144689
Jun-2026,TIGALAPANKAOS PALU,KEMEJA MAMU,KEMEJA FORMAL STEEL BLUE PJG M,0,13,0,0,88053,1144689,1144689
Jul-2026,TIGALAPANKAOS PALU,KEMEJA MAMU,KEMEJA FORMAL STEEL BLUE PJG M,0,13,0,0,88053,1144689,1144689
Agu-2026,TIGALAPANKAOS PALU,KEMEJA MAMU,KEMEJA FORMAL STEEL BLUE PJG M,0,13,0,0,88053,1144689,1144689
Sep-2026,TIGALAPANKAOS PALU,KEMEJA MAMU,KEMEJA FORMAL STEEL BLUE PJG M,0,13,0,0,88053,1144689,1144689
Okt-2026,TIGALAPANKAOS PALU,KEMEJA MAMU,KEMEJA FORMAL STEEL BLUE PJG M,0,13,0,0,88053,1144689,1144689
Jan-2026,TIGALAPANKAOS PALU,KEMEJA MAMU,KEMEJA FORMAL STEEL BLUE PJG S,0,4,0,0,88053,352212,0
Feb-2026,TIGALAPANKAOS PALU,KEMEJA MAMU,KEMEJA FORMAL STEEL BLUE PJG S,0,4,0,0,88053,352212,352212
Mar-2026,TIGALAPANKAOS PALU,KEMEJA MAMU,KEMEJA FORMAL STEEL BLUE PJG S,0,4,0,0,88053,352212,352212
Apr-2026,TIGALAPANKAOS PALU,KEMEJA MAMU,KEMEJA FORMAL STEEL BLUE PJG S,0,4,0,0,88053,352212,352212
Mei-2026,TIGALAPANKAOS PALU,KEMEJA MAMU,KEMEJA FORMAL STEEL BLUE PJG S,0,4,0,0,88053,352212,352212
Jun-2026,TIGALAPANKAOS PALU,KEMEJA MAMU,KEMEJA FORMAL STEEL BLUE PJG S,0,4,0,0,88053,352212,352212
Jul-2026,TIGALAPANKAOS PALU,KEMEJA MAMU,KEMEJA FORMAL STEEL BLUE PJG S,0,4,0,0,88053,352212,352212
Agu-2026,TIGALAPANKAOS PALU,KEMEJA MAMU,KEMEJA FORMAL STEEL BLUE PJG S,0,4,0,0,88053,352212,352212
Sep-2026,TIGALAPANKAOS PALU,KEMEJA MAMU,KEMEJA FORMAL STEEL BLUE PJG S,0,4,0,0,88053,352212,352212
Okt-2026,TIGALAPANKAOS PALU,KEMEJA MAMU,KEMEJA FORMAL STEEL BLUE PJG S,0,4,0,0,88053,352212,352212
Jan-2026,TIGALAPANKAOS PALU,KEMEJA MAMU,KEMEJA FORMAL STEEL BLUE PJG XL,0,19,0,0,88053,1673007,0
Feb-2026,TIGALAPANKAOS PALU,KEMEJA MAMU,KEMEJA FORMAL STEEL BLUE PJG XL,0,19,0,0,88053,1673007,1673007
Mar-2026,TIGALAPANKAOS PALU,KEMEJA MAMU,KEMEJA FORMAL STEEL BLUE PJG XL,0,19,0,0,88053,1673007,1673007
Apr-2026,TIGALAPANKAOS PALU,KEMEJA MAMU,KEMEJA FORMAL STEEL BLUE PJG XL,0,19,0,0,88053,1673007,1673007
Mei-2026,TIGALAPANKAOS PALU,KEMEJA MAMU,KEMEJA FORMAL STEEL BLUE PJG XL,0,19,0,0,88053,1673007,1673007
Jun-2026,TIGALAPANKAOS PALU,KEMEJA MAMU,KEMEJA FORMAL STEEL BLUE PJG XL,0,19,0,0,88053,1673007,1673007
Jul-2026,TIGALAPANKAOS PALU,KEMEJA MAMU,KEMEJA FORMAL STEEL BLUE PJG XL,0,19,0,0,88053,1673007,1673007
Agu-2026,TIGALAPANKAOS PALU,KEMEJA MAMU,KEMEJA FORMAL STEEL BLUE PJG XL,0,19,0,0,88053,1673007,1673007
Sep-2026,TIGALAPANKAOS PALU,KEMEJA MAMU,KEMEJA FORMAL STEEL BLUE PJG XL,0,19,0,0,88053,1673007,1673007
Okt-2026,TIGALAPANKAOS PALU,KEMEJA MAMU,KEMEJA FORMAL STEEL BLUE PJG XL,0,19,0,0,88053,1673007,1673007
Jan-2026,TIGALAPANKAOS PALU,KEMEJA MAMU,KEMEJA FORMAL TOFFEE PDK 2XL,0,4,0,0,75053,300212,0
Feb-2026,TIGALAPANKAOS PALU,KEMEJA MAMU,KEMEJA FORMAL TOFFEE PDK 2XL,74744,2,0,0,75053,150106,300212
Mar-2026,TIGALAPANKAOS PALU,KEMEJA MAMU,KEMEJA FORMAL TOFFEE PDK 2XL,0,2,0,0,75053,150106,150106
Apr-2026,TIGALAPANKAOS PALU,KEMEJA MAMU,KEMEJA FORMAL TOFFEE PDK 2XL,0,2,0,0,75053,150106,150106
Mei-2026,TIGALAPANKAOS PALU,KEMEJA MAMU,KEMEJA FORMAL TOFFEE PDK 2XL,0,2,0,0,75053,150106,150106
Jun-2026,TIGALAPANKAOS PALU,KEMEJA MAMU,KEMEJA FORMAL TOFFEE PDK 2XL,0,2,0,0,75053,150106,150106
Jul-2026,TIGALAPANKAOS PALU,KEMEJA MAMU,KEMEJA FORMAL TOFFEE PDK 2XL,74744,1,0,0,75053,75053,150106
Agu-2026,TIGALAPANKAOS PALU,KEMEJA MAMU,KEMEJA FORMAL TOFFEE PDK 2XL,-74744,1,0,0,75053,75053,75053
Sep-2026,TIGALAPANKAOS PALU,KEMEJA MAMU,KEMEJA FORMAL TOFFEE PDK 2XL,74744,1,0,0,75053,75053,75053
Okt-2026,TIGALAPANKAOS PALU,KEMEJA MAMU,KEMEJA FORMAL TOFFEE PDK 2XL,0,1,0,0,75053,75053,75053
Jan-2026,TIGALAPANKAOS PALU,KEMEJA MAMU,KEMEJA FORMAL TOFFEE PDK L,0,14,0,0,75053,1050742,0
Feb-2026,TIGALAPANKAOS PALU,KEMEJA MAMU,KEMEJA FORMAL TOFFEE PDK L,0,14,0,0,75053,1050742,1050742
Mar-2026,TIGALAPANKAOS PALU,KEMEJA MAMU,KEMEJA FORMAL TOFFEE PDK L,149268,12,0,0,75053,900636,1050742
Apr-2026,TIGALAPANKAOS PALU,KEMEJA MAMU,KEMEJA FORMAL TOFFEE PDK L,0,12,0,0,75053,900636,900636
Mei-2026,TIGALAPANKAOS PALU,KEMEJA MAMU,KEMEJA FORMAL TOFFEE PDK L,0,12,0,0,75053,900636,900636
Jun-2026,TIGALAPANKAOS PALU,KEMEJA MAMU,KEMEJA FORMAL TOFFEE PDK L,0,12,0,0,75053,900636,900636
Jul-2026,TIGALAPANKAOS PALU,KEMEJA MAMU,KEMEJA FORMAL TOFFEE PDK L,0,11,0,0,75053,825583,900636
Agu-2026,TIGALAPANKAOS PALU,KEMEJA MAMU,KEMEJA FORMAL TOFFEE PDK L,-74634,11,0,0,75053,825583,825583
Sep-2026,TIGALAPANKAOS PALU,KEMEJA MAMU,KEMEJA FORMAL TOFFEE PDK L,0,13,0,0,75053,975689,825583
Okt-2026,TIGALAPANKAOS PALU,KEMEJA MAMU,KEMEJA FORMAL TOFFEE PDK L,0,13,0,0,75053,975689,975689
Jan-2026,TIGALAPANKAOS PALU,KEMEJA MAMU,KEMEJA FORMAL TOFFEE PDK M,0,12,0,0,74214,890568,0
Feb-2026,TIGALAPANKAOS PALU,KEMEJA MAMU,KEMEJA FORMAL TOFFEE PDK M,0,12,0,0,74214,890568,890568
Mar-2026,TIGALAPANKAOS PALU,KEMEJA MAMU,KEMEJA FORMAL TOFFEE PDK M,74605,11,0,0,74214,816354,890568
Apr-2026,TIGALAPANKAOS PALU,KEMEJA MAMU,KEMEJA FORMAL TOFFEE PDK M,74605,10,0,0,74214,742140,816354
Mei-2026,TIGALAPANKAOS PALU,KEMEJA MAMU,KEMEJA FORMAL TOFFEE PDK M,0,10,0,0,74214,742140,742140
Jun-2026,TIGALAPANKAOS PALU,KEMEJA MAMU,KEMEJA FORMAL TOFFEE PDK M,0,10,0,0,74214,742140,742140
Jul-2026,TIGALAPANKAOS PALU,KEMEJA MAMU,KEMEJA FORMAL TOFFEE PDK M,0,9,0,0,74214,667926,742140
Agu-2026,TIGALAPANKAOS PALU,KEMEJA MAMU,KEMEJA FORMAL TOFFEE PDK M,149210,7,0,0,74214,519498,667926
Sep-2026,TIGALAPANKAOS PALU,KEMEJA MAMU,KEMEJA FORMAL TOFFEE PDK M,74605,7,0,0,74214,519498,519498
Okt-2026,TIGALAPANKAOS PALU,KEMEJA MAMU,KEMEJA FORMAL TOFFEE PDK M,0,7,0,0,74214,519498,519498
Agu-2026,TIGALAPANKAOS PALU,KEMEJA MAMU,KEMEJA FORMAL TOFFEE PDK S,-74634,0,0,0,75053,0,0
Sep-2026,TIGALAPANKAOS PALU,KEMEJA MAMU,KEMEJA FORMAL TOFFEE PDK S,0,1,0,0,75053,75053,0
Okt-2026,TIGALAPANKAOS PALU,KEMEJA MAMU,KEMEJA FORMAL TOFFEE PDK S,0,1,0,0,75053,75053,75053
Jan-2026,TIGALAPANKAOS PALU,KEMEJA MAMU,KEMEJA FORMAL TOFFEE PDK XL,0,10,0,0,75053,750530,0
Feb-2026,TIGALAPANKAOS PALU,KEMEJA MAMU,KEMEJA FORMAL TOFFEE PDK XL,0,10,0,0,75053,750530,750530
Mar-2026,TIGALAPANKAOS PALU,KEMEJA MAMU,KEMEJA FORMAL TOFFEE PDK XL,298858,11,0,0,75053,825583,750530
Apr-2026,TIGALAPANKAOS PALU,KEMEJA MAMU,KEMEJA FORMAL TOFFEE PDK XL,0,11,0,0,75053,825583,825583
Mei-2026,TIGALAPANKAOS PALU,KEMEJA MAMU,KEMEJA FORMAL TOFFEE PDK XL,0,11,0,0,75053,825583,825583
Jun-2026,TIGALAPANKAOS PALU,KEMEJA MAMU,KEMEJA FORMAL TOFFEE PDK XL,0,11,0,0,75053,825583,825583
Jul-2026,TIGALAPANKAOS PALU,KEMEJA MAMU,KEMEJA FORMAL TOFFEE PDK XL,0,1,0,0,75053,75053,825583
Agu-2026,TIGALAPANKAOS PALU,KEMEJA MAMU,KEMEJA FORMAL TOFFEE PDK XL,-1064,5,0,0,75053,375265,75053
Sep-2026,TIGALAPANKAOS PALU,KEMEJA MAMU,KEMEJA FORMAL TOFFEE PDK XL,0,11,0,0,75053,825583,375265
Okt-2026,TIGALAPANKAOS PALU,KEMEJA MAMU,KEMEJA FORMAL TOFFEE PDK XL,0,11,0,0,75053,825583,825583
Jan-2026,TIGALAPANKAOS PALU,KEMEJA MAMU,KEMEJA FORMAL TOFFEE PJG 2XL,87214,0,0,0,88053,0,0
Jan-2026,TIGALAPANKAOS PALU,KEMEJA MAMU,KEMEJA FORMAL TOFFEE PJG L,0,15,0,0,88053,1320795,0
Feb-2026,TIGALAPANKAOS PALU,KEMEJA MAMU,KEMEJA FORMAL TOFFEE PJG L,175098,15,0,0,88053,1320795,1320795
Mar-2026,TIGALAPANKAOS PALU,KEMEJA MAMU,KEMEJA FORMAL TOFFEE PJG L,0,13,0,0,88053,1144689,1320795
Apr-2026,TIGALAPANKAOS PALU,KEMEJA MAMU,KEMEJA FORMAL TOFFEE PJG L,0,13,0,0,88053,1144689,1144689
Mei-2026,TIGALAPANKAOS PALU,KEMEJA MAMU,KEMEJA FORMAL TOFFEE PJG L,0,13,0,0,88053,1144689,1144689
Jun-2026,TIGALAPANKAOS PALU,KEMEJA MAMU,KEMEJA FORMAL TOFFEE PJG L,0,13,0,0,88053,1144689,1144689
Jul-2026,TIGALAPANKAOS PALU,KEMEJA MAMU,KEMEJA FORMAL TOFFEE PJG L,0,13,0,0,88053,1144689,1144689
Agu-2026,TIGALAPANKAOS PALU,KEMEJA MAMU,KEMEJA FORMAL TOFFEE PJG L,0,13,0,0,88053,1144689,1144689
Sep-2026,TIGALAPANKAOS PALU,KEMEJA MAMU,KEMEJA FORMAL TOFFEE PJG L,0,13,0,0,88053,1144689,1144689
Okt-2026,TIGALAPANKAOS PALU,KEMEJA MAMU,KEMEJA FORMAL TOFFEE PJG L,0,13,0,0,88053,1144689,1144689
Jan-2026,TIGALAPANKAOS PALU,KEMEJA MAMU,KEMEJA FORMAL TOFFEE PJG M,0,10,0,0,88053,880530,0
Feb-2026,TIGALAPANKAOS PALU,KEMEJA MAMU,KEMEJA FORMAL TOFFEE PJG M,87290,10,0,0,88053,880530,880530
Mar-2026,TIGALAPANKAOS PALU,KEMEJA MAMU,KEMEJA FORMAL TOFFEE PJG M,174580,7,0,0,88053,616371,880530
Apr-2026,TIGALAPANKAOS PALU,KEMEJA MAMU,KEMEJA FORMAL TOFFEE PJG M,0,7,0,0,88053,616371,616371
Mei-2026,TIGALAPANKAOS PALU,KEMEJA MAMU,KEMEJA FORMAL TOFFEE PJG M,0,7,0,0,88053,616371,616371
Jun-2026,TIGALAPANKAOS PALU,KEMEJA MAMU,KEMEJA FORMAL TOFFEE PJG M,0,7,0,0,88053,616371,616371
Jul-2026,TIGALAPANKAOS PALU,KEMEJA MAMU,KEMEJA FORMAL TOFFEE PJG M,0,7,0,0,88053,616371,616371
Agu-2026,TIGALAPANKAOS PALU,KEMEJA MAMU,KEMEJA FORMAL TOFFEE PJG M,0,7,0,0,88053,616371,616371
Sep-2026,TIGALAPANKAOS PALU,KEMEJA MAMU,KEMEJA FORMAL TOFFEE PJG M,0,7,0,0,88053,616371,616371
Okt-2026,TIGALAPANKAOS PALU,KEMEJA MAMU,KEMEJA FORMAL TOFFEE PJG M,0,7,0,0,88053,616371,616371
Jan-2026,TIGALAPANKAOS PALU,KEMEJA MAMU,KEMEJA FORMAL TOFFEE PJG S,0,2,0,0,88053,176106,0
Feb-2026,TIGALAPANKAOS PALU,KEMEJA MAMU,KEMEJA FORMAL TOFFEE PJG S,0,2,0,0,88053,176106,176106
Mar-2026,TIGALAPANKAOS PALU,KEMEJA MAMU,KEMEJA FORMAL TOFFEE PJG S,174428,0,0,0,88053,0,176106
Jan-2026,TIGALAPANKAOS PALU,KEMEJA MAMU,KEMEJA FORMAL TOFFEE PJG XL,0,8,0,0,88053,704424,0
Feb-2026,TIGALAPANKAOS PALU,KEMEJA MAMU,KEMEJA FORMAL TOFFEE PJG XL,87494,9,0,0,88053,792477,704424
Mar-2026,TIGALAPANKAOS PALU,KEMEJA MAMU,KEMEJA FORMAL TOFFEE PJG XL,87494,7,0,0,88053,616371,792477
Apr-2026,TIGALAPANKAOS PALU,KEMEJA MAMU,KEMEJA FORMAL TOFFEE PJG XL,0,7,0,0,88053,616371,616371
Mei-2026,TIGALAPANKAOS PALU,KEMEJA MAMU,KEMEJA FORMAL TOFFEE PJG XL,0,7,0,0,88053,616371,616371
Jun-2026,TIGALAPANKAOS PALU,KEMEJA MAMU,KEMEJA FORMAL TOFFEE PJG XL,0,7,0,0,88053,616371,616371
Jul-2026,TIGALAPANKAOS PALU,KEMEJA MAMU,KEMEJA FORMAL TOFFEE PJG XL,0,11,0,0,88053,968583,616371
Agu-2026,TIGALAPANKAOS PALU,KEMEJA MAMU,KEMEJA FORMAL TOFFEE PJG XL,0,11,0,0,88053,968583,968583
Sep-2026,TIGALAPANKAOS PALU,KEMEJA MAMU,KEMEJA FORMAL TOFFEE PJG XL,0,11,0,0,88053,968583,968583
Okt-2026,TIGALAPANKAOS PALU,KEMEJA MAMU,KEMEJA FORMAL TOFFEE PJG XL,0,11,0,0,88053,968583,968583
Mei-2026,TIGALAPANKAOS PALU,KEMEJA MAMU,KEMEJA SHANGHAI COKLAT TUA PDK L,0,5,0,0,159000,795000,0
Jun-2026,TIGALAPANKAOS PALU,KEMEJA MAMU,KEMEJA SHANGHAI COKLAT TUA PDK L,72926,0,0,0,159000,0,795000
Jul-2026,TIGALAPANKAOS PALU,KEMEJA MAMU,KEMEJA SHANGHAI COKLAT TUA PDK L,0,3,0,0,159000,477000,0
Agu-2026,TIGALAPANKAOS PALU,KEMEJA MAMU,KEMEJA SHANGHAI COKLAT TUA PDK L,0,3,0,0,159000,477000,477000
Sep-2026,TIGALAPANKAOS PALU,KEMEJA MAMU,KEMEJA SHANGHAI COKLAT TUA PDK L,0,3,0,0,159000,477000,477000
Okt-2026,TIGALAPANKAOS PALU,KEMEJA MAMU,KEMEJA SHANGHAI COKLAT TUA PDK L,0,3,0,0,159000,477000,477000
Mei-2026,TIGALAPANKAOS PALU,KEMEJA MAMU,KEMEJA SHANGHAI COKLAT TUA PDK M,72929,4,0,0,159000,636000,0
Jun-2026,TIGALAPANKAOS PALU,KEMEJA MAMU,KEMEJA SHANGHAI COKLAT TUA PDK M,0,0,0,0,159000,0,636000
Jul-2026,TIGALAPANKAOS PALU,KEMEJA MAMU,KEMEJA SHANGHAI COKLAT TUA PDK M,0,3,0,0,159000,477000,0
Agu-2026,TIGALAPANKAOS PALU,KEMEJA MAMU,KEMEJA SHANGHAI COKLAT TUA PDK M,0,3,0,0,159000,477000,477000
Sep-2026,TIGALAPANKAOS PALU,KEMEJA MAMU,KEMEJA SHANGHAI COKLAT TUA PDK M,0,3,0,0,159000,477000,477000
Okt-2026,TIGALAPANKAOS PALU,KEMEJA MAMU,KEMEJA SHANGHAI COKLAT TUA PDK M,0,3,0,0,159000,477000,477000
Mei-2026,TIGALAPANKAOS PALU,KEMEJA MAMU,KEMEJA SHANGHAI COKLAT TUA PDK XL,0,5,0,0,159000,795000,0
Jun-2026,TIGALAPANKAOS PALU,KEMEJA MAMU,KEMEJA SHANGHAI COKLAT TUA PDK XL,145852,0,0,0,159000,0,795000
Jul-2026,TIGALAPANKAOS PALU,KEMEJA MAMU,KEMEJA SHANGHAI COKLAT TUA PDK XL,0,3,0,0,159000,477000,0
Agu-2026,TIGALAPANKAOS PALU,KEMEJA MAMU,KEMEJA SHANGHAI COKLAT TUA PDK XL,0,3,0,0,159000,477000,477000
Sep-2026,TIGALAPANKAOS PALU,KEMEJA MAMU,KEMEJA SHANGHAI COKLAT TUA PDK XL,0,3,0,0,159000,477000,477000
Okt-2026,TIGALAPANKAOS PALU,KEMEJA MAMU,KEMEJA SHANGHAI COKLAT TUA PDK XL,0,3,0,0,159000,477000,477000
Mei-2026,TIGALAPANKAOS PALU,KEMEJA MAMU,KEMEJA SHANGHAI COKLAT TUA PJG L,0,5,0,0,189000,945000,0
Jun-2026,TIGALAPANKAOS PALU,KEMEJA MAMU,KEMEJA SHANGHAI COKLAT TUA PJG L,0,0,0,0,189000,0,945000
Jul-2026,TIGALAPANKAOS PALU,KEMEJA MAMU,KEMEJA SHANGHAI COKLAT TUA PJG L,0,3,0,0,189000,567000,0
Agu-2026,TIGALAPANKAOS PALU,KEMEJA MAMU,KEMEJA SHANGHAI COKLAT TUA PJG L,0,3,0,0,189000,567000,567000
Sep-2026,TIGALAPANKAOS PALU,KEMEJA MAMU,KEMEJA SHANGHAI COKLAT TUA PJG L,0,3,0,0,189000,567000,567000
Okt-2026,TIGALAPANKAOS PALU,KEMEJA MAMU,KEMEJA SHANGHAI COKLAT TUA PJG L,0,3,0,0,189000,567000,567000
Mei-2026,TIGALAPANKAOS PALU,KEMEJA MAMU,KEMEJA SHANGHAI COKLAT TUA PJG M,0,1,0,0,189000,189000,0
Jun-2026,TIGALAPANKAOS PALU,KEMEJA MAMU,KEMEJA SHANGHAI COKLAT TUA PJG M,0,0,0,0,189000,0,189000
Jul-2026,TIGALAPANKAOS PALU,KEMEJA MAMU,KEMEJA SHANGHAI COKLAT TUA PJG M,0,3,0,0,189000,567000,0
Agu-2026,TIGALAPANKAOS PALU,KEMEJA MAMU,KEMEJA SHANGHAI COKLAT TUA PJG M,0,3,0,0,189000,567000,567000
Sep-2026,TIGALAPANKAOS PALU,KEMEJA MAMU,KEMEJA SHANGHAI COKLAT TUA PJG M,0,3,0,0,189000,567000,567000
Okt-2026,TIGALAPANKAOS PALU,KEMEJA MAMU,KEMEJA SHANGHAI COKLAT TUA PJG M,0,3,0,0,189000,567000,567000
Mei-2026,TIGALAPANKAOS PALU,KEMEJA MAMU,KEMEJA SHANGHAI COKLAT TUA PJG XL,0,1,0,0,189000,189000,0
Jun-2026,TIGALAPANKAOS PALU,KEMEJA MAMU,KEMEJA SHANGHAI COKLAT TUA PJG XL,0,0,0,0,189000,0,189000
Jul-2026,TIGALAPANKAOS PALU,KEMEJA MAMU,KEMEJA SHANGHAI COKLAT TUA PJG XL,0,3,0,0,189000,567000,0
Agu-2026,TIGALAPANKAOS PALU,KEMEJA MAMU,KEMEJA SHANGHAI COKLAT TUA PJG XL,0,3,0,0,189000,567000,567000
Sep-2026,TIGALAPANKAOS PALU,KEMEJA MAMU,KEMEJA SHANGHAI COKLAT TUA PJG XL,0,3,0,0,189000,567000,567000
Okt-2026,TIGALAPANKAOS PALU,KEMEJA MAMU,KEMEJA SHANGHAI COKLAT TUA PJG XL,0,3,0,0,189000,567000,567000
Jan-2026,TIGALAPANKAOS PALU,KEMEJA MAMU,KEMEJA SHANGHAI HITAM PDK 2XL,0,1,0,0,74214,74214,0
Feb-2026,TIGALAPANKAOS PALU,KEMEJA MAMU,KEMEJA SHANGHAI HITAM PDK 2XL,0,1,0,0,74214,74214,74214
Mar-2026,TIGALAPANKAOS PALU,KEMEJA MAMU,KEMEJA SHANGHAI HITAM PDK 2XL,74214,0,0,0,74214,0,74214
Jan-2026,TIGALAPANKAOS PALU,KEMEJA MAMU,KEMEJA SHANGHAI HITAM PDK L,148428,3,0,0,74214,222642,0
Feb-2026,TIGALAPANKAOS PALU,KEMEJA MAMU,KEMEJA SHANGHAI HITAM PDK L,74214,2,0,0,74214,148428,222642
Mar-2026,TIGALAPANKAOS PALU,KEMEJA MAMU,KEMEJA SHANGHAI HITAM PDK L,148428,0,0,0,74214,0,148428
Apr-2026,TIGALAPANKAOS PALU,KEMEJA MAMU,KEMEJA SHANGHAI HITAM PDK L,0,2,0,0,72925,145850,0
Mei-2026,TIGALAPANKAOS PALU,KEMEJA MAMU,KEMEJA SHANGHAI HITAM PDK L,145932,5,0,0,72966,364830,145850
Jun-2026,TIGALAPANKAOS PALU,KEMEJA MAMU,KEMEJA SHANGHAI HITAM PDK L,0,5,0,0,72966,364830,364830
Jul-2026,TIGALAPANKAOS PALU,KEMEJA MAMU,KEMEJA SHANGHAI HITAM PDK L,0,5,0,0,72966,364830,364830
Agu-2026,TIGALAPANKAOS PALU,KEMEJA MAMU,KEMEJA SHANGHAI HITAM PDK L,0,5,0,0,72966,364830,364830
Sep-2026,TIGALAPANKAOS PALU,KEMEJA MAMU,KEMEJA SHANGHAI HITAM PDK L,0,5,0,0,72966,364830,364830
Okt-2026,TIGALAPANKAOS PALU,KEMEJA MAMU,KEMEJA SHANGHAI HITAM PDK L,0,5,0,0,72966,364830,364830
Apr-2026,TIGALAPANKAOS PALU,KEMEJA MAMU,KEMEJA SHANGHAI HITAM PDK M,0,2,0,0,72941,145882,0
Mei-2026,TIGALAPANKAOS PALU,KEMEJA MAMU,KEMEJA SHANGHAI HITAM PDK M,145898,5,0,0,72949,364745,145882
Jun-2026,TIGALAPANKAOS PALU,KEMEJA MAMU,KEMEJA SHANGHAI HITAM PDK M,0,5,0,0,72949,364745,364745
Jul-2026,TIGALAPANKAOS PALU,KEMEJA MAMU,KEMEJA SHANGHAI HITAM PDK M,0,5,0,0,72949,364745,364745
Agu-2026,TIGALAPANKAOS PALU,KEMEJA MAMU,KEMEJA SHANGHAI HITAM PDK M,0,5,0,0,72949,364745,364745
Sep-2026,TIGALAPANKAOS PALU,KEMEJA MAMU,KEMEJA SHANGHAI HITAM PDK M,0,5,0,0,72949,364745,364745
Okt-2026,TIGALAPANKAOS PALU,KEMEJA MAMU,KEMEJA SHANGHAI HITAM PDK M,0,5,0,0,72949,364745,364745
Jan-2026,TIGALAPANKAOS PALU,KEMEJA MAMU,KEMEJA SHANGHAI HITAM PDK XL,74214,3,0,0,74214,222642,0
Feb-2026,TIGALAPANKAOS PALU,KEMEJA MAMU,KEMEJA SHANGHAI HITAM PDK XL,0,3,0,0,74214,222642,222642
Mar-2026,TIGALAPANKAOS PALU,KEMEJA MAMU,KEMEJA SHANGHAI HITAM PDK XL,148428,1,0,0,74214,74214,222642
Apr-2026,TIGALAPANKAOS PALU,KEMEJA MAMU,KEMEJA SHANGHAI HITAM PDK XL,0,2,0,0,72921,145842,74214
Mei-2026,TIGALAPANKAOS PALU,KEMEJA MAMU,KEMEJA SHANGHAI HITAM PDK XL,72940,6,0,0,72940,437640,145842
Jun-2026,TIGALAPANKAOS PALU,KEMEJA MAMU,KEMEJA SHANGHAI HITAM PDK XL,0,6,0,0,72940,437640,437640
Jul-2026,TIGALAPANKAOS PALU,KEMEJA MAMU,KEMEJA SHANGHAI HITAM PDK XL,0,6,0,0,72940,437640,437640
Agu-2026,TIGALAPANKAOS PALU,KEMEJA MAMU,KEMEJA SHANGHAI HITAM PDK XL,0,6,0,0,72940,437640,437640
Sep-2026,TIGALAPANKAOS PALU,KEMEJA MAMU,KEMEJA SHANGHAI HITAM PDK XL,0,6,0,0,72940,437640,437640
Okt-2026,TIGALAPANKAOS PALU,KEMEJA MAMU,KEMEJA SHANGHAI HITAM PDK XL,0,6,0,0,72940,437640,437640
Jan-2026,TIGALAPANKAOS PALU,KEMEJA MAMU,KEMEJA SHANGHAI HITAM PJG 2XL,87634,1,0,0,88053,88053,0
Feb-2026,TIGALAPANKAOS PALU,KEMEJA MAMU,KEMEJA SHANGHAI HITAM PJG 2XL,87634,0,0,0,88053,0,88053
Jan-2026,TIGALAPANKAOS PALU,KEMEJA MAMU,KEMEJA SHANGHAI HITAM PJG L,175162,9,0,0,88053,792477,0
Feb-2026,TIGALAPANKAOS PALU,KEMEJA MAMU,KEMEJA SHANGHAI HITAM PJG L,0,9,0,0,88053,792477,792477
Mar-2026,TIGALAPANKAOS PALU,KEMEJA MAMU,KEMEJA SHANGHAI HITAM PJG L,437905,4,0,0,88053,352212,792477
Apr-2026,TIGALAPANKAOS PALU,KEMEJA MAMU,KEMEJA SHANGHAI HITAM PJG L,0,4,0,0,85943,343772,352212
Mei-2026,TIGALAPANKAOS PALU,KEMEJA MAMU,KEMEJA SHANGHAI HITAM PJG L,0,9,0,0,85943,773487,343772
Jun-2026,TIGALAPANKAOS PALU,KEMEJA MAMU,KEMEJA SHANGHAI HITAM PJG L,0,9,0,0,85943,773487,773487
Jul-2026,TIGALAPANKAOS PALU,KEMEJA MAMU,KEMEJA SHANGHAI HITAM PJG L,86671,8,0,0,85943,687544,773487
Agu-2026,TIGALAPANKAOS PALU,KEMEJA MAMU,KEMEJA SHANGHAI HITAM PJG L,-175824,8,0,0,85943,687544,687544
Sep-2026,TIGALAPANKAOS PALU,KEMEJA MAMU,KEMEJA SHANGHAI HITAM PJG L,0,10,0,0,85943,859430,687544
Okt-2026,TIGALAPANKAOS PALU,KEMEJA MAMU,KEMEJA SHANGHAI HITAM PJG L,0,10,0,0,85943,859430,859430
Jan-2026,TIGALAPANKAOS PALU,KEMEJA MAMU,KEMEJA SHANGHAI HITAM PJG M,0,7,0,0,88053,616371,0
Feb-2026,TIGALAPANKAOS PALU,KEMEJA MAMU,KEMEJA SHANGHAI HITAM PJG M,0,7,0,0,88053,616371,616371
Mar-2026,TIGALAPANKAOS PALU,KEMEJA MAMU,KEMEJA SHANGHAI HITAM PJG M,87634,6,0,0,88053,528318,616371
Apr-2026,TIGALAPANKAOS PALU,KEMEJA MAMU,KEMEJA SHANGHAI HITAM PJG M,87634,5,0,0,85943,429715,528318
Mei-2026,TIGALAPANKAOS PALU,KEMEJA MAMU,KEMEJA SHANGHAI HITAM PJG M,0,5,0,0,85943,429715,429715
Jun-2026,TIGALAPANKAOS PALU,KEMEJA MAMU,KEMEJA SHANGHAI HITAM PJG M,0,5,0,0,85943,429715,429715
Jul-2026,TIGALAPANKAOS PALU,KEMEJA MAMU,KEMEJA SHANGHAI HITAM PJG M,0,5,0,0,85943,429715,429715
Agu-2026,TIGALAPANKAOS PALU,KEMEJA MAMU,KEMEJA SHANGHAI HITAM PJG M,0,4,0,0,85943,343772,429715
Sep-2026,TIGALAPANKAOS PALU,KEMEJA MAMU,KEMEJA SHANGHAI HITAM PJG M,0,5,0,0,85943,429715,343772
Okt-2026,TIGALAPANKAOS PALU,KEMEJA MAMU,KEMEJA SHANGHAI HITAM PJG M,0,5,0,0,85943,429715,429715
Jan-2026,TIGALAPANKAOS PALU,KEMEJA MAMU,KEMEJA SHANGHAI HITAM PJG S,0,3,0,0,88053,264159,0
Feb-2026,TIGALAPANKAOS PALU,KEMEJA MAMU,KEMEJA SHANGHAI HITAM PJG S,0,3,0,0,88053,264159,264159
Mar-2026,TIGALAPANKAOS PALU,KEMEJA MAMU,KEMEJA SHANGHAI HITAM PJG S,87773,2,0,0,88053,176106,264159
Apr-2026,TIGALAPANKAOS PALU,KEMEJA MAMU,KEMEJA SHANGHAI HITAM PJG S,0,2,0,0,85997,171994,176106
Mei-2026,TIGALAPANKAOS PALU,KEMEJA MAMU,KEMEJA SHANGHAI HITAM PJG S,0,2,0,0,85997,171994,171994
Jun-2026,TIGALAPANKAOS PALU,KEMEJA MAMU,KEMEJA SHANGHAI HITAM PJG S,0,2,0,0,85997,171994,171994
Jul-2026,TIGALAPANKAOS PALU,KEMEJA MAMU,KEMEJA SHANGHAI HITAM PJG S,0,2,0,0,85997,171994,171994
Agu-2026,TIGALAPANKAOS PALU,KEMEJA MAMU,KEMEJA SHANGHAI HITAM PJG S,0,2,0,0,85997,171994,171994
Sep-2026,TIGALAPANKAOS PALU,KEMEJA MAMU,KEMEJA SHANGHAI HITAM PJG S,0,2,0,0,85997,171994,171994
Okt-2026,TIGALAPANKAOS PALU,KEMEJA MAMU,KEMEJA SHANGHAI HITAM PJG S,0,2,0,0,85997,171994,171994
Jan-2026,TIGALAPANKAOS PALU,KEMEJA MAMU,KEMEJA SHANGHAI HITAM PJG XL,0,2,0,0,88053,176106,0
Feb-2026,TIGALAPANKAOS PALU,KEMEJA MAMU,KEMEJA SHANGHAI HITAM PJG XL,0,2,0,0,88053,176106,176106
Mar-2026,TIGALAPANKAOS PALU,KEMEJA MAMU,KEMEJA SHANGHAI HITAM PJG XL,175174,0,0,0,88053,0,176106
Apr-2026,TIGALAPANKAOS PALU,KEMEJA MAMU,KEMEJA SHANGHAI HITAM PJG XL,0,3,0,0,85939,257817,0
Mei-2026,TIGALAPANKAOS PALU,KEMEJA MAMU,KEMEJA SHANGHAI HITAM PJG XL,0,8,0,0,85957,687656,257817
Jun-2026,TIGALAPANKAOS PALU,KEMEJA MAMU,KEMEJA SHANGHAI HITAM PJG XL,0,8,0,0,85957,687656,687656
Jul-2026,TIGALAPANKAOS PALU,KEMEJA MAMU,KEMEJA SHANGHAI HITAM PJG XL,0,8,0,0,85957,687656,687656
Agu-2026,TIGALAPANKAOS PALU,KEMEJA MAMU,KEMEJA SHANGHAI HITAM PJG XL,-88891,8,0,0,85957,687656,687656
Sep-2026,TIGALAPANKAOS PALU,KEMEJA MAMU,KEMEJA SHANGHAI HITAM PJG XL,0,9,0,0,85957,773613,687656
Okt-2026,TIGALAPANKAOS PALU,KEMEJA MAMU,KEMEJA SHANGHAI HITAM PJG XL,0,9,0,0,85957,773613,773613
Mar-2026,TIGALAPANKAOS PALU,KEMEJA MAMU,KEMEJA SHANGHAI LIGHT BROWN PDK M,72962,4,0,0,159000,636000,0
Apr-2026,TIGALAPANKAOS PALU,KEMEJA MAMU,KEMEJA SHANGHAI LIGHT BROWN PDK M,72962,3,0,0,159000,477000,636000
Mei-2026,TIGALAPANKAOS PALU,KEMEJA MAMU,KEMEJA SHANGHAI LIGHT BROWN PDK M,72962,2,0,0,159000,318000,477000
Jun-2026,TIGALAPANKAOS PALU,KEMEJA MAMU,KEMEJA SHANGHAI LIGHT BROWN PDK M,72962,1,0,0,159000,159000,318000
Jul-2026,TIGALAPANKAOS PALU,KEMEJA MAMU,KEMEJA SHANGHAI LIGHT BROWN PDK M,0,1,0,0,159000,159000,159000
Agu-2026,TIGALAPANKAOS PALU,KEMEJA MAMU,KEMEJA SHANGHAI LIGHT BROWN PDK M,0,1,0,0,159000,159000,159000
Sep-2026,TIGALAPANKAOS PALU,KEMEJA MAMU,KEMEJA SHANGHAI LIGHT BROWN PDK M,0,1,0,0,159000,159000,159000
Okt-2026,TIGALAPANKAOS PALU,KEMEJA MAMU,KEMEJA SHANGHAI LIGHT BROWN PDK M,0,1,0,0,159000,159000,159000
Mar-2026,TIGALAPANKAOS PALU,KEMEJA MAMU,KEMEJA SHANGHAI LIGHT BROWN PDK XL,0,5,0,0,159000,795000,0
Apr-2026,TIGALAPANKAOS PALU,KEMEJA MAMU,KEMEJA SHANGHAI LIGHT BROWN PDK XL,0,5,0,0,159000,795000,795000
Mei-2026,TIGALAPANKAOS PALU,KEMEJA MAMU,KEMEJA SHANGHAI LIGHT BROWN PDK XL,0,5,0,0,159000,795000,795000
Jun-2026,TIGALAPANKAOS PALU,KEMEJA MAMU,KEMEJA SHANGHAI LIGHT BROWN PDK XL,72964,4,0,0,159000,636000,795000
Jul-2026,TIGALAPANKAOS PALU,KEMEJA MAMU,KEMEJA SHANGHAI LIGHT BROWN PDK XL,0,4,0,0,159000,636000,636000
Agu-2026,TIGALAPANKAOS PALU,KEMEJA MAMU,KEMEJA SHANGHAI LIGHT BROWN PDK XL,0,4,0,0,159000,636000,636000
Sep-2026,TIGALAPANKAOS PALU,KEMEJA MAMU,KEMEJA SHANGHAI LIGHT BROWN PDK XL,0,4,0,0,159000,636000,636000
Okt-2026,TIGALAPANKAOS PALU,KEMEJA MAMU,KEMEJA SHANGHAI LIGHT BROWN PDK XL,0,4,0,0,159000,636000,636000
Mar-2026,TIGALAPANKAOS PALU,KEMEJA MAMU,KEMEJA SHANGHAI LIGHT BROWN PJG L,0,5,0,0,189000,945000,0
Apr-2026,TIGALAPANKAOS PALU,KEMEJA MAMU,KEMEJA SHANGHAI LIGHT BROWN PJG L,0,5,0,0,189000,945000,945000
Mei-2026,TIGALAPANKAOS PALU,KEMEJA MAMU,KEMEJA SHANGHAI LIGHT BROWN PJG L,0,5,0,0,189000,945000,945000
Jun-2026,TIGALAPANKAOS PALU,KEMEJA MAMU,KEMEJA SHANGHAI LIGHT BROWN PJG L,0,5,0,0,189000,945000,945000
Jul-2026,TIGALAPANKAOS PALU,KEMEJA MAMU,KEMEJA SHANGHAI LIGHT BROWN PJG L,0,5,0,0,189000,945000,945000
Agu-2026,TIGALAPANKAOS PALU,KEMEJA MAMU,KEMEJA SHANGHAI LIGHT BROWN PJG L,0,5,0,0,189000,945000,945000
Sep-2026,TIGALAPANKAOS PALU,KEMEJA MAMU,KEMEJA SHANGHAI LIGHT BROWN PJG L,0,4,0,0,189000,756000,945000
Okt-2026,TIGALAPANKAOS PALU,KEMEJA MAMU,KEMEJA SHANGHAI LIGHT BROWN PJG L,0,4,0,0,189000,756000,756000
Mar-2026,TIGALAPANKAOS PALU,KEMEJA MAMU,KEMEJA SHANGHAI LIGHT BROWN PJG M,0,5,0,0,189000,945000,0
Apr-2026,TIGALAPANKAOS PALU,KEMEJA MAMU,KEMEJA SHANGHAI LIGHT BROWN PJG M,0,5,0,0,189000,945000,945000
Mei-2026,TIGALAPANKAOS PALU,KEMEJA MAMU,KEMEJA SHANGHAI LIGHT BROWN PJG M,0,5,0,0,189000,945000,945000
Jun-2026,TIGALAPANKAOS PALU,KEMEJA MAMU,KEMEJA SHANGHAI LIGHT BROWN PJG M,85966,4,0,0,189000,756000,945000
Jul-2026,TIGALAPANKAOS PALU,KEMEJA MAMU,KEMEJA SHANGHAI LIGHT BROWN PJG M,0,4,0,0,189000,756000,756000
Agu-2026,TIGALAPANKAOS PALU,KEMEJA MAMU,KEMEJA SHANGHAI LIGHT BROWN PJG M,0,4,0,0,189000,756000,756000
Sep-2026,TIGALAPANKAOS PALU,KEMEJA MAMU,KEMEJA SHANGHAI LIGHT BROWN PJG M,85966,4,0,0,189000,756000,756000
Okt-2026,TIGALAPANKAOS PALU,KEMEJA MAMU,KEMEJA SHANGHAI LIGHT BROWN PJG M,0,3,0,0,189000,567000,756000
Mar-2026,TIGALAPANKAOS PALU,KEMEJA MAMU,KEMEJA SHANGHAI LIGHT BROWN PJG XL,0,5,0,0,189000,945000,0
Apr-2026,TIGALAPANKAOS PALU,KEMEJA MAMU,KEMEJA SHANGHAI LIGHT BROWN PJG XL,0,5,0,0,189000,945000,945000
Mei-2026,TIGALAPANKAOS PALU,KEMEJA MAMU,KEMEJA SHANGHAI LIGHT BROWN PJG XL,0,5,0,0,189000,945000,945000
Jun-2026,TIGALAPANKAOS PALU,KEMEJA MAMU,KEMEJA SHANGHAI LIGHT BROWN PJG XL,0,5,0,0,189000,945000,945000
Jul-2026,TIGALAPANKAOS PALU,KEMEJA MAMU,KEMEJA SHANGHAI LIGHT BROWN PJG XL,0,5,0,0,189000,945000,945000
Agu-2026,TIGALAPANKAOS PALU,KEMEJA MAMU,KEMEJA SHANGHAI LIGHT BROWN PJG XL,0,5,0,0,189000,945000,945000
Sep-2026,TIGALAPANKAOS PALU,KEMEJA MAMU,KEMEJA SHANGHAI LIGHT BROWN PJG XL,0,5,0,0,189000,945000,945000
Okt-2026,TIGALAPANKAOS PALU,KEMEJA MAMU,KEMEJA SHANGHAI LIGHT BROWN PJG XL,0,5,0,0,189000,945000,945000
Mar-2026,TIGALAPANKAOS PALU,KEMEJA MAMU,KEMEJA SHANGHAI NAVY PJG L,86723,4,0,0,86723,346892,0
Apr-2026,TIGALAPANKAOS PALU,KEMEJA MAMU,KEMEJA SHANGHAI NAVY PJG L,86723,4,0,0,86723,346892,346892
Mei-2026,TIGALAPANKAOS PALU,KEMEJA MAMU,KEMEJA SHANGHAI NAVY PJG L,0,3,0,0,86723,260169,346892
Jun-2026,TIGALAPANKAOS PALU,KEMEJA MAMU,KEMEJA SHANGHAI NAVY PJG L,0,3,0,0,86723,260169,260169
Jul-2026,TIGALAPANKAOS PALU,KEMEJA MAMU,KEMEJA SHANGHAI NAVY PJG L,0,3,0,0,86723,260169,260169
Agu-2026,TIGALAPANKAOS PALU,KEMEJA MAMU,KEMEJA SHANGHAI NAVY PJG L,0,3,0,0,86723,260169,260169
Sep-2026,TIGALAPANKAOS PALU,KEMEJA MAMU,KEMEJA SHANGHAI NAVY PJG L,0,3,0,0,86723,260169,260169
Okt-2026,TIGALAPANKAOS PALU,KEMEJA MAMU,KEMEJA SHANGHAI NAVY PJG L,0,3,0,0,86723,260169,260169
Jul-2026,TIGALAPANKAOS PALU,KEMEJA MAMU,KEMEJA SHANGHAI NAVY PJG M,0,3,0,0,86556,259668,0
Agu-2026,TIGALAPANKAOS PALU,KEMEJA MAMU,KEMEJA SHANGHAI NAVY PJG M,0,3,0,0,86556,259668,259668
Sep-2026,TIGALAPANKAOS PALU,KEMEJA MAMU,KEMEJA SHANGHAI NAVY PJG M,0,3,0,0,86556,259668,259668
Okt-2026,TIGALAPANKAOS PALU,KEMEJA MAMU,KEMEJA SHANGHAI NAVY PJG M,0,3,0,0,86556,259668,259668
Jul-2026,TIGALAPANKAOS PALU,KEMEJA MAMU,KEMEJA SHANGHAI NAVY PJG XL,0,3,0,0,86528,259584,0
Agu-2026,TIGALAPANKAOS PALU,KEMEJA MAMU,KEMEJA SHANGHAI NAVY PJG XL,0,3,0,0,86528,259584,259584
Sep-2026,TIGALAPANKAOS PALU,KEMEJA MAMU,KEMEJA SHANGHAI NAVY PJG XL,0,3,0,0,86528,259584,259584
Okt-2026,TIGALAPANKAOS PALU,KEMEJA MAMU,KEMEJA SHANGHAI NAVY PJG XL,0,3,0,0,86528,259584,259584
Jan-2026,TIGALAPANKAOS PALU,KEMEJA MAMU,KEMEJA SHANGHAI TOFFEE PDK 2XL,0,1,0,0,74214,74214,0
Feb-2026,TIGALAPANKAOS PALU,KEMEJA MAMU,KEMEJA SHANGHAI TOFFEE PDK 2XL,0,1,0,0,74214,74214,74214
Mar-2026,TIGALAPANKAOS PALU,KEMEJA MAMU,KEMEJA SHANGHAI TOFFEE PDK 2XL,74214,0,0,0,74214,0,74214
Apr-2026,TIGALAPANKAOS PALU,KEMEJA MAMU,KEMEJA SHANGHAI TOFFEE PDK L,0,3,0,0,72961,218883,0
Mei-2026,TIGALAPANKAOS PALU,KEMEJA MAMU,KEMEJA SHANGHAI TOFFEE PDK L,145936,6,0,0,72956,437736,218883
Jun-2026,TIGALAPANKAOS PALU,KEMEJA MAMU,KEMEJA SHANGHAI TOFFEE PDK L,72968,5,0,0,72956,364780,437736
Jul-2026,TIGALAPANKAOS PALU,KEMEJA MAMU,KEMEJA SHANGHAI TOFFEE PDK L,0,5,0,0,72956,364780,364780
Agu-2026,TIGALAPANKAOS PALU,KEMEJA MAMU,KEMEJA SHANGHAI TOFFEE PDK L,-74214,5,0,0,72956,364780,364780
Sep-2026,TIGALAPANKAOS PALU,KEMEJA MAMU,KEMEJA SHANGHAI TOFFEE PDK L,0,6,0,0,72956,437736,364780
Okt-2026,TIGALAPANKAOS PALU,KEMEJA MAMU,KEMEJA SHANGHAI TOFFEE PDK L,0,6,0,0,72956,437736,437736
Jan-2026,TIGALAPANKAOS PALU,KEMEJA MAMU,KEMEJA SHANGHAI TOFFEE PDK M,0,3,0,0,74214,222642,0
Feb-2026,TIGALAPANKAOS PALU,KEMEJA MAMU,KEMEJA SHANGHAI TOFFEE PDK M,148428,1,0,0,74214,74214,222642
Mar-2026,TIGALAPANKAOS PALU,KEMEJA MAMU,KEMEJA SHANGHAI TOFFEE PDK M,74214,0,0,0,74214,0,74214
Apr-2026,TIGALAPANKAOS PALU,KEMEJA MAMU,KEMEJA SHANGHAI TOFFEE PDK M,0,3,0,0,72961,218883,0
Mei-2026,TIGALAPANKAOS PALU,KEMEJA MAMU,KEMEJA SHANGHAI TOFFEE PDK M,145940,4,0,0,72958,291832,218883
Jun-2026,TIGALAPANKAOS PALU,KEMEJA MAMU,KEMEJA SHANGHAI TOFFEE PDK M,0,4,0,0,72958,291832,291832
Jul-2026,TIGALAPANKAOS PALU,KEMEJA MAMU,KEMEJA SHANGHAI TOFFEE PDK M,0,5,0,0,72958,364790,291832
Agu-2026,TIGALAPANKAOS PALU,KEMEJA MAMU,KEMEJA SHANGHAI TOFFEE PDK M,0,5,0,0,72958,364790,364790
Sep-2026,TIGALAPANKAOS PALU,KEMEJA MAMU,KEMEJA SHANGHAI TOFFEE PDK M,0,5,0,0,72958,364790,364790
Okt-2026,TIGALAPANKAOS PALU,KEMEJA MAMU,KEMEJA SHANGHAI TOFFEE PDK M,0,5,0,0,72958,364790,364790
Apr-2026,TIGALAPANKAOS PALU,KEMEJA MAMU,KEMEJA SHANGHAI TOFFEE PDK XL,0,3,0,0,72963,218889,0
Mei-2026,TIGALAPANKAOS PALU,KEMEJA MAMU,KEMEJA SHANGHAI TOFFEE PDK XL,72972,5,0,0,72960,364800,218889
Jun-2026,TIGALAPANKAOS PALU,KEMEJA MAMU,KEMEJA SHANGHAI TOFFEE PDK XL,145944,3,0,0,72960,218880,364800
Jul-2026,TIGALAPANKAOS PALU,KEMEJA MAMU,KEMEJA SHANGHAI TOFFEE PDK XL,0,5,0,0,72960,364800,218880
Agu-2026,TIGALAPANKAOS PALU,KEMEJA MAMU,KEMEJA SHANGHAI TOFFEE PDK XL,0,5,0,0,72960,364800,364800
Sep-2026,TIGALAPANKAOS PALU,KEMEJA MAMU,KEMEJA SHANGHAI TOFFEE PDK XL,0,5,0,0,72960,364800,364800
Okt-2026,TIGALAPANKAOS PALU,KEMEJA MAMU,KEMEJA SHANGHAI TOFFEE PDK XL,0,5,0,0,72960,364800,364800
Jan-2026,TIGALAPANKAOS PALU,KEMEJA MAMU,KEMEJA SHANGHAI TOFFEE PJG 2XL,0,2,0,0,87214,174428,0
Feb-2026,TIGALAPANKAOS PALU,KEMEJA MAMU,KEMEJA SHANGHAI TOFFEE PJG 2XL,0,2,0,0,87214,174428,174428
Mar-2026,TIGALAPANKAOS PALU,KEMEJA MAMU,KEMEJA SHANGHAI TOFFEE PJG 2XL,87214,1,0,0,87214,87214,174428
Apr-2026,TIGALAPANKAOS PALU,KEMEJA MAMU,KEMEJA SHANGHAI TOFFEE PJG 2XL,0,1,0,0,85997,85997,87214
Mei-2026,TIGALAPANKAOS PALU,KEMEJA MAMU,KEMEJA SHANGHAI TOFFEE PJG 2XL,0,1,0,0,85997,85997,85997
Jun-2026,TIGALAPANKAOS PALU,KEMEJA MAMU,KEMEJA SHANGHAI TOFFEE PJG 2XL,0,1,0,0,85997,85997,85997
Jul-2026,TIGALAPANKAOS PALU,KEMEJA MAMU,KEMEJA SHANGHAI TOFFEE PJG 2XL,0,1,0,0,85997,85997,85997
Agu-2026,TIGALAPANKAOS PALU,KEMEJA MAMU,KEMEJA SHANGHAI TOFFEE PJG 2XL,0,1,0,0,85997,85997,85997
Sep-2026,TIGALAPANKAOS PALU,KEMEJA MAMU,KEMEJA SHANGHAI TOFFEE PJG 2XL,87214,0,0,0,87214,0,85997
Jan-2026,TIGALAPANKAOS PALU,KEMEJA MAMU,KEMEJA SHANGHAI TOFFEE PJG L,0,9,0,0,87214,784926,0
Feb-2026,TIGALAPANKAOS PALU,KEMEJA MAMU,KEMEJA SHANGHAI TOFFEE PJG L,0,9,0,0,87214,784926,784926
Mar-2026,TIGALAPANKAOS PALU,KEMEJA MAMU,KEMEJA SHANGHAI TOFFEE PJG L,261642,6,0,0,87214,523284,784926
Apr-2026,TIGALAPANKAOS PALU,KEMEJA MAMU,KEMEJA SHANGHAI TOFFEE PJG L,0,6,0,0,85953,515718,523284
Mei-2026,TIGALAPANKAOS PALU,KEMEJA MAMU,KEMEJA SHANGHAI TOFFEE PJG L,0,6,0,0,85953,515718,515718
Jun-2026,TIGALAPANKAOS PALU,KEMEJA MAMU,KEMEJA SHANGHAI TOFFEE PJG L,0,6,0,0,85953,515718,515718
Jul-2026,TIGALAPANKAOS PALU,KEMEJA MAMU,KEMEJA SHANGHAI TOFFEE PJG L,0,6,0,0,85953,515718,515718
Agu-2026,TIGALAPANKAOS PALU,KEMEJA MAMU,KEMEJA SHANGHAI TOFFEE PJG L,174428,6,0,0,85953,515718,515718
Sep-2026,TIGALAPANKAOS PALU,KEMEJA MAMU,KEMEJA SHANGHAI TOFFEE PJG L,0,5,0,0,85953,429765,515718
Okt-2026,TIGALAPANKAOS PALU,KEMEJA MAMU,KEMEJA SHANGHAI TOFFEE PJG L,0,5,0,0,85953,429765,429765
Jan-2026,TIGALAPANKAOS PALU,KEMEJA MAMU,KEMEJA SHANGHAI TOFFEE PJG M,0,5,0,0,87214,436070,0
Feb-2026,TIGALAPANKAOS PALU,KEMEJA MAMU,KEMEJA SHANGHAI TOFFEE PJG M,87214,4,0,0,87214,348856,436070
Mar-2026,TIGALAPANKAOS PALU,KEMEJA MAMU,KEMEJA SHANGHAI TOFFEE PJG M,174428,2,0,0,87214,174428,348856
Apr-2026,TIGALAPANKAOS PALU,KEMEJA MAMU,KEMEJA SHANGHAI TOFFEE PJG M,0,2,0,0,85957,171914,174428
Mei-2026,TIGALAPANKAOS PALU,KEMEJA MAMU,KEMEJA SHANGHAI TOFFEE PJG M,0,7,0,0,86007,602049,171914
Jun-2026,TIGALAPANKAOS PALU,KEMEJA MAMU,KEMEJA SHANGHAI TOFFEE PJG M,0,7,0,0,86007,602049,602049
Jul-2026,TIGALAPANKAOS PALU,KEMEJA MAMU,KEMEJA SHANGHAI TOFFEE PJG M,86350,7,0,0,86007,602049,602049
Agu-2026,TIGALAPANKAOS PALU,KEMEJA MAMU,KEMEJA SHANGHAI TOFFEE PJG M,0,6,0,0,86007,516042,602049
Sep-2026,TIGALAPANKAOS PALU,KEMEJA MAMU,KEMEJA SHANGHAI TOFFEE PJG M,0,6,0,0,86007,516042,516042
Okt-2026,TIGALAPANKAOS PALU,KEMEJA MAMU,KEMEJA SHANGHAI TOFFEE PJG M,0,6,0,0,86007,516042,516042
Jan-2026,TIGALAPANKAOS PALU,KEMEJA MAMU,KEMEJA SHANGHAI TOFFEE PJG XL,0,3,0,0,87214,261642,0
Feb-2026,TIGALAPANKAOS PALU,KEMEJA MAMU,KEMEJA SHANGHAI TOFFEE PJG XL,87214,1,0,0,87214,87214,261642
Mar-2026,TIGALAPANKAOS PALU,KEMEJA MAMU,KEMEJA SHANGHAI TOFFEE PJG XL,87214,0,0,0,87214,0,87214
Apr-2026,TIGALAPANKAOS PALU,KEMEJA MAMU,KEMEJA SHANGHAI TOFFEE PJG XL,0,3,0,0,85955,257865,0
Mei-2026,TIGALAPANKAOS PALU,KEMEJA MAMU,KEMEJA SHANGHAI TOFFEE PJG XL,0,8,0,0,85955,687640,257865
Jun-2026,TIGALAPANKAOS PALU,KEMEJA MAMU,KEMEJA SHANGHAI TOFFEE PJG XL,0,8,0,0,85955,687640,687640
Jul-2026,TIGALAPANKAOS PALU,KEMEJA MAMU,KEMEJA SHANGHAI TOFFEE PJG XL,0,8,0,0,85955,687640,687640
Agu-2026,TIGALAPANKAOS PALU,KEMEJA MAMU,KEMEJA SHANGHAI TOFFEE PJG XL,0,8,0,0,85955,687640,687640
Sep-2026,TIGALAPANKAOS PALU,KEMEJA MAMU,KEMEJA SHANGHAI TOFFEE PJG XL,0,8,0,0,85955,687640,687640
Okt-2026,TIGALAPANKAOS PALU,KEMEJA MAMU,KEMEJA SHANGHAI TOFFEE PJG XL,0,8,0,0,85955,687640,687640
Jan-2026,TIGALAPANKAOS POLMAN,KEMEJA MAMU,KEMEJA FORMAL ABU TUA PJG XL,0,5,0,0,88170,440850,0
Feb-2026,TIGALAPANKAOS POLMAN,KEMEJA MAMU,KEMEJA FORMAL ABU TUA PJG XL,0,5,0,0,88170,440850,440850
Mar-2026,TIGALAPANKAOS POLMAN,KEMEJA MAMU,KEMEJA FORMAL ABU TUA PJG XL,88170,4,0,0,88170,352680,440850
Apr-2026,TIGALAPANKAOS POLMAN,KEMEJA MAMU,KEMEJA FORMAL ABU TUA PJG XL,0,4,0,0,88170,352680,352680
Mei-2026,TIGALAPANKAOS POLMAN,KEMEJA MAMU,KEMEJA FORMAL ABU TUA PJG XL,0,4,0,0,88170,352680,352680
Jun-2026,TIGALAPANKAOS POLMAN,KEMEJA MAMU,KEMEJA FORMAL ABU TUA PJG XL,0,4,0,0,88170,352680,352680
Jul-2026,TIGALAPANKAOS POLMAN,KEMEJA MAMU,KEMEJA FORMAL ABU TUA PJG XL,0,4,0,0,88170,352680,352680
Agu-2026,TIGALAPANKAOS POLMAN,KEMEJA MAMU,KEMEJA FORMAL ABU TUA PJG XL,0,4,0,0,88170,352680,352680
Sep-2026,TIGALAPANKAOS POLMAN,KEMEJA MAMU,KEMEJA FORMAL ABU TUA PJG XL,0,4,0,0,88170,352680,352680
Okt-2026,TIGALAPANKAOS POLMAN,KEMEJA MAMU,KEMEJA FORMAL ABU TUA PJG XL,0,4,0,0,88170,352680,352680
Jan-2026,TIGALAPANKAOS POLMAN,KEMEJA MAMU,KEMEJA FORMAL BURGUNDY PDK L,0,3,0,0,75170,225510,0
Feb-2026,TIGALAPANKAOS POLMAN,KEMEJA MAMU,KEMEJA FORMAL BURGUNDY PDK L,0,3,0,0,75170,225510,225510
Mar-2026,TIGALAPANKAOS POLMAN,KEMEJA MAMU,KEMEJA FORMAL BURGUNDY PDK L,75170,2,0,0,75170,150340,225510
Apr-2026,TIGALAPANKAOS POLMAN,KEMEJA MAMU,KEMEJA FORMAL BURGUNDY PDK L,0,2,0,0,75170,150340,150340
Mei-2026,TIGALAPANKAOS POLMAN,KEMEJA MAMU,KEMEJA FORMAL BURGUNDY PDK L,0,2,0,0,75170,150340,150340
Jun-2026,TIGALAPANKAOS POLMAN,KEMEJA MAMU,KEMEJA FORMAL BURGUNDY PDK L,0,2,0,0,75170,150340,150340
Jul-2026,TIGALAPANKAOS POLMAN,KEMEJA MAMU,KEMEJA FORMAL BURGUNDY PDK L,0,2,0,0,75170,150340,150340
Agu-2026,TIGALAPANKAOS POLMAN,KEMEJA MAMU,KEMEJA FORMAL BURGUNDY PDK L,75170,2,0,0,75170,150340,150340
Sep-2026,TIGALAPANKAOS POLMAN,KEMEJA MAMU,KEMEJA FORMAL BURGUNDY PDK L,0,1,0,0,75170,75170,150340
Okt-2026,TIGALAPANKAOS POLMAN,KEMEJA MAMU,KEMEJA FORMAL BURGUNDY PDK L,0,1,0,0,75170,75170,75170
Jan-2026,TIGALAPANKAOS POLMAN,KEMEJA MAMU,KEMEJA FORMAL BURGUNDY PDK XL,75170,0,0,0,75170,0,0
Jan-2026,TIGALAPANKAOS POLMAN,KEMEJA MAMU,KEMEJA FORMAL BURGUNDY PJG L,0,6,0,0,88170,529020,0
Feb-2026,TIGALAPANKAOS POLMAN,KEMEJA MAMU,KEMEJA FORMAL BURGUNDY PJG L,0,6,0,0,88170,529020,529020
Mar-2026,TIGALAPANKAOS POLMAN,KEMEJA MAMU,KEMEJA FORMAL BURGUNDY PJG L,0,6,0,0,88170,529020,529020
Apr-2026,TIGALAPANKAOS POLMAN,KEMEJA MAMU,KEMEJA FORMAL BURGUNDY PJG L,0,6,0,0,88170,529020,529020
Mei-2026,TIGALAPANKAOS POLMAN,KEMEJA MAMU,KEMEJA FORMAL BURGUNDY PJG L,0,6,0,0,88170,529020,529020
Jun-2026,TIGALAPANKAOS POLMAN,KEMEJA MAMU,KEMEJA FORMAL BURGUNDY PJG L,0,6,0,0,88170,529020,529020
Jul-2026,TIGALAPANKAOS POLMAN,KEMEJA MAMU,KEMEJA FORMAL BURGUNDY PJG L,0,6,0,0,88170,529020,529020
Agu-2026,TIGALAPANKAOS POLMAN,KEMEJA MAMU,KEMEJA FORMAL BURGUNDY PJG L,0,6,0,0,88170,529020,529020
Sep-2026,TIGALAPANKAOS POLMAN,KEMEJA MAMU,KEMEJA FORMAL BURGUNDY PJG L,0,6,0,0,88170,529020,529020
Okt-2026,TIGALAPANKAOS POLMAN,KEMEJA MAMU,KEMEJA FORMAL BURGUNDY PJG L,0,6,0,0,88170,529020,529020
Jan-2026,TIGALAPANKAOS POLMAN,KEMEJA MAMU,KEMEJA FORMAL BURGUNDY PJG M,0,1,0,0,88170,88170,0
Feb-2026,TIGALAPANKAOS POLMAN,KEMEJA MAMU,KEMEJA FORMAL BURGUNDY PJG M,0,1,0,0,88170,88170,88170
Mar-2026,TIGALAPANKAOS POLMAN,KEMEJA MAMU,KEMEJA FORMAL BURGUNDY PJG M,0,1,0,0,88170,88170,88170
Apr-2026,TIGALAPANKAOS POLMAN,KEMEJA MAMU,KEMEJA FORMAL BURGUNDY PJG M,0,1,0,0,88170,88170,88170
Mei-2026,TIGALAPANKAOS POLMAN,KEMEJA MAMU,KEMEJA FORMAL BURGUNDY PJG M,0,1,0,0,88170,88170,88170
Jun-2026,TIGALAPANKAOS POLMAN,KEMEJA MAMU,KEMEJA FORMAL BURGUNDY PJG M,0,1,0,0,88170,88170,88170
Jul-2026,TIGALAPANKAOS POLMAN,KEMEJA MAMU,KEMEJA FORMAL BURGUNDY PJG M,0,1,0,0,88170,88170,88170
Agu-2026,TIGALAPANKAOS POLMAN,KEMEJA MAMU,KEMEJA FORMAL BURGUNDY PJG M,0,1,0,0,88170,88170,88170
Sep-2026,TIGALAPANKAOS POLMAN,KEMEJA MAMU,KEMEJA FORMAL BURGUNDY PJG M,0,1,0,0,88170,88170,88170
Okt-2026,TIGALAPANKAOS POLMAN,KEMEJA MAMU,KEMEJA FORMAL BURGUNDY PJG M,0,1,0,0,88170,88170,88170
Jan-2026,TIGALAPANKAOS POLMAN,KEMEJA MAMU,KEMEJA FORMAL BURGUNDY PJG XL,0,4,0,0,88170,352680,0
Feb-2026,TIGALAPANKAOS POLMAN,KEMEJA MAMU,KEMEJA FORMAL BURGUNDY PJG XL,0,4,0,0,88170,352680,352680
Mar-2026,TIGALAPANKAOS POLMAN,KEMEJA MAMU,KEMEJA FORMAL BURGUNDY PJG XL,0,4,0,0,88170,352680,352680
Apr-2026,TIGALAPANKAOS POLMAN,KEMEJA MAMU,KEMEJA FORMAL BURGUNDY PJG XL,0,4,0,0,88170,352680,352680
Mei-2026,TIGALAPANKAOS POLMAN,KEMEJA MAMU,KEMEJA FORMAL BURGUNDY PJG XL,0,4,0,0,88170,352680,352680
Jun-2026,TIGALAPANKAOS POLMAN,KEMEJA MAMU,KEMEJA FORMAL BURGUNDY PJG XL,0,4,0,0,88170,352680,352680
Jul-2026,TIGALAPANKAOS POLMAN,KEMEJA MAMU,KEMEJA FORMAL BURGUNDY PJG XL,0,4,0,0,88170,352680,352680
Agu-2026,TIGALAPANKAOS POLMAN,KEMEJA MAMU,KEMEJA FORMAL BURGUNDY PJG XL,0,4,0,0,88170,352680,352680
Sep-2026,TIGALAPANKAOS POLMAN,KEMEJA MAMU,KEMEJA FORMAL BURGUNDY PJG XL,0,4,0,0,88170,352680,352680
Okt-2026,TIGALAPANKAOS POLMAN,KEMEJA MAMU,KEMEJA FORMAL BURGUNDY PJG XL,0,4,0,0,88170,352680,352680
Mei-2026,TIGALAPANKAOS POLMAN,KEMEJA MAMU,KEMEJA FORMAL COKLAT TUA PDK L,0,2,0,0,159000,318000,0
Jun-2026,TIGALAPANKAOS POLMAN,KEMEJA MAMU,KEMEJA FORMAL COKLAT TUA PDK L,0,2,0,0,159000,318000,318000
Jul-2026,TIGALAPANKAOS POLMAN,KEMEJA MAMU,KEMEJA FORMAL COKLAT TUA PDK L,0,0,0,0,159000,0,318000
Sep-2026,TIGALAPANKAOS POLMAN,KEMEJA MAMU,KEMEJA FORMAL COKLAT TUA PDK L,72925,0,0,0,159000,0,0
Mei-2026,TIGALAPANKAOS POLMAN,KEMEJA MAMU,KEMEJA FORMAL COKLAT TUA PDK M,72926,1,0,0,159000,159000,0
Jun-2026,TIGALAPANKAOS POLMAN,KEMEJA MAMU,KEMEJA FORMAL COKLAT TUA PDK M,0,1,0,0,159000,159000,159000
Jul-2026,TIGALAPANKAOS POLMAN,KEMEJA MAMU,KEMEJA FORMAL COKLAT TUA PDK M,0,0,0,0,159000,0,159000
Mei-2026,TIGALAPANKAOS POLMAN,KEMEJA MAMU,KEMEJA FORMAL COKLAT TUA PDK XL,0,2,0,0,159000,318000,0
Jun-2026,TIGALAPANKAOS POLMAN,KEMEJA MAMU,KEMEJA FORMAL COKLAT TUA PDK XL,72923,1,0,0,159000,159000,318000
Jul-2026,TIGALAPANKAOS POLMAN,KEMEJA MAMU,KEMEJA FORMAL COKLAT TUA PDK XL,0,0,0,0,159000,0,159000
Mei-2026,TIGALAPANKAOS POLMAN,KEMEJA MAMU,KEMEJA FORMAL COKLAT TUA PJG L,0,2,0,0,189000,378000,0
Jun-2026,TIGALAPANKAOS POLMAN,KEMEJA MAMU,KEMEJA FORMAL COKLAT TUA PJG L,0,2,0,0,189000,378000,378000
Jul-2026,TIGALAPANKAOS POLMAN,KEMEJA MAMU,KEMEJA FORMAL COKLAT TUA PJG L,0,0,0,0,189000,0,378000
Agu-2026,TIGALAPANKAOS POLMAN,KEMEJA MAMU,KEMEJA FORMAL COKLAT TUA PJG L,85926,3,0,0,189000,567000,0
Sep-2026,TIGALAPANKAOS POLMAN,KEMEJA MAMU,KEMEJA FORMAL COKLAT TUA PJG L,85926,2,0,0,189000,378000,567000
Okt-2026,TIGALAPANKAOS POLMAN,KEMEJA MAMU,KEMEJA FORMAL COKLAT TUA PJG L,0,1,0,0,189000,189000,378000
Mei-2026,TIGALAPANKAOS POLMAN,KEMEJA MAMU,KEMEJA FORMAL COKLAT TUA PJG M,0,2,0,0,189000,378000,0
Jun-2026,TIGALAPANKAOS POLMAN,KEMEJA MAMU,KEMEJA FORMAL COKLAT TUA PJG M,0,2,0,0,189000,378000,378000
Jul-2026,TIGALAPANKAOS POLMAN,KEMEJA MAMU,KEMEJA FORMAL COKLAT TUA PJG M,0,0,0,0,189000,0,378000
Mei-2026,TIGALAPANKAOS POLMAN,KEMEJA MAMU,KEMEJA FORMAL COKLAT TUA PJG XL,0,2,0,0,189000,378000,0
Jun-2026,TIGALAPANKAOS POLMAN,KEMEJA MAMU,KEMEJA FORMAL COKLAT TUA PJG XL,0,2,0,0,189000,378000,378000
Jul-2026,TIGALAPANKAOS POLMAN,KEMEJA MAMU,KEMEJA FORMAL COKLAT TUA PJG XL,0,0,0,0,189000,0,378000
Sep-2026,TIGALAPANKAOS POLMAN,KEMEJA MAMU,KEMEJA FORMAL COKLAT TUA PJG XL,0,1,0,0,189000,189000,0
Okt-2026,TIGALAPANKAOS POLMAN,KEMEJA MAMU,KEMEJA FORMAL COKLAT TUA PJG XL,0,1,0,0,189000,189000,189000
Jan-2026,TIGALAPANKAOS POLMAN,KEMEJA MAMU,KEMEJA FORMAL HITAM PDK 2XL,0,1,0,0,74214,74214,0
Feb-2026,TIGALAPANKAOS POLMAN,KEMEJA MAMU,KEMEJA FORMAL HITAM PDK 2XL,0,1,0,0,74214,74214,74214
Mar-2026,TIGALAPANKAOS POLMAN,KEMEJA MAMU,KEMEJA FORMAL HITAM PDK 2XL,0,1,0,0,74214,74214,74214
Apr-2026,TIGALAPANKAOS POLMAN,KEMEJA MAMU,KEMEJA FORMAL HITAM PDK 2XL,0,1,0,0,74214,74214,74214
Mei-2026,TIGALAPANKAOS POLMAN,KEMEJA MAMU,KEMEJA FORMAL HITAM PDK 2XL,0,1,0,0,72954,72954,74214
Jun-2026,TIGALAPANKAOS POLMAN,KEMEJA MAMU,KEMEJA FORMAL HITAM PDK 2XL,0,1,0,0,72954,72954,72954
Jul-2026,TIGALAPANKAOS POLMAN,KEMEJA MAMU,KEMEJA FORMAL HITAM PDK 2XL,0,1,0,0,72954,72954,72954
Agu-2026,TIGALAPANKAOS POLMAN,KEMEJA MAMU,KEMEJA FORMAL HITAM PDK 2XL,74214,1,0,0,72954,72954,72954
Sep-2026,TIGALAPANKAOS POLMAN,KEMEJA MAMU,KEMEJA FORMAL HITAM PDK 2XL,0,0,0,0,72954,0,72954
Jan-2026,TIGALAPANKAOS POLMAN,KEMEJA MAMU,KEMEJA FORMAL HITAM PDK L,0,11,0,0,74206,816266,0
Feb-2026,TIGALAPANKAOS POLMAN,KEMEJA MAMU,KEMEJA FORMAL HITAM PDK L,0,11,0,0,74206,816266,816266
Mar-2026,TIGALAPANKAOS POLMAN,KEMEJA MAMU,KEMEJA FORMAL HITAM PDK L,222618,6,0,0,74158,444948,816266
Apr-2026,TIGALAPANKAOS POLMAN,KEMEJA MAMU,KEMEJA FORMAL HITAM PDK L,0,6,0,0,74158,444948,444948
Mei-2026,TIGALAPANKAOS POLMAN,KEMEJA MAMU,KEMEJA FORMAL HITAM PDK L,0,6,0,0,72993,437958,444948
Jun-2026,TIGALAPANKAOS POLMAN,KEMEJA MAMU,KEMEJA FORMAL HITAM PDK L,0,6,0,0,72993,437958,437958
Jul-2026,TIGALAPANKAOS POLMAN,KEMEJA MAMU,KEMEJA FORMAL HITAM PDK L,0,6,0,0,72993,437958,437958
Agu-2026,TIGALAPANKAOS POLMAN,KEMEJA MAMU,KEMEJA FORMAL HITAM PDK L,0,6,0,0,72993,437958,437958
Sep-2026,TIGALAPANKAOS POLMAN,KEMEJA MAMU,KEMEJA FORMAL HITAM PDK L,0,6,0,0,72993,437958,437958
Okt-2026,TIGALAPANKAOS POLMAN,KEMEJA MAMU,KEMEJA FORMAL HITAM PDK L,0,6,0,0,72993,437958,437958
Apr-2026,TIGALAPANKAOS POLMAN,KEMEJA MAMU,KEMEJA FORMAL HITAM PDK M,0,2,0,0,74154,148308,0
Mei-2026,TIGALAPANKAOS POLMAN,KEMEJA MAMU,KEMEJA FORMAL HITAM PDK M,0,2,0,0,72991,145982,148308
Jun-2026,TIGALAPANKAOS POLMAN,KEMEJA MAMU,KEMEJA FORMAL HITAM PDK M,0,2,0,0,72991,145982,145982
Jul-2026,TIGALAPANKAOS POLMAN,KEMEJA MAMU,KEMEJA FORMAL HITAM PDK M,0,2,0,0,72991,145982,145982
Agu-2026,TIGALAPANKAOS POLMAN,KEMEJA MAMU,KEMEJA FORMAL HITAM PDK M,0,5,0,0,72991,364955,145982
Sep-2026,TIGALAPANKAOS POLMAN,KEMEJA MAMU,KEMEJA FORMAL HITAM PDK M,0,5,0,0,72991,364955,364955
Okt-2026,TIGALAPANKAOS POLMAN,KEMEJA MAMU,KEMEJA FORMAL HITAM PDK M,0,5,0,0,72991,364955,364955
Apr-2026,TIGALAPANKAOS POLMAN,KEMEJA MAMU,KEMEJA FORMAL HITAM PDK XL,0,1,0,0,73987,73987,0
Mei-2026,TIGALAPANKAOS POLMAN,KEMEJA MAMU,KEMEJA FORMAL HITAM PDK XL,0,3,0,0,72991,218973,73987
Jun-2026,TIGALAPANKAOS POLMAN,KEMEJA MAMU,KEMEJA FORMAL HITAM PDK XL,0,3,0,0,72991,218973,218973
Jul-2026,TIGALAPANKAOS POLMAN,KEMEJA MAMU,KEMEJA FORMAL HITAM PDK XL,0,3,0,0,72991,218973,218973
Agu-2026,TIGALAPANKAOS POLMAN,KEMEJA MAMU,KEMEJA FORMAL HITAM PDK XL,0,6,0,0,72991,437946,218973
Sep-2026,TIGALAPANKAOS POLMAN,KEMEJA MAMU,KEMEJA FORMAL HITAM PDK XL,72985,5,0,0,72991,364955,437946
Okt-2026,TIGALAPANKAOS POLMAN,KEMEJA MAMU,KEMEJA FORMAL HITAM PDK XL,0,5,0,0,72991,364955,364955
Jan-2026,TIGALAPANKAOS POLMAN,KEMEJA MAMU,KEMEJA FORMAL HITAM PJG L,0,14,0,0,87185,1220590,0
Feb-2026,TIGALAPANKAOS POLMAN,KEMEJA MAMU,KEMEJA FORMAL HITAM PJG L,0,14,0,0,87185,1220590,1220590
Mar-2026,TIGALAPANKAOS POLMAN,KEMEJA MAMU,KEMEJA FORMAL HITAM PJG L,0,12,0,0,87110,1045320,1220590
Apr-2026,TIGALAPANKAOS POLMAN,KEMEJA MAMU,KEMEJA FORMAL HITAM PJG L,0,12,0,0,87110,1045320,1045320
Mei-2026,TIGALAPANKAOS POLMAN,KEMEJA MAMU,KEMEJA FORMAL HITAM PJG L,0,12,0,0,86028,1032336,1045320
Jun-2026,TIGALAPANKAOS POLMAN,KEMEJA MAMU,KEMEJA FORMAL HITAM PJG L,0,12,0,0,86028,1032336,1032336
Jul-2026,TIGALAPANKAOS POLMAN,KEMEJA MAMU,KEMEJA FORMAL HITAM PJG L,0,12,0,0,86028,1032336,1032336
Agu-2026,TIGALAPANKAOS POLMAN,KEMEJA MAMU,KEMEJA FORMAL HITAM PJG L,0,12,0,0,86028,1032336,1032336
Sep-2026,TIGALAPANKAOS POLMAN,KEMEJA MAMU,KEMEJA FORMAL HITAM PJG L,0,12,0,0,86028,1032336,1032336
Okt-2026,TIGALAPANKAOS POLMAN,KEMEJA MAMU,KEMEJA FORMAL HITAM PJG L,0,12,0,0,86028,1032336,1032336
Jan-2026,TIGALAPANKAOS POLMAN,KEMEJA MAMU,KEMEJA FORMAL HITAM PJG M,87214,9,0,0,87214,784926,0
Feb-2026,TIGALAPANKAOS POLMAN,KEMEJA MAMU,KEMEJA FORMAL HITAM PJG M,0,9,0,0,87214,784926,784926
Mar-2026,TIGALAPANKAOS POLMAN,KEMEJA MAMU,KEMEJA FORMAL HITAM PJG M,0,8,0,0,87183,697464,784926
Apr-2026,TIGALAPANKAOS POLMAN,KEMEJA MAMU,KEMEJA FORMAL HITAM PJG M,0,8,0,0,87183,697464,697464
Mei-2026,TIGALAPANKAOS POLMAN,KEMEJA MAMU,KEMEJA FORMAL HITAM PJG M,0,8,0,0,85993,687944,697464
Jun-2026,TIGALAPANKAOS POLMAN,KEMEJA MAMU,KEMEJA FORMAL HITAM PJG M,0,8,0,0,85993,687944,687944
Jul-2026,TIGALAPANKAOS POLMAN,KEMEJA MAMU,KEMEJA FORMAL HITAM PJG M,0,8,0,0,85993,687944,687944
Agu-2026,TIGALAPANKAOS POLMAN,KEMEJA MAMU,KEMEJA FORMAL HITAM PJG M,0,8,0,0,85993,687944,687944
Sep-2026,TIGALAPANKAOS POLMAN,KEMEJA MAMU,KEMEJA FORMAL HITAM PJG M,0,8,0,0,85993,687944,687944
Okt-2026,TIGALAPANKAOS POLMAN,KEMEJA MAMU,KEMEJA FORMAL HITAM PJG M,0,8,0,0,85993,687944,687944
Jan-2026,TIGALAPANKAOS POLMAN,KEMEJA MAMU,KEMEJA FORMAL HITAM PJG S,0,1,0,0,87214,87214,0
Feb-2026,TIGALAPANKAOS POLMAN,KEMEJA MAMU,KEMEJA FORMAL HITAM PJG S,87214,0,0,0,87214,0,87214
Jan-2026,TIGALAPANKAOS POLMAN,KEMEJA MAMU,KEMEJA FORMAL HITAM PJG XL,87214,1,0,0,87214,87214,0
Feb-2026,TIGALAPANKAOS POLMAN,KEMEJA MAMU,KEMEJA FORMAL HITAM PJG XL,0,1,0,0,87214,87214,87214
Mar-2026,TIGALAPANKAOS POLMAN,KEMEJA MAMU,KEMEJA FORMAL HITAM PJG XL,0,1,0,0,87214,87214,87214
Apr-2026,TIGALAPANKAOS POLMAN,KEMEJA MAMU,KEMEJA FORMAL HITAM PJG XL,0,1,0,0,87214,87214,87214
Mei-2026,TIGALAPANKAOS POLMAN,KEMEJA MAMU,KEMEJA FORMAL HITAM PJG XL,0,3,0,0,85989,257967,87214
Jun-2026,TIGALAPANKAOS POLMAN,KEMEJA MAMU,KEMEJA FORMAL HITAM PJG XL,0,3,0,0,85989,257967,257967
Jul-2026,TIGALAPANKAOS POLMAN,KEMEJA MAMU,KEMEJA FORMAL HITAM PJG XL,0,3,0,0,85989,257967,257967
Agu-2026,TIGALAPANKAOS POLMAN,KEMEJA MAMU,KEMEJA FORMAL HITAM PJG XL,0,5,0,0,85989,429945,257967
Sep-2026,TIGALAPANKAOS POLMAN,KEMEJA MAMU,KEMEJA FORMAL HITAM PJG XL,0,5,0,0,85989,429945,429945
Okt-2026,TIGALAPANKAOS POLMAN,KEMEJA MAMU,KEMEJA FORMAL HITAM PJG XL,0,5,0,0,85989,429945,429945
Apr-2026,TIGALAPANKAOS POLMAN,KEMEJA MAMU,KEMEJA FORMAL LIGHT BROWN PDK XL,0,1,0,0,72979,72979,0
Mei-2026,TIGALAPANKAOS POLMAN,KEMEJA MAMU,KEMEJA FORMAL LIGHT BROWN PDK XL,72979,0,0,0,75170,0,72979
Jan-2026,TIGALAPANKAOS POLMAN,KEMEJA MAMU,KEMEJA FORMAL LIGHT BROWN PJG 2XL,0,1,0,0,88170,88170,0
Feb-2026,TIGALAPANKAOS POLMAN,KEMEJA MAMU,KEMEJA FORMAL LIGHT BROWN PJG 2XL,0,1,0,0,85928,85928,88170
Mar-2026,TIGALAPANKAOS POLMAN,KEMEJA MAMU,KEMEJA FORMAL LIGHT BROWN PJG 2XL,0,1,0,0,85928,85928,85928
Apr-2026,TIGALAPANKAOS POLMAN,KEMEJA MAMU,KEMEJA FORMAL LIGHT BROWN PJG 2XL,0,1,0,0,85928,85928,85928
Mei-2026,TIGALAPANKAOS POLMAN,KEMEJA MAMU,KEMEJA FORMAL LIGHT BROWN PJG 2XL,0,1,0,0,85928,85928,85928
Jun-2026,TIGALAPANKAOS POLMAN,KEMEJA MAMU,KEMEJA FORMAL LIGHT BROWN PJG 2XL,0,1,0,0,85928,85928,85928
Jul-2026,TIGALAPANKAOS POLMAN,KEMEJA MAMU,KEMEJA FORMAL LIGHT BROWN PJG 2XL,0,1,0,0,85928,85928,85928
Agu-2026,TIGALAPANKAOS POLMAN,KEMEJA MAMU,KEMEJA FORMAL LIGHT BROWN PJG 2XL,0,1,0,0,85928,85928,85928
Sep-2026,TIGALAPANKAOS POLMAN,KEMEJA MAMU,KEMEJA FORMAL LIGHT BROWN PJG 2XL,0,1,0,0,85928,85928,85928
Okt-2026,TIGALAPANKAOS POLMAN,KEMEJA MAMU,KEMEJA FORMAL LIGHT BROWN PJG 2XL,0,1,0,0,85928,85928,85928
Jan-2026,TIGALAPANKAOS POLMAN,KEMEJA MAMU,KEMEJA FORMAL LIGHT BROWN PJG L,0,4,0,0,88170,352680,0
Feb-2026,TIGALAPANKAOS POLMAN,KEMEJA MAMU,KEMEJA FORMAL LIGHT BROWN PJG L,0,4,0,0,85928,343712,352680
Mar-2026,TIGALAPANKAOS POLMAN,KEMEJA MAMU,KEMEJA FORMAL LIGHT BROWN PJG L,0,4,0,0,85957,343828,343712
Apr-2026,TIGALAPANKAOS POLMAN,KEMEJA MAMU,KEMEJA FORMAL LIGHT BROWN PJG L,88170,3,0,0,85957,257871,343828
Mei-2026,TIGALAPANKAOS POLMAN,KEMEJA MAMU,KEMEJA FORMAL LIGHT BROWN PJG L,0,3,0,0,85957,257871,257871
Jun-2026,TIGALAPANKAOS POLMAN,KEMEJA MAMU,KEMEJA FORMAL LIGHT BROWN PJG L,0,3,0,0,85957,257871,257871
Jul-2026,TIGALAPANKAOS POLMAN,KEMEJA MAMU,KEMEJA FORMAL LIGHT BROWN PJG L,0,3,0,0,85957,257871,257871
Agu-2026,TIGALAPANKAOS POLMAN,KEMEJA MAMU,KEMEJA FORMAL LIGHT BROWN PJG L,0,3,0,0,85957,257871,257871
Sep-2026,TIGALAPANKAOS POLMAN,KEMEJA MAMU,KEMEJA FORMAL LIGHT BROWN PJG L,0,3,0,0,85957,257871,257871
Okt-2026,TIGALAPANKAOS POLMAN,KEMEJA MAMU,KEMEJA FORMAL LIGHT BROWN PJG L,0,3,0,0,85957,257871,257871
Jan-2026,TIGALAPANKAOS POLMAN,KEMEJA MAMU,KEMEJA FORMAL LIGHT BROWN PJG XL,0,3,0,0,88170,264510,0
Feb-2026,TIGALAPANKAOS POLMAN,KEMEJA MAMU,KEMEJA FORMAL LIGHT BROWN PJG XL,0,3,0,0,85928,257784,264510
Mar-2026,TIGALAPANKAOS POLMAN,KEMEJA MAMU,KEMEJA FORMAL LIGHT BROWN PJG XL,0,3,0,0,85974,257922,257784
Apr-2026,TIGALAPANKAOS POLMAN,KEMEJA MAMU,KEMEJA FORMAL LIGHT BROWN PJG XL,0,3,0,0,85974,257922,257922
Mei-2026,TIGALAPANKAOS POLMAN,KEMEJA MAMU,KEMEJA FORMAL LIGHT BROWN PJG XL,0,3,0,0,85974,257922,257922
Jun-2026,TIGALAPANKAOS POLMAN,KEMEJA MAMU,KEMEJA FORMAL LIGHT BROWN PJG XL,0,3,0,0,85974,257922,257922
Jul-2026,TIGALAPANKAOS POLMAN,KEMEJA MAMU,KEMEJA FORMAL LIGHT BROWN PJG XL,0,3,0,0,85974,257922,257922
Agu-2026,TIGALAPANKAOS POLMAN,KEMEJA MAMU,KEMEJA FORMAL LIGHT BROWN PJG XL,0,3,0,0,85974,257922,257922
Sep-2026,TIGALAPANKAOS POLMAN,KEMEJA MAMU,KEMEJA FORMAL LIGHT BROWN PJG XL,0,3,0,0,85974,257922,257922
Okt-2026,TIGALAPANKAOS POLMAN,KEMEJA MAMU,KEMEJA FORMAL LIGHT BROWN PJG XL,0,3,0,0,85974,257922,257922
Jan-2026,TIGALAPANKAOS POLMAN,KEMEJA MAMU,KEMEJA FORMAL NAVY PJG L,0,8,0,0,86797,694376,0
Feb-2026,TIGALAPANKAOS POLMAN,KEMEJA MAMU,KEMEJA FORMAL NAVY PJG L,0,8,0,0,88095,704760,694376
Mar-2026,TIGALAPANKAOS POLMAN,KEMEJA MAMU,KEMEJA FORMAL NAVY PJG L,0,8,0,0,86580,692640,704760
Apr-2026,TIGALAPANKAOS POLMAN,KEMEJA MAMU,KEMEJA FORMAL NAVY PJG L,0,8,0,0,86580,692640,692640
Mei-2026,TIGALAPANKAOS POLMAN,KEMEJA MAMU,KEMEJA FORMAL NAVY PJG L,0,8,0,0,86580,692640,692640
Jun-2026,TIGALAPANKAOS POLMAN,KEMEJA MAMU,KEMEJA FORMAL NAVY PJG L,0,8,0,0,86580,692640,692640
Jul-2026,TIGALAPANKAOS POLMAN,KEMEJA MAMU,KEMEJA FORMAL NAVY PJG L,0,8,0,0,86580,692640,692640
Agu-2026,TIGALAPANKAOS POLMAN,KEMEJA MAMU,KEMEJA FORMAL NAVY PJG L,0,8,0,0,86580,692640,692640
Sep-2026,TIGALAPANKAOS POLMAN,KEMEJA MAMU,KEMEJA FORMAL NAVY PJG L,0,8,0,0,86580,692640,692640
Okt-2026,TIGALAPANKAOS POLMAN,KEMEJA MAMU,KEMEJA FORMAL NAVY PJG L,0,8,0,0,86580,692640,692640
Jan-2026,TIGALAPANKAOS POLMAN,KEMEJA MAMU,KEMEJA FORMAL NAVY PJG M,0,3,0,0,86797,260391,0
Feb-2026,TIGALAPANKAOS POLMAN,KEMEJA MAMU,KEMEJA FORMAL NAVY PJG M,0,3,0,0,88095,264285,260391
Mar-2026,TIGALAPANKAOS POLMAN,KEMEJA MAMU,KEMEJA FORMAL NAVY PJG M,0,3,0,0,85993,257979,264285
Apr-2026,TIGALAPANKAOS POLMAN,KEMEJA MAMU,KEMEJA FORMAL NAVY PJG M,0,3,0,0,85993,257979,257979
Mei-2026,TIGALAPANKAOS POLMAN,KEMEJA MAMU,KEMEJA FORMAL NAVY PJG M,0,3,0,0,85993,257979,257979
Jun-2026,TIGALAPANKAOS POLMAN,KEMEJA MAMU,KEMEJA FORMAL NAVY PJG M,0,3,0,0,85993,257979,257979
Jul-2026,TIGALAPANKAOS POLMAN,KEMEJA MAMU,KEMEJA FORMAL NAVY PJG M,0,3,0,0,85993,257979,257979
Agu-2026,TIGALAPANKAOS POLMAN,KEMEJA MAMU,KEMEJA FORMAL NAVY PJG M,0,3,0,0,85993,257979,257979
Sep-2026,TIGALAPANKAOS POLMAN,KEMEJA MAMU,KEMEJA FORMAL NAVY PJG M,0,3,0,0,85993,257979,257979
Okt-2026,TIGALAPANKAOS POLMAN,KEMEJA MAMU,KEMEJA FORMAL NAVY PJG M,0,3,0,0,85993,257979,257979
Jan-2026,TIGALAPANKAOS POLMAN,KEMEJA MAMU,KEMEJA FORMAL NAVY PJG XL,0,3,0,0,86797,260391,0
Feb-2026,TIGALAPANKAOS POLMAN,KEMEJA MAMU,KEMEJA FORMAL NAVY PJG XL,0,3,0,0,88095,264285,260391
Mar-2026,TIGALAPANKAOS POLMAN,KEMEJA MAMU,KEMEJA FORMAL NAVY PJG XL,0,3,0,0,86519,259557,264285
Apr-2026,TIGALAPANKAOS POLMAN,KEMEJA MAMU,KEMEJA FORMAL NAVY PJG XL,0,3,0,0,86519,259557,259557
Mei-2026,TIGALAPANKAOS POLMAN,KEMEJA MAMU,KEMEJA FORMAL NAVY PJG XL,0,3,0,0,86519,259557,259557
Jun-2026,TIGALAPANKAOS POLMAN,KEMEJA MAMU,KEMEJA FORMAL NAVY PJG XL,0,3,0,0,86519,259557,259557
Jul-2026,TIGALAPANKAOS POLMAN,KEMEJA MAMU,KEMEJA FORMAL NAVY PJG XL,0,3,0,0,86519,259557,259557
Agu-2026,TIGALAPANKAOS POLMAN,KEMEJA MAMU,KEMEJA FORMAL NAVY PJG XL,0,3,0,0,86519,259557,259557
Sep-2026,TIGALAPANKAOS POLMAN,KEMEJA MAMU,KEMEJA FORMAL NAVY PJG XL,0,3,0,0,86519,259557,259557
Okt-2026,TIGALAPANKAOS POLMAN,KEMEJA MAMU,KEMEJA FORMAL NAVY PJG XL,0,3,0,0,86519,259557,259557
Jan-2026,TIGALAPANKAOS POLMAN,KEMEJA MAMU,KEMEJA FORMAL OLIVE GREEN PDK L,73797,1,0,0,73797,73797,0
Feb-2026,TIGALAPANKAOS POLMAN,KEMEJA MAMU,KEMEJA FORMAL OLIVE GREEN PDK L,0,1,0,0,73797,73797,73797
Mar-2026,TIGALAPANKAOS POLMAN,KEMEJA MAMU,KEMEJA FORMAL OLIVE GREEN PDK L,0,1,0,0,73797,73797,73797
Apr-2026,TIGALAPANKAOS POLMAN,KEMEJA MAMU,KEMEJA FORMAL OLIVE GREEN PDK L,0,1,0,0,73797,73797,73797
Mei-2026,TIGALAPANKAOS POLMAN,KEMEJA MAMU,KEMEJA FORMAL OLIVE GREEN PDK L,0,1,0,0,73797,73797,73797
Jun-2026,TIGALAPANKAOS POLMAN,KEMEJA MAMU,KEMEJA FORMAL OLIVE GREEN PDK L,0,1,0,0,73797,73797,73797
Jul-2026,TIGALAPANKAOS POLMAN,KEMEJA MAMU,KEMEJA FORMAL OLIVE GREEN PDK L,73797,1,0,0,73797,73797,73797
Agu-2026,TIGALAPANKAOS POLMAN,KEMEJA MAMU,KEMEJA FORMAL OLIVE GREEN PDK L,0,0,0,0,73797,0,73797
Jan-2026,TIGALAPANKAOS POLMAN,KEMEJA MAMU,KEMEJA FORMAL OLIVE GREEN PJG M,86797,2,0,0,86797,173594,0
Feb-2026,TIGALAPANKAOS POLMAN,KEMEJA MAMU,KEMEJA FORMAL OLIVE GREEN PJG M,0,2,0,0,86797,173594,173594
Mar-2026,TIGALAPANKAOS POLMAN,KEMEJA MAMU,KEMEJA FORMAL OLIVE GREEN PJG M,0,2,0,0,86797,173594,173594
Apr-2026,TIGALAPANKAOS POLMAN,KEMEJA MAMU,KEMEJA FORMAL OLIVE GREEN PJG M,0,2,0,0,86797,173594,173594
Mei-2026,TIGALAPANKAOS POLMAN,KEMEJA MAMU,KEMEJA FORMAL OLIVE GREEN PJG M,0,2,0,0,86797,173594,173594
Jun-2026,TIGALAPANKAOS POLMAN,KEMEJA MAMU,KEMEJA FORMAL OLIVE GREEN PJG M,0,2,0,0,86797,173594,173594
Jul-2026,TIGALAPANKAOS POLMAN,KEMEJA MAMU,KEMEJA FORMAL OLIVE GREEN PJG M,86797,1,0,0,86797,86797,173594
Agu-2026,TIGALAPANKAOS POLMAN,KEMEJA MAMU,KEMEJA FORMAL OLIVE GREEN PJG M,0,1,0,0,86797,86797,86797
Sep-2026,TIGALAPANKAOS POLMAN,KEMEJA MAMU,KEMEJA FORMAL OLIVE GREEN PJG M,0,1,0,0,86797,86797,86797
Okt-2026,TIGALAPANKAOS POLMAN,KEMEJA MAMU,KEMEJA FORMAL OLIVE GREEN PJG M,0,1,0,0,86797,86797,86797
Jan-2026,TIGALAPANKAOS POLMAN,KEMEJA MAMU,KEMEJA FORMAL STEEL BLUE PJG 2XL,88053,0,0,0,88053,0,0
Jan-2026,TIGALAPANKAOS POLMAN,KEMEJA MAMU,KEMEJA FORMAL STEEL BLUE PJG L,0,13,0,0,88053,1144689,0
Feb-2026,TIGALAPANKAOS POLMAN,KEMEJA MAMU,KEMEJA FORMAL STEEL BLUE PJG L,0,13,0,0,88053,1144689,1144689
Mar-2026,TIGALAPANKAOS POLMAN,KEMEJA MAMU,KEMEJA FORMAL STEEL BLUE PJG L,0,13,0,0,87505,1137565,1144689
Apr-2026,TIGALAPANKAOS POLMAN,KEMEJA MAMU,KEMEJA FORMAL STEEL BLUE PJG L,0,13,0,0,87505,1137565,1137565
Mei-2026,TIGALAPANKAOS POLMAN,KEMEJA MAMU,KEMEJA FORMAL STEEL BLUE PJG L,0,13,0,0,87170,1133210,1137565
Jun-2026,TIGALAPANKAOS POLMAN,KEMEJA MAMU,KEMEJA FORMAL STEEL BLUE PJG L,0,13,0,0,87170,1133210,1133210
Jul-2026,TIGALAPANKAOS POLMAN,KEMEJA MAMU,KEMEJA FORMAL STEEL BLUE PJG L,0,13,0,0,87170,1133210,1133210
Agu-2026,TIGALAPANKAOS POLMAN,KEMEJA MAMU,KEMEJA FORMAL STEEL BLUE PJG L,0,13,0,0,87170,1133210,1133210
Sep-2026,TIGALAPANKAOS POLMAN,KEMEJA MAMU,KEMEJA FORMAL STEEL BLUE PJG L,0,13,0,0,87170,1133210,1133210
Okt-2026,TIGALAPANKAOS POLMAN,KEMEJA MAMU,KEMEJA FORMAL STEEL BLUE PJG L,0,13,0,0,87170,1133210,1133210
Jan-2026,TIGALAPANKAOS POLMAN,KEMEJA MAMU,KEMEJA FORMAL STEEL BLUE PJG M,176006,3,0,0,88053,264159,0
Feb-2026,TIGALAPANKAOS POLMAN,KEMEJA MAMU,KEMEJA FORMAL STEEL BLUE PJG M,0,3,0,0,88053,264159,264159
Mar-2026,TIGALAPANKAOS POLMAN,KEMEJA MAMU,KEMEJA FORMAL STEEL BLUE PJG M,0,3,0,0,88053,264159,264159
Apr-2026,TIGALAPANKAOS POLMAN,KEMEJA MAMU,KEMEJA FORMAL STEEL BLUE PJG M,0,3,0,0,88053,264159,264159
Mei-2026,TIGALAPANKAOS POLMAN,KEMEJA MAMU,KEMEJA FORMAL STEEL BLUE PJG M,0,3,0,0,88053,264159,264159
Jun-2026,TIGALAPANKAOS POLMAN,KEMEJA MAMU,KEMEJA FORMAL STEEL BLUE PJG M,0,3,0,0,88053,264159,264159
Jul-2026,TIGALAPANKAOS POLMAN,KEMEJA MAMU,KEMEJA FORMAL STEEL BLUE PJG M,0,3,0,0,88053,264159,264159
Agu-2026,TIGALAPANKAOS POLMAN,KEMEJA MAMU,KEMEJA FORMAL STEEL BLUE PJG M,0,3,0,0,88053,264159,264159
Sep-2026,TIGALAPANKAOS POLMAN,KEMEJA MAMU,KEMEJA FORMAL STEEL BLUE PJG M,88003,2,0,0,88053,176106,264159
Okt-2026,TIGALAPANKAOS POLMAN,KEMEJA MAMU,KEMEJA FORMAL STEEL BLUE PJG M,0,2,0,0,88053,176106,176106
Jan-2026,TIGALAPANKAOS POLMAN,KEMEJA MAMU,KEMEJA FORMAL STEEL BLUE PJG S,0,1,0,0,88053,88053,0
Feb-2026,TIGALAPANKAOS POLMAN,KEMEJA MAMU,KEMEJA FORMAL STEEL BLUE PJG S,0,1,0,0,88053,88053,88053
Mar-2026,TIGALAPANKAOS POLMAN,KEMEJA MAMU,KEMEJA FORMAL STEEL BLUE PJG S,0,1,0,0,88053,88053,88053
Apr-2026,TIGALAPANKAOS POLMAN,KEMEJA MAMU,KEMEJA FORMAL STEEL BLUE PJG S,0,1,0,0,88053,88053,88053
Mei-2026,TIGALAPANKAOS POLMAN,KEMEJA MAMU,KEMEJA FORMAL STEEL BLUE PJG S,88053,0,0,0,88053,0,88053
Jan-2026,TIGALAPANKAOS POLMAN,KEMEJA MAMU,KEMEJA FORMAL STEEL BLUE PJG XL,87962,8,0,0,88053,704424,0
Feb-2026,TIGALAPANKAOS POLMAN,KEMEJA MAMU,KEMEJA FORMAL STEEL BLUE PJG XL,0,7,0,0,88053,616371,704424
Mar-2026,TIGALAPANKAOS POLMAN,KEMEJA MAMU,KEMEJA FORMAL STEEL BLUE PJG XL,0,7,0,0,88053,616371,616371
Apr-2026,TIGALAPANKAOS POLMAN,KEMEJA MAMU,KEMEJA FORMAL STEEL BLUE PJG XL,0,7,0,0,88053,616371,616371
Mei-2026,TIGALAPANKAOS POLMAN,KEMEJA MAMU,KEMEJA FORMAL STEEL BLUE PJG XL,0,7,0,0,88053,616371,616371
Jun-2026,TIGALAPANKAOS POLMAN,KEMEJA MAMU,KEMEJA FORMAL STEEL BLUE PJG XL,0,7,0,0,88053,616371,616371
Jul-2026,TIGALAPANKAOS POLMAN,KEMEJA MAMU,KEMEJA FORMAL STEEL BLUE PJG XL,0,7,0,0,88053,616371,616371
Agu-2026,TIGALAPANKAOS POLMAN,KEMEJA MAMU,KEMEJA FORMAL STEEL BLUE PJG XL,0,7,0,0,88053,616371,616371
Sep-2026,TIGALAPANKAOS POLMAN,KEMEJA MAMU,KEMEJA FORMAL STEEL BLUE PJG XL,0,7,0,0,88053,616371,616371
Okt-2026,TIGALAPANKAOS POLMAN,KEMEJA MAMU,KEMEJA FORMAL STEEL BLUE PJG XL,0,7,0,0,88053,616371,616371
Jan-2026,TIGALAPANKAOS POLMAN,KEMEJA MAMU,KEMEJA FORMAL TOFFEE PDK 2XL,0,3,0,0,75053,225159,0
Feb-2026,TIGALAPANKAOS POLMAN,KEMEJA MAMU,KEMEJA FORMAL TOFFEE PDK 2XL,0,3,0,0,75053,225159,225159
Mar-2026,TIGALAPANKAOS POLMAN,KEMEJA MAMU,KEMEJA FORMAL TOFFEE PDK 2XL,0,3,0,0,75053,225159,225159
Apr-2026,TIGALAPANKAOS POLMAN,KEMEJA MAMU,KEMEJA FORMAL TOFFEE PDK 2XL,0,3,0,0,75053,225159,225159
Mei-2026,TIGALAPANKAOS POLMAN,KEMEJA MAMU,KEMEJA FORMAL TOFFEE PDK 2XL,0,3,0,0,75053,225159,225159
Jun-2026,TIGALAPANKAOS POLMAN,KEMEJA MAMU,KEMEJA FORMAL TOFFEE PDK 2XL,0,3,0,0,75053,225159,225159
Jul-2026,TIGALAPANKAOS POLMAN,KEMEJA MAMU,KEMEJA FORMAL TOFFEE PDK 2XL,0,3,0,0,75053,225159,225159
Agu-2026,TIGALAPANKAOS POLMAN,KEMEJA MAMU,KEMEJA FORMAL TOFFEE PDK 2XL,0,3,0,0,75053,225159,225159
Sep-2026,TIGALAPANKAOS POLMAN,KEMEJA MAMU,KEMEJA FORMAL TOFFEE PDK 2XL,0,3,0,0,75053,225159,225159
Okt-2026,TIGALAPANKAOS POLMAN,KEMEJA MAMU,KEMEJA FORMAL TOFFEE PDK 2XL,0,3,0,0,75053,225159,225159
Jan-2026,TIGALAPANKAOS POLMAN,KEMEJA MAMU,KEMEJA FORMAL TOFFEE PDK L,0,10,0,0,75053,750530,0
Feb-2026,TIGALAPANKAOS POLMAN,KEMEJA MAMU,KEMEJA FORMAL TOFFEE PDK L,0,10,0,0,75053,750530,750530
Mar-2026,TIGALAPANKAOS POLMAN,KEMEJA MAMU,KEMEJA FORMAL TOFFEE PDK L,0,10,0,0,75053,750530,750530
Apr-2026,TIGALAPANKAOS POLMAN,KEMEJA MAMU,KEMEJA FORMAL TOFFEE PDK L,0,10,0,0,75053,750530,750530
Mei-2026,TIGALAPANKAOS POLMAN,KEMEJA MAMU,KEMEJA FORMAL TOFFEE PDK L,0,10,0,0,75053,750530,750530
Jun-2026,TIGALAPANKAOS POLMAN,KEMEJA MAMU,KEMEJA FORMAL TOFFEE PDK L,0,10,0,0,75053,750530,750530
Jul-2026,TIGALAPANKAOS POLMAN,KEMEJA MAMU,KEMEJA FORMAL TOFFEE PDK L,75003,10,0,0,75053,750530,750530
Agu-2026,TIGALAPANKAOS POLMAN,KEMEJA MAMU,KEMEJA FORMAL TOFFEE PDK L,0,9,0,0,75053,675477,750530
Sep-2026,TIGALAPANKAOS POLMAN,KEMEJA MAMU,KEMEJA FORMAL TOFFEE PDK L,0,9,0,0,75053,675477,675477
Okt-2026,TIGALAPANKAOS POLMAN,KEMEJA MAMU,KEMEJA FORMAL TOFFEE PDK L,75003,8,0,0,75053,600424,675477
Jan-2026,TIGALAPANKAOS POLMAN,KEMEJA MAMU,KEMEJA FORMAL TOFFEE PDK M,0,6,0,0,74214,445284,0
Feb-2026,TIGALAPANKAOS POLMAN,KEMEJA MAMU,KEMEJA FORMAL TOFFEE PDK M,0,6,0,0,74214,445284,445284
Mar-2026,TIGALAPANKAOS POLMAN,KEMEJA MAMU,KEMEJA FORMAL TOFFEE PDK M,149982,4,0,0,74214,296856,445284
Apr-2026,TIGALAPANKAOS POLMAN,KEMEJA MAMU,KEMEJA FORMAL TOFFEE PDK M,0,4,0,0,74214,296856,296856
Mei-2026,TIGALAPANKAOS POLMAN,KEMEJA MAMU,KEMEJA FORMAL TOFFEE PDK M,74991,3,0,0,74214,222642,296856
Jun-2026,TIGALAPANKAOS POLMAN,KEMEJA MAMU,KEMEJA FORMAL TOFFEE PDK M,0,3,0,0,74214,222642,222642
Jul-2026,TIGALAPANKAOS POLMAN,KEMEJA MAMU,KEMEJA FORMAL TOFFEE PDK M,0,3,0,0,74214,222642,222642
Agu-2026,TIGALAPANKAOS POLMAN,KEMEJA MAMU,KEMEJA FORMAL TOFFEE PDK M,74991,3,0,0,74214,222642,222642
Sep-2026,TIGALAPANKAOS POLMAN,KEMEJA MAMU,KEMEJA FORMAL TOFFEE PDK M,0,2,0,0,74214,148428,222642
Okt-2026,TIGALAPANKAOS POLMAN,KEMEJA MAMU,KEMEJA FORMAL TOFFEE PDK M,0,3,0,0,74214,222642,148428
Jan-2026,TIGALAPANKAOS POLMAN,KEMEJA MAMU,KEMEJA FORMAL TOFFEE PDK S,0,1,0,0,75053,75053,0
Feb-2026,TIGALAPANKAOS POLMAN,KEMEJA MAMU,KEMEJA FORMAL TOFFEE PDK S,0,1,0,0,75053,75053,75053
Mar-2026,TIGALAPANKAOS POLMAN,KEMEJA MAMU,KEMEJA FORMAL TOFFEE PDK S,0,0,0,0,75053,0,75053
Jan-2026,TIGALAPANKAOS POLMAN,KEMEJA MAMU,KEMEJA FORMAL TOFFEE PDK XL,75053,3,0,0,75053,225159,0
Feb-2026,TIGALAPANKAOS POLMAN,KEMEJA MAMU,KEMEJA FORMAL TOFFEE PDK XL,0,3,0,0,75053,225159,225159
Mar-2026,TIGALAPANKAOS POLMAN,KEMEJA MAMU,KEMEJA FORMAL TOFFEE PDK XL,0,3,0,0,75053,225159,225159
Apr-2026,TIGALAPANKAOS POLMAN,KEMEJA MAMU,KEMEJA FORMAL TOFFEE PDK XL,75053,2,0,0,75053,150106,225159
Mei-2026,TIGALAPANKAOS POLMAN,KEMEJA MAMU,KEMEJA FORMAL TOFFEE PDK XL,0,2,0,0,75053,150106,150106
Jun-2026,TIGALAPANKAOS POLMAN,KEMEJA MAMU,KEMEJA FORMAL TOFFEE PDK XL,0,2,0,0,75053,150106,150106
Jul-2026,TIGALAPANKAOS POLMAN,KEMEJA MAMU,KEMEJA FORMAL TOFFEE PDK XL,0,2,0,0,75053,150106,150106
Agu-2026,TIGALAPANKAOS POLMAN,KEMEJA MAMU,KEMEJA FORMAL TOFFEE PDK XL,0,5,0,0,75053,375265,150106
Sep-2026,TIGALAPANKAOS POLMAN,KEMEJA MAMU,KEMEJA FORMAL TOFFEE PDK XL,73820,4,0,0,75053,300212,375265
Okt-2026,TIGALAPANKAOS POLMAN,KEMEJA MAMU,KEMEJA FORMAL TOFFEE PDK XL,0,4,0,0,75053,300212,300212
Jan-2026,TIGALAPANKAOS POLMAN,KEMEJA MAMU,KEMEJA FORMAL TOFFEE PJG L,0,14,0,0,88053,1232742,0
Feb-2026,TIGALAPANKAOS POLMAN,KEMEJA MAMU,KEMEJA FORMAL TOFFEE PJG L,88116,13,0,0,88053,1144689,1232742
Mar-2026,TIGALAPANKAOS POLMAN,KEMEJA MAMU,KEMEJA FORMAL TOFFEE PJG L,88116,12,0,0,88053,1056636,1144689
Apr-2026,TIGALAPANKAOS POLMAN,KEMEJA MAMU,KEMEJA FORMAL TOFFEE PJG L,88116,11,0,0,88053,968583,1056636
Mei-2026,TIGALAPANKAOS POLMAN,KEMEJA MAMU,KEMEJA FORMAL TOFFEE PJG L,0,11,0,0,88053,968583,968583
Jun-2026,TIGALAPANKAOS POLMAN,KEMEJA MAMU,KEMEJA FORMAL TOFFEE PJG L,0,11,0,0,88053,968583,968583
Jul-2026,TIGALAPANKAOS POLMAN,KEMEJA MAMU,KEMEJA FORMAL TOFFEE PJG L,0,11,0,0,88053,968583,968583
Agu-2026,TIGALAPANKAOS POLMAN,KEMEJA MAMU,KEMEJA FORMAL TOFFEE PJG L,0,11,0,0,88053,968583,968583
Sep-2026,TIGALAPANKAOS POLMAN,KEMEJA MAMU,KEMEJA FORMAL TOFFEE PJG L,0,11,0,0,88053,968583,968583
Okt-2026,TIGALAPANKAOS POLMAN,KEMEJA MAMU,KEMEJA FORMAL TOFFEE PJG L,0,11,0,0,88053,968583,968583
Jan-2026,TIGALAPANKAOS POLMAN,KEMEJA MAMU,KEMEJA FORMAL TOFFEE PJG M,0,11,0,0,88053,968583,0
Feb-2026,TIGALAPANKAOS POLMAN,KEMEJA MAMU,KEMEJA FORMAL TOFFEE PJG M,0,11,0,0,88053,968583,968583
Mar-2026,TIGALAPANKAOS POLMAN,KEMEJA MAMU,KEMEJA FORMAL TOFFEE PJG M,175448,9,0,0,88053,792477,968583
Apr-2026,TIGALAPANKAOS POLMAN,KEMEJA MAMU,KEMEJA FORMAL TOFFEE PJG M,0,9,0,0,88053,792477,792477
Mei-2026,TIGALAPANKAOS POLMAN,KEMEJA MAMU,KEMEJA FORMAL TOFFEE PJG M,0,9,0,0,88053,792477,792477
Jun-2026,TIGALAPANKAOS POLMAN,KEMEJA MAMU,KEMEJA FORMAL TOFFEE PJG M,0,9,0,0,88053,792477,792477
Jul-2026,TIGALAPANKAOS POLMAN,KEMEJA MAMU,KEMEJA FORMAL TOFFEE PJG M,0,9,0,0,88053,792477,792477
Agu-2026,TIGALAPANKAOS POLMAN,KEMEJA MAMU,KEMEJA FORMAL TOFFEE PJG M,0,9,0,0,88053,792477,792477
Sep-2026,TIGALAPANKAOS POLMAN,KEMEJA MAMU,KEMEJA FORMAL TOFFEE PJG M,0,9,0,0,88053,792477,792477
Okt-2026,TIGALAPANKAOS POLMAN,KEMEJA MAMU,KEMEJA FORMAL TOFFEE PJG M,0,9,0,0,88053,792477,792477
Jan-2026,TIGALAPANKAOS POLMAN,KEMEJA MAMU,KEMEJA FORMAL TOFFEE PJG S,0,3,0,0,88053,264159,0
Feb-2026,TIGALAPANKAOS POLMAN,KEMEJA MAMU,KEMEJA FORMAL TOFFEE PJG S,87773,2,0,0,88053,176106,264159
Mar-2026,TIGALAPANKAOS POLMAN,KEMEJA MAMU,KEMEJA FORMAL TOFFEE PJG S,0,2,0,0,88053,176106,176106
Apr-2026,TIGALAPANKAOS POLMAN,KEMEJA MAMU,KEMEJA FORMAL TOFFEE PJG S,0,2,0,0,88053,176106,176106
Mei-2026,TIGALAPANKAOS POLMAN,KEMEJA MAMU,KEMEJA FORMAL TOFFEE PJG S,0,2,0,0,88053,176106,176106
Jun-2026,TIGALAPANKAOS POLMAN,KEMEJA MAMU,KEMEJA FORMAL TOFFEE PJG S,87773,1,0,0,88053,88053,176106
Jul-2026,TIGALAPANKAOS POLMAN,KEMEJA MAMU,KEMEJA FORMAL TOFFEE PJG S,0,1,0,0,88053,88053,88053
Agu-2026,TIGALAPANKAOS POLMAN,KEMEJA MAMU,KEMEJA FORMAL TOFFEE PJG S,0,1,0,0,88053,88053,88053
Sep-2026,TIGALAPANKAOS POLMAN,KEMEJA MAMU,KEMEJA FORMAL TOFFEE PJG S,0,1,0,0,88053,88053,88053
Okt-2026,TIGALAPANKAOS POLMAN,KEMEJA MAMU,KEMEJA FORMAL TOFFEE PJG S,0,1,0,0,88053,88053,88053
Jan-2026,TIGALAPANKAOS POLMAN,KEMEJA MAMU,KEMEJA FORMAL TOFFEE PJG XL,0,8,0,0,88053,704424,0
Feb-2026,TIGALAPANKAOS POLMAN,KEMEJA MAMU,KEMEJA FORMAL TOFFEE PJG XL,88053,8,0,0,88053,704424,704424
Mar-2026,TIGALAPANKAOS POLMAN,KEMEJA MAMU,KEMEJA FORMAL TOFFEE PJG XL,88053,6,0,0,88053,528318,704424
Apr-2026,TIGALAPANKAOS POLMAN,KEMEJA MAMU,KEMEJA FORMAL TOFFEE PJG XL,0,6,0,0,88053,528318,528318
Mei-2026,TIGALAPANKAOS POLMAN,KEMEJA MAMU,KEMEJA FORMAL TOFFEE PJG XL,0,6,0,0,88053,528318,528318
Jun-2026,TIGALAPANKAOS POLMAN,KEMEJA MAMU,KEMEJA FORMAL TOFFEE PJG XL,0,6,0,0,88053,528318,528318
Jul-2026,TIGALAPANKAOS POLMAN,KEMEJA MAMU,KEMEJA FORMAL TOFFEE PJG XL,0,6,0,0,88053,528318,528318
Agu-2026,TIGALAPANKAOS POLMAN,KEMEJA MAMU,KEMEJA FORMAL TOFFEE PJG XL,0,6,0,0,88053,528318,528318
Sep-2026,TIGALAPANKAOS POLMAN,KEMEJA MAMU,KEMEJA FORMAL TOFFEE PJG XL,0,6,0,0,88053,528318,528318
Okt-2026,TIGALAPANKAOS POLMAN,KEMEJA MAMU,KEMEJA FORMAL TOFFEE PJG XL,0,6,0,0,88053,528318,528318
Mei-2026,TIGALAPANKAOS POLMAN,KEMEJA MAMU,KEMEJA SHANGHAI COKLAT TUA PDK L,0,2,0,0,159000,318000,0
Jun-2026,TIGALAPANKAOS POLMAN,KEMEJA MAMU,KEMEJA SHANGHAI COKLAT TUA PDK L,0,2,0,0,159000,318000,318000
Jul-2026,TIGALAPANKAOS POLMAN,KEMEJA MAMU,KEMEJA SHANGHAI COKLAT TUA PDK L,0,0,0,0,159000,0,318000
Agu-2026,TIGALAPANKAOS POLMAN,KEMEJA MAMU,KEMEJA SHANGHAI COKLAT TUA PDK L,0,2,0,0,159000,318000,0
Sep-2026,TIGALAPANKAOS POLMAN,KEMEJA MAMU,KEMEJA SHANGHAI COKLAT TUA PDK L,72926,1,0,0,159000,159000,318000
Okt-2026,TIGALAPANKAOS POLMAN,KEMEJA MAMU,KEMEJA SHANGHAI COKLAT TUA PDK L,0,1,0,0,159000,159000,159000
Mei-2026,TIGALAPANKAOS POLMAN,KEMEJA MAMU,KEMEJA SHANGHAI COKLAT TUA PDK M,0,2,0,0,159000,318000,0
Jun-2026,TIGALAPANKAOS POLMAN,KEMEJA MAMU,KEMEJA SHANGHAI COKLAT TUA PDK M,0,2,0,0,159000,318000,318000
Jul-2026,TIGALAPANKAOS POLMAN,KEMEJA MAMU,KEMEJA SHANGHAI COKLAT TUA PDK M,0,0,0,0,159000,0,318000
Sep-2026,TIGALAPANKAOS POLMAN,KEMEJA MAMU,KEMEJA SHANGHAI COKLAT TUA PDK M,0,2,0,0,159000,318000,0
Okt-2026,TIGALAPANKAOS POLMAN,KEMEJA MAMU,KEMEJA SHANGHAI COKLAT TUA PDK M,0,2,0,0,159000,318000,318000
Mei-2026,TIGALAPANKAOS POLMAN,KEMEJA MAMU,KEMEJA SHANGHAI COKLAT TUA PDK XL,0,2,0,0,159000,318000,0
Jun-2026,TIGALAPANKAOS POLMAN,KEMEJA MAMU,KEMEJA SHANGHAI COKLAT TUA PDK XL,0,2,0,0,159000,318000,318000
Jul-2026,TIGALAPANKAOS POLMAN,KEMEJA MAMU,KEMEJA SHANGHAI COKLAT TUA PDK XL,0,0,0,0,159000,0,318000
Sep-2026,TIGALAPANKAOS POLMAN,KEMEJA MAMU,KEMEJA SHANGHAI COKLAT TUA PDK XL,0,2,0,0,159000,318000,0
Okt-2026,TIGALAPANKAOS POLMAN,KEMEJA MAMU,KEMEJA SHANGHAI COKLAT TUA PDK XL,0,2,0,0,159000,318000,318000
Mei-2026,TIGALAPANKAOS POLMAN,KEMEJA MAMU,KEMEJA SHANGHAI COKLAT TUA PJG L,0,2,0,0,189000,378000,0
Jun-2026,TIGALAPANKAOS POLMAN,KEMEJA MAMU,KEMEJA SHANGHAI COKLAT TUA PJG L,0,2,0,0,189000,378000,378000
Jul-2026,TIGALAPANKAOS POLMAN,KEMEJA MAMU,KEMEJA SHANGHAI COKLAT TUA PJG L,0,0,0,0,189000,0,378000
Agu-2026,TIGALAPANKAOS POLMAN,KEMEJA MAMU,KEMEJA SHANGHAI COKLAT TUA PJG L,85971,3,0,0,189000,567000,0
Sep-2026,TIGALAPANKAOS POLMAN,KEMEJA MAMU,KEMEJA SHANGHAI COKLAT TUA PJG L,0,3,0,0,189000,567000,567000
Okt-2026,TIGALAPANKAOS POLMAN,KEMEJA MAMU,KEMEJA SHANGHAI COKLAT TUA PJG L,0,3,0,0,189000,567000,567000
Mei-2026,TIGALAPANKAOS POLMAN,KEMEJA MAMU,KEMEJA SHANGHAI COKLAT TUA PJG M,0,2,0,0,189000,378000,0
Jun-2026,TIGALAPANKAOS POLMAN,KEMEJA MAMU,KEMEJA SHANGHAI COKLAT TUA PJG M,0,2,0,0,189000,378000,378000
Jul-2026,TIGALAPANKAOS POLMAN,KEMEJA MAMU,KEMEJA SHANGHAI COKLAT TUA PJG M,0,0,0,0,189000,0,378000
Agu-2026,TIGALAPANKAOS POLMAN,KEMEJA MAMU,KEMEJA SHANGHAI COKLAT TUA PJG M,0,3,0,0,189000,567000,0
Sep-2026,TIGALAPANKAOS POLMAN,KEMEJA MAMU,KEMEJA SHANGHAI COKLAT TUA PJG M,0,3,0,0,189000,567000,567000
Okt-2026,TIGALAPANKAOS POLMAN,KEMEJA MAMU,KEMEJA SHANGHAI COKLAT TUA PJG M,0,3,0,0,189000,567000,567000
Mei-2026,TIGALAPANKAOS POLMAN,KEMEJA MAMU,KEMEJA SHANGHAI COKLAT TUA PJG XL,0,2,0,0,189000,378000,0
Jun-2026,TIGALAPANKAOS POLMAN,KEMEJA MAMU,KEMEJA SHANGHAI COKLAT TUA PJG XL,0,2,0,0,189000,378000,378000
Jul-2026,TIGALAPANKAOS POLMAN,KEMEJA MAMU,KEMEJA SHANGHAI COKLAT TUA PJG XL,0,0,0,0,189000,0,378000
Agu-2026,TIGALAPANKAOS POLMAN,KEMEJA MAMU,KEMEJA SHANGHAI COKLAT TUA PJG XL,0,3,0,0,189000,567000,0
Sep-2026,TIGALAPANKAOS POLMAN,KEMEJA MAMU,KEMEJA SHANGHAI COKLAT TUA PJG XL,0,3,0,0,189000,567000,567000
Okt-2026,TIGALAPANKAOS POLMAN,KEMEJA MAMU,KEMEJA SHANGHAI COKLAT TUA PJG XL,0,3,0,0,189000,567000,567000
Apr-2026,TIGALAPANKAOS POLMAN,KEMEJA MAMU,KEMEJA SHANGHAI HITAM PDK 2XL,0,3,0,0,72997,218991,0
Mei-2026,TIGALAPANKAOS POLMAN,KEMEJA MAMU,KEMEJA SHANGHAI HITAM PDK 2XL,0,3,0,0,72997,218991,218991
Jun-2026,TIGALAPANKAOS POLMAN,KEMEJA MAMU,KEMEJA SHANGHAI HITAM PDK 2XL,0,3,0,0,72997,218991,218991
Jul-2026,TIGALAPANKAOS POLMAN,KEMEJA MAMU,KEMEJA SHANGHAI HITAM PDK 2XL,0,3,0,0,72997,218991,218991
Agu-2026,TIGALAPANKAOS POLMAN,KEMEJA MAMU,KEMEJA SHANGHAI HITAM PDK 2XL,0,3,0,0,72997,218991,218991
Sep-2026,TIGALAPANKAOS POLMAN,KEMEJA MAMU,KEMEJA SHANGHAI HITAM PDK 2XL,0,3,0,0,72997,218991,218991
Okt-2026,TIGALAPANKAOS POLMAN,KEMEJA MAMU,KEMEJA SHANGHAI HITAM PDK 2XL,0,3,0,0,72997,218991,218991
Apr-2026,TIGALAPANKAOS POLMAN,KEMEJA MAMU,KEMEJA SHANGHAI HITAM PDK L,0,3,0,0,72925,218775,0
Mei-2026,TIGALAPANKAOS POLMAN,KEMEJA MAMU,KEMEJA SHANGHAI HITAM PDK L,0,3,0,0,72966,218898,218775
Jun-2026,TIGALAPANKAOS POLMAN,KEMEJA MAMU,KEMEJA SHANGHAI HITAM PDK L,72925,2,0,0,72966,145932,218898
Jul-2026,TIGALAPANKAOS POLMAN,KEMEJA MAMU,KEMEJA SHANGHAI HITAM PDK L,0,2,0,0,72966,145932,145932
Agu-2026,TIGALAPANKAOS POLMAN,KEMEJA MAMU,KEMEJA SHANGHAI HITAM PDK L,0,2,0,0,72966,145932,145932
Sep-2026,TIGALAPANKAOS POLMAN,KEMEJA MAMU,KEMEJA SHANGHAI HITAM PDK L,72925,1,0,0,72966,72966,145932
Okt-2026,TIGALAPANKAOS POLMAN,KEMEJA MAMU,KEMEJA SHANGHAI HITAM PDK L,0,1,0,0,72966,72966,72966
Apr-2026,TIGALAPANKAOS POLMAN,KEMEJA MAMU,KEMEJA SHANGHAI HITAM PDK M,0,3,0,0,72941,218823,0
Mei-2026,TIGALAPANKAOS POLMAN,KEMEJA MAMU,KEMEJA SHANGHAI HITAM PDK M,0,3,0,0,72949,218847,218823
Jun-2026,TIGALAPANKAOS POLMAN,KEMEJA MAMU,KEMEJA SHANGHAI HITAM PDK M,0,3,0,0,72949,218847,218847
Jul-2026,TIGALAPANKAOS POLMAN,KEMEJA MAMU,KEMEJA SHANGHAI HITAM PDK M,0,3,0,0,72949,218847,218847
Agu-2026,TIGALAPANKAOS POLMAN,KEMEJA MAMU,KEMEJA SHANGHAI HITAM PDK M,0,5,0,0,72949,364745,218847
Sep-2026,TIGALAPANKAOS POLMAN,KEMEJA MAMU,KEMEJA SHANGHAI HITAM PDK M,0,5,0,0,72949,364745,364745
Okt-2026,TIGALAPANKAOS POLMAN,KEMEJA MAMU,KEMEJA SHANGHAI HITAM PDK M,0,5,0,0,72949,364745,364745
Apr-2026,TIGALAPANKAOS POLMAN,KEMEJA MAMU,KEMEJA SHANGHAI HITAM PDK S,72997,1,0,0,72997,72997,0
Mei-2026,TIGALAPANKAOS POLMAN,KEMEJA MAMU,KEMEJA SHANGHAI HITAM PDK S,72997,0,0,0,74214,0,72997
Jan-2026,TIGALAPANKAOS POLMAN,KEMEJA MAMU,KEMEJA SHANGHAI HITAM PDK XL,0,3,0,0,74214,222642,0
Feb-2026,TIGALAPANKAOS POLMAN,KEMEJA MAMU,KEMEJA SHANGHAI HITAM PDK XL,0,3,0,0,74214,222642,222642
Mar-2026,TIGALAPANKAOS POLMAN,KEMEJA MAMU,KEMEJA SHANGHAI HITAM PDK XL,222642,0,0,0,74214,0,222642
Apr-2026,TIGALAPANKAOS POLMAN,KEMEJA MAMU,KEMEJA SHANGHAI HITAM PDK XL,0,3,0,0,72921,218763,0
Mei-2026,TIGALAPANKAOS POLMAN,KEMEJA MAMU,KEMEJA SHANGHAI HITAM PDK XL,0,3,0,0,72940,218820,218763
Jun-2026,TIGALAPANKAOS POLMAN,KEMEJA MAMU,KEMEJA SHANGHAI HITAM PDK XL,0,3,0,0,72940,218820,218820
Jul-2026,TIGALAPANKAOS POLMAN,KEMEJA MAMU,KEMEJA SHANGHAI HITAM PDK XL,0,3,0,0,72940,218820,218820
Agu-2026,TIGALAPANKAOS POLMAN,KEMEJA MAMU,KEMEJA SHANGHAI HITAM PDK XL,0,3,0,0,72940,218820,218820
Sep-2026,TIGALAPANKAOS POLMAN,KEMEJA MAMU,KEMEJA SHANGHAI HITAM PDK XL,0,3,0,0,72940,218820,218820
Okt-2026,TIGALAPANKAOS POLMAN,KEMEJA MAMU,KEMEJA SHANGHAI HITAM PDK XL,0,3,0,0,72940,218820,218820
Jan-2026,TIGALAPANKAOS POLMAN,KEMEJA MAMU,KEMEJA SHANGHAI HITAM PJG 2XL,0,4,0,0,88053,352212,0
Feb-2026,TIGALAPANKAOS POLMAN,KEMEJA MAMU,KEMEJA SHANGHAI HITAM PJG 2XL,0,4,0,0,88053,352212,352212
Mar-2026,TIGALAPANKAOS POLMAN,KEMEJA MAMU,KEMEJA SHANGHAI HITAM PJG 2XL,88053,3,0,0,88053,264159,352212
Apr-2026,TIGALAPANKAOS POLMAN,KEMEJA MAMU,KEMEJA SHANGHAI HITAM PJG 2XL,0,2,0,0,85997,171994,264159
Mei-2026,TIGALAPANKAOS POLMAN,KEMEJA MAMU,KEMEJA SHANGHAI HITAM PJG 2XL,0,2,0,0,85997,171994,171994
Jun-2026,TIGALAPANKAOS POLMAN,KEMEJA MAMU,KEMEJA SHANGHAI HITAM PJG 2XL,0,2,0,0,85997,171994,171994
Jul-2026,TIGALAPANKAOS POLMAN,KEMEJA MAMU,KEMEJA SHANGHAI HITAM PJG 2XL,0,2,0,0,85997,171994,171994
Agu-2026,TIGALAPANKAOS POLMAN,KEMEJA MAMU,KEMEJA SHANGHAI HITAM PJG 2XL,0,2,0,0,85997,171994,171994
Sep-2026,TIGALAPANKAOS POLMAN,KEMEJA MAMU,KEMEJA SHANGHAI HITAM PJG 2XL,0,2,0,0,85997,171994,171994
Okt-2026,TIGALAPANKAOS POLMAN,KEMEJA MAMU,KEMEJA SHANGHAI HITAM PJG 2XL,0,2,0,0,85997,171994,171994
Jan-2026,TIGALAPANKAOS POLMAN,KEMEJA MAMU,KEMEJA SHANGHAI HITAM PJG L,0,6,0,0,88053,528318,0
Feb-2026,TIGALAPANKAOS POLMAN,KEMEJA MAMU,KEMEJA SHANGHAI HITAM PJG L,87841,5,0,0,88053,440265,528318
Mar-2026,TIGALAPANKAOS POLMAN,KEMEJA MAMU,KEMEJA SHANGHAI HITAM PJG L,87841,4,0,0,88053,352212,440265
Apr-2026,TIGALAPANKAOS POLMAN,KEMEJA MAMU,KEMEJA SHANGHAI HITAM PJG L,0,4,0,0,85943,343772,352212
Mei-2026,TIGALAPANKAOS POLMAN,KEMEJA MAMU,KEMEJA SHANGHAI HITAM PJG L,0,4,0,0,85943,343772,343772
Jun-2026,TIGALAPANKAOS POLMAN,KEMEJA MAMU,KEMEJA SHANGHAI HITAM PJG L,0,4,0,0,85943,343772,343772
Jul-2026,TIGALAPANKAOS POLMAN,KEMEJA MAMU,KEMEJA SHANGHAI HITAM PJG L,0,4,0,0,85943,343772,343772
Agu-2026,TIGALAPANKAOS POLMAN,KEMEJA MAMU,KEMEJA SHANGHAI HITAM PJG L,0,5,0,0,85943,429715,343772
Sep-2026,TIGALAPANKAOS POLMAN,KEMEJA MAMU,KEMEJA SHANGHAI HITAM PJG L,0,5,0,0,85943,429715,429715
Okt-2026,TIGALAPANKAOS POLMAN,KEMEJA MAMU,KEMEJA SHANGHAI HITAM PJG L,0,5,0,0,85943,429715,429715
Jan-2026,TIGALAPANKAOS POLMAN,KEMEJA MAMU,KEMEJA SHANGHAI HITAM PJG M,0,5,0,0,88053,440265,0
Feb-2026,TIGALAPANKAOS POLMAN,KEMEJA MAMU,KEMEJA SHANGHAI HITAM PJG M,87945,4,0,0,88053,352212,440265
Mar-2026,TIGALAPANKAOS POLMAN,KEMEJA MAMU,KEMEJA SHANGHAI HITAM PJG M,175890,2,0,0,88053,176106,352212
Apr-2026,TIGALAPANKAOS POLMAN,KEMEJA MAMU,KEMEJA SHANGHAI HITAM PJG M,0,3,0,0,85943,257829,176106
Mei-2026,TIGALAPANKAOS POLMAN,KEMEJA MAMU,KEMEJA SHANGHAI HITAM PJG M,0,3,0,0,85943,257829,257829
Jun-2026,TIGALAPANKAOS POLMAN,KEMEJA MAMU,KEMEJA SHANGHAI HITAM PJG M,0,3,0,0,85943,257829,257829
Jul-2026,TIGALAPANKAOS POLMAN,KEMEJA MAMU,KEMEJA SHANGHAI HITAM PJG M,87278,2,0,0,85943,171886,257829
Agu-2026,TIGALAPANKAOS POLMAN,KEMEJA MAMU,KEMEJA SHANGHAI HITAM PJG M,0,5,0,0,85943,429715,171886
Sep-2026,TIGALAPANKAOS POLMAN,KEMEJA MAMU,KEMEJA SHANGHAI HITAM PJG M,0,5,0,0,85943,429715,429715
Okt-2026,TIGALAPANKAOS POLMAN,KEMEJA MAMU,KEMEJA SHANGHAI HITAM PJG M,0,5,0,0,85943,429715,429715
Jan-2026,TIGALAPANKAOS POLMAN,KEMEJA MAMU,KEMEJA SHANGHAI HITAM PJG S,0,1,0,0,88053,88053,0
Feb-2026,TIGALAPANKAOS POLMAN,KEMEJA MAMU,KEMEJA SHANGHAI HITAM PJG S,0,1,0,0,88053,88053,88053
Mar-2026,TIGALAPANKAOS POLMAN,KEMEJA MAMU,KEMEJA SHANGHAI HITAM PJG S,88053,0,0,0,88053,0,88053
Apr-2026,TIGALAPANKAOS POLMAN,KEMEJA MAMU,KEMEJA SHANGHAI HITAM PJG S,0,2,0,0,85997,171994,0
Mei-2026,TIGALAPANKAOS POLMAN,KEMEJA MAMU,KEMEJA SHANGHAI HITAM PJG S,0,2,0,0,85997,171994,171994
Jun-2026,TIGALAPANKAOS POLMAN,KEMEJA MAMU,KEMEJA SHANGHAI HITAM PJG S,0,2,0,0,85997,171994,171994
Jul-2026,TIGALAPANKAOS POLMAN,KEMEJA MAMU,KEMEJA SHANGHAI HITAM PJG S,0,2,0,0,85997,171994,171994
Agu-2026,TIGALAPANKAOS POLMAN,KEMEJA MAMU,KEMEJA SHANGHAI HITAM PJG S,0,2,0,0,85997,171994,171994
Sep-2026,TIGALAPANKAOS POLMAN,KEMEJA MAMU,KEMEJA SHANGHAI HITAM PJG S,0,2,0,0,85997,171994,171994
Okt-2026,TIGALAPANKAOS POLMAN,KEMEJA MAMU,KEMEJA SHANGHAI HITAM PJG S,0,2,0,0,85997,171994,171994
Jan-2026,TIGALAPANKAOS POLMAN,KEMEJA MAMU,KEMEJA SHANGHAI HITAM PJG XL,0,3,0,0,88053,264159,0
Feb-2026,TIGALAPANKAOS POLMAN,KEMEJA MAMU,KEMEJA SHANGHAI HITAM PJG XL,0,4,0,0,88053,352212,264159
Mar-2026,TIGALAPANKAOS POLMAN,KEMEJA MAMU,KEMEJA SHANGHAI HITAM PJG XL,0,4,0,0,88053,352212,352212
Apr-2026,TIGALAPANKAOS POLMAN,KEMEJA MAMU,KEMEJA SHANGHAI HITAM PJG XL,0,4,0,0,85939,343756,352212
Mei-2026,TIGALAPANKAOS POLMAN,KEMEJA MAMU,KEMEJA SHANGHAI HITAM PJG XL,88011,3,0,0,85957,257871,343756
Jun-2026,TIGALAPANKAOS POLMAN,KEMEJA MAMU,KEMEJA SHANGHAI HITAM PJG XL,0,3,0,0,85957,257871,257871
Jul-2026,TIGALAPANKAOS POLMAN,KEMEJA MAMU,KEMEJA SHANGHAI HITAM PJG XL,0,3,0,0,85957,257871,257871
Agu-2026,TIGALAPANKAOS POLMAN,KEMEJA MAMU,KEMEJA SHANGHAI HITAM PJG XL,0,5,0,0,85957,429785,257871
Sep-2026,TIGALAPANKAOS POLMAN,KEMEJA MAMU,KEMEJA SHANGHAI HITAM PJG XL,0,5,0,0,85957,429785,429785
Okt-2026,TIGALAPANKAOS POLMAN,KEMEJA MAMU,KEMEJA SHANGHAI HITAM PJG XL,0,5,0,0,85957,429785,429785
Apr-2026,TIGALAPANKAOS POLMAN,KEMEJA MAMU,KEMEJA SHANGHAI LIGHT BROWN PDK L,0,2,0,0,159000,318000,0
Mei-2026,TIGALAPANKAOS POLMAN,KEMEJA MAMU,KEMEJA SHANGHAI LIGHT BROWN PDK L,0,2,0,0,159000,318000,318000
Jun-2026,TIGALAPANKAOS POLMAN,KEMEJA MAMU,KEMEJA SHANGHAI LIGHT BROWN PDK L,72979,1,0,0,159000,159000,318000
Jul-2026,TIGALAPANKAOS POLMAN,KEMEJA MAMU,KEMEJA SHANGHAI LIGHT BROWN PDK L,0,1,0,0,159000,159000,159000
Agu-2026,TIGALAPANKAOS POLMAN,KEMEJA MAMU,KEMEJA SHANGHAI LIGHT BROWN PDK L,72979,0,0,0,159000,0,159000
Apr-2026,TIGALAPANKAOS POLMAN,KEMEJA MAMU,KEMEJA SHANGHAI LIGHT BROWN PJG L,0,2,0,0,189000,378000,0
Mei-2026,TIGALAPANKAOS POLMAN,KEMEJA MAMU,KEMEJA SHANGHAI LIGHT BROWN PJG L,0,2,0,0,189000,378000,378000
Jun-2026,TIGALAPANKAOS POLMAN,KEMEJA MAMU,KEMEJA SHANGHAI LIGHT BROWN PJG L,0,2,0,0,189000,378000,378000
Jul-2026,TIGALAPANKAOS POLMAN,KEMEJA MAMU,KEMEJA SHANGHAI LIGHT BROWN PJG L,0,2,0,0,189000,378000,378000
Agu-2026,TIGALAPANKAOS POLMAN,KEMEJA MAMU,KEMEJA SHANGHAI LIGHT BROWN PJG L,0,2,0,0,189000,378000,378000
Sep-2026,TIGALAPANKAOS POLMAN,KEMEJA MAMU,KEMEJA SHANGHAI LIGHT BROWN PJG L,0,2,0,0,189000,378000,378000
Okt-2026,TIGALAPANKAOS POLMAN,KEMEJA MAMU,KEMEJA SHANGHAI LIGHT BROWN PJG L,0,2,0,0,189000,378000,378000
Sep-2026,TIGALAPANKAOS POLMAN,KEMEJA MAMU,KEMEJA SHANGHAI NAVY PJG M,0,1,0,0,86556,86556,0
Okt-2026,TIGALAPANKAOS POLMAN,KEMEJA MAMU,KEMEJA SHANGHAI NAVY PJG M,86856,0,0,0,88095,0,86556
Sep-2026,TIGALAPANKAOS POLMAN,KEMEJA MAMU,KEMEJA SHANGHAI NAVY PJG XL,0,1,0,0,86528,86528,0
Okt-2026,TIGALAPANKAOS POLMAN,KEMEJA MAMU,KEMEJA SHANGHAI NAVY PJG XL,0,1,0,0,86528,86528,86528
Jan-2026,TIGALAPANKAOS POLMAN,KEMEJA MAMU,KEMEJA SHANGHAI TOFFEE PDK 2XL,0,1,0,0,74214,74214,0
Feb-2026,TIGALAPANKAOS POLMAN,KEMEJA MAMU,KEMEJA SHANGHAI TOFFEE PDK 2XL,0,1,0,0,74214,74214,74214
Mar-2026,TIGALAPANKAOS POLMAN,KEMEJA MAMU,KEMEJA SHANGHAI TOFFEE PDK 2XL,74214,0,0,0,74214,0,74214
Apr-2026,TIGALAPANKAOS POLMAN,KEMEJA MAMU,KEMEJA SHANGHAI TOFFEE PDK 2XL,0,2,0,0,72997,145994,0
Mei-2026,TIGALAPANKAOS POLMAN,KEMEJA MAMU,KEMEJA SHANGHAI TOFFEE PDK 2XL,72997,1,0,0,72997,72997,145994
Jun-2026,TIGALAPANKAOS POLMAN,KEMEJA MAMU,KEMEJA SHANGHAI TOFFEE PDK 2XL,0,1,0,0,72997,72997,72997
Jul-2026,TIGALAPANKAOS POLMAN,KEMEJA MAMU,KEMEJA SHANGHAI TOFFEE PDK 2XL,0,1,0,0,72997,72997,72997
Agu-2026,TIGALAPANKAOS POLMAN,KEMEJA MAMU,KEMEJA SHANGHAI TOFFEE PDK 2XL,0,1,0,0,72997,72997,72997
Sep-2026,TIGALAPANKAOS POLMAN,KEMEJA MAMU,KEMEJA SHANGHAI TOFFEE PDK 2XL,0,1,0,0,72997,72997,72997
Okt-2026,TIGALAPANKAOS POLMAN,KEMEJA MAMU,KEMEJA SHANGHAI TOFFEE PDK 2XL,0,1,0,0,72997,72997,72997
Jan-2026,TIGALAPANKAOS POLMAN,KEMEJA MAMU,KEMEJA SHANGHAI TOFFEE PDK L,0,2,0,0,74214,148428,0
Feb-2026,TIGALAPANKAOS POLMAN,KEMEJA MAMU,KEMEJA SHANGHAI TOFFEE PDK L,0,2,0,0,74214,148428,148428
Mar-2026,TIGALAPANKAOS POLMAN,KEMEJA MAMU,KEMEJA SHANGHAI TOFFEE PDK L,148428,0,0,0,74214,0,148428
Apr-2026,TIGALAPANKAOS POLMAN,KEMEJA MAMU,KEMEJA SHANGHAI TOFFEE PDK L,0,3,0,0,72961,218883,0
Mei-2026,TIGALAPANKAOS POLMAN,KEMEJA MAMU,KEMEJA SHANGHAI TOFFEE PDK L,0,3,0,0,72956,218868,218883
Jun-2026,TIGALAPANKAOS POLMAN,KEMEJA MAMU,KEMEJA SHANGHAI TOFFEE PDK L,0,3,0,0,72956,218868,218868
Jul-2026,TIGALAPANKAOS POLMAN,KEMEJA MAMU,KEMEJA SHANGHAI TOFFEE PDK L,0,3,0,0,72956,218868,218868
Agu-2026,TIGALAPANKAOS POLMAN,KEMEJA MAMU,KEMEJA SHANGHAI TOFFEE PDK L,0,3,0,0,72956,218868,218868
Sep-2026,TIGALAPANKAOS POLMAN,KEMEJA MAMU,KEMEJA SHANGHAI TOFFEE PDK L,0,3,0,0,72956,218868,218868
Okt-2026,TIGALAPANKAOS POLMAN,KEMEJA MAMU,KEMEJA SHANGHAI TOFFEE PDK L,0,3,0,0,72956,218868,218868
Jan-2026,TIGALAPANKAOS POLMAN,KEMEJA MAMU,KEMEJA SHANGHAI TOFFEE PDK M,74214,1,0,0,74214,74214,0
Feb-2026,TIGALAPANKAOS POLMAN,KEMEJA MAMU,KEMEJA SHANGHAI TOFFEE PDK M,74214,0,0,0,74214,0,74214
Apr-2026,TIGALAPANKAOS POLMAN,KEMEJA MAMU,KEMEJA SHANGHAI TOFFEE PDK M,0,3,0,0,72961,218883,0
Mei-2026,TIGALAPANKAOS POLMAN,KEMEJA MAMU,KEMEJA SHANGHAI TOFFEE PDK M,0,3,0,0,72958,218874,218883
Jun-2026,TIGALAPANKAOS POLMAN,KEMEJA MAMU,KEMEJA SHANGHAI TOFFEE PDK M,0,3,0,0,72958,218874,218874
Jul-2026,TIGALAPANKAOS POLMAN,KEMEJA MAMU,KEMEJA SHANGHAI TOFFEE PDK M,0,3,0,0,72958,218874,218874
Agu-2026,TIGALAPANKAOS POLMAN,KEMEJA MAMU,KEMEJA SHANGHAI TOFFEE PDK M,0,3,0,0,72958,218874,218874
Sep-2026,TIGALAPANKAOS POLMAN,KEMEJA MAMU,KEMEJA SHANGHAI TOFFEE PDK M,0,3,0,0,72958,218874,218874
Okt-2026,TIGALAPANKAOS POLMAN,KEMEJA MAMU,KEMEJA SHANGHAI TOFFEE PDK M,0,3,0,0,72958,218874,218874
Jan-2026,TIGALAPANKAOS POLMAN,KEMEJA MAMU,KEMEJA SHANGHAI TOFFEE PDK S,0,1,0,0,74214,74214,0
Feb-2026,TIGALAPANKAOS POLMAN,KEMEJA MAMU,KEMEJA SHANGHAI TOFFEE PDK S,74214,0,0,0,74214,0,74214
Apr-2026,TIGALAPANKAOS POLMAN,KEMEJA MAMU,KEMEJA SHANGHAI TOFFEE PDK S,72997,1,0,0,72997,72997,0
Mei-2026,TIGALAPANKAOS POLMAN,KEMEJA MAMU,KEMEJA SHANGHAI TOFFEE PDK S,72997,0,0,0,74214,0,72997
Apr-2026,TIGALAPANKAOS POLMAN,KEMEJA MAMU,KEMEJA SHANGHAI TOFFEE PDK XL,0,3,0,0,72963,218889,0
Mei-2026,TIGALAPANKAOS POLMAN,KEMEJA MAMU,KEMEJA SHANGHAI TOFFEE PDK XL,0,3,0,0,72960,218880,218889
Jun-2026,TIGALAPANKAOS POLMAN,KEMEJA MAMU,KEMEJA SHANGHAI TOFFEE PDK XL,72963,2,0,0,72960,145920,218880
Jul-2026,TIGALAPANKAOS POLMAN,KEMEJA MAMU,KEMEJA SHANGHAI TOFFEE PDK XL,0,2,0,0,72960,145920,145920
Agu-2026,TIGALAPANKAOS POLMAN,KEMEJA MAMU,KEMEJA SHANGHAI TOFFEE PDK XL,72963,2,0,0,72960,145920,145920
Sep-2026,TIGALAPANKAOS POLMAN,KEMEJA MAMU,KEMEJA SHANGHAI TOFFEE PDK XL,0,1,0,0,72960,72960,145920
Okt-2026,TIGALAPANKAOS POLMAN,KEMEJA MAMU,KEMEJA SHANGHAI TOFFEE PDK XL,0,1,0,0,72960,72960,72960
Apr-2026,TIGALAPANKAOS POLMAN,KEMEJA MAMU,KEMEJA SHANGHAI TOFFEE PJG 2XL,0,2,0,0,85997,171994,0
Mei-2026,TIGALAPANKAOS POLMAN,KEMEJA MAMU,KEMEJA SHANGHAI TOFFEE PJG 2XL,85997,1,0,0,85997,85997,171994
Jun-2026,TIGALAPANKAOS POLMAN,KEMEJA MAMU,KEMEJA SHANGHAI TOFFEE PJG 2XL,0,1,0,0,85997,85997,85997
Jul-2026,TIGALAPANKAOS POLMAN,KEMEJA MAMU,KEMEJA SHANGHAI TOFFEE PJG 2XL,0,1,0,0,85997,85997,85997
Agu-2026,TIGALAPANKAOS POLMAN,KEMEJA MAMU,KEMEJA SHANGHAI TOFFEE PJG 2XL,0,1,0,0,85997,85997,85997
Sep-2026,TIGALAPANKAOS POLMAN,KEMEJA MAMU,KEMEJA SHANGHAI TOFFEE PJG 2XL,0,1,0,0,85997,85997,85997
Okt-2026,TIGALAPANKAOS POLMAN,KEMEJA MAMU,KEMEJA SHANGHAI TOFFEE PJG 2XL,0,1,0,0,85997,85997,85997
Jan-2026,TIGALAPANKAOS POLMAN,KEMEJA MAMU,KEMEJA SHANGHAI TOFFEE PJG L,0,10,0,0,87214,872140,0
Feb-2026,TIGALAPANKAOS POLMAN,KEMEJA MAMU,KEMEJA SHANGHAI TOFFEE PJG L,0,10,0,0,87214,872140,872140
Mar-2026,TIGALAPANKAOS POLMAN,KEMEJA MAMU,KEMEJA SHANGHAI TOFFEE PJG L,177440,8,0,0,87214,697712,872140
Apr-2026,TIGALAPANKAOS POLMAN,KEMEJA MAMU,KEMEJA SHANGHAI TOFFEE PJG L,-88720,9,0,0,85953,773577,697712
Mei-2026,TIGALAPANKAOS POLMAN,KEMEJA MAMU,KEMEJA SHANGHAI TOFFEE PJG L,0,9,0,0,85953,773577,773577
Jun-2026,TIGALAPANKAOS POLMAN,KEMEJA MAMU,KEMEJA SHANGHAI TOFFEE PJG L,0,9,0,0,85953,773577,773577
Jul-2026,TIGALAPANKAOS POLMAN,KEMEJA MAMU,KEMEJA SHANGHAI TOFFEE PJG L,0,9,0,0,85953,773577,773577
Agu-2026,TIGALAPANKAOS POLMAN,KEMEJA MAMU,KEMEJA SHANGHAI TOFFEE PJG L,0,9,0,0,85953,773577,773577
Sep-2026,TIGALAPANKAOS POLMAN,KEMEJA MAMU,KEMEJA SHANGHAI TOFFEE PJG L,88720,8,0,0,85953,687624,773577
Okt-2026,TIGALAPANKAOS POLMAN,KEMEJA MAMU,KEMEJA SHANGHAI TOFFEE PJG L,0,8,0,0,85953,687624,687624
Jan-2026,TIGALAPANKAOS POLMAN,KEMEJA MAMU,KEMEJA SHANGHAI TOFFEE PJG M,0,5,0,0,87214,436070,0
Feb-2026,TIGALAPANKAOS POLMAN,KEMEJA MAMU,KEMEJA SHANGHAI TOFFEE PJG M,0,5,0,0,87214,436070,436070
Mar-2026,TIGALAPANKAOS POLMAN,KEMEJA MAMU,KEMEJA SHANGHAI TOFFEE PJG M,88054,4,0,0,87214,348856,436070
Apr-2026,TIGALAPANKAOS POLMAN,KEMEJA MAMU,KEMEJA SHANGHAI TOFFEE PJG M,0,4,0,0,85957,343828,348856
Mei-2026,TIGALAPANKAOS POLMAN,KEMEJA MAMU,KEMEJA SHANGHAI TOFFEE PJG M,0,4,0,0,86007,344028,343828
Jun-2026,TIGALAPANKAOS POLMAN,KEMEJA MAMU,KEMEJA SHANGHAI TOFFEE PJG M,0,4,0,0,86007,344028,344028
Jul-2026,TIGALAPANKAOS POLMAN,KEMEJA MAMU,KEMEJA SHANGHAI TOFFEE PJG M,0,4,0,0,86007,344028,344028
Agu-2026,TIGALAPANKAOS POLMAN,KEMEJA MAMU,KEMEJA SHANGHAI TOFFEE PJG M,0,5,0,0,86007,430035,344028
Sep-2026,TIGALAPANKAOS POLMAN,KEMEJA MAMU,KEMEJA SHANGHAI TOFFEE PJG M,0,5,0,0,86007,430035,430035
Okt-2026,TIGALAPANKAOS POLMAN,KEMEJA MAMU,KEMEJA SHANGHAI TOFFEE PJG M,0,5,0,0,86007,430035,430035
Jan-2026,TIGALAPANKAOS POLMAN,KEMEJA MAMU,KEMEJA SHANGHAI TOFFEE PJG S,87214,0,0,0,87214,0,0
Feb-2026,TIGALAPANKAOS POLMAN,KEMEJA MAMU,KEMEJA SHANGHAI TOFFEE PJG S,-87214,1,0,0,87214,87214,0
Mar-2026,TIGALAPANKAOS POLMAN,KEMEJA MAMU,KEMEJA SHANGHAI TOFFEE PJG S,87214,0,0,0,87214,0,87214
Apr-2026,TIGALAPANKAOS POLMAN,KEMEJA MAMU,KEMEJA SHANGHAI TOFFEE PJG S,0,2,0,0,85997,171994,0
Mei-2026,TIGALAPANKAOS POLMAN,KEMEJA MAMU,KEMEJA SHANGHAI TOFFEE PJG S,0,2,0,0,85997,171994,171994
Jun-2026,TIGALAPANKAOS POLMAN,KEMEJA MAMU,KEMEJA SHANGHAI TOFFEE PJG S,0,2,0,0,85997,171994,171994
Jul-2026,TIGALAPANKAOS POLMAN,KEMEJA MAMU,KEMEJA SHANGHAI TOFFEE PJG S,0,2,0,0,85997,171994,171994
Agu-2026,TIGALAPANKAOS POLMAN,KEMEJA MAMU,KEMEJA SHANGHAI TOFFEE PJG S,0,2,0,0,85997,171994,171994
Sep-2026,TIGALAPANKAOS POLMAN,KEMEJA MAMU,KEMEJA SHANGHAI TOFFEE PJG S,0,2,0,0,85997,171994,171994
Okt-2026,TIGALAPANKAOS POLMAN,KEMEJA MAMU,KEMEJA SHANGHAI TOFFEE PJG S,0,2,0,0,85997,171994,171994
Jan-2026,TIGALAPANKAOS POLMAN,KEMEJA MAMU,KEMEJA SHANGHAI TOFFEE PJG XL,0,2,0,0,87214,174428,0
Feb-2026,TIGALAPANKAOS POLMAN,KEMEJA MAMU,KEMEJA SHANGHAI TOFFEE PJG XL,87214,1,0,0,87214,87214,174428
Mar-2026,TIGALAPANKAOS POLMAN,KEMEJA MAMU,KEMEJA SHANGHAI TOFFEE PJG XL,0,1,0,0,87214,87214,87214
Apr-2026,TIGALAPANKAOS POLMAN,KEMEJA MAMU,KEMEJA SHANGHAI TOFFEE PJG XL,0,4,0,0,85955,343820,87214
Mei-2026,TIGALAPANKAOS POLMAN,KEMEJA MAMU,KEMEJA SHANGHAI TOFFEE PJG XL,0,4,0,0,85955,343820,343820
Jun-2026,TIGALAPANKAOS POLMAN,KEMEJA MAMU,KEMEJA SHANGHAI TOFFEE PJG XL,0,4,0,0,85955,343820,343820
Jul-2026,TIGALAPANKAOS POLMAN,KEMEJA MAMU,KEMEJA SHANGHAI TOFFEE PJG XL,0,4,0,0,85955,343820,343820
Agu-2026,TIGALAPANKAOS POLMAN,KEMEJA MAMU,KEMEJA SHANGHAI TOFFEE PJG XL,0,5,0,0,85955,429775,343820
Sep-2026,TIGALAPANKAOS POLMAN,KEMEJA MAMU,KEMEJA SHANGHAI TOFFEE PJG XL,0,5,0,0,85955,429775,429775
Okt-2026,TIGALAPANKAOS POLMAN,KEMEJA MAMU,KEMEJA SHANGHAI TOFFEE PJG XL,0,5,0,0,85955,429775,429775
Jan-2026,TIGALAPANKAOS SAMARINDA,KEMEJA MAMU,KEMEJA FORMAL ABU TUA PJG L,0,5,0,0,88170,440850,0
Feb-2026,TIGALAPANKAOS SAMARINDA,KEMEJA MAMU,KEMEJA FORMAL ABU TUA PJG L,0,5,0,0,88170,440850,440850
Mar-2026,TIGALAPANKAOS SAMARINDA,KEMEJA MAMU,KEMEJA FORMAL ABU TUA PJG L,0,5,0,0,88170,440850,440850
Apr-2026,TIGALAPANKAOS SAMARINDA,KEMEJA MAMU,KEMEJA FORMAL ABU TUA PJG L,0,5,0,0,88170,440850,440850
Mei-2026,TIGALAPANKAOS SAMARINDA,KEMEJA MAMU,KEMEJA FORMAL ABU TUA PJG L,0,5,0,0,88170,440850,440850
Jun-2026,TIGALAPANKAOS SAMARINDA,KEMEJA MAMU,KEMEJA FORMAL ABU TUA PJG L,0,5,0,0,88170,440850,440850
Jul-2026,TIGALAPANKAOS SAMARINDA,KEMEJA MAMU,KEMEJA FORMAL ABU TUA PJG L,88170,4,0,0,88170,352680,440850
Agu-2026,TIGALAPANKAOS SAMARINDA,KEMEJA MAMU,KEMEJA FORMAL ABU TUA PJG L,0,4,0,0,88170,352680,352680
Sep-2026,TIGALAPANKAOS SAMARINDA,KEMEJA MAMU,KEMEJA FORMAL ABU TUA PJG L,0,4,0,0,88170,352680,352680
Okt-2026,TIGALAPANKAOS SAMARINDA,KEMEJA MAMU,KEMEJA FORMAL ABU TUA PJG L,0,4,0,0,88170,352680,352680
Jan-2026,TIGALAPANKAOS SAMARINDA,KEMEJA MAMU,KEMEJA FORMAL ABU TUA PJG M,88170,2,0,0,88170,176340,0
Feb-2026,TIGALAPANKAOS SAMARINDA,KEMEJA MAMU,KEMEJA FORMAL ABU TUA PJG M,0,2,0,0,88170,176340,176340
Mar-2026,TIGALAPANKAOS SAMARINDA,KEMEJA MAMU,KEMEJA FORMAL ABU TUA PJG M,88170,1,0,0,88170,88170,176340
Apr-2026,TIGALAPANKAOS SAMARINDA,KEMEJA MAMU,KEMEJA FORMAL ABU TUA PJG M,0,1,0,0,88170,88170,88170
Mei-2026,TIGALAPANKAOS SAMARINDA,KEMEJA MAMU,KEMEJA FORMAL ABU TUA PJG M,0,1,0,0,88170,88170,88170
Jun-2026,TIGALAPANKAOS SAMARINDA,KEMEJA MAMU,KEMEJA FORMAL ABU TUA PJG M,0,1,0,0,88170,88170,88170
Jul-2026,TIGALAPANKAOS SAMARINDA,KEMEJA MAMU,KEMEJA FORMAL ABU TUA PJG M,0,1,0,0,88170,88170,88170
Agu-2026,TIGALAPANKAOS SAMARINDA,KEMEJA MAMU,KEMEJA FORMAL ABU TUA PJG M,0,1,0,0,88170,88170,88170
Sep-2026,TIGALAPANKAOS SAMARINDA,KEMEJA MAMU,KEMEJA FORMAL ABU TUA PJG M,0,1,0,0,88170,88170,88170
Okt-2026,TIGALAPANKAOS SAMARINDA,KEMEJA MAMU,KEMEJA FORMAL ABU TUA PJG M,0,1,0,0,88170,88170,88170
Jan-2026,TIGALAPANKAOS SAMARINDA,KEMEJA MAMU,KEMEJA FORMAL BURGUNDY PDK XL,0,1,0,0,75170,75170,0
Feb-2026,TIGALAPANKAOS SAMARINDA,KEMEJA MAMU,KEMEJA FORMAL BURGUNDY PDK XL,0,1,0,0,75170,75170,75170
Mar-2026,TIGALAPANKAOS SAMARINDA,KEMEJA MAMU,KEMEJA FORMAL BURGUNDY PDK XL,0,1,0,0,75170,75170,75170
Apr-2026,TIGALAPANKAOS SAMARINDA,KEMEJA MAMU,KEMEJA FORMAL BURGUNDY PDK XL,0,1,0,0,75170,75170,75170
Mei-2026,TIGALAPANKAOS SAMARINDA,KEMEJA MAMU,KEMEJA FORMAL BURGUNDY PDK XL,0,1,0,0,75170,75170,75170
Jun-2026,TIGALAPANKAOS SAMARINDA,KEMEJA MAMU,KEMEJA FORMAL BURGUNDY PDK XL,0,1,0,0,75170,75170,75170
Jul-2026,TIGALAPANKAOS SAMARINDA,KEMEJA MAMU,KEMEJA FORMAL BURGUNDY PDK XL,0,1,0,0,75170,75170,75170
Agu-2026,TIGALAPANKAOS SAMARINDA,KEMEJA MAMU,KEMEJA FORMAL BURGUNDY PDK XL,75170,0,0,0,75170,0,75170
Jan-2026,TIGALAPANKAOS SAMARINDA,KEMEJA MAMU,KEMEJA FORMAL BURGUNDY PJG L,0,10,0,0,88170,881700,0
Feb-2026,TIGALAPANKAOS SAMARINDA,KEMEJA MAMU,KEMEJA FORMAL BURGUNDY PJG L,0,10,0,0,88170,881700,881700
Mar-2026,TIGALAPANKAOS SAMARINDA,KEMEJA MAMU,KEMEJA FORMAL BURGUNDY PJG L,0,10,0,0,88170,881700,881700
Apr-2026,TIGALAPANKAOS SAMARINDA,KEMEJA MAMU,KEMEJA FORMAL BURGUNDY PJG L,0,10,0,0,88170,881700,881700
Mei-2026,TIGALAPANKAOS SAMARINDA,KEMEJA MAMU,KEMEJA FORMAL BURGUNDY PJG L,0,10,0,0,88170,881700,881700
Jun-2026,TIGALAPANKAOS SAMARINDA,KEMEJA MAMU,KEMEJA FORMAL BURGUNDY PJG L,0,10,0,0,88170,881700,881700
Jul-2026,TIGALAPANKAOS SAMARINDA,KEMEJA MAMU,KEMEJA FORMAL BURGUNDY PJG L,0,10,0,0,88170,881700,881700
Agu-2026,TIGALAPANKAOS SAMARINDA,KEMEJA MAMU,KEMEJA FORMAL BURGUNDY PJG L,0,10,0,0,88170,881700,881700
Sep-2026,TIGALAPANKAOS SAMARINDA,KEMEJA MAMU,KEMEJA FORMAL BURGUNDY PJG L,0,10,0,0,88170,881700,881700
Okt-2026,TIGALAPANKAOS SAMARINDA,KEMEJA MAMU,KEMEJA FORMAL BURGUNDY PJG L,0,10,0,0,88170,881700,881700
Jan-2026,TIGALAPANKAOS SAMARINDA,KEMEJA MAMU,KEMEJA FORMAL BURGUNDY PJG M,0,4,0,0,88170,352680,0
Feb-2026,TIGALAPANKAOS SAMARINDA,KEMEJA MAMU,KEMEJA FORMAL BURGUNDY PJG M,0,4,0,0,88170,352680,352680
Mar-2026,TIGALAPANKAOS SAMARINDA,KEMEJA MAMU,KEMEJA FORMAL BURGUNDY PJG M,0,4,0,0,88170,352680,352680
Apr-2026,TIGALAPANKAOS SAMARINDA,KEMEJA MAMU,KEMEJA FORMAL BURGUNDY PJG M,0,4,0,0,88170,352680,352680
Mei-2026,TIGALAPANKAOS SAMARINDA,KEMEJA MAMU,KEMEJA FORMAL BURGUNDY PJG M,0,4,0,0,88170,352680,352680
Jun-2026,TIGALAPANKAOS SAMARINDA,KEMEJA MAMU,KEMEJA FORMAL BURGUNDY PJG M,0,4,0,0,88170,352680,352680
Jul-2026,TIGALAPANKAOS SAMARINDA,KEMEJA MAMU,KEMEJA FORMAL BURGUNDY PJG M,88170,3,0,0,88170,264510,352680
Agu-2026,TIGALAPANKAOS SAMARINDA,KEMEJA MAMU,KEMEJA FORMAL BURGUNDY PJG M,176340,2,0,0,88170,176340,264510
Sep-2026,TIGALAPANKAOS SAMARINDA,KEMEJA MAMU,KEMEJA FORMAL BURGUNDY PJG M,0,1,0,0,88170,88170,176340
Okt-2026,TIGALAPANKAOS SAMARINDA,KEMEJA MAMU,KEMEJA FORMAL BURGUNDY PJG M,0,1,0,0,88170,88170,88170
Jan-2026,TIGALAPANKAOS SAMARINDA,KEMEJA MAMU,KEMEJA FORMAL BURGUNDY PJG XL,0,8,0,0,88170,705360,0
Feb-2026,TIGALAPANKAOS SAMARINDA,KEMEJA MAMU,KEMEJA FORMAL BURGUNDY PJG XL,0,8,0,0,88170,705360,705360
Mar-2026,TIGALAPANKAOS SAMARINDA,KEMEJA MAMU,KEMEJA FORMAL BURGUNDY PJG XL,0,7,0,0,88170,617190,705360
Apr-2026,TIGALAPANKAOS SAMARINDA,KEMEJA MAMU,KEMEJA FORMAL BURGUNDY PJG XL,0,7,0,0,88170,617190,617190
Mei-2026,TIGALAPANKAOS SAMARINDA,KEMEJA MAMU,KEMEJA FORMAL BURGUNDY PJG XL,0,7,0,0,88170,617190,617190
Jun-2026,TIGALAPANKAOS SAMARINDA,KEMEJA MAMU,KEMEJA FORMAL BURGUNDY PJG XL,0,7,0,0,88170,617190,617190
Jul-2026,TIGALAPANKAOS SAMARINDA,KEMEJA MAMU,KEMEJA FORMAL BURGUNDY PJG XL,0,7,0,0,88170,617190,617190
Agu-2026,TIGALAPANKAOS SAMARINDA,KEMEJA MAMU,KEMEJA FORMAL BURGUNDY PJG XL,0,7,0,0,88170,617190,617190
Sep-2026,TIGALAPANKAOS SAMARINDA,KEMEJA MAMU,KEMEJA FORMAL BURGUNDY PJG XL,0,7,0,0,88170,617190,617190
Okt-2026,TIGALAPANKAOS SAMARINDA,KEMEJA MAMU,KEMEJA FORMAL BURGUNDY PJG XL,0,7,0,0,88170,617190,617190
Jan-2026,TIGALAPANKAOS SAMARINDA,KEMEJA MAMU,KEMEJA FORMAL HITAM PDK 2XL,74214,0,0,0,74214,0,0
Jan-2026,TIGALAPANKAOS SAMARINDA,KEMEJA MAMU,KEMEJA FORMAL HITAM PDK L,0,11,0,0,74206,816266,0
Feb-2026,TIGALAPANKAOS SAMARINDA,KEMEJA MAMU,KEMEJA FORMAL HITAM PDK L,74206,10,0,0,74206,742060,816266
Mar-2026,TIGALAPANKAOS SAMARINDA,KEMEJA MAMU,KEMEJA FORMAL HITAM PDK L,0,9,0,0,74158,667422,742060
Apr-2026,TIGALAPANKAOS SAMARINDA,KEMEJA MAMU,KEMEJA FORMAL HITAM PDK L,0,9,0,0,74158,667422,667422
Mei-2026,TIGALAPANKAOS SAMARINDA,KEMEJA MAMU,KEMEJA FORMAL HITAM PDK L,0,9,0,0,72993,656937,667422
Jun-2026,TIGALAPANKAOS SAMARINDA,KEMEJA MAMU,KEMEJA FORMAL HITAM PDK L,0,9,0,0,72993,656937,656937
Jul-2026,TIGALAPANKAOS SAMARINDA,KEMEJA MAMU,KEMEJA FORMAL HITAM PDK L,74206,8,0,0,72993,583944,656937
Agu-2026,TIGALAPANKAOS SAMARINDA,KEMEJA MAMU,KEMEJA FORMAL HITAM PDK L,0,8,0,0,72993,583944,583944
Sep-2026,TIGALAPANKAOS SAMARINDA,KEMEJA MAMU,KEMEJA FORMAL HITAM PDK L,0,8,0,0,72993,583944,583944
Okt-2026,TIGALAPANKAOS SAMARINDA,KEMEJA MAMU,KEMEJA FORMAL HITAM PDK L,0,8,0,0,72993,583944,583944
Jan-2026,TIGALAPANKAOS SAMARINDA,KEMEJA MAMU,KEMEJA FORMAL HITAM PDK M,0,7,0,0,74214,519498,0
Feb-2026,TIGALAPANKAOS SAMARINDA,KEMEJA MAMU,KEMEJA FORMAL HITAM PDK M,0,7,0,0,74214,519498,519498
Mar-2026,TIGALAPANKAOS SAMARINDA,KEMEJA MAMU,KEMEJA FORMAL HITAM PDK M,74214,5,0,0,74154,370770,519498
Apr-2026,TIGALAPANKAOS SAMARINDA,KEMEJA MAMU,KEMEJA FORMAL HITAM PDK M,74214,4,0,0,74154,296616,370770
Mei-2026,TIGALAPANKAOS SAMARINDA,KEMEJA MAMU,KEMEJA FORMAL HITAM PDK M,74214,3,0,0,72991,218973,296616
Jun-2026,TIGALAPANKAOS SAMARINDA,KEMEJA MAMU,KEMEJA FORMAL HITAM PDK M,0,3,0,0,72991,218973,218973
Jul-2026,TIGALAPANKAOS SAMARINDA,KEMEJA MAMU,KEMEJA FORMAL HITAM PDK M,0,3,0,0,72991,218973,218973
Agu-2026,TIGALAPANKAOS SAMARINDA,KEMEJA MAMU,KEMEJA FORMAL HITAM PDK M,0,3,0,0,72991,218973,218973
Sep-2026,TIGALAPANKAOS SAMARINDA,KEMEJA MAMU,KEMEJA FORMAL HITAM PDK M,148428,3,0,0,72991,218973,218973
Okt-2026,TIGALAPANKAOS SAMARINDA,KEMEJA MAMU,KEMEJA FORMAL HITAM PDK M,0,1,0,0,72991,72991,218973
Jan-2026,TIGALAPANKAOS SAMARINDA,KEMEJA MAMU,KEMEJA FORMAL HITAM PDK XL,0,2,0,0,74177,148354,0
Feb-2026,TIGALAPANKAOS SAMARINDA,KEMEJA MAMU,KEMEJA FORMAL HITAM PDK XL,0,2,0,0,74177,148354,148354
Mar-2026,TIGALAPANKAOS SAMARINDA,KEMEJA MAMU,KEMEJA FORMAL HITAM PDK XL,0,2,0,0,73987,147974,148354
Apr-2026,TIGALAPANKAOS SAMARINDA,KEMEJA MAMU,KEMEJA FORMAL HITAM PDK XL,0,2,3,0,73987,369935,147974
Mei-2026,TIGALAPANKAOS SAMARINDA,KEMEJA MAMU,KEMEJA FORMAL HITAM PDK XL,146886,3,0,0,72991,218973,369935
Jun-2026,TIGALAPANKAOS SAMARINDA,KEMEJA MAMU,KEMEJA FORMAL HITAM PDK XL,0,3,0,0,72991,218973,218973
Jul-2026,TIGALAPANKAOS SAMARINDA,KEMEJA MAMU,KEMEJA FORMAL HITAM PDK XL,0,3,0,0,72991,218973,218973
Agu-2026,TIGALAPANKAOS SAMARINDA,KEMEJA MAMU,KEMEJA FORMAL HITAM PDK XL,0,3,0,0,72991,218973,218973
Sep-2026,TIGALAPANKAOS SAMARINDA,KEMEJA MAMU,KEMEJA FORMAL HITAM PDK XL,0,3,0,0,72991,218973,218973
Okt-2026,TIGALAPANKAOS SAMARINDA,KEMEJA MAMU,KEMEJA FORMAL HITAM PDK XL,0,3,0,0,72991,218973,218973
Jan-2026,TIGALAPANKAOS SAMARINDA,KEMEJA MAMU,KEMEJA FORMAL HITAM PJG L,0,10,0,0,87185,871850,0
Feb-2026,TIGALAPANKAOS SAMARINDA,KEMEJA MAMU,KEMEJA FORMAL HITAM PJG L,87254,9,0,0,87185,784665,871850
Mar-2026,TIGALAPANKAOS SAMARINDA,KEMEJA MAMU,KEMEJA FORMAL HITAM PJG L,0,8,0,0,87110,696880,784665
Apr-2026,TIGALAPANKAOS SAMARINDA,KEMEJA MAMU,KEMEJA FORMAL HITAM PJG L,87254,7,0,0,87110,609770,696880
Mei-2026,TIGALAPANKAOS SAMARINDA,KEMEJA MAMU,KEMEJA FORMAL HITAM PJG L,0,7,0,0,86028,602196,609770
Jun-2026,TIGALAPANKAOS SAMARINDA,KEMEJA MAMU,KEMEJA FORMAL HITAM PJG L,174508,5,0,0,86028,430140,602196
Jul-2026,TIGALAPANKAOS SAMARINDA,KEMEJA MAMU,KEMEJA FORMAL HITAM PJG L,0,5,0,0,86028,430140,430140
Agu-2026,TIGALAPANKAOS SAMARINDA,KEMEJA MAMU,KEMEJA FORMAL HITAM PJG L,87254,4,0,0,86028,344112,430140
Sep-2026,TIGALAPANKAOS SAMARINDA,KEMEJA MAMU,KEMEJA FORMAL HITAM PJG L,0,4,0,0,86028,344112,344112
Okt-2026,TIGALAPANKAOS SAMARINDA,KEMEJA MAMU,KEMEJA FORMAL HITAM PJG L,0,4,0,0,86028,344112,344112
Jan-2026,TIGALAPANKAOS SAMARINDA,KEMEJA MAMU,KEMEJA FORMAL HITAM PJG M,0,8,0,0,87214,697712,0
Feb-2026,TIGALAPANKAOS SAMARINDA,KEMEJA MAMU,KEMEJA FORMAL HITAM PJG M,0,8,0,0,87214,697712,697712
Mar-2026,TIGALAPANKAOS SAMARINDA,KEMEJA MAMU,KEMEJA FORMAL HITAM PJG M,0,7,0,0,87183,610281,697712
Apr-2026,TIGALAPANKAOS SAMARINDA,KEMEJA MAMU,KEMEJA FORMAL HITAM PJG M,87214,6,0,0,87183,523098,610281
Mei-2026,TIGALAPANKAOS SAMARINDA,KEMEJA MAMU,KEMEJA FORMAL HITAM PJG M,87214,5,0,0,85993,429965,523098
Jun-2026,TIGALAPANKAOS SAMARINDA,KEMEJA MAMU,KEMEJA FORMAL HITAM PJG M,174428,3,0,0,85993,257979,429965
Jul-2026,TIGALAPANKAOS SAMARINDA,KEMEJA MAMU,KEMEJA FORMAL HITAM PJG M,0,3,0,0,85993,257979,257979
Agu-2026,TIGALAPANKAOS SAMARINDA,KEMEJA MAMU,KEMEJA FORMAL HITAM PJG M,0,3,0,0,85993,257979,257979
Sep-2026,TIGALAPANKAOS SAMARINDA,KEMEJA MAMU,KEMEJA FORMAL HITAM PJG M,0,3,0,0,85993,257979,257979
Okt-2026,TIGALAPANKAOS SAMARINDA,KEMEJA MAMU,KEMEJA FORMAL HITAM PJG M,0,3,0,0,85993,257979,257979
Jan-2026,TIGALAPANKAOS SAMARINDA,KEMEJA MAMU,KEMEJA FORMAL HITAM PJG XL,0,4,0,0,87214,348856,0
Feb-2026,TIGALAPANKAOS SAMARINDA,KEMEJA MAMU,KEMEJA FORMAL HITAM PJG XL,0,4,0,0,87214,348856,348856
Mar-2026,TIGALAPANKAOS SAMARINDA,KEMEJA MAMU,KEMEJA FORMAL HITAM PJG XL,0,4,0,0,87214,348856,348856
Apr-2026,TIGALAPANKAOS SAMARINDA,KEMEJA MAMU,KEMEJA FORMAL HITAM PJG XL,0,4,4,0,87214,697712,348856
Mei-2026,TIGALAPANKAOS SAMARINDA,KEMEJA MAMU,KEMEJA FORMAL HITAM PJG XL,0,8,0,0,85989,687912,697712
Jun-2026,TIGALAPANKAOS SAMARINDA,KEMEJA MAMU,KEMEJA FORMAL HITAM PJG XL,0,8,0,0,85989,687912,687912
Jul-2026,TIGALAPANKAOS SAMARINDA,KEMEJA MAMU,KEMEJA FORMAL HITAM PJG XL,0,8,0,0,85989,687912,687912
Agu-2026,TIGALAPANKAOS SAMARINDA,KEMEJA MAMU,KEMEJA FORMAL HITAM PJG XL,0,8,0,0,85989,687912,687912
Sep-2026,TIGALAPANKAOS SAMARINDA,KEMEJA MAMU,KEMEJA FORMAL HITAM PJG XL,0,8,0,0,85989,687912,687912
Okt-2026,TIGALAPANKAOS SAMARINDA,KEMEJA MAMU,KEMEJA FORMAL HITAM PJG XL,0,8,0,0,85989,687912,687912
Apr-2026,TIGALAPANKAOS SAMARINDA,KEMEJA MAMU,KEMEJA FORMAL LIGHT BROWN PDK L,0,0,5,0,72953,364765,0
Mei-2026,TIGALAPANKAOS SAMARINDA,KEMEJA MAMU,KEMEJA FORMAL LIGHT BROWN PDK L,0,5,0,0,72953,364765,364765
Jun-2026,TIGALAPANKAOS SAMARINDA,KEMEJA MAMU,KEMEJA FORMAL LIGHT BROWN PDK L,0,5,0,0,72953,364765,364765
Jul-2026,TIGALAPANKAOS SAMARINDA,KEMEJA MAMU,KEMEJA FORMAL LIGHT BROWN PDK L,0,5,0,0,72953,364765,364765
Agu-2026,TIGALAPANKAOS SAMARINDA,KEMEJA MAMU,KEMEJA FORMAL LIGHT BROWN PDK L,291812,5,0,0,72953,364765,364765
Sep-2026,TIGALAPANKAOS SAMARINDA,KEMEJA MAMU,KEMEJA FORMAL LIGHT BROWN PDK L,0,1,0,0,72953,72953,364765
Okt-2026,TIGALAPANKAOS SAMARINDA,KEMEJA MAMU,KEMEJA FORMAL LIGHT BROWN PDK L,0,1,0,0,72953,72953,72953
Apr-2026,TIGALAPANKAOS SAMARINDA,KEMEJA MAMU,KEMEJA FORMAL LIGHT BROWN PDK M,0,0,5,0,72970,364850,0
Mei-2026,TIGALAPANKAOS SAMARINDA,KEMEJA MAMU,KEMEJA FORMAL LIGHT BROWN PDK M,0,5,0,0,72970,364850,364850
Jun-2026,TIGALAPANKAOS SAMARINDA,KEMEJA MAMU,KEMEJA FORMAL LIGHT BROWN PDK M,0,5,0,0,72970,364850,364850
Jul-2026,TIGALAPANKAOS SAMARINDA,KEMEJA MAMU,KEMEJA FORMAL LIGHT BROWN PDK M,0,5,0,0,72970,364850,364850
Agu-2026,TIGALAPANKAOS SAMARINDA,KEMEJA MAMU,KEMEJA FORMAL LIGHT BROWN PDK M,145940,5,0,0,72970,364850,364850
Sep-2026,TIGALAPANKAOS SAMARINDA,KEMEJA MAMU,KEMEJA FORMAL LIGHT BROWN PDK M,0,3,0,0,72970,218910,364850
Okt-2026,TIGALAPANKAOS SAMARINDA,KEMEJA MAMU,KEMEJA FORMAL LIGHT BROWN PDK M,0,3,0,0,72970,218910,218910
Apr-2026,TIGALAPANKAOS SAMARINDA,KEMEJA MAMU,KEMEJA FORMAL LIGHT BROWN PDK XL,0,0,5,0,72979,364895,0
Mei-2026,TIGALAPANKAOS SAMARINDA,KEMEJA MAMU,KEMEJA FORMAL LIGHT BROWN PDK XL,0,5,0,0,72979,364895,364895
Jun-2026,TIGALAPANKAOS SAMARINDA,KEMEJA MAMU,KEMEJA FORMAL LIGHT BROWN PDK XL,0,5,0,0,72979,364895,364895
Jul-2026,TIGALAPANKAOS SAMARINDA,KEMEJA MAMU,KEMEJA FORMAL LIGHT BROWN PDK XL,0,5,0,0,72979,364895,364895
Agu-2026,TIGALAPANKAOS SAMARINDA,KEMEJA MAMU,KEMEJA FORMAL LIGHT BROWN PDK XL,218916,5,0,0,72979,364895,364895
Sep-2026,TIGALAPANKAOS SAMARINDA,KEMEJA MAMU,KEMEJA FORMAL LIGHT BROWN PDK XL,0,2,0,0,72979,145958,364895
Okt-2026,TIGALAPANKAOS SAMARINDA,KEMEJA MAMU,KEMEJA FORMAL LIGHT BROWN PDK XL,0,2,0,0,72979,145958,145958
Jan-2026,TIGALAPANKAOS SAMARINDA,KEMEJA MAMU,KEMEJA FORMAL LIGHT BROWN PJG L,0,10,0,0,88170,881700,0
Feb-2026,TIGALAPANKAOS SAMARINDA,KEMEJA MAMU,KEMEJA FORMAL LIGHT BROWN PJG L,0,10,0,0,85928,859280,881700
Mar-2026,TIGALAPANKAOS SAMARINDA,KEMEJA MAMU,KEMEJA FORMAL LIGHT BROWN PJG L,176340,8,0,0,85957,687656,859280
Apr-2026,TIGALAPANKAOS SAMARINDA,KEMEJA MAMU,KEMEJA FORMAL LIGHT BROWN PJG L,0,8,5,0,85957,1117441,687656
Mei-2026,TIGALAPANKAOS SAMARINDA,KEMEJA MAMU,KEMEJA FORMAL LIGHT BROWN PJG L,0,13,0,0,85957,1117441,1117441
Jun-2026,TIGALAPANKAOS SAMARINDA,KEMEJA MAMU,KEMEJA FORMAL LIGHT BROWN PJG L,0,13,0,0,85957,1117441,1117441
Jul-2026,TIGALAPANKAOS SAMARINDA,KEMEJA MAMU,KEMEJA FORMAL LIGHT BROWN PJG L,0,13,0,0,85957,1117441,1117441
Agu-2026,TIGALAPANKAOS SAMARINDA,KEMEJA MAMU,KEMEJA FORMAL LIGHT BROWN PJG L,0,13,0,0,85957,1117441,1117441
Sep-2026,TIGALAPANKAOS SAMARINDA,KEMEJA MAMU,KEMEJA FORMAL LIGHT BROWN PJG L,0,13,0,0,85957,1117441,1117441
Okt-2026,TIGALAPANKAOS SAMARINDA,KEMEJA MAMU,KEMEJA FORMAL LIGHT BROWN PJG L,0,13,0,0,85957,1117441,1117441
Jan-2026,TIGALAPANKAOS SAMARINDA,KEMEJA MAMU,KEMEJA FORMAL LIGHT BROWN PJG M,88170,0,0,0,88170,0,0
Apr-2026,TIGALAPANKAOS SAMARINDA,KEMEJA MAMU,KEMEJA FORMAL LIGHT BROWN PJG M,0,0,2,0,85979,171958,0
Mei-2026,TIGALAPANKAOS SAMARINDA,KEMEJA MAMU,KEMEJA FORMAL LIGHT BROWN PJG M,0,2,0,0,85979,171958,171958
Jun-2026,TIGALAPANKAOS SAMARINDA,KEMEJA MAMU,KEMEJA FORMAL LIGHT BROWN PJG M,85972,1,0,0,85979,85979,171958
Jul-2026,TIGALAPANKAOS SAMARINDA,KEMEJA MAMU,KEMEJA FORMAL LIGHT BROWN PJG M,0,1,0,0,85979,85979,85979
Agu-2026,TIGALAPANKAOS SAMARINDA,KEMEJA MAMU,KEMEJA FORMAL LIGHT BROWN PJG M,0,1,0,0,85979,85979,85979
Sep-2026,TIGALAPANKAOS SAMARINDA,KEMEJA MAMU,KEMEJA FORMAL LIGHT BROWN PJG M,0,1,0,0,85979,85979,85979
Okt-2026,TIGALAPANKAOS SAMARINDA,KEMEJA MAMU,KEMEJA FORMAL LIGHT BROWN PJG M,0,1,0,0,85979,85979,85979
Jan-2026,TIGALAPANKAOS SAMARINDA,KEMEJA MAMU,KEMEJA FORMAL LIGHT BROWN PJG XL,0,2,0,0,88170,176340,0
Feb-2026,TIGALAPANKAOS SAMARINDA,KEMEJA MAMU,KEMEJA FORMAL LIGHT BROWN PJG XL,0,2,0,0,85928,171856,176340
Mar-2026,TIGALAPANKAOS SAMARINDA,KEMEJA MAMU,KEMEJA FORMAL LIGHT BROWN PJG XL,0,2,0,0,85974,171948,171856
Apr-2026,TIGALAPANKAOS SAMARINDA,KEMEJA MAMU,KEMEJA FORMAL LIGHT BROWN PJG XL,0,2,5,0,85974,601818,171948
Mei-2026,TIGALAPANKAOS SAMARINDA,KEMEJA MAMU,KEMEJA FORMAL LIGHT BROWN PJG XL,0,7,0,0,85974,601818,601818
Jun-2026,TIGALAPANKAOS SAMARINDA,KEMEJA MAMU,KEMEJA FORMAL LIGHT BROWN PJG XL,0,7,0,0,85974,601818,601818
Jul-2026,TIGALAPANKAOS SAMARINDA,KEMEJA MAMU,KEMEJA FORMAL LIGHT BROWN PJG XL,0,7,0,0,85974,601818,601818
Agu-2026,TIGALAPANKAOS SAMARINDA,KEMEJA MAMU,KEMEJA FORMAL LIGHT BROWN PJG XL,0,7,0,0,85974,601818,601818
Sep-2026,TIGALAPANKAOS SAMARINDA,KEMEJA MAMU,KEMEJA FORMAL LIGHT BROWN PJG XL,0,7,0,0,85974,601818,601818
Okt-2026,TIGALAPANKAOS SAMARINDA,KEMEJA MAMU,KEMEJA FORMAL LIGHT BROWN PJG XL,0,7,0,0,85974,601818,601818
Apr-2026,TIGALAPANKAOS SAMARINDA,KEMEJA MAMU,KEMEJA FORMAL NAVY PDK L,0,0,2,0,74217,148434,0
Mei-2026,TIGALAPANKAOS SAMARINDA,KEMEJA MAMU,KEMEJA FORMAL NAVY PDK L,0,2,0,0,74217,148434,148434
Jun-2026,TIGALAPANKAOS SAMARINDA,KEMEJA MAMU,KEMEJA FORMAL NAVY PDK L,0,2,0,0,74217,148434,148434
Jul-2026,TIGALAPANKAOS SAMARINDA,KEMEJA MAMU,KEMEJA FORMAL NAVY PDK L,0,2,0,0,74217,148434,148434
Agu-2026,TIGALAPANKAOS SAMARINDA,KEMEJA MAMU,KEMEJA FORMAL NAVY PDK L,0,2,0,0,74217,148434,148434
Sep-2026,TIGALAPANKAOS SAMARINDA,KEMEJA MAMU,KEMEJA FORMAL NAVY PDK L,0,2,0,0,74217,148434,148434
Okt-2026,TIGALAPANKAOS SAMARINDA,KEMEJA MAMU,KEMEJA FORMAL NAVY PDK L,0,2,0,0,74217,148434,148434
Jan-2026,TIGALAPANKAOS SAMARINDA,KEMEJA MAMU,KEMEJA FORMAL NAVY PDK M,0,1,0,0,73797,73797,0
Feb-2026,TIGALAPANKAOS SAMARINDA,KEMEJA MAMU,KEMEJA FORMAL NAVY PDK M,0,1,0,0,77095,77095,73797
Mar-2026,TIGALAPANKAOS SAMARINDA,KEMEJA MAMU,KEMEJA FORMAL NAVY PDK M,0,1,0,0,73940,73940,77095
Apr-2026,TIGALAPANKAOS SAMARINDA,KEMEJA MAMU,KEMEJA FORMAL NAVY PDK M,73797,0,0,0,73797,0,73940
Jan-2026,TIGALAPANKAOS SAMARINDA,KEMEJA MAMU,KEMEJA FORMAL NAVY PJG L,0,2,0,0,86797,173594,0
Feb-2026,TIGALAPANKAOS SAMARINDA,KEMEJA MAMU,KEMEJA FORMAL NAVY PJG L,0,2,0,0,88095,176190,173594
Mar-2026,TIGALAPANKAOS SAMARINDA,KEMEJA MAMU,KEMEJA FORMAL NAVY PJG L,0,2,0,0,86580,173160,176190
Apr-2026,TIGALAPANKAOS SAMARINDA,KEMEJA MAMU,KEMEJA FORMAL NAVY PJG L,0,2,0,0,86580,173160,173160
Mei-2026,TIGALAPANKAOS SAMARINDA,KEMEJA MAMU,KEMEJA FORMAL NAVY PJG L,0,2,0,0,86580,173160,173160
Jun-2026,TIGALAPANKAOS SAMARINDA,KEMEJA MAMU,KEMEJA FORMAL NAVY PJG L,0,2,0,0,86580,173160,173160
Jul-2026,TIGALAPANKAOS SAMARINDA,KEMEJA MAMU,KEMEJA FORMAL NAVY PJG L,86797,1,0,0,86580,86580,173160
Agu-2026,TIGALAPANKAOS SAMARINDA,KEMEJA MAMU,KEMEJA FORMAL NAVY PJG L,0,1,0,0,86580,86580,86580
Sep-2026,TIGALAPANKAOS SAMARINDA,KEMEJA MAMU,KEMEJA FORMAL NAVY PJG L,0,1,0,0,86580,86580,86580
Okt-2026,TIGALAPANKAOS SAMARINDA,KEMEJA MAMU,KEMEJA FORMAL NAVY PJG L,0,1,0,0,86580,86580,86580
Apr-2026,TIGALAPANKAOS SAMARINDA,KEMEJA MAMU,KEMEJA FORMAL NAVY PJG M,0,0,3,0,85993,257979,0
Mei-2026,TIGALAPANKAOS SAMARINDA,KEMEJA MAMU,KEMEJA FORMAL NAVY PJG M,0,3,0,0,85993,257979,257979
Jun-2026,TIGALAPANKAOS SAMARINDA,KEMEJA MAMU,KEMEJA FORMAL NAVY PJG M,86171,2,0,0,85993,171986,257979
Jul-2026,TIGALAPANKAOS SAMARINDA,KEMEJA MAMU,KEMEJA FORMAL NAVY PJG M,0,2,0,0,85993,171986,171986
Agu-2026,TIGALAPANKAOS SAMARINDA,KEMEJA MAMU,KEMEJA FORMAL NAVY PJG M,0,2,0,0,85993,171986,171986
Sep-2026,TIGALAPANKAOS SAMARINDA,KEMEJA MAMU,KEMEJA FORMAL NAVY PJG M,86171,2,0,0,85993,171986,171986
Okt-2026,TIGALAPANKAOS SAMARINDA,KEMEJA MAMU,KEMEJA FORMAL NAVY PJG M,0,1,0,0,85993,85993,171986
Jan-2026,TIGALAPANKAOS SAMARINDA,KEMEJA MAMU,KEMEJA FORMAL NAVY PJG XL,0,1,0,0,86797,86797,0
Feb-2026,TIGALAPANKAOS SAMARINDA,KEMEJA MAMU,KEMEJA FORMAL NAVY PJG XL,0,1,0,0,88095,88095,86797
Mar-2026,TIGALAPANKAOS SAMARINDA,KEMEJA MAMU,KEMEJA FORMAL NAVY PJG XL,0,1,0,0,86519,86519,88095
Apr-2026,TIGALAPANKAOS SAMARINDA,KEMEJA MAMU,KEMEJA FORMAL NAVY PJG XL,0,1,1,0,86519,173038,86519
Mei-2026,TIGALAPANKAOS SAMARINDA,KEMEJA MAMU,KEMEJA FORMAL NAVY PJG XL,0,2,0,0,86519,173038,173038
Jun-2026,TIGALAPANKAOS SAMARINDA,KEMEJA MAMU,KEMEJA FORMAL NAVY PJG XL,0,2,0,0,86519,173038,173038
Jul-2026,TIGALAPANKAOS SAMARINDA,KEMEJA MAMU,KEMEJA FORMAL NAVY PJG XL,86880,1,0,0,86519,86519,173038
Agu-2026,TIGALAPANKAOS SAMARINDA,KEMEJA MAMU,KEMEJA FORMAL NAVY PJG XL,0,1,0,0,86519,86519,86519
Sep-2026,TIGALAPANKAOS SAMARINDA,KEMEJA MAMU,KEMEJA FORMAL NAVY PJG XL,0,1,0,0,86519,86519,86519
Okt-2026,TIGALAPANKAOS SAMARINDA,KEMEJA MAMU,KEMEJA FORMAL NAVY PJG XL,0,1,0,0,86519,86519,86519
Jan-2026,TIGALAPANKAOS SAMARINDA,KEMEJA MAMU,KEMEJA FORMAL OLIVE GREEN PDK L,0,3,0,0,73797,221391,0
Feb-2026,TIGALAPANKAOS SAMARINDA,KEMEJA MAMU,KEMEJA FORMAL OLIVE GREEN PDK L,0,3,0,0,73797,221391,221391
Mar-2026,TIGALAPANKAOS SAMARINDA,KEMEJA MAMU,KEMEJA FORMAL OLIVE GREEN PDK L,0,3,0,0,73797,221391,221391
Apr-2026,TIGALAPANKAOS SAMARINDA,KEMEJA MAMU,KEMEJA FORMAL OLIVE GREEN PDK L,0,3,0,0,73797,221391,221391
Mei-2026,TIGALAPANKAOS SAMARINDA,KEMEJA MAMU,KEMEJA FORMAL OLIVE GREEN PDK L,0,3,0,0,73797,221391,221391
Jun-2026,TIGALAPANKAOS SAMARINDA,KEMEJA MAMU,KEMEJA FORMAL OLIVE GREEN PDK L,0,3,0,0,73797,221391,221391
Jul-2026,TIGALAPANKAOS SAMARINDA,KEMEJA MAMU,KEMEJA FORMAL OLIVE GREEN PDK L,0,3,0,0,73797,221391,221391
Agu-2026,TIGALAPANKAOS SAMARINDA,KEMEJA MAMU,KEMEJA FORMAL OLIVE GREEN PDK L,0,3,0,0,73797,221391,221391
Sep-2026,TIGALAPANKAOS SAMARINDA,KEMEJA MAMU,KEMEJA FORMAL OLIVE GREEN PDK L,0,3,0,0,73797,221391,221391
Okt-2026,TIGALAPANKAOS SAMARINDA,KEMEJA MAMU,KEMEJA FORMAL OLIVE GREEN PDK L,0,3,0,0,73797,221391,221391
Jan-2026,TIGALAPANKAOS SAMARINDA,KEMEJA MAMU,KEMEJA FORMAL OLIVE GREEN PDK M,0,4,0,0,73797,295188,0
Feb-2026,TIGALAPANKAOS SAMARINDA,KEMEJA MAMU,KEMEJA FORMAL OLIVE GREEN PDK M,0,4,0,0,73797,295188,295188
Mar-2026,TIGALAPANKAOS SAMARINDA,KEMEJA MAMU,KEMEJA FORMAL OLIVE GREEN PDK M,73797,3,0,0,73797,221391,295188
Apr-2026,TIGALAPANKAOS SAMARINDA,KEMEJA MAMU,KEMEJA FORMAL OLIVE GREEN PDK M,73797,2,0,0,73797,147594,221391
Mei-2026,TIGALAPANKAOS SAMARINDA,KEMEJA MAMU,KEMEJA FORMAL OLIVE GREEN PDK M,0,2,0,0,73797,147594,147594
Jun-2026,TIGALAPANKAOS SAMARINDA,KEMEJA MAMU,KEMEJA FORMAL OLIVE GREEN PDK M,0,2,0,0,73797,147594,147594
Jul-2026,TIGALAPANKAOS SAMARINDA,KEMEJA MAMU,KEMEJA FORMAL OLIVE GREEN PDK M,0,2,0,0,73797,147594,147594
Agu-2026,TIGALAPANKAOS SAMARINDA,KEMEJA MAMU,KEMEJA FORMAL OLIVE GREEN PDK M,0,2,0,0,73797,147594,147594
Sep-2026,TIGALAPANKAOS SAMARINDA,KEMEJA MAMU,KEMEJA FORMAL OLIVE GREEN PDK M,73797,2,0,0,73797,147594,147594
Okt-2026,TIGALAPANKAOS SAMARINDA,KEMEJA MAMU,KEMEJA FORMAL OLIVE GREEN PDK M,0,1,0,0,73797,73797,147594
Jan-2026,TIGALAPANKAOS SAMARINDA,KEMEJA MAMU,KEMEJA FORMAL OLIVE GREEN PDK XL,0,3,0,0,73797,221391,0
Feb-2026,TIGALAPANKAOS SAMARINDA,KEMEJA MAMU,KEMEJA FORMAL OLIVE GREEN PDK XL,0,3,0,0,73797,221391,221391
Mar-2026,TIGALAPANKAOS SAMARINDA,KEMEJA MAMU,KEMEJA FORMAL OLIVE GREEN PDK XL,0,3,0,0,73797,221391,221391
Apr-2026,TIGALAPANKAOS SAMARINDA,KEMEJA MAMU,KEMEJA FORMAL OLIVE GREEN PDK XL,0,3,0,0,73797,221391,221391
Mei-2026,TIGALAPANKAOS SAMARINDA,KEMEJA MAMU,KEMEJA FORMAL OLIVE GREEN PDK XL,0,3,0,0,73797,221391,221391
Jun-2026,TIGALAPANKAOS SAMARINDA,KEMEJA MAMU,KEMEJA FORMAL OLIVE GREEN PDK XL,0,3,0,0,73797,221391,221391
Jul-2026,TIGALAPANKAOS SAMARINDA,KEMEJA MAMU,KEMEJA FORMAL OLIVE GREEN PDK XL,73797,2,0,0,73797,147594,221391
Agu-2026,TIGALAPANKAOS SAMARINDA,KEMEJA MAMU,KEMEJA FORMAL OLIVE GREEN PDK XL,0,2,0,0,73797,147594,147594
Sep-2026,TIGALAPANKAOS SAMARINDA,KEMEJA MAMU,KEMEJA FORMAL OLIVE GREEN PDK XL,0,2,0,0,73797,147594,147594
Okt-2026,TIGALAPANKAOS SAMARINDA,KEMEJA MAMU,KEMEJA FORMAL OLIVE GREEN PDK XL,0,2,0,0,73797,147594,147594
Jan-2026,TIGALAPANKAOS SAMARINDA,KEMEJA MAMU,KEMEJA FORMAL OLIVE GREEN PJG L,0,4,0,0,86797,347188,0
Feb-2026,TIGALAPANKAOS SAMARINDA,KEMEJA MAMU,KEMEJA FORMAL OLIVE GREEN PJG L,0,4,0,0,86797,347188,347188
Mar-2026,TIGALAPANKAOS SAMARINDA,KEMEJA MAMU,KEMEJA FORMAL OLIVE GREEN PJG L,0,4,0,0,86797,347188,347188
Apr-2026,TIGALAPANKAOS SAMARINDA,KEMEJA MAMU,KEMEJA FORMAL OLIVE GREEN PJG L,0,4,0,0,86797,347188,347188
Mei-2026,TIGALAPANKAOS SAMARINDA,KEMEJA MAMU,KEMEJA FORMAL OLIVE GREEN PJG L,0,4,0,0,86797,347188,347188
Jun-2026,TIGALAPANKAOS SAMARINDA,KEMEJA MAMU,KEMEJA FORMAL OLIVE GREEN PJG L,0,4,0,0,86797,347188,347188
Jul-2026,TIGALAPANKAOS SAMARINDA,KEMEJA MAMU,KEMEJA FORMAL OLIVE GREEN PJG L,0,4,0,0,86797,347188,347188
Agu-2026,TIGALAPANKAOS SAMARINDA,KEMEJA MAMU,KEMEJA FORMAL OLIVE GREEN PJG L,0,4,0,0,86797,347188,347188
Sep-2026,TIGALAPANKAOS SAMARINDA,KEMEJA MAMU,KEMEJA FORMAL OLIVE GREEN PJG L,0,4,0,0,86797,347188,347188
Okt-2026,TIGALAPANKAOS SAMARINDA,KEMEJA MAMU,KEMEJA FORMAL OLIVE GREEN PJG L,0,4,0,0,86797,347188,347188
Jan-2026,TIGALAPANKAOS SAMARINDA,KEMEJA MAMU,KEMEJA FORMAL OLIVE GREEN PJG M,0,4,0,0,86797,347188,0
Feb-2026,TIGALAPANKAOS SAMARINDA,KEMEJA MAMU,KEMEJA FORMAL OLIVE GREEN PJG M,0,4,0,0,86797,347188,347188
Mar-2026,TIGALAPANKAOS SAMARINDA,KEMEJA MAMU,KEMEJA FORMAL OLIVE GREEN PJG M,0,4,0,0,86797,347188,347188
Apr-2026,TIGALAPANKAOS SAMARINDA,KEMEJA MAMU,KEMEJA FORMAL OLIVE GREEN PJG M,0,4,0,0,86797,347188,347188
Mei-2026,TIGALAPANKAOS SAMARINDA,KEMEJA MAMU,KEMEJA FORMAL OLIVE GREEN PJG M,0,4,0,0,86797,347188,347188
Jun-2026,TIGALAPANKAOS SAMARINDA,KEMEJA MAMU,KEMEJA FORMAL OLIVE GREEN PJG M,0,4,0,0,86797,347188,347188
Jul-2026,TIGALAPANKAOS SAMARINDA,KEMEJA MAMU,KEMEJA FORMAL OLIVE GREEN PJG M,0,4,0,0,86797,347188,347188
Agu-2026,TIGALAPANKAOS SAMARINDA,KEMEJA MAMU,KEMEJA FORMAL OLIVE GREEN PJG M,0,4,0,0,86797,347188,347188
Sep-2026,TIGALAPANKAOS SAMARINDA,KEMEJA MAMU,KEMEJA FORMAL OLIVE GREEN PJG M,0,4,0,0,86797,347188,347188
Okt-2026,TIGALAPANKAOS SAMARINDA,KEMEJA MAMU,KEMEJA FORMAL OLIVE GREEN PJG M,0,4,0,0,86797,347188,347188
Jan-2026,TIGALAPANKAOS SAMARINDA,KEMEJA MAMU,KEMEJA FORMAL OLIVE GREEN PJG XL,0,5,0,0,86797,433985,0
Feb-2026,TIGALAPANKAOS SAMARINDA,KEMEJA MAMU,KEMEJA FORMAL OLIVE GREEN PJG XL,0,5,0,0,86797,433985,433985
Mar-2026,TIGALAPANKAOS SAMARINDA,KEMEJA MAMU,KEMEJA FORMAL OLIVE GREEN PJG XL,0,5,0,0,86797,433985,433985
Apr-2026,TIGALAPANKAOS SAMARINDA,KEMEJA MAMU,KEMEJA FORMAL OLIVE GREEN PJG XL,0,5,0,0,86797,433985,433985
Mei-2026,TIGALAPANKAOS SAMARINDA,KEMEJA MAMU,KEMEJA FORMAL OLIVE GREEN PJG XL,0,5,0,0,86797,433985,433985
Jun-2026,TIGALAPANKAOS SAMARINDA,KEMEJA MAMU,KEMEJA FORMAL OLIVE GREEN PJG XL,0,5,0,0,86797,433985,433985
Jul-2026,TIGALAPANKAOS SAMARINDA,KEMEJA MAMU,KEMEJA FORMAL OLIVE GREEN PJG XL,0,5,0,0,86797,433985,433985
Agu-2026,TIGALAPANKAOS SAMARINDA,KEMEJA MAMU,KEMEJA FORMAL OLIVE GREEN PJG XL,0,5,0,0,86797,433985,433985
Sep-2026,TIGALAPANKAOS SAMARINDA,KEMEJA MAMU,KEMEJA FORMAL OLIVE GREEN PJG XL,0,5,0,0,86797,433985,433985
Okt-2026,TIGALAPANKAOS SAMARINDA,KEMEJA MAMU,KEMEJA FORMAL OLIVE GREEN PJG XL,0,5,0,0,86797,433985,433985
Jan-2026,TIGALAPANKAOS SAMARINDA,KEMEJA MAMU,KEMEJA FORMAL STEEL BLUE PDK XL,73797,1,0,0,73797,73797,0
Feb-2026,TIGALAPANKAOS SAMARINDA,KEMEJA MAMU,KEMEJA FORMAL STEEL BLUE PDK XL,0,1,0,0,75283,75283,73797
Mar-2026,TIGALAPANKAOS SAMARINDA,KEMEJA MAMU,KEMEJA FORMAL STEEL BLUE PDK XL,73797,0,0,0,73797,0,75283
Jan-2026,TIGALAPANKAOS SAMARINDA,KEMEJA MAMU,KEMEJA FORMAL STEEL BLUE PJG 2XL,0,5,0,0,88053,440265,0
Feb-2026,TIGALAPANKAOS SAMARINDA,KEMEJA MAMU,KEMEJA FORMAL STEEL BLUE PJG 2XL,0,5,0,0,88053,440265,440265
Mar-2026,TIGALAPANKAOS SAMARINDA,KEMEJA MAMU,KEMEJA FORMAL STEEL BLUE PJG 2XL,0,5,0,0,88053,440265,440265
Apr-2026,TIGALAPANKAOS SAMARINDA,KEMEJA MAMU,KEMEJA FORMAL STEEL BLUE PJG 2XL,0,5,3,0,88053,704424,440265
Mei-2026,TIGALAPANKAOS SAMARINDA,KEMEJA MAMU,KEMEJA FORMAL STEEL BLUE PJG 2XL,176106,6,0,0,88053,528318,704424
Jun-2026,TIGALAPANKAOS SAMARINDA,KEMEJA MAMU,KEMEJA FORMAL STEEL BLUE PJG 2XL,0,6,0,0,88053,528318,528318
Jul-2026,TIGALAPANKAOS SAMARINDA,KEMEJA MAMU,KEMEJA FORMAL STEEL BLUE PJG 2XL,0,6,0,0,88053,528318,528318
Agu-2026,TIGALAPANKAOS SAMARINDA,KEMEJA MAMU,KEMEJA FORMAL STEEL BLUE PJG 2XL,0,6,0,0,88053,528318,528318
Sep-2026,TIGALAPANKAOS SAMARINDA,KEMEJA MAMU,KEMEJA FORMAL STEEL BLUE PJG 2XL,0,6,0,0,88053,528318,528318
Okt-2026,TIGALAPANKAOS SAMARINDA,KEMEJA MAMU,KEMEJA FORMAL STEEL BLUE PJG 2XL,0,6,0,0,88053,528318,528318
Jan-2026,TIGALAPANKAOS SAMARINDA,KEMEJA MAMU,KEMEJA FORMAL STEEL BLUE PJG L,0,28,0,0,88053,2465484,0
Feb-2026,TIGALAPANKAOS SAMARINDA,KEMEJA MAMU,KEMEJA FORMAL STEEL BLUE PJG L,0,28,0,0,88053,2465484,2465484
Mar-2026,TIGALAPANKAOS SAMARINDA,KEMEJA MAMU,KEMEJA FORMAL STEEL BLUE PJG L,0,25,0,0,87505,2187625,2465484
Apr-2026,TIGALAPANKAOS SAMARINDA,KEMEJA MAMU,KEMEJA FORMAL STEEL BLUE PJG L,0,25,0,0,87505,2187625,2187625
Mei-2026,TIGALAPANKAOS SAMARINDA,KEMEJA MAMU,KEMEJA FORMAL STEEL BLUE PJG L,0,25,0,0,87170,2179250,2187625
Jun-2026,TIGALAPANKAOS SAMARINDA,KEMEJA MAMU,KEMEJA FORMAL STEEL BLUE PJG L,0,25,0,0,87170,2179250,2179250
Jul-2026,TIGALAPANKAOS SAMARINDA,KEMEJA MAMU,KEMEJA FORMAL STEEL BLUE PJG L,0,25,0,0,87170,2179250,2179250
Agu-2026,TIGALAPANKAOS SAMARINDA,KEMEJA MAMU,KEMEJA FORMAL STEEL BLUE PJG L,0,25,0,0,87170,2179250,2179250
Sep-2026,TIGALAPANKAOS SAMARINDA,KEMEJA MAMU,KEMEJA FORMAL STEEL BLUE PJG L,0,25,0,0,87170,2179250,2179250
Okt-2026,TIGALAPANKAOS SAMARINDA,KEMEJA MAMU,KEMEJA FORMAL STEEL BLUE PJG L,0,25,0,0,87170,2179250,2179250
Jan-2026,TIGALAPANKAOS SAMARINDA,KEMEJA MAMU,KEMEJA FORMAL STEEL BLUE PJG M,0,15,0,0,88053,1320795,0
Feb-2026,TIGALAPANKAOS SAMARINDA,KEMEJA MAMU,KEMEJA FORMAL STEEL BLUE PJG M,0,15,0,0,88053,1320795,1320795
Mar-2026,TIGALAPANKAOS SAMARINDA,KEMEJA MAMU,KEMEJA FORMAL STEEL BLUE PJG M,0,15,0,0,88053,1320795,1320795
Apr-2026,TIGALAPANKAOS SAMARINDA,KEMEJA MAMU,KEMEJA FORMAL STEEL BLUE PJG M,0,15,0,0,88053,1320795,1320795
Mei-2026,TIGALAPANKAOS SAMARINDA,KEMEJA MAMU,KEMEJA FORMAL STEEL BLUE PJG M,0,15,0,0,88053,1320795,1320795
Jun-2026,TIGALAPANKAOS SAMARINDA,KEMEJA MAMU,KEMEJA FORMAL STEEL BLUE PJG M,87886,14,0,0,88053,1232742,1320795
Jul-2026,TIGALAPANKAOS SAMARINDA,KEMEJA MAMU,KEMEJA FORMAL STEEL BLUE PJG M,0,14,0,0,88053,1232742,1232742
Agu-2026,TIGALAPANKAOS SAMARINDA,KEMEJA MAMU,KEMEJA FORMAL STEEL BLUE PJG M,0,14,0,0,88053,1232742,1232742
Sep-2026,TIGALAPANKAOS SAMARINDA,KEMEJA MAMU,KEMEJA FORMAL STEEL BLUE PJG M,0,14,0,0,88053,1232742,1232742
Okt-2026,TIGALAPANKAOS SAMARINDA,KEMEJA MAMU,KEMEJA FORMAL STEEL BLUE PJG M,0,14,0,0,88053,1232742,1232742
Jan-2026,TIGALAPANKAOS SAMARINDA,KEMEJA MAMU,KEMEJA FORMAL STEEL BLUE PJG S,0,4,0,0,88053,352212,0
Feb-2026,TIGALAPANKAOS SAMARINDA,KEMEJA MAMU,KEMEJA FORMAL STEEL BLUE PJG S,0,4,0,0,88053,352212,352212
Mar-2026,TIGALAPANKAOS SAMARINDA,KEMEJA MAMU,KEMEJA FORMAL STEEL BLUE PJG S,0,4,0,0,88053,352212,352212
Apr-2026,TIGALAPANKAOS SAMARINDA,KEMEJA MAMU,KEMEJA FORMAL STEEL BLUE PJG S,0,4,0,0,88053,352212,352212
Mei-2026,TIGALAPANKAOS SAMARINDA,KEMEJA MAMU,KEMEJA FORMAL STEEL BLUE PJG S,0,4,0,0,88053,352212,352212
Jun-2026,TIGALAPANKAOS SAMARINDA,KEMEJA MAMU,KEMEJA FORMAL STEEL BLUE PJG S,0,4,0,0,88053,352212,352212
Jul-2026,TIGALAPANKAOS SAMARINDA,KEMEJA MAMU,KEMEJA FORMAL STEEL BLUE PJG S,88053,3,0,0,88053,264159,352212
Agu-2026,TIGALAPANKAOS SAMARINDA,KEMEJA MAMU,KEMEJA FORMAL STEEL BLUE PJG S,0,3,0,0,88053,264159,264159
Sep-2026,TIGALAPANKAOS SAMARINDA,KEMEJA MAMU,KEMEJA FORMAL STEEL BLUE PJG S,88053,2,0,0,88053,176106,264159
Okt-2026,TIGALAPANKAOS SAMARINDA,KEMEJA MAMU,KEMEJA FORMAL STEEL BLUE PJG S,0,2,0,0,88053,176106,176106
Jan-2026,TIGALAPANKAOS SAMARINDA,KEMEJA MAMU,KEMEJA FORMAL STEEL BLUE PJG XL,0,19,0,0,88053,1673007,0
Feb-2026,TIGALAPANKAOS SAMARINDA,KEMEJA MAMU,KEMEJA FORMAL STEEL BLUE PJG XL,0,19,0,0,88053,1673007,1673007
Mar-2026,TIGALAPANKAOS SAMARINDA,KEMEJA MAMU,KEMEJA FORMAL STEEL BLUE PJG XL,0,19,0,0,88053,1673007,1673007
Apr-2026,TIGALAPANKAOS SAMARINDA,KEMEJA MAMU,KEMEJA FORMAL STEEL BLUE PJG XL,0,19,0,0,88053,1673007,1673007
Mei-2026,TIGALAPANKAOS SAMARINDA,KEMEJA MAMU,KEMEJA FORMAL STEEL BLUE PJG XL,0,19,0,0,88053,1673007,1673007
Jun-2026,TIGALAPANKAOS SAMARINDA,KEMEJA MAMU,KEMEJA FORMAL STEEL BLUE PJG XL,0,19,0,0,88053,1673007,1673007
Jul-2026,TIGALAPANKAOS SAMARINDA,KEMEJA MAMU,KEMEJA FORMAL STEEL BLUE PJG XL,0,19,0,0,88053,1673007,1673007
Agu-2026,TIGALAPANKAOS SAMARINDA,KEMEJA MAMU,KEMEJA FORMAL STEEL BLUE PJG XL,0,19,0,0,88053,1673007,1673007
Sep-2026,TIGALAPANKAOS SAMARINDA,KEMEJA MAMU,KEMEJA FORMAL STEEL BLUE PJG XL,0,19,0,0,88053,1673007,1673007
Okt-2026,TIGALAPANKAOS SAMARINDA,KEMEJA MAMU,KEMEJA FORMAL STEEL BLUE PJG XL,0,19,0,0,88053,1673007,1673007
Jan-2026,TIGALAPANKAOS SAMARINDA,KEMEJA MAMU,KEMEJA FORMAL TOFFEE PDK 2XL,0,1,0,0,75053,75053,0
Feb-2026,TIGALAPANKAOS SAMARINDA,KEMEJA MAMU,KEMEJA FORMAL TOFFEE PDK 2XL,0,1,0,0,75053,75053,75053
Mar-2026,TIGALAPANKAOS SAMARINDA,KEMEJA MAMU,KEMEJA FORMAL TOFFEE PDK 2XL,74634,0,0,0,75053,0,75053
Jan-2026,TIGALAPANKAOS SAMARINDA,KEMEJA MAMU,KEMEJA FORMAL TOFFEE PDK L,0,9,0,0,75053,675477,0
Feb-2026,TIGALAPANKAOS SAMARINDA,KEMEJA MAMU,KEMEJA FORMAL TOFFEE PDK L,0,9,0,0,75053,675477,675477
Mar-2026,TIGALAPANKAOS SAMARINDA,KEMEJA MAMU,KEMEJA FORMAL TOFFEE PDK L,0,9,0,0,75053,675477,675477
Apr-2026,TIGALAPANKAOS SAMARINDA,KEMEJA MAMU,KEMEJA FORMAL TOFFEE PDK L,148428,7,0,0,75053,525371,675477
Mei-2026,TIGALAPANKAOS SAMARINDA,KEMEJA MAMU,KEMEJA FORMAL TOFFEE PDK L,74214,6,0,0,75053,450318,525371
Jun-2026,TIGALAPANKAOS SAMARINDA,KEMEJA MAMU,KEMEJA FORMAL TOFFEE PDK L,0,6,0,0,75053,450318,450318
Jul-2026,TIGALAPANKAOS SAMARINDA,KEMEJA MAMU,KEMEJA FORMAL TOFFEE PDK L,0,6,0,0,75053,450318,450318
Agu-2026,TIGALAPANKAOS SAMARINDA,KEMEJA MAMU,KEMEJA FORMAL TOFFEE PDK L,0,6,0,0,75053,450318,450318
Sep-2026,TIGALAPANKAOS SAMARINDA,KEMEJA MAMU,KEMEJA FORMAL TOFFEE PDK L,0,6,0,0,75053,450318,450318
Okt-2026,TIGALAPANKAOS SAMARINDA,KEMEJA MAMU,KEMEJA FORMAL TOFFEE PDK L,0,6,0,0,75053,450318,450318
Jan-2026,TIGALAPANKAOS SAMARINDA,KEMEJA MAMU,KEMEJA FORMAL TOFFEE PDK M,0,5,0,0,74214,371070,0
Feb-2026,TIGALAPANKAOS SAMARINDA,KEMEJA MAMU,KEMEJA FORMAL TOFFEE PDK M,0,5,0,0,74214,371070,371070
Mar-2026,TIGALAPANKAOS SAMARINDA,KEMEJA MAMU,KEMEJA FORMAL TOFFEE PDK M,74354,4,0,0,74214,296856,371070
Apr-2026,TIGALAPANKAOS SAMARINDA,KEMEJA MAMU,KEMEJA FORMAL TOFFEE PDK M,0,4,0,0,74214,296856,296856
Mei-2026,TIGALAPANKAOS SAMARINDA,KEMEJA MAMU,KEMEJA FORMAL TOFFEE PDK M,148708,2,0,0,74214,148428,296856
Jun-2026,TIGALAPANKAOS SAMARINDA,KEMEJA MAMU,KEMEJA FORMAL TOFFEE PDK M,0,2,0,0,74214,148428,148428
Jul-2026,TIGALAPANKAOS SAMARINDA,KEMEJA MAMU,KEMEJA FORMAL TOFFEE PDK M,0,2,0,0,74214,148428,148428
Agu-2026,TIGALAPANKAOS SAMARINDA,KEMEJA MAMU,KEMEJA FORMAL TOFFEE PDK M,0,2,0,0,74214,148428,148428
Sep-2026,TIGALAPANKAOS SAMARINDA,KEMEJA MAMU,KEMEJA FORMAL TOFFEE PDK M,74354,1,0,0,74214,74214,148428
Okt-2026,TIGALAPANKAOS SAMARINDA,KEMEJA MAMU,KEMEJA FORMAL TOFFEE PDK M,74354,0,0,0,74214,0,74214
Jan-2026,TIGALAPANKAOS SAMARINDA,KEMEJA MAMU,KEMEJA FORMAL TOFFEE PDK S,0,1,0,0,75053,75053,0
Feb-2026,TIGALAPANKAOS SAMARINDA,KEMEJA MAMU,KEMEJA FORMAL TOFFEE PDK S,0,1,0,0,75053,75053,75053
Mar-2026,TIGALAPANKAOS SAMARINDA,KEMEJA MAMU,KEMEJA FORMAL TOFFEE PDK S,0,1,0,0,75053,75053,75053
Apr-2026,TIGALAPANKAOS SAMARINDA,KEMEJA MAMU,KEMEJA FORMAL TOFFEE PDK S,0,1,0,0,75053,75053,75053
Mei-2026,TIGALAPANKAOS SAMARINDA,KEMEJA MAMU,KEMEJA FORMAL TOFFEE PDK S,0,1,0,0,75053,75053,75053
Jun-2026,TIGALAPANKAOS SAMARINDA,KEMEJA MAMU,KEMEJA FORMAL TOFFEE PDK S,0,1,0,0,75053,75053,75053
Jul-2026,TIGALAPANKAOS SAMARINDA,KEMEJA MAMU,KEMEJA FORMAL TOFFEE PDK S,74214,0,0,0,75053,0,75053
Jan-2026,TIGALAPANKAOS SAMARINDA,KEMEJA MAMU,KEMEJA FORMAL TOFFEE PDK XL,0,3,0,0,75053,225159,0
Feb-2026,TIGALAPANKAOS SAMARINDA,KEMEJA MAMU,KEMEJA FORMAL TOFFEE PDK XL,0,3,0,0,75053,225159,225159
Mar-2026,TIGALAPANKAOS SAMARINDA,KEMEJA MAMU,KEMEJA FORMAL TOFFEE PDK XL,74214,2,0,0,75053,150106,225159
Apr-2026,TIGALAPANKAOS SAMARINDA,KEMEJA MAMU,KEMEJA FORMAL TOFFEE PDK XL,0,2,3,0,75053,375265,150106
Mei-2026,TIGALAPANKAOS SAMARINDA,KEMEJA MAMU,KEMEJA FORMAL TOFFEE PDK XL,74717,4,0,0,75053,300212,375265
Jun-2026,TIGALAPANKAOS SAMARINDA,KEMEJA MAMU,KEMEJA FORMAL TOFFEE PDK XL,74717,3,0,0,75053,225159,300212
Jul-2026,TIGALAPANKAOS SAMARINDA,KEMEJA MAMU,KEMEJA FORMAL TOFFEE PDK XL,0,3,0,0,75053,225159,225159
Agu-2026,TIGALAPANKAOS SAMARINDA,KEMEJA MAMU,KEMEJA FORMAL TOFFEE PDK XL,0,3,0,0,75053,225159,225159
Sep-2026,TIGALAPANKAOS SAMARINDA,KEMEJA MAMU,KEMEJA FORMAL TOFFEE PDK XL,0,3,0,0,75053,225159,225159
Okt-2026,TIGALAPANKAOS SAMARINDA,KEMEJA MAMU,KEMEJA FORMAL TOFFEE PDK XL,0,3,0,0,75053,225159,225159
Jan-2026,TIGALAPANKAOS SAMARINDA,KEMEJA MAMU,KEMEJA FORMAL TOFFEE PJG L,0,12,0,0,88053,1056636,0
Feb-2026,TIGALAPANKAOS SAMARINDA,KEMEJA MAMU,KEMEJA FORMAL TOFFEE PJG L,0,12,0,0,88053,1056636,1056636
Mar-2026,TIGALAPANKAOS SAMARINDA,KEMEJA MAMU,KEMEJA FORMAL TOFFEE PJG L,174708,10,0,0,88053,880530,1056636
Apr-2026,TIGALAPANKAOS SAMARINDA,KEMEJA MAMU,KEMEJA FORMAL TOFFEE PJG L,0,10,0,0,88053,880530,880530
Mei-2026,TIGALAPANKAOS SAMARINDA,KEMEJA MAMU,KEMEJA FORMAL TOFFEE PJG L,0,10,0,0,88053,880530,880530
Jun-2026,TIGALAPANKAOS SAMARINDA,KEMEJA MAMU,KEMEJA FORMAL TOFFEE PJG L,0,10,0,0,88053,880530,880530
Jul-2026,TIGALAPANKAOS SAMARINDA,KEMEJA MAMU,KEMEJA FORMAL TOFFEE PJG L,0,10,0,0,88053,880530,880530
Agu-2026,TIGALAPANKAOS SAMARINDA,KEMEJA MAMU,KEMEJA FORMAL TOFFEE PJG L,0,10,0,0,88053,880530,880530
Sep-2026,TIGALAPANKAOS SAMARINDA,KEMEJA MAMU,KEMEJA FORMAL TOFFEE PJG L,0,10,0,0,88053,880530,880530
Okt-2026,TIGALAPANKAOS SAMARINDA,KEMEJA MAMU,KEMEJA FORMAL TOFFEE PJG L,0,10,0,0,88053,880530,880530
Jan-2026,TIGALAPANKAOS SAMARINDA,KEMEJA MAMU,KEMEJA FORMAL TOFFEE PJG M,0,11,0,0,88053,968583,0
Feb-2026,TIGALAPANKAOS SAMARINDA,KEMEJA MAMU,KEMEJA FORMAL TOFFEE PJG M,0,11,0,0,88053,968583,968583
Mar-2026,TIGALAPANKAOS SAMARINDA,KEMEJA MAMU,KEMEJA FORMAL TOFFEE PJG M,0,11,0,0,88053,968583,968583
Apr-2026,TIGALAPANKAOS SAMARINDA,KEMEJA MAMU,KEMEJA FORMAL TOFFEE PJG M,87290,10,0,0,88053,880530,968583
Mei-2026,TIGALAPANKAOS SAMARINDA,KEMEJA MAMU,KEMEJA FORMAL TOFFEE PJG M,87290,9,0,0,88053,792477,880530
Jun-2026,TIGALAPANKAOS SAMARINDA,KEMEJA MAMU,KEMEJA FORMAL TOFFEE PJG M,87290,8,0,0,88053,704424,792477
Jul-2026,TIGALAPANKAOS SAMARINDA,KEMEJA MAMU,KEMEJA FORMAL TOFFEE PJG M,0,8,0,0,88053,704424,704424
Agu-2026,TIGALAPANKAOS SAMARINDA,KEMEJA MAMU,KEMEJA FORMAL TOFFEE PJG M,0,8,0,0,88053,704424,704424
Sep-2026,TIGALAPANKAOS SAMARINDA,KEMEJA MAMU,KEMEJA FORMAL TOFFEE PJG M,0,8,0,0,88053,704424,704424
Okt-2026,TIGALAPANKAOS SAMARINDA,KEMEJA MAMU,KEMEJA FORMAL TOFFEE PJG M,0,8,0,0,88053,704424,704424
Jan-2026,TIGALAPANKAOS SAMARINDA,KEMEJA MAMU,KEMEJA FORMAL TOFFEE PJG S,0,2,0,0,88053,176106,0
Feb-2026,TIGALAPANKAOS SAMARINDA,KEMEJA MAMU,KEMEJA FORMAL TOFFEE PJG S,0,2,0,0,88053,176106,176106
Mar-2026,TIGALAPANKAOS SAMARINDA,KEMEJA MAMU,KEMEJA FORMAL TOFFEE PJG S,87214,1,0,0,88053,88053,176106
Apr-2026,TIGALAPANKAOS SAMARINDA,KEMEJA MAMU,KEMEJA FORMAL TOFFEE PJG S,0,1,0,0,88053,88053,88053
Mei-2026,TIGALAPANKAOS SAMARINDA,KEMEJA MAMU,KEMEJA FORMAL TOFFEE PJG S,0,1,0,0,88053,88053,88053
Jun-2026,TIGALAPANKAOS SAMARINDA,KEMEJA MAMU,KEMEJA FORMAL TOFFEE PJG S,0,1,0,0,88053,88053,88053
Jul-2026,TIGALAPANKAOS SAMARINDA,KEMEJA MAMU,KEMEJA FORMAL TOFFEE PJG S,0,1,0,0,88053,88053,88053
Agu-2026,TIGALAPANKAOS SAMARINDA,KEMEJA MAMU,KEMEJA FORMAL TOFFEE PJG S,0,1,0,0,88053,88053,88053
Sep-2026,TIGALAPANKAOS SAMARINDA,KEMEJA MAMU,KEMEJA FORMAL TOFFEE PJG S,87214,0,0,0,88053,0,88053
Jan-2026,TIGALAPANKAOS SAMARINDA,KEMEJA MAMU,KEMEJA FORMAL TOFFEE PJG XL,0,8,0,0,88053,704424,0
Feb-2026,TIGALAPANKAOS SAMARINDA,KEMEJA MAMU,KEMEJA FORMAL TOFFEE PJG XL,0,8,0,0,88053,704424,704424
Mar-2026,TIGALAPANKAOS SAMARINDA,KEMEJA MAMU,KEMEJA FORMAL TOFFEE PJG XL,175058,6,0,0,88053,528318,704424
Apr-2026,TIGALAPANKAOS SAMARINDA,KEMEJA MAMU,KEMEJA FORMAL TOFFEE PJG XL,0,6,0,0,88053,528318,528318
Mei-2026,TIGALAPANKAOS SAMARINDA,KEMEJA MAMU,KEMEJA FORMAL TOFFEE PJG XL,87529,5,0,0,88053,440265,528318
Jun-2026,TIGALAPANKAOS SAMARINDA,KEMEJA MAMU,KEMEJA FORMAL TOFFEE PJG XL,0,5,0,0,88053,440265,440265
Jul-2026,TIGALAPANKAOS SAMARINDA,KEMEJA MAMU,KEMEJA FORMAL TOFFEE PJG XL,0,5,0,0,88053,440265,440265
Agu-2026,TIGALAPANKAOS SAMARINDA,KEMEJA MAMU,KEMEJA FORMAL TOFFEE PJG XL,87529,5,0,0,88053,440265,440265
Sep-2026,TIGALAPANKAOS SAMARINDA,KEMEJA MAMU,KEMEJA FORMAL TOFFEE PJG XL,0,4,0,0,88053,352212,440265
Okt-2026,TIGALAPANKAOS SAMARINDA,KEMEJA MAMU,KEMEJA FORMAL TOFFEE PJG XL,0,4,0,0,88053,352212,352212
Jan-2026,TIGALAPANKAOS SAMARINDA,KEMEJA MAMU,KEMEJA SHANGHAI HITAM PDK L,0,4,0,0,74214,296856,0
Feb-2026,TIGALAPANKAOS SAMARINDA,KEMEJA MAMU,KEMEJA SHANGHAI HITAM PDK L,0,4,0,0,74214,296856,296856
Mar-2026,TIGALAPANKAOS SAMARINDA,KEMEJA MAMU,KEMEJA SHANGHAI HITAM PDK L,74214,3,0,0,74214,222642,296856
Apr-2026,TIGALAPANKAOS SAMARINDA,KEMEJA MAMU,KEMEJA SHANGHAI HITAM PDK L,0,6,9,0,72925,1093875,222642
Mei-2026,TIGALAPANKAOS SAMARINDA,KEMEJA MAMU,KEMEJA SHANGHAI HITAM PDK L,73216,14,0,0,72966,1021524,1093875
Jun-2026,TIGALAPANKAOS SAMARINDA,KEMEJA MAMU,KEMEJA SHANGHAI HITAM PDK L,73216,13,0,0,72966,948558,1021524
Jul-2026,TIGALAPANKAOS SAMARINDA,KEMEJA MAMU,KEMEJA SHANGHAI HITAM PDK L,146432,13,0,0,72966,948558,948558
Agu-2026,TIGALAPANKAOS SAMARINDA,KEMEJA MAMU,KEMEJA SHANGHAI HITAM PDK L,0,11,0,0,72966,802626,948558
Sep-2026,TIGALAPANKAOS SAMARINDA,KEMEJA MAMU,KEMEJA SHANGHAI HITAM PDK L,0,11,0,0,72966,802626,802626
Okt-2026,TIGALAPANKAOS SAMARINDA,KEMEJA MAMU,KEMEJA SHANGHAI HITAM PDK L,0,11,0,0,72966,802626,802626
Jan-2026,TIGALAPANKAOS SAMARINDA,KEMEJA MAMU,KEMEJA SHANGHAI HITAM PDK M,74214,0,0,0,74214,0,0
Apr-2026,TIGALAPANKAOS SAMARINDA,KEMEJA MAMU,KEMEJA SHANGHAI HITAM PDK M,72949,2,7,0,72941,656469,0
Mei-2026,TIGALAPANKAOS SAMARINDA,KEMEJA MAMU,KEMEJA SHANGHAI HITAM PDK M,145898,7,0,0,72949,510643,656469
Jun-2026,TIGALAPANKAOS SAMARINDA,KEMEJA MAMU,KEMEJA SHANGHAI HITAM PDK M,0,7,0,0,72949,510643,510643
Jul-2026,TIGALAPANKAOS SAMARINDA,KEMEJA MAMU,KEMEJA SHANGHAI HITAM PDK M,0,7,0,0,72949,510643,510643
Agu-2026,TIGALAPANKAOS SAMARINDA,KEMEJA MAMU,KEMEJA SHANGHAI HITAM PDK M,0,7,0,0,72949,510643,510643
Sep-2026,TIGALAPANKAOS SAMARINDA,KEMEJA MAMU,KEMEJA SHANGHAI HITAM PDK M,72949,6,0,0,72949,437694,510643
Okt-2026,TIGALAPANKAOS SAMARINDA,KEMEJA MAMU,KEMEJA SHANGHAI HITAM PDK M,145898,4,0,0,72949,291796,437694
Jan-2026,TIGALAPANKAOS SAMARINDA,KEMEJA MAMU,KEMEJA SHANGHAI HITAM PDK XL,0,4,0,0,74214,296856,0
Feb-2026,TIGALAPANKAOS SAMARINDA,KEMEJA MAMU,KEMEJA SHANGHAI HITAM PDK XL,0,4,0,0,74214,296856,296856
Mar-2026,TIGALAPANKAOS SAMARINDA,KEMEJA MAMU,KEMEJA SHANGHAI HITAM PDK XL,0,4,0,0,74214,296856,296856
Apr-2026,TIGALAPANKAOS SAMARINDA,KEMEJA MAMU,KEMEJA SHANGHAI HITAM PDK XL,0,7,3,0,72921,729210,296856
Mei-2026,TIGALAPANKAOS SAMARINDA,KEMEJA MAMU,KEMEJA SHANGHAI HITAM PDK XL,0,10,0,0,72940,729400,729210
Jun-2026,TIGALAPANKAOS SAMARINDA,KEMEJA MAMU,KEMEJA SHANGHAI HITAM PDK XL,0,10,0,0,72940,729400,729400
Jul-2026,TIGALAPANKAOS SAMARINDA,KEMEJA MAMU,KEMEJA SHANGHAI HITAM PDK XL,73450,9,0,0,72940,656460,729400
Agu-2026,TIGALAPANKAOS SAMARINDA,KEMEJA MAMU,KEMEJA SHANGHAI HITAM PDK XL,0,9,0,0,72940,656460,656460
Sep-2026,TIGALAPANKAOS SAMARINDA,KEMEJA MAMU,KEMEJA SHANGHAI HITAM PDK XL,0,9,0,0,72940,656460,656460
Okt-2026,TIGALAPANKAOS SAMARINDA,KEMEJA MAMU,KEMEJA SHANGHAI HITAM PDK XL,0,9,0,0,72940,656460,656460
Jun-2026,TIGALAPANKAOS SAMARINDA,KEMEJA MAMU,KEMEJA SHANGHAI HITAM PJG 2XL,0,1,0,0,85997,85997,0
Jul-2026,TIGALAPANKAOS SAMARINDA,KEMEJA MAMU,KEMEJA SHANGHAI HITAM PJG 2XL,0,1,0,0,85997,85997,85997
Agu-2026,TIGALAPANKAOS SAMARINDA,KEMEJA MAMU,KEMEJA SHANGHAI HITAM PJG 2XL,0,1,0,0,85997,85997,85997
Sep-2026,TIGALAPANKAOS SAMARINDA,KEMEJA MAMU,KEMEJA SHANGHAI HITAM PJG 2XL,0,1,0,0,85997,85997,85997
Okt-2026,TIGALAPANKAOS SAMARINDA,KEMEJA MAMU,KEMEJA SHANGHAI HITAM PJG 2XL,0,1,0,0,85997,85997,85997
Jan-2026,TIGALAPANKAOS SAMARINDA,KEMEJA MAMU,KEMEJA SHANGHAI HITAM PJG L,0,16,0,0,88053,1408848,0
Feb-2026,TIGALAPANKAOS SAMARINDA,KEMEJA MAMU,KEMEJA SHANGHAI HITAM PJG L,0,16,0,0,88053,1408848,1408848
Mar-2026,TIGALAPANKAOS SAMARINDA,KEMEJA MAMU,KEMEJA SHANGHAI HITAM PJG L,87581,15,0,0,88053,1320795,1408848
Apr-2026,TIGALAPANKAOS SAMARINDA,KEMEJA MAMU,KEMEJA SHANGHAI HITAM PJG L,0,18,0,0,85943,1546974,1320795
Mei-2026,TIGALAPANKAOS SAMARINDA,KEMEJA MAMU,KEMEJA SHANGHAI HITAM PJG L,0,18,0,0,85943,1546974,1546974
Jun-2026,TIGALAPANKAOS SAMARINDA,KEMEJA MAMU,KEMEJA SHANGHAI HITAM PJG L,87308,17,0,0,85943,1461031,1546974
Jul-2026,TIGALAPANKAOS SAMARINDA,KEMEJA MAMU,KEMEJA SHANGHAI HITAM PJG L,87308,16,0,0,85943,1375088,1461031
Agu-2026,TIGALAPANKAOS SAMARINDA,KEMEJA MAMU,KEMEJA SHANGHAI HITAM PJG L,0,16,0,0,85943,1375088,1375088
Sep-2026,TIGALAPANKAOS SAMARINDA,KEMEJA MAMU,KEMEJA SHANGHAI HITAM PJG L,0,16,0,0,85943,1375088,1375088
Okt-2026,TIGALAPANKAOS SAMARINDA,KEMEJA MAMU,KEMEJA SHANGHAI HITAM PJG L,0,16,0,0,85943,1375088,1375088
Jan-2026,TIGALAPANKAOS SAMARINDA,KEMEJA MAMU,KEMEJA SHANGHAI HITAM PJG M,0,10,0,0,88053,880530,0
Feb-2026,TIGALAPANKAOS SAMARINDA,KEMEJA MAMU,KEMEJA SHANGHAI HITAM PJG M,0,10,0,0,88053,880530,880530
Mar-2026,TIGALAPANKAOS SAMARINDA,KEMEJA MAMU,KEMEJA SHANGHAI HITAM PJG M,87595,9,0,0,88053,792477,880530
Apr-2026,TIGALAPANKAOS SAMARINDA,KEMEJA MAMU,KEMEJA SHANGHAI HITAM PJG M,0,12,0,0,85943,1031316,792477
Mei-2026,TIGALAPANKAOS SAMARINDA,KEMEJA MAMU,KEMEJA SHANGHAI HITAM PJG M,0,12,0,0,85943,1031316,1031316
Jun-2026,TIGALAPANKAOS SAMARINDA,KEMEJA MAMU,KEMEJA SHANGHAI HITAM PJG M,0,12,0,0,85943,1031316,1031316
Jul-2026,TIGALAPANKAOS SAMARINDA,KEMEJA MAMU,KEMEJA SHANGHAI HITAM PJG M,0,12,0,0,85943,1031316,1031316
Agu-2026,TIGALAPANKAOS SAMARINDA,KEMEJA MAMU,KEMEJA SHANGHAI HITAM PJG M,0,12,0,0,85943,1031316,1031316
Sep-2026,TIGALAPANKAOS SAMARINDA,KEMEJA MAMU,KEMEJA SHANGHAI HITAM PJG M,0,12,0,0,85943,1031316,1031316
Okt-2026,TIGALAPANKAOS SAMARINDA,KEMEJA MAMU,KEMEJA SHANGHAI HITAM PJG M,0,12,0,0,85943,1031316,1031316
Jan-2026,TIGALAPANKAOS SAMARINDA,KEMEJA MAMU,KEMEJA SHANGHAI HITAM PJG S,0,3,0,0,88053,264159,0
Feb-2026,TIGALAPANKAOS SAMARINDA,KEMEJA MAMU,KEMEJA SHANGHAI HITAM PJG S,0,3,0,0,88053,264159,264159
Mar-2026,TIGALAPANKAOS SAMARINDA,KEMEJA MAMU,KEMEJA SHANGHAI HITAM PJG S,87773,2,0,0,88053,176106,264159
Apr-2026,TIGALAPANKAOS SAMARINDA,KEMEJA MAMU,KEMEJA SHANGHAI HITAM PJG S,0,2,0,0,85997,171994,176106
Mei-2026,TIGALAPANKAOS SAMARINDA,KEMEJA MAMU,KEMEJA SHANGHAI HITAM PJG S,87773,1,0,0,85997,85997,171994
Jun-2026,TIGALAPANKAOS SAMARINDA,KEMEJA MAMU,KEMEJA SHANGHAI HITAM PJG S,0,1,0,0,85997,85997,85997
Jul-2026,TIGALAPANKAOS SAMARINDA,KEMEJA MAMU,KEMEJA SHANGHAI HITAM PJG S,87773,0,0,0,88053,0,85997
Jan-2026,TIGALAPANKAOS SAMARINDA,KEMEJA MAMU,KEMEJA SHANGHAI HITAM PJG XL,0,9,0,0,88053,792477,0
Feb-2026,TIGALAPANKAOS SAMARINDA,KEMEJA MAMU,KEMEJA SHANGHAI HITAM PJG XL,175174,7,0,0,88053,616371,792477
Mar-2026,TIGALAPANKAOS SAMARINDA,KEMEJA MAMU,KEMEJA SHANGHAI HITAM PJG XL,0,6,0,0,88053,528318,616371
Apr-2026,TIGALAPANKAOS SAMARINDA,KEMEJA MAMU,KEMEJA SHANGHAI HITAM PJG XL,0,9,0,0,85939,773451,528318
Mei-2026,TIGALAPANKAOS SAMARINDA,KEMEJA MAMU,KEMEJA SHANGHAI HITAM PJG XL,87044,8,0,0,85957,687656,773451
Jun-2026,TIGALAPANKAOS SAMARINDA,KEMEJA MAMU,KEMEJA SHANGHAI HITAM PJG XL,0,8,0,0,85957,687656,687656
Jul-2026,TIGALAPANKAOS SAMARINDA,KEMEJA MAMU,KEMEJA SHANGHAI HITAM PJG XL,0,8,0,0,85957,687656,687656
Agu-2026,TIGALAPANKAOS SAMARINDA,KEMEJA MAMU,KEMEJA SHANGHAI HITAM PJG XL,87044,7,0,0,85957,601699,687656
Sep-2026,TIGALAPANKAOS SAMARINDA,KEMEJA MAMU,KEMEJA SHANGHAI HITAM PJG XL,0,7,0,0,85957,601699,601699
Okt-2026,TIGALAPANKAOS SAMARINDA,KEMEJA MAMU,KEMEJA SHANGHAI HITAM PJG XL,0,7,0,0,85957,601699,601699
Apr-2026,TIGALAPANKAOS SAMARINDA,KEMEJA MAMU,KEMEJA SHANGHAI LIGHT BROWN PJG L,0,0,7,0,189000,1323000,0
Mei-2026,TIGALAPANKAOS SAMARINDA,KEMEJA MAMU,KEMEJA SHANGHAI LIGHT BROWN PJG L,0,7,0,0,189000,1323000,1323000
Jun-2026,TIGALAPANKAOS SAMARINDA,KEMEJA MAMU,KEMEJA SHANGHAI LIGHT BROWN PJG L,0,7,0,0,189000,1323000,1323000
Jul-2026,TIGALAPANKAOS SAMARINDA,KEMEJA MAMU,KEMEJA SHANGHAI LIGHT BROWN PJG L,0,7,0,0,189000,1323000,1323000
Agu-2026,TIGALAPANKAOS SAMARINDA,KEMEJA MAMU,KEMEJA SHANGHAI LIGHT BROWN PJG L,0,7,0,0,189000,1323000,1323000
Sep-2026,TIGALAPANKAOS SAMARINDA,KEMEJA MAMU,KEMEJA SHANGHAI LIGHT BROWN PJG L,0,7,0,0,189000,1323000,1323000
Okt-2026,TIGALAPANKAOS SAMARINDA,KEMEJA MAMU,KEMEJA SHANGHAI LIGHT BROWN PJG L,0,7,0,0,189000,1323000,1323000
Mei-2026,TIGALAPANKAOS SAMARINDA,KEMEJA MAMU,KEMEJA SHANGHAI NAVY PDK L,0,10,0,0,73098,730980,0
Jun-2026,TIGALAPANKAOS SAMARINDA,KEMEJA MAMU,KEMEJA SHANGHAI NAVY PDK L,0,9,0,0,73098,657882,730980
Jul-2026,TIGALAPANKAOS SAMARINDA,KEMEJA MAMU,KEMEJA SHANGHAI NAVY PDK L,0,9,0,0,73098,657882,657882
Agu-2026,TIGALAPANKAOS SAMARINDA,KEMEJA MAMU,KEMEJA SHANGHAI NAVY PDK L,0,9,0,0,73098,657882,657882
Sep-2026,TIGALAPANKAOS SAMARINDA,KEMEJA MAMU,KEMEJA SHANGHAI NAVY PDK L,0,8,0,0,73098,584784,657882
Okt-2026,TIGALAPANKAOS SAMARINDA,KEMEJA MAMU,KEMEJA SHANGHAI NAVY PDK L,0,8,0,0,73098,584784,584784
Apr-2026,TIGALAPANKAOS SAMARINDA,KEMEJA MAMU,KEMEJA SHANGHAI NAVY PDK XL,0,0,5,0,72993,364965,0
Mei-2026,TIGALAPANKAOS SAMARINDA,KEMEJA MAMU,KEMEJA SHANGHAI NAVY PDK XL,0,5,0,0,72993,364965,364965
Jun-2026,TIGALAPANKAOS SAMARINDA,KEMEJA MAMU,KEMEJA SHANGHAI NAVY PDK XL,0,5,0,0,72993,364965,364965
Jul-2026,TIGALAPANKAOS SAMARINDA,KEMEJA MAMU,KEMEJA SHANGHAI NAVY PDK XL,0,5,0,0,72993,364965,364965
Agu-2026,TIGALAPANKAOS SAMARINDA,KEMEJA MAMU,KEMEJA SHANGHAI NAVY PDK XL,0,5,0,0,72993,364965,364965
Sep-2026,TIGALAPANKAOS SAMARINDA,KEMEJA MAMU,KEMEJA SHANGHAI NAVY PDK XL,0,5,0,0,72993,364965,364965
Okt-2026,TIGALAPANKAOS SAMARINDA,KEMEJA MAMU,KEMEJA SHANGHAI NAVY PDK XL,0,5,0,0,72993,364965,364965
Apr-2026,TIGALAPANKAOS SAMARINDA,KEMEJA MAMU,KEMEJA SHANGHAI NAVY PJG L,0,0,10,0,86723,867230,0
Mei-2026,TIGALAPANKAOS SAMARINDA,KEMEJA MAMU,KEMEJA SHANGHAI NAVY PJG L,0,0,0,0,86723,0,867230
Jan-2026,TIGALAPANKAOS SAMARINDA,KEMEJA MAMU,KEMEJA SHANGHAI TOFFEE PDK L,0,5,0,0,74214,371070,0
Feb-2026,TIGALAPANKAOS SAMARINDA,KEMEJA MAMU,KEMEJA SHANGHAI TOFFEE PDK L,74214,4,0,0,74214,296856,371070
Mar-2026,TIGALAPANKAOS SAMARINDA,KEMEJA MAMU,KEMEJA SHANGHAI TOFFEE PDK L,148428,2,0,0,74214,148428,296856
Apr-2026,TIGALAPANKAOS SAMARINDA,KEMEJA MAMU,KEMEJA SHANGHAI TOFFEE PDK L,0,4,5,0,72961,656649,148428
Mei-2026,TIGALAPANKAOS SAMARINDA,KEMEJA MAMU,KEMEJA SHANGHAI TOFFEE PDK L,0,10,0,0,72956,729560,656649
Jun-2026,TIGALAPANKAOS SAMARINDA,KEMEJA MAMU,KEMEJA SHANGHAI TOFFEE PDK L,0,10,0,0,72956,729560,729560
Jul-2026,TIGALAPANKAOS SAMARINDA,KEMEJA MAMU,KEMEJA SHANGHAI TOFFEE PDK L,0,10,0,0,72956,729560,729560
Agu-2026,TIGALAPANKAOS SAMARINDA,KEMEJA MAMU,KEMEJA SHANGHAI TOFFEE PDK L,0,10,0,0,72956,729560,729560
Sep-2026,TIGALAPANKAOS SAMARINDA,KEMEJA MAMU,KEMEJA SHANGHAI TOFFEE PDK L,0,10,0,0,72956,729560,729560
Okt-2026,TIGALAPANKAOS SAMARINDA,KEMEJA MAMU,KEMEJA SHANGHAI TOFFEE PDK L,0,10,0,0,72956,729560,729560
Jan-2026,TIGALAPANKAOS SAMARINDA,KEMEJA MAMU,KEMEJA SHANGHAI TOFFEE PDK M,0,5,0,0,74214,371070,0
Feb-2026,TIGALAPANKAOS SAMARINDA,KEMEJA MAMU,KEMEJA SHANGHAI TOFFEE PDK M,148428,3,0,0,74214,222642,371070
Mar-2026,TIGALAPANKAOS SAMARINDA,KEMEJA MAMU,KEMEJA SHANGHAI TOFFEE PDK M,74214,2,0,0,74214,148428,222642
Apr-2026,TIGALAPANKAOS SAMARINDA,KEMEJA MAMU,KEMEJA SHANGHAI TOFFEE PDK M,0,4,5,0,72961,656649,148428
Mei-2026,TIGALAPANKAOS SAMARINDA,KEMEJA MAMU,KEMEJA SHANGHAI TOFFEE PDK M,73237,8,0,0,72958,583664,656649
Jun-2026,TIGALAPANKAOS SAMARINDA,KEMEJA MAMU,KEMEJA SHANGHAI TOFFEE PDK M,73237,7,0,0,72958,510706,583664
Jul-2026,TIGALAPANKAOS SAMARINDA,KEMEJA MAMU,KEMEJA SHANGHAI TOFFEE PDK M,73237,7,0,0,72958,510706,510706
Agu-2026,TIGALAPANKAOS SAMARINDA,KEMEJA MAMU,KEMEJA SHANGHAI TOFFEE PDK M,73237,6,0,0,72958,437748,510706
Sep-2026,TIGALAPANKAOS SAMARINDA,KEMEJA MAMU,KEMEJA SHANGHAI TOFFEE PDK M,0,5,0,0,72958,364790,437748
Okt-2026,TIGALAPANKAOS SAMARINDA,KEMEJA MAMU,KEMEJA SHANGHAI TOFFEE PDK M,0,5,0,0,72958,364790,364790
Jan-2026,TIGALAPANKAOS SAMARINDA,KEMEJA MAMU,KEMEJA SHANGHAI TOFFEE PDK S,0,1,0,0,74214,74214,0
Feb-2026,TIGALAPANKAOS SAMARINDA,KEMEJA MAMU,KEMEJA SHANGHAI TOFFEE PDK S,0,1,0,0,74214,74214,74214
Mar-2026,TIGALAPANKAOS SAMARINDA,KEMEJA MAMU,KEMEJA SHANGHAI TOFFEE PDK S,0,1,0,0,74214,74214,74214
Apr-2026,TIGALAPANKAOS SAMARINDA,KEMEJA MAMU,KEMEJA SHANGHAI TOFFEE PDK S,0,1,0,0,72997,72997,74214
Mei-2026,TIGALAPANKAOS SAMARINDA,KEMEJA MAMU,KEMEJA SHANGHAI TOFFEE PDK S,74214,0,0,0,74214,0,72997
Jan-2026,TIGALAPANKAOS SAMARINDA,KEMEJA MAMU,KEMEJA SHANGHAI TOFFEE PDK XL,74214,3,0,0,74214,222642,0
Feb-2026,TIGALAPANKAOS SAMARINDA,KEMEJA MAMU,KEMEJA SHANGHAI TOFFEE PDK XL,74214,2,0,0,74214,148428,222642
Mar-2026,TIGALAPANKAOS SAMARINDA,KEMEJA MAMU,KEMEJA SHANGHAI TOFFEE PDK XL,148428,0,0,0,74214,0,148428
Apr-2026,TIGALAPANKAOS SAMARINDA,KEMEJA MAMU,KEMEJA SHANGHAI TOFFEE PDK XL,0,2,6,0,72963,583704,0
Mei-2026,TIGALAPANKAOS SAMARINDA,KEMEJA MAMU,KEMEJA SHANGHAI TOFFEE PDK XL,0,8,0,0,72960,583680,583704
Jun-2026,TIGALAPANKAOS SAMARINDA,KEMEJA MAMU,KEMEJA SHANGHAI TOFFEE PDK XL,0,8,0,0,72960,583680,583680
Jul-2026,TIGALAPANKAOS SAMARINDA,KEMEJA MAMU,KEMEJA SHANGHAI TOFFEE PDK XL,0,8,0,0,72960,583680,583680
Agu-2026,TIGALAPANKAOS SAMARINDA,KEMEJA MAMU,KEMEJA SHANGHAI TOFFEE PDK XL,0,8,0,0,72960,583680,583680
Sep-2026,TIGALAPANKAOS SAMARINDA,KEMEJA MAMU,KEMEJA SHANGHAI TOFFEE PDK XL,0,8,0,0,72960,583680,583680
Okt-2026,TIGALAPANKAOS SAMARINDA,KEMEJA MAMU,KEMEJA SHANGHAI TOFFEE PDK XL,0,8,0,0,72960,583680,583680
Jan-2026,TIGALAPANKAOS SAMARINDA,KEMEJA MAMU,KEMEJA SHANGHAI TOFFEE PJG 2XL,0,1,0,0,87214,87214,0
Feb-2026,TIGALAPANKAOS SAMARINDA,KEMEJA MAMU,KEMEJA SHANGHAI TOFFEE PJG 2XL,0,1,0,0,87214,87214,87214
Mar-2026,TIGALAPANKAOS SAMARINDA,KEMEJA MAMU,KEMEJA SHANGHAI TOFFEE PJG 2XL,87214,0,0,0,87214,0,87214
Jan-2026,TIGALAPANKAOS SAMARINDA,KEMEJA MAMU,KEMEJA SHANGHAI TOFFEE PJG L,0,11,0,0,87214,959354,0
Feb-2026,TIGALAPANKAOS SAMARINDA,KEMEJA MAMU,KEMEJA SHANGHAI TOFFEE PJG L,0,11,0,0,87214,959354,959354
Mar-2026,TIGALAPANKAOS SAMARINDA,KEMEJA MAMU,KEMEJA SHANGHAI TOFFEE PJG L,87214,10,0,0,87214,872140,959354
Apr-2026,TIGALAPANKAOS SAMARINDA,KEMEJA MAMU,KEMEJA SHANGHAI TOFFEE PJG L,0,13,0,0,85953,1117389,872140
Mei-2026,TIGALAPANKAOS SAMARINDA,KEMEJA MAMU,KEMEJA SHANGHAI TOFFEE PJG L,0,13,0,0,85953,1117389,1117389
Jun-2026,TIGALAPANKAOS SAMARINDA,KEMEJA MAMU,KEMEJA SHANGHAI TOFFEE PJG L,0,13,0,0,85953,1117389,1117389
Jul-2026,TIGALAPANKAOS SAMARINDA,KEMEJA MAMU,KEMEJA SHANGHAI TOFFEE PJG L,173846,11,0,0,85953,945483,1117389
Agu-2026,TIGALAPANKAOS SAMARINDA,KEMEJA MAMU,KEMEJA SHANGHAI TOFFEE PJG L,0,11,0,0,85953,945483,945483
Sep-2026,TIGALAPANKAOS SAMARINDA,KEMEJA MAMU,KEMEJA SHANGHAI TOFFEE PJG L,86923,10,0,0,85953,859530,945483
Okt-2026,TIGALAPANKAOS SAMARINDA,KEMEJA MAMU,KEMEJA SHANGHAI TOFFEE PJG L,0,10,0,0,85953,859530,859530
Jan-2026,TIGALAPANKAOS SAMARINDA,KEMEJA MAMU,KEMEJA SHANGHAI TOFFEE PJG M,0,8,0,0,87214,697712,0
Feb-2026,TIGALAPANKAOS SAMARINDA,KEMEJA MAMU,KEMEJA SHANGHAI TOFFEE PJG M,0,8,0,0,87214,697712,697712
Mar-2026,TIGALAPANKAOS SAMARINDA,KEMEJA MAMU,KEMEJA SHANGHAI TOFFEE PJG M,0,7,0,0,87214,610498,697712
Apr-2026,TIGALAPANKAOS SAMARINDA,KEMEJA MAMU,KEMEJA SHANGHAI TOFFEE PJG M,0,10,0,0,85957,859570,610498
Mei-2026,TIGALAPANKAOS SAMARINDA,KEMEJA MAMU,KEMEJA SHANGHAI TOFFEE PJG M,0,10,0,0,86007,860070,859570
Jun-2026,TIGALAPANKAOS SAMARINDA,KEMEJA MAMU,KEMEJA SHANGHAI TOFFEE PJG M,0,10,0,0,86007,860070,860070
Jul-2026,TIGALAPANKAOS SAMARINDA,KEMEJA MAMU,KEMEJA SHANGHAI TOFFEE PJG M,0,10,0,0,86007,860070,860070
Agu-2026,TIGALAPANKAOS SAMARINDA,KEMEJA MAMU,KEMEJA SHANGHAI TOFFEE PJG M,0,10,0,0,86007,860070,860070
Sep-2026,TIGALAPANKAOS SAMARINDA,KEMEJA MAMU,KEMEJA SHANGHAI TOFFEE PJG M,0,10,0,0,86007,860070,860070
Okt-2026,TIGALAPANKAOS SAMARINDA,KEMEJA MAMU,KEMEJA SHANGHAI TOFFEE PJG M,0,10,0,0,86007,860070,860070
Jan-2026,TIGALAPANKAOS SAMARINDA,KEMEJA MAMU,KEMEJA SHANGHAI TOFFEE PJG S,0,2,0,0,87214,174428,0
Feb-2026,TIGALAPANKAOS SAMARINDA,KEMEJA MAMU,KEMEJA SHANGHAI TOFFEE PJG S,0,2,0,0,87214,174428,174428
Mar-2026,TIGALAPANKAOS SAMARINDA,KEMEJA MAMU,KEMEJA SHANGHAI TOFFEE PJG S,174428,0,0,0,87214,0,174428
Jan-2026,TIGALAPANKAOS SAMARINDA,KEMEJA MAMU,KEMEJA SHANGHAI TOFFEE PJG XL,0,5,0,0,87214,436070,0
Feb-2026,TIGALAPANKAOS SAMARINDA,KEMEJA MAMU,KEMEJA SHANGHAI TOFFEE PJG XL,261642,2,0,0,87214,174428,436070
Mar-2026,TIGALAPANKAOS SAMARINDA,KEMEJA MAMU,KEMEJA SHANGHAI TOFFEE PJG XL,87214,1,0,0,87214,87214,174428
Apr-2026,TIGALAPANKAOS SAMARINDA,KEMEJA MAMU,KEMEJA SHANGHAI TOFFEE PJG XL,87214,3,7,0,85955,859550,87214
Mei-2026,TIGALAPANKAOS SAMARINDA,KEMEJA MAMU,KEMEJA SHANGHAI TOFFEE PJG XL,0,10,0,0,85955,859550,859550
Jun-2026,TIGALAPANKAOS SAMARINDA,KEMEJA MAMU,KEMEJA SHANGHAI TOFFEE PJG XL,0,10,0,0,85955,859550,859550
Jul-2026,TIGALAPANKAOS SAMARINDA,KEMEJA MAMU,KEMEJA SHANGHAI TOFFEE PJG XL,0,10,0,0,85955,859550,859550
Agu-2026,TIGALAPANKAOS SAMARINDA,KEMEJA MAMU,KEMEJA SHANGHAI TOFFEE PJG XL,0,10,0,0,85955,859550,859550
Sep-2026,TIGALAPANKAOS SAMARINDA,KEMEJA MAMU,KEMEJA SHANGHAI TOFFEE PJG XL,0,10,0,0,85955,859550,859550
Okt-2026,TIGALAPANKAOS SAMARINDA,KEMEJA MAMU,KEMEJA SHANGHAI TOFFEE PJG XL,0,10,0,0,85955,859550,859550
Apr-2026,DC TIGALAPAN,KEMEJA MAMU,KEMEJA FORMAL COKLAT TUA PDK 2XL,0,5,0,0,159000,795000,0
Apr-2026,DC TIGALAPAN,KEMEJA MAMU,KEMEJA FORMAL COKLAT TUA PDK L,0,67,0,0,159000,10653000,0
Mei-2026,DC TIGALAPAN,KEMEJA MAMU,KEMEJA FORMAL COKLAT TUA PDK L,0,28,0,0,159000,4452000,10653000
Jun-2026,DC TIGALAPAN,KEMEJA MAMU,KEMEJA FORMAL COKLAT TUA PDK L,0,26,0,0,159000,4134000,4452000
Jul-2026,DC TIGALAPAN,KEMEJA MAMU,KEMEJA FORMAL COKLAT TUA PDK L,0,24,0,0,159000,3816000,4134000
Agu-2026,DC TIGALAPAN,KEMEJA MAMU,KEMEJA FORMAL COKLAT TUA PDK L,0,8,0,0,159000,1272000,3816000
Apr-2026,DC TIGALAPAN,KEMEJA MAMU,KEMEJA FORMAL COKLAT TUA PDK M,0,52,0,0,159000,8268000,0
Mei-2026,DC TIGALAPAN,KEMEJA MAMU,KEMEJA FORMAL COKLAT TUA PDK M,0,13,0,0,159000,2067000,8268000
Jun-2026,DC TIGALAPAN,KEMEJA MAMU,KEMEJA FORMAL COKLAT TUA PDK M,0,16,0,0,159000,2544000,2067000
Jul-2026,DC TIGALAPAN,KEMEJA MAMU,KEMEJA FORMAL COKLAT TUA PDK M,0,13,0,0,159000,2067000,2544000
Agu-2026,DC TIGALAPAN,KEMEJA MAMU,KEMEJA FORMAL COKLAT TUA PDK M,0,8,0,0,159000,1272000,2067000
Apr-2026,DC TIGALAPAN,KEMEJA MAMU,KEMEJA FORMAL COKLAT TUA PDK S,0,4,0,0,159000,636000,0
Apr-2026,DC TIGALAPAN,KEMEJA MAMU,KEMEJA FORMAL COKLAT TUA PDK XL,0,52,0,0,159000,8268000,0
Mei-2026,DC TIGALAPAN,KEMEJA MAMU,KEMEJA FORMAL COKLAT TUA PDK XL,0,12,0,0,159000,1908000,8268000
Jun-2026,DC TIGALAPAN,KEMEJA MAMU,KEMEJA FORMAL COKLAT TUA PDK XL,0,15,0,0,159000,2385000,1908000
Jul-2026,DC TIGALAPAN,KEMEJA MAMU,KEMEJA FORMAL COKLAT TUA PDK XL,0,12,0,0,159000,1908000,2385000
Agu-2026,DC TIGALAPAN,KEMEJA MAMU,KEMEJA FORMAL COKLAT TUA PDK XL,0,5,0,0,159000,795000,1908000
Apr-2026,DC TIGALAPAN,KEMEJA MAMU,KEMEJA FORMAL COKLAT TUA PJG 2XL,0,6,0,0,189000,1134000,0
Jul-2026,DC TIGALAPAN,KEMEJA MAMU,KEMEJA FORMAL COKLAT TUA PJG 2XL,0,1,0,0,189000,189000,0
Apr-2026,DC TIGALAPAN,KEMEJA MAMU,KEMEJA FORMAL COKLAT TUA PJG L,0,80,0,0,189000,15120000,0
Mei-2026,DC TIGALAPAN,KEMEJA MAMU,KEMEJA FORMAL COKLAT TUA PJG L,0,52,0,0,189000,9828000,15120000
Jun-2026,DC TIGALAPAN,KEMEJA MAMU,KEMEJA FORMAL COKLAT TUA PJG L,0,55,0,0,189000,10395000,9828000
Jul-2026,DC TIGALAPAN,KEMEJA MAMU,KEMEJA FORMAL COKLAT TUA PJG L,0,51,0,0,189000,9639000,10395000
Agu-2026,DC TIGALAPAN,KEMEJA MAMU,KEMEJA FORMAL COKLAT TUA PJG L,0,38,0,0,189000,7182000,9639000
Sep-2026,DC TIGALAPAN,KEMEJA MAMU,KEMEJA FORMAL COKLAT TUA PJG L,0,21,0,0,189000,3969000,7182000
Okt-2026,DC TIGALAPAN,KEMEJA MAMU,KEMEJA FORMAL COKLAT TUA PJG L,0,21,0,0,189000,3969000,3969000
Apr-2026,DC TIGALAPAN,KEMEJA MAMU,KEMEJA FORMAL COKLAT TUA PJG M,0,55,0,0,189000,10395000,0
Mei-2026,DC TIGALAPAN,KEMEJA MAMU,KEMEJA FORMAL COKLAT TUA PJG M,0,27,0,0,189000,5103000,10395000
Jun-2026,DC TIGALAPAN,KEMEJA MAMU,KEMEJA FORMAL COKLAT TUA PJG M,0,24,0,0,189000,4536000,5103000
Jul-2026,DC TIGALAPAN,KEMEJA MAMU,KEMEJA FORMAL COKLAT TUA PJG M,0,20,0,0,189000,3780000,4536000
Agu-2026,DC TIGALAPAN,KEMEJA MAMU,KEMEJA FORMAL COKLAT TUA PJG M,0,9,0,0,189000,1701000,3780000
Apr-2026,DC TIGALAPAN,KEMEJA MAMU,KEMEJA FORMAL COKLAT TUA PJG S,0,4,0,0,189000,756000,0
Apr-2026,DC TIGALAPAN,KEMEJA MAMU,KEMEJA FORMAL COKLAT TUA PJG XL,0,55,0,0,189000,10395000,0
Mei-2026,DC TIGALAPAN,KEMEJA MAMU,KEMEJA FORMAL COKLAT TUA PJG XL,0,27,0,0,189000,5103000,10395000
Jun-2026,DC TIGALAPAN,KEMEJA MAMU,KEMEJA FORMAL COKLAT TUA PJG XL,0,30,0,0,189000,5670000,5103000
Jul-2026,DC TIGALAPAN,KEMEJA MAMU,KEMEJA FORMAL COKLAT TUA PJG XL,0,25,0,0,189000,4725000,5670000
Agu-2026,DC TIGALAPAN,KEMEJA MAMU,KEMEJA FORMAL COKLAT TUA PJG XL,0,22,0,0,189000,4158000,4725000
Sep-2026,DC TIGALAPAN,KEMEJA MAMU,KEMEJA FORMAL COKLAT TUA PJG XL,0,12,0,0,189000,2268000,4158000
Okt-2026,DC TIGALAPAN,KEMEJA MAMU,KEMEJA FORMAL COKLAT TUA PJG XL,0,12,0,0,189000,2268000,2268000
Mar-2026,DC TIGALAPAN,KEMEJA MAMU,KEMEJA FORMAL HITAM PDK L,0,2,0,0,74158,148316,0
Apr-2026,DC TIGALAPAN,KEMEJA MAMU,KEMEJA FORMAL HITAM PDK L,0,78,0,0,74158,5784324,148316
Mei-2026,DC TIGALAPAN,KEMEJA MAMU,KEMEJA FORMAL HITAM PDK L,0,78,0,0,72993,5693454,5784324
Jun-2026,DC TIGALAPAN,KEMEJA MAMU,KEMEJA FORMAL HITAM PDK L,0,73,0,0,72993,5328489,5693454
Jul-2026,DC TIGALAPAN,KEMEJA MAMU,KEMEJA FORMAL HITAM PDK L,0,69,0,0,72993,5036517,5328489
Agu-2026,DC TIGALAPAN,KEMEJA MAMU,KEMEJA FORMAL HITAM PDK L,0,59,0,0,72993,4306587,5036517
Sep-2026,DC TIGALAPAN,KEMEJA MAMU,KEMEJA FORMAL HITAM PDK L,0,44,0,0,72993,3211692,4306587
Okt-2026,DC TIGALAPAN,KEMEJA MAMU,KEMEJA FORMAL HITAM PDK L,0,36,0,0,72993,2627748,3211692
Apr-2026,DC TIGALAPAN,KEMEJA MAMU,KEMEJA FORMAL HITAM PDK M,0,70,0,0,74154,5190780,0
Mei-2026,DC TIGALAPAN,KEMEJA MAMU,KEMEJA FORMAL HITAM PDK M,0,65,0,0,72991,4744415,5190780
Jun-2026,DC TIGALAPAN,KEMEJA MAMU,KEMEJA FORMAL HITAM PDK M,0,60,0,0,72991,4379460,4744415
Jul-2026,DC TIGALAPAN,KEMEJA MAMU,KEMEJA FORMAL HITAM PDK M,0,54,0,0,72991,3941514,4379460
Agu-2026,DC TIGALAPAN,KEMEJA MAMU,KEMEJA FORMAL HITAM PDK M,0,32,0,0,72991,2335712,3941514
Sep-2026,DC TIGALAPAN,KEMEJA MAMU,KEMEJA FORMAL HITAM PDK M,0,14,0,0,72991,1021874,2335712
Okt-2026,DC TIGALAPAN,KEMEJA MAMU,KEMEJA FORMAL HITAM PDK M,0,10,0,0,72991,729910,1021874
Apr-2026,DC TIGALAPAN,KEMEJA MAMU,KEMEJA FORMAL HITAM PDK XL,0,80,0,0,73987,5918960,0
Mei-2026,DC TIGALAPAN,KEMEJA MAMU,KEMEJA FORMAL HITAM PDK XL,0,73,0,0,72991,5328343,5918960
Jun-2026,DC TIGALAPAN,KEMEJA MAMU,KEMEJA FORMAL HITAM PDK XL,0,63,0,0,72991,4598433,5328343
Jul-2026,DC TIGALAPAN,KEMEJA MAMU,KEMEJA FORMAL HITAM PDK XL,0,63,0,0,72991,4598433,4598433
Agu-2026,DC TIGALAPAN,KEMEJA MAMU,KEMEJA FORMAL HITAM PDK XL,0,35,0,0,72991,2554685,4598433
Sep-2026,DC TIGALAPAN,KEMEJA MAMU,KEMEJA FORMAL HITAM PDK XL,0,21,0,0,72991,1532811,2554685
Okt-2026,DC TIGALAPAN,KEMEJA MAMU,KEMEJA FORMAL HITAM PDK XL,0,19,0,0,72991,1386829,1532811
Mar-2026,DC TIGALAPAN,KEMEJA MAMU,KEMEJA FORMAL HITAM PJG L,0,4,0,0,87110,348440,0
Apr-2026,DC TIGALAPAN,KEMEJA MAMU,KEMEJA FORMAL HITAM PJG L,0,87,0,0,87110,7578570,348440
Mei-2026,DC TIGALAPAN,KEMEJA MAMU,KEMEJA FORMAL HITAM PJG L,0,87,0,0,86028,7484436,7578570
Jun-2026,DC TIGALAPAN,KEMEJA MAMU,KEMEJA FORMAL HITAM PJG L,0,73,0,0,86028,6280044,7484436
Jul-2026,DC TIGALAPAN,KEMEJA MAMU,KEMEJA FORMAL HITAM PJG L,0,73,0,0,86028,6280044,6280044
Agu-2026,DC TIGALAPAN,KEMEJA MAMU,KEMEJA FORMAL HITAM PJG L,0,58,0,0,86028,4989624,6280044
Sep-2026,DC TIGALAPAN,KEMEJA MAMU,KEMEJA FORMAL HITAM PJG L,0,45,0,0,86028,3871260,4989624
Okt-2026,DC TIGALAPAN,KEMEJA MAMU,KEMEJA FORMAL HITAM PJG L,0,41,0,0,86028,3527148,3871260
Mar-2026,DC TIGALAPAN,KEMEJA MAMU,KEMEJA FORMAL HITAM PJG M,0,2,0,0,87183,174366,0
Apr-2026,DC TIGALAPAN,KEMEJA MAMU,KEMEJA FORMAL HITAM PJG M,0,48,0,0,87183,4184784,174366
Mei-2026,DC TIGALAPAN,KEMEJA MAMU,KEMEJA FORMAL HITAM PJG M,0,48,0,0,85993,4127664,4184784
Jun-2026,DC TIGALAPAN,KEMEJA MAMU,KEMEJA FORMAL HITAM PJG M,0,49,0,0,85993,4213657,4127664
Jul-2026,DC TIGALAPAN,KEMEJA MAMU,KEMEJA FORMAL HITAM PJG M,0,45,0,0,85993,3869685,4213657
Agu-2026,DC TIGALAPAN,KEMEJA MAMU,KEMEJA FORMAL HITAM PJG M,0,37,0,0,85993,3181741,3869685
Sep-2026,DC TIGALAPAN,KEMEJA MAMU,KEMEJA FORMAL HITAM PJG M,0,27,0,0,85993,2321811,3181741
Okt-2026,DC TIGALAPAN,KEMEJA MAMU,KEMEJA FORMAL HITAM PJG M,0,27,0,0,85993,2321811,2321811
Apr-2026,DC TIGALAPAN,KEMEJA MAMU,KEMEJA FORMAL HITAM PJG XL,0,76,0,0,87214,6628264,0
Mei-2026,DC TIGALAPAN,KEMEJA MAMU,KEMEJA FORMAL HITAM PJG XL,0,69,0,0,85989,5933241,6628264
Jun-2026,DC TIGALAPAN,KEMEJA MAMU,KEMEJA FORMAL HITAM PJG XL,0,71,0,0,85989,6105219,5933241
Jul-2026,DC TIGALAPAN,KEMEJA MAMU,KEMEJA FORMAL HITAM PJG XL,0,66,0,0,85989,5675274,6105219
Agu-2026,DC TIGALAPAN,KEMEJA MAMU,KEMEJA FORMAL HITAM PJG XL,0,49,0,0,85989,4213461,5675274
Sep-2026,DC TIGALAPAN,KEMEJA MAMU,KEMEJA FORMAL HITAM PJG XL,0,37,0,0,85989,3181593,4213461
Okt-2026,DC TIGALAPAN,KEMEJA MAMU,KEMEJA FORMAL HITAM PJG XL,0,37,0,0,85989,3181593,3181593
Feb-2026,DC TIGALAPAN,KEMEJA MAMU,KEMEJA FORMAL LIGHT BROWN PDK L,0,30,0,0,72928,2187840,0
Feb-2026,DC TIGALAPAN,KEMEJA MAMU,KEMEJA FORMAL LIGHT BROWN PDK M,0,10,0,0,72928,729280,0
Mar-2026,DC TIGALAPAN,KEMEJA MAMU,KEMEJA FORMAL LIGHT BROWN PDK M,0,2,0,0,72970,145940,729280
Feb-2026,DC TIGALAPAN,KEMEJA MAMU,KEMEJA FORMAL LIGHT BROWN PDK XL,0,10,0,0,72928,729280,0
Mar-2026,DC TIGALAPAN,KEMEJA MAMU,KEMEJA FORMAL LIGHT BROWN PDK XL,0,1,0,0,72972,72972,729280
Feb-2026,DC TIGALAPAN,KEMEJA MAMU,KEMEJA FORMAL LIGHT BROWN PJG L,0,15,0,0,85928,1288920,0
Mar-2026,DC TIGALAPAN,KEMEJA MAMU,KEMEJA FORMAL LIGHT BROWN PJG L,0,3,0,0,85957,257871,1288920
Jun-2026,DC TIGALAPAN,KEMEJA MAMU,KEMEJA FORMAL LIGHT BROWN PJG L,0,13,0,0,85957,1117441,0
Jul-2026,DC TIGALAPAN,KEMEJA MAMU,KEMEJA FORMAL LIGHT BROWN PJG L,0,1,0,0,85957,85957,1117441
Feb-2026,DC TIGALAPAN,KEMEJA MAMU,KEMEJA FORMAL LIGHT BROWN PJG XL,0,5,0,0,85928,429640,0
Jun-2026,DC TIGALAPAN,KEMEJA MAMU,KEMEJA FORMAL LIGHT BROWN PJG XL,0,12,0,0,85974,1031688,0
Jul-2026,DC TIGALAPAN,KEMEJA MAMU,KEMEJA FORMAL LIGHT BROWN PJG XL,0,9,0,0,85974,773766,1031688
Agu-2026,DC TIGALAPAN,KEMEJA MAMU,KEMEJA FORMAL LIGHT BROWN PJG XL,0,8,0,0,85974,687792,773766
Sep-2026,DC TIGALAPAN,KEMEJA MAMU,KEMEJA FORMAL LIGHT BROWN PJG XL,0,7,0,0,85974,601818,687792
Okt-2026,DC TIGALAPAN,KEMEJA MAMU,KEMEJA FORMAL LIGHT BROWN PJG XL,0,7,0,0,85974,601818,601818
Feb-2026,DC TIGALAPAN,KEMEJA MAMU,KEMEJA FORMAL NAVY PDK L,0,28,0,0,77095,2158660,0
Jun-2026,DC TIGALAPAN,KEMEJA MAMU,KEMEJA FORMAL NAVY PDK L,0,3,0,0,74217,222651,0
Feb-2026,DC TIGALAPAN,KEMEJA MAMU,KEMEJA FORMAL NAVY PDK M,0,17,0,0,77095,1310615,0
Feb-2026,DC TIGALAPAN,KEMEJA MAMU,KEMEJA FORMAL NAVY PDK XL,0,23,0,0,77095,1773185,0
Jun-2026,DC TIGALAPAN,KEMEJA MAMU,KEMEJA FORMAL NAVY PDK XL,0,2,0,0,74208,148416,0
Feb-2026,DC TIGALAPAN,KEMEJA MAMU,KEMEJA FORMAL NAVY PJG L,0,17,0,0,88095,1497615,0
Jun-2026,DC TIGALAPAN,KEMEJA MAMU,KEMEJA FORMAL NAVY PJG L,0,9,0,0,86580,779220,0
Jun-2026,DC TIGALAPAN,KEMEJA MAMU,KEMEJA FORMAL NAVY PJG M,0,1,0,0,85993,85993,0
Feb-2026,DC TIGALAPAN,KEMEJA MAMU,KEMEJA FORMAL NAVY PJG XL,0,17,0,0,88095,1497615,0
Jun-2026,DC TIGALAPAN,KEMEJA MAMU,KEMEJA FORMAL NAVY PJG XL,0,20,0,0,86519,1730380,0
Jul-2026,DC TIGALAPAN,KEMEJA MAMU,KEMEJA FORMAL NAVY PJG XL,0,7,0,0,86519,605633,1730380
Agu-2026,DC TIGALAPAN,KEMEJA MAMU,KEMEJA FORMAL NAVY PJG XL,0,3,0,0,86519,259557,605633
Sep-2026,DC TIGALAPAN,KEMEJA MAMU,KEMEJA FORMAL NAVY PJG XL,0,1,0,0,86519,86519,259557
Feb-2026,DC TIGALAPAN,KEMEJA MAMU,KEMEJA FORMAL STEEL BLUE PDK L,0,34,0,0,75397,2563498,0
Feb-2026,DC TIGALAPAN,KEMEJA MAMU,KEMEJA FORMAL STEEL BLUE PDK M,0,24,0,0,75283,1806792,0
Feb-2026,DC TIGALAPAN,KEMEJA MAMU,KEMEJA FORMAL STEEL BLUE PDK XL,0,31,0,0,75283,2333773,0
Apr-2026,DC TIGALAPAN,KEMEJA MAMU,KEMEJA FORMAL STEEL BLUE PJG L,0,3,0,0,87505,262515,0
Mei-2026,DC TIGALAPAN,KEMEJA MAMU,KEMEJA FORMAL STEEL BLUE PJG L,0,3,0,0,87170,261510,262515
Jun-2026,DC TIGALAPAN,KEMEJA MAMU,KEMEJA FORMAL STEEL BLUE PJG L,0,29,0,0,87170,2527930,261510
Jul-2026,DC TIGALAPAN,KEMEJA MAMU,KEMEJA FORMAL STEEL BLUE PJG L,0,29,0,0,87170,2527930,2527930
Agu-2026,DC TIGALAPAN,KEMEJA MAMU,KEMEJA FORMAL STEEL BLUE PJG L,0,29,0,0,87170,2527930,2527930
Sep-2026,DC TIGALAPAN,KEMEJA MAMU,KEMEJA FORMAL STEEL BLUE PJG L,0,19,0,0,87170,1656230,2527930
Okt-2026,DC TIGALAPAN,KEMEJA MAMU,KEMEJA FORMAL STEEL BLUE PJG L,0,19,0,0,87170,1656230,1656230
Jun-2026,DC TIGALAPAN,KEMEJA MAMU,KEMEJA FORMAL STEEL BLUE PJG M,0,11,0,0,88053,968583,0
Jul-2026,DC TIGALAPAN,KEMEJA MAMU,KEMEJA FORMAL STEEL BLUE PJG M,0,11,0,0,88053,968583,968583
Agu-2026,DC TIGALAPAN,KEMEJA MAMU,KEMEJA FORMAL STEEL BLUE PJG M,0,11,0,0,88053,968583,968583
Sep-2026,DC TIGALAPAN,KEMEJA MAMU,KEMEJA FORMAL STEEL BLUE PJG M,0,11,0,0,88053,968583,968583
Okt-2026,DC TIGALAPAN,KEMEJA MAMU,KEMEJA FORMAL STEEL BLUE PJG M,0,11,0,0,88053,968583,968583
Jun-2026,DC TIGALAPAN,KEMEJA MAMU,KEMEJA FORMAL STEEL BLUE PJG XL,0,24,0,0,88053,2113272,0
Jul-2026,DC TIGALAPAN,KEMEJA MAMU,KEMEJA FORMAL STEEL BLUE PJG XL,0,23,0,0,88053,2025219,2113272
Agu-2026,DC TIGALAPAN,KEMEJA MAMU,KEMEJA FORMAL STEEL BLUE PJG XL,0,23,0,0,88053,2025219,2025219
Sep-2026,DC TIGALAPAN,KEMEJA MAMU,KEMEJA FORMAL STEEL BLUE PJG XL,0,13,0,0,88053,1144689,2025219
Okt-2026,DC TIGALAPAN,KEMEJA MAMU,KEMEJA FORMAL STEEL BLUE PJG XL,0,13,0,0,88053,1144689,1144689
Feb-2026,DC TIGALAPAN,KEMEJA MAMU,KEMEJA FORMAL TOFFEE PDK L,0,10,0,0,75053,750530,0
Mei-2026,DC TIGALAPAN,KEMEJA MAMU,KEMEJA FORMAL TOFFEE PDK L,0,96,0,0,75053,7205088,0
Jun-2026,DC TIGALAPAN,KEMEJA MAMU,KEMEJA FORMAL TOFFEE PDK L,0,91,0,0,75053,6829823,7205088
Jul-2026,DC TIGALAPAN,KEMEJA MAMU,KEMEJA FORMAL TOFFEE PDK L,0,76,0,0,75053,5704028,6829823
Agu-2026,DC TIGALAPAN,KEMEJA MAMU,KEMEJA FORMAL TOFFEE PDK L,0,68,0,0,75053,5103604,5704028
Sep-2026,DC TIGALAPAN,KEMEJA MAMU,KEMEJA FORMAL TOFFEE PDK L,0,41,0,0,75053,3077173,5103604
Okt-2026,DC TIGALAPAN,KEMEJA MAMU,KEMEJA FORMAL TOFFEE PDK L,0,34,0,0,75053,2551802,3077173
Feb-2026,DC TIGALAPAN,KEMEJA MAMU,KEMEJA FORMAL TOFFEE PDK M,0,6,0,0,74214,445284,0
Mei-2026,DC TIGALAPAN,KEMEJA MAMU,KEMEJA FORMAL TOFFEE PDK M,0,55,0,0,74214,4081770,0
Jun-2026,DC TIGALAPAN,KEMEJA MAMU,KEMEJA FORMAL TOFFEE PDK M,0,50,0,0,74214,3710700,4081770
Jul-2026,DC TIGALAPAN,KEMEJA MAMU,KEMEJA FORMAL TOFFEE PDK M,0,36,0,0,74214,2671704,3710700
Agu-2026,DC TIGALAPAN,KEMEJA MAMU,KEMEJA FORMAL TOFFEE PDK M,0,23,0,0,74214,1706922,2671704
Sep-2026,DC TIGALAPAN,KEMEJA MAMU,KEMEJA FORMAL TOFFEE PDK M,0,10,0,0,74214,742140,1706922
Okt-2026,DC TIGALAPAN,KEMEJA MAMU,KEMEJA FORMAL TOFFEE PDK M,0,6,0,0,74214,445284,742140
Feb-2026,DC TIGALAPAN,KEMEJA MAMU,KEMEJA FORMAL TOFFEE PDK XL,0,65,0,0,75053,4878445,0
Mei-2026,DC TIGALAPAN,KEMEJA MAMU,KEMEJA FORMAL TOFFEE PDK XL,0,82,0,0,75053,6154346,0
Jun-2026,DC TIGALAPAN,KEMEJA MAMU,KEMEJA FORMAL TOFFEE PDK XL,0,72,0,0,75053,5403816,6154346
Jul-2026,DC TIGALAPAN,KEMEJA MAMU,KEMEJA FORMAL TOFFEE PDK XL,0,72,0,0,75053,5403816,5403816
Agu-2026,DC TIGALAPAN,KEMEJA MAMU,KEMEJA FORMAL TOFFEE PDK XL,0,58,0,0,75053,4353074,5403816
Sep-2026,DC TIGALAPAN,KEMEJA MAMU,KEMEJA FORMAL TOFFEE PDK XL,0,46,0,0,75053,3452438,4353074
Okt-2026,DC TIGALAPAN,KEMEJA MAMU,KEMEJA FORMAL TOFFEE PDK XL,0,43,0,0,75053,3227279,3452438
Feb-2026,DC TIGALAPAN,KEMEJA MAMU,KEMEJA FORMAL TOFFEE PJG 2XL,0,9,0,0,88053,792477,0
Feb-2026,DC TIGALAPAN,KEMEJA MAMU,KEMEJA FORMAL TOFFEE PJG L,0,32,0,0,88053,2817696,0
Mei-2026,DC TIGALAPAN,KEMEJA MAMU,KEMEJA FORMAL TOFFEE PJG L,0,48,0,0,88053,4226544,0
Jun-2026,DC TIGALAPAN,KEMEJA MAMU,KEMEJA FORMAL TOFFEE PJG L,0,68,0,0,88053,5987604,4226544
Jul-2026,DC TIGALAPAN,KEMEJA MAMU,KEMEJA FORMAL TOFFEE PJG L,0,67,0,0,88053,5899551,5987604
Agu-2026,DC TIGALAPAN,KEMEJA MAMU,KEMEJA FORMAL TOFFEE PJG L,0,67,0,0,88053,5899551,5899551
Sep-2026,DC TIGALAPAN,KEMEJA MAMU,KEMEJA FORMAL TOFFEE PJG L,0,56,0,0,88053,4930968,5899551
Okt-2026,DC TIGALAPAN,KEMEJA MAMU,KEMEJA FORMAL TOFFEE PJG L,0,52,0,0,88053,4578756,4930968
Feb-2026,DC TIGALAPAN,KEMEJA MAMU,KEMEJA FORMAL TOFFEE PJG M,0,10,0,0,88053,880530,0
Mei-2026,DC TIGALAPAN,KEMEJA MAMU,KEMEJA FORMAL TOFFEE PJG M,0,27,0,0,88053,2377431,0
Jun-2026,DC TIGALAPAN,KEMEJA MAMU,KEMEJA FORMAL TOFFEE PJG M,0,34,0,0,88053,2993802,2377431
Jul-2026,DC TIGALAPAN,KEMEJA MAMU,KEMEJA FORMAL TOFFEE PJG M,0,31,0,0,88053,2729643,2993802
Agu-2026,DC TIGALAPAN,KEMEJA MAMU,KEMEJA FORMAL TOFFEE PJG M,0,26,0,0,88053,2289378,2729643
Sep-2026,DC TIGALAPAN,KEMEJA MAMU,KEMEJA FORMAL TOFFEE PJG M,0,25,0,0,88053,2201325,2289378
Okt-2026,DC TIGALAPAN,KEMEJA MAMU,KEMEJA FORMAL TOFFEE PJG M,0,23,0,0,88053,2025219,2201325
Feb-2026,DC TIGALAPAN,KEMEJA MAMU,KEMEJA FORMAL TOFFEE PJG S,0,4,0,0,88053,352212,0
Feb-2026,DC TIGALAPAN,KEMEJA MAMU,KEMEJA FORMAL TOFFEE PJG XL,0,11,0,0,88053,968583,0
Mei-2026,DC TIGALAPAN,KEMEJA MAMU,KEMEJA FORMAL TOFFEE PJG XL,0,26,0,0,88053,2289378,0
Jun-2026,DC TIGALAPAN,KEMEJA MAMU,KEMEJA FORMAL TOFFEE PJG XL,0,43,0,0,88053,3786279,2289378
Jul-2026,DC TIGALAPAN,KEMEJA MAMU,KEMEJA FORMAL TOFFEE PJG XL,0,40,0,0,88053,3522120,3786279
Agu-2026,DC TIGALAPAN,KEMEJA MAMU,KEMEJA FORMAL TOFFEE PJG XL,0,38,0,0,88053,3346014,3522120
Sep-2026,DC TIGALAPAN,KEMEJA MAMU,KEMEJA FORMAL TOFFEE PJG XL,0,28,0,0,88053,2465484,3346014
Okt-2026,DC TIGALAPAN,KEMEJA MAMU,KEMEJA FORMAL TOFFEE PJG XL,0,28,0,0,88053,2465484,2465484
Apr-2026,DC TIGALAPAN,KEMEJA MAMU,KEMEJA SHANGHAI COKLAT TUA PDK 2XL,0,5,0,0,159000,795000,0
Apr-2026,DC TIGALAPAN,KEMEJA MAMU,KEMEJA SHANGHAI COKLAT TUA PDK L,0,70,0,0,159000,11130000,0
Mei-2026,DC TIGALAPAN,KEMEJA MAMU,KEMEJA SHANGHAI COKLAT TUA PDK L,0,43,0,0,159000,6837000,11130000
Jun-2026,DC TIGALAPAN,KEMEJA MAMU,KEMEJA SHANGHAI COKLAT TUA PDK L,0,35,0,0,159000,5565000,6837000
Jul-2026,DC TIGALAPAN,KEMEJA MAMU,KEMEJA SHANGHAI COKLAT TUA PDK L,0,36,0,0,159000,5724000,5565000
Agu-2026,DC TIGALAPAN,KEMEJA MAMU,KEMEJA SHANGHAI COKLAT TUA PDK L,0,28,0,0,159000,4452000,5724000
Sep-2026,DC TIGALAPAN,KEMEJA MAMU,KEMEJA SHANGHAI COKLAT TUA PDK L,0,21,0,0,159000,3339000,4452000
Okt-2026,DC TIGALAPAN,KEMEJA MAMU,KEMEJA SHANGHAI COKLAT TUA PDK L,0,21,0,0,159000,3339000,3339000
Apr-2026,DC TIGALAPAN,KEMEJA MAMU,KEMEJA SHANGHAI COKLAT TUA PDK M,0,50,0,0,159000,7950000,0
Mei-2026,DC TIGALAPAN,KEMEJA MAMU,KEMEJA SHANGHAI COKLAT TUA PDK M,0,23,0,0,159000,3657000,7950000
Jun-2026,DC TIGALAPAN,KEMEJA MAMU,KEMEJA SHANGHAI COKLAT TUA PDK M,0,20,0,0,159000,3180000,3657000
Jul-2026,DC TIGALAPAN,KEMEJA MAMU,KEMEJA SHANGHAI COKLAT TUA PDK M,0,21,0,0,159000,3339000,3180000
Agu-2026,DC TIGALAPAN,KEMEJA MAMU,KEMEJA SHANGHAI COKLAT TUA PDK M,0,20,0,0,159000,3180000,3339000
Sep-2026,DC TIGALAPAN,KEMEJA MAMU,KEMEJA SHANGHAI COKLAT TUA PDK M,0,12,0,0,159000,1908000,3180000
Okt-2026,DC TIGALAPAN,KEMEJA MAMU,KEMEJA SHANGHAI COKLAT TUA PDK M,0,12,0,0,159000,1908000,1908000
Apr-2026,DC TIGALAPAN,KEMEJA MAMU,KEMEJA SHANGHAI COKLAT TUA PDK S,0,5,0,0,159000,795000,0
Apr-2026,DC TIGALAPAN,KEMEJA MAMU,KEMEJA SHANGHAI COKLAT TUA PDK XL,0,50,0,0,159000,7950000,0
Mei-2026,DC TIGALAPAN,KEMEJA MAMU,KEMEJA SHANGHAI COKLAT TUA PDK XL,0,22,0,0,159000,3498000,7950000
Jun-2026,DC TIGALAPAN,KEMEJA MAMU,KEMEJA SHANGHAI COKLAT TUA PDK XL,0,19,0,0,159000,3021000,3498000
Jul-2026,DC TIGALAPAN,KEMEJA MAMU,KEMEJA SHANGHAI COKLAT TUA PDK XL,0,19,0,0,159000,3021000,3021000
Agu-2026,DC TIGALAPAN,KEMEJA MAMU,KEMEJA SHANGHAI COKLAT TUA PDK XL,0,17,0,0,159000,2703000,3021000
Sep-2026,DC TIGALAPAN,KEMEJA MAMU,KEMEJA SHANGHAI COKLAT TUA PDK XL,0,7,0,0,159000,1113000,2703000
Okt-2026,DC TIGALAPAN,KEMEJA MAMU,KEMEJA SHANGHAI COKLAT TUA PDK XL,0,7,0,0,159000,1113000,1113000
Apr-2026,DC TIGALAPAN,KEMEJA MAMU,KEMEJA SHANGHAI COKLAT TUA PJG 2XL,0,5,0,0,189000,945000,0
Apr-2026,DC TIGALAPAN,KEMEJA MAMU,KEMEJA SHANGHAI COKLAT TUA PJG L,0,50,0,0,189000,9450000,0
Mei-2026,DC TIGALAPAN,KEMEJA MAMU,KEMEJA SHANGHAI COKLAT TUA PJG L,0,73,0,0,189000,13797000,9450000
Jun-2026,DC TIGALAPAN,KEMEJA MAMU,KEMEJA SHANGHAI COKLAT TUA PJG L,0,70,0,0,189000,13230000,13797000
Jul-2026,DC TIGALAPAN,KEMEJA MAMU,KEMEJA SHANGHAI COKLAT TUA PJG L,0,72,0,0,189000,13608000,13230000
Agu-2026,DC TIGALAPAN,KEMEJA MAMU,KEMEJA SHANGHAI COKLAT TUA PJG L,0,61,0,0,189000,11529000,13608000
Sep-2026,DC TIGALAPAN,KEMEJA MAMU,KEMEJA SHANGHAI COKLAT TUA PJG L,0,60,0,0,189000,11340000,11529000
Okt-2026,DC TIGALAPAN,KEMEJA MAMU,KEMEJA SHANGHAI COKLAT TUA PJG L,0,60,0,0,189000,11340000,11340000
Apr-2026,DC TIGALAPAN,KEMEJA MAMU,KEMEJA SHANGHAI COKLAT TUA PJG M,0,20,0,0,189000,3780000,0
Mei-2026,DC TIGALAPAN,KEMEJA MAMU,KEMEJA SHANGHAI COKLAT TUA PJG M,0,51,0,0,189000,9639000,3780000
Jun-2026,DC TIGALAPAN,KEMEJA MAMU,KEMEJA SHANGHAI COKLAT TUA PJG M,0,51,0,0,189000,9639000,9639000
Jul-2026,DC TIGALAPAN,KEMEJA MAMU,KEMEJA SHANGHAI COKLAT TUA PJG M,0,46,0,0,189000,8694000,9639000
Agu-2026,DC TIGALAPAN,KEMEJA MAMU,KEMEJA SHANGHAI COKLAT TUA PJG M,0,36,0,0,189000,6804000,8694000
Sep-2026,DC TIGALAPAN,KEMEJA MAMU,KEMEJA SHANGHAI COKLAT TUA PJG M,0,29,0,0,189000,5481000,6804000
Okt-2026,DC TIGALAPAN,KEMEJA MAMU,KEMEJA SHANGHAI COKLAT TUA PJG M,0,29,0,0,189000,5481000,5481000
Apr-2026,DC TIGALAPAN,KEMEJA MAMU,KEMEJA SHANGHAI COKLAT TUA PJG S,0,5,0,0,189000,945000,0
Apr-2026,DC TIGALAPAN,KEMEJA MAMU,KEMEJA SHANGHAI COKLAT TUA PJG XL,0,20,0,0,189000,3780000,0
Mei-2026,DC TIGALAPAN,KEMEJA MAMU,KEMEJA SHANGHAI COKLAT TUA PJG XL,0,53,0,0,189000,10017000,3780000
Jun-2026,DC TIGALAPAN,KEMEJA MAMU,KEMEJA SHANGHAI COKLAT TUA PJG XL,0,53,0,0,189000,10017000,10017000
Jul-2026,DC TIGALAPAN,KEMEJA MAMU,KEMEJA SHANGHAI COKLAT TUA PJG XL,0,48,0,0,189000,9072000,10017000
Agu-2026,DC TIGALAPAN,KEMEJA MAMU,KEMEJA SHANGHAI COKLAT TUA PJG XL,0,38,0,0,189000,7182000,9072000
Sep-2026,DC TIGALAPAN,KEMEJA MAMU,KEMEJA SHANGHAI COKLAT TUA PJG XL,0,31,0,0,189000,5859000,7182000
Okt-2026,DC TIGALAPAN,KEMEJA MAMU,KEMEJA SHANGHAI COKLAT TUA PJG XL,0,31,0,0,189000,5859000,5859000
Mar-2026,DC TIGALAPAN,KEMEJA MAMU,KEMEJA SHANGHAI HITAM PDK 2XL,0,6,0,0,74214,445284,0
Mar-2026,DC TIGALAPAN,KEMEJA MAMU,KEMEJA SHANGHAI HITAM PDK L,0,42,0,0,74214,3116988,0
Apr-2026,DC TIGALAPAN,KEMEJA MAMU,KEMEJA SHANGHAI HITAM PDK L,0,28,0,0,72925,2041900,3116988
Mei-2026,DC TIGALAPAN,KEMEJA MAMU,KEMEJA SHANGHAI HITAM PDK L,0,23,0,0,72966,1678218,2041900
Jun-2026,DC TIGALAPAN,KEMEJA MAMU,KEMEJA SHANGHAI HITAM PDK L,0,25,0,0,72966,1824150,1678218
Jul-2026,DC TIGALAPAN,KEMEJA MAMU,KEMEJA SHANGHAI HITAM PDK L,0,25,0,0,72966,1824150,1824150
Agu-2026,DC TIGALAPAN,KEMEJA MAMU,KEMEJA SHANGHAI HITAM PDK L,0,17,0,0,72966,1240422,1824150
Sep-2026,DC TIGALAPAN,KEMEJA MAMU,KEMEJA SHANGHAI HITAM PDK L,0,17,0,0,72966,1240422,1240422
Okt-2026,DC TIGALAPAN,KEMEJA MAMU,KEMEJA SHANGHAI HITAM PDK L,0,17,0,0,72966,1240422,1240422
Mar-2026,DC TIGALAPAN,KEMEJA MAMU,KEMEJA SHANGHAI HITAM PDK M,0,51,0,0,74214,3784914,0
Apr-2026,DC TIGALAPAN,KEMEJA MAMU,KEMEJA SHANGHAI HITAM PDK M,0,38,0,0,72941,2771758,3784914
Mei-2026,DC TIGALAPAN,KEMEJA MAMU,KEMEJA SHANGHAI HITAM PDK M,0,33,0,0,72949,2407317,2771758
Jun-2026,DC TIGALAPAN,KEMEJA MAMU,KEMEJA SHANGHAI HITAM PDK M,0,33,0,0,72949,2407317,2407317
Jul-2026,DC TIGALAPAN,KEMEJA MAMU,KEMEJA SHANGHAI HITAM PDK M,0,33,0,0,72949,2407317,2407317
Agu-2026,DC TIGALAPAN,KEMEJA MAMU,KEMEJA SHANGHAI HITAM PDK M,0,28,0,0,72949,2042572,2407317
Sep-2026,DC TIGALAPAN,KEMEJA MAMU,KEMEJA SHANGHAI HITAM PDK M,0,26,0,0,72949,1896674,2042572
Okt-2026,DC TIGALAPAN,KEMEJA MAMU,KEMEJA SHANGHAI HITAM PDK M,0,26,0,0,72949,1896674,1896674
Mar-2026,DC TIGALAPAN,KEMEJA MAMU,KEMEJA SHANGHAI HITAM PDK S,0,4,0,0,74214,296856,0
Mar-2026,DC TIGALAPAN,KEMEJA MAMU,KEMEJA SHANGHAI HITAM PDK XL,0,53,0,0,74214,3933342,0
Apr-2026,DC TIGALAPAN,KEMEJA MAMU,KEMEJA SHANGHAI HITAM PDK XL,0,40,0,0,72921,2916840,3933342
Mei-2026,DC TIGALAPAN,KEMEJA MAMU,KEMEJA SHANGHAI HITAM PDK XL,0,35,0,0,72940,2552900,2916840
Jun-2026,DC TIGALAPAN,KEMEJA MAMU,KEMEJA SHANGHAI HITAM PDK XL,0,35,0,0,72940,2552900,2552900
Jul-2026,DC TIGALAPAN,KEMEJA MAMU,KEMEJA SHANGHAI HITAM PDK XL,0,35,0,0,72940,2552900,2552900
Agu-2026,DC TIGALAPAN,KEMEJA MAMU,KEMEJA SHANGHAI HITAM PDK XL,0,30,0,0,72940,2188200,2552900
Sep-2026,DC TIGALAPAN,KEMEJA MAMU,KEMEJA SHANGHAI HITAM PDK XL,0,29,0,0,72940,2115260,2188200
Okt-2026,DC TIGALAPAN,KEMEJA MAMU,KEMEJA SHANGHAI HITAM PDK XL,0,29,0,0,72940,2115260,2115260
Mar-2026,DC TIGALAPAN,KEMEJA MAMU,KEMEJA SHANGHAI HITAM PJG 2XL,0,7,0,0,88053,616371,0
Mar-2026,DC TIGALAPAN,KEMEJA MAMU,KEMEJA SHANGHAI HITAM PJG L,0,86,0,0,88053,7572558,0
Apr-2026,DC TIGALAPAN,KEMEJA MAMU,KEMEJA SHANGHAI HITAM PJG L,0,43,0,0,85943,3695549,7572558
Mei-2026,DC TIGALAPAN,KEMEJA MAMU,KEMEJA SHANGHAI HITAM PJG L,0,38,0,0,85943,3265834,3695549
Jun-2026,DC TIGALAPAN,KEMEJA MAMU,KEMEJA SHANGHAI HITAM PJG L,0,38,0,0,85943,3265834,3265834
Jul-2026,DC TIGALAPAN,KEMEJA MAMU,KEMEJA SHANGHAI HITAM PJG L,0,38,0,0,85943,3265834,3265834
Agu-2026,DC TIGALAPAN,KEMEJA MAMU,KEMEJA SHANGHAI HITAM PJG L,0,31,0,0,85943,2664233,3265834
Sep-2026,DC TIGALAPAN,KEMEJA MAMU,KEMEJA SHANGHAI HITAM PJG L,0,28,0,0,85943,2406404,2664233
Okt-2026,DC TIGALAPAN,KEMEJA MAMU,KEMEJA SHANGHAI HITAM PJG L,0,28,0,0,85943,2406404,2406404
Mar-2026,DC TIGALAPAN,KEMEJA MAMU,KEMEJA SHANGHAI HITAM PJG M,0,85,0,0,88053,7484505,0
Apr-2026,DC TIGALAPAN,KEMEJA MAMU,KEMEJA SHANGHAI HITAM PJG M,0,48,0,0,85943,4125264,7484505
Mei-2026,DC TIGALAPAN,KEMEJA MAMU,KEMEJA SHANGHAI HITAM PJG M,0,48,0,0,85943,4125264,4125264
Jun-2026,DC TIGALAPAN,KEMEJA MAMU,KEMEJA SHANGHAI HITAM PJG M,0,48,0,0,85943,4125264,4125264
Jul-2026,DC TIGALAPAN,KEMEJA MAMU,KEMEJA SHANGHAI HITAM PJG M,0,48,0,0,85943,4125264,4125264
Agu-2026,DC TIGALAPAN,KEMEJA MAMU,KEMEJA SHANGHAI HITAM PJG M,0,36,0,0,85943,3093948,4125264
Sep-2026,DC TIGALAPAN,KEMEJA MAMU,KEMEJA SHANGHAI HITAM PJG M,0,36,0,0,85943,3093948,3093948
Okt-2026,DC TIGALAPAN,KEMEJA MAMU,KEMEJA SHANGHAI HITAM PJG M,0,36,0,0,85943,3093948,3093948
Mar-2026,DC TIGALAPAN,KEMEJA MAMU,KEMEJA SHANGHAI HITAM PJG S,0,3,0,0,88053,264159,0
Mar-2026,DC TIGALAPAN,KEMEJA MAMU,KEMEJA SHANGHAI HITAM PJG XL,0,95,0,0,88053,8365035,0
Apr-2026,DC TIGALAPAN,KEMEJA MAMU,KEMEJA SHANGHAI HITAM PJG XL,0,57,0,0,85939,4898523,8365035
Mei-2026,DC TIGALAPAN,KEMEJA MAMU,KEMEJA SHANGHAI HITAM PJG XL,0,52,0,0,85957,4469764,4898523
Jun-2026,DC TIGALAPAN,KEMEJA MAMU,KEMEJA SHANGHAI HITAM PJG XL,0,52,0,0,85957,4469764,4469764
Jul-2026,DC TIGALAPAN,KEMEJA MAMU,KEMEJA SHANGHAI HITAM PJG XL,0,52,0,0,85957,4469764,4469764
Agu-2026,DC TIGALAPAN,KEMEJA MAMU,KEMEJA SHANGHAI HITAM PJG XL,0,39,0,0,85957,3352323,4469764
Sep-2026,DC TIGALAPAN,KEMEJA MAMU,KEMEJA SHANGHAI HITAM PJG XL,0,39,0,0,85957,3352323,3352323
Okt-2026,DC TIGALAPAN,KEMEJA MAMU,KEMEJA SHANGHAI HITAM PJG XL,0,39,0,0,85957,3352323,3352323
Feb-2026,DC TIGALAPAN,KEMEJA MAMU,KEMEJA SHANGHAI LIGHT BROWN PDK L,0,50,0,0,159000,7950000,0
Mar-2026,DC TIGALAPAN,KEMEJA MAMU,KEMEJA SHANGHAI LIGHT BROWN PDK L,0,9,0,0,159000,1431000,7950000
Feb-2026,DC TIGALAPAN,KEMEJA MAMU,KEMEJA SHANGHAI LIGHT BROWN PDK M,0,15,0,0,159000,2385000,0
Feb-2026,DC TIGALAPAN,KEMEJA MAMU,KEMEJA SHANGHAI LIGHT BROWN PDK XL,0,20,0,0,159000,3180000,0
Mar-2026,DC TIGALAPAN,KEMEJA MAMU,KEMEJA SHANGHAI LIGHT BROWN PDK XL,0,3,0,0,159000,477000,3180000
Apr-2026,DC TIGALAPAN,KEMEJA MAMU,KEMEJA SHANGHAI LIGHT BROWN PDK XL,0,3,0,0,159000,477000,477000
Mei-2026,DC TIGALAPAN,KEMEJA MAMU,KEMEJA SHANGHAI LIGHT BROWN PDK XL,0,3,0,0,159000,477000,477000
Jun-2026,DC TIGALAPAN,KEMEJA MAMU,KEMEJA SHANGHAI LIGHT BROWN PDK XL,0,3,0,0,159000,477000,477000
Jul-2026,DC TIGALAPAN,KEMEJA MAMU,KEMEJA SHANGHAI LIGHT BROWN PDK XL,0,3,0,0,159000,477000,477000
Agu-2026,DC TIGALAPAN,KEMEJA MAMU,KEMEJA SHANGHAI LIGHT BROWN PDK XL,0,3,0,0,159000,477000,477000
Sep-2026,DC TIGALAPAN,KEMEJA MAMU,KEMEJA SHANGHAI LIGHT BROWN PDK XL,0,3,0,0,159000,477000,477000
Okt-2026,DC TIGALAPAN,KEMEJA MAMU,KEMEJA SHANGHAI LIGHT BROWN PDK XL,0,3,0,0,159000,477000,477000
Feb-2026,DC TIGALAPAN,KEMEJA MAMU,KEMEJA SHANGHAI LIGHT BROWN PJG L,0,40,0,0,189000,7560000,0
Mar-2026,DC TIGALAPAN,KEMEJA MAMU,KEMEJA SHANGHAI LIGHT BROWN PJG L,0,5,0,0,189000,945000,7560000
Jun-2026,DC TIGALAPAN,KEMEJA MAMU,KEMEJA SHANGHAI LIGHT BROWN PJG L,0,10,0,0,189000,1890000,0
Jul-2026,DC TIGALAPAN,KEMEJA MAMU,KEMEJA SHANGHAI LIGHT BROWN PJG L,0,7,0,0,189000,1323000,1890000
Agu-2026,DC TIGALAPAN,KEMEJA MAMU,KEMEJA SHANGHAI LIGHT BROWN PJG L,0,7,0,0,189000,1323000,1323000
Sep-2026,DC TIGALAPAN,KEMEJA MAMU,KEMEJA SHANGHAI LIGHT BROWN PJG L,0,6,0,0,189000,1134000,1323000
Okt-2026,DC TIGALAPAN,KEMEJA MAMU,KEMEJA SHANGHAI LIGHT BROWN PJG L,0,6,0,0,189000,1134000,1134000
Feb-2026,DC TIGALAPAN,KEMEJA MAMU,KEMEJA SHANGHAI LIGHT BROWN PJG M,0,15,0,0,189000,2835000,0
Feb-2026,DC TIGALAPAN,KEMEJA MAMU,KEMEJA SHANGHAI LIGHT BROWN PJG XL,0,10,0,0,189000,1890000,0
Feb-2026,DC TIGALAPAN,KEMEJA MAMU,KEMEJA SHANGHAI NAVY PDK L,0,19,0,0,77095,1464805,0
Feb-2026,DC TIGALAPAN,KEMEJA MAMU,KEMEJA SHANGHAI NAVY PDK M,0,14,0,0,77095,1079330,0
Feb-2026,DC TIGALAPAN,KEMEJA MAMU,KEMEJA SHANGHAI NAVY PDK XL,0,24,0,0,77095,1850280,0
Jun-2026,DC TIGALAPAN,KEMEJA MAMU,KEMEJA SHANGHAI NAVY PDK XL,0,2,0,0,72993,145986,0
Feb-2026,DC TIGALAPAN,KEMEJA MAMU,KEMEJA SHANGHAI NAVY PJG L,0,35,0,0,88095,3083325,0
Mar-2026,DC TIGALAPAN,KEMEJA MAMU,KEMEJA SHANGHAI NAVY PJG L,0,15,0,0,86723,1300845,3083325
Apr-2026,DC TIGALAPAN,KEMEJA MAMU,KEMEJA SHANGHAI NAVY PJG L,0,5,0,0,86723,433615,1300845
Mei-2026,DC TIGALAPAN,KEMEJA MAMU,KEMEJA SHANGHAI NAVY PJG L,0,15,0,0,86723,1300845,433615
Jun-2026,DC TIGALAPAN,KEMEJA MAMU,KEMEJA SHANGHAI NAVY PJG L,0,15,0,0,86723,1300845,1300845
Jul-2026,DC TIGALAPAN,KEMEJA MAMU,KEMEJA SHANGHAI NAVY PJG L,0,15,0,0,86723,1300845,1300845
Agu-2026,DC TIGALAPAN,KEMEJA MAMU,KEMEJA SHANGHAI NAVY PJG L,0,15,0,0,86723,1300845,1300845
Sep-2026,DC TIGALAPAN,KEMEJA MAMU,KEMEJA SHANGHAI NAVY PJG L,0,15,0,0,86723,1300845,1300845
Okt-2026,DC TIGALAPAN,KEMEJA MAMU,KEMEJA SHANGHAI NAVY PJG L,0,15,0,0,86723,1300845,1300845
Feb-2026,DC TIGALAPAN,KEMEJA MAMU,KEMEJA SHANGHAI NAVY PJG M,0,21,0,0,88095,1849995,0
Jun-2026,DC TIGALAPAN,KEMEJA MAMU,KEMEJA SHANGHAI NAVY PJG M,0,12,0,0,86556,1038672,0
Jul-2026,DC TIGALAPAN,KEMEJA MAMU,KEMEJA SHANGHAI NAVY PJG M,0,9,0,0,86556,779004,1038672
Agu-2026,DC TIGALAPAN,KEMEJA MAMU,KEMEJA SHANGHAI NAVY PJG M,0,9,0,0,86556,779004,779004
Sep-2026,DC TIGALAPAN,KEMEJA MAMU,KEMEJA SHANGHAI NAVY PJG M,0,8,0,0,86556,692448,779004
Okt-2026,DC TIGALAPAN,KEMEJA MAMU,KEMEJA SHANGHAI NAVY PJG M,0,8,0,0,86556,692448,692448
Feb-2026,DC TIGALAPAN,KEMEJA MAMU,KEMEJA SHANGHAI NAVY PJG XL,0,20,0,0,88095,1761900,0
Jun-2026,DC TIGALAPAN,KEMEJA MAMU,KEMEJA SHANGHAI NAVY PJG XL,0,16,0,0,86528,1384448,0
Jul-2026,DC TIGALAPAN,KEMEJA MAMU,KEMEJA SHANGHAI NAVY PJG XL,0,13,0,0,86528,1124864,1384448
Agu-2026,DC TIGALAPAN,KEMEJA MAMU,KEMEJA SHANGHAI NAVY PJG XL,0,10,0,0,86528,865280,1124864
Sep-2026,DC TIGALAPAN,KEMEJA MAMU,KEMEJA SHANGHAI NAVY PJG XL,0,5,0,0,86528,432640,865280
Okt-2026,DC TIGALAPAN,KEMEJA MAMU,KEMEJA SHANGHAI NAVY PJG XL,0,5,0,0,86528,432640,432640
Mar-2026,DC TIGALAPAN,KEMEJA MAMU,KEMEJA SHANGHAI TOFFEE PDK 2XL,0,8,0,0,74214,593712,0
Mar-2026,DC TIGALAPAN,KEMEJA MAMU,KEMEJA SHANGHAI TOFFEE PDK L,0,55,0,0,74214,4081770,0
Apr-2026,DC TIGALAPAN,KEMEJA MAMU,KEMEJA SHANGHAI TOFFEE PDK L,0,18,0,0,72961,1313298,4081770
Mei-2026,DC TIGALAPAN,KEMEJA MAMU,KEMEJA SHANGHAI TOFFEE PDK L,0,22,0,0,72956,1605032,1313298
Jun-2026,DC TIGALAPAN,KEMEJA MAMU,KEMEJA SHANGHAI TOFFEE PDK L,0,24,0,0,72956,1750944,1605032
Jul-2026,DC TIGALAPAN,KEMEJA MAMU,KEMEJA SHANGHAI TOFFEE PDK L,0,21,0,0,72956,1532076,1750944
Agu-2026,DC TIGALAPAN,KEMEJA MAMU,KEMEJA SHANGHAI TOFFEE PDK L,0,12,0,0,72956,875472,1532076
Sep-2026,DC TIGALAPAN,KEMEJA MAMU,KEMEJA SHANGHAI TOFFEE PDK L,0,9,0,0,72956,656604,875472
Okt-2026,DC TIGALAPAN,KEMEJA MAMU,KEMEJA SHANGHAI TOFFEE PDK L,0,9,0,0,72956,656604,656604
Mar-2026,DC TIGALAPAN,KEMEJA MAMU,KEMEJA SHANGHAI TOFFEE PDK M,0,55,0,0,74214,4081770,0
Apr-2026,DC TIGALAPAN,KEMEJA MAMU,KEMEJA SHANGHAI TOFFEE PDK M,0,12,0,0,72961,875532,4081770
Mei-2026,DC TIGALAPAN,KEMEJA MAMU,KEMEJA SHANGHAI TOFFEE PDK M,0,21,0,0,72958,1532118,875532
Jun-2026,DC TIGALAPAN,KEMEJA MAMU,KEMEJA SHANGHAI TOFFEE PDK M,0,21,0,0,72958,1532118,1532118
Jul-2026,DC TIGALAPAN,KEMEJA MAMU,KEMEJA SHANGHAI TOFFEE PDK M,0,20,0,0,72958,1459160,1532118
Agu-2026,DC TIGALAPAN,KEMEJA MAMU,KEMEJA SHANGHAI TOFFEE PDK M,0,15,0,0,72958,1094370,1459160
Sep-2026,DC TIGALAPAN,KEMEJA MAMU,KEMEJA SHANGHAI TOFFEE PDK M,0,15,0,0,72958,1094370,1094370
Okt-2026,DC TIGALAPAN,KEMEJA MAMU,KEMEJA SHANGHAI TOFFEE PDK M,0,15,0,0,72958,1094370,1094370
Mar-2026,DC TIGALAPAN,KEMEJA MAMU,KEMEJA SHANGHAI TOFFEE PDK S,0,5,0,0,74214,371070,0
Mar-2026,DC TIGALAPAN,KEMEJA MAMU,KEMEJA SHANGHAI TOFFEE PDK XL,0,57,0,0,74214,4230198,0
Apr-2026,DC TIGALAPAN,KEMEJA MAMU,KEMEJA SHANGHAI TOFFEE PDK XL,0,10,0,0,72963,729630,4230198
Mei-2026,DC TIGALAPAN,KEMEJA MAMU,KEMEJA SHANGHAI TOFFEE PDK XL,0,18,0,0,72960,1313280,729630
Jun-2026,DC TIGALAPAN,KEMEJA MAMU,KEMEJA SHANGHAI TOFFEE PDK XL,0,18,0,0,72960,1313280,1313280
Jul-2026,DC TIGALAPAN,KEMEJA MAMU,KEMEJA SHANGHAI TOFFEE PDK XL,0,13,0,0,72960,948480,1313280
Agu-2026,DC TIGALAPAN,KEMEJA MAMU,KEMEJA SHANGHAI TOFFEE PDK XL,0,10,0,0,72960,729600,948480
Sep-2026,DC TIGALAPAN,KEMEJA MAMU,KEMEJA SHANGHAI TOFFEE PDK XL,0,5,0,0,72960,364800,729600
Okt-2026,DC TIGALAPAN,KEMEJA MAMU,KEMEJA SHANGHAI TOFFEE PDK XL,0,5,0,0,72960,364800,364800
Mar-2026,DC TIGALAPAN,KEMEJA MAMU,KEMEJA SHANGHAI TOFFEE PJG 2XL,0,9,0,0,87214,784926,0
Mar-2026,DC TIGALAPAN,KEMEJA MAMU,KEMEJA SHANGHAI TOFFEE PJG L,0,90,0,0,87214,7849260,0
Apr-2026,DC TIGALAPAN,KEMEJA MAMU,KEMEJA SHANGHAI TOFFEE PJG L,0,38,0,0,85953,3266214,7849260
Mei-2026,DC TIGALAPAN,KEMEJA MAMU,KEMEJA SHANGHAI TOFFEE PJG L,0,38,0,0,85953,3266214,3266214
Jun-2026,DC TIGALAPAN,KEMEJA MAMU,KEMEJA SHANGHAI TOFFEE PJG L,0,42,0,0,85953,3610026,3266214
Jul-2026,DC TIGALAPAN,KEMEJA MAMU,KEMEJA SHANGHAI TOFFEE PJG L,0,42,0,0,85953,3610026,3610026
Agu-2026,DC TIGALAPAN,KEMEJA MAMU,KEMEJA SHANGHAI TOFFEE PJG L,0,31,0,0,85953,2664543,3610026
Sep-2026,DC TIGALAPAN,KEMEJA MAMU,KEMEJA SHANGHAI TOFFEE PJG L,0,30,0,0,85953,2578590,2664543
Okt-2026,DC TIGALAPAN,KEMEJA MAMU,KEMEJA SHANGHAI TOFFEE PJG L,0,30,0,0,85953,2578590,2578590
Mar-2026,DC TIGALAPAN,KEMEJA MAMU,KEMEJA SHANGHAI TOFFEE PJG M,0,74,0,0,87214,6453836,0
Apr-2026,DC TIGALAPAN,KEMEJA MAMU,KEMEJA SHANGHAI TOFFEE PJG M,0,36,0,0,85957,3094452,6453836
Mei-2026,DC TIGALAPAN,KEMEJA MAMU,KEMEJA SHANGHAI TOFFEE PJG M,0,43,0,0,86007,3698301,3094452
Jun-2026,DC TIGALAPAN,KEMEJA MAMU,KEMEJA SHANGHAI TOFFEE PJG M,0,43,0,0,86007,3698301,3698301
Jul-2026,DC TIGALAPAN,KEMEJA MAMU,KEMEJA SHANGHAI TOFFEE PJG M,0,43,0,0,86007,3698301,3698301
Agu-2026,DC TIGALAPAN,KEMEJA MAMU,KEMEJA SHANGHAI TOFFEE PJG M,0,31,0,0,86007,2666217,3698301
Sep-2026,DC TIGALAPAN,KEMEJA MAMU,KEMEJA SHANGHAI TOFFEE PJG M,0,31,0,0,86007,2666217,2666217
Okt-2026,DC TIGALAPAN,KEMEJA MAMU,KEMEJA SHANGHAI TOFFEE PJG M,0,31,0,0,86007,2666217,2666217
Mar-2026,DC TIGALAPAN,KEMEJA MAMU,KEMEJA SHANGHAI TOFFEE PJG S,0,6,0,0,87214,523284,0
Mar-2026,DC TIGALAPAN,KEMEJA MAMU,KEMEJA SHANGHAI TOFFEE PJG XL,0,71,0,0,87214,6192194,0
Apr-2026,DC TIGALAPAN,KEMEJA MAMU,KEMEJA SHANGHAI TOFFEE PJG XL,0,41,0,0,85955,3524155,6192194
Mei-2026,DC TIGALAPAN,KEMEJA MAMU,KEMEJA SHANGHAI TOFFEE PJG XL,0,50,0,0,85955,4297750,3524155
Jun-2026,DC TIGALAPAN,KEMEJA MAMU,KEMEJA SHANGHAI TOFFEE PJG XL,0,50,0,0,85955,4297750,4297750
Jul-2026,DC TIGALAPAN,KEMEJA MAMU,KEMEJA SHANGHAI TOFFEE PJG XL,0,50,0,0,85955,4297750,4297750
Agu-2026,DC TIGALAPAN,KEMEJA MAMU,KEMEJA SHANGHAI TOFFEE PJG XL,0,41,0,0,85955,3524155,4297750
Sep-2026,DC TIGALAPAN,KEMEJA MAMU,KEMEJA SHANGHAI TOFFEE PJG XL,0,40,0,0,85955,3438200,3524155
Okt-2026,DC TIGALAPAN,KEMEJA MAMU,KEMEJA SHANGHAI TOFFEE PJG XL,0,40,0,0,85955,3438200,3438200
Mei-2026,DC TIGALAPAN,KEMEJA MAMU,KEMEJA FORMAL COKLAT TUA PDK 2XL,0,0,0,0,159000,0,795000
Sep-2026,DC TIGALAPAN,KEMEJA MAMU,KEMEJA FORMAL COKLAT TUA PDK L,0,0,0,0,159000,0,1272000
Sep-2026,DC TIGALAPAN,KEMEJA MAMU,KEMEJA FORMAL COKLAT TUA PDK M,0,0,0,0,159000,0,1272000
Mei-2026,DC TIGALAPAN,KEMEJA MAMU,KEMEJA FORMAL COKLAT TUA PDK S,0,0,0,0,159000,0,636000
Sep-2026,DC TIGALAPAN,KEMEJA MAMU,KEMEJA FORMAL COKLAT TUA PDK XL,0,0,0,0,159000,0,795000
Mei-2026,DC TIGALAPAN,KEMEJA MAMU,KEMEJA FORMAL COKLAT TUA PJG 2XL,0,0,0,0,189000,0,1134000
Agu-2026,DC TIGALAPAN,KEMEJA MAMU,KEMEJA FORMAL COKLAT TUA PJG 2XL,0,0,0,0,189000,0,189000
Sep-2026,DC TIGALAPAN,KEMEJA MAMU,KEMEJA FORMAL COKLAT TUA PJG M,0,0,0,0,189000,0,1701000
Mei-2026,DC TIGALAPAN,KEMEJA MAMU,KEMEJA FORMAL COKLAT TUA PJG S,0,0,0,0,189000,0,756000
Mar-2026,DC TIGALAPAN,KEMEJA MAMU,KEMEJA FORMAL LIGHT BROWN PDK L,0,0,0,0,72928,0,2187840
Apr-2026,DC TIGALAPAN,KEMEJA MAMU,KEMEJA FORMAL LIGHT BROWN PDK M,0,0,0,0,72970,0,145940
Apr-2026,DC TIGALAPAN,KEMEJA MAMU,KEMEJA FORMAL LIGHT BROWN PDK XL,0,0,0,0,72972,0,72972
Apr-2026,DC TIGALAPAN,KEMEJA MAMU,KEMEJA FORMAL LIGHT BROWN PJG L,0,0,0,0,85957,0,257871
Agu-2026,DC TIGALAPAN,KEMEJA MAMU,KEMEJA FORMAL LIGHT BROWN PJG L,0,0,0,0,85957,0,85957
Mar-2026,DC TIGALAPAN,KEMEJA MAMU,KEMEJA FORMAL LIGHT BROWN PJG XL,0,0,0,0,85928,0,429640
Mar-2026,DC TIGALAPAN,KEMEJA MAMU,KEMEJA FORMAL NAVY PDK L,0,0,0,0,77095,0,2158660
Jul-2026,DC TIGALAPAN,KEMEJA MAMU,KEMEJA FORMAL NAVY PDK L,0,0,0,0,74217,0,222651
Mar-2026,DC TIGALAPAN,KEMEJA MAMU,KEMEJA FORMAL NAVY PDK M,0,0,0,0,77095,0,1310615
Mar-2026,DC TIGALAPAN,KEMEJA MAMU,KEMEJA FORMAL NAVY PDK XL,0,0,0,0,77095,0,1773185
Jul-2026,DC TIGALAPAN,KEMEJA MAMU,KEMEJA FORMAL NAVY PDK XL,0,0,0,0,74208,0,148416
Mar-2026,DC TIGALAPAN,KEMEJA MAMU,KEMEJA FORMAL NAVY PJG L,0,0,0,0,88095,0,1497615
Jul-2026,DC TIGALAPAN,KEMEJA MAMU,KEMEJA FORMAL NAVY PJG L,0,0,0,0,86580,0,779220
Jul-2026,DC TIGALAPAN,KEMEJA MAMU,KEMEJA FORMAL NAVY PJG M,0,0,0,0,85993,0,85993
Mar-2026,DC TIGALAPAN,KEMEJA MAMU,KEMEJA FORMAL NAVY PJG XL,0,0,0,0,88095,0,1497615
Okt-2026,DC TIGALAPAN,KEMEJA MAMU,KEMEJA FORMAL NAVY PJG XL,0,0,0,0,86519,0,86519
Mar-2026,DC TIGALAPAN,KEMEJA MAMU,KEMEJA FORMAL STEEL BLUE PDK L,0,0,0,0,75397,0,2563498
Mar-2026,DC TIGALAPAN,KEMEJA MAMU,KEMEJA FORMAL STEEL BLUE PDK M,0,0,0,0,75283,0,1806792
Mar-2026,DC TIGALAPAN,KEMEJA MAMU,KEMEJA FORMAL STEEL BLUE PDK XL,0,0,0,0,75283,0,2333773
Mar-2026,DC TIGALAPAN,KEMEJA MAMU,KEMEJA FORMAL TOFFEE PDK L,0,0,0,0,75053,0,750530
Mar-2026,DC TIGALAPAN,KEMEJA MAMU,KEMEJA FORMAL TOFFEE PDK M,0,0,0,0,74214,0,445284
Mar-2026,DC TIGALAPAN,KEMEJA MAMU,KEMEJA FORMAL TOFFEE PDK XL,0,0,0,0,75053,0,4878445
Mar-2026,DC TIGALAPAN,KEMEJA MAMU,KEMEJA FORMAL TOFFEE PJG 2XL,0,0,0,0,88053,0,792477
Mar-2026,DC TIGALAPAN,KEMEJA MAMU,KEMEJA FORMAL TOFFEE PJG L,0,0,0,0,88053,0,2817696
Mar-2026,DC TIGALAPAN,KEMEJA MAMU,KEMEJA FORMAL TOFFEE PJG M,0,0,0,0,88053,0,880530
Mar-2026,DC TIGALAPAN,KEMEJA MAMU,KEMEJA FORMAL TOFFEE PJG S,0,0,0,0,88053,0,352212
Mar-2026,DC TIGALAPAN,KEMEJA MAMU,KEMEJA FORMAL TOFFEE PJG XL,0,0,0,0,88053,0,968583
Mei-2026,DC TIGALAPAN,KEMEJA MAMU,KEMEJA SHANGHAI COKLAT TUA PDK 2XL,0,0,0,0,159000,0,795000
Mei-2026,DC TIGALAPAN,KEMEJA MAMU,KEMEJA SHANGHAI COKLAT TUA PDK S,0,0,0,0,159000,0,795000
Mei-2026,DC TIGALAPAN,KEMEJA MAMU,KEMEJA SHANGHAI COKLAT TUA PJG 2XL,0,0,0,0,189000,0,945000
Mei-2026,DC TIGALAPAN,KEMEJA MAMU,KEMEJA SHANGHAI COKLAT TUA PJG S,0,0,0,0,189000,0,945000
Apr-2026,DC TIGALAPAN,KEMEJA MAMU,KEMEJA SHANGHAI HITAM PDK 2XL,0,0,0,0,74214,0,445284
Apr-2026,DC TIGALAPAN,KEMEJA MAMU,KEMEJA SHANGHAI HITAM PDK S,0,0,0,0,74214,0,296856
Apr-2026,DC TIGALAPAN,KEMEJA MAMU,KEMEJA SHANGHAI HITAM PJG 2XL,0,0,0,0,88053,0,616371
Apr-2026,DC TIGALAPAN,KEMEJA MAMU,KEMEJA SHANGHAI HITAM PJG S,0,0,0,0,88053,0,264159
Apr-2026,DC TIGALAPAN,KEMEJA MAMU,KEMEJA SHANGHAI LIGHT BROWN PDK L,0,0,0,0,159000,0,1431000
Mar-2026,DC TIGALAPAN,KEMEJA MAMU,KEMEJA SHANGHAI LIGHT BROWN PDK M,0,0,0,0,159000,0,2385000
Apr-2026,DC TIGALAPAN,KEMEJA MAMU,KEMEJA SHANGHAI LIGHT BROWN PJG L,0,0,0,0,189000,0,945000
Mar-2026,DC TIGALAPAN,KEMEJA MAMU,KEMEJA SHANGHAI LIGHT BROWN PJG M,0,0,0,0,189000,0,2835000
Mar-2026,DC TIGALAPAN,KEMEJA MAMU,KEMEJA SHANGHAI LIGHT BROWN PJG XL,0,0,0,0,189000,0,1890000
Mar-2026,DC TIGALAPAN,KEMEJA MAMU,KEMEJA SHANGHAI NAVY PDK L,0,0,0,0,77095,0,1464805
Mar-2026,DC TIGALAPAN,KEMEJA MAMU,KEMEJA SHANGHAI NAVY PDK M,0,0,0,0,77095,0,1079330
Mar-2026,DC TIGALAPAN,KEMEJA MAMU,KEMEJA SHANGHAI NAVY PDK XL,0,0,0,0,77095,0,1850280
Jul-2026,DC TIGALAPAN,KEMEJA MAMU,KEMEJA SHANGHAI NAVY PDK XL,0,0,0,0,72993,0,145986
Mar-2026,DC TIGALAPAN,KEMEJA MAMU,KEMEJA SHANGHAI NAVY PJG M,0,0,0,0,88095,0,1849995
Mar-2026,DC TIGALAPAN,KEMEJA MAMU,KEMEJA SHANGHAI NAVY PJG XL,0,0,0,0,88095,0,1761900
Apr-2026,DC TIGALAPAN,KEMEJA MAMU,KEMEJA SHANGHAI TOFFEE PDK 2XL,0,0,0,0,74214,0,593712
Apr-2026,DC TIGALAPAN,KEMEJA MAMU,KEMEJA SHANGHAI TOFFEE PDK S,0,0,0,0,74214,0,371070
Apr-2026,DC TIGALAPAN,KEMEJA MAMU,KEMEJA SHANGHAI TOFFEE PJG 2XL,0,0,0,0,87214,0,784926
Apr-2026,DC TIGALAPAN,KEMEJA MAMU,KEMEJA SHANGHAI TOFFEE PJG S,0,0,0,0,87214,0,523284
