Bulan,Store,Warna,Item,COGS,OH Qty,OD Qty,WIP Qty,HPP,Inventory Akhir,Inventory Awal
Apr-2026,MAMU BTP,KIDS,ABU MISTY KID PDK XS,0,3,0,0,18822,56466,0
Mei-2026,MAMU BTP,KIDS,ABU MISTY KID PDK XS,39548,1,0,0,18822,18822,56466
Jun-2026,MAMU BTP,KIDS,ABU MISTY KID PDK XS,0,1,0,0,18822,18822,18822
Jul-2026,MAMU BTP,KIDS,ABU MISTY KID PDK XS,0,1,0,0,18822,18822,18822
Agu-2026,MAMU BTP,KIDS,ABU MISTY KID PDK XS,19774,0,0,0,18822,0,18822
Jan-2026,MAMU BTP,KIDS,ABU TUA KID PDK L,0,1,0,0,16561,16561,0
Feb-2026,MAMU BTP,KIDS,ABU TUA KID PDK L,0,1,0,0,16561,16561,16561
Mar-2026,MAMU BTP,KIDS,ABU TUA KID PDK L,0,1,0,0,16561,16561,16561
Apr-2026,MAMU BTP,KIDS,ABU TUA KID PDK L,0,1,0,0,16561,16561,16561
Mei-2026,MAMU BTP,KIDS,ABU TUA KID PDK L,0,1,0,0,16561,16561,16561
Jun-2026,MAMU BTP,KIDS,ABU TUA KID PDK L,0,1,0,0,16561,16561,16561
Jul-2026,MAMU BTP,KIDS,ABU TUA KID PDK L,0,1,0,0,16561,16561,16561
Agu-2026,MAMU BTP,KIDS,ABU TUA KID PDK L,16561,0,0,0,16561,0,16561
Jan-2026,MAMU BTP,KIDS,ABU TUA KID PDK XS,31384,2,0,0,17192,34384,0
Feb-2026,MAMU BTP,KIDS,ABU TUA KID PDK XS,47076,0,0,0,17192,0,34384
Mar-2026,MAMU BTP,KIDS,ABU TUA KID PDK XS,47076,13,0,0,17192,223496,0
Apr-2026,MAMU BTP,KIDS,ABU TUA KID PDK XS,47076,29,0,0,17192,498568,223496
Mei-2026,MAMU BTP,KIDS,ABU TUA KID PDK XS,109844,22,0,0,17192,378224,498568
Jun-2026,MAMU BTP,KIDS,ABU TUA KID PDK XS,109844,14,0,0,17192,240688,378224
Jul-2026,MAMU BTP,KIDS,ABU TUA KID PDK XS,125536,7,0,0,17192,120344,240688
Agu-2026,MAMU BTP,KIDS,ABU TUA KID PDK XS,47216,5,0,0,17192,85960,120344
Sep-2026,MAMU BTP,KIDS,ABU TUA KID PDK XS,0,4,0,0,17192,68768,85960
Okt-2026,MAMU BTP,KIDS,ABU TUA KID PDK XS,0,4,0,0,17192,68768,68768
Jan-2026,MAMU BTP,KIDS,ABU TUA KID PJG L,61326,6,0,0,20442,122652,0
Feb-2026,MAMU BTP,KIDS,ABU TUA KID PJG L,20442,6,0,0,20442,122652,122652
Mar-2026,MAMU BTP,KIDS,ABU TUA KID PJG L,102210,0,0,0,20442,0,122652
Jun-2026,MAMU BTP,KIDS,ABU TUA KID PJG L,61326,15,0,0,20442,306630,0
Jul-2026,MAMU BTP,KIDS,ABU TUA KID PJG L,204420,6,0,0,20442,122652,306630
Agu-2026,MAMU BTP,KIDS,ABU TUA KID PJG L,40884,6,0,0,20442,122652,122652
Sep-2026,MAMU BTP,KIDS,ABU TUA KID PJG L,61326,1,0,0,20442,20442,122652
Okt-2026,MAMU BTP,KIDS,ABU TUA KID PJG L,0,1,0,0,20442,20442,20442
Jan-2026,MAMU BTP,KIDS,ABU TUA KID PJG S,20442,1,0,0,20442,20442,0
Feb-2026,MAMU BTP,KIDS,ABU TUA KID PJG S,20442,0,0,0,20442,0,20442
Jan-2026,MAMU BTP,KIDS,ABU TUA KID PJG XL,62625,2,0,0,20875,41750,0
Feb-2026,MAMU BTP,KIDS,ABU TUA KID PJG XL,83500,1,0,0,20875,20875,41750
Mar-2026,MAMU BTP,KIDS,ABU TUA KID PJG XL,41750,0,0,0,20875,0,20875
Jul-2026,MAMU BTP,KIDS,ABU TUA KID PJG XL,0,2,0,0,20875,41750,0
Agu-2026,MAMU BTP,KIDS,ABU TUA KID PJG XL,41750,0,0,0,20875,0,41750
Mar-2026,MAMU BTP,KIDS,BEIGE KID PDK XS,15891,0,0,0,16381,0,0
Jan-2026,MAMU BTP,KIDS,BEIGE KID PJG L,36306,2,0,0,18153,36306,0
Feb-2026,MAMU BTP,KIDS,BEIGE KID PJG L,18153,1,0,0,18153,18153,36306
Mar-2026,MAMU BTP,KIDS,BEIGE KID PJG L,108918,2,0,0,18153,36306,18153
Apr-2026,MAMU BTP,KIDS,BEIGE KID PJG L,145224,0,0,0,18153,0,36306
Mei-2026,MAMU BTP,KIDS,BEIGE KID PJG L,18153,0,0,0,18153,0,0
Jul-2026,MAMU BTP,KIDS,BEIGE KID PJG L,0,5,0,0,18153,90765,0
Agu-2026,MAMU BTP,KIDS,BEIGE KID PJG L,0,0,0,0,18153,0,90765
Jan-2026,MAMU BTP,KIDS,BEIGE KID PJG M,53706,0,0,0,17902,0,0
Mar-2026,MAMU BTP,KIDS,BEIGE KID PJG M,53706,0,0,0,17902,0,0
Jan-2026,MAMU BTP,KIDS,BEIGE KID PJG S,72344,0,0,0,18086,0,0
Mar-2026,MAMU BTP,KIDS,BEIGE KID PJG S,36172,0,0,0,18086,0,0
Apr-2026,MAMU BTP,KIDS,BEIGE KID PJG S,18086,0,0,0,18086,0,0
Jul-2026,MAMU BTP,KIDS,BEIGE KID PJG S,0,3,0,0,18086,54258,0
Agu-2026,MAMU BTP,KIDS,BEIGE KID PJG S,0,0,0,0,18086,0,54258
Mar-2026,MAMU BTP,KIDS,BEIGE KID PJG XS,0,12,0,0,17635,211620,0
Apr-2026,MAMU BTP,KIDS,BEIGE KID PJG XS,88175,7,0,0,17635,123445,211620
Mei-2026,MAMU BTP,KIDS,BEIGE KID PJG XS,88175,3,0,0,17635,52905,123445
Jun-2026,MAMU BTP,KIDS,BEIGE KID PJG XS,35270,0,0,0,17635,0,52905
Jan-2026,MAMU BTP,KIDS,BENHUR KID PDK S,0,3,0,0,18361,55083,0
Feb-2026,MAMU BTP,KIDS,BENHUR KID PDK S,0,3,0,0,18361,55083,55083
Mar-2026,MAMU BTP,KIDS,BENHUR KID PDK S,48216,0,0,0,18361,0,55083
Jan-2026,MAMU BTP,KIDS,BENHUR KID PDK XS,0,1,0,0,15907,15907,0
Feb-2026,MAMU BTP,KIDS,BENHUR KID PDK XS,0,1,0,0,15907,15907,15907
Mar-2026,MAMU BTP,KIDS,BENHUR KID PDK XS,31814,0,0,0,15907,0,15907
Jan-2026,MAMU BTP,KIDS,BENHUR KID PJG L,0,1,0,0,20170,20170,0
Feb-2026,MAMU BTP,KIDS,BENHUR KID PJG L,0,1,0,0,20170,20170,20170
Mar-2026,MAMU BTP,KIDS,BENHUR KID PJG L,20170,0,0,0,20170,0,20170
Jan-2026,MAMU BTP,KIDS,BENHUR KID PJG M,40150,2,0,0,20075,40150,0
Feb-2026,MAMU BTP,KIDS,BENHUR KID PJG M,0,2,0,0,20075,40150,40150
Mar-2026,MAMU BTP,KIDS,BENHUR KID PJG M,20075,1,0,0,20075,20075,40150
Apr-2026,MAMU BTP,KIDS,BENHUR KID PJG M,20075,0,0,0,20075,0,20075
Jan-2026,MAMU BTP,KIDS,BENHUR KID PJG XL,20498,0,0,0,20498,0,0
Jan-2026,MAMU BTP,KIDS,BENHUR KID PJG XS,0,5,0,0,18648,93240,0
Feb-2026,MAMU BTP,KIDS,BENHUR KID PJG XS,0,5,0,0,18648,93240,93240
Mar-2026,MAMU BTP,KIDS,BENHUR KID PJG XS,18648,4,0,0,18648,74592,93240
Apr-2026,MAMU BTP,KIDS,BENHUR KID PJG XS,0,10,0,0,18648,186480,74592
Mei-2026,MAMU BTP,KIDS,BENHUR KID PJG XS,37296,8,0,0,18648,149184,186480
Jun-2026,MAMU BTP,KIDS,BENHUR KID PJG XS,18648,7,0,0,18648,130536,149184
Jul-2026,MAMU BTP,KIDS,BENHUR KID PJG XS,0,7,0,0,18648,130536,130536
Agu-2026,MAMU BTP,KIDS,BENHUR KID PJG XS,0,14,0,0,18648,261072,130536
Sep-2026,MAMU BTP,KIDS,BENHUR KID PJG XS,7992,13,0,0,18648,242424,261072
Okt-2026,MAMU BTP,KIDS,BENHUR KID PJG XS,0,13,0,0,18648,242424,242424
Jan-2026,MAMU BTP,KIDS,COKLAT SUSU KID PJG L,0,1,0,0,20176,20176,0
Feb-2026,MAMU BTP,KIDS,COKLAT SUSU KID PJG L,20176,0,0,0,20176,0,20176
Mar-2026,MAMU BTP,KIDS,COKLAT SUSU KID PJG L,40352,0,0,0,20176,0,0
Mar-2026,MAMU BTP,KIDS,COKLAT TUA KID PDK XS,26484,0,0,0,13242,0,0
Mar-2026,MAMU BTP,KIDS,CREAM KID PDK 2XL,0,2,0,0,17500,35000,0
Apr-2026,MAMU BTP,KIDS,CREAM KID PDK 2XL,0,0,0,0,17500,0,35000
Apr-2026,MAMU BTP,KIDS,CREAM KID PJG 2XL,0,12,0,0,20500,246000,0
Mei-2026,MAMU BTP,KIDS,CREAM KID PJG 2XL,0,9,0,0,20500,184500,246000
Jun-2026,MAMU BTP,KIDS,CREAM KID PJG 2XL,0,0,0,0,20500,0,184500
Feb-2026,MAMU BTP,KIDS,DEEP BLUE KID PDK M,17298,0,0,0,17416,0,0
Mar-2026,MAMU BTP,KIDS,DEEP BLUE KID PDK M,34596,0,0,0,17416,0,0
Mar-2026,MAMU BTP,KIDS,DEEP BLUE KID PDK XS,0,7,0,0,16314,114198,0
Apr-2026,MAMU BTP,KIDS,DEEP BLUE KID PDK XS,56769,5,0,0,16314,81570,114198
Mei-2026,MAMU BTP,KIDS,DEEP BLUE KID PDK XS,56769,1,0,0,16314,16314,81570
Jun-2026,MAMU BTP,KIDS,DEEP BLUE KID PDK XS,18923,0,0,0,16314,0,16314
Jan-2026,MAMU BTP,KIDS,FANTA KID PJG 2XL,55426,4,0,0,27713,110852,0
Feb-2026,MAMU BTP,KIDS,FANTA KID PJG 2XL,27713,4,0,0,27713,110852,110852
Mar-2026,MAMU BTP,KIDS,FANTA KID PJG 2XL,55426,1,0,0,27713,27713,110852
Apr-2026,MAMU BTP,KIDS,FANTA KID PJG 2XL,55426,0,0,0,27713,0,27713
Mei-2026,MAMU BTP,KIDS,FANTA KID PJG 2XL,0,2,0,0,27713,55426,0
Jun-2026,MAMU BTP,KIDS,FANTA KID PJG 2XL,55426,0,0,0,27713,0,55426
Agu-2026,MAMU BTP,KIDS,FANTA KID PJG 2XL,27713,15,0,0,27713,415695,0
Sep-2026,MAMU BTP,KIDS,FANTA KID PJG 2XL,83139,12,0,0,27713,332556,415695
Okt-2026,MAMU BTP,KIDS,FANTA KID PJG 2XL,0,11,0,0,27713,304843,332556
Feb-2026,MAMU BTP,KIDS,HIJAU ARMY KID PDK M,16295,0,0,0,16295,0,0
Mar-2026,MAMU BTP,KIDS,HIJAU ARMY KID PDK M,32590,0,0,0,16295,0,0
Feb-2026,MAMU BTP,KIDS,HIJAU ARMY KID PDK S,36734,0,0,0,18367,0,0
Mar-2026,MAMU BTP,KIDS,HIJAU ARMY KID PDK S,18367,0,0,0,18367,0,0
Jan-2026,MAMU BTP,KIDS,HIJAU ARMY KID PDK XS,15952,3,0,0,15952,47856,0
Feb-2026,MAMU BTP,KIDS,HIJAU ARMY KID PDK XS,15952,2,0,0,15952,31904,47856
Mar-2026,MAMU BTP,KIDS,HIJAU ARMY KID PDK XS,15952,1,0,0,15952,15952,31904
Apr-2026,MAMU BTP,KIDS,HIJAU ARMY KID PDK XS,15952,7,0,0,15952,111664,15952
Mei-2026,MAMU BTP,KIDS,HIJAU ARMY KID PDK XS,31904,5,0,0,15952,79760,111664
Jun-2026,MAMU BTP,KIDS,HIJAU ARMY KID PDK XS,31904,3,0,0,15952,47856,79760
Jul-2026,MAMU BTP,KIDS,HIJAU ARMY KID PDK XS,31904,1,0,0,15952,15952,47856
Agu-2026,MAMU BTP,KIDS,HIJAU ARMY KID PDK XS,0,0,0,0,15952,0,15952
Jan-2026,MAMU BTP,KIDS,HIJAU ARMY KID PJG L,24344,3,0,0,24344,73032,0
Feb-2026,MAMU BTP,KIDS,HIJAU ARMY KID PJG L,73032,1,0,0,24344,24344,73032
Mar-2026,MAMU BTP,KIDS,HIJAU ARMY KID PJG L,73032,0,0,0,24344,0,24344
Jan-2026,MAMU BTP,KIDS,HIJAU ARMY KID PJG M,39516,5,0,0,19758,98790,0
Feb-2026,MAMU BTP,KIDS,HIJAU ARMY KID PJG M,39516,4,0,0,19758,79032,98790
Mar-2026,MAMU BTP,KIDS,HIJAU ARMY KID PJG M,59274,0,0,0,19758,0,79032
Apr-2026,MAMU BTP,KIDS,HIJAU ARMY KID PJG M,39516,8,0,0,19758,158064,0
Mei-2026,MAMU BTP,KIDS,HIJAU ARMY KID PJG M,158064,1,0,0,19758,19758,158064
Jun-2026,MAMU BTP,KIDS,HIJAU ARMY KID PJG M,19758,14,0,0,19758,276612,19758
Jul-2026,MAMU BTP,KIDS,HIJAU ARMY KID PJG M,138306,7,0,0,19758,138306,276612
Agu-2026,MAMU BTP,KIDS,HIJAU ARMY KID PJG M,138306,3,0,0,19758,59274,138306
Sep-2026,MAMU BTP,KIDS,HIJAU ARMY KID PJG M,0,0,0,0,19758,0,59274
Jan-2026,MAMU BTP,KIDS,HIJAU ARMY KID PJG S,0,3,0,0,21708,65124,0
Feb-2026,MAMU BTP,KIDS,HIJAU ARMY KID PJG S,43416,2,0,0,21708,43416,65124
Mar-2026,MAMU BTP,KIDS,HIJAU ARMY KID PJG S,21708,4,0,0,21708,86832,43416
Apr-2026,MAMU BTP,KIDS,HIJAU ARMY KID PJG S,43416,2,0,0,21708,43416,86832
Mei-2026,MAMU BTP,KIDS,HIJAU ARMY KID PJG S,43416,0,0,0,21708,0,43416
Mar-2026,MAMU BTP,KIDS,HIJAU ARMY KID PJG XL,26488,2,0,0,26488,52976,0
Apr-2026,MAMU BTP,KIDS,HIJAU ARMY KID PJG XL,0,3,0,0,26488,79464,52976
Mei-2026,MAMU BTP,KIDS,HIJAU ARMY KID PJG XL,0,3,0,0,26488,79464,79464
Jun-2026,MAMU BTP,KIDS,HIJAU ARMY KID PJG XL,26488,2,0,0,26488,52976,79464
Jul-2026,MAMU BTP,KIDS,HIJAU ARMY KID PJG XL,26488,1,0,0,26488,26488,52976
Agu-2026,MAMU BTP,KIDS,HIJAU ARMY KID PJG XL,0,0,0,0,26488,0,26488
Jan-2026,MAMU BTP,KIDS,HIJAU ARMY KID PJG XS,19803,4,0,0,19803,79212,0
Feb-2026,MAMU BTP,KIDS,HIJAU ARMY KID PJG XS,39606,3,0,0,19803,59409,79212
Mar-2026,MAMU BTP,KIDS,HIJAU ARMY KID PJG XS,39606,0,0,0,19803,0,59409
Mei-2026,MAMU BTP,KIDS,HIJAU ARMY KID PJG XS,39606,0,0,0,19803,0,0
Jun-2026,MAMU BTP,KIDS,HIJAU ARMY KID PJG XS,39606,3,0,0,19803,59409,0
Jul-2026,MAMU BTP,KIDS,HIJAU ARMY KID PJG XS,0,3,0,0,19803,59409,59409
Agu-2026,MAMU BTP,KIDS,HIJAU ARMY KID PJG XS,59409,0,0,0,19803,0,59409
Mar-2026,MAMU BTP,KIDS,HITAM KID PDK 2XL,50409,6,0,0,16803,100818,0
Apr-2026,MAMU BTP,KIDS,HITAM KID PDK 2XL,67212,0,0,0,16803,0,100818
Jan-2026,MAMU BTP,KIDS,HITAM KID PDK XS,102000,1,0,0,17640,17640,0
Feb-2026,MAMU BTP,KIDS,HITAM KID PDK XS,51000,4,0,0,17640,70560,17640
Mar-2026,MAMU BTP,KIDS,HITAM KID PDK XS,68000,12,0,0,17640,211680,70560
Apr-2026,MAMU BTP,KIDS,HITAM KID PDK XS,85000,5,0,0,17640,88200,211680
Mei-2026,MAMU BTP,KIDS,HITAM KID PDK XS,85000,0,0,0,17640,0,88200
Jan-2026,MAMU BTP,KIDS,HITAM KID PJG L,95490,0,0,0,19098,0,0
Feb-2026,MAMU BTP,KIDS,HITAM KID PJG L,95490,11,0,0,19098,210078,0
Mar-2026,MAMU BTP,KIDS,HITAM KID PJG L,190980,0,0,0,19098,0,210078
Jun-2026,MAMU BTP,KIDS,HITAM KID PJG L,171882,0,0,0,19098,0,0
Jul-2026,MAMU BTP,KIDS,HITAM KID PJG L,38122,0,0,0,19098,0,0
Agu-2026,MAMU BTP,KIDS,HITAM KID PJG L,209671,7,0,0,19098,133686,0
Sep-2026,MAMU BTP,KIDS,HITAM KID PJG L,19061,16,0,0,19098,305568,133686
Okt-2026,MAMU BTP,KIDS,HITAM KID PJG L,19061,15,0,0,19098,286470,305568
Jan-2026,MAMU BTP,KIDS,HITAM KID PJG M,19132,0,0,0,19132,0,0
Feb-2026,MAMU BTP,KIDS,HITAM KID PJG M,38264,13,0,0,19132,248716,0
Mar-2026,MAMU BTP,KIDS,HITAM KID PJG M,248716,0,0,0,19132,0,248716
Jun-2026,MAMU BTP,KIDS,HITAM KID PJG M,95660,0,0,0,19132,0,0
Agu-2026,MAMU BTP,KIDS,HITAM KID PJG M,114792,10,0,0,19132,191320,0
Sep-2026,MAMU BTP,KIDS,HITAM KID PJG M,76528,5,0,0,19132,95660,191320
Okt-2026,MAMU BTP,KIDS,HITAM KID PJG M,19132,4,0,0,19132,76528,95660
Jan-2026,MAMU BTP,KIDS,HITAM KID PJG S,56412,1,0,0,18804,18804,0
Feb-2026,MAMU BTP,KIDS,HITAM KID PJG S,56412,14,0,0,18804,263256,18804
Mar-2026,MAMU BTP,KIDS,HITAM KID PJG S,225648,1,0,0,18804,18804,263256
Apr-2026,MAMU BTP,KIDS,HITAM KID PJG S,18804,0,0,0,18804,0,18804
Feb-2026,MAMU BTP,KIDS,HITAM KID PJG XL,171423,9,0,0,19047,171423,0
Mar-2026,MAMU BTP,KIDS,HITAM KID PJG XL,114282,0,0,0,19047,0,171423
Jun-2026,MAMU BTP,KIDS,HITAM KID PJG XL,95235,0,0,0,19047,0,0
Jan-2026,MAMU BTP,KIDS,HITAM KID PJG XS,52809,1,0,0,24767,24767,0
Feb-2026,MAMU BTP,KIDS,HITAM KID PJG XS,52809,13,0,0,24767,321971,24767
Mar-2026,MAMU BTP,KIDS,HITAM KID PJG XS,176030,2,0,0,24767,49534,321971
Apr-2026,MAMU BTP,KIDS,HITAM KID PJG XS,0,2,0,0,24767,49534,49534
Mei-2026,MAMU BTP,KIDS,HITAM KID PJG XS,35206,1,0,0,24767,24767,49534
Jun-2026,MAMU BTP,KIDS,HITAM KID PJG XS,0,0,0,0,24767,0,24767
Mei-2026,MAMU BTP,KIDS,KUNING KNR KID PDK 2XL,33074,0,0,0,16537,0,0
Apr-2026,MAMU BTP,KIDS,KUNING KNR KID PDK XS,0,6,0,0,17107,102642,0
Mei-2026,MAMU BTP,KIDS,KUNING KNR KID PDK XS,34214,5,0,0,17107,85535,102642
Jun-2026,MAMU BTP,KIDS,KUNING KNR KID PDK XS,34214,2,0,0,17107,34214,85535
Jul-2026,MAMU BTP,KIDS,KUNING KNR KID PDK XS,34214,1,0,0,17107,17107,34214
Agu-2026,MAMU BTP,KIDS,KUNING KNR KID PDK XS,0,0,0,0,17107,0,17107
Jun-2026,MAMU BTP,KIDS,KUNING KNR KID PJG S,0,3,0,0,18692,56076,0
Jul-2026,MAMU BTP,KIDS,KUNING KNR KID PJG S,0,3,0,0,18692,56076,56076
Agu-2026,MAMU BTP,KIDS,KUNING KNR KID PJG S,0,3,0,0,18692,56076,56076
Sep-2026,MAMU BTP,KIDS,KUNING KNR KID PJG S,18692,2,0,0,18692,37384,56076
Okt-2026,MAMU BTP,KIDS,KUNING KNR KID PJG S,0,2,0,0,18692,37384,37384
Jul-2026,MAMU BTP,KIDS,KUNING KNR KID PJG XS,0,5,0,0,18318,91590,0
Agu-2026,MAMU BTP,KIDS,KUNING KNR KID PJG XS,18318,4,0,0,18318,73272,91590
Sep-2026,MAMU BTP,KIDS,KUNING KNR KID PJG XS,18318,3,0,0,18318,54954,73272
Okt-2026,MAMU BTP,KIDS,KUNING KNR KID PJG XS,0,3,0,0,18318,54954,54954
Feb-2026,MAMU BTP,KIDS,MAROON KID PDK S,16282,0,0,0,16282,0,0
Mar-2026,MAMU BTP,KIDS,MAROON KID PDK XS,89325,16,0,0,18201,291216,0
Apr-2026,MAMU BTP,KIDS,MAROON KID PDK XS,107190,8,0,0,18201,145608,291216
Mei-2026,MAMU BTP,KIDS,MAROON KID PDK XS,53595,5,0,0,18201,91005,145608
Jun-2026,MAMU BTP,KIDS,MAROON KID PDK XS,71460,1,0,0,18201,18201,91005
Jul-2026,MAMU BTP,KIDS,MAROON KID PDK XS,17865,1,0,0,18201,18201,18201
Agu-2026,MAMU BTP,KIDS,MAROON KID PDK XS,0,0,0,0,18201,0,18201
Jan-2026,MAMU BTP,KIDS,MAROON KID PJG L,20390,8,0,0,20390,163120,0
Feb-2026,MAMU BTP,KIDS,MAROON KID PJG L,20390,8,0,0,20390,163120,163120
Mar-2026,MAMU BTP,KIDS,MAROON KID PJG L,183510,1,0,0,20390,20390,163120
Apr-2026,MAMU BTP,KIDS,MAROON KID PJG L,40780,0,0,0,20390,0,20390
Jul-2026,MAMU BTP,KIDS,MAROON KID PJG L,81480,5,0,0,20390,101950,0
Agu-2026,MAMU BTP,KIDS,MAROON KID PJG L,20370,0,0,0,20390,0,101950
Sep-2026,MAMU BTP,KIDS,MAROON KID PJG L,40740,8,0,0,20390,163120,0
Okt-2026,MAMU BTP,KIDS,MAROON KID PJG L,20370,7,0,0,20390,142730,163120
Jan-2026,MAMU BTP,KIDS,MAROON KID PJG S,60168,3,0,0,20056,60168,0
Feb-2026,MAMU BTP,KIDS,MAROON KID PJG S,40112,3,0,0,20056,60168,60168
Mar-2026,MAMU BTP,KIDS,MAROON KID PJG S,20056,0,0,0,20056,0,60168
Jul-2026,MAMU BTP,KIDS,MAROON KID PJG S,40112,0,0,0,20056,0,0
Agu-2026,MAMU BTP,KIDS,MAROON KID PJG S,140392,1,0,0,20056,20056,0
Sep-2026,MAMU BTP,KIDS,MAROON KID PJG S,0,1,0,0,20056,20056,20056
Okt-2026,MAMU BTP,KIDS,MAROON KID PJG S,0,1,0,0,20056,20056,20056
Jan-2026,MAMU BTP,KIDS,MAROON KID PJG XS,18770,4,0,0,19645,78580,0
Feb-2026,MAMU BTP,KIDS,MAROON KID PJG XS,0,4,0,0,19645,78580,78580
Mar-2026,MAMU BTP,KIDS,MAROON KID PJG XS,75080,0,0,0,19645,0,78580
Apr-2026,MAMU BTP,KIDS,MAROON KID PJG XS,0,2,0,0,19645,39290,0
Mei-2026,MAMU BTP,KIDS,MAROON KID PJG XS,18770,1,0,0,19645,19645,39290
Jun-2026,MAMU BTP,KIDS,MAROON KID PJG XS,0,1,0,0,19645,19645,19645
Jul-2026,MAMU BTP,KIDS,MAROON KID PJG XS,18770,0,0,0,19645,0,19645
Agu-2026,MAMU BTP,KIDS,MAROON KID PJG XS,75080,13,0,0,19645,255385,0
Sep-2026,MAMU BTP,KIDS,MAROON KID PJG XS,18770,11,0,0,19645,216095,255385
Okt-2026,MAMU BTP,KIDS,MAROON KID PJG XS,18770,10,0,0,19645,196450,216095
Feb-2026,MAMU BTP,KIDS,MERAH CABE KID PDK XS,16019,0,0,0,17836,0,0
Apr-2026,MAMU BTP,KIDS,MERAH CABE KID PDK XS,0,17,0,0,17836,303212,0
Mei-2026,MAMU BTP,KIDS,MERAH CABE KID PDK XS,32038,18,0,0,17836,321048,303212
Jun-2026,MAMU BTP,KIDS,MERAH CABE KID PDK XS,80095,12,0,0,17836,214032,321048
Jul-2026,MAMU BTP,KIDS,MERAH CABE KID PDK XS,192228,6,0,0,17836,107016,214032
Agu-2026,MAMU BTP,KIDS,MERAH CABE KID PDK XS,64076,5,0,0,17836,89180,107016
Sep-2026,MAMU BTP,KIDS,MERAH CABE KID PDK XS,0,3,0,0,17836,53508,89180
Okt-2026,MAMU BTP,KIDS,MERAH CABE KID PDK XS,0,3,0,0,17836,53508,53508
Jul-2026,MAMU BTP,KIDS,MERAH CABE KID PJG S,39376,0,0,0,19688,0,0
Agu-2026,MAMU BTP,KIDS,MERAH CABE KID PJG S,157504,1,0,0,19688,19688,0
Sep-2026,MAMU BTP,KIDS,MERAH CABE KID PJG S,0,0,0,0,19688,0,19688
Apr-2026,MAMU BTP,KIDS,MERAH CABE KID PJG XS,0,4,0,0,19037,76148,0
Mei-2026,MAMU BTP,KIDS,MERAH CABE KID PJG XS,0,5,0,0,19037,95185,76148
Jun-2026,MAMU BTP,KIDS,MERAH CABE KID PJG XS,0,5,0,0,19037,95185,95185
Jul-2026,MAMU BTP,KIDS,MERAH CABE KID PJG XS,76148,2,0,0,19037,38074,95185
Agu-2026,MAMU BTP,KIDS,MERAH CABE KID PJG XS,36005,0,0,0,19037,0,38074
Jan-2026,MAMU BTP,KIDS,MUSTARD KID PDK L,15927,4,0,0,15927,63708,0
Feb-2026,MAMU BTP,KIDS,MUSTARD KID PDK L,79635,0,0,0,15927,0,63708
Jan-2026,MAMU BTP,KIDS,MUSTARD KID PDK M,31858,1,0,0,15929,15929,0
Feb-2026,MAMU BTP,KIDS,MUSTARD KID PDK M,31858,0,0,0,15929,0,15929
Jun-2026,MAMU BTP,KIDS,MUSTARD KID PDK M,0,1,0,0,15929,15929,0
Jul-2026,MAMU BTP,KIDS,MUSTARD KID PDK M,0,1,0,0,15929,15929,15929
Agu-2026,MAMU BTP,KIDS,MUSTARD KID PDK M,0,0,0,0,15929,0,15929
Jan-2026,MAMU BTP,KIDS,MUSTARD KID PDK S,30272,6,0,0,15136,90816,0
Feb-2026,MAMU BTP,KIDS,MUSTARD KID PDK S,75680,3,0,0,15136,45408,90816
Mar-2026,MAMU BTP,KIDS,MUSTARD KID PDK S,136224,12,0,0,15136,181632,45408
Apr-2026,MAMU BTP,KIDS,MUSTARD KID PDK S,105952,25,0,0,15136,378400,181632
Mei-2026,MAMU BTP,KIDS,MUSTARD KID PDK S,105952,19,0,0,15136,287584,378400
Jun-2026,MAMU BTP,KIDS,MUSTARD KID PDK S,121088,9,0,0,15136,136224,287584
Jul-2026,MAMU BTP,KIDS,MUSTARD KID PDK S,105952,2,0,0,15136,30272,136224
Agu-2026,MAMU BTP,KIDS,MUSTARD KID PDK S,0,0,0,0,15136,0,30272
Apr-2026,MAMU BTP,KIDS,MUSTARD KID PDK XS,15736,4,0,0,18983,75932,0
Mei-2026,MAMU BTP,KIDS,MUSTARD KID PDK XS,31472,2,0,0,18983,37966,75932
Jun-2026,MAMU BTP,KIDS,MUSTARD KID PDK XS,31472,0,0,0,18983,0,37966
Jan-2026,MAMU BTP,KIDS,MUSTARD KID PJG S,0,2,0,0,18959,37918,0
Feb-2026,MAMU BTP,KIDS,MUSTARD KID PJG S,18959,1,0,0,18959,18959,37918
Mar-2026,MAMU BTP,KIDS,MUSTARD KID PJG S,18959,0,0,0,18959,0,18959
Mei-2026,MAMU BTP,KIDS,MUSTARD KID PJG XS,0,2,0,0,19054,38108,0
Jun-2026,MAMU BTP,KIDS,MUSTARD KID PJG XS,38108,0,0,0,19054,0,38108
Jul-2026,MAMU BTP,KIDS,MUSTARD KID PJG XS,19054,5,0,0,19054,95270,0
Agu-2026,MAMU BTP,KIDS,MUSTARD KID PJG XS,38108,2,0,0,19054,38108,95270
Sep-2026,MAMU BTP,KIDS,MUSTARD KID PJG XS,19054,1,0,0,19054,19054,38108
Okt-2026,MAMU BTP,KIDS,MUSTARD KID PJG XS,0,1,0,0,19054,19054,19054
Jan-2026,MAMU BTP,KIDS,NAVY KID PDK M,0,1,0,0,18725,18725,0
Feb-2026,MAMU BTP,KIDS,NAVY KID PDK M,0,1,0,0,18725,18725,18725
Mar-2026,MAMU BTP,KIDS,NAVY KID PDK M,0,1,0,0,11889,11889,18725
Apr-2026,MAMU BTP,KIDS,NAVY KID PDK M,0,1,0,0,11889,11889,11889
Mei-2026,MAMU BTP,KIDS,NAVY KID PDK M,0,1,0,0,11889,11889,11889
Jun-2026,MAMU BTP,KIDS,NAVY KID PDK M,0,1,0,0,11889,11889,11889
Jul-2026,MAMU BTP,KIDS,NAVY KID PDK M,0,1,0,0,11889,11889,11889
Agu-2026,MAMU BTP,KIDS,NAVY KID PDK M,0,0,0,0,11889,0,11889
Jan-2026,MAMU BTP,KIDS,NAVY KID PDK S,69216,2,0,0,19343,38686,0
Feb-2026,MAMU BTP,KIDS,NAVY KID PDK S,17304,0,0,0,19343,0,38686
Mar-2026,MAMU BTP,KIDS,NAVY KID PDK S,17304,3,0,0,19343,58029,0
Apr-2026,MAMU BTP,KIDS,NAVY KID PDK S,51912,0,0,0,19343,0,58029
Jan-2026,MAMU BTP,KIDS,NAVY KID PDK XS,51852,1,0,0,22659,22659,0
Feb-2026,MAMU BTP,KIDS,NAVY KID PDK XS,34568,0,0,0,22659,0,22659
Mar-2026,MAMU BTP,KIDS,NAVY KID PDK XS,86420,7,0,0,22659,158613,0
Apr-2026,MAMU BTP,KIDS,NAVY KID PDK XS,69136,1,0,0,22659,22659,158613
Mei-2026,MAMU BTP,KIDS,NAVY KID PDK XS,17284,0,0,0,22659,0,22659
Jun-2026,MAMU BTP,KIDS,NAVY KID PDK XS,34212,3,0,0,22659,67977,0
Jul-2026,MAMU BTP,KIDS,NAVY KID PDK XS,51318,0,0,0,22659,0,67977
Jan-2026,MAMU BTP,KIDS,NAVY KID PJG L,18981,0,0,0,18981,0,0
Feb-2026,MAMU BTP,KIDS,NAVY KID PJG L,37962,0,0,0,18981,0,0
Mar-2026,MAMU BTP,KIDS,NAVY KID PJG L,18981,0,0,0,18981,0,0
Jun-2026,MAMU BTP,KIDS,NAVY KID PJG L,94905,0,0,0,18981,0,0
Jul-2026,MAMU BTP,KIDS,NAVY KID PJG L,18981,5,0,0,18981,94905,0
Agu-2026,MAMU BTP,KIDS,NAVY KID PJG L,113886,15,0,0,18981,284715,94905
Sep-2026,MAMU BTP,KIDS,NAVY KID PJG L,151848,20,0,0,18981,379620,284715
Okt-2026,MAMU BTP,KIDS,NAVY KID PJG L,18981,19,0,0,18981,360639,379620
Jan-2026,MAMU BTP,KIDS,NAVY KID PJG M,56727,0,0,0,18909,0,0
Jun-2026,MAMU BTP,KIDS,NAVY KID PJG M,56727,0,0,0,18909,0,0
Agu-2026,MAMU BTP,KIDS,NAVY KID PJG M,94545,1,0,0,18909,18909,0
Sep-2026,MAMU BTP,KIDS,NAVY KID PJG M,0,0,0,0,18909,0,18909
Jan-2026,MAMU BTP,KIDS,NAVY KID PJG S,19107,4,0,0,19107,76428,0
Feb-2026,MAMU BTP,KIDS,NAVY KID PJG S,76428,0,0,0,19107,0,76428
Jun-2026,MAMU BTP,KIDS,NAVY KID PJG S,57321,4,0,0,19107,76428,0
Jul-2026,MAMU BTP,KIDS,NAVY KID PJG S,76428,1,0,0,19107,19107,76428
Agu-2026,MAMU BTP,KIDS,NAVY KID PJG S,76428,2,0,0,19107,38214,19107
Sep-2026,MAMU BTP,KIDS,NAVY KID PJG S,19107,0,0,0,19107,0,38214
Jan-2026,MAMU BTP,KIDS,NAVY KID PJG XS,18682,0,0,0,18682,0,0
Jan-2026,MAMU BTP,KIDS,ORANGE BT KID PDK M,32352,0,0,0,16176,0,0
Mar-2026,MAMU BTP,KIDS,ORANGE BT KID PDK M,80880,0,0,0,16176,0,0
Jan-2026,MAMU BTP,KIDS,ORANGE BT KID PDK S,0,1,0,0,15316,15316,0
Feb-2026,MAMU BTP,KIDS,ORANGE BT KID PDK S,15316,0,0,0,15316,0,15316
Mar-2026,MAMU BTP,KIDS,ORANGE BT KID PDK S,0,1,0,0,15316,15316,0
Apr-2026,MAMU BTP,KIDS,ORANGE BT KID PDK S,15316,0,0,0,15316,0,15316
Jan-2026,MAMU BTP,KIDS,ORANGE BT KID PJG S,38970,2,0,0,19485,38970,0
Feb-2026,MAMU BTP,KIDS,ORANGE BT KID PJG S,38970,0,0,0,19485,0,38970
Jan-2026,MAMU BTP,KIDS,ORANGE BT KID PJG XS,38266,0,0,0,19133,0,0
Agu-2026,MAMU BTP,KIDS,ORANGE BT KID PJG XS,114798,6,0,0,19133,114798,0
Sep-2026,MAMU BTP,KIDS,ORANGE BT KID PJG XS,19133,3,0,0,19133,57399,114798
Okt-2026,MAMU BTP,KIDS,ORANGE BT KID PJG XS,19133,2,0,0,19133,38266,57399
Feb-2026,MAMU BTP,KIDS,ORANGE KID PDK L,16032,0,0,0,16032,0,0
Mar-2026,MAMU BTP,KIDS,ORANGE KID PDK L,16032,0,0,0,16032,0,0
Jan-2026,MAMU BTP,KIDS,ORANGE KID PDK S,0,4,0,0,16019,64076,0
Feb-2026,MAMU BTP,KIDS,ORANGE KID PDK S,0,4,0,0,16019,64076,64076
Mar-2026,MAMU BTP,KIDS,ORANGE KID PDK S,16019,6,0,0,16019,96114,64076
Apr-2026,MAMU BTP,KIDS,ORANGE KID PDK S,16019,4,0,0,16019,64076,96114
Mei-2026,MAMU BTP,KIDS,ORANGE KID PDK S,32038,2,0,0,16019,32038,64076
Jun-2026,MAMU BTP,KIDS,ORANGE KID PDK S,16019,1,0,0,16019,16019,32038
Jul-2026,MAMU BTP,KIDS,ORANGE KID PDK S,0,1,0,0,16019,16019,16019
Agu-2026,MAMU BTP,KIDS,ORANGE KID PDK S,0,0,0,0,16019,0,16019
Jan-2026,MAMU BTP,KIDS,ORANGE KID PDK XS,16028,2,0,0,16028,32056,0
Feb-2026,MAMU BTP,KIDS,ORANGE KID PDK XS,0,2,0,0,16028,32056,32056
Mar-2026,MAMU BTP,KIDS,ORANGE KID PDK XS,0,2,0,0,16028,32056,32056
Apr-2026,MAMU BTP,KIDS,ORANGE KID PDK XS,0,1,0,0,16028,16028,32056
Mei-2026,MAMU BTP,KIDS,ORANGE KID PDK XS,16028,0,0,0,16028,0,16028
Jan-2026,MAMU BTP,KIDS,ORANGE KID PJG L,0,4,0,0,19693,78772,0
Feb-2026,MAMU BTP,KIDS,ORANGE KID PJG L,19693,3,0,0,19693,59079,78772
Mar-2026,MAMU BTP,KIDS,ORANGE KID PJG L,0,3,0,0,19693,59079,59079
Apr-2026,MAMU BTP,KIDS,ORANGE KID PJG L,19693,3,0,0,19693,59079,59079
Mei-2026,MAMU BTP,KIDS,ORANGE KID PJG L,0,2,0,0,19693,39386,59079
Jun-2026,MAMU BTP,KIDS,ORANGE KID PJG L,19693,1,0,0,19693,19693,39386
Jul-2026,MAMU BTP,KIDS,ORANGE KID PJG L,19693,0,0,0,19693,0,19693
Agu-2026,MAMU BTP,KIDS,ORANGE KID PJG L,19693,0,0,0,19693,0,0
Sep-2026,MAMU BTP,KIDS,ORANGE KID PJG L,0,14,0,0,19693,275702,0
Okt-2026,MAMU BTP,KIDS,ORANGE KID PJG L,0,14,0,0,19693,275702,275702
Jan-2026,MAMU BTP,KIDS,ORANGE KID PJG S,0,3,0,0,19588,58764,0
Feb-2026,MAMU BTP,KIDS,ORANGE KID PJG S,0,3,0,0,19588,58764,58764
Mar-2026,MAMU BTP,KIDS,ORANGE KID PJG S,19588,2,0,0,19588,39176,58764
Apr-2026,MAMU BTP,KIDS,ORANGE KID PJG S,39176,0,0,0,19588,0,39176
Jul-2026,MAMU BTP,KIDS,ORANGE KID PJG S,0,2,0,0,19588,39176,0
Agu-2026,MAMU BTP,KIDS,ORANGE KID PJG S,19588,11,0,0,19588,215468,39176
Sep-2026,MAMU BTP,KIDS,ORANGE KID PJG S,39176,9,0,0,19588,176292,215468
Okt-2026,MAMU BTP,KIDS,ORANGE KID PJG S,0,9,0,0,19588,176292,176292
Agu-2026,MAMU BTP,KIDS,ORANGE KID PJG XS,0,2,0,0,19357,38714,0
Sep-2026,MAMU BTP,KIDS,ORANGE KID PJG XS,0,2,0,0,19357,38714,38714
Okt-2026,MAMU BTP,KIDS,ORANGE KID PJG XS,0,2,0,0,19357,38714,38714
Jan-2026,MAMU BTP,KIDS,PINK SOFT KID PJG L,18945,5,0,0,18945,94725,0
Feb-2026,MAMU BTP,KIDS,PINK SOFT KID PJG L,113670,2,0,0,18945,37890,94725
Mar-2026,MAMU BTP,KIDS,PINK SOFT KID PJG L,75780,4,0,0,18945,75780,37890
Apr-2026,MAMU BTP,KIDS,PINK SOFT KID PJG L,75780,0,0,0,18945,0,75780
Jun-2026,MAMU BTP,KIDS,PINK SOFT KID PJG L,94725,0,0,0,18945,0,0
Jul-2026,MAMU BTP,KIDS,PINK SOFT KID PJG L,37890,4,0,0,18945,75780,0
Agu-2026,MAMU BTP,KIDS,PINK SOFT KID PJG L,75780,0,0,0,18945,0,75780
Jan-2026,MAMU BTP,KIDS,PINK SOFT KID PJG XL,37528,0,0,0,18764,0,0
Mar-2026,MAMU BTP,KIDS,PINK SOFT KID PJG XL,0,1,0,0,18764,18764,0
Apr-2026,MAMU BTP,KIDS,PINK SOFT KID PJG XL,0,1,0,0,18764,18764,18764
Mei-2026,MAMU BTP,KIDS,PINK SOFT KID PJG XL,0,1,0,0,18764,18764,18764
Jun-2026,MAMU BTP,KIDS,PINK SOFT KID PJG XL,18764,0,0,0,18764,0,18764
Jan-2026,MAMU BTP,KIDS,PUTIH KID PDK M,62176,3,0,0,15544,46632,0
Feb-2026,MAMU BTP,KIDS,PUTIH KID PDK M,46632,0,0,0,15544,0,46632
Mar-2026,MAMU BTP,KIDS,PUTIH KID PDK M,0,7,0,0,15544,108808,0
Apr-2026,MAMU BTP,KIDS,PUTIH KID PDK M,77720,2,0,0,15544,31088,108808
Mei-2026,MAMU BTP,KIDS,PUTIH KID PDK M,0,1,0,0,15544,15544,31088
Jun-2026,MAMU BTP,KIDS,PUTIH KID PDK M,31088,16,0,0,15544,248704,15544
Jul-2026,MAMU BTP,KIDS,PUTIH KID PDK M,186528,4,0,0,15544,62176,248704
Agu-2026,MAMU BTP,KIDS,PUTIH KID PDK M,0,0,0,0,15544,0,62176
Jan-2026,MAMU BTP,KIDS,PUTIH KID PDK S,15707,10,0,0,15707,157070,0
Feb-2026,MAMU BTP,KIDS,PUTIH KID PDK S,47121,10,0,0,15707,157070,157070
Mar-2026,MAMU BTP,KIDS,PUTIH KID PDK S,109949,14,0,0,15707,219898,157070
Apr-2026,MAMU BTP,KIDS,PUTIH KID PDK S,15707,13,0,0,15707,204191,219898
Mei-2026,MAMU BTP,KIDS,PUTIH KID PDK S,78535,10,0,0,15707,157070,204191
Jun-2026,MAMU BTP,KIDS,PUTIH KID PDK S,31414,6,0,0,15707,94242,157070
Jul-2026,MAMU BTP,KIDS,PUTIH KID PDK S,78535,1,0,0,15707,15707,94242
Agu-2026,MAMU BTP,KIDS,PUTIH KID PDK S,0,0,0,0,15707,0,15707
Jan-2026,MAMU BTP,KIDS,PUTIH KID PDK XL,29872,1,0,0,14936,14936,0
Feb-2026,MAMU BTP,KIDS,PUTIH KID PDK XL,14936,1,0,0,14936,14936,14936
Mar-2026,MAMU BTP,KIDS,PUTIH KID PDK XL,14936,0,0,0,14936,0,14936
Jan-2026,MAMU BTP,KIDS,PUTIH KID PDK XS,29872,0,0,0,31000,0,0
Jan-2026,MAMU BTP,KIDS,PUTIH KID PJG L,18413,0,0,0,18413,0,0
Apr-2026,MAMU BTP,KIDS,PUTIH KID PJG L,18413,3,0,0,18413,55239,0
Mei-2026,MAMU BTP,KIDS,PUTIH KID PJG L,36826,0,0,0,18413,0,55239
Jan-2026,MAMU BTP,KIDS,PUTIH KID PJG M,18157,0,0,0,18157,0,0
Jun-2026,MAMU BTP,KIDS,PUTIH KID PJG M,0,1,0,0,18157,18157,0
Jul-2026,MAMU BTP,KIDS,PUTIH KID PJG M,18157,0,0,0,18157,0,18157
Agu-2026,MAMU BTP,KIDS,PUTIH KID PJG M,90785,0,0,0,18157,0,0
Jun-2026,MAMU BTP,KIDS,PUTIH KID PJG S,0,8,0,0,18326,146608,0
Jul-2026,MAMU BTP,KIDS,PUTIH KID PJG S,54978,7,0,0,18326,128282,146608
Agu-2026,MAMU BTP,KIDS,PUTIH KID PJG S,91630,0,0,0,18326,0,128282
Jan-2026,MAMU BTP,KIDS,PUTIH KID PJG XS,0,3,0,0,15594,46782,0
Feb-2026,MAMU BTP,KIDS,PUTIH KID PJG XS,15594,3,0,0,15594,46782,46782
Mar-2026,MAMU BTP,KIDS,PUTIH KID PJG XS,31188,0,0,0,15594,0,46782
Agu-2026,MAMU BTP,KIDS,PUTIH KID PJG XS,31188,4,0,0,15594,62376,0
Sep-2026,MAMU BTP,KIDS,PUTIH KID PJG XS,0,3,0,0,15594,46782,62376
Okt-2026,MAMU BTP,KIDS,PUTIH KID PJG XS,0,3,0,0,15594,46782,46782
Jan-2026,MAMU BTP,KIDS,SAGE GREEN KID PJG L,0,3,0,0,19378,58134,0
Feb-2026,MAMU BTP,KIDS,SAGE GREEN KID PJG L,0,3,0,0,19378,58134,58134
Mar-2026,MAMU BTP,KIDS,SAGE GREEN KID PJG L,174402,0,0,0,19378,0,58134
Apr-2026,MAMU BTP,KIDS,SAGE GREEN KID PJG L,38756,4,0,0,19378,77512,0
Mei-2026,MAMU BTP,KIDS,SAGE GREEN KID PJG L,58134,0,0,0,19378,0,77512
Jul-2026,MAMU BTP,KIDS,SAGE GREEN KID PJG L,38756,4,0,0,19378,77512,0
Agu-2026,MAMU BTP,KIDS,SAGE GREEN KID PJG L,310048,4,0,0,19378,77512,77512
Sep-2026,MAMU BTP,KIDS,SAGE GREEN KID PJG L,0,0,0,0,19378,0,77512
Mar-2026,MAMU BTP,KIDS,SAGE GREEN KID PJG M,38842,0,0,0,19421,0,0
Apr-2026,MAMU BTP,KIDS,SAGE GREEN KID PJG M,77684,2,0,0,19421,38842,0
Mei-2026,MAMU BTP,KIDS,SAGE GREEN KID PJG M,19421,0,0,0,19421,0,38842
Mar-2026,MAMU BTP,KIDS,SAGE GREEN KID PJG S,38958,0,0,0,19479,0,0
Apr-2026,MAMU BTP,KIDS,SAGE GREEN KID PJG S,19479,3,0,0,19479,58437,0
Mei-2026,MAMU BTP,KIDS,SAGE GREEN KID PJG S,38958,1,0,0,19479,19479,58437
Jun-2026,MAMU BTP,KIDS,SAGE GREEN KID PJG S,19479,0,0,0,19479,0,19479
Apr-2026,MAMU BTP,KIDS,SAGE GREEN KID PJG XS,0,10,0,0,17990,179900,0
Mei-2026,MAMU BTP,KIDS,SAGE GREEN KID PJG XS,125930,4,0,0,17990,71960,179900
Jun-2026,MAMU BTP,KIDS,SAGE GREEN KID PJG XS,17990,2,0,0,17990,35980,71960
Jul-2026,MAMU BTP,KIDS,SAGE GREEN KID PJG XS,17990,1,0,0,17990,17990,35980
Agu-2026,MAMU BTP,KIDS,SAGE GREEN KID PJG XS,0,0,0,0,17990,0,17990
Jan-2026,MAMU BTP,KIDS,TOSCA KID PDK 2XL,0,7,0,0,16281,113967,0
Feb-2026,MAMU BTP,KIDS,TOSCA KID PDK 2XL,65124,4,0,0,16281,65124,113967
Mar-2026,MAMU BTP,KIDS,TOSCA KID PDK 2XL,32562,4,0,0,16281,65124,65124
Apr-2026,MAMU BTP,KIDS,TOSCA KID PDK 2XL,16281,2,0,0,16281,32562,65124
Mei-2026,MAMU BTP,KIDS,TOSCA KID PDK 2XL,0,2,0,0,16281,32562,32562
Jun-2026,MAMU BTP,KIDS,TOSCA KID PDK 2XL,0,2,0,0,16281,32562,32562
Jul-2026,MAMU BTP,KIDS,TOSCA KID PDK 2XL,16281,1,0,0,16281,16281,32562
Agu-2026,MAMU BTP,KIDS,TOSCA KID PDK 2XL,0,0,0,0,16281,0,16281
Jan-2026,MAMU BTP,KIDS,TOSCA KID PDK XS,31376,6,0,0,17740,106440,0
Feb-2026,MAMU BTP,KIDS,TOSCA KID PDK XS,15688,5,0,0,17740,88700,106440
Mar-2026,MAMU BTP,KIDS,TOSCA KID PDK XS,109816,16,0,0,17740,283840,88700
Apr-2026,MAMU BTP,KIDS,TOSCA KID PDK XS,31376,13,0,0,17740,230620,283840
Mei-2026,MAMU BTP,KIDS,TOSCA KID PDK XS,31376,11,0,0,17740,195140,230620
Jun-2026,MAMU BTP,KIDS,TOSCA KID PDK XS,0,11,0,0,17740,195140,195140
Jul-2026,MAMU BTP,KIDS,TOSCA KID PDK XS,94128,12,0,0,17740,212880,195140
Agu-2026,MAMU BTP,KIDS,TOSCA KID PDK XS,31376,8,0,0,17740,141920,212880
Sep-2026,MAMU BTP,KIDS,TOSCA KID PDK XS,0,8,0,0,17740,141920,141920
Okt-2026,MAMU BTP,KIDS,TOSCA KID PDK XS,15688,7,0,0,17740,124180,141920
Jul-2026,MAMU BTP,KIDS,TOSCA KID PJG XS,18912,0,0,0,18912,0,0
Agu-2026,MAMU BTP,KIDS,TOSCA KID PJG XS,0,9,0,0,18912,170208,0
Sep-2026,MAMU BTP,KIDS,TOSCA KID PJG XS,0,9,0,0,18912,170208,170208
Okt-2026,MAMU BTP,KIDS,TOSCA KID PJG XS,0,9,0,0,18912,170208,170208
Jan-2026,MAMU BTP,KIDS,TURKIS KID PDK XS,15689,15,0,0,17759,266385,0
Feb-2026,MAMU BTP,KIDS,TURKIS KID PDK XS,15689,14,0,0,17759,248626,266385
Mar-2026,MAMU BTP,KIDS,TURKIS KID PDK XS,109823,27,0,0,17759,479493,248626
Apr-2026,MAMU BTP,KIDS,TURKIS KID PDK XS,0,32,0,0,17759,568288,479493
Mei-2026,MAMU BTP,KIDS,TURKIS KID PDK XS,31378,31,0,0,17759,550529,568288
Jun-2026,MAMU BTP,KIDS,TURKIS KID PDK XS,62756,26,0,0,17759,461734,550529
Jul-2026,MAMU BTP,KIDS,TURKIS KID PDK XS,31378,25,0,0,17759,443975,461734
Agu-2026,MAMU BTP,KIDS,TURKIS KID PDK XS,60794,23,0,0,17759,408457,443975
Sep-2026,MAMU BTP,KIDS,TURKIS KID PDK XS,15035,20,0,0,17759,355180,408457
Okt-2026,MAMU BTP,KIDS,TURKIS KID PDK XS,15035,19,0,0,17759,337421,355180
Jan-2026,MAMU BTP,KIDS,TURKIS KID PJG S,0,5,0,0,18716,93580,0
Feb-2026,MAMU BTP,KIDS,TURKIS KID PJG S,0,5,0,0,18716,93580,93580
Mar-2026,MAMU BTP,KIDS,TURKIS KID PJG S,37432,3,0,0,18716,56148,93580
Apr-2026,MAMU BTP,KIDS,TURKIS KID PJG S,18716,3,0,0,18716,56148,56148
Mei-2026,MAMU BTP,KIDS,TURKIS KID PJG S,0,2,0,0,18716,37432,56148
Jun-2026,MAMU BTP,KIDS,TURKIS KID PJG S,0,2,0,0,18716,37432,37432
Jul-2026,MAMU BTP,KIDS,TURKIS KID PJG S,0,2,0,0,18716,37432,37432
Agu-2026,MAMU BTP,KIDS,TURKIS KID PJG S,18716,0,0,0,18716,0,37432
Jan-2026,MAMU BTP,KIDS,TURKIS KID PJG XS,0,7,0,0,19095,133665,0
Feb-2026,MAMU BTP,KIDS,TURKIS KID PJG XS,0,7,0,0,19095,133665,133665
Mar-2026,MAMU BTP,KIDS,TURKIS KID PJG XS,0,7,0,0,19095,133665,133665
Apr-2026,MAMU BTP,KIDS,TURKIS KID PJG XS,0,7,0,0,19095,133665,133665
Mei-2026,MAMU BTP,KIDS,TURKIS KID PJG XS,0,7,0,0,19095,133665,133665
Jun-2026,MAMU BTP,KIDS,TURKIS KID PJG XS,0,7,0,0,19095,133665,133665
Jul-2026,MAMU BTP,KIDS,TURKIS KID PJG XS,0,7,0,0,19095,133665,133665
Agu-2026,MAMU BTP,KIDS,TURKIS KID PJG XS,0,6,0,0,19095,114570,133665
Sep-2026,MAMU BTP,KIDS,TURKIS KID PJG XS,0,6,0,0,19095,114570,114570
Okt-2026,MAMU BTP,KIDS,TURKIS KID PJG XS,0,6,0,0,19095,114570,114570
Mei-2026,MAMU GOWA,KIDS,ABU TUA KID PJG S,0,2,0,0,20442,40884,0
Jun-2026,MAMU GOWA,KIDS,ABU TUA KID PJG S,19202,1,0,0,20442,20442,40884
Jul-2026,MAMU GOWA,KIDS,ABU TUA KID PJG S,19202,0,0,0,20442,0,20442
Mei-2026,MAMU GOWA,KIDS,BENHUR KID PJG S,0,2,0,0,19234,38468,0
Jun-2026,MAMU GOWA,KIDS,BENHUR KID PJG S,40036,0,0,0,19234,0,38468
Mei-2026,MAMU GOWA,KIDS,BENHUR KID PJG XS,0,2,0,0,18648,37296,0
Jun-2026,MAMU GOWA,KIDS,BENHUR KID PJG XS,0,2,0,0,18648,37296,37296
Jul-2026,MAMU GOWA,KIDS,BENHUR KID PJG XS,0,2,0,0,18648,37296,37296
Agu-2026,MAMU GOWA,KIDS,BENHUR KID PJG XS,41054,0,0,0,18648,0,37296
Mei-2026,MAMU GOWA,KIDS,HIJAU ARMY KID PJG L,0,2,0,0,24344,48688,0
Jun-2026,MAMU GOWA,KIDS,HIJAU ARMY KID PJG L,23477,1,0,0,24344,24344,48688
Jul-2026,MAMU GOWA,KIDS,HIJAU ARMY KID PJG L,23477,0,0,0,24344,0,24344
Mei-2026,MAMU GOWA,KIDS,HIJAU ARMY KID PJG M,0,2,0,0,19758,39516,0
Jun-2026,MAMU GOWA,KIDS,HIJAU ARMY KID PJG M,19738,1,0,0,19758,19758,39516
Jul-2026,MAMU GOWA,KIDS,HIJAU ARMY KID PJG M,19738,0,0,0,19758,0,19758
Mei-2026,MAMU GOWA,KIDS,HIJAU ARMY KID PJG S,0,2,0,0,21708,43416,0
Jun-2026,MAMU GOWA,KIDS,HIJAU ARMY KID PJG S,0,2,0,0,21708,43416,43416
Jul-2026,MAMU GOWA,KIDS,HIJAU ARMY KID PJG S,43102,2,0,0,21708,43416,43416
Agu-2026,MAMU GOWA,KIDS,HIJAU ARMY KID PJG S,0,0,0,0,21708,0,43416
Mei-2026,MAMU GOWA,KIDS,HIJAU ARMY KID PJG XS,19672,1,0,0,19803,19803,0
Jun-2026,MAMU GOWA,KIDS,HIJAU ARMY KID PJG XS,0,1,0,0,19803,19803,19803
Jul-2026,MAMU GOWA,KIDS,HIJAU ARMY KID PJG XS,19672,0,0,0,19803,0,19803
Mei-2026,MAMU GOWA,KIDS,HITAM KID PJG L,0,2,0,0,19098,38196,0
Jun-2026,MAMU GOWA,KIDS,HITAM KID PJG L,19098,1,0,0,19098,19098,38196
Jul-2026,MAMU GOWA,KIDS,HITAM KID PJG L,19098,0,0,0,19098,0,19098
Mei-2026,MAMU GOWA,KIDS,HITAM KID PJG M,0,2,0,0,19132,38264,0
Jun-2026,MAMU GOWA,KIDS,HITAM KID PJG M,19132,1,0,0,19132,19132,38264
Jul-2026,MAMU GOWA,KIDS,HITAM KID PJG M,19132,0,0,0,19132,0,19132
Mei-2026,MAMU GOWA,KIDS,HITAM KID PJG S,0,2,0,0,18804,37608,0
Jun-2026,MAMU GOWA,KIDS,HITAM KID PJG S,0,2,0,0,18804,37608,37608
Jul-2026,MAMU GOWA,KIDS,HITAM KID PJG S,37608,1,0,0,18804,18804,37608
Agu-2026,MAMU GOWA,KIDS,HITAM KID PJG S,0,0,0,0,18804,0,18804
Mei-2026,MAMU GOWA,KIDS,HITAM KID PJG XS,18454,1,0,0,24767,24767,0
Jun-2026,MAMU GOWA,KIDS,HITAM KID PJG XS,0,1,0,0,24767,24767,24767
Jul-2026,MAMU GOWA,KIDS,HITAM KID PJG XS,18454,0,0,0,24767,0,24767
Mei-2026,MAMU GOWA,KIDS,KUNING KNR KID PDK 2XL,16537,1,0,0,16537,16537,0
Jun-2026,MAMU GOWA,KIDS,KUNING KNR KID PDK 2XL,16537,0,0,0,16537,0,16537
Mei-2026,MAMU GOWA,KIDS,MAROON KID PJG M,0,2,0,0,20137,40274,0
Jun-2026,MAMU GOWA,KIDS,MAROON KID PJG M,40274,0,0,0,20137,0,40274
Mei-2026,MAMU GOWA,KIDS,MAROON KID PJG S,0,2,0,0,20056,40112,0
Jun-2026,MAMU GOWA,KIDS,MAROON KID PJG S,19897,1,0,0,20056,20056,40112
Jul-2026,MAMU GOWA,KIDS,MAROON KID PJG S,19897,0,0,0,20056,0,20056
Mei-2026,MAMU GOWA,KIDS,MAROON KID PJG XS,0,2,0,0,19645,39290,0
Jun-2026,MAMU GOWA,KIDS,MAROON KID PJG XS,0,2,0,0,19645,39290,39290
Jul-2026,MAMU GOWA,KIDS,MAROON KID PJG XS,0,2,0,0,19645,39290,39290
Agu-2026,MAMU GOWA,KIDS,MAROON KID PJG XS,19673,1,0,0,19645,19645,39290
Sep-2026,MAMU GOWA,KIDS,MAROON KID PJG XS,0,1,0,0,19645,19645,19645
Okt-2026,MAMU GOWA,KIDS,MAROON KID PJG XS,0,1,0,0,19645,19645,19645
Mei-2026,MAMU GOWA,KIDS,MERAH CABE KID PJG S,0,2,0,0,19688,39376,0
Jun-2026,MAMU GOWA,KIDS,MERAH CABE KID PJG S,0,2,0,0,19688,39376,39376
Jul-2026,MAMU GOWA,KIDS,MERAH CABE KID PJG S,0,2,0,0,19688,39376,39376
Agu-2026,MAMU GOWA,KIDS,MERAH CABE KID PJG S,39520,0,0,0,19688,0,39376
Mei-2026,MAMU GOWA,KIDS,MERAH CABE KID PJG XS,0,2,0,0,19037,38074,0
Jun-2026,MAMU GOWA,KIDS,MERAH CABE KID PJG XS,0,2,0,0,19037,38074,38074
Jul-2026,MAMU GOWA,KIDS,MERAH CABE KID PJG XS,0,2,0,0,19037,38074,38074
Agu-2026,MAMU GOWA,KIDS,MERAH CABE KID PJG XS,39602,0,0,0,19037,0,38074
Mei-2026,MAMU GOWA,KIDS,MUSTARD KID PJG XS,0,2,0,0,19054,38108,0
Jun-2026,MAMU GOWA,KIDS,MUSTARD KID PJG XS,0,2,0,0,19054,38108,38108
Jul-2026,MAMU GOWA,KIDS,MUSTARD KID PJG XS,0,2,0,0,19054,38108,38108
Agu-2026,MAMU GOWA,KIDS,MUSTARD KID PJG XS,0,2,0,0,19054,38108,38108
Sep-2026,MAMU GOWA,KIDS,MUSTARD KID PJG XS,0,2,0,0,19054,38108,38108
Okt-2026,MAMU GOWA,KIDS,MUSTARD KID PJG XS,0,2,0,0,19054,38108,38108
Mei-2026,MAMU GOWA,KIDS,NAVY KID PJG L,0,2,0,0,18981,37962,0
Jun-2026,MAMU GOWA,KIDS,NAVY KID PJG L,18981,1,0,0,18981,18981,37962
Jul-2026,MAMU GOWA,KIDS,NAVY KID PJG L,18981,0,0,0,18981,0,18981
Mei-2026,MAMU GOWA,KIDS,NAVY KID PJG M,0,2,0,0,18909,37818,0
Jun-2026,MAMU GOWA,KIDS,NAVY KID PJG M,0,2,0,0,18909,37818,37818
Jul-2026,MAMU GOWA,KIDS,NAVY KID PJG M,37826,0,0,0,18909,0,37818
Mei-2026,MAMU GOWA,KIDS,NAVY KID PJG S,0,2,0,0,19107,38214,0
Jun-2026,MAMU GOWA,KIDS,NAVY KID PJG S,0,2,0,0,19107,38214,38214
Jul-2026,MAMU GOWA,KIDS,NAVY KID PJG S,39254,2,0,0,19107,38214,38214
Agu-2026,MAMU GOWA,KIDS,NAVY KID PJG S,0,0,0,0,19107,0,38214
Mei-2026,MAMU GOWA,KIDS,NAVY KID PJG XS,0,2,0,0,18682,37364,0
Jun-2026,MAMU GOWA,KIDS,NAVY KID PJG XS,0,2,0,0,18682,37364,37364
Jul-2026,MAMU GOWA,KIDS,NAVY KID PJG XS,37504,0,0,0,18682,0,37364
Mei-2026,MAMU GOWA,KIDS,ORANGE KID PJG 2XL,0,2,0,0,19580,39160,0
Jun-2026,MAMU GOWA,KIDS,ORANGE KID PJG 2XL,0,2,0,0,19580,39160,39160
Jul-2026,MAMU GOWA,KIDS,ORANGE KID PJG 2XL,0,2,0,0,19580,39160,39160
Agu-2026,MAMU GOWA,KIDS,ORANGE KID PJG 2XL,38974,0,0,0,19580,0,39160
Mei-2026,MAMU GOWA,KIDS,ORANGE KID PJG S,0,2,0,0,19588,39176,0
Jun-2026,MAMU GOWA,KIDS,ORANGE KID PJG S,0,2,0,0,19588,39176,39176
Jul-2026,MAMU GOWA,KIDS,ORANGE KID PJG S,0,2,0,0,19588,39176,39176
Agu-2026,MAMU GOWA,KIDS,ORANGE KID PJG S,38286,0,0,0,19588,0,39176
Mei-2026,MAMU GOWA,KIDS,ORANGE KID PJG XS,0,2,0,0,19357,38714,0
Jun-2026,MAMU GOWA,KIDS,ORANGE KID PJG XS,0,2,0,0,19357,38714,38714
Jul-2026,MAMU GOWA,KIDS,ORANGE KID PJG XS,0,2,0,0,19357,38714,38714
Agu-2026,MAMU GOWA,KIDS,ORANGE KID PJG XS,37876,0,0,0,19357,0,38714
Mei-2026,MAMU GOWA,KIDS,PUTIH KID PJG M,0,2,0,0,18157,36314,0
Jun-2026,MAMU GOWA,KIDS,PUTIH KID PJG M,18157,1,0,0,18157,18157,36314
Jul-2026,MAMU GOWA,KIDS,PUTIH KID PJG M,18157,0,0,0,18157,0,18157
Mei-2026,MAMU GOWA,KIDS,SAGE GREEN KID PJG L,0,2,0,0,19378,38756,0
Jun-2026,MAMU GOWA,KIDS,SAGE GREEN KID PJG L,38756,0,0,0,19378,0,38756
Mei-2026,MAMU GOWA,KIDS,SAGE GREEN KID PJG M,0,2,0,0,19421,38842,0
Jun-2026,MAMU GOWA,KIDS,SAGE GREEN KID PJG M,19415,1,0,0,19421,19421,38842
Jul-2026,MAMU GOWA,KIDS,SAGE GREEN KID PJG M,0,1,0,0,19421,19421,19421
Agu-2026,MAMU GOWA,KIDS,SAGE GREEN KID PJG M,0,1,0,0,19421,19421,19421
Sep-2026,MAMU GOWA,KIDS,SAGE GREEN KID PJG M,0,1,0,0,19421,19421,19421
Okt-2026,MAMU GOWA,KIDS,SAGE GREEN KID PJG M,0,1,0,0,19421,19421,19421
Mei-2026,MAMU GOWA,KIDS,TOSCA KID PJG S,0,2,0,0,19154,38308,0
Jun-2026,MAMU GOWA,KIDS,TOSCA KID PJG S,0,2,0,0,19154,38308,38308
Jul-2026,MAMU GOWA,KIDS,TOSCA KID PJG S,0,2,0,0,19154,38308,38308
Agu-2026,MAMU GOWA,KIDS,TOSCA KID PJG S,19127,1,0,0,19154,19154,38308
Sep-2026,MAMU GOWA,KIDS,TOSCA KID PJG S,19127,1,0,0,19154,19154,19154
Okt-2026,MAMU GOWA,KIDS,TOSCA KID PJG S,0,0,0,0,19154,0,19154
Mei-2026,MAMU GOWA,KIDS,TURKIS KID PJG S,0,2,0,0,18716,37432,0
Jun-2026,MAMU GOWA,KIDS,TURKIS KID PJG S,38876,0,0,0,18716,0,37432
Mei-2026,MAMU GOWA,KIDS,TURKIS KID PJG XS,0,2,0,0,19095,38190,0
Jun-2026,MAMU GOWA,KIDS,TURKIS KID PJG XS,0,2,0,0,19095,38190,38190
Jul-2026,MAMU GOWA,KIDS,TURKIS KID PJG XS,0,2,0,0,19095,38190,38190
Agu-2026,MAMU GOWA,KIDS,TURKIS KID PJG XS,38780,0,0,0,19095,0,38190
Jan-2026,MAMU KENDARI,KIDS,MUSTARD KID PJG M,0,1,0,0,19002,19002,0
Feb-2026,MAMU KENDARI,KIDS,MUSTARD KID PJG M,0,1,0,0,19002,19002,19002
Mar-2026,MAMU KENDARI,KIDS,MUSTARD KID PJG M,0,1,0,0,19002,19002,19002
Apr-2026,MAMU KENDARI,KIDS,MUSTARD KID PJG M,0,1,0,0,19002,19002,19002
Mei-2026,MAMU KENDARI,KIDS,MUSTARD KID PJG M,0,1,0,0,19002,19002,19002
Jun-2026,MAMU KENDARI,KIDS,MUSTARD KID PJG M,0,1,0,0,19002,19002,19002
Jul-2026,MAMU KENDARI,KIDS,MUSTARD KID PJG M,0,1,0,0,19002,19002,19002
Agu-2026,MAMU KENDARI,KIDS,MUSTARD KID PJG M,0,1,0,0,19002,19002,19002
Sep-2026,MAMU KENDARI,KIDS,MUSTARD KID PJG M,0,1,0,0,19002,19002,19002
Okt-2026,MAMU KENDARI,KIDS,MUSTARD KID PJG M,0,1,0,0,19002,19002,19002
Jan-2026,MAMU MAKASSAR,KIDS,ABU TUA KID PDK XS,187275,9,0,0,17192,154728,0
Feb-2026,MAMU MAKASSAR,KIDS,ABU TUA KID PDK XS,153225,0,0,0,17192,0,154728
Jan-2026,MAMU MAKASSAR,KIDS,ABU TUA KID PJG L,40876,4,0,0,20442,81768,0
Feb-2026,MAMU MAKASSAR,KIDS,ABU TUA KID PJG L,40876,2,0,0,20442,40884,81768
Mar-2026,MAMU MAKASSAR,KIDS,ABU TUA KID PJG L,40876,0,0,0,20442,0,40884
Jan-2026,MAMU MAKASSAR,KIDS,ABU TUA KID PJG M,80896,0,0,0,20224,0,0
Jan-2026,MAMU MAKASSAR,KIDS,ABU TUA KID PJG S,0,10,0,0,20442,204420,0
Feb-2026,MAMU MAKASSAR,KIDS,ABU TUA KID PJG S,0,10,0,0,20442,204420,204420
Mar-2026,MAMU MAKASSAR,KIDS,ABU TUA KID PJG S,0,10,0,0,20442,204420,204420
Apr-2026,MAMU MAKASSAR,KIDS,ABU TUA KID PJG S,0,10,0,0,20442,204420,204420
Mei-2026,MAMU MAKASSAR,KIDS,ABU TUA KID PJG S,96010,3,0,0,20442,61326,204420
Jun-2026,MAMU MAKASSAR,KIDS,ABU TUA KID PJG S,57606,0,0,0,20442,0,61326
Jan-2026,MAMU MAKASSAR,KIDS,ABU TUA KID PJG XL,0,6,0,0,20875,125250,0
Feb-2026,MAMU MAKASSAR,KIDS,ABU TUA KID PJG XL,0,6,0,0,20875,125250,125250
Mar-2026,MAMU MAKASSAR,KIDS,ABU TUA KID PJG XL,0,6,0,0,20875,125250,125250
Apr-2026,MAMU MAKASSAR,KIDS,ABU TUA KID PJG XL,125250,2,0,0,20875,41750,125250
Mei-2026,MAMU MAKASSAR,KIDS,ABU TUA KID PJG XL,0,0,0,0,20875,0,41750
Jan-2026,MAMU MAKASSAR,KIDS,BEIGE KID PJG L,108948,0,0,0,18153,0,0
Jan-2026,MAMU MAKASSAR,KIDS,BEIGE KID PJG M,36064,13,0,0,17902,232726,0
Feb-2026,MAMU MAKASSAR,KIDS,BEIGE KID PJG M,0,13,0,0,17902,232726,232726
Mar-2026,MAMU MAKASSAR,KIDS,BEIGE KID PJG M,144256,5,0,0,17902,89510,232726
Apr-2026,MAMU MAKASSAR,KIDS,BEIGE KID PJG M,18032,4,0,0,17902,71608,89510
Mei-2026,MAMU MAKASSAR,KIDS,BEIGE KID PJG M,54096,0,0,0,17902,0,71608
Jan-2026,MAMU MAKASSAR,KIDS,BEIGE KID PJG S,18304,0,0,0,18086,0,0
Jan-2026,MAMU MAKASSAR,KIDS,BENHUR KID PJG L,20292,5,0,0,20170,100850,0
Feb-2026,MAMU MAKASSAR,KIDS,BENHUR KID PJG L,101460,0,0,0,20170,0,100850
Jan-2026,MAMU MAKASSAR,KIDS,BENHUR KID PJG S,0,16,0,0,19234,307744,0
Feb-2026,MAMU MAKASSAR,KIDS,BENHUR KID PJG S,20018,15,0,0,19234,288510,307744
Mar-2026,MAMU MAKASSAR,KIDS,BENHUR KID PJG S,0,15,0,0,19234,288510,288510
Apr-2026,MAMU MAKASSAR,KIDS,BENHUR KID PJG S,0,15,0,0,19234,288510,288510
Mei-2026,MAMU MAKASSAR,KIDS,BENHUR KID PJG S,0,13,0,0,19234,250042,288510
Jun-2026,MAMU MAKASSAR,KIDS,BENHUR KID PJG S,0,13,0,0,19234,250042,250042
Jul-2026,MAMU MAKASSAR,KIDS,BENHUR KID PJG S,0,13,0,0,19234,250042,250042
Agu-2026,MAMU MAKASSAR,KIDS,BENHUR KID PJG S,0,13,0,0,19234,250042,250042
Sep-2026,MAMU MAKASSAR,KIDS,BENHUR KID PJG S,0,13,0,0,19234,250042,250042
Okt-2026,MAMU MAKASSAR,KIDS,BENHUR KID PJG S,0,13,0,0,19234,250042,250042
Jan-2026,MAMU MAKASSAR,KIDS,BENHUR KID PJG XL,40996,0,0,0,20498,0,0
Jan-2026,MAMU MAKASSAR,KIDS,BENHUR KID PJG XS,41054,15,0,0,18648,279720,0
Feb-2026,MAMU MAKASSAR,KIDS,BENHUR KID PJG XS,0,15,0,0,18648,279720,279720
Mar-2026,MAMU MAKASSAR,KIDS,BENHUR KID PJG XS,102635,10,0,0,18648,186480,279720
Apr-2026,MAMU MAKASSAR,KIDS,BENHUR KID PJG XS,41054,8,0,0,18648,149184,186480
Mei-2026,MAMU MAKASSAR,KIDS,BENHUR KID PJG XS,0,6,0,0,18648,111888,149184
Jun-2026,MAMU MAKASSAR,KIDS,BENHUR KID PJG XS,0,6,0,0,18648,111888,111888
Jul-2026,MAMU MAKASSAR,KIDS,BENHUR KID PJG XS,20527,5,0,0,18648,93240,111888
Agu-2026,MAMU MAKASSAR,KIDS,BENHUR KID PJG XS,0,5,0,0,18648,93240,93240
Sep-2026,MAMU MAKASSAR,KIDS,BENHUR KID PJG XS,0,5,0,0,18648,93240,93240
Okt-2026,MAMU MAKASSAR,KIDS,BENHUR KID PJG XS,0,5,0,0,18648,93240,93240
Jan-2026,MAMU MAKASSAR,KIDS,HIJAU ARMY KID PJG L,0,15,0,0,24344,365160,0
Feb-2026,MAMU MAKASSAR,KIDS,HIJAU ARMY KID PJG L,0,15,0,0,24344,365160,365160
Mar-2026,MAMU MAKASSAR,KIDS,HIJAU ARMY KID PJG L,0,15,0,0,24344,365160,365160
Apr-2026,MAMU MAKASSAR,KIDS,HIJAU ARMY KID PJG L,0,15,0,0,24344,365160,365160
Mei-2026,MAMU MAKASSAR,KIDS,HIJAU ARMY KID PJG L,0,13,0,0,24344,316472,365160
Jun-2026,MAMU MAKASSAR,KIDS,HIJAU ARMY KID PJG L,0,13,0,0,24344,316472,316472
Jul-2026,MAMU MAKASSAR,KIDS,HIJAU ARMY KID PJG L,23477,13,0,0,24344,316472,316472
Agu-2026,MAMU MAKASSAR,KIDS,HIJAU ARMY KID PJG L,0,12,0,0,24344,292128,316472
Sep-2026,MAMU MAKASSAR,KIDS,HIJAU ARMY KID PJG L,46954,10,0,0,24344,243440,292128
Okt-2026,MAMU MAKASSAR,KIDS,HIJAU ARMY KID PJG L,0,10,0,0,24344,243440,243440
Jan-2026,MAMU MAKASSAR,KIDS,HIJAU ARMY KID PJG M,39476,32,0,0,19758,632256,0
Feb-2026,MAMU MAKASSAR,KIDS,HIJAU ARMY KID PJG M,39476,30,0,0,19758,592740,632256
Mar-2026,MAMU MAKASSAR,KIDS,HIJAU ARMY KID PJG M,0,30,0,0,19758,592740,592740
Apr-2026,MAMU MAKASSAR,KIDS,HIJAU ARMY KID PJG M,0,30,0,0,19758,592740,592740
Mei-2026,MAMU MAKASSAR,KIDS,HIJAU ARMY KID PJG M,0,28,0,0,19758,553224,592740
Jun-2026,MAMU MAKASSAR,KIDS,HIJAU ARMY KID PJG M,0,28,0,0,19758,553224,553224
Jul-2026,MAMU MAKASSAR,KIDS,HIJAU ARMY KID PJG M,0,28,0,0,19758,553224,553224
Agu-2026,MAMU MAKASSAR,KIDS,HIJAU ARMY KID PJG M,0,28,0,0,19758,553224,553224
Sep-2026,MAMU MAKASSAR,KIDS,HIJAU ARMY KID PJG M,0,28,0,0,19758,553224,553224
Okt-2026,MAMU MAKASSAR,KIDS,HIJAU ARMY KID PJG M,0,28,0,0,19758,553224,553224
Jan-2026,MAMU MAKASSAR,KIDS,HIJAU ARMY KID PJG S,21551,17,0,0,21708,369036,0
Feb-2026,MAMU MAKASSAR,KIDS,HIJAU ARMY KID PJG S,21551,16,0,0,21708,347328,369036
Mar-2026,MAMU MAKASSAR,KIDS,HIJAU ARMY KID PJG S,21551,15,0,0,21708,325620,347328
Apr-2026,MAMU MAKASSAR,KIDS,HIJAU ARMY KID PJG S,107755,11,0,0,21708,238788,325620
Mei-2026,MAMU MAKASSAR,KIDS,HIJAU ARMY KID PJG S,0,8,0,0,21708,173664,238788
Jun-2026,MAMU MAKASSAR,KIDS,HIJAU ARMY KID PJG S,0,8,0,0,21708,173664,173664
Jul-2026,MAMU MAKASSAR,KIDS,HIJAU ARMY KID PJG S,0,8,0,0,21708,173664,173664
Agu-2026,MAMU MAKASSAR,KIDS,HIJAU ARMY KID PJG S,43102,7,0,0,21708,151956,173664
Sep-2026,MAMU MAKASSAR,KIDS,HIJAU ARMY KID PJG S,86204,2,0,0,21708,43416,151956
Okt-2026,MAMU MAKASSAR,KIDS,HIJAU ARMY KID PJG S,0,2,0,0,21708,43416,43416
Jan-2026,MAMU MAKASSAR,KIDS,HIJAU ARMY KID PJG XS,0,27,0,0,19803,534681,0
Feb-2026,MAMU MAKASSAR,KIDS,HIJAU ARMY KID PJG XS,0,27,0,0,19803,534681,534681
Mar-2026,MAMU MAKASSAR,KIDS,HIJAU ARMY KID PJG XS,19672,26,0,0,19803,514878,534681
Apr-2026,MAMU MAKASSAR,KIDS,HIJAU ARMY KID PJG XS,-19672,27,0,0,19803,534681,514878
Mei-2026,MAMU MAKASSAR,KIDS,HIJAU ARMY KID PJG XS,0,25,0,0,19803,495075,534681
Jun-2026,MAMU MAKASSAR,KIDS,HIJAU ARMY KID PJG XS,0,25,0,0,19803,495075,495075
Jul-2026,MAMU MAKASSAR,KIDS,HIJAU ARMY KID PJG XS,0,25,0,0,19803,495075,495075
Agu-2026,MAMU MAKASSAR,KIDS,HIJAU ARMY KID PJG XS,0,25,0,0,19803,495075,495075
Sep-2026,MAMU MAKASSAR,KIDS,HIJAU ARMY KID PJG XS,0,25,0,0,19803,495075,495075
Okt-2026,MAMU MAKASSAR,KIDS,HIJAU ARMY KID PJG XS,0,25,0,0,19803,495075,495075
Jan-2026,MAMU MAKASSAR,KIDS,HITAM KID PDK XS,255000,49,0,0,17640,864360,0
Feb-2026,MAMU MAKASSAR,KIDS,HITAM KID PDK XS,68000,45,0,0,17640,793800,864360
Mar-2026,MAMU MAKASSAR,KIDS,HITAM KID PDK XS,646000,7,0,0,17640,123480,793800
Apr-2026,MAMU MAKASSAR,KIDS,HITAM KID PDK XS,119000,0,0,0,17640,0,123480
Jan-2026,MAMU MAKASSAR,KIDS,HITAM KID PJG L,0,113,0,0,19098,2158074,0
Feb-2026,MAMU MAKASSAR,KIDS,HITAM KID PJG L,19098,112,0,0,19098,2138976,2158074
Mar-2026,MAMU MAKASSAR,KIDS,HITAM KID PJG L,171882,103,0,0,19098,1967094,2138976
Apr-2026,MAMU MAKASSAR,KIDS,HITAM KID PJG L,0,103,0,0,19098,1967094,1967094
Mei-2026,MAMU MAKASSAR,KIDS,HITAM KID PJG L,38196,99,0,0,19098,1890702,1967094
Jun-2026,MAMU MAKASSAR,KIDS,HITAM KID PJG L,95490,92,0,0,19098,1757016,1890702
Jul-2026,MAMU MAKASSAR,KIDS,HITAM KID PJG L,0,92,0,0,19098,1757016,1757016
Agu-2026,MAMU MAKASSAR,KIDS,HITAM KID PJG L,19098,91,0,0,19098,1737918,1757016
Sep-2026,MAMU MAKASSAR,KIDS,HITAM KID PJG L,19098,90,0,0,19098,1718820,1737918
Okt-2026,MAMU MAKASSAR,KIDS,HITAM KID PJG L,0,90,0,0,19098,1718820,1718820
Jan-2026,MAMU MAKASSAR,KIDS,HITAM KID PJG M,19132,113,0,0,19132,2161916,0
Feb-2026,MAMU MAKASSAR,KIDS,HITAM KID PJG M,0,113,0,0,19132,2161916,2161916
Mar-2026,MAMU MAKASSAR,KIDS,HITAM KID PJG M,172188,104,0,0,19132,1989728,2161916
Apr-2026,MAMU MAKASSAR,KIDS,HITAM KID PJG M,19132,103,0,0,19132,1970596,1989728
Mei-2026,MAMU MAKASSAR,KIDS,HITAM KID PJG M,0,100,0,0,19132,1913200,1970596
Jun-2026,MAMU MAKASSAR,KIDS,HITAM KID PJG M,0,100,0,0,19132,1913200,1913200
Jul-2026,MAMU MAKASSAR,KIDS,HITAM KID PJG M,19132,99,0,0,19132,1894068,1913200
Agu-2026,MAMU MAKASSAR,KIDS,HITAM KID PJG M,57396,98,0,0,19132,1874936,1894068
Sep-2026,MAMU MAKASSAR,KIDS,HITAM KID PJG M,76528,92,0,0,19132,1760144,1874936
Okt-2026,MAMU MAKASSAR,KIDS,HITAM KID PJG M,0,92,0,0,19132,1760144,1760144
Jan-2026,MAMU MAKASSAR,KIDS,HITAM KID PJG S,56412,60,0,0,18804,1128240,0
Feb-2026,MAMU MAKASSAR,KIDS,HITAM KID PJG S,0,60,0,0,18804,1128240,1128240
Mar-2026,MAMU MAKASSAR,KIDS,HITAM KID PJG S,112824,54,0,0,18804,1015416,1128240
Apr-2026,MAMU MAKASSAR,KIDS,HITAM KID PJG S,75216,50,0,0,18804,940200,1015416
Mei-2026,MAMU MAKASSAR,KIDS,HITAM KID PJG S,94020,42,0,0,18804,789768,940200
Jun-2026,MAMU MAKASSAR,KIDS,HITAM KID PJG S,18804,41,0,0,18804,770964,789768
Jul-2026,MAMU MAKASSAR,KIDS,HITAM KID PJG S,0,41,0,0,18804,770964,770964
Agu-2026,MAMU MAKASSAR,KIDS,HITAM KID PJG S,18804,41,0,0,18804,770964,770964
Sep-2026,MAMU MAKASSAR,KIDS,HITAM KID PJG S,0,40,0,0,18804,752160,770964
Okt-2026,MAMU MAKASSAR,KIDS,HITAM KID PJG S,0,40,0,0,18804,752160,752160
Jan-2026,MAMU MAKASSAR,KIDS,HITAM KID PJG XL,76188,8,0,0,19047,152376,0
Feb-2026,MAMU MAKASSAR,KIDS,HITAM KID PJG XL,57141,1,0,0,19047,19047,152376
Mar-2026,MAMU MAKASSAR,KIDS,HITAM KID PJG XL,19047,0,0,0,19047,0,19047
Jan-2026,MAMU MAKASSAR,KIDS,HITAM KID PJG XS,36908,133,0,0,24767,3294011,0
Feb-2026,MAMU MAKASSAR,KIDS,HITAM KID PJG XS,18454,132,0,0,24767,3269244,3294011
Mar-2026,MAMU MAKASSAR,KIDS,HITAM KID PJG XS,55362,129,0,0,24767,3194943,3269244
Apr-2026,MAMU MAKASSAR,KIDS,HITAM KID PJG XS,-36908,132,0,0,24767,3269244,3194943
Mei-2026,MAMU MAKASSAR,KIDS,HITAM KID PJG XS,0,130,0,0,24767,3219710,3269244
Jun-2026,MAMU MAKASSAR,KIDS,HITAM KID PJG XS,0,130,0,0,24767,3219710,3219710
Jul-2026,MAMU MAKASSAR,KIDS,HITAM KID PJG XS,0,130,0,0,24767,3219710,3219710
Agu-2026,MAMU MAKASSAR,KIDS,HITAM KID PJG XS,0,130,0,0,24767,3219710,3219710
Sep-2026,MAMU MAKASSAR,KIDS,HITAM KID PJG XS,0,130,0,0,24767,3219710,3219710
Okt-2026,MAMU MAKASSAR,KIDS,HITAM KID PJG XS,0,130,0,0,24767,3219710,3219710
Jan-2026,MAMU MAKASSAR,KIDS,KUNING KNR KID PDK 2XL,148833,20,0,0,16537,330740,0
Feb-2026,MAMU MAKASSAR,KIDS,KUNING KNR KID PDK 2XL,16537,15,0,0,16537,248055,330740
Mar-2026,MAMU MAKASSAR,KIDS,KUNING KNR KID PDK 2XL,66148,11,0,0,16537,181907,248055
Apr-2026,MAMU MAKASSAR,KIDS,KUNING KNR KID PDK 2XL,0,11,0,0,16537,181907,181907
Mei-2026,MAMU MAKASSAR,KIDS,KUNING KNR KID PDK 2XL,49611,6,0,0,16537,99222,181907
Jun-2026,MAMU MAKASSAR,KIDS,KUNING KNR KID PDK 2XL,49611,3,0,0,16537,49611,99222
Jul-2026,MAMU MAKASSAR,KIDS,KUNING KNR KID PDK 2XL,0,3,0,0,16537,49611,49611
Agu-2026,MAMU MAKASSAR,KIDS,KUNING KNR KID PDK 2XL,16537,2,0,0,16537,33074,49611
Sep-2026,MAMU MAKASSAR,KIDS,KUNING KNR KID PDK 2XL,0,2,0,0,16537,33074,33074
Okt-2026,MAMU MAKASSAR,KIDS,KUNING KNR KID PDK 2XL,0,2,0,0,16537,33074,33074
Jan-2026,MAMU MAKASSAR,KIDS,KUNING KNR KID PJG L,0,6,0,0,18525,111150,0
Feb-2026,MAMU MAKASSAR,KIDS,KUNING KNR KID PJG L,0,6,0,0,18525,111150,111150
Mar-2026,MAMU MAKASSAR,KIDS,KUNING KNR KID PJG L,0,6,0,0,18525,111150,111150
Apr-2026,MAMU MAKASSAR,KIDS,KUNING KNR KID PJG L,37050,4,0,0,18525,74100,111150
Mei-2026,MAMU MAKASSAR,KIDS,KUNING KNR KID PJG L,0,4,0,0,18525,74100,74100
Jun-2026,MAMU MAKASSAR,KIDS,KUNING KNR KID PJG L,37050,2,0,0,18525,37050,74100
Jul-2026,MAMU MAKASSAR,KIDS,KUNING KNR KID PJG L,18525,1,0,0,18525,18525,37050
Agu-2026,MAMU MAKASSAR,KIDS,KUNING KNR KID PJG L,0,1,0,0,18525,18525,18525
Sep-2026,MAMU MAKASSAR,KIDS,KUNING KNR KID PJG L,0,0,0,0,18525,0,18525
Jan-2026,MAMU MAKASSAR,KIDS,KUNING KNR KID PJG S,0,5,0,0,18692,93460,0
Feb-2026,MAMU MAKASSAR,KIDS,KUNING KNR KID PJG S,0,5,0,0,18692,93460,93460
Mar-2026,MAMU MAKASSAR,KIDS,KUNING KNR KID PJG S,18692,4,0,0,18692,74768,93460
Apr-2026,MAMU MAKASSAR,KIDS,KUNING KNR KID PJG S,18692,4,0,0,18692,74768,74768
Mei-2026,MAMU MAKASSAR,KIDS,KUNING KNR KID PJG S,0,4,0,0,18692,74768,74768
Jun-2026,MAMU MAKASSAR,KIDS,KUNING KNR KID PJG S,0,4,0,0,18692,74768,74768
Jul-2026,MAMU MAKASSAR,KIDS,KUNING KNR KID PJG S,0,4,0,0,18692,74768,74768
Agu-2026,MAMU MAKASSAR,KIDS,KUNING KNR KID PJG S,18692,3,0,0,18692,56076,74768
Sep-2026,MAMU MAKASSAR,KIDS,KUNING KNR KID PJG S,0,3,0,0,18692,56076,56076
Okt-2026,MAMU MAKASSAR,KIDS,KUNING KNR KID PJG S,0,3,0,0,18692,56076,56076
Jan-2026,MAMU MAKASSAR,KIDS,KUNING KNR KID PJG XS,18318,0,0,0,18318,0,0
Jan-2026,MAMU MAKASSAR,KIDS,MAROON KID PJG L,0,8,0,0,20390,163120,0
Feb-2026,MAMU MAKASSAR,KIDS,MAROON KID PJG L,0,8,0,0,20390,163120,163120
Mar-2026,MAMU MAKASSAR,KIDS,MAROON KID PJG L,0,8,0,0,20390,163120,163120
Apr-2026,MAMU MAKASSAR,KIDS,MAROON KID PJG L,61392,5,0,0,20390,101950,163120
Mei-2026,MAMU MAKASSAR,KIDS,MAROON KID PJG L,102320,0,0,0,20390,0,101950
Jan-2026,MAMU MAKASSAR,KIDS,MAROON KID PJG M,0,12,0,0,20137,241644,0
Feb-2026,MAMU MAKASSAR,KIDS,MAROON KID PJG M,0,12,0,0,20137,241644,241644
Mar-2026,MAMU MAKASSAR,KIDS,MAROON KID PJG M,0,12,0,0,20137,241644,241644
Apr-2026,MAMU MAKASSAR,KIDS,MAROON KID PJG M,0,12,0,0,20137,241644,241644
Mei-2026,MAMU MAKASSAR,KIDS,MAROON KID PJG M,0,10,0,0,20137,201370,241644
Jun-2026,MAMU MAKASSAR,KIDS,MAROON KID PJG M,0,0,0,0,20137,0,201370
Jan-2026,MAMU MAKASSAR,KIDS,MAROON KID PJG S,0,23,0,0,20056,461288,0
Feb-2026,MAMU MAKASSAR,KIDS,MAROON KID PJG S,0,23,0,0,20056,461288,461288
Mar-2026,MAMU MAKASSAR,KIDS,MAROON KID PJG S,0,23,0,0,20056,461288,461288
Apr-2026,MAMU MAKASSAR,KIDS,MAROON KID PJG S,19897,22,0,0,20056,441232,461288
Mei-2026,MAMU MAKASSAR,KIDS,MAROON KID PJG S,59691,17,0,0,20056,340952,441232
Jun-2026,MAMU MAKASSAR,KIDS,MAROON KID PJG S,0,17,0,0,20056,340952,340952
Jul-2026,MAMU MAKASSAR,KIDS,MAROON KID PJG S,59691,14,0,0,20056,280784,340952
Agu-2026,MAMU MAKASSAR,KIDS,MAROON KID PJG S,159176,10,0,0,20056,200560,280784
Sep-2026,MAMU MAKASSAR,KIDS,MAROON KID PJG S,79588,2,0,0,20056,40112,200560
Okt-2026,MAMU MAKASSAR,KIDS,MAROON KID PJG S,0,2,0,0,20056,40112,40112
Jan-2026,MAMU MAKASSAR,KIDS,MAROON KID PJG XS,19673,21,0,0,19645,412545,0
Feb-2026,MAMU MAKASSAR,KIDS,MAROON KID PJG XS,39346,19,0,0,19645,373255,412545
Mar-2026,MAMU MAKASSAR,KIDS,MAROON KID PJG XS,78692,15,0,0,19645,294675,373255
Apr-2026,MAMU MAKASSAR,KIDS,MAROON KID PJG XS,0,15,0,0,19645,294675,294675
Mei-2026,MAMU MAKASSAR,KIDS,MAROON KID PJG XS,0,13,0,0,19645,255385,294675
Jun-2026,MAMU MAKASSAR,KIDS,MAROON KID PJG XS,19673,12,0,0,19645,235740,255385
Jul-2026,MAMU MAKASSAR,KIDS,MAROON KID PJG XS,0,12,0,0,19645,235740,235740
Agu-2026,MAMU MAKASSAR,KIDS,MAROON KID PJG XS,0,13,0,0,19645,255385,235740
Sep-2026,MAMU MAKASSAR,KIDS,MAROON KID PJG XS,0,11,0,0,19645,216095,255385
Okt-2026,MAMU MAKASSAR,KIDS,MAROON KID PJG XS,0,11,0,0,19645,216095,216095
Jan-2026,MAMU MAKASSAR,KIDS,MERAH CABE KID PJG S,39520,20,0,0,19688,393760,0
Feb-2026,MAMU MAKASSAR,KIDS,MERAH CABE KID PJG S,19760,19,0,0,19688,374072,393760
Mar-2026,MAMU MAKASSAR,KIDS,MERAH CABE KID PJG S,79040,15,0,0,19688,295320,374072
Apr-2026,MAMU MAKASSAR,KIDS,MERAH CABE KID PJG S,0,15,0,0,19688,295320,295320
Mei-2026,MAMU MAKASSAR,KIDS,MERAH CABE KID PJG S,0,13,0,0,19688,255944,295320
Jun-2026,MAMU MAKASSAR,KIDS,MERAH CABE KID PJG S,0,13,0,0,19688,255944,255944
Jul-2026,MAMU MAKASSAR,KIDS,MERAH CABE KID PJG S,59280,10,0,0,19688,196880,255944
Agu-2026,MAMU MAKASSAR,KIDS,MERAH CABE KID PJG S,197600,0,0,0,19688,0,196880
Jan-2026,MAMU MAKASSAR,KIDS,MERAH CABE KID PJG XS,0,14,0,0,19037,266518,0
Feb-2026,MAMU MAKASSAR,KIDS,MERAH CABE KID PJG XS,0,14,0,0,19037,266518,266518
Mar-2026,MAMU MAKASSAR,KIDS,MERAH CABE KID PJG XS,0,14,0,0,19037,266518,266518
Apr-2026,MAMU MAKASSAR,KIDS,MERAH CABE KID PJG XS,0,14,0,0,19037,266518,266518
Mei-2026,MAMU MAKASSAR,KIDS,MERAH CABE KID PJG XS,0,12,0,0,19037,228444,266518
Jun-2026,MAMU MAKASSAR,KIDS,MERAH CABE KID PJG XS,39602,10,0,0,19037,190370,228444
Jul-2026,MAMU MAKASSAR,KIDS,MERAH CABE KID PJG XS,19801,9,0,0,19037,171333,190370
Agu-2026,MAMU MAKASSAR,KIDS,MERAH CABE KID PJG XS,138607,3,0,0,19037,57111,171333
Sep-2026,MAMU MAKASSAR,KIDS,MERAH CABE KID PJG XS,0,2,0,0,19037,38074,57111
Okt-2026,MAMU MAKASSAR,KIDS,MERAH CABE KID PJG XS,0,2,0,0,19037,38074,38074
Jan-2026,MAMU MAKASSAR,KIDS,MUSTARD KID PDK L,143343,0,0,0,15927,0,0
Jan-2026,MAMU MAKASSAR,KIDS,MUSTARD KID PDK M,79645,0,0,0,15929,0,0
Jan-2026,MAMU MAKASSAR,KIDS,MUSTARD KID PDK S,196768,15,0,0,15136,227040,0
Feb-2026,MAMU MAKASSAR,KIDS,MUSTARD KID PDK S,211904,1,0,0,15136,15136,227040
Mar-2026,MAMU MAKASSAR,KIDS,MUSTARD KID PDK S,30272,0,0,0,15136,0,15136
Jan-2026,MAMU MAKASSAR,KIDS,MUSTARD KID PJG S,0,9,0,0,18959,170631,0
Feb-2026,MAMU MAKASSAR,KIDS,MUSTARD KID PJG S,37964,7,0,0,18959,132713,170631
Mar-2026,MAMU MAKASSAR,KIDS,MUSTARD KID PJG S,37964,5,0,0,18959,94795,132713
Apr-2026,MAMU MAKASSAR,KIDS,MUSTARD KID PJG S,0,4,0,0,18959,75836,94795
Mei-2026,MAMU MAKASSAR,KIDS,MUSTARD KID PJG S,18982,3,0,0,18959,56877,75836
Jun-2026,MAMU MAKASSAR,KIDS,MUSTARD KID PJG S,37964,1,0,0,18959,18959,56877
Jul-2026,MAMU MAKASSAR,KIDS,MUSTARD KID PJG S,18982,0,0,0,18959,0,18959
Jan-2026,MAMU MAKASSAR,KIDS,MUSTARD KID PJG XS,0,10,0,0,19054,190540,0
Feb-2026,MAMU MAKASSAR,KIDS,MUSTARD KID PJG XS,0,10,0,0,19054,190540,190540
Mar-2026,MAMU MAKASSAR,KIDS,MUSTARD KID PJG XS,0,10,0,0,19054,190540,190540
Apr-2026,MAMU MAKASSAR,KIDS,MUSTARD KID PJG XS,0,10,0,0,19054,190540,190540
Mei-2026,MAMU MAKASSAR,KIDS,MUSTARD KID PJG XS,0,8,0,0,19054,152432,190540
Jun-2026,MAMU MAKASSAR,KIDS,MUSTARD KID PJG XS,38278,6,0,0,19054,114324,152432
Jul-2026,MAMU MAKASSAR,KIDS,MUSTARD KID PJG XS,19139,5,0,0,19054,95270,114324
Agu-2026,MAMU MAKASSAR,KIDS,MUSTARD KID PJG XS,0,5,0,0,19054,95270,95270
Sep-2026,MAMU MAKASSAR,KIDS,MUSTARD KID PJG XS,38278,3,0,0,19054,57162,95270
Okt-2026,MAMU MAKASSAR,KIDS,MUSTARD KID PJG XS,0,3,0,0,19054,57162,57162
Jan-2026,MAMU MAKASSAR,KIDS,NAVY KID PDK XS,20196,0,0,0,22659,0,0
Jan-2026,MAMU MAKASSAR,KIDS,NAVY KID PJG 2XL,0,5,0,0,18726,93630,0
Feb-2026,MAMU MAKASSAR,KIDS,NAVY KID PJG 2XL,0,5,0,0,18726,93630,93630
Mar-2026,MAMU MAKASSAR,KIDS,NAVY KID PJG 2XL,0,5,0,0,18726,93630,93630
Apr-2026,MAMU MAKASSAR,KIDS,NAVY KID PJG 2XL,37452,4,0,0,18726,74904,93630
Mei-2026,MAMU MAKASSAR,KIDS,NAVY KID PJG 2XL,56178,0,0,0,18726,0,74904
Jan-2026,MAMU MAKASSAR,KIDS,NAVY KID PJG L,0,26,0,0,18981,493506,0
Feb-2026,MAMU MAKASSAR,KIDS,NAVY KID PJG L,0,26,0,0,18981,493506,493506
Mar-2026,MAMU MAKASSAR,KIDS,NAVY KID PJG L,18981,25,0,0,18981,474525,493506
Apr-2026,MAMU MAKASSAR,KIDS,NAVY KID PJG L,0,25,0,0,18981,474525,474525
Mei-2026,MAMU MAKASSAR,KIDS,NAVY KID PJG L,0,23,0,0,18981,436563,474525
Jun-2026,MAMU MAKASSAR,KIDS,NAVY KID PJG L,0,23,0,0,18981,436563,436563
Jul-2026,MAMU MAKASSAR,KIDS,NAVY KID PJG L,0,23,0,0,18981,436563,436563
Agu-2026,MAMU MAKASSAR,KIDS,NAVY KID PJG L,0,23,0,0,18981,436563,436563
Sep-2026,MAMU MAKASSAR,KIDS,NAVY KID PJG L,37962,21,0,0,18981,398601,436563
Okt-2026,MAMU MAKASSAR,KIDS,NAVY KID PJG L,0,21,0,0,18981,398601,398601
Jan-2026,MAMU MAKASSAR,KIDS,NAVY KID PJG M,0,14,0,0,18909,264726,0
Feb-2026,MAMU MAKASSAR,KIDS,NAVY KID PJG M,0,14,0,0,18909,264726,264726
Mar-2026,MAMU MAKASSAR,KIDS,NAVY KID PJG M,0,14,0,0,18909,264726,264726
Apr-2026,MAMU MAKASSAR,KIDS,NAVY KID PJG M,0,14,0,0,18909,264726,264726
Mei-2026,MAMU MAKASSAR,KIDS,NAVY KID PJG M,0,12,0,0,18909,226908,264726
Jun-2026,MAMU MAKASSAR,KIDS,NAVY KID PJG M,18913,11,0,0,18909,207999,226908
Jul-2026,MAMU MAKASSAR,KIDS,NAVY KID PJG M,0,11,0,0,18909,207999,207999
Agu-2026,MAMU MAKASSAR,KIDS,NAVY KID PJG M,0,11,0,0,18909,207999,207999
Sep-2026,MAMU MAKASSAR,KIDS,NAVY KID PJG M,0,11,0,0,18909,207999,207999
Okt-2026,MAMU MAKASSAR,KIDS,NAVY KID PJG M,0,11,0,0,18909,207999,207999
Jan-2026,MAMU MAKASSAR,KIDS,NAVY KID PJG S,0,8,0,0,19107,152856,0
Feb-2026,MAMU MAKASSAR,KIDS,NAVY KID PJG S,0,8,0,0,19107,152856,152856
Mar-2026,MAMU MAKASSAR,KIDS,NAVY KID PJG S,0,8,0,0,19107,152856,152856
Apr-2026,MAMU MAKASSAR,KIDS,NAVY KID PJG S,19627,7,0,0,19107,133749,152856
Mei-2026,MAMU MAKASSAR,KIDS,NAVY KID PJG S,39254,3,0,0,19107,57321,133749
Jun-2026,MAMU MAKASSAR,KIDS,NAVY KID PJG S,19627,2,0,0,19107,38214,57321
Jul-2026,MAMU MAKASSAR,KIDS,NAVY KID PJG S,39254,0,0,0,19107,0,38214
Jan-2026,MAMU MAKASSAR,KIDS,NAVY KID PJG XS,0,30,0,0,18682,560460,0
Feb-2026,MAMU MAKASSAR,KIDS,NAVY KID PJG XS,0,30,0,0,18682,560460,560460
Mar-2026,MAMU MAKASSAR,KIDS,NAVY KID PJG XS,0,30,0,0,18682,560460,560460
Apr-2026,MAMU MAKASSAR,KIDS,NAVY KID PJG XS,0,30,0,0,18682,560460,560460
Mei-2026,MAMU MAKASSAR,KIDS,NAVY KID PJG XS,0,28,0,0,18682,523096,560460
Jun-2026,MAMU MAKASSAR,KIDS,NAVY KID PJG XS,0,27,0,0,18682,504414,523096
Jul-2026,MAMU MAKASSAR,KIDS,NAVY KID PJG XS,0,27,0,0,18682,504414,504414
Agu-2026,MAMU MAKASSAR,KIDS,NAVY KID PJG XS,0,27,0,0,18682,504414,504414
Sep-2026,MAMU MAKASSAR,KIDS,NAVY KID PJG XS,0,27,0,0,18682,504414,504414
Okt-2026,MAMU MAKASSAR,KIDS,NAVY KID PJG XS,0,27,0,0,18682,504414,504414
Jan-2026,MAMU MAKASSAR,KIDS,ORANGE BT KID PDK S,91896,0,0,0,15316,0,0
Jan-2026,MAMU MAKASSAR,KIDS,ORANGE BT KID PDK XS,237678,7,0,0,17788,124516,0
Feb-2026,MAMU MAKASSAR,KIDS,ORANGE BT KID PDK XS,101862,0,0,0,17788,0,124516
Jan-2026,MAMU MAKASSAR,KIDS,ORANGE KID PJG 2XL,19487,10,0,0,19580,195800,0
Feb-2026,MAMU MAKASSAR,KIDS,ORANGE KID PJG 2XL,0,10,0,0,19580,195800,195800
Mar-2026,MAMU MAKASSAR,KIDS,ORANGE KID PJG 2XL,0,10,0,0,19580,195800,195800
Apr-2026,MAMU MAKASSAR,KIDS,ORANGE KID PJG 2XL,0,10,0,0,19580,195800,195800
Mei-2026,MAMU MAKASSAR,KIDS,ORANGE KID PJG 2XL,0,8,0,0,19580,156640,195800
Jun-2026,MAMU MAKASSAR,KIDS,ORANGE KID PJG 2XL,0,8,0,0,19580,156640,156640
Jul-2026,MAMU MAKASSAR,KIDS,ORANGE KID PJG 2XL,0,8,0,0,19580,156640,156640
Agu-2026,MAMU MAKASSAR,KIDS,ORANGE KID PJG 2XL,0,8,0,0,19580,156640,156640
Sep-2026,MAMU MAKASSAR,KIDS,ORANGE KID PJG 2XL,0,8,0,0,19580,156640,156640
Okt-2026,MAMU MAKASSAR,KIDS,ORANGE KID PJG 2XL,0,8,0,0,19580,156640,156640
Jan-2026,MAMU MAKASSAR,KIDS,ORANGE KID PJG L,0,6,0,0,19693,118158,0
Feb-2026,MAMU MAKASSAR,KIDS,ORANGE KID PJG L,19613,5,0,0,19693,98465,118158
Mar-2026,MAMU MAKASSAR,KIDS,ORANGE KID PJG L,19613,4,0,0,19693,78772,98465
Apr-2026,MAMU MAKASSAR,KIDS,ORANGE KID PJG L,19613,4,0,0,19693,78772,78772
Mei-2026,MAMU MAKASSAR,KIDS,ORANGE KID PJG L,0,3,0,0,19693,59079,78772
Jun-2026,MAMU MAKASSAR,KIDS,ORANGE KID PJG L,58839,0,0,0,19693,0,59079
Jan-2026,MAMU MAKASSAR,KIDS,ORANGE KID PJG S,19143,6,0,0,19588,117528,0
Feb-2026,MAMU MAKASSAR,KIDS,ORANGE KID PJG S,0,6,0,0,19588,117528,117528
Mar-2026,MAMU MAKASSAR,KIDS,ORANGE KID PJG S,0,6,0,0,19588,117528,117528
Apr-2026,MAMU MAKASSAR,KIDS,ORANGE KID PJG S,0,6,0,0,19588,117528,117528
Mei-2026,MAMU MAKASSAR,KIDS,ORANGE KID PJG S,0,4,0,0,19588,78352,117528
Jun-2026,MAMU MAKASSAR,KIDS,ORANGE KID PJG S,38286,2,0,0,19588,39176,78352
Jul-2026,MAMU MAKASSAR,KIDS,ORANGE KID PJG S,38286,0,0,0,19588,0,39176
Jan-2026,MAMU MAKASSAR,KIDS,ORANGE KID PJG XL,39050,0,0,0,19558,0,0
Jan-2026,MAMU MAKASSAR,KIDS,ORANGE KID PJG XS,37876,15,0,0,19357,290355,0
Feb-2026,MAMU MAKASSAR,KIDS,ORANGE KID PJG XS,0,15,0,0,19357,290355,290355
Mar-2026,MAMU MAKASSAR,KIDS,ORANGE KID PJG XS,0,15,0,0,19357,290355,290355
Apr-2026,MAMU MAKASSAR,KIDS,ORANGE KID PJG XS,0,15,0,0,19357,290355,290355
Mei-2026,MAMU MAKASSAR,KIDS,ORANGE KID PJG XS,0,13,0,0,19357,251641,290355
Jun-2026,MAMU MAKASSAR,KIDS,ORANGE KID PJG XS,0,13,0,0,19357,251641,251641
Jul-2026,MAMU MAKASSAR,KIDS,ORANGE KID PJG XS,0,13,0,0,19357,251641,251641
Agu-2026,MAMU MAKASSAR,KIDS,ORANGE KID PJG XS,0,13,0,0,19357,251641,251641
Sep-2026,MAMU MAKASSAR,KIDS,ORANGE KID PJG XS,0,13,0,0,19357,251641,251641
Okt-2026,MAMU MAKASSAR,KIDS,ORANGE KID PJG XS,0,13,0,0,19357,251641,251641
Jan-2026,MAMU MAKASSAR,KIDS,PUTIH KID PDK M,186528,7,0,0,15544,108808,0
Feb-2026,MAMU MAKASSAR,KIDS,PUTIH KID PDK M,77720,2,0,0,15544,31088,108808
Mar-2026,MAMU MAKASSAR,KIDS,PUTIH KID PDK M,31088,0,0,0,15544,0,31088
Jan-2026,MAMU MAKASSAR,KIDS,PUTIH KID PDK S,15707,0,0,0,15707,0,0
Jan-2026,MAMU MAKASSAR,KIDS,PUTIH KID PDK XL,119488,0,0,0,14936,0,0
Jan-2026,MAMU MAKASSAR,KIDS,PUTIH KID PJG M,0,14,0,0,18157,254198,0
Feb-2026,MAMU MAKASSAR,KIDS,PUTIH KID PJG M,0,14,0,0,18157,254198,254198
Mar-2026,MAMU MAKASSAR,KIDS,PUTIH KID PJG M,0,14,0,0,18157,254198,254198
Apr-2026,MAMU MAKASSAR,KIDS,PUTIH KID PJG M,0,14,0,0,18157,254198,254198
Mei-2026,MAMU MAKASSAR,KIDS,PUTIH KID PJG M,0,12,0,0,18157,217884,254198
Jun-2026,MAMU MAKASSAR,KIDS,PUTIH KID PJG M,36314,9,0,0,18157,163413,217884
Jul-2026,MAMU MAKASSAR,KIDS,PUTIH KID PJG M,127099,2,0,0,18157,36314,163413
Agu-2026,MAMU MAKASSAR,KIDS,PUTIH KID PJG M,36314,0,0,0,18157,0,36314
Jan-2026,MAMU MAKASSAR,KIDS,PUTIH KID PJG S,18326,5,0,0,18326,91630,0
Feb-2026,MAMU MAKASSAR,KIDS,PUTIH KID PJG S,18326,4,0,0,18326,73304,91630
Mar-2026,MAMU MAKASSAR,KIDS,PUTIH KID PJG S,36652,2,0,0,18326,36652,73304
Apr-2026,MAMU MAKASSAR,KIDS,PUTIH KID PJG S,36652,0,0,0,18326,0,36652
Jan-2026,MAMU MAKASSAR,KIDS,SAGE GREEN KID PJG L,0,43,0,0,19378,833254,0
Feb-2026,MAMU MAKASSAR,KIDS,SAGE GREEN KID PJG L,0,43,0,0,19378,833254,833254
Mar-2026,MAMU MAKASSAR,KIDS,SAGE GREEN KID PJG L,19378,42,0,0,19378,813876,833254
Apr-2026,MAMU MAKASSAR,KIDS,SAGE GREEN KID PJG L,19378,42,0,0,19378,813876,813876
Mei-2026,MAMU MAKASSAR,KIDS,SAGE GREEN KID PJG L,271292,25,0,0,19378,484450,813876
Jun-2026,MAMU MAKASSAR,KIDS,SAGE GREEN KID PJG L,0,12,0,0,19378,232536,484450
Jul-2026,MAMU MAKASSAR,KIDS,SAGE GREEN KID PJG L,0,12,0,0,19378,232536,232536
Agu-2026,MAMU MAKASSAR,KIDS,SAGE GREEN KID PJG L,19378,11,0,0,19378,213158,232536
Sep-2026,MAMU MAKASSAR,KIDS,SAGE GREEN KID PJG L,174402,2,0,0,19378,38756,213158
Okt-2026,MAMU MAKASSAR,KIDS,SAGE GREEN KID PJG L,0,2,0,0,19378,38756,38756
Jan-2026,MAMU MAKASSAR,KIDS,SAGE GREEN KID PJG M,0,8,0,0,19421,155368,0
Feb-2026,MAMU MAKASSAR,KIDS,SAGE GREEN KID PJG M,0,8,0,0,19421,155368,155368
Mar-2026,MAMU MAKASSAR,KIDS,SAGE GREEN KID PJG M,0,8,0,0,19421,155368,155368
Apr-2026,MAMU MAKASSAR,KIDS,SAGE GREEN KID PJG M,0,8,0,0,19421,155368,155368
Mei-2026,MAMU MAKASSAR,KIDS,SAGE GREEN KID PJG M,58245,4,0,0,19421,77684,155368
Jun-2026,MAMU MAKASSAR,KIDS,SAGE GREEN KID PJG M,38830,1,0,0,19421,19421,77684
Jul-2026,MAMU MAKASSAR,KIDS,SAGE GREEN KID PJG M,0,1,0,0,19421,19421,19421
Agu-2026,MAMU MAKASSAR,KIDS,SAGE GREEN KID PJG M,0,0,0,0,19421,0,19421
Jan-2026,MAMU MAKASSAR,KIDS,SAGE GREEN KID PJG S,0,4,0,0,19479,77916,0
Feb-2026,MAMU MAKASSAR,KIDS,SAGE GREEN KID PJG S,0,4,0,0,19479,77916,77916
Mar-2026,MAMU MAKASSAR,KIDS,SAGE GREEN KID PJG S,77860,0,0,0,19479,0,77916
Jan-2026,MAMU MAKASSAR,KIDS,SAGE GREEN KID PJG XS,0,4,0,0,17990,71960,0
Feb-2026,MAMU MAKASSAR,KIDS,SAGE GREEN KID PJG XS,35980,1,0,0,17990,17990,71960
Mar-2026,MAMU MAKASSAR,KIDS,SAGE GREEN KID PJG XS,17990,0,0,0,17990,0,17990
Jan-2026,MAMU MAKASSAR,KIDS,TOSCA KID PDK XS,123557,6,0,0,17740,106440,0
Feb-2026,MAMU MAKASSAR,KIDS,TOSCA KID PDK XS,88255,1,0,0,17740,17740,106440
Mar-2026,MAMU MAKASSAR,KIDS,TOSCA KID PDK XS,17651,0,0,0,17740,0,17740
Jan-2026,MAMU MAKASSAR,KIDS,TOSCA KID PJG S,19127,16,0,0,19154,306464,0
Feb-2026,MAMU MAKASSAR,KIDS,TOSCA KID PJG S,38254,15,0,0,19154,287310,306464
Mar-2026,MAMU MAKASSAR,KIDS,TOSCA KID PJG S,0,15,0,0,19154,287310,287310
Apr-2026,MAMU MAKASSAR,KIDS,TOSCA KID PJG S,0,14,0,0,19154,268156,287310
Mei-2026,MAMU MAKASSAR,KIDS,TOSCA KID PJG S,0,12,0,0,19154,229848,268156
Jun-2026,MAMU MAKASSAR,KIDS,TOSCA KID PJG S,0,12,0,0,19154,229848,229848
Jul-2026,MAMU MAKASSAR,KIDS,TOSCA KID PJG S,19127,11,0,0,19154,210694,229848
Agu-2026,MAMU MAKASSAR,KIDS,TOSCA KID PJG S,0,11,0,0,19154,210694,210694
Sep-2026,MAMU MAKASSAR,KIDS,TOSCA KID PJG S,0,11,0,0,19154,210694,210694
Okt-2026,MAMU MAKASSAR,KIDS,TOSCA KID PJG S,0,11,0,0,19154,210694,210694
Jan-2026,MAMU MAKASSAR,KIDS,TOSCA KID PJG XS,19051,5,0,0,18912,94560,0
Feb-2026,MAMU MAKASSAR,KIDS,TOSCA KID PJG XS,19051,3,0,0,18912,56736,94560
Mar-2026,MAMU MAKASSAR,KIDS,TOSCA KID PJG XS,38102,1,0,0,18912,18912,56736
Apr-2026,MAMU MAKASSAR,KIDS,TOSCA KID PJG XS,19051,0,0,0,18912,0,18912
Jan-2026,MAMU MAKASSAR,KIDS,TURKIS KID PDK XS,33004,4,0,0,17759,71036,0
Feb-2026,MAMU MAKASSAR,KIDS,TURKIS KID PDK XS,49506,0,0,0,17759,0,71036
Jan-2026,MAMU MAKASSAR,KIDS,TURKIS KID PJG S,0,20,0,0,18716,374320,0
Feb-2026,MAMU MAKASSAR,KIDS,TURKIS KID PJG S,0,20,0,0,18716,374320,374320
Mar-2026,MAMU MAKASSAR,KIDS,TURKIS KID PJG S,0,20,0,0,18716,374320,374320
Apr-2026,MAMU MAKASSAR,KIDS,TURKIS KID PJG S,19438,19,0,0,18716,355604,374320
Mei-2026,MAMU MAKASSAR,KIDS,TURKIS KID PJG S,19438,16,0,0,18716,299456,355604
Jun-2026,MAMU MAKASSAR,KIDS,TURKIS KID PJG S,0,16,0,0,18716,299456,299456
Jul-2026,MAMU MAKASSAR,KIDS,TURKIS KID PJG S,19438,15,0,0,18716,280740,299456
Agu-2026,MAMU MAKASSAR,KIDS,TURKIS KID PJG S,0,15,0,0,18716,280740,280740
Sep-2026,MAMU MAKASSAR,KIDS,TURKIS KID PJG S,0,15,0,0,18716,280740,280740
Okt-2026,MAMU MAKASSAR,KIDS,TURKIS KID PJG S,0,15,0,0,18716,280740,280740
Jan-2026,MAMU MAKASSAR,KIDS,TURKIS KID PJG XS,0,10,0,0,19095,190950,0
Feb-2026,MAMU MAKASSAR,KIDS,TURKIS KID PJG XS,0,10,0,0,19095,190950,190950
Mar-2026,MAMU MAKASSAR,KIDS,TURKIS KID PJG XS,38780,8,0,0,19095,152760,190950
Apr-2026,MAMU MAKASSAR,KIDS,TURKIS KID PJG XS,19390,7,0,0,19095,133665,152760
Mei-2026,MAMU MAKASSAR,KIDS,TURKIS KID PJG XS,0,5,0,0,19095,95475,133665
Jun-2026,MAMU MAKASSAR,KIDS,TURKIS KID PJG XS,19390,4,0,0,19095,76380,95475
Jul-2026,MAMU MAKASSAR,KIDS,TURKIS KID PJG XS,19390,3,0,0,19095,57285,76380
Agu-2026,MAMU MAKASSAR,KIDS,TURKIS KID PJG XS,0,3,0,0,19095,57285,57285
Sep-2026,MAMU MAKASSAR,KIDS,TURKIS KID PJG XS,19390,2,0,0,19095,38190,57285
Okt-2026,MAMU MAKASSAR,KIDS,TURKIS KID PJG XS,0,2,0,0,19095,38190,38190
Jan-2026,MAMU PALOPO,KIDS,ABU MISTY KID PDK XS,0,14,0,0,18822,263508,0
Feb-2026,MAMU PALOPO,KIDS,ABU MISTY KID PDK XS,0,14,0,0,18822,263508,263508
Mar-2026,MAMU PALOPO,KIDS,ABU MISTY KID PDK XS,18822,13,0,0,18822,244686,263508
Apr-2026,MAMU PALOPO,KIDS,ABU MISTY KID PDK XS,0,13,0,0,18822,244686,244686
Mei-2026,MAMU PALOPO,KIDS,ABU MISTY KID PDK XS,0,13,0,0,18822,244686,244686
Jun-2026,MAMU PALOPO,KIDS,ABU MISTY KID PDK XS,0,13,0,0,18822,244686,244686
Jul-2026,MAMU PALOPO,KIDS,ABU MISTY KID PDK XS,0,13,0,0,18822,244686,244686
Agu-2026,MAMU PALOPO,KIDS,ABU MISTY KID PDK XS,0,13,0,0,18822,244686,244686
Sep-2026,MAMU PALOPO,KIDS,ABU MISTY KID PDK XS,0,13,0,0,18822,244686,244686
Okt-2026,MAMU PALOPO,KIDS,ABU MISTY KID PDK XS,0,13,0,0,18822,244686,244686
Jan-2026,TIGALAPANKAOS BONE,KIDS,HITAM KID PJG XS,0,11,0,0,24767,272437,0
Feb-2026,TIGALAPANKAOS BONE,KIDS,HITAM KID PJG XS,0,11,0,0,24767,272437,272437
Mar-2026,TIGALAPANKAOS BONE,KIDS,HITAM KID PJG XS,0,11,0,0,24767,272437,272437
Apr-2026,TIGALAPANKAOS BONE,KIDS,HITAM KID PJG XS,0,11,0,0,24767,272437,272437
Mei-2026,TIGALAPANKAOS BONE,KIDS,HITAM KID PJG XS,0,11,0,0,24767,272437,272437
Jun-2026,TIGALAPANKAOS BONE,KIDS,HITAM KID PJG XS,0,11,0,0,24767,272437,272437
Jul-2026,TIGALAPANKAOS BONE,KIDS,HITAM KID PJG XS,0,11,0,0,24767,272437,272437
Agu-2026,TIGALAPANKAOS BONE,KIDS,HITAM KID PJG XS,0,11,0,0,24767,272437,272437
Sep-2026,TIGALAPANKAOS BONE,KIDS,HITAM KID PJG XS,0,11,0,0,24767,272437,272437
Okt-2026,TIGALAPANKAOS BONE,KIDS,HITAM KID PJG XS,0,11,0,0,24767,272437,272437
Jan-2026,TIGALAPANKAOS BONE,KIDS,NAVY KID PDK S,0,10,0,0,19343,193430,0
Feb-2026,TIGALAPANKAOS BONE,KIDS,NAVY KID PDK S,0,10,0,0,19343,193430,193430
Mar-2026,TIGALAPANKAOS BONE,KIDS,NAVY KID PDK S,0,10,0,0,19343,193430,193430
Apr-2026,TIGALAPANKAOS BONE,KIDS,NAVY KID PDK S,0,10,0,0,19343,193430,193430
Mei-2026,TIGALAPANKAOS BONE,KIDS,NAVY KID PDK S,0,10,0,0,19343,193430,193430
Jun-2026,TIGALAPANKAOS BONE,KIDS,NAVY KID PDK S,0,10,0,0,19343,193430,193430
Jul-2026,TIGALAPANKAOS BONE,KIDS,NAVY KID PDK S,0,10,0,0,19343,193430,193430
Agu-2026,TIGALAPANKAOS BONE,KIDS,NAVY KID PDK S,0,10,0,0,19343,193430,193430
Sep-2026,TIGALAPANKAOS BONE,KIDS,NAVY KID PDK S,0,10,0,0,19343,193430,193430
Okt-2026,TIGALAPANKAOS BONE,KIDS,NAVY KID PDK S,0,10,0,0,19343,193430,193430
Jan-2026,TIGALAPANKAOS MAKASSAR,KIDS,ABU MISTY KID PDK XS,0,6,0,0,18822,112932,0
Feb-2026,TIGALAPANKAOS MAKASSAR,KIDS,ABU MISTY KID PDK XS,39548,4,0,0,18822,75288,112932
Mar-2026,TIGALAPANKAOS MAKASSAR,KIDS,ABU MISTY KID PDK XS,19774,3,0,0,18822,56466,75288
Apr-2026,TIGALAPANKAOS MAKASSAR,KIDS,ABU MISTY KID PDK XS,0,0,0,0,18822,0,56466
Jan-2026,TIGALAPANKAOS MAKASSAR,KIDS,ABU TUA KID PDK L,16561,5,0,0,16561,82805,0
Feb-2026,TIGALAPANKAOS MAKASSAR,KIDS,ABU TUA KID PDK L,66244,1,0,0,16561,16561,82805
Mar-2026,TIGALAPANKAOS MAKASSAR,KIDS,ABU TUA KID PDK L,16561,0,0,0,16561,0,16561
Jan-2026,TIGALAPANKAOS MAKASSAR,KIDS,ABU TUA KID PDK XS,0,40,0,0,17192,687680,0
Feb-2026,TIGALAPANKAOS MAKASSAR,KIDS,ABU TUA KID PDK XS,15692,39,0,0,17192,670488,687680
Mar-2026,TIGALAPANKAOS MAKASSAR,KIDS,ABU TUA KID PDK XS,15692,21,0,0,17192,361032,670488
Apr-2026,TIGALAPANKAOS MAKASSAR,KIDS,ABU TUA KID PDK XS,31384,0,0,0,17192,0,361032
Jan-2026,TIGALAPANKAOS MAKASSAR,KIDS,ABU TUA KID PJG L,0,83,0,0,20442,1696686,0
Feb-2026,TIGALAPANKAOS MAKASSAR,KIDS,ABU TUA KID PJG L,0,83,0,0,20442,1696686,1696686
Mar-2026,TIGALAPANKAOS MAKASSAR,KIDS,ABU TUA KID PJG L,0,83,0,0,20442,1696686,1696686
Apr-2026,TIGALAPANKAOS MAKASSAR,KIDS,ABU TUA KID PJG L,0,83,0,0,20442,1696686,1696686
Mei-2026,TIGALAPANKAOS MAKASSAR,KIDS,ABU TUA KID PJG L,0,60,0,0,20442,1226520,1696686
Jun-2026,TIGALAPANKAOS MAKASSAR,KIDS,ABU TUA KID PJG L,0,21,0,0,20442,429282,1226520
Jul-2026,TIGALAPANKAOS MAKASSAR,KIDS,ABU TUA KID PJG L,20442,18,0,0,20442,367956,429282
Agu-2026,TIGALAPANKAOS MAKASSAR,KIDS,ABU TUA KID PJG L,61326,10,0,0,20442,204420,367956
Sep-2026,TIGALAPANKAOS MAKASSAR,KIDS,ABU TUA KID PJG L,20442,9,0,0,20442,183978,204420
Okt-2026,TIGALAPANKAOS MAKASSAR,KIDS,ABU TUA KID PJG L,0,9,0,0,20442,183978,183978
Jan-2026,TIGALAPANKAOS MAKASSAR,KIDS,ABU TUA KID PJG M,0,7,0,0,20224,141568,0
Feb-2026,TIGALAPANKAOS MAKASSAR,KIDS,ABU TUA KID PJG M,0,7,0,0,20224,141568,141568
Mar-2026,TIGALAPANKAOS MAKASSAR,KIDS,ABU TUA KID PJG M,20224,6,0,0,20224,121344,141568
Apr-2026,TIGALAPANKAOS MAKASSAR,KIDS,ABU TUA KID PJG M,0,6,0,0,20224,121344,121344
Mei-2026,TIGALAPANKAOS MAKASSAR,KIDS,ABU TUA KID PJG M,0,6,0,0,20224,121344,121344
Jun-2026,TIGALAPANKAOS MAKASSAR,KIDS,ABU TUA KID PJG M,0,6,0,0,20224,121344,121344
Jul-2026,TIGALAPANKAOS MAKASSAR,KIDS,ABU TUA KID PJG M,0,6,0,0,20224,121344,121344
Agu-2026,TIGALAPANKAOS MAKASSAR,KIDS,ABU TUA KID PJG M,0,3,0,0,20224,60672,121344
Sep-2026,TIGALAPANKAOS MAKASSAR,KIDS,ABU TUA KID PJG M,0,0,0,0,20224,0,60672
Jan-2026,TIGALAPANKAOS MAKASSAR,KIDS,ABU TUA KID PJG S,0,4,0,0,20442,81768,0
Feb-2026,TIGALAPANKAOS MAKASSAR,KIDS,ABU TUA KID PJG S,0,4,0,0,20442,81768,81768
Mar-2026,TIGALAPANKAOS MAKASSAR,KIDS,ABU TUA KID PJG S,0,4,0,0,20442,81768,81768
Apr-2026,TIGALAPANKAOS MAKASSAR,KIDS,ABU TUA KID PJG S,0,4,0,0,20442,81768,81768
Mei-2026,TIGALAPANKAOS MAKASSAR,KIDS,ABU TUA KID PJG S,20442,3,0,0,20442,61326,81768
Jun-2026,TIGALAPANKAOS MAKASSAR,KIDS,ABU TUA KID PJG S,0,3,0,0,20442,61326,61326
Jul-2026,TIGALAPANKAOS MAKASSAR,KIDS,ABU TUA KID PJG S,20442,2,0,0,20442,40884,61326
Agu-2026,TIGALAPANKAOS MAKASSAR,KIDS,ABU TUA KID PJG S,0,2,0,0,20442,40884,40884
Sep-2026,TIGALAPANKAOS MAKASSAR,KIDS,ABU TUA KID PJG S,0,2,0,0,20442,40884,40884
Okt-2026,TIGALAPANKAOS MAKASSAR,KIDS,ABU TUA KID PJG S,0,2,0,0,20442,40884,40884
Jan-2026,TIGALAPANKAOS MAKASSAR,KIDS,ABU TUA KID PJG XL,0,8,0,0,20875,167000,0
Feb-2026,TIGALAPANKAOS MAKASSAR,KIDS,ABU TUA KID PJG XL,0,8,0,0,20875,167000,167000
Mar-2026,TIGALAPANKAOS MAKASSAR,KIDS,ABU TUA KID PJG XL,20875,2,0,0,20875,41750,167000
Apr-2026,TIGALAPANKAOS MAKASSAR,KIDS,ABU TUA KID PJG XL,0,2,0,0,20875,41750,41750
Mei-2026,TIGALAPANKAOS MAKASSAR,KIDS,ABU TUA KID PJG XL,0,2,0,0,20875,41750,41750
Jun-2026,TIGALAPANKAOS MAKASSAR,KIDS,ABU TUA KID PJG XL,0,2,0,0,20875,41750,41750
Jul-2026,TIGALAPANKAOS MAKASSAR,KIDS,ABU TUA KID PJG XL,0,0,0,0,20875,0,41750
Jan-2026,TIGALAPANKAOS MAKASSAR,KIDS,BEIGE KID PDK XS,15891,4,0,0,16381,65524,0
Feb-2026,TIGALAPANKAOS MAKASSAR,KIDS,BEIGE KID PDK XS,15891,3,0,0,16381,49143,65524
Mar-2026,TIGALAPANKAOS MAKASSAR,KIDS,BEIGE KID PDK XS,31782,0,0,0,16381,0,49143
Jan-2026,TIGALAPANKAOS MAKASSAR,KIDS,BEIGE KID PJG L,0,23,0,0,18153,417519,0
Feb-2026,TIGALAPANKAOS MAKASSAR,KIDS,BEIGE KID PJG L,0,23,0,0,18153,417519,417519
Mar-2026,TIGALAPANKAOS MAKASSAR,KIDS,BEIGE KID PJG L,0,16,0,0,18153,290448,417519
Apr-2026,TIGALAPANKAOS MAKASSAR,KIDS,BEIGE KID PJG L,0,10,0,0,18153,181530,290448
Mei-2026,TIGALAPANKAOS MAKASSAR,KIDS,BEIGE KID PJG L,0,8,0,0,18153,145224,181530
Jun-2026,TIGALAPANKAOS MAKASSAR,KIDS,BEIGE KID PJG L,0,7,0,0,18153,127071,145224
Jul-2026,TIGALAPANKAOS MAKASSAR,KIDS,BEIGE KID PJG L,0,2,0,0,18153,36306,127071
Agu-2026,TIGALAPANKAOS MAKASSAR,KIDS,BEIGE KID PJG L,0,1,0,0,18153,18153,36306
Sep-2026,TIGALAPANKAOS MAKASSAR,KIDS,BEIGE KID PJG L,0,1,0,0,18153,18153,18153
Okt-2026,TIGALAPANKAOS MAKASSAR,KIDS,BEIGE KID PJG L,0,1,0,0,18153,18153,18153
Jan-2026,TIGALAPANKAOS MAKASSAR,KIDS,BEIGE KID PJG M,0,16,0,0,17902,286432,0
Feb-2026,TIGALAPANKAOS MAKASSAR,KIDS,BEIGE KID PJG M,0,16,0,0,17902,286432,286432
Mar-2026,TIGALAPANKAOS MAKASSAR,KIDS,BEIGE KID PJG M,0,13,0,0,17902,232726,286432
Apr-2026,TIGALAPANKAOS MAKASSAR,KIDS,BEIGE KID PJG M,0,13,0,0,17902,232726,232726
Mei-2026,TIGALAPANKAOS MAKASSAR,KIDS,BEIGE KID PJG M,0,13,0,0,17902,232726,232726
Jun-2026,TIGALAPANKAOS MAKASSAR,KIDS,BEIGE KID PJG M,0,3,0,0,17902,53706,232726
Jul-2026,TIGALAPANKAOS MAKASSAR,KIDS,BEIGE KID PJG M,1288,2,0,0,17902,35804,53706
Agu-2026,TIGALAPANKAOS MAKASSAR,KIDS,BEIGE KID PJG M,1288,0,0,0,17902,0,35804
Jan-2026,TIGALAPANKAOS MAKASSAR,KIDS,BEIGE KID PJG S,0,16,0,0,18086,289376,0
Feb-2026,TIGALAPANKAOS MAKASSAR,KIDS,BEIGE KID PJG S,0,16,0,0,18086,289376,289376
Mar-2026,TIGALAPANKAOS MAKASSAR,KIDS,BEIGE KID PJG S,0,14,0,0,18086,253204,289376
Apr-2026,TIGALAPANKAOS MAKASSAR,KIDS,BEIGE KID PJG S,0,13,0,0,18086,235118,253204
Mei-2026,TIGALAPANKAOS MAKASSAR,KIDS,BEIGE KID PJG S,0,13,0,0,18086,235118,235118
Jun-2026,TIGALAPANKAOS MAKASSAR,KIDS,BEIGE KID PJG S,0,3,0,0,18086,54258,235118
Jul-2026,TIGALAPANKAOS MAKASSAR,KIDS,BEIGE KID PJG S,0,0,0,0,18086,0,54258
Jan-2026,TIGALAPANKAOS MAKASSAR,KIDS,BEIGE KID PJG XS,0,12,0,0,17635,211620,0
Feb-2026,TIGALAPANKAOS MAKASSAR,KIDS,BEIGE KID PJG XS,0,12,0,0,17635,211620,211620
Mar-2026,TIGALAPANKAOS MAKASSAR,KIDS,BEIGE KID PJG XS,0,0,0,0,17635,0,211620
Jan-2026,TIGALAPANKAOS MAKASSAR,KIDS,BENHUR KID PDK M,15771,0,0,0,31000,0,0
Jan-2026,TIGALAPANKAOS MAKASSAR,KIDS,BENHUR KID PJG M,0,15,0,0,20075,301125,0
Feb-2026,TIGALAPANKAOS MAKASSAR,KIDS,BENHUR KID PJG M,0,15,0,0,20075,301125,301125
Mar-2026,TIGALAPANKAOS MAKASSAR,KIDS,BENHUR KID PJG M,0,15,0,0,20075,301125,301125
Apr-2026,TIGALAPANKAOS MAKASSAR,KIDS,BENHUR KID PJG M,0,15,0,0,20075,301125,301125
Mei-2026,TIGALAPANKAOS MAKASSAR,KIDS,BENHUR KID PJG M,0,15,0,0,20075,301125,301125
Jun-2026,TIGALAPANKAOS MAKASSAR,KIDS,BENHUR KID PJG M,0,15,0,0,20075,301125,301125
Jul-2026,TIGALAPANKAOS MAKASSAR,KIDS,BENHUR KID PJG M,0,13,0,0,20075,260975,301125
Agu-2026,TIGALAPANKAOS MAKASSAR,KIDS,BENHUR KID PJG M,0,8,0,0,20075,160600,260975
Sep-2026,TIGALAPANKAOS MAKASSAR,KIDS,BENHUR KID PJG M,0,4,0,0,20075,80300,160600
Okt-2026,TIGALAPANKAOS MAKASSAR,KIDS,BENHUR KID PJG M,0,4,0,0,20075,80300,80300
Jan-2026,TIGALAPANKAOS MAKASSAR,KIDS,BENHUR KID PJG S,0,49,0,0,19234,942466,0
Feb-2026,TIGALAPANKAOS MAKASSAR,KIDS,BENHUR KID PJG S,0,49,0,0,19234,942466,942466
Mar-2026,TIGALAPANKAOS MAKASSAR,KIDS,BENHUR KID PJG S,0,49,0,0,19234,942466,942466
Apr-2026,TIGALAPANKAOS MAKASSAR,KIDS,BENHUR KID PJG S,0,49,0,0,19234,942466,942466
Mei-2026,TIGALAPANKAOS MAKASSAR,KIDS,BENHUR KID PJG S,0,59,0,0,19234,1134806,942466
Jun-2026,TIGALAPANKAOS MAKASSAR,KIDS,BENHUR KID PJG S,0,19,0,0,19234,365446,1134806
Jul-2026,TIGALAPANKAOS MAKASSAR,KIDS,BENHUR KID PJG S,0,17,0,0,19234,326978,365446
Agu-2026,TIGALAPANKAOS MAKASSAR,KIDS,BENHUR KID PJG S,0,17,0,0,19234,326978,326978
Sep-2026,TIGALAPANKAOS MAKASSAR,KIDS,BENHUR KID PJG S,0,14,0,0,19234,269276,326978
Okt-2026,TIGALAPANKAOS MAKASSAR,KIDS,BENHUR KID PJG S,0,14,0,0,19234,269276,269276
Jan-2026,TIGALAPANKAOS MAKASSAR,KIDS,BENHUR KID PJG XL,0,1,0,0,20498,20498,0
Feb-2026,TIGALAPANKAOS MAKASSAR,KIDS,BENHUR KID PJG XL,0,1,0,0,20498,20498,20498
Mar-2026,TIGALAPANKAOS MAKASSAR,KIDS,BENHUR KID PJG XL,0,1,0,0,20498,20498,20498
Apr-2026,TIGALAPANKAOS MAKASSAR,KIDS,BENHUR KID PJG XL,0,1,0,0,20498,20498,20498
Mei-2026,TIGALAPANKAOS MAKASSAR,KIDS,BENHUR KID PJG XL,0,1,0,0,20498,20498,20498
Jun-2026,TIGALAPANKAOS MAKASSAR,KIDS,BENHUR KID PJG XL,0,1,0,0,20498,20498,20498
Jul-2026,TIGALAPANKAOS MAKASSAR,KIDS,BENHUR KID PJG XL,0,0,0,0,20498,0,20498
Jan-2026,TIGALAPANKAOS MAKASSAR,KIDS,BENHUR KID PJG XS,0,38,0,0,18648,708624,0
Feb-2026,TIGALAPANKAOS MAKASSAR,KIDS,BENHUR KID PJG XS,18648,37,0,0,18648,689976,708624
Mar-2026,TIGALAPANKAOS MAKASSAR,KIDS,BENHUR KID PJG XS,0,37,0,0,18648,689976,689976
Apr-2026,TIGALAPANKAOS MAKASSAR,KIDS,BENHUR KID PJG XS,0,31,0,0,18648,578088,689976
Mei-2026,TIGALAPANKAOS MAKASSAR,KIDS,BENHUR KID PJG XS,0,16,0,0,18648,298368,578088
Jun-2026,TIGALAPANKAOS MAKASSAR,KIDS,BENHUR KID PJG XS,0,26,0,0,18648,484848,298368
Jul-2026,TIGALAPANKAOS MAKASSAR,KIDS,BENHUR KID PJG XS,0,24,0,0,18648,447552,484848
Agu-2026,TIGALAPANKAOS MAKASSAR,KIDS,BENHUR KID PJG XS,0,15,0,0,18648,279720,447552
Sep-2026,TIGALAPANKAOS MAKASSAR,KIDS,BENHUR KID PJG XS,0,15,0,0,18648,279720,279720
Okt-2026,TIGALAPANKAOS MAKASSAR,KIDS,BENHUR KID PJG XS,0,15,0,0,18648,279720,279720
Jan-2026,TIGALAPANKAOS MAKASSAR,KIDS,COKLAT SUSU KID PJG L,40352,3,0,0,20176,60528,0
Feb-2026,TIGALAPANKAOS MAKASSAR,KIDS,COKLAT SUSU KID PJG L,0,3,0,0,20176,60528,60528
Mar-2026,TIGALAPANKAOS MAKASSAR,KIDS,COKLAT SUSU KID PJG L,0,1,0,0,20176,20176,60528
Apr-2026,TIGALAPANKAOS MAKASSAR,KIDS,COKLAT SUSU KID PJG L,20176,0,0,0,20176,0,20176
Jan-2026,TIGALAPANKAOS MAKASSAR,KIDS,COKLAT TUA KID PDK XS,13242,6,0,0,13242,79452,0
Feb-2026,TIGALAPANKAOS MAKASSAR,KIDS,COKLAT TUA KID PDK XS,39726,3,0,0,13242,39726,79452
Mar-2026,TIGALAPANKAOS MAKASSAR,KIDS,COKLAT TUA KID PDK XS,13242,0,0,0,13242,0,39726
Jan-2026,TIGALAPANKAOS MAKASSAR,KIDS,CREAM KID PDK 2XL,0,5,0,0,17500,87500,0
Feb-2026,TIGALAPANKAOS MAKASSAR,KIDS,CREAM KID PDK 2XL,0,4,0,0,17500,70000,87500
Mar-2026,TIGALAPANKAOS MAKASSAR,KIDS,CREAM KID PDK 2XL,0,2,0,0,17500,35000,70000
Apr-2026,TIGALAPANKAOS MAKASSAR,KIDS,CREAM KID PDK 2XL,0,0,0,0,17500,0,35000
Jan-2026,TIGALAPANKAOS MAKASSAR,KIDS,CREAM KID PJG 2XL,0,14,0,0,20500,287000,0
Feb-2026,TIGALAPANKAOS MAKASSAR,KIDS,CREAM KID PJG 2XL,0,13,0,0,20500,266500,287000
Mar-2026,TIGALAPANKAOS MAKASSAR,KIDS,CREAM KID PJG 2XL,0,13,0,0,20500,266500,266500
Apr-2026,TIGALAPANKAOS MAKASSAR,KIDS,CREAM KID PJG 2XL,0,1,0,0,20500,20500,266500
Mei-2026,TIGALAPANKAOS MAKASSAR,KIDS,CREAM KID PJG 2XL,0,0,0,0,20500,0,20500
Jan-2026,TIGALAPANKAOS MAKASSAR,KIDS,DEEP BLUE KID PDK M,0,8,0,0,17416,139328,0
Feb-2026,TIGALAPANKAOS MAKASSAR,KIDS,DEEP BLUE KID PDK M,86490,3,0,0,17416,52248,139328
Mar-2026,TIGALAPANKAOS MAKASSAR,KIDS,DEEP BLUE KID PDK M,0,0,0,0,17416,0,52248
Jan-2026,TIGALAPANKAOS MAKASSAR,KIDS,DEEP BLUE KID PDK XS,0,10,0,0,16314,163140,0
Feb-2026,TIGALAPANKAOS MAKASSAR,KIDS,DEEP BLUE KID PDK XS,0,10,0,0,16314,163140,163140
Mar-2026,TIGALAPANKAOS MAKASSAR,KIDS,DEEP BLUE KID PDK XS,37846,1,0,0,16314,16314,163140
Apr-2026,TIGALAPANKAOS MAKASSAR,KIDS,DEEP BLUE KID PDK XS,18923,0,0,0,16314,0,16314
Jan-2026,TIGALAPANKAOS MAKASSAR,KIDS,FANTA KID PJG 2XL,0,30,0,0,27713,831390,0
Feb-2026,TIGALAPANKAOS MAKASSAR,KIDS,FANTA KID PJG 2XL,27713,28,0,0,27713,775964,831390
Mar-2026,TIGALAPANKAOS MAKASSAR,KIDS,FANTA KID PJG 2XL,0,28,0,0,27713,775964,775964
Apr-2026,TIGALAPANKAOS MAKASSAR,KIDS,FANTA KID PJG 2XL,0,25,0,0,27713,692825,775964
Mei-2026,TIGALAPANKAOS MAKASSAR,KIDS,FANTA KID PJG 2XL,27713,23,0,0,27713,637399,692825
Jun-2026,TIGALAPANKAOS MAKASSAR,KIDS,FANTA KID PJG 2XL,0,20,0,0,27713,554260,637399
Jul-2026,TIGALAPANKAOS MAKASSAR,KIDS,FANTA KID PJG 2XL,55426,16,0,0,27713,443408,554260
Agu-2026,TIGALAPANKAOS MAKASSAR,KIDS,FANTA KID PJG 2XL,27713,0,0,0,27713,0,443408
Jan-2026,TIGALAPANKAOS MAKASSAR,KIDS,HIJAU ARMY KID PDK M,0,4,0,0,16295,65180,0
Feb-2026,TIGALAPANKAOS MAKASSAR,KIDS,HIJAU ARMY KID PDK M,16295,3,0,0,16295,48885,65180
Mar-2026,TIGALAPANKAOS MAKASSAR,KIDS,HIJAU ARMY KID PDK M,0,0,0,0,16295,0,48885
Jan-2026,TIGALAPANKAOS MAKASSAR,KIDS,HIJAU ARMY KID PDK S,0,3,0,0,18367,55101,0
Feb-2026,TIGALAPANKAOS MAKASSAR,KIDS,HIJAU ARMY KID PDK S,0,3,0,0,18367,55101,55101
Mar-2026,TIGALAPANKAOS MAKASSAR,KIDS,HIJAU ARMY KID PDK S,0,0,0,0,18367,0,55101
Jan-2026,TIGALAPANKAOS MAKASSAR,KIDS,HIJAU ARMY KID PDK XS,0,9,0,0,15952,143568,0
Feb-2026,TIGALAPANKAOS MAKASSAR,KIDS,HIJAU ARMY KID PDK XS,0,9,0,0,15952,143568,143568
Mar-2026,TIGALAPANKAOS MAKASSAR,KIDS,HIJAU ARMY KID PDK XS,15952,8,0,0,15952,127616,143568
Apr-2026,TIGALAPANKAOS MAKASSAR,KIDS,HIJAU ARMY KID PDK XS,15952,0,0,0,15952,0,127616
Jan-2026,TIGALAPANKAOS MAKASSAR,KIDS,HIJAU ARMY KID PJG 2XL,0,1,0,0,26498,26498,0
Feb-2026,TIGALAPANKAOS MAKASSAR,KIDS,HIJAU ARMY KID PJG 2XL,0,1,0,0,26498,26498,26498
Mar-2026,TIGALAPANKAOS MAKASSAR,KIDS,HIJAU ARMY KID PJG 2XL,0,1,0,0,26498,26498,26498
Apr-2026,TIGALAPANKAOS MAKASSAR,KIDS,HIJAU ARMY KID PJG 2XL,0,1,0,0,26498,26498,26498
Mei-2026,TIGALAPANKAOS MAKASSAR,KIDS,HIJAU ARMY KID PJG 2XL,0,1,0,0,26498,26498,26498
Jun-2026,TIGALAPANKAOS MAKASSAR,KIDS,HIJAU ARMY KID PJG 2XL,26498,0,0,0,26498,0,26498
Jan-2026,TIGALAPANKAOS MAKASSAR,KIDS,HIJAU ARMY KID PJG L,0,42,0,0,24344,1022448,0
Feb-2026,TIGALAPANKAOS MAKASSAR,KIDS,HIJAU ARMY KID PJG L,0,42,0,0,24344,1022448,1022448
Mar-2026,TIGALAPANKAOS MAKASSAR,KIDS,HIJAU ARMY KID PJG L,0,39,0,0,24344,949416,1022448
Apr-2026,TIGALAPANKAOS MAKASSAR,KIDS,HIJAU ARMY KID PJG L,0,39,0,0,24344,949416,949416
Mei-2026,TIGALAPANKAOS MAKASSAR,KIDS,HIJAU ARMY KID PJG L,24344,33,0,0,24344,803352,949416
Jun-2026,TIGALAPANKAOS MAKASSAR,KIDS,HIJAU ARMY KID PJG L,0,33,0,0,24344,803352,803352
Jul-2026,TIGALAPANKAOS MAKASSAR,KIDS,HIJAU ARMY KID PJG L,73032,29,0,0,24344,705976,803352
Agu-2026,TIGALAPANKAOS MAKASSAR,KIDS,HIJAU ARMY KID PJG L,48688,26,0,0,24344,632944,705976
Sep-2026,TIGALAPANKAOS MAKASSAR,KIDS,HIJAU ARMY KID PJG L,48688,20,0,0,24344,486880,632944
Okt-2026,TIGALAPANKAOS MAKASSAR,KIDS,HIJAU ARMY KID PJG L,0,20,0,0,24344,486880,486880
Jan-2026,TIGALAPANKAOS MAKASSAR,KIDS,HIJAU ARMY KID PJG M,0,56,0,0,19758,1106448,0
Feb-2026,TIGALAPANKAOS MAKASSAR,KIDS,HIJAU ARMY KID PJG M,19758,55,0,0,19758,1086690,1106448
Mar-2026,TIGALAPANKAOS MAKASSAR,KIDS,HIJAU ARMY KID PJG M,0,55,0,0,19758,1086690,1086690
Apr-2026,TIGALAPANKAOS MAKASSAR,KIDS,HIJAU ARMY KID PJG M,0,45,0,0,19758,889110,1086690
Mei-2026,TIGALAPANKAOS MAKASSAR,KIDS,HIJAU ARMY KID PJG M,0,40,0,0,19758,790320,889110
Jun-2026,TIGALAPANKAOS MAKASSAR,KIDS,HIJAU ARMY KID PJG M,19758,22,0,0,19758,434676,790320
Jul-2026,TIGALAPANKAOS MAKASSAR,KIDS,HIJAU ARMY KID PJG M,19758,19,0,0,19758,375402,434676
Agu-2026,TIGALAPANKAOS MAKASSAR,KIDS,HIJAU ARMY KID PJG M,59274,15,0,0,19758,296370,375402
Sep-2026,TIGALAPANKAOS MAKASSAR,KIDS,HIJAU ARMY KID PJG M,0,12,0,0,19758,237096,296370
Okt-2026,TIGALAPANKAOS MAKASSAR,KIDS,HIJAU ARMY KID PJG M,0,12,0,0,19758,237096,237096
Jan-2026,TIGALAPANKAOS MAKASSAR,KIDS,HIJAU ARMY KID PJG S,0,35,0,0,21708,759780,0
Feb-2026,TIGALAPANKAOS MAKASSAR,KIDS,HIJAU ARMY KID PJG S,0,35,0,0,21708,759780,759780
Mar-2026,TIGALAPANKAOS MAKASSAR,KIDS,HIJAU ARMY KID PJG S,21708,30,0,0,21708,651240,759780
Apr-2026,TIGALAPANKAOS MAKASSAR,KIDS,HIJAU ARMY KID PJG S,0,30,0,0,21708,651240,651240
Mei-2026,TIGALAPANKAOS MAKASSAR,KIDS,HIJAU ARMY KID PJG S,0,30,0,0,21708,651240,651240
Jun-2026,TIGALAPANKAOS MAKASSAR,KIDS,HIJAU ARMY KID PJG S,43416,18,0,0,21708,390744,651240
Jul-2026,TIGALAPANKAOS MAKASSAR,KIDS,HIJAU ARMY KID PJG S,21708,15,0,0,21708,325620,390744
Agu-2026,TIGALAPANKAOS MAKASSAR,KIDS,HIJAU ARMY KID PJG S,65124,12,0,0,21708,260496,325620
Sep-2026,TIGALAPANKAOS MAKASSAR,KIDS,HIJAU ARMY KID PJG S,21708,11,0,0,21708,238788,260496
Okt-2026,TIGALAPANKAOS MAKASSAR,KIDS,HIJAU ARMY KID PJG S,0,11,0,0,21708,238788,238788
Jan-2026,TIGALAPANKAOS MAKASSAR,KIDS,HIJAU ARMY KID PJG XL,0,3,0,0,26488,79464,0
Feb-2026,TIGALAPANKAOS MAKASSAR,KIDS,HIJAU ARMY KID PJG XL,0,3,0,0,26488,79464,79464
Mar-2026,TIGALAPANKAOS MAKASSAR,KIDS,HIJAU ARMY KID PJG XL,0,0,0,0,26488,0,79464
Jan-2026,TIGALAPANKAOS MAKASSAR,KIDS,HIJAU ARMY KID PJG XS,0,8,0,0,19803,158424,0
Feb-2026,TIGALAPANKAOS MAKASSAR,KIDS,HIJAU ARMY KID PJG XS,0,8,0,0,19803,158424,158424
Mar-2026,TIGALAPANKAOS MAKASSAR,KIDS,HIJAU ARMY KID PJG XS,0,8,0,0,19803,158424,158424
Apr-2026,TIGALAPANKAOS MAKASSAR,KIDS,HIJAU ARMY KID PJG XS,0,8,0,0,19803,158424,158424
Mei-2026,TIGALAPANKAOS MAKASSAR,KIDS,HIJAU ARMY KID PJG XS,0,7,0,0,19803,138621,158424
Jun-2026,TIGALAPANKAOS MAKASSAR,KIDS,HIJAU ARMY KID PJG XS,0,1,0,0,19803,19803,138621
Jul-2026,TIGALAPANKAOS MAKASSAR,KIDS,HIJAU ARMY KID PJG XS,0,1,0,0,19803,19803,19803
Agu-2026,TIGALAPANKAOS MAKASSAR,KIDS,HIJAU ARMY KID PJG XS,0,1,0,0,19803,19803,19803
Sep-2026,TIGALAPANKAOS MAKASSAR,KIDS,HIJAU ARMY KID PJG XS,0,1,0,0,19803,19803,19803
Okt-2026,TIGALAPANKAOS MAKASSAR,KIDS,HIJAU ARMY KID PJG XS,0,1,0,0,19803,19803,19803
Jan-2026,TIGALAPANKAOS MAKASSAR,KIDS,HITAM KID PDK 2XL,0,21,0,0,16803,352863,0
Feb-2026,TIGALAPANKAOS MAKASSAR,KIDS,HITAM KID PDK 2XL,117621,12,0,0,16803,201636,352863
Mar-2026,TIGALAPANKAOS MAKASSAR,KIDS,HITAM KID PDK 2XL,50409,0,0,0,16803,0,201636
Apr-2026,TIGALAPANKAOS MAKASSAR,KIDS,HITAM KID PDK 2XL,0,1,0,0,16803,16803,0
Mei-2026,TIGALAPANKAOS MAKASSAR,KIDS,HITAM KID PDK 2XL,0,1,0,0,16803,16803,16803
Jun-2026,TIGALAPANKAOS MAKASSAR,KIDS,HITAM KID PDK 2XL,16803,0,0,0,16803,0,16803
Jan-2026,TIGALAPANKAOS MAKASSAR,KIDS,HITAM KID PDK S,0,1,0,0,16971,16971,0
Feb-2026,TIGALAPANKAOS MAKASSAR,KIDS,HITAM KID PDK S,16971,0,0,0,16971,0,16971
Jan-2026,TIGALAPANKAOS MAKASSAR,KIDS,HITAM KID PDK XS,0,146,0,0,17640,2575440,0
Feb-2026,TIGALAPANKAOS MAKASSAR,KIDS,HITAM KID PDK XS,51000,138,0,0,17640,2434320,2575440
Mar-2026,TIGALAPANKAOS MAKASSAR,KIDS,HITAM KID PDK XS,85000,120,0,0,17640,2116800,2434320
Apr-2026,TIGALAPANKAOS MAKASSAR,KIDS,HITAM KID PDK XS,85000,112,0,0,17640,1975680,2116800
Mei-2026,TIGALAPANKAOS MAKASSAR,KIDS,HITAM KID PDK XS,17000,111,0,0,17640,1958040,1975680
Jun-2026,TIGALAPANKAOS MAKASSAR,KIDS,HITAM KID PDK XS,289000,75,0,0,17640,1323000,1958040
Jul-2026,TIGALAPANKAOS MAKASSAR,KIDS,HITAM KID PDK XS,68000,70,0,0,17640,1234800,1323000
Agu-2026,TIGALAPANKAOS MAKASSAR,KIDS,HITAM KID PDK XS,102000,63,0,0,17640,1111320,1234800
Sep-2026,TIGALAPANKAOS MAKASSAR,KIDS,HITAM KID PDK XS,51000,60,0,0,17640,1058400,1111320
Okt-2026,TIGALAPANKAOS MAKASSAR,KIDS,HITAM KID PDK XS,0,60,0,0,17640,1058400,1058400
Jan-2026,TIGALAPANKAOS MAKASSAR,KIDS,HITAM KID PJG L,57294,545,0,0,19098,10408410,0
Feb-2026,TIGALAPANKAOS MAKASSAR,KIDS,HITAM KID PJG L,19098,529,0,0,19098,10102842,10408410
Mar-2026,TIGALAPANKAOS MAKASSAR,KIDS,HITAM KID PJG L,19098,528,0,0,19098,10083744,10102842
Apr-2026,TIGALAPANKAOS MAKASSAR,KIDS,HITAM KID PJG L,0,527,0,0,19098,10064646,10083744
Mei-2026,TIGALAPANKAOS MAKASSAR,KIDS,HITAM KID PJG L,0,527,0,0,19098,10064646,10064646
Jun-2026,TIGALAPANKAOS MAKASSAR,KIDS,HITAM KID PJG L,0,519,0,0,19098,9911862,10064646
Jul-2026,TIGALAPANKAOS MAKASSAR,KIDS,HITAM KID PJG L,38122,515,0,0,19098,9835470,9911862
Agu-2026,TIGALAPANKAOS MAKASSAR,KIDS,HITAM KID PJG L,38122,499,0,0,19098,9529902,9835470
Sep-2026,TIGALAPANKAOS MAKASSAR,KIDS,HITAM KID PJG L,0,467,0,0,19098,8918766,9529902
Okt-2026,TIGALAPANKAOS MAKASSAR,KIDS,HITAM KID PJG L,0,467,0,0,19098,8918766,8918766
Jan-2026,TIGALAPANKAOS MAKASSAR,KIDS,HITAM KID PJG M,38264,535,0,0,19132,10235620,0
Feb-2026,TIGALAPANKAOS MAKASSAR,KIDS,HITAM KID PJG M,0,520,0,0,19132,9948640,10235620
Mar-2026,TIGALAPANKAOS MAKASSAR,KIDS,HITAM KID PJG M,19132,519,0,0,19132,9929508,9948640
Apr-2026,TIGALAPANKAOS MAKASSAR,KIDS,HITAM KID PJG M,0,519,0,0,19132,9929508,9929508
Mei-2026,TIGALAPANKAOS MAKASSAR,KIDS,HITAM KID PJG M,0,514,0,0,19132,9833848,9929508
Jun-2026,TIGALAPANKAOS MAKASSAR,KIDS,HITAM KID PJG M,0,509,0,0,19132,9738188,9833848
Jul-2026,TIGALAPANKAOS MAKASSAR,KIDS,HITAM KID PJG M,76528,503,0,0,19132,9623396,9738188
Agu-2026,TIGALAPANKAOS MAKASSAR,KIDS,HITAM KID PJG M,0,489,0,0,19132,9355548,9623396
Sep-2026,TIGALAPANKAOS MAKASSAR,KIDS,HITAM KID PJG M,38264,477,0,0,19132,9125964,9355548
Okt-2026,TIGALAPANKAOS MAKASSAR,KIDS,HITAM KID PJG M,0,477,0,0,19132,9125964,9125964
Jan-2026,TIGALAPANKAOS MAKASSAR,KIDS,HITAM KID PJG S,18804,76,0,0,18804,1429104,0
Feb-2026,TIGALAPANKAOS MAKASSAR,KIDS,HITAM KID PJG S,0,60,0,0,18804,1128240,1429104
Mar-2026,TIGALAPANKAOS MAKASSAR,KIDS,HITAM KID PJG S,0,60,0,0,18804,1128240,1128240
Apr-2026,TIGALAPANKAOS MAKASSAR,KIDS,HITAM KID PJG S,0,61,0,0,18804,1147044,1128240
Mei-2026,TIGALAPANKAOS MAKASSAR,KIDS,HITAM KID PJG S,0,61,0,0,18804,1147044,1147044
Jun-2026,TIGALAPANKAOS MAKASSAR,KIDS,HITAM KID PJG S,18804,46,0,0,18804,864984,1147044
Jul-2026,TIGALAPANKAOS MAKASSAR,KIDS,HITAM KID PJG S,0,44,0,0,18804,827376,864984
Agu-2026,TIGALAPANKAOS MAKASSAR,KIDS,HITAM KID PJG S,0,44,0,0,18804,827376,827376
Sep-2026,TIGALAPANKAOS MAKASSAR,KIDS,HITAM KID PJG S,0,44,0,0,18804,827376,827376
Okt-2026,TIGALAPANKAOS MAKASSAR,KIDS,HITAM KID PJG S,0,44,0,0,18804,827376,827376
Jan-2026,TIGALAPANKAOS MAKASSAR,KIDS,HITAM KID PJG XL,0,31,0,0,19047,590457,0
Feb-2026,TIGALAPANKAOS MAKASSAR,KIDS,HITAM KID PJG XL,0,16,0,0,19047,304752,590457
Mar-2026,TIGALAPANKAOS MAKASSAR,KIDS,HITAM KID PJG XL,0,16,0,0,19047,304752,304752
Apr-2026,TIGALAPANKAOS MAKASSAR,KIDS,HITAM KID PJG XL,0,16,0,0,19047,304752,304752
Mei-2026,TIGALAPANKAOS MAKASSAR,KIDS,HITAM KID PJG XL,0,15,0,0,19047,285705,304752
Jun-2026,TIGALAPANKAOS MAKASSAR,KIDS,HITAM KID PJG XL,0,10,0,0,19047,190470,285705
Jul-2026,TIGALAPANKAOS MAKASSAR,KIDS,HITAM KID PJG XL,57141,5,0,0,19047,95235,190470
Agu-2026,TIGALAPANKAOS MAKASSAR,KIDS,HITAM KID PJG XL,19047,4,0,0,19047,76188,95235
Sep-2026,TIGALAPANKAOS MAKASSAR,KIDS,HITAM KID PJG XL,0,4,0,0,19047,76188,76188
Okt-2026,TIGALAPANKAOS MAKASSAR,KIDS,HITAM KID PJG XL,0,4,0,0,19047,76188,76188
Jan-2026,TIGALAPANKAOS MAKASSAR,KIDS,HITAM KID PJG XS,0,196,0,0,24767,4854332,0
Feb-2026,TIGALAPANKAOS MAKASSAR,KIDS,HITAM KID PJG XS,0,181,0,0,24767,4482827,4854332
Mar-2026,TIGALAPANKAOS MAKASSAR,KIDS,HITAM KID PJG XS,0,181,0,0,24767,4482827,4482827
Apr-2026,TIGALAPANKAOS MAKASSAR,KIDS,HITAM KID PJG XS,0,181,0,0,24767,4482827,4482827
Mei-2026,TIGALAPANKAOS MAKASSAR,KIDS,HITAM KID PJG XS,0,181,0,0,24767,4482827,4482827
Jun-2026,TIGALAPANKAOS MAKASSAR,KIDS,HITAM KID PJG XS,17603,180,0,0,24767,4458060,4482827
Jul-2026,TIGALAPANKAOS MAKASSAR,KIDS,HITAM KID PJG XS,35206,176,0,0,24767,4358992,4458060
Agu-2026,TIGALAPANKAOS MAKASSAR,KIDS,HITAM KID PJG XS,35206,174,0,0,24767,4309458,4358992
Sep-2026,TIGALAPANKAOS MAKASSAR,KIDS,HITAM KID PJG XS,0,174,0,0,24767,4309458,4309458
Okt-2026,TIGALAPANKAOS MAKASSAR,KIDS,HITAM KID PJG XS,17603,173,0,0,24767,4284691,4309458
Jan-2026,TIGALAPANKAOS MAKASSAR,KIDS,KUNING KNR KID PDK 2XL,16537,20,0,0,16537,330740,0
Feb-2026,TIGALAPANKAOS MAKASSAR,KIDS,KUNING KNR KID PDK 2XL,0,19,0,0,16537,314203,330740
Mar-2026,TIGALAPANKAOS MAKASSAR,KIDS,KUNING KNR KID PDK 2XL,0,19,0,0,16537,314203,314203
Apr-2026,TIGALAPANKAOS MAKASSAR,KIDS,KUNING KNR KID PDK 2XL,33074,11,0,0,16537,181907,314203
Mei-2026,TIGALAPANKAOS MAKASSAR,KIDS,KUNING KNR KID PDK 2XL,0,5,0,0,16537,82685,181907
Jun-2026,TIGALAPANKAOS MAKASSAR,KIDS,KUNING KNR KID PDK 2XL,16537,2,0,0,16537,33074,82685
Jul-2026,TIGALAPANKAOS MAKASSAR,KIDS,KUNING KNR KID PDK 2XL,0,0,0,0,16537,0,33074
Jan-2026,TIGALAPANKAOS MAKASSAR,KIDS,KUNING KNR KID PDK XS,0,7,0,0,17107,119749,0
Feb-2026,TIGALAPANKAOS MAKASSAR,KIDS,KUNING KNR KID PDK XS,0,6,0,0,17107,102642,119749
Mar-2026,TIGALAPANKAOS MAKASSAR,KIDS,KUNING KNR KID PDK XS,0,6,0,0,17107,102642,102642
Apr-2026,TIGALAPANKAOS MAKASSAR,KIDS,KUNING KNR KID PDK XS,0,1,0,0,17107,17107,102642
Mei-2026,TIGALAPANKAOS MAKASSAR,KIDS,KUNING KNR KID PDK XS,0,1,0,0,17107,17107,17107
Jun-2026,TIGALAPANKAOS MAKASSAR,KIDS,KUNING KNR KID PDK XS,17107,0,0,0,17107,0,17107
Jan-2026,TIGALAPANKAOS MAKASSAR,KIDS,KUNING KNR KID PJG S,0,5,0,0,18692,93460,0
Feb-2026,TIGALAPANKAOS MAKASSAR,KIDS,KUNING KNR KID PJG S,0,4,0,0,18692,74768,93460
Mar-2026,TIGALAPANKAOS MAKASSAR,KIDS,KUNING KNR KID PJG S,0,4,0,0,18692,74768,74768
Apr-2026,TIGALAPANKAOS MAKASSAR,KIDS,KUNING KNR KID PJG S,0,5,0,0,18692,93460,74768
Mei-2026,TIGALAPANKAOS MAKASSAR,KIDS,KUNING KNR KID PJG S,0,5,0,0,18692,93460,93460
Jun-2026,TIGALAPANKAOS MAKASSAR,KIDS,KUNING KNR KID PJG S,18692,1,0,0,18692,18692,93460
Jul-2026,TIGALAPANKAOS MAKASSAR,KIDS,KUNING KNR KID PJG S,0,1,0,0,18692,18692,18692
Agu-2026,TIGALAPANKAOS MAKASSAR,KIDS,KUNING KNR KID PJG S,0,0,0,0,18692,0,18692
Jan-2026,TIGALAPANKAOS MAKASSAR,KIDS,KUNING KNR KID PJG XS,0,10,0,0,18318,183180,0
Feb-2026,TIGALAPANKAOS MAKASSAR,KIDS,KUNING KNR KID PJG XS,0,10,0,0,18318,183180,183180
Mar-2026,TIGALAPANKAOS MAKASSAR,KIDS,KUNING KNR KID PJG XS,0,10,0,0,18318,183180,183180
Apr-2026,TIGALAPANKAOS MAKASSAR,KIDS,KUNING KNR KID PJG XS,0,10,0,0,18318,183180,183180
Mei-2026,TIGALAPANKAOS MAKASSAR,KIDS,KUNING KNR KID PJG XS,0,10,0,0,18318,183180,183180
Jun-2026,TIGALAPANKAOS MAKASSAR,KIDS,KUNING KNR KID PJG XS,0,10,0,0,18318,183180,183180
Jul-2026,TIGALAPANKAOS MAKASSAR,KIDS,KUNING KNR KID PJG XS,18318,2,0,0,18318,36636,183180
Agu-2026,TIGALAPANKAOS MAKASSAR,KIDS,KUNING KNR KID PJG XS,0,1,0,0,18318,18318,36636
Sep-2026,TIGALAPANKAOS MAKASSAR,KIDS,KUNING KNR KID PJG XS,0,1,0,0,18318,18318,18318
Okt-2026,TIGALAPANKAOS MAKASSAR,KIDS,KUNING KNR KID PJG XS,0,1,0,0,18318,18318,18318
Jan-2026,TIGALAPANKAOS MAKASSAR,KIDS,MAROON KID PDK S,0,3,0,0,16282,48846,0
Feb-2026,TIGALAPANKAOS MAKASSAR,KIDS,MAROON KID PDK S,32564,1,0,0,16282,16282,48846
Mar-2026,TIGALAPANKAOS MAKASSAR,KIDS,MAROON KID PDK S,0,0,0,0,16282,0,16282
Jan-2026,TIGALAPANKAOS MAKASSAR,KIDS,MAROON KID PDK XS,34050,23,0,0,18201,418623,0
Feb-2026,TIGALAPANKAOS MAKASSAR,KIDS,MAROON KID PDK XS,17865,22,0,0,18201,400422,418623
Mar-2026,TIGALAPANKAOS MAKASSAR,KIDS,MAROON KID PDK XS,0,1,0,0,18201,18201,400422
Apr-2026,TIGALAPANKAOS MAKASSAR,KIDS,MAROON KID PDK XS,0,1,0,0,18201,18201,18201
Mei-2026,TIGALAPANKAOS MAKASSAR,KIDS,MAROON KID PDK XS,0,1,0,0,18201,18201,18201
Jun-2026,TIGALAPANKAOS MAKASSAR,KIDS,MAROON KID PDK XS,17865,0,0,0,18201,0,18201
Jan-2026,TIGALAPANKAOS MAKASSAR,KIDS,MAROON KID PJG L,0,55,0,0,20390,1121450,0
Feb-2026,TIGALAPANKAOS MAKASSAR,KIDS,MAROON KID PJG L,0,55,0,0,20390,1121450,1121450
Mar-2026,TIGALAPANKAOS MAKASSAR,KIDS,MAROON KID PJG L,0,52,0,0,20390,1060280,1121450
Apr-2026,TIGALAPANKAOS MAKASSAR,KIDS,MAROON KID PJG L,0,52,0,0,20390,1060280,1060280
Mei-2026,TIGALAPANKAOS MAKASSAR,KIDS,MAROON KID PJG L,163120,37,0,0,20390,754430,1060280
Jun-2026,TIGALAPANKAOS MAKASSAR,KIDS,MAROON KID PJG L,244435,31,0,0,20390,632090,754430
Jul-2026,TIGALAPANKAOS MAKASSAR,KIDS,MAROON KID PJG L,40740,24,0,0,20390,489360,632090
Agu-2026,TIGALAPANKAOS MAKASSAR,KIDS,MAROON KID PJG L,142590,13,0,0,20390,265070,489360
Sep-2026,TIGALAPANKAOS MAKASSAR,KIDS,MAROON KID PJG L,0,0,0,0,20390,0,265070
Jan-2026,TIGALAPANKAOS MAKASSAR,KIDS,MAROON KID PJG M,0,6,0,0,20137,120822,0
Feb-2026,TIGALAPANKAOS MAKASSAR,KIDS,MAROON KID PJG M,0,6,0,0,20137,120822,120822
Mar-2026,TIGALAPANKAOS MAKASSAR,KIDS,MAROON KID PJG M,20137,5,0,0,20137,100685,120822
Apr-2026,TIGALAPANKAOS MAKASSAR,KIDS,MAROON KID PJG M,0,5,0,0,20137,100685,100685
Mei-2026,TIGALAPANKAOS MAKASSAR,KIDS,MAROON KID PJG M,20137,3,0,0,20137,60411,100685
Jun-2026,TIGALAPANKAOS MAKASSAR,KIDS,MAROON KID PJG M,140959,0,0,0,20137,0,60411
Jan-2026,TIGALAPANKAOS MAKASSAR,KIDS,MAROON KID PJG S,0,40,0,0,20056,802240,0
Feb-2026,TIGALAPANKAOS MAKASSAR,KIDS,MAROON KID PJG S,0,40,0,0,20056,802240,802240
Mar-2026,TIGALAPANKAOS MAKASSAR,KIDS,MAROON KID PJG S,0,40,0,0,20056,802240,802240
Apr-2026,TIGALAPANKAOS MAKASSAR,KIDS,MAROON KID PJG S,0,40,0,0,20056,802240,802240
Mei-2026,TIGALAPANKAOS MAKASSAR,KIDS,MAROON KID PJG S,0,40,0,0,20056,802240,802240
Jun-2026,TIGALAPANKAOS MAKASSAR,KIDS,MAROON KID PJG S,60168,37,0,0,20056,742072,802240
Jul-2026,TIGALAPANKAOS MAKASSAR,KIDS,MAROON KID PJG S,20056,34,0,0,20056,681904,742072
Agu-2026,TIGALAPANKAOS MAKASSAR,KIDS,MAROON KID PJG S,40112,22,0,0,20056,441232,681904
Sep-2026,TIGALAPANKAOS MAKASSAR,KIDS,MAROON KID PJG S,0,19,0,0,20056,381064,441232
Okt-2026,TIGALAPANKAOS MAKASSAR,KIDS,MAROON KID PJG S,0,19,0,0,20056,381064,381064
Jan-2026,TIGALAPANKAOS MAKASSAR,KIDS,MAROON KID PJG XS,0,108,0,0,19645,2121660,0
Feb-2026,TIGALAPANKAOS MAKASSAR,KIDS,MAROON KID PJG XS,18770,107,0,0,19645,2102015,2121660
Mar-2026,TIGALAPANKAOS MAKASSAR,KIDS,MAROON KID PJG XS,0,107,0,0,19645,2102015,2102015
Apr-2026,TIGALAPANKAOS MAKASSAR,KIDS,MAROON KID PJG XS,0,105,0,0,19645,2062725,2102015
Mei-2026,TIGALAPANKAOS MAKASSAR,KIDS,MAROON KID PJG XS,0,103,0,0,19645,2023435,2062725
Jun-2026,TIGALAPANKAOS MAKASSAR,KIDS,MAROON KID PJG XS,0,103,0,0,19645,2023435,2023435
Jul-2026,TIGALAPANKAOS MAKASSAR,KIDS,MAROON KID PJG XS,18770,101,0,0,19645,1984145,2023435
Agu-2026,TIGALAPANKAOS MAKASSAR,KIDS,MAROON KID PJG XS,37540,85,0,0,19645,1669825,1984145
Sep-2026,TIGALAPANKAOS MAKASSAR,KIDS,MAROON KID PJG XS,0,81,0,0,19645,1591245,1669825
Okt-2026,TIGALAPANKAOS MAKASSAR,KIDS,MAROON KID PJG XS,0,81,0,0,19645,1591245,1591245
Jan-2026,TIGALAPANKAOS MAKASSAR,KIDS,MERAH CABE KID PDK XS,16019,66,0,0,17836,1177176,0
Feb-2026,TIGALAPANKAOS MAKASSAR,KIDS,MERAH CABE KID PDK XS,0,66,0,0,17836,1177176,1177176
Mar-2026,TIGALAPANKAOS MAKASSAR,KIDS,MERAH CABE KID PDK XS,16019,65,0,0,17836,1159340,1177176
Apr-2026,TIGALAPANKAOS MAKASSAR,KIDS,MERAH CABE KID PDK XS,0,44,0,0,17836,784784,1159340
Mei-2026,TIGALAPANKAOS MAKASSAR,KIDS,MERAH CABE KID PDK XS,32038,41,0,0,17836,731276,784784
Jun-2026,TIGALAPANKAOS MAKASSAR,KIDS,MERAH CABE KID PDK XS,64076,38,0,0,17836,677768,731276
Jul-2026,TIGALAPANKAOS MAKASSAR,KIDS,MERAH CABE KID PDK XS,64076,34,0,0,17836,606424,677768
Agu-2026,TIGALAPANKAOS MAKASSAR,KIDS,MERAH CABE KID PDK XS,176209,13,0,0,17836,231868,606424
Sep-2026,TIGALAPANKAOS MAKASSAR,KIDS,MERAH CABE KID PDK XS,16019,12,0,0,17836,214032,231868
Okt-2026,TIGALAPANKAOS MAKASSAR,KIDS,MERAH CABE KID PDK XS,0,12,0,0,17836,214032,214032
Jan-2026,TIGALAPANKAOS MAKASSAR,KIDS,MERAH CABE KID PJG S,0,14,0,0,19688,275632,0
Feb-2026,TIGALAPANKAOS MAKASSAR,KIDS,MERAH CABE KID PJG S,0,14,0,0,19688,275632,275632
Mar-2026,TIGALAPANKAOS MAKASSAR,KIDS,MERAH CABE KID PJG S,0,14,0,0,19688,275632,275632
Apr-2026,TIGALAPANKAOS MAKASSAR,KIDS,MERAH CABE KID PJG S,0,14,0,0,19688,275632,275632
Mei-2026,TIGALAPANKAOS MAKASSAR,KIDS,MERAH CABE KID PJG S,0,14,0,0,19688,275632,275632
Jun-2026,TIGALAPANKAOS MAKASSAR,KIDS,MERAH CABE KID PJG S,0,14,0,0,19688,275632,275632
Jul-2026,TIGALAPANKAOS MAKASSAR,KIDS,MERAH CABE KID PJG S,39376,12,0,0,19688,236256,275632
Agu-2026,TIGALAPANKAOS MAKASSAR,KIDS,MERAH CABE KID PJG S,0,0,0,0,19688,0,236256
Jan-2026,TIGALAPANKAOS MAKASSAR,KIDS,MERAH CABE KID PJG XS,0,46,0,0,19037,875702,0
Feb-2026,TIGALAPANKAOS MAKASSAR,KIDS,MERAH CABE KID PJG XS,0,46,0,0,19037,875702,875702
Mar-2026,TIGALAPANKAOS MAKASSAR,KIDS,MERAH CABE KID PJG XS,0,46,0,0,19037,875702,875702
Apr-2026,TIGALAPANKAOS MAKASSAR,KIDS,MERAH CABE KID PJG XS,0,41,0,0,19037,780517,875702
Mei-2026,TIGALAPANKAOS MAKASSAR,KIDS,MERAH CABE KID PJG XS,0,45,0,0,19037,856665,780517
Jun-2026,TIGALAPANKAOS MAKASSAR,KIDS,MERAH CABE KID PJG XS,0,46,0,0,19037,875702,856665
Jul-2026,TIGALAPANKAOS MAKASSAR,KIDS,MERAH CABE KID PJG XS,16968,44,0,0,19037,837628,875702
Agu-2026,TIGALAPANKAOS MAKASSAR,KIDS,MERAH CABE KID PJG XS,50904,40,0,0,19037,761480,837628
Sep-2026,TIGALAPANKAOS MAKASSAR,KIDS,MERAH CABE KID PJG XS,0,40,0,0,19037,761480,761480
Okt-2026,TIGALAPANKAOS MAKASSAR,KIDS,MERAH CABE KID PJG XS,0,40,0,0,19037,761480,761480
Jan-2026,TIGALAPANKAOS MAKASSAR,KIDS,MUSTARD KID PDK L,47781,4,0,0,15927,63708,0
Feb-2026,TIGALAPANKAOS MAKASSAR,KIDS,MUSTARD KID PDK L,15927,3,0,0,15927,47781,63708
Mar-2026,TIGALAPANKAOS MAKASSAR,KIDS,MUSTARD KID PDK L,0,1,0,0,15927,15927,47781
Apr-2026,TIGALAPANKAOS MAKASSAR,KIDS,MUSTARD KID PDK L,15927,0,0,0,15927,0,15927
Jan-2026,TIGALAPANKAOS MAKASSAR,KIDS,MUSTARD KID PDK M,0,3,0,0,15929,47787,0
Feb-2026,TIGALAPANKAOS MAKASSAR,KIDS,MUSTARD KID PDK M,15929,2,0,0,15929,31858,47787
Mar-2026,TIGALAPANKAOS MAKASSAR,KIDS,MUSTARD KID PDK M,0,1,0,0,15929,15929,31858
Apr-2026,TIGALAPANKAOS MAKASSAR,KIDS,MUSTARD KID PDK M,0,0,0,0,15929,0,15929
Jan-2026,TIGALAPANKAOS MAKASSAR,KIDS,MUSTARD KID PDK S,0,65,0,0,15136,983840,0
Feb-2026,TIGALAPANKAOS MAKASSAR,KIDS,MUSTARD KID PDK S,0,65,0,0,15136,983840,983840
Mar-2026,TIGALAPANKAOS MAKASSAR,KIDS,MUSTARD KID PDK S,0,45,0,0,15136,681120,983840
Apr-2026,TIGALAPANKAOS MAKASSAR,KIDS,MUSTARD KID PDK S,75680,20,0,0,15136,302720,681120
Mei-2026,TIGALAPANKAOS MAKASSAR,KIDS,MUSTARD KID PDK S,60544,10,0,0,15136,151360,302720
Jun-2026,TIGALAPANKAOS MAKASSAR,KIDS,MUSTARD KID PDK S,60544,1,0,0,15136,15136,151360
Jul-2026,TIGALAPANKAOS MAKASSAR,KIDS,MUSTARD KID PDK S,15136,0,0,0,15136,0,15136
Jan-2026,TIGALAPANKAOS MAKASSAR,KIDS,MUSTARD KID PDK XS,0,8,0,0,18983,151864,0
Feb-2026,TIGALAPANKAOS MAKASSAR,KIDS,MUSTARD KID PDK XS,15736,7,0,0,18983,132881,151864
Mar-2026,TIGALAPANKAOS MAKASSAR,KIDS,MUSTARD KID PDK XS,0,7,0,0,18983,132881,132881
Apr-2026,TIGALAPANKAOS MAKASSAR,KIDS,MUSTARD KID PDK XS,31472,0,0,0,18983,0,132881
Jan-2026,TIGALAPANKAOS MAKASSAR,KIDS,MUSTARD KID PJG S,0,4,0,0,18959,75836,0
Feb-2026,TIGALAPANKAOS MAKASSAR,KIDS,MUSTARD KID PJG S,0,4,0,0,18959,75836,75836
Mar-2026,TIGALAPANKAOS MAKASSAR,KIDS,MUSTARD KID PJG S,0,4,0,0,18959,75836,75836
Apr-2026,TIGALAPANKAOS MAKASSAR,KIDS,MUSTARD KID PJG S,0,4,0,0,18959,75836,75836
Mei-2026,TIGALAPANKAOS MAKASSAR,KIDS,MUSTARD KID PJG S,0,4,0,0,18959,75836,75836
Jun-2026,TIGALAPANKAOS MAKASSAR,KIDS,MUSTARD KID PJG S,18959,3,0,0,18959,56877,75836
Jul-2026,TIGALAPANKAOS MAKASSAR,KIDS,MUSTARD KID PJG S,37918,3,0,0,18959,56877,56877
Agu-2026,TIGALAPANKAOS MAKASSAR,KIDS,MUSTARD KID PJG S,0,1,0,0,18959,18959,56877
Sep-2026,TIGALAPANKAOS MAKASSAR,KIDS,MUSTARD KID PJG S,18959,0,0,0,18959,0,18959
Jan-2026,TIGALAPANKAOS MAKASSAR,KIDS,MUSTARD KID PJG XS,0,7,0,0,19054,133378,0
Feb-2026,TIGALAPANKAOS MAKASSAR,KIDS,MUSTARD KID PJG XS,0,7,0,0,19054,133378,133378
Mar-2026,TIGALAPANKAOS MAKASSAR,KIDS,MUSTARD KID PJG XS,0,7,0,0,19054,133378,133378
Apr-2026,TIGALAPANKAOS MAKASSAR,KIDS,MUSTARD KID PJG XS,0,5,0,0,19054,95270,133378
Mei-2026,TIGALAPANKAOS MAKASSAR,KIDS,MUSTARD KID PJG XS,0,5,0,0,19054,95270,95270
Jun-2026,TIGALAPANKAOS MAKASSAR,KIDS,MUSTARD KID PJG XS,0,5,0,0,19054,95270,95270
Jul-2026,TIGALAPANKAOS MAKASSAR,KIDS,MUSTARD KID PJG XS,0,0,0,0,19054,0,95270
Mar-2026,TIGALAPANKAOS MAKASSAR,KIDS,NAVY KID PDK 2XL,15695,0,0,0,36000,0,0
Mar-2026,TIGALAPANKAOS MAKASSAR,KIDS,NAVY KID PDK L,287056,0,0,0,13048,0,0
Mar-2026,TIGALAPANKAOS MAKASSAR,KIDS,NAVY KID PDK M,249669,0,0,0,18725,0,0
Jan-2026,TIGALAPANKAOS MAKASSAR,KIDS,NAVY KID PDK S,0,15,0,0,19343,290145,0
Feb-2026,TIGALAPANKAOS MAKASSAR,KIDS,NAVY KID PDK S,138432,7,0,0,19343,135401,290145
Mar-2026,TIGALAPANKAOS MAKASSAR,KIDS,NAVY KID PDK S,51912,0,0,0,19343,0,135401
Mar-2026,TIGALAPANKAOS MAKASSAR,KIDS,NAVY KID PDK XL,254809,0,0,0,31000,0,0
Jan-2026,TIGALAPANKAOS MAKASSAR,KIDS,NAVY KID PDK XS,0,117,0,0,22659,2651103,0
Feb-2026,TIGALAPANKAOS MAKASSAR,KIDS,NAVY KID PDK XS,0,117,0,0,22659,2651103,2651103
Mar-2026,TIGALAPANKAOS MAKASSAR,KIDS,NAVY KID PDK XS,51852,101,0,0,22659,2288559,2651103
Apr-2026,TIGALAPANKAOS MAKASSAR,KIDS,NAVY KID PDK XS,51852,96,0,0,22659,2175264,2288559
Mei-2026,TIGALAPANKAOS MAKASSAR,KIDS,NAVY KID PDK XS,0,97,0,0,22659,2197923,2175264
Jun-2026,TIGALAPANKAOS MAKASSAR,KIDS,NAVY KID PDK XS,102636,86,0,0,22659,1948674,2197923
Jul-2026,TIGALAPANKAOS MAKASSAR,KIDS,NAVY KID PDK XS,51318,82,0,0,22659,1858038,1948674
Agu-2026,TIGALAPANKAOS MAKASSAR,KIDS,NAVY KID PDK XS,51318,78,0,0,22659,1767402,1858038
Sep-2026,TIGALAPANKAOS MAKASSAR,KIDS,NAVY KID PDK XS,17106,77,0,0,22659,1744743,1767402
Okt-2026,TIGALAPANKAOS MAKASSAR,KIDS,NAVY KID PDK XS,0,76,0,0,22659,1722084,1744743
Jan-2026,TIGALAPANKAOS MAKASSAR,KIDS,NAVY KID PJG L,0,126,0,0,18981,2391606,0
Feb-2026,TIGALAPANKAOS MAKASSAR,KIDS,NAVY KID PJG L,0,126,0,0,18981,2391606,2391606
Mar-2026,TIGALAPANKAOS MAKASSAR,KIDS,NAVY KID PJG L,0,123,0,0,18981,2334663,2391606
Apr-2026,TIGALAPANKAOS MAKASSAR,KIDS,NAVY KID PJG L,0,123,0,0,18981,2334663,2334663
Mei-2026,TIGALAPANKAOS MAKASSAR,KIDS,NAVY KID PJG L,0,123,0,0,18981,2334663,2334663
Jun-2026,TIGALAPANKAOS MAKASSAR,KIDS,NAVY KID PJG L,0,118,0,0,18981,2239758,2334663
Jul-2026,TIGALAPANKAOS MAKASSAR,KIDS,NAVY KID PJG L,0,111,0,0,18981,2106891,2239758
Agu-2026,TIGALAPANKAOS MAKASSAR,KIDS,NAVY KID PJG L,18981,95,0,0,18981,1803195,2106891
Sep-2026,TIGALAPANKAOS MAKASSAR,KIDS,NAVY KID PJG L,37962,73,0,0,18981,1385613,1803195
Okt-2026,TIGALAPANKAOS MAKASSAR,KIDS,NAVY KID PJG L,0,73,0,0,18981,1385613,1385613
Jan-2026,TIGALAPANKAOS MAKASSAR,KIDS,NAVY KID PJG M,18909,19,0,0,18909,359271,0
Feb-2026,TIGALAPANKAOS MAKASSAR,KIDS,NAVY KID PJG M,0,19,0,0,18909,359271,359271
Mar-2026,TIGALAPANKAOS MAKASSAR,KIDS,NAVY KID PJG M,18909,18,0,0,18909,340362,359271
Apr-2026,TIGALAPANKAOS MAKASSAR,KIDS,NAVY KID PJG M,0,18,0,0,18909,340362,340362
Mei-2026,TIGALAPANKAOS MAKASSAR,KIDS,NAVY KID PJG M,0,18,0,0,18909,340362,340362
Jun-2026,TIGALAPANKAOS MAKASSAR,KIDS,NAVY KID PJG M,0,15,0,0,18909,283635,340362
Jul-2026,TIGALAPANKAOS MAKASSAR,KIDS,NAVY KID PJG M,0,13,0,0,18909,245817,283635
Agu-2026,TIGALAPANKAOS MAKASSAR,KIDS,NAVY KID PJG M,18909,8,0,0,18909,151272,245817
Sep-2026,TIGALAPANKAOS MAKASSAR,KIDS,NAVY KID PJG M,0,7,0,0,18909,132363,151272
Okt-2026,TIGALAPANKAOS MAKASSAR,KIDS,NAVY KID PJG M,0,7,0,0,18909,132363,132363
Jan-2026,TIGALAPANKAOS MAKASSAR,KIDS,NAVY KID PJG S,0,143,0,0,19107,2732301,0
Feb-2026,TIGALAPANKAOS MAKASSAR,KIDS,NAVY KID PJG S,0,143,0,0,19107,2732301,2732301
Mar-2026,TIGALAPANKAOS MAKASSAR,KIDS,NAVY KID PJG S,0,143,0,0,19107,2732301,2732301
Apr-2026,TIGALAPANKAOS MAKASSAR,KIDS,NAVY KID PJG S,0,143,0,0,19107,2732301,2732301
Mei-2026,TIGALAPANKAOS MAKASSAR,KIDS,NAVY KID PJG S,0,143,0,0,19107,2732301,2732301
Jun-2026,TIGALAPANKAOS MAKASSAR,KIDS,NAVY KID PJG S,0,136,0,0,19107,2598552,2732301
Jul-2026,TIGALAPANKAOS MAKASSAR,KIDS,NAVY KID PJG S,38214,133,0,0,19107,2541231,2598552
Agu-2026,TIGALAPANKAOS MAKASSAR,KIDS,NAVY KID PJG S,19107,127,0,0,19107,2426589,2541231
Sep-2026,TIGALAPANKAOS MAKASSAR,KIDS,NAVY KID PJG S,0,121,0,0,19107,2311947,2426589
Okt-2026,TIGALAPANKAOS MAKASSAR,KIDS,NAVY KID PJG S,19107,120,0,0,19107,2292840,2311947
Jan-2026,TIGALAPANKAOS MAKASSAR,KIDS,NAVY KID PJG XS,0,154,0,0,18682,2877028,0
Feb-2026,TIGALAPANKAOS MAKASSAR,KIDS,NAVY KID PJG XS,0,154,0,0,18682,2877028,2877028
Mar-2026,TIGALAPANKAOS MAKASSAR,KIDS,NAVY KID PJG XS,0,154,0,0,18682,2877028,2877028
Apr-2026,TIGALAPANKAOS MAKASSAR,KIDS,NAVY KID PJG XS,0,154,0,0,18682,2877028,2877028
Mei-2026,TIGALAPANKAOS MAKASSAR,KIDS,NAVY KID PJG XS,0,157,0,0,18682,2933074,2877028
Jun-2026,TIGALAPANKAOS MAKASSAR,KIDS,NAVY KID PJG XS,18325,153,0,0,18682,2858346,2933074
Jul-2026,TIGALAPANKAOS MAKASSAR,KIDS,NAVY KID PJG XS,0,151,0,0,18682,2820982,2858346
Agu-2026,TIGALAPANKAOS MAKASSAR,KIDS,NAVY KID PJG XS,0,151,0,0,18682,2820982,2820982
Sep-2026,TIGALAPANKAOS MAKASSAR,KIDS,NAVY KID PJG XS,0,151,0,0,18682,2820982,2820982
Okt-2026,TIGALAPANKAOS MAKASSAR,KIDS,NAVY KID PJG XS,0,151,0,0,18682,2820982,2820982
Jan-2026,TIGALAPANKAOS MAKASSAR,KIDS,ORANGE BT KID PDK M,32352,6,0,0,16176,97056,0
Feb-2026,TIGALAPANKAOS MAKASSAR,KIDS,ORANGE BT KID PDK M,16176,5,0,0,16176,80880,97056
Mar-2026,TIGALAPANKAOS MAKASSAR,KIDS,ORANGE BT KID PDK M,0,0,0,0,16176,0,80880
Jan-2026,TIGALAPANKAOS MAKASSAR,KIDS,ORANGE BT KID PDK S,0,6,0,0,15316,91896,0
Feb-2026,TIGALAPANKAOS MAKASSAR,KIDS,ORANGE BT KID PDK S,15316,5,0,0,15316,76580,91896
Mar-2026,TIGALAPANKAOS MAKASSAR,KIDS,ORANGE BT KID PDK S,15316,3,0,0,15316,45948,76580
Apr-2026,TIGALAPANKAOS MAKASSAR,KIDS,ORANGE BT KID PDK S,45948,0,0,0,15316,0,45948
Jan-2026,TIGALAPANKAOS MAKASSAR,KIDS,ORANGE BT KID PDK XS,0,1,0,0,17788,17788,0
Feb-2026,TIGALAPANKAOS MAKASSAR,KIDS,ORANGE BT KID PDK XS,15992,0,0,0,17788,0,17788
Jan-2026,TIGALAPANKAOS MAKASSAR,KIDS,ORANGE BT KID PJG M,0,1,0,0,19519,19519,0
Feb-2026,TIGALAPANKAOS MAKASSAR,KIDS,ORANGE BT KID PJG M,0,1,0,0,19519,19519,19519
Mar-2026,TIGALAPANKAOS MAKASSAR,KIDS,ORANGE BT KID PJG M,19519,0,0,0,19519,0,19519
Jan-2026,TIGALAPANKAOS MAKASSAR,KIDS,ORANGE BT KID PJG S,0,2,0,0,19485,38970,0
Feb-2026,TIGALAPANKAOS MAKASSAR,KIDS,ORANGE BT KID PJG S,0,2,0,0,19485,38970,38970
Mar-2026,TIGALAPANKAOS MAKASSAR,KIDS,ORANGE BT KID PJG S,0,2,0,0,19485,38970,38970
Apr-2026,TIGALAPANKAOS MAKASSAR,KIDS,ORANGE BT KID PJG S,0,2,0,0,19485,38970,38970
Mei-2026,TIGALAPANKAOS MAKASSAR,KIDS,ORANGE BT KID PJG S,0,2,0,0,19485,38970,38970
Jun-2026,TIGALAPANKAOS MAKASSAR,KIDS,ORANGE BT KID PJG S,0,2,0,0,19485,38970,38970
Jul-2026,TIGALAPANKAOS MAKASSAR,KIDS,ORANGE BT KID PJG S,19485,2,0,0,19485,38970,38970
Agu-2026,TIGALAPANKAOS MAKASSAR,KIDS,ORANGE BT KID PJG S,19485,0,0,0,19485,0,38970
Jan-2026,TIGALAPANKAOS MAKASSAR,KIDS,ORANGE BT KID PJG XS,19133,27,0,0,19133,516591,0
Feb-2026,TIGALAPANKAOS MAKASSAR,KIDS,ORANGE BT KID PJG XS,19133,26,0,0,19133,497458,516591
Mar-2026,TIGALAPANKAOS MAKASSAR,KIDS,ORANGE BT KID PJG XS,0,26,0,0,19133,497458,497458
Apr-2026,TIGALAPANKAOS MAKASSAR,KIDS,ORANGE BT KID PJG XS,0,26,0,0,19133,497458,497458
Mei-2026,TIGALAPANKAOS MAKASSAR,KIDS,ORANGE BT KID PJG XS,0,26,0,0,19133,497458,497458
Jun-2026,TIGALAPANKAOS MAKASSAR,KIDS,ORANGE BT KID PJG XS,0,26,0,0,19133,497458,497458
Jul-2026,TIGALAPANKAOS MAKASSAR,KIDS,ORANGE BT KID PJG XS,0,24,0,0,19133,459192,497458
Agu-2026,TIGALAPANKAOS MAKASSAR,KIDS,ORANGE BT KID PJG XS,38266,14,0,0,19133,267862,459192
Sep-2026,TIGALAPANKAOS MAKASSAR,KIDS,ORANGE BT KID PJG XS,0,12,0,0,19133,229596,267862
Okt-2026,TIGALAPANKAOS MAKASSAR,KIDS,ORANGE BT KID PJG XS,0,12,0,0,19133,229596,229596
Jan-2026,TIGALAPANKAOS MAKASSAR,KIDS,ORANGE KID PDK L,0,3,0,0,16032,48096,0
Feb-2026,TIGALAPANKAOS MAKASSAR,KIDS,ORANGE KID PDK L,0,3,0,0,16032,48096,48096
Mar-2026,TIGALAPANKAOS MAKASSAR,KIDS,ORANGE KID PDK L,16032,0,0,0,16032,0,48096
Jan-2026,TIGALAPANKAOS MAKASSAR,KIDS,ORANGE KID PDK S,32038,3,0,0,16019,48057,0
Feb-2026,TIGALAPANKAOS MAKASSAR,KIDS,ORANGE KID PDK S,0,3,0,0,16019,48057,48057
Mar-2026,TIGALAPANKAOS MAKASSAR,KIDS,ORANGE KID PDK S,0,0,0,0,16019,0,48057
Jan-2026,TIGALAPANKAOS MAKASSAR,KIDS,ORANGE KID PDK XS,0,1,0,0,16028,16028,0
Feb-2026,TIGALAPANKAOS MAKASSAR,KIDS,ORANGE KID PDK XS,0,1,0,0,16028,16028,16028
Mar-2026,TIGALAPANKAOS MAKASSAR,KIDS,ORANGE KID PDK XS,16028,0,0,0,16028,0,16028
Jan-2026,TIGALAPANKAOS MAKASSAR,KIDS,ORANGE KID PJG L,0,28,0,0,19693,551404,0
Feb-2026,TIGALAPANKAOS MAKASSAR,KIDS,ORANGE KID PJG L,39386,26,0,0,19693,512018,551404
Mar-2026,TIGALAPANKAOS MAKASSAR,KIDS,ORANGE KID PJG L,0,26,0,0,19693,512018,512018
Apr-2026,TIGALAPANKAOS MAKASSAR,KIDS,ORANGE KID PJG L,19693,25,0,0,19693,492325,512018
Mei-2026,TIGALAPANKAOS MAKASSAR,KIDS,ORANGE KID PJG L,0,25,0,0,19693,492325,492325
Jun-2026,TIGALAPANKAOS MAKASSAR,KIDS,ORANGE KID PJG L,0,25,0,0,19693,492325,492325
Jul-2026,TIGALAPANKAOS MAKASSAR,KIDS,ORANGE KID PJG L,0,23,0,0,19693,452939,492325
Agu-2026,TIGALAPANKAOS MAKASSAR,KIDS,ORANGE KID PJG L,39386,17,0,0,19693,334781,452939
Sep-2026,TIGALAPANKAOS MAKASSAR,KIDS,ORANGE KID PJG L,0,2,0,0,19693,39386,334781
Okt-2026,TIGALAPANKAOS MAKASSAR,KIDS,ORANGE KID PJG L,0,2,0,0,19693,39386,39386
Jan-2026,TIGALAPANKAOS MAKASSAR,KIDS,ORANGE KID PJG S,0,34,0,0,19588,665992,0
Feb-2026,TIGALAPANKAOS MAKASSAR,KIDS,ORANGE KID PJG S,0,34,0,0,19588,665992,665992
Mar-2026,TIGALAPANKAOS MAKASSAR,KIDS,ORANGE KID PJG S,0,34,0,0,19588,665992,665992
Apr-2026,TIGALAPANKAOS MAKASSAR,KIDS,ORANGE KID PJG S,0,34,0,0,19588,665992,665992
Mei-2026,TIGALAPANKAOS MAKASSAR,KIDS,ORANGE KID PJG S,0,34,0,0,19588,665992,665992
Jun-2026,TIGALAPANKAOS MAKASSAR,KIDS,ORANGE KID PJG S,0,34,0,0,19588,665992,665992
Jul-2026,TIGALAPANKAOS MAKASSAR,KIDS,ORANGE KID PJG S,0,30,0,0,19588,587640,665992
Agu-2026,TIGALAPANKAOS MAKASSAR,KIDS,ORANGE KID PJG S,19588,19,0,0,19588,372172,587640
Sep-2026,TIGALAPANKAOS MAKASSAR,KIDS,ORANGE KID PJG S,0,13,0,0,19588,254644,372172
Okt-2026,TIGALAPANKAOS MAKASSAR,KIDS,ORANGE KID PJG S,0,13,0,0,19588,254644,254644
Jan-2026,TIGALAPANKAOS MAKASSAR,KIDS,ORANGE KID PJG XS,0,5,0,0,19357,96785,0
Feb-2026,TIGALAPANKAOS MAKASSAR,KIDS,ORANGE KID PJG XS,0,5,0,0,19357,96785,96785
Mar-2026,TIGALAPANKAOS MAKASSAR,KIDS,ORANGE KID PJG XS,0,5,0,0,19357,96785,96785
Apr-2026,TIGALAPANKAOS MAKASSAR,KIDS,ORANGE KID PJG XS,0,5,0,0,19357,96785,96785
Mei-2026,TIGALAPANKAOS MAKASSAR,KIDS,ORANGE KID PJG XS,0,5,0,0,19357,96785,96785
Jun-2026,TIGALAPANKAOS MAKASSAR,KIDS,ORANGE KID PJG XS,0,5,0,0,19357,96785,96785
Jul-2026,TIGALAPANKAOS MAKASSAR,KIDS,ORANGE KID PJG XS,0,5,0,0,19357,96785,96785
Agu-2026,TIGALAPANKAOS MAKASSAR,KIDS,ORANGE KID PJG XS,0,3,0,0,19357,58071,96785
Sep-2026,TIGALAPANKAOS MAKASSAR,KIDS,ORANGE KID PJG XS,0,3,0,0,19357,58071,58071
Okt-2026,TIGALAPANKAOS MAKASSAR,KIDS,ORANGE KID PJG XS,0,3,0,0,19357,58071,58071
Jan-2026,TIGALAPANKAOS MAKASSAR,KIDS,PINK SOFT KID PJG L,18945,25,0,0,18945,473625,0
Feb-2026,TIGALAPANKAOS MAKASSAR,KIDS,PINK SOFT KID PJG L,0,25,0,0,18945,473625,473625
Mar-2026,TIGALAPANKAOS MAKASSAR,KIDS,PINK SOFT KID PJG L,0,16,0,0,18945,303120,473625
Apr-2026,TIGALAPANKAOS MAKASSAR,KIDS,PINK SOFT KID PJG L,0,16,0,0,18945,303120,303120
Mei-2026,TIGALAPANKAOS MAKASSAR,KIDS,PINK SOFT KID PJG L,0,16,0,0,18945,303120,303120
Jun-2026,TIGALAPANKAOS MAKASSAR,KIDS,PINK SOFT KID PJG L,37890,9,0,0,18945,170505,303120
Jul-2026,TIGALAPANKAOS MAKASSAR,KIDS,PINK SOFT KID PJG L,18945,4,0,0,18945,75780,170505
Agu-2026,TIGALAPANKAOS MAKASSAR,KIDS,PINK SOFT KID PJG L,18945,0,0,0,18945,0,75780
Jan-2026,TIGALAPANKAOS MAKASSAR,KIDS,PINK SOFT KID PJG XL,18764,1,0,0,18764,18764,0
Feb-2026,TIGALAPANKAOS MAKASSAR,KIDS,PINK SOFT KID PJG XL,0,1,0,0,18764,18764,18764
Mar-2026,TIGALAPANKAOS MAKASSAR,KIDS,PINK SOFT KID PJG XL,0,0,0,0,18764,0,18764
Apr-2026,TIGALAPANKAOS MAKASSAR,KIDS,PINK SOFT KID PJG XL,0,1,0,0,18764,18764,0
Mei-2026,TIGALAPANKAOS MAKASSAR,KIDS,PINK SOFT KID PJG XL,18764,0,0,0,18764,0,18764
Jan-2026,TIGALAPANKAOS MAKASSAR,KIDS,PUTIH KID PDK M,0,52,0,0,15544,808288,0
Feb-2026,TIGALAPANKAOS MAKASSAR,KIDS,PUTIH KID PDK M,0,52,0,0,15544,808288,808288
Mar-2026,TIGALAPANKAOS MAKASSAR,KIDS,PUTIH KID PDK M,0,41,0,0,15544,637304,808288
Apr-2026,TIGALAPANKAOS MAKASSAR,KIDS,PUTIH KID PDK M,46632,35,0,0,15544,544040,637304
Mei-2026,TIGALAPANKAOS MAKASSAR,KIDS,PUTIH KID PDK M,0,35,0,0,15544,544040,544040
Jun-2026,TIGALAPANKAOS MAKASSAR,KIDS,PUTIH KID PDK M,62176,2,0,0,15544,31088,544040
Jul-2026,TIGALAPANKAOS MAKASSAR,KIDS,PUTIH KID PDK M,31088,0,0,0,15544,0,31088
Jan-2026,TIGALAPANKAOS MAKASSAR,KIDS,PUTIH KID PDK S,0,19,0,0,15707,298433,0
Feb-2026,TIGALAPANKAOS MAKASSAR,KIDS,PUTIH KID PDK S,0,19,0,0,15707,298433,298433
Mar-2026,TIGALAPANKAOS MAKASSAR,KIDS,PUTIH KID PDK S,0,1,0,0,15707,15707,298433
Apr-2026,TIGALAPANKAOS MAKASSAR,KIDS,PUTIH KID PDK S,15707,0,0,0,15707,0,15707
Jan-2026,TIGALAPANKAOS MAKASSAR,KIDS,PUTIH KID PDK XL,0,4,0,0,14936,59744,0
Feb-2026,TIGALAPANKAOS MAKASSAR,KIDS,PUTIH KID PDK XL,0,4,0,0,14936,59744,59744
Mar-2026,TIGALAPANKAOS MAKASSAR,KIDS,PUTIH KID PDK XL,0,0,0,0,14936,0,59744
Jan-2026,TIGALAPANKAOS MAKASSAR,KIDS,PUTIH KID PDK XS,14936,0,0,0,31000,0,0
Jan-2026,TIGALAPANKAOS MAKASSAR,KIDS,PUTIH KID PJG L,0,3,0,0,18413,55239,0
Feb-2026,TIGALAPANKAOS MAKASSAR,KIDS,PUTIH KID PJG L,0,3,0,0,18413,55239,55239
Mar-2026,TIGALAPANKAOS MAKASSAR,KIDS,PUTIH KID PJG L,0,3,0,0,18413,55239,55239
Apr-2026,TIGALAPANKAOS MAKASSAR,KIDS,PUTIH KID PJG L,0,0,0,0,18413,0,55239
Jan-2026,TIGALAPANKAOS MAKASSAR,KIDS,PUTIH KID PJG M,0,7,0,0,18157,127099,0
Feb-2026,TIGALAPANKAOS MAKASSAR,KIDS,PUTIH KID PJG M,0,7,0,0,18157,127099,127099
Mar-2026,TIGALAPANKAOS MAKASSAR,KIDS,PUTIH KID PJG M,0,7,0,0,18157,127099,127099
Apr-2026,TIGALAPANKAOS MAKASSAR,KIDS,PUTIH KID PJG M,0,7,0,0,18157,127099,127099
Mei-2026,TIGALAPANKAOS MAKASSAR,KIDS,PUTIH KID PJG M,0,7,0,0,18157,127099,127099
Jun-2026,TIGALAPANKAOS MAKASSAR,KIDS,PUTIH KID PJG M,0,6,0,0,18157,108942,127099
Jul-2026,TIGALAPANKAOS MAKASSAR,KIDS,PUTIH KID PJG M,18157,5,0,0,18157,90785,108942
Agu-2026,TIGALAPANKAOS MAKASSAR,KIDS,PUTIH KID PJG M,0,1,0,0,18157,18157,90785
Sep-2026,TIGALAPANKAOS MAKASSAR,KIDS,PUTIH KID PJG M,0,1,0,0,18157,18157,18157
Okt-2026,TIGALAPANKAOS MAKASSAR,KIDS,PUTIH KID PJG M,0,1,0,0,18157,18157,18157
Jan-2026,TIGALAPANKAOS MAKASSAR,KIDS,PUTIH KID PJG S,0,10,0,0,18326,183260,0
Feb-2026,TIGALAPANKAOS MAKASSAR,KIDS,PUTIH KID PJG S,0,10,0,0,18326,183260,183260
Mar-2026,TIGALAPANKAOS MAKASSAR,KIDS,PUTIH KID PJG S,0,10,0,0,18326,183260,183260
Apr-2026,TIGALAPANKAOS MAKASSAR,KIDS,PUTIH KID PJG S,0,10,0,0,18326,183260,183260
Mei-2026,TIGALAPANKAOS MAKASSAR,KIDS,PUTIH KID PJG S,0,10,0,0,18326,183260,183260
Jun-2026,TIGALAPANKAOS MAKASSAR,KIDS,PUTIH KID PJG S,0,2,0,0,18326,36652,183260
Jul-2026,TIGALAPANKAOS MAKASSAR,KIDS,PUTIH KID PJG S,36652,1,0,0,18326,18326,36652
Agu-2026,TIGALAPANKAOS MAKASSAR,KIDS,PUTIH KID PJG S,0,0,0,0,18326,0,18326
Jan-2026,TIGALAPANKAOS MAKASSAR,KIDS,PUTIH KID PJG XS,0,24,0,0,15594,374256,0
Feb-2026,TIGALAPANKAOS MAKASSAR,KIDS,PUTIH KID PJG XS,15594,23,0,0,15594,358662,374256
Mar-2026,TIGALAPANKAOS MAKASSAR,KIDS,PUTIH KID PJG XS,0,23,0,0,15594,358662,358662
Apr-2026,TIGALAPANKAOS MAKASSAR,KIDS,PUTIH KID PJG XS,0,22,0,0,15594,343068,358662
Mei-2026,TIGALAPANKAOS MAKASSAR,KIDS,PUTIH KID PJG XS,0,22,0,0,15594,343068,343068
Jun-2026,TIGALAPANKAOS MAKASSAR,KIDS,PUTIH KID PJG XS,0,22,0,0,15594,343068,343068
Jul-2026,TIGALAPANKAOS MAKASSAR,KIDS,PUTIH KID PJG XS,0,20,0,0,15594,311880,343068
Agu-2026,TIGALAPANKAOS MAKASSAR,KIDS,PUTIH KID PJG XS,0,14,0,0,15594,218316,311880
Sep-2026,TIGALAPANKAOS MAKASSAR,KIDS,PUTIH KID PJG XS,0,14,0,0,15594,218316,218316
Okt-2026,TIGALAPANKAOS MAKASSAR,KIDS,PUTIH KID PJG XS,15594,13,0,0,15594,202722,218316
Jan-2026,TIGALAPANKAOS MAKASSAR,KIDS,SAGE GREEN KID PJG L,0,43,0,0,19378,833254,0
Feb-2026,TIGALAPANKAOS MAKASSAR,KIDS,SAGE GREEN KID PJG L,19378,42,0,0,19378,813876,833254
Mar-2026,TIGALAPANKAOS MAKASSAR,KIDS,SAGE GREEN KID PJG L,0,36,0,0,19378,697608,813876
Apr-2026,TIGALAPANKAOS MAKASSAR,KIDS,SAGE GREEN KID PJG L,19378,30,0,0,19378,581340,697608
Mei-2026,TIGALAPANKAOS MAKASSAR,KIDS,SAGE GREEN KID PJG L,38756,28,0,0,19378,542584,581340
Jun-2026,TIGALAPANKAOS MAKASSAR,KIDS,SAGE GREEN KID PJG L,0,27,0,0,19378,523206,542584
Jul-2026,TIGALAPANKAOS MAKASSAR,KIDS,SAGE GREEN KID PJG L,19378,20,0,0,19378,387560,523206
Agu-2026,TIGALAPANKAOS MAKASSAR,KIDS,SAGE GREEN KID PJG L,19378,0,0,0,19378,0,387560
Jan-2026,TIGALAPANKAOS MAKASSAR,KIDS,SAGE GREEN KID PJG M,19421,7,0,0,19421,135947,0
Feb-2026,TIGALAPANKAOS MAKASSAR,KIDS,SAGE GREEN KID PJG M,0,7,0,0,19421,135947,135947
Mar-2026,TIGALAPANKAOS MAKASSAR,KIDS,SAGE GREEN KID PJG M,0,5,0,0,19421,97105,135947
Apr-2026,TIGALAPANKAOS MAKASSAR,KIDS,SAGE GREEN KID PJG M,0,0,0,0,19421,0,97105
Jan-2026,TIGALAPANKAOS MAKASSAR,KIDS,SAGE GREEN KID PJG S,19479,7,0,0,19479,136353,0
Feb-2026,TIGALAPANKAOS MAKASSAR,KIDS,SAGE GREEN KID PJG S,0,7,0,0,19479,136353,136353
Mar-2026,TIGALAPANKAOS MAKASSAR,KIDS,SAGE GREEN KID PJG S,0,5,0,0,19479,97395,136353
Apr-2026,TIGALAPANKAOS MAKASSAR,KIDS,SAGE GREEN KID PJG S,19479,0,0,0,19479,0,97395
Jan-2026,TIGALAPANKAOS MAKASSAR,KIDS,SAGE GREEN KID PJG XS,17990,12,0,0,17990,215880,0
Feb-2026,TIGALAPANKAOS MAKASSAR,KIDS,SAGE GREEN KID PJG XS,17990,11,0,0,17990,197890,215880
Mar-2026,TIGALAPANKAOS MAKASSAR,KIDS,SAGE GREEN KID PJG XS,0,11,0,0,17990,197890,197890
Apr-2026,TIGALAPANKAOS MAKASSAR,KIDS,SAGE GREEN KID PJG XS,0,1,0,0,17990,17990,197890
Mei-2026,TIGALAPANKAOS MAKASSAR,KIDS,SAGE GREEN KID PJG XS,0,1,0,0,17990,17990,17990
Jun-2026,TIGALAPANKAOS MAKASSAR,KIDS,SAGE GREEN KID PJG XS,0,1,0,0,17990,17990,17990
Jul-2026,TIGALAPANKAOS MAKASSAR,KIDS,SAGE GREEN KID PJG XS,0,1,0,0,17990,17990,17990
Agu-2026,TIGALAPANKAOS MAKASSAR,KIDS,SAGE GREEN KID PJG XS,17990,0,0,0,17990,0,17990
Jan-2026,TIGALAPANKAOS MAKASSAR,KIDS,TOSCA KID PDK 2XL,0,7,0,0,16281,113967,0
Feb-2026,TIGALAPANKAOS MAKASSAR,KIDS,TOSCA KID PDK 2XL,0,5,0,0,16281,81405,113967
Mar-2026,TIGALAPANKAOS MAKASSAR,KIDS,TOSCA KID PDK 2XL,16281,1,0,0,16281,16281,81405
Apr-2026,TIGALAPANKAOS MAKASSAR,KIDS,TOSCA KID PDK 2XL,0,1,0,0,16281,16281,16281
Mei-2026,TIGALAPANKAOS MAKASSAR,KIDS,TOSCA KID PDK 2XL,0,1,0,0,16281,16281,16281
Jun-2026,TIGALAPANKAOS MAKASSAR,KIDS,TOSCA KID PDK 2XL,16281,0,0,0,16281,0,16281
Jan-2026,TIGALAPANKAOS MAKASSAR,KIDS,TOSCA KID PDK XS,15688,41,0,0,17740,727340,0
Feb-2026,TIGALAPANKAOS MAKASSAR,KIDS,TOSCA KID PDK XS,15688,40,0,0,17740,709600,727340
Mar-2026,TIGALAPANKAOS MAKASSAR,KIDS,TOSCA KID PDK XS,15688,21,0,0,17740,372540,709600
Apr-2026,TIGALAPANKAOS MAKASSAR,KIDS,TOSCA KID PDK XS,15688,17,0,0,17740,301580,372540
Mei-2026,TIGALAPANKAOS MAKASSAR,KIDS,TOSCA KID PDK XS,0,17,0,0,17740,301580,301580
Jun-2026,TIGALAPANKAOS MAKASSAR,KIDS,TOSCA KID PDK XS,47064,14,0,0,17740,248360,301580
Jul-2026,TIGALAPANKAOS MAKASSAR,KIDS,TOSCA KID PDK XS,31376,5,0,0,17740,88700,248360
Agu-2026,TIGALAPANKAOS MAKASSAR,KIDS,TOSCA KID PDK XS,31376,3,0,0,17740,53220,88700
Sep-2026,TIGALAPANKAOS MAKASSAR,KIDS,TOSCA KID PDK XS,31376,1,0,0,17740,17740,53220
Okt-2026,TIGALAPANKAOS MAKASSAR,KIDS,TOSCA KID PDK XS,15688,0,0,0,17740,0,17740
Jan-2026,TIGALAPANKAOS MAKASSAR,KIDS,TOSCA KID PJG S,0,5,0,0,19154,95770,0
Feb-2026,TIGALAPANKAOS MAKASSAR,KIDS,TOSCA KID PJG S,0,5,0,0,19154,95770,95770
Mar-2026,TIGALAPANKAOS MAKASSAR,KIDS,TOSCA KID PJG S,0,5,0,0,19154,95770,95770
Apr-2026,TIGALAPANKAOS MAKASSAR,KIDS,TOSCA KID PJG S,0,5,0,0,19154,95770,95770
Mei-2026,TIGALAPANKAOS MAKASSAR,KIDS,TOSCA KID PJG S,0,5,0,0,19154,95770,95770
Jun-2026,TIGALAPANKAOS MAKASSAR,KIDS,TOSCA KID PJG S,0,5,0,0,19154,95770,95770
Jul-2026,TIGALAPANKAOS MAKASSAR,KIDS,TOSCA KID PJG S,0,4,0,0,19154,76616,95770
Agu-2026,TIGALAPANKAOS MAKASSAR,KIDS,TOSCA KID PJG S,38308,2,0,0,19154,38308,76616
Sep-2026,TIGALAPANKAOS MAKASSAR,KIDS,TOSCA KID PJG S,19154,0,0,0,19154,0,38308
Jan-2026,TIGALAPANKAOS MAKASSAR,KIDS,TOSCA KID PJG XS,0,15,0,0,18912,283680,0
Feb-2026,TIGALAPANKAOS MAKASSAR,KIDS,TOSCA KID PJG XS,0,15,0,0,18912,283680,283680
Mar-2026,TIGALAPANKAOS MAKASSAR,KIDS,TOSCA KID PJG XS,0,15,0,0,18912,283680,283680
Apr-2026,TIGALAPANKAOS MAKASSAR,KIDS,TOSCA KID PJG XS,0,15,0,0,18912,283680,283680
Mei-2026,TIGALAPANKAOS MAKASSAR,KIDS,TOSCA KID PJG XS,0,15,0,0,18912,283680,283680
Jun-2026,TIGALAPANKAOS MAKASSAR,KIDS,TOSCA KID PJG XS,0,15,0,0,18912,283680,283680
Jul-2026,TIGALAPANKAOS MAKASSAR,KIDS,TOSCA KID PJG XS,0,13,0,0,18912,245856,283680
Agu-2026,TIGALAPANKAOS MAKASSAR,KIDS,TOSCA KID PJG XS,0,0,0,0,18912,0,245856
Jan-2026,TIGALAPANKAOS MAKASSAR,KIDS,TURKIS KID PDK XS,0,26,0,0,17759,461734,0
Feb-2026,TIGALAPANKAOS MAKASSAR,KIDS,TURKIS KID PDK XS,15689,25,0,0,17759,443975,461734
Mar-2026,TIGALAPANKAOS MAKASSAR,KIDS,TURKIS KID PDK XS,31378,3,0,0,17759,53277,443975
Apr-2026,TIGALAPANKAOS MAKASSAR,KIDS,TURKIS KID PDK XS,0,1,0,0,17759,17759,53277
Mei-2026,TIGALAPANKAOS MAKASSAR,KIDS,TURKIS KID PDK XS,0,1,0,0,17759,17759,17759
Jun-2026,TIGALAPANKAOS MAKASSAR,KIDS,TURKIS KID PDK XS,0,1,0,0,17759,17759,17759
Jul-2026,TIGALAPANKAOS MAKASSAR,KIDS,TURKIS KID PDK XS,15689,0,0,0,17759,0,17759
Jan-2026,TIGALAPANKAOS MAKASSAR,KIDS,TURKIS KID PJG S,0,6,0,0,18716,112296,0
Feb-2026,TIGALAPANKAOS MAKASSAR,KIDS,TURKIS KID PJG S,0,6,0,0,18716,112296,112296
Mar-2026,TIGALAPANKAOS MAKASSAR,KIDS,TURKIS KID PJG S,0,6,0,0,18716,112296,112296
Apr-2026,TIGALAPANKAOS MAKASSAR,KIDS,TURKIS KID PJG S,0,6,0,0,18716,112296,112296
Mei-2026,TIGALAPANKAOS MAKASSAR,KIDS,TURKIS KID PJG S,0,6,0,0,18716,112296,112296
Jun-2026,TIGALAPANKAOS MAKASSAR,KIDS,TURKIS KID PJG S,0,6,0,0,18716,112296,112296
Jul-2026,TIGALAPANKAOS MAKASSAR,KIDS,TURKIS KID PJG S,0,6,0,0,18716,112296,112296
Agu-2026,TIGALAPANKAOS MAKASSAR,KIDS,TURKIS KID PJG S,37432,5,0,0,18716,93580,112296
Sep-2026,TIGALAPANKAOS MAKASSAR,KIDS,TURKIS KID PJG S,0,4,0,0,18716,74864,93580
Okt-2026,TIGALAPANKAOS MAKASSAR,KIDS,TURKIS KID PJG S,0,4,0,0,18716,74864,74864
Jan-2026,TIGALAPANKAOS MAKASSAR,KIDS,TURKIS KID PJG XS,0,7,0,0,19095,133665,0
Feb-2026,TIGALAPANKAOS MAKASSAR,KIDS,TURKIS KID PJG XS,0,7,0,0,19095,133665,133665
Mar-2026,TIGALAPANKAOS MAKASSAR,KIDS,TURKIS KID PJG XS,0,7,0,0,19095,133665,133665
Apr-2026,TIGALAPANKAOS MAKASSAR,KIDS,TURKIS KID PJG XS,0,7,0,0,19095,133665,133665
Mei-2026,TIGALAPANKAOS MAKASSAR,KIDS,TURKIS KID PJG XS,0,7,0,0,19095,133665,133665
Jun-2026,TIGALAPANKAOS MAKASSAR,KIDS,TURKIS KID PJG XS,0,7,0,0,19095,133665,133665
Jul-2026,TIGALAPANKAOS MAKASSAR,KIDS,TURKIS KID PJG XS,0,7,0,0,19095,133665,133665
Agu-2026,TIGALAPANKAOS MAKASSAR,KIDS,TURKIS KID PJG XS,19095,6,0,0,19095,114570,133665
Sep-2026,TIGALAPANKAOS MAKASSAR,KIDS,TURKIS KID PJG XS,0,4,0,0,19095,76380,114570
Okt-2026,TIGALAPANKAOS MAKASSAR,KIDS,TURKIS KID PJG XS,0,4,0,0,19095,76380,76380
Jan-2026,TIGALAPANKAOS PALU,KIDS,ABU MISTY KID PDK XS,98870,0,0,0,18822,0,0
Jan-2026,TIGALAPANKAOS PALU,KIDS,ABU TUA KID PDK L,16146,0,0,0,16561,0,0
Jan-2026,TIGALAPANKAOS PALU,KIDS,ABU TUA KID PDK M,0,2,0,0,16591,33182,0
Feb-2026,TIGALAPANKAOS PALU,KIDS,ABU TUA KID PDK M,0,2,0,0,16591,33182,33182
Mar-2026,TIGALAPANKAOS PALU,KIDS,ABU TUA KID PDK M,16682,1,0,0,16591,16591,33182
Apr-2026,TIGALAPANKAOS PALU,KIDS,ABU TUA KID PDK M,0,1,0,0,16591,16591,16591
Mei-2026,TIGALAPANKAOS PALU,KIDS,ABU TUA KID PDK M,16682,0,0,0,16591,0,16591
Jan-2026,TIGALAPANKAOS PALU,KIDS,ABU TUA KID PDK S,0,13,0,0,14782,192166,0
Feb-2026,TIGALAPANKAOS PALU,KIDS,ABU TUA KID PDK S,16587,12,0,0,14782,177384,192166
Mar-2026,TIGALAPANKAOS PALU,KIDS,ABU TUA KID PDK S,49761,9,0,0,14782,133038,177384
Apr-2026,TIGALAPANKAOS PALU,KIDS,ABU TUA KID PDK S,0,9,0,0,14782,133038,133038
Mei-2026,TIGALAPANKAOS PALU,KIDS,ABU TUA KID PDK S,0,9,0,0,14782,133038,133038
Jun-2026,TIGALAPANKAOS PALU,KIDS,ABU TUA KID PDK S,16587,8,0,0,14782,118256,133038
Jul-2026,TIGALAPANKAOS PALU,KIDS,ABU TUA KID PDK S,33174,6,0,0,14782,88692,118256
Agu-2026,TIGALAPANKAOS PALU,KIDS,ABU TUA KID PDK S,16587,5,0,0,14782,73910,88692
Sep-2026,TIGALAPANKAOS PALU,KIDS,ABU TUA KID PDK S,0,5,0,0,14782,73910,73910
Okt-2026,TIGALAPANKAOS PALU,KIDS,ABU TUA KID PDK S,0,5,0,0,14782,73910,73910
Jan-2026,TIGALAPANKAOS PALU,KIDS,ABU TUA KID PDK XS,0,9,0,0,17192,154728,0
Feb-2026,TIGALAPANKAOS PALU,KIDS,ABU TUA KID PDK XS,0,9,0,0,17192,154728,154728
Mar-2026,TIGALAPANKAOS PALU,KIDS,ABU TUA KID PDK XS,0,9,0,0,17192,154728,154728
Apr-2026,TIGALAPANKAOS PALU,KIDS,ABU TUA KID PDK XS,0,9,0,0,17192,154728,154728
Mei-2026,TIGALAPANKAOS PALU,KIDS,ABU TUA KID PDK XS,0,9,0,0,17192,154728,154728
Jun-2026,TIGALAPANKAOS PALU,KIDS,ABU TUA KID PDK XS,0,9,0,0,17192,154728,154728
Jul-2026,TIGALAPANKAOS PALU,KIDS,ABU TUA KID PDK XS,0,8,0,0,17192,137536,154728
Agu-2026,TIGALAPANKAOS PALU,KIDS,ABU TUA KID PDK XS,16113,7,0,0,17192,120344,137536
Sep-2026,TIGALAPANKAOS PALU,KIDS,ABU TUA KID PDK XS,0,7,0,0,17192,120344,120344
Okt-2026,TIGALAPANKAOS PALU,KIDS,ABU TUA KID PDK XS,0,7,0,0,17192,120344,120344
Jan-2026,TIGALAPANKAOS PALU,KIDS,ABU TUA KID PJG L,0,54,0,0,20442,1103868,0
Feb-2026,TIGALAPANKAOS PALU,KIDS,ABU TUA KID PJG L,0,54,0,0,20442,1103868,1103868
Mar-2026,TIGALAPANKAOS PALU,KIDS,ABU TUA KID PJG L,0,54,0,0,20442,1103868,1103868
Apr-2026,TIGALAPANKAOS PALU,KIDS,ABU TUA KID PJG L,0,54,0,0,20442,1103868,1103868
Mei-2026,TIGALAPANKAOS PALU,KIDS,ABU TUA KID PJG L,19090,53,0,0,20442,1083426,1103868
Jun-2026,TIGALAPANKAOS PALU,KIDS,ABU TUA KID PJG L,57270,50,0,0,20442,1022100,1083426
Jul-2026,TIGALAPANKAOS PALU,KIDS,ABU TUA KID PJG L,19090,49,0,0,20442,1001658,1022100
Agu-2026,TIGALAPANKAOS PALU,KIDS,ABU TUA KID PJG L,19090,48,0,0,20442,981216,1001658
Sep-2026,TIGALAPANKAOS PALU,KIDS,ABU TUA KID PJG L,0,48,0,0,20442,981216,981216
Okt-2026,TIGALAPANKAOS PALU,KIDS,ABU TUA KID PJG L,0,48,0,0,20442,981216,981216
Jan-2026,TIGALAPANKAOS PALU,KIDS,ABU TUA KID PJG M,0,47,0,0,20224,950528,0
Feb-2026,TIGALAPANKAOS PALU,KIDS,ABU TUA KID PJG M,0,47,0,0,20224,950528,950528
Mar-2026,TIGALAPANKAOS PALU,KIDS,ABU TUA KID PJG M,0,47,0,0,20224,950528,950528
Apr-2026,TIGALAPANKAOS PALU,KIDS,ABU TUA KID PJG M,0,47,0,0,20224,950528,950528
Mei-2026,TIGALAPANKAOS PALU,KIDS,ABU TUA KID PJG M,0,47,0,0,20224,950528,950528
Jun-2026,TIGALAPANKAOS PALU,KIDS,ABU TUA KID PJG M,18921,46,0,0,20224,930304,950528
Jul-2026,TIGALAPANKAOS PALU,KIDS,ABU TUA KID PJG M,37842,45,0,0,20224,910080,930304
Agu-2026,TIGALAPANKAOS PALU,KIDS,ABU TUA KID PJG M,18921,43,0,0,20224,869632,910080
Sep-2026,TIGALAPANKAOS PALU,KIDS,ABU TUA KID PJG M,18921,42,0,0,20224,849408,869632
Okt-2026,TIGALAPANKAOS PALU,KIDS,ABU TUA KID PJG M,0,42,0,0,20224,849408,849408
Jan-2026,TIGALAPANKAOS PALU,KIDS,ABU TUA KID PJG S,0,24,0,0,20442,490608,0
Feb-2026,TIGALAPANKAOS PALU,KIDS,ABU TUA KID PJG S,0,24,0,0,20442,490608,490608
Mar-2026,TIGALAPANKAOS PALU,KIDS,ABU TUA KID PJG S,0,24,0,0,20442,490608,490608
Apr-2026,TIGALAPANKAOS PALU,KIDS,ABU TUA KID PJG S,0,24,0,0,20442,490608,490608
Mei-2026,TIGALAPANKAOS PALU,KIDS,ABU TUA KID PJG S,19366,23,0,0,20442,470166,490608
Jun-2026,TIGALAPANKAOS PALU,KIDS,ABU TUA KID PJG S,19366,22,0,0,20442,449724,470166
Jul-2026,TIGALAPANKAOS PALU,KIDS,ABU TUA KID PJG S,19366,21,0,0,20442,429282,449724
Agu-2026,TIGALAPANKAOS PALU,KIDS,ABU TUA KID PJG S,0,21,0,0,20442,429282,429282
Sep-2026,TIGALAPANKAOS PALU,KIDS,ABU TUA KID PJG S,0,21,0,0,20442,429282,429282
Okt-2026,TIGALAPANKAOS PALU,KIDS,ABU TUA KID PJG S,0,21,0,0,20442,429282,429282
Jan-2026,TIGALAPANKAOS PALU,KIDS,ABU TUA KID PJG XL,0,9,0,0,20875,187875,0
Feb-2026,TIGALAPANKAOS PALU,KIDS,ABU TUA KID PJG XL,20331,8,0,0,20875,167000,187875
Mar-2026,TIGALAPANKAOS PALU,KIDS,ABU TUA KID PJG XL,40662,6,0,0,20875,125250,167000
Apr-2026,TIGALAPANKAOS PALU,KIDS,ABU TUA KID PJG XL,0,6,0,0,20875,125250,125250
Mei-2026,TIGALAPANKAOS PALU,KIDS,ABU TUA KID PJG XL,20331,5,0,0,20875,104375,125250
Jun-2026,TIGALAPANKAOS PALU,KIDS,ABU TUA KID PJG XL,0,5,0,0,20875,104375,104375
Jul-2026,TIGALAPANKAOS PALU,KIDS,ABU TUA KID PJG XL,0,5,0,0,20875,104375,104375
Agu-2026,TIGALAPANKAOS PALU,KIDS,ABU TUA KID PJG XL,0,5,0,0,20875,104375,104375
Sep-2026,TIGALAPANKAOS PALU,KIDS,ABU TUA KID PJG XL,0,5,0,0,20875,104375,104375
Okt-2026,TIGALAPANKAOS PALU,KIDS,ABU TUA KID PJG XL,0,5,0,0,20875,104375,104375
Jan-2026,TIGALAPANKAOS PALU,KIDS,ABU TUA KID PJG XS,0,35,0,0,19783,692405,0
Feb-2026,TIGALAPANKAOS PALU,KIDS,ABU TUA KID PJG XS,0,35,0,0,19783,692405,692405
Mar-2026,TIGALAPANKAOS PALU,KIDS,ABU TUA KID PJG XS,0,35,0,0,19783,692405,692405
Apr-2026,TIGALAPANKAOS PALU,KIDS,ABU TUA KID PJG XS,0,35,0,0,19783,692405,692405
Mei-2026,TIGALAPANKAOS PALU,KIDS,ABU TUA KID PJG XS,19280,34,0,0,19783,672622,692405
Jun-2026,TIGALAPANKAOS PALU,KIDS,ABU TUA KID PJG XS,0,34,0,0,19783,672622,672622
Jul-2026,TIGALAPANKAOS PALU,KIDS,ABU TUA KID PJG XS,0,35,0,0,19783,692405,672622
Agu-2026,TIGALAPANKAOS PALU,KIDS,ABU TUA KID PJG XS,18729,35,0,0,19783,692405,692405
Sep-2026,TIGALAPANKAOS PALU,KIDS,ABU TUA KID PJG XS,0,34,0,0,19783,672622,692405
Okt-2026,TIGALAPANKAOS PALU,KIDS,ABU TUA KID PJG XS,0,34,0,0,19783,672622,672622
Jan-2026,TIGALAPANKAOS PALU,KIDS,BEIGE KID PJG M,18089,13,0,0,17902,232726,0
Feb-2026,TIGALAPANKAOS PALU,KIDS,BEIGE KID PJG M,0,13,0,0,17902,232726,232726
Mar-2026,TIGALAPANKAOS PALU,KIDS,BEIGE KID PJG M,0,13,0,0,17902,232726,232726
Apr-2026,TIGALAPANKAOS PALU,KIDS,BEIGE KID PJG M,0,13,0,0,17902,232726,232726
Mei-2026,TIGALAPANKAOS PALU,KIDS,BEIGE KID PJG M,0,13,0,0,17902,232726,232726
Jun-2026,TIGALAPANKAOS PALU,KIDS,BEIGE KID PJG M,36178,11,0,0,17902,196922,232726
Jul-2026,TIGALAPANKAOS PALU,KIDS,BEIGE KID PJG M,18089,11,0,0,17902,196922,196922
Agu-2026,TIGALAPANKAOS PALU,KIDS,BEIGE KID PJG M,18089,0,0,0,17902,0,196922
Jan-2026,TIGALAPANKAOS PALU,KIDS,BEIGE KID PJG S,0,9,0,0,18086,162774,0
Feb-2026,TIGALAPANKAOS PALU,KIDS,BEIGE KID PJG S,0,9,0,0,18086,162774,162774
Mar-2026,TIGALAPANKAOS PALU,KIDS,BEIGE KID PJG S,0,9,0,0,18086,162774,162774
Apr-2026,TIGALAPANKAOS PALU,KIDS,BEIGE KID PJG S,18472,8,0,0,18086,144688,162774
Mei-2026,TIGALAPANKAOS PALU,KIDS,BEIGE KID PJG S,18472,7,0,0,18086,126602,144688
Jun-2026,TIGALAPANKAOS PALU,KIDS,BEIGE KID PJG S,0,7,0,0,18086,126602,126602
Jul-2026,TIGALAPANKAOS PALU,KIDS,BEIGE KID PJG S,0,7,0,0,18086,126602,126602
Agu-2026,TIGALAPANKAOS PALU,KIDS,BEIGE KID PJG S,0,7,0,0,18086,126602,126602
Sep-2026,TIGALAPANKAOS PALU,KIDS,BEIGE KID PJG S,0,7,0,0,18086,126602,126602
Okt-2026,TIGALAPANKAOS PALU,KIDS,BEIGE KID PJG S,0,7,0,0,18086,126602,126602
Jan-2026,TIGALAPANKAOS PALU,KIDS,BEIGE KID PJG XS,0,12,0,0,17635,211620,0
Feb-2026,TIGALAPANKAOS PALU,KIDS,BEIGE KID PJG XS,0,12,0,0,17635,211620,211620
Mar-2026,TIGALAPANKAOS PALU,KIDS,BEIGE KID PJG XS,0,12,0,0,17635,211620,211620
Apr-2026,TIGALAPANKAOS PALU,KIDS,BEIGE KID PJG XS,0,12,0,0,17635,211620,211620
Mei-2026,TIGALAPANKAOS PALU,KIDS,BEIGE KID PJG XS,0,12,0,0,17635,211620,211620
Jun-2026,TIGALAPANKAOS PALU,KIDS,BEIGE KID PJG XS,0,12,0,0,17635,211620,211620
Jul-2026,TIGALAPANKAOS PALU,KIDS,BEIGE KID PJG XS,0,12,0,0,17635,211620,211620
Agu-2026,TIGALAPANKAOS PALU,KIDS,BEIGE KID PJG XS,17906,12,0,0,17635,211620,211620
Sep-2026,TIGALAPANKAOS PALU,KIDS,BEIGE KID PJG XS,0,11,0,0,17635,193985,211620
Okt-2026,TIGALAPANKAOS PALU,KIDS,BEIGE KID PJG XS,0,11,0,0,17635,193985,193985
Jan-2026,TIGALAPANKAOS PALU,KIDS,BENHUR KID PDK XS,31824,4,0,0,15907,63628,0
Feb-2026,TIGALAPANKAOS PALU,KIDS,BENHUR KID PDK XS,0,4,0,0,15907,63628,63628
Mar-2026,TIGALAPANKAOS PALU,KIDS,BENHUR KID PDK XS,15912,3,0,0,15907,47721,63628
Apr-2026,TIGALAPANKAOS PALU,KIDS,BENHUR KID PDK XS,0,2,0,0,15907,31814,47721
Mei-2026,TIGALAPANKAOS PALU,KIDS,BENHUR KID PDK XS,0,2,0,0,15907,31814,31814
Jun-2026,TIGALAPANKAOS PALU,KIDS,BENHUR KID PDK XS,31824,0,0,0,15907,0,31814
Jan-2026,TIGALAPANKAOS PALU,KIDS,BENHUR KID PJG 2XL,0,1,0,0,21115,21115,0
Feb-2026,TIGALAPANKAOS PALU,KIDS,BENHUR KID PJG 2XL,0,1,0,0,21115,21115,21115
Mar-2026,TIGALAPANKAOS PALU,KIDS,BENHUR KID PJG 2XL,0,1,0,0,21115,21115,21115
Apr-2026,TIGALAPANKAOS PALU,KIDS,BENHUR KID PJG 2XL,0,1,0,0,21115,21115,21115
Mei-2026,TIGALAPANKAOS PALU,KIDS,BENHUR KID PJG 2XL,20674,0,0,0,21115,0,21115
Jan-2026,TIGALAPANKAOS PALU,KIDS,BENHUR KID PJG L,0,27,0,0,20170,544590,0
Feb-2026,TIGALAPANKAOS PALU,KIDS,BENHUR KID PJG L,20170,26,0,0,20170,524420,544590
Mar-2026,TIGALAPANKAOS PALU,KIDS,BENHUR KID PJG L,0,26,0,0,20170,524420,524420
Apr-2026,TIGALAPANKAOS PALU,KIDS,BENHUR KID PJG L,0,26,0,0,20170,524420,524420
Mei-2026,TIGALAPANKAOS PALU,KIDS,BENHUR KID PJG L,20170,25,0,0,20170,504250,524420
Jun-2026,TIGALAPANKAOS PALU,KIDS,BENHUR KID PJG L,100850,20,0,0,20170,403400,504250
Jul-2026,TIGALAPANKAOS PALU,KIDS,BENHUR KID PJG L,20170,19,0,0,20170,383230,403400
Agu-2026,TIGALAPANKAOS PALU,KIDS,BENHUR KID PJG L,0,19,0,0,20170,383230,383230
Sep-2026,TIGALAPANKAOS PALU,KIDS,BENHUR KID PJG L,40340,13,0,0,20170,262210,383230
Okt-2026,TIGALAPANKAOS PALU,KIDS,BENHUR KID PJG L,0,13,0,0,20170,262210,262210
Jan-2026,TIGALAPANKAOS PALU,KIDS,BENHUR KID PJG M,0,24,0,0,20075,481800,0
Feb-2026,TIGALAPANKAOS PALU,KIDS,BENHUR KID PJG M,20074,23,0,0,20075,461725,481800
Mar-2026,TIGALAPANKAOS PALU,KIDS,BENHUR KID PJG M,0,23,0,0,20075,461725,461725
Apr-2026,TIGALAPANKAOS PALU,KIDS,BENHUR KID PJG M,0,23,0,0,20075,461725,461725
Mei-2026,TIGALAPANKAOS PALU,KIDS,BENHUR KID PJG M,0,23,0,0,20075,461725,461725
Jun-2026,TIGALAPANKAOS PALU,KIDS,BENHUR KID PJG M,100370,18,0,0,20075,361350,461725
Jul-2026,TIGALAPANKAOS PALU,KIDS,BENHUR KID PJG M,20074,18,0,0,20075,361350,361350
Agu-2026,TIGALAPANKAOS PALU,KIDS,BENHUR KID PJG M,0,4,0,0,20075,80300,361350
Sep-2026,TIGALAPANKAOS PALU,KIDS,BENHUR KID PJG M,20074,3,0,0,20075,60225,80300
Okt-2026,TIGALAPANKAOS PALU,KIDS,BENHUR KID PJG M,0,3,0,0,20075,60225,60225
Jan-2026,TIGALAPANKAOS PALU,KIDS,BENHUR KID PJG S,0,24,0,0,19234,461616,0
Feb-2026,TIGALAPANKAOS PALU,KIDS,BENHUR KID PJG S,19413,23,0,0,19234,442382,461616
Mar-2026,TIGALAPANKAOS PALU,KIDS,BENHUR KID PJG S,0,23,0,0,19234,442382,442382
Apr-2026,TIGALAPANKAOS PALU,KIDS,BENHUR KID PJG S,0,23,0,0,19234,442382,442382
Mei-2026,TIGALAPANKAOS PALU,KIDS,BENHUR KID PJG S,19413,22,0,0,19234,423148,442382
Jun-2026,TIGALAPANKAOS PALU,KIDS,BENHUR KID PJG S,38826,20,0,0,19234,384680,423148
Jul-2026,TIGALAPANKAOS PALU,KIDS,BENHUR KID PJG S,0,20,0,0,19234,384680,384680
Agu-2026,TIGALAPANKAOS PALU,KIDS,BENHUR KID PJG S,38826,18,0,0,19234,346212,384680
Sep-2026,TIGALAPANKAOS PALU,KIDS,BENHUR KID PJG S,19413,5,0,0,19234,96170,346212
Okt-2026,TIGALAPANKAOS PALU,KIDS,BENHUR KID PJG S,0,5,0,0,19234,96170,96170
Jan-2026,TIGALAPANKAOS PALU,KIDS,BENHUR KID PJG XS,0,18,0,0,18648,335664,0
Feb-2026,TIGALAPANKAOS PALU,KIDS,BENHUR KID PJG XS,0,18,0,0,18648,335664,335664
Mar-2026,TIGALAPANKAOS PALU,KIDS,BENHUR KID PJG XS,19767,17,0,0,18648,317016,335664
Apr-2026,TIGALAPANKAOS PALU,KIDS,BENHUR KID PJG XS,0,17,0,0,18648,317016,317016
Mei-2026,TIGALAPANKAOS PALU,KIDS,BENHUR KID PJG XS,0,17,0,0,18648,317016,317016
Jun-2026,TIGALAPANKAOS PALU,KIDS,BENHUR KID PJG XS,0,17,0,0,18648,317016,317016
Jul-2026,TIGALAPANKAOS PALU,KIDS,BENHUR KID PJG XS,19767,16,0,0,18648,298368,317016
Agu-2026,TIGALAPANKAOS PALU,KIDS,BENHUR KID PJG XS,0,16,0,0,18648,298368,298368
Sep-2026,TIGALAPANKAOS PALU,KIDS,BENHUR KID PJG XS,0,16,0,0,18648,298368,298368
Okt-2026,TIGALAPANKAOS PALU,KIDS,BENHUR KID PJG XS,0,16,0,0,18648,298368,298368
Jan-2026,TIGALAPANKAOS PALU,KIDS,BLUSH RED KID PJG L,41558,0,0,0,36000,0,0
Jan-2026,TIGALAPANKAOS PALU,KIDS,BLUSH RED KID PJG M,0,1,0,0,20131,20131,0
Feb-2026,TIGALAPANKAOS PALU,KIDS,BLUSH RED KID PJG M,0,1,0,0,20131,20131,20131
Mar-2026,TIGALAPANKAOS PALU,KIDS,BLUSH RED KID PJG M,0,1,0,0,20131,20131,20131
Apr-2026,TIGALAPANKAOS PALU,KIDS,BLUSH RED KID PJG M,0,1,0,0,20131,20131,20131
Mei-2026,TIGALAPANKAOS PALU,KIDS,BLUSH RED KID PJG M,0,1,0,0,20131,20131,20131
Jun-2026,TIGALAPANKAOS PALU,KIDS,BLUSH RED KID PJG M,0,0,0,0,20131,0,20131
Jan-2026,TIGALAPANKAOS PALU,KIDS,BLUSH RED KID PJG S,0,5,0,0,18798,93990,0
Feb-2026,TIGALAPANKAOS PALU,KIDS,BLUSH RED KID PJG S,0,5,0,0,18798,93990,93990
Mar-2026,TIGALAPANKAOS PALU,KIDS,BLUSH RED KID PJG S,0,5,0,0,18798,93990,93990
Apr-2026,TIGALAPANKAOS PALU,KIDS,BLUSH RED KID PJG S,0,5,0,0,18798,93990,93990
Mei-2026,TIGALAPANKAOS PALU,KIDS,BLUSH RED KID PJG S,0,5,0,0,18798,93990,93990
Jun-2026,TIGALAPANKAOS PALU,KIDS,BLUSH RED KID PJG S,0,6,0,0,18798,112788,93990
Jul-2026,TIGALAPANKAOS PALU,KIDS,BLUSH RED KID PJG S,49923,3,0,0,18798,56394,112788
Agu-2026,TIGALAPANKAOS PALU,KIDS,BLUSH RED KID PJG S,0,3,0,0,18798,56394,56394
Sep-2026,TIGALAPANKAOS PALU,KIDS,BLUSH RED KID PJG S,0,3,0,0,18798,56394,56394
Okt-2026,TIGALAPANKAOS PALU,KIDS,BLUSH RED KID PJG S,0,3,0,0,18798,56394,56394
Jan-2026,TIGALAPANKAOS PALU,KIDS,BLUSH RED KID PJG XS,0,5,0,0,19872,99360,0
Feb-2026,TIGALAPANKAOS PALU,KIDS,BLUSH RED KID PJG XS,0,5,0,0,19872,99360,99360
Mar-2026,TIGALAPANKAOS PALU,KIDS,BLUSH RED KID PJG XS,0,5,0,0,19872,99360,99360
Apr-2026,TIGALAPANKAOS PALU,KIDS,BLUSH RED KID PJG XS,0,5,0,0,19872,99360,99360
Mei-2026,TIGALAPANKAOS PALU,KIDS,BLUSH RED KID PJG XS,0,5,0,0,19872,99360,99360
Jun-2026,TIGALAPANKAOS PALU,KIDS,BLUSH RED KID PJG XS,0,5,0,0,19872,99360,99360
Jul-2026,TIGALAPANKAOS PALU,KIDS,BLUSH RED KID PJG XS,39580,3,0,0,19872,59616,99360
Agu-2026,TIGALAPANKAOS PALU,KIDS,BLUSH RED KID PJG XS,0,3,0,0,19872,59616,59616
Sep-2026,TIGALAPANKAOS PALU,KIDS,BLUSH RED KID PJG XS,0,3,0,0,19872,59616,59616
Okt-2026,TIGALAPANKAOS PALU,KIDS,BLUSH RED KID PJG XS,0,3,0,0,19872,59616,59616
Jun-2026,TIGALAPANKAOS PALU,KIDS,COKLAT SUSU KID PDK M,0,1,0,0,15846,15846,0
Jul-2026,TIGALAPANKAOS PALU,KIDS,COKLAT SUSU KID PDK M,0,1,0,0,15846,15846,15846
Agu-2026,TIGALAPANKAOS PALU,KIDS,COKLAT SUSU KID PDK M,0,1,0,0,15846,15846,15846
Sep-2026,TIGALAPANKAOS PALU,KIDS,COKLAT SUSU KID PDK M,0,1,0,0,15846,15846,15846
Okt-2026,TIGALAPANKAOS PALU,KIDS,COKLAT SUSU KID PDK M,0,1,0,0,15846,15846,15846
Jan-2026,TIGALAPANKAOS PALU,KIDS,COKLAT SUSU KID PDK XS,0,2,0,0,15648,31296,0
Feb-2026,TIGALAPANKAOS PALU,KIDS,COKLAT SUSU KID PDK XS,0,2,0,0,15648,31296,31296
Mar-2026,TIGALAPANKAOS PALU,KIDS,COKLAT SUSU KID PDK XS,0,2,0,0,15648,31296,31296
Apr-2026,TIGALAPANKAOS PALU,KIDS,COKLAT SUSU KID PDK XS,0,2,0,0,15648,31296,31296
Mei-2026,TIGALAPANKAOS PALU,KIDS,COKLAT SUSU KID PDK XS,0,2,0,0,15648,31296,31296
Jun-2026,TIGALAPANKAOS PALU,KIDS,COKLAT SUSU KID PDK XS,15639,1,0,0,15648,15648,31296
Jul-2026,TIGALAPANKAOS PALU,KIDS,COKLAT SUSU KID PDK XS,15639,0,0,0,15648,0,15648
Jan-2026,TIGALAPANKAOS PALU,KIDS,COKLAT SUSU KID PJG 2XL,20375,1,0,0,20375,20375,0
Feb-2026,TIGALAPANKAOS PALU,KIDS,COKLAT SUSU KID PJG 2XL,0,0,0,0,20375,0,20375
Jan-2026,TIGALAPANKAOS PALU,KIDS,COKLAT SUSU KID PJG XS,0,1,0,0,19438,19438,0
Feb-2026,TIGALAPANKAOS PALU,KIDS,COKLAT SUSU KID PJG XS,0,1,0,0,19438,19438,19438
Mar-2026,TIGALAPANKAOS PALU,KIDS,COKLAT SUSU KID PJG XS,0,1,0,0,19438,19438,19438
Apr-2026,TIGALAPANKAOS PALU,KIDS,COKLAT SUSU KID PJG XS,0,1,0,0,19438,19438,19438
Mei-2026,TIGALAPANKAOS PALU,KIDS,COKLAT SUSU KID PJG XS,0,1,0,0,19438,19438,19438
Jun-2026,TIGALAPANKAOS PALU,KIDS,COKLAT SUSU KID PJG XS,0,1,0,0,19438,19438,19438
Jul-2026,TIGALAPANKAOS PALU,KIDS,COKLAT SUSU KID PJG XS,19438,0,0,0,19438,0,19438
Jan-2026,TIGALAPANKAOS PALU,KIDS,DEEP BLUE KID PDK 2XL,0,5,0,0,22299,111495,0
Feb-2026,TIGALAPANKAOS PALU,KIDS,DEEP BLUE KID PDK 2XL,0,5,0,0,22299,111495,111495
Mar-2026,TIGALAPANKAOS PALU,KIDS,DEEP BLUE KID PDK 2XL,44598,3,0,0,22299,66897,111495
Apr-2026,TIGALAPANKAOS PALU,KIDS,DEEP BLUE KID PDK 2XL,0,3,0,0,22299,66897,66897
Mei-2026,TIGALAPANKAOS PALU,KIDS,DEEP BLUE KID PDK 2XL,22299,2,0,0,22299,44598,66897
Jun-2026,TIGALAPANKAOS PALU,KIDS,DEEP BLUE KID PDK 2XL,0,2,0,0,22299,44598,44598
Jul-2026,TIGALAPANKAOS PALU,KIDS,DEEP BLUE KID PDK 2XL,0,2,0,0,22299,44598,44598
Agu-2026,TIGALAPANKAOS PALU,KIDS,DEEP BLUE KID PDK 2XL,22299,2,0,0,22299,44598,44598
Sep-2026,TIGALAPANKAOS PALU,KIDS,DEEP BLUE KID PDK 2XL,0,1,0,0,22299,22299,44598
Okt-2026,TIGALAPANKAOS PALU,KIDS,DEEP BLUE KID PDK 2XL,0,1,0,0,22299,22299,22299
Jan-2026,TIGALAPANKAOS PALU,KIDS,DEEP BLUE KID PDK XS,16088,15,0,0,16314,244710,0
Feb-2026,TIGALAPANKAOS PALU,KIDS,DEEP BLUE KID PDK XS,0,15,0,0,16314,244710,244710
Mar-2026,TIGALAPANKAOS PALU,KIDS,DEEP BLUE KID PDK XS,48264,12,0,0,16314,195768,244710
Apr-2026,TIGALAPANKAOS PALU,KIDS,DEEP BLUE KID PDK XS,48264,10,0,0,16314,163140,195768
Mei-2026,TIGALAPANKAOS PALU,KIDS,DEEP BLUE KID PDK XS,0,9,0,0,16314,146826,163140
Jun-2026,TIGALAPANKAOS PALU,KIDS,DEEP BLUE KID PDK XS,32176,7,0,0,16314,114198,146826
Jul-2026,TIGALAPANKAOS PALU,KIDS,DEEP BLUE KID PDK XS,0,7,0,0,16314,114198,114198
Agu-2026,TIGALAPANKAOS PALU,KIDS,DEEP BLUE KID PDK XS,0,7,0,0,16314,114198,114198
Sep-2026,TIGALAPANKAOS PALU,KIDS,DEEP BLUE KID PDK XS,0,7,0,0,16314,114198,114198
Okt-2026,TIGALAPANKAOS PALU,KIDS,DEEP BLUE KID PDK XS,0,7,0,0,16314,114198,114198
Jan-2026,TIGALAPANKAOS PALU,KIDS,DEEP BLUE KID PJG 2XL,0,2,0,0,17727,35454,0
Feb-2026,TIGALAPANKAOS PALU,KIDS,DEEP BLUE KID PJG 2XL,0,2,0,0,17727,35454,35454
Mar-2026,TIGALAPANKAOS PALU,KIDS,DEEP BLUE KID PJG 2XL,0,2,0,0,17727,35454,35454
Apr-2026,TIGALAPANKAOS PALU,KIDS,DEEP BLUE KID PJG 2XL,0,2,0,0,17727,35454,35454
Mei-2026,TIGALAPANKAOS PALU,KIDS,DEEP BLUE KID PJG 2XL,26899,1,0,0,17727,17727,35454
Jun-2026,TIGALAPANKAOS PALU,KIDS,DEEP BLUE KID PJG 2XL,0,1,0,0,17727,17727,17727
Jul-2026,TIGALAPANKAOS PALU,KIDS,DEEP BLUE KID PJG 2XL,0,1,0,0,17727,17727,17727
Agu-2026,TIGALAPANKAOS PALU,KIDS,DEEP BLUE KID PJG 2XL,0,1,0,0,17727,17727,17727
Sep-2026,TIGALAPANKAOS PALU,KIDS,DEEP BLUE KID PJG 2XL,0,1,0,0,17727,17727,17727
Okt-2026,TIGALAPANKAOS PALU,KIDS,DEEP BLUE KID PJG 2XL,0,1,0,0,17727,17727,17727
Jan-2026,TIGALAPANKAOS PALU,KIDS,DEEP BLUE KID PJG S,0,4,0,0,21707,86828,0
Feb-2026,TIGALAPANKAOS PALU,KIDS,DEEP BLUE KID PJG S,0,4,0,0,21707,86828,86828
Mar-2026,TIGALAPANKAOS PALU,KIDS,DEEP BLUE KID PJG S,37126,2,0,0,21707,43414,86828
Apr-2026,TIGALAPANKAOS PALU,KIDS,DEEP BLUE KID PJG S,0,2,0,0,21707,43414,43414
Mei-2026,TIGALAPANKAOS PALU,KIDS,DEEP BLUE KID PJG S,0,2,0,0,21707,43414,43414
Jun-2026,TIGALAPANKAOS PALU,KIDS,DEEP BLUE KID PJG S,0,2,0,0,21707,43414,43414
Jul-2026,TIGALAPANKAOS PALU,KIDS,DEEP BLUE KID PJG S,18563,1,0,0,21707,21707,43414
Agu-2026,TIGALAPANKAOS PALU,KIDS,DEEP BLUE KID PJG S,18563,0,0,0,21707,0,21707
Sep-2026,TIGALAPANKAOS PALU,KIDS,DEEP BLUE KID PJG S,0,3,0,0,21707,65121,0
Okt-2026,TIGALAPANKAOS PALU,KIDS,DEEP BLUE KID PJG S,0,3,0,0,21707,65121,65121
Jan-2026,TIGALAPANKAOS PALU,KIDS,DEEP BLUE KID PJG XL,0,1,0,0,17727,17727,0
Feb-2026,TIGALAPANKAOS PALU,KIDS,DEEP BLUE KID PJG XL,20541,0,0,0,17727,0,17727
Jan-2026,TIGALAPANKAOS PALU,KIDS,DEEP BLUE KID PJG XS,0,10,0,0,18564,185640,0
Feb-2026,TIGALAPANKAOS PALU,KIDS,DEEP BLUE KID PJG XS,0,10,0,0,18564,185640,185640
Mar-2026,TIGALAPANKAOS PALU,KIDS,DEEP BLUE KID PJG XS,0,10,0,0,18564,185640,185640
Apr-2026,TIGALAPANKAOS PALU,KIDS,DEEP BLUE KID PJG XS,18564,10,0,0,18564,185640,185640
Mei-2026,TIGALAPANKAOS PALU,KIDS,DEEP BLUE KID PJG XS,0,9,0,0,18564,167076,185640
Jun-2026,TIGALAPANKAOS PALU,KIDS,DEEP BLUE KID PJG XS,0,9,0,0,18564,167076,167076
Jul-2026,TIGALAPANKAOS PALU,KIDS,DEEP BLUE KID PJG XS,18564,8,0,0,18564,148512,167076
Agu-2026,TIGALAPANKAOS PALU,KIDS,DEEP BLUE KID PJG XS,0,8,0,0,18564,148512,148512
Sep-2026,TIGALAPANKAOS PALU,KIDS,DEEP BLUE KID PJG XS,0,8,0,0,18564,148512,148512
Okt-2026,TIGALAPANKAOS PALU,KIDS,DEEP BLUE KID PJG XS,0,8,0,0,18564,148512,148512
Jan-2026,TIGALAPANKAOS PALU,KIDS,HIJAU ARMY KID PDK XS,0,6,0,0,15952,95712,0
Feb-2026,TIGALAPANKAOS PALU,KIDS,HIJAU ARMY KID PDK XS,0,6,0,0,15952,95712,95712
Mar-2026,TIGALAPANKAOS PALU,KIDS,HIJAU ARMY KID PDK XS,17128,5,0,0,15952,79760,95712
Apr-2026,TIGALAPANKAOS PALU,KIDS,HIJAU ARMY KID PDK XS,0,5,0,0,15952,79760,79760
Mei-2026,TIGALAPANKAOS PALU,KIDS,HIJAU ARMY KID PDK XS,0,5,0,0,15952,79760,79760
Jun-2026,TIGALAPANKAOS PALU,KIDS,HIJAU ARMY KID PDK XS,0,5,0,0,15952,79760,79760
Jul-2026,TIGALAPANKAOS PALU,KIDS,HIJAU ARMY KID PDK XS,0,5,0,0,15952,79760,79760
Agu-2026,TIGALAPANKAOS PALU,KIDS,HIJAU ARMY KID PDK XS,0,5,0,0,15952,79760,79760
Sep-2026,TIGALAPANKAOS PALU,KIDS,HIJAU ARMY KID PDK XS,0,5,0,0,15952,79760,79760
Okt-2026,TIGALAPANKAOS PALU,KIDS,HIJAU ARMY KID PDK XS,0,5,0,0,15952,79760,79760
Jan-2026,TIGALAPANKAOS PALU,KIDS,HIJAU ARMY KID PJG L,0,29,0,0,24344,705976,0
Feb-2026,TIGALAPANKAOS PALU,KIDS,HIJAU ARMY KID PJG L,0,29,0,0,24344,705976,705976
Mar-2026,TIGALAPANKAOS PALU,KIDS,HIJAU ARMY KID PJG L,46972,27,0,0,24344,657288,705976
Apr-2026,TIGALAPANKAOS PALU,KIDS,HIJAU ARMY KID PJG L,46972,25,0,0,24344,608600,657288
Mei-2026,TIGALAPANKAOS PALU,KIDS,HIJAU ARMY KID PJG L,23486,24,0,0,24344,584256,608600
Jun-2026,TIGALAPANKAOS PALU,KIDS,HIJAU ARMY KID PJG L,46972,22,0,0,24344,535568,584256
Jul-2026,TIGALAPANKAOS PALU,KIDS,HIJAU ARMY KID PJG L,23486,22,0,0,24344,535568,535568
Agu-2026,TIGALAPANKAOS PALU,KIDS,HIJAU ARMY KID PJG L,0,21,0,0,24344,511224,535568
Sep-2026,TIGALAPANKAOS PALU,KIDS,HIJAU ARMY KID PJG L,0,21,0,0,24344,511224,511224
Okt-2026,TIGALAPANKAOS PALU,KIDS,HIJAU ARMY KID PJG L,0,21,0,0,24344,511224,511224
Jan-2026,TIGALAPANKAOS PALU,KIDS,HIJAU ARMY KID PJG M,0,43,0,0,19758,849594,0
Feb-2026,TIGALAPANKAOS PALU,KIDS,HIJAU ARMY KID PJG M,59607,42,0,0,19758,829836,849594
Mar-2026,TIGALAPANKAOS PALU,KIDS,HIJAU ARMY KID PJG M,39738,37,0,0,19758,731046,829836
Apr-2026,TIGALAPANKAOS PALU,KIDS,HIJAU ARMY KID PJG M,19869,36,0,0,19758,711288,731046
Mei-2026,TIGALAPANKAOS PALU,KIDS,HIJAU ARMY KID PJG M,0,36,0,0,19758,711288,711288
Jun-2026,TIGALAPANKAOS PALU,KIDS,HIJAU ARMY KID PJG M,0,36,0,0,19758,711288,711288
Jul-2026,TIGALAPANKAOS PALU,KIDS,HIJAU ARMY KID PJG M,0,36,0,0,19758,711288,711288
Agu-2026,TIGALAPANKAOS PALU,KIDS,HIJAU ARMY KID PJG M,19869,36,0,0,19758,711288,711288
Sep-2026,TIGALAPANKAOS PALU,KIDS,HIJAU ARMY KID PJG M,19869,34,0,0,19758,671772,711288
Okt-2026,TIGALAPANKAOS PALU,KIDS,HIJAU ARMY KID PJG M,0,34,0,0,19758,671772,671772
Jan-2026,TIGALAPANKAOS PALU,KIDS,HIJAU ARMY KID PJG S,0,10,0,0,21708,217080,0
Feb-2026,TIGALAPANKAOS PALU,KIDS,HIJAU ARMY KID PJG S,0,10,0,0,21708,217080,217080
Mar-2026,TIGALAPANKAOS PALU,KIDS,HIJAU ARMY KID PJG S,0,10,0,0,21708,217080,217080
Apr-2026,TIGALAPANKAOS PALU,KIDS,HIJAU ARMY KID PJG S,0,10,0,0,21708,217080,217080
Mei-2026,TIGALAPANKAOS PALU,KIDS,HIJAU ARMY KID PJG S,0,10,0,0,21708,217080,217080
Jun-2026,TIGALAPANKAOS PALU,KIDS,HIJAU ARMY KID PJG S,20247,9,0,0,21708,195372,217080
Jul-2026,TIGALAPANKAOS PALU,KIDS,HIJAU ARMY KID PJG S,0,9,0,0,21708,195372,195372
Agu-2026,TIGALAPANKAOS PALU,KIDS,HIJAU ARMY KID PJG S,0,9,0,0,21708,195372,195372
Sep-2026,TIGALAPANKAOS PALU,KIDS,HIJAU ARMY KID PJG S,0,9,0,0,21708,195372,195372
Okt-2026,TIGALAPANKAOS PALU,KIDS,HIJAU ARMY KID PJG S,0,9,0,0,21708,195372,195372
Jan-2026,TIGALAPANKAOS PALU,KIDS,HIJAU ARMY KID PJG XS,0,10,0,0,19803,198030,0
Feb-2026,TIGALAPANKAOS PALU,KIDS,HIJAU ARMY KID PJG XS,0,10,0,0,19803,198030,198030
Mar-2026,TIGALAPANKAOS PALU,KIDS,HIJAU ARMY KID PJG XS,0,10,0,0,19803,198030,198030
Apr-2026,TIGALAPANKAOS PALU,KIDS,HIJAU ARMY KID PJG XS,0,10,0,0,19803,198030,198030
Mei-2026,TIGALAPANKAOS PALU,KIDS,HIJAU ARMY KID PJG XS,20038,9,0,0,19803,178227,198030
Jun-2026,TIGALAPANKAOS PALU,KIDS,HIJAU ARMY KID PJG XS,20038,8,0,0,19803,158424,178227
Jul-2026,TIGALAPANKAOS PALU,KIDS,HIJAU ARMY KID PJG XS,0,8,0,0,19803,158424,158424
Agu-2026,TIGALAPANKAOS PALU,KIDS,HIJAU ARMY KID PJG XS,0,8,0,0,19803,158424,158424
Sep-2026,TIGALAPANKAOS PALU,KIDS,HIJAU ARMY KID PJG XS,0,8,0,0,19803,158424,158424
Okt-2026,TIGALAPANKAOS PALU,KIDS,HIJAU ARMY KID PJG XS,0,8,0,0,19803,158424,158424
Jan-2026,TIGALAPANKAOS PALU,KIDS,HIJAU BTL KID PDK XS,15864,4,0,0,17412,69648,0
Feb-2026,TIGALAPANKAOS PALU,KIDS,HIJAU BTL KID PDK XS,0,4,0,0,17412,69648,69648
Mar-2026,TIGALAPANKAOS PALU,KIDS,HIJAU BTL KID PDK XS,0,4,0,0,17412,69648,69648
Apr-2026,TIGALAPANKAOS PALU,KIDS,HIJAU BTL KID PDK XS,0,4,0,0,17412,69648,69648
Mei-2026,TIGALAPANKAOS PALU,KIDS,HIJAU BTL KID PDK XS,15864,3,0,0,17412,52236,69648
Jun-2026,TIGALAPANKAOS PALU,KIDS,HIJAU BTL KID PDK XS,0,3,0,0,17412,52236,52236
Jul-2026,TIGALAPANKAOS PALU,KIDS,HIJAU BTL KID PDK XS,47592,0,0,0,17412,0,52236
Jan-2026,TIGALAPANKAOS PALU,KIDS,HITAM KID PJG L,0,17,0,0,19098,324666,0
Feb-2026,TIGALAPANKAOS PALU,KIDS,HITAM KID PJG L,19743,16,0,0,19098,305568,324666
Mar-2026,TIGALAPANKAOS PALU,KIDS,HITAM KID PJG L,0,16,0,0,19098,305568,305568
Apr-2026,TIGALAPANKAOS PALU,KIDS,HITAM KID PJG L,0,16,0,0,19098,305568,305568
Mei-2026,TIGALAPANKAOS PALU,KIDS,HITAM KID PJG L,39486,14,0,0,19098,267372,305568
Jun-2026,TIGALAPANKAOS PALU,KIDS,HITAM KID PJG L,19743,13,0,0,19098,248274,267372
Jul-2026,TIGALAPANKAOS PALU,KIDS,HITAM KID PJG L,0,13,0,0,19098,248274,248274
Agu-2026,TIGALAPANKAOS PALU,KIDS,HITAM KID PJG L,39486,11,0,0,19098,210078,248274
Sep-2026,TIGALAPANKAOS PALU,KIDS,HITAM KID PJG L,19743,10,0,0,19098,190980,210078
Okt-2026,TIGALAPANKAOS PALU,KIDS,HITAM KID PJG L,0,10,0,0,19098,190980,190980
Jan-2026,TIGALAPANKAOS PALU,KIDS,HITAM KID PJG M,0,33,0,0,19132,631356,0
Feb-2026,TIGALAPANKAOS PALU,KIDS,HITAM KID PJG M,0,33,0,0,19132,631356,631356
Mar-2026,TIGALAPANKAOS PALU,KIDS,HITAM KID PJG M,39196,31,0,0,19132,593092,631356
Apr-2026,TIGALAPANKAOS PALU,KIDS,HITAM KID PJG M,0,31,0,0,19132,593092,593092
Mei-2026,TIGALAPANKAOS PALU,KIDS,HITAM KID PJG M,39196,30,0,0,19132,573960,593092
Jun-2026,TIGALAPANKAOS PALU,KIDS,HITAM KID PJG M,97990,24,0,0,19132,459168,573960
Jul-2026,TIGALAPANKAOS PALU,KIDS,HITAM KID PJG M,58794,23,0,0,19132,440036,459168
Agu-2026,TIGALAPANKAOS PALU,KIDS,HITAM KID PJG M,117588,17,0,0,19132,325244,440036
Sep-2026,TIGALAPANKAOS PALU,KIDS,HITAM KID PJG M,58794,14,0,0,19132,267848,325244
Okt-2026,TIGALAPANKAOS PALU,KIDS,HITAM KID PJG M,0,12,0,0,19132,229584,267848
Jan-2026,TIGALAPANKAOS PALU,KIDS,HITAM KID PJG S,19099,42,0,0,18804,789768,0
Feb-2026,TIGALAPANKAOS PALU,KIDS,HITAM KID PJG S,19099,41,0,0,18804,770964,789768
Mar-2026,TIGALAPANKAOS PALU,KIDS,HITAM KID PJG S,76396,37,0,0,18804,695748,770964
Apr-2026,TIGALAPANKAOS PALU,KIDS,HITAM KID PJG S,0,37,0,0,18804,695748,695748
Mei-2026,TIGALAPANKAOS PALU,KIDS,HITAM KID PJG S,19099,36,0,0,18804,676944,695748
Jun-2026,TIGALAPANKAOS PALU,KIDS,HITAM KID PJG S,0,36,0,0,18804,676944,676944
Jul-2026,TIGALAPANKAOS PALU,KIDS,HITAM KID PJG S,19099,36,0,0,18804,676944,676944
Agu-2026,TIGALAPANKAOS PALU,KIDS,HITAM KID PJG S,19099,34,0,0,18804,639336,676944
Sep-2026,TIGALAPANKAOS PALU,KIDS,HITAM KID PJG S,19099,33,0,0,18804,620532,639336
Okt-2026,TIGALAPANKAOS PALU,KIDS,HITAM KID PJG S,0,33,0,0,18804,620532,620532
Jan-2026,TIGALAPANKAOS PALU,KIDS,HITAM KID PJG XL,19074,20,0,0,19047,380940,0
Feb-2026,TIGALAPANKAOS PALU,KIDS,HITAM KID PJG XL,19074,19,0,0,19047,361893,380940
Mar-2026,TIGALAPANKAOS PALU,KIDS,HITAM KID PJG XL,0,19,0,0,19047,361893,361893
Apr-2026,TIGALAPANKAOS PALU,KIDS,HITAM KID PJG XL,19074,18,0,0,19047,342846,361893
Mei-2026,TIGALAPANKAOS PALU,KIDS,HITAM KID PJG XL,0,18,0,0,19047,342846,342846
Jun-2026,TIGALAPANKAOS PALU,KIDS,HITAM KID PJG XL,0,18,0,0,19047,342846,342846
Jul-2026,TIGALAPANKAOS PALU,KIDS,HITAM KID PJG XL,0,18,0,0,19047,342846,342846
Agu-2026,TIGALAPANKAOS PALU,KIDS,HITAM KID PJG XL,19074,17,0,0,19047,323799,342846
Sep-2026,TIGALAPANKAOS PALU,KIDS,HITAM KID PJG XL,0,17,0,0,19047,323799,323799
Okt-2026,TIGALAPANKAOS PALU,KIDS,HITAM KID PJG XL,0,17,0,0,19047,323799,323799
Jan-2026,TIGALAPANKAOS PALU,KIDS,HITAM KID PJG XS,19675,60,0,0,24767,1486020,0
Feb-2026,TIGALAPANKAOS PALU,KIDS,HITAM KID PJG XS,19675,60,0,0,24767,1486020,1486020
Mar-2026,TIGALAPANKAOS PALU,KIDS,HITAM KID PJG XS,39350,57,0,0,24767,1411719,1486020
Apr-2026,TIGALAPANKAOS PALU,KIDS,HITAM KID PJG XS,0,57,0,0,24767,1411719,1411719
Mei-2026,TIGALAPANKAOS PALU,KIDS,HITAM KID PJG XS,19675,56,0,0,24767,1386952,1411719
Jun-2026,TIGALAPANKAOS PALU,KIDS,HITAM KID PJG XS,0,56,0,0,24767,1386952,1386952
Jul-2026,TIGALAPANKAOS PALU,KIDS,HITAM KID PJG XS,0,56,0,0,24767,1386952,1386952
Agu-2026,TIGALAPANKAOS PALU,KIDS,HITAM KID PJG XS,0,56,0,0,24767,1386952,1386952
Sep-2026,TIGALAPANKAOS PALU,KIDS,HITAM KID PJG XS,0,56,0,0,24767,1386952,1386952
Okt-2026,TIGALAPANKAOS PALU,KIDS,HITAM KID PJG XS,0,56,0,0,24767,1386952,1386952
Jan-2026,TIGALAPANKAOS PALU,KIDS,MAROON KID PDK S,0,3,0,0,16282,48846,0
Feb-2026,TIGALAPANKAOS PALU,KIDS,MAROON KID PDK S,16449,2,0,0,16282,32564,48846
Mar-2026,TIGALAPANKAOS PALU,KIDS,MAROON KID PDK S,16449,1,0,0,16282,16282,32564
Apr-2026,TIGALAPANKAOS PALU,KIDS,MAROON KID PDK S,0,1,0,0,16282,16282,16282
Mei-2026,TIGALAPANKAOS PALU,KIDS,MAROON KID PDK S,0,1,0,0,16282,16282,16282
Jun-2026,TIGALAPANKAOS PALU,KIDS,MAROON KID PDK S,16449,0,0,0,16282,0,16282
Jan-2026,TIGALAPANKAOS PALU,KIDS,MAROON KID PDK XS,48927,10,0,0,18201,182010,0
Feb-2026,TIGALAPANKAOS PALU,KIDS,MAROON KID PDK XS,32618,10,0,0,18201,182010,182010
Mar-2026,TIGALAPANKAOS PALU,KIDS,MAROON KID PDK XS,0,8,0,0,18201,145608,182010
Apr-2026,TIGALAPANKAOS PALU,KIDS,MAROON KID PDK XS,0,8,0,0,18201,145608,145608
Mei-2026,TIGALAPANKAOS PALU,KIDS,MAROON KID PDK XS,0,8,0,0,18201,145608,145608
Jun-2026,TIGALAPANKAOS PALU,KIDS,MAROON KID PDK XS,32618,6,0,0,18201,109206,145608
Jul-2026,TIGALAPANKAOS PALU,KIDS,MAROON KID PDK XS,16309,5,0,0,18201,91005,109206
Agu-2026,TIGALAPANKAOS PALU,KIDS,MAROON KID PDK XS,32618,3,0,0,18201,54603,91005
Sep-2026,TIGALAPANKAOS PALU,KIDS,MAROON KID PDK XS,0,3,0,0,18201,54603,54603
Okt-2026,TIGALAPANKAOS PALU,KIDS,MAROON KID PDK XS,0,3,0,0,18201,54603,54603
Jan-2026,TIGALAPANKAOS PALU,KIDS,MAROON KID PJG 2XL,0,8,0,0,19868,158944,0
Feb-2026,TIGALAPANKAOS PALU,KIDS,MAROON KID PJG 2XL,0,8,0,0,19868,158944,158944
Mar-2026,TIGALAPANKAOS PALU,KIDS,MAROON KID PJG 2XL,0,8,0,0,19868,158944,158944
Apr-2026,TIGALAPANKAOS PALU,KIDS,MAROON KID PJG 2XL,42408,6,0,0,19868,119208,158944
Mei-2026,TIGALAPANKAOS PALU,KIDS,MAROON KID PJG 2XL,0,6,0,0,19868,119208,119208
Jun-2026,TIGALAPANKAOS PALU,KIDS,MAROON KID PJG 2XL,63612,3,0,0,19868,59604,119208
Jul-2026,TIGALAPANKAOS PALU,KIDS,MAROON KID PJG 2XL,0,3,0,0,19868,59604,59604
Agu-2026,TIGALAPANKAOS PALU,KIDS,MAROON KID PJG 2XL,0,3,0,0,19868,59604,59604
Sep-2026,TIGALAPANKAOS PALU,KIDS,MAROON KID PJG 2XL,0,3,0,0,19868,59604,59604
Okt-2026,TIGALAPANKAOS PALU,KIDS,MAROON KID PJG 2XL,0,3,0,0,19868,59604,59604
Jan-2026,TIGALAPANKAOS PALU,KIDS,MAROON KID PJG L,19413,11,0,0,20390,224290,0
Feb-2026,TIGALAPANKAOS PALU,KIDS,MAROON KID PJG L,19413,10,0,0,20390,203900,224290
Mar-2026,TIGALAPANKAOS PALU,KIDS,MAROON KID PJG L,19413,9,0,0,20390,183510,203900
Apr-2026,TIGALAPANKAOS PALU,KIDS,MAROON KID PJG L,38826,7,0,0,20390,142730,183510
Mei-2026,TIGALAPANKAOS PALU,KIDS,MAROON KID PJG L,19413,6,0,0,20390,122340,142730
Jun-2026,TIGALAPANKAOS PALU,KIDS,MAROON KID PJG L,77652,2,0,0,20390,40780,122340
Jul-2026,TIGALAPANKAOS PALU,KIDS,MAROON KID PJG L,0,2,0,0,20390,40780,40780
Agu-2026,TIGALAPANKAOS PALU,KIDS,MAROON KID PJG L,38826,2,0,0,20390,40780,40780
Sep-2026,TIGALAPANKAOS PALU,KIDS,MAROON KID PJG L,0,0,0,0,20390,0,40780
Jan-2026,TIGALAPANKAOS PALU,KIDS,MAROON KID PJG M,0,16,0,0,20137,322192,0
Feb-2026,TIGALAPANKAOS PALU,KIDS,MAROON KID PJG M,0,16,0,0,20137,322192,322192
Mar-2026,TIGALAPANKAOS PALU,KIDS,MAROON KID PJG M,20138,15,0,0,20137,302055,322192
Apr-2026,TIGALAPANKAOS PALU,KIDS,MAROON KID PJG M,0,15,0,0,20137,302055,302055
Mei-2026,TIGALAPANKAOS PALU,KIDS,MAROON KID PJG M,0,15,0,0,20137,302055,302055
Jun-2026,TIGALAPANKAOS PALU,KIDS,MAROON KID PJG M,20138,14,0,0,20137,281918,302055
Jul-2026,TIGALAPANKAOS PALU,KIDS,MAROON KID PJG M,40276,13,0,0,20137,261781,281918
Agu-2026,TIGALAPANKAOS PALU,KIDS,MAROON KID PJG M,0,12,0,0,20137,241644,261781
Sep-2026,TIGALAPANKAOS PALU,KIDS,MAROON KID PJG M,0,11,0,0,20137,221507,241644
Okt-2026,TIGALAPANKAOS PALU,KIDS,MAROON KID PJG M,0,11,0,0,20137,221507,221507
Jan-2026,TIGALAPANKAOS PALU,KIDS,MAROON KID PJG S,0,30,0,0,20056,601680,0
Feb-2026,TIGALAPANKAOS PALU,KIDS,MAROON KID PJG S,19653,29,0,0,20056,581624,601680
Mar-2026,TIGALAPANKAOS PALU,KIDS,MAROON KID PJG S,0,29,0,0,20056,581624,581624
Apr-2026,TIGALAPANKAOS PALU,KIDS,MAROON KID PJG S,0,29,0,0,20056,581624,581624
Mei-2026,TIGALAPANKAOS PALU,KIDS,MAROON KID PJG S,0,29,0,0,20056,581624,581624
Jun-2026,TIGALAPANKAOS PALU,KIDS,MAROON KID PJG S,0,29,0,0,20056,581624,581624
Jul-2026,TIGALAPANKAOS PALU,KIDS,MAROON KID PJG S,19653,29,0,0,20056,581624,581624
Agu-2026,TIGALAPANKAOS PALU,KIDS,MAROON KID PJG S,0,28,0,0,20056,561568,581624
Sep-2026,TIGALAPANKAOS PALU,KIDS,MAROON KID PJG S,0,28,0,0,20056,561568,561568
Okt-2026,TIGALAPANKAOS PALU,KIDS,MAROON KID PJG S,0,28,0,0,20056,561568,561568
Jan-2026,TIGALAPANKAOS PALU,KIDS,MAROON KID PJG XL,0,1,0,0,20015,20015,0
Feb-2026,TIGALAPANKAOS PALU,KIDS,MAROON KID PJG XL,0,1,0,0,20015,20015,20015
Mar-2026,TIGALAPANKAOS PALU,KIDS,MAROON KID PJG XL,19271,0,0,0,20015,0,20015
Jan-2026,TIGALAPANKAOS PALU,KIDS,MAROON KID PJG XS,0,32,0,0,19645,628640,0
Feb-2026,TIGALAPANKAOS PALU,KIDS,MAROON KID PJG XS,0,32,0,0,19645,628640,628640
Mar-2026,TIGALAPANKAOS PALU,KIDS,MAROON KID PJG XS,19701,31,0,0,19645,608995,628640
Apr-2026,TIGALAPANKAOS PALU,KIDS,MAROON KID PJG XS,0,31,0,0,19645,608995,608995
Mei-2026,TIGALAPANKAOS PALU,KIDS,MAROON KID PJG XS,19701,30,0,0,19645,589350,608995
Jun-2026,TIGALAPANKAOS PALU,KIDS,MAROON KID PJG XS,0,30,0,0,19645,589350,589350
Jul-2026,TIGALAPANKAOS PALU,KIDS,MAROON KID PJG XS,0,30,0,0,19645,589350,589350
Agu-2026,TIGALAPANKAOS PALU,KIDS,MAROON KID PJG XS,0,30,0,0,19645,589350,589350
Sep-2026,TIGALAPANKAOS PALU,KIDS,MAROON KID PJG XS,0,31,0,0,19645,608995,589350
Okt-2026,TIGALAPANKAOS PALU,KIDS,MAROON KID PJG XS,0,31,0,0,19645,608995,608995
Jan-2026,TIGALAPANKAOS PALU,KIDS,MERAH CABE KID PJG S,0,13,0,0,19688,255944,0
Feb-2026,TIGALAPANKAOS PALU,KIDS,MERAH CABE KID PJG S,0,13,0,0,19688,255944,255944
Mar-2026,TIGALAPANKAOS PALU,KIDS,MERAH CABE KID PJG S,19939,12,0,0,19688,236256,255944
Apr-2026,TIGALAPANKAOS PALU,KIDS,MERAH CABE KID PJG S,0,12,0,0,19688,236256,236256
Mei-2026,TIGALAPANKAOS PALU,KIDS,MERAH CABE KID PJG S,19939,11,0,0,19688,216568,236256
Jun-2026,TIGALAPANKAOS PALU,KIDS,MERAH CABE KID PJG S,19939,10,0,0,19688,196880,216568
Jul-2026,TIGALAPANKAOS PALU,KIDS,MERAH CABE KID PJG S,59817,10,0,0,19688,196880,196880
Agu-2026,TIGALAPANKAOS PALU,KIDS,MERAH CABE KID PJG S,39878,5,0,0,19688,98440,196880
Sep-2026,TIGALAPANKAOS PALU,KIDS,MERAH CABE KID PJG S,0,4,0,0,19688,78752,98440
Okt-2026,TIGALAPANKAOS PALU,KIDS,MERAH CABE KID PJG S,0,4,0,0,19688,78752,78752
Jan-2026,TIGALAPANKAOS PALU,KIDS,MERAH CABE KID PJG XS,0,12,0,0,19037,228444,0
Feb-2026,TIGALAPANKAOS PALU,KIDS,MERAH CABE KID PJG XS,0,12,0,0,19037,228444,228444
Mar-2026,TIGALAPANKAOS PALU,KIDS,MERAH CABE KID PJG XS,0,12,0,0,19037,228444,228444
Apr-2026,TIGALAPANKAOS PALU,KIDS,MERAH CABE KID PJG XS,0,12,0,0,19037,228444,228444
Mei-2026,TIGALAPANKAOS PALU,KIDS,MERAH CABE KID PJG XS,0,12,0,0,19037,228444,228444
Jun-2026,TIGALAPANKAOS PALU,KIDS,MERAH CABE KID PJG XS,20008,10,0,0,19037,190370,228444
Jul-2026,TIGALAPANKAOS PALU,KIDS,MERAH CABE KID PJG XS,40016,10,0,0,19037,190370,190370
Agu-2026,TIGALAPANKAOS PALU,KIDS,MERAH CABE KID PJG XS,20008,6,0,0,19037,114222,190370
Sep-2026,TIGALAPANKAOS PALU,KIDS,MERAH CABE KID PJG XS,0,5,0,0,19037,95185,114222
Okt-2026,TIGALAPANKAOS PALU,KIDS,MERAH CABE KID PJG XS,0,5,0,0,19037,95185,95185
Jan-2026,TIGALAPANKAOS PALU,KIDS,MUSTARD KID PJG XS,0,2,0,0,19054,38108,0
Feb-2026,TIGALAPANKAOS PALU,KIDS,MUSTARD KID PJG XS,0,2,0,0,19054,38108,38108
Mar-2026,TIGALAPANKAOS PALU,KIDS,MUSTARD KID PJG XS,0,2,0,0,19054,38108,38108
Apr-2026,TIGALAPANKAOS PALU,KIDS,MUSTARD KID PJG XS,0,2,0,0,19054,38108,38108
Mei-2026,TIGALAPANKAOS PALU,KIDS,MUSTARD KID PJG XS,0,2,0,0,19054,38108,38108
Jun-2026,TIGALAPANKAOS PALU,KIDS,MUSTARD KID PJG XS,19054,1,0,0,19054,19054,38108
Jul-2026,TIGALAPANKAOS PALU,KIDS,MUSTARD KID PJG XS,19054,0,0,0,19054,0,19054
Jan-2026,TIGALAPANKAOS PALU,KIDS,NAVY KID PDK S,0,19,0,0,19343,367517,0
Feb-2026,TIGALAPANKAOS PALU,KIDS,NAVY KID PDK S,19343,19,0,0,19343,367517,367517
Mar-2026,TIGALAPANKAOS PALU,KIDS,NAVY KID PDK S,0,18,0,0,19343,348174,367517
Apr-2026,TIGALAPANKAOS PALU,KIDS,NAVY KID PDK S,0,18,0,0,19343,348174,348174
Mei-2026,TIGALAPANKAOS PALU,KIDS,NAVY KID PDK S,0,18,0,0,19343,348174,348174
Jun-2026,TIGALAPANKAOS PALU,KIDS,NAVY KID PDK S,38686,16,0,0,19343,309488,348174
Jul-2026,TIGALAPANKAOS PALU,KIDS,NAVY KID PDK S,58029,14,0,0,19343,270802,309488
Agu-2026,TIGALAPANKAOS PALU,KIDS,NAVY KID PDK S,19343,12,0,0,19343,232116,270802
Sep-2026,TIGALAPANKAOS PALU,KIDS,NAVY KID PDK S,0,12,0,0,19343,232116,232116
Okt-2026,TIGALAPANKAOS PALU,KIDS,NAVY KID PDK S,0,12,0,0,19343,232116,232116
Jan-2026,TIGALAPANKAOS PALU,KIDS,NAVY KID PDK XS,0,3,0,0,22659,67977,0
Feb-2026,TIGALAPANKAOS PALU,KIDS,NAVY KID PDK XS,0,3,0,0,22659,67977,67977
Mar-2026,TIGALAPANKAOS PALU,KIDS,NAVY KID PDK XS,0,3,0,0,22659,67977,67977
Apr-2026,TIGALAPANKAOS PALU,KIDS,NAVY KID PDK XS,0,3,0,0,22659,67977,67977
Mei-2026,TIGALAPANKAOS PALU,KIDS,NAVY KID PDK XS,0,3,0,0,22659,67977,67977
Jun-2026,TIGALAPANKAOS PALU,KIDS,NAVY KID PDK XS,0,3,0,0,22659,67977,67977
Jul-2026,TIGALAPANKAOS PALU,KIDS,NAVY KID PDK XS,0,3,0,0,22659,67977,67977
Agu-2026,TIGALAPANKAOS PALU,KIDS,NAVY KID PDK XS,0,3,0,0,22659,67977,67977
Sep-2026,TIGALAPANKAOS PALU,KIDS,NAVY KID PDK XS,0,3,0,0,22659,67977,67977
Okt-2026,TIGALAPANKAOS PALU,KIDS,NAVY KID PDK XS,0,3,0,0,22659,67977,67977
Jan-2026,TIGALAPANKAOS PALU,KIDS,NAVY KID PJG L,19157,0,0,0,18981,0,0
Jan-2026,TIGALAPANKAOS PALU,KIDS,NAVY KID PJG M,19198,20,0,0,18909,378180,0
Feb-2026,TIGALAPANKAOS PALU,KIDS,NAVY KID PJG M,38396,19,0,0,18909,359271,378180
Mar-2026,TIGALAPANKAOS PALU,KIDS,NAVY KID PJG M,76792,14,0,0,18909,264726,359271
Apr-2026,TIGALAPANKAOS PALU,KIDS,NAVY KID PJG M,19198,14,0,0,18909,264726,264726
Mei-2026,TIGALAPANKAOS PALU,KIDS,NAVY KID PJG M,19198,12,0,0,18909,226908,264726
Jun-2026,TIGALAPANKAOS PALU,KIDS,NAVY KID PJG M,57594,9,0,0,18909,170181,226908
Jul-2026,TIGALAPANKAOS PALU,KIDS,NAVY KID PJG M,0,9,0,0,18909,170181,170181
Agu-2026,TIGALAPANKAOS PALU,KIDS,NAVY KID PJG M,38396,9,0,0,18909,170181,170181
Sep-2026,TIGALAPANKAOS PALU,KIDS,NAVY KID PJG M,0,6,0,0,18909,113454,170181
Okt-2026,TIGALAPANKAOS PALU,KIDS,NAVY KID PJG M,0,6,0,0,18909,113454,113454
Jan-2026,TIGALAPANKAOS PALU,KIDS,NAVY KID PJG S,0,44,0,0,19107,840708,0
Feb-2026,TIGALAPANKAOS PALU,KIDS,NAVY KID PJG S,21296,43,0,0,19107,821601,840708
Mar-2026,TIGALAPANKAOS PALU,KIDS,NAVY KID PJG S,21296,42,0,0,19107,802494,821601
Apr-2026,TIGALAPANKAOS PALU,KIDS,NAVY KID PJG S,0,42,0,0,19107,802494,802494
Mei-2026,TIGALAPANKAOS PALU,KIDS,NAVY KID PJG S,42592,40,0,0,19107,764280,802494
Jun-2026,TIGALAPANKAOS PALU,KIDS,NAVY KID PJG S,0,40,0,0,19107,764280,764280
Jul-2026,TIGALAPANKAOS PALU,KIDS,NAVY KID PJG S,21296,39,0,0,19107,745173,764280
Agu-2026,TIGALAPANKAOS PALU,KIDS,NAVY KID PJG S,21296,38,0,0,19107,726066,745173
Sep-2026,TIGALAPANKAOS PALU,KIDS,NAVY KID PJG S,0,37,0,0,19107,706959,726066
Okt-2026,TIGALAPANKAOS PALU,KIDS,NAVY KID PJG S,0,37,0,0,19107,706959,706959
Jan-2026,TIGALAPANKAOS PALU,KIDS,NAVY KID PJG XS,0,48,0,0,18682,896736,0
Feb-2026,TIGALAPANKAOS PALU,KIDS,NAVY KID PJG XS,0,48,0,0,18682,896736,896736
Mar-2026,TIGALAPANKAOS PALU,KIDS,NAVY KID PJG XS,21681,47,0,0,18682,878054,896736
Apr-2026,TIGALAPANKAOS PALU,KIDS,NAVY KID PJG XS,0,47,0,0,18682,878054,878054
Mei-2026,TIGALAPANKAOS PALU,KIDS,NAVY KID PJG XS,0,47,0,0,18682,878054,878054
Jun-2026,TIGALAPANKAOS PALU,KIDS,NAVY KID PJG XS,0,47,0,0,18682,878054,878054
Jul-2026,TIGALAPANKAOS PALU,KIDS,NAVY KID PJG XS,21681,46,0,0,18682,859372,878054
Agu-2026,TIGALAPANKAOS PALU,KIDS,NAVY KID PJG XS,0,46,0,0,18682,859372,859372
Sep-2026,TIGALAPANKAOS PALU,KIDS,NAVY KID PJG XS,0,46,0,0,18682,859372,859372
Okt-2026,TIGALAPANKAOS PALU,KIDS,NAVY KID PJG XS,0,46,0,0,18682,859372,859372
Jan-2026,TIGALAPANKAOS PALU,KIDS,ORANGE BT KID PDK XS,0,3,0,0,17788,53364,0
Feb-2026,TIGALAPANKAOS PALU,KIDS,ORANGE BT KID PDK XS,0,3,0,0,17788,53364,53364
Mar-2026,TIGALAPANKAOS PALU,KIDS,ORANGE BT KID PDK XS,0,3,0,0,17788,53364,53364
Apr-2026,TIGALAPANKAOS PALU,KIDS,ORANGE BT KID PDK XS,0,3,0,0,17788,53364,53364
Mei-2026,TIGALAPANKAOS PALU,KIDS,ORANGE BT KID PDK XS,0,3,0,0,17788,53364,53364
Jun-2026,TIGALAPANKAOS PALU,KIDS,ORANGE BT KID PDK XS,16203,2,0,0,17788,35576,53364
Jul-2026,TIGALAPANKAOS PALU,KIDS,ORANGE BT KID PDK XS,32406,1,0,0,17788,17788,35576
Agu-2026,TIGALAPANKAOS PALU,KIDS,ORANGE BT KID PDK XS,0,0,0,0,17788,0,17788
Jan-2026,TIGALAPANKAOS PALU,KIDS,ORANGE BT KID PJG L,19402,8,0,0,19349,154792,0
Feb-2026,TIGALAPANKAOS PALU,KIDS,ORANGE BT KID PJG L,19402,7,0,0,19349,135443,154792
Mar-2026,TIGALAPANKAOS PALU,KIDS,ORANGE BT KID PJG L,19402,6,0,0,19349,116094,135443
Apr-2026,TIGALAPANKAOS PALU,KIDS,ORANGE BT KID PJG L,0,6,0,0,19349,116094,116094
Mei-2026,TIGALAPANKAOS PALU,KIDS,ORANGE BT KID PJG L,0,6,0,0,19349,116094,116094
Jun-2026,TIGALAPANKAOS PALU,KIDS,ORANGE BT KID PJG L,0,6,0,0,19349,116094,116094
Jul-2026,TIGALAPANKAOS PALU,KIDS,ORANGE BT KID PJG L,0,6,0,0,19349,116094,116094
Agu-2026,TIGALAPANKAOS PALU,KIDS,ORANGE BT KID PJG L,0,6,0,0,19349,116094,116094
Sep-2026,TIGALAPANKAOS PALU,KIDS,ORANGE BT KID PJG L,19402,5,0,0,19349,96745,116094
Okt-2026,TIGALAPANKAOS PALU,KIDS,ORANGE BT KID PJG L,0,5,0,0,19349,96745,96745
Jan-2026,TIGALAPANKAOS PALU,KIDS,ORANGE BT KID PJG S,39696,3,0,0,19485,58455,0
Feb-2026,TIGALAPANKAOS PALU,KIDS,ORANGE BT KID PJG S,0,3,0,0,19485,58455,58455
Mar-2026,TIGALAPANKAOS PALU,KIDS,ORANGE BT KID PJG S,0,3,0,0,19485,58455,58455
Apr-2026,TIGALAPANKAOS PALU,KIDS,ORANGE BT KID PJG S,0,3,0,0,19485,58455,58455
Mei-2026,TIGALAPANKAOS PALU,KIDS,ORANGE BT KID PJG S,0,3,0,0,19485,58455,58455
Jun-2026,TIGALAPANKAOS PALU,KIDS,ORANGE BT KID PJG S,19848,2,0,0,19485,38970,58455
Jul-2026,TIGALAPANKAOS PALU,KIDS,ORANGE BT KID PJG S,19848,1,0,0,19485,19485,38970
Agu-2026,TIGALAPANKAOS PALU,KIDS,ORANGE BT KID PJG S,19848,0,0,0,19485,0,19485
Jan-2026,TIGALAPANKAOS PALU,KIDS,ORANGE BT KID PJG XS,0,13,0,0,19133,248729,0
Feb-2026,TIGALAPANKAOS PALU,KIDS,ORANGE BT KID PJG XS,0,13,0,0,19133,248729,248729
Mar-2026,TIGALAPANKAOS PALU,KIDS,ORANGE BT KID PJG XS,0,13,0,0,19133,248729,248729
Apr-2026,TIGALAPANKAOS PALU,KIDS,ORANGE BT KID PJG XS,0,13,0,0,19133,248729,248729
Mei-2026,TIGALAPANKAOS PALU,KIDS,ORANGE BT KID PJG XS,18809,12,0,0,19133,229596,248729
Jun-2026,TIGALAPANKAOS PALU,KIDS,ORANGE BT KID PJG XS,0,12,0,0,19133,229596,229596
Jul-2026,TIGALAPANKAOS PALU,KIDS,ORANGE BT KID PJG XS,0,12,0,0,19133,229596,229596
Agu-2026,TIGALAPANKAOS PALU,KIDS,ORANGE BT KID PJG XS,0,12,0,0,19133,229596,229596
Sep-2026,TIGALAPANKAOS PALU,KIDS,ORANGE BT KID PJG XS,0,12,0,0,19133,229596,229596
Okt-2026,TIGALAPANKAOS PALU,KIDS,ORANGE BT KID PJG XS,0,12,0,0,19133,229596,229596
Jan-2026,TIGALAPANKAOS PALU,KIDS,ORANGE KID PDK L,0,13,0,0,16032,208416,0
Feb-2026,TIGALAPANKAOS PALU,KIDS,ORANGE KID PDK L,0,13,0,0,16032,208416,208416
Mar-2026,TIGALAPANKAOS PALU,KIDS,ORANGE KID PDK L,0,13,0,0,16032,208416,208416
Apr-2026,TIGALAPANKAOS PALU,KIDS,ORANGE KID PDK L,0,13,0,0,16032,208416,208416
Mei-2026,TIGALAPANKAOS PALU,KIDS,ORANGE KID PDK L,16023,12,0,0,16032,192384,208416
Jun-2026,TIGALAPANKAOS PALU,KIDS,ORANGE KID PDK L,32046,10,0,0,16032,160320,192384
Jul-2026,TIGALAPANKAOS PALU,KIDS,ORANGE KID PDK L,0,10,0,0,16032,160320,160320
Agu-2026,TIGALAPANKAOS PALU,KIDS,ORANGE KID PDK L,16023,9,0,0,16032,144288,160320
Sep-2026,TIGALAPANKAOS PALU,KIDS,ORANGE KID PDK L,16023,8,0,0,16032,128256,144288
Okt-2026,TIGALAPANKAOS PALU,KIDS,ORANGE KID PDK L,0,8,0,0,16032,128256,128256
Jan-2026,TIGALAPANKAOS PALU,KIDS,ORANGE KID PDK S,0,1,0,0,16019,16019,0
Feb-2026,TIGALAPANKAOS PALU,KIDS,ORANGE KID PDK S,0,1,0,0,16019,16019,16019
Mar-2026,TIGALAPANKAOS PALU,KIDS,ORANGE KID PDK S,16019,0,0,0,16019,0,16019
Jan-2026,TIGALAPANKAOS PALU,KIDS,ORANGE KID PDK XS,0,7,0,0,16028,112196,0
Feb-2026,TIGALAPANKAOS PALU,KIDS,ORANGE KID PDK XS,15996,7,0,0,16028,112196,112196
Mar-2026,TIGALAPANKAOS PALU,KIDS,ORANGE KID PDK XS,31992,4,0,0,16028,64112,112196
Apr-2026,TIGALAPANKAOS PALU,KIDS,ORANGE KID PDK XS,15996,3,0,0,16028,48084,64112
Mei-2026,TIGALAPANKAOS PALU,KIDS,ORANGE KID PDK XS,15996,2,0,0,16028,32056,48084
Jun-2026,TIGALAPANKAOS PALU,KIDS,ORANGE KID PDK XS,0,2,0,0,16028,32056,32056
Jul-2026,TIGALAPANKAOS PALU,KIDS,ORANGE KID PDK XS,15996,1,0,0,16028,16028,32056
Agu-2026,TIGALAPANKAOS PALU,KIDS,ORANGE KID PDK XS,15996,0,0,0,16028,0,16028
Jan-2026,TIGALAPANKAOS PALU,KIDS,ORANGE KID PJG 2XL,0,2,0,0,19580,39160,0
Feb-2026,TIGALAPANKAOS PALU,KIDS,ORANGE KID PJG 2XL,0,2,0,0,19580,39160,39160
Mar-2026,TIGALAPANKAOS PALU,KIDS,ORANGE KID PJG 2XL,0,2,0,0,19580,39160,39160
Apr-2026,TIGALAPANKAOS PALU,KIDS,ORANGE KID PJG 2XL,0,2,0,0,19580,39160,39160
Mei-2026,TIGALAPANKAOS PALU,KIDS,ORANGE KID PJG 2XL,0,2,0,0,19580,39160,39160
Jun-2026,TIGALAPANKAOS PALU,KIDS,ORANGE KID PJG 2XL,0,2,0,0,19580,39160,39160
Jul-2026,TIGALAPANKAOS PALU,KIDS,ORANGE KID PJG 2XL,0,2,0,0,19580,39160,39160
Agu-2026,TIGALAPANKAOS PALU,KIDS,ORANGE KID PJG 2XL,0,2,0,0,19580,39160,39160
Sep-2026,TIGALAPANKAOS PALU,KIDS,ORANGE KID PJG 2XL,0,2,0,0,19580,39160,39160
Okt-2026,TIGALAPANKAOS PALU,KIDS,ORANGE KID PJG 2XL,0,2,0,0,19580,39160,39160
Jan-2026,TIGALAPANKAOS PALU,KIDS,ORANGE KID PJG M,0,8,0,0,19571,156568,0
Feb-2026,TIGALAPANKAOS PALU,KIDS,ORANGE KID PJG M,0,8,0,0,19571,156568,156568
Mar-2026,TIGALAPANKAOS PALU,KIDS,ORANGE KID PJG M,0,8,0,0,19571,156568,156568
Apr-2026,TIGALAPANKAOS PALU,KIDS,ORANGE KID PJG M,0,8,0,0,19571,156568,156568
Mei-2026,TIGALAPANKAOS PALU,KIDS,ORANGE KID PJG M,0,8,0,0,19571,156568,156568
Jun-2026,TIGALAPANKAOS PALU,KIDS,ORANGE KID PJG M,19422,7,0,0,19571,136997,156568
Jul-2026,TIGALAPANKAOS PALU,KIDS,ORANGE KID PJG M,0,7,0,0,19571,136997,136997
Agu-2026,TIGALAPANKAOS PALU,KIDS,ORANGE KID PJG M,19422,7,0,0,19571,136997,136997
Sep-2026,TIGALAPANKAOS PALU,KIDS,ORANGE KID PJG M,0,6,0,0,19571,117426,136997
Okt-2026,TIGALAPANKAOS PALU,KIDS,ORANGE KID PJG M,0,6,0,0,19571,117426,117426
Jan-2026,TIGALAPANKAOS PALU,KIDS,ORANGE KID PJG S,0,14,0,0,19588,274232,0
Feb-2026,TIGALAPANKAOS PALU,KIDS,ORANGE KID PJG S,0,14,0,0,19588,274232,274232
Mar-2026,TIGALAPANKAOS PALU,KIDS,ORANGE KID PJG S,0,14,0,0,19588,274232,274232
Apr-2026,TIGALAPANKAOS PALU,KIDS,ORANGE KID PJG S,0,14,0,0,19588,274232,274232
Mei-2026,TIGALAPANKAOS PALU,KIDS,ORANGE KID PJG S,0,14,0,0,19588,274232,274232
Jun-2026,TIGALAPANKAOS PALU,KIDS,ORANGE KID PJG S,0,14,0,0,19588,274232,274232
Jul-2026,TIGALAPANKAOS PALU,KIDS,ORANGE KID PJG S,0,14,0,0,19588,274232,274232
Agu-2026,TIGALAPANKAOS PALU,KIDS,ORANGE KID PJG S,0,14,0,0,19588,274232,274232
Sep-2026,TIGALAPANKAOS PALU,KIDS,ORANGE KID PJG S,0,14,0,0,19588,274232,274232
Okt-2026,TIGALAPANKAOS PALU,KIDS,ORANGE KID PJG S,0,14,0,0,19588,274232,274232
Jan-2026,TIGALAPANKAOS PALU,KIDS,ORANGE KID PJG XL,0,5,0,0,19558,97790,0
Feb-2026,TIGALAPANKAOS PALU,KIDS,ORANGE KID PJG XL,0,5,0,0,19558,97790,97790
Mar-2026,TIGALAPANKAOS PALU,KIDS,ORANGE KID PJG XL,0,5,0,0,19558,97790,97790
Apr-2026,TIGALAPANKAOS PALU,KIDS,ORANGE KID PJG XL,0,5,0,0,19558,97790,97790
Mei-2026,TIGALAPANKAOS PALU,KIDS,ORANGE KID PJG XL,0,5,0,0,19558,97790,97790
Jun-2026,TIGALAPANKAOS PALU,KIDS,ORANGE KID PJG XL,0,5,0,0,19558,97790,97790
Jul-2026,TIGALAPANKAOS PALU,KIDS,ORANGE KID PJG XL,0,5,0,0,19558,97790,97790
Agu-2026,TIGALAPANKAOS PALU,KIDS,ORANGE KID PJG XL,0,5,0,0,19558,97790,97790
Sep-2026,TIGALAPANKAOS PALU,KIDS,ORANGE KID PJG XL,0,5,0,0,19558,97790,97790
Okt-2026,TIGALAPANKAOS PALU,KIDS,ORANGE KID PJG XL,0,5,0,0,19558,97790,97790
Jan-2026,TIGALAPANKAOS PALU,KIDS,ORANGE KID PJG XS,0,5,0,0,19357,96785,0
Feb-2026,TIGALAPANKAOS PALU,KIDS,ORANGE KID PJG XS,0,5,0,0,19357,96785,96785
Mar-2026,TIGALAPANKAOS PALU,KIDS,ORANGE KID PJG XS,0,5,0,0,19357,96785,96785
Apr-2026,TIGALAPANKAOS PALU,KIDS,ORANGE KID PJG XS,0,5,0,0,19357,96785,96785
Mei-2026,TIGALAPANKAOS PALU,KIDS,ORANGE KID PJG XS,0,5,0,0,19357,96785,96785
Jun-2026,TIGALAPANKAOS PALU,KIDS,ORANGE KID PJG XS,0,5,0,0,19357,96785,96785
Jul-2026,TIGALAPANKAOS PALU,KIDS,ORANGE KID PJG XS,0,5,0,0,19357,96785,96785
Agu-2026,TIGALAPANKAOS PALU,KIDS,ORANGE KID PJG XS,18988,4,0,0,19357,77428,96785
Sep-2026,TIGALAPANKAOS PALU,KIDS,ORANGE KID PJG XS,0,4,0,0,19357,77428,77428
Okt-2026,TIGALAPANKAOS PALU,KIDS,ORANGE KID PJG XS,0,4,0,0,19357,77428,77428
Jan-2026,TIGALAPANKAOS PALU,KIDS,PINK SOFT KID PJG L,0,2,0,0,18945,37890,0
Feb-2026,TIGALAPANKAOS PALU,KIDS,PINK SOFT KID PJG L,0,2,0,0,18945,37890,37890
Mar-2026,TIGALAPANKAOS PALU,KIDS,PINK SOFT KID PJG L,18945,1,0,0,18945,18945,37890
Apr-2026,TIGALAPANKAOS PALU,KIDS,PINK SOFT KID PJG L,0,1,0,0,18945,18945,18945
Mei-2026,TIGALAPANKAOS PALU,KIDS,PINK SOFT KID PJG L,0,1,0,0,18945,18945,18945
Jun-2026,TIGALAPANKAOS PALU,KIDS,PINK SOFT KID PJG L,0,0,0,0,18945,0,18945
Jan-2026,TIGALAPANKAOS PALU,KIDS,PUTIH KID PJG L,0,1,0,0,18413,18413,0
Feb-2026,TIGALAPANKAOS PALU,KIDS,PUTIH KID PJG L,0,1,0,0,18413,18413,18413
Mar-2026,TIGALAPANKAOS PALU,KIDS,PUTIH KID PJG L,0,1,0,0,18413,18413,18413
Apr-2026,TIGALAPANKAOS PALU,KIDS,PUTIH KID PJG L,0,1,0,0,18413,18413,18413
Mei-2026,TIGALAPANKAOS PALU,KIDS,PUTIH KID PJG L,19264,0,0,0,18413,0,18413
Jan-2026,TIGALAPANKAOS PALU,KIDS,PUTIH KID PJG M,0,3,0,0,18157,54471,0
Feb-2026,TIGALAPANKAOS PALU,KIDS,PUTIH KID PJG M,0,3,0,0,18157,54471,54471
Mar-2026,TIGALAPANKAOS PALU,KIDS,PUTIH KID PJG M,0,3,0,0,18157,54471,54471
Apr-2026,TIGALAPANKAOS PALU,KIDS,PUTIH KID PJG M,0,3,0,0,18157,54471,54471
Mei-2026,TIGALAPANKAOS PALU,KIDS,PUTIH KID PJG M,18201,2,0,0,18157,36314,54471
Jun-2026,TIGALAPANKAOS PALU,KIDS,PUTIH KID PJG M,36402,0,0,0,18157,0,36314
Jan-2026,TIGALAPANKAOS PALU,KIDS,PUTIH KID PJG S,18008,3,0,0,18326,54978,0
Feb-2026,TIGALAPANKAOS PALU,KIDS,PUTIH KID PJG S,0,3,0,0,18326,54978,54978
Mar-2026,TIGALAPANKAOS PALU,KIDS,PUTIH KID PJG S,18008,2,0,0,18326,36652,54978
Apr-2026,TIGALAPANKAOS PALU,KIDS,PUTIH KID PJG S,0,2,0,0,18326,36652,36652
Mei-2026,TIGALAPANKAOS PALU,KIDS,PUTIH KID PJG S,0,2,0,0,18326,36652,36652
Jun-2026,TIGALAPANKAOS PALU,KIDS,PUTIH KID PJG S,0,2,0,0,18326,36652,36652
Jul-2026,TIGALAPANKAOS PALU,KIDS,PUTIH KID PJG S,0,2,0,0,18326,36652,36652
Agu-2026,TIGALAPANKAOS PALU,KIDS,PUTIH KID PJG S,0,2,0,0,18326,36652,36652
Sep-2026,TIGALAPANKAOS PALU,KIDS,PUTIH KID PJG S,0,2,0,0,18326,36652,36652
Okt-2026,TIGALAPANKAOS PALU,KIDS,PUTIH KID PJG S,0,2,0,0,18326,36652,36652
Jan-2026,TIGALAPANKAOS PALU,KIDS,PUTIH KID PJG XS,0,9,0,0,15594,140346,0
Feb-2026,TIGALAPANKAOS PALU,KIDS,PUTIH KID PJG XS,0,9,0,0,15594,140346,140346
Mar-2026,TIGALAPANKAOS PALU,KIDS,PUTIH KID PJG XS,0,9,0,0,15594,140346,140346
Apr-2026,TIGALAPANKAOS PALU,KIDS,PUTIH KID PJG XS,0,9,0,0,15594,140346,140346
Mei-2026,TIGALAPANKAOS PALU,KIDS,PUTIH KID PJG XS,0,9,0,0,15594,140346,140346
Jun-2026,TIGALAPANKAOS PALU,KIDS,PUTIH KID PJG XS,37578,7,0,0,15594,109158,140346
Jul-2026,TIGALAPANKAOS PALU,KIDS,PUTIH KID PJG XS,0,7,0,0,15594,109158,109158
Agu-2026,TIGALAPANKAOS PALU,KIDS,PUTIH KID PJG XS,18789,6,0,0,15594,93564,109158
Sep-2026,TIGALAPANKAOS PALU,KIDS,PUTIH KID PJG XS,0,6,0,0,15594,93564,93564
Okt-2026,TIGALAPANKAOS PALU,KIDS,PUTIH KID PJG XS,0,6,0,0,15594,93564,93564
Jan-2026,TIGALAPANKAOS PALU,KIDS,SAGE GREEN KID PJG M,0,6,0,0,19421,116526,0
Feb-2026,TIGALAPANKAOS PALU,KIDS,SAGE GREEN KID PJG M,19178,6,0,0,19421,116526,116526
Mar-2026,TIGALAPANKAOS PALU,KIDS,SAGE GREEN KID PJG M,0,5,0,0,19421,97105,116526
Apr-2026,TIGALAPANKAOS PALU,KIDS,SAGE GREEN KID PJG M,0,5,0,0,19421,97105,97105
Mei-2026,TIGALAPANKAOS PALU,KIDS,SAGE GREEN KID PJG M,0,5,0,0,19421,97105,97105
Jun-2026,TIGALAPANKAOS PALU,KIDS,SAGE GREEN KID PJG M,19178,4,0,0,19421,77684,97105
Jul-2026,TIGALAPANKAOS PALU,KIDS,SAGE GREEN KID PJG M,19178,4,0,0,19421,77684,77684
Agu-2026,TIGALAPANKAOS PALU,KIDS,SAGE GREEN KID PJG M,19178,3,0,0,19421,58263,77684
Sep-2026,TIGALAPANKAOS PALU,KIDS,SAGE GREEN KID PJG M,19178,1,0,0,19421,19421,58263
Okt-2026,TIGALAPANKAOS PALU,KIDS,SAGE GREEN KID PJG M,0,1,0,0,19421,19421,19421
Jan-2026,TIGALAPANKAOS PALU,KIDS,SAGE GREEN KID PJG S,19198,10,0,0,19479,194790,0
Feb-2026,TIGALAPANKAOS PALU,KIDS,SAGE GREEN KID PJG S,0,10,0,0,19479,194790,194790
Mar-2026,TIGALAPANKAOS PALU,KIDS,SAGE GREEN KID PJG S,19198,9,0,0,19479,175311,194790
Apr-2026,TIGALAPANKAOS PALU,KIDS,SAGE GREEN KID PJG S,19198,8,0,0,19479,155832,175311
Mei-2026,TIGALAPANKAOS PALU,KIDS,SAGE GREEN KID PJG S,0,8,0,0,19479,155832,155832
Jun-2026,TIGALAPANKAOS PALU,KIDS,SAGE GREEN KID PJG S,19198,8,0,0,19479,155832,155832
Jul-2026,TIGALAPANKAOS PALU,KIDS,SAGE GREEN KID PJG S,33596,6,0,0,19479,116874,155832
Agu-2026,TIGALAPANKAOS PALU,KIDS,SAGE GREEN KID PJG S,0,6,0,0,19479,116874,116874
Sep-2026,TIGALAPANKAOS PALU,KIDS,SAGE GREEN KID PJG S,0,6,0,0,19479,116874,116874
Okt-2026,TIGALAPANKAOS PALU,KIDS,SAGE GREEN KID PJG S,0,6,0,0,19479,116874,116874
Jan-2026,TIGALAPANKAOS PALU,KIDS,SAGE GREEN KID PJG XL,19244,3,0,0,19550,58650,0
Feb-2026,TIGALAPANKAOS PALU,KIDS,SAGE GREEN KID PJG XL,38488,0,0,0,19550,0,58650
Jan-2026,TIGALAPANKAOS PALU,KIDS,SAGE GREEN KID PJG XS,0,10,0,0,17990,179900,0
Feb-2026,TIGALAPANKAOS PALU,KIDS,SAGE GREEN KID PJG XS,0,10,0,0,17990,179900,179900
Mar-2026,TIGALAPANKAOS PALU,KIDS,SAGE GREEN KID PJG XS,0,10,0,0,17990,179900,179900
Apr-2026,TIGALAPANKAOS PALU,KIDS,SAGE GREEN KID PJG XS,0,10,0,0,17990,179900,179900
Mei-2026,TIGALAPANKAOS PALU,KIDS,SAGE GREEN KID PJG XS,0,10,0,0,17990,179900,179900
Jun-2026,TIGALAPANKAOS PALU,KIDS,SAGE GREEN KID PJG XS,0,10,0,0,17990,179900,179900
Jul-2026,TIGALAPANKAOS PALU,KIDS,SAGE GREEN KID PJG XS,0,10,0,0,17990,179900,179900
Agu-2026,TIGALAPANKAOS PALU,KIDS,SAGE GREEN KID PJG XS,19231,9,0,0,17990,161910,179900
Sep-2026,TIGALAPANKAOS PALU,KIDS,SAGE GREEN KID PJG XS,0,9,0,0,17990,161910,161910
Okt-2026,TIGALAPANKAOS PALU,KIDS,SAGE GREEN KID PJG XS,0,9,0,0,17990,161910,161910
Jan-2026,TIGALAPANKAOS PALU,KIDS,TOSCA KID PDK XS,0,2,0,0,17740,35480,0
Feb-2026,TIGALAPANKAOS PALU,KIDS,TOSCA KID PDK XS,0,2,0,0,17740,35480,35480
Mar-2026,TIGALAPANKAOS PALU,KIDS,TOSCA KID PDK XS,0,2,0,0,17740,35480,35480
Apr-2026,TIGALAPANKAOS PALU,KIDS,TOSCA KID PDK XS,0,2,0,0,17740,35480,35480
Mei-2026,TIGALAPANKAOS PALU,KIDS,TOSCA KID PDK XS,0,2,0,0,17740,35480,35480
Jun-2026,TIGALAPANKAOS PALU,KIDS,TOSCA KID PDK XS,16383,1,0,0,17740,17740,35480
Jul-2026,TIGALAPANKAOS PALU,KIDS,TOSCA KID PDK XS,16383,0,0,0,17740,0,17740
Jan-2026,TIGALAPANKAOS PALU,KIDS,TOSCA KID PJG 2XL,0,1,0,0,19282,19282,0
Feb-2026,TIGALAPANKAOS PALU,KIDS,TOSCA KID PJG 2XL,0,1,0,0,19282,19282,19282
Mar-2026,TIGALAPANKAOS PALU,KIDS,TOSCA KID PJG 2XL,0,1,0,0,19282,19282,19282
Apr-2026,TIGALAPANKAOS PALU,KIDS,TOSCA KID PJG 2XL,19282,0,0,0,19282,0,19282
Jan-2026,TIGALAPANKAOS PALU,KIDS,TOSCA KID PJG S,19218,9,0,0,19154,172386,0
Feb-2026,TIGALAPANKAOS PALU,KIDS,TOSCA KID PJG S,0,9,0,0,19154,172386,172386
Mar-2026,TIGALAPANKAOS PALU,KIDS,TOSCA KID PJG S,0,9,0,0,19154,172386,172386
Apr-2026,TIGALAPANKAOS PALU,KIDS,TOSCA KID PJG S,19218,8,0,0,19154,153232,172386
Mei-2026,TIGALAPANKAOS PALU,KIDS,TOSCA KID PJG S,19218,7,0,0,19154,134078,153232
Jun-2026,TIGALAPANKAOS PALU,KIDS,TOSCA KID PJG S,0,6,0,0,19154,114924,134078
Jul-2026,TIGALAPANKAOS PALU,KIDS,TOSCA KID PJG S,0,6,0,0,19154,114924,114924
Agu-2026,TIGALAPANKAOS PALU,KIDS,TOSCA KID PJG S,0,6,0,0,19154,114924,114924
Sep-2026,TIGALAPANKAOS PALU,KIDS,TOSCA KID PJG S,0,5,0,0,19154,95770,114924
Okt-2026,TIGALAPANKAOS PALU,KIDS,TOSCA KID PJG S,0,5,0,0,19154,95770,95770
Jan-2026,TIGALAPANKAOS PALU,KIDS,TOSCA KID PJG XS,0,5,0,0,18912,94560,0
Feb-2026,TIGALAPANKAOS PALU,KIDS,TOSCA KID PJG XS,0,5,0,0,18912,94560,94560
Mar-2026,TIGALAPANKAOS PALU,KIDS,TOSCA KID PJG XS,0,5,0,0,18912,94560,94560
Apr-2026,TIGALAPANKAOS PALU,KIDS,TOSCA KID PJG XS,19063,5,0,0,18912,94560,94560
Mei-2026,TIGALAPANKAOS PALU,KIDS,TOSCA KID PJG XS,19063,3,0,0,18912,56736,94560
Jun-2026,TIGALAPANKAOS PALU,KIDS,TOSCA KID PJG XS,0,3,0,0,18912,56736,56736
Jul-2026,TIGALAPANKAOS PALU,KIDS,TOSCA KID PJG XS,0,3,0,0,18912,56736,56736
Agu-2026,TIGALAPANKAOS PALU,KIDS,TOSCA KID PJG XS,0,3,0,0,18912,56736,56736
Sep-2026,TIGALAPANKAOS PALU,KIDS,TOSCA KID PJG XS,0,3,0,0,18912,56736,56736
Okt-2026,TIGALAPANKAOS PALU,KIDS,TOSCA KID PJG XS,0,3,0,0,18912,56736,56736
Jan-2026,TIGALAPANKAOS PALU,KIDS,TURKIS KID PJG XS,0,11,0,0,19095,210045,0
Feb-2026,TIGALAPANKAOS PALU,KIDS,TURKIS KID PJG XS,38512,9,0,0,19095,171855,210045
Mar-2026,TIGALAPANKAOS PALU,KIDS,TURKIS KID PJG XS,0,9,0,0,19095,171855,171855
Apr-2026,TIGALAPANKAOS PALU,KIDS,TURKIS KID PJG XS,19256,9,0,0,19095,171855,171855
Mei-2026,TIGALAPANKAOS PALU,KIDS,TURKIS KID PJG XS,19256,7,0,0,19095,133665,171855
Jun-2026,TIGALAPANKAOS PALU,KIDS,TURKIS KID PJG XS,0,7,0,0,19095,133665,133665
Jul-2026,TIGALAPANKAOS PALU,KIDS,TURKIS KID PJG XS,0,7,0,0,19095,133665,133665
Agu-2026,TIGALAPANKAOS PALU,KIDS,TURKIS KID PJG XS,19256,6,0,0,19095,114570,133665
Sep-2026,TIGALAPANKAOS PALU,KIDS,TURKIS KID PJG XS,0,6,0,0,19095,114570,114570
Okt-2026,TIGALAPANKAOS PALU,KIDS,TURKIS KID PJG XS,0,6,0,0,19095,114570,114570
Okt-2026,DC TIGALAPAN,KIDS,ABU MISTY KID PJG XS,0,17,0,0,20500,348500,0
Apr-2026,DC TIGALAPAN,KIDS,HITAM KID PDK S,0,2,0,0,16971,33942,0
Mei-2026,DC TIGALAPAN,KIDS,HITAM KID PDK S,0,2,0,0,16971,33942,33942
Jun-2026,DC TIGALAPAN,KIDS,HITAM KID PDK S,0,2,0,0,16971,33942,33942
Jul-2026,DC TIGALAPAN,KIDS,HITAM KID PDK S,0,2,0,0,16971,33942,33942
Agu-2026,DC TIGALAPAN,KIDS,HITAM KID PDK S,0,19,0,0,16971,322449,33942
Sep-2026,DC TIGALAPAN,KIDS,HITAM KID PDK S,0,19,0,0,16971,322449,322449
Okt-2026,DC TIGALAPAN,KIDS,HITAM KID PDK S,0,19,0,0,16971,322449,322449
Jun-2026,DC TIGALAPAN,KIDS,MAROON KID PDK M,0,4,0,0,16595,66380,0
Jul-2026,DC TIGALAPAN,KIDS,MAROON KID PDK M,0,4,0,0,16595,66380,66380
Agu-2026,DC TIGALAPAN,KIDS,MAROON KID PDK M,0,4,0,0,16595,66380,66380
Sep-2026,DC TIGALAPAN,KIDS,MAROON KID PDK M,0,4,0,0,16595,66380,66380
Okt-2026,DC TIGALAPAN,KIDS,MAROON KID PDK M,0,4,0,0,16595,66380,66380
Okt-2026,DC TIGALAPAN,KIDS,MAROON KID PDK S,0,7,0,0,16282,113974,0
Mei-2026,DC TIGALAPAN,KIDS,MAROON KID PDK XL,0,2,0,0,16702,33404,0
Jun-2026,DC TIGALAPAN,KIDS,MAROON KID PDK XL,0,2,0,0,16702,33404,33404
Jul-2026,DC TIGALAPAN,KIDS,MAROON KID PDK XL,0,2,0,0,16702,33404,33404
Agu-2026,DC TIGALAPAN,KIDS,MAROON KID PDK XL,0,2,0,0,16702,33404,33404
Sep-2026,DC TIGALAPAN,KIDS,MAROON KID PDK XL,0,2,0,0,16702,33404,33404
Okt-2026,DC TIGALAPAN,KIDS,MAROON KID PDK XL,0,2,0,0,16702,33404,33404
Jan-2026,DC TIGALAPAN,KIDS,MAROON KID PDK XS,0,4,0,0,18201,72804,0
Feb-2026,DC TIGALAPAN,KIDS,MAROON KID PDK XS,0,4,0,0,18201,72804,72804
Mar-2026,DC TIGALAPAN,KIDS,MAROON KID PDK XS,0,4,0,0,18201,72804,72804
Apr-2026,DC TIGALAPAN,KIDS,MAROON KID PDK XS,0,4,0,0,18201,72804,72804
Mei-2026,DC TIGALAPAN,KIDS,MAROON KID PDK XS,0,4,0,0,18201,72804,72804
Jun-2026,DC TIGALAPAN,KIDS,MAROON KID PDK XS,0,4,0,0,18201,72804,72804
Jul-2026,DC TIGALAPAN,KIDS,MAROON KID PDK XS,0,4,0,0,18201,72804,72804
Agu-2026,DC TIGALAPAN,KIDS,MAROON KID PDK XS,0,4,0,0,18201,72804,72804
Sep-2026,DC TIGALAPAN,KIDS,MAROON KID PDK XS,0,4,0,0,18201,72804,72804
Okt-2026,DC TIGALAPAN,KIDS,MAROON KID PDK XS,0,4,0,0,18201,72804,72804
Mei-2026,DC TIGALAPAN,KIDS,MAROON KID PJG L,0,1,0,0,20390,20390,0
Jun-2026,DC TIGALAPAN,KIDS,MAROON KID PJG L,0,1,0,0,20390,20390,20390
Jul-2026,DC TIGALAPAN,KIDS,MAROON KID PJG L,0,1,0,0,20390,20390,20390
Agu-2026,DC TIGALAPAN,KIDS,MAROON KID PJG L,0,1,0,0,20390,20390,20390
Sep-2026,DC TIGALAPAN,KIDS,MAROON KID PJG L,0,1,0,0,20390,20390,20390
Okt-2026,DC TIGALAPAN,KIDS,MAROON KID PJG L,0,1,0,0,20390,20390,20390
Mei-2026,DC TIGALAPAN,KIDS,MAROON KID PJG M,0,3,0,0,20137,60411,0
Jun-2026,DC TIGALAPAN,KIDS,MAROON KID PJG M,0,3,0,0,20137,60411,60411
Jul-2026,DC TIGALAPAN,KIDS,MAROON KID PJG M,0,3,0,0,20137,60411,60411
Agu-2026,DC TIGALAPAN,KIDS,MAROON KID PJG M,0,3,0,0,20137,60411,60411
Sep-2026,DC TIGALAPAN,KIDS,MAROON KID PJG M,0,3,0,0,20137,60411,60411
Okt-2026,DC TIGALAPAN,KIDS,MAROON KID PJG M,0,3,0,0,20137,60411,60411
Jan-2026,DC TIGALAPAN,KIDS,MAROON KID PJG XS,0,6,0,0,19645,117870,0
Feb-2026,DC TIGALAPAN,KIDS,MAROON KID PJG XS,0,6,0,0,19645,117870,117870
Mar-2026,DC TIGALAPAN,KIDS,MAROON KID PJG XS,0,6,0,0,19645,117870,117870
Apr-2026,DC TIGALAPAN,KIDS,MAROON KID PJG XS,0,6,0,0,19645,117870,117870
Mei-2026,DC TIGALAPAN,KIDS,MAROON KID PJG XS,0,6,0,0,19645,117870,117870
Jun-2026,DC TIGALAPAN,KIDS,MAROON KID PJG XS,0,6,0,0,19645,117870,117870
Jul-2026,DC TIGALAPAN,KIDS,MAROON KID PJG XS,0,6,0,0,19645,117870,117870
Agu-2026,DC TIGALAPAN,KIDS,MAROON KID PJG XS,0,6,0,0,19645,117870,117870
Sep-2026,DC TIGALAPAN,KIDS,MAROON KID PJG XS,0,6,0,0,19645,117870,117870
Okt-2026,DC TIGALAPAN,KIDS,MAROON KID PJG XS,0,6,0,0,19645,117870,117870
Agu-2026,DC TIGALAPAN,KIDS,MERAH CABE KID PDK S,0,31,0,0,17090,529790,0
Sep-2026,DC TIGALAPAN,KIDS,MERAH CABE KID PDK S,0,31,0,0,17090,529790,529790
Okt-2026,DC TIGALAPAN,KIDS,MERAH CABE KID PDK S,0,56,0,0,17090,957040,529790
Mei-2026,DC TIGALAPAN,KIDS,NAVY KID PDK L,0,1,0,0,13048,13048,0
Jun-2026,DC TIGALAPAN,KIDS,NAVY KID PDK L,0,4,0,0,13048,52192,13048
Jul-2026,DC TIGALAPAN,KIDS,NAVY KID PDK L,0,4,0,0,13048,52192,52192
Agu-2026,DC TIGALAPAN,KIDS,NAVY KID PDK L,0,4,0,0,13048,52192,52192
Sep-2026,DC TIGALAPAN,KIDS,NAVY KID PDK L,0,4,0,0,13048,52192,52192
Okt-2026,DC TIGALAPAN,KIDS,NAVY KID PDK L,0,4,0,0,13048,52192,52192
Okt-2026,DC TIGALAPAN,KIDS,NAVY KID PDK S,0,7,0,0,19343,135401,0
Jun-2026,DC TIGALAPAN,KIDS,NAVY KID PDK XS,0,2,0,0,22659,45318,0
Jul-2026,DC TIGALAPAN,KIDS,NAVY KID PDK XS,0,2,0,0,22659,45318,45318
Agu-2026,DC TIGALAPAN,KIDS,NAVY KID PDK XS,0,2,0,0,22659,45318,45318
Sep-2026,DC TIGALAPAN,KIDS,NAVY KID PDK XS,0,2,0,0,22659,45318,45318
Okt-2026,DC TIGALAPAN,KIDS,NAVY KID PDK XS,0,10,0,0,22659,226590,45318
Okt-2026,DC TIGALAPAN,KIDS,NAVY KID PJG XS,0,7,0,0,18682,130774,0
Agu-2026,DC TIGALAPAN,KIDS,TOSCA KID PDK S,0,4,0,0,16289,65156,0
Sep-2026,DC TIGALAPAN,KIDS,TOSCA KID PDK S,0,4,0,0,16289,65156,65156
Okt-2026,DC TIGALAPAN,KIDS,TOSCA KID PDK S,0,4,0,0,16289,65156,65156
