Bulan,Store,Warna,Item,COGS,OH Qty,OD Qty,WIP Qty,HPP,Inventory Akhir,Inventory Awal
Mar-2026,MAMU BTP,LOOSE SLEEVE TSHIRT MAMU,LOOSE SLEEVE TSHIRT ABU MUDA L,155700,8,0,0,149000,1192000,0
Apr-2026,MAMU BTP,LOOSE SLEEVE TSHIRT MAMU,LOOSE SLEEVE TSHIRT ABU MUDA L,155700,6,0,0,149000,894000,1192000
Mei-2026,MAMU BTP,LOOSE SLEEVE TSHIRT MAMU,LOOSE SLEEVE TSHIRT ABU MUDA L,233550,3,0,0,149000,447000,894000
Jun-2026,MAMU BTP,LOOSE SLEEVE TSHIRT MAMU,LOOSE SLEEVE TSHIRT ABU MUDA L,155700,2,0,0,149000,298000,447000
Jul-2026,MAMU BTP,LOOSE SLEEVE TSHIRT MAMU,LOOSE SLEEVE TSHIRT ABU MUDA L,155700,2,0,0,149000,298000,298000
Agu-2026,MAMU BTP,LOOSE SLEEVE TSHIRT MAMU,LOOSE SLEEVE TSHIRT ABU MUDA L,0,0,0,0,149000,0,298000
Mar-2026,MAMU BTP,LOOSE SLEEVE TSHIRT MAMU,LOOSE SLEEVE TSHIRT ABU MUDA M,389250,5,0,0,149000,745000,0
Apr-2026,MAMU BTP,LOOSE SLEEVE TSHIRT MAMU,LOOSE SLEEVE TSHIRT ABU MUDA M,233550,13,0,0,149000,1937000,745000
Mei-2026,MAMU BTP,LOOSE SLEEVE TSHIRT MAMU,LOOSE SLEEVE TSHIRT ABU MUDA M,77850,11,0,0,149000,1639000,1937000
Jun-2026,MAMU BTP,LOOSE SLEEVE TSHIRT MAMU,LOOSE SLEEVE TSHIRT ABU MUDA M,0,11,0,0,149000,1639000,1639000
Jul-2026,MAMU BTP,LOOSE SLEEVE TSHIRT MAMU,LOOSE SLEEVE TSHIRT ABU MUDA M,155700,9,0,0,149000,1341000,1639000
Agu-2026,MAMU BTP,LOOSE SLEEVE TSHIRT MAMU,LOOSE SLEEVE TSHIRT ABU MUDA M,155700,8,0,0,149000,1192000,1341000
Sep-2026,MAMU BTP,LOOSE SLEEVE TSHIRT MAMU,LOOSE SLEEVE TSHIRT ABU MUDA M,311400,4,0,0,149000,596000,1192000
Okt-2026,MAMU BTP,LOOSE SLEEVE TSHIRT MAMU,LOOSE SLEEVE TSHIRT ABU MUDA M,0,4,0,0,149000,596000,596000
Mar-2026,MAMU BTP,LOOSE SLEEVE TSHIRT MAMU,LOOSE SLEEVE TSHIRT ABU MUDA S,155700,8,0,0,149000,1192000,0
Apr-2026,MAMU BTP,LOOSE SLEEVE TSHIRT MAMU,LOOSE SLEEVE TSHIRT ABU MUDA S,389250,8,0,0,149000,1192000,1192000
Mei-2026,MAMU BTP,LOOSE SLEEVE TSHIRT MAMU,LOOSE SLEEVE TSHIRT ABU MUDA S,77850,7,0,0,149000,1043000,1192000
Jun-2026,MAMU BTP,LOOSE SLEEVE TSHIRT MAMU,LOOSE SLEEVE TSHIRT ABU MUDA S,77850,6,0,0,149000,894000,1043000
Jul-2026,MAMU BTP,LOOSE SLEEVE TSHIRT MAMU,LOOSE SLEEVE TSHIRT ABU MUDA S,0,6,0,0,149000,894000,894000
Agu-2026,MAMU BTP,LOOSE SLEEVE TSHIRT MAMU,LOOSE SLEEVE TSHIRT ABU MUDA S,69200,8,0,0,149000,1192000,894000
Sep-2026,MAMU BTP,LOOSE SLEEVE TSHIRT MAMU,LOOSE SLEEVE TSHIRT ABU MUDA S,0,8,0,0,149000,1192000,1192000
Okt-2026,MAMU BTP,LOOSE SLEEVE TSHIRT MAMU,LOOSE SLEEVE TSHIRT ABU MUDA S,0,8,0,0,149000,1192000,1192000
Mar-2026,MAMU BTP,LOOSE SLEEVE TSHIRT MAMU,LOOSE SLEEVE TSHIRT ABU MUDA XL,155700,0,5,0,149000,745000,0
Apr-2026,MAMU BTP,LOOSE SLEEVE TSHIRT MAMU,LOOSE SLEEVE TSHIRT ABU MUDA XL,155700,4,0,0,149000,596000,745000
Mei-2026,MAMU BTP,LOOSE SLEEVE TSHIRT MAMU,LOOSE SLEEVE TSHIRT ABU MUDA XL,0,4,0,0,149000,596000,596000
Jun-2026,MAMU BTP,LOOSE SLEEVE TSHIRT MAMU,LOOSE SLEEVE TSHIRT ABU MUDA XL,77850,2,0,0,149000,298000,596000
Jul-2026,MAMU BTP,LOOSE SLEEVE TSHIRT MAMU,LOOSE SLEEVE TSHIRT ABU MUDA XL,77850,1,0,0,149000,149000,298000
Agu-2026,MAMU BTP,LOOSE SLEEVE TSHIRT MAMU,LOOSE SLEEVE TSHIRT ABU MUDA XL,0,0,0,0,149000,0,149000
Mar-2026,MAMU BTP,LOOSE SLEEVE TSHIRT MAMU,LOOSE SLEEVE TSHIRT BLACK L,467100,5,0,0,149000,745000,0
Apr-2026,MAMU BTP,LOOSE SLEEVE TSHIRT MAMU,LOOSE SLEEVE TSHIRT BLACK L,155700,12,0,0,149000,1788000,745000
Mei-2026,MAMU BTP,LOOSE SLEEVE TSHIRT MAMU,LOOSE SLEEVE TSHIRT BLACK L,389250,7,0,0,149000,1043000,1788000
Jun-2026,MAMU BTP,LOOSE SLEEVE TSHIRT MAMU,LOOSE SLEEVE TSHIRT BLACK L,311400,3,0,0,149000,447000,1043000
Jul-2026,MAMU BTP,LOOSE SLEEVE TSHIRT MAMU,LOOSE SLEEVE TSHIRT BLACK L,233550,0,0,0,149000,0,447000
Agu-2026,MAMU BTP,LOOSE SLEEVE TSHIRT MAMU,LOOSE SLEEVE TSHIRT BLACK L,155700,0,0,0,149000,0,0
Sep-2026,MAMU BTP,LOOSE SLEEVE TSHIRT MAMU,LOOSE SLEEVE TSHIRT BLACK L,73244,0,0,0,149000,0,0
Mar-2026,MAMU BTP,LOOSE SLEEVE TSHIRT MAMU,LOOSE SLEEVE TSHIRT BLACK M,77850,27,0,0,149000,4023000,0
Apr-2026,MAMU BTP,LOOSE SLEEVE TSHIRT MAMU,LOOSE SLEEVE TSHIRT BLACK M,233550,24,0,0,149000,3576000,4023000
Mei-2026,MAMU BTP,LOOSE SLEEVE TSHIRT MAMU,LOOSE SLEEVE TSHIRT BLACK M,311400,20,0,0,149000,2980000,3576000
Jun-2026,MAMU BTP,LOOSE SLEEVE TSHIRT MAMU,LOOSE SLEEVE TSHIRT BLACK M,155700,18,0,0,149000,2682000,2980000
Jul-2026,MAMU BTP,LOOSE SLEEVE TSHIRT MAMU,LOOSE SLEEVE TSHIRT BLACK M,311400,14,0,0,149000,2086000,2682000
Agu-2026,MAMU BTP,LOOSE SLEEVE TSHIRT MAMU,LOOSE SLEEVE TSHIRT BLACK M,77850,16,0,0,149000,2384000,2086000
Sep-2026,MAMU BTP,LOOSE SLEEVE TSHIRT MAMU,LOOSE SLEEVE TSHIRT BLACK M,467100,8,0,0,149000,1192000,2384000
Okt-2026,MAMU BTP,LOOSE SLEEVE TSHIRT MAMU,LOOSE SLEEVE TSHIRT BLACK M,77850,7,0,0,149000,1043000,1192000
Mar-2026,MAMU BTP,LOOSE SLEEVE TSHIRT MAMU,LOOSE SLEEVE TSHIRT BLACK S,77850,19,0,0,149000,2831000,0
Apr-2026,MAMU BTP,LOOSE SLEEVE TSHIRT MAMU,LOOSE SLEEVE TSHIRT BLACK S,233550,17,0,0,149000,2533000,2831000
Mei-2026,MAMU BTP,LOOSE SLEEVE TSHIRT MAMU,LOOSE SLEEVE TSHIRT BLACK S,311400,12,0,0,149000,1788000,2533000
Jun-2026,MAMU BTP,LOOSE SLEEVE TSHIRT MAMU,LOOSE SLEEVE TSHIRT BLACK S,311400,8,0,0,149000,1192000,1788000
Jul-2026,MAMU BTP,LOOSE SLEEVE TSHIRT MAMU,LOOSE SLEEVE TSHIRT BLACK S,77850,7,0,0,149000,1043000,1192000
Agu-2026,MAMU BTP,LOOSE SLEEVE TSHIRT MAMU,LOOSE SLEEVE TSHIRT BLACK S,311400,7,0,0,149000,1043000,1043000
Sep-2026,MAMU BTP,LOOSE SLEEVE TSHIRT MAMU,LOOSE SLEEVE TSHIRT BLACK S,77850,6,0,0,149000,894000,1043000
Okt-2026,MAMU BTP,LOOSE SLEEVE TSHIRT MAMU,LOOSE SLEEVE TSHIRT BLACK S,0,6,0,0,149000,894000,894000
Mar-2026,MAMU BTP,LOOSE SLEEVE TSHIRT MAMU,LOOSE SLEEVE TSHIRT BLACK XL,77850,4,0,0,149000,596000,0
Apr-2026,MAMU BTP,LOOSE SLEEVE TSHIRT MAMU,LOOSE SLEEVE TSHIRT BLACK XL,155700,3,0,0,149000,447000,596000
Mei-2026,MAMU BTP,LOOSE SLEEVE TSHIRT MAMU,LOOSE SLEEVE TSHIRT BLACK XL,155700,1,0,0,149000,149000,447000
Jun-2026,MAMU BTP,LOOSE SLEEVE TSHIRT MAMU,LOOSE SLEEVE TSHIRT BLACK XL,0,1,0,0,149000,149000,149000
Jul-2026,MAMU BTP,LOOSE SLEEVE TSHIRT MAMU,LOOSE SLEEVE TSHIRT BLACK XL,0,1,0,0,149000,149000,149000
Agu-2026,MAMU BTP,LOOSE SLEEVE TSHIRT MAMU,LOOSE SLEEVE TSHIRT BLACK XL,0,1,0,0,149000,149000,149000
Sep-2026,MAMU BTP,LOOSE SLEEVE TSHIRT MAMU,LOOSE SLEEVE TSHIRT BLACK XL,77850,0,0,0,149000,0,149000
Mar-2026,MAMU BTP,LOOSE SLEEVE TSHIRT MAMU,LOOSE SLEEVE TSHIRT ERMINE L,467100,5,0,0,149000,745000,0
Apr-2026,MAMU BTP,LOOSE SLEEVE TSHIRT MAMU,LOOSE SLEEVE TSHIRT ERMINE L,155700,10,0,0,149000,1490000,745000
Mei-2026,MAMU BTP,LOOSE SLEEVE TSHIRT MAMU,LOOSE SLEEVE TSHIRT ERMINE L,311400,5,0,0,149000,745000,1490000
Jun-2026,MAMU BTP,LOOSE SLEEVE TSHIRT MAMU,LOOSE SLEEVE TSHIRT ERMINE L,467100,0,0,0,149000,0,745000
Mar-2026,MAMU BTP,LOOSE SLEEVE TSHIRT MAMU,LOOSE SLEEVE TSHIRT ERMINE M,155700,18,0,0,149000,2682000,0
Apr-2026,MAMU BTP,LOOSE SLEEVE TSHIRT MAMU,LOOSE SLEEVE TSHIRT ERMINE M,155700,16,0,0,149000,2384000,2682000
Mei-2026,MAMU BTP,LOOSE SLEEVE TSHIRT MAMU,LOOSE SLEEVE TSHIRT ERMINE M,233550,13,0,0,149000,1937000,2384000
Jun-2026,MAMU BTP,LOOSE SLEEVE TSHIRT MAMU,LOOSE SLEEVE TSHIRT ERMINE M,311400,9,0,0,149000,1341000,1937000
Jul-2026,MAMU BTP,LOOSE SLEEVE TSHIRT MAMU,LOOSE SLEEVE TSHIRT ERMINE M,233550,6,0,0,149000,894000,1341000
Agu-2026,MAMU BTP,LOOSE SLEEVE TSHIRT MAMU,LOOSE SLEEVE TSHIRT ERMINE M,544950,3,0,0,149000,447000,894000
Sep-2026,MAMU BTP,LOOSE SLEEVE TSHIRT MAMU,LOOSE SLEEVE TSHIRT ERMINE M,155700,6,0,0,149000,894000,447000
Okt-2026,MAMU BTP,LOOSE SLEEVE TSHIRT MAMU,LOOSE SLEEVE TSHIRT ERMINE M,0,6,0,0,149000,894000,894000
Mar-2026,MAMU BTP,LOOSE SLEEVE TSHIRT MAMU,LOOSE SLEEVE TSHIRT ERMINE S,311400,6,0,0,149000,894000,0
Apr-2026,MAMU BTP,LOOSE SLEEVE TSHIRT MAMU,LOOSE SLEEVE TSHIRT ERMINE S,77850,6,0,0,149000,894000,894000
Mei-2026,MAMU BTP,LOOSE SLEEVE TSHIRT MAMU,LOOSE SLEEVE TSHIRT ERMINE S,155700,3,0,0,149000,447000,894000
Jun-2026,MAMU BTP,LOOSE SLEEVE TSHIRT MAMU,LOOSE SLEEVE TSHIRT ERMINE S,77850,2,0,0,149000,298000,447000
Jul-2026,MAMU BTP,LOOSE SLEEVE TSHIRT MAMU,LOOSE SLEEVE TSHIRT ERMINE S,233550,4,0,0,149000,596000,298000
Agu-2026,MAMU BTP,LOOSE SLEEVE TSHIRT MAMU,LOOSE SLEEVE TSHIRT ERMINE S,155700,4,0,0,149000,596000,596000
Sep-2026,MAMU BTP,LOOSE SLEEVE TSHIRT MAMU,LOOSE SLEEVE TSHIRT ERMINE S,77850,5,0,0,149000,745000,596000
Okt-2026,MAMU BTP,LOOSE SLEEVE TSHIRT MAMU,LOOSE SLEEVE TSHIRT ERMINE S,0,4,0,0,149000,596000,745000
Mar-2026,MAMU BTP,LOOSE SLEEVE TSHIRT MAMU,LOOSE SLEEVE TSHIRT ERMINE XL,155700,0,4,0,149000,596000,0
Apr-2026,MAMU BTP,LOOSE SLEEVE TSHIRT MAMU,LOOSE SLEEVE TSHIRT ERMINE XL,155700,3,0,0,149000,447000,596000
Mei-2026,MAMU BTP,LOOSE SLEEVE TSHIRT MAMU,LOOSE SLEEVE TSHIRT ERMINE XL,155700,1,0,0,149000,149000,447000
Jun-2026,MAMU BTP,LOOSE SLEEVE TSHIRT MAMU,LOOSE SLEEVE TSHIRT ERMINE XL,77850,0,0,0,149000,0,149000
Mar-2026,MAMU BTP,LOOSE SLEEVE TSHIRT MAMU,LOOSE SLEEVE TSHIRT STEEL BLUE L,233550,10,0,0,149000,1490000,0
Apr-2026,MAMU BTP,LOOSE SLEEVE TSHIRT MAMU,LOOSE SLEEVE TSHIRT STEEL BLUE L,155700,8,0,0,149000,1192000,1490000
Mei-2026,MAMU BTP,LOOSE SLEEVE TSHIRT MAMU,LOOSE SLEEVE TSHIRT STEEL BLUE L,155700,6,0,0,149000,894000,1192000
Jun-2026,MAMU BTP,LOOSE SLEEVE TSHIRT MAMU,LOOSE SLEEVE TSHIRT STEEL BLUE L,77850,5,0,0,149000,745000,894000
Jul-2026,MAMU BTP,LOOSE SLEEVE TSHIRT MAMU,LOOSE SLEEVE TSHIRT STEEL BLUE L,77850,4,0,0,149000,596000,745000
Agu-2026,MAMU BTP,LOOSE SLEEVE TSHIRT MAMU,LOOSE SLEEVE TSHIRT STEEL BLUE L,233550,1,0,0,149000,149000,596000
Sep-2026,MAMU BTP,LOOSE SLEEVE TSHIRT MAMU,LOOSE SLEEVE TSHIRT STEEL BLUE L,0,0,0,0,149000,0,149000
Mar-2026,MAMU BTP,LOOSE SLEEVE TSHIRT MAMU,LOOSE SLEEVE TSHIRT STEEL BLUE M,233550,23,0,0,149000,3427000,0
Apr-2026,MAMU BTP,LOOSE SLEEVE TSHIRT MAMU,LOOSE SLEEVE TSHIRT STEEL BLUE M,77850,23,0,0,149000,3427000,3427000
Mei-2026,MAMU BTP,LOOSE SLEEVE TSHIRT MAMU,LOOSE SLEEVE TSHIRT STEEL BLUE M,544950,15,0,0,149000,2235000,3427000
Jun-2026,MAMU BTP,LOOSE SLEEVE TSHIRT MAMU,LOOSE SLEEVE TSHIRT STEEL BLUE M,77850,14,0,0,149000,2086000,2235000
Jul-2026,MAMU BTP,LOOSE SLEEVE TSHIRT MAMU,LOOSE SLEEVE TSHIRT STEEL BLUE M,155700,12,0,0,149000,1788000,2086000
Agu-2026,MAMU BTP,LOOSE SLEEVE TSHIRT MAMU,LOOSE SLEEVE TSHIRT STEEL BLUE M,77850,12,0,0,149000,1788000,1788000
Sep-2026,MAMU BTP,LOOSE SLEEVE TSHIRT MAMU,LOOSE SLEEVE TSHIRT STEEL BLUE M,233550,8,0,0,149000,1192000,1788000
Okt-2026,MAMU BTP,LOOSE SLEEVE TSHIRT MAMU,LOOSE SLEEVE TSHIRT STEEL BLUE M,77850,7,0,0,149000,1043000,1192000
Mar-2026,MAMU BTP,LOOSE SLEEVE TSHIRT MAMU,LOOSE SLEEVE TSHIRT STEEL BLUE S,155700,18,0,0,149000,2682000,0
Apr-2026,MAMU BTP,LOOSE SLEEVE TSHIRT MAMU,LOOSE SLEEVE TSHIRT STEEL BLUE S,155700,16,0,0,149000,2384000,2682000
Mei-2026,MAMU BTP,LOOSE SLEEVE TSHIRT MAMU,LOOSE SLEEVE TSHIRT STEEL BLUE S,77850,15,0,0,149000,2235000,2384000
Jun-2026,MAMU BTP,LOOSE SLEEVE TSHIRT MAMU,LOOSE SLEEVE TSHIRT STEEL BLUE S,0,15,0,0,149000,2235000,2235000
Jul-2026,MAMU BTP,LOOSE SLEEVE TSHIRT MAMU,LOOSE SLEEVE TSHIRT STEEL BLUE S,0,15,0,0,149000,2235000,2235000
Agu-2026,MAMU BTP,LOOSE SLEEVE TSHIRT MAMU,LOOSE SLEEVE TSHIRT STEEL BLUE S,155700,17,0,0,149000,2533000,2235000
Sep-2026,MAMU BTP,LOOSE SLEEVE TSHIRT MAMU,LOOSE SLEEVE TSHIRT STEEL BLUE S,0,16,0,0,149000,2384000,2533000
Okt-2026,MAMU BTP,LOOSE SLEEVE TSHIRT MAMU,LOOSE SLEEVE TSHIRT STEEL BLUE S,0,16,0,0,149000,2384000,2384000
Mar-2026,MAMU BTP,LOOSE SLEEVE TSHIRT MAMU,LOOSE SLEEVE TSHIRT STEEL BLUE XL,155700,0,4,0,149000,596000,0
Apr-2026,MAMU BTP,LOOSE SLEEVE TSHIRT MAMU,LOOSE SLEEVE TSHIRT STEEL BLUE XL,77850,4,0,0,149000,596000,596000
Mei-2026,MAMU BTP,LOOSE SLEEVE TSHIRT MAMU,LOOSE SLEEVE TSHIRT STEEL BLUE XL,77850,3,0,0,149000,447000,596000
Jun-2026,MAMU BTP,LOOSE SLEEVE TSHIRT MAMU,LOOSE SLEEVE TSHIRT STEEL BLUE XL,0,3,0,0,149000,447000,447000
Jul-2026,MAMU BTP,LOOSE SLEEVE TSHIRT MAMU,LOOSE SLEEVE TSHIRT STEEL BLUE XL,77850,2,0,0,149000,298000,447000
Agu-2026,MAMU BTP,LOOSE SLEEVE TSHIRT MAMU,LOOSE SLEEVE TSHIRT STEEL BLUE XL,77850,2,0,0,149000,298000,298000
Sep-2026,MAMU BTP,LOOSE SLEEVE TSHIRT MAMU,LOOSE SLEEVE TSHIRT STEEL BLUE XL,77850,0,0,0,149000,0,298000
Mar-2026,MAMU GOWA,LOOSE SLEEVE TSHIRT MAMU,LOOSE SLEEVE TSHIRT ABU MUDA L,77850,4,0,0,149000,596000,0
Apr-2026,MAMU GOWA,LOOSE SLEEVE TSHIRT MAMU,LOOSE SLEEVE TSHIRT ABU MUDA L,77850,10,0,0,149000,1490000,596000
Mei-2026,MAMU GOWA,LOOSE SLEEVE TSHIRT MAMU,LOOSE SLEEVE TSHIRT ABU MUDA L,77850,9,0,0,149000,1341000,1490000
Jun-2026,MAMU GOWA,LOOSE SLEEVE TSHIRT MAMU,LOOSE SLEEVE TSHIRT ABU MUDA L,0,9,0,0,149000,1341000,1341000
Jul-2026,MAMU GOWA,LOOSE SLEEVE TSHIRT MAMU,LOOSE SLEEVE TSHIRT ABU MUDA L,0,9,0,0,149000,1341000,1341000
Agu-2026,MAMU GOWA,LOOSE SLEEVE TSHIRT MAMU,LOOSE SLEEVE TSHIRT ABU MUDA L,77850,9,0,0,149000,1341000,1341000
Sep-2026,MAMU GOWA,LOOSE SLEEVE TSHIRT MAMU,LOOSE SLEEVE TSHIRT ABU MUDA L,77850,7,0,0,149000,1043000,1341000
Okt-2026,MAMU GOWA,LOOSE SLEEVE TSHIRT MAMU,LOOSE SLEEVE TSHIRT ABU MUDA L,0,7,0,0,149000,1043000,1043000
Mar-2026,MAMU GOWA,LOOSE SLEEVE TSHIRT MAMU,LOOSE SLEEVE TSHIRT ABU MUDA M,233550,2,0,0,149000,298000,0
Apr-2026,MAMU GOWA,LOOSE SLEEVE TSHIRT MAMU,LOOSE SLEEVE TSHIRT ABU MUDA M,77850,11,0,0,149000,1639000,298000
Mei-2026,MAMU GOWA,LOOSE SLEEVE TSHIRT MAMU,LOOSE SLEEVE TSHIRT ABU MUDA M,0,11,0,0,149000,1639000,1639000
Jun-2026,MAMU GOWA,LOOSE SLEEVE TSHIRT MAMU,LOOSE SLEEVE TSHIRT ABU MUDA M,77850,10,0,0,149000,1490000,1639000
Jul-2026,MAMU GOWA,LOOSE SLEEVE TSHIRT MAMU,LOOSE SLEEVE TSHIRT ABU MUDA M,233550,8,0,0,149000,1192000,1490000
Agu-2026,MAMU GOWA,LOOSE SLEEVE TSHIRT MAMU,LOOSE SLEEVE TSHIRT ABU MUDA M,155700,8,0,0,149000,1192000,1192000
Sep-2026,MAMU GOWA,LOOSE SLEEVE TSHIRT MAMU,LOOSE SLEEVE TSHIRT ABU MUDA M,0,8,0,0,149000,1192000,1192000
Okt-2026,MAMU GOWA,LOOSE SLEEVE TSHIRT MAMU,LOOSE SLEEVE TSHIRT ABU MUDA M,0,8,0,0,149000,1192000,1192000
Mar-2026,MAMU GOWA,LOOSE SLEEVE TSHIRT MAMU,LOOSE SLEEVE TSHIRT ABU MUDA S,77850,4,0,0,149000,596000,0
Apr-2026,MAMU GOWA,LOOSE SLEEVE TSHIRT MAMU,LOOSE SLEEVE TSHIRT ABU MUDA S,155700,12,0,0,149000,1788000,596000
Mei-2026,MAMU GOWA,LOOSE SLEEVE TSHIRT MAMU,LOOSE SLEEVE TSHIRT ABU MUDA S,0,12,0,0,149000,1788000,1788000
Jun-2026,MAMU GOWA,LOOSE SLEEVE TSHIRT MAMU,LOOSE SLEEVE TSHIRT ABU MUDA S,77850,11,0,0,149000,1639000,1788000
Jul-2026,MAMU GOWA,LOOSE SLEEVE TSHIRT MAMU,LOOSE SLEEVE TSHIRT ABU MUDA S,0,11,0,0,149000,1639000,1639000
Agu-2026,MAMU GOWA,LOOSE SLEEVE TSHIRT MAMU,LOOSE SLEEVE TSHIRT ABU MUDA S,155700,12,0,0,149000,1788000,1639000
Sep-2026,MAMU GOWA,LOOSE SLEEVE TSHIRT MAMU,LOOSE SLEEVE TSHIRT ABU MUDA S,0,12,0,0,149000,1788000,1788000
Okt-2026,MAMU GOWA,LOOSE SLEEVE TSHIRT MAMU,LOOSE SLEEVE TSHIRT ABU MUDA S,0,12,0,0,149000,1788000,1788000
Mei-2026,MAMU GOWA,LOOSE SLEEVE TSHIRT MAMU,LOOSE SLEEVE TSHIRT ABU MUDA XL,0,1,0,0,149000,149000,0
Jun-2026,MAMU GOWA,LOOSE SLEEVE TSHIRT MAMU,LOOSE SLEEVE TSHIRT ABU MUDA XL,0,0,0,0,149000,0,149000
Mar-2026,MAMU GOWA,LOOSE SLEEVE TSHIRT MAMU,LOOSE SLEEVE TSHIRT BLACK L,77850,4,0,0,149000,596000,0
Apr-2026,MAMU GOWA,LOOSE SLEEVE TSHIRT MAMU,LOOSE SLEEVE TSHIRT BLACK L,0,14,0,0,149000,2086000,596000
Mei-2026,MAMU GOWA,LOOSE SLEEVE TSHIRT MAMU,LOOSE SLEEVE TSHIRT BLACK L,155700,12,0,0,149000,1788000,2086000
Jun-2026,MAMU GOWA,LOOSE SLEEVE TSHIRT MAMU,LOOSE SLEEVE TSHIRT BLACK L,143724,11,0,0,149000,1639000,1788000
Jul-2026,MAMU GOWA,LOOSE SLEEVE TSHIRT MAMU,LOOSE SLEEVE TSHIRT BLACK L,0,10,0,0,149000,1490000,1639000
Agu-2026,MAMU GOWA,LOOSE SLEEVE TSHIRT MAMU,LOOSE SLEEVE TSHIRT BLACK L,0,13,0,0,149000,1937000,1490000
Sep-2026,MAMU GOWA,LOOSE SLEEVE TSHIRT MAMU,LOOSE SLEEVE TSHIRT BLACK L,73244,12,0,0,149000,1788000,1937000
Okt-2026,MAMU GOWA,LOOSE SLEEVE TSHIRT MAMU,LOOSE SLEEVE TSHIRT BLACK L,0,11,0,0,149000,1639000,1788000
Mar-2026,MAMU GOWA,LOOSE SLEEVE TSHIRT MAMU,LOOSE SLEEVE TSHIRT BLACK M,389250,4,0,0,149000,596000,0
Apr-2026,MAMU GOWA,LOOSE SLEEVE TSHIRT MAMU,LOOSE SLEEVE TSHIRT BLACK M,0,14,0,0,149000,2086000,596000
Mei-2026,MAMU GOWA,LOOSE SLEEVE TSHIRT MAMU,LOOSE SLEEVE TSHIRT BLACK M,77850,13,0,0,149000,1937000,2086000
Jun-2026,MAMU GOWA,LOOSE SLEEVE TSHIRT MAMU,LOOSE SLEEVE TSHIRT BLACK M,155700,9,0,0,149000,1341000,1937000
Jul-2026,MAMU GOWA,LOOSE SLEEVE TSHIRT MAMU,LOOSE SLEEVE TSHIRT BLACK M,77850,9,0,0,149000,1341000,1341000
Agu-2026,MAMU GOWA,LOOSE SLEEVE TSHIRT MAMU,LOOSE SLEEVE TSHIRT BLACK M,467100,7,0,0,149000,1043000,1341000
Sep-2026,MAMU GOWA,LOOSE SLEEVE TSHIRT MAMU,LOOSE SLEEVE TSHIRT BLACK M,0,5,0,0,149000,745000,1043000
Okt-2026,MAMU GOWA,LOOSE SLEEVE TSHIRT MAMU,LOOSE SLEEVE TSHIRT BLACK M,0,5,0,0,149000,745000,745000
Mar-2026,MAMU GOWA,LOOSE SLEEVE TSHIRT MAMU,LOOSE SLEEVE TSHIRT BLACK S,155700,8,0,0,149000,1192000,0
Apr-2026,MAMU GOWA,LOOSE SLEEVE TSHIRT MAMU,LOOSE SLEEVE TSHIRT BLACK S,0,8,0,0,149000,1192000,1192000
Mei-2026,MAMU GOWA,LOOSE SLEEVE TSHIRT MAMU,LOOSE SLEEVE TSHIRT BLACK S,0,8,0,0,149000,1192000,1192000
Jun-2026,MAMU GOWA,LOOSE SLEEVE TSHIRT MAMU,LOOSE SLEEVE TSHIRT BLACK S,77850,8,0,0,149000,1192000,1192000
Jul-2026,MAMU GOWA,LOOSE SLEEVE TSHIRT MAMU,LOOSE SLEEVE TSHIRT BLACK S,139157,7,0,0,149000,1043000,1192000
Agu-2026,MAMU GOWA,LOOSE SLEEVE TSHIRT MAMU,LOOSE SLEEVE TSHIRT BLACK S,213114,7,0,0,149000,1043000,1043000
Sep-2026,MAMU GOWA,LOOSE SLEEVE TSHIRT MAMU,LOOSE SLEEVE TSHIRT BLACK S,0,6,0,0,149000,894000,1043000
Okt-2026,MAMU GOWA,LOOSE SLEEVE TSHIRT MAMU,LOOSE SLEEVE TSHIRT BLACK S,0,6,0,0,149000,894000,894000
Mar-2026,MAMU GOWA,LOOSE SLEEVE TSHIRT MAMU,LOOSE SLEEVE TSHIRT BLACK XL,0,3,0,0,149000,447000,0
Apr-2026,MAMU GOWA,LOOSE SLEEVE TSHIRT MAMU,LOOSE SLEEVE TSHIRT BLACK XL,77850,3,0,0,149000,447000,447000
Mei-2026,MAMU GOWA,LOOSE SLEEVE TSHIRT MAMU,LOOSE SLEEVE TSHIRT BLACK XL,0,3,0,0,149000,447000,447000
Jun-2026,MAMU GOWA,LOOSE SLEEVE TSHIRT MAMU,LOOSE SLEEVE TSHIRT BLACK XL,77850,2,0,0,149000,298000,447000
Jul-2026,MAMU GOWA,LOOSE SLEEVE TSHIRT MAMU,LOOSE SLEEVE TSHIRT BLACK XL,0,2,0,0,149000,298000,298000
Agu-2026,MAMU GOWA,LOOSE SLEEVE TSHIRT MAMU,LOOSE SLEEVE TSHIRT BLACK XL,77850,1,0,0,149000,149000,298000
Sep-2026,MAMU GOWA,LOOSE SLEEVE TSHIRT MAMU,LOOSE SLEEVE TSHIRT BLACK XL,77850,0,0,0,149000,0,149000
Mar-2026,MAMU GOWA,LOOSE SLEEVE TSHIRT MAMU,LOOSE SLEEVE TSHIRT ERMINE L,233550,2,0,0,149000,298000,0
Apr-2026,MAMU GOWA,LOOSE SLEEVE TSHIRT MAMU,LOOSE SLEEVE TSHIRT ERMINE L,155700,5,0,0,149000,745000,298000
Mei-2026,MAMU GOWA,LOOSE SLEEVE TSHIRT MAMU,LOOSE SLEEVE TSHIRT ERMINE L,77850,4,0,0,149000,596000,745000
Jun-2026,MAMU GOWA,LOOSE SLEEVE TSHIRT MAMU,LOOSE SLEEVE TSHIRT ERMINE L,0,4,0,0,149000,596000,596000
Jul-2026,MAMU GOWA,LOOSE SLEEVE TSHIRT MAMU,LOOSE SLEEVE TSHIRT ERMINE L,77850,3,0,0,149000,447000,596000
Agu-2026,MAMU GOWA,LOOSE SLEEVE TSHIRT MAMU,LOOSE SLEEVE TSHIRT ERMINE L,77850,3,0,0,149000,447000,447000
Sep-2026,MAMU GOWA,LOOSE SLEEVE TSHIRT MAMU,LOOSE SLEEVE TSHIRT ERMINE L,77850,1,0,0,149000,149000,447000
Okt-2026,MAMU GOWA,LOOSE SLEEVE TSHIRT MAMU,LOOSE SLEEVE TSHIRT ERMINE L,0,1,0,0,149000,149000,149000
Mar-2026,MAMU GOWA,LOOSE SLEEVE TSHIRT MAMU,LOOSE SLEEVE TSHIRT ERMINE M,155700,3,0,0,149000,447000,0
Apr-2026,MAMU GOWA,LOOSE SLEEVE TSHIRT MAMU,LOOSE SLEEVE TSHIRT ERMINE M,77850,12,0,0,149000,1788000,447000
Mei-2026,MAMU GOWA,LOOSE SLEEVE TSHIRT MAMU,LOOSE SLEEVE TSHIRT ERMINE M,77850,11,0,0,149000,1639000,1788000
Jun-2026,MAMU GOWA,LOOSE SLEEVE TSHIRT MAMU,LOOSE SLEEVE TSHIRT ERMINE M,77850,10,0,0,149000,1490000,1639000
Jul-2026,MAMU GOWA,LOOSE SLEEVE TSHIRT MAMU,LOOSE SLEEVE TSHIRT ERMINE M,155700,10,0,0,149000,1490000,1490000
Agu-2026,MAMU GOWA,LOOSE SLEEVE TSHIRT MAMU,LOOSE SLEEVE TSHIRT ERMINE M,155700,9,0,0,149000,1341000,1490000
Sep-2026,MAMU GOWA,LOOSE SLEEVE TSHIRT MAMU,LOOSE SLEEVE TSHIRT ERMINE M,0,9,0,0,149000,1341000,1341000
Okt-2026,MAMU GOWA,LOOSE SLEEVE TSHIRT MAMU,LOOSE SLEEVE TSHIRT ERMINE M,0,9,0,0,149000,1341000,1341000
Mar-2026,MAMU GOWA,LOOSE SLEEVE TSHIRT MAMU,LOOSE SLEEVE TSHIRT ERMINE S,155700,3,0,0,149000,447000,0
Apr-2026,MAMU GOWA,LOOSE SLEEVE TSHIRT MAMU,LOOSE SLEEVE TSHIRT ERMINE S,0,13,0,0,149000,1937000,447000
Mei-2026,MAMU GOWA,LOOSE SLEEVE TSHIRT MAMU,LOOSE SLEEVE TSHIRT ERMINE S,77850,12,0,0,149000,1788000,1937000
Jun-2026,MAMU GOWA,LOOSE SLEEVE TSHIRT MAMU,LOOSE SLEEVE TSHIRT ERMINE S,77850,11,0,0,149000,1639000,1788000
Jul-2026,MAMU GOWA,LOOSE SLEEVE TSHIRT MAMU,LOOSE SLEEVE TSHIRT ERMINE S,233550,8,0,0,149000,1192000,1639000
Agu-2026,MAMU GOWA,LOOSE SLEEVE TSHIRT MAMU,LOOSE SLEEVE TSHIRT ERMINE S,155700,8,0,0,149000,1192000,1192000
Sep-2026,MAMU GOWA,LOOSE SLEEVE TSHIRT MAMU,LOOSE SLEEVE TSHIRT ERMINE S,0,8,0,0,149000,1192000,1192000
Okt-2026,MAMU GOWA,LOOSE SLEEVE TSHIRT MAMU,LOOSE SLEEVE TSHIRT ERMINE S,0,8,0,0,149000,1192000,1192000
Mar-2026,MAMU GOWA,LOOSE SLEEVE TSHIRT MAMU,LOOSE SLEEVE TSHIRT ERMINE XL,0,2,0,0,149000,298000,0
Apr-2026,MAMU GOWA,LOOSE SLEEVE TSHIRT MAMU,LOOSE SLEEVE TSHIRT ERMINE XL,0,3,0,0,149000,447000,298000
Mei-2026,MAMU GOWA,LOOSE SLEEVE TSHIRT MAMU,LOOSE SLEEVE TSHIRT ERMINE XL,0,1,0,0,149000,149000,447000
Jun-2026,MAMU GOWA,LOOSE SLEEVE TSHIRT MAMU,LOOSE SLEEVE TSHIRT ERMINE XL,77850,0,0,0,149000,0,149000
Mar-2026,MAMU GOWA,LOOSE SLEEVE TSHIRT MAMU,LOOSE SLEEVE TSHIRT STEEL BLUE L,77850,4,0,0,149000,596000,0
Apr-2026,MAMU GOWA,LOOSE SLEEVE TSHIRT MAMU,LOOSE SLEEVE TSHIRT STEEL BLUE L,0,6,0,0,149000,894000,596000
Mei-2026,MAMU GOWA,LOOSE SLEEVE TSHIRT MAMU,LOOSE SLEEVE TSHIRT STEEL BLUE L,77850,5,0,0,149000,745000,894000
Jun-2026,MAMU GOWA,LOOSE SLEEVE TSHIRT MAMU,LOOSE SLEEVE TSHIRT STEEL BLUE L,0,5,0,0,149000,745000,745000
Jul-2026,MAMU GOWA,LOOSE SLEEVE TSHIRT MAMU,LOOSE SLEEVE TSHIRT STEEL BLUE L,0,5,0,0,149000,745000,745000
Agu-2026,MAMU GOWA,LOOSE SLEEVE TSHIRT MAMU,LOOSE SLEEVE TSHIRT STEEL BLUE L,77850,5,0,0,149000,745000,745000
Sep-2026,MAMU GOWA,LOOSE SLEEVE TSHIRT MAMU,LOOSE SLEEVE TSHIRT STEEL BLUE L,77850,3,0,0,149000,447000,745000
Okt-2026,MAMU GOWA,LOOSE SLEEVE TSHIRT MAMU,LOOSE SLEEVE TSHIRT STEEL BLUE L,0,3,0,0,149000,447000,447000
Mar-2026,MAMU GOWA,LOOSE SLEEVE TSHIRT MAMU,LOOSE SLEEVE TSHIRT STEEL BLUE M,155700,3,0,0,149000,447000,0
Apr-2026,MAMU GOWA,LOOSE SLEEVE TSHIRT MAMU,LOOSE SLEEVE TSHIRT STEEL BLUE M,77850,12,0,0,149000,1788000,447000
Mei-2026,MAMU GOWA,LOOSE SLEEVE TSHIRT MAMU,LOOSE SLEEVE TSHIRT STEEL BLUE M,155700,10,0,0,149000,1490000,1788000
Jun-2026,MAMU GOWA,LOOSE SLEEVE TSHIRT MAMU,LOOSE SLEEVE TSHIRT STEEL BLUE M,0,10,0,0,149000,1490000,1490000
Jul-2026,MAMU GOWA,LOOSE SLEEVE TSHIRT MAMU,LOOSE SLEEVE TSHIRT STEEL BLUE M,155700,9,0,0,149000,1341000,1490000
Agu-2026,MAMU GOWA,LOOSE SLEEVE TSHIRT MAMU,LOOSE SLEEVE TSHIRT STEEL BLUE M,233550,8,0,0,149000,1192000,1341000
Sep-2026,MAMU GOWA,LOOSE SLEEVE TSHIRT MAMU,LOOSE SLEEVE TSHIRT STEEL BLUE M,77850,6,0,0,149000,894000,1192000
Okt-2026,MAMU GOWA,LOOSE SLEEVE TSHIRT MAMU,LOOSE SLEEVE TSHIRT STEEL BLUE M,0,6,0,0,149000,894000,894000
Mar-2026,MAMU GOWA,LOOSE SLEEVE TSHIRT MAMU,LOOSE SLEEVE TSHIRT STEEL BLUE S,155700,8,0,0,149000,1192000,0
Apr-2026,MAMU GOWA,LOOSE SLEEVE TSHIRT MAMU,LOOSE SLEEVE TSHIRT STEEL BLUE S,155700,6,0,0,149000,894000,1192000
Mei-2026,MAMU GOWA,LOOSE SLEEVE TSHIRT MAMU,LOOSE SLEEVE TSHIRT STEEL BLUE S,0,6,0,0,149000,894000,894000
Jun-2026,MAMU GOWA,LOOSE SLEEVE TSHIRT MAMU,LOOSE SLEEVE TSHIRT STEEL BLUE S,77850,5,0,0,149000,745000,894000
Jul-2026,MAMU GOWA,LOOSE SLEEVE TSHIRT MAMU,LOOSE SLEEVE TSHIRT STEEL BLUE S,77850,5,0,0,149000,745000,745000
Agu-2026,MAMU GOWA,LOOSE SLEEVE TSHIRT MAMU,LOOSE SLEEVE TSHIRT STEEL BLUE S,0,6,0,0,149000,894000,745000
Sep-2026,MAMU GOWA,LOOSE SLEEVE TSHIRT MAMU,LOOSE SLEEVE TSHIRT STEEL BLUE S,77850,5,0,0,149000,745000,894000
Okt-2026,MAMU GOWA,LOOSE SLEEVE TSHIRT MAMU,LOOSE SLEEVE TSHIRT STEEL BLUE S,0,5,0,0,149000,745000,745000
Mar-2026,MAMU GOWA,LOOSE SLEEVE TSHIRT MAMU,LOOSE SLEEVE TSHIRT STEEL BLUE XL,155700,0,0,0,149000,0,0
Apr-2026,MAMU GOWA,LOOSE SLEEVE TSHIRT MAMU,LOOSE SLEEVE TSHIRT STEEL BLUE XL,0,1,0,0,149000,149000,0
Mei-2026,MAMU GOWA,LOOSE SLEEVE TSHIRT MAMU,LOOSE SLEEVE TSHIRT STEEL BLUE XL,0,1,0,0,149000,149000,149000
Jun-2026,MAMU GOWA,LOOSE SLEEVE TSHIRT MAMU,LOOSE SLEEVE TSHIRT STEEL BLUE XL,0,1,0,0,149000,149000,149000
Jul-2026,MAMU GOWA,LOOSE SLEEVE TSHIRT MAMU,LOOSE SLEEVE TSHIRT STEEL BLUE XL,0,1,0,0,149000,149000,149000
Agu-2026,MAMU GOWA,LOOSE SLEEVE TSHIRT MAMU,LOOSE SLEEVE TSHIRT STEEL BLUE XL,77850,0,0,0,149000,0,149000
Apr-2026,MAMU KENDARI,LOOSE SLEEVE TSHIRT MAMU,LOOSE SLEEVE TSHIRT ABU MUDA L,0,1,0,0,149000,149000,0
Mei-2026,MAMU KENDARI,LOOSE SLEEVE TSHIRT MAMU,LOOSE SLEEVE TSHIRT ABU MUDA L,0,1,0,0,149000,149000,149000
Jun-2026,MAMU KENDARI,LOOSE SLEEVE TSHIRT MAMU,LOOSE SLEEVE TSHIRT ABU MUDA L,0,1,0,0,149000,149000,149000
Jul-2026,MAMU KENDARI,LOOSE SLEEVE TSHIRT MAMU,LOOSE SLEEVE TSHIRT ABU MUDA L,77850,1,0,0,149000,149000,149000
Agu-2026,MAMU KENDARI,LOOSE SLEEVE TSHIRT MAMU,LOOSE SLEEVE TSHIRT ABU MUDA L,0,0,0,0,149000,0,149000
Apr-2026,MAMU KENDARI,LOOSE SLEEVE TSHIRT MAMU,LOOSE SLEEVE TSHIRT ABU MUDA M,0,3,0,0,149000,447000,0
Mei-2026,MAMU KENDARI,LOOSE SLEEVE TSHIRT MAMU,LOOSE SLEEVE TSHIRT ABU MUDA M,0,3,0,0,149000,447000,447000
Jun-2026,MAMU KENDARI,LOOSE SLEEVE TSHIRT MAMU,LOOSE SLEEVE TSHIRT ABU MUDA M,77850,2,0,0,149000,298000,447000
Jul-2026,MAMU KENDARI,LOOSE SLEEVE TSHIRT MAMU,LOOSE SLEEVE TSHIRT ABU MUDA M,0,2,0,0,149000,298000,298000
Agu-2026,MAMU KENDARI,LOOSE SLEEVE TSHIRT MAMU,LOOSE SLEEVE TSHIRT ABU MUDA M,0,2,0,0,149000,298000,298000
Sep-2026,MAMU KENDARI,LOOSE SLEEVE TSHIRT MAMU,LOOSE SLEEVE TSHIRT ABU MUDA M,0,2,0,0,149000,298000,298000
Okt-2026,MAMU KENDARI,LOOSE SLEEVE TSHIRT MAMU,LOOSE SLEEVE TSHIRT ABU MUDA M,0,2,0,0,149000,298000,298000
Apr-2026,MAMU KENDARI,LOOSE SLEEVE TSHIRT MAMU,LOOSE SLEEVE TSHIRT ABU MUDA S,0,3,0,0,149000,447000,0
Mei-2026,MAMU KENDARI,LOOSE SLEEVE TSHIRT MAMU,LOOSE SLEEVE TSHIRT ABU MUDA S,0,3,0,0,149000,447000,447000
Jun-2026,MAMU KENDARI,LOOSE SLEEVE TSHIRT MAMU,LOOSE SLEEVE TSHIRT ABU MUDA S,0,3,0,0,149000,447000,447000
Jul-2026,MAMU KENDARI,LOOSE SLEEVE TSHIRT MAMU,LOOSE SLEEVE TSHIRT ABU MUDA S,0,3,0,0,149000,447000,447000
Agu-2026,MAMU KENDARI,LOOSE SLEEVE TSHIRT MAMU,LOOSE SLEEVE TSHIRT ABU MUDA S,0,3,0,0,149000,447000,447000
Sep-2026,MAMU KENDARI,LOOSE SLEEVE TSHIRT MAMU,LOOSE SLEEVE TSHIRT ABU MUDA S,0,3,0,0,149000,447000,447000
Okt-2026,MAMU KENDARI,LOOSE SLEEVE TSHIRT MAMU,LOOSE SLEEVE TSHIRT ABU MUDA S,0,3,0,0,149000,447000,447000
Apr-2026,MAMU KENDARI,LOOSE SLEEVE TSHIRT MAMU,LOOSE SLEEVE TSHIRT BLACK L,0,3,0,0,149000,447000,0
Mei-2026,MAMU KENDARI,LOOSE SLEEVE TSHIRT MAMU,LOOSE SLEEVE TSHIRT BLACK L,0,3,0,0,149000,447000,447000
Jun-2026,MAMU KENDARI,LOOSE SLEEVE TSHIRT MAMU,LOOSE SLEEVE TSHIRT BLACK L,0,3,0,0,149000,447000,447000
Jul-2026,MAMU KENDARI,LOOSE SLEEVE TSHIRT MAMU,LOOSE SLEEVE TSHIRT BLACK L,77850,2,0,0,149000,298000,447000
Agu-2026,MAMU KENDARI,LOOSE SLEEVE TSHIRT MAMU,LOOSE SLEEVE TSHIRT BLACK L,77850,1,0,0,149000,149000,298000
Sep-2026,MAMU KENDARI,LOOSE SLEEVE TSHIRT MAMU,LOOSE SLEEVE TSHIRT BLACK L,77850,0,0,0,149000,0,149000
Apr-2026,MAMU KENDARI,LOOSE SLEEVE TSHIRT MAMU,LOOSE SLEEVE TSHIRT BLACK M,0,3,0,0,149000,447000,0
Mei-2026,MAMU KENDARI,LOOSE SLEEVE TSHIRT MAMU,LOOSE SLEEVE TSHIRT BLACK M,0,3,0,0,149000,447000,447000
Jun-2026,MAMU KENDARI,LOOSE SLEEVE TSHIRT MAMU,LOOSE SLEEVE TSHIRT BLACK M,0,3,0,0,149000,447000,447000
Jul-2026,MAMU KENDARI,LOOSE SLEEVE TSHIRT MAMU,LOOSE SLEEVE TSHIRT BLACK M,0,3,0,0,149000,447000,447000
Agu-2026,MAMU KENDARI,LOOSE SLEEVE TSHIRT MAMU,LOOSE SLEEVE TSHIRT BLACK M,77850,2,0,0,149000,298000,447000
Sep-2026,MAMU KENDARI,LOOSE SLEEVE TSHIRT MAMU,LOOSE SLEEVE TSHIRT BLACK M,233550,0,0,0,149000,0,298000
Apr-2026,MAMU KENDARI,LOOSE SLEEVE TSHIRT MAMU,LOOSE SLEEVE TSHIRT BLACK S,0,3,0,0,149000,447000,0
Mei-2026,MAMU KENDARI,LOOSE SLEEVE TSHIRT MAMU,LOOSE SLEEVE TSHIRT BLACK S,77850,2,0,0,149000,298000,447000
Jun-2026,MAMU KENDARI,LOOSE SLEEVE TSHIRT MAMU,LOOSE SLEEVE TSHIRT BLACK S,0,2,0,0,149000,298000,298000
Jul-2026,MAMU KENDARI,LOOSE SLEEVE TSHIRT MAMU,LOOSE SLEEVE TSHIRT BLACK S,0,2,0,0,149000,298000,298000
Agu-2026,MAMU KENDARI,LOOSE SLEEVE TSHIRT MAMU,LOOSE SLEEVE TSHIRT BLACK S,0,2,0,0,149000,298000,298000
Sep-2026,MAMU KENDARI,LOOSE SLEEVE TSHIRT MAMU,LOOSE SLEEVE TSHIRT BLACK S,0,2,0,0,149000,298000,298000
Okt-2026,MAMU KENDARI,LOOSE SLEEVE TSHIRT MAMU,LOOSE SLEEVE TSHIRT BLACK S,0,2,0,0,149000,298000,298000
Apr-2026,MAMU KENDARI,LOOSE SLEEVE TSHIRT MAMU,LOOSE SLEEVE TSHIRT ERMINE L,0,1,0,0,149000,149000,0
Mei-2026,MAMU KENDARI,LOOSE SLEEVE TSHIRT MAMU,LOOSE SLEEVE TSHIRT ERMINE L,0,1,0,0,149000,149000,149000
Jun-2026,MAMU KENDARI,LOOSE SLEEVE TSHIRT MAMU,LOOSE SLEEVE TSHIRT ERMINE L,0,1,0,0,149000,149000,149000
Jul-2026,MAMU KENDARI,LOOSE SLEEVE TSHIRT MAMU,LOOSE SLEEVE TSHIRT ERMINE L,0,1,0,0,149000,149000,149000
Agu-2026,MAMU KENDARI,LOOSE SLEEVE TSHIRT MAMU,LOOSE SLEEVE TSHIRT ERMINE L,77850,0,0,0,149000,0,149000
Apr-2026,MAMU KENDARI,LOOSE SLEEVE TSHIRT MAMU,LOOSE SLEEVE TSHIRT ERMINE M,0,3,0,0,149000,447000,0
Mei-2026,MAMU KENDARI,LOOSE SLEEVE TSHIRT MAMU,LOOSE SLEEVE TSHIRT ERMINE M,77850,2,0,0,149000,298000,447000
Jun-2026,MAMU KENDARI,LOOSE SLEEVE TSHIRT MAMU,LOOSE SLEEVE TSHIRT ERMINE M,0,2,0,0,149000,298000,298000
Jul-2026,MAMU KENDARI,LOOSE SLEEVE TSHIRT MAMU,LOOSE SLEEVE TSHIRT ERMINE M,77850,1,0,0,149000,149000,298000
Agu-2026,MAMU KENDARI,LOOSE SLEEVE TSHIRT MAMU,LOOSE SLEEVE TSHIRT ERMINE M,0,1,0,0,149000,149000,149000
Sep-2026,MAMU KENDARI,LOOSE SLEEVE TSHIRT MAMU,LOOSE SLEEVE TSHIRT ERMINE M,0,1,0,0,149000,149000,149000
Okt-2026,MAMU KENDARI,LOOSE SLEEVE TSHIRT MAMU,LOOSE SLEEVE TSHIRT ERMINE M,0,1,0,0,149000,149000,149000
Apr-2026,MAMU KENDARI,LOOSE SLEEVE TSHIRT MAMU,LOOSE SLEEVE TSHIRT ERMINE S,0,3,0,0,149000,447000,0
Mei-2026,MAMU KENDARI,LOOSE SLEEVE TSHIRT MAMU,LOOSE SLEEVE TSHIRT ERMINE S,0,3,0,0,149000,447000,447000
Jun-2026,MAMU KENDARI,LOOSE SLEEVE TSHIRT MAMU,LOOSE SLEEVE TSHIRT ERMINE S,0,3,0,0,149000,447000,447000
Jul-2026,MAMU KENDARI,LOOSE SLEEVE TSHIRT MAMU,LOOSE SLEEVE TSHIRT ERMINE S,77850,2,0,0,149000,298000,447000
Agu-2026,MAMU KENDARI,LOOSE SLEEVE TSHIRT MAMU,LOOSE SLEEVE TSHIRT ERMINE S,0,2,0,0,149000,298000,298000
Sep-2026,MAMU KENDARI,LOOSE SLEEVE TSHIRT MAMU,LOOSE SLEEVE TSHIRT ERMINE S,0,2,0,0,149000,298000,298000
Okt-2026,MAMU KENDARI,LOOSE SLEEVE TSHIRT MAMU,LOOSE SLEEVE TSHIRT ERMINE S,0,2,0,0,149000,298000,298000
Apr-2026,MAMU KENDARI,LOOSE SLEEVE TSHIRT MAMU,LOOSE SLEEVE TSHIRT STEEL BLUE L,0,1,0,0,149000,149000,0
Mei-2026,MAMU KENDARI,LOOSE SLEEVE TSHIRT MAMU,LOOSE SLEEVE TSHIRT STEEL BLUE L,0,1,0,0,149000,149000,149000
Jun-2026,MAMU KENDARI,LOOSE SLEEVE TSHIRT MAMU,LOOSE SLEEVE TSHIRT STEEL BLUE L,0,1,0,0,149000,149000,149000
Jul-2026,MAMU KENDARI,LOOSE SLEEVE TSHIRT MAMU,LOOSE SLEEVE TSHIRT STEEL BLUE L,0,1,0,0,149000,149000,149000
Agu-2026,MAMU KENDARI,LOOSE SLEEVE TSHIRT MAMU,LOOSE SLEEVE TSHIRT STEEL BLUE L,77850,0,0,0,149000,0,149000
Apr-2026,MAMU KENDARI,LOOSE SLEEVE TSHIRT MAMU,LOOSE SLEEVE TSHIRT STEEL BLUE M,0,3,0,0,149000,447000,0
Mei-2026,MAMU KENDARI,LOOSE SLEEVE TSHIRT MAMU,LOOSE SLEEVE TSHIRT STEEL BLUE M,0,3,0,0,149000,447000,447000
Jun-2026,MAMU KENDARI,LOOSE SLEEVE TSHIRT MAMU,LOOSE SLEEVE TSHIRT STEEL BLUE M,0,3,0,0,149000,447000,447000
Jul-2026,MAMU KENDARI,LOOSE SLEEVE TSHIRT MAMU,LOOSE SLEEVE TSHIRT STEEL BLUE M,0,3,0,0,149000,447000,447000
Agu-2026,MAMU KENDARI,LOOSE SLEEVE TSHIRT MAMU,LOOSE SLEEVE TSHIRT STEEL BLUE M,0,3,0,0,149000,447000,447000
Sep-2026,MAMU KENDARI,LOOSE SLEEVE TSHIRT MAMU,LOOSE SLEEVE TSHIRT STEEL BLUE M,0,3,0,0,149000,447000,447000
Okt-2026,MAMU KENDARI,LOOSE SLEEVE TSHIRT MAMU,LOOSE SLEEVE TSHIRT STEEL BLUE M,0,3,0,0,149000,447000,447000
Apr-2026,MAMU KENDARI,LOOSE SLEEVE TSHIRT MAMU,LOOSE SLEEVE TSHIRT STEEL BLUE S,0,3,0,0,149000,447000,0
Mei-2026,MAMU KENDARI,LOOSE SLEEVE TSHIRT MAMU,LOOSE SLEEVE TSHIRT STEEL BLUE S,0,3,0,0,149000,447000,447000
Jun-2026,MAMU KENDARI,LOOSE SLEEVE TSHIRT MAMU,LOOSE SLEEVE TSHIRT STEEL BLUE S,77850,2,0,0,149000,298000,447000
Jul-2026,MAMU KENDARI,LOOSE SLEEVE TSHIRT MAMU,LOOSE SLEEVE TSHIRT STEEL BLUE S,77850,1,0,0,149000,149000,298000
Agu-2026,MAMU KENDARI,LOOSE SLEEVE TSHIRT MAMU,LOOSE SLEEVE TSHIRT STEEL BLUE S,0,1,0,0,149000,149000,149000
Sep-2026,MAMU KENDARI,LOOSE SLEEVE TSHIRT MAMU,LOOSE SLEEVE TSHIRT STEEL BLUE S,0,1,0,0,149000,149000,149000
Okt-2026,MAMU KENDARI,LOOSE SLEEVE TSHIRT MAMU,LOOSE SLEEVE TSHIRT STEEL BLUE S,0,1,0,0,149000,149000,149000
Mar-2026,MAMU MAKASSAR,LOOSE SLEEVE TSHIRT MAMU,LOOSE SLEEVE TSHIRT ABU MUDA L,155700,11,0,0,149000,1639000,0
Apr-2026,MAMU MAKASSAR,LOOSE SLEEVE TSHIRT MAMU,LOOSE SLEEVE TSHIRT ABU MUDA L,77850,10,0,0,149000,1490000,1639000
Mei-2026,MAMU MAKASSAR,LOOSE SLEEVE TSHIRT MAMU,LOOSE SLEEVE TSHIRT ABU MUDA L,155700,8,0,0,149000,1192000,1490000
Jun-2026,MAMU MAKASSAR,LOOSE SLEEVE TSHIRT MAMU,LOOSE SLEEVE TSHIRT ABU MUDA L,311400,4,0,0,149000,596000,1192000
Jul-2026,MAMU MAKASSAR,LOOSE SLEEVE TSHIRT MAMU,LOOSE SLEEVE TSHIRT ABU MUDA L,311400,3,0,0,149000,447000,596000
Agu-2026,MAMU MAKASSAR,LOOSE SLEEVE TSHIRT MAMU,LOOSE SLEEVE TSHIRT ABU MUDA L,0,0,0,0,149000,0,447000
Mar-2026,MAMU MAKASSAR,LOOSE SLEEVE TSHIRT MAMU,LOOSE SLEEVE TSHIRT ABU MUDA M,155700,11,0,0,149000,1639000,0
Apr-2026,MAMU MAKASSAR,LOOSE SLEEVE TSHIRT MAMU,LOOSE SLEEVE TSHIRT ABU MUDA M,155700,9,0,0,149000,1341000,1639000
Mei-2026,MAMU MAKASSAR,LOOSE SLEEVE TSHIRT MAMU,LOOSE SLEEVE TSHIRT ABU MUDA M,155700,7,0,0,149000,1043000,1341000
Jun-2026,MAMU MAKASSAR,LOOSE SLEEVE TSHIRT MAMU,LOOSE SLEEVE TSHIRT ABU MUDA M,155700,5,0,0,149000,745000,1043000
Jul-2026,MAMU MAKASSAR,LOOSE SLEEVE TSHIRT MAMU,LOOSE SLEEVE TSHIRT ABU MUDA M,0,5,0,0,149000,745000,745000
Agu-2026,MAMU MAKASSAR,LOOSE SLEEVE TSHIRT MAMU,LOOSE SLEEVE TSHIRT ABU MUDA M,233550,2,0,0,149000,298000,745000
Sep-2026,MAMU MAKASSAR,LOOSE SLEEVE TSHIRT MAMU,LOOSE SLEEVE TSHIRT ABU MUDA M,77850,7,0,0,149000,1043000,298000
Okt-2026,MAMU MAKASSAR,LOOSE SLEEVE TSHIRT MAMU,LOOSE SLEEVE TSHIRT ABU MUDA M,77850,6,0,0,149000,894000,1043000
Mar-2026,MAMU MAKASSAR,LOOSE SLEEVE TSHIRT MAMU,LOOSE SLEEVE TSHIRT ABU MUDA S,155700,10,0,0,149000,1490000,0
Apr-2026,MAMU MAKASSAR,LOOSE SLEEVE TSHIRT MAMU,LOOSE SLEEVE TSHIRT ABU MUDA S,77850,9,0,0,149000,1341000,1490000
Mei-2026,MAMU MAKASSAR,LOOSE SLEEVE TSHIRT MAMU,LOOSE SLEEVE TSHIRT ABU MUDA S,389250,4,0,0,149000,596000,1341000
Jun-2026,MAMU MAKASSAR,LOOSE SLEEVE TSHIRT MAMU,LOOSE SLEEVE TSHIRT ABU MUDA S,155700,2,0,0,149000,298000,596000
Jul-2026,MAMU MAKASSAR,LOOSE SLEEVE TSHIRT MAMU,LOOSE SLEEVE TSHIRT ABU MUDA S,155700,2,0,0,149000,298000,298000
Agu-2026,MAMU MAKASSAR,LOOSE SLEEVE TSHIRT MAMU,LOOSE SLEEVE TSHIRT ABU MUDA S,77850,1,0,0,149000,149000,298000
Sep-2026,MAMU MAKASSAR,LOOSE SLEEVE TSHIRT MAMU,LOOSE SLEEVE TSHIRT ABU MUDA S,77850,4,0,0,149000,596000,149000
Okt-2026,MAMU MAKASSAR,LOOSE SLEEVE TSHIRT MAMU,LOOSE SLEEVE TSHIRT ABU MUDA S,0,4,0,0,149000,596000,596000
Mar-2026,MAMU MAKASSAR,LOOSE SLEEVE TSHIRT MAMU,LOOSE SLEEVE TSHIRT ABU MUDA XL,77850,1,0,0,149000,149000,0
Apr-2026,MAMU MAKASSAR,LOOSE SLEEVE TSHIRT MAMU,LOOSE SLEEVE TSHIRT ABU MUDA XL,77850,1,0,0,149000,149000,149000
Mei-2026,MAMU MAKASSAR,LOOSE SLEEVE TSHIRT MAMU,LOOSE SLEEVE TSHIRT ABU MUDA XL,77850,0,0,0,149000,0,149000
Mar-2026,MAMU MAKASSAR,LOOSE SLEEVE TSHIRT MAMU,LOOSE SLEEVE TSHIRT BLACK L,311400,9,0,0,149000,1341000,0
Apr-2026,MAMU MAKASSAR,LOOSE SLEEVE TSHIRT MAMU,LOOSE SLEEVE TSHIRT BLACK L,77850,8,0,0,149000,1192000,1341000
Mei-2026,MAMU MAKASSAR,LOOSE SLEEVE TSHIRT MAMU,LOOSE SLEEVE TSHIRT BLACK L,233550,5,0,0,149000,745000,1192000
Jun-2026,MAMU MAKASSAR,LOOSE SLEEVE TSHIRT MAMU,LOOSE SLEEVE TSHIRT BLACK L,155700,3,0,0,149000,447000,745000
Jul-2026,MAMU MAKASSAR,LOOSE SLEEVE TSHIRT MAMU,LOOSE SLEEVE TSHIRT BLACK L,155700,2,0,0,149000,298000,447000
Agu-2026,MAMU MAKASSAR,LOOSE SLEEVE TSHIRT MAMU,LOOSE SLEEVE TSHIRT BLACK L,77850,0,0,0,149000,0,298000
Mar-2026,MAMU MAKASSAR,LOOSE SLEEVE TSHIRT MAMU,LOOSE SLEEVE TSHIRT BLACK M,233550,32,0,0,149000,4768000,0
Apr-2026,MAMU MAKASSAR,LOOSE SLEEVE TSHIRT MAMU,LOOSE SLEEVE TSHIRT BLACK M,155700,30,0,0,149000,4470000,4768000
Mei-2026,MAMU MAKASSAR,LOOSE SLEEVE TSHIRT MAMU,LOOSE SLEEVE TSHIRT BLACK M,311400,8,0,0,149000,1192000,4470000
Jun-2026,MAMU MAKASSAR,LOOSE SLEEVE TSHIRT MAMU,LOOSE SLEEVE TSHIRT BLACK M,77850,7,0,0,149000,1043000,1192000
Jul-2026,MAMU MAKASSAR,LOOSE SLEEVE TSHIRT MAMU,LOOSE SLEEVE TSHIRT BLACK M,155700,5,0,0,149000,745000,1043000
Agu-2026,MAMU MAKASSAR,LOOSE SLEEVE TSHIRT MAMU,LOOSE SLEEVE TSHIRT BLACK M,467100,3,0,0,149000,447000,745000
Sep-2026,MAMU MAKASSAR,LOOSE SLEEVE TSHIRT MAMU,LOOSE SLEEVE TSHIRT BLACK M,389250,6,0,0,149000,894000,447000
Okt-2026,MAMU MAKASSAR,LOOSE SLEEVE TSHIRT MAMU,LOOSE SLEEVE TSHIRT BLACK M,77850,6,0,0,149000,894000,894000
Mar-2026,MAMU MAKASSAR,LOOSE SLEEVE TSHIRT MAMU,LOOSE SLEEVE TSHIRT BLACK S,77850,9,0,0,149000,1341000,0
Apr-2026,MAMU MAKASSAR,LOOSE SLEEVE TSHIRT MAMU,LOOSE SLEEVE TSHIRT BLACK S,0,9,0,0,149000,1341000,1341000
Mei-2026,MAMU MAKASSAR,LOOSE SLEEVE TSHIRT MAMU,LOOSE SLEEVE TSHIRT BLACK S,544950,2,5,0,149000,1043000,1341000
Jun-2026,MAMU MAKASSAR,LOOSE SLEEVE TSHIRT MAMU,LOOSE SLEEVE TSHIRT BLACK S,155700,5,0,0,149000,745000,1043000
Jul-2026,MAMU MAKASSAR,LOOSE SLEEVE TSHIRT MAMU,LOOSE SLEEVE TSHIRT BLACK S,233550,4,0,0,149000,596000,745000
Agu-2026,MAMU MAKASSAR,LOOSE SLEEVE TSHIRT MAMU,LOOSE SLEEVE TSHIRT BLACK S,77850,4,0,0,149000,596000,596000
Sep-2026,MAMU MAKASSAR,LOOSE SLEEVE TSHIRT MAMU,LOOSE SLEEVE TSHIRT BLACK S,233550,7,0,0,149000,1043000,596000
Okt-2026,MAMU MAKASSAR,LOOSE SLEEVE TSHIRT MAMU,LOOSE SLEEVE TSHIRT BLACK S,0,7,0,0,149000,1043000,1043000
Mar-2026,MAMU MAKASSAR,LOOSE SLEEVE TSHIRT MAMU,LOOSE SLEEVE TSHIRT BLACK XL,77850,4,0,0,149000,596000,0
Apr-2026,MAMU MAKASSAR,LOOSE SLEEVE TSHIRT MAMU,LOOSE SLEEVE TSHIRT BLACK XL,155700,2,0,0,149000,298000,596000
Mei-2026,MAMU MAKASSAR,LOOSE SLEEVE TSHIRT MAMU,LOOSE SLEEVE TSHIRT BLACK XL,155700,0,0,0,149000,0,298000
Mar-2026,MAMU MAKASSAR,LOOSE SLEEVE TSHIRT MAMU,LOOSE SLEEVE TSHIRT ERMINE L,233550,10,0,0,149000,1490000,0
Apr-2026,MAMU MAKASSAR,LOOSE SLEEVE TSHIRT MAMU,LOOSE SLEEVE TSHIRT ERMINE L,77850,9,0,0,149000,1341000,1490000
Mei-2026,MAMU MAKASSAR,LOOSE SLEEVE TSHIRT MAMU,LOOSE SLEEVE TSHIRT ERMINE L,389250,3,0,0,149000,447000,1341000
Jun-2026,MAMU MAKASSAR,LOOSE SLEEVE TSHIRT MAMU,LOOSE SLEEVE TSHIRT ERMINE L,77850,2,0,0,149000,298000,447000
Jul-2026,MAMU MAKASSAR,LOOSE SLEEVE TSHIRT MAMU,LOOSE SLEEVE TSHIRT ERMINE L,155700,0,0,0,149000,0,298000
Mar-2026,MAMU MAKASSAR,LOOSE SLEEVE TSHIRT MAMU,LOOSE SLEEVE TSHIRT ERMINE M,77850,24,0,0,149000,3576000,0
Apr-2026,MAMU MAKASSAR,LOOSE SLEEVE TSHIRT MAMU,LOOSE SLEEVE TSHIRT ERMINE M,77850,23,0,0,149000,3427000,3576000
Mei-2026,MAMU MAKASSAR,LOOSE SLEEVE TSHIRT MAMU,LOOSE SLEEVE TSHIRT ERMINE M,934200,11,0,0,149000,1639000,3427000
Jun-2026,MAMU MAKASSAR,LOOSE SLEEVE TSHIRT MAMU,LOOSE SLEEVE TSHIRT ERMINE M,311400,7,0,0,149000,1043000,1639000
Jul-2026,MAMU MAKASSAR,LOOSE SLEEVE TSHIRT MAMU,LOOSE SLEEVE TSHIRT ERMINE M,233550,6,0,0,149000,894000,1043000
Agu-2026,MAMU MAKASSAR,LOOSE SLEEVE TSHIRT MAMU,LOOSE SLEEVE TSHIRT ERMINE M,155700,3,0,0,149000,447000,894000
Sep-2026,MAMU MAKASSAR,LOOSE SLEEVE TSHIRT MAMU,LOOSE SLEEVE TSHIRT ERMINE M,77850,5,0,0,149000,745000,447000
Okt-2026,MAMU MAKASSAR,LOOSE SLEEVE TSHIRT MAMU,LOOSE SLEEVE TSHIRT ERMINE M,0,5,0,0,149000,745000,745000
Mar-2026,MAMU MAKASSAR,LOOSE SLEEVE TSHIRT MAMU,LOOSE SLEEVE TSHIRT ERMINE S,155700,23,0,0,149000,3427000,0
Apr-2026,MAMU MAKASSAR,LOOSE SLEEVE TSHIRT MAMU,LOOSE SLEEVE TSHIRT ERMINE S,77850,22,0,0,149000,3278000,3427000
Mei-2026,MAMU MAKASSAR,LOOSE SLEEVE TSHIRT MAMU,LOOSE SLEEVE TSHIRT ERMINE S,155700,9,0,0,149000,1341000,3278000
Jun-2026,MAMU MAKASSAR,LOOSE SLEEVE TSHIRT MAMU,LOOSE SLEEVE TSHIRT ERMINE S,77850,8,0,0,149000,1192000,1341000
Jul-2026,MAMU MAKASSAR,LOOSE SLEEVE TSHIRT MAMU,LOOSE SLEEVE TSHIRT ERMINE S,77850,8,0,0,149000,1192000,1192000
Agu-2026,MAMU MAKASSAR,LOOSE SLEEVE TSHIRT MAMU,LOOSE SLEEVE TSHIRT ERMINE S,155700,6,0,0,149000,894000,1192000
Sep-2026,MAMU MAKASSAR,LOOSE SLEEVE TSHIRT MAMU,LOOSE SLEEVE TSHIRT ERMINE S,77850,5,0,0,149000,745000,894000
Okt-2026,MAMU MAKASSAR,LOOSE SLEEVE TSHIRT MAMU,LOOSE SLEEVE TSHIRT ERMINE S,0,5,0,0,149000,745000,745000
Mar-2026,MAMU MAKASSAR,LOOSE SLEEVE TSHIRT MAMU,LOOSE SLEEVE TSHIRT ERMINE XL,155700,0,0,0,149000,0,0
Apr-2026,MAMU MAKASSAR,LOOSE SLEEVE TSHIRT MAMU,LOOSE SLEEVE TSHIRT ERMINE XL,77850,0,0,0,149000,0,0
Mar-2026,MAMU MAKASSAR,LOOSE SLEEVE TSHIRT MAMU,LOOSE SLEEVE TSHIRT STEEL BLUE L,77850,14,0,0,149000,2086000,0
Apr-2026,MAMU MAKASSAR,LOOSE SLEEVE TSHIRT MAMU,LOOSE SLEEVE TSHIRT STEEL BLUE L,155700,13,0,0,149000,1937000,2086000
Mei-2026,MAMU MAKASSAR,LOOSE SLEEVE TSHIRT MAMU,LOOSE SLEEVE TSHIRT STEEL BLUE L,155700,8,0,0,149000,1192000,1937000
Jun-2026,MAMU MAKASSAR,LOOSE SLEEVE TSHIRT MAMU,LOOSE SLEEVE TSHIRT STEEL BLUE L,77850,7,0,0,149000,1043000,1192000
Jul-2026,MAMU MAKASSAR,LOOSE SLEEVE TSHIRT MAMU,LOOSE SLEEVE TSHIRT STEEL BLUE L,544950,3,0,0,149000,447000,1043000
Agu-2026,MAMU MAKASSAR,LOOSE SLEEVE TSHIRT MAMU,LOOSE SLEEVE TSHIRT STEEL BLUE L,155700,1,0,0,149000,149000,447000
Sep-2026,MAMU MAKASSAR,LOOSE SLEEVE TSHIRT MAMU,LOOSE SLEEVE TSHIRT STEEL BLUE L,0,0,0,0,149000,0,149000
Mar-2026,MAMU MAKASSAR,LOOSE SLEEVE TSHIRT MAMU,LOOSE SLEEVE TSHIRT STEEL BLUE M,233550,21,0,0,149000,3129000,0
Apr-2026,MAMU MAKASSAR,LOOSE SLEEVE TSHIRT MAMU,LOOSE SLEEVE TSHIRT STEEL BLUE M,0,21,0,0,149000,3129000,3129000
Mei-2026,MAMU MAKASSAR,LOOSE SLEEVE TSHIRT MAMU,LOOSE SLEEVE TSHIRT STEEL BLUE M,544950,6,0,0,149000,894000,3129000
Jun-2026,MAMU MAKASSAR,LOOSE SLEEVE TSHIRT MAMU,LOOSE SLEEVE TSHIRT STEEL BLUE M,0,5,0,0,149000,745000,894000
Jul-2026,MAMU MAKASSAR,LOOSE SLEEVE TSHIRT MAMU,LOOSE SLEEVE TSHIRT STEEL BLUE M,155700,4,0,0,149000,596000,745000
Agu-2026,MAMU MAKASSAR,LOOSE SLEEVE TSHIRT MAMU,LOOSE SLEEVE TSHIRT STEEL BLUE M,77850,5,0,0,149000,745000,596000
Sep-2026,MAMU MAKASSAR,LOOSE SLEEVE TSHIRT MAMU,LOOSE SLEEVE TSHIRT STEEL BLUE M,155700,5,0,0,149000,745000,745000
Okt-2026,MAMU MAKASSAR,LOOSE SLEEVE TSHIRT MAMU,LOOSE SLEEVE TSHIRT STEEL BLUE M,77850,5,0,0,149000,745000,745000
Mar-2026,MAMU MAKASSAR,LOOSE SLEEVE TSHIRT MAMU,LOOSE SLEEVE TSHIRT STEEL BLUE S,155700,18,0,0,149000,2682000,0
Apr-2026,MAMU MAKASSAR,LOOSE SLEEVE TSHIRT MAMU,LOOSE SLEEVE TSHIRT STEEL BLUE S,0,18,0,0,149000,2682000,2682000
Mei-2026,MAMU MAKASSAR,LOOSE SLEEVE TSHIRT MAMU,LOOSE SLEEVE TSHIRT STEEL BLUE S,389250,8,0,0,149000,1192000,2682000
Jun-2026,MAMU MAKASSAR,LOOSE SLEEVE TSHIRT MAMU,LOOSE SLEEVE TSHIRT STEEL BLUE S,155700,6,0,0,149000,894000,1192000
Jul-2026,MAMU MAKASSAR,LOOSE SLEEVE TSHIRT MAMU,LOOSE SLEEVE TSHIRT STEEL BLUE S,233550,5,0,0,149000,745000,894000
Agu-2026,MAMU MAKASSAR,LOOSE SLEEVE TSHIRT MAMU,LOOSE SLEEVE TSHIRT STEEL BLUE S,77850,4,0,0,149000,596000,745000
Sep-2026,MAMU MAKASSAR,LOOSE SLEEVE TSHIRT MAMU,LOOSE SLEEVE TSHIRT STEEL BLUE S,0,8,0,0,149000,1192000,596000
Okt-2026,MAMU MAKASSAR,LOOSE SLEEVE TSHIRT MAMU,LOOSE SLEEVE TSHIRT STEEL BLUE S,0,8,0,0,149000,1192000,1192000
Mar-2026,MAMU MAKASSAR,LOOSE SLEEVE TSHIRT MAMU,LOOSE SLEEVE TSHIRT STEEL BLUE XL,0,2,0,0,149000,298000,0
Apr-2026,MAMU MAKASSAR,LOOSE SLEEVE TSHIRT MAMU,LOOSE SLEEVE TSHIRT STEEL BLUE XL,0,3,0,0,149000,447000,298000
Mei-2026,MAMU MAKASSAR,LOOSE SLEEVE TSHIRT MAMU,LOOSE SLEEVE TSHIRT STEEL BLUE XL,77850,2,0,0,149000,298000,447000
Jun-2026,MAMU MAKASSAR,LOOSE SLEEVE TSHIRT MAMU,LOOSE SLEEVE TSHIRT STEEL BLUE XL,155700,0,0,0,149000,0,298000
Apr-2026,MAMU PALOPO,LOOSE SLEEVE TSHIRT MAMU,LOOSE SLEEVE TSHIRT ABU MUDA L,0,1,0,0,149000,149000,0
Mei-2026,MAMU PALOPO,LOOSE SLEEVE TSHIRT MAMU,LOOSE SLEEVE TSHIRT ABU MUDA L,0,1,0,0,149000,149000,149000
Jun-2026,MAMU PALOPO,LOOSE SLEEVE TSHIRT MAMU,LOOSE SLEEVE TSHIRT ABU MUDA L,0,1,0,0,149000,149000,149000
Jul-2026,MAMU PALOPO,LOOSE SLEEVE TSHIRT MAMU,LOOSE SLEEVE TSHIRT ABU MUDA L,0,1,0,0,149000,149000,149000
Agu-2026,MAMU PALOPO,LOOSE SLEEVE TSHIRT MAMU,LOOSE SLEEVE TSHIRT ABU MUDA L,77850,0,0,0,149000,0,149000
Apr-2026,MAMU PALOPO,LOOSE SLEEVE TSHIRT MAMU,LOOSE SLEEVE TSHIRT ABU MUDA M,0,3,0,0,149000,447000,0
Mei-2026,MAMU PALOPO,LOOSE SLEEVE TSHIRT MAMU,LOOSE SLEEVE TSHIRT ABU MUDA M,0,3,0,0,149000,447000,447000
Jun-2026,MAMU PALOPO,LOOSE SLEEVE TSHIRT MAMU,LOOSE SLEEVE TSHIRT ABU MUDA M,0,3,0,0,149000,447000,447000
Jul-2026,MAMU PALOPO,LOOSE SLEEVE TSHIRT MAMU,LOOSE SLEEVE TSHIRT ABU MUDA M,0,3,0,0,149000,447000,447000
Agu-2026,MAMU PALOPO,LOOSE SLEEVE TSHIRT MAMU,LOOSE SLEEVE TSHIRT ABU MUDA M,0,3,0,0,149000,447000,447000
Sep-2026,MAMU PALOPO,LOOSE SLEEVE TSHIRT MAMU,LOOSE SLEEVE TSHIRT ABU MUDA M,0,3,0,0,149000,447000,447000
Okt-2026,MAMU PALOPO,LOOSE SLEEVE TSHIRT MAMU,LOOSE SLEEVE TSHIRT ABU MUDA M,0,3,0,0,149000,447000,447000
Apr-2026,MAMU PALOPO,LOOSE SLEEVE TSHIRT MAMU,LOOSE SLEEVE TSHIRT ABU MUDA S,0,3,0,0,149000,447000,0
Mei-2026,MAMU PALOPO,LOOSE SLEEVE TSHIRT MAMU,LOOSE SLEEVE TSHIRT ABU MUDA S,0,3,0,0,149000,447000,447000
Jun-2026,MAMU PALOPO,LOOSE SLEEVE TSHIRT MAMU,LOOSE SLEEVE TSHIRT ABU MUDA S,0,3,0,0,149000,447000,447000
Jul-2026,MAMU PALOPO,LOOSE SLEEVE TSHIRT MAMU,LOOSE SLEEVE TSHIRT ABU MUDA S,0,3,0,0,149000,447000,447000
Agu-2026,MAMU PALOPO,LOOSE SLEEVE TSHIRT MAMU,LOOSE SLEEVE TSHIRT ABU MUDA S,0,3,0,0,149000,447000,447000
Sep-2026,MAMU PALOPO,LOOSE SLEEVE TSHIRT MAMU,LOOSE SLEEVE TSHIRT ABU MUDA S,155700,1,0,0,149000,149000,447000
Okt-2026,MAMU PALOPO,LOOSE SLEEVE TSHIRT MAMU,LOOSE SLEEVE TSHIRT ABU MUDA S,0,1,0,0,149000,149000,149000
Apr-2026,MAMU PALOPO,LOOSE SLEEVE TSHIRT MAMU,LOOSE SLEEVE TSHIRT BLACK L,0,3,0,0,149000,447000,0
Mei-2026,MAMU PALOPO,LOOSE SLEEVE TSHIRT MAMU,LOOSE SLEEVE TSHIRT BLACK L,0,3,0,0,149000,447000,447000
Jun-2026,MAMU PALOPO,LOOSE SLEEVE TSHIRT MAMU,LOOSE SLEEVE TSHIRT BLACK L,0,3,0,0,149000,447000,447000
Jul-2026,MAMU PALOPO,LOOSE SLEEVE TSHIRT MAMU,LOOSE SLEEVE TSHIRT BLACK L,0,3,0,0,149000,447000,447000
Agu-2026,MAMU PALOPO,LOOSE SLEEVE TSHIRT MAMU,LOOSE SLEEVE TSHIRT BLACK L,0,3,0,0,149000,447000,447000
Sep-2026,MAMU PALOPO,LOOSE SLEEVE TSHIRT MAMU,LOOSE SLEEVE TSHIRT BLACK L,155700,1,0,0,149000,149000,447000
Okt-2026,MAMU PALOPO,LOOSE SLEEVE TSHIRT MAMU,LOOSE SLEEVE TSHIRT BLACK L,0,1,0,0,149000,149000,149000
Apr-2026,MAMU PALOPO,LOOSE SLEEVE TSHIRT MAMU,LOOSE SLEEVE TSHIRT BLACK M,0,3,0,0,149000,447000,0
Mei-2026,MAMU PALOPO,LOOSE SLEEVE TSHIRT MAMU,LOOSE SLEEVE TSHIRT BLACK M,0,3,0,0,149000,447000,447000
Jun-2026,MAMU PALOPO,LOOSE SLEEVE TSHIRT MAMU,LOOSE SLEEVE TSHIRT BLACK M,0,3,0,0,149000,447000,447000
Jul-2026,MAMU PALOPO,LOOSE SLEEVE TSHIRT MAMU,LOOSE SLEEVE TSHIRT BLACK M,0,3,0,0,149000,447000,447000
Agu-2026,MAMU PALOPO,LOOSE SLEEVE TSHIRT MAMU,LOOSE SLEEVE TSHIRT BLACK M,0,3,0,0,149000,447000,447000
Sep-2026,MAMU PALOPO,LOOSE SLEEVE TSHIRT MAMU,LOOSE SLEEVE TSHIRT BLACK M,0,3,0,0,149000,447000,447000
Okt-2026,MAMU PALOPO,LOOSE SLEEVE TSHIRT MAMU,LOOSE SLEEVE TSHIRT BLACK M,0,3,0,0,149000,447000,447000
Apr-2026,MAMU PALOPO,LOOSE SLEEVE TSHIRT MAMU,LOOSE SLEEVE TSHIRT BLACK S,0,3,0,0,149000,447000,0
Mei-2026,MAMU PALOPO,LOOSE SLEEVE TSHIRT MAMU,LOOSE SLEEVE TSHIRT BLACK S,77850,2,0,0,149000,298000,447000
Jun-2026,MAMU PALOPO,LOOSE SLEEVE TSHIRT MAMU,LOOSE SLEEVE TSHIRT BLACK S,0,2,0,0,149000,298000,298000
Jul-2026,MAMU PALOPO,LOOSE SLEEVE TSHIRT MAMU,LOOSE SLEEVE TSHIRT BLACK S,0,2,0,0,149000,298000,298000
Agu-2026,MAMU PALOPO,LOOSE SLEEVE TSHIRT MAMU,LOOSE SLEEVE TSHIRT BLACK S,0,5,0,0,149000,745000,298000
Sep-2026,MAMU PALOPO,LOOSE SLEEVE TSHIRT MAMU,LOOSE SLEEVE TSHIRT BLACK S,0,5,0,0,149000,745000,745000
Okt-2026,MAMU PALOPO,LOOSE SLEEVE TSHIRT MAMU,LOOSE SLEEVE TSHIRT BLACK S,0,5,0,0,149000,745000,745000
Apr-2026,MAMU PALOPO,LOOSE SLEEVE TSHIRT MAMU,LOOSE SLEEVE TSHIRT ERMINE L,0,2,0,0,149000,298000,0
Mei-2026,MAMU PALOPO,LOOSE SLEEVE TSHIRT MAMU,LOOSE SLEEVE TSHIRT ERMINE L,0,2,0,0,149000,298000,298000
Jun-2026,MAMU PALOPO,LOOSE SLEEVE TSHIRT MAMU,LOOSE SLEEVE TSHIRT ERMINE L,0,2,0,0,149000,298000,298000
Jul-2026,MAMU PALOPO,LOOSE SLEEVE TSHIRT MAMU,LOOSE SLEEVE TSHIRT ERMINE L,77850,1,0,0,149000,149000,298000
Agu-2026,MAMU PALOPO,LOOSE SLEEVE TSHIRT MAMU,LOOSE SLEEVE TSHIRT ERMINE L,0,1,0,0,149000,149000,149000
Sep-2026,MAMU PALOPO,LOOSE SLEEVE TSHIRT MAMU,LOOSE SLEEVE TSHIRT ERMINE L,0,1,0,0,149000,149000,149000
Okt-2026,MAMU PALOPO,LOOSE SLEEVE TSHIRT MAMU,LOOSE SLEEVE TSHIRT ERMINE L,0,1,0,0,149000,149000,149000
Apr-2026,MAMU PALOPO,LOOSE SLEEVE TSHIRT MAMU,LOOSE SLEEVE TSHIRT ERMINE M,77850,2,0,0,149000,298000,0
Mei-2026,MAMU PALOPO,LOOSE SLEEVE TSHIRT MAMU,LOOSE SLEEVE TSHIRT ERMINE M,0,2,0,0,149000,298000,298000
Jun-2026,MAMU PALOPO,LOOSE SLEEVE TSHIRT MAMU,LOOSE SLEEVE TSHIRT ERMINE M,0,2,0,0,149000,298000,298000
Jul-2026,MAMU PALOPO,LOOSE SLEEVE TSHIRT MAMU,LOOSE SLEEVE TSHIRT ERMINE M,0,2,0,0,149000,298000,298000
Agu-2026,MAMU PALOPO,LOOSE SLEEVE TSHIRT MAMU,LOOSE SLEEVE TSHIRT ERMINE M,0,2,0,0,149000,298000,298000
Sep-2026,MAMU PALOPO,LOOSE SLEEVE TSHIRT MAMU,LOOSE SLEEVE TSHIRT ERMINE M,0,2,0,0,149000,298000,298000
Okt-2026,MAMU PALOPO,LOOSE SLEEVE TSHIRT MAMU,LOOSE SLEEVE TSHIRT ERMINE M,0,2,0,0,149000,298000,298000
Apr-2026,MAMU PALOPO,LOOSE SLEEVE TSHIRT MAMU,LOOSE SLEEVE TSHIRT ERMINE S,0,3,0,0,149000,447000,0
Mei-2026,MAMU PALOPO,LOOSE SLEEVE TSHIRT MAMU,LOOSE SLEEVE TSHIRT ERMINE S,0,3,0,0,149000,447000,447000
Jun-2026,MAMU PALOPO,LOOSE SLEEVE TSHIRT MAMU,LOOSE SLEEVE TSHIRT ERMINE S,0,3,0,0,149000,447000,447000
Jul-2026,MAMU PALOPO,LOOSE SLEEVE TSHIRT MAMU,LOOSE SLEEVE TSHIRT ERMINE S,0,3,0,0,149000,447000,447000
Agu-2026,MAMU PALOPO,LOOSE SLEEVE TSHIRT MAMU,LOOSE SLEEVE TSHIRT ERMINE S,0,3,0,0,149000,447000,447000
Sep-2026,MAMU PALOPO,LOOSE SLEEVE TSHIRT MAMU,LOOSE SLEEVE TSHIRT ERMINE S,0,3,0,0,149000,447000,447000
Okt-2026,MAMU PALOPO,LOOSE SLEEVE TSHIRT MAMU,LOOSE SLEEVE TSHIRT ERMINE S,0,3,0,0,149000,447000,447000
Apr-2026,MAMU PALOPO,LOOSE SLEEVE TSHIRT MAMU,LOOSE SLEEVE TSHIRT STEEL BLUE L,0,2,0,0,149000,298000,0
Mei-2026,MAMU PALOPO,LOOSE SLEEVE TSHIRT MAMU,LOOSE SLEEVE TSHIRT STEEL BLUE L,0,2,0,0,149000,298000,298000
Jun-2026,MAMU PALOPO,LOOSE SLEEVE TSHIRT MAMU,LOOSE SLEEVE TSHIRT STEEL BLUE L,0,2,0,0,149000,298000,298000
Jul-2026,MAMU PALOPO,LOOSE SLEEVE TSHIRT MAMU,LOOSE SLEEVE TSHIRT STEEL BLUE L,0,2,0,0,149000,298000,298000
Agu-2026,MAMU PALOPO,LOOSE SLEEVE TSHIRT MAMU,LOOSE SLEEVE TSHIRT STEEL BLUE L,0,2,0,0,149000,298000,298000
Sep-2026,MAMU PALOPO,LOOSE SLEEVE TSHIRT MAMU,LOOSE SLEEVE TSHIRT STEEL BLUE L,0,2,0,0,149000,298000,298000
Okt-2026,MAMU PALOPO,LOOSE SLEEVE TSHIRT MAMU,LOOSE SLEEVE TSHIRT STEEL BLUE L,0,2,0,0,149000,298000,298000
Apr-2026,MAMU PALOPO,LOOSE SLEEVE TSHIRT MAMU,LOOSE SLEEVE TSHIRT STEEL BLUE M,0,3,0,0,149000,447000,0
Mei-2026,MAMU PALOPO,LOOSE SLEEVE TSHIRT MAMU,LOOSE SLEEVE TSHIRT STEEL BLUE M,0,3,0,0,149000,447000,447000
Jun-2026,MAMU PALOPO,LOOSE SLEEVE TSHIRT MAMU,LOOSE SLEEVE TSHIRT STEEL BLUE M,0,3,0,0,149000,447000,447000
Jul-2026,MAMU PALOPO,LOOSE SLEEVE TSHIRT MAMU,LOOSE SLEEVE TSHIRT STEEL BLUE M,0,3,0,0,149000,447000,447000
Agu-2026,MAMU PALOPO,LOOSE SLEEVE TSHIRT MAMU,LOOSE SLEEVE TSHIRT STEEL BLUE M,0,3,0,0,149000,447000,447000
Sep-2026,MAMU PALOPO,LOOSE SLEEVE TSHIRT MAMU,LOOSE SLEEVE TSHIRT STEEL BLUE M,0,3,0,0,149000,447000,447000
Okt-2026,MAMU PALOPO,LOOSE SLEEVE TSHIRT MAMU,LOOSE SLEEVE TSHIRT STEEL BLUE M,0,3,0,0,149000,447000,447000
Apr-2026,MAMU PALOPO,LOOSE SLEEVE TSHIRT MAMU,LOOSE SLEEVE TSHIRT STEEL BLUE S,77850,2,0,0,149000,298000,0
Mei-2026,MAMU PALOPO,LOOSE SLEEVE TSHIRT MAMU,LOOSE SLEEVE TSHIRT STEEL BLUE S,0,2,0,0,149000,298000,298000
Jun-2026,MAMU PALOPO,LOOSE SLEEVE TSHIRT MAMU,LOOSE SLEEVE TSHIRT STEEL BLUE S,0,2,0,0,149000,298000,298000
Jul-2026,MAMU PALOPO,LOOSE SLEEVE TSHIRT MAMU,LOOSE SLEEVE TSHIRT STEEL BLUE S,0,2,0,0,149000,298000,298000
Agu-2026,MAMU PALOPO,LOOSE SLEEVE TSHIRT MAMU,LOOSE SLEEVE TSHIRT STEEL BLUE S,0,2,0,0,149000,298000,298000
Sep-2026,MAMU PALOPO,LOOSE SLEEVE TSHIRT MAMU,LOOSE SLEEVE TSHIRT STEEL BLUE S,0,2,0,0,149000,298000,298000
Okt-2026,MAMU PALOPO,LOOSE SLEEVE TSHIRT MAMU,LOOSE SLEEVE TSHIRT STEEL BLUE S,0,2,0,0,149000,298000,298000
Apr-2026,MAMU TSM,LOOSE SLEEVE TSHIRT MAMU,LOOSE SLEEVE TSHIRT ABU MUDA M,0,5,0,0,149000,745000,0
Mei-2026,MAMU TSM,LOOSE SLEEVE TSHIRT MAMU,LOOSE SLEEVE TSHIRT ABU MUDA M,0,5,0,0,149000,745000,745000
Jun-2026,MAMU TSM,LOOSE SLEEVE TSHIRT MAMU,LOOSE SLEEVE TSHIRT ABU MUDA M,0,0,0,0,149000,0,745000
Apr-2026,MAMU TSM,LOOSE SLEEVE TSHIRT MAMU,LOOSE SLEEVE TSHIRT ABU MUDA S,0,5,0,0,149000,745000,0
Mei-2026,MAMU TSM,LOOSE SLEEVE TSHIRT MAMU,LOOSE SLEEVE TSHIRT ABU MUDA S,0,5,0,0,149000,745000,745000
Jun-2026,MAMU TSM,LOOSE SLEEVE TSHIRT MAMU,LOOSE SLEEVE TSHIRT ABU MUDA S,0,0,0,0,149000,0,745000
Apr-2026,MAMU TSM,LOOSE SLEEVE TSHIRT MAMU,LOOSE SLEEVE TSHIRT BLACK L,0,5,0,0,149000,745000,0
Mei-2026,MAMU TSM,LOOSE SLEEVE TSHIRT MAMU,LOOSE SLEEVE TSHIRT BLACK L,0,5,0,0,149000,745000,745000
Jun-2026,MAMU TSM,LOOSE SLEEVE TSHIRT MAMU,LOOSE SLEEVE TSHIRT BLACK L,0,0,0,0,149000,0,745000
Apr-2026,MAMU TSM,LOOSE SLEEVE TSHIRT MAMU,LOOSE SLEEVE TSHIRT BLACK M,0,5,0,0,149000,745000,0
Mei-2026,MAMU TSM,LOOSE SLEEVE TSHIRT MAMU,LOOSE SLEEVE TSHIRT BLACK M,0,5,0,0,149000,745000,745000
Jun-2026,MAMU TSM,LOOSE SLEEVE TSHIRT MAMU,LOOSE SLEEVE TSHIRT BLACK M,0,0,0,0,149000,0,745000
Apr-2026,MAMU TSM,LOOSE SLEEVE TSHIRT MAMU,LOOSE SLEEVE TSHIRT BLACK S,0,5,0,0,149000,745000,0
Mei-2026,MAMU TSM,LOOSE SLEEVE TSHIRT MAMU,LOOSE SLEEVE TSHIRT BLACK S,0,5,0,0,149000,745000,745000
Jun-2026,MAMU TSM,LOOSE SLEEVE TSHIRT MAMU,LOOSE SLEEVE TSHIRT BLACK S,0,0,0,0,149000,0,745000
Apr-2026,MAMU TSM,LOOSE SLEEVE TSHIRT MAMU,LOOSE SLEEVE TSHIRT ERMINE M,0,5,0,0,149000,745000,0
Mei-2026,MAMU TSM,LOOSE SLEEVE TSHIRT MAMU,LOOSE SLEEVE TSHIRT ERMINE M,0,5,0,0,149000,745000,745000
Jun-2026,MAMU TSM,LOOSE SLEEVE TSHIRT MAMU,LOOSE SLEEVE TSHIRT ERMINE M,0,0,0,0,149000,0,745000
Apr-2026,MAMU TSM,LOOSE SLEEVE TSHIRT MAMU,LOOSE SLEEVE TSHIRT ERMINE S,0,4,0,0,149000,596000,0
Mei-2026,MAMU TSM,LOOSE SLEEVE TSHIRT MAMU,LOOSE SLEEVE TSHIRT ERMINE S,0,4,0,0,149000,596000,596000
Jun-2026,MAMU TSM,LOOSE SLEEVE TSHIRT MAMU,LOOSE SLEEVE TSHIRT ERMINE S,0,0,0,0,149000,0,596000
Apr-2026,MAMU TSM,LOOSE SLEEVE TSHIRT MAMU,LOOSE SLEEVE TSHIRT STEEL BLUE M,0,5,0,0,149000,745000,0
Mei-2026,MAMU TSM,LOOSE SLEEVE TSHIRT MAMU,LOOSE SLEEVE TSHIRT STEEL BLUE M,0,5,0,0,149000,745000,745000
Jun-2026,MAMU TSM,LOOSE SLEEVE TSHIRT MAMU,LOOSE SLEEVE TSHIRT STEEL BLUE M,0,0,0,0,149000,0,745000
Apr-2026,MAMU TSM,LOOSE SLEEVE TSHIRT MAMU,LOOSE SLEEVE TSHIRT STEEL BLUE S,0,5,0,0,149000,745000,0
Mei-2026,MAMU TSM,LOOSE SLEEVE TSHIRT MAMU,LOOSE SLEEVE TSHIRT STEEL BLUE S,0,5,0,0,149000,745000,745000
Jun-2026,MAMU TSM,LOOSE SLEEVE TSHIRT MAMU,LOOSE SLEEVE TSHIRT STEEL BLUE S,0,0,0,0,149000,0,745000
Apr-2026,TIGALAPANKAOS BONE,LOOSE SLEEVE TSHIRT MAMU,LOOSE SLEEVE TSHIRT ABU MUDA L,0,3,0,0,149000,447000,0
Mei-2026,TIGALAPANKAOS BONE,LOOSE SLEEVE TSHIRT MAMU,LOOSE SLEEVE TSHIRT ABU MUDA L,0,2,0,0,149000,298000,447000
Jun-2026,TIGALAPANKAOS BONE,LOOSE SLEEVE TSHIRT MAMU,LOOSE SLEEVE TSHIRT ABU MUDA L,0,2,0,0,149000,298000,298000
Jul-2026,TIGALAPANKAOS BONE,LOOSE SLEEVE TSHIRT MAMU,LOOSE SLEEVE TSHIRT ABU MUDA L,0,2,0,0,149000,298000,298000
Agu-2026,TIGALAPANKAOS BONE,LOOSE SLEEVE TSHIRT MAMU,LOOSE SLEEVE TSHIRT ABU MUDA L,0,2,0,0,149000,298000,298000
Sep-2026,TIGALAPANKAOS BONE,LOOSE SLEEVE TSHIRT MAMU,LOOSE SLEEVE TSHIRT ABU MUDA L,0,2,0,0,149000,298000,298000
Okt-2026,TIGALAPANKAOS BONE,LOOSE SLEEVE TSHIRT MAMU,LOOSE SLEEVE TSHIRT ABU MUDA L,0,2,0,0,149000,298000,298000
Apr-2026,TIGALAPANKAOS BONE,LOOSE SLEEVE TSHIRT MAMU,LOOSE SLEEVE TSHIRT ABU MUDA M,0,3,0,0,149000,447000,0
Mei-2026,TIGALAPANKAOS BONE,LOOSE SLEEVE TSHIRT MAMU,LOOSE SLEEVE TSHIRT ABU MUDA M,0,3,0,0,149000,447000,447000
Jun-2026,TIGALAPANKAOS BONE,LOOSE SLEEVE TSHIRT MAMU,LOOSE SLEEVE TSHIRT ABU MUDA M,0,3,0,0,149000,447000,447000
Jul-2026,TIGALAPANKAOS BONE,LOOSE SLEEVE TSHIRT MAMU,LOOSE SLEEVE TSHIRT ABU MUDA M,77850,2,0,0,149000,298000,447000
Agu-2026,TIGALAPANKAOS BONE,LOOSE SLEEVE TSHIRT MAMU,LOOSE SLEEVE TSHIRT ABU MUDA M,0,2,0,0,149000,298000,298000
Sep-2026,TIGALAPANKAOS BONE,LOOSE SLEEVE TSHIRT MAMU,LOOSE SLEEVE TSHIRT ABU MUDA M,77850,4,0,0,149000,596000,298000
Okt-2026,TIGALAPANKAOS BONE,LOOSE SLEEVE TSHIRT MAMU,LOOSE SLEEVE TSHIRT ABU MUDA M,0,4,0,0,149000,596000,596000
Apr-2026,TIGALAPANKAOS BONE,LOOSE SLEEVE TSHIRT MAMU,LOOSE SLEEVE TSHIRT ABU MUDA S,0,3,0,0,149000,447000,0
Mei-2026,TIGALAPANKAOS BONE,LOOSE SLEEVE TSHIRT MAMU,LOOSE SLEEVE TSHIRT ABU MUDA S,0,3,0,0,149000,447000,447000
Jun-2026,TIGALAPANKAOS BONE,LOOSE SLEEVE TSHIRT MAMU,LOOSE SLEEVE TSHIRT ABU MUDA S,155700,1,0,0,149000,149000,447000
Jul-2026,TIGALAPANKAOS BONE,LOOSE SLEEVE TSHIRT MAMU,LOOSE SLEEVE TSHIRT ABU MUDA S,0,1,0,0,149000,149000,149000
Agu-2026,TIGALAPANKAOS BONE,LOOSE SLEEVE TSHIRT MAMU,LOOSE SLEEVE TSHIRT ABU MUDA S,0,1,0,0,149000,149000,149000
Sep-2026,TIGALAPANKAOS BONE,LOOSE SLEEVE TSHIRT MAMU,LOOSE SLEEVE TSHIRT ABU MUDA S,0,1,0,0,149000,149000,149000
Okt-2026,TIGALAPANKAOS BONE,LOOSE SLEEVE TSHIRT MAMU,LOOSE SLEEVE TSHIRT ABU MUDA S,0,1,0,0,149000,149000,149000
Apr-2026,TIGALAPANKAOS BONE,LOOSE SLEEVE TSHIRT MAMU,LOOSE SLEEVE TSHIRT ABU MUDA XL,0,1,0,0,149000,149000,0
Mei-2026,TIGALAPANKAOS BONE,LOOSE SLEEVE TSHIRT MAMU,LOOSE SLEEVE TSHIRT ABU MUDA XL,77850,0,0,0,149000,0,149000
Apr-2026,TIGALAPANKAOS BONE,LOOSE SLEEVE TSHIRT MAMU,LOOSE SLEEVE TSHIRT BLACK L,0,3,0,0,149000,447000,0
Mei-2026,TIGALAPANKAOS BONE,LOOSE SLEEVE TSHIRT MAMU,LOOSE SLEEVE TSHIRT BLACK L,77850,2,0,0,149000,298000,447000
Jun-2026,TIGALAPANKAOS BONE,LOOSE SLEEVE TSHIRT MAMU,LOOSE SLEEVE TSHIRT BLACK L,0,2,0,0,149000,298000,298000
Jul-2026,TIGALAPANKAOS BONE,LOOSE SLEEVE TSHIRT MAMU,LOOSE SLEEVE TSHIRT BLACK L,155700,0,0,0,149000,0,298000
Apr-2026,TIGALAPANKAOS BONE,LOOSE SLEEVE TSHIRT MAMU,LOOSE SLEEVE TSHIRT BLACK M,0,3,0,0,149000,447000,0
Mei-2026,TIGALAPANKAOS BONE,LOOSE SLEEVE TSHIRT MAMU,LOOSE SLEEVE TSHIRT BLACK M,77850,2,0,0,149000,298000,447000
Jun-2026,TIGALAPANKAOS BONE,LOOSE SLEEVE TSHIRT MAMU,LOOSE SLEEVE TSHIRT BLACK M,0,2,0,0,149000,298000,298000
Jul-2026,TIGALAPANKAOS BONE,LOOSE SLEEVE TSHIRT MAMU,LOOSE SLEEVE TSHIRT BLACK M,77850,1,0,0,149000,149000,298000
Agu-2026,TIGALAPANKAOS BONE,LOOSE SLEEVE TSHIRT MAMU,LOOSE SLEEVE TSHIRT BLACK M,77850,3,0,0,149000,447000,149000
Sep-2026,TIGALAPANKAOS BONE,LOOSE SLEEVE TSHIRT MAMU,LOOSE SLEEVE TSHIRT BLACK M,233550,3,0,0,149000,447000,447000
Okt-2026,TIGALAPANKAOS BONE,LOOSE SLEEVE TSHIRT MAMU,LOOSE SLEEVE TSHIRT BLACK M,77850,3,0,0,149000,447000,447000
Apr-2026,TIGALAPANKAOS BONE,LOOSE SLEEVE TSHIRT MAMU,LOOSE SLEEVE TSHIRT BLACK S,77850,2,0,0,149000,298000,0
Mei-2026,TIGALAPANKAOS BONE,LOOSE SLEEVE TSHIRT MAMU,LOOSE SLEEVE TSHIRT BLACK S,0,2,0,0,149000,298000,298000
Jun-2026,TIGALAPANKAOS BONE,LOOSE SLEEVE TSHIRT MAMU,LOOSE SLEEVE TSHIRT BLACK S,155700,0,0,0,149000,0,298000
Sep-2026,TIGALAPANKAOS BONE,LOOSE SLEEVE TSHIRT MAMU,LOOSE SLEEVE TSHIRT BLACK S,77850,2,0,0,149000,298000,0
Okt-2026,TIGALAPANKAOS BONE,LOOSE SLEEVE TSHIRT MAMU,LOOSE SLEEVE TSHIRT BLACK S,0,2,0,0,149000,298000,298000
Apr-2026,TIGALAPANKAOS BONE,LOOSE SLEEVE TSHIRT MAMU,LOOSE SLEEVE TSHIRT BLACK XL,0,1,0,0,149000,149000,0
Mei-2026,TIGALAPANKAOS BONE,LOOSE SLEEVE TSHIRT MAMU,LOOSE SLEEVE TSHIRT BLACK XL,0,1,0,0,149000,149000,149000
Jun-2026,TIGALAPANKAOS BONE,LOOSE SLEEVE TSHIRT MAMU,LOOSE SLEEVE TSHIRT BLACK XL,0,1,0,0,149000,149000,149000
Jul-2026,TIGALAPANKAOS BONE,LOOSE SLEEVE TSHIRT MAMU,LOOSE SLEEVE TSHIRT BLACK XL,77850,0,0,0,149000,0,149000
Apr-2026,TIGALAPANKAOS BONE,LOOSE SLEEVE TSHIRT MAMU,LOOSE SLEEVE TSHIRT ERMINE L,0,2,0,0,149000,298000,0
Mei-2026,TIGALAPANKAOS BONE,LOOSE SLEEVE TSHIRT MAMU,LOOSE SLEEVE TSHIRT ERMINE L,155700,1,0,0,149000,149000,298000
Jun-2026,TIGALAPANKAOS BONE,LOOSE SLEEVE TSHIRT MAMU,LOOSE SLEEVE TSHIRT ERMINE L,77850,0,0,0,149000,0,149000
Apr-2026,TIGALAPANKAOS BONE,LOOSE SLEEVE TSHIRT MAMU,LOOSE SLEEVE TSHIRT ERMINE M,0,3,0,0,149000,447000,0
Mei-2026,TIGALAPANKAOS BONE,LOOSE SLEEVE TSHIRT MAMU,LOOSE SLEEVE TSHIRT ERMINE M,77850,2,0,0,149000,298000,447000
Jun-2026,TIGALAPANKAOS BONE,LOOSE SLEEVE TSHIRT MAMU,LOOSE SLEEVE TSHIRT ERMINE M,155700,0,0,0,149000,0,298000
Apr-2026,TIGALAPANKAOS BONE,LOOSE SLEEVE TSHIRT MAMU,LOOSE SLEEVE TSHIRT ERMINE S,0,3,0,0,149000,447000,0
Mei-2026,TIGALAPANKAOS BONE,LOOSE SLEEVE TSHIRT MAMU,LOOSE SLEEVE TSHIRT ERMINE S,0,3,0,0,149000,447000,447000
Jun-2026,TIGALAPANKAOS BONE,LOOSE SLEEVE TSHIRT MAMU,LOOSE SLEEVE TSHIRT ERMINE S,77850,2,0,0,149000,298000,447000
Jul-2026,TIGALAPANKAOS BONE,LOOSE SLEEVE TSHIRT MAMU,LOOSE SLEEVE TSHIRT ERMINE S,0,2,0,0,149000,298000,298000
Agu-2026,TIGALAPANKAOS BONE,LOOSE SLEEVE TSHIRT MAMU,LOOSE SLEEVE TSHIRT ERMINE S,0,2,0,0,149000,298000,298000
Sep-2026,TIGALAPANKAOS BONE,LOOSE SLEEVE TSHIRT MAMU,LOOSE SLEEVE TSHIRT ERMINE S,77850,1,0,0,149000,149000,298000
Okt-2026,TIGALAPANKAOS BONE,LOOSE SLEEVE TSHIRT MAMU,LOOSE SLEEVE TSHIRT ERMINE S,0,1,0,0,149000,149000,149000
Apr-2026,TIGALAPANKAOS BONE,LOOSE SLEEVE TSHIRT MAMU,LOOSE SLEEVE TSHIRT ERMINE XL,77850,0,0,0,149000,0,0
Apr-2026,TIGALAPANKAOS BONE,LOOSE SLEEVE TSHIRT MAMU,LOOSE SLEEVE TSHIRT STEEL BLUE L,0,1,0,0,149000,149000,0
Mei-2026,TIGALAPANKAOS BONE,LOOSE SLEEVE TSHIRT MAMU,LOOSE SLEEVE TSHIRT STEEL BLUE L,0,1,0,0,149000,149000,149000
Jun-2026,TIGALAPANKAOS BONE,LOOSE SLEEVE TSHIRT MAMU,LOOSE SLEEVE TSHIRT STEEL BLUE L,0,1,0,0,149000,149000,149000
Jul-2026,TIGALAPANKAOS BONE,LOOSE SLEEVE TSHIRT MAMU,LOOSE SLEEVE TSHIRT STEEL BLUE L,0,1,0,0,149000,149000,149000
Agu-2026,TIGALAPANKAOS BONE,LOOSE SLEEVE TSHIRT MAMU,LOOSE SLEEVE TSHIRT STEEL BLUE L,0,1,0,0,149000,149000,149000
Sep-2026,TIGALAPANKAOS BONE,LOOSE SLEEVE TSHIRT MAMU,LOOSE SLEEVE TSHIRT STEEL BLUE L,0,1,0,0,149000,149000,149000
Okt-2026,TIGALAPANKAOS BONE,LOOSE SLEEVE TSHIRT MAMU,LOOSE SLEEVE TSHIRT STEEL BLUE L,0,1,0,0,149000,149000,149000
Apr-2026,TIGALAPANKAOS BONE,LOOSE SLEEVE TSHIRT MAMU,LOOSE SLEEVE TSHIRT STEEL BLUE M,77850,2,0,0,149000,298000,0
Mei-2026,TIGALAPANKAOS BONE,LOOSE SLEEVE TSHIRT MAMU,LOOSE SLEEVE TSHIRT STEEL BLUE M,77850,1,0,0,149000,149000,298000
Jun-2026,TIGALAPANKAOS BONE,LOOSE SLEEVE TSHIRT MAMU,LOOSE SLEEVE TSHIRT STEEL BLUE M,77850,0,0,0,149000,0,149000
Sep-2026,TIGALAPANKAOS BONE,LOOSE SLEEVE TSHIRT MAMU,LOOSE SLEEVE TSHIRT STEEL BLUE M,77850,4,0,0,149000,596000,0
Okt-2026,TIGALAPANKAOS BONE,LOOSE SLEEVE TSHIRT MAMU,LOOSE SLEEVE TSHIRT STEEL BLUE M,0,4,0,0,149000,596000,596000
Apr-2026,TIGALAPANKAOS BONE,LOOSE SLEEVE TSHIRT MAMU,LOOSE SLEEVE TSHIRT STEEL BLUE S,0,3,0,0,149000,447000,0
Mei-2026,TIGALAPANKAOS BONE,LOOSE SLEEVE TSHIRT MAMU,LOOSE SLEEVE TSHIRT STEEL BLUE S,0,3,0,0,149000,447000,447000
Jun-2026,TIGALAPANKAOS BONE,LOOSE SLEEVE TSHIRT MAMU,LOOSE SLEEVE TSHIRT STEEL BLUE S,155700,1,0,0,149000,149000,447000
Jul-2026,TIGALAPANKAOS BONE,LOOSE SLEEVE TSHIRT MAMU,LOOSE SLEEVE TSHIRT STEEL BLUE S,0,1,0,0,149000,149000,149000
Agu-2026,TIGALAPANKAOS BONE,LOOSE SLEEVE TSHIRT MAMU,LOOSE SLEEVE TSHIRT STEEL BLUE S,0,1,0,0,149000,149000,149000
Sep-2026,TIGALAPANKAOS BONE,LOOSE SLEEVE TSHIRT MAMU,LOOSE SLEEVE TSHIRT STEEL BLUE S,0,1,0,0,149000,149000,149000
Okt-2026,TIGALAPANKAOS BONE,LOOSE SLEEVE TSHIRT MAMU,LOOSE SLEEVE TSHIRT STEEL BLUE S,0,1,0,0,149000,149000,149000
Apr-2026,TIGALAPANKAOS BONE,LOOSE SLEEVE TSHIRT MAMU,LOOSE SLEEVE TSHIRT STEEL BLUE XL,0,1,0,0,149000,149000,0
Mei-2026,TIGALAPANKAOS BONE,LOOSE SLEEVE TSHIRT MAMU,LOOSE SLEEVE TSHIRT STEEL BLUE XL,77850,0,0,0,149000,0,149000
Jun-2026,TIGALAPANKAOS MAKASSAR,LOOSE SLEEVE TSHIRT MAMU,LOOSE SLEEVE TSHIRT ABU MUDA M,0,5,0,0,149000,745000,0
Jul-2026,TIGALAPANKAOS MAKASSAR,LOOSE SLEEVE TSHIRT MAMU,LOOSE SLEEVE TSHIRT ABU MUDA M,0,5,0,0,149000,745000,745000
Agu-2026,TIGALAPANKAOS MAKASSAR,LOOSE SLEEVE TSHIRT MAMU,LOOSE SLEEVE TSHIRT ABU MUDA M,0,0,0,0,149000,0,745000
Jun-2026,TIGALAPANKAOS MAKASSAR,LOOSE SLEEVE TSHIRT MAMU,LOOSE SLEEVE TSHIRT ABU MUDA S,0,5,0,0,149000,745000,0
Jul-2026,TIGALAPANKAOS MAKASSAR,LOOSE SLEEVE TSHIRT MAMU,LOOSE SLEEVE TSHIRT ABU MUDA S,0,5,0,0,149000,745000,745000
Agu-2026,TIGALAPANKAOS MAKASSAR,LOOSE SLEEVE TSHIRT MAMU,LOOSE SLEEVE TSHIRT ABU MUDA S,0,0,0,0,149000,0,745000
Jun-2026,TIGALAPANKAOS MAKASSAR,LOOSE SLEEVE TSHIRT MAMU,LOOSE SLEEVE TSHIRT BLACK L,0,5,0,0,149000,745000,0
Jul-2026,TIGALAPANKAOS MAKASSAR,LOOSE SLEEVE TSHIRT MAMU,LOOSE SLEEVE TSHIRT BLACK L,0,5,0,0,149000,745000,745000
Agu-2026,TIGALAPANKAOS MAKASSAR,LOOSE SLEEVE TSHIRT MAMU,LOOSE SLEEVE TSHIRT BLACK L,0,0,0,0,149000,0,745000
Jun-2026,TIGALAPANKAOS MAKASSAR,LOOSE SLEEVE TSHIRT MAMU,LOOSE SLEEVE TSHIRT BLACK M,0,5,0,0,149000,745000,0
Jul-2026,TIGALAPANKAOS MAKASSAR,LOOSE SLEEVE TSHIRT MAMU,LOOSE SLEEVE TSHIRT BLACK M,0,5,0,0,149000,745000,745000
Agu-2026,TIGALAPANKAOS MAKASSAR,LOOSE SLEEVE TSHIRT MAMU,LOOSE SLEEVE TSHIRT BLACK M,0,0,0,0,149000,0,745000
Jun-2026,TIGALAPANKAOS MAKASSAR,LOOSE SLEEVE TSHIRT MAMU,LOOSE SLEEVE TSHIRT BLACK S,0,5,0,0,149000,745000,0
Jul-2026,TIGALAPANKAOS MAKASSAR,LOOSE SLEEVE TSHIRT MAMU,LOOSE SLEEVE TSHIRT BLACK S,0,5,0,0,149000,745000,745000
Agu-2026,TIGALAPANKAOS MAKASSAR,LOOSE SLEEVE TSHIRT MAMU,LOOSE SLEEVE TSHIRT BLACK S,0,0,0,0,149000,0,745000
Jun-2026,TIGALAPANKAOS MAKASSAR,LOOSE SLEEVE TSHIRT MAMU,LOOSE SLEEVE TSHIRT ERMINE M,0,5,0,0,149000,745000,0
Jul-2026,TIGALAPANKAOS MAKASSAR,LOOSE SLEEVE TSHIRT MAMU,LOOSE SLEEVE TSHIRT ERMINE M,0,5,0,0,149000,745000,745000
Agu-2026,TIGALAPANKAOS MAKASSAR,LOOSE SLEEVE TSHIRT MAMU,LOOSE SLEEVE TSHIRT ERMINE M,0,0,0,0,149000,0,745000
Jun-2026,TIGALAPANKAOS MAKASSAR,LOOSE SLEEVE TSHIRT MAMU,LOOSE SLEEVE TSHIRT ERMINE S,0,4,0,0,149000,596000,0
Jul-2026,TIGALAPANKAOS MAKASSAR,LOOSE SLEEVE TSHIRT MAMU,LOOSE SLEEVE TSHIRT ERMINE S,0,4,0,0,149000,596000,596000
Agu-2026,TIGALAPANKAOS MAKASSAR,LOOSE SLEEVE TSHIRT MAMU,LOOSE SLEEVE TSHIRT ERMINE S,0,0,0,0,149000,0,596000
Jun-2026,TIGALAPANKAOS MAKASSAR,LOOSE SLEEVE TSHIRT MAMU,LOOSE SLEEVE TSHIRT STEEL BLUE M,0,5,0,0,149000,745000,0
Jul-2026,TIGALAPANKAOS MAKASSAR,LOOSE SLEEVE TSHIRT MAMU,LOOSE SLEEVE TSHIRT STEEL BLUE M,0,5,0,0,149000,745000,745000
Agu-2026,TIGALAPANKAOS MAKASSAR,LOOSE SLEEVE TSHIRT MAMU,LOOSE SLEEVE TSHIRT STEEL BLUE M,0,0,0,0,149000,0,745000
Jun-2026,TIGALAPANKAOS MAKASSAR,LOOSE SLEEVE TSHIRT MAMU,LOOSE SLEEVE TSHIRT STEEL BLUE S,0,5,0,0,149000,745000,0
Jul-2026,TIGALAPANKAOS MAKASSAR,LOOSE SLEEVE TSHIRT MAMU,LOOSE SLEEVE TSHIRT STEEL BLUE S,0,5,0,0,149000,745000,745000
Agu-2026,TIGALAPANKAOS MAKASSAR,LOOSE SLEEVE TSHIRT MAMU,LOOSE SLEEVE TSHIRT STEEL BLUE S,0,0,0,0,149000,0,745000
Apr-2026,TIGALAPANKAOS MANADO,LOOSE SLEEVE TSHIRT MAMU,LOOSE SLEEVE TSHIRT ABU MUDA M,0,3,0,0,149000,447000,0
Mei-2026,TIGALAPANKAOS MANADO,LOOSE SLEEVE TSHIRT MAMU,LOOSE SLEEVE TSHIRT ABU MUDA M,0,3,0,0,149000,447000,447000
Jun-2026,TIGALAPANKAOS MANADO,LOOSE SLEEVE TSHIRT MAMU,LOOSE SLEEVE TSHIRT ABU MUDA M,0,3,0,0,149000,447000,447000
Jul-2026,TIGALAPANKAOS MANADO,LOOSE SLEEVE TSHIRT MAMU,LOOSE SLEEVE TSHIRT ABU MUDA M,0,3,0,0,149000,447000,447000
Agu-2026,TIGALAPANKAOS MANADO,LOOSE SLEEVE TSHIRT MAMU,LOOSE SLEEVE TSHIRT ABU MUDA M,0,3,0,0,149000,447000,447000
Sep-2026,TIGALAPANKAOS MANADO,LOOSE SLEEVE TSHIRT MAMU,LOOSE SLEEVE TSHIRT ABU MUDA M,0,3,0,0,149000,447000,447000
Okt-2026,TIGALAPANKAOS MANADO,LOOSE SLEEVE TSHIRT MAMU,LOOSE SLEEVE TSHIRT ABU MUDA M,0,3,0,0,149000,447000,447000
Apr-2026,TIGALAPANKAOS MANADO,LOOSE SLEEVE TSHIRT MAMU,LOOSE SLEEVE TSHIRT ABU MUDA S,0,3,0,0,149000,447000,0
Mei-2026,TIGALAPANKAOS MANADO,LOOSE SLEEVE TSHIRT MAMU,LOOSE SLEEVE TSHIRT ABU MUDA S,0,3,0,0,149000,447000,447000
Jun-2026,TIGALAPANKAOS MANADO,LOOSE SLEEVE TSHIRT MAMU,LOOSE SLEEVE TSHIRT ABU MUDA S,0,3,0,0,149000,447000,447000
Jul-2026,TIGALAPANKAOS MANADO,LOOSE SLEEVE TSHIRT MAMU,LOOSE SLEEVE TSHIRT ABU MUDA S,77850,3,0,0,149000,447000,447000
Agu-2026,TIGALAPANKAOS MANADO,LOOSE SLEEVE TSHIRT MAMU,LOOSE SLEEVE TSHIRT ABU MUDA S,0,2,0,0,149000,298000,447000
Sep-2026,TIGALAPANKAOS MANADO,LOOSE SLEEVE TSHIRT MAMU,LOOSE SLEEVE TSHIRT ABU MUDA S,0,2,0,0,149000,298000,298000
Okt-2026,TIGALAPANKAOS MANADO,LOOSE SLEEVE TSHIRT MAMU,LOOSE SLEEVE TSHIRT ABU MUDA S,0,2,0,0,149000,298000,298000
Apr-2026,TIGALAPANKAOS MANADO,LOOSE SLEEVE TSHIRT MAMU,LOOSE SLEEVE TSHIRT BLACK M,0,3,0,0,149000,447000,0
Mei-2026,TIGALAPANKAOS MANADO,LOOSE SLEEVE TSHIRT MAMU,LOOSE SLEEVE TSHIRT BLACK M,0,3,0,0,149000,447000,447000
Jun-2026,TIGALAPANKAOS MANADO,LOOSE SLEEVE TSHIRT MAMU,LOOSE SLEEVE TSHIRT BLACK M,0,3,0,0,149000,447000,447000
Jul-2026,TIGALAPANKAOS MANADO,LOOSE SLEEVE TSHIRT MAMU,LOOSE SLEEVE TSHIRT BLACK M,0,2,0,0,149000,298000,447000
Agu-2026,TIGALAPANKAOS MANADO,LOOSE SLEEVE TSHIRT MAMU,LOOSE SLEEVE TSHIRT BLACK M,0,3,0,0,149000,447000,298000
Sep-2026,TIGALAPANKAOS MANADO,LOOSE SLEEVE TSHIRT MAMU,LOOSE SLEEVE TSHIRT BLACK M,0,3,0,0,149000,447000,447000
Okt-2026,TIGALAPANKAOS MANADO,LOOSE SLEEVE TSHIRT MAMU,LOOSE SLEEVE TSHIRT BLACK M,0,3,0,0,149000,447000,447000
Apr-2026,TIGALAPANKAOS MANADO,LOOSE SLEEVE TSHIRT MAMU,LOOSE SLEEVE TSHIRT BLACK S,0,3,0,0,149000,447000,0
Mei-2026,TIGALAPANKAOS MANADO,LOOSE SLEEVE TSHIRT MAMU,LOOSE SLEEVE TSHIRT BLACK S,77850,2,0,0,149000,298000,447000
Jun-2026,TIGALAPANKAOS MANADO,LOOSE SLEEVE TSHIRT MAMU,LOOSE SLEEVE TSHIRT BLACK S,0,2,0,0,149000,298000,298000
Jul-2026,TIGALAPANKAOS MANADO,LOOSE SLEEVE TSHIRT MAMU,LOOSE SLEEVE TSHIRT BLACK S,0,2,0,0,149000,298000,298000
Agu-2026,TIGALAPANKAOS MANADO,LOOSE SLEEVE TSHIRT MAMU,LOOSE SLEEVE TSHIRT BLACK S,0,2,0,0,149000,298000,298000
Sep-2026,TIGALAPANKAOS MANADO,LOOSE SLEEVE TSHIRT MAMU,LOOSE SLEEVE TSHIRT BLACK S,0,2,0,0,149000,298000,298000
Okt-2026,TIGALAPANKAOS MANADO,LOOSE SLEEVE TSHIRT MAMU,LOOSE SLEEVE TSHIRT BLACK S,0,2,0,0,149000,298000,298000
Apr-2026,TIGALAPANKAOS MANADO,LOOSE SLEEVE TSHIRT MAMU,LOOSE SLEEVE TSHIRT ERMINE S,0,2,0,0,149000,298000,0
Mei-2026,TIGALAPANKAOS MANADO,LOOSE SLEEVE TSHIRT MAMU,LOOSE SLEEVE TSHIRT ERMINE S,0,2,0,0,149000,298000,298000
Jun-2026,TIGALAPANKAOS MANADO,LOOSE SLEEVE TSHIRT MAMU,LOOSE SLEEVE TSHIRT ERMINE S,0,2,0,0,149000,298000,298000
Jul-2026,TIGALAPANKAOS MANADO,LOOSE SLEEVE TSHIRT MAMU,LOOSE SLEEVE TSHIRT ERMINE S,0,2,0,0,149000,298000,298000
Agu-2026,TIGALAPANKAOS MANADO,LOOSE SLEEVE TSHIRT MAMU,LOOSE SLEEVE TSHIRT ERMINE S,0,2,0,0,149000,298000,298000
Sep-2026,TIGALAPANKAOS MANADO,LOOSE SLEEVE TSHIRT MAMU,LOOSE SLEEVE TSHIRT ERMINE S,0,2,0,0,149000,298000,298000
Okt-2026,TIGALAPANKAOS MANADO,LOOSE SLEEVE TSHIRT MAMU,LOOSE SLEEVE TSHIRT ERMINE S,0,2,0,0,149000,298000,298000
Apr-2026,TIGALAPANKAOS MANADO,LOOSE SLEEVE TSHIRT MAMU,LOOSE SLEEVE TSHIRT STEEL BLUE L,0,2,0,0,149000,298000,0
Mei-2026,TIGALAPANKAOS MANADO,LOOSE SLEEVE TSHIRT MAMU,LOOSE SLEEVE TSHIRT STEEL BLUE L,0,2,0,0,149000,298000,298000
Jun-2026,TIGALAPANKAOS MANADO,LOOSE SLEEVE TSHIRT MAMU,LOOSE SLEEVE TSHIRT STEEL BLUE L,77850,1,0,0,149000,149000,298000
Jul-2026,TIGALAPANKAOS MANADO,LOOSE SLEEVE TSHIRT MAMU,LOOSE SLEEVE TSHIRT STEEL BLUE L,0,1,0,0,149000,149000,149000
Agu-2026,TIGALAPANKAOS MANADO,LOOSE SLEEVE TSHIRT MAMU,LOOSE SLEEVE TSHIRT STEEL BLUE L,0,1,0,0,149000,149000,149000
Sep-2026,TIGALAPANKAOS MANADO,LOOSE SLEEVE TSHIRT MAMU,LOOSE SLEEVE TSHIRT STEEL BLUE L,0,1,0,0,149000,149000,149000
Okt-2026,TIGALAPANKAOS MANADO,LOOSE SLEEVE TSHIRT MAMU,LOOSE SLEEVE TSHIRT STEEL BLUE L,0,1,0,0,149000,149000,149000
Apr-2026,TIGALAPANKAOS MANADO,LOOSE SLEEVE TSHIRT MAMU,LOOSE SLEEVE TSHIRT STEEL BLUE M,0,3,0,0,149000,447000,0
Mei-2026,TIGALAPANKAOS MANADO,LOOSE SLEEVE TSHIRT MAMU,LOOSE SLEEVE TSHIRT STEEL BLUE M,0,3,0,0,149000,447000,447000
Jun-2026,TIGALAPANKAOS MANADO,LOOSE SLEEVE TSHIRT MAMU,LOOSE SLEEVE TSHIRT STEEL BLUE M,0,3,0,0,149000,447000,447000
Jul-2026,TIGALAPANKAOS MANADO,LOOSE SLEEVE TSHIRT MAMU,LOOSE SLEEVE TSHIRT STEEL BLUE M,0,3,0,0,149000,447000,447000
Agu-2026,TIGALAPANKAOS MANADO,LOOSE SLEEVE TSHIRT MAMU,LOOSE SLEEVE TSHIRT STEEL BLUE M,0,3,0,0,149000,447000,447000
Sep-2026,TIGALAPANKAOS MANADO,LOOSE SLEEVE TSHIRT MAMU,LOOSE SLEEVE TSHIRT STEEL BLUE M,0,3,0,0,149000,447000,447000
Okt-2026,TIGALAPANKAOS MANADO,LOOSE SLEEVE TSHIRT MAMU,LOOSE SLEEVE TSHIRT STEEL BLUE M,0,3,0,0,149000,447000,447000
Apr-2026,TIGALAPANKAOS MANADO,LOOSE SLEEVE TSHIRT MAMU,LOOSE SLEEVE TSHIRT STEEL BLUE S,0,2,0,0,149000,298000,0
Mei-2026,TIGALAPANKAOS MANADO,LOOSE SLEEVE TSHIRT MAMU,LOOSE SLEEVE TSHIRT STEEL BLUE S,0,2,0,0,149000,298000,298000
Jun-2026,TIGALAPANKAOS MANADO,LOOSE SLEEVE TSHIRT MAMU,LOOSE SLEEVE TSHIRT STEEL BLUE S,0,2,0,0,149000,298000,298000
Jul-2026,TIGALAPANKAOS MANADO,LOOSE SLEEVE TSHIRT MAMU,LOOSE SLEEVE TSHIRT STEEL BLUE S,0,2,0,0,149000,298000,298000
Agu-2026,TIGALAPANKAOS MANADO,LOOSE SLEEVE TSHIRT MAMU,LOOSE SLEEVE TSHIRT STEEL BLUE S,0,2,0,0,149000,298000,298000
Sep-2026,TIGALAPANKAOS MANADO,LOOSE SLEEVE TSHIRT MAMU,LOOSE SLEEVE TSHIRT STEEL BLUE S,0,2,0,0,149000,298000,298000
Okt-2026,TIGALAPANKAOS MANADO,LOOSE SLEEVE TSHIRT MAMU,LOOSE SLEEVE TSHIRT STEEL BLUE S,0,2,0,0,149000,298000,298000
Mar-2026,TIGALAPANKAOS PALU,LOOSE SLEEVE TSHIRT MAMU,LOOSE SLEEVE TSHIRT ABU MUDA L,0,5,0,0,149000,745000,0
Apr-2026,TIGALAPANKAOS PALU,LOOSE SLEEVE TSHIRT MAMU,LOOSE SLEEVE TSHIRT ABU MUDA L,0,5,0,0,149000,745000,745000
Mei-2026,TIGALAPANKAOS PALU,LOOSE SLEEVE TSHIRT MAMU,LOOSE SLEEVE TSHIRT ABU MUDA L,0,5,0,0,149000,745000,745000
Jun-2026,TIGALAPANKAOS PALU,LOOSE SLEEVE TSHIRT MAMU,LOOSE SLEEVE TSHIRT ABU MUDA L,0,5,0,0,149000,745000,745000
Jul-2026,TIGALAPANKAOS PALU,LOOSE SLEEVE TSHIRT MAMU,LOOSE SLEEVE TSHIRT ABU MUDA L,0,5,0,0,149000,745000,745000
Agu-2026,TIGALAPANKAOS PALU,LOOSE SLEEVE TSHIRT MAMU,LOOSE SLEEVE TSHIRT ABU MUDA L,0,5,0,0,149000,745000,745000
Sep-2026,TIGALAPANKAOS PALU,LOOSE SLEEVE TSHIRT MAMU,LOOSE SLEEVE TSHIRT ABU MUDA L,0,5,0,0,149000,745000,745000
Okt-2026,TIGALAPANKAOS PALU,LOOSE SLEEVE TSHIRT MAMU,LOOSE SLEEVE TSHIRT ABU MUDA L,0,5,0,0,149000,745000,745000
Mar-2026,TIGALAPANKAOS PALU,LOOSE SLEEVE TSHIRT MAMU,LOOSE SLEEVE TSHIRT ABU MUDA M,0,5,0,0,149000,745000,0
Apr-2026,TIGALAPANKAOS PALU,LOOSE SLEEVE TSHIRT MAMU,LOOSE SLEEVE TSHIRT ABU MUDA M,0,5,0,0,149000,745000,745000
Mei-2026,TIGALAPANKAOS PALU,LOOSE SLEEVE TSHIRT MAMU,LOOSE SLEEVE TSHIRT ABU MUDA M,0,5,0,0,149000,745000,745000
Jun-2026,TIGALAPANKAOS PALU,LOOSE SLEEVE TSHIRT MAMU,LOOSE SLEEVE TSHIRT ABU MUDA M,0,5,0,0,149000,745000,745000
Jul-2026,TIGALAPANKAOS PALU,LOOSE SLEEVE TSHIRT MAMU,LOOSE SLEEVE TSHIRT ABU MUDA M,0,5,0,0,149000,745000,745000
Agu-2026,TIGALAPANKAOS PALU,LOOSE SLEEVE TSHIRT MAMU,LOOSE SLEEVE TSHIRT ABU MUDA M,0,5,0,0,149000,745000,745000
Sep-2026,TIGALAPANKAOS PALU,LOOSE SLEEVE TSHIRT MAMU,LOOSE SLEEVE TSHIRT ABU MUDA M,0,5,0,0,149000,745000,745000
Okt-2026,TIGALAPANKAOS PALU,LOOSE SLEEVE TSHIRT MAMU,LOOSE SLEEVE TSHIRT ABU MUDA M,0,5,0,0,149000,745000,745000
Mar-2026,TIGALAPANKAOS PALU,LOOSE SLEEVE TSHIRT MAMU,LOOSE SLEEVE TSHIRT ABU MUDA S,0,5,0,0,149000,745000,0
Apr-2026,TIGALAPANKAOS PALU,LOOSE SLEEVE TSHIRT MAMU,LOOSE SLEEVE TSHIRT ABU MUDA S,0,5,0,0,149000,745000,745000
Mei-2026,TIGALAPANKAOS PALU,LOOSE SLEEVE TSHIRT MAMU,LOOSE SLEEVE TSHIRT ABU MUDA S,0,5,0,0,149000,745000,745000
Jun-2026,TIGALAPANKAOS PALU,LOOSE SLEEVE TSHIRT MAMU,LOOSE SLEEVE TSHIRT ABU MUDA S,0,5,0,0,149000,745000,745000
Jul-2026,TIGALAPANKAOS PALU,LOOSE SLEEVE TSHIRT MAMU,LOOSE SLEEVE TSHIRT ABU MUDA S,77850,4,0,0,149000,596000,745000
Agu-2026,TIGALAPANKAOS PALU,LOOSE SLEEVE TSHIRT MAMU,LOOSE SLEEVE TSHIRT ABU MUDA S,0,4,0,0,149000,596000,596000
Sep-2026,TIGALAPANKAOS PALU,LOOSE SLEEVE TSHIRT MAMU,LOOSE SLEEVE TSHIRT ABU MUDA S,0,4,0,0,149000,596000,596000
Okt-2026,TIGALAPANKAOS PALU,LOOSE SLEEVE TSHIRT MAMU,LOOSE SLEEVE TSHIRT ABU MUDA S,0,4,0,0,149000,596000,596000
Mar-2026,TIGALAPANKAOS PALU,LOOSE SLEEVE TSHIRT MAMU,LOOSE SLEEVE TSHIRT BLACK L,0,5,0,0,149000,745000,0
Apr-2026,TIGALAPANKAOS PALU,LOOSE SLEEVE TSHIRT MAMU,LOOSE SLEEVE TSHIRT BLACK L,77850,4,0,0,149000,596000,745000
Mei-2026,TIGALAPANKAOS PALU,LOOSE SLEEVE TSHIRT MAMU,LOOSE SLEEVE TSHIRT BLACK L,0,4,0,0,149000,596000,596000
Jun-2026,TIGALAPANKAOS PALU,LOOSE SLEEVE TSHIRT MAMU,LOOSE SLEEVE TSHIRT BLACK L,77850,3,0,0,149000,447000,596000
Jul-2026,TIGALAPANKAOS PALU,LOOSE SLEEVE TSHIRT MAMU,LOOSE SLEEVE TSHIRT BLACK L,0,3,0,0,149000,447000,447000
Agu-2026,TIGALAPANKAOS PALU,LOOSE SLEEVE TSHIRT MAMU,LOOSE SLEEVE TSHIRT BLACK L,0,3,0,0,149000,447000,447000
Sep-2026,TIGALAPANKAOS PALU,LOOSE SLEEVE TSHIRT MAMU,LOOSE SLEEVE TSHIRT BLACK L,0,3,0,0,149000,447000,447000
Okt-2026,TIGALAPANKAOS PALU,LOOSE SLEEVE TSHIRT MAMU,LOOSE SLEEVE TSHIRT BLACK L,0,3,0,0,149000,447000,447000
Mar-2026,TIGALAPANKAOS PALU,LOOSE SLEEVE TSHIRT MAMU,LOOSE SLEEVE TSHIRT BLACK M,0,5,0,0,149000,745000,0
Apr-2026,TIGALAPANKAOS PALU,LOOSE SLEEVE TSHIRT MAMU,LOOSE SLEEVE TSHIRT BLACK M,0,5,0,0,149000,745000,745000
Mei-2026,TIGALAPANKAOS PALU,LOOSE SLEEVE TSHIRT MAMU,LOOSE SLEEVE TSHIRT BLACK M,0,5,0,0,149000,745000,745000
Jun-2026,TIGALAPANKAOS PALU,LOOSE SLEEVE TSHIRT MAMU,LOOSE SLEEVE TSHIRT BLACK M,0,5,0,0,149000,745000,745000
Jul-2026,TIGALAPANKAOS PALU,LOOSE SLEEVE TSHIRT MAMU,LOOSE SLEEVE TSHIRT BLACK M,77850,5,0,0,149000,745000,745000
Agu-2026,TIGALAPANKAOS PALU,LOOSE SLEEVE TSHIRT MAMU,LOOSE SLEEVE TSHIRT BLACK M,0,4,0,0,149000,596000,745000
Sep-2026,TIGALAPANKAOS PALU,LOOSE SLEEVE TSHIRT MAMU,LOOSE SLEEVE TSHIRT BLACK M,0,5,0,0,149000,745000,596000
Okt-2026,TIGALAPANKAOS PALU,LOOSE SLEEVE TSHIRT MAMU,LOOSE SLEEVE TSHIRT BLACK M,0,5,0,0,149000,745000,745000
Mar-2026,TIGALAPANKAOS PALU,LOOSE SLEEVE TSHIRT MAMU,LOOSE SLEEVE TSHIRT BLACK S,0,5,0,0,149000,745000,0
Apr-2026,TIGALAPANKAOS PALU,LOOSE SLEEVE TSHIRT MAMU,LOOSE SLEEVE TSHIRT BLACK S,0,5,0,0,149000,745000,745000
Mei-2026,TIGALAPANKAOS PALU,LOOSE SLEEVE TSHIRT MAMU,LOOSE SLEEVE TSHIRT BLACK S,0,5,0,0,149000,745000,745000
Jun-2026,TIGALAPANKAOS PALU,LOOSE SLEEVE TSHIRT MAMU,LOOSE SLEEVE TSHIRT BLACK S,77850,4,0,0,149000,596000,745000
Jul-2026,TIGALAPANKAOS PALU,LOOSE SLEEVE TSHIRT MAMU,LOOSE SLEEVE TSHIRT BLACK S,0,5,0,0,149000,745000,596000
Agu-2026,TIGALAPANKAOS PALU,LOOSE SLEEVE TSHIRT MAMU,LOOSE SLEEVE TSHIRT BLACK S,0,5,0,0,149000,745000,745000
Sep-2026,TIGALAPANKAOS PALU,LOOSE SLEEVE TSHIRT MAMU,LOOSE SLEEVE TSHIRT BLACK S,0,5,0,0,149000,745000,745000
Okt-2026,TIGALAPANKAOS PALU,LOOSE SLEEVE TSHIRT MAMU,LOOSE SLEEVE TSHIRT BLACK S,0,5,0,0,149000,745000,745000
Mar-2026,TIGALAPANKAOS PALU,LOOSE SLEEVE TSHIRT MAMU,LOOSE SLEEVE TSHIRT ERMINE L,0,5,0,0,149000,745000,0
Apr-2026,TIGALAPANKAOS PALU,LOOSE SLEEVE TSHIRT MAMU,LOOSE SLEEVE TSHIRT ERMINE L,0,5,0,0,149000,745000,745000
Mei-2026,TIGALAPANKAOS PALU,LOOSE SLEEVE TSHIRT MAMU,LOOSE SLEEVE TSHIRT ERMINE L,0,5,0,0,149000,745000,745000
Jun-2026,TIGALAPANKAOS PALU,LOOSE SLEEVE TSHIRT MAMU,LOOSE SLEEVE TSHIRT ERMINE L,0,5,0,0,149000,745000,745000
Jul-2026,TIGALAPANKAOS PALU,LOOSE SLEEVE TSHIRT MAMU,LOOSE SLEEVE TSHIRT ERMINE L,0,5,0,0,149000,745000,745000
Agu-2026,TIGALAPANKAOS PALU,LOOSE SLEEVE TSHIRT MAMU,LOOSE SLEEVE TSHIRT ERMINE L,77850,4,0,0,149000,596000,745000
Sep-2026,TIGALAPANKAOS PALU,LOOSE SLEEVE TSHIRT MAMU,LOOSE SLEEVE TSHIRT ERMINE L,0,4,0,0,149000,596000,596000
Okt-2026,TIGALAPANKAOS PALU,LOOSE SLEEVE TSHIRT MAMU,LOOSE SLEEVE TSHIRT ERMINE L,0,4,0,0,149000,596000,596000
Mar-2026,TIGALAPANKAOS PALU,LOOSE SLEEVE TSHIRT MAMU,LOOSE SLEEVE TSHIRT ERMINE M,0,5,0,0,149000,745000,0
Apr-2026,TIGALAPANKAOS PALU,LOOSE SLEEVE TSHIRT MAMU,LOOSE SLEEVE TSHIRT ERMINE M,0,5,0,0,149000,745000,745000
Mei-2026,TIGALAPANKAOS PALU,LOOSE SLEEVE TSHIRT MAMU,LOOSE SLEEVE TSHIRT ERMINE M,0,5,0,0,149000,745000,745000
Jun-2026,TIGALAPANKAOS PALU,LOOSE SLEEVE TSHIRT MAMU,LOOSE SLEEVE TSHIRT ERMINE M,0,5,0,0,149000,745000,745000
Jul-2026,TIGALAPANKAOS PALU,LOOSE SLEEVE TSHIRT MAMU,LOOSE SLEEVE TSHIRT ERMINE M,0,5,0,0,149000,745000,745000
Agu-2026,TIGALAPANKAOS PALU,LOOSE SLEEVE TSHIRT MAMU,LOOSE SLEEVE TSHIRT ERMINE M,0,5,0,0,149000,745000,745000
Sep-2026,TIGALAPANKAOS PALU,LOOSE SLEEVE TSHIRT MAMU,LOOSE SLEEVE TSHIRT ERMINE M,0,5,0,0,149000,745000,745000
Okt-2026,TIGALAPANKAOS PALU,LOOSE SLEEVE TSHIRT MAMU,LOOSE SLEEVE TSHIRT ERMINE M,0,5,0,0,149000,745000,745000
Mar-2026,TIGALAPANKAOS PALU,LOOSE SLEEVE TSHIRT MAMU,LOOSE SLEEVE TSHIRT ERMINE S,0,5,0,0,149000,745000,0
Apr-2026,TIGALAPANKAOS PALU,LOOSE SLEEVE TSHIRT MAMU,LOOSE SLEEVE TSHIRT ERMINE S,0,5,0,0,149000,745000,745000
Mei-2026,TIGALAPANKAOS PALU,LOOSE SLEEVE TSHIRT MAMU,LOOSE SLEEVE TSHIRT ERMINE S,0,5,0,0,149000,745000,745000
Jun-2026,TIGALAPANKAOS PALU,LOOSE SLEEVE TSHIRT MAMU,LOOSE SLEEVE TSHIRT ERMINE S,0,5,0,0,149000,745000,745000
Jul-2026,TIGALAPANKAOS PALU,LOOSE SLEEVE TSHIRT MAMU,LOOSE SLEEVE TSHIRT ERMINE S,0,5,0,0,149000,745000,745000
Agu-2026,TIGALAPANKAOS PALU,LOOSE SLEEVE TSHIRT MAMU,LOOSE SLEEVE TSHIRT ERMINE S,0,5,0,0,149000,745000,745000
Sep-2026,TIGALAPANKAOS PALU,LOOSE SLEEVE TSHIRT MAMU,LOOSE SLEEVE TSHIRT ERMINE S,155700,3,0,0,149000,447000,745000
Okt-2026,TIGALAPANKAOS PALU,LOOSE SLEEVE TSHIRT MAMU,LOOSE SLEEVE TSHIRT ERMINE S,0,3,0,0,149000,447000,447000
Mar-2026,TIGALAPANKAOS PALU,LOOSE SLEEVE TSHIRT MAMU,LOOSE SLEEVE TSHIRT STEEL BLUE L,0,5,0,0,149000,745000,0
Apr-2026,TIGALAPANKAOS PALU,LOOSE SLEEVE TSHIRT MAMU,LOOSE SLEEVE TSHIRT STEEL BLUE L,0,5,0,0,149000,745000,745000
Mei-2026,TIGALAPANKAOS PALU,LOOSE SLEEVE TSHIRT MAMU,LOOSE SLEEVE TSHIRT STEEL BLUE L,77850,4,0,0,149000,596000,745000
Jun-2026,TIGALAPANKAOS PALU,LOOSE SLEEVE TSHIRT MAMU,LOOSE SLEEVE TSHIRT STEEL BLUE L,0,4,0,0,149000,596000,596000
Jul-2026,TIGALAPANKAOS PALU,LOOSE SLEEVE TSHIRT MAMU,LOOSE SLEEVE TSHIRT STEEL BLUE L,0,4,0,0,149000,596000,596000
Agu-2026,TIGALAPANKAOS PALU,LOOSE SLEEVE TSHIRT MAMU,LOOSE SLEEVE TSHIRT STEEL BLUE L,0,4,0,0,149000,596000,596000
Sep-2026,TIGALAPANKAOS PALU,LOOSE SLEEVE TSHIRT MAMU,LOOSE SLEEVE TSHIRT STEEL BLUE L,0,4,0,0,149000,596000,596000
Okt-2026,TIGALAPANKAOS PALU,LOOSE SLEEVE TSHIRT MAMU,LOOSE SLEEVE TSHIRT STEEL BLUE L,0,4,0,0,149000,596000,596000
Mar-2026,TIGALAPANKAOS PALU,LOOSE SLEEVE TSHIRT MAMU,LOOSE SLEEVE TSHIRT STEEL BLUE M,0,5,0,0,149000,745000,0
Apr-2026,TIGALAPANKAOS PALU,LOOSE SLEEVE TSHIRT MAMU,LOOSE SLEEVE TSHIRT STEEL BLUE M,0,5,0,0,149000,745000,745000
Mei-2026,TIGALAPANKAOS PALU,LOOSE SLEEVE TSHIRT MAMU,LOOSE SLEEVE TSHIRT STEEL BLUE M,0,5,0,0,149000,745000,745000
Jun-2026,TIGALAPANKAOS PALU,LOOSE SLEEVE TSHIRT MAMU,LOOSE SLEEVE TSHIRT STEEL BLUE M,0,5,0,0,149000,745000,745000
Jul-2026,TIGALAPANKAOS PALU,LOOSE SLEEVE TSHIRT MAMU,LOOSE SLEEVE TSHIRT STEEL BLUE M,0,5,0,0,149000,745000,745000
Agu-2026,TIGALAPANKAOS PALU,LOOSE SLEEVE TSHIRT MAMU,LOOSE SLEEVE TSHIRT STEEL BLUE M,77850,4,0,0,149000,596000,745000
Sep-2026,TIGALAPANKAOS PALU,LOOSE SLEEVE TSHIRT MAMU,LOOSE SLEEVE TSHIRT STEEL BLUE M,0,4,0,0,149000,596000,596000
Okt-2026,TIGALAPANKAOS PALU,LOOSE SLEEVE TSHIRT MAMU,LOOSE SLEEVE TSHIRT STEEL BLUE M,0,4,0,0,149000,596000,596000
Mar-2026,TIGALAPANKAOS PALU,LOOSE SLEEVE TSHIRT MAMU,LOOSE SLEEVE TSHIRT STEEL BLUE S,0,5,0,0,149000,745000,0
Apr-2026,TIGALAPANKAOS PALU,LOOSE SLEEVE TSHIRT MAMU,LOOSE SLEEVE TSHIRT STEEL BLUE S,0,5,0,0,149000,745000,745000
Mei-2026,TIGALAPANKAOS PALU,LOOSE SLEEVE TSHIRT MAMU,LOOSE SLEEVE TSHIRT STEEL BLUE S,0,5,0,0,149000,745000,745000
Jun-2026,TIGALAPANKAOS PALU,LOOSE SLEEVE TSHIRT MAMU,LOOSE SLEEVE TSHIRT STEEL BLUE S,0,5,0,0,149000,745000,745000
Jul-2026,TIGALAPANKAOS PALU,LOOSE SLEEVE TSHIRT MAMU,LOOSE SLEEVE TSHIRT STEEL BLUE S,0,5,0,0,149000,745000,745000
Agu-2026,TIGALAPANKAOS PALU,LOOSE SLEEVE TSHIRT MAMU,LOOSE SLEEVE TSHIRT STEEL BLUE S,0,5,0,0,149000,745000,745000
Sep-2026,TIGALAPANKAOS PALU,LOOSE SLEEVE TSHIRT MAMU,LOOSE SLEEVE TSHIRT STEEL BLUE S,0,5,0,0,149000,745000,745000
Okt-2026,TIGALAPANKAOS PALU,LOOSE SLEEVE TSHIRT MAMU,LOOSE SLEEVE TSHIRT STEEL BLUE S,0,5,0,0,149000,745000,745000
Apr-2026,TIGALAPANKAOS POLMAN,LOOSE SLEEVE TSHIRT MAMU,LOOSE SLEEVE TSHIRT ABU MUDA M,0,3,0,0,149000,447000,0
Mei-2026,TIGALAPANKAOS POLMAN,LOOSE SLEEVE TSHIRT MAMU,LOOSE SLEEVE TSHIRT ABU MUDA M,0,3,0,0,149000,447000,447000
Jun-2026,TIGALAPANKAOS POLMAN,LOOSE SLEEVE TSHIRT MAMU,LOOSE SLEEVE TSHIRT ABU MUDA M,0,3,0,0,149000,447000,447000
Jul-2026,TIGALAPANKAOS POLMAN,LOOSE SLEEVE TSHIRT MAMU,LOOSE SLEEVE TSHIRT ABU MUDA M,0,3,0,0,149000,447000,447000
Agu-2026,TIGALAPANKAOS POLMAN,LOOSE SLEEVE TSHIRT MAMU,LOOSE SLEEVE TSHIRT ABU MUDA M,0,5,0,0,149000,745000,447000
Sep-2026,TIGALAPANKAOS POLMAN,LOOSE SLEEVE TSHIRT MAMU,LOOSE SLEEVE TSHIRT ABU MUDA M,0,0,0,0,149000,0,745000
Apr-2026,TIGALAPANKAOS POLMAN,LOOSE SLEEVE TSHIRT MAMU,LOOSE SLEEVE TSHIRT ABU MUDA S,0,3,0,0,149000,447000,0
Mei-2026,TIGALAPANKAOS POLMAN,LOOSE SLEEVE TSHIRT MAMU,LOOSE SLEEVE TSHIRT ABU MUDA S,0,3,0,0,149000,447000,447000
Jun-2026,TIGALAPANKAOS POLMAN,LOOSE SLEEVE TSHIRT MAMU,LOOSE SLEEVE TSHIRT ABU MUDA S,77850,2,0,0,149000,298000,447000
Jul-2026,TIGALAPANKAOS POLMAN,LOOSE SLEEVE TSHIRT MAMU,LOOSE SLEEVE TSHIRT ABU MUDA S,77850,1,0,0,149000,149000,298000
Agu-2026,TIGALAPANKAOS POLMAN,LOOSE SLEEVE TSHIRT MAMU,LOOSE SLEEVE TSHIRT ABU MUDA S,0,1,0,0,149000,149000,149000
Sep-2026,TIGALAPANKAOS POLMAN,LOOSE SLEEVE TSHIRT MAMU,LOOSE SLEEVE TSHIRT ABU MUDA S,0,0,0,0,149000,0,149000
Apr-2026,TIGALAPANKAOS POLMAN,LOOSE SLEEVE TSHIRT MAMU,LOOSE SLEEVE TSHIRT BLACK L,0,3,0,0,149000,447000,0
Mei-2026,TIGALAPANKAOS POLMAN,LOOSE SLEEVE TSHIRT MAMU,LOOSE SLEEVE TSHIRT BLACK L,0,3,0,0,149000,447000,447000
Jun-2026,TIGALAPANKAOS POLMAN,LOOSE SLEEVE TSHIRT MAMU,LOOSE SLEEVE TSHIRT BLACK L,0,3,0,0,149000,447000,447000
Jul-2026,TIGALAPANKAOS POLMAN,LOOSE SLEEVE TSHIRT MAMU,LOOSE SLEEVE TSHIRT BLACK L,0,3,0,0,149000,447000,447000
Agu-2026,TIGALAPANKAOS POLMAN,LOOSE SLEEVE TSHIRT MAMU,LOOSE SLEEVE TSHIRT BLACK L,155700,2,0,0,149000,298000,447000
Sep-2026,TIGALAPANKAOS POLMAN,LOOSE SLEEVE TSHIRT MAMU,LOOSE SLEEVE TSHIRT BLACK L,0,0,0,0,149000,0,298000
Apr-2026,TIGALAPANKAOS POLMAN,LOOSE SLEEVE TSHIRT MAMU,LOOSE SLEEVE TSHIRT BLACK M,77850,2,0,0,149000,298000,0
Mei-2026,TIGALAPANKAOS POLMAN,LOOSE SLEEVE TSHIRT MAMU,LOOSE SLEEVE TSHIRT BLACK M,0,2,0,0,149000,298000,298000
Jun-2026,TIGALAPANKAOS POLMAN,LOOSE SLEEVE TSHIRT MAMU,LOOSE SLEEVE TSHIRT BLACK M,77850,1,0,0,149000,149000,298000
Jul-2026,TIGALAPANKAOS POLMAN,LOOSE SLEEVE TSHIRT MAMU,LOOSE SLEEVE TSHIRT BLACK M,0,1,0,0,149000,149000,149000
Agu-2026,TIGALAPANKAOS POLMAN,LOOSE SLEEVE TSHIRT MAMU,LOOSE SLEEVE TSHIRT BLACK M,0,3,0,0,149000,447000,149000
Sep-2026,TIGALAPANKAOS POLMAN,LOOSE SLEEVE TSHIRT MAMU,LOOSE SLEEVE TSHIRT BLACK M,77850,0,0,0,149000,0,447000
Apr-2026,TIGALAPANKAOS POLMAN,LOOSE SLEEVE TSHIRT MAMU,LOOSE SLEEVE TSHIRT BLACK S,0,3,0,0,149000,447000,0
Mei-2026,TIGALAPANKAOS POLMAN,LOOSE SLEEVE TSHIRT MAMU,LOOSE SLEEVE TSHIRT BLACK S,0,3,0,0,149000,447000,447000
Jun-2026,TIGALAPANKAOS POLMAN,LOOSE SLEEVE TSHIRT MAMU,LOOSE SLEEVE TSHIRT BLACK S,0,3,0,0,149000,447000,447000
Jul-2026,TIGALAPANKAOS POLMAN,LOOSE SLEEVE TSHIRT MAMU,LOOSE SLEEVE TSHIRT BLACK S,0,3,0,0,149000,447000,447000
Agu-2026,TIGALAPANKAOS POLMAN,LOOSE SLEEVE TSHIRT MAMU,LOOSE SLEEVE TSHIRT BLACK S,0,3,0,0,149000,447000,447000
Sep-2026,TIGALAPANKAOS POLMAN,LOOSE SLEEVE TSHIRT MAMU,LOOSE SLEEVE TSHIRT BLACK S,0,0,0,0,149000,0,447000
Apr-2026,TIGALAPANKAOS POLMAN,LOOSE SLEEVE TSHIRT MAMU,LOOSE SLEEVE TSHIRT ERMINE M,0,3,0,0,149000,447000,0
Mei-2026,TIGALAPANKAOS POLMAN,LOOSE SLEEVE TSHIRT MAMU,LOOSE SLEEVE TSHIRT ERMINE M,0,3,0,0,149000,447000,447000
Jun-2026,TIGALAPANKAOS POLMAN,LOOSE SLEEVE TSHIRT MAMU,LOOSE SLEEVE TSHIRT ERMINE M,77850,2,0,0,149000,298000,447000
Jul-2026,TIGALAPANKAOS POLMAN,LOOSE SLEEVE TSHIRT MAMU,LOOSE SLEEVE TSHIRT ERMINE M,0,2,0,0,149000,298000,298000
Agu-2026,TIGALAPANKAOS POLMAN,LOOSE SLEEVE TSHIRT MAMU,LOOSE SLEEVE TSHIRT ERMINE M,0,2,0,0,149000,298000,298000
Sep-2026,TIGALAPANKAOS POLMAN,LOOSE SLEEVE TSHIRT MAMU,LOOSE SLEEVE TSHIRT ERMINE M,0,0,0,0,149000,0,298000
Apr-2026,TIGALAPANKAOS POLMAN,LOOSE SLEEVE TSHIRT MAMU,LOOSE SLEEVE TSHIRT ERMINE S,0,3,0,0,149000,447000,0
Mei-2026,TIGALAPANKAOS POLMAN,LOOSE SLEEVE TSHIRT MAMU,LOOSE SLEEVE TSHIRT ERMINE S,0,3,0,0,149000,447000,447000
Jun-2026,TIGALAPANKAOS POLMAN,LOOSE SLEEVE TSHIRT MAMU,LOOSE SLEEVE TSHIRT ERMINE S,0,3,0,0,149000,447000,447000
Jul-2026,TIGALAPANKAOS POLMAN,LOOSE SLEEVE TSHIRT MAMU,LOOSE SLEEVE TSHIRT ERMINE S,0,3,0,0,149000,447000,447000
Agu-2026,TIGALAPANKAOS POLMAN,LOOSE SLEEVE TSHIRT MAMU,LOOSE SLEEVE TSHIRT ERMINE S,0,3,0,0,149000,447000,447000
Sep-2026,TIGALAPANKAOS POLMAN,LOOSE SLEEVE TSHIRT MAMU,LOOSE SLEEVE TSHIRT ERMINE S,77850,0,0,0,149000,0,447000
Apr-2026,TIGALAPANKAOS POLMAN,LOOSE SLEEVE TSHIRT MAMU,LOOSE SLEEVE TSHIRT STEEL BLUE L,0,1,0,0,149000,149000,0
Mei-2026,TIGALAPANKAOS POLMAN,LOOSE SLEEVE TSHIRT MAMU,LOOSE SLEEVE TSHIRT STEEL BLUE L,0,1,0,0,149000,149000,149000
Jun-2026,TIGALAPANKAOS POLMAN,LOOSE SLEEVE TSHIRT MAMU,LOOSE SLEEVE TSHIRT STEEL BLUE L,0,1,0,0,149000,149000,149000
Jul-2026,TIGALAPANKAOS POLMAN,LOOSE SLEEVE TSHIRT MAMU,LOOSE SLEEVE TSHIRT STEEL BLUE L,0,1,0,0,149000,149000,149000
Agu-2026,TIGALAPANKAOS POLMAN,LOOSE SLEEVE TSHIRT MAMU,LOOSE SLEEVE TSHIRT STEEL BLUE L,0,1,0,0,149000,149000,149000
Sep-2026,TIGALAPANKAOS POLMAN,LOOSE SLEEVE TSHIRT MAMU,LOOSE SLEEVE TSHIRT STEEL BLUE L,0,0,0,0,149000,0,149000
Apr-2026,TIGALAPANKAOS POLMAN,LOOSE SLEEVE TSHIRT MAMU,LOOSE SLEEVE TSHIRT STEEL BLUE M,0,3,0,0,149000,447000,0
Mei-2026,TIGALAPANKAOS POLMAN,LOOSE SLEEVE TSHIRT MAMU,LOOSE SLEEVE TSHIRT STEEL BLUE M,0,3,0,0,149000,447000,447000
Jun-2026,TIGALAPANKAOS POLMAN,LOOSE SLEEVE TSHIRT MAMU,LOOSE SLEEVE TSHIRT STEEL BLUE M,0,3,0,0,149000,447000,447000
Jul-2026,TIGALAPANKAOS POLMAN,LOOSE SLEEVE TSHIRT MAMU,LOOSE SLEEVE TSHIRT STEEL BLUE M,0,3,0,0,149000,447000,447000
Agu-2026,TIGALAPANKAOS POLMAN,LOOSE SLEEVE TSHIRT MAMU,LOOSE SLEEVE TSHIRT STEEL BLUE M,0,3,0,0,149000,447000,447000
Sep-2026,TIGALAPANKAOS POLMAN,LOOSE SLEEVE TSHIRT MAMU,LOOSE SLEEVE TSHIRT STEEL BLUE M,0,0,0,0,149000,0,447000
Apr-2026,TIGALAPANKAOS POLMAN,LOOSE SLEEVE TSHIRT MAMU,LOOSE SLEEVE TSHIRT STEEL BLUE S,0,3,0,0,149000,447000,0
Mei-2026,TIGALAPANKAOS POLMAN,LOOSE SLEEVE TSHIRT MAMU,LOOSE SLEEVE TSHIRT STEEL BLUE S,0,3,0,0,149000,447000,447000
Jun-2026,TIGALAPANKAOS POLMAN,LOOSE SLEEVE TSHIRT MAMU,LOOSE SLEEVE TSHIRT STEEL BLUE S,0,3,0,0,149000,447000,447000
Jul-2026,TIGALAPANKAOS POLMAN,LOOSE SLEEVE TSHIRT MAMU,LOOSE SLEEVE TSHIRT STEEL BLUE S,0,3,0,0,149000,447000,447000
Agu-2026,TIGALAPANKAOS POLMAN,LOOSE SLEEVE TSHIRT MAMU,LOOSE SLEEVE TSHIRT STEEL BLUE S,0,3,0,0,149000,447000,447000
Sep-2026,TIGALAPANKAOS POLMAN,LOOSE SLEEVE TSHIRT MAMU,LOOSE SLEEVE TSHIRT STEEL BLUE S,0,0,0,0,149000,0,447000
Apr-2026,TIGALAPANKAOS SAMARINDA,LOOSE SLEEVE TSHIRT MAMU,LOOSE SLEEVE TSHIRT ABU MUDA L,0,10,0,0,149000,1490000,0
Mei-2026,TIGALAPANKAOS SAMARINDA,LOOSE SLEEVE TSHIRT MAMU,LOOSE SLEEVE TSHIRT ABU MUDA L,0,10,0,0,149000,1490000,1490000
Jun-2026,TIGALAPANKAOS SAMARINDA,LOOSE SLEEVE TSHIRT MAMU,LOOSE SLEEVE TSHIRT ABU MUDA L,0,10,0,0,149000,1490000,1490000
Jul-2026,TIGALAPANKAOS SAMARINDA,LOOSE SLEEVE TSHIRT MAMU,LOOSE SLEEVE TSHIRT ABU MUDA L,0,10,0,0,149000,1490000,1490000
Agu-2026,TIGALAPANKAOS SAMARINDA,LOOSE SLEEVE TSHIRT MAMU,LOOSE SLEEVE TSHIRT ABU MUDA L,0,10,0,0,149000,1490000,1490000
Sep-2026,TIGALAPANKAOS SAMARINDA,LOOSE SLEEVE TSHIRT MAMU,LOOSE SLEEVE TSHIRT ABU MUDA L,77850,9,0,0,149000,1341000,1490000
Okt-2026,TIGALAPANKAOS SAMARINDA,LOOSE SLEEVE TSHIRT MAMU,LOOSE SLEEVE TSHIRT ABU MUDA L,0,9,0,0,149000,1341000,1341000
Apr-2026,TIGALAPANKAOS SAMARINDA,LOOSE SLEEVE TSHIRT MAMU,LOOSE SLEEVE TSHIRT ABU MUDA M,0,10,0,0,149000,1490000,0
Mei-2026,TIGALAPANKAOS SAMARINDA,LOOSE SLEEVE TSHIRT MAMU,LOOSE SLEEVE TSHIRT ABU MUDA M,0,10,0,0,149000,1490000,1490000
Jun-2026,TIGALAPANKAOS SAMARINDA,LOOSE SLEEVE TSHIRT MAMU,LOOSE SLEEVE TSHIRT ABU MUDA M,0,10,0,0,149000,1490000,1490000
Jul-2026,TIGALAPANKAOS SAMARINDA,LOOSE SLEEVE TSHIRT MAMU,LOOSE SLEEVE TSHIRT ABU MUDA M,0,10,0,0,149000,1490000,1490000
Agu-2026,TIGALAPANKAOS SAMARINDA,LOOSE SLEEVE TSHIRT MAMU,LOOSE SLEEVE TSHIRT ABU MUDA M,0,10,0,0,149000,1490000,1490000
Sep-2026,TIGALAPANKAOS SAMARINDA,LOOSE SLEEVE TSHIRT MAMU,LOOSE SLEEVE TSHIRT ABU MUDA M,0,10,0,0,149000,1490000,1490000
Okt-2026,TIGALAPANKAOS SAMARINDA,LOOSE SLEEVE TSHIRT MAMU,LOOSE SLEEVE TSHIRT ABU MUDA M,0,10,0,0,149000,1490000,1490000
Apr-2026,TIGALAPANKAOS SAMARINDA,LOOSE SLEEVE TSHIRT MAMU,LOOSE SLEEVE TSHIRT ABU MUDA S,0,10,0,0,149000,1490000,0
Mei-2026,TIGALAPANKAOS SAMARINDA,LOOSE SLEEVE TSHIRT MAMU,LOOSE SLEEVE TSHIRT ABU MUDA S,0,10,0,0,149000,1490000,1490000
Jun-2026,TIGALAPANKAOS SAMARINDA,LOOSE SLEEVE TSHIRT MAMU,LOOSE SLEEVE TSHIRT ABU MUDA S,77850,9,0,0,149000,1341000,1490000
Jul-2026,TIGALAPANKAOS SAMARINDA,LOOSE SLEEVE TSHIRT MAMU,LOOSE SLEEVE TSHIRT ABU MUDA S,0,9,0,0,149000,1341000,1341000
Agu-2026,TIGALAPANKAOS SAMARINDA,LOOSE SLEEVE TSHIRT MAMU,LOOSE SLEEVE TSHIRT ABU MUDA S,0,9,0,0,149000,1341000,1341000
Sep-2026,TIGALAPANKAOS SAMARINDA,LOOSE SLEEVE TSHIRT MAMU,LOOSE SLEEVE TSHIRT ABU MUDA S,0,9,0,0,149000,1341000,1341000
Okt-2026,TIGALAPANKAOS SAMARINDA,LOOSE SLEEVE TSHIRT MAMU,LOOSE SLEEVE TSHIRT ABU MUDA S,0,9,0,0,149000,1341000,1341000
Apr-2026,TIGALAPANKAOS SAMARINDA,LOOSE SLEEVE TSHIRT MAMU,LOOSE SLEEVE TSHIRT BLACK L,0,10,4,0,149000,2086000,0
Mei-2026,TIGALAPANKAOS SAMARINDA,LOOSE SLEEVE TSHIRT MAMU,LOOSE SLEEVE TSHIRT BLACK L,0,14,0,0,149000,2086000,2086000
Jun-2026,TIGALAPANKAOS SAMARINDA,LOOSE SLEEVE TSHIRT MAMU,LOOSE SLEEVE TSHIRT BLACK L,0,14,0,0,149000,2086000,2086000
Jul-2026,TIGALAPANKAOS SAMARINDA,LOOSE SLEEVE TSHIRT MAMU,LOOSE SLEEVE TSHIRT BLACK L,0,14,0,0,149000,2086000,2086000
Agu-2026,TIGALAPANKAOS SAMARINDA,LOOSE SLEEVE TSHIRT MAMU,LOOSE SLEEVE TSHIRT BLACK L,0,14,0,0,149000,2086000,2086000
Sep-2026,TIGALAPANKAOS SAMARINDA,LOOSE SLEEVE TSHIRT MAMU,LOOSE SLEEVE TSHIRT BLACK L,155700,12,0,0,149000,1788000,2086000
Okt-2026,TIGALAPANKAOS SAMARINDA,LOOSE SLEEVE TSHIRT MAMU,LOOSE SLEEVE TSHIRT BLACK L,0,12,0,0,149000,1788000,1788000
Apr-2026,TIGALAPANKAOS SAMARINDA,LOOSE SLEEVE TSHIRT MAMU,LOOSE SLEEVE TSHIRT BLACK M,0,10,5,0,149000,2235000,0
Mei-2026,TIGALAPANKAOS SAMARINDA,LOOSE SLEEVE TSHIRT MAMU,LOOSE SLEEVE TSHIRT BLACK M,0,15,0,0,149000,2235000,2235000
Jun-2026,TIGALAPANKAOS SAMARINDA,LOOSE SLEEVE TSHIRT MAMU,LOOSE SLEEVE TSHIRT BLACK M,0,15,0,0,149000,2235000,2235000
Jul-2026,TIGALAPANKAOS SAMARINDA,LOOSE SLEEVE TSHIRT MAMU,LOOSE SLEEVE TSHIRT BLACK M,0,15,0,0,149000,2235000,2235000
Agu-2026,TIGALAPANKAOS SAMARINDA,LOOSE SLEEVE TSHIRT MAMU,LOOSE SLEEVE TSHIRT BLACK M,77850,14,0,0,149000,2086000,2235000
Sep-2026,TIGALAPANKAOS SAMARINDA,LOOSE SLEEVE TSHIRT MAMU,LOOSE SLEEVE TSHIRT BLACK M,0,14,0,0,149000,2086000,2086000
Okt-2026,TIGALAPANKAOS SAMARINDA,LOOSE SLEEVE TSHIRT MAMU,LOOSE SLEEVE TSHIRT BLACK M,0,14,0,0,149000,2086000,2086000
Apr-2026,TIGALAPANKAOS SAMARINDA,LOOSE SLEEVE TSHIRT MAMU,LOOSE SLEEVE TSHIRT BLACK S,0,10,5,0,149000,2235000,0
Mei-2026,TIGALAPANKAOS SAMARINDA,LOOSE SLEEVE TSHIRT MAMU,LOOSE SLEEVE TSHIRT BLACK S,77850,14,0,0,149000,2086000,2235000
Jun-2026,TIGALAPANKAOS SAMARINDA,LOOSE SLEEVE TSHIRT MAMU,LOOSE SLEEVE TSHIRT BLACK S,0,14,0,0,149000,2086000,2086000
Jul-2026,TIGALAPANKAOS SAMARINDA,LOOSE SLEEVE TSHIRT MAMU,LOOSE SLEEVE TSHIRT BLACK S,77850,13,0,0,149000,1937000,2086000
Agu-2026,TIGALAPANKAOS SAMARINDA,LOOSE SLEEVE TSHIRT MAMU,LOOSE SLEEVE TSHIRT BLACK S,77850,13,0,0,149000,1937000,1937000
Sep-2026,TIGALAPANKAOS SAMARINDA,LOOSE SLEEVE TSHIRT MAMU,LOOSE SLEEVE TSHIRT BLACK S,0,12,0,0,149000,1788000,1937000
Okt-2026,TIGALAPANKAOS SAMARINDA,LOOSE SLEEVE TSHIRT MAMU,LOOSE SLEEVE TSHIRT BLACK S,0,12,0,0,149000,1788000,1788000
Apr-2026,TIGALAPANKAOS SAMARINDA,LOOSE SLEEVE TSHIRT MAMU,LOOSE SLEEVE TSHIRT BLACK XL,0,5,0,0,149000,745000,0
Mei-2026,TIGALAPANKAOS SAMARINDA,LOOSE SLEEVE TSHIRT MAMU,LOOSE SLEEVE TSHIRT BLACK XL,0,5,0,0,149000,745000,745000
Jun-2026,TIGALAPANKAOS SAMARINDA,LOOSE SLEEVE TSHIRT MAMU,LOOSE SLEEVE TSHIRT BLACK XL,0,5,0,0,149000,745000,745000
Jul-2026,TIGALAPANKAOS SAMARINDA,LOOSE SLEEVE TSHIRT MAMU,LOOSE SLEEVE TSHIRT BLACK XL,0,5,0,0,149000,745000,745000
Agu-2026,TIGALAPANKAOS SAMARINDA,LOOSE SLEEVE TSHIRT MAMU,LOOSE SLEEVE TSHIRT BLACK XL,0,5,0,0,149000,745000,745000
Sep-2026,TIGALAPANKAOS SAMARINDA,LOOSE SLEEVE TSHIRT MAMU,LOOSE SLEEVE TSHIRT BLACK XL,0,5,0,0,149000,745000,745000
Okt-2026,TIGALAPANKAOS SAMARINDA,LOOSE SLEEVE TSHIRT MAMU,LOOSE SLEEVE TSHIRT BLACK XL,0,5,0,0,149000,745000,745000
Apr-2026,TIGALAPANKAOS SAMARINDA,LOOSE SLEEVE TSHIRT MAMU,LOOSE SLEEVE TSHIRT ERMINE L,0,5,0,0,149000,745000,0
Mei-2026,TIGALAPANKAOS SAMARINDA,LOOSE SLEEVE TSHIRT MAMU,LOOSE SLEEVE TSHIRT ERMINE L,0,5,0,0,149000,745000,745000
Jun-2026,TIGALAPANKAOS SAMARINDA,LOOSE SLEEVE TSHIRT MAMU,LOOSE SLEEVE TSHIRT ERMINE L,0,5,0,0,149000,745000,745000
Jul-2026,TIGALAPANKAOS SAMARINDA,LOOSE SLEEVE TSHIRT MAMU,LOOSE SLEEVE TSHIRT ERMINE L,0,5,0,0,149000,745000,745000
Agu-2026,TIGALAPANKAOS SAMARINDA,LOOSE SLEEVE TSHIRT MAMU,LOOSE SLEEVE TSHIRT ERMINE L,0,5,0,0,149000,745000,745000
Sep-2026,TIGALAPANKAOS SAMARINDA,LOOSE SLEEVE TSHIRT MAMU,LOOSE SLEEVE TSHIRT ERMINE L,0,5,0,0,149000,745000,745000
Okt-2026,TIGALAPANKAOS SAMARINDA,LOOSE SLEEVE TSHIRT MAMU,LOOSE SLEEVE TSHIRT ERMINE L,77850,5,0,0,149000,745000,745000
Apr-2026,TIGALAPANKAOS SAMARINDA,LOOSE SLEEVE TSHIRT MAMU,LOOSE SLEEVE TSHIRT ERMINE M,0,10,0,0,149000,1490000,0
Mei-2026,TIGALAPANKAOS SAMARINDA,LOOSE SLEEVE TSHIRT MAMU,LOOSE SLEEVE TSHIRT ERMINE M,155700,8,0,0,149000,1192000,1490000
Jun-2026,TIGALAPANKAOS SAMARINDA,LOOSE SLEEVE TSHIRT MAMU,LOOSE SLEEVE TSHIRT ERMINE M,0,8,0,0,149000,1192000,1192000
Jul-2026,TIGALAPANKAOS SAMARINDA,LOOSE SLEEVE TSHIRT MAMU,LOOSE SLEEVE TSHIRT ERMINE M,0,8,0,0,149000,1192000,1192000
Agu-2026,TIGALAPANKAOS SAMARINDA,LOOSE SLEEVE TSHIRT MAMU,LOOSE SLEEVE TSHIRT ERMINE M,0,8,0,0,149000,1192000,1192000
Sep-2026,TIGALAPANKAOS SAMARINDA,LOOSE SLEEVE TSHIRT MAMU,LOOSE SLEEVE TSHIRT ERMINE M,0,8,0,0,149000,1192000,1192000
Okt-2026,TIGALAPANKAOS SAMARINDA,LOOSE SLEEVE TSHIRT MAMU,LOOSE SLEEVE TSHIRT ERMINE M,0,8,0,0,149000,1192000,1192000
Apr-2026,TIGALAPANKAOS SAMARINDA,LOOSE SLEEVE TSHIRT MAMU,LOOSE SLEEVE TSHIRT ERMINE S,0,10,0,0,149000,1490000,0
Mei-2026,TIGALAPANKAOS SAMARINDA,LOOSE SLEEVE TSHIRT MAMU,LOOSE SLEEVE TSHIRT ERMINE S,0,10,0,0,149000,1490000,1490000
Jun-2026,TIGALAPANKAOS SAMARINDA,LOOSE SLEEVE TSHIRT MAMU,LOOSE SLEEVE TSHIRT ERMINE S,0,10,0,0,149000,1490000,1490000
Jul-2026,TIGALAPANKAOS SAMARINDA,LOOSE SLEEVE TSHIRT MAMU,LOOSE SLEEVE TSHIRT ERMINE S,77850,9,0,0,149000,1341000,1490000
Agu-2026,TIGALAPANKAOS SAMARINDA,LOOSE SLEEVE TSHIRT MAMU,LOOSE SLEEVE TSHIRT ERMINE S,0,9,0,0,149000,1341000,1341000
Sep-2026,TIGALAPANKAOS SAMARINDA,LOOSE SLEEVE TSHIRT MAMU,LOOSE SLEEVE TSHIRT ERMINE S,0,9,0,0,149000,1341000,1341000
Okt-2026,TIGALAPANKAOS SAMARINDA,LOOSE SLEEVE TSHIRT MAMU,LOOSE SLEEVE TSHIRT ERMINE S,0,9,0,0,149000,1341000,1341000
Apr-2026,TIGALAPANKAOS SAMARINDA,LOOSE SLEEVE TSHIRT MAMU,LOOSE SLEEVE TSHIRT STEEL BLUE L,0,5,4,0,149000,1341000,0
Mei-2026,TIGALAPANKAOS SAMARINDA,LOOSE SLEEVE TSHIRT MAMU,LOOSE SLEEVE TSHIRT STEEL BLUE L,0,9,0,0,149000,1341000,1341000
Jun-2026,TIGALAPANKAOS SAMARINDA,LOOSE SLEEVE TSHIRT MAMU,LOOSE SLEEVE TSHIRT STEEL BLUE L,0,9,0,0,149000,1341000,1341000
Jul-2026,TIGALAPANKAOS SAMARINDA,LOOSE SLEEVE TSHIRT MAMU,LOOSE SLEEVE TSHIRT STEEL BLUE L,77850,9,0,0,149000,1341000,1341000
Agu-2026,TIGALAPANKAOS SAMARINDA,LOOSE SLEEVE TSHIRT MAMU,LOOSE SLEEVE TSHIRT STEEL BLUE L,0,8,0,0,149000,1192000,1341000
Sep-2026,TIGALAPANKAOS SAMARINDA,LOOSE SLEEVE TSHIRT MAMU,LOOSE SLEEVE TSHIRT STEEL BLUE L,0,8,0,0,149000,1192000,1192000
Okt-2026,TIGALAPANKAOS SAMARINDA,LOOSE SLEEVE TSHIRT MAMU,LOOSE SLEEVE TSHIRT STEEL BLUE L,0,8,0,0,149000,1192000,1192000
Apr-2026,TIGALAPANKAOS SAMARINDA,LOOSE SLEEVE TSHIRT MAMU,LOOSE SLEEVE TSHIRT STEEL BLUE M,0,5,5,0,149000,1490000,0
Mei-2026,TIGALAPANKAOS SAMARINDA,LOOSE SLEEVE TSHIRT MAMU,LOOSE SLEEVE TSHIRT STEEL BLUE M,0,11,0,0,149000,1639000,1490000
Jun-2026,TIGALAPANKAOS SAMARINDA,LOOSE SLEEVE TSHIRT MAMU,LOOSE SLEEVE TSHIRT STEEL BLUE M,77850,10,0,0,149000,1490000,1639000
Jul-2026,TIGALAPANKAOS SAMARINDA,LOOSE SLEEVE TSHIRT MAMU,LOOSE SLEEVE TSHIRT STEEL BLUE M,-77850,10,0,0,149000,1490000,1490000
Agu-2026,TIGALAPANKAOS SAMARINDA,LOOSE SLEEVE TSHIRT MAMU,LOOSE SLEEVE TSHIRT STEEL BLUE M,0,11,0,0,149000,1639000,1490000
Sep-2026,TIGALAPANKAOS SAMARINDA,LOOSE SLEEVE TSHIRT MAMU,LOOSE SLEEVE TSHIRT STEEL BLUE M,155700,9,0,0,149000,1341000,1639000
Okt-2026,TIGALAPANKAOS SAMARINDA,LOOSE SLEEVE TSHIRT MAMU,LOOSE SLEEVE TSHIRT STEEL BLUE M,0,9,0,0,149000,1341000,1341000
Apr-2026,TIGALAPANKAOS SAMARINDA,LOOSE SLEEVE TSHIRT MAMU,LOOSE SLEEVE TSHIRT STEEL BLUE S,0,10,0,0,149000,1490000,0
Mei-2026,TIGALAPANKAOS SAMARINDA,LOOSE SLEEVE TSHIRT MAMU,LOOSE SLEEVE TSHIRT STEEL BLUE S,77850,9,0,0,149000,1341000,1490000
Jun-2026,TIGALAPANKAOS SAMARINDA,LOOSE SLEEVE TSHIRT MAMU,LOOSE SLEEVE TSHIRT STEEL BLUE S,0,9,0,0,149000,1341000,1341000
Jul-2026,TIGALAPANKAOS SAMARINDA,LOOSE SLEEVE TSHIRT MAMU,LOOSE SLEEVE TSHIRT STEEL BLUE S,0,9,0,0,149000,1341000,1341000
Agu-2026,TIGALAPANKAOS SAMARINDA,LOOSE SLEEVE TSHIRT MAMU,LOOSE SLEEVE TSHIRT STEEL BLUE S,77850,9,0,0,149000,1341000,1341000
Sep-2026,TIGALAPANKAOS SAMARINDA,LOOSE SLEEVE TSHIRT MAMU,LOOSE SLEEVE TSHIRT STEEL BLUE S,0,8,0,0,149000,1192000,1341000
Okt-2026,TIGALAPANKAOS SAMARINDA,LOOSE SLEEVE TSHIRT MAMU,LOOSE SLEEVE TSHIRT STEEL BLUE S,0,8,0,0,149000,1192000,1192000
Mar-2026,DC TIGALAPAN,LOOSE SLEEVE TSHIRT MAMU,LOOSE SLEEVE TSHIRT ABU MUDA L,0,23,0,0,149000,3427000,0
Apr-2026,DC TIGALAPAN,LOOSE SLEEVE TSHIRT MAMU,LOOSE SLEEVE TSHIRT ABU MUDA L,0,1,0,0,149000,149000,3427000
Mei-2026,DC TIGALAPAN,LOOSE SLEEVE TSHIRT MAMU,LOOSE SLEEVE TSHIRT ABU MUDA L,0,1,0,0,149000,149000,149000
Mar-2026,DC TIGALAPAN,LOOSE SLEEVE TSHIRT MAMU,LOOSE SLEEVE TSHIRT ABU MUDA M,0,88,0,0,149000,13112000,0
Apr-2026,DC TIGALAPAN,LOOSE SLEEVE TSHIRT MAMU,LOOSE SLEEVE TSHIRT ABU MUDA M,0,38,0,0,149000,5662000,13112000
Mei-2026,DC TIGALAPAN,LOOSE SLEEVE TSHIRT MAMU,LOOSE SLEEVE TSHIRT ABU MUDA M,0,38,0,0,149000,5662000,5662000
Jun-2026,DC TIGALAPAN,LOOSE SLEEVE TSHIRT MAMU,LOOSE SLEEVE TSHIRT ABU MUDA M,0,38,0,0,149000,5662000,5662000
Jul-2026,DC TIGALAPAN,LOOSE SLEEVE TSHIRT MAMU,LOOSE SLEEVE TSHIRT ABU MUDA M,0,38,0,0,149000,5662000,5662000
Agu-2026,DC TIGALAPAN,LOOSE SLEEVE TSHIRT MAMU,LOOSE SLEEVE TSHIRT ABU MUDA M,0,36,0,0,149000,5364000,5662000
Sep-2026,DC TIGALAPAN,LOOSE SLEEVE TSHIRT MAMU,LOOSE SLEEVE TSHIRT ABU MUDA M,0,26,0,0,149000,3874000,5364000
Okt-2026,DC TIGALAPAN,LOOSE SLEEVE TSHIRT MAMU,LOOSE SLEEVE TSHIRT ABU MUDA M,0,26,0,0,149000,3874000,3874000
Mar-2026,DC TIGALAPAN,LOOSE SLEEVE TSHIRT MAMU,LOOSE SLEEVE TSHIRT ABU MUDA S,0,52,0,0,149000,7748000,0
Apr-2026,DC TIGALAPAN,LOOSE SLEEVE TSHIRT MAMU,LOOSE SLEEVE TSHIRT ABU MUDA S,0,7,0,0,149000,1043000,7748000
Mei-2026,DC TIGALAPAN,LOOSE SLEEVE TSHIRT MAMU,LOOSE SLEEVE TSHIRT ABU MUDA S,0,7,0,0,149000,1043000,1043000
Jun-2026,DC TIGALAPAN,LOOSE SLEEVE TSHIRT MAMU,LOOSE SLEEVE TSHIRT ABU MUDA S,0,7,0,0,149000,1043000,1043000
Jul-2026,DC TIGALAPAN,LOOSE SLEEVE TSHIRT MAMU,LOOSE SLEEVE TSHIRT ABU MUDA S,0,6,0,0,149000,894000,1043000
Agu-2026,DC TIGALAPAN,LOOSE SLEEVE TSHIRT MAMU,LOOSE SLEEVE TSHIRT ABU MUDA S,0,5,0,0,149000,745000,894000
Sep-2026,DC TIGALAPAN,LOOSE SLEEVE TSHIRT MAMU,LOOSE SLEEVE TSHIRT ABU MUDA S,0,1,0,0,149000,149000,745000
Okt-2026,DC TIGALAPAN,LOOSE SLEEVE TSHIRT MAMU,LOOSE SLEEVE TSHIRT ABU MUDA S,0,1,0,0,149000,149000,149000
Mar-2026,DC TIGALAPAN,LOOSE SLEEVE TSHIRT MAMU,LOOSE SLEEVE TSHIRT ABU MUDA XL,0,5,0,0,149000,745000,0
Apr-2026,DC TIGALAPAN,LOOSE SLEEVE TSHIRT MAMU,LOOSE SLEEVE TSHIRT ABU MUDA XL,0,2,0,0,149000,298000,745000
Mei-2026,DC TIGALAPAN,LOOSE SLEEVE TSHIRT MAMU,LOOSE SLEEVE TSHIRT ABU MUDA XL,0,2,0,0,149000,298000,298000
Jun-2026,DC TIGALAPAN,LOOSE SLEEVE TSHIRT MAMU,LOOSE SLEEVE TSHIRT ABU MUDA XL,0,2,0,0,149000,298000,298000
Jul-2026,DC TIGALAPAN,LOOSE SLEEVE TSHIRT MAMU,LOOSE SLEEVE TSHIRT ABU MUDA XL,0,2,0,0,149000,298000,298000
Agu-2026,DC TIGALAPAN,LOOSE SLEEVE TSHIRT MAMU,LOOSE SLEEVE TSHIRT ABU MUDA XL,0,2,0,0,149000,298000,298000
Sep-2026,DC TIGALAPAN,LOOSE SLEEVE TSHIRT MAMU,LOOSE SLEEVE TSHIRT ABU MUDA XL,0,2,0,0,149000,298000,298000
Okt-2026,DC TIGALAPAN,LOOSE SLEEVE TSHIRT MAMU,LOOSE SLEEVE TSHIRT ABU MUDA XL,0,2,0,0,149000,298000,298000
Mar-2026,DC TIGALAPAN,LOOSE SLEEVE TSHIRT MAMU,LOOSE SLEEVE TSHIRT BLACK L,0,51,0,0,149000,7599000,0
Mar-2026,DC TIGALAPAN,LOOSE SLEEVE TSHIRT MAMU,LOOSE SLEEVE TSHIRT BLACK M,0,112,0,0,149000,16688000,0
Apr-2026,DC TIGALAPAN,LOOSE SLEEVE TSHIRT MAMU,LOOSE SLEEVE TSHIRT BLACK M,0,67,0,0,149000,9983000,16688000
Mei-2026,DC TIGALAPAN,LOOSE SLEEVE TSHIRT MAMU,LOOSE SLEEVE TSHIRT BLACK M,0,67,0,0,149000,9983000,9983000
Jun-2026,DC TIGALAPAN,LOOSE SLEEVE TSHIRT MAMU,LOOSE SLEEVE TSHIRT BLACK M,0,85,0,0,149000,12665000,9983000
Jul-2026,DC TIGALAPAN,LOOSE SLEEVE TSHIRT MAMU,LOOSE SLEEVE TSHIRT BLACK M,0,85,0,0,149000,12665000,12665000
Agu-2026,DC TIGALAPAN,LOOSE SLEEVE TSHIRT MAMU,LOOSE SLEEVE TSHIRT BLACK M,0,78,0,0,149000,11622000,12665000
Sep-2026,DC TIGALAPAN,LOOSE SLEEVE TSHIRT MAMU,LOOSE SLEEVE TSHIRT BLACK M,0,63,0,0,149000,9387000,11622000
Okt-2026,DC TIGALAPAN,LOOSE SLEEVE TSHIRT MAMU,LOOSE SLEEVE TSHIRT BLACK M,0,63,0,0,149000,9387000,9387000
Mar-2026,DC TIGALAPAN,LOOSE SLEEVE TSHIRT MAMU,LOOSE SLEEVE TSHIRT BLACK S,0,83,0,0,149000,12367000,0
Apr-2026,DC TIGALAPAN,LOOSE SLEEVE TSHIRT MAMU,LOOSE SLEEVE TSHIRT BLACK S,0,48,0,0,149000,7152000,12367000
Mei-2026,DC TIGALAPAN,LOOSE SLEEVE TSHIRT MAMU,LOOSE SLEEVE TSHIRT BLACK S,0,43,0,0,149000,6407000,7152000
Jun-2026,DC TIGALAPAN,LOOSE SLEEVE TSHIRT MAMU,LOOSE SLEEVE TSHIRT BLACK S,0,43,0,0,149000,6407000,6407000
Jul-2026,DC TIGALAPAN,LOOSE SLEEVE TSHIRT MAMU,LOOSE SLEEVE TSHIRT BLACK S,0,41,0,0,149000,6109000,6407000
Agu-2026,DC TIGALAPAN,LOOSE SLEEVE TSHIRT MAMU,LOOSE SLEEVE TSHIRT BLACK S,0,36,0,0,149000,5364000,6109000
Sep-2026,DC TIGALAPAN,LOOSE SLEEVE TSHIRT MAMU,LOOSE SLEEVE TSHIRT BLACK S,0,25,0,0,149000,3725000,5364000
Okt-2026,DC TIGALAPAN,LOOSE SLEEVE TSHIRT MAMU,LOOSE SLEEVE TSHIRT BLACK S,0,25,0,0,149000,3725000,3725000
Mar-2026,DC TIGALAPAN,LOOSE SLEEVE TSHIRT MAMU,LOOSE SLEEVE TSHIRT BLACK XL,0,8,0,0,149000,1192000,0
Mar-2026,DC TIGALAPAN,LOOSE SLEEVE TSHIRT MAMU,LOOSE SLEEVE TSHIRT ERMINE L,0,23,0,0,149000,3427000,0
Apr-2026,DC TIGALAPAN,LOOSE SLEEVE TSHIRT MAMU,LOOSE SLEEVE TSHIRT ERMINE L,0,1,0,0,149000,149000,3427000
Mei-2026,DC TIGALAPAN,LOOSE SLEEVE TSHIRT MAMU,LOOSE SLEEVE TSHIRT ERMINE L,0,1,0,0,149000,149000,149000
Mar-2026,DC TIGALAPAN,LOOSE SLEEVE TSHIRT MAMU,LOOSE SLEEVE TSHIRT ERMINE M,0,71,0,0,149000,10579000,0
Apr-2026,DC TIGALAPAN,LOOSE SLEEVE TSHIRT MAMU,LOOSE SLEEVE TSHIRT ERMINE M,0,34,0,0,149000,5066000,10579000
Mei-2026,DC TIGALAPAN,LOOSE SLEEVE TSHIRT MAMU,LOOSE SLEEVE TSHIRT ERMINE M,0,34,0,0,149000,5066000,5066000
Jun-2026,DC TIGALAPAN,LOOSE SLEEVE TSHIRT MAMU,LOOSE SLEEVE TSHIRT ERMINE M,0,34,0,0,149000,5066000,5066000
Jul-2026,DC TIGALAPAN,LOOSE SLEEVE TSHIRT MAMU,LOOSE SLEEVE TSHIRT ERMINE M,0,34,0,0,149000,5066000,5066000
Agu-2026,DC TIGALAPAN,LOOSE SLEEVE TSHIRT MAMU,LOOSE SLEEVE TSHIRT ERMINE M,0,34,0,0,149000,5066000,5066000
Sep-2026,DC TIGALAPAN,LOOSE SLEEVE TSHIRT MAMU,LOOSE SLEEVE TSHIRT ERMINE M,0,23,0,0,149000,3427000,5066000
Okt-2026,DC TIGALAPAN,LOOSE SLEEVE TSHIRT MAMU,LOOSE SLEEVE TSHIRT ERMINE M,0,23,0,0,149000,3427000,3427000
Mar-2026,DC TIGALAPAN,LOOSE SLEEVE TSHIRT MAMU,LOOSE SLEEVE TSHIRT ERMINE S,0,39,0,0,149000,5811000,0
Apr-2026,DC TIGALAPAN,LOOSE SLEEVE TSHIRT MAMU,LOOSE SLEEVE TSHIRT ERMINE S,0,1,0,0,149000,149000,5811000
Mei-2026,DC TIGALAPAN,LOOSE SLEEVE TSHIRT MAMU,LOOSE SLEEVE TSHIRT ERMINE S,0,1,0,0,149000,149000,149000
Jun-2026,DC TIGALAPAN,LOOSE SLEEVE TSHIRT MAMU,LOOSE SLEEVE TSHIRT ERMINE S,0,12,0,0,149000,1788000,149000
Jul-2026,DC TIGALAPAN,LOOSE SLEEVE TSHIRT MAMU,LOOSE SLEEVE TSHIRT ERMINE S,0,9,0,0,149000,1341000,1788000
Agu-2026,DC TIGALAPAN,LOOSE SLEEVE TSHIRT MAMU,LOOSE SLEEVE TSHIRT ERMINE S,0,8,0,0,149000,1192000,1341000
Sep-2026,DC TIGALAPAN,LOOSE SLEEVE TSHIRT MAMU,LOOSE SLEEVE TSHIRT ERMINE S,0,5,0,0,149000,745000,1192000
Okt-2026,DC TIGALAPAN,LOOSE SLEEVE TSHIRT MAMU,LOOSE SLEEVE TSHIRT ERMINE S,0,5,0,0,149000,745000,745000
Mar-2026,DC TIGALAPAN,LOOSE SLEEVE TSHIRT MAMU,LOOSE SLEEVE TSHIRT ERMINE XL,0,4,0,0,149000,596000,0
Mar-2026,DC TIGALAPAN,LOOSE SLEEVE TSHIRT MAMU,LOOSE SLEEVE TSHIRT STEEL BLUE L,0,18,0,0,149000,2682000,0
Jun-2026,DC TIGALAPAN,LOOSE SLEEVE TSHIRT MAMU,LOOSE SLEEVE TSHIRT STEEL BLUE L,0,2,0,0,149000,298000,0
Jul-2026,DC TIGALAPAN,LOOSE SLEEVE TSHIRT MAMU,LOOSE SLEEVE TSHIRT STEEL BLUE L,0,2,0,0,149000,298000,298000
Mar-2026,DC TIGALAPAN,LOOSE SLEEVE TSHIRT MAMU,LOOSE SLEEVE TSHIRT STEEL BLUE M,0,65,0,0,149000,9685000,0
Apr-2026,DC TIGALAPAN,LOOSE SLEEVE TSHIRT MAMU,LOOSE SLEEVE TSHIRT STEEL BLUE M,0,25,0,0,149000,3725000,9685000
Mei-2026,DC TIGALAPAN,LOOSE SLEEVE TSHIRT MAMU,LOOSE SLEEVE TSHIRT STEEL BLUE M,0,24,0,0,149000,3576000,3725000
Jun-2026,DC TIGALAPAN,LOOSE SLEEVE TSHIRT MAMU,LOOSE SLEEVE TSHIRT STEEL BLUE M,0,33,0,0,149000,4917000,3576000
Jul-2026,DC TIGALAPAN,LOOSE SLEEVE TSHIRT MAMU,LOOSE SLEEVE TSHIRT STEEL BLUE M,0,32,0,0,149000,4768000,4917000
Agu-2026,DC TIGALAPAN,LOOSE SLEEVE TSHIRT MAMU,LOOSE SLEEVE TSHIRT STEEL BLUE M,0,31,0,0,149000,4619000,4768000
Sep-2026,DC TIGALAPAN,LOOSE SLEEVE TSHIRT MAMU,LOOSE SLEEVE TSHIRT STEEL BLUE M,0,23,0,0,149000,3427000,4619000
Okt-2026,DC TIGALAPAN,LOOSE SLEEVE TSHIRT MAMU,LOOSE SLEEVE TSHIRT STEEL BLUE M,0,23,0,0,149000,3427000,3427000
Mar-2026,DC TIGALAPAN,LOOSE SLEEVE TSHIRT MAMU,LOOSE SLEEVE TSHIRT STEEL BLUE S,0,30,0,0,149000,4470000,0
Apr-2026,DC TIGALAPAN,LOOSE SLEEVE TSHIRT MAMU,LOOSE SLEEVE TSHIRT STEEL BLUE S,0,1,0,0,149000,149000,4470000
Mei-2026,DC TIGALAPAN,LOOSE SLEEVE TSHIRT MAMU,LOOSE SLEEVE TSHIRT STEEL BLUE S,0,1,0,0,149000,149000,149000
Jun-2026,DC TIGALAPAN,LOOSE SLEEVE TSHIRT MAMU,LOOSE SLEEVE TSHIRT STEEL BLUE S,0,6,0,0,149000,894000,149000
Jul-2026,DC TIGALAPAN,LOOSE SLEEVE TSHIRT MAMU,LOOSE SLEEVE TSHIRT STEEL BLUE S,0,6,0,0,149000,894000,894000
Agu-2026,DC TIGALAPAN,LOOSE SLEEVE TSHIRT MAMU,LOOSE SLEEVE TSHIRT STEEL BLUE S,0,4,0,0,149000,596000,894000
Mar-2026,DC TIGALAPAN,LOOSE SLEEVE TSHIRT MAMU,LOOSE SLEEVE TSHIRT STEEL BLUE XL,0,4,0,0,149000,596000,0
Jun-2026,DC TIGALAPAN,LOOSE SLEEVE TSHIRT MAMU,LOOSE SLEEVE TSHIRT ABU MUDA L,0,0,0,0,149000,0,149000
Apr-2026,DC TIGALAPAN,LOOSE SLEEVE TSHIRT MAMU,LOOSE SLEEVE TSHIRT BLACK L,0,0,0,0,149000,0,7599000
Apr-2026,DC TIGALAPAN,LOOSE SLEEVE TSHIRT MAMU,LOOSE SLEEVE TSHIRT BLACK XL,0,0,0,0,149000,0,1192000
Jun-2026,DC TIGALAPAN,LOOSE SLEEVE TSHIRT MAMU,LOOSE SLEEVE TSHIRT ERMINE L,0,0,0,0,149000,0,149000
Apr-2026,DC TIGALAPAN,LOOSE SLEEVE TSHIRT MAMU,LOOSE SLEEVE TSHIRT ERMINE XL,0,0,0,0,149000,0,596000
Apr-2026,DC TIGALAPAN,LOOSE SLEEVE TSHIRT MAMU,LOOSE SLEEVE TSHIRT STEEL BLUE L,0,0,0,0,149000,0,2682000
Agu-2026,DC TIGALAPAN,LOOSE SLEEVE TSHIRT MAMU,LOOSE SLEEVE TSHIRT STEEL BLUE L,0,0,0,0,149000,0,298000
Sep-2026,DC TIGALAPAN,LOOSE SLEEVE TSHIRT MAMU,LOOSE SLEEVE TSHIRT STEEL BLUE S,0,0,0,0,149000,0,596000
Apr-2026,DC TIGALAPAN,LOOSE SLEEVE TSHIRT MAMU,LOOSE SLEEVE TSHIRT STEEL BLUE XL,0,0,0,0,149000,0,596000
