Bulan,Store,Warna,Item,COGS,OH Qty,OD Qty,WIP Qty,HPP,Inventory Akhir,Inventory Awal
Mei-2026,MAMU BTP,MAMU BIOWASH,BERING SEA MAMU PDK 2XL,0,8,0,0,75000,600000,0
Jun-2026,MAMU BTP,MAMU BIOWASH,BERING SEA MAMU PDK 2XL,0,8,0,0,75000,600000,600000
Jul-2026,MAMU BTP,MAMU BIOWASH,BERING SEA MAMU PDK 2XL,34120,7,0,0,75000,525000,600000
Agu-2026,MAMU BTP,MAMU BIOWASH,BERING SEA MAMU PDK 2XL,34120,7,0,0,75000,525000,525000
Sep-2026,MAMU BTP,MAMU BIOWASH,BERING SEA MAMU PDK 2XL,34120,5,0,0,75000,375000,525000
Okt-2026,MAMU BTP,MAMU BIOWASH,BERING SEA MAMU PDK 2XL,0,5,0,0,75000,375000,375000
Jun-2026,MAMU BTP,MAMU BIOWASH,BERING SEA MAMU PDK KIDS XS,0,2,0,0,75000,150000,0
Jul-2026,MAMU BTP,MAMU BIOWASH,BERING SEA MAMU PDK KIDS XS,0,1,0,0,75000,75000,150000
Agu-2026,MAMU BTP,MAMU BIOWASH,BERING SEA MAMU PDK KIDS XS,0,0,0,0,75000,0,75000
Mei-2026,MAMU BTP,MAMU BIOWASH,BERING SEA MAMU PDK L,67756,13,0,0,75000,975000,0
Jun-2026,MAMU BTP,MAMU BIOWASH,BERING SEA MAMU PDK L,101634,10,0,0,75000,750000,975000
Jul-2026,MAMU BTP,MAMU BIOWASH,BERING SEA MAMU PDK L,135512,7,0,0,75000,525000,750000
Agu-2026,MAMU BTP,MAMU BIOWASH,BERING SEA MAMU PDK L,203268,5,0,0,75000,375000,525000
Sep-2026,MAMU BTP,MAMU BIOWASH,BERING SEA MAMU PDK L,0,0,0,0,75000,0,375000
Okt-2026,MAMU BTP,MAMU BIOWASH,BERING SEA MAMU PDK L,101634,7,0,0,75000,525000,0
Mei-2026,MAMU BTP,MAMU BIOWASH,BERING SEA MAMU PDK M,0,15,0,0,75000,1125000,0
Jun-2026,MAMU BTP,MAMU BIOWASH,BERING SEA MAMU PDK M,102360,12,0,0,75000,900000,1125000
Jul-2026,MAMU BTP,MAMU BIOWASH,BERING SEA MAMU PDK M,102360,9,0,0,75000,675000,900000
Agu-2026,MAMU BTP,MAMU BIOWASH,BERING SEA MAMU PDK M,170600,8,0,0,75000,600000,675000
Sep-2026,MAMU BTP,MAMU BIOWASH,BERING SEA MAMU PDK M,136480,0,0,0,75000,0,600000
Okt-2026,MAMU BTP,MAMU BIOWASH,BERING SEA MAMU PDK M,0,5,0,0,75000,375000,0
Mei-2026,MAMU BTP,MAMU BIOWASH,BERING SEA MAMU PDK S,0,8,0,0,75000,600000,0
Jun-2026,MAMU BTP,MAMU BIOWASH,BERING SEA MAMU PDK S,0,8,0,0,75000,600000,600000
Jul-2026,MAMU BTP,MAMU BIOWASH,BERING SEA MAMU PDK S,102360,6,0,0,75000,450000,600000
Agu-2026,MAMU BTP,MAMU BIOWASH,BERING SEA MAMU PDK S,0,5,0,0,75000,375000,450000
Sep-2026,MAMU BTP,MAMU BIOWASH,BERING SEA MAMU PDK S,136480,1,0,0,75000,75000,375000
Okt-2026,MAMU BTP,MAMU BIOWASH,BERING SEA MAMU PDK S,34120,0,0,0,75000,0,75000
Mei-2026,MAMU BTP,MAMU BIOWASH,BERING SEA MAMU PDK XL,0,15,0,0,75000,1125000,0
Jun-2026,MAMU BTP,MAMU BIOWASH,BERING SEA MAMU PDK XL,102360,12,0,0,75000,900000,1125000
Jul-2026,MAMU BTP,MAMU BIOWASH,BERING SEA MAMU PDK XL,34120,11,0,0,75000,825000,900000
Agu-2026,MAMU BTP,MAMU BIOWASH,BERING SEA MAMU PDK XL,170600,10,0,0,75000,750000,825000
Sep-2026,MAMU BTP,MAMU BIOWASH,BERING SEA MAMU PDK XL,136480,3,0,0,75000,225000,750000
Okt-2026,MAMU BTP,MAMU BIOWASH,BERING SEA MAMU PDK XL,34120,1,0,0,75000,75000,225000
Mar-2026,MAMU BTP,MAMU BIOWASH,BLACK NT MAMU PDK 2XL,0,0,1,0,34056,34056,0
Apr-2026,MAMU BTP,MAMU BIOWASH,BLACK NT MAMU PDK 2XL,34056,0,0,0,34056,0,34056
Mei-2026,MAMU BTP,MAMU BIOWASH,BLACK NT MAMU PDK 2XL,210318,4,0,0,34056,136224,0
Jun-2026,MAMU BTP,MAMU BIOWASH,BLACK NT MAMU PDK 2XL,105159,6,0,0,34056,204336,136224
Jul-2026,MAMU BTP,MAMU BIOWASH,BLACK NT MAMU PDK 2XL,70106,4,0,0,34056,136224,204336
Agu-2026,MAMU BTP,MAMU BIOWASH,BLACK NT MAMU PDK 2XL,35053,3,0,0,34056,102168,136224
Sep-2026,MAMU BTP,MAMU BIOWASH,BLACK NT MAMU PDK 2XL,35053,2,0,0,34056,68112,102168
Okt-2026,MAMU BTP,MAMU BIOWASH,BLACK NT MAMU PDK 2XL,35053,1,0,0,34056,34056,68112
Jan-2026,MAMU BTP,MAMU BIOWASH,BLACK NT MAMU PDK L,101931,0,0,0,33977,0,0
Mar-2026,MAMU BTP,MAMU BIOWASH,BLACK NT MAMU PDK L,0,0,5,0,33977,169885,0
Apr-2026,MAMU BTP,MAMU BIOWASH,BLACK NT MAMU PDK L,135908,1,4,0,33977,169885,169885
Mei-2026,MAMU BTP,MAMU BIOWASH,BLACK NT MAMU PDK L,203482,0,0,0,33977,0,169885
Jun-2026,MAMU BTP,MAMU BIOWASH,BLACK NT MAMU PDK L,167980,10,0,0,33977,339770,0
Jul-2026,MAMU BTP,MAMU BIOWASH,BLACK NT MAMU PDK L,403152,3,0,0,33977,101931,339770
Agu-2026,MAMU BTP,MAMU BIOWASH,BLACK NT MAMU PDK L,167980,5,2,0,33977,237839,101931
Sep-2026,MAMU BTP,MAMU BIOWASH,BLACK NT MAMU PDK L,268768,8,0,0,33977,271816,237839
Okt-2026,MAMU BTP,MAMU BIOWASH,BLACK NT MAMU PDK L,268768,7,0,0,33977,237839,271816
Apr-2026,MAMU BTP,MAMU BIOWASH,BLACK NT MAMU PDK M,32710,0,0,0,32710,0,0
Mei-2026,MAMU BTP,MAMU BIOWASH,BLACK NT MAMU PDK M,133444,13,0,0,32710,425230,0
Jun-2026,MAMU BTP,MAMU BIOWASH,BLACK NT MAMU PDK M,366971,2,0,0,32710,65420,425230
Jul-2026,MAMU BTP,MAMU BIOWASH,BLACK NT MAMU PDK M,166805,5,0,0,32710,163550,65420
Agu-2026,MAMU BTP,MAMU BIOWASH,BLACK NT MAMU PDK M,266888,2,0,0,32710,65420,163550
Sep-2026,MAMU BTP,MAMU BIOWASH,BLACK NT MAMU PDK M,100083,2,0,0,32710,65420,65420
Okt-2026,MAMU BTP,MAMU BIOWASH,BLACK NT MAMU PDK M,33361,0,0,0,32710,0,65420
Mei-2026,MAMU BTP,MAMU BIOWASH,BLACK NT MAMU PDK S,35053,9,0,0,33144,298296,0
Jun-2026,MAMU BTP,MAMU BIOWASH,BLACK NT MAMU PDK S,175265,4,0,0,33144,132576,298296
Jul-2026,MAMU BTP,MAMU BIOWASH,BLACK NT MAMU PDK S,210318,3,0,0,33144,99432,132576
Agu-2026,MAMU BTP,MAMU BIOWASH,BLACK NT MAMU PDK S,70106,5,1,0,33144,198864,99432
Sep-2026,MAMU BTP,MAMU BIOWASH,BLACK NT MAMU PDK S,70106,3,0,0,33144,99432,198864
Okt-2026,MAMU BTP,MAMU BIOWASH,BLACK NT MAMU PDK S,35053,2,0,0,33144,66288,99432
Mar-2026,MAMU BTP,MAMU BIOWASH,BLACK NT MAMU PDK XL,0,0,1,0,33144,33144,0
Apr-2026,MAMU BTP,MAMU BIOWASH,BLACK NT MAMU PDK XL,33144,0,0,0,33144,0,33144
Mei-2026,MAMU BTP,MAMU BIOWASH,BLACK NT MAMU PDK XL,94380,14,0,0,33144,464016,0
Jun-2026,MAMU BTP,MAMU BIOWASH,BLACK NT MAMU PDK XL,188760,6,0,0,33144,198864,464016
Jul-2026,MAMU BTP,MAMU BIOWASH,BLACK NT MAMU PDK XL,188760,2,0,0,33144,66288,198864
Agu-2026,MAMU BTP,MAMU BIOWASH,BLACK NT MAMU PDK XL,94380,6,0,0,33144,198864,66288
Sep-2026,MAMU BTP,MAMU BIOWASH,BLACK NT MAMU PDK XL,188760,5,0,0,33144,165720,198864
Okt-2026,MAMU BTP,MAMU BIOWASH,BLACK NT MAMU PDK XL,94380,2,0,0,33144,66288,165720
Mei-2026,MAMU BTP,MAMU BIOWASH,CROCODILE MAMU PDK 2XL,0,3,0,0,35756,107268,0
Jun-2026,MAMU BTP,MAMU BIOWASH,CROCODILE MAMU PDK 2XL,0,3,0,0,35756,107268,107268
Jul-2026,MAMU BTP,MAMU BIOWASH,CROCODILE MAMU PDK 2XL,101436,0,0,0,35756,0,107268
Sep-2026,MAMU BTP,MAMU BIOWASH,CROCODILE MAMU PDK 2XL,0,1,0,0,35756,35756,0
Okt-2026,MAMU BTP,MAMU BIOWASH,CROCODILE MAMU PDK 2XL,0,1,0,0,35756,35756,35756
Jan-2026,MAMU BTP,MAMU BIOWASH,CROCODILE MAMU PDK L,0,3,0,0,34471,103413,0
Feb-2026,MAMU BTP,MAMU BIOWASH,CROCODILE MAMU PDK L,34471,2,0,0,34471,68942,103413
Mar-2026,MAMU BTP,MAMU BIOWASH,CROCODILE MAMU PDK L,68942,0,0,0,34471,0,68942
Mei-2026,MAMU BTP,MAMU BIOWASH,CROCODILE MAMU PDK L,0,15,0,0,34471,517065,0
Jun-2026,MAMU BTP,MAMU BIOWASH,CROCODILE MAMU PDK L,0,15,0,0,34471,517065,517065
Jul-2026,MAMU BTP,MAMU BIOWASH,CROCODILE MAMU PDK L,67624,14,0,0,34471,482594,517065
Agu-2026,MAMU BTP,MAMU BIOWASH,CROCODILE MAMU PDK L,0,13,0,0,34471,448123,482594
Sep-2026,MAMU BTP,MAMU BIOWASH,CROCODILE MAMU PDK L,101436,11,0,0,34471,379181,448123
Okt-2026,MAMU BTP,MAMU BIOWASH,CROCODILE MAMU PDK L,0,10,0,0,34471,344710,379181
Mar-2026,MAMU BTP,MAMU BIOWASH,CROCODILE MAMU PDK M,0,0,1,0,36874,36874,0
Apr-2026,MAMU BTP,MAMU BIOWASH,CROCODILE MAMU PDK M,73748,1,0,0,36874,36874,36874
Mei-2026,MAMU BTP,MAMU BIOWASH,CROCODILE MAMU PDK M,36874,8,0,0,36874,294992,36874
Jun-2026,MAMU BTP,MAMU BIOWASH,CROCODILE MAMU PDK M,72536,6,0,0,36874,221244,294992
Jul-2026,MAMU BTP,MAMU BIOWASH,CROCODILE MAMU PDK M,0,6,0,0,36874,221244,221244
Agu-2026,MAMU BTP,MAMU BIOWASH,CROCODILE MAMU PDK M,36268,5,0,0,36874,184370,221244
Sep-2026,MAMU BTP,MAMU BIOWASH,CROCODILE MAMU PDK M,106788,5,0,0,36874,184370,184370
Okt-2026,MAMU BTP,MAMU BIOWASH,CROCODILE MAMU PDK M,0,5,0,0,36874,184370,184370
Mei-2026,MAMU BTP,MAMU BIOWASH,CROCODILE MAMU PDK S,0,3,0,0,35756,107268,0
Jun-2026,MAMU BTP,MAMU BIOWASH,CROCODILE MAMU PDK S,67624,1,0,0,35756,35756,107268
Jul-2026,MAMU BTP,MAMU BIOWASH,CROCODILE MAMU PDK S,33812,5,0,0,35756,178780,35756
Agu-2026,MAMU BTP,MAMU BIOWASH,CROCODILE MAMU PDK S,0,5,0,0,35756,178780,178780
Sep-2026,MAMU BTP,MAMU BIOWASH,CROCODILE MAMU PDK S,0,6,0,0,35756,214536,178780
Okt-2026,MAMU BTP,MAMU BIOWASH,CROCODILE MAMU PDK S,0,6,0,0,35756,214536,214536
Jan-2026,MAMU BTP,MAMU BIOWASH,CROCODILE MAMU PDK XL,72238,7,0,0,36119,252833,0
Feb-2026,MAMU BTP,MAMU BIOWASH,CROCODILE MAMU PDK XL,36119,6,0,0,36119,216714,252833
Mar-2026,MAMU BTP,MAMU BIOWASH,CROCODILE MAMU PDK XL,216714,0,0,0,36119,0,216714
Mei-2026,MAMU BTP,MAMU BIOWASH,CROCODILE MAMU PDK XL,0,8,0,0,36119,288952,0
Jun-2026,MAMU BTP,MAMU BIOWASH,CROCODILE MAMU PDK XL,36268,7,0,0,36119,252833,288952
Jul-2026,MAMU BTP,MAMU BIOWASH,CROCODILE MAMU PDK XL,0,7,0,0,36119,252833,252833
Agu-2026,MAMU BTP,MAMU BIOWASH,CROCODILE MAMU PDK XL,36268,7,0,0,36119,252833,252833
Sep-2026,MAMU BTP,MAMU BIOWASH,CROCODILE MAMU PDK XL,0,6,0,0,36119,216714,252833
Okt-2026,MAMU BTP,MAMU BIOWASH,CROCODILE MAMU PDK XL,0,6,0,0,36119,216714,216714
Feb-2026,MAMU BTP,MAMU BIOWASH,NAVY MAMU PDK 2XL,0,1,0,0,36278,36278,0
Mar-2026,MAMU BTP,MAMU BIOWASH,NAVY MAMU PDK 2XL,36278,0,0,0,36278,0,36278
Jan-2026,MAMU BTP,MAMU BIOWASH,NAVY MAMU PDK L,103953,4,0,0,34651,138604,0
Feb-2026,MAMU BTP,MAMU BIOWASH,NAVY MAMU PDK L,138604,0,0,0,34651,0,138604
Mar-2026,MAMU BTP,MAMU BIOWASH,NAVY MAMU PDK L,0,0,1,0,34651,34651,0
Apr-2026,MAMU BTP,MAMU BIOWASH,NAVY MAMU PDK L,34651,0,0,0,34651,0,34651
Mar-2026,MAMU BTP,MAMU BIOWASH,NAVY MAMU PDK M,0,0,1,0,34238,34238,0
Apr-2026,MAMU BTP,MAMU BIOWASH,NAVY MAMU PDK M,34238,0,0,0,34238,0,34238
Jan-2026,MAMU BTP,MAMU BIOWASH,NAVY MAMU PDK S,0,1,0,0,35222,35222,0
Feb-2026,MAMU BTP,MAMU BIOWASH,NAVY MAMU PDK S,0,1,0,0,35222,35222,35222
Mar-2026,MAMU BTP,MAMU BIOWASH,NAVY MAMU PDK S,35222,0,0,0,35222,0,35222
Mar-2026,MAMU BTP,MAMU BIOWASH,NAVY MAMU PDK XL,0,0,1,0,40443,40443,0
Apr-2026,MAMU BTP,MAMU BIOWASH,NAVY MAMU PDK XL,40443,0,0,0,40443,0,40443
Mei-2026,MAMU BTP,MAMU BIOWASH,PASTEL GREEN MAMU PDK 2XL,34250,2,0,0,75000,150000,0
Jun-2026,MAMU BTP,MAMU BIOWASH,PASTEL GREEN MAMU PDK 2XL,34250,1,0,0,75000,75000,150000
Jul-2026,MAMU BTP,MAMU BIOWASH,PASTEL GREEN MAMU PDK 2XL,34250,0,0,0,75000,0,75000
Okt-2026,MAMU BTP,MAMU BIOWASH,PASTEL GREEN MAMU PDK 2XL,0,1,0,0,75000,75000,0
Jun-2026,MAMU BTP,MAMU BIOWASH,PASTEL GREEN MAMU PDK KIDS XS,0,3,0,0,75000,225000,0
Jul-2026,MAMU BTP,MAMU BIOWASH,PASTEL GREEN MAMU PDK KIDS XS,0,2,0,0,75000,150000,225000
Agu-2026,MAMU BTP,MAMU BIOWASH,PASTEL GREEN MAMU PDK KIDS XS,0,1,0,0,75000,75000,150000
Sep-2026,MAMU BTP,MAMU BIOWASH,PASTEL GREEN MAMU PDK KIDS XS,0,0,0,0,75000,0,75000
Mei-2026,MAMU BTP,MAMU BIOWASH,PASTEL GREEN MAMU PDK L,0,10,0,0,75000,750000,0
Jun-2026,MAMU BTP,MAMU BIOWASH,PASTEL GREEN MAMU PDK L,137000,6,0,0,75000,450000,750000
Jul-2026,MAMU BTP,MAMU BIOWASH,PASTEL GREEN MAMU PDK L,102750,3,0,0,75000,225000,450000
Agu-2026,MAMU BTP,MAMU BIOWASH,PASTEL GREEN MAMU PDK L,0,3,0,0,75000,225000,225000
Sep-2026,MAMU BTP,MAMU BIOWASH,PASTEL GREEN MAMU PDK L,0,3,0,0,75000,225000,225000
Okt-2026,MAMU BTP,MAMU BIOWASH,PASTEL GREEN MAMU PDK L,68500,1,0,0,75000,75000,225000
Mei-2026,MAMU BTP,MAMU BIOWASH,PASTEL GREEN MAMU PDK M,33295,7,0,0,75000,525000,0
Jun-2026,MAMU BTP,MAMU BIOWASH,PASTEL GREEN MAMU PDK M,99885,9,0,0,75000,675000,525000
Jul-2026,MAMU BTP,MAMU BIOWASH,PASTEL GREEN MAMU PDK M,33295,9,0,0,75000,675000,675000
Agu-2026,MAMU BTP,MAMU BIOWASH,PASTEL GREEN MAMU PDK M,0,8,0,0,75000,600000,675000
Sep-2026,MAMU BTP,MAMU BIOWASH,PASTEL GREEN MAMU PDK M,66590,6,0,0,75000,450000,600000
Okt-2026,MAMU BTP,MAMU BIOWASH,PASTEL GREEN MAMU PDK M,0,6,0,0,75000,450000,450000
Mei-2026,MAMU BTP,MAMU BIOWASH,PASTEL GREEN MAMU PDK S,0,3,0,0,75000,225000,0
Jun-2026,MAMU BTP,MAMU BIOWASH,PASTEL GREEN MAMU PDK S,34250,2,0,0,75000,150000,225000
Jul-2026,MAMU BTP,MAMU BIOWASH,PASTEL GREEN MAMU PDK S,34250,1,0,0,75000,75000,150000
Agu-2026,MAMU BTP,MAMU BIOWASH,PASTEL GREEN MAMU PDK S,0,1,0,0,75000,75000,75000
Sep-2026,MAMU BTP,MAMU BIOWASH,PASTEL GREEN MAMU PDK S,0,1,0,0,75000,75000,75000
Okt-2026,MAMU BTP,MAMU BIOWASH,PASTEL GREEN MAMU PDK S,0,1,0,0,75000,75000,75000
Mei-2026,MAMU BTP,MAMU BIOWASH,PASTEL GREEN MAMU PDK XL,0,10,0,0,75000,750000,0
Jun-2026,MAMU BTP,MAMU BIOWASH,PASTEL GREEN MAMU PDK XL,133180,6,0,0,75000,450000,750000
Jul-2026,MAMU BTP,MAMU BIOWASH,PASTEL GREEN MAMU PDK XL,33295,5,0,0,75000,375000,450000
Agu-2026,MAMU BTP,MAMU BIOWASH,PASTEL GREEN MAMU PDK XL,133180,3,0,0,75000,225000,375000
Sep-2026,MAMU BTP,MAMU BIOWASH,PASTEL GREEN MAMU PDK XL,0,1,0,0,75000,75000,225000
Okt-2026,MAMU BTP,MAMU BIOWASH,PASTEL GREEN MAMU PDK XL,0,1,0,0,75000,75000,75000
Mei-2026,MAMU BTP,MAMU BIOWASH,POPY SEED MAMU PDK 2XL,0,3,0,0,43442,130326,0
Jun-2026,MAMU BTP,MAMU BIOWASH,POPY SEED MAMU PDK 2XL,100875,5,0,0,43442,217210,130326
Jul-2026,MAMU BTP,MAMU BIOWASH,POPY SEED MAMU PDK 2XL,67250,3,0,0,43442,130326,217210
Agu-2026,MAMU BTP,MAMU BIOWASH,POPY SEED MAMU PDK 2XL,0,3,0,0,43442,130326,130326
Sep-2026,MAMU BTP,MAMU BIOWASH,POPY SEED MAMU PDK 2XL,100875,0,0,0,43442,0,130326
Mar-2026,MAMU BTP,MAMU BIOWASH,POPY SEED MAMU PDK L,0,0,1,0,36959,36959,0
Apr-2026,MAMU BTP,MAMU BIOWASH,POPY SEED MAMU PDK L,36959,1,0,0,36959,36959,36959
Mei-2026,MAMU BTP,MAMU BIOWASH,POPY SEED MAMU PDK L,70584,14,0,0,36959,517426,36959
Jun-2026,MAMU BTP,MAMU BIOWASH,POPY SEED MAMU PDK L,168125,9,0,0,36959,332631,517426
Jul-2026,MAMU BTP,MAMU BIOWASH,POPY SEED MAMU PDK L,134500,6,0,0,36959,221754,332631
Agu-2026,MAMU BTP,MAMU BIOWASH,POPY SEED MAMU PDK L,134500,5,0,0,36959,184795,221754
Sep-2026,MAMU BTP,MAMU BIOWASH,POPY SEED MAMU PDK L,168125,6,0,0,36959,221754,184795
Okt-2026,MAMU BTP,MAMU BIOWASH,POPY SEED MAMU PDK L,67250,5,0,0,36959,184795,221754
Mei-2026,MAMU BTP,MAMU BIOWASH,POPY SEED MAMU PDK M,67250,7,0,0,38850,271950,0
Jun-2026,MAMU BTP,MAMU BIOWASH,POPY SEED MAMU PDK M,201750,5,0,0,38850,194250,271950
Jul-2026,MAMU BTP,MAMU BIOWASH,POPY SEED MAMU PDK M,134500,6,0,0,38850,233100,194250
Agu-2026,MAMU BTP,MAMU BIOWASH,POPY SEED MAMU PDK M,0,8,0,0,38850,310800,233100
Sep-2026,MAMU BTP,MAMU BIOWASH,POPY SEED MAMU PDK M,91420,5,0,0,38850,194250,310800
Okt-2026,MAMU BTP,MAMU BIOWASH,POPY SEED MAMU PDK M,0,5,0,0,38850,194250,194250
Mei-2026,MAMU BTP,MAMU BIOWASH,POPY SEED MAMU PDK S,0,3,0,0,38850,116550,0
Jun-2026,MAMU BTP,MAMU BIOWASH,POPY SEED MAMU PDK S,100875,5,0,0,38850,194250,116550
Jul-2026,MAMU BTP,MAMU BIOWASH,POPY SEED MAMU PDK S,100875,3,0,0,38850,116550,194250
Agu-2026,MAMU BTP,MAMU BIOWASH,POPY SEED MAMU PDK S,0,2,0,0,38850,77700,116550
Sep-2026,MAMU BTP,MAMU BIOWASH,POPY SEED MAMU PDK S,67250,0,0,0,38850,0,77700
Apr-2026,MAMU BTP,MAMU BIOWASH,POPY SEED MAMU PDK XL,35635,0,0,0,35635,0,0
Mei-2026,MAMU BTP,MAMU BIOWASH,POPY SEED MAMU PDK XL,0,8,0,0,35635,285080,0
Jun-2026,MAMU BTP,MAMU BIOWASH,POPY SEED MAMU PDK XL,100875,5,0,0,35635,178175,285080
Jul-2026,MAMU BTP,MAMU BIOWASH,POPY SEED MAMU PDK XL,100875,5,0,0,35635,178175,178175
Agu-2026,MAMU BTP,MAMU BIOWASH,POPY SEED MAMU PDK XL,134500,6,0,0,35635,213810,178175
Sep-2026,MAMU BTP,MAMU BIOWASH,POPY SEED MAMU PDK XL,100875,6,0,0,35635,213810,213810
Okt-2026,MAMU BTP,MAMU BIOWASH,POPY SEED MAMU PDK XL,33625,4,0,0,35635,142540,213810
Mei-2026,MAMU BTP,MAMU BIOWASH,PUTIH NETRAL MAMU PDK 2XL,281128,0,0,0,75000,0,0
Jun-2026,MAMU BTP,MAMU BIOWASH,PUTIH NETRAL MAMU PDK 2XL,0,5,0,0,75000,375000,0
Jul-2026,MAMU BTP,MAMU BIOWASH,PUTIH NETRAL MAMU PDK 2XL,105423,2,0,0,75000,150000,375000
Agu-2026,MAMU BTP,MAMU BIOWASH,PUTIH NETRAL MAMU PDK 2XL,35141,2,0,0,75000,150000,150000
Sep-2026,MAMU BTP,MAMU BIOWASH,PUTIH NETRAL MAMU PDK 2XL,35141,1,0,0,75000,75000,150000
Okt-2026,MAMU BTP,MAMU BIOWASH,PUTIH NETRAL MAMU PDK 2XL,0,0,0,0,75000,0,75000
Jun-2026,MAMU BTP,MAMU BIOWASH,PUTIH NETRAL MAMU PDK KIDS S,0,5,0,0,75000,375000,0
Jul-2026,MAMU BTP,MAMU BIOWASH,PUTIH NETRAL MAMU PDK KIDS S,0,4,0,0,75000,300000,375000
Agu-2026,MAMU BTP,MAMU BIOWASH,PUTIH NETRAL MAMU PDK KIDS S,0,4,0,0,75000,300000,300000
Sep-2026,MAMU BTP,MAMU BIOWASH,PUTIH NETRAL MAMU PDK KIDS S,0,4,0,0,75000,300000,300000
Okt-2026,MAMU BTP,MAMU BIOWASH,PUTIH NETRAL MAMU PDK KIDS S,0,4,0,0,75000,300000,300000
Jun-2026,MAMU BTP,MAMU BIOWASH,PUTIH NETRAL MAMU PDK KIDS XS,0,3,0,0,75000,225000,0
Jul-2026,MAMU BTP,MAMU BIOWASH,PUTIH NETRAL MAMU PDK KIDS XS,0,3,0,0,75000,225000,225000
Agu-2026,MAMU BTP,MAMU BIOWASH,PUTIH NETRAL MAMU PDK KIDS XS,0,2,0,0,75000,150000,225000
Sep-2026,MAMU BTP,MAMU BIOWASH,PUTIH NETRAL MAMU PDK KIDS XS,0,2,0,0,75000,150000,150000
Okt-2026,MAMU BTP,MAMU BIOWASH,PUTIH NETRAL MAMU PDK KIDS XS,0,2,0,0,75000,150000,150000
Mei-2026,MAMU BTP,MAMU BIOWASH,PUTIH NETRAL MAMU PDK L,513216,24,0,0,75000,1800000,0
Jun-2026,MAMU BTP,MAMU BIOWASH,PUTIH NETRAL MAMU PDK L,224532,16,0,0,75000,1200000,1800000
Jul-2026,MAMU BTP,MAMU BIOWASH,PUTIH NETRAL MAMU PDK L,224532,10,0,0,75000,750000,1200000
Agu-2026,MAMU BTP,MAMU BIOWASH,PUTIH NETRAL MAMU PDK L,128304,8,0,0,75000,600000,750000
Sep-2026,MAMU BTP,MAMU BIOWASH,PUTIH NETRAL MAMU PDK L,64152,3,0,0,75000,225000,600000
Okt-2026,MAMU BTP,MAMU BIOWASH,PUTIH NETRAL MAMU PDK L,64152,1,0,0,75000,75000,225000
Mei-2026,MAMU BTP,MAMU BIOWASH,PUTIH NETRAL MAMU PDK M,343145,4,0,0,75000,300000,0
Jun-2026,MAMU BTP,MAMU BIOWASH,PUTIH NETRAL MAMU PDK M,124780,5,0,0,75000,375000,300000
Jul-2026,MAMU BTP,MAMU BIOWASH,PUTIH NETRAL MAMU PDK M,124780,3,0,0,75000,225000,375000
Agu-2026,MAMU BTP,MAMU BIOWASH,PUTIH NETRAL MAMU PDK M,0,1,0,0,75000,75000,225000
Sep-2026,MAMU BTP,MAMU BIOWASH,PUTIH NETRAL MAMU PDK M,0,1,0,0,75000,75000,75000
Okt-2026,MAMU BTP,MAMU BIOWASH,PUTIH NETRAL MAMU PDK M,0,1,0,0,75000,75000,75000
Mei-2026,MAMU BTP,MAMU BIOWASH,PUTIH NETRAL MAMU PDK S,0,3,0,0,75000,225000,0
Jun-2026,MAMU BTP,MAMU BIOWASH,PUTIH NETRAL MAMU PDK S,39042,2,0,0,75000,150000,225000
Jul-2026,MAMU BTP,MAMU BIOWASH,PUTIH NETRAL MAMU PDK S,39042,1,0,0,75000,75000,150000
Agu-2026,MAMU BTP,MAMU BIOWASH,PUTIH NETRAL MAMU PDK S,0,1,0,0,75000,75000,75000
Sep-2026,MAMU BTP,MAMU BIOWASH,PUTIH NETRAL MAMU PDK S,0,1,0,0,75000,75000,75000
Okt-2026,MAMU BTP,MAMU BIOWASH,PUTIH NETRAL MAMU PDK S,39042,1,0,0,75000,75000,75000
Mei-2026,MAMU BTP,MAMU BIOWASH,PUTIH NETRAL MAMU PDK XL,374340,15,0,0,75000,1125000,0
Jun-2026,MAMU BTP,MAMU BIOWASH,PUTIH NETRAL MAMU PDK XL,249560,7,0,0,75000,525000,1125000
Jul-2026,MAMU BTP,MAMU BIOWASH,PUTIH NETRAL MAMU PDK XL,124780,5,0,0,75000,375000,525000
Agu-2026,MAMU BTP,MAMU BIOWASH,PUTIH NETRAL MAMU PDK XL,62390,2,0,0,75000,150000,375000
Sep-2026,MAMU BTP,MAMU BIOWASH,PUTIH NETRAL MAMU PDK XL,0,1,0,0,75000,75000,150000
Okt-2026,MAMU BTP,MAMU BIOWASH,PUTIH NETRAL MAMU PDK XL,0,1,0,0,75000,75000,75000
Jun-2026,MAMU BTP,MAMU BIOWASH,SENECA ROCK MAMU PDK 2XL,0,5,0,0,45173,225865,0
Jul-2026,MAMU BTP,MAMU BIOWASH,SENECA ROCK MAMU PDK 2XL,66100,4,0,0,45173,180692,225865
Agu-2026,MAMU BTP,MAMU BIOWASH,SENECA ROCK MAMU PDK 2XL,33050,3,0,0,45173,135519,180692
Sep-2026,MAMU BTP,MAMU BIOWASH,SENECA ROCK MAMU PDK 2XL,0,2,0,0,45173,90346,135519
Okt-2026,MAMU BTP,MAMU BIOWASH,SENECA ROCK MAMU PDK 2XL,66100,0,0,0,45173,0,90346
Mar-2026,MAMU BTP,MAMU BIOWASH,SENECA ROCK MAMU PDK L,0,0,1,0,35367,35367,0
Apr-2026,MAMU BTP,MAMU BIOWASH,SENECA ROCK MAMU PDK L,35367,0,0,0,35367,0,35367
Mei-2026,MAMU BTP,MAMU BIOWASH,SENECA ROCK MAMU PDK L,32358,14,0,0,35367,495138,0
Jun-2026,MAMU BTP,MAMU BIOWASH,SENECA ROCK MAMU PDK L,161790,9,0,0,35367,318303,495138
Jul-2026,MAMU BTP,MAMU BIOWASH,SENECA ROCK MAMU PDK L,64716,7,0,0,35367,247569,318303
Agu-2026,MAMU BTP,MAMU BIOWASH,SENECA ROCK MAMU PDK L,97074,5,1,0,35367,212202,247569
Sep-2026,MAMU BTP,MAMU BIOWASH,SENECA ROCK MAMU PDK L,64716,6,0,0,35367,212202,212202
Okt-2026,MAMU BTP,MAMU BIOWASH,SENECA ROCK MAMU PDK L,0,6,0,0,35367,212202,212202
Mei-2026,MAMU BTP,MAMU BIOWASH,SENECA ROCK MAMU PDK M,0,15,0,0,33775,506625,0
Jun-2026,MAMU BTP,MAMU BIOWASH,SENECA ROCK MAMU PDK M,66100,13,0,0,33775,439075,506625
Jul-2026,MAMU BTP,MAMU BIOWASH,SENECA ROCK MAMU PDK M,99150,11,0,0,33775,371525,439075
Agu-2026,MAMU BTP,MAMU BIOWASH,SENECA ROCK MAMU PDK M,33050,8,0,0,33775,270200,371525
Sep-2026,MAMU BTP,MAMU BIOWASH,SENECA ROCK MAMU PDK M,99150,5,0,0,33775,168875,270200
Okt-2026,MAMU BTP,MAMU BIOWASH,SENECA ROCK MAMU PDK M,66100,4,0,0,33775,135100,168875
Mei-2026,MAMU BTP,MAMU BIOWASH,SENECA ROCK MAMU PDK S,0,3,0,0,38483,115449,0
Jun-2026,MAMU BTP,MAMU BIOWASH,SENECA ROCK MAMU PDK S,99150,0,0,0,38483,0,115449
Jul-2026,MAMU BTP,MAMU BIOWASH,SENECA ROCK MAMU PDK S,0,5,0,0,38483,192415,0
Agu-2026,MAMU BTP,MAMU BIOWASH,SENECA ROCK MAMU PDK S,0,5,0,0,38483,192415,192415
Sep-2026,MAMU BTP,MAMU BIOWASH,SENECA ROCK MAMU PDK S,0,5,0,0,38483,192415,192415
Okt-2026,MAMU BTP,MAMU BIOWASH,SENECA ROCK MAMU PDK S,33050,4,0,0,38483,153932,192415
Jan-2026,MAMU BTP,MAMU BIOWASH,SENECA ROCK MAMU PDK XL,68226,0,0,0,34113,0,0
Mei-2026,MAMU BTP,MAMU BIOWASH,SENECA ROCK MAMU PDK XL,0,10,0,0,34113,341130,0
Jun-2026,MAMU BTP,MAMU BIOWASH,SENECA ROCK MAMU PDK XL,132200,6,0,0,34113,204678,341130
Jul-2026,MAMU BTP,MAMU BIOWASH,SENECA ROCK MAMU PDK XL,33050,6,0,0,34113,204678,204678
Agu-2026,MAMU BTP,MAMU BIOWASH,SENECA ROCK MAMU PDK XL,99150,4,0,0,34113,136452,204678
Sep-2026,MAMU BTP,MAMU BIOWASH,SENECA ROCK MAMU PDK XL,33050,6,0,0,34113,204678,136452
Okt-2026,MAMU BTP,MAMU BIOWASH,SENECA ROCK MAMU PDK XL,33050,6,0,0,34113,204678,204678
Mei-2026,MAMU BTP,MAMU BIOWASH,SUGAR SWIZZLE MAMU PDK 2XL,0,8,0,0,75000,600000,0
Jun-2026,MAMU BTP,MAMU BIOWASH,SUGAR SWIZZLE MAMU PDK 2XL,0,8,0,0,75000,600000,600000
Jul-2026,MAMU BTP,MAMU BIOWASH,SUGAR SWIZZLE MAMU PDK 2XL,0,8,0,0,75000,600000,600000
Agu-2026,MAMU BTP,MAMU BIOWASH,SUGAR SWIZZLE MAMU PDK 2XL,35105,7,0,0,75000,525000,600000
Sep-2026,MAMU BTP,MAMU BIOWASH,SUGAR SWIZZLE MAMU PDK 2XL,140420,3,0,0,75000,225000,525000
Okt-2026,MAMU BTP,MAMU BIOWASH,SUGAR SWIZZLE MAMU PDK 2XL,0,3,0,0,75000,225000,225000
Jun-2026,MAMU BTP,MAMU BIOWASH,SUGAR SWIZZLE MAMU PDK KIDS S,0,3,0,0,75000,225000,0
Jul-2026,MAMU BTP,MAMU BIOWASH,SUGAR SWIZZLE MAMU PDK KIDS S,0,1,0,0,75000,75000,225000
Agu-2026,MAMU BTP,MAMU BIOWASH,SUGAR SWIZZLE MAMU PDK KIDS S,0,0,0,0,75000,0,75000
Jun-2026,MAMU BTP,MAMU BIOWASH,SUGAR SWIZZLE MAMU PDK KIDS XS,0,4,0,0,75000,300000,0
Jul-2026,MAMU BTP,MAMU BIOWASH,SUGAR SWIZZLE MAMU PDK KIDS XS,0,3,0,0,75000,225000,300000
Agu-2026,MAMU BTP,MAMU BIOWASH,SUGAR SWIZZLE MAMU PDK KIDS XS,0,3,0,0,75000,225000,225000
Sep-2026,MAMU BTP,MAMU BIOWASH,SUGAR SWIZZLE MAMU PDK KIDS XS,0,2,0,0,75000,150000,225000
Okt-2026,MAMU BTP,MAMU BIOWASH,SUGAR SWIZZLE MAMU PDK KIDS XS,0,2,0,0,75000,150000,150000
Mei-2026,MAMU BTP,MAMU BIOWASH,SUGAR SWIZZLE MAMU PDK L,0,15,0,0,75000,1125000,0
Jun-2026,MAMU BTP,MAMU BIOWASH,SUGAR SWIZZLE MAMU PDK L,130028,11,0,0,75000,825000,1125000
Jul-2026,MAMU BTP,MAMU BIOWASH,SUGAR SWIZZLE MAMU PDK L,162535,7,0,0,75000,525000,825000
Agu-2026,MAMU BTP,MAMU BIOWASH,SUGAR SWIZZLE MAMU PDK L,292563,3,2,0,75000,375000,525000
Sep-2026,MAMU BTP,MAMU BIOWASH,SUGAR SWIZZLE MAMU PDK L,227549,6,0,0,75000,450000,375000
Okt-2026,MAMU BTP,MAMU BIOWASH,SUGAR SWIZZLE MAMU PDK L,97521,8,0,0,75000,600000,450000
Mei-2026,MAMU BTP,MAMU BIOWASH,SUGAR SWIZZLE MAMU PDK M,33744,14,0,0,75000,1050000,0
Jun-2026,MAMU BTP,MAMU BIOWASH,SUGAR SWIZZLE MAMU PDK M,134976,10,0,0,75000,750000,1050000
Jul-2026,MAMU BTP,MAMU BIOWASH,SUGAR SWIZZLE MAMU PDK M,33744,9,0,0,75000,675000,750000
Agu-2026,MAMU BTP,MAMU BIOWASH,SUGAR SWIZZLE MAMU PDK M,67488,7,0,0,75000,525000,675000
Sep-2026,MAMU BTP,MAMU BIOWASH,SUGAR SWIZZLE MAMU PDK M,33744,6,0,0,75000,450000,525000
Okt-2026,MAMU BTP,MAMU BIOWASH,SUGAR SWIZZLE MAMU PDK M,67488,5,0,0,75000,375000,450000
Mei-2026,MAMU BTP,MAMU BIOWASH,SUGAR SWIZZLE MAMU PDK S,0,8,0,0,75000,600000,0
Jun-2026,MAMU BTP,MAMU BIOWASH,SUGAR SWIZZLE MAMU PDK S,140420,4,0,0,75000,300000,600000
Jul-2026,MAMU BTP,MAMU BIOWASH,SUGAR SWIZZLE MAMU PDK S,140420,5,0,0,75000,375000,300000
Agu-2026,MAMU BTP,MAMU BIOWASH,SUGAR SWIZZLE MAMU PDK S,70210,1,0,0,75000,75000,375000
Sep-2026,MAMU BTP,MAMU BIOWASH,SUGAR SWIZZLE MAMU PDK S,35105,1,0,0,75000,75000,75000
Okt-2026,MAMU BTP,MAMU BIOWASH,SUGAR SWIZZLE MAMU PDK S,0,0,0,0,75000,0,75000
Mei-2026,MAMU BTP,MAMU BIOWASH,SUGAR SWIZZLE MAMU PDK XL,0,15,0,0,75000,1125000,0
Jun-2026,MAMU BTP,MAMU BIOWASH,SUGAR SWIZZLE MAMU PDK XL,168720,10,0,0,75000,750000,1125000
Jul-2026,MAMU BTP,MAMU BIOWASH,SUGAR SWIZZLE MAMU PDK XL,33744,10,0,0,75000,750000,750000
Agu-2026,MAMU BTP,MAMU BIOWASH,SUGAR SWIZZLE MAMU PDK XL,67488,8,0,0,75000,600000,750000
Sep-2026,MAMU BTP,MAMU BIOWASH,SUGAR SWIZZLE MAMU PDK XL,101232,6,0,0,75000,450000,600000
Okt-2026,MAMU BTP,MAMU BIOWASH,SUGAR SWIZZLE MAMU PDK XL,101232,6,0,0,75000,450000,450000
Mei-2026,MAMU GOWA,MAMU BIOWASH,BERING SEA MAMU PDK 2XL,68240,2,0,0,75000,150000,0
Jun-2026,MAMU GOWA,MAMU BIOWASH,BERING SEA MAMU PDK 2XL,0,7,0,0,75000,525000,150000
Jul-2026,MAMU GOWA,MAMU BIOWASH,BERING SEA MAMU PDK 2XL,0,7,0,0,75000,525000,525000
Agu-2026,MAMU GOWA,MAMU BIOWASH,BERING SEA MAMU PDK 2XL,0,7,0,0,75000,525000,525000
Sep-2026,MAMU GOWA,MAMU BIOWASH,BERING SEA MAMU PDK 2XL,0,7,0,0,75000,525000,525000
Okt-2026,MAMU GOWA,MAMU BIOWASH,BERING SEA MAMU PDK 2XL,0,7,0,0,75000,525000,525000
Mei-2026,MAMU GOWA,MAMU BIOWASH,BERING SEA MAMU PDK L,33878,5,0,0,75000,375000,0
Jun-2026,MAMU GOWA,MAMU BIOWASH,BERING SEA MAMU PDK L,33878,8,0,0,75000,600000,375000
Jul-2026,MAMU GOWA,MAMU BIOWASH,BERING SEA MAMU PDK L,33878,7,0,0,75000,525000,600000
Agu-2026,MAMU GOWA,MAMU BIOWASH,BERING SEA MAMU PDK L,101634,6,0,0,75000,450000,525000
Sep-2026,MAMU GOWA,MAMU BIOWASH,BERING SEA MAMU PDK L,33878,8,0,0,75000,600000,450000
Okt-2026,MAMU GOWA,MAMU BIOWASH,BERING SEA MAMU PDK L,0,8,0,0,75000,600000,600000
Mei-2026,MAMU GOWA,MAMU BIOWASH,BERING SEA MAMU PDK M,0,5,0,0,75000,375000,0
Jun-2026,MAMU GOWA,MAMU BIOWASH,BERING SEA MAMU PDK M,0,10,0,0,75000,750000,375000
Jul-2026,MAMU GOWA,MAMU BIOWASH,BERING SEA MAMU PDK M,0,10,0,0,75000,750000,750000
Agu-2026,MAMU GOWA,MAMU BIOWASH,BERING SEA MAMU PDK M,68240,9,0,0,75000,675000,750000
Sep-2026,MAMU GOWA,MAMU BIOWASH,BERING SEA MAMU PDK M,0,8,0,0,75000,600000,675000
Okt-2026,MAMU GOWA,MAMU BIOWASH,BERING SEA MAMU PDK M,0,8,0,0,75000,600000,600000
Mei-2026,MAMU GOWA,MAMU BIOWASH,BERING SEA MAMU PDK S,68240,2,0,0,75000,150000,0
Jun-2026,MAMU GOWA,MAMU BIOWASH,BERING SEA MAMU PDK S,34120,6,0,0,75000,450000,150000
Jul-2026,MAMU GOWA,MAMU BIOWASH,BERING SEA MAMU PDK S,0,6,0,0,75000,450000,450000
Agu-2026,MAMU GOWA,MAMU BIOWASH,BERING SEA MAMU PDK S,34120,5,0,0,75000,375000,450000
Sep-2026,MAMU GOWA,MAMU BIOWASH,BERING SEA MAMU PDK S,34120,4,0,0,75000,300000,375000
Okt-2026,MAMU GOWA,MAMU BIOWASH,BERING SEA MAMU PDK S,34120,3,0,0,75000,225000,300000
Mei-2026,MAMU GOWA,MAMU BIOWASH,BERING SEA MAMU PDK XL,34120,4,0,0,75000,300000,0
Jun-2026,MAMU GOWA,MAMU BIOWASH,BERING SEA MAMU PDK XL,0,9,0,0,75000,675000,300000
Jul-2026,MAMU GOWA,MAMU BIOWASH,BERING SEA MAMU PDK XL,0,9,0,0,75000,675000,675000
Agu-2026,MAMU GOWA,MAMU BIOWASH,BERING SEA MAMU PDK XL,0,9,0,0,75000,675000,675000
Sep-2026,MAMU GOWA,MAMU BIOWASH,BERING SEA MAMU PDK XL,102360,6,0,0,75000,450000,675000
Okt-2026,MAMU GOWA,MAMU BIOWASH,BERING SEA MAMU PDK XL,34120,5,0,0,75000,375000,450000
Mei-2026,MAMU GOWA,MAMU BIOWASH,BLACK NT MAMU PDK 2XL,35053,5,0,0,34056,170280,0
Jun-2026,MAMU GOWA,MAMU BIOWASH,BLACK NT MAMU PDK 2XL,0,9,0,0,34056,306504,170280
Jul-2026,MAMU GOWA,MAMU BIOWASH,BLACK NT MAMU PDK 2XL,0,9,0,0,34056,306504,306504
Agu-2026,MAMU GOWA,MAMU BIOWASH,BLACK NT MAMU PDK 2XL,140212,7,0,0,34056,238392,306504
Sep-2026,MAMU GOWA,MAMU BIOWASH,BLACK NT MAMU PDK 2XL,0,5,0,0,34056,170280,238392
Okt-2026,MAMU GOWA,MAMU BIOWASH,BLACK NT MAMU PDK 2XL,0,5,0,0,34056,170280,170280
Apr-2026,MAMU GOWA,MAMU BIOWASH,BLACK NT MAMU PDK L,0,4,0,0,33977,135908,0
Mei-2026,MAMU GOWA,MAMU BIOWASH,BLACK NT MAMU PDK L,168935,4,0,0,33977,135908,135908
Jun-2026,MAMU GOWA,MAMU BIOWASH,BLACK NT MAMU PDK L,100920,10,0,0,33977,339770,135908
Jul-2026,MAMU GOWA,MAMU BIOWASH,BLACK NT MAMU PDK L,269102,6,0,0,33977,203862,339770
Agu-2026,MAMU GOWA,MAMU BIOWASH,BLACK NT MAMU PDK L,168020,12,0,0,33977,407724,203862
Sep-2026,MAMU GOWA,MAMU BIOWASH,BLACK NT MAMU PDK L,168018,4,1,0,33977,169885,407724
Okt-2026,MAMU GOWA,MAMU BIOWASH,BLACK NT MAMU PDK L,67202,14,0,0,33977,475678,169885
Mei-2026,MAMU GOWA,MAMU BIOWASH,BLACK NT MAMU PDK M,133444,2,0,0,32710,65420,0
Jun-2026,MAMU GOWA,MAMU BIOWASH,BLACK NT MAMU PDK M,233527,4,0,0,32710,130840,65420
Jul-2026,MAMU GOWA,MAMU BIOWASH,BLACK NT MAMU PDK M,300249,7,0,0,32710,228970,130840
Agu-2026,MAMU GOWA,MAMU BIOWASH,BLACK NT MAMU PDK M,166805,8,0,0,32710,261680,228970
Sep-2026,MAMU GOWA,MAMU BIOWASH,BLACK NT MAMU PDK M,33361,6,0,0,32710,196260,261680
Okt-2026,MAMU GOWA,MAMU BIOWASH,BLACK NT MAMU PDK M,100083,5,0,0,32710,163550,196260
Mei-2026,MAMU GOWA,MAMU BIOWASH,BLACK NT MAMU PDK S,0,0,20,0,33144,662880,0
Jun-2026,MAMU GOWA,MAMU BIOWASH,BLACK NT MAMU PDK S,210318,19,0,0,33144,629736,662880
Jul-2026,MAMU GOWA,MAMU BIOWASH,BLACK NT MAMU PDK S,140212,15,0,0,33144,497160,629736
Agu-2026,MAMU GOWA,MAMU BIOWASH,BLACK NT MAMU PDK S,175265,10,0,0,33144,331440,497160
Sep-2026,MAMU GOWA,MAMU BIOWASH,BLACK NT MAMU PDK S,315477,2,0,0,33144,66288,331440
Okt-2026,MAMU GOWA,MAMU BIOWASH,BLACK NT MAMU PDK S,35053,0,0,0,33144,0,66288
Mei-2026,MAMU GOWA,MAMU BIOWASH,BLACK NT MAMU PDK XL,31460,4,0,0,33144,132576,0
Jun-2026,MAMU GOWA,MAMU BIOWASH,BLACK NT MAMU PDK XL,62920,7,0,0,33144,232008,132576
Jul-2026,MAMU GOWA,MAMU BIOWASH,BLACK NT MAMU PDK XL,157300,4,0,0,33144,132576,232008
Agu-2026,MAMU GOWA,MAMU BIOWASH,BLACK NT MAMU PDK XL,125840,13,0,0,33144,430872,132576
Sep-2026,MAMU GOWA,MAMU BIOWASH,BLACK NT MAMU PDK XL,62920,11,0,0,33144,364584,430872
Okt-2026,MAMU GOWA,MAMU BIOWASH,BLACK NT MAMU PDK XL,31460,9,0,0,33144,298296,364584
Mei-2026,MAMU GOWA,MAMU BIOWASH,CROCODILE MAMU PDK 2XL,0,1,0,0,35756,35756,0
Jun-2026,MAMU GOWA,MAMU BIOWASH,CROCODILE MAMU PDK 2XL,33812,3,0,0,35756,107268,35756
Jul-2026,MAMU GOWA,MAMU BIOWASH,CROCODILE MAMU PDK 2XL,33812,2,0,0,35756,71512,107268
Agu-2026,MAMU GOWA,MAMU BIOWASH,CROCODILE MAMU PDK 2XL,0,2,0,0,35756,71512,71512
Sep-2026,MAMU GOWA,MAMU BIOWASH,CROCODILE MAMU PDK 2XL,0,2,0,0,35756,71512,71512
Okt-2026,MAMU GOWA,MAMU BIOWASH,CROCODILE MAMU PDK 2XL,0,2,0,0,35756,71512,71512
Mei-2026,MAMU GOWA,MAMU BIOWASH,CROCODILE MAMU PDK L,33812,4,0,0,34471,137884,0
Jun-2026,MAMU GOWA,MAMU BIOWASH,CROCODILE MAMU PDK L,0,9,0,0,34471,310239,137884
Jul-2026,MAMU GOWA,MAMU BIOWASH,CROCODILE MAMU PDK L,0,9,0,0,34471,310239,310239
Agu-2026,MAMU GOWA,MAMU BIOWASH,CROCODILE MAMU PDK L,0,9,0,0,34471,310239,310239
Sep-2026,MAMU GOWA,MAMU BIOWASH,CROCODILE MAMU PDK L,33812,9,0,0,34471,310239,310239
Okt-2026,MAMU GOWA,MAMU BIOWASH,CROCODILE MAMU PDK L,33812,7,0,0,34471,241297,310239
Mei-2026,MAMU GOWA,MAMU BIOWASH,CROCODILE MAMU PDK M,72536,2,0,0,36874,73748,0
Jun-2026,MAMU GOWA,MAMU BIOWASH,CROCODILE MAMU PDK M,72536,5,0,0,36874,184370,73748
Jul-2026,MAMU GOWA,MAMU BIOWASH,CROCODILE MAMU PDK M,36268,4,0,0,36874,147496,184370
Agu-2026,MAMU GOWA,MAMU BIOWASH,CROCODILE MAMU PDK M,36268,14,0,0,36874,516236,147496
Sep-2026,MAMU GOWA,MAMU BIOWASH,CROCODILE MAMU PDK M,72536,10,0,0,36874,368740,516236
Okt-2026,MAMU GOWA,MAMU BIOWASH,CROCODILE MAMU PDK M,181340,3,0,0,36874,110622,368740
Mei-2026,MAMU GOWA,MAMU BIOWASH,CROCODILE MAMU PDK S,0,1,0,0,35756,35756,0
Jun-2026,MAMU GOWA,MAMU BIOWASH,CROCODILE MAMU PDK S,33812,5,0,0,35756,178780,35756
Jul-2026,MAMU GOWA,MAMU BIOWASH,CROCODILE MAMU PDK S,0,5,0,0,35756,178780,178780
Agu-2026,MAMU GOWA,MAMU BIOWASH,CROCODILE MAMU PDK S,0,5,0,0,35756,178780,178780
Sep-2026,MAMU GOWA,MAMU BIOWASH,CROCODILE MAMU PDK S,33812,4,0,0,35756,143024,178780
Okt-2026,MAMU GOWA,MAMU BIOWASH,CROCODILE MAMU PDK S,0,4,0,0,35756,143024,143024
Mei-2026,MAMU GOWA,MAMU BIOWASH,CROCODILE MAMU PDK XL,0,4,0,0,36119,144476,0
Jun-2026,MAMU GOWA,MAMU BIOWASH,CROCODILE MAMU PDK XL,36268,8,0,0,36119,288952,144476
Jul-2026,MAMU GOWA,MAMU BIOWASH,CROCODILE MAMU PDK XL,36268,7,0,0,36119,252833,288952
Agu-2026,MAMU GOWA,MAMU BIOWASH,CROCODILE MAMU PDK XL,0,7,0,0,36119,252833,252833
Sep-2026,MAMU GOWA,MAMU BIOWASH,CROCODILE MAMU PDK XL,72536,5,0,0,36119,180595,252833
Okt-2026,MAMU GOWA,MAMU BIOWASH,CROCODILE MAMU PDK XL,0,5,0,0,36119,180595,180595
Mei-2026,MAMU GOWA,MAMU BIOWASH,PASTEL GREEN MAMU PDK 2XL,0,1,0,0,75000,75000,0
Jun-2026,MAMU GOWA,MAMU BIOWASH,PASTEL GREEN MAMU PDK 2XL,0,4,0,0,75000,300000,75000
Jul-2026,MAMU GOWA,MAMU BIOWASH,PASTEL GREEN MAMU PDK 2XL,102750,2,0,0,75000,150000,300000
Agu-2026,MAMU GOWA,MAMU BIOWASH,PASTEL GREEN MAMU PDK 2XL,34250,0,0,0,75000,0,150000
Mei-2026,MAMU GOWA,MAMU BIOWASH,PASTEL GREEN MAMU PDK L,0,5,0,0,75000,375000,0
Jun-2026,MAMU GOWA,MAMU BIOWASH,PASTEL GREEN MAMU PDK L,34250,9,0,0,75000,675000,375000
Jul-2026,MAMU GOWA,MAMU BIOWASH,PASTEL GREEN MAMU PDK L,34250,8,0,0,75000,600000,675000
Agu-2026,MAMU GOWA,MAMU BIOWASH,PASTEL GREEN MAMU PDK L,68500,6,0,0,75000,450000,600000
Sep-2026,MAMU GOWA,MAMU BIOWASH,PASTEL GREEN MAMU PDK L,68500,4,0,0,75000,300000,450000
Okt-2026,MAMU GOWA,MAMU BIOWASH,PASTEL GREEN MAMU PDK L,0,10,0,0,75000,750000,300000
Mei-2026,MAMU GOWA,MAMU BIOWASH,PASTEL GREEN MAMU PDK M,0,4,0,0,75000,300000,0
Jun-2026,MAMU GOWA,MAMU BIOWASH,PASTEL GREEN MAMU PDK M,0,9,0,0,75000,675000,300000
Jul-2026,MAMU GOWA,MAMU BIOWASH,PASTEL GREEN MAMU PDK M,0,9,0,0,75000,675000,675000
Agu-2026,MAMU GOWA,MAMU BIOWASH,PASTEL GREEN MAMU PDK M,66590,8,0,0,75000,600000,675000
Sep-2026,MAMU GOWA,MAMU BIOWASH,PASTEL GREEN MAMU PDK M,99885,4,0,0,75000,300000,600000
Okt-2026,MAMU GOWA,MAMU BIOWASH,PASTEL GREEN MAMU PDK M,0,7,0,0,75000,525000,300000
Mei-2026,MAMU GOWA,MAMU BIOWASH,PASTEL GREEN MAMU PDK S,0,1,0,0,75000,75000,0
Jun-2026,MAMU GOWA,MAMU BIOWASH,PASTEL GREEN MAMU PDK S,68500,2,0,0,75000,150000,75000
Jul-2026,MAMU GOWA,MAMU BIOWASH,PASTEL GREEN MAMU PDK S,0,2,0,0,75000,150000,150000
Agu-2026,MAMU GOWA,MAMU BIOWASH,PASTEL GREEN MAMU PDK S,0,2,0,0,75000,150000,150000
Sep-2026,MAMU GOWA,MAMU BIOWASH,PASTEL GREEN MAMU PDK S,68500,1,0,0,75000,75000,150000
Okt-2026,MAMU GOWA,MAMU BIOWASH,PASTEL GREEN MAMU PDK S,0,0,0,0,75000,0,75000
Mei-2026,MAMU GOWA,MAMU BIOWASH,PASTEL GREEN MAMU PDK XL,33295,4,0,0,75000,300000,0
Jun-2026,MAMU GOWA,MAMU BIOWASH,PASTEL GREEN MAMU PDK XL,33295,8,0,0,75000,600000,300000
Jul-2026,MAMU GOWA,MAMU BIOWASH,PASTEL GREEN MAMU PDK XL,33295,7,0,0,75000,525000,600000
Agu-2026,MAMU GOWA,MAMU BIOWASH,PASTEL GREEN MAMU PDK XL,33295,6,0,0,75000,450000,525000
Sep-2026,MAMU GOWA,MAMU BIOWASH,PASTEL GREEN MAMU PDK XL,0,6,0,0,75000,450000,450000
Okt-2026,MAMU GOWA,MAMU BIOWASH,PASTEL GREEN MAMU PDK XL,0,6,0,0,75000,450000,450000
Jun-2026,MAMU GOWA,MAMU BIOWASH,POPY SEED MAMU PDK 2XL,0,3,0,0,43442,130326,0
Jul-2026,MAMU GOWA,MAMU BIOWASH,POPY SEED MAMU PDK 2XL,0,3,0,0,43442,130326,130326
Agu-2026,MAMU GOWA,MAMU BIOWASH,POPY SEED MAMU PDK 2XL,0,3,0,0,43442,130326,130326
Sep-2026,MAMU GOWA,MAMU BIOWASH,POPY SEED MAMU PDK 2XL,0,3,0,0,43442,130326,130326
Okt-2026,MAMU GOWA,MAMU BIOWASH,POPY SEED MAMU PDK 2XL,33625,2,0,0,43442,86884,130326
Apr-2026,MAMU GOWA,MAMU BIOWASH,POPY SEED MAMU PDK L,0,1,0,0,36959,36959,0
Mei-2026,MAMU GOWA,MAMU BIOWASH,POPY SEED MAMU PDK L,0,5,0,0,36959,184795,36959
Jun-2026,MAMU GOWA,MAMU BIOWASH,POPY SEED MAMU PDK L,0,10,0,0,36959,369590,184795
Jul-2026,MAMU GOWA,MAMU BIOWASH,POPY SEED MAMU PDK L,101877,7,0,0,36959,258713,369590
Agu-2026,MAMU GOWA,MAMU BIOWASH,POPY SEED MAMU PDK L,135836,6,0,0,36959,221754,258713
Sep-2026,MAMU GOWA,MAMU BIOWASH,POPY SEED MAMU PDK L,0,8,0,0,36959,295672,221754
Okt-2026,MAMU GOWA,MAMU BIOWASH,POPY SEED MAMU PDK L,0,8,0,0,36959,295672,295672
Mei-2026,MAMU GOWA,MAMU BIOWASH,POPY SEED MAMU PDK M,67250,2,0,0,38850,77700,0
Jun-2026,MAMU GOWA,MAMU BIOWASH,POPY SEED MAMU PDK M,168125,2,0,0,38850,77700,77700
Jul-2026,MAMU GOWA,MAMU BIOWASH,POPY SEED MAMU PDK M,33625,6,0,0,38850,233100,77700
Agu-2026,MAMU GOWA,MAMU BIOWASH,POPY SEED MAMU PDK M,89667,5,0,0,38850,194250,233100
Sep-2026,MAMU GOWA,MAMU BIOWASH,POPY SEED MAMU PDK M,0,5,0,0,38850,194250,194250
Okt-2026,MAMU GOWA,MAMU BIOWASH,POPY SEED MAMU PDK M,0,5,0,0,38850,194250,194250
Jun-2026,MAMU GOWA,MAMU BIOWASH,POPY SEED MAMU PDK S,0,3,0,0,38850,116550,0
Jul-2026,MAMU GOWA,MAMU BIOWASH,POPY SEED MAMU PDK S,0,3,0,0,38850,116550,116550
Agu-2026,MAMU GOWA,MAMU BIOWASH,POPY SEED MAMU PDK S,67250,1,0,0,38850,38850,116550
Sep-2026,MAMU GOWA,MAMU BIOWASH,POPY SEED MAMU PDK S,33625,0,0,0,38850,0,38850
Mei-2026,MAMU GOWA,MAMU BIOWASH,POPY SEED MAMU PDK XL,33625,3,0,0,35635,106905,0
Jun-2026,MAMU GOWA,MAMU BIOWASH,POPY SEED MAMU PDK XL,33625,7,0,0,35635,249445,106905
Jul-2026,MAMU GOWA,MAMU BIOWASH,POPY SEED MAMU PDK XL,0,7,0,0,35635,249445,249445
Agu-2026,MAMU GOWA,MAMU BIOWASH,POPY SEED MAMU PDK XL,100875,4,0,0,35635,142540,249445
Sep-2026,MAMU GOWA,MAMU BIOWASH,POPY SEED MAMU PDK XL,100875,3,0,0,35635,106905,142540
Okt-2026,MAMU GOWA,MAMU BIOWASH,POPY SEED MAMU PDK XL,33625,1,0,0,35635,35635,106905
Jun-2026,MAMU GOWA,MAMU BIOWASH,PUTIH NETRAL MAMU PDK 2XL,35141,4,0,0,75000,300000,0
Jul-2026,MAMU GOWA,MAMU BIOWASH,PUTIH NETRAL MAMU PDK 2XL,35141,3,0,0,75000,225000,300000
Agu-2026,MAMU GOWA,MAMU BIOWASH,PUTIH NETRAL MAMU PDK 2XL,70282,1,0,0,75000,75000,225000
Sep-2026,MAMU GOWA,MAMU BIOWASH,PUTIH NETRAL MAMU PDK 2XL,0,1,0,0,75000,75000,75000
Okt-2026,MAMU GOWA,MAMU BIOWASH,PUTIH NETRAL MAMU PDK 2XL,0,1,0,0,75000,75000,75000
Mei-2026,MAMU GOWA,MAMU BIOWASH,PUTIH NETRAL MAMU PDK L,32076,4,0,0,75000,300000,0
Jun-2026,MAMU GOWA,MAMU BIOWASH,PUTIH NETRAL MAMU PDK L,64152,7,0,0,75000,525000,300000
Jul-2026,MAMU GOWA,MAMU BIOWASH,PUTIH NETRAL MAMU PDK L,64152,5,0,0,75000,375000,525000
Agu-2026,MAMU GOWA,MAMU BIOWASH,PUTIH NETRAL MAMU PDK L,256608,14,0,0,75000,1050000,375000
Sep-2026,MAMU GOWA,MAMU BIOWASH,PUTIH NETRAL MAMU PDK L,128304,5,0,0,75000,375000,1050000
Okt-2026,MAMU GOWA,MAMU BIOWASH,PUTIH NETRAL MAMU PDK L,32076,2,0,0,75000,150000,375000
Mei-2026,MAMU GOWA,MAMU BIOWASH,PUTIH NETRAL MAMU PDK M,62390,3,0,0,75000,225000,0
Jun-2026,MAMU GOWA,MAMU BIOWASH,PUTIH NETRAL MAMU PDK M,124780,4,0,0,75000,300000,225000
Jul-2026,MAMU GOWA,MAMU BIOWASH,PUTIH NETRAL MAMU PDK M,124780,0,0,0,75000,0,300000
Agu-2026,MAMU GOWA,MAMU BIOWASH,PUTIH NETRAL MAMU PDK M,155975,5,0,0,75000,375000,0
Sep-2026,MAMU GOWA,MAMU BIOWASH,PUTIH NETRAL MAMU PDK M,155975,2,0,0,75000,150000,375000
Okt-2026,MAMU GOWA,MAMU BIOWASH,PUTIH NETRAL MAMU PDK M,124780,2,0,0,75000,150000,150000
Jun-2026,MAMU GOWA,MAMU BIOWASH,PUTIH NETRAL MAMU PDK S,0,5,0,0,75000,375000,0
Jul-2026,MAMU GOWA,MAMU BIOWASH,PUTIH NETRAL MAMU PDK S,117126,3,0,0,75000,225000,375000
Agu-2026,MAMU GOWA,MAMU BIOWASH,PUTIH NETRAL MAMU PDK S,39042,0,0,0,75000,0,225000
Mei-2026,MAMU GOWA,MAMU BIOWASH,PUTIH NETRAL MAMU PDK XL,31195,4,0,0,75000,300000,0
Jun-2026,MAMU GOWA,MAMU BIOWASH,PUTIH NETRAL MAMU PDK XL,31195,8,0,0,75000,600000,300000
Jul-2026,MAMU GOWA,MAMU BIOWASH,PUTIH NETRAL MAMU PDK XL,31195,7,0,0,75000,525000,600000
Agu-2026,MAMU GOWA,MAMU BIOWASH,PUTIH NETRAL MAMU PDK XL,155975,6,0,0,75000,450000,525000
Sep-2026,MAMU GOWA,MAMU BIOWASH,PUTIH NETRAL MAMU PDK XL,62390,6,0,0,75000,450000,450000
Okt-2026,MAMU GOWA,MAMU BIOWASH,PUTIH NETRAL MAMU PDK XL,0,5,0,0,75000,375000,450000
Jul-2026,MAMU GOWA,MAMU BIOWASH,SENECA ROCK MAMU PDK 2XL,99150,3,0,0,45173,135519,0
Agu-2026,MAMU GOWA,MAMU BIOWASH,SENECA ROCK MAMU PDK 2XL,66100,1,0,0,45173,45173,135519
Sep-2026,MAMU GOWA,MAMU BIOWASH,SENECA ROCK MAMU PDK 2XL,0,5,0,0,45173,225865,45173
Okt-2026,MAMU GOWA,MAMU BIOWASH,SENECA ROCK MAMU PDK 2XL,0,5,0,0,45173,225865,225865
Mei-2026,MAMU GOWA,MAMU BIOWASH,SENECA ROCK MAMU PDK L,64716,3,0,0,35367,106101,0
Jun-2026,MAMU GOWA,MAMU BIOWASH,SENECA ROCK MAMU PDK L,32358,7,0,0,35367,247569,106101
Jul-2026,MAMU GOWA,MAMU BIOWASH,SENECA ROCK MAMU PDK L,64716,6,0,0,35367,212202,247569
Agu-2026,MAMU GOWA,MAMU BIOWASH,SENECA ROCK MAMU PDK L,64716,14,0,0,35367,495138,212202
Sep-2026,MAMU GOWA,MAMU BIOWASH,SENECA ROCK MAMU PDK L,64716,11,0,0,35367,389037,495138
Okt-2026,MAMU GOWA,MAMU BIOWASH,SENECA ROCK MAMU PDK L,0,11,0,0,35367,389037,389037
Mei-2026,MAMU GOWA,MAMU BIOWASH,SENECA ROCK MAMU PDK M,33050,4,0,0,33775,135100,0
Jun-2026,MAMU GOWA,MAMU BIOWASH,SENECA ROCK MAMU PDK M,66100,7,0,0,33775,236425,135100
Jul-2026,MAMU GOWA,MAMU BIOWASH,SENECA ROCK MAMU PDK M,66100,6,0,0,33775,202650,236425
Agu-2026,MAMU GOWA,MAMU BIOWASH,SENECA ROCK MAMU PDK M,33050,13,0,0,33775,439075,202650
Sep-2026,MAMU GOWA,MAMU BIOWASH,SENECA ROCK MAMU PDK M,66100,11,0,0,33775,371525,439075
Okt-2026,MAMU GOWA,MAMU BIOWASH,SENECA ROCK MAMU PDK M,0,11,0,0,33775,371525,371525
Mei-2026,MAMU GOWA,MAMU BIOWASH,SENECA ROCK MAMU PDK S,33050,0,6,0,38483,230898,0
Jun-2026,MAMU GOWA,MAMU BIOWASH,SENECA ROCK MAMU PDK S,66100,4,0,0,38483,153932,230898
Jul-2026,MAMU GOWA,MAMU BIOWASH,SENECA ROCK MAMU PDK S,0,4,0,0,38483,153932,153932
Agu-2026,MAMU GOWA,MAMU BIOWASH,SENECA ROCK MAMU PDK S,66100,3,0,0,38483,115449,153932
Sep-2026,MAMU GOWA,MAMU BIOWASH,SENECA ROCK MAMU PDK S,33050,2,0,0,38483,76966,115449
Okt-2026,MAMU GOWA,MAMU BIOWASH,SENECA ROCK MAMU PDK S,66100,0,0,0,38483,0,76966
Mei-2026,MAMU GOWA,MAMU BIOWASH,SENECA ROCK MAMU PDK XL,33050,4,0,0,34113,136452,0
Jun-2026,MAMU GOWA,MAMU BIOWASH,SENECA ROCK MAMU PDK XL,0,9,0,0,34113,307017,136452
Jul-2026,MAMU GOWA,MAMU BIOWASH,SENECA ROCK MAMU PDK XL,66100,8,0,0,34113,272904,307017
Agu-2026,MAMU GOWA,MAMU BIOWASH,SENECA ROCK MAMU PDK XL,33050,6,0,0,34113,204678,272904
Sep-2026,MAMU GOWA,MAMU BIOWASH,SENECA ROCK MAMU PDK XL,33050,5,0,0,34113,170565,204678
Okt-2026,MAMU GOWA,MAMU BIOWASH,SENECA ROCK MAMU PDK XL,33050,6,0,0,34113,204678,170565
Mei-2026,MAMU GOWA,MAMU BIOWASH,SUGAR SWIZZLE MAMU PDK 2XL,0,4,0,0,75000,300000,0
Jun-2026,MAMU GOWA,MAMU BIOWASH,SUGAR SWIZZLE MAMU PDK 2XL,0,7,0,0,75000,525000,300000
Jul-2026,MAMU GOWA,MAMU BIOWASH,SUGAR SWIZZLE MAMU PDK 2XL,35105,6,0,0,75000,450000,525000
Agu-2026,MAMU GOWA,MAMU BIOWASH,SUGAR SWIZZLE MAMU PDK 2XL,70210,4,0,0,75000,300000,450000
Sep-2026,MAMU GOWA,MAMU BIOWASH,SUGAR SWIZZLE MAMU PDK 2XL,0,4,0,0,75000,300000,300000
Okt-2026,MAMU GOWA,MAMU BIOWASH,SUGAR SWIZZLE MAMU PDK 2XL,0,4,0,0,75000,300000,300000
Mei-2026,MAMU GOWA,MAMU BIOWASH,SUGAR SWIZZLE MAMU PDK L,65014,3,0,0,75000,225000,0
Jun-2026,MAMU GOWA,MAMU BIOWASH,SUGAR SWIZZLE MAMU PDK L,32507,7,0,0,75000,525000,225000
Jul-2026,MAMU GOWA,MAMU BIOWASH,SUGAR SWIZZLE MAMU PDK L,65014,5,0,0,75000,375000,525000
Agu-2026,MAMU GOWA,MAMU BIOWASH,SUGAR SWIZZLE MAMU PDK L,65014,13,0,0,75000,975000,375000
Sep-2026,MAMU GOWA,MAMU BIOWASH,SUGAR SWIZZLE MAMU PDK L,0,13,0,0,75000,975000,975000
Okt-2026,MAMU GOWA,MAMU BIOWASH,SUGAR SWIZZLE MAMU PDK L,32507,12,0,0,75000,900000,975000
Mei-2026,MAMU GOWA,MAMU BIOWASH,SUGAR SWIZZLE MAMU PDK M,33744,4,0,0,75000,300000,0
Jun-2026,MAMU GOWA,MAMU BIOWASH,SUGAR SWIZZLE MAMU PDK M,101232,6,0,0,75000,450000,300000
Jul-2026,MAMU GOWA,MAMU BIOWASH,SUGAR SWIZZLE MAMU PDK M,33744,5,0,0,75000,375000,450000
Agu-2026,MAMU GOWA,MAMU BIOWASH,SUGAR SWIZZLE MAMU PDK M,0,6,0,0,75000,450000,375000
Sep-2026,MAMU GOWA,MAMU BIOWASH,SUGAR SWIZZLE MAMU PDK M,0,6,0,0,75000,450000,450000
Okt-2026,MAMU GOWA,MAMU BIOWASH,SUGAR SWIZZLE MAMU PDK M,0,6,0,0,75000,450000,450000
Mei-2026,MAMU GOWA,MAMU BIOWASH,SUGAR SWIZZLE MAMU PDK S,0,4,0,0,75000,300000,0
Jun-2026,MAMU GOWA,MAMU BIOWASH,SUGAR SWIZZLE MAMU PDK S,35105,3,0,0,75000,225000,300000
Jul-2026,MAMU GOWA,MAMU BIOWASH,SUGAR SWIZZLE MAMU PDK S,0,5,0,0,75000,375000,225000
Agu-2026,MAMU GOWA,MAMU BIOWASH,SUGAR SWIZZLE MAMU PDK S,0,5,0,0,75000,375000,375000
Sep-2026,MAMU GOWA,MAMU BIOWASH,SUGAR SWIZZLE MAMU PDK S,105315,3,0,0,75000,225000,375000
Okt-2026,MAMU GOWA,MAMU BIOWASH,SUGAR SWIZZLE MAMU PDK S,0,2,0,0,75000,150000,225000
Mei-2026,MAMU GOWA,MAMU BIOWASH,SUGAR SWIZZLE MAMU PDK XL,67488,3,0,0,75000,225000,0
Jun-2026,MAMU GOWA,MAMU BIOWASH,SUGAR SWIZZLE MAMU PDK XL,33744,7,0,0,75000,525000,225000
Jul-2026,MAMU GOWA,MAMU BIOWASH,SUGAR SWIZZLE MAMU PDK XL,33744,6,0,0,75000,450000,525000
Agu-2026,MAMU GOWA,MAMU BIOWASH,SUGAR SWIZZLE MAMU PDK XL,101232,5,0,0,75000,375000,450000
Sep-2026,MAMU GOWA,MAMU BIOWASH,SUGAR SWIZZLE MAMU PDK XL,33744,8,0,0,75000,600000,375000
Okt-2026,MAMU GOWA,MAMU BIOWASH,SUGAR SWIZZLE MAMU PDK XL,0,8,0,0,75000,600000,600000
Okt-2026,MAMU KENDARI,MAMU BIOWASH,BERING SEA MAMU PDK L,0,0,5,0,75000,375000,0
Okt-2026,MAMU KENDARI,MAMU BIOWASH,BERING SEA MAMU PDK XL,0,0,2,0,75000,150000,0
Jan-2026,MAMU KENDARI,MAMU BIOWASH,BLACK NT MAMU PDK 2XL,0,1,0,0,34056,34056,0
Feb-2026,MAMU KENDARI,MAMU BIOWASH,BLACK NT MAMU PDK 2XL,34056,0,0,0,34056,0,34056
Agu-2026,MAMU KENDARI,MAMU BIOWASH,BLACK NT MAMU PDK 2XL,35053,1,0,0,34056,34056,0
Sep-2026,MAMU KENDARI,MAMU BIOWASH,BLACK NT MAMU PDK 2XL,0,0,0,0,34056,0,34056
Jan-2026,MAMU KENDARI,MAMU BIOWASH,BLACK NT MAMU PDK L,0,16,0,0,33977,543632,0
Feb-2026,MAMU KENDARI,MAMU BIOWASH,BLACK NT MAMU PDK L,33977,15,0,0,33977,509655,543632
Mar-2026,MAMU KENDARI,MAMU BIOWASH,BLACK NT MAMU PDK L,135908,9,0,0,33977,305793,509655
Apr-2026,MAMU KENDARI,MAMU BIOWASH,BLACK NT MAMU PDK L,101931,6,0,0,33977,203862,305793
Mei-2026,MAMU KENDARI,MAMU BIOWASH,BLACK NT MAMU PDK L,101931,3,0,0,33977,101931,203862
Jun-2026,MAMU KENDARI,MAMU BIOWASH,BLACK NT MAMU PDK L,33977,2,0,0,33977,67954,101931
Jul-2026,MAMU KENDARI,MAMU BIOWASH,BLACK NT MAMU PDK L,67954,0,0,0,33977,0,67954
Agu-2026,MAMU KENDARI,MAMU BIOWASH,BLACK NT MAMU PDK L,0,5,0,0,33977,169885,0
Sep-2026,MAMU KENDARI,MAMU BIOWASH,BLACK NT MAMU PDK L,67192,3,0,0,33977,101931,169885
Okt-2026,MAMU KENDARI,MAMU BIOWASH,BLACK NT MAMU PDK L,0,3,4,0,33977,237839,101931
Agu-2026,MAMU KENDARI,MAMU BIOWASH,BLACK NT MAMU PDK M,0,5,0,0,32710,163550,0
Sep-2026,MAMU KENDARI,MAMU BIOWASH,BLACK NT MAMU PDK M,0,5,0,0,32710,163550,163550
Okt-2026,MAMU KENDARI,MAMU BIOWASH,BLACK NT MAMU PDK M,0,5,0,0,32710,163550,163550
Jan-2026,MAMU KENDARI,MAMU BIOWASH,BLACK NT MAMU PDK XL,0,2,0,0,33144,66288,0
Feb-2026,MAMU KENDARI,MAMU BIOWASH,BLACK NT MAMU PDK XL,66288,0,0,0,33144,0,66288
Agu-2026,MAMU KENDARI,MAMU BIOWASH,BLACK NT MAMU PDK XL,0,5,0,0,33144,165720,0
Sep-2026,MAMU KENDARI,MAMU BIOWASH,BLACK NT MAMU PDK XL,31460,4,0,0,33144,132576,165720
Okt-2026,MAMU KENDARI,MAMU BIOWASH,BLACK NT MAMU PDK XL,31460,3,0,0,33144,99432,132576
Jan-2026,MAMU KENDARI,MAMU BIOWASH,CROCODILE MAMU PDK 2XL,0,2,0,0,35756,71512,0
Feb-2026,MAMU KENDARI,MAMU BIOWASH,CROCODILE MAMU PDK 2XL,0,2,0,0,35756,71512,71512
Mar-2026,MAMU KENDARI,MAMU BIOWASH,CROCODILE MAMU PDK 2XL,0,2,0,0,35756,71512,71512
Apr-2026,MAMU KENDARI,MAMU BIOWASH,CROCODILE MAMU PDK 2XL,0,2,0,0,35756,71512,71512
Mei-2026,MAMU KENDARI,MAMU BIOWASH,CROCODILE MAMU PDK 2XL,0,2,0,0,35756,71512,71512
Jun-2026,MAMU KENDARI,MAMU BIOWASH,CROCODILE MAMU PDK 2XL,0,2,0,0,35756,71512,71512
Jul-2026,MAMU KENDARI,MAMU BIOWASH,CROCODILE MAMU PDK 2XL,0,2,0,0,35756,71512,71512
Agu-2026,MAMU KENDARI,MAMU BIOWASH,CROCODILE MAMU PDK 2XL,35756,1,0,0,35756,35756,71512
Sep-2026,MAMU KENDARI,MAMU BIOWASH,CROCODILE MAMU PDK 2XL,35756,0,0,0,35756,0,35756
Jan-2026,MAMU KENDARI,MAMU BIOWASH,CROCODILE MAMU PDK L,0,5,0,0,34471,172355,0
Feb-2026,MAMU KENDARI,MAMU BIOWASH,CROCODILE MAMU PDK L,0,5,0,0,34471,172355,172355
Mar-2026,MAMU KENDARI,MAMU BIOWASH,CROCODILE MAMU PDK L,103413,2,0,0,34471,68942,172355
Apr-2026,MAMU KENDARI,MAMU BIOWASH,CROCODILE MAMU PDK L,0,3,0,0,34471,103413,68942
Mei-2026,MAMU KENDARI,MAMU BIOWASH,CROCODILE MAMU PDK L,34471,2,0,0,34471,68942,103413
Jun-2026,MAMU KENDARI,MAMU BIOWASH,CROCODILE MAMU PDK L,0,2,0,0,34471,68942,68942
Jul-2026,MAMU KENDARI,MAMU BIOWASH,CROCODILE MAMU PDK L,34471,2,0,0,34471,68942,68942
Agu-2026,MAMU KENDARI,MAMU BIOWASH,CROCODILE MAMU PDK L,34471,0,0,0,34471,0,68942
Jan-2026,MAMU KENDARI,MAMU BIOWASH,CROCODILE MAMU PDK M,0,7,0,0,36874,258118,0
Feb-2026,MAMU KENDARI,MAMU BIOWASH,CROCODILE MAMU PDK M,0,6,0,0,36874,221244,258118
Mar-2026,MAMU KENDARI,MAMU BIOWASH,CROCODILE MAMU PDK M,0,5,0,0,36874,184370,221244
Apr-2026,MAMU KENDARI,MAMU BIOWASH,CROCODILE MAMU PDK M,36874,3,0,0,36874,110622,184370
Mei-2026,MAMU KENDARI,MAMU BIOWASH,CROCODILE MAMU PDK M,0,3,0,0,36874,110622,110622
Jun-2026,MAMU KENDARI,MAMU BIOWASH,CROCODILE MAMU PDK M,73748,1,0,0,36874,36874,110622
Jul-2026,MAMU KENDARI,MAMU BIOWASH,CROCODILE MAMU PDK M,0,1,0,0,36874,36874,36874
Agu-2026,MAMU KENDARI,MAMU BIOWASH,CROCODILE MAMU PDK M,0,1,0,0,36874,36874,36874
Sep-2026,MAMU KENDARI,MAMU BIOWASH,CROCODILE MAMU PDK M,0,1,0,0,36874,36874,36874
Okt-2026,MAMU KENDARI,MAMU BIOWASH,CROCODILE MAMU PDK M,0,1,0,0,36874,36874,36874
Jan-2026,MAMU KENDARI,MAMU BIOWASH,CROCODILE MAMU PDK S,0,3,0,0,35756,107268,0
Feb-2026,MAMU KENDARI,MAMU BIOWASH,CROCODILE MAMU PDK S,0,3,0,0,35756,107268,107268
Mar-2026,MAMU KENDARI,MAMU BIOWASH,CROCODILE MAMU PDK S,35756,2,0,0,35756,71512,107268
Apr-2026,MAMU KENDARI,MAMU BIOWASH,CROCODILE MAMU PDK S,0,2,0,0,35756,71512,71512
Mei-2026,MAMU KENDARI,MAMU BIOWASH,CROCODILE MAMU PDK S,0,2,0,0,35756,71512,71512
Jun-2026,MAMU KENDARI,MAMU BIOWASH,CROCODILE MAMU PDK S,0,2,0,0,35756,71512,71512
Jul-2026,MAMU KENDARI,MAMU BIOWASH,CROCODILE MAMU PDK S,0,2,0,0,35756,71512,71512
Agu-2026,MAMU KENDARI,MAMU BIOWASH,CROCODILE MAMU PDK S,0,2,0,0,35756,71512,71512
Sep-2026,MAMU KENDARI,MAMU BIOWASH,CROCODILE MAMU PDK S,0,2,0,0,35756,71512,71512
Okt-2026,MAMU KENDARI,MAMU BIOWASH,CROCODILE MAMU PDK S,0,2,0,0,35756,71512,71512
Jan-2026,MAMU KENDARI,MAMU BIOWASH,CROCODILE MAMU PDK XL,0,2,0,0,36119,72238,0
Feb-2026,MAMU KENDARI,MAMU BIOWASH,CROCODILE MAMU PDK XL,0,3,0,0,36119,108357,72238
Mar-2026,MAMU KENDARI,MAMU BIOWASH,CROCODILE MAMU PDK XL,72238,1,0,0,36119,36119,108357
Apr-2026,MAMU KENDARI,MAMU BIOWASH,CROCODILE MAMU PDK XL,0,1,0,0,36119,36119,36119
Mei-2026,MAMU KENDARI,MAMU BIOWASH,CROCODILE MAMU PDK XL,0,1,0,0,36119,36119,36119
Jun-2026,MAMU KENDARI,MAMU BIOWASH,CROCODILE MAMU PDK XL,0,1,0,0,36119,36119,36119
Jul-2026,MAMU KENDARI,MAMU BIOWASH,CROCODILE MAMU PDK XL,36119,1,0,0,36119,36119,36119
Agu-2026,MAMU KENDARI,MAMU BIOWASH,CROCODILE MAMU PDK XL,0,0,0,0,36119,0,36119
Jan-2026,MAMU KENDARI,MAMU BIOWASH,NAVY MAMU PDK 2XL,36278,0,0,0,36278,0,0
Jan-2026,MAMU KENDARI,MAMU BIOWASH,NAVY MAMU PDK L,0,2,0,0,34651,69302,0
Feb-2026,MAMU KENDARI,MAMU BIOWASH,NAVY MAMU PDK L,34651,1,0,0,34651,34651,69302
Mar-2026,MAMU KENDARI,MAMU BIOWASH,NAVY MAMU PDK L,34651,0,0,0,34651,0,34651
Jan-2026,MAMU KENDARI,MAMU BIOWASH,NAVY MAMU PDK M,0,5,0,0,34238,171190,0
Feb-2026,MAMU KENDARI,MAMU BIOWASH,NAVY MAMU PDK M,0,5,0,0,34238,171190,171190
Mar-2026,MAMU KENDARI,MAMU BIOWASH,NAVY MAMU PDK M,34238,4,0,0,34238,136952,171190
Apr-2026,MAMU KENDARI,MAMU BIOWASH,NAVY MAMU PDK M,34238,3,0,0,34238,102714,136952
Mei-2026,MAMU KENDARI,MAMU BIOWASH,NAVY MAMU PDK M,0,3,0,0,34238,102714,102714
Jun-2026,MAMU KENDARI,MAMU BIOWASH,NAVY MAMU PDK M,0,3,0,0,34238,102714,102714
Jul-2026,MAMU KENDARI,MAMU BIOWASH,NAVY MAMU PDK M,0,3,0,0,34238,102714,102714
Agu-2026,MAMU KENDARI,MAMU BIOWASH,NAVY MAMU PDK M,34238,2,0,0,34238,68476,102714
Sep-2026,MAMU KENDARI,MAMU BIOWASH,NAVY MAMU PDK M,0,2,0,0,34238,68476,68476
Okt-2026,MAMU KENDARI,MAMU BIOWASH,NAVY MAMU PDK M,0,2,0,0,34238,68476,68476
Jan-2026,MAMU KENDARI,MAMU BIOWASH,NAVY MAMU PDK S,0,1,0,0,35222,35222,0
Feb-2026,MAMU KENDARI,MAMU BIOWASH,NAVY MAMU PDK S,0,1,0,0,35222,35222,35222
Mar-2026,MAMU KENDARI,MAMU BIOWASH,NAVY MAMU PDK S,35222,0,0,0,35222,0,35222
Jan-2026,MAMU KENDARI,MAMU BIOWASH,NAVY MAMU PDK XL,0,7,0,0,40443,283101,0
Feb-2026,MAMU KENDARI,MAMU BIOWASH,NAVY MAMU PDK XL,0,7,0,0,40443,283101,283101
Mar-2026,MAMU KENDARI,MAMU BIOWASH,NAVY MAMU PDK XL,80886,4,0,0,40443,161772,283101
Apr-2026,MAMU KENDARI,MAMU BIOWASH,NAVY MAMU PDK XL,40443,4,0,0,40443,161772,161772
Mei-2026,MAMU KENDARI,MAMU BIOWASH,NAVY MAMU PDK XL,40443,3,0,0,40443,121329,161772
Jun-2026,MAMU KENDARI,MAMU BIOWASH,NAVY MAMU PDK XL,0,3,0,0,40443,121329,121329
Jul-2026,MAMU KENDARI,MAMU BIOWASH,NAVY MAMU PDK XL,0,3,0,0,40443,121329,121329
Agu-2026,MAMU KENDARI,MAMU BIOWASH,NAVY MAMU PDK XL,0,3,0,0,40443,121329,121329
Sep-2026,MAMU KENDARI,MAMU BIOWASH,NAVY MAMU PDK XL,0,3,0,0,40443,121329,121329
Okt-2026,MAMU KENDARI,MAMU BIOWASH,NAVY MAMU PDK XL,0,3,0,0,40443,121329,121329
Jan-2026,MAMU KENDARI,MAMU BIOWASH,POPY SEED MAMU PDK L,0,1,0,0,36959,36959,0
Feb-2026,MAMU KENDARI,MAMU BIOWASH,POPY SEED MAMU PDK L,0,1,0,0,36959,36959,36959
Mar-2026,MAMU KENDARI,MAMU BIOWASH,POPY SEED MAMU PDK L,36959,0,0,0,36959,0,36959
Agu-2026,MAMU KENDARI,MAMU BIOWASH,POPY SEED MAMU PDK L,0,3,0,0,36959,110877,0
Sep-2026,MAMU KENDARI,MAMU BIOWASH,POPY SEED MAMU PDK L,67250,1,0,0,36959,36959,110877
Okt-2026,MAMU KENDARI,MAMU BIOWASH,POPY SEED MAMU PDK L,0,1,0,0,36959,36959,36959
Jan-2026,MAMU KENDARI,MAMU BIOWASH,POPY SEED MAMU PDK M,38850,2,0,0,38850,77700,0
Feb-2026,MAMU KENDARI,MAMU BIOWASH,POPY SEED MAMU PDK M,38850,0,0,0,38850,0,77700
Jan-2026,MAMU KENDARI,MAMU BIOWASH,POPY SEED MAMU PDK XL,35635,4,0,0,35635,142540,0
Feb-2026,MAMU KENDARI,MAMU BIOWASH,POPY SEED MAMU PDK XL,0,4,0,0,35635,142540,142540
Mar-2026,MAMU KENDARI,MAMU BIOWASH,POPY SEED MAMU PDK XL,0,4,0,0,35635,142540,142540
Apr-2026,MAMU KENDARI,MAMU BIOWASH,POPY SEED MAMU PDK XL,35635,3,0,0,35635,106905,142540
Mei-2026,MAMU KENDARI,MAMU BIOWASH,POPY SEED MAMU PDK XL,0,3,0,0,35635,106905,106905
Jun-2026,MAMU KENDARI,MAMU BIOWASH,POPY SEED MAMU PDK XL,0,3,0,0,35635,106905,106905
Jul-2026,MAMU KENDARI,MAMU BIOWASH,POPY SEED MAMU PDK XL,35635,2,0,0,35635,71270,106905
Agu-2026,MAMU KENDARI,MAMU BIOWASH,POPY SEED MAMU PDK XL,0,2,0,0,35635,71270,71270
Sep-2026,MAMU KENDARI,MAMU BIOWASH,POPY SEED MAMU PDK XL,35635,1,0,0,35635,35635,71270
Okt-2026,MAMU KENDARI,MAMU BIOWASH,POPY SEED MAMU PDK XL,35635,0,0,0,35635,0,35635
Okt-2026,MAMU KENDARI,MAMU BIOWASH,PUTIH NETRAL MAMU PDK L,0,0,5,0,75000,375000,0
Okt-2026,MAMU KENDARI,MAMU BIOWASH,PUTIH NETRAL MAMU PDK XL,0,0,4,0,75000,300000,0
Jan-2026,MAMU KENDARI,MAMU BIOWASH,SENECA ROCK MAMU PDK 2XL,0,2,0,0,45173,90346,0
Feb-2026,MAMU KENDARI,MAMU BIOWASH,SENECA ROCK MAMU PDK 2XL,0,2,0,0,45173,90346,90346
Mar-2026,MAMU KENDARI,MAMU BIOWASH,SENECA ROCK MAMU PDK 2XL,90346,0,0,0,45173,0,90346
Agu-2026,MAMU KENDARI,MAMU BIOWASH,SENECA ROCK MAMU PDK 2XL,0,1,0,0,45173,45173,0
Sep-2026,MAMU KENDARI,MAMU BIOWASH,SENECA ROCK MAMU PDK 2XL,33050,0,0,0,45173,0,45173
Jan-2026,MAMU KENDARI,MAMU BIOWASH,SENECA ROCK MAMU PDK L,35367,3,0,0,35367,106101,0
Feb-2026,MAMU KENDARI,MAMU BIOWASH,SENECA ROCK MAMU PDK L,106101,0,0,0,35367,0,106101
Agu-2026,MAMU KENDARI,MAMU BIOWASH,SENECA ROCK MAMU PDK L,0,5,0,0,35367,176835,0
Sep-2026,MAMU KENDARI,MAMU BIOWASH,SENECA ROCK MAMU PDK L,0,5,0,0,35367,176835,176835
Okt-2026,MAMU KENDARI,MAMU BIOWASH,SENECA ROCK MAMU PDK L,0,5,0,0,35367,176835,176835
Agu-2026,MAMU KENDARI,MAMU BIOWASH,SENECA ROCK MAMU PDK M,0,5,0,0,33775,168875,0
Sep-2026,MAMU KENDARI,MAMU BIOWASH,SENECA ROCK MAMU PDK M,66100,3,0,0,33775,101325,168875
Okt-2026,MAMU KENDARI,MAMU BIOWASH,SENECA ROCK MAMU PDK M,0,3,0,0,33775,101325,101325
Jan-2026,MAMU KENDARI,MAMU BIOWASH,SENECA ROCK MAMU PDK XL,0,2,0,0,34113,68226,0
Feb-2026,MAMU KENDARI,MAMU BIOWASH,SENECA ROCK MAMU PDK XL,34113,5,0,0,34113,170565,68226
Mar-2026,MAMU KENDARI,MAMU BIOWASH,SENECA ROCK MAMU PDK XL,68226,3,0,0,34113,102339,170565
Apr-2026,MAMU KENDARI,MAMU BIOWASH,SENECA ROCK MAMU PDK XL,34113,2,0,0,34113,68226,102339
Mei-2026,MAMU KENDARI,MAMU BIOWASH,SENECA ROCK MAMU PDK XL,0,2,0,0,34113,68226,68226
Jun-2026,MAMU KENDARI,MAMU BIOWASH,SENECA ROCK MAMU PDK XL,0,2,0,0,34113,68226,68226
Jul-2026,MAMU KENDARI,MAMU BIOWASH,SENECA ROCK MAMU PDK XL,0,2,0,0,34113,68226,68226
Agu-2026,MAMU KENDARI,MAMU BIOWASH,SENECA ROCK MAMU PDK XL,0,5,0,0,34113,170565,68226
Sep-2026,MAMU KENDARI,MAMU BIOWASH,SENECA ROCK MAMU PDK XL,66950,3,0,0,34113,102339,170565
Okt-2026,MAMU KENDARI,MAMU BIOWASH,SENECA ROCK MAMU PDK XL,33475,2,0,0,34113,68226,102339
Agu-2026,MAMU KENDARI,MAMU BIOWASH,SUGAR SWIZZLE MAMU PDK L,0,3,0,0,75000,225000,0
Sep-2026,MAMU KENDARI,MAMU BIOWASH,SUGAR SWIZZLE MAMU PDK L,65014,1,0,0,75000,75000,225000
Okt-2026,MAMU KENDARI,MAMU BIOWASH,SUGAR SWIZZLE MAMU PDK L,32507,0,5,0,75000,375000,75000
Agu-2026,MAMU KENDARI,MAMU BIOWASH,SUGAR SWIZZLE MAMU PDK M,0,3,0,0,75000,225000,0
Sep-2026,MAMU KENDARI,MAMU BIOWASH,SUGAR SWIZZLE MAMU PDK M,101232,0,0,0,75000,0,225000
Okt-2026,MAMU KENDARI,MAMU BIOWASH,SUGAR SWIZZLE MAMU PDK M,0,0,3,0,75000,225000,0
Agu-2026,MAMU KENDARI,MAMU BIOWASH,SUGAR SWIZZLE MAMU PDK XL,0,3,0,0,75000,225000,0
Sep-2026,MAMU KENDARI,MAMU BIOWASH,SUGAR SWIZZLE MAMU PDK XL,67488,1,0,0,75000,75000,225000
Okt-2026,MAMU KENDARI,MAMU BIOWASH,SUGAR SWIZZLE MAMU PDK XL,33744,0,0,0,75000,0,75000
Jun-2026,MAMU MAKASSAR,MAMU BIOWASH,BERING SEA MAMU PDK 2XL,0,8,0,0,75000,600000,0
Jul-2026,MAMU MAKASSAR,MAMU BIOWASH,BERING SEA MAMU PDK 2XL,170600,4,0,0,75000,300000,600000
Agu-2026,MAMU MAKASSAR,MAMU BIOWASH,BERING SEA MAMU PDK 2XL,102360,0,0,0,75000,0,300000
Jun-2026,MAMU MAKASSAR,MAMU BIOWASH,BERING SEA MAMU PDK L,0,10,0,0,75000,750000,0
Jul-2026,MAMU MAKASSAR,MAMU BIOWASH,BERING SEA MAMU PDK L,135512,8,0,0,75000,600000,750000
Agu-2026,MAMU MAKASSAR,MAMU BIOWASH,BERING SEA MAMU PDK L,203268,4,0,0,75000,300000,600000
Sep-2026,MAMU MAKASSAR,MAMU BIOWASH,BERING SEA MAMU PDK L,0,10,0,0,75000,750000,300000
Okt-2026,MAMU MAKASSAR,MAMU BIOWASH,BERING SEA MAMU PDK L,135512,6,0,0,75000,450000,750000
Jun-2026,MAMU MAKASSAR,MAMU BIOWASH,BERING SEA MAMU PDK M,0,10,0,0,75000,750000,0
Jul-2026,MAMU MAKASSAR,MAMU BIOWASH,BERING SEA MAMU PDK M,170600,5,0,0,75000,375000,750000
Agu-2026,MAMU MAKASSAR,MAMU BIOWASH,BERING SEA MAMU PDK M,136480,4,0,0,75000,300000,375000
Sep-2026,MAMU MAKASSAR,MAMU BIOWASH,BERING SEA MAMU PDK M,136480,7,0,0,75000,525000,300000
Okt-2026,MAMU MAKASSAR,MAMU BIOWASH,BERING SEA MAMU PDK M,136480,3,0,0,75000,225000,525000
Jun-2026,MAMU MAKASSAR,MAMU BIOWASH,BERING SEA MAMU PDK S,0,9,0,0,75000,675000,0
Jul-2026,MAMU MAKASSAR,MAMU BIOWASH,BERING SEA MAMU PDK S,68240,8,0,0,75000,600000,675000
Agu-2026,MAMU MAKASSAR,MAMU BIOWASH,BERING SEA MAMU PDK S,34120,7,0,0,75000,525000,600000
Sep-2026,MAMU MAKASSAR,MAMU BIOWASH,BERING SEA MAMU PDK S,136480,2,0,0,75000,150000,525000
Okt-2026,MAMU MAKASSAR,MAMU BIOWASH,BERING SEA MAMU PDK S,68240,0,0,0,75000,0,150000
Jun-2026,MAMU MAKASSAR,MAMU BIOWASH,BERING SEA MAMU PDK XL,0,10,0,0,75000,750000,0
Jul-2026,MAMU MAKASSAR,MAMU BIOWASH,BERING SEA MAMU PDK XL,170600,6,0,0,75000,450000,750000
Agu-2026,MAMU MAKASSAR,MAMU BIOWASH,BERING SEA MAMU PDK XL,68240,4,0,0,75000,300000,450000
Sep-2026,MAMU MAKASSAR,MAMU BIOWASH,BERING SEA MAMU PDK XL,102360,5,0,0,75000,375000,300000
Okt-2026,MAMU MAKASSAR,MAMU BIOWASH,BERING SEA MAMU PDK XL,102360,2,0,0,75000,150000,375000
Apr-2026,MAMU MAKASSAR,MAMU BIOWASH,BLACK NT MAMU PDK 2XL,0,1,0,0,34056,34056,0
Mei-2026,MAMU MAKASSAR,MAMU BIOWASH,BLACK NT MAMU PDK 2XL,34056,0,0,0,34056,0,34056
Jun-2026,MAMU MAKASSAR,MAMU BIOWASH,BLACK NT MAMU PDK 2XL,0,10,0,0,34056,340560,0
Jul-2026,MAMU MAKASSAR,MAMU BIOWASH,BLACK NT MAMU PDK 2XL,245371,6,0,0,34056,204336,340560
Agu-2026,MAMU MAKASSAR,MAMU BIOWASH,BLACK NT MAMU PDK 2XL,175265,1,0,0,34056,34056,204336
Sep-2026,MAMU MAKASSAR,MAMU BIOWASH,BLACK NT MAMU PDK 2XL,105159,3,0,0,34056,102168,34056
Okt-2026,MAMU MAKASSAR,MAMU BIOWASH,BLACK NT MAMU PDK 2XL,140212,1,0,0,34056,34056,102168
Mar-2026,MAMU MAKASSAR,MAMU BIOWASH,BLACK NT MAMU PDK L,33977,3,0,0,33977,101931,0
Apr-2026,MAMU MAKASSAR,MAMU BIOWASH,BLACK NT MAMU PDK L,203862,4,0,0,33977,135908,101931
Mei-2026,MAMU MAKASSAR,MAMU BIOWASH,BLACK NT MAMU PDK L,67954,1,0,0,33977,33977,135908
Jun-2026,MAMU MAKASSAR,MAMU BIOWASH,BLACK NT MAMU PDK L,33977,10,0,0,33977,339770,33977
Jul-2026,MAMU MAKASSAR,MAMU BIOWASH,BLACK NT MAMU PDK L,369556,5,0,0,33977,169885,339770
Agu-2026,MAMU MAKASSAR,MAMU BIOWASH,BLACK NT MAMU PDK L,604728,4,0,0,33977,135908,169885
Sep-2026,MAMU MAKASSAR,MAMU BIOWASH,BLACK NT MAMU PDK L,268768,7,0,0,33977,237839,135908
Okt-2026,MAMU MAKASSAR,MAMU BIOWASH,BLACK NT MAMU PDK L,335960,5,0,0,33977,169885,237839
Apr-2026,MAMU MAKASSAR,MAMU BIOWASH,BLACK NT MAMU PDK M,32710,0,0,0,32710,0,0
Jul-2026,MAMU MAKASSAR,MAMU BIOWASH,BLACK NT MAMU PDK M,166805,7,0,0,32710,228970,0
Agu-2026,MAMU MAKASSAR,MAMU BIOWASH,BLACK NT MAMU PDK M,266888,3,0,0,32710,98130,228970
Sep-2026,MAMU MAKASSAR,MAMU BIOWASH,BLACK NT MAMU PDK M,467054,4,0,0,32710,130840,98130
Okt-2026,MAMU MAKASSAR,MAMU BIOWASH,BLACK NT MAMU PDK M,0,3,0,0,32710,98130,130840
Apr-2026,MAMU MAKASSAR,MAMU BIOWASH,BLACK NT MAMU PDK S,0,1,0,0,33144,33144,0
Mei-2026,MAMU MAKASSAR,MAMU BIOWASH,BLACK NT MAMU PDK S,0,0,0,0,33144,0,33144
Jul-2026,MAMU MAKASSAR,MAMU BIOWASH,BLACK NT MAMU PDK S,140212,7,0,0,33144,232008,0
Agu-2026,MAMU MAKASSAR,MAMU BIOWASH,BLACK NT MAMU PDK S,140212,5,0,0,33144,165720,232008
Sep-2026,MAMU MAKASSAR,MAMU BIOWASH,BLACK NT MAMU PDK S,105159,0,0,0,33144,0,165720
Jun-2026,MAMU MAKASSAR,MAMU BIOWASH,BLACK NT MAMU PDK XL,0,10,0,0,33144,331440,0
Jul-2026,MAMU MAKASSAR,MAMU BIOWASH,BLACK NT MAMU PDK XL,220220,7,0,0,33144,232008,331440
Agu-2026,MAMU MAKASSAR,MAMU BIOWASH,BLACK NT MAMU PDK XL,283140,1,0,0,33144,33144,232008
Sep-2026,MAMU MAKASSAR,MAMU BIOWASH,BLACK NT MAMU PDK XL,251680,6,0,0,33144,198864,33144
Okt-2026,MAMU MAKASSAR,MAMU BIOWASH,BLACK NT MAMU PDK XL,125840,3,0,0,33144,99432,198864
Jul-2026,MAMU MAKASSAR,MAMU BIOWASH,CROCODILE MAMU PDK 2XL,33812,4,0,0,35756,143024,0
Agu-2026,MAMU MAKASSAR,MAMU BIOWASH,CROCODILE MAMU PDK 2XL,135248,2,0,0,35756,71512,143024
Sep-2026,MAMU MAKASSAR,MAMU BIOWASH,CROCODILE MAMU PDK 2XL,0,2,0,0,35756,71512,71512
Okt-2026,MAMU MAKASSAR,MAMU BIOWASH,CROCODILE MAMU PDK 2XL,54100,0,0,0,35756,0,71512
Jan-2026,MAMU MAKASSAR,MAMU BIOWASH,CROCODILE MAMU PDK L,241297,7,0,0,34471,241297,0
Feb-2026,MAMU MAKASSAR,MAMU BIOWASH,CROCODILE MAMU PDK L,0,4,0,0,34471,137884,241297
Mar-2026,MAMU MAKASSAR,MAMU BIOWASH,CROCODILE MAMU PDK L,103413,0,0,0,34471,0,137884
Jun-2026,MAMU MAKASSAR,MAMU BIOWASH,CROCODILE MAMU PDK L,0,5,0,0,34471,172355,0
Jul-2026,MAMU MAKASSAR,MAMU BIOWASH,CROCODILE MAMU PDK L,67624,4,0,0,34471,137884,172355
Agu-2026,MAMU MAKASSAR,MAMU BIOWASH,CROCODILE MAMU PDK L,67624,5,0,0,34471,172355,137884
Sep-2026,MAMU MAKASSAR,MAMU BIOWASH,CROCODILE MAMU PDK L,202872,5,0,0,34471,172355,172355
Okt-2026,MAMU MAKASSAR,MAMU BIOWASH,CROCODILE MAMU PDK L,169060,9,0,0,34471,310239,172355
Mar-2026,MAMU MAKASSAR,MAMU BIOWASH,CROCODILE MAMU PDK M,0,1,0,0,36874,36874,0
Apr-2026,MAMU MAKASSAR,MAMU BIOWASH,CROCODILE MAMU PDK M,36874,1,0,0,36874,36874,36874
Mei-2026,MAMU MAKASSAR,MAMU BIOWASH,CROCODILE MAMU PDK M,0,1,0,0,36874,36874,36874
Jun-2026,MAMU MAKASSAR,MAMU BIOWASH,CROCODILE MAMU PDK M,36874,5,0,0,36874,184370,36874
Jul-2026,MAMU MAKASSAR,MAMU BIOWASH,CROCODILE MAMU PDK M,72536,6,0,0,36874,221244,184370
Agu-2026,MAMU MAKASSAR,MAMU BIOWASH,CROCODILE MAMU PDK M,36268,5,0,0,36874,184370,221244
Sep-2026,MAMU MAKASSAR,MAMU BIOWASH,CROCODILE MAMU PDK M,107595,5,0,0,36874,184370,184370
Okt-2026,MAMU MAKASSAR,MAMU BIOWASH,CROCODILE MAMU PDK M,212772,4,0,0,36874,147496,184370
Jul-2026,MAMU MAKASSAR,MAMU BIOWASH,CROCODILE MAMU PDK S,33812,1,0,0,35756,35756,0
Agu-2026,MAMU MAKASSAR,MAMU BIOWASH,CROCODILE MAMU PDK S,33812,0,0,0,35756,0,35756
Jan-2026,MAMU MAKASSAR,MAMU BIOWASH,CROCODILE MAMU PDK XL,108357,7,0,0,36119,252833,0
Feb-2026,MAMU MAKASSAR,MAMU BIOWASH,CROCODILE MAMU PDK XL,36119,4,0,0,36119,144476,252833
Mar-2026,MAMU MAKASSAR,MAMU BIOWASH,CROCODILE MAMU PDK XL,144476,0,0,0,36119,0,144476
Jun-2026,MAMU MAKASSAR,MAMU BIOWASH,CROCODILE MAMU PDK XL,0,5,0,0,36119,180595,0
Jul-2026,MAMU MAKASSAR,MAMU BIOWASH,CROCODILE MAMU PDK XL,0,5,0,0,36119,180595,180595
Agu-2026,MAMU MAKASSAR,MAMU BIOWASH,CROCODILE MAMU PDK XL,72536,5,0,0,36119,180595,180595
Sep-2026,MAMU MAKASSAR,MAMU BIOWASH,CROCODILE MAMU PDK XL,108804,5,0,0,36119,180595,180595
Okt-2026,MAMU MAKASSAR,MAMU BIOWASH,CROCODILE MAMU PDK XL,108804,6,0,0,36119,216714,180595
Jan-2026,MAMU MAKASSAR,MAMU BIOWASH,NAVY MAMU PDK 2XL,36278,0,0,0,36278,0,0
Jan-2026,MAMU MAKASSAR,MAMU BIOWASH,NAVY MAMU PDK L,242557,2,0,0,34651,69302,0
Feb-2026,MAMU MAKASSAR,MAMU BIOWASH,NAVY MAMU PDK L,0,0,0,0,34651,0,69302
Apr-2026,MAMU MAKASSAR,MAMU BIOWASH,NAVY MAMU PDK L,0,1,0,0,34651,34651,0
Mei-2026,MAMU MAKASSAR,MAMU BIOWASH,NAVY MAMU PDK L,34651,0,0,0,34651,0,34651
Jan-2026,MAMU MAKASSAR,MAMU BIOWASH,NAVY MAMU PDK M,136952,3,0,0,34238,102714,0
Feb-2026,MAMU MAKASSAR,MAMU BIOWASH,NAVY MAMU PDK M,34238,2,0,0,34238,68476,102714
Mar-2026,MAMU MAKASSAR,MAMU BIOWASH,NAVY MAMU PDK M,34238,1,0,0,34238,34238,68476
Apr-2026,MAMU MAKASSAR,MAMU BIOWASH,NAVY MAMU PDK M,34238,0,0,0,34238,0,34238
Sep-2026,MAMU MAKASSAR,MAMU BIOWASH,NAVY MAMU PDK M,0,5,0,0,34238,171190,0
Okt-2026,MAMU MAKASSAR,MAMU BIOWASH,NAVY MAMU PDK M,0,5,0,0,34238,171190,171190
Jan-2026,MAMU MAKASSAR,MAMU BIOWASH,NAVY MAMU PDK S,35222,0,0,0,35222,0,0
Jan-2026,MAMU MAKASSAR,MAMU BIOWASH,NAVY MAMU PDK XL,202215,0,0,0,40443,0,0
Mar-2026,MAMU MAKASSAR,MAMU BIOWASH,NAVY MAMU PDK XL,0,1,0,0,40443,40443,0
Apr-2026,MAMU MAKASSAR,MAMU BIOWASH,NAVY MAMU PDK XL,40443,0,0,0,40443,0,40443
Sep-2026,MAMU MAKASSAR,MAMU BIOWASH,NAVY MAMU PDK XL,0,5,0,0,40443,202215,0
Okt-2026,MAMU MAKASSAR,MAMU BIOWASH,NAVY MAMU PDK XL,0,5,0,0,40443,202215,202215
Jul-2026,MAMU MAKASSAR,MAMU BIOWASH,PASTEL GREEN MAMU PDK 2XL,68500,4,0,0,75000,300000,0
Agu-2026,MAMU MAKASSAR,MAMU BIOWASH,PASTEL GREEN MAMU PDK 2XL,34250,2,0,0,75000,150000,300000
Sep-2026,MAMU MAKASSAR,MAMU BIOWASH,PASTEL GREEN MAMU PDK 2XL,68500,0,0,0,75000,0,150000
Okt-2026,MAMU MAKASSAR,MAMU BIOWASH,PASTEL GREEN MAMU PDK 2XL,34250,1,0,0,75000,75000,0
Jul-2026,MAMU MAKASSAR,MAMU BIOWASH,PASTEL GREEN MAMU PDK L,68500,4,0,0,75000,300000,0
Agu-2026,MAMU MAKASSAR,MAMU BIOWASH,PASTEL GREEN MAMU PDK L,239750,6,0,0,75000,450000,300000
Sep-2026,MAMU MAKASSAR,MAMU BIOWASH,PASTEL GREEN MAMU PDK L,137000,7,0,0,75000,525000,450000
Okt-2026,MAMU MAKASSAR,MAMU BIOWASH,PASTEL GREEN MAMU PDK L,171250,2,0,0,75000,150000,525000
Jul-2026,MAMU MAKASSAR,MAMU BIOWASH,PASTEL GREEN MAMU PDK M,66590,3,0,0,75000,225000,0
Agu-2026,MAMU MAKASSAR,MAMU BIOWASH,PASTEL GREEN MAMU PDK M,99885,0,0,0,75000,0,225000
Sep-2026,MAMU MAKASSAR,MAMU BIOWASH,PASTEL GREEN MAMU PDK M,99885,8,0,0,75000,600000,0
Okt-2026,MAMU MAKASSAR,MAMU BIOWASH,PASTEL GREEN MAMU PDK M,99885,4,0,0,75000,300000,600000
Jul-2026,MAMU MAKASSAR,MAMU BIOWASH,PASTEL GREEN MAMU PDK S,0,5,0,0,75000,375000,0
Agu-2026,MAMU MAKASSAR,MAMU BIOWASH,PASTEL GREEN MAMU PDK S,68500,4,0,0,75000,300000,375000
Sep-2026,MAMU MAKASSAR,MAMU BIOWASH,PASTEL GREEN MAMU PDK S,68500,4,0,0,75000,300000,300000
Okt-2026,MAMU MAKASSAR,MAMU BIOWASH,PASTEL GREEN MAMU PDK S,0,4,0,0,75000,300000,300000
Jul-2026,MAMU MAKASSAR,MAMU BIOWASH,PASTEL GREEN MAMU PDK XL,99885,2,0,0,75000,150000,0
Agu-2026,MAMU MAKASSAR,MAMU BIOWASH,PASTEL GREEN MAMU PDK XL,66590,6,0,0,75000,450000,150000
Sep-2026,MAMU MAKASSAR,MAMU BIOWASH,PASTEL GREEN MAMU PDK XL,99885,7,0,0,75000,525000,450000
Okt-2026,MAMU MAKASSAR,MAMU BIOWASH,PASTEL GREEN MAMU PDK XL,66590,5,0,0,75000,375000,525000
Jun-2026,MAMU MAKASSAR,MAMU BIOWASH,POPY SEED MAMU PDK 2XL,0,5,0,0,43442,217210,0
Jul-2026,MAMU MAKASSAR,MAMU BIOWASH,POPY SEED MAMU PDK 2XL,67250,4,0,0,43442,173768,217210
Agu-2026,MAMU MAKASSAR,MAMU BIOWASH,POPY SEED MAMU PDK 2XL,67250,3,0,0,43442,130326,173768
Sep-2026,MAMU MAKASSAR,MAMU BIOWASH,POPY SEED MAMU PDK 2XL,0,1,0,0,43442,43442,130326
Okt-2026,MAMU MAKASSAR,MAMU BIOWASH,POPY SEED MAMU PDK 2XL,33625,0,0,0,43442,0,43442
Apr-2026,MAMU MAKASSAR,MAMU BIOWASH,POPY SEED MAMU PDK L,36959,0,0,0,36959,0,0
Jul-2026,MAMU MAKASSAR,MAMU BIOWASH,POPY SEED MAMU PDK L,33625,5,0,0,36959,184795,0
Agu-2026,MAMU MAKASSAR,MAMU BIOWASH,POPY SEED MAMU PDK L,201750,4,0,0,36959,147836,184795
Sep-2026,MAMU MAKASSAR,MAMU BIOWASH,POPY SEED MAMU PDK L,100875,4,0,0,36959,147836,147836
Okt-2026,MAMU MAKASSAR,MAMU BIOWASH,POPY SEED MAMU PDK L,100875,5,0,0,36959,184795,147836
Apr-2026,MAMU MAKASSAR,MAMU BIOWASH,POPY SEED MAMU PDK M,0,1,0,0,38850,38850,0
Mei-2026,MAMU MAKASSAR,MAMU BIOWASH,POPY SEED MAMU PDK M,38850,0,0,0,38850,0,38850
Jul-2026,MAMU MAKASSAR,MAMU BIOWASH,POPY SEED MAMU PDK M,33625,4,0,0,38850,155400,0
Agu-2026,MAMU MAKASSAR,MAMU BIOWASH,POPY SEED MAMU PDK M,100875,4,0,0,38850,155400,155400
Sep-2026,MAMU MAKASSAR,MAMU BIOWASH,POPY SEED MAMU PDK M,134500,1,0,0,38850,38850,155400
Okt-2026,MAMU MAKASSAR,MAMU BIOWASH,POPY SEED MAMU PDK M,0,0,0,0,38850,0,38850
Jun-2026,MAMU MAKASSAR,MAMU BIOWASH,POPY SEED MAMU PDK S,0,5,0,0,38850,194250,0
Jul-2026,MAMU MAKASSAR,MAMU BIOWASH,POPY SEED MAMU PDK S,33625,4,0,0,38850,155400,194250
Agu-2026,MAMU MAKASSAR,MAMU BIOWASH,POPY SEED MAMU PDK S,67250,3,0,0,38850,116550,155400
Sep-2026,MAMU MAKASSAR,MAMU BIOWASH,POPY SEED MAMU PDK S,33625,2,0,0,38850,77700,116550
Okt-2026,MAMU MAKASSAR,MAMU BIOWASH,POPY SEED MAMU PDK S,0,1,0,0,38850,38850,77700
Apr-2026,MAMU MAKASSAR,MAMU BIOWASH,POPY SEED MAMU PDK XL,35635,0,0,0,35635,0,0
Jul-2026,MAMU MAKASSAR,MAMU BIOWASH,POPY SEED MAMU PDK XL,100875,4,0,0,35635,142540,0
Agu-2026,MAMU MAKASSAR,MAMU BIOWASH,POPY SEED MAMU PDK XL,201750,1,0,0,35635,35635,142540
Sep-2026,MAMU MAKASSAR,MAMU BIOWASH,POPY SEED MAMU PDK XL,67250,3,0,0,35635,106905,35635
Okt-2026,MAMU MAKASSAR,MAMU BIOWASH,POPY SEED MAMU PDK XL,100875,0,0,0,35635,0,106905
Jun-2026,MAMU MAKASSAR,MAMU BIOWASH,PUTIH NETRAL MAMU PDK 2XL,0,5,0,0,75000,375000,0
Jul-2026,MAMU MAKASSAR,MAMU BIOWASH,PUTIH NETRAL MAMU PDK 2XL,35141,4,0,0,75000,300000,375000
Agu-2026,MAMU MAKASSAR,MAMU BIOWASH,PUTIH NETRAL MAMU PDK 2XL,140564,2,0,0,75000,150000,300000
Sep-2026,MAMU MAKASSAR,MAMU BIOWASH,PUTIH NETRAL MAMU PDK 2XL,0,0,0,0,75000,0,150000
Jun-2026,MAMU MAKASSAR,MAMU BIOWASH,PUTIH NETRAL MAMU PDK L,0,5,0,0,75000,375000,0
Jul-2026,MAMU MAKASSAR,MAMU BIOWASH,PUTIH NETRAL MAMU PDK L,256608,1,0,0,75000,75000,375000
Agu-2026,MAMU MAKASSAR,MAMU BIOWASH,PUTIH NETRAL MAMU PDK L,128304,2,0,0,75000,150000,75000
Sep-2026,MAMU MAKASSAR,MAMU BIOWASH,PUTIH NETRAL MAMU PDK L,64152,9,0,0,75000,675000,150000
Okt-2026,MAMU MAKASSAR,MAMU BIOWASH,PUTIH NETRAL MAMU PDK L,224532,2,0,0,75000,150000,675000
Jun-2026,MAMU MAKASSAR,MAMU BIOWASH,PUTIH NETRAL MAMU PDK M,0,5,0,0,75000,375000,0
Jul-2026,MAMU MAKASSAR,MAMU BIOWASH,PUTIH NETRAL MAMU PDK M,155975,0,0,0,75000,0,375000
Agu-2026,MAMU MAKASSAR,MAMU BIOWASH,PUTIH NETRAL MAMU PDK M,218365,4,0,0,75000,300000,0
Sep-2026,MAMU MAKASSAR,MAMU BIOWASH,PUTIH NETRAL MAMU PDK M,31195,12,0,0,75000,900000,300000
Okt-2026,MAMU MAKASSAR,MAMU BIOWASH,PUTIH NETRAL MAMU PDK M,124780,9,0,0,75000,675000,900000
Jul-2026,MAMU MAKASSAR,MAMU BIOWASH,PUTIH NETRAL MAMU PDK S,195210,1,0,0,75000,75000,0
Agu-2026,MAMU MAKASSAR,MAMU BIOWASH,PUTIH NETRAL MAMU PDK S,170368,5,0,0,75000,375000,75000
Sep-2026,MAMU MAKASSAR,MAMU BIOWASH,PUTIH NETRAL MAMU PDK S,63888,0,0,0,75000,0,375000
Jun-2026,MAMU MAKASSAR,MAMU BIOWASH,PUTIH NETRAL MAMU PDK XL,0,5,0,0,75000,375000,0
Jul-2026,MAMU MAKASSAR,MAMU BIOWASH,PUTIH NETRAL MAMU PDK XL,124780,2,0,0,75000,150000,375000
Agu-2026,MAMU MAKASSAR,MAMU BIOWASH,PUTIH NETRAL MAMU PDK XL,155975,2,0,0,75000,150000,150000
Sep-2026,MAMU MAKASSAR,MAMU BIOWASH,PUTIH NETRAL MAMU PDK XL,124780,7,0,0,75000,525000,150000
Okt-2026,MAMU MAKASSAR,MAMU BIOWASH,PUTIH NETRAL MAMU PDK XL,124780,4,0,0,75000,300000,525000
Sep-2026,MAMU MAKASSAR,MAMU BIOWASH,SENECA ROCK MAMU PDK 2XL,33050,4,0,0,45173,180692,0
Okt-2026,MAMU MAKASSAR,MAMU BIOWASH,SENECA ROCK MAMU PDK 2XL,33050,3,0,0,45173,135519,180692
Apr-2026,MAMU MAKASSAR,MAMU BIOWASH,SENECA ROCK MAMU PDK L,0,1,0,0,35367,35367,0
Mei-2026,MAMU MAKASSAR,MAMU BIOWASH,SENECA ROCK MAMU PDK L,35367,0,0,0,35367,0,35367
Jul-2026,MAMU MAKASSAR,MAMU BIOWASH,SENECA ROCK MAMU PDK L,97074,6,0,0,35367,212202,0
Agu-2026,MAMU MAKASSAR,MAMU BIOWASH,SENECA ROCK MAMU PDK L,0,5,0,0,35367,176835,212202
Sep-2026,MAMU MAKASSAR,MAMU BIOWASH,SENECA ROCK MAMU PDK L,258864,2,0,0,35367,70734,176835
Okt-2026,MAMU MAKASSAR,MAMU BIOWASH,SENECA ROCK MAMU PDK L,32358,5,0,0,35367,176835,70734
Apr-2026,MAMU MAKASSAR,MAMU BIOWASH,SENECA ROCK MAMU PDK M,33775,0,0,0,33775,0,0
Jul-2026,MAMU MAKASSAR,MAMU BIOWASH,SENECA ROCK MAMU PDK M,0,3,0,0,33775,101325,0
Agu-2026,MAMU MAKASSAR,MAMU BIOWASH,SENECA ROCK MAMU PDK M,165250,6,0,0,33775,202650,101325
Sep-2026,MAMU MAKASSAR,MAMU BIOWASH,SENECA ROCK MAMU PDK M,198300,2,0,0,33775,67550,202650
Okt-2026,MAMU MAKASSAR,MAMU BIOWASH,SENECA ROCK MAMU PDK M,0,5,0,0,33775,168875,67550
Jul-2026,MAMU MAKASSAR,MAMU BIOWASH,SENECA ROCK MAMU PDK S,0,5,0,0,38483,192415,0
Agu-2026,MAMU MAKASSAR,MAMU BIOWASH,SENECA ROCK MAMU PDK S,99150,5,0,0,38483,192415,192415
Sep-2026,MAMU MAKASSAR,MAMU BIOWASH,SENECA ROCK MAMU PDK S,33050,2,0,0,38483,76966,192415
Okt-2026,MAMU MAKASSAR,MAMU BIOWASH,SENECA ROCK MAMU PDK S,66100,2,0,0,38483,76966,76966
Jan-2026,MAMU MAKASSAR,MAMU BIOWASH,SENECA ROCK MAMU PDK XL,68226,0,0,0,34113,0,0
Jul-2026,MAMU MAKASSAR,MAMU BIOWASH,SENECA ROCK MAMU PDK XL,33050,5,0,0,34113,170565,0
Agu-2026,MAMU MAKASSAR,MAMU BIOWASH,SENECA ROCK MAMU PDK XL,33050,4,0,0,34113,136452,170565
Sep-2026,MAMU MAKASSAR,MAMU BIOWASH,SENECA ROCK MAMU PDK XL,66100,4,0,0,34113,136452,136452
Okt-2026,MAMU MAKASSAR,MAMU BIOWASH,SENECA ROCK MAMU PDK XL,165250,6,0,0,34113,204678,136452
Jun-2026,MAMU MAKASSAR,MAMU BIOWASH,SUGAR SWIZZLE MAMU PDK 2XL,0,5,0,0,75000,375000,0
Jul-2026,MAMU MAKASSAR,MAMU BIOWASH,SUGAR SWIZZLE MAMU PDK 2XL,35105,4,0,0,75000,300000,375000
Agu-2026,MAMU MAKASSAR,MAMU BIOWASH,SUGAR SWIZZLE MAMU PDK 2XL,140420,0,0,0,75000,0,300000
Jun-2026,MAMU MAKASSAR,MAMU BIOWASH,SUGAR SWIZZLE MAMU PDK L,65014,3,0,0,75000,225000,0
Jul-2026,MAMU MAKASSAR,MAMU BIOWASH,SUGAR SWIZZLE MAMU PDK L,195042,3,0,0,75000,225000,225000
Agu-2026,MAMU MAKASSAR,MAMU BIOWASH,SUGAR SWIZZLE MAMU PDK L,260056,6,0,0,75000,450000,225000
Sep-2026,MAMU MAKASSAR,MAMU BIOWASH,SUGAR SWIZZLE MAMU PDK L,32507,13,0,0,75000,975000,450000
Okt-2026,MAMU MAKASSAR,MAMU BIOWASH,SUGAR SWIZZLE MAMU PDK L,65014,11,0,0,75000,825000,975000
Jun-2026,MAMU MAKASSAR,MAMU BIOWASH,SUGAR SWIZZLE MAMU PDK M,33744,4,0,0,75000,300000,0
Jul-2026,MAMU MAKASSAR,MAMU BIOWASH,SUGAR SWIZZLE MAMU PDK M,168720,1,0,0,75000,75000,300000
Agu-2026,MAMU MAKASSAR,MAMU BIOWASH,SUGAR SWIZZLE MAMU PDK M,155224,10,0,0,75000,750000,75000
Sep-2026,MAMU MAKASSAR,MAMU BIOWASH,SUGAR SWIZZLE MAMU PDK M,154662,12,0,0,75000,900000,750000
Okt-2026,MAMU MAKASSAR,MAMU BIOWASH,SUGAR SWIZZLE MAMU PDK M,99546,8,0,0,75000,600000,900000
Jul-2026,MAMU MAKASSAR,MAMU BIOWASH,SUGAR SWIZZLE MAMU PDK S,105315,4,0,0,75000,300000,0
Agu-2026,MAMU MAKASSAR,MAMU BIOWASH,SUGAR SWIZZLE MAMU PDK S,70210,0,0,0,75000,0,300000
Jun-2026,MAMU MAKASSAR,MAMU BIOWASH,SUGAR SWIZZLE MAMU PDK XL,33744,4,0,0,75000,300000,0
Jul-2026,MAMU MAKASSAR,MAMU BIOWASH,SUGAR SWIZZLE MAMU PDK XL,67488,7,0,0,75000,525000,300000
Agu-2026,MAMU MAKASSAR,MAMU BIOWASH,SUGAR SWIZZLE MAMU PDK XL,168720,5,0,0,75000,375000,525000
Sep-2026,MAMU MAKASSAR,MAMU BIOWASH,SUGAR SWIZZLE MAMU PDK XL,67488,12,0,0,75000,900000,375000
Okt-2026,MAMU MAKASSAR,MAMU BIOWASH,SUGAR SWIZZLE MAMU PDK XL,101232,10,0,0,75000,750000,900000
Okt-2026,MAMU PALOPO,MAMU BIOWASH,BERING SEA MAMU PDK L,0,5,0,0,75000,375000,0
Okt-2026,MAMU PALOPO,MAMU BIOWASH,BERING SEA MAMU PDK XL,0,3,0,0,75000,225000,0
Jan-2026,MAMU PALOPO,MAMU BIOWASH,BLACK NT MAMU PDK 2XL,0,6,0,0,34056,204336,0
Feb-2026,MAMU PALOPO,MAMU BIOWASH,BLACK NT MAMU PDK 2XL,0,6,0,0,34056,204336,204336
Mar-2026,MAMU PALOPO,MAMU BIOWASH,BLACK NT MAMU PDK 2XL,0,5,0,0,34056,170280,204336
Apr-2026,MAMU PALOPO,MAMU BIOWASH,BLACK NT MAMU PDK 2XL,0,5,0,0,34056,170280,170280
Mei-2026,MAMU PALOPO,MAMU BIOWASH,BLACK NT MAMU PDK 2XL,34056,4,0,0,34056,136224,170280
Jun-2026,MAMU PALOPO,MAMU BIOWASH,BLACK NT MAMU PDK 2XL,0,4,0,0,34056,136224,136224
Jul-2026,MAMU PALOPO,MAMU BIOWASH,BLACK NT MAMU PDK 2XL,0,4,0,0,34056,136224,136224
Agu-2026,MAMU PALOPO,MAMU BIOWASH,BLACK NT MAMU PDK 2XL,0,3,0,0,34056,102168,136224
Sep-2026,MAMU PALOPO,MAMU BIOWASH,BLACK NT MAMU PDK 2XL,0,3,0,0,34056,102168,102168
Okt-2026,MAMU PALOPO,MAMU BIOWASH,BLACK NT MAMU PDK 2XL,0,3,0,0,34056,102168,102168
Jan-2026,MAMU PALOPO,MAMU BIOWASH,BLACK NT MAMU PDK L,0,23,0,0,33977,781471,0
Feb-2026,MAMU PALOPO,MAMU BIOWASH,BLACK NT MAMU PDK L,67954,21,0,0,33977,713517,781471
Mar-2026,MAMU PALOPO,MAMU BIOWASH,BLACK NT MAMU PDK L,67954,11,0,0,33977,373747,713517
Apr-2026,MAMU PALOPO,MAMU BIOWASH,BLACK NT MAMU PDK L,33977,10,0,0,33977,339770,373747
Mei-2026,MAMU PALOPO,MAMU BIOWASH,BLACK NT MAMU PDK L,169885,5,0,0,33977,169885,339770
Jun-2026,MAMU PALOPO,MAMU BIOWASH,BLACK NT MAMU PDK L,0,5,0,0,33977,169885,169885
Jul-2026,MAMU PALOPO,MAMU BIOWASH,BLACK NT MAMU PDK L,33977,4,0,0,33977,135908,169885
Agu-2026,MAMU PALOPO,MAMU BIOWASH,BLACK NT MAMU PDK L,101581,5,0,0,33977,169885,135908
Sep-2026,MAMU PALOPO,MAMU BIOWASH,BLACK NT MAMU PDK L,0,5,0,0,33977,169885,169885
Okt-2026,MAMU PALOPO,MAMU BIOWASH,BLACK NT MAMU PDK L,0,7,0,0,33977,237839,169885
Jan-2026,MAMU PALOPO,MAMU BIOWASH,BLACK NT MAMU PDK M,32710,1,0,0,32710,32710,0
Feb-2026,MAMU PALOPO,MAMU BIOWASH,BLACK NT MAMU PDK M,32710,0,0,0,32710,0,32710
Agu-2026,MAMU PALOPO,MAMU BIOWASH,BLACK NT MAMU PDK M,33361,5,0,0,32710,163550,0
Sep-2026,MAMU PALOPO,MAMU BIOWASH,BLACK NT MAMU PDK M,100083,1,0,0,32710,32710,163550
Okt-2026,MAMU PALOPO,MAMU BIOWASH,BLACK NT MAMU PDK M,0,1,0,0,32710,32710,32710
Jan-2026,MAMU PALOPO,MAMU BIOWASH,BLACK NT MAMU PDK XL,0,8,0,0,33144,265152,0
Feb-2026,MAMU PALOPO,MAMU BIOWASH,BLACK NT MAMU PDK XL,33144,7,0,0,33144,232008,265152
Mar-2026,MAMU PALOPO,MAMU BIOWASH,BLACK NT MAMU PDK XL,0,6,0,0,33144,198864,232008
Apr-2026,MAMU PALOPO,MAMU BIOWASH,BLACK NT MAMU PDK XL,33144,5,0,0,33144,165720,198864
Mei-2026,MAMU PALOPO,MAMU BIOWASH,BLACK NT MAMU PDK XL,132576,1,0,0,33144,33144,165720
Jun-2026,MAMU PALOPO,MAMU BIOWASH,BLACK NT MAMU PDK XL,0,1,0,0,33144,33144,33144
Jul-2026,MAMU PALOPO,MAMU BIOWASH,BLACK NT MAMU PDK XL,33144,1,0,0,33144,33144,33144
Agu-2026,MAMU PALOPO,MAMU BIOWASH,BLACK NT MAMU PDK XL,62920,5,0,0,33144,165720,33144
Sep-2026,MAMU PALOPO,MAMU BIOWASH,BLACK NT MAMU PDK XL,62920,3,0,0,33144,99432,165720
Okt-2026,MAMU PALOPO,MAMU BIOWASH,BLACK NT MAMU PDK XL,62920,2,0,0,33144,66288,99432
Jan-2026,MAMU PALOPO,MAMU BIOWASH,CROCODILE MAMU PDK 2XL,0,2,0,0,35756,71512,0
Feb-2026,MAMU PALOPO,MAMU BIOWASH,CROCODILE MAMU PDK 2XL,0,2,0,0,35756,71512,71512
Mar-2026,MAMU PALOPO,MAMU BIOWASH,CROCODILE MAMU PDK 2XL,0,2,0,0,35756,71512,71512
Apr-2026,MAMU PALOPO,MAMU BIOWASH,CROCODILE MAMU PDK 2XL,0,2,0,0,35756,71512,71512
Mei-2026,MAMU PALOPO,MAMU BIOWASH,CROCODILE MAMU PDK 2XL,0,2,0,0,35756,71512,71512
Jun-2026,MAMU PALOPO,MAMU BIOWASH,CROCODILE MAMU PDK 2XL,0,2,0,0,35756,71512,71512
Jul-2026,MAMU PALOPO,MAMU BIOWASH,CROCODILE MAMU PDK 2XL,35756,1,0,0,35756,35756,71512
Agu-2026,MAMU PALOPO,MAMU BIOWASH,CROCODILE MAMU PDK 2XL,0,1,0,0,35756,35756,35756
Sep-2026,MAMU PALOPO,MAMU BIOWASH,CROCODILE MAMU PDK 2XL,35756,0,0,0,35756,0,35756
Jan-2026,MAMU PALOPO,MAMU BIOWASH,CROCODILE MAMU PDK L,0,11,0,0,34471,379181,0
Feb-2026,MAMU PALOPO,MAMU BIOWASH,CROCODILE MAMU PDK L,0,11,0,0,34471,379181,379181
Mar-2026,MAMU PALOPO,MAMU BIOWASH,CROCODILE MAMU PDK L,0,11,0,0,34471,379181,379181
Apr-2026,MAMU PALOPO,MAMU BIOWASH,CROCODILE MAMU PDK L,0,11,0,0,34471,379181,379181
Mei-2026,MAMU PALOPO,MAMU BIOWASH,CROCODILE MAMU PDK L,0,11,0,0,34471,379181,379181
Jun-2026,MAMU PALOPO,MAMU BIOWASH,CROCODILE MAMU PDK L,0,11,0,0,34471,379181,379181
Jul-2026,MAMU PALOPO,MAMU BIOWASH,CROCODILE MAMU PDK L,0,11,0,0,34471,379181,379181
Agu-2026,MAMU PALOPO,MAMU BIOWASH,CROCODILE MAMU PDK L,0,11,0,0,34471,379181,379181
Sep-2026,MAMU PALOPO,MAMU BIOWASH,CROCODILE MAMU PDK L,0,11,0,0,34471,379181,379181
Okt-2026,MAMU PALOPO,MAMU BIOWASH,CROCODILE MAMU PDK L,0,11,0,0,34471,379181,379181
Jan-2026,MAMU PALOPO,MAMU BIOWASH,CROCODILE MAMU PDK M,36874,8,0,0,36874,294992,0
Feb-2026,MAMU PALOPO,MAMU BIOWASH,CROCODILE MAMU PDK M,0,7,0,0,36874,258118,294992
Mar-2026,MAMU PALOPO,MAMU BIOWASH,CROCODILE MAMU PDK M,36874,5,0,0,36874,184370,258118
Apr-2026,MAMU PALOPO,MAMU BIOWASH,CROCODILE MAMU PDK M,0,5,0,0,36874,184370,184370
Mei-2026,MAMU PALOPO,MAMU BIOWASH,CROCODILE MAMU PDK M,0,5,0,0,36874,184370,184370
Jun-2026,MAMU PALOPO,MAMU BIOWASH,CROCODILE MAMU PDK M,36874,4,0,0,36874,147496,184370
Jul-2026,MAMU PALOPO,MAMU BIOWASH,CROCODILE MAMU PDK M,0,4,0,0,36874,147496,147496
Agu-2026,MAMU PALOPO,MAMU BIOWASH,CROCODILE MAMU PDK M,0,4,0,0,36874,147496,147496
Sep-2026,MAMU PALOPO,MAMU BIOWASH,CROCODILE MAMU PDK M,36874,3,0,0,36874,110622,147496
Okt-2026,MAMU PALOPO,MAMU BIOWASH,CROCODILE MAMU PDK M,0,3,0,0,36874,110622,110622
Jan-2026,MAMU PALOPO,MAMU BIOWASH,CROCODILE MAMU PDK XL,0,2,0,0,36119,72238,0
Feb-2026,MAMU PALOPO,MAMU BIOWASH,CROCODILE MAMU PDK XL,36119,1,0,0,36119,36119,72238
Mar-2026,MAMU PALOPO,MAMU BIOWASH,CROCODILE MAMU PDK XL,36119,0,0,0,36119,0,36119
Agu-2026,MAMU PALOPO,MAMU BIOWASH,CROCODILE MAMU PDK XL,0,3,0,0,36119,108357,0
Sep-2026,MAMU PALOPO,MAMU BIOWASH,CROCODILE MAMU PDK XL,0,3,0,0,36119,108357,108357
Okt-2026,MAMU PALOPO,MAMU BIOWASH,CROCODILE MAMU PDK XL,0,3,0,0,36119,108357,108357
Jan-2026,MAMU PALOPO,MAMU BIOWASH,NAVY MAMU PDK 2XL,0,3,0,0,36278,108834,0
Feb-2026,MAMU PALOPO,MAMU BIOWASH,NAVY MAMU PDK 2XL,0,3,0,0,36278,108834,108834
Mar-2026,MAMU PALOPO,MAMU BIOWASH,NAVY MAMU PDK 2XL,0,3,0,0,36278,108834,108834
Apr-2026,MAMU PALOPO,MAMU BIOWASH,NAVY MAMU PDK 2XL,0,3,0,0,36278,108834,108834
Mei-2026,MAMU PALOPO,MAMU BIOWASH,NAVY MAMU PDK 2XL,0,3,0,0,36278,108834,108834
Jun-2026,MAMU PALOPO,MAMU BIOWASH,NAVY MAMU PDK 2XL,0,3,0,0,36278,108834,108834
Jul-2026,MAMU PALOPO,MAMU BIOWASH,NAVY MAMU PDK 2XL,0,3,0,0,36278,108834,108834
Agu-2026,MAMU PALOPO,MAMU BIOWASH,NAVY MAMU PDK 2XL,0,3,0,0,36278,108834,108834
Sep-2026,MAMU PALOPO,MAMU BIOWASH,NAVY MAMU PDK 2XL,0,3,0,0,36278,108834,108834
Okt-2026,MAMU PALOPO,MAMU BIOWASH,NAVY MAMU PDK 2XL,0,3,0,0,36278,108834,108834
Jan-2026,MAMU PALOPO,MAMU BIOWASH,NAVY MAMU PDK L,0,7,0,0,34651,242557,0
Feb-2026,MAMU PALOPO,MAMU BIOWASH,NAVY MAMU PDK L,0,7,0,0,34651,242557,242557
Mar-2026,MAMU PALOPO,MAMU BIOWASH,NAVY MAMU PDK L,34651,5,0,0,34651,173255,242557
Apr-2026,MAMU PALOPO,MAMU BIOWASH,NAVY MAMU PDK L,0,5,0,0,34651,173255,173255
Mei-2026,MAMU PALOPO,MAMU BIOWASH,NAVY MAMU PDK L,0,5,0,0,34651,173255,173255
Jun-2026,MAMU PALOPO,MAMU BIOWASH,NAVY MAMU PDK L,0,5,0,0,34651,173255,173255
Jul-2026,MAMU PALOPO,MAMU BIOWASH,NAVY MAMU PDK L,0,5,0,0,34651,173255,173255
Agu-2026,MAMU PALOPO,MAMU BIOWASH,NAVY MAMU PDK L,34651,5,0,0,34651,173255,173255
Sep-2026,MAMU PALOPO,MAMU BIOWASH,NAVY MAMU PDK L,0,4,0,0,34651,138604,173255
Okt-2026,MAMU PALOPO,MAMU BIOWASH,NAVY MAMU PDK L,0,4,0,0,34651,138604,138604
Jan-2026,MAMU PALOPO,MAMU BIOWASH,NAVY MAMU PDK M,0,7,0,0,34238,239666,0
Feb-2026,MAMU PALOPO,MAMU BIOWASH,NAVY MAMU PDK M,34238,6,0,0,34238,205428,239666
Mar-2026,MAMU PALOPO,MAMU BIOWASH,NAVY MAMU PDK M,0,5,0,0,34238,171190,205428
Apr-2026,MAMU PALOPO,MAMU BIOWASH,NAVY MAMU PDK M,0,5,0,0,34238,171190,171190
Mei-2026,MAMU PALOPO,MAMU BIOWASH,NAVY MAMU PDK M,0,5,0,0,34238,171190,171190
Jun-2026,MAMU PALOPO,MAMU BIOWASH,NAVY MAMU PDK M,0,5,0,0,34238,171190,171190
Jul-2026,MAMU PALOPO,MAMU BIOWASH,NAVY MAMU PDK M,0,5,0,0,34238,171190,171190
Agu-2026,MAMU PALOPO,MAMU BIOWASH,NAVY MAMU PDK M,0,5,0,0,34238,171190,171190
Sep-2026,MAMU PALOPO,MAMU BIOWASH,NAVY MAMU PDK M,34238,4,0,0,34238,136952,171190
Okt-2026,MAMU PALOPO,MAMU BIOWASH,NAVY MAMU PDK M,0,4,0,0,34238,136952,136952
Jan-2026,MAMU PALOPO,MAMU BIOWASH,NAVY MAMU PDK S,35222,1,0,0,35222,35222,0
Feb-2026,MAMU PALOPO,MAMU BIOWASH,NAVY MAMU PDK S,0,1,0,0,35222,35222,35222
Mar-2026,MAMU PALOPO,MAMU BIOWASH,NAVY MAMU PDK S,35222,0,0,0,35222,0,35222
Jan-2026,MAMU PALOPO,MAMU BIOWASH,NAVY MAMU PDK XL,40443,7,0,0,40443,283101,0
Feb-2026,MAMU PALOPO,MAMU BIOWASH,NAVY MAMU PDK XL,40443,6,0,0,40443,242658,283101
Mar-2026,MAMU PALOPO,MAMU BIOWASH,NAVY MAMU PDK XL,0,5,0,0,40443,202215,242658
Apr-2026,MAMU PALOPO,MAMU BIOWASH,NAVY MAMU PDK XL,0,5,0,0,40443,202215,202215
Mei-2026,MAMU PALOPO,MAMU BIOWASH,NAVY MAMU PDK XL,0,5,0,0,40443,202215,202215
Jun-2026,MAMU PALOPO,MAMU BIOWASH,NAVY MAMU PDK XL,40443,4,0,0,40443,161772,202215
Jul-2026,MAMU PALOPO,MAMU BIOWASH,NAVY MAMU PDK XL,0,4,0,0,40443,161772,161772
Agu-2026,MAMU PALOPO,MAMU BIOWASH,NAVY MAMU PDK XL,0,4,0,0,40443,161772,161772
Sep-2026,MAMU PALOPO,MAMU BIOWASH,NAVY MAMU PDK XL,0,4,0,0,40443,161772,161772
Okt-2026,MAMU PALOPO,MAMU BIOWASH,NAVY MAMU PDK XL,40443,3,0,0,40443,121329,161772
Jan-2026,MAMU PALOPO,MAMU BIOWASH,POPY SEED MAMU PDK 2XL,0,2,0,0,43442,86884,0
Feb-2026,MAMU PALOPO,MAMU BIOWASH,POPY SEED MAMU PDK 2XL,0,2,0,0,43442,86884,86884
Mar-2026,MAMU PALOPO,MAMU BIOWASH,POPY SEED MAMU PDK 2XL,0,1,0,0,43442,43442,86884
Apr-2026,MAMU PALOPO,MAMU BIOWASH,POPY SEED MAMU PDK 2XL,43442,0,0,0,43442,0,43442
Jan-2026,MAMU PALOPO,MAMU BIOWASH,POPY SEED MAMU PDK L,0,8,0,0,36959,295672,0
Feb-2026,MAMU PALOPO,MAMU BIOWASH,POPY SEED MAMU PDK L,0,8,0,0,36959,295672,295672
Mar-2026,MAMU PALOPO,MAMU BIOWASH,POPY SEED MAMU PDK L,0,7,0,0,36959,258713,295672
Apr-2026,MAMU PALOPO,MAMU BIOWASH,POPY SEED MAMU PDK L,0,7,0,0,36959,258713,258713
Mei-2026,MAMU PALOPO,MAMU BIOWASH,POPY SEED MAMU PDK L,0,7,0,0,36959,258713,258713
Jun-2026,MAMU PALOPO,MAMU BIOWASH,POPY SEED MAMU PDK L,0,7,0,0,36959,258713,258713
Jul-2026,MAMU PALOPO,MAMU BIOWASH,POPY SEED MAMU PDK L,36959,6,0,0,36959,221754,258713
Agu-2026,MAMU PALOPO,MAMU BIOWASH,POPY SEED MAMU PDK L,36959,5,0,0,36959,184795,221754
Sep-2026,MAMU PALOPO,MAMU BIOWASH,POPY SEED MAMU PDK L,0,5,0,0,36959,184795,184795
Okt-2026,MAMU PALOPO,MAMU BIOWASH,POPY SEED MAMU PDK L,0,5,0,0,36959,184795,184795
Jan-2026,MAMU PALOPO,MAMU BIOWASH,POPY SEED MAMU PDK M,0,6,0,0,38850,233100,0
Feb-2026,MAMU PALOPO,MAMU BIOWASH,POPY SEED MAMU PDK M,38850,5,0,0,38850,194250,233100
Mar-2026,MAMU PALOPO,MAMU BIOWASH,POPY SEED MAMU PDK M,0,5,0,0,38850,194250,194250
Apr-2026,MAMU PALOPO,MAMU BIOWASH,POPY SEED MAMU PDK M,38850,3,0,0,38850,116550,194250
Mei-2026,MAMU PALOPO,MAMU BIOWASH,POPY SEED MAMU PDK M,0,3,0,0,38850,116550,116550
Jun-2026,MAMU PALOPO,MAMU BIOWASH,POPY SEED MAMU PDK M,38850,2,0,0,38850,77700,116550
Jul-2026,MAMU PALOPO,MAMU BIOWASH,POPY SEED MAMU PDK M,0,2,0,0,38850,77700,77700
Agu-2026,MAMU PALOPO,MAMU BIOWASH,POPY SEED MAMU PDK M,107145,4,0,0,38850,155400,77700
Sep-2026,MAMU PALOPO,MAMU BIOWASH,POPY SEED MAMU PDK M,0,2,0,0,38850,77700,155400
Okt-2026,MAMU PALOPO,MAMU BIOWASH,POPY SEED MAMU PDK M,0,2,0,0,38850,77700,77700
Jan-2026,MAMU PALOPO,MAMU BIOWASH,POPY SEED MAMU PDK S,38850,0,0,0,38850,0,0
Jan-2026,MAMU PALOPO,MAMU BIOWASH,POPY SEED MAMU PDK XL,0,2,0,0,35635,71270,0
Feb-2026,MAMU PALOPO,MAMU BIOWASH,POPY SEED MAMU PDK XL,0,2,0,0,35635,71270,71270
Mar-2026,MAMU PALOPO,MAMU BIOWASH,POPY SEED MAMU PDK XL,0,2,0,0,35635,71270,71270
Apr-2026,MAMU PALOPO,MAMU BIOWASH,POPY SEED MAMU PDK XL,0,2,0,0,35635,71270,71270
Mei-2026,MAMU PALOPO,MAMU BIOWASH,POPY SEED MAMU PDK XL,0,2,0,0,35635,71270,71270
Jun-2026,MAMU PALOPO,MAMU BIOWASH,POPY SEED MAMU PDK XL,0,2,0,0,35635,71270,71270
Jul-2026,MAMU PALOPO,MAMU BIOWASH,POPY SEED MAMU PDK XL,0,2,0,0,35635,71270,71270
Agu-2026,MAMU PALOPO,MAMU BIOWASH,POPY SEED MAMU PDK XL,34429,4,0,0,35635,142540,71270
Sep-2026,MAMU PALOPO,MAMU BIOWASH,POPY SEED MAMU PDK XL,0,5,0,0,35635,178175,142540
Okt-2026,MAMU PALOPO,MAMU BIOWASH,POPY SEED MAMU PDK XL,34268,5,0,0,35635,178175,178175
Okt-2026,MAMU PALOPO,MAMU BIOWASH,PUTIH NETRAL MAMU PDK L,0,7,0,0,75000,525000,0
Okt-2026,MAMU PALOPO,MAMU BIOWASH,PUTIH NETRAL MAMU PDK XL,0,4,0,0,75000,300000,0
Jan-2026,MAMU PALOPO,MAMU BIOWASH,SENECA ROCK MAMU PDK 2XL,0,1,0,0,45173,45173,0
Feb-2026,MAMU PALOPO,MAMU BIOWASH,SENECA ROCK MAMU PDK 2XL,0,1,0,0,45173,45173,45173
Mar-2026,MAMU PALOPO,MAMU BIOWASH,SENECA ROCK MAMU PDK 2XL,0,2,0,0,45173,90346,45173
Apr-2026,MAMU PALOPO,MAMU BIOWASH,SENECA ROCK MAMU PDK 2XL,0,2,0,0,45173,90346,90346
Mei-2026,MAMU PALOPO,MAMU BIOWASH,SENECA ROCK MAMU PDK 2XL,0,2,0,0,45173,90346,90346
Jun-2026,MAMU PALOPO,MAMU BIOWASH,SENECA ROCK MAMU PDK 2XL,45173,1,0,0,45173,45173,90346
Jul-2026,MAMU PALOPO,MAMU BIOWASH,SENECA ROCK MAMU PDK 2XL,0,1,0,0,45173,45173,45173
Agu-2026,MAMU PALOPO,MAMU BIOWASH,SENECA ROCK MAMU PDK 2XL,0,1,0,0,45173,45173,45173
Sep-2026,MAMU PALOPO,MAMU BIOWASH,SENECA ROCK MAMU PDK 2XL,0,1,0,0,45173,45173,45173
Okt-2026,MAMU PALOPO,MAMU BIOWASH,SENECA ROCK MAMU PDK 2XL,0,1,0,0,45173,45173,45173
Jan-2026,MAMU PALOPO,MAMU BIOWASH,SENECA ROCK MAMU PDK L,0,8,0,0,35367,282936,0
Feb-2026,MAMU PALOPO,MAMU BIOWASH,SENECA ROCK MAMU PDK L,0,8,0,0,35367,282936,282936
Mar-2026,MAMU PALOPO,MAMU BIOWASH,SENECA ROCK MAMU PDK L,35367,6,0,0,35367,212202,282936
Apr-2026,MAMU PALOPO,MAMU BIOWASH,SENECA ROCK MAMU PDK L,70734,4,0,0,35367,141468,212202
Mei-2026,MAMU PALOPO,MAMU BIOWASH,SENECA ROCK MAMU PDK L,0,4,0,0,35367,141468,141468
Jun-2026,MAMU PALOPO,MAMU BIOWASH,SENECA ROCK MAMU PDK L,0,4,0,0,35367,141468,141468
Jul-2026,MAMU PALOPO,MAMU BIOWASH,SENECA ROCK MAMU PDK L,35367,3,0,0,35367,106101,141468
Agu-2026,MAMU PALOPO,MAMU BIOWASH,SENECA ROCK MAMU PDK L,34163,5,0,0,35367,176835,106101
Sep-2026,MAMU PALOPO,MAMU BIOWASH,SENECA ROCK MAMU PDK L,0,5,0,0,35367,176835,176835
Okt-2026,MAMU PALOPO,MAMU BIOWASH,SENECA ROCK MAMU PDK L,33802,5,0,0,35367,176835,176835
Jan-2026,MAMU PALOPO,MAMU BIOWASH,SENECA ROCK MAMU PDK M,33775,5,0,0,33775,168875,0
Feb-2026,MAMU PALOPO,MAMU BIOWASH,SENECA ROCK MAMU PDK M,0,5,0,0,33775,168875,168875
Mar-2026,MAMU PALOPO,MAMU BIOWASH,SENECA ROCK MAMU PDK M,67550,3,0,0,33775,101325,168875
Apr-2026,MAMU PALOPO,MAMU BIOWASH,SENECA ROCK MAMU PDK M,33775,3,0,0,33775,101325,101325
Mei-2026,MAMU PALOPO,MAMU BIOWASH,SENECA ROCK MAMU PDK M,0,3,0,0,33775,101325,101325
Jun-2026,MAMU PALOPO,MAMU BIOWASH,SENECA ROCK MAMU PDK M,33775,2,0,0,33775,67550,101325
Jul-2026,MAMU PALOPO,MAMU BIOWASH,SENECA ROCK MAMU PDK M,33775,2,0,0,33775,67550,67550
Agu-2026,MAMU PALOPO,MAMU BIOWASH,SENECA ROCK MAMU PDK M,33195,5,0,0,33775,168875,67550
Sep-2026,MAMU PALOPO,MAMU BIOWASH,SENECA ROCK MAMU PDK M,66390,2,0,0,33775,67550,168875
Okt-2026,MAMU PALOPO,MAMU BIOWASH,SENECA ROCK MAMU PDK M,33195,1,0,0,33775,33775,67550
Jan-2026,MAMU PALOPO,MAMU BIOWASH,SENECA ROCK MAMU PDK S,0,1,0,0,38483,38483,0
Feb-2026,MAMU PALOPO,MAMU BIOWASH,SENECA ROCK MAMU PDK S,0,1,0,0,38483,38483,38483
Mar-2026,MAMU PALOPO,MAMU BIOWASH,SENECA ROCK MAMU PDK S,0,0,0,0,38483,0,38483
Jan-2026,MAMU PALOPO,MAMU BIOWASH,SENECA ROCK MAMU PDK XL,0,4,0,0,34113,136452,0
Feb-2026,MAMU PALOPO,MAMU BIOWASH,SENECA ROCK MAMU PDK XL,0,4,0,0,34113,136452,136452
Mar-2026,MAMU PALOPO,MAMU BIOWASH,SENECA ROCK MAMU PDK XL,0,4,0,0,34113,136452,136452
Apr-2026,MAMU PALOPO,MAMU BIOWASH,SENECA ROCK MAMU PDK XL,34113,3,0,0,34113,102339,136452
Mei-2026,MAMU PALOPO,MAMU BIOWASH,SENECA ROCK MAMU PDK XL,0,3,0,0,34113,102339,102339
Jun-2026,MAMU PALOPO,MAMU BIOWASH,SENECA ROCK MAMU PDK XL,0,3,0,0,34113,102339,102339
Jul-2026,MAMU PALOPO,MAMU BIOWASH,SENECA ROCK MAMU PDK XL,33688,3,0,0,34113,102339,102339
Agu-2026,MAMU PALOPO,MAMU BIOWASH,SENECA ROCK MAMU PDK XL,33560,5,0,0,34113,170565,102339
Sep-2026,MAMU PALOPO,MAMU BIOWASH,SENECA ROCK MAMU PDK XL,0,4,0,0,34113,136452,170565
Okt-2026,MAMU PALOPO,MAMU BIOWASH,SENECA ROCK MAMU PDK XL,0,4,0,0,34113,136452,136452
Okt-2026,MAMU PALOPO,MAMU BIOWASH,SUGAR SWIZZLE MAMU PDK L,0,5,0,0,75000,375000,0
Okt-2026,MAMU PALOPO,MAMU BIOWASH,SUGAR SWIZZLE MAMU PDK M,0,3,0,0,75000,225000,0
Jan-2026,MAMU TSM,MAMU BIOWASH,CROCODILE MAMU PDK L,68942,0,0,0,34471,0,0
Feb-2026,MAMU TSM,MAMU BIOWASH,CROCODILE MAMU PDK L,68942,0,0,0,34471,0,0
Jan-2026,MAMU TSM,MAMU BIOWASH,CROCODILE MAMU PDK XL,72238,1,0,0,36119,36119,0
Feb-2026,MAMU TSM,MAMU BIOWASH,CROCODILE MAMU PDK XL,72238,1,0,0,36119,36119,36119
Mar-2026,MAMU TSM,MAMU BIOWASH,CROCODILE MAMU PDK XL,36119,0,0,0,36119,0,36119
Feb-2026,MAMU TSM,MAMU BIOWASH,NAVY MAMU PDK M,34238,0,0,0,34238,0,0
Okt-2026,TIGALAPANKAOS BONE,MAMU BIOWASH,BERING SEA MAMU PDK L,0,5,0,0,75000,375000,0
Okt-2026,TIGALAPANKAOS BONE,MAMU BIOWASH,BERING SEA MAMU PDK M,0,3,0,0,75000,225000,0
Okt-2026,TIGALAPANKAOS BONE,MAMU BIOWASH,BERING SEA MAMU PDK XL,0,2,0,0,75000,150000,0
Agu-2026,TIGALAPANKAOS BONE,MAMU BIOWASH,BLACK NT MAMU PDK L,67192,2,0,0,33977,67954,0
Sep-2026,TIGALAPANKAOS BONE,MAMU BIOWASH,BLACK NT MAMU PDK L,0,3,0,0,33977,101931,67954
Okt-2026,TIGALAPANKAOS BONE,MAMU BIOWASH,BLACK NT MAMU PDK L,0,7,0,0,33977,237839,101931
Agu-2026,TIGALAPANKAOS BONE,MAMU BIOWASH,BLACK NT MAMU PDK XL,0,3,0,0,33144,99432,0
Sep-2026,TIGALAPANKAOS BONE,MAMU BIOWASH,BLACK NT MAMU PDK XL,0,3,0,0,33144,99432,99432
Okt-2026,TIGALAPANKAOS BONE,MAMU BIOWASH,BLACK NT MAMU PDK XL,0,3,0,0,33144,99432,99432
Sep-2026,TIGALAPANKAOS BONE,MAMU BIOWASH,CROCODILE MAMU PDK L,33812,3,0,0,34471,103413,0
Okt-2026,TIGALAPANKAOS BONE,MAMU BIOWASH,CROCODILE MAMU PDK L,0,5,0,0,34471,172355,103413
Okt-2026,TIGALAPANKAOS BONE,MAMU BIOWASH,PUTIH NETRAL MAMU PDK L,0,7,0,0,75000,525000,0
Okt-2026,TIGALAPANKAOS BONE,MAMU BIOWASH,PUTIH NETRAL MAMU PDK M,0,3,0,0,75000,225000,0
Okt-2026,TIGALAPANKAOS BONE,MAMU BIOWASH,PUTIH NETRAL MAMU PDK XL,0,4,0,0,75000,300000,0
Agu-2026,TIGALAPANKAOS BONE,MAMU BIOWASH,SENECA ROCK MAMU PDK L,32358,3,0,0,35367,106101,0
Sep-2026,TIGALAPANKAOS BONE,MAMU BIOWASH,SENECA ROCK MAMU PDK L,64716,2,0,0,35367,70734,106101
Okt-2026,TIGALAPANKAOS BONE,MAMU BIOWASH,SENECA ROCK MAMU PDK L,32358,3,0,0,35367,106101,70734
Sep-2026,TIGALAPANKAOS BONE,MAMU BIOWASH,SENECA ROCK MAMU PDK M,0,3,0,0,33775,101325,0
Okt-2026,TIGALAPANKAOS BONE,MAMU BIOWASH,SENECA ROCK MAMU PDK M,0,3,0,0,33775,101325,101325
Okt-2026,TIGALAPANKAOS BONE,MAMU BIOWASH,SENECA ROCK MAMU PDK XL,0,2,0,0,34113,68226,0
Agu-2026,TIGALAPANKAOS BONE,MAMU BIOWASH,SUGAR SWIZZLE MAMU PDK L,0,3,0,0,75000,225000,0
Sep-2026,TIGALAPANKAOS BONE,MAMU BIOWASH,SUGAR SWIZZLE MAMU PDK L,65014,1,0,0,75000,75000,225000
Okt-2026,TIGALAPANKAOS BONE,MAMU BIOWASH,SUGAR SWIZZLE MAMU PDK L,32507,4,0,0,75000,300000,75000
Agu-2026,TIGALAPANKAOS BONE,MAMU BIOWASH,SUGAR SWIZZLE MAMU PDK M,0,3,0,0,75000,225000,0
Sep-2026,TIGALAPANKAOS BONE,MAMU BIOWASH,SUGAR SWIZZLE MAMU PDK M,33744,2,0,0,75000,150000,225000
Okt-2026,TIGALAPANKAOS BONE,MAMU BIOWASH,SUGAR SWIZZLE MAMU PDK M,33744,2,0,0,75000,150000,150000
Agu-2026,TIGALAPANKAOS BONE,MAMU BIOWASH,SUGAR SWIZZLE MAMU PDK XL,0,3,0,0,75000,225000,0
Sep-2026,TIGALAPANKAOS BONE,MAMU BIOWASH,SUGAR SWIZZLE MAMU PDK XL,0,3,0,0,75000,225000,225000
Okt-2026,TIGALAPANKAOS BONE,MAMU BIOWASH,SUGAR SWIZZLE MAMU PDK XL,33744,2,0,0,75000,150000,225000
Okt-2026,TIGALAPANKAOS MANADO,MAMU BIOWASH,BERING SEA MAMU PDK L,0,0,5,0,75000,375000,0
Okt-2026,TIGALAPANKAOS MANADO,MAMU BIOWASH,BERING SEA MAMU PDK M,0,0,3,0,75000,225000,0
Okt-2026,TIGALAPANKAOS MANADO,MAMU BIOWASH,BERING SEA MAMU PDK XL,0,0,2,0,75000,150000,0
Jan-2026,TIGALAPANKAOS MANADO,MAMU BIOWASH,BLACK NT MAMU PDK 2XL,0,6,0,0,34056,204336,0
Feb-2026,TIGALAPANKAOS MANADO,MAMU BIOWASH,BLACK NT MAMU PDK 2XL,0,6,0,0,34056,204336,204336
Mar-2026,TIGALAPANKAOS MANADO,MAMU BIOWASH,BLACK NT MAMU PDK 2XL,68112,0,0,0,34056,0,204336
Jan-2026,TIGALAPANKAOS MANADO,MAMU BIOWASH,BLACK NT MAMU PDK L,0,34,0,0,33977,1155218,0
Feb-2026,TIGALAPANKAOS MANADO,MAMU BIOWASH,BLACK NT MAMU PDK L,0,34,0,0,33977,1155218,1155218
Mar-2026,TIGALAPANKAOS MANADO,MAMU BIOWASH,BLACK NT MAMU PDK L,67954,18,0,0,33977,611586,1155218
Apr-2026,TIGALAPANKAOS MANADO,MAMU BIOWASH,BLACK NT MAMU PDK L,33977,16,0,0,33977,543632,611586
Mei-2026,TIGALAPANKAOS MANADO,MAMU BIOWASH,BLACK NT MAMU PDK L,33977,15,0,0,33977,509655,543632
Jun-2026,TIGALAPANKAOS MANADO,MAMU BIOWASH,BLACK NT MAMU PDK L,0,15,0,0,33977,509655,509655
Jul-2026,TIGALAPANKAOS MANADO,MAMU BIOWASH,BLACK NT MAMU PDK L,0,15,0,0,33977,509655,509655
Agu-2026,TIGALAPANKAOS MANADO,MAMU BIOWASH,BLACK NT MAMU PDK L,0,15,0,0,33977,509655,509655
Sep-2026,TIGALAPANKAOS MANADO,MAMU BIOWASH,BLACK NT MAMU PDK L,0,15,0,0,33977,509655,509655
Okt-2026,TIGALAPANKAOS MANADO,MAMU BIOWASH,BLACK NT MAMU PDK L,0,15,0,0,33977,509655,509655
Jan-2026,TIGALAPANKAOS MANADO,MAMU BIOWASH,BLACK NT MAMU PDK M,0,12,0,0,32710,392520,0
Feb-2026,TIGALAPANKAOS MANADO,MAMU BIOWASH,BLACK NT MAMU PDK M,0,12,0,0,32710,392520,392520
Mar-2026,TIGALAPANKAOS MANADO,MAMU BIOWASH,BLACK NT MAMU PDK M,0,10,0,0,32710,327100,392520
Apr-2026,TIGALAPANKAOS MANADO,MAMU BIOWASH,BLACK NT MAMU PDK M,0,10,0,0,32710,327100,327100
Mei-2026,TIGALAPANKAOS MANADO,MAMU BIOWASH,BLACK NT MAMU PDK M,0,10,0,0,32710,327100,327100
Jun-2026,TIGALAPANKAOS MANADO,MAMU BIOWASH,BLACK NT MAMU PDK M,0,10,0,0,32710,327100,327100
Jul-2026,TIGALAPANKAOS MANADO,MAMU BIOWASH,BLACK NT MAMU PDK M,0,10,0,0,32710,327100,327100
Agu-2026,TIGALAPANKAOS MANADO,MAMU BIOWASH,BLACK NT MAMU PDK M,0,10,0,0,32710,327100,327100
Sep-2026,TIGALAPANKAOS MANADO,MAMU BIOWASH,BLACK NT MAMU PDK M,0,10,0,0,32710,327100,327100
Okt-2026,TIGALAPANKAOS MANADO,MAMU BIOWASH,BLACK NT MAMU PDK M,0,10,0,0,32710,327100,327100
Jan-2026,TIGALAPANKAOS MANADO,MAMU BIOWASH,BLACK NT MAMU PDK S,0,6,0,0,33144,198864,0
Feb-2026,TIGALAPANKAOS MANADO,MAMU BIOWASH,BLACK NT MAMU PDK S,0,6,0,0,33144,198864,198864
Mar-2026,TIGALAPANKAOS MANADO,MAMU BIOWASH,BLACK NT MAMU PDK S,0,5,0,0,33144,165720,198864
Apr-2026,TIGALAPANKAOS MANADO,MAMU BIOWASH,BLACK NT MAMU PDK S,0,5,0,0,33144,165720,165720
Mei-2026,TIGALAPANKAOS MANADO,MAMU BIOWASH,BLACK NT MAMU PDK S,0,5,0,0,33144,165720,165720
Jun-2026,TIGALAPANKAOS MANADO,MAMU BIOWASH,BLACK NT MAMU PDK S,0,5,0,0,33144,165720,165720
Jul-2026,TIGALAPANKAOS MANADO,MAMU BIOWASH,BLACK NT MAMU PDK S,0,5,0,0,33144,165720,165720
Agu-2026,TIGALAPANKAOS MANADO,MAMU BIOWASH,BLACK NT MAMU PDK S,0,5,0,0,33144,165720,165720
Sep-2026,TIGALAPANKAOS MANADO,MAMU BIOWASH,BLACK NT MAMU PDK S,0,5,0,0,33144,165720,165720
Okt-2026,TIGALAPANKAOS MANADO,MAMU BIOWASH,BLACK NT MAMU PDK S,0,5,0,0,33144,165720,165720
Mar-2026,TIGALAPANKAOS MANADO,MAMU BIOWASH,BLACK NT MAMU PDK XL,0,12,0,0,33144,397728,0
Apr-2026,TIGALAPANKAOS MANADO,MAMU BIOWASH,BLACK NT MAMU PDK XL,0,11,0,0,33144,364584,397728
Mei-2026,TIGALAPANKAOS MANADO,MAMU BIOWASH,BLACK NT MAMU PDK XL,0,11,0,0,33144,364584,364584
Jun-2026,TIGALAPANKAOS MANADO,MAMU BIOWASH,BLACK NT MAMU PDK XL,0,11,0,0,33144,364584,364584
Jul-2026,TIGALAPANKAOS MANADO,MAMU BIOWASH,BLACK NT MAMU PDK XL,0,11,0,0,33144,364584,364584
Agu-2026,TIGALAPANKAOS MANADO,MAMU BIOWASH,BLACK NT MAMU PDK XL,0,11,0,0,33144,364584,364584
Sep-2026,TIGALAPANKAOS MANADO,MAMU BIOWASH,BLACK NT MAMU PDK XL,33144,10,0,0,33144,331440,364584
Okt-2026,TIGALAPANKAOS MANADO,MAMU BIOWASH,BLACK NT MAMU PDK XL,0,10,0,0,33144,331440,331440
Jan-2026,TIGALAPANKAOS MANADO,MAMU BIOWASH,CROCODILE MAMU PDK 2XL,0,3,0,0,35756,107268,0
Feb-2026,TIGALAPANKAOS MANADO,MAMU BIOWASH,CROCODILE MAMU PDK 2XL,0,3,0,0,35756,107268,107268
Mar-2026,TIGALAPANKAOS MANADO,MAMU BIOWASH,CROCODILE MAMU PDK 2XL,0,3,0,0,35756,107268,107268
Apr-2026,TIGALAPANKAOS MANADO,MAMU BIOWASH,CROCODILE MAMU PDK 2XL,0,3,0,0,35756,107268,107268
Mei-2026,TIGALAPANKAOS MANADO,MAMU BIOWASH,CROCODILE MAMU PDK 2XL,0,1,0,0,35756,35756,107268
Jun-2026,TIGALAPANKAOS MANADO,MAMU BIOWASH,CROCODILE MAMU PDK 2XL,0,1,0,0,35756,35756,35756
Jul-2026,TIGALAPANKAOS MANADO,MAMU BIOWASH,CROCODILE MAMU PDK 2XL,0,1,0,0,35756,35756,35756
Agu-2026,TIGALAPANKAOS MANADO,MAMU BIOWASH,CROCODILE MAMU PDK 2XL,0,1,0,0,35756,35756,35756
Sep-2026,TIGALAPANKAOS MANADO,MAMU BIOWASH,CROCODILE MAMU PDK 2XL,0,1,0,0,35756,35756,35756
Okt-2026,TIGALAPANKAOS MANADO,MAMU BIOWASH,CROCODILE MAMU PDK 2XL,0,1,0,0,35756,35756,35756
Feb-2026,TIGALAPANKAOS MANADO,MAMU BIOWASH,CROCODILE MAMU PDK L,34471,0,0,0,34471,0,0
Mar-2026,TIGALAPANKAOS MANADO,MAMU BIOWASH,CROCODILE MAMU PDK L,0,10,0,0,34471,344710,0
Apr-2026,TIGALAPANKAOS MANADO,MAMU BIOWASH,CROCODILE MAMU PDK L,0,10,0,0,34471,344710,344710
Mei-2026,TIGALAPANKAOS MANADO,MAMU BIOWASH,CROCODILE MAMU PDK L,0,10,0,0,34471,344710,344710
Jun-2026,TIGALAPANKAOS MANADO,MAMU BIOWASH,CROCODILE MAMU PDK L,0,10,0,0,34471,344710,344710
Jul-2026,TIGALAPANKAOS MANADO,MAMU BIOWASH,CROCODILE MAMU PDK L,0,10,0,0,34471,344710,344710
Agu-2026,TIGALAPANKAOS MANADO,MAMU BIOWASH,CROCODILE MAMU PDK L,0,10,0,0,34471,344710,344710
Sep-2026,TIGALAPANKAOS MANADO,MAMU BIOWASH,CROCODILE MAMU PDK L,0,10,0,0,34471,344710,344710
Okt-2026,TIGALAPANKAOS MANADO,MAMU BIOWASH,CROCODILE MAMU PDK L,0,10,0,0,34471,344710,344710
Jan-2026,TIGALAPANKAOS MANADO,MAMU BIOWASH,CROCODILE MAMU PDK M,0,8,0,0,36874,294992,0
Feb-2026,TIGALAPANKAOS MANADO,MAMU BIOWASH,CROCODILE MAMU PDK M,0,8,0,0,36874,294992,294992
Mar-2026,TIGALAPANKAOS MANADO,MAMU BIOWASH,CROCODILE MAMU PDK M,0,7,0,0,36874,258118,294992
Apr-2026,TIGALAPANKAOS MANADO,MAMU BIOWASH,CROCODILE MAMU PDK M,0,6,0,0,36874,221244,258118
Mei-2026,TIGALAPANKAOS MANADO,MAMU BIOWASH,CROCODILE MAMU PDK M,0,6,0,0,36874,221244,221244
Jun-2026,TIGALAPANKAOS MANADO,MAMU BIOWASH,CROCODILE MAMU PDK M,0,6,0,0,36874,221244,221244
Jul-2026,TIGALAPANKAOS MANADO,MAMU BIOWASH,CROCODILE MAMU PDK M,0,6,0,0,36874,221244,221244
Agu-2026,TIGALAPANKAOS MANADO,MAMU BIOWASH,CROCODILE MAMU PDK M,0,6,0,0,36874,221244,221244
Sep-2026,TIGALAPANKAOS MANADO,MAMU BIOWASH,CROCODILE MAMU PDK M,0,6,0,0,36874,221244,221244
Okt-2026,TIGALAPANKAOS MANADO,MAMU BIOWASH,CROCODILE MAMU PDK M,0,6,0,0,36874,221244,221244
Jan-2026,TIGALAPANKAOS MANADO,MAMU BIOWASH,CROCODILE MAMU PDK S,0,2,0,0,35756,71512,0
Feb-2026,TIGALAPANKAOS MANADO,MAMU BIOWASH,CROCODILE MAMU PDK S,0,2,0,0,35756,71512,71512
Mar-2026,TIGALAPANKAOS MANADO,MAMU BIOWASH,CROCODILE MAMU PDK S,0,2,0,0,35756,71512,71512
Apr-2026,TIGALAPANKAOS MANADO,MAMU BIOWASH,CROCODILE MAMU PDK S,0,2,0,0,35756,71512,71512
Mei-2026,TIGALAPANKAOS MANADO,MAMU BIOWASH,CROCODILE MAMU PDK S,0,2,0,0,35756,71512,71512
Jun-2026,TIGALAPANKAOS MANADO,MAMU BIOWASH,CROCODILE MAMU PDK S,0,2,0,0,35756,71512,71512
Jul-2026,TIGALAPANKAOS MANADO,MAMU BIOWASH,CROCODILE MAMU PDK S,0,2,0,0,35756,71512,71512
Agu-2026,TIGALAPANKAOS MANADO,MAMU BIOWASH,CROCODILE MAMU PDK S,0,2,0,0,35756,71512,71512
Sep-2026,TIGALAPANKAOS MANADO,MAMU BIOWASH,CROCODILE MAMU PDK S,0,2,0,0,35756,71512,71512
Okt-2026,TIGALAPANKAOS MANADO,MAMU BIOWASH,CROCODILE MAMU PDK S,0,2,0,0,35756,71512,71512
Mar-2026,TIGALAPANKAOS MANADO,MAMU BIOWASH,CROCODILE MAMU PDK XL,0,8,0,0,36119,288952,0
Apr-2026,TIGALAPANKAOS MANADO,MAMU BIOWASH,CROCODILE MAMU PDK XL,0,8,0,0,36119,288952,288952
Mei-2026,TIGALAPANKAOS MANADO,MAMU BIOWASH,CROCODILE MAMU PDK XL,0,8,0,0,36119,288952,288952
Jun-2026,TIGALAPANKAOS MANADO,MAMU BIOWASH,CROCODILE MAMU PDK XL,0,8,0,0,36119,288952,288952
Jul-2026,TIGALAPANKAOS MANADO,MAMU BIOWASH,CROCODILE MAMU PDK XL,36119,8,0,0,36119,288952,288952
Agu-2026,TIGALAPANKAOS MANADO,MAMU BIOWASH,CROCODILE MAMU PDK XL,0,7,0,0,36119,252833,288952
Sep-2026,TIGALAPANKAOS MANADO,MAMU BIOWASH,CROCODILE MAMU PDK XL,0,7,0,0,36119,252833,252833
Okt-2026,TIGALAPANKAOS MANADO,MAMU BIOWASH,CROCODILE MAMU PDK XL,0,7,0,0,36119,252833,252833
Jan-2026,TIGALAPANKAOS MANADO,MAMU BIOWASH,NAVY MAMU PDK 2XL,0,3,0,0,36278,108834,0
Feb-2026,TIGALAPANKAOS MANADO,MAMU BIOWASH,NAVY MAMU PDK 2XL,0,3,0,0,36278,108834,108834
Mar-2026,TIGALAPANKAOS MANADO,MAMU BIOWASH,NAVY MAMU PDK 2XL,0,3,0,0,36278,108834,108834
Apr-2026,TIGALAPANKAOS MANADO,MAMU BIOWASH,NAVY MAMU PDK 2XL,0,3,0,0,36278,108834,108834
Mei-2026,TIGALAPANKAOS MANADO,MAMU BIOWASH,NAVY MAMU PDK 2XL,0,3,0,0,36278,108834,108834
Jun-2026,TIGALAPANKAOS MANADO,MAMU BIOWASH,NAVY MAMU PDK 2XL,0,3,0,0,36278,108834,108834
Jul-2026,TIGALAPANKAOS MANADO,MAMU BIOWASH,NAVY MAMU PDK 2XL,0,3,0,0,36278,108834,108834
Agu-2026,TIGALAPANKAOS MANADO,MAMU BIOWASH,NAVY MAMU PDK 2XL,0,3,0,0,36278,108834,108834
Sep-2026,TIGALAPANKAOS MANADO,MAMU BIOWASH,NAVY MAMU PDK 2XL,0,3,0,0,36278,108834,108834
Okt-2026,TIGALAPANKAOS MANADO,MAMU BIOWASH,NAVY MAMU PDK 2XL,36278,2,0,0,36278,72556,108834
Jan-2026,TIGALAPANKAOS MANADO,MAMU BIOWASH,NAVY MAMU PDK L,0,8,0,0,34651,277208,0
Feb-2026,TIGALAPANKAOS MANADO,MAMU BIOWASH,NAVY MAMU PDK L,0,8,0,0,34651,277208,277208
Mar-2026,TIGALAPANKAOS MANADO,MAMU BIOWASH,NAVY MAMU PDK L,0,7,0,0,34651,242557,277208
Apr-2026,TIGALAPANKAOS MANADO,MAMU BIOWASH,NAVY MAMU PDK L,0,7,0,0,34651,242557,242557
Mei-2026,TIGALAPANKAOS MANADO,MAMU BIOWASH,NAVY MAMU PDK L,0,7,0,0,34651,242557,242557
Jun-2026,TIGALAPANKAOS MANADO,MAMU BIOWASH,NAVY MAMU PDK L,0,7,0,0,34651,242557,242557
Jul-2026,TIGALAPANKAOS MANADO,MAMU BIOWASH,NAVY MAMU PDK L,0,7,0,0,34651,242557,242557
Agu-2026,TIGALAPANKAOS MANADO,MAMU BIOWASH,NAVY MAMU PDK L,0,7,0,0,34651,242557,242557
Sep-2026,TIGALAPANKAOS MANADO,MAMU BIOWASH,NAVY MAMU PDK L,0,7,0,0,34651,242557,242557
Okt-2026,TIGALAPANKAOS MANADO,MAMU BIOWASH,NAVY MAMU PDK L,0,7,0,0,34651,242557,242557
Jan-2026,TIGALAPANKAOS MANADO,MAMU BIOWASH,NAVY MAMU PDK M,0,9,0,0,34238,308142,0
Feb-2026,TIGALAPANKAOS MANADO,MAMU BIOWASH,NAVY MAMU PDK M,0,9,0,0,34238,308142,308142
Mar-2026,TIGALAPANKAOS MANADO,MAMU BIOWASH,NAVY MAMU PDK M,0,8,0,0,34238,273904,308142
Apr-2026,TIGALAPANKAOS MANADO,MAMU BIOWASH,NAVY MAMU PDK M,0,9,0,0,34238,308142,273904
Mei-2026,TIGALAPANKAOS MANADO,MAMU BIOWASH,NAVY MAMU PDK M,0,8,0,0,34238,273904,308142
Jun-2026,TIGALAPANKAOS MANADO,MAMU BIOWASH,NAVY MAMU PDK M,0,8,0,0,34238,273904,273904
Jul-2026,TIGALAPANKAOS MANADO,MAMU BIOWASH,NAVY MAMU PDK M,0,8,0,0,34238,273904,273904
Agu-2026,TIGALAPANKAOS MANADO,MAMU BIOWASH,NAVY MAMU PDK M,0,8,0,0,34238,273904,273904
Sep-2026,TIGALAPANKAOS MANADO,MAMU BIOWASH,NAVY MAMU PDK M,0,8,0,0,34238,273904,273904
Okt-2026,TIGALAPANKAOS MANADO,MAMU BIOWASH,NAVY MAMU PDK M,0,8,0,0,34238,273904,273904
Jan-2026,TIGALAPANKAOS MANADO,MAMU BIOWASH,NAVY MAMU PDK S,0,3,0,0,35222,105666,0
Feb-2026,TIGALAPANKAOS MANADO,MAMU BIOWASH,NAVY MAMU PDK S,0,3,0,0,35222,105666,105666
Mar-2026,TIGALAPANKAOS MANADO,MAMU BIOWASH,NAVY MAMU PDK S,0,3,0,0,35222,105666,105666
Apr-2026,TIGALAPANKAOS MANADO,MAMU BIOWASH,NAVY MAMU PDK S,0,3,0,0,35222,105666,105666
Mei-2026,TIGALAPANKAOS MANADO,MAMU BIOWASH,NAVY MAMU PDK S,0,3,0,0,35222,105666,105666
Jun-2026,TIGALAPANKAOS MANADO,MAMU BIOWASH,NAVY MAMU PDK S,0,3,0,0,35222,105666,105666
Jul-2026,TIGALAPANKAOS MANADO,MAMU BIOWASH,NAVY MAMU PDK S,0,3,0,0,35222,105666,105666
Agu-2026,TIGALAPANKAOS MANADO,MAMU BIOWASH,NAVY MAMU PDK S,0,3,0,0,35222,105666,105666
Sep-2026,TIGALAPANKAOS MANADO,MAMU BIOWASH,NAVY MAMU PDK S,0,3,0,0,35222,105666,105666
Okt-2026,TIGALAPANKAOS MANADO,MAMU BIOWASH,NAVY MAMU PDK S,0,3,0,0,35222,105666,105666
Mar-2026,TIGALAPANKAOS MANADO,MAMU BIOWASH,NAVY MAMU PDK XL,0,9,0,0,40443,363987,0
Apr-2026,TIGALAPANKAOS MANADO,MAMU BIOWASH,NAVY MAMU PDK XL,0,9,0,0,40443,363987,363987
Mei-2026,TIGALAPANKAOS MANADO,MAMU BIOWASH,NAVY MAMU PDK XL,0,9,0,0,40443,363987,363987
Jun-2026,TIGALAPANKAOS MANADO,MAMU BIOWASH,NAVY MAMU PDK XL,0,9,0,0,40443,363987,363987
Jul-2026,TIGALAPANKAOS MANADO,MAMU BIOWASH,NAVY MAMU PDK XL,0,9,0,0,40443,363987,363987
Agu-2026,TIGALAPANKAOS MANADO,MAMU BIOWASH,NAVY MAMU PDK XL,0,9,0,0,40443,363987,363987
Sep-2026,TIGALAPANKAOS MANADO,MAMU BIOWASH,NAVY MAMU PDK XL,0,9,0,0,40443,363987,363987
Okt-2026,TIGALAPANKAOS MANADO,MAMU BIOWASH,NAVY MAMU PDK XL,0,9,0,0,40443,363987,363987
Jan-2026,TIGALAPANKAOS MANADO,MAMU BIOWASH,POPY SEED MAMU PDK 2XL,0,2,0,0,43442,86884,0
Feb-2026,TIGALAPANKAOS MANADO,MAMU BIOWASH,POPY SEED MAMU PDK 2XL,0,2,0,0,43442,86884,86884
Mar-2026,TIGALAPANKAOS MANADO,MAMU BIOWASH,POPY SEED MAMU PDK 2XL,43442,1,0,0,43442,43442,86884
Apr-2026,TIGALAPANKAOS MANADO,MAMU BIOWASH,POPY SEED MAMU PDK 2XL,0,1,0,0,43442,43442,43442
Mei-2026,TIGALAPANKAOS MANADO,MAMU BIOWASH,POPY SEED MAMU PDK 2XL,0,0,0,0,43442,0,43442
Jan-2026,TIGALAPANKAOS MANADO,MAMU BIOWASH,POPY SEED MAMU PDK L,0,11,0,0,36959,406549,0
Feb-2026,TIGALAPANKAOS MANADO,MAMU BIOWASH,POPY SEED MAMU PDK L,0,11,0,0,36959,406549,406549
Mar-2026,TIGALAPANKAOS MANADO,MAMU BIOWASH,POPY SEED MAMU PDK L,36959,8,0,0,36959,295672,406549
Apr-2026,TIGALAPANKAOS MANADO,MAMU BIOWASH,POPY SEED MAMU PDK L,0,7,0,0,36959,258713,295672
Mei-2026,TIGALAPANKAOS MANADO,MAMU BIOWASH,POPY SEED MAMU PDK L,0,7,0,0,36959,258713,258713
Jun-2026,TIGALAPANKAOS MANADO,MAMU BIOWASH,POPY SEED MAMU PDK L,0,7,0,0,36959,258713,258713
Jul-2026,TIGALAPANKAOS MANADO,MAMU BIOWASH,POPY SEED MAMU PDK L,0,7,0,0,36959,258713,258713
Agu-2026,TIGALAPANKAOS MANADO,MAMU BIOWASH,POPY SEED MAMU PDK L,0,7,0,0,36959,258713,258713
Sep-2026,TIGALAPANKAOS MANADO,MAMU BIOWASH,POPY SEED MAMU PDK L,0,7,0,0,36959,258713,258713
Okt-2026,TIGALAPANKAOS MANADO,MAMU BIOWASH,POPY SEED MAMU PDK L,0,7,0,0,36959,258713,258713
Jan-2026,TIGALAPANKAOS MANADO,MAMU BIOWASH,POPY SEED MAMU PDK M,0,8,0,0,38850,310800,0
Feb-2026,TIGALAPANKAOS MANADO,MAMU BIOWASH,POPY SEED MAMU PDK M,0,8,0,0,38850,310800,310800
Mar-2026,TIGALAPANKAOS MANADO,MAMU BIOWASH,POPY SEED MAMU PDK M,0,7,0,0,38850,271950,310800
Apr-2026,TIGALAPANKAOS MANADO,MAMU BIOWASH,POPY SEED MAMU PDK M,0,7,0,0,38850,271950,271950
Mei-2026,TIGALAPANKAOS MANADO,MAMU BIOWASH,POPY SEED MAMU PDK M,0,7,0,0,38850,271950,271950
Jun-2026,TIGALAPANKAOS MANADO,MAMU BIOWASH,POPY SEED MAMU PDK M,0,7,0,0,38850,271950,271950
Jul-2026,TIGALAPANKAOS MANADO,MAMU BIOWASH,POPY SEED MAMU PDK M,0,7,0,0,38850,271950,271950
Agu-2026,TIGALAPANKAOS MANADO,MAMU BIOWASH,POPY SEED MAMU PDK M,0,7,0,0,38850,271950,271950
Sep-2026,TIGALAPANKAOS MANADO,MAMU BIOWASH,POPY SEED MAMU PDK M,0,7,0,0,38850,271950,271950
Okt-2026,TIGALAPANKAOS MANADO,MAMU BIOWASH,POPY SEED MAMU PDK M,0,7,0,0,38850,271950,271950
Jan-2026,TIGALAPANKAOS MANADO,MAMU BIOWASH,POPY SEED MAMU PDK S,0,2,0,0,38850,77700,0
Feb-2026,TIGALAPANKAOS MANADO,MAMU BIOWASH,POPY SEED MAMU PDK S,0,2,0,0,38850,77700,77700
Mar-2026,TIGALAPANKAOS MANADO,MAMU BIOWASH,POPY SEED MAMU PDK S,0,2,0,0,38850,77700,77700
Apr-2026,TIGALAPANKAOS MANADO,MAMU BIOWASH,POPY SEED MAMU PDK S,0,2,0,0,38850,77700,77700
Mei-2026,TIGALAPANKAOS MANADO,MAMU BIOWASH,POPY SEED MAMU PDK S,0,2,0,0,38850,77700,77700
Jun-2026,TIGALAPANKAOS MANADO,MAMU BIOWASH,POPY SEED MAMU PDK S,0,1,0,0,38850,38850,77700
Jul-2026,TIGALAPANKAOS MANADO,MAMU BIOWASH,POPY SEED MAMU PDK S,0,1,0,0,38850,38850,38850
Agu-2026,TIGALAPANKAOS MANADO,MAMU BIOWASH,POPY SEED MAMU PDK S,0,1,0,0,38850,38850,38850
Sep-2026,TIGALAPANKAOS MANADO,MAMU BIOWASH,POPY SEED MAMU PDK S,0,1,0,0,38850,38850,38850
Okt-2026,TIGALAPANKAOS MANADO,MAMU BIOWASH,POPY SEED MAMU PDK S,0,1,0,0,38850,38850,38850
Jan-2026,TIGALAPANKAOS MANADO,MAMU BIOWASH,POPY SEED MAMU PDK XL,0,8,0,0,35635,285080,0
Feb-2026,TIGALAPANKAOS MANADO,MAMU BIOWASH,POPY SEED MAMU PDK XL,0,8,0,0,35635,285080,285080
Mar-2026,TIGALAPANKAOS MANADO,MAMU BIOWASH,POPY SEED MAMU PDK XL,35635,6,0,0,35635,213810,285080
Apr-2026,TIGALAPANKAOS MANADO,MAMU BIOWASH,POPY SEED MAMU PDK XL,35635,4,0,0,35635,142540,213810
Mei-2026,TIGALAPANKAOS MANADO,MAMU BIOWASH,POPY SEED MAMU PDK XL,0,4,0,0,35635,142540,142540
Jun-2026,TIGALAPANKAOS MANADO,MAMU BIOWASH,POPY SEED MAMU PDK XL,0,4,0,0,35635,142540,142540
Jul-2026,TIGALAPANKAOS MANADO,MAMU BIOWASH,POPY SEED MAMU PDK XL,0,4,0,0,35635,142540,142540
Agu-2026,TIGALAPANKAOS MANADO,MAMU BIOWASH,POPY SEED MAMU PDK XL,0,4,0,0,35635,142540,142540
Sep-2026,TIGALAPANKAOS MANADO,MAMU BIOWASH,POPY SEED MAMU PDK XL,35635,3,0,0,35635,106905,142540
Okt-2026,TIGALAPANKAOS MANADO,MAMU BIOWASH,POPY SEED MAMU PDK XL,0,3,0,0,35635,106905,106905
Okt-2026,TIGALAPANKAOS MANADO,MAMU BIOWASH,PUTIH NETRAL MAMU PDK L,0,0,7,0,75000,525000,0
Okt-2026,TIGALAPANKAOS MANADO,MAMU BIOWASH,PUTIH NETRAL MAMU PDK M,0,0,4,0,75000,300000,0
Okt-2026,TIGALAPANKAOS MANADO,MAMU BIOWASH,PUTIH NETRAL MAMU PDK XL,0,0,4,0,75000,300000,0
Jan-2026,TIGALAPANKAOS MANADO,MAMU BIOWASH,SENECA ROCK MAMU PDK 2XL,0,2,0,0,45173,90346,0
Feb-2026,TIGALAPANKAOS MANADO,MAMU BIOWASH,SENECA ROCK MAMU PDK 2XL,0,2,0,0,45173,90346,90346
Mar-2026,TIGALAPANKAOS MANADO,MAMU BIOWASH,SENECA ROCK MAMU PDK 2XL,90346,0,0,0,45173,0,90346
Okt-2026,TIGALAPANKAOS MANADO,MAMU BIOWASH,SENECA ROCK MAMU PDK 2XL,0,0,1,0,45173,45173,0
Jan-2026,TIGALAPANKAOS MANADO,MAMU BIOWASH,SENECA ROCK MAMU PDK L,0,11,0,0,35367,389037,0
Feb-2026,TIGALAPANKAOS MANADO,MAMU BIOWASH,SENECA ROCK MAMU PDK L,35367,10,0,0,35367,353670,389037
Mar-2026,TIGALAPANKAOS MANADO,MAMU BIOWASH,SENECA ROCK MAMU PDK L,106101,6,0,0,35367,212202,353670
Apr-2026,TIGALAPANKAOS MANADO,MAMU BIOWASH,SENECA ROCK MAMU PDK L,0,6,0,0,35367,212202,212202
Mei-2026,TIGALAPANKAOS MANADO,MAMU BIOWASH,SENECA ROCK MAMU PDK L,0,5,0,0,35367,176835,212202
Jun-2026,TIGALAPANKAOS MANADO,MAMU BIOWASH,SENECA ROCK MAMU PDK L,0,5,0,0,35367,176835,176835
Jul-2026,TIGALAPANKAOS MANADO,MAMU BIOWASH,SENECA ROCK MAMU PDK L,0,5,0,0,35367,176835,176835
Agu-2026,TIGALAPANKAOS MANADO,MAMU BIOWASH,SENECA ROCK MAMU PDK L,0,5,0,0,35367,176835,176835
Sep-2026,TIGALAPANKAOS MANADO,MAMU BIOWASH,SENECA ROCK MAMU PDK L,0,5,0,0,35367,176835,176835
Okt-2026,TIGALAPANKAOS MANADO,MAMU BIOWASH,SENECA ROCK MAMU PDK L,0,5,0,0,35367,176835,176835
Jan-2026,TIGALAPANKAOS MANADO,MAMU BIOWASH,SENECA ROCK MAMU PDK M,0,9,0,0,33775,303975,0
Feb-2026,TIGALAPANKAOS MANADO,MAMU BIOWASH,SENECA ROCK MAMU PDK M,0,9,0,0,33775,303975,303975
Mar-2026,TIGALAPANKAOS MANADO,MAMU BIOWASH,SENECA ROCK MAMU PDK M,0,8,0,0,33775,270200,303975
Apr-2026,TIGALAPANKAOS MANADO,MAMU BIOWASH,SENECA ROCK MAMU PDK M,0,8,0,0,33775,270200,270200
Mei-2026,TIGALAPANKAOS MANADO,MAMU BIOWASH,SENECA ROCK MAMU PDK M,0,7,0,0,33775,236425,270200
Jun-2026,TIGALAPANKAOS MANADO,MAMU BIOWASH,SENECA ROCK MAMU PDK M,0,7,0,0,33775,236425,236425
Jul-2026,TIGALAPANKAOS MANADO,MAMU BIOWASH,SENECA ROCK MAMU PDK M,0,7,0,0,33775,236425,236425
Agu-2026,TIGALAPANKAOS MANADO,MAMU BIOWASH,SENECA ROCK MAMU PDK M,0,7,0,0,33775,236425,236425
Sep-2026,TIGALAPANKAOS MANADO,MAMU BIOWASH,SENECA ROCK MAMU PDK M,0,7,0,0,33775,236425,236425
Okt-2026,TIGALAPANKAOS MANADO,MAMU BIOWASH,SENECA ROCK MAMU PDK M,0,7,0,0,33775,236425,236425
Jan-2026,TIGALAPANKAOS MANADO,MAMU BIOWASH,SENECA ROCK MAMU PDK S,0,2,0,0,38483,76966,0
Feb-2026,TIGALAPANKAOS MANADO,MAMU BIOWASH,SENECA ROCK MAMU PDK S,0,2,0,0,38483,76966,76966
Mar-2026,TIGALAPANKAOS MANADO,MAMU BIOWASH,SENECA ROCK MAMU PDK S,0,1,0,0,38483,38483,76966
Apr-2026,TIGALAPANKAOS MANADO,MAMU BIOWASH,SENECA ROCK MAMU PDK S,0,1,0,0,38483,38483,38483
Mei-2026,TIGALAPANKAOS MANADO,MAMU BIOWASH,SENECA ROCK MAMU PDK S,0,1,0,0,38483,38483,38483
Jun-2026,TIGALAPANKAOS MANADO,MAMU BIOWASH,SENECA ROCK MAMU PDK S,0,1,0,0,38483,38483,38483
Jul-2026,TIGALAPANKAOS MANADO,MAMU BIOWASH,SENECA ROCK MAMU PDK S,0,1,0,0,38483,38483,38483
Agu-2026,TIGALAPANKAOS MANADO,MAMU BIOWASH,SENECA ROCK MAMU PDK S,0,1,0,0,38483,38483,38483
Sep-2026,TIGALAPANKAOS MANADO,MAMU BIOWASH,SENECA ROCK MAMU PDK S,38483,0,0,0,38483,0,38483
Mar-2026,TIGALAPANKAOS MANADO,MAMU BIOWASH,SENECA ROCK MAMU PDK XL,0,2,0,0,34113,68226,0
Apr-2026,TIGALAPANKAOS MANADO,MAMU BIOWASH,SENECA ROCK MAMU PDK XL,34113,1,0,0,34113,34113,68226
Mei-2026,TIGALAPANKAOS MANADO,MAMU BIOWASH,SENECA ROCK MAMU PDK XL,0,1,0,0,34113,34113,34113
Jun-2026,TIGALAPANKAOS MANADO,MAMU BIOWASH,SENECA ROCK MAMU PDK XL,0,1,0,0,34113,34113,34113
Jul-2026,TIGALAPANKAOS MANADO,MAMU BIOWASH,SENECA ROCK MAMU PDK XL,0,1,0,0,34113,34113,34113
Agu-2026,TIGALAPANKAOS MANADO,MAMU BIOWASH,SENECA ROCK MAMU PDK XL,0,1,0,0,34113,34113,34113
Sep-2026,TIGALAPANKAOS MANADO,MAMU BIOWASH,SENECA ROCK MAMU PDK XL,0,1,0,0,34113,34113,34113
Okt-2026,TIGALAPANKAOS MANADO,MAMU BIOWASH,SENECA ROCK MAMU PDK XL,0,1,2,0,34113,102339,34113
Agu-2026,TIGALAPANKAOS MANADO,MAMU BIOWASH,SUGAR SWIZZLE MAMU PDK L,0,3,0,0,75000,225000,0
Sep-2026,TIGALAPANKAOS MANADO,MAMU BIOWASH,SUGAR SWIZZLE MAMU PDK L,65014,1,0,0,75000,75000,225000
Okt-2026,TIGALAPANKAOS MANADO,MAMU BIOWASH,SUGAR SWIZZLE MAMU PDK L,32507,0,4,0,75000,300000,75000
Agu-2026,TIGALAPANKAOS MANADO,MAMU BIOWASH,SUGAR SWIZZLE MAMU PDK M,0,3,0,0,75000,225000,0
Sep-2026,TIGALAPANKAOS MANADO,MAMU BIOWASH,SUGAR SWIZZLE MAMU PDK M,67488,1,0,0,75000,75000,225000
Okt-2026,TIGALAPANKAOS MANADO,MAMU BIOWASH,SUGAR SWIZZLE MAMU PDK M,0,1,2,0,75000,225000,75000
Agu-2026,TIGALAPANKAOS MANADO,MAMU BIOWASH,SUGAR SWIZZLE MAMU PDK XL,0,3,0,0,75000,225000,0
Sep-2026,TIGALAPANKAOS MANADO,MAMU BIOWASH,SUGAR SWIZZLE MAMU PDK XL,33744,2,0,0,75000,150000,225000
Okt-2026,TIGALAPANKAOS MANADO,MAMU BIOWASH,SUGAR SWIZZLE MAMU PDK XL,0,2,1,0,75000,225000,150000
Okt-2026,TIGALAPANKAOS PALU,MAMU BIOWASH,BERING SEA MAMU PDK L,0,9,0,0,75000,675000,0
Okt-2026,TIGALAPANKAOS PALU,MAMU BIOWASH,BERING SEA MAMU PDK M,0,5,0,0,75000,375000,0
Okt-2026,TIGALAPANKAOS PALU,MAMU BIOWASH,BERING SEA MAMU PDK XL,0,2,0,0,75000,150000,0
Jan-2026,TIGALAPANKAOS PALU,MAMU BIOWASH,BLACK NT MAMU PDK 2XL,34056,4,0,0,34056,136224,0
Feb-2026,TIGALAPANKAOS PALU,MAMU BIOWASH,BLACK NT MAMU PDK 2XL,0,4,0,0,34056,136224,136224
Mar-2026,TIGALAPANKAOS PALU,MAMU BIOWASH,BLACK NT MAMU PDK 2XL,136224,0,0,0,34056,0,136224
Jul-2026,TIGALAPANKAOS PALU,MAMU BIOWASH,BLACK NT MAMU PDK 2XL,0,1,0,0,34056,34056,0
Agu-2026,TIGALAPANKAOS PALU,MAMU BIOWASH,BLACK NT MAMU PDK 2XL,0,1,0,0,34056,34056,34056
Sep-2026,TIGALAPANKAOS PALU,MAMU BIOWASH,BLACK NT MAMU PDK 2XL,0,1,0,0,34056,34056,34056
Okt-2026,TIGALAPANKAOS PALU,MAMU BIOWASH,BLACK NT MAMU PDK 2XL,0,1,0,0,34056,34056,34056
Jan-2026,TIGALAPANKAOS PALU,MAMU BIOWASH,BLACK NT MAMU PDK L,33977,20,0,0,33977,679540,0
Feb-2026,TIGALAPANKAOS PALU,MAMU BIOWASH,BLACK NT MAMU PDK L,0,20,0,0,33977,679540,679540
Mar-2026,TIGALAPANKAOS PALU,MAMU BIOWASH,BLACK NT MAMU PDK L,543632,1,0,0,33977,33977,679540
Apr-2026,TIGALAPANKAOS PALU,MAMU BIOWASH,BLACK NT MAMU PDK L,33977,0,0,0,33977,0,33977
Jul-2026,TIGALAPANKAOS PALU,MAMU BIOWASH,BLACK NT MAMU PDK L,33596,3,0,0,33977,101931,0
Agu-2026,TIGALAPANKAOS PALU,MAMU BIOWASH,BLACK NT MAMU PDK L,66736,2,0,0,33977,67954,101931
Sep-2026,TIGALAPANKAOS PALU,MAMU BIOWASH,BLACK NT MAMU PDK L,81790,4,0,0,33977,135908,67954
Okt-2026,TIGALAPANKAOS PALU,MAMU BIOWASH,BLACK NT MAMU PDK L,30062,13,0,0,33977,441701,135908
Jul-2026,TIGALAPANKAOS PALU,MAMU BIOWASH,BLACK NT MAMU PDK M,0,5,0,0,32710,163550,0
Agu-2026,TIGALAPANKAOS PALU,MAMU BIOWASH,BLACK NT MAMU PDK M,33361,4,0,0,32710,130840,163550
Sep-2026,TIGALAPANKAOS PALU,MAMU BIOWASH,BLACK NT MAMU PDK M,0,4,0,0,32710,130840,130840
Okt-2026,TIGALAPANKAOS PALU,MAMU BIOWASH,BLACK NT MAMU PDK M,0,4,0,0,32710,130840,130840
Jan-2026,TIGALAPANKAOS PALU,MAMU BIOWASH,BLACK NT MAMU PDK S,0,3,0,0,33144,99432,0
Feb-2026,TIGALAPANKAOS PALU,MAMU BIOWASH,BLACK NT MAMU PDK S,33144,2,0,0,33144,66288,99432
Mar-2026,TIGALAPANKAOS PALU,MAMU BIOWASH,BLACK NT MAMU PDK S,33144,1,0,0,33144,33144,66288
Apr-2026,TIGALAPANKAOS PALU,MAMU BIOWASH,BLACK NT MAMU PDK S,33144,0,0,0,33144,0,33144
Jul-2026,TIGALAPANKAOS PALU,MAMU BIOWASH,BLACK NT MAMU PDK S,0,5,0,0,33144,165720,0
Agu-2026,TIGALAPANKAOS PALU,MAMU BIOWASH,BLACK NT MAMU PDK S,0,5,0,0,33144,165720,165720
Sep-2026,TIGALAPANKAOS PALU,MAMU BIOWASH,BLACK NT MAMU PDK S,0,5,0,0,33144,165720,165720
Okt-2026,TIGALAPANKAOS PALU,MAMU BIOWASH,BLACK NT MAMU PDK S,0,5,0,0,33144,165720,165720
Jan-2026,TIGALAPANKAOS PALU,MAMU BIOWASH,BLACK NT MAMU PDK XL,33144,2,0,0,33144,66288,0
Feb-2026,TIGALAPANKAOS PALU,MAMU BIOWASH,BLACK NT MAMU PDK XL,33144,0,0,0,33144,0,66288
Mei-2026,TIGALAPANKAOS PALU,MAMU BIOWASH,BLACK NT MAMU PDK XL,0,1,0,0,33144,33144,0
Jun-2026,TIGALAPANKAOS PALU,MAMU BIOWASH,BLACK NT MAMU PDK XL,0,0,0,0,33144,0,33144
Jul-2026,TIGALAPANKAOS PALU,MAMU BIOWASH,BLACK NT MAMU PDK XL,31460,5,0,0,33144,165720,0
Agu-2026,TIGALAPANKAOS PALU,MAMU BIOWASH,BLACK NT MAMU PDK XL,30338,5,0,0,33144,165720,165720
Sep-2026,TIGALAPANKAOS PALU,MAMU BIOWASH,BLACK NT MAMU PDK XL,0,4,0,0,33144,132576,165720
Okt-2026,TIGALAPANKAOS PALU,MAMU BIOWASH,BLACK NT MAMU PDK XL,31741,3,0,0,33144,99432,132576
Jan-2026,TIGALAPANKAOS PALU,MAMU BIOWASH,CROCODILE MAMU PDK 2XL,0,1,0,0,35756,35756,0
Feb-2026,TIGALAPANKAOS PALU,MAMU BIOWASH,CROCODILE MAMU PDK 2XL,0,1,0,0,35756,35756,35756
Mar-2026,TIGALAPANKAOS PALU,MAMU BIOWASH,CROCODILE MAMU PDK 2XL,0,1,0,0,35756,35756,35756
Apr-2026,TIGALAPANKAOS PALU,MAMU BIOWASH,CROCODILE MAMU PDK 2XL,0,1,0,0,35756,35756,35756
Mei-2026,TIGALAPANKAOS PALU,MAMU BIOWASH,CROCODILE MAMU PDK 2XL,0,1,0,0,35756,35756,35756
Jun-2026,TIGALAPANKAOS PALU,MAMU BIOWASH,CROCODILE MAMU PDK 2XL,0,1,0,0,35756,35756,35756
Jul-2026,TIGALAPANKAOS PALU,MAMU BIOWASH,CROCODILE MAMU PDK 2XL,0,1,0,0,35756,35756,35756
Agu-2026,TIGALAPANKAOS PALU,MAMU BIOWASH,CROCODILE MAMU PDK 2XL,35756,0,0,0,35756,0,35756
Jan-2026,TIGALAPANKAOS PALU,MAMU BIOWASH,CROCODILE MAMU PDK L,0,3,0,0,34471,103413,0
Feb-2026,TIGALAPANKAOS PALU,MAMU BIOWASH,CROCODILE MAMU PDK L,0,3,0,0,34471,103413,103413
Mar-2026,TIGALAPANKAOS PALU,MAMU BIOWASH,CROCODILE MAMU PDK L,68942,1,0,0,34471,34471,103413
Apr-2026,TIGALAPANKAOS PALU,MAMU BIOWASH,CROCODILE MAMU PDK L,34471,0,0,0,34471,0,34471
Jul-2026,TIGALAPANKAOS PALU,MAMU BIOWASH,CROCODILE MAMU PDK L,0,5,0,0,34471,172355,0
Agu-2026,TIGALAPANKAOS PALU,MAMU BIOWASH,CROCODILE MAMU PDK L,0,5,0,0,34471,172355,172355
Sep-2026,TIGALAPANKAOS PALU,MAMU BIOWASH,CROCODILE MAMU PDK L,33812,5,0,0,34471,172355,172355
Okt-2026,TIGALAPANKAOS PALU,MAMU BIOWASH,CROCODILE MAMU PDK L,0,9,0,0,34471,310239,172355
Jan-2026,TIGALAPANKAOS PALU,MAMU BIOWASH,CROCODILE MAMU PDK M,0,7,0,0,36874,258118,0
Feb-2026,TIGALAPANKAOS PALU,MAMU BIOWASH,CROCODILE MAMU PDK M,0,7,0,0,36874,258118,258118
Mar-2026,TIGALAPANKAOS PALU,MAMU BIOWASH,CROCODILE MAMU PDK M,73748,4,0,0,36874,147496,258118
Apr-2026,TIGALAPANKAOS PALU,MAMU BIOWASH,CROCODILE MAMU PDK M,0,4,0,0,36874,147496,147496
Mei-2026,TIGALAPANKAOS PALU,MAMU BIOWASH,CROCODILE MAMU PDK M,36874,3,0,0,36874,110622,147496
Jun-2026,TIGALAPANKAOS PALU,MAMU BIOWASH,CROCODILE MAMU PDK M,0,3,0,0,36874,110622,110622
Jul-2026,TIGALAPANKAOS PALU,MAMU BIOWASH,CROCODILE MAMU PDK M,0,5,0,0,36874,184370,110622
Agu-2026,TIGALAPANKAOS PALU,MAMU BIOWASH,CROCODILE MAMU PDK M,0,5,0,0,36874,184370,184370
Sep-2026,TIGALAPANKAOS PALU,MAMU BIOWASH,CROCODILE MAMU PDK M,0,5,0,0,36874,184370,184370
Okt-2026,TIGALAPANKAOS PALU,MAMU BIOWASH,CROCODILE MAMU PDK M,0,5,0,0,36874,184370,184370
Jan-2026,TIGALAPANKAOS PALU,MAMU BIOWASH,CROCODILE MAMU PDK S,0,3,0,0,35756,107268,0
Feb-2026,TIGALAPANKAOS PALU,MAMU BIOWASH,CROCODILE MAMU PDK S,0,3,0,0,35756,107268,107268
Mar-2026,TIGALAPANKAOS PALU,MAMU BIOWASH,CROCODILE MAMU PDK S,0,3,0,0,35756,107268,107268
Apr-2026,TIGALAPANKAOS PALU,MAMU BIOWASH,CROCODILE MAMU PDK S,0,3,0,0,35756,107268,107268
Mei-2026,TIGALAPANKAOS PALU,MAMU BIOWASH,CROCODILE MAMU PDK S,0,3,0,0,35756,107268,107268
Jun-2026,TIGALAPANKAOS PALU,MAMU BIOWASH,CROCODILE MAMU PDK S,0,3,0,0,35756,107268,107268
Jul-2026,TIGALAPANKAOS PALU,MAMU BIOWASH,CROCODILE MAMU PDK S,0,3,0,0,35756,107268,107268
Agu-2026,TIGALAPANKAOS PALU,MAMU BIOWASH,CROCODILE MAMU PDK S,0,3,0,0,35756,107268,107268
Sep-2026,TIGALAPANKAOS PALU,MAMU BIOWASH,CROCODILE MAMU PDK S,0,3,0,0,35756,107268,107268
Okt-2026,TIGALAPANKAOS PALU,MAMU BIOWASH,CROCODILE MAMU PDK S,0,3,0,0,35756,107268,107268
Jan-2026,TIGALAPANKAOS PALU,MAMU BIOWASH,CROCODILE MAMU PDK XL,0,2,0,0,36119,72238,0
Feb-2026,TIGALAPANKAOS PALU,MAMU BIOWASH,CROCODILE MAMU PDK XL,0,2,0,0,36119,72238,72238
Mar-2026,TIGALAPANKAOS PALU,MAMU BIOWASH,CROCODILE MAMU PDK XL,72238,0,0,0,36119,0,72238
Jul-2026,TIGALAPANKAOS PALU,MAMU BIOWASH,CROCODILE MAMU PDK XL,0,5,0,0,36119,180595,0
Agu-2026,TIGALAPANKAOS PALU,MAMU BIOWASH,CROCODILE MAMU PDK XL,-36119,5,0,0,36119,180595,180595
Sep-2026,TIGALAPANKAOS PALU,MAMU BIOWASH,CROCODILE MAMU PDK XL,0,6,0,0,36119,216714,180595
Okt-2026,TIGALAPANKAOS PALU,MAMU BIOWASH,CROCODILE MAMU PDK XL,0,6,0,0,36119,216714,216714
Jan-2026,TIGALAPANKAOS PALU,MAMU BIOWASH,NAVY MAMU PDK 2XL,0,2,0,0,36278,72556,0
Feb-2026,TIGALAPANKAOS PALU,MAMU BIOWASH,NAVY MAMU PDK 2XL,0,2,0,0,36278,72556,72556
Mar-2026,TIGALAPANKAOS PALU,MAMU BIOWASH,NAVY MAMU PDK 2XL,36278,1,0,0,36278,36278,72556
Apr-2026,TIGALAPANKAOS PALU,MAMU BIOWASH,NAVY MAMU PDK 2XL,0,1,0,0,36278,36278,36278
Mei-2026,TIGALAPANKAOS PALU,MAMU BIOWASH,NAVY MAMU PDK 2XL,0,1,0,0,36278,36278,36278
Jun-2026,TIGALAPANKAOS PALU,MAMU BIOWASH,NAVY MAMU PDK 2XL,36278,0,0,0,36278,0,36278
Jan-2026,TIGALAPANKAOS PALU,MAMU BIOWASH,NAVY MAMU PDK L,0,2,0,0,34651,69302,0
Feb-2026,TIGALAPANKAOS PALU,MAMU BIOWASH,NAVY MAMU PDK L,0,2,0,0,34651,69302,69302
Mar-2026,TIGALAPANKAOS PALU,MAMU BIOWASH,NAVY MAMU PDK L,69302,0,0,0,34651,0,69302
Jan-2026,TIGALAPANKAOS PALU,MAMU BIOWASH,NAVY MAMU PDK M,0,8,0,0,34238,273904,0
Feb-2026,TIGALAPANKAOS PALU,MAMU BIOWASH,NAVY MAMU PDK M,0,8,0,0,34238,273904,273904
Mar-2026,TIGALAPANKAOS PALU,MAMU BIOWASH,NAVY MAMU PDK M,102714,4,0,0,34238,136952,273904
Apr-2026,TIGALAPANKAOS PALU,MAMU BIOWASH,NAVY MAMU PDK M,34238,3,0,0,34238,102714,136952
Mei-2026,TIGALAPANKAOS PALU,MAMU BIOWASH,NAVY MAMU PDK M,34238,2,0,0,34238,68476,102714
Jun-2026,TIGALAPANKAOS PALU,MAMU BIOWASH,NAVY MAMU PDK M,34238,1,0,0,34238,34238,68476
Jul-2026,TIGALAPANKAOS PALU,MAMU BIOWASH,NAVY MAMU PDK M,0,1,0,0,34238,34238,34238
Agu-2026,TIGALAPANKAOS PALU,MAMU BIOWASH,NAVY MAMU PDK M,0,1,0,0,34238,34238,34238
Sep-2026,TIGALAPANKAOS PALU,MAMU BIOWASH,NAVY MAMU PDK M,0,1,0,0,34238,34238,34238
Okt-2026,TIGALAPANKAOS PALU,MAMU BIOWASH,NAVY MAMU PDK M,0,1,0,0,34238,34238,34238
Jan-2026,TIGALAPANKAOS PALU,MAMU BIOWASH,NAVY MAMU PDK S,35222,2,0,0,35222,70444,0
Feb-2026,TIGALAPANKAOS PALU,MAMU BIOWASH,NAVY MAMU PDK S,0,2,0,0,35222,70444,70444
Mar-2026,TIGALAPANKAOS PALU,MAMU BIOWASH,NAVY MAMU PDK S,70444,0,0,0,35222,0,70444
Jan-2026,TIGALAPANKAOS PALU,MAMU BIOWASH,NAVY MAMU PDK XL,0,8,0,0,40443,323544,0
Feb-2026,TIGALAPANKAOS PALU,MAMU BIOWASH,NAVY MAMU PDK XL,40443,7,0,0,40443,283101,323544
Mar-2026,TIGALAPANKAOS PALU,MAMU BIOWASH,NAVY MAMU PDK XL,40443,6,0,0,40443,242658,283101
Apr-2026,TIGALAPANKAOS PALU,MAMU BIOWASH,NAVY MAMU PDK XL,0,5,0,0,40443,202215,242658
Mei-2026,TIGALAPANKAOS PALU,MAMU BIOWASH,NAVY MAMU PDK XL,40443,4,0,0,40443,161772,202215
Jun-2026,TIGALAPANKAOS PALU,MAMU BIOWASH,NAVY MAMU PDK XL,0,4,0,0,40443,161772,161772
Jul-2026,TIGALAPANKAOS PALU,MAMU BIOWASH,NAVY MAMU PDK XL,40443,3,0,0,40443,121329,161772
Agu-2026,TIGALAPANKAOS PALU,MAMU BIOWASH,NAVY MAMU PDK XL,40443,3,0,0,40443,121329,121329
Sep-2026,TIGALAPANKAOS PALU,MAMU BIOWASH,NAVY MAMU PDK XL,0,2,0,0,40443,80886,121329
Okt-2026,TIGALAPANKAOS PALU,MAMU BIOWASH,NAVY MAMU PDK XL,0,2,0,0,40443,80886,80886
Okt-2026,TIGALAPANKAOS PALU,MAMU BIOWASH,PASTEL GREEN MAMU PDK L,0,9,0,0,75000,675000,0
Okt-2026,TIGALAPANKAOS PALU,MAMU BIOWASH,PASTEL GREEN MAMU PDK M,0,3,0,0,75000,225000,0
Okt-2026,TIGALAPANKAOS PALU,MAMU BIOWASH,PASTEL GREEN MAMU PDK XL,0,3,0,0,75000,225000,0
Jan-2026,TIGALAPANKAOS PALU,MAMU BIOWASH,POPY SEED MAMU PDK 2XL,0,1,0,0,43442,43442,0
Feb-2026,TIGALAPANKAOS PALU,MAMU BIOWASH,POPY SEED MAMU PDK 2XL,43442,0,0,0,43442,0,43442
Jan-2026,TIGALAPANKAOS PALU,MAMU BIOWASH,POPY SEED MAMU PDK L,36959,2,0,0,36959,73918,0
Feb-2026,TIGALAPANKAOS PALU,MAMU BIOWASH,POPY SEED MAMU PDK L,0,2,0,0,36959,73918,73918
Mar-2026,TIGALAPANKAOS PALU,MAMU BIOWASH,POPY SEED MAMU PDK L,73918,0,0,0,36959,0,73918
Jul-2026,TIGALAPANKAOS PALU,MAMU BIOWASH,POPY SEED MAMU PDK L,0,5,0,0,36959,184795,0
Agu-2026,TIGALAPANKAOS PALU,MAMU BIOWASH,POPY SEED MAMU PDK L,0,5,0,0,36959,184795,184795
Sep-2026,TIGALAPANKAOS PALU,MAMU BIOWASH,POPY SEED MAMU PDK L,33625,5,0,0,36959,184795,184795
Okt-2026,TIGALAPANKAOS PALU,MAMU BIOWASH,POPY SEED MAMU PDK L,33625,4,0,0,36959,147836,184795
Jan-2026,TIGALAPANKAOS PALU,MAMU BIOWASH,POPY SEED MAMU PDK M,38850,3,0,0,38850,116550,0
Feb-2026,TIGALAPANKAOS PALU,MAMU BIOWASH,POPY SEED MAMU PDK M,0,3,0,0,38850,116550,116550
Mar-2026,TIGALAPANKAOS PALU,MAMU BIOWASH,POPY SEED MAMU PDK M,77700,1,0,0,38850,38850,116550
Apr-2026,TIGALAPANKAOS PALU,MAMU BIOWASH,POPY SEED MAMU PDK M,38850,0,0,0,38850,0,38850
Jul-2026,TIGALAPANKAOS PALU,MAMU BIOWASH,POPY SEED MAMU PDK M,0,5,0,0,38850,194250,0
Agu-2026,TIGALAPANKAOS PALU,MAMU BIOWASH,POPY SEED MAMU PDK M,100875,2,0,0,38850,77700,194250
Sep-2026,TIGALAPANKAOS PALU,MAMU BIOWASH,POPY SEED MAMU PDK M,0,2,0,0,38850,77700,77700
Okt-2026,TIGALAPANKAOS PALU,MAMU BIOWASH,POPY SEED MAMU PDK M,0,2,0,0,38850,77700,77700
Jan-2026,TIGALAPANKAOS PALU,MAMU BIOWASH,POPY SEED MAMU PDK S,0,2,0,0,38850,77700,0
Feb-2026,TIGALAPANKAOS PALU,MAMU BIOWASH,POPY SEED MAMU PDK S,0,2,0,0,38850,77700,77700
Mar-2026,TIGALAPANKAOS PALU,MAMU BIOWASH,POPY SEED MAMU PDK S,38850,1,0,0,38850,38850,77700
Apr-2026,TIGALAPANKAOS PALU,MAMU BIOWASH,POPY SEED MAMU PDK S,0,1,0,0,38850,38850,38850
Mei-2026,TIGALAPANKAOS PALU,MAMU BIOWASH,POPY SEED MAMU PDK S,0,1,0,0,38850,38850,38850
Jun-2026,TIGALAPANKAOS PALU,MAMU BIOWASH,POPY SEED MAMU PDK S,0,1,0,0,38850,38850,38850
Jul-2026,TIGALAPANKAOS PALU,MAMU BIOWASH,POPY SEED MAMU PDK S,0,1,0,0,38850,38850,38850
Agu-2026,TIGALAPANKAOS PALU,MAMU BIOWASH,POPY SEED MAMU PDK S,0,1,0,0,38850,38850,38850
Sep-2026,TIGALAPANKAOS PALU,MAMU BIOWASH,POPY SEED MAMU PDK S,38850,0,0,0,38850,0,38850
Jan-2026,TIGALAPANKAOS PALU,MAMU BIOWASH,POPY SEED MAMU PDK XL,35635,4,0,0,35635,142540,0
Feb-2026,TIGALAPANKAOS PALU,MAMU BIOWASH,POPY SEED MAMU PDK XL,0,4,0,0,35635,142540,142540
Mar-2026,TIGALAPANKAOS PALU,MAMU BIOWASH,POPY SEED MAMU PDK XL,0,4,0,0,35635,142540,142540
Apr-2026,TIGALAPANKAOS PALU,MAMU BIOWASH,POPY SEED MAMU PDK XL,35635,3,0,0,35635,106905,142540
Mei-2026,TIGALAPANKAOS PALU,MAMU BIOWASH,POPY SEED MAMU PDK XL,35635,3,0,0,35635,106905,106905
Jun-2026,TIGALAPANKAOS PALU,MAMU BIOWASH,POPY SEED MAMU PDK XL,35635,1,0,0,35635,35635,106905
Jul-2026,TIGALAPANKAOS PALU,MAMU BIOWASH,POPY SEED MAMU PDK XL,35635,4,0,0,35635,142540,35635
Agu-2026,TIGALAPANKAOS PALU,MAMU BIOWASH,POPY SEED MAMU PDK XL,33625,5,0,0,35635,178175,142540
Sep-2026,TIGALAPANKAOS PALU,MAMU BIOWASH,POPY SEED MAMU PDK XL,0,4,0,0,35635,142540,178175
Okt-2026,TIGALAPANKAOS PALU,MAMU BIOWASH,POPY SEED MAMU PDK XL,0,4,0,0,35635,142540,142540
Okt-2026,TIGALAPANKAOS PALU,MAMU BIOWASH,PUTIH NETRAL MAMU PDK L,0,10,0,0,75000,750000,0
Okt-2026,TIGALAPANKAOS PALU,MAMU BIOWASH,PUTIH NETRAL MAMU PDK M,0,8,0,0,75000,600000,0
Okt-2026,TIGALAPANKAOS PALU,MAMU BIOWASH,PUTIH NETRAL MAMU PDK XL,0,9,0,0,75000,675000,0
Jan-2026,TIGALAPANKAOS PALU,MAMU BIOWASH,SENECA ROCK MAMU PDK L,35367,0,0,0,35367,0,0
Jul-2026,TIGALAPANKAOS PALU,MAMU BIOWASH,SENECA ROCK MAMU PDK L,0,3,0,0,35367,106101,0
Agu-2026,TIGALAPANKAOS PALU,MAMU BIOWASH,SENECA ROCK MAMU PDK L,64716,2,0,0,35367,70734,106101
Sep-2026,TIGALAPANKAOS PALU,MAMU BIOWASH,SENECA ROCK MAMU PDK L,97074,1,0,0,35367,35367,70734
Okt-2026,TIGALAPANKAOS PALU,MAMU BIOWASH,SENECA ROCK MAMU PDK L,0,9,0,0,35367,318303,35367
Jan-2026,TIGALAPANKAOS PALU,MAMU BIOWASH,SENECA ROCK MAMU PDK M,67550,0,0,0,33775,0,0
Jul-2026,TIGALAPANKAOS PALU,MAMU BIOWASH,SENECA ROCK MAMU PDK M,0,3,0,0,33775,101325,0
Agu-2026,TIGALAPANKAOS PALU,MAMU BIOWASH,SENECA ROCK MAMU PDK M,0,3,0,0,33775,101325,101325
Sep-2026,TIGALAPANKAOS PALU,MAMU BIOWASH,SENECA ROCK MAMU PDK M,0,3,0,0,33775,101325,101325
Okt-2026,TIGALAPANKAOS PALU,MAMU BIOWASH,SENECA ROCK MAMU PDK M,0,5,0,0,33775,168875,101325
Jul-2026,TIGALAPANKAOS PALU,MAMU BIOWASH,SENECA ROCK MAMU PDK S,0,3,0,0,38483,115449,0
Agu-2026,TIGALAPANKAOS PALU,MAMU BIOWASH,SENECA ROCK MAMU PDK S,33050,3,0,0,38483,115449,115449
Sep-2026,TIGALAPANKAOS PALU,MAMU BIOWASH,SENECA ROCK MAMU PDK S,0,2,0,0,38483,76966,115449
Okt-2026,TIGALAPANKAOS PALU,MAMU BIOWASH,SENECA ROCK MAMU PDK S,0,2,0,0,38483,76966,76966
Jan-2026,TIGALAPANKAOS PALU,MAMU BIOWASH,SENECA ROCK MAMU PDK XL,34113,3,0,0,34113,102339,0
Feb-2026,TIGALAPANKAOS PALU,MAMU BIOWASH,SENECA ROCK MAMU PDK XL,34113,1,0,0,34113,34113,102339
Mar-2026,TIGALAPANKAOS PALU,MAMU BIOWASH,SENECA ROCK MAMU PDK XL,34113,0,0,0,34113,0,34113
Jul-2026,TIGALAPANKAOS PALU,MAMU BIOWASH,SENECA ROCK MAMU PDK XL,0,3,0,0,34113,102339,0
Agu-2026,TIGALAPANKAOS PALU,MAMU BIOWASH,SENECA ROCK MAMU PDK XL,66100,2,0,0,34113,68226,102339
Sep-2026,TIGALAPANKAOS PALU,MAMU BIOWASH,SENECA ROCK MAMU PDK XL,33050,3,0,0,34113,102339,68226
Okt-2026,TIGALAPANKAOS PALU,MAMU BIOWASH,SENECA ROCK MAMU PDK XL,33050,5,0,0,34113,170565,102339
Jul-2026,TIGALAPANKAOS PALU,MAMU BIOWASH,SUGAR SWIZZLE MAMU PDK L,32507,3,0,0,75000,225000,0
Agu-2026,TIGALAPANKAOS PALU,MAMU BIOWASH,SUGAR SWIZZLE MAMU PDK L,65014,1,0,0,75000,75000,225000
Sep-2026,TIGALAPANKAOS PALU,MAMU BIOWASH,SUGAR SWIZZLE MAMU PDK L,97521,1,0,0,75000,75000,75000
Okt-2026,TIGALAPANKAOS PALU,MAMU BIOWASH,SUGAR SWIZZLE MAMU PDK L,0,9,0,0,75000,675000,75000
Jul-2026,TIGALAPANKAOS PALU,MAMU BIOWASH,SUGAR SWIZZLE MAMU PDK M,33744,3,0,0,75000,225000,0
Agu-2026,TIGALAPANKAOS PALU,MAMU BIOWASH,SUGAR SWIZZLE MAMU PDK M,0,2,0,0,75000,150000,225000
Sep-2026,TIGALAPANKAOS PALU,MAMU BIOWASH,SUGAR SWIZZLE MAMU PDK M,33744,3,0,0,75000,225000,150000
Okt-2026,TIGALAPANKAOS PALU,MAMU BIOWASH,SUGAR SWIZZLE MAMU PDK M,33744,4,0,0,75000,300000,225000
Jul-2026,TIGALAPANKAOS PALU,MAMU BIOWASH,SUGAR SWIZZLE MAMU PDK XL,0,3,0,0,75000,225000,0
Agu-2026,TIGALAPANKAOS PALU,MAMU BIOWASH,SUGAR SWIZZLE MAMU PDK XL,101232,1,0,0,75000,75000,225000
Sep-2026,TIGALAPANKAOS PALU,MAMU BIOWASH,SUGAR SWIZZLE MAMU PDK XL,0,3,0,0,75000,225000,75000
Okt-2026,TIGALAPANKAOS PALU,MAMU BIOWASH,SUGAR SWIZZLE MAMU PDK XL,0,6,0,0,75000,450000,225000
Agu-2026,TIGALAPANKAOS POLMAN,MAMU BIOWASH,BLACK NT MAMU PDK L,0,3,0,0,33977,101931,0
Sep-2026,TIGALAPANKAOS POLMAN,MAMU BIOWASH,BLACK NT MAMU PDK L,0,0,0,0,33977,0,101931
Agu-2026,TIGALAPANKAOS POLMAN,MAMU BIOWASH,BLACK NT MAMU PDK XL,0,3,0,0,33144,99432,0
Sep-2026,TIGALAPANKAOS POLMAN,MAMU BIOWASH,BLACK NT MAMU PDK XL,0,0,0,0,33144,0,99432
Agu-2026,TIGALAPANKAOS POLMAN,MAMU BIOWASH,CROCODILE MAMU PDK L,0,3,0,0,34471,103413,0
Sep-2026,TIGALAPANKAOS POLMAN,MAMU BIOWASH,CROCODILE MAMU PDK L,0,0,0,0,34471,0,103413
Agu-2026,TIGALAPANKAOS POLMAN,MAMU BIOWASH,POPY SEED MAMU PDK L,0,3,0,0,36959,110877,0
Sep-2026,TIGALAPANKAOS POLMAN,MAMU BIOWASH,POPY SEED MAMU PDK L,0,0,0,0,36959,0,110877
Agu-2026,TIGALAPANKAOS POLMAN,MAMU BIOWASH,SENECA ROCK MAMU PDK L,0,3,0,0,35367,106101,0
Sep-2026,TIGALAPANKAOS POLMAN,MAMU BIOWASH,SENECA ROCK MAMU PDK L,0,0,0,0,35367,0,106101
Agu-2026,TIGALAPANKAOS POLMAN,MAMU BIOWASH,SENECA ROCK MAMU PDK XL,0,3,0,0,34113,102339,0
Sep-2026,TIGALAPANKAOS POLMAN,MAMU BIOWASH,SENECA ROCK MAMU PDK XL,0,0,0,0,34113,0,102339
Agu-2026,TIGALAPANKAOS POLMAN,MAMU BIOWASH,SUGAR SWIZZLE MAMU PDK L,0,3,0,0,75000,225000,0
Sep-2026,TIGALAPANKAOS POLMAN,MAMU BIOWASH,SUGAR SWIZZLE MAMU PDK L,0,0,0,0,75000,0,225000
Okt-2026,TIGALAPANKAOS POLMAN,MAMU BIOWASH,SUGAR SWIZZLE MAMU PDK L,32507,0,0,0,75000,0,0
Agu-2026,TIGALAPANKAOS POLMAN,MAMU BIOWASH,SUGAR SWIZZLE MAMU PDK M,0,3,0,0,75000,225000,0
Sep-2026,TIGALAPANKAOS POLMAN,MAMU BIOWASH,SUGAR SWIZZLE MAMU PDK M,0,0,0,0,75000,0,225000
Agu-2026,TIGALAPANKAOS POLMAN,MAMU BIOWASH,SUGAR SWIZZLE MAMU PDK XL,0,3,0,0,75000,225000,0
Sep-2026,TIGALAPANKAOS POLMAN,MAMU BIOWASH,SUGAR SWIZZLE MAMU PDK XL,0,0,0,0,75000,0,225000
Okt-2026,TIGALAPANKAOS SAMARINDA,MAMU BIOWASH,BERING SEA MAMU PDK L,0,0,5,0,75000,375000,0
Jan-2026,TIGALAPANKAOS SAMARINDA,MAMU BIOWASH,BLACK NT MAMU PDK 2XL,0,4,0,0,34056,136224,0
Feb-2026,TIGALAPANKAOS SAMARINDA,MAMU BIOWASH,BLACK NT MAMU PDK 2XL,0,4,0,0,34056,136224,136224
Mar-2026,TIGALAPANKAOS SAMARINDA,MAMU BIOWASH,BLACK NT MAMU PDK 2XL,68112,2,0,0,34056,68112,136224
Apr-2026,TIGALAPANKAOS SAMARINDA,MAMU BIOWASH,BLACK NT MAMU PDK 2XL,34056,1,0,0,34056,34056,68112
Mei-2026,TIGALAPANKAOS SAMARINDA,MAMU BIOWASH,BLACK NT MAMU PDK 2XL,34056,0,0,0,34056,0,34056
Jan-2026,TIGALAPANKAOS SAMARINDA,MAMU BIOWASH,BLACK NT MAMU PDK L,0,29,0,0,33977,985333,0
Feb-2026,TIGALAPANKAOS SAMARINDA,MAMU BIOWASH,BLACK NT MAMU PDK L,0,29,0,0,33977,985333,985333
Mar-2026,TIGALAPANKAOS SAMARINDA,MAMU BIOWASH,BLACK NT MAMU PDK L,33977,24,0,0,33977,815448,985333
Apr-2026,TIGALAPANKAOS SAMARINDA,MAMU BIOWASH,BLACK NT MAMU PDK L,0,24,0,0,33977,815448,815448
Mei-2026,TIGALAPANKAOS SAMARINDA,MAMU BIOWASH,BLACK NT MAMU PDK L,0,24,0,0,33977,815448,815448
Jun-2026,TIGALAPANKAOS SAMARINDA,MAMU BIOWASH,BLACK NT MAMU PDK L,33977,23,0,0,33977,781471,815448
Jul-2026,TIGALAPANKAOS SAMARINDA,MAMU BIOWASH,BLACK NT MAMU PDK L,0,23,0,0,33977,781471,781471
Agu-2026,TIGALAPANKAOS SAMARINDA,MAMU BIOWASH,BLACK NT MAMU PDK L,169885,20,0,0,33977,679540,781471
Sep-2026,TIGALAPANKAOS SAMARINDA,MAMU BIOWASH,BLACK NT MAMU PDK L,33977,17,0,0,33977,577609,679540
Okt-2026,TIGALAPANKAOS SAMARINDA,MAMU BIOWASH,BLACK NT MAMU PDK L,169885,13,0,0,33977,441701,577609
Jan-2026,TIGALAPANKAOS SAMARINDA,MAMU BIOWASH,BLACK NT MAMU PDK M,32710,8,0,0,32710,261680,0
Feb-2026,TIGALAPANKAOS SAMARINDA,MAMU BIOWASH,BLACK NT MAMU PDK M,98130,5,0,0,32710,163550,261680
Mar-2026,TIGALAPANKAOS SAMARINDA,MAMU BIOWASH,BLACK NT MAMU PDK M,0,5,0,0,32710,163550,163550
Apr-2026,TIGALAPANKAOS SAMARINDA,MAMU BIOWASH,BLACK NT MAMU PDK M,130840,2,0,0,32710,65420,163550
Mei-2026,TIGALAPANKAOS SAMARINDA,MAMU BIOWASH,BLACK NT MAMU PDK M,32710,0,0,0,32710,0,65420
Jan-2026,TIGALAPANKAOS SAMARINDA,MAMU BIOWASH,BLACK NT MAMU PDK S,33144,4,0,0,33144,132576,0
Feb-2026,TIGALAPANKAOS SAMARINDA,MAMU BIOWASH,BLACK NT MAMU PDK S,0,4,0,0,33144,132576,132576
Mar-2026,TIGALAPANKAOS SAMARINDA,MAMU BIOWASH,BLACK NT MAMU PDK S,0,4,0,0,33144,132576,132576
Apr-2026,TIGALAPANKAOS SAMARINDA,MAMU BIOWASH,BLACK NT MAMU PDK S,33144,3,0,0,33144,99432,132576
Mei-2026,TIGALAPANKAOS SAMARINDA,MAMU BIOWASH,BLACK NT MAMU PDK S,66288,1,0,0,33144,33144,99432
Jun-2026,TIGALAPANKAOS SAMARINDA,MAMU BIOWASH,BLACK NT MAMU PDK S,33144,0,0,0,33144,0,33144
Jan-2026,TIGALAPANKAOS SAMARINDA,MAMU BIOWASH,BLACK NT MAMU PDK XL,33144,10,0,0,33144,331440,0
Feb-2026,TIGALAPANKAOS SAMARINDA,MAMU BIOWASH,BLACK NT MAMU PDK XL,0,10,0,0,33144,331440,331440
Mar-2026,TIGALAPANKAOS SAMARINDA,MAMU BIOWASH,BLACK NT MAMU PDK XL,132576,5,0,0,33144,165720,331440
Apr-2026,TIGALAPANKAOS SAMARINDA,MAMU BIOWASH,BLACK NT MAMU PDK XL,0,5,0,0,33144,165720,165720
Mei-2026,TIGALAPANKAOS SAMARINDA,MAMU BIOWASH,BLACK NT MAMU PDK XL,66288,3,0,0,33144,99432,165720
Jun-2026,TIGALAPANKAOS SAMARINDA,MAMU BIOWASH,BLACK NT MAMU PDK XL,33144,2,0,0,33144,66288,99432
Jul-2026,TIGALAPANKAOS SAMARINDA,MAMU BIOWASH,BLACK NT MAMU PDK XL,66288,0,0,0,33144,0,66288
Jan-2026,TIGALAPANKAOS SAMARINDA,MAMU BIOWASH,CROCODILE MAMU PDK 2XL,0,3,0,0,35756,107268,0
Feb-2026,TIGALAPANKAOS SAMARINDA,MAMU BIOWASH,CROCODILE MAMU PDK 2XL,0,3,0,0,35756,107268,107268
Mar-2026,TIGALAPANKAOS SAMARINDA,MAMU BIOWASH,CROCODILE MAMU PDK 2XL,0,3,0,0,35756,107268,107268
Apr-2026,TIGALAPANKAOS SAMARINDA,MAMU BIOWASH,CROCODILE MAMU PDK 2XL,0,2,0,0,35756,71512,107268
Mei-2026,TIGALAPANKAOS SAMARINDA,MAMU BIOWASH,CROCODILE MAMU PDK 2XL,35756,1,0,0,35756,35756,71512
Jun-2026,TIGALAPANKAOS SAMARINDA,MAMU BIOWASH,CROCODILE MAMU PDK 2XL,0,1,0,0,35756,35756,35756
Jul-2026,TIGALAPANKAOS SAMARINDA,MAMU BIOWASH,CROCODILE MAMU PDK 2XL,35756,0,0,0,35756,0,35756
Jan-2026,TIGALAPANKAOS SAMARINDA,MAMU BIOWASH,CROCODILE MAMU PDK L,0,12,0,0,34471,413652,0
Feb-2026,TIGALAPANKAOS SAMARINDA,MAMU BIOWASH,CROCODILE MAMU PDK L,0,12,0,0,34471,413652,413652
Mar-2026,TIGALAPANKAOS SAMARINDA,MAMU BIOWASH,CROCODILE MAMU PDK L,0,12,0,0,34471,413652,413652
Apr-2026,TIGALAPANKAOS SAMARINDA,MAMU BIOWASH,CROCODILE MAMU PDK L,0,12,0,0,34471,413652,413652
Mei-2026,TIGALAPANKAOS SAMARINDA,MAMU BIOWASH,CROCODILE MAMU PDK L,0,12,0,0,34471,413652,413652
Jun-2026,TIGALAPANKAOS SAMARINDA,MAMU BIOWASH,CROCODILE MAMU PDK L,0,12,0,0,34471,413652,413652
Jul-2026,TIGALAPANKAOS SAMARINDA,MAMU BIOWASH,CROCODILE MAMU PDK L,0,12,0,0,34471,413652,413652
Agu-2026,TIGALAPANKAOS SAMARINDA,MAMU BIOWASH,CROCODILE MAMU PDK L,34471,11,0,0,34471,379181,413652
Sep-2026,TIGALAPANKAOS SAMARINDA,MAMU BIOWASH,CROCODILE MAMU PDK L,68942,10,0,0,34471,344710,379181
Okt-2026,TIGALAPANKAOS SAMARINDA,MAMU BIOWASH,CROCODILE MAMU PDK L,0,9,0,0,34471,310239,344710
Jan-2026,TIGALAPANKAOS SAMARINDA,MAMU BIOWASH,CROCODILE MAMU PDK M,36874,7,0,0,36874,258118,0
Feb-2026,TIGALAPANKAOS SAMARINDA,MAMU BIOWASH,CROCODILE MAMU PDK M,36874,6,0,0,36874,221244,258118
Mar-2026,TIGALAPANKAOS SAMARINDA,MAMU BIOWASH,CROCODILE MAMU PDK M,0,5,0,0,36874,184370,221244
Apr-2026,TIGALAPANKAOS SAMARINDA,MAMU BIOWASH,CROCODILE MAMU PDK M,36874,4,0,0,36874,147496,184370
Mei-2026,TIGALAPANKAOS SAMARINDA,MAMU BIOWASH,CROCODILE MAMU PDK M,0,3,0,0,36874,110622,147496
Jun-2026,TIGALAPANKAOS SAMARINDA,MAMU BIOWASH,CROCODILE MAMU PDK M,0,4,0,0,36874,147496,110622
Jul-2026,TIGALAPANKAOS SAMARINDA,MAMU BIOWASH,CROCODILE MAMU PDK M,0,4,0,0,36874,147496,147496
Agu-2026,TIGALAPANKAOS SAMARINDA,MAMU BIOWASH,CROCODILE MAMU PDK M,36874,4,0,0,36874,147496,147496
Sep-2026,TIGALAPANKAOS SAMARINDA,MAMU BIOWASH,CROCODILE MAMU PDK M,0,3,0,0,36874,110622,147496
Okt-2026,TIGALAPANKAOS SAMARINDA,MAMU BIOWASH,CROCODILE MAMU PDK M,0,3,0,0,36874,110622,110622
Jan-2026,TIGALAPANKAOS SAMARINDA,MAMU BIOWASH,CROCODILE MAMU PDK S,0,3,0,0,35756,107268,0
Feb-2026,TIGALAPANKAOS SAMARINDA,MAMU BIOWASH,CROCODILE MAMU PDK S,0,3,0,0,35756,107268,107268
Mar-2026,TIGALAPANKAOS SAMARINDA,MAMU BIOWASH,CROCODILE MAMU PDK S,0,3,0,0,35756,107268,107268
Apr-2026,TIGALAPANKAOS SAMARINDA,MAMU BIOWASH,CROCODILE MAMU PDK S,0,2,0,0,35756,71512,107268
Mei-2026,TIGALAPANKAOS SAMARINDA,MAMU BIOWASH,CROCODILE MAMU PDK S,0,2,0,0,35756,71512,71512
Jun-2026,TIGALAPANKAOS SAMARINDA,MAMU BIOWASH,CROCODILE MAMU PDK S,0,2,0,0,35756,71512,71512
Jul-2026,TIGALAPANKAOS SAMARINDA,MAMU BIOWASH,CROCODILE MAMU PDK S,0,2,0,0,35756,71512,71512
Agu-2026,TIGALAPANKAOS SAMARINDA,MAMU BIOWASH,CROCODILE MAMU PDK S,0,2,0,0,35756,71512,71512
Sep-2026,TIGALAPANKAOS SAMARINDA,MAMU BIOWASH,CROCODILE MAMU PDK S,0,2,0,0,35756,71512,71512
Okt-2026,TIGALAPANKAOS SAMARINDA,MAMU BIOWASH,CROCODILE MAMU PDK S,0,2,0,0,35756,71512,71512
Jan-2026,TIGALAPANKAOS SAMARINDA,MAMU BIOWASH,CROCODILE MAMU PDK XL,36119,2,0,0,36119,72238,0
Feb-2026,TIGALAPANKAOS SAMARINDA,MAMU BIOWASH,CROCODILE MAMU PDK XL,0,2,0,0,36119,72238,72238
Mar-2026,TIGALAPANKAOS SAMARINDA,MAMU BIOWASH,CROCODILE MAMU PDK XL,0,2,0,0,36119,72238,72238
Apr-2026,TIGALAPANKAOS SAMARINDA,MAMU BIOWASH,CROCODILE MAMU PDK XL,0,2,0,0,36119,72238,72238
Mei-2026,TIGALAPANKAOS SAMARINDA,MAMU BIOWASH,CROCODILE MAMU PDK XL,0,2,0,0,36119,72238,72238
Jun-2026,TIGALAPANKAOS SAMARINDA,MAMU BIOWASH,CROCODILE MAMU PDK XL,0,2,0,0,36119,72238,72238
Jul-2026,TIGALAPANKAOS SAMARINDA,MAMU BIOWASH,CROCODILE MAMU PDK XL,0,2,0,0,36119,72238,72238
Agu-2026,TIGALAPANKAOS SAMARINDA,MAMU BIOWASH,CROCODILE MAMU PDK XL,0,2,0,0,36119,72238,72238
Sep-2026,TIGALAPANKAOS SAMARINDA,MAMU BIOWASH,CROCODILE MAMU PDK XL,36119,1,0,0,36119,36119,72238
Okt-2026,TIGALAPANKAOS SAMARINDA,MAMU BIOWASH,CROCODILE MAMU PDK XL,0,1,0,0,36119,36119,36119
Jan-2026,TIGALAPANKAOS SAMARINDA,MAMU BIOWASH,NAVY MAMU PDK 2XL,0,2,0,0,36278,72556,0
Feb-2026,TIGALAPANKAOS SAMARINDA,MAMU BIOWASH,NAVY MAMU PDK 2XL,0,2,0,0,36278,72556,72556
Mar-2026,TIGALAPANKAOS SAMARINDA,MAMU BIOWASH,NAVY MAMU PDK 2XL,36278,1,0,0,36278,36278,72556
Apr-2026,TIGALAPANKAOS SAMARINDA,MAMU BIOWASH,NAVY MAMU PDK 2XL,36278,0,0,0,36278,0,36278
Jan-2026,TIGALAPANKAOS SAMARINDA,MAMU BIOWASH,NAVY MAMU PDK L,0,7,0,0,34651,242557,0
Feb-2026,TIGALAPANKAOS SAMARINDA,MAMU BIOWASH,NAVY MAMU PDK L,0,7,0,0,34651,242557,242557
Mar-2026,TIGALAPANKAOS SAMARINDA,MAMU BIOWASH,NAVY MAMU PDK L,34651,7,0,0,34651,242557,242557
Apr-2026,TIGALAPANKAOS SAMARINDA,MAMU BIOWASH,NAVY MAMU PDK L,0,6,0,0,34651,207906,242557
Mei-2026,TIGALAPANKAOS SAMARINDA,MAMU BIOWASH,NAVY MAMU PDK L,173255,1,0,0,34651,34651,207906
Jun-2026,TIGALAPANKAOS SAMARINDA,MAMU BIOWASH,NAVY MAMU PDK L,0,1,0,0,34651,34651,34651
Jul-2026,TIGALAPANKAOS SAMARINDA,MAMU BIOWASH,NAVY MAMU PDK L,0,1,0,0,34651,34651,34651
Agu-2026,TIGALAPANKAOS SAMARINDA,MAMU BIOWASH,NAVY MAMU PDK L,0,1,0,0,34651,34651,34651
Sep-2026,TIGALAPANKAOS SAMARINDA,MAMU BIOWASH,NAVY MAMU PDK L,34651,1,0,0,34651,34651,34651
Okt-2026,TIGALAPANKAOS SAMARINDA,MAMU BIOWASH,NAVY MAMU PDK L,0,0,0,0,34651,0,34651
Jan-2026,TIGALAPANKAOS SAMARINDA,MAMU BIOWASH,NAVY MAMU PDK M,0,8,0,0,34238,273904,0
Feb-2026,TIGALAPANKAOS SAMARINDA,MAMU BIOWASH,NAVY MAMU PDK M,34238,7,0,0,34238,239666,273904
Mar-2026,TIGALAPANKAOS SAMARINDA,MAMU BIOWASH,NAVY MAMU PDK M,34238,7,0,0,34238,239666,239666
Apr-2026,TIGALAPANKAOS SAMARINDA,MAMU BIOWASH,NAVY MAMU PDK M,0,6,0,0,34238,205428,239666
Mei-2026,TIGALAPANKAOS SAMARINDA,MAMU BIOWASH,NAVY MAMU PDK M,0,6,0,0,34238,205428,205428
Jun-2026,TIGALAPANKAOS SAMARINDA,MAMU BIOWASH,NAVY MAMU PDK M,0,6,0,0,34238,205428,205428
Jul-2026,TIGALAPANKAOS SAMARINDA,MAMU BIOWASH,NAVY MAMU PDK M,0,6,0,0,34238,205428,205428
Agu-2026,TIGALAPANKAOS SAMARINDA,MAMU BIOWASH,NAVY MAMU PDK M,34238,6,0,0,34238,205428,205428
Sep-2026,TIGALAPANKAOS SAMARINDA,MAMU BIOWASH,NAVY MAMU PDK M,0,5,0,0,34238,171190,205428
Okt-2026,TIGALAPANKAOS SAMARINDA,MAMU BIOWASH,NAVY MAMU PDK M,0,5,0,0,34238,171190,171190
Jan-2026,TIGALAPANKAOS SAMARINDA,MAMU BIOWASH,NAVY MAMU PDK S,0,3,0,0,35222,105666,0
Feb-2026,TIGALAPANKAOS SAMARINDA,MAMU BIOWASH,NAVY MAMU PDK S,0,3,0,0,35222,105666,105666
Mar-2026,TIGALAPANKAOS SAMARINDA,MAMU BIOWASH,NAVY MAMU PDK S,0,3,0,0,35222,105666,105666
Apr-2026,TIGALAPANKAOS SAMARINDA,MAMU BIOWASH,NAVY MAMU PDK S,0,3,0,0,35222,105666,105666
Mei-2026,TIGALAPANKAOS SAMARINDA,MAMU BIOWASH,NAVY MAMU PDK S,35222,2,0,0,35222,70444,105666
Jun-2026,TIGALAPANKAOS SAMARINDA,MAMU BIOWASH,NAVY MAMU PDK S,35222,1,0,0,35222,35222,70444
Jul-2026,TIGALAPANKAOS SAMARINDA,MAMU BIOWASH,NAVY MAMU PDK S,0,1,0,0,35222,35222,35222
Agu-2026,TIGALAPANKAOS SAMARINDA,MAMU BIOWASH,NAVY MAMU PDK S,0,1,0,0,35222,35222,35222
Sep-2026,TIGALAPANKAOS SAMARINDA,MAMU BIOWASH,NAVY MAMU PDK S,0,1,0,0,35222,35222,35222
Okt-2026,TIGALAPANKAOS SAMARINDA,MAMU BIOWASH,NAVY MAMU PDK S,0,1,0,0,35222,35222,35222
Jan-2026,TIGALAPANKAOS SAMARINDA,MAMU BIOWASH,NAVY MAMU PDK XL,0,7,0,0,40443,283101,0
Feb-2026,TIGALAPANKAOS SAMARINDA,MAMU BIOWASH,NAVY MAMU PDK XL,40443,6,0,0,40443,242658,283101
Mar-2026,TIGALAPANKAOS SAMARINDA,MAMU BIOWASH,NAVY MAMU PDK XL,40443,5,0,0,40443,202215,242658
Apr-2026,TIGALAPANKAOS SAMARINDA,MAMU BIOWASH,NAVY MAMU PDK XL,40443,4,0,0,40443,161772,202215
Mei-2026,TIGALAPANKAOS SAMARINDA,MAMU BIOWASH,NAVY MAMU PDK XL,80886,2,0,0,40443,80886,161772
Jun-2026,TIGALAPANKAOS SAMARINDA,MAMU BIOWASH,NAVY MAMU PDK XL,0,2,0,0,40443,80886,80886
Jul-2026,TIGALAPANKAOS SAMARINDA,MAMU BIOWASH,NAVY MAMU PDK XL,40443,1,0,0,40443,40443,80886
Agu-2026,TIGALAPANKAOS SAMARINDA,MAMU BIOWASH,NAVY MAMU PDK XL,40443,0,0,0,40443,0,40443
Jan-2026,TIGALAPANKAOS SAMARINDA,MAMU BIOWASH,POPY SEED MAMU PDK 2XL,43442,1,0,0,43442,43442,0
Feb-2026,TIGALAPANKAOS SAMARINDA,MAMU BIOWASH,POPY SEED MAMU PDK 2XL,0,1,0,0,43442,43442,43442
Mar-2026,TIGALAPANKAOS SAMARINDA,MAMU BIOWASH,POPY SEED MAMU PDK 2XL,43442,0,0,0,43442,0,43442
Jan-2026,TIGALAPANKAOS SAMARINDA,MAMU BIOWASH,POPY SEED MAMU PDK L,0,10,0,0,36959,369590,0
Feb-2026,TIGALAPANKAOS SAMARINDA,MAMU BIOWASH,POPY SEED MAMU PDK L,0,10,0,0,36959,369590,369590
Mar-2026,TIGALAPANKAOS SAMARINDA,MAMU BIOWASH,POPY SEED MAMU PDK L,36959,8,0,0,36959,295672,369590
Apr-2026,TIGALAPANKAOS SAMARINDA,MAMU BIOWASH,POPY SEED MAMU PDK L,0,8,0,0,36959,295672,295672
Mei-2026,TIGALAPANKAOS SAMARINDA,MAMU BIOWASH,POPY SEED MAMU PDK L,295672,0,0,0,36959,0,295672
Jan-2026,TIGALAPANKAOS SAMARINDA,MAMU BIOWASH,POPY SEED MAMU PDK M,38850,5,0,0,38850,194250,0
Feb-2026,TIGALAPANKAOS SAMARINDA,MAMU BIOWASH,POPY SEED MAMU PDK M,38850,4,0,0,38850,155400,194250
Mar-2026,TIGALAPANKAOS SAMARINDA,MAMU BIOWASH,POPY SEED MAMU PDK M,0,4,0,0,38850,155400,155400
Apr-2026,TIGALAPANKAOS SAMARINDA,MAMU BIOWASH,POPY SEED MAMU PDK M,38850,3,0,0,38850,116550,155400
Mei-2026,TIGALAPANKAOS SAMARINDA,MAMU BIOWASH,POPY SEED MAMU PDK M,0,3,0,0,38850,116550,116550
Jun-2026,TIGALAPANKAOS SAMARINDA,MAMU BIOWASH,POPY SEED MAMU PDK M,0,3,0,0,38850,116550,116550
Jul-2026,TIGALAPANKAOS SAMARINDA,MAMU BIOWASH,POPY SEED MAMU PDK M,38850,3,0,0,38850,116550,116550
Agu-2026,TIGALAPANKAOS SAMARINDA,MAMU BIOWASH,POPY SEED MAMU PDK M,38850,1,0,0,38850,38850,116550
Sep-2026,TIGALAPANKAOS SAMARINDA,MAMU BIOWASH,POPY SEED MAMU PDK M,38850,0,0,0,38850,0,38850
Jan-2026,TIGALAPANKAOS SAMARINDA,MAMU BIOWASH,POPY SEED MAMU PDK S,0,1,0,0,38850,38850,0
Feb-2026,TIGALAPANKAOS SAMARINDA,MAMU BIOWASH,POPY SEED MAMU PDK S,0,1,0,0,38850,38850,38850
Mar-2026,TIGALAPANKAOS SAMARINDA,MAMU BIOWASH,POPY SEED MAMU PDK S,0,1,0,0,38850,38850,38850
Apr-2026,TIGALAPANKAOS SAMARINDA,MAMU BIOWASH,POPY SEED MAMU PDK S,38850,1,0,0,38850,38850,38850
Mei-2026,TIGALAPANKAOS SAMARINDA,MAMU BIOWASH,POPY SEED MAMU PDK S,0,0,0,0,38850,0,38850
Jan-2026,TIGALAPANKAOS SAMARINDA,MAMU BIOWASH,POPY SEED MAMU PDK XL,0,7,0,0,35635,249445,0
Feb-2026,TIGALAPANKAOS SAMARINDA,MAMU BIOWASH,POPY SEED MAMU PDK XL,0,7,0,0,35635,249445,249445
Mar-2026,TIGALAPANKAOS SAMARINDA,MAMU BIOWASH,POPY SEED MAMU PDK XL,71270,4,0,0,35635,142540,249445
Apr-2026,TIGALAPANKAOS SAMARINDA,MAMU BIOWASH,POPY SEED MAMU PDK XL,35635,3,0,0,35635,106905,142540
Mei-2026,TIGALAPANKAOS SAMARINDA,MAMU BIOWASH,POPY SEED MAMU PDK XL,106905,1,0,0,35635,35635,106905
Jun-2026,TIGALAPANKAOS SAMARINDA,MAMU BIOWASH,POPY SEED MAMU PDK XL,0,0,0,0,35635,0,35635
Okt-2026,TIGALAPANKAOS SAMARINDA,MAMU BIOWASH,PUTIH NETRAL MAMU PDK L,0,0,5,0,75000,375000,0
Jan-2026,TIGALAPANKAOS SAMARINDA,MAMU BIOWASH,SENECA ROCK MAMU PDK 2XL,0,1,0,0,45173,45173,0
Feb-2026,TIGALAPANKAOS SAMARINDA,MAMU BIOWASH,SENECA ROCK MAMU PDK 2XL,0,1,0,0,45173,45173,45173
Mar-2026,TIGALAPANKAOS SAMARINDA,MAMU BIOWASH,SENECA ROCK MAMU PDK 2XL,0,1,0,0,45173,45173,45173
Apr-2026,TIGALAPANKAOS SAMARINDA,MAMU BIOWASH,SENECA ROCK MAMU PDK 2XL,0,0,0,0,45173,0,45173
Jan-2026,TIGALAPANKAOS SAMARINDA,MAMU BIOWASH,SENECA ROCK MAMU PDK L,0,7,0,0,35367,247569,0
Feb-2026,TIGALAPANKAOS SAMARINDA,MAMU BIOWASH,SENECA ROCK MAMU PDK L,0,7,0,0,35367,247569,247569
Mar-2026,TIGALAPANKAOS SAMARINDA,MAMU BIOWASH,SENECA ROCK MAMU PDK L,106101,4,0,0,35367,141468,247569
Apr-2026,TIGALAPANKAOS SAMARINDA,MAMU BIOWASH,SENECA ROCK MAMU PDK L,35367,3,0,0,35367,106101,141468
Mei-2026,TIGALAPANKAOS SAMARINDA,MAMU BIOWASH,SENECA ROCK MAMU PDK L,70734,1,0,0,35367,35367,106101
Jun-2026,TIGALAPANKAOS SAMARINDA,MAMU BIOWASH,SENECA ROCK MAMU PDK L,0,1,0,0,35367,35367,35367
Jul-2026,TIGALAPANKAOS SAMARINDA,MAMU BIOWASH,SENECA ROCK MAMU PDK L,0,1,0,0,35367,35367,35367
Agu-2026,TIGALAPANKAOS SAMARINDA,MAMU BIOWASH,SENECA ROCK MAMU PDK L,35367,0,0,0,35367,0,35367
Jan-2026,TIGALAPANKAOS SAMARINDA,MAMU BIOWASH,SENECA ROCK MAMU PDK M,67550,5,0,0,33775,168875,0
Feb-2026,TIGALAPANKAOS SAMARINDA,MAMU BIOWASH,SENECA ROCK MAMU PDK M,0,5,0,0,33775,168875,168875
Mar-2026,TIGALAPANKAOS SAMARINDA,MAMU BIOWASH,SENECA ROCK MAMU PDK M,67550,3,0,0,33775,101325,168875
Apr-2026,TIGALAPANKAOS SAMARINDA,MAMU BIOWASH,SENECA ROCK MAMU PDK M,33775,2,0,0,33775,67550,101325
Mei-2026,TIGALAPANKAOS SAMARINDA,MAMU BIOWASH,SENECA ROCK MAMU PDK M,67550,0,0,0,33775,0,67550
Jan-2026,TIGALAPANKAOS SAMARINDA,MAMU BIOWASH,SENECA ROCK MAMU PDK S,0,1,0,0,38483,38483,0
Feb-2026,TIGALAPANKAOS SAMARINDA,MAMU BIOWASH,SENECA ROCK MAMU PDK S,0,1,0,0,38483,38483,38483
Mar-2026,TIGALAPANKAOS SAMARINDA,MAMU BIOWASH,SENECA ROCK MAMU PDK S,0,1,0,0,38483,38483,38483
Apr-2026,TIGALAPANKAOS SAMARINDA,MAMU BIOWASH,SENECA ROCK MAMU PDK S,0,1,0,0,38483,38483,38483
Mei-2026,TIGALAPANKAOS SAMARINDA,MAMU BIOWASH,SENECA ROCK MAMU PDK S,38483,0,0,0,38483,0,38483
Okt-2026,TIGALAPANKAOS SAMARINDA,MAMU BIOWASH,SUGAR SWIZZLE MAMU PDK L,0,0,5,0,75000,375000,0
Sep-2026,TIGALAPANKAOS TORAJA,MAMU BIOWASH,BERING SEA MAMU PDK L,0,3,0,0,75000,225000,0
Okt-2026,TIGALAPANKAOS TORAJA,MAMU BIOWASH,BERING SEA MAMU PDK L,0,0,0,0,75000,0,225000
Sep-2026,TIGALAPANKAOS TORAJA,MAMU BIOWASH,BERING SEA MAMU PDK M,0,3,0,0,75000,225000,0
Okt-2026,TIGALAPANKAOS TORAJA,MAMU BIOWASH,BERING SEA MAMU PDK M,0,0,0,0,75000,0,225000
Sep-2026,TIGALAPANKAOS TORAJA,MAMU BIOWASH,BERING SEA MAMU PDK XL,34120,1,0,0,75000,75000,0
Okt-2026,TIGALAPANKAOS TORAJA,MAMU BIOWASH,BERING SEA MAMU PDK XL,0,0,0,0,75000,0,75000
Sep-2026,TIGALAPANKAOS TORAJA,MAMU BIOWASH,BLACK NT MAMU PDK 2XL,70106,3,0,0,34056,102168,0
Okt-2026,TIGALAPANKAOS TORAJA,MAMU BIOWASH,BLACK NT MAMU PDK 2XL,0,5,0,0,34056,170280,102168
Sep-2026,TIGALAPANKAOS TORAJA,MAMU BIOWASH,BLACK NT MAMU PDK L,100788,8,0,0,33977,271816,0
Okt-2026,TIGALAPANKAOS TORAJA,MAMU BIOWASH,BLACK NT MAMU PDK L,0,5,0,0,33977,169885,271816
Sep-2026,TIGALAPANKAOS TORAJA,MAMU BIOWASH,BLACK NT MAMU PDK M,33361,2,0,0,32710,65420,0
Okt-2026,TIGALAPANKAOS TORAJA,MAMU BIOWASH,BLACK NT MAMU PDK M,0,0,0,0,32710,0,65420
Sep-2026,TIGALAPANKAOS TORAJA,MAMU BIOWASH,BLACK NT MAMU PDK XL,62920,3,0,0,33144,99432,0
Okt-2026,TIGALAPANKAOS TORAJA,MAMU BIOWASH,BLACK NT MAMU PDK XL,0,0,0,0,33144,0,99432
Sep-2026,TIGALAPANKAOS TORAJA,MAMU BIOWASH,CROCODILE MAMU PDK 2XL,0,2,0,0,35756,71512,0
Okt-2026,TIGALAPANKAOS TORAJA,MAMU BIOWASH,CROCODILE MAMU PDK 2XL,0,0,0,0,35756,0,71512
Sep-2026,TIGALAPANKAOS TORAJA,MAMU BIOWASH,CROCODILE MAMU PDK L,0,3,0,0,34471,103413,0
Okt-2026,TIGALAPANKAOS TORAJA,MAMU BIOWASH,CROCODILE MAMU PDK L,0,0,0,0,34471,0,103413
Sep-2026,TIGALAPANKAOS TORAJA,MAMU BIOWASH,CROCODILE MAMU PDK M,0,3,0,0,36874,110622,0
Okt-2026,TIGALAPANKAOS TORAJA,MAMU BIOWASH,CROCODILE MAMU PDK M,0,0,0,0,36874,0,110622
Sep-2026,TIGALAPANKAOS TORAJA,MAMU BIOWASH,CROCODILE MAMU PDK XL,0,2,0,0,36119,72238,0
Okt-2026,TIGALAPANKAOS TORAJA,MAMU BIOWASH,CROCODILE MAMU PDK XL,0,0,0,0,36119,0,72238
Sep-2026,TIGALAPANKAOS TORAJA,MAMU BIOWASH,PASTEL GREEN MAMU PDK 2XL,0,2,0,0,75000,150000,0
Okt-2026,TIGALAPANKAOS TORAJA,MAMU BIOWASH,PASTEL GREEN MAMU PDK 2XL,0,0,0,0,75000,0,150000
Sep-2026,TIGALAPANKAOS TORAJA,MAMU BIOWASH,PASTEL GREEN MAMU PDK L,0,3,0,0,75000,225000,0
Okt-2026,TIGALAPANKAOS TORAJA,MAMU BIOWASH,PASTEL GREEN MAMU PDK L,0,0,0,0,75000,0,225000
Sep-2026,TIGALAPANKAOS TORAJA,MAMU BIOWASH,PASTEL GREEN MAMU PDK M,0,3,0,0,75000,225000,0
Okt-2026,TIGALAPANKAOS TORAJA,MAMU BIOWASH,PASTEL GREEN MAMU PDK M,0,0,0,0,75000,0,225000
Sep-2026,TIGALAPANKAOS TORAJA,MAMU BIOWASH,PASTEL GREEN MAMU PDK S,0,3,0,0,75000,225000,0
Okt-2026,TIGALAPANKAOS TORAJA,MAMU BIOWASH,PASTEL GREEN MAMU PDK S,0,0,0,0,75000,0,225000
Sep-2026,TIGALAPANKAOS TORAJA,MAMU BIOWASH,PASTEL GREEN MAMU PDK XL,0,2,0,0,75000,150000,0
Okt-2026,TIGALAPANKAOS TORAJA,MAMU BIOWASH,PASTEL GREEN MAMU PDK XL,0,0,0,0,75000,0,150000
Sep-2026,TIGALAPANKAOS TORAJA,MAMU BIOWASH,POPY SEED MAMU PDK L,67250,1,0,0,36959,36959,0
Okt-2026,TIGALAPANKAOS TORAJA,MAMU BIOWASH,POPY SEED MAMU PDK L,0,0,0,0,36959,0,36959
Sep-2026,TIGALAPANKAOS TORAJA,MAMU BIOWASH,POPY SEED MAMU PDK XL,0,2,0,0,35635,71270,0
Okt-2026,TIGALAPANKAOS TORAJA,MAMU BIOWASH,POPY SEED MAMU PDK XL,0,0,0,0,35635,0,71270
Sep-2026,TIGALAPANKAOS TORAJA,MAMU BIOWASH,PUTIH NETRAL MAMU PDK L,0,10,0,0,75000,750000,0
Okt-2026,TIGALAPANKAOS TORAJA,MAMU BIOWASH,PUTIH NETRAL MAMU PDK L,0,2,0,0,75000,150000,750000
Sep-2026,TIGALAPANKAOS TORAJA,MAMU BIOWASH,PUTIH NETRAL MAMU PDK M,31195,9,0,0,75000,675000,0
Okt-2026,TIGALAPANKAOS TORAJA,MAMU BIOWASH,PUTIH NETRAL MAMU PDK M,0,2,0,0,75000,150000,675000
Sep-2026,TIGALAPANKAOS TORAJA,MAMU BIOWASH,PUTIH NETRAL MAMU PDK XL,31195,4,0,0,75000,300000,0
Okt-2026,TIGALAPANKAOS TORAJA,MAMU BIOWASH,PUTIH NETRAL MAMU PDK XL,0,3,0,0,75000,225000,300000
Sep-2026,TIGALAPANKAOS TORAJA,MAMU BIOWASH,SENECA ROCK MAMU PDK 2XL,0,2,0,0,45173,90346,0
Okt-2026,TIGALAPANKAOS TORAJA,MAMU BIOWASH,SENECA ROCK MAMU PDK 2XL,0,0,0,0,45173,0,90346
Sep-2026,TIGALAPANKAOS TORAJA,MAMU BIOWASH,SENECA ROCK MAMU PDK L,0,3,0,0,35367,106101,0
Okt-2026,TIGALAPANKAOS TORAJA,MAMU BIOWASH,SENECA ROCK MAMU PDK L,0,0,0,0,35367,0,106101
Sep-2026,TIGALAPANKAOS TORAJA,MAMU BIOWASH,SENECA ROCK MAMU PDK M,0,3,0,0,33775,101325,0
Okt-2026,TIGALAPANKAOS TORAJA,MAMU BIOWASH,SENECA ROCK MAMU PDK M,0,0,0,0,33775,0,101325
Sep-2026,TIGALAPANKAOS TORAJA,MAMU BIOWASH,SENECA ROCK MAMU PDK XL,0,2,0,0,34113,68226,0
Okt-2026,TIGALAPANKAOS TORAJA,MAMU BIOWASH,SENECA ROCK MAMU PDK XL,0,0,0,0,34113,0,68226
Sep-2026,TIGALAPANKAOS TORAJA,MAMU BIOWASH,SUGAR SWIZZLE MAMU PDK 2XL,0,2,0,0,75000,150000,0
Okt-2026,TIGALAPANKAOS TORAJA,MAMU BIOWASH,SUGAR SWIZZLE MAMU PDK 2XL,0,0,0,0,75000,0,150000
Sep-2026,TIGALAPANKAOS TORAJA,MAMU BIOWASH,SUGAR SWIZZLE MAMU PDK L,32507,2,0,0,75000,150000,0
Okt-2026,TIGALAPANKAOS TORAJA,MAMU BIOWASH,SUGAR SWIZZLE MAMU PDK L,0,2,0,0,75000,150000,150000
Sep-2026,TIGALAPANKAOS TORAJA,MAMU BIOWASH,SUGAR SWIZZLE MAMU PDK M,33744,2,0,0,75000,150000,0
Okt-2026,TIGALAPANKAOS TORAJA,MAMU BIOWASH,SUGAR SWIZZLE MAMU PDK M,0,2,0,0,75000,150000,150000
Sep-2026,TIGALAPANKAOS TORAJA,MAMU BIOWASH,SUGAR SWIZZLE MAMU PDK XL,33744,1,0,0,75000,75000,0
Okt-2026,TIGALAPANKAOS TORAJA,MAMU BIOWASH,SUGAR SWIZZLE MAMU PDK XL,0,3,0,0,75000,225000,75000
Mei-2026,DC TIGALAPAN,MAMU BIOWASH,BERING SEA MAMU PDK 2XL,0,6,0,0,75000,450000,0
Mei-2026,DC TIGALAPAN,MAMU BIOWASH,BERING SEA MAMU PDK L,0,70,0,0,75000,5250000,0
Jun-2026,DC TIGALAPAN,MAMU BIOWASH,BERING SEA MAMU PDK L,0,77,0,0,75000,5775000,5250000
Jul-2026,DC TIGALAPAN,MAMU BIOWASH,BERING SEA MAMU PDK L,0,77,0,0,75000,5775000,5775000
Agu-2026,DC TIGALAPAN,MAMU BIOWASH,BERING SEA MAMU PDK L,0,77,0,0,75000,5775000,5775000
Sep-2026,DC TIGALAPAN,MAMU BIOWASH,BERING SEA MAMU PDK L,0,59,0,0,75000,4425000,5775000
Okt-2026,DC TIGALAPAN,MAMU BIOWASH,BERING SEA MAMU PDK L,0,16,0,0,75000,1200000,4425000
Mei-2026,DC TIGALAPAN,MAMU BIOWASH,BERING SEA MAMU PDK M,0,47,0,0,75000,3525000,0
Jun-2026,DC TIGALAPAN,MAMU BIOWASH,BERING SEA MAMU PDK M,0,44,0,0,75000,3300000,3525000
Jul-2026,DC TIGALAPAN,MAMU BIOWASH,BERING SEA MAMU PDK M,0,44,0,0,75000,3300000,3300000
Agu-2026,DC TIGALAPAN,MAMU BIOWASH,BERING SEA MAMU PDK M,0,44,0,0,75000,3300000,3300000
Sep-2026,DC TIGALAPAN,MAMU BIOWASH,BERING SEA MAMU PDK M,0,31,0,0,75000,2325000,3300000
Okt-2026,DC TIGALAPAN,MAMU BIOWASH,BERING SEA MAMU PDK M,0,15,0,0,75000,1125000,2325000
Mei-2026,DC TIGALAPAN,MAMU BIOWASH,BERING SEA MAMU PDK S,0,8,0,0,75000,600000,0
Mei-2026,DC TIGALAPAN,MAMU BIOWASH,BERING SEA MAMU PDK XL,0,49,0,0,75000,3675000,0
Jun-2026,DC TIGALAPAN,MAMU BIOWASH,BERING SEA MAMU PDK XL,0,48,0,0,75000,3600000,3675000
Jul-2026,DC TIGALAPAN,MAMU BIOWASH,BERING SEA MAMU PDK XL,0,48,0,0,75000,3600000,3600000
Agu-2026,DC TIGALAPAN,MAMU BIOWASH,BERING SEA MAMU PDK XL,0,48,0,0,75000,3600000,3600000
Sep-2026,DC TIGALAPAN,MAMU BIOWASH,BERING SEA MAMU PDK XL,0,41,0,0,75000,3075000,3600000
Okt-2026,DC TIGALAPAN,MAMU BIOWASH,BERING SEA MAMU PDK XL,0,30,0,0,75000,2250000,3075000
Mei-2026,DC TIGALAPAN,MAMU BIOWASH,BLACK NT MAMU PDK 2XL,0,35,0,0,34056,1191960,0
Jun-2026,DC TIGALAPAN,MAMU BIOWASH,BLACK NT MAMU PDK 2XL,0,24,0,0,34056,817344,1191960
Jul-2026,DC TIGALAPAN,MAMU BIOWASH,BLACK NT MAMU PDK 2XL,0,23,0,0,34056,783288,817344
Agu-2026,DC TIGALAPAN,MAMU BIOWASH,BLACK NT MAMU PDK 2XL,0,21,0,0,34056,715176,783288
Sep-2026,DC TIGALAPAN,MAMU BIOWASH,BLACK NT MAMU PDK 2XL,0,9,0,0,34056,306504,715176
Okt-2026,DC TIGALAPAN,MAMU BIOWASH,BLACK NT MAMU PDK 2XL,0,3,0,0,34056,102168,306504
Jun-2026,DC TIGALAPAN,MAMU BIOWASH,BLACK NT MAMU PDK KIDS S,0,5,0,0,0,0,0
Jul-2026,DC TIGALAPAN,MAMU BIOWASH,BLACK NT MAMU PDK KIDS S,0,5,0,0,0,0,0
Agu-2026,DC TIGALAPAN,MAMU BIOWASH,BLACK NT MAMU PDK KIDS S,0,5,0,0,0,0,0
Sep-2026,DC TIGALAPAN,MAMU BIOWASH,BLACK NT MAMU PDK KIDS S,0,5,0,0,0,0,0
Okt-2026,DC TIGALAPAN,MAMU BIOWASH,BLACK NT MAMU PDK KIDS S,0,5,0,0,0,0,0
Jun-2026,DC TIGALAPAN,MAMU BIOWASH,BLACK NT MAMU PDK KIDS XS,0,2,0,0,0,0,0
Jul-2026,DC TIGALAPAN,MAMU BIOWASH,BLACK NT MAMU PDK KIDS XS,0,2,0,0,0,0,0
Agu-2026,DC TIGALAPAN,MAMU BIOWASH,BLACK NT MAMU PDK KIDS XS,0,2,0,0,0,0,0
Sep-2026,DC TIGALAPAN,MAMU BIOWASH,BLACK NT MAMU PDK KIDS XS,0,2,0,0,0,0,0
Okt-2026,DC TIGALAPAN,MAMU BIOWASH,BLACK NT MAMU PDK KIDS XS,0,2,0,0,0,0,0
Mar-2026,DC TIGALAPAN,MAMU BIOWASH,BLACK NT MAMU PDK L,0,5,0,0,33977,169885,0
Apr-2026,DC TIGALAPAN,MAMU BIOWASH,BLACK NT MAMU PDK L,0,4,0,0,33977,135908,169885
Mei-2026,DC TIGALAPAN,MAMU BIOWASH,BLACK NT MAMU PDK L,0,319,0,0,33977,10838663,135908
Jun-2026,DC TIGALAPAN,MAMU BIOWASH,BLACK NT MAMU PDK L,0,311,0,0,33977,10566847,10838663
Jul-2026,DC TIGALAPAN,MAMU BIOWASH,BLACK NT MAMU PDK L,0,308,0,0,33977,10464916,10566847
Agu-2026,DC TIGALAPAN,MAMU BIOWASH,BLACK NT MAMU PDK L,0,256,0,0,33977,8698112,10464916
Sep-2026,DC TIGALAPAN,MAMU BIOWASH,BLACK NT MAMU PDK L,0,207,0,0,33977,7033239,8698112
Okt-2026,DC TIGALAPAN,MAMU BIOWASH,BLACK NT MAMU PDK L,0,156,0,0,33977,5300412,7033239
Mei-2026,DC TIGALAPAN,MAMU BIOWASH,BLACK NT MAMU PDK M,0,78,0,0,32710,2551380,0
Jun-2026,DC TIGALAPAN,MAMU BIOWASH,BLACK NT MAMU PDK M,0,83,0,0,32710,2714930,2551380
Jul-2026,DC TIGALAPAN,MAMU BIOWASH,BLACK NT MAMU PDK M,0,56,0,0,32710,1831760,2714930
Agu-2026,DC TIGALAPAN,MAMU BIOWASH,BLACK NT MAMU PDK M,0,28,0,0,32710,915880,1831760
Sep-2026,DC TIGALAPAN,MAMU BIOWASH,BLACK NT MAMU PDK M,0,1,0,0,32710,32710,915880
Okt-2026,DC TIGALAPAN,MAMU BIOWASH,BLACK NT MAMU PDK M,0,1,0,0,32710,32710,32710
Mei-2026,DC TIGALAPAN,MAMU BIOWASH,BLACK NT MAMU PDK S,0,20,0,0,33144,662880,0
Jun-2026,DC TIGALAPAN,MAMU BIOWASH,BLACK NT MAMU PDK S,0,25,0,0,33144,828600,662880
Jul-2026,DC TIGALAPAN,MAMU BIOWASH,BLACK NT MAMU PDK S,0,7,0,0,33144,232008,828600
Apr-2026,DC TIGALAPAN,MAMU BIOWASH,BLACK NT MAMU PDK XL,0,1,0,0,33144,33144,0
Mei-2026,DC TIGALAPAN,MAMU BIOWASH,BLACK NT MAMU PDK XL,0,80,0,0,33144,2651520,33144
Jun-2026,DC TIGALAPAN,MAMU BIOWASH,BLACK NT MAMU PDK XL,0,81,0,0,33144,2684664,2651520
Jul-2026,DC TIGALAPAN,MAMU BIOWASH,BLACK NT MAMU PDK XL,0,75,0,0,33144,2485800,2684664
Agu-2026,DC TIGALAPAN,MAMU BIOWASH,BLACK NT MAMU PDK XL,0,33,0,0,33144,1093752,2485800
Sep-2026,DC TIGALAPAN,MAMU BIOWASH,BLACK NT MAMU PDK XL,0,3,0,0,33144,99432,1093752
Mei-2026,DC TIGALAPAN,MAMU BIOWASH,CROCODILE MAMU PDK 2XL,0,6,0,0,35756,214536,0
Jun-2026,DC TIGALAPAN,MAMU BIOWASH,CROCODILE MAMU PDK 2XL,0,9,0,0,35756,321804,214536
Jul-2026,DC TIGALAPAN,MAMU BIOWASH,CROCODILE MAMU PDK 2XL,0,4,0,0,35756,143024,321804
Agu-2026,DC TIGALAPAN,MAMU BIOWASH,CROCODILE MAMU PDK 2XL,0,4,0,0,35756,143024,143024
Jun-2026,DC TIGALAPAN,MAMU BIOWASH,CROCODILE MAMU PDK KIDS XS,0,2,0,0,0,0,0
Jul-2026,DC TIGALAPAN,MAMU BIOWASH,CROCODILE MAMU PDK KIDS XS,0,2,0,0,0,0,0
Agu-2026,DC TIGALAPAN,MAMU BIOWASH,CROCODILE MAMU PDK KIDS XS,0,2,0,0,0,0,0
Sep-2026,DC TIGALAPAN,MAMU BIOWASH,CROCODILE MAMU PDK KIDS XS,0,2,0,0,0,0,0
Okt-2026,DC TIGALAPAN,MAMU BIOWASH,CROCODILE MAMU PDK KIDS XS,0,2,0,0,0,0,0
Mei-2026,DC TIGALAPAN,MAMU BIOWASH,CROCODILE MAMU PDK L,0,40,0,0,34471,1378840,0
Jun-2026,DC TIGALAPAN,MAMU BIOWASH,CROCODILE MAMU PDK L,0,45,0,0,34471,1551195,1378840
Jul-2026,DC TIGALAPAN,MAMU BIOWASH,CROCODILE MAMU PDK L,0,40,0,0,34471,1378840,1551195
Agu-2026,DC TIGALAPAN,MAMU BIOWASH,CROCODILE MAMU PDK L,0,34,0,0,34471,1172014,1378840
Sep-2026,DC TIGALAPAN,MAMU BIOWASH,CROCODILE MAMU PDK L,0,19,0,0,34471,654949,1172014
Okt-2026,DC TIGALAPAN,MAMU BIOWASH,CROCODILE MAMU PDK L,0,4,0,0,34471,137884,654949
Mar-2026,DC TIGALAPAN,MAMU BIOWASH,CROCODILE MAMU PDK M,0,1,0,0,36874,36874,0
Mei-2026,DC TIGALAPAN,MAMU BIOWASH,CROCODILE MAMU PDK M,0,28,0,0,36874,1032472,0
Jun-2026,DC TIGALAPAN,MAMU BIOWASH,CROCODILE MAMU PDK M,0,26,0,0,36874,958724,1032472
Jul-2026,DC TIGALAPAN,MAMU BIOWASH,CROCODILE MAMU PDK M,0,21,0,0,36874,774354,958724
Agu-2026,DC TIGALAPAN,MAMU BIOWASH,CROCODILE MAMU PDK M,0,11,0,0,36874,405614,774354
Sep-2026,DC TIGALAPAN,MAMU BIOWASH,CROCODILE MAMU PDK M,0,5,0,0,36874,184370,405614
Mei-2026,DC TIGALAPAN,MAMU BIOWASH,CROCODILE MAMU PDK S,0,6,0,0,35756,214536,0
Jun-2026,DC TIGALAPAN,MAMU BIOWASH,CROCODILE MAMU PDK S,0,7,0,0,35756,250292,214536
Mei-2026,DC TIGALAPAN,MAMU BIOWASH,CROCODILE MAMU PDK XL,0,18,0,0,36119,650142,0
Jun-2026,DC TIGALAPAN,MAMU BIOWASH,CROCODILE MAMU PDK XL,0,27,0,0,36119,975213,650142
Jul-2026,DC TIGALAPAN,MAMU BIOWASH,CROCODILE MAMU PDK XL,0,22,0,0,36119,794618,975213
Agu-2026,DC TIGALAPAN,MAMU BIOWASH,CROCODILE MAMU PDK XL,0,18,0,0,36119,650142,794618
Sep-2026,DC TIGALAPAN,MAMU BIOWASH,CROCODILE MAMU PDK XL,0,12,0,0,36119,433428,650142
Okt-2026,DC TIGALAPAN,MAMU BIOWASH,CROCODILE MAMU PDK XL,0,8,0,0,36119,288952,433428
Sep-2026,DC TIGALAPAN,MAMU BIOWASH,NAVY MAMU PDK L,0,40,0,0,34651,1386040,0
Okt-2026,DC TIGALAPAN,MAMU BIOWASH,NAVY MAMU PDK L,0,40,0,0,34651,1386040,1386040
Sep-2026,DC TIGALAPAN,MAMU BIOWASH,NAVY MAMU PDK M,0,35,0,0,34238,1198330,0
Okt-2026,DC TIGALAPAN,MAMU BIOWASH,NAVY MAMU PDK M,0,35,0,0,34238,1198330,1198330
Sep-2026,DC TIGALAPAN,MAMU BIOWASH,NAVY MAMU PDK S,0,29,0,0,35222,1021438,0
Okt-2026,DC TIGALAPAN,MAMU BIOWASH,NAVY MAMU PDK S,0,29,0,0,35222,1021438,1021438
Mar-2026,DC TIGALAPAN,MAMU BIOWASH,NAVY MAMU PDK XL,0,1,0,0,40443,40443,0
Apr-2026,DC TIGALAPAN,MAMU BIOWASH,NAVY MAMU PDK XL,0,1,0,0,40443,40443,40443
Mei-2026,DC TIGALAPAN,MAMU BIOWASH,NAVY MAMU PDK XL,0,1,0,0,40443,40443,40443
Jun-2026,DC TIGALAPAN,MAMU BIOWASH,NAVY MAMU PDK XL,0,1,0,0,40443,40443,40443
Jul-2026,DC TIGALAPAN,MAMU BIOWASH,NAVY MAMU PDK XL,0,1,0,0,40443,40443,40443
Sep-2026,DC TIGALAPAN,MAMU BIOWASH,NAVY MAMU PDK XL,0,3,0,0,40443,121329,0
Okt-2026,DC TIGALAPAN,MAMU BIOWASH,NAVY MAMU PDK XL,0,3,0,0,40443,121329,121329
Mei-2026,DC TIGALAPAN,MAMU BIOWASH,PASTEL GREEN MAMU PDK 2XL,0,5,0,0,75000,375000,0
Jun-2026,DC TIGALAPAN,MAMU BIOWASH,PASTEL GREEN MAMU PDK 2XL,0,9,0,0,75000,675000,375000
Jul-2026,DC TIGALAPAN,MAMU BIOWASH,PASTEL GREEN MAMU PDK 2XL,0,4,0,0,75000,300000,675000
Agu-2026,DC TIGALAPAN,MAMU BIOWASH,PASTEL GREEN MAMU PDK 2XL,0,4,0,0,75000,300000,300000
Sep-2026,DC TIGALAPAN,MAMU BIOWASH,PASTEL GREEN MAMU PDK 2XL,0,2,0,0,75000,150000,300000
Mei-2026,DC TIGALAPAN,MAMU BIOWASH,PASTEL GREEN MAMU PDK L,0,34,0,0,75000,2550000,0
Jun-2026,DC TIGALAPAN,MAMU BIOWASH,PASTEL GREEN MAMU PDK L,0,55,0,0,75000,4125000,2550000
Jul-2026,DC TIGALAPAN,MAMU BIOWASH,PASTEL GREEN MAMU PDK L,0,50,0,0,75000,3750000,4125000
Agu-2026,DC TIGALAPAN,MAMU BIOWASH,PASTEL GREEN MAMU PDK L,0,45,0,0,75000,3375000,3750000
Sep-2026,DC TIGALAPAN,MAMU BIOWASH,PASTEL GREEN MAMU PDK L,0,32,0,0,75000,2400000,3375000
Okt-2026,DC TIGALAPAN,MAMU BIOWASH,PASTEL GREEN MAMU PDK L,0,17,0,0,75000,1275000,2400000
Mei-2026,DC TIGALAPAN,MAMU BIOWASH,PASTEL GREEN MAMU PDK M,0,28,0,0,75000,2100000,0
Jun-2026,DC TIGALAPAN,MAMU BIOWASH,PASTEL GREEN MAMU PDK M,0,33,0,0,75000,2475000,2100000
Jul-2026,DC TIGALAPAN,MAMU BIOWASH,PASTEL GREEN MAMU PDK M,0,28,0,0,75000,2100000,2475000
Agu-2026,DC TIGALAPAN,MAMU BIOWASH,PASTEL GREEN MAMU PDK M,0,28,0,0,75000,2100000,2100000
Sep-2026,DC TIGALAPAN,MAMU BIOWASH,PASTEL GREEN MAMU PDK M,0,15,0,0,75000,1125000,2100000
Okt-2026,DC TIGALAPAN,MAMU BIOWASH,PASTEL GREEN MAMU PDK M,0,9,0,0,75000,675000,1125000
Mei-2026,DC TIGALAPAN,MAMU BIOWASH,PASTEL GREEN MAMU PDK S,0,6,0,0,75000,450000,0
Jun-2026,DC TIGALAPAN,MAMU BIOWASH,PASTEL GREEN MAMU PDK S,0,11,0,0,75000,825000,450000
Jul-2026,DC TIGALAPAN,MAMU BIOWASH,PASTEL GREEN MAMU PDK S,0,6,0,0,75000,450000,825000
Agu-2026,DC TIGALAPAN,MAMU BIOWASH,PASTEL GREEN MAMU PDK S,0,6,0,0,75000,450000,450000
Mei-2026,DC TIGALAPAN,MAMU BIOWASH,PASTEL GREEN MAMU PDK XL,0,34,0,0,75000,2550000,0
Jun-2026,DC TIGALAPAN,MAMU BIOWASH,PASTEL GREEN MAMU PDK XL,0,37,0,0,75000,2775000,2550000
Jul-2026,DC TIGALAPAN,MAMU BIOWASH,PASTEL GREEN MAMU PDK XL,0,32,0,0,75000,2400000,2775000
Agu-2026,DC TIGALAPAN,MAMU BIOWASH,PASTEL GREEN MAMU PDK XL,0,27,0,0,75000,2025000,2400000
Sep-2026,DC TIGALAPAN,MAMU BIOWASH,PASTEL GREEN MAMU PDK XL,0,20,0,0,75000,1500000,2025000
Okt-2026,DC TIGALAPAN,MAMU BIOWASH,PASTEL GREEN MAMU PDK XL,0,17,0,0,75000,1275000,1500000
Mei-2026,DC TIGALAPAN,MAMU BIOWASH,POPY SEED MAMU PDK 2XL,0,7,0,0,43442,304094,0
Jun-2026,DC TIGALAPAN,MAMU BIOWASH,POPY SEED MAMU PDK KIDS S,0,3,0,0,0,0,0
Jul-2026,DC TIGALAPAN,MAMU BIOWASH,POPY SEED MAMU PDK KIDS S,0,3,0,0,0,0,0
Agu-2026,DC TIGALAPAN,MAMU BIOWASH,POPY SEED MAMU PDK KIDS S,0,3,0,0,0,0,0
Sep-2026,DC TIGALAPAN,MAMU BIOWASH,POPY SEED MAMU PDK KIDS S,0,3,0,0,0,0,0
Okt-2026,DC TIGALAPAN,MAMU BIOWASH,POPY SEED MAMU PDK KIDS S,0,3,0,0,0,0,0
Mei-2026,DC TIGALAPAN,MAMU BIOWASH,POPY SEED MAMU PDK L,0,41,0,0,36959,1515319,0
Jun-2026,DC TIGALAPAN,MAMU BIOWASH,POPY SEED MAMU PDK L,0,52,0,0,36959,1921868,1515319
Jul-2026,DC TIGALAPAN,MAMU BIOWASH,POPY SEED MAMU PDK L,0,42,0,0,36959,1552278,1921868
Agu-2026,DC TIGALAPAN,MAMU BIOWASH,POPY SEED MAMU PDK L,0,31,0,0,36959,1145729,1552278
Sep-2026,DC TIGALAPAN,MAMU BIOWASH,POPY SEED MAMU PDK L,0,10,0,0,36959,369590,1145729
Okt-2026,DC TIGALAPAN,MAMU BIOWASH,POPY SEED MAMU PDK L,0,3,0,0,36959,110877,369590
Mei-2026,DC TIGALAPAN,MAMU BIOWASH,POPY SEED MAMU PDK M,0,28,0,0,38850,1087800,0
Jun-2026,DC TIGALAPAN,MAMU BIOWASH,POPY SEED MAMU PDK M,0,28,0,0,38850,1087800,1087800
Jul-2026,DC TIGALAPAN,MAMU BIOWASH,POPY SEED MAMU PDK M,0,9,0,0,38850,349650,1087800
Agu-2026,DC TIGALAPAN,MAMU BIOWASH,POPY SEED MAMU PDK M,0,3,0,0,38850,116550,349650
Mei-2026,DC TIGALAPAN,MAMU BIOWASH,POPY SEED MAMU PDK S,0,7,0,0,38850,271950,0
Mei-2026,DC TIGALAPAN,MAMU BIOWASH,POPY SEED MAMU PDK XL,0,28,0,0,35635,997780,0
Jun-2026,DC TIGALAPAN,MAMU BIOWASH,POPY SEED MAMU PDK XL,0,36,0,0,35635,1282860,997780
Jul-2026,DC TIGALAPAN,MAMU BIOWASH,POPY SEED MAMU PDK XL,0,25,0,0,35635,890875,1282860
Agu-2026,DC TIGALAPAN,MAMU BIOWASH,POPY SEED MAMU PDK XL,0,18,0,0,35635,641430,890875
Mei-2026,DC TIGALAPAN,MAMU BIOWASH,PUTIH NETRAL MAMU PDK 2XL,0,12,0,0,75000,900000,0
Jun-2026,DC TIGALAPAN,MAMU BIOWASH,PUTIH NETRAL MAMU PDK KIDS S,0,4,0,0,75000,300000,0
Jul-2026,DC TIGALAPAN,MAMU BIOWASH,PUTIH NETRAL MAMU PDK KIDS S,0,4,0,0,75000,300000,300000
Agu-2026,DC TIGALAPAN,MAMU BIOWASH,PUTIH NETRAL MAMU PDK KIDS S,0,4,0,0,75000,300000,300000
Sep-2026,DC TIGALAPAN,MAMU BIOWASH,PUTIH NETRAL MAMU PDK KIDS S,0,4,0,0,75000,300000,300000
Okt-2026,DC TIGALAPAN,MAMU BIOWASH,PUTIH NETRAL MAMU PDK KIDS S,0,4,0,0,75000,300000,300000
Mei-2026,DC TIGALAPAN,MAMU BIOWASH,PUTIH NETRAL MAMU PDK L,0,106,0,0,75000,7950000,0
Jun-2026,DC TIGALAPAN,MAMU BIOWASH,PUTIH NETRAL MAMU PDK L,0,113,0,0,75000,8475000,7950000
Jul-2026,DC TIGALAPAN,MAMU BIOWASH,PUTIH NETRAL MAMU PDK L,0,113,0,0,75000,8475000,8475000
Agu-2026,DC TIGALAPAN,MAMU BIOWASH,PUTIH NETRAL MAMU PDK L,0,93,0,0,75000,6975000,8475000
Sep-2026,DC TIGALAPAN,MAMU BIOWASH,PUTIH NETRAL MAMU PDK L,0,73,0,0,75000,5475000,6975000
Okt-2026,DC TIGALAPAN,MAMU BIOWASH,PUTIH NETRAL MAMU PDK L,0,30,0,0,75000,2250000,5475000
Mei-2026,DC TIGALAPAN,MAMU BIOWASH,PUTIH NETRAL MAMU PDK M,0,80,0,0,75000,6000000,0
Jun-2026,DC TIGALAPAN,MAMU BIOWASH,PUTIH NETRAL MAMU PDK M,0,76,0,0,75000,5700000,6000000
Jul-2026,DC TIGALAPAN,MAMU BIOWASH,PUTIH NETRAL MAMU PDK M,0,76,0,0,75000,5700000,5700000
Agu-2026,DC TIGALAPAN,MAMU BIOWASH,PUTIH NETRAL MAMU PDK M,0,56,0,0,75000,4200000,5700000
Sep-2026,DC TIGALAPAN,MAMU BIOWASH,PUTIH NETRAL MAMU PDK M,0,36,0,0,75000,2700000,4200000
Okt-2026,DC TIGALAPAN,MAMU BIOWASH,PUTIH NETRAL MAMU PDK M,0,13,0,0,75000,975000,2700000
Mei-2026,DC TIGALAPAN,MAMU BIOWASH,PUTIH NETRAL MAMU PDK S,0,7,0,0,75000,525000,0
Jun-2026,DC TIGALAPAN,MAMU BIOWASH,PUTIH NETRAL MAMU PDK S,0,11,0,0,75000,825000,525000
Jul-2026,DC TIGALAPAN,MAMU BIOWASH,PUTIH NETRAL MAMU PDK S,0,6,0,0,75000,450000,825000
Mei-2026,DC TIGALAPAN,MAMU BIOWASH,PUTIH NETRAL MAMU PDK XL,0,58,0,0,75000,4350000,0
Jun-2026,DC TIGALAPAN,MAMU BIOWASH,PUTIH NETRAL MAMU PDK XL,0,69,0,0,75000,5175000,4350000
Jul-2026,DC TIGALAPAN,MAMU BIOWASH,PUTIH NETRAL MAMU PDK XL,0,69,0,0,75000,5175000,5175000
Agu-2026,DC TIGALAPAN,MAMU BIOWASH,PUTIH NETRAL MAMU PDK XL,0,64,0,0,75000,4800000,5175000
Sep-2026,DC TIGALAPAN,MAMU BIOWASH,PUTIH NETRAL MAMU PDK XL,0,44,0,0,75000,3300000,4800000
Okt-2026,DC TIGALAPAN,MAMU BIOWASH,PUTIH NETRAL MAMU PDK XL,0,16,0,0,75000,1200000,3300000
Mei-2026,DC TIGALAPAN,MAMU BIOWASH,SENECA ROCK MAMU PDK 2XL,0,10,0,0,45173,451730,0
Jun-2026,DC TIGALAPAN,MAMU BIOWASH,SENECA ROCK MAMU PDK 2XL,0,29,0,0,45173,1310017,451730
Jul-2026,DC TIGALAPAN,MAMU BIOWASH,SENECA ROCK MAMU PDK 2XL,0,24,0,0,45173,1084152,1310017
Agu-2026,DC TIGALAPAN,MAMU BIOWASH,SENECA ROCK MAMU PDK 2XL,0,23,0,0,45173,1038979,1084152
Sep-2026,DC TIGALAPAN,MAMU BIOWASH,SENECA ROCK MAMU PDK 2XL,0,11,0,0,45173,496903,1038979
Okt-2026,DC TIGALAPAN,MAMU BIOWASH,SENECA ROCK MAMU PDK 2XL,0,10,0,0,45173,451730,496903
Jun-2026,DC TIGALAPAN,MAMU BIOWASH,SENECA ROCK MAMU PDK KIDS S,0,4,0,0,0,0,0
Jul-2026,DC TIGALAPAN,MAMU BIOWASH,SENECA ROCK MAMU PDK KIDS S,0,4,0,0,0,0,0
Agu-2026,DC TIGALAPAN,MAMU BIOWASH,SENECA ROCK MAMU PDK KIDS S,0,4,0,0,0,0,0
Sep-2026,DC TIGALAPAN,MAMU BIOWASH,SENECA ROCK MAMU PDK KIDS S,0,4,0,0,0,0,0
Okt-2026,DC TIGALAPAN,MAMU BIOWASH,SENECA ROCK MAMU PDK KIDS S,0,4,0,0,0,0,0
Jun-2026,DC TIGALAPAN,MAMU BIOWASH,SENECA ROCK MAMU PDK KIDS XS,0,3,0,0,0,0,0
Jul-2026,DC TIGALAPAN,MAMU BIOWASH,SENECA ROCK MAMU PDK KIDS XS,0,3,0,0,0,0,0
Agu-2026,DC TIGALAPAN,MAMU BIOWASH,SENECA ROCK MAMU PDK KIDS XS,0,3,0,0,0,0,0
Sep-2026,DC TIGALAPAN,MAMU BIOWASH,SENECA ROCK MAMU PDK KIDS XS,0,3,0,0,0,0,0
Okt-2026,DC TIGALAPAN,MAMU BIOWASH,SENECA ROCK MAMU PDK KIDS XS,0,3,0,0,0,0,0
Mei-2026,DC TIGALAPAN,MAMU BIOWASH,SENECA ROCK MAMU PDK L,0,80,0,0,35367,2829360,0
Jun-2026,DC TIGALAPAN,MAMU BIOWASH,SENECA ROCK MAMU PDK L,0,86,0,0,35367,3041562,2829360
Jul-2026,DC TIGALAPAN,MAMU BIOWASH,SENECA ROCK MAMU PDK L,0,76,0,0,35367,2687892,3041562
Agu-2026,DC TIGALAPAN,MAMU BIOWASH,SENECA ROCK MAMU PDK L,0,51,0,0,35367,1803717,2687892
Sep-2026,DC TIGALAPAN,MAMU BIOWASH,SENECA ROCK MAMU PDK L,0,35,0,0,35367,1237845,1803717
Okt-2026,DC TIGALAPAN,MAMU BIOWASH,SENECA ROCK MAMU PDK L,0,19,0,0,35367,671973,1237845
Mei-2026,DC TIGALAPAN,MAMU BIOWASH,SENECA ROCK MAMU PDK M,0,40,0,0,33775,1351000,0
Jun-2026,DC TIGALAPAN,MAMU BIOWASH,SENECA ROCK MAMU PDK M,0,58,0,0,33775,1958950,1351000
Jul-2026,DC TIGALAPAN,MAMU BIOWASH,SENECA ROCK MAMU PDK M,0,50,0,0,33775,1688750,1958950
Agu-2026,DC TIGALAPAN,MAMU BIOWASH,SENECA ROCK MAMU PDK M,0,26,0,0,33775,878150,1688750
Sep-2026,DC TIGALAPAN,MAMU BIOWASH,SENECA ROCK MAMU PDK M,0,17,0,0,33775,574175,878150
Okt-2026,DC TIGALAPAN,MAMU BIOWASH,SENECA ROCK MAMU PDK M,0,12,0,0,33775,405300,574175
Jun-2026,DC TIGALAPAN,MAMU BIOWASH,SENECA ROCK MAMU PDK S,0,15,0,0,38483,577245,0
Jul-2026,DC TIGALAPAN,MAMU BIOWASH,SENECA ROCK MAMU PDK S,0,2,0,0,38483,76966,577245
Mei-2026,DC TIGALAPAN,MAMU BIOWASH,SENECA ROCK MAMU PDK XL,0,35,0,0,34113,1193955,0
Jun-2026,DC TIGALAPAN,MAMU BIOWASH,SENECA ROCK MAMU PDK XL,0,51,0,0,34113,1739763,1193955
Jul-2026,DC TIGALAPAN,MAMU BIOWASH,SENECA ROCK MAMU PDK XL,0,42,0,0,34113,1432746,1739763
Agu-2026,DC TIGALAPAN,MAMU BIOWASH,SENECA ROCK MAMU PDK XL,0,32,0,0,34113,1091616,1432746
Sep-2026,DC TIGALAPAN,MAMU BIOWASH,SENECA ROCK MAMU PDK XL,0,21,0,0,34113,716373,1091616
Okt-2026,DC TIGALAPAN,MAMU BIOWASH,SENECA ROCK MAMU PDK XL,0,3,0,0,34113,102339,716373
Mei-2026,DC TIGALAPAN,MAMU BIOWASH,SUGAR SWIZZLE MAMU PDK 2XL,0,8,0,0,75000,600000,0
Jun-2026,DC TIGALAPAN,MAMU BIOWASH,SUGAR SWIZZLE MAMU PDK 2XL,0,2,0,0,75000,150000,600000
Jul-2026,DC TIGALAPAN,MAMU BIOWASH,SUGAR SWIZZLE MAMU PDK 2XL,0,2,0,0,75000,150000,150000
Agu-2026,DC TIGALAPAN,MAMU BIOWASH,SUGAR SWIZZLE MAMU PDK 2XL,0,2,0,0,75000,150000,150000
Mei-2026,DC TIGALAPAN,MAMU BIOWASH,SUGAR SWIZZLE MAMU PDK L,0,30,0,0,75000,2250000,0
Jun-2026,DC TIGALAPAN,MAMU BIOWASH,SUGAR SWIZZLE MAMU PDK L,0,133,0,0,75000,9975000,2250000
Jul-2026,DC TIGALAPAN,MAMU BIOWASH,SUGAR SWIZZLE MAMU PDK L,0,125,0,0,75000,9375000,9975000
Agu-2026,DC TIGALAPAN,MAMU BIOWASH,SUGAR SWIZZLE MAMU PDK L,0,86,0,0,75000,6450000,9375000
Sep-2026,DC TIGALAPAN,MAMU BIOWASH,SUGAR SWIZZLE MAMU PDK L,0,60,0,0,75000,4500000,6450000
Okt-2026,DC TIGALAPAN,MAMU BIOWASH,SUGAR SWIZZLE MAMU PDK L,0,22,0,0,75000,1650000,4500000
Mei-2026,DC TIGALAPAN,MAMU BIOWASH,SUGAR SWIZZLE MAMU PDK M,0,50,0,0,75000,3750000,0
Jun-2026,DC TIGALAPAN,MAMU BIOWASH,SUGAR SWIZZLE MAMU PDK M,0,71,0,0,75000,5325000,3750000
Jul-2026,DC TIGALAPAN,MAMU BIOWASH,SUGAR SWIZZLE MAMU PDK M,0,67,0,0,75000,5025000,5325000
Agu-2026,DC TIGALAPAN,MAMU BIOWASH,SUGAR SWIZZLE MAMU PDK M,0,44,0,0,75000,3300000,5025000
Sep-2026,DC TIGALAPAN,MAMU BIOWASH,SUGAR SWIZZLE MAMU PDK M,0,30,0,0,75000,2250000,3300000
Okt-2026,DC TIGALAPAN,MAMU BIOWASH,SUGAR SWIZZLE MAMU PDK M,0,16,0,0,75000,1200000,2250000
Mei-2026,DC TIGALAPAN,MAMU BIOWASH,SUGAR SWIZZLE MAMU PDK S,0,8,0,0,75000,600000,0
Jun-2026,DC TIGALAPAN,MAMU BIOWASH,SUGAR SWIZZLE MAMU PDK S,0,10,0,0,75000,750000,600000
Mei-2026,DC TIGALAPAN,MAMU BIOWASH,SUGAR SWIZZLE MAMU PDK XL,0,69,0,0,75000,5175000,0
Jun-2026,DC TIGALAPAN,MAMU BIOWASH,SUGAR SWIZZLE MAMU PDK XL,0,71,0,0,75000,5325000,5175000
Jul-2026,DC TIGALAPAN,MAMU BIOWASH,SUGAR SWIZZLE MAMU PDK XL,0,63,0,0,75000,4725000,5325000
Agu-2026,DC TIGALAPAN,MAMU BIOWASH,SUGAR SWIZZLE MAMU PDK XL,0,50,0,0,75000,3750000,4725000
Sep-2026,DC TIGALAPAN,MAMU BIOWASH,SUGAR SWIZZLE MAMU PDK XL,0,26,0,0,75000,1950000,3750000
Okt-2026,DC TIGALAPAN,MAMU BIOWASH,SUGAR SWIZZLE MAMU PDK XL,0,16,0,0,75000,1200000,1950000
Jun-2026,DC TIGALAPAN,MAMU BIOWASH,BERING SEA MAMU PDK 2XL,0,0,0,0,75000,0,450000
Jun-2026,DC TIGALAPAN,MAMU BIOWASH,BERING SEA MAMU PDK S,0,0,0,0,75000,0,600000
Agu-2026,DC TIGALAPAN,MAMU BIOWASH,BLACK NT MAMU PDK S,0,0,0,0,33144,0,232008
Okt-2026,DC TIGALAPAN,MAMU BIOWASH,BLACK NT MAMU PDK XL,0,0,0,0,33144,0,99432
Sep-2026,DC TIGALAPAN,MAMU BIOWASH,CROCODILE MAMU PDK 2XL,0,0,0,0,35756,0,143024
Apr-2026,DC TIGALAPAN,MAMU BIOWASH,CROCODILE MAMU PDK M,0,0,0,0,36874,0,36874
Okt-2026,DC TIGALAPAN,MAMU BIOWASH,CROCODILE MAMU PDK M,0,0,0,0,36874,0,184370
Jul-2026,DC TIGALAPAN,MAMU BIOWASH,CROCODILE MAMU PDK S,0,0,0,0,35756,0,250292
Agu-2026,DC TIGALAPAN,MAMU BIOWASH,NAVY MAMU PDK XL,0,0,0,0,40443,0,40443
Okt-2026,DC TIGALAPAN,MAMU BIOWASH,PASTEL GREEN MAMU PDK 2XL,0,0,0,0,75000,0,150000
Sep-2026,DC TIGALAPAN,MAMU BIOWASH,PASTEL GREEN MAMU PDK S,0,0,0,0,75000,0,450000
Jun-2026,DC TIGALAPAN,MAMU BIOWASH,POPY SEED MAMU PDK 2XL,0,0,0,0,43442,0,304094
Sep-2026,DC TIGALAPAN,MAMU BIOWASH,POPY SEED MAMU PDK M,0,0,0,0,38850,0,116550
Jun-2026,DC TIGALAPAN,MAMU BIOWASH,POPY SEED MAMU PDK S,0,0,0,0,38850,0,271950
Sep-2026,DC TIGALAPAN,MAMU BIOWASH,POPY SEED MAMU PDK XL,0,0,0,0,35635,0,641430
Jun-2026,DC TIGALAPAN,MAMU BIOWASH,PUTIH NETRAL MAMU PDK 2XL,0,0,0,0,75000,0,900000
Agu-2026,DC TIGALAPAN,MAMU BIOWASH,PUTIH NETRAL MAMU PDK S,0,0,0,0,75000,0,450000
Agu-2026,DC TIGALAPAN,MAMU BIOWASH,SENECA ROCK MAMU PDK S,0,0,0,0,38483,0,76966
Sep-2026,DC TIGALAPAN,MAMU BIOWASH,SUGAR SWIZZLE MAMU PDK 2XL,0,0,0,0,75000,0,150000
Jul-2026,DC TIGALAPAN,MAMU BIOWASH,SUGAR SWIZZLE MAMU PDK S,0,0,0,0,75000,0,750000
