Bulan,Store,Warna,Item,COGS,OH Qty,OD Qty,WIP Qty,HPP,Inventory Akhir,Inventory Awal
Jan-2026,MAMU BTP,OVERSIZE RAGLAN KID MAMU,RGL OS PUTIH-ARMY KID 2XL,28583,0,0,0,28583,0,0
Jun-2026,MAMU BTP,OVERSIZE RAGLAN KID MAMU,RGL OS PUTIH-ARMY KID 2XL,0,10,0,0,28583,285830,0
Jul-2026,MAMU BTP,OVERSIZE RAGLAN KID MAMU,RGL OS PUTIH-ARMY KID 2XL,0,10,0,0,28583,285830,285830
Agu-2026,MAMU BTP,OVERSIZE RAGLAN KID MAMU,RGL OS PUTIH-ARMY KID 2XL,0,10,0,0,28583,285830,285830
Sep-2026,MAMU BTP,OVERSIZE RAGLAN KID MAMU,RGL OS PUTIH-ARMY KID 2XL,0,10,0,0,28583,285830,285830
Okt-2026,MAMU BTP,OVERSIZE RAGLAN KID MAMU,RGL OS PUTIH-ARMY KID 2XL,0,10,0,0,28583,285830,285830
Jan-2026,MAMU BTP,OVERSIZE RAGLAN KID MAMU,RGL OS PUTIH-ARMY KID L,171498,19,0,0,28583,543077,0
Feb-2026,MAMU BTP,OVERSIZE RAGLAN KID MAMU,RGL OS PUTIH-ARMY KID L,57166,17,0,0,28583,485911,543077
Mar-2026,MAMU BTP,OVERSIZE RAGLAN KID MAMU,RGL OS PUTIH-ARMY KID L,485911,0,0,0,28583,0,485911
Jun-2026,MAMU BTP,OVERSIZE RAGLAN KID MAMU,RGL OS PUTIH-ARMY KID L,0,10,0,0,28583,285830,0
Jul-2026,MAMU BTP,OVERSIZE RAGLAN KID MAMU,RGL OS PUTIH-ARMY KID L,29632,9,0,0,28583,257247,285830
Agu-2026,MAMU BTP,OVERSIZE RAGLAN KID MAMU,RGL OS PUTIH-ARMY KID L,88896,9,0,0,28583,257247,257247
Sep-2026,MAMU BTP,OVERSIZE RAGLAN KID MAMU,RGL OS PUTIH-ARMY KID L,59264,6,0,0,28583,171498,257247
Okt-2026,MAMU BTP,OVERSIZE RAGLAN KID MAMU,RGL OS PUTIH-ARMY KID L,0,6,0,0,28583,171498,171498
Jan-2026,MAMU BTP,OVERSIZE RAGLAN KID MAMU,RGL OS PUTIH-ARMY KID M,171498,5,0,0,28583,142915,0
Feb-2026,MAMU BTP,OVERSIZE RAGLAN KID MAMU,RGL OS PUTIH-ARMY KID M,85749,0,0,0,28583,0,142915
Jun-2026,MAMU BTP,OVERSIZE RAGLAN KID MAMU,RGL OS PUTIH-ARMY KID M,0,10,0,0,28583,285830,0
Jul-2026,MAMU BTP,OVERSIZE RAGLAN KID MAMU,RGL OS PUTIH-ARMY KID M,59264,10,0,0,28583,285830,285830
Agu-2026,MAMU BTP,OVERSIZE RAGLAN KID MAMU,RGL OS PUTIH-ARMY KID M,59264,7,0,0,28583,200081,285830
Sep-2026,MAMU BTP,OVERSIZE RAGLAN KID MAMU,RGL OS PUTIH-ARMY KID M,29632,5,0,0,28583,142915,200081
Okt-2026,MAMU BTP,OVERSIZE RAGLAN KID MAMU,RGL OS PUTIH-ARMY KID M,0,6,0,0,28583,171498,142915
Feb-2026,MAMU BTP,OVERSIZE RAGLAN KID MAMU,RGL OS PUTIH-ARMY KID S,57166,4,0,0,28583,114332,0
Mar-2026,MAMU BTP,OVERSIZE RAGLAN KID MAMU,RGL OS PUTIH-ARMY KID S,171498,4,0,0,28583,114332,114332
Apr-2026,MAMU BTP,OVERSIZE RAGLAN KID MAMU,RGL OS PUTIH-ARMY KID S,85749,0,0,0,28583,0,114332
Jun-2026,MAMU BTP,OVERSIZE RAGLAN KID MAMU,RGL OS PUTIH-ARMY KID S,0,10,0,0,28583,285830,0
Jul-2026,MAMU BTP,OVERSIZE RAGLAN KID MAMU,RGL OS PUTIH-ARMY KID S,29632,9,0,0,28583,257247,285830
Agu-2026,MAMU BTP,OVERSIZE RAGLAN KID MAMU,RGL OS PUTIH-ARMY KID S,88896,9,0,0,28583,257247,257247
Sep-2026,MAMU BTP,OVERSIZE RAGLAN KID MAMU,RGL OS PUTIH-ARMY KID S,59264,5,0,0,28583,142915,257247
Okt-2026,MAMU BTP,OVERSIZE RAGLAN KID MAMU,RGL OS PUTIH-ARMY KID S,0,5,0,0,28583,142915,142915
Jan-2026,MAMU BTP,OVERSIZE RAGLAN KID MAMU,RGL OS PUTIH-ARMY KID XL,85749,6,0,0,28583,171498,0
Feb-2026,MAMU BTP,OVERSIZE RAGLAN KID MAMU,RGL OS PUTIH-ARMY KID XL,171498,0,0,0,28583,0,171498
Jun-2026,MAMU BTP,OVERSIZE RAGLAN KID MAMU,RGL OS PUTIH-ARMY KID XL,0,10,0,0,28583,285830,0
Jul-2026,MAMU BTP,OVERSIZE RAGLAN KID MAMU,RGL OS PUTIH-ARMY KID XL,59264,9,0,0,28583,257247,285830
Agu-2026,MAMU BTP,OVERSIZE RAGLAN KID MAMU,RGL OS PUTIH-ARMY KID XL,29632,8,0,0,28583,228664,257247
Sep-2026,MAMU BTP,OVERSIZE RAGLAN KID MAMU,RGL OS PUTIH-ARMY KID XL,29632,6,0,0,28583,171498,228664
Okt-2026,MAMU BTP,OVERSIZE RAGLAN KID MAMU,RGL OS PUTIH-ARMY KID XL,0,6,0,0,28583,171498,171498
Jun-2026,MAMU BTP,OVERSIZE RAGLAN KID MAMU,RGL OS PUTIH-HITAM KID 2XL,0,10,0,0,30262,302620,0
Jul-2026,MAMU BTP,OVERSIZE RAGLAN KID MAMU,RGL OS PUTIH-HITAM KID 2XL,57988,8,0,0,30262,242096,302620
Agu-2026,MAMU BTP,OVERSIZE RAGLAN KID MAMU,RGL OS PUTIH-HITAM KID 2XL,0,8,0,0,30262,242096,242096
Sep-2026,MAMU BTP,OVERSIZE RAGLAN KID MAMU,RGL OS PUTIH-HITAM KID 2XL,28994,9,0,0,30262,272358,242096
Okt-2026,MAMU BTP,OVERSIZE RAGLAN KID MAMU,RGL OS PUTIH-HITAM KID 2XL,0,9,0,0,30262,272358,272358
Jan-2026,MAMU BTP,OVERSIZE RAGLAN KID MAMU,RGL OS PUTIH-HITAM KID L,30262,11,0,0,30262,332882,0
Feb-2026,MAMU BTP,OVERSIZE RAGLAN KID MAMU,RGL OS PUTIH-HITAM KID L,30262,10,0,0,30262,302620,332882
Mar-2026,MAMU BTP,OVERSIZE RAGLAN KID MAMU,RGL OS PUTIH-HITAM KID L,242096,0,0,0,30262,0,302620
Jun-2026,MAMU BTP,OVERSIZE RAGLAN KID MAMU,RGL OS PUTIH-HITAM KID L,0,10,0,0,30262,302620,0
Jul-2026,MAMU BTP,OVERSIZE RAGLAN KID MAMU,RGL OS PUTIH-HITAM KID L,86982,9,0,0,30262,272358,302620
Agu-2026,MAMU BTP,OVERSIZE RAGLAN KID MAMU,RGL OS PUTIH-HITAM KID L,28994,7,0,0,30262,211834,272358
Sep-2026,MAMU BTP,OVERSIZE RAGLAN KID MAMU,RGL OS PUTIH-HITAM KID L,0,9,0,0,30262,272358,211834
Okt-2026,MAMU BTP,OVERSIZE RAGLAN KID MAMU,RGL OS PUTIH-HITAM KID L,0,9,0,0,30262,272358,272358
Jan-2026,MAMU BTP,OVERSIZE RAGLAN KID MAMU,RGL OS PUTIH-HITAM KID M,60524,4,0,0,30262,121048,0
Feb-2026,MAMU BTP,OVERSIZE RAGLAN KID MAMU,RGL OS PUTIH-HITAM KID M,30262,3,0,0,30262,90786,121048
Mar-2026,MAMU BTP,OVERSIZE RAGLAN KID MAMU,RGL OS PUTIH-HITAM KID M,90786,0,0,0,30262,0,90786
Jun-2026,MAMU BTP,OVERSIZE RAGLAN KID MAMU,RGL OS PUTIH-HITAM KID M,0,10,0,0,30262,302620,0
Jul-2026,MAMU BTP,OVERSIZE RAGLAN KID MAMU,RGL OS PUTIH-HITAM KID M,28994,9,0,0,30262,272358,302620
Agu-2026,MAMU BTP,OVERSIZE RAGLAN KID MAMU,RGL OS PUTIH-HITAM KID M,86982,8,0,0,30262,242096,272358
Sep-2026,MAMU BTP,OVERSIZE RAGLAN KID MAMU,RGL OS PUTIH-HITAM KID M,28994,6,0,0,30262,181572,242096
Okt-2026,MAMU BTP,OVERSIZE RAGLAN KID MAMU,RGL OS PUTIH-HITAM KID M,0,6,0,0,30262,181572,181572
Feb-2026,MAMU BTP,OVERSIZE RAGLAN KID MAMU,RGL OS PUTIH-HITAM KID S,0,5,0,0,30262,151310,0
Mar-2026,MAMU BTP,OVERSIZE RAGLAN KID MAMU,RGL OS PUTIH-HITAM KID S,151310,7,0,0,30262,211834,151310
Apr-2026,MAMU BTP,OVERSIZE RAGLAN KID MAMU,RGL OS PUTIH-HITAM KID S,60524,6,0,0,30262,181572,211834
Mei-2026,MAMU BTP,OVERSIZE RAGLAN KID MAMU,RGL OS PUTIH-HITAM KID S,151310,0,0,0,30262,0,181572
Jun-2026,MAMU BTP,OVERSIZE RAGLAN KID MAMU,RGL OS PUTIH-HITAM KID S,37137,9,0,0,30262,272358,0
Jul-2026,MAMU BTP,OVERSIZE RAGLAN KID MAMU,RGL OS PUTIH-HITAM KID S,111411,7,0,0,30262,211834,272358
Agu-2026,MAMU BTP,OVERSIZE RAGLAN KID MAMU,RGL OS PUTIH-HITAM KID S,74274,5,0,0,30262,151310,211834
Sep-2026,MAMU BTP,OVERSIZE RAGLAN KID MAMU,RGL OS PUTIH-HITAM KID S,185685,6,0,0,30262,181572,151310
Okt-2026,MAMU BTP,OVERSIZE RAGLAN KID MAMU,RGL OS PUTIH-HITAM KID S,0,6,0,0,30262,181572,181572
Jan-2026,MAMU BTP,OVERSIZE RAGLAN KID MAMU,RGL OS PUTIH-HITAM KID XL,0,4,0,0,30262,121048,0
Feb-2026,MAMU BTP,OVERSIZE RAGLAN KID MAMU,RGL OS PUTIH-HITAM KID XL,121048,0,0,0,30262,0,121048
Jun-2026,MAMU BTP,OVERSIZE RAGLAN KID MAMU,RGL OS PUTIH-HITAM KID XL,0,10,0,0,30262,302620,0
Jul-2026,MAMU BTP,OVERSIZE RAGLAN KID MAMU,RGL OS PUTIH-HITAM KID XL,86982,7,0,0,30262,211834,302620
Agu-2026,MAMU BTP,OVERSIZE RAGLAN KID MAMU,RGL OS PUTIH-HITAM KID XL,28994,6,0,0,30262,181572,211834
Sep-2026,MAMU BTP,OVERSIZE RAGLAN KID MAMU,RGL OS PUTIH-HITAM KID XL,57988,6,0,0,30262,181572,181572
Okt-2026,MAMU BTP,OVERSIZE RAGLAN KID MAMU,RGL OS PUTIH-HITAM KID XL,0,7,0,0,30262,211834,181572
Jan-2026,MAMU BTP,OVERSIZE RAGLAN KID MAMU,RGL OS PUTIH-NAVY KID 2XL,57458,0,0,0,28729,0,0
Jun-2026,MAMU BTP,OVERSIZE RAGLAN KID MAMU,RGL OS PUTIH-NAVY KID 2XL,0,10,0,0,28729,287290,0
Jul-2026,MAMU BTP,OVERSIZE RAGLAN KID MAMU,RGL OS PUTIH-NAVY KID 2XL,148245,5,0,0,28729,143645,287290
Agu-2026,MAMU BTP,OVERSIZE RAGLAN KID MAMU,RGL OS PUTIH-NAVY KID 2XL,59298,3,0,0,28729,86187,143645
Sep-2026,MAMU BTP,OVERSIZE RAGLAN KID MAMU,RGL OS PUTIH-NAVY KID 2XL,0,3,0,0,28729,86187,86187
Okt-2026,MAMU BTP,OVERSIZE RAGLAN KID MAMU,RGL OS PUTIH-NAVY KID 2XL,0,3,0,0,28729,86187,86187
Jan-2026,MAMU BTP,OVERSIZE RAGLAN KID MAMU,RGL OS PUTIH-NAVY KID L,86187,22,0,0,28729,632038,0
Feb-2026,MAMU BTP,OVERSIZE RAGLAN KID MAMU,RGL OS PUTIH-NAVY KID L,28729,20,0,0,28729,574580,632038
Mar-2026,MAMU BTP,OVERSIZE RAGLAN KID MAMU,RGL OS PUTIH-NAVY KID L,459664,1,0,0,28729,28729,574580
Apr-2026,MAMU BTP,OVERSIZE RAGLAN KID MAMU,RGL OS PUTIH-NAVY KID L,57458,0,0,0,28729,0,28729
Jun-2026,MAMU BTP,OVERSIZE RAGLAN KID MAMU,RGL OS PUTIH-NAVY KID L,0,10,0,0,28729,287290,0
Jul-2026,MAMU BTP,OVERSIZE RAGLAN KID MAMU,RGL OS PUTIH-NAVY KID L,59298,8,0,0,28729,229832,287290
Agu-2026,MAMU BTP,OVERSIZE RAGLAN KID MAMU,RGL OS PUTIH-NAVY KID L,29649,7,0,0,28729,201103,229832
Sep-2026,MAMU BTP,OVERSIZE RAGLAN KID MAMU,RGL OS PUTIH-NAVY KID L,59092,6,0,0,28729,172374,201103
Okt-2026,MAMU BTP,OVERSIZE RAGLAN KID MAMU,RGL OS PUTIH-NAVY KID L,0,6,0,0,28729,172374,172374
Jan-2026,MAMU BTP,OVERSIZE RAGLAN KID MAMU,RGL OS PUTIH-NAVY KID M,0,9,0,0,28729,258561,0
Feb-2026,MAMU BTP,OVERSIZE RAGLAN KID MAMU,RGL OS PUTIH-NAVY KID M,143645,6,0,0,28729,172374,258561
Mar-2026,MAMU BTP,OVERSIZE RAGLAN KID MAMU,RGL OS PUTIH-NAVY KID M,114916,0,0,0,28729,0,172374
Jun-2026,MAMU BTP,OVERSIZE RAGLAN KID MAMU,RGL OS PUTIH-NAVY KID M,0,10,0,0,28729,287290,0
Jul-2026,MAMU BTP,OVERSIZE RAGLAN KID MAMU,RGL OS PUTIH-NAVY KID M,59298,9,0,0,28729,258561,287290
Agu-2026,MAMU BTP,OVERSIZE RAGLAN KID MAMU,RGL OS PUTIH-NAVY KID M,88947,4,0,0,28729,114916,258561
Sep-2026,MAMU BTP,OVERSIZE RAGLAN KID MAMU,RGL OS PUTIH-NAVY KID M,29283,5,0,0,28729,143645,114916
Okt-2026,MAMU BTP,OVERSIZE RAGLAN KID MAMU,RGL OS PUTIH-NAVY KID M,0,7,0,0,28729,201103,143645
Feb-2026,MAMU BTP,OVERSIZE RAGLAN KID MAMU,RGL OS PUTIH-NAVY KID S,28729,5,0,0,28729,143645,0
Mar-2026,MAMU BTP,OVERSIZE RAGLAN KID MAMU,RGL OS PUTIH-NAVY KID S,114916,5,0,0,28729,143645,143645
Apr-2026,MAMU BTP,OVERSIZE RAGLAN KID MAMU,RGL OS PUTIH-NAVY KID S,114916,1,0,0,28729,28729,143645
Mei-2026,MAMU BTP,OVERSIZE RAGLAN KID MAMU,RGL OS PUTIH-NAVY KID S,28729,0,0,0,28729,0,28729
Jun-2026,MAMU BTP,OVERSIZE RAGLAN KID MAMU,RGL OS PUTIH-NAVY KID S,0,10,0,0,28729,287290,0
Jul-2026,MAMU BTP,OVERSIZE RAGLAN KID MAMU,RGL OS PUTIH-NAVY KID S,177894,5,0,0,28729,143645,287290
Agu-2026,MAMU BTP,OVERSIZE RAGLAN KID MAMU,RGL OS PUTIH-NAVY KID S,29649,6,0,0,28729,172374,143645
Sep-2026,MAMU BTP,OVERSIZE RAGLAN KID MAMU,RGL OS PUTIH-NAVY KID S,29384,6,0,0,28729,172374,172374
Okt-2026,MAMU BTP,OVERSIZE RAGLAN KID MAMU,RGL OS PUTIH-NAVY KID S,0,6,0,0,28729,172374,172374
Jan-2026,MAMU BTP,OVERSIZE RAGLAN KID MAMU,RGL OS PUTIH-NAVY KID XL,86187,8,0,0,28729,229832,0
Feb-2026,MAMU BTP,OVERSIZE RAGLAN KID MAMU,RGL OS PUTIH-NAVY KID XL,172374,3,0,0,28729,86187,229832
Mar-2026,MAMU BTP,OVERSIZE RAGLAN KID MAMU,RGL OS PUTIH-NAVY KID XL,86187,0,0,0,28729,0,86187
Jun-2026,MAMU BTP,OVERSIZE RAGLAN KID MAMU,RGL OS PUTIH-NAVY KID XL,0,10,0,0,28729,287290,0
Jul-2026,MAMU BTP,OVERSIZE RAGLAN KID MAMU,RGL OS PUTIH-NAVY KID XL,88947,9,0,0,28729,258561,287290
Agu-2026,MAMU BTP,OVERSIZE RAGLAN KID MAMU,RGL OS PUTIH-NAVY KID XL,29649,6,0,0,28729,172374,258561
Sep-2026,MAMU BTP,OVERSIZE RAGLAN KID MAMU,RGL OS PUTIH-NAVY KID XL,0,6,0,0,28729,172374,172374
Okt-2026,MAMU BTP,OVERSIZE RAGLAN KID MAMU,RGL OS PUTIH-NAVY KID XL,0,6,0,0,28729,172374,172374
Jan-2026,MAMU BTP,OVERSIZE RAGLAN KID MAMU,RGL OS PUTIH-TOFFEE KID 2XL,29578,0,0,0,29578,0,0
Jun-2026,MAMU BTP,OVERSIZE RAGLAN KID MAMU,RGL OS PUTIH-TOFFEE KID 2XL,0,10,0,0,29578,295780,0
Jul-2026,MAMU BTP,OVERSIZE RAGLAN KID MAMU,RGL OS PUTIH-TOFFEE KID 2XL,28080,9,0,0,29578,266202,295780
Agu-2026,MAMU BTP,OVERSIZE RAGLAN KID MAMU,RGL OS PUTIH-TOFFEE KID 2XL,28080,9,0,0,29578,266202,266202
Sep-2026,MAMU BTP,OVERSIZE RAGLAN KID MAMU,RGL OS PUTIH-TOFFEE KID 2XL,28080,7,0,0,29578,207046,266202
Okt-2026,MAMU BTP,OVERSIZE RAGLAN KID MAMU,RGL OS PUTIH-TOFFEE KID 2XL,28080,6,0,0,29578,177468,207046
Jan-2026,MAMU BTP,OVERSIZE RAGLAN KID MAMU,RGL OS PUTIH-TOFFEE KID L,207046,9,0,0,29578,266202,0
Feb-2026,MAMU BTP,OVERSIZE RAGLAN KID MAMU,RGL OS PUTIH-TOFFEE KID L,236624,0,0,0,29578,0,266202
Mar-2026,MAMU BTP,OVERSIZE RAGLAN KID MAMU,RGL OS PUTIH-TOFFEE KID L,0,1,0,0,29578,29578,0
Apr-2026,MAMU BTP,OVERSIZE RAGLAN KID MAMU,RGL OS PUTIH-TOFFEE KID L,59156,0,0,0,29578,0,29578
Jun-2026,MAMU BTP,OVERSIZE RAGLAN KID MAMU,RGL OS PUTIH-TOFFEE KID L,0,10,0,0,29578,295780,0
Jul-2026,MAMU BTP,OVERSIZE RAGLAN KID MAMU,RGL OS PUTIH-TOFFEE KID L,56160,8,0,0,29578,236624,295780
Agu-2026,MAMU BTP,OVERSIZE RAGLAN KID MAMU,RGL OS PUTIH-TOFFEE KID L,28080,7,0,0,29578,207046,236624
Sep-2026,MAMU BTP,OVERSIZE RAGLAN KID MAMU,RGL OS PUTIH-TOFFEE KID L,27783,8,0,0,29578,236624,207046
Okt-2026,MAMU BTP,OVERSIZE RAGLAN KID MAMU,RGL OS PUTIH-TOFFEE KID L,0,8,0,0,29578,236624,236624
Jan-2026,MAMU BTP,OVERSIZE RAGLAN KID MAMU,RGL OS PUTIH-TOFFEE KID M,118312,3,0,0,29578,88734,0
Feb-2026,MAMU BTP,OVERSIZE RAGLAN KID MAMU,RGL OS PUTIH-TOFFEE KID M,88734,0,0,0,29578,0,88734
Jun-2026,MAMU BTP,OVERSIZE RAGLAN KID MAMU,RGL OS PUTIH-TOFFEE KID M,28080,9,0,0,29578,266202,0
Jul-2026,MAMU BTP,OVERSIZE RAGLAN KID MAMU,RGL OS PUTIH-TOFFEE KID M,84240,6,0,0,29578,177468,266202
Agu-2026,MAMU BTP,OVERSIZE RAGLAN KID MAMU,RGL OS PUTIH-TOFFEE KID M,28080,5,0,0,29578,147890,177468
Sep-2026,MAMU BTP,OVERSIZE RAGLAN KID MAMU,RGL OS PUTIH-TOFFEE KID M,28080,4,0,0,29578,118312,147890
Okt-2026,MAMU BTP,OVERSIZE RAGLAN KID MAMU,RGL OS PUTIH-TOFFEE KID M,0,4,0,0,29578,118312,118312
Jan-2026,MAMU BTP,OVERSIZE RAGLAN KID MAMU,RGL OS PUTIH-TOFFEE KID S,29578,0,0,0,29578,0,0
Jun-2026,MAMU BTP,OVERSIZE RAGLAN KID MAMU,RGL OS PUTIH-TOFFEE KID S,0,10,0,0,29578,295780,0
Jul-2026,MAMU BTP,OVERSIZE RAGLAN KID MAMU,RGL OS PUTIH-TOFFEE KID S,34225,9,0,0,29578,266202,295780
Agu-2026,MAMU BTP,OVERSIZE RAGLAN KID MAMU,RGL OS PUTIH-TOFFEE KID S,136900,7,0,0,29578,207046,266202
Sep-2026,MAMU BTP,OVERSIZE RAGLAN KID MAMU,RGL OS PUTIH-TOFFEE KID S,34225,4,0,0,29578,118312,207046
Okt-2026,MAMU BTP,OVERSIZE RAGLAN KID MAMU,RGL OS PUTIH-TOFFEE KID S,0,4,0,0,29578,118312,118312
Jan-2026,MAMU BTP,OVERSIZE RAGLAN KID MAMU,RGL OS PUTIH-TOFFEE KID XL,88734,3,0,0,29578,88734,0
Feb-2026,MAMU BTP,OVERSIZE RAGLAN KID MAMU,RGL OS PUTIH-TOFFEE KID XL,59156,0,0,0,29578,0,88734
Jun-2026,MAMU BTP,OVERSIZE RAGLAN KID MAMU,RGL OS PUTIH-TOFFEE KID XL,0,10,0,0,29578,295780,0
Jul-2026,MAMU BTP,OVERSIZE RAGLAN KID MAMU,RGL OS PUTIH-TOFFEE KID XL,112320,9,0,0,29578,266202,295780
Agu-2026,MAMU BTP,OVERSIZE RAGLAN KID MAMU,RGL OS PUTIH-TOFFEE KID XL,84240,3,0,0,29578,88734,266202
Sep-2026,MAMU BTP,OVERSIZE RAGLAN KID MAMU,RGL OS PUTIH-TOFFEE KID XL,108853,3,0,0,29578,88734,88734
Okt-2026,MAMU BTP,OVERSIZE RAGLAN KID MAMU,RGL OS PUTIH-TOFFEE KID XL,0,5,0,0,29578,147890,88734
Jun-2026,MAMU GOWA,OVERSIZE RAGLAN KID MAMU,RGL OS PUTIH-ARMY KID 2XL,0,5,0,0,28583,142915,0
Jul-2026,MAMU GOWA,OVERSIZE RAGLAN KID MAMU,RGL OS PUTIH-ARMY KID 2XL,29632,4,0,0,28583,114332,142915
Agu-2026,MAMU GOWA,OVERSIZE RAGLAN KID MAMU,RGL OS PUTIH-ARMY KID 2XL,0,4,0,0,28583,114332,114332
Sep-2026,MAMU GOWA,OVERSIZE RAGLAN KID MAMU,RGL OS PUTIH-ARMY KID 2XL,88896,1,0,0,28583,28583,114332
Okt-2026,MAMU GOWA,OVERSIZE RAGLAN KID MAMU,RGL OS PUTIH-ARMY KID 2XL,29632,0,0,0,28583,0,28583
Jun-2026,MAMU GOWA,OVERSIZE RAGLAN KID MAMU,RGL OS PUTIH-ARMY KID L,0,5,0,0,28583,142915,0
Jul-2026,MAMU GOWA,OVERSIZE RAGLAN KID MAMU,RGL OS PUTIH-ARMY KID L,0,5,0,0,28583,142915,142915
Agu-2026,MAMU GOWA,OVERSIZE RAGLAN KID MAMU,RGL OS PUTIH-ARMY KID L,0,5,0,0,28583,142915,142915
Sep-2026,MAMU GOWA,OVERSIZE RAGLAN KID MAMU,RGL OS PUTIH-ARMY KID L,0,5,0,0,28583,142915,142915
Okt-2026,MAMU GOWA,OVERSIZE RAGLAN KID MAMU,RGL OS PUTIH-ARMY KID L,0,5,0,0,28583,142915,142915
Jun-2026,MAMU GOWA,OVERSIZE RAGLAN KID MAMU,RGL OS PUTIH-ARMY KID M,0,5,0,0,28583,142915,0
Jul-2026,MAMU GOWA,OVERSIZE RAGLAN KID MAMU,RGL OS PUTIH-ARMY KID M,0,5,0,0,28583,142915,142915
Agu-2026,MAMU GOWA,OVERSIZE RAGLAN KID MAMU,RGL OS PUTIH-ARMY KID M,0,5,0,0,28583,142915,142915
Sep-2026,MAMU GOWA,OVERSIZE RAGLAN KID MAMU,RGL OS PUTIH-ARMY KID M,59264,5,0,0,28583,142915,142915
Okt-2026,MAMU GOWA,OVERSIZE RAGLAN KID MAMU,RGL OS PUTIH-ARMY KID M,0,4,0,0,28583,114332,142915
Mar-2026,MAMU GOWA,OVERSIZE RAGLAN KID MAMU,RGL OS PUTIH-ARMY KID S,28583,5,0,0,28583,142915,0
Apr-2026,MAMU GOWA,OVERSIZE RAGLAN KID MAMU,RGL OS PUTIH-ARMY KID S,85749,2,0,0,28583,57166,142915
Mei-2026,MAMU GOWA,OVERSIZE RAGLAN KID MAMU,RGL OS PUTIH-ARMY KID S,57166,0,0,0,28583,0,57166
Jun-2026,MAMU GOWA,OVERSIZE RAGLAN KID MAMU,RGL OS PUTIH-ARMY KID S,0,5,0,0,28583,142915,0
Jul-2026,MAMU GOWA,OVERSIZE RAGLAN KID MAMU,RGL OS PUTIH-ARMY KID S,0,5,0,0,28583,142915,142915
Agu-2026,MAMU GOWA,OVERSIZE RAGLAN KID MAMU,RGL OS PUTIH-ARMY KID S,0,5,0,0,28583,142915,142915
Sep-2026,MAMU GOWA,OVERSIZE RAGLAN KID MAMU,RGL OS PUTIH-ARMY KID S,29632,5,0,0,28583,142915,142915
Okt-2026,MAMU GOWA,OVERSIZE RAGLAN KID MAMU,RGL OS PUTIH-ARMY KID S,0,5,0,0,28583,142915,142915
Jun-2026,MAMU GOWA,OVERSIZE RAGLAN KID MAMU,RGL OS PUTIH-ARMY KID XL,0,5,0,0,28583,142915,0
Jul-2026,MAMU GOWA,OVERSIZE RAGLAN KID MAMU,RGL OS PUTIH-ARMY KID XL,0,5,0,0,28583,142915,142915
Agu-2026,MAMU GOWA,OVERSIZE RAGLAN KID MAMU,RGL OS PUTIH-ARMY KID XL,29632,5,0,0,28583,142915,142915
Sep-2026,MAMU GOWA,OVERSIZE RAGLAN KID MAMU,RGL OS PUTIH-ARMY KID XL,59264,7,0,0,28583,200081,142915
Okt-2026,MAMU GOWA,OVERSIZE RAGLAN KID MAMU,RGL OS PUTIH-ARMY KID XL,0,7,0,0,28583,200081,200081
Jun-2026,MAMU GOWA,OVERSIZE RAGLAN KID MAMU,RGL OS PUTIH-HITAM KID 2XL,0,5,0,0,30262,151310,0
Jul-2026,MAMU GOWA,OVERSIZE RAGLAN KID MAMU,RGL OS PUTIH-HITAM KID 2XL,0,5,0,0,30262,151310,151310
Agu-2026,MAMU GOWA,OVERSIZE RAGLAN KID MAMU,RGL OS PUTIH-HITAM KID 2XL,28994,4,0,0,30262,121048,151310
Sep-2026,MAMU GOWA,OVERSIZE RAGLAN KID MAMU,RGL OS PUTIH-HITAM KID 2XL,0,4,0,0,30262,121048,121048
Okt-2026,MAMU GOWA,OVERSIZE RAGLAN KID MAMU,RGL OS PUTIH-HITAM KID 2XL,0,4,0,0,30262,121048,121048
Mar-2026,MAMU GOWA,OVERSIZE RAGLAN KID MAMU,RGL OS PUTIH-HITAM KID L,90786,0,0,0,30262,0,0
Jun-2026,MAMU GOWA,OVERSIZE RAGLAN KID MAMU,RGL OS PUTIH-HITAM KID L,0,5,0,0,30262,151310,0
Jul-2026,MAMU GOWA,OVERSIZE RAGLAN KID MAMU,RGL OS PUTIH-HITAM KID L,57988,3,0,0,30262,90786,151310
Agu-2026,MAMU GOWA,OVERSIZE RAGLAN KID MAMU,RGL OS PUTIH-HITAM KID L,86982,2,0,0,30262,60524,90786
Sep-2026,MAMU GOWA,OVERSIZE RAGLAN KID MAMU,RGL OS PUTIH-HITAM KID L,0,5,0,0,30262,151310,60524
Okt-2026,MAMU GOWA,OVERSIZE RAGLAN KID MAMU,RGL OS PUTIH-HITAM KID L,0,5,0,0,30262,151310,151310
Jun-2026,MAMU GOWA,OVERSIZE RAGLAN KID MAMU,RGL OS PUTIH-HITAM KID M,0,5,0,0,30262,151310,0
Jul-2026,MAMU GOWA,OVERSIZE RAGLAN KID MAMU,RGL OS PUTIH-HITAM KID M,0,5,0,0,30262,151310,151310
Agu-2026,MAMU GOWA,OVERSIZE RAGLAN KID MAMU,RGL OS PUTIH-HITAM KID M,28994,5,0,0,30262,151310,151310
Sep-2026,MAMU GOWA,OVERSIZE RAGLAN KID MAMU,RGL OS PUTIH-HITAM KID M,0,5,0,0,30262,151310,151310
Okt-2026,MAMU GOWA,OVERSIZE RAGLAN KID MAMU,RGL OS PUTIH-HITAM KID M,0,5,0,0,30262,151310,151310
Mar-2026,MAMU GOWA,OVERSIZE RAGLAN KID MAMU,RGL OS PUTIH-HITAM KID S,211834,1,0,0,30262,30262,0
Apr-2026,MAMU GOWA,OVERSIZE RAGLAN KID MAMU,RGL OS PUTIH-HITAM KID S,0,0,0,0,30262,0,30262
Jun-2026,MAMU GOWA,OVERSIZE RAGLAN KID MAMU,RGL OS PUTIH-HITAM KID S,0,5,0,0,30262,151310,0
Jul-2026,MAMU GOWA,OVERSIZE RAGLAN KID MAMU,RGL OS PUTIH-HITAM KID S,74274,4,0,0,30262,121048,151310
Agu-2026,MAMU GOWA,OVERSIZE RAGLAN KID MAMU,RGL OS PUTIH-HITAM KID S,74274,4,0,0,30262,121048,121048
Sep-2026,MAMU GOWA,OVERSIZE RAGLAN KID MAMU,RGL OS PUTIH-HITAM KID S,0,5,0,0,30262,151310,121048
Okt-2026,MAMU GOWA,OVERSIZE RAGLAN KID MAMU,RGL OS PUTIH-HITAM KID S,0,5,0,0,30262,151310,151310
Jun-2026,MAMU GOWA,OVERSIZE RAGLAN KID MAMU,RGL OS PUTIH-HITAM KID XL,0,5,0,0,30262,151310,0
Jul-2026,MAMU GOWA,OVERSIZE RAGLAN KID MAMU,RGL OS PUTIH-HITAM KID XL,28994,5,0,0,30262,151310,151310
Agu-2026,MAMU GOWA,OVERSIZE RAGLAN KID MAMU,RGL OS PUTIH-HITAM KID XL,0,5,0,0,30262,151310,151310
Sep-2026,MAMU GOWA,OVERSIZE RAGLAN KID MAMU,RGL OS PUTIH-HITAM KID XL,0,5,0,0,30262,151310,151310
Okt-2026,MAMU GOWA,OVERSIZE RAGLAN KID MAMU,RGL OS PUTIH-HITAM KID XL,0,5,0,0,30262,151310,151310
Jun-2026,MAMU GOWA,OVERSIZE RAGLAN KID MAMU,RGL OS PUTIH-NAVY KID 2XL,0,5,0,0,28729,143645,0
Jul-2026,MAMU GOWA,OVERSIZE RAGLAN KID MAMU,RGL OS PUTIH-NAVY KID 2XL,0,5,0,0,28729,143645,143645
Agu-2026,MAMU GOWA,OVERSIZE RAGLAN KID MAMU,RGL OS PUTIH-NAVY KID 2XL,29649,4,0,0,28729,114916,143645
Sep-2026,MAMU GOWA,OVERSIZE RAGLAN KID MAMU,RGL OS PUTIH-NAVY KID 2XL,0,4,0,0,28729,114916,114916
Okt-2026,MAMU GOWA,OVERSIZE RAGLAN KID MAMU,RGL OS PUTIH-NAVY KID 2XL,0,4,0,0,28729,114916,114916
Mar-2026,MAMU GOWA,OVERSIZE RAGLAN KID MAMU,RGL OS PUTIH-NAVY KID L,143645,0,0,0,28729,0,0
Jun-2026,MAMU GOWA,OVERSIZE RAGLAN KID MAMU,RGL OS PUTIH-NAVY KID L,0,5,0,0,28729,143645,0
Jul-2026,MAMU GOWA,OVERSIZE RAGLAN KID MAMU,RGL OS PUTIH-NAVY KID L,0,5,0,0,28729,143645,143645
Agu-2026,MAMU GOWA,OVERSIZE RAGLAN KID MAMU,RGL OS PUTIH-NAVY KID L,59298,3,0,0,28729,86187,143645
Sep-2026,MAMU GOWA,OVERSIZE RAGLAN KID MAMU,RGL OS PUTIH-NAVY KID L,29319,5,0,0,28729,143645,86187
Okt-2026,MAMU GOWA,OVERSIZE RAGLAN KID MAMU,RGL OS PUTIH-NAVY KID L,0,5,0,0,28729,143645,143645
Jun-2026,MAMU GOWA,OVERSIZE RAGLAN KID MAMU,RGL OS PUTIH-NAVY KID M,0,5,0,0,28729,143645,0
Jul-2026,MAMU GOWA,OVERSIZE RAGLAN KID MAMU,RGL OS PUTIH-NAVY KID M,29649,4,0,0,28729,114916,143645
Agu-2026,MAMU GOWA,OVERSIZE RAGLAN KID MAMU,RGL OS PUTIH-NAVY KID M,0,5,0,0,28729,143645,114916
Sep-2026,MAMU GOWA,OVERSIZE RAGLAN KID MAMU,RGL OS PUTIH-NAVY KID M,29649,5,0,0,28729,143645,143645
Okt-2026,MAMU GOWA,OVERSIZE RAGLAN KID MAMU,RGL OS PUTIH-NAVY KID M,0,5,0,0,28729,143645,143645
Mar-2026,MAMU GOWA,OVERSIZE RAGLAN KID MAMU,RGL OS PUTIH-NAVY KID S,258561,3,0,0,28729,86187,0
Apr-2026,MAMU GOWA,OVERSIZE RAGLAN KID MAMU,RGL OS PUTIH-NAVY KID S,28729,2,0,0,28729,57458,86187
Mei-2026,MAMU GOWA,OVERSIZE RAGLAN KID MAMU,RGL OS PUTIH-NAVY KID S,57458,0,0,0,28729,0,57458
Jun-2026,MAMU GOWA,OVERSIZE RAGLAN KID MAMU,RGL OS PUTIH-NAVY KID S,0,5,0,0,28729,143645,0
Jul-2026,MAMU GOWA,OVERSIZE RAGLAN KID MAMU,RGL OS PUTIH-NAVY KID S,29649,5,0,0,28729,143645,143645
Agu-2026,MAMU GOWA,OVERSIZE RAGLAN KID MAMU,RGL OS PUTIH-NAVY KID S,0,6,0,0,28729,172374,143645
Sep-2026,MAMU GOWA,OVERSIZE RAGLAN KID MAMU,RGL OS PUTIH-NAVY KID S,117154,6,0,0,28729,172374,172374
Okt-2026,MAMU GOWA,OVERSIZE RAGLAN KID MAMU,RGL OS PUTIH-NAVY KID S,0,6,0,0,28729,172374,172374
Jun-2026,MAMU GOWA,OVERSIZE RAGLAN KID MAMU,RGL OS PUTIH-NAVY KID XL,0,5,0,0,28729,143645,0
Jul-2026,MAMU GOWA,OVERSIZE RAGLAN KID MAMU,RGL OS PUTIH-NAVY KID XL,0,5,0,0,28729,143645,143645
Agu-2026,MAMU GOWA,OVERSIZE RAGLAN KID MAMU,RGL OS PUTIH-NAVY KID XL,0,5,0,0,28729,143645,143645
Sep-2026,MAMU GOWA,OVERSIZE RAGLAN KID MAMU,RGL OS PUTIH-NAVY KID XL,0,5,0,0,28729,143645,143645
Okt-2026,MAMU GOWA,OVERSIZE RAGLAN KID MAMU,RGL OS PUTIH-NAVY KID XL,0,5,0,0,28729,143645,143645
Jun-2026,MAMU GOWA,OVERSIZE RAGLAN KID MAMU,RGL OS PUTIH-TOFFEE KID 2XL,0,5,0,0,29578,147890,0
Jul-2026,MAMU GOWA,OVERSIZE RAGLAN KID MAMU,RGL OS PUTIH-TOFFEE KID 2XL,112320,1,0,0,29578,29578,147890
Agu-2026,MAMU GOWA,OVERSIZE RAGLAN KID MAMU,RGL OS PUTIH-TOFFEE KID 2XL,28080,0,0,0,29578,0,29578
Mar-2026,MAMU GOWA,OVERSIZE RAGLAN KID MAMU,RGL OS PUTIH-TOFFEE KID L,29578,0,0,0,29578,0,0
Jun-2026,MAMU GOWA,OVERSIZE RAGLAN KID MAMU,RGL OS PUTIH-TOFFEE KID L,0,5,0,0,29578,147890,0
Jul-2026,MAMU GOWA,OVERSIZE RAGLAN KID MAMU,RGL OS PUTIH-TOFFEE KID L,84240,3,0,0,29578,88734,147890
Agu-2026,MAMU GOWA,OVERSIZE RAGLAN KID MAMU,RGL OS PUTIH-TOFFEE KID L,56160,3,0,0,29578,88734,88734
Sep-2026,MAMU GOWA,OVERSIZE RAGLAN KID MAMU,RGL OS PUTIH-TOFFEE KID L,0,7,0,0,29578,207046,88734
Okt-2026,MAMU GOWA,OVERSIZE RAGLAN KID MAMU,RGL OS PUTIH-TOFFEE KID L,0,7,0,0,29578,207046,207046
Jun-2026,MAMU GOWA,OVERSIZE RAGLAN KID MAMU,RGL OS PUTIH-TOFFEE KID M,0,5,0,0,29578,147890,0
Jul-2026,MAMU GOWA,OVERSIZE RAGLAN KID MAMU,RGL OS PUTIH-TOFFEE KID M,84240,2,0,0,29578,59156,147890
Agu-2026,MAMU GOWA,OVERSIZE RAGLAN KID MAMU,RGL OS PUTIH-TOFFEE KID M,56160,3,0,0,29578,88734,59156
Sep-2026,MAMU GOWA,OVERSIZE RAGLAN KID MAMU,RGL OS PUTIH-TOFFEE KID M,28080,6,0,0,29578,177468,88734
Okt-2026,MAMU GOWA,OVERSIZE RAGLAN KID MAMU,RGL OS PUTIH-TOFFEE KID M,0,6,0,0,29578,177468,177468
Jun-2026,MAMU GOWA,OVERSIZE RAGLAN KID MAMU,RGL OS PUTIH-TOFFEE KID S,34225,4,0,0,29578,118312,0
Jul-2026,MAMU GOWA,OVERSIZE RAGLAN KID MAMU,RGL OS PUTIH-TOFFEE KID S,136900,0,0,0,29578,0,118312
Agu-2026,MAMU GOWA,OVERSIZE RAGLAN KID MAMU,RGL OS PUTIH-TOFFEE KID S,34225,3,0,0,29578,88734,0
Sep-2026,MAMU GOWA,OVERSIZE RAGLAN KID MAMU,RGL OS PUTIH-TOFFEE KID S,34225,6,0,0,29578,177468,88734
Okt-2026,MAMU GOWA,OVERSIZE RAGLAN KID MAMU,RGL OS PUTIH-TOFFEE KID S,0,6,0,0,29578,177468,177468
Jun-2026,MAMU GOWA,OVERSIZE RAGLAN KID MAMU,RGL OS PUTIH-TOFFEE KID XL,0,5,0,0,29578,147890,0
Jul-2026,MAMU GOWA,OVERSIZE RAGLAN KID MAMU,RGL OS PUTIH-TOFFEE KID XL,28080,5,0,0,29578,147890,147890
Agu-2026,MAMU GOWA,OVERSIZE RAGLAN KID MAMU,RGL OS PUTIH-TOFFEE KID XL,84240,4,0,0,29578,118312,147890
Sep-2026,MAMU GOWA,OVERSIZE RAGLAN KID MAMU,RGL OS PUTIH-TOFFEE KID XL,0,5,0,0,29578,147890,118312
Okt-2026,MAMU GOWA,OVERSIZE RAGLAN KID MAMU,RGL OS PUTIH-TOFFEE KID XL,0,5,0,0,29578,147890,147890
Jan-2026,MAMU KENDARI,OVERSIZE RAGLAN KID MAMU,RGL OS PUTIH-ARMY KID 2XL,0,1,0,0,28583,28583,0
Feb-2026,MAMU KENDARI,OVERSIZE RAGLAN KID MAMU,RGL OS PUTIH-ARMY KID 2XL,0,1,0,0,28583,28583,28583
Mar-2026,MAMU KENDARI,OVERSIZE RAGLAN KID MAMU,RGL OS PUTIH-ARMY KID 2XL,28583,0,0,0,28583,0,28583
Jan-2026,MAMU KENDARI,OVERSIZE RAGLAN KID MAMU,RGL OS PUTIH-ARMY KID L,28583,5,0,0,28583,142915,0
Feb-2026,MAMU KENDARI,OVERSIZE RAGLAN KID MAMU,RGL OS PUTIH-ARMY KID L,0,5,0,0,28583,142915,142915
Mar-2026,MAMU KENDARI,OVERSIZE RAGLAN KID MAMU,RGL OS PUTIH-ARMY KID L,0,5,0,0,28583,142915,142915
Apr-2026,MAMU KENDARI,OVERSIZE RAGLAN KID MAMU,RGL OS PUTIH-ARMY KID L,0,5,0,0,28583,142915,142915
Mei-2026,MAMU KENDARI,OVERSIZE RAGLAN KID MAMU,RGL OS PUTIH-ARMY KID L,0,5,0,0,28583,142915,142915
Jun-2026,MAMU KENDARI,OVERSIZE RAGLAN KID MAMU,RGL OS PUTIH-ARMY KID L,0,5,0,0,28583,142915,142915
Jul-2026,MAMU KENDARI,OVERSIZE RAGLAN KID MAMU,RGL OS PUTIH-ARMY KID L,0,5,0,0,28583,142915,142915
Agu-2026,MAMU KENDARI,OVERSIZE RAGLAN KID MAMU,RGL OS PUTIH-ARMY KID L,0,5,0,0,28583,142915,142915
Sep-2026,MAMU KENDARI,OVERSIZE RAGLAN KID MAMU,RGL OS PUTIH-ARMY KID L,0,5,0,0,28583,142915,142915
Okt-2026,MAMU KENDARI,OVERSIZE RAGLAN KID MAMU,RGL OS PUTIH-ARMY KID L,0,5,0,0,28583,142915,142915
Jan-2026,MAMU KENDARI,OVERSIZE RAGLAN KID MAMU,RGL OS PUTIH-ARMY KID M,0,3,0,0,28583,85749,0
Feb-2026,MAMU KENDARI,OVERSIZE RAGLAN KID MAMU,RGL OS PUTIH-ARMY KID M,0,3,0,0,28583,85749,85749
Mar-2026,MAMU KENDARI,OVERSIZE RAGLAN KID MAMU,RGL OS PUTIH-ARMY KID M,0,3,0,0,28583,85749,85749
Apr-2026,MAMU KENDARI,OVERSIZE RAGLAN KID MAMU,RGL OS PUTIH-ARMY KID M,0,3,0,0,28583,85749,85749
Mei-2026,MAMU KENDARI,OVERSIZE RAGLAN KID MAMU,RGL OS PUTIH-ARMY KID M,28583,2,0,0,28583,57166,85749
Jun-2026,MAMU KENDARI,OVERSIZE RAGLAN KID MAMU,RGL OS PUTIH-ARMY KID M,0,2,0,0,28583,57166,57166
Jul-2026,MAMU KENDARI,OVERSIZE RAGLAN KID MAMU,RGL OS PUTIH-ARMY KID M,0,2,0,0,28583,57166,57166
Agu-2026,MAMU KENDARI,OVERSIZE RAGLAN KID MAMU,RGL OS PUTIH-ARMY KID M,57166,1,0,0,28583,28583,57166
Sep-2026,MAMU KENDARI,OVERSIZE RAGLAN KID MAMU,RGL OS PUTIH-ARMY KID M,0,0,0,0,28583,0,28583
Agu-2026,MAMU KENDARI,OVERSIZE RAGLAN KID MAMU,RGL OS PUTIH-ARMY KID S,0,5,0,0,28583,142915,0
Sep-2026,MAMU KENDARI,OVERSIZE RAGLAN KID MAMU,RGL OS PUTIH-ARMY KID S,0,5,0,0,28583,142915,142915
Okt-2026,MAMU KENDARI,OVERSIZE RAGLAN KID MAMU,RGL OS PUTIH-ARMY KID S,0,5,0,0,28583,142915,142915
Jan-2026,MAMU KENDARI,OVERSIZE RAGLAN KID MAMU,RGL OS PUTIH-ARMY KID XL,0,5,0,0,28583,142915,0
Feb-2026,MAMU KENDARI,OVERSIZE RAGLAN KID MAMU,RGL OS PUTIH-ARMY KID XL,0,5,0,0,28583,142915,142915
Mar-2026,MAMU KENDARI,OVERSIZE RAGLAN KID MAMU,RGL OS PUTIH-ARMY KID XL,142915,0,0,0,28583,0,142915
Agu-2026,MAMU KENDARI,OVERSIZE RAGLAN KID MAMU,RGL OS PUTIH-ARMY KID XL,29632,4,0,0,28583,114332,0
Sep-2026,MAMU KENDARI,OVERSIZE RAGLAN KID MAMU,RGL OS PUTIH-ARMY KID XL,0,4,0,0,28583,114332,114332
Okt-2026,MAMU KENDARI,OVERSIZE RAGLAN KID MAMU,RGL OS PUTIH-ARMY KID XL,0,4,0,0,28583,114332,114332
Jan-2026,MAMU KENDARI,OVERSIZE RAGLAN KID MAMU,RGL OS PUTIH-HITAM KID 2XL,0,2,0,0,30262,60524,0
Feb-2026,MAMU KENDARI,OVERSIZE RAGLAN KID MAMU,RGL OS PUTIH-HITAM KID 2XL,0,2,0,0,30262,60524,60524
Mar-2026,MAMU KENDARI,OVERSIZE RAGLAN KID MAMU,RGL OS PUTIH-HITAM KID 2XL,60524,0,0,0,30262,0,60524
Jan-2026,MAMU KENDARI,OVERSIZE RAGLAN KID MAMU,RGL OS PUTIH-HITAM KID L,0,8,0,0,30262,242096,0
Feb-2026,MAMU KENDARI,OVERSIZE RAGLAN KID MAMU,RGL OS PUTIH-HITAM KID L,0,8,0,0,30262,242096,242096
Mar-2026,MAMU KENDARI,OVERSIZE RAGLAN KID MAMU,RGL OS PUTIH-HITAM KID L,30262,7,0,0,30262,211834,242096
Apr-2026,MAMU KENDARI,OVERSIZE RAGLAN KID MAMU,RGL OS PUTIH-HITAM KID L,0,7,0,0,30262,211834,211834
Mei-2026,MAMU KENDARI,OVERSIZE RAGLAN KID MAMU,RGL OS PUTIH-HITAM KID L,0,7,0,0,30262,211834,211834
Jun-2026,MAMU KENDARI,OVERSIZE RAGLAN KID MAMU,RGL OS PUTIH-HITAM KID L,0,7,0,0,30262,211834,211834
Jul-2026,MAMU KENDARI,OVERSIZE RAGLAN KID MAMU,RGL OS PUTIH-HITAM KID L,0,7,0,0,30262,211834,211834
Agu-2026,MAMU KENDARI,OVERSIZE RAGLAN KID MAMU,RGL OS PUTIH-HITAM KID L,0,7,0,0,30262,211834,211834
Sep-2026,MAMU KENDARI,OVERSIZE RAGLAN KID MAMU,RGL OS PUTIH-HITAM KID L,30262,6,0,0,30262,181572,211834
Okt-2026,MAMU KENDARI,OVERSIZE RAGLAN KID MAMU,RGL OS PUTIH-HITAM KID L,0,6,0,0,30262,181572,181572
Jan-2026,MAMU KENDARI,OVERSIZE RAGLAN KID MAMU,RGL OS PUTIH-HITAM KID M,0,4,0,0,30262,121048,0
Feb-2026,MAMU KENDARI,OVERSIZE RAGLAN KID MAMU,RGL OS PUTIH-HITAM KID M,0,4,0,0,30262,121048,121048
Mar-2026,MAMU KENDARI,OVERSIZE RAGLAN KID MAMU,RGL OS PUTIH-HITAM KID M,30262,3,0,0,30262,90786,121048
Apr-2026,MAMU KENDARI,OVERSIZE RAGLAN KID MAMU,RGL OS PUTIH-HITAM KID M,0,3,0,0,30262,90786,90786
Mei-2026,MAMU KENDARI,OVERSIZE RAGLAN KID MAMU,RGL OS PUTIH-HITAM KID M,30262,2,0,0,30262,60524,90786
Jun-2026,MAMU KENDARI,OVERSIZE RAGLAN KID MAMU,RGL OS PUTIH-HITAM KID M,0,2,0,0,30262,60524,60524
Jul-2026,MAMU KENDARI,OVERSIZE RAGLAN KID MAMU,RGL OS PUTIH-HITAM KID M,0,2,0,0,30262,60524,60524
Agu-2026,MAMU KENDARI,OVERSIZE RAGLAN KID MAMU,RGL OS PUTIH-HITAM KID M,0,2,0,0,30262,60524,60524
Sep-2026,MAMU KENDARI,OVERSIZE RAGLAN KID MAMU,RGL OS PUTIH-HITAM KID M,0,2,0,0,30262,60524,60524
Okt-2026,MAMU KENDARI,OVERSIZE RAGLAN KID MAMU,RGL OS PUTIH-HITAM KID M,0,2,0,0,30262,60524,60524
Agu-2026,MAMU KENDARI,OVERSIZE RAGLAN KID MAMU,RGL OS PUTIH-HITAM KID S,0,3,0,0,30262,90786,0
Sep-2026,MAMU KENDARI,OVERSIZE RAGLAN KID MAMU,RGL OS PUTIH-HITAM KID S,0,3,0,0,30262,90786,90786
Okt-2026,MAMU KENDARI,OVERSIZE RAGLAN KID MAMU,RGL OS PUTIH-HITAM KID S,0,3,0,0,30262,90786,90786
Jan-2026,MAMU KENDARI,OVERSIZE RAGLAN KID MAMU,RGL OS PUTIH-HITAM KID XL,0,5,0,0,30262,151310,0
Feb-2026,MAMU KENDARI,OVERSIZE RAGLAN KID MAMU,RGL OS PUTIH-HITAM KID XL,0,5,0,0,30262,151310,151310
Mar-2026,MAMU KENDARI,OVERSIZE RAGLAN KID MAMU,RGL OS PUTIH-HITAM KID XL,30262,4,0,0,30262,121048,151310
Apr-2026,MAMU KENDARI,OVERSIZE RAGLAN KID MAMU,RGL OS PUTIH-HITAM KID XL,30262,3,0,0,30262,90786,121048
Mei-2026,MAMU KENDARI,OVERSIZE RAGLAN KID MAMU,RGL OS PUTIH-HITAM KID XL,0,3,0,0,30262,90786,90786
Jun-2026,MAMU KENDARI,OVERSIZE RAGLAN KID MAMU,RGL OS PUTIH-HITAM KID XL,0,3,0,0,30262,90786,90786
Jul-2026,MAMU KENDARI,OVERSIZE RAGLAN KID MAMU,RGL OS PUTIH-HITAM KID XL,0,3,0,0,30262,90786,90786
Agu-2026,MAMU KENDARI,OVERSIZE RAGLAN KID MAMU,RGL OS PUTIH-HITAM KID XL,0,3,0,0,30262,90786,90786
Sep-2026,MAMU KENDARI,OVERSIZE RAGLAN KID MAMU,RGL OS PUTIH-HITAM KID XL,0,3,0,0,30262,90786,90786
Okt-2026,MAMU KENDARI,OVERSIZE RAGLAN KID MAMU,RGL OS PUTIH-HITAM KID XL,0,3,0,0,30262,90786,90786
Jan-2026,MAMU KENDARI,OVERSIZE RAGLAN KID MAMU,RGL OS PUTIH-NAVY KID 2XL,28729,1,0,0,28729,28729,0
Feb-2026,MAMU KENDARI,OVERSIZE RAGLAN KID MAMU,RGL OS PUTIH-NAVY KID 2XL,0,1,0,0,28729,28729,28729
Mar-2026,MAMU KENDARI,OVERSIZE RAGLAN KID MAMU,RGL OS PUTIH-NAVY KID 2XL,0,1,0,0,28729,28729,28729
Apr-2026,MAMU KENDARI,OVERSIZE RAGLAN KID MAMU,RGL OS PUTIH-NAVY KID 2XL,0,1,0,0,28729,28729,28729
Mei-2026,MAMU KENDARI,OVERSIZE RAGLAN KID MAMU,RGL OS PUTIH-NAVY KID 2XL,28729,0,0,0,28729,0,28729
Jan-2026,MAMU KENDARI,OVERSIZE RAGLAN KID MAMU,RGL OS PUTIH-NAVY KID L,0,8,0,0,28729,229832,0
Feb-2026,MAMU KENDARI,OVERSIZE RAGLAN KID MAMU,RGL OS PUTIH-NAVY KID L,28729,8,0,0,28729,229832,229832
Mar-2026,MAMU KENDARI,OVERSIZE RAGLAN KID MAMU,RGL OS PUTIH-NAVY KID L,0,6,0,0,28729,172374,229832
Apr-2026,MAMU KENDARI,OVERSIZE RAGLAN KID MAMU,RGL OS PUTIH-NAVY KID L,0,6,0,0,28729,172374,172374
Mei-2026,MAMU KENDARI,OVERSIZE RAGLAN KID MAMU,RGL OS PUTIH-NAVY KID L,0,6,0,0,28729,172374,172374
Jun-2026,MAMU KENDARI,OVERSIZE RAGLAN KID MAMU,RGL OS PUTIH-NAVY KID L,0,6,0,0,28729,172374,172374
Jul-2026,MAMU KENDARI,OVERSIZE RAGLAN KID MAMU,RGL OS PUTIH-NAVY KID L,0,6,0,0,28729,172374,172374
Agu-2026,MAMU KENDARI,OVERSIZE RAGLAN KID MAMU,RGL OS PUTIH-NAVY KID L,28729,5,0,0,28729,143645,172374
Sep-2026,MAMU KENDARI,OVERSIZE RAGLAN KID MAMU,RGL OS PUTIH-NAVY KID L,0,5,0,0,28729,143645,143645
Okt-2026,MAMU KENDARI,OVERSIZE RAGLAN KID MAMU,RGL OS PUTIH-NAVY KID L,0,5,0,0,28729,143645,143645
Jan-2026,MAMU KENDARI,OVERSIZE RAGLAN KID MAMU,RGL OS PUTIH-NAVY KID M,57458,2,0,0,28729,57458,0
Feb-2026,MAMU KENDARI,OVERSIZE RAGLAN KID MAMU,RGL OS PUTIH-NAVY KID M,0,2,0,0,28729,57458,57458
Mar-2026,MAMU KENDARI,OVERSIZE RAGLAN KID MAMU,RGL OS PUTIH-NAVY KID M,28729,1,0,0,28729,28729,57458
Apr-2026,MAMU KENDARI,OVERSIZE RAGLAN KID MAMU,RGL OS PUTIH-NAVY KID M,0,1,0,0,28729,28729,28729
Mei-2026,MAMU KENDARI,OVERSIZE RAGLAN KID MAMU,RGL OS PUTIH-NAVY KID M,0,1,0,0,28729,28729,28729
Jun-2026,MAMU KENDARI,OVERSIZE RAGLAN KID MAMU,RGL OS PUTIH-NAVY KID M,0,1,0,0,28729,28729,28729
Jul-2026,MAMU KENDARI,OVERSIZE RAGLAN KID MAMU,RGL OS PUTIH-NAVY KID M,28729,0,0,0,28729,0,28729
Agu-2026,MAMU KENDARI,OVERSIZE RAGLAN KID MAMU,RGL OS PUTIH-NAVY KID M,0,5,0,0,28729,143645,0
Sep-2026,MAMU KENDARI,OVERSIZE RAGLAN KID MAMU,RGL OS PUTIH-NAVY KID M,0,5,0,0,28729,143645,143645
Okt-2026,MAMU KENDARI,OVERSIZE RAGLAN KID MAMU,RGL OS PUTIH-NAVY KID M,0,5,0,0,28729,143645,143645
Agu-2026,MAMU KENDARI,OVERSIZE RAGLAN KID MAMU,RGL OS PUTIH-NAVY KID S,0,5,0,0,28729,143645,0
Sep-2026,MAMU KENDARI,OVERSIZE RAGLAN KID MAMU,RGL OS PUTIH-NAVY KID S,0,5,0,0,28729,143645,143645
Okt-2026,MAMU KENDARI,OVERSIZE RAGLAN KID MAMU,RGL OS PUTIH-NAVY KID S,0,5,0,0,28729,143645,143645
Jan-2026,MAMU KENDARI,OVERSIZE RAGLAN KID MAMU,RGL OS PUTIH-NAVY KID XL,0,3,0,0,28729,86187,0
Feb-2026,MAMU KENDARI,OVERSIZE RAGLAN KID MAMU,RGL OS PUTIH-NAVY KID XL,0,3,0,0,28729,86187,86187
Mar-2026,MAMU KENDARI,OVERSIZE RAGLAN KID MAMU,RGL OS PUTIH-NAVY KID XL,57458,1,0,0,28729,28729,86187
Apr-2026,MAMU KENDARI,OVERSIZE RAGLAN KID MAMU,RGL OS PUTIH-NAVY KID XL,0,1,0,0,28729,28729,28729
Mei-2026,MAMU KENDARI,OVERSIZE RAGLAN KID MAMU,RGL OS PUTIH-NAVY KID XL,0,1,0,0,28729,28729,28729
Jun-2026,MAMU KENDARI,OVERSIZE RAGLAN KID MAMU,RGL OS PUTIH-NAVY KID XL,28729,0,0,0,28729,0,28729
Agu-2026,MAMU KENDARI,OVERSIZE RAGLAN KID MAMU,RGL OS PUTIH-NAVY KID XL,0,5,0,0,28729,143645,0
Sep-2026,MAMU KENDARI,OVERSIZE RAGLAN KID MAMU,RGL OS PUTIH-NAVY KID XL,29649,4,0,0,28729,114916,143645
Okt-2026,MAMU KENDARI,OVERSIZE RAGLAN KID MAMU,RGL OS PUTIH-NAVY KID XL,0,4,0,0,28729,114916,114916
Jan-2026,MAMU KENDARI,OVERSIZE RAGLAN KID MAMU,RGL OS PUTIH-TOFFEE KID 2XL,0,2,0,0,29578,59156,0
Feb-2026,MAMU KENDARI,OVERSIZE RAGLAN KID MAMU,RGL OS PUTIH-TOFFEE KID 2XL,0,2,0,0,29578,59156,59156
Mar-2026,MAMU KENDARI,OVERSIZE RAGLAN KID MAMU,RGL OS PUTIH-TOFFEE KID 2XL,29578,1,0,0,29578,29578,59156
Apr-2026,MAMU KENDARI,OVERSIZE RAGLAN KID MAMU,RGL OS PUTIH-TOFFEE KID 2XL,0,1,0,0,29578,29578,29578
Mei-2026,MAMU KENDARI,OVERSIZE RAGLAN KID MAMU,RGL OS PUTIH-TOFFEE KID 2XL,0,1,0,0,29578,29578,29578
Jun-2026,MAMU KENDARI,OVERSIZE RAGLAN KID MAMU,RGL OS PUTIH-TOFFEE KID 2XL,0,1,0,0,29578,29578,29578
Jul-2026,MAMU KENDARI,OVERSIZE RAGLAN KID MAMU,RGL OS PUTIH-TOFFEE KID 2XL,0,1,0,0,29578,29578,29578
Agu-2026,MAMU KENDARI,OVERSIZE RAGLAN KID MAMU,RGL OS PUTIH-TOFFEE KID 2XL,29578,0,0,0,29578,0,29578
Jan-2026,MAMU KENDARI,OVERSIZE RAGLAN KID MAMU,RGL OS PUTIH-TOFFEE KID L,29578,6,0,0,29578,177468,0
Feb-2026,MAMU KENDARI,OVERSIZE RAGLAN KID MAMU,RGL OS PUTIH-TOFFEE KID L,0,6,0,0,29578,177468,177468
Mar-2026,MAMU KENDARI,OVERSIZE RAGLAN KID MAMU,RGL OS PUTIH-TOFFEE KID L,29578,4,0,0,29578,118312,177468
Apr-2026,MAMU KENDARI,OVERSIZE RAGLAN KID MAMU,RGL OS PUTIH-TOFFEE KID L,0,4,0,0,29578,118312,118312
Mei-2026,MAMU KENDARI,OVERSIZE RAGLAN KID MAMU,RGL OS PUTIH-TOFFEE KID L,59156,2,0,0,29578,59156,118312
Jun-2026,MAMU KENDARI,OVERSIZE RAGLAN KID MAMU,RGL OS PUTIH-TOFFEE KID L,0,2,0,0,29578,59156,59156
Jul-2026,MAMU KENDARI,OVERSIZE RAGLAN KID MAMU,RGL OS PUTIH-TOFFEE KID L,0,2,0,0,29578,59156,59156
Agu-2026,MAMU KENDARI,OVERSIZE RAGLAN KID MAMU,RGL OS PUTIH-TOFFEE KID L,28679,4,0,0,29578,118312,59156
Sep-2026,MAMU KENDARI,OVERSIZE RAGLAN KID MAMU,RGL OS PUTIH-TOFFEE KID L,0,4,0,0,29578,118312,118312
Okt-2026,MAMU KENDARI,OVERSIZE RAGLAN KID MAMU,RGL OS PUTIH-TOFFEE KID L,0,4,0,0,29578,118312,118312
Jan-2026,MAMU KENDARI,OVERSIZE RAGLAN KID MAMU,RGL OS PUTIH-TOFFEE KID M,0,3,0,0,29578,88734,0
Feb-2026,MAMU KENDARI,OVERSIZE RAGLAN KID MAMU,RGL OS PUTIH-TOFFEE KID M,59156,2,0,0,29578,59156,88734
Mar-2026,MAMU KENDARI,OVERSIZE RAGLAN KID MAMU,RGL OS PUTIH-TOFFEE KID M,29578,0,0,0,29578,0,59156
Agu-2026,MAMU KENDARI,OVERSIZE RAGLAN KID MAMU,RGL OS PUTIH-TOFFEE KID M,56160,3,0,0,29578,88734,0
Sep-2026,MAMU KENDARI,OVERSIZE RAGLAN KID MAMU,RGL OS PUTIH-TOFFEE KID M,28080,2,0,0,29578,59156,88734
Okt-2026,MAMU KENDARI,OVERSIZE RAGLAN KID MAMU,RGL OS PUTIH-TOFFEE KID M,0,2,0,0,29578,59156,59156
Jan-2026,MAMU KENDARI,OVERSIZE RAGLAN KID MAMU,RGL OS PUTIH-TOFFEE KID S,29578,0,0,0,29578,0,0
Agu-2026,MAMU KENDARI,OVERSIZE RAGLAN KID MAMU,RGL OS PUTIH-TOFFEE KID S,0,5,0,0,29578,147890,0
Sep-2026,MAMU KENDARI,OVERSIZE RAGLAN KID MAMU,RGL OS PUTIH-TOFFEE KID S,0,5,0,0,29578,147890,147890
Okt-2026,MAMU KENDARI,OVERSIZE RAGLAN KID MAMU,RGL OS PUTIH-TOFFEE KID S,0,5,0,0,29578,147890,147890
Jan-2026,MAMU KENDARI,OVERSIZE RAGLAN KID MAMU,RGL OS PUTIH-TOFFEE KID XL,0,4,0,0,29578,118312,0
Feb-2026,MAMU KENDARI,OVERSIZE RAGLAN KID MAMU,RGL OS PUTIH-TOFFEE KID XL,0,4,0,0,29578,118312,118312
Mar-2026,MAMU KENDARI,OVERSIZE RAGLAN KID MAMU,RGL OS PUTIH-TOFFEE KID XL,0,4,0,0,29578,118312,118312
Apr-2026,MAMU KENDARI,OVERSIZE RAGLAN KID MAMU,RGL OS PUTIH-TOFFEE KID XL,0,4,0,0,29578,118312,118312
Mei-2026,MAMU KENDARI,OVERSIZE RAGLAN KID MAMU,RGL OS PUTIH-TOFFEE KID XL,29578,3,0,0,29578,88734,118312
Jun-2026,MAMU KENDARI,OVERSIZE RAGLAN KID MAMU,RGL OS PUTIH-TOFFEE KID XL,29578,2,0,0,29578,59156,88734
Jul-2026,MAMU KENDARI,OVERSIZE RAGLAN KID MAMU,RGL OS PUTIH-TOFFEE KID XL,0,2,0,0,29578,59156,59156
Agu-2026,MAMU KENDARI,OVERSIZE RAGLAN KID MAMU,RGL OS PUTIH-TOFFEE KID XL,29578,1,0,0,29578,29578,59156
Sep-2026,MAMU KENDARI,OVERSIZE RAGLAN KID MAMU,RGL OS PUTIH-TOFFEE KID XL,0,1,0,0,29578,29578,29578
Okt-2026,MAMU KENDARI,OVERSIZE RAGLAN KID MAMU,RGL OS PUTIH-TOFFEE KID XL,0,1,0,0,29578,29578,29578
Jun-2026,MAMU MAKASSAR,OVERSIZE RAGLAN KID MAMU,RGL OS PUTIH-ARMY KID 2XL,0,10,0,0,28583,285830,0
Jul-2026,MAMU MAKASSAR,OVERSIZE RAGLAN KID MAMU,RGL OS PUTIH-ARMY KID 2XL,59264,9,0,0,28583,257247,285830
Agu-2026,MAMU MAKASSAR,OVERSIZE RAGLAN KID MAMU,RGL OS PUTIH-ARMY KID 2XL,29632,7,0,0,28583,200081,257247
Sep-2026,MAMU MAKASSAR,OVERSIZE RAGLAN KID MAMU,RGL OS PUTIH-ARMY KID 2XL,29632,6,0,0,28583,171498,200081
Okt-2026,MAMU MAKASSAR,OVERSIZE RAGLAN KID MAMU,RGL OS PUTIH-ARMY KID 2XL,0,6,0,0,28583,171498,171498
Jan-2026,MAMU MAKASSAR,OVERSIZE RAGLAN KID MAMU,RGL OS PUTIH-ARMY KID L,200081,19,0,0,28583,543077,0
Feb-2026,MAMU MAKASSAR,OVERSIZE RAGLAN KID MAMU,RGL OS PUTIH-ARMY KID L,114332,6,0,0,28583,171498,543077
Mar-2026,MAMU MAKASSAR,OVERSIZE RAGLAN KID MAMU,RGL OS PUTIH-ARMY KID L,114332,0,0,0,28583,0,171498
Jun-2026,MAMU MAKASSAR,OVERSIZE RAGLAN KID MAMU,RGL OS PUTIH-ARMY KID L,0,10,0,0,28583,285830,0
Jul-2026,MAMU MAKASSAR,OVERSIZE RAGLAN KID MAMU,RGL OS PUTIH-ARMY KID L,59264,9,0,0,28583,257247,285830
Agu-2026,MAMU MAKASSAR,OVERSIZE RAGLAN KID MAMU,RGL OS PUTIH-ARMY KID L,59264,7,0,0,28583,200081,257247
Sep-2026,MAMU MAKASSAR,OVERSIZE RAGLAN KID MAMU,RGL OS PUTIH-ARMY KID L,118528,5,0,0,28583,142915,200081
Okt-2026,MAMU MAKASSAR,OVERSIZE RAGLAN KID MAMU,RGL OS PUTIH-ARMY KID L,0,5,5,0,28583,285830,142915
Jan-2026,MAMU MAKASSAR,OVERSIZE RAGLAN KID MAMU,RGL OS PUTIH-ARMY KID M,28583,0,0,0,28583,0,0
Jun-2026,MAMU MAKASSAR,OVERSIZE RAGLAN KID MAMU,RGL OS PUTIH-ARMY KID M,0,10,0,0,28583,285830,0
Jul-2026,MAMU MAKASSAR,OVERSIZE RAGLAN KID MAMU,RGL OS PUTIH-ARMY KID M,88896,7,0,0,28583,200081,285830
Agu-2026,MAMU MAKASSAR,OVERSIZE RAGLAN KID MAMU,RGL OS PUTIH-ARMY KID M,0,7,0,0,28583,200081,200081
Sep-2026,MAMU MAKASSAR,OVERSIZE RAGLAN KID MAMU,RGL OS PUTIH-ARMY KID M,118528,5,0,0,28583,142915,200081
Okt-2026,MAMU MAKASSAR,OVERSIZE RAGLAN KID MAMU,RGL OS PUTIH-ARMY KID M,0,4,0,0,28583,114332,142915
Mar-2026,MAMU MAKASSAR,OVERSIZE RAGLAN KID MAMU,RGL OS PUTIH-ARMY KID S,85749,3,0,0,28583,85749,0
Apr-2026,MAMU MAKASSAR,OVERSIZE RAGLAN KID MAMU,RGL OS PUTIH-ARMY KID S,85749,0,0,0,28583,0,85749
Jun-2026,MAMU MAKASSAR,OVERSIZE RAGLAN KID MAMU,RGL OS PUTIH-ARMY KID S,0,10,0,0,28583,285830,0
Jul-2026,MAMU MAKASSAR,OVERSIZE RAGLAN KID MAMU,RGL OS PUTIH-ARMY KID S,29632,9,0,0,28583,257247,285830
Agu-2026,MAMU MAKASSAR,OVERSIZE RAGLAN KID MAMU,RGL OS PUTIH-ARMY KID S,118528,9,0,0,28583,257247,257247
Sep-2026,MAMU MAKASSAR,OVERSIZE RAGLAN KID MAMU,RGL OS PUTIH-ARMY KID S,59264,4,0,0,28583,114332,257247
Okt-2026,MAMU MAKASSAR,OVERSIZE RAGLAN KID MAMU,RGL OS PUTIH-ARMY KID S,0,3,1,0,28583,114332,114332
Jan-2026,MAMU MAKASSAR,OVERSIZE RAGLAN KID MAMU,RGL OS PUTIH-ARMY KID XL,142915,2,0,0,28583,57166,0
Feb-2026,MAMU MAKASSAR,OVERSIZE RAGLAN KID MAMU,RGL OS PUTIH-ARMY KID XL,28583,0,0,0,28583,0,57166
Jun-2026,MAMU MAKASSAR,OVERSIZE RAGLAN KID MAMU,RGL OS PUTIH-ARMY KID XL,0,10,0,0,28583,285830,0
Jul-2026,MAMU MAKASSAR,OVERSIZE RAGLAN KID MAMU,RGL OS PUTIH-ARMY KID XL,59264,9,0,0,28583,257247,285830
Agu-2026,MAMU MAKASSAR,OVERSIZE RAGLAN KID MAMU,RGL OS PUTIH-ARMY KID XL,88896,8,0,0,28583,228664,257247
Sep-2026,MAMU MAKASSAR,OVERSIZE RAGLAN KID MAMU,RGL OS PUTIH-ARMY KID XL,88896,8,0,0,28583,228664,228664
Okt-2026,MAMU MAKASSAR,OVERSIZE RAGLAN KID MAMU,RGL OS PUTIH-ARMY KID XL,0,7,0,0,28583,200081,228664
Jun-2026,MAMU MAKASSAR,OVERSIZE RAGLAN KID MAMU,RGL OS PUTIH-HITAM KID 2XL,0,10,0,0,30262,302620,0
Jul-2026,MAMU MAKASSAR,OVERSIZE RAGLAN KID MAMU,RGL OS PUTIH-HITAM KID 2XL,28994,5,0,0,30262,151310,302620
Agu-2026,MAMU MAKASSAR,OVERSIZE RAGLAN KID MAMU,RGL OS PUTIH-HITAM KID 2XL,57988,4,0,0,30262,121048,151310
Sep-2026,MAMU MAKASSAR,OVERSIZE RAGLAN KID MAMU,RGL OS PUTIH-HITAM KID 2XL,53542,2,0,0,30262,60524,121048
Okt-2026,MAMU MAKASSAR,OVERSIZE RAGLAN KID MAMU,RGL OS PUTIH-HITAM KID 2XL,0,2,0,0,30262,60524,60524
Jan-2026,MAMU MAKASSAR,OVERSIZE RAGLAN KID MAMU,RGL OS PUTIH-HITAM KID L,181572,18,0,0,30262,544716,0
Feb-2026,MAMU MAKASSAR,OVERSIZE RAGLAN KID MAMU,RGL OS PUTIH-HITAM KID L,211834,5,0,0,30262,151310,544716
Mar-2026,MAMU MAKASSAR,OVERSIZE RAGLAN KID MAMU,RGL OS PUTIH-HITAM KID L,60524,0,0,0,30262,0,151310
Jun-2026,MAMU MAKASSAR,OVERSIZE RAGLAN KID MAMU,RGL OS PUTIH-HITAM KID L,0,10,0,0,30262,302620,0
Jul-2026,MAMU MAKASSAR,OVERSIZE RAGLAN KID MAMU,RGL OS PUTIH-HITAM KID L,28994,9,0,0,30262,272358,302620
Agu-2026,MAMU MAKASSAR,OVERSIZE RAGLAN KID MAMU,RGL OS PUTIH-HITAM KID L,144970,5,0,0,30262,151310,272358
Sep-2026,MAMU MAKASSAR,OVERSIZE RAGLAN KID MAMU,RGL OS PUTIH-HITAM KID L,57050,4,0,0,30262,121048,151310
Okt-2026,MAMU MAKASSAR,OVERSIZE RAGLAN KID MAMU,RGL OS PUTIH-HITAM KID L,28391,3,5,0,30262,242096,121048
Jan-2026,MAMU MAKASSAR,OVERSIZE RAGLAN KID MAMU,RGL OS PUTIH-HITAM KID M,90786,0,0,0,30262,0,0
Jun-2026,MAMU MAKASSAR,OVERSIZE RAGLAN KID MAMU,RGL OS PUTIH-HITAM KID M,0,10,0,0,30262,302620,0
Jul-2026,MAMU MAKASSAR,OVERSIZE RAGLAN KID MAMU,RGL OS PUTIH-HITAM KID M,0,10,0,0,30262,302620,302620
Agu-2026,MAMU MAKASSAR,OVERSIZE RAGLAN KID MAMU,RGL OS PUTIH-HITAM KID M,57988,8,0,0,30262,242096,302620
Sep-2026,MAMU MAKASSAR,OVERSIZE RAGLAN KID MAMU,RGL OS PUTIH-HITAM KID M,57988,6,0,0,30262,181572,242096
Okt-2026,MAMU MAKASSAR,OVERSIZE RAGLAN KID MAMU,RGL OS PUTIH-HITAM KID M,28994,5,0,0,30262,151310,181572
Mar-2026,MAMU MAKASSAR,OVERSIZE RAGLAN KID MAMU,RGL OS PUTIH-HITAM KID S,60524,5,0,0,30262,151310,0
Apr-2026,MAMU MAKASSAR,OVERSIZE RAGLAN KID MAMU,RGL OS PUTIH-HITAM KID S,121048,1,0,0,30262,30262,151310
Mei-2026,MAMU MAKASSAR,OVERSIZE RAGLAN KID MAMU,RGL OS PUTIH-HITAM KID S,30262,0,0,0,30262,0,30262
Jun-2026,MAMU MAKASSAR,OVERSIZE RAGLAN KID MAMU,RGL OS PUTIH-HITAM KID S,0,10,0,0,30262,302620,0
Jul-2026,MAMU MAKASSAR,OVERSIZE RAGLAN KID MAMU,RGL OS PUTIH-HITAM KID S,0,10,0,0,30262,302620,302620
Agu-2026,MAMU MAKASSAR,OVERSIZE RAGLAN KID MAMU,RGL OS PUTIH-HITAM KID S,185685,5,0,0,30262,151310,302620
Sep-2026,MAMU MAKASSAR,OVERSIZE RAGLAN KID MAMU,RGL OS PUTIH-HITAM KID S,0,5,0,0,30262,151310,151310
Okt-2026,MAMU MAKASSAR,OVERSIZE RAGLAN KID MAMU,RGL OS PUTIH-HITAM KID S,37137,5,0,0,30262,151310,151310
Jan-2026,MAMU MAKASSAR,OVERSIZE RAGLAN KID MAMU,RGL OS PUTIH-HITAM KID XL,30262,5,0,0,30262,151310,0
Feb-2026,MAMU MAKASSAR,OVERSIZE RAGLAN KID MAMU,RGL OS PUTIH-HITAM KID XL,151310,0,0,0,30262,0,151310
Jun-2026,MAMU MAKASSAR,OVERSIZE RAGLAN KID MAMU,RGL OS PUTIH-HITAM KID XL,0,10,0,0,30262,302620,0
Jul-2026,MAMU MAKASSAR,OVERSIZE RAGLAN KID MAMU,RGL OS PUTIH-HITAM KID XL,115976,7,0,0,30262,211834,302620
Agu-2026,MAMU MAKASSAR,OVERSIZE RAGLAN KID MAMU,RGL OS PUTIH-HITAM KID XL,57988,5,0,0,30262,151310,211834
Sep-2026,MAMU MAKASSAR,OVERSIZE RAGLAN KID MAMU,RGL OS PUTIH-HITAM KID XL,115976,4,0,0,30262,121048,151310
Okt-2026,MAMU MAKASSAR,OVERSIZE RAGLAN KID MAMU,RGL OS PUTIH-HITAM KID XL,0,4,0,0,30262,121048,121048
Jan-2026,MAMU MAKASSAR,OVERSIZE RAGLAN KID MAMU,RGL OS PUTIH-NAVY KID 2XL,28729,0,0,0,28729,0,0
Jun-2026,MAMU MAKASSAR,OVERSIZE RAGLAN KID MAMU,RGL OS PUTIH-NAVY KID 2XL,0,10,0,0,28729,287290,0
Jul-2026,MAMU MAKASSAR,OVERSIZE RAGLAN KID MAMU,RGL OS PUTIH-NAVY KID 2XL,29649,9,0,0,28729,258561,287290
Agu-2026,MAMU MAKASSAR,OVERSIZE RAGLAN KID MAMU,RGL OS PUTIH-NAVY KID 2XL,118596,7,0,0,28729,201103,258561
Sep-2026,MAMU MAKASSAR,OVERSIZE RAGLAN KID MAMU,RGL OS PUTIH-NAVY KID 2XL,59298,2,0,0,28729,57458,201103
Okt-2026,MAMU MAKASSAR,OVERSIZE RAGLAN KID MAMU,RGL OS PUTIH-NAVY KID 2XL,0,2,0,0,28729,57458,57458
Jan-2026,MAMU MAKASSAR,OVERSIZE RAGLAN KID MAMU,RGL OS PUTIH-NAVY KID L,201103,14,0,0,28729,402206,0
Feb-2026,MAMU MAKASSAR,OVERSIZE RAGLAN KID MAMU,RGL OS PUTIH-NAVY KID L,229832,0,0,0,28729,0,402206
Mar-2026,MAMU MAKASSAR,OVERSIZE RAGLAN KID MAMU,RGL OS PUTIH-NAVY KID L,28729,0,0,0,28729,0,0
Apr-2026,MAMU MAKASSAR,OVERSIZE RAGLAN KID MAMU,RGL OS PUTIH-NAVY KID L,28729,0,0,0,28729,0,0
Jun-2026,MAMU MAKASSAR,OVERSIZE RAGLAN KID MAMU,RGL OS PUTIH-NAVY KID L,0,10,0,0,28729,287290,0
Jul-2026,MAMU MAKASSAR,OVERSIZE RAGLAN KID MAMU,RGL OS PUTIH-NAVY KID L,88947,8,0,0,28729,229832,287290
Agu-2026,MAMU MAKASSAR,OVERSIZE RAGLAN KID MAMU,RGL OS PUTIH-NAVY KID L,148245,4,0,0,28729,114916,229832
Sep-2026,MAMU MAKASSAR,OVERSIZE RAGLAN KID MAMU,RGL OS PUTIH-NAVY KID L,58565,3,0,0,28729,86187,114916
Okt-2026,MAMU MAKASSAR,OVERSIZE RAGLAN KID MAMU,RGL OS PUTIH-NAVY KID L,28917,3,5,0,28729,229832,86187
Jan-2026,MAMU MAKASSAR,OVERSIZE RAGLAN KID MAMU,RGL OS PUTIH-NAVY KID M,143645,0,0,0,28729,0,0
Jun-2026,MAMU MAKASSAR,OVERSIZE RAGLAN KID MAMU,RGL OS PUTIH-NAVY KID M,0,10,0,0,28729,287290,0
Jul-2026,MAMU MAKASSAR,OVERSIZE RAGLAN KID MAMU,RGL OS PUTIH-NAVY KID M,59298,8,0,0,28729,229832,287290
Agu-2026,MAMU MAKASSAR,OVERSIZE RAGLAN KID MAMU,RGL OS PUTIH-NAVY KID M,88947,6,0,0,28729,172374,229832
Sep-2026,MAMU MAKASSAR,OVERSIZE RAGLAN KID MAMU,RGL OS PUTIH-NAVY KID M,29649,4,0,0,28729,114916,172374
Okt-2026,MAMU MAKASSAR,OVERSIZE RAGLAN KID MAMU,RGL OS PUTIH-NAVY KID M,0,4,0,0,28729,114916,114916
Mar-2026,MAMU MAKASSAR,OVERSIZE RAGLAN KID MAMU,RGL OS PUTIH-NAVY KID S,114916,1,0,0,28729,28729,0
Apr-2026,MAMU MAKASSAR,OVERSIZE RAGLAN KID MAMU,RGL OS PUTIH-NAVY KID S,0,0,0,0,28729,0,28729
Jun-2026,MAMU MAKASSAR,OVERSIZE RAGLAN KID MAMU,RGL OS PUTIH-NAVY KID S,0,10,0,0,28729,287290,0
Jul-2026,MAMU MAKASSAR,OVERSIZE RAGLAN KID MAMU,RGL OS PUTIH-NAVY KID S,29649,10,0,0,28729,287290,287290
Agu-2026,MAMU MAKASSAR,OVERSIZE RAGLAN KID MAMU,RGL OS PUTIH-NAVY KID S,88947,9,0,0,28729,258561,287290
Sep-2026,MAMU MAKASSAR,OVERSIZE RAGLAN KID MAMU,RGL OS PUTIH-NAVY KID S,88947,4,0,0,28729,114916,258561
Okt-2026,MAMU MAKASSAR,OVERSIZE RAGLAN KID MAMU,RGL OS PUTIH-NAVY KID S,0,3,0,0,28729,86187,114916
Jan-2026,MAMU MAKASSAR,OVERSIZE RAGLAN KID MAMU,RGL OS PUTIH-NAVY KID XL,143645,2,0,0,28729,57458,0
Feb-2026,MAMU MAKASSAR,OVERSIZE RAGLAN KID MAMU,RGL OS PUTIH-NAVY KID XL,0,0,0,0,28729,0,57458
Jun-2026,MAMU MAKASSAR,OVERSIZE RAGLAN KID MAMU,RGL OS PUTIH-NAVY KID XL,0,10,0,0,28729,287290,0
Jul-2026,MAMU MAKASSAR,OVERSIZE RAGLAN KID MAMU,RGL OS PUTIH-NAVY KID XL,59298,10,0,0,28729,287290,287290
Agu-2026,MAMU MAKASSAR,OVERSIZE RAGLAN KID MAMU,RGL OS PUTIH-NAVY KID XL,59298,6,0,0,28729,172374,287290
Sep-2026,MAMU MAKASSAR,OVERSIZE RAGLAN KID MAMU,RGL OS PUTIH-NAVY KID XL,0,6,0,0,28729,172374,172374
Okt-2026,MAMU MAKASSAR,OVERSIZE RAGLAN KID MAMU,RGL OS PUTIH-NAVY KID XL,0,6,0,0,28729,172374,172374
Jan-2026,MAMU MAKASSAR,OVERSIZE RAGLAN KID MAMU,RGL OS PUTIH-TOFFEE KID 2XL,59156,0,0,0,29578,0,0
Jun-2026,MAMU MAKASSAR,OVERSIZE RAGLAN KID MAMU,RGL OS PUTIH-TOFFEE KID 2XL,0,10,0,0,29578,295780,0
Jul-2026,MAMU MAKASSAR,OVERSIZE RAGLAN KID MAMU,RGL OS PUTIH-TOFFEE KID 2XL,56160,9,0,0,29578,266202,295780
Agu-2026,MAMU MAKASSAR,OVERSIZE RAGLAN KID MAMU,RGL OS PUTIH-TOFFEE KID 2XL,168480,7,0,0,29578,207046,266202
Sep-2026,MAMU MAKASSAR,OVERSIZE RAGLAN KID MAMU,RGL OS PUTIH-TOFFEE KID 2XL,84240,3,0,0,29578,88734,207046
Okt-2026,MAMU MAKASSAR,OVERSIZE RAGLAN KID MAMU,RGL OS PUTIH-TOFFEE KID 2XL,0,2,0,0,29578,59156,88734
Jan-2026,MAMU MAKASSAR,OVERSIZE RAGLAN KID MAMU,RGL OS PUTIH-TOFFEE KID L,236624,15,0,0,29578,443670,0
Feb-2026,MAMU MAKASSAR,OVERSIZE RAGLAN KID MAMU,RGL OS PUTIH-TOFFEE KID L,177468,0,0,0,29578,0,443670
Mar-2026,MAMU MAKASSAR,OVERSIZE RAGLAN KID MAMU,RGL OS PUTIH-TOFFEE KID L,29578,0,0,0,29578,0,0
Apr-2026,MAMU MAKASSAR,OVERSIZE RAGLAN KID MAMU,RGL OS PUTIH-TOFFEE KID L,29578,0,0,0,29578,0,0
Jun-2026,MAMU MAKASSAR,OVERSIZE RAGLAN KID MAMU,RGL OS PUTIH-TOFFEE KID L,0,10,0,0,29578,295780,0
Jul-2026,MAMU MAKASSAR,OVERSIZE RAGLAN KID MAMU,RGL OS PUTIH-TOFFEE KID L,84240,8,0,0,29578,236624,295780
Agu-2026,MAMU MAKASSAR,OVERSIZE RAGLAN KID MAMU,RGL OS PUTIH-TOFFEE KID L,84240,6,0,0,29578,177468,236624
Sep-2026,MAMU MAKASSAR,OVERSIZE RAGLAN KID MAMU,RGL OS PUTIH-TOFFEE KID L,192123,3,0,0,29578,88734,177468
Okt-2026,MAMU MAKASSAR,OVERSIZE RAGLAN KID MAMU,RGL OS PUTIH-TOFFEE KID L,0,2,10,0,29578,354936,88734
Jan-2026,MAMU MAKASSAR,OVERSIZE RAGLAN KID MAMU,RGL OS PUTIH-TOFFEE KID M,88734,0,0,0,29578,0,0
Jun-2026,MAMU MAKASSAR,OVERSIZE RAGLAN KID MAMU,RGL OS PUTIH-TOFFEE KID M,0,10,0,0,29578,295780,0
Jul-2026,MAMU MAKASSAR,OVERSIZE RAGLAN KID MAMU,RGL OS PUTIH-TOFFEE KID M,56160,8,0,0,29578,236624,295780
Agu-2026,MAMU MAKASSAR,OVERSIZE RAGLAN KID MAMU,RGL OS PUTIH-TOFFEE KID M,308880,4,0,0,29578,118312,236624
Sep-2026,MAMU MAKASSAR,OVERSIZE RAGLAN KID MAMU,RGL OS PUTIH-TOFFEE KID M,168480,8,0,0,29578,236624,118312
Okt-2026,MAMU MAKASSAR,OVERSIZE RAGLAN KID MAMU,RGL OS PUTIH-TOFFEE KID M,56160,7,0,0,29578,207046,236624
Jan-2026,MAMU MAKASSAR,OVERSIZE RAGLAN KID MAMU,RGL OS PUTIH-TOFFEE KID S,118312,0,0,0,29578,0,0
Jun-2026,MAMU MAKASSAR,OVERSIZE RAGLAN KID MAMU,RGL OS PUTIH-TOFFEE KID S,34225,9,0,0,29578,266202,0
Jul-2026,MAMU MAKASSAR,OVERSIZE RAGLAN KID MAMU,RGL OS PUTIH-TOFFEE KID S,34225,8,0,0,29578,236624,266202
Agu-2026,MAMU MAKASSAR,OVERSIZE RAGLAN KID MAMU,RGL OS PUTIH-TOFFEE KID S,102675,5,0,0,29578,147890,236624
Sep-2026,MAMU MAKASSAR,OVERSIZE RAGLAN KID MAMU,RGL OS PUTIH-TOFFEE KID S,239575,0,0,0,29578,0,147890
Okt-2026,MAMU MAKASSAR,OVERSIZE RAGLAN KID MAMU,RGL OS PUTIH-TOFFEE KID S,34225,0,4,0,29578,118312,0
Jan-2026,MAMU MAKASSAR,OVERSIZE RAGLAN KID MAMU,RGL OS PUTIH-TOFFEE KID XL,177468,1,0,0,29578,29578,0
Feb-2026,MAMU MAKASSAR,OVERSIZE RAGLAN KID MAMU,RGL OS PUTIH-TOFFEE KID XL,29578,0,0,0,29578,0,29578
Jun-2026,MAMU MAKASSAR,OVERSIZE RAGLAN KID MAMU,RGL OS PUTIH-TOFFEE KID XL,0,10,0,0,29578,295780,0
Jul-2026,MAMU MAKASSAR,OVERSIZE RAGLAN KID MAMU,RGL OS PUTIH-TOFFEE KID XL,84240,9,0,0,29578,266202,295780
Agu-2026,MAMU MAKASSAR,OVERSIZE RAGLAN KID MAMU,RGL OS PUTIH-TOFFEE KID XL,28080,7,0,0,29578,207046,266202
Sep-2026,MAMU MAKASSAR,OVERSIZE RAGLAN KID MAMU,RGL OS PUTIH-TOFFEE KID XL,56160,5,0,0,29578,147890,207046
Okt-2026,MAMU MAKASSAR,OVERSIZE RAGLAN KID MAMU,RGL OS PUTIH-TOFFEE KID XL,0,4,0,0,29578,118312,147890
Jan-2026,MAMU PALOPO,OVERSIZE RAGLAN KID MAMU,RGL OS PUTIH-ARMY KID 2XL,0,2,0,0,28583,57166,0
Feb-2026,MAMU PALOPO,OVERSIZE RAGLAN KID MAMU,RGL OS PUTIH-ARMY KID 2XL,0,2,0,0,28583,57166,57166
Mar-2026,MAMU PALOPO,OVERSIZE RAGLAN KID MAMU,RGL OS PUTIH-ARMY KID 2XL,28583,1,0,0,28583,28583,57166
Apr-2026,MAMU PALOPO,OVERSIZE RAGLAN KID MAMU,RGL OS PUTIH-ARMY KID 2XL,28583,0,0,0,28583,0,28583
Agu-2026,MAMU PALOPO,OVERSIZE RAGLAN KID MAMU,RGL OS PUTIH-ARMY KID 2XL,0,1,0,0,28583,28583,0
Sep-2026,MAMU PALOPO,OVERSIZE RAGLAN KID MAMU,RGL OS PUTIH-ARMY KID 2XL,0,1,0,0,28583,28583,28583
Okt-2026,MAMU PALOPO,OVERSIZE RAGLAN KID MAMU,RGL OS PUTIH-ARMY KID 2XL,0,1,0,0,28583,28583,28583
Jan-2026,MAMU PALOPO,OVERSIZE RAGLAN KID MAMU,RGL OS PUTIH-ARMY KID L,0,8,0,0,28583,228664,0
Feb-2026,MAMU PALOPO,OVERSIZE RAGLAN KID MAMU,RGL OS PUTIH-ARMY KID L,0,8,0,0,28583,228664,228664
Mar-2026,MAMU PALOPO,OVERSIZE RAGLAN KID MAMU,RGL OS PUTIH-ARMY KID L,28583,7,0,0,28583,200081,228664
Apr-2026,MAMU PALOPO,OVERSIZE RAGLAN KID MAMU,RGL OS PUTIH-ARMY KID L,0,7,0,0,28583,200081,200081
Mei-2026,MAMU PALOPO,OVERSIZE RAGLAN KID MAMU,RGL OS PUTIH-ARMY KID L,0,7,0,0,28583,200081,200081
Jun-2026,MAMU PALOPO,OVERSIZE RAGLAN KID MAMU,RGL OS PUTIH-ARMY KID L,0,7,0,0,28583,200081,200081
Jul-2026,MAMU PALOPO,OVERSIZE RAGLAN KID MAMU,RGL OS PUTIH-ARMY KID L,0,7,0,0,28583,200081,200081
Agu-2026,MAMU PALOPO,OVERSIZE RAGLAN KID MAMU,RGL OS PUTIH-ARMY KID L,28583,6,0,0,28583,171498,200081
Sep-2026,MAMU PALOPO,OVERSIZE RAGLAN KID MAMU,RGL OS PUTIH-ARMY KID L,0,6,0,0,28583,171498,171498
Okt-2026,MAMU PALOPO,OVERSIZE RAGLAN KID MAMU,RGL OS PUTIH-ARMY KID L,0,6,0,0,28583,171498,171498
Jan-2026,MAMU PALOPO,OVERSIZE RAGLAN KID MAMU,RGL OS PUTIH-ARMY KID M,0,4,0,0,28583,114332,0
Feb-2026,MAMU PALOPO,OVERSIZE RAGLAN KID MAMU,RGL OS PUTIH-ARMY KID M,0,4,0,0,28583,114332,114332
Mar-2026,MAMU PALOPO,OVERSIZE RAGLAN KID MAMU,RGL OS PUTIH-ARMY KID M,28583,3,0,0,28583,85749,114332
Apr-2026,MAMU PALOPO,OVERSIZE RAGLAN KID MAMU,RGL OS PUTIH-ARMY KID M,0,3,0,0,28583,85749,85749
Mei-2026,MAMU PALOPO,OVERSIZE RAGLAN KID MAMU,RGL OS PUTIH-ARMY KID M,0,3,0,0,28583,85749,85749
Jun-2026,MAMU PALOPO,OVERSIZE RAGLAN KID MAMU,RGL OS PUTIH-ARMY KID M,0,3,0,0,28583,85749,85749
Jul-2026,MAMU PALOPO,OVERSIZE RAGLAN KID MAMU,RGL OS PUTIH-ARMY KID M,28583,2,0,0,28583,57166,85749
Agu-2026,MAMU PALOPO,OVERSIZE RAGLAN KID MAMU,RGL OS PUTIH-ARMY KID M,0,3,0,0,28583,85749,57166
Sep-2026,MAMU PALOPO,OVERSIZE RAGLAN KID MAMU,RGL OS PUTIH-ARMY KID M,0,3,0,0,28583,85749,85749
Okt-2026,MAMU PALOPO,OVERSIZE RAGLAN KID MAMU,RGL OS PUTIH-ARMY KID M,0,3,0,0,28583,85749,85749
Jan-2026,MAMU PALOPO,OVERSIZE RAGLAN KID MAMU,RGL OS PUTIH-ARMY KID XL,0,5,0,0,28583,142915,0
Feb-2026,MAMU PALOPO,OVERSIZE RAGLAN KID MAMU,RGL OS PUTIH-ARMY KID XL,0,5,0,0,28583,142915,142915
Mar-2026,MAMU PALOPO,OVERSIZE RAGLAN KID MAMU,RGL OS PUTIH-ARMY KID XL,0,5,0,0,28583,142915,142915
Apr-2026,MAMU PALOPO,OVERSIZE RAGLAN KID MAMU,RGL OS PUTIH-ARMY KID XL,0,5,0,0,28583,142915,142915
Mei-2026,MAMU PALOPO,OVERSIZE RAGLAN KID MAMU,RGL OS PUTIH-ARMY KID XL,0,5,0,0,28583,142915,142915
Jun-2026,MAMU PALOPO,OVERSIZE RAGLAN KID MAMU,RGL OS PUTIH-ARMY KID XL,0,5,0,0,28583,142915,142915
Jul-2026,MAMU PALOPO,OVERSIZE RAGLAN KID MAMU,RGL OS PUTIH-ARMY KID XL,0,5,0,0,28583,142915,142915
Agu-2026,MAMU PALOPO,OVERSIZE RAGLAN KID MAMU,RGL OS PUTIH-ARMY KID XL,28583,5,0,0,28583,142915,142915
Sep-2026,MAMU PALOPO,OVERSIZE RAGLAN KID MAMU,RGL OS PUTIH-ARMY KID XL,0,4,0,0,28583,114332,142915
Okt-2026,MAMU PALOPO,OVERSIZE RAGLAN KID MAMU,RGL OS PUTIH-ARMY KID XL,0,4,0,0,28583,114332,114332
Jan-2026,MAMU PALOPO,OVERSIZE RAGLAN KID MAMU,RGL OS PUTIH-HITAM KID 2XL,0,2,0,0,30262,60524,0
Feb-2026,MAMU PALOPO,OVERSIZE RAGLAN KID MAMU,RGL OS PUTIH-HITAM KID 2XL,0,2,0,0,30262,60524,60524
Mar-2026,MAMU PALOPO,OVERSIZE RAGLAN KID MAMU,RGL OS PUTIH-HITAM KID 2XL,30262,1,0,0,30262,30262,60524
Apr-2026,MAMU PALOPO,OVERSIZE RAGLAN KID MAMU,RGL OS PUTIH-HITAM KID 2XL,30262,1,0,0,30262,30262,30262
Mei-2026,MAMU PALOPO,OVERSIZE RAGLAN KID MAMU,RGL OS PUTIH-HITAM KID 2XL,0,0,0,0,30262,0,30262
Jul-2026,MAMU PALOPO,OVERSIZE RAGLAN KID MAMU,RGL OS PUTIH-HITAM KID 2XL,115976,0,0,0,30262,0,0
Agu-2026,MAMU PALOPO,OVERSIZE RAGLAN KID MAMU,RGL OS PUTIH-HITAM KID 2XL,0,1,0,0,30262,30262,0
Sep-2026,MAMU PALOPO,OVERSIZE RAGLAN KID MAMU,RGL OS PUTIH-HITAM KID 2XL,0,1,0,0,30262,30262,30262
Okt-2026,MAMU PALOPO,OVERSIZE RAGLAN KID MAMU,RGL OS PUTIH-HITAM KID 2XL,0,1,0,0,30262,30262,30262
Jan-2026,MAMU PALOPO,OVERSIZE RAGLAN KID MAMU,RGL OS PUTIH-HITAM KID L,0,6,0,0,30262,181572,0
Feb-2026,MAMU PALOPO,OVERSIZE RAGLAN KID MAMU,RGL OS PUTIH-HITAM KID L,0,6,0,0,30262,181572,181572
Mar-2026,MAMU PALOPO,OVERSIZE RAGLAN KID MAMU,RGL OS PUTIH-HITAM KID L,0,6,0,0,30262,181572,181572
Apr-2026,MAMU PALOPO,OVERSIZE RAGLAN KID MAMU,RGL OS PUTIH-HITAM KID L,0,6,0,0,30262,181572,181572
Mei-2026,MAMU PALOPO,OVERSIZE RAGLAN KID MAMU,RGL OS PUTIH-HITAM KID L,0,6,0,0,30262,181572,181572
Jun-2026,MAMU PALOPO,OVERSIZE RAGLAN KID MAMU,RGL OS PUTIH-HITAM KID L,0,6,0,0,30262,181572,181572
Jul-2026,MAMU PALOPO,OVERSIZE RAGLAN KID MAMU,RGL OS PUTIH-HITAM KID L,0,6,0,0,30262,181572,181572
Agu-2026,MAMU PALOPO,OVERSIZE RAGLAN KID MAMU,RGL OS PUTIH-HITAM KID L,30262,5,0,0,30262,151310,181572
Sep-2026,MAMU PALOPO,OVERSIZE RAGLAN KID MAMU,RGL OS PUTIH-HITAM KID L,0,5,0,0,30262,151310,151310
Okt-2026,MAMU PALOPO,OVERSIZE RAGLAN KID MAMU,RGL OS PUTIH-HITAM KID L,0,5,0,0,30262,151310,151310
Jan-2026,MAMU PALOPO,OVERSIZE RAGLAN KID MAMU,RGL OS PUTIH-HITAM KID M,0,3,0,0,30262,90786,0
Feb-2026,MAMU PALOPO,OVERSIZE RAGLAN KID MAMU,RGL OS PUTIH-HITAM KID M,0,3,0,0,30262,90786,90786
Mar-2026,MAMU PALOPO,OVERSIZE RAGLAN KID MAMU,RGL OS PUTIH-HITAM KID M,0,3,0,0,30262,90786,90786
Apr-2026,MAMU PALOPO,OVERSIZE RAGLAN KID MAMU,RGL OS PUTIH-HITAM KID M,30262,3,0,0,30262,90786,90786
Mei-2026,MAMU PALOPO,OVERSIZE RAGLAN KID MAMU,RGL OS PUTIH-HITAM KID M,0,2,0,0,30262,60524,90786
Jun-2026,MAMU PALOPO,OVERSIZE RAGLAN KID MAMU,RGL OS PUTIH-HITAM KID M,0,2,0,0,30262,60524,60524
Jul-2026,MAMU PALOPO,OVERSIZE RAGLAN KID MAMU,RGL OS PUTIH-HITAM KID M,0,2,0,0,30262,60524,60524
Agu-2026,MAMU PALOPO,OVERSIZE RAGLAN KID MAMU,RGL OS PUTIH-HITAM KID M,29501,4,0,0,30262,121048,60524
Sep-2026,MAMU PALOPO,OVERSIZE RAGLAN KID MAMU,RGL OS PUTIH-HITAM KID M,0,5,0,0,30262,151310,121048
Okt-2026,MAMU PALOPO,OVERSIZE RAGLAN KID MAMU,RGL OS PUTIH-HITAM KID M,0,5,0,0,30262,151310,151310
Jan-2026,MAMU PALOPO,OVERSIZE RAGLAN KID MAMU,RGL OS PUTIH-HITAM KID XL,0,4,0,0,30262,121048,0
Feb-2026,MAMU PALOPO,OVERSIZE RAGLAN KID MAMU,RGL OS PUTIH-HITAM KID XL,0,4,0,0,30262,121048,121048
Mar-2026,MAMU PALOPO,OVERSIZE RAGLAN KID MAMU,RGL OS PUTIH-HITAM KID XL,0,4,0,0,30262,121048,121048
Apr-2026,MAMU PALOPO,OVERSIZE RAGLAN KID MAMU,RGL OS PUTIH-HITAM KID XL,0,4,0,0,30262,121048,121048
Mei-2026,MAMU PALOPO,OVERSIZE RAGLAN KID MAMU,RGL OS PUTIH-HITAM KID XL,0,4,0,0,30262,121048,121048
Jun-2026,MAMU PALOPO,OVERSIZE RAGLAN KID MAMU,RGL OS PUTIH-HITAM KID XL,0,4,0,0,30262,121048,121048
Jul-2026,MAMU PALOPO,OVERSIZE RAGLAN KID MAMU,RGL OS PUTIH-HITAM KID XL,0,4,0,0,30262,121048,121048
Agu-2026,MAMU PALOPO,OVERSIZE RAGLAN KID MAMU,RGL OS PUTIH-HITAM KID XL,0,5,0,0,30262,151310,121048
Sep-2026,MAMU PALOPO,OVERSIZE RAGLAN KID MAMU,RGL OS PUTIH-HITAM KID XL,0,5,0,0,30262,151310,151310
Okt-2026,MAMU PALOPO,OVERSIZE RAGLAN KID MAMU,RGL OS PUTIH-HITAM KID XL,0,5,0,0,30262,151310,151310
Jan-2026,MAMU PALOPO,OVERSIZE RAGLAN KID MAMU,RGL OS PUTIH-NAVY KID 2XL,0,2,0,0,28729,57458,0
Feb-2026,MAMU PALOPO,OVERSIZE RAGLAN KID MAMU,RGL OS PUTIH-NAVY KID 2XL,0,2,0,0,28729,57458,57458
Mar-2026,MAMU PALOPO,OVERSIZE RAGLAN KID MAMU,RGL OS PUTIH-NAVY KID 2XL,0,2,0,0,28729,57458,57458
Apr-2026,MAMU PALOPO,OVERSIZE RAGLAN KID MAMU,RGL OS PUTIH-NAVY KID 2XL,0,2,0,0,28729,57458,57458
Mei-2026,MAMU PALOPO,OVERSIZE RAGLAN KID MAMU,RGL OS PUTIH-NAVY KID 2XL,0,2,0,0,28729,57458,57458
Jun-2026,MAMU PALOPO,OVERSIZE RAGLAN KID MAMU,RGL OS PUTIH-NAVY KID 2XL,28729,1,0,0,28729,28729,57458
Jul-2026,MAMU PALOPO,OVERSIZE RAGLAN KID MAMU,RGL OS PUTIH-NAVY KID 2XL,0,1,0,0,28729,28729,28729
Agu-2026,MAMU PALOPO,OVERSIZE RAGLAN KID MAMU,RGL OS PUTIH-NAVY KID 2XL,0,1,0,0,28729,28729,28729
Sep-2026,MAMU PALOPO,OVERSIZE RAGLAN KID MAMU,RGL OS PUTIH-NAVY KID 2XL,0,1,0,0,28729,28729,28729
Okt-2026,MAMU PALOPO,OVERSIZE RAGLAN KID MAMU,RGL OS PUTIH-NAVY KID 2XL,0,1,0,0,28729,28729,28729
Jan-2026,MAMU PALOPO,OVERSIZE RAGLAN KID MAMU,RGL OS PUTIH-NAVY KID L,0,9,0,0,28729,258561,0
Feb-2026,MAMU PALOPO,OVERSIZE RAGLAN KID MAMU,RGL OS PUTIH-NAVY KID L,0,9,0,0,28729,258561,258561
Mar-2026,MAMU PALOPO,OVERSIZE RAGLAN KID MAMU,RGL OS PUTIH-NAVY KID L,0,8,0,0,28729,229832,258561
Apr-2026,MAMU PALOPO,OVERSIZE RAGLAN KID MAMU,RGL OS PUTIH-NAVY KID L,28729,7,0,0,28729,201103,229832
Mei-2026,MAMU PALOPO,OVERSIZE RAGLAN KID MAMU,RGL OS PUTIH-NAVY KID L,0,7,0,0,28729,201103,201103
Jun-2026,MAMU PALOPO,OVERSIZE RAGLAN KID MAMU,RGL OS PUTIH-NAVY KID L,0,7,0,0,28729,201103,201103
Jul-2026,MAMU PALOPO,OVERSIZE RAGLAN KID MAMU,RGL OS PUTIH-NAVY KID L,0,7,0,0,28729,201103,201103
Agu-2026,MAMU PALOPO,OVERSIZE RAGLAN KID MAMU,RGL OS PUTIH-NAVY KID L,28729,6,0,0,28729,172374,201103
Sep-2026,MAMU PALOPO,OVERSIZE RAGLAN KID MAMU,RGL OS PUTIH-NAVY KID L,0,6,0,0,28729,172374,172374
Okt-2026,MAMU PALOPO,OVERSIZE RAGLAN KID MAMU,RGL OS PUTIH-NAVY KID L,0,6,0,0,28729,172374,172374
Jan-2026,MAMU PALOPO,OVERSIZE RAGLAN KID MAMU,RGL OS PUTIH-NAVY KID M,0,4,0,0,28729,114916,0
Feb-2026,MAMU PALOPO,OVERSIZE RAGLAN KID MAMU,RGL OS PUTIH-NAVY KID M,0,4,0,0,28729,114916,114916
Mar-2026,MAMU PALOPO,OVERSIZE RAGLAN KID MAMU,RGL OS PUTIH-NAVY KID M,0,4,0,0,28729,114916,114916
Apr-2026,MAMU PALOPO,OVERSIZE RAGLAN KID MAMU,RGL OS PUTIH-NAVY KID M,28729,4,0,0,28729,114916,114916
Mei-2026,MAMU PALOPO,OVERSIZE RAGLAN KID MAMU,RGL OS PUTIH-NAVY KID M,0,3,0,0,28729,86187,114916
Jun-2026,MAMU PALOPO,OVERSIZE RAGLAN KID MAMU,RGL OS PUTIH-NAVY KID M,0,3,0,0,28729,86187,86187
Jul-2026,MAMU PALOPO,OVERSIZE RAGLAN KID MAMU,RGL OS PUTIH-NAVY KID M,0,3,0,0,28729,86187,86187
Agu-2026,MAMU PALOPO,OVERSIZE RAGLAN KID MAMU,RGL OS PUTIH-NAVY KID M,0,5,0,0,28729,143645,86187
Sep-2026,MAMU PALOPO,OVERSIZE RAGLAN KID MAMU,RGL OS PUTIH-NAVY KID M,29097,4,0,0,28729,114916,143645
Okt-2026,MAMU PALOPO,OVERSIZE RAGLAN KID MAMU,RGL OS PUTIH-NAVY KID M,0,4,0,0,28729,114916,114916
Jan-2026,MAMU PALOPO,OVERSIZE RAGLAN KID MAMU,RGL OS PUTIH-NAVY KID XL,0,5,0,0,28729,143645,0
Feb-2026,MAMU PALOPO,OVERSIZE RAGLAN KID MAMU,RGL OS PUTIH-NAVY KID XL,0,5,0,0,28729,143645,143645
Mar-2026,MAMU PALOPO,OVERSIZE RAGLAN KID MAMU,RGL OS PUTIH-NAVY KID XL,28729,4,0,0,28729,114916,143645
Apr-2026,MAMU PALOPO,OVERSIZE RAGLAN KID MAMU,RGL OS PUTIH-NAVY KID XL,0,4,0,0,28729,114916,114916
Mei-2026,MAMU PALOPO,OVERSIZE RAGLAN KID MAMU,RGL OS PUTIH-NAVY KID XL,0,4,0,0,28729,114916,114916
Jun-2026,MAMU PALOPO,OVERSIZE RAGLAN KID MAMU,RGL OS PUTIH-NAVY KID XL,0,4,0,0,28729,114916,114916
Jul-2026,MAMU PALOPO,OVERSIZE RAGLAN KID MAMU,RGL OS PUTIH-NAVY KID XL,0,4,0,0,28729,114916,114916
Agu-2026,MAMU PALOPO,OVERSIZE RAGLAN KID MAMU,RGL OS PUTIH-NAVY KID XL,0,5,0,0,28729,143645,114916
Sep-2026,MAMU PALOPO,OVERSIZE RAGLAN KID MAMU,RGL OS PUTIH-NAVY KID XL,28913,4,0,0,28729,114916,143645
Okt-2026,MAMU PALOPO,OVERSIZE RAGLAN KID MAMU,RGL OS PUTIH-NAVY KID XL,0,4,0,0,28729,114916,114916
Jan-2026,MAMU PALOPO,OVERSIZE RAGLAN KID MAMU,RGL OS PUTIH-TOFFEE KID 2XL,0,2,0,0,29578,59156,0
Feb-2026,MAMU PALOPO,OVERSIZE RAGLAN KID MAMU,RGL OS PUTIH-TOFFEE KID 2XL,0,2,0,0,29578,59156,59156
Mar-2026,MAMU PALOPO,OVERSIZE RAGLAN KID MAMU,RGL OS PUTIH-TOFFEE KID 2XL,29578,1,0,0,29578,29578,59156
Apr-2026,MAMU PALOPO,OVERSIZE RAGLAN KID MAMU,RGL OS PUTIH-TOFFEE KID 2XL,0,1,0,0,29578,29578,29578
Mei-2026,MAMU PALOPO,OVERSIZE RAGLAN KID MAMU,RGL OS PUTIH-TOFFEE KID 2XL,0,1,0,0,29578,29578,29578
Jun-2026,MAMU PALOPO,OVERSIZE RAGLAN KID MAMU,RGL OS PUTIH-TOFFEE KID 2XL,0,1,0,0,29578,29578,29578
Jul-2026,MAMU PALOPO,OVERSIZE RAGLAN KID MAMU,RGL OS PUTIH-TOFFEE KID 2XL,0,1,0,0,29578,29578,29578
Agu-2026,MAMU PALOPO,OVERSIZE RAGLAN KID MAMU,RGL OS PUTIH-TOFFEE KID 2XL,29578,1,0,0,29578,29578,29578
Sep-2026,MAMU PALOPO,OVERSIZE RAGLAN KID MAMU,RGL OS PUTIH-TOFFEE KID 2XL,0,0,0,0,29578,0,29578
Jan-2026,MAMU PALOPO,OVERSIZE RAGLAN KID MAMU,RGL OS PUTIH-TOFFEE KID L,29578,7,0,0,29578,207046,0
Feb-2026,MAMU PALOPO,OVERSIZE RAGLAN KID MAMU,RGL OS PUTIH-TOFFEE KID L,0,7,0,0,29578,207046,207046
Mar-2026,MAMU PALOPO,OVERSIZE RAGLAN KID MAMU,RGL OS PUTIH-TOFFEE KID L,88734,3,0,0,29578,88734,207046
Apr-2026,MAMU PALOPO,OVERSIZE RAGLAN KID MAMU,RGL OS PUTIH-TOFFEE KID L,0,3,0,0,29578,88734,88734
Mei-2026,MAMU PALOPO,OVERSIZE RAGLAN KID MAMU,RGL OS PUTIH-TOFFEE KID L,0,3,0,0,29578,88734,88734
Jun-2026,MAMU PALOPO,OVERSIZE RAGLAN KID MAMU,RGL OS PUTIH-TOFFEE KID L,0,3,0,0,29578,88734,88734
Jul-2026,MAMU PALOPO,OVERSIZE RAGLAN KID MAMU,RGL OS PUTIH-TOFFEE KID L,0,3,0,0,29578,88734,88734
Agu-2026,MAMU PALOPO,OVERSIZE RAGLAN KID MAMU,RGL OS PUTIH-TOFFEE KID L,0,5,0,0,29578,147890,88734
Sep-2026,MAMU PALOPO,OVERSIZE RAGLAN KID MAMU,RGL OS PUTIH-TOFFEE KID L,0,5,0,0,29578,147890,147890
Okt-2026,MAMU PALOPO,OVERSIZE RAGLAN KID MAMU,RGL OS PUTIH-TOFFEE KID L,0,5,0,0,29578,147890,147890
Jan-2026,MAMU PALOPO,OVERSIZE RAGLAN KID MAMU,RGL OS PUTIH-TOFFEE KID M,29578,2,0,0,29578,59156,0
Feb-2026,MAMU PALOPO,OVERSIZE RAGLAN KID MAMU,RGL OS PUTIH-TOFFEE KID M,0,2,0,0,29578,59156,59156
Mar-2026,MAMU PALOPO,OVERSIZE RAGLAN KID MAMU,RGL OS PUTIH-TOFFEE KID M,59156,0,0,0,29578,0,59156
Agu-2026,MAMU PALOPO,OVERSIZE RAGLAN KID MAMU,RGL OS PUTIH-TOFFEE KID M,0,5,0,0,29578,147890,0
Sep-2026,MAMU PALOPO,OVERSIZE RAGLAN KID MAMU,RGL OS PUTIH-TOFFEE KID M,28080,4,0,0,29578,118312,147890
Okt-2026,MAMU PALOPO,OVERSIZE RAGLAN KID MAMU,RGL OS PUTIH-TOFFEE KID M,0,4,0,0,29578,118312,118312
Jan-2026,MAMU PALOPO,OVERSIZE RAGLAN KID MAMU,RGL OS PUTIH-TOFFEE KID S,0,2,0,0,29578,59156,0
Feb-2026,MAMU PALOPO,OVERSIZE RAGLAN KID MAMU,RGL OS PUTIH-TOFFEE KID S,0,2,0,0,29578,59156,59156
Mar-2026,MAMU PALOPO,OVERSIZE RAGLAN KID MAMU,RGL OS PUTIH-TOFFEE KID S,29578,1,0,0,29578,29578,59156
Apr-2026,MAMU PALOPO,OVERSIZE RAGLAN KID MAMU,RGL OS PUTIH-TOFFEE KID S,0,1,0,0,29578,29578,29578
Mei-2026,MAMU PALOPO,OVERSIZE RAGLAN KID MAMU,RGL OS PUTIH-TOFFEE KID S,0,1,0,0,29578,29578,29578
Jun-2026,MAMU PALOPO,OVERSIZE RAGLAN KID MAMU,RGL OS PUTIH-TOFFEE KID S,0,1,0,0,29578,29578,29578
Jul-2026,MAMU PALOPO,OVERSIZE RAGLAN KID MAMU,RGL OS PUTIH-TOFFEE KID S,0,1,0,0,29578,29578,29578
Agu-2026,MAMU PALOPO,OVERSIZE RAGLAN KID MAMU,RGL OS PUTIH-TOFFEE KID S,100260,5,0,0,29578,147890,29578
Sep-2026,MAMU PALOPO,OVERSIZE RAGLAN KID MAMU,RGL OS PUTIH-TOFFEE KID S,33668,3,0,0,29578,88734,147890
Okt-2026,MAMU PALOPO,OVERSIZE RAGLAN KID MAMU,RGL OS PUTIH-TOFFEE KID S,0,3,0,0,29578,88734,88734
Jan-2026,MAMU PALOPO,OVERSIZE RAGLAN KID MAMU,RGL OS PUTIH-TOFFEE KID XL,0,4,0,0,29578,118312,0
Feb-2026,MAMU PALOPO,OVERSIZE RAGLAN KID MAMU,RGL OS PUTIH-TOFFEE KID XL,0,4,0,0,29578,118312,118312
Mar-2026,MAMU PALOPO,OVERSIZE RAGLAN KID MAMU,RGL OS PUTIH-TOFFEE KID XL,29578,3,0,0,29578,88734,118312
Apr-2026,MAMU PALOPO,OVERSIZE RAGLAN KID MAMU,RGL OS PUTIH-TOFFEE KID XL,0,3,0,0,29578,88734,88734
Mei-2026,MAMU PALOPO,OVERSIZE RAGLAN KID MAMU,RGL OS PUTIH-TOFFEE KID XL,0,3,0,0,29578,88734,88734
Jun-2026,MAMU PALOPO,OVERSIZE RAGLAN KID MAMU,RGL OS PUTIH-TOFFEE KID XL,29578,2,0,0,29578,59156,88734
Jul-2026,MAMU PALOPO,OVERSIZE RAGLAN KID MAMU,RGL OS PUTIH-TOFFEE KID XL,0,2,0,0,29578,59156,59156
Agu-2026,MAMU PALOPO,OVERSIZE RAGLAN KID MAMU,RGL OS PUTIH-TOFFEE KID XL,28679,5,0,0,29578,147890,59156
Sep-2026,MAMU PALOPO,OVERSIZE RAGLAN KID MAMU,RGL OS PUTIH-TOFFEE KID XL,56286,4,0,0,29578,118312,147890
Okt-2026,MAMU PALOPO,OVERSIZE RAGLAN KID MAMU,RGL OS PUTIH-TOFFEE KID XL,0,3,0,0,29578,88734,118312
Jan-2026,MAMU TSM,OVERSIZE RAGLAN KID MAMU,RGL OS PUTIH-ARMY KID L,85749,2,0,0,28583,57166,0
Feb-2026,MAMU TSM,OVERSIZE RAGLAN KID MAMU,RGL OS PUTIH-ARMY KID L,228664,3,0,0,28583,85749,57166
Mar-2026,MAMU TSM,OVERSIZE RAGLAN KID MAMU,RGL OS PUTIH-ARMY KID L,142915,0,0,0,28583,0,85749
Mar-2026,MAMU TSM,OVERSIZE RAGLAN KID MAMU,RGL OS PUTIH-ARMY KID S,28583,0,0,0,28583,0,0
Jan-2026,MAMU TSM,OVERSIZE RAGLAN KID MAMU,RGL OS PUTIH-ARMY KID XL,114332,1,0,0,28583,28583,0
Feb-2026,MAMU TSM,OVERSIZE RAGLAN KID MAMU,RGL OS PUTIH-ARMY KID XL,57166,0,0,0,28583,0,28583
Jan-2026,MAMU TSM,OVERSIZE RAGLAN KID MAMU,RGL OS PUTIH-HITAM KID L,60524,4,0,0,30262,121048,0
Feb-2026,MAMU TSM,OVERSIZE RAGLAN KID MAMU,RGL OS PUTIH-HITAM KID L,302620,3,0,0,30262,90786,121048
Mar-2026,MAMU TSM,OVERSIZE RAGLAN KID MAMU,RGL OS PUTIH-HITAM KID L,90786,0,0,0,30262,0,90786
Jan-2026,MAMU TSM,OVERSIZE RAGLAN KID MAMU,RGL OS PUTIH-HITAM KID M,60524,0,0,0,30262,0,0
Mar-2026,MAMU TSM,OVERSIZE RAGLAN KID MAMU,RGL OS PUTIH-HITAM KID S,60524,0,0,0,30262,0,0
Jan-2026,MAMU TSM,OVERSIZE RAGLAN KID MAMU,RGL OS PUTIH-HITAM KID XL,121048,2,0,0,30262,60524,0
Feb-2026,MAMU TSM,OVERSIZE RAGLAN KID MAMU,RGL OS PUTIH-HITAM KID XL,60524,0,0,0,30262,0,60524
Jan-2026,MAMU TSM,OVERSIZE RAGLAN KID MAMU,RGL OS PUTIH-NAVY KID L,114916,2,0,0,28729,57458,0
Feb-2026,MAMU TSM,OVERSIZE RAGLAN KID MAMU,RGL OS PUTIH-NAVY KID L,201103,0,0,0,28729,0,57458
Mar-2026,MAMU TSM,OVERSIZE RAGLAN KID MAMU,RGL OS PUTIH-NAVY KID L,28729,0,0,0,28729,0,0
Jan-2026,MAMU TSM,OVERSIZE RAGLAN KID MAMU,RGL OS PUTIH-NAVY KID M,172374,0,0,0,28729,0,0
Mar-2026,MAMU TSM,OVERSIZE RAGLAN KID MAMU,RGL OS PUTIH-NAVY KID S,28729,0,0,0,28729,0,0
Jan-2026,MAMU TSM,OVERSIZE RAGLAN KID MAMU,RGL OS PUTIH-NAVY KID XL,57458,4,0,0,28729,114916,0
Feb-2026,MAMU TSM,OVERSIZE RAGLAN KID MAMU,RGL OS PUTIH-NAVY KID XL,172374,0,0,0,28729,0,114916
Jan-2026,MAMU TSM,OVERSIZE RAGLAN KID MAMU,RGL OS PUTIH-TOFFEE KID L,177468,0,0,0,29578,0,0
Feb-2026,MAMU TSM,OVERSIZE RAGLAN KID MAMU,RGL OS PUTIH-TOFFEE KID L,236624,0,0,0,29578,0,0
Mar-2026,MAMU TSM,OVERSIZE RAGLAN KID MAMU,RGL OS PUTIH-TOFFEE KID L,29578,0,0,0,29578,0,0
Jan-2026,MAMU TSM,OVERSIZE RAGLAN KID MAMU,RGL OS PUTIH-TOFFEE KID S,59156,0,0,0,29578,0,0
Jan-2026,MAMU TSM,OVERSIZE RAGLAN KID MAMU,RGL OS PUTIH-TOFFEE KID XL,59156,0,0,0,29578,0,0
Agu-2026,TIGALAPANKAOS BONE,OVERSIZE RAGLAN KID MAMU,RGL OS PUTIH-ARMY KID L,0,3,0,0,28583,85749,0
Sep-2026,TIGALAPANKAOS BONE,OVERSIZE RAGLAN KID MAMU,RGL OS PUTIH-ARMY KID L,59264,1,0,0,28583,28583,85749
Okt-2026,TIGALAPANKAOS BONE,OVERSIZE RAGLAN KID MAMU,RGL OS PUTIH-ARMY KID L,0,1,0,0,28583,28583,28583
Agu-2026,TIGALAPANKAOS BONE,OVERSIZE RAGLAN KID MAMU,RGL OS PUTIH-HITAM KID L,0,3,0,0,30262,90786,0
Sep-2026,TIGALAPANKAOS BONE,OVERSIZE RAGLAN KID MAMU,RGL OS PUTIH-HITAM KID L,0,3,0,0,30262,90786,90786
Okt-2026,TIGALAPANKAOS BONE,OVERSIZE RAGLAN KID MAMU,RGL OS PUTIH-HITAM KID L,0,3,0,0,30262,90786,90786
Sep-2026,TIGALAPANKAOS BONE,OVERSIZE RAGLAN KID MAMU,RGL OS PUTIH-HITAM KID M,28059,2,0,0,30262,60524,0
Okt-2026,TIGALAPANKAOS BONE,OVERSIZE RAGLAN KID MAMU,RGL OS PUTIH-HITAM KID M,0,2,0,0,30262,60524,60524
Agu-2026,TIGALAPANKAOS BONE,OVERSIZE RAGLAN KID MAMU,RGL OS PUTIH-HITAM KID S,37137,3,0,0,30262,90786,0
Sep-2026,TIGALAPANKAOS BONE,OVERSIZE RAGLAN KID MAMU,RGL OS PUTIH-HITAM KID S,37137,2,0,0,30262,60524,90786
Okt-2026,TIGALAPANKAOS BONE,OVERSIZE RAGLAN KID MAMU,RGL OS PUTIH-HITAM KID S,0,2,0,0,30262,60524,60524
Sep-2026,TIGALAPANKAOS BONE,OVERSIZE RAGLAN KID MAMU,RGL OS PUTIH-HITAM KID XL,28994,2,0,0,30262,60524,0
Okt-2026,TIGALAPANKAOS BONE,OVERSIZE RAGLAN KID MAMU,RGL OS PUTIH-HITAM KID XL,0,2,0,0,30262,60524,60524
Jan-2026,TIGALAPANKAOS BONE,OVERSIZE RAGLAN KID MAMU,RGL OS PUTIH-NAVY KID 2XL,0,2,0,0,28729,57458,0
Feb-2026,TIGALAPANKAOS BONE,OVERSIZE RAGLAN KID MAMU,RGL OS PUTIH-NAVY KID 2XL,28729,1,0,0,28729,28729,57458
Mar-2026,TIGALAPANKAOS BONE,OVERSIZE RAGLAN KID MAMU,RGL OS PUTIH-NAVY KID 2XL,28729,0,0,0,28729,0,28729
Jan-2026,TIGALAPANKAOS BONE,OVERSIZE RAGLAN KID MAMU,RGL OS PUTIH-NAVY KID L,0,9,0,0,28729,258561,0
Feb-2026,TIGALAPANKAOS BONE,OVERSIZE RAGLAN KID MAMU,RGL OS PUTIH-NAVY KID L,28729,8,0,0,28729,229832,258561
Mar-2026,TIGALAPANKAOS BONE,OVERSIZE RAGLAN KID MAMU,RGL OS PUTIH-NAVY KID L,57458,5,0,0,28729,143645,229832
Apr-2026,TIGALAPANKAOS BONE,OVERSIZE RAGLAN KID MAMU,RGL OS PUTIH-NAVY KID L,28729,4,0,0,28729,114916,143645
Mei-2026,TIGALAPANKAOS BONE,OVERSIZE RAGLAN KID MAMU,RGL OS PUTIH-NAVY KID L,57458,2,0,0,28729,57458,114916
Jun-2026,TIGALAPANKAOS BONE,OVERSIZE RAGLAN KID MAMU,RGL OS PUTIH-NAVY KID L,28729,1,0,0,28729,28729,57458
Jul-2026,TIGALAPANKAOS BONE,OVERSIZE RAGLAN KID MAMU,RGL OS PUTIH-NAVY KID L,28729,0,0,0,28729,0,28729
Sep-2026,TIGALAPANKAOS BONE,OVERSIZE RAGLAN KID MAMU,RGL OS PUTIH-NAVY KID L,0,3,0,0,28729,86187,0
Okt-2026,TIGALAPANKAOS BONE,OVERSIZE RAGLAN KID MAMU,RGL OS PUTIH-NAVY KID L,0,3,0,0,28729,86187,86187
Jan-2026,TIGALAPANKAOS BONE,OVERSIZE RAGLAN KID MAMU,RGL OS PUTIH-NAVY KID M,0,4,0,0,28729,114916,0
Feb-2026,TIGALAPANKAOS BONE,OVERSIZE RAGLAN KID MAMU,RGL OS PUTIH-NAVY KID M,28729,3,0,0,28729,86187,114916
Mar-2026,TIGALAPANKAOS BONE,OVERSIZE RAGLAN KID MAMU,RGL OS PUTIH-NAVY KID M,57458,1,0,0,28729,28729,86187
Apr-2026,TIGALAPANKAOS BONE,OVERSIZE RAGLAN KID MAMU,RGL OS PUTIH-NAVY KID M,28729,0,0,0,28729,0,28729
Jan-2026,TIGALAPANKAOS BONE,OVERSIZE RAGLAN KID MAMU,RGL OS PUTIH-NAVY KID XL,28729,4,0,0,28729,114916,0
Feb-2026,TIGALAPANKAOS BONE,OVERSIZE RAGLAN KID MAMU,RGL OS PUTIH-NAVY KID XL,0,4,0,0,28729,114916,114916
Mar-2026,TIGALAPANKAOS BONE,OVERSIZE RAGLAN KID MAMU,RGL OS PUTIH-NAVY KID XL,86187,1,0,0,28729,28729,114916
Apr-2026,TIGALAPANKAOS BONE,OVERSIZE RAGLAN KID MAMU,RGL OS PUTIH-NAVY KID XL,28729,0,0,0,28729,0,28729
Jan-2026,TIGALAPANKAOS BONE,OVERSIZE RAGLAN KID MAMU,RGL OS PUTIH-TOFFEE KID 2XL,29578,1,0,0,29578,29578,0
Feb-2026,TIGALAPANKAOS BONE,OVERSIZE RAGLAN KID MAMU,RGL OS PUTIH-TOFFEE KID 2XL,29578,0,0,0,29578,0,29578
Jan-2026,TIGALAPANKAOS BONE,OVERSIZE RAGLAN KID MAMU,RGL OS PUTIH-TOFFEE KID L,0,8,0,0,29578,236624,0
Feb-2026,TIGALAPANKAOS BONE,OVERSIZE RAGLAN KID MAMU,RGL OS PUTIH-TOFFEE KID L,59156,6,0,0,29578,177468,236624
Mar-2026,TIGALAPANKAOS BONE,OVERSIZE RAGLAN KID MAMU,RGL OS PUTIH-TOFFEE KID L,118312,1,0,0,29578,29578,177468
Apr-2026,TIGALAPANKAOS BONE,OVERSIZE RAGLAN KID MAMU,RGL OS PUTIH-TOFFEE KID L,0,1,0,0,29578,29578,29578
Mei-2026,TIGALAPANKAOS BONE,OVERSIZE RAGLAN KID MAMU,RGL OS PUTIH-TOFFEE KID L,29578,1,0,0,29578,29578,29578
Jun-2026,TIGALAPANKAOS BONE,OVERSIZE RAGLAN KID MAMU,RGL OS PUTIH-TOFFEE KID L,29578,0,0,0,29578,0,29578
Agu-2026,TIGALAPANKAOS BONE,OVERSIZE RAGLAN KID MAMU,RGL OS PUTIH-TOFFEE KID L,28080,5,0,0,29578,147890,0
Sep-2026,TIGALAPANKAOS BONE,OVERSIZE RAGLAN KID MAMU,RGL OS PUTIH-TOFFEE KID L,56160,3,0,0,29578,88734,147890
Okt-2026,TIGALAPANKAOS BONE,OVERSIZE RAGLAN KID MAMU,RGL OS PUTIH-TOFFEE KID L,0,3,0,0,29578,88734,88734
Jan-2026,TIGALAPANKAOS BONE,OVERSIZE RAGLAN KID MAMU,RGL OS PUTIH-TOFFEE KID M,0,3,0,0,29578,88734,0
Feb-2026,TIGALAPANKAOS BONE,OVERSIZE RAGLAN KID MAMU,RGL OS PUTIH-TOFFEE KID M,88734,0,0,0,29578,0,88734
Jan-2026,TIGALAPANKAOS BONE,OVERSIZE RAGLAN KID MAMU,RGL OS PUTIH-TOFFEE KID S,0,2,0,0,29578,59156,0
Feb-2026,TIGALAPANKAOS BONE,OVERSIZE RAGLAN KID MAMU,RGL OS PUTIH-TOFFEE KID S,59156,0,0,0,29578,0,59156
Agu-2026,TIGALAPANKAOS BONE,OVERSIZE RAGLAN KID MAMU,RGL OS PUTIH-TOFFEE KID S,68450,5,0,0,29578,147890,0
Sep-2026,TIGALAPANKAOS BONE,OVERSIZE RAGLAN KID MAMU,RGL OS PUTIH-TOFFEE KID S,68450,2,0,0,29578,59156,147890
Okt-2026,TIGALAPANKAOS BONE,OVERSIZE RAGLAN KID MAMU,RGL OS PUTIH-TOFFEE KID S,0,2,0,0,29578,59156,59156
Jan-2026,TIGALAPANKAOS BONE,OVERSIZE RAGLAN KID MAMU,RGL OS PUTIH-TOFFEE KID XL,0,4,0,0,29578,118312,0
Feb-2026,TIGALAPANKAOS BONE,OVERSIZE RAGLAN KID MAMU,RGL OS PUTIH-TOFFEE KID XL,59156,2,0,0,29578,59156,118312
Mar-2026,TIGALAPANKAOS BONE,OVERSIZE RAGLAN KID MAMU,RGL OS PUTIH-TOFFEE KID XL,59156,0,0,0,29578,0,59156
Jan-2026,TIGALAPANKAOS MANADO,OVERSIZE RAGLAN KID MAMU,RGL OS PUTIH-ARMY KID L,0,7,0,0,28583,200081,0
Feb-2026,TIGALAPANKAOS MANADO,OVERSIZE RAGLAN KID MAMU,RGL OS PUTIH-ARMY KID L,28583,6,0,0,28583,171498,200081
Mar-2026,TIGALAPANKAOS MANADO,OVERSIZE RAGLAN KID MAMU,RGL OS PUTIH-ARMY KID L,28583,5,0,0,28583,142915,171498
Apr-2026,TIGALAPANKAOS MANADO,OVERSIZE RAGLAN KID MAMU,RGL OS PUTIH-ARMY KID L,28583,4,0,0,28583,114332,142915
Mei-2026,TIGALAPANKAOS MANADO,OVERSIZE RAGLAN KID MAMU,RGL OS PUTIH-ARMY KID L,0,4,0,0,28583,114332,114332
Jun-2026,TIGALAPANKAOS MANADO,OVERSIZE RAGLAN KID MAMU,RGL OS PUTIH-ARMY KID L,57166,2,0,0,28583,57166,114332
Jul-2026,TIGALAPANKAOS MANADO,OVERSIZE RAGLAN KID MAMU,RGL OS PUTIH-ARMY KID L,0,2,0,0,28583,57166,57166
Agu-2026,TIGALAPANKAOS MANADO,OVERSIZE RAGLAN KID MAMU,RGL OS PUTIH-ARMY KID L,28583,4,0,0,28583,114332,57166
Sep-2026,TIGALAPANKAOS MANADO,OVERSIZE RAGLAN KID MAMU,RGL OS PUTIH-ARMY KID L,58740,2,0,0,28583,57166,114332
Okt-2026,TIGALAPANKAOS MANADO,OVERSIZE RAGLAN KID MAMU,RGL OS PUTIH-ARMY KID L,0,2,3,0,28583,142915,57166
Jan-2026,TIGALAPANKAOS MANADO,OVERSIZE RAGLAN KID MAMU,RGL OS PUTIH-ARMY KID M,0,4,0,0,28583,114332,0
Feb-2026,TIGALAPANKAOS MANADO,OVERSIZE RAGLAN KID MAMU,RGL OS PUTIH-ARMY KID M,57166,2,0,0,28583,57166,114332
Mar-2026,TIGALAPANKAOS MANADO,OVERSIZE RAGLAN KID MAMU,RGL OS PUTIH-ARMY KID M,57166,0,0,0,28583,0,57166
Okt-2026,TIGALAPANKAOS MANADO,OVERSIZE RAGLAN KID MAMU,RGL OS PUTIH-ARMY KID M,0,0,2,0,28583,57166,0
Okt-2026,TIGALAPANKAOS MANADO,OVERSIZE RAGLAN KID MAMU,RGL OS PUTIH-ARMY KID S,0,0,2,0,28583,57166,0
Jan-2026,TIGALAPANKAOS MANADO,OVERSIZE RAGLAN KID MAMU,RGL OS PUTIH-ARMY KID XL,0,1,0,0,28583,28583,0
Feb-2026,TIGALAPANKAOS MANADO,OVERSIZE RAGLAN KID MAMU,RGL OS PUTIH-ARMY KID XL,0,1,0,0,28583,28583,28583
Mar-2026,TIGALAPANKAOS MANADO,OVERSIZE RAGLAN KID MAMU,RGL OS PUTIH-ARMY KID XL,28583,0,0,0,28583,0,28583
Jan-2026,TIGALAPANKAOS MANADO,OVERSIZE RAGLAN KID MAMU,RGL OS PUTIH-HITAM KID L,30262,3,0,0,30262,90786,0
Feb-2026,TIGALAPANKAOS MANADO,OVERSIZE RAGLAN KID MAMU,RGL OS PUTIH-HITAM KID L,0,3,0,0,30262,90786,90786
Mar-2026,TIGALAPANKAOS MANADO,OVERSIZE RAGLAN KID MAMU,RGL OS PUTIH-HITAM KID L,0,3,0,0,30262,90786,90786
Apr-2026,TIGALAPANKAOS MANADO,OVERSIZE RAGLAN KID MAMU,RGL OS PUTIH-HITAM KID L,0,3,0,0,30262,90786,90786
Mei-2026,TIGALAPANKAOS MANADO,OVERSIZE RAGLAN KID MAMU,RGL OS PUTIH-HITAM KID L,60524,1,0,0,30262,30262,90786
Jun-2026,TIGALAPANKAOS MANADO,OVERSIZE RAGLAN KID MAMU,RGL OS PUTIH-HITAM KID L,0,1,0,0,30262,30262,30262
Jul-2026,TIGALAPANKAOS MANADO,OVERSIZE RAGLAN KID MAMU,RGL OS PUTIH-HITAM KID L,0,1,0,0,30262,30262,30262
Agu-2026,TIGALAPANKAOS MANADO,OVERSIZE RAGLAN KID MAMU,RGL OS PUTIH-HITAM KID L,30262,2,0,0,30262,60524,30262
Sep-2026,TIGALAPANKAOS MANADO,OVERSIZE RAGLAN KID MAMU,RGL OS PUTIH-HITAM KID L,57988,0,0,0,30262,0,60524
Okt-2026,TIGALAPANKAOS MANADO,OVERSIZE RAGLAN KID MAMU,RGL OS PUTIH-HITAM KID L,0,0,6,0,30262,181572,0
Jan-2026,TIGALAPANKAOS MANADO,OVERSIZE RAGLAN KID MAMU,RGL OS PUTIH-HITAM KID M,60524,1,0,0,30262,30262,0
Feb-2026,TIGALAPANKAOS MANADO,OVERSIZE RAGLAN KID MAMU,RGL OS PUTIH-HITAM KID M,0,1,0,0,30262,30262,30262
Mar-2026,TIGALAPANKAOS MANADO,OVERSIZE RAGLAN KID MAMU,RGL OS PUTIH-HITAM KID M,30262,0,0,0,30262,0,30262
Okt-2026,TIGALAPANKAOS MANADO,OVERSIZE RAGLAN KID MAMU,RGL OS PUTIH-HITAM KID M,0,0,3,0,30262,90786,0
Agu-2026,TIGALAPANKAOS MANADO,OVERSIZE RAGLAN KID MAMU,RGL OS PUTIH-HITAM KID S,0,3,0,0,30262,90786,0
Sep-2026,TIGALAPANKAOS MANADO,OVERSIZE RAGLAN KID MAMU,RGL OS PUTIH-HITAM KID S,37137,2,0,0,30262,60524,90786
Okt-2026,TIGALAPANKAOS MANADO,OVERSIZE RAGLAN KID MAMU,RGL OS PUTIH-HITAM KID S,0,2,0,0,30262,60524,60524
Jan-2026,TIGALAPANKAOS MANADO,OVERSIZE RAGLAN KID MAMU,RGL OS PUTIH-HITAM KID XL,0,3,0,0,30262,90786,0
Feb-2026,TIGALAPANKAOS MANADO,OVERSIZE RAGLAN KID MAMU,RGL OS PUTIH-HITAM KID XL,0,3,0,0,30262,90786,90786
Mar-2026,TIGALAPANKAOS MANADO,OVERSIZE RAGLAN KID MAMU,RGL OS PUTIH-HITAM KID XL,30262,2,0,0,30262,60524,90786
Apr-2026,TIGALAPANKAOS MANADO,OVERSIZE RAGLAN KID MAMU,RGL OS PUTIH-HITAM KID XL,30262,1,0,0,30262,30262,60524
Mei-2026,TIGALAPANKAOS MANADO,OVERSIZE RAGLAN KID MAMU,RGL OS PUTIH-HITAM KID XL,30262,0,0,0,30262,0,30262
Okt-2026,TIGALAPANKAOS MANADO,OVERSIZE RAGLAN KID MAMU,RGL OS PUTIH-HITAM KID XL,0,0,2,0,30262,60524,0
Okt-2026,TIGALAPANKAOS MANADO,OVERSIZE RAGLAN KID MAMU,RGL OS PUTIH-NAVY KID L,0,0,3,0,28729,86187,0
Okt-2026,TIGALAPANKAOS MANADO,OVERSIZE RAGLAN KID MAMU,RGL OS PUTIH-NAVY KID M,0,0,3,0,28729,86187,0
Okt-2026,TIGALAPANKAOS MANADO,OVERSIZE RAGLAN KID MAMU,RGL OS PUTIH-NAVY KID S,0,0,2,0,28729,57458,0
Okt-2026,TIGALAPANKAOS MANADO,OVERSIZE RAGLAN KID MAMU,RGL OS PUTIH-NAVY KID XL,0,0,3,0,28729,86187,0
Agu-2026,TIGALAPANKAOS MANADO,OVERSIZE RAGLAN KID MAMU,RGL OS PUTIH-TOFFEE KID L,56160,1,0,0,29578,29578,0
Sep-2026,TIGALAPANKAOS MANADO,OVERSIZE RAGLAN KID MAMU,RGL OS PUTIH-TOFFEE KID L,0,1,0,0,29578,29578,29578
Okt-2026,TIGALAPANKAOS MANADO,OVERSIZE RAGLAN KID MAMU,RGL OS PUTIH-TOFFEE KID L,0,1,2,0,29578,88734,29578
Agu-2026,TIGALAPANKAOS MANADO,OVERSIZE RAGLAN KID MAMU,RGL OS PUTIH-TOFFEE KID S,0,3,0,0,29578,88734,0
Sep-2026,TIGALAPANKAOS MANADO,OVERSIZE RAGLAN KID MAMU,RGL OS PUTIH-TOFFEE KID S,34225,2,0,0,29578,59156,88734
Okt-2026,TIGALAPANKAOS MANADO,OVERSIZE RAGLAN KID MAMU,RGL OS PUTIH-TOFFEE KID S,0,2,0,0,29578,59156,59156
Okt-2026,TIGALAPANKAOS MANADO,OVERSIZE RAGLAN KID MAMU,RGL OS PUTIH-TOFFEE KID XL,0,0,2,0,29578,59156,0
Jan-2026,TIGALAPANKAOS PALU,OVERSIZE RAGLAN KID MAMU,RGL OS PUTIH-ARMY KID L,0,7,0,0,28583,200081,0
Feb-2026,TIGALAPANKAOS PALU,OVERSIZE RAGLAN KID MAMU,RGL OS PUTIH-ARMY KID L,0,7,0,0,28583,200081,200081
Mar-2026,TIGALAPANKAOS PALU,OVERSIZE RAGLAN KID MAMU,RGL OS PUTIH-ARMY KID L,114332,3,0,0,28583,85749,200081
Apr-2026,TIGALAPANKAOS PALU,OVERSIZE RAGLAN KID MAMU,RGL OS PUTIH-ARMY KID L,57166,2,0,0,28583,57166,85749
Mei-2026,TIGALAPANKAOS PALU,OVERSIZE RAGLAN KID MAMU,RGL OS PUTIH-ARMY KID L,0,1,0,0,28583,28583,57166
Jun-2026,TIGALAPANKAOS PALU,OVERSIZE RAGLAN KID MAMU,RGL OS PUTIH-ARMY KID L,0,0,0,0,28583,0,28583
Jul-2026,TIGALAPANKAOS PALU,OVERSIZE RAGLAN KID MAMU,RGL OS PUTIH-ARMY KID L,0,5,0,0,28583,142915,0
Agu-2026,TIGALAPANKAOS PALU,OVERSIZE RAGLAN KID MAMU,RGL OS PUTIH-ARMY KID L,88896,4,0,0,28583,114332,142915
Sep-2026,TIGALAPANKAOS PALU,OVERSIZE RAGLAN KID MAMU,RGL OS PUTIH-ARMY KID L,0,5,0,0,28583,142915,114332
Okt-2026,TIGALAPANKAOS PALU,OVERSIZE RAGLAN KID MAMU,RGL OS PUTIH-ARMY KID L,0,5,8,0,28583,371579,142915
Jul-2026,TIGALAPANKAOS PALU,OVERSIZE RAGLAN KID MAMU,RGL OS PUTIH-ARMY KID M,0,5,0,0,28583,142915,0
Agu-2026,TIGALAPANKAOS PALU,OVERSIZE RAGLAN KID MAMU,RGL OS PUTIH-ARMY KID M,1968,5,0,0,28583,142915,142915
Sep-2026,TIGALAPANKAOS PALU,OVERSIZE RAGLAN KID MAMU,RGL OS PUTIH-ARMY KID M,0,5,0,0,28583,142915,142915
Okt-2026,TIGALAPANKAOS PALU,OVERSIZE RAGLAN KID MAMU,RGL OS PUTIH-ARMY KID M,0,5,1,0,28583,171498,142915
Mar-2026,TIGALAPANKAOS PALU,OVERSIZE RAGLAN KID MAMU,RGL OS PUTIH-ARMY KID S,57166,3,0,0,28583,85749,0
Apr-2026,TIGALAPANKAOS PALU,OVERSIZE RAGLAN KID MAMU,RGL OS PUTIH-ARMY KID S,57166,1,0,0,28583,28583,85749
Mei-2026,TIGALAPANKAOS PALU,OVERSIZE RAGLAN KID MAMU,RGL OS PUTIH-ARMY KID S,0,1,0,0,28583,28583,28583
Jun-2026,TIGALAPANKAOS PALU,OVERSIZE RAGLAN KID MAMU,RGL OS PUTIH-ARMY KID S,28583,0,0,0,28583,0,28583
Jul-2026,TIGALAPANKAOS PALU,OVERSIZE RAGLAN KID MAMU,RGL OS PUTIH-ARMY KID S,0,5,0,0,28583,142915,0
Agu-2026,TIGALAPANKAOS PALU,OVERSIZE RAGLAN KID MAMU,RGL OS PUTIH-ARMY KID S,29632,5,0,0,28583,142915,142915
Sep-2026,TIGALAPANKAOS PALU,OVERSIZE RAGLAN KID MAMU,RGL OS PUTIH-ARMY KID S,0,5,0,0,28583,142915,142915
Okt-2026,TIGALAPANKAOS PALU,OVERSIZE RAGLAN KID MAMU,RGL OS PUTIH-ARMY KID S,0,5,0,0,28583,142915,142915
Jan-2026,TIGALAPANKAOS PALU,OVERSIZE RAGLAN KID MAMU,RGL OS PUTIH-ARMY KID XL,0,2,0,0,28583,57166,0
Feb-2026,TIGALAPANKAOS PALU,OVERSIZE RAGLAN KID MAMU,RGL OS PUTIH-ARMY KID XL,28583,1,0,0,28583,28583,57166
Mar-2026,TIGALAPANKAOS PALU,OVERSIZE RAGLAN KID MAMU,RGL OS PUTIH-ARMY KID XL,28583,0,0,0,28583,0,28583
Jul-2026,TIGALAPANKAOS PALU,OVERSIZE RAGLAN KID MAMU,RGL OS PUTIH-ARMY KID XL,0,5,0,0,28583,142915,0
Agu-2026,TIGALAPANKAOS PALU,OVERSIZE RAGLAN KID MAMU,RGL OS PUTIH-ARMY KID XL,1049,4,0,0,28583,114332,142915
Sep-2026,TIGALAPANKAOS PALU,OVERSIZE RAGLAN KID MAMU,RGL OS PUTIH-ARMY KID XL,0,5,0,0,28583,142915,114332
Okt-2026,TIGALAPANKAOS PALU,OVERSIZE RAGLAN KID MAMU,RGL OS PUTIH-ARMY KID XL,0,5,0,0,28583,142915,142915
Jul-2026,TIGALAPANKAOS PALU,OVERSIZE RAGLAN KID MAMU,RGL OS PUTIH-HITAM KID 2XL,0,1,0,0,30262,30262,0
Agu-2026,TIGALAPANKAOS PALU,OVERSIZE RAGLAN KID MAMU,RGL OS PUTIH-HITAM KID 2XL,-30262,1,0,0,30262,30262,30262
Sep-2026,TIGALAPANKAOS PALU,OVERSIZE RAGLAN KID MAMU,RGL OS PUTIH-HITAM KID 2XL,0,2,0,0,30262,60524,30262
Okt-2026,TIGALAPANKAOS PALU,OVERSIZE RAGLAN KID MAMU,RGL OS PUTIH-HITAM KID 2XL,0,2,0,0,30262,60524,60524
Jan-2026,TIGALAPANKAOS PALU,OVERSIZE RAGLAN KID MAMU,RGL OS PUTIH-HITAM KID L,0,5,0,0,30262,151310,0
Feb-2026,TIGALAPANKAOS PALU,OVERSIZE RAGLAN KID MAMU,RGL OS PUTIH-HITAM KID L,90786,2,0,0,30262,60524,151310
Mar-2026,TIGALAPANKAOS PALU,OVERSIZE RAGLAN KID MAMU,RGL OS PUTIH-HITAM KID L,60524,0,0,0,30262,0,60524
Jul-2026,TIGALAPANKAOS PALU,OVERSIZE RAGLAN KID MAMU,RGL OS PUTIH-HITAM KID L,0,3,0,0,30262,90786,0
Agu-2026,TIGALAPANKAOS PALU,OVERSIZE RAGLAN KID MAMU,RGL OS PUTIH-HITAM KID L,-31023,3,0,0,30262,90786,90786
Sep-2026,TIGALAPANKAOS PALU,OVERSIZE RAGLAN KID MAMU,RGL OS PUTIH-HITAM KID L,0,4,0,0,30262,121048,90786
Okt-2026,TIGALAPANKAOS PALU,OVERSIZE RAGLAN KID MAMU,RGL OS PUTIH-HITAM KID L,0,4,0,0,30262,121048,121048
Jul-2026,TIGALAPANKAOS PALU,OVERSIZE RAGLAN KID MAMU,RGL OS PUTIH-HITAM KID M,0,3,0,0,30262,90786,0
Agu-2026,TIGALAPANKAOS PALU,OVERSIZE RAGLAN KID MAMU,RGL OS PUTIH-HITAM KID M,-30262,3,0,0,30262,90786,90786
Sep-2026,TIGALAPANKAOS PALU,OVERSIZE RAGLAN KID MAMU,RGL OS PUTIH-HITAM KID M,0,4,0,0,30262,121048,90786
Okt-2026,TIGALAPANKAOS PALU,OVERSIZE RAGLAN KID MAMU,RGL OS PUTIH-HITAM KID M,0,4,0,0,30262,121048,121048
Jul-2026,TIGALAPANKAOS PALU,OVERSIZE RAGLAN KID MAMU,RGL OS PUTIH-HITAM KID S,0,3,0,0,30262,90786,0
Agu-2026,TIGALAPANKAOS PALU,OVERSIZE RAGLAN KID MAMU,RGL OS PUTIH-HITAM KID S,37137,3,0,0,30262,90786,90786
Sep-2026,TIGALAPANKAOS PALU,OVERSIZE RAGLAN KID MAMU,RGL OS PUTIH-HITAM KID S,0,3,0,0,30262,90786,90786
Okt-2026,TIGALAPANKAOS PALU,OVERSIZE RAGLAN KID MAMU,RGL OS PUTIH-HITAM KID S,0,3,1,0,30262,121048,90786
Jan-2026,TIGALAPANKAOS PALU,OVERSIZE RAGLAN KID MAMU,RGL OS PUTIH-HITAM KID XL,0,3,0,0,30262,90786,0
Feb-2026,TIGALAPANKAOS PALU,OVERSIZE RAGLAN KID MAMU,RGL OS PUTIH-HITAM KID XL,60524,1,0,0,30262,30262,90786
Mar-2026,TIGALAPANKAOS PALU,OVERSIZE RAGLAN KID MAMU,RGL OS PUTIH-HITAM KID XL,30262,0,0,0,30262,0,30262
Jul-2026,TIGALAPANKAOS PALU,OVERSIZE RAGLAN KID MAMU,RGL OS PUTIH-HITAM KID XL,0,3,0,0,30262,90786,0
Agu-2026,TIGALAPANKAOS PALU,OVERSIZE RAGLAN KID MAMU,RGL OS PUTIH-HITAM KID XL,0,3,0,0,30262,90786,90786
Sep-2026,TIGALAPANKAOS PALU,OVERSIZE RAGLAN KID MAMU,RGL OS PUTIH-HITAM KID XL,28994,3,0,0,30262,90786,90786
Okt-2026,TIGALAPANKAOS PALU,OVERSIZE RAGLAN KID MAMU,RGL OS PUTIH-HITAM KID XL,0,3,4,0,30262,211834,90786
Jan-2026,TIGALAPANKAOS PALU,OVERSIZE RAGLAN KID MAMU,RGL OS PUTIH-NAVY KID 2XL,0,2,0,0,28729,57458,0
Feb-2026,TIGALAPANKAOS PALU,OVERSIZE RAGLAN KID MAMU,RGL OS PUTIH-NAVY KID 2XL,28729,1,0,0,28729,28729,57458
Mar-2026,TIGALAPANKAOS PALU,OVERSIZE RAGLAN KID MAMU,RGL OS PUTIH-NAVY KID 2XL,28729,0,0,0,28729,0,28729
Jan-2026,TIGALAPANKAOS PALU,OVERSIZE RAGLAN KID MAMU,RGL OS PUTIH-NAVY KID L,0,14,0,0,28729,402206,0
Feb-2026,TIGALAPANKAOS PALU,OVERSIZE RAGLAN KID MAMU,RGL OS PUTIH-NAVY KID L,57458,12,0,0,28729,344748,402206
Mar-2026,TIGALAPANKAOS PALU,OVERSIZE RAGLAN KID MAMU,RGL OS PUTIH-NAVY KID L,143645,5,0,0,28729,143645,344748
Apr-2026,TIGALAPANKAOS PALU,OVERSIZE RAGLAN KID MAMU,RGL OS PUTIH-NAVY KID L,28729,4,0,0,28729,114916,143645
Mei-2026,TIGALAPANKAOS PALU,OVERSIZE RAGLAN KID MAMU,RGL OS PUTIH-NAVY KID L,57458,2,0,0,28729,57458,114916
Jun-2026,TIGALAPANKAOS PALU,OVERSIZE RAGLAN KID MAMU,RGL OS PUTIH-NAVY KID L,57458,0,0,0,28729,0,57458
Jul-2026,TIGALAPANKAOS PALU,OVERSIZE RAGLAN KID MAMU,RGL OS PUTIH-NAVY KID L,29649,5,0,0,28729,143645,0
Agu-2026,TIGALAPANKAOS PALU,OVERSIZE RAGLAN KID MAMU,RGL OS PUTIH-NAVY KID L,0,4,0,0,28729,114916,143645
Sep-2026,TIGALAPANKAOS PALU,OVERSIZE RAGLAN KID MAMU,RGL OS PUTIH-NAVY KID L,0,5,0,0,28729,143645,114916
Okt-2026,TIGALAPANKAOS PALU,OVERSIZE RAGLAN KID MAMU,RGL OS PUTIH-NAVY KID L,0,5,7,0,28729,344748,143645
Jan-2026,TIGALAPANKAOS PALU,OVERSIZE RAGLAN KID MAMU,RGL OS PUTIH-NAVY KID M,28729,6,0,0,28729,172374,0
Feb-2026,TIGALAPANKAOS PALU,OVERSIZE RAGLAN KID MAMU,RGL OS PUTIH-NAVY KID M,0,5,0,0,28729,143645,172374
Mar-2026,TIGALAPANKAOS PALU,OVERSIZE RAGLAN KID MAMU,RGL OS PUTIH-NAVY KID M,143645,0,0,0,28729,0,143645
Jul-2026,TIGALAPANKAOS PALU,OVERSIZE RAGLAN KID MAMU,RGL OS PUTIH-NAVY KID M,0,5,0,0,28729,143645,0
Agu-2026,TIGALAPANKAOS PALU,OVERSIZE RAGLAN KID MAMU,RGL OS PUTIH-NAVY KID M,0,5,0,0,28729,143645,143645
Sep-2026,TIGALAPANKAOS PALU,OVERSIZE RAGLAN KID MAMU,RGL OS PUTIH-NAVY KID M,0,5,0,0,28729,143645,143645
Okt-2026,TIGALAPANKAOS PALU,OVERSIZE RAGLAN KID MAMU,RGL OS PUTIH-NAVY KID M,0,5,2,0,28729,201103,143645
Jul-2026,TIGALAPANKAOS PALU,OVERSIZE RAGLAN KID MAMU,RGL OS PUTIH-NAVY KID S,0,5,0,0,28729,143645,0
Agu-2026,TIGALAPANKAOS PALU,OVERSIZE RAGLAN KID MAMU,RGL OS PUTIH-NAVY KID S,0,5,0,0,28729,143645,143645
Sep-2026,TIGALAPANKAOS PALU,OVERSIZE RAGLAN KID MAMU,RGL OS PUTIH-NAVY KID S,29649,5,0,0,28729,143645,143645
Okt-2026,TIGALAPANKAOS PALU,OVERSIZE RAGLAN KID MAMU,RGL OS PUTIH-NAVY KID S,0,5,0,0,28729,143645,143645
Jan-2026,TIGALAPANKAOS PALU,OVERSIZE RAGLAN KID MAMU,RGL OS PUTIH-NAVY KID XL,28729,5,0,0,28729,143645,0
Feb-2026,TIGALAPANKAOS PALU,OVERSIZE RAGLAN KID MAMU,RGL OS PUTIH-NAVY KID XL,28729,4,0,0,28729,114916,143645
Mar-2026,TIGALAPANKAOS PALU,OVERSIZE RAGLAN KID MAMU,RGL OS PUTIH-NAVY KID XL,114916,0,0,0,28729,0,114916
Jul-2026,TIGALAPANKAOS PALU,OVERSIZE RAGLAN KID MAMU,RGL OS PUTIH-NAVY KID XL,0,5,0,0,28729,143645,0
Agu-2026,TIGALAPANKAOS PALU,OVERSIZE RAGLAN KID MAMU,RGL OS PUTIH-NAVY KID XL,0,5,0,0,28729,143645,143645
Sep-2026,TIGALAPANKAOS PALU,OVERSIZE RAGLAN KID MAMU,RGL OS PUTIH-NAVY KID XL,29649,5,0,0,28729,143645,143645
Okt-2026,TIGALAPANKAOS PALU,OVERSIZE RAGLAN KID MAMU,RGL OS PUTIH-NAVY KID XL,0,5,2,0,28729,201103,143645
Jan-2026,TIGALAPANKAOS PALU,OVERSIZE RAGLAN KID MAMU,RGL OS PUTIH-TOFFEE KID 2XL,0,3,0,0,29578,88734,0
Feb-2026,TIGALAPANKAOS PALU,OVERSIZE RAGLAN KID MAMU,RGL OS PUTIH-TOFFEE KID 2XL,0,3,0,0,29578,88734,88734
Mar-2026,TIGALAPANKAOS PALU,OVERSIZE RAGLAN KID MAMU,RGL OS PUTIH-TOFFEE KID 2XL,88734,0,0,0,29578,0,88734
Jul-2026,TIGALAPANKAOS PALU,OVERSIZE RAGLAN KID MAMU,RGL OS PUTIH-TOFFEE KID 2XL,0,1,0,0,29578,29578,0
Agu-2026,TIGALAPANKAOS PALU,OVERSIZE RAGLAN KID MAMU,RGL OS PUTIH-TOFFEE KID 2XL,14040,1,0,0,29578,29578,29578
Sep-2026,TIGALAPANKAOS PALU,OVERSIZE RAGLAN KID MAMU,RGL OS PUTIH-TOFFEE KID 2XL,0,1,0,0,29578,29578,29578
Okt-2026,TIGALAPANKAOS PALU,OVERSIZE RAGLAN KID MAMU,RGL OS PUTIH-TOFFEE KID 2XL,0,1,0,0,29578,29578,29578
Jan-2026,TIGALAPANKAOS PALU,OVERSIZE RAGLAN KID MAMU,RGL OS PUTIH-TOFFEE KID L,0,13,0,0,29578,384514,0
Feb-2026,TIGALAPANKAOS PALU,OVERSIZE RAGLAN KID MAMU,RGL OS PUTIH-TOFFEE KID L,29578,12,0,0,29578,354936,384514
Mar-2026,TIGALAPANKAOS PALU,OVERSIZE RAGLAN KID MAMU,RGL OS PUTIH-TOFFEE KID L,295780,0,0,0,29578,0,354936
Jul-2026,TIGALAPANKAOS PALU,OVERSIZE RAGLAN KID MAMU,RGL OS PUTIH-TOFFEE KID L,28080,5,0,0,29578,147890,0
Agu-2026,TIGALAPANKAOS PALU,OVERSIZE RAGLAN KID MAMU,RGL OS PUTIH-TOFFEE KID L,84240,3,0,0,29578,88734,147890
Sep-2026,TIGALAPANKAOS PALU,OVERSIZE RAGLAN KID MAMU,RGL OS PUTIH-TOFFEE KID L,0,5,0,0,29578,147890,88734
Okt-2026,TIGALAPANKAOS PALU,OVERSIZE RAGLAN KID MAMU,RGL OS PUTIH-TOFFEE KID L,0,5,6,0,29578,325358,147890
Jan-2026,TIGALAPANKAOS PALU,OVERSIZE RAGLAN KID MAMU,RGL OS PUTIH-TOFFEE KID M,0,5,0,0,29578,147890,0
Feb-2026,TIGALAPANKAOS PALU,OVERSIZE RAGLAN KID MAMU,RGL OS PUTIH-TOFFEE KID M,59156,3,0,0,29578,88734,147890
Mar-2026,TIGALAPANKAOS PALU,OVERSIZE RAGLAN KID MAMU,RGL OS PUTIH-TOFFEE KID M,88734,0,0,0,29578,0,88734
Jul-2026,TIGALAPANKAOS PALU,OVERSIZE RAGLAN KID MAMU,RGL OS PUTIH-TOFFEE KID M,0,5,0,0,29578,147890,0
Agu-2026,TIGALAPANKAOS PALU,OVERSIZE RAGLAN KID MAMU,RGL OS PUTIH-TOFFEE KID M,84240,3,0,0,29578,88734,147890
Sep-2026,TIGALAPANKAOS PALU,OVERSIZE RAGLAN KID MAMU,RGL OS PUTIH-TOFFEE KID M,0,2,0,0,29578,59156,88734
Okt-2026,TIGALAPANKAOS PALU,OVERSIZE RAGLAN KID MAMU,RGL OS PUTIH-TOFFEE KID M,0,2,0,0,29578,59156,59156
Jan-2026,TIGALAPANKAOS PALU,OVERSIZE RAGLAN KID MAMU,RGL OS PUTIH-TOFFEE KID S,0,2,0,0,29578,59156,0
Feb-2026,TIGALAPANKAOS PALU,OVERSIZE RAGLAN KID MAMU,RGL OS PUTIH-TOFFEE KID S,59156,0,0,0,29578,0,59156
Jul-2026,TIGALAPANKAOS PALU,OVERSIZE RAGLAN KID MAMU,RGL OS PUTIH-TOFFEE KID S,0,5,0,0,29578,147890,0
Agu-2026,TIGALAPANKAOS PALU,OVERSIZE RAGLAN KID MAMU,RGL OS PUTIH-TOFFEE KID S,68450,5,0,0,29578,147890,147890
Sep-2026,TIGALAPANKAOS PALU,OVERSIZE RAGLAN KID MAMU,RGL OS PUTIH-TOFFEE KID S,0,5,0,0,29578,147890,147890
Okt-2026,TIGALAPANKAOS PALU,OVERSIZE RAGLAN KID MAMU,RGL OS PUTIH-TOFFEE KID S,0,5,0,0,29578,147890,147890
Jan-2026,TIGALAPANKAOS PALU,OVERSIZE RAGLAN KID MAMU,RGL OS PUTIH-TOFFEE KID XL,0,5,0,0,29578,147890,0
Feb-2026,TIGALAPANKAOS PALU,OVERSIZE RAGLAN KID MAMU,RGL OS PUTIH-TOFFEE KID XL,29578,5,0,0,29578,147890,147890
Mar-2026,TIGALAPANKAOS PALU,OVERSIZE RAGLAN KID MAMU,RGL OS PUTIH-TOFFEE KID XL,118312,0,0,0,29578,0,147890
Jul-2026,TIGALAPANKAOS PALU,OVERSIZE RAGLAN KID MAMU,RGL OS PUTIH-TOFFEE KID XL,0,5,0,0,29578,147890,0
Agu-2026,TIGALAPANKAOS PALU,OVERSIZE RAGLAN KID MAMU,RGL OS PUTIH-TOFFEE KID XL,28080,5,0,0,29578,147890,147890
Sep-2026,TIGALAPANKAOS PALU,OVERSIZE RAGLAN KID MAMU,RGL OS PUTIH-TOFFEE KID XL,0,5,0,0,29578,147890,147890
Okt-2026,TIGALAPANKAOS PALU,OVERSIZE RAGLAN KID MAMU,RGL OS PUTIH-TOFFEE KID XL,0,5,1,0,29578,177468,147890
Agu-2026,TIGALAPANKAOS POLMAN,OVERSIZE RAGLAN KID MAMU,RGL OS PUTIH-ARMY KID L,0,3,0,0,28583,85749,0
Sep-2026,TIGALAPANKAOS POLMAN,OVERSIZE RAGLAN KID MAMU,RGL OS PUTIH-ARMY KID L,0,0,0,0,28583,0,85749
Agu-2026,TIGALAPANKAOS POLMAN,OVERSIZE RAGLAN KID MAMU,RGL OS PUTIH-HITAM KID L,0,3,0,0,30262,90786,0
Sep-2026,TIGALAPANKAOS POLMAN,OVERSIZE RAGLAN KID MAMU,RGL OS PUTIH-HITAM KID L,0,0,0,0,30262,0,90786
Agu-2026,TIGALAPANKAOS POLMAN,OVERSIZE RAGLAN KID MAMU,RGL OS PUTIH-HITAM KID M,0,3,0,0,30262,90786,0
Sep-2026,TIGALAPANKAOS POLMAN,OVERSIZE RAGLAN KID MAMU,RGL OS PUTIH-HITAM KID M,0,0,0,0,30262,0,90786
Agu-2026,TIGALAPANKAOS POLMAN,OVERSIZE RAGLAN KID MAMU,RGL OS PUTIH-HITAM KID S,0,3,0,0,30262,90786,0
Sep-2026,TIGALAPANKAOS POLMAN,OVERSIZE RAGLAN KID MAMU,RGL OS PUTIH-HITAM KID S,0,0,0,0,30262,0,90786
Agu-2026,TIGALAPANKAOS POLMAN,OVERSIZE RAGLAN KID MAMU,RGL OS PUTIH-NAVY KID L,0,3,0,0,28729,86187,0
Sep-2026,TIGALAPANKAOS POLMAN,OVERSIZE RAGLAN KID MAMU,RGL OS PUTIH-NAVY KID L,0,0,0,0,28729,0,86187
Agu-2026,TIGALAPANKAOS POLMAN,OVERSIZE RAGLAN KID MAMU,RGL OS PUTIH-TOFFEE KID L,0,3,0,0,29578,88734,0
Sep-2026,TIGALAPANKAOS POLMAN,OVERSIZE RAGLAN KID MAMU,RGL OS PUTIH-TOFFEE KID L,0,0,0,0,29578,0,88734
Agu-2026,TIGALAPANKAOS POLMAN,OVERSIZE RAGLAN KID MAMU,RGL OS PUTIH-TOFFEE KID S,0,3,0,0,29578,88734,0
Sep-2026,TIGALAPANKAOS POLMAN,OVERSIZE RAGLAN KID MAMU,RGL OS PUTIH-TOFFEE KID S,0,0,0,0,29578,0,88734
Jan-2026,TIGALAPANKAOS SAMARINDA,OVERSIZE RAGLAN KID MAMU,RGL OS PUTIH-ARMY KID 2XL,0,1,0,0,28583,28583,0
Feb-2026,TIGALAPANKAOS SAMARINDA,OVERSIZE RAGLAN KID MAMU,RGL OS PUTIH-ARMY KID 2XL,0,1,0,0,28583,28583,28583
Mar-2026,TIGALAPANKAOS SAMARINDA,OVERSIZE RAGLAN KID MAMU,RGL OS PUTIH-ARMY KID 2XL,0,1,0,0,28583,28583,28583
Apr-2026,TIGALAPANKAOS SAMARINDA,OVERSIZE RAGLAN KID MAMU,RGL OS PUTIH-ARMY KID 2XL,28583,0,0,0,28583,0,28583
Jan-2026,TIGALAPANKAOS SAMARINDA,OVERSIZE RAGLAN KID MAMU,RGL OS PUTIH-ARMY KID L,0,7,0,0,28583,200081,0
Feb-2026,TIGALAPANKAOS SAMARINDA,OVERSIZE RAGLAN KID MAMU,RGL OS PUTIH-ARMY KID L,28583,6,0,0,28583,171498,200081
Mar-2026,TIGALAPANKAOS SAMARINDA,OVERSIZE RAGLAN KID MAMU,RGL OS PUTIH-ARMY KID L,28583,5,0,0,28583,142915,171498
Apr-2026,TIGALAPANKAOS SAMARINDA,OVERSIZE RAGLAN KID MAMU,RGL OS PUTIH-ARMY KID L,0,5,0,0,28583,142915,142915
Mei-2026,TIGALAPANKAOS SAMARINDA,OVERSIZE RAGLAN KID MAMU,RGL OS PUTIH-ARMY KID L,0,5,0,0,28583,142915,142915
Jun-2026,TIGALAPANKAOS SAMARINDA,OVERSIZE RAGLAN KID MAMU,RGL OS PUTIH-ARMY KID L,0,5,0,0,28583,142915,142915
Jul-2026,TIGALAPANKAOS SAMARINDA,OVERSIZE RAGLAN KID MAMU,RGL OS PUTIH-ARMY KID L,57166,3,0,0,28583,85749,142915
Agu-2026,TIGALAPANKAOS SAMARINDA,OVERSIZE RAGLAN KID MAMU,RGL OS PUTIH-ARMY KID L,28583,2,0,0,28583,57166,85749
Sep-2026,TIGALAPANKAOS SAMARINDA,OVERSIZE RAGLAN KID MAMU,RGL OS PUTIH-ARMY KID L,28583,2,0,0,28583,57166,57166
Okt-2026,TIGALAPANKAOS SAMARINDA,OVERSIZE RAGLAN KID MAMU,RGL OS PUTIH-ARMY KID L,0,1,0,0,28583,28583,57166
Jan-2026,TIGALAPANKAOS SAMARINDA,OVERSIZE RAGLAN KID MAMU,RGL OS PUTIH-ARMY KID M,0,2,0,0,28583,57166,0
Feb-2026,TIGALAPANKAOS SAMARINDA,OVERSIZE RAGLAN KID MAMU,RGL OS PUTIH-ARMY KID M,28583,1,0,0,28583,28583,57166
Mar-2026,TIGALAPANKAOS SAMARINDA,OVERSIZE RAGLAN KID MAMU,RGL OS PUTIH-ARMY KID M,0,1,0,0,28583,28583,28583
Apr-2026,TIGALAPANKAOS SAMARINDA,OVERSIZE RAGLAN KID MAMU,RGL OS PUTIH-ARMY KID M,0,1,0,0,28583,28583,28583
Mei-2026,TIGALAPANKAOS SAMARINDA,OVERSIZE RAGLAN KID MAMU,RGL OS PUTIH-ARMY KID M,0,1,0,0,28583,28583,28583
Jun-2026,TIGALAPANKAOS SAMARINDA,OVERSIZE RAGLAN KID MAMU,RGL OS PUTIH-ARMY KID M,28583,0,0,0,28583,0,28583
Jan-2026,TIGALAPANKAOS SAMARINDA,OVERSIZE RAGLAN KID MAMU,RGL OS PUTIH-ARMY KID XL,0,5,0,0,28583,142915,0
Feb-2026,TIGALAPANKAOS SAMARINDA,OVERSIZE RAGLAN KID MAMU,RGL OS PUTIH-ARMY KID XL,0,5,0,0,28583,142915,142915
Mar-2026,TIGALAPANKAOS SAMARINDA,OVERSIZE RAGLAN KID MAMU,RGL OS PUTIH-ARMY KID XL,28583,4,0,0,28583,114332,142915
Apr-2026,TIGALAPANKAOS SAMARINDA,OVERSIZE RAGLAN KID MAMU,RGL OS PUTIH-ARMY KID XL,0,4,0,0,28583,114332,114332
Mei-2026,TIGALAPANKAOS SAMARINDA,OVERSIZE RAGLAN KID MAMU,RGL OS PUTIH-ARMY KID XL,0,4,0,0,28583,114332,114332
Jun-2026,TIGALAPANKAOS SAMARINDA,OVERSIZE RAGLAN KID MAMU,RGL OS PUTIH-ARMY KID XL,28583,3,0,0,28583,85749,114332
Jul-2026,TIGALAPANKAOS SAMARINDA,OVERSIZE RAGLAN KID MAMU,RGL OS PUTIH-ARMY KID XL,28583,2,0,0,28583,57166,85749
Agu-2026,TIGALAPANKAOS SAMARINDA,OVERSIZE RAGLAN KID MAMU,RGL OS PUTIH-ARMY KID XL,28583,1,0,0,28583,28583,57166
Sep-2026,TIGALAPANKAOS SAMARINDA,OVERSIZE RAGLAN KID MAMU,RGL OS PUTIH-ARMY KID XL,0,1,0,0,28583,28583,28583
Okt-2026,TIGALAPANKAOS SAMARINDA,OVERSIZE RAGLAN KID MAMU,RGL OS PUTIH-ARMY KID XL,0,1,0,0,28583,28583,28583
Jan-2026,TIGALAPANKAOS SAMARINDA,OVERSIZE RAGLAN KID MAMU,RGL OS PUTIH-HITAM KID 2XL,0,1,0,0,30262,30262,0
Feb-2026,TIGALAPANKAOS SAMARINDA,OVERSIZE RAGLAN KID MAMU,RGL OS PUTIH-HITAM KID 2XL,0,1,0,0,30262,30262,30262
Mar-2026,TIGALAPANKAOS SAMARINDA,OVERSIZE RAGLAN KID MAMU,RGL OS PUTIH-HITAM KID 2XL,0,1,0,0,30262,30262,30262
Apr-2026,TIGALAPANKAOS SAMARINDA,OVERSIZE RAGLAN KID MAMU,RGL OS PUTIH-HITAM KID 2XL,0,1,0,0,30262,30262,30262
Mei-2026,TIGALAPANKAOS SAMARINDA,OVERSIZE RAGLAN KID MAMU,RGL OS PUTIH-HITAM KID 2XL,30262,0,0,0,30262,0,30262
Jan-2026,TIGALAPANKAOS SAMARINDA,OVERSIZE RAGLAN KID MAMU,RGL OS PUTIH-HITAM KID L,0,6,0,0,30262,181572,0
Feb-2026,TIGALAPANKAOS SAMARINDA,OVERSIZE RAGLAN KID MAMU,RGL OS PUTIH-HITAM KID L,0,6,0,0,30262,181572,181572
Mar-2026,TIGALAPANKAOS SAMARINDA,OVERSIZE RAGLAN KID MAMU,RGL OS PUTIH-HITAM KID L,0,6,0,0,30262,181572,181572
Apr-2026,TIGALAPANKAOS SAMARINDA,OVERSIZE RAGLAN KID MAMU,RGL OS PUTIH-HITAM KID L,0,5,0,0,30262,151310,181572
Mei-2026,TIGALAPANKAOS SAMARINDA,OVERSIZE RAGLAN KID MAMU,RGL OS PUTIH-HITAM KID L,0,5,0,0,30262,151310,151310
Jun-2026,TIGALAPANKAOS SAMARINDA,OVERSIZE RAGLAN KID MAMU,RGL OS PUTIH-HITAM KID L,0,5,0,0,30262,151310,151310
Jul-2026,TIGALAPANKAOS SAMARINDA,OVERSIZE RAGLAN KID MAMU,RGL OS PUTIH-HITAM KID L,0,5,0,0,30262,151310,151310
Agu-2026,TIGALAPANKAOS SAMARINDA,OVERSIZE RAGLAN KID MAMU,RGL OS PUTIH-HITAM KID L,30262,4,0,0,30262,121048,151310
Sep-2026,TIGALAPANKAOS SAMARINDA,OVERSIZE RAGLAN KID MAMU,RGL OS PUTIH-HITAM KID L,30262,3,0,0,30262,90786,121048
Okt-2026,TIGALAPANKAOS SAMARINDA,OVERSIZE RAGLAN KID MAMU,RGL OS PUTIH-HITAM KID L,0,3,0,0,30262,90786,90786
Jan-2026,TIGALAPANKAOS SAMARINDA,OVERSIZE RAGLAN KID MAMU,RGL OS PUTIH-HITAM KID M,0,4,0,0,30262,121048,0
Feb-2026,TIGALAPANKAOS SAMARINDA,OVERSIZE RAGLAN KID MAMU,RGL OS PUTIH-HITAM KID M,0,4,0,0,30262,121048,121048
Mar-2026,TIGALAPANKAOS SAMARINDA,OVERSIZE RAGLAN KID MAMU,RGL OS PUTIH-HITAM KID M,30262,3,0,0,30262,90786,121048
Apr-2026,TIGALAPANKAOS SAMARINDA,OVERSIZE RAGLAN KID MAMU,RGL OS PUTIH-HITAM KID M,0,3,0,0,30262,90786,90786
Mei-2026,TIGALAPANKAOS SAMARINDA,OVERSIZE RAGLAN KID MAMU,RGL OS PUTIH-HITAM KID M,0,3,0,0,30262,90786,90786
Jun-2026,TIGALAPANKAOS SAMARINDA,OVERSIZE RAGLAN KID MAMU,RGL OS PUTIH-HITAM KID M,0,3,0,0,30262,90786,90786
Jul-2026,TIGALAPANKAOS SAMARINDA,OVERSIZE RAGLAN KID MAMU,RGL OS PUTIH-HITAM KID M,0,3,0,0,30262,90786,90786
Agu-2026,TIGALAPANKAOS SAMARINDA,OVERSIZE RAGLAN KID MAMU,RGL OS PUTIH-HITAM KID M,0,3,0,0,30262,90786,90786
Sep-2026,TIGALAPANKAOS SAMARINDA,OVERSIZE RAGLAN KID MAMU,RGL OS PUTIH-HITAM KID M,30262,2,0,0,30262,60524,90786
Okt-2026,TIGALAPANKAOS SAMARINDA,OVERSIZE RAGLAN KID MAMU,RGL OS PUTIH-HITAM KID M,0,2,0,0,30262,60524,60524
Okt-2026,TIGALAPANKAOS SAMARINDA,OVERSIZE RAGLAN KID MAMU,RGL OS PUTIH-HITAM KID S,0,0,2,0,30262,60524,0
Jan-2026,TIGALAPANKAOS SAMARINDA,OVERSIZE RAGLAN KID MAMU,RGL OS PUTIH-HITAM KID XL,0,4,0,0,30262,121048,0
Feb-2026,TIGALAPANKAOS SAMARINDA,OVERSIZE RAGLAN KID MAMU,RGL OS PUTIH-HITAM KID XL,0,4,0,0,30262,121048,121048
Mar-2026,TIGALAPANKAOS SAMARINDA,OVERSIZE RAGLAN KID MAMU,RGL OS PUTIH-HITAM KID XL,0,4,0,0,30262,121048,121048
Apr-2026,TIGALAPANKAOS SAMARINDA,OVERSIZE RAGLAN KID MAMU,RGL OS PUTIH-HITAM KID XL,0,4,0,0,30262,121048,121048
Mei-2026,TIGALAPANKAOS SAMARINDA,OVERSIZE RAGLAN KID MAMU,RGL OS PUTIH-HITAM KID XL,121048,0,0,0,30262,0,121048
Jan-2026,TIGALAPANKAOS SAMARINDA,OVERSIZE RAGLAN KID MAMU,RGL OS PUTIH-NAVY KID 2XL,0,2,0,0,28729,57458,0
Feb-2026,TIGALAPANKAOS SAMARINDA,OVERSIZE RAGLAN KID MAMU,RGL OS PUTIH-NAVY KID 2XL,28729,1,0,0,28729,28729,57458
Mar-2026,TIGALAPANKAOS SAMARINDA,OVERSIZE RAGLAN KID MAMU,RGL OS PUTIH-NAVY KID 2XL,0,1,0,0,28729,28729,28729
Apr-2026,TIGALAPANKAOS SAMARINDA,OVERSIZE RAGLAN KID MAMU,RGL OS PUTIH-NAVY KID 2XL,0,1,0,0,28729,28729,28729
Mei-2026,TIGALAPANKAOS SAMARINDA,OVERSIZE RAGLAN KID MAMU,RGL OS PUTIH-NAVY KID 2XL,0,1,0,0,28729,28729,28729
Jun-2026,TIGALAPANKAOS SAMARINDA,OVERSIZE RAGLAN KID MAMU,RGL OS PUTIH-NAVY KID 2XL,28729,0,0,0,28729,0,28729
Jan-2026,TIGALAPANKAOS SAMARINDA,OVERSIZE RAGLAN KID MAMU,RGL OS PUTIH-NAVY KID L,0,9,0,0,28729,258561,0
Feb-2026,TIGALAPANKAOS SAMARINDA,OVERSIZE RAGLAN KID MAMU,RGL OS PUTIH-NAVY KID L,0,9,0,0,28729,258561,258561
Mar-2026,TIGALAPANKAOS SAMARINDA,OVERSIZE RAGLAN KID MAMU,RGL OS PUTIH-NAVY KID L,0,8,0,0,28729,229832,258561
Apr-2026,TIGALAPANKAOS SAMARINDA,OVERSIZE RAGLAN KID MAMU,RGL OS PUTIH-NAVY KID L,0,8,0,0,28729,229832,229832
Mei-2026,TIGALAPANKAOS SAMARINDA,OVERSIZE RAGLAN KID MAMU,RGL OS PUTIH-NAVY KID L,28729,7,0,0,28729,201103,229832
Jun-2026,TIGALAPANKAOS SAMARINDA,OVERSIZE RAGLAN KID MAMU,RGL OS PUTIH-NAVY KID L,0,7,0,0,28729,201103,201103
Jul-2026,TIGALAPANKAOS SAMARINDA,OVERSIZE RAGLAN KID MAMU,RGL OS PUTIH-NAVY KID L,28729,5,0,0,28729,143645,201103
Agu-2026,TIGALAPANKAOS SAMARINDA,OVERSIZE RAGLAN KID MAMU,RGL OS PUTIH-NAVY KID L,0,5,0,0,28729,143645,143645
Sep-2026,TIGALAPANKAOS SAMARINDA,OVERSIZE RAGLAN KID MAMU,RGL OS PUTIH-NAVY KID L,28729,5,0,0,28729,143645,143645
Okt-2026,TIGALAPANKAOS SAMARINDA,OVERSIZE RAGLAN KID MAMU,RGL OS PUTIH-NAVY KID L,0,4,0,0,28729,114916,143645
Jan-2026,TIGALAPANKAOS SAMARINDA,OVERSIZE RAGLAN KID MAMU,RGL OS PUTIH-NAVY KID M,0,4,0,0,28729,114916,0
Feb-2026,TIGALAPANKAOS SAMARINDA,OVERSIZE RAGLAN KID MAMU,RGL OS PUTIH-NAVY KID M,0,4,0,0,28729,114916,114916
Mar-2026,TIGALAPANKAOS SAMARINDA,OVERSIZE RAGLAN KID MAMU,RGL OS PUTIH-NAVY KID M,28729,3,0,0,28729,86187,114916
Apr-2026,TIGALAPANKAOS SAMARINDA,OVERSIZE RAGLAN KID MAMU,RGL OS PUTIH-NAVY KID M,0,3,0,0,28729,86187,86187
Mei-2026,TIGALAPANKAOS SAMARINDA,OVERSIZE RAGLAN KID MAMU,RGL OS PUTIH-NAVY KID M,28729,2,0,0,28729,57458,86187
Jun-2026,TIGALAPANKAOS SAMARINDA,OVERSIZE RAGLAN KID MAMU,RGL OS PUTIH-NAVY KID M,0,2,0,0,28729,57458,57458
Jul-2026,TIGALAPANKAOS SAMARINDA,OVERSIZE RAGLAN KID MAMU,RGL OS PUTIH-NAVY KID M,0,2,0,0,28729,57458,57458
Agu-2026,TIGALAPANKAOS SAMARINDA,OVERSIZE RAGLAN KID MAMU,RGL OS PUTIH-NAVY KID M,0,2,0,0,28729,57458,57458
Sep-2026,TIGALAPANKAOS SAMARINDA,OVERSIZE RAGLAN KID MAMU,RGL OS PUTIH-NAVY KID M,0,2,0,0,28729,57458,57458
Okt-2026,TIGALAPANKAOS SAMARINDA,OVERSIZE RAGLAN KID MAMU,RGL OS PUTIH-NAVY KID M,0,2,0,0,28729,57458,57458
Jan-2026,TIGALAPANKAOS SAMARINDA,OVERSIZE RAGLAN KID MAMU,RGL OS PUTIH-NAVY KID XL,0,5,0,0,28729,143645,0
Feb-2026,TIGALAPANKAOS SAMARINDA,OVERSIZE RAGLAN KID MAMU,RGL OS PUTIH-NAVY KID XL,0,5,0,0,28729,143645,143645
Mar-2026,TIGALAPANKAOS SAMARINDA,OVERSIZE RAGLAN KID MAMU,RGL OS PUTIH-NAVY KID XL,28729,4,0,0,28729,114916,143645
Apr-2026,TIGALAPANKAOS SAMARINDA,OVERSIZE RAGLAN KID MAMU,RGL OS PUTIH-NAVY KID XL,0,4,0,0,28729,114916,114916
Mei-2026,TIGALAPANKAOS SAMARINDA,OVERSIZE RAGLAN KID MAMU,RGL OS PUTIH-NAVY KID XL,0,4,0,0,28729,114916,114916
Jun-2026,TIGALAPANKAOS SAMARINDA,OVERSIZE RAGLAN KID MAMU,RGL OS PUTIH-NAVY KID XL,28729,3,0,0,28729,86187,114916
Jul-2026,TIGALAPANKAOS SAMARINDA,OVERSIZE RAGLAN KID MAMU,RGL OS PUTIH-NAVY KID XL,0,3,0,0,28729,86187,86187
Agu-2026,TIGALAPANKAOS SAMARINDA,OVERSIZE RAGLAN KID MAMU,RGL OS PUTIH-NAVY KID XL,0,3,0,0,28729,86187,86187
Sep-2026,TIGALAPANKAOS SAMARINDA,OVERSIZE RAGLAN KID MAMU,RGL OS PUTIH-NAVY KID XL,0,3,0,0,28729,86187,86187
Okt-2026,TIGALAPANKAOS SAMARINDA,OVERSIZE RAGLAN KID MAMU,RGL OS PUTIH-NAVY KID XL,0,3,0,0,28729,86187,86187
Jan-2026,TIGALAPANKAOS SAMARINDA,OVERSIZE RAGLAN KID MAMU,RGL OS PUTIH-TOFFEE KID 2XL,0,1,0,0,29578,29578,0
Feb-2026,TIGALAPANKAOS SAMARINDA,OVERSIZE RAGLAN KID MAMU,RGL OS PUTIH-TOFFEE KID 2XL,0,1,0,0,29578,29578,29578
Mar-2026,TIGALAPANKAOS SAMARINDA,OVERSIZE RAGLAN KID MAMU,RGL OS PUTIH-TOFFEE KID 2XL,0,1,0,0,29578,29578,29578
Apr-2026,TIGALAPANKAOS SAMARINDA,OVERSIZE RAGLAN KID MAMU,RGL OS PUTIH-TOFFEE KID 2XL,0,1,0,0,29578,29578,29578
Mei-2026,TIGALAPANKAOS SAMARINDA,OVERSIZE RAGLAN KID MAMU,RGL OS PUTIH-TOFFEE KID 2XL,29578,0,0,0,29578,0,29578
Jan-2026,TIGALAPANKAOS SAMARINDA,OVERSIZE RAGLAN KID MAMU,RGL OS PUTIH-TOFFEE KID L,29578,7,0,0,29578,207046,0
Feb-2026,TIGALAPANKAOS SAMARINDA,OVERSIZE RAGLAN KID MAMU,RGL OS PUTIH-TOFFEE KID L,0,7,0,0,29578,207046,207046
Mar-2026,TIGALAPANKAOS SAMARINDA,OVERSIZE RAGLAN KID MAMU,RGL OS PUTIH-TOFFEE KID L,0,6,0,0,29578,177468,207046
Apr-2026,TIGALAPANKAOS SAMARINDA,OVERSIZE RAGLAN KID MAMU,RGL OS PUTIH-TOFFEE KID L,0,6,0,0,29578,177468,177468
Mei-2026,TIGALAPANKAOS SAMARINDA,OVERSIZE RAGLAN KID MAMU,RGL OS PUTIH-TOFFEE KID L,59156,5,0,0,29578,147890,177468
Jun-2026,TIGALAPANKAOS SAMARINDA,OVERSIZE RAGLAN KID MAMU,RGL OS PUTIH-TOFFEE KID L,29578,3,0,0,29578,88734,147890
Jul-2026,TIGALAPANKAOS SAMARINDA,OVERSIZE RAGLAN KID MAMU,RGL OS PUTIH-TOFFEE KID L,29578,2,0,0,29578,59156,88734
Agu-2026,TIGALAPANKAOS SAMARINDA,OVERSIZE RAGLAN KID MAMU,RGL OS PUTIH-TOFFEE KID L,59156,0,0,0,29578,0,59156
Jan-2026,TIGALAPANKAOS SAMARINDA,OVERSIZE RAGLAN KID MAMU,RGL OS PUTIH-TOFFEE KID M,0,4,0,0,29578,118312,0
Feb-2026,TIGALAPANKAOS SAMARINDA,OVERSIZE RAGLAN KID MAMU,RGL OS PUTIH-TOFFEE KID M,0,4,0,0,29578,118312,118312
Mar-2026,TIGALAPANKAOS SAMARINDA,OVERSIZE RAGLAN KID MAMU,RGL OS PUTIH-TOFFEE KID M,0,4,0,0,29578,118312,118312
Apr-2026,TIGALAPANKAOS SAMARINDA,OVERSIZE RAGLAN KID MAMU,RGL OS PUTIH-TOFFEE KID M,0,4,0,0,29578,118312,118312
Mei-2026,TIGALAPANKAOS SAMARINDA,OVERSIZE RAGLAN KID MAMU,RGL OS PUTIH-TOFFEE KID M,0,4,0,0,29578,118312,118312
Jun-2026,TIGALAPANKAOS SAMARINDA,OVERSIZE RAGLAN KID MAMU,RGL OS PUTIH-TOFFEE KID M,0,4,0,0,29578,118312,118312
Jul-2026,TIGALAPANKAOS SAMARINDA,OVERSIZE RAGLAN KID MAMU,RGL OS PUTIH-TOFFEE KID M,88734,2,0,0,29578,59156,118312
Agu-2026,TIGALAPANKAOS SAMARINDA,OVERSIZE RAGLAN KID MAMU,RGL OS PUTIH-TOFFEE KID M,0,1,0,0,29578,29578,59156
Sep-2026,TIGALAPANKAOS SAMARINDA,OVERSIZE RAGLAN KID MAMU,RGL OS PUTIH-TOFFEE KID M,29578,0,0,0,29578,0,29578
Jan-2026,TIGALAPANKAOS SAMARINDA,OVERSIZE RAGLAN KID MAMU,RGL OS PUTIH-TOFFEE KID S,29578,0,0,0,29578,0,0
Jan-2026,TIGALAPANKAOS SAMARINDA,OVERSIZE RAGLAN KID MAMU,RGL OS PUTIH-TOFFEE KID XL,0,4,0,0,29578,118312,0
Feb-2026,TIGALAPANKAOS SAMARINDA,OVERSIZE RAGLAN KID MAMU,RGL OS PUTIH-TOFFEE KID XL,0,4,0,0,29578,118312,118312
Mar-2026,TIGALAPANKAOS SAMARINDA,OVERSIZE RAGLAN KID MAMU,RGL OS PUTIH-TOFFEE KID XL,0,4,0,0,29578,118312,118312
Apr-2026,TIGALAPANKAOS SAMARINDA,OVERSIZE RAGLAN KID MAMU,RGL OS PUTIH-TOFFEE KID XL,0,4,0,0,29578,118312,118312
Mei-2026,TIGALAPANKAOS SAMARINDA,OVERSIZE RAGLAN KID MAMU,RGL OS PUTIH-TOFFEE KID XL,0,4,0,0,29578,118312,118312
Jun-2026,TIGALAPANKAOS SAMARINDA,OVERSIZE RAGLAN KID MAMU,RGL OS PUTIH-TOFFEE KID XL,88734,1,0,0,29578,29578,118312
Jul-2026,TIGALAPANKAOS SAMARINDA,OVERSIZE RAGLAN KID MAMU,RGL OS PUTIH-TOFFEE KID XL,0,0,0,0,29578,0,29578
Jun-2026,DC TIGALAPAN,OVERSIZE RAGLAN KID MAMU,RGL OS PUTIH-ARMY KID 2XL,0,6,0,0,28583,171498,0
Jul-2026,DC TIGALAPAN,OVERSIZE RAGLAN KID MAMU,RGL OS PUTIH-ARMY KID 2XL,0,6,0,0,28583,171498,171498
Agu-2026,DC TIGALAPAN,OVERSIZE RAGLAN KID MAMU,RGL OS PUTIH-ARMY KID 2XL,0,5,0,0,28583,142915,171498
Sep-2026,DC TIGALAPAN,OVERSIZE RAGLAN KID MAMU,RGL OS PUTIH-ARMY KID 2XL,0,5,0,0,28583,142915,142915
Okt-2026,DC TIGALAPAN,OVERSIZE RAGLAN KID MAMU,RGL OS PUTIH-ARMY KID 2XL,0,5,0,0,28583,142915,142915
Jun-2026,DC TIGALAPAN,OVERSIZE RAGLAN KID MAMU,RGL OS PUTIH-ARMY KID L,0,59,0,0,28583,1686397,0
Jul-2026,DC TIGALAPAN,OVERSIZE RAGLAN KID MAMU,RGL OS PUTIH-ARMY KID L,0,54,0,0,28583,1543482,1686397
Agu-2026,DC TIGALAPAN,OVERSIZE RAGLAN KID MAMU,RGL OS PUTIH-ARMY KID L,0,45,0,0,28583,1286235,1543482
Sep-2026,DC TIGALAPAN,OVERSIZE RAGLAN KID MAMU,RGL OS PUTIH-ARMY KID L,0,37,0,0,28583,1057571,1286235
Okt-2026,DC TIGALAPAN,OVERSIZE RAGLAN KID MAMU,RGL OS PUTIH-ARMY KID L,0,21,0,0,28583,600243,1057571
Jun-2026,DC TIGALAPAN,OVERSIZE RAGLAN KID MAMU,RGL OS PUTIH-ARMY KID M,0,26,0,0,28583,743158,0
Jul-2026,DC TIGALAPAN,OVERSIZE RAGLAN KID MAMU,RGL OS PUTIH-ARMY KID M,0,21,0,0,28583,600243,743158
Agu-2026,DC TIGALAPAN,OVERSIZE RAGLAN KID MAMU,RGL OS PUTIH-ARMY KID M,0,20,0,0,28583,571660,600243
Sep-2026,DC TIGALAPAN,OVERSIZE RAGLAN KID MAMU,RGL OS PUTIH-ARMY KID M,0,18,0,0,28583,514494,571660
Okt-2026,DC TIGALAPAN,OVERSIZE RAGLAN KID MAMU,RGL OS PUTIH-ARMY KID M,0,14,0,0,28583,400162,514494
Feb-2026,DC TIGALAPAN,OVERSIZE RAGLAN KID MAMU,RGL OS PUTIH-ARMY KID S,0,24,0,0,28583,685992,0
Jun-2026,DC TIGALAPAN,OVERSIZE RAGLAN KID MAMU,RGL OS PUTIH-ARMY KID S,0,37,0,0,28583,1057571,0
Jul-2026,DC TIGALAPAN,OVERSIZE RAGLAN KID MAMU,RGL OS PUTIH-ARMY KID S,0,32,0,0,28583,914656,1057571
Agu-2026,DC TIGALAPAN,OVERSIZE RAGLAN KID MAMU,RGL OS PUTIH-ARMY KID S,0,27,0,0,28583,771741,914656
Sep-2026,DC TIGALAPAN,OVERSIZE RAGLAN KID MAMU,RGL OS PUTIH-ARMY KID S,0,24,0,0,28583,685992,771741
Okt-2026,DC TIGALAPAN,OVERSIZE RAGLAN KID MAMU,RGL OS PUTIH-ARMY KID S,0,21,0,0,28583,600243,685992
Jun-2026,DC TIGALAPAN,OVERSIZE RAGLAN KID MAMU,RGL OS PUTIH-ARMY KID XL,0,25,0,0,28583,714575,0
Jul-2026,DC TIGALAPAN,OVERSIZE RAGLAN KID MAMU,RGL OS PUTIH-ARMY KID XL,0,20,0,0,28583,571660,714575
Agu-2026,DC TIGALAPAN,OVERSIZE RAGLAN KID MAMU,RGL OS PUTIH-ARMY KID XL,0,15,0,0,28583,428745,571660
Sep-2026,DC TIGALAPAN,OVERSIZE RAGLAN KID MAMU,RGL OS PUTIH-ARMY KID XL,0,5,0,0,28583,142915,428745
Okt-2026,DC TIGALAPAN,OVERSIZE RAGLAN KID MAMU,RGL OS PUTIH-ARMY KID XL,0,5,0,0,28583,142915,142915
Jun-2026,DC TIGALAPAN,OVERSIZE RAGLAN KID MAMU,RGL OS PUTIH-HITAM KID 2XL,0,4,0,0,30262,121048,0
Jul-2026,DC TIGALAPAN,OVERSIZE RAGLAN KID MAMU,RGL OS PUTIH-HITAM KID 2XL,0,3,0,0,30262,90786,121048
Agu-2026,DC TIGALAPAN,OVERSIZE RAGLAN KID MAMU,RGL OS PUTIH-HITAM KID 2XL,0,2,0,0,30262,60524,90786
Sep-2026,DC TIGALAPAN,OVERSIZE RAGLAN KID MAMU,RGL OS PUTIH-HITAM KID 2XL,0,2,0,0,30262,60524,60524
Okt-2026,DC TIGALAPAN,OVERSIZE RAGLAN KID MAMU,RGL OS PUTIH-HITAM KID 2XL,0,2,0,0,30262,60524,60524
Jun-2026,DC TIGALAPAN,OVERSIZE RAGLAN KID MAMU,RGL OS PUTIH-HITAM KID L,0,65,0,0,30262,1967030,0
Jul-2026,DC TIGALAPAN,OVERSIZE RAGLAN KID MAMU,RGL OS PUTIH-HITAM KID L,0,62,0,0,30262,1876244,1967030
Agu-2026,DC TIGALAPAN,OVERSIZE RAGLAN KID MAMU,RGL OS PUTIH-HITAM KID L,0,52,0,0,30262,1573624,1876244
Sep-2026,DC TIGALAPAN,OVERSIZE RAGLAN KID MAMU,RGL OS PUTIH-HITAM KID L,0,47,0,0,30262,1422314,1573624
Okt-2026,DC TIGALAPAN,OVERSIZE RAGLAN KID MAMU,RGL OS PUTIH-HITAM KID L,0,36,0,0,30262,1089432,1422314
Jun-2026,DC TIGALAPAN,OVERSIZE RAGLAN KID MAMU,RGL OS PUTIH-HITAM KID M,0,40,0,0,30262,1210480,0
Jul-2026,DC TIGALAPAN,OVERSIZE RAGLAN KID MAMU,RGL OS PUTIH-HITAM KID M,0,37,0,0,30262,1119694,1210480
Agu-2026,DC TIGALAPAN,OVERSIZE RAGLAN KID MAMU,RGL OS PUTIH-HITAM KID M,0,30,0,0,30262,907860,1119694
Sep-2026,DC TIGALAPAN,OVERSIZE RAGLAN KID MAMU,RGL OS PUTIH-HITAM KID M,0,26,0,0,30262,786812,907860
Okt-2026,DC TIGALAPAN,OVERSIZE RAGLAN KID MAMU,RGL OS PUTIH-HITAM KID M,0,23,0,0,30262,696026,786812
Feb-2026,DC TIGALAPAN,OVERSIZE RAGLAN KID MAMU,RGL OS PUTIH-HITAM KID S,0,24,0,0,30262,726288,0
Jun-2026,DC TIGALAPAN,OVERSIZE RAGLAN KID MAMU,RGL OS PUTIH-HITAM KID S,0,78,0,0,30262,2360436,0
Jul-2026,DC TIGALAPAN,OVERSIZE RAGLAN KID MAMU,RGL OS PUTIH-HITAM KID S,0,74,0,0,30262,2239388,2360436
Agu-2026,DC TIGALAPAN,OVERSIZE RAGLAN KID MAMU,RGL OS PUTIH-HITAM KID S,0,60,0,0,30262,1815720,2239388
Sep-2026,DC TIGALAPAN,OVERSIZE RAGLAN KID MAMU,RGL OS PUTIH-HITAM KID S,0,50,0,0,30262,1513100,1815720
Okt-2026,DC TIGALAPAN,OVERSIZE RAGLAN KID MAMU,RGL OS PUTIH-HITAM KID S,0,47,0,0,30262,1422314,1513100
Jun-2026,DC TIGALAPAN,OVERSIZE RAGLAN KID MAMU,RGL OS PUTIH-HITAM KID XL,0,33,0,0,30262,998646,0
Jul-2026,DC TIGALAPAN,OVERSIZE RAGLAN KID MAMU,RGL OS PUTIH-HITAM KID XL,0,29,0,0,30262,877598,998646
Agu-2026,DC TIGALAPAN,OVERSIZE RAGLAN KID MAMU,RGL OS PUTIH-HITAM KID XL,0,28,0,0,30262,847336,877598
Sep-2026,DC TIGALAPAN,OVERSIZE RAGLAN KID MAMU,RGL OS PUTIH-HITAM KID XL,0,19,0,0,30262,574978,847336
Okt-2026,DC TIGALAPAN,OVERSIZE RAGLAN KID MAMU,RGL OS PUTIH-HITAM KID XL,0,11,0,0,30262,332882,574978
Jun-2026,DC TIGALAPAN,OVERSIZE RAGLAN KID MAMU,RGL OS PUTIH-NAVY KID 2XL,0,5,0,0,28729,143645,0
Jul-2026,DC TIGALAPAN,OVERSIZE RAGLAN KID MAMU,RGL OS PUTIH-NAVY KID 2XL,0,5,0,0,28729,143645,143645
Agu-2026,DC TIGALAPAN,OVERSIZE RAGLAN KID MAMU,RGL OS PUTIH-NAVY KID 2XL,0,5,0,0,28729,143645,143645
Sep-2026,DC TIGALAPAN,OVERSIZE RAGLAN KID MAMU,RGL OS PUTIH-NAVY KID 2XL,0,5,0,0,28729,143645,143645
Okt-2026,DC TIGALAPAN,OVERSIZE RAGLAN KID MAMU,RGL OS PUTIH-NAVY KID 2XL,0,5,0,0,28729,143645,143645
Mar-2026,DC TIGALAPAN,OVERSIZE RAGLAN KID MAMU,RGL OS PUTIH-NAVY KID L,0,1,0,0,28729,28729,0
Jun-2026,DC TIGALAPAN,OVERSIZE RAGLAN KID MAMU,RGL OS PUTIH-NAVY KID L,0,45,0,0,28729,1292805,0
Jul-2026,DC TIGALAPAN,OVERSIZE RAGLAN KID MAMU,RGL OS PUTIH-NAVY KID L,0,40,0,0,28729,1149160,1292805
Agu-2026,DC TIGALAPAN,OVERSIZE RAGLAN KID MAMU,RGL OS PUTIH-NAVY KID L,0,37,0,0,28729,1062973,1149160
Sep-2026,DC TIGALAPAN,OVERSIZE RAGLAN KID MAMU,RGL OS PUTIH-NAVY KID L,0,27,0,0,28729,775683,1062973
Okt-2026,DC TIGALAPAN,OVERSIZE RAGLAN KID MAMU,RGL OS PUTIH-NAVY KID L,0,12,0,0,28729,344748,775683
Jun-2026,DC TIGALAPAN,OVERSIZE RAGLAN KID MAMU,RGL OS PUTIH-NAVY KID M,0,40,0,0,28729,1149160,0
Jul-2026,DC TIGALAPAN,OVERSIZE RAGLAN KID MAMU,RGL OS PUTIH-NAVY KID M,0,35,0,0,28729,1005515,1149160
Agu-2026,DC TIGALAPAN,OVERSIZE RAGLAN KID MAMU,RGL OS PUTIH-NAVY KID M,0,27,0,0,28729,775683,1005515
Sep-2026,DC TIGALAPAN,OVERSIZE RAGLAN KID MAMU,RGL OS PUTIH-NAVY KID M,0,25,0,0,28729,718225,775683
Okt-2026,DC TIGALAPAN,OVERSIZE RAGLAN KID MAMU,RGL OS PUTIH-NAVY KID M,0,18,0,0,28729,517122,718225
Feb-2026,DC TIGALAPAN,OVERSIZE RAGLAN KID MAMU,RGL OS PUTIH-NAVY KID S,0,23,0,0,28729,660767,0
Jun-2026,DC TIGALAPAN,OVERSIZE RAGLAN KID MAMU,RGL OS PUTIH-NAVY KID S,0,31,0,0,28729,890599,0
Jul-2026,DC TIGALAPAN,OVERSIZE RAGLAN KID MAMU,RGL OS PUTIH-NAVY KID S,0,25,0,0,28729,718225,890599
Agu-2026,DC TIGALAPAN,OVERSIZE RAGLAN KID MAMU,RGL OS PUTIH-NAVY KID S,0,15,0,0,28729,430935,718225
Sep-2026,DC TIGALAPAN,OVERSIZE RAGLAN KID MAMU,RGL OS PUTIH-NAVY KID S,0,10,0,0,28729,287290,430935
Okt-2026,DC TIGALAPAN,OVERSIZE RAGLAN KID MAMU,RGL OS PUTIH-NAVY KID S,0,8,0,0,28729,229832,287290
Jun-2026,DC TIGALAPAN,OVERSIZE RAGLAN KID MAMU,RGL OS PUTIH-NAVY KID XL,0,32,0,0,28729,919328,0
Jul-2026,DC TIGALAPAN,OVERSIZE RAGLAN KID MAMU,RGL OS PUTIH-NAVY KID XL,0,27,0,0,28729,775683,919328
Agu-2026,DC TIGALAPAN,OVERSIZE RAGLAN KID MAMU,RGL OS PUTIH-NAVY KID XL,0,21,0,0,28729,603309,775683
Sep-2026,DC TIGALAPAN,OVERSIZE RAGLAN KID MAMU,RGL OS PUTIH-NAVY KID XL,0,20,0,0,28729,574580,603309
Okt-2026,DC TIGALAPAN,OVERSIZE RAGLAN KID MAMU,RGL OS PUTIH-NAVY KID XL,0,15,0,0,28729,430935,574580
Jun-2026,DC TIGALAPAN,OVERSIZE RAGLAN KID MAMU,RGL OS PUTIH-TOFFEE KID 2XL,0,5,0,0,29578,147890,0
Jul-2026,DC TIGALAPAN,OVERSIZE RAGLAN KID MAMU,RGL OS PUTIH-TOFFEE KID 2XL,0,4,0,0,29578,118312,147890
Agu-2026,DC TIGALAPAN,OVERSIZE RAGLAN KID MAMU,RGL OS PUTIH-TOFFEE KID 2XL,0,4,0,0,29578,118312,118312
Sep-2026,DC TIGALAPAN,OVERSIZE RAGLAN KID MAMU,RGL OS PUTIH-TOFFEE KID 2XL,0,1,0,0,29578,29578,118312
Okt-2026,DC TIGALAPAN,OVERSIZE RAGLAN KID MAMU,RGL OS PUTIH-TOFFEE KID 2XL,0,1,0,0,29578,29578,29578
Mar-2026,DC TIGALAPAN,OVERSIZE RAGLAN KID MAMU,RGL OS PUTIH-TOFFEE KID L,0,1,0,0,29578,29578,0
Jun-2026,DC TIGALAPAN,OVERSIZE RAGLAN KID MAMU,RGL OS PUTIH-TOFFEE KID L,0,64,0,0,29578,1892992,0
Jul-2026,DC TIGALAPAN,OVERSIZE RAGLAN KID MAMU,RGL OS PUTIH-TOFFEE KID L,0,59,0,0,29578,1745102,1892992
Agu-2026,DC TIGALAPAN,OVERSIZE RAGLAN KID MAMU,RGL OS PUTIH-TOFFEE KID L,0,40,0,0,29578,1183120,1745102
Sep-2026,DC TIGALAPAN,OVERSIZE RAGLAN KID MAMU,RGL OS PUTIH-TOFFEE KID L,0,26,0,0,29578,769028,1183120
Okt-2026,DC TIGALAPAN,OVERSIZE RAGLAN KID MAMU,RGL OS PUTIH-TOFFEE KID L,0,8,0,0,29578,236624,769028
Jun-2026,DC TIGALAPAN,OVERSIZE RAGLAN KID MAMU,RGL OS PUTIH-TOFFEE KID M,0,40,0,0,29578,1183120,0
Jul-2026,DC TIGALAPAN,OVERSIZE RAGLAN KID MAMU,RGL OS PUTIH-TOFFEE KID M,0,35,0,0,29578,1035230,1183120
Agu-2026,DC TIGALAPAN,OVERSIZE RAGLAN KID MAMU,RGL OS PUTIH-TOFFEE KID M,0,19,0,0,29578,561982,1035230
Sep-2026,DC TIGALAPAN,OVERSIZE RAGLAN KID MAMU,RGL OS PUTIH-TOFFEE KID M,0,2,0,0,29578,59156,561982
Okt-2026,DC TIGALAPAN,OVERSIZE RAGLAN KID MAMU,RGL OS PUTIH-TOFFEE KID M,0,2,0,0,29578,59156,59156
Jun-2026,DC TIGALAPAN,OVERSIZE RAGLAN KID MAMU,RGL OS PUTIH-TOFFEE KID S,0,72,0,0,29578,2129616,0
Jul-2026,DC TIGALAPAN,OVERSIZE RAGLAN KID MAMU,RGL OS PUTIH-TOFFEE KID S,0,67,0,0,29578,1981726,2129616
Agu-2026,DC TIGALAPAN,OVERSIZE RAGLAN KID MAMU,RGL OS PUTIH-TOFFEE KID S,0,44,0,0,29578,1301432,1981726
Sep-2026,DC TIGALAPAN,OVERSIZE RAGLAN KID MAMU,RGL OS PUTIH-TOFFEE KID S,0,32,0,0,29578,946496,1301432
Okt-2026,DC TIGALAPAN,OVERSIZE RAGLAN KID MAMU,RGL OS PUTIH-TOFFEE KID S,0,28,0,0,29578,828184,946496
Jun-2026,DC TIGALAPAN,OVERSIZE RAGLAN KID MAMU,RGL OS PUTIH-TOFFEE KID XL,0,33,0,0,29578,976074,0
Jul-2026,DC TIGALAPAN,OVERSIZE RAGLAN KID MAMU,RGL OS PUTIH-TOFFEE KID XL,0,28,0,0,29578,828184,976074
Agu-2026,DC TIGALAPAN,OVERSIZE RAGLAN KID MAMU,RGL OS PUTIH-TOFFEE KID XL,0,25,0,0,29578,739450,828184
Sep-2026,DC TIGALAPAN,OVERSIZE RAGLAN KID MAMU,RGL OS PUTIH-TOFFEE KID XL,0,16,0,0,29578,473248,739450
Okt-2026,DC TIGALAPAN,OVERSIZE RAGLAN KID MAMU,RGL OS PUTIH-TOFFEE KID XL,0,11,0,0,29578,325358,473248
Mar-2026,DC TIGALAPAN,OVERSIZE RAGLAN KID MAMU,RGL OS PUTIH-ARMY KID S,0,0,0,0,28583,0,685992
Mar-2026,DC TIGALAPAN,OVERSIZE RAGLAN KID MAMU,RGL OS PUTIH-HITAM KID S,0,0,0,0,30262,0,726288
Apr-2026,DC TIGALAPAN,OVERSIZE RAGLAN KID MAMU,RGL OS PUTIH-NAVY KID L,0,0,0,0,28729,0,28729
Mar-2026,DC TIGALAPAN,OVERSIZE RAGLAN KID MAMU,RGL OS PUTIH-NAVY KID S,0,0,0,0,28729,0,660767
Apr-2026,DC TIGALAPAN,OVERSIZE RAGLAN KID MAMU,RGL OS PUTIH-TOFFEE KID L,0,0,0,0,29578,0,29578
