Bulan,Store,Warna,Item,COGS,OH Qty,OD Qty,WIP Qty,HPP,Inventory Akhir,Inventory Awal
Jan-2026,MAMU BTP,OVERSIZE RAGLAN MAMU,RGL OS PUTIH-ARMY 2XL,0,13,0,0,50177,652301,0
Feb-2026,MAMU BTP,OVERSIZE RAGLAN MAMU,RGL OS PUTIH-ARMY 2XL,0,13,0,0,50177,652301,652301
Mar-2026,MAMU BTP,OVERSIZE RAGLAN MAMU,RGL OS PUTIH-ARMY 2XL,100354,9,0,0,50177,451593,652301
Apr-2026,MAMU BTP,OVERSIZE RAGLAN MAMU,RGL OS PUTIH-ARMY 2XL,0,9,0,0,50177,451593,451593
Mei-2026,MAMU BTP,OVERSIZE RAGLAN MAMU,RGL OS PUTIH-ARMY 2XL,50177,8,0,0,50177,401416,451593
Jun-2026,MAMU BTP,OVERSIZE RAGLAN MAMU,RGL OS PUTIH-ARMY 2XL,50177,7,0,0,50177,351239,401416
Jul-2026,MAMU BTP,OVERSIZE RAGLAN MAMU,RGL OS PUTIH-ARMY 2XL,50177,6,0,0,50177,301062,351239
Agu-2026,MAMU BTP,OVERSIZE RAGLAN MAMU,RGL OS PUTIH-ARMY 2XL,50177,5,0,0,50177,250885,301062
Sep-2026,MAMU BTP,OVERSIZE RAGLAN MAMU,RGL OS PUTIH-ARMY 2XL,100354,3,0,0,50177,150531,250885
Okt-2026,MAMU BTP,OVERSIZE RAGLAN MAMU,RGL OS PUTIH-ARMY 2XL,0,3,0,0,50177,150531,150531
Jan-2026,MAMU BTP,OVERSIZE RAGLAN MAMU,RGL OS PUTIH-ARMY L,50177,16,0,0,50177,802832,0
Feb-2026,MAMU BTP,OVERSIZE RAGLAN MAMU,RGL OS PUTIH-ARMY L,50177,15,0,0,50177,752655,802832
Mar-2026,MAMU BTP,OVERSIZE RAGLAN MAMU,RGL OS PUTIH-ARMY L,250885,9,0,0,50177,451593,752655
Apr-2026,MAMU BTP,OVERSIZE RAGLAN MAMU,RGL OS PUTIH-ARMY L,0,9,0,0,50177,451593,451593
Mei-2026,MAMU BTP,OVERSIZE RAGLAN MAMU,RGL OS PUTIH-ARMY L,100354,7,0,0,50177,351239,451593
Jun-2026,MAMU BTP,OVERSIZE RAGLAN MAMU,RGL OS PUTIH-ARMY L,250885,2,0,0,50177,100354,351239
Jul-2026,MAMU BTP,OVERSIZE RAGLAN MAMU,RGL OS PUTIH-ARMY L,0,0,0,0,50177,0,100354
Feb-2026,MAMU BTP,OVERSIZE RAGLAN MAMU,RGL OS PUTIH-ARMY S,50177,9,0,0,50177,451593,0
Mar-2026,MAMU BTP,OVERSIZE RAGLAN MAMU,RGL OS PUTIH-ARMY S,451593,14,0,0,50177,702478,451593
Apr-2026,MAMU BTP,OVERSIZE RAGLAN MAMU,RGL OS PUTIH-ARMY S,100354,12,0,0,50177,602124,702478
Mei-2026,MAMU BTP,OVERSIZE RAGLAN MAMU,RGL OS PUTIH-ARMY S,200708,8,0,0,50177,401416,602124
Jun-2026,MAMU BTP,OVERSIZE RAGLAN MAMU,RGL OS PUTIH-ARMY S,50177,7,0,0,50177,351239,401416
Jul-2026,MAMU BTP,OVERSIZE RAGLAN MAMU,RGL OS PUTIH-ARMY S,230815,4,0,0,50177,200708,351239
Agu-2026,MAMU BTP,OVERSIZE RAGLAN MAMU,RGL OS PUTIH-ARMY S,120426,0,0,0,50177,0,200708
Jan-2026,MAMU BTP,OVERSIZE RAGLAN MAMU,RGL OS PUTIH-ARMY XL,50177,5,0,0,50177,250885,0
Feb-2026,MAMU BTP,OVERSIZE RAGLAN MAMU,RGL OS PUTIH-ARMY XL,0,5,0,0,50177,250885,250885
Mar-2026,MAMU BTP,OVERSIZE RAGLAN MAMU,RGL OS PUTIH-ARMY XL,200708,1,0,0,50177,50177,250885
Apr-2026,MAMU BTP,OVERSIZE RAGLAN MAMU,RGL OS PUTIH-ARMY XL,0,1,0,0,50177,50177,50177
Mei-2026,MAMU BTP,OVERSIZE RAGLAN MAMU,RGL OS PUTIH-ARMY XL,0,1,0,0,50177,50177,50177
Jun-2026,MAMU BTP,OVERSIZE RAGLAN MAMU,RGL OS PUTIH-ARMY XL,0,1,0,0,50177,50177,50177
Jul-2026,MAMU BTP,OVERSIZE RAGLAN MAMU,RGL OS PUTIH-ARMY XL,50177,3,0,0,50177,150531,50177
Agu-2026,MAMU BTP,OVERSIZE RAGLAN MAMU,RGL OS PUTIH-ARMY XL,0,3,0,0,50177,150531,150531
Sep-2026,MAMU BTP,OVERSIZE RAGLAN MAMU,RGL OS PUTIH-ARMY XL,0,3,0,0,50177,150531,150531
Okt-2026,MAMU BTP,OVERSIZE RAGLAN MAMU,RGL OS PUTIH-ARMY XL,0,3,0,0,50177,150531,150531
Jan-2026,MAMU BTP,OVERSIZE RAGLAN MAMU,RGL OS PUTIH-JET BLACK 2XL,0,12,0,0,50881,610572,0
Feb-2026,MAMU BTP,OVERSIZE RAGLAN MAMU,RGL OS PUTIH-JET BLACK 2XL,0,12,0,0,50881,610572,610572
Mar-2026,MAMU BTP,OVERSIZE RAGLAN MAMU,RGL OS PUTIH-JET BLACK 2XL,254405,4,0,0,50881,203524,610572
Apr-2026,MAMU BTP,OVERSIZE RAGLAN MAMU,RGL OS PUTIH-JET BLACK 2XL,0,2,0,0,50881,101762,203524
Mei-2026,MAMU BTP,OVERSIZE RAGLAN MAMU,RGL OS PUTIH-JET BLACK 2XL,0,2,0,0,50881,101762,101762
Jun-2026,MAMU BTP,OVERSIZE RAGLAN MAMU,RGL OS PUTIH-JET BLACK 2XL,0,2,0,0,50881,101762,101762
Jul-2026,MAMU BTP,OVERSIZE RAGLAN MAMU,RGL OS PUTIH-JET BLACK 2XL,0,1,0,0,50881,50881,101762
Agu-2026,MAMU BTP,OVERSIZE RAGLAN MAMU,RGL OS PUTIH-JET BLACK 2XL,0,1,0,0,50881,50881,50881
Sep-2026,MAMU BTP,OVERSIZE RAGLAN MAMU,RGL OS PUTIH-JET BLACK 2XL,50881,0,0,0,50881,0,50881
Jan-2026,MAMU BTP,OVERSIZE RAGLAN MAMU,RGL OS PUTIH-JET BLACK L,50881,20,0,0,50881,1017620,0
Feb-2026,MAMU BTP,OVERSIZE RAGLAN MAMU,RGL OS PUTIH-JET BLACK L,0,20,0,0,50881,1017620,1017620
Mar-2026,MAMU BTP,OVERSIZE RAGLAN MAMU,RGL OS PUTIH-JET BLACK L,508810,6,0,0,50881,305286,1017620
Apr-2026,MAMU BTP,OVERSIZE RAGLAN MAMU,RGL OS PUTIH-JET BLACK L,50881,5,0,0,50881,254405,305286
Mei-2026,MAMU BTP,OVERSIZE RAGLAN MAMU,RGL OS PUTIH-JET BLACK L,50881,4,0,0,50881,203524,254405
Jun-2026,MAMU BTP,OVERSIZE RAGLAN MAMU,RGL OS PUTIH-JET BLACK L,101762,7,0,0,50881,356167,203524
Jul-2026,MAMU BTP,OVERSIZE RAGLAN MAMU,RGL OS PUTIH-JET BLACK L,41325,8,0,0,50881,407048,356167
Agu-2026,MAMU BTP,OVERSIZE RAGLAN MAMU,RGL OS PUTIH-JET BLACK L,0,7,0,0,50881,356167,407048
Sep-2026,MAMU BTP,OVERSIZE RAGLAN MAMU,RGL OS PUTIH-JET BLACK L,0,8,0,0,50881,407048,356167
Okt-2026,MAMU BTP,OVERSIZE RAGLAN MAMU,RGL OS PUTIH-JET BLACK L,0,8,0,0,50881,407048,407048
Jan-2026,MAMU BTP,OVERSIZE RAGLAN MAMU,RGL OS PUTIH-JET BLACK M,101762,6,0,0,50881,305286,0
Feb-2026,MAMU BTP,OVERSIZE RAGLAN MAMU,RGL OS PUTIH-JET BLACK M,0,6,0,0,50881,305286,305286
Mar-2026,MAMU BTP,OVERSIZE RAGLAN MAMU,RGL OS PUTIH-JET BLACK M,203524,0,0,0,50881,0,305286
Jun-2026,MAMU BTP,OVERSIZE RAGLAN MAMU,RGL OS PUTIH-JET BLACK M,0,10,0,0,50881,508810,0
Jul-2026,MAMU BTP,OVERSIZE RAGLAN MAMU,RGL OS PUTIH-JET BLACK M,0,10,0,0,50881,508810,508810
Agu-2026,MAMU BTP,OVERSIZE RAGLAN MAMU,RGL OS PUTIH-JET BLACK M,91536,8,0,0,50881,407048,508810
Sep-2026,MAMU BTP,OVERSIZE RAGLAN MAMU,RGL OS PUTIH-JET BLACK M,274608,2,0,0,50881,101762,407048
Okt-2026,MAMU BTP,OVERSIZE RAGLAN MAMU,RGL OS PUTIH-JET BLACK M,91536,0,0,0,50881,0,101762
Feb-2026,MAMU BTP,OVERSIZE RAGLAN MAMU,RGL OS PUTIH-JET BLACK S,0,10,0,0,50881,508810,0
Mar-2026,MAMU BTP,OVERSIZE RAGLAN MAMU,RGL OS PUTIH-JET BLACK S,152643,8,0,0,50881,407048,508810
Apr-2026,MAMU BTP,OVERSIZE RAGLAN MAMU,RGL OS PUTIH-JET BLACK S,101762,6,0,0,50881,305286,407048
Mei-2026,MAMU BTP,OVERSIZE RAGLAN MAMU,RGL OS PUTIH-JET BLACK S,152643,3,0,0,50881,152643,305286
Jun-2026,MAMU BTP,OVERSIZE RAGLAN MAMU,RGL OS PUTIH-JET BLACK S,101762,1,0,0,50881,50881,152643
Jul-2026,MAMU BTP,OVERSIZE RAGLAN MAMU,RGL OS PUTIH-JET BLACK S,50881,5,0,0,50881,254405,50881
Agu-2026,MAMU BTP,OVERSIZE RAGLAN MAMU,RGL OS PUTIH-JET BLACK S,45768,6,0,0,50881,305286,254405
Sep-2026,MAMU BTP,OVERSIZE RAGLAN MAMU,RGL OS PUTIH-JET BLACK S,0,5,0,0,50881,254405,305286
Okt-2026,MAMU BTP,OVERSIZE RAGLAN MAMU,RGL OS PUTIH-JET BLACK S,0,5,0,0,50881,254405,254405
Jan-2026,MAMU BTP,OVERSIZE RAGLAN MAMU,RGL OS PUTIH-JET BLACK XL,50881,6,0,0,50881,305286,0
Feb-2026,MAMU BTP,OVERSIZE RAGLAN MAMU,RGL OS PUTIH-JET BLACK XL,50881,6,0,0,50881,305286,305286
Mar-2026,MAMU BTP,OVERSIZE RAGLAN MAMU,RGL OS PUTIH-JET BLACK XL,152643,0,0,0,50881,0,305286
Jun-2026,MAMU BTP,OVERSIZE RAGLAN MAMU,RGL OS PUTIH-JET BLACK XL,0,5,0,0,50881,254405,0
Jul-2026,MAMU BTP,OVERSIZE RAGLAN MAMU,RGL OS PUTIH-JET BLACK XL,0,5,0,0,50881,254405,254405
Agu-2026,MAMU BTP,OVERSIZE RAGLAN MAMU,RGL OS PUTIH-JET BLACK XL,0,5,0,0,50881,254405,254405
Sep-2026,MAMU BTP,OVERSIZE RAGLAN MAMU,RGL OS PUTIH-JET BLACK XL,0,5,0,0,50881,254405,254405
Okt-2026,MAMU BTP,OVERSIZE RAGLAN MAMU,RGL OS PUTIH-JET BLACK XL,0,5,0,0,50881,254405,254405
Jan-2026,MAMU BTP,OVERSIZE RAGLAN MAMU,RGL OS PUTIH-NAVY 2XL,0,15,0,0,50795,761925,0
Feb-2026,MAMU BTP,OVERSIZE RAGLAN MAMU,RGL OS PUTIH-NAVY 2XL,0,15,0,0,50795,761925,761925
Mar-2026,MAMU BTP,OVERSIZE RAGLAN MAMU,RGL OS PUTIH-NAVY 2XL,101590,10,0,0,50795,507950,761925
Apr-2026,MAMU BTP,OVERSIZE RAGLAN MAMU,RGL OS PUTIH-NAVY 2XL,0,10,0,0,50795,507950,507950
Mei-2026,MAMU BTP,OVERSIZE RAGLAN MAMU,RGL OS PUTIH-NAVY 2XL,0,10,0,0,50795,507950,507950
Jun-2026,MAMU BTP,OVERSIZE RAGLAN MAMU,RGL OS PUTIH-NAVY 2XL,0,9,0,0,50795,457155,507950
Jul-2026,MAMU BTP,OVERSIZE RAGLAN MAMU,RGL OS PUTIH-NAVY 2XL,50795,9,0,0,50795,457155,457155
Agu-2026,MAMU BTP,OVERSIZE RAGLAN MAMU,RGL OS PUTIH-NAVY 2XL,50795,8,0,0,50795,406360,457155
Sep-2026,MAMU BTP,OVERSIZE RAGLAN MAMU,RGL OS PUTIH-NAVY 2XL,101590,6,0,0,50795,304770,406360
Okt-2026,MAMU BTP,OVERSIZE RAGLAN MAMU,RGL OS PUTIH-NAVY 2XL,50795,5,0,0,50795,253975,304770
Jan-2026,MAMU BTP,OVERSIZE RAGLAN MAMU,RGL OS PUTIH-NAVY L,101590,21,0,0,50795,1066695,0
Feb-2026,MAMU BTP,OVERSIZE RAGLAN MAMU,RGL OS PUTIH-NAVY L,0,21,0,0,50795,1066695,1066695
Mar-2026,MAMU BTP,OVERSIZE RAGLAN MAMU,RGL OS PUTIH-NAVY L,253975,16,0,0,50795,812720,1066695
Apr-2026,MAMU BTP,OVERSIZE RAGLAN MAMU,RGL OS PUTIH-NAVY L,50795,15,0,0,50795,761925,812720
Mei-2026,MAMU BTP,OVERSIZE RAGLAN MAMU,RGL OS PUTIH-NAVY L,101590,13,0,0,50795,660335,761925
Jun-2026,MAMU BTP,OVERSIZE RAGLAN MAMU,RGL OS PUTIH-NAVY L,203180,8,0,0,50795,406360,660335
Jul-2026,MAMU BTP,OVERSIZE RAGLAN MAMU,RGL OS PUTIH-NAVY L,50795,8,0,0,50795,406360,406360
Agu-2026,MAMU BTP,OVERSIZE RAGLAN MAMU,RGL OS PUTIH-NAVY L,0,7,0,0,50795,355565,406360
Sep-2026,MAMU BTP,OVERSIZE RAGLAN MAMU,RGL OS PUTIH-NAVY L,152385,4,0,0,50795,203180,355565
Okt-2026,MAMU BTP,OVERSIZE RAGLAN MAMU,RGL OS PUTIH-NAVY L,0,4,0,0,50795,203180,203180
Jan-2026,MAMU BTP,OVERSIZE RAGLAN MAMU,RGL OS PUTIH-NAVY M,152385,10,0,0,50795,507950,0
Feb-2026,MAMU BTP,OVERSIZE RAGLAN MAMU,RGL OS PUTIH-NAVY M,304770,7,0,0,50795,355565,507950
Mar-2026,MAMU BTP,OVERSIZE RAGLAN MAMU,RGL OS PUTIH-NAVY M,101590,0,0,0,50795,0,355565
Feb-2026,MAMU BTP,OVERSIZE RAGLAN MAMU,RGL OS PUTIH-NAVY S,50795,10,0,0,50795,507950,0
Mar-2026,MAMU BTP,OVERSIZE RAGLAN MAMU,RGL OS PUTIH-NAVY S,355565,12,0,0,50795,609540,507950
Apr-2026,MAMU BTP,OVERSIZE RAGLAN MAMU,RGL OS PUTIH-NAVY S,50795,11,0,0,50795,558745,609540
Mei-2026,MAMU BTP,OVERSIZE RAGLAN MAMU,RGL OS PUTIH-NAVY S,0,11,0,0,50795,558745,558745
Jun-2026,MAMU BTP,OVERSIZE RAGLAN MAMU,RGL OS PUTIH-NAVY S,50795,10,0,0,50795,507950,558745
Jul-2026,MAMU BTP,OVERSIZE RAGLAN MAMU,RGL OS PUTIH-NAVY S,152385,8,0,0,50795,406360,507950
Agu-2026,MAMU BTP,OVERSIZE RAGLAN MAMU,RGL OS PUTIH-NAVY S,152385,4,0,0,50795,203180,406360
Sep-2026,MAMU BTP,OVERSIZE RAGLAN MAMU,RGL OS PUTIH-NAVY S,50795,3,0,0,50795,152385,203180
Okt-2026,MAMU BTP,OVERSIZE RAGLAN MAMU,RGL OS PUTIH-NAVY S,50795,2,0,0,50795,101590,152385
Jan-2026,MAMU BTP,OVERSIZE RAGLAN MAMU,RGL OS PUTIH-NAVY XL,50795,12,0,0,50795,609540,0
Feb-2026,MAMU BTP,OVERSIZE RAGLAN MAMU,RGL OS PUTIH-NAVY XL,0,12,0,0,50795,609540,609540
Mar-2026,MAMU BTP,OVERSIZE RAGLAN MAMU,RGL OS PUTIH-NAVY XL,203180,5,0,0,50795,253975,609540
Apr-2026,MAMU BTP,OVERSIZE RAGLAN MAMU,RGL OS PUTIH-NAVY XL,0,5,0,0,50795,253975,253975
Mei-2026,MAMU BTP,OVERSIZE RAGLAN MAMU,RGL OS PUTIH-NAVY XL,0,5,0,0,50795,253975,253975
Jun-2026,MAMU BTP,OVERSIZE RAGLAN MAMU,RGL OS PUTIH-NAVY XL,0,5,0,0,50795,253975,253975
Jul-2026,MAMU BTP,OVERSIZE RAGLAN MAMU,RGL OS PUTIH-NAVY XL,101590,4,0,0,50795,203180,253975
Agu-2026,MAMU BTP,OVERSIZE RAGLAN MAMU,RGL OS PUTIH-NAVY XL,0,3,0,0,50795,152385,203180
Sep-2026,MAMU BTP,OVERSIZE RAGLAN MAMU,RGL OS PUTIH-NAVY XL,101590,1,0,0,50795,50795,152385
Okt-2026,MAMU BTP,OVERSIZE RAGLAN MAMU,RGL OS PUTIH-NAVY XL,0,1,0,0,50795,50795,50795
Jan-2026,MAMU BTP,OVERSIZE RAGLAN MAMU,RGL OS PUTIH-TOFFEE 2XL,0,12,0,0,53935,647220,0
Feb-2026,MAMU BTP,OVERSIZE RAGLAN MAMU,RGL OS PUTIH-TOFFEE 2XL,0,12,0,0,53935,647220,647220
Mar-2026,MAMU BTP,OVERSIZE RAGLAN MAMU,RGL OS PUTIH-TOFFEE 2XL,53935,11,0,0,53935,593285,647220
Apr-2026,MAMU BTP,OVERSIZE RAGLAN MAMU,RGL OS PUTIH-TOFFEE 2XL,53935,10,0,0,53935,539350,593285
Mei-2026,MAMU BTP,OVERSIZE RAGLAN MAMU,RGL OS PUTIH-TOFFEE 2XL,161805,7,0,0,53935,377545,539350
Jun-2026,MAMU BTP,OVERSIZE RAGLAN MAMU,RGL OS PUTIH-TOFFEE 2XL,107870,5,0,0,53935,269675,377545
Jul-2026,MAMU BTP,OVERSIZE RAGLAN MAMU,RGL OS PUTIH-TOFFEE 2XL,0,6,0,0,53935,323610,269675
Agu-2026,MAMU BTP,OVERSIZE RAGLAN MAMU,RGL OS PUTIH-TOFFEE 2XL,0,6,0,0,53935,323610,323610
Sep-2026,MAMU BTP,OVERSIZE RAGLAN MAMU,RGL OS PUTIH-TOFFEE 2XL,44946,6,0,0,53935,323610,323610
Okt-2026,MAMU BTP,OVERSIZE RAGLAN MAMU,RGL OS PUTIH-TOFFEE 2XL,0,6,0,0,53935,323610,323610
Jan-2026,MAMU BTP,OVERSIZE RAGLAN MAMU,RGL OS PUTIH-TOFFEE L,161805,25,0,0,53935,1348375,0
Feb-2026,MAMU BTP,OVERSIZE RAGLAN MAMU,RGL OS PUTIH-TOFFEE L,0,25,0,0,53935,1348375,1348375
Mar-2026,MAMU BTP,OVERSIZE RAGLAN MAMU,RGL OS PUTIH-TOFFEE L,485415,11,0,0,53935,593285,1348375
Apr-2026,MAMU BTP,OVERSIZE RAGLAN MAMU,RGL OS PUTIH-TOFFEE L,0,11,0,0,53935,593285,593285
Mei-2026,MAMU BTP,OVERSIZE RAGLAN MAMU,RGL OS PUTIH-TOFFEE L,161805,8,0,0,53935,431480,593285
Jun-2026,MAMU BTP,OVERSIZE RAGLAN MAMU,RGL OS PUTIH-TOFFEE L,269675,3,0,0,53935,161805,431480
Jul-2026,MAMU BTP,OVERSIZE RAGLAN MAMU,RGL OS PUTIH-TOFFEE L,53935,1,0,0,53935,53935,161805
Agu-2026,MAMU BTP,OVERSIZE RAGLAN MAMU,RGL OS PUTIH-TOFFEE L,53935,0,0,0,53935,0,53935
Sep-2026,MAMU BTP,OVERSIZE RAGLAN MAMU,RGL OS PUTIH-TOFFEE L,0,1,0,0,53935,53935,0
Okt-2026,MAMU BTP,OVERSIZE RAGLAN MAMU,RGL OS PUTIH-TOFFEE L,0,1,0,0,53935,53935,53935
Jan-2026,MAMU BTP,OVERSIZE RAGLAN MAMU,RGL OS PUTIH-TOFFEE M,269675,8,0,0,53935,431480,0
Feb-2026,MAMU BTP,OVERSIZE RAGLAN MAMU,RGL OS PUTIH-TOFFEE M,161805,5,0,0,53935,269675,431480
Mar-2026,MAMU BTP,OVERSIZE RAGLAN MAMU,RGL OS PUTIH-TOFFEE M,161805,0,0,0,53935,0,269675
Jun-2026,MAMU BTP,OVERSIZE RAGLAN MAMU,RGL OS PUTIH-TOFFEE M,42981,9,0,0,53935,485415,0
Jul-2026,MAMU BTP,OVERSIZE RAGLAN MAMU,RGL OS PUTIH-TOFFEE M,0,10,0,0,53935,539350,485415
Agu-2026,MAMU BTP,OVERSIZE RAGLAN MAMU,RGL OS PUTIH-TOFFEE M,116049,7,0,0,53935,377545,539350
Sep-2026,MAMU BTP,OVERSIZE RAGLAN MAMU,RGL OS PUTIH-TOFFEE M,193823,4,0,0,53935,215740,377545
Okt-2026,MAMU BTP,OVERSIZE RAGLAN MAMU,RGL OS PUTIH-TOFFEE M,78062,4,0,0,53935,215740,215740
Feb-2026,MAMU BTP,OVERSIZE RAGLAN MAMU,RGL OS PUTIH-TOFFEE S,53935,10,0,0,53935,539350,0
Mar-2026,MAMU BTP,OVERSIZE RAGLAN MAMU,RGL OS PUTIH-TOFFEE S,539350,4,0,0,53935,215740,539350
Apr-2026,MAMU BTP,OVERSIZE RAGLAN MAMU,RGL OS PUTIH-TOFFEE S,107870,3,0,0,53935,161805,215740
Mei-2026,MAMU BTP,OVERSIZE RAGLAN MAMU,RGL OS PUTIH-TOFFEE S,107870,0,0,0,53935,0,161805
Jun-2026,MAMU BTP,OVERSIZE RAGLAN MAMU,RGL OS PUTIH-TOFFEE S,0,5,0,0,53935,269675,0
Jul-2026,MAMU BTP,OVERSIZE RAGLAN MAMU,RGL OS PUTIH-TOFFEE S,85962,6,0,0,53935,323610,269675
Agu-2026,MAMU BTP,OVERSIZE RAGLAN MAMU,RGL OS PUTIH-TOFFEE S,128943,3,0,0,53935,161805,323610
Sep-2026,MAMU BTP,OVERSIZE RAGLAN MAMU,RGL OS PUTIH-TOFFEE S,0,2,0,0,53935,107870,161805
Okt-2026,MAMU BTP,OVERSIZE RAGLAN MAMU,RGL OS PUTIH-TOFFEE S,21491,1,0,0,53935,53935,107870
Jan-2026,MAMU BTP,OVERSIZE RAGLAN MAMU,RGL OS PUTIH-TOFFEE XL,53935,7,0,0,53935,377545,0
Feb-2026,MAMU BTP,OVERSIZE RAGLAN MAMU,RGL OS PUTIH-TOFFEE XL,0,7,0,0,53935,377545,377545
Mar-2026,MAMU BTP,OVERSIZE RAGLAN MAMU,RGL OS PUTIH-TOFFEE XL,269675,2,0,0,53935,107870,377545
Apr-2026,MAMU BTP,OVERSIZE RAGLAN MAMU,RGL OS PUTIH-TOFFEE XL,0,2,0,0,53935,107870,107870
Mei-2026,MAMU BTP,OVERSIZE RAGLAN MAMU,RGL OS PUTIH-TOFFEE XL,0,2,0,0,53935,107870,107870
Jun-2026,MAMU BTP,OVERSIZE RAGLAN MAMU,RGL OS PUTIH-TOFFEE XL,0,12,0,0,53935,647220,107870
Jul-2026,MAMU BTP,OVERSIZE RAGLAN MAMU,RGL OS PUTIH-TOFFEE XL,0,10,0,0,53935,539350,647220
Agu-2026,MAMU BTP,OVERSIZE RAGLAN MAMU,RGL OS PUTIH-TOFFEE XL,89614,9,0,0,53935,485415,539350
Sep-2026,MAMU BTP,OVERSIZE RAGLAN MAMU,RGL OS PUTIH-TOFFEE XL,89614,6,0,0,53935,323610,485415
Okt-2026,MAMU BTP,OVERSIZE RAGLAN MAMU,RGL OS PUTIH-TOFFEE XL,0,6,0,0,53935,323610,323610
Mar-2026,MAMU GOWA,OVERSIZE RAGLAN MAMU,RGL OS PUTIH-ARMY S,50177,8,0,0,50177,401416,0
Apr-2026,MAMU GOWA,OVERSIZE RAGLAN MAMU,RGL OS PUTIH-ARMY S,50177,7,0,0,50177,351239,401416
Mei-2026,MAMU GOWA,OVERSIZE RAGLAN MAMU,RGL OS PUTIH-ARMY S,100354,5,0,0,50177,250885,351239
Jun-2026,MAMU GOWA,OVERSIZE RAGLAN MAMU,RGL OS PUTIH-ARMY S,100354,3,0,0,50177,150531,250885
Jul-2026,MAMU GOWA,OVERSIZE RAGLAN MAMU,RGL OS PUTIH-ARMY S,50177,2,0,0,50177,100354,150531
Agu-2026,MAMU GOWA,OVERSIZE RAGLAN MAMU,RGL OS PUTIH-ARMY S,50177,2,0,0,50177,100354,100354
Sep-2026,MAMU GOWA,OVERSIZE RAGLAN MAMU,RGL OS PUTIH-ARMY S,0,1,0,0,50177,50177,100354
Okt-2026,MAMU GOWA,OVERSIZE RAGLAN MAMU,RGL OS PUTIH-ARMY S,50177,0,0,0,50177,0,50177
Mar-2026,MAMU GOWA,OVERSIZE RAGLAN MAMU,RGL OS PUTIH-JET BLACK 2XL,0,3,0,0,50881,152643,0
Apr-2026,MAMU GOWA,OVERSIZE RAGLAN MAMU,RGL OS PUTIH-JET BLACK 2XL,50881,2,0,0,50881,101762,152643
Mei-2026,MAMU GOWA,OVERSIZE RAGLAN MAMU,RGL OS PUTIH-JET BLACK 2XL,0,2,0,0,50881,101762,101762
Jun-2026,MAMU GOWA,OVERSIZE RAGLAN MAMU,RGL OS PUTIH-JET BLACK 2XL,0,2,0,0,50881,101762,101762
Jul-2026,MAMU GOWA,OVERSIZE RAGLAN MAMU,RGL OS PUTIH-JET BLACK 2XL,0,2,0,0,50881,101762,101762
Agu-2026,MAMU GOWA,OVERSIZE RAGLAN MAMU,RGL OS PUTIH-JET BLACK 2XL,50881,1,0,0,50881,50881,101762
Sep-2026,MAMU GOWA,OVERSIZE RAGLAN MAMU,RGL OS PUTIH-JET BLACK 2XL,0,1,0,0,50881,50881,50881
Okt-2026,MAMU GOWA,OVERSIZE RAGLAN MAMU,RGL OS PUTIH-JET BLACK 2XL,0,1,0,0,50881,50881,50881
Mar-2026,MAMU GOWA,OVERSIZE RAGLAN MAMU,RGL OS PUTIH-JET BLACK L,203524,0,0,0,50881,0,0
Jun-2026,MAMU GOWA,OVERSIZE RAGLAN MAMU,RGL OS PUTIH-JET BLACK L,0,5,0,0,50881,254405,0
Jul-2026,MAMU GOWA,OVERSIZE RAGLAN MAMU,RGL OS PUTIH-JET BLACK L,0,5,0,0,50881,254405,254405
Agu-2026,MAMU GOWA,OVERSIZE RAGLAN MAMU,RGL OS PUTIH-JET BLACK L,0,5,0,0,50881,254405,254405
Sep-2026,MAMU GOWA,OVERSIZE RAGLAN MAMU,RGL OS PUTIH-JET BLACK L,0,5,0,0,50881,254405,254405
Okt-2026,MAMU GOWA,OVERSIZE RAGLAN MAMU,RGL OS PUTIH-JET BLACK L,0,5,0,0,50881,254405,254405
Mar-2026,MAMU GOWA,OVERSIZE RAGLAN MAMU,RGL OS PUTIH-JET BLACK M,101762,0,0,0,50881,0,0
Jun-2026,MAMU GOWA,OVERSIZE RAGLAN MAMU,RGL OS PUTIH-JET BLACK M,0,5,0,0,50881,254405,0
Jul-2026,MAMU GOWA,OVERSIZE RAGLAN MAMU,RGL OS PUTIH-JET BLACK M,45768,5,0,0,50881,254405,254405
Agu-2026,MAMU GOWA,OVERSIZE RAGLAN MAMU,RGL OS PUTIH-JET BLACK M,45768,4,0,0,50881,203524,254405
Sep-2026,MAMU GOWA,OVERSIZE RAGLAN MAMU,RGL OS PUTIH-JET BLACK M,45768,4,0,0,50881,203524,203524
Okt-2026,MAMU GOWA,OVERSIZE RAGLAN MAMU,RGL OS PUTIH-JET BLACK M,0,4,0,0,50881,203524,203524
Mar-2026,MAMU GOWA,OVERSIZE RAGLAN MAMU,RGL OS PUTIH-JET BLACK S,763215,3,0,0,50881,152643,0
Apr-2026,MAMU GOWA,OVERSIZE RAGLAN MAMU,RGL OS PUTIH-JET BLACK S,50881,2,0,0,50881,101762,152643
Mei-2026,MAMU GOWA,OVERSIZE RAGLAN MAMU,RGL OS PUTIH-JET BLACK S,50881,1,0,0,50881,50881,101762
Jun-2026,MAMU GOWA,OVERSIZE RAGLAN MAMU,RGL OS PUTIH-JET BLACK S,0,1,0,0,50881,50881,50881
Jul-2026,MAMU GOWA,OVERSIZE RAGLAN MAMU,RGL OS PUTIH-JET BLACK S,50881,5,0,0,50881,254405,50881
Agu-2026,MAMU GOWA,OVERSIZE RAGLAN MAMU,RGL OS PUTIH-JET BLACK S,0,6,0,0,50881,305286,254405
Sep-2026,MAMU GOWA,OVERSIZE RAGLAN MAMU,RGL OS PUTIH-JET BLACK S,0,6,0,0,50881,305286,305286
Okt-2026,MAMU GOWA,OVERSIZE RAGLAN MAMU,RGL OS PUTIH-JET BLACK S,0,6,0,0,50881,305286,305286
Mar-2026,MAMU GOWA,OVERSIZE RAGLAN MAMU,RGL OS PUTIH-JET BLACK XL,50881,1,0,0,50881,50881,0
Apr-2026,MAMU GOWA,OVERSIZE RAGLAN MAMU,RGL OS PUTIH-JET BLACK XL,0,1,0,0,50881,50881,50881
Mei-2026,MAMU GOWA,OVERSIZE RAGLAN MAMU,RGL OS PUTIH-JET BLACK XL,0,1,0,0,50881,50881,50881
Jun-2026,MAMU GOWA,OVERSIZE RAGLAN MAMU,RGL OS PUTIH-JET BLACK XL,0,3,0,0,50881,152643,50881
Jul-2026,MAMU GOWA,OVERSIZE RAGLAN MAMU,RGL OS PUTIH-JET BLACK XL,47472,5,0,0,50881,254405,152643
Agu-2026,MAMU GOWA,OVERSIZE RAGLAN MAMU,RGL OS PUTIH-JET BLACK XL,0,5,0,0,50881,254405,254405
Sep-2026,MAMU GOWA,OVERSIZE RAGLAN MAMU,RGL OS PUTIH-JET BLACK XL,0,5,0,0,50881,254405,254405
Okt-2026,MAMU GOWA,OVERSIZE RAGLAN MAMU,RGL OS PUTIH-JET BLACK XL,0,5,0,0,50881,254405,254405
Mar-2026,MAMU GOWA,OVERSIZE RAGLAN MAMU,RGL OS PUTIH-NAVY 2XL,0,3,0,0,50795,152385,0
Apr-2026,MAMU GOWA,OVERSIZE RAGLAN MAMU,RGL OS PUTIH-NAVY 2XL,0,3,0,0,50795,152385,152385
Mei-2026,MAMU GOWA,OVERSIZE RAGLAN MAMU,RGL OS PUTIH-NAVY 2XL,50795,2,0,0,50795,101590,152385
Jun-2026,MAMU GOWA,OVERSIZE RAGLAN MAMU,RGL OS PUTIH-NAVY 2XL,0,2,0,0,50795,101590,101590
Jul-2026,MAMU GOWA,OVERSIZE RAGLAN MAMU,RGL OS PUTIH-NAVY 2XL,0,2,0,0,50795,101590,101590
Agu-2026,MAMU GOWA,OVERSIZE RAGLAN MAMU,RGL OS PUTIH-NAVY 2XL,0,2,0,0,50795,101590,101590
Sep-2026,MAMU GOWA,OVERSIZE RAGLAN MAMU,RGL OS PUTIH-NAVY 2XL,0,2,0,0,50795,101590,101590
Okt-2026,MAMU GOWA,OVERSIZE RAGLAN MAMU,RGL OS PUTIH-NAVY 2XL,50795,1,0,0,50795,50795,101590
Mar-2026,MAMU GOWA,OVERSIZE RAGLAN MAMU,RGL OS PUTIH-NAVY L,203180,4,0,0,50795,203180,0
Apr-2026,MAMU GOWA,OVERSIZE RAGLAN MAMU,RGL OS PUTIH-NAVY L,0,4,0,0,50795,203180,203180
Mei-2026,MAMU GOWA,OVERSIZE RAGLAN MAMU,RGL OS PUTIH-NAVY L,0,4,0,0,50795,203180,203180
Jun-2026,MAMU GOWA,OVERSIZE RAGLAN MAMU,RGL OS PUTIH-NAVY L,0,4,0,0,50795,203180,203180
Jul-2026,MAMU GOWA,OVERSIZE RAGLAN MAMU,RGL OS PUTIH-NAVY L,0,4,0,0,50795,203180,203180
Agu-2026,MAMU GOWA,OVERSIZE RAGLAN MAMU,RGL OS PUTIH-NAVY L,0,4,0,0,50795,203180,203180
Sep-2026,MAMU GOWA,OVERSIZE RAGLAN MAMU,RGL OS PUTIH-NAVY L,50795,3,0,0,50795,152385,203180
Okt-2026,MAMU GOWA,OVERSIZE RAGLAN MAMU,RGL OS PUTIH-NAVY L,0,3,0,0,50795,152385,152385
Mar-2026,MAMU GOWA,OVERSIZE RAGLAN MAMU,RGL OS PUTIH-NAVY M,101590,0,0,0,50795,0,0
Mar-2026,MAMU GOWA,OVERSIZE RAGLAN MAMU,RGL OS PUTIH-NAVY S,711130,7,0,0,50795,355565,0
Apr-2026,MAMU GOWA,OVERSIZE RAGLAN MAMU,RGL OS PUTIH-NAVY S,0,6,0,0,50795,304770,355565
Mei-2026,MAMU GOWA,OVERSIZE RAGLAN MAMU,RGL OS PUTIH-NAVY S,0,6,0,0,50795,304770,304770
Jun-2026,MAMU GOWA,OVERSIZE RAGLAN MAMU,RGL OS PUTIH-NAVY S,50795,5,0,0,50795,253975,304770
Jul-2026,MAMU GOWA,OVERSIZE RAGLAN MAMU,RGL OS PUTIH-NAVY S,0,5,0,0,50795,253975,253975
Agu-2026,MAMU GOWA,OVERSIZE RAGLAN MAMU,RGL OS PUTIH-NAVY S,0,5,0,0,50795,253975,253975
Sep-2026,MAMU GOWA,OVERSIZE RAGLAN MAMU,RGL OS PUTIH-NAVY S,0,5,0,0,50795,253975,253975
Okt-2026,MAMU GOWA,OVERSIZE RAGLAN MAMU,RGL OS PUTIH-NAVY S,50795,4,0,0,50795,203180,253975
Mar-2026,MAMU GOWA,OVERSIZE RAGLAN MAMU,RGL OS PUTIH-NAVY XL,152385,0,0,0,50795,0,0
Mar-2026,MAMU GOWA,OVERSIZE RAGLAN MAMU,RGL OS PUTIH-TOFFEE L,215740,1,0,0,53935,53935,0
Apr-2026,MAMU GOWA,OVERSIZE RAGLAN MAMU,RGL OS PUTIH-TOFFEE L,0,0,0,0,53935,0,53935
Mar-2026,MAMU GOWA,OVERSIZE RAGLAN MAMU,RGL OS PUTIH-TOFFEE M,215740,0,0,0,53935,0,0
Jun-2026,MAMU GOWA,OVERSIZE RAGLAN MAMU,RGL OS PUTIH-TOFFEE M,0,5,0,0,53935,269675,0
Jul-2026,MAMU GOWA,OVERSIZE RAGLAN MAMU,RGL OS PUTIH-TOFFEE M,85962,4,0,0,53935,215740,269675
Agu-2026,MAMU GOWA,OVERSIZE RAGLAN MAMU,RGL OS PUTIH-TOFFEE M,0,5,0,0,53935,269675,215740
Sep-2026,MAMU GOWA,OVERSIZE RAGLAN MAMU,RGL OS PUTIH-TOFFEE M,0,5,0,0,53935,269675,269675
Okt-2026,MAMU GOWA,OVERSIZE RAGLAN MAMU,RGL OS PUTIH-TOFFEE M,0,5,0,0,53935,269675,269675
Mar-2026,MAMU GOWA,OVERSIZE RAGLAN MAMU,RGL OS PUTIH-TOFFEE S,755090,5,0,0,53935,269675,0
Apr-2026,MAMU GOWA,OVERSIZE RAGLAN MAMU,RGL OS PUTIH-TOFFEE S,53935,4,0,0,53935,215740,269675
Mei-2026,MAMU GOWA,OVERSIZE RAGLAN MAMU,RGL OS PUTIH-TOFFEE S,53935,3,0,0,53935,161805,215740
Jun-2026,MAMU GOWA,OVERSIZE RAGLAN MAMU,RGL OS PUTIH-TOFFEE S,107870,3,0,0,53935,161805,161805
Jul-2026,MAMU GOWA,OVERSIZE RAGLAN MAMU,RGL OS PUTIH-TOFFEE S,91439,4,0,0,53935,215740,161805
Agu-2026,MAMU GOWA,OVERSIZE RAGLAN MAMU,RGL OS PUTIH-TOFFEE S,44807,2,0,0,53935,107870,215740
Sep-2026,MAMU GOWA,OVERSIZE RAGLAN MAMU,RGL OS PUTIH-TOFFEE S,44807,1,0,0,53935,53935,107870
Okt-2026,MAMU GOWA,OVERSIZE RAGLAN MAMU,RGL OS PUTIH-TOFFEE S,0,1,0,0,53935,53935,53935
Mar-2026,MAMU GOWA,OVERSIZE RAGLAN MAMU,RGL OS PUTIH-TOFFEE XL,53935,0,0,0,53935,0,0
Jun-2026,MAMU GOWA,OVERSIZE RAGLAN MAMU,RGL OS PUTIH-TOFFEE XL,0,5,0,0,53935,269675,0
Jul-2026,MAMU GOWA,OVERSIZE RAGLAN MAMU,RGL OS PUTIH-TOFFEE XL,214905,5,0,0,53935,269675,269675
Agu-2026,MAMU GOWA,OVERSIZE RAGLAN MAMU,RGL OS PUTIH-TOFFEE XL,0,5,0,0,53935,269675,269675
Sep-2026,MAMU GOWA,OVERSIZE RAGLAN MAMU,RGL OS PUTIH-TOFFEE XL,0,5,0,0,53935,269675,269675
Okt-2026,MAMU GOWA,OVERSIZE RAGLAN MAMU,RGL OS PUTIH-TOFFEE XL,0,5,0,0,53935,269675,269675
Jan-2026,MAMU KENDARI,OVERSIZE RAGLAN MAMU,RGL OS PUTIH-ARMY 2XL,0,4,0,0,50177,200708,0
Feb-2026,MAMU KENDARI,OVERSIZE RAGLAN MAMU,RGL OS PUTIH-ARMY 2XL,0,4,0,0,50177,200708,200708
Mar-2026,MAMU KENDARI,OVERSIZE RAGLAN MAMU,RGL OS PUTIH-ARMY 2XL,0,4,0,0,50177,200708,200708
Apr-2026,MAMU KENDARI,OVERSIZE RAGLAN MAMU,RGL OS PUTIH-ARMY 2XL,0,4,0,0,50177,200708,200708
Mei-2026,MAMU KENDARI,OVERSIZE RAGLAN MAMU,RGL OS PUTIH-ARMY 2XL,0,4,0,0,50177,200708,200708
Jun-2026,MAMU KENDARI,OVERSIZE RAGLAN MAMU,RGL OS PUTIH-ARMY 2XL,0,4,0,0,50177,200708,200708
Jul-2026,MAMU KENDARI,OVERSIZE RAGLAN MAMU,RGL OS PUTIH-ARMY 2XL,0,4,0,0,50177,200708,200708
Agu-2026,MAMU KENDARI,OVERSIZE RAGLAN MAMU,RGL OS PUTIH-ARMY 2XL,0,4,0,0,50177,200708,200708
Sep-2026,MAMU KENDARI,OVERSIZE RAGLAN MAMU,RGL OS PUTIH-ARMY 2XL,0,4,0,0,50177,200708,200708
Okt-2026,MAMU KENDARI,OVERSIZE RAGLAN MAMU,RGL OS PUTIH-ARMY 2XL,0,4,0,0,50177,200708,200708
Jan-2026,MAMU KENDARI,OVERSIZE RAGLAN MAMU,RGL OS PUTIH-ARMY L,0,8,0,0,50177,401416,0
Feb-2026,MAMU KENDARI,OVERSIZE RAGLAN MAMU,RGL OS PUTIH-ARMY L,0,8,0,0,50177,401416,401416
Mar-2026,MAMU KENDARI,OVERSIZE RAGLAN MAMU,RGL OS PUTIH-ARMY L,150531,5,0,0,50177,250885,401416
Apr-2026,MAMU KENDARI,OVERSIZE RAGLAN MAMU,RGL OS PUTIH-ARMY L,0,5,0,0,50177,250885,250885
Mei-2026,MAMU KENDARI,OVERSIZE RAGLAN MAMU,RGL OS PUTIH-ARMY L,0,5,0,0,50177,250885,250885
Jun-2026,MAMU KENDARI,OVERSIZE RAGLAN MAMU,RGL OS PUTIH-ARMY L,0,5,0,0,50177,250885,250885
Jul-2026,MAMU KENDARI,OVERSIZE RAGLAN MAMU,RGL OS PUTIH-ARMY L,0,5,0,0,50177,250885,250885
Agu-2026,MAMU KENDARI,OVERSIZE RAGLAN MAMU,RGL OS PUTIH-ARMY L,0,5,0,0,50177,250885,250885
Sep-2026,MAMU KENDARI,OVERSIZE RAGLAN MAMU,RGL OS PUTIH-ARMY L,0,5,0,0,50177,250885,250885
Okt-2026,MAMU KENDARI,OVERSIZE RAGLAN MAMU,RGL OS PUTIH-ARMY L,0,5,0,0,50177,250885,250885
Jan-2026,MAMU KENDARI,OVERSIZE RAGLAN MAMU,RGL OS PUTIH-ARMY M,0,4,0,0,50177,200708,0
Feb-2026,MAMU KENDARI,OVERSIZE RAGLAN MAMU,RGL OS PUTIH-ARMY M,0,4,0,0,50177,200708,200708
Mar-2026,MAMU KENDARI,OVERSIZE RAGLAN MAMU,RGL OS PUTIH-ARMY M,200708,0,0,0,50177,0,200708
Jan-2026,MAMU KENDARI,OVERSIZE RAGLAN MAMU,RGL OS PUTIH-ARMY XL,0,4,0,0,50177,200708,0
Feb-2026,MAMU KENDARI,OVERSIZE RAGLAN MAMU,RGL OS PUTIH-ARMY XL,0,4,0,0,50177,200708,200708
Mar-2026,MAMU KENDARI,OVERSIZE RAGLAN MAMU,RGL OS PUTIH-ARMY XL,0,4,0,0,50177,200708,200708
Apr-2026,MAMU KENDARI,OVERSIZE RAGLAN MAMU,RGL OS PUTIH-ARMY XL,0,4,0,0,50177,200708,200708
Mei-2026,MAMU KENDARI,OVERSIZE RAGLAN MAMU,RGL OS PUTIH-ARMY XL,0,4,0,0,50177,200708,200708
Jun-2026,MAMU KENDARI,OVERSIZE RAGLAN MAMU,RGL OS PUTIH-ARMY XL,0,4,0,0,50177,200708,200708
Jul-2026,MAMU KENDARI,OVERSIZE RAGLAN MAMU,RGL OS PUTIH-ARMY XL,50177,4,0,0,50177,200708,200708
Agu-2026,MAMU KENDARI,OVERSIZE RAGLAN MAMU,RGL OS PUTIH-ARMY XL,0,3,0,0,50177,150531,200708
Sep-2026,MAMU KENDARI,OVERSIZE RAGLAN MAMU,RGL OS PUTIH-ARMY XL,0,3,0,0,50177,150531,150531
Okt-2026,MAMU KENDARI,OVERSIZE RAGLAN MAMU,RGL OS PUTIH-ARMY XL,0,3,0,0,50177,150531,150531
Jan-2026,MAMU KENDARI,OVERSIZE RAGLAN MAMU,RGL OS PUTIH-JET BLACK 2XL,50881,3,0,0,50881,152643,0
Feb-2026,MAMU KENDARI,OVERSIZE RAGLAN MAMU,RGL OS PUTIH-JET BLACK 2XL,0,3,0,0,50881,152643,152643
Mar-2026,MAMU KENDARI,OVERSIZE RAGLAN MAMU,RGL OS PUTIH-JET BLACK 2XL,50881,2,0,0,50881,101762,152643
Apr-2026,MAMU KENDARI,OVERSIZE RAGLAN MAMU,RGL OS PUTIH-JET BLACK 2XL,0,2,0,0,50881,101762,101762
Mei-2026,MAMU KENDARI,OVERSIZE RAGLAN MAMU,RGL OS PUTIH-JET BLACK 2XL,0,2,0,0,50881,101762,101762
Jun-2026,MAMU KENDARI,OVERSIZE RAGLAN MAMU,RGL OS PUTIH-JET BLACK 2XL,0,2,0,0,50881,101762,101762
Jul-2026,MAMU KENDARI,OVERSIZE RAGLAN MAMU,RGL OS PUTIH-JET BLACK 2XL,0,2,0,0,50881,101762,101762
Agu-2026,MAMU KENDARI,OVERSIZE RAGLAN MAMU,RGL OS PUTIH-JET BLACK 2XL,0,2,0,0,50881,101762,101762
Sep-2026,MAMU KENDARI,OVERSIZE RAGLAN MAMU,RGL OS PUTIH-JET BLACK 2XL,0,2,0,0,50881,101762,101762
Okt-2026,MAMU KENDARI,OVERSIZE RAGLAN MAMU,RGL OS PUTIH-JET BLACK 2XL,0,2,0,0,50881,101762,101762
Jan-2026,MAMU KENDARI,OVERSIZE RAGLAN MAMU,RGL OS PUTIH-JET BLACK L,0,7,0,0,50881,356167,0
Feb-2026,MAMU KENDARI,OVERSIZE RAGLAN MAMU,RGL OS PUTIH-JET BLACK L,0,7,0,0,50881,356167,356167
Mar-2026,MAMU KENDARI,OVERSIZE RAGLAN MAMU,RGL OS PUTIH-JET BLACK L,50881,6,0,0,50881,305286,356167
Apr-2026,MAMU KENDARI,OVERSIZE RAGLAN MAMU,RGL OS PUTIH-JET BLACK L,0,6,0,0,50881,305286,305286
Mei-2026,MAMU KENDARI,OVERSIZE RAGLAN MAMU,RGL OS PUTIH-JET BLACK L,0,6,0,0,50881,305286,305286
Jun-2026,MAMU KENDARI,OVERSIZE RAGLAN MAMU,RGL OS PUTIH-JET BLACK L,0,6,0,0,50881,305286,305286
Jul-2026,MAMU KENDARI,OVERSIZE RAGLAN MAMU,RGL OS PUTIH-JET BLACK L,0,6,0,0,50881,305286,305286
Agu-2026,MAMU KENDARI,OVERSIZE RAGLAN MAMU,RGL OS PUTIH-JET BLACK L,0,6,0,0,50881,305286,305286
Sep-2026,MAMU KENDARI,OVERSIZE RAGLAN MAMU,RGL OS PUTIH-JET BLACK L,0,6,0,0,50881,305286,305286
Okt-2026,MAMU KENDARI,OVERSIZE RAGLAN MAMU,RGL OS PUTIH-JET BLACK L,0,6,0,0,50881,305286,305286
Jan-2026,MAMU KENDARI,OVERSIZE RAGLAN MAMU,RGL OS PUTIH-JET BLACK M,0,3,0,0,50881,152643,0
Feb-2026,MAMU KENDARI,OVERSIZE RAGLAN MAMU,RGL OS PUTIH-JET BLACK M,0,3,0,0,50881,152643,152643
Mar-2026,MAMU KENDARI,OVERSIZE RAGLAN MAMU,RGL OS PUTIH-JET BLACK M,101762,1,0,0,50881,50881,152643
Apr-2026,MAMU KENDARI,OVERSIZE RAGLAN MAMU,RGL OS PUTIH-JET BLACK M,50881,0,0,0,50881,0,50881
Agu-2026,MAMU KENDARI,OVERSIZE RAGLAN MAMU,RGL OS PUTIH-JET BLACK M,45768,4,0,0,50881,203524,0
Sep-2026,MAMU KENDARI,OVERSIZE RAGLAN MAMU,RGL OS PUTIH-JET BLACK M,0,4,0,0,50881,203524,203524
Okt-2026,MAMU KENDARI,OVERSIZE RAGLAN MAMU,RGL OS PUTIH-JET BLACK M,0,4,0,0,50881,203524,203524
Jan-2026,MAMU KENDARI,OVERSIZE RAGLAN MAMU,RGL OS PUTIH-JET BLACK XL,0,4,0,0,50881,203524,0
Feb-2026,MAMU KENDARI,OVERSIZE RAGLAN MAMU,RGL OS PUTIH-JET BLACK XL,0,4,0,0,50881,203524,203524
Mar-2026,MAMU KENDARI,OVERSIZE RAGLAN MAMU,RGL OS PUTIH-JET BLACK XL,50881,3,0,0,50881,152643,203524
Apr-2026,MAMU KENDARI,OVERSIZE RAGLAN MAMU,RGL OS PUTIH-JET BLACK XL,0,3,0,0,50881,152643,152643
Mei-2026,MAMU KENDARI,OVERSIZE RAGLAN MAMU,RGL OS PUTIH-JET BLACK XL,0,3,0,0,50881,152643,152643
Jun-2026,MAMU KENDARI,OVERSIZE RAGLAN MAMU,RGL OS PUTIH-JET BLACK XL,0,3,0,0,50881,152643,152643
Jul-2026,MAMU KENDARI,OVERSIZE RAGLAN MAMU,RGL OS PUTIH-JET BLACK XL,0,3,0,0,50881,152643,152643
Agu-2026,MAMU KENDARI,OVERSIZE RAGLAN MAMU,RGL OS PUTIH-JET BLACK XL,50881,2,0,0,50881,101762,152643
Sep-2026,MAMU KENDARI,OVERSIZE RAGLAN MAMU,RGL OS PUTIH-JET BLACK XL,0,2,0,0,50881,101762,101762
Okt-2026,MAMU KENDARI,OVERSIZE RAGLAN MAMU,RGL OS PUTIH-JET BLACK XL,0,2,0,0,50881,101762,101762
Jan-2026,MAMU KENDARI,OVERSIZE RAGLAN MAMU,RGL OS PUTIH-NAVY 2XL,0,5,0,0,50795,253975,0
Feb-2026,MAMU KENDARI,OVERSIZE RAGLAN MAMU,RGL OS PUTIH-NAVY 2XL,0,5,0,0,50795,253975,253975
Mar-2026,MAMU KENDARI,OVERSIZE RAGLAN MAMU,RGL OS PUTIH-NAVY 2XL,0,5,0,0,50795,253975,253975
Apr-2026,MAMU KENDARI,OVERSIZE RAGLAN MAMU,RGL OS PUTIH-NAVY 2XL,0,5,0,0,50795,253975,253975
Mei-2026,MAMU KENDARI,OVERSIZE RAGLAN MAMU,RGL OS PUTIH-NAVY 2XL,0,5,0,0,50795,253975,253975
Jun-2026,MAMU KENDARI,OVERSIZE RAGLAN MAMU,RGL OS PUTIH-NAVY 2XL,0,5,0,0,50795,253975,253975
Jul-2026,MAMU KENDARI,OVERSIZE RAGLAN MAMU,RGL OS PUTIH-NAVY 2XL,50795,4,0,0,50795,203180,253975
Agu-2026,MAMU KENDARI,OVERSIZE RAGLAN MAMU,RGL OS PUTIH-NAVY 2XL,0,4,0,0,50795,203180,203180
Sep-2026,MAMU KENDARI,OVERSIZE RAGLAN MAMU,RGL OS PUTIH-NAVY 2XL,0,4,0,0,50795,203180,203180
Okt-2026,MAMU KENDARI,OVERSIZE RAGLAN MAMU,RGL OS PUTIH-NAVY 2XL,0,4,0,0,50795,203180,203180
Jan-2026,MAMU KENDARI,OVERSIZE RAGLAN MAMU,RGL OS PUTIH-NAVY L,0,8,0,0,50795,406360,0
Feb-2026,MAMU KENDARI,OVERSIZE RAGLAN MAMU,RGL OS PUTIH-NAVY L,0,8,0,0,50795,406360,406360
Mar-2026,MAMU KENDARI,OVERSIZE RAGLAN MAMU,RGL OS PUTIH-NAVY L,50795,7,0,0,50795,355565,406360
Apr-2026,MAMU KENDARI,OVERSIZE RAGLAN MAMU,RGL OS PUTIH-NAVY L,0,7,0,0,50795,355565,355565
Mei-2026,MAMU KENDARI,OVERSIZE RAGLAN MAMU,RGL OS PUTIH-NAVY L,0,7,0,0,50795,355565,355565
Jun-2026,MAMU KENDARI,OVERSIZE RAGLAN MAMU,RGL OS PUTIH-NAVY L,0,7,0,0,50795,355565,355565
Jul-2026,MAMU KENDARI,OVERSIZE RAGLAN MAMU,RGL OS PUTIH-NAVY L,0,7,0,0,50795,355565,355565
Agu-2026,MAMU KENDARI,OVERSIZE RAGLAN MAMU,RGL OS PUTIH-NAVY L,0,7,0,0,50795,355565,355565
Sep-2026,MAMU KENDARI,OVERSIZE RAGLAN MAMU,RGL OS PUTIH-NAVY L,50795,6,0,0,50795,304770,355565
Okt-2026,MAMU KENDARI,OVERSIZE RAGLAN MAMU,RGL OS PUTIH-NAVY L,0,6,0,0,50795,304770,304770
Jan-2026,MAMU KENDARI,OVERSIZE RAGLAN MAMU,RGL OS PUTIH-NAVY M,0,2,0,0,50795,101590,0
Feb-2026,MAMU KENDARI,OVERSIZE RAGLAN MAMU,RGL OS PUTIH-NAVY M,0,2,0,0,50795,101590,101590
Mar-2026,MAMU KENDARI,OVERSIZE RAGLAN MAMU,RGL OS PUTIH-NAVY M,101590,0,0,0,50795,0,101590
Jan-2026,MAMU KENDARI,OVERSIZE RAGLAN MAMU,RGL OS PUTIH-NAVY XL,0,3,0,0,50795,152385,0
Feb-2026,MAMU KENDARI,OVERSIZE RAGLAN MAMU,RGL OS PUTIH-NAVY XL,0,3,0,0,50795,152385,152385
Mar-2026,MAMU KENDARI,OVERSIZE RAGLAN MAMU,RGL OS PUTIH-NAVY XL,0,3,0,0,50795,152385,152385
Apr-2026,MAMU KENDARI,OVERSIZE RAGLAN MAMU,RGL OS PUTIH-NAVY XL,0,3,0,0,50795,152385,152385
Mei-2026,MAMU KENDARI,OVERSIZE RAGLAN MAMU,RGL OS PUTIH-NAVY XL,0,3,0,0,50795,152385,152385
Jun-2026,MAMU KENDARI,OVERSIZE RAGLAN MAMU,RGL OS PUTIH-NAVY XL,50795,2,0,0,50795,101590,152385
Jul-2026,MAMU KENDARI,OVERSIZE RAGLAN MAMU,RGL OS PUTIH-NAVY XL,0,2,0,0,50795,101590,101590
Agu-2026,MAMU KENDARI,OVERSIZE RAGLAN MAMU,RGL OS PUTIH-NAVY XL,0,2,0,0,50795,101590,101590
Sep-2026,MAMU KENDARI,OVERSIZE RAGLAN MAMU,RGL OS PUTIH-NAVY XL,0,2,0,0,50795,101590,101590
Okt-2026,MAMU KENDARI,OVERSIZE RAGLAN MAMU,RGL OS PUTIH-NAVY XL,0,2,0,0,50795,101590,101590
Jan-2026,MAMU KENDARI,OVERSIZE RAGLAN MAMU,RGL OS PUTIH-TOFFEE L,0,9,0,0,53935,485415,0
Feb-2026,MAMU KENDARI,OVERSIZE RAGLAN MAMU,RGL OS PUTIH-TOFFEE L,0,9,0,0,53935,485415,485415
Mar-2026,MAMU KENDARI,OVERSIZE RAGLAN MAMU,RGL OS PUTIH-TOFFEE L,107870,7,0,0,53935,377545,485415
Apr-2026,MAMU KENDARI,OVERSIZE RAGLAN MAMU,RGL OS PUTIH-TOFFEE L,0,7,0,0,53935,377545,377545
Mei-2026,MAMU KENDARI,OVERSIZE RAGLAN MAMU,RGL OS PUTIH-TOFFEE L,269675,2,0,0,53935,107870,377545
Jun-2026,MAMU KENDARI,OVERSIZE RAGLAN MAMU,RGL OS PUTIH-TOFFEE L,0,2,0,0,53935,107870,107870
Jul-2026,MAMU KENDARI,OVERSIZE RAGLAN MAMU,RGL OS PUTIH-TOFFEE L,0,2,0,0,53935,107870,107870
Agu-2026,MAMU KENDARI,OVERSIZE RAGLAN MAMU,RGL OS PUTIH-TOFFEE L,0,2,0,0,53935,107870,107870
Sep-2026,MAMU KENDARI,OVERSIZE RAGLAN MAMU,RGL OS PUTIH-TOFFEE L,0,2,0,0,53935,107870,107870
Okt-2026,MAMU KENDARI,OVERSIZE RAGLAN MAMU,RGL OS PUTIH-TOFFEE L,0,2,0,0,53935,107870,107870
Jan-2026,MAMU KENDARI,OVERSIZE RAGLAN MAMU,RGL OS PUTIH-TOFFEE M,0,3,0,0,53935,161805,0
Feb-2026,MAMU KENDARI,OVERSIZE RAGLAN MAMU,RGL OS PUTIH-TOFFEE M,0,3,0,0,53935,161805,161805
Mar-2026,MAMU KENDARI,OVERSIZE RAGLAN MAMU,RGL OS PUTIH-TOFFEE M,161805,0,0,0,53935,0,161805
Agu-2026,MAMU KENDARI,OVERSIZE RAGLAN MAMU,RGL OS PUTIH-TOFFEE M,42981,4,0,0,53935,215740,0
Sep-2026,MAMU KENDARI,OVERSIZE RAGLAN MAMU,RGL OS PUTIH-TOFFEE M,0,4,0,0,53935,215740,215740
Okt-2026,MAMU KENDARI,OVERSIZE RAGLAN MAMU,RGL OS PUTIH-TOFFEE M,0,4,0,0,53935,215740,215740
Jan-2026,MAMU KENDARI,OVERSIZE RAGLAN MAMU,RGL OS PUTIH-TOFFEE XL,0,3,0,0,53935,161805,0
Feb-2026,MAMU KENDARI,OVERSIZE RAGLAN MAMU,RGL OS PUTIH-TOFFEE XL,0,3,0,0,53935,161805,161805
Mar-2026,MAMU KENDARI,OVERSIZE RAGLAN MAMU,RGL OS PUTIH-TOFFEE XL,161805,0,0,0,53935,0,161805
Apr-2026,MAMU KENDARI,OVERSIZE RAGLAN MAMU,RGL OS PUTIH-TOFFEE XL,0,1,0,0,53935,53935,0
Mei-2026,MAMU KENDARI,OVERSIZE RAGLAN MAMU,RGL OS PUTIH-TOFFEE XL,0,1,0,0,53935,53935,53935
Jun-2026,MAMU KENDARI,OVERSIZE RAGLAN MAMU,RGL OS PUTIH-TOFFEE XL,0,1,0,0,53935,53935,53935
Jul-2026,MAMU KENDARI,OVERSIZE RAGLAN MAMU,RGL OS PUTIH-TOFFEE XL,53935,1,0,0,53935,53935,53935
Agu-2026,MAMU KENDARI,OVERSIZE RAGLAN MAMU,RGL OS PUTIH-TOFFEE XL,0,0,0,0,53935,0,53935
Jan-2026,MAMU MAKASSAR,OVERSIZE RAGLAN MAMU,RGL OS PUTIH-ARMY 2XL,0,13,0,0,50177,652301,0
Feb-2026,MAMU MAKASSAR,OVERSIZE RAGLAN MAMU,RGL OS PUTIH-ARMY 2XL,0,13,0,0,50177,652301,652301
Mar-2026,MAMU MAKASSAR,OVERSIZE RAGLAN MAMU,RGL OS PUTIH-ARMY 2XL,150531,10,0,0,50177,501770,652301
Apr-2026,MAMU MAKASSAR,OVERSIZE RAGLAN MAMU,RGL OS PUTIH-ARMY 2XL,50177,9,0,0,50177,451593,501770
Mei-2026,MAMU MAKASSAR,OVERSIZE RAGLAN MAMU,RGL OS PUTIH-ARMY 2XL,0,9,0,0,50177,451593,451593
Jun-2026,MAMU MAKASSAR,OVERSIZE RAGLAN MAMU,RGL OS PUTIH-ARMY 2XL,0,9,0,0,50177,451593,451593
Jul-2026,MAMU MAKASSAR,OVERSIZE RAGLAN MAMU,RGL OS PUTIH-ARMY 2XL,0,9,0,0,50177,451593,451593
Agu-2026,MAMU MAKASSAR,OVERSIZE RAGLAN MAMU,RGL OS PUTIH-ARMY 2XL,50177,9,0,0,50177,451593,451593
Sep-2026,MAMU MAKASSAR,OVERSIZE RAGLAN MAMU,RGL OS PUTIH-ARMY 2XL,50177,8,0,0,50177,401416,451593
Okt-2026,MAMU MAKASSAR,OVERSIZE RAGLAN MAMU,RGL OS PUTIH-ARMY 2XL,0,7,0,0,50177,351239,401416
Jan-2026,MAMU MAKASSAR,OVERSIZE RAGLAN MAMU,RGL OS PUTIH-ARMY L,301062,11,0,0,50177,551947,0
Feb-2026,MAMU MAKASSAR,OVERSIZE RAGLAN MAMU,RGL OS PUTIH-ARMY L,250885,6,0,0,50177,301062,551947
Mar-2026,MAMU MAKASSAR,OVERSIZE RAGLAN MAMU,RGL OS PUTIH-ARMY L,100354,0,0,0,50177,0,301062
Mar-2026,MAMU MAKASSAR,OVERSIZE RAGLAN MAMU,RGL OS PUTIH-ARMY S,0,20,0,0,50177,1003540,0
Apr-2026,MAMU MAKASSAR,OVERSIZE RAGLAN MAMU,RGL OS PUTIH-ARMY S,250885,15,0,0,50177,752655,1003540
Mei-2026,MAMU MAKASSAR,OVERSIZE RAGLAN MAMU,RGL OS PUTIH-ARMY S,250885,11,0,0,50177,551947,752655
Jun-2026,MAMU MAKASSAR,OVERSIZE RAGLAN MAMU,RGL OS PUTIH-ARMY S,301062,4,0,0,50177,200708,551947
Jul-2026,MAMU MAKASSAR,OVERSIZE RAGLAN MAMU,RGL OS PUTIH-ARMY S,0,4,0,0,50177,200708,200708
Agu-2026,MAMU MAKASSAR,OVERSIZE RAGLAN MAMU,RGL OS PUTIH-ARMY S,200708,0,0,0,50177,0,200708
Jan-2026,MAMU MAKASSAR,OVERSIZE RAGLAN MAMU,RGL OS PUTIH-JET BLACK 2XL,50881,6,0,0,50881,305286,0
Feb-2026,MAMU MAKASSAR,OVERSIZE RAGLAN MAMU,RGL OS PUTIH-JET BLACK 2XL,0,6,0,0,50881,305286,305286
Mar-2026,MAMU MAKASSAR,OVERSIZE RAGLAN MAMU,RGL OS PUTIH-JET BLACK 2XL,152643,1,0,0,50881,50881,305286
Apr-2026,MAMU MAKASSAR,OVERSIZE RAGLAN MAMU,RGL OS PUTIH-JET BLACK 2XL,0,2,0,0,50881,101762,50881
Mei-2026,MAMU MAKASSAR,OVERSIZE RAGLAN MAMU,RGL OS PUTIH-JET BLACK 2XL,101762,1,0,0,50881,50881,101762
Jun-2026,MAMU MAKASSAR,OVERSIZE RAGLAN MAMU,RGL OS PUTIH-JET BLACK 2XL,0,0,0,0,50881,0,50881
Jan-2026,MAMU MAKASSAR,OVERSIZE RAGLAN MAMU,RGL OS PUTIH-JET BLACK L,152643,14,0,0,50881,712334,0
Feb-2026,MAMU MAKASSAR,OVERSIZE RAGLAN MAMU,RGL OS PUTIH-JET BLACK L,101762,10,0,0,50881,508810,712334
Mar-2026,MAMU MAKASSAR,OVERSIZE RAGLAN MAMU,RGL OS PUTIH-JET BLACK L,407048,0,0,0,50881,0,508810
Jun-2026,MAMU MAKASSAR,OVERSIZE RAGLAN MAMU,RGL OS PUTIH-JET BLACK L,0,5,0,0,50881,254405,0
Jul-2026,MAMU MAKASSAR,OVERSIZE RAGLAN MAMU,RGL OS PUTIH-JET BLACK L,228840,1,0,0,50881,50881,254405
Agu-2026,MAMU MAKASSAR,OVERSIZE RAGLAN MAMU,RGL OS PUTIH-JET BLACK L,0,0,0,0,50881,0,50881
Jun-2026,MAMU MAKASSAR,OVERSIZE RAGLAN MAMU,RGL OS PUTIH-JET BLACK M,0,10,0,0,50881,508810,0
Jul-2026,MAMU MAKASSAR,OVERSIZE RAGLAN MAMU,RGL OS PUTIH-JET BLACK M,137304,9,0,0,50881,457929,508810
Agu-2026,MAMU MAKASSAR,OVERSIZE RAGLAN MAMU,RGL OS PUTIH-JET BLACK M,183072,4,0,0,50881,203524,457929
Sep-2026,MAMU MAKASSAR,OVERSIZE RAGLAN MAMU,RGL OS PUTIH-JET BLACK M,228840,1,0,0,50881,50881,203524
Okt-2026,MAMU MAKASSAR,OVERSIZE RAGLAN MAMU,RGL OS PUTIH-JET BLACK M,45768,0,0,0,50881,0,50881
Jan-2026,MAMU MAKASSAR,OVERSIZE RAGLAN MAMU,RGL OS PUTIH-JET BLACK S,50881,0,0,0,50881,0,0
Feb-2026,MAMU MAKASSAR,OVERSIZE RAGLAN MAMU,RGL OS PUTIH-JET BLACK S,0,8,0,0,50881,407048,0
Mar-2026,MAMU MAKASSAR,OVERSIZE RAGLAN MAMU,RGL OS PUTIH-JET BLACK S,457929,7,0,0,50881,356167,407048
Apr-2026,MAMU MAKASSAR,OVERSIZE RAGLAN MAMU,RGL OS PUTIH-JET BLACK S,203524,4,0,0,50881,203524,356167
Mei-2026,MAMU MAKASSAR,OVERSIZE RAGLAN MAMU,RGL OS PUTIH-JET BLACK S,152643,0,0,0,50881,0,203524
Jul-2026,MAMU MAKASSAR,OVERSIZE RAGLAN MAMU,RGL OS PUTIH-JET BLACK S,91536,5,0,0,50881,254405,0
Agu-2026,MAMU MAKASSAR,OVERSIZE RAGLAN MAMU,RGL OS PUTIH-JET BLACK S,366144,3,0,0,50881,152643,254405
Sep-2026,MAMU MAKASSAR,OVERSIZE RAGLAN MAMU,RGL OS PUTIH-JET BLACK S,45768,0,0,0,50881,0,152643
Jun-2026,MAMU MAKASSAR,OVERSIZE RAGLAN MAMU,RGL OS PUTIH-JET BLACK XL,0,5,0,0,50881,254405,0
Jul-2026,MAMU MAKASSAR,OVERSIZE RAGLAN MAMU,RGL OS PUTIH-JET BLACK XL,0,5,0,0,50881,254405,254405
Agu-2026,MAMU MAKASSAR,OVERSIZE RAGLAN MAMU,RGL OS PUTIH-JET BLACK XL,0,5,0,0,50881,254405,254405
Sep-2026,MAMU MAKASSAR,OVERSIZE RAGLAN MAMU,RGL OS PUTIH-JET BLACK XL,0,5,0,0,50881,254405,254405
Okt-2026,MAMU MAKASSAR,OVERSIZE RAGLAN MAMU,RGL OS PUTIH-JET BLACK XL,0,5,0,0,50881,254405,254405
Jan-2026,MAMU MAKASSAR,OVERSIZE RAGLAN MAMU,RGL OS PUTIH-NAVY 2XL,50795,11,0,0,50795,558745,0
Feb-2026,MAMU MAKASSAR,OVERSIZE RAGLAN MAMU,RGL OS PUTIH-NAVY 2XL,50795,10,0,0,50795,507950,558745
Mar-2026,MAMU MAKASSAR,OVERSIZE RAGLAN MAMU,RGL OS PUTIH-NAVY 2XL,152385,7,0,0,50795,355565,507950
Apr-2026,MAMU MAKASSAR,OVERSIZE RAGLAN MAMU,RGL OS PUTIH-NAVY 2XL,0,8,0,0,50795,406360,355565
Mei-2026,MAMU MAKASSAR,OVERSIZE RAGLAN MAMU,RGL OS PUTIH-NAVY 2XL,152385,7,0,0,50795,355565,406360
Jun-2026,MAMU MAKASSAR,OVERSIZE RAGLAN MAMU,RGL OS PUTIH-NAVY 2XL,0,5,0,0,50795,253975,355565
Jul-2026,MAMU MAKASSAR,OVERSIZE RAGLAN MAMU,RGL OS PUTIH-NAVY 2XL,101590,2,0,0,50795,101590,253975
Agu-2026,MAMU MAKASSAR,OVERSIZE RAGLAN MAMU,RGL OS PUTIH-NAVY 2XL,50795,2,0,0,50795,101590,101590
Sep-2026,MAMU MAKASSAR,OVERSIZE RAGLAN MAMU,RGL OS PUTIH-NAVY 2XL,0,1,0,0,50795,50795,101590
Okt-2026,MAMU MAKASSAR,OVERSIZE RAGLAN MAMU,RGL OS PUTIH-NAVY 2XL,0,1,0,0,50795,50795,50795
Jan-2026,MAMU MAKASSAR,OVERSIZE RAGLAN MAMU,RGL OS PUTIH-NAVY L,304770,25,0,0,50795,1269875,0
Feb-2026,MAMU MAKASSAR,OVERSIZE RAGLAN MAMU,RGL OS PUTIH-NAVY L,50795,22,0,0,50795,1117490,1269875
Mar-2026,MAMU MAKASSAR,OVERSIZE RAGLAN MAMU,RGL OS PUTIH-NAVY L,406360,12,0,0,50795,609540,1117490
Apr-2026,MAMU MAKASSAR,OVERSIZE RAGLAN MAMU,RGL OS PUTIH-NAVY L,101590,10,0,0,50795,507950,609540
Mei-2026,MAMU MAKASSAR,OVERSIZE RAGLAN MAMU,RGL OS PUTIH-NAVY L,203180,6,0,0,50795,304770,507950
Jun-2026,MAMU MAKASSAR,OVERSIZE RAGLAN MAMU,RGL OS PUTIH-NAVY L,253975,1,0,0,50795,50795,304770
Jul-2026,MAMU MAKASSAR,OVERSIZE RAGLAN MAMU,RGL OS PUTIH-NAVY L,50795,0,0,0,50795,0,50795
Jan-2026,MAMU MAKASSAR,OVERSIZE RAGLAN MAMU,RGL OS PUTIH-NAVY M,558745,3,0,0,50795,152385,0
Feb-2026,MAMU MAKASSAR,OVERSIZE RAGLAN MAMU,RGL OS PUTIH-NAVY M,101590,1,0,0,50795,50795,152385
Mar-2026,MAMU MAKASSAR,OVERSIZE RAGLAN MAMU,RGL OS PUTIH-NAVY M,50795,0,0,0,50795,0,50795
Mar-2026,MAMU MAKASSAR,OVERSIZE RAGLAN MAMU,RGL OS PUTIH-NAVY S,152385,8,0,0,50795,406360,0
Apr-2026,MAMU MAKASSAR,OVERSIZE RAGLAN MAMU,RGL OS PUTIH-NAVY S,50795,7,0,0,50795,355565,406360
Mei-2026,MAMU MAKASSAR,OVERSIZE RAGLAN MAMU,RGL OS PUTIH-NAVY S,101590,5,0,0,50795,253975,355565
Jun-2026,MAMU MAKASSAR,OVERSIZE RAGLAN MAMU,RGL OS PUTIH-NAVY S,253975,0,0,0,50795,0,253975
Jan-2026,MAMU MAKASSAR,OVERSIZE RAGLAN MAMU,RGL OS PUTIH-NAVY XL,152385,11,0,0,50795,558745,0
Feb-2026,MAMU MAKASSAR,OVERSIZE RAGLAN MAMU,RGL OS PUTIH-NAVY XL,101590,9,0,0,50795,457155,558745
Mar-2026,MAMU MAKASSAR,OVERSIZE RAGLAN MAMU,RGL OS PUTIH-NAVY XL,253975,0,0,0,50795,0,457155
Jan-2026,MAMU MAKASSAR,OVERSIZE RAGLAN MAMU,RGL OS PUTIH-TOFFEE 2XL,53935,15,0,0,53935,809025,0
Feb-2026,MAMU MAKASSAR,OVERSIZE RAGLAN MAMU,RGL OS PUTIH-TOFFEE 2XL,53935,14,0,0,53935,755090,809025
Mar-2026,MAMU MAKASSAR,OVERSIZE RAGLAN MAMU,RGL OS PUTIH-TOFFEE 2XL,161805,8,0,0,53935,431480,755090
Apr-2026,MAMU MAKASSAR,OVERSIZE RAGLAN MAMU,RGL OS PUTIH-TOFFEE 2XL,215740,6,0,0,53935,323610,431480
Mei-2026,MAMU MAKASSAR,OVERSIZE RAGLAN MAMU,RGL OS PUTIH-TOFFEE 2XL,107870,4,0,0,53935,215740,323610
Jun-2026,MAMU MAKASSAR,OVERSIZE RAGLAN MAMU,RGL OS PUTIH-TOFFEE 2XL,53935,3,0,0,53935,161805,215740
Jul-2026,MAMU MAKASSAR,OVERSIZE RAGLAN MAMU,RGL OS PUTIH-TOFFEE 2XL,53935,2,0,0,53935,107870,161805
Agu-2026,MAMU MAKASSAR,OVERSIZE RAGLAN MAMU,RGL OS PUTIH-TOFFEE 2XL,53935,2,0,0,53935,107870,107870
Sep-2026,MAMU MAKASSAR,OVERSIZE RAGLAN MAMU,RGL OS PUTIH-TOFFEE 2XL,53935,0,0,0,53935,0,107870
Jan-2026,MAMU MAKASSAR,OVERSIZE RAGLAN MAMU,RGL OS PUTIH-TOFFEE L,107870,24,0,0,53935,1294440,0
Feb-2026,MAMU MAKASSAR,OVERSIZE RAGLAN MAMU,RGL OS PUTIH-TOFFEE L,53935,21,0,0,53935,1132635,1294440
Mar-2026,MAMU MAKASSAR,OVERSIZE RAGLAN MAMU,RGL OS PUTIH-TOFFEE L,647220,7,0,0,53935,377545,1132635
Apr-2026,MAMU MAKASSAR,OVERSIZE RAGLAN MAMU,RGL OS PUTIH-TOFFEE L,377545,0,0,0,53935,0,377545
Jan-2026,MAMU MAKASSAR,OVERSIZE RAGLAN MAMU,RGL OS PUTIH-TOFFEE M,269675,5,0,0,53935,269675,0
Feb-2026,MAMU MAKASSAR,OVERSIZE RAGLAN MAMU,RGL OS PUTIH-TOFFEE M,107870,3,0,0,53935,161805,269675
Mar-2026,MAMU MAKASSAR,OVERSIZE RAGLAN MAMU,RGL OS PUTIH-TOFFEE M,0,0,0,0,53935,0,161805
Jun-2026,MAMU MAKASSAR,OVERSIZE RAGLAN MAMU,RGL OS PUTIH-TOFFEE M,0,10,0,0,53935,539350,0
Jul-2026,MAMU MAKASSAR,OVERSIZE RAGLAN MAMU,RGL OS PUTIH-TOFFEE M,42981,10,0,0,53935,539350,539350
Agu-2026,MAMU MAKASSAR,OVERSIZE RAGLAN MAMU,RGL OS PUTIH-TOFFEE M,384680,4,0,0,53935,215740,539350
Sep-2026,MAMU MAKASSAR,OVERSIZE RAGLAN MAMU,RGL OS PUTIH-TOFFEE M,201438,2,0,0,53935,107870,215740
Okt-2026,MAMU MAKASSAR,OVERSIZE RAGLAN MAMU,RGL OS PUTIH-TOFFEE M,80088,2,0,0,53935,107870,107870
Mar-2026,MAMU MAKASSAR,OVERSIZE RAGLAN MAMU,RGL OS PUTIH-TOFFEE S,0,9,0,0,53935,485415,0
Apr-2026,MAMU MAKASSAR,OVERSIZE RAGLAN MAMU,RGL OS PUTIH-TOFFEE S,377545,2,0,0,53935,107870,485415
Mei-2026,MAMU MAKASSAR,OVERSIZE RAGLAN MAMU,RGL OS PUTIH-TOFFEE S,107870,0,0,0,53935,0,107870
Jun-2026,MAMU MAKASSAR,OVERSIZE RAGLAN MAMU,RGL OS PUTIH-TOFFEE S,0,5,0,0,53935,269675,0
Jul-2026,MAMU MAKASSAR,OVERSIZE RAGLAN MAMU,RGL OS PUTIH-TOFFEE S,0,5,0,0,53935,269675,269675
Agu-2026,MAMU MAKASSAR,OVERSIZE RAGLAN MAMU,RGL OS PUTIH-TOFFEE S,214905,0,0,0,53935,0,269675
Jan-2026,MAMU MAKASSAR,OVERSIZE RAGLAN MAMU,RGL OS PUTIH-TOFFEE XL,0,4,0,0,53935,215740,0
Feb-2026,MAMU MAKASSAR,OVERSIZE RAGLAN MAMU,RGL OS PUTIH-TOFFEE XL,161805,1,0,0,53935,53935,215740
Mar-2026,MAMU MAKASSAR,OVERSIZE RAGLAN MAMU,RGL OS PUTIH-TOFFEE XL,53935,0,0,0,53935,0,53935
Jun-2026,MAMU MAKASSAR,OVERSIZE RAGLAN MAMU,RGL OS PUTIH-TOFFEE XL,0,10,0,0,53935,539350,0
Jul-2026,MAMU MAKASSAR,OVERSIZE RAGLAN MAMU,RGL OS PUTIH-TOFFEE XL,0,10,0,0,53935,539350,539350
Agu-2026,MAMU MAKASSAR,OVERSIZE RAGLAN MAMU,RGL OS PUTIH-TOFFEE XL,0,10,0,0,53935,539350,539350
Sep-2026,MAMU MAKASSAR,OVERSIZE RAGLAN MAMU,RGL OS PUTIH-TOFFEE XL,128943,8,0,0,53935,431480,539350
Okt-2026,MAMU MAKASSAR,OVERSIZE RAGLAN MAMU,RGL OS PUTIH-TOFFEE XL,85962,5,0,0,53935,269675,431480
Jan-2026,MAMU PALOPO,OVERSIZE RAGLAN MAMU,RGL OS PUTIH-ARMY 2XL,0,4,0,0,50177,200708,0
Feb-2026,MAMU PALOPO,OVERSIZE RAGLAN MAMU,RGL OS PUTIH-ARMY 2XL,0,4,0,0,50177,200708,200708
Mar-2026,MAMU PALOPO,OVERSIZE RAGLAN MAMU,RGL OS PUTIH-ARMY 2XL,0,4,0,0,50177,200708,200708
Apr-2026,MAMU PALOPO,OVERSIZE RAGLAN MAMU,RGL OS PUTIH-ARMY 2XL,0,4,0,0,50177,200708,200708
Mei-2026,MAMU PALOPO,OVERSIZE RAGLAN MAMU,RGL OS PUTIH-ARMY 2XL,0,4,0,0,50177,200708,200708
Jun-2026,MAMU PALOPO,OVERSIZE RAGLAN MAMU,RGL OS PUTIH-ARMY 2XL,0,4,0,0,50177,200708,200708
Jul-2026,MAMU PALOPO,OVERSIZE RAGLAN MAMU,RGL OS PUTIH-ARMY 2XL,0,4,0,0,50177,200708,200708
Agu-2026,MAMU PALOPO,OVERSIZE RAGLAN MAMU,RGL OS PUTIH-ARMY 2XL,0,4,0,0,50177,200708,200708
Sep-2026,MAMU PALOPO,OVERSIZE RAGLAN MAMU,RGL OS PUTIH-ARMY 2XL,0,4,0,0,50177,200708,200708
Okt-2026,MAMU PALOPO,OVERSIZE RAGLAN MAMU,RGL OS PUTIH-ARMY 2XL,0,4,0,0,50177,200708,200708
Jan-2026,MAMU PALOPO,OVERSIZE RAGLAN MAMU,RGL OS PUTIH-ARMY L,0,9,0,0,50177,451593,0
Feb-2026,MAMU PALOPO,OVERSIZE RAGLAN MAMU,RGL OS PUTIH-ARMY L,0,9,0,0,50177,451593,451593
Mar-2026,MAMU PALOPO,OVERSIZE RAGLAN MAMU,RGL OS PUTIH-ARMY L,100354,7,0,0,50177,351239,451593
Apr-2026,MAMU PALOPO,OVERSIZE RAGLAN MAMU,RGL OS PUTIH-ARMY L,0,7,0,0,50177,351239,351239
Mei-2026,MAMU PALOPO,OVERSIZE RAGLAN MAMU,RGL OS PUTIH-ARMY L,0,7,0,0,50177,351239,351239
Jun-2026,MAMU PALOPO,OVERSIZE RAGLAN MAMU,RGL OS PUTIH-ARMY L,0,7,0,0,50177,351239,351239
Jul-2026,MAMU PALOPO,OVERSIZE RAGLAN MAMU,RGL OS PUTIH-ARMY L,0,7,0,0,50177,351239,351239
Agu-2026,MAMU PALOPO,OVERSIZE RAGLAN MAMU,RGL OS PUTIH-ARMY L,100354,6,0,0,50177,301062,351239
Sep-2026,MAMU PALOPO,OVERSIZE RAGLAN MAMU,RGL OS PUTIH-ARMY L,0,5,0,0,50177,250885,301062
Okt-2026,MAMU PALOPO,OVERSIZE RAGLAN MAMU,RGL OS PUTIH-ARMY L,0,5,0,0,50177,250885,250885
Jan-2026,MAMU PALOPO,OVERSIZE RAGLAN MAMU,RGL OS PUTIH-ARMY M,0,3,0,0,50177,150531,0
Feb-2026,MAMU PALOPO,OVERSIZE RAGLAN MAMU,RGL OS PUTIH-ARMY M,0,3,0,0,50177,150531,150531
Mar-2026,MAMU PALOPO,OVERSIZE RAGLAN MAMU,RGL OS PUTIH-ARMY M,50177,2,0,0,50177,100354,150531
Apr-2026,MAMU PALOPO,OVERSIZE RAGLAN MAMU,RGL OS PUTIH-ARMY M,50177,1,0,0,50177,50177,100354
Mei-2026,MAMU PALOPO,OVERSIZE RAGLAN MAMU,RGL OS PUTIH-ARMY M,50177,0,0,0,50177,0,50177
Jan-2026,MAMU PALOPO,OVERSIZE RAGLAN MAMU,RGL OS PUTIH-ARMY XL,0,4,0,0,50177,200708,0
Feb-2026,MAMU PALOPO,OVERSIZE RAGLAN MAMU,RGL OS PUTIH-ARMY XL,0,4,0,0,50177,200708,200708
Mar-2026,MAMU PALOPO,OVERSIZE RAGLAN MAMU,RGL OS PUTIH-ARMY XL,50177,3,0,0,50177,150531,200708
Apr-2026,MAMU PALOPO,OVERSIZE RAGLAN MAMU,RGL OS PUTIH-ARMY XL,0,3,0,0,50177,150531,150531
Mei-2026,MAMU PALOPO,OVERSIZE RAGLAN MAMU,RGL OS PUTIH-ARMY XL,0,3,0,0,50177,150531,150531
Jun-2026,MAMU PALOPO,OVERSIZE RAGLAN MAMU,RGL OS PUTIH-ARMY XL,0,3,0,0,50177,150531,150531
Jul-2026,MAMU PALOPO,OVERSIZE RAGLAN MAMU,RGL OS PUTIH-ARMY XL,50177,2,0,0,50177,100354,150531
Agu-2026,MAMU PALOPO,OVERSIZE RAGLAN MAMU,RGL OS PUTIH-ARMY XL,0,2,0,0,50177,100354,100354
Sep-2026,MAMU PALOPO,OVERSIZE RAGLAN MAMU,RGL OS PUTIH-ARMY XL,0,2,0,0,50177,100354,100354
Okt-2026,MAMU PALOPO,OVERSIZE RAGLAN MAMU,RGL OS PUTIH-ARMY XL,0,2,0,0,50177,100354,100354
Jan-2026,MAMU PALOPO,OVERSIZE RAGLAN MAMU,RGL OS PUTIH-JET BLACK 2XL,0,4,0,0,50881,203524,0
Feb-2026,MAMU PALOPO,OVERSIZE RAGLAN MAMU,RGL OS PUTIH-JET BLACK 2XL,0,4,0,0,50881,203524,203524
Mar-2026,MAMU PALOPO,OVERSIZE RAGLAN MAMU,RGL OS PUTIH-JET BLACK 2XL,101762,2,0,0,50881,101762,203524
Apr-2026,MAMU PALOPO,OVERSIZE RAGLAN MAMU,RGL OS PUTIH-JET BLACK 2XL,0,2,0,0,50881,101762,101762
Mei-2026,MAMU PALOPO,OVERSIZE RAGLAN MAMU,RGL OS PUTIH-JET BLACK 2XL,0,2,0,0,50881,101762,101762
Jun-2026,MAMU PALOPO,OVERSIZE RAGLAN MAMU,RGL OS PUTIH-JET BLACK 2XL,0,2,0,0,50881,101762,101762
Jul-2026,MAMU PALOPO,OVERSIZE RAGLAN MAMU,RGL OS PUTIH-JET BLACK 2XL,0,2,0,0,50881,101762,101762
Agu-2026,MAMU PALOPO,OVERSIZE RAGLAN MAMU,RGL OS PUTIH-JET BLACK 2XL,0,2,0,0,50881,101762,101762
Sep-2026,MAMU PALOPO,OVERSIZE RAGLAN MAMU,RGL OS PUTIH-JET BLACK 2XL,0,2,0,0,50881,101762,101762
Okt-2026,MAMU PALOPO,OVERSIZE RAGLAN MAMU,RGL OS PUTIH-JET BLACK 2XL,0,2,0,0,50881,101762,101762
Jan-2026,MAMU PALOPO,OVERSIZE RAGLAN MAMU,RGL OS PUTIH-JET BLACK L,50881,6,0,0,50881,305286,0
Feb-2026,MAMU PALOPO,OVERSIZE RAGLAN MAMU,RGL OS PUTIH-JET BLACK L,0,6,0,0,50881,305286,305286
Mar-2026,MAMU PALOPO,OVERSIZE RAGLAN MAMU,RGL OS PUTIH-JET BLACK L,0,6,0,0,50881,305286,305286
Apr-2026,MAMU PALOPO,OVERSIZE RAGLAN MAMU,RGL OS PUTIH-JET BLACK L,0,6,0,0,50881,305286,305286
Mei-2026,MAMU PALOPO,OVERSIZE RAGLAN MAMU,RGL OS PUTIH-JET BLACK L,50881,5,0,0,50881,254405,305286
Jun-2026,MAMU PALOPO,OVERSIZE RAGLAN MAMU,RGL OS PUTIH-JET BLACK L,0,5,0,0,50881,254405,254405
Jul-2026,MAMU PALOPO,OVERSIZE RAGLAN MAMU,RGL OS PUTIH-JET BLACK L,0,5,0,0,50881,254405,254405
Agu-2026,MAMU PALOPO,OVERSIZE RAGLAN MAMU,RGL OS PUTIH-JET BLACK L,0,5,0,0,50881,254405,254405
Sep-2026,MAMU PALOPO,OVERSIZE RAGLAN MAMU,RGL OS PUTIH-JET BLACK L,0,5,0,0,50881,254405,254405
Okt-2026,MAMU PALOPO,OVERSIZE RAGLAN MAMU,RGL OS PUTIH-JET BLACK L,0,5,0,0,50881,254405,254405
Jan-2026,MAMU PALOPO,OVERSIZE RAGLAN MAMU,RGL OS PUTIH-JET BLACK M,0,4,0,0,50881,203524,0
Feb-2026,MAMU PALOPO,OVERSIZE RAGLAN MAMU,RGL OS PUTIH-JET BLACK M,0,4,0,0,50881,203524,203524
Mar-2026,MAMU PALOPO,OVERSIZE RAGLAN MAMU,RGL OS PUTIH-JET BLACK M,50881,3,0,0,50881,152643,203524
Apr-2026,MAMU PALOPO,OVERSIZE RAGLAN MAMU,RGL OS PUTIH-JET BLACK M,0,3,0,0,50881,152643,152643
Mei-2026,MAMU PALOPO,OVERSIZE RAGLAN MAMU,RGL OS PUTIH-JET BLACK M,0,3,0,0,50881,152643,152643
Jun-2026,MAMU PALOPO,OVERSIZE RAGLAN MAMU,RGL OS PUTIH-JET BLACK M,0,3,0,0,50881,152643,152643
Jul-2026,MAMU PALOPO,OVERSIZE RAGLAN MAMU,RGL OS PUTIH-JET BLACK M,0,3,0,0,50881,152643,152643
Agu-2026,MAMU PALOPO,OVERSIZE RAGLAN MAMU,RGL OS PUTIH-JET BLACK M,101762,1,0,0,50881,50881,152643
Sep-2026,MAMU PALOPO,OVERSIZE RAGLAN MAMU,RGL OS PUTIH-JET BLACK M,47472,2,0,0,50881,101762,50881
Okt-2026,MAMU PALOPO,OVERSIZE RAGLAN MAMU,RGL OS PUTIH-JET BLACK M,0,2,0,0,50881,101762,101762
Jan-2026,MAMU PALOPO,OVERSIZE RAGLAN MAMU,RGL OS PUTIH-JET BLACK XL,0,4,0,0,50881,203524,0
Feb-2026,MAMU PALOPO,OVERSIZE RAGLAN MAMU,RGL OS PUTIH-JET BLACK XL,0,4,0,0,50881,203524,203524
Mar-2026,MAMU PALOPO,OVERSIZE RAGLAN MAMU,RGL OS PUTIH-JET BLACK XL,50881,3,0,0,50881,152643,203524
Apr-2026,MAMU PALOPO,OVERSIZE RAGLAN MAMU,RGL OS PUTIH-JET BLACK XL,0,3,0,0,50881,152643,152643
Mei-2026,MAMU PALOPO,OVERSIZE RAGLAN MAMU,RGL OS PUTIH-JET BLACK XL,0,3,0,0,50881,152643,152643
Jun-2026,MAMU PALOPO,OVERSIZE RAGLAN MAMU,RGL OS PUTIH-JET BLACK XL,0,3,0,0,50881,152643,152643
Jul-2026,MAMU PALOPO,OVERSIZE RAGLAN MAMU,RGL OS PUTIH-JET BLACK XL,0,3,0,0,50881,152643,152643
Agu-2026,MAMU PALOPO,OVERSIZE RAGLAN MAMU,RGL OS PUTIH-JET BLACK XL,0,3,0,0,50881,152643,152643
Sep-2026,MAMU PALOPO,OVERSIZE RAGLAN MAMU,RGL OS PUTIH-JET BLACK XL,0,3,0,0,50881,152643,152643
Okt-2026,MAMU PALOPO,OVERSIZE RAGLAN MAMU,RGL OS PUTIH-JET BLACK XL,0,3,0,0,50881,152643,152643
Jan-2026,MAMU PALOPO,OVERSIZE RAGLAN MAMU,RGL OS PUTIH-NAVY 2XL,0,5,0,0,50795,253975,0
Feb-2026,MAMU PALOPO,OVERSIZE RAGLAN MAMU,RGL OS PUTIH-NAVY 2XL,0,5,0,0,50795,253975,253975
Mar-2026,MAMU PALOPO,OVERSIZE RAGLAN MAMU,RGL OS PUTIH-NAVY 2XL,0,5,0,0,50795,253975,253975
Apr-2026,MAMU PALOPO,OVERSIZE RAGLAN MAMU,RGL OS PUTIH-NAVY 2XL,0,5,0,0,50795,253975,253975
Mei-2026,MAMU PALOPO,OVERSIZE RAGLAN MAMU,RGL OS PUTIH-NAVY 2XL,0,5,0,0,50795,253975,253975
Jun-2026,MAMU PALOPO,OVERSIZE RAGLAN MAMU,RGL OS PUTIH-NAVY 2XL,0,5,0,0,50795,253975,253975
Jul-2026,MAMU PALOPO,OVERSIZE RAGLAN MAMU,RGL OS PUTIH-NAVY 2XL,0,5,0,0,50795,253975,253975
Agu-2026,MAMU PALOPO,OVERSIZE RAGLAN MAMU,RGL OS PUTIH-NAVY 2XL,0,5,0,0,50795,253975,253975
Sep-2026,MAMU PALOPO,OVERSIZE RAGLAN MAMU,RGL OS PUTIH-NAVY 2XL,0,5,0,0,50795,253975,253975
Okt-2026,MAMU PALOPO,OVERSIZE RAGLAN MAMU,RGL OS PUTIH-NAVY 2XL,0,5,0,0,50795,253975,253975
Jan-2026,MAMU PALOPO,OVERSIZE RAGLAN MAMU,RGL OS PUTIH-NAVY L,0,8,0,0,50795,406360,0
Feb-2026,MAMU PALOPO,OVERSIZE RAGLAN MAMU,RGL OS PUTIH-NAVY L,0,8,0,0,50795,406360,406360
Mar-2026,MAMU PALOPO,OVERSIZE RAGLAN MAMU,RGL OS PUTIH-NAVY L,101590,6,0,0,50795,304770,406360
Apr-2026,MAMU PALOPO,OVERSIZE RAGLAN MAMU,RGL OS PUTIH-NAVY L,0,6,0,0,50795,304770,304770
Mei-2026,MAMU PALOPO,OVERSIZE RAGLAN MAMU,RGL OS PUTIH-NAVY L,50795,5,0,0,50795,253975,304770
Jun-2026,MAMU PALOPO,OVERSIZE RAGLAN MAMU,RGL OS PUTIH-NAVY L,0,5,0,0,50795,253975,253975
Jul-2026,MAMU PALOPO,OVERSIZE RAGLAN MAMU,RGL OS PUTIH-NAVY L,0,5,0,0,50795,253975,253975
Agu-2026,MAMU PALOPO,OVERSIZE RAGLAN MAMU,RGL OS PUTIH-NAVY L,0,5,0,0,50795,253975,253975
Sep-2026,MAMU PALOPO,OVERSIZE RAGLAN MAMU,RGL OS PUTIH-NAVY L,50795,4,0,0,50795,203180,253975
Okt-2026,MAMU PALOPO,OVERSIZE RAGLAN MAMU,RGL OS PUTIH-NAVY L,50795,3,0,0,50795,152385,203180
Jan-2026,MAMU PALOPO,OVERSIZE RAGLAN MAMU,RGL OS PUTIH-NAVY M,0,4,0,0,50795,203180,0
Feb-2026,MAMU PALOPO,OVERSIZE RAGLAN MAMU,RGL OS PUTIH-NAVY M,0,4,0,0,50795,203180,203180
Mar-2026,MAMU PALOPO,OVERSIZE RAGLAN MAMU,RGL OS PUTIH-NAVY M,152385,1,0,0,50795,50795,203180
Apr-2026,MAMU PALOPO,OVERSIZE RAGLAN MAMU,RGL OS PUTIH-NAVY M,0,1,0,0,50795,50795,50795
Mei-2026,MAMU PALOPO,OVERSIZE RAGLAN MAMU,RGL OS PUTIH-NAVY M,0,1,0,0,50795,50795,50795
Jun-2026,MAMU PALOPO,OVERSIZE RAGLAN MAMU,RGL OS PUTIH-NAVY M,50795,0,0,0,50795,0,50795
Jan-2026,MAMU PALOPO,OVERSIZE RAGLAN MAMU,RGL OS PUTIH-NAVY XL,0,4,0,0,50795,203180,0
Feb-2026,MAMU PALOPO,OVERSIZE RAGLAN MAMU,RGL OS PUTIH-NAVY XL,0,4,0,0,50795,203180,203180
Mar-2026,MAMU PALOPO,OVERSIZE RAGLAN MAMU,RGL OS PUTIH-NAVY XL,0,4,0,0,50795,203180,203180
Apr-2026,MAMU PALOPO,OVERSIZE RAGLAN MAMU,RGL OS PUTIH-NAVY XL,0,4,0,0,50795,203180,203180
Mei-2026,MAMU PALOPO,OVERSIZE RAGLAN MAMU,RGL OS PUTIH-NAVY XL,0,4,0,0,50795,203180,203180
Jun-2026,MAMU PALOPO,OVERSIZE RAGLAN MAMU,RGL OS PUTIH-NAVY XL,101590,2,0,0,50795,101590,203180
Jul-2026,MAMU PALOPO,OVERSIZE RAGLAN MAMU,RGL OS PUTIH-NAVY XL,0,2,0,0,50795,101590,101590
Agu-2026,MAMU PALOPO,OVERSIZE RAGLAN MAMU,RGL OS PUTIH-NAVY XL,0,2,0,0,50795,101590,101590
Sep-2026,MAMU PALOPO,OVERSIZE RAGLAN MAMU,RGL OS PUTIH-NAVY XL,0,2,0,0,50795,101590,101590
Okt-2026,MAMU PALOPO,OVERSIZE RAGLAN MAMU,RGL OS PUTIH-NAVY XL,0,2,0,0,50795,101590,101590
Jan-2026,MAMU PALOPO,OVERSIZE RAGLAN MAMU,RGL OS PUTIH-TOFFEE 2XL,0,5,0,0,53935,269675,0
Feb-2026,MAMU PALOPO,OVERSIZE RAGLAN MAMU,RGL OS PUTIH-TOFFEE 2XL,0,5,0,0,53935,269675,269675
Mar-2026,MAMU PALOPO,OVERSIZE RAGLAN MAMU,RGL OS PUTIH-TOFFEE 2XL,0,5,0,0,53935,269675,269675
Apr-2026,MAMU PALOPO,OVERSIZE RAGLAN MAMU,RGL OS PUTIH-TOFFEE 2XL,0,5,0,0,53935,269675,269675
Mei-2026,MAMU PALOPO,OVERSIZE RAGLAN MAMU,RGL OS PUTIH-TOFFEE 2XL,0,5,0,0,53935,269675,269675
Jun-2026,MAMU PALOPO,OVERSIZE RAGLAN MAMU,RGL OS PUTIH-TOFFEE 2XL,0,5,0,0,53935,269675,269675
Jul-2026,MAMU PALOPO,OVERSIZE RAGLAN MAMU,RGL OS PUTIH-TOFFEE 2XL,0,5,0,0,53935,269675,269675
Agu-2026,MAMU PALOPO,OVERSIZE RAGLAN MAMU,RGL OS PUTIH-TOFFEE 2XL,0,5,0,0,53935,269675,269675
Sep-2026,MAMU PALOPO,OVERSIZE RAGLAN MAMU,RGL OS PUTIH-TOFFEE 2XL,0,5,0,0,53935,269675,269675
Okt-2026,MAMU PALOPO,OVERSIZE RAGLAN MAMU,RGL OS PUTIH-TOFFEE 2XL,53935,5,0,0,53935,269675,269675
Jan-2026,MAMU PALOPO,OVERSIZE RAGLAN MAMU,RGL OS PUTIH-TOFFEE L,53935,7,0,0,53935,377545,0
Feb-2026,MAMU PALOPO,OVERSIZE RAGLAN MAMU,RGL OS PUTIH-TOFFEE L,0,7,0,0,53935,377545,377545
Mar-2026,MAMU PALOPO,OVERSIZE RAGLAN MAMU,RGL OS PUTIH-TOFFEE L,161805,4,0,0,53935,215740,377545
Apr-2026,MAMU PALOPO,OVERSIZE RAGLAN MAMU,RGL OS PUTIH-TOFFEE L,53935,4,0,0,53935,215740,215740
Mei-2026,MAMU PALOPO,OVERSIZE RAGLAN MAMU,RGL OS PUTIH-TOFFEE L,0,3,0,0,53935,161805,215740
Jun-2026,MAMU PALOPO,OVERSIZE RAGLAN MAMU,RGL OS PUTIH-TOFFEE L,0,3,0,0,53935,161805,161805
Jul-2026,MAMU PALOPO,OVERSIZE RAGLAN MAMU,RGL OS PUTIH-TOFFEE L,0,3,0,0,53935,161805,161805
Agu-2026,MAMU PALOPO,OVERSIZE RAGLAN MAMU,RGL OS PUTIH-TOFFEE L,0,3,0,0,53935,161805,161805
Sep-2026,MAMU PALOPO,OVERSIZE RAGLAN MAMU,RGL OS PUTIH-TOFFEE L,53935,2,0,0,53935,107870,161805
Okt-2026,MAMU PALOPO,OVERSIZE RAGLAN MAMU,RGL OS PUTIH-TOFFEE L,0,2,0,0,53935,107870,107870
Jan-2026,MAMU PALOPO,OVERSIZE RAGLAN MAMU,RGL OS PUTIH-TOFFEE M,0,3,0,0,53935,161805,0
Feb-2026,MAMU PALOPO,OVERSIZE RAGLAN MAMU,RGL OS PUTIH-TOFFEE M,53935,2,0,0,53935,107870,161805
Mar-2026,MAMU PALOPO,OVERSIZE RAGLAN MAMU,RGL OS PUTIH-TOFFEE M,107870,0,0,0,53935,0,107870
Agu-2026,MAMU PALOPO,OVERSIZE RAGLAN MAMU,RGL OS PUTIH-TOFFEE M,42981,5,0,0,53935,269675,0
Sep-2026,MAMU PALOPO,OVERSIZE RAGLAN MAMU,RGL OS PUTIH-TOFFEE M,0,5,0,0,53935,269675,269675
Okt-2026,MAMU PALOPO,OVERSIZE RAGLAN MAMU,RGL OS PUTIH-TOFFEE M,0,5,0,0,53935,269675,269675
Jan-2026,MAMU PALOPO,OVERSIZE RAGLAN MAMU,RGL OS PUTIH-TOFFEE XL,0,3,0,0,53935,161805,0
Feb-2026,MAMU PALOPO,OVERSIZE RAGLAN MAMU,RGL OS PUTIH-TOFFEE XL,0,3,0,0,53935,161805,161805
Mar-2026,MAMU PALOPO,OVERSIZE RAGLAN MAMU,RGL OS PUTIH-TOFFEE XL,0,3,0,0,53935,161805,161805
Apr-2026,MAMU PALOPO,OVERSIZE RAGLAN MAMU,RGL OS PUTIH-TOFFEE XL,53935,3,0,0,53935,161805,161805
Mei-2026,MAMU PALOPO,OVERSIZE RAGLAN MAMU,RGL OS PUTIH-TOFFEE XL,0,2,0,0,53935,107870,161805
Jun-2026,MAMU PALOPO,OVERSIZE RAGLAN MAMU,RGL OS PUTIH-TOFFEE XL,0,2,0,0,53935,107870,107870
Jul-2026,MAMU PALOPO,OVERSIZE RAGLAN MAMU,RGL OS PUTIH-TOFFEE XL,0,2,0,0,53935,107870,107870
Agu-2026,MAMU PALOPO,OVERSIZE RAGLAN MAMU,RGL OS PUTIH-TOFFEE XL,0,3,0,0,53935,161805,107870
Sep-2026,MAMU PALOPO,OVERSIZE RAGLAN MAMU,RGL OS PUTIH-TOFFEE XL,0,3,0,0,53935,161805,161805
Okt-2026,MAMU PALOPO,OVERSIZE RAGLAN MAMU,RGL OS PUTIH-TOFFEE XL,0,3,0,0,53935,161805,161805
Jan-2026,MAMU TSM,OVERSIZE RAGLAN MAMU,RGL OS PUTIH-ARMY L,150531,1,0,0,50177,50177,0
Feb-2026,MAMU TSM,OVERSIZE RAGLAN MAMU,RGL OS PUTIH-ARMY L,50177,0,0,0,50177,0,50177
Mar-2026,MAMU TSM,OVERSIZE RAGLAN MAMU,RGL OS PUTIH-ARMY L,200708,0,0,0,50177,0,0
Jan-2026,MAMU TSM,OVERSIZE RAGLAN MAMU,RGL OS PUTIH-JET BLACK 2XL,50881,1,0,0,50881,50881,0
Feb-2026,MAMU TSM,OVERSIZE RAGLAN MAMU,RGL OS PUTIH-JET BLACK 2XL,0,1,0,0,50881,50881,50881
Mar-2026,MAMU TSM,OVERSIZE RAGLAN MAMU,RGL OS PUTIH-JET BLACK 2XL,101762,2,0,0,50881,101762,50881
Apr-2026,MAMU TSM,OVERSIZE RAGLAN MAMU,RGL OS PUTIH-JET BLACK 2XL,0,0,0,0,50881,0,101762
Jan-2026,MAMU TSM,OVERSIZE RAGLAN MAMU,RGL OS PUTIH-JET BLACK L,101762,0,0,0,50881,0,0
Feb-2026,MAMU TSM,OVERSIZE RAGLAN MAMU,RGL OS PUTIH-JET BLACK L,0,2,0,0,50881,101762,0
Mar-2026,MAMU TSM,OVERSIZE RAGLAN MAMU,RGL OS PUTIH-JET BLACK L,203524,0,0,0,50881,0,101762
Feb-2026,MAMU TSM,OVERSIZE RAGLAN MAMU,RGL OS PUTIH-JET BLACK S,0,2,0,0,50881,101762,0
Mar-2026,MAMU TSM,OVERSIZE RAGLAN MAMU,RGL OS PUTIH-JET BLACK S,203524,0,0,0,50881,0,101762
Jan-2026,MAMU TSM,OVERSIZE RAGLAN MAMU,RGL OS PUTIH-JET BLACK XL,50881,0,0,0,50881,0,0
Jan-2026,MAMU TSM,OVERSIZE RAGLAN MAMU,RGL OS PUTIH-NAVY 2XL,50795,1,0,0,50795,50795,0
Feb-2026,MAMU TSM,OVERSIZE RAGLAN MAMU,RGL OS PUTIH-NAVY 2XL,0,1,0,0,50795,50795,50795
Mar-2026,MAMU TSM,OVERSIZE RAGLAN MAMU,RGL OS PUTIH-NAVY 2XL,0,1,0,0,50795,50795,50795
Apr-2026,MAMU TSM,OVERSIZE RAGLAN MAMU,RGL OS PUTIH-NAVY 2XL,0,0,0,0,50795,0,50795
Jan-2026,MAMU TSM,OVERSIZE RAGLAN MAMU,RGL OS PUTIH-NAVY L,101590,0,0,0,50795,0,0
Feb-2026,MAMU TSM,OVERSIZE RAGLAN MAMU,RGL OS PUTIH-NAVY L,50795,2,0,0,50795,101590,0
Mar-2026,MAMU TSM,OVERSIZE RAGLAN MAMU,RGL OS PUTIH-NAVY L,152385,0,0,0,50795,0,101590
Mar-2026,MAMU TSM,OVERSIZE RAGLAN MAMU,RGL OS PUTIH-NAVY S,50795,0,0,0,50795,0,0
Mar-2026,MAMU TSM,OVERSIZE RAGLAN MAMU,RGL OS PUTIH-NAVY XL,203180,0,0,0,50795,0,0
Jan-2026,MAMU TSM,OVERSIZE RAGLAN MAMU,RGL OS PUTIH-TOFFEE 2XL,53935,1,0,0,53935,53935,0
Feb-2026,MAMU TSM,OVERSIZE RAGLAN MAMU,RGL OS PUTIH-TOFFEE 2XL,53935,0,0,0,53935,0,53935
Mar-2026,MAMU TSM,OVERSIZE RAGLAN MAMU,RGL OS PUTIH-TOFFEE 2XL,53935,2,0,0,53935,107870,0
Apr-2026,MAMU TSM,OVERSIZE RAGLAN MAMU,RGL OS PUTIH-TOFFEE 2XL,0,0,0,0,53935,0,107870
Jan-2026,MAMU TSM,OVERSIZE RAGLAN MAMU,RGL OS PUTIH-TOFFEE L,0,1,0,0,53935,53935,0
Feb-2026,MAMU TSM,OVERSIZE RAGLAN MAMU,RGL OS PUTIH-TOFFEE L,107870,2,0,0,53935,107870,53935
Mar-2026,MAMU TSM,OVERSIZE RAGLAN MAMU,RGL OS PUTIH-TOFFEE L,161805,0,0,0,53935,0,107870
Mar-2026,MAMU TSM,OVERSIZE RAGLAN MAMU,RGL OS PUTIH-TOFFEE M,53935,0,0,0,53935,0,0
Mar-2026,MAMU TSM,OVERSIZE RAGLAN MAMU,RGL OS PUTIH-TOFFEE S,107870,0,0,0,53935,0,0
Jan-2026,MAMU TSM,OVERSIZE RAGLAN MAMU,RGL OS PUTIH-TOFFEE XL,53935,0,0,0,53935,0,0
Jan-2026,TIGALAPANKAOS BONE,OVERSIZE RAGLAN MAMU,RGL OS PUTIH-ARMY 2XL,0,5,0,0,50177,250885,0
Feb-2026,TIGALAPANKAOS BONE,OVERSIZE RAGLAN MAMU,RGL OS PUTIH-ARMY 2XL,0,5,0,0,50177,250885,250885
Mar-2026,TIGALAPANKAOS BONE,OVERSIZE RAGLAN MAMU,RGL OS PUTIH-ARMY 2XL,0,5,0,0,50177,250885,250885
Apr-2026,TIGALAPANKAOS BONE,OVERSIZE RAGLAN MAMU,RGL OS PUTIH-ARMY 2XL,0,5,0,0,50177,250885,250885
Mei-2026,TIGALAPANKAOS BONE,OVERSIZE RAGLAN MAMU,RGL OS PUTIH-ARMY 2XL,0,5,0,0,50177,250885,250885
Jun-2026,TIGALAPANKAOS BONE,OVERSIZE RAGLAN MAMU,RGL OS PUTIH-ARMY 2XL,50177,4,0,0,50177,200708,250885
Jul-2026,TIGALAPANKAOS BONE,OVERSIZE RAGLAN MAMU,RGL OS PUTIH-ARMY 2XL,0,4,0,0,50177,200708,200708
Agu-2026,TIGALAPANKAOS BONE,OVERSIZE RAGLAN MAMU,RGL OS PUTIH-ARMY 2XL,0,4,0,0,50177,200708,200708
Sep-2026,TIGALAPANKAOS BONE,OVERSIZE RAGLAN MAMU,RGL OS PUTIH-ARMY 2XL,0,4,0,0,50177,200708,200708
Okt-2026,TIGALAPANKAOS BONE,OVERSIZE RAGLAN MAMU,RGL OS PUTIH-ARMY 2XL,0,4,0,0,50177,200708,200708
Jan-2026,TIGALAPANKAOS BONE,OVERSIZE RAGLAN MAMU,RGL OS PUTIH-ARMY L,0,9,0,0,50177,451593,0
Feb-2026,TIGALAPANKAOS BONE,OVERSIZE RAGLAN MAMU,RGL OS PUTIH-ARMY L,0,9,0,0,50177,451593,451593
Mar-2026,TIGALAPANKAOS BONE,OVERSIZE RAGLAN MAMU,RGL OS PUTIH-ARMY L,50177,8,0,0,50177,401416,451593
Apr-2026,TIGALAPANKAOS BONE,OVERSIZE RAGLAN MAMU,RGL OS PUTIH-ARMY L,0,8,0,0,50177,401416,401416
Mei-2026,TIGALAPANKAOS BONE,OVERSIZE RAGLAN MAMU,RGL OS PUTIH-ARMY L,0,8,0,0,50177,401416,401416
Jun-2026,TIGALAPANKAOS BONE,OVERSIZE RAGLAN MAMU,RGL OS PUTIH-ARMY L,0,8,0,0,50177,401416,401416
Jul-2026,TIGALAPANKAOS BONE,OVERSIZE RAGLAN MAMU,RGL OS PUTIH-ARMY L,0,8,0,0,50177,401416,401416
Agu-2026,TIGALAPANKAOS BONE,OVERSIZE RAGLAN MAMU,RGL OS PUTIH-ARMY L,0,8,0,0,50177,401416,401416
Sep-2026,TIGALAPANKAOS BONE,OVERSIZE RAGLAN MAMU,RGL OS PUTIH-ARMY L,0,8,0,0,50177,401416,401416
Okt-2026,TIGALAPANKAOS BONE,OVERSIZE RAGLAN MAMU,RGL OS PUTIH-ARMY L,0,8,0,0,50177,401416,401416
Jan-2026,TIGALAPANKAOS BONE,OVERSIZE RAGLAN MAMU,RGL OS PUTIH-ARMY M,0,5,0,0,50177,250885,0
Feb-2026,TIGALAPANKAOS BONE,OVERSIZE RAGLAN MAMU,RGL OS PUTIH-ARMY M,0,5,0,0,50177,250885,250885
Mar-2026,TIGALAPANKAOS BONE,OVERSIZE RAGLAN MAMU,RGL OS PUTIH-ARMY M,0,5,0,0,50177,250885,250885
Apr-2026,TIGALAPANKAOS BONE,OVERSIZE RAGLAN MAMU,RGL OS PUTIH-ARMY M,0,5,0,0,50177,250885,250885
Mei-2026,TIGALAPANKAOS BONE,OVERSIZE RAGLAN MAMU,RGL OS PUTIH-ARMY M,0,5,0,0,50177,250885,250885
Jun-2026,TIGALAPANKAOS BONE,OVERSIZE RAGLAN MAMU,RGL OS PUTIH-ARMY M,0,5,0,0,50177,250885,250885
Jul-2026,TIGALAPANKAOS BONE,OVERSIZE RAGLAN MAMU,RGL OS PUTIH-ARMY M,0,5,0,0,50177,250885,250885
Agu-2026,TIGALAPANKAOS BONE,OVERSIZE RAGLAN MAMU,RGL OS PUTIH-ARMY M,0,5,0,0,50177,250885,250885
Sep-2026,TIGALAPANKAOS BONE,OVERSIZE RAGLAN MAMU,RGL OS PUTIH-ARMY M,0,5,0,0,50177,250885,250885
Okt-2026,TIGALAPANKAOS BONE,OVERSIZE RAGLAN MAMU,RGL OS PUTIH-ARMY M,0,5,0,0,50177,250885,250885
Jan-2026,TIGALAPANKAOS BONE,OVERSIZE RAGLAN MAMU,RGL OS PUTIH-ARMY XL,0,5,0,0,50177,250885,0
Feb-2026,TIGALAPANKAOS BONE,OVERSIZE RAGLAN MAMU,RGL OS PUTIH-ARMY XL,50177,4,0,0,50177,200708,250885
Mar-2026,TIGALAPANKAOS BONE,OVERSIZE RAGLAN MAMU,RGL OS PUTIH-ARMY XL,0,4,0,0,50177,200708,200708
Apr-2026,TIGALAPANKAOS BONE,OVERSIZE RAGLAN MAMU,RGL OS PUTIH-ARMY XL,0,4,0,0,50177,200708,200708
Mei-2026,TIGALAPANKAOS BONE,OVERSIZE RAGLAN MAMU,RGL OS PUTIH-ARMY XL,0,4,0,0,50177,200708,200708
Jun-2026,TIGALAPANKAOS BONE,OVERSIZE RAGLAN MAMU,RGL OS PUTIH-ARMY XL,0,4,0,0,50177,200708,200708
Jul-2026,TIGALAPANKAOS BONE,OVERSIZE RAGLAN MAMU,RGL OS PUTIH-ARMY XL,0,4,0,0,50177,200708,200708
Agu-2026,TIGALAPANKAOS BONE,OVERSIZE RAGLAN MAMU,RGL OS PUTIH-ARMY XL,0,4,0,0,50177,200708,200708
Sep-2026,TIGALAPANKAOS BONE,OVERSIZE RAGLAN MAMU,RGL OS PUTIH-ARMY XL,0,4,0,0,50177,200708,200708
Okt-2026,TIGALAPANKAOS BONE,OVERSIZE RAGLAN MAMU,RGL OS PUTIH-ARMY XL,0,4,0,0,50177,200708,200708
Jan-2026,TIGALAPANKAOS BONE,OVERSIZE RAGLAN MAMU,RGL OS PUTIH-JET BLACK 2XL,0,5,0,0,50881,254405,0
Feb-2026,TIGALAPANKAOS BONE,OVERSIZE RAGLAN MAMU,RGL OS PUTIH-JET BLACK 2XL,0,5,0,0,50881,254405,254405
Mar-2026,TIGALAPANKAOS BONE,OVERSIZE RAGLAN MAMU,RGL OS PUTIH-JET BLACK 2XL,0,5,0,0,50881,254405,254405
Apr-2026,TIGALAPANKAOS BONE,OVERSIZE RAGLAN MAMU,RGL OS PUTIH-JET BLACK 2XL,0,5,0,0,50881,254405,254405
Mei-2026,TIGALAPANKAOS BONE,OVERSIZE RAGLAN MAMU,RGL OS PUTIH-JET BLACK 2XL,0,5,0,0,50881,254405,254405
Jun-2026,TIGALAPANKAOS BONE,OVERSIZE RAGLAN MAMU,RGL OS PUTIH-JET BLACK 2XL,0,5,0,0,50881,254405,254405
Jul-2026,TIGALAPANKAOS BONE,OVERSIZE RAGLAN MAMU,RGL OS PUTIH-JET BLACK 2XL,101762,3,0,0,50881,152643,254405
Agu-2026,TIGALAPANKAOS BONE,OVERSIZE RAGLAN MAMU,RGL OS PUTIH-JET BLACK 2XL,0,3,0,0,50881,152643,152643
Sep-2026,TIGALAPANKAOS BONE,OVERSIZE RAGLAN MAMU,RGL OS PUTIH-JET BLACK 2XL,0,3,0,0,50881,152643,152643
Okt-2026,TIGALAPANKAOS BONE,OVERSIZE RAGLAN MAMU,RGL OS PUTIH-JET BLACK 2XL,0,3,0,0,50881,152643,152643
Jan-2026,TIGALAPANKAOS BONE,OVERSIZE RAGLAN MAMU,RGL OS PUTIH-JET BLACK L,0,8,0,0,50881,407048,0
Feb-2026,TIGALAPANKAOS BONE,OVERSIZE RAGLAN MAMU,RGL OS PUTIH-JET BLACK L,50881,7,0,0,50881,356167,407048
Mar-2026,TIGALAPANKAOS BONE,OVERSIZE RAGLAN MAMU,RGL OS PUTIH-JET BLACK L,0,7,0,0,50881,356167,356167
Apr-2026,TIGALAPANKAOS BONE,OVERSIZE RAGLAN MAMU,RGL OS PUTIH-JET BLACK L,0,7,0,0,50881,356167,356167
Mei-2026,TIGALAPANKAOS BONE,OVERSIZE RAGLAN MAMU,RGL OS PUTIH-JET BLACK L,50881,6,0,0,50881,305286,356167
Jun-2026,TIGALAPANKAOS BONE,OVERSIZE RAGLAN MAMU,RGL OS PUTIH-JET BLACK L,0,6,0,0,50881,305286,305286
Jul-2026,TIGALAPANKAOS BONE,OVERSIZE RAGLAN MAMU,RGL OS PUTIH-JET BLACK L,0,6,0,0,50881,305286,305286
Agu-2026,TIGALAPANKAOS BONE,OVERSIZE RAGLAN MAMU,RGL OS PUTIH-JET BLACK L,0,6,0,0,50881,305286,305286
Sep-2026,TIGALAPANKAOS BONE,OVERSIZE RAGLAN MAMU,RGL OS PUTIH-JET BLACK L,101762,4,0,0,50881,203524,305286
Okt-2026,TIGALAPANKAOS BONE,OVERSIZE RAGLAN MAMU,RGL OS PUTIH-JET BLACK L,0,4,0,0,50881,203524,203524
Jan-2026,TIGALAPANKAOS BONE,OVERSIZE RAGLAN MAMU,RGL OS PUTIH-JET BLACK M,0,5,0,0,50881,254405,0
Feb-2026,TIGALAPANKAOS BONE,OVERSIZE RAGLAN MAMU,RGL OS PUTIH-JET BLACK M,0,5,0,0,50881,254405,254405
Mar-2026,TIGALAPANKAOS BONE,OVERSIZE RAGLAN MAMU,RGL OS PUTIH-JET BLACK M,50881,4,0,0,50881,203524,254405
Apr-2026,TIGALAPANKAOS BONE,OVERSIZE RAGLAN MAMU,RGL OS PUTIH-JET BLACK M,0,4,0,0,50881,203524,203524
Mei-2026,TIGALAPANKAOS BONE,OVERSIZE RAGLAN MAMU,RGL OS PUTIH-JET BLACK M,0,4,0,0,50881,203524,203524
Jun-2026,TIGALAPANKAOS BONE,OVERSIZE RAGLAN MAMU,RGL OS PUTIH-JET BLACK M,0,4,0,0,50881,203524,203524
Jul-2026,TIGALAPANKAOS BONE,OVERSIZE RAGLAN MAMU,RGL OS PUTIH-JET BLACK M,0,4,0,0,50881,203524,203524
Agu-2026,TIGALAPANKAOS BONE,OVERSIZE RAGLAN MAMU,RGL OS PUTIH-JET BLACK M,0,4,0,0,50881,203524,203524
Sep-2026,TIGALAPANKAOS BONE,OVERSIZE RAGLAN MAMU,RGL OS PUTIH-JET BLACK M,0,4,0,0,50881,203524,203524
Okt-2026,TIGALAPANKAOS BONE,OVERSIZE RAGLAN MAMU,RGL OS PUTIH-JET BLACK M,0,4,0,0,50881,203524,203524
Jan-2026,TIGALAPANKAOS BONE,OVERSIZE RAGLAN MAMU,RGL OS PUTIH-JET BLACK XL,0,5,0,0,50881,254405,0
Feb-2026,TIGALAPANKAOS BONE,OVERSIZE RAGLAN MAMU,RGL OS PUTIH-JET BLACK XL,0,5,0,0,50881,254405,254405
Mar-2026,TIGALAPANKAOS BONE,OVERSIZE RAGLAN MAMU,RGL OS PUTIH-JET BLACK XL,50881,4,0,0,50881,203524,254405
Apr-2026,TIGALAPANKAOS BONE,OVERSIZE RAGLAN MAMU,RGL OS PUTIH-JET BLACK XL,0,4,0,0,50881,203524,203524
Mei-2026,TIGALAPANKAOS BONE,OVERSIZE RAGLAN MAMU,RGL OS PUTIH-JET BLACK XL,0,4,0,0,50881,203524,203524
Jun-2026,TIGALAPANKAOS BONE,OVERSIZE RAGLAN MAMU,RGL OS PUTIH-JET BLACK XL,0,4,0,0,50881,203524,203524
Jul-2026,TIGALAPANKAOS BONE,OVERSIZE RAGLAN MAMU,RGL OS PUTIH-JET BLACK XL,0,4,0,0,50881,203524,203524
Agu-2026,TIGALAPANKAOS BONE,OVERSIZE RAGLAN MAMU,RGL OS PUTIH-JET BLACK XL,0,4,0,0,50881,203524,203524
Sep-2026,TIGALAPANKAOS BONE,OVERSIZE RAGLAN MAMU,RGL OS PUTIH-JET BLACK XL,50881,3,0,0,50881,152643,203524
Okt-2026,TIGALAPANKAOS BONE,OVERSIZE RAGLAN MAMU,RGL OS PUTIH-JET BLACK XL,0,3,0,0,50881,152643,152643
Jan-2026,TIGALAPANKAOS BONE,OVERSIZE RAGLAN MAMU,RGL OS PUTIH-NAVY 2XL,0,5,0,0,50795,253975,0
Feb-2026,TIGALAPANKAOS BONE,OVERSIZE RAGLAN MAMU,RGL OS PUTIH-NAVY 2XL,0,5,0,0,50795,253975,253975
Mar-2026,TIGALAPANKAOS BONE,OVERSIZE RAGLAN MAMU,RGL OS PUTIH-NAVY 2XL,0,5,0,0,50795,253975,253975
Apr-2026,TIGALAPANKAOS BONE,OVERSIZE RAGLAN MAMU,RGL OS PUTIH-NAVY 2XL,0,5,0,0,50795,253975,253975
Mei-2026,TIGALAPANKAOS BONE,OVERSIZE RAGLAN MAMU,RGL OS PUTIH-NAVY 2XL,0,5,0,0,50795,253975,253975
Jun-2026,TIGALAPANKAOS BONE,OVERSIZE RAGLAN MAMU,RGL OS PUTIH-NAVY 2XL,50795,3,0,0,50795,152385,253975
Jul-2026,TIGALAPANKAOS BONE,OVERSIZE RAGLAN MAMU,RGL OS PUTIH-NAVY 2XL,0,3,0,0,50795,152385,152385
Agu-2026,TIGALAPANKAOS BONE,OVERSIZE RAGLAN MAMU,RGL OS PUTIH-NAVY 2XL,0,3,0,0,50795,152385,152385
Sep-2026,TIGALAPANKAOS BONE,OVERSIZE RAGLAN MAMU,RGL OS PUTIH-NAVY 2XL,0,3,0,0,50795,152385,152385
Okt-2026,TIGALAPANKAOS BONE,OVERSIZE RAGLAN MAMU,RGL OS PUTIH-NAVY 2XL,0,3,0,0,50795,152385,152385
Jan-2026,TIGALAPANKAOS BONE,OVERSIZE RAGLAN MAMU,RGL OS PUTIH-NAVY L,0,8,0,0,50795,406360,0
Feb-2026,TIGALAPANKAOS BONE,OVERSIZE RAGLAN MAMU,RGL OS PUTIH-NAVY L,0,8,0,0,50795,406360,406360
Mar-2026,TIGALAPANKAOS BONE,OVERSIZE RAGLAN MAMU,RGL OS PUTIH-NAVY L,50795,7,0,0,50795,355565,406360
Apr-2026,TIGALAPANKAOS BONE,OVERSIZE RAGLAN MAMU,RGL OS PUTIH-NAVY L,50795,6,0,0,50795,304770,355565
Mei-2026,TIGALAPANKAOS BONE,OVERSIZE RAGLAN MAMU,RGL OS PUTIH-NAVY L,0,6,0,0,50795,304770,304770
Jun-2026,TIGALAPANKAOS BONE,OVERSIZE RAGLAN MAMU,RGL OS PUTIH-NAVY L,0,6,0,0,50795,304770,304770
Jul-2026,TIGALAPANKAOS BONE,OVERSIZE RAGLAN MAMU,RGL OS PUTIH-NAVY L,0,6,0,0,50795,304770,304770
Agu-2026,TIGALAPANKAOS BONE,OVERSIZE RAGLAN MAMU,RGL OS PUTIH-NAVY L,0,6,0,0,50795,304770,304770
Sep-2026,TIGALAPANKAOS BONE,OVERSIZE RAGLAN MAMU,RGL OS PUTIH-NAVY L,0,6,0,0,50795,304770,304770
Okt-2026,TIGALAPANKAOS BONE,OVERSIZE RAGLAN MAMU,RGL OS PUTIH-NAVY L,0,6,0,0,50795,304770,304770
Jan-2026,TIGALAPANKAOS BONE,OVERSIZE RAGLAN MAMU,RGL OS PUTIH-NAVY M,0,4,0,0,50795,203180,0
Feb-2026,TIGALAPANKAOS BONE,OVERSIZE RAGLAN MAMU,RGL OS PUTIH-NAVY M,50795,3,0,0,50795,152385,203180
Mar-2026,TIGALAPANKAOS BONE,OVERSIZE RAGLAN MAMU,RGL OS PUTIH-NAVY M,0,3,0,0,50795,152385,152385
Apr-2026,TIGALAPANKAOS BONE,OVERSIZE RAGLAN MAMU,RGL OS PUTIH-NAVY M,50795,2,0,0,50795,101590,152385
Mei-2026,TIGALAPANKAOS BONE,OVERSIZE RAGLAN MAMU,RGL OS PUTIH-NAVY M,0,2,0,0,50795,101590,101590
Jun-2026,TIGALAPANKAOS BONE,OVERSIZE RAGLAN MAMU,RGL OS PUTIH-NAVY M,50795,1,0,0,50795,50795,101590
Jul-2026,TIGALAPANKAOS BONE,OVERSIZE RAGLAN MAMU,RGL OS PUTIH-NAVY M,0,1,0,0,50795,50795,50795
Agu-2026,TIGALAPANKAOS BONE,OVERSIZE RAGLAN MAMU,RGL OS PUTIH-NAVY M,0,1,0,0,50795,50795,50795
Sep-2026,TIGALAPANKAOS BONE,OVERSIZE RAGLAN MAMU,RGL OS PUTIH-NAVY M,50795,0,0,0,50795,0,50795
Jan-2026,TIGALAPANKAOS BONE,OVERSIZE RAGLAN MAMU,RGL OS PUTIH-NAVY XL,0,4,0,0,50795,203180,0
Feb-2026,TIGALAPANKAOS BONE,OVERSIZE RAGLAN MAMU,RGL OS PUTIH-NAVY XL,0,4,0,0,50795,203180,203180
Mar-2026,TIGALAPANKAOS BONE,OVERSIZE RAGLAN MAMU,RGL OS PUTIH-NAVY XL,0,4,0,0,50795,203180,203180
Apr-2026,TIGALAPANKAOS BONE,OVERSIZE RAGLAN MAMU,RGL OS PUTIH-NAVY XL,0,4,0,0,50795,203180,203180
Mei-2026,TIGALAPANKAOS BONE,OVERSIZE RAGLAN MAMU,RGL OS PUTIH-NAVY XL,0,4,0,0,50795,203180,203180
Jun-2026,TIGALAPANKAOS BONE,OVERSIZE RAGLAN MAMU,RGL OS PUTIH-NAVY XL,50795,3,0,0,50795,152385,203180
Jul-2026,TIGALAPANKAOS BONE,OVERSIZE RAGLAN MAMU,RGL OS PUTIH-NAVY XL,50795,2,0,0,50795,101590,152385
Agu-2026,TIGALAPANKAOS BONE,OVERSIZE RAGLAN MAMU,RGL OS PUTIH-NAVY XL,0,2,0,0,50795,101590,101590
Sep-2026,TIGALAPANKAOS BONE,OVERSIZE RAGLAN MAMU,RGL OS PUTIH-NAVY XL,0,2,0,0,50795,101590,101590
Okt-2026,TIGALAPANKAOS BONE,OVERSIZE RAGLAN MAMU,RGL OS PUTIH-NAVY XL,0,2,0,0,50795,101590,101590
Jan-2026,TIGALAPANKAOS BONE,OVERSIZE RAGLAN MAMU,RGL OS PUTIH-TOFFEE 2XL,0,5,0,0,53935,269675,0
Feb-2026,TIGALAPANKAOS BONE,OVERSIZE RAGLAN MAMU,RGL OS PUTIH-TOFFEE 2XL,0,5,0,0,53935,269675,269675
Mar-2026,TIGALAPANKAOS BONE,OVERSIZE RAGLAN MAMU,RGL OS PUTIH-TOFFEE 2XL,0,5,0,0,53935,269675,269675
Apr-2026,TIGALAPANKAOS BONE,OVERSIZE RAGLAN MAMU,RGL OS PUTIH-TOFFEE 2XL,0,5,0,0,53935,269675,269675
Mei-2026,TIGALAPANKAOS BONE,OVERSIZE RAGLAN MAMU,RGL OS PUTIH-TOFFEE 2XL,0,5,0,0,53935,269675,269675
Jun-2026,TIGALAPANKAOS BONE,OVERSIZE RAGLAN MAMU,RGL OS PUTIH-TOFFEE 2XL,161805,2,0,0,53935,107870,269675
Jul-2026,TIGALAPANKAOS BONE,OVERSIZE RAGLAN MAMU,RGL OS PUTIH-TOFFEE 2XL,53935,1,0,0,53935,53935,107870
Agu-2026,TIGALAPANKAOS BONE,OVERSIZE RAGLAN MAMU,RGL OS PUTIH-TOFFEE 2XL,0,1,0,0,53935,53935,53935
Sep-2026,TIGALAPANKAOS BONE,OVERSIZE RAGLAN MAMU,RGL OS PUTIH-TOFFEE 2XL,0,1,0,0,53935,53935,53935
Okt-2026,TIGALAPANKAOS BONE,OVERSIZE RAGLAN MAMU,RGL OS PUTIH-TOFFEE 2XL,0,1,0,0,53935,53935,53935
Jan-2026,TIGALAPANKAOS BONE,OVERSIZE RAGLAN MAMU,RGL OS PUTIH-TOFFEE L,0,8,0,0,53935,431480,0
Feb-2026,TIGALAPANKAOS BONE,OVERSIZE RAGLAN MAMU,RGL OS PUTIH-TOFFEE L,107870,6,0,0,53935,323610,431480
Mar-2026,TIGALAPANKAOS BONE,OVERSIZE RAGLAN MAMU,RGL OS PUTIH-TOFFEE L,0,6,0,0,53935,323610,323610
Apr-2026,TIGALAPANKAOS BONE,OVERSIZE RAGLAN MAMU,RGL OS PUTIH-TOFFEE L,0,6,0,0,53935,323610,323610
Mei-2026,TIGALAPANKAOS BONE,OVERSIZE RAGLAN MAMU,RGL OS PUTIH-TOFFEE L,0,5,0,0,53935,269675,323610
Jun-2026,TIGALAPANKAOS BONE,OVERSIZE RAGLAN MAMU,RGL OS PUTIH-TOFFEE L,215740,1,0,0,53935,53935,269675
Jul-2026,TIGALAPANKAOS BONE,OVERSIZE RAGLAN MAMU,RGL OS PUTIH-TOFFEE L,0,1,0,0,53935,53935,53935
Agu-2026,TIGALAPANKAOS BONE,OVERSIZE RAGLAN MAMU,RGL OS PUTIH-TOFFEE L,53935,0,0,0,53935,0,53935
Jan-2026,TIGALAPANKAOS BONE,OVERSIZE RAGLAN MAMU,RGL OS PUTIH-TOFFEE M,0,3,0,0,53935,161805,0
Feb-2026,TIGALAPANKAOS BONE,OVERSIZE RAGLAN MAMU,RGL OS PUTIH-TOFFEE M,107870,1,0,0,53935,53935,161805
Mar-2026,TIGALAPANKAOS BONE,OVERSIZE RAGLAN MAMU,RGL OS PUTIH-TOFFEE M,53935,0,0,0,53935,0,53935
Jan-2026,TIGALAPANKAOS BONE,OVERSIZE RAGLAN MAMU,RGL OS PUTIH-TOFFEE XL,0,3,0,0,53935,161805,0
Feb-2026,TIGALAPANKAOS BONE,OVERSIZE RAGLAN MAMU,RGL OS PUTIH-TOFFEE XL,53935,2,0,0,53935,107870,161805
Mar-2026,TIGALAPANKAOS BONE,OVERSIZE RAGLAN MAMU,RGL OS PUTIH-TOFFEE XL,0,1,0,0,53935,53935,107870
Apr-2026,TIGALAPANKAOS BONE,OVERSIZE RAGLAN MAMU,RGL OS PUTIH-TOFFEE XL,0,1,0,0,53935,53935,53935
Mei-2026,TIGALAPANKAOS BONE,OVERSIZE RAGLAN MAMU,RGL OS PUTIH-TOFFEE XL,0,2,0,0,53935,107870,53935
Jun-2026,TIGALAPANKAOS BONE,OVERSIZE RAGLAN MAMU,RGL OS PUTIH-TOFFEE XL,107870,0,0,0,53935,0,107870
Jan-2026,TIGALAPANKAOS MANADO,OVERSIZE RAGLAN MAMU,RGL OS PUTIH-ARMY 2XL,0,3,0,0,50177,150531,0
Feb-2026,TIGALAPANKAOS MANADO,OVERSIZE RAGLAN MAMU,RGL OS PUTIH-ARMY 2XL,0,3,0,0,50177,150531,150531
Mar-2026,TIGALAPANKAOS MANADO,OVERSIZE RAGLAN MAMU,RGL OS PUTIH-ARMY 2XL,0,3,0,0,50177,150531,150531
Apr-2026,TIGALAPANKAOS MANADO,OVERSIZE RAGLAN MAMU,RGL OS PUTIH-ARMY 2XL,0,3,0,0,50177,150531,150531
Mei-2026,TIGALAPANKAOS MANADO,OVERSIZE RAGLAN MAMU,RGL OS PUTIH-ARMY 2XL,0,0,0,0,50177,0,150531
Jan-2026,TIGALAPANKAOS MANADO,OVERSIZE RAGLAN MAMU,RGL OS PUTIH-ARMY L,50177,7,0,0,50177,351239,0
Feb-2026,TIGALAPANKAOS MANADO,OVERSIZE RAGLAN MAMU,RGL OS PUTIH-ARMY L,100354,5,0,0,50177,250885,351239
Mar-2026,TIGALAPANKAOS MANADO,OVERSIZE RAGLAN MAMU,RGL OS PUTIH-ARMY L,150531,2,0,0,50177,100354,250885
Apr-2026,TIGALAPANKAOS MANADO,OVERSIZE RAGLAN MAMU,RGL OS PUTIH-ARMY L,100354,0,0,0,50177,0,100354
Jan-2026,TIGALAPANKAOS MANADO,OVERSIZE RAGLAN MAMU,RGL OS PUTIH-ARMY XL,0,2,0,0,50177,100354,0
Feb-2026,TIGALAPANKAOS MANADO,OVERSIZE RAGLAN MAMU,RGL OS PUTIH-ARMY XL,50177,1,0,0,50177,50177,100354
Mar-2026,TIGALAPANKAOS MANADO,OVERSIZE RAGLAN MAMU,RGL OS PUTIH-ARMY XL,50177,0,0,0,50177,0,50177
Jan-2026,TIGALAPANKAOS MANADO,OVERSIZE RAGLAN MAMU,RGL OS PUTIH-JET BLACK 2XL,0,4,0,0,50881,203524,0
Feb-2026,TIGALAPANKAOS MANADO,OVERSIZE RAGLAN MAMU,RGL OS PUTIH-JET BLACK 2XL,0,4,0,0,50881,203524,203524
Mar-2026,TIGALAPANKAOS MANADO,OVERSIZE RAGLAN MAMU,RGL OS PUTIH-JET BLACK 2XL,0,4,0,0,50881,203524,203524
Apr-2026,TIGALAPANKAOS MANADO,OVERSIZE RAGLAN MAMU,RGL OS PUTIH-JET BLACK 2XL,0,4,0,0,50881,203524,203524
Mei-2026,TIGALAPANKAOS MANADO,OVERSIZE RAGLAN MAMU,RGL OS PUTIH-JET BLACK 2XL,50881,0,0,0,50881,0,203524
Jan-2026,TIGALAPANKAOS MANADO,OVERSIZE RAGLAN MAMU,RGL OS PUTIH-JET BLACK L,0,7,0,0,50881,356167,0
Feb-2026,TIGALAPANKAOS MANADO,OVERSIZE RAGLAN MAMU,RGL OS PUTIH-JET BLACK L,0,7,0,0,50881,356167,356167
Mar-2026,TIGALAPANKAOS MANADO,OVERSIZE RAGLAN MAMU,RGL OS PUTIH-JET BLACK L,101762,5,0,0,50881,254405,356167
Apr-2026,TIGALAPANKAOS MANADO,OVERSIZE RAGLAN MAMU,RGL OS PUTIH-JET BLACK L,101762,3,0,0,50881,152643,254405
Mei-2026,TIGALAPANKAOS MANADO,OVERSIZE RAGLAN MAMU,RGL OS PUTIH-JET BLACK L,50881,3,0,0,50881,152643,152643
Jun-2026,TIGALAPANKAOS MANADO,OVERSIZE RAGLAN MAMU,RGL OS PUTIH-JET BLACK L,0,3,0,0,50881,152643,152643
Jul-2026,TIGALAPANKAOS MANADO,OVERSIZE RAGLAN MAMU,RGL OS PUTIH-JET BLACK L,50881,2,0,0,50881,101762,152643
Agu-2026,TIGALAPANKAOS MANADO,OVERSIZE RAGLAN MAMU,RGL OS PUTIH-JET BLACK L,0,2,0,0,50881,101762,101762
Sep-2026,TIGALAPANKAOS MANADO,OVERSIZE RAGLAN MAMU,RGL OS PUTIH-JET BLACK L,101762,0,0,0,50881,0,101762
Jan-2026,TIGALAPANKAOS MANADO,OVERSIZE RAGLAN MAMU,RGL OS PUTIH-JET BLACK M,50881,0,0,0,50881,0,0
Jan-2026,TIGALAPANKAOS MANADO,OVERSIZE RAGLAN MAMU,RGL OS PUTIH-JET BLACK XL,0,3,0,0,50881,152643,0
Feb-2026,TIGALAPANKAOS MANADO,OVERSIZE RAGLAN MAMU,RGL OS PUTIH-JET BLACK XL,0,3,0,0,50881,152643,152643
Mar-2026,TIGALAPANKAOS MANADO,OVERSIZE RAGLAN MAMU,RGL OS PUTIH-JET BLACK XL,0,3,0,0,50881,152643,152643
Apr-2026,TIGALAPANKAOS MANADO,OVERSIZE RAGLAN MAMU,RGL OS PUTIH-JET BLACK XL,0,2,0,0,50881,101762,152643
Mei-2026,TIGALAPANKAOS MANADO,OVERSIZE RAGLAN MAMU,RGL OS PUTIH-JET BLACK XL,50881,0,0,0,50881,0,101762
Jan-2026,TIGALAPANKAOS PALU,OVERSIZE RAGLAN MAMU,RGL OS PUTIH-ARMY 2XL,0,4,0,0,50177,200708,0
Feb-2026,TIGALAPANKAOS PALU,OVERSIZE RAGLAN MAMU,RGL OS PUTIH-ARMY 2XL,0,4,0,0,50177,200708,200708
Mar-2026,TIGALAPANKAOS PALU,OVERSIZE RAGLAN MAMU,RGL OS PUTIH-ARMY 2XL,50177,3,0,0,50177,150531,200708
Apr-2026,TIGALAPANKAOS PALU,OVERSIZE RAGLAN MAMU,RGL OS PUTIH-ARMY 2XL,0,3,0,0,50177,150531,150531
Mei-2026,TIGALAPANKAOS PALU,OVERSIZE RAGLAN MAMU,RGL OS PUTIH-ARMY 2XL,0,3,0,0,50177,150531,150531
Jun-2026,TIGALAPANKAOS PALU,OVERSIZE RAGLAN MAMU,RGL OS PUTIH-ARMY 2XL,0,3,0,0,50177,150531,150531
Jul-2026,TIGALAPANKAOS PALU,OVERSIZE RAGLAN MAMU,RGL OS PUTIH-ARMY 2XL,0,3,0,0,50177,150531,150531
Agu-2026,TIGALAPANKAOS PALU,OVERSIZE RAGLAN MAMU,RGL OS PUTIH-ARMY 2XL,0,3,0,0,50177,150531,150531
Sep-2026,TIGALAPANKAOS PALU,OVERSIZE RAGLAN MAMU,RGL OS PUTIH-ARMY 2XL,0,3,0,0,50177,150531,150531
Okt-2026,TIGALAPANKAOS PALU,OVERSIZE RAGLAN MAMU,RGL OS PUTIH-ARMY 2XL,0,3,0,0,50177,150531,150531
Jan-2026,TIGALAPANKAOS PALU,OVERSIZE RAGLAN MAMU,RGL OS PUTIH-ARMY L,50177,6,0,0,50177,301062,0
Feb-2026,TIGALAPANKAOS PALU,OVERSIZE RAGLAN MAMU,RGL OS PUTIH-ARMY L,0,6,0,0,50177,301062,301062
Mar-2026,TIGALAPANKAOS PALU,OVERSIZE RAGLAN MAMU,RGL OS PUTIH-ARMY L,50177,5,0,0,50177,250885,301062
Apr-2026,TIGALAPANKAOS PALU,OVERSIZE RAGLAN MAMU,RGL OS PUTIH-ARMY L,0,5,0,0,50177,250885,250885
Mei-2026,TIGALAPANKAOS PALU,OVERSIZE RAGLAN MAMU,RGL OS PUTIH-ARMY L,50177,4,0,0,50177,200708,250885
Jun-2026,TIGALAPANKAOS PALU,OVERSIZE RAGLAN MAMU,RGL OS PUTIH-ARMY L,0,4,0,0,50177,200708,200708
Jul-2026,TIGALAPANKAOS PALU,OVERSIZE RAGLAN MAMU,RGL OS PUTIH-ARMY L,0,4,0,0,50177,200708,200708
Agu-2026,TIGALAPANKAOS PALU,OVERSIZE RAGLAN MAMU,RGL OS PUTIH-ARMY L,100354,2,0,0,50177,100354,200708
Sep-2026,TIGALAPANKAOS PALU,OVERSIZE RAGLAN MAMU,RGL OS PUTIH-ARMY L,50177,2,0,0,50177,100354,100354
Okt-2026,TIGALAPANKAOS PALU,OVERSIZE RAGLAN MAMU,RGL OS PUTIH-ARMY L,0,2,0,0,50177,100354,100354
Agu-2026,TIGALAPANKAOS PALU,OVERSIZE RAGLAN MAMU,RGL OS PUTIH-ARMY M,-150531,0,0,0,50177,0,0
Sep-2026,TIGALAPANKAOS PALU,OVERSIZE RAGLAN MAMU,RGL OS PUTIH-ARMY M,0,3,0,0,50177,150531,0
Okt-2026,TIGALAPANKAOS PALU,OVERSIZE RAGLAN MAMU,RGL OS PUTIH-ARMY M,0,3,0,0,50177,150531,150531
Mar-2026,TIGALAPANKAOS PALU,OVERSIZE RAGLAN MAMU,RGL OS PUTIH-ARMY S,0,5,0,0,50177,250885,0
Apr-2026,TIGALAPANKAOS PALU,OVERSIZE RAGLAN MAMU,RGL OS PUTIH-ARMY S,0,5,0,0,50177,250885,250885
Mei-2026,TIGALAPANKAOS PALU,OVERSIZE RAGLAN MAMU,RGL OS PUTIH-ARMY S,0,5,0,0,50177,250885,250885
Jun-2026,TIGALAPANKAOS PALU,OVERSIZE RAGLAN MAMU,RGL OS PUTIH-ARMY S,0,5,0,0,50177,250885,250885
Jul-2026,TIGALAPANKAOS PALU,OVERSIZE RAGLAN MAMU,RGL OS PUTIH-ARMY S,0,5,0,0,50177,250885,250885
Agu-2026,TIGALAPANKAOS PALU,OVERSIZE RAGLAN MAMU,RGL OS PUTIH-ARMY S,50177,4,0,0,50177,200708,250885
Sep-2026,TIGALAPANKAOS PALU,OVERSIZE RAGLAN MAMU,RGL OS PUTIH-ARMY S,0,4,0,0,50177,200708,200708
Okt-2026,TIGALAPANKAOS PALU,OVERSIZE RAGLAN MAMU,RGL OS PUTIH-ARMY S,0,4,0,0,50177,200708,200708
Jan-2026,TIGALAPANKAOS PALU,OVERSIZE RAGLAN MAMU,RGL OS PUTIH-ARMY XL,0,4,0,0,50177,200708,0
Feb-2026,TIGALAPANKAOS PALU,OVERSIZE RAGLAN MAMU,RGL OS PUTIH-ARMY XL,0,4,0,0,50177,200708,200708
Mar-2026,TIGALAPANKAOS PALU,OVERSIZE RAGLAN MAMU,RGL OS PUTIH-ARMY XL,50177,3,0,0,50177,150531,200708
Apr-2026,TIGALAPANKAOS PALU,OVERSIZE RAGLAN MAMU,RGL OS PUTIH-ARMY XL,0,3,0,0,50177,150531,150531
Mei-2026,TIGALAPANKAOS PALU,OVERSIZE RAGLAN MAMU,RGL OS PUTIH-ARMY XL,0,3,0,0,50177,150531,150531
Jun-2026,TIGALAPANKAOS PALU,OVERSIZE RAGLAN MAMU,RGL OS PUTIH-ARMY XL,0,3,0,0,50177,150531,150531
Jul-2026,TIGALAPANKAOS PALU,OVERSIZE RAGLAN MAMU,RGL OS PUTIH-ARMY XL,0,3,0,0,50177,150531,150531
Agu-2026,TIGALAPANKAOS PALU,OVERSIZE RAGLAN MAMU,RGL OS PUTIH-ARMY XL,0,3,0,0,50177,150531,150531
Sep-2026,TIGALAPANKAOS PALU,OVERSIZE RAGLAN MAMU,RGL OS PUTIH-ARMY XL,0,3,0,0,50177,150531,150531
Okt-2026,TIGALAPANKAOS PALU,OVERSIZE RAGLAN MAMU,RGL OS PUTIH-ARMY XL,0,3,0,0,50177,150531,150531
Jan-2026,TIGALAPANKAOS PALU,OVERSIZE RAGLAN MAMU,RGL OS PUTIH-JET BLACK 2XL,0,1,0,0,50881,50881,0
Feb-2026,TIGALAPANKAOS PALU,OVERSIZE RAGLAN MAMU,RGL OS PUTIH-JET BLACK 2XL,0,1,0,0,50881,50881,50881
Mar-2026,TIGALAPANKAOS PALU,OVERSIZE RAGLAN MAMU,RGL OS PUTIH-JET BLACK 2XL,0,1,0,0,50881,50881,50881
Apr-2026,TIGALAPANKAOS PALU,OVERSIZE RAGLAN MAMU,RGL OS PUTIH-JET BLACK 2XL,0,1,0,0,50881,50881,50881
Mei-2026,TIGALAPANKAOS PALU,OVERSIZE RAGLAN MAMU,RGL OS PUTIH-JET BLACK 2XL,0,1,0,0,50881,50881,50881
Jun-2026,TIGALAPANKAOS PALU,OVERSIZE RAGLAN MAMU,RGL OS PUTIH-JET BLACK 2XL,0,1,0,0,50881,50881,50881
Jul-2026,TIGALAPANKAOS PALU,OVERSIZE RAGLAN MAMU,RGL OS PUTIH-JET BLACK 2XL,0,1,0,0,50881,50881,50881
Agu-2026,TIGALAPANKAOS PALU,OVERSIZE RAGLAN MAMU,RGL OS PUTIH-JET BLACK 2XL,-101762,1,0,0,50881,50881,50881
Sep-2026,TIGALAPANKAOS PALU,OVERSIZE RAGLAN MAMU,RGL OS PUTIH-JET BLACK 2XL,101762,1,0,0,50881,50881,50881
Okt-2026,TIGALAPANKAOS PALU,OVERSIZE RAGLAN MAMU,RGL OS PUTIH-JET BLACK 2XL,0,1,0,0,50881,50881,50881
Jan-2026,TIGALAPANKAOS PALU,OVERSIZE RAGLAN MAMU,RGL OS PUTIH-JET BLACK L,0,5,0,0,50881,254405,0
Feb-2026,TIGALAPANKAOS PALU,OVERSIZE RAGLAN MAMU,RGL OS PUTIH-JET BLACK L,0,5,0,0,50881,254405,254405
Mar-2026,TIGALAPANKAOS PALU,OVERSIZE RAGLAN MAMU,RGL OS PUTIH-JET BLACK L,50881,4,0,0,50881,203524,254405
Apr-2026,TIGALAPANKAOS PALU,OVERSIZE RAGLAN MAMU,RGL OS PUTIH-JET BLACK L,50881,3,0,0,50881,152643,203524
Mei-2026,TIGALAPANKAOS PALU,OVERSIZE RAGLAN MAMU,RGL OS PUTIH-JET BLACK L,50881,2,0,0,50881,101762,152643
Jun-2026,TIGALAPANKAOS PALU,OVERSIZE RAGLAN MAMU,RGL OS PUTIH-JET BLACK L,0,2,0,0,50881,101762,101762
Jul-2026,TIGALAPANKAOS PALU,OVERSIZE RAGLAN MAMU,RGL OS PUTIH-JET BLACK L,147531,3,0,0,50881,152643,101762
Agu-2026,TIGALAPANKAOS PALU,OVERSIZE RAGLAN MAMU,RGL OS PUTIH-JET BLACK L,-101762,0,0,0,50881,0,152643
Sep-2026,TIGALAPANKAOS PALU,OVERSIZE RAGLAN MAMU,RGL OS PUTIH-JET BLACK L,0,2,0,0,50881,101762,0
Okt-2026,TIGALAPANKAOS PALU,OVERSIZE RAGLAN MAMU,RGL OS PUTIH-JET BLACK L,50881,1,0,0,50881,50881,101762
Jul-2026,TIGALAPANKAOS PALU,OVERSIZE RAGLAN MAMU,RGL OS PUTIH-JET BLACK M,0,5,0,0,50881,254405,0
Agu-2026,TIGALAPANKAOS PALU,OVERSIZE RAGLAN MAMU,RGL OS PUTIH-JET BLACK M,-4261,5,0,0,50881,254405,254405
Sep-2026,TIGALAPANKAOS PALU,OVERSIZE RAGLAN MAMU,RGL OS PUTIH-JET BLACK M,0,5,0,0,50881,254405,254405
Okt-2026,TIGALAPANKAOS PALU,OVERSIZE RAGLAN MAMU,RGL OS PUTIH-JET BLACK M,46620,4,0,0,50881,203524,254405
Mar-2026,TIGALAPANKAOS PALU,OVERSIZE RAGLAN MAMU,RGL OS PUTIH-JET BLACK S,50881,4,0,0,50881,203524,0
Apr-2026,TIGALAPANKAOS PALU,OVERSIZE RAGLAN MAMU,RGL OS PUTIH-JET BLACK S,0,4,0,0,50881,203524,203524
Mei-2026,TIGALAPANKAOS PALU,OVERSIZE RAGLAN MAMU,RGL OS PUTIH-JET BLACK S,50881,3,0,0,50881,152643,203524
Jun-2026,TIGALAPANKAOS PALU,OVERSIZE RAGLAN MAMU,RGL OS PUTIH-JET BLACK S,50881,2,0,0,50881,101762,152643
Jul-2026,TIGALAPANKAOS PALU,OVERSIZE RAGLAN MAMU,RGL OS PUTIH-JET BLACK S,0,5,0,0,50881,254405,101762
Agu-2026,TIGALAPANKAOS PALU,OVERSIZE RAGLAN MAMU,RGL OS PUTIH-JET BLACK S,0,5,0,0,50881,254405,254405
Sep-2026,TIGALAPANKAOS PALU,OVERSIZE RAGLAN MAMU,RGL OS PUTIH-JET BLACK S,0,5,0,0,50881,254405,254405
Okt-2026,TIGALAPANKAOS PALU,OVERSIZE RAGLAN MAMU,RGL OS PUTIH-JET BLACK S,0,5,0,0,50881,254405,254405
Jan-2026,TIGALAPANKAOS PALU,OVERSIZE RAGLAN MAMU,RGL OS PUTIH-JET BLACK XL,0,2,0,0,50881,101762,0
Feb-2026,TIGALAPANKAOS PALU,OVERSIZE RAGLAN MAMU,RGL OS PUTIH-JET BLACK XL,0,2,0,0,50881,101762,101762
Mar-2026,TIGALAPANKAOS PALU,OVERSIZE RAGLAN MAMU,RGL OS PUTIH-JET BLACK XL,0,2,0,0,50881,101762,101762
Apr-2026,TIGALAPANKAOS PALU,OVERSIZE RAGLAN MAMU,RGL OS PUTIH-JET BLACK XL,0,2,0,0,50881,101762,101762
Mei-2026,TIGALAPANKAOS PALU,OVERSIZE RAGLAN MAMU,RGL OS PUTIH-JET BLACK XL,101762,1,0,0,50881,50881,101762
Jun-2026,TIGALAPANKAOS PALU,OVERSIZE RAGLAN MAMU,RGL OS PUTIH-JET BLACK XL,0,0,0,0,50881,0,50881
Jul-2026,TIGALAPANKAOS PALU,OVERSIZE RAGLAN MAMU,RGL OS PUTIH-JET BLACK XL,0,1,0,0,50881,50881,0
Agu-2026,TIGALAPANKAOS PALU,OVERSIZE RAGLAN MAMU,RGL OS PUTIH-JET BLACK XL,-50881,1,0,0,50881,50881,50881
Sep-2026,TIGALAPANKAOS PALU,OVERSIZE RAGLAN MAMU,RGL OS PUTIH-JET BLACK XL,0,2,0,0,50881,101762,50881
Okt-2026,TIGALAPANKAOS PALU,OVERSIZE RAGLAN MAMU,RGL OS PUTIH-JET BLACK XL,0,2,0,0,50881,101762,101762
Jan-2026,TIGALAPANKAOS PALU,OVERSIZE RAGLAN MAMU,RGL OS PUTIH-NAVY 2XL,0,6,0,0,50795,304770,0
Feb-2026,TIGALAPANKAOS PALU,OVERSIZE RAGLAN MAMU,RGL OS PUTIH-NAVY 2XL,0,6,0,0,50795,304770,304770
Mar-2026,TIGALAPANKAOS PALU,OVERSIZE RAGLAN MAMU,RGL OS PUTIH-NAVY 2XL,50795,5,0,0,50795,253975,304770
Apr-2026,TIGALAPANKAOS PALU,OVERSIZE RAGLAN MAMU,RGL OS PUTIH-NAVY 2XL,0,5,0,0,50795,253975,253975
Mei-2026,TIGALAPANKAOS PALU,OVERSIZE RAGLAN MAMU,RGL OS PUTIH-NAVY 2XL,0,5,0,0,50795,253975,253975
Jun-2026,TIGALAPANKAOS PALU,OVERSIZE RAGLAN MAMU,RGL OS PUTIH-NAVY 2XL,0,5,0,0,50795,253975,253975
Jul-2026,TIGALAPANKAOS PALU,OVERSIZE RAGLAN MAMU,RGL OS PUTIH-NAVY 2XL,0,5,0,0,50795,253975,253975
Agu-2026,TIGALAPANKAOS PALU,OVERSIZE RAGLAN MAMU,RGL OS PUTIH-NAVY 2XL,0,5,0,0,50795,253975,253975
Sep-2026,TIGALAPANKAOS PALU,OVERSIZE RAGLAN MAMU,RGL OS PUTIH-NAVY 2XL,0,5,0,0,50795,253975,253975
Okt-2026,TIGALAPANKAOS PALU,OVERSIZE RAGLAN MAMU,RGL OS PUTIH-NAVY 2XL,0,5,0,0,50795,253975,253975
Jan-2026,TIGALAPANKAOS PALU,OVERSIZE RAGLAN MAMU,RGL OS PUTIH-NAVY L,0,13,0,0,50795,660335,0
Feb-2026,TIGALAPANKAOS PALU,OVERSIZE RAGLAN MAMU,RGL OS PUTIH-NAVY L,50795,11,0,0,50795,558745,660335
Mar-2026,TIGALAPANKAOS PALU,OVERSIZE RAGLAN MAMU,RGL OS PUTIH-NAVY L,50795,10,0,0,50795,507950,558745
Apr-2026,TIGALAPANKAOS PALU,OVERSIZE RAGLAN MAMU,RGL OS PUTIH-NAVY L,0,10,0,0,50795,507950,507950
Mei-2026,TIGALAPANKAOS PALU,OVERSIZE RAGLAN MAMU,RGL OS PUTIH-NAVY L,0,10,0,0,50795,507950,507950
Jun-2026,TIGALAPANKAOS PALU,OVERSIZE RAGLAN MAMU,RGL OS PUTIH-NAVY L,0,10,0,0,50795,507950,507950
Jul-2026,TIGALAPANKAOS PALU,OVERSIZE RAGLAN MAMU,RGL OS PUTIH-NAVY L,0,10,0,0,50795,507950,507950
Agu-2026,TIGALAPANKAOS PALU,OVERSIZE RAGLAN MAMU,RGL OS PUTIH-NAVY L,0,10,0,0,50795,507950,507950
Sep-2026,TIGALAPANKAOS PALU,OVERSIZE RAGLAN MAMU,RGL OS PUTIH-NAVY L,0,10,0,0,50795,507950,507950
Okt-2026,TIGALAPANKAOS PALU,OVERSIZE RAGLAN MAMU,RGL OS PUTIH-NAVY L,0,10,0,0,50795,507950,507950
Jan-2026,TIGALAPANKAOS PALU,OVERSIZE RAGLAN MAMU,RGL OS PUTIH-NAVY M,0,5,0,0,50795,253975,0
Feb-2026,TIGALAPANKAOS PALU,OVERSIZE RAGLAN MAMU,RGL OS PUTIH-NAVY M,50795,4,0,0,50795,203180,253975
Mar-2026,TIGALAPANKAOS PALU,OVERSIZE RAGLAN MAMU,RGL OS PUTIH-NAVY M,50795,3,0,0,50795,152385,203180
Apr-2026,TIGALAPANKAOS PALU,OVERSIZE RAGLAN MAMU,RGL OS PUTIH-NAVY M,0,3,0,0,50795,152385,152385
Mei-2026,TIGALAPANKAOS PALU,OVERSIZE RAGLAN MAMU,RGL OS PUTIH-NAVY M,0,3,0,0,50795,152385,152385
Jun-2026,TIGALAPANKAOS PALU,OVERSIZE RAGLAN MAMU,RGL OS PUTIH-NAVY M,0,3,0,0,50795,152385,152385
Jul-2026,TIGALAPANKAOS PALU,OVERSIZE RAGLAN MAMU,RGL OS PUTIH-NAVY M,0,3,0,0,50795,152385,152385
Agu-2026,TIGALAPANKAOS PALU,OVERSIZE RAGLAN MAMU,RGL OS PUTIH-NAVY M,0,3,0,0,50795,152385,152385
Sep-2026,TIGALAPANKAOS PALU,OVERSIZE RAGLAN MAMU,RGL OS PUTIH-NAVY M,0,3,0,0,50795,152385,152385
Okt-2026,TIGALAPANKAOS PALU,OVERSIZE RAGLAN MAMU,RGL OS PUTIH-NAVY M,0,3,0,0,50795,152385,152385
Mar-2026,TIGALAPANKAOS PALU,OVERSIZE RAGLAN MAMU,RGL OS PUTIH-NAVY S,0,5,0,0,50795,253975,0
Apr-2026,TIGALAPANKAOS PALU,OVERSIZE RAGLAN MAMU,RGL OS PUTIH-NAVY S,50795,4,0,0,50795,203180,253975
Mei-2026,TIGALAPANKAOS PALU,OVERSIZE RAGLAN MAMU,RGL OS PUTIH-NAVY S,0,4,0,0,50795,203180,203180
Jun-2026,TIGALAPANKAOS PALU,OVERSIZE RAGLAN MAMU,RGL OS PUTIH-NAVY S,0,4,0,0,50795,203180,203180
Jul-2026,TIGALAPANKAOS PALU,OVERSIZE RAGLAN MAMU,RGL OS PUTIH-NAVY S,50795,3,0,0,50795,152385,203180
Agu-2026,TIGALAPANKAOS PALU,OVERSIZE RAGLAN MAMU,RGL OS PUTIH-NAVY S,50795,2,0,0,50795,101590,152385
Sep-2026,TIGALAPANKAOS PALU,OVERSIZE RAGLAN MAMU,RGL OS PUTIH-NAVY S,0,2,0,0,50795,101590,101590
Okt-2026,TIGALAPANKAOS PALU,OVERSIZE RAGLAN MAMU,RGL OS PUTIH-NAVY S,50795,1,0,0,50795,50795,101590
Jan-2026,TIGALAPANKAOS PALU,OVERSIZE RAGLAN MAMU,RGL OS PUTIH-NAVY XL,0,5,0,0,50795,253975,0
Feb-2026,TIGALAPANKAOS PALU,OVERSIZE RAGLAN MAMU,RGL OS PUTIH-NAVY XL,0,5,0,0,50795,253975,253975
Mar-2026,TIGALAPANKAOS PALU,OVERSIZE RAGLAN MAMU,RGL OS PUTIH-NAVY XL,0,5,0,0,50795,253975,253975
Apr-2026,TIGALAPANKAOS PALU,OVERSIZE RAGLAN MAMU,RGL OS PUTIH-NAVY XL,0,5,0,0,50795,253975,253975
Mei-2026,TIGALAPANKAOS PALU,OVERSIZE RAGLAN MAMU,RGL OS PUTIH-NAVY XL,0,5,0,0,50795,253975,253975
Jun-2026,TIGALAPANKAOS PALU,OVERSIZE RAGLAN MAMU,RGL OS PUTIH-NAVY XL,50795,4,0,0,50795,203180,253975
Jul-2026,TIGALAPANKAOS PALU,OVERSIZE RAGLAN MAMU,RGL OS PUTIH-NAVY XL,0,4,0,0,50795,203180,203180
Agu-2026,TIGALAPANKAOS PALU,OVERSIZE RAGLAN MAMU,RGL OS PUTIH-NAVY XL,0,4,0,0,50795,203180,203180
Sep-2026,TIGALAPANKAOS PALU,OVERSIZE RAGLAN MAMU,RGL OS PUTIH-NAVY XL,0,4,0,0,50795,203180,203180
Okt-2026,TIGALAPANKAOS PALU,OVERSIZE RAGLAN MAMU,RGL OS PUTIH-NAVY XL,0,4,0,0,50795,203180,203180
Jan-2026,TIGALAPANKAOS PALU,OVERSIZE RAGLAN MAMU,RGL OS PUTIH-TOFFEE 2XL,0,6,0,0,53935,323610,0
Feb-2026,TIGALAPANKAOS PALU,OVERSIZE RAGLAN MAMU,RGL OS PUTIH-TOFFEE 2XL,0,6,0,0,53935,323610,323610
Mar-2026,TIGALAPANKAOS PALU,OVERSIZE RAGLAN MAMU,RGL OS PUTIH-TOFFEE 2XL,0,6,0,0,53935,323610,323610
Apr-2026,TIGALAPANKAOS PALU,OVERSIZE RAGLAN MAMU,RGL OS PUTIH-TOFFEE 2XL,0,6,0,0,53935,323610,323610
Mei-2026,TIGALAPANKAOS PALU,OVERSIZE RAGLAN MAMU,RGL OS PUTIH-TOFFEE 2XL,0,6,0,0,53935,323610,323610
Jun-2026,TIGALAPANKAOS PALU,OVERSIZE RAGLAN MAMU,RGL OS PUTIH-TOFFEE 2XL,0,6,0,0,53935,323610,323610
Jul-2026,TIGALAPANKAOS PALU,OVERSIZE RAGLAN MAMU,RGL OS PUTIH-TOFFEE 2XL,0,6,0,0,53935,323610,323610
Agu-2026,TIGALAPANKAOS PALU,OVERSIZE RAGLAN MAMU,RGL OS PUTIH-TOFFEE 2XL,0,6,0,0,53935,323610,323610
Sep-2026,TIGALAPANKAOS PALU,OVERSIZE RAGLAN MAMU,RGL OS PUTIH-TOFFEE 2XL,0,6,0,0,53935,323610,323610
Okt-2026,TIGALAPANKAOS PALU,OVERSIZE RAGLAN MAMU,RGL OS PUTIH-TOFFEE 2XL,0,6,0,0,53935,323610,323610
Jan-2026,TIGALAPANKAOS PALU,OVERSIZE RAGLAN MAMU,RGL OS PUTIH-TOFFEE L,0,13,0,0,53935,701155,0
Feb-2026,TIGALAPANKAOS PALU,OVERSIZE RAGLAN MAMU,RGL OS PUTIH-TOFFEE L,0,13,0,0,53935,701155,701155
Mar-2026,TIGALAPANKAOS PALU,OVERSIZE RAGLAN MAMU,RGL OS PUTIH-TOFFEE L,161805,10,0,0,53935,539350,701155
Apr-2026,TIGALAPANKAOS PALU,OVERSIZE RAGLAN MAMU,RGL OS PUTIH-TOFFEE L,53935,9,0,0,53935,485415,539350
Mei-2026,TIGALAPANKAOS PALU,OVERSIZE RAGLAN MAMU,RGL OS PUTIH-TOFFEE L,215740,5,0,0,53935,269675,485415
Jun-2026,TIGALAPANKAOS PALU,OVERSIZE RAGLAN MAMU,RGL OS PUTIH-TOFFEE L,0,5,0,0,53935,269675,269675
Jul-2026,TIGALAPANKAOS PALU,OVERSIZE RAGLAN MAMU,RGL OS PUTIH-TOFFEE L,0,5,0,0,53935,269675,269675
Agu-2026,TIGALAPANKAOS PALU,OVERSIZE RAGLAN MAMU,RGL OS PUTIH-TOFFEE L,0,5,0,0,53935,269675,269675
Sep-2026,TIGALAPANKAOS PALU,OVERSIZE RAGLAN MAMU,RGL OS PUTIH-TOFFEE L,0,5,0,0,53935,269675,269675
Okt-2026,TIGALAPANKAOS PALU,OVERSIZE RAGLAN MAMU,RGL OS PUTIH-TOFFEE L,0,5,0,0,53935,269675,269675
Jan-2026,TIGALAPANKAOS PALU,OVERSIZE RAGLAN MAMU,RGL OS PUTIH-TOFFEE M,0,5,0,0,53935,269675,0
Feb-2026,TIGALAPANKAOS PALU,OVERSIZE RAGLAN MAMU,RGL OS PUTIH-TOFFEE M,0,5,0,0,53935,269675,269675
Mar-2026,TIGALAPANKAOS PALU,OVERSIZE RAGLAN MAMU,RGL OS PUTIH-TOFFEE M,269675,0,0,0,53935,0,269675
Jul-2026,TIGALAPANKAOS PALU,OVERSIZE RAGLAN MAMU,RGL OS PUTIH-TOFFEE M,0,5,0,0,53935,269675,0
Agu-2026,TIGALAPANKAOS PALU,OVERSIZE RAGLAN MAMU,RGL OS PUTIH-TOFFEE M,42981,5,0,0,53935,269675,269675
Sep-2026,TIGALAPANKAOS PALU,OVERSIZE RAGLAN MAMU,RGL OS PUTIH-TOFFEE M,0,4,0,0,53935,215740,269675
Okt-2026,TIGALAPANKAOS PALU,OVERSIZE RAGLAN MAMU,RGL OS PUTIH-TOFFEE M,0,4,0,0,53935,215740,215740
Mar-2026,TIGALAPANKAOS PALU,OVERSIZE RAGLAN MAMU,RGL OS PUTIH-TOFFEE S,0,5,0,0,53935,269675,0
Apr-2026,TIGALAPANKAOS PALU,OVERSIZE RAGLAN MAMU,RGL OS PUTIH-TOFFEE S,0,5,0,0,53935,269675,269675
Mei-2026,TIGALAPANKAOS PALU,OVERSIZE RAGLAN MAMU,RGL OS PUTIH-TOFFEE S,53935,4,0,0,53935,215740,269675
Jun-2026,TIGALAPANKAOS PALU,OVERSIZE RAGLAN MAMU,RGL OS PUTIH-TOFFEE S,53935,3,0,0,53935,161805,215740
Jul-2026,TIGALAPANKAOS PALU,OVERSIZE RAGLAN MAMU,RGL OS PUTIH-TOFFEE S,0,3,0,0,53935,161805,161805
Agu-2026,TIGALAPANKAOS PALU,OVERSIZE RAGLAN MAMU,RGL OS PUTIH-TOFFEE S,0,3,0,0,53935,161805,161805
Sep-2026,TIGALAPANKAOS PALU,OVERSIZE RAGLAN MAMU,RGL OS PUTIH-TOFFEE S,0,3,0,0,53935,161805,161805
Okt-2026,TIGALAPANKAOS PALU,OVERSIZE RAGLAN MAMU,RGL OS PUTIH-TOFFEE S,0,3,0,0,53935,161805,161805
Jan-2026,TIGALAPANKAOS PALU,OVERSIZE RAGLAN MAMU,RGL OS PUTIH-TOFFEE XL,0,5,0,0,53935,269675,0
Feb-2026,TIGALAPANKAOS PALU,OVERSIZE RAGLAN MAMU,RGL OS PUTIH-TOFFEE XL,0,5,0,0,53935,269675,269675
Mar-2026,TIGALAPANKAOS PALU,OVERSIZE RAGLAN MAMU,RGL OS PUTIH-TOFFEE XL,107870,3,0,0,53935,161805,269675
Apr-2026,TIGALAPANKAOS PALU,OVERSIZE RAGLAN MAMU,RGL OS PUTIH-TOFFEE XL,0,3,0,0,53935,161805,161805
Mei-2026,TIGALAPANKAOS PALU,OVERSIZE RAGLAN MAMU,RGL OS PUTIH-TOFFEE XL,0,3,0,0,53935,161805,161805
Jun-2026,TIGALAPANKAOS PALU,OVERSIZE RAGLAN MAMU,RGL OS PUTIH-TOFFEE XL,0,3,0,0,53935,161805,161805
Jul-2026,TIGALAPANKAOS PALU,OVERSIZE RAGLAN MAMU,RGL OS PUTIH-TOFFEE XL,0,5,0,0,53935,269675,161805
Agu-2026,TIGALAPANKAOS PALU,OVERSIZE RAGLAN MAMU,RGL OS PUTIH-TOFFEE XL,0,5,0,0,53935,269675,269675
Sep-2026,TIGALAPANKAOS PALU,OVERSIZE RAGLAN MAMU,RGL OS PUTIH-TOFFEE XL,0,5,0,0,53935,269675,269675
Okt-2026,TIGALAPANKAOS PALU,OVERSIZE RAGLAN MAMU,RGL OS PUTIH-TOFFEE XL,0,5,0,0,53935,269675,269675
Jan-2026,TIGALAPANKAOS SAMARINDA,OVERSIZE RAGLAN MAMU,RGL OS PUTIH-ARMY 2XL,0,4,0,0,50177,200708,0
Feb-2026,TIGALAPANKAOS SAMARINDA,OVERSIZE RAGLAN MAMU,RGL OS PUTIH-ARMY 2XL,0,4,0,0,50177,200708,200708
Mar-2026,TIGALAPANKAOS SAMARINDA,OVERSIZE RAGLAN MAMU,RGL OS PUTIH-ARMY 2XL,0,4,0,0,50177,200708,200708
Apr-2026,TIGALAPANKAOS SAMARINDA,OVERSIZE RAGLAN MAMU,RGL OS PUTIH-ARMY 2XL,0,4,0,0,50177,200708,200708
Mei-2026,TIGALAPANKAOS SAMARINDA,OVERSIZE RAGLAN MAMU,RGL OS PUTIH-ARMY 2XL,0,4,0,0,50177,200708,200708
Jun-2026,TIGALAPANKAOS SAMARINDA,OVERSIZE RAGLAN MAMU,RGL OS PUTIH-ARMY 2XL,0,4,0,0,50177,200708,200708
Jul-2026,TIGALAPANKAOS SAMARINDA,OVERSIZE RAGLAN MAMU,RGL OS PUTIH-ARMY 2XL,0,4,0,0,50177,200708,200708
Agu-2026,TIGALAPANKAOS SAMARINDA,OVERSIZE RAGLAN MAMU,RGL OS PUTIH-ARMY 2XL,0,4,0,0,50177,200708,200708
Sep-2026,TIGALAPANKAOS SAMARINDA,OVERSIZE RAGLAN MAMU,RGL OS PUTIH-ARMY 2XL,0,4,0,0,50177,200708,200708
Okt-2026,TIGALAPANKAOS SAMARINDA,OVERSIZE RAGLAN MAMU,RGL OS PUTIH-ARMY 2XL,0,4,0,0,50177,200708,200708
Jan-2026,TIGALAPANKAOS SAMARINDA,OVERSIZE RAGLAN MAMU,RGL OS PUTIH-ARMY L,0,8,0,0,50177,401416,0
Feb-2026,TIGALAPANKAOS SAMARINDA,OVERSIZE RAGLAN MAMU,RGL OS PUTIH-ARMY L,0,8,0,0,50177,401416,401416
Mar-2026,TIGALAPANKAOS SAMARINDA,OVERSIZE RAGLAN MAMU,RGL OS PUTIH-ARMY L,50177,7,0,0,50177,351239,401416
Apr-2026,TIGALAPANKAOS SAMARINDA,OVERSIZE RAGLAN MAMU,RGL OS PUTIH-ARMY L,0,7,0,0,50177,351239,351239
Mei-2026,TIGALAPANKAOS SAMARINDA,OVERSIZE RAGLAN MAMU,RGL OS PUTIH-ARMY L,0,7,0,0,50177,351239,351239
Jun-2026,TIGALAPANKAOS SAMARINDA,OVERSIZE RAGLAN MAMU,RGL OS PUTIH-ARMY L,50177,6,0,0,50177,301062,351239
Jul-2026,TIGALAPANKAOS SAMARINDA,OVERSIZE RAGLAN MAMU,RGL OS PUTIH-ARMY L,0,6,0,0,50177,301062,301062
Agu-2026,TIGALAPANKAOS SAMARINDA,OVERSIZE RAGLAN MAMU,RGL OS PUTIH-ARMY L,0,6,0,0,50177,301062,301062
Sep-2026,TIGALAPANKAOS SAMARINDA,OVERSIZE RAGLAN MAMU,RGL OS PUTIH-ARMY L,0,6,0,0,50177,301062,301062
Okt-2026,TIGALAPANKAOS SAMARINDA,OVERSIZE RAGLAN MAMU,RGL OS PUTIH-ARMY L,0,6,0,0,50177,301062,301062
Jan-2026,TIGALAPANKAOS SAMARINDA,OVERSIZE RAGLAN MAMU,RGL OS PUTIH-ARMY M,0,2,0,0,50177,100354,0
Feb-2026,TIGALAPANKAOS SAMARINDA,OVERSIZE RAGLAN MAMU,RGL OS PUTIH-ARMY M,0,2,0,0,50177,100354,100354
Mar-2026,TIGALAPANKAOS SAMARINDA,OVERSIZE RAGLAN MAMU,RGL OS PUTIH-ARMY M,100354,0,0,0,50177,0,100354
Jan-2026,TIGALAPANKAOS SAMARINDA,OVERSIZE RAGLAN MAMU,RGL OS PUTIH-ARMY XL,0,4,0,0,50177,200708,0
Feb-2026,TIGALAPANKAOS SAMARINDA,OVERSIZE RAGLAN MAMU,RGL OS PUTIH-ARMY XL,0,4,0,0,50177,200708,200708
Mar-2026,TIGALAPANKAOS SAMARINDA,OVERSIZE RAGLAN MAMU,RGL OS PUTIH-ARMY XL,0,4,0,0,50177,200708,200708
Apr-2026,TIGALAPANKAOS SAMARINDA,OVERSIZE RAGLAN MAMU,RGL OS PUTIH-ARMY XL,0,4,0,0,50177,200708,200708
Mei-2026,TIGALAPANKAOS SAMARINDA,OVERSIZE RAGLAN MAMU,RGL OS PUTIH-ARMY XL,0,4,0,0,50177,200708,200708
Jun-2026,TIGALAPANKAOS SAMARINDA,OVERSIZE RAGLAN MAMU,RGL OS PUTIH-ARMY XL,50177,3,0,0,50177,150531,200708
Jul-2026,TIGALAPANKAOS SAMARINDA,OVERSIZE RAGLAN MAMU,RGL OS PUTIH-ARMY XL,0,3,0,0,50177,150531,150531
Agu-2026,TIGALAPANKAOS SAMARINDA,OVERSIZE RAGLAN MAMU,RGL OS PUTIH-ARMY XL,0,3,0,0,50177,150531,150531
Sep-2026,TIGALAPANKAOS SAMARINDA,OVERSIZE RAGLAN MAMU,RGL OS PUTIH-ARMY XL,0,3,0,0,50177,150531,150531
Okt-2026,TIGALAPANKAOS SAMARINDA,OVERSIZE RAGLAN MAMU,RGL OS PUTIH-ARMY XL,0,3,0,0,50177,150531,150531
Jan-2026,TIGALAPANKAOS SAMARINDA,OVERSIZE RAGLAN MAMU,RGL OS PUTIH-JET BLACK 2XL,0,3,0,0,50881,152643,0
Feb-2026,TIGALAPANKAOS SAMARINDA,OVERSIZE RAGLAN MAMU,RGL OS PUTIH-JET BLACK 2XL,0,3,0,0,50881,152643,152643
Mar-2026,TIGALAPANKAOS SAMARINDA,OVERSIZE RAGLAN MAMU,RGL OS PUTIH-JET BLACK 2XL,50881,2,0,0,50881,101762,152643
Apr-2026,TIGALAPANKAOS SAMARINDA,OVERSIZE RAGLAN MAMU,RGL OS PUTIH-JET BLACK 2XL,0,4,0,0,50881,203524,101762
Mei-2026,TIGALAPANKAOS SAMARINDA,OVERSIZE RAGLAN MAMU,RGL OS PUTIH-JET BLACK 2XL,0,4,0,0,50881,203524,203524
Jun-2026,TIGALAPANKAOS SAMARINDA,OVERSIZE RAGLAN MAMU,RGL OS PUTIH-JET BLACK 2XL,0,4,0,0,50881,203524,203524
Jul-2026,TIGALAPANKAOS SAMARINDA,OVERSIZE RAGLAN MAMU,RGL OS PUTIH-JET BLACK 2XL,50881,4,0,0,50881,203524,203524
Agu-2026,TIGALAPANKAOS SAMARINDA,OVERSIZE RAGLAN MAMU,RGL OS PUTIH-JET BLACK 2XL,0,3,0,0,50881,152643,203524
Sep-2026,TIGALAPANKAOS SAMARINDA,OVERSIZE RAGLAN MAMU,RGL OS PUTIH-JET BLACK 2XL,50881,2,0,0,50881,101762,152643
Okt-2026,TIGALAPANKAOS SAMARINDA,OVERSIZE RAGLAN MAMU,RGL OS PUTIH-JET BLACK 2XL,0,2,0,0,50881,101762,101762
Jan-2026,TIGALAPANKAOS SAMARINDA,OVERSIZE RAGLAN MAMU,RGL OS PUTIH-JET BLACK L,50881,7,0,0,50881,356167,0
Feb-2026,TIGALAPANKAOS SAMARINDA,OVERSIZE RAGLAN MAMU,RGL OS PUTIH-JET BLACK L,0,7,0,0,50881,356167,356167
Mar-2026,TIGALAPANKAOS SAMARINDA,OVERSIZE RAGLAN MAMU,RGL OS PUTIH-JET BLACK L,0,7,0,0,50881,356167,356167
Apr-2026,TIGALAPANKAOS SAMARINDA,OVERSIZE RAGLAN MAMU,RGL OS PUTIH-JET BLACK L,0,7,0,0,50881,356167,356167
Mei-2026,TIGALAPANKAOS SAMARINDA,OVERSIZE RAGLAN MAMU,RGL OS PUTIH-JET BLACK L,0,7,0,0,50881,356167,356167
Jun-2026,TIGALAPANKAOS SAMARINDA,OVERSIZE RAGLAN MAMU,RGL OS PUTIH-JET BLACK L,0,7,0,0,50881,356167,356167
Jul-2026,TIGALAPANKAOS SAMARINDA,OVERSIZE RAGLAN MAMU,RGL OS PUTIH-JET BLACK L,0,7,0,0,50881,356167,356167
Agu-2026,TIGALAPANKAOS SAMARINDA,OVERSIZE RAGLAN MAMU,RGL OS PUTIH-JET BLACK L,0,7,0,0,50881,356167,356167
Sep-2026,TIGALAPANKAOS SAMARINDA,OVERSIZE RAGLAN MAMU,RGL OS PUTIH-JET BLACK L,50881,6,0,0,50881,305286,356167
Okt-2026,TIGALAPANKAOS SAMARINDA,OVERSIZE RAGLAN MAMU,RGL OS PUTIH-JET BLACK L,0,6,0,0,50881,305286,305286
Jan-2026,TIGALAPANKAOS SAMARINDA,OVERSIZE RAGLAN MAMU,RGL OS PUTIH-JET BLACK XL,50881,3,0,0,50881,152643,0
Feb-2026,TIGALAPANKAOS SAMARINDA,OVERSIZE RAGLAN MAMU,RGL OS PUTIH-JET BLACK XL,0,3,0,0,50881,152643,152643
Mar-2026,TIGALAPANKAOS SAMARINDA,OVERSIZE RAGLAN MAMU,RGL OS PUTIH-JET BLACK XL,0,3,0,0,50881,152643,152643
Apr-2026,TIGALAPANKAOS SAMARINDA,OVERSIZE RAGLAN MAMU,RGL OS PUTIH-JET BLACK XL,0,3,0,0,50881,152643,152643
Mei-2026,TIGALAPANKAOS SAMARINDA,OVERSIZE RAGLAN MAMU,RGL OS PUTIH-JET BLACK XL,0,3,0,0,50881,152643,152643
Jun-2026,TIGALAPANKAOS SAMARINDA,OVERSIZE RAGLAN MAMU,RGL OS PUTIH-JET BLACK XL,0,3,0,0,50881,152643,152643
Jul-2026,TIGALAPANKAOS SAMARINDA,OVERSIZE RAGLAN MAMU,RGL OS PUTIH-JET BLACK XL,0,3,0,0,50881,152643,152643
Agu-2026,TIGALAPANKAOS SAMARINDA,OVERSIZE RAGLAN MAMU,RGL OS PUTIH-JET BLACK XL,0,3,0,0,50881,152643,152643
Sep-2026,TIGALAPANKAOS SAMARINDA,OVERSIZE RAGLAN MAMU,RGL OS PUTIH-JET BLACK XL,0,3,0,0,50881,152643,152643
Okt-2026,TIGALAPANKAOS SAMARINDA,OVERSIZE RAGLAN MAMU,RGL OS PUTIH-JET BLACK XL,0,3,0,0,50881,152643,152643
Jan-2026,TIGALAPANKAOS SAMARINDA,OVERSIZE RAGLAN MAMU,RGL OS PUTIH-NAVY 2XL,0,5,0,0,50795,253975,0
Feb-2026,TIGALAPANKAOS SAMARINDA,OVERSIZE RAGLAN MAMU,RGL OS PUTIH-NAVY 2XL,0,5,0,0,50795,253975,253975
Mar-2026,TIGALAPANKAOS SAMARINDA,OVERSIZE RAGLAN MAMU,RGL OS PUTIH-NAVY 2XL,0,5,0,0,50795,253975,253975
Apr-2026,TIGALAPANKAOS SAMARINDA,OVERSIZE RAGLAN MAMU,RGL OS PUTIH-NAVY 2XL,0,5,0,0,50795,253975,253975
Mei-2026,TIGALAPANKAOS SAMARINDA,OVERSIZE RAGLAN MAMU,RGL OS PUTIH-NAVY 2XL,50795,4,0,0,50795,203180,253975
Jun-2026,TIGALAPANKAOS SAMARINDA,OVERSIZE RAGLAN MAMU,RGL OS PUTIH-NAVY 2XL,0,4,0,0,50795,203180,203180
Jul-2026,TIGALAPANKAOS SAMARINDA,OVERSIZE RAGLAN MAMU,RGL OS PUTIH-NAVY 2XL,0,4,0,0,50795,203180,203180
Agu-2026,TIGALAPANKAOS SAMARINDA,OVERSIZE RAGLAN MAMU,RGL OS PUTIH-NAVY 2XL,0,4,0,0,50795,203180,203180
Sep-2026,TIGALAPANKAOS SAMARINDA,OVERSIZE RAGLAN MAMU,RGL OS PUTIH-NAVY 2XL,0,4,0,0,50795,203180,203180
Okt-2026,TIGALAPANKAOS SAMARINDA,OVERSIZE RAGLAN MAMU,RGL OS PUTIH-NAVY 2XL,0,4,0,0,50795,203180,203180
Jan-2026,TIGALAPANKAOS SAMARINDA,OVERSIZE RAGLAN MAMU,RGL OS PUTIH-NAVY L,50795,7,0,0,50795,355565,0
Feb-2026,TIGALAPANKAOS SAMARINDA,OVERSIZE RAGLAN MAMU,RGL OS PUTIH-NAVY L,0,7,0,0,50795,355565,355565
Mar-2026,TIGALAPANKAOS SAMARINDA,OVERSIZE RAGLAN MAMU,RGL OS PUTIH-NAVY L,0,7,0,0,50795,355565,355565
Apr-2026,TIGALAPANKAOS SAMARINDA,OVERSIZE RAGLAN MAMU,RGL OS PUTIH-NAVY L,0,7,0,0,50795,355565,355565
Mei-2026,TIGALAPANKAOS SAMARINDA,OVERSIZE RAGLAN MAMU,RGL OS PUTIH-NAVY L,0,7,0,0,50795,355565,355565
Jun-2026,TIGALAPANKAOS SAMARINDA,OVERSIZE RAGLAN MAMU,RGL OS PUTIH-NAVY L,0,7,0,0,50795,355565,355565
Jul-2026,TIGALAPANKAOS SAMARINDA,OVERSIZE RAGLAN MAMU,RGL OS PUTIH-NAVY L,50795,6,0,0,50795,304770,355565
Agu-2026,TIGALAPANKAOS SAMARINDA,OVERSIZE RAGLAN MAMU,RGL OS PUTIH-NAVY L,0,6,0,0,50795,304770,304770
Sep-2026,TIGALAPANKAOS SAMARINDA,OVERSIZE RAGLAN MAMU,RGL OS PUTIH-NAVY L,0,6,0,0,50795,304770,304770
Okt-2026,TIGALAPANKAOS SAMARINDA,OVERSIZE RAGLAN MAMU,RGL OS PUTIH-NAVY L,0,6,0,0,50795,304770,304770
Jan-2026,TIGALAPANKAOS SAMARINDA,OVERSIZE RAGLAN MAMU,RGL OS PUTIH-NAVY M,0,4,0,0,50795,203180,0
Feb-2026,TIGALAPANKAOS SAMARINDA,OVERSIZE RAGLAN MAMU,RGL OS PUTIH-NAVY M,0,4,0,0,50795,203180,203180
Mar-2026,TIGALAPANKAOS SAMARINDA,OVERSIZE RAGLAN MAMU,RGL OS PUTIH-NAVY M,152385,1,0,0,50795,50795,203180
Apr-2026,TIGALAPANKAOS SAMARINDA,OVERSIZE RAGLAN MAMU,RGL OS PUTIH-NAVY M,0,1,0,0,50795,50795,50795
Mei-2026,TIGALAPANKAOS SAMARINDA,OVERSIZE RAGLAN MAMU,RGL OS PUTIH-NAVY M,0,1,0,0,50795,50795,50795
Jun-2026,TIGALAPANKAOS SAMARINDA,OVERSIZE RAGLAN MAMU,RGL OS PUTIH-NAVY M,0,1,0,0,50795,50795,50795
Jul-2026,TIGALAPANKAOS SAMARINDA,OVERSIZE RAGLAN MAMU,RGL OS PUTIH-NAVY M,0,1,0,0,50795,50795,50795
Agu-2026,TIGALAPANKAOS SAMARINDA,OVERSIZE RAGLAN MAMU,RGL OS PUTIH-NAVY M,0,1,0,0,50795,50795,50795
Sep-2026,TIGALAPANKAOS SAMARINDA,OVERSIZE RAGLAN MAMU,RGL OS PUTIH-NAVY M,0,1,0,0,50795,50795,50795
Okt-2026,TIGALAPANKAOS SAMARINDA,OVERSIZE RAGLAN MAMU,RGL OS PUTIH-NAVY M,0,1,0,0,50795,50795,50795
Jan-2026,TIGALAPANKAOS SAMARINDA,OVERSIZE RAGLAN MAMU,RGL OS PUTIH-NAVY XL,0,4,0,0,50795,203180,0
Feb-2026,TIGALAPANKAOS SAMARINDA,OVERSIZE RAGLAN MAMU,RGL OS PUTIH-NAVY XL,0,4,0,0,50795,203180,203180
Mar-2026,TIGALAPANKAOS SAMARINDA,OVERSIZE RAGLAN MAMU,RGL OS PUTIH-NAVY XL,0,4,0,0,50795,203180,203180
Apr-2026,TIGALAPANKAOS SAMARINDA,OVERSIZE RAGLAN MAMU,RGL OS PUTIH-NAVY XL,50795,3,0,0,50795,152385,203180
Mei-2026,TIGALAPANKAOS SAMARINDA,OVERSIZE RAGLAN MAMU,RGL OS PUTIH-NAVY XL,0,3,0,0,50795,152385,152385
Jun-2026,TIGALAPANKAOS SAMARINDA,OVERSIZE RAGLAN MAMU,RGL OS PUTIH-NAVY XL,0,3,0,0,50795,152385,152385
Jul-2026,TIGALAPANKAOS SAMARINDA,OVERSIZE RAGLAN MAMU,RGL OS PUTIH-NAVY XL,0,3,0,0,50795,152385,152385
Agu-2026,TIGALAPANKAOS SAMARINDA,OVERSIZE RAGLAN MAMU,RGL OS PUTIH-NAVY XL,0,3,0,0,50795,152385,152385
Sep-2026,TIGALAPANKAOS SAMARINDA,OVERSIZE RAGLAN MAMU,RGL OS PUTIH-NAVY XL,0,3,0,0,50795,152385,152385
Okt-2026,TIGALAPANKAOS SAMARINDA,OVERSIZE RAGLAN MAMU,RGL OS PUTIH-NAVY XL,0,3,0,0,50795,152385,152385
Jan-2026,TIGALAPANKAOS SAMARINDA,OVERSIZE RAGLAN MAMU,RGL OS PUTIH-TOFFEE 2XL,0,4,0,0,53935,215740,0
Feb-2026,TIGALAPANKAOS SAMARINDA,OVERSIZE RAGLAN MAMU,RGL OS PUTIH-TOFFEE 2XL,0,4,0,0,53935,215740,215740
Mar-2026,TIGALAPANKAOS SAMARINDA,OVERSIZE RAGLAN MAMU,RGL OS PUTIH-TOFFEE 2XL,0,4,0,0,53935,215740,215740
Apr-2026,TIGALAPANKAOS SAMARINDA,OVERSIZE RAGLAN MAMU,RGL OS PUTIH-TOFFEE 2XL,0,4,0,0,53935,215740,215740
Mei-2026,TIGALAPANKAOS SAMARINDA,OVERSIZE RAGLAN MAMU,RGL OS PUTIH-TOFFEE 2XL,0,4,0,0,53935,215740,215740
Jun-2026,TIGALAPANKAOS SAMARINDA,OVERSIZE RAGLAN MAMU,RGL OS PUTIH-TOFFEE 2XL,0,4,0,0,53935,215740,215740
Jul-2026,TIGALAPANKAOS SAMARINDA,OVERSIZE RAGLAN MAMU,RGL OS PUTIH-TOFFEE 2XL,0,4,0,0,53935,215740,215740
Agu-2026,TIGALAPANKAOS SAMARINDA,OVERSIZE RAGLAN MAMU,RGL OS PUTIH-TOFFEE 2XL,0,4,0,0,53935,215740,215740
Sep-2026,TIGALAPANKAOS SAMARINDA,OVERSIZE RAGLAN MAMU,RGL OS PUTIH-TOFFEE 2XL,53935,3,0,0,53935,161805,215740
Okt-2026,TIGALAPANKAOS SAMARINDA,OVERSIZE RAGLAN MAMU,RGL OS PUTIH-TOFFEE 2XL,0,3,0,0,53935,161805,161805
Jan-2026,TIGALAPANKAOS SAMARINDA,OVERSIZE RAGLAN MAMU,RGL OS PUTIH-TOFFEE L,53935,7,0,0,53935,377545,0
Feb-2026,TIGALAPANKAOS SAMARINDA,OVERSIZE RAGLAN MAMU,RGL OS PUTIH-TOFFEE L,0,7,0,0,53935,377545,377545
Mar-2026,TIGALAPANKAOS SAMARINDA,OVERSIZE RAGLAN MAMU,RGL OS PUTIH-TOFFEE L,0,7,0,0,53935,377545,377545
Apr-2026,TIGALAPANKAOS SAMARINDA,OVERSIZE RAGLAN MAMU,RGL OS PUTIH-TOFFEE L,0,7,0,0,53935,377545,377545
Mei-2026,TIGALAPANKAOS SAMARINDA,OVERSIZE RAGLAN MAMU,RGL OS PUTIH-TOFFEE L,0,7,0,0,53935,377545,377545
Jun-2026,TIGALAPANKAOS SAMARINDA,OVERSIZE RAGLAN MAMU,RGL OS PUTIH-TOFFEE L,53935,6,0,0,53935,323610,377545
Jul-2026,TIGALAPANKAOS SAMARINDA,OVERSIZE RAGLAN MAMU,RGL OS PUTIH-TOFFEE L,0,6,0,0,53935,323610,323610
Agu-2026,TIGALAPANKAOS SAMARINDA,OVERSIZE RAGLAN MAMU,RGL OS PUTIH-TOFFEE L,53935,5,0,0,53935,269675,323610
Sep-2026,TIGALAPANKAOS SAMARINDA,OVERSIZE RAGLAN MAMU,RGL OS PUTIH-TOFFEE L,53935,4,0,0,53935,215740,269675
Okt-2026,TIGALAPANKAOS SAMARINDA,OVERSIZE RAGLAN MAMU,RGL OS PUTIH-TOFFEE L,0,4,0,0,53935,215740,215740
Jan-2026,TIGALAPANKAOS SAMARINDA,OVERSIZE RAGLAN MAMU,RGL OS PUTIH-TOFFEE M,53935,2,0,0,53935,107870,0
Feb-2026,TIGALAPANKAOS SAMARINDA,OVERSIZE RAGLAN MAMU,RGL OS PUTIH-TOFFEE M,0,2,0,0,53935,107870,107870
Mar-2026,TIGALAPANKAOS SAMARINDA,OVERSIZE RAGLAN MAMU,RGL OS PUTIH-TOFFEE M,53935,1,0,0,53935,53935,107870
Apr-2026,TIGALAPANKAOS SAMARINDA,OVERSIZE RAGLAN MAMU,RGL OS PUTIH-TOFFEE M,0,1,0,0,53935,53935,53935
Mei-2026,TIGALAPANKAOS SAMARINDA,OVERSIZE RAGLAN MAMU,RGL OS PUTIH-TOFFEE M,0,1,0,0,53935,53935,53935
Jun-2026,TIGALAPANKAOS SAMARINDA,OVERSIZE RAGLAN MAMU,RGL OS PUTIH-TOFFEE M,0,1,0,0,53935,53935,53935
Jul-2026,TIGALAPANKAOS SAMARINDA,OVERSIZE RAGLAN MAMU,RGL OS PUTIH-TOFFEE M,0,1,0,0,53935,53935,53935
Agu-2026,TIGALAPANKAOS SAMARINDA,OVERSIZE RAGLAN MAMU,RGL OS PUTIH-TOFFEE M,53935,1,0,0,53935,53935,53935
Sep-2026,TIGALAPANKAOS SAMARINDA,OVERSIZE RAGLAN MAMU,RGL OS PUTIH-TOFFEE M,0,0,0,0,53935,0,53935
Jan-2026,TIGALAPANKAOS SAMARINDA,OVERSIZE RAGLAN MAMU,RGL OS PUTIH-TOFFEE XL,0,3,0,0,53935,161805,0
Feb-2026,TIGALAPANKAOS SAMARINDA,OVERSIZE RAGLAN MAMU,RGL OS PUTIH-TOFFEE XL,0,3,0,0,53935,161805,161805
Mar-2026,TIGALAPANKAOS SAMARINDA,OVERSIZE RAGLAN MAMU,RGL OS PUTIH-TOFFEE XL,0,3,0,0,53935,161805,161805
Apr-2026,TIGALAPANKAOS SAMARINDA,OVERSIZE RAGLAN MAMU,RGL OS PUTIH-TOFFEE XL,53935,2,0,0,53935,107870,161805
Mei-2026,TIGALAPANKAOS SAMARINDA,OVERSIZE RAGLAN MAMU,RGL OS PUTIH-TOFFEE XL,0,2,0,0,53935,107870,107870
Jun-2026,TIGALAPANKAOS SAMARINDA,OVERSIZE RAGLAN MAMU,RGL OS PUTIH-TOFFEE XL,53935,1,0,0,53935,53935,107870
Jul-2026,TIGALAPANKAOS SAMARINDA,OVERSIZE RAGLAN MAMU,RGL OS PUTIH-TOFFEE XL,0,1,0,0,53935,53935,53935
Agu-2026,TIGALAPANKAOS SAMARINDA,OVERSIZE RAGLAN MAMU,RGL OS PUTIH-TOFFEE XL,0,1,0,0,53935,53935,53935
Sep-2026,TIGALAPANKAOS SAMARINDA,OVERSIZE RAGLAN MAMU,RGL OS PUTIH-TOFFEE XL,0,1,0,0,53935,53935,53935
Okt-2026,TIGALAPANKAOS SAMARINDA,OVERSIZE RAGLAN MAMU,RGL OS PUTIH-TOFFEE XL,0,1,0,0,53935,53935,53935
Feb-2026,DC TIGALAPAN,OVERSIZE RAGLAN MAMU,RGL OS PUTIH-ARMY S,0,48,0,0,50177,2408496,0
Jun-2026,DC TIGALAPAN,OVERSIZE RAGLAN MAMU,RGL OS PUTIH-JET BLACK L,0,1,0,0,50881,50881,0
Jun-2026,DC TIGALAPAN,OVERSIZE RAGLAN MAMU,RGL OS PUTIH-JET BLACK M,0,17,0,0,50881,864977,0
Jul-2026,DC TIGALAPAN,OVERSIZE RAGLAN MAMU,RGL OS PUTIH-JET BLACK M,0,11,0,0,50881,559691,864977
Agu-2026,DC TIGALAPAN,OVERSIZE RAGLAN MAMU,RGL OS PUTIH-JET BLACK M,0,6,0,0,50881,305286,559691
Feb-2026,DC TIGALAPAN,OVERSIZE RAGLAN MAMU,RGL OS PUTIH-JET BLACK S,0,35,0,0,50881,1780835,0
Jun-2026,DC TIGALAPAN,OVERSIZE RAGLAN MAMU,RGL OS PUTIH-JET BLACK S,0,27,0,0,50881,1373787,0
Jul-2026,DC TIGALAPAN,OVERSIZE RAGLAN MAMU,RGL OS PUTIH-JET BLACK S,0,9,0,0,50881,457929,1373787
Agu-2026,DC TIGALAPAN,OVERSIZE RAGLAN MAMU,RGL OS PUTIH-JET BLACK S,0,1,0,0,50881,50881,457929
Sep-2026,DC TIGALAPAN,OVERSIZE RAGLAN MAMU,RGL OS PUTIH-JET BLACK S,0,1,0,0,50881,50881,50881
Okt-2026,DC TIGALAPAN,OVERSIZE RAGLAN MAMU,RGL OS PUTIH-JET BLACK S,0,1,0,0,50881,50881,50881
Jun-2026,DC TIGALAPAN,OVERSIZE RAGLAN MAMU,RGL OS PUTIH-JET BLACK XL,0,4,0,0,50881,203524,0
Feb-2026,DC TIGALAPAN,OVERSIZE RAGLAN MAMU,RGL OS PUTIH-NAVY L,0,8,0,0,50795,406360,0
Feb-2026,DC TIGALAPAN,OVERSIZE RAGLAN MAMU,RGL OS PUTIH-NAVY S,0,48,0,0,50795,2438160,0
Jun-2026,DC TIGALAPAN,OVERSIZE RAGLAN MAMU,RGL OS PUTIH-TOFFEE M,0,29,0,0,53935,1564115,0
Jul-2026,DC TIGALAPAN,OVERSIZE RAGLAN MAMU,RGL OS PUTIH-TOFFEE M,0,23,0,0,53935,1240505,1564115
Agu-2026,DC TIGALAPAN,OVERSIZE RAGLAN MAMU,RGL OS PUTIH-TOFFEE M,0,12,0,0,53935,647220,1240505
Sep-2026,DC TIGALAPAN,OVERSIZE RAGLAN MAMU,RGL OS PUTIH-TOFFEE M,0,3,0,0,53935,161805,647220
Feb-2026,DC TIGALAPAN,OVERSIZE RAGLAN MAMU,RGL OS PUTIH-TOFFEE S,0,40,0,0,53935,2157400,0
Jun-2026,DC TIGALAPAN,OVERSIZE RAGLAN MAMU,RGL OS PUTIH-TOFFEE S,0,3,0,0,53935,161805,0
Feb-2026,DC TIGALAPAN,OVERSIZE RAGLAN MAMU,RGL OS PUTIH-TOFFEE XL,0,1,0,0,53935,53935,0
Jun-2026,DC TIGALAPAN,OVERSIZE RAGLAN MAMU,RGL OS PUTIH-TOFFEE XL,0,13,0,0,53935,701155,0
Jul-2026,DC TIGALAPAN,OVERSIZE RAGLAN MAMU,RGL OS PUTIH-TOFFEE XL,0,9,0,0,53935,485415,701155
Agu-2026,DC TIGALAPAN,OVERSIZE RAGLAN MAMU,RGL OS PUTIH-TOFFEE XL,0,5,0,0,53935,269675,485415
Sep-2026,DC TIGALAPAN,OVERSIZE RAGLAN MAMU,RGL OS PUTIH-TOFFEE XL,0,5,0,0,53935,269675,269675
Okt-2026,DC TIGALAPAN,OVERSIZE RAGLAN MAMU,RGL OS PUTIH-TOFFEE XL,0,5,0,0,53935,269675,269675
Mar-2026,DC TIGALAPAN,OVERSIZE RAGLAN MAMU,RGL OS PUTIH-ARMY S,0,0,0,0,50177,0,2408496
Jul-2026,DC TIGALAPAN,OVERSIZE RAGLAN MAMU,RGL OS PUTIH-JET BLACK L,0,0,0,0,50881,0,50881
Sep-2026,DC TIGALAPAN,OVERSIZE RAGLAN MAMU,RGL OS PUTIH-JET BLACK M,0,0,0,0,50881,0,305286
Mar-2026,DC TIGALAPAN,OVERSIZE RAGLAN MAMU,RGL OS PUTIH-JET BLACK S,0,0,0,0,50881,0,1780835
Jul-2026,DC TIGALAPAN,OVERSIZE RAGLAN MAMU,RGL OS PUTIH-JET BLACK XL,0,0,0,0,50881,0,203524
Mar-2026,DC TIGALAPAN,OVERSIZE RAGLAN MAMU,RGL OS PUTIH-NAVY L,0,0,0,0,50795,0,406360
Mar-2026,DC TIGALAPAN,OVERSIZE RAGLAN MAMU,RGL OS PUTIH-NAVY S,0,0,0,0,50795,0,2438160
Okt-2026,DC TIGALAPAN,OVERSIZE RAGLAN MAMU,RGL OS PUTIH-TOFFEE M,0,0,0,0,53935,0,161805
Mar-2026,DC TIGALAPAN,OVERSIZE RAGLAN MAMU,RGL OS PUTIH-TOFFEE S,0,0,0,0,53935,0,2157400
Jul-2026,DC TIGALAPAN,OVERSIZE RAGLAN MAMU,RGL OS PUTIH-TOFFEE S,0,0,0,0,53935,0,161805
Mar-2026,DC TIGALAPAN,OVERSIZE RAGLAN MAMU,RGL OS PUTIH-TOFFEE XL,0,0,0,0,53935,0,53935
