Bulan,Store,Warna,Item,COGS,OH Qty,OD Qty,WIP Qty,HPP,Inventory Akhir,Inventory Awal
Jan-2026,MAMU BTP,OVERSIZE HW MAMU,ABU TUA OS PDK 2XL,61480,1,0,0,61480,61480,0
Feb-2026,MAMU BTP,OVERSIZE HW MAMU,ABU TUA OS PDK 2XL,61480,0,0,0,61480,0,61480
Apr-2026,MAMU BTP,OVERSIZE HW MAMU,ABU TUA OS PDK 2XL,0,6,0,0,61480,368880,0
Mei-2026,MAMU BTP,OVERSIZE HW MAMU,ABU TUA OS PDK 2XL,0,6,0,0,53390,320340,368880
Jun-2026,MAMU BTP,OVERSIZE HW MAMU,ABU TUA OS PDK 2XL,106780,4,0,0,53390,213560,320340
Jul-2026,MAMU BTP,OVERSIZE HW MAMU,ABU TUA OS PDK 2XL,0,4,0,0,53390,213560,213560
Agu-2026,MAMU BTP,OVERSIZE HW MAMU,ABU TUA OS PDK 2XL,53390,3,4,0,53390,373730,213560
Sep-2026,MAMU BTP,OVERSIZE HW MAMU,ABU TUA OS PDK 2XL,106780,5,0,0,53390,266950,373730
Okt-2026,MAMU BTP,OVERSIZE HW MAMU,ABU TUA OS PDK 2XL,0,5,0,0,53390,266950,266950
Jan-2026,MAMU BTP,OVERSIZE HW MAMU,ABU TUA OS PDK L,245920,11,0,0,61480,676280,0
Feb-2026,MAMU BTP,OVERSIZE HW MAMU,ABU TUA OS PDK L,122960,9,0,0,61480,553320,676280
Mar-2026,MAMU BTP,OVERSIZE HW MAMU,ABU TUA OS PDK L,368880,0,0,0,61480,0,553320
Apr-2026,MAMU BTP,OVERSIZE HW MAMU,ABU TUA OS PDK L,53390,8,10,0,53390,961020,0
Mei-2026,MAMU BTP,OVERSIZE HW MAMU,ABU TUA OS PDK L,320340,11,0,0,53390,587290,961020
Jun-2026,MAMU BTP,OVERSIZE HW MAMU,ABU TUA OS PDK L,160170,8,0,0,53390,427120,587290
Jul-2026,MAMU BTP,OVERSIZE HW MAMU,ABU TUA OS PDK L,160266,8,0,0,53390,427120,427120
Agu-2026,MAMU BTP,OVERSIZE HW MAMU,ABU TUA OS PDK L,160264,5,6,0,53390,587290,427120
Sep-2026,MAMU BTP,OVERSIZE HW MAMU,ABU TUA OS PDK L,106826,7,0,0,53390,373730,587290
Okt-2026,MAMU BTP,OVERSIZE HW MAMU,ABU TUA OS PDK L,0,7,0,0,53390,373730,373730
Jan-2026,MAMU BTP,OVERSIZE HW MAMU,ABU TUA OS PDK M,245920,21,0,0,61480,1291080,0
Feb-2026,MAMU BTP,OVERSIZE HW MAMU,ABU TUA OS PDK M,245920,18,0,0,61480,1106640,1291080
Mar-2026,MAMU BTP,OVERSIZE HW MAMU,ABU TUA OS PDK M,799240,0,0,0,61480,0,1106640
Apr-2026,MAMU BTP,OVERSIZE HW MAMU,ABU TUA OS PDK M,266950,5,5,0,53390,533900,0
Mei-2026,MAMU BTP,OVERSIZE HW MAMU,ABU TUA OS PDK M,427120,4,0,0,53390,213560,533900
Jun-2026,MAMU BTP,OVERSIZE HW MAMU,ABU TUA OS PDK M,53390,6,0,0,53390,320340,213560
Jul-2026,MAMU BTP,OVERSIZE HW MAMU,ABU TUA OS PDK M,106780,5,0,0,53390,266950,320340
Agu-2026,MAMU BTP,OVERSIZE HW MAMU,ABU TUA OS PDK M,160170,3,7,0,53390,533900,266950
Sep-2026,MAMU BTP,OVERSIZE HW MAMU,ABU TUA OS PDK M,0,10,0,0,53390,533900,533900
Okt-2026,MAMU BTP,OVERSIZE HW MAMU,ABU TUA OS PDK M,0,10,0,0,53390,533900,533900
Jan-2026,MAMU BTP,OVERSIZE HW MAMU,ABU TUA OS PDK S,737760,6,0,0,61480,368880,0
Feb-2026,MAMU BTP,OVERSIZE HW MAMU,ABU TUA OS PDK S,61480,5,0,0,61480,307400,368880
Mar-2026,MAMU BTP,OVERSIZE HW MAMU,ABU TUA OS PDK S,184440,0,20,0,53390,1067800,307400
Apr-2026,MAMU BTP,OVERSIZE HW MAMU,ABU TUA OS PDK S,373730,24,0,0,53390,1281360,1067800
Mei-2026,MAMU BTP,OVERSIZE HW MAMU,ABU TUA OS PDK S,320340,17,0,0,53603,911251,1281360
Jun-2026,MAMU BTP,OVERSIZE HW MAMU,ABU TUA OS PDK S,266950,12,0,0,53603,643236,911251
Jul-2026,MAMU BTP,OVERSIZE HW MAMU,ABU TUA OS PDK S,53390,11,0,0,53603,589633,643236
Agu-2026,MAMU BTP,OVERSIZE HW MAMU,ABU TUA OS PDK S,106780,11,5,0,53603,857648,589633
Sep-2026,MAMU BTP,OVERSIZE HW MAMU,ABU TUA OS PDK S,106780,12,0,0,53603,643236,857648
Okt-2026,MAMU BTP,OVERSIZE HW MAMU,ABU TUA OS PDK S,0,12,0,0,53603,643236,643236
Jan-2026,MAMU BTP,OVERSIZE HW MAMU,ABU TUA OS PDK XL,122960,10,0,0,61480,614800,0
Feb-2026,MAMU BTP,OVERSIZE HW MAMU,ABU TUA OS PDK XL,0,10,0,0,61480,614800,614800
Mar-2026,MAMU BTP,OVERSIZE HW MAMU,ABU TUA OS PDK XL,491840,0,0,0,61480,0,614800
Jun-2026,MAMU BTP,OVERSIZE HW MAMU,ABU TUA OS PDK XL,65700,4,0,0,53390,213560,0
Jul-2026,MAMU BTP,OVERSIZE HW MAMU,ABU TUA OS PDK XL,131400,6,0,0,53390,320340,213560
Agu-2026,MAMU BTP,OVERSIZE HW MAMU,ABU TUA OS PDK XL,65700,6,0,0,53390,320340,320340
Sep-2026,MAMU BTP,OVERSIZE HW MAMU,ABU TUA OS PDK XL,0,8,0,0,53390,427120,320340
Okt-2026,MAMU BTP,OVERSIZE HW MAMU,ABU TUA OS PDK XL,62050,7,0,0,53390,373730,427120
Jan-2026,MAMU BTP,OVERSIZE HW MAMU,COKLAT TUA OS PDK 2XL,0,2,0,0,56662,113324,0
Feb-2026,MAMU BTP,OVERSIZE HW MAMU,COKLAT TUA OS PDK 2XL,56662,1,0,0,56662,56662,113324
Mar-2026,MAMU BTP,OVERSIZE HW MAMU,COKLAT TUA OS PDK 2XL,56662,0,0,0,56662,0,56662
Apr-2026,MAMU BTP,OVERSIZE HW MAMU,COKLAT TUA OS PDK 2XL,0,9,0,0,56662,509958,0
Mei-2026,MAMU BTP,OVERSIZE HW MAMU,COKLAT TUA OS PDK 2XL,0,9,0,0,53371,480339,509958
Jun-2026,MAMU BTP,OVERSIZE HW MAMU,COKLAT TUA OS PDK 2XL,0,9,0,0,53371,480339,480339
Jul-2026,MAMU BTP,OVERSIZE HW MAMU,COKLAT TUA OS PDK 2XL,0,9,0,0,53371,480339,480339
Agu-2026,MAMU BTP,OVERSIZE HW MAMU,COKLAT TUA OS PDK 2XL,0,9,4,0,53371,693823,480339
Sep-2026,MAMU BTP,OVERSIZE HW MAMU,COKLAT TUA OS PDK 2XL,204588,10,0,0,53371,533710,693823
Okt-2026,MAMU BTP,OVERSIZE HW MAMU,COKLAT TUA OS PDK 2XL,0,10,0,0,53371,533710,533710
Jan-2026,MAMU BTP,OVERSIZE HW MAMU,COKLAT TUA OS PDK L,226648,2,0,0,56662,113324,0
Feb-2026,MAMU BTP,OVERSIZE HW MAMU,COKLAT TUA OS PDK L,113324,1,0,0,56662,56662,113324
Mar-2026,MAMU BTP,OVERSIZE HW MAMU,COKLAT TUA OS PDK L,56662,0,20,0,53371,1067420,56662
Apr-2026,MAMU BTP,OVERSIZE HW MAMU,COKLAT TUA OS PDK L,160113,27,0,0,53371,1441017,1067420
Mei-2026,MAMU BTP,OVERSIZE HW MAMU,COKLAT TUA OS PDK L,160113,24,0,0,53371,1280904,1441017
Jun-2026,MAMU BTP,OVERSIZE HW MAMU,COKLAT TUA OS PDK L,480339,15,0,0,53371,800565,1280904
Jul-2026,MAMU BTP,OVERSIZE HW MAMU,COKLAT TUA OS PDK L,202810,14,0,0,53371,747194,800565
Agu-2026,MAMU BTP,OVERSIZE HW MAMU,COKLAT TUA OS PDK L,563954,10,5,0,53371,800565,747194
Sep-2026,MAMU BTP,OVERSIZE HW MAMU,COKLAT TUA OS PDK L,156444,14,0,0,53371,747194,800565
Okt-2026,MAMU BTP,OVERSIZE HW MAMU,COKLAT TUA OS PDK L,0,13,0,0,53371,693823,747194
Jan-2026,MAMU BTP,OVERSIZE HW MAMU,COKLAT TUA OS PDK M,396634,5,0,0,56662,283310,0
Feb-2026,MAMU BTP,OVERSIZE HW MAMU,COKLAT TUA OS PDK M,226648,1,0,0,56662,56662,283310
Mar-2026,MAMU BTP,OVERSIZE HW MAMU,COKLAT TUA OS PDK M,56662,0,20,0,53371,1067420,56662
Apr-2026,MAMU BTP,OVERSIZE HW MAMU,COKLAT TUA OS PDK M,106742,18,0,0,53371,960678,1067420
Mei-2026,MAMU BTP,OVERSIZE HW MAMU,COKLAT TUA OS PDK M,160113,16,0,0,53371,853936,960678
Jun-2026,MAMU BTP,OVERSIZE HW MAMU,COKLAT TUA OS PDK M,106742,13,0,0,53371,693823,853936
Jul-2026,MAMU BTP,OVERSIZE HW MAMU,COKLAT TUA OS PDK M,253511,10,0,0,53371,533710,693823
Agu-2026,MAMU BTP,OVERSIZE HW MAMU,COKLAT TUA OS PDK M,1195653,8,5,0,53371,693823,533710
Sep-2026,MAMU BTP,OVERSIZE HW MAMU,COKLAT TUA OS PDK M,527042,5,0,0,53371,266855,693823
Okt-2026,MAMU BTP,OVERSIZE HW MAMU,COKLAT TUA OS PDK M,0,7,0,0,53371,373597,266855
Jan-2026,MAMU BTP,OVERSIZE HW MAMU,COKLAT TUA OS PDK S,226648,0,0,0,56662,0,0
Mar-2026,MAMU BTP,OVERSIZE HW MAMU,COKLAT TUA OS PDK S,0,0,20,0,53371,1067420,0
Apr-2026,MAMU BTP,OVERSIZE HW MAMU,COKLAT TUA OS PDK S,426968,22,0,0,53371,1174162,1067420
Mei-2026,MAMU BTP,OVERSIZE HW MAMU,COKLAT TUA OS PDK S,320226,16,0,0,53371,853936,1174162
Jun-2026,MAMU BTP,OVERSIZE HW MAMU,COKLAT TUA OS PDK S,533710,6,0,0,53371,320226,853936
Jul-2026,MAMU BTP,OVERSIZE HW MAMU,COKLAT TUA OS PDK S,288087,5,0,0,53371,266855,320226
Agu-2026,MAMU BTP,OVERSIZE HW MAMU,COKLAT TUA OS PDK S,486807,4,5,0,53371,480339,266855
Sep-2026,MAMU BTP,OVERSIZE HW MAMU,COKLAT TUA OS PDK S,107194,6,0,0,53371,320226,480339
Okt-2026,MAMU BTP,OVERSIZE HW MAMU,COKLAT TUA OS PDK S,119208,5,0,0,53371,266855,320226
Jan-2026,MAMU BTP,OVERSIZE HW MAMU,COKLAT TUA OS PDK XL,226648,3,0,0,56662,169986,0
Feb-2026,MAMU BTP,OVERSIZE HW MAMU,COKLAT TUA OS PDK XL,0,2,0,0,56662,113324,169986
Mar-2026,MAMU BTP,OVERSIZE HW MAMU,COKLAT TUA OS PDK XL,113324,0,0,0,56662,0,113324
Apr-2026,MAMU BTP,OVERSIZE HW MAMU,COKLAT TUA OS PDK XL,53371,9,0,0,56662,509958,0
Mei-2026,MAMU BTP,OVERSIZE HW MAMU,COKLAT TUA OS PDK XL,106742,7,0,0,53371,373597,509958
Jun-2026,MAMU BTP,OVERSIZE HW MAMU,COKLAT TUA OS PDK XL,106742,5,0,0,53371,266855,373597
Jul-2026,MAMU BTP,OVERSIZE HW MAMU,COKLAT TUA OS PDK XL,169491,5,0,0,53371,266855,266855
Agu-2026,MAMU BTP,OVERSIZE HW MAMU,COKLAT TUA OS PDK XL,367697,4,6,0,53371,533710,266855
Sep-2026,MAMU BTP,OVERSIZE HW MAMU,COKLAT TUA OS PDK XL,177956,8,0,0,53371,426968,533710
Okt-2026,MAMU BTP,OVERSIZE HW MAMU,COKLAT TUA OS PDK XL,0,8,0,0,53371,426968,426968
Jan-2026,MAMU BTP,OVERSIZE HW MAMU,DENIM BLUE OS PDK 2XL,0,3,0,0,61936,185808,0
Feb-2026,MAMU BTP,OVERSIZE HW MAMU,DENIM BLUE OS PDK 2XL,61936,2,0,0,61936,123872,185808
Mar-2026,MAMU BTP,OVERSIZE HW MAMU,DENIM BLUE OS PDK 2XL,123872,0,0,0,61936,0,123872
Apr-2026,MAMU BTP,OVERSIZE HW MAMU,DENIM BLUE OS PDK 2XL,0,4,0,0,61936,247744,0
Mei-2026,MAMU BTP,OVERSIZE HW MAMU,DENIM BLUE OS PDK 2XL,0,4,0,0,54375,217500,247744
Jun-2026,MAMU BTP,OVERSIZE HW MAMU,DENIM BLUE OS PDK 2XL,0,4,0,0,54375,217500,217500
Jul-2026,MAMU BTP,OVERSIZE HW MAMU,DENIM BLUE OS PDK 2XL,0,4,0,0,54375,217500,217500
Agu-2026,MAMU BTP,OVERSIZE HW MAMU,DENIM BLUE OS PDK 2XL,54375,4,4,0,54375,435000,217500
Sep-2026,MAMU BTP,OVERSIZE HW MAMU,DENIM BLUE OS PDK 2XL,587220,0,0,0,61936,0,435000
Jan-2026,MAMU BTP,OVERSIZE HW MAMU,DENIM BLUE OS PDK L,122516,1,0,0,61936,61936,0
Feb-2026,MAMU BTP,OVERSIZE HW MAMU,DENIM BLUE OS PDK L,61258,0,0,0,61936,0,61936
Mar-2026,MAMU BTP,OVERSIZE HW MAMU,DENIM BLUE OS PDK L,0,0,21,0,54461,1143681,0
Apr-2026,MAMU BTP,OVERSIZE HW MAMU,DENIM BLUE OS PDK L,108832,28,0,0,54426,1523928,1143681
Mei-2026,MAMU BTP,OVERSIZE HW MAMU,DENIM BLUE OS PDK L,0,28,0,0,54388,1522864,1523928
Jun-2026,MAMU BTP,OVERSIZE HW MAMU,DENIM BLUE OS PDK L,54416,27,0,0,54388,1468476,1522864
Jul-2026,MAMU BTP,OVERSIZE HW MAMU,DENIM BLUE OS PDK L,54416,27,0,0,54388,1468476,1468476
Agu-2026,MAMU BTP,OVERSIZE HW MAMU,DENIM BLUE OS PDK L,52401,26,0,0,54388,1414088,1468476
Sep-2026,MAMU BTP,OVERSIZE HW MAMU,DENIM BLUE OS PDK L,2178839,6,0,0,54388,326328,1414088
Okt-2026,MAMU BTP,OVERSIZE HW MAMU,DENIM BLUE OS PDK L,54306,5,0,0,54388,271940,326328
Jan-2026,MAMU BTP,OVERSIZE HW MAMU,DENIM BLUE OS PDK M,61936,20,0,0,61936,1238720,0
Feb-2026,MAMU BTP,OVERSIZE HW MAMU,DENIM BLUE OS PDK M,123872,18,0,0,61936,1114848,1238720
Mar-2026,MAMU BTP,OVERSIZE HW MAMU,DENIM BLUE OS PDK M,1052912,1,0,0,61936,61936,1114848
Apr-2026,MAMU BTP,OVERSIZE HW MAMU,DENIM BLUE OS PDK M,55062,10,0,0,54375,543750,61936
Mei-2026,MAMU BTP,OVERSIZE HW MAMU,DENIM BLUE OS PDK M,55062,9,0,0,54375,489375,543750
Jun-2026,MAMU BTP,OVERSIZE HW MAMU,DENIM BLUE OS PDK M,110124,7,0,0,54375,380625,489375
Jul-2026,MAMU BTP,OVERSIZE HW MAMU,DENIM BLUE OS PDK M,55062,5,0,0,54375,271875,380625
Agu-2026,MAMU BTP,OVERSIZE HW MAMU,DENIM BLUE OS PDK M,54948,5,1,0,54375,326250,271875
Sep-2026,MAMU BTP,OVERSIZE HW MAMU,DENIM BLUE OS PDK M,1673727,6,0,0,54375,326250,326250
Okt-2026,MAMU BTP,OVERSIZE HW MAMU,DENIM BLUE OS PDK M,0,6,0,0,54375,326250,326250
Jan-2026,MAMU BTP,OVERSIZE HW MAMU,DENIM BLUE OS PDK S,123872,8,0,0,61936,495488,0
Feb-2026,MAMU BTP,OVERSIZE HW MAMU,DENIM BLUE OS PDK S,61936,7,0,0,61936,433552,495488
Mar-2026,MAMU BTP,OVERSIZE HW MAMU,DENIM BLUE OS PDK S,433552,0,20,0,54375,1087500,433552
Apr-2026,MAMU BTP,OVERSIZE HW MAMU,DENIM BLUE OS PDK S,271875,20,0,0,54375,1087500,1087500
Mei-2026,MAMU BTP,OVERSIZE HW MAMU,DENIM BLUE OS PDK S,217500,17,0,0,54375,924375,1087500
Jun-2026,MAMU BTP,OVERSIZE HW MAMU,DENIM BLUE OS PDK S,380625,9,0,0,54375,489375,924375
Jul-2026,MAMU BTP,OVERSIZE HW MAMU,DENIM BLUE OS PDK S,108750,9,0,0,54375,489375,489375
Agu-2026,MAMU BTP,OVERSIZE HW MAMU,DENIM BLUE OS PDK S,275424,5,5,0,54375,543750,489375
Sep-2026,MAMU BTP,OVERSIZE HW MAMU,DENIM BLUE OS PDK S,0,8,0,0,54375,435000,543750
Okt-2026,MAMU BTP,OVERSIZE HW MAMU,DENIM BLUE OS PDK S,0,8,0,0,54375,435000,435000
Jan-2026,MAMU BTP,OVERSIZE HW MAMU,DENIM BLUE OS PDK XL,179358,7,0,0,61936,433552,0
Feb-2026,MAMU BTP,OVERSIZE HW MAMU,DENIM BLUE OS PDK XL,0,7,0,0,61936,433552,433552
Mar-2026,MAMU BTP,OVERSIZE HW MAMU,DENIM BLUE OS PDK XL,418502,0,1,0,53483,53483,433552
Apr-2026,MAMU BTP,OVERSIZE HW MAMU,DENIM BLUE OS PDK XL,53483,10,0,0,53483,534830,53483
Mei-2026,MAMU BTP,OVERSIZE HW MAMU,DENIM BLUE OS PDK XL,54375,9,0,0,54375,489375,534830
Jun-2026,MAMU BTP,OVERSIZE HW MAMU,DENIM BLUE OS PDK XL,108750,7,0,0,54375,380625,489375
Jul-2026,MAMU BTP,OVERSIZE HW MAMU,DENIM BLUE OS PDK XL,54375,8,0,0,54375,435000,380625
Agu-2026,MAMU BTP,OVERSIZE HW MAMU,DENIM BLUE OS PDK XL,0,8,5,0,54375,706875,435000
Sep-2026,MAMU BTP,OVERSIZE HW MAMU,DENIM BLUE OS PDK XL,1834722,1,0,0,54375,54375,706875
Okt-2026,MAMU BTP,OVERSIZE HW MAMU,DENIM BLUE OS PDK XL,0,1,0,0,54375,54375,54375
Jan-2026,MAMU BTP,OVERSIZE HW MAMU,JET BLACK OS PDK 2XL,58009,0,0,0,58009,0,0
Apr-2026,MAMU BTP,OVERSIZE HW MAMU,JET BLACK OS PDK 2XL,0,10,0,0,58009,580090,0
Mei-2026,MAMU BTP,OVERSIZE HW MAMU,JET BLACK OS PDK 2XL,245880,7,0,0,61470,430290,580090
Jun-2026,MAMU BTP,OVERSIZE HW MAMU,JET BLACK OS PDK 2XL,498771,5,0,0,61470,307350,430290
Jul-2026,MAMU BTP,OVERSIZE HW MAMU,JET BLACK OS PDK 2XL,136962,4,0,0,61470,245880,307350
Agu-2026,MAMU BTP,OVERSIZE HW MAMU,JET BLACK OS PDK 2XL,512793,0,0,0,58009,0,245880
Jan-2026,MAMU BTP,OVERSIZE HW MAMU,JET BLACK OS PDK L,522081,31,0,0,61029,1891899,0
Feb-2026,MAMU BTP,OVERSIZE HW MAMU,JET BLACK OS PDK L,731100,9,0,0,61029,549261,1891899
Mar-2026,MAMU BTP,OVERSIZE HW MAMU,JET BLACK OS PDK L,548325,2,0,0,60919,121838,549261
Apr-2026,MAMU BTP,OVERSIZE HW MAMU,JET BLACK OS PDK L,183083,9,0,0,60919,548271,121838
Mei-2026,MAMU BTP,OVERSIZE HW MAMU,JET BLACK OS PDK L,614670,20,0,0,61467,1229340,548271
Jun-2026,MAMU BTP,OVERSIZE HW MAMU,JET BLACK OS PDK L,245868,15,0,0,61467,922005,1229340
Jul-2026,MAMU BTP,OVERSIZE HW MAMU,JET BLACK OS PDK L,245868,12,0,0,61467,737604,922005
Agu-2026,MAMU BTP,OVERSIZE HW MAMU,JET BLACK OS PDK L,430269,7,0,0,61467,430269,737604
Sep-2026,MAMU BTP,OVERSIZE HW MAMU,JET BLACK OS PDK L,308460,7,0,0,61467,430269,430269
Okt-2026,MAMU BTP,OVERSIZE HW MAMU,JET BLACK OS PDK L,0,7,0,0,61467,430269,430269
Jan-2026,MAMU BTP,OVERSIZE HW MAMU,JET BLACK OS PDK M,117929,79,0,0,61029,4821291,0
Feb-2026,MAMU BTP,OVERSIZE HW MAMU,JET BLACK OS PDK M,1378160,57,0,0,61029,3478653,4821291
Mar-2026,MAMU BTP,OVERSIZE HW MAMU,JET BLACK OS PDK M,3175760,1,20,0,60919,1279299,3478653
Apr-2026,MAMU BTP,OVERSIZE HW MAMU,JET BLACK OS PDK M,364515,26,0,0,60919,1583894,1279299
Mei-2026,MAMU BTP,OVERSIZE HW MAMU,JET BLACK OS PDK M,791947,33,0,0,60919,2010327,1583894
Jun-2026,MAMU BTP,OVERSIZE HW MAMU,JET BLACK OS PDK M,243676,29,0,0,60919,1766651,2010327
Jul-2026,MAMU BTP,OVERSIZE HW MAMU,JET BLACK OS PDK M,182755,27,0,0,60919,1644813,1766651
Agu-2026,MAMU BTP,OVERSIZE HW MAMU,JET BLACK OS PDK M,304590,23,2,0,60919,1522975,1644813
Sep-2026,MAMU BTP,OVERSIZE HW MAMU,JET BLACK OS PDK M,243672,10,0,0,60919,609190,1522975
Okt-2026,MAMU BTP,OVERSIZE HW MAMU,JET BLACK OS PDK M,0,10,0,0,60919,609190,609190
Jan-2026,MAMU BTP,OVERSIZE HW MAMU,JET BLACK OS PDK S,877212,61,0,0,61029,3722769,0
Feb-2026,MAMU BTP,OVERSIZE HW MAMU,JET BLACK OS PDK S,845152,50,0,0,61029,3051450,3722769
Mar-2026,MAMU BTP,OVERSIZE HW MAMU,JET BLACK OS PDK S,2962064,18,20,0,60973,2316974,3051450
Apr-2026,MAMU BTP,OVERSIZE HW MAMU,JET BLACK OS PDK S,365394,34,0,0,60973,2073082,2316974
Mei-2026,MAMU BTP,OVERSIZE HW MAMU,JET BLACK OS PDK S,669889,23,0,0,60973,1402379,2073082
Jun-2026,MAMU BTP,OVERSIZE HW MAMU,JET BLACK OS PDK S,304495,18,0,0,60973,1097514,1402379
Jul-2026,MAMU BTP,OVERSIZE HW MAMU,JET BLACK OS PDK S,60899,18,0,0,60973,1097514,1097514
Agu-2026,MAMU BTP,OVERSIZE HW MAMU,JET BLACK OS PDK S,609018,9,5,0,60973,853622,1097514
Sep-2026,MAMU BTP,OVERSIZE HW MAMU,JET BLACK OS PDK S,60927,8,0,0,60973,487784,853622
Okt-2026,MAMU BTP,OVERSIZE HW MAMU,JET BLACK OS PDK S,0,7,0,0,60973,426811,487784
Jan-2026,MAMU BTP,OVERSIZE HW MAMU,JET BLACK OS PDK XL,116018,0,0,0,58009,0,0
Apr-2026,MAMU BTP,OVERSIZE HW MAMU,JET BLACK OS PDK XL,184410,7,3,0,58009,580090,0
Mei-2026,MAMU BTP,OVERSIZE HW MAMU,JET BLACK OS PDK XL,614700,0,0,0,58009,0,580090
Jun-2026,MAMU BTP,OVERSIZE HW MAMU,JET BLACK OS PDK XL,78295,4,0,0,61470,245880,0
Jul-2026,MAMU BTP,OVERSIZE HW MAMU,JET BLACK OS PDK XL,156590,5,0,0,61470,307350,245880
Agu-2026,MAMU BTP,OVERSIZE HW MAMU,JET BLACK OS PDK XL,289144,2,5,0,61470,430290,307350
Sep-2026,MAMU BTP,OVERSIZE HW MAMU,JET BLACK OS PDK XL,198831,0,0,0,58009,0,430290
Jan-2026,MAMU BTP,OVERSIZE HW MAMU,MINERAL GREEN OS PDK 2XL,0,4,0,0,61488,245952,0
Feb-2026,MAMU BTP,OVERSIZE HW MAMU,MINERAL GREEN OS PDK 2XL,122114,2,0,0,61488,122976,245952
Mar-2026,MAMU BTP,OVERSIZE HW MAMU,MINERAL GREEN OS PDK 2XL,122114,0,0,0,61488,0,122976
Apr-2026,MAMU BTP,OVERSIZE HW MAMU,MINERAL GREEN OS PDK 2XL,56747,6,0,0,61488,368928,0
Mei-2026,MAMU BTP,OVERSIZE HW MAMU,MINERAL GREEN OS PDK 2XL,113494,4,0,0,56747,226988,368928
Jun-2026,MAMU BTP,OVERSIZE HW MAMU,MINERAL GREEN OS PDK 2XL,0,3,0,0,56747,170241,226988
Jul-2026,MAMU BTP,OVERSIZE HW MAMU,MINERAL GREEN OS PDK 2XL,56747,2,0,0,56747,113494,170241
Agu-2026,MAMU BTP,OVERSIZE HW MAMU,MINERAL GREEN OS PDK 2XL,0,2,2,0,56747,226988,113494
Sep-2026,MAMU BTP,OVERSIZE HW MAMU,MINERAL GREEN OS PDK 2XL,56747,3,0,0,56747,170241,226988
Okt-2026,MAMU BTP,OVERSIZE HW MAMU,MINERAL GREEN OS PDK 2XL,0,3,0,0,56747,170241,170241
Jan-2026,MAMU BTP,OVERSIZE HW MAMU,MINERAL GREEN OS PDK L,61488,5,0,0,61488,307440,0
Feb-2026,MAMU BTP,OVERSIZE HW MAMU,MINERAL GREEN OS PDK L,61488,4,0,0,61488,245952,307440
Mar-2026,MAMU BTP,OVERSIZE HW MAMU,MINERAL GREEN OS PDK L,122976,0,20,0,56747,1134940,245952
Apr-2026,MAMU BTP,OVERSIZE HW MAMU,MINERAL GREEN OS PDK L,56747,19,0,0,56747,1078193,1134940
Mei-2026,MAMU BTP,OVERSIZE HW MAMU,MINERAL GREEN OS PDK L,113494,17,0,0,56747,964699,1078193
Jun-2026,MAMU BTP,OVERSIZE HW MAMU,MINERAL GREEN OS PDK L,113494,15,0,0,56747,851205,964699
Jul-2026,MAMU BTP,OVERSIZE HW MAMU,MINERAL GREEN OS PDK L,53200,15,0,0,56747,851205,851205
Agu-2026,MAMU BTP,OVERSIZE HW MAMU,MINERAL GREEN OS PDK L,106400,13,5,0,56747,1021446,851205
Sep-2026,MAMU BTP,OVERSIZE HW MAMU,MINERAL GREEN OS PDK L,162780,16,0,0,56747,907952,1021446
Okt-2026,MAMU BTP,OVERSIZE HW MAMU,MINERAL GREEN OS PDK L,0,16,0,0,56747,907952,907952
Jan-2026,MAMU BTP,OVERSIZE HW MAMU,MINERAL GREEN OS PDK M,122976,20,0,0,61488,1229760,0
Feb-2026,MAMU BTP,OVERSIZE HW MAMU,MINERAL GREEN OS PDK M,122976,18,0,0,61488,1106784,1229760
Mar-2026,MAMU BTP,OVERSIZE HW MAMU,MINERAL GREEN OS PDK M,1106784,0,0,0,61488,0,1106784
Apr-2026,MAMU BTP,OVERSIZE HW MAMU,MINERAL GREEN OS PDK M,56747,9,0,0,61488,553392,0
Mei-2026,MAMU BTP,OVERSIZE HW MAMU,MINERAL GREEN OS PDK M,56747,8,0,0,56747,453976,553392
Jun-2026,MAMU BTP,OVERSIZE HW MAMU,MINERAL GREEN OS PDK M,170241,5,0,0,56747,283735,453976
Jul-2026,MAMU BTP,OVERSIZE HW MAMU,MINERAL GREEN OS PDK M,0,6,0,0,56747,340482,283735
Agu-2026,MAMU BTP,OVERSIZE HW MAMU,MINERAL GREEN OS PDK M,0,6,5,0,56747,624217,340482
Sep-2026,MAMU BTP,OVERSIZE HW MAMU,MINERAL GREEN OS PDK M,103176,9,0,0,56747,510723,624217
Okt-2026,MAMU BTP,OVERSIZE HW MAMU,MINERAL GREEN OS PDK M,0,9,0,0,56747,510723,510723
Jan-2026,MAMU BTP,OVERSIZE HW MAMU,MINERAL GREEN OS PDK S,368928,8,0,0,61488,491904,0
Feb-2026,MAMU BTP,OVERSIZE HW MAMU,MINERAL GREEN OS PDK S,61488,7,0,0,61488,430416,491904
Mar-2026,MAMU BTP,OVERSIZE HW MAMU,MINERAL GREEN OS PDK S,307440,0,20,0,56747,1134940,430416
Apr-2026,MAMU BTP,OVERSIZE HW MAMU,MINERAL GREEN OS PDK S,170241,17,0,0,56747,964699,1134940
Mei-2026,MAMU BTP,OVERSIZE HW MAMU,MINERAL GREEN OS PDK S,283735,12,0,0,56747,680964,964699
Jun-2026,MAMU BTP,OVERSIZE HW MAMU,MINERAL GREEN OS PDK S,113494,10,0,0,56747,567470,680964
Jul-2026,MAMU BTP,OVERSIZE HW MAMU,MINERAL GREEN OS PDK S,0,11,0,0,56747,624217,567470
Agu-2026,MAMU BTP,OVERSIZE HW MAMU,MINERAL GREEN OS PDK S,0,11,5,0,56747,907952,624217
Sep-2026,MAMU BTP,OVERSIZE HW MAMU,MINERAL GREEN OS PDK S,53200,15,0,0,56747,851205,907952
Okt-2026,MAMU BTP,OVERSIZE HW MAMU,MINERAL GREEN OS PDK S,0,15,0,0,56747,851205,851205
Jan-2026,MAMU BTP,OVERSIZE HW MAMU,MINERAL GREEN OS PDK XL,61199,9,0,0,61488,553392,0
Feb-2026,MAMU BTP,OVERSIZE HW MAMU,MINERAL GREEN OS PDK XL,0,9,0,0,61488,553392,553392
Mar-2026,MAMU BTP,OVERSIZE HW MAMU,MINERAL GREEN OS PDK XL,428393,0,1,0,63332,63332,553392
Apr-2026,MAMU BTP,OVERSIZE HW MAMU,MINERAL GREEN OS PDK XL,0,12,0,0,63332,759984,63332
Mei-2026,MAMU BTP,OVERSIZE HW MAMU,MINERAL GREEN OS PDK XL,173535,9,0,0,56747,510723,759984
Jun-2026,MAMU BTP,OVERSIZE HW MAMU,MINERAL GREEN OS PDK XL,0,9,0,0,56747,510723,510723
Jul-2026,MAMU BTP,OVERSIZE HW MAMU,MINERAL GREEN OS PDK XL,57845,9,0,0,56747,510723,510723
Agu-2026,MAMU BTP,OVERSIZE HW MAMU,MINERAL GREEN OS PDK XL,173036,6,5,0,56747,624217,510723
Sep-2026,MAMU BTP,OVERSIZE HW MAMU,MINERAL GREEN OS PDK XL,0,12,0,0,56747,680964,624217
Okt-2026,MAMU BTP,OVERSIZE HW MAMU,MINERAL GREEN OS PDK XL,0,12,0,0,56747,680964,680964
Jan-2026,MAMU BTP,OVERSIZE HW MAMU,PUTIH OS PDK 2XL,64246,4,0,0,64246,256984,0
Feb-2026,MAMU BTP,OVERSIZE HW MAMU,PUTIH OS PDK 2XL,64246,3,0,0,64246,192738,256984
Mar-2026,MAMU BTP,OVERSIZE HW MAMU,PUTIH OS PDK 2XL,192738,0,0,0,64246,0,192738
Apr-2026,MAMU BTP,OVERSIZE HW MAMU,PUTIH OS PDK 2XL,0,10,0,0,64246,642460,0
Mei-2026,MAMU BTP,OVERSIZE HW MAMU,PUTIH OS PDK 2XL,51895,9,0,0,51895,467055,642460
Jun-2026,MAMU BTP,OVERSIZE HW MAMU,PUTIH OS PDK 2XL,0,9,0,0,51895,467055,467055
Jul-2026,MAMU BTP,OVERSIZE HW MAMU,PUTIH OS PDK 2XL,51895,9,0,0,51895,467055,467055
Agu-2026,MAMU BTP,OVERSIZE HW MAMU,PUTIH OS PDK 2XL,103790,10,0,0,51895,518950,467055
Sep-2026,MAMU BTP,OVERSIZE HW MAMU,PUTIH OS PDK 2XL,108368,9,0,0,51895,467055,518950
Okt-2026,MAMU BTP,OVERSIZE HW MAMU,PUTIH OS PDK 2XL,0,9,0,0,51895,467055,467055
Jan-2026,MAMU BTP,OVERSIZE HW MAMU,PUTIH OS PDK L,513968,3,0,0,64246,192738,0
Feb-2026,MAMU BTP,OVERSIZE HW MAMU,PUTIH OS PDK L,64246,1,0,0,64246,64246,192738
Mar-2026,MAMU BTP,OVERSIZE HW MAMU,PUTIH OS PDK L,0,0,20,0,51895,1037900,64246
Apr-2026,MAMU BTP,OVERSIZE HW MAMU,PUTIH OS PDK L,0,20,0,0,51895,1037900,1037900
Mei-2026,MAMU BTP,OVERSIZE HW MAMU,PUTIH OS PDK L,103790,18,0,0,51895,934110,1037900
Jun-2026,MAMU BTP,OVERSIZE HW MAMU,PUTIH OS PDK L,207580,14,0,0,51895,726530,934110
Jul-2026,MAMU BTP,OVERSIZE HW MAMU,PUTIH OS PDK L,259475,11,0,0,51895,570845,726530
Agu-2026,MAMU BTP,OVERSIZE HW MAMU,PUTIH OS PDK L,622740,7,4,0,51895,570845,570845
Sep-2026,MAMU BTP,OVERSIZE HW MAMU,PUTIH OS PDK L,103234,6,0,0,51895,311370,570845
Okt-2026,MAMU BTP,OVERSIZE HW MAMU,PUTIH OS PDK L,0,6,0,0,51895,311370,311370
Jan-2026,MAMU BTP,OVERSIZE HW MAMU,PUTIH OS PDK M,385476,26,0,0,64246,1670396,0
Feb-2026,MAMU BTP,OVERSIZE HW MAMU,PUTIH OS PDK M,1092182,9,0,0,64246,578214,1670396
Mar-2026,MAMU BTP,OVERSIZE HW MAMU,PUTIH OS PDK M,578214,0,0,0,64246,0,578214
Apr-2026,MAMU BTP,OVERSIZE HW MAMU,PUTIH OS PDK M,103776,8,0,0,64246,513968,0
Mei-2026,MAMU BTP,OVERSIZE HW MAMU,PUTIH OS PDK M,51888,7,0,0,51888,363216,513968
Jun-2026,MAMU BTP,OVERSIZE HW MAMU,PUTIH OS PDK M,51888,6,0,0,51888,311328,363216
Jul-2026,MAMU BTP,OVERSIZE HW MAMU,PUTIH OS PDK M,51888,6,0,0,51888,311328,311328
Agu-2026,MAMU BTP,OVERSIZE HW MAMU,PUTIH OS PDK M,363216,4,8,0,51888,622656,311328
Sep-2026,MAMU BTP,OVERSIZE HW MAMU,PUTIH OS PDK M,207552,7,0,0,51888,363216,622656
Okt-2026,MAMU BTP,OVERSIZE HW MAMU,PUTIH OS PDK M,0,7,0,0,51888,363216,363216
Jan-2026,MAMU BTP,OVERSIZE HW MAMU,PUTIH OS PDK S,770952,2,0,0,64246,128492,0
Feb-2026,MAMU BTP,OVERSIZE HW MAMU,PUTIH OS PDK S,64246,0,0,0,64246,0,128492
Mar-2026,MAMU BTP,OVERSIZE HW MAMU,PUTIH OS PDK S,0,0,20,0,51895,1037900,0
Apr-2026,MAMU BTP,OVERSIZE HW MAMU,PUTIH OS PDK S,518950,10,0,0,51895,518950,1037900
Mei-2026,MAMU BTP,OVERSIZE HW MAMU,PUTIH OS PDK S,311370,5,0,0,51895,259475,518950
Jun-2026,MAMU BTP,OVERSIZE HW MAMU,PUTIH OS PDK S,317180,1,0,0,51895,51895,259475
Jul-2026,MAMU BTP,OVERSIZE HW MAMU,PUTIH OS PDK S,53058,5,0,0,51895,259475,51895
Agu-2026,MAMU BTP,OVERSIZE HW MAMU,PUTIH OS PDK S,374654,3,1,0,51895,207580,259475
Sep-2026,MAMU BTP,OVERSIZE HW MAMU,PUTIH OS PDK S,160566,6,0,0,51895,311370,207580
Okt-2026,MAMU BTP,OVERSIZE HW MAMU,PUTIH OS PDK S,107044,4,0,0,51895,207580,311370
Jan-2026,MAMU BTP,OVERSIZE HW MAMU,PUTIH OS PDK XL,321230,7,0,0,64246,449722,0
Feb-2026,MAMU BTP,OVERSIZE HW MAMU,PUTIH OS PDK XL,449722,0,0,0,64246,0,449722
Mar-2026,MAMU BTP,OVERSIZE HW MAMU,PUTIH OS PDK XL,0,0,1,0,51167,51167,0
Apr-2026,MAMU BTP,OVERSIZE HW MAMU,PUTIH OS PDK XL,51829,11,0,0,51167,562837,51167
Mei-2026,MAMU BTP,OVERSIZE HW MAMU,PUTIH OS PDK XL,51829,0,0,0,64246,0,562837
Jun-2026,MAMU BTP,OVERSIZE HW MAMU,PUTIH OS PDK XL,225873,2,0,0,51895,103790,0
Jul-2026,MAMU BTP,OVERSIZE HW MAMU,PUTIH OS PDK XL,-75291,5,0,0,51895,259475,103790
Agu-2026,MAMU BTP,OVERSIZE HW MAMU,PUTIH OS PDK XL,479901,5,2,0,51895,363265,259475
Sep-2026,MAMU BTP,OVERSIZE HW MAMU,PUTIH OS PDK XL,67435,5,0,0,51895,259475,363265
Okt-2026,MAMU BTP,OVERSIZE HW MAMU,PUTIH OS PDK XL,0,3,0,0,51895,155685,259475
Apr-2026,MAMU GOWA,OVERSIZE HW MAMU,ABU TUA OS PDK 2XL,0,2,0,0,61480,122960,0
Mei-2026,MAMU GOWA,OVERSIZE HW MAMU,ABU TUA OS PDK 2XL,0,2,0,0,53390,106780,122960
Jun-2026,MAMU GOWA,OVERSIZE HW MAMU,ABU TUA OS PDK 2XL,0,2,0,0,53390,106780,106780
Jul-2026,MAMU GOWA,OVERSIZE HW MAMU,ABU TUA OS PDK 2XL,0,2,0,0,53390,106780,106780
Agu-2026,MAMU GOWA,OVERSIZE HW MAMU,ABU TUA OS PDK 2XL,53390,2,0,0,53390,106780,106780
Sep-2026,MAMU GOWA,OVERSIZE HW MAMU,ABU TUA OS PDK 2XL,0,1,0,0,53390,53390,106780
Okt-2026,MAMU GOWA,OVERSIZE HW MAMU,ABU TUA OS PDK 2XL,0,1,0,0,53390,53390,53390
Mar-2026,MAMU GOWA,OVERSIZE HW MAMU,ABU TUA OS PDK L,179068,0,0,0,61480,0,0
Apr-2026,MAMU GOWA,OVERSIZE HW MAMU,ABU TUA OS PDK L,0,4,0,0,53390,213560,0
Mei-2026,MAMU GOWA,OVERSIZE HW MAMU,ABU TUA OS PDK L,53390,3,0,0,53390,160170,213560
Jun-2026,MAMU GOWA,OVERSIZE HW MAMU,ABU TUA OS PDK L,53390,2,0,0,53390,106780,160170
Jul-2026,MAMU GOWA,OVERSIZE HW MAMU,ABU TUA OS PDK L,53390,4,2,0,53390,320340,106780
Agu-2026,MAMU GOWA,OVERSIZE HW MAMU,ABU TUA OS PDK L,0,6,0,0,53390,320340,320340
Sep-2026,MAMU GOWA,OVERSIZE HW MAMU,ABU TUA OS PDK L,0,6,0,0,53390,320340,320340
Okt-2026,MAMU GOWA,OVERSIZE HW MAMU,ABU TUA OS PDK L,0,6,0,0,53390,320340,320340
Mar-2026,MAMU GOWA,OVERSIZE HW MAMU,ABU TUA OS PDK M,245920,0,0,0,61480,0,0
Apr-2026,MAMU GOWA,OVERSIZE HW MAMU,ABU TUA OS PDK M,0,10,0,0,53390,533900,0
Mei-2026,MAMU GOWA,OVERSIZE HW MAMU,ABU TUA OS PDK M,53390,9,0,0,53390,480510,533900
Jun-2026,MAMU GOWA,OVERSIZE HW MAMU,ABU TUA OS PDK M,53390,8,0,0,53390,427120,480510
Jul-2026,MAMU GOWA,OVERSIZE HW MAMU,ABU TUA OS PDK M,53390,7,2,0,53390,480510,427120
Agu-2026,MAMU GOWA,OVERSIZE HW MAMU,ABU TUA OS PDK M,106780,8,0,0,53390,427120,480510
Sep-2026,MAMU GOWA,OVERSIZE HW MAMU,ABU TUA OS PDK M,106780,5,0,0,53390,266950,427120
Okt-2026,MAMU GOWA,OVERSIZE HW MAMU,ABU TUA OS PDK M,0,5,0,0,53390,266950,266950
Mar-2026,MAMU GOWA,OVERSIZE HW MAMU,ABU TUA OS PDK S,122960,0,0,0,61480,0,0
Apr-2026,MAMU GOWA,OVERSIZE HW MAMU,ABU TUA OS PDK S,53390,8,0,0,53390,427120,0
Mei-2026,MAMU GOWA,OVERSIZE HW MAMU,ABU TUA OS PDK S,53390,7,0,0,53603,375221,427120
Jun-2026,MAMU GOWA,OVERSIZE HW MAMU,ABU TUA OS PDK S,53390,6,0,0,53603,321618,375221
Jul-2026,MAMU GOWA,OVERSIZE HW MAMU,ABU TUA OS PDK S,106780,6,2,0,53603,428824,321618
Agu-2026,MAMU GOWA,OVERSIZE HW MAMU,ABU TUA OS PDK S,0,6,0,0,53603,321618,428824
Sep-2026,MAMU GOWA,OVERSIZE HW MAMU,ABU TUA OS PDK S,161256,4,0,0,53603,214412,321618
Okt-2026,MAMU GOWA,OVERSIZE HW MAMU,ABU TUA OS PDK S,0,4,0,0,53603,214412,214412
Mar-2026,MAMU GOWA,OVERSIZE HW MAMU,ABU TUA OS PDK XL,122960,0,0,0,61480,0,0
Apr-2026,MAMU GOWA,OVERSIZE HW MAMU,ABU TUA OS PDK XL,0,5,0,0,61480,307400,0
Mei-2026,MAMU GOWA,OVERSIZE HW MAMU,ABU TUA OS PDK XL,0,5,0,0,53390,266950,307400
Jun-2026,MAMU GOWA,OVERSIZE HW MAMU,ABU TUA OS PDK XL,0,5,0,0,53390,266950,266950
Jul-2026,MAMU GOWA,OVERSIZE HW MAMU,ABU TUA OS PDK XL,53390,5,0,0,53390,266950,266950
Agu-2026,MAMU GOWA,OVERSIZE HW MAMU,ABU TUA OS PDK XL,0,10,0,0,53390,533900,266950
Sep-2026,MAMU GOWA,OVERSIZE HW MAMU,ABU TUA OS PDK XL,60776,9,0,0,53390,480510,533900
Okt-2026,MAMU GOWA,OVERSIZE HW MAMU,ABU TUA OS PDK XL,0,9,0,0,53390,480510,480510
Apr-2026,MAMU GOWA,OVERSIZE HW MAMU,COKLAT TUA OS PDK 2XL,0,5,0,0,56662,283310,0
Mei-2026,MAMU GOWA,OVERSIZE HW MAMU,COKLAT TUA OS PDK 2XL,53371,4,0,0,53371,213484,283310
Jun-2026,MAMU GOWA,OVERSIZE HW MAMU,COKLAT TUA OS PDK 2XL,106742,2,0,0,53371,106742,213484
Jul-2026,MAMU GOWA,OVERSIZE HW MAMU,COKLAT TUA OS PDK 2XL,0,2,0,0,53371,106742,106742
Agu-2026,MAMU GOWA,OVERSIZE HW MAMU,COKLAT TUA OS PDK 2XL,0,2,0,0,53371,106742,106742
Sep-2026,MAMU GOWA,OVERSIZE HW MAMU,COKLAT TUA OS PDK 2XL,53371,1,0,0,53371,53371,106742
Okt-2026,MAMU GOWA,OVERSIZE HW MAMU,COKLAT TUA OS PDK 2XL,0,1,0,0,53371,53371,53371
Apr-2026,MAMU GOWA,OVERSIZE HW MAMU,COKLAT TUA OS PDK L,53371,9,0,0,53371,480339,0
Mei-2026,MAMU GOWA,OVERSIZE HW MAMU,COKLAT TUA OS PDK L,0,9,0,0,53371,480339,480339
Jun-2026,MAMU GOWA,OVERSIZE HW MAMU,COKLAT TUA OS PDK L,160113,6,0,0,53371,320226,480339
Jul-2026,MAMU GOWA,OVERSIZE HW MAMU,COKLAT TUA OS PDK L,0,6,3,0,53371,480339,320226
Agu-2026,MAMU GOWA,OVERSIZE HW MAMU,COKLAT TUA OS PDK L,53371,8,0,0,53371,426968,480339
Sep-2026,MAMU GOWA,OVERSIZE HW MAMU,COKLAT TUA OS PDK L,53371,7,0,0,53371,373597,426968
Okt-2026,MAMU GOWA,OVERSIZE HW MAMU,COKLAT TUA OS PDK L,0,7,0,0,53371,373597,373597
Apr-2026,MAMU GOWA,OVERSIZE HW MAMU,COKLAT TUA OS PDK M,0,10,0,0,53371,533710,0
Mei-2026,MAMU GOWA,OVERSIZE HW MAMU,COKLAT TUA OS PDK M,266855,5,0,0,53371,266855,533710
Jun-2026,MAMU GOWA,OVERSIZE HW MAMU,COKLAT TUA OS PDK M,106742,3,0,0,53371,160113,266855
Jul-2026,MAMU GOWA,OVERSIZE HW MAMU,COKLAT TUA OS PDK M,106742,5,3,0,53371,426968,160113
Agu-2026,MAMU GOWA,OVERSIZE HW MAMU,COKLAT TUA OS PDK M,53371,8,0,0,53371,426968,426968
Sep-2026,MAMU GOWA,OVERSIZE HW MAMU,COKLAT TUA OS PDK M,106742,6,0,0,53371,320226,426968
Okt-2026,MAMU GOWA,OVERSIZE HW MAMU,COKLAT TUA OS PDK M,53371,6,0,0,53371,320226,320226
Apr-2026,MAMU GOWA,OVERSIZE HW MAMU,COKLAT TUA OS PDK S,160113,7,0,0,53371,373597,0
Mei-2026,MAMU GOWA,OVERSIZE HW MAMU,COKLAT TUA OS PDK S,266855,2,0,0,53371,106742,373597
Jun-2026,MAMU GOWA,OVERSIZE HW MAMU,COKLAT TUA OS PDK S,106742,5,0,0,53371,266855,106742
Jul-2026,MAMU GOWA,OVERSIZE HW MAMU,COKLAT TUA OS PDK S,0,6,2,0,53371,426968,266855
Agu-2026,MAMU GOWA,OVERSIZE HW MAMU,COKLAT TUA OS PDK S,57072,6,0,0,53371,320226,426968
Sep-2026,MAMU GOWA,OVERSIZE HW MAMU,COKLAT TUA OS PDK S,403238,4,2,0,53371,320226,320226
Okt-2026,MAMU GOWA,OVERSIZE HW MAMU,COKLAT TUA OS PDK S,0,6,0,0,53371,320226,320226
Apr-2026,MAMU GOWA,OVERSIZE HW MAMU,COKLAT TUA OS PDK XL,0,5,0,0,56662,283310,0
Mei-2026,MAMU GOWA,OVERSIZE HW MAMU,COKLAT TUA OS PDK XL,0,5,0,0,53371,266855,283310
Jun-2026,MAMU GOWA,OVERSIZE HW MAMU,COKLAT TUA OS PDK XL,106742,3,0,0,53371,160113,266855
Jul-2026,MAMU GOWA,OVERSIZE HW MAMU,COKLAT TUA OS PDK XL,0,5,3,0,53371,426968,160113
Agu-2026,MAMU GOWA,OVERSIZE HW MAMU,COKLAT TUA OS PDK XL,0,8,0,0,53371,426968,426968
Sep-2026,MAMU GOWA,OVERSIZE HW MAMU,COKLAT TUA OS PDK XL,112770,7,0,0,53371,373597,426968
Okt-2026,MAMU GOWA,OVERSIZE HW MAMU,COKLAT TUA OS PDK XL,0,6,0,0,53371,320226,373597
Apr-2026,MAMU GOWA,OVERSIZE HW MAMU,DENIM BLUE OS PDK 2XL,0,2,0,0,61936,123872,0
Mei-2026,MAMU GOWA,OVERSIZE HW MAMU,DENIM BLUE OS PDK 2XL,0,1,0,0,54375,54375,123872
Jun-2026,MAMU GOWA,OVERSIZE HW MAMU,DENIM BLUE OS PDK 2XL,0,2,0,0,54375,108750,54375
Jul-2026,MAMU GOWA,OVERSIZE HW MAMU,DENIM BLUE OS PDK 2XL,0,2,0,0,54375,108750,108750
Agu-2026,MAMU GOWA,OVERSIZE HW MAMU,DENIM BLUE OS PDK 2XL,0,2,0,0,54375,108750,108750
Sep-2026,MAMU GOWA,OVERSIZE HW MAMU,DENIM BLUE OS PDK 2XL,0,2,0,0,54375,108750,108750
Okt-2026,MAMU GOWA,OVERSIZE HW MAMU,DENIM BLUE OS PDK 2XL,0,2,0,0,54375,108750,108750
Apr-2026,MAMU GOWA,OVERSIZE HW MAMU,DENIM BLUE OS PDK L,108790,8,0,0,54426,435408,0
Mei-2026,MAMU GOWA,OVERSIZE HW MAMU,DENIM BLUE OS PDK L,54395,8,0,0,54388,435104,435408
Jun-2026,MAMU GOWA,OVERSIZE HW MAMU,DENIM BLUE OS PDK L,0,8,0,0,54388,435104,435104
Jul-2026,MAMU GOWA,OVERSIZE HW MAMU,DENIM BLUE OS PDK L,0,8,0,0,54388,435104,435104
Agu-2026,MAMU GOWA,OVERSIZE HW MAMU,DENIM BLUE OS PDK L,54395,7,0,0,54388,380716,435104
Sep-2026,MAMU GOWA,OVERSIZE HW MAMU,DENIM BLUE OS PDK L,0,7,0,0,54388,380716,380716
Okt-2026,MAMU GOWA,OVERSIZE HW MAMU,DENIM BLUE OS PDK L,0,7,0,0,54388,380716,380716
Apr-2026,MAMU GOWA,OVERSIZE HW MAMU,DENIM BLUE OS PDK M,0,6,0,0,54375,326250,0
Mei-2026,MAMU GOWA,OVERSIZE HW MAMU,DENIM BLUE OS PDK M,54375,4,0,0,54375,217500,326250
Jun-2026,MAMU GOWA,OVERSIZE HW MAMU,DENIM BLUE OS PDK M,54375,3,0,0,54375,163125,217500
Jul-2026,MAMU GOWA,OVERSIZE HW MAMU,DENIM BLUE OS PDK M,54375,3,0,0,54375,163125,163125
Agu-2026,MAMU GOWA,OVERSIZE HW MAMU,DENIM BLUE OS PDK M,54375,8,0,0,54375,435000,163125
Sep-2026,MAMU GOWA,OVERSIZE HW MAMU,DENIM BLUE OS PDK M,54375,6,0,0,54375,326250,435000
Okt-2026,MAMU GOWA,OVERSIZE HW MAMU,DENIM BLUE OS PDK M,0,6,0,0,54375,326250,326250
Apr-2026,MAMU GOWA,OVERSIZE HW MAMU,DENIM BLUE OS PDK S,54375,8,0,0,54375,435000,0
Mei-2026,MAMU GOWA,OVERSIZE HW MAMU,DENIM BLUE OS PDK S,54375,7,0,0,54375,380625,435000
Jun-2026,MAMU GOWA,OVERSIZE HW MAMU,DENIM BLUE OS PDK S,54375,6,0,0,54375,326250,380625
Jul-2026,MAMU GOWA,OVERSIZE HW MAMU,DENIM BLUE OS PDK S,54375,5,2,0,54375,380625,326250
Agu-2026,MAMU GOWA,OVERSIZE HW MAMU,DENIM BLUE OS PDK S,108750,7,0,0,54375,380625,380625
Sep-2026,MAMU GOWA,OVERSIZE HW MAMU,DENIM BLUE OS PDK S,0,5,0,0,54375,271875,380625
Okt-2026,MAMU GOWA,OVERSIZE HW MAMU,DENIM BLUE OS PDK S,0,5,0,0,54375,271875,271875
Apr-2026,MAMU GOWA,OVERSIZE HW MAMU,DENIM BLUE OS PDK XL,54375,3,0,0,53483,160449,0
Mei-2026,MAMU GOWA,OVERSIZE HW MAMU,DENIM BLUE OS PDK XL,0,3,0,0,54375,163125,160449
Jun-2026,MAMU GOWA,OVERSIZE HW MAMU,DENIM BLUE OS PDK XL,0,3,0,0,54375,163125,163125
Jul-2026,MAMU GOWA,OVERSIZE HW MAMU,DENIM BLUE OS PDK XL,112228,3,2,0,54375,271875,163125
Agu-2026,MAMU GOWA,OVERSIZE HW MAMU,DENIM BLUE OS PDK XL,0,4,0,0,54375,217500,271875
Sep-2026,MAMU GOWA,OVERSIZE HW MAMU,DENIM BLUE OS PDK XL,0,0,0,0,54375,0,217500
Apr-2026,MAMU GOWA,OVERSIZE HW MAMU,JET BLACK OS PDK 2XL,0,5,0,0,58009,290045,0
Mei-2026,MAMU GOWA,OVERSIZE HW MAMU,JET BLACK OS PDK 2XL,0,5,0,0,61470,307350,290045
Jun-2026,MAMU GOWA,OVERSIZE HW MAMU,JET BLACK OS PDK 2XL,61470,4,0,0,61470,245880,307350
Jul-2026,MAMU GOWA,OVERSIZE HW MAMU,JET BLACK OS PDK 2XL,61470,4,3,0,61470,430290,245880
Agu-2026,MAMU GOWA,OVERSIZE HW MAMU,JET BLACK OS PDK 2XL,245880,4,0,0,61470,245880,430290
Sep-2026,MAMU GOWA,OVERSIZE HW MAMU,JET BLACK OS PDK 2XL,122940,0,0,0,58009,0,245880
Mar-2026,MAMU GOWA,OVERSIZE HW MAMU,JET BLACK OS PDK L,60808,0,0,0,61029,0,0
Apr-2026,MAMU GOWA,OVERSIZE HW MAMU,JET BLACK OS PDK L,0,5,0,0,60919,304595,0
Mei-2026,MAMU GOWA,OVERSIZE HW MAMU,JET BLACK OS PDK L,184401,3,0,0,61467,184401,304595
Jun-2026,MAMU GOWA,OVERSIZE HW MAMU,JET BLACK OS PDK L,122934,0,0,0,61029,0,184401
Jul-2026,MAMU GOWA,OVERSIZE HW MAMU,JET BLACK OS PDK L,62102,5,3,0,61467,491736,0
Agu-2026,MAMU GOWA,OVERSIZE HW MAMU,JET BLACK OS PDK L,124204,6,0,0,61467,368802,491736
Sep-2026,MAMU GOWA,OVERSIZE HW MAMU,JET BLACK OS PDK L,186142,5,0,0,61467,307335,368802
Okt-2026,MAMU GOWA,OVERSIZE HW MAMU,JET BLACK OS PDK L,0,5,0,0,61467,307335,307335
Mar-2026,MAMU GOWA,OVERSIZE HW MAMU,JET BLACK OS PDK M,975674,24,0,0,60919,1462056,0
Apr-2026,MAMU GOWA,OVERSIZE HW MAMU,JET BLACK OS PDK M,121838,22,0,0,60919,1340218,1462056
Mei-2026,MAMU GOWA,OVERSIZE HW MAMU,JET BLACK OS PDK M,243676,18,0,0,60919,1096542,1340218
Jun-2026,MAMU GOWA,OVERSIZE HW MAMU,JET BLACK OS PDK M,548271,9,0,0,60919,548271,1096542
Jul-2026,MAMU GOWA,OVERSIZE HW MAMU,JET BLACK OS PDK M,304595,8,3,0,60919,670109,548271
Agu-2026,MAMU GOWA,OVERSIZE HW MAMU,JET BLACK OS PDK M,121838,7,0,0,60919,426433,670109
Sep-2026,MAMU GOWA,OVERSIZE HW MAMU,JET BLACK OS PDK M,304595,6,0,0,60919,365514,426433
Okt-2026,MAMU GOWA,OVERSIZE HW MAMU,JET BLACK OS PDK M,0,6,0,0,60919,365514,365514
Mar-2026,MAMU GOWA,OVERSIZE HW MAMU,JET BLACK OS PDK S,1158857,21,0,0,60973,1280433,0
Apr-2026,MAMU GOWA,OVERSIZE HW MAMU,JET BLACK OS PDK S,365838,15,0,0,60973,914595,1280433
Mei-2026,MAMU GOWA,OVERSIZE HW MAMU,JET BLACK OS PDK S,365838,9,0,0,60973,548757,914595
Jun-2026,MAMU GOWA,OVERSIZE HW MAMU,JET BLACK OS PDK S,182919,6,0,0,60973,365838,548757
Jul-2026,MAMU GOWA,OVERSIZE HW MAMU,JET BLACK OS PDK S,182919,3,5,0,60973,487784,365838
Agu-2026,MAMU GOWA,OVERSIZE HW MAMU,JET BLACK OS PDK S,243892,6,0,0,60973,365838,487784
Sep-2026,MAMU GOWA,OVERSIZE HW MAMU,JET BLACK OS PDK S,182919,7,0,0,60973,426811,365838
Okt-2026,MAMU GOWA,OVERSIZE HW MAMU,JET BLACK OS PDK S,60973,7,0,0,60973,426811,426811
Apr-2026,MAMU GOWA,OVERSIZE HW MAMU,JET BLACK OS PDK XL,61470,4,0,0,58009,232036,0
Mei-2026,MAMU GOWA,OVERSIZE HW MAMU,JET BLACK OS PDK XL,61470,3,0,0,61470,184410,232036
Jun-2026,MAMU GOWA,OVERSIZE HW MAMU,JET BLACK OS PDK XL,61470,2,0,0,61470,122940,184410
Jul-2026,MAMU GOWA,OVERSIZE HW MAMU,JET BLACK OS PDK XL,0,2,4,0,61470,368820,122940
Agu-2026,MAMU GOWA,OVERSIZE HW MAMU,JET BLACK OS PDK XL,0,6,0,0,61470,368820,368820
Sep-2026,MAMU GOWA,OVERSIZE HW MAMU,JET BLACK OS PDK XL,307350,1,0,0,61470,61470,368820
Okt-2026,MAMU GOWA,OVERSIZE HW MAMU,JET BLACK OS PDK XL,0,1,0,0,61470,61470,61470
Apr-2026,MAMU GOWA,OVERSIZE HW MAMU,MINERAL GREEN OS PDK 2XL,0,2,0,0,61488,122976,0
Mei-2026,MAMU GOWA,OVERSIZE HW MAMU,MINERAL GREEN OS PDK 2XL,56747,2,0,0,56747,113494,122976
Jun-2026,MAMU GOWA,OVERSIZE HW MAMU,MINERAL GREEN OS PDK 2XL,56747,5,0,0,56747,283735,113494
Jul-2026,MAMU GOWA,OVERSIZE HW MAMU,MINERAL GREEN OS PDK 2XL,0,5,0,0,56747,283735,283735
Agu-2026,MAMU GOWA,OVERSIZE HW MAMU,MINERAL GREEN OS PDK 2XL,0,5,0,0,56747,283735,283735
Sep-2026,MAMU GOWA,OVERSIZE HW MAMU,MINERAL GREEN OS PDK 2XL,0,5,0,0,56747,283735,283735
Okt-2026,MAMU GOWA,OVERSIZE HW MAMU,MINERAL GREEN OS PDK 2XL,0,5,0,0,56747,283735,283735
Mar-2026,MAMU GOWA,OVERSIZE HW MAMU,MINERAL GREEN OS PDK L,245952,0,0,0,61488,0,0
Apr-2026,MAMU GOWA,OVERSIZE HW MAMU,MINERAL GREEN OS PDK L,0,10,0,0,56747,567470,0
Mei-2026,MAMU GOWA,OVERSIZE HW MAMU,MINERAL GREEN OS PDK L,0,10,0,0,56747,567470,567470
Jun-2026,MAMU GOWA,OVERSIZE HW MAMU,MINERAL GREEN OS PDK L,56747,9,0,0,56747,510723,567470
Jul-2026,MAMU GOWA,OVERSIZE HW MAMU,MINERAL GREEN OS PDK L,0,9,0,0,56747,510723,510723
Agu-2026,MAMU GOWA,OVERSIZE HW MAMU,MINERAL GREEN OS PDK L,0,9,0,0,56747,510723,510723
Sep-2026,MAMU GOWA,OVERSIZE HW MAMU,MINERAL GREEN OS PDK L,0,9,0,0,56747,510723,510723
Okt-2026,MAMU GOWA,OVERSIZE HW MAMU,MINERAL GREEN OS PDK L,0,9,0,0,56747,510723,510723
Mar-2026,MAMU GOWA,OVERSIZE HW MAMU,MINERAL GREEN OS PDK M,430416,0,0,0,61488,0,0
Apr-2026,MAMU GOWA,OVERSIZE HW MAMU,MINERAL GREEN OS PDK M,0,5,0,0,61488,307440,0
Mei-2026,MAMU GOWA,OVERSIZE HW MAMU,MINERAL GREEN OS PDK M,56747,4,0,0,56747,226988,307440
Jun-2026,MAMU GOWA,OVERSIZE HW MAMU,MINERAL GREEN OS PDK M,0,4,0,0,56747,226988,226988
Jul-2026,MAMU GOWA,OVERSIZE HW MAMU,MINERAL GREEN OS PDK M,0,5,0,0,56747,283735,226988
Agu-2026,MAMU GOWA,OVERSIZE HW MAMU,MINERAL GREEN OS PDK M,56747,10,0,0,56747,567470,283735
Sep-2026,MAMU GOWA,OVERSIZE HW MAMU,MINERAL GREEN OS PDK M,0,9,0,0,56747,510723,567470
Okt-2026,MAMU GOWA,OVERSIZE HW MAMU,MINERAL GREEN OS PDK M,0,9,0,0,56747,510723,510723
Mar-2026,MAMU GOWA,OVERSIZE HW MAMU,MINERAL GREEN OS PDK S,245952,0,0,0,61488,0,0
Apr-2026,MAMU GOWA,OVERSIZE HW MAMU,MINERAL GREEN OS PDK S,56747,9,0,0,56747,510723,0
Mei-2026,MAMU GOWA,OVERSIZE HW MAMU,MINERAL GREEN OS PDK S,0,9,0,0,56747,510723,510723
Jun-2026,MAMU GOWA,OVERSIZE HW MAMU,MINERAL GREEN OS PDK S,0,9,0,0,56747,510723,510723
Jul-2026,MAMU GOWA,OVERSIZE HW MAMU,MINERAL GREEN OS PDK S,56747,8,0,0,56747,453976,510723
Agu-2026,MAMU GOWA,OVERSIZE HW MAMU,MINERAL GREEN OS PDK S,0,8,0,0,56747,453976,453976
Sep-2026,MAMU GOWA,OVERSIZE HW MAMU,MINERAL GREEN OS PDK S,0,8,0,0,56747,453976,453976
Okt-2026,MAMU GOWA,OVERSIZE HW MAMU,MINERAL GREEN OS PDK S,0,8,0,0,56747,453976,453976
Mar-2026,MAMU GOWA,OVERSIZE HW MAMU,MINERAL GREEN OS PDK XL,122398,0,0,0,61488,0,0
Apr-2026,MAMU GOWA,OVERSIZE HW MAMU,MINERAL GREEN OS PDK XL,0,4,0,0,63332,253328,0
Mei-2026,MAMU GOWA,OVERSIZE HW MAMU,MINERAL GREEN OS PDK XL,0,4,0,0,56747,226988,253328
Jun-2026,MAMU GOWA,OVERSIZE HW MAMU,MINERAL GREEN OS PDK XL,0,4,0,0,56747,226988,226988
Jul-2026,MAMU GOWA,OVERSIZE HW MAMU,MINERAL GREEN OS PDK XL,0,5,0,0,56747,283735,226988
Agu-2026,MAMU GOWA,OVERSIZE HW MAMU,MINERAL GREEN OS PDK XL,0,5,0,0,56747,283735,283735
Sep-2026,MAMU GOWA,OVERSIZE HW MAMU,MINERAL GREEN OS PDK XL,0,5,0,0,56747,283735,283735
Okt-2026,MAMU GOWA,OVERSIZE HW MAMU,MINERAL GREEN OS PDK XL,0,5,0,0,56747,283735,283735
Apr-2026,MAMU GOWA,OVERSIZE HW MAMU,PUTIH OS PDK 2XL,0,5,0,0,64246,321230,0
Mei-2026,MAMU GOWA,OVERSIZE HW MAMU,PUTIH OS PDK 2XL,0,4,0,0,51895,207580,321230
Jun-2026,MAMU GOWA,OVERSIZE HW MAMU,PUTIH OS PDK 2XL,0,4,0,0,51895,207580,207580
Jul-2026,MAMU GOWA,OVERSIZE HW MAMU,PUTIH OS PDK 2XL,0,4,3,0,51895,363265,207580
Agu-2026,MAMU GOWA,OVERSIZE HW MAMU,PUTIH OS PDK 2XL,0,7,0,0,51895,363265,363265
Sep-2026,MAMU GOWA,OVERSIZE HW MAMU,PUTIH OS PDK 2XL,51895,6,0,0,51895,311370,363265
Okt-2026,MAMU GOWA,OVERSIZE HW MAMU,PUTIH OS PDK 2XL,0,6,0,0,51895,311370,311370
Apr-2026,MAMU GOWA,OVERSIZE HW MAMU,PUTIH OS PDK L,0,15,0,0,51895,778425,0
Mei-2026,MAMU GOWA,OVERSIZE HW MAMU,PUTIH OS PDK L,0,15,0,0,51895,778425,778425
Jun-2026,MAMU GOWA,OVERSIZE HW MAMU,PUTIH OS PDK L,51895,14,0,0,51895,726530,778425
Jul-2026,MAMU GOWA,OVERSIZE HW MAMU,PUTIH OS PDK L,0,14,3,0,51895,882215,726530
Agu-2026,MAMU GOWA,OVERSIZE HW MAMU,PUTIH OS PDK L,0,17,0,0,51895,882215,882215
Sep-2026,MAMU GOWA,OVERSIZE HW MAMU,PUTIH OS PDK L,51895,8,0,0,51895,415160,882215
Okt-2026,MAMU GOWA,OVERSIZE HW MAMU,PUTIH OS PDK L,0,8,0,0,51895,415160,415160
Apr-2026,MAMU GOWA,OVERSIZE HW MAMU,PUTIH OS PDK M,0,5,0,0,64246,321230,0
Mei-2026,MAMU GOWA,OVERSIZE HW MAMU,PUTIH OS PDK M,0,5,0,0,51888,259440,321230
Jun-2026,MAMU GOWA,OVERSIZE HW MAMU,PUTIH OS PDK M,103776,3,0,0,51888,155664,259440
Jul-2026,MAMU GOWA,OVERSIZE HW MAMU,PUTIH OS PDK M,0,5,2,0,51888,363216,155664
Agu-2026,MAMU GOWA,OVERSIZE HW MAMU,PUTIH OS PDK M,51888,6,0,0,51888,311328,363216
Sep-2026,MAMU GOWA,OVERSIZE HW MAMU,PUTIH OS PDK M,51888,9,0,0,51888,466992,311328
Okt-2026,MAMU GOWA,OVERSIZE HW MAMU,PUTIH OS PDK M,0,9,0,0,51888,466992,466992
Apr-2026,MAMU GOWA,OVERSIZE HW MAMU,PUTIH OS PDK S,51895,14,0,0,51895,726530,0
Mei-2026,MAMU GOWA,OVERSIZE HW MAMU,PUTIH OS PDK S,259475,9,0,0,51895,467055,726530
Jun-2026,MAMU GOWA,OVERSIZE HW MAMU,PUTIH OS PDK S,155685,6,0,0,51895,311370,467055
Jul-2026,MAMU GOWA,OVERSIZE HW MAMU,PUTIH OS PDK S,156010,5,0,0,51895,259475,311370
Agu-2026,MAMU GOWA,OVERSIZE HW MAMU,PUTIH OS PDK S,0,6,0,0,51895,311370,259475
Sep-2026,MAMU GOWA,OVERSIZE HW MAMU,PUTIH OS PDK S,0,6,0,0,51895,311370,311370
Okt-2026,MAMU GOWA,OVERSIZE HW MAMU,PUTIH OS PDK S,52654,6,0,0,51895,311370,311370
Apr-2026,MAMU GOWA,OVERSIZE HW MAMU,PUTIH OS PDK XL,0,5,0,0,51167,255835,0
Mei-2026,MAMU GOWA,OVERSIZE HW MAMU,PUTIH OS PDK XL,0,0,0,0,51167,0,255835
Jun-2026,MAMU GOWA,OVERSIZE HW MAMU,PUTIH OS PDK XL,0,5,0,0,51895,259475,0
Jul-2026,MAMU GOWA,OVERSIZE HW MAMU,PUTIH OS PDK XL,0,5,3,0,51895,415160,259475
Agu-2026,MAMU GOWA,OVERSIZE HW MAMU,PUTIH OS PDK XL,66518,7,0,0,51895,363265,415160
Sep-2026,MAMU GOWA,OVERSIZE HW MAMU,PUTIH OS PDK XL,0,3,0,0,51895,155685,363265
Okt-2026,MAMU GOWA,OVERSIZE HW MAMU,PUTIH OS PDK XL,0,4,0,0,51895,207580,155685
Mei-2026,MAMU KENDARI,OVERSIZE HW MAMU,ABU TUA OS PDK L,53390,4,0,0,53390,213560,0
Jun-2026,MAMU KENDARI,OVERSIZE HW MAMU,ABU TUA OS PDK L,213560,0,0,0,61480,0,213560
Agu-2026,MAMU KENDARI,OVERSIZE HW MAMU,ABU TUA OS PDK L,0,5,0,0,53390,266950,0
Sep-2026,MAMU KENDARI,OVERSIZE HW MAMU,ABU TUA OS PDK L,53407,4,0,0,53390,213560,266950
Okt-2026,MAMU KENDARI,OVERSIZE HW MAMU,ABU TUA OS PDK L,0,4,0,0,53390,213560,213560
Mei-2026,MAMU KENDARI,OVERSIZE HW MAMU,ABU TUA OS PDK M,0,5,0,0,53390,266950,0
Jun-2026,MAMU KENDARI,OVERSIZE HW MAMU,ABU TUA OS PDK M,0,5,0,0,53390,266950,266950
Jul-2026,MAMU KENDARI,OVERSIZE HW MAMU,ABU TUA OS PDK M,106780,3,0,0,53390,160170,266950
Agu-2026,MAMU KENDARI,OVERSIZE HW MAMU,ABU TUA OS PDK M,0,5,0,0,53390,266950,160170
Sep-2026,MAMU KENDARI,OVERSIZE HW MAMU,ABU TUA OS PDK M,0,5,0,0,53390,266950,266950
Okt-2026,MAMU KENDARI,OVERSIZE HW MAMU,ABU TUA OS PDK M,0,5,0,0,53390,266950,266950
Mei-2026,MAMU KENDARI,OVERSIZE HW MAMU,ABU TUA OS PDK S,107206,3,0,0,53603,160809,0
Jun-2026,MAMU KENDARI,OVERSIZE HW MAMU,ABU TUA OS PDK S,107206,1,0,0,53603,53603,160809
Jul-2026,MAMU KENDARI,OVERSIZE HW MAMU,ABU TUA OS PDK S,0,1,0,0,53603,53603,53603
Agu-2026,MAMU KENDARI,OVERSIZE HW MAMU,ABU TUA OS PDK S,0,1,0,0,53603,53603,53603
Sep-2026,MAMU KENDARI,OVERSIZE HW MAMU,ABU TUA OS PDK S,53603,0,0,0,61480,0,53603
Mei-2026,MAMU KENDARI,OVERSIZE HW MAMU,ABU TUA OS PDK XL,0,5,0,0,53390,266950,0
Jun-2026,MAMU KENDARI,OVERSIZE HW MAMU,ABU TUA OS PDK XL,53390,4,0,0,53390,213560,266950
Jul-2026,MAMU KENDARI,OVERSIZE HW MAMU,ABU TUA OS PDK XL,53390,3,0,0,53390,160170,213560
Agu-2026,MAMU KENDARI,OVERSIZE HW MAMU,ABU TUA OS PDK XL,0,3,0,0,53390,160170,160170
Sep-2026,MAMU KENDARI,OVERSIZE HW MAMU,ABU TUA OS PDK XL,0,3,0,0,53390,160170,160170
Okt-2026,MAMU KENDARI,OVERSIZE HW MAMU,ABU TUA OS PDK XL,0,3,0,0,53390,160170,160170
Jun-2026,MAMU KENDARI,OVERSIZE HW MAMU,COKLAT TUA OS PDK 2XL,0,1,0,0,53371,53371,0
Jul-2026,MAMU KENDARI,OVERSIZE HW MAMU,COKLAT TUA OS PDK 2XL,0,1,0,0,53371,53371,53371
Agu-2026,MAMU KENDARI,OVERSIZE HW MAMU,COKLAT TUA OS PDK 2XL,66766,1,0,0,53371,53371,53371
Sep-2026,MAMU KENDARI,OVERSIZE HW MAMU,COKLAT TUA OS PDK 2XL,0,0,0,0,53371,0,53371
Jun-2026,MAMU KENDARI,OVERSIZE HW MAMU,COKLAT TUA OS PDK L,0,3,0,0,53371,160113,0
Jul-2026,MAMU KENDARI,OVERSIZE HW MAMU,COKLAT TUA OS PDK L,0,3,0,0,53371,160113,160113
Agu-2026,MAMU KENDARI,OVERSIZE HW MAMU,COKLAT TUA OS PDK L,53371,3,0,0,53371,160113,160113
Sep-2026,MAMU KENDARI,OVERSIZE HW MAMU,COKLAT TUA OS PDK L,53371,1,0,0,53371,53371,160113
Okt-2026,MAMU KENDARI,OVERSIZE HW MAMU,COKLAT TUA OS PDK L,53371,0,0,0,56662,0,53371
Jun-2026,MAMU KENDARI,OVERSIZE HW MAMU,COKLAT TUA OS PDK M,0,5,0,0,53371,266855,0
Jul-2026,MAMU KENDARI,OVERSIZE HW MAMU,COKLAT TUA OS PDK M,53371,4,0,0,53371,213484,266855
Agu-2026,MAMU KENDARI,OVERSIZE HW MAMU,COKLAT TUA OS PDK M,106742,3,0,0,53371,160113,213484
Sep-2026,MAMU KENDARI,OVERSIZE HW MAMU,COKLAT TUA OS PDK M,53371,1,0,0,53371,53371,160113
Okt-2026,MAMU KENDARI,OVERSIZE HW MAMU,COKLAT TUA OS PDK M,0,1,0,0,53371,53371,53371
Jun-2026,MAMU KENDARI,OVERSIZE HW MAMU,COKLAT TUA OS PDK S,0,3,0,0,53371,160113,0
Jul-2026,MAMU KENDARI,OVERSIZE HW MAMU,COKLAT TUA OS PDK S,0,3,0,0,53371,160113,160113
Agu-2026,MAMU KENDARI,OVERSIZE HW MAMU,COKLAT TUA OS PDK S,58306,3,0,0,53371,160113,160113
Sep-2026,MAMU KENDARI,OVERSIZE HW MAMU,COKLAT TUA OS PDK S,116612,0,0,0,56662,0,160113
Jun-2026,MAMU KENDARI,OVERSIZE HW MAMU,COKLAT TUA OS PDK XL,0,3,0,0,53371,160113,0
Jul-2026,MAMU KENDARI,OVERSIZE HW MAMU,COKLAT TUA OS PDK XL,0,3,0,0,53371,160113,160113
Agu-2026,MAMU KENDARI,OVERSIZE HW MAMU,COKLAT TUA OS PDK XL,0,3,0,0,53371,160113,160113
Sep-2026,MAMU KENDARI,OVERSIZE HW MAMU,COKLAT TUA OS PDK XL,0,3,0,0,53371,160113,160113
Okt-2026,MAMU KENDARI,OVERSIZE HW MAMU,COKLAT TUA OS PDK XL,0,3,0,0,53371,160113,160113
Jan-2026,MAMU KENDARI,OVERSIZE HW MAMU,DENIM BLUE OS PDK L,0,7,0,0,61936,433552,0
Feb-2026,MAMU KENDARI,OVERSIZE HW MAMU,DENIM BLUE OS PDK L,0,7,0,0,61936,433552,433552
Mar-2026,MAMU KENDARI,OVERSIZE HW MAMU,DENIM BLUE OS PDK L,226036,2,0,0,54461,108922,433552
Apr-2026,MAMU KENDARI,OVERSIZE HW MAMU,DENIM BLUE OS PDK L,56509,2,0,0,54426,108852,108922
Mei-2026,MAMU KENDARI,OVERSIZE HW MAMU,DENIM BLUE OS PDK L,0,2,0,0,54388,108776,108852
Jun-2026,MAMU KENDARI,OVERSIZE HW MAMU,DENIM BLUE OS PDK L,0,6,0,0,54388,326328,108776
Jul-2026,MAMU KENDARI,OVERSIZE HW MAMU,DENIM BLUE OS PDK L,0,6,0,0,54388,326328,326328
Agu-2026,MAMU KENDARI,OVERSIZE HW MAMU,DENIM BLUE OS PDK L,0,6,0,0,54388,326328,326328
Sep-2026,MAMU KENDARI,OVERSIZE HW MAMU,DENIM BLUE OS PDK L,0,6,0,0,54388,326328,326328
Okt-2026,MAMU KENDARI,OVERSIZE HW MAMU,DENIM BLUE OS PDK L,0,6,0,0,54388,326328,326328
Jun-2026,MAMU KENDARI,OVERSIZE HW MAMU,DENIM BLUE OS PDK M,0,5,0,0,54375,271875,0
Jul-2026,MAMU KENDARI,OVERSIZE HW MAMU,DENIM BLUE OS PDK M,0,5,0,0,54375,271875,271875
Agu-2026,MAMU KENDARI,OVERSIZE HW MAMU,DENIM BLUE OS PDK M,0,5,0,0,54375,271875,271875
Sep-2026,MAMU KENDARI,OVERSIZE HW MAMU,DENIM BLUE OS PDK M,0,5,0,0,54375,271875,271875
Okt-2026,MAMU KENDARI,OVERSIZE HW MAMU,DENIM BLUE OS PDK M,0,5,0,0,54375,271875,271875
Jun-2026,MAMU KENDARI,OVERSIZE HW MAMU,DENIM BLUE OS PDK S,0,4,0,0,54375,217500,0
Jul-2026,MAMU KENDARI,OVERSIZE HW MAMU,DENIM BLUE OS PDK S,0,4,0,0,54375,217500,217500
Agu-2026,MAMU KENDARI,OVERSIZE HW MAMU,DENIM BLUE OS PDK S,0,4,0,0,54375,217500,217500
Sep-2026,MAMU KENDARI,OVERSIZE HW MAMU,DENIM BLUE OS PDK S,0,4,0,0,54375,217500,217500
Okt-2026,MAMU KENDARI,OVERSIZE HW MAMU,DENIM BLUE OS PDK S,0,4,0,0,54375,217500,217500
Jan-2026,MAMU KENDARI,OVERSIZE HW MAMU,DENIM BLUE OS PDK XL,53483,5,0,0,61936,309680,0
Feb-2026,MAMU KENDARI,OVERSIZE HW MAMU,DENIM BLUE OS PDK XL,0,5,0,0,61936,309680,309680
Mar-2026,MAMU KENDARI,OVERSIZE HW MAMU,DENIM BLUE OS PDK XL,53483,4,0,0,53483,213932,309680
Apr-2026,MAMU KENDARI,OVERSIZE HW MAMU,DENIM BLUE OS PDK XL,0,3,0,0,53483,160449,213932
Mei-2026,MAMU KENDARI,OVERSIZE HW MAMU,DENIM BLUE OS PDK XL,0,3,0,0,54375,163125,160449
Jun-2026,MAMU KENDARI,OVERSIZE HW MAMU,DENIM BLUE OS PDK XL,0,6,0,0,54375,326250,163125
Jul-2026,MAMU KENDARI,OVERSIZE HW MAMU,DENIM BLUE OS PDK XL,0,6,0,0,54375,326250,326250
Agu-2026,MAMU KENDARI,OVERSIZE HW MAMU,DENIM BLUE OS PDK XL,0,6,0,0,54375,326250,326250
Sep-2026,MAMU KENDARI,OVERSIZE HW MAMU,DENIM BLUE OS PDK XL,0,6,0,0,54375,326250,326250
Okt-2026,MAMU KENDARI,OVERSIZE HW MAMU,DENIM BLUE OS PDK XL,0,6,0,0,54375,326250,326250
Jun-2026,MAMU KENDARI,OVERSIZE HW MAMU,JET BLACK OS PDK 2XL,0,2,0,0,61470,122940,0
Jul-2026,MAMU KENDARI,OVERSIZE HW MAMU,JET BLACK OS PDK 2XL,69883,2,0,0,61470,122940,122940
Agu-2026,MAMU KENDARI,OVERSIZE HW MAMU,JET BLACK OS PDK 2XL,0,1,0,0,61470,61470,122940
Sep-2026,MAMU KENDARI,OVERSIZE HW MAMU,JET BLACK OS PDK 2XL,0,1,0,0,61470,61470,61470
Okt-2026,MAMU KENDARI,OVERSIZE HW MAMU,JET BLACK OS PDK 2XL,0,1,0,0,61470,61470,61470
Jan-2026,MAMU KENDARI,OVERSIZE HW MAMU,JET BLACK OS PDK L,0,0,10,0,61029,610290,0
Feb-2026,MAMU KENDARI,OVERSIZE HW MAMU,JET BLACK OS PDK L,0,10,0,0,61029,610290,610290
Mar-2026,MAMU KENDARI,OVERSIZE HW MAMU,JET BLACK OS PDK L,183087,6,0,0,60919,365514,610290
Apr-2026,MAMU KENDARI,OVERSIZE HW MAMU,JET BLACK OS PDK L,122058,4,0,0,60919,243676,365514
Mei-2026,MAMU KENDARI,OVERSIZE HW MAMU,JET BLACK OS PDK L,61029,4,0,0,61467,245868,243676
Jun-2026,MAMU KENDARI,OVERSIZE HW MAMU,JET BLACK OS PDK L,123097,6,0,0,61467,368802,245868
Jul-2026,MAMU KENDARI,OVERSIZE HW MAMU,JET BLACK OS PDK L,124136,6,0,0,61467,368802,368802
Agu-2026,MAMU KENDARI,OVERSIZE HW MAMU,JET BLACK OS PDK L,186412,3,0,0,61467,184401,368802
Sep-2026,MAMU KENDARI,OVERSIZE HW MAMU,JET BLACK OS PDK L,1543260,0,0,0,61029,0,184401
Jan-2026,MAMU KENDARI,OVERSIZE HW MAMU,JET BLACK OS PDK M,0,0,5,0,61029,305145,0
Feb-2026,MAMU KENDARI,OVERSIZE HW MAMU,JET BLACK OS PDK M,0,5,0,0,61029,305145,305145
Mar-2026,MAMU KENDARI,OVERSIZE HW MAMU,JET BLACK OS PDK M,305145,0,0,0,61029,0,305145
Jun-2026,MAMU KENDARI,OVERSIZE HW MAMU,JET BLACK OS PDK M,0,5,0,0,60919,304595,0
Jul-2026,MAMU KENDARI,OVERSIZE HW MAMU,JET BLACK OS PDK M,182757,3,0,0,60919,182757,304595
Agu-2026,MAMU KENDARI,OVERSIZE HW MAMU,JET BLACK OS PDK M,60919,5,0,0,60919,304595,182757
Sep-2026,MAMU KENDARI,OVERSIZE HW MAMU,JET BLACK OS PDK M,484884,4,0,0,60919,243676,304595
Okt-2026,MAMU KENDARI,OVERSIZE HW MAMU,JET BLACK OS PDK M,0,4,0,0,60919,243676,243676
Jan-2026,MAMU KENDARI,OVERSIZE HW MAMU,JET BLACK OS PDK S,0,0,5,0,61029,305145,0
Feb-2026,MAMU KENDARI,OVERSIZE HW MAMU,JET BLACK OS PDK S,61029,4,0,0,61029,244116,305145
Mar-2026,MAMU KENDARI,OVERSIZE HW MAMU,JET BLACK OS PDK S,244116,0,0,0,61029,0,244116
Jun-2026,MAMU KENDARI,OVERSIZE HW MAMU,JET BLACK OS PDK S,0,5,0,0,60973,304865,0
Jul-2026,MAMU KENDARI,OVERSIZE HW MAMU,JET BLACK OS PDK S,60973,4,0,0,60973,243892,304865
Agu-2026,MAMU KENDARI,OVERSIZE HW MAMU,JET BLACK OS PDK S,121946,3,0,0,60973,182919,243892
Sep-2026,MAMU KENDARI,OVERSIZE HW MAMU,JET BLACK OS PDK S,121946,1,0,0,60973,60973,182919
Okt-2026,MAMU KENDARI,OVERSIZE HW MAMU,JET BLACK OS PDK S,60973,1,0,0,60973,60973,60973
Jun-2026,MAMU KENDARI,OVERSIZE HW MAMU,JET BLACK OS PDK XL,0,1,0,0,61470,61470,0
Jul-2026,MAMU KENDARI,OVERSIZE HW MAMU,JET BLACK OS PDK XL,78295,1,0,0,61470,61470,61470
Agu-2026,MAMU KENDARI,OVERSIZE HW MAMU,JET BLACK OS PDK XL,0,0,0,0,61470,0,61470
Jan-2026,MAMU KENDARI,OVERSIZE HW MAMU,MINERAL GREEN OS PDK 2XL,0,2,0,0,61488,122976,0
Feb-2026,MAMU KENDARI,OVERSIZE HW MAMU,MINERAL GREEN OS PDK 2XL,0,2,0,0,61488,122976,122976
Mar-2026,MAMU KENDARI,OVERSIZE HW MAMU,MINERAL GREEN OS PDK 2XL,0,2,0,0,61488,122976,122976
Apr-2026,MAMU KENDARI,OVERSIZE HW MAMU,MINERAL GREEN OS PDK 2XL,0,2,0,0,61488,122976,122976
Mei-2026,MAMU KENDARI,OVERSIZE HW MAMU,MINERAL GREEN OS PDK 2XL,0,2,0,0,56747,113494,122976
Jun-2026,MAMU KENDARI,OVERSIZE HW MAMU,MINERAL GREEN OS PDK 2XL,0,2,0,0,56747,113494,113494
Jul-2026,MAMU KENDARI,OVERSIZE HW MAMU,MINERAL GREEN OS PDK 2XL,0,2,0,0,56747,113494,113494
Agu-2026,MAMU KENDARI,OVERSIZE HW MAMU,MINERAL GREEN OS PDK 2XL,0,2,0,0,56747,113494,113494
Sep-2026,MAMU KENDARI,OVERSIZE HW MAMU,MINERAL GREEN OS PDK 2XL,0,2,0,0,56747,113494,113494
Okt-2026,MAMU KENDARI,OVERSIZE HW MAMU,MINERAL GREEN OS PDK 2XL,0,2,0,0,56747,113494,113494
Jan-2026,MAMU KENDARI,OVERSIZE HW MAMU,MINERAL GREEN OS PDK L,0,6,0,0,61488,368928,0
Feb-2026,MAMU KENDARI,OVERSIZE HW MAMU,MINERAL GREEN OS PDK L,0,6,0,0,61488,368928,368928
Mar-2026,MAMU KENDARI,OVERSIZE HW MAMU,MINERAL GREEN OS PDK L,0,6,0,0,56747,340482,368928
Apr-2026,MAMU KENDARI,OVERSIZE HW MAMU,MINERAL GREEN OS PDK L,0,6,0,0,56747,340482,340482
Mei-2026,MAMU KENDARI,OVERSIZE HW MAMU,MINERAL GREEN OS PDK L,0,6,0,0,56747,340482,340482
Jun-2026,MAMU KENDARI,OVERSIZE HW MAMU,MINERAL GREEN OS PDK L,0,6,0,0,56747,340482,340482
Jul-2026,MAMU KENDARI,OVERSIZE HW MAMU,MINERAL GREEN OS PDK L,58924,6,0,0,56747,340482,340482
Agu-2026,MAMU KENDARI,OVERSIZE HW MAMU,MINERAL GREEN OS PDK L,0,5,0,0,56747,283735,340482
Sep-2026,MAMU KENDARI,OVERSIZE HW MAMU,MINERAL GREEN OS PDK L,0,5,0,0,56747,283735,283735
Okt-2026,MAMU KENDARI,OVERSIZE HW MAMU,MINERAL GREEN OS PDK L,0,5,0,0,56747,283735,283735
Agu-2026,MAMU KENDARI,OVERSIZE HW MAMU,MINERAL GREEN OS PDK M,0,5,0,0,56747,283735,0
Sep-2026,MAMU KENDARI,OVERSIZE HW MAMU,MINERAL GREEN OS PDK M,0,5,0,0,56747,283735,283735
Okt-2026,MAMU KENDARI,OVERSIZE HW MAMU,MINERAL GREEN OS PDK M,0,5,0,0,56747,283735,283735
Agu-2026,MAMU KENDARI,OVERSIZE HW MAMU,MINERAL GREEN OS PDK S,0,5,0,0,56747,283735,0
Sep-2026,MAMU KENDARI,OVERSIZE HW MAMU,MINERAL GREEN OS PDK S,0,5,0,0,56747,283735,283735
Okt-2026,MAMU KENDARI,OVERSIZE HW MAMU,MINERAL GREEN OS PDK S,0,5,0,0,56747,283735,283735
Jan-2026,MAMU KENDARI,OVERSIZE HW MAMU,MINERAL GREEN OS PDK XL,0,7,0,0,61488,430416,0
Feb-2026,MAMU KENDARI,OVERSIZE HW MAMU,MINERAL GREEN OS PDK XL,0,7,0,0,61488,430416,430416
Mar-2026,MAMU KENDARI,OVERSIZE HW MAMU,MINERAL GREEN OS PDK XL,189996,3,0,0,63332,189996,430416
Apr-2026,MAMU KENDARI,OVERSIZE HW MAMU,MINERAL GREEN OS PDK XL,0,3,0,0,63332,189996,189996
Mei-2026,MAMU KENDARI,OVERSIZE HW MAMU,MINERAL GREEN OS PDK XL,0,3,0,0,56747,170241,189996
Jun-2026,MAMU KENDARI,OVERSIZE HW MAMU,MINERAL GREEN OS PDK XL,0,3,0,0,56747,170241,170241
Jul-2026,MAMU KENDARI,OVERSIZE HW MAMU,MINERAL GREEN OS PDK XL,0,3,0,0,56747,170241,170241
Agu-2026,MAMU KENDARI,OVERSIZE HW MAMU,MINERAL GREEN OS PDK XL,0,3,0,0,56747,170241,170241
Sep-2026,MAMU KENDARI,OVERSIZE HW MAMU,MINERAL GREEN OS PDK XL,0,3,0,0,56747,170241,170241
Okt-2026,MAMU KENDARI,OVERSIZE HW MAMU,MINERAL GREEN OS PDK XL,0,3,0,0,56747,170241,170241
Mei-2026,MAMU KENDARI,OVERSIZE HW MAMU,PUTIH OS PDK L,259475,0,0,0,64246,0,0
Jun-2026,MAMU KENDARI,OVERSIZE HW MAMU,PUTIH OS PDK L,0,5,0,0,51895,259475,0
Jul-2026,MAMU KENDARI,OVERSIZE HW MAMU,PUTIH OS PDK L,0,5,0,0,51895,259475,259475
Agu-2026,MAMU KENDARI,OVERSIZE HW MAMU,PUTIH OS PDK L,0,5,0,0,51895,259475,259475
Sep-2026,MAMU KENDARI,OVERSIZE HW MAMU,PUTIH OS PDK L,103790,3,0,0,51895,155685,259475
Okt-2026,MAMU KENDARI,OVERSIZE HW MAMU,PUTIH OS PDK L,0,3,0,0,51895,155685,155685
Mei-2026,MAMU KENDARI,OVERSIZE HW MAMU,PUTIH OS PDK M,259440,0,0,0,64246,0,0
Jun-2026,MAMU KENDARI,OVERSIZE HW MAMU,PUTIH OS PDK M,0,5,0,0,51888,259440,0
Jul-2026,MAMU KENDARI,OVERSIZE HW MAMU,PUTIH OS PDK M,0,5,0,0,51888,259440,259440
Agu-2026,MAMU KENDARI,OVERSIZE HW MAMU,PUTIH OS PDK M,0,5,0,0,51888,259440,259440
Sep-2026,MAMU KENDARI,OVERSIZE HW MAMU,PUTIH OS PDK M,51888,4,0,0,51888,207552,259440
Okt-2026,MAMU KENDARI,OVERSIZE HW MAMU,PUTIH OS PDK M,0,4,0,0,51888,207552,207552
Mei-2026,MAMU KENDARI,OVERSIZE HW MAMU,PUTIH OS PDK S,51895,4,0,0,51895,207580,0
Jun-2026,MAMU KENDARI,OVERSIZE HW MAMU,PUTIH OS PDK S,51895,5,0,0,51895,259475,207580
Jul-2026,MAMU KENDARI,OVERSIZE HW MAMU,PUTIH OS PDK S,0,5,0,0,51895,259475,259475
Agu-2026,MAMU KENDARI,OVERSIZE HW MAMU,PUTIH OS PDK S,0,5,0,0,51895,259475,259475
Sep-2026,MAMU KENDARI,OVERSIZE HW MAMU,PUTIH OS PDK S,105092,3,0,0,51895,155685,259475
Okt-2026,MAMU KENDARI,OVERSIZE HW MAMU,PUTIH OS PDK S,52546,3,0,0,51895,155685,155685
Mei-2026,MAMU KENDARI,OVERSIZE HW MAMU,PUTIH OS PDK XL,103790,0,0,0,64246,0,0
Jun-2026,MAMU KENDARI,OVERSIZE HW MAMU,PUTIH OS PDK XL,0,2,0,0,51895,103790,0
Jul-2026,MAMU KENDARI,OVERSIZE HW MAMU,PUTIH OS PDK XL,75291,1,0,0,51895,51895,103790
Agu-2026,MAMU KENDARI,OVERSIZE HW MAMU,PUTIH OS PDK XL,0,1,0,0,51895,51895,51895
Sep-2026,MAMU KENDARI,OVERSIZE HW MAMU,PUTIH OS PDK XL,75291,0,0,0,64246,0,51895
Jan-2026,MAMU MAKASSAR,OVERSIZE HW MAMU,ABU TUA OS PDK 2XL,61480,0,0,0,61480,0,0
Apr-2026,MAMU MAKASSAR,OVERSIZE HW MAMU,ABU TUA OS PDK 2XL,53390,6,0,0,61480,368880,0
Mei-2026,MAMU MAKASSAR,OVERSIZE HW MAMU,ABU TUA OS PDK 2XL,106780,4,0,0,53390,213560,368880
Jun-2026,MAMU MAKASSAR,OVERSIZE HW MAMU,ABU TUA OS PDK 2XL,0,4,0,0,53390,213560,213560
Jul-2026,MAMU MAKASSAR,OVERSIZE HW MAMU,ABU TUA OS PDK 2XL,171691,2,0,0,53390,106780,213560
Agu-2026,MAMU MAKASSAR,OVERSIZE HW MAMU,ABU TUA OS PDK 2XL,64911,6,0,0,53390,320340,106780
Sep-2026,MAMU MAKASSAR,OVERSIZE HW MAMU,ABU TUA OS PDK 2XL,64911,4,0,0,53390,213560,320340
Okt-2026,MAMU MAKASSAR,OVERSIZE HW MAMU,ABU TUA OS PDK 2XL,0,4,0,0,53390,213560,213560
Jan-2026,MAMU MAKASSAR,OVERSIZE HW MAMU,ABU TUA OS PDK L,245920,6,0,0,61480,368880,0
Feb-2026,MAMU MAKASSAR,OVERSIZE HW MAMU,ABU TUA OS PDK L,245920,0,0,0,61480,0,368880
Apr-2026,MAMU MAKASSAR,OVERSIZE HW MAMU,ABU TUA OS PDK L,108128,4,10,0,53390,747460,0
Mei-2026,MAMU MAKASSAR,OVERSIZE HW MAMU,ABU TUA OS PDK L,161325,8,0,0,53390,427120,747460
Jun-2026,MAMU MAKASSAR,OVERSIZE HW MAMU,ABU TUA OS PDK L,322650,1,0,0,53390,53390,427120
Jul-2026,MAMU MAKASSAR,OVERSIZE HW MAMU,ABU TUA OS PDK L,213996,7,0,0,53390,373730,53390
Agu-2026,MAMU MAKASSAR,OVERSIZE HW MAMU,ABU TUA OS PDK L,373824,4,0,0,53390,213560,373730
Sep-2026,MAMU MAKASSAR,OVERSIZE HW MAMU,ABU TUA OS PDK L,373842,6,0,0,53390,320340,213560
Okt-2026,MAMU MAKASSAR,OVERSIZE HW MAMU,ABU TUA OS PDK L,0,5,0,0,53390,266950,320340
Jan-2026,MAMU MAKASSAR,OVERSIZE HW MAMU,ABU TUA OS PDK M,491840,16,0,0,61480,983680,0
Feb-2026,MAMU MAKASSAR,OVERSIZE HW MAMU,ABU TUA OS PDK M,614800,4,0,0,61480,245920,983680
Mar-2026,MAMU MAKASSAR,OVERSIZE HW MAMU,ABU TUA OS PDK M,61480,0,0,0,61480,0,245920
Apr-2026,MAMU MAKASSAR,OVERSIZE HW MAMU,ABU TUA OS PDK M,161788,7,5,0,53390,640680,0
Mei-2026,MAMU MAKASSAR,OVERSIZE HW MAMU,ABU TUA OS PDK M,215448,8,0,0,53390,427120,640680
Jun-2026,MAMU MAKASSAR,OVERSIZE HW MAMU,ABU TUA OS PDK M,269310,3,0,0,53390,160170,427120
Jul-2026,MAMU MAKASSAR,OVERSIZE HW MAMU,ABU TUA OS PDK M,267703,7,0,0,53390,373730,160170
Agu-2026,MAMU MAKASSAR,OVERSIZE HW MAMU,ABU TUA OS PDK M,267311,4,0,0,53390,213560,373730
Sep-2026,MAMU MAKASSAR,OVERSIZE HW MAMU,ABU TUA OS PDK M,373905,6,0,0,53390,320340,213560
Okt-2026,MAMU MAKASSAR,OVERSIZE HW MAMU,ABU TUA OS PDK M,0,7,0,0,53390,373730,320340
Jan-2026,MAMU MAKASSAR,OVERSIZE HW MAMU,ABU TUA OS PDK S,307400,15,0,0,61480,922200,0
Feb-2026,MAMU MAKASSAR,OVERSIZE HW MAMU,ABU TUA OS PDK S,737760,0,0,0,61480,0,922200
Mar-2026,MAMU MAKASSAR,OVERSIZE HW MAMU,ABU TUA OS PDK S,0,20,0,0,53390,1067800,0
Apr-2026,MAMU MAKASSAR,OVERSIZE HW MAMU,ABU TUA OS PDK S,160170,17,0,0,53390,907630,1067800
Mei-2026,MAMU MAKASSAR,OVERSIZE HW MAMU,ABU TUA OS PDK S,266950,8,0,0,53603,428824,907630
Jun-2026,MAMU MAKASSAR,OVERSIZE HW MAMU,ABU TUA OS PDK S,213560,4,0,0,53603,214412,428824
Jul-2026,MAMU MAKASSAR,OVERSIZE HW MAMU,ABU TUA OS PDK S,390692,6,0,0,53603,321618,214412
Agu-2026,MAMU MAKASSAR,OVERSIZE HW MAMU,ABU TUA OS PDK S,284129,4,0,0,53603,214412,321618
Sep-2026,MAMU MAKASSAR,OVERSIZE HW MAMU,ABU TUA OS PDK S,524169,3,0,0,53603,160809,214412
Okt-2026,MAMU MAKASSAR,OVERSIZE HW MAMU,ABU TUA OS PDK S,0,3,0,0,53603,160809,160809
Jan-2026,MAMU MAKASSAR,OVERSIZE HW MAMU,ABU TUA OS PDK XL,430360,5,0,0,61480,307400,0
Feb-2026,MAMU MAKASSAR,OVERSIZE HW MAMU,ABU TUA OS PDK XL,122960,0,0,0,61480,0,307400
Mei-2026,MAMU MAKASSAR,OVERSIZE HW MAMU,ABU TUA OS PDK XL,53390,9,0,0,53390,480510,0
Jun-2026,MAMU MAKASSAR,OVERSIZE HW MAMU,ABU TUA OS PDK XL,106780,7,0,0,53390,373730,480510
Jul-2026,MAMU MAKASSAR,OVERSIZE HW MAMU,ABU TUA OS PDK XL,216022,5,0,0,53390,266950,373730
Agu-2026,MAMU MAKASSAR,OVERSIZE HW MAMU,ABU TUA OS PDK XL,363317,4,0,0,53390,213560,266950
Sep-2026,MAMU MAKASSAR,OVERSIZE HW MAMU,ABU TUA OS PDK XL,58158,5,0,0,53390,266950,213560
Okt-2026,MAMU MAKASSAR,OVERSIZE HW MAMU,ABU TUA OS PDK XL,0,4,0,0,53390,213560,266950
Jan-2026,MAMU MAKASSAR,OVERSIZE HW MAMU,COKLAT TUA OS PDK 2XL,56662,0,0,0,56662,0,0
Apr-2026,MAMU MAKASSAR,OVERSIZE HW MAMU,COKLAT TUA OS PDK 2XL,0,10,0,0,56662,566620,0
Mei-2026,MAMU MAKASSAR,OVERSIZE HW MAMU,COKLAT TUA OS PDK 2XL,266855,5,0,0,53371,266855,566620
Jun-2026,MAMU MAKASSAR,OVERSIZE HW MAMU,COKLAT TUA OS PDK 2XL,53371,4,0,0,53371,213484,266855
Jul-2026,MAMU MAKASSAR,OVERSIZE HW MAMU,COKLAT TUA OS PDK 2XL,171276,2,0,0,53371,106742,213484
Agu-2026,MAMU MAKASSAR,OVERSIZE HW MAMU,COKLAT TUA OS PDK 2XL,64534,11,0,0,53371,587081,106742
Sep-2026,MAMU MAKASSAR,OVERSIZE HW MAMU,COKLAT TUA OS PDK 2XL,258136,6,0,0,53371,320226,587081
Okt-2026,MAMU MAKASSAR,OVERSIZE HW MAMU,COKLAT TUA OS PDK 2XL,0,6,0,0,53371,320226,320226
Jan-2026,MAMU MAKASSAR,OVERSIZE HW MAMU,COKLAT TUA OS PDK L,509958,0,0,0,56662,0,0
Mar-2026,MAMU MAKASSAR,OVERSIZE HW MAMU,COKLAT TUA OS PDK L,0,20,0,0,53371,1067420,0
Apr-2026,MAMU MAKASSAR,OVERSIZE HW MAMU,COKLAT TUA OS PDK L,266855,22,0,0,53371,1174162,1067420
Mei-2026,MAMU MAKASSAR,OVERSIZE HW MAMU,COKLAT TUA OS PDK L,426968,4,0,0,53371,213484,1174162
Jun-2026,MAMU MAKASSAR,OVERSIZE HW MAMU,COKLAT TUA OS PDK L,404728,7,0,0,53371,373597,213484
Jul-2026,MAMU MAKASSAR,OVERSIZE HW MAMU,COKLAT TUA OS PDK L,285340,7,0,0,53371,373597,373597
Agu-2026,MAMU MAKASSAR,OVERSIZE HW MAMU,COKLAT TUA OS PDK L,444504,3,0,0,53371,160113,373597
Sep-2026,MAMU MAKASSAR,OVERSIZE HW MAMU,COKLAT TUA OS PDK L,262260,5,0,0,53371,266855,160113
Okt-2026,MAMU MAKASSAR,OVERSIZE HW MAMU,COKLAT TUA OS PDK L,0,5,0,0,53371,266855,266855
Jan-2026,MAMU MAKASSAR,OVERSIZE HW MAMU,COKLAT TUA OS PDK M,566620,4,0,0,56662,226648,0
Feb-2026,MAMU MAKASSAR,OVERSIZE HW MAMU,COKLAT TUA OS PDK M,169986,0,0,0,56662,0,226648
Mar-2026,MAMU MAKASSAR,OVERSIZE HW MAMU,COKLAT TUA OS PDK M,0,20,0,0,53371,1067420,0
Apr-2026,MAMU MAKASSAR,OVERSIZE HW MAMU,COKLAT TUA OS PDK M,480339,9,0,0,53371,480339,1067420
Mei-2026,MAMU MAKASSAR,OVERSIZE HW MAMU,COKLAT TUA OS PDK M,426968,2,2,0,53371,213484,480339
Jun-2026,MAMU MAKASSAR,OVERSIZE HW MAMU,COKLAT TUA OS PDK M,213484,8,0,0,53371,426968,213484
Jul-2026,MAMU MAKASSAR,OVERSIZE HW MAMU,COKLAT TUA OS PDK M,266855,7,0,0,53371,373597,426968
Agu-2026,MAMU MAKASSAR,OVERSIZE HW MAMU,COKLAT TUA OS PDK M,480339,4,0,0,53371,213484,373597
Sep-2026,MAMU MAKASSAR,OVERSIZE HW MAMU,COKLAT TUA OS PDK M,533710,5,0,0,53371,266855,213484
Okt-2026,MAMU MAKASSAR,OVERSIZE HW MAMU,COKLAT TUA OS PDK M,0,5,0,0,53371,266855,266855
Jan-2026,MAMU MAKASSAR,OVERSIZE HW MAMU,COKLAT TUA OS PDK S,339972,1,0,0,56662,56662,0
Feb-2026,MAMU MAKASSAR,OVERSIZE HW MAMU,COKLAT TUA OS PDK S,0,0,0,0,56662,0,56662
Mar-2026,MAMU MAKASSAR,OVERSIZE HW MAMU,COKLAT TUA OS PDK S,0,20,0,0,53371,1067420,0
Apr-2026,MAMU MAKASSAR,OVERSIZE HW MAMU,COKLAT TUA OS PDK S,426968,10,0,0,53371,533710,1067420
Mei-2026,MAMU MAKASSAR,OVERSIZE HW MAMU,COKLAT TUA OS PDK S,266855,6,0,0,53371,320226,533710
Jun-2026,MAMU MAKASSAR,OVERSIZE HW MAMU,COKLAT TUA OS PDK S,558385,0,0,0,56662,0,320226
Jul-2026,MAMU MAKASSAR,OVERSIZE HW MAMU,COKLAT TUA OS PDK S,344408,5,0,0,53371,266855,0
Agu-2026,MAMU MAKASSAR,OVERSIZE HW MAMU,COKLAT TUA OS PDK S,345396,0,0,0,56662,0,266855
Sep-2026,MAMU MAKASSAR,OVERSIZE HW MAMU,COKLAT TUA OS PDK S,60806,5,0,0,53371,266855,0
Okt-2026,MAMU MAKASSAR,OVERSIZE HW MAMU,COKLAT TUA OS PDK S,0,4,0,0,53371,213484,266855
Jan-2026,MAMU MAKASSAR,OVERSIZE HW MAMU,COKLAT TUA OS PDK XL,56662,0,0,0,56662,0,0
Apr-2026,MAMU MAKASSAR,OVERSIZE HW MAMU,COKLAT TUA OS PDK XL,53371,9,0,0,56662,509958,0
Mei-2026,MAMU MAKASSAR,OVERSIZE HW MAMU,COKLAT TUA OS PDK XL,106742,7,0,0,53371,373597,509958
Jun-2026,MAMU MAKASSAR,OVERSIZE HW MAMU,COKLAT TUA OS PDK XL,106742,5,0,0,53371,266855,373597
Jul-2026,MAMU MAKASSAR,OVERSIZE HW MAMU,COKLAT TUA OS PDK XL,225541,9,0,0,53371,480339,266855
Agu-2026,MAMU MAKASSAR,OVERSIZE HW MAMU,COKLAT TUA OS PDK XL,172170,3,0,0,53371,160113,480339
Sep-2026,MAMU MAKASSAR,OVERSIZE HW MAMU,COKLAT TUA OS PDK XL,381432,8,0,0,53371,426968,160113
Okt-2026,MAMU MAKASSAR,OVERSIZE HW MAMU,COKLAT TUA OS PDK XL,0,7,0,0,53371,373597,426968
Jan-2026,MAMU MAKASSAR,OVERSIZE HW MAMU,DENIM BLUE OS PDK 2XL,123872,1,0,0,61936,61936,0
Feb-2026,MAMU MAKASSAR,OVERSIZE HW MAMU,DENIM BLUE OS PDK 2XL,61936,0,0,0,61936,0,61936
Apr-2026,MAMU MAKASSAR,OVERSIZE HW MAMU,DENIM BLUE OS PDK 2XL,0,3,0,0,61936,185808,0
Mei-2026,MAMU MAKASSAR,OVERSIZE HW MAMU,DENIM BLUE OS PDK 2XL,54375,2,0,0,54375,108750,185808
Jun-2026,MAMU MAKASSAR,OVERSIZE HW MAMU,DENIM BLUE OS PDK 2XL,137732,10,0,0,54375,543750,108750
Jul-2026,MAMU MAKASSAR,OVERSIZE HW MAMU,DENIM BLUE OS PDK 2XL,68866,9,0,0,54375,489375,543750
Agu-2026,MAMU MAKASSAR,OVERSIZE HW MAMU,DENIM BLUE OS PDK 2XL,68866,8,0,0,54375,435000,489375
Sep-2026,MAMU MAKASSAR,OVERSIZE HW MAMU,DENIM BLUE OS PDK 2XL,0,5,0,0,54375,271875,435000
Okt-2026,MAMU MAKASSAR,OVERSIZE HW MAMU,DENIM BLUE OS PDK 2XL,0,5,0,0,54375,271875,271875
Jan-2026,MAMU MAKASSAR,OVERSIZE HW MAMU,DENIM BLUE OS PDK L,247744,0,0,0,61936,0,0
Mar-2026,MAMU MAKASSAR,OVERSIZE HW MAMU,DENIM BLUE OS PDK L,0,20,0,0,54461,1089220,0
Apr-2026,MAMU MAKASSAR,OVERSIZE HW MAMU,DENIM BLUE OS PDK L,54426,19,0,0,54426,1034094,1089220
Mei-2026,MAMU MAKASSAR,OVERSIZE HW MAMU,DENIM BLUE OS PDK L,0,10,0,0,54388,543880,1034094
Jun-2026,MAMU MAKASSAR,OVERSIZE HW MAMU,DENIM BLUE OS PDK L,217704,6,0,0,54388,326328,543880
Jul-2026,MAMU MAKASSAR,OVERSIZE HW MAMU,DENIM BLUE OS PDK L,54426,8,0,0,54388,435104,326328
Agu-2026,MAMU MAKASSAR,OVERSIZE HW MAMU,DENIM BLUE OS PDK L,272034,5,0,0,54388,271940,435104
Sep-2026,MAMU MAKASSAR,OVERSIZE HW MAMU,DENIM BLUE OS PDK L,163197,10,0,0,54388,543880,271940
Okt-2026,MAMU MAKASSAR,OVERSIZE HW MAMU,DENIM BLUE OS PDK L,0,10,0,0,54388,543880,543880
Jan-2026,MAMU MAKASSAR,OVERSIZE HW MAMU,DENIM BLUE OS PDK M,371616,18,0,0,61936,1114848,0
Feb-2026,MAMU MAKASSAR,OVERSIZE HW MAMU,DENIM BLUE OS PDK M,185808,11,0,0,61936,681296,1114848
Mar-2026,MAMU MAKASSAR,OVERSIZE HW MAMU,DENIM BLUE OS PDK M,495488,0,0,0,61936,0,681296
Apr-2026,MAMU MAKASSAR,OVERSIZE HW MAMU,DENIM BLUE OS PDK M,54375,8,0,0,54375,435000,0
Mei-2026,MAMU MAKASSAR,OVERSIZE HW MAMU,DENIM BLUE OS PDK M,163125,5,0,0,54375,271875,435000
Jun-2026,MAMU MAKASSAR,OVERSIZE HW MAMU,DENIM BLUE OS PDK M,163125,12,0,0,54375,652500,271875
Jul-2026,MAMU MAKASSAR,OVERSIZE HW MAMU,DENIM BLUE OS PDK M,54375,15,0,0,54375,815625,652500
Agu-2026,MAMU MAKASSAR,OVERSIZE HW MAMU,DENIM BLUE OS PDK M,271875,11,0,0,54375,598125,815625
Sep-2026,MAMU MAKASSAR,OVERSIZE HW MAMU,DENIM BLUE OS PDK M,0,9,0,0,54375,489375,598125
Okt-2026,MAMU MAKASSAR,OVERSIZE HW MAMU,DENIM BLUE OS PDK M,0,9,0,0,54375,489375,489375
Jan-2026,MAMU MAKASSAR,OVERSIZE HW MAMU,DENIM BLUE OS PDK S,309680,12,0,0,61936,743232,0
Feb-2026,MAMU MAKASSAR,OVERSIZE HW MAMU,DENIM BLUE OS PDK S,557424,0,0,0,61936,0,743232
Mar-2026,MAMU MAKASSAR,OVERSIZE HW MAMU,DENIM BLUE OS PDK S,0,20,0,0,54375,1087500,0
Apr-2026,MAMU MAKASSAR,OVERSIZE HW MAMU,DENIM BLUE OS PDK S,217500,16,0,0,54375,870000,1087500
Mei-2026,MAMU MAKASSAR,OVERSIZE HW MAMU,DENIM BLUE OS PDK S,163125,8,0,0,54375,435000,870000
Jun-2026,MAMU MAKASSAR,OVERSIZE HW MAMU,DENIM BLUE OS PDK S,155357,6,0,0,54375,326250,435000
Jul-2026,MAMU MAKASSAR,OVERSIZE HW MAMU,DENIM BLUE OS PDK S,98392,9,0,0,54375,489375,326250
Agu-2026,MAMU MAKASSAR,OVERSIZE HW MAMU,DENIM BLUE OS PDK S,198691,4,0,0,54375,217500,489375
Sep-2026,MAMU MAKASSAR,OVERSIZE HW MAMU,DENIM BLUE OS PDK S,169656,12,0,0,54375,652500,217500
Okt-2026,MAMU MAKASSAR,OVERSIZE HW MAMU,DENIM BLUE OS PDK S,0,11,0,0,54375,598125,652500
Jan-2026,MAMU MAKASSAR,OVERSIZE HW MAMU,DENIM BLUE OS PDK XL,61936,4,0,0,61936,247744,0
Feb-2026,MAMU MAKASSAR,OVERSIZE HW MAMU,DENIM BLUE OS PDK XL,185808,0,0,0,61936,0,247744
Apr-2026,MAMU MAKASSAR,OVERSIZE HW MAMU,DENIM BLUE OS PDK XL,108750,6,0,0,53483,320898,0
Mei-2026,MAMU MAKASSAR,OVERSIZE HW MAMU,DENIM BLUE OS PDK XL,0,5,0,0,54375,271875,320898
Jun-2026,MAMU MAKASSAR,OVERSIZE HW MAMU,DENIM BLUE OS PDK XL,63070,9,0,0,54375,489375,271875
Jul-2026,MAMU MAKASSAR,OVERSIZE HW MAMU,DENIM BLUE OS PDK XL,123769,11,0,0,54375,598125,489375
Agu-2026,MAMU MAKASSAR,OVERSIZE HW MAMU,DENIM BLUE OS PDK XL,60699,9,0,0,54375,489375,598125
Sep-2026,MAMU MAKASSAR,OVERSIZE HW MAMU,DENIM BLUE OS PDK XL,133046,3,0,0,54375,163125,489375
Okt-2026,MAMU MAKASSAR,OVERSIZE HW MAMU,DENIM BLUE OS PDK XL,0,2,0,0,54375,108750,163125
Apr-2026,MAMU MAKASSAR,OVERSIZE HW MAMU,JET BLACK OS PDK 2XL,61470,9,0,0,58009,522081,0
Mei-2026,MAMU MAKASSAR,OVERSIZE HW MAMU,JET BLACK OS PDK 2XL,184410,6,0,0,61470,368820,522081
Jun-2026,MAMU MAKASSAR,OVERSIZE HW MAMU,JET BLACK OS PDK 2XL,184410,3,0,0,61470,184410,368820
Jul-2026,MAMU MAKASSAR,OVERSIZE HW MAMU,JET BLACK OS PDK 2XL,66728,7,0,0,61470,430290,184410
Agu-2026,MAMU MAKASSAR,OVERSIZE HW MAMU,JET BLACK OS PDK 2XL,400368,1,0,0,61470,61470,430290
Sep-2026,MAMU MAKASSAR,OVERSIZE HW MAMU,JET BLACK OS PDK 2XL,66728,0,0,0,58009,0,61470
Jan-2026,MAMU MAKASSAR,OVERSIZE HW MAMU,JET BLACK OS PDK L,0,30,0,0,61029,1830870,0
Feb-2026,MAMU MAKASSAR,OVERSIZE HW MAMU,JET BLACK OS PDK L,1585894,0,0,0,61029,0,1830870
Mar-2026,MAMU MAKASSAR,OVERSIZE HW MAMU,JET BLACK OS PDK L,121616,2,0,0,60919,121838,0
Apr-2026,MAMU MAKASSAR,OVERSIZE HW MAMU,JET BLACK OS PDK L,552107,5,0,0,60919,304595,121838
Mei-2026,MAMU MAKASSAR,OVERSIZE HW MAMU,JET BLACK OS PDK L,491736,11,0,0,61467,676137,304595
Jun-2026,MAMU MAKASSAR,OVERSIZE HW MAMU,JET BLACK OS PDK L,622356,1,0,0,61467,61467,676137
Jul-2026,MAMU MAKASSAR,OVERSIZE HW MAMU,JET BLACK OS PDK L,428682,5,0,0,61467,307335,61467
Agu-2026,MAMU MAKASSAR,OVERSIZE HW MAMU,JET BLACK OS PDK L,624091,5,0,0,61467,307335,307335
Sep-2026,MAMU MAKASSAR,OVERSIZE HW MAMU,JET BLACK OS PDK L,804316,4,0,0,61467,245868,307335
Okt-2026,MAMU MAKASSAR,OVERSIZE HW MAMU,JET BLACK OS PDK L,61692,0,0,0,61029,0,245868
Jan-2026,MAMU MAKASSAR,OVERSIZE HW MAMU,JET BLACK OS PDK M,872730,63,0,0,61029,3844827,0
Feb-2026,MAMU MAKASSAR,OVERSIZE HW MAMU,JET BLACK OS PDK M,1212080,32,0,0,61029,1952928,3844827
Mar-2026,MAMU MAKASSAR,OVERSIZE HW MAMU,JET BLACK OS PDK M,2914662,53,0,0,60919,3228707,1952928
Apr-2026,MAMU MAKASSAR,OVERSIZE HW MAMU,JET BLACK OS PDK M,852600,39,0,0,60919,2375841,3228707
Mei-2026,MAMU MAKASSAR,OVERSIZE HW MAMU,JET BLACK OS PDK M,548100,31,0,0,60919,1888489,2375841
Jun-2026,MAMU MAKASSAR,OVERSIZE HW MAMU,JET BLACK OS PDK M,426300,21,0,0,60919,1279299,1888489
Jul-2026,MAMU MAKASSAR,OVERSIZE HW MAMU,JET BLACK OS PDK M,487200,17,0,0,60919,1035623,1279299
Agu-2026,MAMU MAKASSAR,OVERSIZE HW MAMU,JET BLACK OS PDK M,365420,10,0,0,60919,609190,1035623
Sep-2026,MAMU MAKASSAR,OVERSIZE HW MAMU,JET BLACK OS PDK M,1461913,11,0,0,60919,670109,609190
Okt-2026,MAMU MAKASSAR,OVERSIZE HW MAMU,JET BLACK OS PDK M,0,10,9,0,60919,1157461,670109
Jan-2026,MAMU MAKASSAR,OVERSIZE HW MAMU,JET BLACK OS PDK S,1115222,60,0,0,61029,3661740,0
Feb-2026,MAMU MAKASSAR,OVERSIZE HW MAMU,JET BLACK OS PDK S,909360,30,0,0,61029,1830870,3661740
Mar-2026,MAMU MAKASSAR,OVERSIZE HW MAMU,JET BLACK OS PDK S,3588333,37,0,0,60973,2256001,1830870
Apr-2026,MAMU MAKASSAR,OVERSIZE HW MAMU,JET BLACK OS PDK S,731676,25,0,0,60973,1524325,2256001
Mei-2026,MAMU MAKASSAR,OVERSIZE HW MAMU,JET BLACK OS PDK S,487784,20,0,0,60973,1219460,1524325
Jun-2026,MAMU MAKASSAR,OVERSIZE HW MAMU,JET BLACK OS PDK S,426811,9,0,0,60973,548757,1219460
Jul-2026,MAMU MAKASSAR,OVERSIZE HW MAMU,JET BLACK OS PDK S,670703,3,0,0,60973,182919,548757
Agu-2026,MAMU MAKASSAR,OVERSIZE HW MAMU,JET BLACK OS PDK S,609730,6,0,0,60973,365838,182919
Sep-2026,MAMU MAKASSAR,OVERSIZE HW MAMU,JET BLACK OS PDK S,1097514,6,0,0,60973,365838,365838
Okt-2026,MAMU MAKASSAR,OVERSIZE HW MAMU,JET BLACK OS PDK S,0,17,0,0,60973,1036541,365838
Apr-2026,MAMU MAKASSAR,OVERSIZE HW MAMU,JET BLACK OS PDK XL,553230,1,9,0,58009,580090,0
Mei-2026,MAMU MAKASSAR,OVERSIZE HW MAMU,JET BLACK OS PDK XL,491760,4,0,0,61470,245880,580090
Jun-2026,MAMU MAKASSAR,OVERSIZE HW MAMU,JET BLACK OS PDK XL,896899,1,0,0,61470,61470,245880
Jul-2026,MAMU MAKASSAR,OVERSIZE HW MAMU,JET BLACK OS PDK XL,461941,5,0,0,61470,307350,61470
Agu-2026,MAMU MAKASSAR,OVERSIZE HW MAMU,JET BLACK OS PDK XL,234885,0,0,0,58009,0,307350
Jan-2026,MAMU MAKASSAR,OVERSIZE HW MAMU,MINERAL GREEN OS PDK 2XL,122976,0,0,0,61488,0,0
Apr-2026,MAMU MAKASSAR,OVERSIZE HW MAMU,MINERAL GREEN OS PDK 2XL,0,6,0,0,61488,368928,0
Mei-2026,MAMU MAKASSAR,OVERSIZE HW MAMU,MINERAL GREEN OS PDK 2XL,56747,5,0,0,56747,283735,368928
Jun-2026,MAMU MAKASSAR,OVERSIZE HW MAMU,MINERAL GREEN OS PDK 2XL,56747,4,0,0,56747,226988,283735
Jul-2026,MAMU MAKASSAR,OVERSIZE HW MAMU,MINERAL GREEN OS PDK 2XL,56747,3,0,0,56747,170241,226988
Agu-2026,MAMU MAKASSAR,OVERSIZE HW MAMU,MINERAL GREEN OS PDK 2XL,68428,7,0,0,56747,397229,170241
Sep-2026,MAMU MAKASSAR,OVERSIZE HW MAMU,MINERAL GREEN OS PDK 2XL,0,7,0,0,56747,397229,397229
Okt-2026,MAMU MAKASSAR,OVERSIZE HW MAMU,MINERAL GREEN OS PDK 2XL,0,7,0,0,56747,397229,397229
Jan-2026,MAMU MAKASSAR,OVERSIZE HW MAMU,MINERAL GREEN OS PDK L,61488,10,0,0,61488,614880,0
Feb-2026,MAMU MAKASSAR,OVERSIZE HW MAMU,MINERAL GREEN OS PDK L,245952,4,0,0,61488,245952,614880
Mar-2026,MAMU MAKASSAR,OVERSIZE HW MAMU,MINERAL GREEN OS PDK L,122976,20,0,0,56747,1134940,245952
Apr-2026,MAMU MAKASSAR,OVERSIZE HW MAMU,MINERAL GREEN OS PDK L,113494,17,0,0,56747,964699,1134940
Mei-2026,MAMU MAKASSAR,OVERSIZE HW MAMU,MINERAL GREEN OS PDK L,0,10,0,0,56747,567470,964699
Jun-2026,MAMU MAKASSAR,OVERSIZE HW MAMU,MINERAL GREEN OS PDK L,113494,8,0,0,56747,453976,567470
Jul-2026,MAMU MAKASSAR,OVERSIZE HW MAMU,MINERAL GREEN OS PDK L,397229,1,0,0,56747,56747,453976
Agu-2026,MAMU MAKASSAR,OVERSIZE HW MAMU,MINERAL GREEN OS PDK L,56747,15,0,0,56747,851205,56747
Sep-2026,MAMU MAKASSAR,OVERSIZE HW MAMU,MINERAL GREEN OS PDK L,170241,22,0,0,56747,1248434,851205
Okt-2026,MAMU MAKASSAR,OVERSIZE HW MAMU,MINERAL GREEN OS PDK L,56747,21,0,0,56747,1191687,1248434
Jan-2026,MAMU MAKASSAR,OVERSIZE HW MAMU,MINERAL GREEN OS PDK M,0,36,0,0,61488,2213568,0
Feb-2026,MAMU MAKASSAR,OVERSIZE HW MAMU,MINERAL GREEN OS PDK M,122976,35,0,0,61488,2152080,2213568
Mar-2026,MAMU MAKASSAR,OVERSIZE HW MAMU,MINERAL GREEN OS PDK M,1660176,0,0,0,61488,0,2152080
Apr-2026,MAMU MAKASSAR,OVERSIZE HW MAMU,MINERAL GREEN OS PDK M,56747,9,0,0,61488,553392,0
Mei-2026,MAMU MAKASSAR,OVERSIZE HW MAMU,MINERAL GREEN OS PDK M,56747,8,0,0,56747,453976,553392
Jun-2026,MAMU MAKASSAR,OVERSIZE HW MAMU,MINERAL GREEN OS PDK M,113494,6,0,0,56747,340482,453976
Jul-2026,MAMU MAKASSAR,OVERSIZE HW MAMU,MINERAL GREEN OS PDK M,0,6,0,0,56747,340482,340482
Agu-2026,MAMU MAKASSAR,OVERSIZE HW MAMU,MINERAL GREEN OS PDK M,226988,11,0,0,56747,624217,340482
Sep-2026,MAMU MAKASSAR,OVERSIZE HW MAMU,MINERAL GREEN OS PDK M,113494,16,0,0,56747,907952,624217
Okt-2026,MAMU MAKASSAR,OVERSIZE HW MAMU,MINERAL GREEN OS PDK M,0,16,0,0,56747,907952,907952
Jan-2026,MAMU MAKASSAR,OVERSIZE HW MAMU,MINERAL GREEN OS PDK S,245952,18,0,0,61488,1106784,0
Feb-2026,MAMU MAKASSAR,OVERSIZE HW MAMU,MINERAL GREEN OS PDK S,553392,6,0,0,61488,368928,1106784
Mar-2026,MAMU MAKASSAR,OVERSIZE HW MAMU,MINERAL GREEN OS PDK S,122976,20,0,0,56747,1134940,368928
Apr-2026,MAMU MAKASSAR,OVERSIZE HW MAMU,MINERAL GREEN OS PDK S,113494,18,0,0,56747,1021446,1134940
Mei-2026,MAMU MAKASSAR,OVERSIZE HW MAMU,MINERAL GREEN OS PDK S,113494,9,0,0,56747,510723,1021446
Jun-2026,MAMU MAKASSAR,OVERSIZE HW MAMU,MINERAL GREEN OS PDK S,0,9,0,0,56747,510723,510723
Jul-2026,MAMU MAKASSAR,OVERSIZE HW MAMU,MINERAL GREEN OS PDK S,226988,6,0,0,56747,340482,510723
Agu-2026,MAMU MAKASSAR,OVERSIZE HW MAMU,MINERAL GREEN OS PDK S,174639,10,0,0,56747,567470,340482
Sep-2026,MAMU MAKASSAR,OVERSIZE HW MAMU,MINERAL GREEN OS PDK S,235784,15,0,0,56747,851205,567470
Okt-2026,MAMU MAKASSAR,OVERSIZE HW MAMU,MINERAL GREEN OS PDK S,0,13,0,0,56747,737711,851205
Jan-2026,MAMU MAKASSAR,OVERSIZE HW MAMU,MINERAL GREEN OS PDK XL,245952,1,0,0,61488,61488,0
Feb-2026,MAMU MAKASSAR,OVERSIZE HW MAMU,MINERAL GREEN OS PDK XL,0,0,0,0,61488,0,61488
Apr-2026,MAMU MAKASSAR,OVERSIZE HW MAMU,MINERAL GREEN OS PDK XL,0,10,0,0,63332,633320,0
Mei-2026,MAMU MAKASSAR,OVERSIZE HW MAMU,MINERAL GREEN OS PDK XL,170241,7,0,0,56747,397229,633320
Jun-2026,MAMU MAKASSAR,OVERSIZE HW MAMU,MINERAL GREEN OS PDK XL,0,7,0,0,56747,397229,397229
Jul-2026,MAMU MAKASSAR,OVERSIZE HW MAMU,MINERAL GREEN OS PDK XL,56747,6,0,0,56747,340482,397229
Agu-2026,MAMU MAKASSAR,OVERSIZE HW MAMU,MINERAL GREEN OS PDK XL,170241,8,0,0,56747,453976,340482
Sep-2026,MAMU MAKASSAR,OVERSIZE HW MAMU,MINERAL GREEN OS PDK XL,170241,3,0,0,56747,170241,453976
Okt-2026,MAMU MAKASSAR,OVERSIZE HW MAMU,MINERAL GREEN OS PDK XL,0,3,0,0,56747,170241,170241
Jan-2026,MAMU MAKASSAR,OVERSIZE HW MAMU,PUTIH OS PDK 2XL,192738,2,0,0,64246,128492,0
Feb-2026,MAMU MAKASSAR,OVERSIZE HW MAMU,PUTIH OS PDK 2XL,64246,0,0,0,64246,0,128492
Apr-2026,MAMU MAKASSAR,OVERSIZE HW MAMU,PUTIH OS PDK 2XL,103790,8,0,0,64246,513968,0
Mei-2026,MAMU MAKASSAR,OVERSIZE HW MAMU,PUTIH OS PDK 2XL,467055,0,4,0,51895,207580,513968
Jun-2026,MAMU MAKASSAR,OVERSIZE HW MAMU,PUTIH OS PDK 2XL,0,9,0,0,51895,467055,207580
Jul-2026,MAMU MAKASSAR,OVERSIZE HW MAMU,PUTIH OS PDK 2XL,63593,10,0,0,51895,518950,467055
Agu-2026,MAMU MAKASSAR,OVERSIZE HW MAMU,PUTIH OS PDK 2XL,129526,7,0,0,51895,363265,518950
Sep-2026,MAMU MAKASSAR,OVERSIZE HW MAMU,PUTIH OS PDK 2XL,64763,6,0,0,51895,311370,363265
Okt-2026,MAMU MAKASSAR,OVERSIZE HW MAMU,PUTIH OS PDK 2XL,0,6,0,0,51895,311370,311370
Jan-2026,MAMU MAKASSAR,OVERSIZE HW MAMU,PUTIH OS PDK L,385476,0,0,0,64246,0,0
Mar-2026,MAMU MAKASSAR,OVERSIZE HW MAMU,PUTIH OS PDK L,51895,20,0,0,51895,1037900,0
Apr-2026,MAMU MAKASSAR,OVERSIZE HW MAMU,PUTIH OS PDK L,103790,16,0,0,51895,830320,1037900
Mei-2026,MAMU MAKASSAR,OVERSIZE HW MAMU,PUTIH OS PDK L,518950,4,0,0,51895,207580,830320
Jun-2026,MAMU MAKASSAR,OVERSIZE HW MAMU,PUTIH OS PDK L,207580,8,0,0,51895,415160,207580
Jul-2026,MAMU MAKASSAR,OVERSIZE HW MAMU,PUTIH OS PDK L,467055,6,0,0,51895,311370,415160
Agu-2026,MAMU MAKASSAR,OVERSIZE HW MAMU,PUTIH OS PDK L,726530,3,0,0,51895,155685,311370
Sep-2026,MAMU MAKASSAR,OVERSIZE HW MAMU,PUTIH OS PDK L,515038,2,0,0,51895,103790,155685
Okt-2026,MAMU MAKASSAR,OVERSIZE HW MAMU,PUTIH OS PDK L,0,6,0,0,51895,311370,103790
Jan-2026,MAMU MAKASSAR,OVERSIZE HW MAMU,PUTIH OS PDK M,1156428,12,0,0,64246,770952,0
Feb-2026,MAMU MAKASSAR,OVERSIZE HW MAMU,PUTIH OS PDK M,706706,0,0,0,64246,0,770952
Apr-2026,MAMU MAKASSAR,OVERSIZE HW MAMU,PUTIH OS PDK M,155664,7,0,0,64246,449722,0
Mei-2026,MAMU MAKASSAR,OVERSIZE HW MAMU,PUTIH OS PDK M,207552,4,0,0,51888,207552,449722
Jun-2026,MAMU MAKASSAR,OVERSIZE HW MAMU,PUTIH OS PDK M,259440,8,0,0,51888,415104,207552
Jul-2026,MAMU MAKASSAR,OVERSIZE HW MAMU,PUTIH OS PDK M,311328,5,0,0,51888,259440,415104
Agu-2026,MAMU MAKASSAR,OVERSIZE HW MAMU,PUTIH OS PDK M,674544,1,0,0,51888,51888,259440
Sep-2026,MAMU MAKASSAR,OVERSIZE HW MAMU,PUTIH OS PDK M,259440,9,0,0,51888,466992,51888
Okt-2026,MAMU MAKASSAR,OVERSIZE HW MAMU,PUTIH OS PDK M,0,9,0,0,51888,466992,466992
Jan-2026,MAMU MAKASSAR,OVERSIZE HW MAMU,PUTIH OS PDK S,385476,1,0,0,64246,64246,0
Feb-2026,MAMU MAKASSAR,OVERSIZE HW MAMU,PUTIH OS PDK S,0,0,0,0,64246,0,64246
Mar-2026,MAMU MAKASSAR,OVERSIZE HW MAMU,PUTIH OS PDK S,51895,19,0,0,51895,986005,0
Apr-2026,MAMU MAKASSAR,OVERSIZE HW MAMU,PUTIH OS PDK S,622740,4,5,0,51895,467055,986005
Mei-2026,MAMU MAKASSAR,OVERSIZE HW MAMU,PUTIH OS PDK S,259475,5,0,0,51895,259475,467055
Jun-2026,MAMU MAKASSAR,OVERSIZE HW MAMU,PUTIH OS PDK S,317878,1,0,0,51895,51895,259475
Jul-2026,MAMU MAKASSAR,OVERSIZE HW MAMU,PUTIH OS PDK S,267610,5,0,0,51895,259475,51895
Agu-2026,MAMU MAKASSAR,OVERSIZE HW MAMU,PUTIH OS PDK S,214088,5,0,0,51895,259475,259475
Sep-2026,MAMU MAKASSAR,OVERSIZE HW MAMU,PUTIH OS PDK S,588742,2,0,0,51895,103790,259475
Okt-2026,MAMU MAKASSAR,OVERSIZE HW MAMU,PUTIH OS PDK S,53522,1,13,0,51895,726530,103790
Jan-2026,MAMU MAKASSAR,OVERSIZE HW MAMU,PUTIH OS PDK XL,642460,1,0,0,64246,64246,0
Feb-2026,MAMU MAKASSAR,OVERSIZE HW MAMU,PUTIH OS PDK XL,64246,0,0,0,64246,0,64246
Apr-2026,MAMU MAKASSAR,OVERSIZE HW MAMU,PUTIH OS PDK XL,51895,9,0,0,51167,460503,0
Mei-2026,MAMU MAKASSAR,OVERSIZE HW MAMU,PUTIH OS PDK XL,1193005,1,1,0,51895,103790,460503
Jun-2026,MAMU MAKASSAR,OVERSIZE HW MAMU,PUTIH OS PDK XL,146324,8,0,0,51895,415160,103790
Jul-2026,MAMU MAKASSAR,OVERSIZE HW MAMU,PUTIH OS PDK XL,543616,9,0,0,51895,467055,415160
Agu-2026,MAMU MAKASSAR,OVERSIZE HW MAMU,PUTIH OS PDK XL,380982,3,0,0,51895,155685,467055
Sep-2026,MAMU MAKASSAR,OVERSIZE HW MAMU,PUTIH OS PDK XL,0,0,0,0,51895,0,155685
Jan-2026,MAMU PALOPO,OVERSIZE HW MAMU,ABU TUA OS PDK L,0,6,0,0,61480,368880,0
Feb-2026,MAMU PALOPO,OVERSIZE HW MAMU,ABU TUA OS PDK L,0,6,0,0,61480,368880,368880
Mar-2026,MAMU PALOPO,OVERSIZE HW MAMU,ABU TUA OS PDK L,112216,3,0,0,56108,168324,368880
Apr-2026,MAMU PALOPO,OVERSIZE HW MAMU,ABU TUA OS PDK L,56108,2,0,0,53390,106780,168324
Mei-2026,MAMU PALOPO,OVERSIZE HW MAMU,ABU TUA OS PDK L,56108,1,0,0,53390,53390,106780
Jun-2026,MAMU PALOPO,OVERSIZE HW MAMU,ABU TUA OS PDK L,0,1,0,0,53390,53390,53390
Jul-2026,MAMU PALOPO,OVERSIZE HW MAMU,ABU TUA OS PDK L,0,1,0,0,53390,53390,53390
Agu-2026,MAMU PALOPO,OVERSIZE HW MAMU,ABU TUA OS PDK L,53947,4,0,0,53390,213560,53390
Sep-2026,MAMU PALOPO,OVERSIZE HW MAMU,ABU TUA OS PDK L,0,5,0,0,53390,266950,213560
Okt-2026,MAMU PALOPO,OVERSIZE HW MAMU,ABU TUA OS PDK L,0,5,0,0,53390,266950,266950
Okt-2026,MAMU PALOPO,OVERSIZE HW MAMU,ABU TUA OS PDK M,0,6,0,0,53390,320340,0
Jan-2026,MAMU PALOPO,OVERSIZE HW MAMU,ABU TUA OS PDK XL,0,5,0,0,61480,307400,0
Feb-2026,MAMU PALOPO,OVERSIZE HW MAMU,ABU TUA OS PDK XL,0,5,0,0,61480,307400,307400
Mar-2026,MAMU PALOPO,OVERSIZE HW MAMU,ABU TUA OS PDK XL,109822,3,0,0,61480,184440,307400
Apr-2026,MAMU PALOPO,OVERSIZE HW MAMU,ABU TUA OS PDK XL,0,3,0,0,61480,184440,184440
Mei-2026,MAMU PALOPO,OVERSIZE HW MAMU,ABU TUA OS PDK XL,0,3,0,0,53390,160170,184440
Jun-2026,MAMU PALOPO,OVERSIZE HW MAMU,ABU TUA OS PDK XL,0,3,0,0,53390,160170,160170
Jul-2026,MAMU PALOPO,OVERSIZE HW MAMU,ABU TUA OS PDK XL,109822,1,0,0,53390,53390,160170
Agu-2026,MAMU PALOPO,OVERSIZE HW MAMU,ABU TUA OS PDK XL,0,5,0,0,53390,266950,53390
Sep-2026,MAMU PALOPO,OVERSIZE HW MAMU,ABU TUA OS PDK XL,0,5,0,0,53390,266950,266950
Okt-2026,MAMU PALOPO,OVERSIZE HW MAMU,ABU TUA OS PDK XL,0,5,0,0,53390,266950,266950
Jan-2026,MAMU PALOPO,OVERSIZE HW MAMU,COKLAT TUA OS PDK L,0,4,0,0,56662,226648,0
Feb-2026,MAMU PALOPO,OVERSIZE HW MAMU,COKLAT TUA OS PDK L,0,4,0,0,56662,226648,226648
Mar-2026,MAMU PALOPO,OVERSIZE HW MAMU,COKLAT TUA OS PDK L,55766,3,0,0,53371,160113,226648
Apr-2026,MAMU PALOPO,OVERSIZE HW MAMU,COKLAT TUA OS PDK L,0,3,0,0,53371,160113,160113
Mei-2026,MAMU PALOPO,OVERSIZE HW MAMU,COKLAT TUA OS PDK L,55766,2,0,0,53371,106742,160113
Jun-2026,MAMU PALOPO,OVERSIZE HW MAMU,COKLAT TUA OS PDK L,0,2,0,0,53371,106742,106742
Jul-2026,MAMU PALOPO,OVERSIZE HW MAMU,COKLAT TUA OS PDK L,55766,1,0,0,53371,53371,106742
Agu-2026,MAMU PALOPO,OVERSIZE HW MAMU,COKLAT TUA OS PDK L,0,5,0,0,53371,266855,53371
Sep-2026,MAMU PALOPO,OVERSIZE HW MAMU,COKLAT TUA OS PDK L,0,5,0,0,53371,266855,266855
Okt-2026,MAMU PALOPO,OVERSIZE HW MAMU,COKLAT TUA OS PDK L,0,5,0,0,53371,266855,266855
Jan-2026,MAMU PALOPO,OVERSIZE HW MAMU,COKLAT TUA OS PDK M,0,3,0,0,56662,169986,0
Feb-2026,MAMU PALOPO,OVERSIZE HW MAMU,COKLAT TUA OS PDK M,0,3,0,0,56662,169986,169986
Mar-2026,MAMU PALOPO,OVERSIZE HW MAMU,COKLAT TUA OS PDK M,162951,0,0,0,56662,0,169986
Agu-2026,MAMU PALOPO,OVERSIZE HW MAMU,COKLAT TUA OS PDK M,0,5,0,0,53371,266855,0
Sep-2026,MAMU PALOPO,OVERSIZE HW MAMU,COKLAT TUA OS PDK M,0,5,0,0,53371,266855,266855
Okt-2026,MAMU PALOPO,OVERSIZE HW MAMU,COKLAT TUA OS PDK M,0,5,0,0,53371,266855,266855
Jan-2026,MAMU PALOPO,OVERSIZE HW MAMU,DENIM BLUE OS PDK L,0,3,0,0,61936,185808,0
Feb-2026,MAMU PALOPO,OVERSIZE HW MAMU,DENIM BLUE OS PDK L,0,3,0,0,61936,185808,185808
Mar-2026,MAMU PALOPO,OVERSIZE HW MAMU,DENIM BLUE OS PDK L,56509,2,0,0,54461,108922,185808
Apr-2026,MAMU PALOPO,OVERSIZE HW MAMU,DENIM BLUE OS PDK L,0,2,0,0,54426,108852,108922
Mei-2026,MAMU PALOPO,OVERSIZE HW MAMU,DENIM BLUE OS PDK L,113018,0,0,0,61936,0,108852
Agu-2026,MAMU PALOPO,OVERSIZE HW MAMU,DENIM BLUE OS PDK L,0,5,0,0,54388,271940,0
Sep-2026,MAMU PALOPO,OVERSIZE HW MAMU,DENIM BLUE OS PDK L,0,5,0,0,54388,271940,271940
Okt-2026,MAMU PALOPO,OVERSIZE HW MAMU,DENIM BLUE OS PDK L,0,5,0,0,54388,271940,271940
Okt-2026,MAMU PALOPO,OVERSIZE HW MAMU,DENIM BLUE OS PDK M,0,6,0,0,54375,326250,0
Jan-2026,MAMU PALOPO,OVERSIZE HW MAMU,DENIM BLUE OS PDK XL,0,3,0,0,61936,185808,0
Feb-2026,MAMU PALOPO,OVERSIZE HW MAMU,DENIM BLUE OS PDK XL,0,3,0,0,61936,185808,185808
Mar-2026,MAMU PALOPO,OVERSIZE HW MAMU,DENIM BLUE OS PDK XL,0,3,0,0,53483,160449,185808
Apr-2026,MAMU PALOPO,OVERSIZE HW MAMU,DENIM BLUE OS PDK XL,0,3,0,0,53483,160449,160449
Mei-2026,MAMU PALOPO,OVERSIZE HW MAMU,DENIM BLUE OS PDK XL,54679,2,0,0,54375,108750,160449
Jun-2026,MAMU PALOPO,OVERSIZE HW MAMU,DENIM BLUE OS PDK XL,0,2,0,0,54375,108750,108750
Jul-2026,MAMU PALOPO,OVERSIZE HW MAMU,DENIM BLUE OS PDK XL,0,2,0,0,54375,108750,108750
Agu-2026,MAMU PALOPO,OVERSIZE HW MAMU,DENIM BLUE OS PDK XL,0,5,0,0,54375,271875,108750
Sep-2026,MAMU PALOPO,OVERSIZE HW MAMU,DENIM BLUE OS PDK XL,0,5,0,0,54375,271875,271875
Okt-2026,MAMU PALOPO,OVERSIZE HW MAMU,DENIM BLUE OS PDK XL,0,5,0,0,54375,271875,271875
Jan-2026,MAMU PALOPO,OVERSIZE HW MAMU,JET BLACK OS PDK 2XL,0,1,0,0,58009,58009,0
Feb-2026,MAMU PALOPO,OVERSIZE HW MAMU,JET BLACK OS PDK 2XL,0,1,0,0,58009,58009,58009
Mar-2026,MAMU PALOPO,OVERSIZE HW MAMU,JET BLACK OS PDK 2XL,0,1,0,0,58009,58009,58009
Apr-2026,MAMU PALOPO,OVERSIZE HW MAMU,JET BLACK OS PDK 2XL,0,1,0,0,58009,58009,58009
Mei-2026,MAMU PALOPO,OVERSIZE HW MAMU,JET BLACK OS PDK 2XL,0,1,0,0,61470,61470,58009
Jun-2026,MAMU PALOPO,OVERSIZE HW MAMU,JET BLACK OS PDK 2XL,0,1,0,0,61470,61470,61470
Jul-2026,MAMU PALOPO,OVERSIZE HW MAMU,JET BLACK OS PDK 2XL,0,1,0,0,61470,61470,61470
Agu-2026,MAMU PALOPO,OVERSIZE HW MAMU,JET BLACK OS PDK 2XL,0,1,0,0,61470,61470,61470
Sep-2026,MAMU PALOPO,OVERSIZE HW MAMU,JET BLACK OS PDK 2XL,0,1,0,0,61470,61470,61470
Okt-2026,MAMU PALOPO,OVERSIZE HW MAMU,JET BLACK OS PDK 2XL,0,1,0,0,61470,61470,61470
Jan-2026,MAMU PALOPO,OVERSIZE HW MAMU,JET BLACK OS PDK L,0,10,0,0,61029,610290,0
Feb-2026,MAMU PALOPO,OVERSIZE HW MAMU,JET BLACK OS PDK L,0,10,0,0,61029,610290,610290
Mar-2026,MAMU PALOPO,OVERSIZE HW MAMU,JET BLACK OS PDK L,244116,5,0,0,60919,304595,610290
Apr-2026,MAMU PALOPO,OVERSIZE HW MAMU,JET BLACK OS PDK L,61029,5,0,0,60919,304595,304595
Mei-2026,MAMU PALOPO,OVERSIZE HW MAMU,JET BLACK OS PDK L,122058,3,0,0,61467,184401,304595
Jun-2026,MAMU PALOPO,OVERSIZE HW MAMU,JET BLACK OS PDK L,61029,2,0,0,61467,122934,184401
Jul-2026,MAMU PALOPO,OVERSIZE HW MAMU,JET BLACK OS PDK L,61029,1,0,0,61467,61467,122934
Agu-2026,MAMU PALOPO,OVERSIZE HW MAMU,JET BLACK OS PDK L,0,5,0,0,61467,307335,61467
Sep-2026,MAMU PALOPO,OVERSIZE HW MAMU,JET BLACK OS PDK L,0,5,0,0,61467,307335,307335
Okt-2026,MAMU PALOPO,OVERSIZE HW MAMU,JET BLACK OS PDK L,0,5,0,0,61467,307335,307335
Jan-2026,MAMU PALOPO,OVERSIZE HW MAMU,JET BLACK OS PDK M,0,22,0,0,61029,1342638,0
Feb-2026,MAMU PALOPO,OVERSIZE HW MAMU,JET BLACK OS PDK M,0,22,0,0,61029,1342638,1342638
Mar-2026,MAMU PALOPO,OVERSIZE HW MAMU,JET BLACK OS PDK M,55481,14,0,0,60919,852866,1342638
Apr-2026,MAMU PALOPO,OVERSIZE HW MAMU,JET BLACK OS PDK M,55481,13,0,0,60919,791947,852866
Mei-2026,MAMU PALOPO,OVERSIZE HW MAMU,JET BLACK OS PDK M,166443,10,0,0,60919,609190,791947
Jun-2026,MAMU PALOPO,OVERSIZE HW MAMU,JET BLACK OS PDK M,55481,9,0,0,60919,548271,609190
Jul-2026,MAMU PALOPO,OVERSIZE HW MAMU,JET BLACK OS PDK M,0,9,0,0,60919,548271,548271
Agu-2026,MAMU PALOPO,OVERSIZE HW MAMU,JET BLACK OS PDK M,0,9,0,0,60919,548271,548271
Sep-2026,MAMU PALOPO,OVERSIZE HW MAMU,JET BLACK OS PDK M,0,9,0,0,60919,548271,548271
Okt-2026,MAMU PALOPO,OVERSIZE HW MAMU,JET BLACK OS PDK M,0,9,0,0,60919,548271,548271
Jan-2026,MAMU PALOPO,OVERSIZE HW MAMU,JET BLACK OS PDK S,0,20,0,0,61029,1220580,0
Feb-2026,MAMU PALOPO,OVERSIZE HW MAMU,JET BLACK OS PDK S,0,20,0,0,61029,1220580,1220580
Mar-2026,MAMU PALOPO,OVERSIZE HW MAMU,JET BLACK OS PDK S,183087,12,0,0,60973,731676,1220580
Apr-2026,MAMU PALOPO,OVERSIZE HW MAMU,JET BLACK OS PDK S,0,12,0,0,60973,731676,731676
Mei-2026,MAMU PALOPO,OVERSIZE HW MAMU,JET BLACK OS PDK S,61029,11,0,0,60973,670703,731676
Jun-2026,MAMU PALOPO,OVERSIZE HW MAMU,JET BLACK OS PDK S,0,11,0,0,60973,670703,670703
Jul-2026,MAMU PALOPO,OVERSIZE HW MAMU,JET BLACK OS PDK S,0,11,0,0,60973,670703,670703
Agu-2026,MAMU PALOPO,OVERSIZE HW MAMU,JET BLACK OS PDK S,0,11,0,0,60973,670703,670703
Sep-2026,MAMU PALOPO,OVERSIZE HW MAMU,JET BLACK OS PDK S,183087,8,0,0,60973,487784,670703
Okt-2026,MAMU PALOPO,OVERSIZE HW MAMU,JET BLACK OS PDK S,0,8,0,0,60973,487784,487784
Jan-2026,MAMU PALOPO,OVERSIZE HW MAMU,MINERAL GREEN OS PDK 2XL,0,1,0,0,61488,61488,0
Feb-2026,MAMU PALOPO,OVERSIZE HW MAMU,MINERAL GREEN OS PDK 2XL,0,1,0,0,61488,61488,61488
Mar-2026,MAMU PALOPO,OVERSIZE HW MAMU,MINERAL GREEN OS PDK 2XL,0,1,0,0,61488,61488,61488
Apr-2026,MAMU PALOPO,OVERSIZE HW MAMU,MINERAL GREEN OS PDK 2XL,0,1,0,0,61488,61488,61488
Mei-2026,MAMU PALOPO,OVERSIZE HW MAMU,MINERAL GREEN OS PDK 2XL,0,1,0,0,56747,56747,61488
Jun-2026,MAMU PALOPO,OVERSIZE HW MAMU,MINERAL GREEN OS PDK 2XL,0,1,0,0,56747,56747,56747
Jul-2026,MAMU PALOPO,OVERSIZE HW MAMU,MINERAL GREEN OS PDK 2XL,0,1,0,0,56747,56747,56747
Agu-2026,MAMU PALOPO,OVERSIZE HW MAMU,MINERAL GREEN OS PDK 2XL,0,1,0,0,56747,56747,56747
Sep-2026,MAMU PALOPO,OVERSIZE HW MAMU,MINERAL GREEN OS PDK 2XL,60411,0,0,0,61488,0,56747
Jan-2026,MAMU PALOPO,OVERSIZE HW MAMU,MINERAL GREEN OS PDK L,0,1,0,0,61488,61488,0
Feb-2026,MAMU PALOPO,OVERSIZE HW MAMU,MINERAL GREEN OS PDK L,0,1,0,0,61488,61488,61488
Mar-2026,MAMU PALOPO,OVERSIZE HW MAMU,MINERAL GREEN OS PDK L,59203,0,0,0,61488,0,61488
Agu-2026,MAMU PALOPO,OVERSIZE HW MAMU,MINERAL GREEN OS PDK L,0,3,0,0,56747,170241,0
Sep-2026,MAMU PALOPO,OVERSIZE HW MAMU,MINERAL GREEN OS PDK L,0,3,0,0,56747,170241,170241
Okt-2026,MAMU PALOPO,OVERSIZE HW MAMU,MINERAL GREEN OS PDK L,0,3,0,0,56747,170241,170241
Jan-2026,MAMU PALOPO,OVERSIZE HW MAMU,MINERAL GREEN OS PDK XL,0,3,0,0,61488,184464,0
Feb-2026,MAMU PALOPO,OVERSIZE HW MAMU,MINERAL GREEN OS PDK XL,0,3,0,0,61488,184464,184464
Mar-2026,MAMU PALOPO,OVERSIZE HW MAMU,MINERAL GREEN OS PDK XL,60910,2,0,0,63332,126664,184464
Apr-2026,MAMU PALOPO,OVERSIZE HW MAMU,MINERAL GREEN OS PDK XL,0,2,0,0,63332,126664,126664
Mei-2026,MAMU PALOPO,OVERSIZE HW MAMU,MINERAL GREEN OS PDK XL,0,2,0,0,56747,113494,126664
Jun-2026,MAMU PALOPO,OVERSIZE HW MAMU,MINERAL GREEN OS PDK XL,0,2,0,0,56747,113494,113494
Jul-2026,MAMU PALOPO,OVERSIZE HW MAMU,MINERAL GREEN OS PDK XL,0,2,0,0,56747,113494,113494
Agu-2026,MAMU PALOPO,OVERSIZE HW MAMU,MINERAL GREEN OS PDK XL,0,3,0,0,56747,170241,113494
Sep-2026,MAMU PALOPO,OVERSIZE HW MAMU,MINERAL GREEN OS PDK XL,65752,2,0,0,56747,113494,170241
Okt-2026,MAMU PALOPO,OVERSIZE HW MAMU,MINERAL GREEN OS PDK XL,0,2,0,0,56747,113494,113494
Jan-2026,MAMU PALOPO,OVERSIZE HW MAMU,PUTIH OS PDK 2XL,0,4,0,0,64246,256984,0
Feb-2026,MAMU PALOPO,OVERSIZE HW MAMU,PUTIH OS PDK 2XL,53504,3,0,0,64246,192738,256984
Mar-2026,MAMU PALOPO,OVERSIZE HW MAMU,PUTIH OS PDK 2XL,53504,2,0,0,64246,128492,192738
Apr-2026,MAMU PALOPO,OVERSIZE HW MAMU,PUTIH OS PDK 2XL,0,2,0,0,64246,128492,128492
Mei-2026,MAMU PALOPO,OVERSIZE HW MAMU,PUTIH OS PDK 2XL,0,2,0,0,51895,103790,128492
Jun-2026,MAMU PALOPO,OVERSIZE HW MAMU,PUTIH OS PDK 2XL,53504,1,0,0,51895,51895,103790
Jul-2026,MAMU PALOPO,OVERSIZE HW MAMU,PUTIH OS PDK 2XL,0,1,0,0,51895,51895,51895
Agu-2026,MAMU PALOPO,OVERSIZE HW MAMU,PUTIH OS PDK 2XL,0,1,0,0,51895,51895,51895
Sep-2026,MAMU PALOPO,OVERSIZE HW MAMU,PUTIH OS PDK 2XL,0,1,0,0,51895,51895,51895
Okt-2026,MAMU PALOPO,OVERSIZE HW MAMU,PUTIH OS PDK 2XL,0,1,0,0,51895,51895,51895
Agu-2026,MAMU PALOPO,OVERSIZE HW MAMU,PUTIH OS PDK L,0,3,0,0,51895,155685,0
Sep-2026,MAMU PALOPO,OVERSIZE HW MAMU,PUTIH OS PDK L,51895,2,0,0,51895,103790,155685
Okt-2026,MAMU PALOPO,OVERSIZE HW MAMU,PUTIH OS PDK L,0,2,0,0,51895,103790,103790
Okt-2026,MAMU PALOPO,OVERSIZE HW MAMU,PUTIH OS PDK M,0,11,0,0,51888,570768,0
Jan-2026,MAMU PALOPO,OVERSIZE HW MAMU,PUTIH OS PDK XL,51167,1,0,0,64246,64246,0
Feb-2026,MAMU PALOPO,OVERSIZE HW MAMU,PUTIH OS PDK XL,0,1,0,0,64246,64246,64246
Mar-2026,MAMU PALOPO,OVERSIZE HW MAMU,PUTIH OS PDK XL,0,1,0,0,51167,51167,64246
Apr-2026,MAMU PALOPO,OVERSIZE HW MAMU,PUTIH OS PDK XL,0,1,0,0,51167,51167,51167
Mei-2026,MAMU PALOPO,OVERSIZE HW MAMU,PUTIH OS PDK XL,51167,0,0,0,64246,0,51167
Jan-2026,MAMU TSM,OVERSIZE HW MAMU,ABU TUA OS PDK 2XL,122960,0,0,0,61480,0,0
Apr-2026,MAMU TSM,OVERSIZE HW MAMU,ABU TUA OS PDK 2XL,0,4,0,0,61480,245920,0
Mei-2026,MAMU TSM,OVERSIZE HW MAMU,ABU TUA OS PDK 2XL,0,4,0,0,53390,213560,245920
Jun-2026,MAMU TSM,OVERSIZE HW MAMU,ABU TUA OS PDK 2XL,0,0,0,0,53390,0,213560
Jan-2026,MAMU TSM,OVERSIZE HW MAMU,ABU TUA OS PDK L,245920,2,0,0,61480,122960,0
Feb-2026,MAMU TSM,OVERSIZE HW MAMU,ABU TUA OS PDK L,245920,0,0,0,61480,0,122960
Apr-2026,MAMU TSM,OVERSIZE HW MAMU,ABU TUA OS PDK L,0,10,0,0,53390,533900,0
Mei-2026,MAMU TSM,OVERSIZE HW MAMU,ABU TUA OS PDK L,53390,9,0,0,53390,480510,533900
Jun-2026,MAMU TSM,OVERSIZE HW MAMU,ABU TUA OS PDK L,0,0,0,0,53390,0,480510
Jan-2026,MAMU TSM,OVERSIZE HW MAMU,ABU TUA OS PDK M,245920,1,0,0,61480,61480,0
Feb-2026,MAMU TSM,OVERSIZE HW MAMU,ABU TUA OS PDK M,245920,0,0,0,61480,0,61480
Mar-2026,MAMU TSM,OVERSIZE HW MAMU,ABU TUA OS PDK M,122960,0,0,0,61480,0,0
Apr-2026,MAMU TSM,OVERSIZE HW MAMU,ABU TUA OS PDK M,0,10,0,0,53390,533900,0
Mei-2026,MAMU TSM,OVERSIZE HW MAMU,ABU TUA OS PDK M,0,10,0,0,53390,533900,533900
Jun-2026,MAMU TSM,OVERSIZE HW MAMU,ABU TUA OS PDK M,0,0,0,0,53390,0,533900
Jan-2026,MAMU TSM,OVERSIZE HW MAMU,ABU TUA OS PDK S,368880,1,0,0,61480,61480,0
Feb-2026,MAMU TSM,OVERSIZE HW MAMU,ABU TUA OS PDK S,245920,0,0,0,61480,0,61480
Apr-2026,MAMU TSM,OVERSIZE HW MAMU,ABU TUA OS PDK S,0,10,0,0,53390,533900,0
Mei-2026,MAMU TSM,OVERSIZE HW MAMU,ABU TUA OS PDK S,0,10,0,0,53603,536030,533900
Jun-2026,MAMU TSM,OVERSIZE HW MAMU,ABU TUA OS PDK S,0,0,0,0,53603,0,536030
Jan-2026,MAMU TSM,OVERSIZE HW MAMU,ABU TUA OS PDK XL,122960,2,0,0,61480,122960,0
Feb-2026,MAMU TSM,OVERSIZE HW MAMU,ABU TUA OS PDK XL,307400,0,0,0,61480,0,122960
Jan-2026,MAMU TSM,OVERSIZE HW MAMU,COKLAT TUA OS PDK 2XL,113324,0,0,0,56662,0,0
Apr-2026,MAMU TSM,OVERSIZE HW MAMU,COKLAT TUA OS PDK 2XL,0,4,0,0,56662,226648,0
Mei-2026,MAMU TSM,OVERSIZE HW MAMU,COKLAT TUA OS PDK 2XL,0,4,0,0,53371,213484,226648
Jun-2026,MAMU TSM,OVERSIZE HW MAMU,COKLAT TUA OS PDK 2XL,0,0,0,0,53371,0,213484
Jan-2026,MAMU TSM,OVERSIZE HW MAMU,COKLAT TUA OS PDK L,226648,0,0,0,56662,0,0
Apr-2026,MAMU TSM,OVERSIZE HW MAMU,COKLAT TUA OS PDK L,106742,10,0,0,53371,533710,0
Mei-2026,MAMU TSM,OVERSIZE HW MAMU,COKLAT TUA OS PDK L,0,10,0,0,53371,533710,533710
Jun-2026,MAMU TSM,OVERSIZE HW MAMU,COKLAT TUA OS PDK L,0,0,0,0,53371,0,533710
Jan-2026,MAMU TSM,OVERSIZE HW MAMU,COKLAT TUA OS PDK M,283310,3,0,0,56662,169986,0
Feb-2026,MAMU TSM,OVERSIZE HW MAMU,COKLAT TUA OS PDK M,113324,0,0,0,56662,0,169986
Apr-2026,MAMU TSM,OVERSIZE HW MAMU,COKLAT TUA OS PDK M,106742,10,0,0,53371,533710,0
Mei-2026,MAMU TSM,OVERSIZE HW MAMU,COKLAT TUA OS PDK M,0,10,0,0,53371,533710,533710
Jun-2026,MAMU TSM,OVERSIZE HW MAMU,COKLAT TUA OS PDK M,0,0,0,0,53371,0,533710
Jan-2026,MAMU TSM,OVERSIZE HW MAMU,COKLAT TUA OS PDK S,169986,0,0,0,56662,0,0
Apr-2026,MAMU TSM,OVERSIZE HW MAMU,COKLAT TUA OS PDK S,106742,10,0,0,53371,533710,0
Mei-2026,MAMU TSM,OVERSIZE HW MAMU,COKLAT TUA OS PDK S,0,10,0,0,53371,533710,533710
Jun-2026,MAMU TSM,OVERSIZE HW MAMU,COKLAT TUA OS PDK S,0,0,0,0,53371,0,533710
Jan-2026,MAMU TSM,OVERSIZE HW MAMU,COKLAT TUA OS PDK XL,56662,0,0,0,56662,0,0
Apr-2026,MAMU TSM,OVERSIZE HW MAMU,COKLAT TUA OS PDK XL,0,10,0,0,56662,566620,0
Mei-2026,MAMU TSM,OVERSIZE HW MAMU,COKLAT TUA OS PDK XL,0,10,0,0,53371,533710,566620
Jun-2026,MAMU TSM,OVERSIZE HW MAMU,COKLAT TUA OS PDK XL,0,0,0,0,53371,0,533710
Jan-2026,MAMU TSM,OVERSIZE HW MAMU,DENIM BLUE OS PDK 2XL,123872,0,0,0,61936,0,0
Apr-2026,MAMU TSM,OVERSIZE HW MAMU,DENIM BLUE OS PDK 2XL,0,4,0,0,61936,247744,0
Mei-2026,MAMU TSM,OVERSIZE HW MAMU,DENIM BLUE OS PDK 2XL,0,4,0,0,54375,217500,247744
Jun-2026,MAMU TSM,OVERSIZE HW MAMU,DENIM BLUE OS PDK 2XL,0,0,0,0,54375,0,217500
Jan-2026,MAMU TSM,OVERSIZE HW MAMU,DENIM BLUE OS PDK L,309680,0,0,0,61936,0,0
Apr-2026,MAMU TSM,OVERSIZE HW MAMU,DENIM BLUE OS PDK L,0,10,0,0,54426,544260,0
Mei-2026,MAMU TSM,OVERSIZE HW MAMU,DENIM BLUE OS PDK L,0,10,0,0,54388,543880,544260
Jun-2026,MAMU TSM,OVERSIZE HW MAMU,DENIM BLUE OS PDK L,0,0,0,0,54388,0,543880
Jan-2026,MAMU TSM,OVERSIZE HW MAMU,DENIM BLUE OS PDK M,247744,0,0,0,61936,0,0
Feb-2026,MAMU TSM,OVERSIZE HW MAMU,DENIM BLUE OS PDK M,185808,1,0,0,61936,61936,0
Mar-2026,MAMU TSM,OVERSIZE HW MAMU,DENIM BLUE OS PDK M,247744,0,0,0,61936,0,61936
Apr-2026,MAMU TSM,OVERSIZE HW MAMU,DENIM BLUE OS PDK M,0,10,0,0,54375,543750,0
Mei-2026,MAMU TSM,OVERSIZE HW MAMU,DENIM BLUE OS PDK M,0,10,0,0,54375,543750,543750
Jun-2026,MAMU TSM,OVERSIZE HW MAMU,DENIM BLUE OS PDK M,0,0,0,0,54375,0,543750
Jan-2026,MAMU TSM,OVERSIZE HW MAMU,DENIM BLUE OS PDK S,433552,2,0,0,61936,123872,0
Feb-2026,MAMU TSM,OVERSIZE HW MAMU,DENIM BLUE OS PDK S,247744,2,0,0,61936,123872,123872
Mar-2026,MAMU TSM,OVERSIZE HW MAMU,DENIM BLUE OS PDK S,0,0,0,0,61936,0,123872
Apr-2026,MAMU TSM,OVERSIZE HW MAMU,DENIM BLUE OS PDK S,0,10,0,0,54375,543750,0
Mei-2026,MAMU TSM,OVERSIZE HW MAMU,DENIM BLUE OS PDK S,0,10,0,0,54375,543750,543750
Jun-2026,MAMU TSM,OVERSIZE HW MAMU,DENIM BLUE OS PDK S,0,0,0,0,54375,0,543750
Jan-2026,MAMU TSM,OVERSIZE HW MAMU,DENIM BLUE OS PDK XL,185808,2,0,0,61936,123872,0
Feb-2026,MAMU TSM,OVERSIZE HW MAMU,DENIM BLUE OS PDK XL,185808,0,0,0,61936,0,123872
Apr-2026,MAMU TSM,OVERSIZE HW MAMU,DENIM BLUE OS PDK XL,0,10,0,0,53483,534830,0
Mei-2026,MAMU TSM,OVERSIZE HW MAMU,DENIM BLUE OS PDK XL,0,10,0,0,54375,543750,534830
Jun-2026,MAMU TSM,OVERSIZE HW MAMU,DENIM BLUE OS PDK XL,0,0,0,0,54375,0,543750
Apr-2026,MAMU TSM,OVERSIZE HW MAMU,JET BLACK OS PDK 2XL,0,10,0,0,58009,580090,0
Mei-2026,MAMU TSM,OVERSIZE HW MAMU,JET BLACK OS PDK 2XL,0,10,0,0,61470,614700,580090
Jun-2026,MAMU TSM,OVERSIZE HW MAMU,JET BLACK OS PDK 2XL,0,0,0,0,61470,0,614700
Jan-2026,MAMU TSM,OVERSIZE HW MAMU,JET BLACK OS PDK L,61029,4,0,0,61029,244116,0
Feb-2026,MAMU TSM,OVERSIZE HW MAMU,JET BLACK OS PDK L,427074,2,0,0,61029,122058,244116
Mar-2026,MAMU TSM,OVERSIZE HW MAMU,JET BLACK OS PDK L,60986,0,0,0,61029,0,122058
Apr-2026,MAMU TSM,OVERSIZE HW MAMU,JET BLACK OS PDK L,0,10,0,0,60919,609190,0
Mei-2026,MAMU TSM,OVERSIZE HW MAMU,JET BLACK OS PDK L,0,10,0,0,61467,614670,609190
Jun-2026,MAMU TSM,OVERSIZE HW MAMU,JET BLACK OS PDK L,0,0,0,0,61467,0,614670
Jan-2026,MAMU TSM,OVERSIZE HW MAMU,JET BLACK OS PDK M,235056,5,0,0,61029,305145,0
Feb-2026,MAMU TSM,OVERSIZE HW MAMU,JET BLACK OS PDK M,304720,2,0,0,61029,122058,305145
Mar-2026,MAMU TSM,OVERSIZE HW MAMU,JET BLACK OS PDK M,242416,0,0,0,61029,0,122058
Apr-2026,MAMU TSM,OVERSIZE HW MAMU,JET BLACK OS PDK M,0,10,0,0,60919,609190,0
Mei-2026,MAMU TSM,OVERSIZE HW MAMU,JET BLACK OS PDK M,121838,8,0,0,60919,487352,609190
Jun-2026,MAMU TSM,OVERSIZE HW MAMU,JET BLACK OS PDK M,0,0,0,0,60919,0,487352
Jan-2026,MAMU TSM,OVERSIZE HW MAMU,JET BLACK OS PDK S,292790,5,0,0,61029,305145,0
Feb-2026,MAMU TSM,OVERSIZE HW MAMU,JET BLACK OS PDK S,485642,2,0,0,61029,122058,305145
Mar-2026,MAMU TSM,OVERSIZE HW MAMU,JET BLACK OS PDK S,242496,0,0,0,61029,0,122058
Apr-2026,MAMU TSM,OVERSIZE HW MAMU,JET BLACK OS PDK S,0,10,0,0,60973,609730,0
Mei-2026,MAMU TSM,OVERSIZE HW MAMU,JET BLACK OS PDK S,0,10,0,0,60973,609730,609730
Jun-2026,MAMU TSM,OVERSIZE HW MAMU,JET BLACK OS PDK S,0,0,0,0,60973,0,609730
Jan-2026,MAMU TSM,OVERSIZE HW MAMU,JET BLACK OS PDK XL,116018,0,0,0,58009,0,0
Apr-2026,MAMU TSM,OVERSIZE HW MAMU,JET BLACK OS PDK XL,0,10,0,0,58009,580090,0
Mei-2026,MAMU TSM,OVERSIZE HW MAMU,JET BLACK OS PDK XL,0,10,0,0,61470,614700,580090
Jun-2026,MAMU TSM,OVERSIZE HW MAMU,JET BLACK OS PDK XL,0,0,0,0,61470,0,614700
Apr-2026,MAMU TSM,OVERSIZE HW MAMU,MINERAL GREEN OS PDK 2XL,0,3,0,0,61488,184464,0
Mei-2026,MAMU TSM,OVERSIZE HW MAMU,MINERAL GREEN OS PDK 2XL,0,3,0,0,56747,170241,184464
Jun-2026,MAMU TSM,OVERSIZE HW MAMU,MINERAL GREEN OS PDK 2XL,0,0,0,0,56747,0,170241
Jan-2026,MAMU TSM,OVERSIZE HW MAMU,MINERAL GREEN OS PDK L,61488,2,0,0,61488,122976,0
Feb-2026,MAMU TSM,OVERSIZE HW MAMU,MINERAL GREEN OS PDK L,184464,3,0,0,61488,184464,122976
Mar-2026,MAMU TSM,OVERSIZE HW MAMU,MINERAL GREEN OS PDK L,122976,0,0,0,61488,0,184464
Apr-2026,MAMU TSM,OVERSIZE HW MAMU,MINERAL GREEN OS PDK L,56747,10,0,0,56747,567470,0
Mei-2026,MAMU TSM,OVERSIZE HW MAMU,MINERAL GREEN OS PDK L,0,10,0,0,56747,567470,567470
Jun-2026,MAMU TSM,OVERSIZE HW MAMU,MINERAL GREEN OS PDK L,0,0,0,0,56747,0,567470
Jan-2026,MAMU TSM,OVERSIZE HW MAMU,MINERAL GREEN OS PDK M,61488,2,0,0,61488,122976,0
Feb-2026,MAMU TSM,OVERSIZE HW MAMU,MINERAL GREEN OS PDK M,0,2,0,0,61488,122976,122976
Mar-2026,MAMU TSM,OVERSIZE HW MAMU,MINERAL GREEN OS PDK M,122976,0,0,0,61488,0,122976
Apr-2026,MAMU TSM,OVERSIZE HW MAMU,MINERAL GREEN OS PDK M,0,10,0,0,61488,614880,0
Mei-2026,MAMU TSM,OVERSIZE HW MAMU,MINERAL GREEN OS PDK M,0,10,0,0,56747,567470,614880
Jun-2026,MAMU TSM,OVERSIZE HW MAMU,MINERAL GREEN OS PDK M,0,0,0,0,56747,0,567470
Jan-2026,MAMU TSM,OVERSIZE HW MAMU,MINERAL GREEN OS PDK S,0,3,0,0,61488,184464,0
Feb-2026,MAMU TSM,OVERSIZE HW MAMU,MINERAL GREEN OS PDK S,245952,2,0,0,61488,122976,184464
Mar-2026,MAMU TSM,OVERSIZE HW MAMU,MINERAL GREEN OS PDK S,184464,0,0,0,61488,0,122976
Apr-2026,MAMU TSM,OVERSIZE HW MAMU,MINERAL GREEN OS PDK S,0,10,0,0,56747,567470,0
Mei-2026,MAMU TSM,OVERSIZE HW MAMU,MINERAL GREEN OS PDK S,0,10,0,0,56747,567470,567470
Jun-2026,MAMU TSM,OVERSIZE HW MAMU,MINERAL GREEN OS PDK S,0,0,0,0,56747,0,567470
Jan-2026,MAMU TSM,OVERSIZE HW MAMU,MINERAL GREEN OS PDK XL,61488,0,0,0,61488,0,0
Feb-2026,MAMU TSM,OVERSIZE HW MAMU,MINERAL GREEN OS PDK XL,61488,0,0,0,61488,0,0
Apr-2026,MAMU TSM,OVERSIZE HW MAMU,MINERAL GREEN OS PDK XL,0,8,0,0,63332,506656,0
Mei-2026,MAMU TSM,OVERSIZE HW MAMU,MINERAL GREEN OS PDK XL,0,8,0,0,56747,453976,506656
Jun-2026,MAMU TSM,OVERSIZE HW MAMU,MINERAL GREEN OS PDK XL,0,0,0,0,56747,0,453976
Jan-2026,MAMU TSM,OVERSIZE HW MAMU,PUTIH OS PDK 2XL,128492,0,0,0,64246,0,0
Apr-2026,MAMU TSM,OVERSIZE HW MAMU,PUTIH OS PDK 2XL,0,10,0,0,64246,642460,0
Mei-2026,MAMU TSM,OVERSIZE HW MAMU,PUTIH OS PDK 2XL,0,10,0,0,51895,518950,642460
Jun-2026,MAMU TSM,OVERSIZE HW MAMU,PUTIH OS PDK 2XL,0,0,0,0,51895,0,518950
Jan-2026,MAMU TSM,OVERSIZE HW MAMU,PUTIH OS PDK L,256984,0,0,0,64246,0,0
Apr-2026,MAMU TSM,OVERSIZE HW MAMU,PUTIH OS PDK L,0,10,0,0,51895,518950,0
Mei-2026,MAMU TSM,OVERSIZE HW MAMU,PUTIH OS PDK L,0,10,0,0,51895,518950,518950
Jun-2026,MAMU TSM,OVERSIZE HW MAMU,PUTIH OS PDK L,0,0,0,0,51895,0,518950
Jan-2026,MAMU TSM,OVERSIZE HW MAMU,PUTIH OS PDK M,321230,0,0,0,64246,0,0
Apr-2026,MAMU TSM,OVERSIZE HW MAMU,PUTIH OS PDK M,0,10,0,0,64246,642460,0
Mei-2026,MAMU TSM,OVERSIZE HW MAMU,PUTIH OS PDK M,51888,9,0,0,51888,466992,642460
Jun-2026,MAMU TSM,OVERSIZE HW MAMU,PUTIH OS PDK M,0,0,0,0,51888,0,466992
Jan-2026,MAMU TSM,OVERSIZE HW MAMU,PUTIH OS PDK S,192738,0,0,0,64246,0,0
Apr-2026,MAMU TSM,OVERSIZE HW MAMU,PUTIH OS PDK S,51895,10,0,0,51895,518950,0
Mei-2026,MAMU TSM,OVERSIZE HW MAMU,PUTIH OS PDK S,0,10,0,0,51895,518950,518950
Jun-2026,MAMU TSM,OVERSIZE HW MAMU,PUTIH OS PDK S,0,0,0,0,51895,0,518950
Jan-2026,MAMU TSM,OVERSIZE HW MAMU,PUTIH OS PDK XL,256984,0,0,0,64246,0,0
Apr-2026,MAMU TSM,OVERSIZE HW MAMU,PUTIH OS PDK XL,0,10,0,0,51167,511670,0
Mei-2026,MAMU TSM,OVERSIZE HW MAMU,PUTIH OS PDK XL,0,10,0,0,51895,518950,511670
Jun-2026,MAMU TSM,OVERSIZE HW MAMU,PUTIH OS PDK XL,0,0,0,0,51895,0,518950
Jan-2026,TIGALAPANKAOS BONE,OVERSIZE HW MAMU,ABU TUA OS PDK 2XL,0,1,0,0,61480,61480,0
Feb-2026,TIGALAPANKAOS BONE,OVERSIZE HW MAMU,ABU TUA OS PDK 2XL,0,1,0,0,61480,61480,61480
Mar-2026,TIGALAPANKAOS BONE,OVERSIZE HW MAMU,ABU TUA OS PDK 2XL,61480,0,0,0,61480,0,61480
Jan-2026,TIGALAPANKAOS BONE,OVERSIZE HW MAMU,ABU TUA OS PDK L,0,2,0,0,61480,122960,0
Feb-2026,TIGALAPANKAOS BONE,OVERSIZE HW MAMU,ABU TUA OS PDK L,0,2,0,0,61480,122960,122960
Mar-2026,TIGALAPANKAOS BONE,OVERSIZE HW MAMU,ABU TUA OS PDK L,122960,0,0,0,61480,0,122960
Mei-2026,TIGALAPANKAOS BONE,OVERSIZE HW MAMU,ABU TUA OS PDK L,53390,2,0,0,53390,106780,0
Jun-2026,TIGALAPANKAOS BONE,OVERSIZE HW MAMU,ABU TUA OS PDK L,0,2,0,0,53390,106780,106780
Jul-2026,TIGALAPANKAOS BONE,OVERSIZE HW MAMU,ABU TUA OS PDK L,53390,2,0,0,53390,106780,106780
Agu-2026,TIGALAPANKAOS BONE,OVERSIZE HW MAMU,ABU TUA OS PDK L,53404,4,0,0,53390,213560,106780
Sep-2026,TIGALAPANKAOS BONE,OVERSIZE HW MAMU,ABU TUA OS PDK L,106808,2,0,0,53390,106780,213560
Okt-2026,TIGALAPANKAOS BONE,OVERSIZE HW MAMU,ABU TUA OS PDK L,0,2,0,0,53390,106780,106780
Jan-2026,TIGALAPANKAOS BONE,OVERSIZE HW MAMU,ABU TUA OS PDK M,0,3,0,0,61480,184440,0
Feb-2026,TIGALAPANKAOS BONE,OVERSIZE HW MAMU,ABU TUA OS PDK M,0,3,0,0,61480,184440,184440
Mar-2026,TIGALAPANKAOS BONE,OVERSIZE HW MAMU,ABU TUA OS PDK M,61480,2,0,0,61480,122960,184440
Apr-2026,TIGALAPANKAOS BONE,OVERSIZE HW MAMU,ABU TUA OS PDK M,0,2,0,0,53390,106780,122960
Mei-2026,TIGALAPANKAOS BONE,OVERSIZE HW MAMU,ABU TUA OS PDK M,0,7,0,0,53390,373730,106780
Jun-2026,TIGALAPANKAOS BONE,OVERSIZE HW MAMU,ABU TUA OS PDK M,55701,6,0,0,53390,320340,373730
Jul-2026,TIGALAPANKAOS BONE,OVERSIZE HW MAMU,ABU TUA OS PDK M,0,6,0,0,53390,320340,320340
Agu-2026,TIGALAPANKAOS BONE,OVERSIZE HW MAMU,ABU TUA OS PDK M,55701,6,0,0,53390,320340,320340
Sep-2026,TIGALAPANKAOS BONE,OVERSIZE HW MAMU,ABU TUA OS PDK M,110940,4,0,0,53390,213560,320340
Okt-2026,TIGALAPANKAOS BONE,OVERSIZE HW MAMU,ABU TUA OS PDK M,0,4,0,0,53390,213560,213560
Jan-2026,TIGALAPANKAOS BONE,OVERSIZE HW MAMU,ABU TUA OS PDK S,0,3,0,0,61480,184440,0
Feb-2026,TIGALAPANKAOS BONE,OVERSIZE HW MAMU,ABU TUA OS PDK S,0,3,0,0,61480,184440,184440
Mar-2026,TIGALAPANKAOS BONE,OVERSIZE HW MAMU,ABU TUA OS PDK S,184440,0,0,0,61480,0,184440
Mei-2026,TIGALAPANKAOS BONE,OVERSIZE HW MAMU,ABU TUA OS PDK S,53603,1,0,0,53603,53603,0
Jun-2026,TIGALAPANKAOS BONE,OVERSIZE HW MAMU,ABU TUA OS PDK S,0,3,0,0,53603,160809,53603
Jul-2026,TIGALAPANKAOS BONE,OVERSIZE HW MAMU,ABU TUA OS PDK S,114970,2,0,0,53603,107206,160809
Agu-2026,TIGALAPANKAOS BONE,OVERSIZE HW MAMU,ABU TUA OS PDK S,57485,1,0,0,53603,53603,107206
Sep-2026,TIGALAPANKAOS BONE,OVERSIZE HW MAMU,ABU TUA OS PDK S,0,0,0,0,53603,0,53603
Jan-2026,TIGALAPANKAOS BONE,OVERSIZE HW MAMU,ABU TUA OS PDK XL,0,2,0,0,61480,122960,0
Feb-2026,TIGALAPANKAOS BONE,OVERSIZE HW MAMU,ABU TUA OS PDK XL,0,2,0,0,61480,122960,122960
Mar-2026,TIGALAPANKAOS BONE,OVERSIZE HW MAMU,ABU TUA OS PDK XL,122960,0,0,0,61480,0,122960
Mei-2026,TIGALAPANKAOS BONE,OVERSIZE HW MAMU,ABU TUA OS PDK XL,0,1,0,0,53390,53390,0
Jun-2026,TIGALAPANKAOS BONE,OVERSIZE HW MAMU,ABU TUA OS PDK XL,53390,2,0,0,53390,106780,53390
Jul-2026,TIGALAPANKAOS BONE,OVERSIZE HW MAMU,ABU TUA OS PDK XL,0,2,0,0,53390,106780,106780
Agu-2026,TIGALAPANKAOS BONE,OVERSIZE HW MAMU,ABU TUA OS PDK XL,0,2,0,0,53390,106780,106780
Sep-2026,TIGALAPANKAOS BONE,OVERSIZE HW MAMU,ABU TUA OS PDK XL,0,2,0,0,53390,106780,106780
Okt-2026,TIGALAPANKAOS BONE,OVERSIZE HW MAMU,ABU TUA OS PDK XL,0,2,0,0,53390,106780,106780
Jan-2026,TIGALAPANKAOS BONE,OVERSIZE HW MAMU,COKLAT TUA OS PDK 2XL,56662,0,0,0,56662,0,0
Jun-2026,TIGALAPANKAOS BONE,OVERSIZE HW MAMU,COKLAT TUA OS PDK 2XL,0,2,0,0,53371,106742,0
Jul-2026,TIGALAPANKAOS BONE,OVERSIZE HW MAMU,COKLAT TUA OS PDK 2XL,0,2,0,0,53371,106742,106742
Agu-2026,TIGALAPANKAOS BONE,OVERSIZE HW MAMU,COKLAT TUA OS PDK 2XL,0,2,0,0,53371,106742,106742
Sep-2026,TIGALAPANKAOS BONE,OVERSIZE HW MAMU,COKLAT TUA OS PDK 2XL,0,2,0,0,53371,106742,106742
Okt-2026,TIGALAPANKAOS BONE,OVERSIZE HW MAMU,COKLAT TUA OS PDK 2XL,0,2,0,0,53371,106742,106742
Jan-2026,TIGALAPANKAOS BONE,OVERSIZE HW MAMU,COKLAT TUA OS PDK L,0,1,0,0,56662,56662,0
Feb-2026,TIGALAPANKAOS BONE,OVERSIZE HW MAMU,COKLAT TUA OS PDK L,56662,3,0,0,56662,169986,56662
Mar-2026,TIGALAPANKAOS BONE,OVERSIZE HW MAMU,COKLAT TUA OS PDK L,56662,0,0,0,56662,0,169986
Mei-2026,TIGALAPANKAOS BONE,OVERSIZE HW MAMU,COKLAT TUA OS PDK L,106742,1,0,0,53371,53371,0
Jun-2026,TIGALAPANKAOS BONE,OVERSIZE HW MAMU,COKLAT TUA OS PDK L,0,3,0,0,53371,160113,53371
Jul-2026,TIGALAPANKAOS BONE,OVERSIZE HW MAMU,COKLAT TUA OS PDK L,53371,3,0,0,53371,160113,160113
Agu-2026,TIGALAPANKAOS BONE,OVERSIZE HW MAMU,COKLAT TUA OS PDK L,106742,0,0,0,56662,0,160113
Jan-2026,TIGALAPANKAOS BONE,OVERSIZE HW MAMU,COKLAT TUA OS PDK M,0,3,0,0,56662,169986,0
Feb-2026,TIGALAPANKAOS BONE,OVERSIZE HW MAMU,COKLAT TUA OS PDK M,0,1,0,0,56662,56662,169986
Mar-2026,TIGALAPANKAOS BONE,OVERSIZE HW MAMU,COKLAT TUA OS PDK M,113324,1,0,0,53371,53371,56662
Apr-2026,TIGALAPANKAOS BONE,OVERSIZE HW MAMU,COKLAT TUA OS PDK M,0,1,0,0,53371,53371,53371
Mei-2026,TIGALAPANKAOS BONE,OVERSIZE HW MAMU,COKLAT TUA OS PDK M,0,6,0,0,53371,320226,53371
Jun-2026,TIGALAPANKAOS BONE,OVERSIZE HW MAMU,COKLAT TUA OS PDK M,0,6,0,0,53371,320226,320226
Jul-2026,TIGALAPANKAOS BONE,OVERSIZE HW MAMU,COKLAT TUA OS PDK M,0,6,0,0,53371,320226,320226
Agu-2026,TIGALAPANKAOS BONE,OVERSIZE HW MAMU,COKLAT TUA OS PDK M,53920,5,0,0,53371,266855,320226
Sep-2026,TIGALAPANKAOS BONE,OVERSIZE HW MAMU,COKLAT TUA OS PDK M,161760,2,0,0,53371,106742,266855
Okt-2026,TIGALAPANKAOS BONE,OVERSIZE HW MAMU,COKLAT TUA OS PDK M,0,2,0,0,53371,106742,106742
Jan-2026,TIGALAPANKAOS BONE,OVERSIZE HW MAMU,COKLAT TUA OS PDK S,0,2,0,0,56662,113324,0
Feb-2026,TIGALAPANKAOS BONE,OVERSIZE HW MAMU,COKLAT TUA OS PDK S,0,2,0,0,56662,113324,113324
Mar-2026,TIGALAPANKAOS BONE,OVERSIZE HW MAMU,COKLAT TUA OS PDK S,56662,1,0,0,53371,53371,113324
Apr-2026,TIGALAPANKAOS BONE,OVERSIZE HW MAMU,COKLAT TUA OS PDK S,56662,0,0,0,56662,0,53371
Jun-2026,TIGALAPANKAOS BONE,OVERSIZE HW MAMU,COKLAT TUA OS PDK S,0,6,0,0,53371,320226,0
Jul-2026,TIGALAPANKAOS BONE,OVERSIZE HW MAMU,COKLAT TUA OS PDK S,0,6,0,0,53371,320226,320226
Agu-2026,TIGALAPANKAOS BONE,OVERSIZE HW MAMU,COKLAT TUA OS PDK S,116612,4,0,0,53371,213484,320226
Sep-2026,TIGALAPANKAOS BONE,OVERSIZE HW MAMU,COKLAT TUA OS PDK S,116612,2,0,0,53371,106742,213484
Okt-2026,TIGALAPANKAOS BONE,OVERSIZE HW MAMU,COKLAT TUA OS PDK S,58306,2,0,0,53371,106742,106742
Jan-2026,TIGALAPANKAOS BONE,OVERSIZE HW MAMU,COKLAT TUA OS PDK XL,56662,0,0,0,56662,0,0
Jun-2026,TIGALAPANKAOS BONE,OVERSIZE HW MAMU,COKLAT TUA OS PDK XL,0,6,0,0,53371,320226,0
Jul-2026,TIGALAPANKAOS BONE,OVERSIZE HW MAMU,COKLAT TUA OS PDK XL,0,6,0,0,53371,320226,320226
Agu-2026,TIGALAPANKAOS BONE,OVERSIZE HW MAMU,COKLAT TUA OS PDK XL,0,6,0,0,53371,320226,320226
Sep-2026,TIGALAPANKAOS BONE,OVERSIZE HW MAMU,COKLAT TUA OS PDK XL,0,6,0,0,53371,320226,320226
Okt-2026,TIGALAPANKAOS BONE,OVERSIZE HW MAMU,COKLAT TUA OS PDK XL,0,6,0,0,53371,320226,320226
Jan-2026,TIGALAPANKAOS BONE,OVERSIZE HW MAMU,DENIM BLUE OS PDK 2XL,0,1,0,0,61936,61936,0
Feb-2026,TIGALAPANKAOS BONE,OVERSIZE HW MAMU,DENIM BLUE OS PDK 2XL,0,1,0,0,61936,61936,61936
Mar-2026,TIGALAPANKAOS BONE,OVERSIZE HW MAMU,DENIM BLUE OS PDK 2XL,0,1,0,0,61936,61936,61936
Apr-2026,TIGALAPANKAOS BONE,OVERSIZE HW MAMU,DENIM BLUE OS PDK 2XL,0,1,0,0,61936,61936,61936
Mei-2026,TIGALAPANKAOS BONE,OVERSIZE HW MAMU,DENIM BLUE OS PDK 2XL,0,1,0,0,54375,54375,61936
Jun-2026,TIGALAPANKAOS BONE,OVERSIZE HW MAMU,DENIM BLUE OS PDK 2XL,0,1,0,0,54375,54375,54375
Jul-2026,TIGALAPANKAOS BONE,OVERSIZE HW MAMU,DENIM BLUE OS PDK 2XL,61936,0,0,0,61936,0,54375
Jan-2026,TIGALAPANKAOS BONE,OVERSIZE HW MAMU,DENIM BLUE OS PDK L,0,4,0,0,61936,247744,0
Feb-2026,TIGALAPANKAOS BONE,OVERSIZE HW MAMU,DENIM BLUE OS PDK L,0,4,0,0,61936,247744,247744
Mar-2026,TIGALAPANKAOS BONE,OVERSIZE HW MAMU,DENIM BLUE OS PDK L,60410,3,0,0,54461,163383,247744
Apr-2026,TIGALAPANKAOS BONE,OVERSIZE HW MAMU,DENIM BLUE OS PDK L,60410,2,0,0,54426,108852,163383
Mei-2026,TIGALAPANKAOS BONE,OVERSIZE HW MAMU,DENIM BLUE OS PDK L,0,2,0,0,54388,108776,108852
Jun-2026,TIGALAPANKAOS BONE,OVERSIZE HW MAMU,DENIM BLUE OS PDK L,0,4,0,0,54388,217552,108776
Jul-2026,TIGALAPANKAOS BONE,OVERSIZE HW MAMU,DENIM BLUE OS PDK L,0,4,0,0,54388,217552,217552
Agu-2026,TIGALAPANKAOS BONE,OVERSIZE HW MAMU,DENIM BLUE OS PDK L,0,5,0,0,54388,271940,217552
Sep-2026,TIGALAPANKAOS BONE,OVERSIZE HW MAMU,DENIM BLUE OS PDK L,0,5,0,0,54388,271940,271940
Okt-2026,TIGALAPANKAOS BONE,OVERSIZE HW MAMU,DENIM BLUE OS PDK L,0,5,0,0,54388,271940,271940
Jan-2026,TIGALAPANKAOS BONE,OVERSIZE HW MAMU,DENIM BLUE OS PDK M,0,5,0,0,61936,309680,0
Feb-2026,TIGALAPANKAOS BONE,OVERSIZE HW MAMU,DENIM BLUE OS PDK M,0,5,0,0,61936,309680,309680
Mar-2026,TIGALAPANKAOS BONE,OVERSIZE HW MAMU,DENIM BLUE OS PDK M,0,5,0,0,61936,309680,309680
Apr-2026,TIGALAPANKAOS BONE,OVERSIZE HW MAMU,DENIM BLUE OS PDK M,0,5,0,0,54375,271875,309680
Mei-2026,TIGALAPANKAOS BONE,OVERSIZE HW MAMU,DENIM BLUE OS PDK M,123872,3,0,0,54375,163125,271875
Jun-2026,TIGALAPANKAOS BONE,OVERSIZE HW MAMU,DENIM BLUE OS PDK M,0,3,0,0,54375,163125,163125
Jul-2026,TIGALAPANKAOS BONE,OVERSIZE HW MAMU,DENIM BLUE OS PDK M,61936,2,0,0,54375,108750,163125
Agu-2026,TIGALAPANKAOS BONE,OVERSIZE HW MAMU,DENIM BLUE OS PDK M,0,5,0,0,54375,271875,108750
Sep-2026,TIGALAPANKAOS BONE,OVERSIZE HW MAMU,DENIM BLUE OS PDK M,0,5,0,0,54375,271875,271875
Okt-2026,TIGALAPANKAOS BONE,OVERSIZE HW MAMU,DENIM BLUE OS PDK M,0,5,0,0,54375,271875,271875
Jan-2026,TIGALAPANKAOS BONE,OVERSIZE HW MAMU,DENIM BLUE OS PDK S,0,5,0,0,61936,309680,0
Feb-2026,TIGALAPANKAOS BONE,OVERSIZE HW MAMU,DENIM BLUE OS PDK S,0,5,0,0,61936,309680,309680
Mar-2026,TIGALAPANKAOS BONE,OVERSIZE HW MAMU,DENIM BLUE OS PDK S,185808,2,0,0,54375,108750,309680
Apr-2026,TIGALAPANKAOS BONE,OVERSIZE HW MAMU,DENIM BLUE OS PDK S,0,2,0,0,54375,108750,108750
Mei-2026,TIGALAPANKAOS BONE,OVERSIZE HW MAMU,DENIM BLUE OS PDK S,123872,0,0,0,61936,0,108750
Jun-2026,TIGALAPANKAOS BONE,OVERSIZE HW MAMU,DENIM BLUE OS PDK S,0,6,0,0,54375,326250,0
Jul-2026,TIGALAPANKAOS BONE,OVERSIZE HW MAMU,DENIM BLUE OS PDK S,59289,6,0,0,54375,326250,326250
Agu-2026,TIGALAPANKAOS BONE,OVERSIZE HW MAMU,DENIM BLUE OS PDK S,118578,3,0,0,54375,163125,326250
Sep-2026,TIGALAPANKAOS BONE,OVERSIZE HW MAMU,DENIM BLUE OS PDK S,59289,2,0,0,54375,108750,163125
Okt-2026,TIGALAPANKAOS BONE,OVERSIZE HW MAMU,DENIM BLUE OS PDK S,0,2,0,0,54375,108750,108750
Jan-2026,TIGALAPANKAOS BONE,OVERSIZE HW MAMU,DENIM BLUE OS PDK XL,0,3,0,0,61936,185808,0
Feb-2026,TIGALAPANKAOS BONE,OVERSIZE HW MAMU,DENIM BLUE OS PDK XL,59118,2,0,0,61936,123872,185808
Mar-2026,TIGALAPANKAOS BONE,OVERSIZE HW MAMU,DENIM BLUE OS PDK XL,0,2,0,0,53483,106966,123872
Apr-2026,TIGALAPANKAOS BONE,OVERSIZE HW MAMU,DENIM BLUE OS PDK XL,0,2,0,0,53483,106966,106966
Mei-2026,TIGALAPANKAOS BONE,OVERSIZE HW MAMU,DENIM BLUE OS PDK XL,59118,1,0,0,54375,54375,106966
Jun-2026,TIGALAPANKAOS BONE,OVERSIZE HW MAMU,DENIM BLUE OS PDK XL,68603,3,0,0,54375,163125,54375
Jul-2026,TIGALAPANKAOS BONE,OVERSIZE HW MAMU,DENIM BLUE OS PDK XL,0,3,0,0,54375,163125,163125
Agu-2026,TIGALAPANKAOS BONE,OVERSIZE HW MAMU,DENIM BLUE OS PDK XL,68603,2,0,0,54375,108750,163125
Sep-2026,TIGALAPANKAOS BONE,OVERSIZE HW MAMU,DENIM BLUE OS PDK XL,0,2,0,0,54375,108750,108750
Okt-2026,TIGALAPANKAOS BONE,OVERSIZE HW MAMU,DENIM BLUE OS PDK XL,0,2,0,0,54375,108750,108750
Jan-2026,TIGALAPANKAOS BONE,OVERSIZE HW MAMU,JET BLACK OS PDK 2XL,0,1,0,0,58009,58009,0
Feb-2026,TIGALAPANKAOS BONE,OVERSIZE HW MAMU,JET BLACK OS PDK 2XL,0,1,0,0,58009,58009,58009
Mar-2026,TIGALAPANKAOS BONE,OVERSIZE HW MAMU,JET BLACK OS PDK 2XL,58009,0,0,0,58009,0,58009
Mei-2026,TIGALAPANKAOS BONE,OVERSIZE HW MAMU,JET BLACK OS PDK 2XL,61470,0,0,0,58009,0,0
Jun-2026,TIGALAPANKAOS BONE,OVERSIZE HW MAMU,JET BLACK OS PDK 2XL,0,2,0,0,61470,122940,0
Jul-2026,TIGALAPANKAOS BONE,OVERSIZE HW MAMU,JET BLACK OS PDK 2XL,69883,1,0,0,61470,61470,122940
Agu-2026,TIGALAPANKAOS BONE,OVERSIZE HW MAMU,JET BLACK OS PDK 2XL,0,1,0,0,61470,61470,61470
Sep-2026,TIGALAPANKAOS BONE,OVERSIZE HW MAMU,JET BLACK OS PDK 2XL,0,1,0,0,61470,61470,61470
Okt-2026,TIGALAPANKAOS BONE,OVERSIZE HW MAMU,JET BLACK OS PDK 2XL,0,1,0,0,61470,61470,61470
Jan-2026,TIGALAPANKAOS BONE,OVERSIZE HW MAMU,JET BLACK OS PDK L,58009,12,0,0,61029,732348,0
Feb-2026,TIGALAPANKAOS BONE,OVERSIZE HW MAMU,JET BLACK OS PDK L,121052,10,0,0,61029,610290,732348
Mar-2026,TIGALAPANKAOS BONE,OVERSIZE HW MAMU,JET BLACK OS PDK L,181578,6,0,0,60919,365514,610290
Apr-2026,TIGALAPANKAOS BONE,OVERSIZE HW MAMU,JET BLACK OS PDK L,121052,4,0,0,60919,243676,365514
Mei-2026,TIGALAPANKAOS BONE,OVERSIZE HW MAMU,JET BLACK OS PDK L,182250,6,0,0,61467,368802,243676
Jun-2026,TIGALAPANKAOS BONE,OVERSIZE HW MAMU,JET BLACK OS PDK L,244792,2,0,0,61467,122934,368802
Jul-2026,TIGALAPANKAOS BONE,OVERSIZE HW MAMU,JET BLACK OS PDK L,122396,0,0,0,61029,0,122934
Agu-2026,TIGALAPANKAOS BONE,OVERSIZE HW MAMU,JET BLACK OS PDK L,187449,4,0,0,61467,245868,0
Sep-2026,TIGALAPANKAOS BONE,OVERSIZE HW MAMU,JET BLACK OS PDK L,124016,4,0,0,61467,245868,245868
Okt-2026,TIGALAPANKAOS BONE,OVERSIZE HW MAMU,JET BLACK OS PDK L,0,3,0,0,61467,184401,245868
Jan-2026,TIGALAPANKAOS BONE,OVERSIZE HW MAMU,JET BLACK OS PDK M,0,20,0,0,61029,1220580,0
Feb-2026,TIGALAPANKAOS BONE,OVERSIZE HW MAMU,JET BLACK OS PDK M,0,20,0,0,61029,1220580,1220580
Mar-2026,TIGALAPANKAOS BONE,OVERSIZE HW MAMU,JET BLACK OS PDK M,178557,13,0,0,60919,791947,1220580
Apr-2026,TIGALAPANKAOS BONE,OVERSIZE HW MAMU,JET BLACK OS PDK M,59519,12,0,0,60919,731028,791947
Mei-2026,TIGALAPANKAOS BONE,OVERSIZE HW MAMU,JET BLACK OS PDK M,119862,15,0,0,60919,913785,731028
Jun-2026,TIGALAPANKAOS BONE,OVERSIZE HW MAMU,JET BLACK OS PDK M,0,15,0,0,60919,913785,913785
Jul-2026,TIGALAPANKAOS BONE,OVERSIZE HW MAMU,JET BLACK OS PDK M,119862,13,0,0,60919,791947,913785
Agu-2026,TIGALAPANKAOS BONE,OVERSIZE HW MAMU,JET BLACK OS PDK M,59931,12,0,0,60919,731028,791947
Sep-2026,TIGALAPANKAOS BONE,OVERSIZE HW MAMU,JET BLACK OS PDK M,0,7,0,0,60919,426433,731028
Okt-2026,TIGALAPANKAOS BONE,OVERSIZE HW MAMU,JET BLACK OS PDK M,59931,7,0,0,60919,426433,426433
Jan-2026,TIGALAPANKAOS BONE,OVERSIZE HW MAMU,JET BLACK OS PDK S,0,21,0,0,61029,1281609,0
Feb-2026,TIGALAPANKAOS BONE,OVERSIZE HW MAMU,JET BLACK OS PDK S,59447,19,0,0,61029,1159551,1281609
Mar-2026,TIGALAPANKAOS BONE,OVERSIZE HW MAMU,JET BLACK OS PDK S,237788,11,0,0,60973,670703,1159551
Apr-2026,TIGALAPANKAOS BONE,OVERSIZE HW MAMU,JET BLACK OS PDK S,237788,7,0,0,60973,426811,670703
Mei-2026,TIGALAPANKAOS BONE,OVERSIZE HW MAMU,JET BLACK OS PDK S,60083,12,0,0,60973,731676,426811
Jun-2026,TIGALAPANKAOS BONE,OVERSIZE HW MAMU,JET BLACK OS PDK S,60083,10,0,0,60973,609730,731676
Jul-2026,TIGALAPANKAOS BONE,OVERSIZE HW MAMU,JET BLACK OS PDK S,180249,9,0,0,60973,548757,609730
Agu-2026,TIGALAPANKAOS BONE,OVERSIZE HW MAMU,JET BLACK OS PDK S,120166,6,0,0,60973,365838,548757
Sep-2026,TIGALAPANKAOS BONE,OVERSIZE HW MAMU,JET BLACK OS PDK S,180472,3,0,0,60973,182919,365838
Okt-2026,TIGALAPANKAOS BONE,OVERSIZE HW MAMU,JET BLACK OS PDK S,0,3,0,0,60973,182919,182919
Jan-2026,TIGALAPANKAOS BONE,OVERSIZE HW MAMU,JET BLACK OS PDK XL,0,7,0,0,58009,406063,0
Feb-2026,TIGALAPANKAOS BONE,OVERSIZE HW MAMU,JET BLACK OS PDK XL,0,7,0,0,58009,406063,406063
Mar-2026,TIGALAPANKAOS BONE,OVERSIZE HW MAMU,JET BLACK OS PDK XL,232036,3,0,0,58009,174027,406063
Apr-2026,TIGALAPANKAOS BONE,OVERSIZE HW MAMU,JET BLACK OS PDK XL,174027,0,0,0,58009,0,174027
Mei-2026,TIGALAPANKAOS BONE,OVERSIZE HW MAMU,JET BLACK OS PDK XL,58009,0,0,0,58009,0,0
Jun-2026,TIGALAPANKAOS BONE,OVERSIZE HW MAMU,JET BLACK OS PDK XL,234885,3,0,0,61470,184410,0
Jul-2026,TIGALAPANKAOS BONE,OVERSIZE HW MAMU,JET BLACK OS PDK XL,234885,0,0,0,58009,0,184410
Jan-2026,TIGALAPANKAOS BONE,OVERSIZE HW MAMU,MINERAL GREEN OS PDK 2XL,0,1,0,0,61488,61488,0
Feb-2026,TIGALAPANKAOS BONE,OVERSIZE HW MAMU,MINERAL GREEN OS PDK 2XL,0,1,0,0,61488,61488,61488
Mar-2026,TIGALAPANKAOS BONE,OVERSIZE HW MAMU,MINERAL GREEN OS PDK 2XL,60411,0,0,0,61488,0,61488
Jan-2026,TIGALAPANKAOS BONE,OVERSIZE HW MAMU,MINERAL GREEN OS PDK L,0,2,0,0,61488,122976,0
Feb-2026,TIGALAPANKAOS BONE,OVERSIZE HW MAMU,MINERAL GREEN OS PDK L,58924,1,0,0,61488,61488,122976
Mar-2026,TIGALAPANKAOS BONE,OVERSIZE HW MAMU,MINERAL GREEN OS PDK L,58924,0,0,0,61488,0,61488
Jun-2026,TIGALAPANKAOS BONE,OVERSIZE HW MAMU,MINERAL GREEN OS PDK L,0,6,0,0,56747,340482,0
Jul-2026,TIGALAPANKAOS BONE,OVERSIZE HW MAMU,MINERAL GREEN OS PDK L,0,6,0,0,56747,340482,340482
Agu-2026,TIGALAPANKAOS BONE,OVERSIZE HW MAMU,MINERAL GREEN OS PDK L,56747,5,0,0,56747,283735,340482
Sep-2026,TIGALAPANKAOS BONE,OVERSIZE HW MAMU,MINERAL GREEN OS PDK L,0,5,0,0,56747,283735,283735
Okt-2026,TIGALAPANKAOS BONE,OVERSIZE HW MAMU,MINERAL GREEN OS PDK L,0,5,0,0,56747,283735,283735
Jan-2026,TIGALAPANKAOS BONE,OVERSIZE HW MAMU,MINERAL GREEN OS PDK M,0,5,0,0,61488,307440,0
Feb-2026,TIGALAPANKAOS BONE,OVERSIZE HW MAMU,MINERAL GREEN OS PDK M,0,5,0,0,61488,307440,307440
Mar-2026,TIGALAPANKAOS BONE,OVERSIZE HW MAMU,MINERAL GREEN OS PDK M,0,5,0,0,61488,307440,307440
Apr-2026,TIGALAPANKAOS BONE,OVERSIZE HW MAMU,MINERAL GREEN OS PDK M,61488,4,0,0,61488,245952,307440
Mei-2026,TIGALAPANKAOS BONE,OVERSIZE HW MAMU,MINERAL GREEN OS PDK M,61488,3,0,0,56747,170241,245952
Jun-2026,TIGALAPANKAOS BONE,OVERSIZE HW MAMU,MINERAL GREEN OS PDK M,61488,2,0,0,56747,113494,170241
Jul-2026,TIGALAPANKAOS BONE,OVERSIZE HW MAMU,MINERAL GREEN OS PDK M,0,2,0,0,56747,113494,113494
Agu-2026,TIGALAPANKAOS BONE,OVERSIZE HW MAMU,MINERAL GREEN OS PDK M,0,5,0,0,56747,283735,113494
Sep-2026,TIGALAPANKAOS BONE,OVERSIZE HW MAMU,MINERAL GREEN OS PDK M,0,5,0,0,56747,283735,283735
Okt-2026,TIGALAPANKAOS BONE,OVERSIZE HW MAMU,MINERAL GREEN OS PDK M,0,5,0,0,56747,283735,283735
Jan-2026,TIGALAPANKAOS BONE,OVERSIZE HW MAMU,MINERAL GREEN OS PDK S,0,3,0,0,61488,184464,0
Feb-2026,TIGALAPANKAOS BONE,OVERSIZE HW MAMU,MINERAL GREEN OS PDK S,122976,2,0,0,61488,122976,184464
Mar-2026,TIGALAPANKAOS BONE,OVERSIZE HW MAMU,MINERAL GREEN OS PDK S,61488,0,0,0,61488,0,122976
Jun-2026,TIGALAPANKAOS BONE,OVERSIZE HW MAMU,MINERAL GREEN OS PDK S,0,6,0,0,56747,340482,0
Jul-2026,TIGALAPANKAOS BONE,OVERSIZE HW MAMU,MINERAL GREEN OS PDK S,0,6,0,0,56747,340482,340482
Agu-2026,TIGALAPANKAOS BONE,OVERSIZE HW MAMU,MINERAL GREEN OS PDK S,61606,5,0,0,56747,283735,340482
Sep-2026,TIGALAPANKAOS BONE,OVERSIZE HW MAMU,MINERAL GREEN OS PDK S,61606,4,0,0,56747,226988,283735
Okt-2026,TIGALAPANKAOS BONE,OVERSIZE HW MAMU,MINERAL GREEN OS PDK S,0,4,0,0,56747,226988,226988
Jan-2026,TIGALAPANKAOS BONE,OVERSIZE HW MAMU,MINERAL GREEN OS PDK XL,0,2,0,0,61488,122976,0
Feb-2026,TIGALAPANKAOS BONE,OVERSIZE HW MAMU,MINERAL GREEN OS PDK XL,0,2,0,0,61488,122976,122976
Mar-2026,TIGALAPANKAOS BONE,OVERSIZE HW MAMU,MINERAL GREEN OS PDK XL,0,2,0,0,63332,126664,122976
Apr-2026,TIGALAPANKAOS BONE,OVERSIZE HW MAMU,MINERAL GREEN OS PDK XL,0,2,0,0,63332,126664,126664
Mei-2026,TIGALAPANKAOS BONE,OVERSIZE HW MAMU,MINERAL GREEN OS PDK XL,0,2,0,0,56747,113494,126664
Jun-2026,TIGALAPANKAOS BONE,OVERSIZE HW MAMU,MINERAL GREEN OS PDK XL,69385,3,0,0,56747,170241,113494
Jul-2026,TIGALAPANKAOS BONE,OVERSIZE HW MAMU,MINERAL GREEN OS PDK XL,0,3,0,0,56747,170241,170241
Agu-2026,TIGALAPANKAOS BONE,OVERSIZE HW MAMU,MINERAL GREEN OS PDK XL,0,3,0,0,56747,170241,170241
Sep-2026,TIGALAPANKAOS BONE,OVERSIZE HW MAMU,MINERAL GREEN OS PDK XL,0,3,0,0,56747,170241,170241
Okt-2026,TIGALAPANKAOS BONE,OVERSIZE HW MAMU,MINERAL GREEN OS PDK XL,0,3,0,0,56747,170241,170241
Jan-2026,TIGALAPANKAOS BONE,OVERSIZE HW MAMU,PUTIH OS PDK 2XL,0,1,0,0,64246,64246,0
Feb-2026,TIGALAPANKAOS BONE,OVERSIZE HW MAMU,PUTIH OS PDK 2XL,0,1,0,0,64246,64246,64246
Mar-2026,TIGALAPANKAOS BONE,OVERSIZE HW MAMU,PUTIH OS PDK 2XL,64246,0,0,0,64246,0,64246
Jan-2026,TIGALAPANKAOS BONE,OVERSIZE HW MAMU,PUTIH OS PDK L,0,3,0,0,64246,192738,0
Feb-2026,TIGALAPANKAOS BONE,OVERSIZE HW MAMU,PUTIH OS PDK L,0,3,0,0,64246,192738,192738
Mar-2026,TIGALAPANKAOS BONE,OVERSIZE HW MAMU,PUTIH OS PDK L,192738,1,0,0,51895,51895,192738
Apr-2026,TIGALAPANKAOS BONE,OVERSIZE HW MAMU,PUTIH OS PDK L,0,0,0,0,51895,0,51895
Mei-2026,TIGALAPANKAOS BONE,OVERSIZE HW MAMU,PUTIH OS PDK L,51895,2,0,0,51895,103790,0
Jun-2026,TIGALAPANKAOS BONE,OVERSIZE HW MAMU,PUTIH OS PDK L,51895,1,0,0,51895,51895,103790
Jul-2026,TIGALAPANKAOS BONE,OVERSIZE HW MAMU,PUTIH OS PDK L,51895,0,0,0,64246,0,51895
Agu-2026,TIGALAPANKAOS BONE,OVERSIZE HW MAMU,PUTIH OS PDK L,0,5,0,0,51895,259475,0
Sep-2026,TIGALAPANKAOS BONE,OVERSIZE HW MAMU,PUTIH OS PDK L,103790,4,0,0,51895,207580,259475
Okt-2026,TIGALAPANKAOS BONE,OVERSIZE HW MAMU,PUTIH OS PDK L,0,3,0,0,51895,155685,207580
Jan-2026,TIGALAPANKAOS BONE,OVERSIZE HW MAMU,PUTIH OS PDK M,0,5,0,0,64246,321230,0
Feb-2026,TIGALAPANKAOS BONE,OVERSIZE HW MAMU,PUTIH OS PDK M,0,5,0,0,64246,321230,321230
Mar-2026,TIGALAPANKAOS BONE,OVERSIZE HW MAMU,PUTIH OS PDK M,64246,4,0,0,64246,256984,321230
Apr-2026,TIGALAPANKAOS BONE,OVERSIZE HW MAMU,PUTIH OS PDK M,128492,2,0,0,64246,128492,256984
Mei-2026,TIGALAPANKAOS BONE,OVERSIZE HW MAMU,PUTIH OS PDK M,0,2,0,0,51888,103776,128492
Jun-2026,TIGALAPANKAOS BONE,OVERSIZE HW MAMU,PUTIH OS PDK M,0,2,0,0,51888,103776,103776
Jul-2026,TIGALAPANKAOS BONE,OVERSIZE HW MAMU,PUTIH OS PDK M,0,2,0,0,51888,103776,103776
Agu-2026,TIGALAPANKAOS BONE,OVERSIZE HW MAMU,PUTIH OS PDK M,0,5,0,0,51888,259440,103776
Sep-2026,TIGALAPANKAOS BONE,OVERSIZE HW MAMU,PUTIH OS PDK M,0,5,0,0,51888,259440,259440
Okt-2026,TIGALAPANKAOS BONE,OVERSIZE HW MAMU,PUTIH OS PDK M,0,5,0,0,51888,259440,259440
Jan-2026,TIGALAPANKAOS BONE,OVERSIZE HW MAMU,PUTIH OS PDK S,0,3,0,0,64246,192738,0
Feb-2026,TIGALAPANKAOS BONE,OVERSIZE HW MAMU,PUTIH OS PDK S,0,3,0,0,64246,192738,192738
Mar-2026,TIGALAPANKAOS BONE,OVERSIZE HW MAMU,PUTIH OS PDK S,321230,0,0,0,64246,0,192738
Mei-2026,TIGALAPANKAOS BONE,OVERSIZE HW MAMU,PUTIH OS PDK S,51895,2,0,0,51895,103790,0
Jun-2026,TIGALAPANKAOS BONE,OVERSIZE HW MAMU,PUTIH OS PDK S,103790,0,0,0,64246,0,103790
Agu-2026,TIGALAPANKAOS BONE,OVERSIZE HW MAMU,PUTIH OS PDK S,0,5,0,0,51895,259475,0
Sep-2026,TIGALAPANKAOS BONE,OVERSIZE HW MAMU,PUTIH OS PDK S,53522,4,0,0,51895,207580,259475
Okt-2026,TIGALAPANKAOS BONE,OVERSIZE HW MAMU,PUTIH OS PDK S,53522,4,0,0,51895,207580,207580
Jan-2026,TIGALAPANKAOS BONE,OVERSIZE HW MAMU,PUTIH OS PDK XL,0,2,0,0,64246,128492,0
Feb-2026,TIGALAPANKAOS BONE,OVERSIZE HW MAMU,PUTIH OS PDK XL,0,2,0,0,64246,128492,128492
Mar-2026,TIGALAPANKAOS BONE,OVERSIZE HW MAMU,PUTIH OS PDK XL,64246,1,0,0,51167,51167,128492
Apr-2026,TIGALAPANKAOS BONE,OVERSIZE HW MAMU,PUTIH OS PDK XL,0,1,0,0,51167,51167,51167
Mei-2026,TIGALAPANKAOS BONE,OVERSIZE HW MAMU,PUTIH OS PDK XL,0,0,0,0,51167,0,51167
Jun-2026,TIGALAPANKAOS BONE,OVERSIZE HW MAMU,PUTIH OS PDK XL,0,2,0,0,51895,103790,0
Jul-2026,TIGALAPANKAOS BONE,OVERSIZE HW MAMU,PUTIH OS PDK XL,75291,1,0,0,51895,51895,103790
Agu-2026,TIGALAPANKAOS BONE,OVERSIZE HW MAMU,PUTIH OS PDK XL,0,1,0,0,51895,51895,51895
Sep-2026,TIGALAPANKAOS BONE,OVERSIZE HW MAMU,PUTIH OS PDK XL,0,1,0,0,51895,51895,51895
Okt-2026,TIGALAPANKAOS BONE,OVERSIZE HW MAMU,PUTIH OS PDK XL,0,1,0,0,51895,51895,51895
Jun-2026,TIGALAPANKAOS MAKASSAR,OVERSIZE HW MAMU,ABU TUA OS PDK 2XL,0,4,0,0,53390,213560,0
Jul-2026,TIGALAPANKAOS MAKASSAR,OVERSIZE HW MAMU,ABU TUA OS PDK 2XL,0,4,0,0,53390,213560,213560
Agu-2026,TIGALAPANKAOS MAKASSAR,OVERSIZE HW MAMU,ABU TUA OS PDK 2XL,0,0,0,0,53390,0,213560
Jun-2026,TIGALAPANKAOS MAKASSAR,OVERSIZE HW MAMU,ABU TUA OS PDK L,0,9,0,0,53390,480510,0
Jul-2026,TIGALAPANKAOS MAKASSAR,OVERSIZE HW MAMU,ABU TUA OS PDK L,0,5,0,0,53390,266950,480510
Agu-2026,TIGALAPANKAOS MAKASSAR,OVERSIZE HW MAMU,ABU TUA OS PDK L,0,0,0,0,53390,0,266950
Jun-2026,TIGALAPANKAOS MAKASSAR,OVERSIZE HW MAMU,ABU TUA OS PDK M,0,10,0,0,53390,533900,0
Jul-2026,TIGALAPANKAOS MAKASSAR,OVERSIZE HW MAMU,ABU TUA OS PDK M,0,5,0,0,53390,266950,533900
Agu-2026,TIGALAPANKAOS MAKASSAR,OVERSIZE HW MAMU,ABU TUA OS PDK M,0,0,0,0,53390,0,266950
Jun-2026,TIGALAPANKAOS MAKASSAR,OVERSIZE HW MAMU,ABU TUA OS PDK S,0,10,0,0,53603,536030,0
Jul-2026,TIGALAPANKAOS MAKASSAR,OVERSIZE HW MAMU,ABU TUA OS PDK S,0,5,0,0,53603,268015,536030
Agu-2026,TIGALAPANKAOS MAKASSAR,OVERSIZE HW MAMU,ABU TUA OS PDK S,0,0,0,0,53603,0,268015
Jun-2026,TIGALAPANKAOS MAKASSAR,OVERSIZE HW MAMU,COKLAT TUA OS PDK 2XL,0,4,0,0,53371,213484,0
Jul-2026,TIGALAPANKAOS MAKASSAR,OVERSIZE HW MAMU,COKLAT TUA OS PDK 2XL,0,4,0,0,53371,213484,213484
Agu-2026,TIGALAPANKAOS MAKASSAR,OVERSIZE HW MAMU,COKLAT TUA OS PDK 2XL,0,0,0,0,53371,0,213484
Jun-2026,TIGALAPANKAOS MAKASSAR,OVERSIZE HW MAMU,COKLAT TUA OS PDK L,0,10,0,0,53371,533710,0
Jul-2026,TIGALAPANKAOS MAKASSAR,OVERSIZE HW MAMU,COKLAT TUA OS PDK L,0,5,0,0,53371,266855,533710
Agu-2026,TIGALAPANKAOS MAKASSAR,OVERSIZE HW MAMU,COKLAT TUA OS PDK L,0,0,0,0,53371,0,266855
Jun-2026,TIGALAPANKAOS MAKASSAR,OVERSIZE HW MAMU,COKLAT TUA OS PDK M,0,10,0,0,53371,533710,0
Jul-2026,TIGALAPANKAOS MAKASSAR,OVERSIZE HW MAMU,COKLAT TUA OS PDK M,0,5,0,0,53371,266855,533710
Agu-2026,TIGALAPANKAOS MAKASSAR,OVERSIZE HW MAMU,COKLAT TUA OS PDK M,0,0,0,0,53371,0,266855
Jun-2026,TIGALAPANKAOS MAKASSAR,OVERSIZE HW MAMU,COKLAT TUA OS PDK S,53371,9,0,0,53371,480339,0
Jul-2026,TIGALAPANKAOS MAKASSAR,OVERSIZE HW MAMU,COKLAT TUA OS PDK S,0,5,0,0,53371,266855,480339
Agu-2026,TIGALAPANKAOS MAKASSAR,OVERSIZE HW MAMU,COKLAT TUA OS PDK S,0,0,0,0,53371,0,266855
Jun-2026,TIGALAPANKAOS MAKASSAR,OVERSIZE HW MAMU,COKLAT TUA OS PDK XL,0,10,0,0,53371,533710,0
Jul-2026,TIGALAPANKAOS MAKASSAR,OVERSIZE HW MAMU,COKLAT TUA OS PDK XL,0,5,0,0,53371,266855,533710
Agu-2026,TIGALAPANKAOS MAKASSAR,OVERSIZE HW MAMU,COKLAT TUA OS PDK XL,0,0,0,0,53371,0,266855
Jun-2026,TIGALAPANKAOS MAKASSAR,OVERSIZE HW MAMU,DENIM BLUE OS PDK 2XL,0,4,0,0,54375,217500,0
Jul-2026,TIGALAPANKAOS MAKASSAR,OVERSIZE HW MAMU,DENIM BLUE OS PDK 2XL,0,4,0,0,54375,217500,217500
Agu-2026,TIGALAPANKAOS MAKASSAR,OVERSIZE HW MAMU,DENIM BLUE OS PDK 2XL,0,0,0,0,54375,0,217500
Jun-2026,TIGALAPANKAOS MAKASSAR,OVERSIZE HW MAMU,DENIM BLUE OS PDK L,0,10,0,0,54388,543880,0
Jul-2026,TIGALAPANKAOS MAKASSAR,OVERSIZE HW MAMU,DENIM BLUE OS PDK L,0,7,0,0,54388,380716,543880
Agu-2026,TIGALAPANKAOS MAKASSAR,OVERSIZE HW MAMU,DENIM BLUE OS PDK L,0,7,0,0,54388,380716,380716
Sep-2026,TIGALAPANKAOS MAKASSAR,OVERSIZE HW MAMU,DENIM BLUE OS PDK L,0,0,0,0,54388,0,380716
Jun-2026,TIGALAPANKAOS MAKASSAR,OVERSIZE HW MAMU,DENIM BLUE OS PDK M,0,10,0,0,54375,543750,0
Jul-2026,TIGALAPANKAOS MAKASSAR,OVERSIZE HW MAMU,DENIM BLUE OS PDK M,0,7,0,0,54375,380625,543750
Agu-2026,TIGALAPANKAOS MAKASSAR,OVERSIZE HW MAMU,DENIM BLUE OS PDK M,0,7,0,0,54375,380625,380625
Sep-2026,TIGALAPANKAOS MAKASSAR,OVERSIZE HW MAMU,DENIM BLUE OS PDK M,0,0,0,0,54375,0,380625
Jun-2026,TIGALAPANKAOS MAKASSAR,OVERSIZE HW MAMU,DENIM BLUE OS PDK S,0,10,0,0,54375,543750,0
Jul-2026,TIGALAPANKAOS MAKASSAR,OVERSIZE HW MAMU,DENIM BLUE OS PDK S,0,5,0,0,54375,271875,543750
Agu-2026,TIGALAPANKAOS MAKASSAR,OVERSIZE HW MAMU,DENIM BLUE OS PDK S,0,0,0,0,54375,0,271875
Jun-2026,TIGALAPANKAOS MAKASSAR,OVERSIZE HW MAMU,DENIM BLUE OS PDK XL,0,10,0,0,54375,543750,0
Jul-2026,TIGALAPANKAOS MAKASSAR,OVERSIZE HW MAMU,DENIM BLUE OS PDK XL,0,5,0,0,54375,271875,543750
Agu-2026,TIGALAPANKAOS MAKASSAR,OVERSIZE HW MAMU,DENIM BLUE OS PDK XL,0,0,0,0,54375,0,271875
Jun-2026,TIGALAPANKAOS MAKASSAR,OVERSIZE HW MAMU,JET BLACK OS PDK 2XL,0,8,0,0,61470,491760,0
Jul-2026,TIGALAPANKAOS MAKASSAR,OVERSIZE HW MAMU,JET BLACK OS PDK 2XL,0,5,0,0,61470,307350,491760
Agu-2026,TIGALAPANKAOS MAKASSAR,OVERSIZE HW MAMU,JET BLACK OS PDK 2XL,0,0,0,0,61470,0,307350
Jun-2026,TIGALAPANKAOS MAKASSAR,OVERSIZE HW MAMU,JET BLACK OS PDK L,0,10,0,0,61467,614670,0
Jul-2026,TIGALAPANKAOS MAKASSAR,OVERSIZE HW MAMU,JET BLACK OS PDK L,61467,6,0,0,61467,368802,614670
Agu-2026,TIGALAPANKAOS MAKASSAR,OVERSIZE HW MAMU,JET BLACK OS PDK L,0,6,0,0,61467,368802,368802
Sep-2026,TIGALAPANKAOS MAKASSAR,OVERSIZE HW MAMU,JET BLACK OS PDK L,0,0,0,0,61467,0,368802
Jun-2026,TIGALAPANKAOS MAKASSAR,OVERSIZE HW MAMU,JET BLACK OS PDK M,182757,5,0,0,60919,304595,0
Jul-2026,TIGALAPANKAOS MAKASSAR,OVERSIZE HW MAMU,JET BLACK OS PDK M,0,2,0,0,60919,121838,304595
Agu-2026,TIGALAPANKAOS MAKASSAR,OVERSIZE HW MAMU,JET BLACK OS PDK M,0,0,0,0,60919,0,121838
Jun-2026,TIGALAPANKAOS MAKASSAR,OVERSIZE HW MAMU,JET BLACK OS PDK S,0,10,0,0,60973,609730,0
Jul-2026,TIGALAPANKAOS MAKASSAR,OVERSIZE HW MAMU,JET BLACK OS PDK S,0,5,0,0,60973,304865,609730
Agu-2026,TIGALAPANKAOS MAKASSAR,OVERSIZE HW MAMU,JET BLACK OS PDK S,0,0,0,0,60973,0,304865
Jun-2026,TIGALAPANKAOS MAKASSAR,OVERSIZE HW MAMU,JET BLACK OS PDK XL,61470,9,0,0,61470,553230,0
Jul-2026,TIGALAPANKAOS MAKASSAR,OVERSIZE HW MAMU,JET BLACK OS PDK XL,0,5,0,0,61470,307350,553230
Agu-2026,TIGALAPANKAOS MAKASSAR,OVERSIZE HW MAMU,JET BLACK OS PDK XL,0,0,0,0,61470,0,307350
Jun-2026,TIGALAPANKAOS MAKASSAR,OVERSIZE HW MAMU,MINERAL GREEN OS PDK 2XL,0,3,0,0,56747,170241,0
Jul-2026,TIGALAPANKAOS MAKASSAR,OVERSIZE HW MAMU,MINERAL GREEN OS PDK 2XL,56747,2,0,0,56747,113494,170241
Agu-2026,TIGALAPANKAOS MAKASSAR,OVERSIZE HW MAMU,MINERAL GREEN OS PDK 2XL,0,0,0,0,56747,0,113494
Jun-2026,TIGALAPANKAOS MAKASSAR,OVERSIZE HW MAMU,MINERAL GREEN OS PDK L,0,10,0,0,56747,567470,0
Jul-2026,TIGALAPANKAOS MAKASSAR,OVERSIZE HW MAMU,MINERAL GREEN OS PDK L,0,10,0,0,56747,567470,567470
Agu-2026,TIGALAPANKAOS MAKASSAR,OVERSIZE HW MAMU,MINERAL GREEN OS PDK L,0,0,0,0,56747,0,567470
Jun-2026,TIGALAPANKAOS MAKASSAR,OVERSIZE HW MAMU,MINERAL GREEN OS PDK M,0,10,0,0,56747,567470,0
Jul-2026,TIGALAPANKAOS MAKASSAR,OVERSIZE HW MAMU,MINERAL GREEN OS PDK M,0,10,0,0,56747,567470,567470
Agu-2026,TIGALAPANKAOS MAKASSAR,OVERSIZE HW MAMU,MINERAL GREEN OS PDK M,0,0,0,0,56747,0,567470
Jun-2026,TIGALAPANKAOS MAKASSAR,OVERSIZE HW MAMU,MINERAL GREEN OS PDK S,0,10,0,0,56747,567470,0
Jul-2026,TIGALAPANKAOS MAKASSAR,OVERSIZE HW MAMU,MINERAL GREEN OS PDK S,0,10,0,0,56747,567470,567470
Agu-2026,TIGALAPANKAOS MAKASSAR,OVERSIZE HW MAMU,MINERAL GREEN OS PDK S,0,0,0,0,56747,0,567470
Jun-2026,TIGALAPANKAOS MAKASSAR,OVERSIZE HW MAMU,MINERAL GREEN OS PDK XL,0,8,0,0,56747,453976,0
Jul-2026,TIGALAPANKAOS MAKASSAR,OVERSIZE HW MAMU,MINERAL GREEN OS PDK XL,0,8,0,0,56747,453976,453976
Agu-2026,TIGALAPANKAOS MAKASSAR,OVERSIZE HW MAMU,MINERAL GREEN OS PDK XL,0,0,0,0,56747,0,453976
Jun-2026,TIGALAPANKAOS MAKASSAR,OVERSIZE HW MAMU,PUTIH OS PDK 2XL,0,10,0,0,51895,518950,0
Jul-2026,TIGALAPANKAOS MAKASSAR,OVERSIZE HW MAMU,PUTIH OS PDK 2XL,51895,5,0,0,51895,259475,518950
Agu-2026,TIGALAPANKAOS MAKASSAR,OVERSIZE HW MAMU,PUTIH OS PDK 2XL,0,0,0,0,51895,0,259475
Jun-2026,TIGALAPANKAOS MAKASSAR,OVERSIZE HW MAMU,PUTIH OS PDK L,0,10,0,0,51895,518950,0
Jul-2026,TIGALAPANKAOS MAKASSAR,OVERSIZE HW MAMU,PUTIH OS PDK L,51895,4,0,0,51895,207580,518950
Agu-2026,TIGALAPANKAOS MAKASSAR,OVERSIZE HW MAMU,PUTIH OS PDK L,0,0,0,0,51895,0,207580
Jun-2026,TIGALAPANKAOS MAKASSAR,OVERSIZE HW MAMU,PUTIH OS PDK M,51888,8,0,0,51888,415104,0
Jul-2026,TIGALAPANKAOS MAKASSAR,OVERSIZE HW MAMU,PUTIH OS PDK M,0,6,0,0,51888,311328,415104
Agu-2026,TIGALAPANKAOS MAKASSAR,OVERSIZE HW MAMU,PUTIH OS PDK M,0,1,0,0,51888,51888,311328
Sep-2026,TIGALAPANKAOS MAKASSAR,OVERSIZE HW MAMU,PUTIH OS PDK M,0,1,0,0,51888,51888,51888
Okt-2026,TIGALAPANKAOS MAKASSAR,OVERSIZE HW MAMU,PUTIH OS PDK M,0,1,0,0,51888,51888,51888
Jun-2026,TIGALAPANKAOS MAKASSAR,OVERSIZE HW MAMU,PUTIH OS PDK XL,0,10,0,0,51895,518950,0
Jul-2026,TIGALAPANKAOS MAKASSAR,OVERSIZE HW MAMU,PUTIH OS PDK XL,0,2,0,0,51895,103790,518950
Agu-2026,TIGALAPANKAOS MAKASSAR,OVERSIZE HW MAMU,PUTIH OS PDK XL,0,0,0,0,51895,0,103790
Jun-2026,TIGALAPANKAOS MANADO,OVERSIZE HW MAMU,ABU TUA OS PDK 2XL,0,3,0,0,53390,160170,0
Jul-2026,TIGALAPANKAOS MANADO,OVERSIZE HW MAMU,ABU TUA OS PDK 2XL,0,3,0,0,53390,160170,160170
Agu-2026,TIGALAPANKAOS MANADO,OVERSIZE HW MAMU,ABU TUA OS PDK 2XL,0,3,0,0,53390,160170,160170
Sep-2026,TIGALAPANKAOS MANADO,OVERSIZE HW MAMU,ABU TUA OS PDK 2XL,69520,2,0,0,53390,106780,160170
Okt-2026,TIGALAPANKAOS MANADO,OVERSIZE HW MAMU,ABU TUA OS PDK 2XL,0,2,0,0,53390,106780,106780
Jun-2026,TIGALAPANKAOS MANADO,OVERSIZE HW MAMU,ABU TUA OS PDK L,0,3,0,0,53390,160170,0
Jul-2026,TIGALAPANKAOS MANADO,OVERSIZE HW MAMU,ABU TUA OS PDK L,0,3,0,0,53390,160170,160170
Agu-2026,TIGALAPANKAOS MANADO,OVERSIZE HW MAMU,ABU TUA OS PDK L,0,3,0,0,53390,160170,160170
Sep-2026,TIGALAPANKAOS MANADO,OVERSIZE HW MAMU,ABU TUA OS PDK L,0,3,0,0,53390,160170,160170
Okt-2026,TIGALAPANKAOS MANADO,OVERSIZE HW MAMU,ABU TUA OS PDK L,0,3,1,0,53390,213560,160170
Jun-2026,TIGALAPANKAOS MANADO,OVERSIZE HW MAMU,ABU TUA OS PDK M,0,3,0,0,53390,160170,0
Jul-2026,TIGALAPANKAOS MANADO,OVERSIZE HW MAMU,ABU TUA OS PDK M,0,1,0,0,53390,53390,160170
Agu-2026,TIGALAPANKAOS MANADO,OVERSIZE HW MAMU,ABU TUA OS PDK M,53390,2,0,0,53390,106780,53390
Sep-2026,TIGALAPANKAOS MANADO,OVERSIZE HW MAMU,ABU TUA OS PDK M,0,2,0,0,53390,106780,106780
Okt-2026,TIGALAPANKAOS MANADO,OVERSIZE HW MAMU,ABU TUA OS PDK M,0,2,4,0,53390,320340,106780
Jun-2026,TIGALAPANKAOS MANADO,OVERSIZE HW MAMU,ABU TUA OS PDK S,0,3,0,0,53603,160809,0
Jul-2026,TIGALAPANKAOS MANADO,OVERSIZE HW MAMU,ABU TUA OS PDK S,0,3,0,0,53603,160809,160809
Agu-2026,TIGALAPANKAOS MANADO,OVERSIZE HW MAMU,ABU TUA OS PDK S,0,3,0,0,53603,160809,160809
Sep-2026,TIGALAPANKAOS MANADO,OVERSIZE HW MAMU,ABU TUA OS PDK S,0,3,0,0,53603,160809,160809
Okt-2026,TIGALAPANKAOS MANADO,OVERSIZE HW MAMU,ABU TUA OS PDK S,0,3,0,0,53603,160809,160809
Jun-2026,TIGALAPANKAOS MANADO,OVERSIZE HW MAMU,ABU TUA OS PDK XL,0,3,0,0,53390,160170,0
Jul-2026,TIGALAPANKAOS MANADO,OVERSIZE HW MAMU,ABU TUA OS PDK XL,65700,2,0,0,53390,106780,160170
Agu-2026,TIGALAPANKAOS MANADO,OVERSIZE HW MAMU,ABU TUA OS PDK XL,65700,2,0,0,53390,106780,106780
Sep-2026,TIGALAPANKAOS MANADO,OVERSIZE HW MAMU,ABU TUA OS PDK XL,0,1,0,0,53390,53390,106780
Okt-2026,TIGALAPANKAOS MANADO,OVERSIZE HW MAMU,ABU TUA OS PDK XL,0,1,0,0,53390,53390,53390
Jun-2026,TIGALAPANKAOS MANADO,OVERSIZE HW MAMU,COKLAT TUA OS PDK L,0,1,0,0,53371,53371,0
Jul-2026,TIGALAPANKAOS MANADO,OVERSIZE HW MAMU,COKLAT TUA OS PDK L,53371,0,0,0,56662,0,53371
Okt-2026,TIGALAPANKAOS MANADO,OVERSIZE HW MAMU,COKLAT TUA OS PDK L,0,0,4,0,53371,213484,0
Jun-2026,TIGALAPANKAOS MANADO,OVERSIZE HW MAMU,COKLAT TUA OS PDK M,0,1,0,0,53371,53371,0
Jul-2026,TIGALAPANKAOS MANADO,OVERSIZE HW MAMU,COKLAT TUA OS PDK M,53371,0,0,0,56662,0,53371
Agu-2026,TIGALAPANKAOS MANADO,OVERSIZE HW MAMU,COKLAT TUA OS PDK M,0,5,0,0,53371,266855,0
Sep-2026,TIGALAPANKAOS MANADO,OVERSIZE HW MAMU,COKLAT TUA OS PDK M,0,5,0,0,53371,266855,266855
Okt-2026,TIGALAPANKAOS MANADO,OVERSIZE HW MAMU,COKLAT TUA OS PDK M,0,5,0,0,53371,266855,266855
Jun-2026,TIGALAPANKAOS MANADO,OVERSIZE HW MAMU,COKLAT TUA OS PDK S,0,1,0,0,53371,53371,0
Jul-2026,TIGALAPANKAOS MANADO,OVERSIZE HW MAMU,COKLAT TUA OS PDK S,0,1,0,0,53371,53371,53371
Agu-2026,TIGALAPANKAOS MANADO,OVERSIZE HW MAMU,COKLAT TUA OS PDK S,0,1,0,0,53371,53371,53371
Sep-2026,TIGALAPANKAOS MANADO,OVERSIZE HW MAMU,COKLAT TUA OS PDK S,0,1,0,0,53371,53371,53371
Okt-2026,TIGALAPANKAOS MANADO,OVERSIZE HW MAMU,COKLAT TUA OS PDK S,0,1,2,0,53371,160113,53371
Jun-2026,TIGALAPANKAOS MANADO,OVERSIZE HW MAMU,COKLAT TUA OS PDK XL,0,1,0,0,53371,53371,0
Jul-2026,TIGALAPANKAOS MANADO,OVERSIZE HW MAMU,COKLAT TUA OS PDK XL,0,1,0,0,53371,53371,53371
Agu-2026,TIGALAPANKAOS MANADO,OVERSIZE HW MAMU,COKLAT TUA OS PDK XL,65427,1,0,0,53371,53371,53371
Sep-2026,TIGALAPANKAOS MANADO,OVERSIZE HW MAMU,COKLAT TUA OS PDK XL,0,0,0,0,53371,0,53371
Okt-2026,TIGALAPANKAOS MANADO,OVERSIZE HW MAMU,COKLAT TUA OS PDK XL,0,0,3,0,53371,160113,0
Feb-2026,TIGALAPANKAOS MANADO,OVERSIZE HW MAMU,DENIM BLUE OS PDK L,56509,2,0,0,61936,123872,0
Mar-2026,TIGALAPANKAOS MANADO,OVERSIZE HW MAMU,DENIM BLUE OS PDK L,0,2,0,0,54461,108922,123872
Apr-2026,TIGALAPANKAOS MANADO,OVERSIZE HW MAMU,DENIM BLUE OS PDK L,56509,1,0,0,54426,54426,108922
Mei-2026,TIGALAPANKAOS MANADO,OVERSIZE HW MAMU,DENIM BLUE OS PDK L,56509,0,0,0,61936,0,54426
Jun-2026,TIGALAPANKAOS MANADO,OVERSIZE HW MAMU,DENIM BLUE OS PDK L,0,2,0,0,54388,108776,0
Jul-2026,TIGALAPANKAOS MANADO,OVERSIZE HW MAMU,DENIM BLUE OS PDK L,0,2,0,0,54388,108776,108776
Agu-2026,TIGALAPANKAOS MANADO,OVERSIZE HW MAMU,DENIM BLUE OS PDK L,0,5,0,0,54388,271940,108776
Sep-2026,TIGALAPANKAOS MANADO,OVERSIZE HW MAMU,DENIM BLUE OS PDK L,0,5,0,0,54388,271940,271940
Okt-2026,TIGALAPANKAOS MANADO,OVERSIZE HW MAMU,DENIM BLUE OS PDK L,0,5,0,0,54388,271940,271940
Jun-2026,TIGALAPANKAOS MANADO,OVERSIZE HW MAMU,DENIM BLUE OS PDK M,0,1,0,0,54375,54375,0
Jul-2026,TIGALAPANKAOS MANADO,OVERSIZE HW MAMU,DENIM BLUE OS PDK M,0,1,0,0,54375,54375,54375
Agu-2026,TIGALAPANKAOS MANADO,OVERSIZE HW MAMU,DENIM BLUE OS PDK M,0,5,0,0,54375,271875,54375
Sep-2026,TIGALAPANKAOS MANADO,OVERSIZE HW MAMU,DENIM BLUE OS PDK M,0,5,0,0,54375,271875,271875
Okt-2026,TIGALAPANKAOS MANADO,OVERSIZE HW MAMU,DENIM BLUE OS PDK M,0,5,1,0,54375,326250,271875
Jun-2026,TIGALAPANKAOS MANADO,OVERSIZE HW MAMU,DENIM BLUE OS PDK S,0,1,0,0,54375,54375,0
Jul-2026,TIGALAPANKAOS MANADO,OVERSIZE HW MAMU,DENIM BLUE OS PDK S,0,1,0,0,54375,54375,54375
Agu-2026,TIGALAPANKAOS MANADO,OVERSIZE HW MAMU,DENIM BLUE OS PDK S,0,1,0,0,54375,54375,54375
Sep-2026,TIGALAPANKAOS MANADO,OVERSIZE HW MAMU,DENIM BLUE OS PDK S,0,1,0,0,54375,54375,54375
Okt-2026,TIGALAPANKAOS MANADO,OVERSIZE HW MAMU,DENIM BLUE OS PDK S,0,1,5,0,54375,326250,54375
Feb-2026,TIGALAPANKAOS MANADO,OVERSIZE HW MAMU,DENIM BLUE OS PDK XL,0,3,0,0,61936,185808,0
Mar-2026,TIGALAPANKAOS MANADO,OVERSIZE HW MAMU,DENIM BLUE OS PDK XL,0,3,0,0,53483,160449,185808
Apr-2026,TIGALAPANKAOS MANADO,OVERSIZE HW MAMU,DENIM BLUE OS PDK XL,109358,1,0,0,53483,53483,160449
Mei-2026,TIGALAPANKAOS MANADO,OVERSIZE HW MAMU,DENIM BLUE OS PDK XL,0,1,0,0,54375,54375,53483
Jun-2026,TIGALAPANKAOS MANADO,OVERSIZE HW MAMU,DENIM BLUE OS PDK XL,0,2,0,0,54375,108750,54375
Jul-2026,TIGALAPANKAOS MANADO,OVERSIZE HW MAMU,DENIM BLUE OS PDK XL,0,0,0,0,54375,0,108750
Jan-2026,TIGALAPANKAOS MANADO,OVERSIZE HW MAMU,JET BLACK OS PDK L,0,0,5,0,61029,305145,0
Feb-2026,TIGALAPANKAOS MANADO,OVERSIZE HW MAMU,JET BLACK OS PDK L,0,5,0,0,61029,305145,305145
Mar-2026,TIGALAPANKAOS MANADO,OVERSIZE HW MAMU,JET BLACK OS PDK L,0,5,0,0,60919,304595,305145
Apr-2026,TIGALAPANKAOS MANADO,OVERSIZE HW MAMU,JET BLACK OS PDK L,0,4,0,0,60919,243676,304595
Mei-2026,TIGALAPANKAOS MANADO,OVERSIZE HW MAMU,JET BLACK OS PDK L,0,5,0,0,61467,307335,243676
Jun-2026,TIGALAPANKAOS MANADO,OVERSIZE HW MAMU,JET BLACK OS PDK L,0,5,0,0,61467,307335,307335
Jul-2026,TIGALAPANKAOS MANADO,OVERSIZE HW MAMU,JET BLACK OS PDK L,0,5,0,0,61467,307335,307335
Agu-2026,TIGALAPANKAOS MANADO,OVERSIZE HW MAMU,JET BLACK OS PDK L,0,5,0,0,61467,307335,307335
Sep-2026,TIGALAPANKAOS MANADO,OVERSIZE HW MAMU,JET BLACK OS PDK L,61029,4,0,0,61467,245868,307335
Okt-2026,TIGALAPANKAOS MANADO,OVERSIZE HW MAMU,JET BLACK OS PDK L,0,4,1,0,61467,307335,245868
Jan-2026,TIGALAPANKAOS MANADO,OVERSIZE HW MAMU,JET BLACK OS PDK M,0,0,5,0,61029,305145,0
Feb-2026,TIGALAPANKAOS MANADO,OVERSIZE HW MAMU,JET BLACK OS PDK M,0,5,0,0,61029,305145,305145
Mar-2026,TIGALAPANKAOS MANADO,OVERSIZE HW MAMU,JET BLACK OS PDK M,0,5,0,0,60919,304595,305145
Apr-2026,TIGALAPANKAOS MANADO,OVERSIZE HW MAMU,JET BLACK OS PDK M,61029,4,0,0,60919,243676,304595
Mei-2026,TIGALAPANKAOS MANADO,OVERSIZE HW MAMU,JET BLACK OS PDK M,0,4,0,0,60919,243676,243676
Jun-2026,TIGALAPANKAOS MANADO,OVERSIZE HW MAMU,JET BLACK OS PDK M,0,4,0,0,60919,243676,243676
Jul-2026,TIGALAPANKAOS MANADO,OVERSIZE HW MAMU,JET BLACK OS PDK M,0,4,0,0,60919,243676,243676
Agu-2026,TIGALAPANKAOS MANADO,OVERSIZE HW MAMU,JET BLACK OS PDK M,0,5,0,0,60919,304595,243676
Sep-2026,TIGALAPANKAOS MANADO,OVERSIZE HW MAMU,JET BLACK OS PDK M,0,5,0,0,60919,304595,304595
Okt-2026,TIGALAPANKAOS MANADO,OVERSIZE HW MAMU,JET BLACK OS PDK M,0,5,10,0,60919,913785,304595
Jan-2026,TIGALAPANKAOS MANADO,OVERSIZE HW MAMU,JET BLACK OS PDK S,0,0,5,0,61029,305145,0
Feb-2026,TIGALAPANKAOS MANADO,OVERSIZE HW MAMU,JET BLACK OS PDK S,0,5,0,0,61029,305145,305145
Mar-2026,TIGALAPANKAOS MANADO,OVERSIZE HW MAMU,JET BLACK OS PDK S,0,5,0,0,60973,304865,305145
Apr-2026,TIGALAPANKAOS MANADO,OVERSIZE HW MAMU,JET BLACK OS PDK S,61029,4,0,0,60973,243892,304865
Mei-2026,TIGALAPANKAOS MANADO,OVERSIZE HW MAMU,JET BLACK OS PDK S,0,4,0,0,60973,243892,243892
Jun-2026,TIGALAPANKAOS MANADO,OVERSIZE HW MAMU,JET BLACK OS PDK S,61029,3,0,0,60973,182919,243892
Jul-2026,TIGALAPANKAOS MANADO,OVERSIZE HW MAMU,JET BLACK OS PDK S,61029,2,0,0,60973,121946,182919
Agu-2026,TIGALAPANKAOS MANADO,OVERSIZE HW MAMU,JET BLACK OS PDK S,0,5,0,0,60973,304865,121946
Sep-2026,TIGALAPANKAOS MANADO,OVERSIZE HW MAMU,JET BLACK OS PDK S,0,5,0,0,60973,304865,304865
Okt-2026,TIGALAPANKAOS MANADO,OVERSIZE HW MAMU,JET BLACK OS PDK S,0,5,10,0,60973,914595,304865
Feb-2026,TIGALAPANKAOS MANADO,OVERSIZE HW MAMU,JET BLACK OS PDK XL,0,5,0,0,58009,290045,0
Mar-2026,TIGALAPANKAOS MANADO,OVERSIZE HW MAMU,JET BLACK OS PDK XL,0,5,0,0,58009,290045,290045
Apr-2026,TIGALAPANKAOS MANADO,OVERSIZE HW MAMU,JET BLACK OS PDK XL,0,5,0,0,58009,290045,290045
Mei-2026,TIGALAPANKAOS MANADO,OVERSIZE HW MAMU,JET BLACK OS PDK XL,0,0,0,0,58009,0,290045
Jun-2026,TIGALAPANKAOS MANADO,OVERSIZE HW MAMU,JET BLACK OS PDK XL,0,2,0,0,61470,122940,0
Jul-2026,TIGALAPANKAOS MANADO,OVERSIZE HW MAMU,JET BLACK OS PDK XL,156590,1,0,0,61470,61470,122940
Agu-2026,TIGALAPANKAOS MANADO,OVERSIZE HW MAMU,JET BLACK OS PDK XL,0,0,0,0,61470,0,61470
Feb-2026,TIGALAPANKAOS MANADO,OVERSIZE HW MAMU,MINERAL GREEN OS PDK 2XL,0,1,0,0,61488,61488,0
Mar-2026,TIGALAPANKAOS MANADO,OVERSIZE HW MAMU,MINERAL GREEN OS PDK 2XL,0,1,0,0,61488,61488,61488
Apr-2026,TIGALAPANKAOS MANADO,OVERSIZE HW MAMU,MINERAL GREEN OS PDK 2XL,0,1,0,0,61488,61488,61488
Mei-2026,TIGALAPANKAOS MANADO,OVERSIZE HW MAMU,MINERAL GREEN OS PDK 2XL,60411,0,0,0,61488,0,61488
Feb-2026,TIGALAPANKAOS MANADO,OVERSIZE HW MAMU,MINERAL GREEN OS PDK L,59203,1,0,0,61488,61488,0
Mar-2026,TIGALAPANKAOS MANADO,OVERSIZE HW MAMU,MINERAL GREEN OS PDK L,59203,0,0,0,61488,0,61488
Mei-2026,TIGALAPANKAOS MANADO,OVERSIZE HW MAMU,MINERAL GREEN OS PDK L,0,1,0,0,56747,56747,0
Jun-2026,TIGALAPANKAOS MANADO,OVERSIZE HW MAMU,MINERAL GREEN OS PDK L,59203,1,0,0,56747,56747,56747
Jul-2026,TIGALAPANKAOS MANADO,OVERSIZE HW MAMU,MINERAL GREEN OS PDK L,0,1,0,0,56747,56747,56747
Agu-2026,TIGALAPANKAOS MANADO,OVERSIZE HW MAMU,MINERAL GREEN OS PDK L,0,5,0,0,56747,283735,56747
Sep-2026,TIGALAPANKAOS MANADO,OVERSIZE HW MAMU,MINERAL GREEN OS PDK L,0,5,0,0,56747,283735,283735
Okt-2026,TIGALAPANKAOS MANADO,OVERSIZE HW MAMU,MINERAL GREEN OS PDK L,0,5,0,0,56747,283735,283735
Jun-2026,TIGALAPANKAOS MANADO,OVERSIZE HW MAMU,MINERAL GREEN OS PDK M,0,1,0,0,56747,56747,0
Jul-2026,TIGALAPANKAOS MANADO,OVERSIZE HW MAMU,MINERAL GREEN OS PDK M,0,1,0,0,56747,56747,56747
Agu-2026,TIGALAPANKAOS MANADO,OVERSIZE HW MAMU,MINERAL GREEN OS PDK M,0,5,0,0,56747,283735,56747
Sep-2026,TIGALAPANKAOS MANADO,OVERSIZE HW MAMU,MINERAL GREEN OS PDK M,0,5,0,0,56747,283735,283735
Okt-2026,TIGALAPANKAOS MANADO,OVERSIZE HW MAMU,MINERAL GREEN OS PDK M,0,5,0,0,56747,283735,283735
Jun-2026,TIGALAPANKAOS MANADO,OVERSIZE HW MAMU,MINERAL GREEN OS PDK S,0,1,0,0,56747,56747,0
Jul-2026,TIGALAPANKAOS MANADO,OVERSIZE HW MAMU,MINERAL GREEN OS PDK S,0,1,0,0,56747,56747,56747
Agu-2026,TIGALAPANKAOS MANADO,OVERSIZE HW MAMU,MINERAL GREEN OS PDK S,0,5,0,0,56747,283735,56747
Sep-2026,TIGALAPANKAOS MANADO,OVERSIZE HW MAMU,MINERAL GREEN OS PDK S,0,5,0,0,56747,283735,283735
Okt-2026,TIGALAPANKAOS MANADO,OVERSIZE HW MAMU,MINERAL GREEN OS PDK S,0,5,0,0,56747,283735,283735
Feb-2026,TIGALAPANKAOS MANADO,OVERSIZE HW MAMU,MINERAL GREEN OS PDK XL,0,3,0,0,61488,184464,0
Mar-2026,TIGALAPANKAOS MANADO,OVERSIZE HW MAMU,MINERAL GREEN OS PDK XL,0,3,0,0,63332,189996,184464
Apr-2026,TIGALAPANKAOS MANADO,OVERSIZE HW MAMU,MINERAL GREEN OS PDK XL,121820,1,0,0,63332,63332,189996
Mei-2026,TIGALAPANKAOS MANADO,OVERSIZE HW MAMU,MINERAL GREEN OS PDK XL,0,0,0,0,63332,0,63332
Jun-2026,TIGALAPANKAOS MANADO,OVERSIZE HW MAMU,MINERAL GREEN OS PDK XL,75437,0,0,0,61488,0,0
Jun-2026,TIGALAPANKAOS MANADO,OVERSIZE HW MAMU,PUTIH OS PDK L,0,2,0,0,51895,103790,0
Jul-2026,TIGALAPANKAOS MANADO,OVERSIZE HW MAMU,PUTIH OS PDK L,0,2,0,0,51895,103790,103790
Agu-2026,TIGALAPANKAOS MANADO,OVERSIZE HW MAMU,PUTIH OS PDK L,0,5,0,0,51895,259475,103790
Sep-2026,TIGALAPANKAOS MANADO,OVERSIZE HW MAMU,PUTIH OS PDK L,0,5,0,0,51895,259475,259475
Okt-2026,TIGALAPANKAOS MANADO,OVERSIZE HW MAMU,PUTIH OS PDK L,0,5,3,0,51895,415160,259475
Jun-2026,TIGALAPANKAOS MANADO,OVERSIZE HW MAMU,PUTIH OS PDK M,0,2,0,0,51888,103776,0
Jul-2026,TIGALAPANKAOS MANADO,OVERSIZE HW MAMU,PUTIH OS PDK M,51888,1,0,0,51888,51888,103776
Agu-2026,TIGALAPANKAOS MANADO,OVERSIZE HW MAMU,PUTIH OS PDK M,0,5,0,0,51888,259440,51888
Sep-2026,TIGALAPANKAOS MANADO,OVERSIZE HW MAMU,PUTIH OS PDK M,0,5,0,0,51888,259440,259440
Okt-2026,TIGALAPANKAOS MANADO,OVERSIZE HW MAMU,PUTIH OS PDK M,0,5,6,0,51888,570768,259440
Jun-2026,TIGALAPANKAOS MANADO,OVERSIZE HW MAMU,PUTIH OS PDK S,0,2,0,0,51895,103790,0
Jul-2026,TIGALAPANKAOS MANADO,OVERSIZE HW MAMU,PUTIH OS PDK S,0,2,0,0,51895,103790,103790
Agu-2026,TIGALAPANKAOS MANADO,OVERSIZE HW MAMU,PUTIH OS PDK S,0,5,0,0,51895,259475,103790
Sep-2026,TIGALAPANKAOS MANADO,OVERSIZE HW MAMU,PUTIH OS PDK S,0,5,0,0,51895,259475,259475
Okt-2026,TIGALAPANKAOS MANADO,OVERSIZE HW MAMU,PUTIH OS PDK S,0,5,0,0,51895,259475,259475
Feb-2026,TIGALAPANKAOS MANADO,OVERSIZE HW MAMU,PUTIH OS PDK XL,0,2,0,0,64246,128492,0
Mar-2026,TIGALAPANKAOS MANADO,OVERSIZE HW MAMU,PUTIH OS PDK XL,0,2,0,0,51167,102334,128492
Apr-2026,TIGALAPANKAOS MANADO,OVERSIZE HW MAMU,PUTIH OS PDK XL,0,2,0,0,51167,102334,102334
Mei-2026,TIGALAPANKAOS MANADO,OVERSIZE HW MAMU,PUTIH OS PDK XL,0,1,0,0,51895,51895,102334
Jun-2026,TIGALAPANKAOS MANADO,OVERSIZE HW MAMU,PUTIH OS PDK XL,126458,1,0,0,51895,51895,51895
Jul-2026,TIGALAPANKAOS MANADO,OVERSIZE HW MAMU,PUTIH OS PDK XL,75291,0,0,0,64246,0,51895
Jan-2026,TIGALAPANKAOS PALU,OVERSIZE HW MAMU,ABU TUA OS PDK 2XL,0,1,0,0,61480,61480,0
Feb-2026,TIGALAPANKAOS PALU,OVERSIZE HW MAMU,ABU TUA OS PDK 2XL,0,1,0,0,61480,61480,61480
Mar-2026,TIGALAPANKAOS PALU,OVERSIZE HW MAMU,ABU TUA OS PDK 2XL,0,1,0,0,61480,61480,61480
Apr-2026,TIGALAPANKAOS PALU,OVERSIZE HW MAMU,ABU TUA OS PDK 2XL,0,1,0,0,61480,61480,61480
Mei-2026,TIGALAPANKAOS PALU,OVERSIZE HW MAMU,ABU TUA OS PDK 2XL,0,1,0,0,53390,53390,61480
Jun-2026,TIGALAPANKAOS PALU,OVERSIZE HW MAMU,ABU TUA OS PDK 2XL,0,1,0,0,53390,53390,53390
Jul-2026,TIGALAPANKAOS PALU,OVERSIZE HW MAMU,ABU TUA OS PDK 2XL,0,1,0,0,53390,53390,53390
Agu-2026,TIGALAPANKAOS PALU,OVERSIZE HW MAMU,ABU TUA OS PDK 2XL,61480,0,0,0,61480,0,53390
Jan-2026,TIGALAPANKAOS PALU,OVERSIZE HW MAMU,ABU TUA OS PDK L,0,2,0,0,61480,122960,0
Feb-2026,TIGALAPANKAOS PALU,OVERSIZE HW MAMU,ABU TUA OS PDK L,0,2,0,0,61480,122960,122960
Mar-2026,TIGALAPANKAOS PALU,OVERSIZE HW MAMU,ABU TUA OS PDK L,122960,0,0,0,61480,0,122960
Mei-2026,TIGALAPANKAOS PALU,OVERSIZE HW MAMU,ABU TUA OS PDK L,0,5,0,0,53390,266950,0
Jun-2026,TIGALAPANKAOS PALU,OVERSIZE HW MAMU,ABU TUA OS PDK L,0,5,0,0,53390,266950,266950
Jul-2026,TIGALAPANKAOS PALU,OVERSIZE HW MAMU,ABU TUA OS PDK L,0,5,0,0,53390,266950,266950
Agu-2026,TIGALAPANKAOS PALU,OVERSIZE HW MAMU,ABU TUA OS PDK L,0,5,0,0,53390,266950,266950
Sep-2026,TIGALAPANKAOS PALU,OVERSIZE HW MAMU,ABU TUA OS PDK L,0,5,0,0,53390,266950,266950
Okt-2026,TIGALAPANKAOS PALU,OVERSIZE HW MAMU,ABU TUA OS PDK L,0,5,0,0,53390,266950,266950
Jan-2026,TIGALAPANKAOS PALU,OVERSIZE HW MAMU,ABU TUA OS PDK M,0,2,0,0,61480,122960,0
Feb-2026,TIGALAPANKAOS PALU,OVERSIZE HW MAMU,ABU TUA OS PDK M,0,2,0,0,61480,122960,122960
Mar-2026,TIGALAPANKAOS PALU,OVERSIZE HW MAMU,ABU TUA OS PDK M,122960,0,0,0,61480,0,122960
Mei-2026,TIGALAPANKAOS PALU,OVERSIZE HW MAMU,ABU TUA OS PDK M,0,5,0,0,53390,266950,0
Jun-2026,TIGALAPANKAOS PALU,OVERSIZE HW MAMU,ABU TUA OS PDK M,0,5,0,0,53390,266950,266950
Jul-2026,TIGALAPANKAOS PALU,OVERSIZE HW MAMU,ABU TUA OS PDK M,53390,4,0,0,53390,213560,266950
Agu-2026,TIGALAPANKAOS PALU,OVERSIZE HW MAMU,ABU TUA OS PDK M,0,4,0,0,53390,213560,213560
Sep-2026,TIGALAPANKAOS PALU,OVERSIZE HW MAMU,ABU TUA OS PDK M,0,4,0,0,53390,213560,213560
Okt-2026,TIGALAPANKAOS PALU,OVERSIZE HW MAMU,ABU TUA OS PDK M,0,4,0,0,53390,213560,213560
Jan-2026,TIGALAPANKAOS PALU,OVERSIZE HW MAMU,ABU TUA OS PDK S,0,3,0,0,61480,184440,0
Feb-2026,TIGALAPANKAOS PALU,OVERSIZE HW MAMU,ABU TUA OS PDK S,0,3,0,0,61480,184440,184440
Mar-2026,TIGALAPANKAOS PALU,OVERSIZE HW MAMU,ABU TUA OS PDK S,184440,0,0,0,61480,0,184440
Mei-2026,TIGALAPANKAOS PALU,OVERSIZE HW MAMU,ABU TUA OS PDK S,0,5,0,0,53603,268015,0
Jun-2026,TIGALAPANKAOS PALU,OVERSIZE HW MAMU,ABU TUA OS PDK S,0,5,0,0,53603,268015,268015
Jul-2026,TIGALAPANKAOS PALU,OVERSIZE HW MAMU,ABU TUA OS PDK S,0,5,0,0,53603,268015,268015
Agu-2026,TIGALAPANKAOS PALU,OVERSIZE HW MAMU,ABU TUA OS PDK S,53603,4,0,0,53603,214412,268015
Sep-2026,TIGALAPANKAOS PALU,OVERSIZE HW MAMU,ABU TUA OS PDK S,0,4,0,0,53603,214412,214412
Okt-2026,TIGALAPANKAOS PALU,OVERSIZE HW MAMU,ABU TUA OS PDK S,0,4,0,0,53603,214412,214412
Jan-2026,TIGALAPANKAOS PALU,OVERSIZE HW MAMU,ABU TUA OS PDK XL,0,2,0,0,61480,122960,0
Feb-2026,TIGALAPANKAOS PALU,OVERSIZE HW MAMU,ABU TUA OS PDK XL,61480,0,0,0,61480,0,122960
Mei-2026,TIGALAPANKAOS PALU,OVERSIZE HW MAMU,ABU TUA OS PDK XL,0,5,0,0,53390,266950,0
Jun-2026,TIGALAPANKAOS PALU,OVERSIZE HW MAMU,ABU TUA OS PDK XL,0,5,0,0,53390,266950,266950
Jul-2026,TIGALAPANKAOS PALU,OVERSIZE HW MAMU,ABU TUA OS PDK XL,0,5,0,0,53390,266950,266950
Agu-2026,TIGALAPANKAOS PALU,OVERSIZE HW MAMU,ABU TUA OS PDK XL,0,5,0,0,53390,266950,266950
Sep-2026,TIGALAPANKAOS PALU,OVERSIZE HW MAMU,ABU TUA OS PDK XL,0,5,0,0,53390,266950,266950
Okt-2026,TIGALAPANKAOS PALU,OVERSIZE HW MAMU,ABU TUA OS PDK XL,0,5,0,0,53390,266950,266950
Jan-2026,TIGALAPANKAOS PALU,OVERSIZE HW MAMU,COKLAT TUA OS PDK 2XL,0,1,0,0,56662,56662,0
Feb-2026,TIGALAPANKAOS PALU,OVERSIZE HW MAMU,COKLAT TUA OS PDK 2XL,0,1,0,0,56662,56662,56662
Mar-2026,TIGALAPANKAOS PALU,OVERSIZE HW MAMU,COKLAT TUA OS PDK 2XL,0,1,0,0,56662,56662,56662
Apr-2026,TIGALAPANKAOS PALU,OVERSIZE HW MAMU,COKLAT TUA OS PDK 2XL,56662,1,0,0,56662,56662,56662
Mei-2026,TIGALAPANKAOS PALU,OVERSIZE HW MAMU,COKLAT TUA OS PDK 2XL,0,0,0,0,56662,0,56662
Jan-2026,TIGALAPANKAOS PALU,OVERSIZE HW MAMU,COKLAT TUA OS PDK L,0,2,0,0,56662,113324,0
Feb-2026,TIGALAPANKAOS PALU,OVERSIZE HW MAMU,COKLAT TUA OS PDK L,56662,1,0,0,56662,56662,113324
Mar-2026,TIGALAPANKAOS PALU,OVERSIZE HW MAMU,COKLAT TUA OS PDK L,56662,0,0,0,56662,0,56662
Mei-2026,TIGALAPANKAOS PALU,OVERSIZE HW MAMU,COKLAT TUA OS PDK L,53371,4,0,0,53371,213484,0
Jun-2026,TIGALAPANKAOS PALU,OVERSIZE HW MAMU,COKLAT TUA OS PDK L,160113,1,0,0,53371,53371,213484
Jul-2026,TIGALAPANKAOS PALU,OVERSIZE HW MAMU,COKLAT TUA OS PDK L,106742,4,0,0,53371,213484,53371
Agu-2026,TIGALAPANKAOS PALU,OVERSIZE HW MAMU,COKLAT TUA OS PDK L,106742,3,0,0,53371,160113,213484
Sep-2026,TIGALAPANKAOS PALU,OVERSIZE HW MAMU,COKLAT TUA OS PDK L,0,5,0,0,53371,266855,160113
Okt-2026,TIGALAPANKAOS PALU,OVERSIZE HW MAMU,COKLAT TUA OS PDK L,0,5,0,0,53371,266855,266855
Jan-2026,TIGALAPANKAOS PALU,OVERSIZE HW MAMU,COKLAT TUA OS PDK M,56662,2,0,0,56662,113324,0
Feb-2026,TIGALAPANKAOS PALU,OVERSIZE HW MAMU,COKLAT TUA OS PDK M,0,2,0,0,56662,113324,113324
Mar-2026,TIGALAPANKAOS PALU,OVERSIZE HW MAMU,COKLAT TUA OS PDK M,113324,0,0,0,56662,0,113324
Mei-2026,TIGALAPANKAOS PALU,OVERSIZE HW MAMU,COKLAT TUA OS PDK M,0,5,0,0,53371,266855,0
Jun-2026,TIGALAPANKAOS PALU,OVERSIZE HW MAMU,COKLAT TUA OS PDK M,0,5,0,0,53371,266855,266855
Jul-2026,TIGALAPANKAOS PALU,OVERSIZE HW MAMU,COKLAT TUA OS PDK M,53371,6,0,0,53371,320226,266855
Agu-2026,TIGALAPANKAOS PALU,OVERSIZE HW MAMU,COKLAT TUA OS PDK M,53371,5,0,0,53371,266855,320226
Sep-2026,TIGALAPANKAOS PALU,OVERSIZE HW MAMU,COKLAT TUA OS PDK M,106742,5,0,0,53371,266855,266855
Okt-2026,TIGALAPANKAOS PALU,OVERSIZE HW MAMU,COKLAT TUA OS PDK M,0,4,0,0,53371,213484,266855
Jan-2026,TIGALAPANKAOS PALU,OVERSIZE HW MAMU,COKLAT TUA OS PDK S,0,2,0,0,56662,113324,0
Feb-2026,TIGALAPANKAOS PALU,OVERSIZE HW MAMU,COKLAT TUA OS PDK S,0,2,0,0,56662,113324,113324
Mar-2026,TIGALAPANKAOS PALU,OVERSIZE HW MAMU,COKLAT TUA OS PDK S,113324,0,0,0,56662,0,113324
Mei-2026,TIGALAPANKAOS PALU,OVERSIZE HW MAMU,COKLAT TUA OS PDK S,0,5,0,0,53371,266855,0
Jun-2026,TIGALAPANKAOS PALU,OVERSIZE HW MAMU,COKLAT TUA OS PDK S,53371,4,0,0,53371,213484,266855
Jul-2026,TIGALAPANKAOS PALU,OVERSIZE HW MAMU,COKLAT TUA OS PDK S,53371,5,0,0,53371,266855,213484
Agu-2026,TIGALAPANKAOS PALU,OVERSIZE HW MAMU,COKLAT TUA OS PDK S,0,5,0,0,53371,266855,266855
Sep-2026,TIGALAPANKAOS PALU,OVERSIZE HW MAMU,COKLAT TUA OS PDK S,0,5,0,0,53371,266855,266855
Okt-2026,TIGALAPANKAOS PALU,OVERSIZE HW MAMU,COKLAT TUA OS PDK S,0,5,0,0,53371,266855,266855
Jan-2026,TIGALAPANKAOS PALU,OVERSIZE HW MAMU,COKLAT TUA OS PDK XL,56662,0,0,0,56662,0,0
Mei-2026,TIGALAPANKAOS PALU,OVERSIZE HW MAMU,COKLAT TUA OS PDK XL,0,2,0,0,53371,106742,0
Jun-2026,TIGALAPANKAOS PALU,OVERSIZE HW MAMU,COKLAT TUA OS PDK XL,53371,1,0,0,53371,53371,106742
Jul-2026,TIGALAPANKAOS PALU,OVERSIZE HW MAMU,COKLAT TUA OS PDK XL,0,5,0,0,53371,266855,53371
Agu-2026,TIGALAPANKAOS PALU,OVERSIZE HW MAMU,COKLAT TUA OS PDK XL,0,5,0,0,53371,266855,266855
Sep-2026,TIGALAPANKAOS PALU,OVERSIZE HW MAMU,COKLAT TUA OS PDK XL,0,5,0,0,53371,266855,266855
Okt-2026,TIGALAPANKAOS PALU,OVERSIZE HW MAMU,COKLAT TUA OS PDK XL,0,5,0,0,53371,266855,266855
Jan-2026,TIGALAPANKAOS PALU,OVERSIZE HW MAMU,DENIM BLUE OS PDK 2XL,0,1,0,0,61936,61936,0
Feb-2026,TIGALAPANKAOS PALU,OVERSIZE HW MAMU,DENIM BLUE OS PDK 2XL,0,1,0,0,61936,61936,61936
Mar-2026,TIGALAPANKAOS PALU,OVERSIZE HW MAMU,DENIM BLUE OS PDK 2XL,0,1,0,0,61936,61936,61936
Apr-2026,TIGALAPANKAOS PALU,OVERSIZE HW MAMU,DENIM BLUE OS PDK 2XL,0,1,0,0,61936,61936,61936
Mei-2026,TIGALAPANKAOS PALU,OVERSIZE HW MAMU,DENIM BLUE OS PDK 2XL,0,1,0,0,54375,54375,61936
Jun-2026,TIGALAPANKAOS PALU,OVERSIZE HW MAMU,DENIM BLUE OS PDK 2XL,0,1,0,0,54375,54375,54375
Jul-2026,TIGALAPANKAOS PALU,OVERSIZE HW MAMU,DENIM BLUE OS PDK 2XL,0,1,0,0,54375,54375,54375
Agu-2026,TIGALAPANKAOS PALU,OVERSIZE HW MAMU,DENIM BLUE OS PDK 2XL,61936,0,0,0,61936,0,54375
Jan-2026,TIGALAPANKAOS PALU,OVERSIZE HW MAMU,DENIM BLUE OS PDK L,0,3,0,0,61936,185808,0
Feb-2026,TIGALAPANKAOS PALU,OVERSIZE HW MAMU,DENIM BLUE OS PDK L,0,3,0,0,61936,185808,185808
Mar-2026,TIGALAPANKAOS PALU,OVERSIZE HW MAMU,DENIM BLUE OS PDK L,61710,2,0,0,54461,108922,185808
Apr-2026,TIGALAPANKAOS PALU,OVERSIZE HW MAMU,DENIM BLUE OS PDK L,0,2,0,0,54426,108852,108922
Mei-2026,TIGALAPANKAOS PALU,OVERSIZE HW MAMU,DENIM BLUE OS PDK L,0,5,0,0,54388,271940,108852
Jun-2026,TIGALAPANKAOS PALU,OVERSIZE HW MAMU,DENIM BLUE OS PDK L,0,5,0,0,54388,271940,271940
Jul-2026,TIGALAPANKAOS PALU,OVERSIZE HW MAMU,DENIM BLUE OS PDK L,57317,5,0,0,54388,271940,271940
Agu-2026,TIGALAPANKAOS PALU,OVERSIZE HW MAMU,DENIM BLUE OS PDK L,186,5,0,0,54388,271940,271940
Sep-2026,TIGALAPANKAOS PALU,OVERSIZE HW MAMU,DENIM BLUE OS PDK L,0,6,0,0,54388,326328,271940
Okt-2026,TIGALAPANKAOS PALU,OVERSIZE HW MAMU,DENIM BLUE OS PDK L,0,6,0,0,54388,326328,326328
Jan-2026,TIGALAPANKAOS PALU,OVERSIZE HW MAMU,DENIM BLUE OS PDK M,0,5,0,0,61936,309680,0
Feb-2026,TIGALAPANKAOS PALU,OVERSIZE HW MAMU,DENIM BLUE OS PDK M,0,5,0,0,61936,309680,309680
Mar-2026,TIGALAPANKAOS PALU,OVERSIZE HW MAMU,DENIM BLUE OS PDK M,61936,4,0,0,61936,247744,309680
Apr-2026,TIGALAPANKAOS PALU,OVERSIZE HW MAMU,DENIM BLUE OS PDK M,0,4,0,0,54375,217500,247744
Mei-2026,TIGALAPANKAOS PALU,OVERSIZE HW MAMU,DENIM BLUE OS PDK M,57735,8,0,0,54375,435000,217500
Jun-2026,TIGALAPANKAOS PALU,OVERSIZE HW MAMU,DENIM BLUE OS PDK M,0,8,0,0,54375,435000,435000
Jul-2026,TIGALAPANKAOS PALU,OVERSIZE HW MAMU,DENIM BLUE OS PDK M,57735,8,0,0,54375,435000,435000
Agu-2026,TIGALAPANKAOS PALU,OVERSIZE HW MAMU,DENIM BLUE OS PDK M,57735,7,0,0,54375,380625,435000
Sep-2026,TIGALAPANKAOS PALU,OVERSIZE HW MAMU,DENIM BLUE OS PDK M,0,6,0,0,54375,326250,380625
Okt-2026,TIGALAPANKAOS PALU,OVERSIZE HW MAMU,DENIM BLUE OS PDK M,0,6,0,0,54375,326250,326250
Jan-2026,TIGALAPANKAOS PALU,OVERSIZE HW MAMU,DENIM BLUE OS PDK S,0,5,0,0,61936,309680,0
Feb-2026,TIGALAPANKAOS PALU,OVERSIZE HW MAMU,DENIM BLUE OS PDK S,61936,4,0,0,61936,247744,309680
Mar-2026,TIGALAPANKAOS PALU,OVERSIZE HW MAMU,DENIM BLUE OS PDK S,0,4,0,0,54375,217500,247744
Apr-2026,TIGALAPANKAOS PALU,OVERSIZE HW MAMU,DENIM BLUE OS PDK S,0,4,0,0,54375,217500,217500
Mei-2026,TIGALAPANKAOS PALU,OVERSIZE HW MAMU,DENIM BLUE OS PDK S,0,9,0,0,54375,489375,217500
Jun-2026,TIGALAPANKAOS PALU,OVERSIZE HW MAMU,DENIM BLUE OS PDK S,0,9,0,0,54375,489375,489375
Jul-2026,TIGALAPANKAOS PALU,OVERSIZE HW MAMU,DENIM BLUE OS PDK S,57735,8,0,0,54375,435000,489375
Agu-2026,TIGALAPANKAOS PALU,OVERSIZE HW MAMU,DENIM BLUE OS PDK S,0,8,0,0,54375,435000,435000
Sep-2026,TIGALAPANKAOS PALU,OVERSIZE HW MAMU,DENIM BLUE OS PDK S,0,8,0,0,54375,435000,435000
Okt-2026,TIGALAPANKAOS PALU,OVERSIZE HW MAMU,DENIM BLUE OS PDK S,0,8,0,0,54375,435000,435000
Jan-2026,TIGALAPANKAOS PALU,OVERSIZE HW MAMU,DENIM BLUE OS PDK XL,0,3,0,0,61936,185808,0
Feb-2026,TIGALAPANKAOS PALU,OVERSIZE HW MAMU,DENIM BLUE OS PDK XL,0,2,0,0,61936,123872,185808
Mar-2026,TIGALAPANKAOS PALU,OVERSIZE HW MAMU,DENIM BLUE OS PDK XL,59517,1,0,0,53483,53483,123872
Apr-2026,TIGALAPANKAOS PALU,OVERSIZE HW MAMU,DENIM BLUE OS PDK XL,0,1,0,0,53483,53483,53483
Mei-2026,TIGALAPANKAOS PALU,OVERSIZE HW MAMU,DENIM BLUE OS PDK XL,0,2,0,0,54375,108750,53483
Jun-2026,TIGALAPANKAOS PALU,OVERSIZE HW MAMU,DENIM BLUE OS PDK XL,0,2,0,0,54375,108750,108750
Jul-2026,TIGALAPANKAOS PALU,OVERSIZE HW MAMU,DENIM BLUE OS PDK XL,0,5,0,0,54375,271875,108750
Agu-2026,TIGALAPANKAOS PALU,OVERSIZE HW MAMU,DENIM BLUE OS PDK XL,-54679,5,0,0,54375,271875,271875
Sep-2026,TIGALAPANKAOS PALU,OVERSIZE HW MAMU,DENIM BLUE OS PDK XL,0,6,0,0,54375,326250,271875
Okt-2026,TIGALAPANKAOS PALU,OVERSIZE HW MAMU,DENIM BLUE OS PDK XL,0,6,0,0,54375,326250,326250
Jan-2026,TIGALAPANKAOS PALU,OVERSIZE HW MAMU,JET BLACK OS PDK 2XL,0,1,0,0,58009,58009,0
Feb-2026,TIGALAPANKAOS PALU,OVERSIZE HW MAMU,JET BLACK OS PDK 2XL,58009,0,0,0,58009,0,58009
Apr-2026,TIGALAPANKAOS PALU,OVERSIZE HW MAMU,JET BLACK OS PDK 2XL,0,3,0,0,58009,174027,0
Mei-2026,TIGALAPANKAOS PALU,OVERSIZE HW MAMU,JET BLACK OS PDK 2XL,0,8,0,0,61470,491760,174027
Jun-2026,TIGALAPANKAOS PALU,OVERSIZE HW MAMU,JET BLACK OS PDK 2XL,0,8,0,0,61470,491760,491760
Jul-2026,TIGALAPANKAOS PALU,OVERSIZE HW MAMU,JET BLACK OS PDK 2XL,0,8,0,0,61470,491760,491760
Agu-2026,TIGALAPANKAOS PALU,OVERSIZE HW MAMU,JET BLACK OS PDK 2XL,61470,8,0,0,61470,491760,491760
Sep-2026,TIGALAPANKAOS PALU,OVERSIZE HW MAMU,JET BLACK OS PDK 2XL,0,7,0,0,61470,430290,491760
Okt-2026,TIGALAPANKAOS PALU,OVERSIZE HW MAMU,JET BLACK OS PDK 2XL,0,7,0,0,61470,430290,430290
Jan-2026,TIGALAPANKAOS PALU,OVERSIZE HW MAMU,JET BLACK OS PDK L,58009,22,0,0,61029,1342638,0
Feb-2026,TIGALAPANKAOS PALU,OVERSIZE HW MAMU,JET BLACK OS PDK L,0,22,0,0,61029,1342638,1342638
Mar-2026,TIGALAPANKAOS PALU,OVERSIZE HW MAMU,JET BLACK OS PDK L,182262,16,0,0,60919,974704,1342638
Apr-2026,TIGALAPANKAOS PALU,OVERSIZE HW MAMU,JET BLACK OS PDK L,0,16,0,0,60919,974704,974704
Mei-2026,TIGALAPANKAOS PALU,OVERSIZE HW MAMU,JET BLACK OS PDK L,0,16,0,0,61467,983472,974704
Jun-2026,TIGALAPANKAOS PALU,OVERSIZE HW MAMU,JET BLACK OS PDK L,60754,15,0,0,61467,922005,983472
Jul-2026,TIGALAPANKAOS PALU,OVERSIZE HW MAMU,JET BLACK OS PDK L,0,15,0,0,61467,922005,922005
Agu-2026,TIGALAPANKAOS PALU,OVERSIZE HW MAMU,JET BLACK OS PDK L,182397,16,0,0,61467,983472,922005
Sep-2026,TIGALAPANKAOS PALU,OVERSIZE HW MAMU,JET BLACK OS PDK L,182397,11,0,0,61467,676137,983472
Okt-2026,TIGALAPANKAOS PALU,OVERSIZE HW MAMU,JET BLACK OS PDK L,0,10,0,0,61467,614670,676137
Jan-2026,TIGALAPANKAOS PALU,OVERSIZE HW MAMU,JET BLACK OS PDK M,174027,50,0,0,61029,3051450,0
Feb-2026,TIGALAPANKAOS PALU,OVERSIZE HW MAMU,JET BLACK OS PDK M,60667,49,0,0,61029,2990421,3051450
Mar-2026,TIGALAPANKAOS PALU,OVERSIZE HW MAMU,JET BLACK OS PDK M,121334,23,0,0,60919,1401137,2990421
Apr-2026,TIGALAPANKAOS PALU,OVERSIZE HW MAMU,JET BLACK OS PDK M,60667,21,0,0,60919,1279299,1401137
Mei-2026,TIGALAPANKAOS PALU,OVERSIZE HW MAMU,JET BLACK OS PDK M,60667,20,0,0,60919,1218380,1279299
Jun-2026,TIGALAPANKAOS PALU,OVERSIZE HW MAMU,JET BLACK OS PDK M,0,20,0,0,60919,1218380,1218380
Jul-2026,TIGALAPANKAOS PALU,OVERSIZE HW MAMU,JET BLACK OS PDK M,0,20,0,0,60919,1218380,1218380
Agu-2026,TIGALAPANKAOS PALU,OVERSIZE HW MAMU,JET BLACK OS PDK M,121334,20,0,0,60919,1218380,1218380
Sep-2026,TIGALAPANKAOS PALU,OVERSIZE HW MAMU,JET BLACK OS PDK M,60667,18,0,0,60919,1096542,1218380
Okt-2026,TIGALAPANKAOS PALU,OVERSIZE HW MAMU,JET BLACK OS PDK M,0,17,0,0,60919,1035623,1096542
Jan-2026,TIGALAPANKAOS PALU,OVERSIZE HW MAMU,JET BLACK OS PDK S,58009,50,0,0,61029,3051450,0
Feb-2026,TIGALAPANKAOS PALU,OVERSIZE HW MAMU,JET BLACK OS PDK S,0,50,0,0,61029,3051450,3051450
Mar-2026,TIGALAPANKAOS PALU,OVERSIZE HW MAMU,JET BLACK OS PDK S,302425,20,0,0,60973,1219460,3051450
Apr-2026,TIGALAPANKAOS PALU,OVERSIZE HW MAMU,JET BLACK OS PDK S,60485,18,0,0,60973,1097514,1219460
Mei-2026,TIGALAPANKAOS PALU,OVERSIZE HW MAMU,JET BLACK OS PDK S,0,18,0,0,60973,1097514,1097514
Jun-2026,TIGALAPANKAOS PALU,OVERSIZE HW MAMU,JET BLACK OS PDK S,0,18,0,0,60973,1097514,1097514
Jul-2026,TIGALAPANKAOS PALU,OVERSIZE HW MAMU,JET BLACK OS PDK S,120970,16,0,0,60973,975568,1097514
Agu-2026,TIGALAPANKAOS PALU,OVERSIZE HW MAMU,JET BLACK OS PDK S,120970,11,0,0,60973,670703,975568
Sep-2026,TIGALAPANKAOS PALU,OVERSIZE HW MAMU,JET BLACK OS PDK S,0,10,0,0,60973,609730,670703
Okt-2026,TIGALAPANKAOS PALU,OVERSIZE HW MAMU,JET BLACK OS PDK S,0,10,0,0,60973,609730,609730
Apr-2026,TIGALAPANKAOS PALU,OVERSIZE HW MAMU,JET BLACK OS PDK XL,0,3,0,0,58009,174027,0
Mei-2026,TIGALAPANKAOS PALU,OVERSIZE HW MAMU,JET BLACK OS PDK XL,0,4,0,0,61470,245880,174027
Jun-2026,TIGALAPANKAOS PALU,OVERSIZE HW MAMU,JET BLACK OS PDK XL,0,4,0,0,61470,245880,245880
Jul-2026,TIGALAPANKAOS PALU,OVERSIZE HW MAMU,JET BLACK OS PDK XL,0,4,0,0,61470,245880,245880
Agu-2026,TIGALAPANKAOS PALU,OVERSIZE HW MAMU,JET BLACK OS PDK XL,122940,4,0,0,61470,245880,245880
Sep-2026,TIGALAPANKAOS PALU,OVERSIZE HW MAMU,JET BLACK OS PDK XL,0,2,0,0,61470,122940,245880
Okt-2026,TIGALAPANKAOS PALU,OVERSIZE HW MAMU,JET BLACK OS PDK XL,0,2,0,0,61470,122940,122940
Jan-2026,TIGALAPANKAOS PALU,OVERSIZE HW MAMU,MINERAL GREEN OS PDK 2XL,0,2,0,0,61488,122976,0
Feb-2026,TIGALAPANKAOS PALU,OVERSIZE HW MAMU,MINERAL GREEN OS PDK 2XL,0,2,0,0,61488,122976,122976
Mar-2026,TIGALAPANKAOS PALU,OVERSIZE HW MAMU,MINERAL GREEN OS PDK 2XL,0,2,0,0,61488,122976,122976
Apr-2026,TIGALAPANKAOS PALU,OVERSIZE HW MAMU,MINERAL GREEN OS PDK 2XL,0,2,0,0,61488,122976,122976
Mei-2026,TIGALAPANKAOS PALU,OVERSIZE HW MAMU,MINERAL GREEN OS PDK 2XL,0,2,0,0,56747,113494,122976
Jun-2026,TIGALAPANKAOS PALU,OVERSIZE HW MAMU,MINERAL GREEN OS PDK 2XL,0,2,0,0,56747,113494,113494
Jul-2026,TIGALAPANKAOS PALU,OVERSIZE HW MAMU,MINERAL GREEN OS PDK 2XL,0,2,0,0,56747,113494,113494
Agu-2026,TIGALAPANKAOS PALU,OVERSIZE HW MAMU,MINERAL GREEN OS PDK 2XL,0,2,0,0,56747,113494,113494
Sep-2026,TIGALAPANKAOS PALU,OVERSIZE HW MAMU,MINERAL GREEN OS PDK 2XL,0,2,0,0,56747,113494,113494
Okt-2026,TIGALAPANKAOS PALU,OVERSIZE HW MAMU,MINERAL GREEN OS PDK 2XL,0,2,0,0,56747,113494,113494
Jan-2026,TIGALAPANKAOS PALU,OVERSIZE HW MAMU,MINERAL GREEN OS PDK L,0,3,0,0,61488,184464,0
Feb-2026,TIGALAPANKAOS PALU,OVERSIZE HW MAMU,MINERAL GREEN OS PDK L,0,3,0,0,61488,184464,184464
Mar-2026,TIGALAPANKAOS PALU,OVERSIZE HW MAMU,MINERAL GREEN OS PDK L,61488,2,0,0,56747,113494,184464
Apr-2026,TIGALAPANKAOS PALU,OVERSIZE HW MAMU,MINERAL GREEN OS PDK L,0,2,0,0,56747,113494,113494
Mei-2026,TIGALAPANKAOS PALU,OVERSIZE HW MAMU,MINERAL GREEN OS PDK L,61488,6,0,0,56747,340482,113494
Jun-2026,TIGALAPANKAOS PALU,OVERSIZE HW MAMU,MINERAL GREEN OS PDK L,57537,5,0,0,56747,283735,340482
Jul-2026,TIGALAPANKAOS PALU,OVERSIZE HW MAMU,MINERAL GREEN OS PDK L,0,5,0,0,56747,283735,283735
Agu-2026,TIGALAPANKAOS PALU,OVERSIZE HW MAMU,MINERAL GREEN OS PDK L,0,6,0,0,56747,340482,283735
Sep-2026,TIGALAPANKAOS PALU,OVERSIZE HW MAMU,MINERAL GREEN OS PDK L,0,6,0,0,56747,340482,340482
Okt-2026,TIGALAPANKAOS PALU,OVERSIZE HW MAMU,MINERAL GREEN OS PDK L,0,6,0,0,56747,340482,340482
Jan-2026,TIGALAPANKAOS PALU,OVERSIZE HW MAMU,MINERAL GREEN OS PDK M,0,5,0,0,61488,307440,0
Feb-2026,TIGALAPANKAOS PALU,OVERSIZE HW MAMU,MINERAL GREEN OS PDK M,0,5,0,0,61488,307440,307440
Mar-2026,TIGALAPANKAOS PALU,OVERSIZE HW MAMU,MINERAL GREEN OS PDK M,0,5,0,0,61488,307440,307440
Apr-2026,TIGALAPANKAOS PALU,OVERSIZE HW MAMU,MINERAL GREEN OS PDK M,61488,4,0,0,61488,245952,307440
Mei-2026,TIGALAPANKAOS PALU,OVERSIZE HW MAMU,MINERAL GREEN OS PDK M,0,9,0,0,56747,510723,245952
Jun-2026,TIGALAPANKAOS PALU,OVERSIZE HW MAMU,MINERAL GREEN OS PDK M,58854,8,0,0,56747,453976,510723
Jul-2026,TIGALAPANKAOS PALU,OVERSIZE HW MAMU,MINERAL GREEN OS PDK M,117708,7,0,0,56747,397229,453976
Agu-2026,TIGALAPANKAOS PALU,OVERSIZE HW MAMU,MINERAL GREEN OS PDK M,58854,5,0,0,56747,283735,397229
Sep-2026,TIGALAPANKAOS PALU,OVERSIZE HW MAMU,MINERAL GREEN OS PDK M,0,5,0,0,56747,283735,283735
Okt-2026,TIGALAPANKAOS PALU,OVERSIZE HW MAMU,MINERAL GREEN OS PDK M,0,5,0,0,56747,283735,283735
Jan-2026,TIGALAPANKAOS PALU,OVERSIZE HW MAMU,MINERAL GREEN OS PDK S,0,3,0,0,61488,184464,0
Feb-2026,TIGALAPANKAOS PALU,OVERSIZE HW MAMU,MINERAL GREEN OS PDK S,0,3,0,0,61488,184464,184464
Mar-2026,TIGALAPANKAOS PALU,OVERSIZE HW MAMU,MINERAL GREEN OS PDK S,122976,1,0,0,56747,56747,184464
Apr-2026,TIGALAPANKAOS PALU,OVERSIZE HW MAMU,MINERAL GREEN OS PDK S,0,1,0,0,56747,56747,56747
Mei-2026,TIGALAPANKAOS PALU,OVERSIZE HW MAMU,MINERAL GREEN OS PDK S,61488,5,0,0,56747,283735,56747
Jun-2026,TIGALAPANKAOS PALU,OVERSIZE HW MAMU,MINERAL GREEN OS PDK S,0,5,0,0,56747,283735,283735
Jul-2026,TIGALAPANKAOS PALU,OVERSIZE HW MAMU,MINERAL GREEN OS PDK S,0,5,0,0,56747,283735,283735
Agu-2026,TIGALAPANKAOS PALU,OVERSIZE HW MAMU,MINERAL GREEN OS PDK S,0,5,0,0,56747,283735,283735
Sep-2026,TIGALAPANKAOS PALU,OVERSIZE HW MAMU,MINERAL GREEN OS PDK S,0,5,0,0,56747,283735,283735
Okt-2026,TIGALAPANKAOS PALU,OVERSIZE HW MAMU,MINERAL GREEN OS PDK S,0,5,0,0,56747,283735,283735
Jan-2026,TIGALAPANKAOS PALU,OVERSIZE HW MAMU,MINERAL GREEN OS PDK XL,122398,0,0,0,61488,0,0
Jul-2026,TIGALAPANKAOS PALU,OVERSIZE HW MAMU,MINERAL GREEN OS PDK XL,0,5,0,0,56747,283735,0
Agu-2026,TIGALAPANKAOS PALU,OVERSIZE HW MAMU,MINERAL GREEN OS PDK XL,0,5,0,0,56747,283735,283735
Sep-2026,TIGALAPANKAOS PALU,OVERSIZE HW MAMU,MINERAL GREEN OS PDK XL,0,5,0,0,56747,283735,283735
Okt-2026,TIGALAPANKAOS PALU,OVERSIZE HW MAMU,MINERAL GREEN OS PDK XL,0,5,0,0,56747,283735,283735
Jan-2026,TIGALAPANKAOS PALU,OVERSIZE HW MAMU,PUTIH OS PDK 2XL,0,1,0,0,64246,64246,0
Feb-2026,TIGALAPANKAOS PALU,OVERSIZE HW MAMU,PUTIH OS PDK 2XL,64246,0,0,0,64246,0,64246
Mei-2026,TIGALAPANKAOS PALU,OVERSIZE HW MAMU,PUTIH OS PDK 2XL,0,2,0,0,51895,103790,0
Jun-2026,TIGALAPANKAOS PALU,OVERSIZE HW MAMU,PUTIH OS PDK 2XL,0,2,0,0,51895,103790,103790
Jul-2026,TIGALAPANKAOS PALU,OVERSIZE HW MAMU,PUTIH OS PDK 2XL,0,2,0,0,51895,103790,103790
Agu-2026,TIGALAPANKAOS PALU,OVERSIZE HW MAMU,PUTIH OS PDK 2XL,0,2,0,0,51895,103790,103790
Sep-2026,TIGALAPANKAOS PALU,OVERSIZE HW MAMU,PUTIH OS PDK 2XL,0,2,0,0,51895,103790,103790
Okt-2026,TIGALAPANKAOS PALU,OVERSIZE HW MAMU,PUTIH OS PDK 2XL,0,2,0,0,51895,103790,103790
Jan-2026,TIGALAPANKAOS PALU,OVERSIZE HW MAMU,PUTIH OS PDK L,64246,2,0,0,64246,128492,0
Feb-2026,TIGALAPANKAOS PALU,OVERSIZE HW MAMU,PUTIH OS PDK L,0,2,0,0,64246,128492,128492
Mar-2026,TIGALAPANKAOS PALU,OVERSIZE HW MAMU,PUTIH OS PDK L,64246,0,0,0,64246,0,128492
Mei-2026,TIGALAPANKAOS PALU,OVERSIZE HW MAMU,PUTIH OS PDK L,0,5,0,0,51895,259475,0
Jun-2026,TIGALAPANKAOS PALU,OVERSIZE HW MAMU,PUTIH OS PDK L,0,5,0,0,51895,259475,259475
Jul-2026,TIGALAPANKAOS PALU,OVERSIZE HW MAMU,PUTIH OS PDK L,51895,4,0,0,51895,207580,259475
Agu-2026,TIGALAPANKAOS PALU,OVERSIZE HW MAMU,PUTIH OS PDK L,103790,4,0,0,51895,207580,207580
Sep-2026,TIGALAPANKAOS PALU,OVERSIZE HW MAMU,PUTIH OS PDK L,51699,4,0,0,51895,207580,207580
Okt-2026,TIGALAPANKAOS PALU,OVERSIZE HW MAMU,PUTIH OS PDK L,0,4,6,0,51895,518950,207580
Jan-2026,TIGALAPANKAOS PALU,OVERSIZE HW MAMU,PUTIH OS PDK M,64246,4,0,0,64246,256984,0
Feb-2026,TIGALAPANKAOS PALU,OVERSIZE HW MAMU,PUTIH OS PDK M,64246,3,0,0,64246,192738,256984
Mar-2026,TIGALAPANKAOS PALU,OVERSIZE HW MAMU,PUTIH OS PDK M,192738,0,0,0,64246,0,192738
Mei-2026,TIGALAPANKAOS PALU,OVERSIZE HW MAMU,PUTIH OS PDK M,0,5,0,0,51888,259440,0
Jun-2026,TIGALAPANKAOS PALU,OVERSIZE HW MAMU,PUTIH OS PDK M,0,5,0,0,51888,259440,259440
Jul-2026,TIGALAPANKAOS PALU,OVERSIZE HW MAMU,PUTIH OS PDK M,0,5,0,0,51888,259440,259440
Agu-2026,TIGALAPANKAOS PALU,OVERSIZE HW MAMU,PUTIH OS PDK M,51888,5,0,0,51888,259440,259440
Sep-2026,TIGALAPANKAOS PALU,OVERSIZE HW MAMU,PUTIH OS PDK M,0,5,0,0,51888,259440,259440
Okt-2026,TIGALAPANKAOS PALU,OVERSIZE HW MAMU,PUTIH OS PDK M,0,5,9,0,51888,726432,259440
Jan-2026,TIGALAPANKAOS PALU,OVERSIZE HW MAMU,PUTIH OS PDK S,128492,1,0,0,64246,64246,0
Feb-2026,TIGALAPANKAOS PALU,OVERSIZE HW MAMU,PUTIH OS PDK S,64246,0,0,0,64246,0,64246
Mei-2026,TIGALAPANKAOS PALU,OVERSIZE HW MAMU,PUTIH OS PDK S,0,5,0,0,51895,259475,0
Jun-2026,TIGALAPANKAOS PALU,OVERSIZE HW MAMU,PUTIH OS PDK S,207580,1,0,0,51895,51895,259475
Jul-2026,TIGALAPANKAOS PALU,OVERSIZE HW MAMU,PUTIH OS PDK S,0,5,0,0,51895,259475,51895
Agu-2026,TIGALAPANKAOS PALU,OVERSIZE HW MAMU,PUTIH OS PDK S,0,5,0,0,51895,259475,259475
Sep-2026,TIGALAPANKAOS PALU,OVERSIZE HW MAMU,PUTIH OS PDK S,0,5,0,0,51895,259475,259475
Okt-2026,TIGALAPANKAOS PALU,OVERSIZE HW MAMU,PUTIH OS PDK S,0,5,5,0,51895,518950,259475
Jan-2026,TIGALAPANKAOS PALU,OVERSIZE HW MAMU,PUTIH OS PDK XL,0,2,0,0,64246,128492,0
Feb-2026,TIGALAPANKAOS PALU,OVERSIZE HW MAMU,PUTIH OS PDK XL,128492,0,0,0,64246,0,128492
Mei-2026,TIGALAPANKAOS PALU,OVERSIZE HW MAMU,PUTIH OS PDK XL,0,1,0,0,51895,51895,0
Jun-2026,TIGALAPANKAOS PALU,OVERSIZE HW MAMU,PUTIH OS PDK XL,0,0,0,0,51895,0,51895
Jul-2026,TIGALAPANKAOS PALU,OVERSIZE HW MAMU,PUTIH OS PDK XL,0,4,0,0,51895,207580,0
Agu-2026,TIGALAPANKAOS PALU,OVERSIZE HW MAMU,PUTIH OS PDK XL,75291,4,0,0,51895,207580,207580
Sep-2026,TIGALAPANKAOS PALU,OVERSIZE HW MAMU,PUTIH OS PDK XL,75291,1,0,0,51895,51895,207580
Okt-2026,TIGALAPANKAOS PALU,OVERSIZE HW MAMU,PUTIH OS PDK XL,0,1,0,0,51895,51895,51895
Jan-2026,TIGALAPANKAOS POLMAN,OVERSIZE HW MAMU,ABU TUA OS PDK L,0,2,0,0,61480,122960,0
Feb-2026,TIGALAPANKAOS POLMAN,OVERSIZE HW MAMU,ABU TUA OS PDK L,0,2,0,0,61480,122960,122960
Mar-2026,TIGALAPANKAOS POLMAN,OVERSIZE HW MAMU,ABU TUA OS PDK L,0,2,0,0,56108,112216,122960
Apr-2026,TIGALAPANKAOS POLMAN,OVERSIZE HW MAMU,ABU TUA OS PDK L,0,2,0,0,53390,106780,112216
Mei-2026,TIGALAPANKAOS POLMAN,OVERSIZE HW MAMU,ABU TUA OS PDK L,0,2,0,0,53390,106780,106780
Jun-2026,TIGALAPANKAOS POLMAN,OVERSIZE HW MAMU,ABU TUA OS PDK L,0,2,0,0,53390,106780,106780
Jul-2026,TIGALAPANKAOS POLMAN,OVERSIZE HW MAMU,ABU TUA OS PDK L,0,2,0,0,53390,106780,106780
Agu-2026,TIGALAPANKAOS POLMAN,OVERSIZE HW MAMU,ABU TUA OS PDK L,56636,5,0,0,53390,266950,106780
Sep-2026,TIGALAPANKAOS POLMAN,OVERSIZE HW MAMU,ABU TUA OS PDK L,0,5,0,0,53390,266950,266950
Okt-2026,TIGALAPANKAOS POLMAN,OVERSIZE HW MAMU,ABU TUA OS PDK L,0,5,0,0,53390,266950,266950
Jan-2026,TIGALAPANKAOS POLMAN,OVERSIZE HW MAMU,ABU TUA OS PDK M,0,3,0,0,61480,184440,0
Feb-2026,TIGALAPANKAOS POLMAN,OVERSIZE HW MAMU,ABU TUA OS PDK M,61480,2,0,0,61480,122960,184440
Mar-2026,TIGALAPANKAOS POLMAN,OVERSIZE HW MAMU,ABU TUA OS PDK M,0,2,0,0,61480,122960,122960
Apr-2026,TIGALAPANKAOS POLMAN,OVERSIZE HW MAMU,ABU TUA OS PDK M,0,2,0,0,53390,106780,122960
Mei-2026,TIGALAPANKAOS POLMAN,OVERSIZE HW MAMU,ABU TUA OS PDK M,0,2,0,0,53390,106780,106780
Jun-2026,TIGALAPANKAOS POLMAN,OVERSIZE HW MAMU,ABU TUA OS PDK M,61480,1,0,0,53390,53390,106780
Jul-2026,TIGALAPANKAOS POLMAN,OVERSIZE HW MAMU,ABU TUA OS PDK M,0,1,0,0,53390,53390,53390
Agu-2026,TIGALAPANKAOS POLMAN,OVERSIZE HW MAMU,ABU TUA OS PDK M,55008,4,0,0,53390,213560,53390
Sep-2026,TIGALAPANKAOS POLMAN,OVERSIZE HW MAMU,ABU TUA OS PDK M,0,4,0,0,53390,213560,213560
Okt-2026,TIGALAPANKAOS POLMAN,OVERSIZE HW MAMU,ABU TUA OS PDK M,0,4,0,0,53390,213560,213560
Jan-2026,TIGALAPANKAOS POLMAN,OVERSIZE HW MAMU,ABU TUA OS PDK S,184440,0,0,0,61480,0,0
Apr-2026,TIGALAPANKAOS POLMAN,OVERSIZE HW MAMU,ABU TUA OS PDK S,0,3,0,0,53390,160170,0
Mei-2026,TIGALAPANKAOS POLMAN,OVERSIZE HW MAMU,ABU TUA OS PDK S,0,3,0,0,53603,160809,160170
Jun-2026,TIGALAPANKAOS POLMAN,OVERSIZE HW MAMU,ABU TUA OS PDK S,0,3,0,0,53603,160809,160809
Jul-2026,TIGALAPANKAOS POLMAN,OVERSIZE HW MAMU,ABU TUA OS PDK S,160170,2,0,0,53603,107206,160809
Agu-2026,TIGALAPANKAOS POLMAN,OVERSIZE HW MAMU,ABU TUA OS PDK S,58822,5,0,0,53603,268015,107206
Sep-2026,TIGALAPANKAOS POLMAN,OVERSIZE HW MAMU,ABU TUA OS PDK S,0,4,0,0,53603,214412,268015
Okt-2026,TIGALAPANKAOS POLMAN,OVERSIZE HW MAMU,ABU TUA OS PDK S,0,4,0,0,53603,214412,214412
Jan-2026,TIGALAPANKAOS POLMAN,OVERSIZE HW MAMU,ABU TUA OS PDK XL,61480,1,0,0,61480,61480,0
Feb-2026,TIGALAPANKAOS POLMAN,OVERSIZE HW MAMU,ABU TUA OS PDK XL,0,1,0,0,61480,61480,61480
Mar-2026,TIGALAPANKAOS POLMAN,OVERSIZE HW MAMU,ABU TUA OS PDK XL,0,1,0,0,61480,61480,61480
Apr-2026,TIGALAPANKAOS POLMAN,OVERSIZE HW MAMU,ABU TUA OS PDK XL,0,1,0,0,61480,61480,61480
Mei-2026,TIGALAPANKAOS POLMAN,OVERSIZE HW MAMU,ABU TUA OS PDK XL,0,1,0,0,53390,53390,61480
Jun-2026,TIGALAPANKAOS POLMAN,OVERSIZE HW MAMU,ABU TUA OS PDK XL,0,1,0,0,53390,53390,53390
Jul-2026,TIGALAPANKAOS POLMAN,OVERSIZE HW MAMU,ABU TUA OS PDK XL,0,1,0,0,53390,53390,53390
Agu-2026,TIGALAPANKAOS POLMAN,OVERSIZE HW MAMU,ABU TUA OS PDK XL,0,1,0,0,53390,53390,53390
Sep-2026,TIGALAPANKAOS POLMAN,OVERSIZE HW MAMU,ABU TUA OS PDK XL,61480,0,0,0,61480,0,53390
Jan-2026,TIGALAPANKAOS POLMAN,OVERSIZE HW MAMU,COKLAT TUA OS PDK L,0,2,0,0,56662,113324,0
Feb-2026,TIGALAPANKAOS POLMAN,OVERSIZE HW MAMU,COKLAT TUA OS PDK L,0,2,0,0,56662,113324,113324
Mar-2026,TIGALAPANKAOS POLMAN,OVERSIZE HW MAMU,COKLAT TUA OS PDK L,0,2,0,0,53371,106742,113324
Apr-2026,TIGALAPANKAOS POLMAN,OVERSIZE HW MAMU,COKLAT TUA OS PDK L,0,2,0,0,53371,106742,106742
Mei-2026,TIGALAPANKAOS POLMAN,OVERSIZE HW MAMU,COKLAT TUA OS PDK L,0,2,0,0,53371,106742,106742
Jun-2026,TIGALAPANKAOS POLMAN,OVERSIZE HW MAMU,COKLAT TUA OS PDK L,0,2,0,0,53371,106742,106742
Jul-2026,TIGALAPANKAOS POLMAN,OVERSIZE HW MAMU,COKLAT TUA OS PDK L,0,2,0,0,53371,106742,106742
Agu-2026,TIGALAPANKAOS POLMAN,OVERSIZE HW MAMU,COKLAT TUA OS PDK L,0,2,0,0,53371,106742,106742
Sep-2026,TIGALAPANKAOS POLMAN,OVERSIZE HW MAMU,COKLAT TUA OS PDK L,0,2,0,0,53371,106742,106742
Okt-2026,TIGALAPANKAOS POLMAN,OVERSIZE HW MAMU,COKLAT TUA OS PDK L,0,2,0,0,53371,106742,106742
Jan-2026,TIGALAPANKAOS POLMAN,OVERSIZE HW MAMU,COKLAT TUA OS PDK M,0,3,0,0,56662,169986,0
Feb-2026,TIGALAPANKAOS POLMAN,OVERSIZE HW MAMU,COKLAT TUA OS PDK M,0,3,0,0,56662,169986,169986
Mar-2026,TIGALAPANKAOS POLMAN,OVERSIZE HW MAMU,COKLAT TUA OS PDK M,113324,1,0,0,53371,53371,169986
Apr-2026,TIGALAPANKAOS POLMAN,OVERSIZE HW MAMU,COKLAT TUA OS PDK M,0,3,0,0,53371,160113,53371
Mei-2026,TIGALAPANKAOS POLMAN,OVERSIZE HW MAMU,COKLAT TUA OS PDK M,0,3,0,0,53371,160113,160113
Jun-2026,TIGALAPANKAOS POLMAN,OVERSIZE HW MAMU,COKLAT TUA OS PDK M,0,3,0,0,53371,160113,160113
Jul-2026,TIGALAPANKAOS POLMAN,OVERSIZE HW MAMU,COKLAT TUA OS PDK M,54468,2,0,0,53371,106742,160113
Agu-2026,TIGALAPANKAOS POLMAN,OVERSIZE HW MAMU,COKLAT TUA OS PDK M,53810,5,0,0,53371,266855,106742
Sep-2026,TIGALAPANKAOS POLMAN,OVERSIZE HW MAMU,COKLAT TUA OS PDK M,53810,3,0,0,53371,160113,266855
Okt-2026,TIGALAPANKAOS POLMAN,OVERSIZE HW MAMU,COKLAT TUA OS PDK M,0,3,0,0,53371,160113,160113
Jan-2026,TIGALAPANKAOS POLMAN,OVERSIZE HW MAMU,COKLAT TUA OS PDK S,56662,1,0,0,56662,56662,0
Feb-2026,TIGALAPANKAOS POLMAN,OVERSIZE HW MAMU,COKLAT TUA OS PDK S,0,1,0,0,56662,56662,56662
Mar-2026,TIGALAPANKAOS POLMAN,OVERSIZE HW MAMU,COKLAT TUA OS PDK S,56662,0,0,0,56662,0,56662
Apr-2026,TIGALAPANKAOS POLMAN,OVERSIZE HW MAMU,COKLAT TUA OS PDK S,0,2,0,0,53371,106742,0
Mei-2026,TIGALAPANKAOS POLMAN,OVERSIZE HW MAMU,COKLAT TUA OS PDK S,0,2,0,0,53371,106742,106742
Jun-2026,TIGALAPANKAOS POLMAN,OVERSIZE HW MAMU,COKLAT TUA OS PDK S,53371,1,0,0,53371,53371,106742
Jul-2026,TIGALAPANKAOS POLMAN,OVERSIZE HW MAMU,COKLAT TUA OS PDK S,53371,0,0,0,56662,0,53371
Jan-2026,TIGALAPANKAOS POLMAN,OVERSIZE HW MAMU,COKLAT TUA OS PDK XL,0,1,0,0,56662,56662,0
Feb-2026,TIGALAPANKAOS POLMAN,OVERSIZE HW MAMU,COKLAT TUA OS PDK XL,0,1,0,0,56662,56662,56662
Mar-2026,TIGALAPANKAOS POLMAN,OVERSIZE HW MAMU,COKLAT TUA OS PDK XL,0,1,0,0,56662,56662,56662
Apr-2026,TIGALAPANKAOS POLMAN,OVERSIZE HW MAMU,COKLAT TUA OS PDK XL,0,1,0,0,56662,56662,56662
Mei-2026,TIGALAPANKAOS POLMAN,OVERSIZE HW MAMU,COKLAT TUA OS PDK XL,0,1,0,0,53371,53371,56662
Jun-2026,TIGALAPANKAOS POLMAN,OVERSIZE HW MAMU,COKLAT TUA OS PDK XL,0,1,0,0,53371,53371,53371
Jul-2026,TIGALAPANKAOS POLMAN,OVERSIZE HW MAMU,COKLAT TUA OS PDK XL,0,1,0,0,53371,53371,53371
Agu-2026,TIGALAPANKAOS POLMAN,OVERSIZE HW MAMU,COKLAT TUA OS PDK XL,0,1,0,0,53371,53371,53371
Sep-2026,TIGALAPANKAOS POLMAN,OVERSIZE HW MAMU,COKLAT TUA OS PDK XL,56662,0,0,0,56662,0,53371
Jan-2026,TIGALAPANKAOS POLMAN,OVERSIZE HW MAMU,DENIM BLUE OS PDK L,0,8,0,0,61936,495488,0
Feb-2026,TIGALAPANKAOS POLMAN,OVERSIZE HW MAMU,DENIM BLUE OS PDK L,0,8,0,0,61936,495488,495488
Mar-2026,TIGALAPANKAOS POLMAN,OVERSIZE HW MAMU,DENIM BLUE OS PDK L,0,7,0,0,54461,381227,495488
Apr-2026,TIGALAPANKAOS POLMAN,OVERSIZE HW MAMU,DENIM BLUE OS PDK L,0,7,0,0,54426,380982,381227
Mei-2026,TIGALAPANKAOS POLMAN,OVERSIZE HW MAMU,DENIM BLUE OS PDK L,0,7,0,0,54388,380716,380982
Jun-2026,TIGALAPANKAOS POLMAN,OVERSIZE HW MAMU,DENIM BLUE OS PDK L,0,7,0,0,54388,380716,380716
Jul-2026,TIGALAPANKAOS POLMAN,OVERSIZE HW MAMU,DENIM BLUE OS PDK L,0,7,0,0,54388,380716,380716
Agu-2026,TIGALAPANKAOS POLMAN,OVERSIZE HW MAMU,DENIM BLUE OS PDK L,0,7,0,0,54388,380716,380716
Sep-2026,TIGALAPANKAOS POLMAN,OVERSIZE HW MAMU,DENIM BLUE OS PDK L,0,7,0,0,54388,380716,380716
Okt-2026,TIGALAPANKAOS POLMAN,OVERSIZE HW MAMU,DENIM BLUE OS PDK L,0,7,0,0,54388,380716,380716
Jan-2026,TIGALAPANKAOS POLMAN,OVERSIZE HW MAMU,DENIM BLUE OS PDK M,0,5,0,0,61936,309680,0
Feb-2026,TIGALAPANKAOS POLMAN,OVERSIZE HW MAMU,DENIM BLUE OS PDK M,0,5,0,0,61936,309680,309680
Mar-2026,TIGALAPANKAOS POLMAN,OVERSIZE HW MAMU,DENIM BLUE OS PDK M,0,5,0,0,61936,309680,309680
Apr-2026,TIGALAPANKAOS POLMAN,OVERSIZE HW MAMU,DENIM BLUE OS PDK M,0,5,0,0,54375,271875,309680
Mei-2026,TIGALAPANKAOS POLMAN,OVERSIZE HW MAMU,DENIM BLUE OS PDK M,0,5,0,0,54375,271875,271875
Jun-2026,TIGALAPANKAOS POLMAN,OVERSIZE HW MAMU,DENIM BLUE OS PDK M,61936,4,0,0,54375,217500,271875
Jul-2026,TIGALAPANKAOS POLMAN,OVERSIZE HW MAMU,DENIM BLUE OS PDK M,0,4,0,0,54375,217500,217500
Agu-2026,TIGALAPANKAOS POLMAN,OVERSIZE HW MAMU,DENIM BLUE OS PDK M,0,5,0,0,54375,271875,217500
Sep-2026,TIGALAPANKAOS POLMAN,OVERSIZE HW MAMU,DENIM BLUE OS PDK M,0,5,0,0,54375,271875,271875
Okt-2026,TIGALAPANKAOS POLMAN,OVERSIZE HW MAMU,DENIM BLUE OS PDK M,0,5,0,0,54375,271875,271875
Jan-2026,TIGALAPANKAOS POLMAN,OVERSIZE HW MAMU,DENIM BLUE OS PDK S,0,3,0,0,61936,185808,0
Feb-2026,TIGALAPANKAOS POLMAN,OVERSIZE HW MAMU,DENIM BLUE OS PDK S,61936,2,0,0,61936,123872,185808
Mar-2026,TIGALAPANKAOS POLMAN,OVERSIZE HW MAMU,DENIM BLUE OS PDK S,0,2,0,0,54375,108750,123872
Apr-2026,TIGALAPANKAOS POLMAN,OVERSIZE HW MAMU,DENIM BLUE OS PDK S,0,2,0,0,54375,108750,108750
Mei-2026,TIGALAPANKAOS POLMAN,OVERSIZE HW MAMU,DENIM BLUE OS PDK S,0,2,0,0,54375,108750,108750
Jun-2026,TIGALAPANKAOS POLMAN,OVERSIZE HW MAMU,DENIM BLUE OS PDK S,61936,1,0,0,54375,54375,108750
Jul-2026,TIGALAPANKAOS POLMAN,OVERSIZE HW MAMU,DENIM BLUE OS PDK S,0,1,0,0,54375,54375,54375
Agu-2026,TIGALAPANKAOS POLMAN,OVERSIZE HW MAMU,DENIM BLUE OS PDK S,118744,4,0,0,54375,217500,54375
Sep-2026,TIGALAPANKAOS POLMAN,OVERSIZE HW MAMU,DENIM BLUE OS PDK S,0,3,0,0,54375,163125,217500
Okt-2026,TIGALAPANKAOS POLMAN,OVERSIZE HW MAMU,DENIM BLUE OS PDK S,0,3,0,0,54375,163125,163125
Jan-2026,TIGALAPANKAOS POLMAN,OVERSIZE HW MAMU,DENIM BLUE OS PDK XL,0,6,0,0,61936,371616,0
Feb-2026,TIGALAPANKAOS POLMAN,OVERSIZE HW MAMU,DENIM BLUE OS PDK XL,0,6,0,0,61936,371616,371616
Mar-2026,TIGALAPANKAOS POLMAN,OVERSIZE HW MAMU,DENIM BLUE OS PDK XL,0,5,0,0,53483,267415,371616
Apr-2026,TIGALAPANKAOS POLMAN,OVERSIZE HW MAMU,DENIM BLUE OS PDK XL,0,5,0,0,53483,267415,267415
Mei-2026,TIGALAPANKAOS POLMAN,OVERSIZE HW MAMU,DENIM BLUE OS PDK XL,0,5,0,0,54375,271875,267415
Jun-2026,TIGALAPANKAOS POLMAN,OVERSIZE HW MAMU,DENIM BLUE OS PDK XL,0,5,0,0,54375,271875,271875
Jul-2026,TIGALAPANKAOS POLMAN,OVERSIZE HW MAMU,DENIM BLUE OS PDK XL,0,5,0,0,54375,271875,271875
Agu-2026,TIGALAPANKAOS POLMAN,OVERSIZE HW MAMU,DENIM BLUE OS PDK XL,0,5,0,0,54375,271875,271875
Sep-2026,TIGALAPANKAOS POLMAN,OVERSIZE HW MAMU,DENIM BLUE OS PDK XL,0,5,0,0,54375,271875,271875
Okt-2026,TIGALAPANKAOS POLMAN,OVERSIZE HW MAMU,DENIM BLUE OS PDK XL,0,5,0,0,54375,271875,271875
Jan-2026,TIGALAPANKAOS POLMAN,OVERSIZE HW MAMU,JET BLACK OS PDK L,0,10,0,0,61029,610290,0
Feb-2026,TIGALAPANKAOS POLMAN,OVERSIZE HW MAMU,JET BLACK OS PDK L,0,10,0,0,61029,610290,610290
Mar-2026,TIGALAPANKAOS POLMAN,OVERSIZE HW MAMU,JET BLACK OS PDK L,61029,8,0,0,60919,487352,610290
Apr-2026,TIGALAPANKAOS POLMAN,OVERSIZE HW MAMU,JET BLACK OS PDK L,0,8,0,0,60919,487352,487352
Mei-2026,TIGALAPANKAOS POLMAN,OVERSIZE HW MAMU,JET BLACK OS PDK L,61029,7,0,0,61467,430269,487352
Jun-2026,TIGALAPANKAOS POLMAN,OVERSIZE HW MAMU,JET BLACK OS PDK L,0,7,0,0,61467,430269,430269
Jul-2026,TIGALAPANKAOS POLMAN,OVERSIZE HW MAMU,JET BLACK OS PDK L,61029,7,0,0,61467,430269,430269
Agu-2026,TIGALAPANKAOS POLMAN,OVERSIZE HW MAMU,JET BLACK OS PDK L,61029,5,0,0,61467,307335,430269
Sep-2026,TIGALAPANKAOS POLMAN,OVERSIZE HW MAMU,JET BLACK OS PDK L,0,5,0,0,61467,307335,307335
Okt-2026,TIGALAPANKAOS POLMAN,OVERSIZE HW MAMU,JET BLACK OS PDK L,0,5,0,0,61467,307335,307335
Jan-2026,TIGALAPANKAOS POLMAN,OVERSIZE HW MAMU,JET BLACK OS PDK M,0,10,0,0,61029,610290,0
Feb-2026,TIGALAPANKAOS POLMAN,OVERSIZE HW MAMU,JET BLACK OS PDK M,61029,9,0,0,61029,549261,610290
Mar-2026,TIGALAPANKAOS POLMAN,OVERSIZE HW MAMU,JET BLACK OS PDK M,122058,7,0,0,60919,426433,549261
Apr-2026,TIGALAPANKAOS POLMAN,OVERSIZE HW MAMU,JET BLACK OS PDK M,0,7,0,0,60919,426433,426433
Mei-2026,TIGALAPANKAOS POLMAN,OVERSIZE HW MAMU,JET BLACK OS PDK M,61029,6,0,0,60919,365514,426433
Jun-2026,TIGALAPANKAOS POLMAN,OVERSIZE HW MAMU,JET BLACK OS PDK M,122058,4,0,0,60919,243676,365514
Jul-2026,TIGALAPANKAOS POLMAN,OVERSIZE HW MAMU,JET BLACK OS PDK M,122058,3,0,0,60919,182757,243676
Agu-2026,TIGALAPANKAOS POLMAN,OVERSIZE HW MAMU,JET BLACK OS PDK M,60963,4,0,0,60919,243676,182757
Sep-2026,TIGALAPANKAOS POLMAN,OVERSIZE HW MAMU,JET BLACK OS PDK M,60963,4,0,0,60919,243676,243676
Okt-2026,TIGALAPANKAOS POLMAN,OVERSIZE HW MAMU,JET BLACK OS PDK M,0,3,0,0,60919,182757,243676
Jan-2026,TIGALAPANKAOS POLMAN,OVERSIZE HW MAMU,JET BLACK OS PDK S,0,12,0,0,61029,732348,0
Feb-2026,TIGALAPANKAOS POLMAN,OVERSIZE HW MAMU,JET BLACK OS PDK S,0,12,0,0,61029,732348,732348
Mar-2026,TIGALAPANKAOS POLMAN,OVERSIZE HW MAMU,JET BLACK OS PDK S,60526,10,0,0,60973,609730,732348
Apr-2026,TIGALAPANKAOS POLMAN,OVERSIZE HW MAMU,JET BLACK OS PDK S,60526,9,0,0,60973,548757,609730
Mei-2026,TIGALAPANKAOS POLMAN,OVERSIZE HW MAMU,JET BLACK OS PDK S,0,9,0,0,60973,548757,548757
Jun-2026,TIGALAPANKAOS POLMAN,OVERSIZE HW MAMU,JET BLACK OS PDK S,60526,8,0,0,60973,487784,548757
Jul-2026,TIGALAPANKAOS POLMAN,OVERSIZE HW MAMU,JET BLACK OS PDK S,121052,6,0,0,60973,365838,487784
Agu-2026,TIGALAPANKAOS POLMAN,OVERSIZE HW MAMU,JET BLACK OS PDK S,121052,5,0,0,60973,304865,365838
Sep-2026,TIGALAPANKAOS POLMAN,OVERSIZE HW MAMU,JET BLACK OS PDK S,0,4,0,0,60973,243892,304865
Okt-2026,TIGALAPANKAOS POLMAN,OVERSIZE HW MAMU,JET BLACK OS PDK S,0,4,0,0,60973,243892,243892
Jan-2026,TIGALAPANKAOS POLMAN,OVERSIZE HW MAMU,MINERAL GREEN OS PDK 2XL,0,2,0,0,61488,122976,0
Feb-2026,TIGALAPANKAOS POLMAN,OVERSIZE HW MAMU,MINERAL GREEN OS PDK 2XL,0,2,0,0,61488,122976,122976
Mar-2026,TIGALAPANKAOS POLMAN,OVERSIZE HW MAMU,MINERAL GREEN OS PDK 2XL,0,2,0,0,61488,122976,122976
Apr-2026,TIGALAPANKAOS POLMAN,OVERSIZE HW MAMU,MINERAL GREEN OS PDK 2XL,0,2,0,0,61488,122976,122976
Mei-2026,TIGALAPANKAOS POLMAN,OVERSIZE HW MAMU,MINERAL GREEN OS PDK 2XL,0,2,0,0,56747,113494,122976
Jun-2026,TIGALAPANKAOS POLMAN,OVERSIZE HW MAMU,MINERAL GREEN OS PDK 2XL,0,2,0,0,56747,113494,113494
Jul-2026,TIGALAPANKAOS POLMAN,OVERSIZE HW MAMU,MINERAL GREEN OS PDK 2XL,0,2,0,0,56747,113494,113494
Agu-2026,TIGALAPANKAOS POLMAN,OVERSIZE HW MAMU,MINERAL GREEN OS PDK 2XL,0,2,0,0,56747,113494,113494
Sep-2026,TIGALAPANKAOS POLMAN,OVERSIZE HW MAMU,MINERAL GREEN OS PDK 2XL,0,2,0,0,56747,113494,113494
Okt-2026,TIGALAPANKAOS POLMAN,OVERSIZE HW MAMU,MINERAL GREEN OS PDK 2XL,0,2,0,0,56747,113494,113494
Jan-2026,TIGALAPANKAOS POLMAN,OVERSIZE HW MAMU,MINERAL GREEN OS PDK L,0,6,0,0,61488,368928,0
Feb-2026,TIGALAPANKAOS POLMAN,OVERSIZE HW MAMU,MINERAL GREEN OS PDK L,0,6,0,0,61488,368928,368928
Mar-2026,TIGALAPANKAOS POLMAN,OVERSIZE HW MAMU,MINERAL GREEN OS PDK L,0,6,0,0,56747,340482,368928
Apr-2026,TIGALAPANKAOS POLMAN,OVERSIZE HW MAMU,MINERAL GREEN OS PDK L,0,6,0,0,56747,340482,340482
Mei-2026,TIGALAPANKAOS POLMAN,OVERSIZE HW MAMU,MINERAL GREEN OS PDK L,0,6,0,0,56747,340482,340482
Jun-2026,TIGALAPANKAOS POLMAN,OVERSIZE HW MAMU,MINERAL GREEN OS PDK L,0,6,0,0,56747,340482,340482
Jul-2026,TIGALAPANKAOS POLMAN,OVERSIZE HW MAMU,MINERAL GREEN OS PDK L,0,6,0,0,56747,340482,340482
Agu-2026,TIGALAPANKAOS POLMAN,OVERSIZE HW MAMU,MINERAL GREEN OS PDK L,0,6,0,0,56747,340482,340482
Sep-2026,TIGALAPANKAOS POLMAN,OVERSIZE HW MAMU,MINERAL GREEN OS PDK L,0,6,0,0,56747,340482,340482
Okt-2026,TIGALAPANKAOS POLMAN,OVERSIZE HW MAMU,MINERAL GREEN OS PDK L,0,6,0,0,56747,340482,340482
Jan-2026,TIGALAPANKAOS POLMAN,OVERSIZE HW MAMU,MINERAL GREEN OS PDK M,61488,4,0,0,61488,245952,0
Feb-2026,TIGALAPANKAOS POLMAN,OVERSIZE HW MAMU,MINERAL GREEN OS PDK M,0,4,0,0,61488,245952,245952
Mar-2026,TIGALAPANKAOS POLMAN,OVERSIZE HW MAMU,MINERAL GREEN OS PDK M,0,4,0,0,61488,245952,245952
Apr-2026,TIGALAPANKAOS POLMAN,OVERSIZE HW MAMU,MINERAL GREEN OS PDK M,0,4,0,0,61488,245952,245952
Mei-2026,TIGALAPANKAOS POLMAN,OVERSIZE HW MAMU,MINERAL GREEN OS PDK M,0,4,0,0,56747,226988,245952
Jun-2026,TIGALAPANKAOS POLMAN,OVERSIZE HW MAMU,MINERAL GREEN OS PDK M,0,4,0,0,56747,226988,226988
Jul-2026,TIGALAPANKAOS POLMAN,OVERSIZE HW MAMU,MINERAL GREEN OS PDK M,0,4,0,0,56747,226988,226988
Agu-2026,TIGALAPANKAOS POLMAN,OVERSIZE HW MAMU,MINERAL GREEN OS PDK M,0,4,0,0,56747,226988,226988
Sep-2026,TIGALAPANKAOS POLMAN,OVERSIZE HW MAMU,MINERAL GREEN OS PDK M,0,4,0,0,56747,226988,226988
Okt-2026,TIGALAPANKAOS POLMAN,OVERSIZE HW MAMU,MINERAL GREEN OS PDK M,0,4,0,0,56747,226988,226988
Jan-2026,TIGALAPANKAOS POLMAN,OVERSIZE HW MAMU,MINERAL GREEN OS PDK S,61488,1,0,0,61488,61488,0
Feb-2026,TIGALAPANKAOS POLMAN,OVERSIZE HW MAMU,MINERAL GREEN OS PDK S,0,1,0,0,61488,61488,61488
Mar-2026,TIGALAPANKAOS POLMAN,OVERSIZE HW MAMU,MINERAL GREEN OS PDK S,0,1,0,0,56747,56747,61488
Apr-2026,TIGALAPANKAOS POLMAN,OVERSIZE HW MAMU,MINERAL GREEN OS PDK S,58327,2,0,0,56747,113494,56747
Mei-2026,TIGALAPANKAOS POLMAN,OVERSIZE HW MAMU,MINERAL GREEN OS PDK S,0,2,0,0,56747,113494,113494
Jun-2026,TIGALAPANKAOS POLMAN,OVERSIZE HW MAMU,MINERAL GREEN OS PDK S,0,2,0,0,56747,113494,113494
Jul-2026,TIGALAPANKAOS POLMAN,OVERSIZE HW MAMU,MINERAL GREEN OS PDK S,0,2,0,0,56747,113494,113494
Agu-2026,TIGALAPANKAOS POLMAN,OVERSIZE HW MAMU,MINERAL GREEN OS PDK S,0,3,0,0,56747,170241,113494
Sep-2026,TIGALAPANKAOS POLMAN,OVERSIZE HW MAMU,MINERAL GREEN OS PDK S,0,3,0,0,56747,170241,170241
Okt-2026,TIGALAPANKAOS POLMAN,OVERSIZE HW MAMU,MINERAL GREEN OS PDK S,0,3,0,0,56747,170241,170241
Jan-2026,TIGALAPANKAOS POLMAN,OVERSIZE HW MAMU,MINERAL GREEN OS PDK XL,0,7,0,0,61488,430416,0
Feb-2026,TIGALAPANKAOS POLMAN,OVERSIZE HW MAMU,MINERAL GREEN OS PDK XL,0,7,0,0,61488,430416,430416
Mar-2026,TIGALAPANKAOS POLMAN,OVERSIZE HW MAMU,MINERAL GREEN OS PDK XL,0,6,0,0,63332,379992,430416
Apr-2026,TIGALAPANKAOS POLMAN,OVERSIZE HW MAMU,MINERAL GREEN OS PDK XL,0,6,0,0,63332,379992,379992
Mei-2026,TIGALAPANKAOS POLMAN,OVERSIZE HW MAMU,MINERAL GREEN OS PDK XL,0,6,0,0,56747,340482,379992
Jun-2026,TIGALAPANKAOS POLMAN,OVERSIZE HW MAMU,MINERAL GREEN OS PDK XL,0,6,0,0,56747,340482,340482
Jul-2026,TIGALAPANKAOS POLMAN,OVERSIZE HW MAMU,MINERAL GREEN OS PDK XL,0,6,0,0,56747,340482,340482
Agu-2026,TIGALAPANKAOS POLMAN,OVERSIZE HW MAMU,MINERAL GREEN OS PDK XL,0,6,0,0,56747,340482,340482
Sep-2026,TIGALAPANKAOS POLMAN,OVERSIZE HW MAMU,MINERAL GREEN OS PDK XL,0,6,0,0,56747,340482,340482
Okt-2026,TIGALAPANKAOS POLMAN,OVERSIZE HW MAMU,MINERAL GREEN OS PDK XL,0,6,0,0,56747,340482,340482
Jan-2026,TIGALAPANKAOS POLMAN,OVERSIZE HW MAMU,PUTIH OS PDK L,0,3,0,0,64246,192738,0
Feb-2026,TIGALAPANKAOS POLMAN,OVERSIZE HW MAMU,PUTIH OS PDK L,64246,2,0,0,64246,128492,192738
Mar-2026,TIGALAPANKAOS POLMAN,OVERSIZE HW MAMU,PUTIH OS PDK L,0,2,0,0,51895,103790,128492
Apr-2026,TIGALAPANKAOS POLMAN,OVERSIZE HW MAMU,PUTIH OS PDK L,0,2,0,0,51895,103790,103790
Mei-2026,TIGALAPANKAOS POLMAN,OVERSIZE HW MAMU,PUTIH OS PDK L,0,2,0,0,51895,103790,103790
Jun-2026,TIGALAPANKAOS POLMAN,OVERSIZE HW MAMU,PUTIH OS PDK L,0,2,0,0,51895,103790,103790
Jul-2026,TIGALAPANKAOS POLMAN,OVERSIZE HW MAMU,PUTIH OS PDK L,64246,1,0,0,51895,51895,103790
Agu-2026,TIGALAPANKAOS POLMAN,OVERSIZE HW MAMU,PUTIH OS PDK L,0,5,0,0,51895,259475,51895
Sep-2026,TIGALAPANKAOS POLMAN,OVERSIZE HW MAMU,PUTIH OS PDK L,0,5,0,0,51895,259475,259475
Okt-2026,TIGALAPANKAOS POLMAN,OVERSIZE HW MAMU,PUTIH OS PDK L,0,5,0,0,51895,259475,259475
Jan-2026,TIGALAPANKAOS POLMAN,OVERSIZE HW MAMU,PUTIH OS PDK M,0,4,0,0,64246,256984,0
Feb-2026,TIGALAPANKAOS POLMAN,OVERSIZE HW MAMU,PUTIH OS PDK M,0,4,0,0,64246,256984,256984
Mar-2026,TIGALAPANKAOS POLMAN,OVERSIZE HW MAMU,PUTIH OS PDK M,128492,2,0,0,64246,128492,256984
Apr-2026,TIGALAPANKAOS POLMAN,OVERSIZE HW MAMU,PUTIH OS PDK M,0,2,0,0,64246,128492,128492
Mei-2026,TIGALAPANKAOS POLMAN,OVERSIZE HW MAMU,PUTIH OS PDK M,0,2,0,0,51888,103776,128492
Jun-2026,TIGALAPANKAOS POLMAN,OVERSIZE HW MAMU,PUTIH OS PDK M,0,2,0,0,51888,103776,103776
Jul-2026,TIGALAPANKAOS POLMAN,OVERSIZE HW MAMU,PUTIH OS PDK M,0,2,0,0,51888,103776,103776
Agu-2026,TIGALAPANKAOS POLMAN,OVERSIZE HW MAMU,PUTIH OS PDK M,0,5,0,0,51888,259440,103776
Sep-2026,TIGALAPANKAOS POLMAN,OVERSIZE HW MAMU,PUTIH OS PDK M,0,5,0,0,51888,259440,259440
Okt-2026,TIGALAPANKAOS POLMAN,OVERSIZE HW MAMU,PUTIH OS PDK M,0,5,0,0,51888,259440,259440
Mei-2026,TIGALAPANKAOS POLMAN,OVERSIZE HW MAMU,PUTIH OS PDK S,0,2,0,0,51895,103790,0
Jun-2026,TIGALAPANKAOS POLMAN,OVERSIZE HW MAMU,PUTIH OS PDK S,0,2,0,0,51895,103790,103790
Jul-2026,TIGALAPANKAOS POLMAN,OVERSIZE HW MAMU,PUTIH OS PDK S,103790,0,0,0,64246,0,103790
Agu-2026,TIGALAPANKAOS POLMAN,OVERSIZE HW MAMU,PUTIH OS PDK S,0,5,0,0,51895,259475,0
Sep-2026,TIGALAPANKAOS POLMAN,OVERSIZE HW MAMU,PUTIH OS PDK S,0,5,0,0,51895,259475,259475
Okt-2026,TIGALAPANKAOS POLMAN,OVERSIZE HW MAMU,PUTIH OS PDK S,0,5,0,0,51895,259475,259475
Jan-2026,TIGALAPANKAOS POLMAN,OVERSIZE HW MAMU,PUTIH OS PDK XL,0,6,0,0,64246,385476,0
Feb-2026,TIGALAPANKAOS POLMAN,OVERSIZE HW MAMU,PUTIH OS PDK XL,0,6,0,0,64246,385476,385476
Mar-2026,TIGALAPANKAOS POLMAN,OVERSIZE HW MAMU,PUTIH OS PDK XL,51167,4,0,0,51167,204668,385476
Apr-2026,TIGALAPANKAOS POLMAN,OVERSIZE HW MAMU,PUTIH OS PDK XL,0,4,0,0,51167,204668,204668
Mei-2026,TIGALAPANKAOS POLMAN,OVERSIZE HW MAMU,PUTIH OS PDK XL,0,4,0,0,51895,207580,204668
Jun-2026,TIGALAPANKAOS POLMAN,OVERSIZE HW MAMU,PUTIH OS PDK XL,0,4,0,0,51895,207580,207580
Jul-2026,TIGALAPANKAOS POLMAN,OVERSIZE HW MAMU,PUTIH OS PDK XL,0,4,0,0,51895,207580,207580
Agu-2026,TIGALAPANKAOS POLMAN,OVERSIZE HW MAMU,PUTIH OS PDK XL,51167,3,0,0,51895,155685,207580
Sep-2026,TIGALAPANKAOS POLMAN,OVERSIZE HW MAMU,PUTIH OS PDK XL,0,3,0,0,51895,155685,155685
Okt-2026,TIGALAPANKAOS POLMAN,OVERSIZE HW MAMU,PUTIH OS PDK XL,0,3,0,0,51895,155685,155685
Jan-2026,TIGALAPANKAOS SAMARINDA,OVERSIZE HW MAMU,ABU TUA OS PDK L,0,4,0,0,61480,245920,0
Feb-2026,TIGALAPANKAOS SAMARINDA,OVERSIZE HW MAMU,ABU TUA OS PDK L,0,4,0,0,61480,245920,245920
Mar-2026,TIGALAPANKAOS SAMARINDA,OVERSIZE HW MAMU,ABU TUA OS PDK L,0,4,0,0,56108,224432,245920
Apr-2026,TIGALAPANKAOS SAMARINDA,OVERSIZE HW MAMU,ABU TUA OS PDK L,0,10,5,0,53390,800850,224432
Mei-2026,TIGALAPANKAOS SAMARINDA,OVERSIZE HW MAMU,ABU TUA OS PDK L,55547,14,0,0,53390,747460,800850
Jun-2026,TIGALAPANKAOS SAMARINDA,OVERSIZE HW MAMU,ABU TUA OS PDK L,55547,13,0,0,53390,694070,747460
Jul-2026,TIGALAPANKAOS SAMARINDA,OVERSIZE HW MAMU,ABU TUA OS PDK L,0,13,0,0,53390,694070,694070
Agu-2026,TIGALAPANKAOS SAMARINDA,OVERSIZE HW MAMU,ABU TUA OS PDK L,0,13,0,0,53390,694070,694070
Sep-2026,TIGALAPANKAOS SAMARINDA,OVERSIZE HW MAMU,ABU TUA OS PDK L,0,13,0,0,53390,694070,694070
Okt-2026,TIGALAPANKAOS SAMARINDA,OVERSIZE HW MAMU,ABU TUA OS PDK L,0,13,0,0,53390,694070,694070
Jan-2026,TIGALAPANKAOS SAMARINDA,OVERSIZE HW MAMU,ABU TUA OS PDK M,61480,7,0,0,61480,430360,0
Feb-2026,TIGALAPANKAOS SAMARINDA,OVERSIZE HW MAMU,ABU TUA OS PDK M,122960,6,0,0,61480,368880,430360
Mar-2026,TIGALAPANKAOS SAMARINDA,OVERSIZE HW MAMU,ABU TUA OS PDK M,0,5,0,0,61480,307400,368880
Apr-2026,TIGALAPANKAOS SAMARINDA,OVERSIZE HW MAMU,ABU TUA OS PDK M,0,15,0,0,53390,800850,307400
Mei-2026,TIGALAPANKAOS SAMARINDA,OVERSIZE HW MAMU,ABU TUA OS PDK M,0,15,0,0,53390,800850,800850
Jun-2026,TIGALAPANKAOS SAMARINDA,OVERSIZE HW MAMU,ABU TUA OS PDK M,56087,14,0,0,53390,747460,800850
Jul-2026,TIGALAPANKAOS SAMARINDA,OVERSIZE HW MAMU,ABU TUA OS PDK M,0,14,0,0,53390,747460,747460
Agu-2026,TIGALAPANKAOS SAMARINDA,OVERSIZE HW MAMU,ABU TUA OS PDK M,0,14,0,0,53390,747460,747460
Sep-2026,TIGALAPANKAOS SAMARINDA,OVERSIZE HW MAMU,ABU TUA OS PDK M,56087,13,0,0,53390,694070,747460
Okt-2026,TIGALAPANKAOS SAMARINDA,OVERSIZE HW MAMU,ABU TUA OS PDK M,0,13,0,0,53390,694070,694070
Jan-2026,TIGALAPANKAOS SAMARINDA,OVERSIZE HW MAMU,ABU TUA OS PDK S,0,3,0,0,61480,184440,0
Feb-2026,TIGALAPANKAOS SAMARINDA,OVERSIZE HW MAMU,ABU TUA OS PDK S,0,3,0,0,61480,184440,184440
Mar-2026,TIGALAPANKAOS SAMARINDA,OVERSIZE HW MAMU,ABU TUA OS PDK S,0,3,0,0,53390,160170,184440
Apr-2026,TIGALAPANKAOS SAMARINDA,OVERSIZE HW MAMU,ABU TUA OS PDK S,0,10,5,0,53390,800850,160170
Mei-2026,TIGALAPANKAOS SAMARINDA,OVERSIZE HW MAMU,ABU TUA OS PDK S,55008,9,0,0,53603,482427,800850
Jun-2026,TIGALAPANKAOS SAMARINDA,OVERSIZE HW MAMU,ABU TUA OS PDK S,55008,8,0,0,53603,428824,482427
Jul-2026,TIGALAPANKAOS SAMARINDA,OVERSIZE HW MAMU,ABU TUA OS PDK S,55008,7,0,0,53603,375221,428824
Agu-2026,TIGALAPANKAOS SAMARINDA,OVERSIZE HW MAMU,ABU TUA OS PDK S,0,7,0,0,53603,375221,375221
Sep-2026,TIGALAPANKAOS SAMARINDA,OVERSIZE HW MAMU,ABU TUA OS PDK S,0,7,0,0,53603,375221,375221
Okt-2026,TIGALAPANKAOS SAMARINDA,OVERSIZE HW MAMU,ABU TUA OS PDK S,0,7,0,0,53603,375221,375221
Jan-2026,TIGALAPANKAOS SAMARINDA,OVERSIZE HW MAMU,ABU TUA OS PDK XL,0,2,0,0,61480,122960,0
Feb-2026,TIGALAPANKAOS SAMARINDA,OVERSIZE HW MAMU,ABU TUA OS PDK XL,0,2,0,0,61480,122960,122960
Mar-2026,TIGALAPANKAOS SAMARINDA,OVERSIZE HW MAMU,ABU TUA OS PDK XL,0,2,0,0,61480,122960,122960
Apr-2026,TIGALAPANKAOS SAMARINDA,OVERSIZE HW MAMU,ABU TUA OS PDK XL,0,2,0,0,61480,122960,122960
Mei-2026,TIGALAPANKAOS SAMARINDA,OVERSIZE HW MAMU,ABU TUA OS PDK XL,0,2,0,0,53390,106780,122960
Jun-2026,TIGALAPANKAOS SAMARINDA,OVERSIZE HW MAMU,ABU TUA OS PDK XL,61480,1,0,0,53390,53390,106780
Jul-2026,TIGALAPANKAOS SAMARINDA,OVERSIZE HW MAMU,ABU TUA OS PDK XL,0,1,0,0,53390,53390,53390
Agu-2026,TIGALAPANKAOS SAMARINDA,OVERSIZE HW MAMU,ABU TUA OS PDK XL,61480,0,0,0,61480,0,53390
Jan-2026,TIGALAPANKAOS SAMARINDA,OVERSIZE HW MAMU,COKLAT TUA OS PDK L,0,2,0,0,56662,113324,0
Feb-2026,TIGALAPANKAOS SAMARINDA,OVERSIZE HW MAMU,COKLAT TUA OS PDK L,0,2,0,0,56662,113324,113324
Mar-2026,TIGALAPANKAOS SAMARINDA,OVERSIZE HW MAMU,COKLAT TUA OS PDK L,56662,1,0,0,53371,53371,113324
Apr-2026,TIGALAPANKAOS SAMARINDA,OVERSIZE HW MAMU,COKLAT TUA OS PDK L,0,10,5,0,53371,800565,53371
Mei-2026,TIGALAPANKAOS SAMARINDA,OVERSIZE HW MAMU,COKLAT TUA OS PDK L,53590,14,0,0,53371,747194,800565
Jun-2026,TIGALAPANKAOS SAMARINDA,OVERSIZE HW MAMU,COKLAT TUA OS PDK L,160770,11,0,0,53371,587081,747194
Jul-2026,TIGALAPANKAOS SAMARINDA,OVERSIZE HW MAMU,COKLAT TUA OS PDK L,0,11,0,0,53371,587081,587081
Agu-2026,TIGALAPANKAOS SAMARINDA,OVERSIZE HW MAMU,COKLAT TUA OS PDK L,0,11,0,0,53371,587081,587081
Sep-2026,TIGALAPANKAOS SAMARINDA,OVERSIZE HW MAMU,COKLAT TUA OS PDK L,53590,11,0,0,53371,587081,587081
Okt-2026,TIGALAPANKAOS SAMARINDA,OVERSIZE HW MAMU,COKLAT TUA OS PDK L,0,10,0,0,53371,533710,587081
Jan-2026,TIGALAPANKAOS SAMARINDA,OVERSIZE HW MAMU,COKLAT TUA OS PDK M,56662,2,0,0,56662,113324,0
Feb-2026,TIGALAPANKAOS SAMARINDA,OVERSIZE HW MAMU,COKLAT TUA OS PDK M,56662,1,0,0,56662,56662,113324
Mar-2026,TIGALAPANKAOS SAMARINDA,OVERSIZE HW MAMU,COKLAT TUA OS PDK M,0,1,0,0,53371,53371,56662
Apr-2026,TIGALAPANKAOS SAMARINDA,OVERSIZE HW MAMU,COKLAT TUA OS PDK M,53700,9,10,0,53371,1014049,53371
Mei-2026,TIGALAPANKAOS SAMARINDA,OVERSIZE HW MAMU,COKLAT TUA OS PDK M,53527,18,0,0,53371,960678,1014049
Jun-2026,TIGALAPANKAOS SAMARINDA,OVERSIZE HW MAMU,COKLAT TUA OS PDK M,53527,17,0,0,53371,907307,960678
Jul-2026,TIGALAPANKAOS SAMARINDA,OVERSIZE HW MAMU,COKLAT TUA OS PDK M,53527,16,0,0,53371,853936,907307
Agu-2026,TIGALAPANKAOS SAMARINDA,OVERSIZE HW MAMU,COKLAT TUA OS PDK M,0,16,0,0,53371,853936,853936
Sep-2026,TIGALAPANKAOS SAMARINDA,OVERSIZE HW MAMU,COKLAT TUA OS PDK M,0,16,0,0,53371,853936,853936
Okt-2026,TIGALAPANKAOS SAMARINDA,OVERSIZE HW MAMU,COKLAT TUA OS PDK M,0,16,0,0,53371,853936,853936
Jan-2026,TIGALAPANKAOS SAMARINDA,OVERSIZE HW MAMU,COKLAT TUA OS PDK S,0,2,0,0,56662,113324,0
Feb-2026,TIGALAPANKAOS SAMARINDA,OVERSIZE HW MAMU,COKLAT TUA OS PDK S,0,2,0,0,56662,113324,113324
Mar-2026,TIGALAPANKAOS SAMARINDA,OVERSIZE HW MAMU,COKLAT TUA OS PDK S,0,2,0,0,53371,106742,113324
Apr-2026,TIGALAPANKAOS SAMARINDA,OVERSIZE HW MAMU,COKLAT TUA OS PDK S,0,10,5,0,53371,800565,106742
Mei-2026,TIGALAPANKAOS SAMARINDA,OVERSIZE HW MAMU,COKLAT TUA OS PDK S,53810,14,0,0,53371,747194,800565
Jun-2026,TIGALAPANKAOS SAMARINDA,OVERSIZE HW MAMU,COKLAT TUA OS PDK S,53810,13,0,0,53371,693823,747194
Jul-2026,TIGALAPANKAOS SAMARINDA,OVERSIZE HW MAMU,COKLAT TUA OS PDK S,0,13,0,0,53371,693823,693823
Agu-2026,TIGALAPANKAOS SAMARINDA,OVERSIZE HW MAMU,COKLAT TUA OS PDK S,0,13,0,0,53371,693823,693823
Sep-2026,TIGALAPANKAOS SAMARINDA,OVERSIZE HW MAMU,COKLAT TUA OS PDK S,107620,11,0,0,53371,587081,693823
Okt-2026,TIGALAPANKAOS SAMARINDA,OVERSIZE HW MAMU,COKLAT TUA OS PDK S,0,11,0,0,53371,587081,587081
Jan-2026,TIGALAPANKAOS SAMARINDA,OVERSIZE HW MAMU,COKLAT TUA OS PDK XL,0,1,0,0,56662,56662,0
Feb-2026,TIGALAPANKAOS SAMARINDA,OVERSIZE HW MAMU,COKLAT TUA OS PDK XL,56662,0,0,0,56662,0,56662
Apr-2026,TIGALAPANKAOS SAMARINDA,OVERSIZE HW MAMU,COKLAT TUA OS PDK XL,0,0,5,0,56662,283310,0
Mei-2026,TIGALAPANKAOS SAMARINDA,OVERSIZE HW MAMU,COKLAT TUA OS PDK XL,53371,4,0,0,53371,213484,283310
Jun-2026,TIGALAPANKAOS SAMARINDA,OVERSIZE HW MAMU,COKLAT TUA OS PDK XL,53371,3,0,0,53371,160113,213484
Jul-2026,TIGALAPANKAOS SAMARINDA,OVERSIZE HW MAMU,COKLAT TUA OS PDK XL,0,3,0,0,53371,160113,160113
Agu-2026,TIGALAPANKAOS SAMARINDA,OVERSIZE HW MAMU,COKLAT TUA OS PDK XL,53371,3,0,0,53371,160113,160113
Sep-2026,TIGALAPANKAOS SAMARINDA,OVERSIZE HW MAMU,COKLAT TUA OS PDK XL,0,2,0,0,53371,106742,160113
Okt-2026,TIGALAPANKAOS SAMARINDA,OVERSIZE HW MAMU,COKLAT TUA OS PDK XL,0,2,0,0,53371,106742,106742
Apr-2026,TIGALAPANKAOS SAMARINDA,OVERSIZE HW MAMU,DENIM BLUE OS PDK 2XL,0,10,0,0,61936,619360,0
Mei-2026,TIGALAPANKAOS SAMARINDA,OVERSIZE HW MAMU,DENIM BLUE OS PDK 2XL,0,10,0,0,54375,543750,619360
Jun-2026,TIGALAPANKAOS SAMARINDA,OVERSIZE HW MAMU,DENIM BLUE OS PDK 2XL,108750,8,0,0,54375,435000,543750
Jul-2026,TIGALAPANKAOS SAMARINDA,OVERSIZE HW MAMU,DENIM BLUE OS PDK 2XL,0,8,0,0,54375,435000,435000
Agu-2026,TIGALAPANKAOS SAMARINDA,OVERSIZE HW MAMU,DENIM BLUE OS PDK 2XL,0,8,0,0,54375,435000,435000
Sep-2026,TIGALAPANKAOS SAMARINDA,OVERSIZE HW MAMU,DENIM BLUE OS PDK 2XL,0,8,0,0,54375,435000,435000
Okt-2026,TIGALAPANKAOS SAMARINDA,OVERSIZE HW MAMU,DENIM BLUE OS PDK 2XL,0,8,0,0,54375,435000,435000
Jan-2026,TIGALAPANKAOS SAMARINDA,OVERSIZE HW MAMU,DENIM BLUE OS PDK L,0,5,0,0,61936,309680,0
Feb-2026,TIGALAPANKAOS SAMARINDA,OVERSIZE HW MAMU,DENIM BLUE OS PDK L,0,5,0,0,61936,309680,309680
Mar-2026,TIGALAPANKAOS SAMARINDA,OVERSIZE HW MAMU,DENIM BLUE OS PDK L,0,4,0,0,54461,217844,309680
Apr-2026,TIGALAPANKAOS SAMARINDA,OVERSIZE HW MAMU,DENIM BLUE OS PDK L,0,10,5,0,54426,816390,217844
Mei-2026,TIGALAPANKAOS SAMARINDA,OVERSIZE HW MAMU,DENIM BLUE OS PDK L,112802,13,0,0,54388,707044,816390
Jun-2026,TIGALAPANKAOS SAMARINDA,OVERSIZE HW MAMU,DENIM BLUE OS PDK L,56401,12,0,0,54388,652656,707044
Jul-2026,TIGALAPANKAOS SAMARINDA,OVERSIZE HW MAMU,DENIM BLUE OS PDK L,0,12,0,0,54388,652656,652656
Agu-2026,TIGALAPANKAOS SAMARINDA,OVERSIZE HW MAMU,DENIM BLUE OS PDK L,0,12,0,0,54388,652656,652656
Sep-2026,TIGALAPANKAOS SAMARINDA,OVERSIZE HW MAMU,DENIM BLUE OS PDK L,0,12,0,0,54388,652656,652656
Okt-2026,TIGALAPANKAOS SAMARINDA,OVERSIZE HW MAMU,DENIM BLUE OS PDK L,0,12,0,0,54388,652656,652656
Jan-2026,TIGALAPANKAOS SAMARINDA,OVERSIZE HW MAMU,DENIM BLUE OS PDK M,0,15,0,0,61936,929040,0
Feb-2026,TIGALAPANKAOS SAMARINDA,OVERSIZE HW MAMU,DENIM BLUE OS PDK M,61936,14,0,0,61936,867104,929040
Mar-2026,TIGALAPANKAOS SAMARINDA,OVERSIZE HW MAMU,DENIM BLUE OS PDK M,0,14,0,0,61936,867104,867104
Apr-2026,TIGALAPANKAOS SAMARINDA,OVERSIZE HW MAMU,DENIM BLUE OS PDK M,0,28,0,0,54375,1522500,867104
Mei-2026,TIGALAPANKAOS SAMARINDA,OVERSIZE HW MAMU,DENIM BLUE OS PDK M,0,28,0,0,54375,1522500,1522500
Jun-2026,TIGALAPANKAOS SAMARINDA,OVERSIZE HW MAMU,DENIM BLUE OS PDK M,0,28,0,0,54375,1522500,1522500
Jul-2026,TIGALAPANKAOS SAMARINDA,OVERSIZE HW MAMU,DENIM BLUE OS PDK M,0,28,0,0,54375,1522500,1522500
Agu-2026,TIGALAPANKAOS SAMARINDA,OVERSIZE HW MAMU,DENIM BLUE OS PDK M,0,28,0,0,54375,1522500,1522500
Sep-2026,TIGALAPANKAOS SAMARINDA,OVERSIZE HW MAMU,DENIM BLUE OS PDK M,0,28,0,0,54375,1522500,1522500
Okt-2026,TIGALAPANKAOS SAMARINDA,OVERSIZE HW MAMU,DENIM BLUE OS PDK M,0,28,0,0,54375,1522500,1522500
Jan-2026,TIGALAPANKAOS SAMARINDA,OVERSIZE HW MAMU,DENIM BLUE OS PDK S,0,3,0,0,61936,185808,0
Feb-2026,TIGALAPANKAOS SAMARINDA,OVERSIZE HW MAMU,DENIM BLUE OS PDK S,0,3,0,0,61936,185808,185808
Mar-2026,TIGALAPANKAOS SAMARINDA,OVERSIZE HW MAMU,DENIM BLUE OS PDK S,0,3,0,0,54375,163125,185808
Apr-2026,TIGALAPANKAOS SAMARINDA,OVERSIZE HW MAMU,DENIM BLUE OS PDK S,0,10,5,0,54375,815625,163125
Mei-2026,TIGALAPANKAOS SAMARINDA,OVERSIZE HW MAMU,DENIM BLUE OS PDK S,55887,14,0,0,54375,761250,815625
Jun-2026,TIGALAPANKAOS SAMARINDA,OVERSIZE HW MAMU,DENIM BLUE OS PDK S,0,14,0,0,54375,761250,761250
Jul-2026,TIGALAPANKAOS SAMARINDA,OVERSIZE HW MAMU,DENIM BLUE OS PDK S,0,14,0,0,54375,761250,761250
Agu-2026,TIGALAPANKAOS SAMARINDA,OVERSIZE HW MAMU,DENIM BLUE OS PDK S,0,14,0,0,54375,761250,761250
Sep-2026,TIGALAPANKAOS SAMARINDA,OVERSIZE HW MAMU,DENIM BLUE OS PDK S,0,14,0,0,54375,761250,761250
Okt-2026,TIGALAPANKAOS SAMARINDA,OVERSIZE HW MAMU,DENIM BLUE OS PDK S,0,14,0,0,54375,761250,761250
Jan-2026,TIGALAPANKAOS SAMARINDA,OVERSIZE HW MAMU,DENIM BLUE OS PDK XL,0,2,0,0,61936,123872,0
Feb-2026,TIGALAPANKAOS SAMARINDA,OVERSIZE HW MAMU,DENIM BLUE OS PDK XL,0,2,0,0,61936,123872,123872
Mar-2026,TIGALAPANKAOS SAMARINDA,OVERSIZE HW MAMU,DENIM BLUE OS PDK XL,0,2,0,0,53483,106966,123872
Apr-2026,TIGALAPANKAOS SAMARINDA,OVERSIZE HW MAMU,DENIM BLUE OS PDK XL,111774,8,0,0,53483,427864,106966
Mei-2026,TIGALAPANKAOS SAMARINDA,OVERSIZE HW MAMU,DENIM BLUE OS PDK XL,0,8,0,0,54375,435000,427864
Jun-2026,TIGALAPANKAOS SAMARINDA,OVERSIZE HW MAMU,DENIM BLUE OS PDK XL,0,8,0,0,54375,435000,435000
Jul-2026,TIGALAPANKAOS SAMARINDA,OVERSIZE HW MAMU,DENIM BLUE OS PDK XL,0,8,0,0,54375,435000,435000
Agu-2026,TIGALAPANKAOS SAMARINDA,OVERSIZE HW MAMU,DENIM BLUE OS PDK XL,0,8,0,0,54375,435000,435000
Sep-2026,TIGALAPANKAOS SAMARINDA,OVERSIZE HW MAMU,DENIM BLUE OS PDK XL,0,8,0,0,54375,435000,435000
Okt-2026,TIGALAPANKAOS SAMARINDA,OVERSIZE HW MAMU,DENIM BLUE OS PDK XL,0,8,0,0,54375,435000,435000
Apr-2026,TIGALAPANKAOS SAMARINDA,OVERSIZE HW MAMU,JET BLACK OS PDK 2XL,0,0,5,0,58009,290045,0
Mei-2026,TIGALAPANKAOS SAMARINDA,OVERSIZE HW MAMU,JET BLACK OS PDK 2XL,61470,4,0,0,61470,245880,290045
Jun-2026,TIGALAPANKAOS SAMARINDA,OVERSIZE HW MAMU,JET BLACK OS PDK 2XL,61470,3,0,0,61470,184410,245880
Jul-2026,TIGALAPANKAOS SAMARINDA,OVERSIZE HW MAMU,JET BLACK OS PDK 2XL,0,3,0,0,61470,184410,184410
Agu-2026,TIGALAPANKAOS SAMARINDA,OVERSIZE HW MAMU,JET BLACK OS PDK 2XL,122940,2,0,0,61470,122940,184410
Sep-2026,TIGALAPANKAOS SAMARINDA,OVERSIZE HW MAMU,JET BLACK OS PDK 2XL,61470,0,0,0,58009,0,122940
Jan-2026,TIGALAPANKAOS SAMARINDA,OVERSIZE HW MAMU,JET BLACK OS PDK L,116018,1,5,0,61029,366174,0
Feb-2026,TIGALAPANKAOS SAMARINDA,OVERSIZE HW MAMU,JET BLACK OS PDK L,0,6,10,0,61029,976464,366174
Mar-2026,TIGALAPANKAOS SAMARINDA,OVERSIZE HW MAMU,JET BLACK OS PDK L,0,15,0,0,60919,913785,976464
Apr-2026,TIGALAPANKAOS SAMARINDA,OVERSIZE HW MAMU,JET BLACK OS PDK L,0,30,0,0,60919,1827570,913785
Mei-2026,TIGALAPANKAOS SAMARINDA,OVERSIZE HW MAMU,JET BLACK OS PDK L,61141,29,0,0,61467,1782543,1827570
Jun-2026,TIGALAPANKAOS SAMARINDA,OVERSIZE HW MAMU,JET BLACK OS PDK L,0,29,0,0,61467,1782543,1782543
Jul-2026,TIGALAPANKAOS SAMARINDA,OVERSIZE HW MAMU,JET BLACK OS PDK L,61141,29,0,0,61467,1782543,1782543
Agu-2026,TIGALAPANKAOS SAMARINDA,OVERSIZE HW MAMU,JET BLACK OS PDK L,0,28,0,0,61467,1721076,1782543
Sep-2026,TIGALAPANKAOS SAMARINDA,OVERSIZE HW MAMU,JET BLACK OS PDK L,0,28,0,0,61467,1721076,1721076
Okt-2026,TIGALAPANKAOS SAMARINDA,OVERSIZE HW MAMU,JET BLACK OS PDK L,244564,28,0,0,61467,1721076,1721076
Jan-2026,TIGALAPANKAOS SAMARINDA,OVERSIZE HW MAMU,JET BLACK OS PDK M,58009,4,5,0,61029,549261,0
Feb-2026,TIGALAPANKAOS SAMARINDA,OVERSIZE HW MAMU,JET BLACK OS PDK M,0,9,10,0,61029,1159551,549261
Mar-2026,TIGALAPANKAOS SAMARINDA,OVERSIZE HW MAMU,JET BLACK OS PDK M,0,19,0,0,60919,1157461,1159551
Apr-2026,TIGALAPANKAOS SAMARINDA,OVERSIZE HW MAMU,JET BLACK OS PDK M,0,38,0,0,60919,2314922,1157461
Mei-2026,TIGALAPANKAOS SAMARINDA,OVERSIZE HW MAMU,JET BLACK OS PDK M,121090,36,0,0,60919,2193084,2314922
Jun-2026,TIGALAPANKAOS SAMARINDA,OVERSIZE HW MAMU,JET BLACK OS PDK M,0,36,0,0,60919,2193084,2193084
Jul-2026,TIGALAPANKAOS SAMARINDA,OVERSIZE HW MAMU,JET BLACK OS PDK M,0,36,0,0,60919,2193084,2193084
Agu-2026,TIGALAPANKAOS SAMARINDA,OVERSIZE HW MAMU,JET BLACK OS PDK M,121090,35,0,0,60919,2132165,2193084
Sep-2026,TIGALAPANKAOS SAMARINDA,OVERSIZE HW MAMU,JET BLACK OS PDK M,60545,33,0,0,60919,2010327,2132165
Okt-2026,TIGALAPANKAOS SAMARINDA,OVERSIZE HW MAMU,JET BLACK OS PDK M,121090,33,0,0,60919,2010327,2010327
Jan-2026,TIGALAPANKAOS SAMARINDA,OVERSIZE HW MAMU,JET BLACK OS PDK S,0,5,5,0,61029,610290,0
Feb-2026,TIGALAPANKAOS SAMARINDA,OVERSIZE HW MAMU,JET BLACK OS PDK S,0,10,10,0,61029,1220580,610290
Mar-2026,TIGALAPANKAOS SAMARINDA,OVERSIZE HW MAMU,JET BLACK OS PDK S,60072,19,0,0,60973,1158487,1220580
Apr-2026,TIGALAPANKAOS SAMARINDA,OVERSIZE HW MAMU,JET BLACK OS PDK S,0,38,0,0,60973,2316974,1158487
Mei-2026,TIGALAPANKAOS SAMARINDA,OVERSIZE HW MAMU,JET BLACK OS PDK S,0,38,0,0,60973,2316974,2316974
Jun-2026,TIGALAPANKAOS SAMARINDA,OVERSIZE HW MAMU,JET BLACK OS PDK S,60523,37,0,0,60973,2256001,2316974
Jul-2026,TIGALAPANKAOS SAMARINDA,OVERSIZE HW MAMU,JET BLACK OS PDK S,0,37,0,0,60973,2256001,2256001
Agu-2026,TIGALAPANKAOS SAMARINDA,OVERSIZE HW MAMU,JET BLACK OS PDK S,0,37,0,0,60973,2256001,2256001
Sep-2026,TIGALAPANKAOS SAMARINDA,OVERSIZE HW MAMU,JET BLACK OS PDK S,60523,36,0,0,60973,2195028,2256001
Okt-2026,TIGALAPANKAOS SAMARINDA,OVERSIZE HW MAMU,JET BLACK OS PDK S,0,36,0,0,60973,2195028,2195028
Jan-2026,TIGALAPANKAOS SAMARINDA,OVERSIZE HW MAMU,JET BLACK OS PDK XL,58009,1,0,0,58009,58009,0
Feb-2026,TIGALAPANKAOS SAMARINDA,OVERSIZE HW MAMU,JET BLACK OS PDK XL,0,1,0,0,58009,58009,58009
Mar-2026,TIGALAPANKAOS SAMARINDA,OVERSIZE HW MAMU,JET BLACK OS PDK XL,58009,0,0,0,58009,0,58009
Apr-2026,TIGALAPANKAOS SAMARINDA,OVERSIZE HW MAMU,JET BLACK OS PDK XL,0,0,5,0,58009,290045,0
Mei-2026,TIGALAPANKAOS SAMARINDA,OVERSIZE HW MAMU,JET BLACK OS PDK XL,0,5,0,0,61470,307350,290045
Jun-2026,TIGALAPANKAOS SAMARINDA,OVERSIZE HW MAMU,JET BLACK OS PDK XL,61470,4,0,0,61470,245880,307350
Jul-2026,TIGALAPANKAOS SAMARINDA,OVERSIZE HW MAMU,JET BLACK OS PDK XL,0,4,0,0,61470,245880,245880
Agu-2026,TIGALAPANKAOS SAMARINDA,OVERSIZE HW MAMU,JET BLACK OS PDK XL,0,4,0,0,61470,245880,245880
Sep-2026,TIGALAPANKAOS SAMARINDA,OVERSIZE HW MAMU,JET BLACK OS PDK XL,0,4,0,0,61470,245880,245880
Okt-2026,TIGALAPANKAOS SAMARINDA,OVERSIZE HW MAMU,JET BLACK OS PDK XL,245880,4,0,0,61470,245880,245880
Jan-2026,TIGALAPANKAOS SAMARINDA,OVERSIZE HW MAMU,MINERAL GREEN OS PDK 2XL,0,1,0,0,61488,61488,0
Feb-2026,TIGALAPANKAOS SAMARINDA,OVERSIZE HW MAMU,MINERAL GREEN OS PDK 2XL,0,1,0,0,61488,61488,61488
Mar-2026,TIGALAPANKAOS SAMARINDA,OVERSIZE HW MAMU,MINERAL GREEN OS PDK 2XL,0,1,0,0,61488,61488,61488
Apr-2026,TIGALAPANKAOS SAMARINDA,OVERSIZE HW MAMU,MINERAL GREEN OS PDK 2XL,0,1,0,0,61488,61488,61488
Mei-2026,TIGALAPANKAOS SAMARINDA,OVERSIZE HW MAMU,MINERAL GREEN OS PDK 2XL,0,1,0,0,56747,56747,61488
Jun-2026,TIGALAPANKAOS SAMARINDA,OVERSIZE HW MAMU,MINERAL GREEN OS PDK 2XL,0,1,0,0,56747,56747,56747
Jul-2026,TIGALAPANKAOS SAMARINDA,OVERSIZE HW MAMU,MINERAL GREEN OS PDK 2XL,0,1,0,0,56747,56747,56747
Agu-2026,TIGALAPANKAOS SAMARINDA,OVERSIZE HW MAMU,MINERAL GREEN OS PDK 2XL,0,1,0,0,56747,56747,56747
Sep-2026,TIGALAPANKAOS SAMARINDA,OVERSIZE HW MAMU,MINERAL GREEN OS PDK 2XL,0,1,0,0,56747,56747,56747
Okt-2026,TIGALAPANKAOS SAMARINDA,OVERSIZE HW MAMU,MINERAL GREEN OS PDK 2XL,0,1,0,0,56747,56747,56747
Jan-2026,TIGALAPANKAOS SAMARINDA,OVERSIZE HW MAMU,MINERAL GREEN OS PDK L,0,2,0,0,61488,122976,0
Feb-2026,TIGALAPANKAOS SAMARINDA,OVERSIZE HW MAMU,MINERAL GREEN OS PDK L,0,2,0,0,61488,122976,122976
Mar-2026,TIGALAPANKAOS SAMARINDA,OVERSIZE HW MAMU,MINERAL GREEN OS PDK L,0,2,0,0,56747,113494,122976
Apr-2026,TIGALAPANKAOS SAMARINDA,OVERSIZE HW MAMU,MINERAL GREEN OS PDK L,0,7,5,0,56747,680964,113494
Mei-2026,TIGALAPANKAOS SAMARINDA,OVERSIZE HW MAMU,MINERAL GREEN OS PDK L,0,12,0,0,56747,680964,680964
Jun-2026,TIGALAPANKAOS SAMARINDA,OVERSIZE HW MAMU,MINERAL GREEN OS PDK L,0,12,0,0,56747,680964,680964
Jul-2026,TIGALAPANKAOS SAMARINDA,OVERSIZE HW MAMU,MINERAL GREEN OS PDK L,0,12,0,0,56747,680964,680964
Agu-2026,TIGALAPANKAOS SAMARINDA,OVERSIZE HW MAMU,MINERAL GREEN OS PDK L,0,12,0,0,56747,680964,680964
Sep-2026,TIGALAPANKAOS SAMARINDA,OVERSIZE HW MAMU,MINERAL GREEN OS PDK L,0,12,0,0,56747,680964,680964
Okt-2026,TIGALAPANKAOS SAMARINDA,OVERSIZE HW MAMU,MINERAL GREEN OS PDK L,0,12,0,0,56747,680964,680964
Jan-2026,TIGALAPANKAOS SAMARINDA,OVERSIZE HW MAMU,MINERAL GREEN OS PDK M,0,5,0,0,61488,307440,0
Feb-2026,TIGALAPANKAOS SAMARINDA,OVERSIZE HW MAMU,MINERAL GREEN OS PDK M,0,5,0,0,61488,307440,307440
Mar-2026,TIGALAPANKAOS SAMARINDA,OVERSIZE HW MAMU,MINERAL GREEN OS PDK M,0,5,0,0,61488,307440,307440
Apr-2026,TIGALAPANKAOS SAMARINDA,OVERSIZE HW MAMU,MINERAL GREEN OS PDK M,0,5,10,0,61488,922320,307440
Mei-2026,TIGALAPANKAOS SAMARINDA,OVERSIZE HW MAMU,MINERAL GREEN OS PDK M,0,15,0,0,56747,851205,922320
Jun-2026,TIGALAPANKAOS SAMARINDA,OVERSIZE HW MAMU,MINERAL GREEN OS PDK M,0,15,0,0,56747,851205,851205
Jul-2026,TIGALAPANKAOS SAMARINDA,OVERSIZE HW MAMU,MINERAL GREEN OS PDK M,0,15,0,0,56747,851205,851205
Agu-2026,TIGALAPANKAOS SAMARINDA,OVERSIZE HW MAMU,MINERAL GREEN OS PDK M,0,15,0,0,56747,851205,851205
Sep-2026,TIGALAPANKAOS SAMARINDA,OVERSIZE HW MAMU,MINERAL GREEN OS PDK M,58327,14,0,0,56747,794458,851205
Okt-2026,TIGALAPANKAOS SAMARINDA,OVERSIZE HW MAMU,MINERAL GREEN OS PDK M,0,14,0,0,56747,794458,794458
Jan-2026,TIGALAPANKAOS SAMARINDA,OVERSIZE HW MAMU,MINERAL GREEN OS PDK S,0,2,0,0,61488,122976,0
Feb-2026,TIGALAPANKAOS SAMARINDA,OVERSIZE HW MAMU,MINERAL GREEN OS PDK S,0,2,0,0,61488,122976,122976
Mar-2026,TIGALAPANKAOS SAMARINDA,OVERSIZE HW MAMU,MINERAL GREEN OS PDK S,0,2,0,0,56747,113494,122976
Apr-2026,TIGALAPANKAOS SAMARINDA,OVERSIZE HW MAMU,MINERAL GREEN OS PDK S,0,7,5,0,56747,680964,113494
Mei-2026,TIGALAPANKAOS SAMARINDA,OVERSIZE HW MAMU,MINERAL GREEN OS PDK S,0,12,0,0,56747,680964,680964
Jun-2026,TIGALAPANKAOS SAMARINDA,OVERSIZE HW MAMU,MINERAL GREEN OS PDK S,0,12,0,0,56747,680964,680964
Jul-2026,TIGALAPANKAOS SAMARINDA,OVERSIZE HW MAMU,MINERAL GREEN OS PDK S,57537,11,0,0,56747,624217,680964
Agu-2026,TIGALAPANKAOS SAMARINDA,OVERSIZE HW MAMU,MINERAL GREEN OS PDK S,0,11,0,0,56747,624217,624217
Sep-2026,TIGALAPANKAOS SAMARINDA,OVERSIZE HW MAMU,MINERAL GREEN OS PDK S,0,11,0,0,56747,624217,624217
Okt-2026,TIGALAPANKAOS SAMARINDA,OVERSIZE HW MAMU,MINERAL GREEN OS PDK S,0,11,0,0,56747,624217,624217
Jan-2026,TIGALAPANKAOS SAMARINDA,OVERSIZE HW MAMU,MINERAL GREEN OS PDK XL,0,2,0,0,61488,122976,0
Feb-2026,TIGALAPANKAOS SAMARINDA,OVERSIZE HW MAMU,MINERAL GREEN OS PDK XL,0,2,0,0,61488,122976,122976
Mar-2026,TIGALAPANKAOS SAMARINDA,OVERSIZE HW MAMU,MINERAL GREEN OS PDK XL,0,2,0,0,63332,126664,122976
Apr-2026,TIGALAPANKAOS SAMARINDA,OVERSIZE HW MAMU,MINERAL GREEN OS PDK XL,0,2,0,0,63332,126664,126664
Mei-2026,TIGALAPANKAOS SAMARINDA,OVERSIZE HW MAMU,MINERAL GREEN OS PDK XL,0,2,0,0,56747,113494,126664
Jun-2026,TIGALAPANKAOS SAMARINDA,OVERSIZE HW MAMU,MINERAL GREEN OS PDK XL,61199,1,0,0,56747,56747,113494
Jul-2026,TIGALAPANKAOS SAMARINDA,OVERSIZE HW MAMU,MINERAL GREEN OS PDK XL,0,1,0,0,56747,56747,56747
Agu-2026,TIGALAPANKAOS SAMARINDA,OVERSIZE HW MAMU,MINERAL GREEN OS PDK XL,0,1,0,0,56747,56747,56747
Sep-2026,TIGALAPANKAOS SAMARINDA,OVERSIZE HW MAMU,MINERAL GREEN OS PDK XL,0,1,0,0,56747,56747,56747
Okt-2026,TIGALAPANKAOS SAMARINDA,OVERSIZE HW MAMU,MINERAL GREEN OS PDK XL,0,1,0,0,56747,56747,56747
Apr-2026,TIGALAPANKAOS SAMARINDA,OVERSIZE HW MAMU,PUTIH OS PDK 2XL,311370,10,5,0,64246,963690,0
Mei-2026,TIGALAPANKAOS SAMARINDA,OVERSIZE HW MAMU,PUTIH OS PDK 2XL,155685,6,0,0,51895,311370,963690
Jun-2026,TIGALAPANKAOS SAMARINDA,OVERSIZE HW MAMU,PUTIH OS PDK 2XL,155685,3,0,0,51895,155685,311370
Jul-2026,TIGALAPANKAOS SAMARINDA,OVERSIZE HW MAMU,PUTIH OS PDK 2XL,0,3,0,0,51895,155685,155685
Agu-2026,TIGALAPANKAOS SAMARINDA,OVERSIZE HW MAMU,PUTIH OS PDK 2XL,51895,2,0,0,51895,103790,155685
Sep-2026,TIGALAPANKAOS SAMARINDA,OVERSIZE HW MAMU,PUTIH OS PDK 2XL,0,2,0,0,51895,103790,103790
Okt-2026,TIGALAPANKAOS SAMARINDA,OVERSIZE HW MAMU,PUTIH OS PDK 2XL,0,2,0,0,51895,103790,103790
Jan-2026,TIGALAPANKAOS SAMARINDA,OVERSIZE HW MAMU,PUTIH OS PDK L,321230,5,0,0,64246,321230,0
Feb-2026,TIGALAPANKAOS SAMARINDA,OVERSIZE HW MAMU,PUTIH OS PDK L,0,5,0,0,64246,321230,321230
Mar-2026,TIGALAPANKAOS SAMARINDA,OVERSIZE HW MAMU,PUTIH OS PDK L,64246,4,0,0,51895,207580,321230
Apr-2026,TIGALAPANKAOS SAMARINDA,OVERSIZE HW MAMU,PUTIH OS PDK L,817425,14,5,0,51895,986005,207580
Mei-2026,TIGALAPANKAOS SAMARINDA,OVERSIZE HW MAMU,PUTIH OS PDK L,108990,2,0,0,51895,103790,986005
Jun-2026,TIGALAPANKAOS SAMARINDA,OVERSIZE HW MAMU,PUTIH OS PDK L,0,2,0,0,51895,103790,103790
Jul-2026,TIGALAPANKAOS SAMARINDA,OVERSIZE HW MAMU,PUTIH OS PDK L,0,2,0,0,51895,103790,103790
Agu-2026,TIGALAPANKAOS SAMARINDA,OVERSIZE HW MAMU,PUTIH OS PDK L,54495,1,0,0,51895,51895,103790
Sep-2026,TIGALAPANKAOS SAMARINDA,OVERSIZE HW MAMU,PUTIH OS PDK L,0,1,0,0,51895,51895,51895
Okt-2026,TIGALAPANKAOS SAMARINDA,OVERSIZE HW MAMU,PUTIH OS PDK L,0,1,3,0,51895,207580,51895
Jan-2026,TIGALAPANKAOS SAMARINDA,OVERSIZE HW MAMU,PUTIH OS PDK M,321230,10,0,0,64246,642460,0
Feb-2026,TIGALAPANKAOS SAMARINDA,OVERSIZE HW MAMU,PUTIH OS PDK M,64246,9,0,0,64246,578214,642460
Mar-2026,TIGALAPANKAOS SAMARINDA,OVERSIZE HW MAMU,PUTIH OS PDK M,128492,6,0,0,64246,385476,578214
Apr-2026,TIGALAPANKAOS SAMARINDA,OVERSIZE HW MAMU,PUTIH OS PDK M,277095,16,5,0,64246,1349166,385476
Mei-2026,TIGALAPANKAOS SAMARINDA,OVERSIZE HW MAMU,PUTIH OS PDK M,166257,13,0,0,51888,674544,1349166
Jun-2026,TIGALAPANKAOS SAMARINDA,OVERSIZE HW MAMU,PUTIH OS PDK M,0,13,0,0,51888,674544,674544
Jul-2026,TIGALAPANKAOS SAMARINDA,OVERSIZE HW MAMU,PUTIH OS PDK M,55419,12,0,0,51888,622656,674544
Agu-2026,TIGALAPANKAOS SAMARINDA,OVERSIZE HW MAMU,PUTIH OS PDK M,0,12,0,0,51888,622656,622656
Sep-2026,TIGALAPANKAOS SAMARINDA,OVERSIZE HW MAMU,PUTIH OS PDK M,55419,11,0,0,51888,570768,622656
Okt-2026,TIGALAPANKAOS SAMARINDA,OVERSIZE HW MAMU,PUTIH OS PDK M,0,11,0,0,51888,570768,570768
Jan-2026,TIGALAPANKAOS SAMARINDA,OVERSIZE HW MAMU,PUTIH OS PDK S,192738,0,0,0,64246,0,0
Apr-2026,TIGALAPANKAOS SAMARINDA,OVERSIZE HW MAMU,PUTIH OS PDK S,259475,9,5,0,51895,726530,0
Mei-2026,TIGALAPANKAOS SAMARINDA,OVERSIZE HW MAMU,PUTIH OS PDK S,51895,9,0,0,51895,467055,726530
Jun-2026,TIGALAPANKAOS SAMARINDA,OVERSIZE HW MAMU,PUTIH OS PDK S,0,9,0,0,51895,467055,467055
Jul-2026,TIGALAPANKAOS SAMARINDA,OVERSIZE HW MAMU,PUTIH OS PDK S,103790,8,0,0,51895,415160,467055
Agu-2026,TIGALAPANKAOS SAMARINDA,OVERSIZE HW MAMU,PUTIH OS PDK S,51895,6,0,0,51895,311370,415160
Sep-2026,TIGALAPANKAOS SAMARINDA,OVERSIZE HW MAMU,PUTIH OS PDK S,0,6,0,0,51895,311370,311370
Okt-2026,TIGALAPANKAOS SAMARINDA,OVERSIZE HW MAMU,PUTIH OS PDK S,0,6,0,0,51895,311370,311370
Jan-2026,TIGALAPANKAOS SAMARINDA,OVERSIZE HW MAMU,PUTIH OS PDK XL,128492,0,0,0,64246,0,0
Apr-2026,TIGALAPANKAOS SAMARINDA,OVERSIZE HW MAMU,PUTIH OS PDK XL,207580,9,5,0,51167,716338,0
Mei-2026,TIGALAPANKAOS SAMARINDA,OVERSIZE HW MAMU,PUTIH OS PDK XL,103790,9,0,0,51895,467055,716338
Jun-2026,TIGALAPANKAOS SAMARINDA,OVERSIZE HW MAMU,PUTIH OS PDK XL,0,9,0,0,51895,467055,467055
Jul-2026,TIGALAPANKAOS SAMARINDA,OVERSIZE HW MAMU,PUTIH OS PDK XL,0,9,0,0,51895,467055,467055
Agu-2026,TIGALAPANKAOS SAMARINDA,OVERSIZE HW MAMU,PUTIH OS PDK XL,0,9,0,0,51895,467055,467055
Sep-2026,TIGALAPANKAOS SAMARINDA,OVERSIZE HW MAMU,PUTIH OS PDK XL,0,9,0,0,51895,467055,467055
Okt-2026,TIGALAPANKAOS SAMARINDA,OVERSIZE HW MAMU,PUTIH OS PDK XL,0,9,0,0,51895,467055,467055
Sep-2026,TIGALAPANKAOS TORAJA,OVERSIZE HW MAMU,ABU TUA OS PDK 2XL,0,2,0,0,53390,106780,0
Okt-2026,TIGALAPANKAOS TORAJA,OVERSIZE HW MAMU,ABU TUA OS PDK 2XL,0,0,0,0,53390,0,106780
Sep-2026,TIGALAPANKAOS TORAJA,OVERSIZE HW MAMU,ABU TUA OS PDK L,0,3,0,0,53390,160170,0
Okt-2026,TIGALAPANKAOS TORAJA,OVERSIZE HW MAMU,ABU TUA OS PDK L,0,0,0,0,53390,0,160170
Sep-2026,TIGALAPANKAOS TORAJA,OVERSIZE HW MAMU,ABU TUA OS PDK M,106780,1,0,0,53390,53390,0
Okt-2026,TIGALAPANKAOS TORAJA,OVERSIZE HW MAMU,ABU TUA OS PDK M,0,0,0,0,53390,0,53390
Sep-2026,TIGALAPANKAOS TORAJA,OVERSIZE HW MAMU,ABU TUA OS PDK S,58822,2,0,0,53603,107206,0
Okt-2026,TIGALAPANKAOS TORAJA,OVERSIZE HW MAMU,ABU TUA OS PDK S,0,0,0,0,53603,0,107206
Sep-2026,TIGALAPANKAOS TORAJA,OVERSIZE HW MAMU,ABU TUA OS PDK XL,51100,1,0,0,53390,53390,0
Okt-2026,TIGALAPANKAOS TORAJA,OVERSIZE HW MAMU,ABU TUA OS PDK XL,0,0,0,0,53390,0,53390
Sep-2026,TIGALAPANKAOS TORAJA,OVERSIZE HW MAMU,COKLAT TUA OS PDK L,53371,2,0,0,53371,106742,0
Okt-2026,TIGALAPANKAOS TORAJA,OVERSIZE HW MAMU,COKLAT TUA OS PDK L,0,0,0,0,53371,0,106742
Sep-2026,TIGALAPANKAOS TORAJA,OVERSIZE HW MAMU,COKLAT TUA OS PDK M,53371,2,0,0,53371,106742,0
Okt-2026,TIGALAPANKAOS TORAJA,OVERSIZE HW MAMU,COKLAT TUA OS PDK M,0,0,0,0,53371,0,106742
Sep-2026,TIGALAPANKAOS TORAJA,OVERSIZE HW MAMU,COKLAT TUA OS PDK XL,0,1,0,0,53371,53371,0
Okt-2026,TIGALAPANKAOS TORAJA,OVERSIZE HW MAMU,COKLAT TUA OS PDK XL,0,0,0,0,53371,0,53371
Sep-2026,TIGALAPANKAOS TORAJA,OVERSIZE HW MAMU,DENIM BLUE OS PDK 2XL,0,2,0,0,54375,108750,0
Okt-2026,TIGALAPANKAOS TORAJA,OVERSIZE HW MAMU,DENIM BLUE OS PDK 2XL,0,0,0,0,54375,0,108750
Sep-2026,TIGALAPANKAOS TORAJA,OVERSIZE HW MAMU,DENIM BLUE OS PDK L,0,5,0,0,54388,271940,0
Okt-2026,TIGALAPANKAOS TORAJA,OVERSIZE HW MAMU,DENIM BLUE OS PDK L,0,0,0,0,54388,0,271940
Sep-2026,TIGALAPANKAOS TORAJA,OVERSIZE HW MAMU,DENIM BLUE OS PDK M,108418,8,0,0,54375,435000,0
Okt-2026,TIGALAPANKAOS TORAJA,OVERSIZE HW MAMU,DENIM BLUE OS PDK M,0,0,0,0,54375,0,435000
Sep-2026,TIGALAPANKAOS TORAJA,OVERSIZE HW MAMU,DENIM BLUE OS PDK S,58731,2,0,0,54375,108750,0
Okt-2026,TIGALAPANKAOS TORAJA,OVERSIZE HW MAMU,DENIM BLUE OS PDK S,0,0,0,0,54375,0,108750
Sep-2026,TIGALAPANKAOS TORAJA,OVERSIZE HW MAMU,DENIM BLUE OS PDK XL,23921,0,0,0,61936,0,0
Sep-2026,TIGALAPANKAOS TORAJA,OVERSIZE HW MAMU,JET BLACK OS PDK 2XL,69883,3,0,0,61470,184410,0
Okt-2026,TIGALAPANKAOS TORAJA,OVERSIZE HW MAMU,JET BLACK OS PDK 2XL,0,0,0,0,61470,0,184410
Sep-2026,TIGALAPANKAOS TORAJA,OVERSIZE HW MAMU,JET BLACK OS PDK L,739296,12,0,0,61467,737604,0
Okt-2026,TIGALAPANKAOS TORAJA,OVERSIZE HW MAMU,JET BLACK OS PDK L,0,0,0,0,61467,0,737604
Sep-2026,TIGALAPANKAOS TORAJA,OVERSIZE HW MAMU,JET BLACK OS PDK M,852866,6,0,0,60919,365514,0
Okt-2026,TIGALAPANKAOS TORAJA,OVERSIZE HW MAMU,JET BLACK OS PDK M,0,0,0,0,60919,0,365514
Sep-2026,TIGALAPANKAOS TORAJA,OVERSIZE HW MAMU,JET BLACK OS PDK S,487680,6,0,0,60973,365838,0
Okt-2026,TIGALAPANKAOS TORAJA,OVERSIZE HW MAMU,JET BLACK OS PDK S,0,0,0,0,60973,0,365838
Sep-2026,TIGALAPANKAOS TORAJA,OVERSIZE HW MAMU,JET BLACK OS PDK XL,132554,0,0,0,58009,0,0
Sep-2026,TIGALAPANKAOS TORAJA,OVERSIZE HW MAMU,MINERAL GREEN OS PDK 2XL,0,2,0,0,56747,113494,0
Okt-2026,TIGALAPANKAOS TORAJA,OVERSIZE HW MAMU,MINERAL GREEN OS PDK 2XL,0,0,0,0,56747,0,113494
Sep-2026,TIGALAPANKAOS TORAJA,OVERSIZE HW MAMU,MINERAL GREEN OS PDK L,0,3,0,0,56747,170241,0
Okt-2026,TIGALAPANKAOS TORAJA,OVERSIZE HW MAMU,MINERAL GREEN OS PDK L,0,0,0,0,56747,0,170241
Sep-2026,TIGALAPANKAOS TORAJA,OVERSIZE HW MAMU,MINERAL GREEN OS PDK M,0,3,0,0,56747,170241,0
Okt-2026,TIGALAPANKAOS TORAJA,OVERSIZE HW MAMU,MINERAL GREEN OS PDK M,0,0,0,0,56747,0,170241
Sep-2026,TIGALAPANKAOS TORAJA,OVERSIZE HW MAMU,MINERAL GREEN OS PDK S,60926,2,0,0,56747,113494,0
Okt-2026,TIGALAPANKAOS TORAJA,OVERSIZE HW MAMU,MINERAL GREEN OS PDK S,0,0,0,0,56747,0,113494
Sep-2026,TIGALAPANKAOS TORAJA,OVERSIZE HW MAMU,MINERAL GREEN OS PDK XL,0,2,0,0,56747,113494,0
Okt-2026,TIGALAPANKAOS TORAJA,OVERSIZE HW MAMU,MINERAL GREEN OS PDK XL,0,0,0,0,56747,0,113494
Sep-2026,TIGALAPANKAOS TORAJA,OVERSIZE HW MAMU,PUTIH OS PDK 2XL,0,4,0,0,51895,207580,0
Okt-2026,TIGALAPANKAOS TORAJA,OVERSIZE HW MAMU,PUTIH OS PDK 2XL,0,0,0,0,51895,0,207580
Sep-2026,TIGALAPANKAOS TORAJA,OVERSIZE HW MAMU,PUTIH OS PDK L,102812,8,0,0,51895,415160,0
Okt-2026,TIGALAPANKAOS TORAJA,OVERSIZE HW MAMU,PUTIH OS PDK L,0,0,0,0,51895,0,415160
Sep-2026,TIGALAPANKAOS TORAJA,OVERSIZE HW MAMU,PUTIH OS PDK M,0,10,0,0,51888,518880,0
Okt-2026,TIGALAPANKAOS TORAJA,OVERSIZE HW MAMU,PUTIH OS PDK M,0,0,0,0,51888,0,518880
Jun-2026,TIGALAPANKAOS TORAJA,OVERSIZE HW MAMU,PUTIH OS PDK S,0,10,0,0,51895,518950,0
Jul-2026,TIGALAPANKAOS TORAJA,OVERSIZE HW MAMU,PUTIH OS PDK S,0,10,0,0,51895,518950,518950
Agu-2026,TIGALAPANKAOS TORAJA,OVERSIZE HW MAMU,PUTIH OS PDK S,0,10,0,0,51895,518950,518950
Sep-2026,TIGALAPANKAOS TORAJA,OVERSIZE HW MAMU,PUTIH OS PDK S,0,20,0,0,51895,1037900,518950
Okt-2026,TIGALAPANKAOS TORAJA,OVERSIZE HW MAMU,PUTIH OS PDK S,0,0,0,0,51895,0,1037900
Jun-2026,DC TIGALAPAN,OVERSIZE HW MAMU,ABU TUA OS PDK 2XL,0,11,0,0,53390,587290,0
Jul-2026,DC TIGALAPAN,OVERSIZE HW MAMU,ABU TUA OS PDK 2XL,0,11,0,0,53390,587290,587290
Agu-2026,DC TIGALAPAN,OVERSIZE HW MAMU,ABU TUA OS PDK 2XL,0,6,0,0,53390,320340,587290
Sep-2026,DC TIGALAPAN,OVERSIZE HW MAMU,ABU TUA OS PDK 2XL,0,4,0,0,53390,213560,320340
Okt-2026,DC TIGALAPAN,OVERSIZE HW MAMU,ABU TUA OS PDK 2XL,0,4,0,0,53390,213560,213560
Mar-2026,DC TIGALAPAN,OVERSIZE HW MAMU,ABU TUA OS PDK L,0,24,0,0,56108,1346592,0
Apr-2026,DC TIGALAPAN,OVERSIZE HW MAMU,ABU TUA OS PDK L,0,81,0,0,53390,4324590,1346592
Mei-2026,DC TIGALAPAN,OVERSIZE HW MAMU,ABU TUA OS PDK L,0,68,0,0,53390,3630520,4324590
Jun-2026,DC TIGALAPAN,OVERSIZE HW MAMU,ABU TUA OS PDK L,0,68,0,0,53390,3630520,3630520
Jul-2026,DC TIGALAPAN,OVERSIZE HW MAMU,ABU TUA OS PDK L,0,57,0,0,53390,3043230,3630520
Agu-2026,DC TIGALAPAN,OVERSIZE HW MAMU,ABU TUA OS PDK L,0,37,0,0,53390,1975430,3043230
Sep-2026,DC TIGALAPAN,OVERSIZE HW MAMU,ABU TUA OS PDK L,0,23,0,0,53390,1227970,1975430
Okt-2026,DC TIGALAPAN,OVERSIZE HW MAMU,ABU TUA OS PDK L,0,22,0,0,53390,1174580,1227970
Mar-2026,DC TIGALAPAN,OVERSIZE HW MAMU,ABU TUA OS PDK M,0,62,0,0,61480,3811760,0
Apr-2026,DC TIGALAPAN,OVERSIZE HW MAMU,ABU TUA OS PDK M,0,123,0,0,53390,6566970,3811760
Mei-2026,DC TIGALAPAN,OVERSIZE HW MAMU,ABU TUA OS PDK M,0,108,0,0,53390,5766120,6566970
Jun-2026,DC TIGALAPAN,OVERSIZE HW MAMU,ABU TUA OS PDK M,0,100,0,0,53390,5339000,5766120
Jul-2026,DC TIGALAPAN,OVERSIZE HW MAMU,ABU TUA OS PDK M,0,95,0,0,53390,5072050,5339000
Agu-2026,DC TIGALAPAN,OVERSIZE HW MAMU,ABU TUA OS PDK M,0,81,0,0,53390,4324590,5072050
Sep-2026,DC TIGALAPAN,OVERSIZE HW MAMU,ABU TUA OS PDK M,0,67,0,0,53390,3577130,4324590
Okt-2026,DC TIGALAPAN,OVERSIZE HW MAMU,ABU TUA OS PDK M,0,55,0,0,53390,2936450,3577130
Mar-2026,DC TIGALAPAN,OVERSIZE HW MAMU,ABU TUA OS PDK S,0,37,0,0,53390,1975430,0
Apr-2026,DC TIGALAPAN,OVERSIZE HW MAMU,ABU TUA OS PDK S,0,33,0,0,53390,1761870,1975430
Mei-2026,DC TIGALAPAN,OVERSIZE HW MAMU,ABU TUA OS PDK S,0,26,0,0,53603,1393678,1761870
Jun-2026,DC TIGALAPAN,OVERSIZE HW MAMU,ABU TUA OS PDK S,0,40,0,0,53603,2144120,1393678
Jul-2026,DC TIGALAPAN,OVERSIZE HW MAMU,ABU TUA OS PDK S,0,35,0,0,53603,1876105,2144120
Agu-2026,DC TIGALAPAN,OVERSIZE HW MAMU,ABU TUA OS PDK S,0,28,0,0,53603,1500884,1876105
Sep-2026,DC TIGALAPAN,OVERSIZE HW MAMU,ABU TUA OS PDK S,0,14,0,0,53603,750442,1500884
Okt-2026,DC TIGALAPAN,OVERSIZE HW MAMU,ABU TUA OS PDK S,0,14,0,0,53603,750442,750442
Apr-2026,DC TIGALAPAN,OVERSIZE HW MAMU,ABU TUA OS PDK XL,0,30,0,0,61480,1844400,0
Mei-2026,DC TIGALAPAN,OVERSIZE HW MAMU,ABU TUA OS PDK XL,0,9,0,0,53390,480510,1844400
Jun-2026,DC TIGALAPAN,OVERSIZE HW MAMU,ABU TUA OS PDK XL,0,28,0,0,53390,1494920,480510
Jul-2026,DC TIGALAPAN,OVERSIZE HW MAMU,ABU TUA OS PDK XL,0,25,0,0,53390,1334750,1494920
Agu-2026,DC TIGALAPAN,OVERSIZE HW MAMU,ABU TUA OS PDK XL,0,9,0,0,53390,480510,1334750
Sep-2026,DC TIGALAPAN,OVERSIZE HW MAMU,ABU TUA OS PDK XL,0,3,0,0,53390,160170,480510
Okt-2026,DC TIGALAPAN,OVERSIZE HW MAMU,ABU TUA OS PDK XL,0,3,0,0,53390,160170,160170
Jun-2026,DC TIGALAPAN,OVERSIZE HW MAMU,COKLAT TUA OS PDK 2XL,0,10,0,0,53371,533710,0
Jul-2026,DC TIGALAPAN,OVERSIZE HW MAMU,COKLAT TUA OS PDK 2XL,0,10,0,0,53371,533710,533710
Sep-2026,DC TIGALAPAN,OVERSIZE HW MAMU,COKLAT TUA OS PDK 2XL,0,4,0,0,53371,213484,0
Okt-2026,DC TIGALAPAN,OVERSIZE HW MAMU,COKLAT TUA OS PDK 2XL,0,4,0,0,53371,213484,213484
Mar-2026,DC TIGALAPAN,OVERSIZE HW MAMU,COKLAT TUA OS PDK L,0,46,0,0,53371,2455066,0
Apr-2026,DC TIGALAPAN,OVERSIZE HW MAMU,COKLAT TUA OS PDK L,0,61,0,0,53371,3255631,2455066
Mei-2026,DC TIGALAPAN,OVERSIZE HW MAMU,COKLAT TUA OS PDK L,0,53,0,0,53371,2828663,3255631
Jun-2026,DC TIGALAPAN,OVERSIZE HW MAMU,COKLAT TUA OS PDK L,0,46,0,0,53371,2455066,2828663
Jul-2026,DC TIGALAPAN,OVERSIZE HW MAMU,COKLAT TUA OS PDK L,0,42,0,0,53371,2241582,2455066
Agu-2026,DC TIGALAPAN,OVERSIZE HW MAMU,COKLAT TUA OS PDK L,0,32,0,0,53371,1707872,2241582
Sep-2026,DC TIGALAPAN,OVERSIZE HW MAMU,COKLAT TUA OS PDK L,0,26,0,0,53371,1387646,1707872
Okt-2026,DC TIGALAPAN,OVERSIZE HW MAMU,COKLAT TUA OS PDK L,0,22,0,0,53371,1174162,1387646
Mar-2026,DC TIGALAPAN,OVERSIZE HW MAMU,COKLAT TUA OS PDK M,0,102,0,0,53371,5443842,0
Apr-2026,DC TIGALAPAN,OVERSIZE HW MAMU,COKLAT TUA OS PDK M,0,105,0,0,53371,5603955,5443842
Mei-2026,DC TIGALAPAN,OVERSIZE HW MAMU,COKLAT TUA OS PDK M,0,93,0,0,53371,4963503,5603955
Jun-2026,DC TIGALAPAN,OVERSIZE HW MAMU,COKLAT TUA OS PDK M,0,77,0,0,53371,4109567,4963503
Jul-2026,DC TIGALAPAN,OVERSIZE HW MAMU,COKLAT TUA OS PDK M,0,71,0,0,53371,3789341,4109567
Agu-2026,DC TIGALAPAN,OVERSIZE HW MAMU,COKLAT TUA OS PDK M,0,53,0,0,53371,2828663,3789341
Sep-2026,DC TIGALAPAN,OVERSIZE HW MAMU,COKLAT TUA OS PDK M,0,10,0,0,53371,533710,2828663
Okt-2026,DC TIGALAPAN,OVERSIZE HW MAMU,COKLAT TUA OS PDK M,0,8,0,0,53371,426968,533710
Mar-2026,DC TIGALAPAN,OVERSIZE HW MAMU,COKLAT TUA OS PDK S,0,67,0,0,53371,3575857,0
Apr-2026,DC TIGALAPAN,OVERSIZE HW MAMU,COKLAT TUA OS PDK S,0,29,0,0,53371,1547759,3575857
Mei-2026,DC TIGALAPAN,OVERSIZE HW MAMU,COKLAT TUA OS PDK S,0,24,0,0,53371,1280904,1547759
Jun-2026,DC TIGALAPAN,OVERSIZE HW MAMU,COKLAT TUA OS PDK S,0,18,0,0,53371,960678,1280904
Jul-2026,DC TIGALAPAN,OVERSIZE HW MAMU,COKLAT TUA OS PDK S,0,9,0,0,53371,480339,960678
Sep-2026,DC TIGALAPAN,OVERSIZE HW MAMU,COKLAT TUA OS PDK S,0,15,0,0,53371,800565,0
Okt-2026,DC TIGALAPAN,OVERSIZE HW MAMU,COKLAT TUA OS PDK S,0,13,0,0,53371,693823,800565
Apr-2026,DC TIGALAPAN,OVERSIZE HW MAMU,COKLAT TUA OS PDK XL,0,6,0,0,56662,339972,0
Mei-2026,DC TIGALAPAN,OVERSIZE HW MAMU,COKLAT TUA OS PDK XL,0,4,0,0,53371,213484,339972
Jun-2026,DC TIGALAPAN,OVERSIZE HW MAMU,COKLAT TUA OS PDK XL,0,30,0,0,53371,1601130,213484
Jul-2026,DC TIGALAPAN,OVERSIZE HW MAMU,COKLAT TUA OS PDK XL,0,20,0,0,53371,1067420,1601130
Agu-2026,DC TIGALAPAN,OVERSIZE HW MAMU,COKLAT TUA OS PDK XL,0,16,0,0,53371,853936,1067420
Sep-2026,DC TIGALAPAN,OVERSIZE HW MAMU,COKLAT TUA OS PDK XL,0,21,0,0,53371,1120791,853936
Okt-2026,DC TIGALAPAN,OVERSIZE HW MAMU,COKLAT TUA OS PDK XL,0,18,0,0,53371,960678,1120791
Jun-2026,DC TIGALAPAN,OVERSIZE HW MAMU,DENIM BLUE OS PDK 2XL,0,5,0,0,54375,271875,0
Jul-2026,DC TIGALAPAN,OVERSIZE HW MAMU,DENIM BLUE OS PDK 2XL,0,5,0,0,54375,271875,271875
Agu-2026,DC TIGALAPAN,OVERSIZE HW MAMU,DENIM BLUE OS PDK 2XL,0,5,0,0,54375,271875,271875
Sep-2026,DC TIGALAPAN,OVERSIZE HW MAMU,DENIM BLUE OS PDK 2XL,0,3,0,0,54375,163125,271875
Okt-2026,DC TIGALAPAN,OVERSIZE HW MAMU,DENIM BLUE OS PDK 2XL,0,3,0,0,54375,163125,163125
Mar-2026,DC TIGALAPAN,OVERSIZE HW MAMU,DENIM BLUE OS PDK L,0,42,0,0,54461,2287362,0
Apr-2026,DC TIGALAPAN,OVERSIZE HW MAMU,DENIM BLUE OS PDK L,0,61,0,0,54426,3319986,2287362
Mei-2026,DC TIGALAPAN,OVERSIZE HW MAMU,DENIM BLUE OS PDK L,0,58,0,0,54388,3154504,3319986
Jun-2026,DC TIGALAPAN,OVERSIZE HW MAMU,DENIM BLUE OS PDK L,0,59,0,0,54388,3208892,3154504
Jul-2026,DC TIGALAPAN,OVERSIZE HW MAMU,DENIM BLUE OS PDK L,0,58,0,0,54388,3154504,3208892
Agu-2026,DC TIGALAPAN,OVERSIZE HW MAMU,DENIM BLUE OS PDK L,0,49,0,0,54388,2665012,3154504
Sep-2026,DC TIGALAPAN,OVERSIZE HW MAMU,DENIM BLUE OS PDK L,0,20,0,0,54388,1087760,2665012
Okt-2026,DC TIGALAPAN,OVERSIZE HW MAMU,DENIM BLUE OS PDK L,0,20,0,0,54388,1087760,1087760
Mar-2026,DC TIGALAPAN,OVERSIZE HW MAMU,DENIM BLUE OS PDK M,0,37,0,0,61936,2291632,0
Apr-2026,DC TIGALAPAN,OVERSIZE HW MAMU,DENIM BLUE OS PDK M,0,135,0,0,54375,7340625,2291632
Mei-2026,DC TIGALAPAN,OVERSIZE HW MAMU,DENIM BLUE OS PDK M,0,130,0,0,54375,7068750,7340625
Jun-2026,DC TIGALAPAN,OVERSIZE HW MAMU,DENIM BLUE OS PDK M,0,114,0,0,54375,6198750,7068750
Jul-2026,DC TIGALAPAN,OVERSIZE HW MAMU,DENIM BLUE OS PDK M,0,113,0,0,54375,6144375,6198750
Agu-2026,DC TIGALAPAN,OVERSIZE HW MAMU,DENIM BLUE OS PDK M,0,97,0,0,54375,5274375,6144375
Sep-2026,DC TIGALAPAN,OVERSIZE HW MAMU,DENIM BLUE OS PDK M,0,64,0,0,54375,3480000,5274375
Okt-2026,DC TIGALAPAN,OVERSIZE HW MAMU,DENIM BLUE OS PDK M,0,57,0,0,54375,3099375,3480000
Mar-2026,DC TIGALAPAN,OVERSIZE HW MAMU,DENIM BLUE OS PDK S,0,16,0,0,54375,870000,0
Apr-2026,DC TIGALAPAN,OVERSIZE HW MAMU,DENIM BLUE OS PDK S,0,38,0,0,54375,2066250,870000
Mei-2026,DC TIGALAPAN,OVERSIZE HW MAMU,DENIM BLUE OS PDK S,0,33,0,0,54375,1794375,2066250
Jun-2026,DC TIGALAPAN,OVERSIZE HW MAMU,DENIM BLUE OS PDK S,0,40,0,0,54375,2175000,1794375
Jul-2026,DC TIGALAPAN,OVERSIZE HW MAMU,DENIM BLUE OS PDK S,0,40,0,0,54375,2175000,2175000
Agu-2026,DC TIGALAPAN,OVERSIZE HW MAMU,DENIM BLUE OS PDK S,0,33,0,0,54375,1794375,2175000
Sep-2026,DC TIGALAPAN,OVERSIZE HW MAMU,DENIM BLUE OS PDK S,0,20,0,0,54375,1087500,1794375
Okt-2026,DC TIGALAPAN,OVERSIZE HW MAMU,DENIM BLUE OS PDK S,0,15,0,0,54375,815625,1087500
Apr-2026,DC TIGALAPAN,OVERSIZE HW MAMU,DENIM BLUE OS PDK XL,0,1,0,0,53483,53483,0
Jun-2026,DC TIGALAPAN,OVERSIZE HW MAMU,DENIM BLUE OS PDK XL,0,18,0,0,54375,978750,0
Jul-2026,DC TIGALAPAN,OVERSIZE HW MAMU,DENIM BLUE OS PDK XL,0,14,0,0,54375,761250,978750
Agu-2026,DC TIGALAPAN,OVERSIZE HW MAMU,DENIM BLUE OS PDK XL,0,11,0,0,54375,598125,761250
Apr-2026,DC TIGALAPAN,OVERSIZE HW MAMU,JET BLACK OS PDK 2XL,0,15,0,0,58009,870135,0
Mei-2026,DC TIGALAPAN,OVERSIZE HW MAMU,JET BLACK OS PDK 2XL,0,9,0,0,61470,553230,870135
Jun-2026,DC TIGALAPAN,OVERSIZE HW MAMU,JET BLACK OS PDK 2XL,0,9,0,0,61470,553230,553230
Jul-2026,DC TIGALAPAN,OVERSIZE HW MAMU,JET BLACK OS PDK 2XL,0,4,0,0,61470,245880,553230
Agu-2026,DC TIGALAPAN,OVERSIZE HW MAMU,JET BLACK OS PDK 2XL,0,4,0,0,61470,245880,245880
Apr-2026,DC TIGALAPAN,OVERSIZE HW MAMU,JET BLACK OS PDK L,0,150,0,0,60919,9137850,0
Mei-2026,DC TIGALAPAN,OVERSIZE HW MAMU,JET BLACK OS PDK L,0,108,0,0,61467,6638436,9137850
Jun-2026,DC TIGALAPAN,OVERSIZE HW MAMU,JET BLACK OS PDK L,0,111,0,0,61467,6822837,6638436
Jul-2026,DC TIGALAPAN,OVERSIZE HW MAMU,JET BLACK OS PDK L,0,96,0,0,61467,5900832,6822837
Agu-2026,DC TIGALAPAN,OVERSIZE HW MAMU,JET BLACK OS PDK L,0,81,0,0,61467,4978827,5900832
Sep-2026,DC TIGALAPAN,OVERSIZE HW MAMU,JET BLACK OS PDK L,0,11,0,0,61467,676137,4978827
Okt-2026,DC TIGALAPAN,OVERSIZE HW MAMU,JET BLACK OS PDK L,0,10,0,0,61467,614670,676137
Jan-2026,DC TIGALAPAN,OVERSIZE HW MAMU,JET BLACK OS PDK M,0,462,0,0,61029,28195398,0
Feb-2026,DC TIGALAPAN,OVERSIZE HW MAMU,JET BLACK OS PDK M,0,462,0,0,61029,28195398,28195398
Mar-2026,DC TIGALAPAN,OVERSIZE HW MAMU,JET BLACK OS PDK M,0,367,0,0,60919,22357273,28195398
Apr-2026,DC TIGALAPAN,OVERSIZE HW MAMU,JET BLACK OS PDK M,0,328,0,0,60919,19981432,22357273
Mei-2026,DC TIGALAPAN,OVERSIZE HW MAMU,JET BLACK OS PDK M,0,303,0,0,60919,18458457,19981432
Jun-2026,DC TIGALAPAN,OVERSIZE HW MAMU,JET BLACK OS PDK M,0,298,0,0,60919,18153862,18458457
Jul-2026,DC TIGALAPAN,OVERSIZE HW MAMU,JET BLACK OS PDK M,0,298,0,0,60919,18153862,18153862
Agu-2026,DC TIGALAPAN,OVERSIZE HW MAMU,JET BLACK OS PDK M,0,291,0,0,60919,17727429,18153862
Sep-2026,DC TIGALAPAN,OVERSIZE HW MAMU,JET BLACK OS PDK M,0,245,0,0,60919,14925155,17727429
Okt-2026,DC TIGALAPAN,OVERSIZE HW MAMU,JET BLACK OS PDK M,0,226,0,0,60919,13767694,14925155
Jan-2026,DC TIGALAPAN,OVERSIZE HW MAMU,JET BLACK OS PDK S,0,327,0,0,61029,19956483,0
Feb-2026,DC TIGALAPAN,OVERSIZE HW MAMU,JET BLACK OS PDK S,0,327,0,0,61029,19956483,19956483
Mar-2026,DC TIGALAPAN,OVERSIZE HW MAMU,JET BLACK OS PDK S,0,211,0,0,60973,12865303,19956483
Apr-2026,DC TIGALAPAN,OVERSIZE HW MAMU,JET BLACK OS PDK S,0,182,0,0,60973,11097086,12865303
Mei-2026,DC TIGALAPAN,OVERSIZE HW MAMU,JET BLACK OS PDK S,0,177,0,0,60973,10792221,11097086
Jun-2026,DC TIGALAPAN,OVERSIZE HW MAMU,JET BLACK OS PDK S,0,172,0,0,60973,10487356,10792221
Jul-2026,DC TIGALAPAN,OVERSIZE HW MAMU,JET BLACK OS PDK S,0,169,0,0,60973,10304437,10487356
Agu-2026,DC TIGALAPAN,OVERSIZE HW MAMU,JET BLACK OS PDK S,0,152,0,0,60973,9267896,10304437
Sep-2026,DC TIGALAPAN,OVERSIZE HW MAMU,JET BLACK OS PDK S,0,117,0,0,60973,7133841,9267896
Okt-2026,DC TIGALAPAN,OVERSIZE HW MAMU,JET BLACK OS PDK S,0,94,0,0,60973,5731462,7133841
Apr-2026,DC TIGALAPAN,OVERSIZE HW MAMU,JET BLACK OS PDK XL,0,2,0,0,58009,116018,0
Jun-2026,DC TIGALAPAN,OVERSIZE HW MAMU,JET BLACK OS PDK XL,0,10,0,0,61470,614700,0
Jun-2026,DC TIGALAPAN,OVERSIZE HW MAMU,MINERAL GREEN OS PDK 2XL,0,8,0,0,56747,453976,0
Jul-2026,DC TIGALAPAN,OVERSIZE HW MAMU,MINERAL GREEN OS PDK 2XL,0,8,0,0,56747,453976,453976
Agu-2026,DC TIGALAPAN,OVERSIZE HW MAMU,MINERAL GREEN OS PDK 2XL,0,3,0,0,56747,170241,453976
Sep-2026,DC TIGALAPAN,OVERSIZE HW MAMU,MINERAL GREEN OS PDK 2XL,0,1,0,0,56747,56747,170241
Okt-2026,DC TIGALAPAN,OVERSIZE HW MAMU,MINERAL GREEN OS PDK 2XL,0,1,0,0,56747,56747,56747
Mar-2026,DC TIGALAPAN,OVERSIZE HW MAMU,MINERAL GREEN OS PDK L,0,67,0,0,56747,3802049,0
Apr-2026,DC TIGALAPAN,OVERSIZE HW MAMU,MINERAL GREEN OS PDK L,0,81,0,0,56747,4596507,3802049
Mei-2026,DC TIGALAPAN,OVERSIZE HW MAMU,MINERAL GREEN OS PDK L,0,76,0,0,56747,4312772,4596507
Jun-2026,DC TIGALAPAN,OVERSIZE HW MAMU,MINERAL GREEN OS PDK L,0,76,0,0,56747,4312772,4312772
Jul-2026,DC TIGALAPAN,OVERSIZE HW MAMU,MINERAL GREEN OS PDK L,0,76,0,0,56747,4312772,4312772
Agu-2026,DC TIGALAPAN,OVERSIZE HW MAMU,MINERAL GREEN OS PDK L,0,59,0,0,56747,3348073,4312772
Sep-2026,DC TIGALAPAN,OVERSIZE HW MAMU,MINERAL GREEN OS PDK L,0,46,0,0,56747,2610362,3348073
Okt-2026,DC TIGALAPAN,OVERSIZE HW MAMU,MINERAL GREEN OS PDK L,0,46,0,0,56747,2610362,2610362
Apr-2026,DC TIGALAPAN,OVERSIZE HW MAMU,MINERAL GREEN OS PDK M,0,116,0,0,61488,7132608,0
Mei-2026,DC TIGALAPAN,OVERSIZE HW MAMU,MINERAL GREEN OS PDK M,0,111,0,0,56747,6298917,7132608
Jun-2026,DC TIGALAPAN,OVERSIZE HW MAMU,MINERAL GREEN OS PDK M,0,110,0,0,56747,6242170,6298917
Jul-2026,DC TIGALAPAN,OVERSIZE HW MAMU,MINERAL GREEN OS PDK M,0,109,0,0,56747,6185423,6242170
Agu-2026,DC TIGALAPAN,OVERSIZE HW MAMU,MINERAL GREEN OS PDK M,0,92,0,0,56747,5220724,6185423
Sep-2026,DC TIGALAPAN,OVERSIZE HW MAMU,MINERAL GREEN OS PDK M,0,78,0,0,56747,4426266,5220724
Okt-2026,DC TIGALAPAN,OVERSIZE HW MAMU,MINERAL GREEN OS PDK M,0,78,0,0,56747,4426266,4426266
Mar-2026,DC TIGALAPAN,OVERSIZE HW MAMU,MINERAL GREEN OS PDK S,0,70,0,0,56747,3972290,0
Apr-2026,DC TIGALAPAN,OVERSIZE HW MAMU,MINERAL GREEN OS PDK S,0,42,0,0,56747,2383374,3972290
Mei-2026,DC TIGALAPAN,OVERSIZE HW MAMU,MINERAL GREEN OS PDK S,0,37,0,0,56747,2099639,2383374
Jun-2026,DC TIGALAPAN,OVERSIZE HW MAMU,MINERAL GREEN OS PDK S,0,50,0,0,56747,2837350,2099639
Jul-2026,DC TIGALAPAN,OVERSIZE HW MAMU,MINERAL GREEN OS PDK S,0,50,0,0,56747,2837350,2837350
Agu-2026,DC TIGALAPAN,OVERSIZE HW MAMU,MINERAL GREEN OS PDK S,0,40,0,0,56747,2269880,2837350
Sep-2026,DC TIGALAPAN,OVERSIZE HW MAMU,MINERAL GREEN OS PDK S,0,27,0,0,56747,1532169,2269880
Okt-2026,DC TIGALAPAN,OVERSIZE HW MAMU,MINERAL GREEN OS PDK S,0,27,0,0,56747,1532169,1532169
Mar-2026,DC TIGALAPAN,OVERSIZE HW MAMU,MINERAL GREEN OS PDK XL,0,1,0,0,63332,63332,0
Jun-2026,DC TIGALAPAN,OVERSIZE HW MAMU,MINERAL GREEN OS PDK XL,0,24,0,0,56747,1361928,0
Jul-2026,DC TIGALAPAN,OVERSIZE HW MAMU,MINERAL GREEN OS PDK XL,0,18,0,0,56747,1021446,1361928
Agu-2026,DC TIGALAPAN,OVERSIZE HW MAMU,MINERAL GREEN OS PDK XL,0,17,0,0,56747,964699,1021446
Sep-2026,DC TIGALAPAN,OVERSIZE HW MAMU,MINERAL GREEN OS PDK XL,0,15,0,0,56747,851205,964699
Okt-2026,DC TIGALAPAN,OVERSIZE HW MAMU,MINERAL GREEN OS PDK XL,0,15,0,0,56747,851205,851205
Apr-2026,DC TIGALAPAN,OVERSIZE HW MAMU,PUTIH OS PDK 2XL,0,6,0,0,64246,385476,0
Jun-2026,DC TIGALAPAN,OVERSIZE HW MAMU,PUTIH OS PDK 2XL,0,5,0,0,51895,259475,0
Jul-2026,DC TIGALAPAN,OVERSIZE HW MAMU,PUTIH OS PDK 2XL,0,5,0,0,51895,259475,259475
Agu-2026,DC TIGALAPAN,OVERSIZE HW MAMU,PUTIH OS PDK 2XL,0,4,0,0,51895,207580,259475
Mar-2026,DC TIGALAPAN,OVERSIZE HW MAMU,PUTIH OS PDK L,0,88,0,0,51895,4566760,0
Apr-2026,DC TIGALAPAN,OVERSIZE HW MAMU,PUTIH OS PDK L,0,131,0,0,51895,6798245,4566760
Mei-2026,DC TIGALAPAN,OVERSIZE HW MAMU,PUTIH OS PDK L,0,118,0,0,51895,6123610,6798245
Jun-2026,DC TIGALAPAN,OVERSIZE HW MAMU,PUTIH OS PDK L,0,105,0,0,51895,5448975,6123610
Jul-2026,DC TIGALAPAN,OVERSIZE HW MAMU,PUTIH OS PDK L,0,101,0,0,51895,5241395,5448975
Agu-2026,DC TIGALAPAN,OVERSIZE HW MAMU,PUTIH OS PDK L,0,84,0,0,51895,4359180,5241395
Sep-2026,DC TIGALAPAN,OVERSIZE HW MAMU,PUTIH OS PDK L,0,54,0,0,51895,2802330,4359180
Okt-2026,DC TIGALAPAN,OVERSIZE HW MAMU,PUTIH OS PDK L,0,37,0,0,51895,1920115,2802330
Apr-2026,DC TIGALAPAN,OVERSIZE HW MAMU,PUTIH OS PDK M,0,242,0,0,64246,15547532,0
Mei-2026,DC TIGALAPAN,OVERSIZE HW MAMU,PUTIH OS PDK M,0,232,0,0,51888,12038016,15547532
Jun-2026,DC TIGALAPAN,OVERSIZE HW MAMU,PUTIH OS PDK M,0,215,0,0,51888,11155920,12038016
Jul-2026,DC TIGALAPAN,OVERSIZE HW MAMU,PUTIH OS PDK M,0,209,0,0,51888,10844592,11155920
Agu-2026,DC TIGALAPAN,OVERSIZE HW MAMU,PUTIH OS PDK M,0,193,0,0,51888,10014384,10844592
Sep-2026,DC TIGALAPAN,OVERSIZE HW MAMU,PUTIH OS PDK M,0,154,0,0,51888,7990752,10014384
Okt-2026,DC TIGALAPAN,OVERSIZE HW MAMU,PUTIH OS PDK M,0,128,0,0,51888,6641664,7990752
Mar-2026,DC TIGALAPAN,OVERSIZE HW MAMU,PUTIH OS PDK S,0,82,0,0,51895,4255390,0
Apr-2026,DC TIGALAPAN,OVERSIZE HW MAMU,PUTIH OS PDK S,0,122,0,0,51895,6331190,4255390
Mei-2026,DC TIGALAPAN,OVERSIZE HW MAMU,PUTIH OS PDK S,0,107,0,0,51895,5552765,6331190
Jun-2026,DC TIGALAPAN,OVERSIZE HW MAMU,PUTIH OS PDK S,0,101,0,0,51895,5241395,5552765
Jul-2026,DC TIGALAPAN,OVERSIZE HW MAMU,PUTIH OS PDK S,0,84,0,0,51895,4359180,5241395
Agu-2026,DC TIGALAPAN,OVERSIZE HW MAMU,PUTIH OS PDK S,0,60,0,0,51895,3113700,4359180
Sep-2026,DC TIGALAPAN,OVERSIZE HW MAMU,PUTIH OS PDK S,0,32,0,0,51895,1660640,3113700
Okt-2026,DC TIGALAPAN,OVERSIZE HW MAMU,PUTIH OS PDK S,0,14,0,0,51895,726530,1660640
Apr-2026,DC TIGALAPAN,OVERSIZE HW MAMU,PUTIH OS PDK XL,0,4,0,0,51167,204668,0
Jun-2026,DC TIGALAPAN,OVERSIZE HW MAMU,PUTIH OS PDK XL,0,8,0,0,51895,415160,0
Jul-2026,DC TIGALAPAN,OVERSIZE HW MAMU,PUTIH OS PDK XL,0,1,0,0,51895,51895,415160
Agu-2026,DC TIGALAPAN,OVERSIZE HW MAMU,COKLAT TUA OS PDK 2XL,0,0,0,0,53371,0,533710
Agu-2026,DC TIGALAPAN,OVERSIZE HW MAMU,COKLAT TUA OS PDK S,0,0,0,0,53371,0,480339
Mei-2026,DC TIGALAPAN,OVERSIZE HW MAMU,DENIM BLUE OS PDK XL,0,0,0,0,53483,0,53483
Sep-2026,DC TIGALAPAN,OVERSIZE HW MAMU,DENIM BLUE OS PDK XL,0,0,0,0,54375,0,598125
Sep-2026,DC TIGALAPAN,OVERSIZE HW MAMU,JET BLACK OS PDK 2XL,0,0,0,0,61470,0,245880
Mei-2026,DC TIGALAPAN,OVERSIZE HW MAMU,JET BLACK OS PDK XL,0,0,0,0,58009,0,116018
Jul-2026,DC TIGALAPAN,OVERSIZE HW MAMU,JET BLACK OS PDK XL,0,0,0,0,61470,0,614700
Apr-2026,DC TIGALAPAN,OVERSIZE HW MAMU,MINERAL GREEN OS PDK XL,0,0,0,0,63332,0,63332
Mei-2026,DC TIGALAPAN,OVERSIZE HW MAMU,PUTIH OS PDK 2XL,0,0,0,0,64246,0,385476
Sep-2026,DC TIGALAPAN,OVERSIZE HW MAMU,PUTIH OS PDK 2XL,0,0,0,0,51895,0,207580
Mei-2026,DC TIGALAPAN,OVERSIZE HW MAMU,PUTIH OS PDK XL,0,0,0,0,51167,0,204668
Agu-2026,DC TIGALAPAN,OVERSIZE HW MAMU,PUTIH OS PDK XL,0,0,0,0,51895,0,51895
