Bulan,Store,Warna,Item,COGS,OH Qty,OD Qty,WIP Qty,HPP,Inventory Akhir,Inventory Awal
Jan-2026,MAMU BTP,OVERSIZE 16S MAMU,OS ARMY GREEN V16 PDK 2XL,0,9,0,0,45084,405756,0
Feb-2026,MAMU BTP,OVERSIZE 16S MAMU,OS ARMY GREEN V16 PDK 2XL,45084,8,0,0,45084,360672,405756
Mar-2026,MAMU BTP,OVERSIZE 16S MAMU,OS ARMY GREEN V16 PDK 2XL,90168,6,0,0,45084,270504,360672
Apr-2026,MAMU BTP,OVERSIZE 16S MAMU,OS ARMY GREEN V16 PDK 2XL,45084,5,0,0,45084,225420,270504
Mei-2026,MAMU BTP,OVERSIZE 16S MAMU,OS ARMY GREEN V16 PDK 2XL,45084,3,0,0,45084,135252,225420
Jun-2026,MAMU BTP,OVERSIZE 16S MAMU,OS ARMY GREEN V16 PDK 2XL,190425,2,0,0,45084,90168,135252
Jul-2026,MAMU BTP,OVERSIZE 16S MAMU,OS ARMY GREEN V16 PDK 2XL,0,3,0,0,45084,135252,90168
Agu-2026,MAMU BTP,OVERSIZE 16S MAMU,OS ARMY GREEN V16 PDK 2XL,0,3,0,0,45084,135252,135252
Sep-2026,MAMU BTP,OVERSIZE 16S MAMU,OS ARMY GREEN V16 PDK 2XL,36782,2,0,0,45084,90168,135252
Okt-2026,MAMU BTP,OVERSIZE 16S MAMU,OS ARMY GREEN V16 PDK 2XL,36782,1,0,0,45084,45084,90168
Jan-2026,MAMU BTP,OVERSIZE 16S MAMU,OS ARMY GREEN V16 PDK L,43131,42,0,0,43131,1811502,0
Feb-2026,MAMU BTP,OVERSIZE 16S MAMU,OS ARMY GREEN V16 PDK L,43131,41,0,0,43131,1768371,1811502
Mar-2026,MAMU BTP,OVERSIZE 16S MAMU,OS ARMY GREEN V16 PDK L,345048,33,0,0,43131,1423323,1768371
Apr-2026,MAMU BTP,OVERSIZE 16S MAMU,OS ARMY GREEN V16 PDK L,172524,24,0,0,43131,1035144,1423323
Mei-2026,MAMU BTP,OVERSIZE 16S MAMU,OS ARMY GREEN V16 PDK L,43131,21,0,0,43131,905751,1035144
Jun-2026,MAMU BTP,OVERSIZE 16S MAMU,OS ARMY GREEN V16 PDK L,129393,18,0,0,43131,776358,905751
Jul-2026,MAMU BTP,OVERSIZE 16S MAMU,OS ARMY GREEN V16 PDK L,73938,20,0,0,43131,862620,776358
Agu-2026,MAMU BTP,OVERSIZE 16S MAMU,OS ARMY GREEN V16 PDK L,184845,12,0,0,43131,517572,862620
Sep-2026,MAMU BTP,OVERSIZE 16S MAMU,OS ARMY GREEN V16 PDK L,73938,8,0,0,43131,345048,517572
Okt-2026,MAMU BTP,OVERSIZE 16S MAMU,OS ARMY GREEN V16 PDK L,0,8,0,0,43131,345048,345048
Jan-2026,MAMU BTP,OVERSIZE 16S MAMU,OS ARMY GREEN V16 PDK M,88162,5,0,0,44081,220405,0
Feb-2026,MAMU BTP,OVERSIZE 16S MAMU,OS ARMY GREEN V16 PDK M,44081,4,0,0,44081,176324,220405
Mar-2026,MAMU BTP,OVERSIZE 16S MAMU,OS ARMY GREEN V16 PDK M,220405,0,0,0,44081,0,176324
Apr-2026,MAMU BTP,OVERSIZE 16S MAMU,OS ARMY GREEN V16 PDK M,44081,0,0,0,44081,0,0
Jun-2026,MAMU BTP,OVERSIZE 16S MAMU,OS ARMY GREEN V16 PDK M,0,10,0,0,44081,440810,0
Jul-2026,MAMU BTP,OVERSIZE 16S MAMU,OS ARMY GREEN V16 PDK M,55173,9,0,0,44081,396729,440810
Agu-2026,MAMU BTP,OVERSIZE 16S MAMU,OS ARMY GREEN V16 PDK M,165519,7,0,0,44081,308567,396729
Sep-2026,MAMU BTP,OVERSIZE 16S MAMU,OS ARMY GREEN V16 PDK M,55173,5,0,0,44081,220405,308567
Okt-2026,MAMU BTP,OVERSIZE 16S MAMU,OS ARMY GREEN V16 PDK M,0,5,0,0,44081,220405,220405
Jun-2026,MAMU BTP,OVERSIZE 16S MAMU,OS ARMY GREEN V16 PDK S,0,3,0,0,46697,140091,0
Jul-2026,MAMU BTP,OVERSIZE 16S MAMU,OS ARMY GREEN V16 PDK S,55173,5,0,0,46697,233485,140091
Agu-2026,MAMU BTP,OVERSIZE 16S MAMU,OS ARMY GREEN V16 PDK S,110346,3,0,0,46697,140091,233485
Sep-2026,MAMU BTP,OVERSIZE 16S MAMU,OS ARMY GREEN V16 PDK S,55173,2,0,0,46697,93394,140091
Okt-2026,MAMU BTP,OVERSIZE 16S MAMU,OS ARMY GREEN V16 PDK S,55173,1,0,0,46697,46697,93394
Jan-2026,MAMU BTP,OVERSIZE 16S MAMU,OS ARMY GREEN V16 PDK XL,0,26,0,0,44476,1156376,0
Feb-2026,MAMU BTP,OVERSIZE 16S MAMU,OS ARMY GREEN V16 PDK XL,0,26,0,0,44476,1156376,1156376
Mar-2026,MAMU BTP,OVERSIZE 16S MAMU,OS ARMY GREEN V16 PDK XL,355808,18,0,0,44476,800568,1156376
Apr-2026,MAMU BTP,OVERSIZE 16S MAMU,OS ARMY GREEN V16 PDK XL,88952,14,0,0,44476,622664,800568
Mei-2026,MAMU BTP,OVERSIZE 16S MAMU,OS ARMY GREEN V16 PDK XL,44476,12,0,0,44476,533712,622664
Jun-2026,MAMU BTP,OVERSIZE 16S MAMU,OS ARMY GREEN V16 PDK XL,44476,10,0,0,44476,444760,533712
Jul-2026,MAMU BTP,OVERSIZE 16S MAMU,OS ARMY GREEN V16 PDK XL,40433,10,0,0,44476,444760,444760
Agu-2026,MAMU BTP,OVERSIZE 16S MAMU,OS ARMY GREEN V16 PDK XL,0,8,0,0,44476,355808,444760
Sep-2026,MAMU BTP,OVERSIZE 16S MAMU,OS ARMY GREEN V16 PDK XL,121299,6,0,0,44476,266856,355808
Okt-2026,MAMU BTP,OVERSIZE 16S MAMU,OS ARMY GREEN V16 PDK XL,40433,4,0,0,44476,177904,266856
Jan-2026,MAMU BTP,OVERSIZE 16S MAMU,OS COKLAT SUSU V16 PDK 2XL,42820,1,0,0,42820,42820,0
Feb-2026,MAMU BTP,OVERSIZE 16S MAMU,OS COKLAT SUSU V16 PDK 2XL,42820,0,0,0,42820,0,42820
Jan-2026,MAMU BTP,OVERSIZE 16S MAMU,OS COKLAT SUSU V16 PDK L,125001,18,0,0,41667,750006,0
Feb-2026,MAMU BTP,OVERSIZE 16S MAMU,OS COKLAT SUSU V16 PDK L,125001,15,0,0,41667,625005,750006
Mar-2026,MAMU BTP,OVERSIZE 16S MAMU,OS COKLAT SUSU V16 PDK L,416670,8,0,0,41667,333336,625005
Apr-2026,MAMU BTP,OVERSIZE 16S MAMU,OS COKLAT SUSU V16 PDK L,0,5,0,0,41667,208335,333336
Mei-2026,MAMU BTP,OVERSIZE 16S MAMU,OS COKLAT SUSU V16 PDK L,125001,2,0,0,41667,83334,208335
Jun-2026,MAMU BTP,OVERSIZE 16S MAMU,OS COKLAT SUSU V16 PDK L,0,2,0,0,41667,83334,83334
Jul-2026,MAMU BTP,OVERSIZE 16S MAMU,OS COKLAT SUSU V16 PDK L,41667,1,0,0,41667,41667,83334
Agu-2026,MAMU BTP,OVERSIZE 16S MAMU,OS COKLAT SUSU V16 PDK L,0,0,0,0,41667,0,41667
Mar-2026,MAMU BTP,OVERSIZE 16S MAMU,OS COKLAT SUSU V16 PDK M,0,2,0,0,42349,84698,0
Apr-2026,MAMU BTP,OVERSIZE 16S MAMU,OS COKLAT SUSU V16 PDK M,42349,1,0,0,42349,42349,84698
Mei-2026,MAMU BTP,OVERSIZE 16S MAMU,OS COKLAT SUSU V16 PDK M,42349,0,0,0,42349,0,42349
Jan-2026,MAMU BTP,OVERSIZE 16S MAMU,OS COKLAT SUSU V16 PDK S,84698,0,0,0,42349,0,0
Jan-2026,MAMU BTP,OVERSIZE 16S MAMU,OS COKLAT SUSU V16 PDK XL,128175,29,0,0,42725,1239025,0
Feb-2026,MAMU BTP,OVERSIZE 16S MAMU,OS COKLAT SUSU V16 PDK XL,0,29,0,0,42725,1239025,1239025
Mar-2026,MAMU BTP,OVERSIZE 16S MAMU,OS COKLAT SUSU V16 PDK XL,341800,16,0,0,42725,683600,1239025
Apr-2026,MAMU BTP,OVERSIZE 16S MAMU,OS COKLAT SUSU V16 PDK XL,42725,10,0,0,42725,427250,683600
Mei-2026,MAMU BTP,OVERSIZE 16S MAMU,OS COKLAT SUSU V16 PDK XL,42725,9,0,0,42725,384525,427250
Jun-2026,MAMU BTP,OVERSIZE 16S MAMU,OS COKLAT SUSU V16 PDK XL,170900,5,0,0,42725,213625,384525
Jul-2026,MAMU BTP,OVERSIZE 16S MAMU,OS COKLAT SUSU V16 PDK XL,128175,2,0,0,42725,85450,213625
Agu-2026,MAMU BTP,OVERSIZE 16S MAMU,OS COKLAT SUSU V16 PDK XL,0,2,0,0,42725,85450,85450
Sep-2026,MAMU BTP,OVERSIZE 16S MAMU,OS COKLAT SUSU V16 PDK XL,42725,1,0,0,42725,42725,85450
Okt-2026,MAMU BTP,OVERSIZE 16S MAMU,OS COKLAT SUSU V16 PDK XL,0,1,0,0,42725,42725,42725
Jan-2026,MAMU BTP,OVERSIZE 16S MAMU,OS DENIM BLUE V16 PDK 2XL,0,5,0,0,42601,213005,0
Feb-2026,MAMU BTP,OVERSIZE 16S MAMU,OS DENIM BLUE V16 PDK 2XL,42601,3,0,0,42601,127803,213005
Mar-2026,MAMU BTP,OVERSIZE 16S MAMU,OS DENIM BLUE V16 PDK 2XL,127803,0,0,0,42601,0,127803
Apr-2026,MAMU BTP,OVERSIZE 16S MAMU,OS DENIM BLUE V16 PDK 2XL,0,1,0,0,42601,42601,0
Mei-2026,MAMU BTP,OVERSIZE 16S MAMU,OS DENIM BLUE V16 PDK 2XL,42601,0,0,0,42601,0,42601
Jun-2026,MAMU BTP,OVERSIZE 16S MAMU,OS DENIM BLUE V16 PDK 2XL,0,3,0,0,42601,127803,0
Jul-2026,MAMU BTP,OVERSIZE 16S MAMU,OS DENIM BLUE V16 PDK 2XL,111878,2,0,0,42601,85202,127803
Agu-2026,MAMU BTP,OVERSIZE 16S MAMU,OS DENIM BLUE V16 PDK 2XL,0,2,0,0,42601,85202,85202
Sep-2026,MAMU BTP,OVERSIZE 16S MAMU,OS DENIM BLUE V16 PDK 2XL,111878,0,0,0,42601,0,85202
Jan-2026,MAMU BTP,OVERSIZE 16S MAMU,OS DENIM BLUE V16 PDK L,82938,30,0,0,41469,1244070,0
Feb-2026,MAMU BTP,OVERSIZE 16S MAMU,OS DENIM BLUE V16 PDK L,82938,28,0,0,41469,1161132,1244070
Mar-2026,MAMU BTP,OVERSIZE 16S MAMU,OS DENIM BLUE V16 PDK L,331752,10,0,0,38625,386250,1161132
Apr-2026,MAMU BTP,OVERSIZE 16S MAMU,OS DENIM BLUE V16 PDK L,82938,9,0,0,38625,347625,386250
Mei-2026,MAMU BTP,OVERSIZE 16S MAMU,OS DENIM BLUE V16 PDK L,82938,9,0,0,38821,349389,347625
Jun-2026,MAMU BTP,OVERSIZE 16S MAMU,OS DENIM BLUE V16 PDK L,248814,3,0,0,38821,116463,349389
Jul-2026,MAMU BTP,OVERSIZE 16S MAMU,OS DENIM BLUE V16 PDK L,121229,5,0,0,38821,194105,116463
Agu-2026,MAMU BTP,OVERSIZE 16S MAMU,OS DENIM BLUE V16 PDK L,0,3,7,0,38821,388210,194105
Sep-2026,MAMU BTP,OVERSIZE 16S MAMU,OS DENIM BLUE V16 PDK L,195695,5,0,0,38821,194105,388210
Okt-2026,MAMU BTP,OVERSIZE 16S MAMU,OS DENIM BLUE V16 PDK L,0,5,0,0,38821,194105,194105
Jan-2026,MAMU BTP,OVERSIZE 16S MAMU,OS DENIM BLUE V16 PDK M,41868,3,0,0,41868,125604,0
Feb-2026,MAMU BTP,OVERSIZE 16S MAMU,OS DENIM BLUE V16 PDK M,83736,1,0,0,41868,41868,125604
Mar-2026,MAMU BTP,OVERSIZE 16S MAMU,OS DENIM BLUE V16 PDK M,80315,34,0,0,38447,1307198,41868
Apr-2026,MAMU BTP,OVERSIZE 16S MAMU,OS DENIM BLUE V16 PDK M,153788,30,0,0,38447,1153410,1307198
Mei-2026,MAMU BTP,OVERSIZE 16S MAMU,OS DENIM BLUE V16 PDK M,192235,27,0,0,41868,1130436,1153410
Jun-2026,MAMU BTP,OVERSIZE 16S MAMU,OS DENIM BLUE V16 PDK M,115341,21,0,0,41868,879228,1130436
Jul-2026,MAMU BTP,OVERSIZE 16S MAMU,OS DENIM BLUE V16 PDK M,404607,21,0,0,41868,879228,879228
Agu-2026,MAMU BTP,OVERSIZE 16S MAMU,OS DENIM BLUE V16 PDK M,73232,10,0,0,41868,418680,879228
Sep-2026,MAMU BTP,OVERSIZE 16S MAMU,OS DENIM BLUE V16 PDK M,0,18,0,0,41868,753624,418680
Okt-2026,MAMU BTP,OVERSIZE 16S MAMU,OS DENIM BLUE V16 PDK M,131280,15,0,0,41868,628020,753624
Jan-2026,MAMU BTP,OVERSIZE 16S MAMU,OS DENIM BLUE V16 PDK S,42139,0,0,0,42139,0,0
Mar-2026,MAMU BTP,OVERSIZE 16S MAMU,OS DENIM BLUE V16 PDK S,0,50,0,0,38447,1922350,0
Apr-2026,MAMU BTP,OVERSIZE 16S MAMU,OS DENIM BLUE V16 PDK S,76894,48,0,0,38447,1845456,1922350
Mei-2026,MAMU BTP,OVERSIZE 16S MAMU,OS DENIM BLUE V16 PDK S,115341,43,0,0,38550,1657650,1845456
Jun-2026,MAMU BTP,OVERSIZE 16S MAMU,OS DENIM BLUE V16 PDK S,115341,39,0,0,38550,1503450,1657650
Jul-2026,MAMU BTP,OVERSIZE 16S MAMU,OS DENIM BLUE V16 PDK S,0,41,0,0,38550,1580550,1503450
Agu-2026,MAMU BTP,OVERSIZE 16S MAMU,OS DENIM BLUE V16 PDK S,36860,41,7,0,38550,1850400,1580550
Sep-2026,MAMU BTP,OVERSIZE 16S MAMU,OS DENIM BLUE V16 PDK S,184300,43,0,0,38550,1657650,1850400
Okt-2026,MAMU BTP,OVERSIZE 16S MAMU,OS DENIM BLUE V16 PDK S,110580,39,0,0,38550,1503450,1657650
Jan-2026,MAMU BTP,OVERSIZE 16S MAMU,OS DENIM BLUE V16 PDK XL,125604,20,0,0,41868,837360,0
Feb-2026,MAMU BTP,OVERSIZE 16S MAMU,OS DENIM BLUE V16 PDK XL,41868,20,0,0,41868,837360,837360
Mar-2026,MAMU BTP,OVERSIZE 16S MAMU,OS DENIM BLUE V16 PDK XL,251208,4,0,0,41868,167472,837360
Apr-2026,MAMU BTP,OVERSIZE 16S MAMU,OS DENIM BLUE V16 PDK XL,41868,5,0,0,41868,209340,167472
Mei-2026,MAMU BTP,OVERSIZE 16S MAMU,OS DENIM BLUE V16 PDK XL,41868,1,0,0,41868,41868,209340
Jun-2026,MAMU BTP,OVERSIZE 16S MAMU,OS DENIM BLUE V16 PDK XL,53594,5,0,0,41868,209340,41868
Jul-2026,MAMU BTP,OVERSIZE 16S MAMU,OS DENIM BLUE V16 PDK XL,103694,7,0,0,41868,293076,209340
Agu-2026,MAMU BTP,OVERSIZE 16S MAMU,OS DENIM BLUE V16 PDK XL,0,6,1,0,41868,293076,293076
Sep-2026,MAMU BTP,OVERSIZE 16S MAMU,OS DENIM BLUE V16 PDK XL,160782,16,0,0,41868,669888,293076
Okt-2026,MAMU BTP,OVERSIZE 16S MAMU,OS DENIM BLUE V16 PDK XL,48462,15,0,0,41868,628020,669888
Jan-2026,MAMU BTP,OVERSIZE 16S MAMU,OS JET BLACK V16 PDK 2XL,46112,0,0,0,46112,0,0
Mar-2026,MAMU BTP,OVERSIZE 16S MAMU,OS JET BLACK V16 PDK 2XL,0,10,0,0,45054,450540,0
Apr-2026,MAMU BTP,OVERSIZE 16S MAMU,OS JET BLACK V16 PDK 2XL,180216,4,0,0,45054,180216,450540
Mei-2026,MAMU BTP,OVERSIZE 16S MAMU,OS JET BLACK V16 PDK 2XL,90108,1,0,0,45054,45054,180216
Jun-2026,MAMU BTP,OVERSIZE 16S MAMU,OS JET BLACK V16 PDK 2XL,45054,0,0,0,46112,0,45054
Jul-2026,MAMU BTP,OVERSIZE 16S MAMU,OS JET BLACK V16 PDK 2XL,57797,1,0,0,45054,45054,0
Agu-2026,MAMU BTP,OVERSIZE 16S MAMU,OS JET BLACK V16 PDK 2XL,135162,3,0,0,45054,135162,45054
Sep-2026,MAMU BTP,OVERSIZE 16S MAMU,OS JET BLACK V16 PDK 2XL,146445,1,0,0,45054,45054,135162
Okt-2026,MAMU BTP,OVERSIZE 16S MAMU,OS JET BLACK V16 PDK 2XL,-45966,1,0,0,45054,45054,45054
Jan-2026,MAMU BTP,OVERSIZE 16S MAMU,OS JET BLACK V16 PDK L,851257,9,0,0,44390,399510,0
Feb-2026,MAMU BTP,OVERSIZE 16S MAMU,OS JET BLACK V16 PDK L,403227,0,0,0,44390,0,399510
Mar-2026,MAMU BTP,OVERSIZE 16S MAMU,OS JET BLACK V16 PDK L,0,1,20,0,45040,945840,0
Apr-2026,MAMU BTP,OVERSIZE 16S MAMU,OS JET BLACK V16 PDK L,855760,3,10,0,45040,585520,945840
Mei-2026,MAMU BTP,OVERSIZE 16S MAMU,OS JET BLACK V16 PDK L,1035920,2,0,0,45040,90080,585520
Jun-2026,MAMU BTP,OVERSIZE 16S MAMU,OS JET BLACK V16 PDK L,344730,11,0,0,45040,495440,90080
Jul-2026,MAMU BTP,OVERSIZE 16S MAMU,OS JET BLACK V16 PDK L,474224,3,0,0,45040,135120,495440
Agu-2026,MAMU BTP,OVERSIZE 16S MAMU,OS JET BLACK V16 PDK L,221304,5,0,0,45040,225200,135120
Sep-2026,MAMU BTP,OVERSIZE 16S MAMU,OS JET BLACK V16 PDK L,395979,18,0,0,45040,810720,225200
Okt-2026,MAMU BTP,OVERSIZE 16S MAMU,OS JET BLACK V16 PDK L,100105,52,0,0,45040,2342080,810720
Jan-2026,MAMU BTP,OVERSIZE 16S MAMU,OS JET BLACK V16 PDK M,1072656,72,0,0,44390,3196080,0
Feb-2026,MAMU BTP,OVERSIZE 16S MAMU,OS JET BLACK V16 PDK M,580996,59,0,0,44390,2619010,3196080
Mar-2026,MAMU BTP,OVERSIZE 16S MAMU,OS JET BLACK V16 PDK M,1341189,39,0,0,44888,1750632,2619010
Apr-2026,MAMU BTP,OVERSIZE 16S MAMU,OS JET BLACK V16 PDK M,1345096,4,20,0,44890,1077360,1750632
Mei-2026,MAMU BTP,OVERSIZE 16S MAMU,OS JET BLACK V16 PDK M,897719,0,0,0,44390,0,1077360
Jul-2026,MAMU BTP,OVERSIZE 16S MAMU,OS JET BLACK V16 PDK M,102350,3,0,0,44890,134670,0
Agu-2026,MAMU BTP,OVERSIZE 16S MAMU,OS JET BLACK V16 PDK M,68233,0,0,0,44390,0,134670
Sep-2026,MAMU BTP,OVERSIZE 16S MAMU,OS JET BLACK V16 PDK M,237960,18,0,0,44890,808020,0
Okt-2026,MAMU BTP,OVERSIZE 16S MAMU,OS JET BLACK V16 PDK M,-68478,43,0,0,44890,1930270,808020
Jan-2026,MAMU BTP,OVERSIZE 16S MAMU,OS JET BLACK V16 PDK S,447770,55,0,0,44390,2441450,0
Feb-2026,MAMU BTP,OVERSIZE 16S MAMU,OS JET BLACK V16 PDK S,537324,45,0,0,44390,1997550,2441450
Mar-2026,MAMU BTP,OVERSIZE 16S MAMU,OS JET BLACK V16 PDK S,582101,17,0,0,44946,764082,1997550
Apr-2026,MAMU BTP,OVERSIZE 16S MAMU,OS JET BLACK V16 PDK S,718816,1,10,0,44946,494406,764082
Mei-2026,MAMU BTP,OVERSIZE 16S MAMU,OS JET BLACK V16 PDK S,404496,0,0,0,44390,0,494406
Jun-2026,MAMU BTP,OVERSIZE 16S MAMU,OS JET BLACK V16 PDK S,169887,1,0,0,44946,44946,0
Jul-2026,MAMU BTP,OVERSIZE 16S MAMU,OS JET BLACK V16 PDK S,146520,1,0,0,44946,44946,44946
Agu-2026,MAMU BTP,OVERSIZE 16S MAMU,OS JET BLACK V16 PDK S,89892,3,0,0,44946,134838,44946
Sep-2026,MAMU BTP,OVERSIZE 16S MAMU,OS JET BLACK V16 PDK S,163926,18,0,0,44946,809028,134838
Okt-2026,MAMU BTP,OVERSIZE 16S MAMU,OS JET BLACK V16 PDK S,152168,22,0,0,44946,988812,809028
Jan-2026,MAMU BTP,OVERSIZE 16S MAMU,OS JET BLACK V16 PDK XL,670410,12,0,0,44390,532680,0
Feb-2026,MAMU BTP,OVERSIZE 16S MAMU,OS JET BLACK V16 PDK XL,402246,3,0,0,44390,133170,532680
Mar-2026,MAMU BTP,OVERSIZE 16S MAMU,OS JET BLACK V16 PDK XL,134082,1,15,0,45054,720864,133170
Apr-2026,MAMU BTP,OVERSIZE 16S MAMU,OS JET BLACK V16 PDK XL,540384,2,0,0,45054,90108,720864
Mei-2026,MAMU BTP,OVERSIZE 16S MAMU,OS JET BLACK V16 PDK XL,45032,0,0,0,44390,0,90108
Jun-2026,MAMU BTP,OVERSIZE 16S MAMU,OS JET BLACK V16 PDK XL,288985,0,0,0,44390,0,0
Jul-2026,MAMU BTP,OVERSIZE 16S MAMU,OS JET BLACK V16 PDK XL,346782,6,0,0,45054,270324,0
Agu-2026,MAMU BTP,OVERSIZE 16S MAMU,OS JET BLACK V16 PDK XL,57797,0,1,0,45054,45054,270324
Sep-2026,MAMU BTP,OVERSIZE 16S MAMU,OS JET BLACK V16 PDK XL,254504,20,0,0,45054,901080,45054
Okt-2026,MAMU BTP,OVERSIZE 16S MAMU,OS JET BLACK V16 PDK XL,-59490,9,0,0,45054,405486,901080
Jan-2026,MAMU BTP,OVERSIZE 16S MAMU,OS LIGHT BROWN V16 PDK 2XL,0,5,0,0,41365,206825,0
Feb-2026,MAMU BTP,OVERSIZE 16S MAMU,OS LIGHT BROWN V16 PDK 2XL,41365,2,0,0,41365,82730,206825
Mar-2026,MAMU BTP,OVERSIZE 16S MAMU,OS LIGHT BROWN V16 PDK 2XL,82730,0,0,0,41365,0,82730
Apr-2026,MAMU BTP,OVERSIZE 16S MAMU,OS LIGHT BROWN V16 PDK 2XL,41365,0,0,0,41365,0,0
Jun-2026,MAMU BTP,OVERSIZE 16S MAMU,OS LIGHT BROWN V16 PDK 2XL,53951,2,0,0,41365,82730,0
Jul-2026,MAMU BTP,OVERSIZE 16S MAMU,OS LIGHT BROWN V16 PDK 2XL,0,4,0,0,41365,165460,82730
Agu-2026,MAMU BTP,OVERSIZE 16S MAMU,OS LIGHT BROWN V16 PDK 2XL,0,4,0,0,41365,165460,165460
Sep-2026,MAMU BTP,OVERSIZE 16S MAMU,OS LIGHT BROWN V16 PDK 2XL,26976,3,0,0,41365,124095,165460
Okt-2026,MAMU BTP,OVERSIZE 16S MAMU,OS LIGHT BROWN V16 PDK 2XL,53952,1,0,0,41365,41365,124095
Jan-2026,MAMU BTP,OVERSIZE 16S MAMU,OS LIGHT BROWN V16 PDK L,78452,4,0,0,39226,156904,0
Feb-2026,MAMU BTP,OVERSIZE 16S MAMU,OS LIGHT BROWN V16 PDK L,156904,0,0,0,39226,0,156904
Mar-2026,MAMU BTP,OVERSIZE 16S MAMU,OS LIGHT BROWN V16 PDK L,39226,1,0,0,39226,39226,0
Apr-2026,MAMU BTP,OVERSIZE 16S MAMU,OS LIGHT BROWN V16 PDK L,233753,6,5,0,38902,427922,39226
Mei-2026,MAMU BTP,OVERSIZE 16S MAMU,OS LIGHT BROWN V16 PDK L,116757,7,0,0,38939,272573,427922
Jun-2026,MAMU BTP,OVERSIZE 16S MAMU,OS LIGHT BROWN V16 PDK L,116757,4,0,0,38939,155756,272573
Jul-2026,MAMU BTP,OVERSIZE 16S MAMU,OS LIGHT BROWN V16 PDK L,77915,5,0,0,38939,194695,155756
Agu-2026,MAMU BTP,OVERSIZE 16S MAMU,OS LIGHT BROWN V16 PDK L,77909,8,5,0,38939,506207,194695
Sep-2026,MAMU BTP,OVERSIZE 16S MAMU,OS LIGHT BROWN V16 PDK L,371894,16,0,0,38939,623024,506207
Okt-2026,MAMU BTP,OVERSIZE 16S MAMU,OS LIGHT BROWN V16 PDK L,45050,14,0,0,38939,545146,623024
Mar-2026,MAMU BTP,OVERSIZE 16S MAMU,OS LIGHT BROWN V16 PDK M,0,0,1,0,39714,39714,0
Apr-2026,MAMU BTP,OVERSIZE 16S MAMU,OS LIGHT BROWN V16 PDK M,194525,6,0,0,38905,233430,39714
Mei-2026,MAMU BTP,OVERSIZE 16S MAMU,OS LIGHT BROWN V16 PDK M,77810,5,0,0,38905,194525,233430
Jun-2026,MAMU BTP,OVERSIZE 16S MAMU,OS LIGHT BROWN V16 PDK M,116715,6,0,0,38905,233430,194525
Jul-2026,MAMU BTP,OVERSIZE 16S MAMU,OS LIGHT BROWN V16 PDK M,116715,4,0,0,38905,155620,233430
Agu-2026,MAMU BTP,OVERSIZE 16S MAMU,OS LIGHT BROWN V16 PDK M,77810,8,5,0,38905,505765,155620
Sep-2026,MAMU BTP,OVERSIZE 16S MAMU,OS LIGHT BROWN V16 PDK M,116715,8,0,0,38905,311240,505765
Okt-2026,MAMU BTP,OVERSIZE 16S MAMU,OS LIGHT BROWN V16 PDK M,38905,7,0,0,38905,272335,311240
Apr-2026,MAMU BTP,OVERSIZE 16S MAMU,OS LIGHT BROWN V16 PDK S,350181,5,5,0,38893,388930,0
Mei-2026,MAMU BTP,OVERSIZE 16S MAMU,OS LIGHT BROWN V16 PDK S,233574,0,0,0,41829,0,388930
Jul-2026,MAMU BTP,OVERSIZE 16S MAMU,OS LIGHT BROWN V16 PDK S,0,5,0,0,38965,194825,0
Agu-2026,MAMU BTP,OVERSIZE 16S MAMU,OS LIGHT BROWN V16 PDK S,43782,10,5,0,38965,584475,194825
Sep-2026,MAMU BTP,OVERSIZE 16S MAMU,OS LIGHT BROWN V16 PDK S,175128,18,0,0,38965,701370,584475
Okt-2026,MAMU BTP,OVERSIZE 16S MAMU,OS LIGHT BROWN V16 PDK S,95178,16,0,0,38965,623440,701370
Jan-2026,MAMU BTP,OVERSIZE 16S MAMU,OS LIGHT BROWN V16 PDK XL,0,19,0,0,39714,754566,0
Feb-2026,MAMU BTP,OVERSIZE 16S MAMU,OS LIGHT BROWN V16 PDK XL,0,21,0,0,39714,833994,754566
Mar-2026,MAMU BTP,OVERSIZE 16S MAMU,OS LIGHT BROWN V16 PDK XL,277998,14,0,0,39714,555996,833994
Apr-2026,MAMU BTP,OVERSIZE 16S MAMU,OS LIGHT BROWN V16 PDK XL,277998,6,0,0,39714,238284,555996
Mei-2026,MAMU BTP,OVERSIZE 16S MAMU,OS LIGHT BROWN V16 PDK XL,79428,1,0,0,39714,39714,238284
Jun-2026,MAMU BTP,OVERSIZE 16S MAMU,OS LIGHT BROWN V16 PDK XL,39714,0,0,0,39714,0,39714
Jul-2026,MAMU BTP,OVERSIZE 16S MAMU,OS LIGHT BROWN V16 PDK XL,53951,6,0,0,39714,238284,0
Agu-2026,MAMU BTP,OVERSIZE 16S MAMU,OS LIGHT BROWN V16 PDK XL,53951,5,0,0,39714,198570,238284
Sep-2026,MAMU BTP,OVERSIZE 16S MAMU,OS LIGHT BROWN V16 PDK XL,49721,11,0,0,39714,436854,198570
Okt-2026,MAMU BTP,OVERSIZE 16S MAMU,OS LIGHT BROWN V16 PDK XL,99442,8,0,0,39714,317712,436854
Jan-2026,MAMU BTP,OVERSIZE 16S MAMU,OS MINERAL GREEN V16 PDK 2XL,0,10,0,0,44432,444320,0
Feb-2026,MAMU BTP,OVERSIZE 16S MAMU,OS MINERAL GREEN V16 PDK 2XL,0,10,0,0,44432,444320,444320
Mar-2026,MAMU BTP,OVERSIZE 16S MAMU,OS MINERAL GREEN V16 PDK 2XL,88864,5,0,0,44432,222160,444320
Apr-2026,MAMU BTP,OVERSIZE 16S MAMU,OS MINERAL GREEN V16 PDK 2XL,0,5,0,0,44432,222160,222160
Mei-2026,MAMU BTP,OVERSIZE 16S MAMU,OS MINERAL GREEN V16 PDK 2XL,0,1,0,0,44432,44432,222160
Jun-2026,MAMU BTP,OVERSIZE 16S MAMU,OS MINERAL GREEN V16 PDK 2XL,0,0,0,0,44432,0,44432
Jul-2026,MAMU BTP,OVERSIZE 16S MAMU,OS MINERAL GREEN V16 PDK 2XL,0,4,0,0,44432,177728,0
Agu-2026,MAMU BTP,OVERSIZE 16S MAMU,OS MINERAL GREEN V16 PDK 2XL,0,4,0,0,44432,177728,177728
Sep-2026,MAMU BTP,OVERSIZE 16S MAMU,OS MINERAL GREEN V16 PDK 2XL,0,1,0,0,44432,44432,177728
Okt-2026,MAMU BTP,OVERSIZE 16S MAMU,OS MINERAL GREEN V16 PDK 2XL,0,0,0,0,44432,0,44432
Jan-2026,MAMU BTP,OVERSIZE 16S MAMU,OS MINERAL GREEN V16 PDK L,84168,43,0,0,42084,1809612,0
Feb-2026,MAMU BTP,OVERSIZE 16S MAMU,OS MINERAL GREEN V16 PDK L,42084,42,0,0,42084,1767528,1809612
Mar-2026,MAMU BTP,OVERSIZE 16S MAMU,OS MINERAL GREEN V16 PDK L,210420,22,0,0,42084,925848,1767528
Apr-2026,MAMU BTP,OVERSIZE 16S MAMU,OS MINERAL GREEN V16 PDK L,84168,21,0,0,40339,847119,925848
Mei-2026,MAMU BTP,OVERSIZE 16S MAMU,OS MINERAL GREEN V16 PDK L,84168,17,0,0,40339,685763,847119
Jun-2026,MAMU BTP,OVERSIZE 16S MAMU,OS MINERAL GREEN V16 PDK L,210420,12,0,0,40339,484068,685763
Jul-2026,MAMU BTP,OVERSIZE 16S MAMU,OS MINERAL GREEN V16 PDK L,38847,12,0,0,40339,484068,484068
Agu-2026,MAMU BTP,OVERSIZE 16S MAMU,OS MINERAL GREEN V16 PDK L,39145,15,5,0,40339,806780,484068
Sep-2026,MAMU BTP,OVERSIZE 16S MAMU,OS MINERAL GREEN V16 PDK L,118377,16,0,0,40339,645424,806780
Okt-2026,MAMU BTP,OVERSIZE 16S MAMU,OS MINERAL GREEN V16 PDK L,39459,15,0,0,40339,605085,645424
Jan-2026,MAMU BTP,OVERSIZE 16S MAMU,OS MINERAL GREEN V16 PDK M,42154,23,0,0,42154,969542,0
Feb-2026,MAMU BTP,OVERSIZE 16S MAMU,OS MINERAL GREEN V16 PDK M,84308,20,0,0,42154,843080,969542
Mar-2026,MAMU BTP,OVERSIZE 16S MAMU,OS MINERAL GREEN V16 PDK M,252924,9,15,0,40389,969336,843080
Apr-2026,MAMU BTP,OVERSIZE 16S MAMU,OS MINERAL GREEN V16 PDK M,0,24,0,0,40374,968976,969336
Mei-2026,MAMU BTP,OVERSIZE 16S MAMU,OS MINERAL GREEN V16 PDK M,41042,21,0,0,40407,848547,968976
Jun-2026,MAMU BTP,OVERSIZE 16S MAMU,OS MINERAL GREEN V16 PDK M,41042,18,0,0,40407,727326,848547
Jul-2026,MAMU BTP,OVERSIZE 16S MAMU,OS MINERAL GREEN V16 PDK M,36938,19,0,0,40407,767733,727326
Agu-2026,MAMU BTP,OVERSIZE 16S MAMU,OS MINERAL GREEN V16 PDK M,75082,22,5,0,40407,1090989,767733
Sep-2026,MAMU BTP,OVERSIZE 16S MAMU,OS MINERAL GREEN V16 PDK M,76250,25,0,0,40407,1010175,1090989
Okt-2026,MAMU BTP,OVERSIZE 16S MAMU,OS MINERAL GREEN V16 PDK M,0,25,0,0,40407,1010175,1010175
Mar-2026,MAMU BTP,OVERSIZE 16S MAMU,OS MINERAL GREEN V16 PDK S,0,0,10,0,40339,403390,0
Apr-2026,MAMU BTP,OVERSIZE 16S MAMU,OS MINERAL GREEN V16 PDK S,0,10,0,0,40339,403390,403390
Mei-2026,MAMU BTP,OVERSIZE 16S MAMU,OS MINERAL GREEN V16 PDK S,0,10,0,0,40376,403760,403390
Jun-2026,MAMU BTP,OVERSIZE 16S MAMU,OS MINERAL GREEN V16 PDK S,121017,7,0,0,40376,282632,403760
Jul-2026,MAMU BTP,OVERSIZE 16S MAMU,OS MINERAL GREEN V16 PDK S,80678,6,0,0,40376,242256,282632
Agu-2026,MAMU BTP,OVERSIZE 16S MAMU,OS MINERAL GREEN V16 PDK S,0,10,5,0,40376,605640,242256
Sep-2026,MAMU BTP,OVERSIZE 16S MAMU,OS MINERAL GREEN V16 PDK S,80728,13,0,0,40376,524888,605640
Okt-2026,MAMU BTP,OVERSIZE 16S MAMU,OS MINERAL GREEN V16 PDK S,0,13,0,0,40376,524888,524888
Jan-2026,MAMU BTP,OVERSIZE 16S MAMU,OS MINERAL GREEN V16 PDK XL,0,36,0,0,41786,1504296,0
Feb-2026,MAMU BTP,OVERSIZE 16S MAMU,OS MINERAL GREEN V16 PDK XL,41786,36,0,0,41786,1504296,1504296
Mar-2026,MAMU BTP,OVERSIZE 16S MAMU,OS MINERAL GREEN V16 PDK XL,41786,25,0,0,41786,1044650,1504296
Apr-2026,MAMU BTP,OVERSIZE 16S MAMU,OS MINERAL GREEN V16 PDK XL,41786,21,0,0,41786,877506,1044650
Mei-2026,MAMU BTP,OVERSIZE 16S MAMU,OS MINERAL GREEN V16 PDK XL,83572,25,0,0,41786,1044650,877506
Jun-2026,MAMU BTP,OVERSIZE 16S MAMU,OS MINERAL GREEN V16 PDK XL,41786,24,0,0,41786,1002864,1044650
Jul-2026,MAMU BTP,OVERSIZE 16S MAMU,OS MINERAL GREEN V16 PDK XL,125358,14,0,0,41786,585004,1002864
Agu-2026,MAMU BTP,OVERSIZE 16S MAMU,OS MINERAL GREEN V16 PDK XL,0,14,0,0,41786,585004,585004
Sep-2026,MAMU BTP,OVERSIZE 16S MAMU,OS MINERAL GREEN V16 PDK XL,0,14,0,0,41786,585004,585004
Okt-2026,MAMU BTP,OVERSIZE 16S MAMU,OS MINERAL GREEN V16 PDK XL,0,14,0,0,41786,585004,585004
Apr-2026,MAMU BTP,OVERSIZE 16S MAMU,OS NAVY V16 PDK 2XL,0,10,0,0,44097,440970,0
Mei-2026,MAMU BTP,OVERSIZE 16S MAMU,OS NAVY V16 PDK 2XL,44097,9,0,0,44097,396873,440970
Jun-2026,MAMU BTP,OVERSIZE 16S MAMU,OS NAVY V16 PDK 2XL,88194,7,0,0,44097,308679,396873
Jul-2026,MAMU BTP,OVERSIZE 16S MAMU,OS NAVY V16 PDK 2XL,0,7,0,0,44097,308679,308679
Agu-2026,MAMU BTP,OVERSIZE 16S MAMU,OS NAVY V16 PDK 2XL,132291,7,5,0,44097,529164,308679
Sep-2026,MAMU BTP,OVERSIZE 16S MAMU,OS NAVY V16 PDK 2XL,44097,8,0,0,44097,352776,529164
Okt-2026,MAMU BTP,OVERSIZE 16S MAMU,OS NAVY V16 PDK 2XL,44097,7,0,0,44097,308679,352776
Jan-2026,MAMU BTP,OVERSIZE 16S MAMU,OS NAVY V16 PDK L,89208,23,0,0,44604,1025892,0
Feb-2026,MAMU BTP,OVERSIZE 16S MAMU,OS NAVY V16 PDK L,223020,19,0,0,44604,847476,1025892
Mar-2026,MAMU BTP,OVERSIZE 16S MAMU,OS NAVY V16 PDK L,312228,12,4,0,44604,713664,847476
Apr-2026,MAMU BTP,OVERSIZE 16S MAMU,OS NAVY V16 PDK L,88966,14,0,0,44121,617694,713664
Mei-2026,MAMU BTP,OVERSIZE 16S MAMU,OS NAVY V16 PDK L,400347,4,0,0,44138,176552,617694
Jun-2026,MAMU BTP,OVERSIZE 16S MAMU,OS NAVY V16 PDK L,88966,6,0,0,44138,264828,176552
Jul-2026,MAMU BTP,OVERSIZE 16S MAMU,OS NAVY V16 PDK L,493691,0,0,0,44604,0,264828
Agu-2026,MAMU BTP,OVERSIZE 16S MAMU,OS NAVY V16 PDK L,179240,6,5,0,44138,485518,0
Sep-2026,MAMU BTP,OVERSIZE 16S MAMU,OS NAVY V16 PDK L,180034,20,0,0,44138,882760,485518
Okt-2026,MAMU BTP,OVERSIZE 16S MAMU,OS NAVY V16 PDK L,0,19,0,0,44138,838622,882760
Mar-2026,MAMU BTP,OVERSIZE 16S MAMU,OS NAVY V16 PDK M,0,0,20,0,44103,882060,0
Apr-2026,MAMU BTP,OVERSIZE 16S MAMU,OS NAVY V16 PDK M,44100,19,0,0,44100,837900,882060
Mei-2026,MAMU BTP,OVERSIZE 16S MAMU,OS NAVY V16 PDK M,132300,26,0,0,44104,1146704,837900
Jun-2026,MAMU BTP,OVERSIZE 16S MAMU,OS NAVY V16 PDK M,132300,23,0,0,44104,1014392,1146704
Jul-2026,MAMU BTP,OVERSIZE 16S MAMU,OS NAVY V16 PDK M,749713,1,0,0,44104,44104,1014392
Agu-2026,MAMU BTP,OVERSIZE 16S MAMU,OS NAVY V16 PDK M,132312,5,6,0,44104,485144,44104
Sep-2026,MAMU BTP,OVERSIZE 16S MAMU,OS NAVY V16 PDK M,220520,20,0,0,44104,882080,485144
Okt-2026,MAMU BTP,OVERSIZE 16S MAMU,OS NAVY V16 PDK M,44104,19,0,0,44104,837976,882080
Mar-2026,MAMU BTP,OVERSIZE 16S MAMU,OS NAVY V16 PDK S,0,1,10,0,44126,485386,0
Apr-2026,MAMU BTP,OVERSIZE 16S MAMU,OS NAVY V16 PDK S,88202,21,0,0,44100,926100,485386
Mei-2026,MAMU BTP,OVERSIZE 16S MAMU,OS NAVY V16 PDK S,132303,16,0,0,44106,705696,926100
Jun-2026,MAMU BTP,OVERSIZE 16S MAMU,OS NAVY V16 PDK S,44101,15,0,0,44106,661590,705696
Jul-2026,MAMU BTP,OVERSIZE 16S MAMU,OS NAVY V16 PDK S,352808,12,0,0,44106,529272,661590
Agu-2026,MAMU BTP,OVERSIZE 16S MAMU,OS NAVY V16 PDK S,264828,4,5,0,44106,396954,529272
Sep-2026,MAMU BTP,OVERSIZE 16S MAMU,OS NAVY V16 PDK S,88328,20,0,0,44106,882120,396954
Okt-2026,MAMU BTP,OVERSIZE 16S MAMU,OS NAVY V16 PDK S,89190,19,0,0,44106,838014,882120
Jan-2026,MAMU BTP,OVERSIZE 16S MAMU,OS NAVY V16 PDK XL,44504,0,0,0,44504,0,0
Mar-2026,MAMU BTP,OVERSIZE 16S MAMU,OS NAVY V16 PDK XL,0,1,2,0,44504,133512,0
Apr-2026,MAMU BTP,OVERSIZE 16S MAMU,OS NAVY V16 PDK XL,88286,11,0,0,44113,485243,133512
Mei-2026,MAMU BTP,OVERSIZE 16S MAMU,OS NAVY V16 PDK XL,88286,10,0,0,44177,441770,485243
Jun-2026,MAMU BTP,OVERSIZE 16S MAMU,OS NAVY V16 PDK XL,220715,5,0,0,44177,220885,441770
Jul-2026,MAMU BTP,OVERSIZE 16S MAMU,OS NAVY V16 PDK XL,377388,2,0,0,44177,88354,220885
Agu-2026,MAMU BTP,OVERSIZE 16S MAMU,OS NAVY V16 PDK XL,200816,3,7,0,44177,441770,88354
Sep-2026,MAMU BTP,OVERSIZE 16S MAMU,OS NAVY V16 PDK XL,94160,19,0,0,44177,839363,441770
Okt-2026,MAMU BTP,OVERSIZE 16S MAMU,OS NAVY V16 PDK XL,93938,18,0,0,44177,795186,839363
Jan-2026,MAMU BTP,OVERSIZE 16S MAMU,OS ORANGE BATA V16 PDK L,0,76,0,0,44076,3349776,0
Feb-2026,MAMU BTP,OVERSIZE 16S MAMU,OS ORANGE BATA V16 PDK L,88154,74,0,0,44076,3261624,3349776
Mar-2026,MAMU BTP,OVERSIZE 16S MAMU,OS ORANGE BATA V16 PDK L,88154,67,0,0,44077,2953159,3261624
Apr-2026,MAMU BTP,OVERSIZE 16S MAMU,OS ORANGE BATA V16 PDK L,0,62,0,0,44077,2732774,2953159
Mei-2026,MAMU BTP,OVERSIZE 16S MAMU,OS ORANGE BATA V16 PDK L,44077,57,0,0,44077,2512389,2732774
Jun-2026,MAMU BTP,OVERSIZE 16S MAMU,OS ORANGE BATA V16 PDK L,88154,55,0,0,44077,2424235,2512389
Jul-2026,MAMU BTP,OVERSIZE 16S MAMU,OS ORANGE BATA V16 PDK L,0,59,0,0,44077,2600543,2424235
Agu-2026,MAMU BTP,OVERSIZE 16S MAMU,OS ORANGE BATA V16 PDK L,83372,57,0,0,44077,2512389,2600543
Sep-2026,MAMU BTP,OVERSIZE 16S MAMU,OS ORANGE BATA V16 PDK L,125058,54,0,0,44077,2380158,2512389
Okt-2026,MAMU BTP,OVERSIZE 16S MAMU,OS ORANGE BATA V16 PDK L,41686,53,0,0,44077,2336081,2380158
Jan-2026,MAMU BTP,OVERSIZE 16S MAMU,OS ORANGE BATA V16 PDK M,89966,41,0,0,44983,1844303,0
Feb-2026,MAMU BTP,OVERSIZE 16S MAMU,OS ORANGE BATA V16 PDK M,44983,40,0,0,44983,1799320,1844303
Mar-2026,MAMU BTP,OVERSIZE 16S MAMU,OS ORANGE BATA V16 PDK M,44983,29,0,0,44983,1304507,1799320
Apr-2026,MAMU BTP,OVERSIZE 16S MAMU,OS ORANGE BATA V16 PDK M,0,28,0,0,44983,1259524,1304507
Mei-2026,MAMU BTP,OVERSIZE 16S MAMU,OS ORANGE BATA V16 PDK M,359864,24,0,0,44983,1079592,1259524
Jun-2026,MAMU BTP,OVERSIZE 16S MAMU,OS ORANGE BATA V16 PDK M,44983,23,0,0,44983,1034609,1079592
Jul-2026,MAMU BTP,OVERSIZE 16S MAMU,OS ORANGE BATA V16 PDK M,44983,19,0,0,44983,854677,1034609
Agu-2026,MAMU BTP,OVERSIZE 16S MAMU,OS ORANGE BATA V16 PDK M,44983,17,0,0,44983,764711,854677
Sep-2026,MAMU BTP,OVERSIZE 16S MAMU,OS ORANGE BATA V16 PDK M,0,17,0,0,44983,764711,764711
Okt-2026,MAMU BTP,OVERSIZE 16S MAMU,OS ORANGE BATA V16 PDK M,0,17,0,0,44983,764711,764711
Jan-2026,MAMU BTP,OVERSIZE 16S MAMU,OS ORANGE BATA V16 PDK XL,0,43,0,0,44616,1918488,0
Feb-2026,MAMU BTP,OVERSIZE 16S MAMU,OS ORANGE BATA V16 PDK XL,0,43,0,0,44616,1918488,1918488
Mar-2026,MAMU BTP,OVERSIZE 16S MAMU,OS ORANGE BATA V16 PDK XL,44621,32,0,0,44622,1427904,1918488
Apr-2026,MAMU BTP,OVERSIZE 16S MAMU,OS ORANGE BATA V16 PDK XL,44621,26,0,0,44622,1160172,1427904
Mei-2026,MAMU BTP,OVERSIZE 16S MAMU,OS ORANGE BATA V16 PDK XL,133863,24,0,0,44622,1070928,1160172
Jun-2026,MAMU BTP,OVERSIZE 16S MAMU,OS ORANGE BATA V16 PDK XL,44621,23,0,0,44622,1026306,1070928
Jul-2026,MAMU BTP,OVERSIZE 16S MAMU,OS ORANGE BATA V16 PDK XL,178484,20,0,0,44622,892440,1026306
Agu-2026,MAMU BTP,OVERSIZE 16S MAMU,OS ORANGE BATA V16 PDK XL,89242,16,0,0,44622,713952,892440
Sep-2026,MAMU BTP,OVERSIZE 16S MAMU,OS ORANGE BATA V16 PDK XL,44621,15,0,0,44622,669330,713952
Okt-2026,MAMU BTP,OVERSIZE 16S MAMU,OS ORANGE BATA V16 PDK XL,0,15,0,0,44622,669330,669330
Jan-2026,MAMU BTP,OVERSIZE 16S MAMU,OS PUTIH NETRAL V16 PDK 2XL,0,1,0,0,50586,50586,0
Feb-2026,MAMU BTP,OVERSIZE 16S MAMU,OS PUTIH NETRAL V16 PDK 2XL,0,1,0,0,50586,50586,50586
Mar-2026,MAMU BTP,OVERSIZE 16S MAMU,OS PUTIH NETRAL V16 PDK 2XL,41708,3,5,0,40037,320296,50586
Apr-2026,MAMU BTP,OVERSIZE 16S MAMU,OS PUTIH NETRAL V16 PDK 2XL,0,8,0,0,40037,320296,320296
Mei-2026,MAMU BTP,OVERSIZE 16S MAMU,OS PUTIH NETRAL V16 PDK 2XL,81328,6,0,0,40037,240222,320296
Jun-2026,MAMU BTP,OVERSIZE 16S MAMU,OS PUTIH NETRAL V16 PDK 2XL,81328,4,0,0,40037,160148,240222
Jul-2026,MAMU BTP,OVERSIZE 16S MAMU,OS PUTIH NETRAL V16 PDK 2XL,81328,0,0,0,50586,0,160148
Agu-2026,MAMU BTP,OVERSIZE 16S MAMU,OS PUTIH NETRAL V16 PDK 2XL,80074,0,4,0,40037,160148,0
Sep-2026,MAMU BTP,OVERSIZE 16S MAMU,OS PUTIH NETRAL V16 PDK 2XL,80074,0,0,0,50586,0,160148
Jan-2026,MAMU BTP,OVERSIZE 16S MAMU,OS PUTIH NETRAL V16 PDK L,237251,4,0,0,46647,186588,0
Feb-2026,MAMU BTP,OVERSIZE 16S MAMU,OS PUTIH NETRAL V16 PDK L,94074,0,0,0,46647,0,186588
Mar-2026,MAMU BTP,OVERSIZE 16S MAMU,OS PUTIH NETRAL V16 PDK L,0,38,0,0,40163,1526194,0
Apr-2026,MAMU BTP,OVERSIZE 16S MAMU,OS PUTIH NETRAL V16 PDK L,360333,30,0,0,40155,1204650,1526194
Mei-2026,MAMU BTP,OVERSIZE 16S MAMU,OS PUTIH NETRAL V16 PDK L,1683758,16,0,0,40155,642480,1204650
Jun-2026,MAMU BTP,OVERSIZE 16S MAMU,OS PUTIH NETRAL V16 PDK L,200700,41,0,0,40155,1646355,642480
Jul-2026,MAMU BTP,OVERSIZE 16S MAMU,OS PUTIH NETRAL V16 PDK L,441540,32,0,0,40155,1284960,1646355
Agu-2026,MAMU BTP,OVERSIZE 16S MAMU,OS PUTIH NETRAL V16 PDK L,722541,22,5,0,40155,1084185,1284960
Sep-2026,MAMU BTP,OVERSIZE 16S MAMU,OS PUTIH NETRAL V16 PDK L,281001,11,0,0,40155,441705,1084185
Okt-2026,MAMU BTP,OVERSIZE 16S MAMU,OS PUTIH NETRAL V16 PDK L,0,10,0,0,40155,401550,441705
Jan-2026,MAMU BTP,OVERSIZE 16S MAMU,OS PUTIH NETRAL V16 PDK M,404688,1,0,0,50586,50586,0
Feb-2026,MAMU BTP,OVERSIZE 16S MAMU,OS PUTIH NETRAL V16 PDK M,101172,0,0,0,50586,0,50586
Mar-2026,MAMU BTP,OVERSIZE 16S MAMU,OS PUTIH NETRAL V16 PDK M,0,43,0,0,40043,1721849,0
Apr-2026,MAMU BTP,OVERSIZE 16S MAMU,OS PUTIH NETRAL V16 PDK M,320344,36,0,0,40042,1441512,1721849
Mei-2026,MAMU BTP,OVERSIZE 16S MAMU,OS PUTIH NETRAL V16 PDK M,2042163,15,0,0,40042,600630,1441512
Jun-2026,MAMU BTP,OVERSIZE 16S MAMU,OS PUTIH NETRAL V16 PDK M,160168,30,0,0,40042,1201260,600630
Jul-2026,MAMU BTP,OVERSIZE 16S MAMU,OS PUTIH NETRAL V16 PDK M,240252,25,0,0,40042,1001050,1201260
Agu-2026,MAMU BTP,OVERSIZE 16S MAMU,OS PUTIH NETRAL V16 PDK M,400420,15,4,0,40042,760798,1001050
Sep-2026,MAMU BTP,OVERSIZE 16S MAMU,OS PUTIH NETRAL V16 PDK M,292440,14,0,0,40042,560588,760798
Okt-2026,MAMU BTP,OVERSIZE 16S MAMU,OS PUTIH NETRAL V16 PDK M,104376,13,0,0,40042,520546,560588
Jan-2026,MAMU BTP,OVERSIZE 16S MAMU,OS PUTIH NETRAL V16 PDK S,151758,4,0,0,50586,202344,0
Feb-2026,MAMU BTP,OVERSIZE 16S MAMU,OS PUTIH NETRAL V16 PDK S,151758,1,0,0,50586,50586,202344
Mar-2026,MAMU BTP,OVERSIZE 16S MAMU,OS PUTIH NETRAL V16 PDK S,50586,0,10,0,40037,400370,50586
Apr-2026,MAMU BTP,OVERSIZE 16S MAMU,OS PUTIH NETRAL V16 PDK S,240222,4,10,0,40037,560518,400370
Mei-2026,MAMU BTP,OVERSIZE 16S MAMU,OS PUTIH NETRAL V16 PDK S,520480,0,0,0,50586,0,560518
Jun-2026,MAMU BTP,OVERSIZE 16S MAMU,OS PUTIH NETRAL V16 PDK S,360333,1,0,0,40037,40037,0
Jul-2026,MAMU BTP,OVERSIZE 16S MAMU,OS PUTIH NETRAL V16 PDK S,40037,6,0,0,40037,240222,40037
Agu-2026,MAMU BTP,OVERSIZE 16S MAMU,OS PUTIH NETRAL V16 PDK S,240222,2,7,0,40037,360333,240222
Sep-2026,MAMU BTP,OVERSIZE 16S MAMU,OS PUTIH NETRAL V16 PDK S,200185,14,0,0,40037,560518,360333
Okt-2026,MAMU BTP,OVERSIZE 16S MAMU,OS PUTIH NETRAL V16 PDK S,120111,11,0,0,40037,440407,560518
Jan-2026,MAMU BTP,OVERSIZE 16S MAMU,OS PUTIH NETRAL V16 PDK XL,101172,4,0,0,50586,202344,0
Feb-2026,MAMU BTP,OVERSIZE 16S MAMU,OS PUTIH NETRAL V16 PDK XL,0,1,0,0,50586,50586,202344
Mar-2026,MAMU BTP,OVERSIZE 16S MAMU,OS PUTIH NETRAL V16 PDK XL,83695,8,10,0,40086,721548,50586
Apr-2026,MAMU BTP,OVERSIZE 16S MAMU,OS PUTIH NETRAL V16 PDK XL,440935,9,0,0,40084,360756,721548
Mei-2026,MAMU BTP,OVERSIZE 16S MAMU,OS PUTIH NETRAL V16 PDK XL,160340,4,0,0,40084,160336,360756
Jun-2026,MAMU BTP,OVERSIZE 16S MAMU,OS PUTIH NETRAL V16 PDK XL,2014289,0,0,0,50586,0,160336
Agu-2026,MAMU BTP,OVERSIZE 16S MAMU,OS PUTIH NETRAL V16 PDK XL,40084,0,1,0,40084,40084,0
Sep-2026,MAMU BTP,OVERSIZE 16S MAMU,OS PUTIH NETRAL V16 PDK XL,0,10,0,0,40084,400840,40084
Okt-2026,MAMU BTP,OVERSIZE 16S MAMU,OS PUTIH NETRAL V16 PDK XL,55224,9,0,0,40084,360756,400840
Mar-2026,MAMU GOWA,OVERSIZE 16S MAMU,OS ARMY GREEN V16 PDK 2XL,90168,0,0,0,45084,0,0
Jun-2026,MAMU GOWA,OVERSIZE 16S MAMU,OS ARMY GREEN V16 PDK 2XL,0,2,0,0,45084,90168,0
Jul-2026,MAMU GOWA,OVERSIZE 16S MAMU,OS ARMY GREEN V16 PDK 2XL,0,2,0,0,45084,90168,90168
Agu-2026,MAMU GOWA,OVERSIZE 16S MAMU,OS ARMY GREEN V16 PDK 2XL,55173,2,0,0,45084,90168,90168
Sep-2026,MAMU GOWA,OVERSIZE 16S MAMU,OS ARMY GREEN V16 PDK 2XL,0,1,0,0,45084,45084,90168
Okt-2026,MAMU GOWA,OVERSIZE 16S MAMU,OS ARMY GREEN V16 PDK 2XL,0,1,0,0,45084,45084,45084
Mar-2026,MAMU GOWA,OVERSIZE 16S MAMU,OS ARMY GREEN V16 PDK L,43131,3,0,0,43131,129393,0
Apr-2026,MAMU GOWA,OVERSIZE 16S MAMU,OS ARMY GREEN V16 PDK L,43131,2,0,0,43131,86262,129393
Mei-2026,MAMU GOWA,OVERSIZE 16S MAMU,OS ARMY GREEN V16 PDK L,86262,0,0,0,43131,0,86262
Mar-2026,MAMU GOWA,OVERSIZE 16S MAMU,OS ARMY GREEN V16 PDK M,44081,0,0,0,44081,0,0
Jun-2026,MAMU GOWA,OVERSIZE 16S MAMU,OS ARMY GREEN V16 PDK M,0,5,0,0,44081,220405,0
Jul-2026,MAMU GOWA,OVERSIZE 16S MAMU,OS ARMY GREEN V16 PDK M,55173,4,0,0,44081,176324,220405
Agu-2026,MAMU GOWA,OVERSIZE 16S MAMU,OS ARMY GREEN V16 PDK M,0,4,0,0,44081,176324,176324
Sep-2026,MAMU GOWA,OVERSIZE 16S MAMU,OS ARMY GREEN V16 PDK M,55173,3,0,0,44081,132243,176324
Okt-2026,MAMU GOWA,OVERSIZE 16S MAMU,OS ARMY GREEN V16 PDK M,0,3,0,0,44081,132243,132243
Jun-2026,MAMU GOWA,OVERSIZE 16S MAMU,OS ARMY GREEN V16 PDK S,0,2,0,0,46697,93394,0
Jul-2026,MAMU GOWA,OVERSIZE 16S MAMU,OS ARMY GREEN V16 PDK S,0,2,0,0,46697,93394,93394
Agu-2026,MAMU GOWA,OVERSIZE 16S MAMU,OS ARMY GREEN V16 PDK S,0,2,0,0,46697,93394,93394
Sep-2026,MAMU GOWA,OVERSIZE 16S MAMU,OS ARMY GREEN V16 PDK S,55173,1,0,0,46697,46697,93394
Okt-2026,MAMU GOWA,OVERSIZE 16S MAMU,OS ARMY GREEN V16 PDK S,0,1,0,0,46697,46697,46697
Mar-2026,MAMU GOWA,OVERSIZE 16S MAMU,OS ARMY GREEN V16 PDK XL,44476,0,0,0,44476,0,0
Apr-2026,MAMU GOWA,OVERSIZE 16S MAMU,OS ARMY GREEN V16 PDK XL,0,1,0,0,44476,44476,0
Mei-2026,MAMU GOWA,OVERSIZE 16S MAMU,OS ARMY GREEN V16 PDK XL,0,1,0,0,44476,44476,44476
Jun-2026,MAMU GOWA,OVERSIZE 16S MAMU,OS ARMY GREEN V16 PDK XL,44476,0,0,0,44476,0,44476
Mar-2026,MAMU GOWA,OVERSIZE 16S MAMU,OS COKLAT SUSU V16 PDK 2XL,42820,0,0,0,42820,0,0
Mar-2026,MAMU GOWA,OVERSIZE 16S MAMU,OS COKLAT SUSU V16 PDK L,375003,0,0,0,41667,0,0
Mar-2026,MAMU GOWA,OVERSIZE 16S MAMU,OS COKLAT SUSU V16 PDK M,84698,0,0,0,42349,0,0
Mar-2026,MAMU GOWA,OVERSIZE 16S MAMU,OS COKLAT SUSU V16 PDK XL,213625,3,0,0,42725,128175,0
Apr-2026,MAMU GOWA,OVERSIZE 16S MAMU,OS COKLAT SUSU V16 PDK XL,0,3,0,0,42725,128175,128175
Mei-2026,MAMU GOWA,OVERSIZE 16S MAMU,OS COKLAT SUSU V16 PDK XL,0,3,0,0,42725,128175,128175
Jun-2026,MAMU GOWA,OVERSIZE 16S MAMU,OS COKLAT SUSU V16 PDK XL,0,3,0,0,42725,128175,128175
Jul-2026,MAMU GOWA,OVERSIZE 16S MAMU,OS COKLAT SUSU V16 PDK XL,128175,2,0,0,42725,85450,128175
Agu-2026,MAMU GOWA,OVERSIZE 16S MAMU,OS COKLAT SUSU V16 PDK XL,0,0,0,0,42725,0,85450
Mar-2026,MAMU GOWA,OVERSIZE 16S MAMU,OS DENIM BLUE V16 PDK 2XL,42601,0,0,0,42601,0,0
Jun-2026,MAMU GOWA,OVERSIZE 16S MAMU,OS DENIM BLUE V16 PDK 2XL,0,4,0,0,42601,170404,0
Jul-2026,MAMU GOWA,OVERSIZE 16S MAMU,OS DENIM BLUE V16 PDK 2XL,0,4,0,0,42601,170404,170404
Agu-2026,MAMU GOWA,OVERSIZE 16S MAMU,OS DENIM BLUE V16 PDK 2XL,0,3,0,0,42601,127803,170404
Sep-2026,MAMU GOWA,OVERSIZE 16S MAMU,OS DENIM BLUE V16 PDK 2XL,0,3,0,0,42601,127803,127803
Okt-2026,MAMU GOWA,OVERSIZE 16S MAMU,OS DENIM BLUE V16 PDK 2XL,0,3,0,0,42601,127803,127803
Mar-2026,MAMU GOWA,OVERSIZE 16S MAMU,OS DENIM BLUE V16 PDK L,497628,1,0,0,38625,38625,0
Apr-2026,MAMU GOWA,OVERSIZE 16S MAMU,OS DENIM BLUE V16 PDK L,0,18,0,0,38625,695250,38625
Mei-2026,MAMU GOWA,OVERSIZE 16S MAMU,OS DENIM BLUE V16 PDK L,0,18,0,0,38821,698778,695250
Jun-2026,MAMU GOWA,OVERSIZE 16S MAMU,OS DENIM BLUE V16 PDK L,38987,17,0,0,38821,659957,698778
Jul-2026,MAMU GOWA,OVERSIZE 16S MAMU,OS DENIM BLUE V16 PDK L,0,17,0,0,38821,659957,659957
Agu-2026,MAMU GOWA,OVERSIZE 16S MAMU,OS DENIM BLUE V16 PDK L,0,19,0,0,38821,737599,659957
Sep-2026,MAMU GOWA,OVERSIZE 16S MAMU,OS DENIM BLUE V16 PDK L,0,19,0,0,38821,737599,737599
Okt-2026,MAMU GOWA,OVERSIZE 16S MAMU,OS DENIM BLUE V16 PDK L,0,19,0,0,38821,737599,737599
Mar-2026,MAMU GOWA,OVERSIZE 16S MAMU,OS DENIM BLUE V16 PDK M,199076,0,0,0,41868,0,0
Apr-2026,MAMU GOWA,OVERSIZE 16S MAMU,OS DENIM BLUE V16 PDK M,0,3,0,0,38447,115341,0
Mei-2026,MAMU GOWA,OVERSIZE 16S MAMU,OS DENIM BLUE V16 PDK M,41868,3,0,0,41868,125604,115341
Jun-2026,MAMU GOWA,OVERSIZE 16S MAMU,OS DENIM BLUE V16 PDK M,0,2,0,0,41868,83736,125604
Jul-2026,MAMU GOWA,OVERSIZE 16S MAMU,OS DENIM BLUE V16 PDK M,0,5,0,0,41868,209340,83736
Agu-2026,MAMU GOWA,OVERSIZE 16S MAMU,OS DENIM BLUE V16 PDK M,0,5,0,0,41868,209340,209340
Sep-2026,MAMU GOWA,OVERSIZE 16S MAMU,OS DENIM BLUE V16 PDK M,0,10,0,0,41868,418680,209340
Okt-2026,MAMU GOWA,OVERSIZE 16S MAMU,OS DENIM BLUE V16 PDK M,0,10,0,0,41868,418680,418680
Mar-2026,MAMU GOWA,OVERSIZE 16S MAMU,OS DENIM BLUE V16 PDK S,192235,15,0,0,38447,576705,0
Apr-2026,MAMU GOWA,OVERSIZE 16S MAMU,OS DENIM BLUE V16 PDK S,38447,15,0,0,38447,576705,576705
Mei-2026,MAMU GOWA,OVERSIZE 16S MAMU,OS DENIM BLUE V16 PDK S,38447,13,0,0,38550,501150,576705
Jun-2026,MAMU GOWA,OVERSIZE 16S MAMU,OS DENIM BLUE V16 PDK S,0,13,0,0,38550,501150,501150
Jul-2026,MAMU GOWA,OVERSIZE 16S MAMU,OS DENIM BLUE V16 PDK S,0,13,0,0,38550,501150,501150
Agu-2026,MAMU GOWA,OVERSIZE 16S MAMU,OS DENIM BLUE V16 PDK S,0,16,0,0,38550,616800,501150
Sep-2026,MAMU GOWA,OVERSIZE 16S MAMU,OS DENIM BLUE V16 PDK S,38466,15,0,0,38550,578250,616800
Okt-2026,MAMU GOWA,OVERSIZE 16S MAMU,OS DENIM BLUE V16 PDK S,0,15,0,0,38550,578250,578250
Mar-2026,MAMU GOWA,OVERSIZE 16S MAMU,OS DENIM BLUE V16 PDK XL,376812,1,0,0,41868,41868,0
Apr-2026,MAMU GOWA,OVERSIZE 16S MAMU,OS DENIM BLUE V16 PDK XL,0,2,0,0,41868,83736,41868
Mei-2026,MAMU GOWA,OVERSIZE 16S MAMU,OS DENIM BLUE V16 PDK XL,0,2,0,0,41868,83736,83736
Jun-2026,MAMU GOWA,OVERSIZE 16S MAMU,OS DENIM BLUE V16 PDK XL,0,2,0,0,41868,83736,83736
Jul-2026,MAMU GOWA,OVERSIZE 16S MAMU,OS DENIM BLUE V16 PDK XL,0,6,0,0,41868,251208,83736
Agu-2026,MAMU GOWA,OVERSIZE 16S MAMU,OS DENIM BLUE V16 PDK XL,103280,6,0,0,41868,251208,251208
Sep-2026,MAMU GOWA,OVERSIZE 16S MAMU,OS DENIM BLUE V16 PDK XL,0,6,0,0,41868,251208,251208
Okt-2026,MAMU GOWA,OVERSIZE 16S MAMU,OS DENIM BLUE V16 PDK XL,0,6,0,0,41868,251208,251208
Mar-2026,MAMU GOWA,OVERSIZE 16S MAMU,OS JET BLACK V16 PDK 2XL,45054,5,0,0,45054,225270,0
Apr-2026,MAMU GOWA,OVERSIZE 16S MAMU,OS JET BLACK V16 PDK 2XL,45054,14,0,0,45054,630756,225270
Mei-2026,MAMU GOWA,OVERSIZE 16S MAMU,OS JET BLACK V16 PDK 2XL,45054,11,0,0,45054,495594,630756
Jun-2026,MAMU GOWA,OVERSIZE 16S MAMU,OS JET BLACK V16 PDK 2XL,45054,10,0,0,45054,450540,495594
Jul-2026,MAMU GOWA,OVERSIZE 16S MAMU,OS JET BLACK V16 PDK 2XL,180216,10,0,0,45054,450540,450540
Agu-2026,MAMU GOWA,OVERSIZE 16S MAMU,OS JET BLACK V16 PDK 2XL,180216,2,0,0,45054,90108,450540
Sep-2026,MAMU GOWA,OVERSIZE 16S MAMU,OS JET BLACK V16 PDK 2XL,0,2,0,0,45054,90108,90108
Okt-2026,MAMU GOWA,OVERSIZE 16S MAMU,OS JET BLACK V16 PDK 2XL,45054,1,1,0,45054,90108,90108
Mar-2026,MAMU GOWA,OVERSIZE 16S MAMU,OS JET BLACK V16 PDK L,134216,0,0,0,44390,0,0
Apr-2026,MAMU GOWA,OVERSIZE 16S MAMU,OS JET BLACK V16 PDK L,45040,13,0,0,45040,585520,0
Mei-2026,MAMU GOWA,OVERSIZE 16S MAMU,OS JET BLACK V16 PDK L,90080,12,0,0,45040,540480,585520
Jun-2026,MAMU GOWA,OVERSIZE 16S MAMU,OS JET BLACK V16 PDK L,135120,9,0,0,45040,405360,540480
Jul-2026,MAMU GOWA,OVERSIZE 16S MAMU,OS JET BLACK V16 PDK L,45040,8,0,0,45040,360320,405360
Agu-2026,MAMU GOWA,OVERSIZE 16S MAMU,OS JET BLACK V16 PDK L,315280,1,0,0,45040,45040,360320
Sep-2026,MAMU GOWA,OVERSIZE 16S MAMU,OS JET BLACK V16 PDK L,45040,15,0,0,45040,675600,45040
Okt-2026,MAMU GOWA,OVERSIZE 16S MAMU,OS JET BLACK V16 PDK L,21650,14,0,0,45040,630560,675600
Mar-2026,MAMU GOWA,OVERSIZE 16S MAMU,OS JET BLACK V16 PDK M,1028504,7,0,0,44888,314216,0
Apr-2026,MAMU GOWA,OVERSIZE 16S MAMU,OS JET BLACK V16 PDK M,224440,1,0,0,44890,44890,314216
Mei-2026,MAMU GOWA,OVERSIZE 16S MAMU,OS JET BLACK V16 PDK M,89776,10,10,0,44890,897800,44890
Jun-2026,MAMU GOWA,OVERSIZE 16S MAMU,OS JET BLACK V16 PDK M,44890,7,0,0,44890,314230,897800
Jul-2026,MAMU GOWA,OVERSIZE 16S MAMU,OS JET BLACK V16 PDK M,224450,4,0,0,44890,179560,314230
Agu-2026,MAMU GOWA,OVERSIZE 16S MAMU,OS JET BLACK V16 PDK M,89780,0,0,0,44390,0,179560
Sep-2026,MAMU GOWA,OVERSIZE 16S MAMU,OS JET BLACK V16 PDK M,0,15,0,0,44890,673350,0
Okt-2026,MAMU GOWA,OVERSIZE 16S MAMU,OS JET BLACK V16 PDK M,19830,14,0,0,44890,628460,673350
Mar-2026,MAMU GOWA,OVERSIZE 16S MAMU,OS JET BLACK V16 PDK S,985432,1,0,0,44946,44946,0
Apr-2026,MAMU GOWA,OVERSIZE 16S MAMU,OS JET BLACK V16 PDK S,89892,14,0,0,44946,629244,44946
Mei-2026,MAMU GOWA,OVERSIZE 16S MAMU,OS JET BLACK V16 PDK S,314622,2,0,0,44946,89892,629244
Jun-2026,MAMU GOWA,OVERSIZE 16S MAMU,OS JET BLACK V16 PDK S,0,0,0,0,44946,0,89892
Sep-2026,MAMU GOWA,OVERSIZE 16S MAMU,OS JET BLACK V16 PDK S,0,15,0,0,44946,674190,0
Okt-2026,MAMU GOWA,OVERSIZE 16S MAMU,OS JET BLACK V16 PDK S,39660,13,0,0,44946,584298,674190
Mar-2026,MAMU GOWA,OVERSIZE 16S MAMU,OS JET BLACK V16 PDK XL,89406,0,0,0,44390,0,0
Apr-2026,MAMU GOWA,OVERSIZE 16S MAMU,OS JET BLACK V16 PDK XL,45054,9,0,0,45054,405486,0
Mei-2026,MAMU GOWA,OVERSIZE 16S MAMU,OS JET BLACK V16 PDK XL,45054,3,0,0,45054,135162,405486
Jun-2026,MAMU GOWA,OVERSIZE 16S MAMU,OS JET BLACK V16 PDK XL,45054,2,0,0,45054,90108,135162
Jul-2026,MAMU GOWA,OVERSIZE 16S MAMU,OS JET BLACK V16 PDK XL,0,5,0,0,45054,225270,90108
Agu-2026,MAMU GOWA,OVERSIZE 16S MAMU,OS JET BLACK V16 PDK XL,263500,0,0,0,44390,0,225270
Sep-2026,MAMU GOWA,OVERSIZE 16S MAMU,OS JET BLACK V16 PDK XL,19830,14,0,0,45054,630756,0
Okt-2026,MAMU GOWA,OVERSIZE 16S MAMU,OS JET BLACK V16 PDK XL,19830,8,0,0,45054,360432,630756
Jun-2026,MAMU GOWA,OVERSIZE 16S MAMU,OS LIGHT BROWN V16 PDK 2XL,0,2,0,0,41365,82730,0
Jul-2026,MAMU GOWA,OVERSIZE 16S MAMU,OS LIGHT BROWN V16 PDK 2XL,0,2,0,0,41365,82730,82730
Agu-2026,MAMU GOWA,OVERSIZE 16S MAMU,OS LIGHT BROWN V16 PDK 2XL,0,2,0,0,41365,82730,82730
Sep-2026,MAMU GOWA,OVERSIZE 16S MAMU,OS LIGHT BROWN V16 PDK 2XL,0,2,0,0,41365,82730,82730
Okt-2026,MAMU GOWA,OVERSIZE 16S MAMU,OS LIGHT BROWN V16 PDK 2XL,0,2,0,0,41365,82730,82730
Mar-2026,MAMU GOWA,OVERSIZE 16S MAMU,OS LIGHT BROWN V16 PDK L,117678,2,0,0,39226,78452,0
Apr-2026,MAMU GOWA,OVERSIZE 16S MAMU,OS LIGHT BROWN V16 PDK L,78191,14,0,0,38902,544628,78452
Mei-2026,MAMU GOWA,OVERSIZE 16S MAMU,OS LIGHT BROWN V16 PDK L,0,15,0,0,38939,584085,544628
Jun-2026,MAMU GOWA,OVERSIZE 16S MAMU,OS LIGHT BROWN V16 PDK L,194780,10,0,0,38939,389390,584085
Jul-2026,MAMU GOWA,OVERSIZE 16S MAMU,OS LIGHT BROWN V16 PDK L,77912,8,0,0,38939,311512,389390
Agu-2026,MAMU GOWA,OVERSIZE 16S MAMU,OS LIGHT BROWN V16 PDK L,116868,5,0,0,38939,194695,311512
Sep-2026,MAMU GOWA,OVERSIZE 16S MAMU,OS LIGHT BROWN V16 PDK L,38956,10,0,0,38939,389390,194695
Okt-2026,MAMU GOWA,OVERSIZE 16S MAMU,OS LIGHT BROWN V16 PDK L,46419,9,0,0,38939,350451,389390
Mar-2026,MAMU GOWA,OVERSIZE 16S MAMU,OS LIGHT BROWN V16 PDK M,39714,0,0,0,39714,0,0
Apr-2026,MAMU GOWA,OVERSIZE 16S MAMU,OS LIGHT BROWN V16 PDK M,38905,14,0,0,38905,544670,0
Mei-2026,MAMU GOWA,OVERSIZE 16S MAMU,OS LIGHT BROWN V16 PDK M,77810,12,0,0,38905,466860,544670
Jun-2026,MAMU GOWA,OVERSIZE 16S MAMU,OS LIGHT BROWN V16 PDK M,0,12,0,0,38905,466860,466860
Jul-2026,MAMU GOWA,OVERSIZE 16S MAMU,OS LIGHT BROWN V16 PDK M,116715,9,0,0,38905,350145,466860
Agu-2026,MAMU GOWA,OVERSIZE 16S MAMU,OS LIGHT BROWN V16 PDK M,77810,6,0,0,38905,233430,350145
Sep-2026,MAMU GOWA,OVERSIZE 16S MAMU,OS LIGHT BROWN V16 PDK M,0,6,0,0,38905,233430,233430
Okt-2026,MAMU GOWA,OVERSIZE 16S MAMU,OS LIGHT BROWN V16 PDK M,0,6,0,0,38905,233430,233430
Apr-2026,MAMU GOWA,OVERSIZE 16S MAMU,OS LIGHT BROWN V16 PDK S,38965,14,0,0,38893,544502,0
Mei-2026,MAMU GOWA,OVERSIZE 16S MAMU,OS LIGHT BROWN V16 PDK S,194825,10,0,0,38965,389650,544502
Jun-2026,MAMU GOWA,OVERSIZE 16S MAMU,OS LIGHT BROWN V16 PDK S,38965,8,0,0,38965,311720,389650
Jul-2026,MAMU GOWA,OVERSIZE 16S MAMU,OS LIGHT BROWN V16 PDK S,38965,7,0,0,38965,272755,311720
Agu-2026,MAMU GOWA,OVERSIZE 16S MAMU,OS LIGHT BROWN V16 PDK S,0,7,0,0,38965,272755,272755
Sep-2026,MAMU GOWA,OVERSIZE 16S MAMU,OS LIGHT BROWN V16 PDK S,0,10,0,0,38965,389650,272755
Okt-2026,MAMU GOWA,OVERSIZE 16S MAMU,OS LIGHT BROWN V16 PDK S,42694,9,0,0,38965,350685,389650
Mar-2026,MAMU GOWA,OVERSIZE 16S MAMU,OS LIGHT BROWN V16 PDK XL,79428,0,0,0,39714,0,0
Apr-2026,MAMU GOWA,OVERSIZE 16S MAMU,OS LIGHT BROWN V16 PDK XL,39714,2,0,0,39714,79428,0
Mei-2026,MAMU GOWA,OVERSIZE 16S MAMU,OS LIGHT BROWN V16 PDK XL,0,1,0,0,39714,39714,79428
Jun-2026,MAMU GOWA,OVERSIZE 16S MAMU,OS LIGHT BROWN V16 PDK XL,0,1,0,0,39714,39714,39714
Jul-2026,MAMU GOWA,OVERSIZE 16S MAMU,OS LIGHT BROWN V16 PDK XL,0,5,0,0,39714,198570,39714
Agu-2026,MAMU GOWA,OVERSIZE 16S MAMU,OS LIGHT BROWN V16 PDK XL,51104,5,0,0,39714,198570,198570
Sep-2026,MAMU GOWA,OVERSIZE 16S MAMU,OS LIGHT BROWN V16 PDK XL,0,10,0,0,39714,397140,198570
Okt-2026,MAMU GOWA,OVERSIZE 16S MAMU,OS LIGHT BROWN V16 PDK XL,0,10,0,0,39714,397140,397140
Mar-2026,MAMU GOWA,OVERSIZE 16S MAMU,OS MINERAL GREEN V16 PDK 2XL,88864,2,0,0,44432,88864,0
Apr-2026,MAMU GOWA,OVERSIZE 16S MAMU,OS MINERAL GREEN V16 PDK 2XL,0,2,0,0,44432,88864,88864
Mei-2026,MAMU GOWA,OVERSIZE 16S MAMU,OS MINERAL GREEN V16 PDK 2XL,0,2,0,0,44432,88864,88864
Jun-2026,MAMU GOWA,OVERSIZE 16S MAMU,OS MINERAL GREEN V16 PDK 2XL,0,2,0,0,44432,88864,88864
Jul-2026,MAMU GOWA,OVERSIZE 16S MAMU,OS MINERAL GREEN V16 PDK 2XL,44432,1,0,0,44432,44432,88864
Agu-2026,MAMU GOWA,OVERSIZE 16S MAMU,OS MINERAL GREEN V16 PDK 2XL,44432,0,0,0,44432,0,44432
Mar-2026,MAMU GOWA,OVERSIZE 16S MAMU,OS MINERAL GREEN V16 PDK L,799596,6,0,0,42084,252504,0
Apr-2026,MAMU GOWA,OVERSIZE 16S MAMU,OS MINERAL GREEN V16 PDK L,42084,4,0,0,40339,161356,252504
Mei-2026,MAMU GOWA,OVERSIZE 16S MAMU,OS MINERAL GREEN V16 PDK L,42084,3,0,0,40339,121017,161356
Jun-2026,MAMU GOWA,OVERSIZE 16S MAMU,OS MINERAL GREEN V16 PDK L,0,3,0,0,40339,121017,121017
Jul-2026,MAMU GOWA,OVERSIZE 16S MAMU,OS MINERAL GREEN V16 PDK L,0,6,0,0,40339,242034,121017
Agu-2026,MAMU GOWA,OVERSIZE 16S MAMU,OS MINERAL GREEN V16 PDK L,46927,6,0,0,40339,242034,242034
Sep-2026,MAMU GOWA,OVERSIZE 16S MAMU,OS MINERAL GREEN V16 PDK L,0,6,0,0,40339,242034,242034
Okt-2026,MAMU GOWA,OVERSIZE 16S MAMU,OS MINERAL GREEN V16 PDK L,47734,5,0,0,40339,201695,242034
Mar-2026,MAMU GOWA,OVERSIZE 16S MAMU,OS MINERAL GREEN V16 PDK M,421540,1,0,0,40389,40389,0
Apr-2026,MAMU GOWA,OVERSIZE 16S MAMU,OS MINERAL GREEN V16 PDK M,0,16,0,0,40374,645984,40389
Mei-2026,MAMU GOWA,OVERSIZE 16S MAMU,OS MINERAL GREEN V16 PDK M,0,17,0,0,40407,686919,645984
Jun-2026,MAMU GOWA,OVERSIZE 16S MAMU,OS MINERAL GREEN V16 PDK M,0,17,0,0,40407,686919,686919
Jul-2026,MAMU GOWA,OVERSIZE 16S MAMU,OS MINERAL GREEN V16 PDK M,0,17,0,0,40407,686919,686919
Agu-2026,MAMU GOWA,OVERSIZE 16S MAMU,OS MINERAL GREEN V16 PDK M,0,17,0,0,40407,686919,686919
Sep-2026,MAMU GOWA,OVERSIZE 16S MAMU,OS MINERAL GREEN V16 PDK M,40516,16,0,0,40407,646512,686919
Okt-2026,MAMU GOWA,OVERSIZE 16S MAMU,OS MINERAL GREEN V16 PDK M,0,16,0,0,40407,646512,646512
Apr-2026,MAMU GOWA,OVERSIZE 16S MAMU,OS MINERAL GREEN V16 PDK S,0,11,0,0,40339,443729,0
Mei-2026,MAMU GOWA,OVERSIZE 16S MAMU,OS MINERAL GREEN V16 PDK S,40376,10,0,0,40376,403760,443729
Jun-2026,MAMU GOWA,OVERSIZE 16S MAMU,OS MINERAL GREEN V16 PDK S,0,10,0,0,40376,403760,403760
Jul-2026,MAMU GOWA,OVERSIZE 16S MAMU,OS MINERAL GREEN V16 PDK S,40376,9,0,0,40376,363384,403760
Agu-2026,MAMU GOWA,OVERSIZE 16S MAMU,OS MINERAL GREEN V16 PDK S,0,9,0,0,40376,363384,363384
Sep-2026,MAMU GOWA,OVERSIZE 16S MAMU,OS MINERAL GREEN V16 PDK S,0,9,0,0,40376,363384,363384
Okt-2026,MAMU GOWA,OVERSIZE 16S MAMU,OS MINERAL GREEN V16 PDK S,0,9,0,0,40376,363384,363384
Mar-2026,MAMU GOWA,OVERSIZE 16S MAMU,OS MINERAL GREEN V16 PDK XL,376074,1,0,0,41786,41786,0
Apr-2026,MAMU GOWA,OVERSIZE 16S MAMU,OS MINERAL GREEN V16 PDK XL,41786,0,0,0,41786,0,41786
Jun-2026,MAMU GOWA,OVERSIZE 16S MAMU,OS MINERAL GREEN V16 PDK XL,0,3,0,0,41786,125358,0
Jul-2026,MAMU GOWA,OVERSIZE 16S MAMU,OS MINERAL GREEN V16 PDK XL,0,3,0,0,41786,125358,125358
Agu-2026,MAMU GOWA,OVERSIZE 16S MAMU,OS MINERAL GREEN V16 PDK XL,51769,3,0,0,41786,125358,125358
Sep-2026,MAMU GOWA,OVERSIZE 16S MAMU,OS MINERAL GREEN V16 PDK XL,0,2,0,0,41786,83572,125358
Okt-2026,MAMU GOWA,OVERSIZE 16S MAMU,OS MINERAL GREEN V16 PDK XL,0,2,0,0,41786,83572,83572
Apr-2026,MAMU GOWA,OVERSIZE 16S MAMU,OS NAVY V16 PDK 2XL,44097,13,0,0,44097,573261,0
Mei-2026,MAMU GOWA,OVERSIZE 16S MAMU,OS NAVY V16 PDK 2XL,0,13,0,0,44097,573261,573261
Jun-2026,MAMU GOWA,OVERSIZE 16S MAMU,OS NAVY V16 PDK 2XL,0,13,0,0,44097,573261,573261
Jul-2026,MAMU GOWA,OVERSIZE 16S MAMU,OS NAVY V16 PDK 2XL,88194,12,0,0,44097,529164,573261
Agu-2026,MAMU GOWA,OVERSIZE 16S MAMU,OS NAVY V16 PDK 2XL,0,11,0,0,44097,485067,529164
Sep-2026,MAMU GOWA,OVERSIZE 16S MAMU,OS NAVY V16 PDK 2XL,0,11,0,0,44097,485067,485067
Okt-2026,MAMU GOWA,OVERSIZE 16S MAMU,OS NAVY V16 PDK 2XL,44097,10,0,0,44097,440970,485067
Mar-2026,MAMU GOWA,OVERSIZE 16S MAMU,OS NAVY V16 PDK L,89208,0,0,0,44604,0,0
Apr-2026,MAMU GOWA,OVERSIZE 16S MAMU,OS NAVY V16 PDK L,44138,14,0,0,44121,617694,0
Mei-2026,MAMU GOWA,OVERSIZE 16S MAMU,OS NAVY V16 PDK L,88276,12,0,0,44138,529656,617694
Jun-2026,MAMU GOWA,OVERSIZE 16S MAMU,OS NAVY V16 PDK L,88276,10,0,0,44138,441380,529656
Jul-2026,MAMU GOWA,OVERSIZE 16S MAMU,OS NAVY V16 PDK L,0,9,0,0,44138,397242,441380
Agu-2026,MAMU GOWA,OVERSIZE 16S MAMU,OS NAVY V16 PDK L,88276,7,0,0,44138,308966,397242
Sep-2026,MAMU GOWA,OVERSIZE 16S MAMU,OS NAVY V16 PDK L,0,15,0,0,44138,662070,308966
Okt-2026,MAMU GOWA,OVERSIZE 16S MAMU,OS NAVY V16 PDK L,44742,14,0,0,44138,617932,662070
Apr-2026,MAMU GOWA,OVERSIZE 16S MAMU,OS NAVY V16 PDK M,0,15,0,0,44100,661500,0
Mei-2026,MAMU GOWA,OVERSIZE 16S MAMU,OS NAVY V16 PDK M,88208,13,0,0,44104,573352,661500
Jun-2026,MAMU GOWA,OVERSIZE 16S MAMU,OS NAVY V16 PDK M,0,13,0,0,44104,573352,573352
Jul-2026,MAMU GOWA,OVERSIZE 16S MAMU,OS NAVY V16 PDK M,88208,12,0,0,44104,529248,573352
Agu-2026,MAMU GOWA,OVERSIZE 16S MAMU,OS NAVY V16 PDK M,0,11,0,0,44104,485144,529248
Sep-2026,MAMU GOWA,OVERSIZE 16S MAMU,OS NAVY V16 PDK M,88208,10,0,0,44104,441040,485144
Okt-2026,MAMU GOWA,OVERSIZE 16S MAMU,OS NAVY V16 PDK M,44104,8,0,0,44104,352832,441040
Apr-2026,MAMU GOWA,OVERSIZE 16S MAMU,OS NAVY V16 PDK S,0,15,0,0,44100,661500,0
Mei-2026,MAMU GOWA,OVERSIZE 16S MAMU,OS NAVY V16 PDK S,176424,11,0,0,44106,485166,661500
Jun-2026,MAMU GOWA,OVERSIZE 16S MAMU,OS NAVY V16 PDK S,88212,9,0,0,44106,396954,485166
Jul-2026,MAMU GOWA,OVERSIZE 16S MAMU,OS NAVY V16 PDK S,0,9,0,0,44106,396954,396954
Agu-2026,MAMU GOWA,OVERSIZE 16S MAMU,OS NAVY V16 PDK S,88212,7,0,0,44106,308742,396954
Sep-2026,MAMU GOWA,OVERSIZE 16S MAMU,OS NAVY V16 PDK S,88317,15,0,0,44106,661590,308742
Okt-2026,MAMU GOWA,OVERSIZE 16S MAMU,OS NAVY V16 PDK S,0,15,0,0,44106,661590,661590
Mar-2026,MAMU GOWA,OVERSIZE 16S MAMU,OS NAVY V16 PDK XL,0,1,0,0,44504,44504,0
Apr-2026,MAMU GOWA,OVERSIZE 16S MAMU,OS NAVY V16 PDK XL,0,16,0,0,44113,705808,44504
Mei-2026,MAMU GOWA,OVERSIZE 16S MAMU,OS NAVY V16 PDK XL,0,16,0,0,44177,706832,705808
Jun-2026,MAMU GOWA,OVERSIZE 16S MAMU,OS NAVY V16 PDK XL,132594,13,0,0,44177,574301,706832
Jul-2026,MAMU GOWA,OVERSIZE 16S MAMU,OS NAVY V16 PDK XL,0,13,0,0,44177,574301,574301
Agu-2026,MAMU GOWA,OVERSIZE 16S MAMU,OS NAVY V16 PDK XL,0,13,0,0,44177,574301,574301
Sep-2026,MAMU GOWA,OVERSIZE 16S MAMU,OS NAVY V16 PDK XL,44198,15,0,0,44177,662655,574301
Okt-2026,MAMU GOWA,OVERSIZE 16S MAMU,OS NAVY V16 PDK XL,44712,14,0,0,44177,618478,662655
Mar-2026,MAMU GOWA,OVERSIZE 16S MAMU,OS ORANGE BATA V16 PDK L,88154,28,0,0,44077,1234156,0
Apr-2026,MAMU GOWA,OVERSIZE 16S MAMU,OS ORANGE BATA V16 PDK L,44077,27,0,0,44077,1190079,1234156
Mei-2026,MAMU GOWA,OVERSIZE 16S MAMU,OS ORANGE BATA V16 PDK L,0,27,0,0,44077,1190079,1190079
Jun-2026,MAMU GOWA,OVERSIZE 16S MAMU,OS ORANGE BATA V16 PDK L,0,27,0,0,44077,1190079,1190079
Jul-2026,MAMU GOWA,OVERSIZE 16S MAMU,OS ORANGE BATA V16 PDK L,0,27,0,0,44077,1190079,1190079
Agu-2026,MAMU GOWA,OVERSIZE 16S MAMU,OS ORANGE BATA V16 PDK L,44077,26,0,0,44077,1146002,1190079
Sep-2026,MAMU GOWA,OVERSIZE 16S MAMU,OS ORANGE BATA V16 PDK L,88154,24,0,0,44077,1057848,1146002
Okt-2026,MAMU GOWA,OVERSIZE 16S MAMU,OS ORANGE BATA V16 PDK L,0,24,0,0,44077,1057848,1057848
Mar-2026,MAMU GOWA,OVERSIZE 16S MAMU,OS ORANGE BATA V16 PDK M,134949,7,0,0,44983,314881,0
Apr-2026,MAMU GOWA,OVERSIZE 16S MAMU,OS ORANGE BATA V16 PDK M,0,7,0,0,44983,314881,314881
Mei-2026,MAMU GOWA,OVERSIZE 16S MAMU,OS ORANGE BATA V16 PDK M,134949,4,0,0,44983,179932,314881
Jun-2026,MAMU GOWA,OVERSIZE 16S MAMU,OS ORANGE BATA V16 PDK M,0,4,0,0,44983,179932,179932
Jul-2026,MAMU GOWA,OVERSIZE 16S MAMU,OS ORANGE BATA V16 PDK M,0,4,0,0,44983,179932,179932
Agu-2026,MAMU GOWA,OVERSIZE 16S MAMU,OS ORANGE BATA V16 PDK M,0,4,0,0,44983,179932,179932
Sep-2026,MAMU GOWA,OVERSIZE 16S MAMU,OS ORANGE BATA V16 PDK M,0,4,0,0,44983,179932,179932
Okt-2026,MAMU GOWA,OVERSIZE 16S MAMU,OS ORANGE BATA V16 PDK M,0,4,0,0,44983,179932,179932
Mar-2026,MAMU GOWA,OVERSIZE 16S MAMU,OS ORANGE BATA V16 PDK S,0,1,0,0,43975,43975,0
Apr-2026,MAMU GOWA,OVERSIZE 16S MAMU,OS ORANGE BATA V16 PDK S,43975,0,0,0,43975,0,43975
Mar-2026,MAMU GOWA,OVERSIZE 16S MAMU,OS ORANGE BATA V16 PDK XL,89242,8,0,0,44622,356976,0
Apr-2026,MAMU GOWA,OVERSIZE 16S MAMU,OS ORANGE BATA V16 PDK XL,0,8,0,0,44622,356976,356976
Mei-2026,MAMU GOWA,OVERSIZE 16S MAMU,OS ORANGE BATA V16 PDK XL,0,8,0,0,44622,356976,356976
Jun-2026,MAMU GOWA,OVERSIZE 16S MAMU,OS ORANGE BATA V16 PDK XL,0,8,0,0,44622,356976,356976
Jul-2026,MAMU GOWA,OVERSIZE 16S MAMU,OS ORANGE BATA V16 PDK XL,0,8,0,0,44622,356976,356976
Agu-2026,MAMU GOWA,OVERSIZE 16S MAMU,OS ORANGE BATA V16 PDK XL,0,8,0,0,44622,356976,356976
Sep-2026,MAMU GOWA,OVERSIZE 16S MAMU,OS ORANGE BATA V16 PDK XL,0,8,0,0,44622,356976,356976
Okt-2026,MAMU GOWA,OVERSIZE 16S MAMU,OS ORANGE BATA V16 PDK XL,0,8,0,0,44622,356976,356976
Mar-2026,MAMU GOWA,OVERSIZE 16S MAMU,OS PUTIH NETRAL V16 PDK 2XL,80074,0,0,0,50586,0,0
Apr-2026,MAMU GOWA,OVERSIZE 16S MAMU,OS PUTIH NETRAL V16 PDK 2XL,0,14,0,0,40037,560518,0
Mei-2026,MAMU GOWA,OVERSIZE 16S MAMU,OS PUTIH NETRAL V16 PDK 2XL,0,13,0,0,40037,520481,560518
Jun-2026,MAMU GOWA,OVERSIZE 16S MAMU,OS PUTIH NETRAL V16 PDK 2XL,80074,11,0,0,40037,440407,520481
Jul-2026,MAMU GOWA,OVERSIZE 16S MAMU,OS PUTIH NETRAL V16 PDK 2XL,120111,9,0,0,40037,360333,440407
Agu-2026,MAMU GOWA,OVERSIZE 16S MAMU,OS PUTIH NETRAL V16 PDK 2XL,80074,8,0,0,40037,320296,360333
Sep-2026,MAMU GOWA,OVERSIZE 16S MAMU,OS PUTIH NETRAL V16 PDK 2XL,0,6,0,0,40037,240222,320296
Okt-2026,MAMU GOWA,OVERSIZE 16S MAMU,OS PUTIH NETRAL V16 PDK 2XL,80074,4,0,0,40037,160148,240222
Mar-2026,MAMU GOWA,OVERSIZE 16S MAMU,OS PUTIH NETRAL V16 PDK L,120111,17,0,0,40163,682771,0
Apr-2026,MAMU GOWA,OVERSIZE 16S MAMU,OS PUTIH NETRAL V16 PDK L,160148,13,0,0,40155,522015,682771
Mei-2026,MAMU GOWA,OVERSIZE 16S MAMU,OS PUTIH NETRAL V16 PDK L,120111,10,0,0,40155,401550,522015
Jun-2026,MAMU GOWA,OVERSIZE 16S MAMU,OS PUTIH NETRAL V16 PDK L,80074,8,0,0,40155,321240,401550
Jul-2026,MAMU GOWA,OVERSIZE 16S MAMU,OS PUTIH NETRAL V16 PDK L,40037,7,0,0,40155,281085,321240
Agu-2026,MAMU GOWA,OVERSIZE 16S MAMU,OS PUTIH NETRAL V16 PDK L,80172,11,0,0,40155,441705,281085
Sep-2026,MAMU GOWA,OVERSIZE 16S MAMU,OS PUTIH NETRAL V16 PDK L,40086,9,0,0,40155,361395,441705
Okt-2026,MAMU GOWA,OVERSIZE 16S MAMU,OS PUTIH NETRAL V16 PDK L,40086,8,0,0,40155,321240,361395
Mar-2026,MAMU GOWA,OVERSIZE 16S MAMU,OS PUTIH NETRAL V16 PDK M,320344,3,0,0,40043,120129,0
Apr-2026,MAMU GOWA,OVERSIZE 16S MAMU,OS PUTIH NETRAL V16 PDK M,120128,14,0,0,40042,560588,120129
Mei-2026,MAMU GOWA,OVERSIZE 16S MAMU,OS PUTIH NETRAL V16 PDK M,120126,12,0,0,40042,480504,560588
Jun-2026,MAMU GOWA,OVERSIZE 16S MAMU,OS PUTIH NETRAL V16 PDK M,80084,9,0,0,40042,360378,480504
Jul-2026,MAMU GOWA,OVERSIZE 16S MAMU,OS PUTIH NETRAL V16 PDK M,160168,6,0,0,40042,240252,360378
Agu-2026,MAMU GOWA,OVERSIZE 16S MAMU,OS PUTIH NETRAL V16 PDK M,120126,5,0,0,40042,200210,240252
Sep-2026,MAMU GOWA,OVERSIZE 16S MAMU,OS PUTIH NETRAL V16 PDK M,40042,13,0,0,40042,520546,200210
Okt-2026,MAMU GOWA,OVERSIZE 16S MAMU,OS PUTIH NETRAL V16 PDK M,40042,13,0,0,40042,520546,520546
Apr-2026,MAMU GOWA,OVERSIZE 16S MAMU,OS PUTIH NETRAL V16 PDK S,0,15,0,0,40037,600555,0
Mei-2026,MAMU GOWA,OVERSIZE 16S MAMU,OS PUTIH NETRAL V16 PDK S,200185,10,0,0,40037,400370,600555
Jun-2026,MAMU GOWA,OVERSIZE 16S MAMU,OS PUTIH NETRAL V16 PDK S,120111,7,0,0,40037,280259,400370
Jul-2026,MAMU GOWA,OVERSIZE 16S MAMU,OS PUTIH NETRAL V16 PDK S,120111,7,0,0,40037,280259,280259
Agu-2026,MAMU GOWA,OVERSIZE 16S MAMU,OS PUTIH NETRAL V16 PDK S,120111,5,0,0,40037,200185,280259
Sep-2026,MAMU GOWA,OVERSIZE 16S MAMU,OS PUTIH NETRAL V16 PDK S,0,6,0,0,40037,240222,200185
Okt-2026,MAMU GOWA,OVERSIZE 16S MAMU,OS PUTIH NETRAL V16 PDK S,40037,5,0,0,40037,200185,240222
Mar-2026,MAMU GOWA,OVERSIZE 16S MAMU,OS PUTIH NETRAL V16 PDK XL,0,6,0,0,40086,240516,0
Apr-2026,MAMU GOWA,OVERSIZE 16S MAMU,OS PUTIH NETRAL V16 PDK XL,80172,5,0,0,40084,200420,240516
Mei-2026,MAMU GOWA,OVERSIZE 16S MAMU,OS PUTIH NETRAL V16 PDK XL,0,5,0,0,40084,200420,200420
Jun-2026,MAMU GOWA,OVERSIZE 16S MAMU,OS PUTIH NETRAL V16 PDK XL,0,0,0,0,40084,0,200420
Sep-2026,MAMU GOWA,OVERSIZE 16S MAMU,OS PUTIH NETRAL V16 PDK XL,55224,6,0,0,40084,240504,0
Okt-2026,MAMU GOWA,OVERSIZE 16S MAMU,OS PUTIH NETRAL V16 PDK XL,0,5,0,0,40084,200420,240504
Jan-2026,MAMU KENDARI,OVERSIZE 16S MAMU,OS ARMY GREEN V16 PDK 2XL,0,3,0,0,45084,135252,0
Feb-2026,MAMU KENDARI,OVERSIZE 16S MAMU,OS ARMY GREEN V16 PDK 2XL,0,3,0,0,45084,135252,135252
Mar-2026,MAMU KENDARI,OVERSIZE 16S MAMU,OS ARMY GREEN V16 PDK 2XL,45084,2,0,0,45084,90168,135252
Apr-2026,MAMU KENDARI,OVERSIZE 16S MAMU,OS ARMY GREEN V16 PDK 2XL,0,2,0,0,45084,90168,90168
Mei-2026,MAMU KENDARI,OVERSIZE 16S MAMU,OS ARMY GREEN V16 PDK 2XL,45084,1,0,0,45084,45084,90168
Jun-2026,MAMU KENDARI,OVERSIZE 16S MAMU,OS ARMY GREEN V16 PDK 2XL,0,1,0,0,45084,45084,45084
Jul-2026,MAMU KENDARI,OVERSIZE 16S MAMU,OS ARMY GREEN V16 PDK 2XL,0,1,0,0,45084,45084,45084
Agu-2026,MAMU KENDARI,OVERSIZE 16S MAMU,OS ARMY GREEN V16 PDK 2XL,0,1,0,0,45084,45084,45084
Sep-2026,MAMU KENDARI,OVERSIZE 16S MAMU,OS ARMY GREEN V16 PDK 2XL,0,1,0,0,45084,45084,45084
Okt-2026,MAMU KENDARI,OVERSIZE 16S MAMU,OS ARMY GREEN V16 PDK 2XL,0,1,0,0,45084,45084,45084
Jan-2026,MAMU KENDARI,OVERSIZE 16S MAMU,OS ARMY GREEN V16 PDK L,0,15,0,0,43131,646965,0
Feb-2026,MAMU KENDARI,OVERSIZE 16S MAMU,OS ARMY GREEN V16 PDK L,0,15,0,0,43131,646965,646965
Mar-2026,MAMU KENDARI,OVERSIZE 16S MAMU,OS ARMY GREEN V16 PDK L,0,15,0,0,43131,646965,646965
Apr-2026,MAMU KENDARI,OVERSIZE 16S MAMU,OS ARMY GREEN V16 PDK L,43131,14,0,0,43131,603834,646965
Mei-2026,MAMU KENDARI,OVERSIZE 16S MAMU,OS ARMY GREEN V16 PDK L,43131,13,0,0,43131,560703,603834
Jun-2026,MAMU KENDARI,OVERSIZE 16S MAMU,OS ARMY GREEN V16 PDK L,0,13,0,0,43131,560703,560703
Jul-2026,MAMU KENDARI,OVERSIZE 16S MAMU,OS ARMY GREEN V16 PDK L,0,13,0,0,43131,560703,560703
Agu-2026,MAMU KENDARI,OVERSIZE 16S MAMU,OS ARMY GREEN V16 PDK L,0,13,0,0,43131,560703,560703
Sep-2026,MAMU KENDARI,OVERSIZE 16S MAMU,OS ARMY GREEN V16 PDK L,0,13,0,0,43131,560703,560703
Okt-2026,MAMU KENDARI,OVERSIZE 16S MAMU,OS ARMY GREEN V16 PDK L,43131,12,0,0,43131,517572,560703
Jan-2026,MAMU KENDARI,OVERSIZE 16S MAMU,OS ARMY GREEN V16 PDK M,0,9,0,0,44081,396729,0
Feb-2026,MAMU KENDARI,OVERSIZE 16S MAMU,OS ARMY GREEN V16 PDK M,0,9,0,0,44081,396729,396729
Mar-2026,MAMU KENDARI,OVERSIZE 16S MAMU,OS ARMY GREEN V16 PDK M,88162,6,0,0,44081,264486,396729
Apr-2026,MAMU KENDARI,OVERSIZE 16S MAMU,OS ARMY GREEN V16 PDK M,0,6,0,0,44081,264486,264486
Mei-2026,MAMU KENDARI,OVERSIZE 16S MAMU,OS ARMY GREEN V16 PDK M,44081,5,0,0,44081,220405,264486
Jun-2026,MAMU KENDARI,OVERSIZE 16S MAMU,OS ARMY GREEN V16 PDK M,0,5,0,0,44081,220405,220405
Jul-2026,MAMU KENDARI,OVERSIZE 16S MAMU,OS ARMY GREEN V16 PDK M,88162,3,0,0,44081,132243,220405
Agu-2026,MAMU KENDARI,OVERSIZE 16S MAMU,OS ARMY GREEN V16 PDK M,0,3,0,0,44081,132243,132243
Sep-2026,MAMU KENDARI,OVERSIZE 16S MAMU,OS ARMY GREEN V16 PDK M,0,3,0,0,44081,132243,132243
Okt-2026,MAMU KENDARI,OVERSIZE 16S MAMU,OS ARMY GREEN V16 PDK M,88162,1,0,0,44081,44081,132243
Jan-2026,MAMU KENDARI,OVERSIZE 16S MAMU,OS ARMY GREEN V16 PDK XL,0,15,0,0,44476,667140,0
Feb-2026,MAMU KENDARI,OVERSIZE 16S MAMU,OS ARMY GREEN V16 PDK XL,0,15,0,0,44476,667140,667140
Mar-2026,MAMU KENDARI,OVERSIZE 16S MAMU,OS ARMY GREEN V16 PDK XL,133428,10,0,0,44476,444760,667140
Apr-2026,MAMU KENDARI,OVERSIZE 16S MAMU,OS ARMY GREEN V16 PDK XL,44476,9,0,0,44476,400284,444760
Mei-2026,MAMU KENDARI,OVERSIZE 16S MAMU,OS ARMY GREEN V16 PDK XL,88952,8,0,0,44476,355808,400284
Jun-2026,MAMU KENDARI,OVERSIZE 16S MAMU,OS ARMY GREEN V16 PDK XL,0,7,0,0,44476,311332,355808
Jul-2026,MAMU KENDARI,OVERSIZE 16S MAMU,OS ARMY GREEN V16 PDK XL,0,7,0,0,44476,311332,311332
Agu-2026,MAMU KENDARI,OVERSIZE 16S MAMU,OS ARMY GREEN V16 PDK XL,0,7,0,0,44476,311332,311332
Sep-2026,MAMU KENDARI,OVERSIZE 16S MAMU,OS ARMY GREEN V16 PDK XL,0,7,0,0,44476,311332,311332
Okt-2026,MAMU KENDARI,OVERSIZE 16S MAMU,OS ARMY GREEN V16 PDK XL,0,7,0,0,44476,311332,311332
Jan-2026,MAMU KENDARI,OVERSIZE 16S MAMU,OS COKLAT SUSU V16 PDK 2XL,0,5,0,0,42820,214100,0
Feb-2026,MAMU KENDARI,OVERSIZE 16S MAMU,OS COKLAT SUSU V16 PDK 2XL,42820,4,0,0,42820,171280,214100
Mar-2026,MAMU KENDARI,OVERSIZE 16S MAMU,OS COKLAT SUSU V16 PDK 2XL,0,4,0,0,42820,171280,171280
Apr-2026,MAMU KENDARI,OVERSIZE 16S MAMU,OS COKLAT SUSU V16 PDK 2XL,42820,3,0,0,42820,128460,171280
Mei-2026,MAMU KENDARI,OVERSIZE 16S MAMU,OS COKLAT SUSU V16 PDK 2XL,0,3,0,0,42820,128460,128460
Jun-2026,MAMU KENDARI,OVERSIZE 16S MAMU,OS COKLAT SUSU V16 PDK 2XL,42820,2,0,0,42820,85640,128460
Jul-2026,MAMU KENDARI,OVERSIZE 16S MAMU,OS COKLAT SUSU V16 PDK 2XL,0,2,0,0,42820,85640,85640
Agu-2026,MAMU KENDARI,OVERSIZE 16S MAMU,OS COKLAT SUSU V16 PDK 2XL,0,2,0,0,42820,85640,85640
Sep-2026,MAMU KENDARI,OVERSIZE 16S MAMU,OS COKLAT SUSU V16 PDK 2XL,0,2,0,0,42820,85640,85640
Okt-2026,MAMU KENDARI,OVERSIZE 16S MAMU,OS COKLAT SUSU V16 PDK 2XL,0,2,0,0,42820,85640,85640
Jan-2026,MAMU KENDARI,OVERSIZE 16S MAMU,OS COKLAT SUSU V16 PDK L,41667,18,0,0,41667,750006,0
Feb-2026,MAMU KENDARI,OVERSIZE 16S MAMU,OS COKLAT SUSU V16 PDK L,0,18,0,0,41667,750006,750006
Mar-2026,MAMU KENDARI,OVERSIZE 16S MAMU,OS COKLAT SUSU V16 PDK L,83334,13,0,0,41667,541671,750006
Apr-2026,MAMU KENDARI,OVERSIZE 16S MAMU,OS COKLAT SUSU V16 PDK L,0,12,0,0,41667,500004,541671
Mei-2026,MAMU KENDARI,OVERSIZE 16S MAMU,OS COKLAT SUSU V16 PDK L,41667,11,0,0,41667,458337,500004
Jun-2026,MAMU KENDARI,OVERSIZE 16S MAMU,OS COKLAT SUSU V16 PDK L,0,11,0,0,41667,458337,458337
Jul-2026,MAMU KENDARI,OVERSIZE 16S MAMU,OS COKLAT SUSU V16 PDK L,0,11,0,0,41667,458337,458337
Agu-2026,MAMU KENDARI,OVERSIZE 16S MAMU,OS COKLAT SUSU V16 PDK L,0,11,0,0,41667,458337,458337
Sep-2026,MAMU KENDARI,OVERSIZE 16S MAMU,OS COKLAT SUSU V16 PDK L,0,11,0,0,41667,458337,458337
Okt-2026,MAMU KENDARI,OVERSIZE 16S MAMU,OS COKLAT SUSU V16 PDK L,0,11,0,0,41667,458337,458337
Jan-2026,MAMU KENDARI,OVERSIZE 16S MAMU,OS COKLAT SUSU V16 PDK M,42349,2,0,0,42349,84698,0
Feb-2026,MAMU KENDARI,OVERSIZE 16S MAMU,OS COKLAT SUSU V16 PDK M,0,2,0,0,42349,84698,84698
Mar-2026,MAMU KENDARI,OVERSIZE 16S MAMU,OS COKLAT SUSU V16 PDK M,42349,1,0,0,42349,42349,84698
Apr-2026,MAMU KENDARI,OVERSIZE 16S MAMU,OS COKLAT SUSU V16 PDK M,0,1,0,0,42349,42349,42349
Mei-2026,MAMU KENDARI,OVERSIZE 16S MAMU,OS COKLAT SUSU V16 PDK M,0,1,0,0,42349,42349,42349
Jun-2026,MAMU KENDARI,OVERSIZE 16S MAMU,OS COKLAT SUSU V16 PDK M,42349,0,0,0,42349,0,42349
Jan-2026,MAMU KENDARI,OVERSIZE 16S MAMU,OS COKLAT SUSU V16 PDK XL,42725,8,0,0,42725,341800,0
Feb-2026,MAMU KENDARI,OVERSIZE 16S MAMU,OS COKLAT SUSU V16 PDK XL,42725,7,0,0,42725,299075,341800
Mar-2026,MAMU KENDARI,OVERSIZE 16S MAMU,OS COKLAT SUSU V16 PDK XL,170900,3,0,0,42725,128175,299075
Apr-2026,MAMU KENDARI,OVERSIZE 16S MAMU,OS COKLAT SUSU V16 PDK XL,0,3,0,0,42725,128175,128175
Mei-2026,MAMU KENDARI,OVERSIZE 16S MAMU,OS COKLAT SUSU V16 PDK XL,0,3,0,0,42725,128175,128175
Jun-2026,MAMU KENDARI,OVERSIZE 16S MAMU,OS COKLAT SUSU V16 PDK XL,42725,2,0,0,42725,85450,128175
Jul-2026,MAMU KENDARI,OVERSIZE 16S MAMU,OS COKLAT SUSU V16 PDK XL,0,2,0,0,42725,85450,85450
Agu-2026,MAMU KENDARI,OVERSIZE 16S MAMU,OS COKLAT SUSU V16 PDK XL,42725,1,0,0,42725,42725,85450
Sep-2026,MAMU KENDARI,OVERSIZE 16S MAMU,OS COKLAT SUSU V16 PDK XL,0,1,0,0,42725,42725,42725
Okt-2026,MAMU KENDARI,OVERSIZE 16S MAMU,OS COKLAT SUSU V16 PDK XL,0,1,0,0,42725,42725,42725
Jan-2026,MAMU KENDARI,OVERSIZE 16S MAMU,OS DENIM BLUE V16 PDK 2XL,0,6,0,0,42601,255606,0
Feb-2026,MAMU KENDARI,OVERSIZE 16S MAMU,OS DENIM BLUE V16 PDK 2XL,0,7,0,0,42601,298207,255606
Mar-2026,MAMU KENDARI,OVERSIZE 16S MAMU,OS DENIM BLUE V16 PDK 2XL,0,6,0,0,42601,255606,298207
Apr-2026,MAMU KENDARI,OVERSIZE 16S MAMU,OS DENIM BLUE V16 PDK 2XL,0,6,0,0,42601,255606,255606
Mei-2026,MAMU KENDARI,OVERSIZE 16S MAMU,OS DENIM BLUE V16 PDK 2XL,0,6,0,0,42601,255606,255606
Jun-2026,MAMU KENDARI,OVERSIZE 16S MAMU,OS DENIM BLUE V16 PDK 2XL,0,6,0,0,42601,255606,255606
Jul-2026,MAMU KENDARI,OVERSIZE 16S MAMU,OS DENIM BLUE V16 PDK 2XL,0,6,0,0,42601,255606,255606
Agu-2026,MAMU KENDARI,OVERSIZE 16S MAMU,OS DENIM BLUE V16 PDK 2XL,0,6,0,0,42601,255606,255606
Sep-2026,MAMU KENDARI,OVERSIZE 16S MAMU,OS DENIM BLUE V16 PDK 2XL,0,6,0,0,42601,255606,255606
Okt-2026,MAMU KENDARI,OVERSIZE 16S MAMU,OS DENIM BLUE V16 PDK 2XL,0,6,0,0,42601,255606,255606
Jan-2026,MAMU KENDARI,OVERSIZE 16S MAMU,OS DENIM BLUE V16 PDK L,0,4,0,0,41469,165876,0
Feb-2026,MAMU KENDARI,OVERSIZE 16S MAMU,OS DENIM BLUE V16 PDK L,41469,4,0,0,41469,165876,165876
Mar-2026,MAMU KENDARI,OVERSIZE 16S MAMU,OS DENIM BLUE V16 PDK L,0,3,0,0,38625,115875,165876
Apr-2026,MAMU KENDARI,OVERSIZE 16S MAMU,OS DENIM BLUE V16 PDK L,0,3,0,0,38625,115875,115875
Mei-2026,MAMU KENDARI,OVERSIZE 16S MAMU,OS DENIM BLUE V16 PDK L,41469,2,0,0,38821,77642,115875
Jun-2026,MAMU KENDARI,OVERSIZE 16S MAMU,OS DENIM BLUE V16 PDK L,0,5,0,0,38821,194105,77642
Jul-2026,MAMU KENDARI,OVERSIZE 16S MAMU,OS DENIM BLUE V16 PDK L,0,5,0,0,38821,194105,194105
Agu-2026,MAMU KENDARI,OVERSIZE 16S MAMU,OS DENIM BLUE V16 PDK L,79760,4,0,0,38821,155284,194105
Sep-2026,MAMU KENDARI,OVERSIZE 16S MAMU,OS DENIM BLUE V16 PDK L,39880,2,0,0,38821,77642,155284
Okt-2026,MAMU KENDARI,OVERSIZE 16S MAMU,OS DENIM BLUE V16 PDK L,0,2,0,0,38821,77642,77642
Jun-2026,MAMU KENDARI,OVERSIZE 16S MAMU,OS DENIM BLUE V16 PDK M,0,3,0,0,41868,125604,0
Jul-2026,MAMU KENDARI,OVERSIZE 16S MAMU,OS DENIM BLUE V16 PDK M,0,3,0,0,41868,125604,125604
Agu-2026,MAMU KENDARI,OVERSIZE 16S MAMU,OS DENIM BLUE V16 PDK M,55939,2,0,0,41868,83736,125604
Sep-2026,MAMU KENDARI,OVERSIZE 16S MAMU,OS DENIM BLUE V16 PDK M,0,2,0,0,41868,83736,83736
Okt-2026,MAMU KENDARI,OVERSIZE 16S MAMU,OS DENIM BLUE V16 PDK M,0,2,0,0,41868,83736,83736
Jun-2026,MAMU KENDARI,OVERSIZE 16S MAMU,OS DENIM BLUE V16 PDK S,0,3,0,0,38550,115650,0
Jul-2026,MAMU KENDARI,OVERSIZE 16S MAMU,OS DENIM BLUE V16 PDK S,77100,1,0,0,38550,38550,115650
Agu-2026,MAMU KENDARI,OVERSIZE 16S MAMU,OS DENIM BLUE V16 PDK S,0,1,0,0,38550,38550,38550
Sep-2026,MAMU KENDARI,OVERSIZE 16S MAMU,OS DENIM BLUE V16 PDK S,0,1,0,0,38550,38550,38550
Okt-2026,MAMU KENDARI,OVERSIZE 16S MAMU,OS DENIM BLUE V16 PDK S,0,1,0,0,38550,38550,38550
Jan-2026,MAMU KENDARI,OVERSIZE 16S MAMU,OS DENIM BLUE V16 PDK XL,0,12,0,0,41868,502416,0
Feb-2026,MAMU KENDARI,OVERSIZE 16S MAMU,OS DENIM BLUE V16 PDK XL,41868,11,0,0,41868,460548,502416
Mar-2026,MAMU KENDARI,OVERSIZE 16S MAMU,OS DENIM BLUE V16 PDK XL,0,9,0,0,41868,376812,460548
Apr-2026,MAMU KENDARI,OVERSIZE 16S MAMU,OS DENIM BLUE V16 PDK XL,0,9,0,0,41868,376812,376812
Mei-2026,MAMU KENDARI,OVERSIZE 16S MAMU,OS DENIM BLUE V16 PDK XL,0,9,0,0,41868,376812,376812
Jun-2026,MAMU KENDARI,OVERSIZE 16S MAMU,OS DENIM BLUE V16 PDK XL,0,9,0,0,41868,376812,376812
Jul-2026,MAMU KENDARI,OVERSIZE 16S MAMU,OS DENIM BLUE V16 PDK XL,0,9,0,0,41868,376812,376812
Agu-2026,MAMU KENDARI,OVERSIZE 16S MAMU,OS DENIM BLUE V16 PDK XL,0,9,0,0,41868,376812,376812
Sep-2026,MAMU KENDARI,OVERSIZE 16S MAMU,OS DENIM BLUE V16 PDK XL,0,9,0,0,41868,376812,376812
Okt-2026,MAMU KENDARI,OVERSIZE 16S MAMU,OS DENIM BLUE V16 PDK XL,0,9,0,0,41868,376812,376812
Apr-2026,MAMU KENDARI,OVERSIZE 16S MAMU,OS JET BLACK V16 PDK 2XL,45054,0,3,0,45054,135162,0
Mei-2026,MAMU KENDARI,OVERSIZE 16S MAMU,OS JET BLACK V16 PDK 2XL,90108,0,0,0,46112,0,135162
Jan-2026,MAMU KENDARI,OVERSIZE 16S MAMU,OS JET BLACK V16 PDK L,399249,5,0,0,44390,221950,0
Feb-2026,MAMU KENDARI,OVERSIZE 16S MAMU,OS JET BLACK V16 PDK L,221805,0,0,0,44390,0,221950
Apr-2026,MAMU KENDARI,OVERSIZE 16S MAMU,OS JET BLACK V16 PDK L,270240,0,10,0,45040,450400,0
Mei-2026,MAMU KENDARI,OVERSIZE 16S MAMU,OS JET BLACK V16 PDK L,855760,0,0,0,44390,0,450400
Jun-2026,MAMU KENDARI,OVERSIZE 16S MAMU,OS JET BLACK V16 PDK L,0,3,0,0,45040,135120,0
Jul-2026,MAMU KENDARI,OVERSIZE 16S MAMU,OS JET BLACK V16 PDK L,135120,0,0,0,44390,0,135120
Okt-2026,MAMU KENDARI,OVERSIZE 16S MAMU,OS JET BLACK V16 PDK L,0,0,5,0,45040,225200,0
Jan-2026,MAMU KENDARI,OVERSIZE 16S MAMU,OS JET BLACK V16 PDK M,266340,28,0,0,44390,1242920,0
Feb-2026,MAMU KENDARI,OVERSIZE 16S MAMU,OS JET BLACK V16 PDK M,310730,21,0,0,44390,932190,1242920
Mar-2026,MAMU KENDARI,OVERSIZE 16S MAMU,OS JET BLACK V16 PDK M,621460,7,0,0,44888,314216,932190
Apr-2026,MAMU KENDARI,OVERSIZE 16S MAMU,OS JET BLACK V16 PDK M,535135,0,5,0,44890,224450,314216
Mei-2026,MAMU KENDARI,OVERSIZE 16S MAMU,OS JET BLACK V16 PDK M,627746,8,0,0,44890,359120,224450
Jun-2026,MAMU KENDARI,OVERSIZE 16S MAMU,OS JET BLACK V16 PDK M,179084,4,0,0,44890,179560,359120
Jul-2026,MAMU KENDARI,OVERSIZE 16S MAMU,OS JET BLACK V16 PDK M,44771,3,0,0,44890,134670,179560
Agu-2026,MAMU KENDARI,OVERSIZE 16S MAMU,OS JET BLACK V16 PDK M,89542,1,0,0,44890,44890,134670
Sep-2026,MAMU KENDARI,OVERSIZE 16S MAMU,OS JET BLACK V16 PDK M,44771,0,0,0,44390,0,44890
Okt-2026,MAMU KENDARI,OVERSIZE 16S MAMU,OS JET BLACK V16 PDK M,0,0,5,0,44890,224450,0
Jan-2026,MAMU KENDARI,OVERSIZE 16S MAMU,OS JET BLACK V16 PDK S,221950,17,0,0,44390,754630,0
Feb-2026,MAMU KENDARI,OVERSIZE 16S MAMU,OS JET BLACK V16 PDK S,44390,16,0,0,44390,710240,754630
Mar-2026,MAMU KENDARI,OVERSIZE 16S MAMU,OS JET BLACK V16 PDK S,355120,8,0,0,44946,359568,710240
Apr-2026,MAMU KENDARI,OVERSIZE 16S MAMU,OS JET BLACK V16 PDK S,177560,5,0,0,44946,224730,359568
Mei-2026,MAMU KENDARI,OVERSIZE 16S MAMU,OS JET BLACK V16 PDK S,177560,1,0,0,44946,44946,224730
Jun-2026,MAMU KENDARI,OVERSIZE 16S MAMU,OS JET BLACK V16 PDK S,0,0,0,0,44946,0,44946
Okt-2026,MAMU KENDARI,OVERSIZE 16S MAMU,OS JET BLACK V16 PDK S,0,0,10,0,44946,449460,0
Jan-2026,MAMU KENDARI,OVERSIZE 16S MAMU,OS JET BLACK V16 PDK XL,177560,7,0,0,44390,310730,0
Feb-2026,MAMU KENDARI,OVERSIZE 16S MAMU,OS JET BLACK V16 PDK XL,310730,0,0,0,44390,0,310730
Apr-2026,MAMU KENDARI,OVERSIZE 16S MAMU,OS JET BLACK V16 PDK XL,90064,0,2,0,45054,90108,0
Mei-2026,MAMU KENDARI,OVERSIZE 16S MAMU,OS JET BLACK V16 PDK XL,269974,0,0,0,44390,0,90108
Okt-2026,MAMU KENDARI,OVERSIZE 16S MAMU,OS JET BLACK V16 PDK XL,0,0,5,0,45054,225270,0
Jan-2026,MAMU KENDARI,OVERSIZE 16S MAMU,OS LIGHT BROWN V16 PDK 2XL,0,10,0,0,41365,413650,0
Feb-2026,MAMU KENDARI,OVERSIZE 16S MAMU,OS LIGHT BROWN V16 PDK 2XL,0,10,0,0,41365,413650,413650
Mar-2026,MAMU KENDARI,OVERSIZE 16S MAMU,OS LIGHT BROWN V16 PDK 2XL,41365,8,0,0,41365,330920,413650
Apr-2026,MAMU KENDARI,OVERSIZE 16S MAMU,OS LIGHT BROWN V16 PDK 2XL,0,8,0,0,41365,330920,330920
Mei-2026,MAMU KENDARI,OVERSIZE 16S MAMU,OS LIGHT BROWN V16 PDK 2XL,0,8,0,0,41365,330920,330920
Jun-2026,MAMU KENDARI,OVERSIZE 16S MAMU,OS LIGHT BROWN V16 PDK 2XL,0,8,0,0,41365,330920,330920
Jul-2026,MAMU KENDARI,OVERSIZE 16S MAMU,OS LIGHT BROWN V16 PDK 2XL,0,8,0,0,41365,330920,330920
Agu-2026,MAMU KENDARI,OVERSIZE 16S MAMU,OS LIGHT BROWN V16 PDK 2XL,0,8,0,0,41365,330920,330920
Sep-2026,MAMU KENDARI,OVERSIZE 16S MAMU,OS LIGHT BROWN V16 PDK 2XL,0,8,0,0,41365,330920,330920
Okt-2026,MAMU KENDARI,OVERSIZE 16S MAMU,OS LIGHT BROWN V16 PDK 2XL,0,8,0,0,41365,330920,330920
Jan-2026,MAMU KENDARI,OVERSIZE 16S MAMU,OS LIGHT BROWN V16 PDK L,39226,15,0,0,39226,588390,0
Feb-2026,MAMU KENDARI,OVERSIZE 16S MAMU,OS LIGHT BROWN V16 PDK L,0,15,0,0,39226,588390,588390
Mar-2026,MAMU KENDARI,OVERSIZE 16S MAMU,OS LIGHT BROWN V16 PDK L,0,14,0,0,39226,549164,588390
Apr-2026,MAMU KENDARI,OVERSIZE 16S MAMU,OS LIGHT BROWN V16 PDK L,0,13,0,0,38902,505726,549164
Mei-2026,MAMU KENDARI,OVERSIZE 16S MAMU,OS LIGHT BROWN V16 PDK L,0,13,0,0,38939,506207,505726
Jun-2026,MAMU KENDARI,OVERSIZE 16S MAMU,OS LIGHT BROWN V16 PDK L,39226,12,0,0,38939,467268,506207
Jul-2026,MAMU KENDARI,OVERSIZE 16S MAMU,OS LIGHT BROWN V16 PDK L,0,12,0,0,38939,467268,467268
Agu-2026,MAMU KENDARI,OVERSIZE 16S MAMU,OS LIGHT BROWN V16 PDK L,39226,11,0,0,38939,428329,467268
Sep-2026,MAMU KENDARI,OVERSIZE 16S MAMU,OS LIGHT BROWN V16 PDK L,0,11,0,0,38939,428329,428329
Okt-2026,MAMU KENDARI,OVERSIZE 16S MAMU,OS LIGHT BROWN V16 PDK L,39226,10,0,0,38939,389390,428329
Jan-2026,MAMU KENDARI,OVERSIZE 16S MAMU,OS LIGHT BROWN V16 PDK M,0,14,0,0,39714,555996,0
Feb-2026,MAMU KENDARI,OVERSIZE 16S MAMU,OS LIGHT BROWN V16 PDK M,0,14,0,0,39714,555996,555996
Mar-2026,MAMU KENDARI,OVERSIZE 16S MAMU,OS LIGHT BROWN V16 PDK M,79428,11,0,0,39714,436854,555996
Apr-2026,MAMU KENDARI,OVERSIZE 16S MAMU,OS LIGHT BROWN V16 PDK M,0,10,0,0,38905,389050,436854
Mei-2026,MAMU KENDARI,OVERSIZE 16S MAMU,OS LIGHT BROWN V16 PDK M,158856,6,0,0,38905,233430,389050
Jun-2026,MAMU KENDARI,OVERSIZE 16S MAMU,OS LIGHT BROWN V16 PDK M,0,6,0,0,38905,233430,233430
Jul-2026,MAMU KENDARI,OVERSIZE 16S MAMU,OS LIGHT BROWN V16 PDK M,39714,5,0,0,38905,194525,233430
Agu-2026,MAMU KENDARI,OVERSIZE 16S MAMU,OS LIGHT BROWN V16 PDK M,0,5,0,0,38905,194525,194525
Sep-2026,MAMU KENDARI,OVERSIZE 16S MAMU,OS LIGHT BROWN V16 PDK M,79428,3,0,0,38905,116715,194525
Okt-2026,MAMU KENDARI,OVERSIZE 16S MAMU,OS LIGHT BROWN V16 PDK M,0,3,0,0,38905,116715,116715
Jan-2026,MAMU KENDARI,OVERSIZE 16S MAMU,OS LIGHT BROWN V16 PDK XL,0,5,0,0,39714,198570,0
Feb-2026,MAMU KENDARI,OVERSIZE 16S MAMU,OS LIGHT BROWN V16 PDK XL,0,14,0,0,39714,555996,198570
Mar-2026,MAMU KENDARI,OVERSIZE 16S MAMU,OS LIGHT BROWN V16 PDK XL,39714,11,0,0,39714,436854,555996
Apr-2026,MAMU KENDARI,OVERSIZE 16S MAMU,OS LIGHT BROWN V16 PDK XL,39714,10,0,0,39714,397140,436854
Mei-2026,MAMU KENDARI,OVERSIZE 16S MAMU,OS LIGHT BROWN V16 PDK XL,39714,9,0,0,39714,357426,397140
Jun-2026,MAMU KENDARI,OVERSIZE 16S MAMU,OS LIGHT BROWN V16 PDK XL,0,9,0,0,39714,357426,357426
Jul-2026,MAMU KENDARI,OVERSIZE 16S MAMU,OS LIGHT BROWN V16 PDK XL,0,9,0,0,39714,357426,357426
Agu-2026,MAMU KENDARI,OVERSIZE 16S MAMU,OS LIGHT BROWN V16 PDK XL,0,9,0,0,39714,357426,357426
Sep-2026,MAMU KENDARI,OVERSIZE 16S MAMU,OS LIGHT BROWN V16 PDK XL,39714,8,0,0,39714,317712,357426
Okt-2026,MAMU KENDARI,OVERSIZE 16S MAMU,OS LIGHT BROWN V16 PDK XL,0,8,0,0,39714,317712,317712
Jan-2026,MAMU KENDARI,OVERSIZE 16S MAMU,OS MINERAL GREEN V16 PDK 2XL,0,4,0,0,44432,177728,0
Feb-2026,MAMU KENDARI,OVERSIZE 16S MAMU,OS MINERAL GREEN V16 PDK 2XL,0,4,0,0,44432,177728,177728
Mar-2026,MAMU KENDARI,OVERSIZE 16S MAMU,OS MINERAL GREEN V16 PDK 2XL,0,4,0,0,44432,177728,177728
Apr-2026,MAMU KENDARI,OVERSIZE 16S MAMU,OS MINERAL GREEN V16 PDK 2XL,0,4,0,0,44432,177728,177728
Mei-2026,MAMU KENDARI,OVERSIZE 16S MAMU,OS MINERAL GREEN V16 PDK 2XL,0,4,0,0,44432,177728,177728
Jun-2026,MAMU KENDARI,OVERSIZE 16S MAMU,OS MINERAL GREEN V16 PDK 2XL,0,5,0,0,44432,222160,177728
Jul-2026,MAMU KENDARI,OVERSIZE 16S MAMU,OS MINERAL GREEN V16 PDK 2XL,0,5,0,0,44432,222160,222160
Agu-2026,MAMU KENDARI,OVERSIZE 16S MAMU,OS MINERAL GREEN V16 PDK 2XL,0,5,0,0,44432,222160,222160
Sep-2026,MAMU KENDARI,OVERSIZE 16S MAMU,OS MINERAL GREEN V16 PDK 2XL,0,5,0,0,44432,222160,222160
Okt-2026,MAMU KENDARI,OVERSIZE 16S MAMU,OS MINERAL GREEN V16 PDK 2XL,0,5,0,0,44432,222160,222160
Jan-2026,MAMU KENDARI,OVERSIZE 16S MAMU,OS MINERAL GREEN V16 PDK L,0,20,0,0,42084,841680,0
Feb-2026,MAMU KENDARI,OVERSIZE 16S MAMU,OS MINERAL GREEN V16 PDK L,0,20,0,0,42084,841680,841680
Mar-2026,MAMU KENDARI,OVERSIZE 16S MAMU,OS MINERAL GREEN V16 PDK L,42084,19,0,0,42084,799596,841680
Apr-2026,MAMU KENDARI,OVERSIZE 16S MAMU,OS MINERAL GREEN V16 PDK L,0,20,0,0,40339,806780,799596
Mei-2026,MAMU KENDARI,OVERSIZE 16S MAMU,OS MINERAL GREEN V16 PDK L,0,20,0,0,40339,806780,806780
Jun-2026,MAMU KENDARI,OVERSIZE 16S MAMU,OS MINERAL GREEN V16 PDK L,0,20,0,0,40339,806780,806780
Jul-2026,MAMU KENDARI,OVERSIZE 16S MAMU,OS MINERAL GREEN V16 PDK L,42084,19,0,0,40339,766441,806780
Agu-2026,MAMU KENDARI,OVERSIZE 16S MAMU,OS MINERAL GREEN V16 PDK L,0,19,0,0,40339,766441,766441
Sep-2026,MAMU KENDARI,OVERSIZE 16S MAMU,OS MINERAL GREEN V16 PDK L,0,19,0,0,40339,766441,766441
Okt-2026,MAMU KENDARI,OVERSIZE 16S MAMU,OS MINERAL GREEN V16 PDK L,0,19,0,0,40339,766441,766441
Jan-2026,MAMU KENDARI,OVERSIZE 16S MAMU,OS MINERAL GREEN V16 PDK M,0,11,0,0,42154,463694,0
Feb-2026,MAMU KENDARI,OVERSIZE 16S MAMU,OS MINERAL GREEN V16 PDK M,0,11,0,0,42154,463694,463694
Mar-2026,MAMU KENDARI,OVERSIZE 16S MAMU,OS MINERAL GREEN V16 PDK M,0,9,0,0,40389,363501,463694
Apr-2026,MAMU KENDARI,OVERSIZE 16S MAMU,OS MINERAL GREEN V16 PDK M,0,9,0,0,40374,363366,363501
Mei-2026,MAMU KENDARI,OVERSIZE 16S MAMU,OS MINERAL GREEN V16 PDK M,0,9,0,0,40407,363663,363366
Jun-2026,MAMU KENDARI,OVERSIZE 16S MAMU,OS MINERAL GREEN V16 PDK M,0,9,0,0,40407,363663,363663
Jul-2026,MAMU KENDARI,OVERSIZE 16S MAMU,OS MINERAL GREEN V16 PDK M,0,9,0,0,40407,363663,363663
Agu-2026,MAMU KENDARI,OVERSIZE 16S MAMU,OS MINERAL GREEN V16 PDK M,0,9,0,0,40407,363663,363663
Sep-2026,MAMU KENDARI,OVERSIZE 16S MAMU,OS MINERAL GREEN V16 PDK M,42154,8,0,0,40407,323256,363663
Okt-2026,MAMU KENDARI,OVERSIZE 16S MAMU,OS MINERAL GREEN V16 PDK M,0,8,0,0,40407,323256,323256
Jan-2026,MAMU KENDARI,OVERSIZE 16S MAMU,OS MINERAL GREEN V16 PDK S,0,3,0,0,43911,131733,0
Feb-2026,MAMU KENDARI,OVERSIZE 16S MAMU,OS MINERAL GREEN V16 PDK S,0,3,0,0,43911,131733,131733
Mar-2026,MAMU KENDARI,OVERSIZE 16S MAMU,OS MINERAL GREEN V16 PDK S,43911,2,0,0,40339,80678,131733
Apr-2026,MAMU KENDARI,OVERSIZE 16S MAMU,OS MINERAL GREEN V16 PDK S,0,3,0,0,40339,121017,80678
Mei-2026,MAMU KENDARI,OVERSIZE 16S MAMU,OS MINERAL GREEN V16 PDK S,43911,2,0,0,40376,80752,121017
Jun-2026,MAMU KENDARI,OVERSIZE 16S MAMU,OS MINERAL GREEN V16 PDK S,0,5,0,0,40376,201880,80752
Jul-2026,MAMU KENDARI,OVERSIZE 16S MAMU,OS MINERAL GREEN V16 PDK S,0,5,0,0,40376,201880,201880
Agu-2026,MAMU KENDARI,OVERSIZE 16S MAMU,OS MINERAL GREEN V16 PDK S,41790,5,0,0,40376,201880,201880
Sep-2026,MAMU KENDARI,OVERSIZE 16S MAMU,OS MINERAL GREEN V16 PDK S,0,4,0,0,40376,161504,201880
Okt-2026,MAMU KENDARI,OVERSIZE 16S MAMU,OS MINERAL GREEN V16 PDK S,0,4,0,0,40376,161504,161504
Jan-2026,MAMU KENDARI,OVERSIZE 16S MAMU,OS MINERAL GREEN V16 PDK XL,0,13,0,0,41786,543218,0
Feb-2026,MAMU KENDARI,OVERSIZE 16S MAMU,OS MINERAL GREEN V16 PDK XL,0,13,0,0,41786,543218,543218
Mar-2026,MAMU KENDARI,OVERSIZE 16S MAMU,OS MINERAL GREEN V16 PDK XL,41786,12,0,0,41786,501432,543218
Apr-2026,MAMU KENDARI,OVERSIZE 16S MAMU,OS MINERAL GREEN V16 PDK XL,0,11,0,0,41786,459646,501432
Mei-2026,MAMU KENDARI,OVERSIZE 16S MAMU,OS MINERAL GREEN V16 PDK XL,0,11,0,0,41786,459646,459646
Jun-2026,MAMU KENDARI,OVERSIZE 16S MAMU,OS MINERAL GREEN V16 PDK XL,0,11,0,0,41786,459646,459646
Jul-2026,MAMU KENDARI,OVERSIZE 16S MAMU,OS MINERAL GREEN V16 PDK XL,0,11,0,0,41786,459646,459646
Agu-2026,MAMU KENDARI,OVERSIZE 16S MAMU,OS MINERAL GREEN V16 PDK XL,0,11,0,0,41786,459646,459646
Sep-2026,MAMU KENDARI,OVERSIZE 16S MAMU,OS MINERAL GREEN V16 PDK XL,41786,10,0,0,41786,417860,459646
Okt-2026,MAMU KENDARI,OVERSIZE 16S MAMU,OS MINERAL GREEN V16 PDK XL,0,10,0,0,41786,417860,417860
Jan-2026,MAMU KENDARI,OVERSIZE 16S MAMU,OS NAVY V16 PDK L,0,18,0,0,44604,802872,0
Feb-2026,MAMU KENDARI,OVERSIZE 16S MAMU,OS NAVY V16 PDK L,0,18,0,0,44604,802872,802872
Mar-2026,MAMU KENDARI,OVERSIZE 16S MAMU,OS NAVY V16 PDK L,133812,12,0,0,44604,535248,802872
Apr-2026,MAMU KENDARI,OVERSIZE 16S MAMU,OS NAVY V16 PDK L,89208,10,0,0,44121,441210,535248
Mei-2026,MAMU KENDARI,OVERSIZE 16S MAMU,OS NAVY V16 PDK L,0,10,0,0,44138,441380,441210
Jun-2026,MAMU KENDARI,OVERSIZE 16S MAMU,OS NAVY V16 PDK L,446040,0,0,0,44604,0,441380
Jul-2026,MAMU KENDARI,OVERSIZE 16S MAMU,OS NAVY V16 PDK L,44906,0,0,0,44604,0,0
Agu-2026,MAMU KENDARI,OVERSIZE 16S MAMU,OS NAVY V16 PDK L,44906,3,0,0,44138,132414,0
Sep-2026,MAMU KENDARI,OVERSIZE 16S MAMU,OS NAVY V16 PDK L,89812,1,0,0,44138,44138,132414
Okt-2026,MAMU KENDARI,OVERSIZE 16S MAMU,OS NAVY V16 PDK L,0,1,5,0,44138,264828,44138
Jan-2026,MAMU KENDARI,OVERSIZE 16S MAMU,OS NAVY V16 PDK M,0,10,0,0,44504,445040,0
Feb-2026,MAMU KENDARI,OVERSIZE 16S MAMU,OS NAVY V16 PDK M,89008,9,0,0,44504,400536,445040
Mar-2026,MAMU KENDARI,OVERSIZE 16S MAMU,OS NAVY V16 PDK M,267024,1,0,0,44103,44103,400536
Apr-2026,MAMU KENDARI,OVERSIZE 16S MAMU,OS NAVY V16 PDK M,0,1,0,0,44100,44100,44103
Mei-2026,MAMU KENDARI,OVERSIZE 16S MAMU,OS NAVY V16 PDK M,44504,0,0,0,44504,0,44100
Jun-2026,MAMU KENDARI,OVERSIZE 16S MAMU,OS NAVY V16 PDK M,132312,2,0,0,44104,88208,0
Jul-2026,MAMU KENDARI,OVERSIZE 16S MAMU,OS NAVY V16 PDK M,44104,1,0,0,44104,44104,88208
Agu-2026,MAMU KENDARI,OVERSIZE 16S MAMU,OS NAVY V16 PDK M,0,4,0,0,44104,176416,44104
Sep-2026,MAMU KENDARI,OVERSIZE 16S MAMU,OS NAVY V16 PDK M,0,4,0,0,44104,176416,176416
Okt-2026,MAMU KENDARI,OVERSIZE 16S MAMU,OS NAVY V16 PDK M,0,4,3,0,44104,308728,176416
Jun-2026,MAMU KENDARI,OVERSIZE 16S MAMU,OS NAVY V16 PDK S,44754,4,0,0,44106,176424,0
Jul-2026,MAMU KENDARI,OVERSIZE 16S MAMU,OS NAVY V16 PDK S,0,4,0,0,44106,176424,176424
Agu-2026,MAMU KENDARI,OVERSIZE 16S MAMU,OS NAVY V16 PDK S,0,5,0,0,44106,220530,176424
Sep-2026,MAMU KENDARI,OVERSIZE 16S MAMU,OS NAVY V16 PDK S,89502,4,0,0,44106,176424,220530
Okt-2026,MAMU KENDARI,OVERSIZE 16S MAMU,OS NAVY V16 PDK S,0,3,1,0,44106,176424,176424
Jan-2026,MAMU KENDARI,OVERSIZE 16S MAMU,OS NAVY V16 PDK XL,0,12,0,0,44504,534048,0
Feb-2026,MAMU KENDARI,OVERSIZE 16S MAMU,OS NAVY V16 PDK XL,0,12,0,0,44504,534048,534048
Mar-2026,MAMU KENDARI,OVERSIZE 16S MAMU,OS NAVY V16 PDK XL,89008,8,0,0,44504,356032,534048
Apr-2026,MAMU KENDARI,OVERSIZE 16S MAMU,OS NAVY V16 PDK XL,0,8,0,0,44113,352904,356032
Mei-2026,MAMU KENDARI,OVERSIZE 16S MAMU,OS NAVY V16 PDK XL,44504,7,0,0,44177,309239,352904
Jun-2026,MAMU KENDARI,OVERSIZE 16S MAMU,OS NAVY V16 PDK XL,89008,5,0,0,44177,220885,309239
Jul-2026,MAMU KENDARI,OVERSIZE 16S MAMU,OS NAVY V16 PDK XL,0,5,0,0,44177,220885,220885
Agu-2026,MAMU KENDARI,OVERSIZE 16S MAMU,OS NAVY V16 PDK XL,44504,4,0,0,44177,176708,220885
Sep-2026,MAMU KENDARI,OVERSIZE 16S MAMU,OS NAVY V16 PDK XL,0,4,0,0,44177,176708,176708
Okt-2026,MAMU KENDARI,OVERSIZE 16S MAMU,OS NAVY V16 PDK XL,0,4,0,0,44177,176708,176708
Jan-2026,MAMU KENDARI,OVERSIZE 16S MAMU,OS ORANGE BATA V16 PDK L,0,15,0,0,44076,661140,0
Feb-2026,MAMU KENDARI,OVERSIZE 16S MAMU,OS ORANGE BATA V16 PDK L,0,15,0,0,44076,661140,661140
Mar-2026,MAMU KENDARI,OVERSIZE 16S MAMU,OS ORANGE BATA V16 PDK L,44076,14,0,0,44077,617078,661140
Apr-2026,MAMU KENDARI,OVERSIZE 16S MAMU,OS ORANGE BATA V16 PDK L,44076,14,0,0,44077,617078,617078
Mei-2026,MAMU KENDARI,OVERSIZE 16S MAMU,OS ORANGE BATA V16 PDK L,44076,13,0,0,44077,573001,617078
Jun-2026,MAMU KENDARI,OVERSIZE 16S MAMU,OS ORANGE BATA V16 PDK L,44076,12,0,0,44077,528924,573001
Jul-2026,MAMU KENDARI,OVERSIZE 16S MAMU,OS ORANGE BATA V16 PDK L,0,12,0,0,44077,528924,528924
Agu-2026,MAMU KENDARI,OVERSIZE 16S MAMU,OS ORANGE BATA V16 PDK L,0,12,0,0,44077,528924,528924
Sep-2026,MAMU KENDARI,OVERSIZE 16S MAMU,OS ORANGE BATA V16 PDK L,88152,10,0,0,44077,440770,528924
Okt-2026,MAMU KENDARI,OVERSIZE 16S MAMU,OS ORANGE BATA V16 PDK L,0,10,0,0,44077,440770,440770
Jan-2026,MAMU KENDARI,OVERSIZE 16S MAMU,OS ORANGE BATA V16 PDK M,0,16,0,0,44983,719728,0
Feb-2026,MAMU KENDARI,OVERSIZE 16S MAMU,OS ORANGE BATA V16 PDK M,0,16,0,0,44983,719728,719728
Mar-2026,MAMU KENDARI,OVERSIZE 16S MAMU,OS ORANGE BATA V16 PDK M,89966,11,0,0,44983,494813,719728
Apr-2026,MAMU KENDARI,OVERSIZE 16S MAMU,OS ORANGE BATA V16 PDK M,0,11,0,0,44983,494813,494813
Mei-2026,MAMU KENDARI,OVERSIZE 16S MAMU,OS ORANGE BATA V16 PDK M,0,11,0,0,44983,494813,494813
Jun-2026,MAMU KENDARI,OVERSIZE 16S MAMU,OS ORANGE BATA V16 PDK M,0,11,0,0,44983,494813,494813
Jul-2026,MAMU KENDARI,OVERSIZE 16S MAMU,OS ORANGE BATA V16 PDK M,0,11,0,0,44983,494813,494813
Agu-2026,MAMU KENDARI,OVERSIZE 16S MAMU,OS ORANGE BATA V16 PDK M,0,11,0,0,44983,494813,494813
Sep-2026,MAMU KENDARI,OVERSIZE 16S MAMU,OS ORANGE BATA V16 PDK M,0,11,0,0,44983,494813,494813
Okt-2026,MAMU KENDARI,OVERSIZE 16S MAMU,OS ORANGE BATA V16 PDK M,0,11,0,0,44983,494813,494813
Jan-2026,MAMU KENDARI,OVERSIZE 16S MAMU,OS ORANGE BATA V16 PDK XL,0,14,0,0,44616,624624,0
Feb-2026,MAMU KENDARI,OVERSIZE 16S MAMU,OS ORANGE BATA V16 PDK XL,0,14,0,0,44616,624624,624624
Mar-2026,MAMU KENDARI,OVERSIZE 16S MAMU,OS ORANGE BATA V16 PDK XL,44619,13,0,0,44622,580086,624624
Apr-2026,MAMU KENDARI,OVERSIZE 16S MAMU,OS ORANGE BATA V16 PDK XL,0,12,0,0,44622,535464,580086
Mei-2026,MAMU KENDARI,OVERSIZE 16S MAMU,OS ORANGE BATA V16 PDK XL,0,12,0,0,44622,535464,535464
Jun-2026,MAMU KENDARI,OVERSIZE 16S MAMU,OS ORANGE BATA V16 PDK XL,0,12,0,0,44622,535464,535464
Jul-2026,MAMU KENDARI,OVERSIZE 16S MAMU,OS ORANGE BATA V16 PDK XL,0,12,0,0,44622,535464,535464
Agu-2026,MAMU KENDARI,OVERSIZE 16S MAMU,OS ORANGE BATA V16 PDK XL,0,12,0,0,44622,535464,535464
Sep-2026,MAMU KENDARI,OVERSIZE 16S MAMU,OS ORANGE BATA V16 PDK XL,0,12,0,0,44622,535464,535464
Okt-2026,MAMU KENDARI,OVERSIZE 16S MAMU,OS ORANGE BATA V16 PDK XL,0,12,0,0,44622,535464,535464
Jan-2026,MAMU KENDARI,OVERSIZE 16S MAMU,OS PUTIH NETRAL V16 PDK 2XL,0,1,0,0,50586,50586,0
Feb-2026,MAMU KENDARI,OVERSIZE 16S MAMU,OS PUTIH NETRAL V16 PDK 2XL,0,1,0,0,50586,50586,50586
Mar-2026,MAMU KENDARI,OVERSIZE 16S MAMU,OS PUTIH NETRAL V16 PDK 2XL,0,1,0,0,40037,40037,50586
Apr-2026,MAMU KENDARI,OVERSIZE 16S MAMU,OS PUTIH NETRAL V16 PDK 2XL,50586,0,0,0,50586,0,40037
Jun-2026,MAMU KENDARI,OVERSIZE 16S MAMU,OS PUTIH NETRAL V16 PDK 2XL,66213,1,0,0,40037,40037,0
Jul-2026,MAMU KENDARI,OVERSIZE 16S MAMU,OS PUTIH NETRAL V16 PDK 2XL,66213,0,0,0,50586,0,40037
Jan-2026,MAMU KENDARI,OVERSIZE 16S MAMU,OS PUTIH NETRAL V16 PDK L,139941,6,0,0,46647,279882,0
Feb-2026,MAMU KENDARI,OVERSIZE 16S MAMU,OS PUTIH NETRAL V16 PDK L,0,12,0,0,46647,559764,279882
Mar-2026,MAMU KENDARI,OVERSIZE 16S MAMU,OS PUTIH NETRAL V16 PDK L,186588,6,0,0,40163,240978,559764
Apr-2026,MAMU KENDARI,OVERSIZE 16S MAMU,OS PUTIH NETRAL V16 PDK L,0,0,0,0,40163,0,240978
Mei-2026,MAMU KENDARI,OVERSIZE 16S MAMU,OS PUTIH NETRAL V16 PDK L,80310,3,0,0,40155,120465,0
Jun-2026,MAMU KENDARI,OVERSIZE 16S MAMU,OS PUTIH NETRAL V16 PDK L,80310,3,0,0,40155,120465,120465
Jul-2026,MAMU KENDARI,OVERSIZE 16S MAMU,OS PUTIH NETRAL V16 PDK L,0,3,0,0,40155,120465,120465
Agu-2026,MAMU KENDARI,OVERSIZE 16S MAMU,OS PUTIH NETRAL V16 PDK L,80310,2,0,0,40155,80310,120465
Sep-2026,MAMU KENDARI,OVERSIZE 16S MAMU,OS PUTIH NETRAL V16 PDK L,0,1,0,0,40155,40155,80310
Okt-2026,MAMU KENDARI,OVERSIZE 16S MAMU,OS PUTIH NETRAL V16 PDK L,0,1,0,0,40155,40155,40155
Jan-2026,MAMU KENDARI,OVERSIZE 16S MAMU,OS PUTIH NETRAL V16 PDK M,101172,0,0,0,50586,0,0
Mei-2026,MAMU KENDARI,OVERSIZE 16S MAMU,OS PUTIH NETRAL V16 PDK M,80084,3,0,0,40042,120126,0
Jun-2026,MAMU KENDARI,OVERSIZE 16S MAMU,OS PUTIH NETRAL V16 PDK M,120126,2,0,0,40042,80084,120126
Jul-2026,MAMU KENDARI,OVERSIZE 16S MAMU,OS PUTIH NETRAL V16 PDK M,40042,1,0,0,40042,40042,80084
Agu-2026,MAMU KENDARI,OVERSIZE 16S MAMU,OS PUTIH NETRAL V16 PDK M,160168,3,0,0,40042,120126,40042
Sep-2026,MAMU KENDARI,OVERSIZE 16S MAMU,OS PUTIH NETRAL V16 PDK M,0,1,0,0,40042,40042,120126
Okt-2026,MAMU KENDARI,OVERSIZE 16S MAMU,OS PUTIH NETRAL V16 PDK M,40042,0,0,0,50586,0,40042
Jan-2026,MAMU KENDARI,OVERSIZE 16S MAMU,OS PUTIH NETRAL V16 PDK S,50586,2,0,0,50586,101172,0
Feb-2026,MAMU KENDARI,OVERSIZE 16S MAMU,OS PUTIH NETRAL V16 PDK S,50586,1,0,0,50586,50586,101172
Mar-2026,MAMU KENDARI,OVERSIZE 16S MAMU,OS PUTIH NETRAL V16 PDK S,50586,0,0,0,50586,0,50586
Mei-2026,MAMU KENDARI,OVERSIZE 16S MAMU,OS PUTIH NETRAL V16 PDK S,0,5,0,0,40037,200185,0
Jun-2026,MAMU KENDARI,OVERSIZE 16S MAMU,OS PUTIH NETRAL V16 PDK S,160148,1,0,0,40037,40037,200185
Jul-2026,MAMU KENDARI,OVERSIZE 16S MAMU,OS PUTIH NETRAL V16 PDK S,40037,0,0,0,50586,0,40037
Agu-2026,MAMU KENDARI,OVERSIZE 16S MAMU,OS PUTIH NETRAL V16 PDK S,80074,4,0,0,40037,160148,0
Sep-2026,MAMU KENDARI,OVERSIZE 16S MAMU,OS PUTIH NETRAL V16 PDK S,120111,1,0,0,40037,40037,160148
Okt-2026,MAMU KENDARI,OVERSIZE 16S MAMU,OS PUTIH NETRAL V16 PDK S,0,0,0,0,40037,0,40037
Jan-2026,MAMU KENDARI,OVERSIZE 16S MAMU,OS PUTIH NETRAL V16 PDK XL,41283,5,0,0,50586,252930,0
Feb-2026,MAMU KENDARI,OVERSIZE 16S MAMU,OS PUTIH NETRAL V16 PDK XL,41283,4,0,0,50586,202344,252930
Mar-2026,MAMU KENDARI,OVERSIZE 16S MAMU,OS PUTIH NETRAL V16 PDK XL,165132,0,0,0,50586,0,202344
Jun-2026,MAMU KENDARI,OVERSIZE 16S MAMU,OS PUTIH NETRAL V16 PDK XL,0,10,0,0,40084,400840,0
Jul-2026,MAMU KENDARI,OVERSIZE 16S MAMU,OS PUTIH NETRAL V16 PDK XL,0,10,0,0,40084,400840,400840
Agu-2026,MAMU KENDARI,OVERSIZE 16S MAMU,OS PUTIH NETRAL V16 PDK XL,53150,10,0,0,40084,400840,400840
Sep-2026,MAMU KENDARI,OVERSIZE 16S MAMU,OS PUTIH NETRAL V16 PDK XL,53150,8,0,0,40084,320672,400840
Okt-2026,MAMU KENDARI,OVERSIZE 16S MAMU,OS PUTIH NETRAL V16 PDK XL,0,7,0,0,40084,280588,320672
Mar-2026,MAMU MAKASSAR,OVERSIZE 16S MAMU,OS ARMY GREEN V16 PDK 2XL,45084,0,0,0,45084,0,0
Jun-2026,MAMU MAKASSAR,OVERSIZE 16S MAMU,OS ARMY GREEN V16 PDK 2XL,0,3,0,0,45084,135252,0
Jul-2026,MAMU MAKASSAR,OVERSIZE 16S MAMU,OS ARMY GREEN V16 PDK 2XL,55173,2,0,0,45084,90168,135252
Agu-2026,MAMU MAKASSAR,OVERSIZE 16S MAMU,OS ARMY GREEN V16 PDK 2XL,110346,5,0,0,45084,225420,90168
Sep-2026,MAMU MAKASSAR,OVERSIZE 16S MAMU,OS ARMY GREEN V16 PDK 2XL,110346,1,0,0,45084,45084,225420
Okt-2026,MAMU MAKASSAR,OVERSIZE 16S MAMU,OS ARMY GREEN V16 PDK 2XL,0,1,0,0,45084,45084,45084
Jan-2026,MAMU MAKASSAR,OVERSIZE 16S MAMU,OS ARMY GREEN V16 PDK L,431310,15,0,0,43131,646965,0
Feb-2026,MAMU MAKASSAR,OVERSIZE 16S MAMU,OS ARMY GREEN V16 PDK L,215655,9,0,0,43131,388179,646965
Mar-2026,MAMU MAKASSAR,OVERSIZE 16S MAMU,OS ARMY GREEN V16 PDK L,776358,0,0,0,43131,0,388179
Agu-2026,MAMU MAKASSAR,OVERSIZE 16S MAMU,OS ARMY GREEN V16 PDK L,147876,0,0,0,43131,0,0
Mar-2026,MAMU MAKASSAR,OVERSIZE 16S MAMU,OS ARMY GREEN V16 PDK M,132243,0,0,0,44081,0,0
Apr-2026,MAMU MAKASSAR,OVERSIZE 16S MAMU,OS ARMY GREEN V16 PDK M,44081,1,0,0,44081,44081,0
Mei-2026,MAMU MAKASSAR,OVERSIZE 16S MAMU,OS ARMY GREEN V16 PDK M,0,0,0,0,44081,0,44081
Jun-2026,MAMU MAKASSAR,OVERSIZE 16S MAMU,OS ARMY GREEN V16 PDK M,0,10,0,0,44081,440810,0
Jul-2026,MAMU MAKASSAR,OVERSIZE 16S MAMU,OS ARMY GREEN V16 PDK M,0,10,0,0,44081,440810,440810
Agu-2026,MAMU MAKASSAR,OVERSIZE 16S MAMU,OS ARMY GREEN V16 PDK M,386211,3,0,0,44081,132243,440810
Sep-2026,MAMU MAKASSAR,OVERSIZE 16S MAMU,OS ARMY GREEN V16 PDK M,165519,5,0,0,44081,220405,132243
Okt-2026,MAMU MAKASSAR,OVERSIZE 16S MAMU,OS ARMY GREEN V16 PDK M,0,5,0,0,44081,220405,220405
Mar-2026,MAMU MAKASSAR,OVERSIZE 16S MAMU,OS ARMY GREEN V16 PDK S,46697,0,0,0,46697,0,0
Jun-2026,MAMU MAKASSAR,OVERSIZE 16S MAMU,OS ARMY GREEN V16 PDK S,110346,1,0,0,46697,46697,0
Jul-2026,MAMU MAKASSAR,OVERSIZE 16S MAMU,OS ARMY GREEN V16 PDK S,220692,4,0,0,46697,186788,46697
Agu-2026,MAMU MAKASSAR,OVERSIZE 16S MAMU,OS ARMY GREEN V16 PDK S,220692,0,0,0,46697,0,186788
Mar-2026,MAMU MAKASSAR,OVERSIZE 16S MAMU,OS ARMY GREEN V16 PDK XL,355808,1,0,0,44476,44476,0
Apr-2026,MAMU MAKASSAR,OVERSIZE 16S MAMU,OS ARMY GREEN V16 PDK XL,133428,0,0,0,44476,0,44476
Agu-2026,MAMU MAKASSAR,OVERSIZE 16S MAMU,OS ARMY GREEN V16 PDK XL,80866,0,0,0,44476,0,0
Jan-2026,MAMU MAKASSAR,OVERSIZE 16S MAMU,OS COKLAT SUSU V16 PDK 2XL,42820,0,0,0,42820,0,0
Mar-2026,MAMU MAKASSAR,OVERSIZE 16S MAMU,OS COKLAT SUSU V16 PDK L,458337,1,0,0,41667,41667,0
Apr-2026,MAMU MAKASSAR,OVERSIZE 16S MAMU,OS COKLAT SUSU V16 PDK L,83334,0,0,0,41667,0,41667
Mar-2026,MAMU MAKASSAR,OVERSIZE 16S MAMU,OS COKLAT SUSU V16 PDK M,84698,0,0,0,42349,0,0
Jul-2026,MAMU MAKASSAR,OVERSIZE 16S MAMU,OS COKLAT SUSU V16 PDK S,0,1,0,0,42349,42349,0
Agu-2026,MAMU MAKASSAR,OVERSIZE 16S MAMU,OS COKLAT SUSU V16 PDK S,0,0,0,0,42349,0,42349
Jan-2026,MAMU MAKASSAR,OVERSIZE 16S MAMU,OS COKLAT SUSU V16 PDK XL,213625,5,0,0,42725,213625,0
Feb-2026,MAMU MAKASSAR,OVERSIZE 16S MAMU,OS COKLAT SUSU V16 PDK XL,128175,2,0,0,42725,85450,213625
Mar-2026,MAMU MAKASSAR,OVERSIZE 16S MAMU,OS COKLAT SUSU V16 PDK XL,85450,0,0,0,42725,0,85450
Jun-2026,MAMU MAKASSAR,OVERSIZE 16S MAMU,OS DENIM BLUE V16 PDK 2XL,55939,4,0,0,42601,170404,0
Jul-2026,MAMU MAKASSAR,OVERSIZE 16S MAMU,OS DENIM BLUE V16 PDK 2XL,111878,3,0,0,42601,127803,170404
Agu-2026,MAMU MAKASSAR,OVERSIZE 16S MAMU,OS DENIM BLUE V16 PDK 2XL,55939,2,0,0,42601,85202,127803
Sep-2026,MAMU MAKASSAR,OVERSIZE 16S MAMU,OS DENIM BLUE V16 PDK 2XL,0,1,0,0,42601,42601,85202
Okt-2026,MAMU MAKASSAR,OVERSIZE 16S MAMU,OS DENIM BLUE V16 PDK 2XL,0,1,0,0,42601,42601,42601
Jan-2026,MAMU MAKASSAR,OVERSIZE 16S MAMU,OS DENIM BLUE V16 PDK L,41469,0,0,0,41469,0,0
Mar-2026,MAMU MAKASSAR,OVERSIZE 16S MAMU,OS DENIM BLUE V16 PDK L,115875,10,0,0,38625,386250,0
Apr-2026,MAMU MAKASSAR,OVERSIZE 16S MAMU,OS DENIM BLUE V16 PDK L,38625,9,0,0,38625,347625,386250
Mei-2026,MAMU MAKASSAR,OVERSIZE 16S MAMU,OS DENIM BLUE V16 PDK L,77250,14,0,0,38821,543494,347625
Jun-2026,MAMU MAKASSAR,OVERSIZE 16S MAMU,OS DENIM BLUE V16 PDK L,464676,2,0,0,38821,77642,543494
Jul-2026,MAMU MAKASSAR,OVERSIZE 16S MAMU,OS DENIM BLUE V16 PDK L,116379,4,0,0,38821,155284,77642
Agu-2026,MAMU MAKASSAR,OVERSIZE 16S MAMU,OS DENIM BLUE V16 PDK L,38812,11,0,0,38821,427031,155284
Sep-2026,MAMU MAKASSAR,OVERSIZE 16S MAMU,OS DENIM BLUE V16 PDK L,38812,2,0,0,38821,77642,427031
Okt-2026,MAMU MAKASSAR,OVERSIZE 16S MAMU,OS DENIM BLUE V16 PDK L,0,2,0,0,38821,77642,77642
Mar-2026,MAMU MAKASSAR,OVERSIZE 16S MAMU,OS DENIM BLUE V16 PDK M,422917,20,0,0,38447,768940,0
Apr-2026,MAMU MAKASSAR,OVERSIZE 16S MAMU,OS DENIM BLUE V16 PDK M,153788,19,0,0,38447,730493,768940
Mei-2026,MAMU MAKASSAR,OVERSIZE 16S MAMU,OS DENIM BLUE V16 PDK M,269129,12,0,0,41868,502416,730493
Jun-2026,MAMU MAKASSAR,OVERSIZE 16S MAMU,OS DENIM BLUE V16 PDK M,317187,3,0,0,41868,125604,502416
Jul-2026,MAMU MAKASSAR,OVERSIZE 16S MAMU,OS DENIM BLUE V16 PDK M,190724,5,0,0,41868,209340,125604
Agu-2026,MAMU MAKASSAR,OVERSIZE 16S MAMU,OS DENIM BLUE V16 PDK M,106024,13,0,0,41868,544284,209340
Sep-2026,MAMU MAKASSAR,OVERSIZE 16S MAMU,OS DENIM BLUE V16 PDK M,104549,9,0,0,41868,376812,544284
Okt-2026,MAMU MAKASSAR,OVERSIZE 16S MAMU,OS DENIM BLUE V16 PDK M,51537,8,0,0,41868,334944,376812
Mar-2026,MAMU MAKASSAR,OVERSIZE 16S MAMU,OS DENIM BLUE V16 PDK S,76894,45,0,0,38447,1730115,0
Apr-2026,MAMU MAKASSAR,OVERSIZE 16S MAMU,OS DENIM BLUE V16 PDK S,115341,44,0,0,38447,1691668,1730115
Mei-2026,MAMU MAKASSAR,OVERSIZE 16S MAMU,OS DENIM BLUE V16 PDK S,76894,8,0,0,38550,308400,1691668
Jun-2026,MAMU MAKASSAR,OVERSIZE 16S MAMU,OS DENIM BLUE V16 PDK S,153788,4,0,0,38550,154200,308400
Jul-2026,MAMU MAKASSAR,OVERSIZE 16S MAMU,OS DENIM BLUE V16 PDK S,153788,5,0,0,38550,192750,154200
Agu-2026,MAMU MAKASSAR,OVERSIZE 16S MAMU,OS DENIM BLUE V16 PDK S,76950,13,0,0,38550,501150,192750
Sep-2026,MAMU MAKASSAR,OVERSIZE 16S MAMU,OS DENIM BLUE V16 PDK S,76950,11,0,0,38550,424050,501150
Okt-2026,MAMU MAKASSAR,OVERSIZE 16S MAMU,OS DENIM BLUE V16 PDK S,76950,9,0,0,38550,346950,424050
Jan-2026,MAMU MAKASSAR,OVERSIZE 16S MAMU,OS DENIM BLUE V16 PDK XL,83736,3,0,0,41868,125604,0
Feb-2026,MAMU MAKASSAR,OVERSIZE 16S MAMU,OS DENIM BLUE V16 PDK XL,83736,0,0,0,41868,0,125604
Mar-2026,MAMU MAKASSAR,OVERSIZE 16S MAMU,OS DENIM BLUE V16 PDK XL,0,4,0,0,41868,167472,0
Apr-2026,MAMU MAKASSAR,OVERSIZE 16S MAMU,OS DENIM BLUE V16 PDK XL,83736,4,0,0,41868,167472,167472
Mei-2026,MAMU MAKASSAR,OVERSIZE 16S MAMU,OS DENIM BLUE V16 PDK XL,83736,2,0,0,41868,83736,167472
Jun-2026,MAMU MAKASSAR,OVERSIZE 16S MAMU,OS DENIM BLUE V16 PDK XL,107188,4,0,0,41868,167472,83736
Jul-2026,MAMU MAKASSAR,OVERSIZE 16S MAMU,OS DENIM BLUE V16 PDK XL,108830,5,0,0,41868,209340,167472
Agu-2026,MAMU MAKASSAR,OVERSIZE 16S MAMU,OS DENIM BLUE V16 PDK XL,55236,8,0,0,41868,334944,209340
Sep-2026,MAMU MAKASSAR,OVERSIZE 16S MAMU,OS DENIM BLUE V16 PDK XL,217575,9,0,0,41868,376812,334944
Okt-2026,MAMU MAKASSAR,OVERSIZE 16S MAMU,OS DENIM BLUE V16 PDK XL,0,8,0,0,41868,334944,376812
Mar-2026,MAMU MAKASSAR,OVERSIZE 16S MAMU,OS JET BLACK V16 PDK 2XL,135162,7,0,0,45054,315378,0
Apr-2026,MAMU MAKASSAR,OVERSIZE 16S MAMU,OS JET BLACK V16 PDK 2XL,270324,1,0,0,45054,45054,315378
Mei-2026,MAMU MAKASSAR,OVERSIZE 16S MAMU,OS JET BLACK V16 PDK 2XL,135162,0,0,0,46112,0,45054
Jun-2026,MAMU MAKASSAR,OVERSIZE 16S MAMU,OS JET BLACK V16 PDK 2XL,288985,0,0,0,46112,0,0
Jul-2026,MAMU MAKASSAR,OVERSIZE 16S MAMU,OS JET BLACK V16 PDK 2XL,147906,1,0,0,45054,45054,0
Agu-2026,MAMU MAKASSAR,OVERSIZE 16S MAMU,OS JET BLACK V16 PDK 2XL,0,0,0,0,45054,0,45054
Sep-2026,MAMU MAKASSAR,OVERSIZE 16S MAMU,OS JET BLACK V16 PDK 2XL,39660,2,0,0,45054,90108,0
Okt-2026,MAMU MAKASSAR,OVERSIZE 16S MAMU,OS JET BLACK V16 PDK 2XL,64884,0,0,0,46112,0,90108
Jan-2026,MAMU MAKASSAR,OVERSIZE 16S MAMU,OS JET BLACK V16 PDK L,1198530,0,0,0,44390,0,0
Mar-2026,MAMU MAKASSAR,OVERSIZE 16S MAMU,OS JET BLACK V16 PDK L,135120,20,0,0,45040,900800,0
Apr-2026,MAMU MAKASSAR,OVERSIZE 16S MAMU,OS JET BLACK V16 PDK L,990880,0,15,0,45040,675600,900800
Mei-2026,MAMU MAKASSAR,OVERSIZE 16S MAMU,OS JET BLACK V16 PDK L,1306160,3,10,0,45040,585520,675600
Jun-2026,MAMU MAKASSAR,OVERSIZE 16S MAMU,OS JET BLACK V16 PDK L,765680,9,0,0,45040,405360,585520
Jul-2026,MAMU MAKASSAR,OVERSIZE 16S MAMU,OS JET BLACK V16 PDK L,585520,5,0,0,45040,225200,405360
Agu-2026,MAMU MAKASSAR,OVERSIZE 16S MAMU,OS JET BLACK V16 PDK L,225200,0,0,0,44390,0,225200
Sep-2026,MAMU MAKASSAR,OVERSIZE 16S MAMU,OS JET BLACK V16 PDK L,20021,14,0,0,45040,630560,0
Okt-2026,MAMU MAKASSAR,OVERSIZE 16S MAMU,OS JET BLACK V16 PDK L,205515,49,0,0,45040,2206960,630560
Jan-2026,MAMU MAKASSAR,OVERSIZE 16S MAMU,OS JET BLACK V16 PDK M,1514088,48,0,0,44390,2130720,0
Feb-2026,MAMU MAKASSAR,OVERSIZE 16S MAMU,OS JET BLACK V16 PDK M,757044,28,0,0,44390,1242920,2130720
Mar-2026,MAMU MAKASSAR,OVERSIZE 16S MAMU,OS JET BLACK V16 PDK M,1651048,28,0,0,44888,1256864,1242920
Apr-2026,MAMU MAKASSAR,OVERSIZE 16S MAMU,OS JET BLACK V16 PDK M,1077316,3,20,0,44890,1032470,1256864
Mei-2026,MAMU MAKASSAR,OVERSIZE 16S MAMU,OS JET BLACK V16 PDK M,1750710,6,10,0,44890,718240,1032470
Jun-2026,MAMU MAKASSAR,OVERSIZE 16S MAMU,OS JET BLACK V16 PDK M,718240,0,0,0,44390,0,718240
Sep-2026,MAMU MAKASSAR,OVERSIZE 16S MAMU,OS JET BLACK V16 PDK M,19830,14,0,0,44890,628460,0
Okt-2026,MAMU MAKASSAR,OVERSIZE 16S MAMU,OS JET BLACK V16 PDK M,224704,39,0,0,44890,1750710,628460
Jan-2026,MAMU MAKASSAR,OVERSIZE 16S MAMU,OS JET BLACK V16 PDK S,1291022,25,0,0,44390,1109750,0
Feb-2026,MAMU MAKASSAR,OVERSIZE 16S MAMU,OS JET BLACK V16 PDK S,712288,6,0,0,44390,266340,1109750
Mar-2026,MAMU MAKASSAR,OVERSIZE 16S MAMU,OS JET BLACK V16 PDK S,536784,6,0,0,44946,269676,266340
Apr-2026,MAMU MAKASSAR,OVERSIZE 16S MAMU,OS JET BLACK V16 PDK S,853974,2,10,0,44946,539352,269676
Mei-2026,MAMU MAKASSAR,OVERSIZE 16S MAMU,OS JET BLACK V16 PDK S,853974,0,0,0,44390,0,539352
Jun-2026,MAMU MAKASSAR,OVERSIZE 16S MAMU,OS JET BLACK V16 PDK S,462929,0,0,0,44390,0,0
Sep-2026,MAMU MAKASSAR,OVERSIZE 16S MAMU,OS JET BLACK V16 PDK S,59490,13,0,0,44946,584298,0
Okt-2026,MAMU MAKASSAR,OVERSIZE 16S MAMU,OS JET BLACK V16 PDK S,39660,5,0,0,44946,224730,584298
Jan-2026,MAMU MAKASSAR,OVERSIZE 16S MAMU,OS JET BLACK V16 PDK XL,488290,0,0,0,44390,0,0
Mar-2026,MAMU MAKASSAR,OVERSIZE 16S MAMU,OS JET BLACK V16 PDK XL,0,15,0,0,45054,675810,0
Apr-2026,MAMU MAKASSAR,OVERSIZE 16S MAMU,OS JET BLACK V16 PDK XL,450540,5,0,0,45054,225270,675810
Mei-2026,MAMU MAKASSAR,OVERSIZE 16S MAMU,OS JET BLACK V16 PDK XL,225270,0,0,0,44390,0,225270
Jul-2026,MAMU MAKASSAR,OVERSIZE 16S MAMU,OS JET BLACK V16 PDK XL,231188,3,0,0,45054,135162,0
Agu-2026,MAMU MAKASSAR,OVERSIZE 16S MAMU,OS JET BLACK V16 PDK XL,337224,1,0,0,45054,45054,135162
Sep-2026,MAMU MAKASSAR,OVERSIZE 16S MAMU,OS JET BLACK V16 PDK XL,44510,13,0,0,45054,585702,45054
Okt-2026,MAMU MAKASSAR,OVERSIZE 16S MAMU,OS JET BLACK V16 PDK XL,200295,5,0,0,45054,225270,585702
Jan-2026,MAMU MAKASSAR,OVERSIZE 16S MAMU,OS LIGHT BROWN V16 PDK 2XL,124095,0,0,0,41365,0,0
Jun-2026,MAMU MAKASSAR,OVERSIZE 16S MAMU,OS LIGHT BROWN V16 PDK 2XL,0,5,0,0,41365,206825,0
Jul-2026,MAMU MAKASSAR,OVERSIZE 16S MAMU,OS LIGHT BROWN V16 PDK 2XL,107902,5,0,0,41365,206825,206825
Agu-2026,MAMU MAKASSAR,OVERSIZE 16S MAMU,OS LIGHT BROWN V16 PDK 2XL,107902,0,0,0,41365,0,206825
Jan-2026,MAMU MAKASSAR,OVERSIZE 16S MAMU,OS LIGHT BROWN V16 PDK L,235356,0,0,0,39226,0,0
Mar-2026,MAMU MAKASSAR,OVERSIZE 16S MAMU,OS LIGHT BROWN V16 PDK L,431486,1,0,0,39226,39226,0
Apr-2026,MAMU MAKASSAR,OVERSIZE 16S MAMU,OS LIGHT BROWN V16 PDK L,350384,3,5,0,38902,311216,39226
Mei-2026,MAMU MAKASSAR,OVERSIZE 16S MAMU,OS LIGHT BROWN V16 PDK L,350432,5,0,0,38939,194695,311216
Jun-2026,MAMU MAKASSAR,OVERSIZE 16S MAMU,OS LIGHT BROWN V16 PDK L,155752,0,0,0,39226,0,194695
Jul-2026,MAMU MAKASSAR,OVERSIZE 16S MAMU,OS LIGHT BROWN V16 PDK L,116817,4,0,0,38939,155756,0
Agu-2026,MAMU MAKASSAR,OVERSIZE 16S MAMU,OS LIGHT BROWN V16 PDK L,77878,0,0,0,39226,0,155756
Sep-2026,MAMU MAKASSAR,OVERSIZE 16S MAMU,OS LIGHT BROWN V16 PDK L,39226,10,0,0,38939,389390,0
Okt-2026,MAMU MAKASSAR,OVERSIZE 16S MAMU,OS LIGHT BROWN V16 PDK L,0,10,0,0,38939,389390,389390
Mar-2026,MAMU MAKASSAR,OVERSIZE 16S MAMU,OS LIGHT BROWN V16 PDK M,277998,0,0,0,39714,0,0
Apr-2026,MAMU MAKASSAR,OVERSIZE 16S MAMU,OS LIGHT BROWN V16 PDK M,116715,7,0,0,38905,272335,0
Mei-2026,MAMU MAKASSAR,OVERSIZE 16S MAMU,OS LIGHT BROWN V16 PDK M,155620,8,0,0,38905,311240,272335
Jun-2026,MAMU MAKASSAR,OVERSIZE 16S MAMU,OS LIGHT BROWN V16 PDK M,194525,3,0,0,38905,116715,311240
Jul-2026,MAMU MAKASSAR,OVERSIZE 16S MAMU,OS LIGHT BROWN V16 PDK M,155620,9,0,0,38905,350145,116715
Agu-2026,MAMU MAKASSAR,OVERSIZE 16S MAMU,OS LIGHT BROWN V16 PDK M,155620,5,0,0,38905,194525,350145
Sep-2026,MAMU MAKASSAR,OVERSIZE 16S MAMU,OS LIGHT BROWN V16 PDK M,350145,6,0,0,38905,233430,194525
Okt-2026,MAMU MAKASSAR,OVERSIZE 16S MAMU,OS LIGHT BROWN V16 PDK M,38905,11,0,0,38905,427955,233430
Apr-2026,MAMU MAKASSAR,OVERSIZE 16S MAMU,OS LIGHT BROWN V16 PDK S,233358,4,5,0,38893,350037,0
Mei-2026,MAMU MAKASSAR,OVERSIZE 16S MAMU,OS LIGHT BROWN V16 PDK S,506281,2,0,0,38965,77930,350037
Jun-2026,MAMU MAKASSAR,OVERSIZE 16S MAMU,OS LIGHT BROWN V16 PDK S,77904,1,0,0,38965,38965,77930
Jul-2026,MAMU MAKASSAR,OVERSIZE 16S MAMU,OS LIGHT BROWN V16 PDK S,107902,5,0,0,38965,194825,38965
Agu-2026,MAMU MAKASSAR,OVERSIZE 16S MAMU,OS LIGHT BROWN V16 PDK S,323706,4,0,0,38965,155860,194825
Sep-2026,MAMU MAKASSAR,OVERSIZE 16S MAMU,OS LIGHT BROWN V16 PDK S,105346,9,0,0,38965,350685,155860
Okt-2026,MAMU MAKASSAR,OVERSIZE 16S MAMU,OS LIGHT BROWN V16 PDK S,0,9,0,0,38965,350685,350685
Mar-2026,MAMU MAKASSAR,OVERSIZE 16S MAMU,OS LIGHT BROWN V16 PDK XL,317712,1,0,0,39714,39714,0
Apr-2026,MAMU MAKASSAR,OVERSIZE 16S MAMU,OS LIGHT BROWN V16 PDK XL,119142,0,0,0,39714,0,39714
Jul-2026,MAMU MAKASSAR,OVERSIZE 16S MAMU,OS LIGHT BROWN V16 PDK XL,107902,3,0,0,39714,119142,0
Agu-2026,MAMU MAKASSAR,OVERSIZE 16S MAMU,OS LIGHT BROWN V16 PDK XL,159663,12,0,0,39714,476568,119142
Sep-2026,MAMU MAKASSAR,OVERSIZE 16S MAMU,OS LIGHT BROWN V16 PDK XL,105712,9,0,0,39714,357426,476568
Okt-2026,MAMU MAKASSAR,OVERSIZE 16S MAMU,OS LIGHT BROWN V16 PDK XL,0,9,0,0,39714,357426,357426
Jun-2026,MAMU MAKASSAR,OVERSIZE 16S MAMU,OS MINERAL GREEN V16 PDK 2XL,51769,4,0,0,44432,177728,0
Jul-2026,MAMU MAKASSAR,OVERSIZE 16S MAMU,OS MINERAL GREEN V16 PDK 2XL,51769,3,0,0,44432,133296,177728
Agu-2026,MAMU MAKASSAR,OVERSIZE 16S MAMU,OS MINERAL GREEN V16 PDK 2XL,51769,8,0,0,44432,355456,133296
Sep-2026,MAMU MAKASSAR,OVERSIZE 16S MAMU,OS MINERAL GREEN V16 PDK 2XL,0,7,0,0,44432,311024,355456
Okt-2026,MAMU MAKASSAR,OVERSIZE 16S MAMU,OS MINERAL GREEN V16 PDK 2XL,0,7,0,0,44432,311024,311024
Jan-2026,MAMU MAKASSAR,OVERSIZE 16S MAMU,OS MINERAL GREEN V16 PDK L,336672,31,0,0,42084,1304604,0
Feb-2026,MAMU MAKASSAR,OVERSIZE 16S MAMU,OS MINERAL GREEN V16 PDK L,336672,20,0,0,42084,841680,1304604
Mar-2026,MAMU MAKASSAR,OVERSIZE 16S MAMU,OS MINERAL GREEN V16 PDK L,673344,10,0,0,42084,420840,841680
Apr-2026,MAMU MAKASSAR,OVERSIZE 16S MAMU,OS MINERAL GREEN V16 PDK L,168336,4,2,0,40339,242034,420840
Mei-2026,MAMU MAKASSAR,OVERSIZE 16S MAMU,OS MINERAL GREEN V16 PDK L,207510,1,0,0,40339,40339,242034
Jun-2026,MAMU MAKASSAR,OVERSIZE 16S MAMU,OS MINERAL GREEN V16 PDK L,41502,0,0,0,42084,0,40339
Jul-2026,MAMU MAKASSAR,OVERSIZE 16S MAMU,OS MINERAL GREEN V16 PDK L,51769,4,0,0,40339,161356,0
Agu-2026,MAMU MAKASSAR,OVERSIZE 16S MAMU,OS MINERAL GREEN V16 PDK L,155307,8,0,0,40339,322712,161356
Sep-2026,MAMU MAKASSAR,OVERSIZE 16S MAMU,OS MINERAL GREEN V16 PDK L,258845,6,0,0,40339,242034,322712
Okt-2026,MAMU MAKASSAR,OVERSIZE 16S MAMU,OS MINERAL GREEN V16 PDK L,0,6,0,0,40339,242034,242034
Mar-2026,MAMU MAKASSAR,OVERSIZE 16S MAMU,OS MINERAL GREEN V16 PDK M,40374,15,0,0,40389,605835,0
Apr-2026,MAMU MAKASSAR,OVERSIZE 16S MAMU,OS MINERAL GREEN V16 PDK M,161496,11,0,0,40374,444114,605835
Mei-2026,MAMU MAKASSAR,OVERSIZE 16S MAMU,OS MINERAL GREEN V16 PDK M,80748,8,0,0,40407,323256,444114
Jun-2026,MAMU MAKASSAR,OVERSIZE 16S MAMU,OS MINERAL GREEN V16 PDK M,282618,1,0,0,40407,40407,323256
Jul-2026,MAMU MAKASSAR,OVERSIZE 16S MAMU,OS MINERAL GREEN V16 PDK M,40402,5,0,0,40407,202035,40407
Agu-2026,MAMU MAKASSAR,OVERSIZE 16S MAMU,OS MINERAL GREEN V16 PDK M,40402,4,0,0,40407,161628,202035
Sep-2026,MAMU MAKASSAR,OVERSIZE 16S MAMU,OS MINERAL GREEN V16 PDK M,40402,8,0,0,40407,323256,161628
Okt-2026,MAMU MAKASSAR,OVERSIZE 16S MAMU,OS MINERAL GREEN V16 PDK M,40034,7,0,0,40407,282849,323256
Mar-2026,MAMU MAKASSAR,OVERSIZE 16S MAMU,OS MINERAL GREEN V16 PDK S,0,10,0,0,40339,403390,0
Apr-2026,MAMU MAKASSAR,OVERSIZE 16S MAMU,OS MINERAL GREEN V16 PDK S,40339,9,0,0,40339,363051,403390
Mei-2026,MAMU MAKASSAR,OVERSIZE 16S MAMU,OS MINERAL GREEN V16 PDK S,80678,7,0,0,40376,282632,363051
Jun-2026,MAMU MAKASSAR,OVERSIZE 16S MAMU,OS MINERAL GREEN V16 PDK S,161356,3,0,0,40376,121128,282632
Jul-2026,MAMU MAKASSAR,OVERSIZE 16S MAMU,OS MINERAL GREEN V16 PDK S,80724,6,0,0,40376,242256,121128
Agu-2026,MAMU MAKASSAR,OVERSIZE 16S MAMU,OS MINERAL GREEN V16 PDK S,40362,5,0,0,40376,201880,242256
Sep-2026,MAMU MAKASSAR,OVERSIZE 16S MAMU,OS MINERAL GREEN V16 PDK S,40362,9,0,0,40376,363384,201880
Okt-2026,MAMU MAKASSAR,OVERSIZE 16S MAMU,OS MINERAL GREEN V16 PDK S,80740,7,0,0,40376,282632,363384
Jan-2026,MAMU MAKASSAR,OVERSIZE 16S MAMU,OS MINERAL GREEN V16 PDK XL,167144,13,0,0,41786,543218,0
Feb-2026,MAMU MAKASSAR,OVERSIZE 16S MAMU,OS MINERAL GREEN V16 PDK XL,167144,8,0,0,41786,334288,543218
Mar-2026,MAMU MAKASSAR,OVERSIZE 16S MAMU,OS MINERAL GREEN V16 PDK XL,334288,8,0,0,41786,334288,334288
Apr-2026,MAMU MAKASSAR,OVERSIZE 16S MAMU,OS MINERAL GREEN V16 PDK XL,250716,3,0,0,41786,125358,334288
Mei-2026,MAMU MAKASSAR,OVERSIZE 16S MAMU,OS MINERAL GREEN V16 PDK XL,83572,0,0,0,41786,0,125358
Jun-2026,MAMU MAKASSAR,OVERSIZE 16S MAMU,OS MINERAL GREEN V16 PDK XL,207076,1,0,0,41786,41786,0
Jul-2026,MAMU MAKASSAR,OVERSIZE 16S MAMU,OS MINERAL GREEN V16 PDK XL,103538,2,0,0,41786,83572,41786
Agu-2026,MAMU MAKASSAR,OVERSIZE 16S MAMU,OS MINERAL GREEN V16 PDK XL,51769,0,0,0,41786,0,83572
Apr-2026,MAMU MAKASSAR,OVERSIZE 16S MAMU,OS NAVY V16 PDK 2XL,132291,7,0,0,44097,308679,0
Mei-2026,MAMU MAKASSAR,OVERSIZE 16S MAMU,OS NAVY V16 PDK 2XL,132291,5,0,0,44097,220485,308679
Jun-2026,MAMU MAKASSAR,OVERSIZE 16S MAMU,OS NAVY V16 PDK 2XL,132291,1,0,0,44097,44097,220485
Jul-2026,MAMU MAKASSAR,OVERSIZE 16S MAMU,OS NAVY V16 PDK 2XL,51398,5,0,0,44097,220485,44097
Agu-2026,MAMU MAKASSAR,OVERSIZE 16S MAMU,OS NAVY V16 PDK 2XL,95496,9,0,0,44097,396873,220485
Sep-2026,MAMU MAKASSAR,OVERSIZE 16S MAMU,OS NAVY V16 PDK 2XL,47748,8,0,0,44097,352776,396873
Okt-2026,MAMU MAKASSAR,OVERSIZE 16S MAMU,OS NAVY V16 PDK 2XL,47748,6,0,0,44097,264582,352776
Mar-2026,MAMU MAKASSAR,OVERSIZE 16S MAMU,OS NAVY V16 PDK L,89208,5,0,0,44604,223020,0
Apr-2026,MAMU MAKASSAR,OVERSIZE 16S MAMU,OS NAVY V16 PDK L,44121,14,0,0,44121,617694,223020
Mei-2026,MAMU MAKASSAR,OVERSIZE 16S MAMU,OS NAVY V16 PDK L,88242,9,0,0,44138,397242,617694
Jun-2026,MAMU MAKASSAR,OVERSIZE 16S MAMU,OS NAVY V16 PDK L,220605,4,0,0,44138,176552,397242
Jul-2026,MAMU MAKASSAR,OVERSIZE 16S MAMU,OS NAVY V16 PDK L,132974,8,0,0,44138,353104,176552
Agu-2026,MAMU MAKASSAR,OVERSIZE 16S MAMU,OS NAVY V16 PDK L,44534,11,0,0,44138,485518,353104
Sep-2026,MAMU MAKASSAR,OVERSIZE 16S MAMU,OS NAVY V16 PDK L,312770,12,0,0,44138,529656,485518
Okt-2026,MAMU MAKASSAR,OVERSIZE 16S MAMU,OS NAVY V16 PDK L,89756,10,0,0,44138,441380,529656
Mar-2026,MAMU MAKASSAR,OVERSIZE 16S MAMU,OS NAVY V16 PDK M,0,20,0,0,44103,882060,0
Apr-2026,MAMU MAKASSAR,OVERSIZE 16S MAMU,OS NAVY V16 PDK M,220500,15,0,0,44100,661500,882060
Mei-2026,MAMU MAKASSAR,OVERSIZE 16S MAMU,OS NAVY V16 PDK M,264600,6,0,0,44104,264624,661500
Jun-2026,MAMU MAKASSAR,OVERSIZE 16S MAMU,OS NAVY V16 PDK M,441018,0,0,0,44504,0,264624
Jul-2026,MAMU MAKASSAR,OVERSIZE 16S MAMU,OS NAVY V16 PDK M,0,7,0,0,44104,308728,0
Agu-2026,MAMU MAKASSAR,OVERSIZE 16S MAMU,OS NAVY V16 PDK M,352832,7,0,0,44104,308728,308728
Sep-2026,MAMU MAKASSAR,OVERSIZE 16S MAMU,OS NAVY V16 PDK M,308728,12,0,0,44104,529248,308728
Okt-2026,MAMU MAKASSAR,OVERSIZE 16S MAMU,OS NAVY V16 PDK M,0,12,0,0,44104,529248,529248
Mar-2026,MAMU MAKASSAR,OVERSIZE 16S MAMU,OS NAVY V16 PDK S,0,10,0,0,44126,441260,0
Apr-2026,MAMU MAKASSAR,OVERSIZE 16S MAMU,OS NAVY V16 PDK S,220500,5,0,0,44100,220500,441260
Mei-2026,MAMU MAKASSAR,OVERSIZE 16S MAMU,OS NAVY V16 PDK S,176412,7,0,0,44106,308742,220500
Jun-2026,MAMU MAKASSAR,OVERSIZE 16S MAMU,OS NAVY V16 PDK S,308728,0,0,0,45112,0,308742
Jul-2026,MAMU MAKASSAR,OVERSIZE 16S MAMU,OS NAVY V16 PDK S,88844,5,0,0,44106,220530,0
Agu-2026,MAMU MAKASSAR,OVERSIZE 16S MAMU,OS NAVY V16 PDK S,177688,7,0,0,44106,308742,220530
Sep-2026,MAMU MAKASSAR,OVERSIZE 16S MAMU,OS NAVY V16 PDK S,267618,7,0,0,44106,308742,308742
Okt-2026,MAMU MAKASSAR,OVERSIZE 16S MAMU,OS NAVY V16 PDK S,89324,4,0,0,44106,176424,308742
Jan-2026,MAMU MAKASSAR,OVERSIZE 16S MAMU,OS NAVY V16 PDK XL,0,7,0,0,44504,311528,0
Feb-2026,MAMU MAKASSAR,OVERSIZE 16S MAMU,OS NAVY V16 PDK XL,0,0,0,0,44504,0,311528
Mar-2026,MAMU MAKASSAR,OVERSIZE 16S MAMU,OS NAVY V16 PDK XL,0,2,0,0,44504,89008,0
Apr-2026,MAMU MAKASSAR,OVERSIZE 16S MAMU,OS NAVY V16 PDK XL,88226,10,0,0,44113,441130,89008
Mei-2026,MAMU MAKASSAR,OVERSIZE 16S MAMU,OS NAVY V16 PDK XL,0,10,0,0,44177,441770,441130
Jun-2026,MAMU MAKASSAR,OVERSIZE 16S MAMU,OS NAVY V16 PDK XL,176452,6,0,0,44177,265062,441770
Jul-2026,MAMU MAKASSAR,OVERSIZE 16S MAMU,OS NAVY V16 PDK XL,272324,2,0,0,44177,88354,265062
Agu-2026,MAMU MAKASSAR,OVERSIZE 16S MAMU,OS NAVY V16 PDK XL,47936,13,0,0,44177,574301,88354
Sep-2026,MAMU MAKASSAR,OVERSIZE 16S MAMU,OS NAVY V16 PDK XL,287616,15,0,0,44177,662655,574301
Okt-2026,MAMU MAKASSAR,OVERSIZE 16S MAMU,OS NAVY V16 PDK XL,94628,13,0,0,44177,574301,662655
Jan-2026,MAMU MAKASSAR,OVERSIZE 16S MAMU,OS ORANGE BATA V16 PDK L,176308,47,0,0,44076,2071572,0
Feb-2026,MAMU MAKASSAR,OVERSIZE 16S MAMU,OS ORANGE BATA V16 PDK L,88154,42,0,0,44076,1851192,2071572
Mar-2026,MAMU MAKASSAR,OVERSIZE 16S MAMU,OS ORANGE BATA V16 PDK L,132231,40,0,0,44077,1763080,1851192
Apr-2026,MAMU MAKASSAR,OVERSIZE 16S MAMU,OS ORANGE BATA V16 PDK L,132231,40,0,0,44077,1763080,1763080
Mei-2026,MAMU MAKASSAR,OVERSIZE 16S MAMU,OS ORANGE BATA V16 PDK L,44077,9,0,0,44077,396693,1763080
Jun-2026,MAMU MAKASSAR,OVERSIZE 16S MAMU,OS ORANGE BATA V16 PDK L,0,9,0,0,44077,396693,396693
Jul-2026,MAMU MAKASSAR,OVERSIZE 16S MAMU,OS ORANGE BATA V16 PDK L,176308,4,0,0,44077,176308,396693
Agu-2026,MAMU MAKASSAR,OVERSIZE 16S MAMU,OS ORANGE BATA V16 PDK L,0,4,0,0,44077,176308,176308
Sep-2026,MAMU MAKASSAR,OVERSIZE 16S MAMU,OS ORANGE BATA V16 PDK L,264462,2,0,0,44077,88154,176308
Okt-2026,MAMU MAKASSAR,OVERSIZE 16S MAMU,OS ORANGE BATA V16 PDK L,0,2,0,0,44077,88154,88154
Mar-2026,MAMU MAKASSAR,OVERSIZE 16S MAMU,OS ORANGE BATA V16 PDK M,0,12,0,0,44983,539796,0
Apr-2026,MAMU MAKASSAR,OVERSIZE 16S MAMU,OS ORANGE BATA V16 PDK M,89966,10,0,0,44983,449830,539796
Mei-2026,MAMU MAKASSAR,OVERSIZE 16S MAMU,OS ORANGE BATA V16 PDK M,179932,7,0,0,44983,314881,449830
Jun-2026,MAMU MAKASSAR,OVERSIZE 16S MAMU,OS ORANGE BATA V16 PDK M,44983,5,0,0,44983,224915,314881
Jul-2026,MAMU MAKASSAR,OVERSIZE 16S MAMU,OS ORANGE BATA V16 PDK M,44983,4,0,0,44983,179932,224915
Agu-2026,MAMU MAKASSAR,OVERSIZE 16S MAMU,OS ORANGE BATA V16 PDK M,89966,3,0,0,44983,134949,179932
Sep-2026,MAMU MAKASSAR,OVERSIZE 16S MAMU,OS ORANGE BATA V16 PDK M,89966,0,0,0,44983,0,134949
Jan-2026,MAMU MAKASSAR,OVERSIZE 16S MAMU,OS ORANGE BATA V16 PDK XL,44621,11,0,0,44616,490776,0
Feb-2026,MAMU MAKASSAR,OVERSIZE 16S MAMU,OS ORANGE BATA V16 PDK XL,44621,12,0,0,44616,535392,490776
Mar-2026,MAMU MAKASSAR,OVERSIZE 16S MAMU,OS ORANGE BATA V16 PDK XL,89242,14,0,0,44622,624708,535392
Apr-2026,MAMU MAKASSAR,OVERSIZE 16S MAMU,OS ORANGE BATA V16 PDK XL,44622,15,0,0,44622,669330,624708
Mei-2026,MAMU MAKASSAR,OVERSIZE 16S MAMU,OS ORANGE BATA V16 PDK XL,44622,9,0,0,44622,401598,669330
Jun-2026,MAMU MAKASSAR,OVERSIZE 16S MAMU,OS ORANGE BATA V16 PDK XL,44622,8,0,0,44622,356976,401598
Jul-2026,MAMU MAKASSAR,OVERSIZE 16S MAMU,OS ORANGE BATA V16 PDK XL,223110,3,0,0,44622,133866,356976
Agu-2026,MAMU MAKASSAR,OVERSIZE 16S MAMU,OS ORANGE BATA V16 PDK XL,133866,7,0,0,44622,312354,133866
Sep-2026,MAMU MAKASSAR,OVERSIZE 16S MAMU,OS ORANGE BATA V16 PDK XL,133866,2,0,0,44622,89244,312354
Okt-2026,MAMU MAKASSAR,OVERSIZE 16S MAMU,OS ORANGE BATA V16 PDK XL,0,2,0,0,44622,89244,89244
Mar-2026,MAMU MAKASSAR,OVERSIZE 16S MAMU,OS PUTIH NETRAL V16 PDK 2XL,80074,7,0,0,40037,280259,0
Apr-2026,MAMU MAKASSAR,OVERSIZE 16S MAMU,OS PUTIH NETRAL V16 PDK 2XL,40037,5,0,0,40037,200185,280259
Mei-2026,MAMU MAKASSAR,OVERSIZE 16S MAMU,OS PUTIH NETRAL V16 PDK 2XL,160148,1,0,0,40037,40037,200185
Jun-2026,MAMU MAKASSAR,OVERSIZE 16S MAMU,OS PUTIH NETRAL V16 PDK 2XL,216476,3,0,0,40037,120111,40037
Jul-2026,MAMU MAKASSAR,OVERSIZE 16S MAMU,OS PUTIH NETRAL V16 PDK 2XL,435981,5,0,0,40037,200185,120111
Agu-2026,MAMU MAKASSAR,OVERSIZE 16S MAMU,OS PUTIH NETRAL V16 PDK 2XL,190386,4,0,0,40037,160148,200185
Sep-2026,MAMU MAKASSAR,OVERSIZE 16S MAMU,OS PUTIH NETRAL V16 PDK 2XL,63462,1,0,0,40037,40037,160148
Okt-2026,MAMU MAKASSAR,OVERSIZE 16S MAMU,OS PUTIH NETRAL V16 PDK 2XL,0,1,0,0,40037,40037,40037
Jan-2026,MAMU MAKASSAR,OVERSIZE 16S MAMU,OS PUTIH NETRAL V16 PDK L,98534,0,0,0,46647,0,0
Mar-2026,MAMU MAKASSAR,OVERSIZE 16S MAMU,OS PUTIH NETRAL V16 PDK L,480444,27,0,0,40163,1084401,0
Apr-2026,MAMU MAKASSAR,OVERSIZE 16S MAMU,OS PUTIH NETRAL V16 PDK L,240222,21,0,0,40155,843255,1084401
Mei-2026,MAMU MAKASSAR,OVERSIZE 16S MAMU,OS PUTIH NETRAL V16 PDK L,400370,11,0,0,40155,441705,843255
Jun-2026,MAMU MAKASSAR,OVERSIZE 16S MAMU,OS PUTIH NETRAL V16 PDK L,320296,3,0,0,40155,120465,441705
Jul-2026,MAMU MAKASSAR,OVERSIZE 16S MAMU,OS PUTIH NETRAL V16 PDK L,280879,3,0,0,40155,120465,120465
Agu-2026,MAMU MAKASSAR,OVERSIZE 16S MAMU,OS PUTIH NETRAL V16 PDK L,521915,0,0,0,46647,0,120465
Sep-2026,MAMU MAKASSAR,OVERSIZE 16S MAMU,OS PUTIH NETRAL V16 PDK L,40155,0,0,0,46647,0,0
Mar-2026,MAMU MAKASSAR,OVERSIZE 16S MAMU,OS PUTIH NETRAL V16 PDK M,800860,20,0,0,40043,800860,0
Apr-2026,MAMU MAKASSAR,OVERSIZE 16S MAMU,OS PUTIH NETRAL V16 PDK M,400430,9,0,0,40042,360378,800860
Mei-2026,MAMU MAKASSAR,OVERSIZE 16S MAMU,OS PUTIH NETRAL V16 PDK M,520553,4,10,0,40042,560588,360378
Jun-2026,MAMU MAKASSAR,OVERSIZE 16S MAMU,OS PUTIH NETRAL V16 PDK M,480504,0,0,0,50586,0,560588
Jul-2026,MAMU MAKASSAR,OVERSIZE 16S MAMU,OS PUTIH NETRAL V16 PDK M,280294,3,0,0,40042,120126,0
Agu-2026,MAMU MAKASSAR,OVERSIZE 16S MAMU,OS PUTIH NETRAL V16 PDK M,440462,0,0,0,50586,0,120126
Sep-2026,MAMU MAKASSAR,OVERSIZE 16S MAMU,OS PUTIH NETRAL V16 PDK M,562106,9,0,0,40042,360378,0
Okt-2026,MAMU MAKASSAR,OVERSIZE 16S MAMU,OS PUTIH NETRAL V16 PDK M,41560,8,0,0,40042,320336,360378
Mar-2026,MAMU MAKASSAR,OVERSIZE 16S MAMU,OS PUTIH NETRAL V16 PDK S,0,10,0,0,40037,400370,0
Apr-2026,MAMU MAKASSAR,OVERSIZE 16S MAMU,OS PUTIH NETRAL V16 PDK S,200185,7,10,0,40037,680629,400370
Mei-2026,MAMU MAKASSAR,OVERSIZE 16S MAMU,OS PUTIH NETRAL V16 PDK S,560518,1,10,0,40037,440407,680629
Jun-2026,MAMU MAKASSAR,OVERSIZE 16S MAMU,OS PUTIH NETRAL V16 PDK S,360333,0,0,0,50586,0,440407
Jul-2026,MAMU MAKASSAR,OVERSIZE 16S MAMU,OS PUTIH NETRAL V16 PDK S,240222,4,0,0,40037,160148,0
Agu-2026,MAMU MAKASSAR,OVERSIZE 16S MAMU,OS PUTIH NETRAL V16 PDK S,240222,5,0,0,40037,200185,160148
Sep-2026,MAMU MAKASSAR,OVERSIZE 16S MAMU,OS PUTIH NETRAL V16 PDK S,160148,10,0,0,40037,400370,200185
Okt-2026,MAMU MAKASSAR,OVERSIZE 16S MAMU,OS PUTIH NETRAL V16 PDK S,80074,8,0,0,40037,320296,400370
Mar-2026,MAMU MAKASSAR,OVERSIZE 16S MAMU,OS PUTIH NETRAL V16 PDK XL,320688,12,0,0,40086,481032,0
Apr-2026,MAMU MAKASSAR,OVERSIZE 16S MAMU,OS PUTIH NETRAL V16 PDK XL,360756,3,0,0,40084,120252,481032
Mei-2026,MAMU MAKASSAR,OVERSIZE 16S MAMU,OS PUTIH NETRAL V16 PDK XL,120252,0,0,0,50586,0,120252
Jun-2026,MAMU MAKASSAR,OVERSIZE 16S MAMU,OS PUTIH NETRAL V16 PDK XL,132426,1,0,0,40084,40084,0
Jul-2026,MAMU MAKASSAR,OVERSIZE 16S MAMU,OS PUTIH NETRAL V16 PDK XL,66213,0,0,0,50586,0,40084
Sep-2026,MAMU MAKASSAR,OVERSIZE 16S MAMU,OS PUTIH NETRAL V16 PDK XL,0,10,0,0,40084,400840,0
Okt-2026,MAMU MAKASSAR,OVERSIZE 16S MAMU,OS PUTIH NETRAL V16 PDK XL,110448,8,0,0,40084,320672,400840
Jan-2026,MAMU PALOPO,OVERSIZE 16S MAMU,OS ARMY GREEN V16 PDK 2XL,45084,2,0,0,45084,90168,0
Feb-2026,MAMU PALOPO,OVERSIZE 16S MAMU,OS ARMY GREEN V16 PDK 2XL,0,2,0,0,45084,90168,90168
Mar-2026,MAMU PALOPO,OVERSIZE 16S MAMU,OS ARMY GREEN V16 PDK 2XL,0,2,0,0,45084,90168,90168
Apr-2026,MAMU PALOPO,OVERSIZE 16S MAMU,OS ARMY GREEN V16 PDK 2XL,0,2,0,0,45084,90168,90168
Mei-2026,MAMU PALOPO,OVERSIZE 16S MAMU,OS ARMY GREEN V16 PDK 2XL,0,2,0,0,45084,90168,90168
Jun-2026,MAMU PALOPO,OVERSIZE 16S MAMU,OS ARMY GREEN V16 PDK 2XL,0,2,0,0,45084,90168,90168
Jul-2026,MAMU PALOPO,OVERSIZE 16S MAMU,OS ARMY GREEN V16 PDK 2XL,0,2,0,0,45084,90168,90168
Agu-2026,MAMU PALOPO,OVERSIZE 16S MAMU,OS ARMY GREEN V16 PDK 2XL,0,2,0,0,45084,90168,90168
Sep-2026,MAMU PALOPO,OVERSIZE 16S MAMU,OS ARMY GREEN V16 PDK 2XL,0,2,0,0,45084,90168,90168
Okt-2026,MAMU PALOPO,OVERSIZE 16S MAMU,OS ARMY GREEN V16 PDK 2XL,0,2,0,0,45084,90168,90168
Jan-2026,MAMU PALOPO,OVERSIZE 16S MAMU,OS ARMY GREEN V16 PDK L,86262,29,0,0,43131,1250799,0
Feb-2026,MAMU PALOPO,OVERSIZE 16S MAMU,OS ARMY GREEN V16 PDK L,43131,28,0,0,43131,1207668,1250799
Mar-2026,MAMU PALOPO,OVERSIZE 16S MAMU,OS ARMY GREEN V16 PDK L,0,15,0,0,43131,646965,1207668
Apr-2026,MAMU PALOPO,OVERSIZE 16S MAMU,OS ARMY GREEN V16 PDK L,0,15,0,0,43131,646965,646965
Mei-2026,MAMU PALOPO,OVERSIZE 16S MAMU,OS ARMY GREEN V16 PDK L,0,15,0,0,43131,646965,646965
Jun-2026,MAMU PALOPO,OVERSIZE 16S MAMU,OS ARMY GREEN V16 PDK L,0,15,0,0,43131,646965,646965
Jul-2026,MAMU PALOPO,OVERSIZE 16S MAMU,OS ARMY GREEN V16 PDK L,0,15,0,0,43131,646965,646965
Agu-2026,MAMU PALOPO,OVERSIZE 16S MAMU,OS ARMY GREEN V16 PDK L,0,15,0,0,43131,646965,646965
Sep-2026,MAMU PALOPO,OVERSIZE 16S MAMU,OS ARMY GREEN V16 PDK L,0,15,0,0,43131,646965,646965
Okt-2026,MAMU PALOPO,OVERSIZE 16S MAMU,OS ARMY GREEN V16 PDK L,0,15,0,0,43131,646965,646965
Jan-2026,MAMU PALOPO,OVERSIZE 16S MAMU,OS ARMY GREEN V16 PDK M,0,17,0,0,44081,749377,0
Feb-2026,MAMU PALOPO,OVERSIZE 16S MAMU,OS ARMY GREEN V16 PDK M,0,17,0,0,44081,749377,749377
Mar-2026,MAMU PALOPO,OVERSIZE 16S MAMU,OS ARMY GREEN V16 PDK M,88162,11,0,0,44081,484891,749377
Apr-2026,MAMU PALOPO,OVERSIZE 16S MAMU,OS ARMY GREEN V16 PDK M,0,11,0,0,44081,484891,484891
Mei-2026,MAMU PALOPO,OVERSIZE 16S MAMU,OS ARMY GREEN V16 PDK M,88162,10,0,0,44081,440810,484891
Jun-2026,MAMU PALOPO,OVERSIZE 16S MAMU,OS ARMY GREEN V16 PDK M,0,9,0,0,44081,396729,440810
Jul-2026,MAMU PALOPO,OVERSIZE 16S MAMU,OS ARMY GREEN V16 PDK M,0,9,0,0,44081,396729,396729
Agu-2026,MAMU PALOPO,OVERSIZE 16S MAMU,OS ARMY GREEN V16 PDK M,0,9,0,0,44081,396729,396729
Sep-2026,MAMU PALOPO,OVERSIZE 16S MAMU,OS ARMY GREEN V16 PDK M,0,9,0,0,44081,396729,396729
Okt-2026,MAMU PALOPO,OVERSIZE 16S MAMU,OS ARMY GREEN V16 PDK M,0,9,0,0,44081,396729,396729
Jan-2026,MAMU PALOPO,OVERSIZE 16S MAMU,OS ARMY GREEN V16 PDK S,0,8,0,0,46697,373576,0
Feb-2026,MAMU PALOPO,OVERSIZE 16S MAMU,OS ARMY GREEN V16 PDK S,0,8,0,0,46697,373576,373576
Mar-2026,MAMU PALOPO,OVERSIZE 16S MAMU,OS ARMY GREEN V16 PDK S,93394,5,0,0,46697,233485,373576
Apr-2026,MAMU PALOPO,OVERSIZE 16S MAMU,OS ARMY GREEN V16 PDK S,0,7,0,0,46697,326879,233485
Mei-2026,MAMU PALOPO,OVERSIZE 16S MAMU,OS ARMY GREEN V16 PDK S,0,7,0,0,46697,326879,326879
Jun-2026,MAMU PALOPO,OVERSIZE 16S MAMU,OS ARMY GREEN V16 PDK S,0,7,0,0,46697,326879,326879
Jul-2026,MAMU PALOPO,OVERSIZE 16S MAMU,OS ARMY GREEN V16 PDK S,46697,6,0,0,46697,280182,326879
Agu-2026,MAMU PALOPO,OVERSIZE 16S MAMU,OS ARMY GREEN V16 PDK S,46697,5,0,0,46697,233485,280182
Sep-2026,MAMU PALOPO,OVERSIZE 16S MAMU,OS ARMY GREEN V16 PDK S,0,5,0,0,46697,233485,233485
Okt-2026,MAMU PALOPO,OVERSIZE 16S MAMU,OS ARMY GREEN V16 PDK S,46697,5,0,0,46697,233485,233485
Jan-2026,MAMU PALOPO,OVERSIZE 16S MAMU,OS ARMY GREEN V16 PDK XL,0,22,0,0,44476,978472,0
Feb-2026,MAMU PALOPO,OVERSIZE 16S MAMU,OS ARMY GREEN V16 PDK XL,0,22,0,0,44476,978472,978472
Mar-2026,MAMU PALOPO,OVERSIZE 16S MAMU,OS ARMY GREEN V16 PDK XL,0,13,0,0,44476,578188,978472
Apr-2026,MAMU PALOPO,OVERSIZE 16S MAMU,OS ARMY GREEN V16 PDK XL,0,13,0,0,44476,578188,578188
Mei-2026,MAMU PALOPO,OVERSIZE 16S MAMU,OS ARMY GREEN V16 PDK XL,0,13,0,0,44476,578188,578188
Jun-2026,MAMU PALOPO,OVERSIZE 16S MAMU,OS ARMY GREEN V16 PDK XL,0,13,0,0,44476,578188,578188
Jul-2026,MAMU PALOPO,OVERSIZE 16S MAMU,OS ARMY GREEN V16 PDK XL,0,13,0,0,44476,578188,578188
Agu-2026,MAMU PALOPO,OVERSIZE 16S MAMU,OS ARMY GREEN V16 PDK XL,0,13,0,0,44476,578188,578188
Sep-2026,MAMU PALOPO,OVERSIZE 16S MAMU,OS ARMY GREEN V16 PDK XL,0,13,0,0,44476,578188,578188
Okt-2026,MAMU PALOPO,OVERSIZE 16S MAMU,OS ARMY GREEN V16 PDK XL,0,13,0,0,44476,578188,578188
Jan-2026,MAMU PALOPO,OVERSIZE 16S MAMU,OS COKLAT SUSU V16 PDK 2XL,42820,6,0,0,42820,256920,0
Feb-2026,MAMU PALOPO,OVERSIZE 16S MAMU,OS COKLAT SUSU V16 PDK 2XL,0,6,0,0,42820,256920,256920
Mar-2026,MAMU PALOPO,OVERSIZE 16S MAMU,OS COKLAT SUSU V16 PDK 2XL,0,5,0,0,42820,214100,256920
Apr-2026,MAMU PALOPO,OVERSIZE 16S MAMU,OS COKLAT SUSU V16 PDK 2XL,0,5,0,0,42820,214100,214100
Mei-2026,MAMU PALOPO,OVERSIZE 16S MAMU,OS COKLAT SUSU V16 PDK 2XL,0,5,0,0,42820,214100,214100
Jun-2026,MAMU PALOPO,OVERSIZE 16S MAMU,OS COKLAT SUSU V16 PDK 2XL,0,5,0,0,42820,214100,214100
Jul-2026,MAMU PALOPO,OVERSIZE 16S MAMU,OS COKLAT SUSU V16 PDK 2XL,0,5,0,0,42820,214100,214100
Agu-2026,MAMU PALOPO,OVERSIZE 16S MAMU,OS COKLAT SUSU V16 PDK 2XL,0,5,0,0,42820,214100,214100
Sep-2026,MAMU PALOPO,OVERSIZE 16S MAMU,OS COKLAT SUSU V16 PDK 2XL,0,5,0,0,42820,214100,214100
Okt-2026,MAMU PALOPO,OVERSIZE 16S MAMU,OS COKLAT SUSU V16 PDK 2XL,0,5,0,0,42820,214100,214100
Jan-2026,MAMU PALOPO,OVERSIZE 16S MAMU,OS COKLAT SUSU V16 PDK L,0,33,0,0,41667,1375011,0
Feb-2026,MAMU PALOPO,OVERSIZE 16S MAMU,OS COKLAT SUSU V16 PDK L,0,33,0,0,41667,1375011,1375011
Mar-2026,MAMU PALOPO,OVERSIZE 16S MAMU,OS COKLAT SUSU V16 PDK L,0,13,0,0,41667,541671,1375011
Apr-2026,MAMU PALOPO,OVERSIZE 16S MAMU,OS COKLAT SUSU V16 PDK L,0,13,0,0,41667,541671,541671
Mei-2026,MAMU PALOPO,OVERSIZE 16S MAMU,OS COKLAT SUSU V16 PDK L,41667,12,0,0,41667,500004,541671
Jun-2026,MAMU PALOPO,OVERSIZE 16S MAMU,OS COKLAT SUSU V16 PDK L,0,13,0,0,41667,541671,500004
Jul-2026,MAMU PALOPO,OVERSIZE 16S MAMU,OS COKLAT SUSU V16 PDK L,0,13,0,0,41667,541671,541671
Agu-2026,MAMU PALOPO,OVERSIZE 16S MAMU,OS COKLAT SUSU V16 PDK L,0,13,0,0,41667,541671,541671
Sep-2026,MAMU PALOPO,OVERSIZE 16S MAMU,OS COKLAT SUSU V16 PDK L,0,13,0,0,41667,541671,541671
Okt-2026,MAMU PALOPO,OVERSIZE 16S MAMU,OS COKLAT SUSU V16 PDK L,0,13,0,0,41667,541671,541671
Jan-2026,MAMU PALOPO,OVERSIZE 16S MAMU,OS COKLAT SUSU V16 PDK M,0,19,0,0,42349,804631,0
Feb-2026,MAMU PALOPO,OVERSIZE 16S MAMU,OS COKLAT SUSU V16 PDK M,0,19,0,0,42349,804631,804631
Mar-2026,MAMU PALOPO,OVERSIZE 16S MAMU,OS COKLAT SUSU V16 PDK M,42349,12,0,0,42349,508188,804631
Apr-2026,MAMU PALOPO,OVERSIZE 16S MAMU,OS COKLAT SUSU V16 PDK M,0,12,0,0,42349,508188,508188
Mei-2026,MAMU PALOPO,OVERSIZE 16S MAMU,OS COKLAT SUSU V16 PDK M,84698,10,0,0,42349,423490,508188
Jun-2026,MAMU PALOPO,OVERSIZE 16S MAMU,OS COKLAT SUSU V16 PDK M,0,9,0,0,42349,381141,423490
Jul-2026,MAMU PALOPO,OVERSIZE 16S MAMU,OS COKLAT SUSU V16 PDK M,0,9,0,0,42349,381141,381141
Agu-2026,MAMU PALOPO,OVERSIZE 16S MAMU,OS COKLAT SUSU V16 PDK M,0,9,0,0,42349,381141,381141
Sep-2026,MAMU PALOPO,OVERSIZE 16S MAMU,OS COKLAT SUSU V16 PDK M,0,9,0,0,42349,381141,381141
Okt-2026,MAMU PALOPO,OVERSIZE 16S MAMU,OS COKLAT SUSU V16 PDK M,0,9,0,0,42349,381141,381141
Jan-2026,MAMU PALOPO,OVERSIZE 16S MAMU,OS COKLAT SUSU V16 PDK S,0,3,0,0,42349,127047,0
Feb-2026,MAMU PALOPO,OVERSIZE 16S MAMU,OS COKLAT SUSU V16 PDK S,0,3,0,0,42349,127047,127047
Mar-2026,MAMU PALOPO,OVERSIZE 16S MAMU,OS COKLAT SUSU V16 PDK S,42349,2,0,0,42349,84698,127047
Apr-2026,MAMU PALOPO,OVERSIZE 16S MAMU,OS COKLAT SUSU V16 PDK S,42349,1,0,0,42349,42349,84698
Mei-2026,MAMU PALOPO,OVERSIZE 16S MAMU,OS COKLAT SUSU V16 PDK S,0,1,0,0,42349,42349,42349
Jun-2026,MAMU PALOPO,OVERSIZE 16S MAMU,OS COKLAT SUSU V16 PDK S,0,1,0,0,42349,42349,42349
Jul-2026,MAMU PALOPO,OVERSIZE 16S MAMU,OS COKLAT SUSU V16 PDK S,0,1,0,0,42349,42349,42349
Agu-2026,MAMU PALOPO,OVERSIZE 16S MAMU,OS COKLAT SUSU V16 PDK S,42349,0,0,0,42349,0,42349
Jan-2026,MAMU PALOPO,OVERSIZE 16S MAMU,OS COKLAT SUSU V16 PDK XL,0,18,0,0,42725,769050,0
Feb-2026,MAMU PALOPO,OVERSIZE 16S MAMU,OS COKLAT SUSU V16 PDK XL,0,18,0,0,42725,769050,769050
Mar-2026,MAMU PALOPO,OVERSIZE 16S MAMU,OS COKLAT SUSU V16 PDK XL,0,15,0,0,42725,640875,769050
Apr-2026,MAMU PALOPO,OVERSIZE 16S MAMU,OS COKLAT SUSU V16 PDK XL,0,15,0,0,42725,640875,640875
Mei-2026,MAMU PALOPO,OVERSIZE 16S MAMU,OS COKLAT SUSU V16 PDK XL,0,15,0,0,42725,640875,640875
Jun-2026,MAMU PALOPO,OVERSIZE 16S MAMU,OS COKLAT SUSU V16 PDK XL,0,15,0,0,42725,640875,640875
Jul-2026,MAMU PALOPO,OVERSIZE 16S MAMU,OS COKLAT SUSU V16 PDK XL,0,15,0,0,42725,640875,640875
Agu-2026,MAMU PALOPO,OVERSIZE 16S MAMU,OS COKLAT SUSU V16 PDK XL,0,15,0,0,42725,640875,640875
Sep-2026,MAMU PALOPO,OVERSIZE 16S MAMU,OS COKLAT SUSU V16 PDK XL,0,15,0,0,42725,640875,640875
Okt-2026,MAMU PALOPO,OVERSIZE 16S MAMU,OS COKLAT SUSU V16 PDK XL,0,15,0,0,42725,640875,640875
Jan-2026,MAMU PALOPO,OVERSIZE 16S MAMU,OS DENIM BLUE V16 PDK 2XL,0,5,0,0,42601,213005,0
Feb-2026,MAMU PALOPO,OVERSIZE 16S MAMU,OS DENIM BLUE V16 PDK 2XL,0,5,0,0,42601,213005,213005
Mar-2026,MAMU PALOPO,OVERSIZE 16S MAMU,OS DENIM BLUE V16 PDK 2XL,0,5,0,0,42601,213005,213005
Apr-2026,MAMU PALOPO,OVERSIZE 16S MAMU,OS DENIM BLUE V16 PDK 2XL,0,5,0,0,42601,213005,213005
Mei-2026,MAMU PALOPO,OVERSIZE 16S MAMU,OS DENIM BLUE V16 PDK 2XL,0,5,0,0,42601,213005,213005
Jun-2026,MAMU PALOPO,OVERSIZE 16S MAMU,OS DENIM BLUE V16 PDK 2XL,0,5,0,0,42601,213005,213005
Jul-2026,MAMU PALOPO,OVERSIZE 16S MAMU,OS DENIM BLUE V16 PDK 2XL,0,5,0,0,42601,213005,213005
Agu-2026,MAMU PALOPO,OVERSIZE 16S MAMU,OS DENIM BLUE V16 PDK 2XL,0,5,0,0,42601,213005,213005
Sep-2026,MAMU PALOPO,OVERSIZE 16S MAMU,OS DENIM BLUE V16 PDK 2XL,0,5,0,0,42601,213005,213005
Okt-2026,MAMU PALOPO,OVERSIZE 16S MAMU,OS DENIM BLUE V16 PDK 2XL,0,5,0,0,42601,213005,213005
Jan-2026,MAMU PALOPO,OVERSIZE 16S MAMU,OS DENIM BLUE V16 PDK L,0,17,0,0,41469,704973,0
Feb-2026,MAMU PALOPO,OVERSIZE 16S MAMU,OS DENIM BLUE V16 PDK L,0,17,0,0,41469,704973,704973
Mar-2026,MAMU PALOPO,OVERSIZE 16S MAMU,OS DENIM BLUE V16 PDK L,0,13,0,0,38625,502125,704973
Apr-2026,MAMU PALOPO,OVERSIZE 16S MAMU,OS DENIM BLUE V16 PDK L,41469,12,0,0,38625,463500,502125
Mei-2026,MAMU PALOPO,OVERSIZE 16S MAMU,OS DENIM BLUE V16 PDK L,0,12,0,0,38821,465852,463500
Jun-2026,MAMU PALOPO,OVERSIZE 16S MAMU,OS DENIM BLUE V16 PDK L,41469,11,0,0,38821,427031,465852
Jul-2026,MAMU PALOPO,OVERSIZE 16S MAMU,OS DENIM BLUE V16 PDK L,0,11,0,0,38821,427031,427031
Agu-2026,MAMU PALOPO,OVERSIZE 16S MAMU,OS DENIM BLUE V16 PDK L,0,11,0,0,38821,427031,427031
Sep-2026,MAMU PALOPO,OVERSIZE 16S MAMU,OS DENIM BLUE V16 PDK L,0,11,0,0,38821,427031,427031
Okt-2026,MAMU PALOPO,OVERSIZE 16S MAMU,OS DENIM BLUE V16 PDK L,0,11,0,0,38821,427031,427031
Jan-2026,MAMU PALOPO,OVERSIZE 16S MAMU,OS DENIM BLUE V16 PDK M,0,13,0,0,41868,544284,0
Feb-2026,MAMU PALOPO,OVERSIZE 16S MAMU,OS DENIM BLUE V16 PDK M,0,13,0,0,41868,544284,544284
Mar-2026,MAMU PALOPO,OVERSIZE 16S MAMU,OS DENIM BLUE V16 PDK M,0,11,0,0,38447,422917,544284
Apr-2026,MAMU PALOPO,OVERSIZE 16S MAMU,OS DENIM BLUE V16 PDK M,0,11,0,0,38447,422917,422917
Mei-2026,MAMU PALOPO,OVERSIZE 16S MAMU,OS DENIM BLUE V16 PDK M,41868,10,0,0,41868,418680,422917
Jun-2026,MAMU PALOPO,OVERSIZE 16S MAMU,OS DENIM BLUE V16 PDK M,41868,9,0,0,41868,376812,418680
Jul-2026,MAMU PALOPO,OVERSIZE 16S MAMU,OS DENIM BLUE V16 PDK M,0,9,0,0,41868,376812,376812
Agu-2026,MAMU PALOPO,OVERSIZE 16S MAMU,OS DENIM BLUE V16 PDK M,0,9,0,0,41868,376812,376812
Sep-2026,MAMU PALOPO,OVERSIZE 16S MAMU,OS DENIM BLUE V16 PDK M,0,9,0,0,41868,376812,376812
Okt-2026,MAMU PALOPO,OVERSIZE 16S MAMU,OS DENIM BLUE V16 PDK M,0,9,0,0,41868,376812,376812
Agu-2026,MAMU PALOPO,OVERSIZE 16S MAMU,OS DENIM BLUE V16 PDK S,0,5,0,0,38550,192750,0
Sep-2026,MAMU PALOPO,OVERSIZE 16S MAMU,OS DENIM BLUE V16 PDK S,0,5,0,0,38550,192750,192750
Okt-2026,MAMU PALOPO,OVERSIZE 16S MAMU,OS DENIM BLUE V16 PDK S,0,5,0,0,38550,192750,192750
Jan-2026,MAMU PALOPO,OVERSIZE 16S MAMU,OS DENIM BLUE V16 PDK XL,0,9,0,0,41868,376812,0
Feb-2026,MAMU PALOPO,OVERSIZE 16S MAMU,OS DENIM BLUE V16 PDK XL,0,9,0,0,41868,376812,376812
Mar-2026,MAMU PALOPO,OVERSIZE 16S MAMU,OS DENIM BLUE V16 PDK XL,0,8,0,0,41868,334944,376812
Apr-2026,MAMU PALOPO,OVERSIZE 16S MAMU,OS DENIM BLUE V16 PDK XL,0,8,0,0,41868,334944,334944
Mei-2026,MAMU PALOPO,OVERSIZE 16S MAMU,OS DENIM BLUE V16 PDK XL,41868,7,0,0,41868,293076,334944
Jun-2026,MAMU PALOPO,OVERSIZE 16S MAMU,OS DENIM BLUE V16 PDK XL,0,7,0,0,41868,293076,293076
Jul-2026,MAMU PALOPO,OVERSIZE 16S MAMU,OS DENIM BLUE V16 PDK XL,41868,7,0,0,41868,293076,293076
Agu-2026,MAMU PALOPO,OVERSIZE 16S MAMU,OS DENIM BLUE V16 PDK XL,0,6,0,0,41868,251208,293076
Sep-2026,MAMU PALOPO,OVERSIZE 16S MAMU,OS DENIM BLUE V16 PDK XL,0,6,0,0,41868,251208,251208
Okt-2026,MAMU PALOPO,OVERSIZE 16S MAMU,OS DENIM BLUE V16 PDK XL,0,6,0,0,41868,251208,251208
Jan-2026,MAMU PALOPO,OVERSIZE 16S MAMU,OS JET BLACK V16 PDK L,0,14,0,0,44390,621460,0
Feb-2026,MAMU PALOPO,OVERSIZE 16S MAMU,OS JET BLACK V16 PDK L,44964,13,0,0,44390,577070,621460
Mar-2026,MAMU PALOPO,OVERSIZE 16S MAMU,OS JET BLACK V16 PDK L,44964,10,0,0,45040,450400,577070
Apr-2026,MAMU PALOPO,OVERSIZE 16S MAMU,OS JET BLACK V16 PDK L,0,9,0,0,45040,405360,450400
Mei-2026,MAMU PALOPO,OVERSIZE 16S MAMU,OS JET BLACK V16 PDK L,0,9,0,0,45040,405360,405360
Jun-2026,MAMU PALOPO,OVERSIZE 16S MAMU,OS JET BLACK V16 PDK L,89928,7,0,0,45040,315280,405360
Jul-2026,MAMU PALOPO,OVERSIZE 16S MAMU,OS JET BLACK V16 PDK L,0,7,0,0,45040,315280,315280
Agu-2026,MAMU PALOPO,OVERSIZE 16S MAMU,OS JET BLACK V16 PDK L,0,7,0,0,45040,315280,315280
Sep-2026,MAMU PALOPO,OVERSIZE 16S MAMU,OS JET BLACK V16 PDK L,134892,4,0,0,45040,180160,315280
Okt-2026,MAMU PALOPO,OVERSIZE 16S MAMU,OS JET BLACK V16 PDK L,39975,4,0,0,45040,180160,180160
Jan-2026,MAMU PALOPO,OVERSIZE 16S MAMU,OS JET BLACK V16 PDK M,0,30,0,0,44390,1331700,0
Feb-2026,MAMU PALOPO,OVERSIZE 16S MAMU,OS JET BLACK V16 PDK M,44651,29,0,0,44390,1287310,1331700
Mar-2026,MAMU PALOPO,OVERSIZE 16S MAMU,OS JET BLACK V16 PDK M,223255,10,0,0,44888,448880,1287310
Apr-2026,MAMU PALOPO,OVERSIZE 16S MAMU,OS JET BLACK V16 PDK M,0,10,0,0,44890,448900,448880
Mei-2026,MAMU PALOPO,OVERSIZE 16S MAMU,OS JET BLACK V16 PDK M,44651,3,0,0,44890,134670,448900
Jun-2026,MAMU PALOPO,OVERSIZE 16S MAMU,OS JET BLACK V16 PDK M,44651,1,0,0,44890,44890,134670
Jul-2026,MAMU PALOPO,OVERSIZE 16S MAMU,OS JET BLACK V16 PDK M,44651,0,0,0,44390,0,44890
Okt-2026,MAMU PALOPO,OVERSIZE 16S MAMU,OS JET BLACK V16 PDK M,0,5,0,0,44890,224450,0
Jan-2026,MAMU PALOPO,OVERSIZE 16S MAMU,OS JET BLACK V16 PDK S,44839,21,0,0,44390,932190,0
Feb-2026,MAMU PALOPO,OVERSIZE 16S MAMU,OS JET BLACK V16 PDK S,0,21,0,0,44390,932190,932190
Mar-2026,MAMU PALOPO,OVERSIZE 16S MAMU,OS JET BLACK V16 PDK S,89678,13,0,0,44946,584298,932190
Apr-2026,MAMU PALOPO,OVERSIZE 16S MAMU,OS JET BLACK V16 PDK S,89678,11,0,0,44946,494406,584298
Mei-2026,MAMU PALOPO,OVERSIZE 16S MAMU,OS JET BLACK V16 PDK S,89678,9,0,0,44946,404514,494406
Jun-2026,MAMU PALOPO,OVERSIZE 16S MAMU,OS JET BLACK V16 PDK S,44839,8,0,0,44946,359568,404514
Jul-2026,MAMU PALOPO,OVERSIZE 16S MAMU,OS JET BLACK V16 PDK S,0,8,0,0,44946,359568,359568
Agu-2026,MAMU PALOPO,OVERSIZE 16S MAMU,OS JET BLACK V16 PDK S,269034,6,0,0,44946,269676,359568
Sep-2026,MAMU PALOPO,OVERSIZE 16S MAMU,OS JET BLACK V16 PDK S,44839,1,0,0,44946,44946,269676
Okt-2026,MAMU PALOPO,OVERSIZE 16S MAMU,OS JET BLACK V16 PDK S,24832,14,0,0,44946,629244,44946
Jan-2026,MAMU PALOPO,OVERSIZE 16S MAMU,OS JET BLACK V16 PDK XL,0,11,0,0,44390,488290,0
Feb-2026,MAMU PALOPO,OVERSIZE 16S MAMU,OS JET BLACK V16 PDK XL,0,11,0,0,44390,488290,488290
Mar-2026,MAMU PALOPO,OVERSIZE 16S MAMU,OS JET BLACK V16 PDK XL,0,9,0,0,45054,405486,488290
Apr-2026,MAMU PALOPO,OVERSIZE 16S MAMU,OS JET BLACK V16 PDK XL,134109,6,0,0,45054,270324,405486
Mei-2026,MAMU PALOPO,OVERSIZE 16S MAMU,OS JET BLACK V16 PDK XL,134109,2,0,0,45054,90108,270324
Jun-2026,MAMU PALOPO,OVERSIZE 16S MAMU,OS JET BLACK V16 PDK XL,0,2,0,0,45054,90108,90108
Jul-2026,MAMU PALOPO,OVERSIZE 16S MAMU,OS JET BLACK V16 PDK XL,0,2,0,0,45054,90108,90108
Agu-2026,MAMU PALOPO,OVERSIZE 16S MAMU,OS JET BLACK V16 PDK XL,44703,2,0,0,45054,90108,90108
Sep-2026,MAMU PALOPO,OVERSIZE 16S MAMU,OS JET BLACK V16 PDK XL,44703,0,0,0,44390,0,90108
Okt-2026,MAMU PALOPO,OVERSIZE 16S MAMU,OS JET BLACK V16 PDK XL,0,5,0,0,45054,225270,0
Jan-2026,MAMU PALOPO,OVERSIZE 16S MAMU,OS LIGHT BROWN V16 PDK 2XL,0,2,0,0,41365,82730,0
Feb-2026,MAMU PALOPO,OVERSIZE 16S MAMU,OS LIGHT BROWN V16 PDK 2XL,0,2,0,0,41365,82730,82730
Mar-2026,MAMU PALOPO,OVERSIZE 16S MAMU,OS LIGHT BROWN V16 PDK 2XL,0,2,0,0,41365,82730,82730
Apr-2026,MAMU PALOPO,OVERSIZE 16S MAMU,OS LIGHT BROWN V16 PDK 2XL,0,2,0,0,41365,82730,82730
Mei-2026,MAMU PALOPO,OVERSIZE 16S MAMU,OS LIGHT BROWN V16 PDK 2XL,0,2,0,0,41365,82730,82730
Jun-2026,MAMU PALOPO,OVERSIZE 16S MAMU,OS LIGHT BROWN V16 PDK 2XL,0,2,0,0,41365,82730,82730
Jul-2026,MAMU PALOPO,OVERSIZE 16S MAMU,OS LIGHT BROWN V16 PDK 2XL,0,2,0,0,41365,82730,82730
Agu-2026,MAMU PALOPO,OVERSIZE 16S MAMU,OS LIGHT BROWN V16 PDK 2XL,0,2,0,0,41365,82730,82730
Sep-2026,MAMU PALOPO,OVERSIZE 16S MAMU,OS LIGHT BROWN V16 PDK 2XL,0,2,0,0,41365,82730,82730
Okt-2026,MAMU PALOPO,OVERSIZE 16S MAMU,OS LIGHT BROWN V16 PDK 2XL,0,2,0,0,41365,82730,82730
Jan-2026,MAMU PALOPO,OVERSIZE 16S MAMU,OS LIGHT BROWN V16 PDK L,0,21,0,0,39226,823746,0
Feb-2026,MAMU PALOPO,OVERSIZE 16S MAMU,OS LIGHT BROWN V16 PDK L,39226,20,0,0,39226,784520,823746
Mar-2026,MAMU PALOPO,OVERSIZE 16S MAMU,OS LIGHT BROWN V16 PDK L,39226,12,0,0,39226,470712,784520
Apr-2026,MAMU PALOPO,OVERSIZE 16S MAMU,OS LIGHT BROWN V16 PDK L,39226,11,0,0,38902,427922,470712
Mei-2026,MAMU PALOPO,OVERSIZE 16S MAMU,OS LIGHT BROWN V16 PDK L,0,11,0,0,38939,428329,427922
Jun-2026,MAMU PALOPO,OVERSIZE 16S MAMU,OS LIGHT BROWN V16 PDK L,39226,9,0,0,38939,350451,428329
Jul-2026,MAMU PALOPO,OVERSIZE 16S MAMU,OS LIGHT BROWN V16 PDK L,0,9,0,0,38939,350451,350451
Agu-2026,MAMU PALOPO,OVERSIZE 16S MAMU,OS LIGHT BROWN V16 PDK L,39226,9,0,0,38939,350451,350451
Sep-2026,MAMU PALOPO,OVERSIZE 16S MAMU,OS LIGHT BROWN V16 PDK L,39226,7,0,0,38939,272573,350451
Okt-2026,MAMU PALOPO,OVERSIZE 16S MAMU,OS LIGHT BROWN V16 PDK L,0,7,0,0,38939,272573,272573
Jan-2026,MAMU PALOPO,OVERSIZE 16S MAMU,OS LIGHT BROWN V16 PDK M,0,10,0,0,39714,397140,0
Feb-2026,MAMU PALOPO,OVERSIZE 16S MAMU,OS LIGHT BROWN V16 PDK M,0,10,0,0,39714,397140,397140
Mar-2026,MAMU PALOPO,OVERSIZE 16S MAMU,OS LIGHT BROWN V16 PDK M,79428,7,0,0,39714,277998,397140
Apr-2026,MAMU PALOPO,OVERSIZE 16S MAMU,OS LIGHT BROWN V16 PDK M,0,7,0,0,38905,272335,277998
Mei-2026,MAMU PALOPO,OVERSIZE 16S MAMU,OS LIGHT BROWN V16 PDK M,39714,6,0,0,38905,233430,272335
Jun-2026,MAMU PALOPO,OVERSIZE 16S MAMU,OS LIGHT BROWN V16 PDK M,39714,6,0,0,38905,233430,233430
Jul-2026,MAMU PALOPO,OVERSIZE 16S MAMU,OS LIGHT BROWN V16 PDK M,66190,4,0,0,38905,155620,233430
Agu-2026,MAMU PALOPO,OVERSIZE 16S MAMU,OS LIGHT BROWN V16 PDK M,34257,5,0,0,38905,194525,155620
Sep-2026,MAMU PALOPO,OVERSIZE 16S MAMU,OS LIGHT BROWN V16 PDK M,0,5,0,0,38905,194525,194525
Okt-2026,MAMU PALOPO,OVERSIZE 16S MAMU,OS LIGHT BROWN V16 PDK M,0,5,0,0,38905,194525,194525
Agu-2026,MAMU PALOPO,OVERSIZE 16S MAMU,OS LIGHT BROWN V16 PDK S,46458,0,0,0,41829,0,0
Jan-2026,MAMU PALOPO,OVERSIZE 16S MAMU,OS LIGHT BROWN V16 PDK XL,0,9,0,0,39714,357426,0
Feb-2026,MAMU PALOPO,OVERSIZE 16S MAMU,OS LIGHT BROWN V16 PDK XL,0,9,0,0,39714,357426,357426
Mar-2026,MAMU PALOPO,OVERSIZE 16S MAMU,OS LIGHT BROWN V16 PDK XL,39714,7,0,0,39714,277998,357426
Apr-2026,MAMU PALOPO,OVERSIZE 16S MAMU,OS LIGHT BROWN V16 PDK XL,0,7,0,0,39714,277998,277998
Mei-2026,MAMU PALOPO,OVERSIZE 16S MAMU,OS LIGHT BROWN V16 PDK XL,0,7,0,0,39714,277998,277998
Jun-2026,MAMU PALOPO,OVERSIZE 16S MAMU,OS LIGHT BROWN V16 PDK XL,0,7,0,0,39714,277998,277998
Jul-2026,MAMU PALOPO,OVERSIZE 16S MAMU,OS LIGHT BROWN V16 PDK XL,0,7,0,0,39714,277998,277998
Agu-2026,MAMU PALOPO,OVERSIZE 16S MAMU,OS LIGHT BROWN V16 PDK XL,0,7,0,0,39714,277998,277998
Sep-2026,MAMU PALOPO,OVERSIZE 16S MAMU,OS LIGHT BROWN V16 PDK XL,0,7,0,0,39714,277998,277998
Okt-2026,MAMU PALOPO,OVERSIZE 16S MAMU,OS LIGHT BROWN V16 PDK XL,0,7,0,0,39714,277998,277998
Jan-2026,MAMU PALOPO,OVERSIZE 16S MAMU,OS MINERAL GREEN V16 PDK 2XL,0,6,0,0,44432,266592,0
Feb-2026,MAMU PALOPO,OVERSIZE 16S MAMU,OS MINERAL GREEN V16 PDK 2XL,0,6,0,0,44432,266592,266592
Mar-2026,MAMU PALOPO,OVERSIZE 16S MAMU,OS MINERAL GREEN V16 PDK 2XL,0,5,0,0,44432,222160,266592
Apr-2026,MAMU PALOPO,OVERSIZE 16S MAMU,OS MINERAL GREEN V16 PDK 2XL,0,5,0,0,44432,222160,222160
Mei-2026,MAMU PALOPO,OVERSIZE 16S MAMU,OS MINERAL GREEN V16 PDK 2XL,0,5,0,0,44432,222160,222160
Jun-2026,MAMU PALOPO,OVERSIZE 16S MAMU,OS MINERAL GREEN V16 PDK 2XL,0,5,0,0,44432,222160,222160
Jul-2026,MAMU PALOPO,OVERSIZE 16S MAMU,OS MINERAL GREEN V16 PDK 2XL,0,5,0,0,44432,222160,222160
Agu-2026,MAMU PALOPO,OVERSIZE 16S MAMU,OS MINERAL GREEN V16 PDK 2XL,0,5,0,0,44432,222160,222160
Sep-2026,MAMU PALOPO,OVERSIZE 16S MAMU,OS MINERAL GREEN V16 PDK 2XL,0,5,0,0,44432,222160,222160
Okt-2026,MAMU PALOPO,OVERSIZE 16S MAMU,OS MINERAL GREEN V16 PDK 2XL,0,5,0,0,44432,222160,222160
Jan-2026,MAMU PALOPO,OVERSIZE 16S MAMU,OS MINERAL GREEN V16 PDK L,0,31,0,0,42084,1304604,0
Feb-2026,MAMU PALOPO,OVERSIZE 16S MAMU,OS MINERAL GREEN V16 PDK L,0,31,0,0,42084,1304604,1304604
Mar-2026,MAMU PALOPO,OVERSIZE 16S MAMU,OS MINERAL GREEN V16 PDK L,0,15,0,0,42084,631260,1304604
Apr-2026,MAMU PALOPO,OVERSIZE 16S MAMU,OS MINERAL GREEN V16 PDK L,42084,14,0,0,40339,564746,631260
Mei-2026,MAMU PALOPO,OVERSIZE 16S MAMU,OS MINERAL GREEN V16 PDK L,0,14,0,0,40339,564746,564746
Jun-2026,MAMU PALOPO,OVERSIZE 16S MAMU,OS MINERAL GREEN V16 PDK L,0,14,0,0,40339,564746,564746
Jul-2026,MAMU PALOPO,OVERSIZE 16S MAMU,OS MINERAL GREEN V16 PDK L,42084,13,0,0,40339,524407,564746
Agu-2026,MAMU PALOPO,OVERSIZE 16S MAMU,OS MINERAL GREEN V16 PDK L,0,13,0,0,40339,524407,524407
Sep-2026,MAMU PALOPO,OVERSIZE 16S MAMU,OS MINERAL GREEN V16 PDK L,0,13,0,0,40339,524407,524407
Okt-2026,MAMU PALOPO,OVERSIZE 16S MAMU,OS MINERAL GREEN V16 PDK L,0,13,0,0,40339,524407,524407
Jan-2026,MAMU PALOPO,OVERSIZE 16S MAMU,OS MINERAL GREEN V16 PDK M,0,19,0,0,42154,800926,0
Feb-2026,MAMU PALOPO,OVERSIZE 16S MAMU,OS MINERAL GREEN V16 PDK M,0,19,0,0,42154,800926,800926
Mar-2026,MAMU PALOPO,OVERSIZE 16S MAMU,OS MINERAL GREEN V16 PDK M,0,13,0,0,40389,525057,800926
Apr-2026,MAMU PALOPO,OVERSIZE 16S MAMU,OS MINERAL GREEN V16 PDK M,0,13,0,0,40374,524862,525057
Mei-2026,MAMU PALOPO,OVERSIZE 16S MAMU,OS MINERAL GREEN V16 PDK M,0,13,0,0,40407,525291,524862
Jun-2026,MAMU PALOPO,OVERSIZE 16S MAMU,OS MINERAL GREEN V16 PDK M,0,13,0,0,40407,525291,525291
Jul-2026,MAMU PALOPO,OVERSIZE 16S MAMU,OS MINERAL GREEN V16 PDK M,0,13,0,0,40407,525291,525291
Agu-2026,MAMU PALOPO,OVERSIZE 16S MAMU,OS MINERAL GREEN V16 PDK M,0,13,0,0,40407,525291,525291
Sep-2026,MAMU PALOPO,OVERSIZE 16S MAMU,OS MINERAL GREEN V16 PDK M,0,13,0,0,40407,525291,525291
Okt-2026,MAMU PALOPO,OVERSIZE 16S MAMU,OS MINERAL GREEN V16 PDK M,0,13,0,0,40407,525291,525291
Jan-2026,MAMU PALOPO,OVERSIZE 16S MAMU,OS MINERAL GREEN V16 PDK S,43911,3,0,0,43911,131733,0
Feb-2026,MAMU PALOPO,OVERSIZE 16S MAMU,OS MINERAL GREEN V16 PDK S,0,3,0,0,43911,131733,131733
Mar-2026,MAMU PALOPO,OVERSIZE 16S MAMU,OS MINERAL GREEN V16 PDK S,0,3,0,0,40339,121017,131733
Apr-2026,MAMU PALOPO,OVERSIZE 16S MAMU,OS MINERAL GREEN V16 PDK S,0,1,0,0,40339,40339,121017
Mei-2026,MAMU PALOPO,OVERSIZE 16S MAMU,OS MINERAL GREEN V16 PDK S,43911,0,0,0,43911,0,40339
Agu-2026,MAMU PALOPO,OVERSIZE 16S MAMU,OS MINERAL GREEN V16 PDK S,0,5,0,0,40376,201880,0
Sep-2026,MAMU PALOPO,OVERSIZE 16S MAMU,OS MINERAL GREEN V16 PDK S,0,5,0,0,40376,201880,201880
Okt-2026,MAMU PALOPO,OVERSIZE 16S MAMU,OS MINERAL GREEN V16 PDK S,40376,4,0,0,40376,161504,201880
Jan-2026,MAMU PALOPO,OVERSIZE 16S MAMU,OS MINERAL GREEN V16 PDK XL,0,23,0,0,41786,961078,0
Feb-2026,MAMU PALOPO,OVERSIZE 16S MAMU,OS MINERAL GREEN V16 PDK XL,0,23,0,0,41786,961078,961078
Mar-2026,MAMU PALOPO,OVERSIZE 16S MAMU,OS MINERAL GREEN V16 PDK XL,41786,14,0,0,41786,585004,961078
Apr-2026,MAMU PALOPO,OVERSIZE 16S MAMU,OS MINERAL GREEN V16 PDK XL,0,14,0,0,41786,585004,585004
Mei-2026,MAMU PALOPO,OVERSIZE 16S MAMU,OS MINERAL GREEN V16 PDK XL,0,14,0,0,41786,585004,585004
Jun-2026,MAMU PALOPO,OVERSIZE 16S MAMU,OS MINERAL GREEN V16 PDK XL,0,14,0,0,41786,585004,585004
Jul-2026,MAMU PALOPO,OVERSIZE 16S MAMU,OS MINERAL GREEN V16 PDK XL,0,14,0,0,41786,585004,585004
Agu-2026,MAMU PALOPO,OVERSIZE 16S MAMU,OS MINERAL GREEN V16 PDK XL,0,14,0,0,41786,585004,585004
Sep-2026,MAMU PALOPO,OVERSIZE 16S MAMU,OS MINERAL GREEN V16 PDK XL,0,14,0,0,41786,585004,585004
Okt-2026,MAMU PALOPO,OVERSIZE 16S MAMU,OS MINERAL GREEN V16 PDK XL,0,14,0,0,41786,585004,585004
Jan-2026,MAMU PALOPO,OVERSIZE 16S MAMU,OS NAVY V16 PDK L,0,20,0,0,44604,892080,0
Feb-2026,MAMU PALOPO,OVERSIZE 16S MAMU,OS NAVY V16 PDK L,89208,18,0,0,44604,802872,892080
Mar-2026,MAMU PALOPO,OVERSIZE 16S MAMU,OS NAVY V16 PDK L,0,13,0,0,44604,579852,802872
Apr-2026,MAMU PALOPO,OVERSIZE 16S MAMU,OS NAVY V16 PDK L,0,13,0,0,44121,573573,579852
Mei-2026,MAMU PALOPO,OVERSIZE 16S MAMU,OS NAVY V16 PDK L,0,13,0,0,44138,573794,573573
Jun-2026,MAMU PALOPO,OVERSIZE 16S MAMU,OS NAVY V16 PDK L,0,13,0,0,44138,573794,573794
Jul-2026,MAMU PALOPO,OVERSIZE 16S MAMU,OS NAVY V16 PDK L,0,13,0,0,44138,573794,573794
Agu-2026,MAMU PALOPO,OVERSIZE 16S MAMU,OS NAVY V16 PDK L,0,13,0,0,44138,573794,573794
Sep-2026,MAMU PALOPO,OVERSIZE 16S MAMU,OS NAVY V16 PDK L,0,13,0,0,44138,573794,573794
Okt-2026,MAMU PALOPO,OVERSIZE 16S MAMU,OS NAVY V16 PDK L,0,13,0,0,44138,573794,573794
Agu-2026,MAMU PALOPO,OVERSIZE 16S MAMU,OS NAVY V16 PDK M,0,3,0,0,44104,132312,0
Sep-2026,MAMU PALOPO,OVERSIZE 16S MAMU,OS NAVY V16 PDK M,0,3,0,0,44104,132312,132312
Okt-2026,MAMU PALOPO,OVERSIZE 16S MAMU,OS NAVY V16 PDK M,0,7,0,0,44104,308728,132312
Agu-2026,MAMU PALOPO,OVERSIZE 16S MAMU,OS NAVY V16 PDK S,44738,2,0,0,44106,88212,0
Sep-2026,MAMU PALOPO,OVERSIZE 16S MAMU,OS NAVY V16 PDK S,0,3,0,0,44106,132318,88212
Okt-2026,MAMU PALOPO,OVERSIZE 16S MAMU,OS NAVY V16 PDK S,0,4,0,0,44106,176424,132318
Jan-2026,MAMU PALOPO,OVERSIZE 16S MAMU,OS NAVY V16 PDK XL,0,15,0,0,44504,667560,0
Feb-2026,MAMU PALOPO,OVERSIZE 16S MAMU,OS NAVY V16 PDK XL,0,15,0,0,44504,667560,667560
Mar-2026,MAMU PALOPO,OVERSIZE 16S MAMU,OS NAVY V16 PDK XL,0,13,0,0,44504,578552,667560
Apr-2026,MAMU PALOPO,OVERSIZE 16S MAMU,OS NAVY V16 PDK XL,0,13,0,0,44113,573469,578552
Mei-2026,MAMU PALOPO,OVERSIZE 16S MAMU,OS NAVY V16 PDK XL,0,13,0,0,44177,574301,573469
Jun-2026,MAMU PALOPO,OVERSIZE 16S MAMU,OS NAVY V16 PDK XL,0,13,0,0,44177,574301,574301
Jul-2026,MAMU PALOPO,OVERSIZE 16S MAMU,OS NAVY V16 PDK XL,44504,12,0,0,44177,530124,574301
Agu-2026,MAMU PALOPO,OVERSIZE 16S MAMU,OS NAVY V16 PDK XL,0,12,0,0,44177,530124,530124
Sep-2026,MAMU PALOPO,OVERSIZE 16S MAMU,OS NAVY V16 PDK XL,44504,11,0,0,44177,485947,530124
Okt-2026,MAMU PALOPO,OVERSIZE 16S MAMU,OS NAVY V16 PDK XL,0,11,0,0,44177,485947,485947
Jan-2026,MAMU PALOPO,OVERSIZE 16S MAMU,OS ORANGE BATA V16 PDK L,0,40,0,0,44076,1763040,0
Feb-2026,MAMU PALOPO,OVERSIZE 16S MAMU,OS ORANGE BATA V16 PDK L,0,40,0,0,44076,1763040,1763040
Mar-2026,MAMU PALOPO,OVERSIZE 16S MAMU,OS ORANGE BATA V16 PDK L,0,15,0,0,44077,661155,1763040
Apr-2026,MAMU PALOPO,OVERSIZE 16S MAMU,OS ORANGE BATA V16 PDK L,0,15,0,0,44077,661155,661155
Mei-2026,MAMU PALOPO,OVERSIZE 16S MAMU,OS ORANGE BATA V16 PDK L,44077,14,0,0,44077,617078,661155
Jun-2026,MAMU PALOPO,OVERSIZE 16S MAMU,OS ORANGE BATA V16 PDK L,0,14,0,0,44077,617078,617078
Jul-2026,MAMU PALOPO,OVERSIZE 16S MAMU,OS ORANGE BATA V16 PDK L,0,14,0,0,44077,617078,617078
Agu-2026,MAMU PALOPO,OVERSIZE 16S MAMU,OS ORANGE BATA V16 PDK L,0,14,0,0,44077,617078,617078
Sep-2026,MAMU PALOPO,OVERSIZE 16S MAMU,OS ORANGE BATA V16 PDK L,0,14,0,0,44077,617078,617078
Okt-2026,MAMU PALOPO,OVERSIZE 16S MAMU,OS ORANGE BATA V16 PDK L,0,14,0,0,44077,617078,617078
Jan-2026,MAMU PALOPO,OVERSIZE 16S MAMU,OS ORANGE BATA V16 PDK M,0,25,0,0,44983,1124575,0
Feb-2026,MAMU PALOPO,OVERSIZE 16S MAMU,OS ORANGE BATA V16 PDK M,0,25,0,0,44983,1124575,1124575
Mar-2026,MAMU PALOPO,OVERSIZE 16S MAMU,OS ORANGE BATA V16 PDK M,0,13,0,0,44983,584779,1124575
Apr-2026,MAMU PALOPO,OVERSIZE 16S MAMU,OS ORANGE BATA V16 PDK M,0,13,0,0,44983,584779,584779
Mei-2026,MAMU PALOPO,OVERSIZE 16S MAMU,OS ORANGE BATA V16 PDK M,0,13,0,0,44983,584779,584779
Jun-2026,MAMU PALOPO,OVERSIZE 16S MAMU,OS ORANGE BATA V16 PDK M,0,13,0,0,44983,584779,584779
Jul-2026,MAMU PALOPO,OVERSIZE 16S MAMU,OS ORANGE BATA V16 PDK M,0,13,0,0,44983,584779,584779
Agu-2026,MAMU PALOPO,OVERSIZE 16S MAMU,OS ORANGE BATA V16 PDK M,0,13,0,0,44983,584779,584779
Sep-2026,MAMU PALOPO,OVERSIZE 16S MAMU,OS ORANGE BATA V16 PDK M,44983,13,0,0,44983,584779,584779
Okt-2026,MAMU PALOPO,OVERSIZE 16S MAMU,OS ORANGE BATA V16 PDK M,0,12,0,0,44983,539796,584779
Jan-2026,MAMU PALOPO,OVERSIZE 16S MAMU,OS ORANGE BATA V16 PDK S,0,6,0,0,43975,263850,0
Feb-2026,MAMU PALOPO,OVERSIZE 16S MAMU,OS ORANGE BATA V16 PDK S,0,6,0,0,43975,263850,263850
Mar-2026,MAMU PALOPO,OVERSIZE 16S MAMU,OS ORANGE BATA V16 PDK S,0,5,0,0,43975,219875,263850
Apr-2026,MAMU PALOPO,OVERSIZE 16S MAMU,OS ORANGE BATA V16 PDK S,0,5,0,0,43975,219875,219875
Mei-2026,MAMU PALOPO,OVERSIZE 16S MAMU,OS ORANGE BATA V16 PDK S,0,5,0,0,43975,219875,219875
Jun-2026,MAMU PALOPO,OVERSIZE 16S MAMU,OS ORANGE BATA V16 PDK S,0,5,0,0,43975,219875,219875
Jul-2026,MAMU PALOPO,OVERSIZE 16S MAMU,OS ORANGE BATA V16 PDK S,0,5,0,0,43975,219875,219875
Agu-2026,MAMU PALOPO,OVERSIZE 16S MAMU,OS ORANGE BATA V16 PDK S,0,5,0,0,43975,219875,219875
Sep-2026,MAMU PALOPO,OVERSIZE 16S MAMU,OS ORANGE BATA V16 PDK S,0,5,0,0,43975,219875,219875
Okt-2026,MAMU PALOPO,OVERSIZE 16S MAMU,OS ORANGE BATA V16 PDK S,0,5,0,0,43975,219875,219875
Jan-2026,MAMU PALOPO,OVERSIZE 16S MAMU,OS ORANGE BATA V16 PDK XL,0,23,0,0,44616,1026168,0
Feb-2026,MAMU PALOPO,OVERSIZE 16S MAMU,OS ORANGE BATA V16 PDK XL,0,23,0,0,44616,1026168,1026168
Mar-2026,MAMU PALOPO,OVERSIZE 16S MAMU,OS ORANGE BATA V16 PDK XL,0,15,0,0,44622,669330,1026168
Apr-2026,MAMU PALOPO,OVERSIZE 16S MAMU,OS ORANGE BATA V16 PDK XL,0,15,0,0,44622,669330,669330
Mei-2026,MAMU PALOPO,OVERSIZE 16S MAMU,OS ORANGE BATA V16 PDK XL,44622,14,0,0,44622,624708,669330
Jun-2026,MAMU PALOPO,OVERSIZE 16S MAMU,OS ORANGE BATA V16 PDK XL,0,14,0,0,44622,624708,624708
Jul-2026,MAMU PALOPO,OVERSIZE 16S MAMU,OS ORANGE BATA V16 PDK XL,0,14,0,0,44622,624708,624708
Agu-2026,MAMU PALOPO,OVERSIZE 16S MAMU,OS ORANGE BATA V16 PDK XL,0,14,0,0,44622,624708,624708
Sep-2026,MAMU PALOPO,OVERSIZE 16S MAMU,OS ORANGE BATA V16 PDK XL,0,14,0,0,44622,624708,624708
Okt-2026,MAMU PALOPO,OVERSIZE 16S MAMU,OS ORANGE BATA V16 PDK XL,0,14,0,0,44622,624708,624708
Jan-2026,MAMU PALOPO,OVERSIZE 16S MAMU,OS PUTIH NETRAL V16 PDK 2XL,50586,0,0,0,50586,0,0
Jan-2026,MAMU PALOPO,OVERSIZE 16S MAMU,OS PUTIH NETRAL V16 PDK L,93294,3,0,0,46647,139941,0
Feb-2026,MAMU PALOPO,OVERSIZE 16S MAMU,OS PUTIH NETRAL V16 PDK L,0,3,0,0,46647,139941,139941
Mar-2026,MAMU PALOPO,OVERSIZE 16S MAMU,OS PUTIH NETRAL V16 PDK L,139941,0,0,0,46647,0,139941
Agu-2026,MAMU PALOPO,OVERSIZE 16S MAMU,OS PUTIH NETRAL V16 PDK L,0,4,0,0,40155,160620,0
Sep-2026,MAMU PALOPO,OVERSIZE 16S MAMU,OS PUTIH NETRAL V16 PDK L,160620,0,0,0,46647,0,160620
Jan-2026,MAMU PALOPO,OVERSIZE 16S MAMU,OS PUTIH NETRAL V16 PDK M,41472,8,0,0,50586,404688,0
Feb-2026,MAMU PALOPO,OVERSIZE 16S MAMU,OS PUTIH NETRAL V16 PDK M,41472,7,0,0,50586,354102,404688
Mar-2026,MAMU PALOPO,OVERSIZE 16S MAMU,OS PUTIH NETRAL V16 PDK M,165888,2,0,0,40043,80086,354102
Apr-2026,MAMU PALOPO,OVERSIZE 16S MAMU,OS PUTIH NETRAL V16 PDK M,82944,0,0,0,50586,0,80086
Agu-2026,MAMU PALOPO,OVERSIZE 16S MAMU,OS PUTIH NETRAL V16 PDK M,40042,4,1,0,40042,200210,0
Sep-2026,MAMU PALOPO,OVERSIZE 16S MAMU,OS PUTIH NETRAL V16 PDK M,200210,0,0,0,50586,0,200210
Jan-2026,MAMU PALOPO,OVERSIZE 16S MAMU,OS PUTIH NETRAL V16 PDK S,202344,1,0,0,50586,50586,0
Feb-2026,MAMU PALOPO,OVERSIZE 16S MAMU,OS PUTIH NETRAL V16 PDK S,50586,0,0,0,50586,0,50586
Agu-2026,MAMU PALOPO,OVERSIZE 16S MAMU,OS PUTIH NETRAL V16 PDK S,200185,2,0,0,40037,80074,0
Sep-2026,MAMU PALOPO,OVERSIZE 16S MAMU,OS PUTIH NETRAL V16 PDK S,0,5,0,0,40037,200185,80074
Okt-2026,MAMU PALOPO,OVERSIZE 16S MAMU,OS PUTIH NETRAL V16 PDK S,0,5,0,0,40037,200185,200185
Jan-2026,MAMU PALOPO,OVERSIZE 16S MAMU,OS PUTIH NETRAL V16 PDK XL,123849,6,0,0,50586,303516,0
Feb-2026,MAMU PALOPO,OVERSIZE 16S MAMU,OS PUTIH NETRAL V16 PDK XL,41283,5,0,0,50586,252930,303516
Mar-2026,MAMU PALOPO,OVERSIZE 16S MAMU,OS PUTIH NETRAL V16 PDK XL,41283,4,0,0,40086,160344,252930
Apr-2026,MAMU PALOPO,OVERSIZE 16S MAMU,OS PUTIH NETRAL V16 PDK XL,41283,3,0,0,40084,120252,160344
Mei-2026,MAMU PALOPO,OVERSIZE 16S MAMU,OS PUTIH NETRAL V16 PDK XL,0,3,0,0,40084,120252,120252
Jun-2026,MAMU PALOPO,OVERSIZE 16S MAMU,OS PUTIH NETRAL V16 PDK XL,0,3,0,0,40084,120252,120252
Jul-2026,MAMU PALOPO,OVERSIZE 16S MAMU,OS PUTIH NETRAL V16 PDK XL,0,3,0,0,40084,120252,120252
Agu-2026,MAMU PALOPO,OVERSIZE 16S MAMU,OS PUTIH NETRAL V16 PDK XL,0,3,0,0,40084,120252,120252
Sep-2026,MAMU PALOPO,OVERSIZE 16S MAMU,OS PUTIH NETRAL V16 PDK XL,0,3,0,0,40084,120252,120252
Okt-2026,MAMU PALOPO,OVERSIZE 16S MAMU,OS PUTIH NETRAL V16 PDK XL,41283,2,0,0,40084,80168,120252
Jan-2026,MAMU TSM,OVERSIZE 16S MAMU,OS ARMY GREEN V16 PDK L,431310,2,0,0,43131,86262,0
Feb-2026,MAMU TSM,OVERSIZE 16S MAMU,OS ARMY GREEN V16 PDK L,43131,2,0,0,43131,86262,86262
Mar-2026,MAMU TSM,OVERSIZE 16S MAMU,OS ARMY GREEN V16 PDK L,86262,0,0,0,43131,0,86262
Jan-2026,MAMU TSM,OVERSIZE 16S MAMU,OS ARMY GREEN V16 PDK XL,88952,2,0,0,44476,88952,0
Feb-2026,MAMU TSM,OVERSIZE 16S MAMU,OS ARMY GREEN V16 PDK XL,88952,0,0,0,44476,0,88952
Jan-2026,MAMU TSM,OVERSIZE 16S MAMU,OS COKLAT SUSU V16 PDK XL,0,2,0,0,42725,85450,0
Feb-2026,MAMU TSM,OVERSIZE 16S MAMU,OS COKLAT SUSU V16 PDK XL,85450,0,0,0,42725,0,85450
Apr-2026,MAMU TSM,OVERSIZE 16S MAMU,OS DENIM BLUE V16 PDK L,0,10,0,0,38625,386250,0
Mei-2026,MAMU TSM,OVERSIZE 16S MAMU,OS DENIM BLUE V16 PDK L,0,10,0,0,38821,388210,386250
Jun-2026,MAMU TSM,OVERSIZE 16S MAMU,OS DENIM BLUE V16 PDK L,0,0,0,0,38821,0,388210
Mar-2026,MAMU TSM,OVERSIZE 16S MAMU,OS DENIM BLUE V16 PDK M,38447,3,0,0,38447,115341,0
Apr-2026,MAMU TSM,OVERSIZE 16S MAMU,OS DENIM BLUE V16 PDK M,0,0,0,0,38447,0,115341
Mar-2026,MAMU TSM,OVERSIZE 16S MAMU,OS DENIM BLUE V16 PDK S,0,3,0,0,38447,115341,0
Apr-2026,MAMU TSM,OVERSIZE 16S MAMU,OS DENIM BLUE V16 PDK S,76894,10,0,0,38447,384470,115341
Mei-2026,MAMU TSM,OVERSIZE 16S MAMU,OS DENIM BLUE V16 PDK S,0,10,0,0,38550,385500,384470
Jun-2026,MAMU TSM,OVERSIZE 16S MAMU,OS DENIM BLUE V16 PDK S,0,0,0,0,38550,0,385500
Jan-2026,MAMU TSM,OVERSIZE 16S MAMU,OS DENIM BLUE V16 PDK XL,83736,2,0,0,41868,83736,0
Feb-2026,MAMU TSM,OVERSIZE 16S MAMU,OS DENIM BLUE V16 PDK XL,83736,1,0,0,41868,41868,83736
Mar-2026,MAMU TSM,OVERSIZE 16S MAMU,OS DENIM BLUE V16 PDK XL,41868,0,0,0,41868,0,41868
Apr-2026,MAMU TSM,OVERSIZE 16S MAMU,OS DENIM BLUE V16 PDK XL,0,1,0,0,41868,41868,0
Mei-2026,MAMU TSM,OVERSIZE 16S MAMU,OS DENIM BLUE V16 PDK XL,0,1,0,0,41868,41868,41868
Jun-2026,MAMU TSM,OVERSIZE 16S MAMU,OS DENIM BLUE V16 PDK XL,0,0,0,0,41868,0,41868
Apr-2026,MAMU TSM,OVERSIZE 16S MAMU,OS JET BLACK V16 PDK 2XL,0,9,0,0,45054,405486,0
Mei-2026,MAMU TSM,OVERSIZE 16S MAMU,OS JET BLACK V16 PDK 2XL,0,9,0,0,45054,405486,405486
Jun-2026,MAMU TSM,OVERSIZE 16S MAMU,OS JET BLACK V16 PDK 2XL,0,0,0,0,45054,0,405486
Jan-2026,MAMU TSM,OVERSIZE 16S MAMU,OS JET BLACK V16 PDK L,133361,0,0,0,44390,0,0
Apr-2026,MAMU TSM,OVERSIZE 16S MAMU,OS JET BLACK V16 PDK L,0,10,0,0,45040,450400,0
Mei-2026,MAMU TSM,OVERSIZE 16S MAMU,OS JET BLACK V16 PDK L,45040,9,0,0,45040,405360,450400
Jun-2026,MAMU TSM,OVERSIZE 16S MAMU,OS JET BLACK V16 PDK L,0,0,0,0,45040,0,405360
Jan-2026,MAMU TSM,OVERSIZE 16S MAMU,OS JET BLACK V16 PDK M,267364,2,0,0,44390,88780,0
Feb-2026,MAMU TSM,OVERSIZE 16S MAMU,OS JET BLACK V16 PDK M,89064,2,0,0,44390,88780,88780
Mar-2026,MAMU TSM,OVERSIZE 16S MAMU,OS JET BLACK V16 PDK M,178840,1,0,0,44888,44888,88780
Apr-2026,MAMU TSM,OVERSIZE 16S MAMU,OS JET BLACK V16 PDK M,89776,10,0,0,44890,448900,44888
Mei-2026,MAMU TSM,OVERSIZE 16S MAMU,OS JET BLACK V16 PDK M,0,10,0,0,44890,448900,448900
Jun-2026,MAMU TSM,OVERSIZE 16S MAMU,OS JET BLACK V16 PDK M,0,0,0,0,44890,0,448900
Jan-2026,MAMU TSM,OVERSIZE 16S MAMU,OS JET BLACK V16 PDK S,311626,0,0,0,44390,0,0
Feb-2026,MAMU TSM,OVERSIZE 16S MAMU,OS JET BLACK V16 PDK S,0,2,0,0,44390,88780,0
Mar-2026,MAMU TSM,OVERSIZE 16S MAMU,OS JET BLACK V16 PDK S,447250,3,0,0,44946,134838,88780
Apr-2026,MAMU TSM,OVERSIZE 16S MAMU,OS JET BLACK V16 PDK S,134838,10,0,0,44946,449460,134838
Mei-2026,MAMU TSM,OVERSIZE 16S MAMU,OS JET BLACK V16 PDK S,0,10,0,0,44946,449460,449460
Jun-2026,MAMU TSM,OVERSIZE 16S MAMU,OS JET BLACK V16 PDK S,0,0,0,0,44946,0,449460
Jan-2026,MAMU TSM,OVERSIZE 16S MAMU,OS JET BLACK V16 PDK XL,177560,0,0,0,44390,0,0
Apr-2026,MAMU TSM,OVERSIZE 16S MAMU,OS JET BLACK V16 PDK XL,0,1,0,0,45054,45054,0
Mei-2026,MAMU TSM,OVERSIZE 16S MAMU,OS JET BLACK V16 PDK XL,0,1,0,0,45054,45054,45054
Jun-2026,MAMU TSM,OVERSIZE 16S MAMU,OS JET BLACK V16 PDK XL,0,0,0,0,45054,0,45054
Jan-2026,MAMU TSM,OVERSIZE 16S MAMU,OS LIGHT BROWN V16 PDK L,313808,0,0,0,39226,0,0
Apr-2026,MAMU TSM,OVERSIZE 16S MAMU,OS LIGHT BROWN V16 PDK L,0,10,0,0,38902,389020,0
Mei-2026,MAMU TSM,OVERSIZE 16S MAMU,OS LIGHT BROWN V16 PDK L,0,10,0,0,38939,389390,389020
Jun-2026,MAMU TSM,OVERSIZE 16S MAMU,OS LIGHT BROWN V16 PDK L,0,0,0,0,38939,0,389390
Apr-2026,MAMU TSM,OVERSIZE 16S MAMU,OS LIGHT BROWN V16 PDK M,0,10,0,0,38905,389050,0
Mei-2026,MAMU TSM,OVERSIZE 16S MAMU,OS LIGHT BROWN V16 PDK M,0,10,0,0,38905,389050,389050
Jun-2026,MAMU TSM,OVERSIZE 16S MAMU,OS LIGHT BROWN V16 PDK M,0,0,0,0,38905,0,389050
Apr-2026,MAMU TSM,OVERSIZE 16S MAMU,OS LIGHT BROWN V16 PDK S,0,10,0,0,38893,388930,0
Mei-2026,MAMU TSM,OVERSIZE 16S MAMU,OS LIGHT BROWN V16 PDK S,0,10,0,0,38965,389650,388930
Jun-2026,MAMU TSM,OVERSIZE 16S MAMU,OS LIGHT BROWN V16 PDK S,0,0,0,0,38965,0,389650
Jan-2026,MAMU TSM,OVERSIZE 16S MAMU,OS MINERAL GREEN V16 PDK L,126252,1,0,0,42084,42084,0
Feb-2026,MAMU TSM,OVERSIZE 16S MAMU,OS MINERAL GREEN V16 PDK L,84168,2,0,0,42084,84168,42084
Mar-2026,MAMU TSM,OVERSIZE 16S MAMU,OS MINERAL GREEN V16 PDK L,168336,0,0,0,42084,0,84168
Apr-2026,MAMU TSM,OVERSIZE 16S MAMU,OS MINERAL GREEN V16 PDK L,0,10,0,0,40339,403390,0
Mei-2026,MAMU TSM,OVERSIZE 16S MAMU,OS MINERAL GREEN V16 PDK L,0,10,0,0,40339,403390,403390
Jun-2026,MAMU TSM,OVERSIZE 16S MAMU,OS MINERAL GREEN V16 PDK L,0,0,0,0,40339,0,403390
Apr-2026,MAMU TSM,OVERSIZE 16S MAMU,OS MINERAL GREEN V16 PDK M,0,10,0,0,40374,403740,0
Mei-2026,MAMU TSM,OVERSIZE 16S MAMU,OS MINERAL GREEN V16 PDK M,0,10,0,0,40407,404070,403740
Jun-2026,MAMU TSM,OVERSIZE 16S MAMU,OS MINERAL GREEN V16 PDK M,0,0,0,0,40407,0,404070
Apr-2026,MAMU TSM,OVERSIZE 16S MAMU,OS MINERAL GREEN V16 PDK S,0,10,0,0,40339,403390,0
Mei-2026,MAMU TSM,OVERSIZE 16S MAMU,OS MINERAL GREEN V16 PDK S,0,10,0,0,40376,403760,403390
Jun-2026,MAMU TSM,OVERSIZE 16S MAMU,OS MINERAL GREEN V16 PDK S,0,0,0,0,40376,0,403760
Jan-2026,MAMU TSM,OVERSIZE 16S MAMU,OS MINERAL GREEN V16 PDK XL,83572,3,0,0,41786,125358,0
Feb-2026,MAMU TSM,OVERSIZE 16S MAMU,OS MINERAL GREEN V16 PDK XL,125358,1,0,0,41786,41786,125358
Mar-2026,MAMU TSM,OVERSIZE 16S MAMU,OS MINERAL GREEN V16 PDK XL,41786,0,0,0,41786,0,41786
Apr-2026,MAMU TSM,OVERSIZE 16S MAMU,OS NAVY V16 PDK 2XL,0,10,0,0,44097,440970,0
Mei-2026,MAMU TSM,OVERSIZE 16S MAMU,OS NAVY V16 PDK 2XL,0,10,0,0,44097,440970,440970
Jun-2026,MAMU TSM,OVERSIZE 16S MAMU,OS NAVY V16 PDK 2XL,0,0,0,0,44097,0,440970
Apr-2026,MAMU TSM,OVERSIZE 16S MAMU,OS NAVY V16 PDK L,0,10,0,0,44121,441210,0
Mei-2026,MAMU TSM,OVERSIZE 16S MAMU,OS NAVY V16 PDK L,44138,9,0,0,44138,397242,441210
Jun-2026,MAMU TSM,OVERSIZE 16S MAMU,OS NAVY V16 PDK L,0,0,0,0,44138,0,397242
Apr-2026,MAMU TSM,OVERSIZE 16S MAMU,OS NAVY V16 PDK M,0,10,0,0,44100,441000,0
Mei-2026,MAMU TSM,OVERSIZE 16S MAMU,OS NAVY V16 PDK M,0,10,0,0,44104,441040,441000
Jun-2026,MAMU TSM,OVERSIZE 16S MAMU,OS NAVY V16 PDK M,0,0,0,0,44104,0,441040
Apr-2026,MAMU TSM,OVERSIZE 16S MAMU,OS NAVY V16 PDK S,0,10,0,0,44100,441000,0
Mei-2026,MAMU TSM,OVERSIZE 16S MAMU,OS NAVY V16 PDK S,0,10,0,0,44106,441060,441000
Jun-2026,MAMU TSM,OVERSIZE 16S MAMU,OS NAVY V16 PDK S,0,0,0,0,44106,0,441060
Apr-2026,MAMU TSM,OVERSIZE 16S MAMU,OS NAVY V16 PDK XL,0,10,0,0,44113,441130,0
Mei-2026,MAMU TSM,OVERSIZE 16S MAMU,OS NAVY V16 PDK XL,44177,9,0,0,44177,397593,441130
Jun-2026,MAMU TSM,OVERSIZE 16S MAMU,OS NAVY V16 PDK XL,0,0,0,0,44177,0,397593
Jan-2026,MAMU TSM,OVERSIZE 16S MAMU,OS ORANGE BATA V16 PDK L,176308,0,0,0,44076,0,0
Feb-2026,MAMU TSM,OVERSIZE 16S MAMU,OS ORANGE BATA V16 PDK L,44077,2,0,0,44076,88152,0
Mar-2026,MAMU TSM,OVERSIZE 16S MAMU,OS ORANGE BATA V16 PDK L,176308,2,0,0,44077,88154,88152
Apr-2026,MAMU TSM,OVERSIZE 16S MAMU,OS ORANGE BATA V16 PDK L,0,0,0,0,44076,0,88154
Apr-2026,MAMU TSM,OVERSIZE 16S MAMU,OS ORANGE BATA V16 PDK M,0,1,0,0,44983,44983,0
Mei-2026,MAMU TSM,OVERSIZE 16S MAMU,OS ORANGE BATA V16 PDK M,0,1,0,0,44983,44983,44983
Jun-2026,MAMU TSM,OVERSIZE 16S MAMU,OS ORANGE BATA V16 PDK M,0,0,0,0,44983,0,44983
Jan-2026,MAMU TSM,OVERSIZE 16S MAMU,OS ORANGE BATA V16 PDK XL,44621,5,0,0,44616,223080,0
Feb-2026,MAMU TSM,OVERSIZE 16S MAMU,OS ORANGE BATA V16 PDK XL,89242,1,0,0,44616,44616,223080
Mar-2026,MAMU TSM,OVERSIZE 16S MAMU,OS ORANGE BATA V16 PDK XL,133863,2,0,0,44622,89244,44616
Apr-2026,MAMU TSM,OVERSIZE 16S MAMU,OS ORANGE BATA V16 PDK XL,0,0,0,0,44622,0,89244
Jan-2026,MAMU TSM,OVERSIZE 16S MAMU,OS PUTIH NETRAL V16 PDK 2XL,50586,0,0,0,50586,0,0
Apr-2026,MAMU TSM,OVERSIZE 16S MAMU,OS PUTIH NETRAL V16 PDK 2XL,0,6,0,0,40037,240222,0
Mei-2026,MAMU TSM,OVERSIZE 16S MAMU,OS PUTIH NETRAL V16 PDK 2XL,0,6,0,0,40037,240222,240222
Jun-2026,MAMU TSM,OVERSIZE 16S MAMU,OS PUTIH NETRAL V16 PDK 2XL,0,0,0,0,40037,0,240222
Jan-2026,MAMU TSM,OVERSIZE 16S MAMU,OS PUTIH NETRAL V16 PDK L,48612,0,0,0,46647,0,0
Feb-2026,MAMU TSM,OVERSIZE 16S MAMU,OS PUTIH NETRAL V16 PDK L,47037,0,0,0,46647,0,0
Mar-2026,MAMU TSM,OVERSIZE 16S MAMU,OS PUTIH NETRAL V16 PDK L,80074,1,0,0,40163,40163,0
Apr-2026,MAMU TSM,OVERSIZE 16S MAMU,OS PUTIH NETRAL V16 PDK L,40037,10,0,0,40155,401550,40163
Mei-2026,MAMU TSM,OVERSIZE 16S MAMU,OS PUTIH NETRAL V16 PDK L,0,10,0,0,40155,401550,401550
Jun-2026,MAMU TSM,OVERSIZE 16S MAMU,OS PUTIH NETRAL V16 PDK L,0,0,0,0,40155,0,401550
Mar-2026,MAMU TSM,OVERSIZE 16S MAMU,OS PUTIH NETRAL V16 PDK M,120129,0,0,0,50586,0,0
Apr-2026,MAMU TSM,OVERSIZE 16S MAMU,OS PUTIH NETRAL V16 PDK M,40043,10,0,0,40042,400420,0
Mei-2026,MAMU TSM,OVERSIZE 16S MAMU,OS PUTIH NETRAL V16 PDK M,0,10,0,0,40042,400420,400420
Jun-2026,MAMU TSM,OVERSIZE 16S MAMU,OS PUTIH NETRAL V16 PDK M,0,0,0,0,40042,0,400420
Apr-2026,MAMU TSM,OVERSIZE 16S MAMU,OS PUTIH NETRAL V16 PDK S,0,10,0,0,40037,400370,0
Mei-2026,MAMU TSM,OVERSIZE 16S MAMU,OS PUTIH NETRAL V16 PDK S,0,10,0,0,40037,400370,400370
Jun-2026,MAMU TSM,OVERSIZE 16S MAMU,OS PUTIH NETRAL V16 PDK S,0,0,0,0,40037,0,400370
Feb-2026,MAMU TSM,OVERSIZE 16S MAMU,OS PUTIH NETRAL V16 PDK XL,87218,0,0,0,50586,0,0
Apr-2026,MAMU TSM,OVERSIZE 16S MAMU,OS PUTIH NETRAL V16 PDK XL,0,1,0,0,40084,40084,0
Mei-2026,MAMU TSM,OVERSIZE 16S MAMU,OS PUTIH NETRAL V16 PDK XL,0,1,0,0,40084,40084,40084
Jun-2026,MAMU TSM,OVERSIZE 16S MAMU,OS PUTIH NETRAL V16 PDK XL,0,0,0,0,40084,0,40084
Jan-2026,TIGALAPANKAOS BONE,OVERSIZE 16S MAMU,OS ARMY GREEN V16 PDK 2XL,0,2,0,0,45084,90168,0
Feb-2026,TIGALAPANKAOS BONE,OVERSIZE 16S MAMU,OS ARMY GREEN V16 PDK 2XL,0,2,0,0,45084,90168,90168
Mar-2026,TIGALAPANKAOS BONE,OVERSIZE 16S MAMU,OS ARMY GREEN V16 PDK 2XL,0,2,0,0,45084,90168,90168
Apr-2026,TIGALAPANKAOS BONE,OVERSIZE 16S MAMU,OS ARMY GREEN V16 PDK 2XL,45084,1,0,0,45084,45084,90168
Mei-2026,TIGALAPANKAOS BONE,OVERSIZE 16S MAMU,OS ARMY GREEN V16 PDK 2XL,0,1,0,0,45084,45084,45084
Jun-2026,TIGALAPANKAOS BONE,OVERSIZE 16S MAMU,OS ARMY GREEN V16 PDK 2XL,0,1,0,0,45084,45084,45084
Jul-2026,TIGALAPANKAOS BONE,OVERSIZE 16S MAMU,OS ARMY GREEN V16 PDK 2XL,0,1,0,0,45084,45084,45084
Agu-2026,TIGALAPANKAOS BONE,OVERSIZE 16S MAMU,OS ARMY GREEN V16 PDK 2XL,0,1,0,0,45084,45084,45084
Sep-2026,TIGALAPANKAOS BONE,OVERSIZE 16S MAMU,OS ARMY GREEN V16 PDK 2XL,0,1,0,0,45084,45084,45084
Okt-2026,TIGALAPANKAOS BONE,OVERSIZE 16S MAMU,OS ARMY GREEN V16 PDK 2XL,0,1,0,0,45084,45084,45084
Jan-2026,TIGALAPANKAOS BONE,OVERSIZE 16S MAMU,OS ARMY GREEN V16 PDK L,0,13,0,0,43131,560703,0
Feb-2026,TIGALAPANKAOS BONE,OVERSIZE 16S MAMU,OS ARMY GREEN V16 PDK L,0,13,0,0,43131,560703,560703
Mar-2026,TIGALAPANKAOS BONE,OVERSIZE 16S MAMU,OS ARMY GREEN V16 PDK L,43131,12,0,0,43131,517572,560703
Apr-2026,TIGALAPANKAOS BONE,OVERSIZE 16S MAMU,OS ARMY GREEN V16 PDK L,0,12,0,0,43131,517572,517572
Mei-2026,TIGALAPANKAOS BONE,OVERSIZE 16S MAMU,OS ARMY GREEN V16 PDK L,0,12,0,0,43131,517572,517572
Jun-2026,TIGALAPANKAOS BONE,OVERSIZE 16S MAMU,OS ARMY GREEN V16 PDK L,0,12,0,0,43131,517572,517572
Jul-2026,TIGALAPANKAOS BONE,OVERSIZE 16S MAMU,OS ARMY GREEN V16 PDK L,86262,11,0,0,43131,474441,517572
Agu-2026,TIGALAPANKAOS BONE,OVERSIZE 16S MAMU,OS ARMY GREEN V16 PDK L,0,10,0,0,43131,431310,474441
Sep-2026,TIGALAPANKAOS BONE,OVERSIZE 16S MAMU,OS ARMY GREEN V16 PDK L,0,10,0,0,43131,431310,431310
Okt-2026,TIGALAPANKAOS BONE,OVERSIZE 16S MAMU,OS ARMY GREEN V16 PDK L,0,10,0,0,43131,431310,431310
Jan-2026,TIGALAPANKAOS BONE,OVERSIZE 16S MAMU,OS ARMY GREEN V16 PDK M,44081,3,0,0,44081,132243,0
Feb-2026,TIGALAPANKAOS BONE,OVERSIZE 16S MAMU,OS ARMY GREEN V16 PDK M,0,3,0,0,44081,132243,132243
Mar-2026,TIGALAPANKAOS BONE,OVERSIZE 16S MAMU,OS ARMY GREEN V16 PDK M,88162,1,0,0,44081,44081,132243
Apr-2026,TIGALAPANKAOS BONE,OVERSIZE 16S MAMU,OS ARMY GREEN V16 PDK M,0,1,0,0,44081,44081,44081
Mei-2026,TIGALAPANKAOS BONE,OVERSIZE 16S MAMU,OS ARMY GREEN V16 PDK M,0,1,0,0,44081,44081,44081
Jun-2026,TIGALAPANKAOS BONE,OVERSIZE 16S MAMU,OS ARMY GREEN V16 PDK M,0,1,0,0,44081,44081,44081
Jul-2026,TIGALAPANKAOS BONE,OVERSIZE 16S MAMU,OS ARMY GREEN V16 PDK M,0,1,0,0,44081,44081,44081
Agu-2026,TIGALAPANKAOS BONE,OVERSIZE 16S MAMU,OS ARMY GREEN V16 PDK M,44081,0,0,0,44081,0,44081
Feb-2026,TIGALAPANKAOS BONE,OVERSIZE 16S MAMU,OS ARMY GREEN V16 PDK S,0,3,0,0,46697,140091,0
Mar-2026,TIGALAPANKAOS BONE,OVERSIZE 16S MAMU,OS ARMY GREEN V16 PDK S,0,0,0,0,46697,0,140091
Jan-2026,TIGALAPANKAOS BONE,OVERSIZE 16S MAMU,OS ARMY GREEN V16 PDK XL,0,5,0,0,44476,222380,0
Feb-2026,TIGALAPANKAOS BONE,OVERSIZE 16S MAMU,OS ARMY GREEN V16 PDK XL,0,5,0,0,44476,222380,222380
Mar-2026,TIGALAPANKAOS BONE,OVERSIZE 16S MAMU,OS ARMY GREEN V16 PDK XL,0,5,0,0,44476,222380,222380
Apr-2026,TIGALAPANKAOS BONE,OVERSIZE 16S MAMU,OS ARMY GREEN V16 PDK XL,0,5,0,0,44476,222380,222380
Mei-2026,TIGALAPANKAOS BONE,OVERSIZE 16S MAMU,OS ARMY GREEN V16 PDK XL,0,5,0,0,44476,222380,222380
Jun-2026,TIGALAPANKAOS BONE,OVERSIZE 16S MAMU,OS ARMY GREEN V16 PDK XL,0,5,0,0,44476,222380,222380
Jul-2026,TIGALAPANKAOS BONE,OVERSIZE 16S MAMU,OS ARMY GREEN V16 PDK XL,44476,5,0,0,44476,222380,222380
Agu-2026,TIGALAPANKAOS BONE,OVERSIZE 16S MAMU,OS ARMY GREEN V16 PDK XL,0,3,0,0,44476,133428,222380
Sep-2026,TIGALAPANKAOS BONE,OVERSIZE 16S MAMU,OS ARMY GREEN V16 PDK XL,0,3,0,0,44476,133428,133428
Okt-2026,TIGALAPANKAOS BONE,OVERSIZE 16S MAMU,OS ARMY GREEN V16 PDK XL,0,3,0,0,44476,133428,133428
Jan-2026,TIGALAPANKAOS BONE,OVERSIZE 16S MAMU,OS COKLAT SUSU V16 PDK 2XL,0,1,0,0,42820,42820,0
Feb-2026,TIGALAPANKAOS BONE,OVERSIZE 16S MAMU,OS COKLAT SUSU V16 PDK 2XL,0,0,0,0,42820,0,42820
Mar-2026,TIGALAPANKAOS BONE,OVERSIZE 16S MAMU,OS COKLAT SUSU V16 PDK 2XL,0,1,0,0,42820,42820,0
Apr-2026,TIGALAPANKAOS BONE,OVERSIZE 16S MAMU,OS COKLAT SUSU V16 PDK 2XL,0,1,0,0,42820,42820,42820
Mei-2026,TIGALAPANKAOS BONE,OVERSIZE 16S MAMU,OS COKLAT SUSU V16 PDK 2XL,0,1,0,0,42820,42820,42820
Jun-2026,TIGALAPANKAOS BONE,OVERSIZE 16S MAMU,OS COKLAT SUSU V16 PDK 2XL,0,1,0,0,42820,42820,42820
Jul-2026,TIGALAPANKAOS BONE,OVERSIZE 16S MAMU,OS COKLAT SUSU V16 PDK 2XL,0,1,0,0,42820,42820,42820
Agu-2026,TIGALAPANKAOS BONE,OVERSIZE 16S MAMU,OS COKLAT SUSU V16 PDK 2XL,0,1,0,0,42820,42820,42820
Sep-2026,TIGALAPANKAOS BONE,OVERSIZE 16S MAMU,OS COKLAT SUSU V16 PDK 2XL,0,1,0,0,42820,42820,42820
Okt-2026,TIGALAPANKAOS BONE,OVERSIZE 16S MAMU,OS COKLAT SUSU V16 PDK 2XL,0,1,0,0,42820,42820,42820
Jan-2026,TIGALAPANKAOS BONE,OVERSIZE 16S MAMU,OS COKLAT SUSU V16 PDK L,0,11,0,0,41667,458337,0
Feb-2026,TIGALAPANKAOS BONE,OVERSIZE 16S MAMU,OS COKLAT SUSU V16 PDK L,0,9,0,0,41667,375003,458337
Mar-2026,TIGALAPANKAOS BONE,OVERSIZE 16S MAMU,OS COKLAT SUSU V16 PDK L,0,10,0,0,41667,416670,375003
Apr-2026,TIGALAPANKAOS BONE,OVERSIZE 16S MAMU,OS COKLAT SUSU V16 PDK L,41667,8,0,0,41667,333336,416670
Mei-2026,TIGALAPANKAOS BONE,OVERSIZE 16S MAMU,OS COKLAT SUSU V16 PDK L,0,8,0,0,41667,333336,333336
Jun-2026,TIGALAPANKAOS BONE,OVERSIZE 16S MAMU,OS COKLAT SUSU V16 PDK L,0,8,0,0,41667,333336,333336
Jul-2026,TIGALAPANKAOS BONE,OVERSIZE 16S MAMU,OS COKLAT SUSU V16 PDK L,41667,8,0,0,41667,333336,333336
Agu-2026,TIGALAPANKAOS BONE,OVERSIZE 16S MAMU,OS COKLAT SUSU V16 PDK L,83334,5,0,0,41667,208335,333336
Sep-2026,TIGALAPANKAOS BONE,OVERSIZE 16S MAMU,OS COKLAT SUSU V16 PDK L,0,5,0,0,41667,208335,208335
Okt-2026,TIGALAPANKAOS BONE,OVERSIZE 16S MAMU,OS COKLAT SUSU V16 PDK L,0,5,0,0,41667,208335,208335
Jan-2026,TIGALAPANKAOS BONE,OVERSIZE 16S MAMU,OS COKLAT SUSU V16 PDK XL,0,8,0,0,42725,341800,0
Feb-2026,TIGALAPANKAOS BONE,OVERSIZE 16S MAMU,OS COKLAT SUSU V16 PDK XL,0,5,0,0,42725,213625,341800
Mar-2026,TIGALAPANKAOS BONE,OVERSIZE 16S MAMU,OS COKLAT SUSU V16 PDK XL,0,8,0,0,42725,341800,213625
Apr-2026,TIGALAPANKAOS BONE,OVERSIZE 16S MAMU,OS COKLAT SUSU V16 PDK XL,42725,7,0,0,42725,299075,341800
Mei-2026,TIGALAPANKAOS BONE,OVERSIZE 16S MAMU,OS COKLAT SUSU V16 PDK XL,0,7,0,0,42725,299075,299075
Jun-2026,TIGALAPANKAOS BONE,OVERSIZE 16S MAMU,OS COKLAT SUSU V16 PDK XL,0,7,0,0,42725,299075,299075
Jul-2026,TIGALAPANKAOS BONE,OVERSIZE 16S MAMU,OS COKLAT SUSU V16 PDK XL,0,7,0,0,42725,299075,299075
Agu-2026,TIGALAPANKAOS BONE,OVERSIZE 16S MAMU,OS COKLAT SUSU V16 PDK XL,42725,7,0,0,42725,299075,299075
Sep-2026,TIGALAPANKAOS BONE,OVERSIZE 16S MAMU,OS COKLAT SUSU V16 PDK XL,0,6,0,0,42725,256350,299075
Okt-2026,TIGALAPANKAOS BONE,OVERSIZE 16S MAMU,OS COKLAT SUSU V16 PDK XL,0,6,0,0,42725,256350,256350
Jan-2026,TIGALAPANKAOS BONE,OVERSIZE 16S MAMU,OS DENIM BLUE V16 PDK 2XL,0,3,0,0,42601,127803,0
Feb-2026,TIGALAPANKAOS BONE,OVERSIZE 16S MAMU,OS DENIM BLUE V16 PDK 2XL,0,3,0,0,42601,127803,127803
Mar-2026,TIGALAPANKAOS BONE,OVERSIZE 16S MAMU,OS DENIM BLUE V16 PDK 2XL,0,3,0,0,42601,127803,127803
Apr-2026,TIGALAPANKAOS BONE,OVERSIZE 16S MAMU,OS DENIM BLUE V16 PDK 2XL,0,3,0,0,42601,127803,127803
Mei-2026,TIGALAPANKAOS BONE,OVERSIZE 16S MAMU,OS DENIM BLUE V16 PDK 2XL,0,3,0,0,42601,127803,127803
Jun-2026,TIGALAPANKAOS BONE,OVERSIZE 16S MAMU,OS DENIM BLUE V16 PDK 2XL,0,3,0,0,42601,127803,127803
Jul-2026,TIGALAPANKAOS BONE,OVERSIZE 16S MAMU,OS DENIM BLUE V16 PDK 2XL,42601,2,0,0,42601,85202,127803
Agu-2026,TIGALAPANKAOS BONE,OVERSIZE 16S MAMU,OS DENIM BLUE V16 PDK 2XL,0,2,0,0,42601,85202,85202
Sep-2026,TIGALAPANKAOS BONE,OVERSIZE 16S MAMU,OS DENIM BLUE V16 PDK 2XL,0,2,0,0,42601,85202,85202
Okt-2026,TIGALAPANKAOS BONE,OVERSIZE 16S MAMU,OS DENIM BLUE V16 PDK 2XL,0,2,0,0,42601,85202,85202
Jan-2026,TIGALAPANKAOS BONE,OVERSIZE 16S MAMU,OS DENIM BLUE V16 PDK L,0,7,0,0,41469,290283,0
Feb-2026,TIGALAPANKAOS BONE,OVERSIZE 16S MAMU,OS DENIM BLUE V16 PDK L,0,7,0,0,41469,290283,290283
Mar-2026,TIGALAPANKAOS BONE,OVERSIZE 16S MAMU,OS DENIM BLUE V16 PDK L,41469,5,0,0,38625,193125,290283
Apr-2026,TIGALAPANKAOS BONE,OVERSIZE 16S MAMU,OS DENIM BLUE V16 PDK L,41469,4,0,0,38625,154500,193125
Mei-2026,TIGALAPANKAOS BONE,OVERSIZE 16S MAMU,OS DENIM BLUE V16 PDK L,41469,3,0,0,38821,116463,154500
Jun-2026,TIGALAPANKAOS BONE,OVERSIZE 16S MAMU,OS DENIM BLUE V16 PDK L,0,3,0,0,38821,116463,116463
Jul-2026,TIGALAPANKAOS BONE,OVERSIZE 16S MAMU,OS DENIM BLUE V16 PDK L,0,3,0,0,38821,116463,116463
Agu-2026,TIGALAPANKAOS BONE,OVERSIZE 16S MAMU,OS DENIM BLUE V16 PDK L,0,3,0,0,38821,116463,116463
Sep-2026,TIGALAPANKAOS BONE,OVERSIZE 16S MAMU,OS DENIM BLUE V16 PDK L,0,11,0,0,38821,427031,116463
Okt-2026,TIGALAPANKAOS BONE,OVERSIZE 16S MAMU,OS DENIM BLUE V16 PDK L,0,11,0,0,38821,427031,427031
Jan-2026,TIGALAPANKAOS BONE,OVERSIZE 16S MAMU,OS DENIM BLUE V16 PDK M,0,3,0,0,41868,125604,0
Feb-2026,TIGALAPANKAOS BONE,OVERSIZE 16S MAMU,OS DENIM BLUE V16 PDK M,0,3,0,0,41868,125604,125604
Mar-2026,TIGALAPANKAOS BONE,OVERSIZE 16S MAMU,OS DENIM BLUE V16 PDK M,0,3,0,0,38447,115341,125604
Apr-2026,TIGALAPANKAOS BONE,OVERSIZE 16S MAMU,OS DENIM BLUE V16 PDK M,41868,2,0,0,38447,76894,115341
Mei-2026,TIGALAPANKAOS BONE,OVERSIZE 16S MAMU,OS DENIM BLUE V16 PDK M,41868,1,0,0,41868,41868,76894
Jun-2026,TIGALAPANKAOS BONE,OVERSIZE 16S MAMU,OS DENIM BLUE V16 PDK M,41868,2,0,0,41868,83736,41868
Jul-2026,TIGALAPANKAOS BONE,OVERSIZE 16S MAMU,OS DENIM BLUE V16 PDK M,0,2,0,0,41868,83736,83736
Agu-2026,TIGALAPANKAOS BONE,OVERSIZE 16S MAMU,OS DENIM BLUE V16 PDK M,0,3,0,0,41868,125604,83736
Sep-2026,TIGALAPANKAOS BONE,OVERSIZE 16S MAMU,OS DENIM BLUE V16 PDK M,0,11,0,0,41868,460548,125604
Okt-2026,TIGALAPANKAOS BONE,OVERSIZE 16S MAMU,OS DENIM BLUE V16 PDK M,0,11,0,0,41868,460548,460548
Mei-2026,TIGALAPANKAOS BONE,OVERSIZE 16S MAMU,OS DENIM BLUE V16 PDK S,0,3,0,0,38550,115650,0
Jun-2026,TIGALAPANKAOS BONE,OVERSIZE 16S MAMU,OS DENIM BLUE V16 PDK S,0,3,0,0,38550,115650,115650
Jul-2026,TIGALAPANKAOS BONE,OVERSIZE 16S MAMU,OS DENIM BLUE V16 PDK S,0,3,0,0,38550,115650,115650
Agu-2026,TIGALAPANKAOS BONE,OVERSIZE 16S MAMU,OS DENIM BLUE V16 PDK S,77100,2,0,0,38550,77100,115650
Sep-2026,TIGALAPANKAOS BONE,OVERSIZE 16S MAMU,OS DENIM BLUE V16 PDK S,0,11,0,0,38550,424050,77100
Okt-2026,TIGALAPANKAOS BONE,OVERSIZE 16S MAMU,OS DENIM BLUE V16 PDK S,0,11,0,0,38550,424050,424050
Jan-2026,TIGALAPANKAOS BONE,OVERSIZE 16S MAMU,OS DENIM BLUE V16 PDK XL,0,7,0,0,41868,293076,0
Feb-2026,TIGALAPANKAOS BONE,OVERSIZE 16S MAMU,OS DENIM BLUE V16 PDK XL,0,7,0,0,41868,293076,293076
Mar-2026,TIGALAPANKAOS BONE,OVERSIZE 16S MAMU,OS DENIM BLUE V16 PDK XL,41868,5,0,0,41868,209340,293076
Apr-2026,TIGALAPANKAOS BONE,OVERSIZE 16S MAMU,OS DENIM BLUE V16 PDK XL,0,5,0,0,41868,209340,209340
Mei-2026,TIGALAPANKAOS BONE,OVERSIZE 16S MAMU,OS DENIM BLUE V16 PDK XL,0,5,0,0,41868,209340,209340
Jun-2026,TIGALAPANKAOS BONE,OVERSIZE 16S MAMU,OS DENIM BLUE V16 PDK XL,0,5,0,0,41868,209340,209340
Jul-2026,TIGALAPANKAOS BONE,OVERSIZE 16S MAMU,OS DENIM BLUE V16 PDK XL,0,5,0,0,41868,209340,209340
Agu-2026,TIGALAPANKAOS BONE,OVERSIZE 16S MAMU,OS DENIM BLUE V16 PDK XL,0,5,0,0,41868,209340,209340
Sep-2026,TIGALAPANKAOS BONE,OVERSIZE 16S MAMU,OS DENIM BLUE V16 PDK XL,41868,7,0,0,41868,293076,209340
Okt-2026,TIGALAPANKAOS BONE,OVERSIZE 16S MAMU,OS DENIM BLUE V16 PDK XL,0,7,0,0,41868,293076,293076
Jan-2026,TIGALAPANKAOS BONE,OVERSIZE 16S MAMU,OS JET BLACK V16 PDK 2XL,0,2,0,0,46112,92224,0
Feb-2026,TIGALAPANKAOS BONE,OVERSIZE 16S MAMU,OS JET BLACK V16 PDK 2XL,0,2,0,0,46112,92224,92224
Mar-2026,TIGALAPANKAOS BONE,OVERSIZE 16S MAMU,OS JET BLACK V16 PDK 2XL,93414,0,0,0,46112,0,92224
Jan-2026,TIGALAPANKAOS BONE,OVERSIZE 16S MAMU,OS JET BLACK V16 PDK L,136722,5,0,0,44390,221950,0
Feb-2026,TIGALAPANKAOS BONE,OVERSIZE 16S MAMU,OS JET BLACK V16 PDK L,224015,0,0,0,44390,0,221950
Mei-2026,TIGALAPANKAOS BONE,OVERSIZE 16S MAMU,OS JET BLACK V16 PDK L,45040,2,0,0,45040,90080,0
Jun-2026,TIGALAPANKAOS BONE,OVERSIZE 16S MAMU,OS JET BLACK V16 PDK L,90080,0,0,0,44390,0,90080
Okt-2026,TIGALAPANKAOS BONE,OVERSIZE 16S MAMU,OS JET BLACK V16 PDK L,38065,4,0,0,45040,180160,0
Jan-2026,TIGALAPANKAOS BONE,OVERSIZE 16S MAMU,OS JET BLACK V16 PDK M,276672,0,0,0,44390,0,0
Mei-2026,TIGALAPANKAOS BONE,OVERSIZE 16S MAMU,OS JET BLACK V16 PDK M,0,3,0,0,44890,134670,0
Jun-2026,TIGALAPANKAOS BONE,OVERSIZE 16S MAMU,OS JET BLACK V16 PDK M,583570,0,0,0,44390,0,134670
Okt-2026,TIGALAPANKAOS BONE,OVERSIZE 16S MAMU,OS JET BLACK V16 PDK M,73478,3,0,0,44890,134670,0
Jan-2026,TIGALAPANKAOS BONE,OVERSIZE 16S MAMU,OS JET BLACK V16 PDK S,138336,1,0,0,44390,44390,0
Feb-2026,TIGALAPANKAOS BONE,OVERSIZE 16S MAMU,OS JET BLACK V16 PDK S,0,2,0,0,44390,88780,44390
Mar-2026,TIGALAPANKAOS BONE,OVERSIZE 16S MAMU,OS JET BLACK V16 PDK S,92224,0,0,0,44390,0,88780
Mei-2026,TIGALAPANKAOS BONE,OVERSIZE 16S MAMU,OS JET BLACK V16 PDK S,44946,0,0,0,44390,0,0
Okt-2026,TIGALAPANKAOS BONE,OVERSIZE 16S MAMU,OS JET BLACK V16 PDK S,0,3,0,0,44946,134838,0
Jan-2026,TIGALAPANKAOS BONE,OVERSIZE 16S MAMU,OS JET BLACK V16 PDK XL,0,5,0,0,44390,221950,0
Feb-2026,TIGALAPANKAOS BONE,OVERSIZE 16S MAMU,OS JET BLACK V16 PDK XL,135096,2,0,0,44390,88780,221950
Mar-2026,TIGALAPANKAOS BONE,OVERSIZE 16S MAMU,OS JET BLACK V16 PDK XL,45032,1,0,0,45054,45054,88780
Apr-2026,TIGALAPANKAOS BONE,OVERSIZE 16S MAMU,OS JET BLACK V16 PDK XL,0,1,0,0,45054,45054,45054
Mei-2026,TIGALAPANKAOS BONE,OVERSIZE 16S MAMU,OS JET BLACK V16 PDK XL,0,0,0,0,45054,0,45054
Jun-2026,TIGALAPANKAOS BONE,OVERSIZE 16S MAMU,OS JET BLACK V16 PDK XL,0,3,0,0,45054,135162,0
Jul-2026,TIGALAPANKAOS BONE,OVERSIZE 16S MAMU,OS JET BLACK V16 PDK XL,0,3,0,0,45054,135162,135162
Agu-2026,TIGALAPANKAOS BONE,OVERSIZE 16S MAMU,OS JET BLACK V16 PDK XL,115594,2,0,0,45054,90108,135162
Sep-2026,TIGALAPANKAOS BONE,OVERSIZE 16S MAMU,OS JET BLACK V16 PDK XL,57797,1,0,0,45054,45054,90108
Okt-2026,TIGALAPANKAOS BONE,OVERSIZE 16S MAMU,OS JET BLACK V16 PDK XL,0,2,0,0,45054,90108,45054
Jan-2026,TIGALAPANKAOS BONE,OVERSIZE 16S MAMU,OS LIGHT BROWN V16 PDK 2XL,0,1,0,0,41365,41365,0
Feb-2026,TIGALAPANKAOS BONE,OVERSIZE 16S MAMU,OS LIGHT BROWN V16 PDK 2XL,0,2,0,0,41365,82730,41365
Mar-2026,TIGALAPANKAOS BONE,OVERSIZE 16S MAMU,OS LIGHT BROWN V16 PDK 2XL,41365,0,0,0,41365,0,82730
Jan-2026,TIGALAPANKAOS BONE,OVERSIZE 16S MAMU,OS LIGHT BROWN V16 PDK L,0,10,0,0,39226,392260,0
Feb-2026,TIGALAPANKAOS BONE,OVERSIZE 16S MAMU,OS LIGHT BROWN V16 PDK L,39226,11,0,0,39226,431486,392260
Mar-2026,TIGALAPANKAOS BONE,OVERSIZE 16S MAMU,OS LIGHT BROWN V16 PDK L,0,7,0,0,39226,274582,431486
Apr-2026,TIGALAPANKAOS BONE,OVERSIZE 16S MAMU,OS LIGHT BROWN V16 PDK L,39226,6,0,0,38902,233412,274582
Mei-2026,TIGALAPANKAOS BONE,OVERSIZE 16S MAMU,OS LIGHT BROWN V16 PDK L,39226,5,0,0,38939,194695,233412
Jun-2026,TIGALAPANKAOS BONE,OVERSIZE 16S MAMU,OS LIGHT BROWN V16 PDK L,0,5,0,0,38939,194695,194695
Jul-2026,TIGALAPANKAOS BONE,OVERSIZE 16S MAMU,OS LIGHT BROWN V16 PDK L,0,5,0,0,38939,194695,194695
Agu-2026,TIGALAPANKAOS BONE,OVERSIZE 16S MAMU,OS LIGHT BROWN V16 PDK L,0,5,0,0,38939,194695,194695
Sep-2026,TIGALAPANKAOS BONE,OVERSIZE 16S MAMU,OS LIGHT BROWN V16 PDK L,0,5,0,0,38939,194695,194695
Okt-2026,TIGALAPANKAOS BONE,OVERSIZE 16S MAMU,OS LIGHT BROWN V16 PDK L,0,5,0,0,38939,194695,194695
Mei-2026,TIGALAPANKAOS BONE,OVERSIZE 16S MAMU,OS LIGHT BROWN V16 PDK M,77810,1,0,0,38905,38905,0
Jun-2026,TIGALAPANKAOS BONE,OVERSIZE 16S MAMU,OS LIGHT BROWN V16 PDK M,38905,3,0,0,38905,116715,38905
Jul-2026,TIGALAPANKAOS BONE,OVERSIZE 16S MAMU,OS LIGHT BROWN V16 PDK M,0,3,0,0,38905,116715,116715
Agu-2026,TIGALAPANKAOS BONE,OVERSIZE 16S MAMU,OS LIGHT BROWN V16 PDK M,0,5,0,0,38905,194525,116715
Sep-2026,TIGALAPANKAOS BONE,OVERSIZE 16S MAMU,OS LIGHT BROWN V16 PDK M,38905,5,0,0,38905,194525,194525
Okt-2026,TIGALAPANKAOS BONE,OVERSIZE 16S MAMU,OS LIGHT BROWN V16 PDK M,0,9,0,0,38905,350145,194525
Mei-2026,TIGALAPANKAOS BONE,OVERSIZE 16S MAMU,OS LIGHT BROWN V16 PDK S,0,3,0,0,38965,116895,0
Jun-2026,TIGALAPANKAOS BONE,OVERSIZE 16S MAMU,OS LIGHT BROWN V16 PDK S,0,3,0,0,38965,116895,116895
Jul-2026,TIGALAPANKAOS BONE,OVERSIZE 16S MAMU,OS LIGHT BROWN V16 PDK S,0,3,0,0,38965,116895,116895
Agu-2026,TIGALAPANKAOS BONE,OVERSIZE 16S MAMU,OS LIGHT BROWN V16 PDK S,38965,2,0,0,38965,77930,116895
Sep-2026,TIGALAPANKAOS BONE,OVERSIZE 16S MAMU,OS LIGHT BROWN V16 PDK S,38965,1,0,0,38965,38965,77930
Okt-2026,TIGALAPANKAOS BONE,OVERSIZE 16S MAMU,OS LIGHT BROWN V16 PDK S,38965,0,0,0,41829,0,38965
Jan-2026,TIGALAPANKAOS BONE,OVERSIZE 16S MAMU,OS LIGHT BROWN V16 PDK XL,0,6,0,0,39714,238284,0
Feb-2026,TIGALAPANKAOS BONE,OVERSIZE 16S MAMU,OS LIGHT BROWN V16 PDK XL,0,9,0,0,39714,357426,238284
Mar-2026,TIGALAPANKAOS BONE,OVERSIZE 16S MAMU,OS LIGHT BROWN V16 PDK XL,0,5,0,0,39714,198570,357426
Apr-2026,TIGALAPANKAOS BONE,OVERSIZE 16S MAMU,OS LIGHT BROWN V16 PDK XL,0,5,0,0,39714,198570,198570
Mei-2026,TIGALAPANKAOS BONE,OVERSIZE 16S MAMU,OS LIGHT BROWN V16 PDK XL,39714,4,0,0,39714,158856,198570
Jun-2026,TIGALAPANKAOS BONE,OVERSIZE 16S MAMU,OS LIGHT BROWN V16 PDK XL,0,4,0,0,39714,158856,158856
Jul-2026,TIGALAPANKAOS BONE,OVERSIZE 16S MAMU,OS LIGHT BROWN V16 PDK XL,0,4,0,0,39714,158856,158856
Agu-2026,TIGALAPANKAOS BONE,OVERSIZE 16S MAMU,OS LIGHT BROWN V16 PDK XL,0,4,0,0,39714,158856,158856
Sep-2026,TIGALAPANKAOS BONE,OVERSIZE 16S MAMU,OS LIGHT BROWN V16 PDK XL,0,4,0,0,39714,158856,158856
Okt-2026,TIGALAPANKAOS BONE,OVERSIZE 16S MAMU,OS LIGHT BROWN V16 PDK XL,0,4,0,0,39714,158856,158856
Jan-2026,TIGALAPANKAOS BONE,OVERSIZE 16S MAMU,OS MINERAL GREEN V16 PDK 2XL,0,1,0,0,44432,44432,0
Feb-2026,TIGALAPANKAOS BONE,OVERSIZE 16S MAMU,OS MINERAL GREEN V16 PDK 2XL,0,1,0,0,44432,44432,44432
Mar-2026,TIGALAPANKAOS BONE,OVERSIZE 16S MAMU,OS MINERAL GREEN V16 PDK 2XL,0,1,0,0,44432,44432,44432
Apr-2026,TIGALAPANKAOS BONE,OVERSIZE 16S MAMU,OS MINERAL GREEN V16 PDK 2XL,0,1,0,0,44432,44432,44432
Mei-2026,TIGALAPANKAOS BONE,OVERSIZE 16S MAMU,OS MINERAL GREEN V16 PDK 2XL,0,1,0,0,44432,44432,44432
Jun-2026,TIGALAPANKAOS BONE,OVERSIZE 16S MAMU,OS MINERAL GREEN V16 PDK 2XL,0,1,0,0,44432,44432,44432
Jul-2026,TIGALAPANKAOS BONE,OVERSIZE 16S MAMU,OS MINERAL GREEN V16 PDK 2XL,0,1,0,0,44432,44432,44432
Agu-2026,TIGALAPANKAOS BONE,OVERSIZE 16S MAMU,OS MINERAL GREEN V16 PDK 2XL,0,1,0,0,44432,44432,44432
Sep-2026,TIGALAPANKAOS BONE,OVERSIZE 16S MAMU,OS MINERAL GREEN V16 PDK 2XL,0,1,0,0,44432,44432,44432
Okt-2026,TIGALAPANKAOS BONE,OVERSIZE 16S MAMU,OS MINERAL GREEN V16 PDK 2XL,0,1,0,0,44432,44432,44432
Jan-2026,TIGALAPANKAOS BONE,OVERSIZE 16S MAMU,OS MINERAL GREEN V16 PDK L,0,17,0,0,42084,715428,0
Feb-2026,TIGALAPANKAOS BONE,OVERSIZE 16S MAMU,OS MINERAL GREEN V16 PDK L,0,17,0,0,42084,715428,715428
Mar-2026,TIGALAPANKAOS BONE,OVERSIZE 16S MAMU,OS MINERAL GREEN V16 PDK L,42084,14,0,0,42084,589176,715428
Apr-2026,TIGALAPANKAOS BONE,OVERSIZE 16S MAMU,OS MINERAL GREEN V16 PDK L,42084,13,0,0,40339,524407,589176
Mei-2026,TIGALAPANKAOS BONE,OVERSIZE 16S MAMU,OS MINERAL GREEN V16 PDK L,0,14,0,0,40339,564746,524407
Jun-2026,TIGALAPANKAOS BONE,OVERSIZE 16S MAMU,OS MINERAL GREEN V16 PDK L,0,14,0,0,40339,564746,564746
Jul-2026,TIGALAPANKAOS BONE,OVERSIZE 16S MAMU,OS MINERAL GREEN V16 PDK L,0,14,0,0,40339,564746,564746
Agu-2026,TIGALAPANKAOS BONE,OVERSIZE 16S MAMU,OS MINERAL GREEN V16 PDK L,0,14,0,0,40339,564746,564746
Sep-2026,TIGALAPANKAOS BONE,OVERSIZE 16S MAMU,OS MINERAL GREEN V16 PDK L,0,14,0,0,40339,564746,564746
Okt-2026,TIGALAPANKAOS BONE,OVERSIZE 16S MAMU,OS MINERAL GREEN V16 PDK L,0,14,0,0,40339,564746,564746
Jan-2026,TIGALAPANKAOS BONE,OVERSIZE 16S MAMU,OS MINERAL GREEN V16 PDK M,0,3,0,0,42154,126462,0
Feb-2026,TIGALAPANKAOS BONE,OVERSIZE 16S MAMU,OS MINERAL GREEN V16 PDK M,0,3,0,0,42154,126462,126462
Mar-2026,TIGALAPANKAOS BONE,OVERSIZE 16S MAMU,OS MINERAL GREEN V16 PDK M,0,3,0,0,40389,121167,126462
Apr-2026,TIGALAPANKAOS BONE,OVERSIZE 16S MAMU,OS MINERAL GREEN V16 PDK M,0,3,0,0,40374,121122,121167
Mei-2026,TIGALAPANKAOS BONE,OVERSIZE 16S MAMU,OS MINERAL GREEN V16 PDK M,42154,2,0,0,40407,80814,121122
Jun-2026,TIGALAPANKAOS BONE,OVERSIZE 16S MAMU,OS MINERAL GREEN V16 PDK M,84308,0,0,0,42154,0,80814
Agu-2026,TIGALAPANKAOS BONE,OVERSIZE 16S MAMU,OS MINERAL GREEN V16 PDK M,0,5,0,0,40407,202035,0
Sep-2026,TIGALAPANKAOS BONE,OVERSIZE 16S MAMU,OS MINERAL GREEN V16 PDK M,0,5,0,0,40407,202035,202035
Okt-2026,TIGALAPANKAOS BONE,OVERSIZE 16S MAMU,OS MINERAL GREEN V16 PDK M,0,5,0,0,40407,202035,202035
Mei-2026,TIGALAPANKAOS BONE,OVERSIZE 16S MAMU,OS MINERAL GREEN V16 PDK S,0,1,0,0,40376,40376,0
Jun-2026,TIGALAPANKAOS BONE,OVERSIZE 16S MAMU,OS MINERAL GREEN V16 PDK S,0,4,0,0,40376,161504,40376
Jul-2026,TIGALAPANKAOS BONE,OVERSIZE 16S MAMU,OS MINERAL GREEN V16 PDK S,0,4,0,0,40376,161504,161504
Agu-2026,TIGALAPANKAOS BONE,OVERSIZE 16S MAMU,OS MINERAL GREEN V16 PDK S,40376,4,0,0,40376,161504,161504
Sep-2026,TIGALAPANKAOS BONE,OVERSIZE 16S MAMU,OS MINERAL GREEN V16 PDK S,0,5,0,0,40376,201880,161504
Okt-2026,TIGALAPANKAOS BONE,OVERSIZE 16S MAMU,OS MINERAL GREEN V16 PDK S,0,5,0,0,40376,201880,201880
Jan-2026,TIGALAPANKAOS BONE,OVERSIZE 16S MAMU,OS MINERAL GREEN V16 PDK XL,0,9,0,0,41786,376074,0
Feb-2026,TIGALAPANKAOS BONE,OVERSIZE 16S MAMU,OS MINERAL GREEN V16 PDK XL,0,9,0,0,41786,376074,376074
Mar-2026,TIGALAPANKAOS BONE,OVERSIZE 16S MAMU,OS MINERAL GREEN V16 PDK XL,0,9,0,0,41786,376074,376074
Apr-2026,TIGALAPANKAOS BONE,OVERSIZE 16S MAMU,OS MINERAL GREEN V16 PDK XL,0,9,0,0,41786,376074,376074
Mei-2026,TIGALAPANKAOS BONE,OVERSIZE 16S MAMU,OS MINERAL GREEN V16 PDK XL,0,9,0,0,41786,376074,376074
Jun-2026,TIGALAPANKAOS BONE,OVERSIZE 16S MAMU,OS MINERAL GREEN V16 PDK XL,0,9,0,0,41786,376074,376074
Jul-2026,TIGALAPANKAOS BONE,OVERSIZE 16S MAMU,OS MINERAL GREEN V16 PDK XL,0,9,0,0,41786,376074,376074
Agu-2026,TIGALAPANKAOS BONE,OVERSIZE 16S MAMU,OS MINERAL GREEN V16 PDK XL,0,9,0,0,41786,376074,376074
Sep-2026,TIGALAPANKAOS BONE,OVERSIZE 16S MAMU,OS MINERAL GREEN V16 PDK XL,0,9,0,0,41786,376074,376074
Okt-2026,TIGALAPANKAOS BONE,OVERSIZE 16S MAMU,OS MINERAL GREEN V16 PDK XL,0,9,0,0,41786,376074,376074
Jun-2026,TIGALAPANKAOS BONE,OVERSIZE 16S MAMU,OS NAVY V16 PDK 2XL,0,3,0,0,44097,132291,0
Jul-2026,TIGALAPANKAOS BONE,OVERSIZE 16S MAMU,OS NAVY V16 PDK 2XL,0,3,0,0,44097,132291,132291
Agu-2026,TIGALAPANKAOS BONE,OVERSIZE 16S MAMU,OS NAVY V16 PDK 2XL,0,3,0,0,44097,132291,132291
Sep-2026,TIGALAPANKAOS BONE,OVERSIZE 16S MAMU,OS NAVY V16 PDK 2XL,0,3,0,0,44097,132291,132291
Okt-2026,TIGALAPANKAOS BONE,OVERSIZE 16S MAMU,OS NAVY V16 PDK 2XL,0,3,0,0,44097,132291,132291
Jan-2026,TIGALAPANKAOS BONE,OVERSIZE 16S MAMU,OS NAVY V16 PDK L,0,3,0,0,44604,133812,0
Feb-2026,TIGALAPANKAOS BONE,OVERSIZE 16S MAMU,OS NAVY V16 PDK L,0,3,0,0,44604,133812,133812
Mar-2026,TIGALAPANKAOS BONE,OVERSIZE 16S MAMU,OS NAVY V16 PDK L,0,3,0,0,44604,133812,133812
Apr-2026,TIGALAPANKAOS BONE,OVERSIZE 16S MAMU,OS NAVY V16 PDK L,89208,1,0,0,44121,44121,133812
Mei-2026,TIGALAPANKAOS BONE,OVERSIZE 16S MAMU,OS NAVY V16 PDK L,88742,2,0,0,44138,88276,44121
Jun-2026,TIGALAPANKAOS BONE,OVERSIZE 16S MAMU,OS NAVY V16 PDK L,44138,4,0,0,44138,176552,88276
Jul-2026,TIGALAPANKAOS BONE,OVERSIZE 16S MAMU,OS NAVY V16 PDK L,0,4,0,0,44138,176552,176552
Agu-2026,TIGALAPANKAOS BONE,OVERSIZE 16S MAMU,OS NAVY V16 PDK L,44764,4,0,0,44138,176552,176552
Sep-2026,TIGALAPANKAOS BONE,OVERSIZE 16S MAMU,OS NAVY V16 PDK L,0,5,0,0,44138,220690,176552
Okt-2026,TIGALAPANKAOS BONE,OVERSIZE 16S MAMU,OS NAVY V16 PDK L,45004,9,0,0,44138,397242,220690
Mei-2026,TIGALAPANKAOS BONE,OVERSIZE 16S MAMU,OS NAVY V16 PDK M,44104,0,0,0,44504,0,0
Jun-2026,TIGALAPANKAOS BONE,OVERSIZE 16S MAMU,OS NAVY V16 PDK M,0,3,0,0,44104,132312,0
Jul-2026,TIGALAPANKAOS BONE,OVERSIZE 16S MAMU,OS NAVY V16 PDK M,132312,0,0,0,44504,0,132312
Agu-2026,TIGALAPANKAOS BONE,OVERSIZE 16S MAMU,OS NAVY V16 PDK M,44104,4,0,0,44104,176416,0
Sep-2026,TIGALAPANKAOS BONE,OVERSIZE 16S MAMU,OS NAVY V16 PDK M,0,5,0,0,44104,220520,176416
Okt-2026,TIGALAPANKAOS BONE,OVERSIZE 16S MAMU,OS NAVY V16 PDK M,0,7,0,0,44104,308728,220520
Mei-2026,TIGALAPANKAOS BONE,OVERSIZE 16S MAMU,OS NAVY V16 PDK S,0,3,0,0,44106,132318,0
Jun-2026,TIGALAPANKAOS BONE,OVERSIZE 16S MAMU,OS NAVY V16 PDK S,0,3,0,0,44106,132318,132318
Jul-2026,TIGALAPANKAOS BONE,OVERSIZE 16S MAMU,OS NAVY V16 PDK S,0,3,0,0,44106,132318,132318
Agu-2026,TIGALAPANKAOS BONE,OVERSIZE 16S MAMU,OS NAVY V16 PDK S,133029,4,0,0,44106,176424,132318
Sep-2026,TIGALAPANKAOS BONE,OVERSIZE 16S MAMU,OS NAVY V16 PDK S,89191,4,0,0,44106,176424,176424
Okt-2026,TIGALAPANKAOS BONE,OVERSIZE 16S MAMU,OS NAVY V16 PDK S,0,4,0,0,44106,176424,176424
Jan-2026,TIGALAPANKAOS BONE,OVERSIZE 16S MAMU,OS NAVY V16 PDK XL,0,1,0,0,44504,44504,0
Feb-2026,TIGALAPANKAOS BONE,OVERSIZE 16S MAMU,OS NAVY V16 PDK XL,0,1,0,0,44504,44504,44504
Mar-2026,TIGALAPANKAOS BONE,OVERSIZE 16S MAMU,OS NAVY V16 PDK XL,0,1,0,0,44504,44504,44504
Apr-2026,TIGALAPANKAOS BONE,OVERSIZE 16S MAMU,OS NAVY V16 PDK XL,0,1,0,0,44113,44113,44504
Mei-2026,TIGALAPANKAOS BONE,OVERSIZE 16S MAMU,OS NAVY V16 PDK XL,0,1,0,0,44177,44177,44113
Jun-2026,TIGALAPANKAOS BONE,OVERSIZE 16S MAMU,OS NAVY V16 PDK XL,44504,3,0,0,44177,132531,44177
Jul-2026,TIGALAPANKAOS BONE,OVERSIZE 16S MAMU,OS NAVY V16 PDK XL,0,3,0,0,44177,132531,132531
Agu-2026,TIGALAPANKAOS BONE,OVERSIZE 16S MAMU,OS NAVY V16 PDK XL,0,3,0,0,44177,132531,132531
Sep-2026,TIGALAPANKAOS BONE,OVERSIZE 16S MAMU,OS NAVY V16 PDK XL,0,3,0,0,44177,132531,132531
Okt-2026,TIGALAPANKAOS BONE,OVERSIZE 16S MAMU,OS NAVY V16 PDK XL,0,5,0,0,44177,220885,132531
Jan-2026,TIGALAPANKAOS BONE,OVERSIZE 16S MAMU,OS ORANGE BATA V16 PDK L,0,21,0,0,44076,925596,0
Feb-2026,TIGALAPANKAOS BONE,OVERSIZE 16S MAMU,OS ORANGE BATA V16 PDK L,0,21,0,0,44076,925596,925596
Mar-2026,TIGALAPANKAOS BONE,OVERSIZE 16S MAMU,OS ORANGE BATA V16 PDK L,44077,15,0,0,44077,661155,925596
Apr-2026,TIGALAPANKAOS BONE,OVERSIZE 16S MAMU,OS ORANGE BATA V16 PDK L,0,15,0,0,44077,661155,661155
Mei-2026,TIGALAPANKAOS BONE,OVERSIZE 16S MAMU,OS ORANGE BATA V16 PDK L,0,15,0,0,44077,661155,661155
Jun-2026,TIGALAPANKAOS BONE,OVERSIZE 16S MAMU,OS ORANGE BATA V16 PDK L,0,15,0,0,44077,661155,661155
Jul-2026,TIGALAPANKAOS BONE,OVERSIZE 16S MAMU,OS ORANGE BATA V16 PDK L,0,15,0,0,44077,661155,661155
Agu-2026,TIGALAPANKAOS BONE,OVERSIZE 16S MAMU,OS ORANGE BATA V16 PDK L,0,15,0,0,44077,661155,661155
Sep-2026,TIGALAPANKAOS BONE,OVERSIZE 16S MAMU,OS ORANGE BATA V16 PDK L,0,15,0,0,44077,661155,661155
Okt-2026,TIGALAPANKAOS BONE,OVERSIZE 16S MAMU,OS ORANGE BATA V16 PDK L,0,15,0,0,44077,661155,661155
Jan-2026,TIGALAPANKAOS BONE,OVERSIZE 16S MAMU,OS ORANGE BATA V16 PDK M,0,4,0,0,44983,179932,0
Feb-2026,TIGALAPANKAOS BONE,OVERSIZE 16S MAMU,OS ORANGE BATA V16 PDK M,44983,3,0,0,44983,134949,179932
Mar-2026,TIGALAPANKAOS BONE,OVERSIZE 16S MAMU,OS ORANGE BATA V16 PDK M,89966,1,0,0,44983,44983,134949
Apr-2026,TIGALAPANKAOS BONE,OVERSIZE 16S MAMU,OS ORANGE BATA V16 PDK M,0,1,0,0,44983,44983,44983
Mei-2026,TIGALAPANKAOS BONE,OVERSIZE 16S MAMU,OS ORANGE BATA V16 PDK M,0,1,0,0,44983,44983,44983
Jun-2026,TIGALAPANKAOS BONE,OVERSIZE 16S MAMU,OS ORANGE BATA V16 PDK M,44983,0,0,0,44983,0,44983
Jan-2026,TIGALAPANKAOS BONE,OVERSIZE 16S MAMU,OS ORANGE BATA V16 PDK XL,0,9,0,0,44616,401544,0
Feb-2026,TIGALAPANKAOS BONE,OVERSIZE 16S MAMU,OS ORANGE BATA V16 PDK XL,0,9,0,0,44616,401544,401544
Mar-2026,TIGALAPANKAOS BONE,OVERSIZE 16S MAMU,OS ORANGE BATA V16 PDK XL,0,9,0,0,44622,401598,401544
Apr-2026,TIGALAPANKAOS BONE,OVERSIZE 16S MAMU,OS ORANGE BATA V16 PDK XL,0,9,0,0,44622,401598,401598
Mei-2026,TIGALAPANKAOS BONE,OVERSIZE 16S MAMU,OS ORANGE BATA V16 PDK XL,0,9,0,0,44622,401598,401598
Jun-2026,TIGALAPANKAOS BONE,OVERSIZE 16S MAMU,OS ORANGE BATA V16 PDK XL,0,9,0,0,44622,401598,401598
Jul-2026,TIGALAPANKAOS BONE,OVERSIZE 16S MAMU,OS ORANGE BATA V16 PDK XL,0,9,0,0,44622,401598,401598
Agu-2026,TIGALAPANKAOS BONE,OVERSIZE 16S MAMU,OS ORANGE BATA V16 PDK XL,44621,9,0,0,44622,401598,401598
Sep-2026,TIGALAPANKAOS BONE,OVERSIZE 16S MAMU,OS ORANGE BATA V16 PDK XL,0,8,0,0,44622,356976,401598
Okt-2026,TIGALAPANKAOS BONE,OVERSIZE 16S MAMU,OS ORANGE BATA V16 PDK XL,0,8,0,0,44622,356976,356976
Jan-2026,TIGALAPANKAOS BONE,OVERSIZE 16S MAMU,OS PUTIH NETRAL V16 PDK 2XL,0,1,0,0,50586,50586,0
Feb-2026,TIGALAPANKAOS BONE,OVERSIZE 16S MAMU,OS PUTIH NETRAL V16 PDK 2XL,0,1,0,0,50586,50586,50586
Mar-2026,TIGALAPANKAOS BONE,OVERSIZE 16S MAMU,OS PUTIH NETRAL V16 PDK 2XL,50586,0,0,0,50586,0,50586
Jan-2026,TIGALAPANKAOS BONE,OVERSIZE 16S MAMU,OS PUTIH NETRAL V16 PDK L,199688,2,0,0,46647,93294,0
Feb-2026,TIGALAPANKAOS BONE,OVERSIZE 16S MAMU,OS PUTIH NETRAL V16 PDK L,94074,0,0,0,46647,0,93294
Mei-2026,TIGALAPANKAOS BONE,OVERSIZE 16S MAMU,OS PUTIH NETRAL V16 PDK L,40155,2,0,0,40155,80310,0
Jun-2026,TIGALAPANKAOS BONE,OVERSIZE 16S MAMU,OS PUTIH NETRAL V16 PDK L,0,2,0,0,40155,80310,80310
Jul-2026,TIGALAPANKAOS BONE,OVERSIZE 16S MAMU,OS PUTIH NETRAL V16 PDK L,0,2,0,0,40155,80310,80310
Agu-2026,TIGALAPANKAOS BONE,OVERSIZE 16S MAMU,OS PUTIH NETRAL V16 PDK L,0,2,0,0,40155,80310,80310
Sep-2026,TIGALAPANKAOS BONE,OVERSIZE 16S MAMU,OS PUTIH NETRAL V16 PDK L,40155,1,0,0,40155,40155,80310
Okt-2026,TIGALAPANKAOS BONE,OVERSIZE 16S MAMU,OS PUTIH NETRAL V16 PDK L,0,1,0,0,40155,40155,40155
Jan-2026,TIGALAPANKAOS BONE,OVERSIZE 16S MAMU,OS PUTIH NETRAL V16 PDK M,151758,3,0,0,50586,151758,0
Feb-2026,TIGALAPANKAOS BONE,OVERSIZE 16S MAMU,OS PUTIH NETRAL V16 PDK M,101172,1,0,0,50586,50586,151758
Mar-2026,TIGALAPANKAOS BONE,OVERSIZE 16S MAMU,OS PUTIH NETRAL V16 PDK M,50586,0,0,0,50586,0,50586
Mei-2026,TIGALAPANKAOS BONE,OVERSIZE 16S MAMU,OS PUTIH NETRAL V16 PDK M,0,3,0,0,40042,120126,0
Jun-2026,TIGALAPANKAOS BONE,OVERSIZE 16S MAMU,OS PUTIH NETRAL V16 PDK M,400420,3,0,0,40042,120126,120126
Jul-2026,TIGALAPANKAOS BONE,OVERSIZE 16S MAMU,OS PUTIH NETRAL V16 PDK M,0,3,0,0,40042,120126,120126
Agu-2026,TIGALAPANKAOS BONE,OVERSIZE 16S MAMU,OS PUTIH NETRAL V16 PDK M,0,3,0,0,40042,120126,120126
Sep-2026,TIGALAPANKAOS BONE,OVERSIZE 16S MAMU,OS PUTIH NETRAL V16 PDK M,0,3,0,0,40042,120126,120126
Okt-2026,TIGALAPANKAOS BONE,OVERSIZE 16S MAMU,OS PUTIH NETRAL V16 PDK M,0,5,0,0,40042,200210,120126
Jan-2026,TIGALAPANKAOS BONE,OVERSIZE 16S MAMU,OS PUTIH NETRAL V16 PDK S,0,5,0,0,50586,252930,0
Feb-2026,TIGALAPANKAOS BONE,OVERSIZE 16S MAMU,OS PUTIH NETRAL V16 PDK S,151758,2,0,0,50586,101172,252930
Mar-2026,TIGALAPANKAOS BONE,OVERSIZE 16S MAMU,OS PUTIH NETRAL V16 PDK S,50586,0,0,0,50586,0,101172
Mei-2026,TIGALAPANKAOS BONE,OVERSIZE 16S MAMU,OS PUTIH NETRAL V16 PDK S,0,5,0,0,40037,200185,0
Jun-2026,TIGALAPANKAOS BONE,OVERSIZE 16S MAMU,OS PUTIH NETRAL V16 PDK S,40037,4,0,0,40037,160148,200185
Jul-2026,TIGALAPANKAOS BONE,OVERSIZE 16S MAMU,OS PUTIH NETRAL V16 PDK S,0,4,0,0,40037,160148,160148
Agu-2026,TIGALAPANKAOS BONE,OVERSIZE 16S MAMU,OS PUTIH NETRAL V16 PDK S,40037,5,0,0,40037,200185,160148
Sep-2026,TIGALAPANKAOS BONE,OVERSIZE 16S MAMU,OS PUTIH NETRAL V16 PDK S,40037,4,0,0,40037,160148,200185
Okt-2026,TIGALAPANKAOS BONE,OVERSIZE 16S MAMU,OS PUTIH NETRAL V16 PDK S,120111,2,0,0,40037,80074,160148
Jan-2026,TIGALAPANKAOS BONE,OVERSIZE 16S MAMU,OS PUTIH NETRAL V16 PDK XL,0,2,0,0,50586,101172,0
Feb-2026,TIGALAPANKAOS BONE,OVERSIZE 16S MAMU,OS PUTIH NETRAL V16 PDK XL,50586,1,0,0,50586,50586,101172
Mar-2026,TIGALAPANKAOS BONE,OVERSIZE 16S MAMU,OS PUTIH NETRAL V16 PDK XL,50586,0,0,0,50586,0,50586
Jun-2026,TIGALAPANKAOS MAKASSAR,OVERSIZE 16S MAMU,OS DENIM BLUE V16 PDK L,0,10,0,0,38821,388210,0
Jul-2026,TIGALAPANKAOS MAKASSAR,OVERSIZE 16S MAMU,OS DENIM BLUE V16 PDK L,38821,9,0,0,38821,349389,388210
Agu-2026,TIGALAPANKAOS MAKASSAR,OVERSIZE 16S MAMU,OS DENIM BLUE V16 PDK L,0,0,0,0,38821,0,349389
Jun-2026,TIGALAPANKAOS MAKASSAR,OVERSIZE 16S MAMU,OS DENIM BLUE V16 PDK M,38447,0,0,0,41868,0,0
Jun-2026,TIGALAPANKAOS MAKASSAR,OVERSIZE 16S MAMU,OS DENIM BLUE V16 PDK S,0,10,0,0,38550,385500,0
Jul-2026,TIGALAPANKAOS MAKASSAR,OVERSIZE 16S MAMU,OS DENIM BLUE V16 PDK S,0,10,0,0,38550,385500,385500
Agu-2026,TIGALAPANKAOS MAKASSAR,OVERSIZE 16S MAMU,OS DENIM BLUE V16 PDK S,0,0,0,0,38550,0,385500
Jun-2026,TIGALAPANKAOS MAKASSAR,OVERSIZE 16S MAMU,OS DENIM BLUE V16 PDK XL,0,1,0,0,41868,41868,0
Jul-2026,TIGALAPANKAOS MAKASSAR,OVERSIZE 16S MAMU,OS DENIM BLUE V16 PDK XL,0,1,0,0,41868,41868,41868
Agu-2026,TIGALAPANKAOS MAKASSAR,OVERSIZE 16S MAMU,OS DENIM BLUE V16 PDK XL,0,0,0,0,41868,0,41868
Jun-2026,TIGALAPANKAOS MAKASSAR,OVERSIZE 16S MAMU,OS JET BLACK V16 PDK 2XL,0,8,0,0,45054,360432,0
Jul-2026,TIGALAPANKAOS MAKASSAR,OVERSIZE 16S MAMU,OS JET BLACK V16 PDK 2XL,45054,7,0,0,45054,315378,360432
Agu-2026,TIGALAPANKAOS MAKASSAR,OVERSIZE 16S MAMU,OS JET BLACK V16 PDK 2XL,0,0,0,0,45054,0,315378
Jun-2026,TIGALAPANKAOS MAKASSAR,OVERSIZE 16S MAMU,OS JET BLACK V16 PDK L,0,5,0,0,45040,225200,0
Jul-2026,TIGALAPANKAOS MAKASSAR,OVERSIZE 16S MAMU,OS JET BLACK V16 PDK L,0,5,0,0,45040,225200,225200
Agu-2026,TIGALAPANKAOS MAKASSAR,OVERSIZE 16S MAMU,OS JET BLACK V16 PDK L,0,0,0,0,45040,0,225200
Jun-2026,TIGALAPANKAOS MAKASSAR,OVERSIZE 16S MAMU,OS JET BLACK V16 PDK M,0,4,0,0,44890,179560,0
Jul-2026,TIGALAPANKAOS MAKASSAR,OVERSIZE 16S MAMU,OS JET BLACK V16 PDK M,44890,3,0,0,44890,134670,179560
Agu-2026,TIGALAPANKAOS MAKASSAR,OVERSIZE 16S MAMU,OS JET BLACK V16 PDK M,0,0,0,0,44890,0,134670
Jun-2026,TIGALAPANKAOS MAKASSAR,OVERSIZE 16S MAMU,OS JET BLACK V16 PDK S,0,5,0,0,44946,224730,0
Jul-2026,TIGALAPANKAOS MAKASSAR,OVERSIZE 16S MAMU,OS JET BLACK V16 PDK S,0,5,0,0,44946,224730,224730
Agu-2026,TIGALAPANKAOS MAKASSAR,OVERSIZE 16S MAMU,OS JET BLACK V16 PDK S,0,0,0,0,44946,0,224730
Jun-2026,TIGALAPANKAOS MAKASSAR,OVERSIZE 16S MAMU,OS JET BLACK V16 PDK XL,0,1,0,0,45054,45054,0
Jul-2026,TIGALAPANKAOS MAKASSAR,OVERSIZE 16S MAMU,OS JET BLACK V16 PDK XL,0,1,0,0,45054,45054,45054
Agu-2026,TIGALAPANKAOS MAKASSAR,OVERSIZE 16S MAMU,OS JET BLACK V16 PDK XL,0,0,0,0,45054,0,45054
Jun-2026,TIGALAPANKAOS MAKASSAR,OVERSIZE 16S MAMU,OS LIGHT BROWN V16 PDK L,0,9,0,0,38939,350451,0
Jul-2026,TIGALAPANKAOS MAKASSAR,OVERSIZE 16S MAMU,OS LIGHT BROWN V16 PDK L,0,9,0,0,38939,350451,350451
Agu-2026,TIGALAPANKAOS MAKASSAR,OVERSIZE 16S MAMU,OS LIGHT BROWN V16 PDK L,0,0,0,0,38939,0,350451
Jun-2026,TIGALAPANKAOS MAKASSAR,OVERSIZE 16S MAMU,OS LIGHT BROWN V16 PDK M,0,10,0,0,38905,389050,0
Jul-2026,TIGALAPANKAOS MAKASSAR,OVERSIZE 16S MAMU,OS LIGHT BROWN V16 PDK M,0,10,0,0,38905,389050,389050
Agu-2026,TIGALAPANKAOS MAKASSAR,OVERSIZE 16S MAMU,OS LIGHT BROWN V16 PDK M,0,0,0,0,38905,0,389050
Jun-2026,TIGALAPANKAOS MAKASSAR,OVERSIZE 16S MAMU,OS LIGHT BROWN V16 PDK S,0,10,0,0,38965,389650,0
Jul-2026,TIGALAPANKAOS MAKASSAR,OVERSIZE 16S MAMU,OS LIGHT BROWN V16 PDK S,0,10,0,0,38965,389650,389650
Agu-2026,TIGALAPANKAOS MAKASSAR,OVERSIZE 16S MAMU,OS LIGHT BROWN V16 PDK S,0,0,0,0,38965,0,389650
Jun-2026,TIGALAPANKAOS MAKASSAR,OVERSIZE 16S MAMU,OS MINERAL GREEN V16 PDK L,0,10,0,0,40339,403390,0
Jul-2026,TIGALAPANKAOS MAKASSAR,OVERSIZE 16S MAMU,OS MINERAL GREEN V16 PDK L,80678,8,0,0,40339,322712,403390
Agu-2026,TIGALAPANKAOS MAKASSAR,OVERSIZE 16S MAMU,OS MINERAL GREEN V16 PDK L,0,0,0,0,40339,0,322712
Jun-2026,TIGALAPANKAOS MAKASSAR,OVERSIZE 16S MAMU,OS MINERAL GREEN V16 PDK M,40407,9,0,0,40407,363663,0
Jul-2026,TIGALAPANKAOS MAKASSAR,OVERSIZE 16S MAMU,OS MINERAL GREEN V16 PDK M,0,9,0,0,40407,363663,363663
Agu-2026,TIGALAPANKAOS MAKASSAR,OVERSIZE 16S MAMU,OS MINERAL GREEN V16 PDK M,0,0,0,0,40407,0,363663
Jun-2026,TIGALAPANKAOS MAKASSAR,OVERSIZE 16S MAMU,OS MINERAL GREEN V16 PDK S,0,10,0,0,40376,403760,0
Jul-2026,TIGALAPANKAOS MAKASSAR,OVERSIZE 16S MAMU,OS MINERAL GREEN V16 PDK S,0,10,0,0,40376,403760,403760
Agu-2026,TIGALAPANKAOS MAKASSAR,OVERSIZE 16S MAMU,OS MINERAL GREEN V16 PDK S,0,0,0,0,40376,0,403760
Jun-2026,TIGALAPANKAOS MAKASSAR,OVERSIZE 16S MAMU,OS NAVY V16 PDK 2XL,0,10,0,0,44097,440970,0
Jul-2026,TIGALAPANKAOS MAKASSAR,OVERSIZE 16S MAMU,OS NAVY V16 PDK 2XL,0,10,0,0,44097,440970,440970
Agu-2026,TIGALAPANKAOS MAKASSAR,OVERSIZE 16S MAMU,OS NAVY V16 PDK 2XL,0,0,0,0,44097,0,440970
Jun-2026,TIGALAPANKAOS MAKASSAR,OVERSIZE 16S MAMU,OS NAVY V16 PDK L,0,9,0,0,44138,397242,0
Jul-2026,TIGALAPANKAOS MAKASSAR,OVERSIZE 16S MAMU,OS NAVY V16 PDK L,0,9,0,0,44138,397242,397242
Agu-2026,TIGALAPANKAOS MAKASSAR,OVERSIZE 16S MAMU,OS NAVY V16 PDK L,0,0,0,0,44138,0,397242
Jun-2026,TIGALAPANKAOS MAKASSAR,OVERSIZE 16S MAMU,OS NAVY V16 PDK M,0,10,0,0,44104,441040,0
Jul-2026,TIGALAPANKAOS MAKASSAR,OVERSIZE 16S MAMU,OS NAVY V16 PDK M,0,10,0,0,44104,441040,441040
Agu-2026,TIGALAPANKAOS MAKASSAR,OVERSIZE 16S MAMU,OS NAVY V16 PDK M,0,0,0,0,44104,0,441040
Jun-2026,TIGALAPANKAOS MAKASSAR,OVERSIZE 16S MAMU,OS NAVY V16 PDK S,0,10,0,0,44106,441060,0
Jul-2026,TIGALAPANKAOS MAKASSAR,OVERSIZE 16S MAMU,OS NAVY V16 PDK S,0,10,0,0,44106,441060,441060
Agu-2026,TIGALAPANKAOS MAKASSAR,OVERSIZE 16S MAMU,OS NAVY V16 PDK S,0,0,0,0,44106,0,441060
Jun-2026,TIGALAPANKAOS MAKASSAR,OVERSIZE 16S MAMU,OS NAVY V16 PDK XL,0,9,0,0,44177,397593,0
Jul-2026,TIGALAPANKAOS MAKASSAR,OVERSIZE 16S MAMU,OS NAVY V16 PDK XL,0,9,0,0,44177,397593,397593
Agu-2026,TIGALAPANKAOS MAKASSAR,OVERSIZE 16S MAMU,OS NAVY V16 PDK XL,0,0,0,0,44177,0,397593
Jun-2026,TIGALAPANKAOS MAKASSAR,OVERSIZE 16S MAMU,OS ORANGE BATA V16 PDK M,44983,0,0,0,44983,0,0
Jun-2026,TIGALAPANKAOS MAKASSAR,OVERSIZE 16S MAMU,OS PUTIH NETRAL V16 PDK 2XL,0,6,0,0,40037,240222,0
Jul-2026,TIGALAPANKAOS MAKASSAR,OVERSIZE 16S MAMU,OS PUTIH NETRAL V16 PDK 2XL,80074,4,0,0,40037,160148,240222
Agu-2026,TIGALAPANKAOS MAKASSAR,OVERSIZE 16S MAMU,OS PUTIH NETRAL V16 PDK 2XL,0,0,0,0,40037,0,160148
Jun-2026,TIGALAPANKAOS MAKASSAR,OVERSIZE 16S MAMU,OS PUTIH NETRAL V16 PDK L,0,10,0,0,40155,401550,0
Jul-2026,TIGALAPANKAOS MAKASSAR,OVERSIZE 16S MAMU,OS PUTIH NETRAL V16 PDK L,0,10,0,0,40155,401550,401550
Agu-2026,TIGALAPANKAOS MAKASSAR,OVERSIZE 16S MAMU,OS PUTIH NETRAL V16 PDK L,0,0,0,0,40155,0,401550
Jun-2026,TIGALAPANKAOS MAKASSAR,OVERSIZE 16S MAMU,OS PUTIH NETRAL V16 PDK M,40042,9,0,0,40042,360378,0
Jul-2026,TIGALAPANKAOS MAKASSAR,OVERSIZE 16S MAMU,OS PUTIH NETRAL V16 PDK M,80084,7,0,0,40042,280294,360378
Agu-2026,TIGALAPANKAOS MAKASSAR,OVERSIZE 16S MAMU,OS PUTIH NETRAL V16 PDK M,0,1,0,0,40042,40042,280294
Sep-2026,TIGALAPANKAOS MAKASSAR,OVERSIZE 16S MAMU,OS PUTIH NETRAL V16 PDK M,0,1,0,0,40042,40042,40042
Okt-2026,TIGALAPANKAOS MAKASSAR,OVERSIZE 16S MAMU,OS PUTIH NETRAL V16 PDK M,0,1,0,0,40042,40042,40042
Jun-2026,TIGALAPANKAOS MAKASSAR,OVERSIZE 16S MAMU,OS PUTIH NETRAL V16 PDK S,0,9,0,0,40037,360333,0
Jul-2026,TIGALAPANKAOS MAKASSAR,OVERSIZE 16S MAMU,OS PUTIH NETRAL V16 PDK S,0,9,0,0,40037,360333,360333
Agu-2026,TIGALAPANKAOS MAKASSAR,OVERSIZE 16S MAMU,OS PUTIH NETRAL V16 PDK S,0,0,0,0,40037,0,360333
Jun-2026,TIGALAPANKAOS MAKASSAR,OVERSIZE 16S MAMU,OS PUTIH NETRAL V16 PDK XL,0,1,0,0,40084,40084,0
Jul-2026,TIGALAPANKAOS MAKASSAR,OVERSIZE 16S MAMU,OS PUTIH NETRAL V16 PDK XL,0,1,0,0,40084,40084,40084
Agu-2026,TIGALAPANKAOS MAKASSAR,OVERSIZE 16S MAMU,OS PUTIH NETRAL V16 PDK XL,0,0,0,0,40084,0,40084
Jan-2026,TIGALAPANKAOS MANADO,OVERSIZE 16S MAMU,OS ARMY GREEN V16 PDK 2XL,0,4,0,0,45084,180336,0
Feb-2026,TIGALAPANKAOS MANADO,OVERSIZE 16S MAMU,OS ARMY GREEN V16 PDK 2XL,0,4,0,0,45084,180336,180336
Mar-2026,TIGALAPANKAOS MANADO,OVERSIZE 16S MAMU,OS ARMY GREEN V16 PDK 2XL,0,4,0,0,45084,180336,180336
Apr-2026,TIGALAPANKAOS MANADO,OVERSIZE 16S MAMU,OS ARMY GREEN V16 PDK 2XL,0,4,0,0,45084,180336,180336
Mei-2026,TIGALAPANKAOS MANADO,OVERSIZE 16S MAMU,OS ARMY GREEN V16 PDK 2XL,0,4,0,0,45084,180336,180336
Jun-2026,TIGALAPANKAOS MANADO,OVERSIZE 16S MAMU,OS ARMY GREEN V16 PDK 2XL,0,4,0,0,45084,180336,180336
Jul-2026,TIGALAPANKAOS MANADO,OVERSIZE 16S MAMU,OS ARMY GREEN V16 PDK 2XL,0,4,0,0,45084,180336,180336
Agu-2026,TIGALAPANKAOS MANADO,OVERSIZE 16S MAMU,OS ARMY GREEN V16 PDK 2XL,0,4,0,0,45084,180336,180336
Sep-2026,TIGALAPANKAOS MANADO,OVERSIZE 16S MAMU,OS ARMY GREEN V16 PDK 2XL,0,4,0,0,45084,180336,180336
Okt-2026,TIGALAPANKAOS MANADO,OVERSIZE 16S MAMU,OS ARMY GREEN V16 PDK 2XL,0,4,0,0,45084,180336,180336
Jan-2026,TIGALAPANKAOS MANADO,OVERSIZE 16S MAMU,OS ARMY GREEN V16 PDK L,0,12,0,0,43131,517572,0
Feb-2026,TIGALAPANKAOS MANADO,OVERSIZE 16S MAMU,OS ARMY GREEN V16 PDK L,0,12,0,0,43131,517572,517572
Mar-2026,TIGALAPANKAOS MANADO,OVERSIZE 16S MAMU,OS ARMY GREEN V16 PDK L,0,12,0,0,43131,517572,517572
Apr-2026,TIGALAPANKAOS MANADO,OVERSIZE 16S MAMU,OS ARMY GREEN V16 PDK L,43131,11,0,0,43131,474441,517572
Mei-2026,TIGALAPANKAOS MANADO,OVERSIZE 16S MAMU,OS ARMY GREEN V16 PDK L,43131,8,0,0,43131,345048,474441
Jun-2026,TIGALAPANKAOS MANADO,OVERSIZE 16S MAMU,OS ARMY GREEN V16 PDK L,43131,7,0,0,43131,301917,345048
Jul-2026,TIGALAPANKAOS MANADO,OVERSIZE 16S MAMU,OS ARMY GREEN V16 PDK L,0,7,0,0,43131,301917,301917
Agu-2026,TIGALAPANKAOS MANADO,OVERSIZE 16S MAMU,OS ARMY GREEN V16 PDK L,0,7,0,0,43131,301917,301917
Sep-2026,TIGALAPANKAOS MANADO,OVERSIZE 16S MAMU,OS ARMY GREEN V16 PDK L,43131,6,0,0,43131,258786,301917
Okt-2026,TIGALAPANKAOS MANADO,OVERSIZE 16S MAMU,OS ARMY GREEN V16 PDK L,0,6,0,0,43131,258786,258786
Jan-2026,TIGALAPANKAOS MANADO,OVERSIZE 16S MAMU,OS ARMY GREEN V16 PDK M,0,7,0,0,44081,308567,0
Feb-2026,TIGALAPANKAOS MANADO,OVERSIZE 16S MAMU,OS ARMY GREEN V16 PDK M,44081,6,0,0,44081,264486,308567
Mar-2026,TIGALAPANKAOS MANADO,OVERSIZE 16S MAMU,OS ARMY GREEN V16 PDK M,44081,4,0,0,44081,176324,264486
Apr-2026,TIGALAPANKAOS MANADO,OVERSIZE 16S MAMU,OS ARMY GREEN V16 PDK M,0,3,0,0,44081,132243,176324
Mei-2026,TIGALAPANKAOS MANADO,OVERSIZE 16S MAMU,OS ARMY GREEN V16 PDK M,0,3,0,0,44081,132243,132243
Jun-2026,TIGALAPANKAOS MANADO,OVERSIZE 16S MAMU,OS ARMY GREEN V16 PDK M,0,3,0,0,44081,132243,132243
Jul-2026,TIGALAPANKAOS MANADO,OVERSIZE 16S MAMU,OS ARMY GREEN V16 PDK M,0,3,0,0,44081,132243,132243
Agu-2026,TIGALAPANKAOS MANADO,OVERSIZE 16S MAMU,OS ARMY GREEN V16 PDK M,0,3,0,0,44081,132243,132243
Sep-2026,TIGALAPANKAOS MANADO,OVERSIZE 16S MAMU,OS ARMY GREEN V16 PDK M,0,3,0,0,44081,132243,132243
Okt-2026,TIGALAPANKAOS MANADO,OVERSIZE 16S MAMU,OS ARMY GREEN V16 PDK M,0,3,0,0,44081,132243,132243
Jan-2026,TIGALAPANKAOS MANADO,OVERSIZE 16S MAMU,OS ARMY GREEN V16 PDK S,0,5,0,0,46697,233485,0
Feb-2026,TIGALAPANKAOS MANADO,OVERSIZE 16S MAMU,OS ARMY GREEN V16 PDK S,0,5,0,0,46697,233485,233485
Mar-2026,TIGALAPANKAOS MANADO,OVERSIZE 16S MAMU,OS ARMY GREEN V16 PDK S,0,5,0,0,46697,233485,233485
Apr-2026,TIGALAPANKAOS MANADO,OVERSIZE 16S MAMU,OS ARMY GREEN V16 PDK S,0,5,0,0,46697,233485,233485
Mei-2026,TIGALAPANKAOS MANADO,OVERSIZE 16S MAMU,OS ARMY GREEN V16 PDK S,0,5,0,0,46697,233485,233485
Jun-2026,TIGALAPANKAOS MANADO,OVERSIZE 16S MAMU,OS ARMY GREEN V16 PDK S,0,5,0,0,46697,233485,233485
Jul-2026,TIGALAPANKAOS MANADO,OVERSIZE 16S MAMU,OS ARMY GREEN V16 PDK S,0,5,0,0,46697,233485,233485
Agu-2026,TIGALAPANKAOS MANADO,OVERSIZE 16S MAMU,OS ARMY GREEN V16 PDK S,0,5,0,0,46697,233485,233485
Sep-2026,TIGALAPANKAOS MANADO,OVERSIZE 16S MAMU,OS ARMY GREEN V16 PDK S,0,5,0,0,46697,233485,233485
Okt-2026,TIGALAPANKAOS MANADO,OVERSIZE 16S MAMU,OS ARMY GREEN V16 PDK S,0,5,0,0,46697,233485,233485
Jan-2026,TIGALAPANKAOS MANADO,OVERSIZE 16S MAMU,OS ARMY GREEN V16 PDK XL,0,13,0,0,44476,578188,0
Feb-2026,TIGALAPANKAOS MANADO,OVERSIZE 16S MAMU,OS ARMY GREEN V16 PDK XL,44476,12,0,0,44476,533712,578188
Mar-2026,TIGALAPANKAOS MANADO,OVERSIZE 16S MAMU,OS ARMY GREEN V16 PDK XL,0,10,0,0,44476,444760,533712
Apr-2026,TIGALAPANKAOS MANADO,OVERSIZE 16S MAMU,OS ARMY GREEN V16 PDK XL,0,10,0,0,44476,444760,444760
Mei-2026,TIGALAPANKAOS MANADO,OVERSIZE 16S MAMU,OS ARMY GREEN V16 PDK XL,0,10,0,0,44476,444760,444760
Jun-2026,TIGALAPANKAOS MANADO,OVERSIZE 16S MAMU,OS ARMY GREEN V16 PDK XL,44476,9,0,0,44476,400284,444760
Jul-2026,TIGALAPANKAOS MANADO,OVERSIZE 16S MAMU,OS ARMY GREEN V16 PDK XL,44476,9,0,0,44476,400284,400284
Agu-2026,TIGALAPANKAOS MANADO,OVERSIZE 16S MAMU,OS ARMY GREEN V16 PDK XL,0,8,0,0,44476,355808,400284
Sep-2026,TIGALAPANKAOS MANADO,OVERSIZE 16S MAMU,OS ARMY GREEN V16 PDK XL,0,8,0,0,44476,355808,355808
Okt-2026,TIGALAPANKAOS MANADO,OVERSIZE 16S MAMU,OS ARMY GREEN V16 PDK XL,0,8,0,0,44476,355808,355808
Jan-2026,TIGALAPANKAOS MANADO,OVERSIZE 16S MAMU,OS COKLAT SUSU V16 PDK 2XL,0,8,0,0,42820,342560,0
Feb-2026,TIGALAPANKAOS MANADO,OVERSIZE 16S MAMU,OS COKLAT SUSU V16 PDK 2XL,0,8,0,0,42820,342560,342560
Mar-2026,TIGALAPANKAOS MANADO,OVERSIZE 16S MAMU,OS COKLAT SUSU V16 PDK 2XL,42820,6,0,0,42820,256920,342560
Apr-2026,TIGALAPANKAOS MANADO,OVERSIZE 16S MAMU,OS COKLAT SUSU V16 PDK 2XL,0,5,0,0,42820,214100,256920
Mei-2026,TIGALAPANKAOS MANADO,OVERSIZE 16S MAMU,OS COKLAT SUSU V16 PDK 2XL,0,5,0,0,42820,214100,214100
Jun-2026,TIGALAPANKAOS MANADO,OVERSIZE 16S MAMU,OS COKLAT SUSU V16 PDK 2XL,0,5,0,0,42820,214100,214100
Jul-2026,TIGALAPANKAOS MANADO,OVERSIZE 16S MAMU,OS COKLAT SUSU V16 PDK 2XL,0,5,0,0,42820,214100,214100
Agu-2026,TIGALAPANKAOS MANADO,OVERSIZE 16S MAMU,OS COKLAT SUSU V16 PDK 2XL,85640,3,0,0,42820,128460,214100
Sep-2026,TIGALAPANKAOS MANADO,OVERSIZE 16S MAMU,OS COKLAT SUSU V16 PDK 2XL,0,3,0,0,42820,128460,128460
Okt-2026,TIGALAPANKAOS MANADO,OVERSIZE 16S MAMU,OS COKLAT SUSU V16 PDK 2XL,0,3,0,0,42820,128460,128460
Jan-2026,TIGALAPANKAOS MANADO,OVERSIZE 16S MAMU,OS COKLAT SUSU V16 PDK L,83334,5,0,0,41667,208335,0
Feb-2026,TIGALAPANKAOS MANADO,OVERSIZE 16S MAMU,OS COKLAT SUSU V16 PDK L,0,5,0,0,41667,208335,208335
Mar-2026,TIGALAPANKAOS MANADO,OVERSIZE 16S MAMU,OS COKLAT SUSU V16 PDK L,0,5,0,0,41667,208335,208335
Apr-2026,TIGALAPANKAOS MANADO,OVERSIZE 16S MAMU,OS COKLAT SUSU V16 PDK L,0,2,0,0,41667,83334,208335
Mei-2026,TIGALAPANKAOS MANADO,OVERSIZE 16S MAMU,OS COKLAT SUSU V16 PDK L,0,2,0,0,41667,83334,83334
Jun-2026,TIGALAPANKAOS MANADO,OVERSIZE 16S MAMU,OS COKLAT SUSU V16 PDK L,41667,1,0,0,41667,41667,83334
Jul-2026,TIGALAPANKAOS MANADO,OVERSIZE 16S MAMU,OS COKLAT SUSU V16 PDK L,0,1,0,0,41667,41667,41667
Agu-2026,TIGALAPANKAOS MANADO,OVERSIZE 16S MAMU,OS COKLAT SUSU V16 PDK L,0,1,0,0,41667,41667,41667
Sep-2026,TIGALAPANKAOS MANADO,OVERSIZE 16S MAMU,OS COKLAT SUSU V16 PDK L,0,1,0,0,41667,41667,41667
Okt-2026,TIGALAPANKAOS MANADO,OVERSIZE 16S MAMU,OS COKLAT SUSU V16 PDK L,0,1,0,0,41667,41667,41667
Jan-2026,TIGALAPANKAOS MANADO,OVERSIZE 16S MAMU,OS COKLAT SUSU V16 PDK M,0,9,0,0,42349,381141,0
Feb-2026,TIGALAPANKAOS MANADO,OVERSIZE 16S MAMU,OS COKLAT SUSU V16 PDK M,42349,8,0,0,42349,338792,381141
Mar-2026,TIGALAPANKAOS MANADO,OVERSIZE 16S MAMU,OS COKLAT SUSU V16 PDK M,0,7,0,0,42349,296443,338792
Apr-2026,TIGALAPANKAOS MANADO,OVERSIZE 16S MAMU,OS COKLAT SUSU V16 PDK M,0,4,0,0,42349,169396,296443
Mei-2026,TIGALAPANKAOS MANADO,OVERSIZE 16S MAMU,OS COKLAT SUSU V16 PDK M,0,5,0,0,42349,211745,169396
Jun-2026,TIGALAPANKAOS MANADO,OVERSIZE 16S MAMU,OS COKLAT SUSU V16 PDK M,0,4,0,0,42349,169396,211745
Jul-2026,TIGALAPANKAOS MANADO,OVERSIZE 16S MAMU,OS COKLAT SUSU V16 PDK M,0,4,0,0,42349,169396,169396
Agu-2026,TIGALAPANKAOS MANADO,OVERSIZE 16S MAMU,OS COKLAT SUSU V16 PDK M,0,4,0,0,42349,169396,169396
Sep-2026,TIGALAPANKAOS MANADO,OVERSIZE 16S MAMU,OS COKLAT SUSU V16 PDK M,0,4,0,0,42349,169396,169396
Okt-2026,TIGALAPANKAOS MANADO,OVERSIZE 16S MAMU,OS COKLAT SUSU V16 PDK M,0,4,0,0,42349,169396,169396
Jan-2026,TIGALAPANKAOS MANADO,OVERSIZE 16S MAMU,OS COKLAT SUSU V16 PDK S,0,9,0,0,42349,381141,0
Feb-2026,TIGALAPANKAOS MANADO,OVERSIZE 16S MAMU,OS COKLAT SUSU V16 PDK S,0,9,0,0,42349,381141,381141
Mar-2026,TIGALAPANKAOS MANADO,OVERSIZE 16S MAMU,OS COKLAT SUSU V16 PDK S,0,8,0,0,42349,338792,381141
Apr-2026,TIGALAPANKAOS MANADO,OVERSIZE 16S MAMU,OS COKLAT SUSU V16 PDK S,0,7,0,0,42349,296443,338792
Mei-2026,TIGALAPANKAOS MANADO,OVERSIZE 16S MAMU,OS COKLAT SUSU V16 PDK S,0,7,0,0,42349,296443,296443
Jun-2026,TIGALAPANKAOS MANADO,OVERSIZE 16S MAMU,OS COKLAT SUSU V16 PDK S,42349,6,0,0,42349,254094,296443
Jul-2026,TIGALAPANKAOS MANADO,OVERSIZE 16S MAMU,OS COKLAT SUSU V16 PDK S,0,6,0,0,42349,254094,254094
Agu-2026,TIGALAPANKAOS MANADO,OVERSIZE 16S MAMU,OS COKLAT SUSU V16 PDK S,0,6,0,0,42349,254094,254094
Sep-2026,TIGALAPANKAOS MANADO,OVERSIZE 16S MAMU,OS COKLAT SUSU V16 PDK S,0,6,0,0,42349,254094,254094
Okt-2026,TIGALAPANKAOS MANADO,OVERSIZE 16S MAMU,OS COKLAT SUSU V16 PDK S,0,6,0,0,42349,254094,254094
Jan-2026,TIGALAPANKAOS MANADO,OVERSIZE 16S MAMU,OS COKLAT SUSU V16 PDK XL,0,8,0,0,42725,341800,0
Feb-2026,TIGALAPANKAOS MANADO,OVERSIZE 16S MAMU,OS COKLAT SUSU V16 PDK XL,85450,7,0,0,42725,299075,341800
Mar-2026,TIGALAPANKAOS MANADO,OVERSIZE 16S MAMU,OS COKLAT SUSU V16 PDK XL,0,6,0,0,42725,256350,299075
Apr-2026,TIGALAPANKAOS MANADO,OVERSIZE 16S MAMU,OS COKLAT SUSU V16 PDK XL,0,6,0,0,42725,256350,256350
Mei-2026,TIGALAPANKAOS MANADO,OVERSIZE 16S MAMU,OS COKLAT SUSU V16 PDK XL,0,5,0,0,42725,213625,256350
Jun-2026,TIGALAPANKAOS MANADO,OVERSIZE 16S MAMU,OS COKLAT SUSU V16 PDK XL,0,5,0,0,42725,213625,213625
Jul-2026,TIGALAPANKAOS MANADO,OVERSIZE 16S MAMU,OS COKLAT SUSU V16 PDK XL,42725,5,0,0,42725,213625,213625
Agu-2026,TIGALAPANKAOS MANADO,OVERSIZE 16S MAMU,OS COKLAT SUSU V16 PDK XL,0,4,0,0,42725,170900,213625
Sep-2026,TIGALAPANKAOS MANADO,OVERSIZE 16S MAMU,OS COKLAT SUSU V16 PDK XL,0,4,0,0,42725,170900,170900
Okt-2026,TIGALAPANKAOS MANADO,OVERSIZE 16S MAMU,OS COKLAT SUSU V16 PDK XL,0,4,0,0,42725,170900,170900
Jan-2026,TIGALAPANKAOS MANADO,OVERSIZE 16S MAMU,OS DENIM BLUE V16 PDK 2XL,0,9,0,0,42601,383409,0
Feb-2026,TIGALAPANKAOS MANADO,OVERSIZE 16S MAMU,OS DENIM BLUE V16 PDK 2XL,0,9,0,0,42601,383409,383409
Mar-2026,TIGALAPANKAOS MANADO,OVERSIZE 16S MAMU,OS DENIM BLUE V16 PDK 2XL,42601,7,0,0,42601,298207,383409
Apr-2026,TIGALAPANKAOS MANADO,OVERSIZE 16S MAMU,OS DENIM BLUE V16 PDK 2XL,170404,3,0,0,42601,127803,298207
Mei-2026,TIGALAPANKAOS MANADO,OVERSIZE 16S MAMU,OS DENIM BLUE V16 PDK 2XL,0,3,0,0,42601,127803,127803
Jun-2026,TIGALAPANKAOS MANADO,OVERSIZE 16S MAMU,OS DENIM BLUE V16 PDK 2XL,0,3,0,0,42601,127803,127803
Jul-2026,TIGALAPANKAOS MANADO,OVERSIZE 16S MAMU,OS DENIM BLUE V16 PDK 2XL,0,3,0,0,42601,127803,127803
Agu-2026,TIGALAPANKAOS MANADO,OVERSIZE 16S MAMU,OS DENIM BLUE V16 PDK 2XL,0,3,0,0,42601,127803,127803
Sep-2026,TIGALAPANKAOS MANADO,OVERSIZE 16S MAMU,OS DENIM BLUE V16 PDK 2XL,0,3,0,0,42601,127803,127803
Okt-2026,TIGALAPANKAOS MANADO,OVERSIZE 16S MAMU,OS DENIM BLUE V16 PDK 2XL,0,3,0,0,42601,127803,127803
Jan-2026,TIGALAPANKAOS MANADO,OVERSIZE 16S MAMU,OS DENIM BLUE V16 PDK L,0,20,0,0,41469,829380,0
Feb-2026,TIGALAPANKAOS MANADO,OVERSIZE 16S MAMU,OS DENIM BLUE V16 PDK L,41469,19,0,0,41469,787911,829380
Mar-2026,TIGALAPANKAOS MANADO,OVERSIZE 16S MAMU,OS DENIM BLUE V16 PDK L,0,16,0,0,38625,618000,787911
Apr-2026,TIGALAPANKAOS MANADO,OVERSIZE 16S MAMU,OS DENIM BLUE V16 PDK L,331752,7,0,0,38625,270375,618000
Mei-2026,TIGALAPANKAOS MANADO,OVERSIZE 16S MAMU,OS DENIM BLUE V16 PDK L,0,7,0,0,38821,271747,270375
Jun-2026,TIGALAPANKAOS MANADO,OVERSIZE 16S MAMU,OS DENIM BLUE V16 PDK L,0,6,0,0,38821,232926,271747
Jul-2026,TIGALAPANKAOS MANADO,OVERSIZE 16S MAMU,OS DENIM BLUE V16 PDK L,0,6,0,0,38821,232926,232926
Agu-2026,TIGALAPANKAOS MANADO,OVERSIZE 16S MAMU,OS DENIM BLUE V16 PDK L,41469,5,0,0,38821,194105,232926
Sep-2026,TIGALAPANKAOS MANADO,OVERSIZE 16S MAMU,OS DENIM BLUE V16 PDK L,0,5,0,0,38821,194105,194105
Okt-2026,TIGALAPANKAOS MANADO,OVERSIZE 16S MAMU,OS DENIM BLUE V16 PDK L,0,5,0,0,38821,194105,194105
Jan-2026,TIGALAPANKAOS MANADO,OVERSIZE 16S MAMU,OS DENIM BLUE V16 PDK M,0,14,0,0,41868,586152,0
Feb-2026,TIGALAPANKAOS MANADO,OVERSIZE 16S MAMU,OS DENIM BLUE V16 PDK M,83736,12,0,0,41868,502416,586152
Mar-2026,TIGALAPANKAOS MANADO,OVERSIZE 16S MAMU,OS DENIM BLUE V16 PDK M,0,10,0,0,38447,384470,502416
Apr-2026,TIGALAPANKAOS MANADO,OVERSIZE 16S MAMU,OS DENIM BLUE V16 PDK M,251208,3,0,0,38447,115341,384470
Mei-2026,TIGALAPANKAOS MANADO,OVERSIZE 16S MAMU,OS DENIM BLUE V16 PDK M,0,3,0,0,41868,125604,115341
Jun-2026,TIGALAPANKAOS MANADO,OVERSIZE 16S MAMU,OS DENIM BLUE V16 PDK M,0,3,0,0,41868,125604,125604
Jul-2026,TIGALAPANKAOS MANADO,OVERSIZE 16S MAMU,OS DENIM BLUE V16 PDK M,0,3,0,0,41868,125604,125604
Agu-2026,TIGALAPANKAOS MANADO,OVERSIZE 16S MAMU,OS DENIM BLUE V16 PDK M,0,3,0,0,41868,125604,125604
Sep-2026,TIGALAPANKAOS MANADO,OVERSIZE 16S MAMU,OS DENIM BLUE V16 PDK M,41868,2,0,0,41868,83736,125604
Okt-2026,TIGALAPANKAOS MANADO,OVERSIZE 16S MAMU,OS DENIM BLUE V16 PDK M,0,2,3,0,41868,209340,83736
Okt-2026,TIGALAPANKAOS MANADO,OVERSIZE 16S MAMU,OS DENIM BLUE V16 PDK S,0,0,2,0,38550,77100,0
Jan-2026,TIGALAPANKAOS MANADO,OVERSIZE 16S MAMU,OS DENIM BLUE V16 PDK XL,0,9,0,0,41868,376812,0
Feb-2026,TIGALAPANKAOS MANADO,OVERSIZE 16S MAMU,OS DENIM BLUE V16 PDK XL,41868,8,0,0,41868,334944,376812
Mar-2026,TIGALAPANKAOS MANADO,OVERSIZE 16S MAMU,OS DENIM BLUE V16 PDK XL,0,7,0,0,41868,293076,334944
Apr-2026,TIGALAPANKAOS MANADO,OVERSIZE 16S MAMU,OS DENIM BLUE V16 PDK XL,83736,3,0,0,41868,125604,293076
Mei-2026,TIGALAPANKAOS MANADO,OVERSIZE 16S MAMU,OS DENIM BLUE V16 PDK XL,0,3,0,0,41868,125604,125604
Jun-2026,TIGALAPANKAOS MANADO,OVERSIZE 16S MAMU,OS DENIM BLUE V16 PDK XL,0,3,0,0,41868,125604,125604
Jul-2026,TIGALAPANKAOS MANADO,OVERSIZE 16S MAMU,OS DENIM BLUE V16 PDK XL,0,3,0,0,41868,125604,125604
Agu-2026,TIGALAPANKAOS MANADO,OVERSIZE 16S MAMU,OS DENIM BLUE V16 PDK XL,0,3,0,0,41868,125604,125604
Sep-2026,TIGALAPANKAOS MANADO,OVERSIZE 16S MAMU,OS DENIM BLUE V16 PDK XL,0,3,0,0,41868,125604,125604
Okt-2026,TIGALAPANKAOS MANADO,OVERSIZE 16S MAMU,OS DENIM BLUE V16 PDK XL,0,3,0,0,41868,125604,125604
Jun-2026,TIGALAPANKAOS MANADO,OVERSIZE 16S MAMU,OS JET BLACK V16 PDK 2XL,115594,0,0,0,46112,0,0
Jun-2026,TIGALAPANKAOS MANADO,OVERSIZE 16S MAMU,OS JET BLACK V16 PDK L,270240,0,0,0,44390,0,0
Okt-2026,TIGALAPANKAOS MANADO,OVERSIZE 16S MAMU,OS JET BLACK V16 PDK L,0,0,7,0,45040,315280,0
Jun-2026,TIGALAPANKAOS MANADO,OVERSIZE 16S MAMU,OS JET BLACK V16 PDK M,44890,0,0,0,44390,0,0
Okt-2026,TIGALAPANKAOS MANADO,OVERSIZE 16S MAMU,OS JET BLACK V16 PDK M,0,0,5,0,44890,224450,0
Jun-2026,TIGALAPANKAOS MANADO,OVERSIZE 16S MAMU,OS JET BLACK V16 PDK S,56629,1,0,0,44946,44946,0
Jul-2026,TIGALAPANKAOS MANADO,OVERSIZE 16S MAMU,OS JET BLACK V16 PDK S,0,0,0,0,44946,0,44946
Okt-2026,TIGALAPANKAOS MANADO,OVERSIZE 16S MAMU,OS JET BLACK V16 PDK S,0,0,5,0,44946,224730,0
Jun-2026,TIGALAPANKAOS MANADO,OVERSIZE 16S MAMU,OS JET BLACK V16 PDK XL,693564,0,0,0,44390,0,0
Okt-2026,TIGALAPANKAOS MANADO,OVERSIZE 16S MAMU,OS JET BLACK V16 PDK XL,0,0,2,0,45054,90108,0
Jan-2026,TIGALAPANKAOS MANADO,OVERSIZE 16S MAMU,OS LIGHT BROWN V16 PDK 2XL,0,2,0,0,41365,82730,0
Feb-2026,TIGALAPANKAOS MANADO,OVERSIZE 16S MAMU,OS LIGHT BROWN V16 PDK 2XL,0,2,0,0,41365,82730,82730
Mar-2026,TIGALAPANKAOS MANADO,OVERSIZE 16S MAMU,OS LIGHT BROWN V16 PDK 2XL,41365,1,0,0,41365,41365,82730
Apr-2026,TIGALAPANKAOS MANADO,OVERSIZE 16S MAMU,OS LIGHT BROWN V16 PDK 2XL,0,1,0,0,41365,41365,41365
Mei-2026,TIGALAPANKAOS MANADO,OVERSIZE 16S MAMU,OS LIGHT BROWN V16 PDK 2XL,0,1,0,0,41365,41365,41365
Jun-2026,TIGALAPANKAOS MANADO,OVERSIZE 16S MAMU,OS LIGHT BROWN V16 PDK 2XL,0,1,0,0,41365,41365,41365
Jul-2026,TIGALAPANKAOS MANADO,OVERSIZE 16S MAMU,OS LIGHT BROWN V16 PDK 2XL,0,1,0,0,41365,41365,41365
Agu-2026,TIGALAPANKAOS MANADO,OVERSIZE 16S MAMU,OS LIGHT BROWN V16 PDK 2XL,0,1,0,0,41365,41365,41365
Sep-2026,TIGALAPANKAOS MANADO,OVERSIZE 16S MAMU,OS LIGHT BROWN V16 PDK 2XL,0,1,0,0,41365,41365,41365
Okt-2026,TIGALAPANKAOS MANADO,OVERSIZE 16S MAMU,OS LIGHT BROWN V16 PDK 2XL,0,1,0,0,41365,41365,41365
Jan-2026,TIGALAPANKAOS MANADO,OVERSIZE 16S MAMU,OS LIGHT BROWN V16 PDK L,0,12,0,0,39226,470712,0
Feb-2026,TIGALAPANKAOS MANADO,OVERSIZE 16S MAMU,OS LIGHT BROWN V16 PDK L,0,12,0,0,39226,470712,470712
Mar-2026,TIGALAPANKAOS MANADO,OVERSIZE 16S MAMU,OS LIGHT BROWN V16 PDK L,39226,9,0,0,39226,353034,470712
Apr-2026,TIGALAPANKAOS MANADO,OVERSIZE 16S MAMU,OS LIGHT BROWN V16 PDK L,39226,5,0,0,38902,194510,353034
Mei-2026,TIGALAPANKAOS MANADO,OVERSIZE 16S MAMU,OS LIGHT BROWN V16 PDK L,0,5,0,0,38939,194695,194510
Jun-2026,TIGALAPANKAOS MANADO,OVERSIZE 16S MAMU,OS LIGHT BROWN V16 PDK L,39226,4,0,0,38939,155756,194695
Jul-2026,TIGALAPANKAOS MANADO,OVERSIZE 16S MAMU,OS LIGHT BROWN V16 PDK L,39226,3,0,0,38939,116817,155756
Agu-2026,TIGALAPANKAOS MANADO,OVERSIZE 16S MAMU,OS LIGHT BROWN V16 PDK L,0,3,0,0,38939,116817,116817
Sep-2026,TIGALAPANKAOS MANADO,OVERSIZE 16S MAMU,OS LIGHT BROWN V16 PDK L,39226,2,0,0,38939,77878,116817
Okt-2026,TIGALAPANKAOS MANADO,OVERSIZE 16S MAMU,OS LIGHT BROWN V16 PDK L,78452,0,2,0,38939,77878,77878
Jan-2026,TIGALAPANKAOS MANADO,OVERSIZE 16S MAMU,OS LIGHT BROWN V16 PDK M,0,5,0,0,39714,198570,0
Feb-2026,TIGALAPANKAOS MANADO,OVERSIZE 16S MAMU,OS LIGHT BROWN V16 PDK M,39714,5,0,0,39714,198570,198570
Mar-2026,TIGALAPANKAOS MANADO,OVERSIZE 16S MAMU,OS LIGHT BROWN V16 PDK M,0,4,0,0,39714,158856,198570
Apr-2026,TIGALAPANKAOS MANADO,OVERSIZE 16S MAMU,OS LIGHT BROWN V16 PDK M,0,4,0,0,38905,155620,158856
Mei-2026,TIGALAPANKAOS MANADO,OVERSIZE 16S MAMU,OS LIGHT BROWN V16 PDK M,39714,3,0,0,38905,116715,155620
Jun-2026,TIGALAPANKAOS MANADO,OVERSIZE 16S MAMU,OS LIGHT BROWN V16 PDK M,0,3,0,0,38905,116715,116715
Jul-2026,TIGALAPANKAOS MANADO,OVERSIZE 16S MAMU,OS LIGHT BROWN V16 PDK M,0,3,0,0,38905,116715,116715
Agu-2026,TIGALAPANKAOS MANADO,OVERSIZE 16S MAMU,OS LIGHT BROWN V16 PDK M,39390,4,0,0,38905,155620,116715
Sep-2026,TIGALAPANKAOS MANADO,OVERSIZE 16S MAMU,OS LIGHT BROWN V16 PDK M,0,4,0,0,38905,155620,155620
Okt-2026,TIGALAPANKAOS MANADO,OVERSIZE 16S MAMU,OS LIGHT BROWN V16 PDK M,0,4,5,0,38905,350145,155620
Jan-2026,TIGALAPANKAOS MANADO,OVERSIZE 16S MAMU,OS LIGHT BROWN V16 PDK S,0,8,0,0,41829,334632,0
Feb-2026,TIGALAPANKAOS MANADO,OVERSIZE 16S MAMU,OS LIGHT BROWN V16 PDK S,0,8,0,0,41829,334632,334632
Mar-2026,TIGALAPANKAOS MANADO,OVERSIZE 16S MAMU,OS LIGHT BROWN V16 PDK S,0,7,0,0,41829,292803,334632
Apr-2026,TIGALAPANKAOS MANADO,OVERSIZE 16S MAMU,OS LIGHT BROWN V16 PDK S,0,7,0,0,38893,272251,292803
Mei-2026,TIGALAPANKAOS MANADO,OVERSIZE 16S MAMU,OS LIGHT BROWN V16 PDK S,0,5,0,0,38965,194825,272251
Jun-2026,TIGALAPANKAOS MANADO,OVERSIZE 16S MAMU,OS LIGHT BROWN V16 PDK S,0,5,0,0,38965,194825,194825
Jul-2026,TIGALAPANKAOS MANADO,OVERSIZE 16S MAMU,OS LIGHT BROWN V16 PDK S,0,5,0,0,38965,194825,194825
Agu-2026,TIGALAPANKAOS MANADO,OVERSIZE 16S MAMU,OS LIGHT BROWN V16 PDK S,0,5,0,0,38965,194825,194825
Sep-2026,TIGALAPANKAOS MANADO,OVERSIZE 16S MAMU,OS LIGHT BROWN V16 PDK S,0,5,0,0,38965,194825,194825
Okt-2026,TIGALAPANKAOS MANADO,OVERSIZE 16S MAMU,OS LIGHT BROWN V16 PDK S,0,5,0,0,38965,194825,194825
Jan-2026,TIGALAPANKAOS MANADO,OVERSIZE 16S MAMU,OS LIGHT BROWN V16 PDK XL,0,14,0,0,39714,555996,0
Feb-2026,TIGALAPANKAOS MANADO,OVERSIZE 16S MAMU,OS LIGHT BROWN V16 PDK XL,0,14,0,0,39714,555996,555996
Mar-2026,TIGALAPANKAOS MANADO,OVERSIZE 16S MAMU,OS LIGHT BROWN V16 PDK XL,0,12,0,0,39714,476568,555996
Apr-2026,TIGALAPANKAOS MANADO,OVERSIZE 16S MAMU,OS LIGHT BROWN V16 PDK XL,0,10,0,0,39714,397140,476568
Mei-2026,TIGALAPANKAOS MANADO,OVERSIZE 16S MAMU,OS LIGHT BROWN V16 PDK XL,0,10,0,0,39714,397140,397140
Jun-2026,TIGALAPANKAOS MANADO,OVERSIZE 16S MAMU,OS LIGHT BROWN V16 PDK XL,0,9,0,0,39714,357426,397140
Jul-2026,TIGALAPANKAOS MANADO,OVERSIZE 16S MAMU,OS LIGHT BROWN V16 PDK XL,0,9,0,0,39714,357426,357426
Agu-2026,TIGALAPANKAOS MANADO,OVERSIZE 16S MAMU,OS LIGHT BROWN V16 PDK XL,39714,8,0,0,39714,317712,357426
Sep-2026,TIGALAPANKAOS MANADO,OVERSIZE 16S MAMU,OS LIGHT BROWN V16 PDK XL,0,8,0,0,39714,317712,317712
Okt-2026,TIGALAPANKAOS MANADO,OVERSIZE 16S MAMU,OS LIGHT BROWN V16 PDK XL,0,8,0,0,39714,317712,317712
Mar-2026,TIGALAPANKAOS MANADO,OVERSIZE 16S MAMU,OS MINERAL GREEN V16 PDK 2XL,0,1,0,0,44432,44432,0
Apr-2026,TIGALAPANKAOS MANADO,OVERSIZE 16S MAMU,OS MINERAL GREEN V16 PDK 2XL,0,1,0,0,44432,44432,44432
Mei-2026,TIGALAPANKAOS MANADO,OVERSIZE 16S MAMU,OS MINERAL GREEN V16 PDK 2XL,0,1,0,0,44432,44432,44432
Jun-2026,TIGALAPANKAOS MANADO,OVERSIZE 16S MAMU,OS MINERAL GREEN V16 PDK 2XL,0,1,0,0,44432,44432,44432
Jul-2026,TIGALAPANKAOS MANADO,OVERSIZE 16S MAMU,OS MINERAL GREEN V16 PDK 2XL,0,0,0,0,44432,0,44432
Jan-2026,TIGALAPANKAOS MANADO,OVERSIZE 16S MAMU,OS MINERAL GREEN V16 PDK L,0,6,0,0,42084,252504,0
Feb-2026,TIGALAPANKAOS MANADO,OVERSIZE 16S MAMU,OS MINERAL GREEN V16 PDK L,0,6,0,0,42084,252504,252504
Mar-2026,TIGALAPANKAOS MANADO,OVERSIZE 16S MAMU,OS MINERAL GREEN V16 PDK L,84168,4,0,0,42084,168336,252504
Apr-2026,TIGALAPANKAOS MANADO,OVERSIZE 16S MAMU,OS MINERAL GREEN V16 PDK L,0,4,0,0,40339,161356,168336
Mei-2026,TIGALAPANKAOS MANADO,OVERSIZE 16S MAMU,OS MINERAL GREEN V16 PDK L,0,4,0,0,40339,161356,161356
Jun-2026,TIGALAPANKAOS MANADO,OVERSIZE 16S MAMU,OS MINERAL GREEN V16 PDK L,42084,3,0,0,40339,121017,161356
Jul-2026,TIGALAPANKAOS MANADO,OVERSIZE 16S MAMU,OS MINERAL GREEN V16 PDK L,0,3,0,0,40339,121017,121017
Agu-2026,TIGALAPANKAOS MANADO,OVERSIZE 16S MAMU,OS MINERAL GREEN V16 PDK L,0,3,0,0,40339,121017,121017
Sep-2026,TIGALAPANKAOS MANADO,OVERSIZE 16S MAMU,OS MINERAL GREEN V16 PDK L,0,3,0,0,40339,121017,121017
Okt-2026,TIGALAPANKAOS MANADO,OVERSIZE 16S MAMU,OS MINERAL GREEN V16 PDK L,42084,2,0,0,40339,80678,121017
Jan-2026,TIGALAPANKAOS MANADO,OVERSIZE 16S MAMU,OS MINERAL GREEN V16 PDK M,0,9,0,0,42154,379386,0
Feb-2026,TIGALAPANKAOS MANADO,OVERSIZE 16S MAMU,OS MINERAL GREEN V16 PDK M,0,9,0,0,42154,379386,379386
Mar-2026,TIGALAPANKAOS MANADO,OVERSIZE 16S MAMU,OS MINERAL GREEN V16 PDK M,0,8,0,0,40389,323112,379386
Apr-2026,TIGALAPANKAOS MANADO,OVERSIZE 16S MAMU,OS MINERAL GREEN V16 PDK M,0,7,0,0,40374,282618,323112
Mei-2026,TIGALAPANKAOS MANADO,OVERSIZE 16S MAMU,OS MINERAL GREEN V16 PDK M,0,6,0,0,40407,242442,282618
Jun-2026,TIGALAPANKAOS MANADO,OVERSIZE 16S MAMU,OS MINERAL GREEN V16 PDK M,0,6,0,0,40407,242442,242442
Jul-2026,TIGALAPANKAOS MANADO,OVERSIZE 16S MAMU,OS MINERAL GREEN V16 PDK M,0,6,0,0,40407,242442,242442
Agu-2026,TIGALAPANKAOS MANADO,OVERSIZE 16S MAMU,OS MINERAL GREEN V16 PDK M,0,6,0,0,40407,242442,242442
Sep-2026,TIGALAPANKAOS MANADO,OVERSIZE 16S MAMU,OS MINERAL GREEN V16 PDK M,0,6,0,0,40407,242442,242442
Okt-2026,TIGALAPANKAOS MANADO,OVERSIZE 16S MAMU,OS MINERAL GREEN V16 PDK M,0,6,0,0,40407,242442,242442
Jan-2026,TIGALAPANKAOS MANADO,OVERSIZE 16S MAMU,OS MINERAL GREEN V16 PDK S,43911,3,0,0,43911,131733,0
Feb-2026,TIGALAPANKAOS MANADO,OVERSIZE 16S MAMU,OS MINERAL GREEN V16 PDK S,0,3,0,0,43911,131733,131733
Mar-2026,TIGALAPANKAOS MANADO,OVERSIZE 16S MAMU,OS MINERAL GREEN V16 PDK S,0,3,0,0,40339,121017,131733
Apr-2026,TIGALAPANKAOS MANADO,OVERSIZE 16S MAMU,OS MINERAL GREEN V16 PDK S,0,2,0,0,40339,80678,121017
Mei-2026,TIGALAPANKAOS MANADO,OVERSIZE 16S MAMU,OS MINERAL GREEN V16 PDK S,0,2,0,0,40376,80752,80678
Jun-2026,TIGALAPANKAOS MANADO,OVERSIZE 16S MAMU,OS MINERAL GREEN V16 PDK S,43911,1,0,0,40376,40376,80752
Jul-2026,TIGALAPANKAOS MANADO,OVERSIZE 16S MAMU,OS MINERAL GREEN V16 PDK S,0,1,0,0,40376,40376,40376
Agu-2026,TIGALAPANKAOS MANADO,OVERSIZE 16S MAMU,OS MINERAL GREEN V16 PDK S,0,5,0,0,40376,201880,40376
Sep-2026,TIGALAPANKAOS MANADO,OVERSIZE 16S MAMU,OS MINERAL GREEN V16 PDK S,0,5,0,0,40376,201880,201880
Okt-2026,TIGALAPANKAOS MANADO,OVERSIZE 16S MAMU,OS MINERAL GREEN V16 PDK S,0,5,0,0,40376,201880,201880
Jan-2026,TIGALAPANKAOS MANADO,OVERSIZE 16S MAMU,OS MINERAL GREEN V16 PDK XL,0,10,0,0,41786,417860,0
Feb-2026,TIGALAPANKAOS MANADO,OVERSIZE 16S MAMU,OS MINERAL GREEN V16 PDK XL,0,10,0,0,41786,417860,417860
Mar-2026,TIGALAPANKAOS MANADO,OVERSIZE 16S MAMU,OS MINERAL GREEN V16 PDK XL,0,10,0,0,41786,417860,417860
Apr-2026,TIGALAPANKAOS MANADO,OVERSIZE 16S MAMU,OS MINERAL GREEN V16 PDK XL,0,10,0,0,41786,417860,417860
Mei-2026,TIGALAPANKAOS MANADO,OVERSIZE 16S MAMU,OS MINERAL GREEN V16 PDK XL,41786,8,0,0,41786,334288,417860
Jun-2026,TIGALAPANKAOS MANADO,OVERSIZE 16S MAMU,OS MINERAL GREEN V16 PDK XL,41786,7,0,0,41786,292502,334288
Jul-2026,TIGALAPANKAOS MANADO,OVERSIZE 16S MAMU,OS MINERAL GREEN V16 PDK XL,0,7,0,0,41786,292502,292502
Agu-2026,TIGALAPANKAOS MANADO,OVERSIZE 16S MAMU,OS MINERAL GREEN V16 PDK XL,0,7,0,0,41786,292502,292502
Sep-2026,TIGALAPANKAOS MANADO,OVERSIZE 16S MAMU,OS MINERAL GREEN V16 PDK XL,0,7,0,0,41786,292502,292502
Okt-2026,TIGALAPANKAOS MANADO,OVERSIZE 16S MAMU,OS MINERAL GREEN V16 PDK XL,0,7,0,0,41786,292502,292502
Okt-2026,TIGALAPANKAOS MANADO,OVERSIZE 16S MAMU,OS NAVY V16 PDK 2XL,0,0,1,0,44097,44097,0
Jan-2026,TIGALAPANKAOS MANADO,OVERSIZE 16S MAMU,OS NAVY V16 PDK L,0,15,0,0,44604,669060,0
Feb-2026,TIGALAPANKAOS MANADO,OVERSIZE 16S MAMU,OS NAVY V16 PDK L,0,15,0,0,44604,669060,669060
Mar-2026,TIGALAPANKAOS MANADO,OVERSIZE 16S MAMU,OS NAVY V16 PDK L,89208,11,0,0,44604,490644,669060
Apr-2026,TIGALAPANKAOS MANADO,OVERSIZE 16S MAMU,OS NAVY V16 PDK L,133812,5,0,0,44121,220605,490644
Mei-2026,TIGALAPANKAOS MANADO,OVERSIZE 16S MAMU,OS NAVY V16 PDK L,0,1,0,0,44138,44138,220605
Jun-2026,TIGALAPANKAOS MANADO,OVERSIZE 16S MAMU,OS NAVY V16 PDK L,0,1,0,0,44138,44138,44138
Jul-2026,TIGALAPANKAOS MANADO,OVERSIZE 16S MAMU,OS NAVY V16 PDK L,0,1,0,0,44138,44138,44138
Agu-2026,TIGALAPANKAOS MANADO,OVERSIZE 16S MAMU,OS NAVY V16 PDK L,0,6,0,0,44138,264828,44138
Sep-2026,TIGALAPANKAOS MANADO,OVERSIZE 16S MAMU,OS NAVY V16 PDK L,44856,5,0,0,44138,220690,264828
Okt-2026,TIGALAPANKAOS MANADO,OVERSIZE 16S MAMU,OS NAVY V16 PDK L,0,5,4,0,44138,397242,220690
Jan-2026,TIGALAPANKAOS MANADO,OVERSIZE 16S MAMU,OS NAVY V16 PDK M,0,9,0,0,44504,400536,0
Feb-2026,TIGALAPANKAOS MANADO,OVERSIZE 16S MAMU,OS NAVY V16 PDK M,0,9,0,0,44504,400536,400536
Mar-2026,TIGALAPANKAOS MANADO,OVERSIZE 16S MAMU,OS NAVY V16 PDK M,0,8,0,0,44103,352824,400536
Apr-2026,TIGALAPANKAOS MANADO,OVERSIZE 16S MAMU,OS NAVY V16 PDK M,0,7,0,0,44100,308700,352824
Mei-2026,TIGALAPANKAOS MANADO,OVERSIZE 16S MAMU,OS NAVY V16 PDK M,0,11,0,0,44104,485144,308700
Jun-2026,TIGALAPANKAOS MANADO,OVERSIZE 16S MAMU,OS NAVY V16 PDK M,0,11,0,0,44104,485144,485144
Jul-2026,TIGALAPANKAOS MANADO,OVERSIZE 16S MAMU,OS NAVY V16 PDK M,0,11,0,0,44104,485144,485144
Agu-2026,TIGALAPANKAOS MANADO,OVERSIZE 16S MAMU,OS NAVY V16 PDK M,0,11,0,0,44104,485144,485144
Sep-2026,TIGALAPANKAOS MANADO,OVERSIZE 16S MAMU,OS NAVY V16 PDK M,0,11,0,0,44104,485144,485144
Okt-2026,TIGALAPANKAOS MANADO,OVERSIZE 16S MAMU,OS NAVY V16 PDK M,44504,10,0,0,44104,441040,485144
Jan-2026,TIGALAPANKAOS MANADO,OVERSIZE 16S MAMU,OS NAVY V16 PDK S,0,10,0,0,45112,451120,0
Feb-2026,TIGALAPANKAOS MANADO,OVERSIZE 16S MAMU,OS NAVY V16 PDK S,0,10,0,0,45112,451120,451120
Mar-2026,TIGALAPANKAOS MANADO,OVERSIZE 16S MAMU,OS NAVY V16 PDK S,0,9,0,0,44126,397134,451120
Apr-2026,TIGALAPANKAOS MANADO,OVERSIZE 16S MAMU,OS NAVY V16 PDK S,45112,8,0,0,44100,352800,397134
Mei-2026,TIGALAPANKAOS MANADO,OVERSIZE 16S MAMU,OS NAVY V16 PDK S,0,8,0,0,44106,352848,352800
Jun-2026,TIGALAPANKAOS MANADO,OVERSIZE 16S MAMU,OS NAVY V16 PDK S,0,8,0,0,44106,352848,352848
Jul-2026,TIGALAPANKAOS MANADO,OVERSIZE 16S MAMU,OS NAVY V16 PDK S,0,8,0,0,44106,352848,352848
Agu-2026,TIGALAPANKAOS MANADO,OVERSIZE 16S MAMU,OS NAVY V16 PDK S,0,8,0,0,44106,352848,352848
Sep-2026,TIGALAPANKAOS MANADO,OVERSIZE 16S MAMU,OS NAVY V16 PDK S,45112,7,0,0,44106,308742,352848
Okt-2026,TIGALAPANKAOS MANADO,OVERSIZE 16S MAMU,OS NAVY V16 PDK S,0,7,0,0,44106,308742,308742
Jan-2026,TIGALAPANKAOS MANADO,OVERSIZE 16S MAMU,OS NAVY V16 PDK XL,0,17,0,0,44504,756568,0
Feb-2026,TIGALAPANKAOS MANADO,OVERSIZE 16S MAMU,OS NAVY V16 PDK XL,44504,17,0,0,44504,756568,756568
Mar-2026,TIGALAPANKAOS MANADO,OVERSIZE 16S MAMU,OS NAVY V16 PDK XL,44504,12,0,0,44504,534048,756568
Apr-2026,TIGALAPANKAOS MANADO,OVERSIZE 16S MAMU,OS NAVY V16 PDK XL,44504,9,0,0,44113,397017,534048
Mei-2026,TIGALAPANKAOS MANADO,OVERSIZE 16S MAMU,OS NAVY V16 PDK XL,44504,8,0,0,44177,353416,397017
Jun-2026,TIGALAPANKAOS MANADO,OVERSIZE 16S MAMU,OS NAVY V16 PDK XL,89008,6,0,0,44177,265062,353416
Jul-2026,TIGALAPANKAOS MANADO,OVERSIZE 16S MAMU,OS NAVY V16 PDK XL,0,6,0,0,44177,265062,265062
Agu-2026,TIGALAPANKAOS MANADO,OVERSIZE 16S MAMU,OS NAVY V16 PDK XL,0,6,0,0,44177,265062,265062
Sep-2026,TIGALAPANKAOS MANADO,OVERSIZE 16S MAMU,OS NAVY V16 PDK XL,0,6,0,0,44177,265062,265062
Okt-2026,TIGALAPANKAOS MANADO,OVERSIZE 16S MAMU,OS NAVY V16 PDK XL,0,6,0,0,44177,265062,265062
Jan-2026,TIGALAPANKAOS MANADO,OVERSIZE 16S MAMU,OS ORANGE BATA V16 PDK L,0,8,0,0,44076,352608,0
Feb-2026,TIGALAPANKAOS MANADO,OVERSIZE 16S MAMU,OS ORANGE BATA V16 PDK L,0,8,0,0,44076,352608,352608
Mar-2026,TIGALAPANKAOS MANADO,OVERSIZE 16S MAMU,OS ORANGE BATA V16 PDK L,0,8,0,0,44077,352616,352608
Apr-2026,TIGALAPANKAOS MANADO,OVERSIZE 16S MAMU,OS ORANGE BATA V16 PDK L,0,8,0,0,44077,352616,352616
Mei-2026,TIGALAPANKAOS MANADO,OVERSIZE 16S MAMU,OS ORANGE BATA V16 PDK L,0,8,0,0,44077,352616,352616
Jun-2026,TIGALAPANKAOS MANADO,OVERSIZE 16S MAMU,OS ORANGE BATA V16 PDK L,0,8,0,0,44077,352616,352616
Jul-2026,TIGALAPANKAOS MANADO,OVERSIZE 16S MAMU,OS ORANGE BATA V16 PDK L,0,8,0,0,44077,352616,352616
Agu-2026,TIGALAPANKAOS MANADO,OVERSIZE 16S MAMU,OS ORANGE BATA V16 PDK L,0,8,0,0,44077,352616,352616
Sep-2026,TIGALAPANKAOS MANADO,OVERSIZE 16S MAMU,OS ORANGE BATA V16 PDK L,44076,7,0,0,44077,308539,352616
Okt-2026,TIGALAPANKAOS MANADO,OVERSIZE 16S MAMU,OS ORANGE BATA V16 PDK L,0,7,0,0,44077,308539,308539
Jan-2026,TIGALAPANKAOS MANADO,OVERSIZE 16S MAMU,OS ORANGE BATA V16 PDK M,0,10,0,0,44983,449830,0
Feb-2026,TIGALAPANKAOS MANADO,OVERSIZE 16S MAMU,OS ORANGE BATA V16 PDK M,0,10,0,0,44983,449830,449830
Mar-2026,TIGALAPANKAOS MANADO,OVERSIZE 16S MAMU,OS ORANGE BATA V16 PDK M,44983,8,0,0,44983,359864,449830
Apr-2026,TIGALAPANKAOS MANADO,OVERSIZE 16S MAMU,OS ORANGE BATA V16 PDK M,0,7,0,0,44983,314881,359864
Mei-2026,TIGALAPANKAOS MANADO,OVERSIZE 16S MAMU,OS ORANGE BATA V16 PDK M,0,7,0,0,44983,314881,314881
Jun-2026,TIGALAPANKAOS MANADO,OVERSIZE 16S MAMU,OS ORANGE BATA V16 PDK M,0,7,0,0,44983,314881,314881
Jul-2026,TIGALAPANKAOS MANADO,OVERSIZE 16S MAMU,OS ORANGE BATA V16 PDK M,0,7,0,0,44983,314881,314881
Agu-2026,TIGALAPANKAOS MANADO,OVERSIZE 16S MAMU,OS ORANGE BATA V16 PDK M,0,7,0,0,44983,314881,314881
Sep-2026,TIGALAPANKAOS MANADO,OVERSIZE 16S MAMU,OS ORANGE BATA V16 PDK M,0,7,0,0,44983,314881,314881
Okt-2026,TIGALAPANKAOS MANADO,OVERSIZE 16S MAMU,OS ORANGE BATA V16 PDK M,0,7,0,0,44983,314881,314881
Jan-2026,TIGALAPANKAOS MANADO,OVERSIZE 16S MAMU,OS ORANGE BATA V16 PDK S,0,2,0,0,43975,87950,0
Feb-2026,TIGALAPANKAOS MANADO,OVERSIZE 16S MAMU,OS ORANGE BATA V16 PDK S,0,2,0,0,43975,87950,87950
Mar-2026,TIGALAPANKAOS MANADO,OVERSIZE 16S MAMU,OS ORANGE BATA V16 PDK S,43975,1,0,0,43975,43975,87950
Apr-2026,TIGALAPANKAOS MANADO,OVERSIZE 16S MAMU,OS ORANGE BATA V16 PDK S,0,1,0,0,43975,43975,43975
Mei-2026,TIGALAPANKAOS MANADO,OVERSIZE 16S MAMU,OS ORANGE BATA V16 PDK S,0,1,0,0,43975,43975,43975
Jun-2026,TIGALAPANKAOS MANADO,OVERSIZE 16S MAMU,OS ORANGE BATA V16 PDK S,0,0,0,0,43975,0,43975
Jan-2026,TIGALAPANKAOS MANADO,OVERSIZE 16S MAMU,OS ORANGE BATA V16 PDK XL,0,8,0,0,44616,356928,0
Feb-2026,TIGALAPANKAOS MANADO,OVERSIZE 16S MAMU,OS ORANGE BATA V16 PDK XL,0,8,0,0,44616,356928,356928
Mar-2026,TIGALAPANKAOS MANADO,OVERSIZE 16S MAMU,OS ORANGE BATA V16 PDK XL,0,8,0,0,44622,356976,356928
Apr-2026,TIGALAPANKAOS MANADO,OVERSIZE 16S MAMU,OS ORANGE BATA V16 PDK XL,0,8,0,0,44622,356976,356976
Mei-2026,TIGALAPANKAOS MANADO,OVERSIZE 16S MAMU,OS ORANGE BATA V16 PDK XL,0,8,0,0,44622,356976,356976
Jun-2026,TIGALAPANKAOS MANADO,OVERSIZE 16S MAMU,OS ORANGE BATA V16 PDK XL,0,8,0,0,44622,356976,356976
Jul-2026,TIGALAPANKAOS MANADO,OVERSIZE 16S MAMU,OS ORANGE BATA V16 PDK XL,44616,6,0,0,44622,267732,356976
Agu-2026,TIGALAPANKAOS MANADO,OVERSIZE 16S MAMU,OS ORANGE BATA V16 PDK XL,0,6,0,0,44622,267732,267732
Sep-2026,TIGALAPANKAOS MANADO,OVERSIZE 16S MAMU,OS ORANGE BATA V16 PDK XL,0,6,0,0,44622,267732,267732
Okt-2026,TIGALAPANKAOS MANADO,OVERSIZE 16S MAMU,OS ORANGE BATA V16 PDK XL,0,6,0,0,44622,267732,267732
Jun-2026,TIGALAPANKAOS MANADO,OVERSIZE 16S MAMU,OS PUTIH NETRAL V16 PDK L,120465,0,0,0,46647,0,0
Jun-2026,TIGALAPANKAOS MANADO,OVERSIZE 16S MAMU,OS PUTIH NETRAL V16 PDK M,40042,2,0,0,40042,80084,0
Jul-2026,TIGALAPANKAOS MANADO,OVERSIZE 16S MAMU,OS PUTIH NETRAL V16 PDK M,40042,1,0,0,40042,40042,80084
Agu-2026,TIGALAPANKAOS MANADO,OVERSIZE 16S MAMU,OS PUTIH NETRAL V16 PDK M,0,1,0,0,40042,40042,40042
Sep-2026,TIGALAPANKAOS MANADO,OVERSIZE 16S MAMU,OS PUTIH NETRAL V16 PDK M,40042,0,0,0,50586,0,40042
Okt-2026,TIGALAPANKAOS MANADO,OVERSIZE 16S MAMU,OS PUTIH NETRAL V16 PDK M,0,0,5,0,40042,200210,0
Jun-2026,TIGALAPANKAOS MANADO,OVERSIZE 16S MAMU,OS PUTIH NETRAL V16 PDK S,40037,2,0,0,40037,80074,0
Jul-2026,TIGALAPANKAOS MANADO,OVERSIZE 16S MAMU,OS PUTIH NETRAL V16 PDK S,40037,1,0,0,40037,40037,80074
Agu-2026,TIGALAPANKAOS MANADO,OVERSIZE 16S MAMU,OS PUTIH NETRAL V16 PDK S,0,5,0,0,40037,200185,40037
Sep-2026,TIGALAPANKAOS MANADO,OVERSIZE 16S MAMU,OS PUTIH NETRAL V16 PDK S,0,5,0,0,40037,200185,200185
Okt-2026,TIGALAPANKAOS MANADO,OVERSIZE 16S MAMU,OS PUTIH NETRAL V16 PDK S,0,5,0,0,40037,200185,200185
Jun-2026,TIGALAPANKAOS MANADO,OVERSIZE 16S MAMU,OS PUTIH NETRAL V16 PDK XL,66213,0,0,0,50586,0,0
Jan-2026,TIGALAPANKAOS PALU,OVERSIZE 16S MAMU,OS ARMY GREEN V16 PDK 2XL,0,19,0,0,45084,856596,0
Feb-2026,TIGALAPANKAOS PALU,OVERSIZE 16S MAMU,OS ARMY GREEN V16 PDK 2XL,45084,18,0,0,45084,811512,856596
Mar-2026,TIGALAPANKAOS PALU,OVERSIZE 16S MAMU,OS ARMY GREEN V16 PDK 2XL,0,15,0,0,45084,676260,811512
Apr-2026,TIGALAPANKAOS PALU,OVERSIZE 16S MAMU,OS ARMY GREEN V16 PDK 2XL,0,15,0,0,45084,676260,676260
Mei-2026,TIGALAPANKAOS PALU,OVERSIZE 16S MAMU,OS ARMY GREEN V16 PDK 2XL,45084,14,0,0,45084,631176,676260
Jun-2026,TIGALAPANKAOS PALU,OVERSIZE 16S MAMU,OS ARMY GREEN V16 PDK 2XL,0,14,0,0,45084,631176,631176
Jul-2026,TIGALAPANKAOS PALU,OVERSIZE 16S MAMU,OS ARMY GREEN V16 PDK 2XL,0,14,0,0,45084,631176,631176
Agu-2026,TIGALAPANKAOS PALU,OVERSIZE 16S MAMU,OS ARMY GREEN V16 PDK 2XL,0,14,0,0,45084,631176,631176
Sep-2026,TIGALAPANKAOS PALU,OVERSIZE 16S MAMU,OS ARMY GREEN V16 PDK 2XL,0,14,0,0,45084,631176,631176
Okt-2026,TIGALAPANKAOS PALU,OVERSIZE 16S MAMU,OS ARMY GREEN V16 PDK 2XL,0,14,0,0,45084,631176,631176
Jan-2026,TIGALAPANKAOS PALU,OVERSIZE 16S MAMU,OS ARMY GREEN V16 PDK L,0,16,0,0,43131,690096,0
Feb-2026,TIGALAPANKAOS PALU,OVERSIZE 16S MAMU,OS ARMY GREEN V16 PDK L,0,16,0,0,43131,690096,690096
Mar-2026,TIGALAPANKAOS PALU,OVERSIZE 16S MAMU,OS ARMY GREEN V16 PDK L,129393,13,0,0,43131,560703,690096
Apr-2026,TIGALAPANKAOS PALU,OVERSIZE 16S MAMU,OS ARMY GREEN V16 PDK L,0,13,0,0,43131,560703,560703
Mei-2026,TIGALAPANKAOS PALU,OVERSIZE 16S MAMU,OS ARMY GREEN V16 PDK L,0,13,0,0,43131,560703,560703
Jun-2026,TIGALAPANKAOS PALU,OVERSIZE 16S MAMU,OS ARMY GREEN V16 PDK L,0,13,0,0,43131,560703,560703
Jul-2026,TIGALAPANKAOS PALU,OVERSIZE 16S MAMU,OS ARMY GREEN V16 PDK L,0,13,0,0,43131,560703,560703
Agu-2026,TIGALAPANKAOS PALU,OVERSIZE 16S MAMU,OS ARMY GREEN V16 PDK L,43131,12,0,0,43131,517572,560703
Sep-2026,TIGALAPANKAOS PALU,OVERSIZE 16S MAMU,OS ARMY GREEN V16 PDK L,39813,12,0,0,43131,517572,517572
Okt-2026,TIGALAPANKAOS PALU,OVERSIZE 16S MAMU,OS ARMY GREEN V16 PDK L,0,12,0,0,43131,517572,517572
Jan-2026,TIGALAPANKAOS PALU,OVERSIZE 16S MAMU,OS ARMY GREEN V16 PDK M,0,6,0,0,44081,264486,0
Feb-2026,TIGALAPANKAOS PALU,OVERSIZE 16S MAMU,OS ARMY GREEN V16 PDK M,0,6,0,0,44081,264486,264486
Mar-2026,TIGALAPANKAOS PALU,OVERSIZE 16S MAMU,OS ARMY GREEN V16 PDK M,88162,3,0,0,44081,132243,264486
Apr-2026,TIGALAPANKAOS PALU,OVERSIZE 16S MAMU,OS ARMY GREEN V16 PDK M,88162,1,0,0,44081,44081,132243
Mei-2026,TIGALAPANKAOS PALU,OVERSIZE 16S MAMU,OS ARMY GREEN V16 PDK M,0,1,0,0,44081,44081,44081
Jun-2026,TIGALAPANKAOS PALU,OVERSIZE 16S MAMU,OS ARMY GREEN V16 PDK M,0,1,0,0,44081,44081,44081
Jul-2026,TIGALAPANKAOS PALU,OVERSIZE 16S MAMU,OS ARMY GREEN V16 PDK M,0,3,0,0,44081,132243,44081
Agu-2026,TIGALAPANKAOS PALU,OVERSIZE 16S MAMU,OS ARMY GREEN V16 PDK M,0,3,0,0,44081,132243,132243
Sep-2026,TIGALAPANKAOS PALU,OVERSIZE 16S MAMU,OS ARMY GREEN V16 PDK M,51476,2,0,0,44081,88162,132243
Okt-2026,TIGALAPANKAOS PALU,OVERSIZE 16S MAMU,OS ARMY GREEN V16 PDK M,0,2,0,0,44081,88162,88162
Jan-2026,TIGALAPANKAOS PALU,OVERSIZE 16S MAMU,OS ARMY GREEN V16 PDK S,46697,1,0,0,46697,46697,0
Feb-2026,TIGALAPANKAOS PALU,OVERSIZE 16S MAMU,OS ARMY GREEN V16 PDK S,0,1,0,0,46697,46697,46697
Mar-2026,TIGALAPANKAOS PALU,OVERSIZE 16S MAMU,OS ARMY GREEN V16 PDK S,46697,0,0,0,46697,0,46697
Jan-2026,TIGALAPANKAOS PALU,OVERSIZE 16S MAMU,OS ARMY GREEN V16 PDK XL,0,8,0,0,44476,355808,0
Feb-2026,TIGALAPANKAOS PALU,OVERSIZE 16S MAMU,OS ARMY GREEN V16 PDK XL,0,8,0,0,44476,355808,355808
Mar-2026,TIGALAPANKAOS PALU,OVERSIZE 16S MAMU,OS ARMY GREEN V16 PDK XL,0,7,0,0,44476,311332,355808
Apr-2026,TIGALAPANKAOS PALU,OVERSIZE 16S MAMU,OS ARMY GREEN V16 PDK XL,0,7,0,0,44476,311332,311332
Mei-2026,TIGALAPANKAOS PALU,OVERSIZE 16S MAMU,OS ARMY GREEN V16 PDK XL,0,7,0,0,44476,311332,311332
Jun-2026,TIGALAPANKAOS PALU,OVERSIZE 16S MAMU,OS ARMY GREEN V16 PDK XL,0,7,0,0,44476,311332,311332
Jul-2026,TIGALAPANKAOS PALU,OVERSIZE 16S MAMU,OS ARMY GREEN V16 PDK XL,0,7,0,0,44476,311332,311332
Agu-2026,TIGALAPANKAOS PALU,OVERSIZE 16S MAMU,OS ARMY GREEN V16 PDK XL,0,7,0,0,44476,311332,311332
Sep-2026,TIGALAPANKAOS PALU,OVERSIZE 16S MAMU,OS ARMY GREEN V16 PDK XL,0,7,0,0,44476,311332,311332
Okt-2026,TIGALAPANKAOS PALU,OVERSIZE 16S MAMU,OS ARMY GREEN V16 PDK XL,0,7,0,0,44476,311332,311332
Jan-2026,TIGALAPANKAOS PALU,OVERSIZE 16S MAMU,OS COKLAT SUSU V16 PDK 2XL,0,4,0,0,42820,171280,0
Feb-2026,TIGALAPANKAOS PALU,OVERSIZE 16S MAMU,OS COKLAT SUSU V16 PDK 2XL,0,4,0,0,42820,171280,171280
Mar-2026,TIGALAPANKAOS PALU,OVERSIZE 16S MAMU,OS COKLAT SUSU V16 PDK 2XL,0,4,0,0,42820,171280,171280
Apr-2026,TIGALAPANKAOS PALU,OVERSIZE 16S MAMU,OS COKLAT SUSU V16 PDK 2XL,0,4,0,0,42820,171280,171280
Mei-2026,TIGALAPANKAOS PALU,OVERSIZE 16S MAMU,OS COKLAT SUSU V16 PDK 2XL,0,4,0,0,42820,171280,171280
Jun-2026,TIGALAPANKAOS PALU,OVERSIZE 16S MAMU,OS COKLAT SUSU V16 PDK 2XL,0,4,0,0,42820,171280,171280
Jul-2026,TIGALAPANKAOS PALU,OVERSIZE 16S MAMU,OS COKLAT SUSU V16 PDK 2XL,0,4,0,0,42820,171280,171280
Agu-2026,TIGALAPANKAOS PALU,OVERSIZE 16S MAMU,OS COKLAT SUSU V16 PDK 2XL,0,4,0,0,42820,171280,171280
Sep-2026,TIGALAPANKAOS PALU,OVERSIZE 16S MAMU,OS COKLAT SUSU V16 PDK 2XL,0,4,0,0,42820,171280,171280
Okt-2026,TIGALAPANKAOS PALU,OVERSIZE 16S MAMU,OS COKLAT SUSU V16 PDK 2XL,0,4,0,0,42820,171280,171280
Jan-2026,TIGALAPANKAOS PALU,OVERSIZE 16S MAMU,OS COKLAT SUSU V16 PDK L,0,15,0,0,41667,625005,0
Feb-2026,TIGALAPANKAOS PALU,OVERSIZE 16S MAMU,OS COKLAT SUSU V16 PDK L,0,15,0,0,41667,625005,625005
Mar-2026,TIGALAPANKAOS PALU,OVERSIZE 16S MAMU,OS COKLAT SUSU V16 PDK L,41667,12,0,0,41667,500004,625005
Apr-2026,TIGALAPANKAOS PALU,OVERSIZE 16S MAMU,OS COKLAT SUSU V16 PDK L,0,12,0,0,41667,500004,500004
Mei-2026,TIGALAPANKAOS PALU,OVERSIZE 16S MAMU,OS COKLAT SUSU V16 PDK L,0,12,0,0,41667,500004,500004
Jun-2026,TIGALAPANKAOS PALU,OVERSIZE 16S MAMU,OS COKLAT SUSU V16 PDK L,83334,10,0,0,41667,416670,500004
Jul-2026,TIGALAPANKAOS PALU,OVERSIZE 16S MAMU,OS COKLAT SUSU V16 PDK L,83334,10,0,0,41667,416670,416670
Agu-2026,TIGALAPANKAOS PALU,OVERSIZE 16S MAMU,OS COKLAT SUSU V16 PDK L,83334,7,0,0,41667,291669,416670
Sep-2026,TIGALAPANKAOS PALU,OVERSIZE 16S MAMU,OS COKLAT SUSU V16 PDK L,41667,5,0,0,41667,208335,291669
Okt-2026,TIGALAPANKAOS PALU,OVERSIZE 16S MAMU,OS COKLAT SUSU V16 PDK L,0,5,0,0,41667,208335,208335
Jan-2026,TIGALAPANKAOS PALU,OVERSIZE 16S MAMU,OS COKLAT SUSU V16 PDK S,0,5,0,0,42349,211745,0
Feb-2026,TIGALAPANKAOS PALU,OVERSIZE 16S MAMU,OS COKLAT SUSU V16 PDK S,42349,4,0,0,42349,169396,211745
Mar-2026,TIGALAPANKAOS PALU,OVERSIZE 16S MAMU,OS COKLAT SUSU V16 PDK S,169396,0,0,0,42349,0,169396
Jan-2026,TIGALAPANKAOS PALU,OVERSIZE 16S MAMU,OS COKLAT SUSU V16 PDK XL,0,9,0,0,42725,384525,0
Feb-2026,TIGALAPANKAOS PALU,OVERSIZE 16S MAMU,OS COKLAT SUSU V16 PDK XL,42725,9,0,0,42725,384525,384525
Mar-2026,TIGALAPANKAOS PALU,OVERSIZE 16S MAMU,OS COKLAT SUSU V16 PDK XL,42725,7,0,0,42725,299075,384525
Apr-2026,TIGALAPANKAOS PALU,OVERSIZE 16S MAMU,OS COKLAT SUSU V16 PDK XL,0,7,0,0,42725,299075,299075
Mei-2026,TIGALAPANKAOS PALU,OVERSIZE 16S MAMU,OS COKLAT SUSU V16 PDK XL,0,7,0,0,42725,299075,299075
Jun-2026,TIGALAPANKAOS PALU,OVERSIZE 16S MAMU,OS COKLAT SUSU V16 PDK XL,0,7,0,0,42725,299075,299075
Jul-2026,TIGALAPANKAOS PALU,OVERSIZE 16S MAMU,OS COKLAT SUSU V16 PDK XL,85450,5,0,0,42725,213625,299075
Agu-2026,TIGALAPANKAOS PALU,OVERSIZE 16S MAMU,OS COKLAT SUSU V16 PDK XL,0,5,0,0,42725,213625,213625
Sep-2026,TIGALAPANKAOS PALU,OVERSIZE 16S MAMU,OS COKLAT SUSU V16 PDK XL,42725,4,0,0,42725,170900,213625
Okt-2026,TIGALAPANKAOS PALU,OVERSIZE 16S MAMU,OS COKLAT SUSU V16 PDK XL,0,4,0,0,42725,170900,170900
Jan-2026,TIGALAPANKAOS PALU,OVERSIZE 16S MAMU,OS DENIM BLUE V16 PDK 2XL,0,8,0,0,42601,340808,0
Feb-2026,TIGALAPANKAOS PALU,OVERSIZE 16S MAMU,OS DENIM BLUE V16 PDK 2XL,0,8,0,0,42601,340808,340808
Mar-2026,TIGALAPANKAOS PALU,OVERSIZE 16S MAMU,OS DENIM BLUE V16 PDK 2XL,0,7,0,0,42601,298207,340808
Apr-2026,TIGALAPANKAOS PALU,OVERSIZE 16S MAMU,OS DENIM BLUE V16 PDK 2XL,0,7,0,0,42601,298207,298207
Mei-2026,TIGALAPANKAOS PALU,OVERSIZE 16S MAMU,OS DENIM BLUE V16 PDK 2XL,0,7,0,0,42601,298207,298207
Jun-2026,TIGALAPANKAOS PALU,OVERSIZE 16S MAMU,OS DENIM BLUE V16 PDK 2XL,0,6,0,0,42601,255606,298207
Jul-2026,TIGALAPANKAOS PALU,OVERSIZE 16S MAMU,OS DENIM BLUE V16 PDK 2XL,0,6,0,0,42601,255606,255606
Agu-2026,TIGALAPANKAOS PALU,OVERSIZE 16S MAMU,OS DENIM BLUE V16 PDK 2XL,42601,6,0,0,42601,255606,255606
Sep-2026,TIGALAPANKAOS PALU,OVERSIZE 16S MAMU,OS DENIM BLUE V16 PDK 2XL,0,5,0,0,42601,213005,255606
Okt-2026,TIGALAPANKAOS PALU,OVERSIZE 16S MAMU,OS DENIM BLUE V16 PDK 2XL,42601,4,0,0,42601,170404,213005
Jan-2026,TIGALAPANKAOS PALU,OVERSIZE 16S MAMU,OS DENIM BLUE V16 PDK L,0,10,0,0,41469,414690,0
Feb-2026,TIGALAPANKAOS PALU,OVERSIZE 16S MAMU,OS DENIM BLUE V16 PDK L,0,10,0,0,41469,414690,414690
Mar-2026,TIGALAPANKAOS PALU,OVERSIZE 16S MAMU,OS DENIM BLUE V16 PDK L,0,9,0,0,38625,347625,414690
Apr-2026,TIGALAPANKAOS PALU,OVERSIZE 16S MAMU,OS DENIM BLUE V16 PDK L,0,9,0,0,38625,347625,347625
Mei-2026,TIGALAPANKAOS PALU,OVERSIZE 16S MAMU,OS DENIM BLUE V16 PDK L,0,9,0,0,38821,349389,347625
Jun-2026,TIGALAPANKAOS PALU,OVERSIZE 16S MAMU,OS DENIM BLUE V16 PDK L,82938,7,0,0,38821,271747,349389
Jul-2026,TIGALAPANKAOS PALU,OVERSIZE 16S MAMU,OS DENIM BLUE V16 PDK L,82938,6,0,0,38821,232926,271747
Agu-2026,TIGALAPANKAOS PALU,OVERSIZE 16S MAMU,OS DENIM BLUE V16 PDK L,-41469,4,0,0,38821,155284,232926
Sep-2026,TIGALAPANKAOS PALU,OVERSIZE 16S MAMU,OS DENIM BLUE V16 PDK L,0,6,0,0,38821,232926,155284
Okt-2026,TIGALAPANKAOS PALU,OVERSIZE 16S MAMU,OS DENIM BLUE V16 PDK L,0,6,0,0,38821,232926,232926
Jan-2026,TIGALAPANKAOS PALU,OVERSIZE 16S MAMU,OS DENIM BLUE V16 PDK M,0,2,0,0,41868,83736,0
Feb-2026,TIGALAPANKAOS PALU,OVERSIZE 16S MAMU,OS DENIM BLUE V16 PDK M,0,2,0,0,41868,83736,83736
Mar-2026,TIGALAPANKAOS PALU,OVERSIZE 16S MAMU,OS DENIM BLUE V16 PDK M,41868,1,0,0,38447,38447,83736
Apr-2026,TIGALAPANKAOS PALU,OVERSIZE 16S MAMU,OS DENIM BLUE V16 PDK M,0,1,0,0,38447,38447,38447
Mei-2026,TIGALAPANKAOS PALU,OVERSIZE 16S MAMU,OS DENIM BLUE V16 PDK M,41868,0,0,0,41868,0,38447
Jul-2026,TIGALAPANKAOS PALU,OVERSIZE 16S MAMU,OS DENIM BLUE V16 PDK M,0,4,0,0,41868,167472,0
Agu-2026,TIGALAPANKAOS PALU,OVERSIZE 16S MAMU,OS DENIM BLUE V16 PDK M,-41868,4,0,0,41868,167472,167472
Sep-2026,TIGALAPANKAOS PALU,OVERSIZE 16S MAMU,OS DENIM BLUE V16 PDK M,104978,4,0,0,41868,167472,167472
Okt-2026,TIGALAPANKAOS PALU,OVERSIZE 16S MAMU,OS DENIM BLUE V16 PDK M,0,11,0,0,41868,460548,167472
Jan-2026,TIGALAPANKAOS PALU,OVERSIZE 16S MAMU,OS DENIM BLUE V16 PDK S,0,2,0,0,42139,84278,0
Feb-2026,TIGALAPANKAOS PALU,OVERSIZE 16S MAMU,OS DENIM BLUE V16 PDK S,42139,1,0,0,42139,42139,84278
Mar-2026,TIGALAPANKAOS PALU,OVERSIZE 16S MAMU,OS DENIM BLUE V16 PDK S,42139,0,0,0,42139,0,42139
Mei-2026,TIGALAPANKAOS PALU,OVERSIZE 16S MAMU,OS DENIM BLUE V16 PDK S,0,5,0,0,38550,192750,0
Jun-2026,TIGALAPANKAOS PALU,OVERSIZE 16S MAMU,OS DENIM BLUE V16 PDK S,0,5,0,0,38550,192750,192750
Jul-2026,TIGALAPANKAOS PALU,OVERSIZE 16S MAMU,OS DENIM BLUE V16 PDK S,0,5,0,0,38550,192750,192750
Agu-2026,TIGALAPANKAOS PALU,OVERSIZE 16S MAMU,OS DENIM BLUE V16 PDK S,0,5,0,0,38550,192750,192750
Sep-2026,TIGALAPANKAOS PALU,OVERSIZE 16S MAMU,OS DENIM BLUE V16 PDK S,0,5,0,0,38550,192750,192750
Okt-2026,TIGALAPANKAOS PALU,OVERSIZE 16S MAMU,OS DENIM BLUE V16 PDK S,0,6,0,0,38550,231300,192750
Jan-2026,TIGALAPANKAOS PALU,OVERSIZE 16S MAMU,OS DENIM BLUE V16 PDK XL,0,14,0,0,41868,586152,0
Feb-2026,TIGALAPANKAOS PALU,OVERSIZE 16S MAMU,OS DENIM BLUE V16 PDK XL,0,14,0,0,41868,586152,586152
Mar-2026,TIGALAPANKAOS PALU,OVERSIZE 16S MAMU,OS DENIM BLUE V16 PDK XL,0,12,0,0,41868,502416,586152
Apr-2026,TIGALAPANKAOS PALU,OVERSIZE 16S MAMU,OS DENIM BLUE V16 PDK XL,0,12,0,0,41868,502416,502416
Mei-2026,TIGALAPANKAOS PALU,OVERSIZE 16S MAMU,OS DENIM BLUE V16 PDK XL,0,12,0,0,41868,502416,502416
Jun-2026,TIGALAPANKAOS PALU,OVERSIZE 16S MAMU,OS DENIM BLUE V16 PDK XL,0,12,0,0,41868,502416,502416
Jul-2026,TIGALAPANKAOS PALU,OVERSIZE 16S MAMU,OS DENIM BLUE V16 PDK XL,0,12,0,0,41868,502416,502416
Agu-2026,TIGALAPANKAOS PALU,OVERSIZE 16S MAMU,OS DENIM BLUE V16 PDK XL,41868,12,0,0,41868,502416,502416
Sep-2026,TIGALAPANKAOS PALU,OVERSIZE 16S MAMU,OS DENIM BLUE V16 PDK XL,0,11,0,0,41868,460548,502416
Okt-2026,TIGALAPANKAOS PALU,OVERSIZE 16S MAMU,OS DENIM BLUE V16 PDK XL,0,11,0,0,41868,460548,460548
Agu-2026,TIGALAPANKAOS PALU,OVERSIZE 16S MAMU,OS JET BLACK V16 PDK 2XL,-47302,0,0,0,46112,0,0
Sep-2026,TIGALAPANKAOS PALU,OVERSIZE 16S MAMU,OS JET BLACK V16 PDK 2XL,0,1,0,0,45054,45054,0
Okt-2026,TIGALAPANKAOS PALU,OVERSIZE 16S MAMU,OS JET BLACK V16 PDK 2XL,0,1,0,0,45054,45054,45054
Jan-2026,TIGALAPANKAOS PALU,OVERSIZE 16S MAMU,OS JET BLACK V16 PDK L,44480,34,0,0,44390,1509260,0
Feb-2026,TIGALAPANKAOS PALU,OVERSIZE 16S MAMU,OS JET BLACK V16 PDK L,88960,32,0,0,44390,1420480,1509260
Mar-2026,TIGALAPANKAOS PALU,OVERSIZE 16S MAMU,OS JET BLACK V16 PDK L,44480,24,0,0,45040,1080960,1420480
Apr-2026,TIGALAPANKAOS PALU,OVERSIZE 16S MAMU,OS JET BLACK V16 PDK L,0,24,0,0,45040,1080960,1080960
Mei-2026,TIGALAPANKAOS PALU,OVERSIZE 16S MAMU,OS JET BLACK V16 PDK L,44480,23,0,0,45040,1035920,1080960
Jun-2026,TIGALAPANKAOS PALU,OVERSIZE 16S MAMU,OS JET BLACK V16 PDK L,222400,18,0,0,45040,810720,1035920
Jul-2026,TIGALAPANKAOS PALU,OVERSIZE 16S MAMU,OS JET BLACK V16 PDK L,533760,6,0,0,45040,270240,810720
Agu-2026,TIGALAPANKAOS PALU,OVERSIZE 16S MAMU,OS JET BLACK V16 PDK L,266880,0,0,0,44390,0,270240
Sep-2026,TIGALAPANKAOS PALU,OVERSIZE 16S MAMU,OS JET BLACK V16 PDK L,0,10,0,0,45040,450400,0
Okt-2026,TIGALAPANKAOS PALU,OVERSIZE 16S MAMU,OS JET BLACK V16 PDK L,60063,7,0,0,45040,315280,450400
Jan-2026,TIGALAPANKAOS PALU,OVERSIZE 16S MAMU,OS JET BLACK V16 PDK M,0,83,0,0,44390,3684370,0
Feb-2026,TIGALAPANKAOS PALU,OVERSIZE 16S MAMU,OS JET BLACK V16 PDK M,44527,82,0,0,44390,3639980,3684370
Mar-2026,TIGALAPANKAOS PALU,OVERSIZE 16S MAMU,OS JET BLACK V16 PDK M,44527,24,0,0,44888,1077312,3639980
Apr-2026,TIGALAPANKAOS PALU,OVERSIZE 16S MAMU,OS JET BLACK V16 PDK M,89054,22,0,0,44890,987580,1077312
Mei-2026,TIGALAPANKAOS PALU,OVERSIZE 16S MAMU,OS JET BLACK V16 PDK M,44527,20,0,0,44890,897800,987580
Jun-2026,TIGALAPANKAOS PALU,OVERSIZE 16S MAMU,OS JET BLACK V16 PDK M,222635,15,0,0,44890,673350,897800
Jul-2026,TIGALAPANKAOS PALU,OVERSIZE 16S MAMU,OS JET BLACK V16 PDK M,445270,7,0,0,44890,314230,673350
Agu-2026,TIGALAPANKAOS PALU,OVERSIZE 16S MAMU,OS JET BLACK V16 PDK M,133394,3,0,0,44890,134670,314230
Sep-2026,TIGALAPANKAOS PALU,OVERSIZE 16S MAMU,OS JET BLACK V16 PDK M,66929,10,0,0,44890,448900,134670
Okt-2026,TIGALAPANKAOS PALU,OVERSIZE 16S MAMU,OS JET BLACK V16 PDK M,0,9,0,0,44890,404010,448900
Jan-2026,TIGALAPANKAOS PALU,OVERSIZE 16S MAMU,OS JET BLACK V16 PDK S,44694,54,0,0,44390,2397060,0
Feb-2026,TIGALAPANKAOS PALU,OVERSIZE 16S MAMU,OS JET BLACK V16 PDK S,89388,52,0,0,44390,2308280,2397060
Mar-2026,TIGALAPANKAOS PALU,OVERSIZE 16S MAMU,OS JET BLACK V16 PDK S,134082,22,0,0,44946,988812,2308280
Apr-2026,TIGALAPANKAOS PALU,OVERSIZE 16S MAMU,OS JET BLACK V16 PDK S,0,22,0,0,44946,988812,988812
Mei-2026,TIGALAPANKAOS PALU,OVERSIZE 16S MAMU,OS JET BLACK V16 PDK S,89388,20,0,0,44946,898920,988812
Jun-2026,TIGALAPANKAOS PALU,OVERSIZE 16S MAMU,OS JET BLACK V16 PDK S,44694,19,0,0,44946,853974,898920
Jul-2026,TIGALAPANKAOS PALU,OVERSIZE 16S MAMU,OS JET BLACK V16 PDK S,0,19,0,0,44946,853974,853974
Agu-2026,TIGALAPANKAOS PALU,OVERSIZE 16S MAMU,OS JET BLACK V16 PDK S,44487,18,0,0,44946,809028,853974
Sep-2026,TIGALAPANKAOS PALU,OVERSIZE 16S MAMU,OS JET BLACK V16 PDK S,77272,20,0,0,44946,898920,809028
Okt-2026,TIGALAPANKAOS PALU,OVERSIZE 16S MAMU,OS JET BLACK V16 PDK S,38636,19,0,0,44946,853974,898920
Jan-2026,TIGALAPANKAOS PALU,OVERSIZE 16S MAMU,OS JET BLACK V16 PDK XL,88942,25,0,0,44390,1109750,0
Feb-2026,TIGALAPANKAOS PALU,OVERSIZE 16S MAMU,OS JET BLACK V16 PDK XL,0,25,0,0,44390,1109750,1109750
Mar-2026,TIGALAPANKAOS PALU,OVERSIZE 16S MAMU,OS JET BLACK V16 PDK XL,133413,21,0,0,45054,946134,1109750
Apr-2026,TIGALAPANKAOS PALU,OVERSIZE 16S MAMU,OS JET BLACK V16 PDK XL,0,22,0,0,45054,991188,946134
Mei-2026,TIGALAPANKAOS PALU,OVERSIZE 16S MAMU,OS JET BLACK V16 PDK XL,44471,21,0,0,45054,946134,991188
Jun-2026,TIGALAPANKAOS PALU,OVERSIZE 16S MAMU,OS JET BLACK V16 PDK XL,44471,20,0,0,45054,901080,946134
Jul-2026,TIGALAPANKAOS PALU,OVERSIZE 16S MAMU,OS JET BLACK V16 PDK XL,889420,4,0,0,45054,180216,901080
Agu-2026,TIGALAPANKAOS PALU,OVERSIZE 16S MAMU,OS JET BLACK V16 PDK XL,0,0,0,0,44390,0,180216
Sep-2026,TIGALAPANKAOS PALU,OVERSIZE 16S MAMU,OS JET BLACK V16 PDK XL,0,10,0,0,45054,450540,0
Okt-2026,TIGALAPANKAOS PALU,OVERSIZE 16S MAMU,OS JET BLACK V16 PDK XL,0,10,0,0,45054,450540,450540
Jan-2026,TIGALAPANKAOS PALU,OVERSIZE 16S MAMU,OS LIGHT BROWN V16 PDK 2XL,0,4,0,0,41365,165460,0
Feb-2026,TIGALAPANKAOS PALU,OVERSIZE 16S MAMU,OS LIGHT BROWN V16 PDK 2XL,0,4,0,0,41365,165460,165460
Mar-2026,TIGALAPANKAOS PALU,OVERSIZE 16S MAMU,OS LIGHT BROWN V16 PDK 2XL,0,4,0,0,41365,165460,165460
Apr-2026,TIGALAPANKAOS PALU,OVERSIZE 16S MAMU,OS LIGHT BROWN V16 PDK 2XL,41365,3,0,0,41365,124095,165460
Mei-2026,TIGALAPANKAOS PALU,OVERSIZE 16S MAMU,OS LIGHT BROWN V16 PDK 2XL,41365,2,0,0,41365,82730,124095
Jun-2026,TIGALAPANKAOS PALU,OVERSIZE 16S MAMU,OS LIGHT BROWN V16 PDK 2XL,0,2,0,0,41365,82730,82730
Jul-2026,TIGALAPANKAOS PALU,OVERSIZE 16S MAMU,OS LIGHT BROWN V16 PDK 2XL,41365,1,0,0,41365,41365,82730
Agu-2026,TIGALAPANKAOS PALU,OVERSIZE 16S MAMU,OS LIGHT BROWN V16 PDK 2XL,0,1,0,0,41365,41365,41365
Sep-2026,TIGALAPANKAOS PALU,OVERSIZE 16S MAMU,OS LIGHT BROWN V16 PDK 2XL,0,1,0,0,41365,41365,41365
Okt-2026,TIGALAPANKAOS PALU,OVERSIZE 16S MAMU,OS LIGHT BROWN V16 PDK 2XL,0,1,0,0,41365,41365,41365
Jan-2026,TIGALAPANKAOS PALU,OVERSIZE 16S MAMU,OS LIGHT BROWN V16 PDK L,0,9,0,0,39226,353034,0
Feb-2026,TIGALAPANKAOS PALU,OVERSIZE 16S MAMU,OS LIGHT BROWN V16 PDK L,0,9,0,0,39226,353034,353034
Mar-2026,TIGALAPANKAOS PALU,OVERSIZE 16S MAMU,OS LIGHT BROWN V16 PDK L,39226,7,0,0,39226,274582,353034
Apr-2026,TIGALAPANKAOS PALU,OVERSIZE 16S MAMU,OS LIGHT BROWN V16 PDK L,39226,5,0,0,38902,194510,274582
Mei-2026,TIGALAPANKAOS PALU,OVERSIZE 16S MAMU,OS LIGHT BROWN V16 PDK L,78452,3,0,0,38939,116817,194510
Jun-2026,TIGALAPANKAOS PALU,OVERSIZE 16S MAMU,OS LIGHT BROWN V16 PDK L,0,3,0,0,38939,116817,116817
Jul-2026,TIGALAPANKAOS PALU,OVERSIZE 16S MAMU,OS LIGHT BROWN V16 PDK L,0,5,0,0,38939,194695,116817
Agu-2026,TIGALAPANKAOS PALU,OVERSIZE 16S MAMU,OS LIGHT BROWN V16 PDK L,78222,3,0,0,38939,116817,194695
Sep-2026,TIGALAPANKAOS PALU,OVERSIZE 16S MAMU,OS LIGHT BROWN V16 PDK L,0,5,0,0,38939,194695,116817
Okt-2026,TIGALAPANKAOS PALU,OVERSIZE 16S MAMU,OS LIGHT BROWN V16 PDK L,0,10,0,0,38939,389390,194695
Jan-2026,TIGALAPANKAOS PALU,OVERSIZE 16S MAMU,OS LIGHT BROWN V16 PDK M,0,1,0,0,39714,39714,0
Feb-2026,TIGALAPANKAOS PALU,OVERSIZE 16S MAMU,OS LIGHT BROWN V16 PDK M,0,1,0,0,39714,39714,39714
Mar-2026,TIGALAPANKAOS PALU,OVERSIZE 16S MAMU,OS LIGHT BROWN V16 PDK M,39714,0,0,0,39714,0,39714
Mei-2026,TIGALAPANKAOS PALU,OVERSIZE 16S MAMU,OS LIGHT BROWN V16 PDK M,0,5,0,0,38905,194525,0
Jun-2026,TIGALAPANKAOS PALU,OVERSIZE 16S MAMU,OS LIGHT BROWN V16 PDK M,0,5,0,0,38905,194525,194525
Jul-2026,TIGALAPANKAOS PALU,OVERSIZE 16S MAMU,OS LIGHT BROWN V16 PDK M,77810,4,0,0,38905,155620,194525
Agu-2026,TIGALAPANKAOS PALU,OVERSIZE 16S MAMU,OS LIGHT BROWN V16 PDK M,38905,4,0,0,38905,155620,155620
Sep-2026,TIGALAPANKAOS PALU,OVERSIZE 16S MAMU,OS LIGHT BROWN V16 PDK M,38905,4,0,0,38905,155620,155620
Okt-2026,TIGALAPANKAOS PALU,OVERSIZE 16S MAMU,OS LIGHT BROWN V16 PDK M,0,11,0,0,38905,427955,155620
Jan-2026,TIGALAPANKAOS PALU,OVERSIZE 16S MAMU,OS LIGHT BROWN V16 PDK S,0,3,0,0,41829,125487,0
Feb-2026,TIGALAPANKAOS PALU,OVERSIZE 16S MAMU,OS LIGHT BROWN V16 PDK S,0,3,0,0,41829,125487,125487
Mar-2026,TIGALAPANKAOS PALU,OVERSIZE 16S MAMU,OS LIGHT BROWN V16 PDK S,125487,0,0,0,41829,0,125487
Mei-2026,TIGALAPANKAOS PALU,OVERSIZE 16S MAMU,OS LIGHT BROWN V16 PDK S,0,3,0,0,38965,116895,0
Jun-2026,TIGALAPANKAOS PALU,OVERSIZE 16S MAMU,OS LIGHT BROWN V16 PDK S,0,3,0,0,38965,116895,116895
Jul-2026,TIGALAPANKAOS PALU,OVERSIZE 16S MAMU,OS LIGHT BROWN V16 PDK S,0,5,0,0,38965,194825,116895
Agu-2026,TIGALAPANKAOS PALU,OVERSIZE 16S MAMU,OS LIGHT BROWN V16 PDK S,44959,5,0,0,38965,194825,194825
Sep-2026,TIGALAPANKAOS PALU,OVERSIZE 16S MAMU,OS LIGHT BROWN V16 PDK S,0,4,0,0,38965,155860,194825
Okt-2026,TIGALAPANKAOS PALU,OVERSIZE 16S MAMU,OS LIGHT BROWN V16 PDK S,0,4,0,0,38965,155860,155860
Jan-2026,TIGALAPANKAOS PALU,OVERSIZE 16S MAMU,OS LIGHT BROWN V16 PDK XL,0,14,0,0,39714,555996,0
Feb-2026,TIGALAPANKAOS PALU,OVERSIZE 16S MAMU,OS LIGHT BROWN V16 PDK XL,39714,13,0,0,39714,516282,555996
Mar-2026,TIGALAPANKAOS PALU,OVERSIZE 16S MAMU,OS LIGHT BROWN V16 PDK XL,0,11,0,0,39714,436854,516282
Apr-2026,TIGALAPANKAOS PALU,OVERSIZE 16S MAMU,OS LIGHT BROWN V16 PDK XL,0,11,0,0,39714,436854,436854
Mei-2026,TIGALAPANKAOS PALU,OVERSIZE 16S MAMU,OS LIGHT BROWN V16 PDK XL,0,11,0,0,39714,436854,436854
Jun-2026,TIGALAPANKAOS PALU,OVERSIZE 16S MAMU,OS LIGHT BROWN V16 PDK XL,39714,10,0,0,39714,397140,436854
Jul-2026,TIGALAPANKAOS PALU,OVERSIZE 16S MAMU,OS LIGHT BROWN V16 PDK XL,39714,9,0,0,39714,357426,397140
Agu-2026,TIGALAPANKAOS PALU,OVERSIZE 16S MAMU,OS LIGHT BROWN V16 PDK XL,79428,9,0,0,39714,357426,357426
Sep-2026,TIGALAPANKAOS PALU,OVERSIZE 16S MAMU,OS LIGHT BROWN V16 PDK XL,0,7,0,0,39714,277998,357426
Okt-2026,TIGALAPANKAOS PALU,OVERSIZE 16S MAMU,OS LIGHT BROWN V16 PDK XL,0,7,0,0,39714,277998,277998
Jan-2026,TIGALAPANKAOS PALU,OVERSIZE 16S MAMU,OS MINERAL GREEN V16 PDK 2XL,0,3,0,0,44432,133296,0
Feb-2026,TIGALAPANKAOS PALU,OVERSIZE 16S MAMU,OS MINERAL GREEN V16 PDK 2XL,0,3,0,0,44432,133296,133296
Mar-2026,TIGALAPANKAOS PALU,OVERSIZE 16S MAMU,OS MINERAL GREEN V16 PDK 2XL,0,3,0,0,44432,133296,133296
Apr-2026,TIGALAPANKAOS PALU,OVERSIZE 16S MAMU,OS MINERAL GREEN V16 PDK 2XL,0,3,0,0,44432,133296,133296
Mei-2026,TIGALAPANKAOS PALU,OVERSIZE 16S MAMU,OS MINERAL GREEN V16 PDK 2XL,0,3,0,0,44432,133296,133296
Jun-2026,TIGALAPANKAOS PALU,OVERSIZE 16S MAMU,OS MINERAL GREEN V16 PDK 2XL,0,3,0,0,44432,133296,133296
Jul-2026,TIGALAPANKAOS PALU,OVERSIZE 16S MAMU,OS MINERAL GREEN V16 PDK 2XL,0,3,0,0,44432,133296,133296
Agu-2026,TIGALAPANKAOS PALU,OVERSIZE 16S MAMU,OS MINERAL GREEN V16 PDK 2XL,0,3,0,0,44432,133296,133296
Sep-2026,TIGALAPANKAOS PALU,OVERSIZE 16S MAMU,OS MINERAL GREEN V16 PDK 2XL,0,3,0,0,44432,133296,133296
Okt-2026,TIGALAPANKAOS PALU,OVERSIZE 16S MAMU,OS MINERAL GREEN V16 PDK 2XL,0,3,0,0,44432,133296,133296
Jan-2026,TIGALAPANKAOS PALU,OVERSIZE 16S MAMU,OS MINERAL GREEN V16 PDK L,0,12,0,0,42084,505008,0
Feb-2026,TIGALAPANKAOS PALU,OVERSIZE 16S MAMU,OS MINERAL GREEN V16 PDK L,0,12,0,0,42084,505008,505008
Mar-2026,TIGALAPANKAOS PALU,OVERSIZE 16S MAMU,OS MINERAL GREEN V16 PDK L,42084,11,0,0,42084,462924,505008
Apr-2026,TIGALAPANKAOS PALU,OVERSIZE 16S MAMU,OS MINERAL GREEN V16 PDK L,0,11,0,0,40339,443729,462924
Mei-2026,TIGALAPANKAOS PALU,OVERSIZE 16S MAMU,OS MINERAL GREEN V16 PDK L,84168,9,0,0,40339,363051,443729
Jun-2026,TIGALAPANKAOS PALU,OVERSIZE 16S MAMU,OS MINERAL GREEN V16 PDK L,0,9,0,0,40339,363051,363051
Jul-2026,TIGALAPANKAOS PALU,OVERSIZE 16S MAMU,OS MINERAL GREEN V16 PDK L,0,9,0,0,40339,363051,363051
Agu-2026,TIGALAPANKAOS PALU,OVERSIZE 16S MAMU,OS MINERAL GREEN V16 PDK L,42084,5,0,0,40339,201695,363051
Sep-2026,TIGALAPANKAOS PALU,OVERSIZE 16S MAMU,OS MINERAL GREEN V16 PDK L,0,7,0,0,40339,282373,201695
Okt-2026,TIGALAPANKAOS PALU,OVERSIZE 16S MAMU,OS MINERAL GREEN V16 PDK L,0,7,0,0,40339,282373,282373
Jan-2026,TIGALAPANKAOS PALU,OVERSIZE 16S MAMU,OS MINERAL GREEN V16 PDK M,42154,3,0,0,42154,126462,0
Feb-2026,TIGALAPANKAOS PALU,OVERSIZE 16S MAMU,OS MINERAL GREEN V16 PDK M,0,3,0,0,42154,126462,126462
Mar-2026,TIGALAPANKAOS PALU,OVERSIZE 16S MAMU,OS MINERAL GREEN V16 PDK M,126462,0,0,0,42154,0,126462
Mei-2026,TIGALAPANKAOS PALU,OVERSIZE 16S MAMU,OS MINERAL GREEN V16 PDK M,0,5,0,0,40407,202035,0
Jun-2026,TIGALAPANKAOS PALU,OVERSIZE 16S MAMU,OS MINERAL GREEN V16 PDK M,80814,3,0,0,40407,121221,202035
Jul-2026,TIGALAPANKAOS PALU,OVERSIZE 16S MAMU,OS MINERAL GREEN V16 PDK M,40407,5,0,0,40407,202035,121221
Agu-2026,TIGALAPANKAOS PALU,OVERSIZE 16S MAMU,OS MINERAL GREEN V16 PDK M,-84308,5,0,0,40407,202035,202035
Sep-2026,TIGALAPANKAOS PALU,OVERSIZE 16S MAMU,OS MINERAL GREEN V16 PDK M,40906,6,0,0,40407,242442,202035
Okt-2026,TIGALAPANKAOS PALU,OVERSIZE 16S MAMU,OS MINERAL GREEN V16 PDK M,0,6,0,0,40407,242442,242442
Jan-2026,TIGALAPANKAOS PALU,OVERSIZE 16S MAMU,OS MINERAL GREEN V16 PDK S,0,2,0,0,43911,87822,0
Feb-2026,TIGALAPANKAOS PALU,OVERSIZE 16S MAMU,OS MINERAL GREEN V16 PDK S,0,2,0,0,43911,87822,87822
Mar-2026,TIGALAPANKAOS PALU,OVERSIZE 16S MAMU,OS MINERAL GREEN V16 PDK S,43911,1,0,0,40339,40339,87822
Apr-2026,TIGALAPANKAOS PALU,OVERSIZE 16S MAMU,OS MINERAL GREEN V16 PDK S,0,1,0,0,40339,40339,40339
Mei-2026,TIGALAPANKAOS PALU,OVERSIZE 16S MAMU,OS MINERAL GREEN V16 PDK S,0,6,0,0,40376,242256,40339
Jun-2026,TIGALAPANKAOS PALU,OVERSIZE 16S MAMU,OS MINERAL GREEN V16 PDK S,0,6,0,0,40376,242256,242256
Jul-2026,TIGALAPANKAOS PALU,OVERSIZE 16S MAMU,OS MINERAL GREEN V16 PDK S,0,6,0,0,40376,242256,242256
Agu-2026,TIGALAPANKAOS PALU,OVERSIZE 16S MAMU,OS MINERAL GREEN V16 PDK S,40965,6,0,0,40376,242256,242256
Sep-2026,TIGALAPANKAOS PALU,OVERSIZE 16S MAMU,OS MINERAL GREEN V16 PDK S,0,5,0,0,40376,201880,242256
Okt-2026,TIGALAPANKAOS PALU,OVERSIZE 16S MAMU,OS MINERAL GREEN V16 PDK S,0,5,0,0,40376,201880,201880
Jan-2026,TIGALAPANKAOS PALU,OVERSIZE 16S MAMU,OS MINERAL GREEN V16 PDK XL,0,9,0,0,41786,376074,0
Feb-2026,TIGALAPANKAOS PALU,OVERSIZE 16S MAMU,OS MINERAL GREEN V16 PDK XL,41786,9,0,0,41786,376074,376074
Mar-2026,TIGALAPANKAOS PALU,OVERSIZE 16S MAMU,OS MINERAL GREEN V16 PDK XL,0,8,0,0,41786,334288,376074
Apr-2026,TIGALAPANKAOS PALU,OVERSIZE 16S MAMU,OS MINERAL GREEN V16 PDK XL,0,8,0,0,41786,334288,334288
Mei-2026,TIGALAPANKAOS PALU,OVERSIZE 16S MAMU,OS MINERAL GREEN V16 PDK XL,41786,7,0,0,41786,292502,334288
Jun-2026,TIGALAPANKAOS PALU,OVERSIZE 16S MAMU,OS MINERAL GREEN V16 PDK XL,0,7,0,0,41786,292502,292502
Jul-2026,TIGALAPANKAOS PALU,OVERSIZE 16S MAMU,OS MINERAL GREEN V16 PDK XL,41786,6,0,0,41786,250716,292502
Agu-2026,TIGALAPANKAOS PALU,OVERSIZE 16S MAMU,OS MINERAL GREEN V16 PDK XL,83572,4,0,0,41786,167144,250716
Sep-2026,TIGALAPANKAOS PALU,OVERSIZE 16S MAMU,OS MINERAL GREEN V16 PDK XL,0,4,0,0,41786,167144,167144
Okt-2026,TIGALAPANKAOS PALU,OVERSIZE 16S MAMU,OS MINERAL GREEN V16 PDK XL,0,4,0,0,41786,167144,167144
Mei-2026,TIGALAPANKAOS PALU,OVERSIZE 16S MAMU,OS NAVY V16 PDK 2XL,0,1,0,0,44097,44097,0
Jun-2026,TIGALAPANKAOS PALU,OVERSIZE 16S MAMU,OS NAVY V16 PDK 2XL,0,1,0,0,44097,44097,44097
Jul-2026,TIGALAPANKAOS PALU,OVERSIZE 16S MAMU,OS NAVY V16 PDK 2XL,0,1,0,0,44097,44097,44097
Agu-2026,TIGALAPANKAOS PALU,OVERSIZE 16S MAMU,OS NAVY V16 PDK 2XL,0,1,0,0,44097,44097,44097
Sep-2026,TIGALAPANKAOS PALU,OVERSIZE 16S MAMU,OS NAVY V16 PDK 2XL,0,1,0,0,44097,44097,44097
Okt-2026,TIGALAPANKAOS PALU,OVERSIZE 16S MAMU,OS NAVY V16 PDK 2XL,0,1,0,0,44097,44097,44097
Jan-2026,TIGALAPANKAOS PALU,OVERSIZE 16S MAMU,OS NAVY V16 PDK L,44604,10,0,0,44604,446040,0
Feb-2026,TIGALAPANKAOS PALU,OVERSIZE 16S MAMU,OS NAVY V16 PDK L,44604,9,0,0,44604,401436,446040
Mar-2026,TIGALAPANKAOS PALU,OVERSIZE 16S MAMU,OS NAVY V16 PDK L,133812,5,0,0,44604,223020,401436
Apr-2026,TIGALAPANKAOS PALU,OVERSIZE 16S MAMU,OS NAVY V16 PDK L,0,5,0,0,44121,220605,223020
Mei-2026,TIGALAPANKAOS PALU,OVERSIZE 16S MAMU,OS NAVY V16 PDK L,0,5,0,0,44138,220690,220605
Jun-2026,TIGALAPANKAOS PALU,OVERSIZE 16S MAMU,OS NAVY V16 PDK L,0,5,0,0,44138,220690,220690
Jul-2026,TIGALAPANKAOS PALU,OVERSIZE 16S MAMU,OS NAVY V16 PDK L,0,5,0,0,44138,220690,220690
Agu-2026,TIGALAPANKAOS PALU,OVERSIZE 16S MAMU,OS NAVY V16 PDK L,89208,4,0,0,44138,176552,220690
Sep-2026,TIGALAPANKAOS PALU,OVERSIZE 16S MAMU,OS NAVY V16 PDK L,0,10,0,0,44138,441380,176552
Okt-2026,TIGALAPANKAOS PALU,OVERSIZE 16S MAMU,OS NAVY V16 PDK L,0,10,0,0,44138,441380,441380
Jan-2026,TIGALAPANKAOS PALU,OVERSIZE 16S MAMU,OS NAVY V16 PDK M,44504,3,0,0,44504,133512,0
Feb-2026,TIGALAPANKAOS PALU,OVERSIZE 16S MAMU,OS NAVY V16 PDK M,0,3,0,0,44504,133512,133512
Mar-2026,TIGALAPANKAOS PALU,OVERSIZE 16S MAMU,OS NAVY V16 PDK M,89008,1,0,0,44103,44103,133512
Apr-2026,TIGALAPANKAOS PALU,OVERSIZE 16S MAMU,OS NAVY V16 PDK M,0,1,0,0,44100,44100,44103
Mei-2026,TIGALAPANKAOS PALU,OVERSIZE 16S MAMU,OS NAVY V16 PDK M,0,6,0,0,44104,264624,44100
Jun-2026,TIGALAPANKAOS PALU,OVERSIZE 16S MAMU,OS NAVY V16 PDK M,88342,4,0,0,44104,176416,264624
Jul-2026,TIGALAPANKAOS PALU,OVERSIZE 16S MAMU,OS NAVY V16 PDK M,132513,2,0,0,44104,88208,176416
Agu-2026,TIGALAPANKAOS PALU,OVERSIZE 16S MAMU,OS NAVY V16 PDK M,-386,4,0,0,44104,176416,88208
Sep-2026,TIGALAPANKAOS PALU,OVERSIZE 16S MAMU,OS NAVY V16 PDK M,88390,10,0,0,44104,441040,176416
Okt-2026,TIGALAPANKAOS PALU,OVERSIZE 16S MAMU,OS NAVY V16 PDK M,0,10,0,0,44104,441040,441040
Jan-2026,TIGALAPANKAOS PALU,OVERSIZE 16S MAMU,OS NAVY V16 PDK S,0,8,0,0,45112,360896,0
Feb-2026,TIGALAPANKAOS PALU,OVERSIZE 16S MAMU,OS NAVY V16 PDK S,45112,7,0,0,45112,315784,360896
Mar-2026,TIGALAPANKAOS PALU,OVERSIZE 16S MAMU,OS NAVY V16 PDK S,45112,5,0,0,44126,220630,315784
Apr-2026,TIGALAPANKAOS PALU,OVERSIZE 16S MAMU,OS NAVY V16 PDK S,0,5,0,0,44100,220500,220630
Mei-2026,TIGALAPANKAOS PALU,OVERSIZE 16S MAMU,OS NAVY V16 PDK S,45112,4,0,0,44106,176424,220500
Jun-2026,TIGALAPANKAOS PALU,OVERSIZE 16S MAMU,OS NAVY V16 PDK S,0,4,0,0,44106,176424,176424
Jul-2026,TIGALAPANKAOS PALU,OVERSIZE 16S MAMU,OS NAVY V16 PDK S,45112,4,0,0,44106,176424,176424
Agu-2026,TIGALAPANKAOS PALU,OVERSIZE 16S MAMU,OS NAVY V16 PDK S,44963,5,0,0,44106,220530,176424
Sep-2026,TIGALAPANKAOS PALU,OVERSIZE 16S MAMU,OS NAVY V16 PDK S,0,10,0,0,44106,441060,220530
Okt-2026,TIGALAPANKAOS PALU,OVERSIZE 16S MAMU,OS NAVY V16 PDK S,0,10,0,0,44106,441060,441060
Jan-2026,TIGALAPANKAOS PALU,OVERSIZE 16S MAMU,OS NAVY V16 PDK XL,0,15,0,0,44504,667560,0
Feb-2026,TIGALAPANKAOS PALU,OVERSIZE 16S MAMU,OS NAVY V16 PDK XL,0,15,0,0,44504,667560,667560
Mar-2026,TIGALAPANKAOS PALU,OVERSIZE 16S MAMU,OS NAVY V16 PDK XL,44504,12,0,0,44504,534048,667560
Apr-2026,TIGALAPANKAOS PALU,OVERSIZE 16S MAMU,OS NAVY V16 PDK XL,0,12,0,0,44113,529356,534048
Mei-2026,TIGALAPANKAOS PALU,OVERSIZE 16S MAMU,OS NAVY V16 PDK XL,0,12,0,0,44177,530124,529356
Jun-2026,TIGALAPANKAOS PALU,OVERSIZE 16S MAMU,OS NAVY V16 PDK XL,0,12,0,0,44177,530124,530124
Jul-2026,TIGALAPANKAOS PALU,OVERSIZE 16S MAMU,OS NAVY V16 PDK XL,89008,11,0,0,44177,485947,530124
Agu-2026,TIGALAPANKAOS PALU,OVERSIZE 16S MAMU,OS NAVY V16 PDK XL,89008,9,0,0,44177,397593,485947
Sep-2026,TIGALAPANKAOS PALU,OVERSIZE 16S MAMU,OS NAVY V16 PDK XL,0,8,0,0,44177,353416,397593
Okt-2026,TIGALAPANKAOS PALU,OVERSIZE 16S MAMU,OS NAVY V16 PDK XL,0,8,0,0,44177,353416,353416
Jan-2026,TIGALAPANKAOS PALU,OVERSIZE 16S MAMU,OS ORANGE BATA V16 PDK L,0,6,0,0,44076,264456,0
Feb-2026,TIGALAPANKAOS PALU,OVERSIZE 16S MAMU,OS ORANGE BATA V16 PDK L,44076,5,0,0,44076,220380,264456
Mar-2026,TIGALAPANKAOS PALU,OVERSIZE 16S MAMU,OS ORANGE BATA V16 PDK L,0,5,0,0,44077,220385,220380
Apr-2026,TIGALAPANKAOS PALU,OVERSIZE 16S MAMU,OS ORANGE BATA V16 PDK L,44076,4,0,0,44077,176308,220385
Mei-2026,TIGALAPANKAOS PALU,OVERSIZE 16S MAMU,OS ORANGE BATA V16 PDK L,44076,3,0,0,44077,132231,176308
Jun-2026,TIGALAPANKAOS PALU,OVERSIZE 16S MAMU,OS ORANGE BATA V16 PDK L,44076,2,0,0,44077,88154,132231
Jul-2026,TIGALAPANKAOS PALU,OVERSIZE 16S MAMU,OS ORANGE BATA V16 PDK L,44076,5,0,0,44077,220385,88154
Agu-2026,TIGALAPANKAOS PALU,OVERSIZE 16S MAMU,OS ORANGE BATA V16 PDK L,-44076,5,0,0,44077,220385,220385
Sep-2026,TIGALAPANKAOS PALU,OVERSIZE 16S MAMU,OS ORANGE BATA V16 PDK L,0,6,0,0,44077,264462,220385
Okt-2026,TIGALAPANKAOS PALU,OVERSIZE 16S MAMU,OS ORANGE BATA V16 PDK L,0,6,0,0,44077,264462,264462
Jan-2026,TIGALAPANKAOS PALU,OVERSIZE 16S MAMU,OS ORANGE BATA V16 PDK M,0,5,0,0,44983,224915,0
Feb-2026,TIGALAPANKAOS PALU,OVERSIZE 16S MAMU,OS ORANGE BATA V16 PDK M,0,5,0,0,44983,224915,224915
Mar-2026,TIGALAPANKAOS PALU,OVERSIZE 16S MAMU,OS ORANGE BATA V16 PDK M,89966,3,0,0,44983,134949,224915
Apr-2026,TIGALAPANKAOS PALU,OVERSIZE 16S MAMU,OS ORANGE BATA V16 PDK M,0,3,0,0,44983,134949,134949
Mei-2026,TIGALAPANKAOS PALU,OVERSIZE 16S MAMU,OS ORANGE BATA V16 PDK M,0,3,0,0,44983,134949,134949
Jun-2026,TIGALAPANKAOS PALU,OVERSIZE 16S MAMU,OS ORANGE BATA V16 PDK M,0,3,0,0,44983,134949,134949
Jul-2026,TIGALAPANKAOS PALU,OVERSIZE 16S MAMU,OS ORANGE BATA V16 PDK M,44983,2,0,0,44983,89966,134949
Agu-2026,TIGALAPANKAOS PALU,OVERSIZE 16S MAMU,OS ORANGE BATA V16 PDK M,-44983,2,0,0,44983,89966,89966
Sep-2026,TIGALAPANKAOS PALU,OVERSIZE 16S MAMU,OS ORANGE BATA V16 PDK M,0,3,0,0,44983,134949,89966
Okt-2026,TIGALAPANKAOS PALU,OVERSIZE 16S MAMU,OS ORANGE BATA V16 PDK M,0,3,0,0,44983,134949,134949
Jan-2026,TIGALAPANKAOS PALU,OVERSIZE 16S MAMU,OS ORANGE BATA V16 PDK S,0,1,0,0,43975,43975,0
Feb-2026,TIGALAPANKAOS PALU,OVERSIZE 16S MAMU,OS ORANGE BATA V16 PDK S,0,1,0,0,43975,43975,43975
Mar-2026,TIGALAPANKAOS PALU,OVERSIZE 16S MAMU,OS ORANGE BATA V16 PDK S,0,1,0,0,43975,43975,43975
Apr-2026,TIGALAPANKAOS PALU,OVERSIZE 16S MAMU,OS ORANGE BATA V16 PDK S,43975,0,0,0,43975,0,43975
Jan-2026,TIGALAPANKAOS PALU,OVERSIZE 16S MAMU,OS ORANGE BATA V16 PDK XL,0,8,0,0,44616,356928,0
Feb-2026,TIGALAPANKAOS PALU,OVERSIZE 16S MAMU,OS ORANGE BATA V16 PDK XL,0,8,0,0,44616,356928,356928
Mar-2026,TIGALAPANKAOS PALU,OVERSIZE 16S MAMU,OS ORANGE BATA V16 PDK XL,0,8,0,0,44622,356976,356928
Apr-2026,TIGALAPANKAOS PALU,OVERSIZE 16S MAMU,OS ORANGE BATA V16 PDK XL,0,8,0,0,44622,356976,356976
Mei-2026,TIGALAPANKAOS PALU,OVERSIZE 16S MAMU,OS ORANGE BATA V16 PDK XL,0,8,0,0,44622,356976,356976
Jun-2026,TIGALAPANKAOS PALU,OVERSIZE 16S MAMU,OS ORANGE BATA V16 PDK XL,0,8,0,0,44622,356976,356976
Jul-2026,TIGALAPANKAOS PALU,OVERSIZE 16S MAMU,OS ORANGE BATA V16 PDK XL,0,8,0,0,44622,356976,356976
Agu-2026,TIGALAPANKAOS PALU,OVERSIZE 16S MAMU,OS ORANGE BATA V16 PDK XL,0,8,0,0,44622,356976,356976
Sep-2026,TIGALAPANKAOS PALU,OVERSIZE 16S MAMU,OS ORANGE BATA V16 PDK XL,0,8,0,0,44622,356976,356976
Okt-2026,TIGALAPANKAOS PALU,OVERSIZE 16S MAMU,OS ORANGE BATA V16 PDK XL,0,8,0,0,44622,356976,356976
Jan-2026,TIGALAPANKAOS PALU,OVERSIZE 16S MAMU,OS PUTIH NETRAL V16 PDK 2XL,0,1,0,0,50586,50586,0
Feb-2026,TIGALAPANKAOS PALU,OVERSIZE 16S MAMU,OS PUTIH NETRAL V16 PDK 2XL,0,1,0,0,50586,50586,50586
Mar-2026,TIGALAPANKAOS PALU,OVERSIZE 16S MAMU,OS PUTIH NETRAL V16 PDK 2XL,0,1,0,0,40037,40037,50586
Apr-2026,TIGALAPANKAOS PALU,OVERSIZE 16S MAMU,OS PUTIH NETRAL V16 PDK 2XL,0,1,0,0,40037,40037,40037
Mei-2026,TIGALAPANKAOS PALU,OVERSIZE 16S MAMU,OS PUTIH NETRAL V16 PDK 2XL,0,1,0,0,40037,40037,40037
Jun-2026,TIGALAPANKAOS PALU,OVERSIZE 16S MAMU,OS PUTIH NETRAL V16 PDK 2XL,0,1,0,0,40037,40037,40037
Jul-2026,TIGALAPANKAOS PALU,OVERSIZE 16S MAMU,OS PUTIH NETRAL V16 PDK 2XL,0,1,0,0,40037,40037,40037
Agu-2026,TIGALAPANKAOS PALU,OVERSIZE 16S MAMU,OS PUTIH NETRAL V16 PDK 2XL,0,1,0,0,40037,40037,40037
Sep-2026,TIGALAPANKAOS PALU,OVERSIZE 16S MAMU,OS PUTIH NETRAL V16 PDK 2XL,0,1,0,0,40037,40037,40037
Okt-2026,TIGALAPANKAOS PALU,OVERSIZE 16S MAMU,OS PUTIH NETRAL V16 PDK 2XL,0,1,0,0,40037,40037,40037
Jan-2026,TIGALAPANKAOS PALU,OVERSIZE 16S MAMU,OS PUTIH NETRAL V16 PDK L,0,3,0,0,46647,139941,0
Feb-2026,TIGALAPANKAOS PALU,OVERSIZE 16S MAMU,OS PUTIH NETRAL V16 PDK L,128712,0,0,0,46647,0,139941
Mei-2026,TIGALAPANKAOS PALU,OVERSIZE 16S MAMU,OS PUTIH NETRAL V16 PDK L,40155,4,0,0,40155,160620,0
Jun-2026,TIGALAPANKAOS PALU,OVERSIZE 16S MAMU,OS PUTIH NETRAL V16 PDK L,0,4,0,0,40155,160620,160620
Jul-2026,TIGALAPANKAOS PALU,OVERSIZE 16S MAMU,OS PUTIH NETRAL V16 PDK L,160620,2,0,0,40155,80310,160620
Agu-2026,TIGALAPANKAOS PALU,OVERSIZE 16S MAMU,OS PUTIH NETRAL V16 PDK L,80310,3,0,0,40155,120465,80310
Sep-2026,TIGALAPANKAOS PALU,OVERSIZE 16S MAMU,OS PUTIH NETRAL V16 PDK L,40155,1,0,0,40155,40155,120465
Okt-2026,TIGALAPANKAOS PALU,OVERSIZE 16S MAMU,OS PUTIH NETRAL V16 PDK L,40155,0,0,0,46647,0,40155
Mei-2026,TIGALAPANKAOS PALU,OVERSIZE 16S MAMU,OS PUTIH NETRAL V16 PDK M,0,5,0,0,40042,200210,0
Jun-2026,TIGALAPANKAOS PALU,OVERSIZE 16S MAMU,OS PUTIH NETRAL V16 PDK M,0,5,0,0,40042,200210,200210
Jul-2026,TIGALAPANKAOS PALU,OVERSIZE 16S MAMU,OS PUTIH NETRAL V16 PDK M,40042,4,0,0,40042,160168,200210
Agu-2026,TIGALAPANKAOS PALU,OVERSIZE 16S MAMU,OS PUTIH NETRAL V16 PDK M,113096,2,0,0,40042,80084,160168
Sep-2026,TIGALAPANKAOS PALU,OVERSIZE 16S MAMU,OS PUTIH NETRAL V16 PDK M,47071,5,0,0,40042,200210,80084
Okt-2026,TIGALAPANKAOS PALU,OVERSIZE 16S MAMU,OS PUTIH NETRAL V16 PDK M,55224,10,0,0,40042,400420,200210
Jan-2026,TIGALAPANKAOS PALU,OVERSIZE 16S MAMU,OS PUTIH NETRAL V16 PDK S,101172,4,0,0,50586,202344,0
Feb-2026,TIGALAPANKAOS PALU,OVERSIZE 16S MAMU,OS PUTIH NETRAL V16 PDK S,101172,2,0,0,50586,101172,202344
Mar-2026,TIGALAPANKAOS PALU,OVERSIZE 16S MAMU,OS PUTIH NETRAL V16 PDK S,101172,0,0,0,50586,0,101172
Mei-2026,TIGALAPANKAOS PALU,OVERSIZE 16S MAMU,OS PUTIH NETRAL V16 PDK S,0,5,0,0,40037,200185,0
Jun-2026,TIGALAPANKAOS PALU,OVERSIZE 16S MAMU,OS PUTIH NETRAL V16 PDK S,40037,4,0,0,40037,160148,200185
Jul-2026,TIGALAPANKAOS PALU,OVERSIZE 16S MAMU,OS PUTIH NETRAL V16 PDK S,40037,4,0,0,40037,160148,160148
Agu-2026,TIGALAPANKAOS PALU,OVERSIZE 16S MAMU,OS PUTIH NETRAL V16 PDK S,18939,2,0,0,40037,80074,160148
Sep-2026,TIGALAPANKAOS PALU,OVERSIZE 16S MAMU,OS PUTIH NETRAL V16 PDK S,44257,4,0,0,40037,160148,80074
Okt-2026,TIGALAPANKAOS PALU,OVERSIZE 16S MAMU,OS PUTIH NETRAL V16 PDK S,44257,3,0,0,40037,120111,160148
Jan-2026,TIGALAPANKAOS PALU,OVERSIZE 16S MAMU,OS PUTIH NETRAL V16 PDK XL,82566,8,0,0,50586,404688,0
Feb-2026,TIGALAPANKAOS PALU,OVERSIZE 16S MAMU,OS PUTIH NETRAL V16 PDK XL,41283,7,0,0,50586,354102,404688
Mar-2026,TIGALAPANKAOS PALU,OVERSIZE 16S MAMU,OS PUTIH NETRAL V16 PDK XL,123849,3,0,0,40086,120258,354102
Apr-2026,TIGALAPANKAOS PALU,OVERSIZE 16S MAMU,OS PUTIH NETRAL V16 PDK XL,41283,2,0,0,40084,80168,120258
Mei-2026,TIGALAPANKAOS PALU,OVERSIZE 16S MAMU,OS PUTIH NETRAL V16 PDK XL,82566,0,0,0,50586,0,80168
Agu-2026,TIGALAPANKAOS PALU,OVERSIZE 16S MAMU,OS PUTIH NETRAL V16 PDK XL,-41283,0,0,0,50586,0,0
Sep-2026,TIGALAPANKAOS PALU,OVERSIZE 16S MAMU,OS PUTIH NETRAL V16 PDK XL,0,1,0,0,40084,40084,0
Okt-2026,TIGALAPANKAOS PALU,OVERSIZE 16S MAMU,OS PUTIH NETRAL V16 PDK XL,0,1,0,0,40084,40084,40084
Jan-2026,TIGALAPANKAOS POLMAN,OVERSIZE 16S MAMU,OS ARMY GREEN V16 PDK L,43131,9,0,0,43131,388179,0
Feb-2026,TIGALAPANKAOS POLMAN,OVERSIZE 16S MAMU,OS ARMY GREEN V16 PDK L,0,9,0,0,43131,388179,388179
Mar-2026,TIGALAPANKAOS POLMAN,OVERSIZE 16S MAMU,OS ARMY GREEN V16 PDK L,43131,8,0,0,43131,345048,388179
Apr-2026,TIGALAPANKAOS POLMAN,OVERSIZE 16S MAMU,OS ARMY GREEN V16 PDK L,0,8,0,0,43131,345048,345048
Mei-2026,TIGALAPANKAOS POLMAN,OVERSIZE 16S MAMU,OS ARMY GREEN V16 PDK L,0,8,0,0,43131,345048,345048
Jun-2026,TIGALAPANKAOS POLMAN,OVERSIZE 16S MAMU,OS ARMY GREEN V16 PDK L,43131,7,0,0,43131,301917,345048
Jul-2026,TIGALAPANKAOS POLMAN,OVERSIZE 16S MAMU,OS ARMY GREEN V16 PDK L,0,7,0,0,43131,301917,301917
Agu-2026,TIGALAPANKAOS POLMAN,OVERSIZE 16S MAMU,OS ARMY GREEN V16 PDK L,43131,6,0,0,43131,258786,301917
Sep-2026,TIGALAPANKAOS POLMAN,OVERSIZE 16S MAMU,OS ARMY GREEN V16 PDK L,0,6,0,0,43131,258786,258786
Okt-2026,TIGALAPANKAOS POLMAN,OVERSIZE 16S MAMU,OS ARMY GREEN V16 PDK L,0,6,0,0,43131,258786,258786
Jan-2026,TIGALAPANKAOS POLMAN,OVERSIZE 16S MAMU,OS ARMY GREEN V16 PDK M,0,4,0,0,44081,176324,0
Feb-2026,TIGALAPANKAOS POLMAN,OVERSIZE 16S MAMU,OS ARMY GREEN V16 PDK M,0,4,0,0,44081,176324,176324
Mar-2026,TIGALAPANKAOS POLMAN,OVERSIZE 16S MAMU,OS ARMY GREEN V16 PDK M,0,4,0,0,44081,176324,176324
Apr-2026,TIGALAPANKAOS POLMAN,OVERSIZE 16S MAMU,OS ARMY GREEN V16 PDK M,0,4,0,0,44081,176324,176324
Mei-2026,TIGALAPANKAOS POLMAN,OVERSIZE 16S MAMU,OS ARMY GREEN V16 PDK M,0,4,0,0,44081,176324,176324
Jun-2026,TIGALAPANKAOS POLMAN,OVERSIZE 16S MAMU,OS ARMY GREEN V16 PDK M,0,4,0,0,44081,176324,176324
Jul-2026,TIGALAPANKAOS POLMAN,OVERSIZE 16S MAMU,OS ARMY GREEN V16 PDK M,0,4,0,0,44081,176324,176324
Agu-2026,TIGALAPANKAOS POLMAN,OVERSIZE 16S MAMU,OS ARMY GREEN V16 PDK M,0,4,0,0,44081,176324,176324
Sep-2026,TIGALAPANKAOS POLMAN,OVERSIZE 16S MAMU,OS ARMY GREEN V16 PDK M,0,4,0,0,44081,176324,176324
Okt-2026,TIGALAPANKAOS POLMAN,OVERSIZE 16S MAMU,OS ARMY GREEN V16 PDK M,0,4,0,0,44081,176324,176324
Jan-2026,TIGALAPANKAOS POLMAN,OVERSIZE 16S MAMU,OS ARMY GREEN V16 PDK XL,0,14,0,0,44476,622664,0
Feb-2026,TIGALAPANKAOS POLMAN,OVERSIZE 16S MAMU,OS ARMY GREEN V16 PDK XL,0,14,0,0,44476,622664,622664
Mar-2026,TIGALAPANKAOS POLMAN,OVERSIZE 16S MAMU,OS ARMY GREEN V16 PDK XL,44476,11,0,0,44476,489236,622664
Apr-2026,TIGALAPANKAOS POLMAN,OVERSIZE 16S MAMU,OS ARMY GREEN V16 PDK XL,0,11,0,0,44476,489236,489236
Mei-2026,TIGALAPANKAOS POLMAN,OVERSIZE 16S MAMU,OS ARMY GREEN V16 PDK XL,0,11,0,0,44476,489236,489236
Jun-2026,TIGALAPANKAOS POLMAN,OVERSIZE 16S MAMU,OS ARMY GREEN V16 PDK XL,44476,10,0,0,44476,444760,489236
Jul-2026,TIGALAPANKAOS POLMAN,OVERSIZE 16S MAMU,OS ARMY GREEN V16 PDK XL,0,10,0,0,44476,444760,444760
Agu-2026,TIGALAPANKAOS POLMAN,OVERSIZE 16S MAMU,OS ARMY GREEN V16 PDK XL,0,10,0,0,44476,444760,444760
Sep-2026,TIGALAPANKAOS POLMAN,OVERSIZE 16S MAMU,OS ARMY GREEN V16 PDK XL,0,10,0,0,44476,444760,444760
Okt-2026,TIGALAPANKAOS POLMAN,OVERSIZE 16S MAMU,OS ARMY GREEN V16 PDK XL,0,10,0,0,44476,444760,444760
Jan-2026,TIGALAPANKAOS POLMAN,OVERSIZE 16S MAMU,OS COKLAT SUSU V16 PDK L,41667,8,0,0,41667,333336,0
Feb-2026,TIGALAPANKAOS POLMAN,OVERSIZE 16S MAMU,OS COKLAT SUSU V16 PDK L,41667,7,0,0,41667,291669,333336
Mar-2026,TIGALAPANKAOS POLMAN,OVERSIZE 16S MAMU,OS COKLAT SUSU V16 PDK L,41667,5,0,0,41667,208335,291669
Apr-2026,TIGALAPANKAOS POLMAN,OVERSIZE 16S MAMU,OS COKLAT SUSU V16 PDK L,0,5,0,0,41667,208335,208335
Mei-2026,TIGALAPANKAOS POLMAN,OVERSIZE 16S MAMU,OS COKLAT SUSU V16 PDK L,0,5,0,0,41667,208335,208335
Jun-2026,TIGALAPANKAOS POLMAN,OVERSIZE 16S MAMU,OS COKLAT SUSU V16 PDK L,41667,4,0,0,41667,166668,208335
Jul-2026,TIGALAPANKAOS POLMAN,OVERSIZE 16S MAMU,OS COKLAT SUSU V16 PDK L,0,4,0,0,41667,166668,166668
Agu-2026,TIGALAPANKAOS POLMAN,OVERSIZE 16S MAMU,OS COKLAT SUSU V16 PDK L,83334,3,0,0,41667,125001,166668
Sep-2026,TIGALAPANKAOS POLMAN,OVERSIZE 16S MAMU,OS COKLAT SUSU V16 PDK L,0,2,0,0,41667,83334,125001
Okt-2026,TIGALAPANKAOS POLMAN,OVERSIZE 16S MAMU,OS COKLAT SUSU V16 PDK L,0,2,0,0,41667,83334,83334
Jan-2026,TIGALAPANKAOS POLMAN,OVERSIZE 16S MAMU,OS COKLAT SUSU V16 PDK XL,85450,5,0,0,42725,213625,0
Feb-2026,TIGALAPANKAOS POLMAN,OVERSIZE 16S MAMU,OS COKLAT SUSU V16 PDK XL,0,5,0,0,42725,213625,213625
Mar-2026,TIGALAPANKAOS POLMAN,OVERSIZE 16S MAMU,OS COKLAT SUSU V16 PDK XL,0,5,0,0,42725,213625,213625
Apr-2026,TIGALAPANKAOS POLMAN,OVERSIZE 16S MAMU,OS COKLAT SUSU V16 PDK XL,0,5,0,0,42725,213625,213625
Mei-2026,TIGALAPANKAOS POLMAN,OVERSIZE 16S MAMU,OS COKLAT SUSU V16 PDK XL,0,5,0,0,42725,213625,213625
Jun-2026,TIGALAPANKAOS POLMAN,OVERSIZE 16S MAMU,OS COKLAT SUSU V16 PDK XL,0,5,0,0,42725,213625,213625
Jul-2026,TIGALAPANKAOS POLMAN,OVERSIZE 16S MAMU,OS COKLAT SUSU V16 PDK XL,42725,4,0,0,42725,170900,213625
Agu-2026,TIGALAPANKAOS POLMAN,OVERSIZE 16S MAMU,OS COKLAT SUSU V16 PDK XL,0,4,0,0,42725,170900,170900
Sep-2026,TIGALAPANKAOS POLMAN,OVERSIZE 16S MAMU,OS COKLAT SUSU V16 PDK XL,0,4,0,0,42725,170900,170900
Okt-2026,TIGALAPANKAOS POLMAN,OVERSIZE 16S MAMU,OS COKLAT SUSU V16 PDK XL,0,4,0,0,42725,170900,170900
Jan-2026,TIGALAPANKAOS POLMAN,OVERSIZE 16S MAMU,OS DENIM BLUE V16 PDK L,82938,13,0,0,41469,539097,0
Feb-2026,TIGALAPANKAOS POLMAN,OVERSIZE 16S MAMU,OS DENIM BLUE V16 PDK L,41469,12,0,0,41469,497628,539097
Mar-2026,TIGALAPANKAOS POLMAN,OVERSIZE 16S MAMU,OS DENIM BLUE V16 PDK L,82938,8,0,0,38625,309000,497628
Apr-2026,TIGALAPANKAOS POLMAN,OVERSIZE 16S MAMU,OS DENIM BLUE V16 PDK L,0,8,0,0,38625,309000,309000
Mei-2026,TIGALAPANKAOS POLMAN,OVERSIZE 16S MAMU,OS DENIM BLUE V16 PDK L,0,8,0,0,38821,310568,309000
Jun-2026,TIGALAPANKAOS POLMAN,OVERSIZE 16S MAMU,OS DENIM BLUE V16 PDK L,0,8,0,0,38821,310568,310568
Jul-2026,TIGALAPANKAOS POLMAN,OVERSIZE 16S MAMU,OS DENIM BLUE V16 PDK L,0,8,0,0,38821,310568,310568
Agu-2026,TIGALAPANKAOS POLMAN,OVERSIZE 16S MAMU,OS DENIM BLUE V16 PDK L,82938,6,0,0,38821,232926,310568
Sep-2026,TIGALAPANKAOS POLMAN,OVERSIZE 16S MAMU,OS DENIM BLUE V16 PDK L,0,6,0,0,38821,232926,232926
Okt-2026,TIGALAPANKAOS POLMAN,OVERSIZE 16S MAMU,OS DENIM BLUE V16 PDK L,0,6,0,0,38821,232926,232926
Jan-2026,TIGALAPANKAOS POLMAN,OVERSIZE 16S MAMU,OS DENIM BLUE V16 PDK M,83736,5,0,0,41868,209340,0
Feb-2026,TIGALAPANKAOS POLMAN,OVERSIZE 16S MAMU,OS DENIM BLUE V16 PDK M,83736,3,0,0,41868,125604,209340
Mar-2026,TIGALAPANKAOS POLMAN,OVERSIZE 16S MAMU,OS DENIM BLUE V16 PDK M,41868,2,0,0,38447,76894,125604
Apr-2026,TIGALAPANKAOS POLMAN,OVERSIZE 16S MAMU,OS DENIM BLUE V16 PDK M,0,2,0,0,38447,76894,76894
Mei-2026,TIGALAPANKAOS POLMAN,OVERSIZE 16S MAMU,OS DENIM BLUE V16 PDK M,41868,1,0,0,41868,41868,76894
Jun-2026,TIGALAPANKAOS POLMAN,OVERSIZE 16S MAMU,OS DENIM BLUE V16 PDK M,0,1,0,0,41868,41868,41868
Jul-2026,TIGALAPANKAOS POLMAN,OVERSIZE 16S MAMU,OS DENIM BLUE V16 PDK M,0,1,0,0,41868,41868,41868
Agu-2026,TIGALAPANKAOS POLMAN,OVERSIZE 16S MAMU,OS DENIM BLUE V16 PDK M,0,1,0,0,41868,41868,41868
Sep-2026,TIGALAPANKAOS POLMAN,OVERSIZE 16S MAMU,OS DENIM BLUE V16 PDK M,41868,0,0,0,41868,0,41868
Okt-2026,TIGALAPANKAOS POLMAN,OVERSIZE 16S MAMU,OS DENIM BLUE V16 PDK M,0,5,0,0,41868,209340,0
Mei-2026,TIGALAPANKAOS POLMAN,OVERSIZE 16S MAMU,OS DENIM BLUE V16 PDK S,0,2,0,0,38550,77100,0
Jun-2026,TIGALAPANKAOS POLMAN,OVERSIZE 16S MAMU,OS DENIM BLUE V16 PDK S,0,2,0,0,38550,77100,77100
Jul-2026,TIGALAPANKAOS POLMAN,OVERSIZE 16S MAMU,OS DENIM BLUE V16 PDK S,0,2,0,0,38550,77100,77100
Agu-2026,TIGALAPANKAOS POLMAN,OVERSIZE 16S MAMU,OS DENIM BLUE V16 PDK S,0,2,0,0,38550,77100,77100
Sep-2026,TIGALAPANKAOS POLMAN,OVERSIZE 16S MAMU,OS DENIM BLUE V16 PDK S,0,2,0,0,38550,77100,77100
Okt-2026,TIGALAPANKAOS POLMAN,OVERSIZE 16S MAMU,OS DENIM BLUE V16 PDK S,0,4,0,0,38550,154200,77100
Jan-2026,TIGALAPANKAOS POLMAN,OVERSIZE 16S MAMU,OS DENIM BLUE V16 PDK XL,41868,14,0,0,41868,586152,0
Feb-2026,TIGALAPANKAOS POLMAN,OVERSIZE 16S MAMU,OS DENIM BLUE V16 PDK XL,0,14,0,0,41868,586152,586152
Mar-2026,TIGALAPANKAOS POLMAN,OVERSIZE 16S MAMU,OS DENIM BLUE V16 PDK XL,0,12,0,0,41868,502416,586152
Apr-2026,TIGALAPANKAOS POLMAN,OVERSIZE 16S MAMU,OS DENIM BLUE V16 PDK XL,0,12,0,0,41868,502416,502416
Mei-2026,TIGALAPANKAOS POLMAN,OVERSIZE 16S MAMU,OS DENIM BLUE V16 PDK XL,0,12,0,0,41868,502416,502416
Jun-2026,TIGALAPANKAOS POLMAN,OVERSIZE 16S MAMU,OS DENIM BLUE V16 PDK XL,0,12,0,0,41868,502416,502416
Jul-2026,TIGALAPANKAOS POLMAN,OVERSIZE 16S MAMU,OS DENIM BLUE V16 PDK XL,41868,11,0,0,41868,460548,502416
Agu-2026,TIGALAPANKAOS POLMAN,OVERSIZE 16S MAMU,OS DENIM BLUE V16 PDK XL,0,11,0,0,41868,460548,460548
Sep-2026,TIGALAPANKAOS POLMAN,OVERSIZE 16S MAMU,OS DENIM BLUE V16 PDK XL,0,11,0,0,41868,460548,460548
Okt-2026,TIGALAPANKAOS POLMAN,OVERSIZE 16S MAMU,OS DENIM BLUE V16 PDK XL,0,11,0,0,41868,460548,460548
Apr-2026,TIGALAPANKAOS POLMAN,OVERSIZE 16S MAMU,OS JET BLACK V16 PDK 2XL,0,3,0,0,45054,135162,0
Mei-2026,TIGALAPANKAOS POLMAN,OVERSIZE 16S MAMU,OS JET BLACK V16 PDK 2XL,45054,2,0,0,45054,90108,135162
Jun-2026,TIGALAPANKAOS POLMAN,OVERSIZE 16S MAMU,OS JET BLACK V16 PDK 2XL,0,2,0,0,45054,90108,90108
Jul-2026,TIGALAPANKAOS POLMAN,OVERSIZE 16S MAMU,OS JET BLACK V16 PDK 2XL,45054,1,0,0,45054,45054,90108
Agu-2026,TIGALAPANKAOS POLMAN,OVERSIZE 16S MAMU,OS JET BLACK V16 PDK 2XL,0,1,0,0,45054,45054,45054
Sep-2026,TIGALAPANKAOS POLMAN,OVERSIZE 16S MAMU,OS JET BLACK V16 PDK 2XL,45054,0,0,0,46112,0,45054
Jan-2026,TIGALAPANKAOS POLMAN,OVERSIZE 16S MAMU,OS JET BLACK V16 PDK L,0,2,0,0,44390,88780,0
Feb-2026,TIGALAPANKAOS POLMAN,OVERSIZE 16S MAMU,OS JET BLACK V16 PDK L,89606,1,0,0,44390,44390,88780
Mar-2026,TIGALAPANKAOS POLMAN,OVERSIZE 16S MAMU,OS JET BLACK V16 PDK L,89843,0,2,0,45040,90080,44390
Apr-2026,TIGALAPANKAOS POLMAN,OVERSIZE 16S MAMU,OS JET BLACK V16 PDK L,180160,0,0,0,44390,0,90080
Mei-2026,TIGALAPANKAOS POLMAN,OVERSIZE 16S MAMU,OS JET BLACK V16 PDK L,0,2,0,0,45040,90080,0
Jun-2026,TIGALAPANKAOS POLMAN,OVERSIZE 16S MAMU,OS JET BLACK V16 PDK L,90080,0,0,0,44390,0,90080
Okt-2026,TIGALAPANKAOS POLMAN,OVERSIZE 16S MAMU,OS JET BLACK V16 PDK L,0,5,0,0,45040,225200,0
Jan-2026,TIGALAPANKAOS POLMAN,OVERSIZE 16S MAMU,OS JET BLACK V16 PDK M,44696,4,0,0,44390,177560,0
Feb-2026,TIGALAPANKAOS POLMAN,OVERSIZE 16S MAMU,OS JET BLACK V16 PDK M,89392,2,0,0,44390,88780,177560
Mar-2026,TIGALAPANKAOS POLMAN,OVERSIZE 16S MAMU,OS JET BLACK V16 PDK M,89392,0,0,0,44390,0,88780
Apr-2026,TIGALAPANKAOS POLMAN,OVERSIZE 16S MAMU,OS JET BLACK V16 PDK M,0,5,0,0,44890,224450,0
Mei-2026,TIGALAPANKAOS POLMAN,OVERSIZE 16S MAMU,OS JET BLACK V16 PDK M,44890,4,0,0,44890,179560,224450
Jun-2026,TIGALAPANKAOS POLMAN,OVERSIZE 16S MAMU,OS JET BLACK V16 PDK M,0,4,0,0,44890,179560,179560
Jul-2026,TIGALAPANKAOS POLMAN,OVERSIZE 16S MAMU,OS JET BLACK V16 PDK M,134670,2,0,0,44890,89780,179560
Agu-2026,TIGALAPANKAOS POLMAN,OVERSIZE 16S MAMU,OS JET BLACK V16 PDK M,44890,0,0,0,44390,0,89780
Okt-2026,TIGALAPANKAOS POLMAN,OVERSIZE 16S MAMU,OS JET BLACK V16 PDK M,0,5,0,0,44890,224450,0
Jan-2026,TIGALAPANKAOS POLMAN,OVERSIZE 16S MAMU,OS JET BLACK V16 PDK S,0,3,0,0,44390,133170,0
Feb-2026,TIGALAPANKAOS POLMAN,OVERSIZE 16S MAMU,OS JET BLACK V16 PDK S,0,3,0,0,44390,133170,133170
Mar-2026,TIGALAPANKAOS POLMAN,OVERSIZE 16S MAMU,OS JET BLACK V16 PDK S,134331,0,0,0,44390,0,133170
Okt-2026,TIGALAPANKAOS POLMAN,OVERSIZE 16S MAMU,OS JET BLACK V16 PDK S,0,16,0,0,44946,719136,0
Jan-2026,TIGALAPANKAOS POLMAN,OVERSIZE 16S MAMU,OS JET BLACK V16 PDK XL,44390,1,0,0,44390,44390,0
Feb-2026,TIGALAPANKAOS POLMAN,OVERSIZE 16S MAMU,OS JET BLACK V16 PDK XL,0,1,0,0,44390,44390,44390
Mar-2026,TIGALAPANKAOS POLMAN,OVERSIZE 16S MAMU,OS JET BLACK V16 PDK XL,44390,0,0,0,44390,0,44390
Apr-2026,TIGALAPANKAOS POLMAN,OVERSIZE 16S MAMU,OS JET BLACK V16 PDK XL,45054,3,0,0,45054,135162,0
Mei-2026,TIGALAPANKAOS POLMAN,OVERSIZE 16S MAMU,OS JET BLACK V16 PDK XL,45054,1,0,0,45054,45054,135162
Jun-2026,TIGALAPANKAOS POLMAN,OVERSIZE 16S MAMU,OS JET BLACK V16 PDK XL,0,1,0,0,45054,45054,45054
Jul-2026,TIGALAPANKAOS POLMAN,OVERSIZE 16S MAMU,OS JET BLACK V16 PDK XL,45054,0,0,0,44390,0,45054
Okt-2026,TIGALAPANKAOS POLMAN,OVERSIZE 16S MAMU,OS JET BLACK V16 PDK XL,0,5,0,0,45054,225270,0
Jan-2026,TIGALAPANKAOS POLMAN,OVERSIZE 16S MAMU,OS LIGHT BROWN V16 PDK L,39226,9,0,0,39226,353034,0
Feb-2026,TIGALAPANKAOS POLMAN,OVERSIZE 16S MAMU,OS LIGHT BROWN V16 PDK L,0,9,0,0,39226,353034,353034
Mar-2026,TIGALAPANKAOS POLMAN,OVERSIZE 16S MAMU,OS LIGHT BROWN V16 PDK L,39226,7,0,0,39226,274582,353034
Apr-2026,TIGALAPANKAOS POLMAN,OVERSIZE 16S MAMU,OS LIGHT BROWN V16 PDK L,39226,5,0,0,38902,194510,274582
Mei-2026,TIGALAPANKAOS POLMAN,OVERSIZE 16S MAMU,OS LIGHT BROWN V16 PDK L,39226,4,0,0,38939,155756,194510
Jun-2026,TIGALAPANKAOS POLMAN,OVERSIZE 16S MAMU,OS LIGHT BROWN V16 PDK L,0,4,0,0,38939,155756,155756
Jul-2026,TIGALAPANKAOS POLMAN,OVERSIZE 16S MAMU,OS LIGHT BROWN V16 PDK L,39226,4,0,0,38939,155756,155756
Agu-2026,TIGALAPANKAOS POLMAN,OVERSIZE 16S MAMU,OS LIGHT BROWN V16 PDK L,39226,2,0,0,38939,77878,155756
Sep-2026,TIGALAPANKAOS POLMAN,OVERSIZE 16S MAMU,OS LIGHT BROWN V16 PDK L,0,2,0,0,38939,77878,77878
Okt-2026,TIGALAPANKAOS POLMAN,OVERSIZE 16S MAMU,OS LIGHT BROWN V16 PDK L,0,5,0,0,38939,194695,77878
Jan-2026,TIGALAPANKAOS POLMAN,OVERSIZE 16S MAMU,OS LIGHT BROWN V16 PDK M,0,7,0,0,39714,277998,0
Feb-2026,TIGALAPANKAOS POLMAN,OVERSIZE 16S MAMU,OS LIGHT BROWN V16 PDK M,39714,6,0,0,39714,238284,277998
Mar-2026,TIGALAPANKAOS POLMAN,OVERSIZE 16S MAMU,OS LIGHT BROWN V16 PDK M,79428,3,0,0,39714,119142,238284
Apr-2026,TIGALAPANKAOS POLMAN,OVERSIZE 16S MAMU,OS LIGHT BROWN V16 PDK M,0,3,0,0,38905,116715,119142
Mei-2026,TIGALAPANKAOS POLMAN,OVERSIZE 16S MAMU,OS LIGHT BROWN V16 PDK M,0,3,0,0,38905,116715,116715
Jun-2026,TIGALAPANKAOS POLMAN,OVERSIZE 16S MAMU,OS LIGHT BROWN V16 PDK M,79428,1,0,0,38905,38905,116715
Jul-2026,TIGALAPANKAOS POLMAN,OVERSIZE 16S MAMU,OS LIGHT BROWN V16 PDK M,0,1,0,0,38905,38905,38905
Agu-2026,TIGALAPANKAOS POLMAN,OVERSIZE 16S MAMU,OS LIGHT BROWN V16 PDK M,78134,4,0,0,38905,155620,38905
Sep-2026,TIGALAPANKAOS POLMAN,OVERSIZE 16S MAMU,OS LIGHT BROWN V16 PDK M,0,3,0,0,38905,116715,155620
Okt-2026,TIGALAPANKAOS POLMAN,OVERSIZE 16S MAMU,OS LIGHT BROWN V16 PDK M,0,7,0,0,38905,272335,116715
Mei-2026,TIGALAPANKAOS POLMAN,OVERSIZE 16S MAMU,OS LIGHT BROWN V16 PDK S,0,2,0,0,38965,77930,0
Jun-2026,TIGALAPANKAOS POLMAN,OVERSIZE 16S MAMU,OS LIGHT BROWN V16 PDK S,0,2,0,0,38965,77930,77930
Jul-2026,TIGALAPANKAOS POLMAN,OVERSIZE 16S MAMU,OS LIGHT BROWN V16 PDK S,0,2,0,0,38965,77930,77930
Agu-2026,TIGALAPANKAOS POLMAN,OVERSIZE 16S MAMU,OS LIGHT BROWN V16 PDK S,38965,2,0,0,38965,77930,77930
Sep-2026,TIGALAPANKAOS POLMAN,OVERSIZE 16S MAMU,OS LIGHT BROWN V16 PDK S,0,1,0,0,38965,38965,77930
Okt-2026,TIGALAPANKAOS POLMAN,OVERSIZE 16S MAMU,OS LIGHT BROWN V16 PDK S,0,2,0,0,38965,77930,38965
Jan-2026,TIGALAPANKAOS POLMAN,OVERSIZE 16S MAMU,OS LIGHT BROWN V16 PDK XL,39714,7,0,0,39714,277998,0
Feb-2026,TIGALAPANKAOS POLMAN,OVERSIZE 16S MAMU,OS LIGHT BROWN V16 PDK XL,0,7,0,0,39714,277998,277998
Mar-2026,TIGALAPANKAOS POLMAN,OVERSIZE 16S MAMU,OS LIGHT BROWN V16 PDK XL,39714,5,0,0,39714,198570,277998
Apr-2026,TIGALAPANKAOS POLMAN,OVERSIZE 16S MAMU,OS LIGHT BROWN V16 PDK XL,0,5,0,0,39714,198570,198570
Mei-2026,TIGALAPANKAOS POLMAN,OVERSIZE 16S MAMU,OS LIGHT BROWN V16 PDK XL,0,5,0,0,39714,198570,198570
Jun-2026,TIGALAPANKAOS POLMAN,OVERSIZE 16S MAMU,OS LIGHT BROWN V16 PDK XL,39714,4,0,0,39714,158856,198570
Jul-2026,TIGALAPANKAOS POLMAN,OVERSIZE 16S MAMU,OS LIGHT BROWN V16 PDK XL,39714,3,0,0,39714,119142,158856
Agu-2026,TIGALAPANKAOS POLMAN,OVERSIZE 16S MAMU,OS LIGHT BROWN V16 PDK XL,0,3,0,0,39714,119142,119142
Sep-2026,TIGALAPANKAOS POLMAN,OVERSIZE 16S MAMU,OS LIGHT BROWN V16 PDK XL,0,3,0,0,39714,119142,119142
Okt-2026,TIGALAPANKAOS POLMAN,OVERSIZE 16S MAMU,OS LIGHT BROWN V16 PDK XL,0,5,0,0,39714,198570,119142
Jan-2026,TIGALAPANKAOS POLMAN,OVERSIZE 16S MAMU,OS MINERAL GREEN V16 PDK 2XL,44432,2,0,0,44432,88864,0
Feb-2026,TIGALAPANKAOS POLMAN,OVERSIZE 16S MAMU,OS MINERAL GREEN V16 PDK 2XL,0,2,0,0,44432,88864,88864
Mar-2026,TIGALAPANKAOS POLMAN,OVERSIZE 16S MAMU,OS MINERAL GREEN V16 PDK 2XL,0,2,0,0,44432,88864,88864
Apr-2026,TIGALAPANKAOS POLMAN,OVERSIZE 16S MAMU,OS MINERAL GREEN V16 PDK 2XL,44432,1,0,0,44432,44432,88864
Mei-2026,TIGALAPANKAOS POLMAN,OVERSIZE 16S MAMU,OS MINERAL GREEN V16 PDK 2XL,0,1,0,0,44432,44432,44432
Jun-2026,TIGALAPANKAOS POLMAN,OVERSIZE 16S MAMU,OS MINERAL GREEN V16 PDK 2XL,0,1,0,0,44432,44432,44432
Jul-2026,TIGALAPANKAOS POLMAN,OVERSIZE 16S MAMU,OS MINERAL GREEN V16 PDK 2XL,44432,0,0,0,44432,0,44432
Jan-2026,TIGALAPANKAOS POLMAN,OVERSIZE 16S MAMU,OS MINERAL GREEN V16 PDK L,84168,14,0,0,42084,589176,0
Feb-2026,TIGALAPANKAOS POLMAN,OVERSIZE 16S MAMU,OS MINERAL GREEN V16 PDK L,0,14,0,0,42084,589176,589176
Mar-2026,TIGALAPANKAOS POLMAN,OVERSIZE 16S MAMU,OS MINERAL GREEN V16 PDK L,0,14,0,0,42084,589176,589176
Apr-2026,TIGALAPANKAOS POLMAN,OVERSIZE 16S MAMU,OS MINERAL GREEN V16 PDK L,0,14,0,0,40339,564746,589176
Mei-2026,TIGALAPANKAOS POLMAN,OVERSIZE 16S MAMU,OS MINERAL GREEN V16 PDK L,0,14,0,0,40339,564746,564746
Jun-2026,TIGALAPANKAOS POLMAN,OVERSIZE 16S MAMU,OS MINERAL GREEN V16 PDK L,84168,12,0,0,40339,484068,564746
Jul-2026,TIGALAPANKAOS POLMAN,OVERSIZE 16S MAMU,OS MINERAL GREEN V16 PDK L,0,12,0,0,40339,484068,484068
Agu-2026,TIGALAPANKAOS POLMAN,OVERSIZE 16S MAMU,OS MINERAL GREEN V16 PDK L,42084,12,0,0,40339,484068,484068
Sep-2026,TIGALAPANKAOS POLMAN,OVERSIZE 16S MAMU,OS MINERAL GREEN V16 PDK L,0,11,0,0,40339,443729,484068
Okt-2026,TIGALAPANKAOS POLMAN,OVERSIZE 16S MAMU,OS MINERAL GREEN V16 PDK L,0,11,0,0,40339,443729,443729
Jan-2026,TIGALAPANKAOS POLMAN,OVERSIZE 16S MAMU,OS MINERAL GREEN V16 PDK M,42154,7,0,0,42154,295078,0
Feb-2026,TIGALAPANKAOS POLMAN,OVERSIZE 16S MAMU,OS MINERAL GREEN V16 PDK M,0,7,0,0,42154,295078,295078
Mar-2026,TIGALAPANKAOS POLMAN,OVERSIZE 16S MAMU,OS MINERAL GREEN V16 PDK M,126462,3,0,0,40389,121167,295078
Apr-2026,TIGALAPANKAOS POLMAN,OVERSIZE 16S MAMU,OS MINERAL GREEN V16 PDK M,0,3,0,0,40374,121122,121167
Mei-2026,TIGALAPANKAOS POLMAN,OVERSIZE 16S MAMU,OS MINERAL GREEN V16 PDK M,42154,2,0,0,40407,80814,121122
Jun-2026,TIGALAPANKAOS POLMAN,OVERSIZE 16S MAMU,OS MINERAL GREEN V16 PDK M,0,2,0,0,40407,80814,80814
Jul-2026,TIGALAPANKAOS POLMAN,OVERSIZE 16S MAMU,OS MINERAL GREEN V16 PDK M,42154,2,0,0,40407,80814,80814
Agu-2026,TIGALAPANKAOS POLMAN,OVERSIZE 16S MAMU,OS MINERAL GREEN V16 PDK M,0,5,0,0,40407,202035,80814
Sep-2026,TIGALAPANKAOS POLMAN,OVERSIZE 16S MAMU,OS MINERAL GREEN V16 PDK M,0,5,0,0,40407,202035,202035
Okt-2026,TIGALAPANKAOS POLMAN,OVERSIZE 16S MAMU,OS MINERAL GREEN V16 PDK M,0,5,0,0,40407,202035,202035
Mei-2026,TIGALAPANKAOS POLMAN,OVERSIZE 16S MAMU,OS MINERAL GREEN V16 PDK S,0,2,0,0,40376,80752,0
Jun-2026,TIGALAPANKAOS POLMAN,OVERSIZE 16S MAMU,OS MINERAL GREEN V16 PDK S,0,2,0,0,40376,80752,80752
Jul-2026,TIGALAPANKAOS POLMAN,OVERSIZE 16S MAMU,OS MINERAL GREEN V16 PDK S,0,2,0,0,40376,80752,80752
Agu-2026,TIGALAPANKAOS POLMAN,OVERSIZE 16S MAMU,OS MINERAL GREEN V16 PDK S,40376,5,0,0,40376,201880,80752
Sep-2026,TIGALAPANKAOS POLMAN,OVERSIZE 16S MAMU,OS MINERAL GREEN V16 PDK S,0,5,0,0,40376,201880,201880
Okt-2026,TIGALAPANKAOS POLMAN,OVERSIZE 16S MAMU,OS MINERAL GREEN V16 PDK S,0,5,0,0,40376,201880,201880
Jan-2026,TIGALAPANKAOS POLMAN,OVERSIZE 16S MAMU,OS MINERAL GREEN V16 PDK XL,41786,5,0,0,41786,208930,0
Feb-2026,TIGALAPANKAOS POLMAN,OVERSIZE 16S MAMU,OS MINERAL GREEN V16 PDK XL,0,5,0,0,41786,208930,208930
Mar-2026,TIGALAPANKAOS POLMAN,OVERSIZE 16S MAMU,OS MINERAL GREEN V16 PDK XL,41786,4,0,0,41786,167144,208930
Apr-2026,TIGALAPANKAOS POLMAN,OVERSIZE 16S MAMU,OS MINERAL GREEN V16 PDK XL,0,4,0,0,41786,167144,167144
Mei-2026,TIGALAPANKAOS POLMAN,OVERSIZE 16S MAMU,OS MINERAL GREEN V16 PDK XL,0,4,0,0,41786,167144,167144
Jun-2026,TIGALAPANKAOS POLMAN,OVERSIZE 16S MAMU,OS MINERAL GREEN V16 PDK XL,0,4,0,0,41786,167144,167144
Jul-2026,TIGALAPANKAOS POLMAN,OVERSIZE 16S MAMU,OS MINERAL GREEN V16 PDK XL,0,4,0,0,41786,167144,167144
Agu-2026,TIGALAPANKAOS POLMAN,OVERSIZE 16S MAMU,OS MINERAL GREEN V16 PDK XL,0,4,0,0,41786,167144,167144
Sep-2026,TIGALAPANKAOS POLMAN,OVERSIZE 16S MAMU,OS MINERAL GREEN V16 PDK XL,41786,3,0,0,41786,125358,167144
Okt-2026,TIGALAPANKAOS POLMAN,OVERSIZE 16S MAMU,OS MINERAL GREEN V16 PDK XL,0,3,0,0,41786,125358,125358
Mei-2026,TIGALAPANKAOS POLMAN,OVERSIZE 16S MAMU,OS NAVY V16 PDK 2XL,0,1,0,0,44097,44097,0
Jun-2026,TIGALAPANKAOS POLMAN,OVERSIZE 16S MAMU,OS NAVY V16 PDK 2XL,0,1,0,0,44097,44097,44097
Jul-2026,TIGALAPANKAOS POLMAN,OVERSIZE 16S MAMU,OS NAVY V16 PDK 2XL,44097,1,0,0,44097,44097,44097
Agu-2026,TIGALAPANKAOS POLMAN,OVERSIZE 16S MAMU,OS NAVY V16 PDK 2XL,0,0,0,0,44097,0,44097
Sep-2026,TIGALAPANKAOS POLMAN,OVERSIZE 16S MAMU,OS NAVY V16 PDK 2XL,0,2,0,0,44097,88194,0
Okt-2026,TIGALAPANKAOS POLMAN,OVERSIZE 16S MAMU,OS NAVY V16 PDK 2XL,0,2,0,0,44097,88194,88194
Jan-2026,TIGALAPANKAOS POLMAN,OVERSIZE 16S MAMU,OS NAVY V16 PDK L,44604,18,0,0,44604,802872,0
Feb-2026,TIGALAPANKAOS POLMAN,OVERSIZE 16S MAMU,OS NAVY V16 PDK L,44604,18,0,0,44604,802872,802872
Mar-2026,TIGALAPANKAOS POLMAN,OVERSIZE 16S MAMU,OS NAVY V16 PDK L,0,13,0,0,44604,579852,802872
Apr-2026,TIGALAPANKAOS POLMAN,OVERSIZE 16S MAMU,OS NAVY V16 PDK L,44604,12,0,0,44121,529452,579852
Mei-2026,TIGALAPANKAOS POLMAN,OVERSIZE 16S MAMU,OS NAVY V16 PDK L,0,12,0,0,44138,529656,529452
Jun-2026,TIGALAPANKAOS POLMAN,OVERSIZE 16S MAMU,OS NAVY V16 PDK L,0,12,0,0,44138,529656,529656
Jul-2026,TIGALAPANKAOS POLMAN,OVERSIZE 16S MAMU,OS NAVY V16 PDK L,44604,12,0,0,44138,529656,529656
Agu-2026,TIGALAPANKAOS POLMAN,OVERSIZE 16S MAMU,OS NAVY V16 PDK L,0,11,0,0,44138,485518,529656
Sep-2026,TIGALAPANKAOS POLMAN,OVERSIZE 16S MAMU,OS NAVY V16 PDK L,0,11,0,0,44138,485518,485518
Okt-2026,TIGALAPANKAOS POLMAN,OVERSIZE 16S MAMU,OS NAVY V16 PDK L,0,11,0,0,44138,485518,485518
Jan-2026,TIGALAPANKAOS POLMAN,OVERSIZE 16S MAMU,OS NAVY V16 PDK M,44504,6,0,0,44504,267024,0
Feb-2026,TIGALAPANKAOS POLMAN,OVERSIZE 16S MAMU,OS NAVY V16 PDK M,0,6,0,0,44504,267024,267024
Mar-2026,TIGALAPANKAOS POLMAN,OVERSIZE 16S MAMU,OS NAVY V16 PDK M,44504,4,0,0,44103,176412,267024
Apr-2026,TIGALAPANKAOS POLMAN,OVERSIZE 16S MAMU,OS NAVY V16 PDK M,0,4,0,0,44100,176400,176412
Mei-2026,TIGALAPANKAOS POLMAN,OVERSIZE 16S MAMU,OS NAVY V16 PDK M,44504,3,0,0,44104,132312,176400
Jun-2026,TIGALAPANKAOS POLMAN,OVERSIZE 16S MAMU,OS NAVY V16 PDK M,0,3,0,0,44104,132312,132312
Jul-2026,TIGALAPANKAOS POLMAN,OVERSIZE 16S MAMU,OS NAVY V16 PDK M,44504,2,0,0,44104,88208,132312
Agu-2026,TIGALAPANKAOS POLMAN,OVERSIZE 16S MAMU,OS NAVY V16 PDK M,0,5,0,0,44104,220520,88208
Sep-2026,TIGALAPANKAOS POLMAN,OVERSIZE 16S MAMU,OS NAVY V16 PDK M,0,5,0,0,44104,220520,220520
Okt-2026,TIGALAPANKAOS POLMAN,OVERSIZE 16S MAMU,OS NAVY V16 PDK M,0,6,0,0,44104,264624,220520
Mei-2026,TIGALAPANKAOS POLMAN,OVERSIZE 16S MAMU,OS NAVY V16 PDK S,44106,1,0,0,44106,44106,0
Jun-2026,TIGALAPANKAOS POLMAN,OVERSIZE 16S MAMU,OS NAVY V16 PDK S,0,1,0,0,44106,44106,44106
Jul-2026,TIGALAPANKAOS POLMAN,OVERSIZE 16S MAMU,OS NAVY V16 PDK S,0,1,0,0,44106,44106,44106
Agu-2026,TIGALAPANKAOS POLMAN,OVERSIZE 16S MAMU,OS NAVY V16 PDK S,44612,5,0,0,44106,220530,44106
Sep-2026,TIGALAPANKAOS POLMAN,OVERSIZE 16S MAMU,OS NAVY V16 PDK S,44637,4,0,0,44106,176424,220530
Okt-2026,TIGALAPANKAOS POLMAN,OVERSIZE 16S MAMU,OS NAVY V16 PDK S,44637,3,0,0,44106,132318,176424
Jan-2026,TIGALAPANKAOS POLMAN,OVERSIZE 16S MAMU,OS NAVY V16 PDK XL,44504,11,0,0,44504,489544,0
Feb-2026,TIGALAPANKAOS POLMAN,OVERSIZE 16S MAMU,OS NAVY V16 PDK XL,0,11,0,0,44504,489544,489544
Mar-2026,TIGALAPANKAOS POLMAN,OVERSIZE 16S MAMU,OS NAVY V16 PDK XL,0,7,0,0,44504,311528,489544
Apr-2026,TIGALAPANKAOS POLMAN,OVERSIZE 16S MAMU,OS NAVY V16 PDK XL,0,7,0,0,44113,308791,311528
Mei-2026,TIGALAPANKAOS POLMAN,OVERSIZE 16S MAMU,OS NAVY V16 PDK XL,0,7,0,0,44177,309239,308791
Jun-2026,TIGALAPANKAOS POLMAN,OVERSIZE 16S MAMU,OS NAVY V16 PDK XL,0,7,0,0,44177,309239,309239
Jul-2026,TIGALAPANKAOS POLMAN,OVERSIZE 16S MAMU,OS NAVY V16 PDK XL,89008,5,0,0,44177,220885,309239
Agu-2026,TIGALAPANKAOS POLMAN,OVERSIZE 16S MAMU,OS NAVY V16 PDK XL,0,5,0,0,44177,220885,220885
Sep-2026,TIGALAPANKAOS POLMAN,OVERSIZE 16S MAMU,OS NAVY V16 PDK XL,0,5,0,0,44177,220885,220885
Okt-2026,TIGALAPANKAOS POLMAN,OVERSIZE 16S MAMU,OS NAVY V16 PDK XL,0,5,0,0,44177,220885,220885
Jan-2026,TIGALAPANKAOS POLMAN,OVERSIZE 16S MAMU,OS ORANGE BATA V16 PDK L,44076,8,0,0,44076,352608,0
Feb-2026,TIGALAPANKAOS POLMAN,OVERSIZE 16S MAMU,OS ORANGE BATA V16 PDK L,44076,7,0,0,44076,308532,352608
Mar-2026,TIGALAPANKAOS POLMAN,OVERSIZE 16S MAMU,OS ORANGE BATA V16 PDK L,0,7,0,0,44077,308539,308532
Apr-2026,TIGALAPANKAOS POLMAN,OVERSIZE 16S MAMU,OS ORANGE BATA V16 PDK L,0,7,0,0,44077,308539,308539
Mei-2026,TIGALAPANKAOS POLMAN,OVERSIZE 16S MAMU,OS ORANGE BATA V16 PDK L,0,7,0,0,44077,308539,308539
Jun-2026,TIGALAPANKAOS POLMAN,OVERSIZE 16S MAMU,OS ORANGE BATA V16 PDK L,0,7,0,0,44077,308539,308539
Jul-2026,TIGALAPANKAOS POLMAN,OVERSIZE 16S MAMU,OS ORANGE BATA V16 PDK L,0,7,0,0,44077,308539,308539
Agu-2026,TIGALAPANKAOS POLMAN,OVERSIZE 16S MAMU,OS ORANGE BATA V16 PDK L,0,7,0,0,44077,308539,308539
Sep-2026,TIGALAPANKAOS POLMAN,OVERSIZE 16S MAMU,OS ORANGE BATA V16 PDK L,0,7,0,0,44077,308539,308539
Okt-2026,TIGALAPANKAOS POLMAN,OVERSIZE 16S MAMU,OS ORANGE BATA V16 PDK L,0,7,0,0,44077,308539,308539
Jan-2026,TIGALAPANKAOS POLMAN,OVERSIZE 16S MAMU,OS ORANGE BATA V16 PDK M,44983,14,0,0,44983,629762,0
Feb-2026,TIGALAPANKAOS POLMAN,OVERSIZE 16S MAMU,OS ORANGE BATA V16 PDK M,0,14,0,0,44983,629762,629762
Mar-2026,TIGALAPANKAOS POLMAN,OVERSIZE 16S MAMU,OS ORANGE BATA V16 PDK M,44983,11,0,0,44983,494813,629762
Apr-2026,TIGALAPANKAOS POLMAN,OVERSIZE 16S MAMU,OS ORANGE BATA V16 PDK M,0,11,0,0,44983,494813,494813
Mei-2026,TIGALAPANKAOS POLMAN,OVERSIZE 16S MAMU,OS ORANGE BATA V16 PDK M,0,11,0,0,44983,494813,494813
Jun-2026,TIGALAPANKAOS POLMAN,OVERSIZE 16S MAMU,OS ORANGE BATA V16 PDK M,44983,10,0,0,44983,449830,494813
Jul-2026,TIGALAPANKAOS POLMAN,OVERSIZE 16S MAMU,OS ORANGE BATA V16 PDK M,0,10,0,0,44983,449830,449830
Agu-2026,TIGALAPANKAOS POLMAN,OVERSIZE 16S MAMU,OS ORANGE BATA V16 PDK M,0,10,0,0,44983,449830,449830
Sep-2026,TIGALAPANKAOS POLMAN,OVERSIZE 16S MAMU,OS ORANGE BATA V16 PDK M,44983,9,0,0,44983,404847,449830
Okt-2026,TIGALAPANKAOS POLMAN,OVERSIZE 16S MAMU,OS ORANGE BATA V16 PDK M,0,9,0,0,44983,404847,404847
Jan-2026,TIGALAPANKAOS POLMAN,OVERSIZE 16S MAMU,OS ORANGE BATA V16 PDK XL,0,10,0,0,44616,446160,0
Feb-2026,TIGALAPANKAOS POLMAN,OVERSIZE 16S MAMU,OS ORANGE BATA V16 PDK XL,0,10,0,0,44616,446160,446160
Mar-2026,TIGALAPANKAOS POLMAN,OVERSIZE 16S MAMU,OS ORANGE BATA V16 PDK XL,0,10,0,0,44622,446220,446160
Apr-2026,TIGALAPANKAOS POLMAN,OVERSIZE 16S MAMU,OS ORANGE BATA V16 PDK XL,0,10,0,0,44622,446220,446220
Mei-2026,TIGALAPANKAOS POLMAN,OVERSIZE 16S MAMU,OS ORANGE BATA V16 PDK XL,0,10,0,0,44622,446220,446220
Jun-2026,TIGALAPANKAOS POLMAN,OVERSIZE 16S MAMU,OS ORANGE BATA V16 PDK XL,0,10,0,0,44622,446220,446220
Jul-2026,TIGALAPANKAOS POLMAN,OVERSIZE 16S MAMU,OS ORANGE BATA V16 PDK XL,0,10,0,0,44622,446220,446220
Agu-2026,TIGALAPANKAOS POLMAN,OVERSIZE 16S MAMU,OS ORANGE BATA V16 PDK XL,0,10,0,0,44622,446220,446220
Sep-2026,TIGALAPANKAOS POLMAN,OVERSIZE 16S MAMU,OS ORANGE BATA V16 PDK XL,0,10,0,0,44622,446220,446220
Okt-2026,TIGALAPANKAOS POLMAN,OVERSIZE 16S MAMU,OS ORANGE BATA V16 PDK XL,0,10,0,0,44622,446220,446220
Mar-2026,TIGALAPANKAOS POLMAN,OVERSIZE 16S MAMU,OS PUTIH NETRAL V16 PDK L,80074,0,2,0,40163,80326,0
Apr-2026,TIGALAPANKAOS POLMAN,OVERSIZE 16S MAMU,OS PUTIH NETRAL V16 PDK L,0,0,0,0,40163,0,80326
Mei-2026,TIGALAPANKAOS POLMAN,OVERSIZE 16S MAMU,OS PUTIH NETRAL V16 PDK L,0,2,0,0,40155,80310,0
Jun-2026,TIGALAPANKAOS POLMAN,OVERSIZE 16S MAMU,OS PUTIH NETRAL V16 PDK L,0,2,0,0,40155,80310,80310
Jul-2026,TIGALAPANKAOS POLMAN,OVERSIZE 16S MAMU,OS PUTIH NETRAL V16 PDK L,0,2,0,0,40155,80310,80310
Agu-2026,TIGALAPANKAOS POLMAN,OVERSIZE 16S MAMU,OS PUTIH NETRAL V16 PDK L,0,2,0,0,40155,80310,80310
Sep-2026,TIGALAPANKAOS POLMAN,OVERSIZE 16S MAMU,OS PUTIH NETRAL V16 PDK L,0,2,0,0,40155,80310,80310
Okt-2026,TIGALAPANKAOS POLMAN,OVERSIZE 16S MAMU,OS PUTIH NETRAL V16 PDK L,0,2,0,0,40155,80310,80310
Mei-2026,TIGALAPANKAOS POLMAN,OVERSIZE 16S MAMU,OS PUTIH NETRAL V16 PDK M,0,2,0,0,40042,80084,0
Jun-2026,TIGALAPANKAOS POLMAN,OVERSIZE 16S MAMU,OS PUTIH NETRAL V16 PDK M,0,2,0,0,40042,80084,80084
Jul-2026,TIGALAPANKAOS POLMAN,OVERSIZE 16S MAMU,OS PUTIH NETRAL V16 PDK M,0,2,0,0,40042,80084,80084
Agu-2026,TIGALAPANKAOS POLMAN,OVERSIZE 16S MAMU,OS PUTIH NETRAL V16 PDK M,80084,3,0,0,40042,120126,80084
Sep-2026,TIGALAPANKAOS POLMAN,OVERSIZE 16S MAMU,OS PUTIH NETRAL V16 PDK M,40042,2,0,0,40042,80084,120126
Okt-2026,TIGALAPANKAOS POLMAN,OVERSIZE 16S MAMU,OS PUTIH NETRAL V16 PDK M,49151,4,0,0,40042,160168,80084
Jan-2026,TIGALAPANKAOS POLMAN,OVERSIZE 16S MAMU,OS PUTIH NETRAL V16 PDK S,0,3,0,0,50586,151758,0
Feb-2026,TIGALAPANKAOS POLMAN,OVERSIZE 16S MAMU,OS PUTIH NETRAL V16 PDK S,0,3,0,0,50586,151758,151758
Mar-2026,TIGALAPANKAOS POLMAN,OVERSIZE 16S MAMU,OS PUTIH NETRAL V16 PDK S,101172,1,0,0,40037,40037,151758
Apr-2026,TIGALAPANKAOS POLMAN,OVERSIZE 16S MAMU,OS PUTIH NETRAL V16 PDK S,0,3,0,0,40037,120111,40037
Mei-2026,TIGALAPANKAOS POLMAN,OVERSIZE 16S MAMU,OS PUTIH NETRAL V16 PDK S,43553,2,0,0,40037,80074,120111
Jun-2026,TIGALAPANKAOS POLMAN,OVERSIZE 16S MAMU,OS PUTIH NETRAL V16 PDK S,0,2,0,0,40037,80074,80074
Jul-2026,TIGALAPANKAOS POLMAN,OVERSIZE 16S MAMU,OS PUTIH NETRAL V16 PDK S,0,2,0,0,40037,80074,80074
Agu-2026,TIGALAPANKAOS POLMAN,OVERSIZE 16S MAMU,OS PUTIH NETRAL V16 PDK S,82886,4,0,0,40037,160148,80074
Sep-2026,TIGALAPANKAOS POLMAN,OVERSIZE 16S MAMU,OS PUTIH NETRAL V16 PDK S,41092,3,0,0,40037,120111,160148
Okt-2026,TIGALAPANKAOS POLMAN,OVERSIZE 16S MAMU,OS PUTIH NETRAL V16 PDK S,0,4,0,0,40037,160148,120111
Jan-2026,TIGALAPANKAOS POLMAN,OVERSIZE 16S MAMU,OS PUTIH NETRAL V16 PDK XL,0,9,0,0,50586,455274,0
Feb-2026,TIGALAPANKAOS POLMAN,OVERSIZE 16S MAMU,OS PUTIH NETRAL V16 PDK XL,0,9,0,0,50586,455274,455274
Mar-2026,TIGALAPANKAOS POLMAN,OVERSIZE 16S MAMU,OS PUTIH NETRAL V16 PDK XL,82566,5,0,0,40086,200430,455274
Apr-2026,TIGALAPANKAOS POLMAN,OVERSIZE 16S MAMU,OS PUTIH NETRAL V16 PDK XL,0,5,0,0,40084,200420,200430
Mei-2026,TIGALAPANKAOS POLMAN,OVERSIZE 16S MAMU,OS PUTIH NETRAL V16 PDK XL,41283,4,0,0,40084,160336,200420
Jun-2026,TIGALAPANKAOS POLMAN,OVERSIZE 16S MAMU,OS PUTIH NETRAL V16 PDK XL,0,4,0,0,40084,160336,160336
Jul-2026,TIGALAPANKAOS POLMAN,OVERSIZE 16S MAMU,OS PUTIH NETRAL V16 PDK XL,0,4,0,0,40084,160336,160336
Agu-2026,TIGALAPANKAOS POLMAN,OVERSIZE 16S MAMU,OS PUTIH NETRAL V16 PDK XL,0,4,0,0,40084,160336,160336
Sep-2026,TIGALAPANKAOS POLMAN,OVERSIZE 16S MAMU,OS PUTIH NETRAL V16 PDK XL,0,4,0,0,40084,160336,160336
Okt-2026,TIGALAPANKAOS POLMAN,OVERSIZE 16S MAMU,OS PUTIH NETRAL V16 PDK XL,0,4,0,0,40084,160336,160336
Jan-2026,TIGALAPANKAOS SAMARINDA,OVERSIZE 16S MAMU,OS ARMY GREEN V16 PDK 2XL,0,1,0,0,45084,45084,0
Feb-2026,TIGALAPANKAOS SAMARINDA,OVERSIZE 16S MAMU,OS ARMY GREEN V16 PDK 2XL,0,1,0,0,45084,45084,45084
Mar-2026,TIGALAPANKAOS SAMARINDA,OVERSIZE 16S MAMU,OS ARMY GREEN V16 PDK 2XL,0,1,0,0,45084,45084,45084
Apr-2026,TIGALAPANKAOS SAMARINDA,OVERSIZE 16S MAMU,OS ARMY GREEN V16 PDK 2XL,0,1,0,0,45084,45084,45084
Mei-2026,TIGALAPANKAOS SAMARINDA,OVERSIZE 16S MAMU,OS ARMY GREEN V16 PDK 2XL,0,1,0,0,45084,45084,45084
Jun-2026,TIGALAPANKAOS SAMARINDA,OVERSIZE 16S MAMU,OS ARMY GREEN V16 PDK 2XL,0,1,0,0,45084,45084,45084
Jul-2026,TIGALAPANKAOS SAMARINDA,OVERSIZE 16S MAMU,OS ARMY GREEN V16 PDK 2XL,45084,0,0,0,45084,0,45084
Jan-2026,TIGALAPANKAOS SAMARINDA,OVERSIZE 16S MAMU,OS ARMY GREEN V16 PDK L,0,5,0,0,43131,215655,0
Feb-2026,TIGALAPANKAOS SAMARINDA,OVERSIZE 16S MAMU,OS ARMY GREEN V16 PDK L,0,5,0,0,43131,215655,215655
Mar-2026,TIGALAPANKAOS SAMARINDA,OVERSIZE 16S MAMU,OS ARMY GREEN V16 PDK L,0,5,0,0,43131,215655,215655
Apr-2026,TIGALAPANKAOS SAMARINDA,OVERSIZE 16S MAMU,OS ARMY GREEN V16 PDK L,0,10,0,0,43131,431310,215655
Mei-2026,TIGALAPANKAOS SAMARINDA,OVERSIZE 16S MAMU,OS ARMY GREEN V16 PDK L,43131,9,0,0,43131,388179,431310
Jun-2026,TIGALAPANKAOS SAMARINDA,OVERSIZE 16S MAMU,OS ARMY GREEN V16 PDK L,0,9,0,0,43131,388179,388179
Jul-2026,TIGALAPANKAOS SAMARINDA,OVERSIZE 16S MAMU,OS ARMY GREEN V16 PDK L,43131,8,0,0,43131,345048,388179
Agu-2026,TIGALAPANKAOS SAMARINDA,OVERSIZE 16S MAMU,OS ARMY GREEN V16 PDK L,43131,8,0,0,43131,345048,345048
Sep-2026,TIGALAPANKAOS SAMARINDA,OVERSIZE 16S MAMU,OS ARMY GREEN V16 PDK L,0,7,0,0,43131,301917,345048
Okt-2026,TIGALAPANKAOS SAMARINDA,OVERSIZE 16S MAMU,OS ARMY GREEN V16 PDK L,0,7,0,0,43131,301917,301917
Jan-2026,TIGALAPANKAOS SAMARINDA,OVERSIZE 16S MAMU,OS ARMY GREEN V16 PDK M,44081,9,0,0,44081,396729,0
Feb-2026,TIGALAPANKAOS SAMARINDA,OVERSIZE 16S MAMU,OS ARMY GREEN V16 PDK M,44081,8,0,0,44081,352648,396729
Mar-2026,TIGALAPANKAOS SAMARINDA,OVERSIZE 16S MAMU,OS ARMY GREEN V16 PDK M,0,7,0,0,44081,308567,352648
Apr-2026,TIGALAPANKAOS SAMARINDA,OVERSIZE 16S MAMU,OS ARMY GREEN V16 PDK M,0,8,0,0,44081,352648,308567
Mei-2026,TIGALAPANKAOS SAMARINDA,OVERSIZE 16S MAMU,OS ARMY GREEN V16 PDK M,88162,6,0,0,44081,264486,352648
Jun-2026,TIGALAPANKAOS SAMARINDA,OVERSIZE 16S MAMU,OS ARMY GREEN V16 PDK M,0,6,0,0,44081,264486,264486
Jul-2026,TIGALAPANKAOS SAMARINDA,OVERSIZE 16S MAMU,OS ARMY GREEN V16 PDK M,0,6,0,0,44081,264486,264486
Agu-2026,TIGALAPANKAOS SAMARINDA,OVERSIZE 16S MAMU,OS ARMY GREEN V16 PDK M,0,6,0,0,44081,264486,264486
Sep-2026,TIGALAPANKAOS SAMARINDA,OVERSIZE 16S MAMU,OS ARMY GREEN V16 PDK M,0,6,0,0,44081,264486,264486
Okt-2026,TIGALAPANKAOS SAMARINDA,OVERSIZE 16S MAMU,OS ARMY GREEN V16 PDK M,0,6,0,0,44081,264486,264486
Jan-2026,TIGALAPANKAOS SAMARINDA,OVERSIZE 16S MAMU,OS ARMY GREEN V16 PDK XL,44476,2,0,0,44476,88952,0
Feb-2026,TIGALAPANKAOS SAMARINDA,OVERSIZE 16S MAMU,OS ARMY GREEN V16 PDK XL,0,2,0,0,44476,88952,88952
Mar-2026,TIGALAPANKAOS SAMARINDA,OVERSIZE 16S MAMU,OS ARMY GREEN V16 PDK XL,44476,1,0,0,44476,44476,88952
Apr-2026,TIGALAPANKAOS SAMARINDA,OVERSIZE 16S MAMU,OS ARMY GREEN V16 PDK XL,44476,5,0,0,44476,222380,44476
Mei-2026,TIGALAPANKAOS SAMARINDA,OVERSIZE 16S MAMU,OS ARMY GREEN V16 PDK XL,0,5,0,0,44476,222380,222380
Jun-2026,TIGALAPANKAOS SAMARINDA,OVERSIZE 16S MAMU,OS ARMY GREEN V16 PDK XL,0,5,0,0,44476,222380,222380
Jul-2026,TIGALAPANKAOS SAMARINDA,OVERSIZE 16S MAMU,OS ARMY GREEN V16 PDK XL,0,5,0,0,44476,222380,222380
Agu-2026,TIGALAPANKAOS SAMARINDA,OVERSIZE 16S MAMU,OS ARMY GREEN V16 PDK XL,0,5,0,0,44476,222380,222380
Sep-2026,TIGALAPANKAOS SAMARINDA,OVERSIZE 16S MAMU,OS ARMY GREEN V16 PDK XL,44476,4,0,0,44476,177904,222380
Okt-2026,TIGALAPANKAOS SAMARINDA,OVERSIZE 16S MAMU,OS ARMY GREEN V16 PDK XL,0,4,0,0,44476,177904,177904
Jan-2026,TIGALAPANKAOS SAMARINDA,OVERSIZE 16S MAMU,OS COKLAT SUSU V16 PDK 2XL,42820,2,0,0,42820,85640,0
Feb-2026,TIGALAPANKAOS SAMARINDA,OVERSIZE 16S MAMU,OS COKLAT SUSU V16 PDK 2XL,0,2,0,0,42820,85640,85640
Mar-2026,TIGALAPANKAOS SAMARINDA,OVERSIZE 16S MAMU,OS COKLAT SUSU V16 PDK 2XL,42820,1,0,0,42820,42820,85640
Apr-2026,TIGALAPANKAOS SAMARINDA,OVERSIZE 16S MAMU,OS COKLAT SUSU V16 PDK 2XL,0,2,0,0,42820,85640,42820
Mei-2026,TIGALAPANKAOS SAMARINDA,OVERSIZE 16S MAMU,OS COKLAT SUSU V16 PDK 2XL,0,2,0,0,42820,85640,85640
Jun-2026,TIGALAPANKAOS SAMARINDA,OVERSIZE 16S MAMU,OS COKLAT SUSU V16 PDK 2XL,0,2,0,0,42820,85640,85640
Jul-2026,TIGALAPANKAOS SAMARINDA,OVERSIZE 16S MAMU,OS COKLAT SUSU V16 PDK 2XL,0,2,0,0,42820,85640,85640
Agu-2026,TIGALAPANKAOS SAMARINDA,OVERSIZE 16S MAMU,OS COKLAT SUSU V16 PDK 2XL,0,2,0,0,42820,85640,85640
Sep-2026,TIGALAPANKAOS SAMARINDA,OVERSIZE 16S MAMU,OS COKLAT SUSU V16 PDK 2XL,85640,0,0,0,42820,0,85640
Jan-2026,TIGALAPANKAOS SAMARINDA,OVERSIZE 16S MAMU,OS COKLAT SUSU V16 PDK L,0,5,0,0,41667,208335,0
Feb-2026,TIGALAPANKAOS SAMARINDA,OVERSIZE 16S MAMU,OS COKLAT SUSU V16 PDK L,41667,4,0,0,41667,166668,208335
Mar-2026,TIGALAPANKAOS SAMARINDA,OVERSIZE 16S MAMU,OS COKLAT SUSU V16 PDK L,0,4,0,0,41667,166668,166668
Apr-2026,TIGALAPANKAOS SAMARINDA,OVERSIZE 16S MAMU,OS COKLAT SUSU V16 PDK L,41667,7,0,0,41667,291669,166668
Mei-2026,TIGALAPANKAOS SAMARINDA,OVERSIZE 16S MAMU,OS COKLAT SUSU V16 PDK L,41667,6,0,0,41667,250002,291669
Jun-2026,TIGALAPANKAOS SAMARINDA,OVERSIZE 16S MAMU,OS COKLAT SUSU V16 PDK L,41667,5,0,0,41667,208335,250002
Jul-2026,TIGALAPANKAOS SAMARINDA,OVERSIZE 16S MAMU,OS COKLAT SUSU V16 PDK L,0,5,0,0,41667,208335,208335
Agu-2026,TIGALAPANKAOS SAMARINDA,OVERSIZE 16S MAMU,OS COKLAT SUSU V16 PDK L,41667,4,0,0,41667,166668,208335
Sep-2026,TIGALAPANKAOS SAMARINDA,OVERSIZE 16S MAMU,OS COKLAT SUSU V16 PDK L,41667,3,0,0,41667,125001,166668
Okt-2026,TIGALAPANKAOS SAMARINDA,OVERSIZE 16S MAMU,OS COKLAT SUSU V16 PDK L,0,3,0,0,41667,125001,125001
Jan-2026,TIGALAPANKAOS SAMARINDA,OVERSIZE 16S MAMU,OS COKLAT SUSU V16 PDK M,42349,5,0,0,42349,211745,0
Feb-2026,TIGALAPANKAOS SAMARINDA,OVERSIZE 16S MAMU,OS COKLAT SUSU V16 PDK M,0,5,0,0,42349,211745,211745
Mar-2026,TIGALAPANKAOS SAMARINDA,OVERSIZE 16S MAMU,OS COKLAT SUSU V16 PDK M,0,5,0,0,42349,211745,211745
Apr-2026,TIGALAPANKAOS SAMARINDA,OVERSIZE 16S MAMU,OS COKLAT SUSU V16 PDK M,0,6,0,0,42349,254094,211745
Mei-2026,TIGALAPANKAOS SAMARINDA,OVERSIZE 16S MAMU,OS COKLAT SUSU V16 PDK M,0,6,0,0,42349,254094,254094
Jun-2026,TIGALAPANKAOS SAMARINDA,OVERSIZE 16S MAMU,OS COKLAT SUSU V16 PDK M,0,6,0,0,42349,254094,254094
Jul-2026,TIGALAPANKAOS SAMARINDA,OVERSIZE 16S MAMU,OS COKLAT SUSU V16 PDK M,0,6,0,0,42349,254094,254094
Agu-2026,TIGALAPANKAOS SAMARINDA,OVERSIZE 16S MAMU,OS COKLAT SUSU V16 PDK M,0,6,0,0,42349,254094,254094
Sep-2026,TIGALAPANKAOS SAMARINDA,OVERSIZE 16S MAMU,OS COKLAT SUSU V16 PDK M,0,6,0,0,42349,254094,254094
Okt-2026,TIGALAPANKAOS SAMARINDA,OVERSIZE 16S MAMU,OS COKLAT SUSU V16 PDK M,0,6,0,0,42349,254094,254094
Jan-2026,TIGALAPANKAOS SAMARINDA,OVERSIZE 16S MAMU,OS COKLAT SUSU V16 PDK S,84698,1,0,0,42349,42349,0
Feb-2026,TIGALAPANKAOS SAMARINDA,OVERSIZE 16S MAMU,OS COKLAT SUSU V16 PDK S,0,1,0,0,42349,42349,42349
Mar-2026,TIGALAPANKAOS SAMARINDA,OVERSIZE 16S MAMU,OS COKLAT SUSU V16 PDK S,0,1,0,0,42349,42349,42349
Apr-2026,TIGALAPANKAOS SAMARINDA,OVERSIZE 16S MAMU,OS COKLAT SUSU V16 PDK S,0,2,0,0,42349,84698,42349
Mei-2026,TIGALAPANKAOS SAMARINDA,OVERSIZE 16S MAMU,OS COKLAT SUSU V16 PDK S,0,2,0,0,42349,84698,84698
Jun-2026,TIGALAPANKAOS SAMARINDA,OVERSIZE 16S MAMU,OS COKLAT SUSU V16 PDK S,42349,1,0,0,42349,42349,84698
Jul-2026,TIGALAPANKAOS SAMARINDA,OVERSIZE 16S MAMU,OS COKLAT SUSU V16 PDK S,0,1,0,0,42349,42349,42349
Agu-2026,TIGALAPANKAOS SAMARINDA,OVERSIZE 16S MAMU,OS COKLAT SUSU V16 PDK S,0,1,0,0,42349,42349,42349
Sep-2026,TIGALAPANKAOS SAMARINDA,OVERSIZE 16S MAMU,OS COKLAT SUSU V16 PDK S,0,1,0,0,42349,42349,42349
Okt-2026,TIGALAPANKAOS SAMARINDA,OVERSIZE 16S MAMU,OS COKLAT SUSU V16 PDK S,0,1,0,0,42349,42349,42349
Jan-2026,TIGALAPANKAOS SAMARINDA,OVERSIZE 16S MAMU,OS COKLAT SUSU V16 PDK XL,0,5,0,0,42725,213625,0
Feb-2026,TIGALAPANKAOS SAMARINDA,OVERSIZE 16S MAMU,OS COKLAT SUSU V16 PDK XL,0,5,0,0,42725,213625,213625
Mar-2026,TIGALAPANKAOS SAMARINDA,OVERSIZE 16S MAMU,OS COKLAT SUSU V16 PDK XL,0,5,0,0,42725,213625,213625
Apr-2026,TIGALAPANKAOS SAMARINDA,OVERSIZE 16S MAMU,OS COKLAT SUSU V16 PDK XL,0,10,0,0,42725,427250,213625
Mei-2026,TIGALAPANKAOS SAMARINDA,OVERSIZE 16S MAMU,OS COKLAT SUSU V16 PDK XL,0,10,0,0,42725,427250,427250
Jun-2026,TIGALAPANKAOS SAMARINDA,OVERSIZE 16S MAMU,OS COKLAT SUSU V16 PDK XL,0,10,0,0,42725,427250,427250
Jul-2026,TIGALAPANKAOS SAMARINDA,OVERSIZE 16S MAMU,OS COKLAT SUSU V16 PDK XL,0,10,0,0,42725,427250,427250
Agu-2026,TIGALAPANKAOS SAMARINDA,OVERSIZE 16S MAMU,OS COKLAT SUSU V16 PDK XL,0,10,0,0,42725,427250,427250
Sep-2026,TIGALAPANKAOS SAMARINDA,OVERSIZE 16S MAMU,OS COKLAT SUSU V16 PDK XL,0,10,0,0,42725,427250,427250
Okt-2026,TIGALAPANKAOS SAMARINDA,OVERSIZE 16S MAMU,OS COKLAT SUSU V16 PDK XL,0,10,0,0,42725,427250,427250
Apr-2026,TIGALAPANKAOS SAMARINDA,OVERSIZE 16S MAMU,OS DENIM BLUE V16 PDK 2XL,0,1,0,0,42601,42601,0
Mei-2026,TIGALAPANKAOS SAMARINDA,OVERSIZE 16S MAMU,OS DENIM BLUE V16 PDK 2XL,0,1,0,0,42601,42601,42601
Jun-2026,TIGALAPANKAOS SAMARINDA,OVERSIZE 16S MAMU,OS DENIM BLUE V16 PDK 2XL,0,1,0,0,42601,42601,42601
Jul-2026,TIGALAPANKAOS SAMARINDA,OVERSIZE 16S MAMU,OS DENIM BLUE V16 PDK 2XL,0,1,0,0,42601,42601,42601
Agu-2026,TIGALAPANKAOS SAMARINDA,OVERSIZE 16S MAMU,OS DENIM BLUE V16 PDK 2XL,42601,0,0,0,42601,0,42601
Jan-2026,TIGALAPANKAOS SAMARINDA,OVERSIZE 16S MAMU,OS DENIM BLUE V16 PDK L,0,26,0,0,41469,1078194,0
Feb-2026,TIGALAPANKAOS SAMARINDA,OVERSIZE 16S MAMU,OS DENIM BLUE V16 PDK L,0,26,0,0,41469,1078194,1078194
Mar-2026,TIGALAPANKAOS SAMARINDA,OVERSIZE 16S MAMU,OS DENIM BLUE V16 PDK L,41469,24,0,0,38625,927000,1078194
Apr-2026,TIGALAPANKAOS SAMARINDA,OVERSIZE 16S MAMU,OS DENIM BLUE V16 PDK L,0,48,0,0,38625,1854000,927000
Mei-2026,TIGALAPANKAOS SAMARINDA,OVERSIZE 16S MAMU,OS DENIM BLUE V16 PDK L,0,48,0,0,38821,1863408,1854000
Jun-2026,TIGALAPANKAOS SAMARINDA,OVERSIZE 16S MAMU,OS DENIM BLUE V16 PDK L,80290,46,0,0,38821,1785766,1863408
Jul-2026,TIGALAPANKAOS SAMARINDA,OVERSIZE 16S MAMU,OS DENIM BLUE V16 PDK L,0,46,0,0,38821,1785766,1785766
Agu-2026,TIGALAPANKAOS SAMARINDA,OVERSIZE 16S MAMU,OS DENIM BLUE V16 PDK L,0,46,0,0,38821,1785766,1785766
Sep-2026,TIGALAPANKAOS SAMARINDA,OVERSIZE 16S MAMU,OS DENIM BLUE V16 PDK L,0,46,0,0,38821,1785766,1785766
Okt-2026,TIGALAPANKAOS SAMARINDA,OVERSIZE 16S MAMU,OS DENIM BLUE V16 PDK L,40145,45,0,0,38821,1746945,1785766
Jan-2026,TIGALAPANKAOS SAMARINDA,OVERSIZE 16S MAMU,OS DENIM BLUE V16 PDK M,0,10,0,0,41868,418680,0
Feb-2026,TIGALAPANKAOS SAMARINDA,OVERSIZE 16S MAMU,OS DENIM BLUE V16 PDK M,41868,9,0,0,41868,376812,418680
Mar-2026,TIGALAPANKAOS SAMARINDA,OVERSIZE 16S MAMU,OS DENIM BLUE V16 PDK M,0,8,0,0,38447,307576,376812
Apr-2026,TIGALAPANKAOS SAMARINDA,OVERSIZE 16S MAMU,OS DENIM BLUE V16 PDK M,0,13,0,0,38447,499811,307576
Mei-2026,TIGALAPANKAOS SAMARINDA,OVERSIZE 16S MAMU,OS DENIM BLUE V16 PDK M,0,13,0,0,41868,544284,499811
Jun-2026,TIGALAPANKAOS SAMARINDA,OVERSIZE 16S MAMU,OS DENIM BLUE V16 PDK M,0,13,0,0,41868,544284,544284
Jul-2026,TIGALAPANKAOS SAMARINDA,OVERSIZE 16S MAMU,OS DENIM BLUE V16 PDK M,0,13,0,0,41868,544284,544284
Agu-2026,TIGALAPANKAOS SAMARINDA,OVERSIZE 16S MAMU,OS DENIM BLUE V16 PDK M,0,13,0,0,41868,544284,544284
Sep-2026,TIGALAPANKAOS SAMARINDA,OVERSIZE 16S MAMU,OS DENIM BLUE V16 PDK M,41868,12,0,0,41868,502416,544284
Okt-2026,TIGALAPANKAOS SAMARINDA,OVERSIZE 16S MAMU,OS DENIM BLUE V16 PDK M,0,12,0,0,41868,502416,502416
Jan-2026,TIGALAPANKAOS SAMARINDA,OVERSIZE 16S MAMU,OS DENIM BLUE V16 PDK S,0,6,0,0,42139,252834,0
Feb-2026,TIGALAPANKAOS SAMARINDA,OVERSIZE 16S MAMU,OS DENIM BLUE V16 PDK S,0,6,0,0,42139,252834,252834
Mar-2026,TIGALAPANKAOS SAMARINDA,OVERSIZE 16S MAMU,OS DENIM BLUE V16 PDK S,0,5,0,0,38447,192235,252834
Apr-2026,TIGALAPANKAOS SAMARINDA,OVERSIZE 16S MAMU,OS DENIM BLUE V16 PDK S,0,10,0,0,38447,384470,192235
Mei-2026,TIGALAPANKAOS SAMARINDA,OVERSIZE 16S MAMU,OS DENIM BLUE V16 PDK S,0,10,0,0,38550,385500,384470
Jun-2026,TIGALAPANKAOS SAMARINDA,OVERSIZE 16S MAMU,OS DENIM BLUE V16 PDK S,0,10,0,0,38550,385500,385500
Jul-2026,TIGALAPANKAOS SAMARINDA,OVERSIZE 16S MAMU,OS DENIM BLUE V16 PDK S,0,10,0,0,38550,385500,385500
Agu-2026,TIGALAPANKAOS SAMARINDA,OVERSIZE 16S MAMU,OS DENIM BLUE V16 PDK S,0,10,0,0,38550,385500,385500
Sep-2026,TIGALAPANKAOS SAMARINDA,OVERSIZE 16S MAMU,OS DENIM BLUE V16 PDK S,0,10,0,0,38550,385500,385500
Okt-2026,TIGALAPANKAOS SAMARINDA,OVERSIZE 16S MAMU,OS DENIM BLUE V16 PDK S,0,10,0,0,38550,385500,385500
Jan-2026,TIGALAPANKAOS SAMARINDA,OVERSIZE 16S MAMU,OS DENIM BLUE V16 PDK XL,0,14,0,0,41868,586152,0
Feb-2026,TIGALAPANKAOS SAMARINDA,OVERSIZE 16S MAMU,OS DENIM BLUE V16 PDK XL,0,14,0,0,41868,586152,586152
Mar-2026,TIGALAPANKAOS SAMARINDA,OVERSIZE 16S MAMU,OS DENIM BLUE V16 PDK XL,0,12,0,0,41868,502416,586152
Apr-2026,TIGALAPANKAOS SAMARINDA,OVERSIZE 16S MAMU,OS DENIM BLUE V16 PDK XL,0,13,0,0,41868,544284,502416
Mei-2026,TIGALAPANKAOS SAMARINDA,OVERSIZE 16S MAMU,OS DENIM BLUE V16 PDK XL,83736,11,0,0,41868,460548,544284
Jun-2026,TIGALAPANKAOS SAMARINDA,OVERSIZE 16S MAMU,OS DENIM BLUE V16 PDK XL,0,11,0,0,41868,460548,460548
Jul-2026,TIGALAPANKAOS SAMARINDA,OVERSIZE 16S MAMU,OS DENIM BLUE V16 PDK XL,0,11,0,0,41868,460548,460548
Agu-2026,TIGALAPANKAOS SAMARINDA,OVERSIZE 16S MAMU,OS DENIM BLUE V16 PDK XL,41868,10,0,0,41868,418680,460548
Sep-2026,TIGALAPANKAOS SAMARINDA,OVERSIZE 16S MAMU,OS DENIM BLUE V16 PDK XL,0,10,0,0,41868,418680,418680
Okt-2026,TIGALAPANKAOS SAMARINDA,OVERSIZE 16S MAMU,OS DENIM BLUE V16 PDK XL,0,10,0,0,41868,418680,418680
Jan-2026,TIGALAPANKAOS SAMARINDA,OVERSIZE 16S MAMU,OS JET BLACK V16 PDK 2XL,46707,1,0,0,46112,46112,0
Feb-2026,TIGALAPANKAOS SAMARINDA,OVERSIZE 16S MAMU,OS JET BLACK V16 PDK 2XL,46707,0,0,0,46112,0,46112
Apr-2026,TIGALAPANKAOS SAMARINDA,OVERSIZE 16S MAMU,OS JET BLACK V16 PDK 2XL,45054,11,0,0,45054,495594,0
Mei-2026,TIGALAPANKAOS SAMARINDA,OVERSIZE 16S MAMU,OS JET BLACK V16 PDK 2XL,45054,10,0,0,45054,450540,495594
Jun-2026,TIGALAPANKAOS SAMARINDA,OVERSIZE 16S MAMU,OS JET BLACK V16 PDK 2XL,90108,8,0,0,45054,360432,450540
Jul-2026,TIGALAPANKAOS SAMARINDA,OVERSIZE 16S MAMU,OS JET BLACK V16 PDK 2XL,180216,6,0,0,45054,270324,360432
Agu-2026,TIGALAPANKAOS SAMARINDA,OVERSIZE 16S MAMU,OS JET BLACK V16 PDK 2XL,0,4,0,0,45054,180216,270324
Sep-2026,TIGALAPANKAOS SAMARINDA,OVERSIZE 16S MAMU,OS JET BLACK V16 PDK 2XL,180216,0,0,0,46112,0,180216
Jan-2026,TIGALAPANKAOS SAMARINDA,OVERSIZE 16S MAMU,OS JET BLACK V16 PDK L,91076,0,0,0,44390,0,0
Mar-2026,TIGALAPANKAOS SAMARINDA,OVERSIZE 16S MAMU,OS JET BLACK V16 PDK L,0,4,0,0,45040,180160,0
Apr-2026,TIGALAPANKAOS SAMARINDA,OVERSIZE 16S MAMU,OS JET BLACK V16 PDK L,0,14,0,0,45040,630560,180160
Mei-2026,TIGALAPANKAOS SAMARINDA,OVERSIZE 16S MAMU,OS JET BLACK V16 PDK L,45040,13,0,0,45040,585520,630560
Jun-2026,TIGALAPANKAOS SAMARINDA,OVERSIZE 16S MAMU,OS JET BLACK V16 PDK L,180160,9,0,0,45040,405360,585520
Jul-2026,TIGALAPANKAOS SAMARINDA,OVERSIZE 16S MAMU,OS JET BLACK V16 PDK L,90080,8,0,0,45040,360320,405360
Agu-2026,TIGALAPANKAOS SAMARINDA,OVERSIZE 16S MAMU,OS JET BLACK V16 PDK L,45040,7,0,0,45040,315280,360320
Sep-2026,TIGALAPANKAOS SAMARINDA,OVERSIZE 16S MAMU,OS JET BLACK V16 PDK L,45040,5,0,0,45040,225200,315280
Okt-2026,TIGALAPANKAOS SAMARINDA,OVERSIZE 16S MAMU,OS JET BLACK V16 PDK L,90080,3,0,0,45040,135120,225200
Jan-2026,TIGALAPANKAOS SAMARINDA,OVERSIZE 16S MAMU,OS JET BLACK V16 PDK M,44694,16,0,0,44390,710240,0
Feb-2026,TIGALAPANKAOS SAMARINDA,OVERSIZE 16S MAMU,OS JET BLACK V16 PDK M,44694,15,0,0,44390,665850,710240
Mar-2026,TIGALAPANKAOS SAMARINDA,OVERSIZE 16S MAMU,OS JET BLACK V16 PDK M,0,15,0,0,44888,673320,665850
Apr-2026,TIGALAPANKAOS SAMARINDA,OVERSIZE 16S MAMU,OS JET BLACK V16 PDK M,44694,28,0,0,44890,1256920,673320
Mei-2026,TIGALAPANKAOS SAMARINDA,OVERSIZE 16S MAMU,OS JET BLACK V16 PDK M,0,28,0,0,44890,1256920,1256920
Jun-2026,TIGALAPANKAOS SAMARINDA,OVERSIZE 16S MAMU,OS JET BLACK V16 PDK M,44792,27,0,0,44890,1212030,1256920
Jul-2026,TIGALAPANKAOS SAMARINDA,OVERSIZE 16S MAMU,OS JET BLACK V16 PDK M,44792,27,0,0,44890,1212030,1212030
Agu-2026,TIGALAPANKAOS SAMARINDA,OVERSIZE 16S MAMU,OS JET BLACK V16 PDK M,0,26,0,0,44890,1167140,1212030
Sep-2026,TIGALAPANKAOS SAMARINDA,OVERSIZE 16S MAMU,OS JET BLACK V16 PDK M,0,26,0,0,44890,1167140,1167140
Okt-2026,TIGALAPANKAOS SAMARINDA,OVERSIZE 16S MAMU,OS JET BLACK V16 PDK M,0,26,0,0,44890,1167140,1167140
Jan-2026,TIGALAPANKAOS SAMARINDA,OVERSIZE 16S MAMU,OS JET BLACK V16 PDK S,0,17,0,0,44390,754630,0
Feb-2026,TIGALAPANKAOS SAMARINDA,OVERSIZE 16S MAMU,OS JET BLACK V16 PDK S,0,17,0,0,44390,754630,754630
Mar-2026,TIGALAPANKAOS SAMARINDA,OVERSIZE 16S MAMU,OS JET BLACK V16 PDK S,0,17,0,0,44946,764082,754630
Apr-2026,TIGALAPANKAOS SAMARINDA,OVERSIZE 16S MAMU,OS JET BLACK V16 PDK S,44998,32,0,0,44946,1438272,764082
Mei-2026,TIGALAPANKAOS SAMARINDA,OVERSIZE 16S MAMU,OS JET BLACK V16 PDK S,44972,31,0,0,44946,1393326,1438272
Jun-2026,TIGALAPANKAOS SAMARINDA,OVERSIZE 16S MAMU,OS JET BLACK V16 PDK S,44972,30,0,0,44946,1348380,1393326
Jul-2026,TIGALAPANKAOS SAMARINDA,OVERSIZE 16S MAMU,OS JET BLACK V16 PDK S,0,30,0,0,44946,1348380,1348380
Agu-2026,TIGALAPANKAOS SAMARINDA,OVERSIZE 16S MAMU,OS JET BLACK V16 PDK S,0,30,0,0,44946,1348380,1348380
Sep-2026,TIGALAPANKAOS SAMARINDA,OVERSIZE 16S MAMU,OS JET BLACK V16 PDK S,0,30,0,0,44946,1348380,1348380
Okt-2026,TIGALAPANKAOS SAMARINDA,OVERSIZE 16S MAMU,OS JET BLACK V16 PDK S,0,30,0,0,44946,1348380,1348380
Jan-2026,TIGALAPANKAOS SAMARINDA,OVERSIZE 16S MAMU,OS JET BLACK V16 PDK XL,44390,1,0,0,44390,44390,0
Feb-2026,TIGALAPANKAOS SAMARINDA,OVERSIZE 16S MAMU,OS JET BLACK V16 PDK XL,0,1,0,0,44390,44390,44390
Mar-2026,TIGALAPANKAOS SAMARINDA,OVERSIZE 16S MAMU,OS JET BLACK V16 PDK XL,44888,3,0,0,45054,135162,44390
Apr-2026,TIGALAPANKAOS SAMARINDA,OVERSIZE 16S MAMU,OS JET BLACK V16 PDK XL,0,15,0,0,45054,675810,135162
Mei-2026,TIGALAPANKAOS SAMARINDA,OVERSIZE 16S MAMU,OS JET BLACK V16 PDK XL,0,15,0,0,45054,675810,675810
Jun-2026,TIGALAPANKAOS SAMARINDA,OVERSIZE 16S MAMU,OS JET BLACK V16 PDK XL,45021,14,0,0,45054,630756,675810
Jul-2026,TIGALAPANKAOS SAMARINDA,OVERSIZE 16S MAMU,OS JET BLACK V16 PDK XL,45021,13,0,0,45054,585702,630756
Agu-2026,TIGALAPANKAOS SAMARINDA,OVERSIZE 16S MAMU,OS JET BLACK V16 PDK XL,180084,11,0,0,45054,495594,585702
Sep-2026,TIGALAPANKAOS SAMARINDA,OVERSIZE 16S MAMU,OS JET BLACK V16 PDK XL,0,9,0,0,45054,405486,495594
Okt-2026,TIGALAPANKAOS SAMARINDA,OVERSIZE 16S MAMU,OS JET BLACK V16 PDK XL,0,9,0,0,45054,405486,405486
Jan-2026,TIGALAPANKAOS SAMARINDA,OVERSIZE 16S MAMU,OS LIGHT BROWN V16 PDK 2XL,0,2,0,0,41365,82730,0
Feb-2026,TIGALAPANKAOS SAMARINDA,OVERSIZE 16S MAMU,OS LIGHT BROWN V16 PDK 2XL,0,2,0,0,41365,82730,82730
Mar-2026,TIGALAPANKAOS SAMARINDA,OVERSIZE 16S MAMU,OS LIGHT BROWN V16 PDK 2XL,0,1,0,0,41365,41365,82730
Apr-2026,TIGALAPANKAOS SAMARINDA,OVERSIZE 16S MAMU,OS LIGHT BROWN V16 PDK 2XL,0,1,0,0,41365,41365,41365
Mei-2026,TIGALAPANKAOS SAMARINDA,OVERSIZE 16S MAMU,OS LIGHT BROWN V16 PDK 2XL,0,1,0,0,41365,41365,41365
Jun-2026,TIGALAPANKAOS SAMARINDA,OVERSIZE 16S MAMU,OS LIGHT BROWN V16 PDK 2XL,41365,0,0,0,41365,0,41365
Jan-2026,TIGALAPANKAOS SAMARINDA,OVERSIZE 16S MAMU,OS LIGHT BROWN V16 PDK L,0,16,0,0,39226,627616,0
Feb-2026,TIGALAPANKAOS SAMARINDA,OVERSIZE 16S MAMU,OS LIGHT BROWN V16 PDK L,0,16,0,0,39226,627616,627616
Mar-2026,TIGALAPANKAOS SAMARINDA,OVERSIZE 16S MAMU,OS LIGHT BROWN V16 PDK L,39226,12,0,0,39226,470712,627616
Apr-2026,TIGALAPANKAOS SAMARINDA,OVERSIZE 16S MAMU,OS LIGHT BROWN V16 PDK L,39083,23,0,0,38902,894746,470712
Mei-2026,TIGALAPANKAOS SAMARINDA,OVERSIZE 16S MAMU,OS LIGHT BROWN V16 PDK L,78166,21,0,0,38939,817719,894746
Jun-2026,TIGALAPANKAOS SAMARINDA,OVERSIZE 16S MAMU,OS LIGHT BROWN V16 PDK L,39083,20,0,0,38939,778780,817719
Jul-2026,TIGALAPANKAOS SAMARINDA,OVERSIZE 16S MAMU,OS LIGHT BROWN V16 PDK L,39083,20,0,0,38939,778780,778780
Agu-2026,TIGALAPANKAOS SAMARINDA,OVERSIZE 16S MAMU,OS LIGHT BROWN V16 PDK L,0,19,0,0,38939,739841,778780
Sep-2026,TIGALAPANKAOS SAMARINDA,OVERSIZE 16S MAMU,OS LIGHT BROWN V16 PDK L,39083,18,0,0,38939,700902,739841
Okt-2026,TIGALAPANKAOS SAMARINDA,OVERSIZE 16S MAMU,OS LIGHT BROWN V16 PDK L,0,18,0,0,38939,700902,700902
Jan-2026,TIGALAPANKAOS SAMARINDA,OVERSIZE 16S MAMU,OS LIGHT BROWN V16 PDK M,0,3,0,0,39714,119142,0
Feb-2026,TIGALAPANKAOS SAMARINDA,OVERSIZE 16S MAMU,OS LIGHT BROWN V16 PDK M,0,3,0,0,39714,119142,119142
Mar-2026,TIGALAPANKAOS SAMARINDA,OVERSIZE 16S MAMU,OS LIGHT BROWN V16 PDK M,0,3,0,0,39714,119142,119142
Apr-2026,TIGALAPANKAOS SAMARINDA,OVERSIZE 16S MAMU,OS LIGHT BROWN V16 PDK M,0,13,0,0,38905,505765,119142
Mei-2026,TIGALAPANKAOS SAMARINDA,OVERSIZE 16S MAMU,OS LIGHT BROWN V16 PDK M,0,13,0,0,38905,505765,505765
Jun-2026,TIGALAPANKAOS SAMARINDA,OVERSIZE 16S MAMU,OS LIGHT BROWN V16 PDK M,0,13,0,0,38905,505765,505765
Jul-2026,TIGALAPANKAOS SAMARINDA,OVERSIZE 16S MAMU,OS LIGHT BROWN V16 PDK M,78182,11,0,0,38905,427955,505765
Agu-2026,TIGALAPANKAOS SAMARINDA,OVERSIZE 16S MAMU,OS LIGHT BROWN V16 PDK M,0,11,0,0,38905,427955,427955
Sep-2026,TIGALAPANKAOS SAMARINDA,OVERSIZE 16S MAMU,OS LIGHT BROWN V16 PDK M,0,11,0,0,38905,427955,427955
Okt-2026,TIGALAPANKAOS SAMARINDA,OVERSIZE 16S MAMU,OS LIGHT BROWN V16 PDK M,0,11,0,0,38905,427955,427955
Jan-2026,TIGALAPANKAOS SAMARINDA,OVERSIZE 16S MAMU,OS LIGHT BROWN V16 PDK S,0,2,0,0,41829,83658,0
Feb-2026,TIGALAPANKAOS SAMARINDA,OVERSIZE 16S MAMU,OS LIGHT BROWN V16 PDK S,0,2,0,0,41829,83658,83658
Mar-2026,TIGALAPANKAOS SAMARINDA,OVERSIZE 16S MAMU,OS LIGHT BROWN V16 PDK S,0,2,0,0,41829,83658,83658
Apr-2026,TIGALAPANKAOS SAMARINDA,OVERSIZE 16S MAMU,OS LIGHT BROWN V16 PDK S,0,12,0,0,38893,466716,83658
Mei-2026,TIGALAPANKAOS SAMARINDA,OVERSIZE 16S MAMU,OS LIGHT BROWN V16 PDK S,0,12,0,0,38965,467580,466716
Jun-2026,TIGALAPANKAOS SAMARINDA,OVERSIZE 16S MAMU,OS LIGHT BROWN V16 PDK S,0,12,0,0,38965,467580,467580
Jul-2026,TIGALAPANKAOS SAMARINDA,OVERSIZE 16S MAMU,OS LIGHT BROWN V16 PDK S,0,12,0,0,38965,467580,467580
Agu-2026,TIGALAPANKAOS SAMARINDA,OVERSIZE 16S MAMU,OS LIGHT BROWN V16 PDK S,0,12,0,0,38965,467580,467580
Sep-2026,TIGALAPANKAOS SAMARINDA,OVERSIZE 16S MAMU,OS LIGHT BROWN V16 PDK S,0,12,0,0,38965,467580,467580
Okt-2026,TIGALAPANKAOS SAMARINDA,OVERSIZE 16S MAMU,OS LIGHT BROWN V16 PDK S,0,12,0,0,38965,467580,467580
Jan-2026,TIGALAPANKAOS SAMARINDA,OVERSIZE 16S MAMU,OS LIGHT BROWN V16 PDK XL,0,11,0,0,39714,436854,0
Feb-2026,TIGALAPANKAOS SAMARINDA,OVERSIZE 16S MAMU,OS LIGHT BROWN V16 PDK XL,0,11,0,0,39714,436854,436854
Mar-2026,TIGALAPANKAOS SAMARINDA,OVERSIZE 16S MAMU,OS LIGHT BROWN V16 PDK XL,39714,8,0,0,39714,317712,436854
Apr-2026,TIGALAPANKAOS SAMARINDA,OVERSIZE 16S MAMU,OS LIGHT BROWN V16 PDK XL,0,13,0,0,39714,516282,317712
Mei-2026,TIGALAPANKAOS SAMARINDA,OVERSIZE 16S MAMU,OS LIGHT BROWN V16 PDK XL,39714,12,0,0,39714,476568,516282
Jun-2026,TIGALAPANKAOS SAMARINDA,OVERSIZE 16S MAMU,OS LIGHT BROWN V16 PDK XL,119142,9,0,0,39714,357426,476568
Jul-2026,TIGALAPANKAOS SAMARINDA,OVERSIZE 16S MAMU,OS LIGHT BROWN V16 PDK XL,0,9,0,0,39714,357426,357426
Agu-2026,TIGALAPANKAOS SAMARINDA,OVERSIZE 16S MAMU,OS LIGHT BROWN V16 PDK XL,0,9,0,0,39714,357426,357426
Sep-2026,TIGALAPANKAOS SAMARINDA,OVERSIZE 16S MAMU,OS LIGHT BROWN V16 PDK XL,0,9,0,0,39714,357426,357426
Okt-2026,TIGALAPANKAOS SAMARINDA,OVERSIZE 16S MAMU,OS LIGHT BROWN V16 PDK XL,0,9,0,0,39714,357426,357426
Jan-2026,TIGALAPANKAOS SAMARINDA,OVERSIZE 16S MAMU,OS MINERAL GREEN V16 PDK L,0,8,0,0,42084,336672,0
Feb-2026,TIGALAPANKAOS SAMARINDA,OVERSIZE 16S MAMU,OS MINERAL GREEN V16 PDK L,0,8,0,0,42084,336672,336672
Mar-2026,TIGALAPANKAOS SAMARINDA,OVERSIZE 16S MAMU,OS MINERAL GREEN V16 PDK L,0,8,0,0,42084,336672,336672
Apr-2026,TIGALAPANKAOS SAMARINDA,OVERSIZE 16S MAMU,OS MINERAL GREEN V16 PDK L,0,18,0,0,40339,726102,336672
Mei-2026,TIGALAPANKAOS SAMARINDA,OVERSIZE 16S MAMU,OS MINERAL GREEN V16 PDK L,0,18,0,0,40339,726102,726102
Jun-2026,TIGALAPANKAOS SAMARINDA,OVERSIZE 16S MAMU,OS MINERAL GREEN V16 PDK L,0,18,0,0,40339,726102,726102
Jul-2026,TIGALAPANKAOS SAMARINDA,OVERSIZE 16S MAMU,OS MINERAL GREEN V16 PDK L,0,18,0,0,40339,726102,726102
Agu-2026,TIGALAPANKAOS SAMARINDA,OVERSIZE 16S MAMU,OS MINERAL GREEN V16 PDK L,0,18,0,0,40339,726102,726102
Sep-2026,TIGALAPANKAOS SAMARINDA,OVERSIZE 16S MAMU,OS MINERAL GREEN V16 PDK L,0,18,0,0,40339,726102,726102
Okt-2026,TIGALAPANKAOS SAMARINDA,OVERSIZE 16S MAMU,OS MINERAL GREEN V16 PDK L,0,18,0,0,40339,726102,726102
Jan-2026,TIGALAPANKAOS SAMARINDA,OVERSIZE 16S MAMU,OS MINERAL GREEN V16 PDK M,0,6,0,0,42154,252924,0
Feb-2026,TIGALAPANKAOS SAMARINDA,OVERSIZE 16S MAMU,OS MINERAL GREEN V16 PDK M,0,6,0,0,42154,252924,252924
Mar-2026,TIGALAPANKAOS SAMARINDA,OVERSIZE 16S MAMU,OS MINERAL GREEN V16 PDK M,0,5,0,0,40389,201945,252924
Apr-2026,TIGALAPANKAOS SAMARINDA,OVERSIZE 16S MAMU,OS MINERAL GREEN V16 PDK M,0,15,0,0,40374,605610,201945
Mei-2026,TIGALAPANKAOS SAMARINDA,OVERSIZE 16S MAMU,OS MINERAL GREEN V16 PDK M,0,15,0,0,40407,606105,605610
Jun-2026,TIGALAPANKAOS SAMARINDA,OVERSIZE 16S MAMU,OS MINERAL GREEN V16 PDK M,0,15,0,0,40407,606105,606105
Jul-2026,TIGALAPANKAOS SAMARINDA,OVERSIZE 16S MAMU,OS MINERAL GREEN V16 PDK M,0,15,0,0,40407,606105,606105
Agu-2026,TIGALAPANKAOS SAMARINDA,OVERSIZE 16S MAMU,OS MINERAL GREEN V16 PDK M,0,15,0,0,40407,606105,606105
Sep-2026,TIGALAPANKAOS SAMARINDA,OVERSIZE 16S MAMU,OS MINERAL GREEN V16 PDK M,40990,14,0,0,40407,565698,606105
Okt-2026,TIGALAPANKAOS SAMARINDA,OVERSIZE 16S MAMU,OS MINERAL GREEN V16 PDK M,0,14,0,0,40407,565698,565698
Jan-2026,TIGALAPANKAOS SAMARINDA,OVERSIZE 16S MAMU,OS MINERAL GREEN V16 PDK S,0,6,0,0,43911,263466,0
Feb-2026,TIGALAPANKAOS SAMARINDA,OVERSIZE 16S MAMU,OS MINERAL GREEN V16 PDK S,0,6,0,0,43911,263466,263466
Mar-2026,TIGALAPANKAOS SAMARINDA,OVERSIZE 16S MAMU,OS MINERAL GREEN V16 PDK S,43911,4,0,0,40339,161356,263466
Apr-2026,TIGALAPANKAOS SAMARINDA,OVERSIZE 16S MAMU,OS MINERAL GREEN V16 PDK S,0,10,0,0,40339,403390,161356
Mei-2026,TIGALAPANKAOS SAMARINDA,OVERSIZE 16S MAMU,OS MINERAL GREEN V16 PDK S,0,10,0,0,40376,403760,403390
Jun-2026,TIGALAPANKAOS SAMARINDA,OVERSIZE 16S MAMU,OS MINERAL GREEN V16 PDK S,0,10,0,0,40376,403760,403760
Jul-2026,TIGALAPANKAOS SAMARINDA,OVERSIZE 16S MAMU,OS MINERAL GREEN V16 PDK S,0,10,0,0,40376,403760,403760
Agu-2026,TIGALAPANKAOS SAMARINDA,OVERSIZE 16S MAMU,OS MINERAL GREEN V16 PDK S,0,10,0,0,40376,403760,403760
Sep-2026,TIGALAPANKAOS SAMARINDA,OVERSIZE 16S MAMU,OS MINERAL GREEN V16 PDK S,0,10,0,0,40376,403760,403760
Okt-2026,TIGALAPANKAOS SAMARINDA,OVERSIZE 16S MAMU,OS MINERAL GREEN V16 PDK S,0,10,0,0,40376,403760,403760
Jan-2026,TIGALAPANKAOS SAMARINDA,OVERSIZE 16S MAMU,OS MINERAL GREEN V16 PDK XL,0,3,0,0,41786,125358,0
Feb-2026,TIGALAPANKAOS SAMARINDA,OVERSIZE 16S MAMU,OS MINERAL GREEN V16 PDK XL,0,3,0,0,41786,125358,125358
Mar-2026,TIGALAPANKAOS SAMARINDA,OVERSIZE 16S MAMU,OS MINERAL GREEN V16 PDK XL,0,3,0,0,41786,125358,125358
Apr-2026,TIGALAPANKAOS SAMARINDA,OVERSIZE 16S MAMU,OS MINERAL GREEN V16 PDK XL,41786,5,0,0,41786,208930,125358
Mei-2026,TIGALAPANKAOS SAMARINDA,OVERSIZE 16S MAMU,OS MINERAL GREEN V16 PDK XL,0,5,0,0,41786,208930,208930
Jun-2026,TIGALAPANKAOS SAMARINDA,OVERSIZE 16S MAMU,OS MINERAL GREEN V16 PDK XL,0,5,0,0,41786,208930,208930
Jul-2026,TIGALAPANKAOS SAMARINDA,OVERSIZE 16S MAMU,OS MINERAL GREEN V16 PDK XL,0,5,0,0,41786,208930,208930
Agu-2026,TIGALAPANKAOS SAMARINDA,OVERSIZE 16S MAMU,OS MINERAL GREEN V16 PDK XL,0,5,0,0,41786,208930,208930
Sep-2026,TIGALAPANKAOS SAMARINDA,OVERSIZE 16S MAMU,OS MINERAL GREEN V16 PDK XL,0,5,0,0,41786,208930,208930
Okt-2026,TIGALAPANKAOS SAMARINDA,OVERSIZE 16S MAMU,OS MINERAL GREEN V16 PDK XL,0,5,0,0,41786,208930,208930
Apr-2026,TIGALAPANKAOS SAMARINDA,OVERSIZE 16S MAMU,OS NAVY V16 PDK 2XL,0,10,0,0,44097,440970,0
Mei-2026,TIGALAPANKAOS SAMARINDA,OVERSIZE 16S MAMU,OS NAVY V16 PDK 2XL,44097,9,0,0,44097,396873,440970
Jun-2026,TIGALAPANKAOS SAMARINDA,OVERSIZE 16S MAMU,OS NAVY V16 PDK 2XL,0,9,0,0,44097,396873,396873
Jul-2026,TIGALAPANKAOS SAMARINDA,OVERSIZE 16S MAMU,OS NAVY V16 PDK 2XL,88194,7,0,0,44097,308679,396873
Agu-2026,TIGALAPANKAOS SAMARINDA,OVERSIZE 16S MAMU,OS NAVY V16 PDK 2XL,0,7,0,0,44097,308679,308679
Sep-2026,TIGALAPANKAOS SAMARINDA,OVERSIZE 16S MAMU,OS NAVY V16 PDK 2XL,0,7,0,0,44097,308679,308679
Okt-2026,TIGALAPANKAOS SAMARINDA,OVERSIZE 16S MAMU,OS NAVY V16 PDK 2XL,0,7,0,0,44097,308679,308679
Jan-2026,TIGALAPANKAOS SAMARINDA,OVERSIZE 16S MAMU,OS NAVY V16 PDK L,0,18,0,0,44604,802872,0
Feb-2026,TIGALAPANKAOS SAMARINDA,OVERSIZE 16S MAMU,OS NAVY V16 PDK L,0,18,0,0,44604,802872,802872
Mar-2026,TIGALAPANKAOS SAMARINDA,OVERSIZE 16S MAMU,OS NAVY V16 PDK L,0,15,0,0,44604,669060,802872
Apr-2026,TIGALAPANKAOS SAMARINDA,OVERSIZE 16S MAMU,OS NAVY V16 PDK L,0,17,0,0,44121,750057,669060
Mei-2026,TIGALAPANKAOS SAMARINDA,OVERSIZE 16S MAMU,OS NAVY V16 PDK L,89098,15,0,0,44138,662070,750057
Jun-2026,TIGALAPANKAOS SAMARINDA,OVERSIZE 16S MAMU,OS NAVY V16 PDK L,0,15,0,0,44138,662070,662070
Jul-2026,TIGALAPANKAOS SAMARINDA,OVERSIZE 16S MAMU,OS NAVY V16 PDK L,0,15,0,0,44138,662070,662070
Agu-2026,TIGALAPANKAOS SAMARINDA,OVERSIZE 16S MAMU,OS NAVY V16 PDK L,44549,14,0,0,44138,617932,662070
Sep-2026,TIGALAPANKAOS SAMARINDA,OVERSIZE 16S MAMU,OS NAVY V16 PDK L,89098,12,0,0,44138,529656,617932
Okt-2026,TIGALAPANKAOS SAMARINDA,OVERSIZE 16S MAMU,OS NAVY V16 PDK L,0,12,0,0,44138,529656,529656
Jan-2026,TIGALAPANKAOS SAMARINDA,OVERSIZE 16S MAMU,OS NAVY V16 PDK M,44504,7,0,0,44504,311528,0
Feb-2026,TIGALAPANKAOS SAMARINDA,OVERSIZE 16S MAMU,OS NAVY V16 PDK M,0,7,0,0,44504,311528,311528
Mar-2026,TIGALAPANKAOS SAMARINDA,OVERSIZE 16S MAMU,OS NAVY V16 PDK M,44504,5,0,0,44103,220515,311528
Apr-2026,TIGALAPANKAOS SAMARINDA,OVERSIZE 16S MAMU,OS NAVY V16 PDK M,0,13,0,0,44100,573300,220515
Mei-2026,TIGALAPANKAOS SAMARINDA,OVERSIZE 16S MAMU,OS NAVY V16 PDK M,0,13,0,0,44104,573352,573300
Jun-2026,TIGALAPANKAOS SAMARINDA,OVERSIZE 16S MAMU,OS NAVY V16 PDK M,0,13,0,0,44104,573352,573352
Jul-2026,TIGALAPANKAOS SAMARINDA,OVERSIZE 16S MAMU,OS NAVY V16 PDK M,0,13,0,0,44104,573352,573352
Agu-2026,TIGALAPANKAOS SAMARINDA,OVERSIZE 16S MAMU,OS NAVY V16 PDK M,44258,12,0,0,44104,529248,573352
Sep-2026,TIGALAPANKAOS SAMARINDA,OVERSIZE 16S MAMU,OS NAVY V16 PDK M,44258,11,0,0,44104,485144,529248
Okt-2026,TIGALAPANKAOS SAMARINDA,OVERSIZE 16S MAMU,OS NAVY V16 PDK M,0,11,0,0,44104,485144,485144
Jan-2026,TIGALAPANKAOS SAMARINDA,OVERSIZE 16S MAMU,OS NAVY V16 PDK S,0,4,0,0,45112,180448,0
Feb-2026,TIGALAPANKAOS SAMARINDA,OVERSIZE 16S MAMU,OS NAVY V16 PDK S,0,4,0,0,45112,180448,180448
Mar-2026,TIGALAPANKAOS SAMARINDA,OVERSIZE 16S MAMU,OS NAVY V16 PDK S,0,4,0,0,44126,176504,180448
Apr-2026,TIGALAPANKAOS SAMARINDA,OVERSIZE 16S MAMU,OS NAVY V16 PDK S,0,12,0,0,44100,529200,176504
Mei-2026,TIGALAPANKAOS SAMARINDA,OVERSIZE 16S MAMU,OS NAVY V16 PDK S,0,12,0,0,44106,529272,529200
Jun-2026,TIGALAPANKAOS SAMARINDA,OVERSIZE 16S MAMU,OS NAVY V16 PDK S,0,12,0,0,44106,529272,529272
Jul-2026,TIGALAPANKAOS SAMARINDA,OVERSIZE 16S MAMU,OS NAVY V16 PDK S,0,12,0,0,44106,529272,529272
Agu-2026,TIGALAPANKAOS SAMARINDA,OVERSIZE 16S MAMU,OS NAVY V16 PDK S,0,12,0,0,44106,529272,529272
Sep-2026,TIGALAPANKAOS SAMARINDA,OVERSIZE 16S MAMU,OS NAVY V16 PDK S,0,12,0,0,44106,529272,529272
Okt-2026,TIGALAPANKAOS SAMARINDA,OVERSIZE 16S MAMU,OS NAVY V16 PDK S,0,12,0,0,44106,529272,529272
Jan-2026,TIGALAPANKAOS SAMARINDA,OVERSIZE 16S MAMU,OS NAVY V16 PDK XL,0,12,0,0,44504,534048,0
Feb-2026,TIGALAPANKAOS SAMARINDA,OVERSIZE 16S MAMU,OS NAVY V16 PDK XL,44504,12,0,0,44504,534048,534048
Mar-2026,TIGALAPANKAOS SAMARINDA,OVERSIZE 16S MAMU,OS NAVY V16 PDK XL,44504,8,0,0,44504,356032,534048
Apr-2026,TIGALAPANKAOS SAMARINDA,OVERSIZE 16S MAMU,OS NAVY V16 PDK XL,0,16,0,0,44113,705808,356032
Mei-2026,TIGALAPANKAOS SAMARINDA,OVERSIZE 16S MAMU,OS NAVY V16 PDK XL,0,16,0,0,44177,706832,705808
Jun-2026,TIGALAPANKAOS SAMARINDA,OVERSIZE 16S MAMU,OS NAVY V16 PDK XL,0,16,0,0,44177,706832,706832
Jul-2026,TIGALAPANKAOS SAMARINDA,OVERSIZE 16S MAMU,OS NAVY V16 PDK XL,0,16,0,0,44177,706832,706832
Agu-2026,TIGALAPANKAOS SAMARINDA,OVERSIZE 16S MAMU,OS NAVY V16 PDK XL,44341,16,0,0,44177,706832,706832
Sep-2026,TIGALAPANKAOS SAMARINDA,OVERSIZE 16S MAMU,OS NAVY V16 PDK XL,44341,14,0,0,44177,618478,706832
Okt-2026,TIGALAPANKAOS SAMARINDA,OVERSIZE 16S MAMU,OS NAVY V16 PDK XL,0,14,0,0,44177,618478,618478
Jan-2026,TIGALAPANKAOS SAMARINDA,OVERSIZE 16S MAMU,OS ORANGE BATA V16 PDK L,0,6,0,0,44076,264456,0
Feb-2026,TIGALAPANKAOS SAMARINDA,OVERSIZE 16S MAMU,OS ORANGE BATA V16 PDK L,0,6,0,0,44076,264456,264456
Mar-2026,TIGALAPANKAOS SAMARINDA,OVERSIZE 16S MAMU,OS ORANGE BATA V16 PDK L,44076,5,0,0,44077,220385,264456
Apr-2026,TIGALAPANKAOS SAMARINDA,OVERSIZE 16S MAMU,OS ORANGE BATA V16 PDK L,44077,10,0,0,44077,440770,220385
Mei-2026,TIGALAPANKAOS SAMARINDA,OVERSIZE 16S MAMU,OS ORANGE BATA V16 PDK L,0,9,0,0,44077,396693,440770
Jun-2026,TIGALAPANKAOS SAMARINDA,OVERSIZE 16S MAMU,OS ORANGE BATA V16 PDK L,0,9,0,0,44077,396693,396693
Jul-2026,TIGALAPANKAOS SAMARINDA,OVERSIZE 16S MAMU,OS ORANGE BATA V16 PDK L,0,9,0,0,44077,396693,396693
Agu-2026,TIGALAPANKAOS SAMARINDA,OVERSIZE 16S MAMU,OS ORANGE BATA V16 PDK L,0,9,0,0,44077,396693,396693
Sep-2026,TIGALAPANKAOS SAMARINDA,OVERSIZE 16S MAMU,OS ORANGE BATA V16 PDK L,0,9,0,0,44077,396693,396693
Okt-2026,TIGALAPANKAOS SAMARINDA,OVERSIZE 16S MAMU,OS ORANGE BATA V16 PDK L,0,9,0,0,44077,396693,396693
Jan-2026,TIGALAPANKAOS SAMARINDA,OVERSIZE 16S MAMU,OS ORANGE BATA V16 PDK M,44983,9,0,0,44983,404847,0
Feb-2026,TIGALAPANKAOS SAMARINDA,OVERSIZE 16S MAMU,OS ORANGE BATA V16 PDK M,44983,8,0,0,44983,359864,404847
Mar-2026,TIGALAPANKAOS SAMARINDA,OVERSIZE 16S MAMU,OS ORANGE BATA V16 PDK M,0,7,0,0,44983,314881,359864
Apr-2026,TIGALAPANKAOS SAMARINDA,OVERSIZE 16S MAMU,OS ORANGE BATA V16 PDK M,0,14,0,0,44983,629762,314881
Mei-2026,TIGALAPANKAOS SAMARINDA,OVERSIZE 16S MAMU,OS ORANGE BATA V16 PDK M,0,14,0,0,44983,629762,629762
Jun-2026,TIGALAPANKAOS SAMARINDA,OVERSIZE 16S MAMU,OS ORANGE BATA V16 PDK M,0,14,0,0,44983,629762,629762
Jul-2026,TIGALAPANKAOS SAMARINDA,OVERSIZE 16S MAMU,OS ORANGE BATA V16 PDK M,0,14,0,0,44983,629762,629762
Agu-2026,TIGALAPANKAOS SAMARINDA,OVERSIZE 16S MAMU,OS ORANGE BATA V16 PDK M,0,14,0,0,44983,629762,629762
Sep-2026,TIGALAPANKAOS SAMARINDA,OVERSIZE 16S MAMU,OS ORANGE BATA V16 PDK M,0,14,0,0,44983,629762,629762
Okt-2026,TIGALAPANKAOS SAMARINDA,OVERSIZE 16S MAMU,OS ORANGE BATA V16 PDK M,0,14,0,0,44983,629762,629762
Jan-2026,TIGALAPANKAOS SAMARINDA,OVERSIZE 16S MAMU,OS ORANGE BATA V16 PDK S,43975,0,0,0,43975,0,0
Jan-2026,TIGALAPANKAOS SAMARINDA,OVERSIZE 16S MAMU,OS ORANGE BATA V16 PDK XL,0,5,0,0,44616,223080,0
Feb-2026,TIGALAPANKAOS SAMARINDA,OVERSIZE 16S MAMU,OS ORANGE BATA V16 PDK XL,0,5,0,0,44616,223080,223080
Mar-2026,TIGALAPANKAOS SAMARINDA,OVERSIZE 16S MAMU,OS ORANGE BATA V16 PDK XL,0,5,0,0,44622,223110,223080
Apr-2026,TIGALAPANKAOS SAMARINDA,OVERSIZE 16S MAMU,OS ORANGE BATA V16 PDK XL,0,10,0,0,44622,446220,223110
Mei-2026,TIGALAPANKAOS SAMARINDA,OVERSIZE 16S MAMU,OS ORANGE BATA V16 PDK XL,0,10,0,0,44622,446220,446220
Jun-2026,TIGALAPANKAOS SAMARINDA,OVERSIZE 16S MAMU,OS ORANGE BATA V16 PDK XL,0,10,0,0,44622,446220,446220
Jul-2026,TIGALAPANKAOS SAMARINDA,OVERSIZE 16S MAMU,OS ORANGE BATA V16 PDK XL,0,10,0,0,44622,446220,446220
Agu-2026,TIGALAPANKAOS SAMARINDA,OVERSIZE 16S MAMU,OS ORANGE BATA V16 PDK XL,0,10,0,0,44622,446220,446220
Sep-2026,TIGALAPANKAOS SAMARINDA,OVERSIZE 16S MAMU,OS ORANGE BATA V16 PDK XL,0,10,0,0,44622,446220,446220
Okt-2026,TIGALAPANKAOS SAMARINDA,OVERSIZE 16S MAMU,OS ORANGE BATA V16 PDK XL,0,10,0,0,44622,446220,446220
Jan-2026,TIGALAPANKAOS SAMARINDA,OVERSIZE 16S MAMU,OS PUTIH NETRAL V16 PDK 2XL,50586,0,0,0,50586,0,0
Apr-2026,TIGALAPANKAOS SAMARINDA,OVERSIZE 16S MAMU,OS PUTIH NETRAL V16 PDK 2XL,40037,12,0,0,40037,480444,0
Mei-2026,TIGALAPANKAOS SAMARINDA,OVERSIZE 16S MAMU,OS PUTIH NETRAL V16 PDK 2XL,80074,10,0,0,40037,400370,480444
Jun-2026,TIGALAPANKAOS SAMARINDA,OVERSIZE 16S MAMU,OS PUTIH NETRAL V16 PDK 2XL,120111,7,0,0,40037,280259,400370
Jul-2026,TIGALAPANKAOS SAMARINDA,OVERSIZE 16S MAMU,OS PUTIH NETRAL V16 PDK 2XL,200185,2,0,0,40037,80074,280259
Agu-2026,TIGALAPANKAOS SAMARINDA,OVERSIZE 16S MAMU,OS PUTIH NETRAL V16 PDK 2XL,40037,1,0,0,40037,40037,80074
Sep-2026,TIGALAPANKAOS SAMARINDA,OVERSIZE 16S MAMU,OS PUTIH NETRAL V16 PDK 2XL,0,1,0,0,40037,40037,40037
Okt-2026,TIGALAPANKAOS SAMARINDA,OVERSIZE 16S MAMU,OS PUTIH NETRAL V16 PDK 2XL,0,1,0,0,40037,40037,40037
Jan-2026,TIGALAPANKAOS SAMARINDA,OVERSIZE 16S MAMU,OS PUTIH NETRAL V16 PDK L,149766,2,0,0,46647,93294,0
Feb-2026,TIGALAPANKAOS SAMARINDA,OVERSIZE 16S MAMU,OS PUTIH NETRAL V16 PDK L,99844,0,0,0,46647,0,93294
Mar-2026,TIGALAPANKAOS SAMARINDA,OVERSIZE 16S MAMU,OS PUTIH NETRAL V16 PDK L,0,3,0,0,40163,120489,0
Apr-2026,TIGALAPANKAOS SAMARINDA,OVERSIZE 16S MAMU,OS PUTIH NETRAL V16 PDK L,80256,12,0,0,40155,481860,120489
Mei-2026,TIGALAPANKAOS SAMARINDA,OVERSIZE 16S MAMU,OS PUTIH NETRAL V16 PDK L,0,11,0,0,40155,441705,481860
Jun-2026,TIGALAPANKAOS SAMARINDA,OVERSIZE 16S MAMU,OS PUTIH NETRAL V16 PDK L,40128,10,0,0,40155,401550,441705
Jul-2026,TIGALAPANKAOS SAMARINDA,OVERSIZE 16S MAMU,OS PUTIH NETRAL V16 PDK L,40128,9,0,0,40155,361395,401550
Agu-2026,TIGALAPANKAOS SAMARINDA,OVERSIZE 16S MAMU,OS PUTIH NETRAL V16 PDK L,80256,8,0,0,40155,321240,361395
Sep-2026,TIGALAPANKAOS SAMARINDA,OVERSIZE 16S MAMU,OS PUTIH NETRAL V16 PDK L,0,7,0,0,40155,281085,321240
Okt-2026,TIGALAPANKAOS SAMARINDA,OVERSIZE 16S MAMU,OS PUTIH NETRAL V16 PDK L,80256,5,0,0,40155,200775,281085
Jan-2026,TIGALAPANKAOS SAMARINDA,OVERSIZE 16S MAMU,OS PUTIH NETRAL V16 PDK M,95096,0,0,0,50586,0,0
Apr-2026,TIGALAPANKAOS SAMARINDA,OVERSIZE 16S MAMU,OS PUTIH NETRAL V16 PDK M,40042,12,0,0,40042,480504,0
Mei-2026,TIGALAPANKAOS SAMARINDA,OVERSIZE 16S MAMU,OS PUTIH NETRAL V16 PDK M,0,12,0,0,40042,480504,480504
Jun-2026,TIGALAPANKAOS SAMARINDA,OVERSIZE 16S MAMU,OS PUTIH NETRAL V16 PDK M,0,12,0,0,40042,480504,480504
Jul-2026,TIGALAPANKAOS SAMARINDA,OVERSIZE 16S MAMU,OS PUTIH NETRAL V16 PDK M,120126,9,0,0,40042,360378,480504
Agu-2026,TIGALAPANKAOS SAMARINDA,OVERSIZE 16S MAMU,OS PUTIH NETRAL V16 PDK M,80084,7,0,0,40042,280294,360378
Sep-2026,TIGALAPANKAOS SAMARINDA,OVERSIZE 16S MAMU,OS PUTIH NETRAL V16 PDK M,0,7,0,0,40042,280294,280294
Okt-2026,TIGALAPANKAOS SAMARINDA,OVERSIZE 16S MAMU,OS PUTIH NETRAL V16 PDK M,0,7,0,0,40042,280294,280294
Jan-2026,TIGALAPANKAOS SAMARINDA,OVERSIZE 16S MAMU,OS PUTIH NETRAL V16 PDK S,101172,1,0,0,50586,50586,0
Feb-2026,TIGALAPANKAOS SAMARINDA,OVERSIZE 16S MAMU,OS PUTIH NETRAL V16 PDK S,50586,0,0,0,50586,0,50586
Apr-2026,TIGALAPANKAOS SAMARINDA,OVERSIZE 16S MAMU,OS PUTIH NETRAL V16 PDK S,0,13,0,0,40037,520481,0
Mei-2026,TIGALAPANKAOS SAMARINDA,OVERSIZE 16S MAMU,OS PUTIH NETRAL V16 PDK S,120111,9,0,0,40037,360333,520481
Jun-2026,TIGALAPANKAOS SAMARINDA,OVERSIZE 16S MAMU,OS PUTIH NETRAL V16 PDK S,0,9,0,0,40037,360333,360333
Jul-2026,TIGALAPANKAOS SAMARINDA,OVERSIZE 16S MAMU,OS PUTIH NETRAL V16 PDK S,40037,8,0,0,40037,320296,360333
Agu-2026,TIGALAPANKAOS SAMARINDA,OVERSIZE 16S MAMU,OS PUTIH NETRAL V16 PDK S,40037,7,0,0,40037,280259,320296
Sep-2026,TIGALAPANKAOS SAMARINDA,OVERSIZE 16S MAMU,OS PUTIH NETRAL V16 PDK S,80074,5,0,0,40037,200185,280259
Okt-2026,TIGALAPANKAOS SAMARINDA,OVERSIZE 16S MAMU,OS PUTIH NETRAL V16 PDK S,0,5,0,0,40037,200185,200185
Jan-2026,TIGALAPANKAOS SAMARINDA,OVERSIZE 16S MAMU,OS PUTIH NETRAL V16 PDK XL,41283,1,0,0,50586,50586,0
Feb-2026,TIGALAPANKAOS SAMARINDA,OVERSIZE 16S MAMU,OS PUTIH NETRAL V16 PDK XL,0,1,0,0,50586,50586,50586
Mar-2026,TIGALAPANKAOS SAMARINDA,OVERSIZE 16S MAMU,OS PUTIH NETRAL V16 PDK XL,0,1,0,0,40086,40086,50586
Apr-2026,TIGALAPANKAOS SAMARINDA,OVERSIZE 16S MAMU,OS PUTIH NETRAL V16 PDK XL,0,12,0,0,40084,481008,40086
Mei-2026,TIGALAPANKAOS SAMARINDA,OVERSIZE 16S MAMU,OS PUTIH NETRAL V16 PDK XL,40184,11,0,0,40084,440924,481008
Jun-2026,TIGALAPANKAOS SAMARINDA,OVERSIZE 16S MAMU,OS PUTIH NETRAL V16 PDK XL,0,11,0,0,40084,440924,440924
Jul-2026,TIGALAPANKAOS SAMARINDA,OVERSIZE 16S MAMU,OS PUTIH NETRAL V16 PDK XL,40184,10,0,0,40084,400840,440924
Agu-2026,TIGALAPANKAOS SAMARINDA,OVERSIZE 16S MAMU,OS PUTIH NETRAL V16 PDK XL,80368,8,0,0,40084,320672,400840
Sep-2026,TIGALAPANKAOS SAMARINDA,OVERSIZE 16S MAMU,OS PUTIH NETRAL V16 PDK XL,40184,7,0,0,40084,280588,320672
Okt-2026,TIGALAPANKAOS SAMARINDA,OVERSIZE 16S MAMU,OS PUTIH NETRAL V16 PDK XL,0,7,0,0,40084,280588,280588
Sep-2026,TIGALAPANKAOS TORAJA,OVERSIZE 16S MAMU,OS ARMY GREEN V16 PDK 2XL,0,2,0,0,45084,90168,0
Okt-2026,TIGALAPANKAOS TORAJA,OVERSIZE 16S MAMU,OS ARMY GREEN V16 PDK 2XL,0,0,0,0,45084,0,90168
Sep-2026,TIGALAPANKAOS TORAJA,OVERSIZE 16S MAMU,OS ARMY GREEN V16 PDK M,0,3,0,0,44081,132243,0
Okt-2026,TIGALAPANKAOS TORAJA,OVERSIZE 16S MAMU,OS ARMY GREEN V16 PDK M,0,0,0,0,44081,0,132243
Okt-2026,TIGALAPANKAOS TORAJA,OVERSIZE 16S MAMU,OS DENIM BLUE V16 PDK M,0,3,0,0,41868,125604,0
Sep-2026,TIGALAPANKAOS TORAJA,OVERSIZE 16S MAMU,OS DENIM BLUE V16 PDK S,38475,2,0,0,38550,77100,0
Okt-2026,TIGALAPANKAOS TORAJA,OVERSIZE 16S MAMU,OS DENIM BLUE V16 PDK S,0,3,0,0,38550,115650,77100
Sep-2026,TIGALAPANKAOS TORAJA,OVERSIZE 16S MAMU,OS DENIM BLUE V16 PDK XL,0,1,0,0,41868,41868,0
Okt-2026,TIGALAPANKAOS TORAJA,OVERSIZE 16S MAMU,OS DENIM BLUE V16 PDK XL,0,0,0,0,41868,0,41868
Okt-2026,TIGALAPANKAOS TORAJA,OVERSIZE 16S MAMU,OS JET BLACK V16 PDK 2XL,68949,0,0,0,46112,0,0
Okt-2026,TIGALAPANKAOS TORAJA,OVERSIZE 16S MAMU,OS JET BLACK V16 PDK L,457559,6,0,0,45040,270240,0
Okt-2026,TIGALAPANKAOS TORAJA,OVERSIZE 16S MAMU,OS JET BLACK V16 PDK M,461315,6,0,0,44890,269340,0
Okt-2026,TIGALAPANKAOS TORAJA,OVERSIZE 16S MAMU,OS JET BLACK V16 PDK S,343980,1,0,0,44946,44946,0
Okt-2026,TIGALAPANKAOS TORAJA,OVERSIZE 16S MAMU,OS JET BLACK V16 PDK XL,463725,10,0,0,45054,450540,0
Sep-2026,TIGALAPANKAOS TORAJA,OVERSIZE 16S MAMU,OS LIGHT BROWN V16 PDK M,38905,2,0,0,38905,77810,0
Okt-2026,TIGALAPANKAOS TORAJA,OVERSIZE 16S MAMU,OS LIGHT BROWN V16 PDK M,0,0,0,0,38905,0,77810
Sep-2026,TIGALAPANKAOS TORAJA,OVERSIZE 16S MAMU,OS LIGHT BROWN V16 PDK XL,44959,1,0,0,39714,39714,0
Okt-2026,TIGALAPANKAOS TORAJA,OVERSIZE 16S MAMU,OS LIGHT BROWN V16 PDK XL,0,0,0,0,39714,0,39714
Sep-2026,TIGALAPANKAOS TORAJA,OVERSIZE 16S MAMU,OS MINERAL GREEN V16 PDK L,0,3,0,0,40339,121017,0
Okt-2026,TIGALAPANKAOS TORAJA,OVERSIZE 16S MAMU,OS MINERAL GREEN V16 PDK L,0,0,0,0,40339,0,121017
Sep-2026,TIGALAPANKAOS TORAJA,OVERSIZE 16S MAMU,OS MINERAL GREEN V16 PDK M,39813,2,0,0,40407,80814,0
Okt-2026,TIGALAPANKAOS TORAJA,OVERSIZE 16S MAMU,OS MINERAL GREEN V16 PDK M,0,0,0,0,40407,0,80814
Sep-2026,TIGALAPANKAOS TORAJA,OVERSIZE 16S MAMU,OS MINERAL GREEN V16 PDK S,0,3,0,0,40376,121128,0
Okt-2026,TIGALAPANKAOS TORAJA,OVERSIZE 16S MAMU,OS MINERAL GREEN V16 PDK S,0,0,0,0,40376,0,121128
Sep-2026,TIGALAPANKAOS TORAJA,OVERSIZE 16S MAMU,OS NAVY V16 PDK 2XL,0,2,0,0,44097,88194,0
Okt-2026,TIGALAPANKAOS TORAJA,OVERSIZE 16S MAMU,OS NAVY V16 PDK 2XL,0,3,0,0,44097,132291,88194
Sep-2026,TIGALAPANKAOS TORAJA,OVERSIZE 16S MAMU,OS NAVY V16 PDK L,89352,0,0,0,44604,0,0
Okt-2026,TIGALAPANKAOS TORAJA,OVERSIZE 16S MAMU,OS NAVY V16 PDK L,0,5,0,0,44138,220690,0
Sep-2026,TIGALAPANKAOS TORAJA,OVERSIZE 16S MAMU,OS NAVY V16 PDK M,88208,1,0,0,44104,44104,0
Okt-2026,TIGALAPANKAOS TORAJA,OVERSIZE 16S MAMU,OS NAVY V16 PDK M,0,3,0,0,44104,132312,44104
Sep-2026,TIGALAPANKAOS TORAJA,OVERSIZE 16S MAMU,OS NAVY V16 PDK S,0,3,0,0,44106,132318,0
Okt-2026,TIGALAPANKAOS TORAJA,OVERSIZE 16S MAMU,OS NAVY V16 PDK S,0,3,0,0,44106,132318,132318
Sep-2026,TIGALAPANKAOS TORAJA,OVERSIZE 16S MAMU,OS NAVY V16 PDK XL,0,2,0,0,44177,88354,0
Okt-2026,TIGALAPANKAOS TORAJA,OVERSIZE 16S MAMU,OS NAVY V16 PDK XL,0,5,0,0,44177,220885,88354
Sep-2026,TIGALAPANKAOS TORAJA,OVERSIZE 16S MAMU,OS ORANGE BATA V16 PDK L,0,3,0,0,44077,132231,0
Okt-2026,TIGALAPANKAOS TORAJA,OVERSIZE 16S MAMU,OS ORANGE BATA V16 PDK L,0,0,0,0,44077,0,132231
Sep-2026,TIGALAPANKAOS TORAJA,OVERSIZE 16S MAMU,OS PUTIH NETRAL V16 PDK M,0,10,0,0,40042,400420,0
Okt-2026,TIGALAPANKAOS TORAJA,OVERSIZE 16S MAMU,OS PUTIH NETRAL V16 PDK M,0,0,0,0,40042,0,400420
Sep-2026,TIGALAPANKAOS TORAJA,OVERSIZE 16S MAMU,OS PUTIH NETRAL V16 PDK S,0,10,0,0,40037,400370,0
Okt-2026,TIGALAPANKAOS TORAJA,OVERSIZE 16S MAMU,OS PUTIH NETRAL V16 PDK S,0,0,0,0,40037,0,400370
Jun-2026,DC TIGALAPAN,OVERSIZE 16S MAMU,OS ARMY GREEN V16 PDK 2XL,0,5,0,0,45084,225420,0
Jul-2026,DC TIGALAPAN,OVERSIZE 16S MAMU,OS ARMY GREEN V16 PDK 2XL,0,5,0,0,45084,225420,225420
Mar-2026,DC TIGALAPAN,OVERSIZE 16S MAMU,OS ARMY GREEN V16 PDK M,0,1,0,0,44081,44081,0
Jun-2026,DC TIGALAPAN,OVERSIZE 16S MAMU,OS ARMY GREEN V16 PDK M,0,10,0,0,44081,440810,0
Jul-2026,DC TIGALAPAN,OVERSIZE 16S MAMU,OS ARMY GREEN V16 PDK M,0,8,0,0,44081,352648,440810
Agu-2026,DC TIGALAPAN,OVERSIZE 16S MAMU,OS ARMY GREEN V16 PDK M,0,8,0,0,44081,352648,352648
Jun-2026,DC TIGALAPAN,OVERSIZE 16S MAMU,OS ARMY GREEN V16 PDK S,0,10,0,0,46697,466970,0
Mar-2026,DC TIGALAPAN,OVERSIZE 16S MAMU,OS ARMY GREEN V16 PDK XL,0,4,0,0,44476,177904,0
Mar-2026,DC TIGALAPAN,OVERSIZE 16S MAMU,OS COKLAT SUSU V16 PDK L,0,4,0,0,41667,166668,0
Mar-2026,DC TIGALAPAN,OVERSIZE 16S MAMU,OS DENIM BLUE V16 PDK 2XL,0,1,0,0,42601,42601,0
Mar-2026,DC TIGALAPAN,OVERSIZE 16S MAMU,OS DENIM BLUE V16 PDK L,0,73,0,0,38625,2819625,0
Apr-2026,DC TIGALAPAN,OVERSIZE 16S MAMU,OS DENIM BLUE V16 PDK L,0,28,0,0,38625,1081500,2819625
Mei-2026,DC TIGALAPAN,OVERSIZE 16S MAMU,OS DENIM BLUE V16 PDK L,0,21,0,0,38821,815241,1081500
Jun-2026,DC TIGALAPAN,OVERSIZE 16S MAMU,OS DENIM BLUE V16 PDK L,0,18,0,0,38821,698778,815241
Jul-2026,DC TIGALAPAN,OVERSIZE 16S MAMU,OS DENIM BLUE V16 PDK L,0,10,0,0,38821,388210,698778
Agu-2026,DC TIGALAPAN,OVERSIZE 16S MAMU,OS DENIM BLUE V16 PDK L,0,1,0,0,38821,38821,388210
Sep-2026,DC TIGALAPAN,OVERSIZE 16S MAMU,OS DENIM BLUE V16 PDK L,0,1,0,0,38821,38821,38821
Okt-2026,DC TIGALAPAN,OVERSIZE 16S MAMU,OS DENIM BLUE V16 PDK L,0,1,0,0,38821,38821,38821
Mar-2026,DC TIGALAPAN,OVERSIZE 16S MAMU,OS DENIM BLUE V16 PDK M,0,5,0,0,38447,192235,0
Jun-2026,DC TIGALAPAN,OVERSIZE 16S MAMU,OS DENIM BLUE V16 PDK M,0,22,0,0,41868,921096,0
Jul-2026,DC TIGALAPAN,OVERSIZE 16S MAMU,OS DENIM BLUE V16 PDK M,0,10,0,0,41868,418680,921096
Sep-2026,DC TIGALAPAN,OVERSIZE 16S MAMU,OS DENIM BLUE V16 PDK M,0,26,0,0,41868,1088568,0
Okt-2026,DC TIGALAPAN,OVERSIZE 16S MAMU,OS DENIM BLUE V16 PDK M,0,7,0,0,41868,293076,1088568
Mar-2026,DC TIGALAPAN,OVERSIZE 16S MAMU,OS DENIM BLUE V16 PDK S,0,40,0,0,38447,1537880,0
Apr-2026,DC TIGALAPAN,OVERSIZE 16S MAMU,OS DENIM BLUE V16 PDK S,0,26,0,0,38447,999622,1537880
Mei-2026,DC TIGALAPAN,OVERSIZE 16S MAMU,OS DENIM BLUE V16 PDK S,0,16,0,0,38550,616800,999622
Jun-2026,DC TIGALAPAN,OVERSIZE 16S MAMU,OS DENIM BLUE V16 PDK S,0,47,0,0,38550,1811850,616800
Jul-2026,DC TIGALAPAN,OVERSIZE 16S MAMU,OS DENIM BLUE V16 PDK S,0,42,0,0,38550,1619100,1811850
Agu-2026,DC TIGALAPAN,OVERSIZE 16S MAMU,OS DENIM BLUE V16 PDK S,0,27,0,0,38550,1040850,1619100
Sep-2026,DC TIGALAPAN,OVERSIZE 16S MAMU,OS DENIM BLUE V16 PDK S,0,14,0,0,38550,539700,1040850
Okt-2026,DC TIGALAPAN,OVERSIZE 16S MAMU,OS DENIM BLUE V16 PDK S,0,6,0,0,38550,231300,539700
Mar-2026,DC TIGALAPAN,OVERSIZE 16S MAMU,OS DENIM BLUE V16 PDK XL,0,4,0,0,41868,167472,0
Jun-2026,DC TIGALAPAN,OVERSIZE 16S MAMU,OS DENIM BLUE V16 PDK XL,0,14,0,0,41868,586152,0
Jul-2026,DC TIGALAPAN,OVERSIZE 16S MAMU,OS DENIM BLUE V16 PDK XL,0,7,0,0,41868,293076,586152
Agu-2026,DC TIGALAPAN,OVERSIZE 16S MAMU,OS DENIM BLUE V16 PDK XL,0,1,0,0,41868,41868,293076
Sep-2026,DC TIGALAPAN,OVERSIZE 16S MAMU,OS DENIM BLUE V16 PDK XL,0,9,0,0,41868,376812,41868
Okt-2026,DC TIGALAPAN,OVERSIZE 16S MAMU,OS DENIM BLUE V16 PDK XL,0,9,0,0,41868,376812,376812
Mar-2026,DC TIGALAPAN,OVERSIZE 16S MAMU,OS JET BLACK V16 PDK 2XL,0,34,0,0,45054,1531836,0
Jun-2026,DC TIGALAPAN,OVERSIZE 16S MAMU,OS JET BLACK V16 PDK 2XL,0,2,0,0,45054,90108,0
Sep-2026,DC TIGALAPAN,OVERSIZE 16S MAMU,OS JET BLACK V16 PDK 2XL,0,7,0,0,45054,315378,0
Okt-2026,DC TIGALAPAN,OVERSIZE 16S MAMU,OS JET BLACK V16 PDK 2XL,0,1,0,0,45054,45054,315378
Mar-2026,DC TIGALAPAN,OVERSIZE 16S MAMU,OS JET BLACK V16 PDK L,0,185,0,0,45040,8332400,0
Apr-2026,DC TIGALAPAN,OVERSIZE 16S MAMU,OS JET BLACK V16 PDK L,0,111,0,0,45040,4999440,8332400
Mei-2026,DC TIGALAPAN,OVERSIZE 16S MAMU,OS JET BLACK V16 PDK L,0,51,0,0,45040,2297040,4999440
Jun-2026,DC TIGALAPAN,OVERSIZE 16S MAMU,OS JET BLACK V16 PDK L,0,17,0,0,45040,765680,2297040
Jul-2026,DC TIGALAPAN,OVERSIZE 16S MAMU,OS JET BLACK V16 PDK L,0,11,0,0,45040,495440,765680
Agu-2026,DC TIGALAPAN,OVERSIZE 16S MAMU,OS JET BLACK V16 PDK L,0,1,0,0,45040,45040,495440
Sep-2026,DC TIGALAPAN,OVERSIZE 16S MAMU,OS JET BLACK V16 PDK L,0,73,0,0,45040,3287920,45040
Okt-2026,DC TIGALAPAN,OVERSIZE 16S MAMU,OS JET BLACK V16 PDK L,0,28,0,0,45040,1261120,3287920
Mar-2026,DC TIGALAPAN,OVERSIZE 16S MAMU,OS JET BLACK V16 PDK M,0,147,0,0,44888,6598536,0
Apr-2026,DC TIGALAPAN,OVERSIZE 16S MAMU,OS JET BLACK V16 PDK M,0,78,0,0,44890,3501420,6598536
Sep-2026,DC TIGALAPAN,OVERSIZE 16S MAMU,OS JET BLACK V16 PDK M,0,83,0,0,44890,3725870,0
Okt-2026,DC TIGALAPAN,OVERSIZE 16S MAMU,OS JET BLACK V16 PDK M,0,59,0,0,44890,2648510,3725870
Mar-2026,DC TIGALAPAN,OVERSIZE 16S MAMU,OS JET BLACK V16 PDK S,0,78,0,0,44946,3505788,0
Apr-2026,DC TIGALAPAN,OVERSIZE 16S MAMU,OS JET BLACK V16 PDK S,0,2,0,0,44946,89892,3505788
Mei-2026,DC TIGALAPAN,OVERSIZE 16S MAMU,OS JET BLACK V16 PDK S,0,1,0,0,44946,44946,89892
Sep-2026,DC TIGALAPAN,OVERSIZE 16S MAMU,OS JET BLACK V16 PDK S,0,44,0,0,44946,1977624,0
Okt-2026,DC TIGALAPAN,OVERSIZE 16S MAMU,OS JET BLACK V16 PDK S,0,67,0,0,44946,3011382,1977624
Mar-2026,DC TIGALAPAN,OVERSIZE 16S MAMU,OS JET BLACK V16 PDK XL,0,26,0,0,45054,1171404,0
Jun-2026,DC TIGALAPAN,OVERSIZE 16S MAMU,OS JET BLACK V16 PDK XL,0,21,0,0,45054,946134,0
Jul-2026,DC TIGALAPAN,OVERSIZE 16S MAMU,OS JET BLACK V16 PDK XL,0,5,0,0,45054,225270,946134
Sep-2026,DC TIGALAPAN,OVERSIZE 16S MAMU,OS JET BLACK V16 PDK XL,0,29,0,0,45054,1306566,0
Okt-2026,DC TIGALAPAN,OVERSIZE 16S MAMU,OS JET BLACK V16 PDK XL,0,14,0,0,45054,630756,1306566
Mar-2026,DC TIGALAPAN,OVERSIZE 16S MAMU,OS LIGHT BROWN V16 PDK 2XL,0,1,0,0,41365,41365,0
Jan-2026,DC TIGALAPAN,OVERSIZE 16S MAMU,OS LIGHT BROWN V16 PDK L,0,9,0,0,39226,353034,0
Feb-2026,DC TIGALAPAN,OVERSIZE 16S MAMU,OS LIGHT BROWN V16 PDK L,0,9,0,0,39226,353034,353034
Mar-2026,DC TIGALAPAN,OVERSIZE 16S MAMU,OS LIGHT BROWN V16 PDK L,0,78,0,0,39226,3059628,353034
Apr-2026,DC TIGALAPAN,OVERSIZE 16S MAMU,OS LIGHT BROWN V16 PDK L,0,16,0,0,38902,622432,3059628
Mei-2026,DC TIGALAPAN,OVERSIZE 16S MAMU,OS LIGHT BROWN V16 PDK L,0,10,0,0,38939,389390,622432
Jun-2026,DC TIGALAPAN,OVERSIZE 16S MAMU,OS LIGHT BROWN V16 PDK L,0,10,0,0,38939,389390,389390
Jul-2026,DC TIGALAPAN,OVERSIZE 16S MAMU,OS LIGHT BROWN V16 PDK L,0,1,0,0,38939,38939,389390
Sep-2026,DC TIGALAPAN,OVERSIZE 16S MAMU,OS LIGHT BROWN V16 PDK L,0,16,0,0,38939,623024,0
Okt-2026,DC TIGALAPAN,OVERSIZE 16S MAMU,OS LIGHT BROWN V16 PDK L,0,6,0,0,38939,233634,623024
Jan-2026,DC TIGALAPAN,OVERSIZE 16S MAMU,OS LIGHT BROWN V16 PDK M,0,7,0,0,39714,277998,0
Feb-2026,DC TIGALAPAN,OVERSIZE 16S MAMU,OS LIGHT BROWN V16 PDK M,0,7,0,0,39714,277998,277998
Mar-2026,DC TIGALAPAN,OVERSIZE 16S MAMU,OS LIGHT BROWN V16 PDK M,0,148,0,0,39714,5877672,277998
Apr-2026,DC TIGALAPAN,OVERSIZE 16S MAMU,OS LIGHT BROWN V16 PDK M,0,93,0,0,38905,3618165,5877672
Mei-2026,DC TIGALAPAN,OVERSIZE 16S MAMU,OS LIGHT BROWN V16 PDK M,0,80,0,0,38905,3112400,3618165
Jun-2026,DC TIGALAPAN,OVERSIZE 16S MAMU,OS LIGHT BROWN V16 PDK M,0,72,0,0,38905,2801160,3112400
Jul-2026,DC TIGALAPAN,OVERSIZE 16S MAMU,OS LIGHT BROWN V16 PDK M,0,62,0,0,38905,2412110,2801160
Agu-2026,DC TIGALAPAN,OVERSIZE 16S MAMU,OS LIGHT BROWN V16 PDK M,0,51,0,0,38905,1984155,2412110
Sep-2026,DC TIGALAPAN,OVERSIZE 16S MAMU,OS LIGHT BROWN V16 PDK M,0,35,0,0,38905,1361675,1984155
Okt-2026,DC TIGALAPAN,OVERSIZE 16S MAMU,OS LIGHT BROWN V16 PDK M,0,9,0,0,38905,350145,1361675
Mar-2026,DC TIGALAPAN,OVERSIZE 16S MAMU,OS LIGHT BROWN V16 PDK S,0,78,0,0,41829,3262662,0
Apr-2026,DC TIGALAPAN,OVERSIZE 16S MAMU,OS LIGHT BROWN V16 PDK S,0,14,0,0,38893,544502,3262662
Jun-2026,DC TIGALAPAN,OVERSIZE 16S MAMU,OS LIGHT BROWN V16 PDK S,0,16,0,0,38965,623440,0
Jul-2026,DC TIGALAPAN,OVERSIZE 16S MAMU,OS LIGHT BROWN V16 PDK S,0,4,0,0,38965,155860,623440
Sep-2026,DC TIGALAPAN,OVERSIZE 16S MAMU,OS LIGHT BROWN V16 PDK S,0,6,0,0,38965,233790,0
Okt-2026,DC TIGALAPAN,OVERSIZE 16S MAMU,OS LIGHT BROWN V16 PDK S,0,5,0,0,38965,194825,233790
Jan-2026,DC TIGALAPAN,OVERSIZE 16S MAMU,OS LIGHT BROWN V16 PDK XL,0,7,0,0,39714,277998,0
Feb-2026,DC TIGALAPAN,OVERSIZE 16S MAMU,OS LIGHT BROWN V16 PDK XL,0,7,0,0,39714,277998,277998
Mar-2026,DC TIGALAPAN,OVERSIZE 16S MAMU,OS LIGHT BROWN V16 PDK XL,0,3,0,0,39714,119142,277998
Jun-2026,DC TIGALAPAN,OVERSIZE 16S MAMU,OS LIGHT BROWN V16 PDK XL,0,38,0,0,39714,1509132,0
Jul-2026,DC TIGALAPAN,OVERSIZE 16S MAMU,OS LIGHT BROWN V16 PDK XL,0,23,0,0,39714,913422,1509132
Agu-2026,DC TIGALAPAN,OVERSIZE 16S MAMU,OS LIGHT BROWN V16 PDK XL,0,11,0,0,39714,436854,913422
Sep-2026,DC TIGALAPAN,OVERSIZE 16S MAMU,OS LIGHT BROWN V16 PDK XL,0,5,0,0,39714,198570,436854
Okt-2026,DC TIGALAPAN,OVERSIZE 16S MAMU,OS LIGHT BROWN V16 PDK XL,0,3,0,0,39714,119142,198570
Jun-2026,DC TIGALAPAN,OVERSIZE 16S MAMU,OS MINERAL GREEN V16 PDK 2XL,0,5,0,0,44432,222160,0
Jul-2026,DC TIGALAPAN,OVERSIZE 16S MAMU,OS MINERAL GREEN V16 PDK 2XL,0,5,0,0,44432,222160,222160
Mar-2026,DC TIGALAPAN,OVERSIZE 16S MAMU,OS MINERAL GREEN V16 PDK L,0,22,0,0,42084,925848,0
Jun-2026,DC TIGALAPAN,OVERSIZE 16S MAMU,OS MINERAL GREEN V16 PDK L,0,44,0,0,40339,1774916,0
Jul-2026,DC TIGALAPAN,OVERSIZE 16S MAMU,OS MINERAL GREEN V16 PDK L,0,36,0,0,40339,1452204,1774916
Agu-2026,DC TIGALAPAN,OVERSIZE 16S MAMU,OS MINERAL GREEN V16 PDK L,0,30,0,0,40339,1210170,1452204
Sep-2026,DC TIGALAPAN,OVERSIZE 16S MAMU,OS MINERAL GREEN V16 PDK L,0,22,0,0,40339,887458,1210170
Okt-2026,DC TIGALAPAN,OVERSIZE 16S MAMU,OS MINERAL GREEN V16 PDK L,0,22,0,0,40339,887458,887458
Mar-2026,DC TIGALAPAN,OVERSIZE 16S MAMU,OS MINERAL GREEN V16 PDK M,0,122,0,0,40389,4927458,0
Apr-2026,DC TIGALAPAN,OVERSIZE 16S MAMU,OS MINERAL GREEN V16 PDK M,0,89,0,0,40374,3593286,4927458
Mei-2026,DC TIGALAPAN,OVERSIZE 16S MAMU,OS MINERAL GREEN V16 PDK M,0,84,0,0,40407,3394188,3593286
Jun-2026,DC TIGALAPAN,OVERSIZE 16S MAMU,OS MINERAL GREEN V16 PDK M,0,84,0,0,40407,3394188,3394188
Jul-2026,DC TIGALAPAN,OVERSIZE 16S MAMU,OS MINERAL GREEN V16 PDK M,0,76,0,0,40407,3070932,3394188
Agu-2026,DC TIGALAPAN,OVERSIZE 16S MAMU,OS MINERAL GREEN V16 PDK M,0,67,0,0,40407,2707269,3070932
Sep-2026,DC TIGALAPAN,OVERSIZE 16S MAMU,OS MINERAL GREEN V16 PDK M,0,59,0,0,40407,2384013,2707269
Okt-2026,DC TIGALAPAN,OVERSIZE 16S MAMU,OS MINERAL GREEN V16 PDK M,0,59,0,0,40407,2384013,2384013
Mar-2026,DC TIGALAPAN,OVERSIZE 16S MAMU,OS MINERAL GREEN V16 PDK S,0,111,0,0,40339,4477629,0
Apr-2026,DC TIGALAPAN,OVERSIZE 16S MAMU,OS MINERAL GREEN V16 PDK S,0,85,0,0,40339,3428815,4477629
Mei-2026,DC TIGALAPAN,OVERSIZE 16S MAMU,OS MINERAL GREEN V16 PDK S,0,77,0,0,40376,3108952,3428815
Jun-2026,DC TIGALAPAN,OVERSIZE 16S MAMU,OS MINERAL GREEN V16 PDK S,0,71,0,0,40376,2866696,3108952
Jul-2026,DC TIGALAPAN,OVERSIZE 16S MAMU,OS MINERAL GREEN V16 PDK S,0,66,0,0,40376,2664816,2866696
Agu-2026,DC TIGALAPAN,OVERSIZE 16S MAMU,OS MINERAL GREEN V16 PDK S,0,52,0,0,40376,2099552,2664816
Sep-2026,DC TIGALAPAN,OVERSIZE 16S MAMU,OS MINERAL GREEN V16 PDK S,0,42,0,0,40376,1695792,2099552
Okt-2026,DC TIGALAPAN,OVERSIZE 16S MAMU,OS MINERAL GREEN V16 PDK S,0,42,0,0,40376,1695792,1695792
Jun-2026,DC TIGALAPAN,OVERSIZE 16S MAMU,OS MINERAL GREEN V16 PDK XL,0,3,0,0,41786,125358,0
Mar-2026,DC TIGALAPAN,OVERSIZE 16S MAMU,OS NAVY V16 PDK 2XL,0,58,0,0,44097,2557626,0
Apr-2026,DC TIGALAPAN,OVERSIZE 16S MAMU,OS NAVY V16 PDK 2XL,0,4,0,0,44097,176388,2557626
Mei-2026,DC TIGALAPAN,OVERSIZE 16S MAMU,OS NAVY V16 PDK 2XL,0,2,0,0,44097,88194,176388
Jun-2026,DC TIGALAPAN,OVERSIZE 16S MAMU,OS NAVY V16 PDK 2XL,0,21,0,0,44097,926037,88194
Jul-2026,DC TIGALAPAN,OVERSIZE 16S MAMU,OS NAVY V16 PDK 2XL,0,16,0,0,44097,705552,926037
Agu-2026,DC TIGALAPAN,OVERSIZE 16S MAMU,OS NAVY V16 PDK 2XL,0,16,0,0,44097,705552,705552
Sep-2026,DC TIGALAPAN,OVERSIZE 16S MAMU,OS NAVY V16 PDK 2XL,0,12,0,0,44097,529164,705552
Okt-2026,DC TIGALAPAN,OVERSIZE 16S MAMU,OS NAVY V16 PDK 2XL,0,8,0,0,44097,352776,529164
Mar-2026,DC TIGALAPAN,OVERSIZE 16S MAMU,OS NAVY V16 PDK L,0,157,0,0,44604,7002828,0
Apr-2026,DC TIGALAPAN,OVERSIZE 16S MAMU,OS NAVY V16 PDK L,0,125,0,0,44121,5515125,7002828
Mei-2026,DC TIGALAPAN,OVERSIZE 16S MAMU,OS NAVY V16 PDK L,0,122,0,0,44138,5384836,5515125
Jun-2026,DC TIGALAPAN,OVERSIZE 16S MAMU,OS NAVY V16 PDK L,0,128,0,0,44138,5649664,5384836
Jul-2026,DC TIGALAPAN,OVERSIZE 16S MAMU,OS NAVY V16 PDK L,0,121,0,0,44138,5340698,5649664
Agu-2026,DC TIGALAPAN,OVERSIZE 16S MAMU,OS NAVY V16 PDK L,0,96,0,0,44138,4237248,5340698
Sep-2026,DC TIGALAPAN,OVERSIZE 16S MAMU,OS NAVY V16 PDK L,0,89,0,0,44138,3928282,4237248
Okt-2026,DC TIGALAPAN,OVERSIZE 16S MAMU,OS NAVY V16 PDK L,0,71,0,0,44138,3133798,3928282
Mar-2026,DC TIGALAPAN,OVERSIZE 16S MAMU,OS NAVY V16 PDK M,0,262,0,0,44103,11554986,0
Apr-2026,DC TIGALAPAN,OVERSIZE 16S MAMU,OS NAVY V16 PDK M,0,231,0,0,44100,10187100,11554986
Mei-2026,DC TIGALAPAN,OVERSIZE 16S MAMU,OS NAVY V16 PDK M,0,225,0,0,44104,9923400,10187100
Jun-2026,DC TIGALAPAN,OVERSIZE 16S MAMU,OS NAVY V16 PDK M,0,216,0,0,44104,9526464,9923400
Jul-2026,DC TIGALAPAN,OVERSIZE 16S MAMU,OS NAVY V16 PDK M,0,208,0,0,44104,9173632,9526464
Agu-2026,DC TIGALAPAN,OVERSIZE 16S MAMU,OS NAVY V16 PDK M,0,181,0,0,44104,7982824,9173632
Sep-2026,DC TIGALAPAN,OVERSIZE 16S MAMU,OS NAVY V16 PDK M,0,139,0,0,44104,6130456,7982824
Okt-2026,DC TIGALAPAN,OVERSIZE 16S MAMU,OS NAVY V16 PDK M,0,126,0,0,44104,5557104,6130456
Mar-2026,DC TIGALAPAN,OVERSIZE 16S MAMU,OS NAVY V16 PDK S,0,208,0,0,44126,9178208,0
Apr-2026,DC TIGALAPAN,OVERSIZE 16S MAMU,OS NAVY V16 PDK S,0,166,0,0,44100,7320600,9178208
Mei-2026,DC TIGALAPAN,OVERSIZE 16S MAMU,OS NAVY V16 PDK S,0,151,0,0,44106,6660006,7320600
Jun-2026,DC TIGALAPAN,OVERSIZE 16S MAMU,OS NAVY V16 PDK S,0,161,0,0,44106,7101066,6660006
Jul-2026,DC TIGALAPAN,OVERSIZE 16S MAMU,OS NAVY V16 PDK S,0,155,0,0,44106,6836430,7101066
Agu-2026,DC TIGALAPAN,OVERSIZE 16S MAMU,OS NAVY V16 PDK S,0,141,0,0,44106,6218946,6836430
Sep-2026,DC TIGALAPAN,OVERSIZE 16S MAMU,OS NAVY V16 PDK S,0,94,0,0,44106,4145964,6218946
Okt-2026,DC TIGALAPAN,OVERSIZE 16S MAMU,OS NAVY V16 PDK S,0,89,0,0,44106,3925434,4145964
Mar-2026,DC TIGALAPAN,OVERSIZE 16S MAMU,OS NAVY V16 PDK XL,0,60,0,0,44504,2670240,0
Apr-2026,DC TIGALAPAN,OVERSIZE 16S MAMU,OS NAVY V16 PDK XL,0,12,0,0,44113,529356,2670240
Mei-2026,DC TIGALAPAN,OVERSIZE 16S MAMU,OS NAVY V16 PDK XL,0,12,0,0,44177,530124,529356
Jun-2026,DC TIGALAPAN,OVERSIZE 16S MAMU,OS NAVY V16 PDK XL,0,30,0,0,44177,1325310,530124
Jul-2026,DC TIGALAPAN,OVERSIZE 16S MAMU,OS NAVY V16 PDK XL,0,28,0,0,44177,1236956,1325310
Agu-2026,DC TIGALAPAN,OVERSIZE 16S MAMU,OS NAVY V16 PDK XL,0,7,0,0,44177,309239,1236956
Sep-2026,DC TIGALAPAN,OVERSIZE 16S MAMU,OS NAVY V16 PDK XL,0,17,0,0,44177,751009,309239
Okt-2026,DC TIGALAPAN,OVERSIZE 16S MAMU,OS NAVY V16 PDK XL,0,10,0,0,44177,441770,751009
Jun-2026,DC TIGALAPAN,OVERSIZE 16S MAMU,OS ORANGE BATA V16 PDK L,0,29,0,0,44077,1278233,0
Jul-2026,DC TIGALAPAN,OVERSIZE 16S MAMU,OS ORANGE BATA V16 PDK L,0,25,0,0,44077,1101925,1278233
Agu-2026,DC TIGALAPAN,OVERSIZE 16S MAMU,OS ORANGE BATA V16 PDK L,0,25,0,0,44077,1101925,1101925
Sep-2026,DC TIGALAPAN,OVERSIZE 16S MAMU,OS ORANGE BATA V16 PDK L,0,18,0,0,44077,793386,1101925
Okt-2026,DC TIGALAPAN,OVERSIZE 16S MAMU,OS ORANGE BATA V16 PDK L,0,18,0,0,44077,793386,793386
Mar-2026,DC TIGALAPAN,OVERSIZE 16S MAMU,OS ORANGE BATA V16 PDK M,0,5,0,0,44983,224915,0
Jun-2026,DC TIGALAPAN,OVERSIZE 16S MAMU,OS ORANGE BATA V16 PDK XL,0,5,0,0,44622,223110,0
Jul-2026,DC TIGALAPAN,OVERSIZE 16S MAMU,OS ORANGE BATA V16 PDK XL,0,5,0,0,44622,223110,223110
Mar-2026,DC TIGALAPAN,OVERSIZE 16S MAMU,OS PUTIH NETRAL V16 PDK 2XL,0,33,0,0,40037,1321221,0
Jun-2026,DC TIGALAPAN,OVERSIZE 16S MAMU,OS PUTIH NETRAL V16 PDK 2XL,0,10,0,0,40037,400370,0
Jul-2026,DC TIGALAPAN,OVERSIZE 16S MAMU,OS PUTIH NETRAL V16 PDK 2XL,0,5,0,0,40037,200185,400370
Okt-2026,DC TIGALAPAN,OVERSIZE 16S MAMU,OS PUTIH NETRAL V16 PDK 2XL,0,1,0,0,40037,40037,0
Mar-2026,DC TIGALAPAN,OVERSIZE 16S MAMU,OS PUTIH NETRAL V16 PDK L,0,126,0,0,40163,5060538,0
Apr-2026,DC TIGALAPAN,OVERSIZE 16S MAMU,OS PUTIH NETRAL V16 PDK L,0,106,0,0,40155,4256430,5060538
Mei-2026,DC TIGALAPAN,OVERSIZE 16S MAMU,OS PUTIH NETRAL V16 PDK L,0,91,0,0,40155,3654105,4256430
Jun-2026,DC TIGALAPAN,OVERSIZE 16S MAMU,OS PUTIH NETRAL V16 PDK L,0,27,0,0,40155,1084185,3654105
Jul-2026,DC TIGALAPAN,OVERSIZE 16S MAMU,OS PUTIH NETRAL V16 PDK L,0,21,0,0,40155,843255,1084185
Agu-2026,DC TIGALAPAN,OVERSIZE 16S MAMU,OS PUTIH NETRAL V16 PDK L,0,1,0,0,40155,40155,843255
Okt-2026,DC TIGALAPAN,OVERSIZE 16S MAMU,OS PUTIH NETRAL V16 PDK L,0,51,0,0,40155,2047905,0
Mar-2026,DC TIGALAPAN,OVERSIZE 16S MAMU,OS PUTIH NETRAL V16 PDK M,0,201,0,0,40043,8048643,0
Apr-2026,DC TIGALAPAN,OVERSIZE 16S MAMU,OS PUTIH NETRAL V16 PDK M,0,163,0,0,40042,6526846,8048643
Mei-2026,DC TIGALAPAN,OVERSIZE 16S MAMU,OS PUTIH NETRAL V16 PDK M,0,131,0,0,40042,5245502,6526846
Jun-2026,DC TIGALAPAN,OVERSIZE 16S MAMU,OS PUTIH NETRAL V16 PDK M,0,67,0,0,40042,2682814,5245502
Jul-2026,DC TIGALAPAN,OVERSIZE 16S MAMU,OS PUTIH NETRAL V16 PDK M,0,59,0,0,40042,2362478,2682814
Agu-2026,DC TIGALAPAN,OVERSIZE 16S MAMU,OS PUTIH NETRAL V16 PDK M,0,35,0,0,40042,1401470,2362478
Sep-2026,DC TIGALAPAN,OVERSIZE 16S MAMU,OS PUTIH NETRAL V16 PDK M,0,25,0,0,40042,1001050,1401470
Okt-2026,DC TIGALAPAN,OVERSIZE 16S MAMU,OS PUTIH NETRAL V16 PDK M,0,9,0,0,40042,360378,1001050
Mar-2026,DC TIGALAPAN,OVERSIZE 16S MAMU,OS PUTIH NETRAL V16 PDK S,0,198,0,0,40037,7927326,0
Apr-2026,DC TIGALAPAN,OVERSIZE 16S MAMU,OS PUTIH NETRAL V16 PDK S,0,128,0,0,40037,5124736,7927326
Mei-2026,DC TIGALAPAN,OVERSIZE 16S MAMU,OS PUTIH NETRAL V16 PDK S,0,103,0,0,40037,4123811,5124736
Jun-2026,DC TIGALAPAN,OVERSIZE 16S MAMU,OS PUTIH NETRAL V16 PDK S,0,90,0,0,40037,3603330,4123811
Jul-2026,DC TIGALAPAN,OVERSIZE 16S MAMU,OS PUTIH NETRAL V16 PDK S,0,75,0,0,40037,3002775,3603330
Agu-2026,DC TIGALAPAN,OVERSIZE 16S MAMU,OS PUTIH NETRAL V16 PDK S,0,48,0,0,40037,1921776,3002775
Sep-2026,DC TIGALAPAN,OVERSIZE 16S MAMU,OS PUTIH NETRAL V16 PDK S,0,6,0,0,40037,240222,1921776
Okt-2026,DC TIGALAPAN,OVERSIZE 16S MAMU,OS PUTIH NETRAL V16 PDK S,0,5,0,0,40037,200185,240222
Mar-2026,DC TIGALAPAN,OVERSIZE 16S MAMU,OS PUTIH NETRAL V16 PDK XL,0,12,0,0,40086,481032,0
Agu-2026,DC TIGALAPAN,OVERSIZE 16S MAMU,OS ARMY GREEN V16 PDK 2XL,0,0,0,0,45084,0,225420
Apr-2026,DC TIGALAPAN,OVERSIZE 16S MAMU,OS ARMY GREEN V16 PDK M,0,0,0,0,44081,0,44081
Sep-2026,DC TIGALAPAN,OVERSIZE 16S MAMU,OS ARMY GREEN V16 PDK M,0,0,0,0,44081,0,352648
Jul-2026,DC TIGALAPAN,OVERSIZE 16S MAMU,OS ARMY GREEN V16 PDK S,0,0,0,0,46697,0,466970
Apr-2026,DC TIGALAPAN,OVERSIZE 16S MAMU,OS ARMY GREEN V16 PDK XL,0,0,0,0,44476,0,177904
Apr-2026,DC TIGALAPAN,OVERSIZE 16S MAMU,OS COKLAT SUSU V16 PDK L,0,0,0,0,41667,0,166668
Apr-2026,DC TIGALAPAN,OVERSIZE 16S MAMU,OS DENIM BLUE V16 PDK 2XL,0,0,0,0,42601,0,42601
Apr-2026,DC TIGALAPAN,OVERSIZE 16S MAMU,OS DENIM BLUE V16 PDK M,0,0,0,0,38447,0,192235
Agu-2026,DC TIGALAPAN,OVERSIZE 16S MAMU,OS DENIM BLUE V16 PDK M,0,0,0,0,41868,0,418680
Apr-2026,DC TIGALAPAN,OVERSIZE 16S MAMU,OS DENIM BLUE V16 PDK XL,0,0,0,0,41868,0,167472
Apr-2026,DC TIGALAPAN,OVERSIZE 16S MAMU,OS JET BLACK V16 PDK 2XL,0,0,0,0,45054,0,1531836
Jul-2026,DC TIGALAPAN,OVERSIZE 16S MAMU,OS JET BLACK V16 PDK 2XL,0,0,0,0,45054,0,90108
Mei-2026,DC TIGALAPAN,OVERSIZE 16S MAMU,OS JET BLACK V16 PDK M,0,0,0,0,44890,0,3501420
Jun-2026,DC TIGALAPAN,OVERSIZE 16S MAMU,OS JET BLACK V16 PDK S,0,0,0,0,44946,0,44946
Apr-2026,DC TIGALAPAN,OVERSIZE 16S MAMU,OS JET BLACK V16 PDK XL,0,0,0,0,45054,0,1171404
Agu-2026,DC TIGALAPAN,OVERSIZE 16S MAMU,OS JET BLACK V16 PDK XL,0,0,0,0,45054,0,225270
Apr-2026,DC TIGALAPAN,OVERSIZE 16S MAMU,OS LIGHT BROWN V16 PDK 2XL,0,0,0,0,41365,0,41365
Agu-2026,DC TIGALAPAN,OVERSIZE 16S MAMU,OS LIGHT BROWN V16 PDK L,0,0,0,0,38939,0,38939
Mei-2026,DC TIGALAPAN,OVERSIZE 16S MAMU,OS LIGHT BROWN V16 PDK S,0,0,0,0,38893,0,544502
Agu-2026,DC TIGALAPAN,OVERSIZE 16S MAMU,OS LIGHT BROWN V16 PDK S,0,0,0,0,38965,0,155860
Apr-2026,DC TIGALAPAN,OVERSIZE 16S MAMU,OS LIGHT BROWN V16 PDK XL,0,0,0,0,39714,0,119142
Agu-2026,DC TIGALAPAN,OVERSIZE 16S MAMU,OS MINERAL GREEN V16 PDK 2XL,0,0,0,0,44432,0,222160
Apr-2026,DC TIGALAPAN,OVERSIZE 16S MAMU,OS MINERAL GREEN V16 PDK L,0,0,0,0,42084,0,925848
Jul-2026,DC TIGALAPAN,OVERSIZE 16S MAMU,OS MINERAL GREEN V16 PDK XL,0,0,0,0,41786,0,125358
Apr-2026,DC TIGALAPAN,OVERSIZE 16S MAMU,OS ORANGE BATA V16 PDK M,0,0,0,0,44983,0,224915
Agu-2026,DC TIGALAPAN,OVERSIZE 16S MAMU,OS ORANGE BATA V16 PDK XL,0,0,0,0,44622,0,223110
Apr-2026,DC TIGALAPAN,OVERSIZE 16S MAMU,OS PUTIH NETRAL V16 PDK 2XL,0,0,0,0,40037,0,1321221
Agu-2026,DC TIGALAPAN,OVERSIZE 16S MAMU,OS PUTIH NETRAL V16 PDK 2XL,0,0,0,0,40037,0,200185
Sep-2026,DC TIGALAPAN,OVERSIZE 16S MAMU,OS PUTIH NETRAL V16 PDK L,0,0,0,0,40155,0,40155
Apr-2026,DC TIGALAPAN,OVERSIZE 16S MAMU,OS PUTIH NETRAL V16 PDK XL,0,0,0,0,40086,0,481032
