Bulan,Store,Warna,Item,COGS,OH Qty,OD Qty,WIP Qty,HPP,Inventory Akhir,Inventory Awal
Jan-2026,MAMU BTP,OVERSIZE 20S MAMU,ABU TUA D20 PDK 2XL,42971,11,0,0,42971,472681,0
Feb-2026,MAMU BTP,OVERSIZE 20S MAMU,ABU TUA D20 PDK 2XL,42971,10,0,0,42971,429710,472681
Mar-2026,MAMU BTP,OVERSIZE 20S MAMU,ABU TUA D20 PDK 2XL,171884,6,0,0,42971,257826,429710
Apr-2026,MAMU BTP,OVERSIZE 20S MAMU,ABU TUA D20 PDK 2XL,42971,5,0,0,42971,214855,257826
Mei-2026,MAMU BTP,OVERSIZE 20S MAMU,ABU TUA D20 PDK 2XL,0,5,0,0,42971,214855,214855
Jun-2026,MAMU BTP,OVERSIZE 20S MAMU,ABU TUA D20 PDK 2XL,0,5,0,0,42971,214855,214855
Jul-2026,MAMU BTP,OVERSIZE 20S MAMU,ABU TUA D20 PDK 2XL,128913,0,0,0,42971,0,214855
Jan-2026,MAMU BTP,OVERSIZE 20S MAMU,ABU TUA D20 PDK L,220765,54,0,0,44153,2384262,0
Feb-2026,MAMU BTP,OVERSIZE 20S MAMU,ABU TUA D20 PDK L,176612,50,0,0,44153,2207650,2384262
Mar-2026,MAMU BTP,OVERSIZE 20S MAMU,ABU TUA D20 PDK L,1324590,8,0,0,44153,353224,2207650
Apr-2026,MAMU BTP,OVERSIZE 20S MAMU,ABU TUA D20 PDK L,176612,3,0,0,44153,132459,353224
Mei-2026,MAMU BTP,OVERSIZE 20S MAMU,ABU TUA D20 PDK L,220765,0,0,0,44153,0,132459
Jan-2026,MAMU BTP,OVERSIZE 20S MAMU,ABU TUA D20 PDK M,174152,14,0,0,43538,609532,0
Feb-2026,MAMU BTP,OVERSIZE 20S MAMU,ABU TUA D20 PDK M,130614,12,0,0,43538,522456,609532
Mar-2026,MAMU BTP,OVERSIZE 20S MAMU,ABU TUA D20 PDK M,304766,2,0,0,43538,87076,522456
Apr-2026,MAMU BTP,OVERSIZE 20S MAMU,ABU TUA D20 PDK M,0,2,0,0,43538,87076,87076
Mei-2026,MAMU BTP,OVERSIZE 20S MAMU,ABU TUA D20 PDK M,0,2,0,0,43538,87076,87076
Jun-2026,MAMU BTP,OVERSIZE 20S MAMU,ABU TUA D20 PDK M,0,2,0,0,43538,87076,87076
Jul-2026,MAMU BTP,OVERSIZE 20S MAMU,ABU TUA D20 PDK M,0,0,0,0,43538,0,87076
Jan-2026,MAMU BTP,OVERSIZE 20S MAMU,ABU TUA D20 PDK XL,89808,25,0,0,44904,1122600,0
Feb-2026,MAMU BTP,OVERSIZE 20S MAMU,ABU TUA D20 PDK XL,0,25,0,0,44904,1122600,1122600
Mar-2026,MAMU BTP,OVERSIZE 20S MAMU,ABU TUA D20 PDK XL,538848,5,0,0,44904,224520,1122600
Apr-2026,MAMU BTP,OVERSIZE 20S MAMU,ABU TUA D20 PDK XL,44904,4,0,0,44904,179616,224520
Mei-2026,MAMU BTP,OVERSIZE 20S MAMU,ABU TUA D20 PDK XL,44904,3,0,0,44904,134712,179616
Jun-2026,MAMU BTP,OVERSIZE 20S MAMU,ABU TUA D20 PDK XL,89808,1,0,0,44904,44904,134712
Jul-2026,MAMU BTP,OVERSIZE 20S MAMU,ABU TUA D20 PDK XL,44904,2,0,0,44904,89808,44904
Agu-2026,MAMU BTP,OVERSIZE 20S MAMU,ABU TUA D20 PDK XL,0,2,0,0,44904,89808,89808
Sep-2026,MAMU BTP,OVERSIZE 20S MAMU,ABU TUA D20 PDK XL,0,2,0,0,44904,89808,89808
Okt-2026,MAMU BTP,OVERSIZE 20S MAMU,ABU TUA D20 PDK XL,30920,7,0,0,44904,314328,89808
Jan-2026,MAMU BTP,OVERSIZE 20S MAMU,DENIM BLUE D20 PDK 2XL,41864,14,0,0,41864,586096,0
Feb-2026,MAMU BTP,OVERSIZE 20S MAMU,DENIM BLUE D20 PDK 2XL,41864,13,0,0,41864,544232,586096
Mar-2026,MAMU BTP,OVERSIZE 20S MAMU,DENIM BLUE D20 PDK 2XL,83728,3,0,0,41864,125592,544232
Apr-2026,MAMU BTP,OVERSIZE 20S MAMU,DENIM BLUE D20 PDK 2XL,0,3,0,0,41864,125592,125592
Mei-2026,MAMU BTP,OVERSIZE 20S MAMU,DENIM BLUE D20 PDK 2XL,41864,4,0,0,41864,167456,125592
Jun-2026,MAMU BTP,OVERSIZE 20S MAMU,DENIM BLUE D20 PDK 2XL,0,3,0,0,41864,125592,167456
Jul-2026,MAMU BTP,OVERSIZE 20S MAMU,DENIM BLUE D20 PDK 2XL,0,3,0,0,41864,125592,125592
Agu-2026,MAMU BTP,OVERSIZE 20S MAMU,DENIM BLUE D20 PDK 2XL,0,3,0,0,41864,125592,125592
Sep-2026,MAMU BTP,OVERSIZE 20S MAMU,DENIM BLUE D20 PDK 2XL,0,4,0,0,41864,167456,125592
Okt-2026,MAMU BTP,OVERSIZE 20S MAMU,DENIM BLUE D20 PDK 2XL,0,4,0,0,41864,167456,167456
Jan-2026,MAMU BTP,OVERSIZE 20S MAMU,DENIM BLUE D20 PDK L,130446,63,0,0,43482,2739366,0
Feb-2026,MAMU BTP,OVERSIZE 20S MAMU,DENIM BLUE D20 PDK L,86964,61,0,0,43482,2652402,2739366
Mar-2026,MAMU BTP,OVERSIZE 20S MAMU,DENIM BLUE D20 PDK L,304374,28,0,0,43482,1217496,2652402
Apr-2026,MAMU BTP,OVERSIZE 20S MAMU,DENIM BLUE D20 PDK L,86964,26,0,0,43482,1130532,1217496
Mei-2026,MAMU BTP,OVERSIZE 20S MAMU,DENIM BLUE D20 PDK L,43482,25,0,0,43482,1087050,1130532
Jun-2026,MAMU BTP,OVERSIZE 20S MAMU,DENIM BLUE D20 PDK L,43482,24,0,0,43482,1043568,1087050
Jul-2026,MAMU BTP,OVERSIZE 20S MAMU,DENIM BLUE D20 PDK L,86964,21,0,0,43482,913122,1043568
Agu-2026,MAMU BTP,OVERSIZE 20S MAMU,DENIM BLUE D20 PDK L,86964,17,0,0,43482,739194,913122
Sep-2026,MAMU BTP,OVERSIZE 20S MAMU,DENIM BLUE D20 PDK L,82132,16,0,0,43482,695712,739194
Okt-2026,MAMU BTP,OVERSIZE 20S MAMU,DENIM BLUE D20 PDK L,0,16,0,0,43482,695712,695712
Jan-2026,MAMU BTP,OVERSIZE 20S MAMU,DENIM BLUE D20 PDK M,0,36,0,0,43157,1553652,0
Feb-2026,MAMU BTP,OVERSIZE 20S MAMU,DENIM BLUE D20 PDK M,86314,34,0,0,43157,1467338,1553652
Mar-2026,MAMU BTP,OVERSIZE 20S MAMU,DENIM BLUE D20 PDK M,776826,0,0,0,43157,0,1467338
Mei-2026,MAMU BTP,OVERSIZE 20S MAMU,DENIM BLUE D20 PDK M,86314,0,0,0,43157,0,0
Jan-2026,MAMU BTP,OVERSIZE 20S MAMU,DENIM BLUE D20 PDK S,116871,7,0,0,38957,272699,0
Feb-2026,MAMU BTP,OVERSIZE 20S MAMU,DENIM BLUE D20 PDK S,77914,5,0,0,38957,194785,272699
Mar-2026,MAMU BTP,OVERSIZE 20S MAMU,DENIM BLUE D20 PDK S,194785,0,0,0,38957,0,194785
Jan-2026,MAMU BTP,OVERSIZE 20S MAMU,DENIM BLUE D20 PDK XL,43541,41,0,0,43541,1785181,0
Feb-2026,MAMU BTP,OVERSIZE 20S MAMU,DENIM BLUE D20 PDK XL,43541,40,0,0,43541,1741640,1785181
Mar-2026,MAMU BTP,OVERSIZE 20S MAMU,DENIM BLUE D20 PDK XL,391869,10,0,0,43541,435410,1741640
Apr-2026,MAMU BTP,OVERSIZE 20S MAMU,DENIM BLUE D20 PDK XL,43541,9,0,0,43541,391869,435410
Mei-2026,MAMU BTP,OVERSIZE 20S MAMU,DENIM BLUE D20 PDK XL,43541,8,0,0,43541,348328,391869
Jun-2026,MAMU BTP,OVERSIZE 20S MAMU,DENIM BLUE D20 PDK XL,0,8,0,0,43541,348328,348328
Jul-2026,MAMU BTP,OVERSIZE 20S MAMU,DENIM BLUE D20 PDK XL,87082,7,0,0,43541,304787,348328
Agu-2026,MAMU BTP,OVERSIZE 20S MAMU,DENIM BLUE D20 PDK XL,0,6,0,0,43541,261246,304787
Sep-2026,MAMU BTP,OVERSIZE 20S MAMU,DENIM BLUE D20 PDK XL,43541,5,0,0,43541,217705,261246
Okt-2026,MAMU BTP,OVERSIZE 20S MAMU,DENIM BLUE D20 PDK XL,0,5,0,0,43541,217705,217705
Jan-2026,MAMU BTP,OVERSIZE 20S MAMU,JET BLACK D20 PDK 2XL,0,2,0,0,45890,91780,0
Feb-2026,MAMU BTP,OVERSIZE 20S MAMU,JET BLACK D20 PDK 2XL,91780,0,0,0,45890,0,91780
Sep-2026,MAMU BTP,OVERSIZE 20S MAMU,JET BLACK D20 PDK 2XL,618276,0,12,0,45890,550680,0
Okt-2026,MAMU BTP,OVERSIZE 20S MAMU,JET BLACK D20 PDK 2XL,0,0,0,0,45890,0,550680
Sep-2026,MAMU BTP,OVERSIZE 20S MAMU,JET BLACK D20 PDK 3XL,154569,0,3,0,0,0,0
Sep-2026,MAMU BTP,OVERSIZE 20S MAMU,JET BLACK D20 PDK 6XL,51523,0,1,0,0,0,0
Jan-2026,MAMU BTP,OVERSIZE 20S MAMU,JET BLACK D20 PDK L,268920,4,0,0,44820,179280,0
Feb-2026,MAMU BTP,OVERSIZE 20S MAMU,JET BLACK D20 PDK L,179280,0,0,0,44820,0,179280
Mar-2026,MAMU BTP,OVERSIZE 20S MAMU,JET BLACK D20 PDK L,44820,1,0,0,44820,44820,0
Apr-2026,MAMU BTP,OVERSIZE 20S MAMU,JET BLACK D20 PDK L,44820,1,0,0,44820,44820,44820
Mei-2026,MAMU BTP,OVERSIZE 20S MAMU,JET BLACK D20 PDK L,0,1,0,0,44820,44820,44820
Jun-2026,MAMU BTP,OVERSIZE 20S MAMU,JET BLACK D20 PDK L,0,1,0,0,44820,44820,44820
Jul-2026,MAMU BTP,OVERSIZE 20S MAMU,JET BLACK D20 PDK L,0,0,0,0,44820,0,44820
Sep-2026,MAMU BTP,OVERSIZE 20S MAMU,JET BLACK D20 PDK L,476720,0,10,0,44820,448200,0
Okt-2026,MAMU BTP,OVERSIZE 20S MAMU,JET BLACK D20 PDK L,0,0,0,0,44820,0,448200
Jan-2026,MAMU BTP,OVERSIZE 20S MAMU,JET BLACK D20 PDK M,87734,3,0,0,43867,131601,0
Feb-2026,MAMU BTP,OVERSIZE 20S MAMU,JET BLACK D20 PDK M,131601,0,0,0,43867,0,131601
Mar-2026,MAMU BTP,OVERSIZE 20S MAMU,JET BLACK D20 PDK M,0,0,1,0,43867,43867,0
Apr-2026,MAMU BTP,OVERSIZE 20S MAMU,JET BLACK D20 PDK M,43867,0,0,0,43867,0,43867
Sep-2026,MAMU BTP,OVERSIZE 20S MAMU,JET BLACK D20 PDK M,486508,0,11,0,43867,482537,0
Okt-2026,MAMU BTP,OVERSIZE 20S MAMU,JET BLACK D20 PDK M,44228,9,0,0,43867,394803,482537
Sep-2026,MAMU BTP,OVERSIZE 20S MAMU,JET BLACK D20 PDK S,90022,0,2,0,46998,93996,0
Okt-2026,MAMU BTP,OVERSIZE 20S MAMU,JET BLACK D20 PDK S,0,5,0,0,46998,234990,93996
Jan-2026,MAMU BTP,OVERSIZE 20S MAMU,JET BLACK D20 PDK XL,237880,15,0,0,47576,713640,0
Feb-2026,MAMU BTP,OVERSIZE 20S MAMU,JET BLACK D20 PDK XL,142728,12,0,0,47576,570912,713640
Mar-2026,MAMU BTP,OVERSIZE 20S MAMU,JET BLACK D20 PDK XL,475760,0,1,0,47576,47576,570912
Apr-2026,MAMU BTP,OVERSIZE 20S MAMU,JET BLACK D20 PDK XL,0,1,0,0,47576,47576,47576
Mei-2026,MAMU BTP,OVERSIZE 20S MAMU,JET BLACK D20 PDK XL,47576,0,0,0,47576,0,47576
Sep-2026,MAMU BTP,OVERSIZE 20S MAMU,JET BLACK D20 PDK XL,2267012,0,44,0,47576,2093344,0
Okt-2026,MAMU BTP,OVERSIZE 20S MAMU,JET BLACK D20 PDK XL,0,0,0,0,47576,0,2093344
Jan-2026,MAMU BTP,OVERSIZE 20S MAMU,MAPPLE BROWN D20 PDK 2XL,0,10,0,0,35647,356470,0
Feb-2026,MAMU BTP,OVERSIZE 20S MAMU,MAPPLE BROWN D20 PDK 2XL,0,10,0,0,35647,356470,356470
Mar-2026,MAMU BTP,OVERSIZE 20S MAMU,MAPPLE BROWN D20 PDK 2XL,142588,4,0,0,35647,142588,356470
Apr-2026,MAMU BTP,OVERSIZE 20S MAMU,MAPPLE BROWN D20 PDK 2XL,0,2,0,0,35647,71294,142588
Mei-2026,MAMU BTP,OVERSIZE 20S MAMU,MAPPLE BROWN D20 PDK 2XL,35647,1,0,0,35647,35647,71294
Jun-2026,MAMU BTP,OVERSIZE 20S MAMU,MAPPLE BROWN D20 PDK 2XL,0,1,0,0,35647,35647,35647
Jul-2026,MAMU BTP,OVERSIZE 20S MAMU,MAPPLE BROWN D20 PDK 2XL,0,0,0,0,35647,0,35647
Jan-2026,MAMU BTP,OVERSIZE 20S MAMU,MAPPLE BROWN D20 PDK L,205540,59,0,0,41108,2425372,0
Feb-2026,MAMU BTP,OVERSIZE 20S MAMU,MAPPLE BROWN D20 PDK L,82216,57,0,0,41108,2343156,2425372
Mar-2026,MAMU BTP,OVERSIZE 20S MAMU,MAPPLE BROWN D20 PDK L,698836,26,0,0,41108,1068808,2343156
Apr-2026,MAMU BTP,OVERSIZE 20S MAMU,MAPPLE BROWN D20 PDK L,123324,23,0,0,41108,945484,1068808
Mei-2026,MAMU BTP,OVERSIZE 20S MAMU,MAPPLE BROWN D20 PDK L,123324,21,0,0,41108,863268,945484
Jun-2026,MAMU BTP,OVERSIZE 20S MAMU,MAPPLE BROWN D20 PDK L,205540,15,0,0,41108,616620,863268
Jul-2026,MAMU BTP,OVERSIZE 20S MAMU,MAPPLE BROWN D20 PDK L,164432,12,0,0,41108,493296,616620
Agu-2026,MAMU BTP,OVERSIZE 20S MAMU,MAPPLE BROWN D20 PDK L,246648,6,0,0,41108,246648,493296
Sep-2026,MAMU BTP,OVERSIZE 20S MAMU,MAPPLE BROWN D20 PDK L,123324,3,0,0,41108,123324,246648
Okt-2026,MAMU BTP,OVERSIZE 20S MAMU,MAPPLE BROWN D20 PDK L,41108,2,0,0,41108,82216,123324
Jan-2026,MAMU BTP,OVERSIZE 20S MAMU,MAPPLE BROWN D20 PDK M,41099,27,0,0,41099,1109673,0
Feb-2026,MAMU BTP,OVERSIZE 20S MAMU,MAPPLE BROWN D20 PDK M,164396,23,0,0,41099,945277,1109673
Mar-2026,MAMU BTP,OVERSIZE 20S MAMU,MAPPLE BROWN D20 PDK M,493188,1,0,0,41099,41099,945277
Apr-2026,MAMU BTP,OVERSIZE 20S MAMU,MAPPLE BROWN D20 PDK M,0,1,0,0,41099,41099,41099
Mei-2026,MAMU BTP,OVERSIZE 20S MAMU,MAPPLE BROWN D20 PDK M,0,1,0,0,41099,41099,41099
Jun-2026,MAMU BTP,OVERSIZE 20S MAMU,MAPPLE BROWN D20 PDK M,0,1,0,0,41099,41099,41099
Jul-2026,MAMU BTP,OVERSIZE 20S MAMU,MAPPLE BROWN D20 PDK M,0,0,0,0,41099,0,41099
Jan-2026,MAMU BTP,OVERSIZE 20S MAMU,MAPPLE BROWN D20 PDK S,77314,1,0,0,38657,38657,0
Feb-2026,MAMU BTP,OVERSIZE 20S MAMU,MAPPLE BROWN D20 PDK S,38657,0,0,0,38657,0,38657
Jan-2026,MAMU BTP,OVERSIZE 20S MAMU,MAPPLE BROWN D20 PDK XL,85362,39,0,0,42681,1664559,0
Feb-2026,MAMU BTP,OVERSIZE 20S MAMU,MAPPLE BROWN D20 PDK XL,42681,38,0,0,42681,1621878,1664559
Mar-2026,MAMU BTP,OVERSIZE 20S MAMU,MAPPLE BROWN D20 PDK XL,298767,17,0,0,42681,725577,1621878
Apr-2026,MAMU BTP,OVERSIZE 20S MAMU,MAPPLE BROWN D20 PDK XL,42681,14,0,0,42681,597534,725577
Mei-2026,MAMU BTP,OVERSIZE 20S MAMU,MAPPLE BROWN D20 PDK XL,0,14,0,0,42681,597534,597534
Jun-2026,MAMU BTP,OVERSIZE 20S MAMU,MAPPLE BROWN D20 PDK XL,42681,12,0,0,42681,512172,597534
Jul-2026,MAMU BTP,OVERSIZE 20S MAMU,MAPPLE BROWN D20 PDK XL,128043,6,0,0,42681,256086,512172
Agu-2026,MAMU BTP,OVERSIZE 20S MAMU,MAPPLE BROWN D20 PDK XL,85362,4,0,0,42681,170724,256086
Sep-2026,MAMU BTP,OVERSIZE 20S MAMU,MAPPLE BROWN D20 PDK XL,0,2,0,0,42681,85362,170724
Okt-2026,MAMU BTP,OVERSIZE 20S MAMU,MAPPLE BROWN D20 PDK XL,0,2,0,0,42681,85362,85362
Jan-2026,MAMU BTP,OVERSIZE 20S MAMU,RED PLUM D20 PDK 2XL,41485,17,0,0,41485,705245,0
Feb-2026,MAMU BTP,OVERSIZE 20S MAMU,RED PLUM D20 PDK 2XL,41485,16,0,0,41485,663760,705245
Mar-2026,MAMU BTP,OVERSIZE 20S MAMU,RED PLUM D20 PDK 2XL,124455,8,0,0,41485,331880,663760
Apr-2026,MAMU BTP,OVERSIZE 20S MAMU,RED PLUM D20 PDK 2XL,41485,7,0,0,41485,290395,331880
Mei-2026,MAMU BTP,OVERSIZE 20S MAMU,RED PLUM D20 PDK 2XL,0,7,0,0,41485,290395,290395
Jun-2026,MAMU BTP,OVERSIZE 20S MAMU,RED PLUM D20 PDK 2XL,0,7,0,0,41485,290395,290395
Jul-2026,MAMU BTP,OVERSIZE 20S MAMU,RED PLUM D20 PDK 2XL,41485,1,0,0,41485,41485,290395
Agu-2026,MAMU BTP,OVERSIZE 20S MAMU,RED PLUM D20 PDK 2XL,41485,0,0,0,41485,0,41485
Jan-2026,MAMU BTP,OVERSIZE 20S MAMU,RED PLUM D20 PDK L,171844,59,0,0,42961,2534699,0
Feb-2026,MAMU BTP,OVERSIZE 20S MAMU,RED PLUM D20 PDK L,0,59,0,0,42961,2534699,2534699
Mar-2026,MAMU BTP,OVERSIZE 20S MAMU,RED PLUM D20 PDK L,343688,42,0,0,42961,1804362,2534699
Apr-2026,MAMU BTP,OVERSIZE 20S MAMU,RED PLUM D20 PDK L,128883,39,0,0,42961,1675479,1804362
Mei-2026,MAMU BTP,OVERSIZE 20S MAMU,RED PLUM D20 PDK L,171844,35,0,0,42961,1503635,1675479
Jun-2026,MAMU BTP,OVERSIZE 20S MAMU,RED PLUM D20 PDK L,85922,33,0,0,42961,1417713,1503635
Jul-2026,MAMU BTP,OVERSIZE 20S MAMU,RED PLUM D20 PDK L,300727,26,0,0,42961,1116986,1417713
Agu-2026,MAMU BTP,OVERSIZE 20S MAMU,RED PLUM D20 PDK L,214805,22,0,0,42961,945142,1116986
Sep-2026,MAMU BTP,OVERSIZE 20S MAMU,RED PLUM D20 PDK L,300727,15,0,0,42961,644415,945142
Okt-2026,MAMU BTP,OVERSIZE 20S MAMU,RED PLUM D20 PDK L,42961,14,0,0,42961,601454,644415
Jan-2026,MAMU BTP,OVERSIZE 20S MAMU,RED PLUM D20 PDK M,84112,36,0,0,42056,1514016,0
Feb-2026,MAMU BTP,OVERSIZE 20S MAMU,RED PLUM D20 PDK M,126168,33,0,0,42056,1387848,1514016
Mar-2026,MAMU BTP,OVERSIZE 20S MAMU,RED PLUM D20 PDK M,420560,14,0,0,42056,588784,1387848
Apr-2026,MAMU BTP,OVERSIZE 20S MAMU,RED PLUM D20 PDK M,210280,9,0,0,42056,378504,588784
Mei-2026,MAMU BTP,OVERSIZE 20S MAMU,RED PLUM D20 PDK M,0,9,0,0,42056,378504,378504
Jun-2026,MAMU BTP,OVERSIZE 20S MAMU,RED PLUM D20 PDK M,252336,3,0,0,42056,126168,378504
Jul-2026,MAMU BTP,OVERSIZE 20S MAMU,RED PLUM D20 PDK M,84112,0,0,0,42056,0,126168
Jan-2026,MAMU BTP,OVERSIZE 20S MAMU,RED PLUM D20 PDK S,118443,2,0,0,39481,78962,0
Feb-2026,MAMU BTP,OVERSIZE 20S MAMU,RED PLUM D20 PDK S,0,2,0,0,39481,78962,78962
Mar-2026,MAMU BTP,OVERSIZE 20S MAMU,RED PLUM D20 PDK S,78962,0,0,0,39481,0,78962
Jan-2026,MAMU BTP,OVERSIZE 20S MAMU,RED PLUM D20 PDK XL,173184,34,0,0,43296,1472064,0
Feb-2026,MAMU BTP,OVERSIZE 20S MAMU,RED PLUM D20 PDK XL,43296,33,0,0,43296,1428768,1472064
Mar-2026,MAMU BTP,OVERSIZE 20S MAMU,RED PLUM D20 PDK XL,389664,15,0,0,43296,649440,1428768
Apr-2026,MAMU BTP,OVERSIZE 20S MAMU,RED PLUM D20 PDK XL,43296,13,0,0,43296,562848,649440
Mei-2026,MAMU BTP,OVERSIZE 20S MAMU,RED PLUM D20 PDK XL,43296,12,0,0,43296,519552,562848
Jun-2026,MAMU BTP,OVERSIZE 20S MAMU,RED PLUM D20 PDK XL,43296,11,0,0,43296,476256,519552
Jul-2026,MAMU BTP,OVERSIZE 20S MAMU,RED PLUM D20 PDK XL,43296,10,0,0,43296,432960,476256
Agu-2026,MAMU BTP,OVERSIZE 20S MAMU,RED PLUM D20 PDK XL,43296,9,0,0,43296,389664,432960
Sep-2026,MAMU BTP,OVERSIZE 20S MAMU,RED PLUM D20 PDK XL,38966,9,0,0,43296,389664,389664
Okt-2026,MAMU BTP,OVERSIZE 20S MAMU,RED PLUM D20 PDK XL,0,9,0,0,43296,389664,389664
Jan-2026,MAMU BTP,OVERSIZE 20S MAMU,SEAFOAM GREEN D20 PDK 2XL,39991,1,0,0,39991,39991,0
Feb-2026,MAMU BTP,OVERSIZE 20S MAMU,SEAFOAM GREEN D20 PDK 2XL,0,1,0,0,39991,39991,39991
Mar-2026,MAMU BTP,OVERSIZE 20S MAMU,SEAFOAM GREEN D20 PDK 2XL,39991,0,0,0,39991,0,39991
Jan-2026,MAMU BTP,OVERSIZE 20S MAMU,SEAFOAM GREEN D20 PDK L,206285,58,0,0,41257,2392906,0
Feb-2026,MAMU BTP,OVERSIZE 20S MAMU,SEAFOAM GREEN D20 PDK L,0,57,0,0,41257,2351649,2392906
Mar-2026,MAMU BTP,OVERSIZE 20S MAMU,SEAFOAM GREEN D20 PDK L,536341,29,0,0,41257,1196453,2351649
Apr-2026,MAMU BTP,OVERSIZE 20S MAMU,SEAFOAM GREEN D20 PDK L,165028,25,0,0,41257,1031425,1196453
Mei-2026,MAMU BTP,OVERSIZE 20S MAMU,SEAFOAM GREEN D20 PDK L,206285,20,0,0,41257,825140,1031425
Jun-2026,MAMU BTP,OVERSIZE 20S MAMU,SEAFOAM GREEN D20 PDK L,82514,18,0,0,41257,742626,825140
Jul-2026,MAMU BTP,OVERSIZE 20S MAMU,SEAFOAM GREEN D20 PDK L,165028,15,0,0,41257,618855,742626
Agu-2026,MAMU BTP,OVERSIZE 20S MAMU,SEAFOAM GREEN D20 PDK L,206285,11,0,0,41257,453827,618855
Sep-2026,MAMU BTP,OVERSIZE 20S MAMU,SEAFOAM GREEN D20 PDK L,178781,6,0,0,41257,247542,453827
Okt-2026,MAMU BTP,OVERSIZE 20S MAMU,SEAFOAM GREEN D20 PDK L,0,6,0,0,41257,247542,247542
Jan-2026,MAMU BTP,OVERSIZE 20S MAMU,SEAFOAM GREEN D20 PDK M,123834,8,0,0,41278,330224,0
Feb-2026,MAMU BTP,OVERSIZE 20S MAMU,SEAFOAM GREEN D20 PDK M,82556,7,0,0,41278,288946,330224
Mar-2026,MAMU BTP,OVERSIZE 20S MAMU,SEAFOAM GREEN D20 PDK M,247668,0,0,0,41278,0,288946
Sep-2026,MAMU BTP,OVERSIZE 20S MAMU,SEAFOAM GREEN D20 PDK M,0,1,0,0,41278,41278,0
Okt-2026,MAMU BTP,OVERSIZE 20S MAMU,SEAFOAM GREEN D20 PDK M,0,1,0,0,41278,41278,41278
Jan-2026,MAMU BTP,OVERSIZE 20S MAMU,SEAFOAM GREEN D20 PDK XL,41993,35,0,0,41993,1469755,0
Feb-2026,MAMU BTP,OVERSIZE 20S MAMU,SEAFOAM GREEN D20 PDK XL,83986,33,0,0,41993,1385769,1469755
Mar-2026,MAMU BTP,OVERSIZE 20S MAMU,SEAFOAM GREEN D20 PDK XL,251958,13,0,0,41993,545909,1385769
Apr-2026,MAMU BTP,OVERSIZE 20S MAMU,SEAFOAM GREEN D20 PDK XL,167972,9,0,0,41993,377937,545909
Mei-2026,MAMU BTP,OVERSIZE 20S MAMU,SEAFOAM GREEN D20 PDK XL,209965,4,0,0,41993,167972,377937
Jun-2026,MAMU BTP,OVERSIZE 20S MAMU,SEAFOAM GREEN D20 PDK XL,125979,1,0,0,41993,41993,167972
Jul-2026,MAMU BTP,OVERSIZE 20S MAMU,SEAFOAM GREEN D20 PDK XL,41993,0,0,0,41993,0,41993
Mar-2026,MAMU GOWA,OVERSIZE 20S MAMU,ABU TUA D20 PDK 2XL,42971,0,0,0,42971,0,0
Apr-2026,MAMU GOWA,OVERSIZE 20S MAMU,ABU TUA D20 PDK 2XL,0,2,0,0,42971,85942,0
Mei-2026,MAMU GOWA,OVERSIZE 20S MAMU,ABU TUA D20 PDK 2XL,0,2,0,0,42971,85942,85942
Jun-2026,MAMU GOWA,OVERSIZE 20S MAMU,ABU TUA D20 PDK 2XL,42971,1,0,0,42971,42971,85942
Jul-2026,MAMU GOWA,OVERSIZE 20S MAMU,ABU TUA D20 PDK 2XL,42971,0,0,0,42971,0,42971
Okt-2026,MAMU GOWA,OVERSIZE 20S MAMU,ABU TUA D20 PDK 2XL,0,2,0,0,42971,85942,0
Mar-2026,MAMU GOWA,OVERSIZE 20S MAMU,ABU TUA D20 PDK L,618142,3,0,0,44153,132459,0
Apr-2026,MAMU GOWA,OVERSIZE 20S MAMU,ABU TUA D20 PDK L,88306,1,0,0,44153,44153,132459
Mei-2026,MAMU GOWA,OVERSIZE 20S MAMU,ABU TUA D20 PDK L,44153,0,0,0,44153,0,44153
Okt-2026,MAMU GOWA,OVERSIZE 20S MAMU,ABU TUA D20 PDK L,0,2,0,0,44153,88306,0
Mar-2026,MAMU GOWA,OVERSIZE 20S MAMU,ABU TUA D20 PDK M,261228,1,0,0,43538,43538,0
Apr-2026,MAMU GOWA,OVERSIZE 20S MAMU,ABU TUA D20 PDK M,0,0,0,0,43538,0,43538
Mar-2026,MAMU GOWA,OVERSIZE 20S MAMU,ABU TUA D20 PDK S,0,1,0,0,39968,39968,0
Apr-2026,MAMU GOWA,OVERSIZE 20S MAMU,ABU TUA D20 PDK S,0,0,0,0,39968,0,39968
Mar-2026,MAMU GOWA,OVERSIZE 20S MAMU,ABU TUA D20 PDK XL,89808,6,0,0,44904,269424,0
Apr-2026,MAMU GOWA,OVERSIZE 20S MAMU,ABU TUA D20 PDK XL,44904,2,0,0,44904,89808,269424
Mei-2026,MAMU GOWA,OVERSIZE 20S MAMU,ABU TUA D20 PDK XL,0,2,0,0,44904,89808,89808
Jun-2026,MAMU GOWA,OVERSIZE 20S MAMU,ABU TUA D20 PDK XL,89808,0,0,0,44904,0,89808
Okt-2026,MAMU GOWA,OVERSIZE 20S MAMU,ABU TUA D20 PDK XL,0,5,0,0,44904,224520,0
Mar-2026,MAMU GOWA,OVERSIZE 20S MAMU,DENIM BLUE D20 PDK 2XL,209320,0,0,0,41864,0,0
Mar-2026,MAMU GOWA,OVERSIZE 20S MAMU,DENIM BLUE D20 PDK L,434820,17,0,0,43482,739194,0
Apr-2026,MAMU GOWA,OVERSIZE 20S MAMU,DENIM BLUE D20 PDK L,43482,16,0,0,43482,695712,739194
Mei-2026,MAMU GOWA,OVERSIZE 20S MAMU,DENIM BLUE D20 PDK L,0,16,0,0,43482,695712,695712
Jun-2026,MAMU GOWA,OVERSIZE 20S MAMU,DENIM BLUE D20 PDK L,0,16,0,0,43482,695712,695712
Jul-2026,MAMU GOWA,OVERSIZE 20S MAMU,DENIM BLUE D20 PDK L,130446,13,0,0,43482,565266,695712
Agu-2026,MAMU GOWA,OVERSIZE 20S MAMU,DENIM BLUE D20 PDK L,0,13,0,0,43482,565266,565266
Sep-2026,MAMU GOWA,OVERSIZE 20S MAMU,DENIM BLUE D20 PDK L,43482,12,0,0,43482,521784,565266
Okt-2026,MAMU GOWA,OVERSIZE 20S MAMU,DENIM BLUE D20 PDK L,0,12,0,0,43482,521784,521784
Mar-2026,MAMU GOWA,OVERSIZE 20S MAMU,DENIM BLUE D20 PDK M,604198,1,0,0,43157,43157,0
Apr-2026,MAMU GOWA,OVERSIZE 20S MAMU,DENIM BLUE D20 PDK M,43157,0,0,0,43157,0,43157
Okt-2026,MAMU GOWA,OVERSIZE 20S MAMU,DENIM BLUE D20 PDK M,0,1,0,0,43157,43157,0
Okt-2026,MAMU GOWA,OVERSIZE 20S MAMU,DENIM BLUE D20 PDK S,0,1,0,0,38957,38957,0
Mar-2026,MAMU GOWA,OVERSIZE 20S MAMU,DENIM BLUE D20 PDK XL,217705,9,0,0,43541,391869,0
Apr-2026,MAMU GOWA,OVERSIZE 20S MAMU,DENIM BLUE D20 PDK XL,0,8,0,0,43541,348328,391869
Mei-2026,MAMU GOWA,OVERSIZE 20S MAMU,DENIM BLUE D20 PDK XL,87082,6,0,0,43541,261246,348328
Jun-2026,MAMU GOWA,OVERSIZE 20S MAMU,DENIM BLUE D20 PDK XL,0,6,0,0,43541,261246,261246
Jul-2026,MAMU GOWA,OVERSIZE 20S MAMU,DENIM BLUE D20 PDK XL,0,6,0,0,43541,261246,261246
Agu-2026,MAMU GOWA,OVERSIZE 20S MAMU,DENIM BLUE D20 PDK XL,0,6,0,0,43541,261246,261246
Sep-2026,MAMU GOWA,OVERSIZE 20S MAMU,DENIM BLUE D20 PDK XL,43541,5,0,0,43541,217705,261246
Okt-2026,MAMU GOWA,OVERSIZE 20S MAMU,DENIM BLUE D20 PDK XL,0,5,0,0,43541,217705,217705
Mar-2026,MAMU GOWA,OVERSIZE 20S MAMU,JET BLACK D20 PDK 2XL,45890,0,0,0,45890,0,0
Mar-2026,MAMU GOWA,OVERSIZE 20S MAMU,JET BLACK D20 PDK L,0,1,0,0,44820,44820,0
Apr-2026,MAMU GOWA,OVERSIZE 20S MAMU,JET BLACK D20 PDK L,0,0,0,0,44820,0,44820
Okt-2026,MAMU GOWA,OVERSIZE 20S MAMU,JET BLACK D20 PDK M,0,5,0,0,43867,219335,0
Okt-2026,MAMU GOWA,OVERSIZE 20S MAMU,JET BLACK D20 PDK S,0,5,0,0,46998,234990,0
Mar-2026,MAMU GOWA,OVERSIZE 20S MAMU,JET BLACK D20 PDK XL,47576,0,0,0,47576,0,0
Okt-2026,MAMU GOWA,OVERSIZE 20S MAMU,JET BLACK D20 PDK XL,0,2,0,0,47576,95152,0
Mar-2026,MAMU GOWA,OVERSIZE 20S MAMU,MAPPLE BROWN D20 PDK 2XL,35647,0,0,0,35647,0,0
Mar-2026,MAMU GOWA,OVERSIZE 20S MAMU,MAPPLE BROWN D20 PDK L,534404,5,0,0,41108,205540,0
Apr-2026,MAMU GOWA,OVERSIZE 20S MAMU,MAPPLE BROWN D20 PDK L,0,5,0,0,41108,205540,205540
Mei-2026,MAMU GOWA,OVERSIZE 20S MAMU,MAPPLE BROWN D20 PDK L,41108,4,0,0,41108,164432,205540
Jun-2026,MAMU GOWA,OVERSIZE 20S MAMU,MAPPLE BROWN D20 PDK L,41108,2,0,0,41108,82216,164432
Jul-2026,MAMU GOWA,OVERSIZE 20S MAMU,MAPPLE BROWN D20 PDK L,0,3,0,0,41108,123324,82216
Agu-2026,MAMU GOWA,OVERSIZE 20S MAMU,MAPPLE BROWN D20 PDK L,0,6,0,0,41108,246648,123324
Sep-2026,MAMU GOWA,OVERSIZE 20S MAMU,MAPPLE BROWN D20 PDK L,41108,5,0,0,41108,205540,246648
Okt-2026,MAMU GOWA,OVERSIZE 20S MAMU,MAPPLE BROWN D20 PDK L,0,5,0,0,41108,205540,205540
Mar-2026,MAMU GOWA,OVERSIZE 20S MAMU,MAPPLE BROWN D20 PDK M,452089,0,0,0,41099,0,0
Mar-2026,MAMU GOWA,OVERSIZE 20S MAMU,MAPPLE BROWN D20 PDK S,38657,0,0,0,38657,0,0
Mar-2026,MAMU GOWA,OVERSIZE 20S MAMU,MAPPLE BROWN D20 PDK XL,426810,8,0,0,42681,341448,0
Apr-2026,MAMU GOWA,OVERSIZE 20S MAMU,MAPPLE BROWN D20 PDK XL,0,8,0,0,42681,341448,341448
Mei-2026,MAMU GOWA,OVERSIZE 20S MAMU,MAPPLE BROWN D20 PDK XL,42681,7,0,0,42681,298767,341448
Jun-2026,MAMU GOWA,OVERSIZE 20S MAMU,MAPPLE BROWN D20 PDK XL,0,7,0,0,42681,298767,298767
Jul-2026,MAMU GOWA,OVERSIZE 20S MAMU,MAPPLE BROWN D20 PDK XL,0,7,0,0,42681,298767,298767
Agu-2026,MAMU GOWA,OVERSIZE 20S MAMU,MAPPLE BROWN D20 PDK XL,85362,7,0,0,42681,298767,298767
Sep-2026,MAMU GOWA,OVERSIZE 20S MAMU,MAPPLE BROWN D20 PDK XL,42681,5,0,0,42681,213405,298767
Okt-2026,MAMU GOWA,OVERSIZE 20S MAMU,MAPPLE BROWN D20 PDK XL,0,4,0,0,42681,170724,213405
Mar-2026,MAMU GOWA,OVERSIZE 20S MAMU,RED PLUM D20 PDK 2XL,82970,3,0,0,41485,124455,0
Apr-2026,MAMU GOWA,OVERSIZE 20S MAMU,RED PLUM D20 PDK 2XL,41485,2,0,0,41485,82970,124455
Mei-2026,MAMU GOWA,OVERSIZE 20S MAMU,RED PLUM D20 PDK 2XL,0,2,0,0,41485,82970,82970
Jun-2026,MAMU GOWA,OVERSIZE 20S MAMU,RED PLUM D20 PDK 2XL,41485,1,0,0,41485,41485,82970
Jul-2026,MAMU GOWA,OVERSIZE 20S MAMU,RED PLUM D20 PDK 2XL,0,1,0,0,41485,41485,41485
Agu-2026,MAMU GOWA,OVERSIZE 20S MAMU,RED PLUM D20 PDK 2XL,41485,0,0,0,41485,0,41485
Mar-2026,MAMU GOWA,OVERSIZE 20S MAMU,RED PLUM D20 PDK L,386649,5,0,0,42961,214805,0
Apr-2026,MAMU GOWA,OVERSIZE 20S MAMU,RED PLUM D20 PDK L,0,5,0,0,42961,214805,214805
Mei-2026,MAMU GOWA,OVERSIZE 20S MAMU,RED PLUM D20 PDK L,42961,4,0,0,42961,171844,214805
Jun-2026,MAMU GOWA,OVERSIZE 20S MAMU,RED PLUM D20 PDK L,42961,2,0,0,42961,85922,171844
Jul-2026,MAMU GOWA,OVERSIZE 20S MAMU,RED PLUM D20 PDK L,64442,3,0,0,42961,128883,85922
Agu-2026,MAMU GOWA,OVERSIZE 20S MAMU,RED PLUM D20 PDK L,35801,2,0,0,42961,85922,128883
Sep-2026,MAMU GOWA,OVERSIZE 20S MAMU,RED PLUM D20 PDK L,0,2,0,0,42961,85922,85922
Okt-2026,MAMU GOWA,OVERSIZE 20S MAMU,RED PLUM D20 PDK L,0,2,0,0,42961,85922,85922
Mar-2026,MAMU GOWA,OVERSIZE 20S MAMU,RED PLUM D20 PDK M,336448,4,0,0,42056,168224,0
Apr-2026,MAMU GOWA,OVERSIZE 20S MAMU,RED PLUM D20 PDK M,84112,2,0,0,42056,84112,168224
Mei-2026,MAMU GOWA,OVERSIZE 20S MAMU,RED PLUM D20 PDK M,42056,1,0,0,42056,42056,84112
Jun-2026,MAMU GOWA,OVERSIZE 20S MAMU,RED PLUM D20 PDK M,0,1,0,0,42056,42056,42056
Jul-2026,MAMU GOWA,OVERSIZE 20S MAMU,RED PLUM D20 PDK M,0,1,0,0,42056,42056,42056
Agu-2026,MAMU GOWA,OVERSIZE 20S MAMU,RED PLUM D20 PDK M,42056,0,0,0,42056,0,42056
Mar-2026,MAMU GOWA,OVERSIZE 20S MAMU,RED PLUM D20 PDK S,39481,0,0,0,39481,0,0
Mar-2026,MAMU GOWA,OVERSIZE 20S MAMU,RED PLUM D20 PDK XL,216480,5,0,0,43296,216480,0
Apr-2026,MAMU GOWA,OVERSIZE 20S MAMU,RED PLUM D20 PDK XL,0,5,0,0,43296,216480,216480
Mei-2026,MAMU GOWA,OVERSIZE 20S MAMU,RED PLUM D20 PDK XL,0,5,0,0,43296,216480,216480
Jun-2026,MAMU GOWA,OVERSIZE 20S MAMU,RED PLUM D20 PDK XL,0,5,0,0,43296,216480,216480
Jul-2026,MAMU GOWA,OVERSIZE 20S MAMU,RED PLUM D20 PDK XL,86592,3,0,0,43296,129888,216480
Agu-2026,MAMU GOWA,OVERSIZE 20S MAMU,RED PLUM D20 PDK XL,86592,1,0,0,43296,43296,129888
Sep-2026,MAMU GOWA,OVERSIZE 20S MAMU,RED PLUM D20 PDK XL,43296,0,0,0,43296,0,43296
Mar-2026,MAMU GOWA,OVERSIZE 20S MAMU,SEAFOAM GREEN D20 PDK 2XL,0,1,0,0,39991,39991,0
Apr-2026,MAMU GOWA,OVERSIZE 20S MAMU,SEAFOAM GREEN D20 PDK 2XL,0,0,0,0,39991,0,39991
Mar-2026,MAMU GOWA,OVERSIZE 20S MAMU,SEAFOAM GREEN D20 PDK L,536341,4,0,0,41257,165028,0
Apr-2026,MAMU GOWA,OVERSIZE 20S MAMU,SEAFOAM GREEN D20 PDK L,82514,3,0,0,41257,123771,165028
Mei-2026,MAMU GOWA,OVERSIZE 20S MAMU,SEAFOAM GREEN D20 PDK L,82514,2,0,0,41257,82514,123771
Jun-2026,MAMU GOWA,OVERSIZE 20S MAMU,SEAFOAM GREEN D20 PDK L,41257,0,0,0,41257,0,82514
Mar-2026,MAMU GOWA,OVERSIZE 20S MAMU,SEAFOAM GREEN D20 PDK XL,209965,11,0,0,41993,461923,0
Apr-2026,MAMU GOWA,OVERSIZE 20S MAMU,SEAFOAM GREEN D20 PDK XL,0,11,0,0,41993,461923,461923
Mei-2026,MAMU GOWA,OVERSIZE 20S MAMU,SEAFOAM GREEN D20 PDK XL,41993,10,0,0,41993,419930,461923
Jun-2026,MAMU GOWA,OVERSIZE 20S MAMU,SEAFOAM GREEN D20 PDK XL,0,10,0,0,41993,419930,419930
Jul-2026,MAMU GOWA,OVERSIZE 20S MAMU,SEAFOAM GREEN D20 PDK XL,0,10,0,0,41993,419930,419930
Agu-2026,MAMU GOWA,OVERSIZE 20S MAMU,SEAFOAM GREEN D20 PDK XL,41993,9,0,0,41993,377937,419930
Sep-2026,MAMU GOWA,OVERSIZE 20S MAMU,SEAFOAM GREEN D20 PDK XL,0,9,0,0,41993,377937,377937
Okt-2026,MAMU GOWA,OVERSIZE 20S MAMU,SEAFOAM GREEN D20 PDK XL,0,9,0,0,41993,377937,377937
Jul-2026,MAMU KENDARI,OVERSIZE 20S MAMU,DENIM BLUE D20 PDK L,43482,0,0,0,43482,0,0
Jan-2026,MAMU KENDARI,OVERSIZE 20S MAMU,JET BLACK D20 PDK 2XL,0,1,0,0,45890,45890,0
Feb-2026,MAMU KENDARI,OVERSIZE 20S MAMU,JET BLACK D20 PDK 2XL,0,1,0,0,45890,45890,45890
Mar-2026,MAMU KENDARI,OVERSIZE 20S MAMU,JET BLACK D20 PDK 2XL,45890,0,0,0,45890,0,45890
Jan-2026,MAMU KENDARI,OVERSIZE 20S MAMU,JET BLACK D20 PDK L,44820,1,0,0,44820,44820,0
Feb-2026,MAMU KENDARI,OVERSIZE 20S MAMU,JET BLACK D20 PDK L,0,1,0,0,44820,44820,44820
Mar-2026,MAMU KENDARI,OVERSIZE 20S MAMU,JET BLACK D20 PDK L,44820,0,0,0,44820,0,44820
Jul-2026,MAMU KENDARI,OVERSIZE 20S MAMU,JET BLACK D20 PDK L,179280,0,0,0,44820,0,0
Jul-2026,MAMU KENDARI,OVERSIZE 20S MAMU,JET BLACK D20 PDK M,43867,0,0,0,43867,0,0
Jan-2026,MAMU KENDARI,OVERSIZE 20S MAMU,JET BLACK D20 PDK XL,0,1,0,0,47576,47576,0
Feb-2026,MAMU KENDARI,OVERSIZE 20S MAMU,JET BLACK D20 PDK XL,0,1,0,0,47576,47576,47576
Mar-2026,MAMU KENDARI,OVERSIZE 20S MAMU,JET BLACK D20 PDK XL,47576,0,0,0,47576,0,47576
Jul-2026,MAMU KENDARI,OVERSIZE 20S MAMU,JET BLACK D20 PDK XL,237880,0,0,0,47576,0,0
Jan-2026,MAMU KENDARI,OVERSIZE 20S MAMU,MAPPLE BROWN D20 PDK 2XL,0,6,0,0,35647,213882,0
Feb-2026,MAMU KENDARI,OVERSIZE 20S MAMU,MAPPLE BROWN D20 PDK 2XL,0,6,0,0,35647,213882,213882
Mar-2026,MAMU KENDARI,OVERSIZE 20S MAMU,MAPPLE BROWN D20 PDK 2XL,35647,4,0,0,35647,142588,213882
Apr-2026,MAMU KENDARI,OVERSIZE 20S MAMU,MAPPLE BROWN D20 PDK 2XL,0,4,0,0,35647,142588,142588
Mei-2026,MAMU KENDARI,OVERSIZE 20S MAMU,MAPPLE BROWN D20 PDK 2XL,71294,2,0,0,35647,71294,142588
Jun-2026,MAMU KENDARI,OVERSIZE 20S MAMU,MAPPLE BROWN D20 PDK 2XL,0,2,0,0,35647,71294,71294
Jul-2026,MAMU KENDARI,OVERSIZE 20S MAMU,MAPPLE BROWN D20 PDK 2XL,0,2,0,0,35647,71294,71294
Agu-2026,MAMU KENDARI,OVERSIZE 20S MAMU,MAPPLE BROWN D20 PDK 2XL,35647,1,0,0,35647,35647,71294
Sep-2026,MAMU KENDARI,OVERSIZE 20S MAMU,MAPPLE BROWN D20 PDK 2XL,0,1,0,0,35647,35647,35647
Okt-2026,MAMU KENDARI,OVERSIZE 20S MAMU,MAPPLE BROWN D20 PDK 2XL,0,1,0,0,35647,35647,35647
Jan-2026,MAMU KENDARI,OVERSIZE 20S MAMU,RED PLUM D20 PDK 2XL,0,1,0,0,41485,41485,0
Feb-2026,MAMU KENDARI,OVERSIZE 20S MAMU,RED PLUM D20 PDK 2XL,0,1,0,0,41485,41485,41485
Mar-2026,MAMU KENDARI,OVERSIZE 20S MAMU,RED PLUM D20 PDK 2XL,41485,0,0,0,41485,0,41485
Jul-2026,MAMU KENDARI,OVERSIZE 20S MAMU,RED PLUM D20 PDK 2XL,165940,1,0,0,41485,41485,0
Agu-2026,MAMU KENDARI,OVERSIZE 20S MAMU,RED PLUM D20 PDK 2XL,41485,0,0,0,41485,0,41485
Jan-2026,MAMU KENDARI,OVERSIZE 20S MAMU,RED PLUM D20 PDK L,42961,17,0,0,42961,730337,0
Feb-2026,MAMU KENDARI,OVERSIZE 20S MAMU,RED PLUM D20 PDK L,0,17,0,0,42961,730337,730337
Mar-2026,MAMU KENDARI,OVERSIZE 20S MAMU,RED PLUM D20 PDK L,85922,15,0,0,42961,644415,730337
Apr-2026,MAMU KENDARI,OVERSIZE 20S MAMU,RED PLUM D20 PDK L,0,16,0,0,42961,687376,644415
Mei-2026,MAMU KENDARI,OVERSIZE 20S MAMU,RED PLUM D20 PDK L,85922,14,0,0,42961,601454,687376
Jun-2026,MAMU KENDARI,OVERSIZE 20S MAMU,RED PLUM D20 PDK L,85922,12,0,0,42961,515532,601454
Jul-2026,MAMU KENDARI,OVERSIZE 20S MAMU,RED PLUM D20 PDK L,0,12,0,0,42961,515532,515532
Agu-2026,MAMU KENDARI,OVERSIZE 20S MAMU,RED PLUM D20 PDK L,42961,11,0,0,42961,472571,515532
Sep-2026,MAMU KENDARI,OVERSIZE 20S MAMU,RED PLUM D20 PDK L,42961,10,0,0,42961,429610,472571
Okt-2026,MAMU KENDARI,OVERSIZE 20S MAMU,RED PLUM D20 PDK L,0,10,0,0,42961,429610,429610
Jan-2026,MAMU KENDARI,OVERSIZE 20S MAMU,RED PLUM D20 PDK S,0,1,0,0,39481,39481,0
Feb-2026,MAMU KENDARI,OVERSIZE 20S MAMU,RED PLUM D20 PDK S,0,1,0,0,39481,39481,39481
Mar-2026,MAMU KENDARI,OVERSIZE 20S MAMU,RED PLUM D20 PDK S,39481,0,0,0,39481,0,39481
Jan-2026,MAMU KENDARI,OVERSIZE 20S MAMU,SEAFOAM GREEN D20 PDK L,0,15,0,0,41257,618855,0
Feb-2026,MAMU KENDARI,OVERSIZE 20S MAMU,SEAFOAM GREEN D20 PDK L,0,15,0,0,41257,618855,618855
Mar-2026,MAMU KENDARI,OVERSIZE 20S MAMU,SEAFOAM GREEN D20 PDK L,165028,11,0,0,41257,453827,618855
Apr-2026,MAMU KENDARI,OVERSIZE 20S MAMU,SEAFOAM GREEN D20 PDK L,0,10,0,0,41257,412570,453827
Mei-2026,MAMU KENDARI,OVERSIZE 20S MAMU,SEAFOAM GREEN D20 PDK L,0,10,0,0,41257,412570,412570
Jun-2026,MAMU KENDARI,OVERSIZE 20S MAMU,SEAFOAM GREEN D20 PDK L,0,10,0,0,41257,412570,412570
Jul-2026,MAMU KENDARI,OVERSIZE 20S MAMU,SEAFOAM GREEN D20 PDK L,82514,10,0,0,41257,412570,412570
Agu-2026,MAMU KENDARI,OVERSIZE 20S MAMU,SEAFOAM GREEN D20 PDK L,0,9,0,0,41257,371313,412570
Sep-2026,MAMU KENDARI,OVERSIZE 20S MAMU,SEAFOAM GREEN D20 PDK L,41257,8,0,0,41257,330056,371313
Okt-2026,MAMU KENDARI,OVERSIZE 20S MAMU,SEAFOAM GREEN D20 PDK L,0,8,0,0,41257,330056,330056
Jan-2026,MAMU KENDARI,OVERSIZE 20S MAMU,SEAFOAM GREEN D20 PDK M,0,1,0,0,41278,41278,0
Feb-2026,MAMU KENDARI,OVERSIZE 20S MAMU,SEAFOAM GREEN D20 PDK M,0,0,0,0,41278,0,41278
Jan-2026,MAMU MAKASSAR,OVERSIZE 20S MAMU,ABU TUA D20 PDK 2XL,128913,4,0,0,42971,171884,0
Feb-2026,MAMU MAKASSAR,OVERSIZE 20S MAMU,ABU TUA D20 PDK 2XL,85942,0,0,0,42971,0,171884
Apr-2026,MAMU MAKASSAR,OVERSIZE 20S MAMU,ABU TUA D20 PDK 2XL,0,1,0,0,42971,42971,0
Mei-2026,MAMU MAKASSAR,OVERSIZE 20S MAMU,ABU TUA D20 PDK 2XL,42971,1,0,0,42971,42971,42971
Jun-2026,MAMU MAKASSAR,OVERSIZE 20S MAMU,ABU TUA D20 PDK 2XL,0,0,0,0,42971,0,42971
Jan-2026,MAMU MAKASSAR,OVERSIZE 20S MAMU,ABU TUA D20 PDK L,220765,43,0,0,44153,1898579,0
Feb-2026,MAMU MAKASSAR,OVERSIZE 20S MAMU,ABU TUA D20 PDK L,397377,30,0,0,44153,1324590,1898579
Mar-2026,MAMU MAKASSAR,OVERSIZE 20S MAMU,ABU TUA D20 PDK L,1898579,1,0,0,44153,44153,1324590
Apr-2026,MAMU MAKASSAR,OVERSIZE 20S MAMU,ABU TUA D20 PDK L,176612,11,0,0,44153,485683,44153
Mei-2026,MAMU MAKASSAR,OVERSIZE 20S MAMU,ABU TUA D20 PDK L,485683,1,2,0,44153,132459,485683
Jun-2026,MAMU MAKASSAR,OVERSIZE 20S MAMU,ABU TUA D20 PDK L,0,0,0,0,44153,0,132459
Jan-2026,MAMU MAKASSAR,OVERSIZE 20S MAMU,ABU TUA D20 PDK M,522456,9,0,0,43538,391842,0
Feb-2026,MAMU MAKASSAR,OVERSIZE 20S MAMU,ABU TUA D20 PDK M,261228,1,0,0,43538,43538,391842
Mar-2026,MAMU MAKASSAR,OVERSIZE 20S MAMU,ABU TUA D20 PDK M,43538,0,0,0,43538,0,43538
Apr-2026,MAMU MAKASSAR,OVERSIZE 20S MAMU,ABU TUA D20 PDK M,87076,4,0,0,43538,174152,0
Mei-2026,MAMU MAKASSAR,OVERSIZE 20S MAMU,ABU TUA D20 PDK M,174152,1,0,0,43538,43538,174152
Jun-2026,MAMU MAKASSAR,OVERSIZE 20S MAMU,ABU TUA D20 PDK M,0,0,0,0,43538,0,43538
Apr-2026,MAMU MAKASSAR,OVERSIZE 20S MAMU,ABU TUA D20 PDK S,79936,0,0,0,39968,0,0
Jan-2026,MAMU MAKASSAR,OVERSIZE 20S MAMU,ABU TUA D20 PDK XL,224520,18,0,0,44904,808272,0
Feb-2026,MAMU MAKASSAR,OVERSIZE 20S MAMU,ABU TUA D20 PDK XL,269424,8,0,0,44904,359232,808272
Mar-2026,MAMU MAKASSAR,OVERSIZE 20S MAMU,ABU TUA D20 PDK XL,359232,0,0,0,44904,0,359232
Jan-2026,MAMU MAKASSAR,OVERSIZE 20S MAMU,DENIM BLUE D20 PDK 2XL,125592,2,0,0,41864,83728,0
Feb-2026,MAMU MAKASSAR,OVERSIZE 20S MAMU,DENIM BLUE D20 PDK 2XL,41864,0,0,0,41864,0,83728
Mar-2026,MAMU MAKASSAR,OVERSIZE 20S MAMU,DENIM BLUE D20 PDK 2XL,41864,0,0,0,41864,0,0
Apr-2026,MAMU MAKASSAR,OVERSIZE 20S MAMU,DENIM BLUE D20 PDK 2XL,0,1,0,0,41864,41864,0
Mei-2026,MAMU MAKASSAR,OVERSIZE 20S MAMU,DENIM BLUE D20 PDK 2XL,41864,0,0,0,41864,0,41864
Jan-2026,MAMU MAKASSAR,OVERSIZE 20S MAMU,DENIM BLUE D20 PDK L,304374,54,0,0,43482,2348028,0
Feb-2026,MAMU MAKASSAR,OVERSIZE 20S MAMU,DENIM BLUE D20 PDK L,86964,45,0,0,43482,1956690,2348028
Mar-2026,MAMU MAKASSAR,OVERSIZE 20S MAMU,DENIM BLUE D20 PDK L,2130618,2,0,0,43482,86964,1956690
Apr-2026,MAMU MAKASSAR,OVERSIZE 20S MAMU,DENIM BLUE D20 PDK L,173928,10,0,0,43482,434820,86964
Mei-2026,MAMU MAKASSAR,OVERSIZE 20S MAMU,DENIM BLUE D20 PDK L,304374,3,0,0,43482,130446,434820
Jun-2026,MAMU MAKASSAR,OVERSIZE 20S MAMU,DENIM BLUE D20 PDK L,43482,5,0,0,43482,217410,130446
Jul-2026,MAMU MAKASSAR,OVERSIZE 20S MAMU,DENIM BLUE D20 PDK L,43482,4,0,0,43482,173928,217410
Agu-2026,MAMU MAKASSAR,OVERSIZE 20S MAMU,DENIM BLUE D20 PDK L,43482,4,0,0,43482,173928,173928
Sep-2026,MAMU MAKASSAR,OVERSIZE 20S MAMU,DENIM BLUE D20 PDK L,43482,3,0,0,43482,130446,173928
Okt-2026,MAMU MAKASSAR,OVERSIZE 20S MAMU,DENIM BLUE D20 PDK L,0,3,0,0,43482,130446,130446
Jan-2026,MAMU MAKASSAR,OVERSIZE 20S MAMU,DENIM BLUE D20 PDK M,172628,15,0,0,43157,647355,0
Feb-2026,MAMU MAKASSAR,OVERSIZE 20S MAMU,DENIM BLUE D20 PDK M,172628,7,0,0,43157,302099,647355
Mar-2026,MAMU MAKASSAR,OVERSIZE 20S MAMU,DENIM BLUE D20 PDK M,561041,0,0,0,43157,0,302099
Mei-2026,MAMU MAKASSAR,OVERSIZE 20S MAMU,DENIM BLUE D20 PDK M,43157,0,0,0,43157,0,0
Mar-2026,MAMU MAKASSAR,OVERSIZE 20S MAMU,DENIM BLUE D20 PDK S,233742,0,0,0,38957,0,0
Apr-2026,MAMU MAKASSAR,OVERSIZE 20S MAMU,DENIM BLUE D20 PDK S,38957,2,0,0,38957,77914,0
Mei-2026,MAMU MAKASSAR,OVERSIZE 20S MAMU,DENIM BLUE D20 PDK S,38957,0,0,0,38957,0,77914
Jan-2026,MAMU MAKASSAR,OVERSIZE 20S MAMU,DENIM BLUE D20 PDK XL,87082,35,0,0,43541,1523935,0
Feb-2026,MAMU MAKASSAR,OVERSIZE 20S MAMU,DENIM BLUE D20 PDK XL,130623,28,0,0,43541,1219148,1523935
Mar-2026,MAMU MAKASSAR,OVERSIZE 20S MAMU,DENIM BLUE D20 PDK XL,1393312,1,0,0,43541,43541,1219148
Apr-2026,MAMU MAKASSAR,OVERSIZE 20S MAMU,DENIM BLUE D20 PDK XL,43541,0,0,0,43541,0,43541
Mar-2026,MAMU MAKASSAR,OVERSIZE 20S MAMU,JET BLACK D20 PDK L,44820,1,0,0,44820,44820,0
Apr-2026,MAMU MAKASSAR,OVERSIZE 20S MAMU,JET BLACK D20 PDK L,44820,0,0,0,44820,0,44820
Jan-2026,MAMU MAKASSAR,OVERSIZE 20S MAMU,JET BLACK D20 PDK M,307069,0,0,0,43867,0,0
Mar-2026,MAMU MAKASSAR,OVERSIZE 20S MAMU,JET BLACK D20 PDK M,43867,0,0,0,43867,0,0
Okt-2026,MAMU MAKASSAR,OVERSIZE 20S MAMU,JET BLACK D20 PDK M,0,9,0,0,43867,394803,0
Okt-2026,MAMU MAKASSAR,OVERSIZE 20S MAMU,JET BLACK D20 PDK S,0,5,0,0,46998,234990,0
Mar-2026,MAMU MAKASSAR,OVERSIZE 20S MAMU,JET BLACK D20 PDK XL,47576,1,0,0,47576,47576,0
Apr-2026,MAMU MAKASSAR,OVERSIZE 20S MAMU,JET BLACK D20 PDK XL,47576,0,0,0,47576,0,47576
Jan-2026,MAMU MAKASSAR,OVERSIZE 20S MAMU,MAPPLE BROWN D20 PDK 2XL,142588,0,0,0,35647,0,0
Mar-2026,MAMU MAKASSAR,OVERSIZE 20S MAMU,MAPPLE BROWN D20 PDK 2XL,35647,1,0,0,35647,35647,0
Apr-2026,MAMU MAKASSAR,OVERSIZE 20S MAMU,MAPPLE BROWN D20 PDK 2XL,178235,1,0,0,35647,35647,35647
Mei-2026,MAMU MAKASSAR,OVERSIZE 20S MAMU,MAPPLE BROWN D20 PDK 2XL,35647,0,0,0,35647,0,35647
Jan-2026,MAMU MAKASSAR,OVERSIZE 20S MAMU,MAPPLE BROWN D20 PDK L,1438780,18,0,0,41108,739944,0
Feb-2026,MAMU MAKASSAR,OVERSIZE 20S MAMU,MAPPLE BROWN D20 PDK L,82216,12,0,0,41108,493296,739944
Mar-2026,MAMU MAKASSAR,OVERSIZE 20S MAMU,MAPPLE BROWN D20 PDK L,863268,0,0,0,41108,0,493296
Apr-2026,MAMU MAKASSAR,OVERSIZE 20S MAMU,MAPPLE BROWN D20 PDK L,82216,2,0,0,41108,82216,0
Mei-2026,MAMU MAKASSAR,OVERSIZE 20S MAMU,MAPPLE BROWN D20 PDK L,82216,0,0,0,41108,0,82216
Jul-2026,MAMU MAKASSAR,OVERSIZE 20S MAMU,MAPPLE BROWN D20 PDK L,82216,0,0,0,41108,0,0
Agu-2026,MAMU MAKASSAR,OVERSIZE 20S MAMU,MAPPLE BROWN D20 PDK L,164432,0,0,0,41108,0,0
Jan-2026,MAMU MAKASSAR,OVERSIZE 20S MAMU,MAPPLE BROWN D20 PDK M,945277,0,0,0,41099,0,0
Mar-2026,MAMU MAKASSAR,OVERSIZE 20S MAMU,MAPPLE BROWN D20 PDK M,246594,0,0,0,41099,0,0
Apr-2026,MAMU MAKASSAR,OVERSIZE 20S MAMU,MAPPLE BROWN D20 PDK M,82198,4,0,0,41099,164396,0
Mei-2026,MAMU MAKASSAR,OVERSIZE 20S MAMU,MAPPLE BROWN D20 PDK M,164396,0,0,0,41099,0,164396
Apr-2026,MAMU MAKASSAR,OVERSIZE 20S MAMU,MAPPLE BROWN D20 PDK S,0,1,0,0,38657,38657,0
Mei-2026,MAMU MAKASSAR,OVERSIZE 20S MAMU,MAPPLE BROWN D20 PDK S,0,0,0,0,38657,0,38657
Jan-2026,MAMU MAKASSAR,OVERSIZE 20S MAMU,MAPPLE BROWN D20 PDK XL,768258,19,0,0,42681,810939,0
Feb-2026,MAMU MAKASSAR,OVERSIZE 20S MAMU,MAPPLE BROWN D20 PDK XL,170724,13,0,0,42681,554853,810939
Mar-2026,MAMU MAKASSAR,OVERSIZE 20S MAMU,MAPPLE BROWN D20 PDK XL,554853,0,0,0,42681,0,554853
Apr-2026,MAMU MAKASSAR,OVERSIZE 20S MAMU,MAPPLE BROWN D20 PDK XL,85362,0,0,0,42681,0,0
Jan-2026,MAMU MAKASSAR,OVERSIZE 20S MAMU,RED PLUM D20 PDK 2XL,82970,3,0,0,41485,124455,0
Feb-2026,MAMU MAKASSAR,OVERSIZE 20S MAMU,RED PLUM D20 PDK 2XL,0,0,0,0,41485,0,124455
Mar-2026,MAMU MAKASSAR,OVERSIZE 20S MAMU,RED PLUM D20 PDK 2XL,82970,0,0,0,41485,0,0
Apr-2026,MAMU MAKASSAR,OVERSIZE 20S MAMU,RED PLUM D20 PDK 2XL,0,1,0,0,41485,41485,0
Mei-2026,MAMU MAKASSAR,OVERSIZE 20S MAMU,RED PLUM D20 PDK 2XL,41485,0,0,0,41485,0,41485
Jan-2026,MAMU MAKASSAR,OVERSIZE 20S MAMU,RED PLUM D20 PDK L,128883,52,0,0,42961,2233972,0
Feb-2026,MAMU MAKASSAR,OVERSIZE 20S MAMU,RED PLUM D20 PDK L,128883,44,0,0,42961,1890284,2233972
Mar-2026,MAMU MAKASSAR,OVERSIZE 20S MAMU,RED PLUM D20 PDK L,859220,18,0,0,42961,773298,1890284
Apr-2026,MAMU MAKASSAR,OVERSIZE 20S MAMU,RED PLUM D20 PDK L,386649,14,0,0,42961,601454,773298
Mei-2026,MAMU MAKASSAR,OVERSIZE 20S MAMU,RED PLUM D20 PDK L,128883,8,0,0,42961,343688,601454
Jun-2026,MAMU MAKASSAR,OVERSIZE 20S MAMU,RED PLUM D20 PDK L,257766,3,0,0,42961,128883,343688
Jul-2026,MAMU MAKASSAR,OVERSIZE 20S MAMU,RED PLUM D20 PDK L,214805,3,0,0,42961,128883,128883
Agu-2026,MAMU MAKASSAR,OVERSIZE 20S MAMU,RED PLUM D20 PDK L,128883,0,0,0,42961,0,128883
Jan-2026,MAMU MAKASSAR,OVERSIZE 20S MAMU,RED PLUM D20 PDK M,168224,30,0,0,42056,1261680,0
Feb-2026,MAMU MAKASSAR,OVERSIZE 20S MAMU,RED PLUM D20 PDK M,210280,23,0,0,42056,967288,1261680
Mar-2026,MAMU MAKASSAR,OVERSIZE 20S MAMU,RED PLUM D20 PDK M,714952,0,0,0,42056,0,967288
Apr-2026,MAMU MAKASSAR,OVERSIZE 20S MAMU,RED PLUM D20 PDK S,39481,2,0,0,39481,78962,0
Mei-2026,MAMU MAKASSAR,OVERSIZE 20S MAMU,RED PLUM D20 PDK S,39481,0,0,0,39481,0,78962
Jan-2026,MAMU MAKASSAR,OVERSIZE 20S MAMU,RED PLUM D20 PDK XL,86592,28,0,0,43296,1212288,0
Feb-2026,MAMU MAKASSAR,OVERSIZE 20S MAMU,RED PLUM D20 PDK XL,0,26,0,0,43296,1125696,1212288
Mar-2026,MAMU MAKASSAR,OVERSIZE 20S MAMU,RED PLUM D20 PDK XL,692736,4,0,0,43296,173184,1125696
Apr-2026,MAMU MAKASSAR,OVERSIZE 20S MAMU,RED PLUM D20 PDK XL,129888,0,0,0,43296,0,173184
Jan-2026,MAMU MAKASSAR,OVERSIZE 20S MAMU,SEAFOAM GREEN D20 PDK 2XL,119973,0,0,0,39991,0,0
Jan-2026,MAMU MAKASSAR,OVERSIZE 20S MAMU,SEAFOAM GREEN D20 PDK L,206285,43,0,0,41257,1774051,0
Feb-2026,MAMU MAKASSAR,OVERSIZE 20S MAMU,SEAFOAM GREEN D20 PDK L,165028,38,0,0,41257,1567766,1774051
Mar-2026,MAMU MAKASSAR,OVERSIZE 20S MAMU,SEAFOAM GREEN D20 PDK L,990168,14,0,0,41257,577598,1567766
Apr-2026,MAMU MAKASSAR,OVERSIZE 20S MAMU,SEAFOAM GREEN D20 PDK L,165028,10,0,0,41257,412570,577598
Mei-2026,MAMU MAKASSAR,OVERSIZE 20S MAMU,SEAFOAM GREEN D20 PDK L,165028,8,0,0,41257,330056,412570
Jun-2026,MAMU MAKASSAR,OVERSIZE 20S MAMU,SEAFOAM GREEN D20 PDK L,123771,5,0,0,41257,206285,330056
Jul-2026,MAMU MAKASSAR,OVERSIZE 20S MAMU,SEAFOAM GREEN D20 PDK L,165028,2,0,0,41257,82514,206285
Agu-2026,MAMU MAKASSAR,OVERSIZE 20S MAMU,SEAFOAM GREEN D20 PDK L,41257,0,0,0,41257,0,82514
Jan-2026,MAMU MAKASSAR,OVERSIZE 20S MAMU,SEAFOAM GREEN D20 PDK M,123834,12,0,0,41278,495336,0
Feb-2026,MAMU MAKASSAR,OVERSIZE 20S MAMU,SEAFOAM GREEN D20 PDK M,206390,5,0,0,41278,206390,495336
Mar-2026,MAMU MAKASSAR,OVERSIZE 20S MAMU,SEAFOAM GREEN D20 PDK M,206390,0,0,0,41278,0,206390
Jan-2026,MAMU MAKASSAR,OVERSIZE 20S MAMU,SEAFOAM GREEN D20 PDK XL,125979,26,0,0,41993,1091818,0
Feb-2026,MAMU MAKASSAR,OVERSIZE 20S MAMU,SEAFOAM GREEN D20 PDK XL,41993,22,0,0,41993,923846,1091818
Mar-2026,MAMU MAKASSAR,OVERSIZE 20S MAMU,SEAFOAM GREEN D20 PDK XL,881853,0,0,0,41993,0,923846
Jan-2026,MAMU PALOPO,OVERSIZE 20S MAMU,ABU TUA D20 PDK 2XL,0,7,0,0,42971,300797,0
Feb-2026,MAMU PALOPO,OVERSIZE 20S MAMU,ABU TUA D20 PDK 2XL,0,7,0,0,42971,300797,300797
Mar-2026,MAMU PALOPO,OVERSIZE 20S MAMU,ABU TUA D20 PDK 2XL,0,6,0,0,42971,257826,300797
Apr-2026,MAMU PALOPO,OVERSIZE 20S MAMU,ABU TUA D20 PDK 2XL,0,6,0,0,42971,257826,257826
Mei-2026,MAMU PALOPO,OVERSIZE 20S MAMU,ABU TUA D20 PDK 2XL,0,6,0,0,42971,257826,257826
Jun-2026,MAMU PALOPO,OVERSIZE 20S MAMU,ABU TUA D20 PDK 2XL,0,6,0,0,42971,257826,257826
Jul-2026,MAMU PALOPO,OVERSIZE 20S MAMU,ABU TUA D20 PDK 2XL,0,6,0,0,42971,257826,257826
Agu-2026,MAMU PALOPO,OVERSIZE 20S MAMU,ABU TUA D20 PDK 2XL,0,6,0,0,42971,257826,257826
Sep-2026,MAMU PALOPO,OVERSIZE 20S MAMU,ABU TUA D20 PDK 2XL,0,6,0,0,42971,257826,257826
Okt-2026,MAMU PALOPO,OVERSIZE 20S MAMU,ABU TUA D20 PDK 2XL,0,6,0,0,42971,257826,257826
Jan-2026,MAMU PALOPO,OVERSIZE 20S MAMU,ABU TUA D20 PDK L,0,28,0,0,44153,1236284,0
Feb-2026,MAMU PALOPO,OVERSIZE 20S MAMU,ABU TUA D20 PDK L,0,28,0,0,44153,1236284,1236284
Mar-2026,MAMU PALOPO,OVERSIZE 20S MAMU,ABU TUA D20 PDK L,0,15,0,0,44153,662295,1236284
Apr-2026,MAMU PALOPO,OVERSIZE 20S MAMU,ABU TUA D20 PDK L,0,15,0,0,44153,662295,662295
Mei-2026,MAMU PALOPO,OVERSIZE 20S MAMU,ABU TUA D20 PDK L,0,15,0,0,44153,662295,662295
Jun-2026,MAMU PALOPO,OVERSIZE 20S MAMU,ABU TUA D20 PDK L,44153,14,0,0,44153,618142,662295
Jul-2026,MAMU PALOPO,OVERSIZE 20S MAMU,ABU TUA D20 PDK L,0,14,0,0,44153,618142,618142
Agu-2026,MAMU PALOPO,OVERSIZE 20S MAMU,ABU TUA D20 PDK L,0,14,0,0,44153,618142,618142
Sep-2026,MAMU PALOPO,OVERSIZE 20S MAMU,ABU TUA D20 PDK L,44153,13,0,0,44153,573989,618142
Okt-2026,MAMU PALOPO,OVERSIZE 20S MAMU,ABU TUA D20 PDK L,0,13,0,0,44153,573989,573989
Jan-2026,MAMU PALOPO,OVERSIZE 20S MAMU,ABU TUA D20 PDK M,43538,16,0,0,43538,696608,0
Feb-2026,MAMU PALOPO,OVERSIZE 20S MAMU,ABU TUA D20 PDK M,0,16,0,0,43538,696608,696608
Mar-2026,MAMU PALOPO,OVERSIZE 20S MAMU,ABU TUA D20 PDK M,0,13,0,0,43538,565994,696608
Apr-2026,MAMU PALOPO,OVERSIZE 20S MAMU,ABU TUA D20 PDK M,43538,12,0,0,43538,522456,565994
Mei-2026,MAMU PALOPO,OVERSIZE 20S MAMU,ABU TUA D20 PDK M,43538,12,0,0,43538,522456,522456
Jun-2026,MAMU PALOPO,OVERSIZE 20S MAMU,ABU TUA D20 PDK M,0,11,0,0,43538,478918,522456
Jul-2026,MAMU PALOPO,OVERSIZE 20S MAMU,ABU TUA D20 PDK M,0,11,0,0,43538,478918,478918
Agu-2026,MAMU PALOPO,OVERSIZE 20S MAMU,ABU TUA D20 PDK M,43538,11,0,0,43538,478918,478918
Sep-2026,MAMU PALOPO,OVERSIZE 20S MAMU,ABU TUA D20 PDK M,0,10,0,0,43538,435380,478918
Okt-2026,MAMU PALOPO,OVERSIZE 20S MAMU,ABU TUA D20 PDK M,0,10,0,0,43538,435380,435380
Jan-2026,MAMU PALOPO,OVERSIZE 20S MAMU,ABU TUA D20 PDK S,0,5,0,0,39968,199840,0
Feb-2026,MAMU PALOPO,OVERSIZE 20S MAMU,ABU TUA D20 PDK S,0,5,0,0,39968,199840,199840
Mar-2026,MAMU PALOPO,OVERSIZE 20S MAMU,ABU TUA D20 PDK S,0,5,0,0,39968,199840,199840
Apr-2026,MAMU PALOPO,OVERSIZE 20S MAMU,ABU TUA D20 PDK S,0,5,0,0,39968,199840,199840
Mei-2026,MAMU PALOPO,OVERSIZE 20S MAMU,ABU TUA D20 PDK S,39968,4,0,0,39968,159872,199840
Jun-2026,MAMU PALOPO,OVERSIZE 20S MAMU,ABU TUA D20 PDK S,0,4,0,0,39968,159872,159872
Jul-2026,MAMU PALOPO,OVERSIZE 20S MAMU,ABU TUA D20 PDK S,0,4,0,0,39968,159872,159872
Agu-2026,MAMU PALOPO,OVERSIZE 20S MAMU,ABU TUA D20 PDK S,0,4,0,0,39968,159872,159872
Sep-2026,MAMU PALOPO,OVERSIZE 20S MAMU,ABU TUA D20 PDK S,39968,3,0,0,39968,119904,159872
Okt-2026,MAMU PALOPO,OVERSIZE 20S MAMU,ABU TUA D20 PDK S,0,3,0,0,39968,119904,119904
Jan-2026,MAMU PALOPO,OVERSIZE 20S MAMU,ABU TUA D20 PDK XL,44904,13,0,0,44904,583752,0
Feb-2026,MAMU PALOPO,OVERSIZE 20S MAMU,ABU TUA D20 PDK XL,0,13,0,0,44904,583752,583752
Mar-2026,MAMU PALOPO,OVERSIZE 20S MAMU,ABU TUA D20 PDK XL,89808,11,0,0,44904,493944,583752
Apr-2026,MAMU PALOPO,OVERSIZE 20S MAMU,ABU TUA D20 PDK XL,0,11,0,0,44904,493944,493944
Mei-2026,MAMU PALOPO,OVERSIZE 20S MAMU,ABU TUA D20 PDK XL,0,11,0,0,44904,493944,493944
Jun-2026,MAMU PALOPO,OVERSIZE 20S MAMU,ABU TUA D20 PDK XL,0,11,0,0,44904,493944,493944
Jul-2026,MAMU PALOPO,OVERSIZE 20S MAMU,ABU TUA D20 PDK XL,0,11,0,0,44904,493944,493944
Agu-2026,MAMU PALOPO,OVERSIZE 20S MAMU,ABU TUA D20 PDK XL,0,11,0,0,44904,493944,493944
Sep-2026,MAMU PALOPO,OVERSIZE 20S MAMU,ABU TUA D20 PDK XL,0,11,0,0,44904,493944,493944
Okt-2026,MAMU PALOPO,OVERSIZE 20S MAMU,ABU TUA D20 PDK XL,0,11,0,0,44904,493944,493944
Jan-2026,MAMU PALOPO,OVERSIZE 20S MAMU,DENIM BLUE D20 PDK 2XL,0,7,0,0,41864,293048,0
Feb-2026,MAMU PALOPO,OVERSIZE 20S MAMU,DENIM BLUE D20 PDK 2XL,0,7,0,0,41864,293048,293048
Mar-2026,MAMU PALOPO,OVERSIZE 20S MAMU,DENIM BLUE D20 PDK 2XL,0,6,0,0,41864,251184,293048
Apr-2026,MAMU PALOPO,OVERSIZE 20S MAMU,DENIM BLUE D20 PDK 2XL,0,6,0,0,41864,251184,251184
Mei-2026,MAMU PALOPO,OVERSIZE 20S MAMU,DENIM BLUE D20 PDK 2XL,0,6,0,0,41864,251184,251184
Jun-2026,MAMU PALOPO,OVERSIZE 20S MAMU,DENIM BLUE D20 PDK 2XL,0,6,0,0,41864,251184,251184
Jul-2026,MAMU PALOPO,OVERSIZE 20S MAMU,DENIM BLUE D20 PDK 2XL,0,6,0,0,41864,251184,251184
Agu-2026,MAMU PALOPO,OVERSIZE 20S MAMU,DENIM BLUE D20 PDK 2XL,0,6,0,0,41864,251184,251184
Sep-2026,MAMU PALOPO,OVERSIZE 20S MAMU,DENIM BLUE D20 PDK 2XL,0,6,0,0,41864,251184,251184
Okt-2026,MAMU PALOPO,OVERSIZE 20S MAMU,DENIM BLUE D20 PDK 2XL,0,6,0,0,41864,251184,251184
Jan-2026,MAMU PALOPO,OVERSIZE 20S MAMU,DENIM BLUE D20 PDK L,0,22,0,0,43482,956604,0
Feb-2026,MAMU PALOPO,OVERSIZE 20S MAMU,DENIM BLUE D20 PDK L,0,22,0,0,43482,956604,956604
Mar-2026,MAMU PALOPO,OVERSIZE 20S MAMU,DENIM BLUE D20 PDK L,86964,13,0,0,43482,565266,956604
Apr-2026,MAMU PALOPO,OVERSIZE 20S MAMU,DENIM BLUE D20 PDK L,0,13,0,0,43482,565266,565266
Mei-2026,MAMU PALOPO,OVERSIZE 20S MAMU,DENIM BLUE D20 PDK L,43482,12,0,0,43482,521784,565266
Jun-2026,MAMU PALOPO,OVERSIZE 20S MAMU,DENIM BLUE D20 PDK L,0,12,0,0,43482,521784,521784
Jul-2026,MAMU PALOPO,OVERSIZE 20S MAMU,DENIM BLUE D20 PDK L,0,11,0,0,43482,478302,521784
Agu-2026,MAMU PALOPO,OVERSIZE 20S MAMU,DENIM BLUE D20 PDK L,0,11,0,0,43482,478302,478302
Sep-2026,MAMU PALOPO,OVERSIZE 20S MAMU,DENIM BLUE D20 PDK L,43482,10,0,0,43482,434820,478302
Okt-2026,MAMU PALOPO,OVERSIZE 20S MAMU,DENIM BLUE D20 PDK L,0,10,0,0,43482,434820,434820
Jan-2026,MAMU PALOPO,OVERSIZE 20S MAMU,DENIM BLUE D20 PDK M,0,12,0,0,43157,517884,0
Feb-2026,MAMU PALOPO,OVERSIZE 20S MAMU,DENIM BLUE D20 PDK M,0,12,0,0,43157,517884,517884
Mar-2026,MAMU PALOPO,OVERSIZE 20S MAMU,DENIM BLUE D20 PDK M,43157,9,0,0,43157,388413,517884
Apr-2026,MAMU PALOPO,OVERSIZE 20S MAMU,DENIM BLUE D20 PDK M,43157,8,0,0,43157,345256,388413
Mei-2026,MAMU PALOPO,OVERSIZE 20S MAMU,DENIM BLUE D20 PDK M,43157,7,0,0,43157,302099,345256
Jun-2026,MAMU PALOPO,OVERSIZE 20S MAMU,DENIM BLUE D20 PDK M,43157,6,0,0,43157,258942,302099
Jul-2026,MAMU PALOPO,OVERSIZE 20S MAMU,DENIM BLUE D20 PDK M,0,6,0,0,43157,258942,258942
Agu-2026,MAMU PALOPO,OVERSIZE 20S MAMU,DENIM BLUE D20 PDK M,86314,5,0,0,43157,215785,258942
Sep-2026,MAMU PALOPO,OVERSIZE 20S MAMU,DENIM BLUE D20 PDK M,43157,3,0,0,43157,129471,215785
Okt-2026,MAMU PALOPO,OVERSIZE 20S MAMU,DENIM BLUE D20 PDK M,0,3,0,0,43157,129471,129471
Jan-2026,MAMU PALOPO,OVERSIZE 20S MAMU,DENIM BLUE D20 PDK S,0,6,0,0,38957,233742,0
Feb-2026,MAMU PALOPO,OVERSIZE 20S MAMU,DENIM BLUE D20 PDK S,0,6,0,0,38957,233742,233742
Mar-2026,MAMU PALOPO,OVERSIZE 20S MAMU,DENIM BLUE D20 PDK S,0,0,0,0,38957,0,233742
Jan-2026,MAMU PALOPO,OVERSIZE 20S MAMU,DENIM BLUE D20 PDK XL,0,11,0,0,43541,478951,0
Feb-2026,MAMU PALOPO,OVERSIZE 20S MAMU,DENIM BLUE D20 PDK XL,0,11,0,0,43541,478951,478951
Mar-2026,MAMU PALOPO,OVERSIZE 20S MAMU,DENIM BLUE D20 PDK XL,43541,10,0,0,43541,435410,478951
Apr-2026,MAMU PALOPO,OVERSIZE 20S MAMU,DENIM BLUE D20 PDK XL,0,10,0,0,43541,435410,435410
Mei-2026,MAMU PALOPO,OVERSIZE 20S MAMU,DENIM BLUE D20 PDK XL,0,10,0,0,43541,435410,435410
Jun-2026,MAMU PALOPO,OVERSIZE 20S MAMU,DENIM BLUE D20 PDK XL,0,10,0,0,43541,435410,435410
Jul-2026,MAMU PALOPO,OVERSIZE 20S MAMU,DENIM BLUE D20 PDK XL,0,10,0,0,43541,435410,435410
Agu-2026,MAMU PALOPO,OVERSIZE 20S MAMU,DENIM BLUE D20 PDK XL,0,10,0,0,43541,435410,435410
Sep-2026,MAMU PALOPO,OVERSIZE 20S MAMU,DENIM BLUE D20 PDK XL,43541,9,0,0,43541,391869,435410
Okt-2026,MAMU PALOPO,OVERSIZE 20S MAMU,DENIM BLUE D20 PDK XL,0,9,0,0,43541,391869,391869
Jan-2026,MAMU PALOPO,OVERSIZE 20S MAMU,JET BLACK D20 PDK 2XL,0,3,0,0,45890,137670,0
Feb-2026,MAMU PALOPO,OVERSIZE 20S MAMU,JET BLACK D20 PDK 2XL,0,3,0,0,45890,137670,137670
Mar-2026,MAMU PALOPO,OVERSIZE 20S MAMU,JET BLACK D20 PDK 2XL,91780,1,0,0,45890,45890,137670
Apr-2026,MAMU PALOPO,OVERSIZE 20S MAMU,JET BLACK D20 PDK 2XL,0,1,0,0,45890,45890,45890
Mei-2026,MAMU PALOPO,OVERSIZE 20S MAMU,JET BLACK D20 PDK 2XL,0,1,0,0,45890,45890,45890
Jun-2026,MAMU PALOPO,OVERSIZE 20S MAMU,JET BLACK D20 PDK 2XL,0,1,0,0,45890,45890,45890
Jul-2026,MAMU PALOPO,OVERSIZE 20S MAMU,JET BLACK D20 PDK 2XL,45890,0,0,0,45890,0,45890
Agu-2026,MAMU PALOPO,OVERSIZE 20S MAMU,JET BLACK D20 PDK 2XL,0,1,0,0,45890,45890,0
Sep-2026,MAMU PALOPO,OVERSIZE 20S MAMU,JET BLACK D20 PDK 2XL,0,0,0,0,45890,0,45890
Jan-2026,MAMU PALOPO,OVERSIZE 20S MAMU,JET BLACK D20 PDK L,134460,14,0,0,44820,627480,0
Feb-2026,MAMU PALOPO,OVERSIZE 20S MAMU,JET BLACK D20 PDK L,0,13,0,0,44820,582660,627480
Mar-2026,MAMU PALOPO,OVERSIZE 20S MAMU,JET BLACK D20 PDK L,268920,5,0,0,44820,224100,582660
Apr-2026,MAMU PALOPO,OVERSIZE 20S MAMU,JET BLACK D20 PDK L,0,5,0,0,44820,224100,224100
Mei-2026,MAMU PALOPO,OVERSIZE 20S MAMU,JET BLACK D20 PDK L,0,5,0,0,44820,224100,224100
Jun-2026,MAMU PALOPO,OVERSIZE 20S MAMU,JET BLACK D20 PDK L,0,4,0,0,44820,179280,224100
Jul-2026,MAMU PALOPO,OVERSIZE 20S MAMU,JET BLACK D20 PDK L,0,0,0,0,44820,0,179280
Jan-2026,MAMU PALOPO,OVERSIZE 20S MAMU,JET BLACK D20 PDK M,0,4,0,0,43867,175468,0
Feb-2026,MAMU PALOPO,OVERSIZE 20S MAMU,JET BLACK D20 PDK M,0,4,0,0,43867,175468,175468
Mar-2026,MAMU PALOPO,OVERSIZE 20S MAMU,JET BLACK D20 PDK M,131601,1,0,0,43867,43867,175468
Apr-2026,MAMU PALOPO,OVERSIZE 20S MAMU,JET BLACK D20 PDK M,0,1,0,0,43867,43867,43867
Mei-2026,MAMU PALOPO,OVERSIZE 20S MAMU,JET BLACK D20 PDK M,0,1,0,0,43867,43867,43867
Jun-2026,MAMU PALOPO,OVERSIZE 20S MAMU,JET BLACK D20 PDK M,0,1,0,0,43867,43867,43867
Jul-2026,MAMU PALOPO,OVERSIZE 20S MAMU,JET BLACK D20 PDK M,0,0,0,0,43867,0,43867
Jan-2026,MAMU PALOPO,OVERSIZE 20S MAMU,JET BLACK D20 PDK XL,0,10,0,0,47576,475760,0
Feb-2026,MAMU PALOPO,OVERSIZE 20S MAMU,JET BLACK D20 PDK XL,0,10,0,0,47576,475760,475760
Mar-2026,MAMU PALOPO,OVERSIZE 20S MAMU,JET BLACK D20 PDK XL,0,9,0,0,47576,428184,475760
Apr-2026,MAMU PALOPO,OVERSIZE 20S MAMU,JET BLACK D20 PDK XL,0,9,0,0,47576,428184,428184
Mei-2026,MAMU PALOPO,OVERSIZE 20S MAMU,JET BLACK D20 PDK XL,47576,8,0,0,47576,380608,428184
Jun-2026,MAMU PALOPO,OVERSIZE 20S MAMU,JET BLACK D20 PDK XL,142728,5,0,0,47576,237880,380608
Jul-2026,MAMU PALOPO,OVERSIZE 20S MAMU,JET BLACK D20 PDK XL,0,0,0,0,47576,0,237880
Jan-2026,MAMU PALOPO,OVERSIZE 20S MAMU,MAPPLE BROWN D20 PDK 2XL,0,8,0,0,35647,285176,0
Feb-2026,MAMU PALOPO,OVERSIZE 20S MAMU,MAPPLE BROWN D20 PDK 2XL,0,8,0,0,35647,285176,285176
Mar-2026,MAMU PALOPO,OVERSIZE 20S MAMU,MAPPLE BROWN D20 PDK 2XL,0,7,0,0,35647,249529,285176
Apr-2026,MAMU PALOPO,OVERSIZE 20S MAMU,MAPPLE BROWN D20 PDK 2XL,0,7,0,0,35647,249529,249529
Mei-2026,MAMU PALOPO,OVERSIZE 20S MAMU,MAPPLE BROWN D20 PDK 2XL,0,7,0,0,35647,249529,249529
Jun-2026,MAMU PALOPO,OVERSIZE 20S MAMU,MAPPLE BROWN D20 PDK 2XL,0,7,0,0,35647,249529,249529
Jul-2026,MAMU PALOPO,OVERSIZE 20S MAMU,MAPPLE BROWN D20 PDK 2XL,0,7,0,0,35647,249529,249529
Agu-2026,MAMU PALOPO,OVERSIZE 20S MAMU,MAPPLE BROWN D20 PDK 2XL,0,7,0,0,35647,249529,249529
Sep-2026,MAMU PALOPO,OVERSIZE 20S MAMU,MAPPLE BROWN D20 PDK 2XL,0,7,0,0,35647,249529,249529
Okt-2026,MAMU PALOPO,OVERSIZE 20S MAMU,MAPPLE BROWN D20 PDK 2XL,0,7,0,0,35647,249529,249529
Jan-2026,MAMU PALOPO,OVERSIZE 20S MAMU,MAPPLE BROWN D20 PDK L,41108,27,0,0,41108,1109916,0
Feb-2026,MAMU PALOPO,OVERSIZE 20S MAMU,MAPPLE BROWN D20 PDK L,0,27,0,0,41108,1109916,1109916
Mar-2026,MAMU PALOPO,OVERSIZE 20S MAMU,MAPPLE BROWN D20 PDK L,123324,12,0,0,41108,493296,1109916
Apr-2026,MAMU PALOPO,OVERSIZE 20S MAMU,MAPPLE BROWN D20 PDK L,41108,11,0,0,41108,452188,493296
Mei-2026,MAMU PALOPO,OVERSIZE 20S MAMU,MAPPLE BROWN D20 PDK L,0,11,0,0,41108,452188,452188
Jun-2026,MAMU PALOPO,OVERSIZE 20S MAMU,MAPPLE BROWN D20 PDK L,0,11,0,0,41108,452188,452188
Jul-2026,MAMU PALOPO,OVERSIZE 20S MAMU,MAPPLE BROWN D20 PDK L,0,11,0,0,41108,452188,452188
Agu-2026,MAMU PALOPO,OVERSIZE 20S MAMU,MAPPLE BROWN D20 PDK L,0,11,0,0,41108,452188,452188
Sep-2026,MAMU PALOPO,OVERSIZE 20S MAMU,MAPPLE BROWN D20 PDK L,41108,10,0,0,41108,411080,452188
Okt-2026,MAMU PALOPO,OVERSIZE 20S MAMU,MAPPLE BROWN D20 PDK L,0,10,0,0,41108,411080,411080
Jan-2026,MAMU PALOPO,OVERSIZE 20S MAMU,MAPPLE BROWN D20 PDK M,0,15,0,0,41099,616485,0
Feb-2026,MAMU PALOPO,OVERSIZE 20S MAMU,MAPPLE BROWN D20 PDK M,0,15,0,0,41099,616485,616485
Mar-2026,MAMU PALOPO,OVERSIZE 20S MAMU,MAPPLE BROWN D20 PDK M,123297,10,0,0,41099,410990,616485
Apr-2026,MAMU PALOPO,OVERSIZE 20S MAMU,MAPPLE BROWN D20 PDK M,41099,9,0,0,41099,369891,410990
Mei-2026,MAMU PALOPO,OVERSIZE 20S MAMU,MAPPLE BROWN D20 PDK M,0,9,0,0,41099,369891,369891
Jun-2026,MAMU PALOPO,OVERSIZE 20S MAMU,MAPPLE BROWN D20 PDK M,0,9,0,0,41099,369891,369891
Jul-2026,MAMU PALOPO,OVERSIZE 20S MAMU,MAPPLE BROWN D20 PDK M,0,9,0,0,41099,369891,369891
Agu-2026,MAMU PALOPO,OVERSIZE 20S MAMU,MAPPLE BROWN D20 PDK M,0,9,0,0,41099,369891,369891
Sep-2026,MAMU PALOPO,OVERSIZE 20S MAMU,MAPPLE BROWN D20 PDK M,0,9,0,0,41099,369891,369891
Okt-2026,MAMU PALOPO,OVERSIZE 20S MAMU,MAPPLE BROWN D20 PDK M,0,9,0,0,41099,369891,369891
Jan-2026,MAMU PALOPO,OVERSIZE 20S MAMU,MAPPLE BROWN D20 PDK S,0,5,0,0,38657,193285,0
Feb-2026,MAMU PALOPO,OVERSIZE 20S MAMU,MAPPLE BROWN D20 PDK S,0,5,0,0,38657,193285,193285
Mar-2026,MAMU PALOPO,OVERSIZE 20S MAMU,MAPPLE BROWN D20 PDK S,0,5,0,0,38657,193285,193285
Apr-2026,MAMU PALOPO,OVERSIZE 20S MAMU,MAPPLE BROWN D20 PDK S,0,5,0,0,38657,193285,193285
Mei-2026,MAMU PALOPO,OVERSIZE 20S MAMU,MAPPLE BROWN D20 PDK S,0,5,0,0,38657,193285,193285
Jun-2026,MAMU PALOPO,OVERSIZE 20S MAMU,MAPPLE BROWN D20 PDK S,0,5,0,0,38657,193285,193285
Jul-2026,MAMU PALOPO,OVERSIZE 20S MAMU,MAPPLE BROWN D20 PDK S,0,5,0,0,38657,193285,193285
Agu-2026,MAMU PALOPO,OVERSIZE 20S MAMU,MAPPLE BROWN D20 PDK S,77314,3,0,0,38657,115971,193285
Sep-2026,MAMU PALOPO,OVERSIZE 20S MAMU,MAPPLE BROWN D20 PDK S,0,3,0,0,38657,115971,115971
Okt-2026,MAMU PALOPO,OVERSIZE 20S MAMU,MAPPLE BROWN D20 PDK S,0,3,0,0,38657,115971,115971
Jan-2026,MAMU PALOPO,OVERSIZE 20S MAMU,MAPPLE BROWN D20 PDK XL,0,18,0,0,42681,768258,0
Feb-2026,MAMU PALOPO,OVERSIZE 20S MAMU,MAPPLE BROWN D20 PDK XL,0,18,0,0,42681,768258,768258
Mar-2026,MAMU PALOPO,OVERSIZE 20S MAMU,MAPPLE BROWN D20 PDK XL,42681,14,0,0,42681,597534,768258
Apr-2026,MAMU PALOPO,OVERSIZE 20S MAMU,MAPPLE BROWN D20 PDK XL,0,14,0,0,42681,597534,597534
Mei-2026,MAMU PALOPO,OVERSIZE 20S MAMU,MAPPLE BROWN D20 PDK XL,0,14,0,0,42681,597534,597534
Jun-2026,MAMU PALOPO,OVERSIZE 20S MAMU,MAPPLE BROWN D20 PDK XL,0,14,0,0,42681,597534,597534
Jul-2026,MAMU PALOPO,OVERSIZE 20S MAMU,MAPPLE BROWN D20 PDK XL,0,14,0,0,42681,597534,597534
Agu-2026,MAMU PALOPO,OVERSIZE 20S MAMU,MAPPLE BROWN D20 PDK XL,0,14,0,0,42681,597534,597534
Sep-2026,MAMU PALOPO,OVERSIZE 20S MAMU,MAPPLE BROWN D20 PDK XL,42681,13,0,0,42681,554853,597534
Okt-2026,MAMU PALOPO,OVERSIZE 20S MAMU,MAPPLE BROWN D20 PDK XL,0,13,0,0,42681,554853,554853
Jan-2026,MAMU PALOPO,OVERSIZE 20S MAMU,RED PLUM D20 PDK 2XL,0,6,0,0,41485,248910,0
Feb-2026,MAMU PALOPO,OVERSIZE 20S MAMU,RED PLUM D20 PDK 2XL,0,6,0,0,41485,248910,248910
Mar-2026,MAMU PALOPO,OVERSIZE 20S MAMU,RED PLUM D20 PDK 2XL,0,5,0,0,41485,207425,248910
Apr-2026,MAMU PALOPO,OVERSIZE 20S MAMU,RED PLUM D20 PDK 2XL,0,5,0,0,41485,207425,207425
Mei-2026,MAMU PALOPO,OVERSIZE 20S MAMU,RED PLUM D20 PDK 2XL,0,5,0,0,41485,207425,207425
Jun-2026,MAMU PALOPO,OVERSIZE 20S MAMU,RED PLUM D20 PDK 2XL,0,5,0,0,41485,207425,207425
Jul-2026,MAMU PALOPO,OVERSIZE 20S MAMU,RED PLUM D20 PDK 2XL,0,5,0,0,41485,207425,207425
Agu-2026,MAMU PALOPO,OVERSIZE 20S MAMU,RED PLUM D20 PDK 2XL,0,5,0,0,41485,207425,207425
Sep-2026,MAMU PALOPO,OVERSIZE 20S MAMU,RED PLUM D20 PDK 2XL,0,5,0,0,41485,207425,207425
Okt-2026,MAMU PALOPO,OVERSIZE 20S MAMU,RED PLUM D20 PDK 2XL,0,5,0,0,41485,207425,207425
Jan-2026,MAMU PALOPO,OVERSIZE 20S MAMU,RED PLUM D20 PDK L,0,1,0,0,42961,42961,0
Feb-2026,MAMU PALOPO,OVERSIZE 20S MAMU,RED PLUM D20 PDK L,0,1,0,0,42961,42961,42961
Mar-2026,MAMU PALOPO,OVERSIZE 20S MAMU,RED PLUM D20 PDK L,42961,0,0,0,42961,0,42961
Jan-2026,MAMU PALOPO,OVERSIZE 20S MAMU,RED PLUM D20 PDK M,0,18,0,0,42056,757008,0
Feb-2026,MAMU PALOPO,OVERSIZE 20S MAMU,RED PLUM D20 PDK M,0,18,0,0,42056,757008,757008
Mar-2026,MAMU PALOPO,OVERSIZE 20S MAMU,RED PLUM D20 PDK M,126168,12,0,0,42056,504672,757008
Apr-2026,MAMU PALOPO,OVERSIZE 20S MAMU,RED PLUM D20 PDK M,42056,11,0,0,42056,462616,504672
Mei-2026,MAMU PALOPO,OVERSIZE 20S MAMU,RED PLUM D20 PDK M,42056,10,0,0,42056,420560,462616
Jun-2026,MAMU PALOPO,OVERSIZE 20S MAMU,RED PLUM D20 PDK M,0,10,0,0,42056,420560,420560
Jul-2026,MAMU PALOPO,OVERSIZE 20S MAMU,RED PLUM D20 PDK M,84112,9,0,0,42056,378504,420560
Agu-2026,MAMU PALOPO,OVERSIZE 20S MAMU,RED PLUM D20 PDK M,0,8,0,0,42056,336448,378504
Sep-2026,MAMU PALOPO,OVERSIZE 20S MAMU,RED PLUM D20 PDK M,0,8,0,0,42056,336448,336448
Okt-2026,MAMU PALOPO,OVERSIZE 20S MAMU,RED PLUM D20 PDK M,0,8,0,0,42056,336448,336448
Jan-2026,MAMU PALOPO,OVERSIZE 20S MAMU,RED PLUM D20 PDK S,0,6,0,0,39481,236886,0
Feb-2026,MAMU PALOPO,OVERSIZE 20S MAMU,RED PLUM D20 PDK S,0,6,0,0,39481,236886,236886
Mar-2026,MAMU PALOPO,OVERSIZE 20S MAMU,RED PLUM D20 PDK S,78962,3,0,0,39481,118443,236886
Apr-2026,MAMU PALOPO,OVERSIZE 20S MAMU,RED PLUM D20 PDK S,0,3,0,0,39481,118443,118443
Mei-2026,MAMU PALOPO,OVERSIZE 20S MAMU,RED PLUM D20 PDK S,0,3,0,0,39481,118443,118443
Jun-2026,MAMU PALOPO,OVERSIZE 20S MAMU,RED PLUM D20 PDK S,0,3,0,0,39481,118443,118443
Jul-2026,MAMU PALOPO,OVERSIZE 20S MAMU,RED PLUM D20 PDK S,0,3,0,0,39481,118443,118443
Agu-2026,MAMU PALOPO,OVERSIZE 20S MAMU,RED PLUM D20 PDK S,0,3,0,0,39481,118443,118443
Sep-2026,MAMU PALOPO,OVERSIZE 20S MAMU,RED PLUM D20 PDK S,0,3,0,0,39481,118443,118443
Okt-2026,MAMU PALOPO,OVERSIZE 20S MAMU,RED PLUM D20 PDK S,0,3,0,0,39481,118443,118443
Jan-2026,MAMU PALOPO,OVERSIZE 20S MAMU,RED PLUM D20 PDK XL,0,16,0,0,43296,692736,0
Feb-2026,MAMU PALOPO,OVERSIZE 20S MAMU,RED PLUM D20 PDK XL,0,16,0,0,43296,692736,692736
Mar-2026,MAMU PALOPO,OVERSIZE 20S MAMU,RED PLUM D20 PDK XL,43296,14,0,0,43296,606144,692736
Apr-2026,MAMU PALOPO,OVERSIZE 20S MAMU,RED PLUM D20 PDK XL,0,14,0,0,43296,606144,606144
Mei-2026,MAMU PALOPO,OVERSIZE 20S MAMU,RED PLUM D20 PDK XL,0,14,0,0,43296,606144,606144
Jun-2026,MAMU PALOPO,OVERSIZE 20S MAMU,RED PLUM D20 PDK XL,0,14,0,0,43296,606144,606144
Jul-2026,MAMU PALOPO,OVERSIZE 20S MAMU,RED PLUM D20 PDK XL,0,14,0,0,43296,606144,606144
Agu-2026,MAMU PALOPO,OVERSIZE 20S MAMU,RED PLUM D20 PDK XL,0,14,0,0,43296,606144,606144
Sep-2026,MAMU PALOPO,OVERSIZE 20S MAMU,RED PLUM D20 PDK XL,0,14,0,0,43296,606144,606144
Okt-2026,MAMU PALOPO,OVERSIZE 20S MAMU,RED PLUM D20 PDK XL,0,14,0,0,43296,606144,606144
Jan-2026,MAMU PALOPO,OVERSIZE 20S MAMU,SEAFOAM GREEN D20 PDK 2XL,0,2,0,0,39991,79982,0
Feb-2026,MAMU PALOPO,OVERSIZE 20S MAMU,SEAFOAM GREEN D20 PDK 2XL,0,2,0,0,39991,79982,79982
Mar-2026,MAMU PALOPO,OVERSIZE 20S MAMU,SEAFOAM GREEN D20 PDK 2XL,0,2,0,0,39991,79982,79982
Apr-2026,MAMU PALOPO,OVERSIZE 20S MAMU,SEAFOAM GREEN D20 PDK 2XL,0,2,0,0,39991,79982,79982
Mei-2026,MAMU PALOPO,OVERSIZE 20S MAMU,SEAFOAM GREEN D20 PDK 2XL,0,2,0,0,39991,79982,79982
Jun-2026,MAMU PALOPO,OVERSIZE 20S MAMU,SEAFOAM GREEN D20 PDK 2XL,0,2,0,0,39991,79982,79982
Jul-2026,MAMU PALOPO,OVERSIZE 20S MAMU,SEAFOAM GREEN D20 PDK 2XL,0,2,0,0,39991,79982,79982
Agu-2026,MAMU PALOPO,OVERSIZE 20S MAMU,SEAFOAM GREEN D20 PDK 2XL,0,2,0,0,39991,79982,79982
Sep-2026,MAMU PALOPO,OVERSIZE 20S MAMU,SEAFOAM GREEN D20 PDK 2XL,0,2,0,0,39991,79982,79982
Okt-2026,MAMU PALOPO,OVERSIZE 20S MAMU,SEAFOAM GREEN D20 PDK 2XL,0,2,0,0,39991,79982,79982
Jan-2026,MAMU PALOPO,OVERSIZE 20S MAMU,SEAFOAM GREEN D20 PDK L,0,5,0,0,41257,206285,0
Feb-2026,MAMU PALOPO,OVERSIZE 20S MAMU,SEAFOAM GREEN D20 PDK L,0,5,0,0,41257,206285,206285
Mar-2026,MAMU PALOPO,OVERSIZE 20S MAMU,SEAFOAM GREEN D20 PDK L,123771,2,0,0,41257,82514,206285
Apr-2026,MAMU PALOPO,OVERSIZE 20S MAMU,SEAFOAM GREEN D20 PDK L,0,2,0,0,41257,82514,82514
Mei-2026,MAMU PALOPO,OVERSIZE 20S MAMU,SEAFOAM GREEN D20 PDK L,0,2,0,0,41257,82514,82514
Jun-2026,MAMU PALOPO,OVERSIZE 20S MAMU,SEAFOAM GREEN D20 PDK L,41257,1,0,0,41257,41257,82514
Jul-2026,MAMU PALOPO,OVERSIZE 20S MAMU,SEAFOAM GREEN D20 PDK L,0,0,0,0,41257,0,41257
Jan-2026,MAMU PALOPO,OVERSIZE 20S MAMU,SEAFOAM GREEN D20 PDK M,0,15,0,0,41278,619170,0
Feb-2026,MAMU PALOPO,OVERSIZE 20S MAMU,SEAFOAM GREEN D20 PDK M,0,15,0,0,41278,619170,619170
Mar-2026,MAMU PALOPO,OVERSIZE 20S MAMU,SEAFOAM GREEN D20 PDK M,82556,13,0,0,41278,536614,619170
Apr-2026,MAMU PALOPO,OVERSIZE 20S MAMU,SEAFOAM GREEN D20 PDK M,41278,12,0,0,41278,495336,536614
Mei-2026,MAMU PALOPO,OVERSIZE 20S MAMU,SEAFOAM GREEN D20 PDK M,0,12,0,0,41278,495336,495336
Jun-2026,MAMU PALOPO,OVERSIZE 20S MAMU,SEAFOAM GREEN D20 PDK M,41278,11,0,0,41278,454058,495336
Jul-2026,MAMU PALOPO,OVERSIZE 20S MAMU,SEAFOAM GREEN D20 PDK M,0,11,0,0,41278,454058,454058
Agu-2026,MAMU PALOPO,OVERSIZE 20S MAMU,SEAFOAM GREEN D20 PDK M,0,11,0,0,41278,454058,454058
Sep-2026,MAMU PALOPO,OVERSIZE 20S MAMU,SEAFOAM GREEN D20 PDK M,41278,10,0,0,41278,412780,454058
Okt-2026,MAMU PALOPO,OVERSIZE 20S MAMU,SEAFOAM GREEN D20 PDK M,41278,10,0,0,41278,412780,412780
Jan-2026,MAMU PALOPO,OVERSIZE 20S MAMU,SEAFOAM GREEN D20 PDK S,0,3,0,0,35453,106359,0
Feb-2026,MAMU PALOPO,OVERSIZE 20S MAMU,SEAFOAM GREEN D20 PDK S,0,3,0,0,35453,106359,106359
Mar-2026,MAMU PALOPO,OVERSIZE 20S MAMU,SEAFOAM GREEN D20 PDK S,0,3,0,0,35453,106359,106359
Apr-2026,MAMU PALOPO,OVERSIZE 20S MAMU,SEAFOAM GREEN D20 PDK S,0,3,0,0,35453,106359,106359
Mei-2026,MAMU PALOPO,OVERSIZE 20S MAMU,SEAFOAM GREEN D20 PDK S,0,3,0,0,35453,106359,106359
Jun-2026,MAMU PALOPO,OVERSIZE 20S MAMU,SEAFOAM GREEN D20 PDK S,0,3,0,0,35453,106359,106359
Jul-2026,MAMU PALOPO,OVERSIZE 20S MAMU,SEAFOAM GREEN D20 PDK S,35453,3,0,0,35453,106359,106359
Agu-2026,MAMU PALOPO,OVERSIZE 20S MAMU,SEAFOAM GREEN D20 PDK S,0,2,0,0,35453,70906,106359
Sep-2026,MAMU PALOPO,OVERSIZE 20S MAMU,SEAFOAM GREEN D20 PDK S,35453,1,0,0,35453,35453,70906
Okt-2026,MAMU PALOPO,OVERSIZE 20S MAMU,SEAFOAM GREEN D20 PDK S,0,1,0,0,35453,35453,35453
Jan-2026,MAMU PALOPO,OVERSIZE 20S MAMU,SEAFOAM GREEN D20 PDK XL,0,17,0,0,41993,713881,0
Feb-2026,MAMU PALOPO,OVERSIZE 20S MAMU,SEAFOAM GREEN D20 PDK XL,0,17,0,0,41993,713881,713881
Mar-2026,MAMU PALOPO,OVERSIZE 20S MAMU,SEAFOAM GREEN D20 PDK XL,0,15,0,0,41993,629895,713881
Apr-2026,MAMU PALOPO,OVERSIZE 20S MAMU,SEAFOAM GREEN D20 PDK XL,0,15,0,0,41993,629895,629895
Mei-2026,MAMU PALOPO,OVERSIZE 20S MAMU,SEAFOAM GREEN D20 PDK XL,0,15,0,0,41993,629895,629895
Jun-2026,MAMU PALOPO,OVERSIZE 20S MAMU,SEAFOAM GREEN D20 PDK XL,0,15,0,0,41993,629895,629895
Jul-2026,MAMU PALOPO,OVERSIZE 20S MAMU,SEAFOAM GREEN D20 PDK XL,0,15,0,0,41993,629895,629895
Agu-2026,MAMU PALOPO,OVERSIZE 20S MAMU,SEAFOAM GREEN D20 PDK XL,0,15,0,0,41993,629895,629895
Sep-2026,MAMU PALOPO,OVERSIZE 20S MAMU,SEAFOAM GREEN D20 PDK XL,0,15,0,0,41993,629895,629895
Okt-2026,MAMU PALOPO,OVERSIZE 20S MAMU,SEAFOAM GREEN D20 PDK XL,0,15,0,0,41993,629895,629895
Jan-2026,MAMU TSM,OVERSIZE 20S MAMU,ABU TUA D20 PDK 2XL,42971,1,0,0,42971,42971,0
Feb-2026,MAMU TSM,OVERSIZE 20S MAMU,ABU TUA D20 PDK 2XL,42971,2,0,0,42971,85942,42971
Mar-2026,MAMU TSM,OVERSIZE 20S MAMU,ABU TUA D20 PDK 2XL,85942,0,0,0,42971,0,85942
Jan-2026,MAMU TSM,OVERSIZE 20S MAMU,ABU TUA D20 PDK L,176612,0,0,0,44153,0,0
Feb-2026,MAMU TSM,OVERSIZE 20S MAMU,ABU TUA D20 PDK L,44153,3,0,0,44153,132459,0
Mar-2026,MAMU TSM,OVERSIZE 20S MAMU,ABU TUA D20 PDK L,220765,1,0,0,44153,44153,132459
Apr-2026,MAMU TSM,OVERSIZE 20S MAMU,ABU TUA D20 PDK L,0,0,0,0,44153,0,44153
Jan-2026,MAMU TSM,OVERSIZE 20S MAMU,ABU TUA D20 PDK M,174152,0,0,0,43538,0,0
Feb-2026,MAMU TSM,OVERSIZE 20S MAMU,ABU TUA D20 PDK M,87076,2,0,0,43538,87076,0
Mar-2026,MAMU TSM,OVERSIZE 20S MAMU,ABU TUA D20 PDK M,130614,1,0,0,43538,43538,87076
Apr-2026,MAMU TSM,OVERSIZE 20S MAMU,ABU TUA D20 PDK M,0,0,0,0,43538,0,43538
Jan-2026,MAMU TSM,OVERSIZE 20S MAMU,ABU TUA D20 PDK XL,134712,1,0,0,44904,44904,0
Feb-2026,MAMU TSM,OVERSIZE 20S MAMU,ABU TUA D20 PDK XL,134712,2,0,0,44904,89808,44904
Mar-2026,MAMU TSM,OVERSIZE 20S MAMU,ABU TUA D20 PDK XL,89808,0,0,0,44904,0,89808
Jan-2026,MAMU TSM,OVERSIZE 20S MAMU,DENIM BLUE D20 PDK 2XL,125592,0,0,0,41864,0,0
Feb-2026,MAMU TSM,OVERSIZE 20S MAMU,DENIM BLUE D20 PDK 2XL,41864,0,0,0,41864,0,0
Mar-2026,MAMU TSM,OVERSIZE 20S MAMU,DENIM BLUE D20 PDK 2XL,125592,0,0,0,41864,0,0
Feb-2026,MAMU TSM,OVERSIZE 20S MAMU,DENIM BLUE D20 PDK L,217410,0,0,0,43482,0,0
Mar-2026,MAMU TSM,OVERSIZE 20S MAMU,DENIM BLUE D20 PDK L,260892,0,0,0,43482,0,0
Feb-2026,MAMU TSM,OVERSIZE 20S MAMU,DENIM BLUE D20 PDK M,43157,3,0,0,43157,129471,0
Mar-2026,MAMU TSM,OVERSIZE 20S MAMU,DENIM BLUE D20 PDK M,215785,0,0,0,43157,0,129471
Jan-2026,MAMU TSM,OVERSIZE 20S MAMU,DENIM BLUE D20 PDK XL,130623,0,0,0,43541,0,0
Feb-2026,MAMU TSM,OVERSIZE 20S MAMU,DENIM BLUE D20 PDK XL,87082,2,0,0,43541,87082,0
Mar-2026,MAMU TSM,OVERSIZE 20S MAMU,DENIM BLUE D20 PDK XL,174164,0,0,0,43541,0,87082
Mar-2026,MAMU TSM,OVERSIZE 20S MAMU,JET BLACK D20 PDK XL,95152,0,0,0,47576,0,0
Jan-2026,MAMU TSM,OVERSIZE 20S MAMU,MAPPLE BROWN D20 PDK 2XL,106941,1,0,0,35647,35647,0
Feb-2026,MAMU TSM,OVERSIZE 20S MAMU,MAPPLE BROWN D20 PDK 2XL,35647,0,0,0,35647,0,35647
Mar-2026,MAMU TSM,OVERSIZE 20S MAMU,MAPPLE BROWN D20 PDK 2XL,71294,0,0,0,35647,0,0
Jan-2026,MAMU TSM,OVERSIZE 20S MAMU,MAPPLE BROWN D20 PDK L,82216,2,0,0,41108,82216,0
Feb-2026,MAMU TSM,OVERSIZE 20S MAMU,MAPPLE BROWN D20 PDK L,205540,0,0,0,41108,0,82216
Mar-2026,MAMU TSM,OVERSIZE 20S MAMU,MAPPLE BROWN D20 PDK L,205540,1,0,0,41108,41108,0
Apr-2026,MAMU TSM,OVERSIZE 20S MAMU,MAPPLE BROWN D20 PDK L,0,0,0,0,41108,0,41108
Jan-2026,MAMU TSM,OVERSIZE 20S MAMU,MAPPLE BROWN D20 PDK M,164396,0,0,0,41099,0,0
Jan-2026,MAMU TSM,OVERSIZE 20S MAMU,MAPPLE BROWN D20 PDK XL,213405,0,0,0,42681,0,0
Feb-2026,MAMU TSM,OVERSIZE 20S MAMU,MAPPLE BROWN D20 PDK XL,85362,0,0,0,42681,0,0
Mar-2026,MAMU TSM,OVERSIZE 20S MAMU,MAPPLE BROWN D20 PDK XL,128043,0,0,0,42681,0,0
Jan-2026,MAMU TSM,OVERSIZE 20S MAMU,RED PLUM D20 PDK 2XL,124455,0,0,0,41485,0,0
Feb-2026,MAMU TSM,OVERSIZE 20S MAMU,RED PLUM D20 PDK 2XL,41485,2,0,0,41485,82970,0
Mar-2026,MAMU TSM,OVERSIZE 20S MAMU,RED PLUM D20 PDK 2XL,82970,0,0,0,41485,0,82970
Jan-2026,MAMU TSM,OVERSIZE 20S MAMU,RED PLUM D20 PDK L,42961,0,0,0,42961,0,0
Feb-2026,MAMU TSM,OVERSIZE 20S MAMU,RED PLUM D20 PDK L,171844,1,0,0,42961,42961,0
Mar-2026,MAMU TSM,OVERSIZE 20S MAMU,RED PLUM D20 PDK L,257766,1,0,0,42961,42961,42961
Apr-2026,MAMU TSM,OVERSIZE 20S MAMU,RED PLUM D20 PDK L,0,0,0,0,42961,0,42961
Feb-2026,MAMU TSM,OVERSIZE 20S MAMU,RED PLUM D20 PDK M,84112,0,0,0,42056,0,0
Mar-2026,MAMU TSM,OVERSIZE 20S MAMU,RED PLUM D20 PDK M,210280,1,0,0,42056,42056,0
Apr-2026,MAMU TSM,OVERSIZE 20S MAMU,RED PLUM D20 PDK M,0,0,0,0,42056,0,42056
Jan-2026,MAMU TSM,OVERSIZE 20S MAMU,RED PLUM D20 PDK XL,173184,2,0,0,43296,86592,0
Feb-2026,MAMU TSM,OVERSIZE 20S MAMU,RED PLUM D20 PDK XL,86592,2,0,0,43296,86592,86592
Mar-2026,MAMU TSM,OVERSIZE 20S MAMU,RED PLUM D20 PDK XL,259776,2,0,0,43296,86592,86592
Apr-2026,MAMU TSM,OVERSIZE 20S MAMU,RED PLUM D20 PDK XL,129888,0,0,0,43296,0,86592
Jan-2026,MAMU TSM,OVERSIZE 20S MAMU,SEAFOAM GREEN D20 PDK L,165028,1,0,0,41257,41257,0
Feb-2026,MAMU TSM,OVERSIZE 20S MAMU,SEAFOAM GREEN D20 PDK L,41257,2,0,0,41257,82514,41257
Mar-2026,MAMU TSM,OVERSIZE 20S MAMU,SEAFOAM GREEN D20 PDK L,247542,0,0,0,41257,0,82514
Jan-2026,MAMU TSM,OVERSIZE 20S MAMU,SEAFOAM GREEN D20 PDK M,123834,2,0,0,41278,82556,0
Feb-2026,MAMU TSM,OVERSIZE 20S MAMU,SEAFOAM GREEN D20 PDK M,123834,1,0,0,41278,41278,82556
Mar-2026,MAMU TSM,OVERSIZE 20S MAMU,SEAFOAM GREEN D20 PDK M,41278,0,0,0,41278,0,41278
Jan-2026,MAMU TSM,OVERSIZE 20S MAMU,SEAFOAM GREEN D20 PDK XL,167972,1,0,0,41993,41993,0
Feb-2026,MAMU TSM,OVERSIZE 20S MAMU,SEAFOAM GREEN D20 PDK XL,83986,0,0,0,41993,0,41993
Mar-2026,MAMU TSM,OVERSIZE 20S MAMU,SEAFOAM GREEN D20 PDK XL,41993,0,0,0,41993,0,0
Jan-2026,TIGALAPANKAOS BONE,OVERSIZE 20S MAMU,ABU TUA D20 PDK 2XL,0,7,0,0,42971,300797,0
Feb-2026,TIGALAPANKAOS BONE,OVERSIZE 20S MAMU,ABU TUA D20 PDK 2XL,42971,4,0,0,42971,171884,300797
Mar-2026,TIGALAPANKAOS BONE,OVERSIZE 20S MAMU,ABU TUA D20 PDK 2XL,42971,3,0,0,42971,128913,171884
Apr-2026,TIGALAPANKAOS BONE,OVERSIZE 20S MAMU,ABU TUA D20 PDK 2XL,0,3,0,0,42971,128913,128913
Mei-2026,TIGALAPANKAOS BONE,OVERSIZE 20S MAMU,ABU TUA D20 PDK 2XL,0,3,0,0,42971,128913,128913
Jun-2026,TIGALAPANKAOS BONE,OVERSIZE 20S MAMU,ABU TUA D20 PDK 2XL,0,3,0,0,42971,128913,128913
Jul-2026,TIGALAPANKAOS BONE,OVERSIZE 20S MAMU,ABU TUA D20 PDK 2XL,0,3,0,0,42971,128913,128913
Agu-2026,TIGALAPANKAOS BONE,OVERSIZE 20S MAMU,ABU TUA D20 PDK 2XL,0,3,0,0,42971,128913,128913
Sep-2026,TIGALAPANKAOS BONE,OVERSIZE 20S MAMU,ABU TUA D20 PDK 2XL,0,3,0,0,42971,128913,128913
Okt-2026,TIGALAPANKAOS BONE,OVERSIZE 20S MAMU,ABU TUA D20 PDK 2XL,0,3,0,0,42971,128913,128913
Jan-2026,TIGALAPANKAOS BONE,OVERSIZE 20S MAMU,ABU TUA D20 PDK L,0,15,0,0,44153,662295,0
Feb-2026,TIGALAPANKAOS BONE,OVERSIZE 20S MAMU,ABU TUA D20 PDK L,0,15,0,0,44153,662295,662295
Mar-2026,TIGALAPANKAOS BONE,OVERSIZE 20S MAMU,ABU TUA D20 PDK L,176612,11,0,0,44153,485683,662295
Apr-2026,TIGALAPANKAOS BONE,OVERSIZE 20S MAMU,ABU TUA D20 PDK L,88306,9,0,0,44153,397377,485683
Mei-2026,TIGALAPANKAOS BONE,OVERSIZE 20S MAMU,ABU TUA D20 PDK L,88306,7,0,0,44153,309071,397377
Jun-2026,TIGALAPANKAOS BONE,OVERSIZE 20S MAMU,ABU TUA D20 PDK L,44153,6,0,0,44153,264918,309071
Jul-2026,TIGALAPANKAOS BONE,OVERSIZE 20S MAMU,ABU TUA D20 PDK L,44153,5,0,0,44153,220765,264918
Agu-2026,TIGALAPANKAOS BONE,OVERSIZE 20S MAMU,ABU TUA D20 PDK L,44153,5,0,0,44153,220765,220765
Sep-2026,TIGALAPANKAOS BONE,OVERSIZE 20S MAMU,ABU TUA D20 PDK L,0,4,0,0,44153,176612,220765
Okt-2026,TIGALAPANKAOS BONE,OVERSIZE 20S MAMU,ABU TUA D20 PDK L,0,4,0,0,44153,176612,176612
Jan-2026,TIGALAPANKAOS BONE,OVERSIZE 20S MAMU,ABU TUA D20 PDK M,0,12,0,0,43538,522456,0
Feb-2026,TIGALAPANKAOS BONE,OVERSIZE 20S MAMU,ABU TUA D20 PDK M,0,12,0,0,43538,522456,522456
Mar-2026,TIGALAPANKAOS BONE,OVERSIZE 20S MAMU,ABU TUA D20 PDK M,304766,3,0,0,43538,130614,522456
Apr-2026,TIGALAPANKAOS BONE,OVERSIZE 20S MAMU,ABU TUA D20 PDK M,43538,2,0,0,43538,87076,130614
Mei-2026,TIGALAPANKAOS BONE,OVERSIZE 20S MAMU,ABU TUA D20 PDK M,43538,1,0,0,43538,43538,87076
Jun-2026,TIGALAPANKAOS BONE,OVERSIZE 20S MAMU,ABU TUA D20 PDK M,43538,0,0,0,43538,0,43538
Jan-2026,TIGALAPANKAOS BONE,OVERSIZE 20S MAMU,ABU TUA D20 PDK S,0,2,0,0,39968,79936,0
Feb-2026,TIGALAPANKAOS BONE,OVERSIZE 20S MAMU,ABU TUA D20 PDK S,79936,1,0,0,39968,39968,79936
Mar-2026,TIGALAPANKAOS BONE,OVERSIZE 20S MAMU,ABU TUA D20 PDK S,0,0,0,0,39968,0,39968
Jan-2026,TIGALAPANKAOS BONE,OVERSIZE 20S MAMU,ABU TUA D20 PDK XL,0,10,0,0,44904,449040,0
Feb-2026,TIGALAPANKAOS BONE,OVERSIZE 20S MAMU,ABU TUA D20 PDK XL,44904,11,0,0,44904,493944,449040
Mar-2026,TIGALAPANKAOS BONE,OVERSIZE 20S MAMU,ABU TUA D20 PDK XL,0,11,0,0,44904,493944,493944
Apr-2026,TIGALAPANKAOS BONE,OVERSIZE 20S MAMU,ABU TUA D20 PDK XL,44904,10,0,0,44904,449040,493944
Mei-2026,TIGALAPANKAOS BONE,OVERSIZE 20S MAMU,ABU TUA D20 PDK XL,44904,9,0,0,44904,404136,449040
Jun-2026,TIGALAPANKAOS BONE,OVERSIZE 20S MAMU,ABU TUA D20 PDK XL,0,9,0,0,44904,404136,404136
Jul-2026,TIGALAPANKAOS BONE,OVERSIZE 20S MAMU,ABU TUA D20 PDK XL,0,9,0,0,44904,404136,404136
Agu-2026,TIGALAPANKAOS BONE,OVERSIZE 20S MAMU,ABU TUA D20 PDK XL,44904,8,0,0,44904,359232,404136
Sep-2026,TIGALAPANKAOS BONE,OVERSIZE 20S MAMU,ABU TUA D20 PDK XL,44904,7,0,0,44904,314328,359232
Okt-2026,TIGALAPANKAOS BONE,OVERSIZE 20S MAMU,ABU TUA D20 PDK XL,0,7,0,0,44904,314328,314328
Jan-2026,TIGALAPANKAOS BONE,OVERSIZE 20S MAMU,DENIM BLUE D20 PDK 2XL,0,4,0,0,41864,167456,0
Feb-2026,TIGALAPANKAOS BONE,OVERSIZE 20S MAMU,DENIM BLUE D20 PDK 2XL,0,4,0,0,41864,167456,167456
Mar-2026,TIGALAPANKAOS BONE,OVERSIZE 20S MAMU,DENIM BLUE D20 PDK 2XL,0,4,0,0,41864,167456,167456
Apr-2026,TIGALAPANKAOS BONE,OVERSIZE 20S MAMU,DENIM BLUE D20 PDK 2XL,0,4,0,0,41864,167456,167456
Mei-2026,TIGALAPANKAOS BONE,OVERSIZE 20S MAMU,DENIM BLUE D20 PDK 2XL,0,4,0,0,41864,167456,167456
Jun-2026,TIGALAPANKAOS BONE,OVERSIZE 20S MAMU,DENIM BLUE D20 PDK 2XL,0,4,0,0,41864,167456,167456
Jul-2026,TIGALAPANKAOS BONE,OVERSIZE 20S MAMU,DENIM BLUE D20 PDK 2XL,0,4,0,0,41864,167456,167456
Agu-2026,TIGALAPANKAOS BONE,OVERSIZE 20S MAMU,DENIM BLUE D20 PDK 2XL,0,4,0,0,41864,167456,167456
Sep-2026,TIGALAPANKAOS BONE,OVERSIZE 20S MAMU,DENIM BLUE D20 PDK 2XL,0,4,0,0,41864,167456,167456
Okt-2026,TIGALAPANKAOS BONE,OVERSIZE 20S MAMU,DENIM BLUE D20 PDK 2XL,0,4,0,0,41864,167456,167456
Jan-2026,TIGALAPANKAOS BONE,OVERSIZE 20S MAMU,DENIM BLUE D20 PDK L,43482,20,0,0,43482,869640,0
Feb-2026,TIGALAPANKAOS BONE,OVERSIZE 20S MAMU,DENIM BLUE D20 PDK L,0,19,0,0,43482,826158,869640
Mar-2026,TIGALAPANKAOS BONE,OVERSIZE 20S MAMU,DENIM BLUE D20 PDK L,0,15,0,0,43482,652230,826158
Apr-2026,TIGALAPANKAOS BONE,OVERSIZE 20S MAMU,DENIM BLUE D20 PDK L,0,15,0,0,43482,652230,652230
Mei-2026,TIGALAPANKAOS BONE,OVERSIZE 20S MAMU,DENIM BLUE D20 PDK L,0,15,0,0,43482,652230,652230
Jun-2026,TIGALAPANKAOS BONE,OVERSIZE 20S MAMU,DENIM BLUE D20 PDK L,0,15,0,0,43482,652230,652230
Jul-2026,TIGALAPANKAOS BONE,OVERSIZE 20S MAMU,DENIM BLUE D20 PDK L,0,15,0,0,43482,652230,652230
Agu-2026,TIGALAPANKAOS BONE,OVERSIZE 20S MAMU,DENIM BLUE D20 PDK L,0,15,0,0,43482,652230,652230
Sep-2026,TIGALAPANKAOS BONE,OVERSIZE 20S MAMU,DENIM BLUE D20 PDK L,43482,14,0,0,43482,608748,652230
Okt-2026,TIGALAPANKAOS BONE,OVERSIZE 20S MAMU,DENIM BLUE D20 PDK L,0,14,0,0,43482,608748,608748
Jan-2026,TIGALAPANKAOS BONE,OVERSIZE 20S MAMU,DENIM BLUE D20 PDK M,0,12,0,0,43157,517884,0
Feb-2026,TIGALAPANKAOS BONE,OVERSIZE 20S MAMU,DENIM BLUE D20 PDK M,0,12,0,0,43157,517884,517884
Mar-2026,TIGALAPANKAOS BONE,OVERSIZE 20S MAMU,DENIM BLUE D20 PDK M,43157,9,0,0,43157,388413,517884
Apr-2026,TIGALAPANKAOS BONE,OVERSIZE 20S MAMU,DENIM BLUE D20 PDK M,0,9,0,0,43157,388413,388413
Mei-2026,TIGALAPANKAOS BONE,OVERSIZE 20S MAMU,DENIM BLUE D20 PDK M,0,9,0,0,43157,388413,388413
Jun-2026,TIGALAPANKAOS BONE,OVERSIZE 20S MAMU,DENIM BLUE D20 PDK M,0,9,0,0,43157,388413,388413
Jul-2026,TIGALAPANKAOS BONE,OVERSIZE 20S MAMU,DENIM BLUE D20 PDK M,0,9,0,0,43157,388413,388413
Agu-2026,TIGALAPANKAOS BONE,OVERSIZE 20S MAMU,DENIM BLUE D20 PDK M,0,9,0,0,43157,388413,388413
Sep-2026,TIGALAPANKAOS BONE,OVERSIZE 20S MAMU,DENIM BLUE D20 PDK M,43157,8,0,0,43157,345256,388413
Okt-2026,TIGALAPANKAOS BONE,OVERSIZE 20S MAMU,DENIM BLUE D20 PDK M,0,8,0,0,43157,345256,345256
Jan-2026,TIGALAPANKAOS BONE,OVERSIZE 20S MAMU,DENIM BLUE D20 PDK S,0,2,0,0,38957,77914,0
Feb-2026,TIGALAPANKAOS BONE,OVERSIZE 20S MAMU,DENIM BLUE D20 PDK S,0,2,0,0,38957,77914,77914
Mar-2026,TIGALAPANKAOS BONE,OVERSIZE 20S MAMU,DENIM BLUE D20 PDK S,116871,0,0,0,38957,0,77914
Jan-2026,TIGALAPANKAOS BONE,OVERSIZE 20S MAMU,DENIM BLUE D20 PDK XL,0,11,0,0,43541,478951,0
Feb-2026,TIGALAPANKAOS BONE,OVERSIZE 20S MAMU,DENIM BLUE D20 PDK XL,0,11,0,0,43541,478951,478951
Mar-2026,TIGALAPANKAOS BONE,OVERSIZE 20S MAMU,DENIM BLUE D20 PDK XL,43541,10,0,0,43541,435410,478951
Apr-2026,TIGALAPANKAOS BONE,OVERSIZE 20S MAMU,DENIM BLUE D20 PDK XL,0,10,0,0,43541,435410,435410
Mei-2026,TIGALAPANKAOS BONE,OVERSIZE 20S MAMU,DENIM BLUE D20 PDK XL,0,10,0,0,43541,435410,435410
Jun-2026,TIGALAPANKAOS BONE,OVERSIZE 20S MAMU,DENIM BLUE D20 PDK XL,0,10,0,0,43541,435410,435410
Jul-2026,TIGALAPANKAOS BONE,OVERSIZE 20S MAMU,DENIM BLUE D20 PDK XL,0,10,0,0,43541,435410,435410
Agu-2026,TIGALAPANKAOS BONE,OVERSIZE 20S MAMU,DENIM BLUE D20 PDK XL,0,10,0,0,43541,435410,435410
Sep-2026,TIGALAPANKAOS BONE,OVERSIZE 20S MAMU,DENIM BLUE D20 PDK XL,43541,9,0,0,43541,391869,435410
Okt-2026,TIGALAPANKAOS BONE,OVERSIZE 20S MAMU,DENIM BLUE D20 PDK XL,0,9,0,0,43541,391869,391869
Jan-2026,TIGALAPANKAOS BONE,OVERSIZE 20S MAMU,JET BLACK D20 PDK L,0,2,0,0,44820,89640,0
Feb-2026,TIGALAPANKAOS BONE,OVERSIZE 20S MAMU,JET BLACK D20 PDK L,0,2,0,0,44820,89640,89640
Mar-2026,TIGALAPANKAOS BONE,OVERSIZE 20S MAMU,JET BLACK D20 PDK L,89640,0,0,0,44820,0,89640
Jan-2026,TIGALAPANKAOS BONE,OVERSIZE 20S MAMU,JET BLACK D20 PDK XL,0,2,0,0,47576,95152,0
Feb-2026,TIGALAPANKAOS BONE,OVERSIZE 20S MAMU,JET BLACK D20 PDK XL,0,2,0,0,47576,95152,95152
Mar-2026,TIGALAPANKAOS BONE,OVERSIZE 20S MAMU,JET BLACK D20 PDK XL,95152,0,0,0,47576,0,95152
Jan-2026,TIGALAPANKAOS BONE,OVERSIZE 20S MAMU,MAPPLE BROWN D20 PDK 2XL,0,3,0,0,35647,106941,0
Feb-2026,TIGALAPANKAOS BONE,OVERSIZE 20S MAMU,MAPPLE BROWN D20 PDK 2XL,0,3,0,0,35647,106941,106941
Mar-2026,TIGALAPANKAOS BONE,OVERSIZE 20S MAMU,MAPPLE BROWN D20 PDK 2XL,35647,2,0,0,35647,71294,106941
Apr-2026,TIGALAPANKAOS BONE,OVERSIZE 20S MAMU,MAPPLE BROWN D20 PDK 2XL,0,2,0,0,35647,71294,71294
Mei-2026,TIGALAPANKAOS BONE,OVERSIZE 20S MAMU,MAPPLE BROWN D20 PDK 2XL,0,2,0,0,35647,71294,71294
Jun-2026,TIGALAPANKAOS BONE,OVERSIZE 20S MAMU,MAPPLE BROWN D20 PDK 2XL,0,2,0,0,35647,71294,71294
Jul-2026,TIGALAPANKAOS BONE,OVERSIZE 20S MAMU,MAPPLE BROWN D20 PDK 2XL,0,2,0,0,35647,71294,71294
Agu-2026,TIGALAPANKAOS BONE,OVERSIZE 20S MAMU,MAPPLE BROWN D20 PDK 2XL,0,2,0,0,35647,71294,71294
Sep-2026,TIGALAPANKAOS BONE,OVERSIZE 20S MAMU,MAPPLE BROWN D20 PDK 2XL,0,2,0,0,35647,71294,71294
Okt-2026,TIGALAPANKAOS BONE,OVERSIZE 20S MAMU,MAPPLE BROWN D20 PDK 2XL,0,2,0,0,35647,71294,71294
Jan-2026,TIGALAPANKAOS BONE,OVERSIZE 20S MAMU,MAPPLE BROWN D20 PDK L,0,18,0,0,41108,739944,0
Feb-2026,TIGALAPANKAOS BONE,OVERSIZE 20S MAMU,MAPPLE BROWN D20 PDK L,0,18,0,0,41108,739944,739944
Mar-2026,TIGALAPANKAOS BONE,OVERSIZE 20S MAMU,MAPPLE BROWN D20 PDK L,82216,13,0,0,41108,534404,739944
Apr-2026,TIGALAPANKAOS BONE,OVERSIZE 20S MAMU,MAPPLE BROWN D20 PDK L,41108,12,0,0,41108,493296,534404
Mei-2026,TIGALAPANKAOS BONE,OVERSIZE 20S MAMU,MAPPLE BROWN D20 PDK L,0,12,0,0,41108,493296,493296
Jun-2026,TIGALAPANKAOS BONE,OVERSIZE 20S MAMU,MAPPLE BROWN D20 PDK L,0,12,0,0,41108,493296,493296
Jul-2026,TIGALAPANKAOS BONE,OVERSIZE 20S MAMU,MAPPLE BROWN D20 PDK L,0,12,0,0,41108,493296,493296
Agu-2026,TIGALAPANKAOS BONE,OVERSIZE 20S MAMU,MAPPLE BROWN D20 PDK L,0,12,0,0,41108,493296,493296
Sep-2026,TIGALAPANKAOS BONE,OVERSIZE 20S MAMU,MAPPLE BROWN D20 PDK L,0,12,0,0,41108,493296,493296
Okt-2026,TIGALAPANKAOS BONE,OVERSIZE 20S MAMU,MAPPLE BROWN D20 PDK L,0,12,0,0,41108,493296,493296
Jan-2026,TIGALAPANKAOS BONE,OVERSIZE 20S MAMU,MAPPLE BROWN D20 PDK M,0,13,0,0,41099,534287,0
Feb-2026,TIGALAPANKAOS BONE,OVERSIZE 20S MAMU,MAPPLE BROWN D20 PDK M,0,13,0,0,41099,534287,534287
Mar-2026,TIGALAPANKAOS BONE,OVERSIZE 20S MAMU,MAPPLE BROWN D20 PDK M,123297,8,0,0,41099,328792,534287
Apr-2026,TIGALAPANKAOS BONE,OVERSIZE 20S MAMU,MAPPLE BROWN D20 PDK M,41099,7,0,0,41099,287693,328792
Mei-2026,TIGALAPANKAOS BONE,OVERSIZE 20S MAMU,MAPPLE BROWN D20 PDK M,41099,7,0,0,41099,287693,287693
Jun-2026,TIGALAPANKAOS BONE,OVERSIZE 20S MAMU,MAPPLE BROWN D20 PDK M,0,7,0,0,41099,287693,287693
Jul-2026,TIGALAPANKAOS BONE,OVERSIZE 20S MAMU,MAPPLE BROWN D20 PDK M,0,7,0,0,41099,287693,287693
Agu-2026,TIGALAPANKAOS BONE,OVERSIZE 20S MAMU,MAPPLE BROWN D20 PDK M,0,7,0,0,41099,287693,287693
Sep-2026,TIGALAPANKAOS BONE,OVERSIZE 20S MAMU,MAPPLE BROWN D20 PDK M,41099,6,0,0,41099,246594,287693
Okt-2026,TIGALAPANKAOS BONE,OVERSIZE 20S MAMU,MAPPLE BROWN D20 PDK M,0,6,0,0,41099,246594,246594
Jan-2026,TIGALAPANKAOS BONE,OVERSIZE 20S MAMU,MAPPLE BROWN D20 PDK S,0,3,0,0,38657,115971,0
Feb-2026,TIGALAPANKAOS BONE,OVERSIZE 20S MAMU,MAPPLE BROWN D20 PDK S,0,3,0,0,38657,115971,115971
Mar-2026,TIGALAPANKAOS BONE,OVERSIZE 20S MAMU,MAPPLE BROWN D20 PDK S,38657,2,0,0,38657,77314,115971
Apr-2026,TIGALAPANKAOS BONE,OVERSIZE 20S MAMU,MAPPLE BROWN D20 PDK S,0,2,0,0,38657,77314,77314
Mei-2026,TIGALAPANKAOS BONE,OVERSIZE 20S MAMU,MAPPLE BROWN D20 PDK S,38657,1,0,0,38657,38657,77314
Jun-2026,TIGALAPANKAOS BONE,OVERSIZE 20S MAMU,MAPPLE BROWN D20 PDK S,0,1,0,0,38657,38657,38657
Jul-2026,TIGALAPANKAOS BONE,OVERSIZE 20S MAMU,MAPPLE BROWN D20 PDK S,0,1,0,0,38657,38657,38657
Agu-2026,TIGALAPANKAOS BONE,OVERSIZE 20S MAMU,MAPPLE BROWN D20 PDK S,0,1,0,0,38657,38657,38657
Sep-2026,TIGALAPANKAOS BONE,OVERSIZE 20S MAMU,MAPPLE BROWN D20 PDK S,0,1,0,0,38657,38657,38657
Okt-2026,TIGALAPANKAOS BONE,OVERSIZE 20S MAMU,MAPPLE BROWN D20 PDK S,0,1,0,0,38657,38657,38657
Jan-2026,TIGALAPANKAOS BONE,OVERSIZE 20S MAMU,MAPPLE BROWN D20 PDK XL,0,14,0,0,42681,597534,0
Feb-2026,TIGALAPANKAOS BONE,OVERSIZE 20S MAMU,MAPPLE BROWN D20 PDK XL,0,14,0,0,42681,597534,597534
Mar-2026,TIGALAPANKAOS BONE,OVERSIZE 20S MAMU,MAPPLE BROWN D20 PDK XL,85362,13,0,0,42681,554853,597534
Apr-2026,TIGALAPANKAOS BONE,OVERSIZE 20S MAMU,MAPPLE BROWN D20 PDK XL,0,12,0,0,42681,512172,554853
Mei-2026,TIGALAPANKAOS BONE,OVERSIZE 20S MAMU,MAPPLE BROWN D20 PDK XL,0,12,0,0,42681,512172,512172
Jun-2026,TIGALAPANKAOS BONE,OVERSIZE 20S MAMU,MAPPLE BROWN D20 PDK XL,0,12,0,0,42681,512172,512172
Jul-2026,TIGALAPANKAOS BONE,OVERSIZE 20S MAMU,MAPPLE BROWN D20 PDK XL,0,12,0,0,42681,512172,512172
Agu-2026,TIGALAPANKAOS BONE,OVERSIZE 20S MAMU,MAPPLE BROWN D20 PDK XL,0,12,0,0,42681,512172,512172
Sep-2026,TIGALAPANKAOS BONE,OVERSIZE 20S MAMU,MAPPLE BROWN D20 PDK XL,0,12,0,0,42681,512172,512172
Okt-2026,TIGALAPANKAOS BONE,OVERSIZE 20S MAMU,MAPPLE BROWN D20 PDK XL,0,12,0,0,42681,512172,512172
Jan-2026,TIGALAPANKAOS BONE,OVERSIZE 20S MAMU,RED PLUM D20 PDK 2XL,0,5,0,0,41485,207425,0
Feb-2026,TIGALAPANKAOS BONE,OVERSIZE 20S MAMU,RED PLUM D20 PDK 2XL,0,5,0,0,41485,207425,207425
Mar-2026,TIGALAPANKAOS BONE,OVERSIZE 20S MAMU,RED PLUM D20 PDK 2XL,0,5,0,0,41485,207425,207425
Apr-2026,TIGALAPANKAOS BONE,OVERSIZE 20S MAMU,RED PLUM D20 PDK 2XL,0,5,0,0,41485,207425,207425
Mei-2026,TIGALAPANKAOS BONE,OVERSIZE 20S MAMU,RED PLUM D20 PDK 2XL,0,5,0,0,41485,207425,207425
Jun-2026,TIGALAPANKAOS BONE,OVERSIZE 20S MAMU,RED PLUM D20 PDK 2XL,0,5,0,0,41485,207425,207425
Jul-2026,TIGALAPANKAOS BONE,OVERSIZE 20S MAMU,RED PLUM D20 PDK 2XL,0,5,0,0,41485,207425,207425
Agu-2026,TIGALAPANKAOS BONE,OVERSIZE 20S MAMU,RED PLUM D20 PDK 2XL,0,5,0,0,41485,207425,207425
Sep-2026,TIGALAPANKAOS BONE,OVERSIZE 20S MAMU,RED PLUM D20 PDK 2XL,0,5,0,0,41485,207425,207425
Okt-2026,TIGALAPANKAOS BONE,OVERSIZE 20S MAMU,RED PLUM D20 PDK 2XL,0,5,0,0,41485,207425,207425
Jan-2026,TIGALAPANKAOS BONE,OVERSIZE 20S MAMU,RED PLUM D20 PDK L,0,18,0,0,42961,773298,0
Feb-2026,TIGALAPANKAOS BONE,OVERSIZE 20S MAMU,RED PLUM D20 PDK L,0,17,0,0,42961,730337,773298
Mar-2026,TIGALAPANKAOS BONE,OVERSIZE 20S MAMU,RED PLUM D20 PDK L,42961,14,0,0,42961,601454,730337
Apr-2026,TIGALAPANKAOS BONE,OVERSIZE 20S MAMU,RED PLUM D20 PDK L,0,14,0,0,42961,601454,601454
Mei-2026,TIGALAPANKAOS BONE,OVERSIZE 20S MAMU,RED PLUM D20 PDK L,42961,13,0,0,42961,558493,601454
Jun-2026,TIGALAPANKAOS BONE,OVERSIZE 20S MAMU,RED PLUM D20 PDK L,0,13,0,0,42961,558493,558493
Jul-2026,TIGALAPANKAOS BONE,OVERSIZE 20S MAMU,RED PLUM D20 PDK L,0,13,0,0,42961,558493,558493
Agu-2026,TIGALAPANKAOS BONE,OVERSIZE 20S MAMU,RED PLUM D20 PDK L,85922,11,0,0,42961,472571,558493
Sep-2026,TIGALAPANKAOS BONE,OVERSIZE 20S MAMU,RED PLUM D20 PDK L,0,11,0,0,42961,472571,472571
Okt-2026,TIGALAPANKAOS BONE,OVERSIZE 20S MAMU,RED PLUM D20 PDK L,0,11,0,0,42961,472571,472571
Jan-2026,TIGALAPANKAOS BONE,OVERSIZE 20S MAMU,RED PLUM D20 PDK M,0,13,0,0,42056,546728,0
Feb-2026,TIGALAPANKAOS BONE,OVERSIZE 20S MAMU,RED PLUM D20 PDK M,42056,13,0,0,42056,546728,546728
Mar-2026,TIGALAPANKAOS BONE,OVERSIZE 20S MAMU,RED PLUM D20 PDK M,0,13,0,0,42056,546728,546728
Apr-2026,TIGALAPANKAOS BONE,OVERSIZE 20S MAMU,RED PLUM D20 PDK M,0,13,0,0,42056,546728,546728
Mei-2026,TIGALAPANKAOS BONE,OVERSIZE 20S MAMU,RED PLUM D20 PDK M,0,13,0,0,42056,546728,546728
Jun-2026,TIGALAPANKAOS BONE,OVERSIZE 20S MAMU,RED PLUM D20 PDK M,0,13,0,0,42056,546728,546728
Jul-2026,TIGALAPANKAOS BONE,OVERSIZE 20S MAMU,RED PLUM D20 PDK M,0,13,0,0,42056,546728,546728
Agu-2026,TIGALAPANKAOS BONE,OVERSIZE 20S MAMU,RED PLUM D20 PDK M,42056,12,0,0,42056,504672,546728
Sep-2026,TIGALAPANKAOS BONE,OVERSIZE 20S MAMU,RED PLUM D20 PDK M,0,12,0,0,42056,504672,504672
Okt-2026,TIGALAPANKAOS BONE,OVERSIZE 20S MAMU,RED PLUM D20 PDK M,0,12,0,0,42056,504672,504672
Jan-2026,TIGALAPANKAOS BONE,OVERSIZE 20S MAMU,RED PLUM D20 PDK S,0,6,0,0,39481,236886,0
Feb-2026,TIGALAPANKAOS BONE,OVERSIZE 20S MAMU,RED PLUM D20 PDK S,39481,5,0,0,39481,197405,236886
Mar-2026,TIGALAPANKAOS BONE,OVERSIZE 20S MAMU,RED PLUM D20 PDK S,0,5,0,0,39481,197405,197405
Apr-2026,TIGALAPANKAOS BONE,OVERSIZE 20S MAMU,RED PLUM D20 PDK S,39481,4,0,0,39481,157924,197405
Mei-2026,TIGALAPANKAOS BONE,OVERSIZE 20S MAMU,RED PLUM D20 PDK S,0,4,0,0,39481,157924,157924
Jun-2026,TIGALAPANKAOS BONE,OVERSIZE 20S MAMU,RED PLUM D20 PDK S,0,4,0,0,39481,157924,157924
Jul-2026,TIGALAPANKAOS BONE,OVERSIZE 20S MAMU,RED PLUM D20 PDK S,39481,3,0,0,39481,118443,157924
Agu-2026,TIGALAPANKAOS BONE,OVERSIZE 20S MAMU,RED PLUM D20 PDK S,78962,1,0,0,39481,39481,118443
Sep-2026,TIGALAPANKAOS BONE,OVERSIZE 20S MAMU,RED PLUM D20 PDK S,0,1,0,0,39481,39481,39481
Okt-2026,TIGALAPANKAOS BONE,OVERSIZE 20S MAMU,RED PLUM D20 PDK S,0,1,0,0,39481,39481,39481
Jan-2026,TIGALAPANKAOS BONE,OVERSIZE 20S MAMU,RED PLUM D20 PDK XL,0,12,0,0,43296,519552,0
Feb-2026,TIGALAPANKAOS BONE,OVERSIZE 20S MAMU,RED PLUM D20 PDK XL,0,12,0,0,43296,519552,519552
Mar-2026,TIGALAPANKAOS BONE,OVERSIZE 20S MAMU,RED PLUM D20 PDK XL,43296,12,0,0,43296,519552,519552
Apr-2026,TIGALAPANKAOS BONE,OVERSIZE 20S MAMU,RED PLUM D20 PDK XL,0,11,0,0,43296,476256,519552
Mei-2026,TIGALAPANKAOS BONE,OVERSIZE 20S MAMU,RED PLUM D20 PDK XL,0,11,0,0,43296,476256,476256
Jun-2026,TIGALAPANKAOS BONE,OVERSIZE 20S MAMU,RED PLUM D20 PDK XL,43296,10,0,0,43296,432960,476256
Jul-2026,TIGALAPANKAOS BONE,OVERSIZE 20S MAMU,RED PLUM D20 PDK XL,0,10,0,0,43296,432960,432960
Agu-2026,TIGALAPANKAOS BONE,OVERSIZE 20S MAMU,RED PLUM D20 PDK XL,129888,8,0,0,43296,346368,432960
Sep-2026,TIGALAPANKAOS BONE,OVERSIZE 20S MAMU,RED PLUM D20 PDK XL,0,7,0,0,43296,303072,346368
Okt-2026,TIGALAPANKAOS BONE,OVERSIZE 20S MAMU,RED PLUM D20 PDK XL,0,7,0,0,43296,303072,303072
Jan-2026,TIGALAPANKAOS BONE,OVERSIZE 20S MAMU,SEAFOAM GREEN D20 PDK 2XL,0,3,0,0,39991,119973,0
Feb-2026,TIGALAPANKAOS BONE,OVERSIZE 20S MAMU,SEAFOAM GREEN D20 PDK 2XL,0,3,0,0,39991,119973,119973
Mar-2026,TIGALAPANKAOS BONE,OVERSIZE 20S MAMU,SEAFOAM GREEN D20 PDK 2XL,0,3,0,0,39991,119973,119973
Apr-2026,TIGALAPANKAOS BONE,OVERSIZE 20S MAMU,SEAFOAM GREEN D20 PDK 2XL,0,3,0,0,39991,119973,119973
Mei-2026,TIGALAPANKAOS BONE,OVERSIZE 20S MAMU,SEAFOAM GREEN D20 PDK 2XL,0,3,0,0,39991,119973,119973
Jun-2026,TIGALAPANKAOS BONE,OVERSIZE 20S MAMU,SEAFOAM GREEN D20 PDK 2XL,0,3,0,0,39991,119973,119973
Jul-2026,TIGALAPANKAOS BONE,OVERSIZE 20S MAMU,SEAFOAM GREEN D20 PDK 2XL,0,3,0,0,39991,119973,119973
Agu-2026,TIGALAPANKAOS BONE,OVERSIZE 20S MAMU,SEAFOAM GREEN D20 PDK 2XL,0,3,0,0,39991,119973,119973
Sep-2026,TIGALAPANKAOS BONE,OVERSIZE 20S MAMU,SEAFOAM GREEN D20 PDK 2XL,0,3,0,0,39991,119973,119973
Okt-2026,TIGALAPANKAOS BONE,OVERSIZE 20S MAMU,SEAFOAM GREEN D20 PDK 2XL,0,3,0,0,39991,119973,119973
Jan-2026,TIGALAPANKAOS BONE,OVERSIZE 20S MAMU,SEAFOAM GREEN D20 PDK L,0,20,0,0,41257,825140,0
Feb-2026,TIGALAPANKAOS BONE,OVERSIZE 20S MAMU,SEAFOAM GREEN D20 PDK L,0,20,0,0,41257,825140,825140
Mar-2026,TIGALAPANKAOS BONE,OVERSIZE 20S MAMU,SEAFOAM GREEN D20 PDK L,0,15,0,0,41257,618855,825140
Apr-2026,TIGALAPANKAOS BONE,OVERSIZE 20S MAMU,SEAFOAM GREEN D20 PDK L,41257,14,0,0,41257,577598,618855
Mei-2026,TIGALAPANKAOS BONE,OVERSIZE 20S MAMU,SEAFOAM GREEN D20 PDK L,0,13,0,0,41257,536341,577598
Jun-2026,TIGALAPANKAOS BONE,OVERSIZE 20S MAMU,SEAFOAM GREEN D20 PDK L,0,13,0,0,41257,536341,536341
Jul-2026,TIGALAPANKAOS BONE,OVERSIZE 20S MAMU,SEAFOAM GREEN D20 PDK L,41257,13,0,0,41257,536341,536341
Agu-2026,TIGALAPANKAOS BONE,OVERSIZE 20S MAMU,SEAFOAM GREEN D20 PDK L,0,12,0,0,41257,495084,536341
Sep-2026,TIGALAPANKAOS BONE,OVERSIZE 20S MAMU,SEAFOAM GREEN D20 PDK L,0,12,0,0,41257,495084,495084
Okt-2026,TIGALAPANKAOS BONE,OVERSIZE 20S MAMU,SEAFOAM GREEN D20 PDK L,0,12,0,0,41257,495084,495084
Jan-2026,TIGALAPANKAOS BONE,OVERSIZE 20S MAMU,SEAFOAM GREEN D20 PDK M,0,12,0,0,41278,495336,0
Feb-2026,TIGALAPANKAOS BONE,OVERSIZE 20S MAMU,SEAFOAM GREEN D20 PDK M,0,12,0,0,41278,495336,495336
Mar-2026,TIGALAPANKAOS BONE,OVERSIZE 20S MAMU,SEAFOAM GREEN D20 PDK M,82556,10,0,0,41278,412780,495336
Apr-2026,TIGALAPANKAOS BONE,OVERSIZE 20S MAMU,SEAFOAM GREEN D20 PDK M,0,10,0,0,41278,412780,412780
Mei-2026,TIGALAPANKAOS BONE,OVERSIZE 20S MAMU,SEAFOAM GREEN D20 PDK M,41278,9,0,0,41278,371502,412780
Jun-2026,TIGALAPANKAOS BONE,OVERSIZE 20S MAMU,SEAFOAM GREEN D20 PDK M,0,9,0,0,41278,371502,371502
Jul-2026,TIGALAPANKAOS BONE,OVERSIZE 20S MAMU,SEAFOAM GREEN D20 PDK M,41278,8,0,0,41278,330224,371502
Agu-2026,TIGALAPANKAOS BONE,OVERSIZE 20S MAMU,SEAFOAM GREEN D20 PDK M,0,8,0,0,41278,330224,330224
Sep-2026,TIGALAPANKAOS BONE,OVERSIZE 20S MAMU,SEAFOAM GREEN D20 PDK M,0,8,0,0,41278,330224,330224
Okt-2026,TIGALAPANKAOS BONE,OVERSIZE 20S MAMU,SEAFOAM GREEN D20 PDK M,0,8,0,0,41278,330224,330224
Jan-2026,TIGALAPANKAOS BONE,OVERSIZE 20S MAMU,SEAFOAM GREEN D20 PDK S,0,1,0,0,35453,35453,0
Feb-2026,TIGALAPANKAOS BONE,OVERSIZE 20S MAMU,SEAFOAM GREEN D20 PDK S,0,1,0,0,35453,35453,35453
Mar-2026,TIGALAPANKAOS BONE,OVERSIZE 20S MAMU,SEAFOAM GREEN D20 PDK S,35453,0,0,0,35453,0,35453
Jan-2026,TIGALAPANKAOS BONE,OVERSIZE 20S MAMU,SEAFOAM GREEN D20 PDK XL,0,10,0,0,41993,419930,0
Feb-2026,TIGALAPANKAOS BONE,OVERSIZE 20S MAMU,SEAFOAM GREEN D20 PDK XL,0,10,0,0,41993,419930,419930
Mar-2026,TIGALAPANKAOS BONE,OVERSIZE 20S MAMU,SEAFOAM GREEN D20 PDK XL,41993,9,0,0,41993,377937,419930
Apr-2026,TIGALAPANKAOS BONE,OVERSIZE 20S MAMU,SEAFOAM GREEN D20 PDK XL,41993,8,0,0,41993,335944,377937
Mei-2026,TIGALAPANKAOS BONE,OVERSIZE 20S MAMU,SEAFOAM GREEN D20 PDK XL,0,8,0,0,41993,335944,335944
Jun-2026,TIGALAPANKAOS BONE,OVERSIZE 20S MAMU,SEAFOAM GREEN D20 PDK XL,0,8,0,0,41993,335944,335944
Jul-2026,TIGALAPANKAOS BONE,OVERSIZE 20S MAMU,SEAFOAM GREEN D20 PDK XL,0,8,0,0,41993,335944,335944
Agu-2026,TIGALAPANKAOS BONE,OVERSIZE 20S MAMU,SEAFOAM GREEN D20 PDK XL,83986,7,0,0,41993,293951,335944
Sep-2026,TIGALAPANKAOS BONE,OVERSIZE 20S MAMU,SEAFOAM GREEN D20 PDK XL,41993,5,0,0,41993,209965,293951
Okt-2026,TIGALAPANKAOS BONE,OVERSIZE 20S MAMU,SEAFOAM GREEN D20 PDK XL,0,5,0,0,41993,209965,209965
Jan-2026,TIGALAPANKAOS MANADO,OVERSIZE 20S MAMU,ABU TUA D20 PDK 2XL,0,7,0,0,42971,300797,0
Feb-2026,TIGALAPANKAOS MANADO,OVERSIZE 20S MAMU,ABU TUA D20 PDK 2XL,0,7,0,0,42971,300797,300797
Mar-2026,TIGALAPANKAOS MANADO,OVERSIZE 20S MAMU,ABU TUA D20 PDK 2XL,0,6,0,0,42971,257826,300797
Apr-2026,TIGALAPANKAOS MANADO,OVERSIZE 20S MAMU,ABU TUA D20 PDK 2XL,0,5,0,0,42971,214855,257826
Mei-2026,TIGALAPANKAOS MANADO,OVERSIZE 20S MAMU,ABU TUA D20 PDK 2XL,0,5,0,0,42971,214855,214855
Jun-2026,TIGALAPANKAOS MANADO,OVERSIZE 20S MAMU,ABU TUA D20 PDK 2XL,0,5,0,0,42971,214855,214855
Jul-2026,TIGALAPANKAOS MANADO,OVERSIZE 20S MAMU,ABU TUA D20 PDK 2XL,0,5,0,0,42971,214855,214855
Agu-2026,TIGALAPANKAOS MANADO,OVERSIZE 20S MAMU,ABU TUA D20 PDK 2XL,0,5,0,0,42971,214855,214855
Sep-2026,TIGALAPANKAOS MANADO,OVERSIZE 20S MAMU,ABU TUA D20 PDK 2XL,0,5,0,0,42971,214855,214855
Okt-2026,TIGALAPANKAOS MANADO,OVERSIZE 20S MAMU,ABU TUA D20 PDK 2XL,0,5,0,0,42971,214855,214855
Jan-2026,TIGALAPANKAOS MANADO,OVERSIZE 20S MAMU,ABU TUA D20 PDK L,44153,31,0,0,44153,1368743,0
Feb-2026,TIGALAPANKAOS MANADO,OVERSIZE 20S MAMU,ABU TUA D20 PDK L,0,31,0,0,44153,1368743,1368743
Mar-2026,TIGALAPANKAOS MANADO,OVERSIZE 20S MAMU,ABU TUA D20 PDK L,88306,18,0,0,44153,794754,1368743
Apr-2026,TIGALAPANKAOS MANADO,OVERSIZE 20S MAMU,ABU TUA D20 PDK L,44153,12,0,0,44153,529836,794754
Mei-2026,TIGALAPANKAOS MANADO,OVERSIZE 20S MAMU,ABU TUA D20 PDK L,0,12,0,0,44153,529836,529836
Jun-2026,TIGALAPANKAOS MANADO,OVERSIZE 20S MAMU,ABU TUA D20 PDK L,0,12,0,0,44153,529836,529836
Jul-2026,TIGALAPANKAOS MANADO,OVERSIZE 20S MAMU,ABU TUA D20 PDK L,0,12,0,0,44153,529836,529836
Agu-2026,TIGALAPANKAOS MANADO,OVERSIZE 20S MAMU,ABU TUA D20 PDK L,0,12,0,0,44153,529836,529836
Sep-2026,TIGALAPANKAOS MANADO,OVERSIZE 20S MAMU,ABU TUA D20 PDK L,0,12,0,0,44153,529836,529836
Okt-2026,TIGALAPANKAOS MANADO,OVERSIZE 20S MAMU,ABU TUA D20 PDK L,0,12,0,0,44153,529836,529836
Jan-2026,TIGALAPANKAOS MANADO,OVERSIZE 20S MAMU,ABU TUA D20 PDK M,0,19,0,0,43538,827222,0
Feb-2026,TIGALAPANKAOS MANADO,OVERSIZE 20S MAMU,ABU TUA D20 PDK M,0,19,0,0,43538,827222,827222
Mar-2026,TIGALAPANKAOS MANADO,OVERSIZE 20S MAMU,ABU TUA D20 PDK M,43538,15,0,0,43538,653070,827222
Apr-2026,TIGALAPANKAOS MANADO,OVERSIZE 20S MAMU,ABU TUA D20 PDK M,0,13,0,0,43538,565994,653070
Mei-2026,TIGALAPANKAOS MANADO,OVERSIZE 20S MAMU,ABU TUA D20 PDK M,0,15,0,0,43538,653070,565994
Jun-2026,TIGALAPANKAOS MANADO,OVERSIZE 20S MAMU,ABU TUA D20 PDK M,0,14,0,0,43538,609532,653070
Jul-2026,TIGALAPANKAOS MANADO,OVERSIZE 20S MAMU,ABU TUA D20 PDK M,0,14,0,0,43538,609532,609532
Agu-2026,TIGALAPANKAOS MANADO,OVERSIZE 20S MAMU,ABU TUA D20 PDK M,0,14,0,0,43538,609532,609532
Sep-2026,TIGALAPANKAOS MANADO,OVERSIZE 20S MAMU,ABU TUA D20 PDK M,0,14,0,0,43538,609532,609532
Okt-2026,TIGALAPANKAOS MANADO,OVERSIZE 20S MAMU,ABU TUA D20 PDK M,0,14,0,0,43538,609532,609532
Jan-2026,TIGALAPANKAOS MANADO,OVERSIZE 20S MAMU,ABU TUA D20 PDK S,0,8,0,0,39968,319744,0
Feb-2026,TIGALAPANKAOS MANADO,OVERSIZE 20S MAMU,ABU TUA D20 PDK S,39968,7,0,0,39968,279776,319744
Mar-2026,TIGALAPANKAOS MANADO,OVERSIZE 20S MAMU,ABU TUA D20 PDK S,0,6,0,0,39968,239808,279776
Apr-2026,TIGALAPANKAOS MANADO,OVERSIZE 20S MAMU,ABU TUA D20 PDK S,0,5,0,0,39968,199840,239808
Mei-2026,TIGALAPANKAOS MANADO,OVERSIZE 20S MAMU,ABU TUA D20 PDK S,39968,4,0,0,39968,159872,199840
Jun-2026,TIGALAPANKAOS MANADO,OVERSIZE 20S MAMU,ABU TUA D20 PDK S,39968,3,0,0,39968,119904,159872
Jul-2026,TIGALAPANKAOS MANADO,OVERSIZE 20S MAMU,ABU TUA D20 PDK S,0,3,0,0,39968,119904,119904
Agu-2026,TIGALAPANKAOS MANADO,OVERSIZE 20S MAMU,ABU TUA D20 PDK S,0,3,0,0,39968,119904,119904
Sep-2026,TIGALAPANKAOS MANADO,OVERSIZE 20S MAMU,ABU TUA D20 PDK S,0,3,0,0,39968,119904,119904
Okt-2026,TIGALAPANKAOS MANADO,OVERSIZE 20S MAMU,ABU TUA D20 PDK S,0,3,0,0,39968,119904,119904
Jan-2026,TIGALAPANKAOS MANADO,OVERSIZE 20S MAMU,ABU TUA D20 PDK XL,44904,17,0,0,44904,763368,0
Feb-2026,TIGALAPANKAOS MANADO,OVERSIZE 20S MAMU,ABU TUA D20 PDK XL,44904,16,0,0,44904,718464,763368
Mar-2026,TIGALAPANKAOS MANADO,OVERSIZE 20S MAMU,ABU TUA D20 PDK XL,44904,15,0,0,44904,673560,718464
Apr-2026,TIGALAPANKAOS MANADO,OVERSIZE 20S MAMU,ABU TUA D20 PDK XL,0,15,0,0,44904,673560,673560
Mei-2026,TIGALAPANKAOS MANADO,OVERSIZE 20S MAMU,ABU TUA D20 PDK XL,0,15,0,0,44904,673560,673560
Jun-2026,TIGALAPANKAOS MANADO,OVERSIZE 20S MAMU,ABU TUA D20 PDK XL,44904,14,0,0,44904,628656,673560
Jul-2026,TIGALAPANKAOS MANADO,OVERSIZE 20S MAMU,ABU TUA D20 PDK XL,0,14,0,0,44904,628656,628656
Agu-2026,TIGALAPANKAOS MANADO,OVERSIZE 20S MAMU,ABU TUA D20 PDK XL,0,14,0,0,44904,628656,628656
Sep-2026,TIGALAPANKAOS MANADO,OVERSIZE 20S MAMU,ABU TUA D20 PDK XL,0,14,0,0,44904,628656,628656
Okt-2026,TIGALAPANKAOS MANADO,OVERSIZE 20S MAMU,ABU TUA D20 PDK XL,0,14,0,0,44904,628656,628656
Jan-2026,TIGALAPANKAOS MANADO,OVERSIZE 20S MAMU,DENIM BLUE D20 PDK 2XL,41864,7,0,0,41864,293048,0
Feb-2026,TIGALAPANKAOS MANADO,OVERSIZE 20S MAMU,DENIM BLUE D20 PDK 2XL,0,7,0,0,41864,293048,293048
Mar-2026,TIGALAPANKAOS MANADO,OVERSIZE 20S MAMU,DENIM BLUE D20 PDK 2XL,0,7,0,0,41864,293048,293048
Apr-2026,TIGALAPANKAOS MANADO,OVERSIZE 20S MAMU,DENIM BLUE D20 PDK 2XL,41864,5,0,0,41864,209320,293048
Mei-2026,TIGALAPANKAOS MANADO,OVERSIZE 20S MAMU,DENIM BLUE D20 PDK 2XL,41864,5,0,0,41864,209320,209320
Jun-2026,TIGALAPANKAOS MANADO,OVERSIZE 20S MAMU,DENIM BLUE D20 PDK 2XL,0,4,0,0,41864,167456,209320
Jul-2026,TIGALAPANKAOS MANADO,OVERSIZE 20S MAMU,DENIM BLUE D20 PDK 2XL,0,4,0,0,41864,167456,167456
Agu-2026,TIGALAPANKAOS MANADO,OVERSIZE 20S MAMU,DENIM BLUE D20 PDK 2XL,83728,2,0,0,41864,83728,167456
Sep-2026,TIGALAPANKAOS MANADO,OVERSIZE 20S MAMU,DENIM BLUE D20 PDK 2XL,0,2,0,0,41864,83728,83728
Okt-2026,TIGALAPANKAOS MANADO,OVERSIZE 20S MAMU,DENIM BLUE D20 PDK 2XL,0,2,0,0,41864,83728,83728
Jan-2026,TIGALAPANKAOS MANADO,OVERSIZE 20S MAMU,DENIM BLUE D20 PDK L,0,30,0,0,43482,1304460,0
Feb-2026,TIGALAPANKAOS MANADO,OVERSIZE 20S MAMU,DENIM BLUE D20 PDK L,0,30,0,0,43482,1304460,1304460
Mar-2026,TIGALAPANKAOS MANADO,OVERSIZE 20S MAMU,DENIM BLUE D20 PDK L,0,20,0,0,43482,869640,1304460
Apr-2026,TIGALAPANKAOS MANADO,OVERSIZE 20S MAMU,DENIM BLUE D20 PDK L,0,17,0,0,43482,739194,869640
Mei-2026,TIGALAPANKAOS MANADO,OVERSIZE 20S MAMU,DENIM BLUE D20 PDK L,0,18,0,0,43482,782676,739194
Jun-2026,TIGALAPANKAOS MANADO,OVERSIZE 20S MAMU,DENIM BLUE D20 PDK L,0,18,0,0,43482,782676,782676
Jul-2026,TIGALAPANKAOS MANADO,OVERSIZE 20S MAMU,DENIM BLUE D20 PDK L,0,18,0,0,43482,782676,782676
Agu-2026,TIGALAPANKAOS MANADO,OVERSIZE 20S MAMU,DENIM BLUE D20 PDK L,130446,15,0,0,43482,652230,782676
Sep-2026,TIGALAPANKAOS MANADO,OVERSIZE 20S MAMU,DENIM BLUE D20 PDK L,0,15,0,0,43482,652230,652230
Okt-2026,TIGALAPANKAOS MANADO,OVERSIZE 20S MAMU,DENIM BLUE D20 PDK L,0,15,0,0,43482,652230,652230
Jan-2026,TIGALAPANKAOS MANADO,OVERSIZE 20S MAMU,DENIM BLUE D20 PDK M,0,25,0,0,43157,1078925,0
Feb-2026,TIGALAPANKAOS MANADO,OVERSIZE 20S MAMU,DENIM BLUE D20 PDK M,0,25,0,0,43157,1078925,1078925
Mar-2026,TIGALAPANKAOS MANADO,OVERSIZE 20S MAMU,DENIM BLUE D20 PDK M,43157,24,0,0,43157,1035768,1078925
Apr-2026,TIGALAPANKAOS MANADO,OVERSIZE 20S MAMU,DENIM BLUE D20 PDK M,0,20,0,0,43157,863140,1035768
Mei-2026,TIGALAPANKAOS MANADO,OVERSIZE 20S MAMU,DENIM BLUE D20 PDK M,0,19,0,0,43157,819983,863140
Jun-2026,TIGALAPANKAOS MANADO,OVERSIZE 20S MAMU,DENIM BLUE D20 PDK M,0,19,0,0,43157,819983,819983
Jul-2026,TIGALAPANKAOS MANADO,OVERSIZE 20S MAMU,DENIM BLUE D20 PDK M,0,19,0,0,43157,819983,819983
Agu-2026,TIGALAPANKAOS MANADO,OVERSIZE 20S MAMU,DENIM BLUE D20 PDK M,129471,16,0,0,43157,690512,819983
Sep-2026,TIGALAPANKAOS MANADO,OVERSIZE 20S MAMU,DENIM BLUE D20 PDK M,0,16,0,0,43157,690512,690512
Okt-2026,TIGALAPANKAOS MANADO,OVERSIZE 20S MAMU,DENIM BLUE D20 PDK M,0,16,0,0,43157,690512,690512
Jan-2026,TIGALAPANKAOS MANADO,OVERSIZE 20S MAMU,DENIM BLUE D20 PDK S,0,8,0,0,38957,311656,0
Feb-2026,TIGALAPANKAOS MANADO,OVERSIZE 20S MAMU,DENIM BLUE D20 PDK S,0,8,0,0,38957,311656,311656
Mar-2026,TIGALAPANKAOS MANADO,OVERSIZE 20S MAMU,DENIM BLUE D20 PDK S,0,7,0,0,38957,272699,311656
Apr-2026,TIGALAPANKAOS MANADO,OVERSIZE 20S MAMU,DENIM BLUE D20 PDK S,38957,5,0,0,38957,194785,272699
Mei-2026,TIGALAPANKAOS MANADO,OVERSIZE 20S MAMU,DENIM BLUE D20 PDK S,0,6,0,0,38957,233742,194785
Jun-2026,TIGALAPANKAOS MANADO,OVERSIZE 20S MAMU,DENIM BLUE D20 PDK S,0,5,0,0,38957,194785,233742
Jul-2026,TIGALAPANKAOS MANADO,OVERSIZE 20S MAMU,DENIM BLUE D20 PDK S,0,5,0,0,38957,194785,194785
Agu-2026,TIGALAPANKAOS MANADO,OVERSIZE 20S MAMU,DENIM BLUE D20 PDK S,38957,5,0,0,38957,194785,194785
Sep-2026,TIGALAPANKAOS MANADO,OVERSIZE 20S MAMU,DENIM BLUE D20 PDK S,0,4,0,0,38957,155828,194785
Okt-2026,TIGALAPANKAOS MANADO,OVERSIZE 20S MAMU,DENIM BLUE D20 PDK S,0,4,0,0,38957,155828,155828
Jan-2026,TIGALAPANKAOS MANADO,OVERSIZE 20S MAMU,DENIM BLUE D20 PDK XL,0,18,0,0,43541,783738,0
Feb-2026,TIGALAPANKAOS MANADO,OVERSIZE 20S MAMU,DENIM BLUE D20 PDK XL,43541,17,0,0,43541,740197,783738
Mar-2026,TIGALAPANKAOS MANADO,OVERSIZE 20S MAMU,DENIM BLUE D20 PDK XL,0,17,0,0,43541,740197,740197
Apr-2026,TIGALAPANKAOS MANADO,OVERSIZE 20S MAMU,DENIM BLUE D20 PDK XL,0,17,0,0,43541,740197,740197
Mei-2026,TIGALAPANKAOS MANADO,OVERSIZE 20S MAMU,DENIM BLUE D20 PDK XL,0,18,0,0,43541,783738,740197
Jun-2026,TIGALAPANKAOS MANADO,OVERSIZE 20S MAMU,DENIM BLUE D20 PDK XL,0,17,0,0,43541,740197,783738
Jul-2026,TIGALAPANKAOS MANADO,OVERSIZE 20S MAMU,DENIM BLUE D20 PDK XL,0,16,0,0,43541,696656,740197
Agu-2026,TIGALAPANKAOS MANADO,OVERSIZE 20S MAMU,DENIM BLUE D20 PDK XL,174164,12,0,0,43541,522492,696656
Sep-2026,TIGALAPANKAOS MANADO,OVERSIZE 20S MAMU,DENIM BLUE D20 PDK XL,0,12,0,0,43541,522492,522492
Okt-2026,TIGALAPANKAOS MANADO,OVERSIZE 20S MAMU,DENIM BLUE D20 PDK XL,0,12,0,0,43541,522492,522492
Jan-2026,TIGALAPANKAOS MANADO,OVERSIZE 20S MAMU,JET BLACK D20 PDK 2XL,45890,5,0,0,45890,229450,0
Feb-2026,TIGALAPANKAOS MANADO,OVERSIZE 20S MAMU,JET BLACK D20 PDK 2XL,45890,4,0,0,45890,183560,229450
Mar-2026,TIGALAPANKAOS MANADO,OVERSIZE 20S MAMU,JET BLACK D20 PDK 2XL,45890,3,0,0,45890,137670,183560
Apr-2026,TIGALAPANKAOS MANADO,OVERSIZE 20S MAMU,JET BLACK D20 PDK 2XL,137670,0,0,0,45890,0,137670
Jan-2026,TIGALAPANKAOS MANADO,OVERSIZE 20S MAMU,JET BLACK D20 PDK L,268920,9,0,0,44820,403380,0
Feb-2026,TIGALAPANKAOS MANADO,OVERSIZE 20S MAMU,JET BLACK D20 PDK L,44820,8,0,0,44820,358560,403380
Mar-2026,TIGALAPANKAOS MANADO,OVERSIZE 20S MAMU,JET BLACK D20 PDK L,358560,0,0,0,44820,0,358560
Okt-2026,TIGALAPANKAOS MANADO,OVERSIZE 20S MAMU,JET BLACK D20 PDK M,0,0,5,0,43867,219335,0
Jan-2026,TIGALAPANKAOS MANADO,OVERSIZE 20S MAMU,JET BLACK D20 PDK S,0,4,0,0,46998,187992,0
Feb-2026,TIGALAPANKAOS MANADO,OVERSIZE 20S MAMU,JET BLACK D20 PDK S,0,4,0,0,46998,187992,187992
Mar-2026,TIGALAPANKAOS MANADO,OVERSIZE 20S MAMU,JET BLACK D20 PDK S,0,4,0,0,46998,187992,187992
Apr-2026,TIGALAPANKAOS MANADO,OVERSIZE 20S MAMU,JET BLACK D20 PDK S,0,4,0,0,46998,187992,187992
Mei-2026,TIGALAPANKAOS MANADO,OVERSIZE 20S MAMU,JET BLACK D20 PDK S,0,0,0,0,46998,0,187992
Okt-2026,TIGALAPANKAOS MANADO,OVERSIZE 20S MAMU,JET BLACK D20 PDK S,0,0,1,0,46998,46998,0
Jan-2026,TIGALAPANKAOS MANADO,OVERSIZE 20S MAMU,JET BLACK D20 PDK XL,47576,3,0,0,47576,142728,0
Feb-2026,TIGALAPANKAOS MANADO,OVERSIZE 20S MAMU,JET BLACK D20 PDK XL,0,3,0,0,47576,142728,142728
Mar-2026,TIGALAPANKAOS MANADO,OVERSIZE 20S MAMU,JET BLACK D20 PDK XL,142728,0,0,0,47576,0,142728
Jan-2026,TIGALAPANKAOS MANADO,OVERSIZE 20S MAMU,MAPPLE BROWN D20 PDK 2XL,35647,7,0,0,35647,249529,0
Feb-2026,TIGALAPANKAOS MANADO,OVERSIZE 20S MAMU,MAPPLE BROWN D20 PDK 2XL,0,7,0,0,35647,249529,249529
Mar-2026,TIGALAPANKAOS MANADO,OVERSIZE 20S MAMU,MAPPLE BROWN D20 PDK 2XL,0,6,0,0,35647,213882,249529
Apr-2026,TIGALAPANKAOS MANADO,OVERSIZE 20S MAMU,MAPPLE BROWN D20 PDK 2XL,0,6,0,0,35647,213882,213882
Mei-2026,TIGALAPANKAOS MANADO,OVERSIZE 20S MAMU,MAPPLE BROWN D20 PDK 2XL,0,4,0,0,35647,142588,213882
Jun-2026,TIGALAPANKAOS MANADO,OVERSIZE 20S MAMU,MAPPLE BROWN D20 PDK 2XL,0,4,0,0,35647,142588,142588
Jul-2026,TIGALAPANKAOS MANADO,OVERSIZE 20S MAMU,MAPPLE BROWN D20 PDK 2XL,0,4,0,0,35647,142588,142588
Agu-2026,TIGALAPANKAOS MANADO,OVERSIZE 20S MAMU,MAPPLE BROWN D20 PDK 2XL,0,4,0,0,35647,142588,142588
Sep-2026,TIGALAPANKAOS MANADO,OVERSIZE 20S MAMU,MAPPLE BROWN D20 PDK 2XL,0,4,0,0,35647,142588,142588
Okt-2026,TIGALAPANKAOS MANADO,OVERSIZE 20S MAMU,MAPPLE BROWN D20 PDK 2XL,0,4,0,0,35647,142588,142588
Jan-2026,TIGALAPANKAOS MANADO,OVERSIZE 20S MAMU,MAPPLE BROWN D20 PDK L,41108,29,0,0,41108,1192132,0
Feb-2026,TIGALAPANKAOS MANADO,OVERSIZE 20S MAMU,MAPPLE BROWN D20 PDK L,0,29,0,0,41108,1192132,1192132
Mar-2026,TIGALAPANKAOS MANADO,OVERSIZE 20S MAMU,MAPPLE BROWN D20 PDK L,41108,19,0,0,41108,781052,1192132
Apr-2026,TIGALAPANKAOS MANADO,OVERSIZE 20S MAMU,MAPPLE BROWN D20 PDK L,0,19,0,0,41108,781052,781052
Mei-2026,TIGALAPANKAOS MANADO,OVERSIZE 20S MAMU,MAPPLE BROWN D20 PDK L,41108,18,0,0,41108,739944,781052
Jun-2026,TIGALAPANKAOS MANADO,OVERSIZE 20S MAMU,MAPPLE BROWN D20 PDK L,0,18,0,0,41108,739944,739944
Jul-2026,TIGALAPANKAOS MANADO,OVERSIZE 20S MAMU,MAPPLE BROWN D20 PDK L,0,18,0,0,41108,739944,739944
Agu-2026,TIGALAPANKAOS MANADO,OVERSIZE 20S MAMU,MAPPLE BROWN D20 PDK L,0,18,0,0,41108,739944,739944
Sep-2026,TIGALAPANKAOS MANADO,OVERSIZE 20S MAMU,MAPPLE BROWN D20 PDK L,0,18,0,0,41108,739944,739944
Okt-2026,TIGALAPANKAOS MANADO,OVERSIZE 20S MAMU,MAPPLE BROWN D20 PDK L,0,18,0,0,41108,739944,739944
Jan-2026,TIGALAPANKAOS MANADO,OVERSIZE 20S MAMU,MAPPLE BROWN D20 PDK M,0,21,0,0,41099,863079,0
Feb-2026,TIGALAPANKAOS MANADO,OVERSIZE 20S MAMU,MAPPLE BROWN D20 PDK M,41099,21,0,0,41099,863079,863079
Mar-2026,TIGALAPANKAOS MANADO,OVERSIZE 20S MAMU,MAPPLE BROWN D20 PDK M,0,17,0,0,41099,698683,863079
Apr-2026,TIGALAPANKAOS MANADO,OVERSIZE 20S MAMU,MAPPLE BROWN D20 PDK M,0,17,0,0,41099,698683,698683
Mei-2026,TIGALAPANKAOS MANADO,OVERSIZE 20S MAMU,MAPPLE BROWN D20 PDK M,0,17,0,0,41099,698683,698683
Jun-2026,TIGALAPANKAOS MANADO,OVERSIZE 20S MAMU,MAPPLE BROWN D20 PDK M,0,17,0,0,41099,698683,698683
Jul-2026,TIGALAPANKAOS MANADO,OVERSIZE 20S MAMU,MAPPLE BROWN D20 PDK M,0,17,0,0,41099,698683,698683
Agu-2026,TIGALAPANKAOS MANADO,OVERSIZE 20S MAMU,MAPPLE BROWN D20 PDK M,0,17,0,0,41099,698683,698683
Sep-2026,TIGALAPANKAOS MANADO,OVERSIZE 20S MAMU,MAPPLE BROWN D20 PDK M,41099,17,0,0,41099,698683,698683
Okt-2026,TIGALAPANKAOS MANADO,OVERSIZE 20S MAMU,MAPPLE BROWN D20 PDK M,0,16,0,0,41099,657584,698683
Jan-2026,TIGALAPANKAOS MANADO,OVERSIZE 20S MAMU,MAPPLE BROWN D20 PDK S,0,1,0,0,38657,38657,0
Feb-2026,TIGALAPANKAOS MANADO,OVERSIZE 20S MAMU,MAPPLE BROWN D20 PDK S,0,1,0,0,38657,38657,38657
Mar-2026,TIGALAPANKAOS MANADO,OVERSIZE 20S MAMU,MAPPLE BROWN D20 PDK S,0,1,0,0,38657,38657,38657
Apr-2026,TIGALAPANKAOS MANADO,OVERSIZE 20S MAMU,MAPPLE BROWN D20 PDK S,0,1,0,0,38657,38657,38657
Mei-2026,TIGALAPANKAOS MANADO,OVERSIZE 20S MAMU,MAPPLE BROWN D20 PDK S,0,1,0,0,38657,38657,38657
Jun-2026,TIGALAPANKAOS MANADO,OVERSIZE 20S MAMU,MAPPLE BROWN D20 PDK S,0,1,0,0,38657,38657,38657
Jul-2026,TIGALAPANKAOS MANADO,OVERSIZE 20S MAMU,MAPPLE BROWN D20 PDK S,0,1,0,0,38657,38657,38657
Agu-2026,TIGALAPANKAOS MANADO,OVERSIZE 20S MAMU,MAPPLE BROWN D20 PDK S,0,1,0,0,38657,38657,38657
Sep-2026,TIGALAPANKAOS MANADO,OVERSIZE 20S MAMU,MAPPLE BROWN D20 PDK S,0,1,0,0,38657,38657,38657
Okt-2026,TIGALAPANKAOS MANADO,OVERSIZE 20S MAMU,MAPPLE BROWN D20 PDK S,0,1,0,0,38657,38657,38657
Jan-2026,TIGALAPANKAOS MANADO,OVERSIZE 20S MAMU,MAPPLE BROWN D20 PDK XL,0,20,0,0,42681,853620,0
Feb-2026,TIGALAPANKAOS MANADO,OVERSIZE 20S MAMU,MAPPLE BROWN D20 PDK XL,0,20,0,0,42681,853620,853620
Mar-2026,TIGALAPANKAOS MANADO,OVERSIZE 20S MAMU,MAPPLE BROWN D20 PDK XL,0,20,0,0,42681,853620,853620
Apr-2026,TIGALAPANKAOS MANADO,OVERSIZE 20S MAMU,MAPPLE BROWN D20 PDK XL,0,20,0,0,42681,853620,853620
Mei-2026,TIGALAPANKAOS MANADO,OVERSIZE 20S MAMU,MAPPLE BROWN D20 PDK XL,0,20,0,0,42681,853620,853620
Jun-2026,TIGALAPANKAOS MANADO,OVERSIZE 20S MAMU,MAPPLE BROWN D20 PDK XL,0,20,0,0,42681,853620,853620
Jul-2026,TIGALAPANKAOS MANADO,OVERSIZE 20S MAMU,MAPPLE BROWN D20 PDK XL,0,19,0,0,42681,810939,853620
Agu-2026,TIGALAPANKAOS MANADO,OVERSIZE 20S MAMU,MAPPLE BROWN D20 PDK XL,0,19,0,0,42681,810939,810939
Sep-2026,TIGALAPANKAOS MANADO,OVERSIZE 20S MAMU,MAPPLE BROWN D20 PDK XL,0,19,0,0,42681,810939,810939
Okt-2026,TIGALAPANKAOS MANADO,OVERSIZE 20S MAMU,MAPPLE BROWN D20 PDK XL,0,19,0,0,42681,810939,810939
Jan-2026,TIGALAPANKAOS MANADO,OVERSIZE 20S MAMU,RED PLUM D20 PDK 2XL,0,8,0,0,41485,331880,0
Feb-2026,TIGALAPANKAOS MANADO,OVERSIZE 20S MAMU,RED PLUM D20 PDK 2XL,0,8,0,0,41485,331880,331880
Mar-2026,TIGALAPANKAOS MANADO,OVERSIZE 20S MAMU,RED PLUM D20 PDK 2XL,0,7,0,0,41485,290395,331880
Apr-2026,TIGALAPANKAOS MANADO,OVERSIZE 20S MAMU,RED PLUM D20 PDK 2XL,0,7,0,0,41485,290395,290395
Mei-2026,TIGALAPANKAOS MANADO,OVERSIZE 20S MAMU,RED PLUM D20 PDK 2XL,0,7,0,0,41485,290395,290395
Jun-2026,TIGALAPANKAOS MANADO,OVERSIZE 20S MAMU,RED PLUM D20 PDK 2XL,0,7,0,0,41485,290395,290395
Jul-2026,TIGALAPANKAOS MANADO,OVERSIZE 20S MAMU,RED PLUM D20 PDK 2XL,41485,6,0,0,41485,248910,290395
Agu-2026,TIGALAPANKAOS MANADO,OVERSIZE 20S MAMU,RED PLUM D20 PDK 2XL,0,6,0,0,41485,248910,248910
Sep-2026,TIGALAPANKAOS MANADO,OVERSIZE 20S MAMU,RED PLUM D20 PDK 2XL,0,6,0,0,41485,248910,248910
Okt-2026,TIGALAPANKAOS MANADO,OVERSIZE 20S MAMU,RED PLUM D20 PDK 2XL,0,6,0,0,41485,248910,248910
Jan-2026,TIGALAPANKAOS MANADO,OVERSIZE 20S MAMU,RED PLUM D20 PDK L,0,28,0,0,42961,1202908,0
Feb-2026,TIGALAPANKAOS MANADO,OVERSIZE 20S MAMU,RED PLUM D20 PDK L,42961,27,0,0,42961,1159947,1202908
Mar-2026,TIGALAPANKAOS MANADO,OVERSIZE 20S MAMU,RED PLUM D20 PDK L,0,20,0,0,42961,859220,1159947
Apr-2026,TIGALAPANKAOS MANADO,OVERSIZE 20S MAMU,RED PLUM D20 PDK L,0,20,0,0,42961,859220,859220
Mei-2026,TIGALAPANKAOS MANADO,OVERSIZE 20S MAMU,RED PLUM D20 PDK L,0,21,0,0,42961,902181,859220
Jun-2026,TIGALAPANKAOS MANADO,OVERSIZE 20S MAMU,RED PLUM D20 PDK L,0,21,0,0,42961,902181,902181
Jul-2026,TIGALAPANKAOS MANADO,OVERSIZE 20S MAMU,RED PLUM D20 PDK L,0,20,0,0,42961,859220,902181
Agu-2026,TIGALAPANKAOS MANADO,OVERSIZE 20S MAMU,RED PLUM D20 PDK L,0,20,0,0,42961,859220,859220
Sep-2026,TIGALAPANKAOS MANADO,OVERSIZE 20S MAMU,RED PLUM D20 PDK L,0,20,0,0,42961,859220,859220
Okt-2026,TIGALAPANKAOS MANADO,OVERSIZE 20S MAMU,RED PLUM D20 PDK L,0,20,0,0,42961,859220,859220
Jan-2026,TIGALAPANKAOS MANADO,OVERSIZE 20S MAMU,RED PLUM D20 PDK M,0,17,0,0,42056,714952,0
Feb-2026,TIGALAPANKAOS MANADO,OVERSIZE 20S MAMU,RED PLUM D20 PDK M,42056,17,0,0,42056,714952,714952
Mar-2026,TIGALAPANKAOS MANADO,OVERSIZE 20S MAMU,RED PLUM D20 PDK M,0,16,0,0,42056,672896,714952
Apr-2026,TIGALAPANKAOS MANADO,OVERSIZE 20S MAMU,RED PLUM D20 PDK M,0,16,0,0,42056,672896,672896
Mei-2026,TIGALAPANKAOS MANADO,OVERSIZE 20S MAMU,RED PLUM D20 PDK M,0,15,0,0,42056,630840,672896
Jun-2026,TIGALAPANKAOS MANADO,OVERSIZE 20S MAMU,RED PLUM D20 PDK M,0,15,0,0,42056,630840,630840
Jul-2026,TIGALAPANKAOS MANADO,OVERSIZE 20S MAMU,RED PLUM D20 PDK M,0,15,0,0,42056,630840,630840
Agu-2026,TIGALAPANKAOS MANADO,OVERSIZE 20S MAMU,RED PLUM D20 PDK M,0,15,0,0,42056,630840,630840
Sep-2026,TIGALAPANKAOS MANADO,OVERSIZE 20S MAMU,RED PLUM D20 PDK M,0,15,0,0,42056,630840,630840
Okt-2026,TIGALAPANKAOS MANADO,OVERSIZE 20S MAMU,RED PLUM D20 PDK M,0,15,0,0,42056,630840,630840
Jan-2026,TIGALAPANKAOS MANADO,OVERSIZE 20S MAMU,RED PLUM D20 PDK S,0,7,0,0,39481,276367,0
Feb-2026,TIGALAPANKAOS MANADO,OVERSIZE 20S MAMU,RED PLUM D20 PDK S,0,7,0,0,39481,276367,276367
Mar-2026,TIGALAPANKAOS MANADO,OVERSIZE 20S MAMU,RED PLUM D20 PDK S,0,6,0,0,39481,236886,276367
Apr-2026,TIGALAPANKAOS MANADO,OVERSIZE 20S MAMU,RED PLUM D20 PDK S,0,5,0,0,39481,197405,236886
Mei-2026,TIGALAPANKAOS MANADO,OVERSIZE 20S MAMU,RED PLUM D20 PDK S,0,5,0,0,39481,197405,197405
Jun-2026,TIGALAPANKAOS MANADO,OVERSIZE 20S MAMU,RED PLUM D20 PDK S,0,5,0,0,39481,197405,197405
Jul-2026,TIGALAPANKAOS MANADO,OVERSIZE 20S MAMU,RED PLUM D20 PDK S,0,5,0,0,39481,197405,197405
Agu-2026,TIGALAPANKAOS MANADO,OVERSIZE 20S MAMU,RED PLUM D20 PDK S,0,5,0,0,39481,197405,197405
Sep-2026,TIGALAPANKAOS MANADO,OVERSIZE 20S MAMU,RED PLUM D20 PDK S,0,5,0,0,39481,197405,197405
Okt-2026,TIGALAPANKAOS MANADO,OVERSIZE 20S MAMU,RED PLUM D20 PDK S,0,5,0,0,39481,197405,197405
Jan-2026,TIGALAPANKAOS MANADO,OVERSIZE 20S MAMU,RED PLUM D20 PDK XL,0,18,0,0,43296,779328,0
Feb-2026,TIGALAPANKAOS MANADO,OVERSIZE 20S MAMU,RED PLUM D20 PDK XL,0,18,0,0,43296,779328,779328
Mar-2026,TIGALAPANKAOS MANADO,OVERSIZE 20S MAMU,RED PLUM D20 PDK XL,0,18,0,0,43296,779328,779328
Apr-2026,TIGALAPANKAOS MANADO,OVERSIZE 20S MAMU,RED PLUM D20 PDK XL,0,17,0,0,43296,736032,779328
Mei-2026,TIGALAPANKAOS MANADO,OVERSIZE 20S MAMU,RED PLUM D20 PDK XL,0,17,0,0,43296,736032,736032
Jun-2026,TIGALAPANKAOS MANADO,OVERSIZE 20S MAMU,RED PLUM D20 PDK XL,0,17,0,0,43296,736032,736032
Jul-2026,TIGALAPANKAOS MANADO,OVERSIZE 20S MAMU,RED PLUM D20 PDK XL,0,17,0,0,43296,736032,736032
Agu-2026,TIGALAPANKAOS MANADO,OVERSIZE 20S MAMU,RED PLUM D20 PDK XL,86592,15,0,0,43296,649440,736032
Sep-2026,TIGALAPANKAOS MANADO,OVERSIZE 20S MAMU,RED PLUM D20 PDK XL,0,15,0,0,43296,649440,649440
Okt-2026,TIGALAPANKAOS MANADO,OVERSIZE 20S MAMU,RED PLUM D20 PDK XL,0,15,0,0,43296,649440,649440
Jan-2026,TIGALAPANKAOS MANADO,OVERSIZE 20S MAMU,SEAFOAM GREEN D20 PDK 2XL,0,3,0,0,39991,119973,0
Feb-2026,TIGALAPANKAOS MANADO,OVERSIZE 20S MAMU,SEAFOAM GREEN D20 PDK 2XL,0,3,0,0,39991,119973,119973
Mar-2026,TIGALAPANKAOS MANADO,OVERSIZE 20S MAMU,SEAFOAM GREEN D20 PDK 2XL,0,3,0,0,39991,119973,119973
Apr-2026,TIGALAPANKAOS MANADO,OVERSIZE 20S MAMU,SEAFOAM GREEN D20 PDK 2XL,39991,2,0,0,39991,79982,119973
Mei-2026,TIGALAPANKAOS MANADO,OVERSIZE 20S MAMU,SEAFOAM GREEN D20 PDK 2XL,0,1,0,0,39991,39991,79982
Jun-2026,TIGALAPANKAOS MANADO,OVERSIZE 20S MAMU,SEAFOAM GREEN D20 PDK 2XL,0,1,0,0,39991,39991,39991
Jul-2026,TIGALAPANKAOS MANADO,OVERSIZE 20S MAMU,SEAFOAM GREEN D20 PDK 2XL,0,0,0,0,39991,0,39991
Jan-2026,TIGALAPANKAOS MANADO,OVERSIZE 20S MAMU,SEAFOAM GREEN D20 PDK L,206285,16,0,0,41257,660112,0
Feb-2026,TIGALAPANKAOS MANADO,OVERSIZE 20S MAMU,SEAFOAM GREEN D20 PDK L,0,16,0,0,41257,660112,660112
Mar-2026,TIGALAPANKAOS MANADO,OVERSIZE 20S MAMU,SEAFOAM GREEN D20 PDK L,82514,15,0,0,41257,618855,660112
Apr-2026,TIGALAPANKAOS MANADO,OVERSIZE 20S MAMU,SEAFOAM GREEN D20 PDK L,41257,10,0,0,41257,412570,618855
Mei-2026,TIGALAPANKAOS MANADO,OVERSIZE 20S MAMU,SEAFOAM GREEN D20 PDK L,0,10,0,0,41257,412570,412570
Jun-2026,TIGALAPANKAOS MANADO,OVERSIZE 20S MAMU,SEAFOAM GREEN D20 PDK L,0,10,0,0,41257,412570,412570
Jul-2026,TIGALAPANKAOS MANADO,OVERSIZE 20S MAMU,SEAFOAM GREEN D20 PDK L,0,10,0,0,41257,412570,412570
Agu-2026,TIGALAPANKAOS MANADO,OVERSIZE 20S MAMU,SEAFOAM GREEN D20 PDK L,0,10,0,0,41257,412570,412570
Sep-2026,TIGALAPANKAOS MANADO,OVERSIZE 20S MAMU,SEAFOAM GREEN D20 PDK L,0,10,0,0,41257,412570,412570
Okt-2026,TIGALAPANKAOS MANADO,OVERSIZE 20S MAMU,SEAFOAM GREEN D20 PDK L,0,10,0,0,41257,412570,412570
Jan-2026,TIGALAPANKAOS MANADO,OVERSIZE 20S MAMU,SEAFOAM GREEN D20 PDK M,288946,11,0,0,41278,454058,0
Feb-2026,TIGALAPANKAOS MANADO,OVERSIZE 20S MAMU,SEAFOAM GREEN D20 PDK M,0,11,0,0,41278,454058,454058
Mar-2026,TIGALAPANKAOS MANADO,OVERSIZE 20S MAMU,SEAFOAM GREEN D20 PDK M,82556,9,0,0,41278,371502,454058
Apr-2026,TIGALAPANKAOS MANADO,OVERSIZE 20S MAMU,SEAFOAM GREEN D20 PDK M,82556,7,0,0,41278,288946,371502
Mei-2026,TIGALAPANKAOS MANADO,OVERSIZE 20S MAMU,SEAFOAM GREEN D20 PDK M,0,7,0,0,41278,288946,288946
Jun-2026,TIGALAPANKAOS MANADO,OVERSIZE 20S MAMU,SEAFOAM GREEN D20 PDK M,0,7,0,0,41278,288946,288946
Jul-2026,TIGALAPANKAOS MANADO,OVERSIZE 20S MAMU,SEAFOAM GREEN D20 PDK M,0,7,0,0,41278,288946,288946
Agu-2026,TIGALAPANKAOS MANADO,OVERSIZE 20S MAMU,SEAFOAM GREEN D20 PDK M,41278,6,0,0,41278,247668,288946
Sep-2026,TIGALAPANKAOS MANADO,OVERSIZE 20S MAMU,SEAFOAM GREEN D20 PDK M,0,6,0,0,41278,247668,247668
Okt-2026,TIGALAPANKAOS MANADO,OVERSIZE 20S MAMU,SEAFOAM GREEN D20 PDK M,0,6,0,0,41278,247668,247668
Jan-2026,TIGALAPANKAOS MANADO,OVERSIZE 20S MAMU,SEAFOAM GREEN D20 PDK S,70906,1,0,0,35453,35453,0
Feb-2026,TIGALAPANKAOS MANADO,OVERSIZE 20S MAMU,SEAFOAM GREEN D20 PDK S,35453,0,0,0,35453,0,35453
Jan-2026,TIGALAPANKAOS MANADO,OVERSIZE 20S MAMU,SEAFOAM GREEN D20 PDK XL,125979,13,0,0,41993,545909,0
Feb-2026,TIGALAPANKAOS MANADO,OVERSIZE 20S MAMU,SEAFOAM GREEN D20 PDK XL,0,13,0,0,41993,545909,545909
Mar-2026,TIGALAPANKAOS MANADO,OVERSIZE 20S MAMU,SEAFOAM GREEN D20 PDK XL,41993,12,0,0,41993,503916,545909
Apr-2026,TIGALAPANKAOS MANADO,OVERSIZE 20S MAMU,SEAFOAM GREEN D20 PDK XL,0,12,0,0,41993,503916,503916
Mei-2026,TIGALAPANKAOS MANADO,OVERSIZE 20S MAMU,SEAFOAM GREEN D20 PDK XL,0,12,0,0,41993,503916,503916
Jun-2026,TIGALAPANKAOS MANADO,OVERSIZE 20S MAMU,SEAFOAM GREEN D20 PDK XL,0,11,0,0,41993,461923,503916
Jul-2026,TIGALAPANKAOS MANADO,OVERSIZE 20S MAMU,SEAFOAM GREEN D20 PDK XL,41993,10,0,0,41993,419930,461923
Agu-2026,TIGALAPANKAOS MANADO,OVERSIZE 20S MAMU,SEAFOAM GREEN D20 PDK XL,0,10,0,0,41993,419930,419930
Sep-2026,TIGALAPANKAOS MANADO,OVERSIZE 20S MAMU,SEAFOAM GREEN D20 PDK XL,0,10,0,0,41993,419930,419930
Okt-2026,TIGALAPANKAOS MANADO,OVERSIZE 20S MAMU,SEAFOAM GREEN D20 PDK XL,0,10,0,0,41993,419930,419930
Jan-2026,TIGALAPANKAOS PALU,OVERSIZE 20S MAMU,ABU TUA D20 PDK 2XL,0,5,0,0,42971,214855,0
Feb-2026,TIGALAPANKAOS PALU,OVERSIZE 20S MAMU,ABU TUA D20 PDK 2XL,42971,4,0,0,42971,171884,214855
Mar-2026,TIGALAPANKAOS PALU,OVERSIZE 20S MAMU,ABU TUA D20 PDK 2XL,42971,3,0,0,42971,128913,171884
Apr-2026,TIGALAPANKAOS PALU,OVERSIZE 20S MAMU,ABU TUA D20 PDK 2XL,42971,2,0,0,42971,85942,128913
Mei-2026,TIGALAPANKAOS PALU,OVERSIZE 20S MAMU,ABU TUA D20 PDK 2XL,0,2,0,0,42971,85942,85942
Jun-2026,TIGALAPANKAOS PALU,OVERSIZE 20S MAMU,ABU TUA D20 PDK 2XL,0,2,0,0,42971,85942,85942
Jul-2026,TIGALAPANKAOS PALU,OVERSIZE 20S MAMU,ABU TUA D20 PDK 2XL,0,2,0,0,42971,85942,85942
Agu-2026,TIGALAPANKAOS PALU,OVERSIZE 20S MAMU,ABU TUA D20 PDK 2XL,0,2,0,0,42971,85942,85942
Sep-2026,TIGALAPANKAOS PALU,OVERSIZE 20S MAMU,ABU TUA D20 PDK 2XL,42971,2,0,0,42971,85942,85942
Okt-2026,TIGALAPANKAOS PALU,OVERSIZE 20S MAMU,ABU TUA D20 PDK 2XL,0,2,0,0,42971,85942,85942
Jan-2026,TIGALAPANKAOS PALU,OVERSIZE 20S MAMU,ABU TUA D20 PDK L,0,33,0,0,44153,1457049,0
Feb-2026,TIGALAPANKAOS PALU,OVERSIZE 20S MAMU,ABU TUA D20 PDK L,0,33,0,0,44153,1457049,1457049
Mar-2026,TIGALAPANKAOS PALU,OVERSIZE 20S MAMU,ABU TUA D20 PDK L,88306,23,0,0,44153,1015519,1457049
Apr-2026,TIGALAPANKAOS PALU,OVERSIZE 20S MAMU,ABU TUA D20 PDK L,0,23,0,0,44153,1015519,1015519
Mei-2026,TIGALAPANKAOS PALU,OVERSIZE 20S MAMU,ABU TUA D20 PDK L,88306,21,0,0,44153,927213,1015519
Jun-2026,TIGALAPANKAOS PALU,OVERSIZE 20S MAMU,ABU TUA D20 PDK L,0,21,0,0,44153,927213,927213
Jul-2026,TIGALAPANKAOS PALU,OVERSIZE 20S MAMU,ABU TUA D20 PDK L,44153,20,0,0,44153,883060,927213
Agu-2026,TIGALAPANKAOS PALU,OVERSIZE 20S MAMU,ABU TUA D20 PDK L,88306,20,0,0,44153,883060,883060
Sep-2026,TIGALAPANKAOS PALU,OVERSIZE 20S MAMU,ABU TUA D20 PDK L,0,17,0,0,44153,750601,883060
Okt-2026,TIGALAPANKAOS PALU,OVERSIZE 20S MAMU,ABU TUA D20 PDK L,0,17,0,0,44153,750601,750601
Jan-2026,TIGALAPANKAOS PALU,OVERSIZE 20S MAMU,ABU TUA D20 PDK M,0,19,0,0,43538,827222,0
Feb-2026,TIGALAPANKAOS PALU,OVERSIZE 20S MAMU,ABU TUA D20 PDK M,0,19,0,0,43538,827222,827222
Mar-2026,TIGALAPANKAOS PALU,OVERSIZE 20S MAMU,ABU TUA D20 PDK M,217690,11,0,0,43538,478918,827222
Apr-2026,TIGALAPANKAOS PALU,OVERSIZE 20S MAMU,ABU TUA D20 PDK M,0,11,0,0,43538,478918,478918
Mei-2026,TIGALAPANKAOS PALU,OVERSIZE 20S MAMU,ABU TUA D20 PDK M,0,11,0,0,43538,478918,478918
Jun-2026,TIGALAPANKAOS PALU,OVERSIZE 20S MAMU,ABU TUA D20 PDK M,0,11,0,0,43538,478918,478918
Jul-2026,TIGALAPANKAOS PALU,OVERSIZE 20S MAMU,ABU TUA D20 PDK M,0,11,0,0,43538,478918,478918
Agu-2026,TIGALAPANKAOS PALU,OVERSIZE 20S MAMU,ABU TUA D20 PDK M,0,11,0,0,43538,478918,478918
Sep-2026,TIGALAPANKAOS PALU,OVERSIZE 20S MAMU,ABU TUA D20 PDK M,43538,10,0,0,43538,435380,478918
Okt-2026,TIGALAPANKAOS PALU,OVERSIZE 20S MAMU,ABU TUA D20 PDK M,0,10,0,0,43538,435380,435380
Jan-2026,TIGALAPANKAOS PALU,OVERSIZE 20S MAMU,ABU TUA D20 PDK S,0,7,0,0,39968,279776,0
Feb-2026,TIGALAPANKAOS PALU,OVERSIZE 20S MAMU,ABU TUA D20 PDK S,0,7,0,0,39968,279776,279776
Mar-2026,TIGALAPANKAOS PALU,OVERSIZE 20S MAMU,ABU TUA D20 PDK S,0,6,0,0,39968,239808,279776
Apr-2026,TIGALAPANKAOS PALU,OVERSIZE 20S MAMU,ABU TUA D20 PDK S,0,6,0,0,39968,239808,239808
Mei-2026,TIGALAPANKAOS PALU,OVERSIZE 20S MAMU,ABU TUA D20 PDK S,0,6,0,0,39968,239808,239808
Jun-2026,TIGALAPANKAOS PALU,OVERSIZE 20S MAMU,ABU TUA D20 PDK S,0,6,0,0,39968,239808,239808
Jul-2026,TIGALAPANKAOS PALU,OVERSIZE 20S MAMU,ABU TUA D20 PDK S,0,6,0,0,39968,239808,239808
Agu-2026,TIGALAPANKAOS PALU,OVERSIZE 20S MAMU,ABU TUA D20 PDK S,0,6,0,0,39968,239808,239808
Sep-2026,TIGALAPANKAOS PALU,OVERSIZE 20S MAMU,ABU TUA D20 PDK S,39968,5,0,0,39968,199840,239808
Okt-2026,TIGALAPANKAOS PALU,OVERSIZE 20S MAMU,ABU TUA D20 PDK S,0,5,0,0,39968,199840,199840
Jan-2026,TIGALAPANKAOS PALU,OVERSIZE 20S MAMU,ABU TUA D20 PDK XL,0,21,0,0,44904,942984,0
Feb-2026,TIGALAPANKAOS PALU,OVERSIZE 20S MAMU,ABU TUA D20 PDK XL,0,21,0,0,44904,942984,942984
Mar-2026,TIGALAPANKAOS PALU,OVERSIZE 20S MAMU,ABU TUA D20 PDK XL,44904,20,0,0,44904,898080,942984
Apr-2026,TIGALAPANKAOS PALU,OVERSIZE 20S MAMU,ABU TUA D20 PDK XL,0,20,0,0,44904,898080,898080
Mei-2026,TIGALAPANKAOS PALU,OVERSIZE 20S MAMU,ABU TUA D20 PDK XL,0,20,0,0,44904,898080,898080
Jun-2026,TIGALAPANKAOS PALU,OVERSIZE 20S MAMU,ABU TUA D20 PDK XL,0,20,0,0,44904,898080,898080
Jul-2026,TIGALAPANKAOS PALU,OVERSIZE 20S MAMU,ABU TUA D20 PDK XL,44904,19,0,0,44904,853176,898080
Agu-2026,TIGALAPANKAOS PALU,OVERSIZE 20S MAMU,ABU TUA D20 PDK XL,44904,19,0,0,44904,853176,853176
Sep-2026,TIGALAPANKAOS PALU,OVERSIZE 20S MAMU,ABU TUA D20 PDK XL,0,18,0,0,44904,808272,853176
Okt-2026,TIGALAPANKAOS PALU,OVERSIZE 20S MAMU,ABU TUA D20 PDK XL,0,18,0,0,44904,808272,808272
Jan-2026,TIGALAPANKAOS PALU,OVERSIZE 20S MAMU,DENIM BLUE D20 PDK 2XL,0,8,0,0,41864,334912,0
Feb-2026,TIGALAPANKAOS PALU,OVERSIZE 20S MAMU,DENIM BLUE D20 PDK 2XL,0,8,0,0,41864,334912,334912
Mar-2026,TIGALAPANKAOS PALU,OVERSIZE 20S MAMU,DENIM BLUE D20 PDK 2XL,0,7,0,0,41864,293048,334912
Apr-2026,TIGALAPANKAOS PALU,OVERSIZE 20S MAMU,DENIM BLUE D20 PDK 2XL,0,7,0,0,41864,293048,293048
Mei-2026,TIGALAPANKAOS PALU,OVERSIZE 20S MAMU,DENIM BLUE D20 PDK 2XL,0,7,0,0,41864,293048,293048
Jun-2026,TIGALAPANKAOS PALU,OVERSIZE 20S MAMU,DENIM BLUE D20 PDK 2XL,0,7,0,0,41864,293048,293048
Jul-2026,TIGALAPANKAOS PALU,OVERSIZE 20S MAMU,DENIM BLUE D20 PDK 2XL,0,7,0,0,41864,293048,293048
Agu-2026,TIGALAPANKAOS PALU,OVERSIZE 20S MAMU,DENIM BLUE D20 PDK 2XL,41864,6,0,0,41864,251184,293048
Sep-2026,TIGALAPANKAOS PALU,OVERSIZE 20S MAMU,DENIM BLUE D20 PDK 2XL,0,6,0,0,41864,251184,251184
Okt-2026,TIGALAPANKAOS PALU,OVERSIZE 20S MAMU,DENIM BLUE D20 PDK 2XL,0,6,0,0,41864,251184,251184
Jan-2026,TIGALAPANKAOS PALU,OVERSIZE 20S MAMU,DENIM BLUE D20 PDK L,43482,28,0,0,43482,1217496,0
Feb-2026,TIGALAPANKAOS PALU,OVERSIZE 20S MAMU,DENIM BLUE D20 PDK L,43482,27,0,0,43482,1174014,1217496
Mar-2026,TIGALAPANKAOS PALU,OVERSIZE 20S MAMU,DENIM BLUE D20 PDK L,217410,20,0,0,43482,869640,1174014
Apr-2026,TIGALAPANKAOS PALU,OVERSIZE 20S MAMU,DENIM BLUE D20 PDK L,43482,19,0,0,43482,826158,869640
Mei-2026,TIGALAPANKAOS PALU,OVERSIZE 20S MAMU,DENIM BLUE D20 PDK L,0,19,0,0,43482,826158,826158
Jun-2026,TIGALAPANKAOS PALU,OVERSIZE 20S MAMU,DENIM BLUE D20 PDK L,0,19,0,0,43482,826158,826158
Jul-2026,TIGALAPANKAOS PALU,OVERSIZE 20S MAMU,DENIM BLUE D20 PDK L,0,19,0,0,43482,826158,826158
Agu-2026,TIGALAPANKAOS PALU,OVERSIZE 20S MAMU,DENIM BLUE D20 PDK L,43482,19,0,0,43482,826158,826158
Sep-2026,TIGALAPANKAOS PALU,OVERSIZE 20S MAMU,DENIM BLUE D20 PDK L,0,18,0,0,43482,782676,826158
Okt-2026,TIGALAPANKAOS PALU,OVERSIZE 20S MAMU,DENIM BLUE D20 PDK L,0,18,0,0,43482,782676,782676
Jan-2026,TIGALAPANKAOS PALU,OVERSIZE 20S MAMU,DENIM BLUE D20 PDK M,43157,18,0,0,43157,776826,0
Feb-2026,TIGALAPANKAOS PALU,OVERSIZE 20S MAMU,DENIM BLUE D20 PDK M,0,18,0,0,43157,776826,776826
Mar-2026,TIGALAPANKAOS PALU,OVERSIZE 20S MAMU,DENIM BLUE D20 PDK M,129471,12,0,0,43157,517884,776826
Apr-2026,TIGALAPANKAOS PALU,OVERSIZE 20S MAMU,DENIM BLUE D20 PDK M,0,12,0,0,43157,517884,517884
Mei-2026,TIGALAPANKAOS PALU,OVERSIZE 20S MAMU,DENIM BLUE D20 PDK M,0,12,0,0,43157,517884,517884
Jun-2026,TIGALAPANKAOS PALU,OVERSIZE 20S MAMU,DENIM BLUE D20 PDK M,0,12,0,0,43157,517884,517884
Jul-2026,TIGALAPANKAOS PALU,OVERSIZE 20S MAMU,DENIM BLUE D20 PDK M,0,12,0,0,43157,517884,517884
Agu-2026,TIGALAPANKAOS PALU,OVERSIZE 20S MAMU,DENIM BLUE D20 PDK M,0,12,0,0,43157,517884,517884
Sep-2026,TIGALAPANKAOS PALU,OVERSIZE 20S MAMU,DENIM BLUE D20 PDK M,0,12,0,0,43157,517884,517884
Okt-2026,TIGALAPANKAOS PALU,OVERSIZE 20S MAMU,DENIM BLUE D20 PDK M,0,12,0,0,43157,517884,517884
Jan-2026,TIGALAPANKAOS PALU,OVERSIZE 20S MAMU,DENIM BLUE D20 PDK S,38957,5,0,0,38957,194785,0
Feb-2026,TIGALAPANKAOS PALU,OVERSIZE 20S MAMU,DENIM BLUE D20 PDK S,0,5,0,0,38957,194785,194785
Mar-2026,TIGALAPANKAOS PALU,OVERSIZE 20S MAMU,DENIM BLUE D20 PDK S,116871,2,0,0,38957,77914,194785
Apr-2026,TIGALAPANKAOS PALU,OVERSIZE 20S MAMU,DENIM BLUE D20 PDK S,0,2,0,0,38957,77914,77914
Mei-2026,TIGALAPANKAOS PALU,OVERSIZE 20S MAMU,DENIM BLUE D20 PDK S,0,2,0,0,38957,77914,77914
Jun-2026,TIGALAPANKAOS PALU,OVERSIZE 20S MAMU,DENIM BLUE D20 PDK S,0,2,0,0,38957,77914,77914
Jul-2026,TIGALAPANKAOS PALU,OVERSIZE 20S MAMU,DENIM BLUE D20 PDK S,0,2,0,0,38957,77914,77914
Agu-2026,TIGALAPANKAOS PALU,OVERSIZE 20S MAMU,DENIM BLUE D20 PDK S,0,2,0,0,38957,77914,77914
Sep-2026,TIGALAPANKAOS PALU,OVERSIZE 20S MAMU,DENIM BLUE D20 PDK S,0,2,0,0,38957,77914,77914
Okt-2026,TIGALAPANKAOS PALU,OVERSIZE 20S MAMU,DENIM BLUE D20 PDK S,0,2,0,0,38957,77914,77914
Jan-2026,TIGALAPANKAOS PALU,OVERSIZE 20S MAMU,DENIM BLUE D20 PDK XL,0,17,0,0,43541,740197,0
Feb-2026,TIGALAPANKAOS PALU,OVERSIZE 20S MAMU,DENIM BLUE D20 PDK XL,0,17,0,0,43541,740197,740197
Mar-2026,TIGALAPANKAOS PALU,OVERSIZE 20S MAMU,DENIM BLUE D20 PDK XL,0,17,0,0,43541,740197,740197
Apr-2026,TIGALAPANKAOS PALU,OVERSIZE 20S MAMU,DENIM BLUE D20 PDK XL,0,17,0,0,43541,740197,740197
Mei-2026,TIGALAPANKAOS PALU,OVERSIZE 20S MAMU,DENIM BLUE D20 PDK XL,0,17,0,0,43541,740197,740197
Jun-2026,TIGALAPANKAOS PALU,OVERSIZE 20S MAMU,DENIM BLUE D20 PDK XL,43541,16,0,0,43541,696656,740197
Jul-2026,TIGALAPANKAOS PALU,OVERSIZE 20S MAMU,DENIM BLUE D20 PDK XL,87082,14,0,0,43541,609574,696656
Agu-2026,TIGALAPANKAOS PALU,OVERSIZE 20S MAMU,DENIM BLUE D20 PDK XL,87082,14,0,0,43541,609574,609574
Sep-2026,TIGALAPANKAOS PALU,OVERSIZE 20S MAMU,DENIM BLUE D20 PDK XL,43541,11,0,0,43541,478951,609574
Okt-2026,TIGALAPANKAOS PALU,OVERSIZE 20S MAMU,DENIM BLUE D20 PDK XL,0,11,0,0,43541,478951,478951
Jan-2026,TIGALAPANKAOS PALU,OVERSIZE 20S MAMU,JET BLACK D20 PDK 2XL,0,7,0,0,45890,321230,0
Feb-2026,TIGALAPANKAOS PALU,OVERSIZE 20S MAMU,JET BLACK D20 PDK 2XL,0,7,0,0,45890,321230,321230
Mar-2026,TIGALAPANKAOS PALU,OVERSIZE 20S MAMU,JET BLACK D20 PDK 2XL,183560,2,0,0,45890,91780,321230
Apr-2026,TIGALAPANKAOS PALU,OVERSIZE 20S MAMU,JET BLACK D20 PDK 2XL,91780,0,0,0,45890,0,91780
Jan-2026,TIGALAPANKAOS PALU,OVERSIZE 20S MAMU,JET BLACK D20 PDK L,44820,23,0,0,44820,1030860,0
Feb-2026,TIGALAPANKAOS PALU,OVERSIZE 20S MAMU,JET BLACK D20 PDK L,44820,22,0,0,44820,986040,1030860
Mar-2026,TIGALAPANKAOS PALU,OVERSIZE 20S MAMU,JET BLACK D20 PDK L,493020,8,0,0,44820,358560,986040
Apr-2026,TIGALAPANKAOS PALU,OVERSIZE 20S MAMU,JET BLACK D20 PDK L,89640,6,0,0,44820,268920,358560
Mei-2026,TIGALAPANKAOS PALU,OVERSIZE 20S MAMU,JET BLACK D20 PDK L,44820,5,0,0,44820,224100,268920
Jun-2026,TIGALAPANKAOS PALU,OVERSIZE 20S MAMU,JET BLACK D20 PDK L,224100,0,0,0,44820,0,224100
Jan-2026,TIGALAPANKAOS PALU,OVERSIZE 20S MAMU,JET BLACK D20 PDK M,87734,15,0,0,43867,658005,0
Feb-2026,TIGALAPANKAOS PALU,OVERSIZE 20S MAMU,JET BLACK D20 PDK M,131601,12,0,0,43867,526404,658005
Mar-2026,TIGALAPANKAOS PALU,OVERSIZE 20S MAMU,JET BLACK D20 PDK M,263202,4,0,0,43867,175468,526404
Apr-2026,TIGALAPANKAOS PALU,OVERSIZE 20S MAMU,JET BLACK D20 PDK M,43867,3,0,0,43867,131601,175468
Mei-2026,TIGALAPANKAOS PALU,OVERSIZE 20S MAMU,JET BLACK D20 PDK M,43867,3,0,0,43867,131601,131601
Jun-2026,TIGALAPANKAOS PALU,OVERSIZE 20S MAMU,JET BLACK D20 PDK M,87734,0,0,0,43867,0,131601
Okt-2026,TIGALAPANKAOS PALU,OVERSIZE 20S MAMU,JET BLACK D20 PDK M,0,0,9,0,43867,394803,0
Jan-2026,TIGALAPANKAOS PALU,OVERSIZE 20S MAMU,JET BLACK D20 PDK S,46998,4,0,0,46998,187992,0
Feb-2026,TIGALAPANKAOS PALU,OVERSIZE 20S MAMU,JET BLACK D20 PDK S,0,4,0,0,46998,187992,187992
Mar-2026,TIGALAPANKAOS PALU,OVERSIZE 20S MAMU,JET BLACK D20 PDK S,140994,1,0,0,46998,46998,187992
Apr-2026,TIGALAPANKAOS PALU,OVERSIZE 20S MAMU,JET BLACK D20 PDK S,0,1,0,0,46998,46998,46998
Mei-2026,TIGALAPANKAOS PALU,OVERSIZE 20S MAMU,JET BLACK D20 PDK S,0,1,0,0,46998,46998,46998
Jun-2026,TIGALAPANKAOS PALU,OVERSIZE 20S MAMU,JET BLACK D20 PDK S,46998,0,0,0,46998,0,46998
Okt-2026,TIGALAPANKAOS PALU,OVERSIZE 20S MAMU,JET BLACK D20 PDK S,0,0,3,0,46998,140994,0
Jan-2026,TIGALAPANKAOS PALU,OVERSIZE 20S MAMU,JET BLACK D20 PDK XL,47576,8,0,0,47576,380608,0
Feb-2026,TIGALAPANKAOS PALU,OVERSIZE 20S MAMU,JET BLACK D20 PDK XL,0,8,0,0,47576,380608,380608
Mar-2026,TIGALAPANKAOS PALU,OVERSIZE 20S MAMU,JET BLACK D20 PDK XL,285456,1,0,0,47576,47576,380608
Apr-2026,TIGALAPANKAOS PALU,OVERSIZE 20S MAMU,JET BLACK D20 PDK XL,0,1,0,0,47576,47576,47576
Mei-2026,TIGALAPANKAOS PALU,OVERSIZE 20S MAMU,JET BLACK D20 PDK XL,0,1,0,0,47576,47576,47576
Jun-2026,TIGALAPANKAOS PALU,OVERSIZE 20S MAMU,JET BLACK D20 PDK XL,47576,0,0,0,47576,0,47576
Jan-2026,TIGALAPANKAOS PALU,OVERSIZE 20S MAMU,MAPPLE BROWN D20 PDK 2XL,0,9,0,0,35647,320823,0
Feb-2026,TIGALAPANKAOS PALU,OVERSIZE 20S MAMU,MAPPLE BROWN D20 PDK 2XL,0,9,0,0,35647,320823,320823
Mar-2026,TIGALAPANKAOS PALU,OVERSIZE 20S MAMU,MAPPLE BROWN D20 PDK 2XL,35647,7,0,0,35647,249529,320823
Apr-2026,TIGALAPANKAOS PALU,OVERSIZE 20S MAMU,MAPPLE BROWN D20 PDK 2XL,71294,6,0,0,35647,213882,249529
Mei-2026,TIGALAPANKAOS PALU,OVERSIZE 20S MAMU,MAPPLE BROWN D20 PDK 2XL,0,5,0,0,35647,178235,213882
Jun-2026,TIGALAPANKAOS PALU,OVERSIZE 20S MAMU,MAPPLE BROWN D20 PDK 2XL,0,5,0,0,35647,178235,178235
Jul-2026,TIGALAPANKAOS PALU,OVERSIZE 20S MAMU,MAPPLE BROWN D20 PDK 2XL,0,5,0,0,35647,178235,178235
Agu-2026,TIGALAPANKAOS PALU,OVERSIZE 20S MAMU,MAPPLE BROWN D20 PDK 2XL,0,5,0,0,35647,178235,178235
Sep-2026,TIGALAPANKAOS PALU,OVERSIZE 20S MAMU,MAPPLE BROWN D20 PDK 2XL,0,5,0,0,35647,178235,178235
Okt-2026,TIGALAPANKAOS PALU,OVERSIZE 20S MAMU,MAPPLE BROWN D20 PDK 2XL,0,5,0,0,35647,178235,178235
Jan-2026,TIGALAPANKAOS PALU,OVERSIZE 20S MAMU,MAPPLE BROWN D20 PDK L,0,28,0,0,41108,1151024,0
Feb-2026,TIGALAPANKAOS PALU,OVERSIZE 20S MAMU,MAPPLE BROWN D20 PDK L,0,28,0,0,41108,1151024,1151024
Mar-2026,TIGALAPANKAOS PALU,OVERSIZE 20S MAMU,MAPPLE BROWN D20 PDK L,123324,22,0,0,41108,904376,1151024
Apr-2026,TIGALAPANKAOS PALU,OVERSIZE 20S MAMU,MAPPLE BROWN D20 PDK L,0,22,0,0,41108,904376,904376
Mei-2026,TIGALAPANKAOS PALU,OVERSIZE 20S MAMU,MAPPLE BROWN D20 PDK L,0,22,0,0,41108,904376,904376
Jun-2026,TIGALAPANKAOS PALU,OVERSIZE 20S MAMU,MAPPLE BROWN D20 PDK L,41108,21,0,0,41108,863268,904376
Jul-2026,TIGALAPANKAOS PALU,OVERSIZE 20S MAMU,MAPPLE BROWN D20 PDK L,82216,19,0,0,41108,781052,863268
Agu-2026,TIGALAPANKAOS PALU,OVERSIZE 20S MAMU,MAPPLE BROWN D20 PDK L,82216,19,0,0,41108,781052,781052
Sep-2026,TIGALAPANKAOS PALU,OVERSIZE 20S MAMU,MAPPLE BROWN D20 PDK L,41108,17,0,0,41108,698836,781052
Okt-2026,TIGALAPANKAOS PALU,OVERSIZE 20S MAMU,MAPPLE BROWN D20 PDK L,0,16,0,0,41108,657728,698836
Jan-2026,TIGALAPANKAOS PALU,OVERSIZE 20S MAMU,MAPPLE BROWN D20 PDK M,0,16,0,0,41099,657584,0
Feb-2026,TIGALAPANKAOS PALU,OVERSIZE 20S MAMU,MAPPLE BROWN D20 PDK M,0,16,0,0,41099,657584,657584
Mar-2026,TIGALAPANKAOS PALU,OVERSIZE 20S MAMU,MAPPLE BROWN D20 PDK M,82198,11,0,0,41099,452089,657584
Apr-2026,TIGALAPANKAOS PALU,OVERSIZE 20S MAMU,MAPPLE BROWN D20 PDK M,0,11,0,0,41099,452089,452089
Mei-2026,TIGALAPANKAOS PALU,OVERSIZE 20S MAMU,MAPPLE BROWN D20 PDK M,0,11,0,0,41099,452089,452089
Jun-2026,TIGALAPANKAOS PALU,OVERSIZE 20S MAMU,MAPPLE BROWN D20 PDK M,41099,10,0,0,41099,410990,452089
Jul-2026,TIGALAPANKAOS PALU,OVERSIZE 20S MAMU,MAPPLE BROWN D20 PDK M,0,10,0,0,41099,410990,410990
Agu-2026,TIGALAPANKAOS PALU,OVERSIZE 20S MAMU,MAPPLE BROWN D20 PDK M,41099,10,0,0,41099,410990,410990
Sep-2026,TIGALAPANKAOS PALU,OVERSIZE 20S MAMU,MAPPLE BROWN D20 PDK M,0,9,0,0,41099,369891,410990
Okt-2026,TIGALAPANKAOS PALU,OVERSIZE 20S MAMU,MAPPLE BROWN D20 PDK M,0,9,0,0,41099,369891,369891
Jan-2026,TIGALAPANKAOS PALU,OVERSIZE 20S MAMU,MAPPLE BROWN D20 PDK S,38657,7,0,0,38657,270599,0
Feb-2026,TIGALAPANKAOS PALU,OVERSIZE 20S MAMU,MAPPLE BROWN D20 PDK S,0,7,0,0,38657,270599,270599
Mar-2026,TIGALAPANKAOS PALU,OVERSIZE 20S MAMU,MAPPLE BROWN D20 PDK S,0,6,0,0,38657,231942,270599
Apr-2026,TIGALAPANKAOS PALU,OVERSIZE 20S MAMU,MAPPLE BROWN D20 PDK S,0,6,0,0,38657,231942,231942
Mei-2026,TIGALAPANKAOS PALU,OVERSIZE 20S MAMU,MAPPLE BROWN D20 PDK S,0,6,0,0,38657,231942,231942
Jun-2026,TIGALAPANKAOS PALU,OVERSIZE 20S MAMU,MAPPLE BROWN D20 PDK S,0,6,0,0,38657,231942,231942
Jul-2026,TIGALAPANKAOS PALU,OVERSIZE 20S MAMU,MAPPLE BROWN D20 PDK S,0,6,0,0,38657,231942,231942
Agu-2026,TIGALAPANKAOS PALU,OVERSIZE 20S MAMU,MAPPLE BROWN D20 PDK S,0,6,0,0,38657,231942,231942
Sep-2026,TIGALAPANKAOS PALU,OVERSIZE 20S MAMU,MAPPLE BROWN D20 PDK S,0,6,0,0,38657,231942,231942
Okt-2026,TIGALAPANKAOS PALU,OVERSIZE 20S MAMU,MAPPLE BROWN D20 PDK S,0,6,0,0,38657,231942,231942
Jan-2026,TIGALAPANKAOS PALU,OVERSIZE 20S MAMU,MAPPLE BROWN D20 PDK XL,0,19,0,0,42681,810939,0
Feb-2026,TIGALAPANKAOS PALU,OVERSIZE 20S MAMU,MAPPLE BROWN D20 PDK XL,0,19,0,0,42681,810939,810939
Mar-2026,TIGALAPANKAOS PALU,OVERSIZE 20S MAMU,MAPPLE BROWN D20 PDK XL,85362,17,0,0,42681,725577,810939
Apr-2026,TIGALAPANKAOS PALU,OVERSIZE 20S MAMU,MAPPLE BROWN D20 PDK XL,0,17,0,0,42681,725577,725577
Mei-2026,TIGALAPANKAOS PALU,OVERSIZE 20S MAMU,MAPPLE BROWN D20 PDK XL,0,17,0,0,42681,725577,725577
Jun-2026,TIGALAPANKAOS PALU,OVERSIZE 20S MAMU,MAPPLE BROWN D20 PDK XL,0,17,0,0,42681,725577,725577
Jul-2026,TIGALAPANKAOS PALU,OVERSIZE 20S MAMU,MAPPLE BROWN D20 PDK XL,0,17,0,0,42681,725577,725577
Agu-2026,TIGALAPANKAOS PALU,OVERSIZE 20S MAMU,MAPPLE BROWN D20 PDK XL,42681,17,0,0,42681,725577,725577
Sep-2026,TIGALAPANKAOS PALU,OVERSIZE 20S MAMU,MAPPLE BROWN D20 PDK XL,0,16,0,0,42681,682896,725577
Okt-2026,TIGALAPANKAOS PALU,OVERSIZE 20S MAMU,MAPPLE BROWN D20 PDK XL,0,16,0,0,42681,682896,682896
Jan-2026,TIGALAPANKAOS PALU,OVERSIZE 20S MAMU,RED PLUM D20 PDK 2XL,41485,7,0,0,41485,290395,0
Feb-2026,TIGALAPANKAOS PALU,OVERSIZE 20S MAMU,RED PLUM D20 PDK 2XL,0,7,0,0,41485,290395,290395
Mar-2026,TIGALAPANKAOS PALU,OVERSIZE 20S MAMU,RED PLUM D20 PDK 2XL,0,6,0,0,41485,248910,290395
Apr-2026,TIGALAPANKAOS PALU,OVERSIZE 20S MAMU,RED PLUM D20 PDK 2XL,41485,5,0,0,41485,207425,248910
Mei-2026,TIGALAPANKAOS PALU,OVERSIZE 20S MAMU,RED PLUM D20 PDK 2XL,0,5,0,0,41485,207425,207425
Jun-2026,TIGALAPANKAOS PALU,OVERSIZE 20S MAMU,RED PLUM D20 PDK 2XL,0,5,0,0,41485,207425,207425
Jul-2026,TIGALAPANKAOS PALU,OVERSIZE 20S MAMU,RED PLUM D20 PDK 2XL,82970,3,0,0,41485,124455,207425
Agu-2026,TIGALAPANKAOS PALU,OVERSIZE 20S MAMU,RED PLUM D20 PDK 2XL,41485,3,0,0,41485,124455,124455
Sep-2026,TIGALAPANKAOS PALU,OVERSIZE 20S MAMU,RED PLUM D20 PDK 2XL,0,2,0,0,41485,82970,124455
Okt-2026,TIGALAPANKAOS PALU,OVERSIZE 20S MAMU,RED PLUM D20 PDK 2XL,0,2,0,0,41485,82970,82970
Jan-2026,TIGALAPANKAOS PALU,OVERSIZE 20S MAMU,RED PLUM D20 PDK L,0,30,0,0,42961,1288830,0
Feb-2026,TIGALAPANKAOS PALU,OVERSIZE 20S MAMU,RED PLUM D20 PDK L,42961,29,0,0,42961,1245869,1288830
Mar-2026,TIGALAPANKAOS PALU,OVERSIZE 20S MAMU,RED PLUM D20 PDK L,85922,24,0,0,42961,1031064,1245869
Apr-2026,TIGALAPANKAOS PALU,OVERSIZE 20S MAMU,RED PLUM D20 PDK L,0,24,0,0,42961,1031064,1031064
Mei-2026,TIGALAPANKAOS PALU,OVERSIZE 20S MAMU,RED PLUM D20 PDK L,85922,22,0,0,42961,945142,1031064
Jun-2026,TIGALAPANKAOS PALU,OVERSIZE 20S MAMU,RED PLUM D20 PDK L,0,22,0,0,42961,945142,945142
Jul-2026,TIGALAPANKAOS PALU,OVERSIZE 20S MAMU,RED PLUM D20 PDK L,0,22,0,0,42961,945142,945142
Agu-2026,TIGALAPANKAOS PALU,OVERSIZE 20S MAMU,RED PLUM D20 PDK L,128883,20,0,0,42961,859220,945142
Sep-2026,TIGALAPANKAOS PALU,OVERSIZE 20S MAMU,RED PLUM D20 PDK L,42961,18,0,0,42961,773298,859220
Okt-2026,TIGALAPANKAOS PALU,OVERSIZE 20S MAMU,RED PLUM D20 PDK L,0,18,0,0,42961,773298,773298
Jan-2026,TIGALAPANKAOS PALU,OVERSIZE 20S MAMU,RED PLUM D20 PDK M,0,18,0,0,42056,757008,0
Feb-2026,TIGALAPANKAOS PALU,OVERSIZE 20S MAMU,RED PLUM D20 PDK M,0,18,0,0,42056,757008,757008
Mar-2026,TIGALAPANKAOS PALU,OVERSIZE 20S MAMU,RED PLUM D20 PDK M,126168,15,0,0,42056,630840,757008
Apr-2026,TIGALAPANKAOS PALU,OVERSIZE 20S MAMU,RED PLUM D20 PDK M,0,15,0,0,42056,630840,630840
Mei-2026,TIGALAPANKAOS PALU,OVERSIZE 20S MAMU,RED PLUM D20 PDK M,0,15,0,0,42056,630840,630840
Jun-2026,TIGALAPANKAOS PALU,OVERSIZE 20S MAMU,RED PLUM D20 PDK M,0,15,0,0,42056,630840,630840
Jul-2026,TIGALAPANKAOS PALU,OVERSIZE 20S MAMU,RED PLUM D20 PDK M,168224,11,0,0,42056,462616,630840
Agu-2026,TIGALAPANKAOS PALU,OVERSIZE 20S MAMU,RED PLUM D20 PDK M,0,11,0,0,42056,462616,462616
Sep-2026,TIGALAPANKAOS PALU,OVERSIZE 20S MAMU,RED PLUM D20 PDK M,42056,10,0,0,42056,420560,462616
Okt-2026,TIGALAPANKAOS PALU,OVERSIZE 20S MAMU,RED PLUM D20 PDK M,0,10,0,0,42056,420560,420560
Jan-2026,TIGALAPANKAOS PALU,OVERSIZE 20S MAMU,RED PLUM D20 PDK S,78962,6,0,0,39481,236886,0
Feb-2026,TIGALAPANKAOS PALU,OVERSIZE 20S MAMU,RED PLUM D20 PDK S,39481,5,0,0,39481,197405,236886
Mar-2026,TIGALAPANKAOS PALU,OVERSIZE 20S MAMU,RED PLUM D20 PDK S,118443,2,0,0,39481,78962,197405
Apr-2026,TIGALAPANKAOS PALU,OVERSIZE 20S MAMU,RED PLUM D20 PDK S,0,2,0,0,39481,78962,78962
Mei-2026,TIGALAPANKAOS PALU,OVERSIZE 20S MAMU,RED PLUM D20 PDK S,0,2,0,0,39481,78962,78962
Jun-2026,TIGALAPANKAOS PALU,OVERSIZE 20S MAMU,RED PLUM D20 PDK S,0,2,0,0,39481,78962,78962
Jul-2026,TIGALAPANKAOS PALU,OVERSIZE 20S MAMU,RED PLUM D20 PDK S,78962,0,0,0,39481,0,78962
Jan-2026,TIGALAPANKAOS PALU,OVERSIZE 20S MAMU,RED PLUM D20 PDK XL,0,17,0,0,43296,736032,0
Feb-2026,TIGALAPANKAOS PALU,OVERSIZE 20S MAMU,RED PLUM D20 PDK XL,0,17,0,0,43296,736032,736032
Mar-2026,TIGALAPANKAOS PALU,OVERSIZE 20S MAMU,RED PLUM D20 PDK XL,86592,15,0,0,43296,649440,736032
Apr-2026,TIGALAPANKAOS PALU,OVERSIZE 20S MAMU,RED PLUM D20 PDK XL,43296,14,0,0,43296,606144,649440
Mei-2026,TIGALAPANKAOS PALU,OVERSIZE 20S MAMU,RED PLUM D20 PDK XL,0,14,0,0,43296,606144,606144
Jun-2026,TIGALAPANKAOS PALU,OVERSIZE 20S MAMU,RED PLUM D20 PDK XL,0,14,0,0,43296,606144,606144
Jul-2026,TIGALAPANKAOS PALU,OVERSIZE 20S MAMU,RED PLUM D20 PDK XL,86592,12,0,0,43296,519552,606144
Agu-2026,TIGALAPANKAOS PALU,OVERSIZE 20S MAMU,RED PLUM D20 PDK XL,86592,11,0,0,43296,476256,519552
Sep-2026,TIGALAPANKAOS PALU,OVERSIZE 20S MAMU,RED PLUM D20 PDK XL,0,10,0,0,43296,432960,476256
Okt-2026,TIGALAPANKAOS PALU,OVERSIZE 20S MAMU,RED PLUM D20 PDK XL,0,10,0,0,43296,432960,432960
Jan-2026,TIGALAPANKAOS PALU,OVERSIZE 20S MAMU,SEAFOAM GREEN D20 PDK 2XL,0,3,0,0,39991,119973,0
Feb-2026,TIGALAPANKAOS PALU,OVERSIZE 20S MAMU,SEAFOAM GREEN D20 PDK 2XL,0,3,0,0,39991,119973,119973
Mar-2026,TIGALAPANKAOS PALU,OVERSIZE 20S MAMU,SEAFOAM GREEN D20 PDK 2XL,0,3,0,0,39991,119973,119973
Apr-2026,TIGALAPANKAOS PALU,OVERSIZE 20S MAMU,SEAFOAM GREEN D20 PDK 2XL,39991,2,0,0,39991,79982,119973
Mei-2026,TIGALAPANKAOS PALU,OVERSIZE 20S MAMU,SEAFOAM GREEN D20 PDK 2XL,0,2,0,0,39991,79982,79982
Jun-2026,TIGALAPANKAOS PALU,OVERSIZE 20S MAMU,SEAFOAM GREEN D20 PDK 2XL,0,2,0,0,39991,79982,79982
Jul-2026,TIGALAPANKAOS PALU,OVERSIZE 20S MAMU,SEAFOAM GREEN D20 PDK 2XL,0,2,0,0,39991,79982,79982
Agu-2026,TIGALAPANKAOS PALU,OVERSIZE 20S MAMU,SEAFOAM GREEN D20 PDK 2XL,0,2,0,0,39991,79982,79982
Sep-2026,TIGALAPANKAOS PALU,OVERSIZE 20S MAMU,SEAFOAM GREEN D20 PDK 2XL,0,2,0,0,39991,79982,79982
Okt-2026,TIGALAPANKAOS PALU,OVERSIZE 20S MAMU,SEAFOAM GREEN D20 PDK 2XL,0,2,0,0,39991,79982,79982
Jan-2026,TIGALAPANKAOS PALU,OVERSIZE 20S MAMU,SEAFOAM GREEN D20 PDK L,0,27,0,0,41257,1113939,0
Feb-2026,TIGALAPANKAOS PALU,OVERSIZE 20S MAMU,SEAFOAM GREEN D20 PDK L,0,27,0,0,41257,1113939,1113939
Mar-2026,TIGALAPANKAOS PALU,OVERSIZE 20S MAMU,SEAFOAM GREEN D20 PDK L,41257,24,0,0,41257,990168,1113939
Apr-2026,TIGALAPANKAOS PALU,OVERSIZE 20S MAMU,SEAFOAM GREEN D20 PDK L,0,24,0,0,41257,990168,990168
Mei-2026,TIGALAPANKAOS PALU,OVERSIZE 20S MAMU,SEAFOAM GREEN D20 PDK L,0,24,0,0,41257,990168,990168
Jun-2026,TIGALAPANKAOS PALU,OVERSIZE 20S MAMU,SEAFOAM GREEN D20 PDK L,0,24,0,0,41257,990168,990168
Jul-2026,TIGALAPANKAOS PALU,OVERSIZE 20S MAMU,SEAFOAM GREEN D20 PDK L,0,24,0,0,41257,990168,990168
Agu-2026,TIGALAPANKAOS PALU,OVERSIZE 20S MAMU,SEAFOAM GREEN D20 PDK L,41257,24,0,0,41257,990168,990168
Sep-2026,TIGALAPANKAOS PALU,OVERSIZE 20S MAMU,SEAFOAM GREEN D20 PDK L,0,23,0,0,41257,948911,990168
Okt-2026,TIGALAPANKAOS PALU,OVERSIZE 20S MAMU,SEAFOAM GREEN D20 PDK L,0,23,0,0,41257,948911,948911
Jan-2026,TIGALAPANKAOS PALU,OVERSIZE 20S MAMU,SEAFOAM GREEN D20 PDK M,0,16,0,0,41278,660448,0
Feb-2026,TIGALAPANKAOS PALU,OVERSIZE 20S MAMU,SEAFOAM GREEN D20 PDK M,0,16,0,0,41278,660448,660448
Mar-2026,TIGALAPANKAOS PALU,OVERSIZE 20S MAMU,SEAFOAM GREEN D20 PDK M,82556,14,0,0,41278,577892,660448
Apr-2026,TIGALAPANKAOS PALU,OVERSIZE 20S MAMU,SEAFOAM GREEN D20 PDK M,0,14,0,0,41278,577892,577892
Mei-2026,TIGALAPANKAOS PALU,OVERSIZE 20S MAMU,SEAFOAM GREEN D20 PDK M,0,14,0,0,41278,577892,577892
Jun-2026,TIGALAPANKAOS PALU,OVERSIZE 20S MAMU,SEAFOAM GREEN D20 PDK M,0,14,0,0,41278,577892,577892
Jul-2026,TIGALAPANKAOS PALU,OVERSIZE 20S MAMU,SEAFOAM GREEN D20 PDK M,0,14,0,0,41278,577892,577892
Agu-2026,TIGALAPANKAOS PALU,OVERSIZE 20S MAMU,SEAFOAM GREEN D20 PDK M,0,14,0,0,41278,577892,577892
Sep-2026,TIGALAPANKAOS PALU,OVERSIZE 20S MAMU,SEAFOAM GREEN D20 PDK M,0,14,0,0,41278,577892,577892
Okt-2026,TIGALAPANKAOS PALU,OVERSIZE 20S MAMU,SEAFOAM GREEN D20 PDK M,0,14,0,0,41278,577892,577892
Jan-2026,TIGALAPANKAOS PALU,OVERSIZE 20S MAMU,SEAFOAM GREEN D20 PDK S,35453,3,0,0,35453,106359,0
Feb-2026,TIGALAPANKAOS PALU,OVERSIZE 20S MAMU,SEAFOAM GREEN D20 PDK S,0,3,0,0,35453,106359,106359
Mar-2026,TIGALAPANKAOS PALU,OVERSIZE 20S MAMU,SEAFOAM GREEN D20 PDK S,0,3,0,0,35453,106359,106359
Apr-2026,TIGALAPANKAOS PALU,OVERSIZE 20S MAMU,SEAFOAM GREEN D20 PDK S,0,3,0,0,35453,106359,106359
Mei-2026,TIGALAPANKAOS PALU,OVERSIZE 20S MAMU,SEAFOAM GREEN D20 PDK S,35453,2,0,0,35453,70906,106359
Jun-2026,TIGALAPANKAOS PALU,OVERSIZE 20S MAMU,SEAFOAM GREEN D20 PDK S,0,2,0,0,35453,70906,70906
Jul-2026,TIGALAPANKAOS PALU,OVERSIZE 20S MAMU,SEAFOAM GREEN D20 PDK S,0,2,0,0,35453,70906,70906
Agu-2026,TIGALAPANKAOS PALU,OVERSIZE 20S MAMU,SEAFOAM GREEN D20 PDK S,35453,2,0,0,35453,70906,70906
Sep-2026,TIGALAPANKAOS PALU,OVERSIZE 20S MAMU,SEAFOAM GREEN D20 PDK S,0,1,0,0,35453,35453,70906
Okt-2026,TIGALAPANKAOS PALU,OVERSIZE 20S MAMU,SEAFOAM GREEN D20 PDK S,0,1,0,0,35453,35453,35453
Jan-2026,TIGALAPANKAOS PALU,OVERSIZE 20S MAMU,SEAFOAM GREEN D20 PDK XL,0,17,0,0,41993,713881,0
Feb-2026,TIGALAPANKAOS PALU,OVERSIZE 20S MAMU,SEAFOAM GREEN D20 PDK XL,0,17,0,0,41993,713881,713881
Mar-2026,TIGALAPANKAOS PALU,OVERSIZE 20S MAMU,SEAFOAM GREEN D20 PDK XL,41993,16,0,0,41993,671888,713881
Apr-2026,TIGALAPANKAOS PALU,OVERSIZE 20S MAMU,SEAFOAM GREEN D20 PDK XL,0,16,0,0,41993,671888,671888
Mei-2026,TIGALAPANKAOS PALU,OVERSIZE 20S MAMU,SEAFOAM GREEN D20 PDK XL,41993,15,0,0,41993,629895,671888
Jun-2026,TIGALAPANKAOS PALU,OVERSIZE 20S MAMU,SEAFOAM GREEN D20 PDK XL,0,15,0,0,41993,629895,629895
Jul-2026,TIGALAPANKAOS PALU,OVERSIZE 20S MAMU,SEAFOAM GREEN D20 PDK XL,0,15,0,0,41993,629895,629895
Agu-2026,TIGALAPANKAOS PALU,OVERSIZE 20S MAMU,SEAFOAM GREEN D20 PDK XL,83986,15,0,0,41993,629895,629895
Sep-2026,TIGALAPANKAOS PALU,OVERSIZE 20S MAMU,SEAFOAM GREEN D20 PDK XL,0,13,0,0,41993,545909,629895
Okt-2026,TIGALAPANKAOS PALU,OVERSIZE 20S MAMU,SEAFOAM GREEN D20 PDK XL,0,13,0,0,41993,545909,545909
Jan-2026,TIGALAPANKAOS POLMAN,OVERSIZE 20S MAMU,ABU TUA D20 PDK L,44153,0,0,0,44153,0,0
Jan-2026,TIGALAPANKAOS POLMAN,OVERSIZE 20S MAMU,ABU TUA D20 PDK M,43538,0,0,0,43538,0,0
Jan-2026,TIGALAPANKAOS POLMAN,OVERSIZE 20S MAMU,JET BLACK D20 PDK 2XL,0,5,0,0,45890,229450,0
Feb-2026,TIGALAPANKAOS POLMAN,OVERSIZE 20S MAMU,JET BLACK D20 PDK 2XL,0,5,0,0,45890,229450,229450
Mar-2026,TIGALAPANKAOS POLMAN,OVERSIZE 20S MAMU,JET BLACK D20 PDK 2XL,45890,4,0,0,45890,183560,229450
Apr-2026,TIGALAPANKAOS POLMAN,OVERSIZE 20S MAMU,JET BLACK D20 PDK 2XL,45890,3,0,0,45890,137670,183560
Mei-2026,TIGALAPANKAOS POLMAN,OVERSIZE 20S MAMU,JET BLACK D20 PDK 2XL,0,3,0,0,45890,137670,137670
Jun-2026,TIGALAPANKAOS POLMAN,OVERSIZE 20S MAMU,JET BLACK D20 PDK 2XL,0,3,0,0,45890,137670,137670
Jul-2026,TIGALAPANKAOS POLMAN,OVERSIZE 20S MAMU,JET BLACK D20 PDK 2XL,137670,1,0,0,45890,45890,137670
Agu-2026,TIGALAPANKAOS POLMAN,OVERSIZE 20S MAMU,JET BLACK D20 PDK 2XL,0,0,0,0,45890,0,45890
Jan-2026,TIGALAPANKAOS POLMAN,OVERSIZE 20S MAMU,JET BLACK D20 PDK L,0,10,0,0,44820,448200,0
Feb-2026,TIGALAPANKAOS POLMAN,OVERSIZE 20S MAMU,JET BLACK D20 PDK L,0,10,0,0,44820,448200,448200
Mar-2026,TIGALAPANKAOS POLMAN,OVERSIZE 20S MAMU,JET BLACK D20 PDK L,268920,3,0,0,44820,134460,448200
Apr-2026,TIGALAPANKAOS POLMAN,OVERSIZE 20S MAMU,JET BLACK D20 PDK L,134460,0,0,0,44820,0,134460
Jan-2026,TIGALAPANKAOS POLMAN,OVERSIZE 20S MAMU,JET BLACK D20 PDK M,0,2,0,0,43867,87734,0
Feb-2026,TIGALAPANKAOS POLMAN,OVERSIZE 20S MAMU,JET BLACK D20 PDK M,0,2,0,0,43867,87734,87734
Mar-2026,TIGALAPANKAOS POLMAN,OVERSIZE 20S MAMU,JET BLACK D20 PDK M,87734,0,0,0,43867,0,87734
Jan-2026,TIGALAPANKAOS POLMAN,OVERSIZE 20S MAMU,JET BLACK D20 PDK XL,0,12,0,0,47576,570912,0
Feb-2026,TIGALAPANKAOS POLMAN,OVERSIZE 20S MAMU,JET BLACK D20 PDK XL,0,12,0,0,47576,570912,570912
Mar-2026,TIGALAPANKAOS POLMAN,OVERSIZE 20S MAMU,JET BLACK D20 PDK XL,237880,5,0,0,47576,237880,570912
Apr-2026,TIGALAPANKAOS POLMAN,OVERSIZE 20S MAMU,JET BLACK D20 PDK XL,190304,1,0,0,47576,47576,237880
Mei-2026,TIGALAPANKAOS POLMAN,OVERSIZE 20S MAMU,JET BLACK D20 PDK XL,47576,0,0,0,47576,0,47576
Jan-2026,TIGALAPANKAOS POLMAN,OVERSIZE 20S MAMU,MAPPLE BROWN D20 PDK 2XL,0,7,0,0,35647,249529,0
Feb-2026,TIGALAPANKAOS POLMAN,OVERSIZE 20S MAMU,MAPPLE BROWN D20 PDK 2XL,0,7,0,0,35647,249529,249529
Mar-2026,TIGALAPANKAOS POLMAN,OVERSIZE 20S MAMU,MAPPLE BROWN D20 PDK 2XL,35647,5,0,0,35647,178235,249529
Apr-2026,TIGALAPANKAOS POLMAN,OVERSIZE 20S MAMU,MAPPLE BROWN D20 PDK 2XL,0,5,0,0,35647,178235,178235
Mei-2026,TIGALAPANKAOS POLMAN,OVERSIZE 20S MAMU,MAPPLE BROWN D20 PDK 2XL,0,5,0,0,35647,178235,178235
Jun-2026,TIGALAPANKAOS POLMAN,OVERSIZE 20S MAMU,MAPPLE BROWN D20 PDK 2XL,0,5,0,0,35647,178235,178235
Jul-2026,TIGALAPANKAOS POLMAN,OVERSIZE 20S MAMU,MAPPLE BROWN D20 PDK 2XL,71294,3,0,0,35647,106941,178235
Agu-2026,TIGALAPANKAOS POLMAN,OVERSIZE 20S MAMU,MAPPLE BROWN D20 PDK 2XL,0,3,0,0,35647,106941,106941
Sep-2026,TIGALAPANKAOS POLMAN,OVERSIZE 20S MAMU,MAPPLE BROWN D20 PDK 2XL,0,3,0,0,35647,106941,106941
Okt-2026,TIGALAPANKAOS POLMAN,OVERSIZE 20S MAMU,MAPPLE BROWN D20 PDK 2XL,0,3,0,0,35647,106941,106941
Jan-2026,TIGALAPANKAOS POLMAN,OVERSIZE 20S MAMU,MAPPLE BROWN D20 PDK L,41108,0,0,0,41108,0,0
Jan-2026,TIGALAPANKAOS POLMAN,OVERSIZE 20S MAMU,MAPPLE BROWN D20 PDK M,0,1,0,0,41099,41099,0
Feb-2026,TIGALAPANKAOS POLMAN,OVERSIZE 20S MAMU,MAPPLE BROWN D20 PDK M,0,1,0,0,41099,41099,41099
Mar-2026,TIGALAPANKAOS POLMAN,OVERSIZE 20S MAMU,MAPPLE BROWN D20 PDK M,0,1,0,0,41099,41099,41099
Apr-2026,TIGALAPANKAOS POLMAN,OVERSIZE 20S MAMU,MAPPLE BROWN D20 PDK M,0,1,0,0,41099,41099,41099
Mei-2026,TIGALAPANKAOS POLMAN,OVERSIZE 20S MAMU,MAPPLE BROWN D20 PDK M,0,1,0,0,41099,41099,41099
Jun-2026,TIGALAPANKAOS POLMAN,OVERSIZE 20S MAMU,MAPPLE BROWN D20 PDK M,41099,0,0,0,41099,0,41099
Jan-2026,TIGALAPANKAOS POLMAN,OVERSIZE 20S MAMU,RED PLUM D20 PDK L,85922,12,0,0,42961,515532,0
Feb-2026,TIGALAPANKAOS POLMAN,OVERSIZE 20S MAMU,RED PLUM D20 PDK L,42961,11,0,0,42961,472571,515532
Mar-2026,TIGALAPANKAOS POLMAN,OVERSIZE 20S MAMU,RED PLUM D20 PDK L,128883,8,0,0,42961,343688,472571
Apr-2026,TIGALAPANKAOS POLMAN,OVERSIZE 20S MAMU,RED PLUM D20 PDK L,42961,7,0,0,42961,300727,343688
Mei-2026,TIGALAPANKAOS POLMAN,OVERSIZE 20S MAMU,RED PLUM D20 PDK L,85922,6,0,0,42961,257766,300727
Jun-2026,TIGALAPANKAOS POLMAN,OVERSIZE 20S MAMU,RED PLUM D20 PDK L,42961,4,0,0,42961,171844,257766
Jul-2026,TIGALAPANKAOS POLMAN,OVERSIZE 20S MAMU,RED PLUM D20 PDK L,0,4,0,0,42961,171844,171844
Agu-2026,TIGALAPANKAOS POLMAN,OVERSIZE 20S MAMU,RED PLUM D20 PDK L,42961,3,0,0,42961,128883,171844
Sep-2026,TIGALAPANKAOS POLMAN,OVERSIZE 20S MAMU,RED PLUM D20 PDK L,42961,2,0,0,42961,85922,128883
Okt-2026,TIGALAPANKAOS POLMAN,OVERSIZE 20S MAMU,RED PLUM D20 PDK L,0,2,0,0,42961,85922,85922
Jan-2026,TIGALAPANKAOS POLMAN,OVERSIZE 20S MAMU,RED PLUM D20 PDK M,0,1,0,0,42056,42056,0
Feb-2026,TIGALAPANKAOS POLMAN,OVERSIZE 20S MAMU,RED PLUM D20 PDK M,0,1,0,0,42056,42056,42056
Mar-2026,TIGALAPANKAOS POLMAN,OVERSIZE 20S MAMU,RED PLUM D20 PDK M,42056,0,0,0,42056,0,42056
Jan-2026,TIGALAPANKAOS POLMAN,OVERSIZE 20S MAMU,RED PLUM D20 PDK XL,43296,0,0,0,43296,0,0
Jan-2026,TIGALAPANKAOS POLMAN,OVERSIZE 20S MAMU,SEAFOAM GREEN D20 PDK L,0,1,0,0,41257,41257,0
Feb-2026,TIGALAPANKAOS POLMAN,OVERSIZE 20S MAMU,SEAFOAM GREEN D20 PDK L,0,1,0,0,41257,41257,41257
Mar-2026,TIGALAPANKAOS POLMAN,OVERSIZE 20S MAMU,SEAFOAM GREEN D20 PDK L,0,0,0,0,41257,0,41257
Jan-2026,TIGALAPANKAOS POLMAN,OVERSIZE 20S MAMU,SEAFOAM GREEN D20 PDK M,41278,0,0,0,41278,0,0
Jan-2026,TIGALAPANKAOS SAMARINDA,OVERSIZE 20S MAMU,ABU TUA D20 PDK 2XL,0,6,0,0,42971,257826,0
Feb-2026,TIGALAPANKAOS SAMARINDA,OVERSIZE 20S MAMU,ABU TUA D20 PDK 2XL,0,6,0,0,42971,257826,257826
Mar-2026,TIGALAPANKAOS SAMARINDA,OVERSIZE 20S MAMU,ABU TUA D20 PDK 2XL,0,5,0,0,42971,214855,257826
Apr-2026,TIGALAPANKAOS SAMARINDA,OVERSIZE 20S MAMU,ABU TUA D20 PDK 2XL,0,5,0,0,42971,214855,214855
Mei-2026,TIGALAPANKAOS SAMARINDA,OVERSIZE 20S MAMU,ABU TUA D20 PDK 2XL,0,5,0,0,42971,214855,214855
Jun-2026,TIGALAPANKAOS SAMARINDA,OVERSIZE 20S MAMU,ABU TUA D20 PDK 2XL,42971,4,0,0,42971,171884,214855
Jul-2026,TIGALAPANKAOS SAMARINDA,OVERSIZE 20S MAMU,ABU TUA D20 PDK 2XL,0,4,0,0,42971,171884,171884
Agu-2026,TIGALAPANKAOS SAMARINDA,OVERSIZE 20S MAMU,ABU TUA D20 PDK 2XL,0,4,0,0,42971,171884,171884
Sep-2026,TIGALAPANKAOS SAMARINDA,OVERSIZE 20S MAMU,ABU TUA D20 PDK 2XL,0,4,0,0,42971,171884,171884
Okt-2026,TIGALAPANKAOS SAMARINDA,OVERSIZE 20S MAMU,ABU TUA D20 PDK 2XL,0,4,0,0,42971,171884,171884
Jan-2026,TIGALAPANKAOS SAMARINDA,OVERSIZE 20S MAMU,ABU TUA D20 PDK L,88306,30,0,0,44153,1324590,0
Feb-2026,TIGALAPANKAOS SAMARINDA,OVERSIZE 20S MAMU,ABU TUA D20 PDK L,44153,30,0,0,44153,1324590,1324590
Mar-2026,TIGALAPANKAOS SAMARINDA,OVERSIZE 20S MAMU,ABU TUA D20 PDK L,0,25,0,0,44153,1103825,1324590
Apr-2026,TIGALAPANKAOS SAMARINDA,OVERSIZE 20S MAMU,ABU TUA D20 PDK L,0,25,0,0,44153,1103825,1103825
Mei-2026,TIGALAPANKAOS SAMARINDA,OVERSIZE 20S MAMU,ABU TUA D20 PDK L,0,25,0,0,44153,1103825,1103825
Jun-2026,TIGALAPANKAOS SAMARINDA,OVERSIZE 20S MAMU,ABU TUA D20 PDK L,0,25,0,0,44153,1103825,1103825
Jul-2026,TIGALAPANKAOS SAMARINDA,OVERSIZE 20S MAMU,ABU TUA D20 PDK L,0,25,0,0,44153,1103825,1103825
Agu-2026,TIGALAPANKAOS SAMARINDA,OVERSIZE 20S MAMU,ABU TUA D20 PDK L,0,25,0,0,44153,1103825,1103825
Sep-2026,TIGALAPANKAOS SAMARINDA,OVERSIZE 20S MAMU,ABU TUA D20 PDK L,0,25,0,0,44153,1103825,1103825
Okt-2026,TIGALAPANKAOS SAMARINDA,OVERSIZE 20S MAMU,ABU TUA D20 PDK L,0,25,0,0,44153,1103825,1103825
Jan-2026,TIGALAPANKAOS SAMARINDA,OVERSIZE 20S MAMU,ABU TUA D20 PDK M,87076,13,0,0,43538,565994,0
Feb-2026,TIGALAPANKAOS SAMARINDA,OVERSIZE 20S MAMU,ABU TUA D20 PDK M,43538,13,0,0,43538,565994,565994
Mar-2026,TIGALAPANKAOS SAMARINDA,OVERSIZE 20S MAMU,ABU TUA D20 PDK M,43538,9,0,0,43538,391842,565994
Apr-2026,TIGALAPANKAOS SAMARINDA,OVERSIZE 20S MAMU,ABU TUA D20 PDK M,0,9,0,0,43538,391842,391842
Mei-2026,TIGALAPANKAOS SAMARINDA,OVERSIZE 20S MAMU,ABU TUA D20 PDK M,43538,8,0,0,43538,348304,391842
Jun-2026,TIGALAPANKAOS SAMARINDA,OVERSIZE 20S MAMU,ABU TUA D20 PDK M,0,8,0,0,43538,348304,348304
Jul-2026,TIGALAPANKAOS SAMARINDA,OVERSIZE 20S MAMU,ABU TUA D20 PDK M,43538,8,0,0,43538,348304,348304
Agu-2026,TIGALAPANKAOS SAMARINDA,OVERSIZE 20S MAMU,ABU TUA D20 PDK M,0,7,0,0,43538,304766,348304
Sep-2026,TIGALAPANKAOS SAMARINDA,OVERSIZE 20S MAMU,ABU TUA D20 PDK M,0,7,0,0,43538,304766,304766
Okt-2026,TIGALAPANKAOS SAMARINDA,OVERSIZE 20S MAMU,ABU TUA D20 PDK M,0,7,0,0,43538,304766,304766
Jan-2026,TIGALAPANKAOS SAMARINDA,OVERSIZE 20S MAMU,ABU TUA D20 PDK S,39968,6,0,0,39968,239808,0
Feb-2026,TIGALAPANKAOS SAMARINDA,OVERSIZE 20S MAMU,ABU TUA D20 PDK S,0,6,0,0,39968,239808,239808
Mar-2026,TIGALAPANKAOS SAMARINDA,OVERSIZE 20S MAMU,ABU TUA D20 PDK S,39968,4,0,0,39968,159872,239808
Apr-2026,TIGALAPANKAOS SAMARINDA,OVERSIZE 20S MAMU,ABU TUA D20 PDK S,39968,3,0,0,39968,119904,159872
Mei-2026,TIGALAPANKAOS SAMARINDA,OVERSIZE 20S MAMU,ABU TUA D20 PDK S,0,3,0,0,39968,119904,119904
Jun-2026,TIGALAPANKAOS SAMARINDA,OVERSIZE 20S MAMU,ABU TUA D20 PDK S,0,3,0,0,39968,119904,119904
Jul-2026,TIGALAPANKAOS SAMARINDA,OVERSIZE 20S MAMU,ABU TUA D20 PDK S,0,3,0,0,39968,119904,119904
Agu-2026,TIGALAPANKAOS SAMARINDA,OVERSIZE 20S MAMU,ABU TUA D20 PDK S,39968,3,0,0,39968,119904,119904
Sep-2026,TIGALAPANKAOS SAMARINDA,OVERSIZE 20S MAMU,ABU TUA D20 PDK S,0,2,0,0,39968,79936,119904
Okt-2026,TIGALAPANKAOS SAMARINDA,OVERSIZE 20S MAMU,ABU TUA D20 PDK S,0,2,0,0,39968,79936,79936
Jan-2026,TIGALAPANKAOS SAMARINDA,OVERSIZE 20S MAMU,ABU TUA D20 PDK XL,44904,16,0,0,44904,718464,0
Feb-2026,TIGALAPANKAOS SAMARINDA,OVERSIZE 20S MAMU,ABU TUA D20 PDK XL,0,16,0,0,44904,718464,718464
Mar-2026,TIGALAPANKAOS SAMARINDA,OVERSIZE 20S MAMU,ABU TUA D20 PDK XL,0,16,0,0,44904,718464,718464
Apr-2026,TIGALAPANKAOS SAMARINDA,OVERSIZE 20S MAMU,ABU TUA D20 PDK XL,0,16,0,0,44904,718464,718464
Mei-2026,TIGALAPANKAOS SAMARINDA,OVERSIZE 20S MAMU,ABU TUA D20 PDK XL,0,15,0,0,44904,673560,718464
Jun-2026,TIGALAPANKAOS SAMARINDA,OVERSIZE 20S MAMU,ABU TUA D20 PDK XL,0,15,0,0,44904,673560,673560
Jul-2026,TIGALAPANKAOS SAMARINDA,OVERSIZE 20S MAMU,ABU TUA D20 PDK XL,0,15,0,0,44904,673560,673560
Agu-2026,TIGALAPANKAOS SAMARINDA,OVERSIZE 20S MAMU,ABU TUA D20 PDK XL,0,15,0,0,44904,673560,673560
Sep-2026,TIGALAPANKAOS SAMARINDA,OVERSIZE 20S MAMU,ABU TUA D20 PDK XL,44904,14,0,0,44904,628656,673560
Okt-2026,TIGALAPANKAOS SAMARINDA,OVERSIZE 20S MAMU,ABU TUA D20 PDK XL,0,14,0,0,44904,628656,628656
Jan-2026,TIGALAPANKAOS SAMARINDA,OVERSIZE 20S MAMU,DENIM BLUE D20 PDK 2XL,0,8,0,0,41864,334912,0
Feb-2026,TIGALAPANKAOS SAMARINDA,OVERSIZE 20S MAMU,DENIM BLUE D20 PDK 2XL,0,8,0,0,41864,334912,334912
Mar-2026,TIGALAPANKAOS SAMARINDA,OVERSIZE 20S MAMU,DENIM BLUE D20 PDK 2XL,0,7,0,0,41864,293048,334912
Apr-2026,TIGALAPANKAOS SAMARINDA,OVERSIZE 20S MAMU,DENIM BLUE D20 PDK 2XL,0,7,0,0,41864,293048,293048
Mei-2026,TIGALAPANKAOS SAMARINDA,OVERSIZE 20S MAMU,DENIM BLUE D20 PDK 2XL,41864,6,0,0,41864,251184,293048
Jun-2026,TIGALAPANKAOS SAMARINDA,OVERSIZE 20S MAMU,DENIM BLUE D20 PDK 2XL,0,6,0,0,41864,251184,251184
Jul-2026,TIGALAPANKAOS SAMARINDA,OVERSIZE 20S MAMU,DENIM BLUE D20 PDK 2XL,0,6,0,0,41864,251184,251184
Agu-2026,TIGALAPANKAOS SAMARINDA,OVERSIZE 20S MAMU,DENIM BLUE D20 PDK 2XL,0,6,0,0,41864,251184,251184
Sep-2026,TIGALAPANKAOS SAMARINDA,OVERSIZE 20S MAMU,DENIM BLUE D20 PDK 2XL,0,6,0,0,41864,251184,251184
Okt-2026,TIGALAPANKAOS SAMARINDA,OVERSIZE 20S MAMU,DENIM BLUE D20 PDK 2XL,0,6,0,0,41864,251184,251184
Jan-2026,TIGALAPANKAOS SAMARINDA,OVERSIZE 20S MAMU,DENIM BLUE D20 PDK L,43482,28,0,0,43482,1217496,0
Feb-2026,TIGALAPANKAOS SAMARINDA,OVERSIZE 20S MAMU,DENIM BLUE D20 PDK L,0,28,0,0,43482,1217496,1217496
Mar-2026,TIGALAPANKAOS SAMARINDA,OVERSIZE 20S MAMU,DENIM BLUE D20 PDK L,86964,23,0,0,43482,1000086,1217496
Apr-2026,TIGALAPANKAOS SAMARINDA,OVERSIZE 20S MAMU,DENIM BLUE D20 PDK L,86964,21,0,0,43482,913122,1000086
Mei-2026,TIGALAPANKAOS SAMARINDA,OVERSIZE 20S MAMU,DENIM BLUE D20 PDK L,0,21,0,0,43482,913122,913122
Jun-2026,TIGALAPANKAOS SAMARINDA,OVERSIZE 20S MAMU,DENIM BLUE D20 PDK L,0,21,0,0,43482,913122,913122
Jul-2026,TIGALAPANKAOS SAMARINDA,OVERSIZE 20S MAMU,DENIM BLUE D20 PDK L,0,21,0,0,43482,913122,913122
Agu-2026,TIGALAPANKAOS SAMARINDA,OVERSIZE 20S MAMU,DENIM BLUE D20 PDK L,43482,21,0,0,43482,913122,913122
Sep-2026,TIGALAPANKAOS SAMARINDA,OVERSIZE 20S MAMU,DENIM BLUE D20 PDK L,0,20,0,0,43482,869640,913122
Okt-2026,TIGALAPANKAOS SAMARINDA,OVERSIZE 20S MAMU,DENIM BLUE D20 PDK L,0,20,0,0,43482,869640,869640
Jan-2026,TIGALAPANKAOS SAMARINDA,OVERSIZE 20S MAMU,DENIM BLUE D20 PDK M,0,19,0,0,43157,819983,0
Feb-2026,TIGALAPANKAOS SAMARINDA,OVERSIZE 20S MAMU,DENIM BLUE D20 PDK M,0,19,0,0,43157,819983,819983
Mar-2026,TIGALAPANKAOS SAMARINDA,OVERSIZE 20S MAMU,DENIM BLUE D20 PDK M,0,16,0,0,43157,690512,819983
Apr-2026,TIGALAPANKAOS SAMARINDA,OVERSIZE 20S MAMU,DENIM BLUE D20 PDK M,43157,15,0,0,43157,647355,690512
Mei-2026,TIGALAPANKAOS SAMARINDA,OVERSIZE 20S MAMU,DENIM BLUE D20 PDK M,0,15,0,0,43157,647355,647355
Jun-2026,TIGALAPANKAOS SAMARINDA,OVERSIZE 20S MAMU,DENIM BLUE D20 PDK M,0,15,0,0,43157,647355,647355
Jul-2026,TIGALAPANKAOS SAMARINDA,OVERSIZE 20S MAMU,DENIM BLUE D20 PDK M,0,15,0,0,43157,647355,647355
Agu-2026,TIGALAPANKAOS SAMARINDA,OVERSIZE 20S MAMU,DENIM BLUE D20 PDK M,0,15,0,0,43157,647355,647355
Sep-2026,TIGALAPANKAOS SAMARINDA,OVERSIZE 20S MAMU,DENIM BLUE D20 PDK M,0,15,0,0,43157,647355,647355
Okt-2026,TIGALAPANKAOS SAMARINDA,OVERSIZE 20S MAMU,DENIM BLUE D20 PDK M,0,15,0,0,43157,647355,647355
Jan-2026,TIGALAPANKAOS SAMARINDA,OVERSIZE 20S MAMU,DENIM BLUE D20 PDK S,0,8,0,0,38957,311656,0
Feb-2026,TIGALAPANKAOS SAMARINDA,OVERSIZE 20S MAMU,DENIM BLUE D20 PDK S,0,8,0,0,38957,311656,311656
Mar-2026,TIGALAPANKAOS SAMARINDA,OVERSIZE 20S MAMU,DENIM BLUE D20 PDK S,0,7,0,0,38957,272699,311656
Apr-2026,TIGALAPANKAOS SAMARINDA,OVERSIZE 20S MAMU,DENIM BLUE D20 PDK S,0,7,0,0,38957,272699,272699
Mei-2026,TIGALAPANKAOS SAMARINDA,OVERSIZE 20S MAMU,DENIM BLUE D20 PDK S,0,7,0,0,38957,272699,272699
Jun-2026,TIGALAPANKAOS SAMARINDA,OVERSIZE 20S MAMU,DENIM BLUE D20 PDK S,0,7,0,0,38957,272699,272699
Jul-2026,TIGALAPANKAOS SAMARINDA,OVERSIZE 20S MAMU,DENIM BLUE D20 PDK S,38957,6,0,0,38957,233742,272699
Agu-2026,TIGALAPANKAOS SAMARINDA,OVERSIZE 20S MAMU,DENIM BLUE D20 PDK S,0,6,0,0,38957,233742,233742
Sep-2026,TIGALAPANKAOS SAMARINDA,OVERSIZE 20S MAMU,DENIM BLUE D20 PDK S,0,6,0,0,38957,233742,233742
Okt-2026,TIGALAPANKAOS SAMARINDA,OVERSIZE 20S MAMU,DENIM BLUE D20 PDK S,0,6,0,0,38957,233742,233742
Jan-2026,TIGALAPANKAOS SAMARINDA,OVERSIZE 20S MAMU,DENIM BLUE D20 PDK XL,0,20,0,0,43541,870820,0
Feb-2026,TIGALAPANKAOS SAMARINDA,OVERSIZE 20S MAMU,DENIM BLUE D20 PDK XL,0,20,0,0,43541,870820,870820
Mar-2026,TIGALAPANKAOS SAMARINDA,OVERSIZE 20S MAMU,DENIM BLUE D20 PDK XL,87082,18,0,0,43541,783738,870820
Apr-2026,TIGALAPANKAOS SAMARINDA,OVERSIZE 20S MAMU,DENIM BLUE D20 PDK XL,0,18,0,0,43541,783738,783738
Mei-2026,TIGALAPANKAOS SAMARINDA,OVERSIZE 20S MAMU,DENIM BLUE D20 PDK XL,0,18,0,0,43541,783738,783738
Jun-2026,TIGALAPANKAOS SAMARINDA,OVERSIZE 20S MAMU,DENIM BLUE D20 PDK XL,43541,17,0,0,43541,740197,783738
Jul-2026,TIGALAPANKAOS SAMARINDA,OVERSIZE 20S MAMU,DENIM BLUE D20 PDK XL,0,17,0,0,43541,740197,740197
Agu-2026,TIGALAPANKAOS SAMARINDA,OVERSIZE 20S MAMU,DENIM BLUE D20 PDK XL,0,17,0,0,43541,740197,740197
Sep-2026,TIGALAPANKAOS SAMARINDA,OVERSIZE 20S MAMU,DENIM BLUE D20 PDK XL,0,17,0,0,43541,740197,740197
Okt-2026,TIGALAPANKAOS SAMARINDA,OVERSIZE 20S MAMU,DENIM BLUE D20 PDK XL,0,17,0,0,43541,740197,740197
Jan-2026,TIGALAPANKAOS SAMARINDA,OVERSIZE 20S MAMU,JET BLACK D20 PDK 2XL,0,4,0,0,45890,183560,0
Feb-2026,TIGALAPANKAOS SAMARINDA,OVERSIZE 20S MAMU,JET BLACK D20 PDK 2XL,45890,3,0,0,45890,137670,183560
Mar-2026,TIGALAPANKAOS SAMARINDA,OVERSIZE 20S MAMU,JET BLACK D20 PDK 2XL,137670,0,0,0,45890,0,137670
Jan-2026,TIGALAPANKAOS SAMARINDA,OVERSIZE 20S MAMU,JET BLACK D20 PDK L,448200,8,0,0,44820,358560,0
Feb-2026,TIGALAPANKAOS SAMARINDA,OVERSIZE 20S MAMU,JET BLACK D20 PDK L,0,8,0,0,44820,358560,358560
Mar-2026,TIGALAPANKAOS SAMARINDA,OVERSIZE 20S MAMU,JET BLACK D20 PDK L,179280,4,0,0,44820,179280,358560
Apr-2026,TIGALAPANKAOS SAMARINDA,OVERSIZE 20S MAMU,JET BLACK D20 PDK L,44820,4,0,0,44820,179280,179280
Mei-2026,TIGALAPANKAOS SAMARINDA,OVERSIZE 20S MAMU,JET BLACK D20 PDK L,134460,0,0,0,44820,0,179280
Jan-2026,TIGALAPANKAOS SAMARINDA,OVERSIZE 20S MAMU,JET BLACK D20 PDK M,131601,0,0,0,43867,0,0
Okt-2026,TIGALAPANKAOS SAMARINDA,OVERSIZE 20S MAMU,JET BLACK D20 PDK M,0,0,5,0,43867,219335,0
Jan-2026,TIGALAPANKAOS SAMARINDA,OVERSIZE 20S MAMU,JET BLACK D20 PDK S,93996,3,0,0,46998,140994,0
Feb-2026,TIGALAPANKAOS SAMARINDA,OVERSIZE 20S MAMU,JET BLACK D20 PDK S,0,3,0,0,46998,140994,140994
Mar-2026,TIGALAPANKAOS SAMARINDA,OVERSIZE 20S MAMU,JET BLACK D20 PDK S,46998,2,0,0,46998,93996,140994
Apr-2026,TIGALAPANKAOS SAMARINDA,OVERSIZE 20S MAMU,JET BLACK D20 PDK S,0,2,0,0,46998,93996,93996
Mei-2026,TIGALAPANKAOS SAMARINDA,OVERSIZE 20S MAMU,JET BLACK D20 PDK S,46998,1,0,0,46998,46998,93996
Jun-2026,TIGALAPANKAOS SAMARINDA,OVERSIZE 20S MAMU,JET BLACK D20 PDK S,0,1,0,0,46998,46998,46998
Jul-2026,TIGALAPANKAOS SAMARINDA,OVERSIZE 20S MAMU,JET BLACK D20 PDK S,46998,1,0,0,46998,46998,46998
Agu-2026,TIGALAPANKAOS SAMARINDA,OVERSIZE 20S MAMU,JET BLACK D20 PDK S,0,0,0,0,46998,0,46998
Jan-2026,TIGALAPANKAOS SAMARINDA,OVERSIZE 20S MAMU,JET BLACK D20 PDK XL,190304,7,0,0,47576,333032,0
Feb-2026,TIGALAPANKAOS SAMARINDA,OVERSIZE 20S MAMU,JET BLACK D20 PDK XL,0,7,0,0,47576,333032,333032
Mar-2026,TIGALAPANKAOS SAMARINDA,OVERSIZE 20S MAMU,JET BLACK D20 PDK XL,95152,4,0,0,47576,190304,333032
Apr-2026,TIGALAPANKAOS SAMARINDA,OVERSIZE 20S MAMU,JET BLACK D20 PDK XL,47576,3,0,0,47576,142728,190304
Mei-2026,TIGALAPANKAOS SAMARINDA,OVERSIZE 20S MAMU,JET BLACK D20 PDK XL,95152,1,0,0,47576,47576,142728
Jun-2026,TIGALAPANKAOS SAMARINDA,OVERSIZE 20S MAMU,JET BLACK D20 PDK XL,47576,0,0,0,47576,0,47576
Jan-2026,TIGALAPANKAOS SAMARINDA,OVERSIZE 20S MAMU,MAPPLE BROWN D20 PDK 2XL,0,8,0,0,35647,285176,0
Feb-2026,TIGALAPANKAOS SAMARINDA,OVERSIZE 20S MAMU,MAPPLE BROWN D20 PDK 2XL,0,8,0,0,35647,285176,285176
Mar-2026,TIGALAPANKAOS SAMARINDA,OVERSIZE 20S MAMU,MAPPLE BROWN D20 PDK 2XL,35647,6,0,0,35647,213882,285176
Apr-2026,TIGALAPANKAOS SAMARINDA,OVERSIZE 20S MAMU,MAPPLE BROWN D20 PDK 2XL,0,6,0,0,35647,213882,213882
Mei-2026,TIGALAPANKAOS SAMARINDA,OVERSIZE 20S MAMU,MAPPLE BROWN D20 PDK 2XL,35647,5,0,0,35647,178235,213882
Jun-2026,TIGALAPANKAOS SAMARINDA,OVERSIZE 20S MAMU,MAPPLE BROWN D20 PDK 2XL,35647,4,0,0,35647,142588,178235
Jul-2026,TIGALAPANKAOS SAMARINDA,OVERSIZE 20S MAMU,MAPPLE BROWN D20 PDK 2XL,0,4,0,0,35647,142588,142588
Agu-2026,TIGALAPANKAOS SAMARINDA,OVERSIZE 20S MAMU,MAPPLE BROWN D20 PDK 2XL,0,4,0,0,35647,142588,142588
Sep-2026,TIGALAPANKAOS SAMARINDA,OVERSIZE 20S MAMU,MAPPLE BROWN D20 PDK 2XL,0,4,0,0,35647,142588,142588
Okt-2026,TIGALAPANKAOS SAMARINDA,OVERSIZE 20S MAMU,MAPPLE BROWN D20 PDK 2XL,0,4,0,0,35647,142588,142588
Jan-2026,TIGALAPANKAOS SAMARINDA,OVERSIZE 20S MAMU,MAPPLE BROWN D20 PDK L,0,29,0,0,41108,1192132,0
Feb-2026,TIGALAPANKAOS SAMARINDA,OVERSIZE 20S MAMU,MAPPLE BROWN D20 PDK L,0,29,0,0,41108,1192132,1192132
Mar-2026,TIGALAPANKAOS SAMARINDA,OVERSIZE 20S MAMU,MAPPLE BROWN D20 PDK L,0,25,0,0,41108,1027700,1192132
Apr-2026,TIGALAPANKAOS SAMARINDA,OVERSIZE 20S MAMU,MAPPLE BROWN D20 PDK L,0,25,0,0,41108,1027700,1027700
Mei-2026,TIGALAPANKAOS SAMARINDA,OVERSIZE 20S MAMU,MAPPLE BROWN D20 PDK L,0,25,0,0,41108,1027700,1027700
Jun-2026,TIGALAPANKAOS SAMARINDA,OVERSIZE 20S MAMU,MAPPLE BROWN D20 PDK L,0,25,0,0,41108,1027700,1027700
Jul-2026,TIGALAPANKAOS SAMARINDA,OVERSIZE 20S MAMU,MAPPLE BROWN D20 PDK L,41108,25,0,0,41108,1027700,1027700
Agu-2026,TIGALAPANKAOS SAMARINDA,OVERSIZE 20S MAMU,MAPPLE BROWN D20 PDK L,0,24,0,0,41108,986592,1027700
Sep-2026,TIGALAPANKAOS SAMARINDA,OVERSIZE 20S MAMU,MAPPLE BROWN D20 PDK L,0,24,0,0,41108,986592,986592
Okt-2026,TIGALAPANKAOS SAMARINDA,OVERSIZE 20S MAMU,MAPPLE BROWN D20 PDK L,0,24,0,0,41108,986592,986592
Jan-2026,TIGALAPANKAOS SAMARINDA,OVERSIZE 20S MAMU,MAPPLE BROWN D20 PDK M,0,20,0,0,41099,821980,0
Feb-2026,TIGALAPANKAOS SAMARINDA,OVERSIZE 20S MAMU,MAPPLE BROWN D20 PDK M,0,20,0,0,41099,821980,821980
Mar-2026,TIGALAPANKAOS SAMARINDA,OVERSIZE 20S MAMU,MAPPLE BROWN D20 PDK M,82198,15,0,0,41099,616485,821980
Apr-2026,TIGALAPANKAOS SAMARINDA,OVERSIZE 20S MAMU,MAPPLE BROWN D20 PDK M,41099,14,0,0,41099,575386,616485
Mei-2026,TIGALAPANKAOS SAMARINDA,OVERSIZE 20S MAMU,MAPPLE BROWN D20 PDK M,41099,13,0,0,41099,534287,575386
Jun-2026,TIGALAPANKAOS SAMARINDA,OVERSIZE 20S MAMU,MAPPLE BROWN D20 PDK M,0,13,0,0,41099,534287,534287
Jul-2026,TIGALAPANKAOS SAMARINDA,OVERSIZE 20S MAMU,MAPPLE BROWN D20 PDK M,0,13,0,0,41099,534287,534287
Agu-2026,TIGALAPANKAOS SAMARINDA,OVERSIZE 20S MAMU,MAPPLE BROWN D20 PDK M,0,13,0,0,41099,534287,534287
Sep-2026,TIGALAPANKAOS SAMARINDA,OVERSIZE 20S MAMU,MAPPLE BROWN D20 PDK M,0,13,0,0,41099,534287,534287
Okt-2026,TIGALAPANKAOS SAMARINDA,OVERSIZE 20S MAMU,MAPPLE BROWN D20 PDK M,0,13,0,0,41099,534287,534287
Jan-2026,TIGALAPANKAOS SAMARINDA,OVERSIZE 20S MAMU,MAPPLE BROWN D20 PDK S,0,7,0,0,38657,270599,0
Feb-2026,TIGALAPANKAOS SAMARINDA,OVERSIZE 20S MAMU,MAPPLE BROWN D20 PDK S,0,7,0,0,38657,270599,270599
Mar-2026,TIGALAPANKAOS SAMARINDA,OVERSIZE 20S MAMU,MAPPLE BROWN D20 PDK S,77314,4,0,0,38657,154628,270599
Apr-2026,TIGALAPANKAOS SAMARINDA,OVERSIZE 20S MAMU,MAPPLE BROWN D20 PDK S,38657,3,0,0,38657,115971,154628
Mei-2026,TIGALAPANKAOS SAMARINDA,OVERSIZE 20S MAMU,MAPPLE BROWN D20 PDK S,0,3,0,0,38657,115971,115971
Jun-2026,TIGALAPANKAOS SAMARINDA,OVERSIZE 20S MAMU,MAPPLE BROWN D20 PDK S,0,3,0,0,38657,115971,115971
Jul-2026,TIGALAPANKAOS SAMARINDA,OVERSIZE 20S MAMU,MAPPLE BROWN D20 PDK S,0,3,0,0,38657,115971,115971
Agu-2026,TIGALAPANKAOS SAMARINDA,OVERSIZE 20S MAMU,MAPPLE BROWN D20 PDK S,0,3,0,0,38657,115971,115971
Sep-2026,TIGALAPANKAOS SAMARINDA,OVERSIZE 20S MAMU,MAPPLE BROWN D20 PDK S,0,3,0,0,38657,115971,115971
Okt-2026,TIGALAPANKAOS SAMARINDA,OVERSIZE 20S MAMU,MAPPLE BROWN D20 PDK S,0,3,0,0,38657,115971,115971
Jan-2026,TIGALAPANKAOS SAMARINDA,OVERSIZE 20S MAMU,MAPPLE BROWN D20 PDK XL,0,19,0,0,42681,810939,0
Feb-2026,TIGALAPANKAOS SAMARINDA,OVERSIZE 20S MAMU,MAPPLE BROWN D20 PDK XL,0,19,0,0,42681,810939,810939
Mar-2026,TIGALAPANKAOS SAMARINDA,OVERSIZE 20S MAMU,MAPPLE BROWN D20 PDK XL,0,19,0,0,42681,810939,810939
Apr-2026,TIGALAPANKAOS SAMARINDA,OVERSIZE 20S MAMU,MAPPLE BROWN D20 PDK XL,0,19,0,0,42681,810939,810939
Mei-2026,TIGALAPANKAOS SAMARINDA,OVERSIZE 20S MAMU,MAPPLE BROWN D20 PDK XL,42681,18,0,0,42681,768258,810939
Jun-2026,TIGALAPANKAOS SAMARINDA,OVERSIZE 20S MAMU,MAPPLE BROWN D20 PDK XL,0,18,0,0,42681,768258,768258
Jul-2026,TIGALAPANKAOS SAMARINDA,OVERSIZE 20S MAMU,MAPPLE BROWN D20 PDK XL,0,18,0,0,42681,768258,768258
Agu-2026,TIGALAPANKAOS SAMARINDA,OVERSIZE 20S MAMU,MAPPLE BROWN D20 PDK XL,0,18,0,0,42681,768258,768258
Sep-2026,TIGALAPANKAOS SAMARINDA,OVERSIZE 20S MAMU,MAPPLE BROWN D20 PDK XL,0,18,0,0,42681,768258,768258
Okt-2026,TIGALAPANKAOS SAMARINDA,OVERSIZE 20S MAMU,MAPPLE BROWN D20 PDK XL,0,18,0,0,42681,768258,768258
Jan-2026,TIGALAPANKAOS SAMARINDA,OVERSIZE 20S MAMU,RED PLUM D20 PDK 2XL,0,5,0,0,41485,207425,0
Feb-2026,TIGALAPANKAOS SAMARINDA,OVERSIZE 20S MAMU,RED PLUM D20 PDK 2XL,41485,4,0,0,41485,165940,207425
Mar-2026,TIGALAPANKAOS SAMARINDA,OVERSIZE 20S MAMU,RED PLUM D20 PDK 2XL,0,4,0,0,41485,165940,165940
Apr-2026,TIGALAPANKAOS SAMARINDA,OVERSIZE 20S MAMU,RED PLUM D20 PDK 2XL,0,4,0,0,41485,165940,165940
Mei-2026,TIGALAPANKAOS SAMARINDA,OVERSIZE 20S MAMU,RED PLUM D20 PDK 2XL,0,4,0,0,41485,165940,165940
Jun-2026,TIGALAPANKAOS SAMARINDA,OVERSIZE 20S MAMU,RED PLUM D20 PDK 2XL,0,4,0,0,41485,165940,165940
Jul-2026,TIGALAPANKAOS SAMARINDA,OVERSIZE 20S MAMU,RED PLUM D20 PDK 2XL,41485,4,0,0,41485,165940,165940
Agu-2026,TIGALAPANKAOS SAMARINDA,OVERSIZE 20S MAMU,RED PLUM D20 PDK 2XL,41485,2,0,0,41485,82970,165940
Sep-2026,TIGALAPANKAOS SAMARINDA,OVERSIZE 20S MAMU,RED PLUM D20 PDK 2XL,0,2,0,0,41485,82970,82970
Okt-2026,TIGALAPANKAOS SAMARINDA,OVERSIZE 20S MAMU,RED PLUM D20 PDK 2XL,0,2,0,0,41485,82970,82970
Jan-2026,TIGALAPANKAOS SAMARINDA,OVERSIZE 20S MAMU,RED PLUM D20 PDK L,0,19,0,0,42961,816259,0
Feb-2026,TIGALAPANKAOS SAMARINDA,OVERSIZE 20S MAMU,RED PLUM D20 PDK L,0,19,0,0,42961,816259,816259
Mar-2026,TIGALAPANKAOS SAMARINDA,OVERSIZE 20S MAMU,RED PLUM D20 PDK L,0,19,0,0,42961,816259,816259
Apr-2026,TIGALAPANKAOS SAMARINDA,OVERSIZE 20S MAMU,RED PLUM D20 PDK L,0,19,0,0,42961,816259,816259
Mei-2026,TIGALAPANKAOS SAMARINDA,OVERSIZE 20S MAMU,RED PLUM D20 PDK L,42961,18,0,0,42961,773298,816259
Jun-2026,TIGALAPANKAOS SAMARINDA,OVERSIZE 20S MAMU,RED PLUM D20 PDK L,0,18,0,0,42961,773298,773298
Jul-2026,TIGALAPANKAOS SAMARINDA,OVERSIZE 20S MAMU,RED PLUM D20 PDK L,0,18,0,0,42961,773298,773298
Agu-2026,TIGALAPANKAOS SAMARINDA,OVERSIZE 20S MAMU,RED PLUM D20 PDK L,42961,18,0,0,42961,773298,773298
Sep-2026,TIGALAPANKAOS SAMARINDA,OVERSIZE 20S MAMU,RED PLUM D20 PDK L,0,17,0,0,42961,730337,773298
Okt-2026,TIGALAPANKAOS SAMARINDA,OVERSIZE 20S MAMU,RED PLUM D20 PDK L,0,17,0,0,42961,730337,730337
Jan-2026,TIGALAPANKAOS SAMARINDA,OVERSIZE 20S MAMU,RED PLUM D20 PDK M,42056,19,0,0,42056,799064,0
Feb-2026,TIGALAPANKAOS SAMARINDA,OVERSIZE 20S MAMU,RED PLUM D20 PDK M,0,19,0,0,42056,799064,799064
Mar-2026,TIGALAPANKAOS SAMARINDA,OVERSIZE 20S MAMU,RED PLUM D20 PDK M,0,19,0,0,42056,799064,799064
Apr-2026,TIGALAPANKAOS SAMARINDA,OVERSIZE 20S MAMU,RED PLUM D20 PDK M,42056,18,0,0,42056,757008,799064
Mei-2026,TIGALAPANKAOS SAMARINDA,OVERSIZE 20S MAMU,RED PLUM D20 PDK M,0,18,0,0,42056,757008,757008
Jun-2026,TIGALAPANKAOS SAMARINDA,OVERSIZE 20S MAMU,RED PLUM D20 PDK M,0,18,0,0,42056,757008,757008
Jul-2026,TIGALAPANKAOS SAMARINDA,OVERSIZE 20S MAMU,RED PLUM D20 PDK M,0,18,0,0,42056,757008,757008
Agu-2026,TIGALAPANKAOS SAMARINDA,OVERSIZE 20S MAMU,RED PLUM D20 PDK M,0,18,0,0,42056,757008,757008
Sep-2026,TIGALAPANKAOS SAMARINDA,OVERSIZE 20S MAMU,RED PLUM D20 PDK M,0,18,0,0,42056,757008,757008
Okt-2026,TIGALAPANKAOS SAMARINDA,OVERSIZE 20S MAMU,RED PLUM D20 PDK M,0,18,0,0,42056,757008,757008
Jan-2026,TIGALAPANKAOS SAMARINDA,OVERSIZE 20S MAMU,RED PLUM D20 PDK S,0,8,0,0,39481,315848,0
Feb-2026,TIGALAPANKAOS SAMARINDA,OVERSIZE 20S MAMU,RED PLUM D20 PDK S,0,8,0,0,39481,315848,315848
Mar-2026,TIGALAPANKAOS SAMARINDA,OVERSIZE 20S MAMU,RED PLUM D20 PDK S,0,7,0,0,39481,276367,315848
Apr-2026,TIGALAPANKAOS SAMARINDA,OVERSIZE 20S MAMU,RED PLUM D20 PDK S,0,7,0,0,39481,276367,276367
Mei-2026,TIGALAPANKAOS SAMARINDA,OVERSIZE 20S MAMU,RED PLUM D20 PDK S,0,7,0,0,39481,276367,276367
Jun-2026,TIGALAPANKAOS SAMARINDA,OVERSIZE 20S MAMU,RED PLUM D20 PDK S,0,7,0,0,39481,276367,276367
Jul-2026,TIGALAPANKAOS SAMARINDA,OVERSIZE 20S MAMU,RED PLUM D20 PDK S,0,7,0,0,39481,276367,276367
Agu-2026,TIGALAPANKAOS SAMARINDA,OVERSIZE 20S MAMU,RED PLUM D20 PDK S,0,7,0,0,39481,276367,276367
Sep-2026,TIGALAPANKAOS SAMARINDA,OVERSIZE 20S MAMU,RED PLUM D20 PDK S,0,7,0,0,39481,276367,276367
Okt-2026,TIGALAPANKAOS SAMARINDA,OVERSIZE 20S MAMU,RED PLUM D20 PDK S,0,7,0,0,39481,276367,276367
Jan-2026,TIGALAPANKAOS SAMARINDA,OVERSIZE 20S MAMU,RED PLUM D20 PDK XL,0,16,0,0,43296,692736,0
Feb-2026,TIGALAPANKAOS SAMARINDA,OVERSIZE 20S MAMU,RED PLUM D20 PDK XL,0,16,0,0,43296,692736,692736
Mar-2026,TIGALAPANKAOS SAMARINDA,OVERSIZE 20S MAMU,RED PLUM D20 PDK XL,0,16,0,0,43296,692736,692736
Apr-2026,TIGALAPANKAOS SAMARINDA,OVERSIZE 20S MAMU,RED PLUM D20 PDK XL,0,16,0,0,43296,692736,692736
Mei-2026,TIGALAPANKAOS SAMARINDA,OVERSIZE 20S MAMU,RED PLUM D20 PDK XL,0,16,0,0,43296,692736,692736
Jun-2026,TIGALAPANKAOS SAMARINDA,OVERSIZE 20S MAMU,RED PLUM D20 PDK XL,43296,15,0,0,43296,649440,692736
Jul-2026,TIGALAPANKAOS SAMARINDA,OVERSIZE 20S MAMU,RED PLUM D20 PDK XL,0,15,0,0,43296,649440,649440
Agu-2026,TIGALAPANKAOS SAMARINDA,OVERSIZE 20S MAMU,RED PLUM D20 PDK XL,0,15,0,0,43296,649440,649440
Sep-2026,TIGALAPANKAOS SAMARINDA,OVERSIZE 20S MAMU,RED PLUM D20 PDK XL,0,15,0,0,43296,649440,649440
Okt-2026,TIGALAPANKAOS SAMARINDA,OVERSIZE 20S MAMU,RED PLUM D20 PDK XL,0,15,0,0,43296,649440,649440
Jan-2026,TIGALAPANKAOS SAMARINDA,OVERSIZE 20S MAMU,SEAFOAM GREEN D20 PDK 2XL,0,3,0,0,39991,119973,0
Feb-2026,TIGALAPANKAOS SAMARINDA,OVERSIZE 20S MAMU,SEAFOAM GREEN D20 PDK 2XL,0,3,0,0,39991,119973,119973
Mar-2026,TIGALAPANKAOS SAMARINDA,OVERSIZE 20S MAMU,SEAFOAM GREEN D20 PDK 2XL,0,3,0,0,39991,119973,119973
Apr-2026,TIGALAPANKAOS SAMARINDA,OVERSIZE 20S MAMU,SEAFOAM GREEN D20 PDK 2XL,0,3,0,0,39991,119973,119973
Mei-2026,TIGALAPANKAOS SAMARINDA,OVERSIZE 20S MAMU,SEAFOAM GREEN D20 PDK 2XL,39991,2,0,0,39991,79982,119973
Jun-2026,TIGALAPANKAOS SAMARINDA,OVERSIZE 20S MAMU,SEAFOAM GREEN D20 PDK 2XL,0,2,0,0,39991,79982,79982
Jul-2026,TIGALAPANKAOS SAMARINDA,OVERSIZE 20S MAMU,SEAFOAM GREEN D20 PDK 2XL,39991,1,0,0,39991,39991,79982
Agu-2026,TIGALAPANKAOS SAMARINDA,OVERSIZE 20S MAMU,SEAFOAM GREEN D20 PDK 2XL,0,1,0,0,39991,39991,39991
Sep-2026,TIGALAPANKAOS SAMARINDA,OVERSIZE 20S MAMU,SEAFOAM GREEN D20 PDK 2XL,0,1,0,0,39991,39991,39991
Okt-2026,TIGALAPANKAOS SAMARINDA,OVERSIZE 20S MAMU,SEAFOAM GREEN D20 PDK 2XL,0,1,0,0,39991,39991,39991
Jan-2026,TIGALAPANKAOS SAMARINDA,OVERSIZE 20S MAMU,SEAFOAM GREEN D20 PDK L,41257,28,0,0,41257,1155196,0
Feb-2026,TIGALAPANKAOS SAMARINDA,OVERSIZE 20S MAMU,SEAFOAM GREEN D20 PDK L,0,28,0,0,41257,1155196,1155196
Mar-2026,TIGALAPANKAOS SAMARINDA,OVERSIZE 20S MAMU,SEAFOAM GREEN D20 PDK L,0,25,0,0,41257,1031425,1155196
Apr-2026,TIGALAPANKAOS SAMARINDA,OVERSIZE 20S MAMU,SEAFOAM GREEN D20 PDK L,0,25,0,0,41257,1031425,1031425
Mei-2026,TIGALAPANKAOS SAMARINDA,OVERSIZE 20S MAMU,SEAFOAM GREEN D20 PDK L,0,25,0,0,41257,1031425,1031425
Jun-2026,TIGALAPANKAOS SAMARINDA,OVERSIZE 20S MAMU,SEAFOAM GREEN D20 PDK L,0,25,0,0,41257,1031425,1031425
Jul-2026,TIGALAPANKAOS SAMARINDA,OVERSIZE 20S MAMU,SEAFOAM GREEN D20 PDK L,0,25,0,0,41257,1031425,1031425
Agu-2026,TIGALAPANKAOS SAMARINDA,OVERSIZE 20S MAMU,SEAFOAM GREEN D20 PDK L,0,25,0,0,41257,1031425,1031425
Sep-2026,TIGALAPANKAOS SAMARINDA,OVERSIZE 20S MAMU,SEAFOAM GREEN D20 PDK L,0,25,0,0,41257,1031425,1031425
Okt-2026,TIGALAPANKAOS SAMARINDA,OVERSIZE 20S MAMU,SEAFOAM GREEN D20 PDK L,0,25,0,0,41257,1031425,1031425
Jan-2026,TIGALAPANKAOS SAMARINDA,OVERSIZE 20S MAMU,SEAFOAM GREEN D20 PDK M,41278,18,0,0,41278,743004,0
Feb-2026,TIGALAPANKAOS SAMARINDA,OVERSIZE 20S MAMU,SEAFOAM GREEN D20 PDK M,82556,16,0,0,41278,660448,743004
Mar-2026,TIGALAPANKAOS SAMARINDA,OVERSIZE 20S MAMU,SEAFOAM GREEN D20 PDK M,41278,15,0,0,41278,619170,660448
Apr-2026,TIGALAPANKAOS SAMARINDA,OVERSIZE 20S MAMU,SEAFOAM GREEN D20 PDK M,0,15,0,0,41278,619170,619170
Mei-2026,TIGALAPANKAOS SAMARINDA,OVERSIZE 20S MAMU,SEAFOAM GREEN D20 PDK M,0,15,0,0,41278,619170,619170
Jun-2026,TIGALAPANKAOS SAMARINDA,OVERSIZE 20S MAMU,SEAFOAM GREEN D20 PDK M,0,15,0,0,41278,619170,619170
Jul-2026,TIGALAPANKAOS SAMARINDA,OVERSIZE 20S MAMU,SEAFOAM GREEN D20 PDK M,0,15,0,0,41278,619170,619170
Agu-2026,TIGALAPANKAOS SAMARINDA,OVERSIZE 20S MAMU,SEAFOAM GREEN D20 PDK M,41278,15,0,0,41278,619170,619170
Sep-2026,TIGALAPANKAOS SAMARINDA,OVERSIZE 20S MAMU,SEAFOAM GREEN D20 PDK M,0,14,0,0,41278,577892,619170
Okt-2026,TIGALAPANKAOS SAMARINDA,OVERSIZE 20S MAMU,SEAFOAM GREEN D20 PDK M,0,14,0,0,41278,577892,577892
Jan-2026,TIGALAPANKAOS SAMARINDA,OVERSIZE 20S MAMU,SEAFOAM GREEN D20 PDK S,0,3,0,0,35453,106359,0
Feb-2026,TIGALAPANKAOS SAMARINDA,OVERSIZE 20S MAMU,SEAFOAM GREEN D20 PDK S,0,3,0,0,35453,106359,106359
Mar-2026,TIGALAPANKAOS SAMARINDA,OVERSIZE 20S MAMU,SEAFOAM GREEN D20 PDK S,106359,0,0,0,35453,0,106359
Jan-2026,TIGALAPANKAOS SAMARINDA,OVERSIZE 20S MAMU,SEAFOAM GREEN D20 PDK XL,41993,15,0,0,41993,629895,0
Feb-2026,TIGALAPANKAOS SAMARINDA,OVERSIZE 20S MAMU,SEAFOAM GREEN D20 PDK XL,41993,14,0,0,41993,587902,629895
Mar-2026,TIGALAPANKAOS SAMARINDA,OVERSIZE 20S MAMU,SEAFOAM GREEN D20 PDK XL,0,14,0,0,41993,587902,587902
Apr-2026,TIGALAPANKAOS SAMARINDA,OVERSIZE 20S MAMU,SEAFOAM GREEN D20 PDK XL,41993,13,0,0,41993,545909,587902
Mei-2026,TIGALAPANKAOS SAMARINDA,OVERSIZE 20S MAMU,SEAFOAM GREEN D20 PDK XL,0,13,0,0,41993,545909,545909
Jun-2026,TIGALAPANKAOS SAMARINDA,OVERSIZE 20S MAMU,SEAFOAM GREEN D20 PDK XL,0,13,0,0,41993,545909,545909
Jul-2026,TIGALAPANKAOS SAMARINDA,OVERSIZE 20S MAMU,SEAFOAM GREEN D20 PDK XL,0,13,0,0,41993,545909,545909
Agu-2026,TIGALAPANKAOS SAMARINDA,OVERSIZE 20S MAMU,SEAFOAM GREEN D20 PDK XL,0,13,0,0,41993,545909,545909
Sep-2026,TIGALAPANKAOS SAMARINDA,OVERSIZE 20S MAMU,SEAFOAM GREEN D20 PDK XL,0,13,0,0,41993,545909,545909
Okt-2026,TIGALAPANKAOS SAMARINDA,OVERSIZE 20S MAMU,SEAFOAM GREEN D20 PDK XL,0,13,0,0,41993,545909,545909
Sep-2026,DC TIGALAPAN,OVERSIZE 20S MAMU,ABU TUA D20 PDK 2XL,0,10,0,0,42971,429710,0
Okt-2026,DC TIGALAPAN,OVERSIZE 20S MAMU,ABU TUA D20 PDK 2XL,0,8,0,0,42971,343768,429710
Apr-2026,DC TIGALAPAN,OVERSIZE 20S MAMU,ABU TUA D20 PDK L,0,4,0,0,44153,176612,0
Sep-2026,DC TIGALAPAN,OVERSIZE 20S MAMU,ABU TUA D20 PDK L,0,10,0,0,44153,441530,0
Okt-2026,DC TIGALAPAN,OVERSIZE 20S MAMU,ABU TUA D20 PDK L,0,8,0,0,44153,353224,441530
Sep-2026,DC TIGALAPAN,OVERSIZE 20S MAMU,ABU TUA D20 PDK XL,0,24,0,0,44904,1077696,0
Okt-2026,DC TIGALAPAN,OVERSIZE 20S MAMU,ABU TUA D20 PDK XL,0,14,0,0,44904,628656,1077696
Apr-2026,DC TIGALAPAN,OVERSIZE 20S MAMU,DENIM BLUE D20 PDK 2XL,0,1,0,0,41864,41864,0
Apr-2026,DC TIGALAPAN,OVERSIZE 20S MAMU,DENIM BLUE D20 PDK L,0,3,0,0,43482,130446,0
Mei-2026,DC TIGALAPAN,OVERSIZE 20S MAMU,DENIM BLUE D20 PDK L,0,3,0,0,43482,130446,130446
Apr-2026,DC TIGALAPAN,OVERSIZE 20S MAMU,DENIM BLUE D20 PDK M,0,3,0,0,43157,129471,0
Sep-2026,DC TIGALAPAN,OVERSIZE 20S MAMU,DENIM BLUE D20 PDK M,0,5,0,0,43157,215785,0
Okt-2026,DC TIGALAPAN,OVERSIZE 20S MAMU,DENIM BLUE D20 PDK M,0,4,0,0,43157,172628,215785
Sep-2026,DC TIGALAPAN,OVERSIZE 20S MAMU,DENIM BLUE D20 PDK S,0,5,0,0,38957,194785,0
Okt-2026,DC TIGALAPAN,OVERSIZE 20S MAMU,DENIM BLUE D20 PDK S,0,4,0,0,38957,155828,194785
Sep-2026,DC TIGALAPAN,OVERSIZE 20S MAMU,JET BLACK D20 PDK 2XL,0,3,0,0,45890,137670,0
Okt-2026,DC TIGALAPAN,OVERSIZE 20S MAMU,JET BLACK D20 PDK 2XL,0,3,0,0,45890,137670,137670
Mar-2026,DC TIGALAPAN,OVERSIZE 20S MAMU,JET BLACK D20 PDK L,0,1,0,0,44820,44820,0
Sep-2026,DC TIGALAPAN,OVERSIZE 20S MAMU,JET BLACK D20 PDK M,0,62,0,0,43867,2719754,0
Okt-2026,DC TIGALAPAN,OVERSIZE 20S MAMU,JET BLACK D20 PDK M,0,20,0,0,43867,877340,2719754
Sep-2026,DC TIGALAPAN,OVERSIZE 20S MAMU,JET BLACK D20 PDK S,0,28,0,0,46998,1315944,0
Okt-2026,DC TIGALAPAN,OVERSIZE 20S MAMU,JET BLACK D20 PDK S,0,9,0,0,46998,422982,1315944
Sep-2026,DC TIGALAPAN,OVERSIZE 20S MAMU,JET BLACK D20 PDK XL,0,10,0,0,47576,475760,0
Okt-2026,DC TIGALAPAN,OVERSIZE 20S MAMU,JET BLACK D20 PDK XL,0,8,0,0,47576,380608,475760
Mar-2026,DC TIGALAPAN,OVERSIZE 20S MAMU,MAPPLE BROWN D20 PDK 2XL,0,1,0,0,35647,35647,0
Apr-2026,DC TIGALAPAN,OVERSIZE 20S MAMU,MAPPLE BROWN D20 PDK L,0,9,0,0,41108,369972,0
Mei-2026,DC TIGALAPAN,OVERSIZE 20S MAMU,MAPPLE BROWN D20 PDK L,0,9,0,0,41108,369972,369972
Jun-2026,DC TIGALAPAN,OVERSIZE 20S MAMU,MAPPLE BROWN D20 PDK L,0,9,0,0,41108,369972,369972
Jul-2026,DC TIGALAPAN,OVERSIZE 20S MAMU,MAPPLE BROWN D20 PDK L,0,9,0,0,41108,369972,369972
Apr-2026,DC TIGALAPAN,OVERSIZE 20S MAMU,RED PLUM D20 PDK L,0,7,0,0,42961,300727,0
Mei-2026,DC TIGALAPAN,OVERSIZE 20S MAMU,RED PLUM D20 PDK L,0,7,0,0,42961,300727,300727
Jun-2026,DC TIGALAPAN,OVERSIZE 20S MAMU,RED PLUM D20 PDK L,0,7,0,0,42961,300727,300727
Apr-2026,DC TIGALAPAN,OVERSIZE 20S MAMU,SEAFOAM GREEN D20 PDK L,0,2,0,0,41257,82514,0
Mei-2026,DC TIGALAPAN,OVERSIZE 20S MAMU,SEAFOAM GREEN D20 PDK L,0,2,0,0,41257,82514,82514
Sep-2026,DC TIGALAPAN,OVERSIZE 20S MAMU,SEAFOAM GREEN D20 PDK M,0,1,0,0,41278,41278,0
Okt-2026,DC TIGALAPAN,OVERSIZE 20S MAMU,SEAFOAM GREEN D20 PDK M,0,1,0,0,41278,41278,41278
Mei-2026,DC TIGALAPAN,OVERSIZE 20S MAMU,ABU TUA D20 PDK L,0,0,0,0,44153,0,176612
Mei-2026,DC TIGALAPAN,OVERSIZE 20S MAMU,DENIM BLUE D20 PDK 2XL,0,0,0,0,41864,0,41864
Jun-2026,DC TIGALAPAN,OVERSIZE 20S MAMU,DENIM BLUE D20 PDK L,0,0,0,0,43482,0,130446
Mei-2026,DC TIGALAPAN,OVERSIZE 20S MAMU,DENIM BLUE D20 PDK M,0,0,0,0,43157,0,129471
Apr-2026,DC TIGALAPAN,OVERSIZE 20S MAMU,JET BLACK D20 PDK L,0,0,0,0,44820,0,44820
Apr-2026,DC TIGALAPAN,OVERSIZE 20S MAMU,MAPPLE BROWN D20 PDK 2XL,0,0,0,0,35647,0,35647
Agu-2026,DC TIGALAPAN,OVERSIZE 20S MAMU,MAPPLE BROWN D20 PDK L,0,0,0,0,41108,0,369972
Jul-2026,DC TIGALAPAN,OVERSIZE 20S MAMU,RED PLUM D20 PDK L,0,0,0,0,42961,0,300727
Jun-2026,DC TIGALAPAN,OVERSIZE 20S MAMU,SEAFOAM GREEN D20 PDK L,0,0,0,0,41257,0,82514
