Bulan,Store,Warna,Item,COGS,OH Qty,OD Qty,WIP Qty,HPP,Inventory Akhir,Inventory Awal
Mar-2026,MAMU BTP,ABU TUA + RIB,ABU TUA + RIB 2XL,44126,1,0,0,38070,38070,0
Apr-2026,MAMU BTP,ABU TUA + RIB,ABU TUA + RIB 2XL,0,1,0,0,38070,38070,38070
Mei-2026,MAMU BTP,ABU TUA + RIB,ABU TUA + RIB 2XL,44126,0,0,0,38070,0,38070
Jun-2026,MAMU BTP,ABU TUA + RIB,ABU TUA + RIB 2XL,0,1,0,0,38070,38070,0
Jul-2026,MAMU BTP,ABU TUA + RIB,ABU TUA + RIB 2XL,44126,0,0,0,38070,0,38070
Jan-2026,MAMU BTP,ABU TUA + RIB,ABU TUA + RIB 3XL,0,1,0,0,47562,47562,0
Feb-2026,MAMU BTP,ABU TUA + RIB,ABU TUA + RIB 3XL,45671,0,0,0,47562,0,47562
Agu-2026,MAMU BTP,ABU TUA + RIB,ABU TUA + RIB 3XL,91342,0,0,0,47562,0,0
Jan-2026,MAMU BTP,ABU TUA + RIB,ABU TUA + RIB L,71127,2,0,0,35180,70360,0
Feb-2026,MAMU BTP,ABU TUA + RIB,ABU TUA + RIB L,35503,1,0,0,35180,35180,70360
Mar-2026,MAMU BTP,ABU TUA + RIB,ABU TUA + RIB L,35503,1,0,0,35180,35180,35180
Apr-2026,MAMU BTP,ABU TUA + RIB,ABU TUA + RIB L,35261,1,0,0,35180,35180,35180
Mei-2026,MAMU BTP,ABU TUA + RIB,ABU TUA + RIB L,70522,0,0,0,35180,0,35180
Jun-2026,MAMU BTP,ABU TUA + RIB,ABU TUA + RIB L,0,1,0,0,35180,35180,0
Jul-2026,MAMU BTP,ABU TUA + RIB,ABU TUA + RIB L,70993,0,0,0,35180,0,35180
Sep-2026,MAMU BTP,ABU TUA + RIB,ABU TUA + RIB L,72240,0,0,0,35180,0,0
Jan-2026,MAMU BTP,ABU TUA + RIB,ABU TUA + RIB M,104287,1,0,0,35432,35432,0
Feb-2026,MAMU BTP,ABU TUA + RIB,ABU TUA + RIB M,0,1,0,0,35432,35432,35432
Mar-2026,MAMU BTP,ABU TUA + RIB,ABU TUA + RIB M,140123,2,0,0,35432,70864,35432
Apr-2026,MAMU BTP,ABU TUA + RIB,ABU TUA + RIB M,105234,1,0,0,35432,35432,70864
Mei-2026,MAMU BTP,ABU TUA + RIB,ABU TUA + RIB M,0,3,0,0,35432,106296,35432
Jun-2026,MAMU BTP,ABU TUA + RIB,ABU TUA + RIB M,0,3,0,0,35432,106296,106296
Jul-2026,MAMU BTP,ABU TUA + RIB,ABU TUA + RIB M,35261,2,0,0,35432,70864,106296
Agu-2026,MAMU BTP,ABU TUA + RIB,ABU TUA + RIB M,106015,0,0,0,35432,0,70864
Sep-2026,MAMU BTP,ABU TUA + RIB,ABU TUA + RIB M,35493,1,0,0,35432,35432,0
Okt-2026,MAMU BTP,ABU TUA + RIB,ABU TUA + RIB M,0,0,0,0,35432,0,35432
Jan-2026,MAMU BTP,ABU TUA + RIB,ABU TUA + RIB S,0,1,0,0,35135,35135,0
Feb-2026,MAMU BTP,ABU TUA + RIB,ABU TUA + RIB S,34453,1,0,0,35135,35135,35135
Mar-2026,MAMU BTP,ABU TUA + RIB,ABU TUA + RIB S,103359,0,0,0,35135,0,35135
Apr-2026,MAMU BTP,ABU TUA + RIB,ABU TUA + RIB S,68906,1,0,0,35135,35135,0
Mei-2026,MAMU BTP,ABU TUA + RIB,ABU TUA + RIB S,0,0,0,0,35135,0,35135
Jun-2026,MAMU BTP,ABU TUA + RIB,ABU TUA + RIB S,68906,1,0,0,35135,35135,0
Jul-2026,MAMU BTP,ABU TUA + RIB,ABU TUA + RIB S,34453,0,0,0,35135,0,35135
Agu-2026,MAMU BTP,ABU TUA + RIB,ABU TUA + RIB S,34453,0,0,0,35135,0,0
Jan-2026,MAMU BTP,ABU TUA + RIB,ABU TUA + RIB XL,36330,0,0,0,35876,0,0
Feb-2026,MAMU BTP,ABU TUA + RIB,ABU TUA + RIB XL,0,1,0,0,35876,35876,0
Mar-2026,MAMU BTP,ABU TUA + RIB,ABU TUA + RIB XL,35890,1,0,0,35890,35890,35876
Apr-2026,MAMU BTP,ABU TUA + RIB,ABU TUA + RIB XL,0,1,0,0,35890,35890,35890
Mei-2026,MAMU BTP,ABU TUA + RIB,ABU TUA + RIB XL,35890,0,0,0,35876,0,35890
Jun-2026,MAMU BTP,ABU TUA + RIB,ABU TUA + RIB XL,0,1,0,0,35890,35890,0
Jul-2026,MAMU BTP,ABU TUA + RIB,ABU TUA + RIB XL,0,1,0,0,35890,35890,35890
Agu-2026,MAMU BTP,ABU TUA + RIB,ABU TUA + RIB XL,0,1,0,0,35890,35890,35890
Sep-2026,MAMU BTP,ABU TUA + RIB,ABU TUA + RIB XL,35518,0,0,0,35876,0,35890
Mei-2026,MAMU BTP,BENHUR + RIB,BENHUR + RIB 2XL,256891,1,0,0,36563,36563,0
Jun-2026,MAMU BTP,BENHUR + RIB,BENHUR + RIB 2XL,0,1,0,0,36563,36563,36563
Jul-2026,MAMU BTP,BENHUR + RIB,BENHUR + RIB 2XL,0,1,0,0,36563,36563,36563
Agu-2026,MAMU BTP,BENHUR + RIB,BENHUR + RIB 2XL,73194,1,0,0,36563,36563,36563
Sep-2026,MAMU BTP,BENHUR + RIB,BENHUR + RIB 2XL,0,0,0,0,36563,0,36563
Jan-2026,MAMU BTP,BENHUR + RIB,BENHUR + RIB 3XL,0,1,0,0,45841,45841,0
Feb-2026,MAMU BTP,BENHUR + RIB,BENHUR + RIB 3XL,0,1,0,0,45841,45841,45841
Mar-2026,MAMU BTP,BENHUR + RIB,BENHUR + RIB 3XL,0,1,0,0,45841,45841,45841
Apr-2026,MAMU BTP,BENHUR + RIB,BENHUR + RIB 3XL,0,1,0,0,45841,45841,45841
Mei-2026,MAMU BTP,BENHUR + RIB,BENHUR + RIB 3XL,48309,1,0,0,45841,45841,45841
Jun-2026,MAMU BTP,BENHUR + RIB,BENHUR + RIB 3XL,0,1,0,0,45841,45841,45841
Jul-2026,MAMU BTP,BENHUR + RIB,BENHUR + RIB 3XL,0,1,0,0,45841,45841,45841
Agu-2026,MAMU BTP,BENHUR + RIB,BENHUR + RIB 3XL,48309,0,0,0,45841,0,45841
Jan-2026,MAMU BTP,BENHUR + RIB,BENHUR + RIB L,36154,0,0,0,36209,0,0
Feb-2026,MAMU BTP,BENHUR + RIB,BENHUR + RIB L,0,1,0,0,36209,36209,0
Mar-2026,MAMU BTP,BENHUR + RIB,BENHUR + RIB L,0,1,0,0,36209,36209,36209
Apr-2026,MAMU BTP,BENHUR + RIB,BENHUR + RIB L,0,1,0,0,36209,36209,36209
Mei-2026,MAMU BTP,BENHUR + RIB,BENHUR + RIB L,364020,3,0,0,36209,108627,36209
Jun-2026,MAMU BTP,BENHUR + RIB,BENHUR + RIB L,0,3,0,0,36209,108627,108627
Jul-2026,MAMU BTP,BENHUR + RIB,BENHUR + RIB L,0,3,0,0,36209,108627,108627
Agu-2026,MAMU BTP,BENHUR + RIB,BENHUR + RIB L,0,3,0,0,36209,108627,108627
Sep-2026,MAMU BTP,BENHUR + RIB,BENHUR + RIB L,0,1,0,0,36209,36209,108627
Okt-2026,MAMU BTP,BENHUR + RIB,BENHUR + RIB L,0,1,0,0,36209,36209,36209
Feb-2026,MAMU BTP,BENHUR + RIB,BENHUR + RIB M,0,1,0,0,35986,35986,0
Mar-2026,MAMU BTP,BENHUR + RIB,BENHUR + RIB M,35781,1,0,0,35986,35986,35986
Apr-2026,MAMU BTP,BENHUR + RIB,BENHUR + RIB M,0,1,0,0,35986,35986,35986
Mei-2026,MAMU BTP,BENHUR + RIB,BENHUR + RIB M,252084,1,0,0,35986,35986,35986
Jun-2026,MAMU BTP,BENHUR + RIB,BENHUR + RIB M,36012,0,0,0,35986,0,35986
Jan-2026,MAMU BTP,BENHUR + RIB,BENHUR + RIB S,0,2,0,0,36137,72274,0
Feb-2026,MAMU BTP,BENHUR + RIB,BENHUR + RIB S,0,2,0,0,36137,72274,72274
Mar-2026,MAMU BTP,BENHUR + RIB,BENHUR + RIB S,0,2,0,0,36137,72274,72274
Apr-2026,MAMU BTP,BENHUR + RIB,BENHUR + RIB S,0,2,0,0,36137,72274,72274
Mei-2026,MAMU BTP,BENHUR + RIB,BENHUR + RIB S,110703,2,0,0,36137,72274,72274
Jun-2026,MAMU BTP,BENHUR + RIB,BENHUR + RIB S,0,2,0,0,36137,72274,72274
Jul-2026,MAMU BTP,BENHUR + RIB,BENHUR + RIB S,0,2,0,0,36137,72274,72274
Agu-2026,MAMU BTP,BENHUR + RIB,BENHUR + RIB S,0,2,0,0,36137,72274,72274
Sep-2026,MAMU BTP,BENHUR + RIB,BENHUR + RIB S,0,1,0,0,36137,36137,72274
Okt-2026,MAMU BTP,BENHUR + RIB,BENHUR + RIB S,0,1,0,0,36137,36137,36137
Mei-2026,MAMU BTP,BENHUR + RIB,BENHUR + RIB XL,1053367,0,0,0,35965,0,0
Jul-2026,MAMU BTP,BENHUR + RIB,BENHUR + RIB XL,41151,0,0,0,35965,0,0
Jan-2026,MAMU BTP,HITAM + RIB,HITAM + RIB 2XL,0,1,0,0,40134,40134,0
Feb-2026,MAMU BTP,HITAM + RIB,HITAM + RIB 2XL,41192,0,0,0,40134,0,40134
Mar-2026,MAMU BTP,HITAM + RIB,HITAM + RIB 2XL,121803,1,0,0,40815,40815,0
Apr-2026,MAMU BTP,HITAM + RIB,HITAM + RIB 2XL,40690,1,0,0,40815,40815,40815
Mei-2026,MAMU BTP,HITAM + RIB,HITAM + RIB 2XL,40111,1,0,0,40111,40111,40815
Jun-2026,MAMU BTP,HITAM + RIB,HITAM + RIB 2XL,40111,1,0,0,40111,40111,40111
Jul-2026,MAMU BTP,HITAM + RIB,HITAM + RIB 2XL,81328,0,0,0,40134,0,40111
Agu-2026,MAMU BTP,HITAM + RIB,HITAM + RIB 2XL,41760,1,0,0,40111,40111,0
Sep-2026,MAMU BTP,HITAM + RIB,HITAM + RIB 2XL,0,1,0,0,40111,40111,40111
Okt-2026,MAMU BTP,HITAM + RIB,HITAM + RIB 2XL,41760,0,0,0,40134,0,40111
Jan-2026,MAMU BTP,HITAM + RIB,HITAM + RIB 3XL,46872,0,0,0,45968,0,0
Feb-2026,MAMU BTP,HITAM + RIB,HITAM + RIB 3XL,46872,0,0,0,45968,0,0
Mei-2026,MAMU BTP,HITAM + RIB,HITAM + RIB 3XL,46872,0,0,0,45968,0,0
Jun-2026,MAMU BTP,HITAM + RIB,HITAM + RIB 3XL,46307,0,0,0,45968,0,0
Agu-2026,MAMU BTP,HITAM + RIB,HITAM + RIB 3XL,136887,0,0,0,45968,0,0
Okt-2026,MAMU BTP,HITAM + RIB,HITAM + RIB 3XL,47312,0,0,0,45968,0,0
Jan-2026,MAMU BTP,HITAM + RIB,HITAM + RIB L,177115,0,0,0,35275,0,0
Feb-2026,MAMU BTP,HITAM + RIB,HITAM + RIB L,0,1,0,0,35188,35188,0
Mar-2026,MAMU BTP,HITAM + RIB,HITAM + RIB L,246657,0,0,0,35275,0,35188
Apr-2026,MAMU BTP,HITAM + RIB,HITAM + RIB L,70317,1,0,0,35247,35247,0
Mei-2026,MAMU BTP,HITAM + RIB,HITAM + RIB L,0,1,0,0,35046,35046,35247
Jun-2026,MAMU BTP,HITAM + RIB,HITAM + RIB L,175357,0,0,0,35275,0,35046
Jul-2026,MAMU BTP,HITAM + RIB,HITAM + RIB L,139239,0,0,0,35275,0,0
Agu-2026,MAMU BTP,HITAM + RIB,HITAM + RIB L,105645,3,0,0,35046,105138,0
Sep-2026,MAMU BTP,HITAM + RIB,HITAM + RIB L,70798,0,0,0,35275,0,105138
Okt-2026,MAMU BTP,HITAM + RIB,HITAM + RIB L,37088,0,0,0,35275,0,0
Jan-2026,MAMU BTP,HITAM + RIB,HITAM + RIB M,104135,0,0,0,34868,0,0
Feb-2026,MAMU BTP,HITAM + RIB,HITAM + RIB M,34822,1,0,0,34868,34868,0
Mar-2026,MAMU BTP,HITAM + RIB,HITAM + RIB M,174726,1,0,0,35204,35204,34868
Apr-2026,MAMU BTP,HITAM + RIB,HITAM + RIB M,35082,1,0,0,35204,35204,35204
Mei-2026,MAMU BTP,HITAM + RIB,HITAM + RIB M,70262,1,0,0,35089,35089,35204
Jun-2026,MAMU BTP,HITAM + RIB,HITAM + RIB M,70603,2,0,0,35089,70178,35089
Jul-2026,MAMU BTP,HITAM + RIB,HITAM + RIB M,34771,2,0,0,35089,70178,70178
Agu-2026,MAMU BTP,HITAM + RIB,HITAM + RIB M,172770,1,0,0,35089,35089,70178
Sep-2026,MAMU BTP,HITAM + RIB,HITAM + RIB M,34409,0,0,0,34868,0,35089
Okt-2026,MAMU BTP,HITAM + RIB,HITAM + RIB M,37200,0,0,0,34868,0,0
Jan-2026,MAMU BTP,HITAM + RIB,HITAM + RIB S,140871,0,0,0,35285,0,0
Feb-2026,MAMU BTP,HITAM + RIB,HITAM + RIB S,105795,0,0,0,35285,0,0
Mar-2026,MAMU BTP,HITAM + RIB,HITAM + RIB S,141060,0,0,0,35285,0,0
Apr-2026,MAMU BTP,HITAM + RIB,HITAM + RIB S,35265,1,0,0,35285,35285,0
Mei-2026,MAMU BTP,HITAM + RIB,HITAM + RIB S,70530,0,0,0,35285,0,35285
Jun-2026,MAMU BTP,HITAM + RIB,HITAM + RIB S,105795,3,0,0,35285,105855,0
Jul-2026,MAMU BTP,HITAM + RIB,HITAM + RIB S,105795,1,0,0,35285,35285,105855
Agu-2026,MAMU BTP,HITAM + RIB,HITAM + RIB S,122101,1,0,0,35285,35285,35285
Sep-2026,MAMU BTP,HITAM + RIB,HITAM + RIB S,85944,1,0,0,35285,35285,35285
Okt-2026,MAMU BTP,HITAM + RIB,HITAM + RIB S,0,1,0,0,35285,35285,35285
Jan-2026,MAMU BTP,HITAM + RIB,HITAM + RIB XL,34760,2,0,0,35151,70302,0
Feb-2026,MAMU BTP,HITAM + RIB,HITAM + RIB XL,34760,1,0,0,38857,38857,70302
Mar-2026,MAMU BTP,HITAM + RIB,HITAM + RIB XL,111428,0,0,0,35151,0,38857
Apr-2026,MAMU BTP,HITAM + RIB,HITAM + RIB XL,0,2,0,0,38027,76054,0
Mei-2026,MAMU BTP,HITAM + RIB,HITAM + RIB XL,76332,1,0,0,35999,35999,76054
Jun-2026,MAMU BTP,HITAM + RIB,HITAM + RIB XL,111526,1,0,0,35999,35999,35999
Jul-2026,MAMU BTP,HITAM + RIB,HITAM + RIB XL,36908,1,0,0,35999,35999,35999
Agu-2026,MAMU BTP,HITAM + RIB,HITAM + RIB XL,35864,0,0,0,35151,0,35999
Sep-2026,MAMU BTP,HITAM + RIB,HITAM + RIB XL,72424,0,0,0,35151,0,0
Okt-2026,MAMU BTP,HITAM + RIB,HITAM + RIB XL,37021,0,0,0,35151,0,0
Jan-2026,MAMU BTP,MAROON + RIB,MAROON + RIB 2XL,38756,1,0,0,41035,41035,0
Feb-2026,MAMU BTP,MAROON + RIB,MAROON + RIB 2XL,0,1,0,0,41035,41035,41035
Mar-2026,MAMU BTP,MAROON + RIB,MAROON + RIB 2XL,0,1,0,0,41035,41035,41035
Apr-2026,MAMU BTP,MAROON + RIB,MAROON + RIB 2XL,0,1,0,0,41035,41035,41035
Mei-2026,MAMU BTP,MAROON + RIB,MAROON + RIB 2XL,0,1,0,0,41035,41035,41035
Jun-2026,MAMU BTP,MAROON + RIB,MAROON + RIB 2XL,0,1,0,0,41035,41035,41035
Jul-2026,MAMU BTP,MAROON + RIB,MAROON + RIB 2XL,0,1,0,0,41035,41035,41035
Agu-2026,MAMU BTP,MAROON + RIB,MAROON + RIB 2XL,38756,1,1,0,41035,82070,41035
Sep-2026,MAMU BTP,MAROON + RIB,MAROON + RIB 2XL,0,1,0,0,41035,41035,82070
Okt-2026,MAMU BTP,MAROON + RIB,MAROON + RIB 2XL,0,1,0,0,41035,41035,41035
Feb-2026,MAMU BTP,MAROON + RIB,MAROON + RIB 3XL,46672,0,0,0,46390,0,0
Agu-2026,MAMU BTP,MAROON + RIB,MAROON + RIB 3XL,92506,1,0,0,46390,46390,0
Sep-2026,MAMU BTP,MAROON + RIB,MAROON + RIB 3XL,0,1,0,0,46390,46390,46390
Okt-2026,MAMU BTP,MAROON + RIB,MAROON + RIB 3XL,0,1,0,0,46390,46390,46390
Jan-2026,MAMU BTP,MAROON + RIB,MAROON + RIB L,70284,0,0,0,35143,0,0
Feb-2026,MAMU BTP,MAROON + RIB,MAROON + RIB L,0,1,0,0,36130,36130,0
Mar-2026,MAMU BTP,MAROON + RIB,MAROON + RIB L,0,1,0,0,36130,36130,36130
Apr-2026,MAMU BTP,MAROON + RIB,MAROON + RIB L,71653,1,0,0,36130,36130,36130
Mei-2026,MAMU BTP,MAROON + RIB,MAROON + RIB L,71860,1,0,0,36130,36130,36130
Jun-2026,MAMU BTP,MAROON + RIB,MAROON + RIB L,35960,1,0,0,36130,36130,36130
Jul-2026,MAMU BTP,MAROON + RIB,MAROON + RIB L,0,1,0,0,36130,36130,36130
Agu-2026,MAMU BTP,MAROON + RIB,MAROON + RIB L,150535,0,0,0,35143,0,36130
Okt-2026,MAMU BTP,MAROON + RIB,MAROON + RIB L,37814,0,0,0,35143,0,0
Jan-2026,MAMU BTP,MAROON + RIB,MAROON + RIB M,0,1,0,0,35662,35662,0
Feb-2026,MAMU BTP,MAROON + RIB,MAROON + RIB M,0,1,0,0,35662,35662,35662
Mar-2026,MAMU BTP,MAROON + RIB,MAROON + RIB M,0,1,0,0,35662,35662,35662
Apr-2026,MAMU BTP,MAROON + RIB,MAROON + RIB M,0,1,0,0,35662,35662,35662
Mei-2026,MAMU BTP,MAROON + RIB,MAROON + RIB M,0,1,0,0,35662,35662,35662
Jun-2026,MAMU BTP,MAROON + RIB,MAROON + RIB M,0,2,0,0,35662,71324,35662
Jul-2026,MAMU BTP,MAROON + RIB,MAROON + RIB M,0,2,0,0,35662,71324,71324
Agu-2026,MAMU BTP,MAROON + RIB,MAROON + RIB M,146140,0,0,0,35662,0,71324
Sep-2026,MAMU BTP,MAROON + RIB,MAROON + RIB M,0,1,0,0,35662,35662,0
Okt-2026,MAMU BTP,MAROON + RIB,MAROON + RIB M,0,1,0,0,35662,35662,35662
Jan-2026,MAMU BTP,MAROON + RIB,MAROON + RIB S,71348,1,0,0,35425,35425,0
Feb-2026,MAMU BTP,MAROON + RIB,MAROON + RIB S,0,1,0,0,35425,35425,35425
Mar-2026,MAMU BTP,MAROON + RIB,MAROON + RIB S,0,1,0,0,35425,35425,35425
Apr-2026,MAMU BTP,MAROON + RIB,MAROON + RIB S,0,1,0,0,35425,35425,35425
Mei-2026,MAMU BTP,MAROON + RIB,MAROON + RIB S,0,1,0,0,35425,35425,35425
Jun-2026,MAMU BTP,MAROON + RIB,MAROON + RIB S,35674,2,0,0,35425,70850,35425
Jul-2026,MAMU BTP,MAROON + RIB,MAROON + RIB S,35674,2,0,0,35425,70850,70850
Agu-2026,MAMU BTP,MAROON + RIB,MAROON + RIB S,35674,0,0,0,35425,0,70850
Sep-2026,MAMU BTP,MAROON + RIB,MAROON + RIB S,0,1,0,0,35425,35425,0
Okt-2026,MAMU BTP,MAROON + RIB,MAROON + RIB S,0,1,0,0,35425,35425,35425
Jan-2026,MAMU BTP,MAROON + RIB,MAROON + RIB XL,0,1,0,0,37999,37999,0
Feb-2026,MAMU BTP,MAROON + RIB,MAROON + RIB XL,0,1,0,0,37999,37999,37999
Mar-2026,MAMU BTP,MAROON + RIB,MAROON + RIB XL,0,1,0,0,37999,37999,37999
Apr-2026,MAMU BTP,MAROON + RIB,MAROON + RIB XL,0,1,0,0,37999,37999,37999
Mei-2026,MAMU BTP,MAROON + RIB,MAROON + RIB XL,0,1,0,0,37999,37999,37999
Jun-2026,MAMU BTP,MAROON + RIB,MAROON + RIB XL,0,1,0,0,37999,37999,37999
Jul-2026,MAMU BTP,MAROON + RIB,MAROON + RIB XL,0,1,0,0,37999,37999,37999
Agu-2026,MAMU BTP,MAROON + RIB,MAROON + RIB XL,107307,0,0,0,37999,0,37999
Jan-2026,MAMU BTP,MERAH + RIB,MERAH + RIB 2XL,0,1,0,0,36757,36757,0
Feb-2026,MAMU BTP,MERAH + RIB,MERAH + RIB 2XL,0,1,0,0,36757,36757,36757
Mar-2026,MAMU BTP,MERAH + RIB,MERAH + RIB 2XL,0,1,0,0,36757,36757,36757
Apr-2026,MAMU BTP,MERAH + RIB,MERAH + RIB 2XL,34547,1,0,0,36757,36757,36757
Mei-2026,MAMU BTP,MERAH + RIB,MERAH + RIB 2XL,0,1,0,0,36757,36757,36757
Jun-2026,MAMU BTP,MERAH + RIB,MERAH + RIB 2XL,0,1,0,0,36757,36757,36757
Jul-2026,MAMU BTP,MERAH + RIB,MERAH + RIB 2XL,221063,1,0,0,36757,36757,36757
Agu-2026,MAMU BTP,MERAH + RIB,MERAH + RIB 2XL,608713,0,1,0,36757,36757,36757
Sep-2026,MAMU BTP,MERAH + RIB,MERAH + RIB 2XL,0,1,0,0,36757,36757,36757
Okt-2026,MAMU BTP,MERAH + RIB,MERAH + RIB 2XL,0,1,0,0,36757,36757,36757
Jan-2026,MAMU BTP,MERAH + RIB,MERAH + RIB 3XL,0,1,0,0,45193,45193,0
Feb-2026,MAMU BTP,MERAH + RIB,MERAH + RIB 3XL,0,1,0,0,45193,45193,45193
Mar-2026,MAMU BTP,MERAH + RIB,MERAH + RIB 3XL,0,1,0,0,45193,45193,45193
Apr-2026,MAMU BTP,MERAH + RIB,MERAH + RIB 3XL,0,1,0,0,45193,45193,45193
Mei-2026,MAMU BTP,MERAH + RIB,MERAH + RIB 3XL,0,1,0,0,45193,45193,45193
Jun-2026,MAMU BTP,MERAH + RIB,MERAH + RIB 3XL,0,1,0,0,45193,45193,45193
Jul-2026,MAMU BTP,MERAH + RIB,MERAH + RIB 3XL,95035,0,0,0,45193,0,45193
Agu-2026,MAMU BTP,MERAH + RIB,MERAH + RIB 3XL,194544,1,0,0,45193,45193,0
Sep-2026,MAMU BTP,MERAH + RIB,MERAH + RIB 3XL,0,1,0,0,45193,45193,45193
Okt-2026,MAMU BTP,MERAH + RIB,MERAH + RIB 3XL,0,1,0,0,45193,45193,45193
Jan-2026,MAMU BTP,MERAH + RIB,MERAH + RIB L,36085,1,0,0,35755,35755,0
Feb-2026,MAMU BTP,MERAH + RIB,MERAH + RIB L,0,1,0,0,35755,35755,35755
Mar-2026,MAMU BTP,MERAH + RIB,MERAH + RIB L,0,1,0,0,35755,35755,35755
Apr-2026,MAMU BTP,MERAH + RIB,MERAH + RIB L,0,1,0,0,35755,35755,35755
Mei-2026,MAMU BTP,MERAH + RIB,MERAH + RIB L,0,1,0,0,35755,35755,35755
Jun-2026,MAMU BTP,MERAH + RIB,MERAH + RIB L,0,1,0,0,35755,35755,35755
Jul-2026,MAMU BTP,MERAH + RIB,MERAH + RIB L,475518,0,0,0,35755,0,35755
Agu-2026,MAMU BTP,MERAH + RIB,MERAH + RIB L,1250400,0,0,0,35755,0,0
Jan-2026,MAMU BTP,MERAH + RIB,MERAH + RIB M,0,1,0,0,35755,35755,0
Feb-2026,MAMU BTP,MERAH + RIB,MERAH + RIB M,0,1,0,0,35755,35755,35755
Mar-2026,MAMU BTP,MERAH + RIB,MERAH + RIB M,0,1,0,0,35755,35755,35755
Apr-2026,MAMU BTP,MERAH + RIB,MERAH + RIB M,0,1,0,0,35755,35755,35755
Mei-2026,MAMU BTP,MERAH + RIB,MERAH + RIB M,0,1,0,0,35755,35755,35755
Jun-2026,MAMU BTP,MERAH + RIB,MERAH + RIB M,0,1,0,0,35755,35755,35755
Jul-2026,MAMU BTP,MERAH + RIB,MERAH + RIB M,252072,0,0,0,35755,0,35755
Agu-2026,MAMU BTP,MERAH + RIB,MERAH + RIB M,1349715,10,0,0,35755,357550,0
Sep-2026,MAMU BTP,MERAH + RIB,MERAH + RIB M,0,0,0,0,35755,0,357550
Jan-2026,MAMU BTP,MERAH + RIB,MERAH + RIB S,0,1,0,0,35972,35972,0
Feb-2026,MAMU BTP,MERAH + RIB,MERAH + RIB S,36245,0,0,0,35972,0,35972
Mar-2026,MAMU BTP,MERAH + RIB,MERAH + RIB S,36245,0,0,0,35972,0,0
Apr-2026,MAMU BTP,MERAH + RIB,MERAH + RIB S,36245,1,0,0,35972,35972,0
Mei-2026,MAMU BTP,MERAH + RIB,MERAH + RIB S,0,1,0,0,35972,35972,35972
Jun-2026,MAMU BTP,MERAH + RIB,MERAH + RIB S,36245,2,0,0,35972,71944,35972
Jul-2026,MAMU BTP,MERAH + RIB,MERAH + RIB S,36564,2,0,0,35972,71944,71944
Agu-2026,MAMU BTP,MERAH + RIB,MERAH + RIB S,817173,3,0,0,35972,107916,71944
Sep-2026,MAMU BTP,MERAH + RIB,MERAH + RIB S,0,0,0,0,35972,0,107916
Feb-2026,MAMU BTP,MERAH + RIB,MERAH + RIB XL,0,1,0,0,35755,35755,0
Mar-2026,MAMU BTP,MERAH + RIB,MERAH + RIB XL,0,1,0,0,35755,35755,35755
Apr-2026,MAMU BTP,MERAH + RIB,MERAH + RIB XL,0,1,0,0,35755,35755,35755
Mei-2026,MAMU BTP,MERAH + RIB,MERAH + RIB XL,0,1,0,0,35755,35755,35755
Jun-2026,MAMU BTP,MERAH + RIB,MERAH + RIB XL,0,1,0,0,35755,35755,35755
Jul-2026,MAMU BTP,MERAH + RIB,MERAH + RIB XL,286916,0,0,0,35755,0,35755
Agu-2026,MAMU BTP,MERAH + RIB,MERAH + RIB XL,1344756,1,0,0,35755,35755,0
Sep-2026,MAMU BTP,MERAH + RIB,MERAH + RIB XL,0,0,0,0,35755,0,35755
Jan-2026,MAMU BTP,NAVY + RIB,NAVY + RIB 2XL,0,1,0,0,34393,34393,0
Feb-2026,MAMU BTP,NAVY + RIB,NAVY + RIB 2XL,42131,1,0,0,34393,34393,34393
Mar-2026,MAMU BTP,NAVY + RIB,NAVY + RIB 2XL,84262,0,0,0,34393,0,34393
Apr-2026,MAMU BTP,NAVY + RIB,NAVY + RIB 2XL,42131,1,0,0,34393,34393,0
Mei-2026,MAMU BTP,NAVY + RIB,NAVY + RIB 2XL,42131,2,0,0,34393,68786,34393
Jun-2026,MAMU BTP,NAVY + RIB,NAVY + RIB 2XL,42131,1,0,0,34393,34393,68786
Jul-2026,MAMU BTP,NAVY + RIB,NAVY + RIB 2XL,0,2,0,0,34393,68786,34393
Agu-2026,MAMU BTP,NAVY + RIB,NAVY + RIB 2XL,41699,1,0,0,34393,34393,68786
Sep-2026,MAMU BTP,NAVY + RIB,NAVY + RIB 2XL,0,1,0,0,34393,34393,34393
Okt-2026,MAMU BTP,NAVY + RIB,NAVY + RIB 2XL,0,1,0,0,34393,34393,34393
Jan-2026,MAMU BTP,NAVY + RIB,NAVY + RIB 3XL,45704,0,0,0,44433,0,0
Mar-2026,MAMU BTP,NAVY + RIB,NAVY + RIB 3XL,45704,0,0,0,44433,0,0
Jul-2026,MAMU BTP,NAVY + RIB,NAVY + RIB 3XL,0,1,0,0,44433,44433,0
Agu-2026,MAMU BTP,NAVY + RIB,NAVY + RIB 3XL,45704,1,0,0,44433,44433,44433
Sep-2026,MAMU BTP,NAVY + RIB,NAVY + RIB 3XL,0,0,0,0,44433,0,44433
Okt-2026,MAMU BTP,NAVY + RIB,NAVY + RIB 3XL,43306,0,0,0,44433,0,0
Jan-2026,MAMU BTP,NAVY + RIB,NAVY + RIB L,0,2,0,0,35115,70230,0
Feb-2026,MAMU BTP,NAVY + RIB,NAVY + RIB L,35755,1,0,0,35115,35115,70230
Mar-2026,MAMU BTP,NAVY + RIB,NAVY + RIB L,35755,0,0,0,35115,0,35115
Apr-2026,MAMU BTP,NAVY + RIB,NAVY + RIB L,35490,1,0,0,35115,35115,0
Mei-2026,MAMU BTP,NAVY + RIB,NAVY + RIB L,35490,1,0,0,35115,35115,35115
Jun-2026,MAMU BTP,NAVY + RIB,NAVY + RIB L,35490,2,0,0,35115,70230,35115
Jul-2026,MAMU BTP,NAVY + RIB,NAVY + RIB L,70980,0,0,0,35115,0,70230
Agu-2026,MAMU BTP,NAVY + RIB,NAVY + RIB L,38310,0,0,0,35115,0,0
Jan-2026,MAMU BTP,NAVY + RIB,NAVY + RIB M,0,1,0,0,35191,35191,0
Feb-2026,MAMU BTP,NAVY + RIB,NAVY + RIB M,0,1,0,0,32964,32964,35191
Mar-2026,MAMU BTP,NAVY + RIB,NAVY + RIB M,35702,1,0,0,32964,32964,32964
Apr-2026,MAMU BTP,NAVY + RIB,NAVY + RIB M,35702,1,0,0,32964,32964,32964
Mei-2026,MAMU BTP,NAVY + RIB,NAVY + RIB M,0,2,0,0,32964,65928,32964
Jun-2026,MAMU BTP,NAVY + RIB,NAVY + RIB M,71404,2,0,0,32964,65928,65928
Jul-2026,MAMU BTP,NAVY + RIB,NAVY + RIB M,71404,0,0,0,35191,0,65928
Agu-2026,MAMU BTP,NAVY + RIB,NAVY + RIB M,141588,0,0,0,35191,0,0
Feb-2026,MAMU BTP,NAVY + RIB,NAVY + RIB S,35581,1,0,0,34613,34613,0
Mar-2026,MAMU BTP,NAVY + RIB,NAVY + RIB S,35581,1,0,0,34613,34613,34613
Apr-2026,MAMU BTP,NAVY + RIB,NAVY + RIB S,35581,1,0,0,34613,34613,34613
Mei-2026,MAMU BTP,NAVY + RIB,NAVY + RIB S,0,1,0,0,34613,34613,34613
Jun-2026,MAMU BTP,NAVY + RIB,NAVY + RIB S,71162,2,0,0,34613,69226,34613
Jul-2026,MAMU BTP,NAVY + RIB,NAVY + RIB S,35581,1,0,0,34613,34613,69226
Agu-2026,MAMU BTP,NAVY + RIB,NAVY + RIB S,70465,1,0,0,34613,34613,34613
Sep-2026,MAMU BTP,NAVY + RIB,NAVY + RIB S,0,0,0,0,34613,0,34613
Jan-2026,MAMU BTP,NAVY + RIB,NAVY + RIB XL,0,2,0,0,35116,70232,0
Feb-2026,MAMU BTP,NAVY + RIB,NAVY + RIB XL,74088,0,0,0,35116,0,70232
Mar-2026,MAMU BTP,NAVY + RIB,NAVY + RIB XL,0,1,0,0,35116,35116,0
Apr-2026,MAMU BTP,NAVY + RIB,NAVY + RIB XL,0,1,0,0,35116,35116,35116
Mei-2026,MAMU BTP,NAVY + RIB,NAVY + RIB XL,0,2,0,0,35116,70232,35116
Jun-2026,MAMU BTP,NAVY + RIB,NAVY + RIB XL,72728,2,0,0,35116,70232,70232
Jul-2026,MAMU BTP,NAVY + RIB,NAVY + RIB XL,0,2,0,0,35116,70232,70232
Agu-2026,MAMU BTP,NAVY + RIB,NAVY + RIB XL,145898,2,0,0,35116,70232,70232
Sep-2026,MAMU BTP,NAVY + RIB,NAVY + RIB XL,0,2,0,0,35116,70232,70232
Okt-2026,MAMU BTP,NAVY + RIB,NAVY + RIB XL,36806,1,0,0,35116,35116,70232
Jan-2026,MAMU BTP,PUTIH + RIB,PUTIH + RIB 2XL,32816,0,0,0,35692,0,0
Mar-2026,MAMU BTP,PUTIH + RIB,PUTIH + RIB 2XL,0,1,0,0,35692,35692,0
Apr-2026,MAMU BTP,PUTIH + RIB,PUTIH + RIB 2XL,32816,0,0,0,35692,0,35692
Mei-2026,MAMU BTP,PUTIH + RIB,PUTIH + RIB 2XL,0,1,0,0,35692,35692,0
Jun-2026,MAMU BTP,PUTIH + RIB,PUTIH + RIB 2XL,0,1,0,0,35692,35692,35692
Jul-2026,MAMU BTP,PUTIH + RIB,PUTIH + RIB 2XL,0,2,0,0,35692,71384,35692
Agu-2026,MAMU BTP,PUTIH + RIB,PUTIH + RIB 2XL,171346,0,1,0,35692,35692,71384
Sep-2026,MAMU BTP,PUTIH + RIB,PUTIH + RIB 2XL,0,1,0,0,35692,35692,35692
Okt-2026,MAMU BTP,PUTIH + RIB,PUTIH + RIB 2XL,0,1,0,0,35692,35692,35692
Jan-2026,MAMU BTP,PUTIH + RIB,PUTIH + RIB 3XL,0,1,0,0,40627,40627,0
Feb-2026,MAMU BTP,PUTIH + RIB,PUTIH + RIB 3XL,0,1,0,0,40627,40627,40627
Mar-2026,MAMU BTP,PUTIH + RIB,PUTIH + RIB 3XL,0,1,0,0,40627,40627,40627
Apr-2026,MAMU BTP,PUTIH + RIB,PUTIH + RIB 3XL,41016,1,0,0,40627,40627,40627
Mei-2026,MAMU BTP,PUTIH + RIB,PUTIH + RIB 3XL,41016,0,0,0,40627,0,40627
Jun-2026,MAMU BTP,PUTIH + RIB,PUTIH + RIB 3XL,0,1,0,0,40627,40627,0
Jul-2026,MAMU BTP,PUTIH + RIB,PUTIH + RIB 3XL,40886,1,0,0,40627,40627,40627
Agu-2026,MAMU BTP,PUTIH + RIB,PUTIH + RIB 3XL,0,0,0,0,40627,0,40627
Jan-2026,MAMU BTP,PUTIH + RIB,PUTIH + RIB L,97499,1,0,0,32169,32169,0
Feb-2026,MAMU BTP,PUTIH + RIB,PUTIH + RIB L,32390,1,0,0,32141,32141,32169
Mar-2026,MAMU BTP,PUTIH + RIB,PUTIH + RIB L,32390,1,0,0,32259,32259,32141
Apr-2026,MAMU BTP,PUTIH + RIB,PUTIH + RIB L,64320,1,0,0,32259,32259,32259
Mei-2026,MAMU BTP,PUTIH + RIB,PUTIH + RIB L,97322,1,0,0,32259,32259,32259
Jun-2026,MAMU BTP,PUTIH + RIB,PUTIH + RIB L,98422,2,0,0,32259,64518,32259
Jul-2026,MAMU BTP,PUTIH + RIB,PUTIH + RIB L,135592,0,0,0,32169,0,64518
Agu-2026,MAMU BTP,PUTIH + RIB,PUTIH + RIB L,169044,2,0,0,32259,64518,0
Sep-2026,MAMU BTP,PUTIH + RIB,PUTIH + RIB L,0,1,0,0,32259,32259,64518
Okt-2026,MAMU BTP,PUTIH + RIB,PUTIH + RIB L,34762,1,0,0,32259,32259,32259
Jan-2026,MAMU BTP,PUTIH + RIB,PUTIH + RIB M,65213,1,0,0,32474,32474,0
Feb-2026,MAMU BTP,PUTIH + RIB,PUTIH + RIB M,65080,1,0,0,32327,32327,32474
Mar-2026,MAMU BTP,PUTIH + RIB,PUTIH + RIB M,32540,1,0,0,32327,32327,32327
Apr-2026,MAMU BTP,PUTIH + RIB,PUTIH + RIB M,32421,1,0,0,32327,32327,32327
Mei-2026,MAMU BTP,PUTIH + RIB,PUTIH + RIB M,97599,0,0,0,32474,0,32327
Jun-2026,MAMU BTP,PUTIH + RIB,PUTIH + RIB M,32589,2,0,0,32327,64654,0
Jul-2026,MAMU BTP,PUTIH + RIB,PUTIH + RIB M,66839,1,0,0,32327,32327,64654
Agu-2026,MAMU BTP,PUTIH + RIB,PUTIH + RIB M,158166,3,0,0,32327,96981,32327
Sep-2026,MAMU BTP,PUTIH + RIB,PUTIH + RIB M,67518,0,0,0,32474,0,96981
Okt-2026,MAMU BTP,PUTIH + RIB,PUTIH + RIB M,103173,0,0,0,32474,0,0
Jan-2026,MAMU BTP,PUTIH + RIB,PUTIH + RIB S,32747,0,0,0,32719,0,0
Feb-2026,MAMU BTP,PUTIH + RIB,PUTIH + RIB S,32735,2,0,0,32719,65438,0
Mar-2026,MAMU BTP,PUTIH + RIB,PUTIH + RIB S,32735,1,0,0,32719,32719,65438
Apr-2026,MAMU BTP,PUTIH + RIB,PUTIH + RIB S,32735,1,0,0,32719,32719,32719
Mei-2026,MAMU BTP,PUTIH + RIB,PUTIH + RIB S,98205,1,0,0,32719,32719,32719
Jun-2026,MAMU BTP,PUTIH + RIB,PUTIH + RIB S,32735,2,0,0,32719,65438,32719
Jul-2026,MAMU BTP,PUTIH + RIB,PUTIH + RIB S,131144,0,0,0,32719,0,65438
Agu-2026,MAMU BTP,PUTIH + RIB,PUTIH + RIB S,32837,1,0,0,32719,32719,0
Sep-2026,MAMU BTP,PUTIH + RIB,PUTIH + RIB S,0,0,0,0,32719,0,32719
Okt-2026,MAMU BTP,PUTIH + RIB,PUTIH + RIB S,0,1,0,0,32719,32719,0
Jan-2026,MAMU BTP,PUTIH + RIB,PUTIH + RIB XL,67556,1,0,0,32650,32650,0
Feb-2026,MAMU BTP,PUTIH + RIB,PUTIH + RIB XL,0,1,0,0,32397,32397,32650
Mar-2026,MAMU BTP,PUTIH + RIB,PUTIH + RIB XL,33256,1,0,0,32397,32397,32397
Apr-2026,MAMU BTP,PUTIH + RIB,PUTIH + RIB XL,0,1,0,0,32397,32397,32397
Mei-2026,MAMU BTP,PUTIH + RIB,PUTIH + RIB XL,0,1,0,0,32397,32397,32397
Jun-2026,MAMU BTP,PUTIH + RIB,PUTIH + RIB XL,33256,0,0,0,32650,0,32397
Jul-2026,MAMU BTP,PUTIH + RIB,PUTIH + RIB XL,68855,0,0,0,32650,0,0
Agu-2026,MAMU BTP,PUTIH + RIB,PUTIH + RIB XL,105259,2,0,0,32397,64794,0
Sep-2026,MAMU BTP,PUTIH + RIB,PUTIH + RIB XL,0,1,0,0,32397,32397,64794
Okt-2026,MAMU BTP,PUTIH + RIB,PUTIH + RIB XL,0,2,0,0,32397,64794,32397
Mei-2026,MAMU GOWA,ABU TUA + RIB,ABU TUA + RIB 2XL,0,2,0,0,38070,76140,0
Jun-2026,MAMU GOWA,ABU TUA + RIB,ABU TUA + RIB 2XL,0,17,0,0,38070,647190,76140
Jul-2026,MAMU GOWA,ABU TUA + RIB,ABU TUA + RIB 2XL,0,17,0,0,38070,647190,647190
Agu-2026,MAMU GOWA,ABU TUA + RIB,ABU TUA + RIB 2XL,0,17,0,0,38070,647190,647190
Sep-2026,MAMU GOWA,ABU TUA + RIB,ABU TUA + RIB 2XL,0,17,0,0,38070,647190,647190
Okt-2026,MAMU GOWA,ABU TUA + RIB,ABU TUA + RIB 2XL,38264,16,0,0,38070,609120,647190
Mei-2026,MAMU GOWA,ABU TUA + RIB,ABU TUA + RIB 3XL,0,2,0,0,47562,95124,0
Jun-2026,MAMU GOWA,ABU TUA + RIB,ABU TUA + RIB 3XL,0,17,0,0,47562,808554,95124
Jul-2026,MAMU GOWA,ABU TUA + RIB,ABU TUA + RIB 3XL,46790,16,0,0,47562,760992,808554
Agu-2026,MAMU GOWA,ABU TUA + RIB,ABU TUA + RIB 3XL,0,16,0,0,47562,760992,760992
Sep-2026,MAMU GOWA,ABU TUA + RIB,ABU TUA + RIB 3XL,0,16,0,0,47562,760992,760992
Okt-2026,MAMU GOWA,ABU TUA + RIB,ABU TUA + RIB 3XL,0,16,0,0,47562,760992,760992
Mei-2026,MAMU GOWA,ABU TUA + RIB,ABU TUA + RIB L,0,2,0,0,35180,70360,0
Jun-2026,MAMU GOWA,ABU TUA + RIB,ABU TUA + RIB L,0,17,0,0,35180,598060,70360
Jul-2026,MAMU GOWA,ABU TUA + RIB,ABU TUA + RIB L,0,17,0,0,35180,598060,598060
Agu-2026,MAMU GOWA,ABU TUA + RIB,ABU TUA + RIB L,70984,17,0,0,35180,598060,598060
Sep-2026,MAMU GOWA,ABU TUA + RIB,ABU TUA + RIB L,0,15,0,0,35180,527700,598060
Okt-2026,MAMU GOWA,ABU TUA + RIB,ABU TUA + RIB L,0,15,0,0,35180,527700,527700
Mei-2026,MAMU GOWA,ABU TUA + RIB,ABU TUA + RIB M,0,2,0,0,35432,70864,0
Jun-2026,MAMU GOWA,ABU TUA + RIB,ABU TUA + RIB M,0,17,0,0,35432,602344,70864
Jul-2026,MAMU GOWA,ABU TUA + RIB,ABU TUA + RIB M,35507,16,0,0,35432,566912,602344
Agu-2026,MAMU GOWA,ABU TUA + RIB,ABU TUA + RIB M,35507,15,0,0,35432,531480,566912
Sep-2026,MAMU GOWA,ABU TUA + RIB,ABU TUA + RIB M,71014,13,0,0,35432,460616,531480
Okt-2026,MAMU GOWA,ABU TUA + RIB,ABU TUA + RIB M,0,13,0,0,35432,460616,460616
Mei-2026,MAMU GOWA,ABU TUA + RIB,ABU TUA + RIB S,0,2,0,0,35135,70270,0
Jun-2026,MAMU GOWA,ABU TUA + RIB,ABU TUA + RIB S,0,22,0,0,35135,772970,70270
Jul-2026,MAMU GOWA,ABU TUA + RIB,ABU TUA + RIB S,0,32,0,0,35135,1124320,772970
Agu-2026,MAMU GOWA,ABU TUA + RIB,ABU TUA + RIB S,48178,30,0,0,35135,1054050,1124320
Sep-2026,MAMU GOWA,ABU TUA + RIB,ABU TUA + RIB S,24089,29,0,0,35135,1018915,1054050
Okt-2026,MAMU GOWA,ABU TUA + RIB,ABU TUA + RIB S,0,29,0,0,35135,1018915,1018915
Jun-2026,MAMU GOWA,ABU TUA + RIB,ABU TUA + RIB XL,0,15,0,0,35890,538350,0
Jul-2026,MAMU GOWA,ABU TUA + RIB,ABU TUA + RIB XL,0,15,0,0,35890,538350,538350
Agu-2026,MAMU GOWA,ABU TUA + RIB,ABU TUA + RIB XL,0,15,0,0,35890,538350,538350
Sep-2026,MAMU GOWA,ABU TUA + RIB,ABU TUA + RIB XL,71036,13,0,0,35890,466570,538350
Okt-2026,MAMU GOWA,ABU TUA + RIB,ABU TUA + RIB XL,0,13,0,0,35890,466570,466570
Mei-2026,MAMU GOWA,BENHUR + RIB,BENHUR + RIB 2XL,0,2,0,0,36563,73126,0
Jun-2026,MAMU GOWA,BENHUR + RIB,BENHUR + RIB 2XL,0,17,0,0,36563,621571,73126
Jul-2026,MAMU GOWA,BENHUR + RIB,BENHUR + RIB 2XL,36610,16,0,0,36563,585008,621571
Agu-2026,MAMU GOWA,BENHUR + RIB,BENHUR + RIB 2XL,73220,14,0,0,36563,511882,585008
Sep-2026,MAMU GOWA,BENHUR + RIB,BENHUR + RIB 2XL,0,14,0,0,36563,511882,511882
Okt-2026,MAMU GOWA,BENHUR + RIB,BENHUR + RIB 2XL,0,14,0,0,36563,511882,511882
Mei-2026,MAMU GOWA,BENHUR + RIB,BENHUR + RIB 3XL,0,2,0,0,45841,91682,0
Jun-2026,MAMU GOWA,BENHUR + RIB,BENHUR + RIB 3XL,0,2,0,0,45841,91682,91682
Jul-2026,MAMU GOWA,BENHUR + RIB,BENHUR + RIB 3XL,90818,0,0,0,45841,0,91682
Mei-2026,MAMU GOWA,BENHUR + RIB,BENHUR + RIB L,0,2,0,0,36209,72418,0
Jun-2026,MAMU GOWA,BENHUR + RIB,BENHUR + RIB L,38125,16,0,0,36209,579344,72418
Jul-2026,MAMU GOWA,BENHUR + RIB,BENHUR + RIB L,266875,10,0,0,36209,362090,579344
Agu-2026,MAMU GOWA,BENHUR + RIB,BENHUR + RIB L,38125,9,0,0,36209,325881,362090
Sep-2026,MAMU GOWA,BENHUR + RIB,BENHUR + RIB L,0,8,0,0,36209,289672,325881
Okt-2026,MAMU GOWA,BENHUR + RIB,BENHUR + RIB L,0,8,0,0,36209,289672,289672
Mei-2026,MAMU GOWA,BENHUR + RIB,BENHUR + RIB M,0,2,0,0,35986,71972,0
Jun-2026,MAMU GOWA,BENHUR + RIB,BENHUR + RIB M,0,17,0,0,35986,611762,71972
Jul-2026,MAMU GOWA,BENHUR + RIB,BENHUR + RIB M,76170,15,0,0,35986,539790,611762
Agu-2026,MAMU GOWA,BENHUR + RIB,BENHUR + RIB M,76170,13,0,0,35986,467818,539790
Sep-2026,MAMU GOWA,BENHUR + RIB,BENHUR + RIB M,0,13,0,0,35986,467818,467818
Okt-2026,MAMU GOWA,BENHUR + RIB,BENHUR + RIB M,0,13,0,0,35986,467818,467818
Mei-2026,MAMU GOWA,BENHUR + RIB,BENHUR + RIB S,0,2,0,0,36137,72274,0
Jun-2026,MAMU GOWA,BENHUR + RIB,BENHUR + RIB S,0,22,0,0,36137,795014,72274
Jul-2026,MAMU GOWA,BENHUR + RIB,BENHUR + RIB S,0,32,0,0,36137,1156384,795014
Agu-2026,MAMU GOWA,BENHUR + RIB,BENHUR + RIB S,76941,29,0,0,36137,1047973,1156384
Sep-2026,MAMU GOWA,BENHUR + RIB,BENHUR + RIB S,0,29,0,0,36137,1047973,1047973
Okt-2026,MAMU GOWA,BENHUR + RIB,BENHUR + RIB S,0,29,0,0,36137,1047973,1047973
Jun-2026,MAMU GOWA,BENHUR + RIB,BENHUR + RIB XL,0,15,0,0,35965,539475,0
Jul-2026,MAMU GOWA,BENHUR + RIB,BENHUR + RIB XL,41151,14,0,0,35965,503510,539475
Agu-2026,MAMU GOWA,BENHUR + RIB,BENHUR + RIB XL,41151,13,0,0,35965,467545,503510
Sep-2026,MAMU GOWA,BENHUR + RIB,BENHUR + RIB XL,0,13,0,0,35965,467545,467545
Okt-2026,MAMU GOWA,BENHUR + RIB,BENHUR + RIB XL,0,13,0,0,35965,467545,467545
Mei-2026,MAMU GOWA,HITAM + RIB,HITAM + RIB 2XL,0,2,0,0,40111,80222,0
Jun-2026,MAMU GOWA,HITAM + RIB,HITAM + RIB 2XL,42204,1,0,0,40111,40111,80222
Jul-2026,MAMU GOWA,HITAM + RIB,HITAM + RIB 2XL,42204,1,0,0,40111,40111,40111
Agu-2026,MAMU GOWA,HITAM + RIB,HITAM + RIB 2XL,0,0,0,0,40111,0,40111
Sep-2026,MAMU GOWA,HITAM + RIB,HITAM + RIB 2XL,44204,9,0,0,40111,360999,0
Okt-2026,MAMU GOWA,HITAM + RIB,HITAM + RIB 2XL,44204,8,0,0,40111,320888,360999
Mei-2026,MAMU GOWA,HITAM + RIB,HITAM + RIB 3XL,0,2,0,0,45968,91936,0
Jun-2026,MAMU GOWA,HITAM + RIB,HITAM + RIB 3XL,0,22,0,0,45968,1011296,91936
Jul-2026,MAMU GOWA,HITAM + RIB,HITAM + RIB 3XL,34859,32,0,0,45968,1470976,1011296
Agu-2026,MAMU GOWA,HITAM + RIB,HITAM + RIB 3XL,104577,30,0,0,45968,1379040,1470976
Sep-2026,MAMU GOWA,HITAM + RIB,HITAM + RIB 3XL,0,28,0,0,45968,1287104,1379040
Okt-2026,MAMU GOWA,HITAM + RIB,HITAM + RIB 3XL,0,28,0,0,45968,1287104,1287104
Mei-2026,MAMU GOWA,HITAM + RIB,HITAM + RIB L,0,2,0,0,35046,70092,0
Jun-2026,MAMU GOWA,HITAM + RIB,HITAM + RIB L,35040,16,0,0,35046,560736,70092
Jul-2026,MAMU GOWA,HITAM + RIB,HITAM + RIB L,35048,16,0,0,35046,560736,560736
Agu-2026,MAMU GOWA,HITAM + RIB,HITAM + RIB L,70096,13,0,0,35046,455598,560736
Sep-2026,MAMU GOWA,HITAM + RIB,HITAM + RIB L,175240,10,0,0,35046,350460,455598
Okt-2026,MAMU GOWA,HITAM + RIB,HITAM + RIB L,0,8,0,0,35046,280368,350460
Mei-2026,MAMU GOWA,HITAM + RIB,HITAM + RIB M,0,2,0,0,35089,70178,0
Jun-2026,MAMU GOWA,HITAM + RIB,HITAM + RIB M,35599,16,0,0,35089,561424,70178
Jul-2026,MAMU GOWA,HITAM + RIB,HITAM + RIB M,71198,14,0,0,35089,491246,561424
Agu-2026,MAMU GOWA,HITAM + RIB,HITAM + RIB M,106797,12,0,0,35089,421068,491246
Sep-2026,MAMU GOWA,HITAM + RIB,HITAM + RIB M,177995,6,0,0,35089,210534,421068
Okt-2026,MAMU GOWA,HITAM + RIB,HITAM + RIB M,35599,6,0,0,35089,210534,210534
Mei-2026,MAMU GOWA,HITAM + RIB,HITAM + RIB S,35280,1,0,0,35285,35285,0
Jun-2026,MAMU GOWA,HITAM + RIB,HITAM + RIB S,0,20,0,0,35285,705700,35285
Jul-2026,MAMU GOWA,HITAM + RIB,HITAM + RIB S,71382,19,0,0,35285,670415,705700
Agu-2026,MAMU GOWA,HITAM + RIB,HITAM + RIB S,71382,17,0,0,35285,599845,670415
Sep-2026,MAMU GOWA,HITAM + RIB,HITAM + RIB S,71382,14,0,0,35285,493990,599845
Okt-2026,MAMU GOWA,HITAM + RIB,HITAM + RIB S,0,14,0,0,35285,493990,493990
Mei-2026,MAMU GOWA,HITAM + RIB,HITAM + RIB XL,0,2,0,0,35999,71998,0
Jun-2026,MAMU GOWA,HITAM + RIB,HITAM + RIB XL,72536,15,0,0,35999,539985,71998
Jul-2026,MAMU GOWA,HITAM + RIB,HITAM + RIB XL,108804,13,0,0,35999,467987,539985
Agu-2026,MAMU GOWA,HITAM + RIB,HITAM + RIB XL,72536,10,0,0,35999,359990,467987
Sep-2026,MAMU GOWA,HITAM + RIB,HITAM + RIB XL,36268,9,0,0,35999,323991,359990
Okt-2026,MAMU GOWA,HITAM + RIB,HITAM + RIB XL,0,9,0,0,35999,323991,323991
Mei-2026,MAMU GOWA,MAROON + RIB,MAROON + RIB 2XL,0,2,0,0,41035,82070,0
Jun-2026,MAMU GOWA,MAROON + RIB,MAROON + RIB 2XL,0,22,0,0,41035,902770,82070
Jul-2026,MAMU GOWA,MAROON + RIB,MAROON + RIB 2XL,0,22,0,0,41035,902770,902770
Agu-2026,MAMU GOWA,MAROON + RIB,MAROON + RIB 2XL,245616,17,0,0,41035,697595,902770
Sep-2026,MAMU GOWA,MAROON + RIB,MAROON + RIB 2XL,0,16,0,0,41035,656560,697595
Okt-2026,MAMU GOWA,MAROON + RIB,MAROON + RIB 2XL,0,16,0,0,41035,656560,656560
Mei-2026,MAMU GOWA,MAROON + RIB,MAROON + RIB 3XL,0,2,0,0,46390,92780,0
Jun-2026,MAMU GOWA,MAROON + RIB,MAROON + RIB 3XL,0,22,0,0,46390,1020580,92780
Jul-2026,MAMU GOWA,MAROON + RIB,MAROON + RIB 3XL,0,22,0,0,46390,1020580,1020580
Agu-2026,MAMU GOWA,MAROON + RIB,MAROON + RIB 3XL,139194,19,0,0,46390,881410,1020580
Sep-2026,MAMU GOWA,MAROON + RIB,MAROON + RIB 3XL,0,19,0,0,46390,881410,881410
Okt-2026,MAMU GOWA,MAROON + RIB,MAROON + RIB 3XL,46398,18,0,0,46390,835020,881410
Mei-2026,MAMU GOWA,MAROON + RIB,MAROON + RIB L,0,2,0,0,36130,72260,0
Jun-2026,MAMU GOWA,MAROON + RIB,MAROON + RIB L,0,17,0,0,36130,614210,72260
Jul-2026,MAMU GOWA,MAROON + RIB,MAROON + RIB L,0,17,0,0,36130,614210,614210
Agu-2026,MAMU GOWA,MAROON + RIB,MAROON + RIB L,215688,11,0,0,36130,397430,614210
Sep-2026,MAMU GOWA,MAROON + RIB,MAROON + RIB L,0,5,0,0,36130,180650,397430
Okt-2026,MAMU GOWA,MAROON + RIB,MAROON + RIB L,35948,5,0,0,36130,180650,180650
Mei-2026,MAMU GOWA,MAROON + RIB,MAROON + RIB M,0,2,0,0,35662,71324,0
Jun-2026,MAMU GOWA,MAROON + RIB,MAROON + RIB M,35593,16,0,0,35662,570592,71324
Jul-2026,MAMU GOWA,MAROON + RIB,MAROON + RIB M,0,16,0,0,35662,570592,570592
Agu-2026,MAMU GOWA,MAROON + RIB,MAROON + RIB M,107490,13,0,0,35662,463606,570592
Sep-2026,MAMU GOWA,MAROON + RIB,MAROON + RIB M,71660,11,0,0,35662,392282,463606
Okt-2026,MAMU GOWA,MAROON + RIB,MAROON + RIB M,0,11,0,0,35662,392282,392282
Mei-2026,MAMU GOWA,MAROON + RIB,MAROON + RIB S,0,2,0,0,35425,70850,0
Jun-2026,MAMU GOWA,MAROON + RIB,MAROON + RIB S,0,17,0,0,35425,602225,70850
Jul-2026,MAMU GOWA,MAROON + RIB,MAROON + RIB S,0,17,0,0,35425,602225,602225
Agu-2026,MAMU GOWA,MAROON + RIB,MAROON + RIB S,212682,11,0,0,35425,389675,602225
Sep-2026,MAMU GOWA,MAROON + RIB,MAROON + RIB S,0,11,0,0,35425,389675,389675
Okt-2026,MAMU GOWA,MAROON + RIB,MAROON + RIB S,0,11,0,0,35425,389675,389675
Mei-2026,MAMU GOWA,MAROON + RIB,MAROON + RIB XL,0,2,0,0,37999,75998,0
Jun-2026,MAMU GOWA,MAROON + RIB,MAROON + RIB XL,0,17,0,0,37999,645983,75998
Jul-2026,MAMU GOWA,MAROON + RIB,MAROON + RIB XL,0,17,0,0,37999,645983,645983
Agu-2026,MAMU GOWA,MAROON + RIB,MAROON + RIB XL,235932,11,0,0,37999,417989,645983
Sep-2026,MAMU GOWA,MAROON + RIB,MAROON + RIB XL,78644,9,0,0,37999,341991,417989
Okt-2026,MAMU GOWA,MAROON + RIB,MAROON + RIB XL,0,9,0,0,37999,341991,341991
Mei-2026,MAMU GOWA,MERAH + RIB,MERAH + RIB 2XL,0,2,0,0,36757,73514,0
Jun-2026,MAMU GOWA,MERAH + RIB,MERAH + RIB 2XL,0,17,0,0,36757,624869,73514
Jul-2026,MAMU GOWA,MERAH + RIB,MERAH + RIB 2XL,36776,17,0,0,36757,624869,624869
Agu-2026,MAMU GOWA,MERAH + RIB,MERAH + RIB 2XL,147104,12,0,0,36757,441084,624869
Sep-2026,MAMU GOWA,MERAH + RIB,MERAH + RIB 2XL,0,12,0,0,36757,441084,441084
Okt-2026,MAMU GOWA,MERAH + RIB,MERAH + RIB 2XL,0,12,0,0,36757,441084,441084
Mei-2026,MAMU GOWA,MERAH + RIB,MERAH + RIB 3XL,0,2,0,0,45193,90386,0
Jun-2026,MAMU GOWA,MERAH + RIB,MERAH + RIB 3XL,0,2,0,0,45193,90386,90386
Jul-2026,MAMU GOWA,MERAH + RIB,MERAH + RIB 3XL,0,2,0,0,45193,90386,90386
Agu-2026,MAMU GOWA,MERAH + RIB,MERAH + RIB 3XL,0,2,0,0,45193,90386,90386
Sep-2026,MAMU GOWA,MERAH + RIB,MERAH + RIB 3XL,0,2,0,0,45193,90386,90386
Okt-2026,MAMU GOWA,MERAH + RIB,MERAH + RIB 3XL,0,2,0,0,45193,90386,90386
Mei-2026,MAMU GOWA,MERAH + RIB,MERAH + RIB L,0,2,0,0,35755,71510,0
Jun-2026,MAMU GOWA,MERAH + RIB,MERAH + RIB L,0,17,0,0,35755,607835,71510
Jul-2026,MAMU GOWA,MERAH + RIB,MERAH + RIB L,67622,18,0,0,35755,643590,607835
Agu-2026,MAMU GOWA,MERAH + RIB,MERAH + RIB L,1088230,0,0,0,35755,0,643590
Sep-2026,MAMU GOWA,MERAH + RIB,MERAH + RIB L,0,15,0,0,35755,536325,0
Okt-2026,MAMU GOWA,MERAH + RIB,MERAH + RIB L,0,15,0,0,35755,536325,536325
Mei-2026,MAMU GOWA,MERAH + RIB,MERAH + RIB M,0,2,0,0,35755,71510,0
Jun-2026,MAMU GOWA,MERAH + RIB,MERAH + RIB M,0,17,0,0,35755,607835,71510
Jul-2026,MAMU GOWA,MERAH + RIB,MERAH + RIB M,35721,16,0,0,35755,572080,607835
Agu-2026,MAMU GOWA,MERAH + RIB,MERAH + RIB M,577422,15,0,0,35755,536325,572080
Sep-2026,MAMU GOWA,MERAH + RIB,MERAH + RIB M,0,15,0,0,35755,536325,536325
Okt-2026,MAMU GOWA,MERAH + RIB,MERAH + RIB M,0,15,0,0,35755,536325,536325
Mei-2026,MAMU GOWA,MERAH + RIB,MERAH + RIB S,0,2,0,0,35972,71944,0
Jun-2026,MAMU GOWA,MERAH + RIB,MERAH + RIB S,0,17,0,0,35972,611524,71944
Jul-2026,MAMU GOWA,MERAH + RIB,MERAH + RIB S,0,17,0,0,35972,611524,611524
Agu-2026,MAMU GOWA,MERAH + RIB,MERAH + RIB S,611490,1,0,0,35972,35972,611524
Sep-2026,MAMU GOWA,MERAH + RIB,MERAH + RIB S,38635,9,0,0,35972,323748,35972
Okt-2026,MAMU GOWA,MERAH + RIB,MERAH + RIB S,0,9,0,0,35972,323748,323748
Mei-2026,MAMU GOWA,MERAH + RIB,MERAH + RIB XL,0,2,0,0,35755,71510,0
Jun-2026,MAMU GOWA,MERAH + RIB,MERAH + RIB XL,0,17,0,0,35755,607835,71510
Jul-2026,MAMU GOWA,MERAH + RIB,MERAH + RIB XL,0,17,0,0,35755,607835,607835
Agu-2026,MAMU GOWA,MERAH + RIB,MERAH + RIB XL,505840,18,0,0,35755,643590,607835
Sep-2026,MAMU GOWA,MERAH + RIB,MERAH + RIB XL,0,18,0,0,35755,643590,643590
Okt-2026,MAMU GOWA,MERAH + RIB,MERAH + RIB XL,0,18,0,0,35755,643590,643590
Mei-2026,MAMU GOWA,NAVY + RIB,NAVY + RIB 2XL,0,2,0,0,34393,68786,0
Jun-2026,MAMU GOWA,NAVY + RIB,NAVY + RIB 2XL,0,2,0,0,34393,68786,68786
Jul-2026,MAMU GOWA,NAVY + RIB,NAVY + RIB 2XL,34937,2,0,0,34393,68786,68786
Agu-2026,MAMU GOWA,NAVY + RIB,NAVY + RIB 2XL,0,1,0,0,34393,34393,68786
Sep-2026,MAMU GOWA,NAVY + RIB,NAVY + RIB 2XL,0,1,0,0,34393,34393,34393
Okt-2026,MAMU GOWA,NAVY + RIB,NAVY + RIB 2XL,34937,0,0,0,34393,0,34393
Mei-2026,MAMU GOWA,NAVY + RIB,NAVY + RIB 3XL,0,2,0,0,44433,88866,0
Jun-2026,MAMU GOWA,NAVY + RIB,NAVY + RIB 3XL,0,22,0,0,44433,977526,88866
Jul-2026,MAMU GOWA,NAVY + RIB,NAVY + RIB 3XL,0,22,0,0,44433,977526,977526
Agu-2026,MAMU GOWA,NAVY + RIB,NAVY + RIB 3XL,178364,21,0,0,44433,933093,977526
Sep-2026,MAMU GOWA,NAVY + RIB,NAVY + RIB 3XL,0,18,0,0,44433,799794,933093
Okt-2026,MAMU GOWA,NAVY + RIB,NAVY + RIB 3XL,0,18,0,0,44433,799794,799794
Mei-2026,MAMU GOWA,NAVY + RIB,NAVY + RIB L,0,2,0,0,35115,70230,0
Jun-2026,MAMU GOWA,NAVY + RIB,NAVY + RIB L,35115,16,0,0,35115,561840,70230
Jul-2026,MAMU GOWA,NAVY + RIB,NAVY + RIB L,0,16,0,0,35115,561840,561840
Agu-2026,MAMU GOWA,NAVY + RIB,NAVY + RIB L,35115,15,0,0,35115,526725,561840
Sep-2026,MAMU GOWA,NAVY + RIB,NAVY + RIB L,70230,14,0,0,35115,491610,526725
Okt-2026,MAMU GOWA,NAVY + RIB,NAVY + RIB L,35115,12,0,0,35115,421380,491610
Mei-2026,MAMU GOWA,NAVY + RIB,NAVY + RIB M,0,2,0,0,32964,65928,0
Jun-2026,MAMU GOWA,NAVY + RIB,NAVY + RIB M,0,14,0,0,32964,461496,65928
Jul-2026,MAMU GOWA,NAVY + RIB,NAVY + RIB M,32989,13,0,0,32964,428532,461496
Agu-2026,MAMU GOWA,NAVY + RIB,NAVY + RIB M,65978,12,0,0,32964,395568,428532
Sep-2026,MAMU GOWA,NAVY + RIB,NAVY + RIB M,65978,10,0,0,32964,329640,395568
Okt-2026,MAMU GOWA,NAVY + RIB,NAVY + RIB M,0,9,0,0,32964,296676,329640
Mei-2026,MAMU GOWA,NAVY + RIB,NAVY + RIB S,0,2,0,0,34613,69226,0
Jun-2026,MAMU GOWA,NAVY + RIB,NAVY + RIB S,0,22,0,0,34613,761486,69226
Jul-2026,MAMU GOWA,NAVY + RIB,NAVY + RIB S,34667,22,0,0,34613,761486,761486
Agu-2026,MAMU GOWA,NAVY + RIB,NAVY + RIB S,69334,20,0,0,34613,692260,761486
Sep-2026,MAMU GOWA,NAVY + RIB,NAVY + RIB S,34667,18,0,0,34613,623034,692260
Okt-2026,MAMU GOWA,NAVY + RIB,NAVY + RIB S,0,18,0,0,34613,623034,623034
Mei-2026,MAMU GOWA,NAVY + RIB,NAVY + RIB XL,0,2,0,0,35116,70232,0
Jun-2026,MAMU GOWA,NAVY + RIB,NAVY + RIB XL,0,17,0,0,35116,596972,70232
Jul-2026,MAMU GOWA,NAVY + RIB,NAVY + RIB XL,35116,16,0,0,35116,561856,596972
Agu-2026,MAMU GOWA,NAVY + RIB,NAVY + RIB XL,0,16,0,0,35116,561856,561856
Sep-2026,MAMU GOWA,NAVY + RIB,NAVY + RIB XL,35116,15,0,0,35116,526740,561856
Okt-2026,MAMU GOWA,NAVY + RIB,NAVY + RIB XL,0,15,0,0,35116,526740,526740
Jun-2026,MAMU GOWA,PUTIH + RIB,PUTIH + RIB 2XL,0,20,0,0,35692,713840,0
Jul-2026,MAMU GOWA,PUTIH + RIB,PUTIH + RIB 2XL,66930,19,0,0,35692,678148,713840
Agu-2026,MAMU GOWA,PUTIH + RIB,PUTIH + RIB 2XL,66930,17,0,0,35692,606764,678148
Sep-2026,MAMU GOWA,PUTIH + RIB,PUTIH + RIB 2XL,0,16,0,0,35692,571072,606764
Okt-2026,MAMU GOWA,PUTIH + RIB,PUTIH + RIB 2XL,33465,15,0,0,35692,535380,571072
Mei-2026,MAMU GOWA,PUTIH + RIB,PUTIH + RIB L,0,2,0,0,32259,64518,0
Jun-2026,MAMU GOWA,PUTIH + RIB,PUTIH + RIB L,66610,15,0,0,32259,483885,64518
Jul-2026,MAMU GOWA,PUTIH + RIB,PUTIH + RIB L,66610,13,0,0,32259,419367,483885
Agu-2026,MAMU GOWA,PUTIH + RIB,PUTIH + RIB L,299745,4,0,0,32259,129036,419367
Sep-2026,MAMU GOWA,PUTIH + RIB,PUTIH + RIB L,0,4,0,0,32259,129036,129036
Okt-2026,MAMU GOWA,PUTIH + RIB,PUTIH + RIB L,0,4,0,0,32259,129036,129036
Mei-2026,MAMU GOWA,PUTIH + RIB,PUTIH + RIB M,0,2,0,0,32327,64654,0
Jun-2026,MAMU GOWA,PUTIH + RIB,PUTIH + RIB M,32593,16,0,0,32327,517232,64654
Jul-2026,MAMU GOWA,PUTIH + RIB,PUTIH + RIB M,132948,13,0,0,32327,420251,517232
Agu-2026,MAMU GOWA,PUTIH + RIB,PUTIH + RIB M,132948,8,0,0,32327,258616,420251
Sep-2026,MAMU GOWA,PUTIH + RIB,PUTIH + RIB M,99711,6,0,0,32327,193962,258616
Okt-2026,MAMU GOWA,PUTIH + RIB,PUTIH + RIB M,33237,4,0,0,32327,129308,193962
Mei-2026,MAMU GOWA,PUTIH + RIB,PUTIH + RIB S,0,2,0,0,32719,65438,0
Jun-2026,MAMU GOWA,PUTIH + RIB,PUTIH + RIB S,0,22,0,0,32719,719818,65438
Jul-2026,MAMU GOWA,PUTIH + RIB,PUTIH + RIB S,166835,21,0,0,32719,687099,719818
Agu-2026,MAMU GOWA,PUTIH + RIB,PUTIH + RIB S,266936,10,0,0,32719,327190,687099
Sep-2026,MAMU GOWA,PUTIH + RIB,PUTIH + RIB S,33367,8,0,0,32719,261752,327190
Okt-2026,MAMU GOWA,PUTIH + RIB,PUTIH + RIB S,0,8,0,0,32719,261752,261752
Mei-2026,MAMU GOWA,PUTIH + RIB,PUTIH + RIB XL,0,2,0,0,32397,64794,0
Jun-2026,MAMU GOWA,PUTIH + RIB,PUTIH + RIB XL,0,17,0,0,32397,550749,64794
Jul-2026,MAMU GOWA,PUTIH + RIB,PUTIH + RIB XL,132944,12,0,0,32397,388764,550749
Agu-2026,MAMU GOWA,PUTIH + RIB,PUTIH + RIB XL,99708,9,0,0,32397,291573,388764
Sep-2026,MAMU GOWA,PUTIH + RIB,PUTIH + RIB XL,33236,8,0,0,32397,259176,291573
Okt-2026,MAMU GOWA,PUTIH + RIB,PUTIH + RIB XL,0,2,0,0,32397,64794,259176
Jan-2026,MAMU KENDARI,ABU TUA + RIB,ABU TUA + RIB 2XL,0,28,0,0,38070,1065960,0
Feb-2026,MAMU KENDARI,ABU TUA + RIB,ABU TUA + RIB 2XL,0,28,10,0,38070,1446660,1065960
Mar-2026,MAMU KENDARI,ABU TUA + RIB,ABU TUA + RIB 2XL,0,38,0,0,38070,1446660,1446660
Apr-2026,MAMU KENDARI,ABU TUA + RIB,ABU TUA + RIB 2XL,0,38,0,0,38070,1446660,1446660
Mei-2026,MAMU KENDARI,ABU TUA + RIB,ABU TUA + RIB 2XL,0,38,0,0,38070,1446660,1446660
Jun-2026,MAMU KENDARI,ABU TUA + RIB,ABU TUA + RIB 2XL,0,38,0,0,38070,1446660,1446660
Jul-2026,MAMU KENDARI,ABU TUA + RIB,ABU TUA + RIB 2XL,38470,38,0,0,38070,1446660,1446660
Agu-2026,MAMU KENDARI,ABU TUA + RIB,ABU TUA + RIB 2XL,38470,37,0,0,38070,1408590,1446660
Sep-2026,MAMU KENDARI,ABU TUA + RIB,ABU TUA + RIB 2XL,115410,33,0,0,38070,1256310,1408590
Okt-2026,MAMU KENDARI,ABU TUA + RIB,ABU TUA + RIB 2XL,76940,31,0,0,38070,1180170,1256310
Jan-2026,MAMU KENDARI,ABU TUA + RIB,ABU TUA + RIB 3XL,0,18,0,0,47562,856116,0
Feb-2026,MAMU KENDARI,ABU TUA + RIB,ABU TUA + RIB 3XL,0,18,0,0,47562,856116,856116
Mar-2026,MAMU KENDARI,ABU TUA + RIB,ABU TUA + RIB 3XL,0,18,0,0,47562,856116,856116
Apr-2026,MAMU KENDARI,ABU TUA + RIB,ABU TUA + RIB 3XL,0,18,0,0,47562,856116,856116
Mei-2026,MAMU KENDARI,ABU TUA + RIB,ABU TUA + RIB 3XL,0,18,0,0,47562,856116,856116
Jun-2026,MAMU KENDARI,ABU TUA + RIB,ABU TUA + RIB 3XL,0,18,0,0,47562,856116,856116
Jul-2026,MAMU KENDARI,ABU TUA + RIB,ABU TUA + RIB 3XL,0,18,0,0,47562,856116,856116
Agu-2026,MAMU KENDARI,ABU TUA + RIB,ABU TUA + RIB 3XL,47562,17,0,0,47562,808554,856116
Sep-2026,MAMU KENDARI,ABU TUA + RIB,ABU TUA + RIB 3XL,0,17,0,0,47562,808554,808554
Okt-2026,MAMU KENDARI,ABU TUA + RIB,ABU TUA + RIB 3XL,0,17,0,0,47562,808554,808554
Jan-2026,MAMU KENDARI,ABU TUA + RIB,ABU TUA + RIB L,0,35,0,0,35180,1231300,0
Feb-2026,MAMU KENDARI,ABU TUA + RIB,ABU TUA + RIB L,0,35,0,0,35180,1231300,1231300
Mar-2026,MAMU KENDARI,ABU TUA + RIB,ABU TUA + RIB L,0,35,0,0,35180,1231300,1231300
Apr-2026,MAMU KENDARI,ABU TUA + RIB,ABU TUA + RIB L,0,35,0,0,35180,1231300,1231300
Mei-2026,MAMU KENDARI,ABU TUA + RIB,ABU TUA + RIB L,106791,33,0,0,35180,1160940,1231300
Jun-2026,MAMU KENDARI,ABU TUA + RIB,ABU TUA + RIB L,35597,31,0,0,35180,1090580,1160940
Jul-2026,MAMU KENDARI,ABU TUA + RIB,ABU TUA + RIB L,106791,30,0,0,35180,1055400,1090580
Agu-2026,MAMU KENDARI,ABU TUA + RIB,ABU TUA + RIB L,71168,28,0,0,35180,985040,1055400
Sep-2026,MAMU KENDARI,ABU TUA + RIB,ABU TUA + RIB L,249088,20,0,0,35180,703600,985040
Okt-2026,MAMU KENDARI,ABU TUA + RIB,ABU TUA + RIB L,106752,17,0,0,35180,598060,703600
Jan-2026,MAMU KENDARI,ABU TUA + RIB,ABU TUA + RIB M,0,30,0,0,35432,1062960,0
Feb-2026,MAMU KENDARI,ABU TUA + RIB,ABU TUA + RIB M,35471,29,0,0,35432,1027528,1062960
Mar-2026,MAMU KENDARI,ABU TUA + RIB,ABU TUA + RIB M,0,29,0,0,35432,1027528,1027528
Apr-2026,MAMU KENDARI,ABU TUA + RIB,ABU TUA + RIB M,0,29,0,0,35432,1027528,1027528
Mei-2026,MAMU KENDARI,ABU TUA + RIB,ABU TUA + RIB M,35471,28,0,0,35432,992096,1027528
Jun-2026,MAMU KENDARI,ABU TUA + RIB,ABU TUA + RIB M,0,28,0,0,35432,992096,992096
Jul-2026,MAMU KENDARI,ABU TUA + RIB,ABU TUA + RIB M,141884,28,0,0,35432,992096,992096
Agu-2026,MAMU KENDARI,ABU TUA + RIB,ABU TUA + RIB M,0,24,0,0,35432,850368,992096
Sep-2026,MAMU KENDARI,ABU TUA + RIB,ABU TUA + RIB M,354710,14,0,0,35432,496048,850368
Okt-2026,MAMU KENDARI,ABU TUA + RIB,ABU TUA + RIB M,215860,23,0,0,35432,814936,496048
Jan-2026,MAMU KENDARI,ABU TUA + RIB,ABU TUA + RIB S,0,22,0,0,35135,772970,0
Feb-2026,MAMU KENDARI,ABU TUA + RIB,ABU TUA + RIB S,0,22,0,0,35135,772970,772970
Mar-2026,MAMU KENDARI,ABU TUA + RIB,ABU TUA + RIB S,0,22,0,0,35135,772970,772970
Apr-2026,MAMU KENDARI,ABU TUA + RIB,ABU TUA + RIB S,0,22,0,0,35135,772970,772970
Mei-2026,MAMU KENDARI,ABU TUA + RIB,ABU TUA + RIB S,0,22,0,0,35135,772970,772970
Jun-2026,MAMU KENDARI,ABU TUA + RIB,ABU TUA + RIB S,0,22,0,0,35135,772970,772970
Jul-2026,MAMU KENDARI,ABU TUA + RIB,ABU TUA + RIB S,34982,22,0,0,35135,772970,772970
Agu-2026,MAMU KENDARI,ABU TUA + RIB,ABU TUA + RIB S,34982,20,0,0,35135,702700,772970
Sep-2026,MAMU KENDARI,ABU TUA + RIB,ABU TUA + RIB S,69964,18,0,0,35135,632430,702700
Okt-2026,MAMU KENDARI,ABU TUA + RIB,ABU TUA + RIB S,559712,2,0,0,35135,70270,632430
Jan-2026,MAMU KENDARI,ABU TUA + RIB,ABU TUA + RIB XL,0,24,0,0,35876,861024,0
Feb-2026,MAMU KENDARI,ABU TUA + RIB,ABU TUA + RIB XL,0,24,0,0,35876,861024,861024
Mar-2026,MAMU KENDARI,ABU TUA + RIB,ABU TUA + RIB XL,0,24,0,0,35890,861360,861024
Apr-2026,MAMU KENDARI,ABU TUA + RIB,ABU TUA + RIB XL,0,24,0,0,35890,861360,861360
Mei-2026,MAMU KENDARI,ABU TUA + RIB,ABU TUA + RIB XL,0,24,0,0,35890,861360,861360
Jun-2026,MAMU KENDARI,ABU TUA + RIB,ABU TUA + RIB XL,0,24,0,0,35890,861360,861360
Jul-2026,MAMU KENDARI,ABU TUA + RIB,ABU TUA + RIB XL,181515,24,0,0,35890,861360,861360
Agu-2026,MAMU KENDARI,ABU TUA + RIB,ABU TUA + RIB XL,36303,17,0,0,35890,610130,861360
Sep-2026,MAMU KENDARI,ABU TUA + RIB,ABU TUA + RIB XL,508242,3,0,0,35890,107670,610130
Okt-2026,MAMU KENDARI,ABU TUA + RIB,ABU TUA + RIB XL,72606,1,15,0,35890,574240,107670
Jan-2026,MAMU KENDARI,BENHUR + RIB,BENHUR + RIB 2XL,0,28,0,0,36563,1023764,0
Feb-2026,MAMU KENDARI,BENHUR + RIB,BENHUR + RIB 2XL,0,28,0,0,36563,1023764,1023764
Mar-2026,MAMU KENDARI,BENHUR + RIB,BENHUR + RIB 2XL,0,28,0,0,36563,1023764,1023764
Apr-2026,MAMU KENDARI,BENHUR + RIB,BENHUR + RIB 2XL,0,28,0,0,36563,1023764,1023764
Mei-2026,MAMU KENDARI,BENHUR + RIB,BENHUR + RIB 2XL,0,28,0,0,36563,1023764,1023764
Jun-2026,MAMU KENDARI,BENHUR + RIB,BENHUR + RIB 2XL,39486,27,0,0,36563,987201,1023764
Jul-2026,MAMU KENDARI,BENHUR + RIB,BENHUR + RIB 2XL,78972,27,0,0,36563,987201,987201
Agu-2026,MAMU KENDARI,BENHUR + RIB,BENHUR + RIB 2XL,0,25,0,0,36563,914075,987201
Sep-2026,MAMU KENDARI,BENHUR + RIB,BENHUR + RIB 2XL,0,25,0,0,36563,914075,914075
Okt-2026,MAMU KENDARI,BENHUR + RIB,BENHUR + RIB 2XL,78972,23,0,0,36563,840949,914075
Jan-2026,MAMU KENDARI,BENHUR + RIB,BENHUR + RIB 3XL,0,10,0,0,45841,458410,0
Feb-2026,MAMU KENDARI,BENHUR + RIB,BENHUR + RIB 3XL,0,10,0,0,45841,458410,458410
Mar-2026,MAMU KENDARI,BENHUR + RIB,BENHUR + RIB 3XL,0,10,0,0,45841,458410,458410
Apr-2026,MAMU KENDARI,BENHUR + RIB,BENHUR + RIB 3XL,0,10,0,0,45841,458410,458410
Mei-2026,MAMU KENDARI,BENHUR + RIB,BENHUR + RIB 3XL,0,10,0,0,45841,458410,458410
Jun-2026,MAMU KENDARI,BENHUR + RIB,BENHUR + RIB 3XL,45841,9,0,0,45841,412569,458410
Jul-2026,MAMU KENDARI,BENHUR + RIB,BENHUR + RIB 3XL,137523,9,0,0,45841,412569,412569
Agu-2026,MAMU KENDARI,BENHUR + RIB,BENHUR + RIB 3XL,0,6,0,0,45841,275046,412569
Sep-2026,MAMU KENDARI,BENHUR + RIB,BENHUR + RIB 3XL,0,6,0,0,45841,275046,275046
Okt-2026,MAMU KENDARI,BENHUR + RIB,BENHUR + RIB 3XL,0,6,5,0,45841,504251,275046
Jan-2026,MAMU KENDARI,BENHUR + RIB,BENHUR + RIB L,0,34,0,0,36209,1231106,0
Feb-2026,MAMU KENDARI,BENHUR + RIB,BENHUR + RIB L,0,34,0,0,36209,1231106,1231106
Mar-2026,MAMU KENDARI,BENHUR + RIB,BENHUR + RIB L,0,57,0,0,36209,2063913,1231106
Apr-2026,MAMU KENDARI,BENHUR + RIB,BENHUR + RIB L,0,57,0,0,36209,2063913,2063913
Mei-2026,MAMU KENDARI,BENHUR + RIB,BENHUR + RIB L,0,57,0,0,36209,2063913,2063913
Jun-2026,MAMU KENDARI,BENHUR + RIB,BENHUR + RIB L,181125,52,0,0,36209,1882868,2063913
Jul-2026,MAMU KENDARI,BENHUR + RIB,BENHUR + RIB L,1811250,51,0,0,36209,1846659,1882868
Agu-2026,MAMU KENDARI,BENHUR + RIB,BENHUR + RIB L,36225,30,0,0,36209,1086270,1846659
Sep-2026,MAMU KENDARI,BENHUR + RIB,BENHUR + RIB L,39724,29,0,0,36209,1050061,1086270
Okt-2026,MAMU KENDARI,BENHUR + RIB,BENHUR + RIB L,79448,27,0,0,36209,977643,1050061
Jan-2026,MAMU KENDARI,BENHUR + RIB,BENHUR + RIB M,0,31,0,0,35986,1115566,0
Feb-2026,MAMU KENDARI,BENHUR + RIB,BENHUR + RIB M,0,31,0,0,35986,1115566,1115566
Mar-2026,MAMU KENDARI,BENHUR + RIB,BENHUR + RIB M,0,31,0,0,35986,1115566,1115566
Apr-2026,MAMU KENDARI,BENHUR + RIB,BENHUR + RIB M,0,31,0,0,35986,1115566,1115566
Mei-2026,MAMU KENDARI,BENHUR + RIB,BENHUR + RIB M,0,30,0,0,35986,1079580,1115566
Jun-2026,MAMU KENDARI,BENHUR + RIB,BENHUR + RIB M,36003,29,0,0,35986,1043594,1079580
Jul-2026,MAMU KENDARI,BENHUR + RIB,BENHUR + RIB M,1171008,29,0,0,35986,1043594,1043594
Agu-2026,MAMU KENDARI,BENHUR + RIB,BENHUR + RIB M,156620,24,0,0,35986,863664,1043594
Sep-2026,MAMU KENDARI,BENHUR + RIB,BENHUR + RIB M,39534,38,0,0,35986,1367468,863664
Okt-2026,MAMU KENDARI,BENHUR + RIB,BENHUR + RIB M,79068,36,0,0,35986,1295496,1367468
Jan-2026,MAMU KENDARI,BENHUR + RIB,BENHUR + RIB S,0,9,0,0,36137,325233,0
Feb-2026,MAMU KENDARI,BENHUR + RIB,BENHUR + RIB S,0,9,0,0,36137,325233,325233
Mar-2026,MAMU KENDARI,BENHUR + RIB,BENHUR + RIB S,0,9,0,0,36137,325233,325233
Apr-2026,MAMU KENDARI,BENHUR + RIB,BENHUR + RIB S,0,9,0,0,36137,325233,325233
Mei-2026,MAMU KENDARI,BENHUR + RIB,BENHUR + RIB S,0,9,0,0,36137,325233,325233
Jun-2026,MAMU KENDARI,BENHUR + RIB,BENHUR + RIB S,0,9,0,0,36137,325233,325233
Jul-2026,MAMU KENDARI,BENHUR + RIB,BENHUR + RIB S,181604,9,0,0,36137,325233,325233
Agu-2026,MAMU KENDARI,BENHUR + RIB,BENHUR + RIB S,0,14,0,0,36137,505918,325233
Sep-2026,MAMU KENDARI,BENHUR + RIB,BENHUR + RIB S,0,14,0,0,36137,505918,505918
Okt-2026,MAMU KENDARI,BENHUR + RIB,BENHUR + RIB S,73976,12,0,0,36137,433644,505918
Jan-2026,MAMU KENDARI,BENHUR + RIB,BENHUR + RIB XL,0,30,0,0,35965,1078950,0
Feb-2026,MAMU KENDARI,BENHUR + RIB,BENHUR + RIB XL,0,30,0,0,35965,1078950,1078950
Mar-2026,MAMU KENDARI,BENHUR + RIB,BENHUR + RIB XL,36034,29,0,0,35965,1042985,1078950
Apr-2026,MAMU KENDARI,BENHUR + RIB,BENHUR + RIB XL,0,29,0,0,35965,1042985,1042985
Mei-2026,MAMU KENDARI,BENHUR + RIB,BENHUR + RIB XL,0,29,0,0,35965,1042985,1042985
Jun-2026,MAMU KENDARI,BENHUR + RIB,BENHUR + RIB XL,108102,25,0,0,35965,899125,1042985
Jul-2026,MAMU KENDARI,BENHUR + RIB,BENHUR + RIB XL,1029424,25,0,0,35965,899125,899125
Agu-2026,MAMU KENDARI,BENHUR + RIB,BENHUR + RIB XL,77186,30,0,0,35965,1078950,899125
Sep-2026,MAMU KENDARI,BENHUR + RIB,BENHUR + RIB XL,42511,29,0,0,35965,1042985,1078950
Okt-2026,MAMU KENDARI,BENHUR + RIB,BENHUR + RIB XL,85022,27,0,0,35965,971055,1042985
Jan-2026,MAMU KENDARI,HITAM + RIB,HITAM + RIB 2XL,0,24,0,0,40134,963216,0
Feb-2026,MAMU KENDARI,HITAM + RIB,HITAM + RIB 2XL,41193,23,0,0,40134,923082,963216
Mar-2026,MAMU KENDARI,HITAM + RIB,HITAM + RIB 2XL,0,23,0,0,40815,938745,923082
Apr-2026,MAMU KENDARI,HITAM + RIB,HITAM + RIB 2XL,123579,20,0,0,40815,816300,938745
Mei-2026,MAMU KENDARI,HITAM + RIB,HITAM + RIB 2XL,535509,7,0,0,40111,280777,816300
Jun-2026,MAMU KENDARI,HITAM + RIB,HITAM + RIB 2XL,247158,1,0,0,40111,40111,280777
Jul-2026,MAMU KENDARI,HITAM + RIB,HITAM + RIB 2XL,85397,1,0,0,40111,40111,40111
Agu-2026,MAMU KENDARI,HITAM + RIB,HITAM + RIB 2XL,442040,12,10,0,40111,882442,40111
Sep-2026,MAMU KENDARI,HITAM + RIB,HITAM + RIB 2XL,88408,27,0,0,40111,1082997,882442
Okt-2026,MAMU KENDARI,HITAM + RIB,HITAM + RIB 2XL,88408,25,0,0,40111,1002775,1082997
Jan-2026,MAMU KENDARI,HITAM + RIB,HITAM + RIB 3XL,0,10,0,0,45968,459680,0
Feb-2026,MAMU KENDARI,HITAM + RIB,HITAM + RIB 3XL,0,10,5,0,45968,689520,459680
Mar-2026,MAMU KENDARI,HITAM + RIB,HITAM + RIB 3XL,0,20,0,0,45968,919360,689520
Apr-2026,MAMU KENDARI,HITAM + RIB,HITAM + RIB 3XL,0,20,0,0,45968,919360,919360
Mei-2026,MAMU KENDARI,HITAM + RIB,HITAM + RIB 3XL,45566,19,0,0,45968,873392,919360
Jun-2026,MAMU KENDARI,HITAM + RIB,HITAM + RIB 3XL,0,19,0,0,45968,873392,873392
Jul-2026,MAMU KENDARI,HITAM + RIB,HITAM + RIB 3XL,45566,19,0,0,45968,873392,873392
Agu-2026,MAMU KENDARI,HITAM + RIB,HITAM + RIB 3XL,227830,16,0,0,45968,735488,873392
Sep-2026,MAMU KENDARI,HITAM + RIB,HITAM + RIB 3XL,-91132,15,0,0,45968,689520,735488
Okt-2026,MAMU KENDARI,HITAM + RIB,HITAM + RIB 3XL,0,15,0,0,45968,689520,689520
Jan-2026,MAMU KENDARI,HITAM + RIB,HITAM + RIB L,0,48,0,0,35275,1693200,0
Feb-2026,MAMU KENDARI,HITAM + RIB,HITAM + RIB L,141984,44,0,0,35188,1548272,1693200
Mar-2026,MAMU KENDARI,HITAM + RIB,HITAM + RIB L,70992,43,0,0,35247,1515621,1548272
Apr-2026,MAMU KENDARI,HITAM + RIB,HITAM + RIB L,141984,40,0,0,35247,1409880,1515621
Mei-2026,MAMU KENDARI,HITAM + RIB,HITAM + RIB L,1489938,0,45,0,35046,1577070,1409880
Jun-2026,MAMU KENDARI,HITAM + RIB,HITAM + RIB L,1121568,11,0,0,35046,385506,1577070
Jul-2026,MAMU KENDARI,HITAM + RIB,HITAM + RIB L,879445,15,0,0,35046,525690,385506
Agu-2026,MAMU KENDARI,HITAM + RIB,HITAM + RIB L,1147670,15,15,0,35046,1051380,525690
Sep-2026,MAMU KENDARI,HITAM + RIB,HITAM + RIB L,1335127,39,0,0,35046,1366794,1051380
Okt-2026,MAMU KENDARI,HITAM + RIB,HITAM + RIB L,111537,36,0,0,35046,1261656,1366794
Jan-2026,MAMU KENDARI,HITAM + RIB,HITAM + RIB M,34485,42,0,0,34868,1464456,0
Feb-2026,MAMU KENDARI,HITAM + RIB,HITAM + RIB M,68970,40,0,0,34868,1394720,1464456
Mar-2026,MAMU KENDARI,HITAM + RIB,HITAM + RIB M,34485,39,0,0,35204,1372956,1394720
Apr-2026,MAMU KENDARI,HITAM + RIB,HITAM + RIB M,275880,31,0,0,35204,1091324,1372956
Mei-2026,MAMU KENDARI,HITAM + RIB,HITAM + RIB M,793155,8,15,0,35089,807047,1091324
Jun-2026,MAMU KENDARI,HITAM + RIB,HITAM + RIB M,808925,15,15,0,35089,1052670,807047
Jul-2026,MAMU KENDARI,HITAM + RIB,HITAM + RIB M,562592,24,0,0,35089,842136,1052670
Agu-2026,MAMU KENDARI,HITAM + RIB,HITAM + RIB M,502564,36,0,0,35089,1263204,842136
Sep-2026,MAMU KENDARI,HITAM + RIB,HITAM + RIB M,184516,40,0,0,35089,1403560,1263204
Okt-2026,MAMU KENDARI,HITAM + RIB,HITAM + RIB M,74008,38,0,0,35089,1333382,1403560
Jan-2026,MAMU KENDARI,HITAM + RIB,HITAM + RIB S,0,27,0,0,35285,952695,0
Feb-2026,MAMU KENDARI,HITAM + RIB,HITAM + RIB S,0,27,0,0,35285,952695,952695
Mar-2026,MAMU KENDARI,HITAM + RIB,HITAM + RIB S,0,27,0,0,35285,952695,952695
Apr-2026,MAMU KENDARI,HITAM + RIB,HITAM + RIB S,0,27,0,0,35285,952695,952695
Mei-2026,MAMU KENDARI,HITAM + RIB,HITAM + RIB S,0,27,0,0,35285,952695,952695
Jun-2026,MAMU KENDARI,HITAM + RIB,HITAM + RIB S,0,27,0,0,35285,952695,952695
Jul-2026,MAMU KENDARI,HITAM + RIB,HITAM + RIB S,0,27,0,0,35285,952695,952695
Agu-2026,MAMU KENDARI,HITAM + RIB,HITAM + RIB S,35357,27,0,0,35285,952695,952695
Sep-2026,MAMU KENDARI,HITAM + RIB,HITAM + RIB S,0,26,0,0,35285,917410,952695
Okt-2026,MAMU KENDARI,HITAM + RIB,HITAM + RIB S,70714,24,0,0,35285,846840,917410
Jan-2026,MAMU KENDARI,HITAM + RIB,HITAM + RIB XL,0,16,0,0,35151,562416,0
Feb-2026,MAMU KENDARI,HITAM + RIB,HITAM + RIB XL,108084,13,0,0,38857,505141,562416
Mar-2026,MAMU KENDARI,HITAM + RIB,HITAM + RIB XL,0,37,0,0,38027,1406999,505141
Apr-2026,MAMU KENDARI,HITAM + RIB,HITAM + RIB XL,111975,34,0,0,38027,1292918,1406999
Mei-2026,MAMU KENDARI,HITAM + RIB,HITAM + RIB XL,1231725,0,45,0,35999,1619955,1292918
Jun-2026,MAMU KENDARI,HITAM + RIB,HITAM + RIB XL,504504,31,0,0,35999,1115969,1619955
Jul-2026,MAMU KENDARI,HITAM + RIB,HITAM + RIB XL,396396,29,0,0,35999,1043971,1115969
Agu-2026,MAMU KENDARI,HITAM + RIB,HITAM + RIB XL,1044064,22,30,0,35999,1871948,1043971
Sep-2026,MAMU KENDARI,HITAM + RIB,HITAM + RIB XL,290167,58,0,0,35999,2087942,1871948
Okt-2026,MAMU KENDARI,HITAM + RIB,HITAM + RIB XL,72522,56,0,0,35999,2015944,2087942
Jan-2026,MAMU KENDARI,MAROON + RIB,MAROON + RIB 2XL,0,15,0,0,41035,615525,0
Feb-2026,MAMU KENDARI,MAROON + RIB,MAROON + RIB 2XL,0,15,0,0,41035,615525,615525
Mar-2026,MAMU KENDARI,MAROON + RIB,MAROON + RIB 2XL,0,15,0,0,41035,615525,615525
Apr-2026,MAMU KENDARI,MAROON + RIB,MAROON + RIB 2XL,0,15,0,0,41035,615525,615525
Mei-2026,MAMU KENDARI,MAROON + RIB,MAROON + RIB 2XL,0,15,0,0,41035,615525,615525
Jun-2026,MAMU KENDARI,MAROON + RIB,MAROON + RIB 2XL,0,15,0,0,41035,615525,615525
Jul-2026,MAMU KENDARI,MAROON + RIB,MAROON + RIB 2XL,0,15,0,0,41035,615525,615525
Agu-2026,MAMU KENDARI,MAROON + RIB,MAROON + RIB 2XL,324568,19,0,0,41035,779665,615525
Sep-2026,MAMU KENDARI,MAROON + RIB,MAROON + RIB 2XL,0,11,0,0,41035,451385,779665
Okt-2026,MAMU KENDARI,MAROON + RIB,MAROON + RIB 2XL,81142,9,0,0,41035,369315,451385
Jan-2026,MAMU KENDARI,MAROON + RIB,MAROON + RIB 3XL,46390,9,0,0,46390,417510,0
Feb-2026,MAMU KENDARI,MAROON + RIB,MAROON + RIB 3XL,0,9,0,0,46390,417510,417510
Mar-2026,MAMU KENDARI,MAROON + RIB,MAROON + RIB 3XL,0,9,0,0,46390,417510,417510
Apr-2026,MAMU KENDARI,MAROON + RIB,MAROON + RIB 3XL,0,9,0,0,46390,417510,417510
Mei-2026,MAMU KENDARI,MAROON + RIB,MAROON + RIB 3XL,0,9,0,0,46390,417510,417510
Jun-2026,MAMU KENDARI,MAROON + RIB,MAROON + RIB 3XL,0,8,0,0,46390,371120,417510
Jul-2026,MAMU KENDARI,MAROON + RIB,MAROON + RIB 3XL,0,8,0,0,46390,371120,371120
Agu-2026,MAMU KENDARI,MAROON + RIB,MAROON + RIB 3XL,0,18,0,0,46390,835020,371120
Sep-2026,MAMU KENDARI,MAROON + RIB,MAROON + RIB 3XL,0,23,0,0,46390,1066970,835020
Okt-2026,MAMU KENDARI,MAROON + RIB,MAROON + RIB 3XL,0,23,0,0,46390,1066970,1066970
Jan-2026,MAMU KENDARI,MAROON + RIB,MAROON + RIB L,0,44,0,0,35143,1546292,0
Feb-2026,MAMU KENDARI,MAROON + RIB,MAROON + RIB L,175715,39,0,0,36130,1409070,1546292
Mar-2026,MAMU KENDARI,MAROON + RIB,MAROON + RIB L,35143,38,0,0,36130,1372940,1409070
Apr-2026,MAMU KENDARI,MAROON + RIB,MAROON + RIB L,0,38,0,0,36130,1372940,1372940
Mei-2026,MAMU KENDARI,MAROON + RIB,MAROON + RIB L,0,38,0,0,36130,1372940,1372940
Jun-2026,MAMU KENDARI,MAROON + RIB,MAROON + RIB L,0,38,0,0,36130,1372940,1372940
Jul-2026,MAMU KENDARI,MAROON + RIB,MAROON + RIB L,281144,37,0,0,36130,1336810,1372940
Agu-2026,MAMU KENDARI,MAROON + RIB,MAROON + RIB L,702860,14,0,0,36130,505820,1336810
Sep-2026,MAMU KENDARI,MAROON + RIB,MAROON + RIB L,257810,18,0,0,36130,650340,505820
Okt-2026,MAMU KENDARI,MAROON + RIB,MAROON + RIB L,73660,16,0,0,36130,578080,650340
Jan-2026,MAMU KENDARI,MAROON + RIB,MAROON + RIB M,0,29,0,0,35662,1034198,0
Feb-2026,MAMU KENDARI,MAROON + RIB,MAROON + RIB M,35662,28,0,0,35662,998536,1034198
Mar-2026,MAMU KENDARI,MAROON + RIB,MAROON + RIB M,0,28,0,0,35662,998536,998536
Apr-2026,MAMU KENDARI,MAROON + RIB,MAROON + RIB M,0,28,0,0,35662,998536,998536
Mei-2026,MAMU KENDARI,MAROON + RIB,MAROON + RIB M,0,28,0,0,35662,998536,998536
Jun-2026,MAMU KENDARI,MAROON + RIB,MAROON + RIB M,0,28,0,0,35662,998536,998536
Jul-2026,MAMU KENDARI,MAROON + RIB,MAROON + RIB M,142648,28,0,0,35662,998536,998536
Agu-2026,MAMU KENDARI,MAROON + RIB,MAROON + RIB M,213972,18,0,0,35662,641916,998536
Sep-2026,MAMU KENDARI,MAROON + RIB,MAROON + RIB M,0,17,0,0,35662,606254,641916
Okt-2026,MAMU KENDARI,MAROON + RIB,MAROON + RIB M,71324,15,0,0,35662,534930,606254
Jan-2026,MAMU KENDARI,MAROON + RIB,MAROON + RIB S,0,16,0,0,35425,566800,0
Feb-2026,MAMU KENDARI,MAROON + RIB,MAROON + RIB S,0,16,0,0,35425,566800,566800
Mar-2026,MAMU KENDARI,MAROON + RIB,MAROON + RIB S,0,15,0,0,35425,531375,566800
Apr-2026,MAMU KENDARI,MAROON + RIB,MAROON + RIB S,0,15,0,0,35425,531375,531375
Mei-2026,MAMU KENDARI,MAROON + RIB,MAROON + RIB S,0,15,0,0,35425,531375,531375
Jun-2026,MAMU KENDARI,MAROON + RIB,MAROON + RIB S,0,15,0,0,35425,531375,531375
Jul-2026,MAMU KENDARI,MAROON + RIB,MAROON + RIB S,0,15,0,0,35425,531375,531375
Agu-2026,MAMU KENDARI,MAROON + RIB,MAROON + RIB S,106903,19,0,0,35425,673075,531375
Sep-2026,MAMU KENDARI,MAROON + RIB,MAROON + RIB S,0,18,0,0,35425,637650,673075
Okt-2026,MAMU KENDARI,MAROON + RIB,MAROON + RIB S,71216,16,0,0,35425,566800,637650
Jan-2026,MAMU KENDARI,MAROON + RIB,MAROON + RIB XL,0,28,0,0,37999,1063972,0
Feb-2026,MAMU KENDARI,MAROON + RIB,MAROON + RIB XL,103497,25,0,0,37999,949975,1063972
Mar-2026,MAMU KENDARI,MAROON + RIB,MAROON + RIB XL,0,25,0,0,37999,949975,949975
Apr-2026,MAMU KENDARI,MAROON + RIB,MAROON + RIB XL,0,25,0,0,37999,949975,949975
Mei-2026,MAMU KENDARI,MAROON + RIB,MAROON + RIB XL,0,25,0,0,37999,949975,949975
Jun-2026,MAMU KENDARI,MAROON + RIB,MAROON + RIB XL,0,25,0,0,37999,949975,949975
Jul-2026,MAMU KENDARI,MAROON + RIB,MAROON + RIB XL,241493,25,0,0,37999,949975,949975
Agu-2026,MAMU KENDARI,MAROON + RIB,MAROON + RIB XL,321572,30,0,0,37999,1139970,949975
Sep-2026,MAMU KENDARI,MAROON + RIB,MAROON + RIB XL,0,24,0,0,37999,911976,1139970
Okt-2026,MAMU KENDARI,MAROON + RIB,MAROON + RIB XL,72164,22,0,0,37999,835978,911976
Jan-2026,MAMU KENDARI,MERAH + RIB,MERAH + RIB 2XL,0,15,0,0,36757,551355,0
Feb-2026,MAMU KENDARI,MERAH + RIB,MERAH + RIB 2XL,0,15,0,0,36757,551355,551355
Mar-2026,MAMU KENDARI,MERAH + RIB,MERAH + RIB 2XL,0,14,0,0,36757,514598,551355
Apr-2026,MAMU KENDARI,MERAH + RIB,MERAH + RIB 2XL,0,15,0,0,36757,551355,514598
Mei-2026,MAMU KENDARI,MERAH + RIB,MERAH + RIB 2XL,0,15,0,0,36757,551355,551355
Jun-2026,MAMU KENDARI,MERAH + RIB,MERAH + RIB 2XL,0,15,0,0,36757,551355,551355
Jul-2026,MAMU KENDARI,MERAH + RIB,MERAH + RIB 2XL,332477,15,0,0,36757,551355,551355
Agu-2026,MAMU KENDARI,MERAH + RIB,MERAH + RIB 2XL,627915,33,0,0,36757,1212981,551355
Sep-2026,MAMU KENDARI,MERAH + RIB,MERAH + RIB 2XL,0,40,0,0,36757,1470280,1212981
Okt-2026,MAMU KENDARI,MERAH + RIB,MERAH + RIB 2XL,83078,38,0,0,36757,1396766,1470280
Jan-2026,MAMU KENDARI,MERAH + RIB,MERAH + RIB 3XL,0,10,0,0,45193,451930,0
Feb-2026,MAMU KENDARI,MERAH + RIB,MERAH + RIB 3XL,0,10,0,0,45193,451930,451930
Mar-2026,MAMU KENDARI,MERAH + RIB,MERAH + RIB 3XL,0,10,0,0,45193,451930,451930
Apr-2026,MAMU KENDARI,MERAH + RIB,MERAH + RIB 3XL,0,10,0,0,45193,451930,451930
Mei-2026,MAMU KENDARI,MERAH + RIB,MERAH + RIB 3XL,0,10,0,0,45193,451930,451930
Jun-2026,MAMU KENDARI,MERAH + RIB,MERAH + RIB 3XL,0,10,0,0,45193,451930,451930
Jul-2026,MAMU KENDARI,MERAH + RIB,MERAH + RIB 3XL,0,10,0,0,45193,451930,451930
Agu-2026,MAMU KENDARI,MERAH + RIB,MERAH + RIB 3XL,230939,30,5,0,45193,1581755,451930
Sep-2026,MAMU KENDARI,MERAH + RIB,MERAH + RIB 3XL,0,40,0,0,45193,1807720,1581755
Okt-2026,MAMU KENDARI,MERAH + RIB,MERAH + RIB 3XL,0,40,0,0,45193,1807720,1807720
Jan-2026,MAMU KENDARI,MERAH + RIB,MERAH + RIB L,0,60,0,0,35755,2145300,0
Feb-2026,MAMU KENDARI,MERAH + RIB,MERAH + RIB L,0,60,0,0,35755,2145300,2145300
Mar-2026,MAMU KENDARI,MERAH + RIB,MERAH + RIB L,35285,59,0,0,35755,2109545,2145300
Apr-2026,MAMU KENDARI,MERAH + RIB,MERAH + RIB L,0,59,0,0,35755,2109545,2109545
Mei-2026,MAMU KENDARI,MERAH + RIB,MERAH + RIB L,0,59,0,0,35755,2109545,2109545
Jun-2026,MAMU KENDARI,MERAH + RIB,MERAH + RIB L,35285,58,0,0,35755,2073790,2109545
Jul-2026,MAMU KENDARI,MERAH + RIB,MERAH + RIB L,1446685,57,0,0,35755,2038035,2073790
Agu-2026,MAMU KENDARI,MERAH + RIB,MERAH + RIB L,1306515,12,15,0,35755,965385,2038035
Sep-2026,MAMU KENDARI,MERAH + RIB,MERAH + RIB L,38345,71,0,0,35755,2538605,965385
Okt-2026,MAMU KENDARI,MERAH + RIB,MERAH + RIB L,76690,69,0,0,35755,2467095,2538605
Jan-2026,MAMU KENDARI,MERAH + RIB,MERAH + RIB M,35285,44,0,0,35755,1573220,0
Feb-2026,MAMU KENDARI,MERAH + RIB,MERAH + RIB M,0,44,0,0,35755,1573220,1573220
Mar-2026,MAMU KENDARI,MERAH + RIB,MERAH + RIB M,0,44,0,0,35755,1573220,1573220
Apr-2026,MAMU KENDARI,MERAH + RIB,MERAH + RIB M,0,44,0,0,35755,1573220,1573220
Mei-2026,MAMU KENDARI,MERAH + RIB,MERAH + RIB M,0,44,0,0,35755,1573220,1573220
Jun-2026,MAMU KENDARI,MERAH + RIB,MERAH + RIB M,35285,43,15,0,35755,2073790,1573220
Jul-2026,MAMU KENDARI,MERAH + RIB,MERAH + RIB M,1879904,208,0,0,35755,7437040,2073790
Agu-2026,MAMU KENDARI,MERAH + RIB,MERAH + RIB M,1257231,123,0,0,35755,4397865,7437040
Sep-2026,MAMU KENDARI,MERAH + RIB,MERAH + RIB M,36237,136,0,0,35755,4862680,4397865
Okt-2026,MAMU KENDARI,MERAH + RIB,MERAH + RIB M,72474,134,0,0,35755,4791170,4862680
Jan-2026,MAMU KENDARI,MERAH + RIB,MERAH + RIB S,0,15,0,0,35972,539580,0
Feb-2026,MAMU KENDARI,MERAH + RIB,MERAH + RIB S,0,15,0,0,35972,539580,539580
Mar-2026,MAMU KENDARI,MERAH + RIB,MERAH + RIB S,0,15,0,0,35972,539580,539580
Apr-2026,MAMU KENDARI,MERAH + RIB,MERAH + RIB S,0,15,0,0,35972,539580,539580
Mei-2026,MAMU KENDARI,MERAH + RIB,MERAH + RIB S,0,15,0,0,35972,539580,539580
Jun-2026,MAMU KENDARI,MERAH + RIB,MERAH + RIB S,0,15,0,0,35972,539580,539580
Jul-2026,MAMU KENDARI,MERAH + RIB,MERAH + RIB S,0,15,0,0,35972,539580,539580
Agu-2026,MAMU KENDARI,MERAH + RIB,MERAH + RIB S,409757,33,0,0,35972,1187076,539580
Sep-2026,MAMU KENDARI,MERAH + RIB,MERAH + RIB S,37847,31,0,0,35972,1115132,1187076
Okt-2026,MAMU KENDARI,MERAH + RIB,MERAH + RIB S,113541,28,0,0,35972,1007216,1115132
Jan-2026,MAMU KENDARI,MERAH + RIB,MERAH + RIB XL,0,45,0,0,35755,1608975,0
Feb-2026,MAMU KENDARI,MERAH + RIB,MERAH + RIB XL,0,45,0,0,35755,1608975,1608975
Mar-2026,MAMU KENDARI,MERAH + RIB,MERAH + RIB XL,0,45,0,0,35755,1608975,1608975
Apr-2026,MAMU KENDARI,MERAH + RIB,MERAH + RIB XL,0,45,0,0,35755,1608975,1608975
Mei-2026,MAMU KENDARI,MERAH + RIB,MERAH + RIB XL,0,45,0,0,35755,1608975,1608975
Jun-2026,MAMU KENDARI,MERAH + RIB,MERAH + RIB XL,35285,44,0,0,35755,1573220,1608975
Jul-2026,MAMU KENDARI,MERAH + RIB,MERAH + RIB XL,740985,44,0,0,35755,1573220,1573220
Agu-2026,MAMU KENDARI,MERAH + RIB,MERAH + RIB XL,1087539,23,15,0,35755,1358690,1573220
Sep-2026,MAMU KENDARI,MERAH + RIB,MERAH + RIB XL,0,52,0,0,35755,1859260,1358690
Okt-2026,MAMU KENDARI,MERAH + RIB,MERAH + RIB XL,77742,50,0,0,35755,1787750,1859260
Jan-2026,MAMU KENDARI,NAVY + RIB,NAVY + RIB 2XL,0,29,0,0,34393,997397,0
Feb-2026,MAMU KENDARI,NAVY + RIB,NAVY + RIB 2XL,0,29,0,0,34393,997397,997397
Mar-2026,MAMU KENDARI,NAVY + RIB,NAVY + RIB 2XL,0,29,0,0,34393,997397,997397
Apr-2026,MAMU KENDARI,NAVY + RIB,NAVY + RIB 2XL,37153,28,0,0,34393,963004,997397
Mei-2026,MAMU KENDARI,NAVY + RIB,NAVY + RIB 2XL,0,28,0,0,34393,963004,963004
Jun-2026,MAMU KENDARI,NAVY + RIB,NAVY + RIB 2XL,37153,27,0,0,34393,928611,963004
Jul-2026,MAMU KENDARI,NAVY + RIB,NAVY + RIB 2XL,0,27,0,0,34393,928611,928611
Agu-2026,MAMU KENDARI,NAVY + RIB,NAVY + RIB 2XL,302770,31,0,0,34393,1066183,928611
Sep-2026,MAMU KENDARI,NAVY + RIB,NAVY + RIB 2XL,39926,28,0,0,34393,963004,1066183
Okt-2026,MAMU KENDARI,NAVY + RIB,NAVY + RIB 2XL,79852,26,0,0,34393,894218,963004
Jan-2026,MAMU KENDARI,NAVY + RIB,NAVY + RIB 3XL,45215,9,0,0,44433,399897,0
Feb-2026,MAMU KENDARI,NAVY + RIB,NAVY + RIB 3XL,0,9,0,0,44433,399897,399897
Mar-2026,MAMU KENDARI,NAVY + RIB,NAVY + RIB 3XL,0,9,0,0,44433,399897,399897
Apr-2026,MAMU KENDARI,NAVY + RIB,NAVY + RIB 3XL,0,9,0,0,44433,399897,399897
Mei-2026,MAMU KENDARI,NAVY + RIB,NAVY + RIB 3XL,0,9,0,0,44433,399897,399897
Jun-2026,MAMU KENDARI,NAVY + RIB,NAVY + RIB 3XL,0,9,0,0,44433,399897,399897
Jul-2026,MAMU KENDARI,NAVY + RIB,NAVY + RIB 3XL,0,9,0,0,44433,399897,399897
Agu-2026,MAMU KENDARI,NAVY + RIB,NAVY + RIB 3XL,90430,7,0,0,44433,311031,399897
Sep-2026,MAMU KENDARI,NAVY + RIB,NAVY + RIB 3XL,45215,6,0,0,44433,266598,311031
Okt-2026,MAMU KENDARI,NAVY + RIB,NAVY + RIB 3XL,0,6,0,0,44433,266598,266598
Jan-2026,MAMU KENDARI,NAVY + RIB,NAVY + RIB L,0,44,0,0,35115,1545060,0
Feb-2026,MAMU KENDARI,NAVY + RIB,NAVY + RIB L,0,44,0,0,35115,1545060,1545060
Mar-2026,MAMU KENDARI,NAVY + RIB,NAVY + RIB L,36065,43,0,0,35115,1509945,1545060
Apr-2026,MAMU KENDARI,NAVY + RIB,NAVY + RIB L,1190145,10,0,0,35115,351150,1509945
Mei-2026,MAMU KENDARI,NAVY + RIB,NAVY + RIB L,0,10,0,0,35115,351150,351150
Jun-2026,MAMU KENDARI,NAVY + RIB,NAVY + RIB L,430880,28,0,0,35115,983220,351150
Jul-2026,MAMU KENDARI,NAVY + RIB,NAVY + RIB L,70932,57,0,0,35115,2001555,983220
Agu-2026,MAMU KENDARI,NAVY + RIB,NAVY + RIB L,284248,49,0,0,35115,1720635,2001555
Sep-2026,MAMU KENDARI,NAVY + RIB,NAVY + RIB L,106593,45,0,0,35115,1580175,1720635
Okt-2026,MAMU KENDARI,NAVY + RIB,NAVY + RIB L,71062,43,0,0,35115,1509945,1580175
Jan-2026,MAMU KENDARI,NAVY + RIB,NAVY + RIB M,0,27,0,0,35191,950157,0
Feb-2026,MAMU KENDARI,NAVY + RIB,NAVY + RIB M,0,27,0,0,32964,890028,950157
Mar-2026,MAMU KENDARI,NAVY + RIB,NAVY + RIB M,0,27,0,0,32964,890028,890028
Apr-2026,MAMU KENDARI,NAVY + RIB,NAVY + RIB M,728860,7,15,0,32964,725208,890028
Mei-2026,MAMU KENDARI,NAVY + RIB,NAVY + RIB M,0,22,0,0,32964,725208,725208
Jun-2026,MAMU KENDARI,NAVY + RIB,NAVY + RIB M,272568,29,0,0,32964,955956,725208
Jul-2026,MAMU KENDARI,NAVY + RIB,NAVY + RIB M,33926,29,0,0,32964,955956,955956
Agu-2026,MAMU KENDARI,NAVY + RIB,NAVY + RIB M,101778,25,0,0,32964,824100,955956
Sep-2026,MAMU KENDARI,NAVY + RIB,NAVY + RIB M,67852,23,0,0,32964,758172,824100
Okt-2026,MAMU KENDARI,NAVY + RIB,NAVY + RIB M,67852,21,0,0,32964,692244,758172
Jan-2026,MAMU KENDARI,NAVY + RIB,NAVY + RIB S,0,15,0,0,34613,519195,0
Feb-2026,MAMU KENDARI,NAVY + RIB,NAVY + RIB S,0,15,0,0,34613,519195,519195
Mar-2026,MAMU KENDARI,NAVY + RIB,NAVY + RIB S,0,15,0,0,34613,519195,519195
Apr-2026,MAMU KENDARI,NAVY + RIB,NAVY + RIB S,0,15,0,0,34613,519195,519195
Mei-2026,MAMU KENDARI,NAVY + RIB,NAVY + RIB S,0,15,0,0,34613,519195,519195
Jun-2026,MAMU KENDARI,NAVY + RIB,NAVY + RIB S,0,15,0,0,34613,519195,519195
Jul-2026,MAMU KENDARI,NAVY + RIB,NAVY + RIB S,0,15,0,0,34613,519195,519195
Agu-2026,MAMU KENDARI,NAVY + RIB,NAVY + RIB S,34857,14,0,0,34613,484582,519195
Sep-2026,MAMU KENDARI,NAVY + RIB,NAVY + RIB S,0,14,0,0,34613,484582,484582
Okt-2026,MAMU KENDARI,NAVY + RIB,NAVY + RIB S,69714,12,0,0,34613,415356,484582
Jan-2026,MAMU KENDARI,NAVY + RIB,NAVY + RIB XL,0,43,0,0,35116,1509988,0
Feb-2026,MAMU KENDARI,NAVY + RIB,NAVY + RIB XL,0,43,0,0,35116,1509988,1509988
Mar-2026,MAMU KENDARI,NAVY + RIB,NAVY + RIB XL,0,43,0,0,35116,1509988,1509988
Apr-2026,MAMU KENDARI,NAVY + RIB,NAVY + RIB XL,737436,22,0,0,35116,772552,1509988
Mei-2026,MAMU KENDARI,NAVY + RIB,NAVY + RIB XL,0,22,0,0,35116,772552,772552
Jun-2026,MAMU KENDARI,NAVY + RIB,NAVY + RIB XL,280928,29,0,0,35116,1018364,772552
Jul-2026,MAMU KENDARI,NAVY + RIB,NAVY + RIB XL,0,29,0,0,35116,1018364,1018364
Agu-2026,MAMU KENDARI,NAVY + RIB,NAVY + RIB XL,363710,20,0,0,35116,702320,1018364
Sep-2026,MAMU KENDARI,NAVY + RIB,NAVY + RIB XL,72742,17,0,0,35116,596972,702320
Okt-2026,MAMU KENDARI,NAVY + RIB,NAVY + RIB XL,72742,15,15,0,35116,1053480,596972
Jan-2026,MAMU KENDARI,PUTIH + RIB,PUTIH + RIB 2XL,66238,0,0,0,35692,0,0
Feb-2026,MAMU KENDARI,PUTIH + RIB,PUTIH + RIB 2XL,0,0,10,0,35692,356920,0
Mar-2026,MAMU KENDARI,PUTIH + RIB,PUTIH + RIB 2XL,71384,28,0,0,35692,999376,356920
Apr-2026,MAMU KENDARI,PUTIH + RIB,PUTIH + RIB 2XL,0,28,0,0,35692,999376,999376
Mei-2026,MAMU KENDARI,PUTIH + RIB,PUTIH + RIB 2XL,0,28,0,0,35692,999376,999376
Jun-2026,MAMU KENDARI,PUTIH + RIB,PUTIH + RIB 2XL,35692,27,0,0,35692,963684,999376
Jul-2026,MAMU KENDARI,PUTIH + RIB,PUTIH + RIB 2XL,107076,27,0,0,35692,963684,963684
Agu-2026,MAMU KENDARI,PUTIH + RIB,PUTIH + RIB 2XL,107076,21,0,0,35692,749532,963684
Sep-2026,MAMU KENDARI,PUTIH + RIB,PUTIH + RIB 2XL,107076,18,0,0,35692,642456,749532
Okt-2026,MAMU KENDARI,PUTIH + RIB,PUTIH + RIB 2XL,71384,16,10,0,35692,927992,642456
Jan-2026,MAMU KENDARI,PUTIH + RIB,PUTIH + RIB 3XL,0,16,0,0,40627,650032,0
Feb-2026,MAMU KENDARI,PUTIH + RIB,PUTIH + RIB 3XL,0,16,0,0,40627,650032,650032
Mar-2026,MAMU KENDARI,PUTIH + RIB,PUTIH + RIB 3XL,0,16,0,0,40627,650032,650032
Apr-2026,MAMU KENDARI,PUTIH + RIB,PUTIH + RIB 3XL,0,16,0,0,40627,650032,650032
Mei-2026,MAMU KENDARI,PUTIH + RIB,PUTIH + RIB 3XL,0,16,0,0,40627,650032,650032
Jun-2026,MAMU KENDARI,PUTIH + RIB,PUTIH + RIB 3XL,0,16,0,0,40627,650032,650032
Jul-2026,MAMU KENDARI,PUTIH + RIB,PUTIH + RIB 3XL,0,16,0,0,40627,650032,650032
Agu-2026,MAMU KENDARI,PUTIH + RIB,PUTIH + RIB 3XL,40627,15,0,0,40627,609405,650032
Sep-2026,MAMU KENDARI,PUTIH + RIB,PUTIH + RIB 3XL,0,15,0,0,40627,609405,609405
Okt-2026,MAMU KENDARI,PUTIH + RIB,PUTIH + RIB 3XL,0,15,0,0,40627,609405,609405
Jan-2026,MAMU KENDARI,PUTIH + RIB,PUTIH + RIB L,260552,6,0,0,32169,193014,0
Feb-2026,MAMU KENDARI,PUTIH + RIB,PUTIH + RIB L,0,21,30,0,32141,1639191,193014
Mar-2026,MAMU KENDARI,PUTIH + RIB,PUTIH + RIB L,354134,55,0,0,32259,1774245,1639191
Apr-2026,MAMU KENDARI,PUTIH + RIB,PUTIH + RIB L,0,55,0,0,32259,1774245,1774245
Mei-2026,MAMU KENDARI,PUTIH + RIB,PUTIH + RIB L,32194,55,0,0,32259,1774245,1774245
Jun-2026,MAMU KENDARI,PUTIH + RIB,PUTIH + RIB L,257552,45,0,0,32259,1451655,1774245
Jul-2026,MAMU KENDARI,PUTIH + RIB,PUTIH + RIB L,708268,44,0,0,32259,1419396,1451655
Agu-2026,MAMU KENDARI,PUTIH + RIB,PUTIH + RIB L,998139,39,0,0,32259,1258101,1419396
Sep-2026,MAMU KENDARI,PUTIH + RIB,PUTIH + RIB L,393635,42,0,0,32259,1354878,1258101
Okt-2026,MAMU KENDARI,PUTIH + RIB,PUTIH + RIB L,71684,40,0,0,32259,1290360,1354878
Jan-2026,MAMU KENDARI,PUTIH + RIB,PUTIH + RIB M,0,16,0,0,32474,519584,0
Feb-2026,MAMU KENDARI,PUTIH + RIB,PUTIH + RIB M,0,16,0,0,32327,517232,519584
Mar-2026,MAMU KENDARI,PUTIH + RIB,PUTIH + RIB M,195552,10,0,0,32327,323270,517232
Apr-2026,MAMU KENDARI,PUTIH + RIB,PUTIH + RIB M,32592,9,0,0,32327,290943,323270
Mei-2026,MAMU KENDARI,PUTIH + RIB,PUTIH + RIB M,0,9,15,0,32327,775848,290943
Jun-2026,MAMU KENDARI,PUTIH + RIB,PUTIH + RIB M,330220,14,0,0,32327,452578,775848
Jul-2026,MAMU KENDARI,PUTIH + RIB,PUTIH + RIB M,462308,14,0,0,32327,452578,452578
Agu-2026,MAMU KENDARI,PUTIH + RIB,PUTIH + RIB M,605808,4,0,0,32327,129308,452578
Sep-2026,MAMU KENDARI,PUTIH + RIB,PUTIH + RIB M,67312,0,0,0,32474,0,129308
Okt-2026,MAMU KENDARI,PUTIH + RIB,PUTIH + RIB M,69792,28,0,0,32327,905156,0
Jan-2026,MAMU KENDARI,PUTIH + RIB,PUTIH + RIB S,0,26,0,0,32719,850694,0
Feb-2026,MAMU KENDARI,PUTIH + RIB,PUTIH + RIB S,0,26,0,0,32719,850694,850694
Mar-2026,MAMU KENDARI,PUTIH + RIB,PUTIH + RIB S,33439,25,0,0,32719,817975,850694
Apr-2026,MAMU KENDARI,PUTIH + RIB,PUTIH + RIB S,0,25,0,0,32719,817975,817975
Mei-2026,MAMU KENDARI,PUTIH + RIB,PUTIH + RIB S,0,25,0,0,32719,817975,817975
Jun-2026,MAMU KENDARI,PUTIH + RIB,PUTIH + RIB S,267512,17,0,0,32719,556223,817975
Jul-2026,MAMU KENDARI,PUTIH + RIB,PUTIH + RIB S,0,17,0,0,32719,556223,556223
Agu-2026,MAMU KENDARI,PUTIH + RIB,PUTIH + RIB S,208958,43,0,0,32719,1406917,556223
Sep-2026,MAMU KENDARI,PUTIH + RIB,PUTIH + RIB S,0,51,0,0,32719,1668669,1406917
Okt-2026,MAMU KENDARI,PUTIH + RIB,PUTIH + RIB S,104862,48,0,0,32719,1570512,1668669
Jan-2026,MAMU KENDARI,PUTIH + RIB,PUTIH + RIB XL,65692,32,0,0,32650,1044800,0
Feb-2026,MAMU KENDARI,PUTIH + RIB,PUTIH + RIB XL,0,32,0,0,32397,1036704,1044800
Mar-2026,MAMU KENDARI,PUTIH + RIB,PUTIH + RIB XL,98538,33,0,0,32397,1069101,1036704
Apr-2026,MAMU KENDARI,PUTIH + RIB,PUTIH + RIB XL,0,33,0,0,32397,1069101,1069101
Mei-2026,MAMU KENDARI,PUTIH + RIB,PUTIH + RIB XL,0,33,30,0,32397,2041011,1069101
Jun-2026,MAMU KENDARI,PUTIH + RIB,PUTIH + RIB XL,66014,61,0,0,32397,1976217,2041011
Jul-2026,MAMU KENDARI,PUTIH + RIB,PUTIH + RIB XL,564254,61,0,0,32397,1976217,1976217
Agu-2026,MAMU KENDARI,PUTIH + RIB,PUTIH + RIB XL,837745,34,0,0,32397,1101498,1976217
Sep-2026,MAMU KENDARI,PUTIH + RIB,PUTIH + RIB XL,203382,13,0,0,32397,421161,1101498
Okt-2026,MAMU KENDARI,PUTIH + RIB,PUTIH + RIB XL,68856,26,15,0,32397,1328277,421161
Jan-2026,MAMU MAKASSAR,ABU TUA + RIB,ABU TUA + RIB 2XL,0,42,0,0,38070,1598940,0
Feb-2026,MAMU MAKASSAR,ABU TUA + RIB,ABU TUA + RIB 2XL,39722,41,0,0,38070,1560870,1598940
Mar-2026,MAMU MAKASSAR,ABU TUA + RIB,ABU TUA + RIB 2XL,158888,37,0,0,38070,1408590,1560870
Apr-2026,MAMU MAKASSAR,ABU TUA + RIB,ABU TUA + RIB 2XL,39722,36,0,0,38070,1370520,1408590
Mei-2026,MAMU MAKASSAR,ABU TUA + RIB,ABU TUA + RIB 2XL,119166,31,0,0,38070,1180170,1370520
Jun-2026,MAMU MAKASSAR,ABU TUA + RIB,ABU TUA + RIB 2XL,79444,29,0,0,38070,1104030,1180170
Jul-2026,MAMU MAKASSAR,ABU TUA + RIB,ABU TUA + RIB 2XL,79444,27,0,0,38070,1027890,1104030
Agu-2026,MAMU MAKASSAR,ABU TUA + RIB,ABU TUA + RIB 2XL,119166,25,0,0,38070,951750,1027890
Sep-2026,MAMU MAKASSAR,ABU TUA + RIB,ABU TUA + RIB 2XL,39271,32,0,0,38070,1218240,951750
Okt-2026,MAMU MAKASSAR,ABU TUA + RIB,ABU TUA + RIB 2XL,0,32,0,0,38070,1218240,1218240
Jan-2026,MAMU MAKASSAR,ABU TUA + RIB,ABU TUA + RIB 3XL,45421,22,0,0,47562,1046364,0
Feb-2026,MAMU MAKASSAR,ABU TUA + RIB,ABU TUA + RIB 3XL,45421,21,0,0,47562,998802,1046364
Mar-2026,MAMU MAKASSAR,ABU TUA + RIB,ABU TUA + RIB 3XL,90842,19,0,0,47562,903678,998802
Apr-2026,MAMU MAKASSAR,ABU TUA + RIB,ABU TUA + RIB 3XL,0,19,0,0,47562,903678,903678
Mei-2026,MAMU MAKASSAR,ABU TUA + RIB,ABU TUA + RIB 3XL,0,17,0,0,47562,808554,903678
Jun-2026,MAMU MAKASSAR,ABU TUA + RIB,ABU TUA + RIB 3XL,0,17,0,0,47562,808554,808554
Jul-2026,MAMU MAKASSAR,ABU TUA + RIB,ABU TUA + RIB 3XL,0,17,0,0,47562,808554,808554
Agu-2026,MAMU MAKASSAR,ABU TUA + RIB,ABU TUA + RIB 3XL,0,17,0,0,47562,808554,808554
Sep-2026,MAMU MAKASSAR,ABU TUA + RIB,ABU TUA + RIB 3XL,0,22,0,0,47562,1046364,808554
Okt-2026,MAMU MAKASSAR,ABU TUA + RIB,ABU TUA + RIB 3XL,0,22,0,0,47562,1046364,1046364
Jan-2026,MAMU MAKASSAR,ABU TUA + RIB,ABU TUA + RIB L,141540,18,0,0,35180,633240,0
Feb-2026,MAMU MAKASSAR,ABU TUA + RIB,ABU TUA + RIB L,141540,14,0,0,35180,492520,633240
Mar-2026,MAMU MAKASSAR,ABU TUA + RIB,ABU TUA + RIB L,600831,1,0,0,35180,35180,492520
Apr-2026,MAMU MAKASSAR,ABU TUA + RIB,ABU TUA + RIB L,35283,0,0,0,35180,0,35180
Mei-2026,MAMU MAKASSAR,ABU TUA + RIB,ABU TUA + RIB L,317537,12,0,0,35180,422160,0
Jun-2026,MAMU MAKASSAR,ABU TUA + RIB,ABU TUA + RIB L,389536,31,0,0,35180,1090580,422160
Jul-2026,MAMU MAKASSAR,ABU TUA + RIB,ABU TUA + RIB L,745217,28,0,0,35180,985040,1090580
Agu-2026,MAMU MAKASSAR,ABU TUA + RIB,ABU TUA + RIB L,320586,32,0,0,35180,1125760,985040
Sep-2026,MAMU MAKASSAR,ABU TUA + RIB,ABU TUA + RIB L,256270,54,0,0,35180,1899720,1125760
Okt-2026,MAMU MAKASSAR,ABU TUA + RIB,ABU TUA + RIB L,0,54,0,0,35180,1899720,1899720
Jan-2026,MAMU MAKASSAR,ABU TUA + RIB,ABU TUA + RIB M,70838,28,0,0,35432,992096,0
Feb-2026,MAMU MAKASSAR,ABU TUA + RIB,ABU TUA + RIB M,106257,26,0,0,35432,921232,992096
Mar-2026,MAMU MAKASSAR,ABU TUA + RIB,ABU TUA + RIB M,460454,27,0,0,35432,956664,921232
Apr-2026,MAMU MAKASSAR,ABU TUA + RIB,ABU TUA + RIB M,141704,24,0,0,35432,850368,956664
Mei-2026,MAMU MAKASSAR,ABU TUA + RIB,ABU TUA + RIB M,177130,17,0,0,35432,602344,850368
Jun-2026,MAMU MAKASSAR,ABU TUA + RIB,ABU TUA + RIB M,70913,44,0,0,35432,1559008,602344
Jul-2026,MAMU MAKASSAR,ABU TUA + RIB,ABU TUA + RIB M,425844,32,0,0,35432,1133824,1559008
Agu-2026,MAMU MAKASSAR,ABU TUA + RIB,ABU TUA + RIB M,106461,29,0,0,35432,1027528,1133824
Sep-2026,MAMU MAKASSAR,ABU TUA + RIB,ABU TUA + RIB M,177435,25,0,0,35432,885800,1027528
Okt-2026,MAMU MAKASSAR,ABU TUA + RIB,ABU TUA + RIB M,0,24,0,0,35432,850368,885800
Jan-2026,MAMU MAKASSAR,ABU TUA + RIB,ABU TUA + RIB S,34080,18,0,0,35135,632430,0
Feb-2026,MAMU MAKASSAR,ABU TUA + RIB,ABU TUA + RIB S,34080,17,0,0,35135,597295,632430
Mar-2026,MAMU MAKASSAR,ABU TUA + RIB,ABU TUA + RIB S,204480,11,0,0,35135,386485,597295
Apr-2026,MAMU MAKASSAR,ABU TUA + RIB,ABU TUA + RIB S,0,11,0,0,35135,386485,386485
Mei-2026,MAMU MAKASSAR,ABU TUA + RIB,ABU TUA + RIB S,102240,6,0,0,35135,210810,386485
Jun-2026,MAMU MAKASSAR,ABU TUA + RIB,ABU TUA + RIB S,35006,48,0,0,35135,1686480,210810
Jul-2026,MAMU MAKASSAR,ABU TUA + RIB,ABU TUA + RIB S,0,48,0,0,35135,1686480,1686480
Agu-2026,MAMU MAKASSAR,ABU TUA + RIB,ABU TUA + RIB S,35006,47,0,0,35135,1651345,1686480
Sep-2026,MAMU MAKASSAR,ABU TUA + RIB,ABU TUA + RIB S,140024,43,0,0,35135,1510805,1651345
Okt-2026,MAMU MAKASSAR,ABU TUA + RIB,ABU TUA + RIB S,0,43,0,0,35135,1510805,1510805
Jan-2026,MAMU MAKASSAR,ABU TUA + RIB,ABU TUA + RIB XL,72606,25,0,0,35876,896900,0
Feb-2026,MAMU MAKASSAR,ABU TUA + RIB,ABU TUA + RIB XL,290424,17,0,0,35876,609892,896900
Mar-2026,MAMU MAKASSAR,ABU TUA + RIB,ABU TUA + RIB XL,616875,1,0,0,35890,35890,609892
Apr-2026,MAMU MAKASSAR,ABU TUA + RIB,ABU TUA + RIB XL,36165,0,0,0,35876,0,35890
Jun-2026,MAMU MAKASSAR,ABU TUA + RIB,ABU TUA + RIB XL,35518,44,0,0,35890,1579160,0
Jul-2026,MAMU MAKASSAR,ABU TUA + RIB,ABU TUA + RIB XL,568288,28,0,0,35890,1004920,1579160
Agu-2026,MAMU MAKASSAR,ABU TUA + RIB,ABU TUA + RIB XL,177590,23,0,0,35890,825470,1004920
Sep-2026,MAMU MAKASSAR,ABU TUA + RIB,ABU TUA + RIB XL,114822,38,0,0,35890,1363820,825470
Okt-2026,MAMU MAKASSAR,ABU TUA + RIB,ABU TUA + RIB XL,38274,37,0,0,35890,1327930,1363820
Jan-2026,MAMU MAKASSAR,BENHUR + RIB,BENHUR + RIB 2XL,261492,18,0,0,36563,658134,0
Feb-2026,MAMU MAKASSAR,BENHUR + RIB,BENHUR + RIB 2XL,298848,10,10,0,36563,731260,658134
Mar-2026,MAMU MAKASSAR,BENHUR + RIB,BENHUR + RIB 2XL,36960,19,0,0,36563,694697,731260
Apr-2026,MAMU MAKASSAR,BENHUR + RIB,BENHUR + RIB 2XL,0,19,0,0,36563,694697,694697
Mei-2026,MAMU MAKASSAR,BENHUR + RIB,BENHUR + RIB 2XL,36960,16,0,0,36563,585008,694697
Jun-2026,MAMU MAKASSAR,BENHUR + RIB,BENHUR + RIB 2XL,0,16,0,0,36563,585008,585008
Jul-2026,MAMU MAKASSAR,BENHUR + RIB,BENHUR + RIB 2XL,36960,15,0,0,36563,548445,585008
Agu-2026,MAMU MAKASSAR,BENHUR + RIB,BENHUR + RIB 2XL,73920,14,0,0,36563,511882,548445
Sep-2026,MAMU MAKASSAR,BENHUR + RIB,BENHUR + RIB 2XL,147840,18,0,0,36563,658134,511882
Okt-2026,MAMU MAKASSAR,BENHUR + RIB,BENHUR + RIB 2XL,0,18,0,0,36563,658134,658134
Jan-2026,MAMU MAKASSAR,BENHUR + RIB,BENHUR + RIB 3XL,89952,11,0,0,45841,504251,0
Feb-2026,MAMU MAKASSAR,BENHUR + RIB,BENHUR + RIB 3XL,44976,20,0,0,45841,916820,504251
Mar-2026,MAMU MAKASSAR,BENHUR + RIB,BENHUR + RIB 3XL,45409,19,0,0,45841,870979,916820
Apr-2026,MAMU MAKASSAR,BENHUR + RIB,BENHUR + RIB 3XL,0,19,0,0,45841,870979,870979
Mei-2026,MAMU MAKASSAR,BENHUR + RIB,BENHUR + RIB 3XL,0,17,0,0,45841,779297,870979
Jun-2026,MAMU MAKASSAR,BENHUR + RIB,BENHUR + RIB 3XL,0,19,0,0,45841,870979,779297
Jul-2026,MAMU MAKASSAR,BENHUR + RIB,BENHUR + RIB 3XL,0,19,0,0,45841,870979,870979
Agu-2026,MAMU MAKASSAR,BENHUR + RIB,BENHUR + RIB 3XL,121887,16,0,0,45841,733456,870979
Sep-2026,MAMU MAKASSAR,BENHUR + RIB,BENHUR + RIB 3XL,0,16,0,0,45841,733456,733456
Okt-2026,MAMU MAKASSAR,BENHUR + RIB,BENHUR + RIB 3XL,0,16,0,0,45841,733456,733456
Jan-2026,MAMU MAKASSAR,BENHUR + RIB,BENHUR + RIB L,471575,25,0,0,36209,905225,0
Feb-2026,MAMU MAKASSAR,BENHUR + RIB,BENHUR + RIB L,471476,27,0,0,36209,977643,905225
Mar-2026,MAMU MAKASSAR,BENHUR + RIB,BENHUR + RIB L,36242,26,0,0,36209,941434,977643
Apr-2026,MAMU MAKASSAR,BENHUR + RIB,BENHUR + RIB L,761082,0,0,0,36209,0,941434
Mei-2026,MAMU MAKASSAR,BENHUR + RIB,BENHUR + RIB L,0,8,0,0,36209,289672,0
Jun-2026,MAMU MAKASSAR,BENHUR + RIB,BENHUR + RIB L,0,38,0,0,36209,1375942,289672
Jul-2026,MAMU MAKASSAR,BENHUR + RIB,BENHUR + RIB L,1865545,31,0,0,36209,1122479,1375942
Agu-2026,MAMU MAKASSAR,BENHUR + RIB,BENHUR + RIB L,587820,17,0,0,36209,615553,1122479
Sep-2026,MAMU MAKASSAR,BENHUR + RIB,BENHUR + RIB L,1344405,15,0,0,36209,543135,615553
Okt-2026,MAMU MAKASSAR,BENHUR + RIB,BENHUR + RIB L,39638,14,0,0,36209,506926,543135
Jan-2026,MAMU MAKASSAR,BENHUR + RIB,BENHUR + RIB M,467584,16,0,0,35986,575776,0
Feb-2026,MAMU MAKASSAR,BENHUR + RIB,BENHUR + RIB M,251776,9,0,0,35986,323874,575776
Mar-2026,MAMU MAKASSAR,BENHUR + RIB,BENHUR + RIB M,0,9,0,0,35986,323874,323874
Apr-2026,MAMU MAKASSAR,BENHUR + RIB,BENHUR + RIB M,323712,0,0,0,35986,0,323874
Mei-2026,MAMU MAKASSAR,BENHUR + RIB,BENHUR + RIB M,0,15,0,0,35986,539790,0
Jun-2026,MAMU MAKASSAR,BENHUR + RIB,BENHUR + RIB M,0,45,0,0,35986,1619370,539790
Jul-2026,MAMU MAKASSAR,BENHUR + RIB,BENHUR + RIB M,752776,40,0,0,35986,1439440,1619370
Agu-2026,MAMU MAKASSAR,BENHUR + RIB,BENHUR + RIB M,307008,33,0,0,35986,1187538,1439440
Sep-2026,MAMU MAKASSAR,BENHUR + RIB,BENHUR + RIB M,426756,36,0,0,35986,1295496,1187538
Okt-2026,MAMU MAKASSAR,BENHUR + RIB,BENHUR + RIB M,0,36,0,0,35986,1295496,1295496
Jan-2026,MAMU MAKASSAR,BENHUR + RIB,BENHUR + RIB S,0,20,0,0,36137,722740,0
Feb-2026,MAMU MAKASSAR,BENHUR + RIB,BENHUR + RIB S,36308,19,0,0,36137,686603,722740
Mar-2026,MAMU MAKASSAR,BENHUR + RIB,BENHUR + RIB S,36308,18,0,0,36137,650466,686603
Apr-2026,MAMU MAKASSAR,BENHUR + RIB,BENHUR + RIB S,217848,13,0,0,36137,469781,650466
Mei-2026,MAMU MAKASSAR,BENHUR + RIB,BENHUR + RIB S,0,10,0,0,36137,361370,469781
Jun-2026,MAMU MAKASSAR,BENHUR + RIB,BENHUR + RIB S,36308,29,0,0,36137,1047973,361370
Jul-2026,MAMU MAKASSAR,BENHUR + RIB,BENHUR + RIB S,74130,27,0,0,36137,975699,1047973
Agu-2026,MAMU MAKASSAR,BENHUR + RIB,BENHUR + RIB S,74130,26,0,0,36137,939562,975699
Sep-2026,MAMU MAKASSAR,BENHUR + RIB,BENHUR + RIB S,0,25,0,0,36137,903425,939562
Okt-2026,MAMU MAKASSAR,BENHUR + RIB,BENHUR + RIB S,0,25,0,0,36137,903425,903425
Jan-2026,MAMU MAKASSAR,BENHUR + RIB,BENHUR + RIB XL,432288,21,0,0,35965,755265,0
Feb-2026,MAMU MAKASSAR,BENHUR + RIB,BENHUR + RIB XL,395901,10,0,0,35965,359650,755265
Mar-2026,MAMU MAKASSAR,BENHUR + RIB,BENHUR + RIB XL,35991,14,0,0,35965,503510,359650
Apr-2026,MAMU MAKASSAR,BENHUR + RIB,BENHUR + RIB XL,215892,8,0,0,35965,287720,503510
Mei-2026,MAMU MAKASSAR,BENHUR + RIB,BENHUR + RIB XL,107946,1,0,0,35965,35965,287720
Jun-2026,MAMU MAKASSAR,BENHUR + RIB,BENHUR + RIB XL,122952,28,0,0,35965,1007020,35965
Jul-2026,MAMU MAKASSAR,BENHUR + RIB,BENHUR + RIB XL,245904,22,0,0,35965,791230,1007020
Agu-2026,MAMU MAKASSAR,BENHUR + RIB,BENHUR + RIB XL,369646,29,0,0,35965,1042985,791230
Sep-2026,MAMU MAKASSAR,BENHUR + RIB,BENHUR + RIB XL,1047444,18,0,0,35965,647370,1042985
Okt-2026,MAMU MAKASSAR,BENHUR + RIB,BENHUR + RIB XL,42216,17,0,0,35965,611405,647370
Jan-2026,MAMU MAKASSAR,HITAM + RIB,HITAM + RIB 2XL,586094,33,0,0,40134,1324422,0
Feb-2026,MAMU MAKASSAR,HITAM + RIB,HITAM + RIB 2XL,452056,21,0,0,40134,842814,1324422
Mar-2026,MAMU MAKASSAR,HITAM + RIB,HITAM + RIB 2XL,451372,23,0,0,40815,938745,842814
Apr-2026,MAMU MAKASSAR,HITAM + RIB,HITAM + RIB 2XL,894637,18,0,0,40815,734670,938745
Mei-2026,MAMU MAKASSAR,HITAM + RIB,HITAM + RIB 2XL,1109949,32,0,0,40111,1283552,734670
Jun-2026,MAMU MAKASSAR,HITAM + RIB,HITAM + RIB 2XL,460452,49,0,0,40111,1965439,1283552
Jul-2026,MAMU MAKASSAR,HITAM + RIB,HITAM + RIB 2XL,674286,60,0,0,40111,2406660,1965439
Agu-2026,MAMU MAKASSAR,HITAM + RIB,HITAM + RIB 2XL,753927,38,10,0,40111,1925328,2406660
Sep-2026,MAMU MAKASSAR,HITAM + RIB,HITAM + RIB 2XL,1192770,27,0,0,40111,1082997,1925328
Okt-2026,MAMU MAKASSAR,HITAM + RIB,HITAM + RIB 2XL,246780,28,0,0,40111,1123108,1082997
Jan-2026,MAMU MAKASSAR,HITAM + RIB,HITAM + RIB 3XL,272880,23,0,0,45968,1057264,0
Feb-2026,MAMU MAKASSAR,HITAM + RIB,HITAM + RIB 3XL,273054,28,0,0,45968,1287104,1057264
Mar-2026,MAMU MAKASSAR,HITAM + RIB,HITAM + RIB 3XL,136890,24,0,0,45968,1103232,1287104
Apr-2026,MAMU MAKASSAR,HITAM + RIB,HITAM + RIB 3XL,182520,20,0,0,45968,919360,1103232
Mei-2026,MAMU MAKASSAR,HITAM + RIB,HITAM + RIB 3XL,319410,11,0,0,45968,505648,919360
Jun-2026,MAMU MAKASSAR,HITAM + RIB,HITAM + RIB 3XL,228150,6,0,0,45968,275808,505648
Jul-2026,MAMU MAKASSAR,HITAM + RIB,HITAM + RIB 3XL,135856,4,0,0,45968,183872,275808
Agu-2026,MAMU MAKASSAR,HITAM + RIB,HITAM + RIB 3XL,178384,21,0,0,45968,965328,183872
Sep-2026,MAMU MAKASSAR,HITAM + RIB,HITAM + RIB 3XL,366344,16,0,0,45968,735488,965328
Okt-2026,MAMU MAKASSAR,HITAM + RIB,HITAM + RIB 3XL,0,16,0,0,45968,735488,735488
Mei-2026,MAMU MAKASSAR,HITAM + RIB,HITAM + RIB 4XL,59178,0,0,0,70000,0,0
Jan-2026,MAMU MAKASSAR,HITAM + RIB,HITAM + RIB L,3114082,23,0,0,35275,811325,0
Feb-2026,MAMU MAKASSAR,HITAM + RIB,HITAM + RIB L,3538663,144,0,0,35188,5067072,811325
Mar-2026,MAMU MAKASSAR,HITAM + RIB,HITAM + RIB L,2642814,121,0,0,35247,4264887,5067072
Apr-2026,MAMU MAKASSAR,HITAM + RIB,HITAM + RIB L,4119087,67,0,0,35247,2361549,4264887
Mei-2026,MAMU MAKASSAR,HITAM + RIB,HITAM + RIB L,3573528,40,0,0,35046,1401840,2361549
Jun-2026,MAMU MAKASSAR,HITAM + RIB,HITAM + RIB L,2067558,79,0,0,35046,2768634,1401840
Jul-2026,MAMU MAKASSAR,HITAM + RIB,HITAM + RIB L,1827152,126,0,0,35046,4415796,2768634
Agu-2026,MAMU MAKASSAR,HITAM + RIB,HITAM + RIB L,5103542,85,0,0,35046,2978910,4415796
Sep-2026,MAMU MAKASSAR,HITAM + RIB,HITAM + RIB L,4908131,39,0,0,35046,1366794,2978910
Okt-2026,MAMU MAKASSAR,HITAM + RIB,HITAM + RIB L,928884,56,0,0,35046,1962576,1366794
Jan-2026,MAMU MAKASSAR,HITAM + RIB,HITAM + RIB M,1180128,29,0,0,34868,1011172,0
Feb-2026,MAMU MAKASSAR,HITAM + RIB,HITAM + RIB M,1428053,63,0,0,34868,2196684,1011172
Mar-2026,MAMU MAKASSAR,HITAM + RIB,HITAM + RIB M,2378762,49,0,0,35204,1724996,2196684
Apr-2026,MAMU MAKASSAR,HITAM + RIB,HITAM + RIB M,2493242,71,0,0,35204,2499484,1724996
Mei-2026,MAMU MAKASSAR,HITAM + RIB,HITAM + RIB M,2807908,23,0,0,35089,807047,2499484
Jun-2026,MAMU MAKASSAR,HITAM + RIB,HITAM + RIB M,1333154,84,0,0,35089,2947476,807047
Jul-2026,MAMU MAKASSAR,HITAM + RIB,HITAM + RIB M,1227738,122,0,0,35089,4280858,2947476
Agu-2026,MAMU MAKASSAR,HITAM + RIB,HITAM + RIB M,2514358,61,30,0,35089,3193099,4280858
Sep-2026,MAMU MAKASSAR,HITAM + RIB,HITAM + RIB M,3162616,31,0,0,35089,1087759,3193099
Okt-2026,MAMU MAKASSAR,HITAM + RIB,HITAM + RIB M,483548,29,15,0,35089,1543916,1087759
Jan-2026,MAMU MAKASSAR,HITAM + RIB,HITAM + RIB S,317072,35,0,0,35285,1234975,0
Feb-2026,MAMU MAKASSAR,HITAM + RIB,HITAM + RIB S,246792,28,0,0,35285,987980,1234975
Mar-2026,MAMU MAKASSAR,HITAM + RIB,HITAM + RIB S,740603,47,0,0,35285,1658395,987980
Apr-2026,MAMU MAKASSAR,HITAM + RIB,HITAM + RIB S,776072,25,0,0,35285,882125,1658395
Mei-2026,MAMU MAKASSAR,HITAM + RIB,HITAM + RIB S,952512,4,10,0,35285,493990,882125
Jun-2026,MAMU MAKASSAR,HITAM + RIB,HITAM + RIB S,676626,45,0,0,35285,1587825,493990
Jul-2026,MAMU MAKASSAR,HITAM + RIB,HITAM + RIB S,320586,49,0,0,35285,1728965,1587825
Agu-2026,MAMU MAKASSAR,HITAM + RIB,HITAM + RIB S,759966,40,0,0,35285,1411400,1728965
Sep-2026,MAMU MAKASSAR,HITAM + RIB,HITAM + RIB S,812328,26,0,0,35285,917410,1411400
Okt-2026,MAMU MAKASSAR,HITAM + RIB,HITAM + RIB S,147696,29,0,0,35285,1023265,917410
Jan-2026,MAMU MAKASSAR,HITAM + RIB,HITAM + RIB XL,1499220,24,0,0,35151,843624,0
Feb-2026,MAMU MAKASSAR,HITAM + RIB,HITAM + RIB XL,2273722,76,0,0,38857,2953132,843624
Mar-2026,MAMU MAKASSAR,HITAM + RIB,HITAM + RIB XL,1291216,186,0,0,38027,7073022,2953132
Apr-2026,MAMU MAKASSAR,HITAM + RIB,HITAM + RIB XL,2698781,119,0,0,38027,4525213,7073022
Mei-2026,MAMU MAKASSAR,HITAM + RIB,HITAM + RIB XL,1976572,62,0,0,35999,2231938,4525213
Jun-2026,MAMU MAKASSAR,HITAM + RIB,HITAM + RIB XL,1837327,70,0,0,35999,2519930,2231938
Jul-2026,MAMU MAKASSAR,HITAM + RIB,HITAM + RIB XL,1575843,98,0,0,35999,3527902,2519930
Agu-2026,MAMU MAKASSAR,HITAM + RIB,HITAM + RIB XL,2074047,62,0,0,35999,2231938,3527902
Sep-2026,MAMU MAKASSAR,HITAM + RIB,HITAM + RIB XL,2021336,36,0,0,35999,1295964,2231938
Okt-2026,MAMU MAKASSAR,HITAM + RIB,HITAM + RIB XL,877530,37,0,0,35999,1331963,1295964
Jan-2026,MAMU MAKASSAR,MAROON + RIB,MAROON + RIB 2XL,39944,26,0,0,41035,1066910,0
Feb-2026,MAMU MAKASSAR,MAROON + RIB,MAROON + RIB 2XL,39944,25,0,0,41035,1025875,1066910
Mar-2026,MAMU MAKASSAR,MAROON + RIB,MAROON + RIB 2XL,39944,24,0,0,41035,984840,1025875
Apr-2026,MAMU MAKASSAR,MAROON + RIB,MAROON + RIB 2XL,39944,23,0,0,41035,943805,984840
Mei-2026,MAMU MAKASSAR,MAROON + RIB,MAROON + RIB 2XL,79888,19,0,0,41035,779665,943805
Jun-2026,MAMU MAKASSAR,MAROON + RIB,MAROON + RIB 2XL,199720,14,0,0,41035,574490,779665
Jul-2026,MAMU MAKASSAR,MAROON + RIB,MAROON + RIB 2XL,0,36,0,0,41035,1477260,574490
Agu-2026,MAMU MAKASSAR,MAROON + RIB,MAROON + RIB 2XL,1527259,10,0,0,41035,410350,1477260
Sep-2026,MAMU MAKASSAR,MAROON + RIB,MAROON + RIB 2XL,201425,23,0,0,41035,943805,410350
Okt-2026,MAMU MAKASSAR,MAROON + RIB,MAROON + RIB 2XL,362565,14,0,0,41035,574490,943805
Jan-2026,MAMU MAKASSAR,MAROON + RIB,MAROON + RIB 3XL,0,20,0,0,46390,927800,0
Feb-2026,MAMU MAKASSAR,MAROON + RIB,MAROON + RIB 3XL,0,20,0,0,46390,927800,927800
Mar-2026,MAMU MAKASSAR,MAROON + RIB,MAROON + RIB 3XL,46479,19,0,0,46390,881410,927800
Apr-2026,MAMU MAKASSAR,MAROON + RIB,MAROON + RIB 3XL,0,18,0,0,46390,835020,881410
Mei-2026,MAMU MAKASSAR,MAROON + RIB,MAROON + RIB 3XL,46479,15,0,0,46390,695850,835020
Jun-2026,MAMU MAKASSAR,MAROON + RIB,MAROON + RIB 3XL,46053,24,0,0,46390,1113360,695850
Jul-2026,MAMU MAKASSAR,MAROON + RIB,MAROON + RIB 3XL,46053,23,0,0,46390,1066970,1113360
Agu-2026,MAMU MAKASSAR,MAROON + RIB,MAROON + RIB 3XL,920549,4,10,0,46390,649460,1066970
Sep-2026,MAMU MAKASSAR,MAROON + RIB,MAROON + RIB 3XL,45542,12,0,0,46390,556680,649460
Okt-2026,MAMU MAKASSAR,MAROON + RIB,MAROON + RIB 3XL,91084,10,0,0,46390,463900,556680
Jan-2026,MAMU MAKASSAR,MAROON + RIB,MAROON + RIB L,70278,31,0,0,35143,1089433,0
Feb-2026,MAMU MAKASSAR,MAROON + RIB,MAROON + RIB L,35139,30,0,0,36130,1083900,1089433
Mar-2026,MAMU MAKASSAR,MAROON + RIB,MAROON + RIB L,0,30,0,0,36130,1083900,1083900
Apr-2026,MAMU MAKASSAR,MAROON + RIB,MAROON + RIB L,175695,25,0,0,36130,903250,1083900
Mei-2026,MAMU MAKASSAR,MAROON + RIB,MAROON + RIB L,491946,9,0,0,36130,325170,903250
Jun-2026,MAMU MAKASSAR,MAROON + RIB,MAROON + RIB L,70278,22,0,0,36130,794860,325170
Jul-2026,MAMU MAKASSAR,MAROON + RIB,MAROON + RIB L,210486,64,0,0,36130,2312320,794860
Agu-2026,MAMU MAKASSAR,MAROON + RIB,MAROON + RIB L,5058248,65,0,0,36130,2348450,2312320
Sep-2026,MAMU MAKASSAR,MAROON + RIB,MAROON + RIB L,784422,3,0,0,36130,108390,2348450
Okt-2026,MAMU MAKASSAR,MAROON + RIB,MAROON + RIB L,1357516,1,20,0,36130,758730,108390
Jan-2026,MAMU MAKASSAR,MAROON + RIB,MAROON + RIB M,71038,26,0,0,35662,927212,0
Feb-2026,MAMU MAKASSAR,MAROON + RIB,MAROON + RIB M,0,26,0,0,35662,927212,927212
Mar-2026,MAMU MAKASSAR,MAROON + RIB,MAROON + RIB M,71038,24,0,0,35662,855888,927212
Apr-2026,MAMU MAKASSAR,MAROON + RIB,MAROON + RIB M,319671,15,0,0,35662,534930,855888
Mei-2026,MAMU MAKASSAR,MAROON + RIB,MAROON + RIB M,818565,5,0,0,35662,178310,534930
Jun-2026,MAMU MAKASSAR,MAROON + RIB,MAROON + RIB M,35810,34,0,0,35662,1212508,178310
Jul-2026,MAMU MAKASSAR,MAROON + RIB,MAROON + RIB M,71304,70,0,0,35662,2496340,1212508
Agu-2026,MAMU MAKASSAR,MAROON + RIB,MAROON + RIB M,3592820,48,0,0,35662,1711776,2496340
Sep-2026,MAMU MAKASSAR,MAROON + RIB,MAROON + RIB M,406197,18,0,0,35662,641916,1711776
Okt-2026,MAMU MAKASSAR,MAROON + RIB,MAROON + RIB M,740230,0,2,0,35662,71324,641916
Jan-2026,MAMU MAKASSAR,MAROON + RIB,MAROON + RIB S,35608,23,0,0,35425,814775,0
Feb-2026,MAMU MAKASSAR,MAROON + RIB,MAROON + RIB S,0,23,0,0,35425,814775,814775
Mar-2026,MAMU MAKASSAR,MAROON + RIB,MAROON + RIB S,35608,22,0,0,35425,779350,814775
Apr-2026,MAMU MAKASSAR,MAROON + RIB,MAROON + RIB S,35608,22,0,0,35425,779350,779350
Mei-2026,MAMU MAKASSAR,MAROON + RIB,MAROON + RIB S,71216,17,0,0,35425,602225,779350
Jun-2026,MAMU MAKASSAR,MAROON + RIB,MAROON + RIB S,142432,13,0,0,35425,460525,602225
Jul-2026,MAMU MAKASSAR,MAROON + RIB,MAROON + RIB S,71216,22,0,0,35425,779350,460525
Agu-2026,MAMU MAKASSAR,MAROON + RIB,MAROON + RIB S,1420765,19,0,0,35425,673075,779350
Sep-2026,MAMU MAKASSAR,MAROON + RIB,MAROON + RIB S,145748,19,0,0,35425,673075,673075
Okt-2026,MAMU MAKASSAR,MAROON + RIB,MAROON + RIB S,36787,18,0,0,35425,637650,673075
Jan-2026,MAMU MAKASSAR,MAROON + RIB,MAROON + RIB XL,0,29,0,0,37999,1101971,0
Feb-2026,MAMU MAKASSAR,MAROON + RIB,MAROON + RIB XL,33527,28,0,0,37999,1063972,1101971
Mar-2026,MAMU MAKASSAR,MAROON + RIB,MAROON + RIB XL,33527,27,0,0,37999,1025973,1063972
Apr-2026,MAMU MAKASSAR,MAROON + RIB,MAROON + RIB XL,268216,19,0,0,37999,721981,1025973
Mei-2026,MAMU MAKASSAR,MAROON + RIB,MAROON + RIB XL,435851,4,0,0,37999,151996,721981
Jun-2026,MAMU MAKASSAR,MAROON + RIB,MAROON + RIB XL,39559,48,0,0,37999,1823952,151996
Jul-2026,MAMU MAKASSAR,MAROON + RIB,MAROON + RIB XL,115452,48,0,0,37999,1823952,1823952
Agu-2026,MAMU MAKASSAR,MAROON + RIB,MAROON + RIB XL,3850827,23,0,0,37999,873977,1823952
Sep-2026,MAMU MAKASSAR,MAROON + RIB,MAROON + RIB XL,228762,13,0,0,37999,493987,873977
Okt-2026,MAMU MAKASSAR,MAROON + RIB,MAROON + RIB XL,531454,14,0,0,37999,531986,493987
Jan-2026,MAMU MAKASSAR,MERAH + RIB,MERAH + RIB 2XL,110763,23,0,0,36757,845411,0
Feb-2026,MAMU MAKASSAR,MERAH + RIB,MERAH + RIB 2XL,36921,22,0,0,36757,808654,845411
Mar-2026,MAMU MAKASSAR,MERAH + RIB,MERAH + RIB 2XL,36921,21,0,0,36757,771897,808654
Apr-2026,MAMU MAKASSAR,MERAH + RIB,MERAH + RIB 2XL,36921,20,0,0,36757,735140,771897
Mei-2026,MAMU MAKASSAR,MERAH + RIB,MERAH + RIB 2XL,110763,15,0,0,36757,551355,735140
Jun-2026,MAMU MAKASSAR,MERAH + RIB,MERAH + RIB 2XL,36812,44,0,0,36757,1617308,551355
Jul-2026,MAMU MAKASSAR,MERAH + RIB,MERAH + RIB 2XL,416920,107,0,0,36757,3932999,1617308
Agu-2026,MAMU MAKASSAR,MERAH + RIB,MERAH + RIB 2XL,1182464,68,0,0,36757,2499476,3932999
Sep-2026,MAMU MAKASSAR,MERAH + RIB,MERAH + RIB 2XL,457728,55,0,0,36757,2021635,2499476
Okt-2026,MAMU MAKASSAR,MERAH + RIB,MERAH + RIB 2XL,0,55,0,0,36757,2021635,2021635
Jan-2026,MAMU MAKASSAR,MERAH + RIB,MERAH + RIB 3XL,45249,20,0,0,45193,903860,0
Feb-2026,MAMU MAKASSAR,MERAH + RIB,MERAH + RIB 3XL,0,20,0,0,45193,903860,903860
Mar-2026,MAMU MAKASSAR,MERAH + RIB,MERAH + RIB 3XL,45249,19,0,0,45193,858667,903860
Apr-2026,MAMU MAKASSAR,MERAH + RIB,MERAH + RIB 3XL,0,20,0,0,45193,903860,858667
Mei-2026,MAMU MAKASSAR,MERAH + RIB,MERAH + RIB 3XL,45249,17,0,0,45193,768281,903860
Jun-2026,MAMU MAKASSAR,MERAH + RIB,MERAH + RIB 3XL,0,17,0,0,45193,768281,768281
Jul-2026,MAMU MAKASSAR,MERAH + RIB,MERAH + RIB 3XL,0,37,0,0,45193,1672141,768281
Agu-2026,MAMU MAKASSAR,MERAH + RIB,MERAH + RIB 3XL,969020,20,0,0,45193,903860,1672141
Sep-2026,MAMU MAKASSAR,MERAH + RIB,MERAH + RIB 3XL,0,17,0,0,45193,768281,903860
Okt-2026,MAMU MAKASSAR,MERAH + RIB,MERAH + RIB 3XL,0,17,0,0,45193,768281,768281
Jan-2026,MAMU MAKASSAR,MERAH + RIB,MERAH + RIB L,325242,118,0,0,35755,4219090,0
Feb-2026,MAMU MAKASSAR,MERAH + RIB,MERAH + RIB L,433656,106,0,0,35755,3790030,4219090
Mar-2026,MAMU MAKASSAR,MERAH + RIB,MERAH + RIB L,72276,104,0,0,35755,3718520,3790030
Apr-2026,MAMU MAKASSAR,MERAH + RIB,MERAH + RIB L,108414,101,0,0,35755,3611255,3718520
Mei-2026,MAMU MAKASSAR,MERAH + RIB,MERAH + RIB L,108414,96,0,0,35755,3432480,3611255
Jun-2026,MAMU MAKASSAR,MERAH + RIB,MERAH + RIB L,36138,95,0,0,35755,3396725,3432480
Jul-2026,MAMU MAKASSAR,MERAH + RIB,MERAH + RIB L,1130007,303,0,0,35755,10833765,3396725
Agu-2026,MAMU MAKASSAR,MERAH + RIB,MERAH + RIB L,3684783,178,0,0,35755,6364390,10833765
Sep-2026,MAMU MAKASSAR,MERAH + RIB,MERAH + RIB L,547245,144,0,0,35755,5148720,6364390
Okt-2026,MAMU MAKASSAR,MERAH + RIB,MERAH + RIB L,72966,142,0,0,35755,5077210,5148720
Jan-2026,MAMU MAKASSAR,MERAH + RIB,MERAH + RIB M,425544,51,0,0,35755,1823505,0
Feb-2026,MAMU MAKASSAR,MERAH + RIB,MERAH + RIB M,177310,46,0,0,35755,1644730,1823505
Mar-2026,MAMU MAKASSAR,MERAH + RIB,MERAH + RIB M,0,46,0,0,35755,1644730,1644730
Apr-2026,MAMU MAKASSAR,MERAH + RIB,MERAH + RIB M,70924,44,0,0,35755,1573220,1644730
Mei-2026,MAMU MAKASSAR,MERAH + RIB,MERAH + RIB M,106386,41,0,0,35755,1465955,1573220
Jun-2026,MAMU MAKASSAR,MERAH + RIB,MERAH + RIB M,35462,38,0,0,35755,1358690,1465955
Jul-2026,MAMU MAKASSAR,MERAH + RIB,MERAH + RIB M,469989,155,0,0,35755,5542025,1358690
Agu-2026,MAMU MAKASSAR,MERAH + RIB,MERAH + RIB M,3306660,112,0,0,35755,4004560,5542025
Sep-2026,MAMU MAKASSAR,MERAH + RIB,MERAH + RIB M,477984,84,0,0,35755,3003420,4004560
Okt-2026,MAMU MAKASSAR,MERAH + RIB,MERAH + RIB M,0,84,0,0,35755,3003420,3003420
Jan-2026,MAMU MAKASSAR,MERAH + RIB,MERAH + RIB S,0,17,0,0,35972,611524,0
Feb-2026,MAMU MAKASSAR,MERAH + RIB,MERAH + RIB S,71902,15,0,0,35972,539580,611524
Mar-2026,MAMU MAKASSAR,MERAH + RIB,MERAH + RIB S,0,15,0,0,35972,539580,539580
Apr-2026,MAMU MAKASSAR,MERAH + RIB,MERAH + RIB S,35951,14,0,0,35972,503608,539580
Mei-2026,MAMU MAKASSAR,MERAH + RIB,MERAH + RIB S,0,12,0,0,35972,431664,503608
Jun-2026,MAMU MAKASSAR,MERAH + RIB,MERAH + RIB S,35951,48,0,0,35972,1726656,431664
Jul-2026,MAMU MAKASSAR,MERAH + RIB,MERAH + RIB S,145446,56,0,0,35972,2014432,1726656
Agu-2026,MAMU MAKASSAR,MERAH + RIB,MERAH + RIB S,1523982,44,0,0,35972,1582768,2014432
Sep-2026,MAMU MAKASSAR,MERAH + RIB,MERAH + RIB S,524622,39,0,0,35972,1402908,1582768
Okt-2026,MAMU MAKASSAR,MERAH + RIB,MERAH + RIB S,0,39,0,0,35972,1402908,1402908
Jan-2026,MAMU MAKASSAR,MERAH + RIB,MERAH + RIB XL,423108,28,15,0,35755,1537465,0
Feb-2026,MAMU MAKASSAR,MERAH + RIB,MERAH + RIB XL,106575,25,0,0,35755,893875,1537465
Mar-2026,MAMU MAKASSAR,MERAH + RIB,MERAH + RIB XL,0,25,0,0,35755,893875,893875
Apr-2026,MAMU MAKASSAR,MERAH + RIB,MERAH + RIB XL,106575,22,0,0,35755,786610,893875
Mei-2026,MAMU MAKASSAR,MERAH + RIB,MERAH + RIB XL,177625,15,0,0,35755,536325,786610
Jun-2026,MAMU MAKASSAR,MERAH + RIB,MERAH + RIB XL,71050,20,0,0,35755,715100,536325
Jul-2026,MAMU MAKASSAR,MERAH + RIB,MERAH + RIB XL,872274,108,0,0,35755,3861540,715100
Agu-2026,MAMU MAKASSAR,MERAH + RIB,MERAH + RIB XL,3243288,122,0,0,35755,4362110,3861540
Sep-2026,MAMU MAKASSAR,MERAH + RIB,MERAH + RIB XL,642583,97,0,0,35755,3468235,4362110
Okt-2026,MAMU MAKASSAR,MERAH + RIB,MERAH + RIB XL,0,97,0,0,35755,3468235,3468235
Jan-2026,MAMU MAKASSAR,NAVY + RIB,NAVY + RIB 2XL,72868,18,0,0,34393,619074,0
Feb-2026,MAMU MAKASSAR,NAVY + RIB,NAVY + RIB 2XL,72868,16,0,0,34393,550288,619074
Mar-2026,MAMU MAKASSAR,NAVY + RIB,NAVY + RIB 2XL,36434,25,0,0,34393,859825,550288
Apr-2026,MAMU MAKASSAR,NAVY + RIB,NAVY + RIB 2XL,284944,17,0,0,34393,584681,859825
Mei-2026,MAMU MAKASSAR,NAVY + RIB,NAVY + RIB 2XL,70555,33,0,0,34393,1134969,584681
Jun-2026,MAMU MAKASSAR,NAVY + RIB,NAVY + RIB 2XL,279496,25,0,0,34393,859825,1134969
Jul-2026,MAMU MAKASSAR,NAVY + RIB,NAVY + RIB 2XL,209622,29,0,0,34393,997397,859825
Agu-2026,MAMU MAKASSAR,NAVY + RIB,NAVY + RIB 2XL,148812,25,0,0,34393,859825,997397
Sep-2026,MAMU MAKASSAR,NAVY + RIB,NAVY + RIB 2XL,356805,28,0,0,34393,963004,859825
Okt-2026,MAMU MAKASSAR,NAVY + RIB,NAVY + RIB 2XL,237870,20,0,0,34393,687860,963004
Jan-2026,MAMU MAKASSAR,NAVY + RIB,NAVY + RIB 3XL,0,15,0,0,44433,666495,0
Feb-2026,MAMU MAKASSAR,NAVY + RIB,NAVY + RIB 3XL,0,15,0,0,44433,666495,666495
Mar-2026,MAMU MAKASSAR,NAVY + RIB,NAVY + RIB 3XL,46169,14,0,0,44433,622062,666495
Apr-2026,MAMU MAKASSAR,NAVY + RIB,NAVY + RIB 3XL,92338,12,0,0,44433,533196,622062
Mei-2026,MAMU MAKASSAR,NAVY + RIB,NAVY + RIB 3XL,46169,9,0,0,44433,399897,533196
Jun-2026,MAMU MAKASSAR,NAVY + RIB,NAVY + RIB 3XL,0,29,0,0,44433,1288557,399897
Jul-2026,MAMU MAKASSAR,NAVY + RIB,NAVY + RIB 3XL,44972,28,0,0,44433,1244124,1288557
Agu-2026,MAMU MAKASSAR,NAVY + RIB,NAVY + RIB 3XL,179888,27,0,0,44433,1199691,1244124
Sep-2026,MAMU MAKASSAR,NAVY + RIB,NAVY + RIB 3XL,134916,21,0,0,44433,933093,1199691
Okt-2026,MAMU MAKASSAR,NAVY + RIB,NAVY + RIB 3XL,89944,19,0,0,44433,844227,933093
Jan-2026,MAMU MAKASSAR,NAVY + RIB,NAVY + RIB L,562000,32,0,0,35115,1123680,0
Feb-2026,MAMU MAKASSAR,NAVY + RIB,NAVY + RIB L,316117,38,0,0,35115,1334370,1123680
Mar-2026,MAMU MAKASSAR,NAVY + RIB,NAVY + RIB L,280947,60,0,0,35115,2106900,1334370
Apr-2026,MAMU MAKASSAR,NAVY + RIB,NAVY + RIB L,1299356,68,0,0,35115,2387820,2106900
Mei-2026,MAMU MAKASSAR,NAVY + RIB,NAVY + RIB L,280928,58,0,0,35115,2036670,2387820
Jun-2026,MAMU MAKASSAR,NAVY + RIB,NAVY + RIB L,316044,49,0,0,35115,1720635,2036670
Jul-2026,MAMU MAKASSAR,NAVY + RIB,NAVY + RIB L,1971707,34,0,0,35115,1193910,1720635
Agu-2026,MAMU MAKASSAR,NAVY + RIB,NAVY + RIB L,1230396,31,0,0,35115,1088565,1193910
Sep-2026,MAMU MAKASSAR,NAVY + RIB,NAVY + RIB L,2677153,33,0,0,35115,1158795,1088565
Okt-2026,MAMU MAKASSAR,NAVY + RIB,NAVY + RIB L,1261420,24,0,0,35115,842760,1158795
Jan-2026,MAMU MAKASSAR,NAVY + RIB,NAVY + RIB M,492674,30,0,0,35191,1055730,0
Feb-2026,MAMU MAKASSAR,NAVY + RIB,NAVY + RIB M,281528,22,0,0,32964,725208,1055730
Mar-2026,MAMU MAKASSAR,NAVY + RIB,NAVY + RIB M,240016,30,0,0,32964,988920,725208
Apr-2026,MAMU MAKASSAR,NAVY + RIB,NAVY + RIB M,784652,36,0,0,32964,1186704,988920
Mei-2026,MAMU MAKASSAR,NAVY + RIB,NAVY + RIB M,331573,54,0,0,32964,1780056,1186704
Jun-2026,MAMU MAKASSAR,NAVY + RIB,NAVY + RIB M,364562,43,0,0,32964,1417452,1780056
Jul-2026,MAMU MAKASSAR,NAVY + RIB,NAVY + RIB M,1499316,58,0,0,32964,1911912,1417452
Agu-2026,MAMU MAKASSAR,NAVY + RIB,NAVY + RIB M,1111308,35,0,0,32964,1153740,1911912
Sep-2026,MAMU MAKASSAR,NAVY + RIB,NAVY + RIB M,912694,1,6,0,32964,230748,1153740
Okt-2026,MAMU MAKASSAR,NAVY + RIB,NAVY + RIB M,336948,22,6,0,32964,922992,230748
Jan-2026,MAMU MAKASSAR,NAVY + RIB,NAVY + RIB S,107529,15,0,0,34613,519195,0
Feb-2026,MAMU MAKASSAR,NAVY + RIB,NAVY + RIB S,35843,29,0,0,34613,1003777,519195
Mar-2026,MAMU MAKASSAR,NAVY + RIB,NAVY + RIB S,246449,22,0,0,34613,761486,1003777
Apr-2026,MAMU MAKASSAR,NAVY + RIB,NAVY + RIB S,105621,19,0,0,34613,657647,761486
Mei-2026,MAMU MAKASSAR,NAVY + RIB,NAVY + RIB S,70414,15,0,0,34613,519195,657647
Jun-2026,MAMU MAKASSAR,NAVY + RIB,NAVY + RIB S,139613,41,0,0,34613,1419133,519195
Jul-2026,MAMU MAKASSAR,NAVY + RIB,NAVY + RIB S,0,41,0,0,34613,1419133,1419133
Agu-2026,MAMU MAKASSAR,NAVY + RIB,NAVY + RIB S,452426,31,0,0,34613,1073003,1419133
Sep-2026,MAMU MAKASSAR,NAVY + RIB,NAVY + RIB S,278416,21,0,0,34613,726873,1073003
Okt-2026,MAMU MAKASSAR,NAVY + RIB,NAVY + RIB S,34802,29,0,0,34613,1003777,726873
Jan-2026,MAMU MAKASSAR,NAVY + RIB,NAVY + RIB XL,351160,34,0,0,35116,1193944,0
Feb-2026,MAMU MAKASSAR,NAVY + RIB,NAVY + RIB XL,210696,28,0,0,35116,983248,1193944
Mar-2026,MAMU MAKASSAR,NAVY + RIB,NAVY + RIB XL,210696,37,0,0,35116,1299292,983248
Apr-2026,MAMU MAKASSAR,NAVY + RIB,NAVY + RIB XL,948132,40,0,0,35116,1404640,1299292
Mei-2026,MAMU MAKASSAR,NAVY + RIB,NAVY + RIB XL,140464,65,0,0,35116,2282540,1404640
Jun-2026,MAMU MAKASSAR,NAVY + RIB,NAVY + RIB XL,175580,60,0,0,35116,2106960,2282540
Jul-2026,MAMU MAKASSAR,NAVY + RIB,NAVY + RIB XL,640072,63,0,0,35116,2212308,2106960
Agu-2026,MAMU MAKASSAR,NAVY + RIB,NAVY + RIB XL,320535,50,0,0,35116,1755800,2212308
Sep-2026,MAMU MAKASSAR,NAVY + RIB,NAVY + RIB XL,1308674,43,0,0,35116,1509988,1755800
Okt-2026,MAMU MAKASSAR,NAVY + RIB,NAVY + RIB XL,799920,20,0,0,35116,702320,1509988
Jan-2026,MAMU MAKASSAR,PUTIH + RIB,PUTIH + RIB 2XL,33154,34,0,0,35692,1213528,0
Feb-2026,MAMU MAKASSAR,PUTIH + RIB,PUTIH + RIB 2XL,0,34,0,0,35692,1213528,1213528
Mar-2026,MAMU MAKASSAR,PUTIH + RIB,PUTIH + RIB 2XL,66308,21,0,0,35692,749532,1213528
Apr-2026,MAMU MAKASSAR,PUTIH + RIB,PUTIH + RIB 2XL,364694,11,0,0,35692,392612,749532
Mei-2026,MAMU MAKASSAR,PUTIH + RIB,PUTIH + RIB 2XL,99462,2,0,0,35692,71384,392612
Jun-2026,MAMU MAKASSAR,PUTIH + RIB,PUTIH + RIB 2XL,364093,41,0,0,35692,1463372,71384
Jul-2026,MAMU MAKASSAR,PUTIH + RIB,PUTIH + RIB 2XL,426101,23,0,0,35692,820916,1463372
Agu-2026,MAMU MAKASSAR,PUTIH + RIB,PUTIH + RIB 2XL,680200,27,0,0,35692,963684,820916
Sep-2026,MAMU MAKASSAR,PUTIH + RIB,PUTIH + RIB 2XL,136588,10,0,0,35692,356920,963684
Okt-2026,MAMU MAKASSAR,PUTIH + RIB,PUTIH + RIB 2XL,416515,22,0,0,35692,785224,356920
Jan-2026,MAMU MAKASSAR,PUTIH + RIB,PUTIH + RIB 3XL,41016,22,0,0,40627,893794,0
Feb-2026,MAMU MAKASSAR,PUTIH + RIB,PUTIH + RIB 3XL,82032,20,0,0,40627,812540,893794
Mar-2026,MAMU MAKASSAR,PUTIH + RIB,PUTIH + RIB 3XL,0,5,0,0,40627,203135,812540
Apr-2026,MAMU MAKASSAR,PUTIH + RIB,PUTIH + RIB 3XL,0,5,0,0,40627,203135,203135
Mei-2026,MAMU MAKASSAR,PUTIH + RIB,PUTIH + RIB 3XL,41016,4,0,0,40627,162508,203135
Jun-2026,MAMU MAKASSAR,PUTIH + RIB,PUTIH + RIB 3XL,164064,0,0,0,40627,0,162508
Okt-2026,MAMU MAKASSAR,PUTIH + RIB,PUTIH + RIB 3XL,276420,9,0,0,40627,365643,0
Jan-2026,MAMU MAKASSAR,PUTIH + RIB,PUTIH + RIB L,195414,29,0,0,32169,932901,0
Feb-2026,MAMU MAKASSAR,PUTIH + RIB,PUTIH + RIB L,130276,25,0,0,32141,803525,932901
Mar-2026,MAMU MAKASSAR,PUTIH + RIB,PUTIH + RIB L,515680,103,0,0,32259,3322677,803525
Apr-2026,MAMU MAKASSAR,PUTIH + RIB,PUTIH + RIB L,1611500,35,0,0,32259,1129065,3322677
Mei-2026,MAMU MAKASSAR,PUTIH + RIB,PUTIH + RIB L,1020630,9,30,0,32259,1258101,1129065
Jun-2026,MAMU MAKASSAR,PUTIH + RIB,PUTIH + RIB L,627253,64,0,0,32259,2064576,1258101
Jul-2026,MAMU MAKASSAR,PUTIH + RIB,PUTIH + RIB L,981023,61,0,0,32259,1967799,2064576
Agu-2026,MAMU MAKASSAR,PUTIH + RIB,PUTIH + RIB L,1081776,100,0,0,32259,3225900,1967799
Sep-2026,MAMU MAKASSAR,PUTIH + RIB,PUTIH + RIB L,697920,70,0,0,32259,2258130,3225900
Okt-2026,MAMU MAKASSAR,PUTIH + RIB,PUTIH + RIB L,2130524,39,0,0,32259,1258101,2258130
Jan-2026,MAMU MAKASSAR,PUTIH + RIB,PUTIH + RIB M,260704,19,0,0,32474,617006,0
Feb-2026,MAMU MAKASSAR,PUTIH + RIB,PUTIH + RIB M,260527,26,0,0,32327,840502,617006
Mar-2026,MAMU MAKASSAR,PUTIH + RIB,PUTIH + RIB M,454370,27,0,0,32327,872829,840502
Apr-2026,MAMU MAKASSAR,PUTIH + RIB,PUTIH + RIB M,876285,3,0,0,32327,96981,872829
Mei-2026,MAMU MAKASSAR,PUTIH + RIB,PUTIH + RIB M,651722,10,0,0,32327,323270,96981
Jun-2026,MAMU MAKASSAR,PUTIH + RIB,PUTIH + RIB M,491997,75,0,0,32327,2424525,323270
Jul-2026,MAMU MAKASSAR,PUTIH + RIB,PUTIH + RIB M,748154,52,0,0,32327,1681004,2424525
Agu-2026,MAMU MAKASSAR,PUTIH + RIB,PUTIH + RIB M,956426,65,0,0,32327,2101255,1681004
Sep-2026,MAMU MAKASSAR,PUTIH + RIB,PUTIH + RIB M,480886,17,0,0,32327,549559,2101255
Okt-2026,MAMU MAKASSAR,PUTIH + RIB,PUTIH + RIB M,1631371,29,15,0,32327,1422388,549559
Jan-2026,MAMU MAKASSAR,PUTIH + RIB,PUTIH + RIB S,160225,20,0,0,32719,654380,0
Feb-2026,MAMU MAKASSAR,PUTIH + RIB,PUTIH + RIB S,64090,18,0,0,32719,588942,654380
Mar-2026,MAMU MAKASSAR,PUTIH + RIB,PUTIH + RIB S,224315,21,0,0,32719,687099,588942
Apr-2026,MAMU MAKASSAR,PUTIH + RIB,PUTIH + RIB S,323660,12,0,0,32719,392628,687099
Mei-2026,MAMU MAKASSAR,PUTIH + RIB,PUTIH + RIB S,358244,18,0,0,32719,588942,392628
Jun-2026,MAMU MAKASSAR,PUTIH + RIB,PUTIH + RIB S,228844,40,0,0,32719,1308760,588942
Jul-2026,MAMU MAKASSAR,PUTIH + RIB,PUTIH + RIB S,329156,53,0,0,32719,1734107,1308760
Agu-2026,MAMU MAKASSAR,PUTIH + RIB,PUTIH + RIB S,266384,53,0,0,32719,1734107,1734107
Sep-2026,MAMU MAKASSAR,PUTIH + RIB,PUTIH + RIB S,99894,49,0,0,32719,1603231,1734107
Okt-2026,MAMU MAKASSAR,PUTIH + RIB,PUTIH + RIB S,399576,37,0,0,32719,1210603,1603231
Jan-2026,MAMU MAKASSAR,PUTIH + RIB,PUTIH + RIB XL,197100,43,0,0,32650,1403950,0
Feb-2026,MAMU MAKASSAR,PUTIH + RIB,PUTIH + RIB XL,32850,42,0,0,32397,1360674,1403950
Mar-2026,MAMU MAKASSAR,PUTIH + RIB,PUTIH + RIB XL,197100,36,0,0,32397,1166292,1360674
Apr-2026,MAMU MAKASSAR,PUTIH + RIB,PUTIH + RIB XL,624150,2,0,0,32397,64794,1166292
Mei-2026,MAMU MAKASSAR,PUTIH + RIB,PUTIH + RIB XL,166714,20,0,0,32397,647940,64794
Jun-2026,MAMU MAKASSAR,PUTIH + RIB,PUTIH + RIB XL,463057,65,0,0,32397,2105805,647940
Jul-2026,MAMU MAKASSAR,PUTIH + RIB,PUTIH + RIB XL,585512,74,0,0,32397,2397378,2105805
Agu-2026,MAMU MAKASSAR,PUTIH + RIB,PUTIH + RIB XL,978496,92,0,0,32397,2980524,2397378
Sep-2026,MAMU MAKASSAR,PUTIH + RIB,PUTIH + RIB XL,628956,1,0,0,32397,32397,2980524
Okt-2026,MAMU MAKASSAR,PUTIH + RIB,PUTIH + RIB XL,1190804,57,0,0,32397,1846629,32397
Jan-2026,MAMU PALOPO,ABU TUA + RIB,ABU TUA + RIB 2XL,0,15,0,0,38070,571050,0
Feb-2026,MAMU PALOPO,ABU TUA + RIB,ABU TUA + RIB 2XL,0,15,0,0,38070,571050,571050
Mar-2026,MAMU PALOPO,ABU TUA + RIB,ABU TUA + RIB 2XL,0,15,0,0,38070,571050,571050
Apr-2026,MAMU PALOPO,ABU TUA + RIB,ABU TUA + RIB 2XL,0,15,0,0,38070,571050,571050
Mei-2026,MAMU PALOPO,ABU TUA + RIB,ABU TUA + RIB 2XL,0,15,0,0,38070,571050,571050
Jun-2026,MAMU PALOPO,ABU TUA + RIB,ABU TUA + RIB 2XL,44126,14,0,0,38070,532980,571050
Jul-2026,MAMU PALOPO,ABU TUA + RIB,ABU TUA + RIB 2XL,0,14,0,0,38070,532980,532980
Agu-2026,MAMU PALOPO,ABU TUA + RIB,ABU TUA + RIB 2XL,0,14,0,0,38070,532980,532980
Sep-2026,MAMU PALOPO,ABU TUA + RIB,ABU TUA + RIB 2XL,0,14,0,0,38070,532980,532980
Okt-2026,MAMU PALOPO,ABU TUA + RIB,ABU TUA + RIB 2XL,0,14,0,0,38070,532980,532980
Jan-2026,MAMU PALOPO,ABU TUA + RIB,ABU TUA + RIB 3XL,0,19,0,0,47562,903678,0
Feb-2026,MAMU PALOPO,ABU TUA + RIB,ABU TUA + RIB 3XL,0,19,0,0,47562,903678,903678
Mar-2026,MAMU PALOPO,ABU TUA + RIB,ABU TUA + RIB 3XL,0,19,0,0,47562,903678,903678
Apr-2026,MAMU PALOPO,ABU TUA + RIB,ABU TUA + RIB 3XL,0,19,0,0,47562,903678,903678
Mei-2026,MAMU PALOPO,ABU TUA + RIB,ABU TUA + RIB 3XL,0,19,0,0,47562,903678,903678
Jun-2026,MAMU PALOPO,ABU TUA + RIB,ABU TUA + RIB 3XL,0,19,0,0,47562,903678,903678
Jul-2026,MAMU PALOPO,ABU TUA + RIB,ABU TUA + RIB 3XL,0,19,0,0,47562,903678,903678
Agu-2026,MAMU PALOPO,ABU TUA + RIB,ABU TUA + RIB 3XL,0,19,0,0,47562,903678,903678
Sep-2026,MAMU PALOPO,ABU TUA + RIB,ABU TUA + RIB 3XL,46666,28,0,0,47562,1331736,903678
Okt-2026,MAMU PALOPO,ABU TUA + RIB,ABU TUA + RIB 3XL,0,28,0,0,47562,1331736,1331736
Jan-2026,MAMU PALOPO,ABU TUA + RIB,ABU TUA + RIB L,34916,20,0,0,35180,703600,0
Feb-2026,MAMU PALOPO,ABU TUA + RIB,ABU TUA + RIB L,0,20,0,0,35180,703600,703600
Mar-2026,MAMU PALOPO,ABU TUA + RIB,ABU TUA + RIB L,0,20,0,0,35180,703600,703600
Apr-2026,MAMU PALOPO,ABU TUA + RIB,ABU TUA + RIB L,34916,19,0,0,35180,668420,703600
Mei-2026,MAMU PALOPO,ABU TUA + RIB,ABU TUA + RIB L,0,19,0,0,35180,668420,668420
Jun-2026,MAMU PALOPO,ABU TUA + RIB,ABU TUA + RIB L,0,19,0,0,35180,668420,668420
Jul-2026,MAMU PALOPO,ABU TUA + RIB,ABU TUA + RIB L,0,19,0,0,35180,668420,668420
Agu-2026,MAMU PALOPO,ABU TUA + RIB,ABU TUA + RIB L,279328,11,15,0,35180,914680,668420
Sep-2026,MAMU PALOPO,ABU TUA + RIB,ABU TUA + RIB L,0,26,0,0,35180,914680,914680
Okt-2026,MAMU PALOPO,ABU TUA + RIB,ABU TUA + RIB L,0,26,0,0,35180,914680,914680
Jan-2026,MAMU PALOPO,ABU TUA + RIB,ABU TUA + RIB M,70480,22,0,0,35432,779504,0
Feb-2026,MAMU PALOPO,ABU TUA + RIB,ABU TUA + RIB M,0,22,0,0,35432,779504,779504
Mar-2026,MAMU PALOPO,ABU TUA + RIB,ABU TUA + RIB M,70480,20,0,0,35432,708640,779504
Apr-2026,MAMU PALOPO,ABU TUA + RIB,ABU TUA + RIB M,-35240,21,0,0,35432,744072,708640
Mei-2026,MAMU PALOPO,ABU TUA + RIB,ABU TUA + RIB M,0,21,0,0,35432,744072,744072
Jun-2026,MAMU PALOPO,ABU TUA + RIB,ABU TUA + RIB M,0,21,0,0,35432,744072,744072
Jul-2026,MAMU PALOPO,ABU TUA + RIB,ABU TUA + RIB M,0,21,0,0,35432,744072,744072
Agu-2026,MAMU PALOPO,ABU TUA + RIB,ABU TUA + RIB M,352400,11,0,0,35432,389752,744072
Sep-2026,MAMU PALOPO,ABU TUA + RIB,ABU TUA + RIB M,0,11,0,0,35432,389752,389752
Okt-2026,MAMU PALOPO,ABU TUA + RIB,ABU TUA + RIB M,0,26,0,0,35432,921232,389752
Jan-2026,MAMU PALOPO,ABU TUA + RIB,ABU TUA + RIB S,137156,26,0,0,35135,913510,0
Feb-2026,MAMU PALOPO,ABU TUA + RIB,ABU TUA + RIB S,0,26,0,0,35135,913510,913510
Mar-2026,MAMU PALOPO,ABU TUA + RIB,ABU TUA + RIB S,0,26,0,0,35135,913510,913510
Apr-2026,MAMU PALOPO,ABU TUA + RIB,ABU TUA + RIB S,0,26,0,0,35135,913510,913510
Mei-2026,MAMU PALOPO,ABU TUA + RIB,ABU TUA + RIB S,0,26,0,0,35135,913510,913510
Jun-2026,MAMU PALOPO,ABU TUA + RIB,ABU TUA + RIB S,0,26,0,0,35135,913510,913510
Jul-2026,MAMU PALOPO,ABU TUA + RIB,ABU TUA + RIB S,0,26,0,0,35135,913510,913510
Agu-2026,MAMU PALOPO,ABU TUA + RIB,ABU TUA + RIB S,34289,26,0,0,35135,913510,913510
Sep-2026,MAMU PALOPO,ABU TUA + RIB,ABU TUA + RIB S,0,25,0,0,35135,878375,913510
Okt-2026,MAMU PALOPO,ABU TUA + RIB,ABU TUA + RIB S,0,25,0,0,35135,878375,878375
Jan-2026,MAMU PALOPO,ABU TUA + RIB,ABU TUA + RIB XL,36303,28,0,0,35876,1004528,0
Feb-2026,MAMU PALOPO,ABU TUA + RIB,ABU TUA + RIB XL,0,28,0,0,35876,1004528,1004528
Mar-2026,MAMU PALOPO,ABU TUA + RIB,ABU TUA + RIB XL,0,28,0,0,35890,1004920,1004528
Apr-2026,MAMU PALOPO,ABU TUA + RIB,ABU TUA + RIB XL,0,28,0,0,35890,1004920,1004920
Mei-2026,MAMU PALOPO,ABU TUA + RIB,ABU TUA + RIB XL,0,28,0,0,35890,1004920,1004920
Jun-2026,MAMU PALOPO,ABU TUA + RIB,ABU TUA + RIB XL,0,28,0,0,35890,1004920,1004920
Jul-2026,MAMU PALOPO,ABU TUA + RIB,ABU TUA + RIB XL,0,28,0,0,35890,1004920,1004920
Agu-2026,MAMU PALOPO,ABU TUA + RIB,ABU TUA + RIB XL,254121,36,0,0,35890,1292040,1004920
Sep-2026,MAMU PALOPO,ABU TUA + RIB,ABU TUA + RIB XL,38591,35,0,0,35890,1256150,1292040
Okt-2026,MAMU PALOPO,ABU TUA + RIB,ABU TUA + RIB XL,77182,33,0,0,35890,1184370,1256150
Jan-2026,MAMU PALOPO,BENHUR + RIB,BENHUR + RIB 2XL,0,24,0,0,36563,877512,0
Feb-2026,MAMU PALOPO,BENHUR + RIB,BENHUR + RIB 2XL,0,24,0,0,36563,877512,877512
Mar-2026,MAMU PALOPO,BENHUR + RIB,BENHUR + RIB 2XL,0,24,0,0,36563,877512,877512
Apr-2026,MAMU PALOPO,BENHUR + RIB,BENHUR + RIB 2XL,0,24,0,0,36563,877512,877512
Mei-2026,MAMU PALOPO,BENHUR + RIB,BENHUR + RIB 2XL,0,24,0,0,36563,877512,877512
Jun-2026,MAMU PALOPO,BENHUR + RIB,BENHUR + RIB 2XL,0,24,0,0,36563,877512,877512
Jul-2026,MAMU PALOPO,BENHUR + RIB,BENHUR + RIB 2XL,0,24,0,0,36563,877512,877512
Agu-2026,MAMU PALOPO,BENHUR + RIB,BENHUR + RIB 2XL,40392,23,0,0,36563,840949,877512
Sep-2026,MAMU PALOPO,BENHUR + RIB,BENHUR + RIB 2XL,0,23,0,0,36563,840949,840949
Okt-2026,MAMU PALOPO,BENHUR + RIB,BENHUR + RIB 2XL,0,23,0,0,36563,840949,840949
Jan-2026,MAMU PALOPO,BENHUR + RIB,BENHUR + RIB 3XL,0,19,0,0,45841,870979,0
Feb-2026,MAMU PALOPO,BENHUR + RIB,BENHUR + RIB 3XL,0,19,0,0,45841,870979,870979
Mar-2026,MAMU PALOPO,BENHUR + RIB,BENHUR + RIB 3XL,0,19,0,0,45841,870979,870979
Apr-2026,MAMU PALOPO,BENHUR + RIB,BENHUR + RIB 3XL,0,19,0,0,45841,870979,870979
Mei-2026,MAMU PALOPO,BENHUR + RIB,BENHUR + RIB 3XL,0,19,0,0,45841,870979,870979
Jun-2026,MAMU PALOPO,BENHUR + RIB,BENHUR + RIB 3XL,0,19,0,0,45841,870979,870979
Jul-2026,MAMU PALOPO,BENHUR + RIB,BENHUR + RIB 3XL,0,19,0,0,45841,870979,870979
Agu-2026,MAMU PALOPO,BENHUR + RIB,BENHUR + RIB 3XL,0,19,0,0,45841,870979,870979
Sep-2026,MAMU PALOPO,BENHUR + RIB,BENHUR + RIB 3XL,0,19,0,0,45841,870979,870979
Okt-2026,MAMU PALOPO,BENHUR + RIB,BENHUR + RIB 3XL,0,19,0,0,45841,870979,870979
Jan-2026,MAMU PALOPO,BENHUR + RIB,BENHUR + RIB L,0,28,0,0,36209,1013852,0
Feb-2026,MAMU PALOPO,BENHUR + RIB,BENHUR + RIB L,0,28,0,0,36209,1013852,1013852
Mar-2026,MAMU PALOPO,BENHUR + RIB,BENHUR + RIB L,0,28,0,0,36209,1013852,1013852
Apr-2026,MAMU PALOPO,BENHUR + RIB,BENHUR + RIB L,0,28,0,0,36209,1013852,1013852
Mei-2026,MAMU PALOPO,BENHUR + RIB,BENHUR + RIB L,0,18,0,0,36209,651762,1013852
Jun-2026,MAMU PALOPO,BENHUR + RIB,BENHUR + RIB L,74542,31,0,0,36209,1122479,651762
Jul-2026,MAMU PALOPO,BENHUR + RIB,BENHUR + RIB L,0,46,0,0,36209,1665614,1122479
Agu-2026,MAMU PALOPO,BENHUR + RIB,BENHUR + RIB L,114564,43,0,0,36209,1556987,1665614
Sep-2026,MAMU PALOPO,BENHUR + RIB,BENHUR + RIB L,76376,56,0,0,36209,2027704,1556987
Okt-2026,MAMU PALOPO,BENHUR + RIB,BENHUR + RIB L,0,56,0,0,36209,2027704,2027704
Jan-2026,MAMU PALOPO,BENHUR + RIB,BENHUR + RIB M,0,33,0,0,35986,1187538,0
Feb-2026,MAMU PALOPO,BENHUR + RIB,BENHUR + RIB M,0,33,0,0,35986,1187538,1187538
Mar-2026,MAMU PALOPO,BENHUR + RIB,BENHUR + RIB M,0,33,0,0,35986,1187538,1187538
Apr-2026,MAMU PALOPO,BENHUR + RIB,BENHUR + RIB M,0,3,0,0,35986,107958,1187538
Mei-2026,MAMU PALOPO,BENHUR + RIB,BENHUR + RIB M,0,3,0,0,35986,107958,107958
Jun-2026,MAMU PALOPO,BENHUR + RIB,BENHUR + RIB M,0,33,0,0,35986,1187538,107958
Jul-2026,MAMU PALOPO,BENHUR + RIB,BENHUR + RIB M,0,33,0,0,35986,1187538,1187538
Agu-2026,MAMU PALOPO,BENHUR + RIB,BENHUR + RIB M,114423,30,0,0,35986,1079580,1187538
Sep-2026,MAMU PALOPO,BENHUR + RIB,BENHUR + RIB M,152564,26,0,0,35986,935636,1079580
Okt-2026,MAMU PALOPO,BENHUR + RIB,BENHUR + RIB M,0,26,0,0,35986,935636,935636
Jan-2026,MAMU PALOPO,BENHUR + RIB,BENHUR + RIB S,0,26,0,0,36137,939562,0
Feb-2026,MAMU PALOPO,BENHUR + RIB,BENHUR + RIB S,0,26,0,0,36137,939562,939562
Mar-2026,MAMU PALOPO,BENHUR + RIB,BENHUR + RIB S,0,26,0,0,36137,939562,939562
Apr-2026,MAMU PALOPO,BENHUR + RIB,BENHUR + RIB S,0,26,0,0,36137,939562,939562
Mei-2026,MAMU PALOPO,BENHUR + RIB,BENHUR + RIB S,0,26,0,0,36137,939562,939562
Jun-2026,MAMU PALOPO,BENHUR + RIB,BENHUR + RIB S,0,26,0,0,36137,939562,939562
Jul-2026,MAMU PALOPO,BENHUR + RIB,BENHUR + RIB S,0,26,0,0,36137,939562,939562
Agu-2026,MAMU PALOPO,BENHUR + RIB,BENHUR + RIB S,34964,25,0,0,36137,903425,939562
Sep-2026,MAMU PALOPO,BENHUR + RIB,BENHUR + RIB S,0,25,0,0,36137,903425,903425
Okt-2026,MAMU PALOPO,BENHUR + RIB,BENHUR + RIB S,0,25,0,0,36137,903425,903425
Jan-2026,MAMU PALOPO,BENHUR + RIB,BENHUR + RIB XL,37243,20,0,0,35965,719300,0
Feb-2026,MAMU PALOPO,BENHUR + RIB,BENHUR + RIB XL,0,20,0,0,35965,719300,719300
Mar-2026,MAMU PALOPO,BENHUR + RIB,BENHUR + RIB XL,0,20,0,0,35965,719300,719300
Apr-2026,MAMU PALOPO,BENHUR + RIB,BENHUR + RIB XL,0,20,0,0,35965,719300,719300
Mei-2026,MAMU PALOPO,BENHUR + RIB,BENHUR + RIB XL,0,10,0,0,35965,359650,719300
Jun-2026,MAMU PALOPO,BENHUR + RIB,BENHUR + RIB XL,0,25,0,0,35965,899125,359650
Jul-2026,MAMU PALOPO,BENHUR + RIB,BENHUR + RIB XL,0,25,0,0,35965,899125,899125
Agu-2026,MAMU PALOPO,BENHUR + RIB,BENHUR + RIB XL,158352,21,0,0,35965,755265,899125
Sep-2026,MAMU PALOPO,BENHUR + RIB,BENHUR + RIB XL,0,21,0,0,35965,755265,755265
Okt-2026,MAMU PALOPO,BENHUR + RIB,BENHUR + RIB XL,0,21,0,0,35965,755265,755265
Jan-2026,MAMU PALOPO,HITAM + RIB,HITAM + RIB 2XL,166304,19,0,0,40134,762546,0
Feb-2026,MAMU PALOPO,HITAM + RIB,HITAM + RIB 2XL,0,19,0,0,40134,762546,762546
Mar-2026,MAMU PALOPO,HITAM + RIB,HITAM + RIB 2XL,291032,12,0,0,40815,489780,762546
Apr-2026,MAMU PALOPO,HITAM + RIB,HITAM + RIB 2XL,41576,11,0,0,40815,448965,489780
Mei-2026,MAMU PALOPO,HITAM + RIB,HITAM + RIB 2XL,124728,8,10,0,40111,721998,448965
Jun-2026,MAMU PALOPO,HITAM + RIB,HITAM + RIB 2XL,232880,22,0,0,40111,882442,721998
Jul-2026,MAMU PALOPO,HITAM + RIB,HITAM + RIB 2XL,116637,22,0,0,40111,882442,882442
Agu-2026,MAMU PALOPO,HITAM + RIB,HITAM + RIB 2XL,272153,12,10,0,40111,882442,882442
Sep-2026,MAMU PALOPO,HITAM + RIB,HITAM + RIB 2XL,82598,20,0,0,40111,802220,882442
Okt-2026,MAMU PALOPO,HITAM + RIB,HITAM + RIB 2XL,0,20,0,0,40111,802220,802220
Jan-2026,MAMU PALOPO,HITAM + RIB,HITAM + RIB 3XL,0,41,0,0,45968,1884688,0
Feb-2026,MAMU PALOPO,HITAM + RIB,HITAM + RIB 3XL,46056,40,0,0,45968,1838720,1884688
Mar-2026,MAMU PALOPO,HITAM + RIB,HITAM + RIB 3XL,92112,38,0,0,45968,1746784,1838720
Apr-2026,MAMU PALOPO,HITAM + RIB,HITAM + RIB 3XL,0,38,0,0,45968,1746784,1746784
Mei-2026,MAMU PALOPO,HITAM + RIB,HITAM + RIB 3XL,46056,37,0,0,45968,1700816,1746784
Jun-2026,MAMU PALOPO,HITAM + RIB,HITAM + RIB 3XL,46056,36,0,0,45968,1654848,1700816
Jul-2026,MAMU PALOPO,HITAM + RIB,HITAM + RIB 3XL,0,36,0,0,45968,1654848,1654848
Agu-2026,MAMU PALOPO,HITAM + RIB,HITAM + RIB 3XL,186316,37,0,0,45968,1700816,1654848
Sep-2026,MAMU PALOPO,HITAM + RIB,HITAM + RIB 3XL,0,37,0,0,45968,1700816,1700816
Okt-2026,MAMU PALOPO,HITAM + RIB,HITAM + RIB 3XL,46579,36,0,0,45968,1654848,1700816
Jan-2026,MAMU PALOPO,HITAM + RIB,HITAM + RIB L,530010,55,0,0,35275,1940125,0
Feb-2026,MAMU PALOPO,HITAM + RIB,HITAM + RIB L,282672,47,0,0,35188,1653836,1940125
Mar-2026,MAMU PALOPO,HITAM + RIB,HITAM + RIB L,953778,36,0,0,35247,1268892,1653836
Apr-2026,MAMU PALOPO,HITAM + RIB,HITAM + RIB L,317580,103,0,0,35247,3630441,1268892
Mei-2026,MAMU PALOPO,HITAM + RIB,HITAM + RIB L,1444722,90,0,0,35046,3154140,3630441
Jun-2026,MAMU PALOPO,HITAM + RIB,HITAM + RIB L,422205,99,0,0,35046,3469554,3154140
Jul-2026,MAMU PALOPO,HITAM + RIB,HITAM + RIB L,281296,95,0,0,35046,3329370,3469554
Agu-2026,MAMU PALOPO,HITAM + RIB,HITAM + RIB L,703240,73,0,0,35046,2558358,3329370
Sep-2026,MAMU PALOPO,HITAM + RIB,HITAM + RIB L,246134,67,0,0,35046,2348082,2558358
Okt-2026,MAMU PALOPO,HITAM + RIB,HITAM + RIB L,492268,50,0,0,35046,1752300,2348082
Jan-2026,MAMU PALOPO,HITAM + RIB,HITAM + RIB M,420732,42,0,0,34868,1464456,0
Feb-2026,MAMU PALOPO,HITAM + RIB,HITAM + RIB M,70122,55,0,0,34868,1917740,1464456
Mar-2026,MAMU PALOPO,HITAM + RIB,HITAM + RIB M,490112,41,0,0,35204,1443364,1917740
Apr-2026,MAMU PALOPO,HITAM + RIB,HITAM + RIB M,70016,84,0,0,35204,2957136,1443364
Mei-2026,MAMU PALOPO,HITAM + RIB,HITAM + RIB M,667432,65,0,0,35089,2280785,2957136
Jun-2026,MAMU PALOPO,HITAM + RIB,HITAM + RIB M,491701,66,0,0,35089,2315874,2280785
Jul-2026,MAMU PALOPO,HITAM + RIB,HITAM + RIB M,175575,64,0,0,35089,2245696,2315874
Agu-2026,MAMU PALOPO,HITAM + RIB,HITAM + RIB M,351150,51,0,0,35089,1789539,2245696
Sep-2026,MAMU PALOPO,HITAM + RIB,HITAM + RIB M,175575,49,0,0,35089,1719361,1789539
Okt-2026,MAMU PALOPO,HITAM + RIB,HITAM + RIB M,70230,44,0,0,35089,1543916,1719361
Jan-2026,MAMU PALOPO,HITAM + RIB,HITAM + RIB S,71420,29,0,0,35285,1023265,0
Feb-2026,MAMU PALOPO,HITAM + RIB,HITAM + RIB S,0,29,0,0,35285,1023265,1023265
Mar-2026,MAMU PALOPO,HITAM + RIB,HITAM + RIB S,71420,27,0,0,35285,952695,1023265
Apr-2026,MAMU PALOPO,HITAM + RIB,HITAM + RIB S,35710,26,0,0,35285,917410,952695
Mei-2026,MAMU PALOPO,HITAM + RIB,HITAM + RIB S,107130,23,0,0,35285,811555,917410
Jun-2026,MAMU PALOPO,HITAM + RIB,HITAM + RIB S,107130,20,0,0,35285,705700,811555
Jul-2026,MAMU PALOPO,HITAM + RIB,HITAM + RIB S,71420,20,0,0,35285,705700,705700
Agu-2026,MAMU PALOPO,HITAM + RIB,HITAM + RIB S,181286,24,0,0,35285,846840,705700
Sep-2026,MAMU PALOPO,HITAM + RIB,HITAM + RIB S,111234,21,0,0,35285,740985,846840
Okt-2026,MAMU PALOPO,HITAM + RIB,HITAM + RIB S,0,20,0,0,35285,705700,740985
Jan-2026,MAMU PALOPO,HITAM + RIB,HITAM + RIB XL,107292,24,0,0,35151,843624,0
Feb-2026,MAMU PALOPO,HITAM + RIB,HITAM + RIB XL,71528,22,0,0,38857,854854,843624
Mar-2026,MAMU PALOPO,HITAM + RIB,HITAM + RIB XL,288302,29,0,0,38027,1102783,854854
Apr-2026,MAMU PALOPO,HITAM + RIB,HITAM + RIB XL,110577,41,0,0,38027,1559107,1102783
Mei-2026,MAMU PALOPO,HITAM + RIB,HITAM + RIB XL,656849,53,0,0,35999,1907947,1559107
Jun-2026,MAMU PALOPO,HITAM + RIB,HITAM + RIB XL,613182,66,0,0,35999,2375934,1907947
Jul-2026,MAMU PALOPO,HITAM + RIB,HITAM + RIB XL,0,66,0,0,35999,2375934,2375934
Agu-2026,MAMU PALOPO,HITAM + RIB,HITAM + RIB XL,430548,55,0,0,35999,1979945,2375934
Sep-2026,MAMU PALOPO,HITAM + RIB,HITAM + RIB XL,358790,52,0,0,35999,1871948,1979945
Okt-2026,MAMU PALOPO,HITAM + RIB,HITAM + RIB XL,143516,40,0,0,35999,1439960,1871948
Jan-2026,MAMU PALOPO,MAROON + RIB,MAROON + RIB 2XL,235608,32,0,0,41035,1313120,0
Feb-2026,MAMU PALOPO,MAROON + RIB,MAROON + RIB 2XL,0,32,0,0,41035,1313120,1313120
Mar-2026,MAMU PALOPO,MAROON + RIB,MAROON + RIB 2XL,0,32,0,0,41035,1313120,1313120
Apr-2026,MAMU PALOPO,MAROON + RIB,MAROON + RIB 2XL,78536,30,0,0,41035,1231050,1313120
Mei-2026,MAMU PALOPO,MAROON + RIB,MAROON + RIB 2XL,0,30,0,0,41035,1231050,1231050
Jun-2026,MAMU PALOPO,MAROON + RIB,MAROON + RIB 2XL,0,30,0,0,41035,1231050,1231050
Jul-2026,MAMU PALOPO,MAROON + RIB,MAROON + RIB 2XL,78536,30,0,0,41035,1231050,1231050
Agu-2026,MAMU PALOPO,MAROON + RIB,MAROON + RIB 2XL,196340,26,0,0,41035,1066910,1231050
Sep-2026,MAMU PALOPO,MAROON + RIB,MAROON + RIB 2XL,0,23,0,0,41035,943805,1066910
Okt-2026,MAMU PALOPO,MAROON + RIB,MAROON + RIB 2XL,0,23,0,0,41035,943805,943805
Jan-2026,MAMU PALOPO,MAROON + RIB,MAROON + RIB 3XL,47455,27,0,0,46390,1252530,0
Feb-2026,MAMU PALOPO,MAROON + RIB,MAROON + RIB 3XL,0,27,0,0,46390,1252530,1252530
Mar-2026,MAMU PALOPO,MAROON + RIB,MAROON + RIB 3XL,0,27,0,0,46390,1252530,1252530
Apr-2026,MAMU PALOPO,MAROON + RIB,MAROON + RIB 3XL,0,27,0,0,46390,1252530,1252530
Mei-2026,MAMU PALOPO,MAROON + RIB,MAROON + RIB 3XL,0,27,0,0,46390,1252530,1252530
Jun-2026,MAMU PALOPO,MAROON + RIB,MAROON + RIB 3XL,0,27,0,0,46390,1252530,1252530
Jul-2026,MAMU PALOPO,MAROON + RIB,MAROON + RIB 3XL,0,27,0,0,46390,1252530,1252530
Agu-2026,MAMU PALOPO,MAROON + RIB,MAROON + RIB 3XL,94910,25,0,0,46390,1159750,1252530
Sep-2026,MAMU PALOPO,MAROON + RIB,MAROON + RIB 3XL,0,35,0,0,46390,1623650,1159750
Okt-2026,MAMU PALOPO,MAROON + RIB,MAROON + RIB 3XL,0,35,0,0,46390,1623650,1623650
Jan-2026,MAMU PALOPO,MAROON + RIB,MAROON + RIB L,210384,39,0,0,35143,1370577,0
Feb-2026,MAMU PALOPO,MAROON + RIB,MAROON + RIB L,0,39,0,0,36130,1409070,1370577
Mar-2026,MAMU PALOPO,MAROON + RIB,MAROON + RIB L,0,39,0,0,36130,1409070,1409070
Apr-2026,MAMU PALOPO,MAROON + RIB,MAROON + RIB L,35064,38,0,0,36130,1372940,1409070
Mei-2026,MAMU PALOPO,MAROON + RIB,MAROON + RIB L,35064,37,0,0,36130,1336810,1372940
Jun-2026,MAMU PALOPO,MAROON + RIB,MAROON + RIB L,35064,36,0,0,36130,1300680,1336810
Jul-2026,MAMU PALOPO,MAROON + RIB,MAROON + RIB L,140256,35,0,0,36130,1264550,1300680
Agu-2026,MAMU PALOPO,MAROON + RIB,MAROON + RIB L,841536,22,0,0,36130,794860,1264550
Sep-2026,MAMU PALOPO,MAROON + RIB,MAROON + RIB L,0,15,0,0,36130,541950,794860
Okt-2026,MAMU PALOPO,MAROON + RIB,MAROON + RIB L,0,15,0,0,36130,541950,541950
Jan-2026,MAMU PALOPO,MAROON + RIB,MAROON + RIB M,105255,15,0,0,35662,534930,0
Feb-2026,MAMU PALOPO,MAROON + RIB,MAROON + RIB M,35085,28,0,0,35662,998536,534930
Mar-2026,MAMU PALOPO,MAROON + RIB,MAROON + RIB M,0,28,0,0,35662,998536,998536
Apr-2026,MAMU PALOPO,MAROON + RIB,MAROON + RIB M,35394,27,0,0,35662,962874,998536
Mei-2026,MAMU PALOPO,MAROON + RIB,MAROON + RIB M,0,27,0,0,35662,962874,962874
Jun-2026,MAMU PALOPO,MAROON + RIB,MAROON + RIB M,0,27,0,0,35662,962874,962874
Jul-2026,MAMU PALOPO,MAROON + RIB,MAROON + RIB M,0,27,0,0,35662,962874,962874
Agu-2026,MAMU PALOPO,MAROON + RIB,MAROON + RIB M,424728,23,0,0,35662,820226,962874
Sep-2026,MAMU PALOPO,MAROON + RIB,MAROON + RIB M,36378,28,0,0,35662,998536,820226
Okt-2026,MAMU PALOPO,MAROON + RIB,MAROON + RIB M,0,28,0,0,35662,998536,998536
Jan-2026,MAMU PALOPO,MAROON + RIB,MAROON + RIB S,0,60,0,0,35425,2125500,0
Feb-2026,MAMU PALOPO,MAROON + RIB,MAROON + RIB S,0,60,0,0,35425,2125500,2125500
Mar-2026,MAMU PALOPO,MAROON + RIB,MAROON + RIB S,0,60,0,0,35425,2125500,2125500
Apr-2026,MAMU PALOPO,MAROON + RIB,MAROON + RIB S,0,60,0,0,35425,2125500,2125500
Mei-2026,MAMU PALOPO,MAROON + RIB,MAROON + RIB S,0,60,0,0,35425,2125500,2125500
Jun-2026,MAMU PALOPO,MAROON + RIB,MAROON + RIB S,0,60,0,0,35425,2125500,2125500
Jul-2026,MAMU PALOPO,MAROON + RIB,MAROON + RIB S,35687,60,0,0,35425,2125500,2125500
Agu-2026,MAMU PALOPO,MAROON + RIB,MAROON + RIB S,71374,58,0,0,35425,2054650,2125500
Sep-2026,MAMU PALOPO,MAROON + RIB,MAROON + RIB S,0,57,0,0,35425,2019225,2054650
Okt-2026,MAMU PALOPO,MAROON + RIB,MAROON + RIB S,0,57,0,0,35425,2019225,2019225
Jan-2026,MAMU PALOPO,MAROON + RIB,MAROON + RIB XL,409308,32,0,0,37999,1215968,0
Feb-2026,MAMU PALOPO,MAROON + RIB,MAROON + RIB XL,34109,31,0,0,37999,1177969,1215968
Mar-2026,MAMU PALOPO,MAROON + RIB,MAROON + RIB XL,0,31,0,0,37999,1177969,1177969
Apr-2026,MAMU PALOPO,MAROON + RIB,MAROON + RIB XL,0,31,0,0,37999,1177969,1177969
Mei-2026,MAMU PALOPO,MAROON + RIB,MAROON + RIB XL,0,64,0,0,37999,2431936,1177969
Jun-2026,MAMU PALOPO,MAROON + RIB,MAROON + RIB XL,0,64,0,0,37999,2431936,2431936
Jul-2026,MAMU PALOPO,MAROON + RIB,MAROON + RIB XL,0,64,0,0,37999,2431936,2431936
Agu-2026,MAMU PALOPO,MAROON + RIB,MAROON + RIB XL,671472,76,0,0,37999,2887924,2431936
Sep-2026,MAMU PALOPO,MAROON + RIB,MAROON + RIB XL,0,61,0,0,37999,2317939,2887924
Okt-2026,MAMU PALOPO,MAROON + RIB,MAROON + RIB XL,0,61,0,0,37999,2317939,2317939
Jan-2026,MAMU PALOPO,MERAH + RIB,MERAH + RIB 2XL,36248,59,0,0,36757,2168663,0
Feb-2026,MAMU PALOPO,MERAH + RIB,MERAH + RIB 2XL,0,59,0,0,36757,2168663,2168663
Mar-2026,MAMU PALOPO,MERAH + RIB,MERAH + RIB 2XL,0,59,0,0,36757,2168663,2168663
Apr-2026,MAMU PALOPO,MERAH + RIB,MERAH + RIB 2XL,0,59,0,0,36757,2168663,2168663
Mei-2026,MAMU PALOPO,MERAH + RIB,MERAH + RIB 2XL,0,59,0,0,36757,2168663,2168663
Jun-2026,MAMU PALOPO,MERAH + RIB,MERAH + RIB 2XL,0,59,0,0,36757,2168663,2168663
Jul-2026,MAMU PALOPO,MERAH + RIB,MERAH + RIB 2XL,36248,59,0,0,36757,2168663,2168663
Agu-2026,MAMU PALOPO,MERAH + RIB,MERAH + RIB 2XL,253736,53,0,0,36757,1948121,2168663
Sep-2026,MAMU PALOPO,MERAH + RIB,MERAH + RIB 2XL,0,71,0,0,36757,2609747,1948121
Okt-2026,MAMU PALOPO,MERAH + RIB,MERAH + RIB 2XL,0,71,0,0,36757,2609747,2609747
Jan-2026,MAMU PALOPO,MERAH + RIB,MERAH + RIB 3XL,0,23,0,0,45193,1039439,0
Feb-2026,MAMU PALOPO,MERAH + RIB,MERAH + RIB 3XL,0,23,0,0,45193,1039439,1039439
Mar-2026,MAMU PALOPO,MERAH + RIB,MERAH + RIB 3XL,0,23,0,0,45193,1039439,1039439
Apr-2026,MAMU PALOPO,MERAH + RIB,MERAH + RIB 3XL,0,23,0,0,45193,1039439,1039439
Mei-2026,MAMU PALOPO,MERAH + RIB,MERAH + RIB 3XL,0,23,0,0,45193,1039439,1039439
Jun-2026,MAMU PALOPO,MERAH + RIB,MERAH + RIB 3XL,0,23,0,0,45193,1039439,1039439
Jul-2026,MAMU PALOPO,MERAH + RIB,MERAH + RIB 3XL,45711,23,0,0,45193,1039439,1039439
Agu-2026,MAMU PALOPO,MERAH + RIB,MERAH + RIB 3XL,91422,20,0,0,45193,903860,1039439
Sep-2026,MAMU PALOPO,MERAH + RIB,MERAH + RIB 3XL,0,25,0,0,45193,1129825,903860
Okt-2026,MAMU PALOPO,MERAH + RIB,MERAH + RIB 3XL,0,25,0,0,45193,1129825,1129825
Jan-2026,MAMU PALOPO,MERAH + RIB,MERAH + RIB L,71516,32,0,0,35755,1144160,0
Feb-2026,MAMU PALOPO,MERAH + RIB,MERAH + RIB L,35757,31,0,0,35755,1108405,1144160
Mar-2026,MAMU PALOPO,MERAH + RIB,MERAH + RIB L,0,31,0,0,35755,1108405,1108405
Apr-2026,MAMU PALOPO,MERAH + RIB,MERAH + RIB L,0,31,0,0,35755,1108405,1108405
Mei-2026,MAMU PALOPO,MERAH + RIB,MERAH + RIB L,107271,28,0,0,35755,1001140,1108405
Jun-2026,MAMU PALOPO,MERAH + RIB,MERAH + RIB L,0,28,0,0,35755,1001140,1001140
Jul-2026,MAMU PALOPO,MERAH + RIB,MERAH + RIB L,500598,27,0,0,35755,965385,1001140
Agu-2026,MAMU PALOPO,MERAH + RIB,MERAH + RIB L,1352704,12,30,0,35755,1501710,965385
Sep-2026,MAMU PALOPO,MERAH + RIB,MERAH + RIB L,0,68,0,0,35755,2431340,1501710
Okt-2026,MAMU PALOPO,MERAH + RIB,MERAH + RIB L,0,68,0,0,35755,2431340,2431340
Jan-2026,MAMU PALOPO,MERAH + RIB,MERAH + RIB M,0,37,0,0,35755,1322935,0
Feb-2026,MAMU PALOPO,MERAH + RIB,MERAH + RIB M,0,37,0,0,35755,1322935,1322935
Mar-2026,MAMU PALOPO,MERAH + RIB,MERAH + RIB M,0,37,0,0,35755,1322935,1322935
Apr-2026,MAMU PALOPO,MERAH + RIB,MERAH + RIB M,0,37,0,0,35755,1322935,1322935
Mei-2026,MAMU PALOPO,MERAH + RIB,MERAH + RIB M,35339,36,0,0,35755,1287180,1322935
Jun-2026,MAMU PALOPO,MERAH + RIB,MERAH + RIB M,35339,35,0,0,35755,1251425,1287180
Jul-2026,MAMU PALOPO,MERAH + RIB,MERAH + RIB M,247373,33,0,0,35755,1179915,1251425
Agu-2026,MAMU PALOPO,MERAH + RIB,MERAH + RIB M,1072366,2,15,0,35755,607835,1179915
Sep-2026,MAMU PALOPO,MERAH + RIB,MERAH + RIB M,77408,56,0,0,35755,2002280,607835
Okt-2026,MAMU PALOPO,MERAH + RIB,MERAH + RIB M,0,56,0,0,35755,2002280,2002280
Jan-2026,MAMU PALOPO,MERAH + RIB,MERAH + RIB S,0,27,0,0,35972,971244,0
Feb-2026,MAMU PALOPO,MERAH + RIB,MERAH + RIB S,0,27,0,0,35972,971244,971244
Mar-2026,MAMU PALOPO,MERAH + RIB,MERAH + RIB S,0,27,0,0,35972,971244,971244
Apr-2026,MAMU PALOPO,MERAH + RIB,MERAH + RIB S,0,27,0,0,35972,971244,971244
Mei-2026,MAMU PALOPO,MERAH + RIB,MERAH + RIB S,0,27,0,0,35972,971244,971244
Jun-2026,MAMU PALOPO,MERAH + RIB,MERAH + RIB S,0,27,0,0,35972,971244,971244
Jul-2026,MAMU PALOPO,MERAH + RIB,MERAH + RIB S,35846,26,0,0,35972,935272,971244
Agu-2026,MAMU PALOPO,MERAH + RIB,MERAH + RIB S,573536,9,0,0,35972,323748,935272
Sep-2026,MAMU PALOPO,MERAH + RIB,MERAH + RIB S,0,19,0,0,35972,683468,323748
Okt-2026,MAMU PALOPO,MERAH + RIB,MERAH + RIB S,0,19,0,0,35972,683468,683468
Jan-2026,MAMU PALOPO,MERAH + RIB,MERAH + RIB XL,0,18,0,0,35755,643590,0
Feb-2026,MAMU PALOPO,MERAH + RIB,MERAH + RIB XL,0,18,0,0,35755,643590,643590
Mar-2026,MAMU PALOPO,MERAH + RIB,MERAH + RIB XL,0,18,0,0,35755,643590,643590
Apr-2026,MAMU PALOPO,MERAH + RIB,MERAH + RIB XL,0,18,0,0,35755,643590,643590
Mei-2026,MAMU PALOPO,MERAH + RIB,MERAH + RIB XL,0,18,0,0,35755,643590,643590
Jun-2026,MAMU PALOPO,MERAH + RIB,MERAH + RIB XL,35295,17,0,0,35755,607835,643590
Jul-2026,MAMU PALOPO,MERAH + RIB,MERAH + RIB XL,217194,60,0,0,35755,2145300,607835
Agu-2026,MAMU PALOPO,MERAH + RIB,MERAH + RIB XL,1007493,94,0,0,35755,3360970,2145300
Sep-2026,MAMU PALOPO,MERAH + RIB,MERAH + RIB XL,37882,103,0,0,35755,3682765,3360970
Okt-2026,MAMU PALOPO,MERAH + RIB,MERAH + RIB XL,0,103,0,0,35755,3682765,3682765
Jan-2026,MAMU PALOPO,NAVY + RIB,NAVY + RIB 2XL,0,48,0,0,34393,1650864,0
Feb-2026,MAMU PALOPO,NAVY + RIB,NAVY + RIB 2XL,113580,45,0,0,34393,1547685,1650864
Mar-2026,MAMU PALOPO,NAVY + RIB,NAVY + RIB 2XL,37860,44,0,0,34393,1513292,1547685
Apr-2026,MAMU PALOPO,NAVY + RIB,NAVY + RIB 2XL,0,44,0,0,34393,1513292,1513292
Mei-2026,MAMU PALOPO,NAVY + RIB,NAVY + RIB 2XL,0,44,0,0,34393,1513292,1513292
Jun-2026,MAMU PALOPO,NAVY + RIB,NAVY + RIB 2XL,37860,43,0,0,34393,1478899,1513292
Jul-2026,MAMU PALOPO,NAVY + RIB,NAVY + RIB 2XL,0,43,0,0,34393,1478899,1478899
Agu-2026,MAMU PALOPO,NAVY + RIB,NAVY + RIB 2XL,195510,49,0,0,34393,1685257,1478899
Sep-2026,MAMU PALOPO,NAVY + RIB,NAVY + RIB 2XL,0,48,0,0,34393,1650864,1685257
Okt-2026,MAMU PALOPO,NAVY + RIB,NAVY + RIB 2XL,0,48,0,0,34393,1650864,1650864
Jan-2026,MAMU PALOPO,NAVY + RIB,NAVY + RIB 3XL,0,15,0,0,44433,666495,0
Feb-2026,MAMU PALOPO,NAVY + RIB,NAVY + RIB 3XL,0,15,0,0,44433,666495,666495
Mar-2026,MAMU PALOPO,NAVY + RIB,NAVY + RIB 3XL,0,15,0,0,44433,666495,666495
Apr-2026,MAMU PALOPO,NAVY + RIB,NAVY + RIB 3XL,0,15,0,0,44433,666495,666495
Mei-2026,MAMU PALOPO,NAVY + RIB,NAVY + RIB 3XL,0,15,0,0,44433,666495,666495
Jun-2026,MAMU PALOPO,NAVY + RIB,NAVY + RIB 3XL,0,15,0,0,44433,666495,666495
Jul-2026,MAMU PALOPO,NAVY + RIB,NAVY + RIB 3XL,0,15,0,0,44433,666495,666495
Agu-2026,MAMU PALOPO,NAVY + RIB,NAVY + RIB 3XL,46821,14,0,0,44433,622062,666495
Sep-2026,MAMU PALOPO,NAVY + RIB,NAVY + RIB 3XL,0,14,0,0,44433,622062,622062
Okt-2026,MAMU PALOPO,NAVY + RIB,NAVY + RIB 3XL,0,14,0,0,44433,622062,622062
Jan-2026,MAMU PALOPO,NAVY + RIB,NAVY + RIB L,0,47,0,0,35115,1650405,0
Feb-2026,MAMU PALOPO,NAVY + RIB,NAVY + RIB L,562096,31,0,0,35115,1088565,1650405
Mar-2026,MAMU PALOPO,NAVY + RIB,NAVY + RIB L,35131,30,0,0,35115,1053450,1088565
Apr-2026,MAMU PALOPO,NAVY + RIB,NAVY + RIB L,35131,29,0,0,35115,1018335,1053450
Mei-2026,MAMU PALOPO,NAVY + RIB,NAVY + RIB L,35131,58,0,0,35115,2036670,1018335
Jun-2026,MAMU PALOPO,NAVY + RIB,NAVY + RIB L,0,58,0,0,35115,2036670,2036670
Jul-2026,MAMU PALOPO,NAVY + RIB,NAVY + RIB L,35123,58,0,0,35115,2036670,2036670
Agu-2026,MAMU PALOPO,NAVY + RIB,NAVY + RIB L,526845,43,0,0,35115,1509945,2036670
Sep-2026,MAMU PALOPO,NAVY + RIB,NAVY + RIB L,35123,41,0,0,35115,1439715,1509945
Okt-2026,MAMU PALOPO,NAVY + RIB,NAVY + RIB L,70246,39,0,0,35115,1369485,1439715
Jan-2026,MAMU PALOPO,NAVY + RIB,NAVY + RIB M,36443,63,0,0,35191,2217033,0
Feb-2026,MAMU PALOPO,NAVY + RIB,NAVY + RIB M,218658,57,0,0,32964,1878948,2217033
Mar-2026,MAMU PALOPO,NAVY + RIB,NAVY + RIB M,36443,56,0,0,32964,1845984,1878948
Apr-2026,MAMU PALOPO,NAVY + RIB,NAVY + RIB M,0,56,0,0,32964,1845984,1845984
Mei-2026,MAMU PALOPO,NAVY + RIB,NAVY + RIB M,0,56,0,0,32964,1845984,1845984
Jun-2026,MAMU PALOPO,NAVY + RIB,NAVY + RIB M,36443,55,0,0,32964,1813020,1845984
Jul-2026,MAMU PALOPO,NAVY + RIB,NAVY + RIB M,0,57,0,0,32964,1878948,1813020
Agu-2026,MAMU PALOPO,NAVY + RIB,NAVY + RIB M,290800,49,0,0,32964,1615236,1878948
Sep-2026,MAMU PALOPO,NAVY + RIB,NAVY + RIB M,0,49,0,0,32964,1615236,1615236
Okt-2026,MAMU PALOPO,NAVY + RIB,NAVY + RIB M,0,49,0,0,32964,1615236,1615236
Jan-2026,MAMU PALOPO,NAVY + RIB,NAVY + RIB S,0,46,0,0,34613,1592198,0
Feb-2026,MAMU PALOPO,NAVY + RIB,NAVY + RIB S,0,46,0,0,34613,1592198,1592198
Mar-2026,MAMU PALOPO,NAVY + RIB,NAVY + RIB S,0,46,0,0,34613,1592198,1592198
Apr-2026,MAMU PALOPO,NAVY + RIB,NAVY + RIB S,0,46,0,0,34613,1592198,1592198
Mei-2026,MAMU PALOPO,NAVY + RIB,NAVY + RIB S,0,46,0,0,34613,1592198,1592198
Jun-2026,MAMU PALOPO,NAVY + RIB,NAVY + RIB S,0,46,0,0,34613,1592198,1592198
Jul-2026,MAMU PALOPO,NAVY + RIB,NAVY + RIB S,0,46,0,0,34613,1592198,1592198
Agu-2026,MAMU PALOPO,NAVY + RIB,NAVY + RIB S,35010,45,0,0,34613,1557585,1592198
Sep-2026,MAMU PALOPO,NAVY + RIB,NAVY + RIB S,0,45,0,0,34613,1557585,1557585
Okt-2026,MAMU PALOPO,NAVY + RIB,NAVY + RIB S,0,45,0,0,34613,1557585,1557585
Jan-2026,MAMU PALOPO,NAVY + RIB,NAVY + RIB XL,35183,44,0,0,35116,1545104,0
Feb-2026,MAMU PALOPO,NAVY + RIB,NAVY + RIB XL,387013,33,0,0,35116,1158828,1545104
Mar-2026,MAMU PALOPO,NAVY + RIB,NAVY + RIB XL,35183,32,0,0,35116,1123712,1158828
Apr-2026,MAMU PALOPO,NAVY + RIB,NAVY + RIB XL,0,32,0,0,35116,1123712,1123712
Mei-2026,MAMU PALOPO,NAVY + RIB,NAVY + RIB XL,35183,31,0,0,35116,1088596,1123712
Jun-2026,MAMU PALOPO,NAVY + RIB,NAVY + RIB XL,0,31,0,0,35116,1088596,1088596
Jul-2026,MAMU PALOPO,NAVY + RIB,NAVY + RIB XL,0,31,0,0,35116,1088596,1088596
Agu-2026,MAMU PALOPO,NAVY + RIB,NAVY + RIB XL,140732,27,0,0,35116,948132,1088596
Sep-2026,MAMU PALOPO,NAVY + RIB,NAVY + RIB XL,0,27,0,0,35116,948132,948132
Okt-2026,MAMU PALOPO,NAVY + RIB,NAVY + RIB XL,35183,26,0,0,35116,913016,948132
Jan-2026,MAMU PALOPO,PUTIH + RIB,PUTIH + RIB 2XL,0,41,0,0,35692,1463372,0
Feb-2026,MAMU PALOPO,PUTIH + RIB,PUTIH + RIB 2XL,0,41,0,0,35692,1463372,1463372
Mar-2026,MAMU PALOPO,PUTIH + RIB,PUTIH + RIB 2XL,0,41,0,0,35692,1463372,1463372
Apr-2026,MAMU PALOPO,PUTIH + RIB,PUTIH + RIB 2XL,0,41,0,0,35692,1463372,1463372
Mei-2026,MAMU PALOPO,PUTIH + RIB,PUTIH + RIB 2XL,0,41,0,0,35692,1463372,1463372
Jun-2026,MAMU PALOPO,PUTIH + RIB,PUTIH + RIB 2XL,0,41,0,0,35692,1463372,1463372
Jul-2026,MAMU PALOPO,PUTIH + RIB,PUTIH + RIB 2XL,0,41,0,0,35692,1463372,1463372
Agu-2026,MAMU PALOPO,PUTIH + RIB,PUTIH + RIB 2XL,220692,35,0,0,35692,1249220,1463372
Sep-2026,MAMU PALOPO,PUTIH + RIB,PUTIH + RIB 2XL,0,35,0,0,35692,1249220,1249220
Okt-2026,MAMU PALOPO,PUTIH + RIB,PUTIH + RIB 2XL,36782,34,0,0,35692,1213528,1249220
Jan-2026,MAMU PALOPO,PUTIH + RIB,PUTIH + RIB 3XL,0,12,0,0,40627,487524,0
Feb-2026,MAMU PALOPO,PUTIH + RIB,PUTIH + RIB 3XL,0,12,0,0,40627,487524,487524
Mar-2026,MAMU PALOPO,PUTIH + RIB,PUTIH + RIB 3XL,0,12,0,0,40627,487524,487524
Apr-2026,MAMU PALOPO,PUTIH + RIB,PUTIH + RIB 3XL,0,12,0,0,40627,487524,487524
Mei-2026,MAMU PALOPO,PUTIH + RIB,PUTIH + RIB 3XL,0,12,0,0,40627,487524,487524
Jun-2026,MAMU PALOPO,PUTIH + RIB,PUTIH + RIB 3XL,0,12,0,0,40627,487524,487524
Jul-2026,MAMU PALOPO,PUTIH + RIB,PUTIH + RIB 3XL,0,12,0,0,40627,487524,487524
Agu-2026,MAMU PALOPO,PUTIH + RIB,PUTIH + RIB 3XL,0,12,0,0,40627,487524,487524
Sep-2026,MAMU PALOPO,PUTIH + RIB,PUTIH + RIB 3XL,0,12,0,0,40627,487524,487524
Okt-2026,MAMU PALOPO,PUTIH + RIB,PUTIH + RIB 3XL,41755,11,0,0,40627,446897,487524
Jan-2026,MAMU PALOPO,PUTIH + RIB,PUTIH + RIB L,32455,27,0,0,32169,868563,0
Feb-2026,MAMU PALOPO,PUTIH + RIB,PUTIH + RIB L,389460,29,0,0,32141,932089,868563
Mar-2026,MAMU PALOPO,PUTIH + RIB,PUTIH + RIB L,64586,28,0,0,32259,903252,932089
Apr-2026,MAMU PALOPO,PUTIH + RIB,PUTIH + RIB L,64586,25,0,0,32259,806475,903252
Mei-2026,MAMU PALOPO,PUTIH + RIB,PUTIH + RIB L,292773,63,0,0,32259,2032317,806475
Jun-2026,MAMU PALOPO,PUTIH + RIB,PUTIH + RIB L,132020,57,0,0,32259,1838763,2032317
Jul-2026,MAMU PALOPO,PUTIH + RIB,PUTIH + RIB L,66010,55,0,0,32259,1774245,1838763
Agu-2026,MAMU PALOPO,PUTIH + RIB,PUTIH + RIB L,614565,82,0,0,32259,2645238,1774245
Sep-2026,MAMU PALOPO,PUTIH + RIB,PUTIH + RIB L,309330,82,0,0,32259,2645238,2645238
Okt-2026,MAMU PALOPO,PUTIH + RIB,PUTIH + RIB L,687400,53,0,0,32259,1709727,2645238
Jan-2026,MAMU PALOPO,PUTIH + RIB,PUTIH + RIB M,0,22,0,0,32474,714428,0
Feb-2026,MAMU PALOPO,PUTIH + RIB,PUTIH + RIB M,230580,30,0,0,32327,969810,714428
Mar-2026,MAMU PALOPO,PUTIH + RIB,PUTIH + RIB M,0,30,0,0,32327,969810,969810
Apr-2026,MAMU PALOPO,PUTIH + RIB,PUTIH + RIB M,0,30,0,0,32327,969810,969810
Mei-2026,MAMU PALOPO,PUTIH + RIB,PUTIH + RIB M,621433,60,0,0,32327,1939620,969810
Jun-2026,MAMU PALOPO,PUTIH + RIB,PUTIH + RIB M,33280,59,0,0,32327,1907293,1939620
Jul-2026,MAMU PALOPO,PUTIH + RIB,PUTIH + RIB M,33280,58,0,0,32327,1874966,1907293
Agu-2026,MAMU PALOPO,PUTIH + RIB,PUTIH + RIB M,166400,54,0,0,32327,1745658,1874966
Sep-2026,MAMU PALOPO,PUTIH + RIB,PUTIH + RIB M,299520,51,0,0,32327,1648677,1745658
Okt-2026,MAMU PALOPO,PUTIH + RIB,PUTIH + RIB M,632320,24,0,0,32327,775848,1648677
Jan-2026,MAMU PALOPO,PUTIH + RIB,PUTIH + RIB S,0,35,0,0,32719,1145165,0
Feb-2026,MAMU PALOPO,PUTIH + RIB,PUTIH + RIB S,0,35,0,0,32719,1145165,1145165
Mar-2026,MAMU PALOPO,PUTIH + RIB,PUTIH + RIB S,65544,33,0,0,32719,1079727,1145165
Apr-2026,MAMU PALOPO,PUTIH + RIB,PUTIH + RIB S,65544,31,0,0,32719,1014289,1079727
Mei-2026,MAMU PALOPO,PUTIH + RIB,PUTIH + RIB S,32772,30,0,0,32719,981570,1014289
Jun-2026,MAMU PALOPO,PUTIH + RIB,PUTIH + RIB S,98316,27,0,0,32719,883413,981570
Jul-2026,MAMU PALOPO,PUTIH + RIB,PUTIH + RIB S,65544,25,0,0,32719,817975,883413
Agu-2026,MAMU PALOPO,PUTIH + RIB,PUTIH + RIB S,98316,24,0,0,32719,785256,817975
Sep-2026,MAMU PALOPO,PUTIH + RIB,PUTIH + RIB S,0,42,0,0,32719,1374198,785256
Okt-2026,MAMU PALOPO,PUTIH + RIB,PUTIH + RIB S,33979,41,0,0,32719,1341479,1374198
Jan-2026,MAMU PALOPO,PUTIH + RIB,PUTIH + RIB XL,67980,46,0,0,32650,1501900,0
Feb-2026,MAMU PALOPO,PUTIH + RIB,PUTIH + RIB XL,135960,42,0,0,32397,1360674,1501900
Mar-2026,MAMU PALOPO,PUTIH + RIB,PUTIH + RIB XL,0,42,0,0,32397,1360674,1360674
Apr-2026,MAMU PALOPO,PUTIH + RIB,PUTIH + RIB XL,0,32,0,0,32397,1036704,1360674
Mei-2026,MAMU PALOPO,PUTIH + RIB,PUTIH + RIB XL,135237,61,0,0,32397,1976217,1036704
Jun-2026,MAMU PALOPO,PUTIH + RIB,PUTIH + RIB XL,0,61,0,0,32397,1976217,1976217
Jul-2026,MAMU PALOPO,PUTIH + RIB,PUTIH + RIB XL,0,61,0,0,32397,1976217,1976217
Agu-2026,MAMU PALOPO,PUTIH + RIB,PUTIH + RIB XL,499005,46,17,0,32397,2041011,1976217
Sep-2026,MAMU PALOPO,PUTIH + RIB,PUTIH + RIB XL,202452,62,0,0,32397,2008614,2041011
Okt-2026,MAMU PALOPO,PUTIH + RIB,PUTIH + RIB XL,236194,50,0,0,32397,1619850,2008614
Jan-2026,TIGALAPANKAOS BONE,ABU TUA + RIB,ABU TUA + RIB 2XL,0,15,0,0,38070,571050,0
Feb-2026,TIGALAPANKAOS BONE,ABU TUA + RIB,ABU TUA + RIB 2XL,0,15,0,0,38070,571050,571050
Mar-2026,TIGALAPANKAOS BONE,ABU TUA + RIB,ABU TUA + RIB 2XL,0,15,0,0,38070,571050,571050
Apr-2026,TIGALAPANKAOS BONE,ABU TUA + RIB,ABU TUA + RIB 2XL,114210,12,0,0,38070,456840,571050
Mei-2026,TIGALAPANKAOS BONE,ABU TUA + RIB,ABU TUA + RIB 2XL,38070,11,0,0,38070,418770,456840
Jun-2026,TIGALAPANKAOS BONE,ABU TUA + RIB,ABU TUA + RIB 2XL,0,11,0,0,38070,418770,418770
Jul-2026,TIGALAPANKAOS BONE,ABU TUA + RIB,ABU TUA + RIB 2XL,76140,10,0,0,38070,380700,418770
Agu-2026,TIGALAPANKAOS BONE,ABU TUA + RIB,ABU TUA + RIB 2XL,0,34,0,0,38070,1294380,380700
Sep-2026,TIGALAPANKAOS BONE,ABU TUA + RIB,ABU TUA + RIB 2XL,0,34,0,0,38070,1294380,1294380
Okt-2026,TIGALAPANKAOS BONE,ABU TUA + RIB,ABU TUA + RIB 2XL,0,34,0,0,38070,1294380,1294380
Jan-2026,TIGALAPANKAOS BONE,ABU TUA + RIB,ABU TUA + RIB 3XL,0,10,0,0,47562,475620,0
Feb-2026,TIGALAPANKAOS BONE,ABU TUA + RIB,ABU TUA + RIB 3XL,0,17,20,0,47562,1759794,475620
Mar-2026,TIGALAPANKAOS BONE,ABU TUA + RIB,ABU TUA + RIB 3XL,0,27,0,0,47562,1284174,1759794
Apr-2026,TIGALAPANKAOS BONE,ABU TUA + RIB,ABU TUA + RIB 3XL,47562,26,0,0,47562,1236612,1284174
Mei-2026,TIGALAPANKAOS BONE,ABU TUA + RIB,ABU TUA + RIB 3XL,0,26,0,0,47562,1236612,1236612
Jun-2026,TIGALAPANKAOS BONE,ABU TUA + RIB,ABU TUA + RIB 3XL,0,26,0,0,47562,1236612,1236612
Jul-2026,TIGALAPANKAOS BONE,ABU TUA + RIB,ABU TUA + RIB 3XL,0,26,0,0,47562,1236612,1236612
Agu-2026,TIGALAPANKAOS BONE,ABU TUA + RIB,ABU TUA + RIB 3XL,95124,24,0,0,47562,1141488,1236612
Sep-2026,TIGALAPANKAOS BONE,ABU TUA + RIB,ABU TUA + RIB 3XL,0,24,0,0,47562,1141488,1141488
Okt-2026,TIGALAPANKAOS BONE,ABU TUA + RIB,ABU TUA + RIB 3XL,0,24,0,0,47562,1141488,1141488
Jan-2026,TIGALAPANKAOS BONE,ABU TUA + RIB,ABU TUA + RIB L,0,37,0,0,35180,1301660,0
Feb-2026,TIGALAPANKAOS BONE,ABU TUA + RIB,ABU TUA + RIB L,0,37,0,0,35180,1301660,1301660
Mar-2026,TIGALAPANKAOS BONE,ABU TUA + RIB,ABU TUA + RIB L,35597,36,0,0,35180,1266480,1301660
Apr-2026,TIGALAPANKAOS BONE,ABU TUA + RIB,ABU TUA + RIB L,783134,14,0,0,35180,492520,1266480
Mei-2026,TIGALAPANKAOS BONE,ABU TUA + RIB,ABU TUA + RIB L,0,14,0,0,35180,492520,492520
Jun-2026,TIGALAPANKAOS BONE,ABU TUA + RIB,ABU TUA + RIB L,35555,28,0,0,35180,985040,492520
Jul-2026,TIGALAPANKAOS BONE,ABU TUA + RIB,ABU TUA + RIB L,71110,28,0,0,35180,985040,985040
Agu-2026,TIGALAPANKAOS BONE,ABU TUA + RIB,ABU TUA + RIB L,71110,24,0,0,35180,844320,985040
Sep-2026,TIGALAPANKAOS BONE,ABU TUA + RIB,ABU TUA + RIB L,35555,23,0,0,35180,809140,844320
Okt-2026,TIGALAPANKAOS BONE,ABU TUA + RIB,ABU TUA + RIB L,35555,22,0,0,35180,773960,809140
Jan-2026,TIGALAPANKAOS BONE,ABU TUA + RIB,ABU TUA + RIB M,0,18,0,0,35432,637776,0
Feb-2026,TIGALAPANKAOS BONE,ABU TUA + RIB,ABU TUA + RIB M,0,18,0,0,35432,637776,637776
Mar-2026,TIGALAPANKAOS BONE,ABU TUA + RIB,ABU TUA + RIB M,0,18,0,0,35432,637776,637776
Apr-2026,TIGALAPANKAOS BONE,ABU TUA + RIB,ABU TUA + RIB M,318888,9,0,0,35432,318888,637776
Mei-2026,TIGALAPANKAOS BONE,ABU TUA + RIB,ABU TUA + RIB M,0,9,0,0,35432,318888,318888
Jun-2026,TIGALAPANKAOS BONE,ABU TUA + RIB,ABU TUA + RIB M,35432,8,0,0,35432,283456,318888
Jul-2026,TIGALAPANKAOS BONE,ABU TUA + RIB,ABU TUA + RIB M,70864,8,0,0,35432,283456,283456
Agu-2026,TIGALAPANKAOS BONE,ABU TUA + RIB,ABU TUA + RIB M,35432,5,0,0,35432,177160,283456
Sep-2026,TIGALAPANKAOS BONE,ABU TUA + RIB,ABU TUA + RIB M,0,5,0,0,35432,177160,177160
Okt-2026,TIGALAPANKAOS BONE,ABU TUA + RIB,ABU TUA + RIB M,0,5,0,0,35432,177160,177160
Jan-2026,TIGALAPANKAOS BONE,ABU TUA + RIB,ABU TUA + RIB S,0,15,0,0,35135,527025,0
Feb-2026,TIGALAPANKAOS BONE,ABU TUA + RIB,ABU TUA + RIB S,0,15,0,0,35135,527025,527025
Mar-2026,TIGALAPANKAOS BONE,ABU TUA + RIB,ABU TUA + RIB S,0,15,0,0,35135,527025,527025
Apr-2026,TIGALAPANKAOS BONE,ABU TUA + RIB,ABU TUA + RIB S,35107,14,0,0,35135,491890,527025
Mei-2026,TIGALAPANKAOS BONE,ABU TUA + RIB,ABU TUA + RIB S,0,14,0,0,35135,491890,491890
Jun-2026,TIGALAPANKAOS BONE,ABU TUA + RIB,ABU TUA + RIB S,0,14,0,0,35135,491890,491890
Jul-2026,TIGALAPANKAOS BONE,ABU TUA + RIB,ABU TUA + RIB S,35107,14,0,0,35135,491890,491890
Agu-2026,TIGALAPANKAOS BONE,ABU TUA + RIB,ABU TUA + RIB S,105321,10,0,0,35135,351350,491890
Sep-2026,TIGALAPANKAOS BONE,ABU TUA + RIB,ABU TUA + RIB S,0,25,0,0,35135,878375,351350
Okt-2026,TIGALAPANKAOS BONE,ABU TUA + RIB,ABU TUA + RIB S,0,25,0,0,35135,878375,878375
Jan-2026,TIGALAPANKAOS BONE,ABU TUA + RIB,ABU TUA + RIB XL,0,30,0,0,35876,1076280,0
Feb-2026,TIGALAPANKAOS BONE,ABU TUA + RIB,ABU TUA + RIB XL,35876,29,0,0,35876,1040404,1076280
Mar-2026,TIGALAPANKAOS BONE,ABU TUA + RIB,ABU TUA + RIB XL,0,29,0,0,35890,1040810,1040404
Apr-2026,TIGALAPANKAOS BONE,ABU TUA + RIB,ABU TUA + RIB XL,574016,13,0,0,35890,466570,1040810
Mei-2026,TIGALAPANKAOS BONE,ABU TUA + RIB,ABU TUA + RIB XL,35876,11,0,0,35890,394790,466570
Jun-2026,TIGALAPANKAOS BONE,ABU TUA + RIB,ABU TUA + RIB XL,0,11,0,0,35890,394790,394790
Jul-2026,TIGALAPANKAOS BONE,ABU TUA + RIB,ABU TUA + RIB XL,0,11,0,0,35890,394790,394790
Agu-2026,TIGALAPANKAOS BONE,ABU TUA + RIB,ABU TUA + RIB XL,39291,25,0,0,35890,897250,394790
Sep-2026,TIGALAPANKAOS BONE,ABU TUA + RIB,ABU TUA + RIB XL,0,25,0,0,35890,897250,897250
Okt-2026,TIGALAPANKAOS BONE,ABU TUA + RIB,ABU TUA + RIB XL,0,25,0,0,35890,897250,897250
Jan-2026,TIGALAPANKAOS BONE,BENHUR + RIB,BENHUR + RIB 2XL,0,15,0,0,36563,548445,0
Feb-2026,TIGALAPANKAOS BONE,BENHUR + RIB,BENHUR + RIB 2XL,0,15,0,0,36563,548445,548445
Mar-2026,TIGALAPANKAOS BONE,BENHUR + RIB,BENHUR + RIB 2XL,0,15,0,0,36563,548445,548445
Apr-2026,TIGALAPANKAOS BONE,BENHUR + RIB,BENHUR + RIB 2XL,38087,14,0,0,36563,511882,548445
Mei-2026,TIGALAPANKAOS BONE,BENHUR + RIB,BENHUR + RIB 2XL,0,14,0,0,36563,511882,511882
Jun-2026,TIGALAPANKAOS BONE,BENHUR + RIB,BENHUR + RIB 2XL,0,14,0,0,36563,511882,511882
Jul-2026,TIGALAPANKAOS BONE,BENHUR + RIB,BENHUR + RIB 2XL,0,14,0,0,36563,511882,511882
Agu-2026,TIGALAPANKAOS BONE,BENHUR + RIB,BENHUR + RIB 2XL,0,14,0,0,36563,511882,511882
Sep-2026,TIGALAPANKAOS BONE,BENHUR + RIB,BENHUR + RIB 2XL,0,14,0,0,36563,511882,511882
Okt-2026,TIGALAPANKAOS BONE,BENHUR + RIB,BENHUR + RIB 2XL,38087,13,0,0,36563,475319,511882
Jan-2026,TIGALAPANKAOS BONE,BENHUR + RIB,BENHUR + RIB 3XL,0,10,0,0,45841,458410,0
Feb-2026,TIGALAPANKAOS BONE,BENHUR + RIB,BENHUR + RIB 3XL,0,15,12,0,45841,1237707,458410
Mar-2026,TIGALAPANKAOS BONE,BENHUR + RIB,BENHUR + RIB 3XL,0,25,0,0,45841,1146025,1237707
Apr-2026,TIGALAPANKAOS BONE,BENHUR + RIB,BENHUR + RIB 3XL,0,25,0,0,45841,1146025,1146025
Mei-2026,TIGALAPANKAOS BONE,BENHUR + RIB,BENHUR + RIB 3XL,0,25,0,0,45841,1146025,1146025
Jun-2026,TIGALAPANKAOS BONE,BENHUR + RIB,BENHUR + RIB 3XL,0,25,0,0,45841,1146025,1146025
Jul-2026,TIGALAPANKAOS BONE,BENHUR + RIB,BENHUR + RIB 3XL,0,25,0,0,45841,1146025,1146025
Agu-2026,TIGALAPANKAOS BONE,BENHUR + RIB,BENHUR + RIB 3XL,0,25,0,0,45841,1146025,1146025
Sep-2026,TIGALAPANKAOS BONE,BENHUR + RIB,BENHUR + RIB 3XL,0,25,0,0,45841,1146025,1146025
Okt-2026,TIGALAPANKAOS BONE,BENHUR + RIB,BENHUR + RIB 3XL,0,25,0,0,45841,1146025,1146025
Jan-2026,TIGALAPANKAOS BONE,BENHUR + RIB,BENHUR + RIB L,0,44,0,0,36209,1593196,0
Feb-2026,TIGALAPANKAOS BONE,BENHUR + RIB,BENHUR + RIB L,0,44,0,0,36209,1593196,1593196
Mar-2026,TIGALAPANKAOS BONE,BENHUR + RIB,BENHUR + RIB L,0,44,0,0,36209,1593196,1593196
Apr-2026,TIGALAPANKAOS BONE,BENHUR + RIB,BENHUR + RIB L,437256,32,0,0,36209,1158688,1593196
Mei-2026,TIGALAPANKAOS BONE,BENHUR + RIB,BENHUR + RIB L,0,20,0,0,36209,724180,1158688
Jun-2026,TIGALAPANKAOS BONE,BENHUR + RIB,BENHUR + RIB L,0,20,0,0,36209,724180,724180
Jul-2026,TIGALAPANKAOS BONE,BENHUR + RIB,BENHUR + RIB L,0,20,0,0,36209,724180,724180
Agu-2026,TIGALAPANKAOS BONE,BENHUR + RIB,BENHUR + RIB L,72876,18,0,0,36209,651762,724180
Sep-2026,TIGALAPANKAOS BONE,BENHUR + RIB,BENHUR + RIB L,0,18,0,0,36209,651762,651762
Okt-2026,TIGALAPANKAOS BONE,BENHUR + RIB,BENHUR + RIB L,400818,7,0,0,36209,253463,651762
Jan-2026,TIGALAPANKAOS BONE,BENHUR + RIB,BENHUR + RIB M,0,30,0,0,35986,1079580,0
Feb-2026,TIGALAPANKAOS BONE,BENHUR + RIB,BENHUR + RIB M,0,30,0,0,35986,1079580,1079580
Mar-2026,TIGALAPANKAOS BONE,BENHUR + RIB,BENHUR + RIB M,0,30,0,0,35986,1079580,1079580
Apr-2026,TIGALAPANKAOS BONE,BENHUR + RIB,BENHUR + RIB M,36106,29,0,0,35986,1043594,1079580
Mei-2026,TIGALAPANKAOS BONE,BENHUR + RIB,BENHUR + RIB M,36106,19,0,0,35986,683734,1043594
Jun-2026,TIGALAPANKAOS BONE,BENHUR + RIB,BENHUR + RIB M,0,19,0,0,35986,683734,683734
Jul-2026,TIGALAPANKAOS BONE,BENHUR + RIB,BENHUR + RIB M,0,19,0,0,35986,683734,683734
Agu-2026,TIGALAPANKAOS BONE,BENHUR + RIB,BENHUR + RIB M,144424,15,0,0,35986,539790,683734
Sep-2026,TIGALAPANKAOS BONE,BENHUR + RIB,BENHUR + RIB M,0,15,0,0,35986,539790,539790
Okt-2026,TIGALAPANKAOS BONE,BENHUR + RIB,BENHUR + RIB M,144424,11,0,0,35986,395846,539790
Jan-2026,TIGALAPANKAOS BONE,BENHUR + RIB,BENHUR + RIB S,0,15,0,0,36137,542055,0
Feb-2026,TIGALAPANKAOS BONE,BENHUR + RIB,BENHUR + RIB S,0,15,0,0,36137,542055,542055
Mar-2026,TIGALAPANKAOS BONE,BENHUR + RIB,BENHUR + RIB S,0,15,0,0,36137,542055,542055
Apr-2026,TIGALAPANKAOS BONE,BENHUR + RIB,BENHUR + RIB S,35852,14,0,0,36137,505918,542055
Mei-2026,TIGALAPANKAOS BONE,BENHUR + RIB,BENHUR + RIB S,0,14,0,0,36137,505918,505918
Jun-2026,TIGALAPANKAOS BONE,BENHUR + RIB,BENHUR + RIB S,0,14,0,0,36137,505918,505918
Jul-2026,TIGALAPANKAOS BONE,BENHUR + RIB,BENHUR + RIB S,0,14,0,0,36137,505918,505918
Agu-2026,TIGALAPANKAOS BONE,BENHUR + RIB,BENHUR + RIB S,35852,14,0,0,36137,505918,505918
Sep-2026,TIGALAPANKAOS BONE,BENHUR + RIB,BENHUR + RIB S,0,13,0,0,36137,469781,505918
Okt-2026,TIGALAPANKAOS BONE,BENHUR + RIB,BENHUR + RIB S,35852,12,0,0,36137,433644,469781
Jan-2026,TIGALAPANKAOS BONE,BENHUR + RIB,BENHUR + RIB XL,0,30,0,0,35965,1078950,0
Feb-2026,TIGALAPANKAOS BONE,BENHUR + RIB,BENHUR + RIB XL,0,30,0,0,35965,1078950,1078950
Mar-2026,TIGALAPANKAOS BONE,BENHUR + RIB,BENHUR + RIB XL,0,30,0,0,35965,1078950,1078950
Apr-2026,TIGALAPANKAOS BONE,BENHUR + RIB,BENHUR + RIB XL,71780,28,0,0,35965,1007020,1078950
Mei-2026,TIGALAPANKAOS BONE,BENHUR + RIB,BENHUR + RIB XL,0,20,0,0,35965,719300,1007020
Jun-2026,TIGALAPANKAOS BONE,BENHUR + RIB,BENHUR + RIB XL,0,20,0,0,35965,719300,719300
Jul-2026,TIGALAPANKAOS BONE,BENHUR + RIB,BENHUR + RIB XL,0,20,0,0,35965,719300,719300
Agu-2026,TIGALAPANKAOS BONE,BENHUR + RIB,BENHUR + RIB XL,35890,19,0,0,35965,683335,719300
Sep-2026,TIGALAPANKAOS BONE,BENHUR + RIB,BENHUR + RIB XL,0,19,0,0,35965,683335,683335
Okt-2026,TIGALAPANKAOS BONE,BENHUR + RIB,BENHUR + RIB XL,646020,1,0,0,35965,35965,683335
Jan-2026,TIGALAPANKAOS BONE,HITAM + RIB,HITAM + RIB 2XL,0,18,0,0,40134,722412,0
Feb-2026,TIGALAPANKAOS BONE,HITAM + RIB,HITAM + RIB 2XL,616725,13,0,0,40134,521742,722412
Mar-2026,TIGALAPANKAOS BONE,HITAM + RIB,HITAM + RIB 2XL,80720,21,0,0,40815,857115,521742
Apr-2026,TIGALAPANKAOS BONE,HITAM + RIB,HITAM + RIB 2XL,243462,15,0,0,40815,612225,857115
Mei-2026,TIGALAPANKAOS BONE,HITAM + RIB,HITAM + RIB 2XL,81154,13,0,0,40111,521443,612225
Jun-2026,TIGALAPANKAOS BONE,HITAM + RIB,HITAM + RIB 2XL,121731,10,0,0,40111,401110,521443
Jul-2026,TIGALAPANKAOS BONE,HITAM + RIB,HITAM + RIB 2XL,405770,0,0,0,40134,0,401110
Agu-2026,TIGALAPANKAOS BONE,HITAM + RIB,HITAM + RIB 2XL,176816,18,0,0,40111,721998,0
Sep-2026,TIGALAPANKAOS BONE,HITAM + RIB,HITAM + RIB 2XL,265224,23,0,0,40111,922553,721998
Okt-2026,TIGALAPANKAOS BONE,HITAM + RIB,HITAM + RIB 2XL,44204,19,0,0,40111,762109,922553
Jan-2026,TIGALAPANKAOS BONE,HITAM + RIB,HITAM + RIB 3XL,45164,19,0,0,45968,873392,0
Feb-2026,TIGALAPANKAOS BONE,HITAM + RIB,HITAM + RIB 3XL,0,19,0,0,45968,873392,873392
Mar-2026,TIGALAPANKAOS BONE,HITAM + RIB,HITAM + RIB 3XL,91174,17,0,0,45968,781456,873392
Apr-2026,TIGALAPANKAOS BONE,HITAM + RIB,HITAM + RIB 3XL,0,17,0,0,45968,781456,781456
Mei-2026,TIGALAPANKAOS BONE,HITAM + RIB,HITAM + RIB 3XL,0,17,0,0,45968,781456,781456
Jun-2026,TIGALAPANKAOS BONE,HITAM + RIB,HITAM + RIB 3XL,45587,16,0,0,45968,735488,781456
Jul-2026,TIGALAPANKAOS BONE,HITAM + RIB,HITAM + RIB 3XL,136761,13,0,0,45968,597584,735488
Agu-2026,TIGALAPANKAOS BONE,HITAM + RIB,HITAM + RIB 3XL,45587,13,0,0,45968,597584,597584
Sep-2026,TIGALAPANKAOS BONE,HITAM + RIB,HITAM + RIB 3XL,0,12,0,0,45968,551616,597584
Okt-2026,TIGALAPANKAOS BONE,HITAM + RIB,HITAM + RIB 3XL,45587,11,0,0,45968,505648,551616
Jan-2026,TIGALAPANKAOS BONE,HITAM + RIB,HITAM + RIB L,778599,73,0,0,35275,2575075,0
Feb-2026,TIGALAPANKAOS BONE,HITAM + RIB,HITAM + RIB L,1488156,74,0,0,35188,2603912,2575075
Mar-2026,TIGALAPANKAOS BONE,HITAM + RIB,HITAM + RIB L,141496,70,0,0,35247,2467290,2603912
Apr-2026,TIGALAPANKAOS BONE,HITAM + RIB,HITAM + RIB L,636487,83,0,0,35247,2925501,2467290
Mei-2026,TIGALAPANKAOS BONE,HITAM + RIB,HITAM + RIB L,282600,74,0,0,35046,2593404,2925501
Jun-2026,TIGALAPANKAOS BONE,HITAM + RIB,HITAM + RIB L,388575,63,15,0,35046,2733588,2593404
Jul-2026,TIGALAPANKAOS BONE,HITAM + RIB,HITAM + RIB L,776940,67,0,0,35046,2348082,2733588
Agu-2026,TIGALAPANKAOS BONE,HITAM + RIB,HITAM + RIB L,1165395,32,0,0,35046,1121472,2348082
Sep-2026,TIGALAPANKAOS BONE,HITAM + RIB,HITAM + RIB L,1968994,20,0,0,35046,700920,1121472
Okt-2026,TIGALAPANKAOS BONE,HITAM + RIB,HITAM + RIB L,1260766,10,30,0,35046,1401840,700920
Jan-2026,TIGALAPANKAOS BONE,HITAM + RIB,HITAM + RIB M,415201,40,0,0,34868,1394720,0
Feb-2026,TIGALAPANKAOS BONE,HITAM + RIB,HITAM + RIB M,764945,62,0,0,34868,2161816,1394720
Mar-2026,TIGALAPANKAOS BONE,HITAM + RIB,HITAM + RIB M,139340,58,0,0,35204,2041832,2161816
Apr-2026,TIGALAPANKAOS BONE,HITAM + RIB,HITAM + RIB M,871331,63,0,0,35204,2217852,2041832
Mei-2026,TIGALAPANKAOS BONE,HITAM + RIB,HITAM + RIB M,244678,56,0,0,35089,1964984,2217852
Jun-2026,TIGALAPANKAOS BONE,HITAM + RIB,HITAM + RIB M,559506,55,15,0,35089,2456230,1964984
Jul-2026,TIGALAPANKAOS BONE,HITAM + RIB,HITAM + RIB M,280200,67,0,0,35089,2350963,2456230
Agu-2026,TIGALAPANKAOS BONE,HITAM + RIB,HITAM + RIB M,1085775,35,0,0,35089,1228115,2350963
Sep-2026,TIGALAPANKAOS BONE,HITAM + RIB,HITAM + RIB M,1289010,33,0,0,35089,1157937,1228115
Okt-2026,TIGALAPANKAOS BONE,HITAM + RIB,HITAM + RIB M,771807,20,30,0,35089,1754450,1157937
Jan-2026,TIGALAPANKAOS BONE,HITAM + RIB,HITAM + RIB S,0,15,0,0,35285,529275,0
Feb-2026,TIGALAPANKAOS BONE,HITAM + RIB,HITAM + RIB S,247268,28,0,0,35285,987980,529275
Mar-2026,TIGALAPANKAOS BONE,HITAM + RIB,HITAM + RIB S,35296,27,0,0,35285,952695,987980
Apr-2026,TIGALAPANKAOS BONE,HITAM + RIB,HITAM + RIB S,247072,20,0,0,35285,705700,952695
Mei-2026,TIGALAPANKAOS BONE,HITAM + RIB,HITAM + RIB S,35296,19,0,0,35285,670415,705700
Jun-2026,TIGALAPANKAOS BONE,HITAM + RIB,HITAM + RIB S,0,19,0,0,35285,670415,670415
Jul-2026,TIGALAPANKAOS BONE,HITAM + RIB,HITAM + RIB S,35296,18,0,0,35285,635130,670415
Agu-2026,TIGALAPANKAOS BONE,HITAM + RIB,HITAM + RIB S,287369,23,0,0,35285,811555,635130
Sep-2026,TIGALAPANKAOS BONE,HITAM + RIB,HITAM + RIB S,73926,19,0,0,35285,670415,811555
Okt-2026,TIGALAPANKAOS BONE,HITAM + RIB,HITAM + RIB S,73926,16,20,0,35285,1270260,670415
Jan-2026,TIGALAPANKAOS BONE,HITAM + RIB,HITAM + RIB XL,250439,28,0,0,35151,984228,0
Feb-2026,TIGALAPANKAOS BONE,HITAM + RIB,HITAM + RIB XL,785249,53,0,0,38857,2059421,984228
Mar-2026,TIGALAPANKAOS BONE,HITAM + RIB,HITAM + RIB XL,151820,64,0,0,38027,2433728,2059421
Apr-2026,TIGALAPANKAOS BONE,HITAM + RIB,HITAM + RIB XL,452541,81,0,0,38027,3080187,2433728
Mei-2026,TIGALAPANKAOS BONE,HITAM + RIB,HITAM + RIB XL,221892,76,0,0,35999,2735924,3080187
Jun-2026,TIGALAPANKAOS BONE,HITAM + RIB,HITAM + RIB XL,258874,69,15,0,35999,3023916,2735924
Jul-2026,TIGALAPANKAOS BONE,HITAM + RIB,HITAM + RIB XL,1100820,56,0,0,35999,2015944,3023916
Agu-2026,TIGALAPANKAOS BONE,HITAM + RIB,HITAM + RIB XL,1064126,28,0,0,35999,1007972,2015944
Sep-2026,TIGALAPANKAOS BONE,HITAM + RIB,HITAM + RIB XL,1317700,21,0,0,35999,755979,1007972
Okt-2026,TIGALAPANKAOS BONE,HITAM + RIB,HITAM + RIB XL,593760,16,31,0,35999,1691953,755979
Jan-2026,TIGALAPANKAOS BONE,MAROON + RIB,MAROON + RIB 2XL,0,29,0,0,41035,1190015,0
Feb-2026,TIGALAPANKAOS BONE,MAROON + RIB,MAROON + RIB 2XL,0,29,0,0,41035,1190015,1190015
Mar-2026,TIGALAPANKAOS BONE,MAROON + RIB,MAROON + RIB 2XL,0,28,0,0,41035,1148980,1190015
Apr-2026,TIGALAPANKAOS BONE,MAROON + RIB,MAROON + RIB 2XL,0,28,0,0,41035,1148980,1148980
Mei-2026,TIGALAPANKAOS BONE,MAROON + RIB,MAROON + RIB 2XL,0,29,0,0,41035,1190015,1148980
Jun-2026,TIGALAPANKAOS BONE,MAROON + RIB,MAROON + RIB 2XL,81690,27,0,0,41035,1107945,1190015
Jul-2026,TIGALAPANKAOS BONE,MAROON + RIB,MAROON + RIB 2XL,204225,27,0,0,41035,1107945,1107945
Agu-2026,TIGALAPANKAOS BONE,MAROON + RIB,MAROON + RIB 2XL,163380,20,0,0,41035,820700,1107945
Sep-2026,TIGALAPANKAOS BONE,MAROON + RIB,MAROON + RIB 2XL,40845,16,0,0,41035,656560,820700
Okt-2026,TIGALAPANKAOS BONE,MAROON + RIB,MAROON + RIB 2XL,0,16,0,0,41035,656560,656560
Jan-2026,TIGALAPANKAOS BONE,MAROON + RIB,MAROON + RIB 3XL,0,10,0,0,46390,463900,0
Feb-2026,TIGALAPANKAOS BONE,MAROON + RIB,MAROON + RIB 3XL,0,16,0,0,46390,742240,463900
Mar-2026,TIGALAPANKAOS BONE,MAROON + RIB,MAROON + RIB 3XL,0,10,0,0,46390,463900,742240
Apr-2026,TIGALAPANKAOS BONE,MAROON + RIB,MAROON + RIB 3XL,0,10,0,0,46390,463900,463900
Mei-2026,TIGALAPANKAOS BONE,MAROON + RIB,MAROON + RIB 3XL,0,10,0,0,46390,463900,463900
Jun-2026,TIGALAPANKAOS BONE,MAROON + RIB,MAROON + RIB 3XL,0,10,0,0,46390,463900,463900
Jul-2026,TIGALAPANKAOS BONE,MAROON + RIB,MAROON + RIB 3XL,185560,10,0,0,46390,463900,463900
Agu-2026,TIGALAPANKAOS BONE,MAROON + RIB,MAROON + RIB 3XL,46390,9,0,0,46390,417510,463900
Sep-2026,TIGALAPANKAOS BONE,MAROON + RIB,MAROON + RIB 3XL,45806,8,0,0,46390,371120,417510
Okt-2026,TIGALAPANKAOS BONE,MAROON + RIB,MAROON + RIB 3XL,0,8,5,0,46390,603070,371120
Jan-2026,TIGALAPANKAOS BONE,MAROON + RIB,MAROON + RIB L,0,43,0,0,35143,1511149,0
Feb-2026,TIGALAPANKAOS BONE,MAROON + RIB,MAROON + RIB L,0,43,0,0,36130,1553590,1511149
Mar-2026,TIGALAPANKAOS BONE,MAROON + RIB,MAROON + RIB L,0,42,0,0,36130,1517460,1553590
Apr-2026,TIGALAPANKAOS BONE,MAROON + RIB,MAROON + RIB L,0,42,0,0,36130,1517460,1517460
Mei-2026,TIGALAPANKAOS BONE,MAROON + RIB,MAROON + RIB L,0,43,0,0,36130,1553590,1517460
Jun-2026,TIGALAPANKAOS BONE,MAROON + RIB,MAROON + RIB L,527145,26,0,0,36130,939380,1553590
Jul-2026,TIGALAPANKAOS BONE,MAROON + RIB,MAROON + RIB L,175715,25,0,0,36130,903250,939380
Agu-2026,TIGALAPANKAOS BONE,MAROON + RIB,MAROON + RIB L,180990,26,0,0,36130,939380,903250
Sep-2026,TIGALAPANKAOS BONE,MAROON + RIB,MAROON + RIB L,180990,19,0,0,36130,686470,939380
Okt-2026,TIGALAPANKAOS BONE,MAROON + RIB,MAROON + RIB L,0,34,0,0,36130,1228420,686470
Jan-2026,TIGALAPANKAOS BONE,MAROON + RIB,MAROON + RIB M,0,39,0,0,35662,1390818,0
Feb-2026,TIGALAPANKAOS BONE,MAROON + RIB,MAROON + RIB M,35662,38,0,0,35662,1355156,1390818
Mar-2026,TIGALAPANKAOS BONE,MAROON + RIB,MAROON + RIB M,35662,37,0,0,35662,1319494,1355156
Apr-2026,TIGALAPANKAOS BONE,MAROON + RIB,MAROON + RIB M,0,37,0,0,35662,1319494,1319494
Mei-2026,TIGALAPANKAOS BONE,MAROON + RIB,MAROON + RIB M,0,37,0,0,35662,1319494,1319494
Jun-2026,TIGALAPANKAOS BONE,MAROON + RIB,MAROON + RIB M,0,37,0,0,35662,1319494,1319494
Jul-2026,TIGALAPANKAOS BONE,MAROON + RIB,MAROON + RIB M,35662,37,0,0,35662,1319494,1319494
Agu-2026,TIGALAPANKAOS BONE,MAROON + RIB,MAROON + RIB M,106986,35,0,0,35662,1248170,1319494
Sep-2026,TIGALAPANKAOS BONE,MAROON + RIB,MAROON + RIB M,249634,26,0,0,35662,927212,1248170
Okt-2026,TIGALAPANKAOS BONE,MAROON + RIB,MAROON + RIB M,0,26,0,0,35662,927212,927212
Jan-2026,TIGALAPANKAOS BONE,MAROON + RIB,MAROON + RIB S,0,15,0,0,35425,531375,0
Feb-2026,TIGALAPANKAOS BONE,MAROON + RIB,MAROON + RIB S,0,15,0,0,35425,531375,531375
Mar-2026,TIGALAPANKAOS BONE,MAROON + RIB,MAROON + RIB S,0,15,0,0,35425,531375,531375
Apr-2026,TIGALAPANKAOS BONE,MAROON + RIB,MAROON + RIB S,0,15,0,0,35425,531375,531375
Mei-2026,TIGALAPANKAOS BONE,MAROON + RIB,MAROON + RIB S,0,15,0,0,35425,531375,531375
Jun-2026,TIGALAPANKAOS BONE,MAROON + RIB,MAROON + RIB S,0,15,0,0,35425,531375,531375
Jul-2026,TIGALAPANKAOS BONE,MAROON + RIB,MAROON + RIB S,0,15,0,0,35425,531375,531375
Agu-2026,TIGALAPANKAOS BONE,MAROON + RIB,MAROON + RIB S,71549,24,0,0,35425,850200,531375
Sep-2026,TIGALAPANKAOS BONE,MAROON + RIB,MAROON + RIB S,36124,22,0,0,35425,779350,850200
Okt-2026,TIGALAPANKAOS BONE,MAROON + RIB,MAROON + RIB S,0,22,0,0,35425,779350,779350
Jan-2026,TIGALAPANKAOS BONE,MAROON + RIB,MAROON + RIB XL,0,27,0,0,37999,1025973,0
Feb-2026,TIGALAPANKAOS BONE,MAROON + RIB,MAROON + RIB XL,0,27,0,0,37999,1025973,1025973
Mar-2026,TIGALAPANKAOS BONE,MAROON + RIB,MAROON + RIB XL,0,27,0,0,37999,1025973,1025973
Apr-2026,TIGALAPANKAOS BONE,MAROON + RIB,MAROON + RIB XL,0,27,0,0,37999,1025973,1025973
Mei-2026,TIGALAPANKAOS BONE,MAROON + RIB,MAROON + RIB XL,0,27,0,0,37999,1025973,1025973
Jun-2026,TIGALAPANKAOS BONE,MAROON + RIB,MAROON + RIB XL,344340,17,0,0,37999,645983,1025973
Jul-2026,TIGALAPANKAOS BONE,MAROON + RIB,MAROON + RIB XL,309906,17,0,0,37999,645983,645983
Agu-2026,TIGALAPANKAOS BONE,MAROON + RIB,MAROON + RIB XL,109830,22,0,0,37999,835978,645983
Sep-2026,TIGALAPANKAOS BONE,MAROON + RIB,MAROON + RIB XL,183050,15,0,0,37999,569985,835978
Okt-2026,TIGALAPANKAOS BONE,MAROON + RIB,MAROON + RIB XL,0,15,0,0,37999,569985,569985
Jan-2026,TIGALAPANKAOS BONE,MERAH + RIB,MERAH + RIB 2XL,0,27,0,0,36757,992439,0
Feb-2026,TIGALAPANKAOS BONE,MERAH + RIB,MERAH + RIB 2XL,0,27,0,0,36757,992439,992439
Mar-2026,TIGALAPANKAOS BONE,MERAH + RIB,MERAH + RIB 2XL,0,27,0,0,36757,992439,992439
Apr-2026,TIGALAPANKAOS BONE,MERAH + RIB,MERAH + RIB 2XL,0,27,0,0,36757,992439,992439
Mei-2026,TIGALAPANKAOS BONE,MERAH + RIB,MERAH + RIB 2XL,0,27,0,0,36757,992439,992439
Jun-2026,TIGALAPANKAOS BONE,MERAH + RIB,MERAH + RIB 2XL,0,27,0,0,36757,992439,992439
Jul-2026,TIGALAPANKAOS BONE,MERAH + RIB,MERAH + RIB 2XL,73514,27,0,0,36757,992439,992439
Agu-2026,TIGALAPANKAOS BONE,MERAH + RIB,MERAH + RIB 2XL,448777,23,0,0,36757,845411,992439
Sep-2026,TIGALAPANKAOS BONE,MERAH + RIB,MERAH + RIB 2XL,113568,20,0,0,36757,735140,845411
Okt-2026,TIGALAPANKAOS BONE,MERAH + RIB,MERAH + RIB 2XL,0,20,0,0,36757,735140,735140
Jan-2026,TIGALAPANKAOS BONE,MERAH + RIB,MERAH + RIB 3XL,0,10,0,0,45193,451930,0
Feb-2026,TIGALAPANKAOS BONE,MERAH + RIB,MERAH + RIB 3XL,0,12,0,0,45193,542316,451930
Mar-2026,TIGALAPANKAOS BONE,MERAH + RIB,MERAH + RIB 3XL,0,12,0,0,45193,542316,542316
Apr-2026,TIGALAPANKAOS BONE,MERAH + RIB,MERAH + RIB 3XL,0,12,0,0,45193,542316,542316
Mei-2026,TIGALAPANKAOS BONE,MERAH + RIB,MERAH + RIB 3XL,0,12,0,0,45193,542316,542316
Jun-2026,TIGALAPANKAOS BONE,MERAH + RIB,MERAH + RIB 3XL,0,12,0,0,45193,542316,542316
Jul-2026,TIGALAPANKAOS BONE,MERAH + RIB,MERAH + RIB 3XL,45193,12,0,0,45193,542316,542316
Agu-2026,TIGALAPANKAOS BONE,MERAH + RIB,MERAH + RIB 3XL,45193,20,0,0,45193,903860,542316
Sep-2026,TIGALAPANKAOS BONE,MERAH + RIB,MERAH + RIB 3XL,96530,18,0,0,45193,813474,903860
Okt-2026,TIGALAPANKAOS BONE,MERAH + RIB,MERAH + RIB 3XL,0,18,0,0,45193,813474,813474
Jan-2026,TIGALAPANKAOS BONE,MERAH + RIB,MERAH + RIB L,0,36,0,0,35755,1287180,0
Feb-2026,TIGALAPANKAOS BONE,MERAH + RIB,MERAH + RIB L,35239,35,0,0,35755,1251425,1287180
Mar-2026,TIGALAPANKAOS BONE,MERAH + RIB,MERAH + RIB L,0,35,0,0,35755,1251425,1251425
Apr-2026,TIGALAPANKAOS BONE,MERAH + RIB,MERAH + RIB L,0,35,0,0,35755,1251425,1251425
Mei-2026,TIGALAPANKAOS BONE,MERAH + RIB,MERAH + RIB L,0,35,0,0,35755,1251425,1251425
Jun-2026,TIGALAPANKAOS BONE,MERAH + RIB,MERAH + RIB L,35239,34,45,0,35755,2824645,1251425
Jul-2026,TIGALAPANKAOS BONE,MERAH + RIB,MERAH + RIB L,864816,79,0,0,35755,2824645,2824645
Agu-2026,TIGALAPANKAOS BONE,MERAH + RIB,MERAH + RIB L,661975,98,0,0,35755,3503990,2824645
Sep-2026,TIGALAPANKAOS BONE,MERAH + RIB,MERAH + RIB L,560865,82,0,0,35755,2931910,3503990
Okt-2026,TIGALAPANKAOS BONE,MERAH + RIB,MERAH + RIB L,0,83,0,0,35755,2967665,2931910
Jan-2026,TIGALAPANKAOS BONE,MERAH + RIB,MERAH + RIB M,0,12,0,0,35755,429060,0
Feb-2026,TIGALAPANKAOS BONE,MERAH + RIB,MERAH + RIB M,0,12,0,0,35755,429060,429060
Mar-2026,TIGALAPANKAOS BONE,MERAH + RIB,MERAH + RIB M,0,12,0,0,35755,429060,429060
Apr-2026,TIGALAPANKAOS BONE,MERAH + RIB,MERAH + RIB M,0,12,0,0,35755,429060,429060
Mei-2026,TIGALAPANKAOS BONE,MERAH + RIB,MERAH + RIB M,0,12,0,0,35755,429060,429060
Jun-2026,TIGALAPANKAOS BONE,MERAH + RIB,MERAH + RIB M,0,12,0,0,35755,429060,429060
Jul-2026,TIGALAPANKAOS BONE,MERAH + RIB,MERAH + RIB M,906175,57,0,0,35755,2038035,429060
Agu-2026,TIGALAPANKAOS BONE,MERAH + RIB,MERAH + RIB M,812775,40,0,0,35755,1430200,2038035
Sep-2026,TIGALAPANKAOS BONE,MERAH + RIB,MERAH + RIB M,339921,31,0,0,35755,1108405,1430200
Okt-2026,TIGALAPANKAOS BONE,MERAH + RIB,MERAH + RIB M,0,31,0,0,35755,1108405,1108405
Jan-2026,TIGALAPANKAOS BONE,MERAH + RIB,MERAH + RIB S,0,12,0,0,35972,431664,0
Feb-2026,TIGALAPANKAOS BONE,MERAH + RIB,MERAH + RIB S,0,27,0,0,35972,971244,431664
Mar-2026,TIGALAPANKAOS BONE,MERAH + RIB,MERAH + RIB S,0,27,0,0,35972,971244,971244
Apr-2026,TIGALAPANKAOS BONE,MERAH + RIB,MERAH + RIB S,0,27,0,0,35972,971244,971244
Mei-2026,TIGALAPANKAOS BONE,MERAH + RIB,MERAH + RIB S,0,27,0,0,35972,971244,971244
Jun-2026,TIGALAPANKAOS BONE,MERAH + RIB,MERAH + RIB S,0,27,0,0,35972,971244,971244
Jul-2026,TIGALAPANKAOS BONE,MERAH + RIB,MERAH + RIB S,287776,27,0,0,35972,971244,971244
Agu-2026,TIGALAPANKAOS BONE,MERAH + RIB,MERAH + RIB S,145810,25,0,0,35972,899300,971244
Sep-2026,TIGALAPANKAOS BONE,MERAH + RIB,MERAH + RIB S,36933,24,0,0,35972,863328,899300
Okt-2026,TIGALAPANKAOS BONE,MERAH + RIB,MERAH + RIB S,0,24,0,0,35972,863328,863328
Jan-2026,TIGALAPANKAOS BONE,MERAH + RIB,MERAH + RIB XL,0,17,0,0,35755,607835,0
Feb-2026,TIGALAPANKAOS BONE,MERAH + RIB,MERAH + RIB XL,0,17,0,0,35755,607835,607835
Mar-2026,TIGALAPANKAOS BONE,MERAH + RIB,MERAH + RIB XL,35646,16,0,0,35755,572080,607835
Apr-2026,TIGALAPANKAOS BONE,MERAH + RIB,MERAH + RIB XL,0,16,0,0,35755,572080,572080
Mei-2026,TIGALAPANKAOS BONE,MERAH + RIB,MERAH + RIB XL,0,16,0,0,35755,572080,572080
Jun-2026,TIGALAPANKAOS BONE,MERAH + RIB,MERAH + RIB XL,35646,15,0,0,35755,536325,572080
Jul-2026,TIGALAPANKAOS BONE,MERAH + RIB,MERAH + RIB XL,499044,15,0,0,35755,536325,536325
Agu-2026,TIGALAPANKAOS BONE,MERAH + RIB,MERAH + RIB XL,385962,36,0,0,35755,1287180,536325
Sep-2026,TIGALAPANKAOS BONE,MERAH + RIB,MERAH + RIB XL,311432,28,0,0,35755,1001140,1287180
Okt-2026,TIGALAPANKAOS BONE,MERAH + RIB,MERAH + RIB XL,0,28,15,0,35755,1537465,1001140
Jan-2026,TIGALAPANKAOS BONE,NAVY + RIB,NAVY + RIB 2XL,0,25,0,0,34393,859825,0
Feb-2026,TIGALAPANKAOS BONE,NAVY + RIB,NAVY + RIB 2XL,0,25,0,0,34393,859825,859825
Mar-2026,TIGALAPANKAOS BONE,NAVY + RIB,NAVY + RIB 2XL,37153,24,0,0,34393,825432,859825
Apr-2026,TIGALAPANKAOS BONE,NAVY + RIB,NAVY + RIB 2XL,37153,23,0,0,34393,791039,825432
Mei-2026,TIGALAPANKAOS BONE,NAVY + RIB,NAVY + RIB 2XL,0,23,0,0,34393,791039,791039
Jun-2026,TIGALAPANKAOS BONE,NAVY + RIB,NAVY + RIB 2XL,37153,22,0,0,34393,756646,791039
Jul-2026,TIGALAPANKAOS BONE,NAVY + RIB,NAVY + RIB 2XL,74306,21,0,0,34393,722253,756646
Agu-2026,TIGALAPANKAOS BONE,NAVY + RIB,NAVY + RIB 2XL,0,30,0,0,34393,1031790,722253
Sep-2026,TIGALAPANKAOS BONE,NAVY + RIB,NAVY + RIB 2XL,0,30,0,0,34393,1031790,1031790
Okt-2026,TIGALAPANKAOS BONE,NAVY + RIB,NAVY + RIB 2XL,0,30,0,0,34393,1031790,1031790
Jan-2026,TIGALAPANKAOS BONE,NAVY + RIB,NAVY + RIB 3XL,0,29,0,0,44433,1288557,0
Feb-2026,TIGALAPANKAOS BONE,NAVY + RIB,NAVY + RIB 3XL,0,29,0,0,44433,1288557,1288557
Mar-2026,TIGALAPANKAOS BONE,NAVY + RIB,NAVY + RIB 3XL,0,29,0,0,44433,1288557,1288557
Apr-2026,TIGALAPANKAOS BONE,NAVY + RIB,NAVY + RIB 3XL,0,29,0,0,44433,1288557,1288557
Mei-2026,TIGALAPANKAOS BONE,NAVY + RIB,NAVY + RIB 3XL,0,29,0,0,44433,1288557,1288557
Jun-2026,TIGALAPANKAOS BONE,NAVY + RIB,NAVY + RIB 3XL,0,29,0,0,44433,1288557,1288557
Jul-2026,TIGALAPANKAOS BONE,NAVY + RIB,NAVY + RIB 3XL,44675,28,0,0,44433,1244124,1288557
Agu-2026,TIGALAPANKAOS BONE,NAVY + RIB,NAVY + RIB 3XL,44675,27,0,0,44433,1199691,1244124
Sep-2026,TIGALAPANKAOS BONE,NAVY + RIB,NAVY + RIB 3XL,0,27,0,0,44433,1199691,1199691
Okt-2026,TIGALAPANKAOS BONE,NAVY + RIB,NAVY + RIB 3XL,0,27,0,0,44433,1199691,1199691
Jan-2026,TIGALAPANKAOS BONE,NAVY + RIB,NAVY + RIB L,0,36,0,0,35115,1264140,0
Feb-2026,TIGALAPANKAOS BONE,NAVY + RIB,NAVY + RIB L,105945,33,0,0,35115,1158795,1264140
Mar-2026,TIGALAPANKAOS BONE,NAVY + RIB,NAVY + RIB L,0,33,0,0,35115,1158795,1158795
Apr-2026,TIGALAPANKAOS BONE,NAVY + RIB,NAVY + RIB L,0,33,0,0,35115,1158795,1158795
Mei-2026,TIGALAPANKAOS BONE,NAVY + RIB,NAVY + RIB L,388465,22,15,0,35115,1299255,1158795
Jun-2026,TIGALAPANKAOS BONE,NAVY + RIB,NAVY + RIB L,140936,33,0,0,35115,1158795,1299255
Jul-2026,TIGALAPANKAOS BONE,NAVY + RIB,NAVY + RIB L,352340,23,0,0,35115,807645,1158795
Agu-2026,TIGALAPANKAOS BONE,NAVY + RIB,NAVY + RIB L,70468,23,0,0,35115,807645,807645
Sep-2026,TIGALAPANKAOS BONE,NAVY + RIB,NAVY + RIB L,146064,32,0,0,35115,1123680,807645
Okt-2026,TIGALAPANKAOS BONE,NAVY + RIB,NAVY + RIB L,0,32,0,0,35115,1123680,1123680
Jan-2026,TIGALAPANKAOS BONE,NAVY + RIB,NAVY + RIB M,0,19,0,0,35191,668629,0
Feb-2026,TIGALAPANKAOS BONE,NAVY + RIB,NAVY + RIB M,0,19,0,0,32964,626316,668629
Mar-2026,TIGALAPANKAOS BONE,NAVY + RIB,NAVY + RIB M,0,34,0,0,32964,1120776,626316
Apr-2026,TIGALAPANKAOS BONE,NAVY + RIB,NAVY + RIB M,0,34,0,0,32964,1120776,1120776
Mei-2026,TIGALAPANKAOS BONE,NAVY + RIB,NAVY + RIB M,34908,33,0,0,32964,1087812,1120776
Jun-2026,TIGALAPANKAOS BONE,NAVY + RIB,NAVY + RIB M,69816,31,0,0,32964,1021884,1087812
Jul-2026,TIGALAPANKAOS BONE,NAVY + RIB,NAVY + RIB M,174540,28,0,0,32964,922992,1021884
Agu-2026,TIGALAPANKAOS BONE,NAVY + RIB,NAVY + RIB M,209448,25,0,0,32964,824100,922992
Sep-2026,TIGALAPANKAOS BONE,NAVY + RIB,NAVY + RIB M,69816,18,0,0,32964,593352,824100
Okt-2026,TIGALAPANKAOS BONE,NAVY + RIB,NAVY + RIB M,71037,31,0,0,32964,1021884,593352
Jan-2026,TIGALAPANKAOS BONE,NAVY + RIB,NAVY + RIB S,0,26,0,0,34613,899938,0
Feb-2026,TIGALAPANKAOS BONE,NAVY + RIB,NAVY + RIB S,0,26,0,0,34613,899938,899938
Mar-2026,TIGALAPANKAOS BONE,NAVY + RIB,NAVY + RIB S,0,26,0,0,34613,899938,899938
Apr-2026,TIGALAPANKAOS BONE,NAVY + RIB,NAVY + RIB S,34857,25,0,0,34613,865325,899938
Mei-2026,TIGALAPANKAOS BONE,NAVY + RIB,NAVY + RIB S,0,25,0,0,34613,865325,865325
Jun-2026,TIGALAPANKAOS BONE,NAVY + RIB,NAVY + RIB S,34857,24,0,0,34613,830712,865325
Jul-2026,TIGALAPANKAOS BONE,NAVY + RIB,NAVY + RIB S,104571,21,0,0,34613,726873,830712
Agu-2026,TIGALAPANKAOS BONE,NAVY + RIB,NAVY + RIB S,0,21,0,0,34613,726873,726873
Sep-2026,TIGALAPANKAOS BONE,NAVY + RIB,NAVY + RIB S,0,21,0,0,34613,726873,726873
Okt-2026,TIGALAPANKAOS BONE,NAVY + RIB,NAVY + RIB S,69714,19,0,0,34613,657647,726873
Jan-2026,TIGALAPANKAOS BONE,NAVY + RIB,NAVY + RIB XL,0,23,0,0,35116,807668,0
Feb-2026,TIGALAPANKAOS BONE,NAVY + RIB,NAVY + RIB XL,0,23,0,0,35116,807668,807668
Mar-2026,TIGALAPANKAOS BONE,NAVY + RIB,NAVY + RIB XL,74146,21,0,0,35116,737436,807668
Apr-2026,TIGALAPANKAOS BONE,NAVY + RIB,NAVY + RIB XL,37073,20,0,0,35116,702320,737436
Mei-2026,TIGALAPANKAOS BONE,NAVY + RIB,NAVY + RIB XL,370730,10,0,0,35116,351160,702320
Jun-2026,TIGALAPANKAOS BONE,NAVY + RIB,NAVY + RIB XL,37073,9,0,0,35116,316044,351160
Jul-2026,TIGALAPANKAOS BONE,NAVY + RIB,NAVY + RIB XL,222438,18,0,0,35116,632088,316044
Agu-2026,TIGALAPANKAOS BONE,NAVY + RIB,NAVY + RIB XL,37500,32,0,0,35116,1123712,632088
Sep-2026,TIGALAPANKAOS BONE,NAVY + RIB,NAVY + RIB XL,37500,31,0,0,35116,1088596,1123712
Okt-2026,TIGALAPANKAOS BONE,NAVY + RIB,NAVY + RIB XL,0,31,0,0,35116,1088596,1088596
Jan-2026,TIGALAPANKAOS BONE,PUTIH + RIB,PUTIH + RIB 2XL,0,29,0,0,35692,1035068,0
Feb-2026,TIGALAPANKAOS BONE,PUTIH + RIB,PUTIH + RIB 2XL,32873,28,0,0,35692,999376,1035068
Mar-2026,TIGALAPANKAOS BONE,PUTIH + RIB,PUTIH + RIB 2XL,0,28,0,0,35692,999376,999376
Apr-2026,TIGALAPANKAOS BONE,PUTIH + RIB,PUTIH + RIB 2XL,230111,21,0,0,35692,749532,999376
Mei-2026,TIGALAPANKAOS BONE,PUTIH + RIB,PUTIH + RIB 2XL,0,21,0,0,35692,749532,749532
Jun-2026,TIGALAPANKAOS BONE,PUTIH + RIB,PUTIH + RIB 2XL,0,21,0,0,35692,749532,749532
Jul-2026,TIGALAPANKAOS BONE,PUTIH + RIB,PUTIH + RIB 2XL,131492,21,0,0,35692,749532,749532
Agu-2026,TIGALAPANKAOS BONE,PUTIH + RIB,PUTIH + RIB 2XL,301785,19,0,0,35692,678148,749532
Sep-2026,TIGALAPANKAOS BONE,PUTIH + RIB,PUTIH + RIB 2XL,67722,17,0,0,35692,606764,678148
Okt-2026,TIGALAPANKAOS BONE,PUTIH + RIB,PUTIH + RIB 2XL,0,25,0,0,35692,892300,606764
Jan-2026,TIGALAPANKAOS BONE,PUTIH + RIB,PUTIH + RIB 3XL,0,10,0,0,40627,406270,0
Feb-2026,TIGALAPANKAOS BONE,PUTIH + RIB,PUTIH + RIB 3XL,0,10,0,0,40627,406270,406270
Mar-2026,TIGALAPANKAOS BONE,PUTIH + RIB,PUTIH + RIB 3XL,0,10,0,0,40627,406270,406270
Apr-2026,TIGALAPANKAOS BONE,PUTIH + RIB,PUTIH + RIB 3XL,121881,7,0,0,40627,284389,406270
Mei-2026,TIGALAPANKAOS BONE,PUTIH + RIB,PUTIH + RIB 3XL,0,7,0,0,40627,284389,284389
Jun-2026,TIGALAPANKAOS BONE,PUTIH + RIB,PUTIH + RIB 3XL,0,7,0,0,40627,284389,284389
Jul-2026,TIGALAPANKAOS BONE,PUTIH + RIB,PUTIH + RIB 3XL,81254,7,0,0,40627,284389,284389
Agu-2026,TIGALAPANKAOS BONE,PUTIH + RIB,PUTIH + RIB 3XL,162508,1,0,0,40627,40627,284389
Sep-2026,TIGALAPANKAOS BONE,PUTIH + RIB,PUTIH + RIB 3XL,40627,0,0,0,40627,0,40627
Okt-2026,TIGALAPANKAOS BONE,PUTIH + RIB,PUTIH + RIB 3XL,0,10,0,0,40627,406270,0
Jan-2026,TIGALAPANKAOS BONE,PUTIH + RIB,PUTIH + RIB L,0,51,0,0,32169,1640619,0
Feb-2026,TIGALAPANKAOS BONE,PUTIH + RIB,PUTIH + RIB L,227983,44,0,0,32141,1414204,1640619
Mar-2026,TIGALAPANKAOS BONE,PUTIH + RIB,PUTIH + RIB L,0,36,0,0,32259,1161324,1414204
Apr-2026,TIGALAPANKAOS BONE,PUTIH + RIB,PUTIH + RIB L,716518,14,0,0,32259,451626,1161324
Mei-2026,TIGALAPANKAOS BONE,PUTIH + RIB,PUTIH + RIB L,65138,27,0,0,32259,870993,451626
Jun-2026,TIGALAPANKAOS BONE,PUTIH + RIB,PUTIH + RIB L,162895,21,0,0,32259,677439,870993
Jul-2026,TIGALAPANKAOS BONE,PUTIH + RIB,PUTIH + RIB L,575803,13,0,0,32259,419367,677439
Agu-2026,TIGALAPANKAOS BONE,PUTIH + RIB,PUTIH + RIB L,554158,35,0,0,32259,1129065,419367
Sep-2026,TIGALAPANKAOS BONE,PUTIH + RIB,PUTIH + RIB L,34580,32,0,0,32259,1032288,1129065
Okt-2026,TIGALAPANKAOS BONE,PUTIH + RIB,PUTIH + RIB L,35626,29,15,0,32259,1419396,1032288
Jan-2026,TIGALAPANKAOS BONE,PUTIH + RIB,PUTIH + RIB M,97749,35,0,0,32474,1136590,0
Feb-2026,TIGALAPANKAOS BONE,PUTIH + RIB,PUTIH + RIB M,293247,26,0,0,32327,840502,1136590
Mar-2026,TIGALAPANKAOS BONE,PUTIH + RIB,PUTIH + RIB M,0,26,0,0,32327,840502,840502
Apr-2026,TIGALAPANKAOS BONE,PUTIH + RIB,PUTIH + RIB M,488745,11,0,0,32327,355597,840502
Mei-2026,TIGALAPANKAOS BONE,PUTIH + RIB,PUTIH + RIB M,0,30,0,0,32327,969810,355597
Jun-2026,TIGALAPANKAOS BONE,PUTIH + RIB,PUTIH + RIB M,230475,23,0,0,32327,743521,969810
Jul-2026,TIGALAPANKAOS BONE,PUTIH + RIB,PUTIH + RIB M,791496,17,0,0,32327,549559,743521
Agu-2026,TIGALAPANKAOS BONE,PUTIH + RIB,PUTIH + RIB M,527622,32,0,0,32327,1034464,549559
Sep-2026,TIGALAPANKAOS BONE,PUTIH + RIB,PUTIH + RIB M,35530,29,0,0,32327,937483,1034464
Okt-2026,TIGALAPANKAOS BONE,PUTIH + RIB,PUTIH + RIB M,35530,28,0,0,32327,905156,937483
Jan-2026,TIGALAPANKAOS BONE,PUTIH + RIB,PUTIH + RIB S,0,28,0,0,32719,916132,0
Feb-2026,TIGALAPANKAOS BONE,PUTIH + RIB,PUTIH + RIB S,0,28,0,0,32719,916132,916132
Mar-2026,TIGALAPANKAOS BONE,PUTIH + RIB,PUTIH + RIB S,0,28,0,0,32719,916132,916132
Apr-2026,TIGALAPANKAOS BONE,PUTIH + RIB,PUTIH + RIB S,131468,54,0,0,32719,1766826,916132
Mei-2026,TIGALAPANKAOS BONE,PUTIH + RIB,PUTIH + RIB S,65570,52,0,0,32719,1701388,1766826
Jun-2026,TIGALAPANKAOS BONE,PUTIH + RIB,PUTIH + RIB S,229495,45,0,0,32719,1472355,1701388
Jul-2026,TIGALAPANKAOS BONE,PUTIH + RIB,PUTIH + RIB S,262328,44,0,0,32719,1439636,1472355
Agu-2026,TIGALAPANKAOS BONE,PUTIH + RIB,PUTIH + RIB S,65602,36,0,0,32719,1177884,1439636
Sep-2026,TIGALAPANKAOS BONE,PUTIH + RIB,PUTIH + RIB S,32801,35,0,0,32719,1145165,1177884
Okt-2026,TIGALAPANKAOS BONE,PUTIH + RIB,PUTIH + RIB S,0,35,0,0,32719,1145165,1145165
Jan-2026,TIGALAPANKAOS BONE,PUTIH + RIB,PUTIH + RIB XL,394152,24,0,0,32650,783600,0
Feb-2026,TIGALAPANKAOS BONE,PUTIH + RIB,PUTIH + RIB XL,32846,23,0,0,32397,745131,783600
Mar-2026,TIGALAPANKAOS BONE,PUTIH + RIB,PUTIH + RIB XL,0,23,0,0,32397,745131,745131
Apr-2026,TIGALAPANKAOS BONE,PUTIH + RIB,PUTIH + RIB XL,459844,9,0,0,32397,291573,745131
Mei-2026,TIGALAPANKAOS BONE,PUTIH + RIB,PUTIH + RIB XL,65523,22,0,0,32397,712734,291573
Jun-2026,TIGALAPANKAOS BONE,PUTIH + RIB,PUTIH + RIB XL,98031,19,0,0,32397,615543,712734
Jul-2026,TIGALAPANKAOS BONE,PUTIH + RIB,PUTIH + RIB XL,167823,16,0,0,32397,518352,615543
Agu-2026,TIGALAPANKAOS BONE,PUTIH + RIB,PUTIH + RIB XL,314064,37,0,0,32397,1198689,518352
Sep-2026,TIGALAPANKAOS BONE,PUTIH + RIB,PUTIH + RIB XL,69792,33,0,0,32397,1069101,1198689
Okt-2026,TIGALAPANKAOS BONE,PUTIH + RIB,PUTIH + RIB XL,34890,14,15,0,32397,939513,1069101
Mar-2026,TIGALAPANKAOS BONE,SAGE GREEN + RIB,SAGE GREEN + RIB 2XL,36201,0,0,0,0,0,0
Apr-2026,TIGALAPANKAOS BONE,SAGE GREEN + RIB,SAGE GREEN + RIB 2XL,92070,0,0,0,0,0,0
Mar-2026,TIGALAPANKAOS BONE,SAGE GREEN + RIB,SAGE GREEN + RIB L,351050,0,0,0,0,0,0
Apr-2026,TIGALAPANKAOS BONE,SAGE GREEN + RIB,SAGE GREEN + RIB L,290490,0,0,0,0,0,0
Mar-2026,TIGALAPANKAOS BONE,SAGE GREEN + RIB,SAGE GREEN + RIB M,108603,0,0,0,0,0,0
Apr-2026,TIGALAPANKAOS BONE,SAGE GREEN + RIB,SAGE GREEN + RIB M,247960,0,0,0,0,0,0
Apr-2026,TIGALAPANKAOS BONE,SAGE GREEN + RIB,SAGE GREEN + RIB S,72536,0,0,0,0,0,0
Mar-2026,TIGALAPANKAOS BONE,SAGE GREEN + RIB,SAGE GREEN + RIB XL,356530,0,0,0,0,0,0
Apr-2026,TIGALAPANKAOS BONE,SAGE GREEN + RIB,SAGE GREEN + RIB XL,228016,0,0,0,0,0,0
Jan-2026,TIGALAPANKAOS MAKASSAR,ABU TUA + RIB,ABU TUA + RIB 2XL,88252,26,0,0,38070,989820,0
Feb-2026,TIGALAPANKAOS MAKASSAR,ABU TUA + RIB,ABU TUA + RIB 2XL,0,26,0,0,38070,989820,989820
Mar-2026,TIGALAPANKAOS MAKASSAR,ABU TUA + RIB,ABU TUA + RIB 2XL,0,24,0,0,38070,913680,989820
Apr-2026,TIGALAPANKAOS MAKASSAR,ABU TUA + RIB,ABU TUA + RIB 2XL,132378,21,0,0,38070,799470,913680
Mei-2026,TIGALAPANKAOS MAKASSAR,ABU TUA + RIB,ABU TUA + RIB 2XL,0,21,0,0,38070,799470,799470
Jun-2026,TIGALAPANKAOS MAKASSAR,ABU TUA + RIB,ABU TUA + RIB 2XL,132378,17,0,0,38070,647190,799470
Jul-2026,TIGALAPANKAOS MAKASSAR,ABU TUA + RIB,ABU TUA + RIB 2XL,41287,32,0,0,38070,1218240,647190
Agu-2026,TIGALAPANKAOS MAKASSAR,ABU TUA + RIB,ABU TUA + RIB 2XL,206435,25,0,0,38070,951750,1218240
Sep-2026,TIGALAPANKAOS MAKASSAR,ABU TUA + RIB,ABU TUA + RIB 2XL,206435,19,0,0,38070,723330,951750
Okt-2026,TIGALAPANKAOS MAKASSAR,ABU TUA + RIB,ABU TUA + RIB 2XL,41287,17,0,0,38070,647190,723330
Jan-2026,TIGALAPANKAOS MAKASSAR,ABU TUA + RIB,ABU TUA + RIB 3XL,0,36,0,0,47562,1712232,0
Feb-2026,TIGALAPANKAOS MAKASSAR,ABU TUA + RIB,ABU TUA + RIB 3XL,0,36,0,0,47562,1712232,1712232
Mar-2026,TIGALAPANKAOS MAKASSAR,ABU TUA + RIB,ABU TUA + RIB 3XL,0,36,0,0,47562,1712232,1712232
Apr-2026,TIGALAPANKAOS MAKASSAR,ABU TUA + RIB,ABU TUA + RIB 3XL,91342,34,0,0,47562,1617108,1712232
Mei-2026,TIGALAPANKAOS MAKASSAR,ABU TUA + RIB,ABU TUA + RIB 3XL,0,34,0,0,47562,1617108,1617108
Jun-2026,TIGALAPANKAOS MAKASSAR,ABU TUA + RIB,ABU TUA + RIB 3XL,0,34,0,0,47562,1617108,1617108
Jul-2026,TIGALAPANKAOS MAKASSAR,ABU TUA + RIB,ABU TUA + RIB 3XL,45671,33,0,0,47562,1569546,1617108
Agu-2026,TIGALAPANKAOS MAKASSAR,ABU TUA + RIB,ABU TUA + RIB 3XL,0,31,0,0,47562,1474422,1569546
Sep-2026,TIGALAPANKAOS MAKASSAR,ABU TUA + RIB,ABU TUA + RIB 3XL,0,36,0,0,47562,1712232,1474422
Okt-2026,TIGALAPANKAOS MAKASSAR,ABU TUA + RIB,ABU TUA + RIB 3XL,45865,35,0,0,47562,1664670,1712232
Jan-2026,TIGALAPANKAOS MAKASSAR,ABU TUA + RIB,ABU TUA + RIB L,890237,53,0,0,35180,1864540,0
Feb-2026,TIGALAPANKAOS MAKASSAR,ABU TUA + RIB,ABU TUA + RIB L,387871,42,0,0,35180,1477560,1864540
Mar-2026,TIGALAPANKAOS MAKASSAR,ABU TUA + RIB,ABU TUA + RIB L,70522,39,0,0,35180,1372020,1477560
Apr-2026,TIGALAPANKAOS MAKASSAR,ABU TUA + RIB,ABU TUA + RIB L,176305,34,0,0,35180,1196120,1372020
Mei-2026,TIGALAPANKAOS MAKASSAR,ABU TUA + RIB,ABU TUA + RIB L,493654,2,0,0,35180,70360,1196120
Jun-2026,TIGALAPANKAOS MAKASSAR,ABU TUA + RIB,ABU TUA + RIB L,212980,25,0,0,35180,879500,70360
Jul-2026,TIGALAPANKAOS MAKASSAR,ABU TUA + RIB,ABU TUA + RIB L,213037,38,0,0,35180,1336840,879500
Agu-2026,TIGALAPANKAOS MAKASSAR,ABU TUA + RIB,ABU TUA + RIB L,639126,16,0,0,35180,562880,1336840
Sep-2026,TIGALAPANKAOS MAKASSAR,ABU TUA + RIB,ABU TUA + RIB L,701227,23,0,0,35180,809140,562880
Okt-2026,TIGALAPANKAOS MAKASSAR,ABU TUA + RIB,ABU TUA + RIB L,37283,22,0,0,35180,773960,809140
Jan-2026,TIGALAPANKAOS MAKASSAR,ABU TUA + RIB,ABU TUA + RIB M,243272,27,0,0,35432,956664,0
Feb-2026,TIGALAPANKAOS MAKASSAR,ABU TUA + RIB,ABU TUA + RIB M,105234,24,0,0,35432,850368,956664
Mar-2026,TIGALAPANKAOS MAKASSAR,ABU TUA + RIB,ABU TUA + RIB M,35078,18,0,0,35432,637776,850368
Apr-2026,TIGALAPANKAOS MAKASSAR,ABU TUA + RIB,ABU TUA + RIB M,456014,3,0,0,35432,106296,637776
Mei-2026,TIGALAPANKAOS MAKASSAR,ABU TUA + RIB,ABU TUA + RIB M,70431,6,0,0,35432,212592,106296
Jun-2026,TIGALAPANKAOS MAKASSAR,ABU TUA + RIB,ABU TUA + RIB M,106413,17,0,0,35432,602344,212592
Jul-2026,TIGALAPANKAOS MAKASSAR,ABU TUA + RIB,ABU TUA + RIB M,70986,31,0,0,35432,1098392,602344
Agu-2026,TIGALAPANKAOS MAKASSAR,ABU TUA + RIB,ABU TUA + RIB M,283944,22,0,0,35432,779504,1098392
Sep-2026,TIGALAPANKAOS MAKASSAR,ABU TUA + RIB,ABU TUA + RIB M,106479,18,0,0,35432,637776,779504
Okt-2026,TIGALAPANKAOS MAKASSAR,ABU TUA + RIB,ABU TUA + RIB M,0,17,0,0,35432,602344,637776
Jan-2026,TIGALAPANKAOS MAKASSAR,ABU TUA + RIB,ABU TUA + RIB S,137812,32,0,0,35135,1124320,0
Feb-2026,TIGALAPANKAOS MAKASSAR,ABU TUA + RIB,ABU TUA + RIB S,0,30,0,0,35135,1054050,1124320
Mar-2026,TIGALAPANKAOS MAKASSAR,ABU TUA + RIB,ABU TUA + RIB S,34453,27,0,0,35135,948645,1054050
Apr-2026,TIGALAPANKAOS MAKASSAR,ABU TUA + RIB,ABU TUA + RIB S,0,25,0,0,35135,878375,948645
Mei-2026,TIGALAPANKAOS MAKASSAR,ABU TUA + RIB,ABU TUA + RIB S,0,25,0,0,35135,878375,878375
Jun-2026,TIGALAPANKAOS MAKASSAR,ABU TUA + RIB,ABU TUA + RIB S,34453,21,0,0,35135,737835,878375
Jul-2026,TIGALAPANKAOS MAKASSAR,ABU TUA + RIB,ABU TUA + RIB S,34453,20,0,0,35135,702700,737835
Agu-2026,TIGALAPANKAOS MAKASSAR,ABU TUA + RIB,ABU TUA + RIB S,137812,15,0,0,35135,527025,702700
Sep-2026,TIGALAPANKAOS MAKASSAR,ABU TUA + RIB,ABU TUA + RIB S,0,14,0,0,35135,491890,527025
Okt-2026,TIGALAPANKAOS MAKASSAR,ABU TUA + RIB,ABU TUA + RIB S,34453,13,0,0,35135,456755,491890
Jan-2026,TIGALAPANKAOS MAKASSAR,ABU TUA + RIB,ABU TUA + RIB XL,435960,31,0,0,35876,1112156,0
Feb-2026,TIGALAPANKAOS MAKASSAR,ABU TUA + RIB,ABU TUA + RIB XL,71780,28,0,0,35876,1004528,1112156
Mar-2026,TIGALAPANKAOS MAKASSAR,ABU TUA + RIB,ABU TUA + RIB XL,251230,19,0,0,35890,681910,1004528
Apr-2026,TIGALAPANKAOS MAKASSAR,ABU TUA + RIB,ABU TUA + RIB XL,538350,5,0,0,35890,179450,681910
Mei-2026,TIGALAPANKAOS MAKASSAR,ABU TUA + RIB,ABU TUA + RIB XL,179450,0,0,0,35876,0,179450
Jun-2026,TIGALAPANKAOS MAKASSAR,ABU TUA + RIB,ABU TUA + RIB XL,0,29,0,0,35890,1040810,0
Jul-2026,TIGALAPANKAOS MAKASSAR,ABU TUA + RIB,ABU TUA + RIB XL,213108,26,0,0,35890,933140,1040810
Agu-2026,TIGALAPANKAOS MAKASSAR,ABU TUA + RIB,ABU TUA + RIB XL,355180,28,0,0,35890,1004920,933140
Sep-2026,TIGALAPANKAOS MAKASSAR,ABU TUA + RIB,ABU TUA + RIB XL,77762,26,0,0,35890,933140,1004920
Okt-2026,TIGALAPANKAOS MAKASSAR,ABU TUA + RIB,ABU TUA + RIB XL,38881,25,0,0,35890,897250,933140
Jan-2026,TIGALAPANKAOS MAKASSAR,BENHUR + RIB,BENHUR + RIB 2XL,0,20,0,0,36563,731260,0
Feb-2026,TIGALAPANKAOS MAKASSAR,BENHUR + RIB,BENHUR + RIB 2XL,0,20,0,0,36563,731260,731260
Mar-2026,TIGALAPANKAOS MAKASSAR,BENHUR + RIB,BENHUR + RIB 2XL,0,20,0,0,36563,731260,731260
Apr-2026,TIGALAPANKAOS MAKASSAR,BENHUR + RIB,BENHUR + RIB 2XL,330417,12,0,0,36563,438756,731260
Mei-2026,TIGALAPANKAOS MAKASSAR,BENHUR + RIB,BENHUR + RIB 2XL,36613,12,0,0,36563,438756,438756
Jun-2026,TIGALAPANKAOS MAKASSAR,BENHUR + RIB,BENHUR + RIB 2XL,0,12,0,0,36563,438756,438756
Jul-2026,TIGALAPANKAOS MAKASSAR,BENHUR + RIB,BENHUR + RIB 2XL,36613,21,0,0,36563,767823,438756
Agu-2026,TIGALAPANKAOS MAKASSAR,BENHUR + RIB,BENHUR + RIB 2XL,73178,19,0,0,36563,694697,767823
Sep-2026,TIGALAPANKAOS MAKASSAR,BENHUR + RIB,BENHUR + RIB 2XL,0,18,0,0,36563,658134,694697
Okt-2026,TIGALAPANKAOS MAKASSAR,BENHUR + RIB,BENHUR + RIB 2XL,0,18,0,0,36563,658134,658134
Jan-2026,TIGALAPANKAOS MAKASSAR,BENHUR + RIB,BENHUR + RIB 3XL,188748,28,0,0,45841,1283548,0
Feb-2026,TIGALAPANKAOS MAKASSAR,BENHUR + RIB,BENHUR + RIB 3XL,0,28,0,0,45841,1283548,1283548
Mar-2026,TIGALAPANKAOS MAKASSAR,BENHUR + RIB,BENHUR + RIB 3XL,0,28,0,0,45841,1283548,1283548
Apr-2026,TIGALAPANKAOS MAKASSAR,BENHUR + RIB,BENHUR + RIB 3XL,188748,24,0,0,45841,1100184,1283548
Mei-2026,TIGALAPANKAOS MAKASSAR,BENHUR + RIB,BENHUR + RIB 3XL,0,23,0,0,45841,1054343,1100184
Jun-2026,TIGALAPANKAOS MAKASSAR,BENHUR + RIB,BENHUR + RIB 3XL,0,23,0,0,45841,1054343,1054343
Jul-2026,TIGALAPANKAOS MAKASSAR,BENHUR + RIB,BENHUR + RIB 3XL,0,23,0,0,45841,1054343,1054343
Agu-2026,TIGALAPANKAOS MAKASSAR,BENHUR + RIB,BENHUR + RIB 3XL,141561,20,0,0,45841,916820,1054343
Sep-2026,TIGALAPANKAOS MAKASSAR,BENHUR + RIB,BENHUR + RIB 3XL,0,20,0,0,45841,916820,916820
Okt-2026,TIGALAPANKAOS MAKASSAR,BENHUR + RIB,BENHUR + RIB 3XL,0,20,0,0,45841,916820,916820
Jan-2026,TIGALAPANKAOS MAKASSAR,BENHUR + RIB,BENHUR + RIB L,253078,19,0,0,36209,687971,0
Feb-2026,TIGALAPANKAOS MAKASSAR,BENHUR + RIB,BENHUR + RIB L,36154,32,0,0,36209,1158688,687971
Mar-2026,TIGALAPANKAOS MAKASSAR,BENHUR + RIB,BENHUR + RIB L,470327,22,0,0,36209,796598,1158688
Apr-2026,TIGALAPANKAOS MAKASSAR,BENHUR + RIB,BENHUR + RIB L,868611,0,0,0,36209,0,796598
Mei-2026,TIGALAPANKAOS MAKASSAR,BENHUR + RIB,BENHUR + RIB L,181912,16,0,0,36209,579344,0
Jun-2026,TIGALAPANKAOS MAKASSAR,BENHUR + RIB,BENHUR + RIB L,1121610,15,0,0,36209,543135,579344
Jul-2026,TIGALAPANKAOS MAKASSAR,BENHUR + RIB,BENHUR + RIB L,932324,48,0,0,36209,1738032,543135
Agu-2026,TIGALAPANKAOS MAKASSAR,BENHUR + RIB,BENHUR + RIB L,791040,35,0,0,36209,1267315,1738032
Sep-2026,TIGALAPANKAOS MAKASSAR,BENHUR + RIB,BENHUR + RIB L,78960,49,0,0,36209,1774241,1267315
Okt-2026,TIGALAPANKAOS MAKASSAR,BENHUR + RIB,BENHUR + RIB L,39480,48,0,0,36209,1738032,1774241
Jan-2026,TIGALAPANKAOS MAKASSAR,BENHUR + RIB,BENHUR + RIB M,107343,19,0,0,35986,683734,0
Feb-2026,TIGALAPANKAOS MAKASSAR,BENHUR + RIB,BENHUR + RIB M,0,18,0,0,35986,647748,683734
Mar-2026,TIGALAPANKAOS MAKASSAR,BENHUR + RIB,BENHUR + RIB M,143124,14,0,0,35986,503804,647748
Apr-2026,TIGALAPANKAOS MAKASSAR,BENHUR + RIB,BENHUR + RIB M,1042137,16,0,0,35986,575776,503804
Mei-2026,TIGALAPANKAOS MAKASSAR,BENHUR + RIB,BENHUR + RIB M,144180,4,0,0,35986,143944,575776
Jun-2026,TIGALAPANKAOS MAKASSAR,BENHUR + RIB,BENHUR + RIB M,37865,18,0,0,35986,647748,143944
Jul-2026,TIGALAPANKAOS MAKASSAR,BENHUR + RIB,BENHUR + RIB M,385679,45,0,0,35986,1619370,647748
Agu-2026,TIGALAPANKAOS MAKASSAR,BENHUR + RIB,BENHUR + RIB M,506753,38,0,0,35986,1367468,1619370
Sep-2026,TIGALAPANKAOS MAKASSAR,BENHUR + RIB,BENHUR + RIB M,0,53,0,0,35986,1907258,1367468
Okt-2026,TIGALAPANKAOS MAKASSAR,BENHUR + RIB,BENHUR + RIB M,0,53,0,0,35986,1907258,1907258
Jan-2026,TIGALAPANKAOS MAKASSAR,BENHUR + RIB,BENHUR + RIB S,37818,28,0,0,36137,1011836,0
Feb-2026,TIGALAPANKAOS MAKASSAR,BENHUR + RIB,BENHUR + RIB S,-37818,29,0,0,36137,1047973,1011836
Mar-2026,TIGALAPANKAOS MAKASSAR,BENHUR + RIB,BENHUR + RIB S,0,29,0,0,36137,1047973,1047973
Apr-2026,TIGALAPANKAOS MAKASSAR,BENHUR + RIB,BENHUR + RIB S,378180,11,0,0,36137,397507,1047973
Mei-2026,TIGALAPANKAOS MAKASSAR,BENHUR + RIB,BENHUR + RIB S,72580,6,0,0,36137,216822,397507
Jun-2026,TIGALAPANKAOS MAKASSAR,BENHUR + RIB,BENHUR + RIB S,74066,16,0,0,36137,578192,216822
Jul-2026,TIGALAPANKAOS MAKASSAR,BENHUR + RIB,BENHUR + RIB S,37176,26,0,0,36137,939562,578192
Agu-2026,TIGALAPANKAOS MAKASSAR,BENHUR + RIB,BENHUR + RIB S,148704,21,0,0,36137,758877,939562
Sep-2026,TIGALAPANKAOS MAKASSAR,BENHUR + RIB,BENHUR + RIB S,37164,21,0,0,36137,758877,758877
Okt-2026,TIGALAPANKAOS MAKASSAR,BENHUR + RIB,BENHUR + RIB S,0,21,0,0,36137,758877,758877
Jan-2026,TIGALAPANKAOS MAKASSAR,BENHUR + RIB,BENHUR + RIB XL,398706,10,0,0,35965,359650,0
Feb-2026,TIGALAPANKAOS MAKASSAR,BENHUR + RIB,BENHUR + RIB XL,0,25,0,0,35965,899125,359650
Mar-2026,TIGALAPANKAOS MAKASSAR,BENHUR + RIB,BENHUR + RIB XL,216462,22,0,0,35965,791230,899125
Apr-2026,TIGALAPANKAOS MAKASSAR,BENHUR + RIB,BENHUR + RIB XL,685463,0,0,0,35965,0,791230
Mei-2026,TIGALAPANKAOS MAKASSAR,BENHUR + RIB,BENHUR + RIB XL,37243,0,0,0,35965,0,0
Jun-2026,TIGALAPANKAOS MAKASSAR,BENHUR + RIB,BENHUR + RIB XL,740718,27,0,0,35965,971055,0
Jul-2026,TIGALAPANKAOS MAKASSAR,BENHUR + RIB,BENHUR + RIB XL,82302,41,0,0,35965,1474565,971055
Agu-2026,TIGALAPANKAOS MAKASSAR,BENHUR + RIB,BENHUR + RIB XL,411510,30,0,0,35965,1078950,1474565
Sep-2026,TIGALAPANKAOS MAKASSAR,BENHUR + RIB,BENHUR + RIB XL,41151,27,0,0,35965,971055,1078950
Okt-2026,TIGALAPANKAOS MAKASSAR,BENHUR + RIB,BENHUR + RIB XL,0,27,0,0,35965,971055,971055
Jan-2026,TIGALAPANKAOS MAKASSAR,HITAM + RIB,HITAM + RIB 2XL,937445,56,0,0,40134,2247504,0
Feb-2026,TIGALAPANKAOS MAKASSAR,HITAM + RIB,HITAM + RIB 2XL,727650,37,0,0,40134,1484958,2247504
Mar-2026,TIGALAPANKAOS MAKASSAR,HITAM + RIB,HITAM + RIB 2XL,890148,26,0,0,40815,1061190,1484958
Apr-2026,TIGALAPANKAOS MAKASSAR,HITAM + RIB,HITAM + RIB 2XL,731866,17,0,0,40815,693855,1061190
Mei-2026,TIGALAPANKAOS MAKASSAR,HITAM + RIB,HITAM + RIB 2XL,1047620,40,0,0,40111,1604440,693855
Jun-2026,TIGALAPANKAOS MAKASSAR,HITAM + RIB,HITAM + RIB 2XL,880682,27,0,0,40111,1082997,1604440
Jul-2026,TIGALAPANKAOS MAKASSAR,HITAM + RIB,HITAM + RIB 2XL,321680,33,0,0,40111,1323663,1082997
Agu-2026,TIGALAPANKAOS MAKASSAR,HITAM + RIB,HITAM + RIB 2XL,584640,65,0,0,40111,2607215,1323663
Sep-2026,TIGALAPANKAOS MAKASSAR,HITAM + RIB,HITAM + RIB 2XL,2023104,24,0,0,40111,962664,2607215
Okt-2026,TIGALAPANKAOS MAKASSAR,HITAM + RIB,HITAM + RIB 2XL,216222,20,0,0,40111,802220,962664
Jan-2026,TIGALAPANKAOS MAKASSAR,HITAM + RIB,HITAM + RIB 3XL,140616,22,0,0,45968,1011296,0
Feb-2026,TIGALAPANKAOS MAKASSAR,HITAM + RIB,HITAM + RIB 3XL,140616,17,0,0,45968,781456,1011296
Mar-2026,TIGALAPANKAOS MAKASSAR,HITAM + RIB,HITAM + RIB 3XL,281232,11,0,0,45968,505648,781456
Apr-2026,TIGALAPANKAOS MAKASSAR,HITAM + RIB,HITAM + RIB 3XL,46872,11,0,0,45968,505648,505648
Mei-2026,TIGALAPANKAOS MAKASSAR,HITAM + RIB,HITAM + RIB 3XL,234360,8,0,0,45968,367744,505648
Jun-2026,TIGALAPANKAOS MAKASSAR,HITAM + RIB,HITAM + RIB 3XL,231535,2,0,0,45968,91936,367744
Jul-2026,TIGALAPANKAOS MAKASSAR,HITAM + RIB,HITAM + RIB 3XL,90696,1,0,0,45968,45968,91936
Agu-2026,TIGALAPANKAOS MAKASSAR,HITAM + RIB,HITAM + RIB 3XL,182516,20,0,0,45968,919360,45968
Sep-2026,TIGALAPANKAOS MAKASSAR,HITAM + RIB,HITAM + RIB 3XL,506968,12,0,0,45968,551616,919360
Okt-2026,TIGALAPANKAOS MAKASSAR,HITAM + RIB,HITAM + RIB 3XL,0,10,0,0,45968,459680,551616
Sep-2026,TIGALAPANKAOS MAKASSAR,HITAM + RIB,HITAM + RIB 6XL,52923,0,0,0,80000,0,0
Jan-2026,TIGALAPANKAOS MAKASSAR,HITAM + RIB,HITAM + RIB L,7328769,75,0,0,35275,2645625,0
Feb-2026,TIGALAPANKAOS MAKASSAR,HITAM + RIB,HITAM + RIB L,4547918,197,0,0,35188,6932036,2645625
Mar-2026,TIGALAPANKAOS MAKASSAR,HITAM + RIB,HITAM + RIB L,2958985,79,0,0,35247,2784513,6932036
Apr-2026,TIGALAPANKAOS MAKASSAR,HITAM + RIB,HITAM + RIB L,4150949,136,0,0,35247,4793592,2784513
Mei-2026,TIGALAPANKAOS MAKASSAR,HITAM + RIB,HITAM + RIB L,4033838,59,0,0,35046,2067714,4793592
Jun-2026,TIGALAPANKAOS MAKASSAR,HITAM + RIB,HITAM + RIB L,2944734,91,15,0,35046,3714876,2067714
Jul-2026,TIGALAPANKAOS MAKASSAR,HITAM + RIB,HITAM + RIB L,2969024,249,0,0,35046,8726454,3714876
Agu-2026,TIGALAPANKAOS MAKASSAR,HITAM + RIB,HITAM + RIB L,3356056,219,0,0,35046,7675074,8726454
Sep-2026,TIGALAPANKAOS MAKASSAR,HITAM + RIB,HITAM + RIB L,15268921,144,0,0,35046,5046624,7675074
Okt-2026,TIGALAPANKAOS MAKASSAR,HITAM + RIB,HITAM + RIB L,667922,148,0,0,35046,5186808,5046624
Jan-2026,TIGALAPANKAOS MAKASSAR,HITAM + RIB,HITAM + RIB M,4971827,45,0,0,34868,1569060,0
Feb-2026,TIGALAPANKAOS MAKASSAR,HITAM + RIB,HITAM + RIB M,2787735,94,0,0,34868,3277592,1569060
Mar-2026,TIGALAPANKAOS MAKASSAR,HITAM + RIB,HITAM + RIB M,2832453,126,0,0,35204,4435704,3277592
Apr-2026,TIGALAPANKAOS MAKASSAR,HITAM + RIB,HITAM + RIB M,4318767,84,0,0,35204,2957136,4435704
Mei-2026,TIGALAPANKAOS MAKASSAR,HITAM + RIB,HITAM + RIB M,2349142,61,0,0,35089,2140429,2957136
Jun-2026,TIGALAPANKAOS MAKASSAR,HITAM + RIB,HITAM + RIB M,1762712,154,0,0,35089,5403706,2140429
Jul-2026,TIGALAPANKAOS MAKASSAR,HITAM + RIB,HITAM + RIB M,1093230,158,0,0,35089,5544062,5403706
Agu-2026,TIGALAPANKAOS MAKASSAR,HITAM + RIB,HITAM + RIB M,2202176,131,0,0,35089,4596659,5544062
Sep-2026,TIGALAPANKAOS MAKASSAR,HITAM + RIB,HITAM + RIB M,9287211,77,0,0,35089,2701853,4596659
Okt-2026,TIGALAPANKAOS MAKASSAR,HITAM + RIB,HITAM + RIB M,148844,75,0,0,35089,2631675,2701853
Jan-2026,TIGALAPANKAOS MAKASSAR,HITAM + RIB,HITAM + RIB S,1023408,100,0,0,35285,3528500,0
Feb-2026,TIGALAPANKAOS MAKASSAR,HITAM + RIB,HITAM + RIB S,282147,89,0,0,35285,3140365,3528500
Mar-2026,TIGALAPANKAOS MAKASSAR,HITAM + RIB,HITAM + RIB S,282120,77,0,0,35285,2716945,3140365
Apr-2026,TIGALAPANKAOS MAKASSAR,HITAM + RIB,HITAM + RIB S,493710,63,0,0,35285,2222955,2716945
Mei-2026,TIGALAPANKAOS MAKASSAR,HITAM + RIB,HITAM + RIB S,282120,52,0,0,35285,1834820,2222955
Jun-2026,TIGALAPANKAOS MAKASSAR,HITAM + RIB,HITAM + RIB S,352650,30,0,0,35285,1058550,1834820
Jul-2026,TIGALAPANKAOS MAKASSAR,HITAM + RIB,HITAM + RIB S,353543,27,0,0,35285,952695,1058550
Agu-2026,TIGALAPANKAOS MAKASSAR,HITAM + RIB,HITAM + RIB S,130221,58,0,0,35285,2046530,952695
Sep-2026,TIGALAPANKAOS MAKASSAR,HITAM + RIB,HITAM + RIB S,1215396,30,0,0,35285,1058550,2046530
Okt-2026,TIGALAPANKAOS MAKASSAR,HITAM + RIB,HITAM + RIB S,43407,24,0,0,35285,846840,1058550
Jan-2026,TIGALAPANKAOS MAKASSAR,HITAM + RIB,HITAM + RIB XL,3605033,49,0,0,35151,1722399,0
Feb-2026,TIGALAPANKAOS MAKASSAR,HITAM + RIB,HITAM + RIB XL,2736654,135,0,0,38857,5245695,1722399
Mar-2026,TIGALAPANKAOS MAKASSAR,HITAM + RIB,HITAM + RIB XL,2184917,247,0,0,38027,9392669,5245695
Apr-2026,TIGALAPANKAOS MAKASSAR,HITAM + RIB,HITAM + RIB XL,2900616,117,0,0,38027,4449159,9392669
Mei-2026,TIGALAPANKAOS MAKASSAR,HITAM + RIB,HITAM + RIB XL,2664324,54,0,0,35999,1943946,4449159
Jun-2026,TIGALAPANKAOS MAKASSAR,HITAM + RIB,HITAM + RIB XL,2129199,111,15,0,35999,4535874,1943946
Jul-2026,TIGALAPANKAOS MAKASSAR,HITAM + RIB,HITAM + RIB XL,1356375,128,0,0,35999,4607872,4535874
Agu-2026,TIGALAPANKAOS MAKASSAR,HITAM + RIB,HITAM + RIB XL,2368677,119,0,0,35999,4283881,4607872
Sep-2026,TIGALAPANKAOS MAKASSAR,HITAM + RIB,HITAM + RIB XL,9335226,95,0,0,35999,3419905,4283881
Okt-2026,TIGALAPANKAOS MAKASSAR,HITAM + RIB,HITAM + RIB XL,518222,78,0,0,35999,2807922,3419905
Jan-2026,TIGALAPANKAOS MAKASSAR,MAROON + RIB,MAROON + RIB 2XL,0,26,0,0,41035,1066910,0
Feb-2026,TIGALAPANKAOS MAKASSAR,MAROON + RIB,MAROON + RIB 2XL,0,26,0,0,41035,1066910,1066910
Mar-2026,TIGALAPANKAOS MAKASSAR,MAROON + RIB,MAROON + RIB 2XL,38756,25,0,0,41035,1025875,1066910
Apr-2026,TIGALAPANKAOS MAKASSAR,MAROON + RIB,MAROON + RIB 2XL,0,25,0,0,41035,1025875,1025875
Mei-2026,TIGALAPANKAOS MAKASSAR,MAROON + RIB,MAROON + RIB 2XL,155024,21,0,0,41035,861735,1025875
Jun-2026,TIGALAPANKAOS MAKASSAR,MAROON + RIB,MAROON + RIB 2XL,116268,18,0,0,41035,738630,861735
Jul-2026,TIGALAPANKAOS MAKASSAR,MAROON + RIB,MAROON + RIB 2XL,278082,47,0,0,41035,1928645,738630
Agu-2026,TIGALAPANKAOS MAKASSAR,MAROON + RIB,MAROON + RIB 2XL,516438,30,0,0,41035,1231050,1928645
Sep-2026,TIGALAPANKAOS MAKASSAR,MAROON + RIB,MAROON + RIB 2XL,158904,22,0,0,41035,902770,1231050
Okt-2026,TIGALAPANKAOS MAKASSAR,MAROON + RIB,MAROON + RIB 2XL,0,22,0,0,41035,902770,902770
Jan-2026,TIGALAPANKAOS MAKASSAR,MAROON + RIB,MAROON + RIB 3XL,0,18,0,0,46390,835020,0
Feb-2026,TIGALAPANKAOS MAKASSAR,MAROON + RIB,MAROON + RIB 3XL,0,17,0,0,46390,788630,835020
Mar-2026,TIGALAPANKAOS MAKASSAR,MAROON + RIB,MAROON + RIB 3XL,93344,15,0,0,46390,695850,788630
Apr-2026,TIGALAPANKAOS MAKASSAR,MAROON + RIB,MAROON + RIB 3XL,0,15,0,0,46390,695850,695850
Mei-2026,TIGALAPANKAOS MAKASSAR,MAROON + RIB,MAROON + RIB 3XL,0,15,0,0,46390,695850,695850
Jun-2026,TIGALAPANKAOS MAKASSAR,MAROON + RIB,MAROON + RIB 3XL,140016,10,0,0,46390,463900,695850
Jul-2026,TIGALAPANKAOS MAKASSAR,MAROON + RIB,MAROON + RIB 3XL,185012,14,0,0,46390,649460,463900
Agu-2026,TIGALAPANKAOS MAKASSAR,MAROON + RIB,MAROON + RIB 3XL,230693,7,0,0,46390,324730,649460
Sep-2026,TIGALAPANKAOS MAKASSAR,MAROON + RIB,MAROON + RIB 3XL,45681,6,0,0,46390,278340,324730
Okt-2026,TIGALAPANKAOS MAKASSAR,MAROON + RIB,MAROON + RIB 3XL,0,11,0,0,46390,510290,278340
Jan-2026,TIGALAPANKAOS MAKASSAR,MAROON + RIB,MAROON + RIB L,0,31,0,0,35143,1089433,0
Feb-2026,TIGALAPANKAOS MAKASSAR,MAROON + RIB,MAROON + RIB L,351420,50,0,0,36130,1806500,1089433
Mar-2026,TIGALAPANKAOS MAKASSAR,MAROON + RIB,MAROON + RIB L,357230,31,0,0,36130,1120030,1806500
Apr-2026,TIGALAPANKAOS MAKASSAR,MAROON + RIB,MAROON + RIB L,71860,59,0,0,36130,2131670,1120030
Mei-2026,TIGALAPANKAOS MAKASSAR,MAROON + RIB,MAROON + RIB L,1437200,18,0,0,36130,650340,2131670
Jun-2026,TIGALAPANKAOS MAKASSAR,MAROON + RIB,MAROON + RIB L,503846,32,0,0,36130,1156160,650340
Jul-2026,TIGALAPANKAOS MAKASSAR,MAROON + RIB,MAROON + RIB L,2073592,41,0,0,36130,1481330,1156160
Agu-2026,TIGALAPANKAOS MAKASSAR,MAROON + RIB,MAROON + RIB L,5066373,35,0,0,36130,1264550,1481330
Sep-2026,TIGALAPANKAOS MAKASSAR,MAROON + RIB,MAROON + RIB L,1055412,1,0,0,36130,36130,1264550
Okt-2026,TIGALAPANKAOS MAKASSAR,MAROON + RIB,MAROON + RIB L,113442,8,0,0,36130,289040,36130
Jan-2026,TIGALAPANKAOS MAKASSAR,MAROON + RIB,MAROON + RIB M,-35277,39,0,0,35662,1390818,0
Feb-2026,TIGALAPANKAOS MAKASSAR,MAROON + RIB,MAROON + RIB M,246939,62,0,0,35662,2211044,1390818
Mar-2026,TIGALAPANKAOS MAKASSAR,MAROON + RIB,MAROON + RIB M,354630,52,0,0,35662,1854424,2211044
Apr-2026,TIGALAPANKAOS MAKASSAR,MAROON + RIB,MAROON + RIB M,0,52,0,0,35662,1854424,1854424
Mei-2026,TIGALAPANKAOS MAKASSAR,MAROON + RIB,MAROON + RIB M,425556,40,0,0,35662,1426480,1854424
Jun-2026,TIGALAPANKAOS MAKASSAR,MAROON + RIB,MAROON + RIB M,141852,35,0,0,35662,1248170,1426480
Jul-2026,TIGALAPANKAOS MAKASSAR,MAROON + RIB,MAROON + RIB M,863149,48,0,0,35662,1711776,1248170
Agu-2026,TIGALAPANKAOS MAKASSAR,MAROON + RIB,MAROON + RIB M,4140908,22,0,0,35662,784564,1711776
Sep-2026,TIGALAPANKAOS MAKASSAR,MAROON + RIB,MAROON + RIB M,630360,2,0,0,35662,71324,784564
Okt-2026,TIGALAPANKAOS MAKASSAR,MAROON + RIB,MAROON + RIB M,113316,27,0,0,35662,962874,71324
Jan-2026,TIGALAPANKAOS MAKASSAR,MAROON + RIB,MAROON + RIB S,35674,21,0,0,35425,743925,0
Feb-2026,TIGALAPANKAOS MAKASSAR,MAROON + RIB,MAROON + RIB S,0,21,0,0,35425,743925,743925
Mar-2026,TIGALAPANKAOS MAKASSAR,MAROON + RIB,MAROON + RIB S,285392,13,0,0,35425,460525,743925
Apr-2026,TIGALAPANKAOS MAKASSAR,MAROON + RIB,MAROON + RIB S,0,13,0,0,35425,460525,460525
Mei-2026,TIGALAPANKAOS MAKASSAR,MAROON + RIB,MAROON + RIB S,0,13,0,0,35425,460525,460525
Jun-2026,TIGALAPANKAOS MAKASSAR,MAROON + RIB,MAROON + RIB S,0,11,0,0,35425,389675,460525
Jul-2026,TIGALAPANKAOS MAKASSAR,MAROON + RIB,MAROON + RIB S,35492,41,0,0,35425,1452425,389675
Agu-2026,TIGALAPANKAOS MAKASSAR,MAROON + RIB,MAROON + RIB S,745332,24,0,0,35425,850200,1452425
Sep-2026,TIGALAPANKAOS MAKASSAR,MAROON + RIB,MAROON + RIB S,719157,18,0,0,35425,637650,850200
Okt-2026,TIGALAPANKAOS MAKASSAR,MAROON + RIB,MAROON + RIB S,110289,15,0,0,35425,531375,637650
Jan-2026,TIGALAPANKAOS MAKASSAR,MAROON + RIB,MAROON + RIB XL,0,38,0,0,37999,1443962,0
Feb-2026,TIGALAPANKAOS MAKASSAR,MAROON + RIB,MAROON + RIB XL,135220,34,0,0,37999,1291966,1443962
Mar-2026,TIGALAPANKAOS MAKASSAR,MAROON + RIB,MAROON + RIB XL,202830,28,0,0,37999,1063972,1291966
Apr-2026,TIGALAPANKAOS MAKASSAR,MAROON + RIB,MAROON + RIB XL,0,28,0,0,37999,1063972,1063972
Mei-2026,TIGALAPANKAOS MAKASSAR,MAROON + RIB,MAROON + RIB XL,405660,17,0,0,37999,645983,1063972
Jun-2026,TIGALAPANKAOS MAKASSAR,MAROON + RIB,MAROON + RIB XL,329405,22,0,0,37999,835978,645983
Jul-2026,TIGALAPANKAOS MAKASSAR,MAROON + RIB,MAROON + RIB XL,718360,64,0,0,37999,2431936,835978
Agu-2026,TIGALAPANKAOS MAKASSAR,MAROON + RIB,MAROON + RIB XL,3166356,45,0,0,37999,1709955,2431936
Sep-2026,TIGALAPANKAOS MAKASSAR,MAROON + RIB,MAROON + RIB XL,679272,10,0,0,37999,379990,1709955
Okt-2026,TIGALAPANKAOS MAKASSAR,MAROON + RIB,MAROON + RIB XL,226782,23,0,0,37999,873977,379990
Jan-2026,TIGALAPANKAOS MAKASSAR,MERAH + RIB,MERAH + RIB 2XL,69094,28,0,0,36757,1029196,0
Feb-2026,TIGALAPANKAOS MAKASSAR,MERAH + RIB,MERAH + RIB 2XL,0,28,0,0,36757,1029196,1029196
Mar-2026,TIGALAPANKAOS MAKASSAR,MERAH + RIB,MERAH + RIB 2XL,0,28,0,0,36757,1029196,1029196
Apr-2026,TIGALAPANKAOS MAKASSAR,MERAH + RIB,MERAH + RIB 2XL,103641,24,0,0,36757,882168,1029196
Mei-2026,TIGALAPANKAOS MAKASSAR,MERAH + RIB,MERAH + RIB 2XL,34547,23,0,0,36757,845411,882168
Jun-2026,TIGALAPANKAOS MAKASSAR,MERAH + RIB,MERAH + RIB 2XL,34547,22,0,0,36757,808654,845411
Jul-2026,TIGALAPANKAOS MAKASSAR,MERAH + RIB,MERAH + RIB 2XL,849161,44,0,0,36757,1617308,808654
Agu-2026,TIGALAPANKAOS MAKASSAR,MERAH + RIB,MERAH + RIB 2XL,419089,22,0,0,36757,808654,1617308
Sep-2026,TIGALAPANKAOS MAKASSAR,MERAH + RIB,MERAH + RIB 2XL,0,26,0,0,36757,955682,808654
Okt-2026,TIGALAPANKAOS MAKASSAR,MERAH + RIB,MERAH + RIB 2XL,79842,24,0,0,36757,882168,955682
Jan-2026,TIGALAPANKAOS MAKASSAR,MERAH + RIB,MERAH + RIB 3XL,46399,19,0,0,45193,858667,0
Feb-2026,TIGALAPANKAOS MAKASSAR,MERAH + RIB,MERAH + RIB 3XL,0,19,0,0,45193,858667,858667
Mar-2026,TIGALAPANKAOS MAKASSAR,MERAH + RIB,MERAH + RIB 3XL,0,19,0,0,45193,858667,858667
Apr-2026,TIGALAPANKAOS MAKASSAR,MERAH + RIB,MERAH + RIB 3XL,0,19,0,0,45193,858667,858667
Mei-2026,TIGALAPANKAOS MAKASSAR,MERAH + RIB,MERAH + RIB 3XL,0,19,0,0,45193,858667,858667
Jun-2026,TIGALAPANKAOS MAKASSAR,MERAH + RIB,MERAH + RIB 3XL,46399,18,0,0,45193,813474,858667
Jul-2026,TIGALAPANKAOS MAKASSAR,MERAH + RIB,MERAH + RIB 3XL,46399,31,0,0,45193,1400983,813474
Agu-2026,TIGALAPANKAOS MAKASSAR,MERAH + RIB,MERAH + RIB 3XL,145908,26,0,0,45193,1175018,1400983
Sep-2026,TIGALAPANKAOS MAKASSAR,MERAH + RIB,MERAH + RIB 3XL,0,23,0,0,45193,1039439,1175018
Okt-2026,TIGALAPANKAOS MAKASSAR,MERAH + RIB,MERAH + RIB 3XL,0,23,0,0,45193,1039439,1039439
Agu-2026,TIGALAPANKAOS MAKASSAR,MERAH + RIB,MERAH + RIB 4XL,58885,0,0,0,70000,0,0
Jan-2026,TIGALAPANKAOS MAKASSAR,MERAH + RIB,MERAH + RIB L,180425,69,0,0,35755,2467095,0
Feb-2026,TIGALAPANKAOS MAKASSAR,MERAH + RIB,MERAH + RIB L,0,69,0,0,35755,2467095,2467095
Mar-2026,TIGALAPANKAOS MAKASSAR,MERAH + RIB,MERAH + RIB L,0,69,0,0,35755,2467095,2467095
Apr-2026,TIGALAPANKAOS MAKASSAR,MERAH + RIB,MERAH + RIB L,1551655,26,0,0,35755,929630,2467095
Mei-2026,TIGALAPANKAOS MAKASSAR,MERAH + RIB,MERAH + RIB L,108255,23,0,0,35755,822365,929630
Jun-2026,TIGALAPANKAOS MAKASSAR,MERAH + RIB,MERAH + RIB L,36085,22,0,0,35755,786610,822365
Jul-2026,TIGALAPANKAOS MAKASSAR,MERAH + RIB,MERAH + RIB L,1419238,192,0,0,35755,6864960,786610
Agu-2026,TIGALAPANKAOS MAKASSAR,MERAH + RIB,MERAH + RIB L,1213575,132,0,0,35755,4719660,6864960
Sep-2026,TIGALAPANKAOS MAKASSAR,MERAH + RIB,MERAH + RIB L,110940,126,0,0,35755,4505130,4719660
Okt-2026,TIGALAPANKAOS MAKASSAR,MERAH + RIB,MERAH + RIB L,184900,121,0,0,35755,4326355,4505130
Jan-2026,TIGALAPANKAOS MAKASSAR,MERAH + RIB,MERAH + RIB M,212616,49,0,0,35755,1751995,0
Feb-2026,TIGALAPANKAOS MAKASSAR,MERAH + RIB,MERAH + RIB M,0,49,0,0,35755,1751995,1751995
Mar-2026,TIGALAPANKAOS MAKASSAR,MERAH + RIB,MERAH + RIB M,0,49,0,0,35755,1751995,1751995
Apr-2026,TIGALAPANKAOS MAKASSAR,MERAH + RIB,MERAH + RIB M,815028,26,0,0,35755,929630,1751995
Mei-2026,TIGALAPANKAOS MAKASSAR,MERAH + RIB,MERAH + RIB M,106308,23,0,0,35755,822365,929630
Jun-2026,TIGALAPANKAOS MAKASSAR,MERAH + RIB,MERAH + RIB M,35436,22,0,0,35755,786610,822365
Jul-2026,TIGALAPANKAOS MAKASSAR,MERAH + RIB,MERAH + RIB M,359988,122,0,0,35755,4362110,786610
Agu-2026,TIGALAPANKAOS MAKASSAR,MERAH + RIB,MERAH + RIB M,766827,70,0,0,35755,2502850,4362110
Sep-2026,TIGALAPANKAOS MAKASSAR,MERAH + RIB,MERAH + RIB M,0,83,0,0,35755,2967665,2502850
Okt-2026,TIGALAPANKAOS MAKASSAR,MERAH + RIB,MERAH + RIB M,0,83,0,0,35755,2967665,2967665
Jan-2026,TIGALAPANKAOS MAKASSAR,MERAH + RIB,MERAH + RIB S,36245,49,0,0,35972,1762628,0
Feb-2026,TIGALAPANKAOS MAKASSAR,MERAH + RIB,MERAH + RIB S,-36245,50,0,0,35972,1798600,1762628
Mar-2026,TIGALAPANKAOS MAKASSAR,MERAH + RIB,MERAH + RIB S,0,49,0,0,35972,1762628,1798600
Apr-2026,TIGALAPANKAOS MAKASSAR,MERAH + RIB,MERAH + RIB S,0,47,0,0,35972,1690684,1762628
Mei-2026,TIGALAPANKAOS MAKASSAR,MERAH + RIB,MERAH + RIB S,0,47,0,0,35972,1690684,1690684
Jun-2026,TIGALAPANKAOS MAKASSAR,MERAH + RIB,MERAH + RIB S,0,45,0,0,35972,1618740,1690684
Jul-2026,TIGALAPANKAOS MAKASSAR,MERAH + RIB,MERAH + RIB S,146894,72,0,0,35972,2589984,1618740
Agu-2026,TIGALAPANKAOS MAKASSAR,MERAH + RIB,MERAH + RIB S,558030,44,0,0,35972,1582768,2589984
Sep-2026,TIGALAPANKAOS MAKASSAR,MERAH + RIB,MERAH + RIB S,0,35,0,0,35972,1259020,1582768
Okt-2026,TIGALAPANKAOS MAKASSAR,MERAH + RIB,MERAH + RIB S,0,35,0,0,35972,1259020,1259020
Jan-2026,TIGALAPANKAOS MAKASSAR,MERAH + RIB,MERAH + RIB XL,213414,44,0,0,35755,1573220,0
Feb-2026,TIGALAPANKAOS MAKASSAR,MERAH + RIB,MERAH + RIB XL,0,43,0,0,35755,1537465,1573220
Mar-2026,TIGALAPANKAOS MAKASSAR,MERAH + RIB,MERAH + RIB XL,0,43,0,0,35755,1537465,1537465
Apr-2026,TIGALAPANKAOS MAKASSAR,MERAH + RIB,MERAH + RIB XL,889225,18,0,0,35755,643590,1537465
Mei-2026,TIGALAPANKAOS MAKASSAR,MERAH + RIB,MERAH + RIB XL,142276,14,0,0,35755,500570,643590
Jun-2026,TIGALAPANKAOS MAKASSAR,MERAH + RIB,MERAH + RIB XL,0,119,0,0,35755,4254845,500570
Jul-2026,TIGALAPANKAOS MAKASSAR,MERAH + RIB,MERAH + RIB XL,1114527,118,0,0,35755,4219090,4254845
Agu-2026,TIGALAPANKAOS MAKASSAR,MERAH + RIB,MERAH + RIB XL,1197779,59,0,0,35755,2109545,4219090
Sep-2026,TIGALAPANKAOS MAKASSAR,MERAH + RIB,MERAH + RIB XL,0,56,0,0,35755,2002280,2109545
Okt-2026,TIGALAPANKAOS MAKASSAR,MERAH + RIB,MERAH + RIB XL,147976,52,0,0,35755,1859260,2002280
Jan-2026,TIGALAPANKAOS MAKASSAR,NAVY + RIB,NAVY + RIB 2XL,210655,63,0,0,34393,2166759,0
Feb-2026,TIGALAPANKAOS MAKASSAR,NAVY + RIB,NAVY + RIB 2XL,84262,61,0,0,34393,2097973,2166759
Mar-2026,TIGALAPANKAOS MAKASSAR,NAVY + RIB,NAVY + RIB 2XL,210655,55,0,0,34393,1891615,2097973
Apr-2026,TIGALAPANKAOS MAKASSAR,NAVY + RIB,NAVY + RIB 2XL,42131,53,0,0,34393,1822829,1891615
Mei-2026,TIGALAPANKAOS MAKASSAR,NAVY + RIB,NAVY + RIB 2XL,168524,46,0,0,34393,1582078,1822829
Jun-2026,TIGALAPANKAOS MAKASSAR,NAVY + RIB,NAVY + RIB 2XL,42131,45,0,0,34393,1547685,1582078
Jul-2026,TIGALAPANKAOS MAKASSAR,NAVY + RIB,NAVY + RIB 2XL,41267,55,0,0,34393,1891615,1547685
Agu-2026,TIGALAPANKAOS MAKASSAR,NAVY + RIB,NAVY + RIB 2XL,536471,41,0,0,34393,1410113,1891615
Sep-2026,TIGALAPANKAOS MAKASSAR,NAVY + RIB,NAVY + RIB 2XL,206335,38,0,0,34393,1306934,1410113
Okt-2026,TIGALAPANKAOS MAKASSAR,NAVY + RIB,NAVY + RIB 2XL,-82534,37,0,0,34393,1272541,1306934
Jan-2026,TIGALAPANKAOS MAKASSAR,NAVY + RIB,NAVY + RIB 3XL,46860,20,0,0,44433,888660,0
Feb-2026,TIGALAPANKAOS MAKASSAR,NAVY + RIB,NAVY + RIB 3XL,0,20,0,0,44433,888660,888660
Mar-2026,TIGALAPANKAOS MAKASSAR,NAVY + RIB,NAVY + RIB 3XL,0,19,0,0,44433,844227,888660
Apr-2026,TIGALAPANKAOS MAKASSAR,NAVY + RIB,NAVY + RIB 3XL,0,19,0,0,44433,844227,844227
Mei-2026,TIGALAPANKAOS MAKASSAR,NAVY + RIB,NAVY + RIB 3XL,0,19,0,0,44433,844227,844227
Jun-2026,TIGALAPANKAOS MAKASSAR,NAVY + RIB,NAVY + RIB 3XL,0,19,0,0,44433,844227,844227
Jul-2026,TIGALAPANKAOS MAKASSAR,NAVY + RIB,NAVY + RIB 3XL,0,18,0,0,44433,799794,844227
Agu-2026,TIGALAPANKAOS MAKASSAR,NAVY + RIB,NAVY + RIB 3XL,43165,17,0,0,44433,755361,799794
Sep-2026,TIGALAPANKAOS MAKASSAR,NAVY + RIB,NAVY + RIB 3XL,43306,17,0,0,44433,755361,755361
Okt-2026,TIGALAPANKAOS MAKASSAR,NAVY + RIB,NAVY + RIB 3XL,0,16,0,0,44433,710928,755361
Jan-2026,TIGALAPANKAOS MAKASSAR,NAVY + RIB,NAVY + RIB L,142490,143,0,0,35115,5021445,0
Feb-2026,TIGALAPANKAOS MAKASSAR,NAVY + RIB,NAVY + RIB L,248430,136,0,0,35115,4775640,5021445
Mar-2026,TIGALAPANKAOS MAKASSAR,NAVY + RIB,NAVY + RIB L,1277640,100,0,0,35115,3511500,4775640
Apr-2026,TIGALAPANKAOS MAKASSAR,NAVY + RIB,NAVY + RIB L,532350,83,0,0,35115,2914545,3511500
Mei-2026,TIGALAPANKAOS MAKASSAR,NAVY + RIB,NAVY + RIB L,461370,70,0,0,35115,2458050,2914545
Jun-2026,TIGALAPANKAOS MAKASSAR,NAVY + RIB,NAVY + RIB L,532350,52,0,0,35115,1825980,2458050
Jul-2026,TIGALAPANKAOS MAKASSAR,NAVY + RIB,NAVY + RIB L,1172223,52,0,0,35115,1825980,1825980
Agu-2026,TIGALAPANKAOS MAKASSAR,NAVY + RIB,NAVY + RIB L,1975264,40,0,0,35115,1404600,1825980
Sep-2026,TIGALAPANKAOS MAKASSAR,NAVY + RIB,NAVY + RIB L,536340,43,0,0,35115,1509945,1404600
Okt-2026,TIGALAPANKAOS MAKASSAR,NAVY + RIB,NAVY + RIB L,-191550,43,0,0,35115,1509945,1509945
Jan-2026,TIGALAPANKAOS MAKASSAR,NAVY + RIB,NAVY + RIB M,286639,144,0,0,35191,5067504,0
Feb-2026,TIGALAPANKAOS MAKASSAR,NAVY + RIB,NAVY + RIB M,214212,138,0,0,32964,4549032,5067504
Mar-2026,TIGALAPANKAOS MAKASSAR,NAVY + RIB,NAVY + RIB M,178510,132,0,0,32964,4351248,4549032
Apr-2026,TIGALAPANKAOS MAKASSAR,NAVY + RIB,NAVY + RIB M,249914,125,0,0,32964,4120500,4351248
Mei-2026,TIGALAPANKAOS MAKASSAR,NAVY + RIB,NAVY + RIB M,571232,107,0,0,32964,3527148,4120500
Jun-2026,TIGALAPANKAOS MAKASSAR,NAVY + RIB,NAVY + RIB M,821146,82,0,0,32964,2703048,3527148
Jul-2026,TIGALAPANKAOS MAKASSAR,NAVY + RIB,NAVY + RIB M,885840,93,0,0,32964,3065652,2703048
Agu-2026,TIGALAPANKAOS MAKASSAR,NAVY + RIB,NAVY + RIB M,1840644,24,0,0,32964,791136,3065652
Sep-2026,TIGALAPANKAOS MAKASSAR,NAVY + RIB,NAVY + RIB M,424764,6,0,0,32964,197784,791136
Okt-2026,TIGALAPANKAOS MAKASSAR,NAVY + RIB,NAVY + RIB M,-176985,21,0,0,32964,692244,197784
Jan-2026,TIGALAPANKAOS MAKASSAR,NAVY + RIB,NAVY + RIB S,71162,32,0,0,34613,1107616,0
Feb-2026,TIGALAPANKAOS MAKASSAR,NAVY + RIB,NAVY + RIB S,-35581,31,0,0,34613,1073003,1107616
Mar-2026,TIGALAPANKAOS MAKASSAR,NAVY + RIB,NAVY + RIB S,71162,28,0,0,34613,969164,1073003
Apr-2026,TIGALAPANKAOS MAKASSAR,NAVY + RIB,NAVY + RIB S,71162,25,0,0,34613,865325,969164
Mei-2026,TIGALAPANKAOS MAKASSAR,NAVY + RIB,NAVY + RIB S,213486,19,0,0,34613,657647,865325
Jun-2026,TIGALAPANKAOS MAKASSAR,NAVY + RIB,NAVY + RIB S,71162,8,10,0,34613,623034,657647
Jul-2026,TIGALAPANKAOS MAKASSAR,NAVY + RIB,NAVY + RIB S,34884,26,0,0,34613,899938,623034
Agu-2026,TIGALAPANKAOS MAKASSAR,NAVY + RIB,NAVY + RIB S,209304,20,0,0,34613,692260,899938
Sep-2026,TIGALAPANKAOS MAKASSAR,NAVY + RIB,NAVY + RIB S,174420,17,0,0,34613,588421,692260
Okt-2026,TIGALAPANKAOS MAKASSAR,NAVY + RIB,NAVY + RIB S,-104652,17,0,0,34613,588421,588421
Jan-2026,TIGALAPANKAOS MAKASSAR,NAVY + RIB,NAVY + RIB XL,73408,84,0,0,35116,2949744,0
Feb-2026,TIGALAPANKAOS MAKASSAR,NAVY + RIB,NAVY + RIB XL,0,84,0,0,35116,2949744,2949744
Mar-2026,TIGALAPANKAOS MAKASSAR,NAVY + RIB,NAVY + RIB XL,727280,63,0,0,35116,2212308,2949744
Apr-2026,TIGALAPANKAOS MAKASSAR,NAVY + RIB,NAVY + RIB XL,400004,52,0,0,35116,1826032,2212308
Mei-2026,TIGALAPANKAOS MAKASSAR,NAVY + RIB,NAVY + RIB XL,109092,49,0,0,35116,1720684,1826032
Jun-2026,TIGALAPANKAOS MAKASSAR,NAVY + RIB,NAVY + RIB XL,218184,40,0,0,35116,1404640,1720684
Jul-2026,TIGALAPANKAOS MAKASSAR,NAVY + RIB,NAVY + RIB XL,181820,37,0,0,35116,1299292,1404640
Agu-2026,TIGALAPANKAOS MAKASSAR,NAVY + RIB,NAVY + RIB XL,1168068,16,0,0,35116,561856,1299292
Sep-2026,TIGALAPANKAOS MAKASSAR,NAVY + RIB,NAVY + RIB XL,785106,27,0,0,35116,948132,561856
Okt-2026,TIGALAPANKAOS MAKASSAR,NAVY + RIB,NAVY + RIB XL,-186925,28,0,0,35116,983248,948132
Jan-2026,TIGALAPANKAOS MAKASSAR,PUTIH + RIB,PUTIH + RIB 2XL,164080,37,0,0,35692,1320604,0
Feb-2026,TIGALAPANKAOS MAKASSAR,PUTIH + RIB,PUTIH + RIB 2XL,557872,17,0,0,35692,606764,1320604
Mar-2026,TIGALAPANKAOS MAKASSAR,PUTIH + RIB,PUTIH + RIB 2XL,0,16,0,0,35692,571072,606764
Apr-2026,TIGALAPANKAOS MAKASSAR,PUTIH + RIB,PUTIH + RIB 2XL,32816,15,0,0,35692,535380,571072
Mei-2026,TIGALAPANKAOS MAKASSAR,PUTIH + RIB,PUTIH + RIB 2XL,164306,22,0,0,35692,785224,535380
Jun-2026,TIGALAPANKAOS MAKASSAR,PUTIH + RIB,PUTIH + RIB 2XL,598998,24,0,0,35692,856608,785224
Jul-2026,TIGALAPANKAOS MAKASSAR,PUTIH + RIB,PUTIH + RIB 2XL,448353,18,0,0,35692,642456,856608
Agu-2026,TIGALAPANKAOS MAKASSAR,PUTIH + RIB,PUTIH + RIB 2XL,2282057,6,35,0,35692,1463372,642456
Sep-2026,TIGALAPANKAOS MAKASSAR,PUTIH + RIB,PUTIH + RIB 2XL,979774,8,0,0,35692,285536,1463372
Okt-2026,TIGALAPANKAOS MAKASSAR,PUTIH + RIB,PUTIH + RIB 2XL,103620,22,0,0,35692,785224,285536
Jan-2026,TIGALAPANKAOS MAKASSAR,PUTIH + RIB,PUTIH + RIB 3XL,41145,14,0,0,40627,568778,0
Feb-2026,TIGALAPANKAOS MAKASSAR,PUTIH + RIB,PUTIH + RIB 3XL,123435,20,0,0,40627,812540,568778
Mar-2026,TIGALAPANKAOS MAKASSAR,PUTIH + RIB,PUTIH + RIB 3XL,0,5,0,0,40627,203135,812540
Apr-2026,TIGALAPANKAOS MAKASSAR,PUTIH + RIB,PUTIH + RIB 3XL,0,4,0,0,40627,162508,203135
Mei-2026,TIGALAPANKAOS MAKASSAR,PUTIH + RIB,PUTIH + RIB 3XL,40886,3,0,0,40627,121881,162508
Jun-2026,TIGALAPANKAOS MAKASSAR,PUTIH + RIB,PUTIH + RIB 3XL,195839,0,0,0,40627,0,121881
Agu-2026,TIGALAPANKAOS MAKASSAR,PUTIH + RIB,PUTIH + RIB 3XL,68240,0,0,0,40627,0,0
Okt-2026,TIGALAPANKAOS MAKASSAR,PUTIH + RIB,PUTIH + RIB 3XL,46070,9,0,0,40627,365643,0
Jun-2026,TIGALAPANKAOS MAKASSAR,PUTIH + RIB,PUTIH + RIB 4XL,107344,0,0,0,70000,0,0
Jun-2026,TIGALAPANKAOS MAKASSAR,PUTIH + RIB,PUTIH + RIB 5XL,117452,0,0,0,80000,0,0
Jan-2026,TIGALAPANKAOS MAKASSAR,PUTIH + RIB,PUTIH + RIB L,1005331,52,0,0,32169,1672788,0
Feb-2026,TIGALAPANKAOS MAKASSAR,PUTIH + RIB,PUTIH + RIB L,2548989,55,0,0,32141,1767755,1672788
Mar-2026,TIGALAPANKAOS MAKASSAR,PUTIH + RIB,PUTIH + RIB L,771888,71,0,0,32259,2290389,1767755
Apr-2026,TIGALAPANKAOS MAKASSAR,PUTIH + RIB,PUTIH + RIB L,675360,48,0,0,32259,1548432,2290389
Mei-2026,TIGALAPANKAOS MAKASSAR,PUTIH + RIB,PUTIH + RIB L,1135553,78,0,0,32259,2516202,1548432
Jun-2026,TIGALAPANKAOS MAKASSAR,PUTIH + RIB,PUTIH + RIB L,4207543,36,0,0,32259,1161324,2516202
Jul-2026,TIGALAPANKAOS MAKASSAR,PUTIH + RIB,PUTIH + RIB L,2217759,50,0,0,32259,1612950,1161324
Agu-2026,TIGALAPANKAOS MAKASSAR,PUTIH + RIB,PUTIH + RIB L,7297537,42,15,0,32259,1838763,1612950
Sep-2026,TIGALAPANKAOS MAKASSAR,PUTIH + RIB,PUTIH + RIB L,5230705,45,0,0,32259,1451655,1838763
Okt-2026,TIGALAPANKAOS MAKASSAR,PUTIH + RIB,PUTIH + RIB L,71174,61,0,0,32259,1967799,1451655
Jan-2026,TIGALAPANKAOS MAKASSAR,PUTIH + RIB,PUTIH + RIB M,1366059,97,0,0,32474,3149978,0
Feb-2026,TIGALAPANKAOS MAKASSAR,PUTIH + RIB,PUTIH + RIB M,1723613,58,0,0,32327,1874966,3149978
Mar-2026,TIGALAPANKAOS MAKASSAR,PUTIH + RIB,PUTIH + RIB M,810525,30,0,0,32327,969810,1874966
Apr-2026,TIGALAPANKAOS MAKASSAR,PUTIH + RIB,PUTIH + RIB M,453894,4,0,0,32327,129308,969810
Mei-2026,TIGALAPANKAOS MAKASSAR,PUTIH + RIB,PUTIH + RIB M,1011266,25,0,0,32327,808175,129308
Jun-2026,TIGALAPANKAOS MAKASSAR,PUTIH + RIB,PUTIH + RIB M,2690661,32,0,0,32327,1034464,808175
Jul-2026,TIGALAPANKAOS MAKASSAR,PUTIH + RIB,PUTIH + RIB M,1646362,6,0,0,32327,193962,1034464
Agu-2026,TIGALAPANKAOS MAKASSAR,PUTIH + RIB,PUTIH + RIB M,4415865,52,0,0,32327,1681004,193962
Sep-2026,TIGALAPANKAOS MAKASSAR,PUTIH + RIB,PUTIH + RIB M,2579627,38,0,0,32327,1228426,1681004
Okt-2026,TIGALAPANKAOS MAKASSAR,PUTIH + RIB,PUTIH + RIB M,320070,51,0,0,32327,1648677,1228426
Jan-2026,TIGALAPANKAOS MAKASSAR,PUTIH + RIB,PUTIH + RIB S,327398,108,0,0,32719,3533652,0
Feb-2026,TIGALAPANKAOS MAKASSAR,PUTIH + RIB,PUTIH + RIB S,130928,99,0,0,32719,3239181,3533652
Mar-2026,TIGALAPANKAOS MAKASSAR,PUTIH + RIB,PUTIH + RIB S,32735,98,0,0,32719,3206462,3239181
Apr-2026,TIGALAPANKAOS MAKASSAR,PUTIH + RIB,PUTIH + RIB S,0,97,0,0,32719,3173743,3206462
Mei-2026,TIGALAPANKAOS MAKASSAR,PUTIH + RIB,PUTIH + RIB S,294615,65,0,0,32719,2126735,3173743
Jun-2026,TIGALAPANKAOS MAKASSAR,PUTIH + RIB,PUTIH + RIB S,229145,54,0,0,32719,1766826,2126735
Jul-2026,TIGALAPANKAOS MAKASSAR,PUTIH + RIB,PUTIH + RIB S,229655,80,0,0,32719,2617520,1766826
Agu-2026,TIGALAPANKAOS MAKASSAR,PUTIH + RIB,PUTIH + RIB S,985110,43,0,0,32719,1406917,2617520
Sep-2026,TIGALAPANKAOS MAKASSAR,PUTIH + RIB,PUTIH + RIB S,762085,26,0,0,32719,850694,1406917
Okt-2026,TIGALAPANKAOS MAKASSAR,PUTIH + RIB,PUTIH + RIB S,33581,21,0,0,32719,687099,850694
Jan-2026,TIGALAPANKAOS MAKASSAR,PUTIH + RIB,PUTIH + RIB XL,458481,92,0,0,32650,3003800,0
Feb-2026,TIGALAPANKAOS MAKASSAR,PUTIH + RIB,PUTIH + RIB XL,1440252,41,0,0,32397,1328277,3003800
Mar-2026,TIGALAPANKAOS MAKASSAR,PUTIH + RIB,PUTIH + RIB XL,327330,30,0,0,32397,971910,1328277
Apr-2026,TIGALAPANKAOS MAKASSAR,PUTIH + RIB,PUTIH + RIB XL,654660,12,0,0,32397,388764,971910
Mei-2026,TIGALAPANKAOS MAKASSAR,PUTIH + RIB,PUTIH + RIB XL,1029876,52,0,0,32397,1684644,388764
Jun-2026,TIGALAPANKAOS MAKASSAR,PUTIH + RIB,PUTIH + RIB XL,2735193,28,15,0,32397,1393071,1684644
Jul-2026,TIGALAPANKAOS MAKASSAR,PUTIH + RIB,PUTIH + RIB XL,1492013,26,0,0,32397,842322,1393071
Agu-2026,TIGALAPANKAOS MAKASSAR,PUTIH + RIB,PUTIH + RIB XL,5180765,0,15,0,32397,485955,842322
Sep-2026,TIGALAPANKAOS MAKASSAR,PUTIH + RIB,PUTIH + RIB XL,2465516,49,0,0,32397,1587453,485955
Okt-2026,TIGALAPANKAOS MAKASSAR,PUTIH + RIB,PUTIH + RIB XL,37674,1,17,0,32397,583146,1587453
Jan-2026,TIGALAPANKAOS MAKASSAR,TOSCA + RIB,TOSCA + RIB L,122814,0,0,0,50000,0,0
Jan-2026,TIGALAPANKAOS MAKASSAR,TOSCA + RIB,TOSCA + RIB M,36584,0,0,0,50000,0,0
Jan-2026,TIGALAPANKAOS MAKASSAR,TOSCA + RIB,TOSCA + RIB S,34209,0,0,0,50000,0,0
Jan-2026,TIGALAPANKAOS MAKASSAR,TOSCA + RIB,TOSCA + RIB XL,380313,0,0,0,50000,0,0
Jan-2026,TIGALAPANKAOS MANADO,ABU TUA + RIB,ABU TUA + RIB 2XL,70112,14,0,0,38070,532980,0
Feb-2026,TIGALAPANKAOS MANADO,ABU TUA + RIB,ABU TUA + RIB 2XL,0,14,0,0,38070,532980,532980
Mar-2026,TIGALAPANKAOS MANADO,ABU TUA + RIB,ABU TUA + RIB 2XL,0,14,0,0,38070,532980,532980
Apr-2026,TIGALAPANKAOS MANADO,ABU TUA + RIB,ABU TUA + RIB 2XL,0,14,0,0,38070,532980,532980
Mei-2026,TIGALAPANKAOS MANADO,ABU TUA + RIB,ABU TUA + RIB 2XL,245392,7,0,0,38070,266490,532980
Jun-2026,TIGALAPANKAOS MANADO,ABU TUA + RIB,ABU TUA + RIB 2XL,0,7,0,0,38070,266490,266490
Jul-2026,TIGALAPANKAOS MANADO,ABU TUA + RIB,ABU TUA + RIB 2XL,0,7,0,0,38070,266490,266490
Agu-2026,TIGALAPANKAOS MANADO,ABU TUA + RIB,ABU TUA + RIB 2XL,0,7,0,0,38070,266490,266490
Sep-2026,TIGALAPANKAOS MANADO,ABU TUA + RIB,ABU TUA + RIB 2XL,0,7,0,0,38070,266490,266490
Okt-2026,TIGALAPANKAOS MANADO,ABU TUA + RIB,ABU TUA + RIB 2XL,35056,7,10,0,38070,647190,266490
Jan-2026,TIGALAPANKAOS MANADO,ABU TUA + RIB,ABU TUA + RIB 3XL,0,29,0,0,47562,1379298,0
Feb-2026,TIGALAPANKAOS MANADO,ABU TUA + RIB,ABU TUA + RIB 3XL,0,29,0,0,47562,1379298,1379298
Mar-2026,TIGALAPANKAOS MANADO,ABU TUA + RIB,ABU TUA + RIB 3XL,0,29,0,0,47562,1379298,1379298
Apr-2026,TIGALAPANKAOS MANADO,ABU TUA + RIB,ABU TUA + RIB 3XL,0,29,0,0,47562,1379298,1379298
Mei-2026,TIGALAPANKAOS MANADO,ABU TUA + RIB,ABU TUA + RIB 3XL,92694,27,0,0,47562,1284174,1379298
Jun-2026,TIGALAPANKAOS MANADO,ABU TUA + RIB,ABU TUA + RIB 3XL,0,27,0,0,47562,1284174,1284174
Jul-2026,TIGALAPANKAOS MANADO,ABU TUA + RIB,ABU TUA + RIB 3XL,0,27,0,0,47562,1284174,1284174
Agu-2026,TIGALAPANKAOS MANADO,ABU TUA + RIB,ABU TUA + RIB 3XL,0,27,0,0,47562,1284174,1284174
Sep-2026,TIGALAPANKAOS MANADO,ABU TUA + RIB,ABU TUA + RIB 3XL,46347,26,0,0,47562,1236612,1284174
Okt-2026,TIGALAPANKAOS MANADO,ABU TUA + RIB,ABU TUA + RIB 3XL,0,27,0,0,47562,1284174,1236612
Jan-2026,TIGALAPANKAOS MANADO,ABU TUA + RIB,ABU TUA + RIB L,0,54,0,0,35180,1899720,0
Feb-2026,TIGALAPANKAOS MANADO,ABU TUA + RIB,ABU TUA + RIB L,0,54,0,0,35180,1899720,1899720
Mar-2026,TIGALAPANKAOS MANADO,ABU TUA + RIB,ABU TUA + RIB L,34916,53,0,0,35180,1864540,1899720
Apr-2026,TIGALAPANKAOS MANADO,ABU TUA + RIB,ABU TUA + RIB L,0,53,0,0,35180,1864540,1864540
Mei-2026,TIGALAPANKAOS MANADO,ABU TUA + RIB,ABU TUA + RIB L,139664,48,0,0,35180,1688640,1864540
Jun-2026,TIGALAPANKAOS MANADO,ABU TUA + RIB,ABU TUA + RIB L,279328,40,0,0,35180,1407200,1688640
Jul-2026,TIGALAPANKAOS MANADO,ABU TUA + RIB,ABU TUA + RIB L,34916,40,0,0,35180,1407200,1407200
Agu-2026,TIGALAPANKAOS MANADO,ABU TUA + RIB,ABU TUA + RIB L,34924,40,0,0,35180,1407200,1407200
Sep-2026,TIGALAPANKAOS MANADO,ABU TUA + RIB,ABU TUA + RIB L,34924,38,0,0,35180,1336840,1407200
Okt-2026,TIGALAPANKAOS MANADO,ABU TUA + RIB,ABU TUA + RIB L,69848,39,0,0,35180,1372020,1336840
Jan-2026,TIGALAPANKAOS MANADO,ABU TUA + RIB,ABU TUA + RIB M,69590,28,0,0,35432,992096,0
Feb-2026,TIGALAPANKAOS MANADO,ABU TUA + RIB,ABU TUA + RIB M,0,27,0,0,35432,956664,992096
Mar-2026,TIGALAPANKAOS MANADO,ABU TUA + RIB,ABU TUA + RIB M,0,27,0,0,35432,956664,956664
Apr-2026,TIGALAPANKAOS MANADO,ABU TUA + RIB,ABU TUA + RIB M,0,27,0,0,35432,956664,956664
Mei-2026,TIGALAPANKAOS MANADO,ABU TUA + RIB,ABU TUA + RIB M,69590,24,0,0,35432,850368,956664
Jun-2026,TIGALAPANKAOS MANADO,ABU TUA + RIB,ABU TUA + RIB M,139180,20,0,0,35432,708640,850368
Jul-2026,TIGALAPANKAOS MANADO,ABU TUA + RIB,ABU TUA + RIB M,0,20,0,0,35432,708640,708640
Agu-2026,TIGALAPANKAOS MANADO,ABU TUA + RIB,ABU TUA + RIB M,34795,20,0,0,35432,708640,708640
Sep-2026,TIGALAPANKAOS MANADO,ABU TUA + RIB,ABU TUA + RIB M,0,19,0,0,35432,673208,708640
Okt-2026,TIGALAPANKAOS MANADO,ABU TUA + RIB,ABU TUA + RIB M,34795,19,0,0,35432,673208,673208
Jan-2026,TIGALAPANKAOS MANADO,ABU TUA + RIB,ABU TUA + RIB S,0,27,0,0,35135,948645,0
Feb-2026,TIGALAPANKAOS MANADO,ABU TUA + RIB,ABU TUA + RIB S,0,27,0,0,35135,948645,948645
Mar-2026,TIGALAPANKAOS MANADO,ABU TUA + RIB,ABU TUA + RIB S,0,27,0,0,35135,948645,948645
Apr-2026,TIGALAPANKAOS MANADO,ABU TUA + RIB,ABU TUA + RIB S,0,27,0,0,35135,948645,948645
Mei-2026,TIGALAPANKAOS MANADO,ABU TUA + RIB,ABU TUA + RIB S,0,27,0,0,35135,948645,948645
Jun-2026,TIGALAPANKAOS MANADO,ABU TUA + RIB,ABU TUA + RIB S,34531,26,0,0,35135,913510,948645
Jul-2026,TIGALAPANKAOS MANADO,ABU TUA + RIB,ABU TUA + RIB S,0,26,0,0,35135,913510,913510
Agu-2026,TIGALAPANKAOS MANADO,ABU TUA + RIB,ABU TUA + RIB S,0,26,0,0,35135,913510,913510
Sep-2026,TIGALAPANKAOS MANADO,ABU TUA + RIB,ABU TUA + RIB S,69062,24,0,0,35135,843240,913510
Okt-2026,TIGALAPANKAOS MANADO,ABU TUA + RIB,ABU TUA + RIB S,103593,25,0,0,35135,878375,843240
Jan-2026,TIGALAPANKAOS MANADO,ABU TUA + RIB,ABU TUA + RIB XL,0,24,0,0,35876,861024,0
Feb-2026,TIGALAPANKAOS MANADO,ABU TUA + RIB,ABU TUA + RIB XL,0,24,0,0,35876,861024,861024
Mar-2026,TIGALAPANKAOS MANADO,ABU TUA + RIB,ABU TUA + RIB XL,36082,23,0,0,35890,825470,861024
Apr-2026,TIGALAPANKAOS MANADO,ABU TUA + RIB,ABU TUA + RIB XL,0,23,0,0,35890,825470,825470
Mei-2026,TIGALAPANKAOS MANADO,ABU TUA + RIB,ABU TUA + RIB XL,180410,18,0,0,35890,646020,825470
Jun-2026,TIGALAPANKAOS MANADO,ABU TUA + RIB,ABU TUA + RIB XL,216492,12,0,0,35890,430680,646020
Jul-2026,TIGALAPANKAOS MANADO,ABU TUA + RIB,ABU TUA + RIB XL,0,12,0,0,35890,430680,430680
Agu-2026,TIGALAPANKAOS MANADO,ABU TUA + RIB,ABU TUA + RIB XL,0,12,0,0,35890,430680,430680
Sep-2026,TIGALAPANKAOS MANADO,ABU TUA + RIB,ABU TUA + RIB XL,0,12,0,0,35890,430680,430680
Okt-2026,TIGALAPANKAOS MANADO,ABU TUA + RIB,ABU TUA + RIB XL,72164,12,15,0,35890,969030,430680
Jan-2026,TIGALAPANKAOS MANADO,BENHUR + RIB,BENHUR + RIB 2XL,0,15,0,0,36563,548445,0
Feb-2026,TIGALAPANKAOS MANADO,BENHUR + RIB,BENHUR + RIB 2XL,0,15,0,0,36563,548445,548445
Mar-2026,TIGALAPANKAOS MANADO,BENHUR + RIB,BENHUR + RIB 2XL,0,15,0,0,36563,548445,548445
Apr-2026,TIGALAPANKAOS MANADO,BENHUR + RIB,BENHUR + RIB 2XL,0,15,0,0,36563,548445,548445
Mei-2026,TIGALAPANKAOS MANADO,BENHUR + RIB,BENHUR + RIB 2XL,0,15,0,0,36563,548445,548445
Jun-2026,TIGALAPANKAOS MANADO,BENHUR + RIB,BENHUR + RIB 2XL,0,15,0,0,36563,548445,548445
Jul-2026,TIGALAPANKAOS MANADO,BENHUR + RIB,BENHUR + RIB 2XL,109149,12,0,0,36563,438756,548445
Agu-2026,TIGALAPANKAOS MANADO,BENHUR + RIB,BENHUR + RIB 2XL,0,12,0,0,36563,438756,438756
Sep-2026,TIGALAPANKAOS MANADO,BENHUR + RIB,BENHUR + RIB 2XL,109149,9,0,0,36563,329067,438756
Okt-2026,TIGALAPANKAOS MANADO,BENHUR + RIB,BENHUR + RIB 2XL,0,9,10,0,36563,694697,329067
Jan-2026,TIGALAPANKAOS MANADO,BENHUR + RIB,BENHUR + RIB 3XL,0,10,0,0,45841,458410,0
Feb-2026,TIGALAPANKAOS MANADO,BENHUR + RIB,BENHUR + RIB 3XL,0,10,0,0,45841,458410,458410
Mar-2026,TIGALAPANKAOS MANADO,BENHUR + RIB,BENHUR + RIB 3XL,0,10,0,0,45841,458410,458410
Apr-2026,TIGALAPANKAOS MANADO,BENHUR + RIB,BENHUR + RIB 3XL,0,10,0,0,45841,458410,458410
Mei-2026,TIGALAPANKAOS MANADO,BENHUR + RIB,BENHUR + RIB 3XL,0,10,0,0,45841,458410,458410
Jun-2026,TIGALAPANKAOS MANADO,BENHUR + RIB,BENHUR + RIB 3XL,0,10,0,0,45841,458410,458410
Jul-2026,TIGALAPANKAOS MANADO,BENHUR + RIB,BENHUR + RIB 3XL,0,10,0,0,45841,458410,458410
Agu-2026,TIGALAPANKAOS MANADO,BENHUR + RIB,BENHUR + RIB 3XL,0,10,0,0,45841,458410,458410
Sep-2026,TIGALAPANKAOS MANADO,BENHUR + RIB,BENHUR + RIB 3XL,0,10,0,0,45841,458410,458410
Okt-2026,TIGALAPANKAOS MANADO,BENHUR + RIB,BENHUR + RIB 3XL,0,10,0,0,45841,458410,458410
Jan-2026,TIGALAPANKAOS MANADO,BENHUR + RIB,BENHUR + RIB L,0,10,0,0,36209,362090,0
Feb-2026,TIGALAPANKAOS MANADO,BENHUR + RIB,BENHUR + RIB L,72964,8,0,0,36209,289672,362090
Mar-2026,TIGALAPANKAOS MANADO,BENHUR + RIB,BENHUR + RIB L,72964,21,0,0,36209,760389,289672
Apr-2026,TIGALAPANKAOS MANADO,BENHUR + RIB,BENHUR + RIB L,326583,14,0,0,36209,506926,760389
Mei-2026,TIGALAPANKAOS MANADO,BENHUR + RIB,BENHUR + RIB L,0,12,0,0,36209,434508,506926
Jun-2026,TIGALAPANKAOS MANADO,BENHUR + RIB,BENHUR + RIB L,0,12,0,0,36209,434508,434508
Jul-2026,TIGALAPANKAOS MANADO,BENHUR + RIB,BENHUR + RIB L,108861,9,0,0,36209,325881,434508
Agu-2026,TIGALAPANKAOS MANADO,BENHUR + RIB,BENHUR + RIB L,0,24,0,0,36209,869016,325881
Sep-2026,TIGALAPANKAOS MANADO,BENHUR + RIB,BENHUR + RIB L,461220,27,0,0,36209,977643,869016
Okt-2026,TIGALAPANKAOS MANADO,BENHUR + RIB,BENHUR + RIB L,0,12,0,0,36209,434508,977643
Jan-2026,TIGALAPANKAOS MANADO,BENHUR + RIB,BENHUR + RIB M,0,16,0,0,35986,575776,0
Feb-2026,TIGALAPANKAOS MANADO,BENHUR + RIB,BENHUR + RIB M,35840,15,0,0,35986,539790,575776
Mar-2026,TIGALAPANKAOS MANADO,BENHUR + RIB,BENHUR + RIB M,35840,14,0,0,35986,503804,539790
Apr-2026,TIGALAPANKAOS MANADO,BENHUR + RIB,BENHUR + RIB M,215040,11,0,0,35986,395846,503804
Mei-2026,TIGALAPANKAOS MANADO,BENHUR + RIB,BENHUR + RIB M,0,8,0,0,35986,287888,395846
Jun-2026,TIGALAPANKAOS MANADO,BENHUR + RIB,BENHUR + RIB M,0,8,0,0,35986,287888,287888
Jul-2026,TIGALAPANKAOS MANADO,BENHUR + RIB,BENHUR + RIB M,35840,7,15,0,35986,791692,287888
Agu-2026,TIGALAPANKAOS MANADO,BENHUR + RIB,BENHUR + RIB M,38530,22,0,0,35986,791692,791692
Sep-2026,TIGALAPANKAOS MANADO,BENHUR + RIB,BENHUR + RIB M,269710,30,0,0,35986,1079580,791692
Okt-2026,TIGALAPANKAOS MANADO,BENHUR + RIB,BENHUR + RIB M,0,14,15,0,35986,1043594,1079580
Jan-2026,TIGALAPANKAOS MANADO,BENHUR + RIB,BENHUR + RIB S,0,32,0,0,36137,1156384,0
Feb-2026,TIGALAPANKAOS MANADO,BENHUR + RIB,BENHUR + RIB S,71074,30,0,0,36137,1084110,1156384
Mar-2026,TIGALAPANKAOS MANADO,BENHUR + RIB,BENHUR + RIB S,71074,28,0,0,36137,1011836,1084110
Apr-2026,TIGALAPANKAOS MANADO,BENHUR + RIB,BENHUR + RIB S,35537,28,0,0,36137,1011836,1011836
Mei-2026,TIGALAPANKAOS MANADO,BENHUR + RIB,BENHUR + RIB S,0,28,0,0,36137,1011836,1011836
Jun-2026,TIGALAPANKAOS MANADO,BENHUR + RIB,BENHUR + RIB S,0,28,0,0,36137,1011836,1011836
Jul-2026,TIGALAPANKAOS MANADO,BENHUR + RIB,BENHUR + RIB S,0,27,0,0,36137,975699,1011836
Agu-2026,TIGALAPANKAOS MANADO,BENHUR + RIB,BENHUR + RIB S,0,27,0,0,36137,975699,975699
Sep-2026,TIGALAPANKAOS MANADO,BENHUR + RIB,BENHUR + RIB S,68536,25,0,0,36137,903425,975699
Okt-2026,TIGALAPANKAOS MANADO,BENHUR + RIB,BENHUR + RIB S,0,25,0,0,36137,903425,903425
Jan-2026,TIGALAPANKAOS MANADO,BENHUR + RIB,BENHUR + RIB XL,0,28,0,0,35965,1007020,0
Feb-2026,TIGALAPANKAOS MANADO,BENHUR + RIB,BENHUR + RIB XL,36518,27,0,0,35965,971055,1007020
Mar-2026,TIGALAPANKAOS MANADO,BENHUR + RIB,BENHUR + RIB XL,36518,26,0,0,35965,935090,971055
Apr-2026,TIGALAPANKAOS MANADO,BENHUR + RIB,BENHUR + RIB XL,73036,24,0,0,35965,863160,935090
Mei-2026,TIGALAPANKAOS MANADO,BENHUR + RIB,BENHUR + RIB XL,0,24,0,0,35965,863160,863160
Jun-2026,TIGALAPANKAOS MANADO,BENHUR + RIB,BENHUR + RIB XL,0,24,0,0,35965,863160,863160
Jul-2026,TIGALAPANKAOS MANADO,BENHUR + RIB,BENHUR + RIB XL,328662,15,0,0,35965,539475,863160
Agu-2026,TIGALAPANKAOS MANADO,BENHUR + RIB,BENHUR + RIB XL,0,15,0,0,35965,539475,539475
Sep-2026,TIGALAPANKAOS MANADO,BENHUR + RIB,BENHUR + RIB XL,73036,13,0,0,35965,467545,539475
Okt-2026,TIGALAPANKAOS MANADO,BENHUR + RIB,BENHUR + RIB XL,36518,13,15,0,35965,1007020,467545
Jan-2026,TIGALAPANKAOS MANADO,HITAM + RIB,HITAM + RIB 2XL,288351,14,0,0,40134,561876,0
Feb-2026,TIGALAPANKAOS MANADO,HITAM + RIB,HITAM + RIB 2XL,0,0,0,0,40134,0,561876
Mar-2026,TIGALAPANKAOS MANADO,HITAM + RIB,HITAM + RIB 2XL,326583,7,0,0,40815,285705,0
Apr-2026,TIGALAPANKAOS MANADO,HITAM + RIB,HITAM + RIB 2XL,485760,15,0,0,40815,612225,285705
Mei-2026,TIGALAPANKAOS MANADO,HITAM + RIB,HITAM + RIB 2XL,521885,20,0,0,40111,802220,612225
Jun-2026,TIGALAPANKAOS MANADO,HITAM + RIB,HITAM + RIB 2XL,252091,13,0,0,40111,521443,802220
Jul-2026,TIGALAPANKAOS MANADO,HITAM + RIB,HITAM + RIB 2XL,324117,7,0,0,40111,280777,521443
Agu-2026,TIGALAPANKAOS MANADO,HITAM + RIB,HITAM + RIB 2XL,108039,1,0,0,40111,40111,280777
Sep-2026,TIGALAPANKAOS MANADO,HITAM + RIB,HITAM + RIB 2XL,132012,38,0,0,40111,1524218,40111
Okt-2026,TIGALAPANKAOS MANADO,HITAM + RIB,HITAM + RIB 2XL,308028,38,0,0,40111,1524218,1524218
Jan-2026,TIGALAPANKAOS MANADO,HITAM + RIB,HITAM + RIB 3XL,136206,26,0,0,45968,1195168,0
Feb-2026,TIGALAPANKAOS MANADO,HITAM + RIB,HITAM + RIB 3XL,408618,17,0,0,45968,781456,1195168
Mar-2026,TIGALAPANKAOS MANADO,HITAM + RIB,HITAM + RIB 3XL,90880,15,0,0,45968,689520,781456
Apr-2026,TIGALAPANKAOS MANADO,HITAM + RIB,HITAM + RIB 3XL,454400,5,0,0,45968,229840,689520
Mei-2026,TIGALAPANKAOS MANADO,HITAM + RIB,HITAM + RIB 3XL,90880,10,0,0,45968,459680,229840
Jun-2026,TIGALAPANKAOS MANADO,HITAM + RIB,HITAM + RIB 3XL,0,10,0,0,45968,459680,459680
Jul-2026,TIGALAPANKAOS MANADO,HITAM + RIB,HITAM + RIB 3XL,91936,8,0,0,45968,367744,459680
Agu-2026,TIGALAPANKAOS MANADO,HITAM + RIB,HITAM + RIB 3XL,137904,20,0,0,45968,919360,367744
Sep-2026,TIGALAPANKAOS MANADO,HITAM + RIB,HITAM + RIB 3XL,0,20,0,0,45968,919360,919360
Okt-2026,TIGALAPANKAOS MANADO,HITAM + RIB,HITAM + RIB 3XL,0,20,0,0,45968,919360,919360
Jan-2026,TIGALAPANKAOS MANADO,HITAM + RIB,HITAM + RIB L,1201356,30,0,0,35275,1058250,0
Feb-2026,TIGALAPANKAOS MANADO,HITAM + RIB,HITAM + RIB L,1482036,18,0,0,35188,633384,1058250
Mar-2026,TIGALAPANKAOS MANADO,HITAM + RIB,HITAM + RIB L,740138,27,0,0,35247,951669,633384
Apr-2026,TIGALAPANKAOS MANADO,HITAM + RIB,HITAM + RIB L,2171790,20,15,0,35247,1233645,951669
Mei-2026,TIGALAPANKAOS MANADO,HITAM + RIB,HITAM + RIB L,2170254,53,0,0,35046,1857438,1233645
Jun-2026,TIGALAPANKAOS MANADO,HITAM + RIB,HITAM + RIB L,1296776,46,15,0,35046,2137806,1857438
Jul-2026,TIGALAPANKAOS MANADO,HITAM + RIB,HITAM + RIB L,1228640,53,0,0,35046,1857438,2137806
Agu-2026,TIGALAPANKAOS MANADO,HITAM + RIB,HITAM + RIB L,775225,61,0,0,35046,2137806,1857438
Sep-2026,TIGALAPANKAOS MANADO,HITAM + RIB,HITAM + RIB L,328698,99,0,0,35046,3469554,2137806
Okt-2026,TIGALAPANKAOS MANADO,HITAM + RIB,HITAM + RIB L,986094,82,0,0,35046,2873772,3469554
Jan-2026,TIGALAPANKAOS MANADO,HITAM + RIB,HITAM + RIB M,621546,25,0,0,34868,871700,0
Feb-2026,TIGALAPANKAOS MANADO,HITAM + RIB,HITAM + RIB M,1147632,51,0,0,34868,1778268,871700
Mar-2026,TIGALAPANKAOS MANADO,HITAM + RIB,HITAM + RIB M,104544,48,0,0,35204,1689792,1778268
Apr-2026,TIGALAPANKAOS MANADO,HITAM + RIB,HITAM + RIB M,1079508,34,15,0,35204,1724996,1689792
Mei-2026,TIGALAPANKAOS MANADO,HITAM + RIB,HITAM + RIB M,1151493,59,0,0,35089,2070251,1724996
Jun-2026,TIGALAPANKAOS MANADO,HITAM + RIB,HITAM + RIB M,562032,58,0,0,35089,2035162,2070251
Jul-2026,TIGALAPANKAOS MANADO,HITAM + RIB,HITAM + RIB M,1299373,66,0,0,35089,2315874,2035162
Agu-2026,TIGALAPANKAOS MANADO,HITAM + RIB,HITAM + RIB M,703480,61,0,0,35089,2140429,2315874
Sep-2026,TIGALAPANKAOS MANADO,HITAM + RIB,HITAM + RIB M,144116,75,0,0,35089,2631675,2140429
Okt-2026,TIGALAPANKAOS MANADO,HITAM + RIB,HITAM + RIB M,216174,71,0,0,35089,2491319,2631675
Jan-2026,TIGALAPANKAOS MANADO,HITAM + RIB,HITAM + RIB S,70938,32,0,0,35285,1129120,0
Feb-2026,TIGALAPANKAOS MANADO,HITAM + RIB,HITAM + RIB S,0,32,0,0,35285,1129120,1129120
Mar-2026,TIGALAPANKAOS MANADO,HITAM + RIB,HITAM + RIB S,35469,31,0,0,35285,1093835,1129120
Apr-2026,TIGALAPANKAOS MANADO,HITAM + RIB,HITAM + RIB S,461097,20,0,0,35285,705700,1093835
Mei-2026,TIGALAPANKAOS MANADO,HITAM + RIB,HITAM + RIB S,0,18,0,0,35285,635130,705700
Jun-2026,TIGALAPANKAOS MANADO,HITAM + RIB,HITAM + RIB S,390159,7,0,0,35285,246995,635130
Jul-2026,TIGALAPANKAOS MANADO,HITAM + RIB,HITAM + RIB S,177345,2,0,0,35285,70570,246995
Agu-2026,TIGALAPANKAOS MANADO,HITAM + RIB,HITAM + RIB S,35469,1,30,0,35285,1093835,70570
Sep-2026,TIGALAPANKAOS MANADO,HITAM + RIB,HITAM + RIB S,39041,40,0,0,35285,1411400,1093835
Okt-2026,TIGALAPANKAOS MANADO,HITAM + RIB,HITAM + RIB S,0,40,0,0,35285,1411400,1411400
Jan-2026,TIGALAPANKAOS MANADO,HITAM + RIB,HITAM + RIB XL,491582,38,0,0,35151,1335738,0
Feb-2026,TIGALAPANKAOS MANADO,HITAM + RIB,HITAM + RIB XL,1336194,0,0,0,35151,0,1335738
Mar-2026,TIGALAPANKAOS MANADO,HITAM + RIB,HITAM + RIB XL,840636,53,0,0,38027,2015431,0
Apr-2026,TIGALAPANKAOS MANADO,HITAM + RIB,HITAM + RIB XL,1772119,25,15,0,38027,1521080,2015431
Mei-2026,TIGALAPANKAOS MANADO,HITAM + RIB,HITAM + RIB XL,2037329,37,15,0,35999,1871948,1521080
Jun-2026,TIGALAPANKAOS MANADO,HITAM + RIB,HITAM + RIB XL,1294947,46,15,0,35999,2195939,1871948
Jul-2026,TIGALAPANKAOS MANADO,HITAM + RIB,HITAM + RIB XL,926274,38,0,0,35999,1367962,2195939
Agu-2026,TIGALAPANKAOS MANADO,HITAM + RIB,HITAM + RIB XL,427308,38,0,0,35999,1367962,1367962
Sep-2026,TIGALAPANKAOS MANADO,HITAM + RIB,HITAM + RIB XL,361900,88,0,0,35999,3167912,1367962
Okt-2026,TIGALAPANKAOS MANADO,HITAM + RIB,HITAM + RIB XL,217140,93,15,0,35999,3887892,3167912
Jan-2026,TIGALAPANKAOS MANADO,MAROON + RIB,MAROON + RIB 2XL,0,15,0,0,41035,615525,0
Feb-2026,TIGALAPANKAOS MANADO,MAROON + RIB,MAROON + RIB 2XL,0,15,0,0,41035,615525,615525
Mar-2026,TIGALAPANKAOS MANADO,MAROON + RIB,MAROON + RIB 2XL,330792,7,0,0,41035,287245,615525
Apr-2026,TIGALAPANKAOS MANADO,MAROON + RIB,MAROON + RIB 2XL,0,7,0,0,41035,287245,287245
Mei-2026,TIGALAPANKAOS MANADO,MAROON + RIB,MAROON + RIB 2XL,41349,6,0,0,41035,246210,287245
Jun-2026,TIGALAPANKAOS MANADO,MAROON + RIB,MAROON + RIB 2XL,206745,1,0,0,41035,41035,246210
Jul-2026,TIGALAPANKAOS MANADO,MAROON + RIB,MAROON + RIB 2XL,0,10,0,0,41035,410350,41035
Agu-2026,TIGALAPANKAOS MANADO,MAROON + RIB,MAROON + RIB 2XL,0,10,0,0,41035,410350,410350
Sep-2026,TIGALAPANKAOS MANADO,MAROON + RIB,MAROON + RIB 2XL,0,20,0,0,41035,820700,410350
Okt-2026,TIGALAPANKAOS MANADO,MAROON + RIB,MAROON + RIB 2XL,40308,10,0,0,41035,410350,820700
Jan-2026,TIGALAPANKAOS MANADO,MAROON + RIB,MAROON + RIB 3XL,0,10,0,0,46390,463900,0
Feb-2026,TIGALAPANKAOS MANADO,MAROON + RIB,MAROON + RIB 3XL,0,10,7,0,46390,788630,463900
Mar-2026,TIGALAPANKAOS MANADO,MAROON + RIB,MAROON + RIB 3XL,156132,14,0,0,46390,649460,788630
Apr-2026,TIGALAPANKAOS MANADO,MAROON + RIB,MAROON + RIB 3XL,0,14,0,0,46390,649460,649460
Mei-2026,TIGALAPANKAOS MANADO,MAROON + RIB,MAROON + RIB 3XL,0,14,0,0,46390,649460,649460
Jun-2026,TIGALAPANKAOS MANADO,MAROON + RIB,MAROON + RIB 3XL,104088,12,0,0,46390,556680,649460
Jul-2026,TIGALAPANKAOS MANADO,MAROON + RIB,MAROON + RIB 3XL,0,12,0,0,46390,556680,556680
Agu-2026,TIGALAPANKAOS MANADO,MAROON + RIB,MAROON + RIB 3XL,104088,10,0,0,46390,463900,556680
Sep-2026,TIGALAPANKAOS MANADO,MAROON + RIB,MAROON + RIB 3XL,0,10,0,0,46390,463900,463900
Okt-2026,TIGALAPANKAOS MANADO,MAROON + RIB,MAROON + RIB 3XL,0,10,0,0,46390,463900,463900
Jan-2026,TIGALAPANKAOS MANADO,MAROON + RIB,MAROON + RIB L,0,26,0,0,35143,913718,0
Feb-2026,TIGALAPANKAOS MANADO,MAROON + RIB,MAROON + RIB L,0,26,0,0,36130,939380,913718
Mar-2026,TIGALAPANKAOS MANADO,MAROON + RIB,MAROON + RIB L,1224773,0,9,0,36130,325170,939380
Apr-2026,TIGALAPANKAOS MANADO,MAROON + RIB,MAROON + RIB L,0,15,0,0,36130,541950,325170
Mei-2026,TIGALAPANKAOS MANADO,MAROON + RIB,MAROON + RIB L,0,15,0,0,36130,541950,541950
Jun-2026,TIGALAPANKAOS MANADO,MAROON + RIB,MAROON + RIB L,469690,2,15,0,36130,614210,541950
Jul-2026,TIGALAPANKAOS MANADO,MAROON + RIB,MAROON + RIB L,0,17,0,0,36130,614210,614210
Agu-2026,TIGALAPANKAOS MANADO,MAROON + RIB,MAROON + RIB L,174550,13,0,0,36130,469690,614210
Sep-2026,TIGALAPANKAOS MANADO,MAROON + RIB,MAROON + RIB L,0,27,0,0,36130,975510,469690
Okt-2026,TIGALAPANKAOS MANADO,MAROON + RIB,MAROON + RIB L,183005,27,15,0,36130,1517460,975510
Jan-2026,TIGALAPANKAOS MANADO,MAROON + RIB,MAROON + RIB M,0,37,0,0,35662,1319494,0
Feb-2026,TIGALAPANKAOS MANADO,MAROON + RIB,MAROON + RIB M,0,37,0,0,35662,1319494,1319494
Mar-2026,TIGALAPANKAOS MANADO,MAROON + RIB,MAROON + RIB M,995596,9,0,0,35662,320958,1319494
Apr-2026,TIGALAPANKAOS MANADO,MAROON + RIB,MAROON + RIB M,35557,23,0,0,35662,820226,320958
Mei-2026,TIGALAPANKAOS MANADO,MAROON + RIB,MAROON + RIB M,35625,22,0,0,35662,784564,820226
Jun-2026,TIGALAPANKAOS MANADO,MAROON + RIB,MAROON + RIB M,712500,2,0,0,35662,71324,784564
Jul-2026,TIGALAPANKAOS MANADO,MAROON + RIB,MAROON + RIB M,0,17,0,0,35662,606254,71324
Agu-2026,TIGALAPANKAOS MANADO,MAROON + RIB,MAROON + RIB M,211566,13,0,0,35662,463606,606254
Sep-2026,TIGALAPANKAOS MANADO,MAROON + RIB,MAROON + RIB M,0,26,0,0,35662,927212,463606
Okt-2026,TIGALAPANKAOS MANADO,MAROON + RIB,MAROON + RIB M,218616,26,15,0,35662,1462142,927212
Jan-2026,TIGALAPANKAOS MANADO,MAROON + RIB,MAROON + RIB S,0,31,0,0,35425,1098175,0
Feb-2026,TIGALAPANKAOS MANADO,MAROON + RIB,MAROON + RIB S,106701,28,0,0,35425,991900,1098175
Mar-2026,TIGALAPANKAOS MANADO,MAROON + RIB,MAROON + RIB S,569072,12,0,0,35425,425100,991900
Apr-2026,TIGALAPANKAOS MANADO,MAROON + RIB,MAROON + RIB S,0,12,0,0,35425,425100,425100
Mei-2026,TIGALAPANKAOS MANADO,MAROON + RIB,MAROON + RIB S,0,12,0,0,35425,425100,425100
Jun-2026,TIGALAPANKAOS MANADO,MAROON + RIB,MAROON + RIB S,0,12,0,0,35425,425100,425100
Jul-2026,TIGALAPANKAOS MANADO,MAROON + RIB,MAROON + RIB S,0,12,0,0,35425,425100,425100
Agu-2026,TIGALAPANKAOS MANADO,MAROON + RIB,MAROON + RIB S,35567,11,0,0,35425,389675,425100
Sep-2026,TIGALAPANKAOS MANADO,MAROON + RIB,MAROON + RIB S,0,21,0,0,35425,743925,389675
Okt-2026,TIGALAPANKAOS MANADO,MAROON + RIB,MAROON + RIB S,72596,11,0,0,35425,389675,743925
Jan-2026,TIGALAPANKAOS MANADO,MAROON + RIB,MAROON + RIB XL,0,15,0,0,37999,569985,0
Feb-2026,TIGALAPANKAOS MANADO,MAROON + RIB,MAROON + RIB XL,65960,13,0,0,37999,493987,569985
Mar-2026,TIGALAPANKAOS MANADO,MAROON + RIB,MAROON + RIB XL,962860,3,0,0,37999,113997,493987
Apr-2026,TIGALAPANKAOS MANADO,MAROON + RIB,MAROON + RIB XL,0,16,0,0,37999,607984,113997
Mei-2026,TIGALAPANKAOS MANADO,MAROON + RIB,MAROON + RIB XL,0,18,0,0,37999,683982,607984
Jun-2026,TIGALAPANKAOS MANADO,MAROON + RIB,MAROON + RIB XL,302931,9,0,0,37999,341991,683982
Jul-2026,TIGALAPANKAOS MANADO,MAROON + RIB,MAROON + RIB XL,0,8,0,0,37999,303992,341991
Agu-2026,TIGALAPANKAOS MANADO,MAROON + RIB,MAROON + RIB XL,399751,12,0,0,37999,455988,303992
Sep-2026,TIGALAPANKAOS MANADO,MAROON + RIB,MAROON + RIB XL,0,12,0,0,37999,455988,455988
Okt-2026,TIGALAPANKAOS MANADO,MAROON + RIB,MAROON + RIB XL,218046,12,15,0,37999,1025973,455988
Jan-2026,TIGALAPANKAOS MANADO,MERAH + RIB,MERAH + RIB 2XL,0,26,0,0,36757,955682,0
Feb-2026,TIGALAPANKAOS MANADO,MERAH + RIB,MERAH + RIB 2XL,0,26,0,0,36757,955682,955682
Mar-2026,TIGALAPANKAOS MANADO,MERAH + RIB,MERAH + RIB 2XL,70648,24,0,0,36757,882168,955682
Apr-2026,TIGALAPANKAOS MANADO,MERAH + RIB,MERAH + RIB 2XL,0,24,0,0,36757,882168,882168
Mei-2026,TIGALAPANKAOS MANADO,MERAH + RIB,MERAH + RIB 2XL,0,24,0,0,36757,882168,882168
Jun-2026,TIGALAPANKAOS MANADO,MERAH + RIB,MERAH + RIB 2XL,0,24,0,0,36757,882168,882168
Jul-2026,TIGALAPANKAOS MANADO,MERAH + RIB,MERAH + RIB 2XL,247268,24,0,0,36757,882168,882168
Agu-2026,TIGALAPANKAOS MANADO,MERAH + RIB,MERAH + RIB 2XL,35324,16,0,0,36757,588112,882168
Sep-2026,TIGALAPANKAOS MANADO,MERAH + RIB,MERAH + RIB 2XL,0,16,0,0,36757,588112,588112
Okt-2026,TIGALAPANKAOS MANADO,MERAH + RIB,MERAH + RIB 2XL,0,16,0,0,36757,588112,588112
Jan-2026,TIGALAPANKAOS MANADO,MERAH + RIB,MERAH + RIB 3XL,0,28,0,0,45193,1265404,0
Feb-2026,TIGALAPANKAOS MANADO,MERAH + RIB,MERAH + RIB 3XL,0,28,0,0,45193,1265404,1265404
Mar-2026,TIGALAPANKAOS MANADO,MERAH + RIB,MERAH + RIB 3XL,0,28,0,0,45193,1265404,1265404
Apr-2026,TIGALAPANKAOS MANADO,MERAH + RIB,MERAH + RIB 3XL,0,28,0,0,45193,1265404,1265404
Mei-2026,TIGALAPANKAOS MANADO,MERAH + RIB,MERAH + RIB 3XL,0,29,0,0,45193,1310597,1265404
Jun-2026,TIGALAPANKAOS MANADO,MERAH + RIB,MERAH + RIB 3XL,0,29,0,0,45193,1310597,1310597
Jul-2026,TIGALAPANKAOS MANADO,MERAH + RIB,MERAH + RIB 3XL,132306,29,0,0,45193,1310597,1310597
Agu-2026,TIGALAPANKAOS MANADO,MERAH + RIB,MERAH + RIB 3XL,44102,25,0,0,45193,1129825,1310597
Sep-2026,TIGALAPANKAOS MANADO,MERAH + RIB,MERAH + RIB 3XL,0,30,0,0,45193,1355790,1129825
Okt-2026,TIGALAPANKAOS MANADO,MERAH + RIB,MERAH + RIB 3XL,0,24,0,0,45193,1084632,1355790
Jan-2026,TIGALAPANKAOS MANADO,MERAH + RIB,MERAH + RIB L,0,15,0,0,35755,536325,0
Feb-2026,TIGALAPANKAOS MANADO,MERAH + RIB,MERAH + RIB L,0,15,0,0,35755,536325,536325
Mar-2026,TIGALAPANKAOS MANADO,MERAH + RIB,MERAH + RIB L,69718,13,0,0,35755,464815,536325
Apr-2026,TIGALAPANKAOS MANADO,MERAH + RIB,MERAH + RIB L,0,13,0,0,35755,464815,464815
Mei-2026,TIGALAPANKAOS MANADO,MERAH + RIB,MERAH + RIB L,0,13,0,0,35755,464815,464815
Jun-2026,TIGALAPANKAOS MANADO,MERAH + RIB,MERAH + RIB L,0,13,0,0,35755,464815,464815
Jul-2026,TIGALAPANKAOS MANADO,MERAH + RIB,MERAH + RIB L,418308,13,0,0,35755,464815,464815
Agu-2026,TIGALAPANKAOS MANADO,MERAH + RIB,MERAH + RIB L,150503,12,0,0,35755,429060,464815
Sep-2026,TIGALAPANKAOS MANADO,MERAH + RIB,MERAH + RIB L,0,72,0,0,35755,2574360,429060
Okt-2026,TIGALAPANKAOS MANADO,MERAH + RIB,MERAH + RIB L,0,72,0,0,35755,2574360,2574360
Jan-2026,TIGALAPANKAOS MANADO,MERAH + RIB,MERAH + RIB M,0,28,0,0,35755,1001140,0
Feb-2026,TIGALAPANKAOS MANADO,MERAH + RIB,MERAH + RIB M,0,28,0,0,35755,1001140,1001140
Mar-2026,TIGALAPANKAOS MANADO,MERAH + RIB,MERAH + RIB M,0,28,0,0,35755,1001140,1001140
Apr-2026,TIGALAPANKAOS MANADO,MERAH + RIB,MERAH + RIB M,0,28,0,0,35755,1001140,1001140
Mei-2026,TIGALAPANKAOS MANADO,MERAH + RIB,MERAH + RIB M,0,28,0,0,35755,1001140,1001140
Jun-2026,TIGALAPANKAOS MANADO,MERAH + RIB,MERAH + RIB M,0,28,0,0,35755,1001140,1001140
Jul-2026,TIGALAPANKAOS MANADO,MERAH + RIB,MERAH + RIB M,248801,28,0,0,35755,1001140,1001140
Agu-2026,TIGALAPANKAOS MANADO,MERAH + RIB,MERAH + RIB M,35543,20,0,0,35755,715100,1001140
Sep-2026,TIGALAPANKAOS MANADO,MERAH + RIB,MERAH + RIB M,0,50,0,0,35755,1787750,715100
Okt-2026,TIGALAPANKAOS MANADO,MERAH + RIB,MERAH + RIB M,0,50,0,0,35755,1787750,1787750
Jan-2026,TIGALAPANKAOS MANADO,MERAH + RIB,MERAH + RIB S,0,15,0,0,35972,539580,0
Feb-2026,TIGALAPANKAOS MANADO,MERAH + RIB,MERAH + RIB S,0,15,0,0,35972,539580,539580
Mar-2026,TIGALAPANKAOS MANADO,MERAH + RIB,MERAH + RIB S,0,15,0,0,35972,539580,539580
Apr-2026,TIGALAPANKAOS MANADO,MERAH + RIB,MERAH + RIB S,0,15,0,0,35972,539580,539580
Mei-2026,TIGALAPANKAOS MANADO,MERAH + RIB,MERAH + RIB S,0,15,0,0,35972,539580,539580
Jun-2026,TIGALAPANKAOS MANADO,MERAH + RIB,MERAH + RIB S,0,15,0,0,35972,539580,539580
Jul-2026,TIGALAPANKAOS MANADO,MERAH + RIB,MERAH + RIB S,0,15,0,0,35972,539580,539580
Agu-2026,TIGALAPANKAOS MANADO,MERAH + RIB,MERAH + RIB S,72780,13,0,0,35972,467636,539580
Sep-2026,TIGALAPANKAOS MANADO,MERAH + RIB,MERAH + RIB S,0,23,0,0,35972,827356,467636
Okt-2026,TIGALAPANKAOS MANADO,MERAH + RIB,MERAH + RIB S,0,23,0,0,35972,827356,827356
Jan-2026,TIGALAPANKAOS MANADO,MERAH + RIB,MERAH + RIB XL,0,27,0,0,35755,965385,0
Feb-2026,TIGALAPANKAOS MANADO,MERAH + RIB,MERAH + RIB XL,0,27,0,0,35755,965385,965385
Mar-2026,TIGALAPANKAOS MANADO,MERAH + RIB,MERAH + RIB XL,0,27,0,0,35755,965385,965385
Apr-2026,TIGALAPANKAOS MANADO,MERAH + RIB,MERAH + RIB XL,0,27,0,0,35755,965385,965385
Mei-2026,TIGALAPANKAOS MANADO,MERAH + RIB,MERAH + RIB XL,0,27,0,0,35755,965385,965385
Jun-2026,TIGALAPANKAOS MANADO,MERAH + RIB,MERAH + RIB XL,0,27,0,0,35755,965385,965385
Jul-2026,TIGALAPANKAOS MANADO,MERAH + RIB,MERAH + RIB XL,363880,193,0,0,35755,6900715,965385
Agu-2026,TIGALAPANKAOS MANADO,MERAH + RIB,MERAH + RIB XL,0,183,0,0,35755,6543165,6900715
Sep-2026,TIGALAPANKAOS MANADO,MERAH + RIB,MERAH + RIB XL,0,183,0,0,35755,6543165,6543165
Okt-2026,TIGALAPANKAOS MANADO,MERAH + RIB,MERAH + RIB XL,0,183,0,0,35755,6543165,6543165
Jan-2026,TIGALAPANKAOS MANADO,NAVY + RIB,NAVY + RIB 2XL,0,38,0,0,34393,1306934,0
Feb-2026,TIGALAPANKAOS MANADO,NAVY + RIB,NAVY + RIB 2XL,0,38,0,0,34393,1306934,1306934
Mar-2026,TIGALAPANKAOS MANADO,NAVY + RIB,NAVY + RIB 2XL,0,38,0,0,34393,1306934,1306934
Apr-2026,TIGALAPANKAOS MANADO,NAVY + RIB,NAVY + RIB 2XL,0,38,0,0,34393,1306934,1306934
Mei-2026,TIGALAPANKAOS MANADO,NAVY + RIB,NAVY + RIB 2XL,0,38,0,0,34393,1306934,1306934
Jun-2026,TIGALAPANKAOS MANADO,NAVY + RIB,NAVY + RIB 2XL,0,38,0,0,34393,1306934,1306934
Jul-2026,TIGALAPANKAOS MANADO,NAVY + RIB,NAVY + RIB 2XL,0,38,0,0,34393,1306934,1306934
Agu-2026,TIGALAPANKAOS MANADO,NAVY + RIB,NAVY + RIB 2XL,36853,47,0,0,34393,1616471,1306934
Sep-2026,TIGALAPANKAOS MANADO,NAVY + RIB,NAVY + RIB 2XL,193730,42,0,0,34393,1444506,1616471
Okt-2026,TIGALAPANKAOS MANADO,NAVY + RIB,NAVY + RIB 2XL,0,42,0,0,34393,1444506,1444506
Jan-2026,TIGALAPANKAOS MANADO,NAVY + RIB,NAVY + RIB 3XL,0,29,0,0,44433,1288557,0
Feb-2026,TIGALAPANKAOS MANADO,NAVY + RIB,NAVY + RIB 3XL,0,29,0,0,44433,1288557,1288557
Mar-2026,TIGALAPANKAOS MANADO,NAVY + RIB,NAVY + RIB 3XL,0,29,0,0,44433,1288557,1288557
Apr-2026,TIGALAPANKAOS MANADO,NAVY + RIB,NAVY + RIB 3XL,0,29,0,0,44433,1288557,1288557
Mei-2026,TIGALAPANKAOS MANADO,NAVY + RIB,NAVY + RIB 3XL,0,29,0,0,44433,1288557,1288557
Jun-2026,TIGALAPANKAOS MANADO,NAVY + RIB,NAVY + RIB 3XL,0,29,0,0,44433,1288557,1288557
Jul-2026,TIGALAPANKAOS MANADO,NAVY + RIB,NAVY + RIB 3XL,0,29,0,0,44433,1288557,1288557
Agu-2026,TIGALAPANKAOS MANADO,NAVY + RIB,NAVY + RIB 3XL,0,29,0,0,44433,1288557,1288557
Sep-2026,TIGALAPANKAOS MANADO,NAVY + RIB,NAVY + RIB 3XL,0,29,0,0,44433,1288557,1288557
Okt-2026,TIGALAPANKAOS MANADO,NAVY + RIB,NAVY + RIB 3XL,0,29,0,0,44433,1288557,1288557
Jan-2026,TIGALAPANKAOS MANADO,NAVY + RIB,NAVY + RIB L,0,42,0,0,35115,1474830,0
Feb-2026,TIGALAPANKAOS MANADO,NAVY + RIB,NAVY + RIB L,140772,38,0,0,35115,1334370,1474830
Mar-2026,TIGALAPANKAOS MANADO,NAVY + RIB,NAVY + RIB L,35193,37,0,0,35115,1299255,1334370
Apr-2026,TIGALAPANKAOS MANADO,NAVY + RIB,NAVY + RIB L,0,37,0,0,35115,1299255,1299255
Mei-2026,TIGALAPANKAOS MANADO,NAVY + RIB,NAVY + RIB L,246351,30,0,0,35115,1053450,1299255
Jun-2026,TIGALAPANKAOS MANADO,NAVY + RIB,NAVY + RIB L,35193,29,0,0,35115,1018335,1053450
Jul-2026,TIGALAPANKAOS MANADO,NAVY + RIB,NAVY + RIB L,35193,43,0,0,35115,1509945,1018335
Agu-2026,TIGALAPANKAOS MANADO,NAVY + RIB,NAVY + RIB L,106056,40,0,0,35115,1404600,1509945
Sep-2026,TIGALAPANKAOS MANADO,NAVY + RIB,NAVY + RIB L,565632,24,0,0,35115,842760,1404600
Okt-2026,TIGALAPANKAOS MANADO,NAVY + RIB,NAVY + RIB L,70704,24,0,0,35115,842760,842760
Jan-2026,TIGALAPANKAOS MANADO,NAVY + RIB,NAVY + RIB M,0,34,0,0,35191,1196494,0
Feb-2026,TIGALAPANKAOS MANADO,NAVY + RIB,NAVY + RIB M,71712,32,0,0,32964,1054848,1196494
Mar-2026,TIGALAPANKAOS MANADO,NAVY + RIB,NAVY + RIB M,0,32,0,0,32964,1054848,1054848
Apr-2026,TIGALAPANKAOS MANADO,NAVY + RIB,NAVY + RIB M,0,32,0,0,32964,1054848,1054848
Mei-2026,TIGALAPANKAOS MANADO,NAVY + RIB,NAVY + RIB M,35856,31,0,0,32964,1021884,1054848
Jun-2026,TIGALAPANKAOS MANADO,NAVY + RIB,NAVY + RIB M,0,31,0,0,32964,1021884,1021884
Jul-2026,TIGALAPANKAOS MANADO,NAVY + RIB,NAVY + RIB M,35856,30,0,0,32964,988920,1021884
Agu-2026,TIGALAPANKAOS MANADO,NAVY + RIB,NAVY + RIB M,35856,29,0,0,32964,955956,988920
Sep-2026,TIGALAPANKAOS MANADO,NAVY + RIB,NAVY + RIB M,179280,24,0,0,32964,791136,955956
Okt-2026,TIGALAPANKAOS MANADO,NAVY + RIB,NAVY + RIB M,35856,24,0,0,32964,791136,791136
Jan-2026,TIGALAPANKAOS MANADO,NAVY + RIB,NAVY + RIB S,0,23,0,0,34613,796099,0
Feb-2026,TIGALAPANKAOS MANADO,NAVY + RIB,NAVY + RIB S,34897,22,0,0,34613,761486,796099
Mar-2026,TIGALAPANKAOS MANADO,NAVY + RIB,NAVY + RIB S,0,22,0,0,34613,761486,761486
Apr-2026,TIGALAPANKAOS MANADO,NAVY + RIB,NAVY + RIB S,0,22,0,0,34613,761486,761486
Mei-2026,TIGALAPANKAOS MANADO,NAVY + RIB,NAVY + RIB S,0,22,0,0,34613,761486,761486
Jun-2026,TIGALAPANKAOS MANADO,NAVY + RIB,NAVY + RIB S,0,22,0,0,34613,761486,761486
Jul-2026,TIGALAPANKAOS MANADO,NAVY + RIB,NAVY + RIB S,0,22,0,0,34613,761486,761486
Agu-2026,TIGALAPANKAOS MANADO,NAVY + RIB,NAVY + RIB S,0,22,0,0,34613,761486,761486
Sep-2026,TIGALAPANKAOS MANADO,NAVY + RIB,NAVY + RIB S,34897,21,0,0,34613,726873,761486
Okt-2026,TIGALAPANKAOS MANADO,NAVY + RIB,NAVY + RIB S,34897,21,0,0,34613,726873,726873
Jan-2026,TIGALAPANKAOS MANADO,NAVY + RIB,NAVY + RIB XL,0,33,0,0,35116,1158828,0
Feb-2026,TIGALAPANKAOS MANADO,NAVY + RIB,NAVY + RIB XL,71526,31,0,0,35116,1088596,1158828
Mar-2026,TIGALAPANKAOS MANADO,NAVY + RIB,NAVY + RIB XL,0,31,0,0,35116,1088596,1088596
Apr-2026,TIGALAPANKAOS MANADO,NAVY + RIB,NAVY + RIB XL,0,31,0,0,35116,1088596,1088596
Mei-2026,TIGALAPANKAOS MANADO,NAVY + RIB,NAVY + RIB XL,66928,39,0,0,35116,1369524,1088596
Jun-2026,TIGALAPANKAOS MANADO,NAVY + RIB,NAVY + RIB XL,0,39,0,0,35116,1369524,1369524
Jul-2026,TIGALAPANKAOS MANADO,NAVY + RIB,NAVY + RIB XL,0,39,0,0,35116,1369524,1369524
Agu-2026,TIGALAPANKAOS MANADO,NAVY + RIB,NAVY + RIB XL,100392,36,0,0,35116,1264176,1369524
Sep-2026,TIGALAPANKAOS MANADO,NAVY + RIB,NAVY + RIB XL,401568,24,0,0,35116,842784,1264176
Okt-2026,TIGALAPANKAOS MANADO,NAVY + RIB,NAVY + RIB XL,0,24,15,0,35116,1369524,842784
Jan-2026,TIGALAPANKAOS MANADO,PUTIH + RIB,PUTIH + RIB 2XL,138532,11,0,0,35692,392612,0
Feb-2026,TIGALAPANKAOS MANADO,PUTIH + RIB,PUTIH + RIB 2XL,69266,9,0,0,35692,321228,392612
Mar-2026,TIGALAPANKAOS MANADO,PUTIH + RIB,PUTIH + RIB 2XL,0,13,0,0,35692,463996,321228
Apr-2026,TIGALAPANKAOS MANADO,PUTIH + RIB,PUTIH + RIB 2XL,34959,12,0,0,35692,428304,463996
Mei-2026,TIGALAPANKAOS MANADO,PUTIH + RIB,PUTIH + RIB 2XL,139836,28,0,0,35692,999376,428304
Jun-2026,TIGALAPANKAOS MANADO,PUTIH + RIB,PUTIH + RIB 2XL,101676,23,0,0,35692,820916,999376
Jul-2026,TIGALAPANKAOS MANADO,PUTIH + RIB,PUTIH + RIB 2XL,169460,22,0,0,35692,785224,820916
Agu-2026,TIGALAPANKAOS MANADO,PUTIH + RIB,PUTIH + RIB 2XL,684995,8,0,0,35692,285536,785224
Sep-2026,TIGALAPANKAOS MANADO,PUTIH + RIB,PUTIH + RIB 2XL,34687,7,0,0,35692,249844,285536
Okt-2026,TIGALAPANKAOS MANADO,PUTIH + RIB,PUTIH + RIB 2XL,0,7,10,0,35692,606764,249844
Jan-2026,TIGALAPANKAOS MANADO,PUTIH + RIB,PUTIH + RIB 3XL,82498,23,0,0,40627,934421,0
Feb-2026,TIGALAPANKAOS MANADO,PUTIH + RIB,PUTIH + RIB 3XL,0,23,0,0,40627,934421,934421
Mar-2026,TIGALAPANKAOS MANADO,PUTIH + RIB,PUTIH + RIB 3XL,0,23,0,0,40627,934421,934421
Apr-2026,TIGALAPANKAOS MANADO,PUTIH + RIB,PUTIH + RIB 3XL,0,23,0,0,40627,934421,934421
Mei-2026,TIGALAPANKAOS MANADO,PUTIH + RIB,PUTIH + RIB 3XL,0,23,0,0,40627,934421,934421
Jun-2026,TIGALAPANKAOS MANADO,PUTIH + RIB,PUTIH + RIB 3XL,0,23,0,0,40627,934421,934421
Jul-2026,TIGALAPANKAOS MANADO,PUTIH + RIB,PUTIH + RIB 3XL,41249,23,0,0,40627,934421,934421
Agu-2026,TIGALAPANKAOS MANADO,PUTIH + RIB,PUTIH + RIB 3XL,288743,15,0,0,40627,609405,934421
Sep-2026,TIGALAPANKAOS MANADO,PUTIH + RIB,PUTIH + RIB 3XL,0,15,0,0,40627,609405,609405
Okt-2026,TIGALAPANKAOS MANADO,PUTIH + RIB,PUTIH + RIB 3XL,0,15,0,0,40627,609405,609405
Jan-2026,TIGALAPANKAOS MANADO,PUTIH + RIB,PUTIH + RIB L,517552,25,0,0,32169,804225,0
Feb-2026,TIGALAPANKAOS MANADO,PUTIH + RIB,PUTIH + RIB L,0,25,0,0,32141,803525,804225
Mar-2026,TIGALAPANKAOS MANADO,PUTIH + RIB,PUTIH + RIB L,0,33,0,0,32259,1064547,803525
Apr-2026,TIGALAPANKAOS MANADO,PUTIH + RIB,PUTIH + RIB L,64658,32,0,0,32259,1032288,1064547
Mei-2026,TIGALAPANKAOS MANADO,PUTIH + RIB,PUTIH + RIB L,420277,33,30,0,32259,2032317,1032288
Jun-2026,TIGALAPANKAOS MANADO,PUTIH + RIB,PUTIH + RIB L,725681,41,0,0,32259,1322619,2032317
Jul-2026,TIGALAPANKAOS MANADO,PUTIH + RIB,PUTIH + RIB L,727056,39,0,0,32259,1258101,1322619
Agu-2026,TIGALAPANKAOS MANADO,PUTIH + RIB,PUTIH + RIB L,1204480,15,0,0,32259,483885,1258101
Sep-2026,TIGALAPANKAOS MANADO,PUTIH + RIB,PUTIH + RIB L,503216,29,30,0,32259,1903281,483885
Okt-2026,TIGALAPANKAOS MANADO,PUTIH + RIB,PUTIH + RIB L,35944,57,0,0,32259,1838763,1903281
Jan-2026,TIGALAPANKAOS MANADO,PUTIH + RIB,PUTIH + RIB M,164330,33,0,0,32474,1071642,0
Feb-2026,TIGALAPANKAOS MANADO,PUTIH + RIB,PUTIH + RIB M,0,33,0,0,32327,1066791,1071642
Mar-2026,TIGALAPANKAOS MANADO,PUTIH + RIB,PUTIH + RIB M,32866,32,0,0,32327,1034464,1066791
Apr-2026,TIGALAPANKAOS MANADO,PUTIH + RIB,PUTIH + RIB M,0,32,0,0,32327,1034464,1034464
Mei-2026,TIGALAPANKAOS MANADO,PUTIH + RIB,PUTIH + RIB M,328660,16,15,0,32327,1002137,1034464
Jun-2026,TIGALAPANKAOS MANADO,PUTIH + RIB,PUTIH + RIB M,627678,12,0,0,32327,387924,1002137
Jul-2026,TIGALAPANKAOS MANADO,PUTIH + RIB,PUTIH + RIB M,331140,7,0,0,32327,226289,387924
Agu-2026,TIGALAPANKAOS MANADO,PUTIH + RIB,PUTIH + RIB M,571066,0,0,0,32474,0,226289
Okt-2026,TIGALAPANKAOS MANADO,PUTIH + RIB,PUTIH + RIB M,0,0,30,0,32327,969810,0
Jan-2026,TIGALAPANKAOS MANADO,PUTIH + RIB,PUTIH + RIB S,32859,22,0,0,32719,719818,0
Feb-2026,TIGALAPANKAOS MANADO,PUTIH + RIB,PUTIH + RIB S,0,22,0,0,32719,719818,719818
Mar-2026,TIGALAPANKAOS MANADO,PUTIH + RIB,PUTIH + RIB S,0,22,0,0,32719,719818,719818
Apr-2026,TIGALAPANKAOS MANADO,PUTIH + RIB,PUTIH + RIB S,32859,21,0,0,32719,687099,719818
Mei-2026,TIGALAPANKAOS MANADO,PUTIH + RIB,PUTIH + RIB S,32859,20,0,0,32719,654380,687099
Jun-2026,TIGALAPANKAOS MANADO,PUTIH + RIB,PUTIH + RIB S,65718,18,0,0,32719,588942,654380
Jul-2026,TIGALAPANKAOS MANADO,PUTIH + RIB,PUTIH + RIB S,164295,18,0,0,32719,588942,588942
Agu-2026,TIGALAPANKAOS MANADO,PUTIH + RIB,PUTIH + RIB S,497781,0,10,0,32719,327190,588942
Sep-2026,TIGALAPANKAOS MANADO,PUTIH + RIB,PUTIH + RIB S,176535,13,0,0,32719,425347,327190
Okt-2026,TIGALAPANKAOS MANADO,PUTIH + RIB,PUTIH + RIB S,0,14,10,0,32719,785256,425347
Jan-2026,TIGALAPANKAOS MANADO,PUTIH + RIB,PUTIH + RIB XL,475557,34,0,0,32650,1110100,0
Feb-2026,TIGALAPANKAOS MANADO,PUTIH + RIB,PUTIH + RIB XL,66854,32,0,0,32397,1036704,1110100
Mar-2026,TIGALAPANKAOS MANADO,PUTIH + RIB,PUTIH + RIB XL,0,38,0,0,32397,1231086,1036704
Apr-2026,TIGALAPANKAOS MANADO,PUTIH + RIB,PUTIH + RIB XL,0,38,0,0,32397,1231086,1231086
Mei-2026,TIGALAPANKAOS MANADO,PUTIH + RIB,PUTIH + RIB XL,166320,33,15,0,32397,1555056,1231086
Jun-2026,TIGALAPANKAOS MANADO,PUTIH + RIB,PUTIH + RIB XL,33257,47,0,0,32397,1522659,1555056
Jul-2026,TIGALAPANKAOS MANADO,PUTIH + RIB,PUTIH + RIB XL,299313,46,0,0,32397,1490262,1522659
Agu-2026,TIGALAPANKAOS MANADO,PUTIH + RIB,PUTIH + RIB XL,1338813,28,0,0,32397,907116,1490262
Sep-2026,TIGALAPANKAOS MANADO,PUTIH + RIB,PUTIH + RIB XL,171600,22,0,0,32397,712734,907116
Okt-2026,TIGALAPANKAOS MANADO,PUTIH + RIB,PUTIH + RIB XL,34320,20,30,0,32397,1619850,712734
Jan-2026,TIGALAPANKAOS PALU,ABU TUA + RIB,ABU TUA + RIB 2XL,0,19,0,0,38070,723330,0
Feb-2026,TIGALAPANKAOS PALU,ABU TUA + RIB,ABU TUA + RIB 2XL,0,19,0,0,38070,723330,723330
Mar-2026,TIGALAPANKAOS PALU,ABU TUA + RIB,ABU TUA + RIB 2XL,70242,17,0,0,38070,647190,723330
Apr-2026,TIGALAPANKAOS PALU,ABU TUA + RIB,ABU TUA + RIB 2XL,280968,11,0,0,38070,418770,647190
Mei-2026,TIGALAPANKAOS PALU,ABU TUA + RIB,ABU TUA + RIB 2XL,0,9,0,0,38070,342630,418770
Jun-2026,TIGALAPANKAOS PALU,ABU TUA + RIB,ABU TUA + RIB 2XL,0,9,0,0,38070,342630,342630
Jul-2026,TIGALAPANKAOS PALU,ABU TUA + RIB,ABU TUA + RIB 2XL,70242,7,0,0,38070,266490,342630
Agu-2026,TIGALAPANKAOS PALU,ABU TUA + RIB,ABU TUA + RIB 2XL,70242,20,0,0,38070,761400,266490
Sep-2026,TIGALAPANKAOS PALU,ABU TUA + RIB,ABU TUA + RIB 2XL,111999,17,0,0,38070,647190,761400
Okt-2026,TIGALAPANKAOS PALU,ABU TUA + RIB,ABU TUA + RIB 2XL,0,17,0,0,38070,647190,647190
Jan-2026,TIGALAPANKAOS PALU,ABU TUA + RIB,ABU TUA + RIB 3XL,0,15,0,0,47562,713430,0
Feb-2026,TIGALAPANKAOS PALU,ABU TUA + RIB,ABU TUA + RIB 3XL,0,15,0,0,47562,713430,713430
Mar-2026,TIGALAPANKAOS PALU,ABU TUA + RIB,ABU TUA + RIB 3XL,0,15,0,0,47562,713430,713430
Apr-2026,TIGALAPANKAOS PALU,ABU TUA + RIB,ABU TUA + RIB 3XL,47601,15,0,0,47562,713430,713430
Mei-2026,TIGALAPANKAOS PALU,ABU TUA + RIB,ABU TUA + RIB 3XL,47601,13,0,0,47562,618306,713430
Jun-2026,TIGALAPANKAOS PALU,ABU TUA + RIB,ABU TUA + RIB 3XL,0,13,0,0,47562,618306,618306
Jul-2026,TIGALAPANKAOS PALU,ABU TUA + RIB,ABU TUA + RIB 3XL,0,13,0,0,47562,618306,618306
Agu-2026,TIGALAPANKAOS PALU,ABU TUA + RIB,ABU TUA + RIB 3XL,0,13,0,0,47562,618306,618306
Sep-2026,TIGALAPANKAOS PALU,ABU TUA + RIB,ABU TUA + RIB 3XL,0,13,0,0,47562,618306,618306
Okt-2026,TIGALAPANKAOS PALU,ABU TUA + RIB,ABU TUA + RIB 3XL,0,13,0,0,47562,618306,618306
Jan-2026,TIGALAPANKAOS PALU,ABU TUA + RIB,ABU TUA + RIB L,34916,27,0,0,35180,949860,0
Feb-2026,TIGALAPANKAOS PALU,ABU TUA + RIB,ABU TUA + RIB L,0,27,0,0,35180,949860,949860
Mar-2026,TIGALAPANKAOS PALU,ABU TUA + RIB,ABU TUA + RIB L,34916,26,0,0,35180,914680,949860
Apr-2026,TIGALAPANKAOS PALU,ABU TUA + RIB,ABU TUA + RIB L,593572,19,0,0,35180,668420,914680
Mei-2026,TIGALAPANKAOS PALU,ABU TUA + RIB,ABU TUA + RIB L,104748,6,0,0,35180,211080,668420
Jun-2026,TIGALAPANKAOS PALU,ABU TUA + RIB,ABU TUA + RIB L,35416,35,0,0,35180,1231300,211080
Jul-2026,TIGALAPANKAOS PALU,ABU TUA + RIB,ABU TUA + RIB L,283328,29,0,0,35180,1020220,1231300
Agu-2026,TIGALAPANKAOS PALU,ABU TUA + RIB,ABU TUA + RIB L,141664,23,0,0,35180,809140,1020220
Sep-2026,TIGALAPANKAOS PALU,ABU TUA + RIB,ABU TUA + RIB L,218286,31,0,0,35180,1090580,809140
Okt-2026,TIGALAPANKAOS PALU,ABU TUA + RIB,ABU TUA + RIB L,36381,30,0,0,35180,1055400,1090580
Jan-2026,TIGALAPANKAOS PALU,ABU TUA + RIB,ABU TUA + RIB M,35250,32,0,0,35432,1133824,0
Feb-2026,TIGALAPANKAOS PALU,ABU TUA + RIB,ABU TUA + RIB M,0,32,0,0,35432,1133824,1133824
Mar-2026,TIGALAPANKAOS PALU,ABU TUA + RIB,ABU TUA + RIB M,35250,31,0,0,35432,1098392,1133824
Apr-2026,TIGALAPANKAOS PALU,ABU TUA + RIB,ABU TUA + RIB M,387750,23,0,0,35432,814936,1098392
Mei-2026,TIGALAPANKAOS PALU,ABU TUA + RIB,ABU TUA + RIB M,35250,19,0,0,35432,673208,814936
Jun-2026,TIGALAPANKAOS PALU,ABU TUA + RIB,ABU TUA + RIB M,0,19,0,0,35432,673208,673208
Jul-2026,TIGALAPANKAOS PALU,ABU TUA + RIB,ABU TUA + RIB M,246750,16,0,0,35432,566912,673208
Agu-2026,TIGALAPANKAOS PALU,ABU TUA + RIB,ABU TUA + RIB M,35250,26,0,0,35432,921232,566912
Sep-2026,TIGALAPANKAOS PALU,ABU TUA + RIB,ABU TUA + RIB M,283240,18,0,0,35432,637776,921232
Okt-2026,TIGALAPANKAOS PALU,ABU TUA + RIB,ABU TUA + RIB M,35405,17,0,0,35432,602344,637776
Jan-2026,TIGALAPANKAOS PALU,ABU TUA + RIB,ABU TUA + RIB S,0,15,0,0,35135,527025,0
Feb-2026,TIGALAPANKAOS PALU,ABU TUA + RIB,ABU TUA + RIB S,0,15,0,0,35135,527025,527025
Mar-2026,TIGALAPANKAOS PALU,ABU TUA + RIB,ABU TUA + RIB S,34747,14,0,0,35135,491890,527025
Apr-2026,TIGALAPANKAOS PALU,ABU TUA + RIB,ABU TUA + RIB S,34747,13,0,0,35135,456755,491890
Mei-2026,TIGALAPANKAOS PALU,ABU TUA + RIB,ABU TUA + RIB S,34747,12,0,0,35135,421620,456755
Jun-2026,TIGALAPANKAOS PALU,ABU TUA + RIB,ABU TUA + RIB S,0,12,0,0,35135,421620,421620
Jul-2026,TIGALAPANKAOS PALU,ABU TUA + RIB,ABU TUA + RIB S,34747,12,0,0,35135,421620,421620
Agu-2026,TIGALAPANKAOS PALU,ABU TUA + RIB,ABU TUA + RIB S,0,11,0,0,35135,386485,421620
Sep-2026,TIGALAPANKAOS PALU,ABU TUA + RIB,ABU TUA + RIB S,0,11,0,0,35135,386485,386485
Okt-2026,TIGALAPANKAOS PALU,ABU TUA + RIB,ABU TUA + RIB S,0,11,0,0,35135,386485,386485
Jan-2026,TIGALAPANKAOS PALU,ABU TUA + RIB,ABU TUA + RIB XL,216381,26,0,0,35876,932776,0
Feb-2026,TIGALAPANKAOS PALU,ABU TUA + RIB,ABU TUA + RIB XL,0,26,0,0,35876,932776,932776
Mar-2026,TIGALAPANKAOS PALU,ABU TUA + RIB,ABU TUA + RIB XL,0,26,0,0,35890,933140,932776
Apr-2026,TIGALAPANKAOS PALU,ABU TUA + RIB,ABU TUA + RIB XL,395978,21,0,0,35890,753690,933140
Mei-2026,TIGALAPANKAOS PALU,ABU TUA + RIB,ABU TUA + RIB XL,35998,14,0,0,35890,502460,753690
Jun-2026,TIGALAPANKAOS PALU,ABU TUA + RIB,ABU TUA + RIB XL,35998,13,0,0,35890,466570,502460
Jul-2026,TIGALAPANKAOS PALU,ABU TUA + RIB,ABU TUA + RIB XL,323982,7,0,0,35890,251230,466570
Agu-2026,TIGALAPANKAOS PALU,ABU TUA + RIB,ABU TUA + RIB XL,71996,16,0,0,35890,574240,251230
Sep-2026,TIGALAPANKAOS PALU,ABU TUA + RIB,ABU TUA + RIB XL,207165,11,0,0,35890,394790,574240
Okt-2026,TIGALAPANKAOS PALU,ABU TUA + RIB,ABU TUA + RIB XL,0,26,0,0,35890,933140,394790
Jan-2026,TIGALAPANKAOS PALU,BENHUR + RIB,BENHUR + RIB 2XL,38341,24,0,0,36563,877512,0
Feb-2026,TIGALAPANKAOS PALU,BENHUR + RIB,BENHUR + RIB 2XL,0,24,0,0,36563,877512,877512
Mar-2026,TIGALAPANKAOS PALU,BENHUR + RIB,BENHUR + RIB 2XL,0,24,0,0,36563,877512,877512
Apr-2026,TIGALAPANKAOS PALU,BENHUR + RIB,BENHUR + RIB 2XL,38341,23,0,0,36563,840949,877512
Mei-2026,TIGALAPANKAOS PALU,BENHUR + RIB,BENHUR + RIB 2XL,38341,22,0,0,36563,804386,840949
Jun-2026,TIGALAPANKAOS PALU,BENHUR + RIB,BENHUR + RIB 2XL,76682,20,0,0,36563,731260,804386
Jul-2026,TIGALAPANKAOS PALU,BENHUR + RIB,BENHUR + RIB 2XL,268387,18,0,0,36563,658134,731260
Agu-2026,TIGALAPANKAOS PALU,BENHUR + RIB,BENHUR + RIB 2XL,306728,10,0,0,36563,365630,658134
Sep-2026,TIGALAPANKAOS PALU,BENHUR + RIB,BENHUR + RIB 2XL,37156,14,0,0,36563,511882,365630
Okt-2026,TIGALAPANKAOS PALU,BENHUR + RIB,BENHUR + RIB 2XL,0,14,0,0,36563,511882,511882
Jan-2026,TIGALAPANKAOS PALU,BENHUR + RIB,BENHUR + RIB 3XL,0,18,0,0,45841,825138,0
Feb-2026,TIGALAPANKAOS PALU,BENHUR + RIB,BENHUR + RIB 3XL,0,18,0,0,45841,825138,825138
Mar-2026,TIGALAPANKAOS PALU,BENHUR + RIB,BENHUR + RIB 3XL,0,18,0,0,45841,825138,825138
Apr-2026,TIGALAPANKAOS PALU,BENHUR + RIB,BENHUR + RIB 3XL,0,18,0,0,45841,825138,825138
Mei-2026,TIGALAPANKAOS PALU,BENHUR + RIB,BENHUR + RIB 3XL,0,18,0,0,45841,825138,825138
Jun-2026,TIGALAPANKAOS PALU,BENHUR + RIB,BENHUR + RIB 3XL,49431,17,0,0,45841,779297,825138
Jul-2026,TIGALAPANKAOS PALU,BENHUR + RIB,BENHUR + RIB 3XL,0,17,0,0,45841,779297,779297
Agu-2026,TIGALAPANKAOS PALU,BENHUR + RIB,BENHUR + RIB 3XL,0,17,0,0,45841,779297,779297
Sep-2026,TIGALAPANKAOS PALU,BENHUR + RIB,BENHUR + RIB 3XL,0,17,0,0,45841,779297,779297
Okt-2026,TIGALAPANKAOS PALU,BENHUR + RIB,BENHUR + RIB 3XL,0,17,0,0,45841,779297,779297
Jan-2026,TIGALAPANKAOS PALU,BENHUR + RIB,BENHUR + RIB L,1775758,18,0,0,36209,651762,0
Feb-2026,TIGALAPANKAOS PALU,BENHUR + RIB,BENHUR + RIB L,253463,26,0,0,36209,941434,651762
Mar-2026,TIGALAPANKAOS PALU,BENHUR + RIB,BENHUR + RIB L,36209,25,0,0,36209,905225,941434
Apr-2026,TIGALAPANKAOS PALU,BENHUR + RIB,BENHUR + RIB L,289672,17,0,0,36209,615553,905225
Mei-2026,TIGALAPANKAOS PALU,BENHUR + RIB,BENHUR + RIB L,36209,16,0,0,36209,579344,615553
Jun-2026,TIGALAPANKAOS PALU,BENHUR + RIB,BENHUR + RIB L,414670,50,0,0,36209,1810450,579344
Jul-2026,TIGALAPANKAOS PALU,BENHUR + RIB,BENHUR + RIB L,1587936,46,0,0,36209,1665614,1810450
Agu-2026,TIGALAPANKAOS PALU,BENHUR + RIB,BENHUR + RIB L,938536,6,0,0,36209,217254,1665614
Sep-2026,TIGALAPANKAOS PALU,BENHUR + RIB,BENHUR + RIB L,79416,28,0,0,36209,1013852,217254
Okt-2026,TIGALAPANKAOS PALU,BENHUR + RIB,BENHUR + RIB L,436788,16,0,0,36209,579344,1013852
Jan-2026,TIGALAPANKAOS PALU,BENHUR + RIB,BENHUR + RIB M,1079660,1,0,0,35986,35986,0
Feb-2026,TIGALAPANKAOS PALU,BENHUR + RIB,BENHUR + RIB M,35986,14,0,0,35986,503804,35986
Mar-2026,TIGALAPANKAOS PALU,BENHUR + RIB,BENHUR + RIB M,0,14,0,0,35986,503804,503804
Apr-2026,TIGALAPANKAOS PALU,BENHUR + RIB,BENHUR + RIB M,395846,3,0,0,35986,107958,503804
Mei-2026,TIGALAPANKAOS PALU,BENHUR + RIB,BENHUR + RIB M,0,3,0,0,35986,107958,107958
Jun-2026,TIGALAPANKAOS PALU,BENHUR + RIB,BENHUR + RIB M,650029,46,0,0,35986,1655356,107958
Jul-2026,TIGALAPANKAOS PALU,BENHUR + RIB,BENHUR + RIB M,231277,59,0,0,35986,2123174,1655356
Agu-2026,TIGALAPANKAOS PALU,BENHUR + RIB,BENHUR + RIB M,579120,42,0,0,35986,1511412,2123174
Sep-2026,TIGALAPANKAOS PALU,BENHUR + RIB,BENHUR + RIB M,38608,39,0,0,35986,1403454,1511412
Okt-2026,TIGALAPANKAOS PALU,BENHUR + RIB,BENHUR + RIB M,231648,33,0,0,35986,1187538,1403454
Jan-2026,TIGALAPANKAOS PALU,BENHUR + RIB,BENHUR + RIB S,107589,20,0,0,36137,722740,0
Feb-2026,TIGALAPANKAOS PALU,BENHUR + RIB,BENHUR + RIB S,35863,19,0,0,36137,686603,722740
Mar-2026,TIGALAPANKAOS PALU,BENHUR + RIB,BENHUR + RIB S,0,19,0,0,36137,686603,686603
Apr-2026,TIGALAPANKAOS PALU,BENHUR + RIB,BENHUR + RIB S,35863,18,0,0,36137,650466,686603
Mei-2026,TIGALAPANKAOS PALU,BENHUR + RIB,BENHUR + RIB S,0,18,0,0,36137,650466,650466
Jun-2026,TIGALAPANKAOS PALU,BENHUR + RIB,BENHUR + RIB S,215178,12,0,0,36137,433644,650466
Jul-2026,TIGALAPANKAOS PALU,BENHUR + RIB,BENHUR + RIB S,107589,10,0,0,36137,361370,433644
Agu-2026,TIGALAPANKAOS PALU,BENHUR + RIB,BENHUR + RIB S,71726,9,0,0,36137,325233,361370
Sep-2026,TIGALAPANKAOS PALU,BENHUR + RIB,BENHUR + RIB S,36770,16,0,0,36137,578192,325233
Okt-2026,TIGALAPANKAOS PALU,BENHUR + RIB,BENHUR + RIB S,73540,14,0,0,36137,505918,578192
Jan-2026,TIGALAPANKAOS PALU,BENHUR + RIB,BENHUR + RIB XL,683296,14,0,0,35965,503510,0
Feb-2026,TIGALAPANKAOS PALU,BENHUR + RIB,BENHUR + RIB XL,71928,12,0,0,35965,431580,503510
Mar-2026,TIGALAPANKAOS PALU,BENHUR + RIB,BENHUR + RIB XL,0,12,0,0,35965,431580,431580
Apr-2026,TIGALAPANKAOS PALU,BENHUR + RIB,BENHUR + RIB XL,0,12,0,0,35965,431580,431580
Mei-2026,TIGALAPANKAOS PALU,BENHUR + RIB,BENHUR + RIB XL,35964,11,0,0,35965,395615,431580
Jun-2026,TIGALAPANKAOS PALU,BENHUR + RIB,BENHUR + RIB XL,155828,22,0,0,35965,791230,395615
Jul-2026,TIGALAPANKAOS PALU,BENHUR + RIB,BENHUR + RIB XL,857054,21,0,0,35965,755265,791230
Agu-2026,TIGALAPANKAOS PALU,BENHUR + RIB,BENHUR + RIB XL,595154,20,0,0,35965,719300,755265
Sep-2026,TIGALAPANKAOS PALU,BENHUR + RIB,BENHUR + RIB XL,127533,29,0,0,35965,1042985,719300
Okt-2026,TIGALAPANKAOS PALU,BENHUR + RIB,BENHUR + RIB XL,85022,26,0,0,35965,935090,1042985
Jan-2026,TIGALAPANKAOS PALU,HITAM + RIB,HITAM + RIB 2XL,164596,32,0,0,40134,1284288,0
Feb-2026,TIGALAPANKAOS PALU,HITAM + RIB,HITAM + RIB 2XL,781831,13,0,0,40134,521742,1284288
Mar-2026,TIGALAPANKAOS PALU,HITAM + RIB,HITAM + RIB 2XL,1553465,0,0,0,40134,0,521742
Apr-2026,TIGALAPANKAOS PALU,HITAM + RIB,HITAM + RIB 2XL,284837,10,0,0,40815,408150,0
Mei-2026,TIGALAPANKAOS PALU,HITAM + RIB,HITAM + RIB 2XL,452242,17,0,0,40111,681887,408150
Jun-2026,TIGALAPANKAOS PALU,HITAM + RIB,HITAM + RIB 2XL,372541,38,0,0,40111,1524218,681887
Jul-2026,TIGALAPANKAOS PALU,HITAM + RIB,HITAM + RIB 2XL,196390,34,0,0,40111,1363774,1524218
Agu-2026,TIGALAPANKAOS PALU,HITAM + RIB,HITAM + RIB 2XL,121272,42,0,0,40111,1684662,1363774
Sep-2026,TIGALAPANKAOS PALU,HITAM + RIB,HITAM + RIB 2XL,323392,32,0,0,40111,1283552,1684662
Okt-2026,TIGALAPANKAOS PALU,HITAM + RIB,HITAM + RIB 2XL,565936,19,0,0,40111,762109,1283552
Jan-2026,TIGALAPANKAOS PALU,HITAM + RIB,HITAM + RIB 3XL,90884,18,0,0,45968,827424,0
Feb-2026,TIGALAPANKAOS PALU,HITAM + RIB,HITAM + RIB 3XL,546738,21,0,0,45968,965328,827424
Mar-2026,TIGALAPANKAOS PALU,HITAM + RIB,HITAM + RIB 3XL,548172,10,0,0,45968,459680,965328
Apr-2026,TIGALAPANKAOS PALU,HITAM + RIB,HITAM + RIB 3XL,45853,10,0,0,45968,459680,459680
Mei-2026,TIGALAPANKAOS PALU,HITAM + RIB,HITAM + RIB 3XL,0,9,0,0,45968,413712,459680
Jun-2026,TIGALAPANKAOS PALU,HITAM + RIB,HITAM + RIB 3XL,91706,7,0,0,45968,321776,413712
Jul-2026,TIGALAPANKAOS PALU,HITAM + RIB,HITAM + RIB 3XL,45853,6,0,0,45968,275808,321776
Agu-2026,TIGALAPANKAOS PALU,HITAM + RIB,HITAM + RIB 3XL,392472,14,0,0,45968,643552,275808
Sep-2026,TIGALAPANKAOS PALU,HITAM + RIB,HITAM + RIB 3XL,147177,11,0,0,45968,505648,643552
Okt-2026,TIGALAPANKAOS PALU,HITAM + RIB,HITAM + RIB 3XL,147177,12,0,0,45968,551616,505648
Jan-2026,TIGALAPANKAOS PALU,HITAM + RIB,HITAM + RIB L,1202249,17,0,0,35275,599675,0
Feb-2026,TIGALAPANKAOS PALU,HITAM + RIB,HITAM + RIB L,2404556,40,0,0,35188,1407520,599675
Mar-2026,TIGALAPANKAOS PALU,HITAM + RIB,HITAM + RIB L,8704903,259,0,0,35247,9128973,1407520
Apr-2026,TIGALAPANKAOS PALU,HITAM + RIB,HITAM + RIB L,881000,238,0,0,35247,8388786,9128973
Mei-2026,TIGALAPANKAOS PALU,HITAM + RIB,HITAM + RIB L,1233400,199,0,0,35046,6974154,8388786
Jun-2026,TIGALAPANKAOS PALU,HITAM + RIB,HITAM + RIB L,1973422,173,15,0,35046,6588648,6974154
Jul-2026,TIGALAPANKAOS PALU,HITAM + RIB,HITAM + RIB L,704240,174,0,0,35046,6098004,6588648
Agu-2026,TIGALAPANKAOS PALU,HITAM + RIB,HITAM + RIB L,2114022,116,0,0,35046,4065336,6098004
Sep-2026,TIGALAPANKAOS PALU,HITAM + RIB,HITAM + RIB L,2409172,64,0,0,35046,2242944,4065336
Okt-2026,TIGALAPANKAOS PALU,HITAM + RIB,HITAM + RIB L,1610847,47,0,0,35046,1647162,2242944
Jan-2026,TIGALAPANKAOS PALU,HITAM + RIB,HITAM + RIB M,589222,37,0,0,34868,1290116,0
Feb-2026,TIGALAPANKAOS PALU,HITAM + RIB,HITAM + RIB M,832656,18,0,0,34868,627624,1290116
Mar-2026,TIGALAPANKAOS PALU,HITAM + RIB,HITAM + RIB M,2551816,0,0,0,34868,0,627624
Apr-2026,TIGALAPANKAOS PALU,HITAM + RIB,HITAM + RIB M,2458607,65,0,0,35204,2288260,0
Mei-2026,TIGALAPANKAOS PALU,HITAM + RIB,HITAM + RIB M,809504,72,0,0,35089,2526408,2288260
Jun-2026,TIGALAPANKAOS PALU,HITAM + RIB,HITAM + RIB M,1659570,55,0,0,35089,1929895,2526408
Jul-2026,TIGALAPANKAOS PALU,HITAM + RIB,HITAM + RIB M,703612,65,0,0,35089,2280785,1929895
Agu-2026,TIGALAPANKAOS PALU,HITAM + RIB,HITAM + RIB M,2004349,36,0,0,35089,1263204,2280785
Sep-2026,TIGALAPANKAOS PALU,HITAM + RIB,HITAM + RIB M,1659613,39,0,0,35089,1368471,1263204
Okt-2026,TIGALAPANKAOS PALU,HITAM + RIB,HITAM + RIB M,667204,39,0,0,35089,1368471,1368471
Jan-2026,TIGALAPANKAOS PALU,HITAM + RIB,HITAM + RIB S,109155,24,0,0,35285,846840,0
Feb-2026,TIGALAPANKAOS PALU,HITAM + RIB,HITAM + RIB S,109155,21,0,0,35285,740985,846840
Mar-2026,TIGALAPANKAOS PALU,HITAM + RIB,HITAM + RIB S,181925,26,0,0,35285,917410,740985
Apr-2026,TIGALAPANKAOS PALU,HITAM + RIB,HITAM + RIB S,179810,22,0,0,35285,776270,917410
Mei-2026,TIGALAPANKAOS PALU,HITAM + RIB,HITAM + RIB S,323658,12,10,0,35285,776270,776270
Jun-2026,TIGALAPANKAOS PALU,HITAM + RIB,HITAM + RIB S,466037,9,0,0,35285,317565,776270
Jul-2026,TIGALAPANKAOS PALU,HITAM + RIB,HITAM + RIB S,298050,2,0,0,35285,70570,317565
Agu-2026,TIGALAPANKAOS PALU,HITAM + RIB,HITAM + RIB S,1201049,25,0,0,35285,882125,70570
Sep-2026,TIGALAPANKAOS PALU,HITAM + RIB,HITAM + RIB S,279949,27,0,0,35285,952695,882125
Okt-2026,TIGALAPANKAOS PALU,HITAM + RIB,HITAM + RIB S,119271,24,0,0,35285,846840,952695
Jan-2026,TIGALAPANKAOS PALU,HITAM + RIB,HITAM + RIB XL,1120203,24,0,0,35151,843624,0
Feb-2026,TIGALAPANKAOS PALU,HITAM + RIB,HITAM + RIB XL,4105584,43,0,0,38857,1670851,843624
Mar-2026,TIGALAPANKAOS PALU,HITAM + RIB,HITAM + RIB XL,5725729,0,0,0,35151,0,1670851
Apr-2026,TIGALAPANKAOS PALU,HITAM + RIB,HITAM + RIB XL,2263550,93,0,0,38027,3536511,0
Mei-2026,TIGALAPANKAOS PALU,HITAM + RIB,HITAM + RIB XL,1030225,61,0,0,35999,2195939,3536511
Jun-2026,TIGALAPANKAOS PALU,HITAM + RIB,HITAM + RIB XL,1737812,72,0,0,35999,2591928,2195939
Jul-2026,TIGALAPANKAOS PALU,HITAM + RIB,HITAM + RIB XL,990435,68,0,0,35999,2447932,2591928
Agu-2026,TIGALAPANKAOS PALU,HITAM + RIB,HITAM + RIB XL,1633503,37,0,0,35999,1331963,2447932
Sep-2026,TIGALAPANKAOS PALU,HITAM + RIB,HITAM + RIB XL,1439250,67,0,0,35999,2411933,1331963
Okt-2026,TIGALAPANKAOS PALU,HITAM + RIB,HITAM + RIB XL,1200177,36,0,0,35999,1295964,2411933
Jan-2026,TIGALAPANKAOS PALU,MAROON + RIB,MAROON + RIB 2XL,39935,31,0,0,41035,1272085,0
Feb-2026,TIGALAPANKAOS PALU,MAROON + RIB,MAROON + RIB 2XL,79870,29,0,0,41035,1190015,1272085
Mar-2026,TIGALAPANKAOS PALU,MAROON + RIB,MAROON + RIB 2XL,0,29,0,0,41035,1190015,1190015
Apr-2026,TIGALAPANKAOS PALU,MAROON + RIB,MAROON + RIB 2XL,79870,27,0,0,41035,1107945,1190015
Mei-2026,TIGALAPANKAOS PALU,MAROON + RIB,MAROON + RIB 2XL,39935,26,0,0,41035,1066910,1107945
Jun-2026,TIGALAPANKAOS PALU,MAROON + RIB,MAROON + RIB 2XL,199675,21,0,0,41035,861735,1066910
Jul-2026,TIGALAPANKAOS PALU,MAROON + RIB,MAROON + RIB 2XL,678895,21,0,0,41035,861735,861735
Agu-2026,TIGALAPANKAOS PALU,MAROON + RIB,MAROON + RIB 2XL,241045,13,0,0,41035,533455,861735
Sep-2026,TIGALAPANKAOS PALU,MAROON + RIB,MAROON + RIB 2XL,40270,17,0,0,41035,697595,533455
Okt-2026,TIGALAPANKAOS PALU,MAROON + RIB,MAROON + RIB 2XL,362430,8,0,0,41035,328280,697595
Jan-2026,TIGALAPANKAOS PALU,MAROON + RIB,MAROON + RIB 3XL,0,17,0,0,46390,788630,0
Feb-2026,TIGALAPANKAOS PALU,MAROON + RIB,MAROON + RIB 3XL,188216,13,10,0,46390,1066970,788630
Mar-2026,TIGALAPANKAOS PALU,MAROON + RIB,MAROON + RIB 3XL,0,23,0,0,46390,1066970,1066970
Apr-2026,TIGALAPANKAOS PALU,MAROON + RIB,MAROON + RIB 3XL,0,23,0,0,46390,1066970,1066970
Mei-2026,TIGALAPANKAOS PALU,MAROON + RIB,MAROON + RIB 3XL,0,23,0,0,46390,1066970,1066970
Jun-2026,TIGALAPANKAOS PALU,MAROON + RIB,MAROON + RIB 3XL,46765,22,0,0,46390,1020580,1066970
Jul-2026,TIGALAPANKAOS PALU,MAROON + RIB,MAROON + RIB 3XL,0,22,0,0,46390,1020580,1020580
Agu-2026,TIGALAPANKAOS PALU,MAROON + RIB,MAROON + RIB 3XL,46765,20,0,0,46390,927800,1020580
Sep-2026,TIGALAPANKAOS PALU,MAROON + RIB,MAROON + RIB 3XL,46765,18,0,0,46390,835020,927800
Okt-2026,TIGALAPANKAOS PALU,MAROON + RIB,MAROON + RIB 3XL,0,18,0,0,46390,835020,835020
Jan-2026,TIGALAPANKAOS PALU,MAROON + RIB,MAROON + RIB L,351330,21,0,0,35143,738003,0
Feb-2026,TIGALAPANKAOS PALU,MAROON + RIB,MAROON + RIB L,456729,8,15,0,36130,830990,738003
Mar-2026,TIGALAPANKAOS PALU,MAROON + RIB,MAROON + RIB L,357560,14,0,0,36130,505820,830990
Apr-2026,TIGALAPANKAOS PALU,MAROON + RIB,MAROON + RIB L,286048,6,0,0,36130,216780,505820
Mei-2026,TIGALAPANKAOS PALU,MAROON + RIB,MAROON + RIB L,216036,33,0,0,36130,1192290,216780
Jun-2026,TIGALAPANKAOS PALU,MAROON + RIB,MAROON + RIB L,864144,6,0,0,36130,216780,1192290
Jul-2026,TIGALAPANKAOS PALU,MAROON + RIB,MAROON + RIB L,321753,20,0,0,36130,722600,216780
Agu-2026,TIGALAPANKAOS PALU,MAROON + RIB,MAROON + RIB L,703703,20,0,0,36130,722600,722600
Sep-2026,TIGALAPANKAOS PALU,MAROON + RIB,MAROON + RIB L,296296,1,0,0,36130,36130,722600
Okt-2026,TIGALAPANKAOS PALU,MAROON + RIB,MAROON + RIB L,528766,2,0,0,36130,72260,36130
Jan-2026,TIGALAPANKAOS PALU,MAROON + RIB,MAROON + RIB M,566112,14,15,0,35662,1034198,0
Feb-2026,TIGALAPANKAOS PALU,MAROON + RIB,MAROON + RIB M,71054,27,0,0,35662,962874,1034198
Mar-2026,TIGALAPANKAOS PALU,MAROON + RIB,MAROON + RIB M,390797,15,0,0,35662,534930,962874
Apr-2026,TIGALAPANKAOS PALU,MAROON + RIB,MAROON + RIB M,249165,23,0,0,35662,820226,534930
Mei-2026,TIGALAPANKAOS PALU,MAROON + RIB,MAROON + RIB M,0,23,0,0,35662,820226,820226
Jun-2026,TIGALAPANKAOS PALU,MAROON + RIB,MAROON + RIB M,427140,11,30,0,35662,1462142,820226
Jul-2026,TIGALAPANKAOS PALU,MAROON + RIB,MAROON + RIB M,141264,39,0,0,35662,1390818,1462142
Agu-2026,TIGALAPANKAOS PALU,MAROON + RIB,MAROON + RIB M,211896,34,0,0,35662,1212508,1390818
Sep-2026,TIGALAPANKAOS PALU,MAROON + RIB,MAROON + RIB M,70632,29,0,0,35662,1034198,1212508
Okt-2026,TIGALAPANKAOS PALU,MAROON + RIB,MAROON + RIB M,105948,26,0,0,35662,927212,1034198
Jan-2026,TIGALAPANKAOS PALU,MAROON + RIB,MAROON + RIB S,107490,19,0,0,35425,673075,0
Feb-2026,TIGALAPANKAOS PALU,MAROON + RIB,MAROON + RIB S,71660,17,0,0,35425,602225,673075
Mar-2026,TIGALAPANKAOS PALU,MAROON + RIB,MAROON + RIB S,0,17,0,0,35425,602225,602225
Apr-2026,TIGALAPANKAOS PALU,MAROON + RIB,MAROON + RIB S,0,17,0,0,35425,602225,602225
Mei-2026,TIGALAPANKAOS PALU,MAROON + RIB,MAROON + RIB S,35830,16,0,0,35425,566800,602225
Jun-2026,TIGALAPANKAOS PALU,MAROON + RIB,MAROON + RIB S,35830,15,0,0,35425,531375,566800
Jul-2026,TIGALAPANKAOS PALU,MAROON + RIB,MAROON + RIB S,0,15,0,0,35425,531375,531375
Agu-2026,TIGALAPANKAOS PALU,MAROON + RIB,MAROON + RIB S,71660,14,0,0,35425,495950,531375
Sep-2026,TIGALAPANKAOS PALU,MAROON + RIB,MAROON + RIB S,71660,11,0,0,35425,389675,495950
Okt-2026,TIGALAPANKAOS PALU,MAROON + RIB,MAROON + RIB S,0,11,0,0,35425,389675,389675
Jan-2026,TIGALAPANKAOS PALU,MAROON + RIB,MAROON + RIB XL,258951,25,0,0,37999,949975,0
Feb-2026,TIGALAPANKAOS PALU,MAROON + RIB,MAROON + RIB XL,406923,14,15,0,37999,1101971,949975
Mar-2026,TIGALAPANKAOS PALU,MAROON + RIB,MAROON + RIB XL,112539,26,0,0,37999,987974,1101971
Apr-2026,TIGALAPANKAOS PALU,MAROON + RIB,MAROON + RIB XL,450156,14,0,0,37999,531986,987974
Mei-2026,TIGALAPANKAOS PALU,MAROON + RIB,MAROON + RIB XL,193097,28,0,0,37999,1063972,531986
Jun-2026,TIGALAPANKAOS PALU,MAROON + RIB,MAROON + RIB XL,311168,16,0,0,37999,607984,1063972
Jul-2026,TIGALAPANKAOS PALU,MAROON + RIB,MAROON + RIB XL,772645,16,0,0,37999,607984,607984
Agu-2026,TIGALAPANKAOS PALU,MAROON + RIB,MAROON + RIB XL,226836,25,0,0,37999,949975,607984
Sep-2026,TIGALAPANKAOS PALU,MAROON + RIB,MAROON + RIB XL,151196,16,0,0,37999,607984,949975
Okt-2026,TIGALAPANKAOS PALU,MAROON + RIB,MAROON + RIB XL,302392,8,0,0,37999,303992,607984
Jan-2026,TIGALAPANKAOS PALU,MERAH + RIB,MERAH + RIB 2XL,0,33,0,0,36757,1212981,0
Feb-2026,TIGALAPANKAOS PALU,MERAH + RIB,MERAH + RIB 2XL,0,33,0,0,36757,1212981,1212981
Mar-2026,TIGALAPANKAOS PALU,MERAH + RIB,MERAH + RIB 2XL,0,33,0,0,36757,1212981,1212981
Apr-2026,TIGALAPANKAOS PALU,MERAH + RIB,MERAH + RIB 2XL,0,33,0,0,36757,1212981,1212981
Mei-2026,TIGALAPANKAOS PALU,MERAH + RIB,MERAH + RIB 2XL,94227,30,0,0,36757,1102710,1212981
Jun-2026,TIGALAPANKAOS PALU,MERAH + RIB,MERAH + RIB 2XL,0,30,20,0,36757,1837850,1102710
Jul-2026,TIGALAPANKAOS PALU,MERAH + RIB,MERAH + RIB 2XL,172235,45,0,0,36757,1654065,1837850
Agu-2026,TIGALAPANKAOS PALU,MERAH + RIB,MERAH + RIB 2XL,1515097,28,0,0,36757,1029196,1654065
Sep-2026,TIGALAPANKAOS PALU,MERAH + RIB,MERAH + RIB 2XL,81954,23,0,0,36757,845411,1029196
Okt-2026,TIGALAPANKAOS PALU,MERAH + RIB,MERAH + RIB 2XL,0,23,0,0,36757,845411,845411
Jan-2026,TIGALAPANKAOS PALU,MERAH + RIB,MERAH + RIB 3XL,0,28,0,0,45193,1265404,0
Feb-2026,TIGALAPANKAOS PALU,MERAH + RIB,MERAH + RIB 3XL,0,28,0,0,45193,1265404,1265404
Mar-2026,TIGALAPANKAOS PALU,MERAH + RIB,MERAH + RIB 3XL,0,28,0,0,45193,1265404,1265404
Apr-2026,TIGALAPANKAOS PALU,MERAH + RIB,MERAH + RIB 3XL,0,28,0,0,45193,1265404,1265404
Mei-2026,TIGALAPANKAOS PALU,MERAH + RIB,MERAH + RIB 3XL,90622,26,0,0,45193,1175018,1265404
Jun-2026,TIGALAPANKAOS PALU,MERAH + RIB,MERAH + RIB 3XL,0,26,0,0,45193,1175018,1175018
Jul-2026,TIGALAPANKAOS PALU,MERAH + RIB,MERAH + RIB 3XL,226555,26,0,0,45193,1175018,1175018
Agu-2026,TIGALAPANKAOS PALU,MERAH + RIB,MERAH + RIB 3XL,226555,16,0,0,45193,723088,1175018
Sep-2026,TIGALAPANKAOS PALU,MERAH + RIB,MERAH + RIB 3XL,46751,20,0,0,45193,903860,723088
Okt-2026,TIGALAPANKAOS PALU,MERAH + RIB,MERAH + RIB 3XL,0,20,0,0,45193,903860,903860
Jan-2026,TIGALAPANKAOS PALU,MERAH + RIB,MERAH + RIB L,35249,32,0,0,35755,1144160,0
Feb-2026,TIGALAPANKAOS PALU,MERAH + RIB,MERAH + RIB L,0,32,0,0,35755,1144160,1144160
Mar-2026,TIGALAPANKAOS PALU,MERAH + RIB,MERAH + RIB L,0,32,0,0,35755,1144160,1144160
Apr-2026,TIGALAPANKAOS PALU,MERAH + RIB,MERAH + RIB L,0,32,0,0,35755,1144160,1144160
Mei-2026,TIGALAPANKAOS PALU,MERAH + RIB,MERAH + RIB L,211494,26,0,0,35755,929630,1144160
Jun-2026,TIGALAPANKAOS PALU,MERAH + RIB,MERAH + RIB L,70498,54,75,0,35755,4612395,929630
Jul-2026,TIGALAPANKAOS PALU,MERAH + RIB,MERAH + RIB L,2914340,97,0,0,35755,3468235,4612395
Agu-2026,TIGALAPANKAOS PALU,MERAH + RIB,MERAH + RIB L,5071816,64,0,0,35755,2288320,3468235
Sep-2026,TIGALAPANKAOS PALU,MERAH + RIB,MERAH + RIB L,154192,90,0,0,35755,3217950,2288320
Okt-2026,TIGALAPANKAOS PALU,MERAH + RIB,MERAH + RIB L,0,89,0,0,35755,3182195,3217950
Jan-2026,TIGALAPANKAOS PALU,MERAH + RIB,MERAH + RIB M,0,22,0,0,35755,786610,0
Feb-2026,TIGALAPANKAOS PALU,MERAH + RIB,MERAH + RIB M,0,22,0,0,35755,786610,786610
Mar-2026,TIGALAPANKAOS PALU,MERAH + RIB,MERAH + RIB M,35817,21,0,0,35755,750855,786610
Apr-2026,TIGALAPANKAOS PALU,MERAH + RIB,MERAH + RIB M,0,21,0,0,35755,750855,750855
Mei-2026,TIGALAPANKAOS PALU,MERAH + RIB,MERAH + RIB M,71634,19,0,0,35755,679345,750855
Jun-2026,TIGALAPANKAOS PALU,MERAH + RIB,MERAH + RIB M,179085,29,120,0,35755,5327495,679345
Jul-2026,TIGALAPANKAOS PALU,MERAH + RIB,MERAH + RIB M,1489202,135,0,0,35755,4826925,5327495
Agu-2026,TIGALAPANKAOS PALU,MERAH + RIB,MERAH + RIB M,5164216,43,0,0,35755,1537465,4826925
Sep-2026,TIGALAPANKAOS PALU,MERAH + RIB,MERAH + RIB M,38795,57,0,0,35755,2038035,1537465
Okt-2026,TIGALAPANKAOS PALU,MERAH + RIB,MERAH + RIB M,0,57,0,0,35755,2038035,2038035
Jan-2026,TIGALAPANKAOS PALU,MERAH + RIB,MERAH + RIB S,36057,50,0,0,35972,1798600,0
Feb-2026,TIGALAPANKAOS PALU,MERAH + RIB,MERAH + RIB S,0,50,0,0,35972,1798600,1798600
Mar-2026,TIGALAPANKAOS PALU,MERAH + RIB,MERAH + RIB S,36057,49,0,0,35972,1762628,1798600
Apr-2026,TIGALAPANKAOS PALU,MERAH + RIB,MERAH + RIB S,0,49,0,0,35972,1762628,1762628
Mei-2026,TIGALAPANKAOS PALU,MERAH + RIB,MERAH + RIB S,36057,48,0,0,35972,1726656,1762628
Jun-2026,TIGALAPANKAOS PALU,MERAH + RIB,MERAH + RIB S,0,48,0,0,35972,1726656,1726656
Jul-2026,TIGALAPANKAOS PALU,MERAH + RIB,MERAH + RIB S,624985,65,0,0,35972,2338180,1726656
Agu-2026,TIGALAPANKAOS PALU,MERAH + RIB,MERAH + RIB S,2649908,11,0,0,35972,395692,2338180
Sep-2026,TIGALAPANKAOS PALU,MERAH + RIB,MERAH + RIB S,0,20,0,0,35972,719440,395692
Okt-2026,TIGALAPANKAOS PALU,MERAH + RIB,MERAH + RIB S,0,19,0,0,35972,683468,719440
Jan-2026,TIGALAPANKAOS PALU,MERAH + RIB,MERAH + RIB XL,35554,15,0,0,35755,536325,0
Feb-2026,TIGALAPANKAOS PALU,MERAH + RIB,MERAH + RIB XL,71108,28,0,0,35755,1001140,536325
Mar-2026,TIGALAPANKAOS PALU,MERAH + RIB,MERAH + RIB XL,0,28,0,0,35755,1001140,1001140
Apr-2026,TIGALAPANKAOS PALU,MERAH + RIB,MERAH + RIB XL,0,28,0,0,35755,1001140,1001140
Mei-2026,TIGALAPANKAOS PALU,MERAH + RIB,MERAH + RIB XL,106986,25,0,0,35755,893875,1001140
Jun-2026,TIGALAPANKAOS PALU,MERAH + RIB,MERAH + RIB XL,35662,24,135,0,35755,5685045,893875
Jul-2026,TIGALAPANKAOS PALU,MERAH + RIB,MERAH + RIB XL,1274280,140,0,0,35755,5005700,5685045
Agu-2026,TIGALAPANKAOS PALU,MERAH + RIB,MERAH + RIB XL,3313128,34,0,0,35755,1215670,5005700
Sep-2026,TIGALAPANKAOS PALU,MERAH + RIB,MERAH + RIB XL,0,33,0,0,35755,1179915,1215670
Okt-2026,TIGALAPANKAOS PALU,MERAH + RIB,MERAH + RIB XL,0,33,0,0,35755,1179915,1179915
Jan-2026,TIGALAPANKAOS PALU,NAVY + RIB,NAVY + RIB 2XL,219972,29,0,0,34393,997397,0
Feb-2026,TIGALAPANKAOS PALU,NAVY + RIB,NAVY + RIB 2XL,0,29,0,0,34393,997397,997397
Mar-2026,TIGALAPANKAOS PALU,NAVY + RIB,NAVY + RIB 2XL,175485,24,0,0,34393,825432,997397
Apr-2026,TIGALAPANKAOS PALU,NAVY + RIB,NAVY + RIB 2XL,0,24,0,0,34393,825432,825432
Mei-2026,TIGALAPANKAOS PALU,NAVY + RIB,NAVY + RIB 2XL,35097,23,0,0,34393,791039,825432
Jun-2026,TIGALAPANKAOS PALU,NAVY + RIB,NAVY + RIB 2XL,175485,18,0,0,34393,619074,791039
Jul-2026,TIGALAPANKAOS PALU,NAVY + RIB,NAVY + RIB 2XL,532465,15,0,0,34393,515895,619074
Agu-2026,TIGALAPANKAOS PALU,NAVY + RIB,NAVY + RIB 2XL,38834,23,0,0,34393,791039,515895
Sep-2026,TIGALAPANKAOS PALU,NAVY + RIB,NAVY + RIB 2XL,41586,22,0,0,34393,756646,791039
Okt-2026,TIGALAPANKAOS PALU,NAVY + RIB,NAVY + RIB 2XL,0,22,0,0,34393,756646,756646
Jan-2026,TIGALAPANKAOS PALU,NAVY + RIB,NAVY + RIB 3XL,181364,18,0,0,44433,799794,0
Feb-2026,TIGALAPANKAOS PALU,NAVY + RIB,NAVY + RIB 3XL,0,18,0,0,44433,799794,799794
Mar-2026,TIGALAPANKAOS PALU,NAVY + RIB,NAVY + RIB 3XL,90682,16,0,0,44433,710928,799794
Apr-2026,TIGALAPANKAOS PALU,NAVY + RIB,NAVY + RIB 3XL,0,16,0,0,44433,710928,710928
Mei-2026,TIGALAPANKAOS PALU,NAVY + RIB,NAVY + RIB 3XL,0,16,0,0,44433,710928,710928
Jun-2026,TIGALAPANKAOS PALU,NAVY + RIB,NAVY + RIB 3XL,0,16,0,0,44433,710928,710928
Jul-2026,TIGALAPANKAOS PALU,NAVY + RIB,NAVY + RIB 3XL,45341,16,0,0,44433,710928,710928
Agu-2026,TIGALAPANKAOS PALU,NAVY + RIB,NAVY + RIB 3XL,0,15,0,0,44433,666495,710928
Sep-2026,TIGALAPANKAOS PALU,NAVY + RIB,NAVY + RIB 3XL,0,15,0,0,44433,666495,666495
Okt-2026,TIGALAPANKAOS PALU,NAVY + RIB,NAVY + RIB 3XL,45341,14,0,0,44433,622062,666495
Jan-2026,TIGALAPANKAOS PALU,NAVY + RIB,NAVY + RIB L,1404600,55,0,0,35115,1931325,0
Feb-2026,TIGALAPANKAOS PALU,NAVY + RIB,NAVY + RIB L,35115,54,0,0,35115,1896210,1931325
Mar-2026,TIGALAPANKAOS PALU,NAVY + RIB,NAVY + RIB L,70230,67,0,0,35115,2352705,1896210
Apr-2026,TIGALAPANKAOS PALU,NAVY + RIB,NAVY + RIB L,280920,63,0,0,35115,2212245,2352705
Mei-2026,TIGALAPANKAOS PALU,NAVY + RIB,NAVY + RIB L,421380,46,15,0,35115,2142015,2212245
Jun-2026,TIGALAPANKAOS PALU,NAVY + RIB,NAVY + RIB L,632070,58,15,0,35115,2563395,2142015
Jul-2026,TIGALAPANKAOS PALU,NAVY + RIB,NAVY + RIB L,633957,65,0,0,35115,2282475,2563395
Agu-2026,TIGALAPANKAOS PALU,NAVY + RIB,NAVY + RIB L,70452,53,0,0,35115,1861095,2282475
Sep-2026,TIGALAPANKAOS PALU,NAVY + RIB,NAVY + RIB L,281808,45,0,0,35115,1580175,1861095
Okt-2026,TIGALAPANKAOS PALU,NAVY + RIB,NAVY + RIB L,281808,37,0,0,35115,1299255,1580175
Jan-2026,TIGALAPANKAOS PALU,NAVY + RIB,NAVY + RIB M,605431,33,0,0,35191,1161303,0
Feb-2026,TIGALAPANKAOS PALU,NAVY + RIB,NAVY + RIB M,35258,107,0,0,32964,3527148,1161303
Mar-2026,TIGALAPANKAOS PALU,NAVY + RIB,NAVY + RIB M,211266,101,0,0,32964,3329364,3527148
Apr-2026,TIGALAPANKAOS PALU,NAVY + RIB,NAVY + RIB M,387321,93,0,0,32964,3065652,3329364
Mei-2026,TIGALAPANKAOS PALU,NAVY + RIB,NAVY + RIB M,492954,77,0,0,32964,2538228,3065652
Jun-2026,TIGALAPANKAOS PALU,NAVY + RIB,NAVY + RIB M,246477,69,15,0,32964,2768976,2538228
Jul-2026,TIGALAPANKAOS PALU,NAVY + RIB,NAVY + RIB M,734491,76,0,0,32964,2505264,2768976
Agu-2026,TIGALAPANKAOS PALU,NAVY + RIB,NAVY + RIB M,34951,62,0,0,32964,2043768,2505264
Sep-2026,TIGALAPANKAOS PALU,NAVY + RIB,NAVY + RIB M,174755,51,0,0,32964,1681164,2043768
Okt-2026,TIGALAPANKAOS PALU,NAVY + RIB,NAVY + RIB M,0,51,0,0,32964,1681164,1681164
Jan-2026,TIGALAPANKAOS PALU,NAVY + RIB,NAVY + RIB S,223200,22,0,0,34613,761486,0
Feb-2026,TIGALAPANKAOS PALU,NAVY + RIB,NAVY + RIB S,37200,21,0,0,34613,726873,761486
Mar-2026,TIGALAPANKAOS PALU,NAVY + RIB,NAVY + RIB S,111600,18,0,0,34613,623034,726873
Apr-2026,TIGALAPANKAOS PALU,NAVY + RIB,NAVY + RIB S,111600,15,0,0,34613,519195,623034
Mei-2026,TIGALAPANKAOS PALU,NAVY + RIB,NAVY + RIB S,111600,12,0,0,34613,415356,519195
Jun-2026,TIGALAPANKAOS PALU,NAVY + RIB,NAVY + RIB S,74400,10,0,0,34613,346130,415356
Jul-2026,TIGALAPANKAOS PALU,NAVY + RIB,NAVY + RIB S,111600,10,0,0,34613,346130,346130
Agu-2026,TIGALAPANKAOS PALU,NAVY + RIB,NAVY + RIB S,148800,3,0,0,34613,103839,346130
Sep-2026,TIGALAPANKAOS PALU,NAVY + RIB,NAVY + RIB S,0,3,0,0,34613,103839,103839
Okt-2026,TIGALAPANKAOS PALU,NAVY + RIB,NAVY + RIB S,37200,12,0,0,34613,415356,103839
Jan-2026,TIGALAPANKAOS PALU,NAVY + RIB,NAVY + RIB XL,912991,50,0,0,35116,1755800,0
Feb-2026,TIGALAPANKAOS PALU,NAVY + RIB,NAVY + RIB XL,70232,48,0,0,35116,1685568,1755800
Mar-2026,TIGALAPANKAOS PALU,NAVY + RIB,NAVY + RIB XL,175580,74,0,0,35116,2598584,1685568
Apr-2026,TIGALAPANKAOS PALU,NAVY + RIB,NAVY + RIB XL,140464,74,0,0,35116,2598584,2598584
Mei-2026,TIGALAPANKAOS PALU,NAVY + RIB,NAVY + RIB XL,280928,62,0,0,35116,2177192,2598584
Jun-2026,TIGALAPANKAOS PALU,NAVY + RIB,NAVY + RIB XL,667204,40,15,0,35116,1931380,2177192
Jul-2026,TIGALAPANKAOS PALU,NAVY + RIB,NAVY + RIB XL,751338,53,0,0,35116,1861148,1931380
Agu-2026,TIGALAPANKAOS PALU,NAVY + RIB,NAVY + RIB XL,108954,49,0,0,35116,1720684,1861148
Sep-2026,TIGALAPANKAOS PALU,NAVY + RIB,NAVY + RIB XL,254226,42,0,0,35116,1474872,1720684
Okt-2026,TIGALAPANKAOS PALU,NAVY + RIB,NAVY + RIB XL,254226,32,0,0,35116,1123712,1474872
Jan-2026,TIGALAPANKAOS PALU,PUTIH + RIB,PUTIH + RIB 2XL,209408,33,0,0,35692,1177836,0
Feb-2026,TIGALAPANKAOS PALU,PUTIH + RIB,PUTIH + RIB 2XL,1070760,0,10,0,35692,356920,1177836
Mar-2026,TIGALAPANKAOS PALU,PUTIH + RIB,PUTIH + RIB 2XL,957784,33,0,0,35692,1177836,356920
Apr-2026,TIGALAPANKAOS PALU,PUTIH + RIB,PUTIH + RIB 2XL,526530,19,0,0,35692,678148,1177836
Mei-2026,TIGALAPANKAOS PALU,PUTIH + RIB,PUTIH + RIB 2XL,277840,30,0,0,35692,1070760,678148
Jun-2026,TIGALAPANKAOS PALU,PUTIH + RIB,PUTIH + RIB 2XL,136440,26,0,0,35692,927992,1070760
Jul-2026,TIGALAPANKAOS PALU,PUTIH + RIB,PUTIH + RIB 2XL,238770,25,0,0,35692,892300,927992
Agu-2026,TIGALAPANKAOS PALU,PUTIH + RIB,PUTIH + RIB 2XL,794991,22,0,0,35692,785224,892300
Sep-2026,TIGALAPANKAOS PALU,PUTIH + RIB,PUTIH + RIB 2XL,348720,7,0,0,35692,249844,785224
Okt-2026,TIGALAPANKAOS PALU,PUTIH + RIB,PUTIH + RIB 2XL,348880,21,0,0,35692,749532,249844
Jan-2026,TIGALAPANKAOS PALU,PUTIH + RIB,PUTIH + RIB 3XL,0,15,0,0,40627,609405,0
Feb-2026,TIGALAPANKAOS PALU,PUTIH + RIB,PUTIH + RIB 3XL,616350,0,0,0,40627,0,609405
Mar-2026,TIGALAPANKAOS PALU,PUTIH + RIB,PUTIH + RIB 3XL,327608,22,0,0,40627,893794,0
Apr-2026,TIGALAPANKAOS PALU,PUTIH + RIB,PUTIH + RIB 3XL,40951,21,0,0,40627,853167,893794
Mei-2026,TIGALAPANKAOS PALU,PUTIH + RIB,PUTIH + RIB 3XL,122853,18,0,0,40627,731286,853167
Jun-2026,TIGALAPANKAOS PALU,PUTIH + RIB,PUTIH + RIB 3XL,40951,17,0,0,40627,690659,731286
Jul-2026,TIGALAPANKAOS PALU,PUTIH + RIB,PUTIH + RIB 3XL,204755,16,0,0,40627,650032,690659
Agu-2026,TIGALAPANKAOS PALU,PUTIH + RIB,PUTIH + RIB 3XL,81902,11,0,0,40627,446897,650032
Sep-2026,TIGALAPANKAOS PALU,PUTIH + RIB,PUTIH + RIB 3XL,0,9,0,0,40627,365643,446897
Okt-2026,TIGALAPANKAOS PALU,PUTIH + RIB,PUTIH + RIB 3XL,40951,13,0,0,40627,528151,365643
Jan-2026,TIGALAPANKAOS PALU,PUTIH + RIB,PUTIH + RIB L,879363,30,0,0,32169,965070,0
Feb-2026,TIGALAPANKAOS PALU,PUTIH + RIB,PUTIH + RIB L,1745563,25,0,0,32141,803525,965070
Mar-2026,TIGALAPANKAOS PALU,PUTIH + RIB,PUTIH + RIB L,2059540,35,0,0,32259,1129065,803525
Apr-2026,TIGALAPANKAOS PALU,PUTIH + RIB,PUTIH + RIB L,1739335,2,0,0,32259,64518,1129065
Mei-2026,TIGALAPANKAOS PALU,PUTIH + RIB,PUTIH + RIB L,1649604,58,0,0,32259,1871022,64518
Jun-2026,TIGALAPANKAOS PALU,PUTIH + RIB,PUTIH + RIB L,1051808,26,45,0,32259,2290389,1871022
Jul-2026,TIGALAPANKAOS PALU,PUTIH + RIB,PUTIH + RIB L,2030673,66,0,0,32259,2129094,2290389
Agu-2026,TIGALAPANKAOS PALU,PUTIH + RIB,PUTIH + RIB L,4429599,21,0,0,32259,677439,2129094
Sep-2026,TIGALAPANKAOS PALU,PUTIH + RIB,PUTIH + RIB L,681894,39,0,0,32259,1258101,677439
Okt-2026,TIGALAPANKAOS PALU,PUTIH + RIB,PUTIH + RIB L,643558,45,0,0,32259,1451655,1258101
Jan-2026,TIGALAPANKAOS PALU,PUTIH + RIB,PUTIH + RIB M,488355,24,0,0,32474,779376,0
Feb-2026,TIGALAPANKAOS PALU,PUTIH + RIB,PUTIH + RIB M,1331699,19,0,0,32327,614213,779376
Mar-2026,TIGALAPANKAOS PALU,PUTIH + RIB,PUTIH + RIB M,1164751,50,0,0,32327,1616350,614213
Apr-2026,TIGALAPANKAOS PALU,PUTIH + RIB,PUTIH + RIB M,2102665,2,0,0,32327,64654,1616350
Mei-2026,TIGALAPANKAOS PALU,PUTIH + RIB,PUTIH + RIB M,819355,53,0,0,32327,1713331,64654
Jun-2026,TIGALAPANKAOS PALU,PUTIH + RIB,PUTIH + RIB M,796440,29,0,0,32327,937483,1713331
Jul-2026,TIGALAPANKAOS PALU,PUTIH + RIB,PUTIH + RIB M,1327815,17,0,0,32327,549559,937483
Agu-2026,TIGALAPANKAOS PALU,PUTIH + RIB,PUTIH + RIB M,2923917,19,0,0,32327,614213,549559
Sep-2026,TIGALAPANKAOS PALU,PUTIH + RIB,PUTIH + RIB M,251083,6,0,0,32327,193962,614213
Okt-2026,TIGALAPANKAOS PALU,PUTIH + RIB,PUTIH + RIB M,839296,25,0,0,32327,808175,193962
Jan-2026,TIGALAPANKAOS PALU,PUTIH + RIB,PUTIH + RIB S,32768,33,0,0,32719,1079727,0
Feb-2026,TIGALAPANKAOS PALU,PUTIH + RIB,PUTIH + RIB S,360448,22,0,0,32719,719818,1079727
Mar-2026,TIGALAPANKAOS PALU,PUTIH + RIB,PUTIH + RIB S,229376,15,0,0,32719,490785,719818
Apr-2026,TIGALAPANKAOS PALU,PUTIH + RIB,PUTIH + RIB S,524002,10,0,0,32719,327190,490785
Mei-2026,TIGALAPANKAOS PALU,PUTIH + RIB,PUTIH + RIB S,982156,20,0,0,32719,654380,327190
Jun-2026,TIGALAPANKAOS PALU,PUTIH + RIB,PUTIH + RIB S,66886,17,0,0,32719,556223,654380
Jul-2026,TIGALAPANKAOS PALU,PUTIH + RIB,PUTIH + RIB S,232817,30,0,0,32719,981570,556223
Agu-2026,TIGALAPANKAOS PALU,PUTIH + RIB,PUTIH + RIB S,1197840,28,0,0,32719,916132,981570
Sep-2026,TIGALAPANKAOS PALU,PUTIH + RIB,PUTIH + RIB S,207228,25,0,0,32719,817975,916132
Okt-2026,TIGALAPANKAOS PALU,PUTIH + RIB,PUTIH + RIB S,104538,22,0,0,32719,719818,817975
Jan-2026,TIGALAPANKAOS PALU,PUTIH + RIB,PUTIH + RIB XL,361306,17,0,0,32650,555050,0
Feb-2026,TIGALAPANKAOS PALU,PUTIH + RIB,PUTIH + RIB XL,2473358,4,15,0,32397,615543,555050
Mar-2026,TIGALAPANKAOS PALU,PUTIH + RIB,PUTIH + RIB XL,2041011,12,0,0,32397,388764,615543
Apr-2026,TIGALAPANKAOS PALU,PUTIH + RIB,PUTIH + RIB XL,881514,0,10,0,32397,323970,388764
Mei-2026,TIGALAPANKAOS PALU,PUTIH + RIB,PUTIH + RIB XL,1300240,59,0,0,32397,1911423,323970
Jun-2026,TIGALAPANKAOS PALU,PUTIH + RIB,PUTIH + RIB XL,596790,41,0,0,32397,1328277,1911423
Jul-2026,TIGALAPANKAOS PALU,PUTIH + RIB,PUTIH + RIB XL,1071116,31,0,0,32397,1004307,1328277
Agu-2026,TIGALAPANKAOS PALU,PUTIH + RIB,PUTIH + RIB XL,2808757,45,0,0,32397,1457865,1004307
Sep-2026,TIGALAPANKAOS PALU,PUTIH + RIB,PUTIH + RIB XL,68804,0,0,0,32650,0,1457865
Okt-2026,TIGALAPANKAOS PALU,PUTIH + RIB,PUTIH + RIB XL,628002,27,0,0,32397,874719,0
Jan-2026,TIGALAPANKAOS POLMAN,ABU TUA + RIB,ABU TUA + RIB 2XL,0,28,0,0,38070,1065960,0
Feb-2026,TIGALAPANKAOS POLMAN,ABU TUA + RIB,ABU TUA + RIB 2XL,0,28,0,0,38070,1065960,1065960
Mar-2026,TIGALAPANKAOS POLMAN,ABU TUA + RIB,ABU TUA + RIB 2XL,0,28,0,0,38070,1065960,1065960
Apr-2026,TIGALAPANKAOS POLMAN,ABU TUA + RIB,ABU TUA + RIB 2XL,0,28,0,0,38070,1065960,1065960
Mei-2026,TIGALAPANKAOS POLMAN,ABU TUA + RIB,ABU TUA + RIB 2XL,0,28,0,0,38070,1065960,1065960
Jun-2026,TIGALAPANKAOS POLMAN,ABU TUA + RIB,ABU TUA + RIB 2XL,0,28,0,0,38070,1065960,1065960
Jul-2026,TIGALAPANKAOS POLMAN,ABU TUA + RIB,ABU TUA + RIB 2XL,0,28,0,0,38070,1065960,1065960
Agu-2026,TIGALAPANKAOS POLMAN,ABU TUA + RIB,ABU TUA + RIB 2XL,0,28,0,0,38070,1065960,1065960
Sep-2026,TIGALAPANKAOS POLMAN,ABU TUA + RIB,ABU TUA + RIB 2XL,38070,28,0,0,38070,1065960,1065960
Okt-2026,TIGALAPANKAOS POLMAN,ABU TUA + RIB,ABU TUA + RIB 2XL,0,27,0,0,38070,1027890,1065960
Jan-2026,TIGALAPANKAOS POLMAN,ABU TUA + RIB,ABU TUA + RIB 3XL,0,9,0,0,47562,428058,0
Feb-2026,TIGALAPANKAOS POLMAN,ABU TUA + RIB,ABU TUA + RIB 3XL,0,9,0,0,47562,428058,428058
Mar-2026,TIGALAPANKAOS POLMAN,ABU TUA + RIB,ABU TUA + RIB 3XL,0,9,0,0,47562,428058,428058
Apr-2026,TIGALAPANKAOS POLMAN,ABU TUA + RIB,ABU TUA + RIB 3XL,0,9,0,0,47562,428058,428058
Mei-2026,TIGALAPANKAOS POLMAN,ABU TUA + RIB,ABU TUA + RIB 3XL,0,9,0,0,47562,428058,428058
Jun-2026,TIGALAPANKAOS POLMAN,ABU TUA + RIB,ABU TUA + RIB 3XL,0,9,0,0,47562,428058,428058
Jul-2026,TIGALAPANKAOS POLMAN,ABU TUA + RIB,ABU TUA + RIB 3XL,0,9,0,0,47562,428058,428058
Agu-2026,TIGALAPANKAOS POLMAN,ABU TUA + RIB,ABU TUA + RIB 3XL,0,9,0,0,47562,428058,428058
Sep-2026,TIGALAPANKAOS POLMAN,ABU TUA + RIB,ABU TUA + RIB 3XL,0,9,0,0,47562,428058,428058
Okt-2026,TIGALAPANKAOS POLMAN,ABU TUA + RIB,ABU TUA + RIB 3XL,0,9,0,0,47562,428058,428058
Jan-2026,TIGALAPANKAOS POLMAN,ABU TUA + RIB,ABU TUA + RIB L,0,29,0,0,35180,1020220,0
Feb-2026,TIGALAPANKAOS POLMAN,ABU TUA + RIB,ABU TUA + RIB L,0,29,0,0,35180,1020220,1020220
Mar-2026,TIGALAPANKAOS POLMAN,ABU TUA + RIB,ABU TUA + RIB L,35381,28,0,0,35180,985040,1020220
Apr-2026,TIGALAPANKAOS POLMAN,ABU TUA + RIB,ABU TUA + RIB L,0,28,0,0,35180,985040,985040
Mei-2026,TIGALAPANKAOS POLMAN,ABU TUA + RIB,ABU TUA + RIB L,106143,18,0,0,35180,633240,985040
Jun-2026,TIGALAPANKAOS POLMAN,ABU TUA + RIB,ABU TUA + RIB L,70762,16,0,0,35180,562880,633240
Jul-2026,TIGALAPANKAOS POLMAN,ABU TUA + RIB,ABU TUA + RIB L,0,16,0,0,35180,562880,562880
Agu-2026,TIGALAPANKAOS POLMAN,ABU TUA + RIB,ABU TUA + RIB L,247667,9,0,0,35180,316620,562880
Sep-2026,TIGALAPANKAOS POLMAN,ABU TUA + RIB,ABU TUA + RIB L,247667,2,0,0,35180,70360,316620
Okt-2026,TIGALAPANKAOS POLMAN,ABU TUA + RIB,ABU TUA + RIB L,0,2,0,0,35180,70360,70360
Jan-2026,TIGALAPANKAOS POLMAN,ABU TUA + RIB,ABU TUA + RIB M,0,29,0,0,35432,1027528,0
Feb-2026,TIGALAPANKAOS POLMAN,ABU TUA + RIB,ABU TUA + RIB M,0,29,0,0,35432,1027528,1027528
Mar-2026,TIGALAPANKAOS POLMAN,ABU TUA + RIB,ABU TUA + RIB M,0,29,0,0,35432,1027528,1027528
Apr-2026,TIGALAPANKAOS POLMAN,ABU TUA + RIB,ABU TUA + RIB M,0,29,0,0,35432,1027528,1027528
Mei-2026,TIGALAPANKAOS POLMAN,ABU TUA + RIB,ABU TUA + RIB M,0,29,0,0,35432,1027528,1027528
Jun-2026,TIGALAPANKAOS POLMAN,ABU TUA + RIB,ABU TUA + RIB M,70864,27,0,0,35432,956664,1027528
Jul-2026,TIGALAPANKAOS POLMAN,ABU TUA + RIB,ABU TUA + RIB M,106296,27,0,0,35432,956664,956664
Agu-2026,TIGALAPANKAOS POLMAN,ABU TUA + RIB,ABU TUA + RIB M,248024,17,0,0,35432,602344,956664
Sep-2026,TIGALAPANKAOS POLMAN,ABU TUA + RIB,ABU TUA + RIB M,248024,10,0,0,35432,354320,602344
Okt-2026,TIGALAPANKAOS POLMAN,ABU TUA + RIB,ABU TUA + RIB M,0,10,0,0,35432,354320,354320
Jan-2026,TIGALAPANKAOS POLMAN,ABU TUA + RIB,ABU TUA + RIB S,35107,14,0,0,35135,491890,0
Feb-2026,TIGALAPANKAOS POLMAN,ABU TUA + RIB,ABU TUA + RIB S,0,14,0,0,35135,491890,491890
Mar-2026,TIGALAPANKAOS POLMAN,ABU TUA + RIB,ABU TUA + RIB S,0,14,0,0,35135,491890,491890
Apr-2026,TIGALAPANKAOS POLMAN,ABU TUA + RIB,ABU TUA + RIB S,0,14,0,0,35135,491890,491890
Mei-2026,TIGALAPANKAOS POLMAN,ABU TUA + RIB,ABU TUA + RIB S,0,14,0,0,35135,491890,491890
Jun-2026,TIGALAPANKAOS POLMAN,ABU TUA + RIB,ABU TUA + RIB S,0,14,0,0,35135,491890,491890
Jul-2026,TIGALAPANKAOS POLMAN,ABU TUA + RIB,ABU TUA + RIB S,0,14,0,0,35135,491890,491890
Agu-2026,TIGALAPANKAOS POLMAN,ABU TUA + RIB,ABU TUA + RIB S,0,14,0,0,35135,491890,491890
Sep-2026,TIGALAPANKAOS POLMAN,ABU TUA + RIB,ABU TUA + RIB S,210642,8,0,0,35135,281080,491890
Okt-2026,TIGALAPANKAOS POLMAN,ABU TUA + RIB,ABU TUA + RIB S,0,8,0,0,35135,281080,281080
Jan-2026,TIGALAPANKAOS POLMAN,ABU TUA + RIB,ABU TUA + RIB XL,35876,23,0,0,35876,825148,0
Feb-2026,TIGALAPANKAOS POLMAN,ABU TUA + RIB,ABU TUA + RIB XL,0,23,0,0,35876,825148,825148
Mar-2026,TIGALAPANKAOS POLMAN,ABU TUA + RIB,ABU TUA + RIB XL,0,23,0,0,35890,825470,825148
Apr-2026,TIGALAPANKAOS POLMAN,ABU TUA + RIB,ABU TUA + RIB XL,0,23,0,0,35890,825470,825470
Mei-2026,TIGALAPANKAOS POLMAN,ABU TUA + RIB,ABU TUA + RIB XL,251132,16,0,0,35890,574240,825470
Jun-2026,TIGALAPANKAOS POLMAN,ABU TUA + RIB,ABU TUA + RIB XL,0,16,0,0,35890,574240,574240
Jul-2026,TIGALAPANKAOS POLMAN,ABU TUA + RIB,ABU TUA + RIB XL,71752,15,0,0,35890,538350,574240
Agu-2026,TIGALAPANKAOS POLMAN,ABU TUA + RIB,ABU TUA + RIB XL,71752,12,0,0,35890,430680,538350
Sep-2026,TIGALAPANKAOS POLMAN,ABU TUA + RIB,ABU TUA + RIB XL,215256,6,0,0,35890,215340,430680
Okt-2026,TIGALAPANKAOS POLMAN,ABU TUA + RIB,ABU TUA + RIB XL,0,6,0,0,35890,215340,215340
Jan-2026,TIGALAPANKAOS POLMAN,BENHUR + RIB,BENHUR + RIB 2XL,0,14,0,0,36563,511882,0
Feb-2026,TIGALAPANKAOS POLMAN,BENHUR + RIB,BENHUR + RIB 2XL,0,14,0,0,36563,511882,511882
Mar-2026,TIGALAPANKAOS POLMAN,BENHUR + RIB,BENHUR + RIB 2XL,0,14,0,0,36563,511882,511882
Apr-2026,TIGALAPANKAOS POLMAN,BENHUR + RIB,BENHUR + RIB 2XL,0,14,0,0,36563,511882,511882
Mei-2026,TIGALAPANKAOS POLMAN,BENHUR + RIB,BENHUR + RIB 2XL,0,14,0,0,36563,511882,511882
Jun-2026,TIGALAPANKAOS POLMAN,BENHUR + RIB,BENHUR + RIB 2XL,0,14,0,0,36563,511882,511882
Jul-2026,TIGALAPANKAOS POLMAN,BENHUR + RIB,BENHUR + RIB 2XL,0,14,0,0,36563,511882,511882
Agu-2026,TIGALAPANKAOS POLMAN,BENHUR + RIB,BENHUR + RIB 2XL,38087,14,0,0,36563,511882,511882
Sep-2026,TIGALAPANKAOS POLMAN,BENHUR + RIB,BENHUR + RIB 2XL,0,13,0,0,36563,475319,511882
Okt-2026,TIGALAPANKAOS POLMAN,BENHUR + RIB,BENHUR + RIB 2XL,0,13,0,0,36563,475319,475319
Jan-2026,TIGALAPANKAOS POLMAN,BENHUR + RIB,BENHUR + RIB 3XL,0,10,0,0,45841,458410,0
Feb-2026,TIGALAPANKAOS POLMAN,BENHUR + RIB,BENHUR + RIB 3XL,0,10,0,0,45841,458410,458410
Mar-2026,TIGALAPANKAOS POLMAN,BENHUR + RIB,BENHUR + RIB 3XL,0,10,0,0,45841,458410,458410
Apr-2026,TIGALAPANKAOS POLMAN,BENHUR + RIB,BENHUR + RIB 3XL,0,10,0,0,45841,458410,458410
Mei-2026,TIGALAPANKAOS POLMAN,BENHUR + RIB,BENHUR + RIB 3XL,0,10,0,0,45841,458410,458410
Jun-2026,TIGALAPANKAOS POLMAN,BENHUR + RIB,BENHUR + RIB 3XL,0,10,0,0,45841,458410,458410
Jul-2026,TIGALAPANKAOS POLMAN,BENHUR + RIB,BENHUR + RIB 3XL,0,10,0,0,45841,458410,458410
Agu-2026,TIGALAPANKAOS POLMAN,BENHUR + RIB,BENHUR + RIB 3XL,0,10,0,0,45841,458410,458410
Sep-2026,TIGALAPANKAOS POLMAN,BENHUR + RIB,BENHUR + RIB 3XL,0,10,0,0,45841,458410,458410
Okt-2026,TIGALAPANKAOS POLMAN,BENHUR + RIB,BENHUR + RIB 3XL,0,10,0,0,45841,458410,458410
Jan-2026,TIGALAPANKAOS POLMAN,BENHUR + RIB,BENHUR + RIB L,36438,44,0,0,36209,1593196,0
Feb-2026,TIGALAPANKAOS POLMAN,BENHUR + RIB,BENHUR + RIB L,0,44,0,0,36209,1593196,1593196
Mar-2026,TIGALAPANKAOS POLMAN,BENHUR + RIB,BENHUR + RIB L,36438,43,0,0,36209,1556987,1593196
Apr-2026,TIGALAPANKAOS POLMAN,BENHUR + RIB,BENHUR + RIB L,0,43,0,0,36209,1556987,1556987
Mei-2026,TIGALAPANKAOS POLMAN,BENHUR + RIB,BENHUR + RIB L,36438,22,0,0,36209,796598,1556987
Jun-2026,TIGALAPANKAOS POLMAN,BENHUR + RIB,BENHUR + RIB L,0,22,0,0,36209,796598,796598
Jul-2026,TIGALAPANKAOS POLMAN,BENHUR + RIB,BENHUR + RIB L,109314,21,0,0,36209,760389,796598
Agu-2026,TIGALAPANKAOS POLMAN,BENHUR + RIB,BENHUR + RIB L,145752,19,0,0,36209,687971,760389
Sep-2026,TIGALAPANKAOS POLMAN,BENHUR + RIB,BENHUR + RIB L,0,15,0,0,36209,543135,687971
Okt-2026,TIGALAPANKAOS POLMAN,BENHUR + RIB,BENHUR + RIB L,0,15,0,0,36209,543135,543135
Jan-2026,TIGALAPANKAOS POLMAN,BENHUR + RIB,BENHUR + RIB M,0,29,0,0,35986,1043594,0
Feb-2026,TIGALAPANKAOS POLMAN,BENHUR + RIB,BENHUR + RIB M,0,29,0,0,35986,1043594,1043594
Mar-2026,TIGALAPANKAOS POLMAN,BENHUR + RIB,BENHUR + RIB M,72212,27,0,0,35986,971622,1043594
Apr-2026,TIGALAPANKAOS POLMAN,BENHUR + RIB,BENHUR + RIB M,0,27,0,0,35986,971622,971622
Mei-2026,TIGALAPANKAOS POLMAN,BENHUR + RIB,BENHUR + RIB M,0,20,0,0,35986,719720,971622
Jun-2026,TIGALAPANKAOS POLMAN,BENHUR + RIB,BENHUR + RIB M,0,20,0,0,35986,719720,719720
Jul-2026,TIGALAPANKAOS POLMAN,BENHUR + RIB,BENHUR + RIB M,36106,20,0,0,35986,719720,719720
Agu-2026,TIGALAPANKAOS POLMAN,BENHUR + RIB,BENHUR + RIB M,0,19,0,0,35986,683734,719720
Sep-2026,TIGALAPANKAOS POLMAN,BENHUR + RIB,BENHUR + RIB M,0,19,0,0,35986,683734,683734
Okt-2026,TIGALAPANKAOS POLMAN,BENHUR + RIB,BENHUR + RIB M,0,19,0,0,35986,683734,683734
Jan-2026,TIGALAPANKAOS POLMAN,BENHUR + RIB,BENHUR + RIB S,0,15,0,0,36137,542055,0
Feb-2026,TIGALAPANKAOS POLMAN,BENHUR + RIB,BENHUR + RIB S,0,15,0,0,36137,542055,542055
Mar-2026,TIGALAPANKAOS POLMAN,BENHUR + RIB,BENHUR + RIB S,35852,14,0,0,36137,505918,542055
Apr-2026,TIGALAPANKAOS POLMAN,BENHUR + RIB,BENHUR + RIB S,0,14,0,0,36137,505918,505918
Mei-2026,TIGALAPANKAOS POLMAN,BENHUR + RIB,BENHUR + RIB S,0,14,0,0,36137,505918,505918
Jun-2026,TIGALAPANKAOS POLMAN,BENHUR + RIB,BENHUR + RIB S,0,14,0,0,36137,505918,505918
Jul-2026,TIGALAPANKAOS POLMAN,BENHUR + RIB,BENHUR + RIB S,0,14,0,0,36137,505918,505918
Agu-2026,TIGALAPANKAOS POLMAN,BENHUR + RIB,BENHUR + RIB S,0,14,0,0,36137,505918,505918
Sep-2026,TIGALAPANKAOS POLMAN,BENHUR + RIB,BENHUR + RIB S,0,14,0,0,36137,505918,505918
Okt-2026,TIGALAPANKAOS POLMAN,BENHUR + RIB,BENHUR + RIB S,0,14,0,0,36137,505918,505918
Jan-2026,TIGALAPANKAOS POLMAN,BENHUR + RIB,BENHUR + RIB XL,35890,28,0,0,35965,1007020,0
Feb-2026,TIGALAPANKAOS POLMAN,BENHUR + RIB,BENHUR + RIB XL,0,28,0,0,35965,1007020,1007020
Mar-2026,TIGALAPANKAOS POLMAN,BENHUR + RIB,BENHUR + RIB XL,0,28,0,0,35965,1007020,1007020
Apr-2026,TIGALAPANKAOS POLMAN,BENHUR + RIB,BENHUR + RIB XL,0,28,0,0,35965,1007020,1007020
Mei-2026,TIGALAPANKAOS POLMAN,BENHUR + RIB,BENHUR + RIB XL,0,20,0,0,35965,719300,1007020
Jun-2026,TIGALAPANKAOS POLMAN,BENHUR + RIB,BENHUR + RIB XL,0,20,0,0,35965,719300,719300
Jul-2026,TIGALAPANKAOS POLMAN,BENHUR + RIB,BENHUR + RIB XL,35890,20,0,0,35965,719300,719300
Agu-2026,TIGALAPANKAOS POLMAN,BENHUR + RIB,BENHUR + RIB XL,107670,19,0,0,35965,683335,719300
Sep-2026,TIGALAPANKAOS POLMAN,BENHUR + RIB,BENHUR + RIB XL,0,16,0,0,35965,575440,683335
Okt-2026,TIGALAPANKAOS POLMAN,BENHUR + RIB,BENHUR + RIB XL,0,16,0,0,35965,575440,575440
Jan-2026,TIGALAPANKAOS POLMAN,HITAM + RIB,HITAM + RIB 2XL,288085,20,0,0,40134,802680,0
Feb-2026,TIGALAPANKAOS POLMAN,HITAM + RIB,HITAM + RIB 2XL,82310,18,4,0,40134,882948,802680
Mar-2026,TIGALAPANKAOS POLMAN,HITAM + RIB,HITAM + RIB 2XL,163876,18,0,0,40815,734670,882948
Apr-2026,TIGALAPANKAOS POLMAN,HITAM + RIB,HITAM + RIB 2XL,40969,18,0,0,40815,734670,734670
Mei-2026,TIGALAPANKAOS POLMAN,HITAM + RIB,HITAM + RIB 2XL,245814,11,0,0,40111,441221,734670
Jun-2026,TIGALAPANKAOS POLMAN,HITAM + RIB,HITAM + RIB 2XL,0,11,0,0,40111,441221,441221
Jul-2026,TIGALAPANKAOS POLMAN,HITAM + RIB,HITAM + RIB 2XL,163876,7,0,0,40111,280777,441221
Agu-2026,TIGALAPANKAOS POLMAN,HITAM + RIB,HITAM + RIB 2XL,40969,16,0,0,40111,641776,280777
Sep-2026,TIGALAPANKAOS POLMAN,HITAM + RIB,HITAM + RIB 2XL,42991,16,0,0,40111,641776,641776
Okt-2026,TIGALAPANKAOS POLMAN,HITAM + RIB,HITAM + RIB 2XL,128973,12,0,0,40111,481332,641776
Jan-2026,TIGALAPANKAOS POLMAN,HITAM + RIB,HITAM + RIB 3XL,0,10,0,0,45968,459680,0
Feb-2026,TIGALAPANKAOS POLMAN,HITAM + RIB,HITAM + RIB 3XL,0,20,0,0,45968,919360,459680
Mar-2026,TIGALAPANKAOS POLMAN,HITAM + RIB,HITAM + RIB 3XL,91132,18,0,0,45968,827424,919360
Apr-2026,TIGALAPANKAOS POLMAN,HITAM + RIB,HITAM + RIB 3XL,45566,17,0,0,45968,781456,827424
Mei-2026,TIGALAPANKAOS POLMAN,HITAM + RIB,HITAM + RIB 3XL,45566,16,0,0,45968,735488,781456
Jun-2026,TIGALAPANKAOS POLMAN,HITAM + RIB,HITAM + RIB 3XL,45566,15,0,0,45968,689520,735488
Jul-2026,TIGALAPANKAOS POLMAN,HITAM + RIB,HITAM + RIB 3XL,45566,14,0,0,45968,643552,689520
Agu-2026,TIGALAPANKAOS POLMAN,HITAM + RIB,HITAM + RIB 3XL,0,14,0,0,45968,643552,643552
Sep-2026,TIGALAPANKAOS POLMAN,HITAM + RIB,HITAM + RIB 3XL,91132,13,0,0,45968,597584,643552
Okt-2026,TIGALAPANKAOS POLMAN,HITAM + RIB,HITAM + RIB 3XL,0,12,0,0,45968,551616,597584
Jan-2026,TIGALAPANKAOS POLMAN,HITAM + RIB,HITAM + RIB L,636603,14,0,0,35275,493850,0
Feb-2026,TIGALAPANKAOS POLMAN,HITAM + RIB,HITAM + RIB L,565444,28,0,0,35188,985264,493850
Mar-2026,TIGALAPANKAOS POLMAN,HITAM + RIB,HITAM + RIB L,633769,40,0,0,35247,1409880,985264
Apr-2026,TIGALAPANKAOS POLMAN,HITAM + RIB,HITAM + RIB L,422708,59,0,0,35247,2079573,1409880
Mei-2026,TIGALAPANKAOS POLMAN,HITAM + RIB,HITAM + RIB L,774448,51,0,0,35046,1787346,2079573
Jun-2026,TIGALAPANKAOS POLMAN,HITAM + RIB,HITAM + RIB L,35134,79,0,0,35046,2768634,1787346
Jul-2026,TIGALAPANKAOS POLMAN,HITAM + RIB,HITAM + RIB L,702680,69,0,0,35046,2418174,2768634
Agu-2026,TIGALAPANKAOS POLMAN,HITAM + RIB,HITAM + RIB L,772948,46,0,0,35046,1612116,2418174
Sep-2026,TIGALAPANKAOS POLMAN,HITAM + RIB,HITAM + RIB L,316206,34,0,0,35046,1191564,1612116
Okt-2026,TIGALAPANKAOS POLMAN,HITAM + RIB,HITAM + RIB L,175670,38,0,0,35046,1331748,1191564
Jan-2026,TIGALAPANKAOS POLMAN,HITAM + RIB,HITAM + RIB M,381227,39,0,0,34868,1359852,0
Feb-2026,TIGALAPANKAOS POLMAN,HITAM + RIB,HITAM + RIB M,418104,27,0,0,34868,941436,1359852
Mar-2026,TIGALAPANKAOS POLMAN,HITAM + RIB,HITAM + RIB M,697537,22,0,0,35204,774488,941436
Apr-2026,TIGALAPANKAOS POLMAN,HITAM + RIB,HITAM + RIB M,245411,46,0,0,35204,1619384,774488
Mei-2026,TIGALAPANKAOS POLMAN,HITAM + RIB,HITAM + RIB M,385968,64,0,0,35089,2245696,1619384
Jun-2026,TIGALAPANKAOS POLMAN,HITAM + RIB,HITAM + RIB M,246521,72,0,0,35089,2526408,2245696
Jul-2026,TIGALAPANKAOS POLMAN,HITAM + RIB,HITAM + RIB M,492646,70,0,0,35089,2456230,2526408
Agu-2026,TIGALAPANKAOS POLMAN,HITAM + RIB,HITAM + RIB M,316701,52,0,0,35089,1824628,2456230
Sep-2026,TIGALAPANKAOS POLMAN,HITAM + RIB,HITAM + RIB M,175945,44,0,0,35089,1543916,1824628
Okt-2026,TIGALAPANKAOS POLMAN,HITAM + RIB,HITAM + RIB M,70378,42,0,0,35089,1473738,1543916
Jan-2026,TIGALAPANKAOS POLMAN,HITAM + RIB,HITAM + RIB S,35324,26,0,0,35285,917410,0
Feb-2026,TIGALAPANKAOS POLMAN,HITAM + RIB,HITAM + RIB S,70648,24,0,0,35285,846840,917410
Mar-2026,TIGALAPANKAOS POLMAN,HITAM + RIB,HITAM + RIB S,105972,21,0,0,35285,740985,846840
Apr-2026,TIGALAPANKAOS POLMAN,HITAM + RIB,HITAM + RIB S,35324,20,0,0,35285,705700,740985
Mei-2026,TIGALAPANKAOS POLMAN,HITAM + RIB,HITAM + RIB S,70648,18,0,0,35285,635130,705700
Jun-2026,TIGALAPANKAOS POLMAN,HITAM + RIB,HITAM + RIB S,35324,16,0,0,35285,564560,635130
Jul-2026,TIGALAPANKAOS POLMAN,HITAM + RIB,HITAM + RIB S,141296,16,0,0,35285,564560,564560
Agu-2026,TIGALAPANKAOS POLMAN,HITAM + RIB,HITAM + RIB S,70648,20,0,0,35285,705700,564560
Sep-2026,TIGALAPANKAOS POLMAN,HITAM + RIB,HITAM + RIB S,0,20,0,0,35285,705700,705700
Okt-2026,TIGALAPANKAOS POLMAN,HITAM + RIB,HITAM + RIB S,0,20,0,0,35285,705700,705700
Jan-2026,TIGALAPANKAOS POLMAN,HITAM + RIB,HITAM + RIB XL,830328,17,0,0,35151,597567,0
Feb-2026,TIGALAPANKAOS POLMAN,HITAM + RIB,HITAM + RIB XL,393184,6,20,0,38857,1010282,597567
Mar-2026,TIGALAPANKAOS POLMAN,HITAM + RIB,HITAM + RIB XL,533603,28,0,0,38027,1064756,1010282
Apr-2026,TIGALAPANKAOS POLMAN,HITAM + RIB,HITAM + RIB XL,223776,51,0,0,38027,1939377,1064756
Mei-2026,TIGALAPANKAOS POLMAN,HITAM + RIB,HITAM + RIB XL,436913,54,0,0,35999,1943946,1939377
Jun-2026,TIGALAPANKAOS POLMAN,HITAM + RIB,HITAM + RIB XL,218078,78,0,0,35999,2807922,1943946
Jul-2026,TIGALAPANKAOS POLMAN,HITAM + RIB,HITAM + RIB XL,541710,71,0,0,35999,2555929,2807922
Agu-2026,TIGALAPANKAOS POLMAN,HITAM + RIB,HITAM + RIB XL,469482,56,0,0,35999,2015944,2555929
Sep-2026,TIGALAPANKAOS POLMAN,HITAM + RIB,HITAM + RIB XL,288912,43,0,0,35999,1547957,2015944
Okt-2026,TIGALAPANKAOS POLMAN,HITAM + RIB,HITAM + RIB XL,144456,38,0,0,35999,1367962,1547957
Jan-2026,TIGALAPANKAOS POLMAN,MAROON + RIB,MAROON + RIB 2XL,0,15,0,0,41035,615525,0
Feb-2026,TIGALAPANKAOS POLMAN,MAROON + RIB,MAROON + RIB 2XL,0,15,0,0,41035,615525,615525
Mar-2026,TIGALAPANKAOS POLMAN,MAROON + RIB,MAROON + RIB 2XL,0,15,0,0,41035,615525,615525
Apr-2026,TIGALAPANKAOS POLMAN,MAROON + RIB,MAROON + RIB 2XL,0,15,0,0,41035,615525,615525
Mei-2026,TIGALAPANKAOS POLMAN,MAROON + RIB,MAROON + RIB 2XL,0,15,0,0,41035,615525,615525
Jun-2026,TIGALAPANKAOS POLMAN,MAROON + RIB,MAROON + RIB 2XL,0,15,0,0,41035,615525,615525
Jul-2026,TIGALAPANKAOS POLMAN,MAROON + RIB,MAROON + RIB 2XL,0,15,0,0,41035,615525,615525
Agu-2026,TIGALAPANKAOS POLMAN,MAROON + RIB,MAROON + RIB 2XL,121923,12,0,0,41035,492420,615525
Sep-2026,TIGALAPANKAOS POLMAN,MAROON + RIB,MAROON + RIB 2XL,0,12,0,0,41035,492420,492420
Okt-2026,TIGALAPANKAOS POLMAN,MAROON + RIB,MAROON + RIB 2XL,0,12,0,0,41035,492420,492420
Jan-2026,TIGALAPANKAOS POLMAN,MAROON + RIB,MAROON + RIB 3XL,0,10,0,0,46390,463900,0
Feb-2026,TIGALAPANKAOS POLMAN,MAROON + RIB,MAROON + RIB 3XL,0,10,0,0,46390,463900,463900
Mar-2026,TIGALAPANKAOS POLMAN,MAROON + RIB,MAROON + RIB 3XL,0,10,0,0,46390,463900,463900
Apr-2026,TIGALAPANKAOS POLMAN,MAROON + RIB,MAROON + RIB 3XL,0,10,0,0,46390,463900,463900
Mei-2026,TIGALAPANKAOS POLMAN,MAROON + RIB,MAROON + RIB 3XL,0,10,0,0,46390,463900,463900
Jun-2026,TIGALAPANKAOS POLMAN,MAROON + RIB,MAROON + RIB 3XL,0,10,0,0,46390,463900,463900
Jul-2026,TIGALAPANKAOS POLMAN,MAROON + RIB,MAROON + RIB 3XL,0,10,0,0,46390,463900,463900
Agu-2026,TIGALAPANKAOS POLMAN,MAROON + RIB,MAROON + RIB 3XL,0,10,0,0,46390,463900,463900
Sep-2026,TIGALAPANKAOS POLMAN,MAROON + RIB,MAROON + RIB 3XL,0,10,0,0,46390,463900,463900
Okt-2026,TIGALAPANKAOS POLMAN,MAROON + RIB,MAROON + RIB 3XL,0,10,0,0,46390,463900,463900
Jan-2026,TIGALAPANKAOS POLMAN,MAROON + RIB,MAROON + RIB L,0,44,0,0,35143,1546292,0
Feb-2026,TIGALAPANKAOS POLMAN,MAROON + RIB,MAROON + RIB L,0,44,0,0,36130,1589720,1546292
Mar-2026,TIGALAPANKAOS POLMAN,MAROON + RIB,MAROON + RIB L,0,44,0,0,36130,1589720,1589720
Apr-2026,TIGALAPANKAOS POLMAN,MAROON + RIB,MAROON + RIB L,0,44,0,0,36130,1589720,1589720
Mei-2026,TIGALAPANKAOS POLMAN,MAROON + RIB,MAROON + RIB L,0,44,0,0,36130,1589720,1589720
Jun-2026,TIGALAPANKAOS POLMAN,MAROON + RIB,MAROON + RIB L,70286,42,0,0,36130,1517460,1589720
Jul-2026,TIGALAPANKAOS POLMAN,MAROON + RIB,MAROON + RIB L,0,42,0,0,36130,1517460,1517460
Agu-2026,TIGALAPANKAOS POLMAN,MAROON + RIB,MAROON + RIB L,108447,54,0,0,36130,1951020,1517460
Sep-2026,TIGALAPANKAOS POLMAN,MAROON + RIB,MAROON + RIB L,0,54,0,0,36130,1951020,1951020
Okt-2026,TIGALAPANKAOS POLMAN,MAROON + RIB,MAROON + RIB L,0,54,0,0,36130,1951020,1951020
Jan-2026,TIGALAPANKAOS POLMAN,MAROON + RIB,MAROON + RIB M,0,30,0,0,35662,1069860,0
Feb-2026,TIGALAPANKAOS POLMAN,MAROON + RIB,MAROON + RIB M,0,30,0,0,35662,1069860,1069860
Mar-2026,TIGALAPANKAOS POLMAN,MAROON + RIB,MAROON + RIB M,0,30,0,0,35662,1069860,1069860
Apr-2026,TIGALAPANKAOS POLMAN,MAROON + RIB,MAROON + RIB M,0,30,0,0,35662,1069860,1069860
Mei-2026,TIGALAPANKAOS POLMAN,MAROON + RIB,MAROON + RIB M,0,30,0,0,35662,1069860,1069860
Jun-2026,TIGALAPANKAOS POLMAN,MAROON + RIB,MAROON + RIB M,35662,29,0,0,35662,1034198,1069860
Jul-2026,TIGALAPANKAOS POLMAN,MAROON + RIB,MAROON + RIB M,71324,29,0,0,35662,1034198,1034198
Agu-2026,TIGALAPANKAOS POLMAN,MAROON + RIB,MAROON + RIB M,35662,26,0,0,35662,927212,1034198
Sep-2026,TIGALAPANKAOS POLMAN,MAROON + RIB,MAROON + RIB M,0,26,0,0,35662,927212,927212
Okt-2026,TIGALAPANKAOS POLMAN,MAROON + RIB,MAROON + RIB M,0,26,0,0,35662,927212,927212
Jan-2026,TIGALAPANKAOS POLMAN,MAROON + RIB,MAROON + RIB S,0,29,0,0,35425,1027325,0
Feb-2026,TIGALAPANKAOS POLMAN,MAROON + RIB,MAROON + RIB S,0,29,0,0,35425,1027325,1027325
Mar-2026,TIGALAPANKAOS POLMAN,MAROON + RIB,MAROON + RIB S,0,29,0,0,35425,1027325,1027325
Apr-2026,TIGALAPANKAOS POLMAN,MAROON + RIB,MAROON + RIB S,0,29,0,0,35425,1027325,1027325
Mei-2026,TIGALAPANKAOS POLMAN,MAROON + RIB,MAROON + RIB S,0,29,0,0,35425,1027325,1027325
Jun-2026,TIGALAPANKAOS POLMAN,MAROON + RIB,MAROON + RIB S,35425,28,0,0,35425,991900,1027325
Jul-2026,TIGALAPANKAOS POLMAN,MAROON + RIB,MAROON + RIB S,0,28,0,0,35425,991900,991900
Agu-2026,TIGALAPANKAOS POLMAN,MAROON + RIB,MAROON + RIB S,0,28,0,0,35425,991900,991900
Sep-2026,TIGALAPANKAOS POLMAN,MAROON + RIB,MAROON + RIB S,0,28,0,0,35425,991900,991900
Okt-2026,TIGALAPANKAOS POLMAN,MAROON + RIB,MAROON + RIB S,0,28,0,0,35425,991900,991900
Jan-2026,TIGALAPANKAOS POLMAN,MAROON + RIB,MAROON + RIB XL,0,28,0,0,37999,1063972,0
Feb-2026,TIGALAPANKAOS POLMAN,MAROON + RIB,MAROON + RIB XL,172170,23,0,0,37999,873977,1063972
Mar-2026,TIGALAPANKAOS POLMAN,MAROON + RIB,MAROON + RIB XL,0,23,0,0,37999,873977,873977
Apr-2026,TIGALAPANKAOS POLMAN,MAROON + RIB,MAROON + RIB XL,0,23,0,0,37999,873977,873977
Mei-2026,TIGALAPANKAOS POLMAN,MAROON + RIB,MAROON + RIB XL,0,23,0,0,37999,873977,873977
Jun-2026,TIGALAPANKAOS POLMAN,MAROON + RIB,MAROON + RIB XL,0,23,0,0,37999,873977,873977
Jul-2026,TIGALAPANKAOS POLMAN,MAROON + RIB,MAROON + RIB XL,0,23,0,0,37999,873977,873977
Agu-2026,TIGALAPANKAOS POLMAN,MAROON + RIB,MAROON + RIB XL,68868,21,0,0,37999,797979,873977
Sep-2026,TIGALAPANKAOS POLMAN,MAROON + RIB,MAROON + RIB XL,0,21,0,0,37999,797979,797979
Okt-2026,TIGALAPANKAOS POLMAN,MAROON + RIB,MAROON + RIB XL,0,21,0,0,37999,797979,797979
Jan-2026,TIGALAPANKAOS POLMAN,MERAH + RIB,MERAH + RIB 2XL,0,15,0,0,36757,551355,0
Feb-2026,TIGALAPANKAOS POLMAN,MERAH + RIB,MERAH + RIB 2XL,0,15,0,0,36757,551355,551355
Mar-2026,TIGALAPANKAOS POLMAN,MERAH + RIB,MERAH + RIB 2XL,0,15,0,0,36757,551355,551355
Apr-2026,TIGALAPANKAOS POLMAN,MERAH + RIB,MERAH + RIB 2XL,0,15,0,0,36757,551355,551355
Mei-2026,TIGALAPANKAOS POLMAN,MERAH + RIB,MERAH + RIB 2XL,0,15,0,0,36757,551355,551355
Jun-2026,TIGALAPANKAOS POLMAN,MERAH + RIB,MERAH + RIB 2XL,0,15,0,0,36757,551355,551355
Jul-2026,TIGALAPANKAOS POLMAN,MERAH + RIB,MERAH + RIB 2XL,73514,15,0,0,36757,551355,551355
Agu-2026,TIGALAPANKAOS POLMAN,MERAH + RIB,MERAH + RIB 2XL,183785,9,0,0,36757,330813,551355
Sep-2026,TIGALAPANKAOS POLMAN,MERAH + RIB,MERAH + RIB 2XL,36757,7,0,0,36757,257299,330813
Okt-2026,TIGALAPANKAOS POLMAN,MERAH + RIB,MERAH + RIB 2XL,0,17,0,0,36757,624869,257299
Jan-2026,TIGALAPANKAOS POLMAN,MERAH + RIB,MERAH + RIB 3XL,0,10,0,0,45193,451930,0
Feb-2026,TIGALAPANKAOS POLMAN,MERAH + RIB,MERAH + RIB 3XL,0,10,0,0,45193,451930,451930
Mar-2026,TIGALAPANKAOS POLMAN,MERAH + RIB,MERAH + RIB 3XL,0,10,0,0,45193,451930,451930
Apr-2026,TIGALAPANKAOS POLMAN,MERAH + RIB,MERAH + RIB 3XL,0,10,0,0,45193,451930,451930
Mei-2026,TIGALAPANKAOS POLMAN,MERAH + RIB,MERAH + RIB 3XL,0,10,0,0,45193,451930,451930
Jun-2026,TIGALAPANKAOS POLMAN,MERAH + RIB,MERAH + RIB 3XL,0,10,0,0,45193,451930,451930
Jul-2026,TIGALAPANKAOS POLMAN,MERAH + RIB,MERAH + RIB 3XL,0,10,0,0,45193,451930,451930
Agu-2026,TIGALAPANKAOS POLMAN,MERAH + RIB,MERAH + RIB 3XL,0,10,0,0,45193,451930,451930
Sep-2026,TIGALAPANKAOS POLMAN,MERAH + RIB,MERAH + RIB 3XL,0,10,0,0,45193,451930,451930
Okt-2026,TIGALAPANKAOS POLMAN,MERAH + RIB,MERAH + RIB 3XL,0,10,0,0,45193,451930,451930
Jan-2026,TIGALAPANKAOS POLMAN,MERAH + RIB,MERAH + RIB L,35239,14,0,0,35755,500570,0
Feb-2026,TIGALAPANKAOS POLMAN,MERAH + RIB,MERAH + RIB L,0,14,0,0,35755,500570,500570
Mar-2026,TIGALAPANKAOS POLMAN,MERAH + RIB,MERAH + RIB L,70478,12,0,0,35755,429060,500570
Apr-2026,TIGALAPANKAOS POLMAN,MERAH + RIB,MERAH + RIB L,0,12,0,0,35755,429060,429060
Mei-2026,TIGALAPANKAOS POLMAN,MERAH + RIB,MERAH + RIB L,0,12,0,0,35755,429060,429060
Jun-2026,TIGALAPANKAOS POLMAN,MERAH + RIB,MERAH + RIB L,0,42,0,0,35755,1501710,429060
Jul-2026,TIGALAPANKAOS POLMAN,MERAH + RIB,MERAH + RIB L,362480,72,0,0,35755,2574360,1501710
Agu-2026,TIGALAPANKAOS POLMAN,MERAH + RIB,MERAH + RIB L,987471,51,0,0,35755,1823505,2574360
Sep-2026,TIGALAPANKAOS POLMAN,MERAH + RIB,MERAH + RIB L,0,48,0,0,35755,1716240,1823505
Okt-2026,TIGALAPANKAOS POLMAN,MERAH + RIB,MERAH + RIB L,0,48,0,0,35755,1716240,1716240
Jan-2026,TIGALAPANKAOS POLMAN,MERAH + RIB,MERAH + RIB M,35778,42,0,0,35755,1501710,0
Feb-2026,TIGALAPANKAOS POLMAN,MERAH + RIB,MERAH + RIB M,0,42,0,0,35755,1501710,1501710
Mar-2026,TIGALAPANKAOS POLMAN,MERAH + RIB,MERAH + RIB M,35778,41,0,0,35755,1465955,1501710
Apr-2026,TIGALAPANKAOS POLMAN,MERAH + RIB,MERAH + RIB M,0,41,0,0,35755,1465955,1465955
Mei-2026,TIGALAPANKAOS POLMAN,MERAH + RIB,MERAH + RIB M,0,41,0,0,35755,1465955,1465955
Jun-2026,TIGALAPANKAOS POLMAN,MERAH + RIB,MERAH + RIB M,0,56,0,0,35755,2002280,1465955
Jul-2026,TIGALAPANKAOS POLMAN,MERAH + RIB,MERAH + RIB M,396884,85,0,0,35755,3039175,2002280
Agu-2026,TIGALAPANKAOS POLMAN,MERAH + RIB,MERAH + RIB M,180430,70,0,0,35755,2502850,3039175
Sep-2026,TIGALAPANKAOS POLMAN,MERAH + RIB,MERAH + RIB M,0,70,0,0,35755,2502850,2502850
Okt-2026,TIGALAPANKAOS POLMAN,MERAH + RIB,MERAH + RIB M,0,70,0,0,35755,2502850,2502850
Jan-2026,TIGALAPANKAOS POLMAN,MERAH + RIB,MERAH + RIB S,0,19,0,0,35972,683468,0
Feb-2026,TIGALAPANKAOS POLMAN,MERAH + RIB,MERAH + RIB S,0,19,0,0,35972,683468,683468
Mar-2026,TIGALAPANKAOS POLMAN,MERAH + RIB,MERAH + RIB S,0,19,0,0,35972,683468,683468
Apr-2026,TIGALAPANKAOS POLMAN,MERAH + RIB,MERAH + RIB S,0,19,0,0,35972,683468,683468
Mei-2026,TIGALAPANKAOS POLMAN,MERAH + RIB,MERAH + RIB S,0,19,0,0,35972,683468,683468
Jun-2026,TIGALAPANKAOS POLMAN,MERAH + RIB,MERAH + RIB S,0,19,0,0,35972,683468,683468
Jul-2026,TIGALAPANKAOS POLMAN,MERAH + RIB,MERAH + RIB S,143888,19,0,0,35972,683468,683468
Agu-2026,TIGALAPANKAOS POLMAN,MERAH + RIB,MERAH + RIB S,143888,13,0,0,35972,467636,683468
Sep-2026,TIGALAPANKAOS POLMAN,MERAH + RIB,MERAH + RIB S,0,11,0,0,35972,395692,467636
Okt-2026,TIGALAPANKAOS POLMAN,MERAH + RIB,MERAH + RIB S,0,11,0,0,35972,395692,395692
Jan-2026,TIGALAPANKAOS POLMAN,MERAH + RIB,MERAH + RIB XL,0,15,0,0,35755,536325,0
Feb-2026,TIGALAPANKAOS POLMAN,MERAH + RIB,MERAH + RIB XL,0,15,0,0,35755,536325,536325
Mar-2026,TIGALAPANKAOS POLMAN,MERAH + RIB,MERAH + RIB XL,0,15,0,0,35755,536325,536325
Apr-2026,TIGALAPANKAOS POLMAN,MERAH + RIB,MERAH + RIB XL,0,15,0,0,35755,536325,536325
Mei-2026,TIGALAPANKAOS POLMAN,MERAH + RIB,MERAH + RIB XL,0,15,0,0,35755,536325,536325
Jun-2026,TIGALAPANKAOS POLMAN,MERAH + RIB,MERAH + RIB XL,0,15,0,0,35755,536325,536325
Jul-2026,TIGALAPANKAOS POLMAN,MERAH + RIB,MERAH + RIB XL,35239,15,0,0,35755,536325,536325
Agu-2026,TIGALAPANKAOS POLMAN,MERAH + RIB,MERAH + RIB XL,425948,17,0,0,35755,607835,536325
Sep-2026,TIGALAPANKAOS POLMAN,MERAH + RIB,MERAH + RIB XL,0,17,0,0,35755,607835,607835
Okt-2026,TIGALAPANKAOS POLMAN,MERAH + RIB,MERAH + RIB XL,0,32,0,0,35755,1144160,607835
Jan-2026,TIGALAPANKAOS POLMAN,NAVY + RIB,NAVY + RIB 2XL,37153,14,0,0,34393,481502,0
Feb-2026,TIGALAPANKAOS POLMAN,NAVY + RIB,NAVY + RIB 2XL,0,14,0,0,34393,481502,481502
Mar-2026,TIGALAPANKAOS POLMAN,NAVY + RIB,NAVY + RIB 2XL,74306,12,0,0,34393,412716,481502
Apr-2026,TIGALAPANKAOS POLMAN,NAVY + RIB,NAVY + RIB 2XL,0,12,0,0,34393,412716,412716
Mei-2026,TIGALAPANKAOS POLMAN,NAVY + RIB,NAVY + RIB 2XL,0,12,0,0,34393,412716,412716
Jun-2026,TIGALAPANKAOS POLMAN,NAVY + RIB,NAVY + RIB 2XL,0,12,0,0,34393,412716,412716
Jul-2026,TIGALAPANKAOS POLMAN,NAVY + RIB,NAVY + RIB 2XL,0,22,0,0,34393,756646,412716
Agu-2026,TIGALAPANKAOS POLMAN,NAVY + RIB,NAVY + RIB 2XL,0,32,0,0,34393,1100576,756646
Sep-2026,TIGALAPANKAOS POLMAN,NAVY + RIB,NAVY + RIB 2XL,40791,32,0,0,34393,1100576,1100576
Okt-2026,TIGALAPANKAOS POLMAN,NAVY + RIB,NAVY + RIB 2XL,40791,30,0,0,34393,1031790,1100576
Jan-2026,TIGALAPANKAOS POLMAN,NAVY + RIB,NAVY + RIB 3XL,0,10,0,0,44433,444330,0
Feb-2026,TIGALAPANKAOS POLMAN,NAVY + RIB,NAVY + RIB 3XL,0,10,0,0,44433,444330,444330
Mar-2026,TIGALAPANKAOS POLMAN,NAVY + RIB,NAVY + RIB 3XL,0,10,0,0,44433,444330,444330
Apr-2026,TIGALAPANKAOS POLMAN,NAVY + RIB,NAVY + RIB 3XL,0,10,0,0,44433,444330,444330
Mei-2026,TIGALAPANKAOS POLMAN,NAVY + RIB,NAVY + RIB 3XL,0,10,0,0,44433,444330,444330
Jun-2026,TIGALAPANKAOS POLMAN,NAVY + RIB,NAVY + RIB 3XL,0,10,0,0,44433,444330,444330
Jul-2026,TIGALAPANKAOS POLMAN,NAVY + RIB,NAVY + RIB 3XL,0,10,0,0,44433,444330,444330
Agu-2026,TIGALAPANKAOS POLMAN,NAVY + RIB,NAVY + RIB 3XL,90430,8,0,0,44433,355464,444330
Sep-2026,TIGALAPANKAOS POLMAN,NAVY + RIB,NAVY + RIB 3XL,0,8,0,0,44433,355464,355464
Okt-2026,TIGALAPANKAOS POLMAN,NAVY + RIB,NAVY + RIB 3XL,0,8,0,0,44433,355464,355464
Jan-2026,TIGALAPANKAOS POLMAN,NAVY + RIB,NAVY + RIB L,0,44,0,0,35115,1545060,0
Feb-2026,TIGALAPANKAOS POLMAN,NAVY + RIB,NAVY + RIB L,0,44,0,0,35115,1545060,1545060
Mar-2026,TIGALAPANKAOS POLMAN,NAVY + RIB,NAVY + RIB L,72130,42,0,0,35115,1474830,1545060
Apr-2026,TIGALAPANKAOS POLMAN,NAVY + RIB,NAVY + RIB L,0,42,0,0,35115,1474830,1474830
Mei-2026,TIGALAPANKAOS POLMAN,NAVY + RIB,NAVY + RIB L,36065,41,0,0,35115,1439715,1474830
Jun-2026,TIGALAPANKAOS POLMAN,NAVY + RIB,NAVY + RIB L,324585,32,0,0,35115,1123680,1439715
Jul-2026,TIGALAPANKAOS POLMAN,NAVY + RIB,NAVY + RIB L,0,32,0,0,35115,1123680,1123680
Agu-2026,TIGALAPANKAOS POLMAN,NAVY + RIB,NAVY + RIB L,144260,28,0,0,35115,983220,1123680
Sep-2026,TIGALAPANKAOS POLMAN,NAVY + RIB,NAVY + RIB L,0,28,0,0,35115,983220,983220
Okt-2026,TIGALAPANKAOS POLMAN,NAVY + RIB,NAVY + RIB L,0,28,0,0,35115,983220,983220
Jan-2026,TIGALAPANKAOS POLMAN,NAVY + RIB,NAVY + RIB M,0,30,0,0,35191,1055730,0
Feb-2026,TIGALAPANKAOS POLMAN,NAVY + RIB,NAVY + RIB M,0,30,0,0,32964,988920,1055730
Mar-2026,TIGALAPANKAOS POLMAN,NAVY + RIB,NAVY + RIB M,72886,28,0,0,32964,922992,988920
Apr-2026,TIGALAPANKAOS POLMAN,NAVY + RIB,NAVY + RIB M,0,28,0,0,32964,922992,922992
Mei-2026,TIGALAPANKAOS POLMAN,NAVY + RIB,NAVY + RIB M,0,28,0,0,32964,922992,922992
Jun-2026,TIGALAPANKAOS POLMAN,NAVY + RIB,NAVY + RIB M,0,28,0,0,32964,922992,922992
Jul-2026,TIGALAPANKAOS POLMAN,NAVY + RIB,NAVY + RIB M,0,28,0,0,32964,922992,922992
Agu-2026,TIGALAPANKAOS POLMAN,NAVY + RIB,NAVY + RIB M,72886,26,0,0,32964,857064,922992
Sep-2026,TIGALAPANKAOS POLMAN,NAVY + RIB,NAVY + RIB M,0,26,0,0,32964,857064,857064
Okt-2026,TIGALAPANKAOS POLMAN,NAVY + RIB,NAVY + RIB M,0,26,0,0,32964,857064,857064
Jan-2026,TIGALAPANKAOS POLMAN,NAVY + RIB,NAVY + RIB S,0,15,0,0,34613,519195,0
Feb-2026,TIGALAPANKAOS POLMAN,NAVY + RIB,NAVY + RIB S,0,15,0,0,34613,519195,519195
Mar-2026,TIGALAPANKAOS POLMAN,NAVY + RIB,NAVY + RIB S,69714,13,0,0,34613,449969,519195
Apr-2026,TIGALAPANKAOS POLMAN,NAVY + RIB,NAVY + RIB S,0,13,0,0,34613,449969,449969
Mei-2026,TIGALAPANKAOS POLMAN,NAVY + RIB,NAVY + RIB S,0,13,0,0,34613,449969,449969
Jun-2026,TIGALAPANKAOS POLMAN,NAVY + RIB,NAVY + RIB S,0,13,0,0,34613,449969,449969
Jul-2026,TIGALAPANKAOS POLMAN,NAVY + RIB,NAVY + RIB S,0,13,0,0,34613,449969,449969
Agu-2026,TIGALAPANKAOS POLMAN,NAVY + RIB,NAVY + RIB S,104571,10,0,0,34613,346130,449969
Sep-2026,TIGALAPANKAOS POLMAN,NAVY + RIB,NAVY + RIB S,0,10,0,0,34613,346130,346130
Okt-2026,TIGALAPANKAOS POLMAN,NAVY + RIB,NAVY + RIB S,0,10,0,0,34613,346130,346130
Jan-2026,TIGALAPANKAOS POLMAN,NAVY + RIB,NAVY + RIB XL,0,29,0,0,35116,1018364,0
Feb-2026,TIGALAPANKAOS POLMAN,NAVY + RIB,NAVY + RIB XL,0,29,0,0,35116,1018364,1018364
Mar-2026,TIGALAPANKAOS POLMAN,NAVY + RIB,NAVY + RIB XL,0,29,0,0,35116,1018364,1018364
Apr-2026,TIGALAPANKAOS POLMAN,NAVY + RIB,NAVY + RIB XL,0,29,0,0,35116,1018364,1018364
Mei-2026,TIGALAPANKAOS POLMAN,NAVY + RIB,NAVY + RIB XL,0,29,0,0,35116,1018364,1018364
Jun-2026,TIGALAPANKAOS POLMAN,NAVY + RIB,NAVY + RIB XL,39334,28,0,0,35116,983248,1018364
Jul-2026,TIGALAPANKAOS POLMAN,NAVY + RIB,NAVY + RIB XL,118002,26,0,0,35116,913016,983248
Agu-2026,TIGALAPANKAOS POLMAN,NAVY + RIB,NAVY + RIB XL,118002,22,0,0,35116,772552,913016
Sep-2026,TIGALAPANKAOS POLMAN,NAVY + RIB,NAVY + RIB XL,0,22,0,0,35116,772552,772552
Okt-2026,TIGALAPANKAOS POLMAN,NAVY + RIB,NAVY + RIB XL,0,22,0,0,35116,772552,772552
Jan-2026,TIGALAPANKAOS POLMAN,PUTIH + RIB,PUTIH + RIB 2XL,0,15,0,0,35692,535380,0
Feb-2026,TIGALAPANKAOS POLMAN,PUTIH + RIB,PUTIH + RIB 2XL,0,15,0,0,35692,535380,535380
Mar-2026,TIGALAPANKAOS POLMAN,PUTIH + RIB,PUTIH + RIB 2XL,0,15,0,0,35692,535380,535380
Apr-2026,TIGALAPANKAOS POLMAN,PUTIH + RIB,PUTIH + RIB 2XL,33119,15,0,0,35692,535380,535380
Mei-2026,TIGALAPANKAOS POLMAN,PUTIH + RIB,PUTIH + RIB 2XL,0,14,0,0,35692,499688,535380
Jun-2026,TIGALAPANKAOS POLMAN,PUTIH + RIB,PUTIH + RIB 2XL,0,14,0,0,35692,499688,499688
Jul-2026,TIGALAPANKAOS POLMAN,PUTIH + RIB,PUTIH + RIB 2XL,0,14,0,0,35692,499688,499688
Agu-2026,TIGALAPANKAOS POLMAN,PUTIH + RIB,PUTIH + RIB 2XL,66238,12,0,0,35692,428304,499688
Sep-2026,TIGALAPANKAOS POLMAN,PUTIH + RIB,PUTIH + RIB 2XL,66238,10,0,0,35692,356920,428304
Okt-2026,TIGALAPANKAOS POLMAN,PUTIH + RIB,PUTIH + RIB 2XL,33119,9,0,0,35692,321228,356920
Jan-2026,TIGALAPANKAOS POLMAN,PUTIH + RIB,PUTIH + RIB 3XL,0,9,0,0,40627,365643,0
Feb-2026,TIGALAPANKAOS POLMAN,PUTIH + RIB,PUTIH + RIB 3XL,0,9,0,0,40627,365643,365643
Mar-2026,TIGALAPANKAOS POLMAN,PUTIH + RIB,PUTIH + RIB 3XL,0,9,0,0,40627,365643,365643
Apr-2026,TIGALAPANKAOS POLMAN,PUTIH + RIB,PUTIH + RIB 3XL,0,9,0,0,40627,365643,365643
Mei-2026,TIGALAPANKAOS POLMAN,PUTIH + RIB,PUTIH + RIB 3XL,0,9,0,0,40627,365643,365643
Jun-2026,TIGALAPANKAOS POLMAN,PUTIH + RIB,PUTIH + RIB 3XL,0,9,0,0,40627,365643,365643
Jul-2026,TIGALAPANKAOS POLMAN,PUTIH + RIB,PUTIH + RIB 3XL,0,9,0,0,40627,365643,365643
Agu-2026,TIGALAPANKAOS POLMAN,PUTIH + RIB,PUTIH + RIB 3XL,0,9,0,0,40627,365643,365643
Sep-2026,TIGALAPANKAOS POLMAN,PUTIH + RIB,PUTIH + RIB 3XL,40627,8,0,0,40627,325016,365643
Okt-2026,TIGALAPANKAOS POLMAN,PUTIH + RIB,PUTIH + RIB 3XL,0,8,0,0,40627,325016,325016
Jan-2026,TIGALAPANKAOS POLMAN,PUTIH + RIB,PUTIH + RIB L,162845,43,0,0,32169,1383267,0
Feb-2026,TIGALAPANKAOS POLMAN,PUTIH + RIB,PUTIH + RIB L,162845,38,0,0,32141,1221358,1383267
Mar-2026,TIGALAPANKAOS POLMAN,PUTIH + RIB,PUTIH + RIB L,423397,25,0,0,32259,806475,1221358
Apr-2026,TIGALAPANKAOS POLMAN,PUTIH + RIB,PUTIH + RIB L,97707,22,0,0,32259,709698,806475
Mei-2026,TIGALAPANKAOS POLMAN,PUTIH + RIB,PUTIH + RIB L,65734,37,0,0,32259,1193583,709698
Jun-2026,TIGALAPANKAOS POLMAN,PUTIH + RIB,PUTIH + RIB L,65734,33,0,0,32259,1064547,1193583
Jul-2026,TIGALAPANKAOS POLMAN,PUTIH + RIB,PUTIH + RIB L,98601,31,0,0,32259,1000029,1064547
Agu-2026,TIGALAPANKAOS POLMAN,PUTIH + RIB,PUTIH + RIB L,262936,23,0,0,32259,741957,1000029
Sep-2026,TIGALAPANKAOS POLMAN,PUTIH + RIB,PUTIH + RIB L,262936,14,0,0,32259,451626,741957
Okt-2026,TIGALAPANKAOS POLMAN,PUTIH + RIB,PUTIH + RIB L,134534,25,0,0,32259,806475,451626
Jan-2026,TIGALAPANKAOS POLMAN,PUTIH + RIB,PUTIH + RIB M,97749,35,0,0,32474,1136590,0
Feb-2026,TIGALAPANKAOS POLMAN,PUTIH + RIB,PUTIH + RIB M,228081,28,0,0,32327,905156,1136590
Mar-2026,TIGALAPANKAOS POLMAN,PUTIH + RIB,PUTIH + RIB M,325830,18,0,0,32327,581886,905156
Apr-2026,TIGALAPANKAOS POLMAN,PUTIH + RIB,PUTIH + RIB M,65166,16,0,0,32327,517232,581886
Mei-2026,TIGALAPANKAOS POLMAN,PUTIH + RIB,PUTIH + RIB M,66560,30,0,0,32327,969810,517232
Jun-2026,TIGALAPANKAOS POLMAN,PUTIH + RIB,PUTIH + RIB M,99840,25,0,0,32327,808175,969810
Jul-2026,TIGALAPANKAOS POLMAN,PUTIH + RIB,PUTIH + RIB M,99840,23,0,0,32327,743521,808175
Agu-2026,TIGALAPANKAOS POLMAN,PUTIH + RIB,PUTIH + RIB M,99840,19,0,0,32327,614213,743521
Sep-2026,TIGALAPANKAOS POLMAN,PUTIH + RIB,PUTIH + RIB M,266240,11,0,0,32327,355597,614213
Okt-2026,TIGALAPANKAOS POLMAN,PUTIH + RIB,PUTIH + RIB M,66560,24,0,0,32327,775848,355597
Jan-2026,TIGALAPANKAOS POLMAN,PUTIH + RIB,PUTIH + RIB S,0,27,0,0,32719,883413,0
Feb-2026,TIGALAPANKAOS POLMAN,PUTIH + RIB,PUTIH + RIB S,0,27,0,0,32719,883413,883413
Mar-2026,TIGALAPANKAOS POLMAN,PUTIH + RIB,PUTIH + RIB S,197250,21,0,0,32719,687099,883413
Apr-2026,TIGALAPANKAOS POLMAN,PUTIH + RIB,PUTIH + RIB S,0,21,0,0,32719,687099,687099
Mei-2026,TIGALAPANKAOS POLMAN,PUTIH + RIB,PUTIH + RIB S,0,21,0,0,32719,687099,687099
Jun-2026,TIGALAPANKAOS POLMAN,PUTIH + RIB,PUTIH + RIB S,0,21,0,0,32719,687099,687099
Jul-2026,TIGALAPANKAOS POLMAN,PUTIH + RIB,PUTIH + RIB S,65750,19,0,0,32719,621661,687099
Agu-2026,TIGALAPANKAOS POLMAN,PUTIH + RIB,PUTIH + RIB S,32875,19,0,0,32719,621661,621661
Sep-2026,TIGALAPANKAOS POLMAN,PUTIH + RIB,PUTIH + RIB S,65750,16,0,0,32719,523504,621661
Okt-2026,TIGALAPANKAOS POLMAN,PUTIH + RIB,PUTIH + RIB S,0,16,0,0,32719,523504,523504
Jan-2026,TIGALAPANKAOS POLMAN,PUTIH + RIB,PUTIH + RIB XL,98538,32,0,0,32650,1044800,0
Feb-2026,TIGALAPANKAOS POLMAN,PUTIH + RIB,PUTIH + RIB XL,98538,29,0,0,32397,939513,1044800
Mar-2026,TIGALAPANKAOS POLMAN,PUTIH + RIB,PUTIH + RIB XL,98538,26,0,0,32397,842322,939513
Apr-2026,TIGALAPANKAOS POLMAN,PUTIH + RIB,PUTIH + RIB XL,65692,25,0,0,32397,809925,842322
Mei-2026,TIGALAPANKAOS POLMAN,PUTIH + RIB,PUTIH + RIB XL,65905,28,0,0,32397,907116,809925
Jun-2026,TIGALAPANKAOS POLMAN,PUTIH + RIB,PUTIH + RIB XL,0,27,0,0,32397,874719,907116
Jul-2026,TIGALAPANKAOS POLMAN,PUTIH + RIB,PUTIH + RIB XL,66118,26,0,0,32397,842322,874719
Agu-2026,TIGALAPANKAOS POLMAN,PUTIH + RIB,PUTIH + RIB XL,33059,24,0,0,32397,777528,842322
Sep-2026,TIGALAPANKAOS POLMAN,PUTIH + RIB,PUTIH + RIB XL,396708,12,0,0,32397,388764,777528
Okt-2026,TIGALAPANKAOS POLMAN,PUTIH + RIB,PUTIH + RIB XL,33059,11,0,0,32397,356367,388764
Jan-2026,TIGALAPANKAOS SAMARINDA,ABU TUA + RIB,ABU TUA + RIB 2XL,105363,25,0,0,38070,951750,0
Feb-2026,TIGALAPANKAOS SAMARINDA,ABU TUA + RIB,ABU TUA + RIB 2XL,0,25,0,0,38070,951750,951750
Mar-2026,TIGALAPANKAOS SAMARINDA,ABU TUA + RIB,ABU TUA + RIB 2XL,0,25,0,0,38070,951750,951750
Apr-2026,TIGALAPANKAOS SAMARINDA,ABU TUA + RIB,ABU TUA + RIB 2XL,35121,24,0,0,38070,913680,951750
Mei-2026,TIGALAPANKAOS SAMARINDA,ABU TUA + RIB,ABU TUA + RIB 2XL,0,24,0,0,38070,913680,913680
Jun-2026,TIGALAPANKAOS SAMARINDA,ABU TUA + RIB,ABU TUA + RIB 2XL,0,24,0,0,38070,913680,913680
Jul-2026,TIGALAPANKAOS SAMARINDA,ABU TUA + RIB,ABU TUA + RIB 2XL,0,24,0,0,38070,913680,913680
Agu-2026,TIGALAPANKAOS SAMARINDA,ABU TUA + RIB,ABU TUA + RIB 2XL,0,24,0,0,38070,913680,913680
Sep-2026,TIGALAPANKAOS SAMARINDA,ABU TUA + RIB,ABU TUA + RIB 2XL,0,24,0,0,38070,913680,913680
Okt-2026,TIGALAPANKAOS SAMARINDA,ABU TUA + RIB,ABU TUA + RIB 2XL,0,24,0,0,38070,913680,913680
Jan-2026,TIGALAPANKAOS SAMARINDA,ABU TUA + RIB,ABU TUA + RIB 3XL,0,19,0,0,47562,903678,0
Feb-2026,TIGALAPANKAOS SAMARINDA,ABU TUA + RIB,ABU TUA + RIB 3XL,47562,18,0,0,47562,856116,903678
Mar-2026,TIGALAPANKAOS SAMARINDA,ABU TUA + RIB,ABU TUA + RIB 3XL,0,18,0,0,47562,856116,856116
Apr-2026,TIGALAPANKAOS SAMARINDA,ABU TUA + RIB,ABU TUA + RIB 3XL,0,18,0,0,47562,856116,856116
Mei-2026,TIGALAPANKAOS SAMARINDA,ABU TUA + RIB,ABU TUA + RIB 3XL,0,18,0,0,47562,856116,856116
Jun-2026,TIGALAPANKAOS SAMARINDA,ABU TUA + RIB,ABU TUA + RIB 3XL,0,18,0,0,47562,856116,856116
Jul-2026,TIGALAPANKAOS SAMARINDA,ABU TUA + RIB,ABU TUA + RIB 3XL,0,18,0,0,47562,856116,856116
Agu-2026,TIGALAPANKAOS SAMARINDA,ABU TUA + RIB,ABU TUA + RIB 3XL,0,18,0,0,47562,856116,856116
Sep-2026,TIGALAPANKAOS SAMARINDA,ABU TUA + RIB,ABU TUA + RIB 3XL,0,23,0,0,47562,1093926,856116
Okt-2026,TIGALAPANKAOS SAMARINDA,ABU TUA + RIB,ABU TUA + RIB 3XL,0,23,0,0,47562,1093926,1093926
Jan-2026,TIGALAPANKAOS SAMARINDA,ABU TUA + RIB,ABU TUA + RIB L,314244,18,0,0,35180,633240,0
Feb-2026,TIGALAPANKAOS SAMARINDA,ABU TUA + RIB,ABU TUA + RIB L,0,18,0,0,35180,633240,633240
Mar-2026,TIGALAPANKAOS SAMARINDA,ABU TUA + RIB,ABU TUA + RIB L,34916,17,0,0,35180,598060,633240
Apr-2026,TIGALAPANKAOS SAMARINDA,ABU TUA + RIB,ABU TUA + RIB L,0,17,0,0,35180,598060,598060
Mei-2026,TIGALAPANKAOS SAMARINDA,ABU TUA + RIB,ABU TUA + RIB L,0,17,0,0,35180,598060,598060
Jun-2026,TIGALAPANKAOS SAMARINDA,ABU TUA + RIB,ABU TUA + RIB L,35197,31,0,0,35180,1090580,598060
Jul-2026,TIGALAPANKAOS SAMARINDA,ABU TUA + RIB,ABU TUA + RIB L,246379,24,0,0,35180,844320,1090580
Agu-2026,TIGALAPANKAOS SAMARINDA,ABU TUA + RIB,ABU TUA + RIB L,0,24,0,0,35180,844320,844320
Sep-2026,TIGALAPANKAOS SAMARINDA,ABU TUA + RIB,ABU TUA + RIB L,105591,21,0,0,35180,738780,844320
Okt-2026,TIGALAPANKAOS SAMARINDA,ABU TUA + RIB,ABU TUA + RIB L,0,21,0,0,35180,738780,738780
Jan-2026,TIGALAPANKAOS SAMARINDA,ABU TUA + RIB,ABU TUA + RIB M,70352,26,0,0,35432,921232,0
Feb-2026,TIGALAPANKAOS SAMARINDA,ABU TUA + RIB,ABU TUA + RIB M,0,26,0,0,35432,921232,921232
Mar-2026,TIGALAPANKAOS SAMARINDA,ABU TUA + RIB,ABU TUA + RIB M,70352,24,0,0,35432,850368,921232
Apr-2026,TIGALAPANKAOS SAMARINDA,ABU TUA + RIB,ABU TUA + RIB M,0,24,0,0,35432,850368,850368
Mei-2026,TIGALAPANKAOS SAMARINDA,ABU TUA + RIB,ABU TUA + RIB M,0,24,0,0,35432,850368,850368
Jun-2026,TIGALAPANKAOS SAMARINDA,ABU TUA + RIB,ABU TUA + RIB M,35176,23,0,0,35432,814936,850368
Jul-2026,TIGALAPANKAOS SAMARINDA,ABU TUA + RIB,ABU TUA + RIB M,0,23,0,0,35432,814936,814936
Agu-2026,TIGALAPANKAOS SAMARINDA,ABU TUA + RIB,ABU TUA + RIB M,0,23,0,0,35432,814936,814936
Sep-2026,TIGALAPANKAOS SAMARINDA,ABU TUA + RIB,ABU TUA + RIB M,105528,20,0,0,35432,708640,814936
Okt-2026,TIGALAPANKAOS SAMARINDA,ABU TUA + RIB,ABU TUA + RIB M,35176,19,0,0,35432,673208,708640
Jan-2026,TIGALAPANKAOS SAMARINDA,ABU TUA + RIB,ABU TUA + RIB S,0,28,0,0,35135,983780,0
Feb-2026,TIGALAPANKAOS SAMARINDA,ABU TUA + RIB,ABU TUA + RIB S,0,28,0,0,35135,983780,983780
Mar-2026,TIGALAPANKAOS SAMARINDA,ABU TUA + RIB,ABU TUA + RIB S,0,28,0,0,35135,983780,983780
Apr-2026,TIGALAPANKAOS SAMARINDA,ABU TUA + RIB,ABU TUA + RIB S,0,28,0,0,35135,983780,983780
Mei-2026,TIGALAPANKAOS SAMARINDA,ABU TUA + RIB,ABU TUA + RIB S,0,28,0,0,35135,983780,983780
Jun-2026,TIGALAPANKAOS SAMARINDA,ABU TUA + RIB,ABU TUA + RIB S,0,28,0,0,35135,983780,983780
Jul-2026,TIGALAPANKAOS SAMARINDA,ABU TUA + RIB,ABU TUA + RIB S,0,28,0,0,35135,983780,983780
Agu-2026,TIGALAPANKAOS SAMARINDA,ABU TUA + RIB,ABU TUA + RIB S,0,28,0,0,35135,983780,983780
Sep-2026,TIGALAPANKAOS SAMARINDA,ABU TUA + RIB,ABU TUA + RIB S,0,28,0,0,35135,983780,983780
Okt-2026,TIGALAPANKAOS SAMARINDA,ABU TUA + RIB,ABU TUA + RIB S,0,28,0,0,35135,983780,983780
Jan-2026,TIGALAPANKAOS SAMARINDA,ABU TUA + RIB,ABU TUA + RIB XL,0,28,0,0,35876,1004528,0
Feb-2026,TIGALAPANKAOS SAMARINDA,ABU TUA + RIB,ABU TUA + RIB XL,0,28,0,0,35876,1004528,1004528
Mar-2026,TIGALAPANKAOS SAMARINDA,ABU TUA + RIB,ABU TUA + RIB XL,0,28,0,0,35890,1004920,1004528
Apr-2026,TIGALAPANKAOS SAMARINDA,ABU TUA + RIB,ABU TUA + RIB XL,0,28,0,0,35890,1004920,1004920
Mei-2026,TIGALAPANKAOS SAMARINDA,ABU TUA + RIB,ABU TUA + RIB XL,0,28,0,0,35890,1004920,1004920
Jun-2026,TIGALAPANKAOS SAMARINDA,ABU TUA + RIB,ABU TUA + RIB XL,0,28,0,0,35890,1004920,1004920
Jul-2026,TIGALAPANKAOS SAMARINDA,ABU TUA + RIB,ABU TUA + RIB XL,0,28,0,0,35890,1004920,1004920
Agu-2026,TIGALAPANKAOS SAMARINDA,ABU TUA + RIB,ABU TUA + RIB XL,0,28,0,0,35890,1004920,1004920
Sep-2026,TIGALAPANKAOS SAMARINDA,ABU TUA + RIB,ABU TUA + RIB XL,72606,26,0,0,35890,933140,1004920
Okt-2026,TIGALAPANKAOS SAMARINDA,ABU TUA + RIB,ABU TUA + RIB XL,0,26,0,0,35890,933140,933140
Jan-2026,TIGALAPANKAOS SAMARINDA,BENHUR + RIB,BENHUR + RIB 2XL,0,26,0,0,36563,950638,0
Feb-2026,TIGALAPANKAOS SAMARINDA,BENHUR + RIB,BENHUR + RIB 2XL,0,26,0,0,36563,950638,950638
Mar-2026,TIGALAPANKAOS SAMARINDA,BENHUR + RIB,BENHUR + RIB 2XL,0,26,0,0,36563,950638,950638
Apr-2026,TIGALAPANKAOS SAMARINDA,BENHUR + RIB,BENHUR + RIB 2XL,0,26,0,0,36563,950638,950638
Mei-2026,TIGALAPANKAOS SAMARINDA,BENHUR + RIB,BENHUR + RIB 2XL,78222,24,0,0,36563,877512,950638
Jun-2026,TIGALAPANKAOS SAMARINDA,BENHUR + RIB,BENHUR + RIB 2XL,0,24,0,0,36563,877512,877512
Jul-2026,TIGALAPANKAOS SAMARINDA,BENHUR + RIB,BENHUR + RIB 2XL,0,24,0,0,36563,877512,877512
Agu-2026,TIGALAPANKAOS SAMARINDA,BENHUR + RIB,BENHUR + RIB 2XL,0,24,0,0,36563,877512,877512
Sep-2026,TIGALAPANKAOS SAMARINDA,BENHUR + RIB,BENHUR + RIB 2XL,0,24,0,0,36563,877512,877512
Okt-2026,TIGALAPANKAOS SAMARINDA,BENHUR + RIB,BENHUR + RIB 2XL,0,24,0,0,36563,877512,877512
Jan-2026,TIGALAPANKAOS SAMARINDA,BENHUR + RIB,BENHUR + RIB 3XL,0,18,0,0,45841,825138,0
Feb-2026,TIGALAPANKAOS SAMARINDA,BENHUR + RIB,BENHUR + RIB 3XL,0,18,0,0,45841,825138,825138
Mar-2026,TIGALAPANKAOS SAMARINDA,BENHUR + RIB,BENHUR + RIB 3XL,0,18,0,0,45841,825138,825138
Apr-2026,TIGALAPANKAOS SAMARINDA,BENHUR + RIB,BENHUR + RIB 3XL,0,18,0,0,45841,825138,825138
Mei-2026,TIGALAPANKAOS SAMARINDA,BENHUR + RIB,BENHUR + RIB 3XL,136710,15,0,0,45841,687615,825138
Jun-2026,TIGALAPANKAOS SAMARINDA,BENHUR + RIB,BENHUR + RIB 3XL,0,15,0,0,45841,687615,687615
Jul-2026,TIGALAPANKAOS SAMARINDA,BENHUR + RIB,BENHUR + RIB 3XL,0,15,0,0,45841,687615,687615
Agu-2026,TIGALAPANKAOS SAMARINDA,BENHUR + RIB,BENHUR + RIB 3XL,0,15,0,0,45841,687615,687615
Sep-2026,TIGALAPANKAOS SAMARINDA,BENHUR + RIB,BENHUR + RIB 3XL,0,15,0,0,45841,687615,687615
Okt-2026,TIGALAPANKAOS SAMARINDA,BENHUR + RIB,BENHUR + RIB 3XL,0,15,0,0,45841,687615,687615
Jan-2026,TIGALAPANKAOS SAMARINDA,BENHUR + RIB,BENHUR + RIB L,0,39,0,0,36209,1412151,0
Feb-2026,TIGALAPANKAOS SAMARINDA,BENHUR + RIB,BENHUR + RIB L,0,39,0,0,36209,1412151,1412151
Mar-2026,TIGALAPANKAOS SAMARINDA,BENHUR + RIB,BENHUR + RIB L,0,39,0,0,36209,1412151,1412151
Apr-2026,TIGALAPANKAOS SAMARINDA,BENHUR + RIB,BENHUR + RIB L,0,39,0,0,36209,1412151,1412151
Mei-2026,TIGALAPANKAOS SAMARINDA,BENHUR + RIB,BENHUR + RIB L,145624,35,0,0,36209,1267315,1412151
Jun-2026,TIGALAPANKAOS SAMARINDA,BENHUR + RIB,BENHUR + RIB L,36406,34,0,0,36209,1231106,1267315
Jul-2026,TIGALAPANKAOS SAMARINDA,BENHUR + RIB,BENHUR + RIB L,0,49,0,0,36209,1774241,1231106
Agu-2026,TIGALAPANKAOS SAMARINDA,BENHUR + RIB,BENHUR + RIB L,300256,41,0,0,36209,1484569,1774241
Sep-2026,TIGALAPANKAOS SAMARINDA,BENHUR + RIB,BENHUR + RIB L,37532,56,0,0,36209,2027704,1484569
Okt-2026,TIGALAPANKAOS SAMARINDA,BENHUR + RIB,BENHUR + RIB L,0,56,0,0,36209,2027704,2027704
Jan-2026,TIGALAPANKAOS SAMARINDA,BENHUR + RIB,BENHUR + RIB M,0,29,0,0,35986,1043594,0
Feb-2026,TIGALAPANKAOS SAMARINDA,BENHUR + RIB,BENHUR + RIB M,0,29,0,0,35986,1043594,1043594
Mar-2026,TIGALAPANKAOS SAMARINDA,BENHUR + RIB,BENHUR + RIB M,0,29,0,0,35986,1043594,1043594
Apr-2026,TIGALAPANKAOS SAMARINDA,BENHUR + RIB,BENHUR + RIB M,0,29,0,0,35986,1043594,1043594
Mei-2026,TIGALAPANKAOS SAMARINDA,BENHUR + RIB,BENHUR + RIB M,108855,26,0,0,35986,935636,1043594
Jun-2026,TIGALAPANKAOS SAMARINDA,BENHUR + RIB,BENHUR + RIB M,0,26,0,0,35986,935636,935636
Jul-2026,TIGALAPANKAOS SAMARINDA,BENHUR + RIB,BENHUR + RIB M,0,26,0,0,35986,935636,935636
Agu-2026,TIGALAPANKAOS SAMARINDA,BENHUR + RIB,BENHUR + RIB M,181425,21,0,0,35986,755706,935636
Sep-2026,TIGALAPANKAOS SAMARINDA,BENHUR + RIB,BENHUR + RIB M,0,21,0,0,35986,755706,755706
Okt-2026,TIGALAPANKAOS SAMARINDA,BENHUR + RIB,BENHUR + RIB M,0,21,0,0,35986,755706,755706
Jan-2026,TIGALAPANKAOS SAMARINDA,BENHUR + RIB,BENHUR + RIB S,0,28,0,0,36137,1011836,0
Feb-2026,TIGALAPANKAOS SAMARINDA,BENHUR + RIB,BENHUR + RIB S,0,28,0,0,36137,1011836,1011836
Mar-2026,TIGALAPANKAOS SAMARINDA,BENHUR + RIB,BENHUR + RIB S,0,28,0,0,36137,1011836,1011836
Apr-2026,TIGALAPANKAOS SAMARINDA,BENHUR + RIB,BENHUR + RIB S,0,28,0,0,36137,1011836,1011836
Mei-2026,TIGALAPANKAOS SAMARINDA,BENHUR + RIB,BENHUR + RIB S,36003,27,0,0,36137,975699,1011836
Jun-2026,TIGALAPANKAOS SAMARINDA,BENHUR + RIB,BENHUR + RIB S,0,27,0,0,36137,975699,975699
Jul-2026,TIGALAPANKAOS SAMARINDA,BENHUR + RIB,BENHUR + RIB S,0,27,0,0,36137,975699,975699
Agu-2026,TIGALAPANKAOS SAMARINDA,BENHUR + RIB,BENHUR + RIB S,36003,26,0,0,36137,939562,975699
Sep-2026,TIGALAPANKAOS SAMARINDA,BENHUR + RIB,BENHUR + RIB S,0,26,0,0,36137,939562,939562
Okt-2026,TIGALAPANKAOS SAMARINDA,BENHUR + RIB,BENHUR + RIB S,0,26,0,0,36137,939562,939562
Jan-2026,TIGALAPANKAOS SAMARINDA,BENHUR + RIB,BENHUR + RIB XL,0,25,0,0,35965,899125,0
Feb-2026,TIGALAPANKAOS SAMARINDA,BENHUR + RIB,BENHUR + RIB XL,0,25,0,0,35965,899125,899125
Mar-2026,TIGALAPANKAOS SAMARINDA,BENHUR + RIB,BENHUR + RIB XL,0,25,0,0,35965,899125,899125
Apr-2026,TIGALAPANKAOS SAMARINDA,BENHUR + RIB,BENHUR + RIB XL,0,25,0,0,35965,899125,899125
Mei-2026,TIGALAPANKAOS SAMARINDA,BENHUR + RIB,BENHUR + RIB XL,218118,19,0,0,35965,683335,899125
Jun-2026,TIGALAPANKAOS SAMARINDA,BENHUR + RIB,BENHUR + RIB XL,0,19,0,0,35965,683335,683335
Jul-2026,TIGALAPANKAOS SAMARINDA,BENHUR + RIB,BENHUR + RIB XL,0,19,0,0,35965,683335,683335
Agu-2026,TIGALAPANKAOS SAMARINDA,BENHUR + RIB,BENHUR + RIB XL,0,34,0,0,35965,1222810,683335
Sep-2026,TIGALAPANKAOS SAMARINDA,BENHUR + RIB,BENHUR + RIB XL,39070,33,0,0,35965,1186845,1222810
Okt-2026,TIGALAPANKAOS SAMARINDA,BENHUR + RIB,BENHUR + RIB XL,0,33,0,0,35965,1186845,1186845
Jan-2026,TIGALAPANKAOS SAMARINDA,HITAM + RIB,HITAM + RIB 2XL,164304,32,0,0,40134,1284288,0
Feb-2026,TIGALAPANKAOS SAMARINDA,HITAM + RIB,HITAM + RIB 2XL,0,32,0,0,40134,1284288,1284288
Mar-2026,TIGALAPANKAOS SAMARINDA,HITAM + RIB,HITAM + RIB 2XL,82152,30,0,0,40815,1224450,1284288
Apr-2026,TIGALAPANKAOS SAMARINDA,HITAM + RIB,HITAM + RIB 2XL,41076,29,0,0,40815,1183635,1224450
Mei-2026,TIGALAPANKAOS SAMARINDA,HITAM + RIB,HITAM + RIB 2XL,0,29,0,0,40111,1163219,1183635
Jun-2026,TIGALAPANKAOS SAMARINDA,HITAM + RIB,HITAM + RIB 2XL,123228,26,0,0,40111,1042886,1163219
Jul-2026,TIGALAPANKAOS SAMARINDA,HITAM + RIB,HITAM + RIB 2XL,328608,21,0,0,40111,842331,1042886
Agu-2026,TIGALAPANKAOS SAMARINDA,HITAM + RIB,HITAM + RIB 2XL,372664,12,0,0,40111,481332,842331
Sep-2026,TIGALAPANKAOS SAMARINDA,HITAM + RIB,HITAM + RIB 2XL,170264,18,0,0,40111,721998,481332
Okt-2026,TIGALAPANKAOS SAMARINDA,HITAM + RIB,HITAM + RIB 2XL,0,15,10,0,40111,1002775,721998
Jan-2026,TIGALAPANKAOS SAMARINDA,HITAM + RIB,HITAM + RIB 3XL,0,17,0,0,45968,781456,0
Feb-2026,TIGALAPANKAOS SAMARINDA,HITAM + RIB,HITAM + RIB 3XL,0,17,0,0,45968,781456,781456
Mar-2026,TIGALAPANKAOS SAMARINDA,HITAM + RIB,HITAM + RIB 3XL,0,17,0,0,45968,781456,781456
Apr-2026,TIGALAPANKAOS SAMARINDA,HITAM + RIB,HITAM + RIB 3XL,0,17,0,0,45968,781456,781456
Mei-2026,TIGALAPANKAOS SAMARINDA,HITAM + RIB,HITAM + RIB 3XL,0,17,0,0,45968,781456,781456
Jun-2026,TIGALAPANKAOS SAMARINDA,HITAM + RIB,HITAM + RIB 3XL,0,17,0,0,45968,781456,781456
Jul-2026,TIGALAPANKAOS SAMARINDA,HITAM + RIB,HITAM + RIB 3XL,182020,13,0,0,45968,597584,781456
Agu-2026,TIGALAPANKAOS SAMARINDA,HITAM + RIB,HITAM + RIB 3XL,92432,17,0,0,45968,781456,597584
Sep-2026,TIGALAPANKAOS SAMARINDA,HITAM + RIB,HITAM + RIB 3XL,46927,16,0,0,45968,735488,781456
Okt-2026,TIGALAPANKAOS SAMARINDA,HITAM + RIB,HITAM + RIB 3XL,0,15,0,0,45968,689520,735488
Jan-2026,TIGALAPANKAOS SAMARINDA,HITAM + RIB,HITAM + RIB L,141636,24,0,0,35275,846600,0
Feb-2026,TIGALAPANKAOS SAMARINDA,HITAM + RIB,HITAM + RIB L,0,24,0,0,35188,844512,846600
Mar-2026,TIGALAPANKAOS SAMARINDA,HITAM + RIB,HITAM + RIB L,424908,12,15,0,35247,951669,844512
Apr-2026,TIGALAPANKAOS SAMARINDA,HITAM + RIB,HITAM + RIB L,35319,26,0,0,35247,916422,951669
Mei-2026,TIGALAPANKAOS SAMARINDA,HITAM + RIB,HITAM + RIB L,317871,32,0,0,35046,1121472,916422
Jun-2026,TIGALAPANKAOS SAMARINDA,HITAM + RIB,HITAM + RIB L,70384,30,15,0,35046,1577070,1121472
Jul-2026,TIGALAPANKAOS SAMARINDA,HITAM + RIB,HITAM + RIB L,317106,53,0,0,35046,1857438,1577070
Agu-2026,TIGALAPANKAOS SAMARINDA,HITAM + RIB,HITAM + RIB L,105702,49,0,0,35046,1717254,1857438
Sep-2026,TIGALAPANKAOS SAMARINDA,HITAM + RIB,HITAM + RIB L,845616,36,0,0,35046,1261656,1717254
Okt-2026,TIGALAPANKAOS SAMARINDA,HITAM + RIB,HITAM + RIB L,0,24,0,0,35046,841104,1261656
Jan-2026,TIGALAPANKAOS SAMARINDA,HITAM + RIB,HITAM + RIB M,105852,33,0,0,34868,1150644,0
Feb-2026,TIGALAPANKAOS SAMARINDA,HITAM + RIB,HITAM + RIB M,0,33,0,0,34868,1150644,1150644
Mar-2026,TIGALAPANKAOS SAMARINDA,HITAM + RIB,HITAM + RIB M,35083,32,0,0,35204,1126528,1150644
Apr-2026,TIGALAPANKAOS SAMARINDA,HITAM + RIB,HITAM + RIB M,70166,30,0,0,35204,1056120,1126528
Mei-2026,TIGALAPANKAOS SAMARINDA,HITAM + RIB,HITAM + RIB M,35083,29,0,0,35089,1017581,1056120
Jun-2026,TIGALAPANKAOS SAMARINDA,HITAM + RIB,HITAM + RIB M,0,29,0,0,35089,1017581,1017581
Jul-2026,TIGALAPANKAOS SAMARINDA,HITAM + RIB,HITAM + RIB M,210498,25,0,0,35089,877225,1017581
Agu-2026,TIGALAPANKAOS SAMARINDA,HITAM + RIB,HITAM + RIB M,105249,35,0,0,35089,1228115,877225
Sep-2026,TIGALAPANKAOS SAMARINDA,HITAM + RIB,HITAM + RIB M,828000,19,0,0,35089,666691,1228115
Okt-2026,TIGALAPANKAOS SAMARINDA,HITAM + RIB,HITAM + RIB M,72000,10,30,0,35089,1403560,666691
Jan-2026,TIGALAPANKAOS SAMARINDA,HITAM + RIB,HITAM + RIB S,35388,24,0,0,35285,846840,0
Feb-2026,TIGALAPANKAOS SAMARINDA,HITAM + RIB,HITAM + RIB S,35388,23,0,0,35285,811555,846840
Mar-2026,TIGALAPANKAOS SAMARINDA,HITAM + RIB,HITAM + RIB S,35388,22,0,0,35285,776270,811555
Apr-2026,TIGALAPANKAOS SAMARINDA,HITAM + RIB,HITAM + RIB S,0,22,0,0,35285,776270,776270
Mei-2026,TIGALAPANKAOS SAMARINDA,HITAM + RIB,HITAM + RIB S,0,22,0,0,35285,776270,776270
Jun-2026,TIGALAPANKAOS SAMARINDA,HITAM + RIB,HITAM + RIB S,0,22,0,0,35285,776270,776270
Jul-2026,TIGALAPANKAOS SAMARINDA,HITAM + RIB,HITAM + RIB S,70776,21,0,0,35285,740985,776270
Agu-2026,TIGALAPANKAOS SAMARINDA,HITAM + RIB,HITAM + RIB S,35388,19,0,0,35285,670415,740985
Sep-2026,TIGALAPANKAOS SAMARINDA,HITAM + RIB,HITAM + RIB S,35388,19,0,0,35285,670415,670415
Okt-2026,TIGALAPANKAOS SAMARINDA,HITAM + RIB,HITAM + RIB S,0,18,0,0,35285,635130,670415
Jan-2026,TIGALAPANKAOS SAMARINDA,HITAM + RIB,HITAM + RIB XL,184730,40,0,0,35151,1406040,0
Feb-2026,TIGALAPANKAOS SAMARINDA,HITAM + RIB,HITAM + RIB XL,0,40,0,0,38857,1554280,1406040
Mar-2026,TIGALAPANKAOS SAMARINDA,HITAM + RIB,HITAM + RIB XL,72612,38,0,0,38027,1445026,1554280
Apr-2026,TIGALAPANKAOS SAMARINDA,HITAM + RIB,HITAM + RIB XL,72612,36,0,0,38027,1368972,1445026
Mei-2026,TIGALAPANKAOS SAMARINDA,HITAM + RIB,HITAM + RIB XL,36306,35,0,0,35999,1259965,1368972
Jun-2026,TIGALAPANKAOS SAMARINDA,HITAM + RIB,HITAM + RIB XL,108918,32,0,0,35999,1151968,1259965
Jul-2026,TIGALAPANKAOS SAMARINDA,HITAM + RIB,HITAM + RIB XL,508284,24,0,0,35999,863976,1151968
Agu-2026,TIGALAPANKAOS SAMARINDA,HITAM + RIB,HITAM + RIB XL,217518,32,0,0,35999,1151968,863976
Sep-2026,TIGALAPANKAOS SAMARINDA,HITAM + RIB,HITAM + RIB XL,616301,23,0,0,35999,827977,1151968
Okt-2026,TIGALAPANKAOS SAMARINDA,HITAM + RIB,HITAM + RIB XL,36253,9,30,0,35999,1403961,827977
Jan-2026,TIGALAPANKAOS SAMARINDA,MAROON + RIB,MAROON + RIB 2XL,314360,18,0,0,41035,738630,0
Feb-2026,TIGALAPANKAOS SAMARINDA,MAROON + RIB,MAROON + RIB 2XL,0,18,0,0,41035,738630,738630
Mar-2026,TIGALAPANKAOS SAMARINDA,MAROON + RIB,MAROON + RIB 2XL,0,18,0,0,41035,738630,738630
Apr-2026,TIGALAPANKAOS SAMARINDA,MAROON + RIB,MAROON + RIB 2XL,0,18,0,0,41035,738630,738630
Mei-2026,TIGALAPANKAOS SAMARINDA,MAROON + RIB,MAROON + RIB 2XL,0,18,0,0,41035,738630,738630
Jun-2026,TIGALAPANKAOS SAMARINDA,MAROON + RIB,MAROON + RIB 2XL,0,18,0,0,41035,738630,738630
Jul-2026,TIGALAPANKAOS SAMARINDA,MAROON + RIB,MAROON + RIB 2XL,157180,18,0,0,41035,738630,738630
Agu-2026,TIGALAPANKAOS SAMARINDA,MAROON + RIB,MAROON + RIB 2XL,117885,11,0,0,41035,451385,738630
Sep-2026,TIGALAPANKAOS SAMARINDA,MAROON + RIB,MAROON + RIB 2XL,39295,10,0,0,41035,410350,451385
Okt-2026,TIGALAPANKAOS SAMARINDA,MAROON + RIB,MAROON + RIB 2XL,0,10,0,0,41035,410350,410350
Jan-2026,TIGALAPANKAOS SAMARINDA,MAROON + RIB,MAROON + RIB 3XL,46922,11,0,0,46390,510290,0
Feb-2026,TIGALAPANKAOS SAMARINDA,MAROON + RIB,MAROON + RIB 3XL,0,11,0,0,46390,510290,510290
Mar-2026,TIGALAPANKAOS SAMARINDA,MAROON + RIB,MAROON + RIB 3XL,0,11,0,0,46390,510290,510290
Apr-2026,TIGALAPANKAOS SAMARINDA,MAROON + RIB,MAROON + RIB 3XL,0,11,0,0,46390,510290,510290
Mei-2026,TIGALAPANKAOS SAMARINDA,MAROON + RIB,MAROON + RIB 3XL,0,11,0,0,46390,510290,510290
Jun-2026,TIGALAPANKAOS SAMARINDA,MAROON + RIB,MAROON + RIB 3XL,0,11,0,0,46390,510290,510290
Jul-2026,TIGALAPANKAOS SAMARINDA,MAROON + RIB,MAROON + RIB 3XL,0,11,0,0,46390,510290,510290
Agu-2026,TIGALAPANKAOS SAMARINDA,MAROON + RIB,MAROON + RIB 3XL,0,11,0,0,46390,510290,510290
Sep-2026,TIGALAPANKAOS SAMARINDA,MAROON + RIB,MAROON + RIB 3XL,0,16,0,0,46390,742240,510290
Okt-2026,TIGALAPANKAOS SAMARINDA,MAROON + RIB,MAROON + RIB 3XL,0,16,0,0,46390,742240,742240
Jan-2026,TIGALAPANKAOS SAMARINDA,MAROON + RIB,MAROON + RIB L,105438,21,0,0,35143,738003,0
Feb-2026,TIGALAPANKAOS SAMARINDA,MAROON + RIB,MAROON + RIB L,0,21,0,0,36130,758730,738003
Mar-2026,TIGALAPANKAOS SAMARINDA,MAROON + RIB,MAROON + RIB L,0,36,0,0,36130,1300680,758730
Apr-2026,TIGALAPANKAOS SAMARINDA,MAROON + RIB,MAROON + RIB L,106668,33,0,0,36130,1192290,1300680
Mei-2026,TIGALAPANKAOS SAMARINDA,MAROON + RIB,MAROON + RIB L,71112,31,0,0,36130,1120030,1192290
Jun-2026,TIGALAPANKAOS SAMARINDA,MAROON + RIB,MAROON + RIB L,35556,30,0,0,36130,1083900,1120030
Jul-2026,TIGALAPANKAOS SAMARINDA,MAROON + RIB,MAROON + RIB L,0,30,0,0,36130,1083900,1083900
Agu-2026,TIGALAPANKAOS SAMARINDA,MAROON + RIB,MAROON + RIB L,177780,25,0,0,36130,903250,1083900
Sep-2026,TIGALAPANKAOS SAMARINDA,MAROON + RIB,MAROON + RIB L,0,25,0,0,36130,903250,903250
Okt-2026,TIGALAPANKAOS SAMARINDA,MAROON + RIB,MAROON + RIB L,0,25,0,0,36130,903250,903250
Jan-2026,TIGALAPANKAOS SAMARINDA,MAROON + RIB,MAROON + RIB M,0,37,0,0,35662,1319494,0
Feb-2026,TIGALAPANKAOS SAMARINDA,MAROON + RIB,MAROON + RIB M,0,37,0,0,35662,1319494,1319494
Mar-2026,TIGALAPANKAOS SAMARINDA,MAROON + RIB,MAROON + RIB M,0,37,0,0,35662,1319494,1319494
Apr-2026,TIGALAPANKAOS SAMARINDA,MAROON + RIB,MAROON + RIB M,0,37,0,0,35662,1319494,1319494
Mei-2026,TIGALAPANKAOS SAMARINDA,MAROON + RIB,MAROON + RIB M,35564,36,0,0,35662,1283832,1319494
Jun-2026,TIGALAPANKAOS SAMARINDA,MAROON + RIB,MAROON + RIB M,35564,35,0,0,35662,1248170,1283832
Jul-2026,TIGALAPANKAOS SAMARINDA,MAROON + RIB,MAROON + RIB M,0,35,0,0,35662,1248170,1248170
Agu-2026,TIGALAPANKAOS SAMARINDA,MAROON + RIB,MAROON + RIB M,0,35,0,0,35662,1248170,1248170
Sep-2026,TIGALAPANKAOS SAMARINDA,MAROON + RIB,MAROON + RIB M,0,35,0,0,35662,1248170,1248170
Okt-2026,TIGALAPANKAOS SAMARINDA,MAROON + RIB,MAROON + RIB M,35564,34,0,0,35662,1212508,1248170
Jan-2026,TIGALAPANKAOS SAMARINDA,MAROON + RIB,MAROON + RIB S,0,27,0,0,35425,956475,0
Feb-2026,TIGALAPANKAOS SAMARINDA,MAROON + RIB,MAROON + RIB S,0,27,0,0,35425,956475,956475
Mar-2026,TIGALAPANKAOS SAMARINDA,MAROON + RIB,MAROON + RIB S,35735,26,0,0,35425,921050,956475
Apr-2026,TIGALAPANKAOS SAMARINDA,MAROON + RIB,MAROON + RIB S,0,26,0,0,35425,921050,921050
Mei-2026,TIGALAPANKAOS SAMARINDA,MAROON + RIB,MAROON + RIB S,0,26,0,0,35425,921050,921050
Jun-2026,TIGALAPANKAOS SAMARINDA,MAROON + RIB,MAROON + RIB S,0,26,0,0,35425,921050,921050
Jul-2026,TIGALAPANKAOS SAMARINDA,MAROON + RIB,MAROON + RIB S,0,26,0,0,35425,921050,921050
Agu-2026,TIGALAPANKAOS SAMARINDA,MAROON + RIB,MAROON + RIB S,35735,26,0,0,35425,921050,921050
Sep-2026,TIGALAPANKAOS SAMARINDA,MAROON + RIB,MAROON + RIB S,0,25,0,0,35425,885625,921050
Okt-2026,TIGALAPANKAOS SAMARINDA,MAROON + RIB,MAROON + RIB S,0,25,0,0,35425,885625,885625
Jan-2026,TIGALAPANKAOS SAMARINDA,MAROON + RIB,MAROON + RIB XL,136000,18,0,0,37999,683982,0
Feb-2026,TIGALAPANKAOS SAMARINDA,MAROON + RIB,MAROON + RIB XL,0,18,0,0,37999,683982,683982
Mar-2026,TIGALAPANKAOS SAMARINDA,MAROON + RIB,MAROON + RIB XL,0,33,0,0,37999,1253967,683982
Apr-2026,TIGALAPANKAOS SAMARINDA,MAROON + RIB,MAROON + RIB XL,35818,32,0,0,37999,1215968,1253967
Mei-2026,TIGALAPANKAOS SAMARINDA,MAROON + RIB,MAROON + RIB XL,0,32,0,0,37999,1215968,1215968
Jun-2026,TIGALAPANKAOS SAMARINDA,MAROON + RIB,MAROON + RIB XL,35818,31,0,0,37999,1177969,1215968
Jul-2026,TIGALAPANKAOS SAMARINDA,MAROON + RIB,MAROON + RIB XL,35818,31,0,0,37999,1177969,1177969
Agu-2026,TIGALAPANKAOS SAMARINDA,MAROON + RIB,MAROON + RIB XL,179090,25,0,0,37999,949975,1177969
Sep-2026,TIGALAPANKAOS SAMARINDA,MAROON + RIB,MAROON + RIB XL,0,25,0,0,37999,949975,949975
Okt-2026,TIGALAPANKAOS SAMARINDA,MAROON + RIB,MAROON + RIB XL,0,25,0,0,37999,949975,949975
Jan-2026,TIGALAPANKAOS SAMARINDA,MERAH + RIB,MERAH + RIB 2XL,0,19,0,0,36757,698383,0
Feb-2026,TIGALAPANKAOS SAMARINDA,MERAH + RIB,MERAH + RIB 2XL,0,19,0,0,36757,698383,698383
Mar-2026,TIGALAPANKAOS SAMARINDA,MERAH + RIB,MERAH + RIB 2XL,0,19,0,0,36757,698383,698383
Apr-2026,TIGALAPANKAOS SAMARINDA,MERAH + RIB,MERAH + RIB 2XL,0,19,0,0,36757,698383,698383
Mei-2026,TIGALAPANKAOS SAMARINDA,MERAH + RIB,MERAH + RIB 2XL,0,19,0,0,36757,698383,698383
Jun-2026,TIGALAPANKAOS SAMARINDA,MERAH + RIB,MERAH + RIB 2XL,0,19,0,0,36757,698383,698383
Jul-2026,TIGALAPANKAOS SAMARINDA,MERAH + RIB,MERAH + RIB 2XL,37492,19,0,0,36757,698383,698383
Agu-2026,TIGALAPANKAOS SAMARINDA,MERAH + RIB,MERAH + RIB 2XL,299936,11,10,0,36757,771897,698383
Sep-2026,TIGALAPANKAOS SAMARINDA,MERAH + RIB,MERAH + RIB 2XL,0,30,0,0,36757,1102710,771897
Okt-2026,TIGALAPANKAOS SAMARINDA,MERAH + RIB,MERAH + RIB 2XL,0,30,0,0,36757,1102710,1102710
Jan-2026,TIGALAPANKAOS SAMARINDA,MERAH + RIB,MERAH + RIB 3XL,0,24,0,0,45193,1084632,0
Feb-2026,TIGALAPANKAOS SAMARINDA,MERAH + RIB,MERAH + RIB 3XL,0,24,0,0,45193,1084632,1084632
Mar-2026,TIGALAPANKAOS SAMARINDA,MERAH + RIB,MERAH + RIB 3XL,0,24,0,0,45193,1084632,1084632
Apr-2026,TIGALAPANKAOS SAMARINDA,MERAH + RIB,MERAH + RIB 3XL,0,24,0,0,45193,1084632,1084632
Mei-2026,TIGALAPANKAOS SAMARINDA,MERAH + RIB,MERAH + RIB 3XL,0,24,0,0,45193,1084632,1084632
Jun-2026,TIGALAPANKAOS SAMARINDA,MERAH + RIB,MERAH + RIB 3XL,0,24,0,0,45193,1084632,1084632
Jul-2026,TIGALAPANKAOS SAMARINDA,MERAH + RIB,MERAH + RIB 3XL,0,29,5,0,45193,1536562,1084632
Agu-2026,TIGALAPANKAOS SAMARINDA,MERAH + RIB,MERAH + RIB 3XL,242135,34,0,0,45193,1536562,1536562
Sep-2026,TIGALAPANKAOS SAMARINDA,MERAH + RIB,MERAH + RIB 3XL,0,39,0,0,45193,1762527,1536562
Okt-2026,TIGALAPANKAOS SAMARINDA,MERAH + RIB,MERAH + RIB 3XL,0,39,0,0,45193,1762527,1762527
Jan-2026,TIGALAPANKAOS SAMARINDA,MERAH + RIB,MERAH + RIB L,0,25,0,0,35755,893875,0
Feb-2026,TIGALAPANKAOS SAMARINDA,MERAH + RIB,MERAH + RIB L,0,25,0,0,35755,893875,893875
Mar-2026,TIGALAPANKAOS SAMARINDA,MERAH + RIB,MERAH + RIB L,105978,22,0,0,35755,786610,893875
Apr-2026,TIGALAPANKAOS SAMARINDA,MERAH + RIB,MERAH + RIB L,176630,17,0,0,35755,607835,786610
Mei-2026,TIGALAPANKAOS SAMARINDA,MERAH + RIB,MERAH + RIB L,0,17,0,0,35755,607835,607835
Jun-2026,TIGALAPANKAOS SAMARINDA,MERAH + RIB,MERAH + RIB L,0,17,0,0,35755,607835,607835
Jul-2026,TIGALAPANKAOS SAMARINDA,MERAH + RIB,MERAH + RIB L,0,17,0,0,35755,607835,607835
Agu-2026,TIGALAPANKAOS SAMARINDA,MERAH + RIB,MERAH + RIB L,388586,6,30,0,35755,1287180,607835
Sep-2026,TIGALAPANKAOS SAMARINDA,MERAH + RIB,MERAH + RIB L,0,66,0,0,35755,2359830,1287180
Okt-2026,TIGALAPANKAOS SAMARINDA,MERAH + RIB,MERAH + RIB L,0,66,0,0,35755,2359830,2359830
Jan-2026,TIGALAPANKAOS SAMARINDA,MERAH + RIB,MERAH + RIB M,0,21,0,0,35755,750855,0
Feb-2026,TIGALAPANKAOS SAMARINDA,MERAH + RIB,MERAH + RIB M,0,21,0,0,35755,750855,750855
Mar-2026,TIGALAPANKAOS SAMARINDA,MERAH + RIB,MERAH + RIB M,71222,19,0,0,35755,679345,750855
Apr-2026,TIGALAPANKAOS SAMARINDA,MERAH + RIB,MERAH + RIB M,71222,17,0,0,35755,607835,679345
Mei-2026,TIGALAPANKAOS SAMARINDA,MERAH + RIB,MERAH + RIB M,0,17,0,0,35755,607835,607835
Jun-2026,TIGALAPANKAOS SAMARINDA,MERAH + RIB,MERAH + RIB M,0,17,0,0,35755,607835,607835
Jul-2026,TIGALAPANKAOS SAMARINDA,MERAH + RIB,MERAH + RIB M,35611,17,0,0,35755,607835,607835
Agu-2026,TIGALAPANKAOS SAMARINDA,MERAH + RIB,MERAH + RIB M,213666,10,15,0,35755,893875,607835
Sep-2026,TIGALAPANKAOS SAMARINDA,MERAH + RIB,MERAH + RIB M,0,40,0,0,35755,1430200,893875
Okt-2026,TIGALAPANKAOS SAMARINDA,MERAH + RIB,MERAH + RIB M,0,40,0,0,35755,1430200,1430200
Jan-2026,TIGALAPANKAOS SAMARINDA,MERAH + RIB,MERAH + RIB S,0,21,0,0,35972,755412,0
Feb-2026,TIGALAPANKAOS SAMARINDA,MERAH + RIB,MERAH + RIB S,0,21,0,0,35972,755412,755412
Mar-2026,TIGALAPANKAOS SAMARINDA,MERAH + RIB,MERAH + RIB S,0,21,0,0,35972,755412,755412
Apr-2026,TIGALAPANKAOS SAMARINDA,MERAH + RIB,MERAH + RIB S,71618,19,0,0,35972,683468,755412
Mei-2026,TIGALAPANKAOS SAMARINDA,MERAH + RIB,MERAH + RIB S,0,19,0,0,35972,683468,683468
Jun-2026,TIGALAPANKAOS SAMARINDA,MERAH + RIB,MERAH + RIB S,0,19,0,0,35972,683468,683468
Jul-2026,TIGALAPANKAOS SAMARINDA,MERAH + RIB,MERAH + RIB S,0,19,0,0,35972,683468,683468
Agu-2026,TIGALAPANKAOS SAMARINDA,MERAH + RIB,MERAH + RIB S,286472,11,0,0,35972,395692,683468
Sep-2026,TIGALAPANKAOS SAMARINDA,MERAH + RIB,MERAH + RIB S,0,11,0,0,35972,395692,395692
Okt-2026,TIGALAPANKAOS SAMARINDA,MERAH + RIB,MERAH + RIB S,0,11,0,0,35972,395692,395692
Jan-2026,TIGALAPANKAOS SAMARINDA,MERAH + RIB,MERAH + RIB XL,0,29,0,0,35755,1036895,0
Feb-2026,TIGALAPANKAOS SAMARINDA,MERAH + RIB,MERAH + RIB XL,0,29,0,0,35755,1036895,1036895
Mar-2026,TIGALAPANKAOS SAMARINDA,MERAH + RIB,MERAH + RIB XL,35285,28,0,0,35755,1001140,1036895
Apr-2026,TIGALAPANKAOS SAMARINDA,MERAH + RIB,MERAH + RIB XL,35285,27,0,0,35755,965385,1001140
Mei-2026,TIGALAPANKAOS SAMARINDA,MERAH + RIB,MERAH + RIB XL,0,27,0,0,35755,965385,965385
Jun-2026,TIGALAPANKAOS SAMARINDA,MERAH + RIB,MERAH + RIB XL,0,27,0,0,35755,965385,965385
Jul-2026,TIGALAPANKAOS SAMARINDA,MERAH + RIB,MERAH + RIB XL,35285,26,0,0,35755,929630,965385
Agu-2026,TIGALAPANKAOS SAMARINDA,MERAH + RIB,MERAH + RIB XL,529275,11,0,0,35755,393305,929630
Sep-2026,TIGALAPANKAOS SAMARINDA,MERAH + RIB,MERAH + RIB XL,0,26,0,0,35755,929630,393305
Okt-2026,TIGALAPANKAOS SAMARINDA,MERAH + RIB,MERAH + RIB XL,0,26,15,0,35755,1465955,929630
Jan-2026,TIGALAPANKAOS SAMARINDA,NAVY + RIB,NAVY + RIB 2XL,0,21,0,0,34393,722253,0
Feb-2026,TIGALAPANKAOS SAMARINDA,NAVY + RIB,NAVY + RIB 2XL,0,21,0,0,34393,722253,722253
Mar-2026,TIGALAPANKAOS SAMARINDA,NAVY + RIB,NAVY + RIB 2XL,0,21,0,0,34393,722253,722253
Apr-2026,TIGALAPANKAOS SAMARINDA,NAVY + RIB,NAVY + RIB 2XL,73748,19,0,0,34393,653467,722253
Mei-2026,TIGALAPANKAOS SAMARINDA,NAVY + RIB,NAVY + RIB 2XL,0,19,0,0,34393,653467,653467
Jun-2026,TIGALAPANKAOS SAMARINDA,NAVY + RIB,NAVY + RIB 2XL,0,19,0,0,34393,653467,653467
Jul-2026,TIGALAPANKAOS SAMARINDA,NAVY + RIB,NAVY + RIB 2XL,0,19,0,0,34393,653467,653467
Agu-2026,TIGALAPANKAOS SAMARINDA,NAVY + RIB,NAVY + RIB 2XL,36874,18,0,0,34393,619074,653467
Sep-2026,TIGALAPANKAOS SAMARINDA,NAVY + RIB,NAVY + RIB 2XL,0,18,0,0,34393,619074,619074
Okt-2026,TIGALAPANKAOS SAMARINDA,NAVY + RIB,NAVY + RIB 2XL,0,18,10,0,34393,963004,619074
Jan-2026,TIGALAPANKAOS SAMARINDA,NAVY + RIB,NAVY + RIB 3XL,0,40,0,0,44433,1777320,0
Feb-2026,TIGALAPANKAOS SAMARINDA,NAVY + RIB,NAVY + RIB 3XL,0,40,0,0,44433,1777320,1777320
Mar-2026,TIGALAPANKAOS SAMARINDA,NAVY + RIB,NAVY + RIB 3XL,0,40,0,0,44433,1777320,1777320
Apr-2026,TIGALAPANKAOS SAMARINDA,NAVY + RIB,NAVY + RIB 3XL,45215,39,0,0,44433,1732887,1777320
Mei-2026,TIGALAPANKAOS SAMARINDA,NAVY + RIB,NAVY + RIB 3XL,0,39,0,0,44433,1732887,1732887
Jun-2026,TIGALAPANKAOS SAMARINDA,NAVY + RIB,NAVY + RIB 3XL,0,39,0,0,44433,1732887,1732887
Jul-2026,TIGALAPANKAOS SAMARINDA,NAVY + RIB,NAVY + RIB 3XL,0,39,0,0,44433,1732887,1732887
Agu-2026,TIGALAPANKAOS SAMARINDA,NAVY + RIB,NAVY + RIB 3XL,0,39,0,0,44433,1732887,1732887
Sep-2026,TIGALAPANKAOS SAMARINDA,NAVY + RIB,NAVY + RIB 3XL,0,39,0,0,44433,1732887,1732887
Okt-2026,TIGALAPANKAOS SAMARINDA,NAVY + RIB,NAVY + RIB 3XL,0,39,0,0,44433,1732887,1732887
Jan-2026,TIGALAPANKAOS SAMARINDA,NAVY + RIB,NAVY + RIB L,0,35,0,0,35115,1229025,0
Feb-2026,TIGALAPANKAOS SAMARINDA,NAVY + RIB,NAVY + RIB L,0,35,0,0,35115,1229025,1229025
Mar-2026,TIGALAPANKAOS SAMARINDA,NAVY + RIB,NAVY + RIB L,0,35,0,0,35115,1229025,1229025
Apr-2026,TIGALAPANKAOS SAMARINDA,NAVY + RIB,NAVY + RIB L,685368,16,0,0,35115,561840,1229025
Mei-2026,TIGALAPANKAOS SAMARINDA,NAVY + RIB,NAVY + RIB L,36072,15,0,0,35115,526725,561840
Jun-2026,TIGALAPANKAOS SAMARINDA,NAVY + RIB,NAVY + RIB L,358904,20,15,0,35115,1229025,526725
Jul-2026,TIGALAPANKAOS SAMARINDA,NAVY + RIB,NAVY + RIB L,322496,27,0,0,35115,948105,1229025
Agu-2026,TIGALAPANKAOS SAMARINDA,NAVY + RIB,NAVY + RIB L,35736,25,0,0,35115,877875,948105
Sep-2026,TIGALAPANKAOS SAMARINDA,NAVY + RIB,NAVY + RIB L,0,25,0,0,35115,877875,877875
Okt-2026,TIGALAPANKAOS SAMARINDA,NAVY + RIB,NAVY + RIB L,107208,22,15,0,35115,1299255,877875
Jan-2026,TIGALAPANKAOS SAMARINDA,NAVY + RIB,NAVY + RIB M,0,24,0,0,35191,844584,0
Feb-2026,TIGALAPANKAOS SAMARINDA,NAVY + RIB,NAVY + RIB M,36443,23,0,0,32964,758172,844584
Mar-2026,TIGALAPANKAOS SAMARINDA,NAVY + RIB,NAVY + RIB M,0,23,0,0,32964,758172,758172
Apr-2026,TIGALAPANKAOS SAMARINDA,NAVY + RIB,NAVY + RIB M,145772,19,0,0,32964,626316,758172
Mei-2026,TIGALAPANKAOS SAMARINDA,NAVY + RIB,NAVY + RIB M,36443,18,0,0,32964,593352,626316
Jun-2026,TIGALAPANKAOS SAMARINDA,NAVY + RIB,NAVY + RIB M,355148,23,15,0,32964,1252632,593352
Jul-2026,TIGALAPANKAOS SAMARINDA,NAVY + RIB,NAVY + RIB M,35117,52,0,0,32964,1714128,1252632
Agu-2026,TIGALAPANKAOS SAMARINDA,NAVY + RIB,NAVY + RIB M,34351,51,0,0,32964,1681164,1714128
Sep-2026,TIGALAPANKAOS SAMARINDA,NAVY + RIB,NAVY + RIB M,0,51,0,0,32964,1681164,1681164
Okt-2026,TIGALAPANKAOS SAMARINDA,NAVY + RIB,NAVY + RIB M,206106,45,0,0,32964,1483380,1681164
Jan-2026,TIGALAPANKAOS SAMARINDA,NAVY + RIB,NAVY + RIB S,0,26,0,0,34613,899938,0
Feb-2026,TIGALAPANKAOS SAMARINDA,NAVY + RIB,NAVY + RIB S,0,26,0,0,34613,899938,899938
Mar-2026,TIGALAPANKAOS SAMARINDA,NAVY + RIB,NAVY + RIB S,0,26,0,0,34613,899938,899938
Apr-2026,TIGALAPANKAOS SAMARINDA,NAVY + RIB,NAVY + RIB S,0,26,0,0,34613,899938,899938
Mei-2026,TIGALAPANKAOS SAMARINDA,NAVY + RIB,NAVY + RIB S,0,26,0,0,34613,899938,899938
Jun-2026,TIGALAPANKAOS SAMARINDA,NAVY + RIB,NAVY + RIB S,35509,25,0,0,34613,865325,899938
Jul-2026,TIGALAPANKAOS SAMARINDA,NAVY + RIB,NAVY + RIB S,0,25,0,0,34613,865325,865325
Agu-2026,TIGALAPANKAOS SAMARINDA,NAVY + RIB,NAVY + RIB S,35509,25,0,0,34613,865325,865325
Sep-2026,TIGALAPANKAOS SAMARINDA,NAVY + RIB,NAVY + RIB S,0,24,0,0,34613,830712,865325
Okt-2026,TIGALAPANKAOS SAMARINDA,NAVY + RIB,NAVY + RIB S,177545,19,10,0,34613,1003777,830712
Jan-2026,TIGALAPANKAOS SAMARINDA,NAVY + RIB,NAVY + RIB XL,0,26,0,0,35116,913016,0
Feb-2026,TIGALAPANKAOS SAMARINDA,NAVY + RIB,NAVY + RIB XL,0,26,0,0,35116,913016,913016
Mar-2026,TIGALAPANKAOS SAMARINDA,NAVY + RIB,NAVY + RIB XL,39165,25,0,0,35116,877900,913016
Apr-2026,TIGALAPANKAOS SAMARINDA,NAVY + RIB,NAVY + RIB XL,352485,16,0,0,35116,561856,877900
Mei-2026,TIGALAPANKAOS SAMARINDA,NAVY + RIB,NAVY + RIB XL,0,16,0,0,35116,561856,561856
Jun-2026,TIGALAPANKAOS SAMARINDA,NAVY + RIB,NAVY + RIB XL,422705,20,15,0,35116,1229060,561856
Jul-2026,TIGALAPANKAOS SAMARINDA,NAVY + RIB,NAVY + RIB XL,570298,22,0,0,35116,772552,1229060
Agu-2026,TIGALAPANKAOS SAMARINDA,NAVY + RIB,NAVY + RIB XL,75604,33,0,0,35116,1158828,772552
Sep-2026,TIGALAPANKAOS SAMARINDA,NAVY + RIB,NAVY + RIB XL,0,33,0,0,35116,1158828,1158828
Okt-2026,TIGALAPANKAOS SAMARINDA,NAVY + RIB,NAVY + RIB XL,75604,31,0,0,35116,1088596,1158828
Jan-2026,TIGALAPANKAOS SAMARINDA,PUTIH + RIB,PUTIH + RIB 2XL,0,24,0,0,35692,856608,0
Feb-2026,TIGALAPANKAOS SAMARINDA,PUTIH + RIB,PUTIH + RIB 2XL,0,24,0,0,35692,856608,856608
Mar-2026,TIGALAPANKAOS SAMARINDA,PUTIH + RIB,PUTIH + RIB 2XL,0,24,0,0,35692,856608,856608
Apr-2026,TIGALAPANKAOS SAMARINDA,PUTIH + RIB,PUTIH + RIB 2XL,35313,23,0,0,35692,820916,856608
Mei-2026,TIGALAPANKAOS SAMARINDA,PUTIH + RIB,PUTIH + RIB 2XL,105939,20,0,0,35692,713840,820916
Jun-2026,TIGALAPANKAOS SAMARINDA,PUTIH + RIB,PUTIH + RIB 2XL,105939,17,0,0,35692,606764,713840
Jul-2026,TIGALAPANKAOS SAMARINDA,PUTIH + RIB,PUTIH + RIB 2XL,35313,15,0,0,35692,535380,606764
Agu-2026,TIGALAPANKAOS SAMARINDA,PUTIH + RIB,PUTIH + RIB 2XL,70626,15,0,0,35692,535380,535380
Sep-2026,TIGALAPANKAOS SAMARINDA,PUTIH + RIB,PUTIH + RIB 2XL,0,13,0,0,35692,463996,535380
Okt-2026,TIGALAPANKAOS SAMARINDA,PUTIH + RIB,PUTIH + RIB 2XL,0,13,0,0,35692,463996,463996
Jan-2026,TIGALAPANKAOS SAMARINDA,PUTIH + RIB,PUTIH + RIB 3XL,0,13,0,0,40627,528151,0
Feb-2026,TIGALAPANKAOS SAMARINDA,PUTIH + RIB,PUTIH + RIB 3XL,0,13,10,0,40627,934421,528151
Mar-2026,TIGALAPANKAOS SAMARINDA,PUTIH + RIB,PUTIH + RIB 3XL,0,23,0,0,40627,934421,934421
Apr-2026,TIGALAPANKAOS SAMARINDA,PUTIH + RIB,PUTIH + RIB 3XL,0,23,0,0,40627,934421,934421
Mei-2026,TIGALAPANKAOS SAMARINDA,PUTIH + RIB,PUTIH + RIB 3XL,0,23,0,0,40627,934421,934421
Jun-2026,TIGALAPANKAOS SAMARINDA,PUTIH + RIB,PUTIH + RIB 3XL,0,23,0,0,40627,934421,934421
Jul-2026,TIGALAPANKAOS SAMARINDA,PUTIH + RIB,PUTIH + RIB 3XL,0,23,0,0,40627,934421,934421
Agu-2026,TIGALAPANKAOS SAMARINDA,PUTIH + RIB,PUTIH + RIB 3XL,40791,22,0,0,40627,893794,934421
Sep-2026,TIGALAPANKAOS SAMARINDA,PUTIH + RIB,PUTIH + RIB 3XL,0,22,0,0,40627,893794,893794
Okt-2026,TIGALAPANKAOS SAMARINDA,PUTIH + RIB,PUTIH + RIB 3XL,0,22,0,0,40627,893794,893794
Jan-2026,TIGALAPANKAOS SAMARINDA,PUTIH + RIB,PUTIH + RIB L,0,21,0,0,32169,675549,0
Feb-2026,TIGALAPANKAOS SAMARINDA,PUTIH + RIB,PUTIH + RIB L,0,21,0,0,32141,674961,675549
Mar-2026,TIGALAPANKAOS SAMARINDA,PUTIH + RIB,PUTIH + RIB L,0,21,0,0,32259,677439,674961
Apr-2026,TIGALAPANKAOS SAMARINDA,PUTIH + RIB,PUTIH + RIB L,0,21,0,0,32259,677439,677439
Mei-2026,TIGALAPANKAOS SAMARINDA,PUTIH + RIB,PUTIH + RIB L,259976,13,0,0,32259,419367,677439
Jun-2026,TIGALAPANKAOS SAMARINDA,PUTIH + RIB,PUTIH + RIB L,0,13,0,0,32259,419367,419367
Jul-2026,TIGALAPANKAOS SAMARINDA,PUTIH + RIB,PUTIH + RIB L,194982,10,0,0,32259,322590,419367
Agu-2026,TIGALAPANKAOS SAMARINDA,PUTIH + RIB,PUTIH + RIB L,33428,51,0,0,32259,1645209,322590
Sep-2026,TIGALAPANKAOS SAMARINDA,PUTIH + RIB,PUTIH + RIB L,0,51,0,0,32259,1645209,1645209
Okt-2026,TIGALAPANKAOS SAMARINDA,PUTIH + RIB,PUTIH + RIB L,0,51,0,0,32259,1645209,1645209
Jan-2026,TIGALAPANKAOS SAMARINDA,PUTIH + RIB,PUTIH + RIB M,0,20,0,0,32474,649480,0
Feb-2026,TIGALAPANKAOS SAMARINDA,PUTIH + RIB,PUTIH + RIB M,0,20,0,0,32327,646540,649480
Mar-2026,TIGALAPANKAOS SAMARINDA,PUTIH + RIB,PUTIH + RIB M,65880,18,0,0,32327,581886,646540
Apr-2026,TIGALAPANKAOS SAMARINDA,PUTIH + RIB,PUTIH + RIB M,0,18,0,0,32327,581886,581886
Mei-2026,TIGALAPANKAOS SAMARINDA,PUTIH + RIB,PUTIH + RIB M,98820,15,0,0,32327,484905,581886
Jun-2026,TIGALAPANKAOS SAMARINDA,PUTIH + RIB,PUTIH + RIB M,164700,10,0,0,32327,323270,484905
Jul-2026,TIGALAPANKAOS SAMARINDA,PUTIH + RIB,PUTIH + RIB M,131760,10,0,0,32327,323270,323270
Agu-2026,TIGALAPANKAOS SAMARINDA,PUTIH + RIB,PUTIH + RIB M,33451,21,0,0,32327,678867,323270
Sep-2026,TIGALAPANKAOS SAMARINDA,PUTIH + RIB,PUTIH + RIB M,0,20,0,0,32327,646540,678867
Okt-2026,TIGALAPANKAOS SAMARINDA,PUTIH + RIB,PUTIH + RIB M,0,20,0,0,32327,646540,646540
Jan-2026,TIGALAPANKAOS SAMARINDA,PUTIH + RIB,PUTIH + RIB S,0,27,0,0,32719,883413,0
Feb-2026,TIGALAPANKAOS SAMARINDA,PUTIH + RIB,PUTIH + RIB S,0,27,0,0,32719,883413,883413
Mar-2026,TIGALAPANKAOS SAMARINDA,PUTIH + RIB,PUTIH + RIB S,0,27,0,0,32719,883413,883413
Apr-2026,TIGALAPANKAOS SAMARINDA,PUTIH + RIB,PUTIH + RIB S,0,27,0,0,32719,883413,883413
Mei-2026,TIGALAPANKAOS SAMARINDA,PUTIH + RIB,PUTIH + RIB S,33641,26,0,0,32719,850694,883413
Jun-2026,TIGALAPANKAOS SAMARINDA,PUTIH + RIB,PUTIH + RIB S,0,26,0,0,32719,850694,850694
Jul-2026,TIGALAPANKAOS SAMARINDA,PUTIH + RIB,PUTIH + RIB S,0,26,0,0,32719,850694,850694
Agu-2026,TIGALAPANKAOS SAMARINDA,PUTIH + RIB,PUTIH + RIB S,67282,25,0,0,32719,817975,850694
Sep-2026,TIGALAPANKAOS SAMARINDA,PUTIH + RIB,PUTIH + RIB S,34131,33,0,0,32719,1079727,817975
Okt-2026,TIGALAPANKAOS SAMARINDA,PUTIH + RIB,PUTIH + RIB S,68262,32,0,0,32719,1047008,1079727
Jan-2026,TIGALAPANKAOS SAMARINDA,PUTIH + RIB,PUTIH + RIB XL,0,28,0,0,32650,914200,0
Feb-2026,TIGALAPANKAOS SAMARINDA,PUTIH + RIB,PUTIH + RIB XL,0,28,0,0,32397,907116,914200
Mar-2026,TIGALAPANKAOS SAMARINDA,PUTIH + RIB,PUTIH + RIB XL,0,28,0,0,32397,907116,907116
Apr-2026,TIGALAPANKAOS SAMARINDA,PUTIH + RIB,PUTIH + RIB XL,0,28,0,0,32397,907116,907116
Mei-2026,TIGALAPANKAOS SAMARINDA,PUTIH + RIB,PUTIH + RIB XL,166930,23,0,0,32397,745131,907116
Jun-2026,TIGALAPANKAOS SAMARINDA,PUTIH + RIB,PUTIH + RIB XL,33386,22,0,0,32397,712734,745131
Jul-2026,TIGALAPANKAOS SAMARINDA,PUTIH + RIB,PUTIH + RIB XL,166930,20,0,0,32397,647940,712734
Agu-2026,TIGALAPANKAOS SAMARINDA,PUTIH + RIB,PUTIH + RIB XL,100158,16,0,0,32397,518352,647940
Sep-2026,TIGALAPANKAOS SAMARINDA,PUTIH + RIB,PUTIH + RIB XL,66772,12,0,0,32397,388764,518352
Okt-2026,TIGALAPANKAOS SAMARINDA,PUTIH + RIB,PUTIH + RIB XL,0,12,0,0,32397,388764,388764
Sep-2026,TIGALAPANKAOS TORAJA,ABU TUA + RIB,ABU TUA + RIB 2XL,0,6,0,0,38070,228420,0
Okt-2026,TIGALAPANKAOS TORAJA,ABU TUA + RIB,ABU TUA + RIB 2XL,0,6,0,0,38070,228420,228420
Agu-2026,TIGALAPANKAOS TORAJA,ABU TUA + RIB,ABU TUA + RIB 3XL,0,5,0,0,47562,237810,0
Sep-2026,TIGALAPANKAOS TORAJA,ABU TUA + RIB,ABU TUA + RIB 3XL,0,5,0,0,47562,237810,237810
Okt-2026,TIGALAPANKAOS TORAJA,ABU TUA + RIB,ABU TUA + RIB 3XL,0,5,0,0,47562,237810,237810
Agu-2026,TIGALAPANKAOS TORAJA,ABU TUA + RIB,ABU TUA + RIB L,0,15,0,0,35180,527700,0
Sep-2026,TIGALAPANKAOS TORAJA,ABU TUA + RIB,ABU TUA + RIB L,0,15,0,0,35180,527700,527700
Okt-2026,TIGALAPANKAOS TORAJA,ABU TUA + RIB,ABU TUA + RIB L,0,15,0,0,35180,527700,527700
Sep-2026,TIGALAPANKAOS TORAJA,ABU TUA + RIB,ABU TUA + RIB M,35518,11,0,0,35432,389752,0
Okt-2026,TIGALAPANKAOS TORAJA,ABU TUA + RIB,ABU TUA + RIB M,0,10,0,0,35432,354320,389752
Okt-2026,TIGALAPANKAOS TORAJA,ABU TUA + RIB,ABU TUA + RIB S,0,10,0,0,35135,351350,0
Agu-2026,TIGALAPANKAOS TORAJA,ABU TUA + RIB,ABU TUA + RIB XL,0,15,0,0,35890,538350,0
Sep-2026,TIGALAPANKAOS TORAJA,ABU TUA + RIB,ABU TUA + RIB XL,0,15,0,0,35890,538350,538350
Okt-2026,TIGALAPANKAOS TORAJA,ABU TUA + RIB,ABU TUA + RIB XL,41795,14,0,0,35890,502460,538350
Okt-2026,TIGALAPANKAOS TORAJA,BENHUR + RIB,BENHUR + RIB 2XL,0,10,0,0,36563,365630,0
Okt-2026,TIGALAPANKAOS TORAJA,BENHUR + RIB,BENHUR + RIB 3XL,0,5,0,0,45841,229205,0
Agu-2026,TIGALAPANKAOS TORAJA,BENHUR + RIB,BENHUR + RIB L,953376,15,0,0,36209,543135,0
Sep-2026,TIGALAPANKAOS TORAJA,BENHUR + RIB,BENHUR + RIB L,39724,20,0,0,36209,724180,543135
Okt-2026,TIGALAPANKAOS TORAJA,BENHUR + RIB,BENHUR + RIB L,0,20,0,0,36209,724180,724180
Agu-2026,TIGALAPANKAOS TORAJA,BENHUR + RIB,BENHUR + RIB M,0,15,0,0,35986,539790,0
Sep-2026,TIGALAPANKAOS TORAJA,BENHUR + RIB,BENHUR + RIB M,119073,12,0,0,35986,431832,539790
Okt-2026,TIGALAPANKAOS TORAJA,BENHUR + RIB,BENHUR + RIB M,0,12,0,0,35986,431832,431832
Okt-2026,TIGALAPANKAOS TORAJA,BENHUR + RIB,BENHUR + RIB S,0,10,0,0,36137,361370,0
Agu-2026,TIGALAPANKAOS TORAJA,BENHUR + RIB,BENHUR + RIB XL,0,15,0,0,35965,539475,0
Sep-2026,TIGALAPANKAOS TORAJA,BENHUR + RIB,BENHUR + RIB XL,170044,11,0,0,35965,395615,539475
Okt-2026,TIGALAPANKAOS TORAJA,BENHUR + RIB,BENHUR + RIB XL,42511,10,0,0,35965,359650,395615
Jun-2026,TIGALAPANKAOS TORAJA,HITAM + RIB,HITAM + RIB 2XL,0,20,0,0,40111,802220,0
Jul-2026,TIGALAPANKAOS TORAJA,HITAM + RIB,HITAM + RIB 2XL,37579,20,0,0,40111,802220,802220
Agu-2026,TIGALAPANKAOS TORAJA,HITAM + RIB,HITAM + RIB 2XL,0,19,0,0,40111,762109,802220
Sep-2026,TIGALAPANKAOS TORAJA,HITAM + RIB,HITAM + RIB 2XL,0,19,0,0,40111,762109,762109
Okt-2026,TIGALAPANKAOS TORAJA,HITAM + RIB,HITAM + RIB 2XL,37579,18,0,0,40111,721998,762109
Agu-2026,TIGALAPANKAOS TORAJA,HITAM + RIB,HITAM + RIB 3XL,0,5,0,0,45968,229840,0
Sep-2026,TIGALAPANKAOS TORAJA,HITAM + RIB,HITAM + RIB 3XL,0,5,0,0,45968,229840,229840
Okt-2026,TIGALAPANKAOS TORAJA,HITAM + RIB,HITAM + RIB 3XL,100682,3,0,0,45968,137904,229840
Jun-2026,TIGALAPANKAOS TORAJA,HITAM + RIB,HITAM + RIB L,0,60,0,0,35046,2102760,0
Jul-2026,TIGALAPANKAOS TORAJA,HITAM + RIB,HITAM + RIB L,351888,57,15,0,35046,2523312,2102760
Agu-2026,TIGALAPANKAOS TORAJA,HITAM + RIB,HITAM + RIB L,917332,41,0,0,35046,1436886,2523312
Sep-2026,TIGALAPANKAOS TORAJA,HITAM + RIB,HITAM + RIB L,70564,38,0,0,35046,1331748,1436886
Okt-2026,TIGALAPANKAOS TORAJA,HITAM + RIB,HITAM + RIB L,282256,29,0,0,35046,1016334,1331748
Jun-2026,TIGALAPANKAOS TORAJA,HITAM + RIB,HITAM + RIB M,0,15,0,0,35089,526335,0
Jul-2026,TIGALAPANKAOS TORAJA,HITAM + RIB,HITAM + RIB M,176759,13,30,0,35089,1508827,526335
Agu-2026,TIGALAPANKAOS TORAJA,HITAM + RIB,HITAM + RIB M,1022196,16,0,0,35089,561424,1508827
Sep-2026,TIGALAPANKAOS TORAJA,HITAM + RIB,HITAM + RIB M,73014,10,0,0,35089,350890,561424
Okt-2026,TIGALAPANKAOS TORAJA,HITAM + RIB,HITAM + RIB M,219042,4,15,0,35089,666691,350890
Jun-2026,TIGALAPANKAOS TORAJA,HITAM + RIB,HITAM + RIB S,0,20,0,0,35285,705700,0
Jul-2026,TIGALAPANKAOS TORAJA,HITAM + RIB,HITAM + RIB S,0,20,0,0,35285,705700,705700
Agu-2026,TIGALAPANKAOS TORAJA,HITAM + RIB,HITAM + RIB S,0,20,0,0,35285,705700,705700
Sep-2026,TIGALAPANKAOS TORAJA,HITAM + RIB,HITAM + RIB S,0,20,0,0,35285,705700,705700
Okt-2026,TIGALAPANKAOS TORAJA,HITAM + RIB,HITAM + RIB S,177740,15,0,0,35285,529275,705700
Jun-2026,TIGALAPANKAOS TORAJA,HITAM + RIB,HITAM + RIB XL,0,15,0,0,35999,539985,0
Jul-2026,TIGALAPANKAOS TORAJA,HITAM + RIB,HITAM + RIB XL,177608,13,30,0,35999,1547957,539985
Agu-2026,TIGALAPANKAOS TORAJA,HITAM + RIB,HITAM + RIB XL,466999,28,0,0,35999,1007972,1547957
Sep-2026,TIGALAPANKAOS TORAJA,HITAM + RIB,HITAM + RIB XL,71846,25,0,0,35999,899975,1007972
Okt-2026,TIGALAPANKAOS TORAJA,HITAM + RIB,HITAM + RIB XL,574768,9,0,0,35999,323991,899975
Jul-2026,TIGALAPANKAOS TORAJA,MAROON + RIB,MAROON + RIB 2XL,0,15,0,0,41035,615525,0
Agu-2026,TIGALAPANKAOS TORAJA,MAROON + RIB,MAROON + RIB 2XL,0,15,0,0,41035,615525,615525
Sep-2026,TIGALAPANKAOS TORAJA,MAROON + RIB,MAROON + RIB 2XL,0,15,0,0,41035,615525,615525
Okt-2026,TIGALAPANKAOS TORAJA,MAROON + RIB,MAROON + RIB 2XL,0,15,0,0,41035,615525,615525
Agu-2026,TIGALAPANKAOS TORAJA,MAROON + RIB,MAROON + RIB 3XL,0,5,0,0,46390,231950,0
Sep-2026,TIGALAPANKAOS TORAJA,MAROON + RIB,MAROON + RIB 3XL,0,5,0,0,46390,231950,231950
Okt-2026,TIGALAPANKAOS TORAJA,MAROON + RIB,MAROON + RIB 3XL,0,5,0,0,46390,231950,231950
Jul-2026,TIGALAPANKAOS TORAJA,MAROON + RIB,MAROON + RIB L,34747,15,0,0,36130,541950,0
Agu-2026,TIGALAPANKAOS TORAJA,MAROON + RIB,MAROON + RIB L,34747,14,0,0,36130,505820,541950
Sep-2026,TIGALAPANKAOS TORAJA,MAROON + RIB,MAROON + RIB L,69494,11,0,0,36130,397430,505820
Okt-2026,TIGALAPANKAOS TORAJA,MAROON + RIB,MAROON + RIB L,0,11,0,0,36130,397430,397430
Jul-2026,TIGALAPANKAOS TORAJA,MAROON + RIB,MAROON + RIB M,0,15,0,0,35662,534930,0
Agu-2026,TIGALAPANKAOS TORAJA,MAROON + RIB,MAROON + RIB M,70426,15,0,0,35662,534930,534930
Sep-2026,TIGALAPANKAOS TORAJA,MAROON + RIB,MAROON + RIB M,0,13,0,0,35662,463606,534930
Okt-2026,TIGALAPANKAOS TORAJA,MAROON + RIB,MAROON + RIB M,0,13,0,0,35662,463606,463606
Jul-2026,TIGALAPANKAOS TORAJA,MAROON + RIB,MAROON + RIB S,0,15,0,0,35425,531375,0
Agu-2026,TIGALAPANKAOS TORAJA,MAROON + RIB,MAROON + RIB S,0,15,0,0,35425,531375,531375
Sep-2026,TIGALAPANKAOS TORAJA,MAROON + RIB,MAROON + RIB S,0,15,0,0,35425,531375,531375
Okt-2026,TIGALAPANKAOS TORAJA,MAROON + RIB,MAROON + RIB S,0,15,0,0,35425,531375,531375
Jul-2026,TIGALAPANKAOS TORAJA,MAROON + RIB,MAROON + RIB XL,0,15,0,0,37999,569985,0
Agu-2026,TIGALAPANKAOS TORAJA,MAROON + RIB,MAROON + RIB XL,106635,15,0,0,37999,569985,569985
Sep-2026,TIGALAPANKAOS TORAJA,MAROON + RIB,MAROON + RIB XL,0,12,0,0,37999,455988,569985
Okt-2026,TIGALAPANKAOS TORAJA,MAROON + RIB,MAROON + RIB XL,0,12,0,0,37999,455988,455988
Jul-2026,TIGALAPANKAOS TORAJA,MERAH + RIB,MERAH + RIB 2XL,0,18,0,0,36757,661626,0
Agu-2026,TIGALAPANKAOS TORAJA,MERAH + RIB,MERAH + RIB 2XL,78008,16,0,0,36757,588112,661626
Sep-2026,TIGALAPANKAOS TORAJA,MERAH + RIB,MERAH + RIB 2XL,0,16,0,0,36757,588112,588112
Okt-2026,TIGALAPANKAOS TORAJA,MERAH + RIB,MERAH + RIB 2XL,0,16,0,0,36757,588112,588112
Agu-2026,TIGALAPANKAOS TORAJA,MERAH + RIB,MERAH + RIB 3XL,0,4,0,0,45193,180772,0
Sep-2026,TIGALAPANKAOS TORAJA,MERAH + RIB,MERAH + RIB 3XL,0,4,0,0,45193,180772,180772
Okt-2026,TIGALAPANKAOS TORAJA,MERAH + RIB,MERAH + RIB 3XL,0,4,0,0,45193,180772,180772
Jul-2026,TIGALAPANKAOS TORAJA,MERAH + RIB,MERAH + RIB L,36634,15,0,0,35755,536325,0
Agu-2026,TIGALAPANKAOS TORAJA,MERAH + RIB,MERAH + RIB L,329706,5,0,0,35755,178775,536325
Sep-2026,TIGALAPANKAOS TORAJA,MERAH + RIB,MERAH + RIB L,36634,4,0,0,35755,143020,178775
Okt-2026,TIGALAPANKAOS TORAJA,MERAH + RIB,MERAH + RIB L,0,4,15,0,35755,679345,143020
Jul-2026,TIGALAPANKAOS TORAJA,MERAH + RIB,MERAH + RIB M,109134,14,0,0,35755,500570,0
Agu-2026,TIGALAPANKAOS TORAJA,MERAH + RIB,MERAH + RIB M,72756,10,0,0,35755,357550,500570
Sep-2026,TIGALAPANKAOS TORAJA,MERAH + RIB,MERAH + RIB M,36378,9,0,0,35755,321795,357550
Okt-2026,TIGALAPANKAOS TORAJA,MERAH + RIB,MERAH + RIB M,0,9,15,0,35755,858120,321795
Jul-2026,TIGALAPANKAOS TORAJA,MERAH + RIB,MERAH + RIB S,0,20,0,0,35972,719440,0
Agu-2026,TIGALAPANKAOS TORAJA,MERAH + RIB,MERAH + RIB S,0,20,0,0,35972,719440,719440
Sep-2026,TIGALAPANKAOS TORAJA,MERAH + RIB,MERAH + RIB S,0,20,0,0,35972,719440,719440
Okt-2026,TIGALAPANKAOS TORAJA,MERAH + RIB,MERAH + RIB S,0,20,0,0,35972,719440,719440
Jul-2026,TIGALAPANKAOS TORAJA,MERAH + RIB,MERAH + RIB XL,0,15,0,0,35755,536325,0
Agu-2026,TIGALAPANKAOS TORAJA,MERAH + RIB,MERAH + RIB XL,0,15,0,0,35755,536325,536325
Sep-2026,TIGALAPANKAOS TORAJA,MERAH + RIB,MERAH + RIB XL,36541,14,0,0,35755,500570,536325
Okt-2026,TIGALAPANKAOS TORAJA,MERAH + RIB,MERAH + RIB XL,0,14,0,0,35755,500570,500570
Agu-2026,TIGALAPANKAOS TORAJA,NAVY + RIB,NAVY + RIB 2XL,0,10,0,0,34393,343930,0
Sep-2026,TIGALAPANKAOS TORAJA,NAVY + RIB,NAVY + RIB 2XL,0,10,0,0,34393,343930,343930
Okt-2026,TIGALAPANKAOS TORAJA,NAVY + RIB,NAVY + RIB 2XL,0,10,0,0,34393,343930,343930
Okt-2026,TIGALAPANKAOS TORAJA,NAVY + RIB,NAVY + RIB 3XL,0,5,0,0,44433,222165,0
Jul-2026,TIGALAPANKAOS TORAJA,NAVY + RIB,NAVY + RIB L,0,15,0,0,35115,526725,0
Agu-2026,TIGALAPANKAOS TORAJA,NAVY + RIB,NAVY + RIB L,71296,13,0,0,35115,456495,526725
Sep-2026,TIGALAPANKAOS TORAJA,NAVY + RIB,NAVY + RIB L,0,13,0,0,35115,456495,456495
Okt-2026,TIGALAPANKAOS TORAJA,NAVY + RIB,NAVY + RIB L,0,13,0,0,35115,456495,456495
Jul-2026,TIGALAPANKAOS TORAJA,NAVY + RIB,NAVY + RIB M,0,15,0,0,32964,494460,0
Agu-2026,TIGALAPANKAOS TORAJA,NAVY + RIB,NAVY + RIB M,168950,14,0,0,32964,461496,494460
Sep-2026,TIGALAPANKAOS TORAJA,NAVY + RIB,NAVY + RIB M,0,10,0,0,32964,329640,461496
Okt-2026,TIGALAPANKAOS TORAJA,NAVY + RIB,NAVY + RIB M,33790,9,0,0,32964,296676,329640
Jul-2026,TIGALAPANKAOS TORAJA,NAVY + RIB,NAVY + RIB S,0,10,0,0,34613,346130,0
Agu-2026,TIGALAPANKAOS TORAJA,NAVY + RIB,NAVY + RIB S,34613,10,0,0,34613,346130,346130
Sep-2026,TIGALAPANKAOS TORAJA,NAVY + RIB,NAVY + RIB S,0,9,0,0,34613,311517,346130
Okt-2026,TIGALAPANKAOS TORAJA,NAVY + RIB,NAVY + RIB S,0,9,0,0,34613,311517,311517
Jul-2026,TIGALAPANKAOS TORAJA,NAVY + RIB,NAVY + RIB XL,0,15,0,0,35116,526740,0
Agu-2026,TIGALAPANKAOS TORAJA,NAVY + RIB,NAVY + RIB XL,0,15,0,0,35116,526740,526740
Sep-2026,TIGALAPANKAOS TORAJA,NAVY + RIB,NAVY + RIB XL,0,15,0,0,35116,526740,526740
Okt-2026,TIGALAPANKAOS TORAJA,NAVY + RIB,NAVY + RIB XL,0,15,0,0,35116,526740,526740
Jul-2026,TIGALAPANKAOS TORAJA,PUTIH + RIB,PUTIH + RIB 2XL,33908,16,0,0,35692,571072,0
Agu-2026,TIGALAPANKAOS TORAJA,PUTIH + RIB,PUTIH + RIB 2XL,33908,14,0,0,35692,499688,571072
Sep-2026,TIGALAPANKAOS TORAJA,PUTIH + RIB,PUTIH + RIB 2XL,33908,13,0,0,35692,463996,499688
Okt-2026,TIGALAPANKAOS TORAJA,PUTIH + RIB,PUTIH + RIB 2XL,101724,11,0,0,35692,392612,463996
Okt-2026,TIGALAPANKAOS TORAJA,PUTIH + RIB,PUTIH + RIB 3XL,0,10,0,0,40627,406270,0
Jun-2026,TIGALAPANKAOS TORAJA,PUTIH + RIB,PUTIH + RIB L,0,23,0,0,32259,741957,0
Jul-2026,TIGALAPANKAOS TORAJA,PUTIH + RIB,PUTIH + RIB L,250551,22,0,0,32259,709698,741957
Agu-2026,TIGALAPANKAOS TORAJA,PUTIH + RIB,PUTIH + RIB L,35793,14,0,0,32259,451626,709698
Sep-2026,TIGALAPANKAOS TORAJA,PUTIH + RIB,PUTIH + RIB L,71606,12,0,0,32259,387108,451626
Okt-2026,TIGALAPANKAOS TORAJA,PUTIH + RIB,PUTIH + RIB L,358030,2,15,0,32259,548403,387108
Jul-2026,TIGALAPANKAOS TORAJA,PUTIH + RIB,PUTIH + RIB M,140316,25,0,0,32327,808175,0
Agu-2026,TIGALAPANKAOS TORAJA,PUTIH + RIB,PUTIH + RIB M,35079,20,0,0,32327,646540,808175
Sep-2026,TIGALAPANKAOS TORAJA,PUTIH + RIB,PUTIH + RIB M,491106,6,0,0,32327,193962,646540
Okt-2026,TIGALAPANKAOS TORAJA,PUTIH + RIB,PUTIH + RIB M,105237,3,0,0,32327,96981,193962
Jun-2026,TIGALAPANKAOS TORAJA,PUTIH + RIB,PUTIH + RIB S,0,10,0,0,32719,327190,0
Jul-2026,TIGALAPANKAOS TORAJA,PUTIH + RIB,PUTIH + RIB S,32755,9,0,0,32719,294471,327190
Agu-2026,TIGALAPANKAOS TORAJA,PUTIH + RIB,PUTIH + RIB S,32755,8,0,0,32719,261752,294471
Sep-2026,TIGALAPANKAOS TORAJA,PUTIH + RIB,PUTIH + RIB S,0,8,0,0,32719,261752,261752
Okt-2026,TIGALAPANKAOS TORAJA,PUTIH + RIB,PUTIH + RIB S,0,8,10,0,32719,588942,261752
Jul-2026,TIGALAPANKAOS TORAJA,PUTIH + RIB,PUTIH + RIB XL,70366,15,0,0,32397,485955,0
Agu-2026,TIGALAPANKAOS TORAJA,PUTIH + RIB,PUTIH + RIB XL,35183,12,0,0,32397,388764,485955
Sep-2026,TIGALAPANKAOS TORAJA,PUTIH + RIB,PUTIH + RIB XL,0,12,0,0,32397,388764,388764
Okt-2026,TIGALAPANKAOS TORAJA,PUTIH + RIB,PUTIH + RIB XL,351830,2,0,0,32397,64794,388764
Jan-2026,DC TIGALAPAN,ABU TUA + RIB,ABU TUA + RIB 2XL,0,95,0,0,38070,3616650,0
Feb-2026,DC TIGALAPAN,ABU TUA + RIB,ABU TUA + RIB 2XL,0,85,0,0,38070,3235950,3616650
Mar-2026,DC TIGALAPAN,ABU TUA + RIB,ABU TUA + RIB 2XL,0,85,0,0,38070,3235950,3235950
Apr-2026,DC TIGALAPAN,ABU TUA + RIB,ABU TUA + RIB 2XL,0,85,0,0,38070,3235950,3235950
Mei-2026,DC TIGALAPAN,ABU TUA + RIB,ABU TUA + RIB 2XL,0,85,0,0,38070,3235950,3235950
Jun-2026,DC TIGALAPAN,ABU TUA + RIB,ABU TUA + RIB 2XL,0,70,0,0,38070,2664900,3235950
Jul-2026,DC TIGALAPAN,ABU TUA + RIB,ABU TUA + RIB 2XL,0,55,0,0,38070,2093850,2664900
Agu-2026,DC TIGALAPAN,ABU TUA + RIB,ABU TUA + RIB 2XL,0,15,0,0,38070,571050,2093850
Okt-2026,DC TIGALAPAN,ABU TUA + RIB,ABU TUA + RIB 2XL,0,40,0,0,38070,1522800,0
Jan-2026,DC TIGALAPAN,ABU TUA + RIB,ABU TUA + RIB 3XL,0,27,0,0,47562,1284174,0
Mei-2026,DC TIGALAPAN,ABU TUA + RIB,ABU TUA + RIB 3XL,0,70,0,0,47562,3329340,0
Jun-2026,DC TIGALAPAN,ABU TUA + RIB,ABU TUA + RIB 3XL,0,56,0,0,47562,2663472,3329340
Jul-2026,DC TIGALAPAN,ABU TUA + RIB,ABU TUA + RIB 3XL,0,56,0,0,47562,2663472,2663472
Agu-2026,DC TIGALAPAN,ABU TUA + RIB,ABU TUA + RIB 3XL,0,51,0,0,47562,2425662,2663472
Sep-2026,DC TIGALAPAN,ABU TUA + RIB,ABU TUA + RIB 3XL,0,36,0,0,47562,1712232,2425662
Okt-2026,DC TIGALAPAN,ABU TUA + RIB,ABU TUA + RIB 3XL,0,36,0,0,47562,1712232,1712232
Jan-2026,DC TIGALAPAN,ABU TUA + RIB,ABU TUA + RIB L,0,5,0,0,35180,175900,0
Feb-2026,DC TIGALAPAN,ABU TUA + RIB,ABU TUA + RIB L,0,5,0,0,35180,175900,175900
Mar-2026,DC TIGALAPAN,ABU TUA + RIB,ABU TUA + RIB L,0,1,0,0,35180,35180,175900
Apr-2026,DC TIGALAPAN,ABU TUA + RIB,ABU TUA + RIB L,0,1,0,0,35180,35180,35180
Mei-2026,DC TIGALAPAN,ABU TUA + RIB,ABU TUA + RIB L,0,1,0,0,35180,35180,35180
Jun-2026,DC TIGALAPAN,ABU TUA + RIB,ABU TUA + RIB L,0,66,0,0,35180,2321880,35180
Jul-2026,DC TIGALAPAN,ABU TUA + RIB,ABU TUA + RIB L,0,36,0,0,35180,1266480,2321880
Agu-2026,DC TIGALAPAN,ABU TUA + RIB,ABU TUA + RIB L,0,91,0,0,35180,3201380,1266480
Sep-2026,DC TIGALAPAN,ABU TUA + RIB,ABU TUA + RIB L,0,16,0,0,35180,562880,3201380
Okt-2026,DC TIGALAPAN,ABU TUA + RIB,ABU TUA + RIB L,0,16,0,0,35180,562880,562880
Jan-2026,DC TIGALAPAN,ABU TUA + RIB,ABU TUA + RIB M,0,22,0,0,35432,779504,0
Feb-2026,DC TIGALAPAN,ABU TUA + RIB,ABU TUA + RIB M,0,22,0,0,35432,779504,779504
Mar-2026,DC TIGALAPAN,ABU TUA + RIB,ABU TUA + RIB M,0,7,0,0,35432,248024,779504
Apr-2026,DC TIGALAPAN,ABU TUA + RIB,ABU TUA + RIB M,0,7,0,0,35432,248024,248024
Mei-2026,DC TIGALAPAN,ABU TUA + RIB,ABU TUA + RIB M,0,30,0,0,35432,1062960,248024
Jun-2026,DC TIGALAPAN,ABU TUA + RIB,ABU TUA + RIB M,0,41,0,0,35432,1452712,1062960
Jul-2026,DC TIGALAPAN,ABU TUA + RIB,ABU TUA + RIB M,0,26,0,0,35432,921232,1452712
Agu-2026,DC TIGALAPAN,ABU TUA + RIB,ABU TUA + RIB M,0,11,0,0,35432,389752,921232
Okt-2026,DC TIGALAPAN,ABU TUA + RIB,ABU TUA + RIB M,0,20,0,0,35432,708640,0
Jan-2026,DC TIGALAPAN,ABU TUA + RIB,ABU TUA + RIB S,0,78,0,0,35135,2740530,0
Feb-2026,DC TIGALAPAN,ABU TUA + RIB,ABU TUA + RIB S,0,78,0,0,35135,2740530,2740530
Mar-2026,DC TIGALAPAN,ABU TUA + RIB,ABU TUA + RIB S,0,78,0,0,35135,2740530,2740530
Apr-2026,DC TIGALAPAN,ABU TUA + RIB,ABU TUA + RIB S,0,78,0,0,35135,2740530,2740530
Mei-2026,DC TIGALAPAN,ABU TUA + RIB,ABU TUA + RIB S,0,78,0,0,35135,2740530,2740530
Jun-2026,DC TIGALAPAN,ABU TUA + RIB,ABU TUA + RIB S,0,15,0,0,35135,527025,2740530
Jul-2026,DC TIGALAPAN,ABU TUA + RIB,ABU TUA + RIB S,0,15,0,0,35135,527025,527025
Agu-2026,DC TIGALAPAN,ABU TUA + RIB,ABU TUA + RIB S,0,15,0,0,35135,527025,527025
Okt-2026,DC TIGALAPAN,ABU TUA + RIB,ABU TUA + RIB S,0,40,0,0,35135,1405400,0
Mei-2026,DC TIGALAPAN,ABU TUA + RIB,ABU TUA + RIB XL,0,90,0,0,35890,3230100,0
Jun-2026,DC TIGALAPAN,ABU TUA + RIB,ABU TUA + RIB XL,0,12,0,0,35890,430680,3230100
Jul-2026,DC TIGALAPAN,ABU TUA + RIB,ABU TUA + RIB XL,0,12,0,0,35890,430680,430680
Agu-2026,DC TIGALAPAN,ABU TUA + RIB,ABU TUA + RIB XL,0,25,0,0,35890,897250,430680
Sep-2026,DC TIGALAPAN,ABU TUA + RIB,ABU TUA + RIB XL,0,7,0,0,35890,251230,897250
Okt-2026,DC TIGALAPAN,ABU TUA + RIB,ABU TUA + RIB XL,0,12,0,0,35890,430680,251230
Jan-2026,DC TIGALAPAN,BENHUR + RIB,BENHUR + RIB 2XL,0,64,0,0,36563,2340032,0
Feb-2026,DC TIGALAPAN,BENHUR + RIB,BENHUR + RIB 2XL,0,54,0,0,36563,1974402,2340032
Mar-2026,DC TIGALAPAN,BENHUR + RIB,BENHUR + RIB 2XL,0,54,0,0,36563,1974402,1974402
Apr-2026,DC TIGALAPAN,BENHUR + RIB,BENHUR + RIB 2XL,0,54,0,0,36563,1974402,1974402
Mei-2026,DC TIGALAPAN,BENHUR + RIB,BENHUR + RIB 2XL,0,44,0,0,36563,1608772,1974402
Jun-2026,DC TIGALAPAN,BENHUR + RIB,BENHUR + RIB 2XL,0,29,0,0,36563,1060327,1608772
Jul-2026,DC TIGALAPAN,BENHUR + RIB,BENHUR + RIB 2XL,0,19,0,0,36563,694697,1060327
Agu-2026,DC TIGALAPAN,BENHUR + RIB,BENHUR + RIB 2XL,0,19,0,0,36563,694697,694697
Okt-2026,DC TIGALAPAN,BENHUR + RIB,BENHUR + RIB 2XL,0,29,0,0,36563,1060327,0
Jan-2026,DC TIGALAPAN,BENHUR + RIB,BENHUR + RIB 3XL,0,27,0,0,45841,1237707,0
Sep-2026,DC TIGALAPAN,BENHUR + RIB,BENHUR + RIB 3XL,0,2,0,0,45841,91682,0
Okt-2026,DC TIGALAPAN,BENHUR + RIB,BENHUR + RIB 3XL,0,63,0,0,45841,2887983,91682
Jan-2026,DC TIGALAPAN,BENHUR + RIB,BENHUR + RIB L,0,83,0,0,36209,3005347,0
Feb-2026,DC TIGALAPAN,BENHUR + RIB,BENHUR + RIB L,0,38,0,0,36209,1375942,3005347
Jun-2026,DC TIGALAPAN,BENHUR + RIB,BENHUR + RIB L,0,66,0,0,36209,2389794,0
Jul-2026,DC TIGALAPAN,BENHUR + RIB,BENHUR + RIB L,0,51,0,0,36209,1846659,2389794
Agu-2026,DC TIGALAPAN,BENHUR + RIB,BENHUR + RIB L,0,156,0,0,36209,5648604,1846659
Jan-2026,DC TIGALAPAN,BENHUR + RIB,BENHUR + RIB M,0,14,0,0,35986,503804,0
Mei-2026,DC TIGALAPAN,BENHUR + RIB,BENHUR + RIB M,0,195,0,0,35986,7017270,0
Jun-2026,DC TIGALAPAN,BENHUR + RIB,BENHUR + RIB M,0,51,0,0,35986,1835286,7017270
Jul-2026,DC TIGALAPAN,BENHUR + RIB,BENHUR + RIB M,0,66,0,0,35986,2375076,1835286
Agu-2026,DC TIGALAPAN,BENHUR + RIB,BENHUR + RIB M,0,67,0,0,35986,2411062,2375076
Sep-2026,DC TIGALAPAN,BENHUR + RIB,BENHUR + RIB M,0,6,0,0,35986,215916,2411062
Okt-2026,DC TIGALAPAN,BENHUR + RIB,BENHUR + RIB M,0,39,0,0,35986,1403454,215916
Jan-2026,DC TIGALAPAN,BENHUR + RIB,BENHUR + RIB S,0,50,0,0,36137,1806850,0
Feb-2026,DC TIGALAPAN,BENHUR + RIB,BENHUR + RIB S,0,50,0,0,36137,1806850,1806850
Mar-2026,DC TIGALAPAN,BENHUR + RIB,BENHUR + RIB S,0,50,0,0,36137,1806850,1806850
Apr-2026,DC TIGALAPAN,BENHUR + RIB,BENHUR + RIB S,0,40,0,0,36137,1445480,1806850
Mei-2026,DC TIGALAPAN,BENHUR + RIB,BENHUR + RIB S,0,90,0,0,36137,3252330,1445480
Jun-2026,DC TIGALAPAN,BENHUR + RIB,BENHUR + RIB S,0,40,0,0,36137,1445480,3252330
Jul-2026,DC TIGALAPAN,BENHUR + RIB,BENHUR + RIB S,0,30,0,0,36137,1084110,1445480
Agu-2026,DC TIGALAPAN,BENHUR + RIB,BENHUR + RIB S,0,20,0,0,36137,722740,1084110
Sep-2026,DC TIGALAPAN,BENHUR + RIB,BENHUR + RIB S,0,10,0,0,36137,361370,722740
Okt-2026,DC TIGALAPAN,BENHUR + RIB,BENHUR + RIB S,0,50,0,0,36137,1806850,361370
Jan-2026,DC TIGALAPAN,BENHUR + RIB,BENHUR + RIB XL,0,20,0,0,35965,719300,0
Feb-2026,DC TIGALAPAN,BENHUR + RIB,BENHUR + RIB XL,0,5,0,0,35965,179825,719300
Mei-2026,DC TIGALAPAN,BENHUR + RIB,BENHUR + RIB XL,0,30,0,0,35965,1078950,0
Jun-2026,DC TIGALAPAN,BENHUR + RIB,BENHUR + RIB XL,0,20,0,0,35965,719300,1078950
Jul-2026,DC TIGALAPAN,BENHUR + RIB,BENHUR + RIB XL,0,5,0,0,35965,179825,719300
Agu-2026,DC TIGALAPAN,BENHUR + RIB,BENHUR + RIB XL,0,33,0,0,35965,1186845,179825
Sep-2026,DC TIGALAPAN,BENHUR + RIB,BENHUR + RIB XL,0,3,0,0,35965,107895,1186845
Okt-2026,DC TIGALAPAN,BENHUR + RIB,BENHUR + RIB XL,0,38,0,0,35965,1366670,107895
Okt-2026,DC TIGALAPAN,BENHUR KID + RIB,BENHUR KID + RIB XS,0,6,0,0,0,0,0
Jan-2026,DC TIGALAPAN,HITAM + RIB,HITAM + RIB 2XL,0,14,0,0,40134,561876,0
Apr-2026,DC TIGALAPAN,HITAM + RIB,HITAM + RIB 2XL,0,23,0,0,40815,938745,0
Mei-2026,DC TIGALAPAN,HITAM + RIB,HITAM + RIB 2XL,0,11,0,0,40111,441221,938745
Jun-2026,DC TIGALAPAN,HITAM + RIB,HITAM + RIB 2XL,0,39,0,0,40111,1564329,441221
Jul-2026,DC TIGALAPAN,HITAM + RIB,HITAM + RIB 2XL,0,9,0,0,40111,360999,1564329
Agu-2026,DC TIGALAPAN,HITAM + RIB,HITAM + RIB 2XL,0,145,0,0,40111,5816095,360999
Sep-2026,DC TIGALAPAN,HITAM + RIB,HITAM + RIB 2XL,0,45,0,0,40111,1804995,5816095
Okt-2026,DC TIGALAPAN,HITAM + RIB,HITAM + RIB 2XL,0,15,0,0,40111,601665,1804995
Jan-2026,DC TIGALAPAN,HITAM + RIB,HITAM + RIB 3XL,0,81,0,0,45968,3723408,0
Feb-2026,DC TIGALAPAN,HITAM + RIB,HITAM + RIB 3XL,0,46,0,0,45968,2114528,3723408
Mar-2026,DC TIGALAPAN,HITAM + RIB,HITAM + RIB 3XL,0,35,0,0,45968,1608880,2114528
Apr-2026,DC TIGALAPAN,HITAM + RIB,HITAM + RIB 3XL,0,35,0,0,45968,1608880,1608880
Mei-2026,DC TIGALAPAN,HITAM + RIB,HITAM + RIB 3XL,0,20,0,0,45968,919360,1608880
Agu-2026,DC TIGALAPAN,HITAM + RIB,HITAM + RIB 3XL,0,54,0,0,45968,2482272,0
Sep-2026,DC TIGALAPAN,HITAM + RIB,HITAM + RIB 3XL,0,44,0,0,45968,2022592,2482272
Okt-2026,DC TIGALAPAN,HITAM + RIB,HITAM + RIB 3XL,0,39,0,0,45968,1792752,2022592
Jan-2026,DC TIGALAPAN,HITAM + RIB,HITAM + RIB L,0,178,0,0,35275,6278950,0
Feb-2026,DC TIGALAPAN,HITAM + RIB,HITAM + RIB L,0,14,0,0,35188,492632,6278950
Apr-2026,DC TIGALAPAN,HITAM + RIB,HITAM + RIB L,0,884,0,0,35247,31158348,0
Mei-2026,DC TIGALAPAN,HITAM + RIB,HITAM + RIB L,0,1038,0,0,35046,36377748,31158348
Jun-2026,DC TIGALAPAN,HITAM + RIB,HITAM + RIB L,0,606,0,0,35046,21237876,36377748
Jul-2026,DC TIGALAPAN,HITAM + RIB,HITAM + RIB L,0,290,0,0,35046,10163340,21237876
Agu-2026,DC TIGALAPAN,HITAM + RIB,HITAM + RIB L,0,613,0,0,35046,21483198,10163340
Sep-2026,DC TIGALAPAN,HITAM + RIB,HITAM + RIB L,0,230,0,0,35046,8060580,21483198
Okt-2026,DC TIGALAPAN,HITAM + RIB,HITAM + RIB L,0,35,0,0,35046,1226610,8060580
Jan-2026,DC TIGALAPAN,HITAM + RIB,HITAM + RIB M,0,328,0,0,34868,11436704,0
Apr-2026,DC TIGALAPAN,HITAM + RIB,HITAM + RIB M,0,85,0,0,35204,2992340,0
Mei-2026,DC TIGALAPAN,HITAM + RIB,HITAM + RIB M,0,299,0,0,35089,10491611,2992340
Jun-2026,DC TIGALAPAN,HITAM + RIB,HITAM + RIB M,0,498,0,0,35089,17474322,10491611
Jul-2026,DC TIGALAPAN,HITAM + RIB,HITAM + RIB M,0,333,0,0,35089,11684637,17474322
Agu-2026,DC TIGALAPAN,HITAM + RIB,HITAM + RIB M,0,728,0,0,35089,25544792,11684637
Sep-2026,DC TIGALAPAN,HITAM + RIB,HITAM + RIB M,0,453,0,0,35089,15895317,25544792
Okt-2026,DC TIGALAPAN,HITAM + RIB,HITAM + RIB M,0,291,0,0,35089,10210899,15895317
Jan-2026,DC TIGALAPAN,HITAM + RIB,HITAM + RIB S,0,110,0,0,35285,3881350,0
Feb-2026,DC TIGALAPAN,HITAM + RIB,HITAM + RIB S,0,90,0,0,35285,3175650,3881350
Mar-2026,DC TIGALAPAN,HITAM + RIB,HITAM + RIB S,0,40,0,0,35285,1411400,3175650
Apr-2026,DC TIGALAPAN,HITAM + RIB,HITAM + RIB S,0,40,0,0,35285,1411400,1411400
Mei-2026,DC TIGALAPAN,HITAM + RIB,HITAM + RIB S,0,59,0,0,35285,2081815,1411400
Jun-2026,DC TIGALAPAN,HITAM + RIB,HITAM + RIB S,0,18,0,0,35285,635130,2081815
Jul-2026,DC TIGALAPAN,HITAM + RIB,HITAM + RIB S,0,8,0,0,35285,282280,635130
Agu-2026,DC TIGALAPAN,HITAM + RIB,HITAM + RIB S,0,115,0,0,35285,4057775,282280
Sep-2026,DC TIGALAPAN,HITAM + RIB,HITAM + RIB S,0,75,0,0,35285,2646375,4057775
Okt-2026,DC TIGALAPAN,HITAM + RIB,HITAM + RIB S,0,45,0,0,35285,1587825,2646375
Jan-2026,DC TIGALAPAN,HITAM + RIB,HITAM + RIB XL,0,110,0,0,35151,3866610,0
Feb-2026,DC TIGALAPAN,HITAM + RIB,HITAM + RIB XL,0,1,0,0,38857,38857,3866610
Apr-2026,DC TIGALAPAN,HITAM + RIB,HITAM + RIB XL,0,534,0,0,38027,20306418,0
Mei-2026,DC TIGALAPAN,HITAM + RIB,HITAM + RIB XL,0,451,0,0,35999,16235549,20306418
Jun-2026,DC TIGALAPAN,HITAM + RIB,HITAM + RIB XL,0,565,0,0,35999,20339435,16235549
Jul-2026,DC TIGALAPAN,HITAM + RIB,HITAM + RIB XL,0,445,0,0,35999,16019555,20339435
Agu-2026,DC TIGALAPAN,HITAM + RIB,HITAM + RIB XL,0,672,0,0,35999,24191328,16019555
Sep-2026,DC TIGALAPAN,HITAM + RIB,HITAM + RIB XL,0,394,0,0,35999,14183606,24191328
Okt-2026,DC TIGALAPAN,HITAM + RIB,HITAM + RIB XL,0,258,0,0,35999,9287742,14183606
Jan-2026,DC TIGALAPAN,MAROON + RIB,MAROON + RIB 2XL,0,54,0,0,41035,2215890,0
Feb-2026,DC TIGALAPAN,MAROON + RIB,MAROON + RIB 2XL,0,54,0,0,41035,2215890,2215890
Mar-2026,DC TIGALAPAN,MAROON + RIB,MAROON + RIB 2XL,0,54,0,0,41035,2215890,2215890
Apr-2026,DC TIGALAPAN,MAROON + RIB,MAROON + RIB 2XL,0,54,0,0,41035,2215890,2215890
Mei-2026,DC TIGALAPAN,MAROON + RIB,MAROON + RIB 2XL,0,54,0,0,41035,2215890,2215890
Jun-2026,DC TIGALAPAN,MAROON + RIB,MAROON + RIB 2XL,0,81,0,0,41035,3323835,2215890
Jul-2026,DC TIGALAPAN,MAROON + RIB,MAROON + RIB 2XL,0,4,0,0,41035,164140,3323835
Agu-2026,DC TIGALAPAN,MAROON + RIB,MAROON + RIB 2XL,0,62,0,0,41035,2544170,164140
Sep-2026,DC TIGALAPAN,MAROON + RIB,MAROON + RIB 2XL,0,22,0,0,41035,902770,2544170
Okt-2026,DC TIGALAPAN,MAROON + RIB,MAROON + RIB 2XL,0,22,0,0,41035,902770,902770
Jan-2026,DC TIGALAPAN,MAROON + RIB,MAROON + RIB 3XL,0,45,0,0,46390,2087550,0
Feb-2026,DC TIGALAPAN,MAROON + RIB,MAROON + RIB 3XL,0,22,0,0,46390,1020580,2087550
Mar-2026,DC TIGALAPAN,MAROON + RIB,MAROON + RIB 3XL,0,22,0,0,46390,1020580,1020580
Apr-2026,DC TIGALAPAN,MAROON + RIB,MAROON + RIB 3XL,0,22,0,0,46390,1020580,1020580
Mei-2026,DC TIGALAPAN,MAROON + RIB,MAROON + RIB 3XL,0,22,0,0,46390,1020580,1020580
Jun-2026,DC TIGALAPAN,MAROON + RIB,MAROON + RIB 3XL,0,27,0,0,46390,1252530,1020580
Jul-2026,DC TIGALAPAN,MAROON + RIB,MAROON + RIB 3XL,0,22,0,0,46390,1020580,1252530
Agu-2026,DC TIGALAPAN,MAROON + RIB,MAROON + RIB 3XL,0,125,0,0,46390,5798750,1020580
Sep-2026,DC TIGALAPAN,MAROON + RIB,MAROON + RIB 3XL,0,105,0,0,46390,4870950,5798750
Okt-2026,DC TIGALAPAN,MAROON + RIB,MAROON + RIB 3XL,0,95,0,0,46390,4407050,4870950
Jan-2026,DC TIGALAPAN,MAROON + RIB,MAROON + RIB L,0,12,0,0,35143,421716,0
Feb-2026,DC TIGALAPAN,MAROON + RIB,MAROON + RIB L,0,64,0,0,36130,2312320,421716
Mar-2026,DC TIGALAPAN,MAROON + RIB,MAROON + RIB L,0,49,0,0,36130,1770370,2312320
Apr-2026,DC TIGALAPAN,MAROON + RIB,MAROON + RIB L,0,2,0,0,36130,72260,1770370
Mei-2026,DC TIGALAPAN,MAROON + RIB,MAROON + RIB L,0,69,0,0,36130,2492970,72260
Jun-2026,DC TIGALAPAN,MAROON + RIB,MAROON + RIB L,0,93,0,0,36130,3360090,2492970
Jul-2026,DC TIGALAPAN,MAROON + RIB,MAROON + RIB L,0,2,0,0,36130,72260,3360090
Agu-2026,DC TIGALAPAN,MAROON + RIB,MAROON + RIB L,0,55,0,0,36130,1987150,72260
Okt-2026,DC TIGALAPAN,MAROON + RIB,MAROON + RIB L,0,10,0,0,36130,361300,0
Jan-2026,DC TIGALAPAN,MAROON + RIB,MAROON + RIB M,0,147,0,0,35662,5242314,0
Feb-2026,DC TIGALAPAN,MAROON + RIB,MAROON + RIB M,0,102,0,0,35662,3637524,5242314
Mar-2026,DC TIGALAPAN,MAROON + RIB,MAROON + RIB M,0,102,0,0,35662,3637524,3637524
Apr-2026,DC TIGALAPAN,MAROON + RIB,MAROON + RIB M,0,72,0,0,35662,2567664,3637524
Mei-2026,DC TIGALAPAN,MAROON + RIB,MAROON + RIB M,0,107,0,0,35662,3815834,2567664
Jun-2026,DC TIGALAPAN,MAROON + RIB,MAROON + RIB M,0,82,0,0,35662,2924284,3815834
Agu-2026,DC TIGALAPAN,MAROON + RIB,MAROON + RIB M,0,50,0,0,35662,1783100,0
Okt-2026,DC TIGALAPAN,MAROON + RIB,MAROON + RIB M,0,5,0,0,35662,178310,0
Jan-2026,DC TIGALAPAN,MAROON + RIB,MAROON + RIB S,0,77,0,0,35425,2727725,0
Feb-2026,DC TIGALAPAN,MAROON + RIB,MAROON + RIB S,0,77,0,0,35425,2727725,2727725
Mar-2026,DC TIGALAPAN,MAROON + RIB,MAROON + RIB S,0,77,0,0,35425,2727725,2727725
Apr-2026,DC TIGALAPAN,MAROON + RIB,MAROON + RIB S,0,77,0,0,35425,2727725,2727725
Mei-2026,DC TIGALAPAN,MAROON + RIB,MAROON + RIB S,0,77,0,0,35425,2727725,2727725
Jun-2026,DC TIGALAPAN,MAROON + RIB,MAROON + RIB S,0,62,0,0,35425,2196350,2727725
Jul-2026,DC TIGALAPAN,MAROON + RIB,MAROON + RIB S,0,6,0,0,35425,212550,2196350
Agu-2026,DC TIGALAPAN,MAROON + RIB,MAROON + RIB S,0,40,0,0,35425,1417000,212550
Jan-2026,DC TIGALAPAN,MAROON + RIB,MAROON + RIB XL,0,64,0,0,37999,2431936,0
Feb-2026,DC TIGALAPAN,MAROON + RIB,MAROON + RIB XL,0,49,0,0,37999,1861951,2431936
Mar-2026,DC TIGALAPAN,MAROON + RIB,MAROON + RIB XL,0,19,0,0,37999,721981,1861951
Apr-2026,DC TIGALAPAN,MAROON + RIB,MAROON + RIB XL,0,4,0,0,37999,151996,721981
Mei-2026,DC TIGALAPAN,MAROON + RIB,MAROON + RIB XL,0,88,0,0,37999,3343912,151996
Jun-2026,DC TIGALAPAN,MAROON + RIB,MAROON + RIB XL,0,61,0,0,37999,2317939,3343912
Agu-2026,DC TIGALAPAN,MAROON + RIB,MAROON + RIB XL,0,9,0,0,37999,341991,0
Jan-2026,DC TIGALAPAN,MERAH + RIB,MERAH + RIB 2XL,0,134,0,0,36757,4925438,0
Feb-2026,DC TIGALAPAN,MERAH + RIB,MERAH + RIB 2XL,0,134,0,0,36757,4925438,4925438
Mar-2026,DC TIGALAPAN,MERAH + RIB,MERAH + RIB 2XL,0,134,0,0,36757,4925438,4925438
Apr-2026,DC TIGALAPAN,MERAH + RIB,MERAH + RIB 2XL,0,134,0,0,36757,4925438,4925438
Mei-2026,DC TIGALAPAN,MERAH + RIB,MERAH + RIB 2XL,0,134,0,0,36757,4925438,4925438
Jun-2026,DC TIGALAPAN,MERAH + RIB,MERAH + RIB 2XL,0,203,0,0,36757,7461671,4925438
Jul-2026,DC TIGALAPAN,MERAH + RIB,MERAH + RIB 2XL,0,90,0,0,36757,3308130,7461671
Agu-2026,DC TIGALAPAN,MERAH + RIB,MERAH + RIB 2XL,0,110,0,0,36757,4043270,3308130
Sep-2026,DC TIGALAPAN,MERAH + RIB,MERAH + RIB 2XL,0,60,0,0,36757,2205420,4043270
Okt-2026,DC TIGALAPAN,MERAH + RIB,MERAH + RIB 2XL,0,50,0,0,36757,1837850,2205420
Jan-2026,DC TIGALAPAN,MERAH + RIB,MERAH + RIB 3XL,0,2,0,0,45193,90386,0
Jun-2026,DC TIGALAPAN,MERAH + RIB,MERAH + RIB 3XL,0,70,0,0,45193,3163510,0
Jul-2026,DC TIGALAPAN,MERAH + RIB,MERAH + RIB 3XL,0,15,0,0,45193,677895,3163510
Agu-2026,DC TIGALAPAN,MERAH + RIB,MERAH + RIB 3XL,0,114,0,0,45193,5152002,677895
Sep-2026,DC TIGALAPAN,MERAH + RIB,MERAH + RIB 3XL,0,158,0,0,45193,7140494,5152002
Okt-2026,DC TIGALAPAN,MERAH + RIB,MERAH + RIB 3XL,0,158,0,0,45193,7140494,7140494
Jan-2026,DC TIGALAPAN,MERAH + RIB,MERAH + RIB L,0,83,0,0,35755,2967665,0
Feb-2026,DC TIGALAPAN,MERAH + RIB,MERAH + RIB L,0,83,0,0,35755,2967665,2967665
Mar-2026,DC TIGALAPAN,MERAH + RIB,MERAH + RIB L,0,83,0,0,35755,2967665,2967665
Apr-2026,DC TIGALAPAN,MERAH + RIB,MERAH + RIB L,0,83,0,0,35755,2967665,2967665
Mei-2026,DC TIGALAPAN,MERAH + RIB,MERAH + RIB L,0,83,0,0,35755,2967665,2967665
Jun-2026,DC TIGALAPAN,MERAH + RIB,MERAH + RIB L,0,822,0,0,35755,29390610,2967665
Jul-2026,DC TIGALAPAN,MERAH + RIB,MERAH + RIB L,0,371,0,0,35755,13265105,29390610
Agu-2026,DC TIGALAPAN,MERAH + RIB,MERAH + RIB L,0,1101,0,0,35755,39366255,13265105
Sep-2026,DC TIGALAPAN,MERAH + RIB,MERAH + RIB L,0,976,0,0,35755,34896880,39366255
Okt-2026,DC TIGALAPAN,MERAH + RIB,MERAH + RIB L,0,961,0,0,35755,34360555,34896880
Jan-2026,DC TIGALAPAN,MERAH + RIB,MERAH + RIB M,0,37,0,0,35755,1322935,0
Feb-2026,DC TIGALAPAN,MERAH + RIB,MERAH + RIB M,0,37,0,0,35755,1322935,1322935
Mar-2026,DC TIGALAPAN,MERAH + RIB,MERAH + RIB M,0,37,0,0,35755,1322935,1322935
Apr-2026,DC TIGALAPAN,MERAH + RIB,MERAH + RIB M,0,37,0,0,35755,1322935,1322935
Mei-2026,DC TIGALAPAN,MERAH + RIB,MERAH + RIB M,0,37,0,0,35755,1322935,1322935
Jun-2026,DC TIGALAPAN,MERAH + RIB,MERAH + RIB M,0,463,0,0,35755,16554565,1322935
Agu-2026,DC TIGALAPAN,MERAH + RIB,MERAH + RIB M,0,339,0,0,35755,12120945,0
Sep-2026,DC TIGALAPAN,MERAH + RIB,MERAH + RIB M,0,305,0,0,35755,10905275,12120945
Okt-2026,DC TIGALAPAN,MERAH + RIB,MERAH + RIB M,0,290,0,0,35755,10368950,10905275
Jan-2026,DC TIGALAPAN,MERAH + RIB,MERAH + RIB S,0,66,0,0,35972,2374152,0
Feb-2026,DC TIGALAPAN,MERAH + RIB,MERAH + RIB S,0,51,0,0,35972,1834572,2374152
Mar-2026,DC TIGALAPAN,MERAH + RIB,MERAH + RIB S,0,51,0,0,35972,1834572,1834572
Apr-2026,DC TIGALAPAN,MERAH + RIB,MERAH + RIB S,0,51,0,0,35972,1834572,1834572
Mei-2026,DC TIGALAPAN,MERAH + RIB,MERAH + RIB S,0,51,0,0,35972,1834572,1834572
Jun-2026,DC TIGALAPAN,MERAH + RIB,MERAH + RIB S,0,98,0,0,35972,3525256,1834572
Jul-2026,DC TIGALAPAN,MERAH + RIB,MERAH + RIB S,0,18,0,0,35972,647496,3525256
Agu-2026,DC TIGALAPAN,MERAH + RIB,MERAH + RIB S,0,69,0,0,35972,2482068,647496
Sep-2026,DC TIGALAPAN,MERAH + RIB,MERAH + RIB S,0,19,0,0,35972,683468,2482068
Okt-2026,DC TIGALAPAN,MERAH + RIB,MERAH + RIB S,0,19,0,0,35972,683468,683468
Jan-2026,DC TIGALAPAN,MERAH + RIB,MERAH + RIB XL,0,52,0,0,35755,1859260,0
Feb-2026,DC TIGALAPAN,MERAH + RIB,MERAH + RIB XL,0,37,0,0,35755,1322935,1859260
Mar-2026,DC TIGALAPAN,MERAH + RIB,MERAH + RIB XL,0,37,0,0,35755,1322935,1322935
Apr-2026,DC TIGALAPAN,MERAH + RIB,MERAH + RIB XL,0,37,0,0,35755,1322935,1322935
Mei-2026,DC TIGALAPAN,MERAH + RIB,MERAH + RIB XL,0,37,0,0,35755,1322935,1322935
Jun-2026,DC TIGALAPAN,MERAH + RIB,MERAH + RIB XL,0,331,0,0,35755,11834905,1322935
Agu-2026,DC TIGALAPAN,MERAH + RIB,MERAH + RIB XL,0,179,0,0,35755,6400145,0
Sep-2026,DC TIGALAPAN,MERAH + RIB,MERAH + RIB XL,0,308,0,0,35755,11012540,6400145
Okt-2026,DC TIGALAPAN,MERAH + RIB,MERAH + RIB XL,0,263,0,0,35755,9403565,11012540
Jan-2026,DC TIGALAPAN,NAVY + RIB,NAVY + RIB 2XL,0,30,0,0,34393,1031790,0
Feb-2026,DC TIGALAPAN,NAVY + RIB,NAVY + RIB 2XL,0,30,0,0,34393,1031790,1031790
Mar-2026,DC TIGALAPAN,NAVY + RIB,NAVY + RIB 2XL,0,20,0,0,34393,687860,1031790
Apr-2026,DC TIGALAPAN,NAVY + RIB,NAVY + RIB 2XL,0,20,0,0,34393,687860,687860
Jun-2026,DC TIGALAPAN,NAVY + RIB,NAVY + RIB 2XL,0,81,0,0,34393,2785833,0
Jul-2026,DC TIGALAPAN,NAVY + RIB,NAVY + RIB 2XL,0,51,0,0,34393,1754043,2785833
Agu-2026,DC TIGALAPAN,NAVY + RIB,NAVY + RIB 2XL,0,129,0,0,34393,4436697,1754043
Sep-2026,DC TIGALAPAN,NAVY + RIB,NAVY + RIB 2XL,0,119,0,0,34393,4092767,4436697
Okt-2026,DC TIGALAPAN,NAVY + RIB,NAVY + RIB 2XL,0,109,0,0,34393,3748837,4092767
Jan-2026,DC TIGALAPAN,NAVY + RIB,NAVY + RIB 3XL,0,42,0,0,44433,1866186,0
Feb-2026,DC TIGALAPAN,NAVY + RIB,NAVY + RIB 3XL,0,42,0,0,44433,1866186,1866186
Mar-2026,DC TIGALAPAN,NAVY + RIB,NAVY + RIB 3XL,0,42,0,0,44433,1866186,1866186
Apr-2026,DC TIGALAPAN,NAVY + RIB,NAVY + RIB 3XL,0,42,0,0,44433,1866186,1866186
Mei-2026,DC TIGALAPAN,NAVY + RIB,NAVY + RIB 3XL,0,42,0,0,44433,1866186,1866186
Jun-2026,DC TIGALAPAN,NAVY + RIB,NAVY + RIB 3XL,0,2,0,0,44433,88866,1866186
Jul-2026,DC TIGALAPAN,NAVY + RIB,NAVY + RIB 3XL,0,2,0,0,44433,88866,88866
Agu-2026,DC TIGALAPAN,NAVY + RIB,NAVY + RIB 3XL,0,2,0,0,44433,88866,88866
Sep-2026,DC TIGALAPAN,NAVY + RIB,NAVY + RIB 3XL,0,2,0,0,44433,88866,88866
Okt-2026,DC TIGALAPAN,NAVY + RIB,NAVY + RIB 3XL,0,67,0,0,44433,2977011,88866
Jan-2026,DC TIGALAPAN,NAVY + RIB,NAVY + RIB L,0,293,0,0,35115,10288695,0
Feb-2026,DC TIGALAPAN,NAVY + RIB,NAVY + RIB L,0,278,0,0,35115,9761970,10288695
Mar-2026,DC TIGALAPAN,NAVY + RIB,NAVY + RIB L,0,233,0,0,35115,8181795,9761970
Apr-2026,DC TIGALAPAN,NAVY + RIB,NAVY + RIB L,0,188,0,0,35115,6601620,8181795
Mei-2026,DC TIGALAPAN,NAVY + RIB,NAVY + RIB L,0,128,0,0,35115,4494720,6601620
Jun-2026,DC TIGALAPAN,NAVY + RIB,NAVY + RIB L,0,213,0,0,35115,7479495,4494720
Jul-2026,DC TIGALAPAN,NAVY + RIB,NAVY + RIB L,0,108,0,0,35115,3792420,7479495
Agu-2026,DC TIGALAPAN,NAVY + RIB,NAVY + RIB L,0,111,0,0,35115,3897765,3792420
Sep-2026,DC TIGALAPAN,NAVY + RIB,NAVY + RIB L,0,156,0,0,35115,5477940,3897765
Okt-2026,DC TIGALAPAN,NAVY + RIB,NAVY + RIB L,0,111,0,0,35115,3897765,5477940
Jan-2026,DC TIGALAPAN,NAVY + RIB,NAVY + RIB M,0,297,0,0,35191,10451727,0
Feb-2026,DC TIGALAPAN,NAVY + RIB,NAVY + RIB M,0,237,0,0,32964,7812468,10451727
Mar-2026,DC TIGALAPAN,NAVY + RIB,NAVY + RIB M,0,207,0,0,32964,6823548,7812468
Apr-2026,DC TIGALAPAN,NAVY + RIB,NAVY + RIB M,0,162,0,0,32964,5340168,6823548
Mei-2026,DC TIGALAPAN,NAVY + RIB,NAVY + RIB M,0,132,0,0,32964,4351248,5340168
Jun-2026,DC TIGALAPAN,NAVY + RIB,NAVY + RIB M,0,107,0,0,32964,3527148,4351248
Okt-2026,DC TIGALAPAN,NAVY + RIB,NAVY + RIB M,0,85,0,0,32964,2801940,0
Jan-2026,DC TIGALAPAN,NAVY + RIB,NAVY + RIB S,0,95,0,0,34613,3288235,0
Feb-2026,DC TIGALAPAN,NAVY + RIB,NAVY + RIB S,0,80,0,0,34613,2769040,3288235
Mar-2026,DC TIGALAPAN,NAVY + RIB,NAVY + RIB S,0,80,0,0,34613,2769040,2769040
Apr-2026,DC TIGALAPAN,NAVY + RIB,NAVY + RIB S,0,80,0,0,34613,2769040,2769040
Mei-2026,DC TIGALAPAN,NAVY + RIB,NAVY + RIB S,0,80,0,0,34613,2769040,2769040
Jun-2026,DC TIGALAPAN,NAVY + RIB,NAVY + RIB S,0,20,0,0,34613,692260,2769040
Okt-2026,DC TIGALAPAN,NAVY + RIB,NAVY + RIB S,0,69,0,0,34613,2388297,0
Jan-2026,DC TIGALAPAN,NAVY + RIB,NAVY + RIB XL,0,199,0,0,35116,6988084,0
Feb-2026,DC TIGALAPAN,NAVY + RIB,NAVY + RIB XL,0,169,0,0,35116,5934604,6988084
Mar-2026,DC TIGALAPAN,NAVY + RIB,NAVY + RIB XL,0,124,0,0,35116,4354384,5934604
Apr-2026,DC TIGALAPAN,NAVY + RIB,NAVY + RIB XL,0,94,0,0,35116,3300904,4354384
Mei-2026,DC TIGALAPAN,NAVY + RIB,NAVY + RIB XL,0,63,0,0,35116,2212308,3300904
Jun-2026,DC TIGALAPAN,NAVY + RIB,NAVY + RIB XL,0,115,0,0,35116,4038340,2212308
Jul-2026,DC TIGALAPAN,NAVY + RIB,NAVY + RIB XL,0,70,0,0,35116,2458120,4038340
Agu-2026,DC TIGALAPAN,NAVY + RIB,NAVY + RIB XL,0,10,0,0,35116,351160,2458120
Sep-2026,DC TIGALAPAN,NAVY + RIB,NAVY + RIB XL,0,10,0,0,35116,351160,351160
Okt-2026,DC TIGALAPAN,NAVY + RIB,NAVY + RIB XL,0,110,0,0,35116,3862760,351160
Okt-2026,DC TIGALAPAN,NAVY KID + RIB,NAVY KID + RIB XS,0,6,0,0,0,0,0
Jan-2026,DC TIGALAPAN,PUTIH + RIB,PUTIH + RIB 2XL,0,64,0,0,35692,2284288,0
Feb-2026,DC TIGALAPAN,PUTIH + RIB,PUTIH + RIB 2XL,0,44,0,0,35692,1570448,2284288
Mei-2026,DC TIGALAPAN,PUTIH + RIB,PUTIH + RIB 2XL,0,39,0,0,35692,1391988,0
Jun-2026,DC TIGALAPAN,PUTIH + RIB,PUTIH + RIB 2XL,0,6,0,0,35692,214152,1391988
Agu-2026,DC TIGALAPAN,PUTIH + RIB,PUTIH + RIB 2XL,0,1,0,0,35692,35692,0
Sep-2026,DC TIGALAPAN,PUTIH + RIB,PUTIH + RIB 2XL,0,1,0,0,35692,35692,35692
Okt-2026,DC TIGALAPAN,PUTIH + RIB,PUTIH + RIB 2XL,0,49,0,0,35692,1748908,35692
Jan-2026,DC TIGALAPAN,PUTIH + RIB,PUTIH + RIB 3XL,0,20,0,0,40627,812540,0
Okt-2026,DC TIGALAPAN,PUTIH + RIB,PUTIH + RIB 3XL,0,22,0,0,40627,893794,0
Jan-2026,DC TIGALAPAN,PUTIH + RIB,PUTIH + RIB L,0,317,0,0,32169,10197573,0
Feb-2026,DC TIGALAPAN,PUTIH + RIB,PUTIH + RIB L,0,221,0,0,32141,7103161,10197573
Mei-2026,DC TIGALAPAN,PUTIH + RIB,PUTIH + RIB L,0,60,0,0,32259,1935540,0
Jun-2026,DC TIGALAPAN,PUTIH + RIB,PUTIH + RIB L,0,77,0,0,32259,2483943,1935540
Jul-2026,DC TIGALAPAN,PUTIH + RIB,PUTIH + RIB L,0,2,0,0,32259,64518,2483943
Agu-2026,DC TIGALAPAN,PUTIH + RIB,PUTIH + RIB L,0,258,0,0,32259,8322822,64518
Sep-2026,DC TIGALAPAN,PUTIH + RIB,PUTIH + RIB L,0,253,0,0,32259,8161527,8322822
Okt-2026,DC TIGALAPAN,PUTIH + RIB,PUTIH + RIB L,0,88,0,0,32259,2838792,8161527
Jan-2026,DC TIGALAPAN,PUTIH + RIB,PUTIH + RIB M,0,131,0,0,32474,4254094,0
Feb-2026,DC TIGALAPAN,PUTIH + RIB,PUTIH + RIB M,0,90,0,0,32327,2909430,4254094
Mei-2026,DC TIGALAPAN,PUTIH + RIB,PUTIH + RIB M,0,80,0,0,32327,2586160,0
Jun-2026,DC TIGALAPAN,PUTIH + RIB,PUTIH + RIB M,0,16,0,0,32327,517232,2586160
Jul-2026,DC TIGALAPAN,PUTIH + RIB,PUTIH + RIB M,0,1,0,0,32327,32327,517232
Agu-2026,DC TIGALAPAN,PUTIH + RIB,PUTIH + RIB M,0,45,0,0,32327,1454715,32327
Sep-2026,DC TIGALAPAN,PUTIH + RIB,PUTIH + RIB M,0,50,0,0,32327,1616350,1454715
Okt-2026,DC TIGALAPAN,PUTIH + RIB,PUTIH + RIB M,0,7,0,0,32327,226289,1616350
Jan-2026,DC TIGALAPAN,PUTIH + RIB,PUTIH + RIB S,0,73,0,0,32719,2388487,0
Feb-2026,DC TIGALAPAN,PUTIH + RIB,PUTIH + RIB S,0,73,0,0,32719,2388487,2388487
Mar-2026,DC TIGALAPAN,PUTIH + RIB,PUTIH + RIB S,0,63,0,0,32719,2061297,2388487
Apr-2026,DC TIGALAPAN,PUTIH + RIB,PUTIH + RIB S,0,23,0,0,32719,752537,2061297
Mei-2026,DC TIGALAPAN,PUTIH + RIB,PUTIH + RIB S,0,82,0,0,32719,2682958,752537
Jun-2026,DC TIGALAPAN,PUTIH + RIB,PUTIH + RIB S,0,70,0,0,32719,2290330,2682958
Jul-2026,DC TIGALAPAN,PUTIH + RIB,PUTIH + RIB S,0,4,0,0,32719,130876,2290330
Agu-2026,DC TIGALAPAN,PUTIH + RIB,PUTIH + RIB S,0,169,0,0,32719,5529511,130876
Sep-2026,DC TIGALAPAN,PUTIH + RIB,PUTIH + RIB S,0,99,0,0,32719,3239181,5529511
Okt-2026,DC TIGALAPAN,PUTIH + RIB,PUTIH + RIB S,0,228,0,0,32719,7459932,3239181
Jan-2026,DC TIGALAPAN,PUTIH + RIB,PUTIH + RIB XL,0,95,0,0,32650,3101750,0
Feb-2026,DC TIGALAPAN,PUTIH + RIB,PUTIH + RIB XL,0,70,0,0,32397,2267790,3101750
Mei-2026,DC TIGALAPAN,PUTIH + RIB,PUTIH + RIB XL,0,60,0,0,32397,1943820,0
Jun-2026,DC TIGALAPAN,PUTIH + RIB,PUTIH + RIB XL,0,33,0,0,32397,1069101,1943820
Sep-2026,DC TIGALAPAN,PUTIH + RIB,PUTIH + RIB XL,0,48,0,0,32397,1555056,0
Okt-2026,DC TIGALAPAN,PUTIH KID + RIB,PUTIH KID + RIB XS,0,6,0,0,0,0,0
Jun-2026,WIP,ABU TUA + RIB,ABU TUA + RIB L,0,0,0,100,0,3518000,0
Jul-2026,WIP,ABU TUA + RIB,ABU TUA + RIB L,0,0,0,100,0,3518000,3518000
Sep-2026,WIP,ABU TUA + RIB,ABU TUA + RIB L,0,0,0,50,0,1759000,0
Okt-2026,WIP,ABU TUA + RIB,ABU TUA + RIB L,0,0,0,50,0,1759000,1759000
Sep-2026,WIP,ABU TUA + RIB,ABU TUA + RIB M,0,0,0,100,0,3543200,0
Okt-2026,WIP,ABU TUA + RIB,ABU TUA + RIB M,0,0,0,100,0,3543200,3543200
Jun-2026,WIP,ABU TUA + RIB,ABU TUA + RIB XL,0,0,0,88,0,3158320,0
Jul-2026,WIP,ABU TUA + RIB,ABU TUA + RIB XL,0,0,0,88,0,3158320,3158320
Sep-2026,WIP,ABU TUA + RIB,ABU TUA + RIB XL,0,0,0,50,0,1794500,0
Okt-2026,WIP,ABU TUA + RIB,ABU TUA + RIB XL,0,0,0,50,0,1794500,1794500
Apr-2026,WIP,BENHUR + RIB,BENHUR + RIB L,0,0,0,200,0,6040000,0
Mei-2026,WIP,BENHUR + RIB,BENHUR + RIB L,0,0,0,100,0,3620900,6040000
Jun-2026,WIP,BENHUR + RIB,BENHUR + RIB L,0,0,0,200,0,7241800,3620900
Jul-2026,WIP,BENHUR + RIB,BENHUR + RIB L,0,0,0,100,0,3620900,7241800
Apr-2026,WIP,BENHUR + RIB,BENHUR + RIB M,0,0,0,200,0,6040000,0
Mei-2026,WIP,BENHUR + RIB,BENHUR + RIB M,0,0,0,100,0,3598600,6040000
Jun-2026,WIP,BENHUR + RIB,BENHUR + RIB M,0,0,0,50,0,1799300,3598600
Jul-2026,WIP,BENHUR + RIB,BENHUR + RIB S,0,0,0,288,0,10407456,0
Jun-2026,WIP,BENHUR + RIB,BENHUR + RIB XL,0,0,0,138,0,4963170,0
Feb-2026,WIP,HITAM + RIB,HITAM + RIB 2XL,0,0,0,0,0,2585704,0
Mar-2026,WIP,HITAM + RIB,HITAM + RIB 2XL,0,0,0,84,0,2545833,2585704
Apr-2026,WIP,HITAM + RIB,HITAM + RIB 2XL,0,0,0,88,0,2750000,2545833
Mei-2026,WIP,HITAM + RIB,HITAM + RIB 2XL,0,0,0,193,0,7741423,2750000
Jun-2026,WIP,HITAM + RIB,HITAM + RIB 2XL,0,0,0,293,0,11752523,7741423
Jul-2026,WIP,HITAM + RIB,HITAM + RIB 2XL,0,0,0,184,0,7380424,11752523
Sep-2026,WIP,HITAM + RIB,HITAM + RIB 2XL,0,0,0,100,0,4011100,0
Okt-2026,WIP,HITAM + RIB,HITAM + RIB 2XL,0,0,0,50,0,2005550,4011100
Jun-2026,WIP,HITAM + RIB,HITAM + RIB 3XL,0,0,0,144,0,6619392,0
Jan-2026,WIP,HITAM + RIB,HITAM + RIB L,0,0,0,500,0,6119792,0
Feb-2026,WIP,HITAM + RIB,HITAM + RIB L,0,0,0,0,0,18469311,6119792
Mar-2026,WIP,HITAM + RIB,HITAM + RIB L,0,0,0,1300,0,38747024,18469311
Mei-2026,WIP,HITAM + RIB,HITAM + RIB L,0,0,0,150,0,5256900,0
Jun-2026,WIP,HITAM + RIB,HITAM + RIB L,0,0,0,450,0,15770700,5256900
Jul-2026,WIP,HITAM + RIB,HITAM + RIB L,0,0,0,600,0,21027600,15770700
Agu-2026,WIP,HITAM + RIB,HITAM + RIB L,0,0,0,200,0,7009200,21027600
Sep-2026,WIP,HITAM + RIB,HITAM + RIB L,0,0,0,650,0,22779900,7009200
Okt-2026,WIP,HITAM + RIB,HITAM + RIB L,0,0,0,350,0,12266100,22779900
Feb-2026,WIP,HITAM + RIB,HITAM + RIB M,0,0,0,0,0,4617328,0
Mar-2026,WIP,HITAM + RIB,HITAM + RIB M,0,0,0,550,0,16342758,4617328
Apr-2026,WIP,HITAM + RIB,HITAM + RIB M,0,0,0,50,0,1562500,16342758
Mei-2026,WIP,HITAM + RIB,HITAM + RIB M,0,0,0,375,0,13158375,1562500
Jun-2026,WIP,HITAM + RIB,HITAM + RIB M,0,0,0,450,0,15790050,13158375
Jul-2026,WIP,HITAM + RIB,HITAM + RIB M,0,0,0,250,0,8772250,15790050
Agu-2026,WIP,HITAM + RIB,HITAM + RIB M,0,0,0,50,0,1754450,8772250
Sep-2026,WIP,HITAM + RIB,HITAM + RIB M,0,0,0,150,0,5263350,1754450
Okt-2026,WIP,HITAM + RIB,HITAM + RIB M,0,0,0,100,0,3508900,5263350
Mei-2026,WIP,HITAM + RIB,HITAM + RIB S,0,0,0,75,0,2646375,0
Jun-2026,WIP,HITAM + RIB,HITAM + RIB S,0,0,0,225,0,7939125,2646375
Jul-2026,WIP,HITAM + RIB,HITAM + RIB S,0,0,0,200,0,7057000,7939125
Sep-2026,WIP,HITAM + RIB,HITAM + RIB S,0,0,0,100,0,3528500,0
Okt-2026,WIP,HITAM + RIB,HITAM + RIB S,0,0,0,50,0,1764250,3528500
Jan-2026,WIP,HITAM + RIB,HITAM + RIB XL,0,0,0,352,0,2692708,0
Feb-2026,WIP,HITAM + RIB,HITAM + RIB XL,0,0,0,0,0,15452657,2692708
Mar-2026,WIP,HITAM + RIB,HITAM + RIB XL,0,0,0,726,0,21676885,15452657
Apr-2026,WIP,HITAM + RIB,HITAM + RIB XL,0,0,0,50,0,1562500,21676885
Mei-2026,WIP,HITAM + RIB,HITAM + RIB XL,0,0,0,175,0,6299825,1562500
Jun-2026,WIP,HITAM + RIB,HITAM + RIB XL,0,0,0,150,0,5399850,6299825
Jul-2026,WIP,HITAM + RIB,HITAM + RIB XL,0,0,0,250,0,8999750,5399850
Agu-2026,WIP,HITAM + RIB,HITAM + RIB XL,0,0,0,138,0,4967862,8999750
Sep-2026,WIP,HITAM + RIB,HITAM + RIB XL,0,0,0,100,0,3599900,4967862
Okt-2026,WIP,HITAM + RIB,HITAM + RIB XL,0,0,0,50,0,1799950,3599900
Jun-2026,WIP,MAROON + RIB,MAROON + RIB 2XL,0,0,0,84,0,3446940,0
Jul-2026,WIP,MAROON + RIB,MAROON + RIB 2XL,0,0,0,84,0,3446940,3446940
Jun-2026,WIP,MAROON + RIB,MAROON + RIB 3XL,0,0,0,144,0,6680160,0
Jan-2026,WIP,MAROON + RIB,MAROON + RIB L,0,0,0,100,0,2937500,0
Mei-2026,WIP,MAROON + RIB,MAROON + RIB L,0,0,0,100,0,3613000,0
Jun-2026,WIP,MAROON + RIB,MAROON + RIB L,0,0,0,350,0,12645500,3613000
Jul-2026,WIP,MAROON + RIB,MAROON + RIB L,0,0,0,150,0,5419500,12645500
Okt-2026,WIP,MAROON + RIB,MAROON + RIB L,0,0,0,200,0,7226000,0
Mei-2026,WIP,MAROON + RIB,MAROON + RIB M,0,0,0,50,0,1783100,0
Jun-2026,WIP,MAROON + RIB,MAROON + RIB M,0,0,0,200,0,7132400,1783100
Jul-2026,WIP,MAROON + RIB,MAROON + RIB M,0,0,0,100,0,3566200,7132400
Sep-2026,WIP,MAROON + RIB,MAROON + RIB M,0,0,0,100,0,3566200,0
Okt-2026,WIP,MAROON + RIB,MAROON + RIB M,0,0,0,50,0,1783100,3566200
Jun-2026,WIP,MAROON + RIB,MAROON + RIB S,0,0,0,100,0,3542500,0
Jul-2026,WIP,MAROON + RIB,MAROON + RIB S,0,0,0,100,0,3542500,3542500
Mei-2026,WIP,MAROON + RIB,MAROON + RIB XL,0,0,0,50,0,1899950,0
Jun-2026,WIP,MAROON + RIB,MAROON + RIB XL,0,0,0,238,0,9043762,1899950
Jul-2026,WIP,MAROON + RIB,MAROON + RIB XL,0,0,0,50,0,1899950,9043762
Sep-2026,WIP,MAROON + RIB,MAROON + RIB XL,0,0,0,100,0,3799900,0
Okt-2026,WIP,MAROON + RIB,MAROON + RIB XL,0,0,0,50,0,1899950,3799900
Mei-2026,WIP,MERAH + RIB,MERAH + RIB 2XL,0,0,0,134,0,4925438,0
Jun-2026,WIP,MERAH + RIB,MERAH + RIB 2XL,0,0,0,134,0,4925438,4925438
Jul-2026,WIP,MERAH + RIB,MERAH + RIB 2XL,0,0,0,50,0,1837850,4925438
Mei-2026,WIP,MERAH + RIB,MERAH + RIB 3XL,0,0,0,72,0,3253896,0
Jun-2026,WIP,MERAH + RIB,MERAH + RIB 3XL,0,0,0,216,0,9761688,3253896
Jul-2026,WIP,MERAH + RIB,MERAH + RIB 3XL,0,0,0,144,0,6507792,9761688
Agu-2026,WIP,MERAH + RIB,MERAH + RIB 3XL,0,0,0,72,0,3253896,6507792
Mei-2026,WIP,MERAH + RIB,MERAH + RIB L,0,0,0,250,0,8938750,0
Jun-2026,WIP,MERAH + RIB,MERAH + RIB L,0,0,0,1250,0,44693750,8938750
Jul-2026,WIP,MERAH + RIB,MERAH + RIB L,0,0,0,900,0,32179500,44693750
Agu-2026,WIP,MERAH + RIB,MERAH + RIB L,0,0,0,100,0,3575500,32179500
Mei-2026,WIP,MERAH + RIB,MERAH + RIB M,0,0,0,600,0,21453000,0
Jun-2026,WIP,MERAH + RIB,MERAH + RIB M,0,0,0,650,0,23240750,21453000
Jul-2026,WIP,MERAH + RIB,MERAH + RIB M,0,0,0,350,0,12514250,23240750
Agu-2026,WIP,MERAH + RIB,MERAH + RIB M,0,0,0,100,0,3575500,12514250
Mei-2026,WIP,MERAH + RIB,MERAH + RIB S,0,0,0,100,0,3597200,0
Jun-2026,WIP,MERAH + RIB,MERAH + RIB S,0,0,0,150,0,5395800,3597200
Jul-2026,WIP,MERAH + RIB,MERAH + RIB S,0,0,0,550,0,19784600,5395800
Mei-2026,WIP,MERAH + RIB,MERAH + RIB XL,0,0,0,600,0,21453000,0
Jun-2026,WIP,MERAH + RIB,MERAH + RIB XL,0,0,0,688,0,24599440,21453000
Jul-2026,WIP,MERAH + RIB,MERAH + RIB XL,0,0,0,338,0,12085190,24599440
Agu-2026,WIP,MERAH + RIB,MERAH + RIB XL,0,0,0,188,0,6721940,12085190
Mei-2026,WIP,NAVY + RIB,NAVY + RIB 2XL,0,0,0,84,0,2889012,0
Jun-2026,WIP,NAVY + RIB,NAVY + RIB 2XL,0,0,0,168,0,5778024,2889012
Mei-2026,WIP,NAVY + RIB,NAVY + RIB L,0,0,0,50,0,1755750,0
Jun-2026,WIP,NAVY + RIB,NAVY + RIB L,0,0,0,250,0,8778750,1755750
Jul-2026,WIP,NAVY + RIB,NAVY + RIB L,0,0,0,100,0,3511500,8778750
Agu-2026,WIP,NAVY + RIB,NAVY + RIB L,0,0,0,100,0,3511500,3511500
Sep-2026,WIP,NAVY + RIB,NAVY + RIB M,0,0,0,50,0,1648200,0
Mei-2026,WIP,NAVY + RIB,NAVY + RIB XL,0,0,0,44,0,1545104,0
Jun-2026,WIP,NAVY + RIB,NAVY + RIB XL,0,0,0,50,0,1755800,1545104
Sep-2026,WIP,NAVY + RIB,NAVY + RIB XL,0,0,0,50,0,1755800,0
Mei-2026,WIP,PUTIH + RIB,PUTIH + RIB 2XL,0,0,0,55,0,1963060,0
Jun-2026,WIP,PUTIH + RIB,PUTIH + RIB 2XL,0,0,0,134,0,4782728,1963060
Jul-2026,WIP,PUTIH + RIB,PUTIH + RIB 2XL,0,0,0,100,0,3569200,4782728
Sep-2026,WIP,PUTIH + RIB,PUTIH + RIB 2XL,0,0,0,100,0,3569200,0
Okt-2026,WIP,PUTIH + RIB,PUTIH + RIB 2XL,0,0,0,50,0,1784600,3569200
Jun-2026,WIP,PUTIH + RIB,PUTIH + RIB 3XL,0,0,0,72,0,2925144,0
Jan-2026,WIP,PUTIH + RIB,PUTIH + RIB L,0,0,0,100,0,0,0
Apr-2026,WIP,PUTIH + RIB,PUTIH + RIB L,0,0,0,400,0,10430000,0
Mei-2026,WIP,PUTIH + RIB,PUTIH + RIB L,0,0,0,440,0,14193960,10430000
Jun-2026,WIP,PUTIH + RIB,PUTIH + RIB L,0,0,0,850,0,27420150,14193960
Jul-2026,WIP,PUTIH + RIB,PUTIH + RIB L,0,0,0,450,0,14516550,27420150
Agu-2026,WIP,PUTIH + RIB,PUTIH + RIB L,0,0,0,200,0,6451800,14516550
Sep-2026,WIP,PUTIH + RIB,PUTIH + RIB L,0,0,0,100,0,3225900,6451800
Okt-2026,WIP,PUTIH + RIB,PUTIH + RIB L,0,0,0,100,0,3225900,3225900
Jan-2026,WIP,PUTIH + RIB,PUTIH + RIB M,0,0,0,50,0,0,0
Apr-2026,WIP,PUTIH + RIB,PUTIH + RIB M,0,0,0,350,0,9126250,0
Mei-2026,WIP,PUTIH + RIB,PUTIH + RIB M,0,0,0,325,0,10506275,9126250
Jun-2026,WIP,PUTIH + RIB,PUTIH + RIB M,0,0,0,450,0,14547150,10506275
Jul-2026,WIP,PUTIH + RIB,PUTIH + RIB M,0,0,0,100,0,3232700,14547150
Sep-2026,WIP,PUTIH + RIB,PUTIH + RIB M,0,0,0,50,0,1616350,0
Okt-2026,WIP,PUTIH + RIB,PUTIH + RIB M,0,0,0,350,0,11314450,1616350
Mei-2026,WIP,PUTIH + RIB,PUTIH + RIB S,0,0,0,55,0,1799545,0
Jun-2026,WIP,PUTIH + RIB,PUTIH + RIB S,0,0,0,150,0,4907850,1799545
Jul-2026,WIP,PUTIH + RIB,PUTIH + RIB S,0,0,0,200,0,6543800,4907850
Sep-2026,WIP,PUTIH + RIB,PUTIH + RIB S,0,0,0,100,0,3271900,0
Okt-2026,WIP,PUTIH + RIB,PUTIH + RIB S,0,0,0,50,0,1635950,3271900
Jan-2026,WIP,PUTIH + RIB,PUTIH + RIB XL,0,0,0,50,0,0,0
Apr-2026,WIP,PUTIH + RIB,PUTIH + RIB XL,0,0,0,350,0,9126250,0
Mei-2026,WIP,PUTIH + RIB,PUTIH + RIB XL,0,0,0,225,0,7289325,9126250
Jun-2026,WIP,PUTIH + RIB,PUTIH + RIB XL,0,0,0,400,0,12958800,7289325
Jul-2026,WIP,PUTIH + RIB,PUTIH + RIB XL,0,0,0,50,0,1619850,12958800
Sep-2026,WIP,PUTIH + RIB,PUTIH + RIB XL,0,0,0,50,0,1619850,0
Okt-2026,WIP,PUTIH + RIB,PUTIH + RIB XL,0,0,0,250,0,8099250,1619850
Sep-2026,ON DELIVERY TO DC,ABU TUA + RIB,ABU TUA + RIB 2XL,0,0,0,50,0,1903500,0
Mei-2026,ON DELIVERY TO DC,ABU TUA + RIB,ABU TUA + RIB 3XL,0,0,0,1,0,47562,0
Mei-2026,ON DELIVERY TO DC,ABU TUA + RIB,ABU TUA + RIB L,0,0,0,201,0,7071180,0
Mei-2026,ON DELIVERY TO DC,ABU TUA + RIB,ABU TUA + RIB M,0,0,0,71,0,2515672,0
Sep-2026,ON DELIVERY TO DC,ABU TUA + RIB,ABU TUA + RIB M,0,0,0,50,0,1771600,0
Sep-2026,ON DELIVERY TO DC,ABU TUA + RIB,ABU TUA + RIB S,0,0,0,50,0,1756750,0
Mei-2026,ON DELIVERY TO DC,ABU TUA + RIB,ABU TUA + RIB XL,0,0,0,12,0,430680,0
Sep-2026,ON DELIVERY TO DC,ABU TUA + RIB,ABU TUA + RIB XL,0,0,0,50,0,1794500,0
Sep-2026,ON DELIVERY TO DC,BENHUR + RIB,BENHUR + RIB 2XL,0,0,0,49,0,1791587,0
Sep-2026,ON DELIVERY TO DC,BENHUR + RIB,BENHUR + RIB 3XL,0,0,0,71,0,3254711,0
Mei-2026,ON DELIVERY TO DC,BENHUR + RIB,BENHUR + RIB L,0,0,0,201,0,7278009,0
Jul-2026,ON DELIVERY TO DC,BENHUR + RIB,BENHUR + RIB L,0,0,0,110,0,3982990,0
Mei-2026,ON DELIVERY TO DC,BENHUR + RIB,BENHUR + RIB M,0,0,0,6,0,215916,0
Jul-2026,ON DELIVERY TO DC,BENHUR + RIB,BENHUR + RIB M,0,0,0,61,0,2195146,0
Sep-2026,ON DELIVERY TO DC,BENHUR + RIB,BENHUR + RIB M,0,0,0,48,0,1727328,0
Mei-2026,ON DELIVERY TO DC,BENHUR + RIB,BENHUR + RIB S,0,0,0,2,0,72274,0
Sep-2026,ON DELIVERY TO DC,BENHUR + RIB,BENHUR + RIB S,0,0,0,50,0,1806850,0
Mei-2026,ON DELIVERY TO DC,BENHUR + RIB,BENHUR + RIB XL,0,0,0,110,0,3956150,0
Jul-2026,ON DELIVERY TO DC,BENHUR + RIB,BENHUR + RIB XL,0,0,0,138,0,4963170,0
Sep-2026,ON DELIVERY TO DC,BENHUR + RIB,BENHUR + RIB XL,0,0,0,50,0,1798250,0
Feb-2026,ON DELIVERY TO DC,HITAM + RIB,HITAM + RIB 2XL,0,0,0,79,0,0,0
Mei-2026,ON DELIVERY TO DC,HITAM + RIB,HITAM + RIB 2XL,0,0,0,80,0,3208880,0
Jul-2026,ON DELIVERY TO DC,HITAM + RIB,HITAM + RIB 2XL,0,0,0,83,0,3329213,0
Agu-2026,ON DELIVERY TO DC,HITAM + RIB,HITAM + RIB 2XL,0,0,0,184,0,7380424,3329213
Okt-2026,ON DELIVERY TO DC,HITAM + RIB,HITAM + RIB 2XL,0,0,0,49,0,1965439,0
Jul-2026,ON DELIVERY TO DC,HITAM + RIB,HITAM + RIB 3XL,0,0,0,144,0,6619392,0
Jan-2026,ON DELIVERY TO DC,HITAM + RIB,HITAM + RIB L,0,0,0,0,0,3501579,0
Feb-2026,ON DELIVERY TO DC,HITAM + RIB,HITAM + RIB L,0,0,0,595,0,0,3501579
Apr-2026,ON DELIVERY TO DC,HITAM + RIB,HITAM + RIB L,0,0,0,493,0,17425454,0
Jul-2026,ON DELIVERY TO DC,HITAM + RIB,HITAM + RIB L,0,0,0,149,0,5221854,0
Agu-2026,ON DELIVERY TO DC,HITAM + RIB,HITAM + RIB L,0,0,0,297,0,10408662,5221854
Okt-2026,ON DELIVERY TO DC,HITAM + RIB,HITAM + RIB L,0,0,0,280,0,9812880,0
Jan-2026,ON DELIVERY TO DC,HITAM + RIB,HITAM + RIB M,0,0,0,0,0,1750790,0
Feb-2026,ON DELIVERY TO DC,HITAM + RIB,HITAM + RIB M,0,0,0,249,0,3494932,1750790
Apr-2026,ON DELIVERY TO DC,HITAM + RIB,HITAM + RIB M,0,0,0,150,0,5301862,0
Mei-2026,ON DELIVERY TO DC,HITAM + RIB,HITAM + RIB M,0,0,0,498,0,17474322,5301862
Jul-2026,ON DELIVERY TO DC,HITAM + RIB,HITAM + RIB M,0,0,0,381,0,13368909,0
Agu-2026,ON DELIVERY TO DC,HITAM + RIB,HITAM + RIB M,0,0,0,148,0,5193172,13368909
Okt-2026,ON DELIVERY TO DC,HITAM + RIB,HITAM + RIB M,0,0,0,67,0,2350963,0
Jul-2026,ON DELIVERY TO DC,HITAM + RIB,HITAM + RIB S,0,0,0,75,0,2646375,0
Agu-2026,ON DELIVERY TO DC,HITAM + RIB,HITAM + RIB S,0,0,0,100,0,3528500,2646375
Okt-2026,ON DELIVERY TO DC,HITAM + RIB,HITAM + RIB S,0,0,0,50,0,1764250,0
Jan-2026,ON DELIVERY TO DC,HITAM + RIB,HITAM + RIB XL,0,0,0,0,0,1750790,0
Feb-2026,ON DELIVERY TO DC,HITAM + RIB,HITAM + RIB XL,0,0,0,595,0,3494932,1750790
Apr-2026,ON DELIVERY TO DC,HITAM + RIB,HITAM + RIB XL,0,0,0,49,0,1731942,0
Mei-2026,ON DELIVERY TO DC,HITAM + RIB,HITAM + RIB XL,0,0,0,495,0,17819505,1731942
Jul-2026,ON DELIVERY TO DC,HITAM + RIB,HITAM + RIB XL,0,0,0,258,0,9287742,0
Agu-2026,ON DELIVERY TO DC,HITAM + RIB,HITAM + RIB XL,0,0,0,148,0,5327852,9287742
Okt-2026,ON DELIVERY TO DC,HITAM + RIB,HITAM + RIB XL,0,0,0,50,0,1799950,0
Agu-2026,ON DELIVERY TO DC,MAROON + RIB,MAROON + RIB 2XL,0,0,0,82,0,3364870,0
Jul-2026,ON DELIVERY TO DC,MAROON + RIB,MAROON + RIB 3XL,0,0,0,138,0,6401820,0
Jul-2026,ON DELIVERY TO DC,MAROON + RIB,MAROON + RIB L,0,0,0,198,0,7153740,0
Agu-2026,ON DELIVERY TO DC,MAROON + RIB,MAROON + RIB L,0,0,0,100,0,3613000,7153740
Sep-2026,ON DELIVERY TO DC,MAROON + RIB,MAROON + RIB L,0,0,0,100,0,3613000,3613000
Jul-2026,ON DELIVERY TO DC,MAROON + RIB,MAROON + RIB M,0,0,0,98,0,3494876,0
Agu-2026,ON DELIVERY TO DC,MAROON + RIB,MAROON + RIB M,0,0,0,50,0,1783100,3494876
Sep-2026,ON DELIVERY TO DC,MAROON + RIB,MAROON + RIB M,0,0,0,50,0,1783100,1783100
Okt-2026,ON DELIVERY TO DC,MAROON + RIB,MAROON + RIB M,0,0,0,50,0,1783100,1783100
Jul-2026,ON DELIVERY TO DC,MAROON + RIB,MAROON + RIB XL,0,0,0,184,0,6991816,0
Agu-2026,ON DELIVERY TO DC,MAROON + RIB,MAROON + RIB XL,0,0,0,50,0,1899950,6991816
Sep-2026,ON DELIVERY TO DC,MAROON + RIB,MAROON + RIB XL,0,0,0,50,0,1899950,1899950
Okt-2026,ON DELIVERY TO DC,MAROON + RIB,MAROON + RIB XL,0,0,0,50,0,1899950,1899950
Jul-2026,ON DELIVERY TO DC,MERAH + RIB,MERAH + RIB L,0,0,0,148,0,5291740,0
Agu-2026,ON DELIVERY TO DC,MERAH + RIB,MERAH + RIB L,0,0,0,165,0,5899575,5291740
Jul-2026,ON DELIVERY TO DC,MERAH + RIB,MERAH + RIB M,0,0,0,151,0,5399005,0
Agu-2026,ON DELIVERY TO DC,MERAH + RIB,MERAH + RIB M,0,0,0,210,0,7508550,5399005
Jul-2026,ON DELIVERY TO DC,MERAH + RIB,MERAH + RIB S,0,0,0,50,0,1798600,0
Agu-2026,ON DELIVERY TO DC,MERAH + RIB,MERAH + RIB S,0,0,0,20,0,719440,1798600
Jul-2026,ON DELIVERY TO DC,MERAH + RIB,MERAH + RIB XL,0,0,0,150,0,5363250,0
Agu-2026,ON DELIVERY TO DC,MERAH + RIB,MERAH + RIB XL,0,0,0,120,0,4290600,5363250
Jul-2026,ON DELIVERY TO DC,NAVY + RIB,NAVY + RIB 2XL,0,0,0,81,0,2785833,0
Sep-2026,ON DELIVERY TO DC,NAVY + RIB,NAVY + RIB 3XL,0,0,0,70,0,3110310,0
Sep-2026,ON DELIVERY TO DC,NAVY + RIB,NAVY + RIB M,0,0,0,100,0,3296400,0
Okt-2026,ON DELIVERY TO DC,NAVY + RIB,NAVY + RIB M,0,0,0,5,0,164820,3296400
Sep-2026,ON DELIVERY TO DC,NAVY + RIB,NAVY + RIB S,0,0,0,99,0,3426687,0
Sep-2026,ON DELIVERY TO DC,NAVY + RIB,NAVY + RIB XL,0,0,0,100,0,3511600,0
Okt-2026,ON DELIVERY TO DC,NAVY + RIB,NAVY + RIB XL,0,0,0,5,0,175580,3511600
Jul-2026,ON DELIVERY TO DC,PUTIH + RIB,PUTIH + RIB 2XL,0,0,0,48,0,1713216,0
Sep-2026,ON DELIVERY TO DC,PUTIH + RIB,PUTIH + RIB 2XL,0,0,0,98,0,3497816,0
Sep-2026,ON DELIVERY TO DC,PUTIH + RIB,PUTIH + RIB 3XL,0,0,0,72,0,2925144,0
Jan-2026,ON DELIVERY TO DC,PUTIH + RIB,PUTIH + RIB L,0,0,0,0,0,6411700,0
Jul-2026,ON DELIVERY TO DC,PUTIH + RIB,PUTIH + RIB L,0,0,0,395,0,12742305,0
Agu-2026,ON DELIVERY TO DC,PUTIH + RIB,PUTIH + RIB L,0,0,0,114,0,3677526,12742305
Jul-2026,ON DELIVERY TO DC,PUTIH + RIB,PUTIH + RIB M,0,0,0,300,0,9698100,0
Agu-2026,ON DELIVERY TO DC,PUTIH + RIB,PUTIH + RIB M,0,0,0,7,0,226289,9698100
Sep-2026,ON DELIVERY TO DC,PUTIH + RIB,PUTIH + RIB M,0,0,0,197,0,6368419,226289
Jul-2026,ON DELIVERY TO DC,PUTIH + RIB,PUTIH + RIB S,0,0,0,50,0,1635950,0
Agu-2026,ON DELIVERY TO DC,PUTIH + RIB,PUTIH + RIB S,0,0,0,26,0,850694,1635950
Sep-2026,ON DELIVERY TO DC,PUTIH + RIB,PUTIH + RIB S,0,0,0,99,0,3239181,850694
Jul-2026,ON DELIVERY TO DC,PUTIH + RIB,PUTIH + RIB XL,0,0,0,296,0,9589512,0
Sep-2026,ON DELIVERY TO DC,PUTIH + RIB,PUTIH + RIB XL,0,0,0,197,0,6382209,0
Sep-2026,DC TIGALAPAN,ABU TUA + RIB,ABU TUA + RIB 2XL,0,0,0,0,38070,0,571050
Feb-2026,DC TIGALAPAN,ABU TUA + RIB,ABU TUA + RIB 3XL,0,0,0,0,47562,0,1284174
Sep-2026,DC TIGALAPAN,ABU TUA + RIB,ABU TUA + RIB M,0,0,0,0,35432,0,389752
Sep-2026,DC TIGALAPAN,ABU TUA + RIB,ABU TUA + RIB S,0,0,0,0,35135,0,527025
Sep-2026,DC TIGALAPAN,BENHUR + RIB,BENHUR + RIB 2XL,0,0,0,0,36563,0,694697
Feb-2026,DC TIGALAPAN,BENHUR + RIB,BENHUR + RIB 3XL,0,0,0,0,45841,0,1237707
Mar-2026,DC TIGALAPAN,BENHUR + RIB,BENHUR + RIB L,0,0,0,0,36209,0,1375942
Sep-2026,DC TIGALAPAN,BENHUR + RIB,BENHUR + RIB L,0,0,0,0,36209,0,5648604
Feb-2026,DC TIGALAPAN,BENHUR + RIB,BENHUR + RIB M,0,0,0,0,35986,0,503804
Mar-2026,DC TIGALAPAN,BENHUR + RIB,BENHUR + RIB XL,0,0,0,0,35965,0,179825
Feb-2026,DC TIGALAPAN,HITAM + RIB,HITAM + RIB 2XL,0,0,0,0,40134,0,561876
Jun-2026,DC TIGALAPAN,HITAM + RIB,HITAM + RIB 3XL,0,0,0,0,45968,0,919360
Mar-2026,DC TIGALAPAN,HITAM + RIB,HITAM + RIB L,0,0,0,0,35188,0,492632
Feb-2026,DC TIGALAPAN,HITAM + RIB,HITAM + RIB M,0,0,0,0,34868,0,11436704
Mar-2026,DC TIGALAPAN,HITAM + RIB,HITAM + RIB XL,0,0,0,0,38857,0,38857
Sep-2026,DC TIGALAPAN,MAROON + RIB,MAROON + RIB L,0,0,0,0,36130,0,1987150
Jul-2026,DC TIGALAPAN,MAROON + RIB,MAROON + RIB M,0,0,0,0,35662,0,2924284
Sep-2026,DC TIGALAPAN,MAROON + RIB,MAROON + RIB M,0,0,0,0,35662,0,1783100
Sep-2026,DC TIGALAPAN,MAROON + RIB,MAROON + RIB S,0,0,0,0,35425,0,1417000
Jul-2026,DC TIGALAPAN,MAROON + RIB,MAROON + RIB XL,0,0,0,0,37999,0,2317939
Sep-2026,DC TIGALAPAN,MAROON + RIB,MAROON + RIB XL,0,0,0,0,37999,0,341991
Feb-2026,DC TIGALAPAN,MERAH + RIB,MERAH + RIB 3XL,0,0,0,0,45193,0,90386
Jul-2026,DC TIGALAPAN,MERAH + RIB,MERAH + RIB M,0,0,0,0,35755,0,16554565
Jul-2026,DC TIGALAPAN,MERAH + RIB,MERAH + RIB XL,0,0,0,0,35755,0,11834905
Mei-2026,DC TIGALAPAN,NAVY + RIB,NAVY + RIB 2XL,0,0,0,0,34393,0,687860
Jul-2026,DC TIGALAPAN,NAVY + RIB,NAVY + RIB M,0,0,0,0,32964,0,3527148
Jul-2026,DC TIGALAPAN,NAVY + RIB,NAVY + RIB S,0,0,0,0,34613,0,692260
Mar-2026,DC TIGALAPAN,PUTIH + RIB,PUTIH + RIB 2XL,0,0,0,0,35692,0,1570448
Jul-2026,DC TIGALAPAN,PUTIH + RIB,PUTIH + RIB 2XL,0,0,0,0,35692,0,214152
Feb-2026,DC TIGALAPAN,PUTIH + RIB,PUTIH + RIB 3XL,0,0,0,0,40627,0,812540
Mar-2026,DC TIGALAPAN,PUTIH + RIB,PUTIH + RIB L,0,0,0,0,32141,0,7103161
Mar-2026,DC TIGALAPAN,PUTIH + RIB,PUTIH + RIB M,0,0,0,0,32327,0,2909430
Mar-2026,DC TIGALAPAN,PUTIH + RIB,PUTIH + RIB XL,0,0,0,0,32397,0,2267790
Jul-2026,DC TIGALAPAN,PUTIH + RIB,PUTIH + RIB XL,0,0,0,0,32397,0,1069101
Okt-2026,DC TIGALAPAN,PUTIH + RIB,PUTIH + RIB XL,0,0,0,0,32397,0,1555056
Agu-2026,WIP,ABU TUA + RIB,ABU TUA + RIB L,0,0,0,0,0,0,3518000
Agu-2026,WIP,ABU TUA + RIB,ABU TUA + RIB XL,0,0,0,0,0,0,3158320
Agu-2026,WIP,BENHUR + RIB,BENHUR + RIB L,0,0,0,0,0,0,3620900
Jul-2026,WIP,BENHUR + RIB,BENHUR + RIB M,0,0,0,0,0,0,1799300
Agu-2026,WIP,BENHUR + RIB,BENHUR + RIB S,0,0,0,0,0,0,10407456
Jul-2026,WIP,BENHUR + RIB,BENHUR + RIB XL,0,0,0,0,0,0,4963170
Agu-2026,WIP,HITAM + RIB,HITAM + RIB 2XL,0,0,0,0,0,0,7380424
Jul-2026,WIP,HITAM + RIB,HITAM + RIB 3XL,0,0,0,0,0,0,6619392
Apr-2026,WIP,HITAM + RIB,HITAM + RIB L,0,0,0,0,0,0,38747024
Agu-2026,WIP,HITAM + RIB,HITAM + RIB S,0,0,0,0,0,0,7057000
Agu-2026,WIP,MAROON + RIB,MAROON + RIB 2XL,0,0,0,0,0,0,3446940
Jul-2026,WIP,MAROON + RIB,MAROON + RIB 3XL,0,0,0,0,0,0,6680160
Feb-2026,WIP,MAROON + RIB,MAROON + RIB L,0,0,0,0,0,0,2937500
Agu-2026,WIP,MAROON + RIB,MAROON + RIB L,0,0,0,0,0,0,5419500
Agu-2026,WIP,MAROON + RIB,MAROON + RIB M,0,0,0,0,0,0,3566200
Agu-2026,WIP,MAROON + RIB,MAROON + RIB S,0,0,0,0,0,0,3542500
Agu-2026,WIP,MAROON + RIB,MAROON + RIB XL,0,0,0,0,0,0,1899950
Agu-2026,WIP,MERAH + RIB,MERAH + RIB 2XL,0,0,0,0,0,0,1837850
Sep-2026,WIP,MERAH + RIB,MERAH + RIB 3XL,0,0,0,0,0,0,3253896
Sep-2026,WIP,MERAH + RIB,MERAH + RIB L,0,0,0,0,0,0,3575500
Sep-2026,WIP,MERAH + RIB,MERAH + RIB M,0,0,0,0,0,0,3575500
Agu-2026,WIP,MERAH + RIB,MERAH + RIB S,0,0,0,0,0,0,19784600
Sep-2026,WIP,MERAH + RIB,MERAH + RIB XL,0,0,0,0,0,0,6721940
Jul-2026,WIP,NAVY + RIB,NAVY + RIB 2XL,0,0,0,0,0,0,5778024
Sep-2026,WIP,NAVY + RIB,NAVY + RIB L,0,0,0,0,0,0,3511500
Okt-2026,WIP,NAVY + RIB,NAVY + RIB M,0,0,0,0,0,0,1648200
Jul-2026,WIP,NAVY + RIB,NAVY + RIB XL,0,0,0,0,0,0,1755800
Okt-2026,WIP,NAVY + RIB,NAVY + RIB XL,0,0,0,0,0,0,1755800
Agu-2026,WIP,PUTIH + RIB,PUTIH + RIB 2XL,0,0,0,0,0,0,3569200
Jul-2026,WIP,PUTIH + RIB,PUTIH + RIB 3XL,0,0,0,0,0,0,2925144
Agu-2026,WIP,PUTIH + RIB,PUTIH + RIB M,0,0,0,0,0,0,3232700
Agu-2026,WIP,PUTIH + RIB,PUTIH + RIB S,0,0,0,0,0,0,6543800
Agu-2026,WIP,PUTIH + RIB,PUTIH + RIB XL,0,0,0,0,0,0,1619850
Okt-2026,ON DELIVERY TO DC,ABU TUA + RIB,ABU TUA + RIB 2XL,0,0,0,0,0,0,1903500
Jun-2026,ON DELIVERY TO DC,ABU TUA + RIB,ABU TUA + RIB 3XL,0,0,0,0,0,0,47562
Jun-2026,ON DELIVERY TO DC,ABU TUA + RIB,ABU TUA + RIB L,0,0,0,0,0,0,7071180
Jun-2026,ON DELIVERY TO DC,ABU TUA + RIB,ABU TUA + RIB M,0,0,0,0,0,0,2515672
Okt-2026,ON DELIVERY TO DC,ABU TUA + RIB,ABU TUA + RIB M,0,0,0,0,0,0,1771600
Okt-2026,ON DELIVERY TO DC,ABU TUA + RIB,ABU TUA + RIB S,0,0,0,0,0,0,1756750
Jun-2026,ON DELIVERY TO DC,ABU TUA + RIB,ABU TUA + RIB XL,0,0,0,0,0,0,430680
Okt-2026,ON DELIVERY TO DC,ABU TUA + RIB,ABU TUA + RIB XL,0,0,0,0,0,0,1794500
Okt-2026,ON DELIVERY TO DC,BENHUR + RIB,BENHUR + RIB 2XL,0,0,0,0,0,0,1791587
Okt-2026,ON DELIVERY TO DC,BENHUR + RIB,BENHUR + RIB 3XL,0,0,0,0,0,0,3254711
Jun-2026,ON DELIVERY TO DC,BENHUR + RIB,BENHUR + RIB L,0,0,0,0,0,0,7278009
Agu-2026,ON DELIVERY TO DC,BENHUR + RIB,BENHUR + RIB L,0,0,0,0,0,0,3982990
Jun-2026,ON DELIVERY TO DC,BENHUR + RIB,BENHUR + RIB M,0,0,0,0,0,0,215916
Agu-2026,ON DELIVERY TO DC,BENHUR + RIB,BENHUR + RIB M,0,0,0,0,0,0,2195146
Okt-2026,ON DELIVERY TO DC,BENHUR + RIB,BENHUR + RIB M,0,0,0,0,0,0,1727328
Jun-2026,ON DELIVERY TO DC,BENHUR + RIB,BENHUR + RIB S,0,0,0,0,0,0,72274
Okt-2026,ON DELIVERY TO DC,BENHUR + RIB,BENHUR + RIB S,0,0,0,0,0,0,1806850
Jun-2026,ON DELIVERY TO DC,BENHUR + RIB,BENHUR + RIB XL,0,0,0,0,0,0,3956150
Agu-2026,ON DELIVERY TO DC,BENHUR + RIB,BENHUR + RIB XL,0,0,0,0,0,0,4963170
Okt-2026,ON DELIVERY TO DC,BENHUR + RIB,BENHUR + RIB XL,0,0,0,0,0,0,1798250
Jun-2026,ON DELIVERY TO DC,HITAM + RIB,HITAM + RIB 2XL,0,0,0,0,0,0,3208880
Sep-2026,ON DELIVERY TO DC,HITAM + RIB,HITAM + RIB 2XL,0,0,0,0,0,0,7380424
Agu-2026,ON DELIVERY TO DC,HITAM + RIB,HITAM + RIB 3XL,0,0,0,0,0,0,6619392
Mei-2026,ON DELIVERY TO DC,HITAM + RIB,HITAM + RIB L,0,0,0,0,0,0,17425454
Sep-2026,ON DELIVERY TO DC,HITAM + RIB,HITAM + RIB L,0,0,0,0,0,0,10408662
Mar-2026,ON DELIVERY TO DC,HITAM + RIB,HITAM + RIB M,0,0,0,0,0,0,3494932
Jun-2026,ON DELIVERY TO DC,HITAM + RIB,HITAM + RIB M,0,0,0,0,0,0,17474322
Sep-2026,ON DELIVERY TO DC,HITAM + RIB,HITAM + RIB M,0,0,0,0,0,0,5193172
Sep-2026,ON DELIVERY TO DC,HITAM + RIB,HITAM + RIB S,0,0,0,0,0,0,3528500
Mar-2026,ON DELIVERY TO DC,HITAM + RIB,HITAM + RIB XL,0,0,0,0,0,0,3494932
Jun-2026,ON DELIVERY TO DC,HITAM + RIB,HITAM + RIB XL,0,0,0,0,0,0,17819505
Sep-2026,ON DELIVERY TO DC,HITAM + RIB,HITAM + RIB XL,0,0,0,0,0,0,5327852
Sep-2026,ON DELIVERY TO DC,MAROON + RIB,MAROON + RIB 2XL,0,0,0,0,0,0,3364870
Agu-2026,ON DELIVERY TO DC,MAROON + RIB,MAROON + RIB 3XL,0,0,0,0,0,0,6401820
Okt-2026,ON DELIVERY TO DC,MAROON + RIB,MAROON + RIB L,0,0,0,0,0,0,3613000
Sep-2026,ON DELIVERY TO DC,MERAH + RIB,MERAH + RIB L,0,0,0,0,0,0,5899575
Sep-2026,ON DELIVERY TO DC,MERAH + RIB,MERAH + RIB M,0,0,0,0,0,0,7508550
Sep-2026,ON DELIVERY TO DC,MERAH + RIB,MERAH + RIB S,0,0,0,0,0,0,719440
Sep-2026,ON DELIVERY TO DC,MERAH + RIB,MERAH + RIB XL,0,0,0,0,0,0,4290600
Agu-2026,ON DELIVERY TO DC,NAVY + RIB,NAVY + RIB 2XL,0,0,0,0,0,0,2785833
Okt-2026,ON DELIVERY TO DC,NAVY + RIB,NAVY + RIB 3XL,0,0,0,0,0,0,3110310
Okt-2026,ON DELIVERY TO DC,NAVY + RIB,NAVY + RIB S,0,0,0,0,0,0,3426687
Agu-2026,ON DELIVERY TO DC,PUTIH + RIB,PUTIH + RIB 2XL,0,0,0,0,0,0,1713216
Okt-2026,ON DELIVERY TO DC,PUTIH + RIB,PUTIH + RIB 2XL,0,0,0,0,0,0,3497816
Okt-2026,ON DELIVERY TO DC,PUTIH + RIB,PUTIH + RIB 3XL,0,0,0,0,0,0,2925144
Feb-2026,ON DELIVERY TO DC,PUTIH + RIB,PUTIH + RIB L,0,0,0,0,0,0,6411700
Sep-2026,ON DELIVERY TO DC,PUTIH + RIB,PUTIH + RIB L,0,0,0,0,0,0,3677526
Okt-2026,ON DELIVERY TO DC,PUTIH + RIB,PUTIH + RIB M,0,0,0,0,0,0,6368419
Okt-2026,ON DELIVERY TO DC,PUTIH + RIB,PUTIH + RIB S,0,0,0,0,0,0,3239181
Agu-2026,ON DELIVERY TO DC,PUTIH + RIB,PUTIH + RIB XL,0,0,0,0,0,0,9589512
Okt-2026,ON DELIVERY TO DC,PUTIH + RIB,PUTIH + RIB XL,0,0,0,0,0,0,6382209
